ISO-10303-21;
HEADER;
FILE_DESCRIPTION((''),'2;1');
FILE_NAME('1053121116','2020-11-23T',('gga'),(''),
'PRO/ENGINEER BY PARAMETRIC TECHNOLOGY CORPORATION, 2016010',
'PRO/ENGINEER BY PARAMETRIC TECHNOLOGY CORPORATION, 2016010','');
FILE_SCHEMA(('CONFIG_CONTROL_DESIGN'));
ENDSEC;
DATA;
#1=DIRECTION('',(-1.E0,0.E0,0.E0));
#2=VECTOR('',#1,1.934E1);
#3=CARTESIAN_POINT('',(9.67E0,-2.99E0,-4.23E0));
#4=LINE('',#3,#2);
#5=DIRECTION('',(0.E0,0.E0,-1.E0));
#6=VECTOR('',#5,6.E-1);
#7=CARTESIAN_POINT('',(-9.67E0,-2.99E0,-4.23E0));
#8=LINE('',#7,#6);
#9=DIRECTION('',(1.E0,0.E0,0.E0));
#10=VECTOR('',#9,2.094E1);
#11=CARTESIAN_POINT('',(-1.047E1,-2.99E0,4.23E0));
#12=LINE('',#11,#10);
#13=DIRECTION('',(0.E0,0.E0,-1.E0));
#14=VECTOR('',#13,9.06E0);
#15=CARTESIAN_POINT('',(1.047E1,-2.99E0,4.23E0));
#16=LINE('',#15,#14);
#17=DIRECTION('',(-1.E0,0.E0,0.E0));
#18=VECTOR('',#17,8.E-1);
#19=CARTESIAN_POINT('',(1.161E1,2.39E0,-4.23E0));
#20=LINE('',#19,#18);
#21=DIRECTION('',(0.E0,-1.E0,0.E0));
#22=VECTOR('',#21,6.E-1);
#23=CARTESIAN_POINT('',(1.081E1,2.99E0,-4.23E0));
#24=LINE('',#23,#22);
#25=DIRECTION('',(-1.E0,0.E0,0.E0));
#26=VECTOR('',#25,2.162E1);
#27=CARTESIAN_POINT('',(1.081E1,2.99E0,-4.23E0));
#28=LINE('',#27,#26);
#29=DIRECTION('',(0.E0,-1.E0,0.E0));
#30=VECTOR('',#29,6.E-1);
#31=CARTESIAN_POINT('',(-1.081E1,2.99E0,-4.23E0));
#32=LINE('',#31,#30);
#33=DIRECTION('',(1.E0,0.E0,0.E0));
#34=VECTOR('',#33,8.E-1);
#35=CARTESIAN_POINT('',(-1.161E1,2.39E0,-4.23E0));
#36=LINE('',#35,#34);
#37=DIRECTION('',(0.E0,-1.E0,0.E0));
#38=VECTOR('',#37,6.E-1);
#39=CARTESIAN_POINT('',(-1.161E1,2.99E0,-4.23E0));
#40=LINE('',#39,#38);
#41=DIRECTION('',(-1.E0,0.E0,0.E0));
#42=VECTOR('',#41,2.2E-1);
#43=CARTESIAN_POINT('',(-1.161E1,2.99E0,-4.23E0));
#44=LINE('',#43,#42);
#45=DIRECTION('',(1.E0,0.E0,0.E0));
#46=VECTOR('',#45,8.E-1);
#47=CARTESIAN_POINT('',(-1.047E1,-2.39E0,-4.23E0));
#48=LINE('',#47,#46);
#49=DIRECTION('',(0.E0,1.E0,0.E0));
#50=VECTOR('',#49,6.E-1);
#51=CARTESIAN_POINT('',(-9.67E0,-2.99E0,-4.23E0));
#52=LINE('',#51,#50);
#53=DIRECTION('',(0.E0,1.E0,0.E0));
#54=VECTOR('',#53,6.E-1);
#55=CARTESIAN_POINT('',(9.67E0,-2.99E0,-4.23E0));
#56=LINE('',#55,#54);
#57=DIRECTION('',(1.E0,0.E0,0.E0));
#58=VECTOR('',#57,8.E-1);
#59=CARTESIAN_POINT('',(9.67E0,-2.39E0,-4.23E0));
#60=LINE('',#59,#58);
#61=DIRECTION('',(0.E0,1.E0,0.E0));
#62=VECTOR('',#61,6.8E-1);
#63=CARTESIAN_POINT('',(1.047E1,-2.39E0,-4.23E0));
#64=LINE('',#63,#62);
#65=DIRECTION('',(0.E0,-1.E0,0.E0));
#66=VECTOR('',#65,4.7E0);
#67=CARTESIAN_POINT('',(1.183E1,2.99E0,-4.23E0));
#68=LINE('',#67,#66);
#69=DIRECTION('',(-1.E0,0.E0,0.E0));
#70=VECTOR('',#69,2.2E-1);
#71=CARTESIAN_POINT('',(1.183E1,2.99E0,-4.23E0));
#72=LINE('',#71,#70);
#73=DIRECTION('',(0.E0,-1.E0,0.E0));
#74=VECTOR('',#73,6.E-1);
#75=CARTESIAN_POINT('',(1.161E1,2.99E0,-4.23E0));
#76=LINE('',#75,#74);
#77=DIRECTION('',(0.E0,1.E0,0.E0));
#78=VECTOR('',#77,6.35E-1);
#79=CARTESIAN_POINT('',(8.4325E0,-1.5675E0,-4.23E0));
#80=LINE('',#79,#78);
#81=DIRECTION('',(1.E0,0.E0,0.E0));
#82=VECTOR('',#81,6.35E-1);
#83=CARTESIAN_POINT('',(8.4325E0,-9.325E-1,-4.23E0));
#84=LINE('',#83,#82);
#85=DIRECTION('',(0.E0,1.E0,0.E0));
#86=VECTOR('',#85,6.35E-1);
#87=CARTESIAN_POINT('',(9.0675E0,-1.5675E0,-4.23E0));
#88=LINE('',#87,#86);
#89=DIRECTION('',(1.E0,0.E0,0.E0));
#90=VECTOR('',#89,6.35E-1);
#91=CARTESIAN_POINT('',(8.4325E0,-1.5675E0,-4.23E0));
#92=LINE('',#91,#90);
#93=DIRECTION('',(1.E0,0.E0,0.E0));
#94=VECTOR('',#93,6.35E-1);
#95=CARTESIAN_POINT('',(8.4325E0,9.325E-1,-4.23E0));
#96=LINE('',#95,#94);
#97=DIRECTION('',(0.E0,1.E0,0.E0));
#98=VECTOR('',#97,6.35E-1);
#99=CARTESIAN_POINT('',(8.4325E0,9.325E-1,-4.23E0));
#100=LINE('',#99,#98);
#101=DIRECTION('',(1.E0,0.E0,0.E0));
#102=VECTOR('',#101,6.35E-1);
#103=CARTESIAN_POINT('',(8.4325E0,1.5675E0,-4.23E0));
#104=LINE('',#103,#102);
#105=DIRECTION('',(0.E0,1.E0,0.E0));
#106=VECTOR('',#105,6.35E-1);
#107=CARTESIAN_POINT('',(9.0675E0,9.325E-1,-4.23E0));
#108=LINE('',#107,#106);
#109=DIRECTION('',(0.E0,1.E0,0.E0));
#110=VECTOR('',#109,6.35E-1);
#111=CARTESIAN_POINT('',(5.9325E0,-1.5675E0,-4.23E0));
#112=LINE('',#111,#110);
#113=DIRECTION('',(1.E0,0.E0,0.E0));
#114=VECTOR('',#113,6.35E-1);
#115=CARTESIAN_POINT('',(5.9325E0,-9.325E-1,-4.23E0));
#116=LINE('',#115,#114);
#117=DIRECTION('',(0.E0,1.E0,0.E0));
#118=VECTOR('',#117,6.35E-1);
#119=CARTESIAN_POINT('',(6.5675E0,-1.5675E0,-4.23E0));
#120=LINE('',#119,#118);
#121=DIRECTION('',(1.E0,0.E0,0.E0));
#122=VECTOR('',#121,6.35E-1);
#123=CARTESIAN_POINT('',(5.9325E0,-1.5675E0,-4.23E0));
#124=LINE('',#123,#122);
#125=DIRECTION('',(1.E0,0.E0,0.E0));
#126=VECTOR('',#125,6.35E-1);
#127=CARTESIAN_POINT('',(5.9325E0,9.325E-1,-4.23E0));
#128=LINE('',#127,#126);
#129=DIRECTION('',(0.E0,1.E0,0.E0));
#130=VECTOR('',#129,6.35E-1);
#131=CARTESIAN_POINT('',(5.9325E0,9.325E-1,-4.23E0));
#132=LINE('',#131,#130);
#133=DIRECTION('',(1.E0,0.E0,0.E0));
#134=VECTOR('',#133,6.35E-1);
#135=CARTESIAN_POINT('',(5.9325E0,1.5675E0,-4.23E0));
#136=LINE('',#135,#134);
#137=DIRECTION('',(0.E0,1.E0,0.E0));
#138=VECTOR('',#137,6.35E-1);
#139=CARTESIAN_POINT('',(6.5675E0,9.325E-1,-4.23E0));
#140=LINE('',#139,#138);
#141=DIRECTION('',(0.E0,1.E0,0.E0));
#142=VECTOR('',#141,6.35E-1);
#143=CARTESIAN_POINT('',(3.4325E0,-1.5675E0,-4.23E0));
#144=LINE('',#143,#142);
#145=DIRECTION('',(1.E0,0.E0,0.E0));
#146=VECTOR('',#145,6.35E-1);
#147=CARTESIAN_POINT('',(3.4325E0,-9.325E-1,-4.23E0));
#148=LINE('',#147,#146);
#149=DIRECTION('',(0.E0,1.E0,0.E0));
#150=VECTOR('',#149,6.35E-1);
#151=CARTESIAN_POINT('',(4.0675E0,-1.5675E0,-4.23E0));
#152=LINE('',#151,#150);
#153=DIRECTION('',(1.E0,0.E0,0.E0));
#154=VECTOR('',#153,6.35E-1);
#155=CARTESIAN_POINT('',(3.4325E0,-1.5675E0,-4.23E0));
#156=LINE('',#155,#154);
#157=DIRECTION('',(1.E0,0.E0,0.E0));
#158=VECTOR('',#157,6.35E-1);
#159=CARTESIAN_POINT('',(3.4325E0,9.325E-1,-4.23E0));
#160=LINE('',#159,#158);
#161=DIRECTION('',(0.E0,1.E0,0.E0));
#162=VECTOR('',#161,6.35E-1);
#163=CARTESIAN_POINT('',(3.4325E0,9.325E-1,-4.23E0));
#164=LINE('',#163,#162);
#165=DIRECTION('',(1.E0,0.E0,0.E0));
#166=VECTOR('',#165,6.35E-1);
#167=CARTESIAN_POINT('',(3.4325E0,1.5675E0,-4.23E0));
#168=LINE('',#167,#166);
#169=DIRECTION('',(0.E0,1.E0,0.E0));
#170=VECTOR('',#169,6.35E-1);
#171=CARTESIAN_POINT('',(4.0675E0,9.325E-1,-4.23E0));
#172=LINE('',#171,#170);
#173=DIRECTION('',(0.E0,1.E0,0.E0));
#174=VECTOR('',#173,6.35E-1);
#175=CARTESIAN_POINT('',(9.325E-1,-1.5675E0,-4.23E0));
#176=LINE('',#175,#174);
#177=DIRECTION('',(1.E0,0.E0,0.E0));
#178=VECTOR('',#177,6.35E-1);
#179=CARTESIAN_POINT('',(9.325E-1,-9.325E-1,-4.23E0));
#180=LINE('',#179,#178);
#181=DIRECTION('',(0.E0,1.E0,0.E0));
#182=VECTOR('',#181,6.35E-1);
#183=CARTESIAN_POINT('',(1.5675E0,-1.5675E0,-4.23E0));
#184=LINE('',#183,#182);
#185=DIRECTION('',(1.E0,0.E0,0.E0));
#186=VECTOR('',#185,6.35E-1);
#187=CARTESIAN_POINT('',(9.325E-1,-1.5675E0,-4.23E0));
#188=LINE('',#187,#186);
#189=DIRECTION('',(1.E0,0.E0,0.E0));
#190=VECTOR('',#189,6.35E-1);
#191=CARTESIAN_POINT('',(9.325E-1,9.325E-1,-4.23E0));
#192=LINE('',#191,#190);
#193=DIRECTION('',(0.E0,1.E0,0.E0));
#194=VECTOR('',#193,6.35E-1);
#195=CARTESIAN_POINT('',(9.325E-1,9.325E-1,-4.23E0));
#196=LINE('',#195,#194);
#197=DIRECTION('',(1.E0,0.E0,0.E0));
#198=VECTOR('',#197,6.35E-1);
#199=CARTESIAN_POINT('',(9.325E-1,1.5675E0,-4.23E0));
#200=LINE('',#199,#198);
#201=DIRECTION('',(0.E0,1.E0,0.E0));
#202=VECTOR('',#201,6.35E-1);
#203=CARTESIAN_POINT('',(1.5675E0,9.325E-1,-4.23E0));
#204=LINE('',#203,#202);
#205=DIRECTION('',(0.E0,1.E0,0.E0));
#206=VECTOR('',#205,6.35E-1);
#207=CARTESIAN_POINT('',(-1.5675E0,-1.5675E0,-4.23E0));
#208=LINE('',#207,#206);
#209=DIRECTION('',(1.E0,0.E0,0.E0));
#210=VECTOR('',#209,6.35E-1);
#211=CARTESIAN_POINT('',(-1.5675E0,-9.325E-1,-4.23E0));
#212=LINE('',#211,#210);
#213=DIRECTION('',(0.E0,1.E0,0.E0));
#214=VECTOR('',#213,6.35E-1);
#215=CARTESIAN_POINT('',(-9.325E-1,-1.5675E0,-4.23E0));
#216=LINE('',#215,#214);
#217=DIRECTION('',(1.E0,0.E0,0.E0));
#218=VECTOR('',#217,6.35E-1);
#219=CARTESIAN_POINT('',(-1.5675E0,-1.5675E0,-4.23E0));
#220=LINE('',#219,#218);
#221=DIRECTION('',(1.E0,0.E0,0.E0));
#222=VECTOR('',#221,6.35E-1);
#223=CARTESIAN_POINT('',(-1.5675E0,9.325E-1,-4.23E0));
#224=LINE('',#223,#222);
#225=DIRECTION('',(0.E0,1.E0,0.E0));
#226=VECTOR('',#225,6.35E-1);
#227=CARTESIAN_POINT('',(-1.5675E0,9.325E-1,-4.23E0));
#228=LINE('',#227,#226);
#229=DIRECTION('',(1.E0,0.E0,0.E0));
#230=VECTOR('',#229,6.35E-1);
#231=CARTESIAN_POINT('',(-1.5675E0,1.5675E0,-4.23E0));
#232=LINE('',#231,#230);
#233=DIRECTION('',(0.E0,1.E0,0.E0));
#234=VECTOR('',#233,6.35E-1);
#235=CARTESIAN_POINT('',(-9.325E-1,9.325E-1,-4.23E0));
#236=LINE('',#235,#234);
#237=DIRECTION('',(0.E0,1.E0,0.E0));
#238=VECTOR('',#237,6.35E-1);
#239=CARTESIAN_POINT('',(-4.0675E0,-1.5675E0,-4.23E0));
#240=LINE('',#239,#238);
#241=DIRECTION('',(1.E0,0.E0,0.E0));
#242=VECTOR('',#241,6.35E-1);
#243=CARTESIAN_POINT('',(-4.0675E0,-9.325E-1,-4.23E0));
#244=LINE('',#243,#242);
#245=DIRECTION('',(0.E0,1.E0,0.E0));
#246=VECTOR('',#245,6.35E-1);
#247=CARTESIAN_POINT('',(-3.4325E0,-1.5675E0,-4.23E0));
#248=LINE('',#247,#246);
#249=DIRECTION('',(1.E0,0.E0,0.E0));
#250=VECTOR('',#249,6.35E-1);
#251=CARTESIAN_POINT('',(-4.0675E0,-1.5675E0,-4.23E0));
#252=LINE('',#251,#250);
#253=DIRECTION('',(1.E0,0.E0,0.E0));
#254=VECTOR('',#253,6.35E-1);
#255=CARTESIAN_POINT('',(-4.0675E0,9.325E-1,-4.23E0));
#256=LINE('',#255,#254);
#257=DIRECTION('',(0.E0,1.E0,0.E0));
#258=VECTOR('',#257,6.35E-1);
#259=CARTESIAN_POINT('',(-4.0675E0,9.325E-1,-4.23E0));
#260=LINE('',#259,#258);
#261=DIRECTION('',(1.E0,0.E0,0.E0));
#262=VECTOR('',#261,6.35E-1);
#263=CARTESIAN_POINT('',(-4.0675E0,1.5675E0,-4.23E0));
#264=LINE('',#263,#262);
#265=DIRECTION('',(0.E0,1.E0,0.E0));
#266=VECTOR('',#265,6.35E-1);
#267=CARTESIAN_POINT('',(-3.4325E0,9.325E-1,-4.23E0));
#268=LINE('',#267,#266);
#269=DIRECTION('',(0.E0,1.E0,0.E0));
#270=VECTOR('',#269,6.35E-1);
#271=CARTESIAN_POINT('',(-6.5675E0,-1.5675E0,-4.23E0));
#272=LINE('',#271,#270);
#273=DIRECTION('',(1.E0,0.E0,0.E0));
#274=VECTOR('',#273,6.35E-1);
#275=CARTESIAN_POINT('',(-6.5675E0,-9.325E-1,-4.23E0));
#276=LINE('',#275,#274);
#277=DIRECTION('',(0.E0,1.E0,0.E0));
#278=VECTOR('',#277,6.35E-1);
#279=CARTESIAN_POINT('',(-5.9325E0,-1.5675E0,-4.23E0));
#280=LINE('',#279,#278);
#281=DIRECTION('',(1.E0,0.E0,0.E0));
#282=VECTOR('',#281,6.35E-1);
#283=CARTESIAN_POINT('',(-6.5675E0,-1.5675E0,-4.23E0));
#284=LINE('',#283,#282);
#285=DIRECTION('',(1.E0,0.E0,0.E0));
#286=VECTOR('',#285,6.35E-1);
#287=CARTESIAN_POINT('',(-6.5675E0,9.325E-1,-4.23E0));
#288=LINE('',#287,#286);
#289=DIRECTION('',(0.E0,1.E0,0.E0));
#290=VECTOR('',#289,6.35E-1);
#291=CARTESIAN_POINT('',(-6.5675E0,9.325E-1,-4.23E0));
#292=LINE('',#291,#290);
#293=DIRECTION('',(1.E0,0.E0,0.E0));
#294=VECTOR('',#293,6.35E-1);
#295=CARTESIAN_POINT('',(-6.5675E0,1.5675E0,-4.23E0));
#296=LINE('',#295,#294);
#297=DIRECTION('',(0.E0,1.E0,0.E0));
#298=VECTOR('',#297,6.35E-1);
#299=CARTESIAN_POINT('',(-5.9325E0,9.325E-1,-4.23E0));
#300=LINE('',#299,#298);
#301=DIRECTION('',(0.E0,1.E0,0.E0));
#302=VECTOR('',#301,6.35E-1);
#303=CARTESIAN_POINT('',(-9.0675E0,-1.5675E0,-4.23E0));
#304=LINE('',#303,#302);
#305=DIRECTION('',(1.E0,0.E0,0.E0));
#306=VECTOR('',#305,6.35E-1);
#307=CARTESIAN_POINT('',(-9.0675E0,-9.325E-1,-4.23E0));
#308=LINE('',#307,#306);
#309=DIRECTION('',(0.E0,1.E0,0.E0));
#310=VECTOR('',#309,6.35E-1);
#311=CARTESIAN_POINT('',(-8.4325E0,-1.5675E0,-4.23E0));
#312=LINE('',#311,#310);
#313=DIRECTION('',(1.E0,0.E0,0.E0));
#314=VECTOR('',#313,6.35E-1);
#315=CARTESIAN_POINT('',(-9.0675E0,-1.5675E0,-4.23E0));
#316=LINE('',#315,#314);
#317=DIRECTION('',(0.E0,1.E0,0.E0));
#318=VECTOR('',#317,6.35E-1);
#319=CARTESIAN_POINT('',(-9.0675E0,9.325E-1,-4.23E0));
#320=LINE('',#319,#318);
#321=DIRECTION('',(1.E0,0.E0,0.E0));
#322=VECTOR('',#321,6.35E-1);
#323=CARTESIAN_POINT('',(-9.0675E0,1.5675E0,-4.23E0));
#324=LINE('',#323,#322);
#325=DIRECTION('',(0.E0,1.E0,0.E0));
#326=VECTOR('',#325,6.35E-1);
#327=CARTESIAN_POINT('',(-8.4325E0,9.325E-1,-4.23E0));
#328=LINE('',#327,#326);
#329=DIRECTION('',(1.E0,0.E0,0.E0));
#330=VECTOR('',#329,6.35E-1);
#331=CARTESIAN_POINT('',(-9.0675E0,9.325E-1,-4.23E0));
#332=LINE('',#331,#330);
#333=DIRECTION('',(0.E0,-1.E0,0.E0));
#334=VECTOR('',#333,4.253088039802E-1);
#335=CARTESIAN_POINT('',(1.067E1,1.685308803980E0,-4.23E0));
#336=LINE('',#335,#334);
#337=DIRECTION('',(1.E0,0.E0,0.E0));
#338=VECTOR('',#337,5.E-1);
#339=CARTESIAN_POINT('',(1.067E1,1.685308803980E0,-4.23E0));
#340=LINE('',#339,#338);
#341=DIRECTION('',(0.E0,-1.E0,0.E0));
#342=VECTOR('',#341,4.253088039802E-1);
#343=CARTESIAN_POINT('',(1.117E1,1.685308803980E0,-4.23E0));
#344=LINE('',#343,#342);
#345=DIRECTION('',(1.E0,0.E0,0.E0));
#346=VECTOR('',#345,5.E-1);
#347=CARTESIAN_POINT('',(1.067E1,1.26E0,-4.23E0));
#348=LINE('',#347,#346);
#349=DIRECTION('',(0.E0,-1.E0,0.E0));
#350=VECTOR('',#349,4.253088039802E-1);
#351=CARTESIAN_POINT('',(1.067E1,6.6E-1,-4.23E0));
#352=LINE('',#351,#350);
#353=DIRECTION('',(1.E0,0.E0,0.E0));
#354=VECTOR('',#353,5.E-1);
#355=CARTESIAN_POINT('',(1.067E1,6.6E-1,-4.23E0));
#356=LINE('',#355,#354);
#357=DIRECTION('',(0.E0,-1.E0,0.E0));
#358=VECTOR('',#357,4.253088039802E-1);
#359=CARTESIAN_POINT('',(1.117E1,6.6E-1,-4.23E0));
#360=LINE('',#359,#358);
#361=DIRECTION('',(1.E0,0.E0,0.E0));
#362=VECTOR('',#361,5.E-1);
#363=CARTESIAN_POINT('',(1.067E1,2.346911960198E-1,-4.23E0));
#364=LINE('',#363,#362);
#365=DIRECTION('',(0.E0,-1.E0,0.E0));
#366=VECTOR('',#365,4.253088039802E-1);
#367=CARTESIAN_POINT('',(-1.067E1,1.685308803980E0,-4.23E0));
#368=LINE('',#367,#366);
#369=DIRECTION('',(-1.E0,0.E0,0.E0));
#370=VECTOR('',#369,5.E-1);
#371=CARTESIAN_POINT('',(-1.067E1,1.26E0,-4.23E0));
#372=LINE('',#371,#370);
#373=DIRECTION('',(0.E0,-1.E0,0.E0));
#374=VECTOR('',#373,4.253088039802E-1);
#375=CARTESIAN_POINT('',(-1.117E1,1.685308803980E0,-4.23E0));
#376=LINE('',#375,#374);
#377=DIRECTION('',(-1.E0,0.E0,0.E0));
#378=VECTOR('',#377,5.E-1);
#379=CARTESIAN_POINT('',(-1.067E1,1.685308803980E0,-4.23E0));
#380=LINE('',#379,#378);
#381=DIRECTION('',(0.E0,-1.E0,0.E0));
#382=VECTOR('',#381,4.253088039802E-1);
#383=CARTESIAN_POINT('',(-1.067E1,6.6E-1,-4.23E0));
#384=LINE('',#383,#382);
#385=DIRECTION('',(-1.E0,0.E0,0.E0));
#386=VECTOR('',#385,5.E-1);
#387=CARTESIAN_POINT('',(-1.067E1,2.346911960198E-1,-4.23E0));
#388=LINE('',#387,#386);
#389=DIRECTION('',(0.E0,-1.E0,0.E0));
#390=VECTOR('',#389,4.253088039802E-1);
#391=CARTESIAN_POINT('',(-1.117E1,6.6E-1,-4.23E0));
#392=LINE('',#391,#390);
#393=DIRECTION('',(-1.E0,0.E0,0.E0));
#394=VECTOR('',#393,5.E-1);
#395=CARTESIAN_POINT('',(-1.067E1,6.6E-1,-4.23E0));
#396=LINE('',#395,#394);
#397=DIRECTION('',(0.E0,0.E0,-1.E0));
#398=VECTOR('',#397,6.E-1);
#399=CARTESIAN_POINT('',(1.161E1,2.39E0,-4.23E0));
#400=LINE('',#399,#398);
#401=DIRECTION('',(0.E0,0.E0,-1.E0));
#402=VECTOR('',#401,6.E-1);
#403=CARTESIAN_POINT('',(1.161E1,2.99E0,-4.23E0));
#404=LINE('',#403,#402);
#405=DIRECTION('',(0.E0,0.E0,-1.E0));
#406=VECTOR('',#405,6.E-1);
#407=CARTESIAN_POINT('',(-1.161E1,2.99E0,-4.23E0));
#408=LINE('',#407,#406);
#409=DIRECTION('',(0.E0,0.E0,-1.E0));
#410=VECTOR('',#409,6.E-1);
#411=CARTESIAN_POINT('',(1.081E1,2.99E0,-4.23E0));
#412=LINE('',#411,#410);
#413=DIRECTION('',(0.E0,0.E0,-1.E0));
#414=VECTOR('',#413,3.22E0);
#415=CARTESIAN_POINT('',(1.183E1,2.99E0,-1.01E0));
#416=LINE('',#415,#414);
#417=DIRECTION('',(7.498378553651E-1,0.E0,-6.616216370868E-1));
#418=VECTOR('',#417,1.813725447801E0);
#419=CARTESIAN_POINT('',(1.047E1,2.99E0,1.9E-1));
#420=LINE('',#419,#418);
#421=DIRECTION('',(0.E0,0.E0,-1.E0));
#422=VECTOR('',#421,4.04E0);
#423=CARTESIAN_POINT('',(1.047E1,2.99E0,4.23E0));
#424=LINE('',#423,#422);
#425=DIRECTION('',(1.E0,0.E0,0.E0));
#426=VECTOR('',#425,7.87E0);
#427=CARTESIAN_POINT('',(2.6E0,2.99E0,4.23E0));
#428=LINE('',#427,#426);
#429=DIRECTION('',(0.E0,0.E0,-1.E0));
#430=VECTOR('',#429,4.81E0);
#431=CARTESIAN_POINT('',(2.6E0,2.99E0,4.23E0));
#432=LINE('',#431,#430);
#433=DIRECTION('',(1.E0,0.E0,0.E0));
#434=VECTOR('',#433,4.8E0);
#435=CARTESIAN_POINT('',(-2.4E0,2.99E0,-7.8E-1));
#436=LINE('',#435,#434);
#437=DIRECTION('',(0.E0,0.E0,-1.E0));
#438=VECTOR('',#437,4.81E0);
#439=CARTESIAN_POINT('',(-2.6E0,2.99E0,4.23E0));
#440=LINE('',#439,#438);
#441=DIRECTION('',(1.E0,0.E0,0.E0));
#442=VECTOR('',#441,7.87E0);
#443=CARTESIAN_POINT('',(-1.047E1,2.99E0,4.23E0));
#444=LINE('',#443,#442);
#445=DIRECTION('',(0.E0,0.E0,1.E0));
#446=VECTOR('',#445,4.04E0);
#447=CARTESIAN_POINT('',(-1.047E1,2.99E0,1.9E-1));
#448=LINE('',#447,#446);
#449=DIRECTION('',(7.498378553651E-1,0.E0,6.616216370868E-1));
#450=VECTOR('',#449,1.813725447801E0);
#451=CARTESIAN_POINT('',(-1.183E1,2.99E0,-1.01E0));
#452=LINE('',#451,#450);
#453=DIRECTION('',(0.E0,0.E0,1.E0));
#454=VECTOR('',#453,3.22E0);
#455=CARTESIAN_POINT('',(-1.183E1,2.99E0,-4.23E0));
#456=LINE('',#455,#454);
#457=DIRECTION('',(0.E0,0.E0,-1.E0));
#458=VECTOR('',#457,6.E-1);
#459=CARTESIAN_POINT('',(-1.161E1,2.39E0,-4.23E0));
#460=LINE('',#459,#458);
#461=DIRECTION('',(0.E0,0.E0,-1.E0));
#462=VECTOR('',#461,6.E-1);
#463=CARTESIAN_POINT('',(-1.081E1,2.39E0,-4.23E0));
#464=LINE('',#463,#462);
#465=DIRECTION('',(0.E0,0.E0,-1.E0));
#466=VECTOR('',#465,6.E-1);
#467=CARTESIAN_POINT('',(-1.081E1,2.99E0,-4.23E0));
#468=LINE('',#467,#466);
#469=DIRECTION('',(0.E0,-1.E0,0.E0));
#470=VECTOR('',#469,6.E-1);
#471=CARTESIAN_POINT('',(1.161E1,2.99E0,-4.83E0));
#472=LINE('',#471,#470);
#473=DIRECTION('',(1.E0,0.E0,0.E0));
#474=VECTOR('',#473,8.E-1);
#475=CARTESIAN_POINT('',(1.081E1,2.99E0,-4.83E0));
#476=LINE('',#475,#474);
#477=DIRECTION('',(0.E0,1.E0,0.E0));
#478=VECTOR('',#477,6.E-1);
#479=CARTESIAN_POINT('',(1.081E1,2.39E0,-4.83E0));
#480=LINE('',#479,#478);
#481=DIRECTION('',(-1.E0,0.E0,0.E0));
#482=VECTOR('',#481,8.E-1);
#483=CARTESIAN_POINT('',(1.161E1,2.39E0,-4.83E0));
#484=LINE('',#483,#482);
#485=DIRECTION('',(1.E0,0.E0,0.E0));
#486=VECTOR('',#485,8.E-1);
#487=CARTESIAN_POINT('',(-1.161E1,2.99E0,-4.83E0));
#488=LINE('',#487,#486);
#489=DIRECTION('',(0.E0,1.E0,0.E0));
#490=VECTOR('',#489,6.E-1);
#491=CARTESIAN_POINT('',(-1.161E1,2.39E0,-4.83E0));
#492=LINE('',#491,#490);
#493=DIRECTION('',(-1.E0,0.E0,0.E0));
#494=VECTOR('',#493,8.E-1);
#495=CARTESIAN_POINT('',(-1.081E1,2.39E0,-4.83E0));
#496=LINE('',#495,#494);
#497=DIRECTION('',(0.E0,-1.E0,0.E0));
#498=VECTOR('',#497,6.E-1);
#499=CARTESIAN_POINT('',(-1.081E1,2.99E0,-4.83E0));
#500=LINE('',#499,#498);
#501=DIRECTION('',(0.E0,-1.E0,0.E0));
#502=VECTOR('',#501,6.E-1);
#503=CARTESIAN_POINT('',(1.047E1,-2.39E0,-4.83E0));
#504=LINE('',#503,#502);
#505=DIRECTION('',(1.E0,0.E0,0.E0));
#506=VECTOR('',#505,8.E-1);
#507=CARTESIAN_POINT('',(9.67E0,-2.39E0,-4.83E0));
#508=LINE('',#507,#506);
#509=DIRECTION('',(0.E0,1.E0,0.E0));
#510=VECTOR('',#509,6.E-1);
#511=CARTESIAN_POINT('',(9.67E0,-2.99E0,-4.83E0));
#512=LINE('',#511,#510);
#513=DIRECTION('',(-1.E0,0.E0,0.E0));
#514=VECTOR('',#513,8.E-1);
#515=CARTESIAN_POINT('',(1.047E1,-2.99E0,-4.83E0));
#516=LINE('',#515,#514);
#517=DIRECTION('',(1.E0,0.E0,0.E0));
#518=VECTOR('',#517,8.E-1);
#519=CARTESIAN_POINT('',(-1.047E1,-2.39E0,-4.83E0));
#520=LINE('',#519,#518);
#521=DIRECTION('',(0.E0,1.E0,0.E0));
#522=VECTOR('',#521,6.E-1);
#523=CARTESIAN_POINT('',(-1.047E1,-2.99E0,-4.83E0));
#524=LINE('',#523,#522);
#525=DIRECTION('',(-1.E0,0.E0,0.E0));
#526=VECTOR('',#525,8.E-1);
#527=CARTESIAN_POINT('',(-9.67E0,-2.99E0,-4.83E0));
#528=LINE('',#527,#526);
#529=DIRECTION('',(0.E0,-1.E0,0.E0));
#530=VECTOR('',#529,6.E-1);
#531=CARTESIAN_POINT('',(-9.67E0,-2.39E0,-4.83E0));
#532=LINE('',#531,#530);
#533=DIRECTION('',(0.E0,0.E0,-1.E0));
#534=VECTOR('',#533,6.E-1);
#535=CARTESIAN_POINT('',(1.081E1,2.39E0,-4.23E0));
#536=LINE('',#535,#534);
#537=DIRECTION('',(0.E0,-1.E0,0.E0));
#538=VECTOR('',#537,6.E-1);
#539=CARTESIAN_POINT('',(1.047E1,2.99E0,1.9E-1));
#540=LINE('',#539,#538);
#541=DIRECTION('',(0.E0,0.E0,-1.E0));
#542=VECTOR('',#541,1.2E0);
#543=CARTESIAN_POINT('',(1.047E1,2.39E0,1.9E-1));
#544=LINE('',#543,#542);
#545=DIRECTION('',(0.E0,-1.E0,0.E0));
#546=VECTOR('',#545,6.E-1);
#547=CARTESIAN_POINT('',(1.047E1,-1.11E0,1.9E-1));
#548=LINE('',#547,#546);
#549=DIRECTION('',(0.E0,0.E0,-1.E0));
#550=VECTOR('',#549,4.42E0);
#551=CARTESIAN_POINT('',(1.047E1,-1.71E0,1.9E-1));
#552=LINE('',#551,#550);
#553=DIRECTION('',(0.E0,0.E0,-1.E0));
#554=VECTOR('',#553,6.E-1);
#555=CARTESIAN_POINT('',(1.047E1,-2.39E0,-4.23E0));
#556=LINE('',#555,#554);
#557=DIRECTION('',(0.E0,1.E0,0.E0));
#558=VECTOR('',#557,5.98E0);
#559=CARTESIAN_POINT('',(1.047E1,-2.99E0,4.23E0));
#560=LINE('',#559,#558);
#561=DIRECTION('',(7.498378553651E-1,0.E0,-6.616216370868E-1));
#562=VECTOR('',#561,1.813725447801E0);
#563=CARTESIAN_POINT('',(1.047E1,2.39E0,1.9E-1));
#564=LINE('',#563,#562);
#565=DIRECTION('',(7.498378553651E-1,0.E0,-6.616216370868E-1));
#566=VECTOR('',#565,1.813725447801E0);
#567=CARTESIAN_POINT('',(1.047E1,-1.11E0,1.9E-1));
#568=LINE('',#567,#566);
#569=DIRECTION('',(-1.E0,0.E0,0.E0));
#570=VECTOR('',#569,1.36E0);
#571=CARTESIAN_POINT('',(-1.047E1,2.39E0,-1.01E0));
#572=LINE('',#571,#570);
#573=DIRECTION('',(0.E0,1.E0,0.E0));
#574=VECTOR('',#573,3.5E0);
#575=CARTESIAN_POINT('',(-1.047E1,-1.11E0,-1.01E0));
#576=LINE('',#575,#574);
#577=DIRECTION('',(1.E0,0.E0,0.E0));
#578=VECTOR('',#577,1.36E0);
#579=CARTESIAN_POINT('',(-1.183E1,-1.11E0,-1.01E0));
#580=LINE('',#579,#578);
#581=DIRECTION('',(1.E0,0.E0,0.E0));
#582=VECTOR('',#581,1.36E0);
#583=CARTESIAN_POINT('',(1.047E1,-1.11E0,-1.01E0));
#584=LINE('',#583,#582);
#585=DIRECTION('',(0.E0,-1.E0,0.E0));
#586=VECTOR('',#585,3.5E0);
#587=CARTESIAN_POINT('',(1.047E1,2.39E0,-1.01E0));
#588=LINE('',#587,#586);
#589=DIRECTION('',(-1.E0,0.E0,0.E0));
#590=VECTOR('',#589,1.36E0);
#591=CARTESIAN_POINT('',(1.183E1,2.39E0,-1.01E0));
#592=LINE('',#591,#590);
#593=DIRECTION('',(0.E0,1.E0,0.E0));
#594=VECTOR('',#593,3.5E0);
#595=CARTESIAN_POINT('',(-1.183E1,-1.11E0,-1.01E0));
#596=LINE('',#595,#594);
#597=DIRECTION('',(0.E0,-1.E0,0.E0));
#598=VECTOR('',#597,4.7E0);
#599=CARTESIAN_POINT('',(-1.183E1,2.99E0,-4.23E0));
#600=LINE('',#599,#598);
#601=DIRECTION('',(7.498378553651E-1,0.E0,6.616216370868E-1));
#602=VECTOR('',#601,1.813725447801E0);
#603=CARTESIAN_POINT('',(-1.183E1,-1.11E0,-1.01E0));
#604=LINE('',#603,#602);
#605=DIRECTION('',(0.E0,-1.E0,0.E0));
#606=VECTOR('',#605,6.E-1);
#607=CARTESIAN_POINT('',(-1.183E1,-1.11E0,-1.01E0));
#608=LINE('',#607,#606);
#609=DIRECTION('',(7.498378553651E-1,0.E0,6.616216370868E-1));
#610=VECTOR('',#609,1.813725447801E0);
#611=CARTESIAN_POINT('',(-1.183E1,2.39E0,-1.01E0));
#612=LINE('',#611,#610);
#613=DIRECTION('',(0.E0,-1.E0,0.E0));
#614=VECTOR('',#613,6.E-1);
#615=CARTESIAN_POINT('',(-1.183E1,2.99E0,-1.01E0));
#616=LINE('',#615,#614);
#617=DIRECTION('',(0.E0,-1.E0,0.E0));
#618=VECTOR('',#617,6.E-1);
#619=CARTESIAN_POINT('',(-1.047E1,-1.11E0,1.9E-1));
#620=LINE('',#619,#618);
#621=DIRECTION('',(0.E0,0.E0,-1.E0));
#622=VECTOR('',#621,1.2E0);
#623=CARTESIAN_POINT('',(-1.047E1,-1.11E0,1.9E-1));
#624=LINE('',#623,#622);
#625=DIRECTION('',(0.E0,-1.E0,0.E0));
#626=VECTOR('',#625,6.E-1);
#627=CARTESIAN_POINT('',(-1.047E1,2.99E0,1.9E-1));
#628=LINE('',#627,#626);
#629=DIRECTION('',(0.E0,0.E0,-1.E0));
#630=VECTOR('',#629,9.06E0);
#631=CARTESIAN_POINT('',(-1.047E1,-2.99E0,4.23E0));
#632=LINE('',#631,#630);
#633=DIRECTION('',(0.E0,1.E0,0.E0));
#634=VECTOR('',#633,6.8E-1);
#635=CARTESIAN_POINT('',(-1.047E1,-2.39E0,-4.23E0));
#636=LINE('',#635,#634);
#637=DIRECTION('',(0.E0,0.E0,-1.E0));
#638=VECTOR('',#637,4.42E0);
#639=CARTESIAN_POINT('',(-1.047E1,-1.71E0,1.9E-1));
#640=LINE('',#639,#638);
#641=DIRECTION('',(0.E0,0.E0,-1.E0));
#642=VECTOR('',#641,1.2E0);
#643=CARTESIAN_POINT('',(-1.047E1,2.39E0,1.9E-1));
#644=LINE('',#643,#642);
#645=DIRECTION('',(0.E0,-1.E0,0.E0));
#646=VECTOR('',#645,2.19E0);
#647=CARTESIAN_POINT('',(5.14E0,2.345E0,4.23E0));
#648=LINE('',#647,#646);
#649=DIRECTION('',(1.E0,0.E0,0.E0));
#650=VECTOR('',#649,2.22E0);
#651=CARTESIAN_POINT('',(5.14E0,1.55E-1,4.23E0));
#652=LINE('',#651,#650);
#653=DIRECTION('',(0.E0,1.E0,0.E0));
#654=VECTOR('',#653,2.19E0);
#655=CARTESIAN_POINT('',(7.36E0,1.55E-1,4.23E0));
#656=LINE('',#655,#654);
#657=DIRECTION('',(-1.E0,0.E0,0.E0));
#658=VECTOR('',#657,2.22E0);
#659=CARTESIAN_POINT('',(7.36E0,2.345E0,4.23E0));
#660=LINE('',#659,#658);
#661=DIRECTION('',(1.E0,0.E0,0.E0));
#662=VECTOR('',#661,2.22E0);
#663=CARTESIAN_POINT('',(5.14E0,-2.345E0,4.23E0));
#664=LINE('',#663,#662);
#665=DIRECTION('',(0.E0,1.E0,0.E0));
#666=VECTOR('',#665,2.19E0);
#667=CARTESIAN_POINT('',(7.36E0,-2.345E0,4.23E0));
#668=LINE('',#667,#666);
#669=DIRECTION('',(-1.E0,0.E0,0.E0));
#670=VECTOR('',#669,2.22E0);
#671=CARTESIAN_POINT('',(7.36E0,-1.55E-1,4.23E0));
#672=LINE('',#671,#670);
#673=DIRECTION('',(0.E0,-1.E0,0.E0));
#674=VECTOR('',#673,2.19E0);
#675=CARTESIAN_POINT('',(5.14E0,-1.55E-1,4.23E0));
#676=LINE('',#675,#674);
#677=DIRECTION('',(0.E0,-1.E0,0.E0));
#678=VECTOR('',#677,2.19E0);
#679=CARTESIAN_POINT('',(2.64E0,2.345E0,4.23E0));
#680=LINE('',#679,#678);
#681=DIRECTION('',(1.E0,0.E0,0.E0));
#682=VECTOR('',#681,2.22E0);
#683=CARTESIAN_POINT('',(2.64E0,1.55E-1,4.23E0));
#684=LINE('',#683,#682);
#685=DIRECTION('',(0.E0,1.E0,0.E0));
#686=VECTOR('',#685,2.19E0);
#687=CARTESIAN_POINT('',(4.86E0,1.55E-1,4.23E0));
#688=LINE('',#687,#686);
#689=DIRECTION('',(-1.E0,0.E0,0.E0));
#690=VECTOR('',#689,2.22E0);
#691=CARTESIAN_POINT('',(4.86E0,2.345E0,4.23E0));
#692=LINE('',#691,#690);
#693=DIRECTION('',(1.E0,0.E0,0.E0));
#694=VECTOR('',#693,2.22E0);
#695=CARTESIAN_POINT('',(2.64E0,-2.345E0,4.23E0));
#696=LINE('',#695,#694);
#697=DIRECTION('',(0.E0,1.E0,0.E0));
#698=VECTOR('',#697,2.19E0);
#699=CARTESIAN_POINT('',(4.86E0,-2.345E0,4.23E0));
#700=LINE('',#699,#698);
#701=DIRECTION('',(-1.E0,0.E0,0.E0));
#702=VECTOR('',#701,2.22E0);
#703=CARTESIAN_POINT('',(4.86E0,-1.55E-1,4.23E0));
#704=LINE('',#703,#702);
#705=DIRECTION('',(0.E0,-1.E0,0.E0));
#706=VECTOR('',#705,2.19E0);
#707=CARTESIAN_POINT('',(2.64E0,-1.55E-1,4.23E0));
#708=LINE('',#707,#706);
#709=DIRECTION('',(1.E0,0.E0,0.E0));
#710=VECTOR('',#709,2.22E0);
#711=CARTESIAN_POINT('',(1.4E-1,-2.345E0,4.23E0));
#712=LINE('',#711,#710);
#713=DIRECTION('',(0.E0,1.E0,0.E0));
#714=VECTOR('',#713,2.19E0);
#715=CARTESIAN_POINT('',(2.36E0,-2.345E0,4.23E0));
#716=LINE('',#715,#714);
#717=DIRECTION('',(-1.E0,0.E0,0.E0));
#718=VECTOR('',#717,2.22E0);
#719=CARTESIAN_POINT('',(2.36E0,-1.55E-1,4.23E0));
#720=LINE('',#719,#718);
#721=DIRECTION('',(0.E0,-1.E0,0.E0));
#722=VECTOR('',#721,2.19E0);
#723=CARTESIAN_POINT('',(1.4E-1,-1.55E-1,4.23E0));
#724=LINE('',#723,#722);
#725=DIRECTION('',(1.E0,0.E0,0.E0));
#726=VECTOR('',#725,2.22E0);
#727=CARTESIAN_POINT('',(-2.36E0,-2.345E0,4.23E0));
#728=LINE('',#727,#726);
#729=DIRECTION('',(0.E0,1.E0,0.E0));
#730=VECTOR('',#729,2.19E0);
#731=CARTESIAN_POINT('',(-1.4E-1,-2.345E0,4.23E0));
#732=LINE('',#731,#730);
#733=DIRECTION('',(-1.E0,0.E0,0.E0));
#734=VECTOR('',#733,2.22E0);
#735=CARTESIAN_POINT('',(-1.4E-1,-1.55E-1,4.23E0));
#736=LINE('',#735,#734);
#737=DIRECTION('',(0.E0,-1.E0,0.E0));
#738=VECTOR('',#737,2.19E0);
#739=CARTESIAN_POINT('',(-2.36E0,-1.55E-1,4.23E0));
#740=LINE('',#739,#738);
#741=DIRECTION('',(0.E0,-1.E0,0.E0));
#742=VECTOR('',#741,2.19E0);
#743=CARTESIAN_POINT('',(-4.86E0,2.345E0,4.23E0));
#744=LINE('',#743,#742);
#745=DIRECTION('',(1.E0,0.E0,0.E0));
#746=VECTOR('',#745,2.22E0);
#747=CARTESIAN_POINT('',(-4.86E0,1.55E-1,4.23E0));
#748=LINE('',#747,#746);
#749=DIRECTION('',(0.E0,1.E0,0.E0));
#750=VECTOR('',#749,2.19E0);
#751=CARTESIAN_POINT('',(-2.64E0,1.55E-1,4.23E0));
#752=LINE('',#751,#750);
#753=DIRECTION('',(-1.E0,0.E0,0.E0));
#754=VECTOR('',#753,2.22E0);
#755=CARTESIAN_POINT('',(-2.64E0,2.345E0,4.23E0));
#756=LINE('',#755,#754);
#757=DIRECTION('',(1.E0,0.E0,0.E0));
#758=VECTOR('',#757,2.22E0);
#759=CARTESIAN_POINT('',(-4.86E0,-2.345E0,4.23E0));
#760=LINE('',#759,#758);
#761=DIRECTION('',(0.E0,1.E0,0.E0));
#762=VECTOR('',#761,2.19E0);
#763=CARTESIAN_POINT('',(-2.64E0,-2.345E0,4.23E0));
#764=LINE('',#763,#762);
#765=DIRECTION('',(-1.E0,0.E0,0.E0));
#766=VECTOR('',#765,2.22E0);
#767=CARTESIAN_POINT('',(-2.64E0,-1.55E-1,4.23E0));
#768=LINE('',#767,#766);
#769=DIRECTION('',(0.E0,-1.E0,0.E0));
#770=VECTOR('',#769,2.19E0);
#771=CARTESIAN_POINT('',(-4.86E0,-1.55E-1,4.23E0));
#772=LINE('',#771,#770);
#773=DIRECTION('',(0.E0,-1.E0,0.E0));
#774=VECTOR('',#773,2.19E0);
#775=CARTESIAN_POINT('',(-7.36E0,2.345E0,4.23E0));
#776=LINE('',#775,#774);
#777=DIRECTION('',(1.E0,0.E0,0.E0));
#778=VECTOR('',#777,2.22E0);
#779=CARTESIAN_POINT('',(-7.36E0,1.55E-1,4.23E0));
#780=LINE('',#779,#778);
#781=DIRECTION('',(0.E0,1.E0,0.E0));
#782=VECTOR('',#781,2.19E0);
#783=CARTESIAN_POINT('',(-5.14E0,1.55E-1,4.23E0));
#784=LINE('',#783,#782);
#785=DIRECTION('',(-1.E0,0.E0,0.E0));
#786=VECTOR('',#785,2.22E0);
#787=CARTESIAN_POINT('',(-5.14E0,2.345E0,4.23E0));
#788=LINE('',#787,#786);
#789=DIRECTION('',(1.E0,0.E0,0.E0));
#790=VECTOR('',#789,2.22E0);
#791=CARTESIAN_POINT('',(-7.36E0,-2.345E0,4.23E0));
#792=LINE('',#791,#790);
#793=DIRECTION('',(0.E0,1.E0,0.E0));
#794=VECTOR('',#793,2.19E0);
#795=CARTESIAN_POINT('',(-5.14E0,-2.345E0,4.23E0));
#796=LINE('',#795,#794);
#797=DIRECTION('',(-1.E0,0.E0,0.E0));
#798=VECTOR('',#797,2.22E0);
#799=CARTESIAN_POINT('',(-5.14E0,-1.55E-1,4.23E0));
#800=LINE('',#799,#798);
#801=DIRECTION('',(0.E0,-1.E0,0.E0));
#802=VECTOR('',#801,2.19E0);
#803=CARTESIAN_POINT('',(-7.36E0,-1.55E-1,4.23E0));
#804=LINE('',#803,#802);
#805=DIRECTION('',(0.E0,-1.E0,0.E0));
#806=VECTOR('',#805,2.19E0);
#807=CARTESIAN_POINT('',(-9.86E0,2.345E0,4.23E0));
#808=LINE('',#807,#806);
#809=DIRECTION('',(1.E0,0.E0,0.E0));
#810=VECTOR('',#809,2.22E0);
#811=CARTESIAN_POINT('',(-9.86E0,1.55E-1,4.23E0));
#812=LINE('',#811,#810);
#813=DIRECTION('',(0.E0,1.E0,0.E0));
#814=VECTOR('',#813,2.19E0);
#815=CARTESIAN_POINT('',(-7.64E0,1.55E-1,4.23E0));
#816=LINE('',#815,#814);
#817=DIRECTION('',(-1.E0,0.E0,0.E0));
#818=VECTOR('',#817,2.22E0);
#819=CARTESIAN_POINT('',(-7.64E0,2.345E0,4.23E0));
#820=LINE('',#819,#818);
#821=DIRECTION('',(1.E0,0.E0,0.E0));
#822=VECTOR('',#821,2.22E0);
#823=CARTESIAN_POINT('',(-9.86E0,-2.345E0,4.23E0));
#824=LINE('',#823,#822);
#825=DIRECTION('',(0.E0,1.E0,0.E0));
#826=VECTOR('',#825,2.19E0);
#827=CARTESIAN_POINT('',(-7.64E0,-2.345E0,4.23E0));
#828=LINE('',#827,#826);
#829=DIRECTION('',(-1.E0,0.E0,0.E0));
#830=VECTOR('',#829,2.22E0);
#831=CARTESIAN_POINT('',(-7.64E0,-1.55E-1,4.23E0));
#832=LINE('',#831,#830);
#833=DIRECTION('',(0.E0,-1.E0,0.E0));
#834=VECTOR('',#833,2.19E0);
#835=CARTESIAN_POINT('',(-9.86E0,-1.55E-1,4.23E0));
#836=LINE('',#835,#834);
#837=DIRECTION('',(1.E0,0.E0,0.E0));
#838=VECTOR('',#837,9.1E-1);
#839=CARTESIAN_POINT('',(7.64E0,1.55E-1,4.23E0));
#840=LINE('',#839,#838);
#841=DIRECTION('',(0.E0,1.E0,0.E0));
#842=VECTOR('',#841,3.1E-1);
#843=CARTESIAN_POINT('',(8.55E0,-1.55E-1,4.23E0));
#844=LINE('',#843,#842);
#845=DIRECTION('',(-1.E0,0.E0,0.E0));
#846=VECTOR('',#845,9.1E-1);
#847=CARTESIAN_POINT('',(8.55E0,-1.55E-1,4.23E0));
#848=LINE('',#847,#846);
#849=DIRECTION('',(0.E0,-1.E0,0.E0));
#850=VECTOR('',#849,2.19E0);
#851=CARTESIAN_POINT('',(7.64E0,-1.55E-1,4.23E0));
#852=LINE('',#851,#850);
#853=DIRECTION('',(1.E0,0.E0,0.E0));
#854=VECTOR('',#853,2.22E0);
#855=CARTESIAN_POINT('',(7.64E0,-2.345E0,4.23E0));
#856=LINE('',#855,#854);
#857=DIRECTION('',(-1.E0,0.E0,0.E0));
#858=VECTOR('',#857,2.22E0);
#859=CARTESIAN_POINT('',(9.86E0,2.345E0,4.23E0));
#860=LINE('',#859,#858);
#861=DIRECTION('',(0.E0,-1.E0,0.E0));
#862=VECTOR('',#861,2.19E0);
#863=CARTESIAN_POINT('',(7.64E0,2.345E0,4.23E0));
#864=LINE('',#863,#862);
#865=DIRECTION('',(0.E0,-1.E0,0.E0));
#866=VECTOR('',#865,1.465E0);
#867=CARTESIAN_POINT('',(-2.2E0,3.81E0,4.23E0));
#868=LINE('',#867,#866);
#869=DIRECTION('',(-1.E0,0.E0,0.E0));
#870=VECTOR('',#869,1.6E-1);
#871=CARTESIAN_POINT('',(-2.2E0,2.345E0,4.23E0));
#872=LINE('',#871,#870);
#873=DIRECTION('',(0.E0,-1.E0,0.E0));
#874=VECTOR('',#873,2.19E0);
#875=CARTESIAN_POINT('',(-2.36E0,2.345E0,4.23E0));
#876=LINE('',#875,#874);
#877=DIRECTION('',(1.E0,0.E0,0.E0));
#878=VECTOR('',#877,2.22E0);
#879=CARTESIAN_POINT('',(-2.36E0,1.55E-1,4.23E0));
#880=LINE('',#879,#878);
#881=DIRECTION('',(0.E0,1.E0,0.E0));
#882=VECTOR('',#881,2.19E0);
#883=CARTESIAN_POINT('',(-1.4E-1,1.55E-1,4.23E0));
#884=LINE('',#883,#882);
#885=DIRECTION('',(-1.E0,0.E0,0.E0));
#886=VECTOR('',#885,1.19E0);
#887=CARTESIAN_POINT('',(-1.4E-1,2.345E0,4.23E0));
#888=LINE('',#887,#886);
#889=DIRECTION('',(0.E0,1.E0,0.E0));
#890=VECTOR('',#889,2.8E-1);
#891=CARTESIAN_POINT('',(-1.33E0,2.345E0,4.23E0));
#892=LINE('',#891,#890);
#893=DIRECTION('',(1.E0,0.E0,0.E0));
#894=VECTOR('',#893,2.66E0);
#895=CARTESIAN_POINT('',(-1.33E0,2.625E0,4.23E0));
#896=LINE('',#895,#894);
#897=DIRECTION('',(0.E0,-1.E0,0.E0));
#898=VECTOR('',#897,2.8E-1);
#899=CARTESIAN_POINT('',(1.33E0,2.625E0,4.23E0));
#900=LINE('',#899,#898);
#901=DIRECTION('',(-1.E0,0.E0,0.E0));
#902=VECTOR('',#901,1.19E0);
#903=CARTESIAN_POINT('',(1.33E0,2.345E0,4.23E0));
#904=LINE('',#903,#902);
#905=DIRECTION('',(0.E0,-1.E0,0.E0));
#906=VECTOR('',#905,2.19E0);
#907=CARTESIAN_POINT('',(1.4E-1,2.345E0,4.23E0));
#908=LINE('',#907,#906);
#909=DIRECTION('',(1.E0,0.E0,0.E0));
#910=VECTOR('',#909,2.22E0);
#911=CARTESIAN_POINT('',(1.4E-1,1.55E-1,4.23E0));
#912=LINE('',#911,#910);
#913=DIRECTION('',(0.E0,1.E0,0.E0));
#914=VECTOR('',#913,2.19E0);
#915=CARTESIAN_POINT('',(2.36E0,1.55E-1,4.23E0));
#916=LINE('',#915,#914);
#917=DIRECTION('',(-1.E0,0.E0,0.E0));
#918=VECTOR('',#917,1.6E-1);
#919=CARTESIAN_POINT('',(2.36E0,2.345E0,4.23E0));
#920=LINE('',#919,#918);
#921=DIRECTION('',(0.E0,-1.E0,0.E0));
#922=VECTOR('',#921,1.465E0);
#923=CARTESIAN_POINT('',(2.2E0,3.81E0,4.23E0));
#924=LINE('',#923,#922);
#925=DIRECTION('',(1.E0,0.E0,0.E0));
#926=VECTOR('',#925,4.E-1);
#927=CARTESIAN_POINT('',(2.2E0,3.81E0,4.23E0));
#928=LINE('',#927,#926);
#929=DIRECTION('',(0.E0,1.E0,0.E0));
#930=VECTOR('',#929,5.98E0);
#931=CARTESIAN_POINT('',(-1.047E1,-2.99E0,4.23E0));
#932=LINE('',#931,#930);
#933=DIRECTION('',(1.E0,0.E0,0.E0));
#934=VECTOR('',#933,4.E-1);
#935=CARTESIAN_POINT('',(-2.6E0,3.81E0,4.23E0));
#936=LINE('',#935,#934);
#937=DIRECTION('',(0.E0,0.E0,-1.E0));
#938=VECTOR('',#937,6.E0);
#939=CARTESIAN_POINT('',(5.14E0,2.345E0,4.23E0));
#940=LINE('',#939,#938);
#941=DIRECTION('',(0.E0,0.E0,-1.E0));
#942=VECTOR('',#941,6.E0);
#943=CARTESIAN_POINT('',(7.36E0,2.345E0,4.23E0));
#944=LINE('',#943,#942);
#945=DIRECTION('',(0.E0,0.E0,-1.E0));
#946=VECTOR('',#945,6.E0);
#947=CARTESIAN_POINT('',(7.36E0,1.55E-1,4.23E0));
#948=LINE('',#947,#946);
#949=DIRECTION('',(0.E0,0.E0,-1.E0));
#950=VECTOR('',#949,6.E0);
#951=CARTESIAN_POINT('',(5.14E0,1.55E-1,4.23E0));
#952=LINE('',#951,#950);
#953=DIRECTION('',(0.E0,-1.E0,0.E0));
#954=VECTOR('',#953,2.19E0);
#955=CARTESIAN_POINT('',(5.14E0,2.345E0,-1.77E0));
#956=LINE('',#955,#954);
#957=DIRECTION('',(-1.E0,0.E0,0.E0));
#958=VECTOR('',#957,2.22E0);
#959=CARTESIAN_POINT('',(7.36E0,2.345E0,-1.77E0));
#960=LINE('',#959,#958);
#961=DIRECTION('',(0.E0,1.E0,0.E0));
#962=VECTOR('',#961,2.19E0);
#963=CARTESIAN_POINT('',(7.36E0,1.55E-1,-1.77E0));
#964=LINE('',#963,#962);
#965=DIRECTION('',(1.E0,0.E0,0.E0));
#966=VECTOR('',#965,2.22E0);
#967=CARTESIAN_POINT('',(5.14E0,1.55E-1,-1.77E0));
#968=LINE('',#967,#966);
#969=DIRECTION('',(1.E0,0.E0,0.E0));
#970=VECTOR('',#969,2.22E0);
#971=CARTESIAN_POINT('',(5.14E0,-2.345E0,-1.77E0));
#972=LINE('',#971,#970);
#973=DIRECTION('',(0.E0,-1.E0,0.E0));
#974=VECTOR('',#973,2.19E0);
#975=CARTESIAN_POINT('',(5.14E0,-1.55E-1,-1.77E0));
#976=LINE('',#975,#974);
#977=DIRECTION('',(-1.E0,0.E0,0.E0));
#978=VECTOR('',#977,2.22E0);
#979=CARTESIAN_POINT('',(7.36E0,-1.55E-1,-1.77E0));
#980=LINE('',#979,#978);
#981=DIRECTION('',(0.E0,1.E0,0.E0));
#982=VECTOR('',#981,2.19E0);
#983=CARTESIAN_POINT('',(7.36E0,-2.345E0,-1.77E0));
#984=LINE('',#983,#982);
#985=DIRECTION('',(0.E0,1.E0,0.E0));
#986=VECTOR('',#985,6.35E-1);
#987=CARTESIAN_POINT('',(5.9325E0,-1.5675E0,-1.77E0));
#988=LINE('',#987,#986);
#989=DIRECTION('',(1.E0,0.E0,0.E0));
#990=VECTOR('',#989,6.35E-1);
#991=CARTESIAN_POINT('',(5.9325E0,-1.5675E0,-1.77E0));
#992=LINE('',#991,#990);
#993=DIRECTION('',(0.E0,1.E0,0.E0));
#994=VECTOR('',#993,6.35E-1);
#995=CARTESIAN_POINT('',(6.5675E0,-1.5675E0,-1.77E0));
#996=LINE('',#995,#994);
#997=DIRECTION('',(1.E0,0.E0,0.E0));
#998=VECTOR('',#997,6.35E-1);
#999=CARTESIAN_POINT('',(5.9325E0,-9.325E-1,-1.77E0));
#1000=LINE('',#999,#998);
#1001=DIRECTION('',(1.E0,0.E0,0.E0));
#1002=VECTOR('',#1001,6.35E-1);
#1003=CARTESIAN_POINT('',(5.9325E0,9.325E-1,-1.77E0));
#1004=LINE('',#1003,#1002);
#1005=DIRECTION('',(0.E0,1.E0,0.E0));
#1006=VECTOR('',#1005,6.35E-1);
#1007=CARTESIAN_POINT('',(6.5675E0,9.325E-1,-1.77E0));
#1008=LINE('',#1007,#1006);
#1009=DIRECTION('',(1.E0,0.E0,0.E0));
#1010=VECTOR('',#1009,6.35E-1);
#1011=CARTESIAN_POINT('',(5.9325E0,1.5675E0,-1.77E0));
#1012=LINE('',#1011,#1010);
#1013=DIRECTION('',(0.E0,1.E0,0.E0));
#1014=VECTOR('',#1013,6.35E-1);
#1015=CARTESIAN_POINT('',(5.9325E0,9.325E-1,-1.77E0));
#1016=LINE('',#1015,#1014);
#1017=DIRECTION('',(0.E0,0.E0,-1.E0));
#1018=VECTOR('',#1017,6.E0);
#1019=CARTESIAN_POINT('',(5.14E0,-2.345E0,4.23E0));
#1020=LINE('',#1019,#1018);
#1021=DIRECTION('',(0.E0,0.E0,-1.E0));
#1022=VECTOR('',#1021,6.E0);
#1023=CARTESIAN_POINT('',(5.14E0,-1.55E-1,4.23E0));
#1024=LINE('',#1023,#1022);
#1025=DIRECTION('',(0.E0,0.E0,-1.E0));
#1026=VECTOR('',#1025,6.E0);
#1027=CARTESIAN_POINT('',(7.36E0,-1.55E-1,4.23E0));
#1028=LINE('',#1027,#1026);
#1029=DIRECTION('',(0.E0,0.E0,-1.E0));
#1030=VECTOR('',#1029,6.E0);
#1031=CARTESIAN_POINT('',(7.36E0,-2.345E0,4.23E0));
#1032=LINE('',#1031,#1030);
#1033=DIRECTION('',(0.E0,1.E0,0.E0));
#1034=VECTOR('',#1033,6.35E-1);
#1035=CARTESIAN_POINT('',(5.9325E0,9.325E-1,1.89E0));
#1036=LINE('',#1035,#1034);
#1037=DIRECTION('',(0.E0,0.E0,-1.E0));
#1038=VECTOR('',#1037,3.66E0);
#1039=CARTESIAN_POINT('',(5.9325E0,9.325E-1,1.89E0));
#1040=LINE('',#1039,#1038);
#1041=DIRECTION('',(0.E0,0.E0,1.E0));
#1042=VECTOR('',#1041,3.66E0);
#1043=CARTESIAN_POINT('',(5.9325E0,1.5675E0,-1.77E0));
#1044=LINE('',#1043,#1042);
#1045=DIRECTION('',(0.E0,-1.E0,0.E0));
#1046=VECTOR('',#1045,6.35E-1);
#1047=CARTESIAN_POINT('',(5.9325E0,1.5675E0,-7.15E0));
#1048=LINE('',#1047,#1046);
#1049=DIRECTION('',(0.E0,0.E0,1.E0));
#1050=VECTOR('',#1049,2.92E0);
#1051=CARTESIAN_POINT('',(5.9325E0,1.5675E0,-7.15E0));
#1052=LINE('',#1051,#1050);
#1053=DIRECTION('',(0.E0,0.E0,-1.E0));
#1054=VECTOR('',#1053,2.92E0);
#1055=CARTESIAN_POINT('',(5.9325E0,9.325E-1,-4.23E0));
#1056=LINE('',#1055,#1054);
#1057=DIRECTION('',(0.E0,-1.E0,0.E0));
#1058=VECTOR('',#1057,6.35E-1);
#1059=CARTESIAN_POINT('',(5.9325E0,-9.325E-1,-7.15E0));
#1060=LINE('',#1059,#1058);
#1061=DIRECTION('',(0.E0,0.E0,1.E0));
#1062=VECTOR('',#1061,2.92E0);
#1063=CARTESIAN_POINT('',(5.9325E0,-9.325E-1,-7.15E0));
#1064=LINE('',#1063,#1062);
#1065=DIRECTION('',(0.E0,0.E0,-1.E0));
#1066=VECTOR('',#1065,2.92E0);
#1067=CARTESIAN_POINT('',(5.9325E0,-1.5675E0,-4.23E0));
#1068=LINE('',#1067,#1066);
#1069=DIRECTION('',(0.E0,1.E0,0.E0));
#1070=VECTOR('',#1069,6.35E-1);
#1071=CARTESIAN_POINT('',(5.9325E0,-1.5675E0,1.89E0));
#1072=LINE('',#1071,#1070);
#1073=DIRECTION('',(0.E0,0.E0,-1.E0));
#1074=VECTOR('',#1073,3.66E0);
#1075=CARTESIAN_POINT('',(5.9325E0,-1.5675E0,1.89E0));
#1076=LINE('',#1075,#1074);
#1077=DIRECTION('',(0.E0,0.E0,1.E0));
#1078=VECTOR('',#1077,3.66E0);
#1079=CARTESIAN_POINT('',(5.9325E0,-9.325E-1,-1.77E0));
#1080=LINE('',#1079,#1078);
#1081=DIRECTION('',(-1.E0,0.E0,0.E0));
#1082=VECTOR('',#1081,3.35E-1);
#1083=CARTESIAN_POINT('',(6.4175E0,1.4175E0,2.77E0));
#1084=LINE('',#1083,#1082);
#1085=DIRECTION('',(0.E0,-1.E0,0.E0));
#1086=VECTOR('',#1085,3.35E-1);
#1087=CARTESIAN_POINT('',(6.4175E0,1.4175E0,2.77E0));
#1088=LINE('',#1087,#1086);
#1089=DIRECTION('',(-1.E0,0.E0,0.E0));
#1090=VECTOR('',#1089,3.35E-1);
#1091=CARTESIAN_POINT('',(6.4175E0,1.0825E0,2.77E0));
#1092=LINE('',#1091,#1090);
#1093=DIRECTION('',(0.E0,1.E0,0.E0));
#1094=VECTOR('',#1093,3.35E-1);
#1095=CARTESIAN_POINT('',(6.0825E0,1.0825E0,2.77E0));
#1096=LINE('',#1095,#1094);
#1097=DIRECTION('',(1.657079250569E-1,-1.657079250569E-1,9.721531603336E-1));
#1098=VECTOR('',#1097,9.052071586107E-1);
#1099=CARTESIAN_POINT('',(5.9325E0,1.5675E0,1.89E0));
#1100=LINE('',#1099,#1098);
#1101=DIRECTION('',(1.657079250569E-1,1.657079250569E-1,-9.721531603336E-1));
#1102=VECTOR('',#1101,9.052071586107E-1);
#1103=CARTESIAN_POINT('',(6.4175E0,1.4175E0,2.77E0));
#1104=LINE('',#1103,#1102);
#1105=DIRECTION('',(-1.E0,0.E0,0.E0));
#1106=VECTOR('',#1105,6.35E-1);
#1107=CARTESIAN_POINT('',(6.5675E0,1.5675E0,1.89E0));
#1108=LINE('',#1107,#1106);
#1109=DIRECTION('',(-1.E0,0.E0,0.E0));
#1110=VECTOR('',#1109,6.35E-1);
#1111=CARTESIAN_POINT('',(6.5675E0,1.5675E0,-7.15E0));
#1112=LINE('',#1111,#1110);
#1113=DIRECTION('',(0.E0,-1.E0,0.E0));
#1114=VECTOR('',#1113,6.35E-1);
#1115=CARTESIAN_POINT('',(6.5675E0,1.5675E0,1.89E0));
#1116=LINE('',#1115,#1114);
#1117=DIRECTION('',(0.E0,0.E0,1.E0));
#1118=VECTOR('',#1117,3.66E0);
#1119=CARTESIAN_POINT('',(6.5675E0,1.5675E0,-1.77E0));
#1120=LINE('',#1119,#1118);
#1121=DIRECTION('',(0.E0,0.E0,-1.E0));
#1122=VECTOR('',#1121,3.66E0);
#1123=CARTESIAN_POINT('',(6.5675E0,9.325E-1,1.89E0));
#1124=LINE('',#1123,#1122);
#1125=DIRECTION('',(0.E0,1.E0,0.E0));
#1126=VECTOR('',#1125,6.35E-1);
#1127=CARTESIAN_POINT('',(6.5675E0,9.325E-1,-7.15E0));
#1128=LINE('',#1127,#1126);
#1129=DIRECTION('',(0.E0,0.E0,-1.E0));
#1130=VECTOR('',#1129,2.92E0);
#1131=CARTESIAN_POINT('',(6.5675E0,9.325E-1,-4.23E0));
#1132=LINE('',#1131,#1130);
#1133=DIRECTION('',(0.E0,0.E0,1.E0));
#1134=VECTOR('',#1133,2.92E0);
#1135=CARTESIAN_POINT('',(6.5675E0,1.5675E0,-7.15E0));
#1136=LINE('',#1135,#1134);
#1137=DIRECTION('',(0.E0,1.E0,0.E0));
#1138=VECTOR('',#1137,6.35E-1);
#1139=CARTESIAN_POINT('',(6.5675E0,-1.5675E0,-7.15E0));
#1140=LINE('',#1139,#1138);
#1141=DIRECTION('',(0.E0,0.E0,-1.E0));
#1142=VECTOR('',#1141,2.92E0);
#1143=CARTESIAN_POINT('',(6.5675E0,-1.5675E0,-4.23E0));
#1144=LINE('',#1143,#1142);
#1145=DIRECTION('',(0.E0,0.E0,1.E0));
#1146=VECTOR('',#1145,2.92E0);
#1147=CARTESIAN_POINT('',(6.5675E0,-9.325E-1,-7.15E0));
#1148=LINE('',#1147,#1146);
#1149=DIRECTION('',(0.E0,-1.E0,0.E0));
#1150=VECTOR('',#1149,6.35E-1);
#1151=CARTESIAN_POINT('',(6.5675E0,-9.325E-1,1.89E0));
#1152=LINE('',#1151,#1150);
#1153=DIRECTION('',(0.E0,0.E0,1.E0));
#1154=VECTOR('',#1153,3.66E0);
#1155=CARTESIAN_POINT('',(6.5675E0,-9.325E-1,-1.77E0));
#1156=LINE('',#1155,#1154);
#1157=DIRECTION('',(0.E0,0.E0,-1.E0));
#1158=VECTOR('',#1157,3.66E0);
#1159=CARTESIAN_POINT('',(6.5675E0,-1.5675E0,1.89E0));
#1160=LINE('',#1159,#1158);
#1161=DIRECTION('',(-1.657079250569E-1,-1.657079250569E-1,-9.721531603336E-1));
#1162=VECTOR('',#1161,9.052071586107E-1);
#1163=CARTESIAN_POINT('',(6.0825E0,1.0825E0,2.77E0));
#1164=LINE('',#1163,#1162);
#1165=DIRECTION('',(-1.657079250569E-1,1.657079250569E-1,9.721531603336E-1));
#1166=VECTOR('',#1165,9.052071586107E-1);
#1167=CARTESIAN_POINT('',(6.5675E0,9.325E-1,1.89E0));
#1168=LINE('',#1167,#1166);
#1169=DIRECTION('',(-1.E0,0.E0,0.E0));
#1170=VECTOR('',#1169,6.35E-1);
#1171=CARTESIAN_POINT('',(6.5675E0,9.325E-1,1.89E0));
#1172=LINE('',#1171,#1170);
#1173=DIRECTION('',(-1.E0,0.E0,0.E0));
#1174=VECTOR('',#1173,6.35E-1);
#1175=CARTESIAN_POINT('',(6.5675E0,9.325E-1,-7.15E0));
#1176=LINE('',#1175,#1174);
#1177=DIRECTION('',(1.657079250569E-1,-1.657079250569E-1,9.721531603336E-1));
#1178=VECTOR('',#1177,9.052071586107E-1);
#1179=CARTESIAN_POINT('',(6.4175E0,1.0825E0,-8.03E0));
#1180=LINE('',#1179,#1178);
#1181=DIRECTION('',(-1.E0,0.E0,0.E0));
#1182=VECTOR('',#1181,3.35E-1);
#1183=CARTESIAN_POINT('',(6.4175E0,1.4175E0,-8.03E0));
#1184=LINE('',#1183,#1182);
#1185=DIRECTION('',(0.E0,-1.E0,0.E0));
#1186=VECTOR('',#1185,3.35E-1);
#1187=CARTESIAN_POINT('',(6.0825E0,1.4175E0,-8.03E0));
#1188=LINE('',#1187,#1186);
#1189=DIRECTION('',(-1.E0,0.E0,0.E0));
#1190=VECTOR('',#1189,3.35E-1);
#1191=CARTESIAN_POINT('',(6.4175E0,1.0825E0,-8.03E0));
#1192=LINE('',#1191,#1190);
#1193=DIRECTION('',(0.E0,1.E0,0.E0));
#1194=VECTOR('',#1193,3.35E-1);
#1195=CARTESIAN_POINT('',(6.4175E0,1.0825E0,-8.03E0));
#1196=LINE('',#1195,#1194);
#1197=DIRECTION('',(-1.657079250569E-1,1.657079250569E-1,9.721531603336E-1));
#1198=VECTOR('',#1197,9.052071586107E-1);
#1199=CARTESIAN_POINT('',(6.0825E0,1.4175E0,-8.03E0));
#1200=LINE('',#1199,#1198);
#1201=DIRECTION('',(-1.657079250569E-1,-1.657079250569E-1,-9.721531603336E-1));
#1202=VECTOR('',#1201,9.052071586107E-1);
#1203=CARTESIAN_POINT('',(6.5675E0,1.5675E0,-7.15E0));
#1204=LINE('',#1203,#1202);
#1205=DIRECTION('',(-1.657079250569E-1,-1.657079250569E-1,9.721531603336E-1));
#1206=VECTOR('',#1205,9.052071586107E-1);
#1207=CARTESIAN_POINT('',(6.0825E0,1.0825E0,-8.03E0));
#1208=LINE('',#1207,#1206);
#1209=DIRECTION('',(-1.E0,0.E0,0.E0));
#1210=VECTOR('',#1209,3.35E-1);
#1211=CARTESIAN_POINT('',(6.4175E0,-1.0825E0,-8.03E0));
#1212=LINE('',#1211,#1210);
#1213=DIRECTION('',(0.E0,-1.E0,0.E0));
#1214=VECTOR('',#1213,3.35E-1);
#1215=CARTESIAN_POINT('',(6.0825E0,-1.0825E0,-8.03E0));
#1216=LINE('',#1215,#1214);
#1217=DIRECTION('',(-1.E0,0.E0,0.E0));
#1218=VECTOR('',#1217,3.35E-1);
#1219=CARTESIAN_POINT('',(6.4175E0,-1.4175E0,-8.03E0));
#1220=LINE('',#1219,#1218);
#1221=DIRECTION('',(0.E0,1.E0,0.E0));
#1222=VECTOR('',#1221,3.35E-1);
#1223=CARTESIAN_POINT('',(6.4175E0,-1.4175E0,-8.03E0));
#1224=LINE('',#1223,#1222);
#1225=DIRECTION('',(-1.657079250569E-1,1.657079250569E-1,9.721531603336E-1));
#1226=VECTOR('',#1225,9.052071586107E-1);
#1227=CARTESIAN_POINT('',(6.0825E0,-1.0825E0,-8.03E0));
#1228=LINE('',#1227,#1226);
#1229=DIRECTION('',(-1.657079250569E-1,-1.657079250569E-1,-9.721531603336E-1));
#1230=VECTOR('',#1229,9.052071586107E-1);
#1231=CARTESIAN_POINT('',(6.5675E0,-9.325E-1,-7.15E0));
#1232=LINE('',#1231,#1230);
#1233=DIRECTION('',(-1.E0,0.E0,0.E0));
#1234=VECTOR('',#1233,6.35E-1);
#1235=CARTESIAN_POINT('',(6.5675E0,-9.325E-1,-7.15E0));
#1236=LINE('',#1235,#1234);
#1237=DIRECTION('',(-1.E0,0.E0,0.E0));
#1238=VECTOR('',#1237,6.35E-1);
#1239=CARTESIAN_POINT('',(6.5675E0,-9.325E-1,1.89E0));
#1240=LINE('',#1239,#1238);
#1241=DIRECTION('',(1.657079250569E-1,1.657079250569E-1,-9.721531603336E-1));
#1242=VECTOR('',#1241,9.052071586107E-1);
#1243=CARTESIAN_POINT('',(6.4175E0,-1.0825E0,2.77E0));
#1244=LINE('',#1243,#1242);
#1245=DIRECTION('',(1.657079250569E-1,-1.657079250569E-1,-9.721531603336E-1));
#1246=VECTOR('',#1245,9.052071586107E-1);
#1247=CARTESIAN_POINT('',(6.4175E0,-1.4175E0,2.77E0));
#1248=LINE('',#1247,#1246);
#1249=DIRECTION('',(-1.E0,0.E0,0.E0));
#1250=VECTOR('',#1249,3.35E-1);
#1251=CARTESIAN_POINT('',(6.4175E0,-1.4175E0,2.77E0));
#1252=LINE('',#1251,#1250);
#1253=DIRECTION('',(0.E0,1.E0,0.E0));
#1254=VECTOR('',#1253,3.35E-1);
#1255=CARTESIAN_POINT('',(6.0825E0,-1.4175E0,2.77E0));
#1256=LINE('',#1255,#1254);
#1257=DIRECTION('',(-1.E0,0.E0,0.E0));
#1258=VECTOR('',#1257,3.35E-1);
#1259=CARTESIAN_POINT('',(6.4175E0,-1.0825E0,2.77E0));
#1260=LINE('',#1259,#1258);
#1261=DIRECTION('',(0.E0,-1.E0,0.E0));
#1262=VECTOR('',#1261,3.35E-1);
#1263=CARTESIAN_POINT('',(6.4175E0,-1.0825E0,2.77E0));
#1264=LINE('',#1263,#1262);
#1265=DIRECTION('',(-1.657079250569E-1,-1.657079250569E-1,-9.721531603336E-1));
#1266=VECTOR('',#1265,9.052071586107E-1);
#1267=CARTESIAN_POINT('',(6.0825E0,-1.4175E0,2.77E0));
#1268=LINE('',#1267,#1266);
#1269=DIRECTION('',(-1.E0,0.E0,0.E0));
#1270=VECTOR('',#1269,6.35E-1);
#1271=CARTESIAN_POINT('',(6.5675E0,-1.5675E0,-7.15E0));
#1272=LINE('',#1271,#1270);
#1273=DIRECTION('',(-1.E0,0.E0,0.E0));
#1274=VECTOR('',#1273,6.35E-1);
#1275=CARTESIAN_POINT('',(6.5675E0,-1.5675E0,1.89E0));
#1276=LINE('',#1275,#1274);
#1277=DIRECTION('',(1.657079250569E-1,-1.657079250569E-1,9.721531603336E-1));
#1278=VECTOR('',#1277,9.052071586107E-1);
#1279=CARTESIAN_POINT('',(6.4175E0,-1.4175E0,-8.03E0));
#1280=LINE('',#1279,#1278);
#1281=DIRECTION('',(-1.657079250569E-1,-1.657079250569E-1,9.721531603336E-1));
#1282=VECTOR('',#1281,9.052071586107E-1);
#1283=CARTESIAN_POINT('',(6.0825E0,-1.4175E0,-8.03E0));
#1284=LINE('',#1283,#1282);
#1285=DIRECTION('',(-1.657079250569E-1,1.657079250569E-1,-9.721531603336E-1));
#1286=VECTOR('',#1285,9.052071586107E-1);
#1287=CARTESIAN_POINT('',(6.0825E0,-1.0825E0,2.77E0));
#1288=LINE('',#1287,#1286);
#1289=DIRECTION('',(0.E0,0.E0,-1.E0));
#1290=VECTOR('',#1289,6.E0);
#1291=CARTESIAN_POINT('',(2.64E0,2.345E0,4.23E0));
#1292=LINE('',#1291,#1290);
#1293=DIRECTION('',(0.E0,0.E0,-1.E0));
#1294=VECTOR('',#1293,6.E0);
#1295=CARTESIAN_POINT('',(4.86E0,2.345E0,4.23E0));
#1296=LINE('',#1295,#1294);
#1297=DIRECTION('',(0.E0,0.E0,-1.E0));
#1298=VECTOR('',#1297,6.E0);
#1299=CARTESIAN_POINT('',(4.86E0,1.55E-1,4.23E0));
#1300=LINE('',#1299,#1298);
#1301=DIRECTION('',(0.E0,0.E0,-1.E0));
#1302=VECTOR('',#1301,6.E0);
#1303=CARTESIAN_POINT('',(2.64E0,1.55E-1,4.23E0));
#1304=LINE('',#1303,#1302);
#1305=DIRECTION('',(0.E0,-1.E0,0.E0));
#1306=VECTOR('',#1305,2.19E0);
#1307=CARTESIAN_POINT('',(2.64E0,2.345E0,-1.77E0));
#1308=LINE('',#1307,#1306);
#1309=DIRECTION('',(-1.E0,0.E0,0.E0));
#1310=VECTOR('',#1309,2.22E0);
#1311=CARTESIAN_POINT('',(4.86E0,2.345E0,-1.77E0));
#1312=LINE('',#1311,#1310);
#1313=DIRECTION('',(0.E0,1.E0,0.E0));
#1314=VECTOR('',#1313,2.19E0);
#1315=CARTESIAN_POINT('',(4.86E0,1.55E-1,-1.77E0));
#1316=LINE('',#1315,#1314);
#1317=DIRECTION('',(1.E0,0.E0,0.E0));
#1318=VECTOR('',#1317,2.22E0);
#1319=CARTESIAN_POINT('',(2.64E0,1.55E-1,-1.77E0));
#1320=LINE('',#1319,#1318);
#1321=DIRECTION('',(1.E0,0.E0,0.E0));
#1322=VECTOR('',#1321,2.22E0);
#1323=CARTESIAN_POINT('',(2.64E0,-2.345E0,-1.77E0));
#1324=LINE('',#1323,#1322);
#1325=DIRECTION('',(0.E0,-1.E0,0.E0));
#1326=VECTOR('',#1325,2.19E0);
#1327=CARTESIAN_POINT('',(2.64E0,-1.55E-1,-1.77E0));
#1328=LINE('',#1327,#1326);
#1329=DIRECTION('',(-1.E0,0.E0,0.E0));
#1330=VECTOR('',#1329,2.22E0);
#1331=CARTESIAN_POINT('',(4.86E0,-1.55E-1,-1.77E0));
#1332=LINE('',#1331,#1330);
#1333=DIRECTION('',(0.E0,1.E0,0.E0));
#1334=VECTOR('',#1333,2.19E0);
#1335=CARTESIAN_POINT('',(4.86E0,-2.345E0,-1.77E0));
#1336=LINE('',#1335,#1334);
#1337=DIRECTION('',(0.E0,1.E0,0.E0));
#1338=VECTOR('',#1337,6.35E-1);
#1339=CARTESIAN_POINT('',(3.4325E0,-1.5675E0,-1.77E0));
#1340=LINE('',#1339,#1338);
#1341=DIRECTION('',(1.E0,0.E0,0.E0));
#1342=VECTOR('',#1341,6.35E-1);
#1343=CARTESIAN_POINT('',(3.4325E0,-1.5675E0,-1.77E0));
#1344=LINE('',#1343,#1342);
#1345=DIRECTION('',(0.E0,1.E0,0.E0));
#1346=VECTOR('',#1345,6.35E-1);
#1347=CARTESIAN_POINT('',(4.0675E0,-1.5675E0,-1.77E0));
#1348=LINE('',#1347,#1346);
#1349=DIRECTION('',(1.E0,0.E0,0.E0));
#1350=VECTOR('',#1349,6.35E-1);
#1351=CARTESIAN_POINT('',(3.4325E0,-9.325E-1,-1.77E0));
#1352=LINE('',#1351,#1350);
#1353=DIRECTION('',(1.E0,0.E0,0.E0));
#1354=VECTOR('',#1353,6.35E-1);
#1355=CARTESIAN_POINT('',(3.4325E0,9.325E-1,-1.77E0));
#1356=LINE('',#1355,#1354);
#1357=DIRECTION('',(0.E0,1.E0,0.E0));
#1358=VECTOR('',#1357,6.35E-1);
#1359=CARTESIAN_POINT('',(4.0675E0,9.325E-1,-1.77E0));
#1360=LINE('',#1359,#1358);
#1361=DIRECTION('',(1.E0,0.E0,0.E0));
#1362=VECTOR('',#1361,6.35E-1);
#1363=CARTESIAN_POINT('',(3.4325E0,1.5675E0,-1.77E0));
#1364=LINE('',#1363,#1362);
#1365=DIRECTION('',(0.E0,1.E0,0.E0));
#1366=VECTOR('',#1365,6.35E-1);
#1367=CARTESIAN_POINT('',(3.4325E0,9.325E-1,-1.77E0));
#1368=LINE('',#1367,#1366);
#1369=DIRECTION('',(0.E0,0.E0,-1.E0));
#1370=VECTOR('',#1369,6.E0);
#1371=CARTESIAN_POINT('',(2.64E0,-2.345E0,4.23E0));
#1372=LINE('',#1371,#1370);
#1373=DIRECTION('',(0.E0,0.E0,-1.E0));
#1374=VECTOR('',#1373,6.E0);
#1375=CARTESIAN_POINT('',(2.64E0,-1.55E-1,4.23E0));
#1376=LINE('',#1375,#1374);
#1377=DIRECTION('',(0.E0,0.E0,-1.E0));
#1378=VECTOR('',#1377,6.E0);
#1379=CARTESIAN_POINT('',(4.86E0,-1.55E-1,4.23E0));
#1380=LINE('',#1379,#1378);
#1381=DIRECTION('',(0.E0,0.E0,-1.E0));
#1382=VECTOR('',#1381,6.E0);
#1383=CARTESIAN_POINT('',(4.86E0,-2.345E0,4.23E0));
#1384=LINE('',#1383,#1382);
#1385=DIRECTION('',(0.E0,1.E0,0.E0));
#1386=VECTOR('',#1385,6.35E-1);
#1387=CARTESIAN_POINT('',(3.4325E0,9.325E-1,1.89E0));
#1388=LINE('',#1387,#1386);
#1389=DIRECTION('',(0.E0,0.E0,-1.E0));
#1390=VECTOR('',#1389,3.66E0);
#1391=CARTESIAN_POINT('',(3.4325E0,9.325E-1,1.89E0));
#1392=LINE('',#1391,#1390);
#1393=DIRECTION('',(0.E0,0.E0,1.E0));
#1394=VECTOR('',#1393,3.66E0);
#1395=CARTESIAN_POINT('',(3.4325E0,1.5675E0,-1.77E0));
#1396=LINE('',#1395,#1394);
#1397=DIRECTION('',(0.E0,-1.E0,0.E0));
#1398=VECTOR('',#1397,6.35E-1);
#1399=CARTESIAN_POINT('',(3.4325E0,1.5675E0,-7.15E0));
#1400=LINE('',#1399,#1398);
#1401=DIRECTION('',(0.E0,0.E0,1.E0));
#1402=VECTOR('',#1401,2.92E0);
#1403=CARTESIAN_POINT('',(3.4325E0,1.5675E0,-7.15E0));
#1404=LINE('',#1403,#1402);
#1405=DIRECTION('',(0.E0,0.E0,-1.E0));
#1406=VECTOR('',#1405,2.92E0);
#1407=CARTESIAN_POINT('',(3.4325E0,9.325E-1,-4.23E0));
#1408=LINE('',#1407,#1406);
#1409=DIRECTION('',(0.E0,-1.E0,0.E0));
#1410=VECTOR('',#1409,6.35E-1);
#1411=CARTESIAN_POINT('',(3.4325E0,-9.325E-1,-7.15E0));
#1412=LINE('',#1411,#1410);
#1413=DIRECTION('',(0.E0,0.E0,1.E0));
#1414=VECTOR('',#1413,2.92E0);
#1415=CARTESIAN_POINT('',(3.4325E0,-9.325E-1,-7.15E0));
#1416=LINE('',#1415,#1414);
#1417=DIRECTION('',(0.E0,0.E0,-1.E0));
#1418=VECTOR('',#1417,2.92E0);
#1419=CARTESIAN_POINT('',(3.4325E0,-1.5675E0,-4.23E0));
#1420=LINE('',#1419,#1418);
#1421=DIRECTION('',(0.E0,1.E0,0.E0));
#1422=VECTOR('',#1421,6.35E-1);
#1423=CARTESIAN_POINT('',(3.4325E0,-1.5675E0,1.89E0));
#1424=LINE('',#1423,#1422);
#1425=DIRECTION('',(0.E0,0.E0,-1.E0));
#1426=VECTOR('',#1425,3.66E0);
#1427=CARTESIAN_POINT('',(3.4325E0,-1.5675E0,1.89E0));
#1428=LINE('',#1427,#1426);
#1429=DIRECTION('',(0.E0,0.E0,1.E0));
#1430=VECTOR('',#1429,3.66E0);
#1431=CARTESIAN_POINT('',(3.4325E0,-9.325E-1,-1.77E0));
#1432=LINE('',#1431,#1430);
#1433=DIRECTION('',(-1.E0,0.E0,0.E0));
#1434=VECTOR('',#1433,3.35E-1);
#1435=CARTESIAN_POINT('',(3.9175E0,1.4175E0,2.77E0));
#1436=LINE('',#1435,#1434);
#1437=DIRECTION('',(0.E0,-1.E0,0.E0));
#1438=VECTOR('',#1437,3.35E-1);
#1439=CARTESIAN_POINT('',(3.9175E0,1.4175E0,2.77E0));
#1440=LINE('',#1439,#1438);
#1441=DIRECTION('',(-1.E0,0.E0,0.E0));
#1442=VECTOR('',#1441,3.35E-1);
#1443=CARTESIAN_POINT('',(3.9175E0,1.0825E0,2.77E0));
#1444=LINE('',#1443,#1442);
#1445=DIRECTION('',(0.E0,1.E0,0.E0));
#1446=VECTOR('',#1445,3.35E-1);
#1447=CARTESIAN_POINT('',(3.5825E0,1.0825E0,2.77E0));
#1448=LINE('',#1447,#1446);
#1449=DIRECTION('',(1.657079250569E-1,-1.657079250569E-1,9.721531603336E-1));
#1450=VECTOR('',#1449,9.052071586107E-1);
#1451=CARTESIAN_POINT('',(3.4325E0,1.5675E0,1.89E0));
#1452=LINE('',#1451,#1450);
#1453=DIRECTION('',(1.657079250569E-1,1.657079250569E-1,-9.721531603336E-1));
#1454=VECTOR('',#1453,9.052071586107E-1);
#1455=CARTESIAN_POINT('',(3.9175E0,1.4175E0,2.77E0));
#1456=LINE('',#1455,#1454);
#1457=DIRECTION('',(-1.E0,0.E0,0.E0));
#1458=VECTOR('',#1457,6.35E-1);
#1459=CARTESIAN_POINT('',(4.0675E0,1.5675E0,1.89E0));
#1460=LINE('',#1459,#1458);
#1461=DIRECTION('',(-1.E0,0.E0,0.E0));
#1462=VECTOR('',#1461,6.35E-1);
#1463=CARTESIAN_POINT('',(4.0675E0,1.5675E0,-7.15E0));
#1464=LINE('',#1463,#1462);
#1465=DIRECTION('',(0.E0,-1.E0,0.E0));
#1466=VECTOR('',#1465,6.35E-1);
#1467=CARTESIAN_POINT('',(4.0675E0,1.5675E0,1.89E0));
#1468=LINE('',#1467,#1466);
#1469=DIRECTION('',(0.E0,0.E0,1.E0));
#1470=VECTOR('',#1469,3.66E0);
#1471=CARTESIAN_POINT('',(4.0675E0,1.5675E0,-1.77E0));
#1472=LINE('',#1471,#1470);
#1473=DIRECTION('',(0.E0,0.E0,-1.E0));
#1474=VECTOR('',#1473,3.66E0);
#1475=CARTESIAN_POINT('',(4.0675E0,9.325E-1,1.89E0));
#1476=LINE('',#1475,#1474);
#1477=DIRECTION('',(0.E0,1.E0,0.E0));
#1478=VECTOR('',#1477,6.35E-1);
#1479=CARTESIAN_POINT('',(4.0675E0,9.325E-1,-7.15E0));
#1480=LINE('',#1479,#1478);
#1481=DIRECTION('',(0.E0,0.E0,-1.E0));
#1482=VECTOR('',#1481,2.92E0);
#1483=CARTESIAN_POINT('',(4.0675E0,9.325E-1,-4.23E0));
#1484=LINE('',#1483,#1482);
#1485=DIRECTION('',(0.E0,0.E0,1.E0));
#1486=VECTOR('',#1485,2.92E0);
#1487=CARTESIAN_POINT('',(4.0675E0,1.5675E0,-7.15E0));
#1488=LINE('',#1487,#1486);
#1489=DIRECTION('',(0.E0,1.E0,0.E0));
#1490=VECTOR('',#1489,6.35E-1);
#1491=CARTESIAN_POINT('',(4.0675E0,-1.5675E0,-7.15E0));
#1492=LINE('',#1491,#1490);
#1493=DIRECTION('',(0.E0,0.E0,-1.E0));
#1494=VECTOR('',#1493,2.92E0);
#1495=CARTESIAN_POINT('',(4.0675E0,-1.5675E0,-4.23E0));
#1496=LINE('',#1495,#1494);
#1497=DIRECTION('',(0.E0,0.E0,1.E0));
#1498=VECTOR('',#1497,2.92E0);
#1499=CARTESIAN_POINT('',(4.0675E0,-9.325E-1,-7.15E0));
#1500=LINE('',#1499,#1498);
#1501=DIRECTION('',(0.E0,-1.E0,0.E0));
#1502=VECTOR('',#1501,6.35E-1);
#1503=CARTESIAN_POINT('',(4.0675E0,-9.325E-1,1.89E0));
#1504=LINE('',#1503,#1502);
#1505=DIRECTION('',(0.E0,0.E0,1.E0));
#1506=VECTOR('',#1505,3.66E0);
#1507=CARTESIAN_POINT('',(4.0675E0,-9.325E-1,-1.77E0));
#1508=LINE('',#1507,#1506);
#1509=DIRECTION('',(0.E0,0.E0,-1.E0));
#1510=VECTOR('',#1509,3.66E0);
#1511=CARTESIAN_POINT('',(4.0675E0,-1.5675E0,1.89E0));
#1512=LINE('',#1511,#1510);
#1513=DIRECTION('',(-1.657079250569E-1,-1.657079250569E-1,-9.721531603336E-1));
#1514=VECTOR('',#1513,9.052071586107E-1);
#1515=CARTESIAN_POINT('',(3.5825E0,1.0825E0,2.77E0));
#1516=LINE('',#1515,#1514);
#1517=DIRECTION('',(-1.657079250569E-1,1.657079250569E-1,9.721531603336E-1));
#1518=VECTOR('',#1517,9.052071586107E-1);
#1519=CARTESIAN_POINT('',(4.0675E0,9.325E-1,1.89E0));
#1520=LINE('',#1519,#1518);
#1521=DIRECTION('',(-1.E0,0.E0,0.E0));
#1522=VECTOR('',#1521,6.35E-1);
#1523=CARTESIAN_POINT('',(4.0675E0,9.325E-1,1.89E0));
#1524=LINE('',#1523,#1522);
#1525=DIRECTION('',(-1.E0,0.E0,0.E0));
#1526=VECTOR('',#1525,6.35E-1);
#1527=CARTESIAN_POINT('',(4.0675E0,9.325E-1,-7.15E0));
#1528=LINE('',#1527,#1526);
#1529=DIRECTION('',(1.657079250569E-1,-1.657079250569E-1,9.721531603336E-1));
#1530=VECTOR('',#1529,9.052071586107E-1);
#1531=CARTESIAN_POINT('',(3.9175E0,1.0825E0,-8.03E0));
#1532=LINE('',#1531,#1530);
#1533=DIRECTION('',(-1.E0,0.E0,0.E0));
#1534=VECTOR('',#1533,3.35E-1);
#1535=CARTESIAN_POINT('',(3.9175E0,1.4175E0,-8.03E0));
#1536=LINE('',#1535,#1534);
#1537=DIRECTION('',(0.E0,-1.E0,0.E0));
#1538=VECTOR('',#1537,3.35E-1);
#1539=CARTESIAN_POINT('',(3.5825E0,1.4175E0,-8.03E0));
#1540=LINE('',#1539,#1538);
#1541=DIRECTION('',(-1.E0,0.E0,0.E0));
#1542=VECTOR('',#1541,3.35E-1);
#1543=CARTESIAN_POINT('',(3.9175E0,1.0825E0,-8.03E0));
#1544=LINE('',#1543,#1542);
#1545=DIRECTION('',(0.E0,1.E0,0.E0));
#1546=VECTOR('',#1545,3.35E-1);
#1547=CARTESIAN_POINT('',(3.9175E0,1.0825E0,-8.03E0));
#1548=LINE('',#1547,#1546);
#1549=DIRECTION('',(-1.657079250569E-1,1.657079250569E-1,9.721531603336E-1));
#1550=VECTOR('',#1549,9.052071586107E-1);
#1551=CARTESIAN_POINT('',(3.5825E0,1.4175E0,-8.03E0));
#1552=LINE('',#1551,#1550);
#1553=DIRECTION('',(-1.657079250569E-1,-1.657079250569E-1,-9.721531603336E-1));
#1554=VECTOR('',#1553,9.052071586107E-1);
#1555=CARTESIAN_POINT('',(4.0675E0,1.5675E0,-7.15E0));
#1556=LINE('',#1555,#1554);
#1557=DIRECTION('',(-1.657079250569E-1,-1.657079250569E-1,9.721531603336E-1));
#1558=VECTOR('',#1557,9.052071586107E-1);
#1559=CARTESIAN_POINT('',(3.5825E0,1.0825E0,-8.03E0));
#1560=LINE('',#1559,#1558);
#1561=DIRECTION('',(-1.E0,0.E0,0.E0));
#1562=VECTOR('',#1561,3.35E-1);
#1563=CARTESIAN_POINT('',(3.9175E0,-1.0825E0,-8.03E0));
#1564=LINE('',#1563,#1562);
#1565=DIRECTION('',(0.E0,-1.E0,0.E0));
#1566=VECTOR('',#1565,3.35E-1);
#1567=CARTESIAN_POINT('',(3.5825E0,-1.0825E0,-8.03E0));
#1568=LINE('',#1567,#1566);
#1569=DIRECTION('',(-1.E0,0.E0,0.E0));
#1570=VECTOR('',#1569,3.35E-1);
#1571=CARTESIAN_POINT('',(3.9175E0,-1.4175E0,-8.03E0));
#1572=LINE('',#1571,#1570);
#1573=DIRECTION('',(0.E0,1.E0,0.E0));
#1574=VECTOR('',#1573,3.35E-1);
#1575=CARTESIAN_POINT('',(3.9175E0,-1.4175E0,-8.03E0));
#1576=LINE('',#1575,#1574);
#1577=DIRECTION('',(-1.657079250569E-1,1.657079250569E-1,9.721531603336E-1));
#1578=VECTOR('',#1577,9.052071586107E-1);
#1579=CARTESIAN_POINT('',(3.5825E0,-1.0825E0,-8.03E0));
#1580=LINE('',#1579,#1578);
#1581=DIRECTION('',(-1.657079250569E-1,-1.657079250569E-1,-9.721531603336E-1));
#1582=VECTOR('',#1581,9.052071586107E-1);
#1583=CARTESIAN_POINT('',(4.0675E0,-9.325E-1,-7.15E0));
#1584=LINE('',#1583,#1582);
#1585=DIRECTION('',(-1.E0,0.E0,0.E0));
#1586=VECTOR('',#1585,6.35E-1);
#1587=CARTESIAN_POINT('',(4.0675E0,-9.325E-1,-7.15E0));
#1588=LINE('',#1587,#1586);
#1589=DIRECTION('',(-1.E0,0.E0,0.E0));
#1590=VECTOR('',#1589,6.35E-1);
#1591=CARTESIAN_POINT('',(4.0675E0,-9.325E-1,1.89E0));
#1592=LINE('',#1591,#1590);
#1593=DIRECTION('',(1.657079250569E-1,1.657079250569E-1,-9.721531603336E-1));
#1594=VECTOR('',#1593,9.052071586107E-1);
#1595=CARTESIAN_POINT('',(3.9175E0,-1.0825E0,2.77E0));
#1596=LINE('',#1595,#1594);
#1597=DIRECTION('',(1.657079250569E-1,-1.657079250569E-1,-9.721531603336E-1));
#1598=VECTOR('',#1597,9.052071586107E-1);
#1599=CARTESIAN_POINT('',(3.9175E0,-1.4175E0,2.77E0));
#1600=LINE('',#1599,#1598);
#1601=DIRECTION('',(-1.E0,0.E0,0.E0));
#1602=VECTOR('',#1601,3.35E-1);
#1603=CARTESIAN_POINT('',(3.9175E0,-1.4175E0,2.77E0));
#1604=LINE('',#1603,#1602);
#1605=DIRECTION('',(0.E0,1.E0,0.E0));
#1606=VECTOR('',#1605,3.35E-1);
#1607=CARTESIAN_POINT('',(3.5825E0,-1.4175E0,2.77E0));
#1608=LINE('',#1607,#1606);
#1609=DIRECTION('',(-1.E0,0.E0,0.E0));
#1610=VECTOR('',#1609,3.35E-1);
#1611=CARTESIAN_POINT('',(3.9175E0,-1.0825E0,2.77E0));
#1612=LINE('',#1611,#1610);
#1613=DIRECTION('',(0.E0,-1.E0,0.E0));
#1614=VECTOR('',#1613,3.35E-1);
#1615=CARTESIAN_POINT('',(3.9175E0,-1.0825E0,2.77E0));
#1616=LINE('',#1615,#1614);
#1617=DIRECTION('',(-1.657079250569E-1,-1.657079250569E-1,-9.721531603336E-1));
#1618=VECTOR('',#1617,9.052071586107E-1);
#1619=CARTESIAN_POINT('',(3.5825E0,-1.4175E0,2.77E0));
#1620=LINE('',#1619,#1618);
#1621=DIRECTION('',(-1.E0,0.E0,0.E0));
#1622=VECTOR('',#1621,6.35E-1);
#1623=CARTESIAN_POINT('',(4.0675E0,-1.5675E0,-7.15E0));
#1624=LINE('',#1623,#1622);
#1625=DIRECTION('',(-1.E0,0.E0,0.E0));
#1626=VECTOR('',#1625,6.35E-1);
#1627=CARTESIAN_POINT('',(4.0675E0,-1.5675E0,1.89E0));
#1628=LINE('',#1627,#1626);
#1629=DIRECTION('',(1.657079250569E-1,-1.657079250569E-1,9.721531603336E-1));
#1630=VECTOR('',#1629,9.052071586107E-1);
#1631=CARTESIAN_POINT('',(3.9175E0,-1.4175E0,-8.03E0));
#1632=LINE('',#1631,#1630);
#1633=DIRECTION('',(-1.657079250569E-1,-1.657079250569E-1,9.721531603336E-1));
#1634=VECTOR('',#1633,9.052071586107E-1);
#1635=CARTESIAN_POINT('',(3.5825E0,-1.4175E0,-8.03E0));
#1636=LINE('',#1635,#1634);
#1637=DIRECTION('',(-1.657079250569E-1,1.657079250569E-1,-9.721531603336E-1));
#1638=VECTOR('',#1637,9.052071586107E-1);
#1639=CARTESIAN_POINT('',(3.5825E0,-1.0825E0,2.77E0));
#1640=LINE('',#1639,#1638);
#1641=DIRECTION('',(0.E0,0.E0,-1.E0));
#1642=VECTOR('',#1641,6.E0);
#1643=CARTESIAN_POINT('',(1.4E-1,-2.345E0,4.23E0));
#1644=LINE('',#1643,#1642);
#1645=DIRECTION('',(0.E0,0.E0,-1.E0));
#1646=VECTOR('',#1645,6.E0);
#1647=CARTESIAN_POINT('',(1.4E-1,-1.55E-1,4.23E0));
#1648=LINE('',#1647,#1646);
#1649=DIRECTION('',(0.E0,0.E0,-1.E0));
#1650=VECTOR('',#1649,6.E0);
#1651=CARTESIAN_POINT('',(2.36E0,-1.55E-1,4.23E0));
#1652=LINE('',#1651,#1650);
#1653=DIRECTION('',(0.E0,0.E0,-1.E0));
#1654=VECTOR('',#1653,6.E0);
#1655=CARTESIAN_POINT('',(2.36E0,-2.345E0,4.23E0));
#1656=LINE('',#1655,#1654);
#1657=DIRECTION('',(0.E0,-1.E0,0.E0));
#1658=VECTOR('',#1657,2.19E0);
#1659=CARTESIAN_POINT('',(1.4E-1,2.345E0,-1.77E0));
#1660=LINE('',#1659,#1658);
#1661=DIRECTION('',(-1.E0,0.E0,0.E0));
#1662=VECTOR('',#1661,2.22E0);
#1663=CARTESIAN_POINT('',(2.36E0,2.345E0,-1.77E0));
#1664=LINE('',#1663,#1662);
#1665=DIRECTION('',(0.E0,1.E0,0.E0));
#1666=VECTOR('',#1665,2.19E0);
#1667=CARTESIAN_POINT('',(2.36E0,1.55E-1,-1.77E0));
#1668=LINE('',#1667,#1666);
#1669=DIRECTION('',(1.E0,0.E0,0.E0));
#1670=VECTOR('',#1669,2.22E0);
#1671=CARTESIAN_POINT('',(1.4E-1,1.55E-1,-1.77E0));
#1672=LINE('',#1671,#1670);
#1673=DIRECTION('',(1.E0,0.E0,0.E0));
#1674=VECTOR('',#1673,2.22E0);
#1675=CARTESIAN_POINT('',(1.4E-1,-2.345E0,-1.77E0));
#1676=LINE('',#1675,#1674);
#1677=DIRECTION('',(0.E0,-1.E0,0.E0));
#1678=VECTOR('',#1677,2.19E0);
#1679=CARTESIAN_POINT('',(1.4E-1,-1.55E-1,-1.77E0));
#1680=LINE('',#1679,#1678);
#1681=DIRECTION('',(-1.E0,0.E0,0.E0));
#1682=VECTOR('',#1681,2.22E0);
#1683=CARTESIAN_POINT('',(2.36E0,-1.55E-1,-1.77E0));
#1684=LINE('',#1683,#1682);
#1685=DIRECTION('',(0.E0,1.E0,0.E0));
#1686=VECTOR('',#1685,2.19E0);
#1687=CARTESIAN_POINT('',(2.36E0,-2.345E0,-1.77E0));
#1688=LINE('',#1687,#1686);
#1689=DIRECTION('',(0.E0,1.E0,0.E0));
#1690=VECTOR('',#1689,6.35E-1);
#1691=CARTESIAN_POINT('',(9.325E-1,-1.5675E0,-1.77E0));
#1692=LINE('',#1691,#1690);
#1693=DIRECTION('',(1.E0,0.E0,0.E0));
#1694=VECTOR('',#1693,6.35E-1);
#1695=CARTESIAN_POINT('',(9.325E-1,-1.5675E0,-1.77E0));
#1696=LINE('',#1695,#1694);
#1697=DIRECTION('',(0.E0,1.E0,0.E0));
#1698=VECTOR('',#1697,6.35E-1);
#1699=CARTESIAN_POINT('',(1.5675E0,-1.5675E0,-1.77E0));
#1700=LINE('',#1699,#1698);
#1701=DIRECTION('',(1.E0,0.E0,0.E0));
#1702=VECTOR('',#1701,6.35E-1);
#1703=CARTESIAN_POINT('',(9.325E-1,-9.325E-1,-1.77E0));
#1704=LINE('',#1703,#1702);
#1705=DIRECTION('',(1.E0,0.E0,0.E0));
#1706=VECTOR('',#1705,6.35E-1);
#1707=CARTESIAN_POINT('',(9.325E-1,9.325E-1,-1.77E0));
#1708=LINE('',#1707,#1706);
#1709=DIRECTION('',(0.E0,1.E0,0.E0));
#1710=VECTOR('',#1709,6.35E-1);
#1711=CARTESIAN_POINT('',(1.5675E0,9.325E-1,-1.77E0));
#1712=LINE('',#1711,#1710);
#1713=DIRECTION('',(1.E0,0.E0,0.E0));
#1714=VECTOR('',#1713,6.35E-1);
#1715=CARTESIAN_POINT('',(9.325E-1,1.5675E0,-1.77E0));
#1716=LINE('',#1715,#1714);
#1717=DIRECTION('',(0.E0,1.E0,0.E0));
#1718=VECTOR('',#1717,6.35E-1);
#1719=CARTESIAN_POINT('',(9.325E-1,9.325E-1,-1.77E0));
#1720=LINE('',#1719,#1718);
#1721=DIRECTION('',(0.E0,0.E0,-1.E0));
#1722=VECTOR('',#1721,6.E0);
#1723=CARTESIAN_POINT('',(1.4E-1,2.345E0,4.23E0));
#1724=LINE('',#1723,#1722);
#1725=DIRECTION('',(1.E0,0.E0,0.E0));
#1726=VECTOR('',#1725,8.7E-1);
#1727=CARTESIAN_POINT('',(1.33E0,2.345E0,-3.2E-1));
#1728=LINE('',#1727,#1726);
#1729=DIRECTION('',(0.E0,0.E0,-1.E0));
#1730=VECTOR('',#1729,4.55E0);
#1731=CARTESIAN_POINT('',(2.2E0,2.345E0,4.23E0));
#1732=LINE('',#1731,#1730);
#1733=DIRECTION('',(0.E0,0.E0,-1.E0));
#1734=VECTOR('',#1733,6.E0);
#1735=CARTESIAN_POINT('',(2.36E0,2.345E0,4.23E0));
#1736=LINE('',#1735,#1734);
#1737=DIRECTION('',(0.E0,0.E0,-1.E0));
#1738=VECTOR('',#1737,4.55E0);
#1739=CARTESIAN_POINT('',(1.33E0,2.345E0,4.23E0));
#1740=LINE('',#1739,#1738);
#1741=DIRECTION('',(1.E0,0.E0,0.E0));
#1742=VECTOR('',#1741,2.3E0);
#1743=CARTESIAN_POINT('',(-1.15E0,5.E0,-3.2E-1));
#1744=LINE('',#1743,#1742);
#1745=DIRECTION('',(-1.E0,0.E0,0.E0));
#1746=VECTOR('',#1745,1.05E0);
#1747=CARTESIAN_POINT('',(2.2E0,5.E0,-3.2E-1));
#1748=LINE('',#1747,#1746);
#1749=DIRECTION('',(0.E0,1.E0,0.E0));
#1750=VECTOR('',#1749,2.655E0);
#1751=CARTESIAN_POINT('',(2.2E0,2.345E0,-3.2E-1));
#1752=LINE('',#1751,#1750);
#1753=DIRECTION('',(0.E0,-1.E0,0.E0));
#1754=VECTOR('',#1753,2.8E-1);
#1755=CARTESIAN_POINT('',(1.33E0,2.625E0,-3.2E-1));
#1756=LINE('',#1755,#1754);
#1757=DIRECTION('',(1.E0,0.E0,0.E0));
#1758=VECTOR('',#1757,2.66E0);
#1759=CARTESIAN_POINT('',(-1.33E0,2.625E0,-3.2E-1));
#1760=LINE('',#1759,#1758);
#1761=DIRECTION('',(0.E0,1.E0,0.E0));
#1762=VECTOR('',#1761,2.8E-1);
#1763=CARTESIAN_POINT('',(-1.33E0,2.345E0,-3.2E-1));
#1764=LINE('',#1763,#1762);
#1765=DIRECTION('',(0.E0,-1.E0,0.E0));
#1766=VECTOR('',#1765,2.655E0);
#1767=CARTESIAN_POINT('',(-2.2E0,5.E0,-3.2E-1));
#1768=LINE('',#1767,#1766);
#1769=DIRECTION('',(-1.E0,0.E0,0.E0));
#1770=VECTOR('',#1769,1.05E0);
#1771=CARTESIAN_POINT('',(-1.15E0,5.E0,-3.2E-1));
#1772=LINE('',#1771,#1770);
#1773=DIRECTION('',(0.E0,0.E0,-1.E0));
#1774=VECTOR('',#1773,4.6E-1);
#1775=CARTESIAN_POINT('',(1.15E0,5.E0,-3.2E-1));
#1776=LINE('',#1775,#1774);
#1777=DIRECTION('',(0.E0,0.E0,1.E0));
#1778=VECTOR('',#1777,4.6E-1);
#1779=CARTESIAN_POINT('',(-1.15E0,5.E0,-7.8E-1));
#1780=LINE('',#1779,#1778);
#1781=DIRECTION('',(0.E0,1.E0,0.E0));
#1782=VECTOR('',#1781,2.660000000549E0);
#1783=CARTESIAN_POINT('',(2.4E0,2.99E0,-7.8E-1));
#1784=LINE('',#1783,#1782);
#1785=DIRECTION('',(0.E0,-1.E0,0.E0));
#1786=VECTOR('',#1785,6.5E-1);
#1787=CARTESIAN_POINT('',(1.15E0,5.65E0,-7.8E-1));
#1788=LINE('',#1787,#1786);
#1789=DIRECTION('',(1.E0,0.E0,0.E0));
#1790=VECTOR('',#1789,2.3E0);
#1791=CARTESIAN_POINT('',(-1.15E0,5.E0,-7.8E-1));
#1792=LINE('',#1791,#1790);
#1793=DIRECTION('',(0.E0,-1.E0,0.E0));
#1794=VECTOR('',#1793,6.5E-1);
#1795=CARTESIAN_POINT('',(-1.15E0,5.65E0,-7.8E-1));
#1796=LINE('',#1795,#1794);
#1797=DIRECTION('',(0.E0,-1.E0,0.E0));
#1798=VECTOR('',#1797,2.660000000274E0);
#1799=CARTESIAN_POINT('',(-2.4E0,5.650000000274E0,-7.8E-1));
#1800=LINE('',#1799,#1798);
#1801=CARTESIAN_POINT('',(2.4E0,2.99E0,-5.8E-1));
#1802=DIRECTION('',(0.E0,-1.E0,0.E0));
#1803=DIRECTION('',(0.E0,0.E0,-1.E0));
#1804=AXIS2_PLACEMENT_3D('',#1801,#1802,#1803);
#1806=DIRECTION('',(0.E0,0.E0,1.E0));
#1807=VECTOR('',#1806,6.26E0);
#1808=CARTESIAN_POINT('',(2.6E0,5.65E0,-5.8E-1));
#1809=LINE('',#1808,#1807);
#1810=DIRECTION('',(0.E0,1.E0,0.E0));
#1811=VECTOR('',#1810,2.66E0);
#1812=CARTESIAN_POINT('',(2.6E0,2.99E0,-5.8E-1));
#1813=LINE('',#1812,#1811);
#1814=DIRECTION('',(0.E0,-1.E0,0.E0));
#1815=VECTOR('',#1814,8.2E-1);
#1816=CARTESIAN_POINT('',(2.6E0,3.81E0,4.23E0));
#1817=LINE('',#1816,#1815);
#1818=DIRECTION('',(0.E0,-7.095325119658E-1,-7.046727002400E-1));
#1819=VECTOR('',#1818,2.057692882818E0);
#1820=CARTESIAN_POINT('',(2.6E0,5.27E0,5.68E0));
#1821=LINE('',#1820,#1819);
#1822=DIRECTION('',(0.E0,-1.E0,0.E0));
#1823=VECTOR('',#1822,3.8E-1);
#1824=CARTESIAN_POINT('',(2.6E0,5.65E0,5.68E0));
#1825=LINE('',#1824,#1823);
#1826=CARTESIAN_POINT('',(2.4E0,5.65E0,-5.8E-1));
#1827=DIRECTION('',(0.E0,0.E0,1.E0));
#1828=DIRECTION('',(1.E0,0.E0,0.E0));
#1829=AXIS2_PLACEMENT_3D('',#1826,#1827,#1828);
#1831=CARTESIAN_POINT('',(2.4E0,5.65E0,5.68E0));
#1832=DIRECTION('',(0.E0,0.E0,1.E0));
#1833=DIRECTION('',(1.E0,0.E0,0.E0));
#1834=AXIS2_PLACEMENT_3D('',#1831,#1832,#1833);
#1836=CARTESIAN_POINT('',(-2.4E0,5.65E0,5.68E0));
#1837=DIRECTION('',(0.E0,0.E0,1.E0));
#1838=DIRECTION('',(0.E0,1.E0,0.E0));
#1839=AXIS2_PLACEMENT_3D('',#1836,#1837,#1838);
#1841=DIRECTION('',(1.E0,0.E0,0.E0));
#1842=VECTOR('',#1841,4.8E0);
#1843=CARTESIAN_POINT('',(-2.4E0,5.85E0,5.68E0));
#1844=LINE('',#1843,#1842);
#1845=DIRECTION('',(0.E0,7.095325119658E-1,7.046727002400E-1));
#1846=VECTOR('',#1845,1.677160637365E0);
#1847=CARTESIAN_POINT('',(-2.2E0,3.81E0,4.23E0));
#1848=LINE('',#1847,#1846);
#1849=DIRECTION('',(1.E0,0.E0,0.E0));
#1850=VECTOR('',#1849,5.2E0);
#1851=CARTESIAN_POINT('',(-2.6E0,5.27E0,5.68E0));
#1852=LINE('',#1851,#1850);
#1853=DIRECTION('',(0.E0,7.095325119658E-1,7.046727002400E-1));
#1854=VECTOR('',#1853,1.677160637365E0);
#1855=CARTESIAN_POINT('',(2.2E0,3.81E0,4.23E0));
#1856=LINE('',#1855,#1854);
#1857=DIRECTION('',(-1.E0,0.E0,0.E0));
#1858=VECTOR('',#1857,4.4E0);
#1859=CARTESIAN_POINT('',(2.2E0,5.E0,5.411849315068E0));
#1860=LINE('',#1859,#1858);
#1861=DIRECTION('',(0.E0,0.E0,-1.E0));
#1862=VECTOR('',#1861,5.731849315068E0);
#1863=CARTESIAN_POINT('',(-2.2E0,5.E0,5.411849315068E0));
#1864=LINE('',#1863,#1862);
#1865=DIRECTION('',(0.E0,0.E0,1.E0));
#1866=VECTOR('',#1865,4.41E0);
#1867=CARTESIAN_POINT('',(-1.15E0,5.E0,-3.2E-1));
#1868=LINE('',#1867,#1866);
#1869=DIRECTION('',(0.E0,0.E0,-1.E0));
#1870=VECTOR('',#1869,5.731849315068E0);
#1871=CARTESIAN_POINT('',(2.2E0,5.E0,5.411849315068E0));
#1872=LINE('',#1871,#1870);
#1873=DIRECTION('',(0.E0,0.E0,1.E0));
#1874=VECTOR('',#1873,4.41E0);
#1875=CARTESIAN_POINT('',(1.15E0,5.E0,-3.2E-1));
#1876=LINE('',#1875,#1874);
#1877=CARTESIAN_POINT('',(9.E-1,5.E0,4.09E0));
#1878=DIRECTION('',(0.E0,1.E0,0.E0));
#1879=DIRECTION('',(0.E0,0.E0,1.E0));
#1880=AXIS2_PLACEMENT_3D('',#1877,#1878,#1879);
#1882=DIRECTION('',(1.E0,0.E0,0.E0));
#1883=VECTOR('',#1882,1.8E0);
#1884=CARTESIAN_POINT('',(-9.E-1,5.E0,4.34E0));
#1885=LINE('',#1884,#1883);
#1886=CARTESIAN_POINT('',(-9.E-1,5.E0,4.09E0));
#1887=DIRECTION('',(0.E0,1.E0,0.E0));
#1888=DIRECTION('',(-1.E0,0.E0,0.E0));
#1889=AXIS2_PLACEMENT_3D('',#1886,#1887,#1888);
#1891=DIRECTION('',(0.E0,-1.E0,0.E0));
#1892=VECTOR('',#1891,8.5E-1);
#1893=CARTESIAN_POINT('',(-1.15E0,5.85E0,4.09E0));
#1894=LINE('',#1893,#1892);
#1895=DIRECTION('',(0.E0,0.E0,1.E0));
#1896=VECTOR('',#1895,6.260000000915E0);
#1897=CARTESIAN_POINT('',(2.4E0,5.85E0,-5.800000009152E-1));
#1898=LINE('',#1897,#1896);
#1899=DIRECTION('',(0.E0,0.E0,-1.E0));
#1900=VECTOR('',#1899,6.260000001830E0);
#1901=CARTESIAN_POINT('',(-2.4E0,5.85E0,5.68E0));
#1902=LINE('',#1901,#1900);
#1903=DIRECTION('',(1.E0,0.E0,1.464334964396E-9));
#1904=VECTOR('',#1903,1.25E0);
#1905=CARTESIAN_POINT('',(-2.4E0,5.85E0,-5.800000018304E-1));
#1906=LINE('',#1905,#1904);
#1907=DIRECTION('',(0.E0,0.E0,1.E0));
#1908=VECTOR('',#1907,4.67E0);
#1909=CARTESIAN_POINT('',(-1.15E0,5.85E0,-5.8E-1));
#1910=LINE('',#1909,#1908);
#1911=CARTESIAN_POINT('',(-9.E-1,5.85E0,4.09E0));
#1912=DIRECTION('',(0.E0,1.E0,0.E0));
#1913=DIRECTION('',(-1.E0,0.E0,0.E0));
#1914=AXIS2_PLACEMENT_3D('',#1911,#1912,#1913);
#1916=DIRECTION('',(1.E0,0.E0,0.E0));
#1917=VECTOR('',#1916,1.8E0);
#1918=CARTESIAN_POINT('',(-9.E-1,5.85E0,4.34E0));
#1919=LINE('',#1918,#1917);
#1920=CARTESIAN_POINT('',(9.E-1,5.85E0,4.09E0));
#1921=DIRECTION('',(0.E0,1.E0,0.E0));
#1922=DIRECTION('',(0.E0,0.E0,1.E0));
#1923=AXIS2_PLACEMENT_3D('',#1920,#1921,#1922);
#1925=DIRECTION('',(0.E0,0.E0,1.E0));
#1926=VECTOR('',#1925,4.67E0);
#1927=CARTESIAN_POINT('',(1.15E0,5.85E0,-5.8E-1));
#1928=LINE('',#1927,#1926);
#1929=DIRECTION('',(1.E0,0.E0,-7.321795614246E-10));
#1930=VECTOR('',#1929,1.25E0);
#1931=CARTESIAN_POINT('',(1.15E0,5.85E0,-5.8E-1));
#1932=LINE('',#1931,#1930);
#1933=DIRECTION('',(0.E0,-1.E0,0.E0));
#1934=VECTOR('',#1933,2.66E0);
#1935=CARTESIAN_POINT('',(-2.6E0,5.65E0,-5.8E-1));
#1936=LINE('',#1935,#1934);
#1937=DIRECTION('',(0.E0,0.E0,-1.E0));
#1938=VECTOR('',#1937,6.26E0);
#1939=CARTESIAN_POINT('',(-2.6E0,5.65E0,5.68E0));
#1940=LINE('',#1939,#1938);
#1941=DIRECTION('',(0.E0,-1.E0,0.E0));
#1942=VECTOR('',#1941,3.8E-1);
#1943=CARTESIAN_POINT('',(-2.6E0,5.65E0,5.68E0));
#1944=LINE('',#1943,#1942);
#1945=DIRECTION('',(0.E0,-7.095325119658E-1,-7.046727002400E-1));
#1946=VECTOR('',#1945,2.057692882818E0);
#1947=CARTESIAN_POINT('',(-2.6E0,5.27E0,5.68E0));
#1948=LINE('',#1947,#1946);
#1949=DIRECTION('',(0.E0,-1.E0,0.E0));
#1950=VECTOR('',#1949,8.2E-1);
#1951=CARTESIAN_POINT('',(-2.6E0,3.81E0,4.23E0));
#1952=LINE('',#1951,#1950);
#1953=CARTESIAN_POINT('',(-2.4E0,5.65E0,-5.8E-1));
#1954=DIRECTION('',(0.E0,-1.E0,0.E0));
#1955=DIRECTION('',(-1.E0,0.E0,0.E0));
#1956=AXIS2_PLACEMENT_3D('',#1953,#1954,#1955);
#1958=CARTESIAN_POINT('',(-2.4E0,2.99E0,-5.8E-1));
#1959=DIRECTION('',(0.E0,-1.E0,0.E0));
#1960=DIRECTION('',(-1.E0,0.E0,0.E0));
#1961=AXIS2_PLACEMENT_3D('',#1958,#1959,#1960);
#1963=CARTESIAN_POINT('',(-2.4E0,5.65E0,-5.8E-1));
#1964=DIRECTION('',(0.E0,0.E0,-1.E0));
#1965=DIRECTION('',(-1.E0,0.E0,0.E0));
#1966=AXIS2_PLACEMENT_3D('',#1963,#1964,#1965);
#1968=CARTESIAN_POINT('',(2.4E0,5.65E0,-5.8E-1));
#1969=DIRECTION('',(1.E0,0.E0,0.E0));
#1970=DIRECTION('',(0.E0,0.E0,-1.E0));
#1971=AXIS2_PLACEMENT_3D('',#1968,#1969,#1970);
#1973=CARTESIAN_POINT('',(1.15E0,5.65E0,-5.8E-1));
#1974=DIRECTION('',(1.E0,0.E0,0.E0));
#1975=DIRECTION('',(0.E0,0.E0,-1.E0));
#1976=AXIS2_PLACEMENT_3D('',#1973,#1974,#1975);
#1978=DIRECTION('',(1.E0,4.389278274175E-10,0.E0));
#1979=VECTOR('',#1978,1.25E0);
#1980=CARTESIAN_POINT('',(1.15E0,5.65E0,-7.8E-1));
#1981=LINE('',#1980,#1979);
#1982=CARTESIAN_POINT('',(-2.4E0,5.65E0,-5.8E-1));
#1983=DIRECTION('',(-1.E0,0.E0,0.E0));
#1984=DIRECTION('',(0.E0,1.E0,0.E0));
#1985=AXIS2_PLACEMENT_3D('',#1982,#1983,#1984);
#1987=DIRECTION('',(1.E0,-2.194695980506E-10,0.E0));
#1988=VECTOR('',#1987,1.25E0);
#1989=CARTESIAN_POINT('',(-2.4E0,5.650000000274E0,-7.8E-1));
#1990=LINE('',#1989,#1988);
#1991=CARTESIAN_POINT('',(-1.15E0,5.65E0,-5.8E-1));
#1992=DIRECTION('',(1.E0,0.E0,0.E0));
#1993=DIRECTION('',(0.E0,0.E0,-1.E0));
#1994=AXIS2_PLACEMENT_3D('',#1991,#1992,#1993);
#1996=CARTESIAN_POINT('',(2.4E0,5.65E0,-5.8E-1));
#1997=DIRECTION('',(0.E0,1.E0,0.E0));
#1998=DIRECTION('',(1.E0,0.E0,0.E0));
#1999=AXIS2_PLACEMENT_3D('',#1996,#1997,#1998);
#2001=DIRECTION('',(0.E0,-1.E0,0.E0));
#2002=VECTOR('',#2001,8.5E-1);
#2003=CARTESIAN_POINT('',(1.15E0,5.85E0,4.09E0));
#2004=LINE('',#2003,#2002);
#2005=DIRECTION('',(0.E0,-1.E0,0.E0));
#2006=VECTOR('',#2005,8.5E-1);
#2007=CARTESIAN_POINT('',(9.E-1,5.85E0,4.34E0));
#2008=LINE('',#2007,#2006);
#2009=DIRECTION('',(0.E0,-1.E0,0.E0));
#2010=VECTOR('',#2009,8.5E-1);
#2011=CARTESIAN_POINT('',(-9.E-1,5.85E0,4.34E0));
#2012=LINE('',#2011,#2010);
#2013=DIRECTION('',(-1.E0,0.E0,0.E0));
#2014=VECTOR('',#2013,8.7E-1);
#2015=CARTESIAN_POINT('',(-1.33E0,2.345E0,-3.2E-1));
#2016=LINE('',#2015,#2014);
#2017=DIRECTION('',(0.E0,0.E0,-1.E0));
#2018=VECTOR('',#2017,4.55E0);
#2019=CARTESIAN_POINT('',(-1.33E0,2.345E0,4.23E0));
#2020=LINE('',#2019,#2018);
#2021=DIRECTION('',(0.E0,0.E0,-1.E0));
#2022=VECTOR('',#2021,6.E0);
#2023=CARTESIAN_POINT('',(-1.4E-1,2.345E0,4.23E0));
#2024=LINE('',#2023,#2022);
#2025=DIRECTION('',(0.E0,0.E0,-1.E0));
#2026=VECTOR('',#2025,4.55E0);
#2027=CARTESIAN_POINT('',(-2.2E0,2.345E0,4.23E0));
#2028=LINE('',#2027,#2026);
#2029=DIRECTION('',(0.E0,0.E0,-1.E0));
#2030=VECTOR('',#2029,4.55E0);
#2031=CARTESIAN_POINT('',(-1.33E0,2.625E0,4.23E0));
#2032=LINE('',#2031,#2030);
#2033=DIRECTION('',(0.E0,0.E0,-1.E0));
#2034=VECTOR('',#2033,4.55E0);
#2035=CARTESIAN_POINT('',(1.33E0,2.625E0,4.23E0));
#2036=LINE('',#2035,#2034);
#2037=DIRECTION('',(0.E0,0.E0,-1.E0));
#2038=VECTOR('',#2037,6.E0);
#2039=CARTESIAN_POINT('',(-1.4E-1,1.55E-1,4.23E0));
#2040=LINE('',#2039,#2038);
#2041=DIRECTION('',(0.E0,0.E0,-1.E0));
#2042=VECTOR('',#2041,6.E0);
#2043=CARTESIAN_POINT('',(-2.36E0,1.55E-1,4.23E0));
#2044=LINE('',#2043,#2042);
#2045=DIRECTION('',(0.E0,0.E0,-1.E0));
#2046=VECTOR('',#2045,6.E0);
#2047=CARTESIAN_POINT('',(-2.36E0,2.345E0,4.23E0));
#2048=LINE('',#2047,#2046);
#2049=DIRECTION('',(0.E0,-1.E0,0.E0));
#2050=VECTOR('',#2049,2.19E0);
#2051=CARTESIAN_POINT('',(-2.36E0,2.345E0,-1.77E0));
#2052=LINE('',#2051,#2050);
#2053=DIRECTION('',(-1.E0,0.E0,0.E0));
#2054=VECTOR('',#2053,2.22E0);
#2055=CARTESIAN_POINT('',(-1.4E-1,2.345E0,-1.77E0));
#2056=LINE('',#2055,#2054);
#2057=DIRECTION('',(0.E0,1.E0,0.E0));
#2058=VECTOR('',#2057,2.19E0);
#2059=CARTESIAN_POINT('',(-1.4E-1,1.55E-1,-1.77E0));
#2060=LINE('',#2059,#2058);
#2061=DIRECTION('',(1.E0,0.E0,0.E0));
#2062=VECTOR('',#2061,2.22E0);
#2063=CARTESIAN_POINT('',(-2.36E0,1.55E-1,-1.77E0));
#2064=LINE('',#2063,#2062);
#2065=DIRECTION('',(1.E0,0.E0,0.E0));
#2066=VECTOR('',#2065,2.22E0);
#2067=CARTESIAN_POINT('',(-2.36E0,-2.345E0,-1.77E0));
#2068=LINE('',#2067,#2066);
#2069=DIRECTION('',(0.E0,-1.E0,0.E0));
#2070=VECTOR('',#2069,2.19E0);
#2071=CARTESIAN_POINT('',(-2.36E0,-1.55E-1,-1.77E0));
#2072=LINE('',#2071,#2070);
#2073=DIRECTION('',(-1.E0,0.E0,0.E0));
#2074=VECTOR('',#2073,2.22E0);
#2075=CARTESIAN_POINT('',(-1.4E-1,-1.55E-1,-1.77E0));
#2076=LINE('',#2075,#2074);
#2077=DIRECTION('',(0.E0,1.E0,0.E0));
#2078=VECTOR('',#2077,2.19E0);
#2079=CARTESIAN_POINT('',(-1.4E-1,-2.345E0,-1.77E0));
#2080=LINE('',#2079,#2078);
#2081=DIRECTION('',(0.E0,1.E0,0.E0));
#2082=VECTOR('',#2081,6.35E-1);
#2083=CARTESIAN_POINT('',(-1.5675E0,-1.5675E0,-1.77E0));
#2084=LINE('',#2083,#2082);
#2085=DIRECTION('',(1.E0,0.E0,0.E0));
#2086=VECTOR('',#2085,6.35E-1);
#2087=CARTESIAN_POINT('',(-1.5675E0,-1.5675E0,-1.77E0));
#2088=LINE('',#2087,#2086);
#2089=DIRECTION('',(0.E0,1.E0,0.E0));
#2090=VECTOR('',#2089,6.35E-1);
#2091=CARTESIAN_POINT('',(-9.325E-1,-1.5675E0,-1.77E0));
#2092=LINE('',#2091,#2090);
#2093=DIRECTION('',(1.E0,0.E0,0.E0));
#2094=VECTOR('',#2093,6.35E-1);
#2095=CARTESIAN_POINT('',(-1.5675E0,-9.325E-1,-1.77E0));
#2096=LINE('',#2095,#2094);
#2097=DIRECTION('',(1.E0,0.E0,0.E0));
#2098=VECTOR('',#2097,6.35E-1);
#2099=CARTESIAN_POINT('',(-1.5675E0,9.325E-1,-1.77E0));
#2100=LINE('',#2099,#2098);
#2101=DIRECTION('',(0.E0,1.E0,0.E0));
#2102=VECTOR('',#2101,6.35E-1);
#2103=CARTESIAN_POINT('',(-9.325E-1,9.325E-1,-1.77E0));
#2104=LINE('',#2103,#2102);
#2105=DIRECTION('',(1.E0,0.E0,0.E0));
#2106=VECTOR('',#2105,6.35E-1);
#2107=CARTESIAN_POINT('',(-1.5675E0,1.5675E0,-1.77E0));
#2108=LINE('',#2107,#2106);
#2109=DIRECTION('',(0.E0,1.E0,0.E0));
#2110=VECTOR('',#2109,6.35E-1);
#2111=CARTESIAN_POINT('',(-1.5675E0,9.325E-1,-1.77E0));
#2112=LINE('',#2111,#2110);
#2113=DIRECTION('',(0.E0,0.E0,-1.E0));
#2114=VECTOR('',#2113,6.E0);
#2115=CARTESIAN_POINT('',(-2.36E0,-2.345E0,4.23E0));
#2116=LINE('',#2115,#2114);
#2117=DIRECTION('',(0.E0,0.E0,-1.E0));
#2118=VECTOR('',#2117,6.E0);
#2119=CARTESIAN_POINT('',(-2.36E0,-1.55E-1,4.23E0));
#2120=LINE('',#2119,#2118);
#2121=DIRECTION('',(0.E0,0.E0,-1.E0));
#2122=VECTOR('',#2121,6.E0);
#2123=CARTESIAN_POINT('',(-1.4E-1,-1.55E-1,4.23E0));
#2124=LINE('',#2123,#2122);
#2125=DIRECTION('',(0.E0,0.E0,-1.E0));
#2126=VECTOR('',#2125,6.E0);
#2127=CARTESIAN_POINT('',(-1.4E-1,-2.345E0,4.23E0));
#2128=LINE('',#2127,#2126);
#2129=DIRECTION('',(0.E0,1.E0,0.E0));
#2130=VECTOR('',#2129,6.35E-1);
#2131=CARTESIAN_POINT('',(-1.5675E0,9.325E-1,1.89E0));
#2132=LINE('',#2131,#2130);
#2133=DIRECTION('',(0.E0,0.E0,-1.E0));
#2134=VECTOR('',#2133,3.66E0);
#2135=CARTESIAN_POINT('',(-1.5675E0,9.325E-1,1.89E0));
#2136=LINE('',#2135,#2134);
#2137=DIRECTION('',(0.E0,0.E0,1.E0));
#2138=VECTOR('',#2137,3.66E0);
#2139=CARTESIAN_POINT('',(-1.5675E0,1.5675E0,-1.77E0));
#2140=LINE('',#2139,#2138);
#2141=DIRECTION('',(0.E0,-1.E0,0.E0));
#2142=VECTOR('',#2141,6.35E-1);
#2143=CARTESIAN_POINT('',(-1.5675E0,1.5675E0,-7.15E0));
#2144=LINE('',#2143,#2142);
#2145=DIRECTION('',(0.E0,0.E0,1.E0));
#2146=VECTOR('',#2145,2.92E0);
#2147=CARTESIAN_POINT('',(-1.5675E0,1.5675E0,-7.15E0));
#2148=LINE('',#2147,#2146);
#2149=DIRECTION('',(0.E0,0.E0,-1.E0));
#2150=VECTOR('',#2149,2.92E0);
#2151=CARTESIAN_POINT('',(-1.5675E0,9.325E-1,-4.23E0));
#2152=LINE('',#2151,#2150);
#2153=DIRECTION('',(0.E0,-1.E0,0.E0));
#2154=VECTOR('',#2153,6.35E-1);
#2155=CARTESIAN_POINT('',(-1.5675E0,-9.325E-1,-7.15E0));
#2156=LINE('',#2155,#2154);
#2157=DIRECTION('',(0.E0,0.E0,1.E0));
#2158=VECTOR('',#2157,2.92E0);
#2159=CARTESIAN_POINT('',(-1.5675E0,-9.325E-1,-7.15E0));
#2160=LINE('',#2159,#2158);
#2161=DIRECTION('',(0.E0,0.E0,-1.E0));
#2162=VECTOR('',#2161,2.92E0);
#2163=CARTESIAN_POINT('',(-1.5675E0,-1.5675E0,-4.23E0));
#2164=LINE('',#2163,#2162);
#2165=DIRECTION('',(0.E0,1.E0,0.E0));
#2166=VECTOR('',#2165,6.35E-1);
#2167=CARTESIAN_POINT('',(-1.5675E0,-1.5675E0,1.89E0));
#2168=LINE('',#2167,#2166);
#2169=DIRECTION('',(0.E0,0.E0,-1.E0));
#2170=VECTOR('',#2169,3.66E0);
#2171=CARTESIAN_POINT('',(-1.5675E0,-1.5675E0,1.89E0));
#2172=LINE('',#2171,#2170);
#2173=DIRECTION('',(0.E0,0.E0,1.E0));
#2174=VECTOR('',#2173,3.66E0);
#2175=CARTESIAN_POINT('',(-1.5675E0,-9.325E-1,-1.77E0));
#2176=LINE('',#2175,#2174);
#2177=DIRECTION('',(-1.E0,0.E0,0.E0));
#2178=VECTOR('',#2177,3.35E-1);
#2179=CARTESIAN_POINT('',(-1.0825E0,1.4175E0,2.77E0));
#2180=LINE('',#2179,#2178);
#2181=DIRECTION('',(0.E0,-1.E0,0.E0));
#2182=VECTOR('',#2181,3.35E-1);
#2183=CARTESIAN_POINT('',(-1.0825E0,1.4175E0,2.77E0));
#2184=LINE('',#2183,#2182);
#2185=DIRECTION('',(-1.E0,0.E0,0.E0));
#2186=VECTOR('',#2185,3.35E-1);
#2187=CARTESIAN_POINT('',(-1.0825E0,1.0825E0,2.77E0));
#2188=LINE('',#2187,#2186);
#2189=DIRECTION('',(0.E0,1.E0,0.E0));
#2190=VECTOR('',#2189,3.35E-1);
#2191=CARTESIAN_POINT('',(-1.4175E0,1.0825E0,2.77E0));
#2192=LINE('',#2191,#2190);
#2193=DIRECTION('',(1.657079250569E-1,-1.657079250569E-1,9.721531603336E-1));
#2194=VECTOR('',#2193,9.052071586107E-1);
#2195=CARTESIAN_POINT('',(-1.5675E0,1.5675E0,1.89E0));
#2196=LINE('',#2195,#2194);
#2197=DIRECTION('',(1.657079250569E-1,1.657079250569E-1,-9.721531603336E-1));
#2198=VECTOR('',#2197,9.052071586107E-1);
#2199=CARTESIAN_POINT('',(-1.0825E0,1.4175E0,2.77E0));
#2200=LINE('',#2199,#2198);
#2201=DIRECTION('',(-1.E0,0.E0,0.E0));
#2202=VECTOR('',#2201,6.35E-1);
#2203=CARTESIAN_POINT('',(-9.325E-1,1.5675E0,1.89E0));
#2204=LINE('',#2203,#2202);
#2205=DIRECTION('',(-1.E0,0.E0,0.E0));
#2206=VECTOR('',#2205,6.35E-1);
#2207=CARTESIAN_POINT('',(-9.325E-1,1.5675E0,-7.15E0));
#2208=LINE('',#2207,#2206);
#2209=DIRECTION('',(0.E0,-1.E0,0.E0));
#2210=VECTOR('',#2209,6.35E-1);
#2211=CARTESIAN_POINT('',(-9.325E-1,1.5675E0,1.89E0));
#2212=LINE('',#2211,#2210);
#2213=DIRECTION('',(0.E0,0.E0,1.E0));
#2214=VECTOR('',#2213,3.66E0);
#2215=CARTESIAN_POINT('',(-9.325E-1,1.5675E0,-1.77E0));
#2216=LINE('',#2215,#2214);
#2217=DIRECTION('',(0.E0,0.E0,-1.E0));
#2218=VECTOR('',#2217,3.66E0);
#2219=CARTESIAN_POINT('',(-9.325E-1,9.325E-1,1.89E0));
#2220=LINE('',#2219,#2218);
#2221=DIRECTION('',(0.E0,1.E0,0.E0));
#2222=VECTOR('',#2221,6.35E-1);
#2223=CARTESIAN_POINT('',(-9.325E-1,9.325E-1,-7.15E0));
#2224=LINE('',#2223,#2222);
#2225=DIRECTION('',(0.E0,0.E0,-1.E0));
#2226=VECTOR('',#2225,2.92E0);
#2227=CARTESIAN_POINT('',(-9.325E-1,9.325E-1,-4.23E0));
#2228=LINE('',#2227,#2226);
#2229=DIRECTION('',(0.E0,0.E0,1.E0));
#2230=VECTOR('',#2229,2.92E0);
#2231=CARTESIAN_POINT('',(-9.325E-1,1.5675E0,-7.15E0));
#2232=LINE('',#2231,#2230);
#2233=DIRECTION('',(0.E0,1.E0,0.E0));
#2234=VECTOR('',#2233,6.35E-1);
#2235=CARTESIAN_POINT('',(-9.325E-1,-1.5675E0,-7.15E0));
#2236=LINE('',#2235,#2234);
#2237=DIRECTION('',(0.E0,0.E0,-1.E0));
#2238=VECTOR('',#2237,2.92E0);
#2239=CARTESIAN_POINT('',(-9.325E-1,-1.5675E0,-4.23E0));
#2240=LINE('',#2239,#2238);
#2241=DIRECTION('',(0.E0,0.E0,1.E0));
#2242=VECTOR('',#2241,2.92E0);
#2243=CARTESIAN_POINT('',(-9.325E-1,-9.325E-1,-7.15E0));
#2244=LINE('',#2243,#2242);
#2245=DIRECTION('',(0.E0,-1.E0,0.E0));
#2246=VECTOR('',#2245,6.35E-1);
#2247=CARTESIAN_POINT('',(-9.325E-1,-9.325E-1,1.89E0));
#2248=LINE('',#2247,#2246);
#2249=DIRECTION('',(0.E0,0.E0,1.E0));
#2250=VECTOR('',#2249,3.66E0);
#2251=CARTESIAN_POINT('',(-9.325E-1,-9.325E-1,-1.77E0));
#2252=LINE('',#2251,#2250);
#2253=DIRECTION('',(0.E0,0.E0,-1.E0));
#2254=VECTOR('',#2253,3.66E0);
#2255=CARTESIAN_POINT('',(-9.325E-1,-1.5675E0,1.89E0));
#2256=LINE('',#2255,#2254);
#2257=DIRECTION('',(-1.657079250569E-1,-1.657079250569E-1,-9.721531603336E-1));
#2258=VECTOR('',#2257,9.052071586107E-1);
#2259=CARTESIAN_POINT('',(-1.4175E0,1.0825E0,2.77E0));
#2260=LINE('',#2259,#2258);
#2261=DIRECTION('',(-1.657079250569E-1,1.657079250569E-1,9.721531603336E-1));
#2262=VECTOR('',#2261,9.052071586107E-1);
#2263=CARTESIAN_POINT('',(-9.325E-1,9.325E-1,1.89E0));
#2264=LINE('',#2263,#2262);
#2265=DIRECTION('',(-1.E0,0.E0,0.E0));
#2266=VECTOR('',#2265,6.35E-1);
#2267=CARTESIAN_POINT('',(-9.325E-1,9.325E-1,1.89E0));
#2268=LINE('',#2267,#2266);
#2269=DIRECTION('',(-1.E0,0.E0,0.E0));
#2270=VECTOR('',#2269,6.35E-1);
#2271=CARTESIAN_POINT('',(-9.325E-1,9.325E-1,-7.15E0));
#2272=LINE('',#2271,#2270);
#2273=DIRECTION('',(1.657079250569E-1,-1.657079250569E-1,9.721531603336E-1));
#2274=VECTOR('',#2273,9.052071586107E-1);
#2275=CARTESIAN_POINT('',(-1.0825E0,1.0825E0,-8.03E0));
#2276=LINE('',#2275,#2274);
#2277=DIRECTION('',(-1.E0,0.E0,0.E0));
#2278=VECTOR('',#2277,3.35E-1);
#2279=CARTESIAN_POINT('',(-1.0825E0,1.4175E0,-8.03E0));
#2280=LINE('',#2279,#2278);
#2281=DIRECTION('',(0.E0,-1.E0,0.E0));
#2282=VECTOR('',#2281,3.35E-1);
#2283=CARTESIAN_POINT('',(-1.4175E0,1.4175E0,-8.03E0));
#2284=LINE('',#2283,#2282);
#2285=DIRECTION('',(-1.E0,0.E0,0.E0));
#2286=VECTOR('',#2285,3.35E-1);
#2287=CARTESIAN_POINT('',(-1.0825E0,1.0825E0,-8.03E0));
#2288=LINE('',#2287,#2286);
#2289=DIRECTION('',(0.E0,1.E0,0.E0));
#2290=VECTOR('',#2289,3.35E-1);
#2291=CARTESIAN_POINT('',(-1.0825E0,1.0825E0,-8.03E0));
#2292=LINE('',#2291,#2290);
#2293=DIRECTION('',(-1.657079250569E-1,1.657079250569E-1,9.721531603336E-1));
#2294=VECTOR('',#2293,9.052071586107E-1);
#2295=CARTESIAN_POINT('',(-1.4175E0,1.4175E0,-8.03E0));
#2296=LINE('',#2295,#2294);
#2297=DIRECTION('',(-1.657079250569E-1,-1.657079250569E-1,-9.721531603336E-1));
#2298=VECTOR('',#2297,9.052071586107E-1);
#2299=CARTESIAN_POINT('',(-9.325E-1,1.5675E0,-7.15E0));
#2300=LINE('',#2299,#2298);
#2301=DIRECTION('',(-1.657079250569E-1,-1.657079250569E-1,9.721531603336E-1));
#2302=VECTOR('',#2301,9.052071586107E-1);
#2303=CARTESIAN_POINT('',(-1.4175E0,1.0825E0,-8.03E0));
#2304=LINE('',#2303,#2302);
#2305=DIRECTION('',(-1.E0,0.E0,0.E0));
#2306=VECTOR('',#2305,3.35E-1);
#2307=CARTESIAN_POINT('',(-1.0825E0,-1.0825E0,-8.03E0));
#2308=LINE('',#2307,#2306);
#2309=DIRECTION('',(0.E0,-1.E0,0.E0));
#2310=VECTOR('',#2309,3.35E-1);
#2311=CARTESIAN_POINT('',(-1.4175E0,-1.0825E0,-8.03E0));
#2312=LINE('',#2311,#2310);
#2313=DIRECTION('',(-1.E0,0.E0,0.E0));
#2314=VECTOR('',#2313,3.35E-1);
#2315=CARTESIAN_POINT('',(-1.0825E0,-1.4175E0,-8.03E0));
#2316=LINE('',#2315,#2314);
#2317=DIRECTION('',(0.E0,1.E0,0.E0));
#2318=VECTOR('',#2317,3.35E-1);
#2319=CARTESIAN_POINT('',(-1.0825E0,-1.4175E0,-8.03E0));
#2320=LINE('',#2319,#2318);
#2321=DIRECTION('',(-1.657079250569E-1,1.657079250569E-1,9.721531603336E-1));
#2322=VECTOR('',#2321,9.052071586107E-1);
#2323=CARTESIAN_POINT('',(-1.4175E0,-1.0825E0,-8.03E0));
#2324=LINE('',#2323,#2322);
#2325=DIRECTION('',(-1.657079250569E-1,-1.657079250569E-1,-9.721531603336E-1));
#2326=VECTOR('',#2325,9.052071586107E-1);
#2327=CARTESIAN_POINT('',(-9.325E-1,-9.325E-1,-7.15E0));
#2328=LINE('',#2327,#2326);
#2329=DIRECTION('',(-1.E0,0.E0,0.E0));
#2330=VECTOR('',#2329,6.35E-1);
#2331=CARTESIAN_POINT('',(-9.325E-1,-9.325E-1,-7.15E0));
#2332=LINE('',#2331,#2330);
#2333=DIRECTION('',(-1.E0,0.E0,0.E0));
#2334=VECTOR('',#2333,6.35E-1);
#2335=CARTESIAN_POINT('',(-9.325E-1,-9.325E-1,1.89E0));
#2336=LINE('',#2335,#2334);
#2337=DIRECTION('',(1.657079250569E-1,1.657079250569E-1,-9.721531603336E-1));
#2338=VECTOR('',#2337,9.052071586107E-1);
#2339=CARTESIAN_POINT('',(-1.0825E0,-1.0825E0,2.77E0));
#2340=LINE('',#2339,#2338);
#2341=DIRECTION('',(1.657079250569E-1,-1.657079250569E-1,-9.721531603336E-1));
#2342=VECTOR('',#2341,9.052071586107E-1);
#2343=CARTESIAN_POINT('',(-1.0825E0,-1.4175E0,2.77E0));
#2344=LINE('',#2343,#2342);
#2345=DIRECTION('',(-1.E0,0.E0,0.E0));
#2346=VECTOR('',#2345,3.35E-1);
#2347=CARTESIAN_POINT('',(-1.0825E0,-1.4175E0,2.77E0));
#2348=LINE('',#2347,#2346);
#2349=DIRECTION('',(0.E0,1.E0,0.E0));
#2350=VECTOR('',#2349,3.35E-1);
#2351=CARTESIAN_POINT('',(-1.4175E0,-1.4175E0,2.77E0));
#2352=LINE('',#2351,#2350);
#2353=DIRECTION('',(-1.E0,0.E0,0.E0));
#2354=VECTOR('',#2353,3.35E-1);
#2355=CARTESIAN_POINT('',(-1.0825E0,-1.0825E0,2.77E0));
#2356=LINE('',#2355,#2354);
#2357=DIRECTION('',(0.E0,-1.E0,0.E0));
#2358=VECTOR('',#2357,3.35E-1);
#2359=CARTESIAN_POINT('',(-1.0825E0,-1.0825E0,2.77E0));
#2360=LINE('',#2359,#2358);
#2361=DIRECTION('',(-1.657079250569E-1,-1.657079250569E-1,-9.721531603336E-1));
#2362=VECTOR('',#2361,9.052071586107E-1);
#2363=CARTESIAN_POINT('',(-1.4175E0,-1.4175E0,2.77E0));
#2364=LINE('',#2363,#2362);
#2365=DIRECTION('',(-1.E0,0.E0,0.E0));
#2366=VECTOR('',#2365,6.35E-1);
#2367=CARTESIAN_POINT('',(-9.325E-1,-1.5675E0,-7.15E0));
#2368=LINE('',#2367,#2366);
#2369=DIRECTION('',(-1.E0,0.E0,0.E0));
#2370=VECTOR('',#2369,6.35E-1);
#2371=CARTESIAN_POINT('',(-9.325E-1,-1.5675E0,1.89E0));
#2372=LINE('',#2371,#2370);
#2373=DIRECTION('',(1.657079250569E-1,-1.657079250569E-1,9.721531603336E-1));
#2374=VECTOR('',#2373,9.052071586107E-1);
#2375=CARTESIAN_POINT('',(-1.0825E0,-1.4175E0,-8.03E0));
#2376=LINE('',#2375,#2374);
#2377=DIRECTION('',(-1.657079250569E-1,-1.657079250569E-1,9.721531603336E-1));
#2378=VECTOR('',#2377,9.052071586107E-1);
#2379=CARTESIAN_POINT('',(-1.4175E0,-1.4175E0,-8.03E0));
#2380=LINE('',#2379,#2378);
#2381=DIRECTION('',(-1.657079250569E-1,1.657079250569E-1,-9.721531603336E-1));
#2382=VECTOR('',#2381,9.052071586107E-1);
#2383=CARTESIAN_POINT('',(-1.4175E0,-1.0825E0,2.77E0));
#2384=LINE('',#2383,#2382);
#2385=DIRECTION('',(0.E0,0.E0,-1.E0));
#2386=VECTOR('',#2385,6.E0);
#2387=CARTESIAN_POINT('',(2.36E0,1.55E-1,4.23E0));
#2388=LINE('',#2387,#2386);
#2389=DIRECTION('',(0.E0,0.E0,-1.E0));
#2390=VECTOR('',#2389,6.E0);
#2391=CARTESIAN_POINT('',(1.4E-1,1.55E-1,4.23E0));
#2392=LINE('',#2391,#2390);
#2393=DIRECTION('',(0.E0,1.E0,0.E0));
#2394=VECTOR('',#2393,6.35E-1);
#2395=CARTESIAN_POINT('',(9.325E-1,9.325E-1,1.89E0));
#2396=LINE('',#2395,#2394);
#2397=DIRECTION('',(0.E0,0.E0,-1.E0));
#2398=VECTOR('',#2397,3.66E0);
#2399=CARTESIAN_POINT('',(9.325E-1,9.325E-1,1.89E0));
#2400=LINE('',#2399,#2398);
#2401=DIRECTION('',(0.E0,0.E0,1.E0));
#2402=VECTOR('',#2401,3.66E0);
#2403=CARTESIAN_POINT('',(9.325E-1,1.5675E0,-1.77E0));
#2404=LINE('',#2403,#2402);
#2405=DIRECTION('',(0.E0,-1.E0,0.E0));
#2406=VECTOR('',#2405,6.35E-1);
#2407=CARTESIAN_POINT('',(9.325E-1,1.5675E0,-7.15E0));
#2408=LINE('',#2407,#2406);
#2409=DIRECTION('',(0.E0,0.E0,1.E0));
#2410=VECTOR('',#2409,2.92E0);
#2411=CARTESIAN_POINT('',(9.325E-1,1.5675E0,-7.15E0));
#2412=LINE('',#2411,#2410);
#2413=DIRECTION('',(0.E0,0.E0,-1.E0));
#2414=VECTOR('',#2413,2.92E0);
#2415=CARTESIAN_POINT('',(9.325E-1,9.325E-1,-4.23E0));
#2416=LINE('',#2415,#2414);
#2417=DIRECTION('',(0.E0,-1.E0,0.E0));
#2418=VECTOR('',#2417,6.35E-1);
#2419=CARTESIAN_POINT('',(9.325E-1,-9.325E-1,-7.15E0));
#2420=LINE('',#2419,#2418);
#2421=DIRECTION('',(0.E0,0.E0,1.E0));
#2422=VECTOR('',#2421,2.92E0);
#2423=CARTESIAN_POINT('',(9.325E-1,-9.325E-1,-7.15E0));
#2424=LINE('',#2423,#2422);
#2425=DIRECTION('',(0.E0,0.E0,-1.E0));
#2426=VECTOR('',#2425,2.92E0);
#2427=CARTESIAN_POINT('',(9.325E-1,-1.5675E0,-4.23E0));
#2428=LINE('',#2427,#2426);
#2429=DIRECTION('',(0.E0,1.E0,0.E0));
#2430=VECTOR('',#2429,6.35E-1);
#2431=CARTESIAN_POINT('',(9.325E-1,-1.5675E0,1.89E0));
#2432=LINE('',#2431,#2430);
#2433=DIRECTION('',(0.E0,0.E0,-1.E0));
#2434=VECTOR('',#2433,3.66E0);
#2435=CARTESIAN_POINT('',(9.325E-1,-1.5675E0,1.89E0));
#2436=LINE('',#2435,#2434);
#2437=DIRECTION('',(0.E0,0.E0,1.E0));
#2438=VECTOR('',#2437,3.66E0);
#2439=CARTESIAN_POINT('',(9.325E-1,-9.325E-1,-1.77E0));
#2440=LINE('',#2439,#2438);
#2441=DIRECTION('',(-1.E0,0.E0,0.E0));
#2442=VECTOR('',#2441,3.35E-1);
#2443=CARTESIAN_POINT('',(1.4175E0,1.4175E0,2.77E0));
#2444=LINE('',#2443,#2442);
#2445=DIRECTION('',(0.E0,-1.E0,0.E0));
#2446=VECTOR('',#2445,3.35E-1);
#2447=CARTESIAN_POINT('',(1.4175E0,1.4175E0,2.77E0));
#2448=LINE('',#2447,#2446);
#2449=DIRECTION('',(-1.E0,0.E0,0.E0));
#2450=VECTOR('',#2449,3.35E-1);
#2451=CARTESIAN_POINT('',(1.4175E0,1.0825E0,2.77E0));
#2452=LINE('',#2451,#2450);
#2453=DIRECTION('',(0.E0,1.E0,0.E0));
#2454=VECTOR('',#2453,3.35E-1);
#2455=CARTESIAN_POINT('',(1.0825E0,1.0825E0,2.77E0));
#2456=LINE('',#2455,#2454);
#2457=DIRECTION('',(1.657079250569E-1,-1.657079250569E-1,9.721531603336E-1));
#2458=VECTOR('',#2457,9.052071586107E-1);
#2459=CARTESIAN_POINT('',(9.325E-1,1.5675E0,1.89E0));
#2460=LINE('',#2459,#2458);
#2461=DIRECTION('',(1.657079250569E-1,1.657079250569E-1,-9.721531603336E-1));
#2462=VECTOR('',#2461,9.052071586107E-1);
#2463=CARTESIAN_POINT('',(1.4175E0,1.4175E0,2.77E0));
#2464=LINE('',#2463,#2462);
#2465=DIRECTION('',(-1.E0,0.E0,0.E0));
#2466=VECTOR('',#2465,6.35E-1);
#2467=CARTESIAN_POINT('',(1.5675E0,1.5675E0,1.89E0));
#2468=LINE('',#2467,#2466);
#2469=DIRECTION('',(-1.E0,0.E0,0.E0));
#2470=VECTOR('',#2469,6.35E-1);
#2471=CARTESIAN_POINT('',(1.5675E0,1.5675E0,-7.15E0));
#2472=LINE('',#2471,#2470);
#2473=DIRECTION('',(0.E0,-1.E0,0.E0));
#2474=VECTOR('',#2473,6.35E-1);
#2475=CARTESIAN_POINT('',(1.5675E0,1.5675E0,1.89E0));
#2476=LINE('',#2475,#2474);
#2477=DIRECTION('',(0.E0,0.E0,1.E0));
#2478=VECTOR('',#2477,3.66E0);
#2479=CARTESIAN_POINT('',(1.5675E0,1.5675E0,-1.77E0));
#2480=LINE('',#2479,#2478);
#2481=DIRECTION('',(0.E0,0.E0,-1.E0));
#2482=VECTOR('',#2481,3.66E0);
#2483=CARTESIAN_POINT('',(1.5675E0,9.325E-1,1.89E0));
#2484=LINE('',#2483,#2482);
#2485=DIRECTION('',(0.E0,1.E0,0.E0));
#2486=VECTOR('',#2485,6.35E-1);
#2487=CARTESIAN_POINT('',(1.5675E0,9.325E-1,-7.15E0));
#2488=LINE('',#2487,#2486);
#2489=DIRECTION('',(0.E0,0.E0,-1.E0));
#2490=VECTOR('',#2489,2.92E0);
#2491=CARTESIAN_POINT('',(1.5675E0,9.325E-1,-4.23E0));
#2492=LINE('',#2491,#2490);
#2493=DIRECTION('',(0.E0,0.E0,1.E0));
#2494=VECTOR('',#2493,2.92E0);
#2495=CARTESIAN_POINT('',(1.5675E0,1.5675E0,-7.15E0));
#2496=LINE('',#2495,#2494);
#2497=DIRECTION('',(0.E0,1.E0,0.E0));
#2498=VECTOR('',#2497,6.35E-1);
#2499=CARTESIAN_POINT('',(1.5675E0,-1.5675E0,-7.15E0));
#2500=LINE('',#2499,#2498);
#2501=DIRECTION('',(0.E0,0.E0,-1.E0));
#2502=VECTOR('',#2501,2.92E0);
#2503=CARTESIAN_POINT('',(1.5675E0,-1.5675E0,-4.23E0));
#2504=LINE('',#2503,#2502);
#2505=DIRECTION('',(0.E0,0.E0,1.E0));
#2506=VECTOR('',#2505,2.92E0);
#2507=CARTESIAN_POINT('',(1.5675E0,-9.325E-1,-7.15E0));
#2508=LINE('',#2507,#2506);
#2509=DIRECTION('',(0.E0,-1.E0,0.E0));
#2510=VECTOR('',#2509,6.35E-1);
#2511=CARTESIAN_POINT('',(1.5675E0,-9.325E-1,1.89E0));
#2512=LINE('',#2511,#2510);
#2513=DIRECTION('',(0.E0,0.E0,1.E0));
#2514=VECTOR('',#2513,3.66E0);
#2515=CARTESIAN_POINT('',(1.5675E0,-9.325E-1,-1.77E0));
#2516=LINE('',#2515,#2514);
#2517=DIRECTION('',(0.E0,0.E0,-1.E0));
#2518=VECTOR('',#2517,3.66E0);
#2519=CARTESIAN_POINT('',(1.5675E0,-1.5675E0,1.89E0));
#2520=LINE('',#2519,#2518);
#2521=DIRECTION('',(-1.657079250569E-1,-1.657079250569E-1,-9.721531603336E-1));
#2522=VECTOR('',#2521,9.052071586107E-1);
#2523=CARTESIAN_POINT('',(1.0825E0,1.0825E0,2.77E0));
#2524=LINE('',#2523,#2522);
#2525=DIRECTION('',(-1.657079250569E-1,1.657079250569E-1,9.721531603336E-1));
#2526=VECTOR('',#2525,9.052071586107E-1);
#2527=CARTESIAN_POINT('',(1.5675E0,9.325E-1,1.89E0));
#2528=LINE('',#2527,#2526);
#2529=DIRECTION('',(-1.E0,0.E0,0.E0));
#2530=VECTOR('',#2529,6.35E-1);
#2531=CARTESIAN_POINT('',(1.5675E0,9.325E-1,1.89E0));
#2532=LINE('',#2531,#2530);
#2533=DIRECTION('',(-1.E0,0.E0,0.E0));
#2534=VECTOR('',#2533,6.35E-1);
#2535=CARTESIAN_POINT('',(1.5675E0,9.325E-1,-7.15E0));
#2536=LINE('',#2535,#2534);
#2537=DIRECTION('',(1.657079250569E-1,-1.657079250569E-1,9.721531603336E-1));
#2538=VECTOR('',#2537,9.052071586107E-1);
#2539=CARTESIAN_POINT('',(1.4175E0,1.0825E0,-8.03E0));
#2540=LINE('',#2539,#2538);
#2541=DIRECTION('',(-1.E0,0.E0,0.E0));
#2542=VECTOR('',#2541,3.35E-1);
#2543=CARTESIAN_POINT('',(1.4175E0,1.4175E0,-8.03E0));
#2544=LINE('',#2543,#2542);
#2545=DIRECTION('',(0.E0,-1.E0,0.E0));
#2546=VECTOR('',#2545,3.35E-1);
#2547=CARTESIAN_POINT('',(1.0825E0,1.4175E0,-8.03E0));
#2548=LINE('',#2547,#2546);
#2549=DIRECTION('',(-1.E0,0.E0,0.E0));
#2550=VECTOR('',#2549,3.35E-1);
#2551=CARTESIAN_POINT('',(1.4175E0,1.0825E0,-8.03E0));
#2552=LINE('',#2551,#2550);
#2553=DIRECTION('',(0.E0,1.E0,0.E0));
#2554=VECTOR('',#2553,3.35E-1);
#2555=CARTESIAN_POINT('',(1.4175E0,1.0825E0,-8.03E0));
#2556=LINE('',#2555,#2554);
#2557=DIRECTION('',(-1.657079250569E-1,1.657079250569E-1,9.721531603336E-1));
#2558=VECTOR('',#2557,9.052071586107E-1);
#2559=CARTESIAN_POINT('',(1.0825E0,1.4175E0,-8.03E0));
#2560=LINE('',#2559,#2558);
#2561=DIRECTION('',(-1.657079250569E-1,-1.657079250569E-1,-9.721531603336E-1));
#2562=VECTOR('',#2561,9.052071586107E-1);
#2563=CARTESIAN_POINT('',(1.5675E0,1.5675E0,-7.15E0));
#2564=LINE('',#2563,#2562);
#2565=DIRECTION('',(-1.657079250569E-1,-1.657079250569E-1,9.721531603336E-1));
#2566=VECTOR('',#2565,9.052071586107E-1);
#2567=CARTESIAN_POINT('',(1.0825E0,1.0825E0,-8.03E0));
#2568=LINE('',#2567,#2566);
#2569=DIRECTION('',(-1.E0,0.E0,0.E0));
#2570=VECTOR('',#2569,3.35E-1);
#2571=CARTESIAN_POINT('',(1.4175E0,-1.0825E0,-8.03E0));
#2572=LINE('',#2571,#2570);
#2573=DIRECTION('',(0.E0,-1.E0,0.E0));
#2574=VECTOR('',#2573,3.35E-1);
#2575=CARTESIAN_POINT('',(1.0825E0,-1.0825E0,-8.03E0));
#2576=LINE('',#2575,#2574);
#2577=DIRECTION('',(-1.E0,0.E0,0.E0));
#2578=VECTOR('',#2577,3.35E-1);
#2579=CARTESIAN_POINT('',(1.4175E0,-1.4175E0,-8.03E0));
#2580=LINE('',#2579,#2578);
#2581=DIRECTION('',(0.E0,1.E0,0.E0));
#2582=VECTOR('',#2581,3.35E-1);
#2583=CARTESIAN_POINT('',(1.4175E0,-1.4175E0,-8.03E0));
#2584=LINE('',#2583,#2582);
#2585=DIRECTION('',(-1.657079250569E-1,1.657079250569E-1,9.721531603336E-1));
#2586=VECTOR('',#2585,9.052071586107E-1);
#2587=CARTESIAN_POINT('',(1.0825E0,-1.0825E0,-8.03E0));
#2588=LINE('',#2587,#2586);
#2589=DIRECTION('',(-1.657079250569E-1,-1.657079250569E-1,-9.721531603336E-1));
#2590=VECTOR('',#2589,9.052071586107E-1);
#2591=CARTESIAN_POINT('',(1.5675E0,-9.325E-1,-7.15E0));
#2592=LINE('',#2591,#2590);
#2593=DIRECTION('',(-1.E0,0.E0,0.E0));
#2594=VECTOR('',#2593,6.35E-1);
#2595=CARTESIAN_POINT('',(1.5675E0,-9.325E-1,-7.15E0));
#2596=LINE('',#2595,#2594);
#2597=DIRECTION('',(-1.E0,0.E0,0.E0));
#2598=VECTOR('',#2597,6.35E-1);
#2599=CARTESIAN_POINT('',(1.5675E0,-9.325E-1,1.89E0));
#2600=LINE('',#2599,#2598);
#2601=DIRECTION('',(1.657079250569E-1,1.657079250569E-1,-9.721531603336E-1));
#2602=VECTOR('',#2601,9.052071586107E-1);
#2603=CARTESIAN_POINT('',(1.4175E0,-1.0825E0,2.77E0));
#2604=LINE('',#2603,#2602);
#2605=DIRECTION('',(1.657079250569E-1,-1.657079250569E-1,-9.721531603336E-1));
#2606=VECTOR('',#2605,9.052071586107E-1);
#2607=CARTESIAN_POINT('',(1.4175E0,-1.4175E0,2.77E0));
#2608=LINE('',#2607,#2606);
#2609=DIRECTION('',(-1.E0,0.E0,0.E0));
#2610=VECTOR('',#2609,3.35E-1);
#2611=CARTESIAN_POINT('',(1.4175E0,-1.4175E0,2.77E0));
#2612=LINE('',#2611,#2610);
#2613=DIRECTION('',(0.E0,1.E0,0.E0));
#2614=VECTOR('',#2613,3.35E-1);
#2615=CARTESIAN_POINT('',(1.0825E0,-1.4175E0,2.77E0));
#2616=LINE('',#2615,#2614);
#2617=DIRECTION('',(-1.E0,0.E0,0.E0));
#2618=VECTOR('',#2617,3.35E-1);
#2619=CARTESIAN_POINT('',(1.4175E0,-1.0825E0,2.77E0));
#2620=LINE('',#2619,#2618);
#2621=DIRECTION('',(0.E0,-1.E0,0.E0));
#2622=VECTOR('',#2621,3.35E-1);
#2623=CARTESIAN_POINT('',(1.4175E0,-1.0825E0,2.77E0));
#2624=LINE('',#2623,#2622);
#2625=DIRECTION('',(-1.657079250569E-1,-1.657079250569E-1,-9.721531603336E-1));
#2626=VECTOR('',#2625,9.052071586107E-1);
#2627=CARTESIAN_POINT('',(1.0825E0,-1.4175E0,2.77E0));
#2628=LINE('',#2627,#2626);
#2629=DIRECTION('',(-1.E0,0.E0,0.E0));
#2630=VECTOR('',#2629,6.35E-1);
#2631=CARTESIAN_POINT('',(1.5675E0,-1.5675E0,-7.15E0));
#2632=LINE('',#2631,#2630);
#2633=DIRECTION('',(-1.E0,0.E0,0.E0));
#2634=VECTOR('',#2633,6.35E-1);
#2635=CARTESIAN_POINT('',(1.5675E0,-1.5675E0,1.89E0));
#2636=LINE('',#2635,#2634);
#2637=DIRECTION('',(1.657079250569E-1,-1.657079250569E-1,9.721531603336E-1));
#2638=VECTOR('',#2637,9.052071586107E-1);
#2639=CARTESIAN_POINT('',(1.4175E0,-1.4175E0,-8.03E0));
#2640=LINE('',#2639,#2638);
#2641=DIRECTION('',(-1.657079250569E-1,-1.657079250569E-1,9.721531603336E-1));
#2642=VECTOR('',#2641,9.052071586107E-1);
#2643=CARTESIAN_POINT('',(1.0825E0,-1.4175E0,-8.03E0));
#2644=LINE('',#2643,#2642);
#2645=DIRECTION('',(-1.657079250569E-1,1.657079250569E-1,-9.721531603336E-1));
#2646=VECTOR('',#2645,9.052071586107E-1);
#2647=CARTESIAN_POINT('',(1.0825E0,-1.0825E0,2.77E0));
#2648=LINE('',#2647,#2646);
#2649=DIRECTION('',(0.E0,0.E0,-1.E0));
#2650=VECTOR('',#2649,6.E0);
#2651=CARTESIAN_POINT('',(-4.86E0,2.345E0,4.23E0));
#2652=LINE('',#2651,#2650);
#2653=DIRECTION('',(0.E0,0.E0,-1.E0));
#2654=VECTOR('',#2653,6.E0);
#2655=CARTESIAN_POINT('',(-2.64E0,2.345E0,4.23E0));
#2656=LINE('',#2655,#2654);
#2657=DIRECTION('',(0.E0,0.E0,-1.E0));
#2658=VECTOR('',#2657,6.E0);
#2659=CARTESIAN_POINT('',(-2.64E0,1.55E-1,4.23E0));
#2660=LINE('',#2659,#2658);
#2661=DIRECTION('',(0.E0,0.E0,-1.E0));
#2662=VECTOR('',#2661,6.E0);
#2663=CARTESIAN_POINT('',(-4.86E0,1.55E-1,4.23E0));
#2664=LINE('',#2663,#2662);
#2665=DIRECTION('',(0.E0,-1.E0,0.E0));
#2666=VECTOR('',#2665,2.19E0);
#2667=CARTESIAN_POINT('',(-4.86E0,2.345E0,-1.77E0));
#2668=LINE('',#2667,#2666);
#2669=DIRECTION('',(-1.E0,0.E0,0.E0));
#2670=VECTOR('',#2669,2.22E0);
#2671=CARTESIAN_POINT('',(-2.64E0,2.345E0,-1.77E0));
#2672=LINE('',#2671,#2670);
#2673=DIRECTION('',(0.E0,1.E0,0.E0));
#2674=VECTOR('',#2673,2.19E0);
#2675=CARTESIAN_POINT('',(-2.64E0,1.55E-1,-1.77E0));
#2676=LINE('',#2675,#2674);
#2677=DIRECTION('',(1.E0,0.E0,0.E0));
#2678=VECTOR('',#2677,2.22E0);
#2679=CARTESIAN_POINT('',(-4.86E0,1.55E-1,-1.77E0));
#2680=LINE('',#2679,#2678);
#2681=DIRECTION('',(1.E0,0.E0,0.E0));
#2682=VECTOR('',#2681,2.22E0);
#2683=CARTESIAN_POINT('',(-4.86E0,-2.345E0,-1.77E0));
#2684=LINE('',#2683,#2682);
#2685=DIRECTION('',(0.E0,-1.E0,0.E0));
#2686=VECTOR('',#2685,2.19E0);
#2687=CARTESIAN_POINT('',(-4.86E0,-1.55E-1,-1.77E0));
#2688=LINE('',#2687,#2686);
#2689=DIRECTION('',(-1.E0,0.E0,0.E0));
#2690=VECTOR('',#2689,2.22E0);
#2691=CARTESIAN_POINT('',(-2.64E0,-1.55E-1,-1.77E0));
#2692=LINE('',#2691,#2690);
#2693=DIRECTION('',(0.E0,1.E0,0.E0));
#2694=VECTOR('',#2693,2.19E0);
#2695=CARTESIAN_POINT('',(-2.64E0,-2.345E0,-1.77E0));
#2696=LINE('',#2695,#2694);
#2697=DIRECTION('',(0.E0,1.E0,0.E0));
#2698=VECTOR('',#2697,6.35E-1);
#2699=CARTESIAN_POINT('',(-4.0675E0,-1.5675E0,-1.77E0));
#2700=LINE('',#2699,#2698);
#2701=DIRECTION('',(1.E0,0.E0,0.E0));
#2702=VECTOR('',#2701,6.35E-1);
#2703=CARTESIAN_POINT('',(-4.0675E0,-1.5675E0,-1.77E0));
#2704=LINE('',#2703,#2702);
#2705=DIRECTION('',(0.E0,1.E0,0.E0));
#2706=VECTOR('',#2705,6.35E-1);
#2707=CARTESIAN_POINT('',(-3.4325E0,-1.5675E0,-1.77E0));
#2708=LINE('',#2707,#2706);
#2709=DIRECTION('',(1.E0,0.E0,0.E0));
#2710=VECTOR('',#2709,6.35E-1);
#2711=CARTESIAN_POINT('',(-4.0675E0,-9.325E-1,-1.77E0));
#2712=LINE('',#2711,#2710);
#2713=DIRECTION('',(1.E0,0.E0,0.E0));
#2714=VECTOR('',#2713,6.35E-1);
#2715=CARTESIAN_POINT('',(-4.0675E0,9.325E-1,-1.77E0));
#2716=LINE('',#2715,#2714);
#2717=DIRECTION('',(0.E0,1.E0,0.E0));
#2718=VECTOR('',#2717,6.35E-1);
#2719=CARTESIAN_POINT('',(-3.4325E0,9.325E-1,-1.77E0));
#2720=LINE('',#2719,#2718);
#2721=DIRECTION('',(1.E0,0.E0,0.E0));
#2722=VECTOR('',#2721,6.35E-1);
#2723=CARTESIAN_POINT('',(-4.0675E0,1.5675E0,-1.77E0));
#2724=LINE('',#2723,#2722);
#2725=DIRECTION('',(0.E0,1.E0,0.E0));
#2726=VECTOR('',#2725,6.35E-1);
#2727=CARTESIAN_POINT('',(-4.0675E0,9.325E-1,-1.77E0));
#2728=LINE('',#2727,#2726);
#2729=DIRECTION('',(0.E0,0.E0,-1.E0));
#2730=VECTOR('',#2729,6.E0);
#2731=CARTESIAN_POINT('',(-4.86E0,-2.345E0,4.23E0));
#2732=LINE('',#2731,#2730);
#2733=DIRECTION('',(0.E0,0.E0,-1.E0));
#2734=VECTOR('',#2733,6.E0);
#2735=CARTESIAN_POINT('',(-4.86E0,-1.55E-1,4.23E0));
#2736=LINE('',#2735,#2734);
#2737=DIRECTION('',(0.E0,0.E0,-1.E0));
#2738=VECTOR('',#2737,6.E0);
#2739=CARTESIAN_POINT('',(-2.64E0,-1.55E-1,4.23E0));
#2740=LINE('',#2739,#2738);
#2741=DIRECTION('',(0.E0,0.E0,-1.E0));
#2742=VECTOR('',#2741,6.E0);
#2743=CARTESIAN_POINT('',(-2.64E0,-2.345E0,4.23E0));
#2744=LINE('',#2743,#2742);
#2745=DIRECTION('',(0.E0,1.E0,0.E0));
#2746=VECTOR('',#2745,6.35E-1);
#2747=CARTESIAN_POINT('',(-4.0675E0,9.325E-1,1.89E0));
#2748=LINE('',#2747,#2746);
#2749=DIRECTION('',(0.E0,0.E0,-1.E0));
#2750=VECTOR('',#2749,3.66E0);
#2751=CARTESIAN_POINT('',(-4.0675E0,9.325E-1,1.89E0));
#2752=LINE('',#2751,#2750);
#2753=DIRECTION('',(0.E0,0.E0,1.E0));
#2754=VECTOR('',#2753,3.66E0);
#2755=CARTESIAN_POINT('',(-4.0675E0,1.5675E0,-1.77E0));
#2756=LINE('',#2755,#2754);
#2757=DIRECTION('',(0.E0,-1.E0,0.E0));
#2758=VECTOR('',#2757,6.35E-1);
#2759=CARTESIAN_POINT('',(-4.0675E0,1.5675E0,-7.15E0));
#2760=LINE('',#2759,#2758);
#2761=DIRECTION('',(0.E0,0.E0,1.E0));
#2762=VECTOR('',#2761,2.92E0);
#2763=CARTESIAN_POINT('',(-4.0675E0,1.5675E0,-7.15E0));
#2764=LINE('',#2763,#2762);
#2765=DIRECTION('',(0.E0,0.E0,-1.E0));
#2766=VECTOR('',#2765,2.92E0);
#2767=CARTESIAN_POINT('',(-4.0675E0,9.325E-1,-4.23E0));
#2768=LINE('',#2767,#2766);
#2769=DIRECTION('',(0.E0,-1.E0,0.E0));
#2770=VECTOR('',#2769,6.35E-1);
#2771=CARTESIAN_POINT('',(-4.0675E0,-9.325E-1,-7.15E0));
#2772=LINE('',#2771,#2770);
#2773=DIRECTION('',(0.E0,0.E0,1.E0));
#2774=VECTOR('',#2773,2.92E0);
#2775=CARTESIAN_POINT('',(-4.0675E0,-9.325E-1,-7.15E0));
#2776=LINE('',#2775,#2774);
#2777=DIRECTION('',(0.E0,0.E0,-1.E0));
#2778=VECTOR('',#2777,2.92E0);
#2779=CARTESIAN_POINT('',(-4.0675E0,-1.5675E0,-4.23E0));
#2780=LINE('',#2779,#2778);
#2781=DIRECTION('',(0.E0,1.E0,0.E0));
#2782=VECTOR('',#2781,6.35E-1);
#2783=CARTESIAN_POINT('',(-4.0675E0,-1.5675E0,1.89E0));
#2784=LINE('',#2783,#2782);
#2785=DIRECTION('',(0.E0,0.E0,-1.E0));
#2786=VECTOR('',#2785,3.66E0);
#2787=CARTESIAN_POINT('',(-4.0675E0,-1.5675E0,1.89E0));
#2788=LINE('',#2787,#2786);
#2789=DIRECTION('',(0.E0,0.E0,1.E0));
#2790=VECTOR('',#2789,3.66E0);
#2791=CARTESIAN_POINT('',(-4.0675E0,-9.325E-1,-1.77E0));
#2792=LINE('',#2791,#2790);
#2793=DIRECTION('',(-1.E0,0.E0,0.E0));
#2794=VECTOR('',#2793,3.35E-1);
#2795=CARTESIAN_POINT('',(-3.5825E0,1.4175E0,2.77E0));
#2796=LINE('',#2795,#2794);
#2797=DIRECTION('',(0.E0,-1.E0,0.E0));
#2798=VECTOR('',#2797,3.35E-1);
#2799=CARTESIAN_POINT('',(-3.5825E0,1.4175E0,2.77E0));
#2800=LINE('',#2799,#2798);
#2801=DIRECTION('',(-1.E0,0.E0,0.E0));
#2802=VECTOR('',#2801,3.35E-1);
#2803=CARTESIAN_POINT('',(-3.5825E0,1.0825E0,2.77E0));
#2804=LINE('',#2803,#2802);
#2805=DIRECTION('',(0.E0,1.E0,0.E0));
#2806=VECTOR('',#2805,3.35E-1);
#2807=CARTESIAN_POINT('',(-3.9175E0,1.0825E0,2.77E0));
#2808=LINE('',#2807,#2806);
#2809=DIRECTION('',(1.657079250569E-1,-1.657079250569E-1,9.721531603336E-1));
#2810=VECTOR('',#2809,9.052071586107E-1);
#2811=CARTESIAN_POINT('',(-4.0675E0,1.5675E0,1.89E0));
#2812=LINE('',#2811,#2810);
#2813=DIRECTION('',(1.657079250569E-1,1.657079250569E-1,-9.721531603336E-1));
#2814=VECTOR('',#2813,9.052071586107E-1);
#2815=CARTESIAN_POINT('',(-3.5825E0,1.4175E0,2.77E0));
#2816=LINE('',#2815,#2814);
#2817=DIRECTION('',(-1.E0,0.E0,0.E0));
#2818=VECTOR('',#2817,6.35E-1);
#2819=CARTESIAN_POINT('',(-3.4325E0,1.5675E0,1.89E0));
#2820=LINE('',#2819,#2818);
#2821=DIRECTION('',(-1.E0,0.E0,0.E0));
#2822=VECTOR('',#2821,6.35E-1);
#2823=CARTESIAN_POINT('',(-3.4325E0,1.5675E0,-7.15E0));
#2824=LINE('',#2823,#2822);
#2825=DIRECTION('',(0.E0,-1.E0,0.E0));
#2826=VECTOR('',#2825,6.35E-1);
#2827=CARTESIAN_POINT('',(-3.4325E0,1.5675E0,1.89E0));
#2828=LINE('',#2827,#2826);
#2829=DIRECTION('',(0.E0,0.E0,1.E0));
#2830=VECTOR('',#2829,3.66E0);
#2831=CARTESIAN_POINT('',(-3.4325E0,1.5675E0,-1.77E0));
#2832=LINE('',#2831,#2830);
#2833=DIRECTION('',(0.E0,0.E0,-1.E0));
#2834=VECTOR('',#2833,3.66E0);
#2835=CARTESIAN_POINT('',(-3.4325E0,9.325E-1,1.89E0));
#2836=LINE('',#2835,#2834);
#2837=DIRECTION('',(0.E0,1.E0,0.E0));
#2838=VECTOR('',#2837,6.35E-1);
#2839=CARTESIAN_POINT('',(-3.4325E0,9.325E-1,-7.15E0));
#2840=LINE('',#2839,#2838);
#2841=DIRECTION('',(0.E0,0.E0,-1.E0));
#2842=VECTOR('',#2841,2.92E0);
#2843=CARTESIAN_POINT('',(-3.4325E0,9.325E-1,-4.23E0));
#2844=LINE('',#2843,#2842);
#2845=DIRECTION('',(0.E0,0.E0,1.E0));
#2846=VECTOR('',#2845,2.92E0);
#2847=CARTESIAN_POINT('',(-3.4325E0,1.5675E0,-7.15E0));
#2848=LINE('',#2847,#2846);
#2849=DIRECTION('',(0.E0,1.E0,0.E0));
#2850=VECTOR('',#2849,6.35E-1);
#2851=CARTESIAN_POINT('',(-3.4325E0,-1.5675E0,-7.15E0));
#2852=LINE('',#2851,#2850);
#2853=DIRECTION('',(0.E0,0.E0,-1.E0));
#2854=VECTOR('',#2853,2.92E0);
#2855=CARTESIAN_POINT('',(-3.4325E0,-1.5675E0,-4.23E0));
#2856=LINE('',#2855,#2854);
#2857=DIRECTION('',(0.E0,0.E0,1.E0));
#2858=VECTOR('',#2857,2.92E0);
#2859=CARTESIAN_POINT('',(-3.4325E0,-9.325E-1,-7.15E0));
#2860=LINE('',#2859,#2858);
#2861=DIRECTION('',(0.E0,-1.E0,0.E0));
#2862=VECTOR('',#2861,6.35E-1);
#2863=CARTESIAN_POINT('',(-3.4325E0,-9.325E-1,1.89E0));
#2864=LINE('',#2863,#2862);
#2865=DIRECTION('',(0.E0,0.E0,1.E0));
#2866=VECTOR('',#2865,3.66E0);
#2867=CARTESIAN_POINT('',(-3.4325E0,-9.325E-1,-1.77E0));
#2868=LINE('',#2867,#2866);
#2869=DIRECTION('',(0.E0,0.E0,-1.E0));
#2870=VECTOR('',#2869,3.66E0);
#2871=CARTESIAN_POINT('',(-3.4325E0,-1.5675E0,1.89E0));
#2872=LINE('',#2871,#2870);
#2873=DIRECTION('',(-1.657079250569E-1,-1.657079250569E-1,-9.721531603336E-1));
#2874=VECTOR('',#2873,9.052071586107E-1);
#2875=CARTESIAN_POINT('',(-3.9175E0,1.0825E0,2.77E0));
#2876=LINE('',#2875,#2874);
#2877=DIRECTION('',(-1.657079250569E-1,1.657079250569E-1,9.721531603336E-1));
#2878=VECTOR('',#2877,9.052071586107E-1);
#2879=CARTESIAN_POINT('',(-3.4325E0,9.325E-1,1.89E0));
#2880=LINE('',#2879,#2878);
#2881=DIRECTION('',(-1.E0,0.E0,0.E0));
#2882=VECTOR('',#2881,6.35E-1);
#2883=CARTESIAN_POINT('',(-3.4325E0,9.325E-1,1.89E0));
#2884=LINE('',#2883,#2882);
#2885=DIRECTION('',(-1.E0,0.E0,0.E0));
#2886=VECTOR('',#2885,6.35E-1);
#2887=CARTESIAN_POINT('',(-3.4325E0,9.325E-1,-7.15E0));
#2888=LINE('',#2887,#2886);
#2889=DIRECTION('',(1.657079250569E-1,-1.657079250569E-1,9.721531603336E-1));
#2890=VECTOR('',#2889,9.052071586107E-1);
#2891=CARTESIAN_POINT('',(-3.5825E0,1.0825E0,-8.03E0));
#2892=LINE('',#2891,#2890);
#2893=DIRECTION('',(-1.E0,0.E0,0.E0));
#2894=VECTOR('',#2893,3.35E-1);
#2895=CARTESIAN_POINT('',(-3.5825E0,1.4175E0,-8.03E0));
#2896=LINE('',#2895,#2894);
#2897=DIRECTION('',(0.E0,-1.E0,0.E0));
#2898=VECTOR('',#2897,3.35E-1);
#2899=CARTESIAN_POINT('',(-3.9175E0,1.4175E0,-8.03E0));
#2900=LINE('',#2899,#2898);
#2901=DIRECTION('',(-1.E0,0.E0,0.E0));
#2902=VECTOR('',#2901,3.35E-1);
#2903=CARTESIAN_POINT('',(-3.5825E0,1.0825E0,-8.03E0));
#2904=LINE('',#2903,#2902);
#2905=DIRECTION('',(0.E0,1.E0,0.E0));
#2906=VECTOR('',#2905,3.35E-1);
#2907=CARTESIAN_POINT('',(-3.5825E0,1.0825E0,-8.03E0));
#2908=LINE('',#2907,#2906);
#2909=DIRECTION('',(-1.657079250569E-1,1.657079250569E-1,9.721531603336E-1));
#2910=VECTOR('',#2909,9.052071586107E-1);
#2911=CARTESIAN_POINT('',(-3.9175E0,1.4175E0,-8.03E0));
#2912=LINE('',#2911,#2910);
#2913=DIRECTION('',(-1.657079250569E-1,-1.657079250569E-1,-9.721531603336E-1));
#2914=VECTOR('',#2913,9.052071586107E-1);
#2915=CARTESIAN_POINT('',(-3.4325E0,1.5675E0,-7.15E0));
#2916=LINE('',#2915,#2914);
#2917=DIRECTION('',(-1.657079250569E-1,-1.657079250569E-1,9.721531603336E-1));
#2918=VECTOR('',#2917,9.052071586107E-1);
#2919=CARTESIAN_POINT('',(-3.9175E0,1.0825E0,-8.03E0));
#2920=LINE('',#2919,#2918);
#2921=DIRECTION('',(-1.E0,0.E0,0.E0));
#2922=VECTOR('',#2921,3.35E-1);
#2923=CARTESIAN_POINT('',(-3.5825E0,-1.0825E0,-8.03E0));
#2924=LINE('',#2923,#2922);
#2925=DIRECTION('',(0.E0,-1.E0,0.E0));
#2926=VECTOR('',#2925,3.35E-1);
#2927=CARTESIAN_POINT('',(-3.9175E0,-1.0825E0,-8.03E0));
#2928=LINE('',#2927,#2926);
#2929=DIRECTION('',(-1.E0,0.E0,0.E0));
#2930=VECTOR('',#2929,3.35E-1);
#2931=CARTESIAN_POINT('',(-3.5825E0,-1.4175E0,-8.03E0));
#2932=LINE('',#2931,#2930);
#2933=DIRECTION('',(0.E0,1.E0,0.E0));
#2934=VECTOR('',#2933,3.35E-1);
#2935=CARTESIAN_POINT('',(-3.5825E0,-1.4175E0,-8.03E0));
#2936=LINE('',#2935,#2934);
#2937=DIRECTION('',(-1.657079250569E-1,1.657079250569E-1,9.721531603336E-1));
#2938=VECTOR('',#2937,9.052071586107E-1);
#2939=CARTESIAN_POINT('',(-3.9175E0,-1.0825E0,-8.03E0));
#2940=LINE('',#2939,#2938);
#2941=DIRECTION('',(-1.657079250569E-1,-1.657079250569E-1,-9.721531603336E-1));
#2942=VECTOR('',#2941,9.052071586107E-1);
#2943=CARTESIAN_POINT('',(-3.4325E0,-9.325E-1,-7.15E0));
#2944=LINE('',#2943,#2942);
#2945=DIRECTION('',(-1.E0,0.E0,0.E0));
#2946=VECTOR('',#2945,6.35E-1);
#2947=CARTESIAN_POINT('',(-3.4325E0,-9.325E-1,-7.15E0));
#2948=LINE('',#2947,#2946);
#2949=DIRECTION('',(-1.E0,0.E0,0.E0));
#2950=VECTOR('',#2949,6.35E-1);
#2951=CARTESIAN_POINT('',(-3.4325E0,-9.325E-1,1.89E0));
#2952=LINE('',#2951,#2950);
#2953=DIRECTION('',(1.657079250569E-1,1.657079250569E-1,-9.721531603336E-1));
#2954=VECTOR('',#2953,9.052071586107E-1);
#2955=CARTESIAN_POINT('',(-3.5825E0,-1.0825E0,2.77E0));
#2956=LINE('',#2955,#2954);
#2957=DIRECTION('',(1.657079250569E-1,-1.657079250569E-1,-9.721531603336E-1));
#2958=VECTOR('',#2957,9.052071586107E-1);
#2959=CARTESIAN_POINT('',(-3.5825E0,-1.4175E0,2.77E0));
#2960=LINE('',#2959,#2958);
#2961=DIRECTION('',(-1.E0,0.E0,0.E0));
#2962=VECTOR('',#2961,3.35E-1);
#2963=CARTESIAN_POINT('',(-3.5825E0,-1.4175E0,2.77E0));
#2964=LINE('',#2963,#2962);
#2965=DIRECTION('',(0.E0,1.E0,0.E0));
#2966=VECTOR('',#2965,3.35E-1);
#2967=CARTESIAN_POINT('',(-3.9175E0,-1.4175E0,2.77E0));
#2968=LINE('',#2967,#2966);
#2969=DIRECTION('',(-1.E0,0.E0,0.E0));
#2970=VECTOR('',#2969,3.35E-1);
#2971=CARTESIAN_POINT('',(-3.5825E0,-1.0825E0,2.77E0));
#2972=LINE('',#2971,#2970);
#2973=DIRECTION('',(0.E0,-1.E0,0.E0));
#2974=VECTOR('',#2973,3.35E-1);
#2975=CARTESIAN_POINT('',(-3.5825E0,-1.0825E0,2.77E0));
#2976=LINE('',#2975,#2974);
#2977=DIRECTION('',(-1.657079250569E-1,-1.657079250569E-1,-9.721531603336E-1));
#2978=VECTOR('',#2977,9.052071586107E-1);
#2979=CARTESIAN_POINT('',(-3.9175E0,-1.4175E0,2.77E0));
#2980=LINE('',#2979,#2978);
#2981=DIRECTION('',(-1.E0,0.E0,0.E0));
#2982=VECTOR('',#2981,6.35E-1);
#2983=CARTESIAN_POINT('',(-3.4325E0,-1.5675E0,-7.15E0));
#2984=LINE('',#2983,#2982);
#2985=DIRECTION('',(-1.E0,0.E0,0.E0));
#2986=VECTOR('',#2985,6.35E-1);
#2987=CARTESIAN_POINT('',(-3.4325E0,-1.5675E0,1.89E0));
#2988=LINE('',#2987,#2986);
#2989=DIRECTION('',(1.657079250569E-1,-1.657079250569E-1,9.721531603336E-1));
#2990=VECTOR('',#2989,9.052071586107E-1);
#2991=CARTESIAN_POINT('',(-3.5825E0,-1.4175E0,-8.03E0));
#2992=LINE('',#2991,#2990);
#2993=DIRECTION('',(-1.657079250569E-1,-1.657079250569E-1,9.721531603336E-1));
#2994=VECTOR('',#2993,9.052071586107E-1);
#2995=CARTESIAN_POINT('',(-3.9175E0,-1.4175E0,-8.03E0));
#2996=LINE('',#2995,#2994);
#2997=DIRECTION('',(-1.657079250569E-1,1.657079250569E-1,-9.721531603336E-1));
#2998=VECTOR('',#2997,9.052071586107E-1);
#2999=CARTESIAN_POINT('',(-3.9175E0,-1.0825E0,2.77E0));
#3000=LINE('',#2999,#2998);
#3001=DIRECTION('',(0.E0,0.E0,-1.E0));
#3002=VECTOR('',#3001,6.E0);
#3003=CARTESIAN_POINT('',(-7.36E0,2.345E0,4.23E0));
#3004=LINE('',#3003,#3002);
#3005=DIRECTION('',(0.E0,0.E0,-1.E0));
#3006=VECTOR('',#3005,6.E0);
#3007=CARTESIAN_POINT('',(-5.14E0,2.345E0,4.23E0));
#3008=LINE('',#3007,#3006);
#3009=DIRECTION('',(0.E0,0.E0,-1.E0));
#3010=VECTOR('',#3009,6.E0);
#3011=CARTESIAN_POINT('',(-5.14E0,1.55E-1,4.23E0));
#3012=LINE('',#3011,#3010);
#3013=DIRECTION('',(0.E0,0.E0,-1.E0));
#3014=VECTOR('',#3013,6.E0);
#3015=CARTESIAN_POINT('',(-7.36E0,1.55E-1,4.23E0));
#3016=LINE('',#3015,#3014);
#3017=DIRECTION('',(0.E0,-1.E0,0.E0));
#3018=VECTOR('',#3017,2.19E0);
#3019=CARTESIAN_POINT('',(-7.36E0,2.345E0,-1.77E0));
#3020=LINE('',#3019,#3018);
#3021=DIRECTION('',(-1.E0,0.E0,0.E0));
#3022=VECTOR('',#3021,2.22E0);
#3023=CARTESIAN_POINT('',(-5.14E0,2.345E0,-1.77E0));
#3024=LINE('',#3023,#3022);
#3025=DIRECTION('',(0.E0,1.E0,0.E0));
#3026=VECTOR('',#3025,2.19E0);
#3027=CARTESIAN_POINT('',(-5.14E0,1.55E-1,-1.77E0));
#3028=LINE('',#3027,#3026);
#3029=DIRECTION('',(1.E0,0.E0,0.E0));
#3030=VECTOR('',#3029,2.22E0);
#3031=CARTESIAN_POINT('',(-7.36E0,1.55E-1,-1.77E0));
#3032=LINE('',#3031,#3030);
#3033=DIRECTION('',(1.E0,0.E0,0.E0));
#3034=VECTOR('',#3033,2.22E0);
#3035=CARTESIAN_POINT('',(-7.36E0,-2.345E0,-1.77E0));
#3036=LINE('',#3035,#3034);
#3037=DIRECTION('',(0.E0,-1.E0,0.E0));
#3038=VECTOR('',#3037,2.19E0);
#3039=CARTESIAN_POINT('',(-7.36E0,-1.55E-1,-1.77E0));
#3040=LINE('',#3039,#3038);
#3041=DIRECTION('',(-1.E0,0.E0,0.E0));
#3042=VECTOR('',#3041,2.22E0);
#3043=CARTESIAN_POINT('',(-5.14E0,-1.55E-1,-1.77E0));
#3044=LINE('',#3043,#3042);
#3045=DIRECTION('',(0.E0,1.E0,0.E0));
#3046=VECTOR('',#3045,2.19E0);
#3047=CARTESIAN_POINT('',(-5.14E0,-2.345E0,-1.77E0));
#3048=LINE('',#3047,#3046);
#3049=DIRECTION('',(0.E0,1.E0,0.E0));
#3050=VECTOR('',#3049,6.35E-1);
#3051=CARTESIAN_POINT('',(-6.5675E0,-1.5675E0,-1.77E0));
#3052=LINE('',#3051,#3050);
#3053=DIRECTION('',(1.E0,0.E0,0.E0));
#3054=VECTOR('',#3053,6.35E-1);
#3055=CARTESIAN_POINT('',(-6.5675E0,-1.5675E0,-1.77E0));
#3056=LINE('',#3055,#3054);
#3057=DIRECTION('',(0.E0,1.E0,0.E0));
#3058=VECTOR('',#3057,6.35E-1);
#3059=CARTESIAN_POINT('',(-5.9325E0,-1.5675E0,-1.77E0));
#3060=LINE('',#3059,#3058);
#3061=DIRECTION('',(1.E0,0.E0,0.E0));
#3062=VECTOR('',#3061,6.35E-1);
#3063=CARTESIAN_POINT('',(-6.5675E0,-9.325E-1,-1.77E0));
#3064=LINE('',#3063,#3062);
#3065=DIRECTION('',(1.E0,0.E0,0.E0));
#3066=VECTOR('',#3065,6.35E-1);
#3067=CARTESIAN_POINT('',(-6.5675E0,9.325E-1,-1.77E0));
#3068=LINE('',#3067,#3066);
#3069=DIRECTION('',(0.E0,1.E0,0.E0));
#3070=VECTOR('',#3069,6.35E-1);
#3071=CARTESIAN_POINT('',(-5.9325E0,9.325E-1,-1.77E0));
#3072=LINE('',#3071,#3070);
#3073=DIRECTION('',(1.E0,0.E0,0.E0));
#3074=VECTOR('',#3073,6.35E-1);
#3075=CARTESIAN_POINT('',(-6.5675E0,1.5675E0,-1.77E0));
#3076=LINE('',#3075,#3074);
#3077=DIRECTION('',(0.E0,1.E0,0.E0));
#3078=VECTOR('',#3077,6.35E-1);
#3079=CARTESIAN_POINT('',(-6.5675E0,9.325E-1,-1.77E0));
#3080=LINE('',#3079,#3078);
#3081=DIRECTION('',(0.E0,0.E0,-1.E0));
#3082=VECTOR('',#3081,6.E0);
#3083=CARTESIAN_POINT('',(-7.36E0,-2.345E0,4.23E0));
#3084=LINE('',#3083,#3082);
#3085=DIRECTION('',(0.E0,0.E0,-1.E0));
#3086=VECTOR('',#3085,6.E0);
#3087=CARTESIAN_POINT('',(-7.36E0,-1.55E-1,4.23E0));
#3088=LINE('',#3087,#3086);
#3089=DIRECTION('',(0.E0,0.E0,-1.E0));
#3090=VECTOR('',#3089,6.E0);
#3091=CARTESIAN_POINT('',(-5.14E0,-1.55E-1,4.23E0));
#3092=LINE('',#3091,#3090);
#3093=DIRECTION('',(0.E0,0.E0,-1.E0));
#3094=VECTOR('',#3093,6.E0);
#3095=CARTESIAN_POINT('',(-5.14E0,-2.345E0,4.23E0));
#3096=LINE('',#3095,#3094);
#3097=DIRECTION('',(0.E0,1.E0,0.E0));
#3098=VECTOR('',#3097,6.35E-1);
#3099=CARTESIAN_POINT('',(-6.5675E0,9.325E-1,1.89E0));
#3100=LINE('',#3099,#3098);
#3101=DIRECTION('',(0.E0,0.E0,-1.E0));
#3102=VECTOR('',#3101,3.66E0);
#3103=CARTESIAN_POINT('',(-6.5675E0,9.325E-1,1.89E0));
#3104=LINE('',#3103,#3102);
#3105=DIRECTION('',(0.E0,0.E0,1.E0));
#3106=VECTOR('',#3105,3.66E0);
#3107=CARTESIAN_POINT('',(-6.5675E0,1.5675E0,-1.77E0));
#3108=LINE('',#3107,#3106);
#3109=DIRECTION('',(0.E0,-1.E0,0.E0));
#3110=VECTOR('',#3109,6.35E-1);
#3111=CARTESIAN_POINT('',(-6.5675E0,1.5675E0,-7.15E0));
#3112=LINE('',#3111,#3110);
#3113=DIRECTION('',(0.E0,0.E0,1.E0));
#3114=VECTOR('',#3113,2.92E0);
#3115=CARTESIAN_POINT('',(-6.5675E0,1.5675E0,-7.15E0));
#3116=LINE('',#3115,#3114);
#3117=DIRECTION('',(0.E0,0.E0,-1.E0));
#3118=VECTOR('',#3117,2.92E0);
#3119=CARTESIAN_POINT('',(-6.5675E0,9.325E-1,-4.23E0));
#3120=LINE('',#3119,#3118);
#3121=DIRECTION('',(0.E0,-1.E0,0.E0));
#3122=VECTOR('',#3121,6.35E-1);
#3123=CARTESIAN_POINT('',(-6.5675E0,-9.325E-1,-7.15E0));
#3124=LINE('',#3123,#3122);
#3125=DIRECTION('',(0.E0,0.E0,1.E0));
#3126=VECTOR('',#3125,2.92E0);
#3127=CARTESIAN_POINT('',(-6.5675E0,-9.325E-1,-7.15E0));
#3128=LINE('',#3127,#3126);
#3129=DIRECTION('',(0.E0,0.E0,-1.E0));
#3130=VECTOR('',#3129,2.92E0);
#3131=CARTESIAN_POINT('',(-6.5675E0,-1.5675E0,-4.23E0));
#3132=LINE('',#3131,#3130);
#3133=DIRECTION('',(0.E0,1.E0,0.E0));
#3134=VECTOR('',#3133,6.35E-1);
#3135=CARTESIAN_POINT('',(-6.5675E0,-1.5675E0,1.89E0));
#3136=LINE('',#3135,#3134);
#3137=DIRECTION('',(0.E0,0.E0,-1.E0));
#3138=VECTOR('',#3137,3.66E0);
#3139=CARTESIAN_POINT('',(-6.5675E0,-1.5675E0,1.89E0));
#3140=LINE('',#3139,#3138);
#3141=DIRECTION('',(0.E0,0.E0,1.E0));
#3142=VECTOR('',#3141,3.66E0);
#3143=CARTESIAN_POINT('',(-6.5675E0,-9.325E-1,-1.77E0));
#3144=LINE('',#3143,#3142);
#3145=DIRECTION('',(-1.E0,0.E0,0.E0));
#3146=VECTOR('',#3145,3.35E-1);
#3147=CARTESIAN_POINT('',(-6.0825E0,1.4175E0,2.77E0));
#3148=LINE('',#3147,#3146);
#3149=DIRECTION('',(0.E0,-1.E0,0.E0));
#3150=VECTOR('',#3149,3.35E-1);
#3151=CARTESIAN_POINT('',(-6.0825E0,1.4175E0,2.77E0));
#3152=LINE('',#3151,#3150);
#3153=DIRECTION('',(-1.E0,0.E0,0.E0));
#3154=VECTOR('',#3153,3.35E-1);
#3155=CARTESIAN_POINT('',(-6.0825E0,1.0825E0,2.77E0));
#3156=LINE('',#3155,#3154);
#3157=DIRECTION('',(0.E0,1.E0,0.E0));
#3158=VECTOR('',#3157,3.35E-1);
#3159=CARTESIAN_POINT('',(-6.4175E0,1.0825E0,2.77E0));
#3160=LINE('',#3159,#3158);
#3161=DIRECTION('',(1.657079250569E-1,-1.657079250569E-1,9.721531603336E-1));
#3162=VECTOR('',#3161,9.052071586107E-1);
#3163=CARTESIAN_POINT('',(-6.5675E0,1.5675E0,1.89E0));
#3164=LINE('',#3163,#3162);
#3165=DIRECTION('',(1.657079250569E-1,1.657079250569E-1,-9.721531603336E-1));
#3166=VECTOR('',#3165,9.052071586107E-1);
#3167=CARTESIAN_POINT('',(-6.0825E0,1.4175E0,2.77E0));
#3168=LINE('',#3167,#3166);
#3169=DIRECTION('',(-1.E0,0.E0,0.E0));
#3170=VECTOR('',#3169,6.35E-1);
#3171=CARTESIAN_POINT('',(-5.9325E0,1.5675E0,1.89E0));
#3172=LINE('',#3171,#3170);
#3173=DIRECTION('',(-1.E0,0.E0,0.E0));
#3174=VECTOR('',#3173,6.35E-1);
#3175=CARTESIAN_POINT('',(-5.9325E0,1.5675E0,-7.15E0));
#3176=LINE('',#3175,#3174);
#3177=DIRECTION('',(0.E0,-1.E0,0.E0));
#3178=VECTOR('',#3177,6.35E-1);
#3179=CARTESIAN_POINT('',(-5.9325E0,1.5675E0,1.89E0));
#3180=LINE('',#3179,#3178);
#3181=DIRECTION('',(0.E0,0.E0,1.E0));
#3182=VECTOR('',#3181,3.66E0);
#3183=CARTESIAN_POINT('',(-5.9325E0,1.5675E0,-1.77E0));
#3184=LINE('',#3183,#3182);
#3185=DIRECTION('',(0.E0,0.E0,-1.E0));
#3186=VECTOR('',#3185,3.66E0);
#3187=CARTESIAN_POINT('',(-5.9325E0,9.325E-1,1.89E0));
#3188=LINE('',#3187,#3186);
#3189=DIRECTION('',(0.E0,1.E0,0.E0));
#3190=VECTOR('',#3189,6.35E-1);
#3191=CARTESIAN_POINT('',(-5.9325E0,9.325E-1,-7.15E0));
#3192=LINE('',#3191,#3190);
#3193=DIRECTION('',(0.E0,0.E0,-1.E0));
#3194=VECTOR('',#3193,2.92E0);
#3195=CARTESIAN_POINT('',(-5.9325E0,9.325E-1,-4.23E0));
#3196=LINE('',#3195,#3194);
#3197=DIRECTION('',(0.E0,0.E0,1.E0));
#3198=VECTOR('',#3197,2.92E0);
#3199=CARTESIAN_POINT('',(-5.9325E0,1.5675E0,-7.15E0));
#3200=LINE('',#3199,#3198);
#3201=DIRECTION('',(0.E0,1.E0,0.E0));
#3202=VECTOR('',#3201,6.35E-1);
#3203=CARTESIAN_POINT('',(-5.9325E0,-1.5675E0,-7.15E0));
#3204=LINE('',#3203,#3202);
#3205=DIRECTION('',(0.E0,0.E0,-1.E0));
#3206=VECTOR('',#3205,2.92E0);
#3207=CARTESIAN_POINT('',(-5.9325E0,-1.5675E0,-4.23E0));
#3208=LINE('',#3207,#3206);
#3209=DIRECTION('',(0.E0,0.E0,1.E0));
#3210=VECTOR('',#3209,2.92E0);
#3211=CARTESIAN_POINT('',(-5.9325E0,-9.325E-1,-7.15E0));
#3212=LINE('',#3211,#3210);
#3213=DIRECTION('',(0.E0,-1.E0,0.E0));
#3214=VECTOR('',#3213,6.35E-1);
#3215=CARTESIAN_POINT('',(-5.9325E0,-9.325E-1,1.89E0));
#3216=LINE('',#3215,#3214);
#3217=DIRECTION('',(0.E0,0.E0,1.E0));
#3218=VECTOR('',#3217,3.66E0);
#3219=CARTESIAN_POINT('',(-5.9325E0,-9.325E-1,-1.77E0));
#3220=LINE('',#3219,#3218);
#3221=DIRECTION('',(0.E0,0.E0,-1.E0));
#3222=VECTOR('',#3221,3.66E0);
#3223=CARTESIAN_POINT('',(-5.9325E0,-1.5675E0,1.89E0));
#3224=LINE('',#3223,#3222);
#3225=DIRECTION('',(-1.657079250569E-1,-1.657079250569E-1,-9.721531603336E-1));
#3226=VECTOR('',#3225,9.052071586107E-1);
#3227=CARTESIAN_POINT('',(-6.4175E0,1.0825E0,2.77E0));
#3228=LINE('',#3227,#3226);
#3229=DIRECTION('',(-1.657079250569E-1,1.657079250569E-1,9.721531603336E-1));
#3230=VECTOR('',#3229,9.052071586107E-1);
#3231=CARTESIAN_POINT('',(-5.9325E0,9.325E-1,1.89E0));
#3232=LINE('',#3231,#3230);
#3233=DIRECTION('',(-1.E0,0.E0,0.E0));
#3234=VECTOR('',#3233,6.35E-1);
#3235=CARTESIAN_POINT('',(-5.9325E0,9.325E-1,1.89E0));
#3236=LINE('',#3235,#3234);
#3237=DIRECTION('',(-1.E0,0.E0,0.E0));
#3238=VECTOR('',#3237,6.35E-1);
#3239=CARTESIAN_POINT('',(-5.9325E0,9.325E-1,-7.15E0));
#3240=LINE('',#3239,#3238);
#3241=DIRECTION('',(1.657079250569E-1,-1.657079250569E-1,9.721531603336E-1));
#3242=VECTOR('',#3241,9.052071586107E-1);
#3243=CARTESIAN_POINT('',(-6.0825E0,1.0825E0,-8.03E0));
#3244=LINE('',#3243,#3242);
#3245=DIRECTION('',(-1.E0,0.E0,0.E0));
#3246=VECTOR('',#3245,3.35E-1);
#3247=CARTESIAN_POINT('',(-6.0825E0,1.4175E0,-8.03E0));
#3248=LINE('',#3247,#3246);
#3249=DIRECTION('',(0.E0,-1.E0,0.E0));
#3250=VECTOR('',#3249,3.35E-1);
#3251=CARTESIAN_POINT('',(-6.4175E0,1.4175E0,-8.03E0));
#3252=LINE('',#3251,#3250);
#3253=DIRECTION('',(-1.E0,0.E0,0.E0));
#3254=VECTOR('',#3253,3.35E-1);
#3255=CARTESIAN_POINT('',(-6.0825E0,1.0825E0,-8.03E0));
#3256=LINE('',#3255,#3254);
#3257=DIRECTION('',(0.E0,1.E0,0.E0));
#3258=VECTOR('',#3257,3.35E-1);
#3259=CARTESIAN_POINT('',(-6.0825E0,1.0825E0,-8.03E0));
#3260=LINE('',#3259,#3258);
#3261=DIRECTION('',(-1.657079250569E-1,1.657079250569E-1,9.721531603336E-1));
#3262=VECTOR('',#3261,9.052071586107E-1);
#3263=CARTESIAN_POINT('',(-6.4175E0,1.4175E0,-8.03E0));
#3264=LINE('',#3263,#3262);
#3265=DIRECTION('',(-1.657079250569E-1,-1.657079250569E-1,-9.721531603336E-1));
#3266=VECTOR('',#3265,9.052071586107E-1);
#3267=CARTESIAN_POINT('',(-5.9325E0,1.5675E0,-7.15E0));
#3268=LINE('',#3267,#3266);
#3269=DIRECTION('',(-1.657079250569E-1,-1.657079250569E-1,9.721531603336E-1));
#3270=VECTOR('',#3269,9.052071586107E-1);
#3271=CARTESIAN_POINT('',(-6.4175E0,1.0825E0,-8.03E0));
#3272=LINE('',#3271,#3270);
#3273=DIRECTION('',(-1.E0,0.E0,0.E0));
#3274=VECTOR('',#3273,3.35E-1);
#3275=CARTESIAN_POINT('',(-6.0825E0,-1.0825E0,-8.03E0));
#3276=LINE('',#3275,#3274);
#3277=DIRECTION('',(0.E0,-1.E0,0.E0));
#3278=VECTOR('',#3277,3.35E-1);
#3279=CARTESIAN_POINT('',(-6.4175E0,-1.0825E0,-8.03E0));
#3280=LINE('',#3279,#3278);
#3281=DIRECTION('',(-1.E0,0.E0,0.E0));
#3282=VECTOR('',#3281,3.35E-1);
#3283=CARTESIAN_POINT('',(-6.0825E0,-1.4175E0,-8.03E0));
#3284=LINE('',#3283,#3282);
#3285=DIRECTION('',(0.E0,1.E0,0.E0));
#3286=VECTOR('',#3285,3.35E-1);
#3287=CARTESIAN_POINT('',(-6.0825E0,-1.4175E0,-8.03E0));
#3288=LINE('',#3287,#3286);
#3289=DIRECTION('',(-1.657079250569E-1,1.657079250569E-1,9.721531603336E-1));
#3290=VECTOR('',#3289,9.052071586107E-1);
#3291=CARTESIAN_POINT('',(-6.4175E0,-1.0825E0,-8.03E0));
#3292=LINE('',#3291,#3290);
#3293=DIRECTION('',(-1.657079250569E-1,-1.657079250569E-1,-9.721531603336E-1));
#3294=VECTOR('',#3293,9.052071586107E-1);
#3295=CARTESIAN_POINT('',(-5.9325E0,-9.325E-1,-7.15E0));
#3296=LINE('',#3295,#3294);
#3297=DIRECTION('',(-1.E0,0.E0,0.E0));
#3298=VECTOR('',#3297,6.35E-1);
#3299=CARTESIAN_POINT('',(-5.9325E0,-9.325E-1,-7.15E0));
#3300=LINE('',#3299,#3298);
#3301=DIRECTION('',(-1.E0,0.E0,0.E0));
#3302=VECTOR('',#3301,6.35E-1);
#3303=CARTESIAN_POINT('',(-5.9325E0,-9.325E-1,1.89E0));
#3304=LINE('',#3303,#3302);
#3305=DIRECTION('',(1.657079250569E-1,1.657079250569E-1,-9.721531603336E-1));
#3306=VECTOR('',#3305,9.052071586107E-1);
#3307=CARTESIAN_POINT('',(-6.0825E0,-1.0825E0,2.77E0));
#3308=LINE('',#3307,#3306);
#3309=DIRECTION('',(1.657079250569E-1,-1.657079250569E-1,-9.721531603336E-1));
#3310=VECTOR('',#3309,9.052071586107E-1);
#3311=CARTESIAN_POINT('',(-6.0825E0,-1.4175E0,2.77E0));
#3312=LINE('',#3311,#3310);
#3313=DIRECTION('',(-1.E0,0.E0,0.E0));
#3314=VECTOR('',#3313,3.35E-1);
#3315=CARTESIAN_POINT('',(-6.0825E0,-1.4175E0,2.77E0));
#3316=LINE('',#3315,#3314);
#3317=DIRECTION('',(0.E0,1.E0,0.E0));
#3318=VECTOR('',#3317,3.35E-1);
#3319=CARTESIAN_POINT('',(-6.4175E0,-1.4175E0,2.77E0));
#3320=LINE('',#3319,#3318);
#3321=DIRECTION('',(-1.E0,0.E0,0.E0));
#3322=VECTOR('',#3321,3.35E-1);
#3323=CARTESIAN_POINT('',(-6.0825E0,-1.0825E0,2.77E0));
#3324=LINE('',#3323,#3322);
#3325=DIRECTION('',(0.E0,-1.E0,0.E0));
#3326=VECTOR('',#3325,3.35E-1);
#3327=CARTESIAN_POINT('',(-6.0825E0,-1.0825E0,2.77E0));
#3328=LINE('',#3327,#3326);
#3329=DIRECTION('',(-1.657079250569E-1,-1.657079250569E-1,-9.721531603336E-1));
#3330=VECTOR('',#3329,9.052071586107E-1);
#3331=CARTESIAN_POINT('',(-6.4175E0,-1.4175E0,2.77E0));
#3332=LINE('',#3331,#3330);
#3333=DIRECTION('',(-1.E0,0.E0,0.E0));
#3334=VECTOR('',#3333,6.35E-1);
#3335=CARTESIAN_POINT('',(-5.9325E0,-1.5675E0,-7.15E0));
#3336=LINE('',#3335,#3334);
#3337=DIRECTION('',(-1.E0,0.E0,0.E0));
#3338=VECTOR('',#3337,6.35E-1);
#3339=CARTESIAN_POINT('',(-5.9325E0,-1.5675E0,1.89E0));
#3340=LINE('',#3339,#3338);
#3341=DIRECTION('',(1.657079250569E-1,-1.657079250569E-1,9.721531603336E-1));
#3342=VECTOR('',#3341,9.052071586107E-1);
#3343=CARTESIAN_POINT('',(-6.0825E0,-1.4175E0,-8.03E0));
#3344=LINE('',#3343,#3342);
#3345=DIRECTION('',(-1.657079250569E-1,-1.657079250569E-1,9.721531603336E-1));
#3346=VECTOR('',#3345,9.052071586107E-1);
#3347=CARTESIAN_POINT('',(-6.4175E0,-1.4175E0,-8.03E0));
#3348=LINE('',#3347,#3346);
#3349=DIRECTION('',(-1.657079250569E-1,1.657079250569E-1,-9.721531603336E-1));
#3350=VECTOR('',#3349,9.052071586107E-1);
#3351=CARTESIAN_POINT('',(-6.4175E0,-1.0825E0,2.77E0));
#3352=LINE('',#3351,#3350);
#3353=DIRECTION('',(0.E0,0.E0,-1.E0));
#3354=VECTOR('',#3353,6.E0);
#3355=CARTESIAN_POINT('',(-9.86E0,2.345E0,4.23E0));
#3356=LINE('',#3355,#3354);
#3357=DIRECTION('',(0.E0,0.E0,-1.E0));
#3358=VECTOR('',#3357,6.E0);
#3359=CARTESIAN_POINT('',(-7.64E0,2.345E0,4.23E0));
#3360=LINE('',#3359,#3358);
#3361=DIRECTION('',(0.E0,0.E0,-1.E0));
#3362=VECTOR('',#3361,6.E0);
#3363=CARTESIAN_POINT('',(-7.64E0,1.55E-1,4.23E0));
#3364=LINE('',#3363,#3362);
#3365=DIRECTION('',(0.E0,0.E0,-1.E0));
#3366=VECTOR('',#3365,6.E0);
#3367=CARTESIAN_POINT('',(-9.86E0,1.55E-1,4.23E0));
#3368=LINE('',#3367,#3366);
#3369=DIRECTION('',(0.E0,-1.E0,0.E0));
#3370=VECTOR('',#3369,2.19E0);
#3371=CARTESIAN_POINT('',(-9.86E0,2.345E0,-1.77E0));
#3372=LINE('',#3371,#3370);
#3373=DIRECTION('',(-1.E0,0.E0,0.E0));
#3374=VECTOR('',#3373,2.22E0);
#3375=CARTESIAN_POINT('',(-7.64E0,2.345E0,-1.77E0));
#3376=LINE('',#3375,#3374);
#3377=DIRECTION('',(0.E0,1.E0,0.E0));
#3378=VECTOR('',#3377,2.19E0);
#3379=CARTESIAN_POINT('',(-7.64E0,1.55E-1,-1.77E0));
#3380=LINE('',#3379,#3378);
#3381=DIRECTION('',(1.E0,0.E0,0.E0));
#3382=VECTOR('',#3381,2.22E0);
#3383=CARTESIAN_POINT('',(-9.86E0,1.55E-1,-1.77E0));
#3384=LINE('',#3383,#3382);
#3385=DIRECTION('',(1.E0,0.E0,0.E0));
#3386=VECTOR('',#3385,2.22E0);
#3387=CARTESIAN_POINT('',(-9.86E0,-2.345E0,-1.77E0));
#3388=LINE('',#3387,#3386);
#3389=DIRECTION('',(0.E0,-1.E0,0.E0));
#3390=VECTOR('',#3389,2.19E0);
#3391=CARTESIAN_POINT('',(-9.86E0,-1.55E-1,-1.77E0));
#3392=LINE('',#3391,#3390);
#3393=DIRECTION('',(-1.E0,0.E0,0.E0));
#3394=VECTOR('',#3393,2.22E0);
#3395=CARTESIAN_POINT('',(-7.64E0,-1.55E-1,-1.77E0));
#3396=LINE('',#3395,#3394);
#3397=DIRECTION('',(0.E0,1.E0,0.E0));
#3398=VECTOR('',#3397,2.19E0);
#3399=CARTESIAN_POINT('',(-7.64E0,-2.345E0,-1.77E0));
#3400=LINE('',#3399,#3398);
#3401=DIRECTION('',(0.E0,1.E0,0.E0));
#3402=VECTOR('',#3401,6.35E-1);
#3403=CARTESIAN_POINT('',(-9.0675E0,-1.5675E0,-1.77E0));
#3404=LINE('',#3403,#3402);
#3405=DIRECTION('',(1.E0,0.E0,0.E0));
#3406=VECTOR('',#3405,6.35E-1);
#3407=CARTESIAN_POINT('',(-9.0675E0,-1.5675E0,-1.77E0));
#3408=LINE('',#3407,#3406);
#3409=DIRECTION('',(0.E0,1.E0,0.E0));
#3410=VECTOR('',#3409,6.35E-1);
#3411=CARTESIAN_POINT('',(-8.4325E0,-1.5675E0,-1.77E0));
#3412=LINE('',#3411,#3410);
#3413=DIRECTION('',(1.E0,0.E0,0.E0));
#3414=VECTOR('',#3413,6.35E-1);
#3415=CARTESIAN_POINT('',(-9.0675E0,-9.325E-1,-1.77E0));
#3416=LINE('',#3415,#3414);
#3417=DIRECTION('',(0.E0,1.E0,0.E0));
#3418=VECTOR('',#3417,6.35E-1);
#3419=CARTESIAN_POINT('',(-9.0675E0,9.325E-1,-1.77E0));
#3420=LINE('',#3419,#3418);
#3421=DIRECTION('',(1.E0,0.E0,0.E0));
#3422=VECTOR('',#3421,6.35E-1);
#3423=CARTESIAN_POINT('',(-9.0675E0,9.325E-1,-1.77E0));
#3424=LINE('',#3423,#3422);
#3425=DIRECTION('',(0.E0,1.E0,0.E0));
#3426=VECTOR('',#3425,6.35E-1);
#3427=CARTESIAN_POINT('',(-8.4325E0,9.325E-1,-1.77E0));
#3428=LINE('',#3427,#3426);
#3429=DIRECTION('',(1.E0,0.E0,0.E0));
#3430=VECTOR('',#3429,6.35E-1);
#3431=CARTESIAN_POINT('',(-9.0675E0,1.5675E0,-1.77E0));
#3432=LINE('',#3431,#3430);
#3433=DIRECTION('',(0.E0,0.E0,-1.E0));
#3434=VECTOR('',#3433,6.E0);
#3435=CARTESIAN_POINT('',(-9.86E0,-2.345E0,4.23E0));
#3436=LINE('',#3435,#3434);
#3437=DIRECTION('',(0.E0,0.E0,-1.E0));
#3438=VECTOR('',#3437,6.E0);
#3439=CARTESIAN_POINT('',(-9.86E0,-1.55E-1,4.23E0));
#3440=LINE('',#3439,#3438);
#3441=DIRECTION('',(0.E0,0.E0,-1.E0));
#3442=VECTOR('',#3441,6.E0);
#3443=CARTESIAN_POINT('',(-7.64E0,-1.55E-1,4.23E0));
#3444=LINE('',#3443,#3442);
#3445=DIRECTION('',(0.E0,0.E0,-1.E0));
#3446=VECTOR('',#3445,6.E0);
#3447=CARTESIAN_POINT('',(-7.64E0,-2.345E0,4.23E0));
#3448=LINE('',#3447,#3446);
#3449=DIRECTION('',(0.E0,1.E0,0.E0));
#3450=VECTOR('',#3449,6.35E-1);
#3451=CARTESIAN_POINT('',(-9.0675E0,9.325E-1,1.89E0));
#3452=LINE('',#3451,#3450);
#3453=DIRECTION('',(0.E0,0.E0,-1.E0));
#3454=VECTOR('',#3453,3.66E0);
#3455=CARTESIAN_POINT('',(-9.0675E0,9.325E-1,1.89E0));
#3456=LINE('',#3455,#3454);
#3457=DIRECTION('',(0.E0,0.E0,1.E0));
#3458=VECTOR('',#3457,3.66E0);
#3459=CARTESIAN_POINT('',(-9.0675E0,1.5675E0,-1.77E0));
#3460=LINE('',#3459,#3458);
#3461=DIRECTION('',(0.E0,-1.E0,0.E0));
#3462=VECTOR('',#3461,6.35E-1);
#3463=CARTESIAN_POINT('',(-9.0675E0,1.5675E0,-7.15E0));
#3464=LINE('',#3463,#3462);
#3465=DIRECTION('',(0.E0,0.E0,1.E0));
#3466=VECTOR('',#3465,2.92E0);
#3467=CARTESIAN_POINT('',(-9.0675E0,1.5675E0,-7.15E0));
#3468=LINE('',#3467,#3466);
#3469=DIRECTION('',(0.E0,0.E0,-1.E0));
#3470=VECTOR('',#3469,2.92E0);
#3471=CARTESIAN_POINT('',(-9.0675E0,9.325E-1,-4.23E0));
#3472=LINE('',#3471,#3470);
#3473=DIRECTION('',(0.E0,-1.E0,0.E0));
#3474=VECTOR('',#3473,6.35E-1);
#3475=CARTESIAN_POINT('',(-9.0675E0,-9.325E-1,-7.15E0));
#3476=LINE('',#3475,#3474);
#3477=DIRECTION('',(0.E0,0.E0,1.E0));
#3478=VECTOR('',#3477,2.92E0);
#3479=CARTESIAN_POINT('',(-9.0675E0,-9.325E-1,-7.15E0));
#3480=LINE('',#3479,#3478);
#3481=DIRECTION('',(0.E0,0.E0,-1.E0));
#3482=VECTOR('',#3481,2.92E0);
#3483=CARTESIAN_POINT('',(-9.0675E0,-1.5675E0,-4.23E0));
#3484=LINE('',#3483,#3482);
#3485=DIRECTION('',(0.E0,1.E0,0.E0));
#3486=VECTOR('',#3485,6.35E-1);
#3487=CARTESIAN_POINT('',(-9.0675E0,-1.5675E0,1.89E0));
#3488=LINE('',#3487,#3486);
#3489=DIRECTION('',(0.E0,0.E0,-1.E0));
#3490=VECTOR('',#3489,3.66E0);
#3491=CARTESIAN_POINT('',(-9.0675E0,-1.5675E0,1.89E0));
#3492=LINE('',#3491,#3490);
#3493=DIRECTION('',(0.E0,0.E0,1.E0));
#3494=VECTOR('',#3493,3.66E0);
#3495=CARTESIAN_POINT('',(-9.0675E0,-9.325E-1,-1.77E0));
#3496=LINE('',#3495,#3494);
#3497=DIRECTION('',(-1.657079250569E-1,-1.657079250569E-1,-9.721531603336E-1));
#3498=VECTOR('',#3497,9.052071586107E-1);
#3499=CARTESIAN_POINT('',(-8.9175E0,1.0825E0,2.77E0));
#3500=LINE('',#3499,#3498);
#3501=DIRECTION('',(-1.657079250569E-1,1.657079250569E-1,9.721531603336E-1));
#3502=VECTOR('',#3501,9.052071586107E-1);
#3503=CARTESIAN_POINT('',(-8.4325E0,9.325E-1,1.89E0));
#3504=LINE('',#3503,#3502);
#3505=DIRECTION('',(-1.E0,0.E0,0.E0));
#3506=VECTOR('',#3505,3.35E-1);
#3507=CARTESIAN_POINT('',(-8.5825E0,1.4175E0,2.77E0));
#3508=LINE('',#3507,#3506);
#3509=DIRECTION('',(0.E0,-1.E0,0.E0));
#3510=VECTOR('',#3509,3.35E-1);
#3511=CARTESIAN_POINT('',(-8.5825E0,1.4175E0,2.77E0));
#3512=LINE('',#3511,#3510);
#3513=DIRECTION('',(-1.E0,0.E0,0.E0));
#3514=VECTOR('',#3513,3.35E-1);
#3515=CARTESIAN_POINT('',(-8.5825E0,1.0825E0,2.77E0));
#3516=LINE('',#3515,#3514);
#3517=DIRECTION('',(0.E0,1.E0,0.E0));
#3518=VECTOR('',#3517,3.35E-1);
#3519=CARTESIAN_POINT('',(-8.9175E0,1.0825E0,2.77E0));
#3520=LINE('',#3519,#3518);
#3521=DIRECTION('',(1.657079250569E-1,-1.657079250569E-1,9.721531603336E-1));
#3522=VECTOR('',#3521,9.052071586107E-1);
#3523=CARTESIAN_POINT('',(-9.0675E0,1.5675E0,1.89E0));
#3524=LINE('',#3523,#3522);
#3525=DIRECTION('',(1.657079250569E-1,1.657079250569E-1,-9.721531603336E-1));
#3526=VECTOR('',#3525,9.052071586107E-1);
#3527=CARTESIAN_POINT('',(-8.5825E0,1.4175E0,2.77E0));
#3528=LINE('',#3527,#3526);
#3529=DIRECTION('',(-1.E0,0.E0,0.E0));
#3530=VECTOR('',#3529,6.35E-1);
#3531=CARTESIAN_POINT('',(-8.4325E0,1.5675E0,1.89E0));
#3532=LINE('',#3531,#3530);
#3533=DIRECTION('',(-1.E0,0.E0,0.E0));
#3534=VECTOR('',#3533,6.35E-1);
#3535=CARTESIAN_POINT('',(-8.4325E0,1.5675E0,-7.15E0));
#3536=LINE('',#3535,#3534);
#3537=DIRECTION('',(0.E0,-1.E0,0.E0));
#3538=VECTOR('',#3537,6.35E-1);
#3539=CARTESIAN_POINT('',(-8.4325E0,1.5675E0,1.89E0));
#3540=LINE('',#3539,#3538);
#3541=DIRECTION('',(0.E0,0.E0,1.E0));
#3542=VECTOR('',#3541,3.66E0);
#3543=CARTESIAN_POINT('',(-8.4325E0,1.5675E0,-1.77E0));
#3544=LINE('',#3543,#3542);
#3545=DIRECTION('',(0.E0,0.E0,-1.E0));
#3546=VECTOR('',#3545,3.66E0);
#3547=CARTESIAN_POINT('',(-8.4325E0,9.325E-1,1.89E0));
#3548=LINE('',#3547,#3546);
#3549=DIRECTION('',(0.E0,1.E0,0.E0));
#3550=VECTOR('',#3549,6.35E-1);
#3551=CARTESIAN_POINT('',(-8.4325E0,9.325E-1,-7.15E0));
#3552=LINE('',#3551,#3550);
#3553=DIRECTION('',(0.E0,0.E0,-1.E0));
#3554=VECTOR('',#3553,2.92E0);
#3555=CARTESIAN_POINT('',(-8.4325E0,9.325E-1,-4.23E0));
#3556=LINE('',#3555,#3554);
#3557=DIRECTION('',(0.E0,0.E0,1.E0));
#3558=VECTOR('',#3557,2.92E0);
#3559=CARTESIAN_POINT('',(-8.4325E0,1.5675E0,-7.15E0));
#3560=LINE('',#3559,#3558);
#3561=DIRECTION('',(0.E0,1.E0,0.E0));
#3562=VECTOR('',#3561,6.35E-1);
#3563=CARTESIAN_POINT('',(-8.4325E0,-1.5675E0,-7.15E0));
#3564=LINE('',#3563,#3562);
#3565=DIRECTION('',(0.E0,0.E0,-1.E0));
#3566=VECTOR('',#3565,2.92E0);
#3567=CARTESIAN_POINT('',(-8.4325E0,-1.5675E0,-4.23E0));
#3568=LINE('',#3567,#3566);
#3569=DIRECTION('',(0.E0,0.E0,1.E0));
#3570=VECTOR('',#3569,2.92E0);
#3571=CARTESIAN_POINT('',(-8.4325E0,-9.325E-1,-7.15E0));
#3572=LINE('',#3571,#3570);
#3573=DIRECTION('',(0.E0,-1.E0,0.E0));
#3574=VECTOR('',#3573,6.35E-1);
#3575=CARTESIAN_POINT('',(-8.4325E0,-9.325E-1,1.89E0));
#3576=LINE('',#3575,#3574);
#3577=DIRECTION('',(0.E0,0.E0,1.E0));
#3578=VECTOR('',#3577,3.66E0);
#3579=CARTESIAN_POINT('',(-8.4325E0,-9.325E-1,-1.77E0));
#3580=LINE('',#3579,#3578);
#3581=DIRECTION('',(0.E0,0.E0,-1.E0));
#3582=VECTOR('',#3581,3.66E0);
#3583=CARTESIAN_POINT('',(-8.4325E0,-1.5675E0,1.89E0));
#3584=LINE('',#3583,#3582);
#3585=DIRECTION('',(-1.E0,0.E0,0.E0));
#3586=VECTOR('',#3585,6.35E-1);
#3587=CARTESIAN_POINT('',(-8.4325E0,9.325E-1,1.89E0));
#3588=LINE('',#3587,#3586);
#3589=DIRECTION('',(-1.E0,0.E0,0.E0));
#3590=VECTOR('',#3589,6.35E-1);
#3591=CARTESIAN_POINT('',(-8.4325E0,9.325E-1,-7.15E0));
#3592=LINE('',#3591,#3590);
#3593=DIRECTION('',(1.657079250569E-1,-1.657079250569E-1,9.721531603336E-1));
#3594=VECTOR('',#3593,9.052071586107E-1);
#3595=CARTESIAN_POINT('',(-8.5825E0,1.0825E0,-8.03E0));
#3596=LINE('',#3595,#3594);
#3597=DIRECTION('',(-1.657079250569E-1,-1.657079250569E-1,9.721531603336E-1));
#3598=VECTOR('',#3597,9.052071586107E-1);
#3599=CARTESIAN_POINT('',(-8.9175E0,1.0825E0,-8.03E0));
#3600=LINE('',#3599,#3598);
#3601=DIRECTION('',(-1.E0,0.E0,0.E0));
#3602=VECTOR('',#3601,3.35E-1);
#3603=CARTESIAN_POINT('',(-8.5825E0,1.4175E0,-8.03E0));
#3604=LINE('',#3603,#3602);
#3605=DIRECTION('',(0.E0,-1.E0,0.E0));
#3606=VECTOR('',#3605,3.35E-1);
#3607=CARTESIAN_POINT('',(-8.9175E0,1.4175E0,-8.03E0));
#3608=LINE('',#3607,#3606);
#3609=DIRECTION('',(-1.E0,0.E0,0.E0));
#3610=VECTOR('',#3609,3.35E-1);
#3611=CARTESIAN_POINT('',(-8.5825E0,1.0825E0,-8.03E0));
#3612=LINE('',#3611,#3610);
#3613=DIRECTION('',(0.E0,1.E0,0.E0));
#3614=VECTOR('',#3613,3.35E-1);
#3615=CARTESIAN_POINT('',(-8.5825E0,1.0825E0,-8.03E0));
#3616=LINE('',#3615,#3614);
#3617=DIRECTION('',(-1.657079250569E-1,1.657079250569E-1,9.721531603336E-1));
#3618=VECTOR('',#3617,9.052071586107E-1);
#3619=CARTESIAN_POINT('',(-8.9175E0,1.4175E0,-8.03E0));
#3620=LINE('',#3619,#3618);
#3621=DIRECTION('',(-1.657079250569E-1,-1.657079250569E-1,-9.721531603336E-1));
#3622=VECTOR('',#3621,9.052071586107E-1);
#3623=CARTESIAN_POINT('',(-8.4325E0,1.5675E0,-7.15E0));
#3624=LINE('',#3623,#3622);
#3625=DIRECTION('',(-1.E0,0.E0,0.E0));
#3626=VECTOR('',#3625,3.35E-1);
#3627=CARTESIAN_POINT('',(-8.5825E0,-1.0825E0,-8.03E0));
#3628=LINE('',#3627,#3626);
#3629=DIRECTION('',(0.E0,-1.E0,0.E0));
#3630=VECTOR('',#3629,3.35E-1);
#3631=CARTESIAN_POINT('',(-8.9175E0,-1.0825E0,-8.03E0));
#3632=LINE('',#3631,#3630);
#3633=DIRECTION('',(-1.E0,0.E0,0.E0));
#3634=VECTOR('',#3633,3.35E-1);
#3635=CARTESIAN_POINT('',(-8.5825E0,-1.4175E0,-8.03E0));
#3636=LINE('',#3635,#3634);
#3637=DIRECTION('',(0.E0,1.E0,0.E0));
#3638=VECTOR('',#3637,3.35E-1);
#3639=CARTESIAN_POINT('',(-8.5825E0,-1.4175E0,-8.03E0));
#3640=LINE('',#3639,#3638);
#3641=DIRECTION('',(-1.657079250569E-1,1.657079250569E-1,9.721531603336E-1));
#3642=VECTOR('',#3641,9.052071586107E-1);
#3643=CARTESIAN_POINT('',(-8.9175E0,-1.0825E0,-8.03E0));
#3644=LINE('',#3643,#3642);
#3645=DIRECTION('',(-1.657079250569E-1,-1.657079250569E-1,-9.721531603336E-1));
#3646=VECTOR('',#3645,9.052071586107E-1);
#3647=CARTESIAN_POINT('',(-8.4325E0,-9.325E-1,-7.15E0));
#3648=LINE('',#3647,#3646);
#3649=DIRECTION('',(-1.E0,0.E0,0.E0));
#3650=VECTOR('',#3649,6.35E-1);
#3651=CARTESIAN_POINT('',(-8.4325E0,-9.325E-1,-7.15E0));
#3652=LINE('',#3651,#3650);
#3653=DIRECTION('',(-1.E0,0.E0,0.E0));
#3654=VECTOR('',#3653,6.35E-1);
#3655=CARTESIAN_POINT('',(-8.4325E0,-9.325E-1,1.89E0));
#3656=LINE('',#3655,#3654);
#3657=DIRECTION('',(1.657079250569E-1,1.657079250569E-1,-9.721531603336E-1));
#3658=VECTOR('',#3657,9.052071586107E-1);
#3659=CARTESIAN_POINT('',(-8.5825E0,-1.0825E0,2.77E0));
#3660=LINE('',#3659,#3658);
#3661=DIRECTION('',(1.657079250569E-1,-1.657079250569E-1,-9.721531603336E-1));
#3662=VECTOR('',#3661,9.052071586107E-1);
#3663=CARTESIAN_POINT('',(-8.5825E0,-1.4175E0,2.77E0));
#3664=LINE('',#3663,#3662);
#3665=DIRECTION('',(-1.E0,0.E0,0.E0));
#3666=VECTOR('',#3665,3.35E-1);
#3667=CARTESIAN_POINT('',(-8.5825E0,-1.4175E0,2.77E0));
#3668=LINE('',#3667,#3666);
#3669=DIRECTION('',(0.E0,1.E0,0.E0));
#3670=VECTOR('',#3669,3.35E-1);
#3671=CARTESIAN_POINT('',(-8.9175E0,-1.4175E0,2.77E0));
#3672=LINE('',#3671,#3670);
#3673=DIRECTION('',(-1.E0,0.E0,0.E0));
#3674=VECTOR('',#3673,3.35E-1);
#3675=CARTESIAN_POINT('',(-8.5825E0,-1.0825E0,2.77E0));
#3676=LINE('',#3675,#3674);
#3677=DIRECTION('',(0.E0,-1.E0,0.E0));
#3678=VECTOR('',#3677,3.35E-1);
#3679=CARTESIAN_POINT('',(-8.5825E0,-1.0825E0,2.77E0));
#3680=LINE('',#3679,#3678);
#3681=DIRECTION('',(-1.657079250569E-1,-1.657079250569E-1,-9.721531603336E-1));
#3682=VECTOR('',#3681,9.052071586107E-1);
#3683=CARTESIAN_POINT('',(-8.9175E0,-1.4175E0,2.77E0));
#3684=LINE('',#3683,#3682);
#3685=DIRECTION('',(-1.E0,0.E0,0.E0));
#3686=VECTOR('',#3685,6.35E-1);
#3687=CARTESIAN_POINT('',(-8.4325E0,-1.5675E0,-7.15E0));
#3688=LINE('',#3687,#3686);
#3689=DIRECTION('',(-1.E0,0.E0,0.E0));
#3690=VECTOR('',#3689,6.35E-1);
#3691=CARTESIAN_POINT('',(-8.4325E0,-1.5675E0,1.89E0));
#3692=LINE('',#3691,#3690);
#3693=DIRECTION('',(1.657079250569E-1,-1.657079250569E-1,9.721531603336E-1));
#3694=VECTOR('',#3693,9.052071586107E-1);
#3695=CARTESIAN_POINT('',(-8.5825E0,-1.4175E0,-8.03E0));
#3696=LINE('',#3695,#3694);
#3697=DIRECTION('',(-1.657079250569E-1,-1.657079250569E-1,9.721531603336E-1));
#3698=VECTOR('',#3697,9.052071586107E-1);
#3699=CARTESIAN_POINT('',(-8.9175E0,-1.4175E0,-8.03E0));
#3700=LINE('',#3699,#3698);
#3701=DIRECTION('',(-1.657079250569E-1,1.657079250569E-1,-9.721531603336E-1));
#3702=VECTOR('',#3701,9.052071586107E-1);
#3703=CARTESIAN_POINT('',(-8.9175E0,-1.0825E0,2.77E0));
#3704=LINE('',#3703,#3702);
#3705=DIRECTION('',(0.E0,0.E0,-1.E0));
#3706=VECTOR('',#3705,6.E0);
#3707=CARTESIAN_POINT('',(7.64E0,1.55E-1,4.23E0));
#3708=LINE('',#3707,#3706);
#3709=DIRECTION('',(-1.E0,0.E0,0.E0));
#3710=VECTOR('',#3709,7.1E-1);
#3711=CARTESIAN_POINT('',(9.86E0,1.55E-1,-7.E-2));
#3712=LINE('',#3711,#3710);
#3713=DIRECTION('',(0.E0,0.E0,1.E0));
#3714=VECTOR('',#3713,3.7E0);
#3715=CARTESIAN_POINT('',(9.15E0,1.55E-1,-7.E-2));
#3716=LINE('',#3715,#3714);
#3717=DIRECTION('',(7.071067811865E-1,0.E0,-7.071067811865E-1));
#3718=VECTOR('',#3717,8.485281374239E-1);
#3719=CARTESIAN_POINT('',(8.55E0,1.55E-1,4.23E0));
#3720=LINE('',#3719,#3718);
#3721=DIRECTION('',(0.E0,0.E0,-1.E0));
#3722=VECTOR('',#3721,6.E0);
#3723=CARTESIAN_POINT('',(7.64E0,2.345E0,4.23E0));
#3724=LINE('',#3723,#3722);
#3725=DIRECTION('',(0.E0,0.E0,-1.E0));
#3726=VECTOR('',#3725,6.E0);
#3727=CARTESIAN_POINT('',(9.86E0,2.345E0,4.23E0));
#3728=LINE('',#3727,#3726);
#3729=DIRECTION('',(0.E0,-1.E0,0.E0));
#3730=VECTOR('',#3729,4.69E0);
#3731=CARTESIAN_POINT('',(9.86E0,2.345E0,4.23E0));
#3732=LINE('',#3731,#3730);
#3733=DIRECTION('',(0.E0,0.E0,-1.E0));
#3734=VECTOR('',#3733,6.E0);
#3735=CARTESIAN_POINT('',(9.86E0,-2.345E0,4.23E0));
#3736=LINE('',#3735,#3734);
#3737=DIRECTION('',(0.E0,0.E0,-1.E0));
#3738=VECTOR('',#3737,1.7E0);
#3739=CARTESIAN_POINT('',(9.86E0,1.55E-1,-7.E-2));
#3740=LINE('',#3739,#3738);
#3741=DIRECTION('',(0.E0,0.E0,-1.E0));
#3742=VECTOR('',#3741,6.E0);
#3743=CARTESIAN_POINT('',(7.64E0,-2.345E0,4.23E0));
#3744=LINE('',#3743,#3742);
#3745=DIRECTION('',(0.E0,0.E0,-1.E0));
#3746=VECTOR('',#3745,6.E0);
#3747=CARTESIAN_POINT('',(7.64E0,-1.55E-1,4.23E0));
#3748=LINE('',#3747,#3746);
#3749=DIRECTION('',(-1.E0,0.E0,0.E0));
#3750=VECTOR('',#3749,7.1E-1);
#3751=CARTESIAN_POINT('',(9.86E0,-1.55E-1,-7.E-2));
#3752=LINE('',#3751,#3750);
#3753=DIRECTION('',(0.E0,0.E0,-1.E0));
#3754=VECTOR('',#3753,1.7E0);
#3755=CARTESIAN_POINT('',(9.86E0,-1.55E-1,-7.E-2));
#3756=LINE('',#3755,#3754);
#3757=DIRECTION('',(7.071067811865E-1,0.E0,-7.071067811865E-1));
#3758=VECTOR('',#3757,8.485281374239E-1);
#3759=CARTESIAN_POINT('',(8.55E0,-1.55E-1,4.23E0));
#3760=LINE('',#3759,#3758);
#3761=DIRECTION('',(0.E0,0.E0,1.E0));
#3762=VECTOR('',#3761,3.7E0);
#3763=CARTESIAN_POINT('',(9.15E0,-1.55E-1,-7.E-2));
#3764=LINE('',#3763,#3762);
#3765=DIRECTION('',(0.E0,-1.E0,0.E0));
#3766=VECTOR('',#3765,3.1E-1);
#3767=CARTESIAN_POINT('',(9.86E0,1.55E-1,-7.E-2));
#3768=LINE('',#3767,#3766);
#3769=DIRECTION('',(0.E0,-1.E0,0.E0));
#3770=VECTOR('',#3769,3.1E-1);
#3771=CARTESIAN_POINT('',(9.15E0,1.55E-1,-7.E-2));
#3772=LINE('',#3771,#3770);
#3773=DIRECTION('',(0.E0,-1.E0,0.E0));
#3774=VECTOR('',#3773,3.1E-1);
#3775=CARTESIAN_POINT('',(9.15E0,1.55E-1,3.63E0));
#3776=LINE('',#3775,#3774);
#3777=DIRECTION('',(0.E0,-1.E0,0.E0));
#3778=VECTOR('',#3777,2.19E0);
#3779=CARTESIAN_POINT('',(7.64E0,2.345E0,-1.77E0));
#3780=LINE('',#3779,#3778);
#3781=DIRECTION('',(-1.E0,0.E0,0.E0));
#3782=VECTOR('',#3781,2.22E0);
#3783=CARTESIAN_POINT('',(9.86E0,2.345E0,-1.77E0));
#3784=LINE('',#3783,#3782);
#3785=DIRECTION('',(0.E0,1.E0,0.E0));
#3786=VECTOR('',#3785,2.19E0);
#3787=CARTESIAN_POINT('',(9.86E0,1.55E-1,-1.77E0));
#3788=LINE('',#3787,#3786);
#3789=DIRECTION('',(1.E0,0.E0,0.E0));
#3790=VECTOR('',#3789,2.22E0);
#3791=CARTESIAN_POINT('',(7.64E0,1.55E-1,-1.77E0));
#3792=LINE('',#3791,#3790);
#3793=DIRECTION('',(1.E0,0.E0,0.E0));
#3794=VECTOR('',#3793,2.22E0);
#3795=CARTESIAN_POINT('',(7.64E0,-2.345E0,-1.77E0));
#3796=LINE('',#3795,#3794);
#3797=DIRECTION('',(0.E0,-1.E0,0.E0));
#3798=VECTOR('',#3797,2.19E0);
#3799=CARTESIAN_POINT('',(7.64E0,-1.55E-1,-1.77E0));
#3800=LINE('',#3799,#3798);
#3801=DIRECTION('',(-1.E0,0.E0,0.E0));
#3802=VECTOR('',#3801,2.22E0);
#3803=CARTESIAN_POINT('',(9.86E0,-1.55E-1,-1.77E0));
#3804=LINE('',#3803,#3802);
#3805=DIRECTION('',(0.E0,1.E0,0.E0));
#3806=VECTOR('',#3805,2.19E0);
#3807=CARTESIAN_POINT('',(9.86E0,-2.345E0,-1.77E0));
#3808=LINE('',#3807,#3806);
#3809=DIRECTION('',(0.E0,1.E0,0.E0));
#3810=VECTOR('',#3809,6.35E-1);
#3811=CARTESIAN_POINT('',(8.4325E0,-1.5675E0,-1.77E0));
#3812=LINE('',#3811,#3810);
#3813=DIRECTION('',(1.E0,0.E0,0.E0));
#3814=VECTOR('',#3813,6.35E-1);
#3815=CARTESIAN_POINT('',(8.4325E0,-1.5675E0,-1.77E0));
#3816=LINE('',#3815,#3814);
#3817=DIRECTION('',(0.E0,1.E0,0.E0));
#3818=VECTOR('',#3817,6.35E-1);
#3819=CARTESIAN_POINT('',(9.0675E0,-1.5675E0,-1.77E0));
#3820=LINE('',#3819,#3818);
#3821=DIRECTION('',(1.E0,0.E0,0.E0));
#3822=VECTOR('',#3821,6.35E-1);
#3823=CARTESIAN_POINT('',(8.4325E0,-9.325E-1,-1.77E0));
#3824=LINE('',#3823,#3822);
#3825=DIRECTION('',(1.E0,0.E0,0.E0));
#3826=VECTOR('',#3825,6.35E-1);
#3827=CARTESIAN_POINT('',(8.4325E0,9.325E-1,-1.77E0));
#3828=LINE('',#3827,#3826);
#3829=DIRECTION('',(0.E0,1.E0,0.E0));
#3830=VECTOR('',#3829,6.35E-1);
#3831=CARTESIAN_POINT('',(9.0675E0,9.325E-1,-1.77E0));
#3832=LINE('',#3831,#3830);
#3833=DIRECTION('',(1.E0,0.E0,0.E0));
#3834=VECTOR('',#3833,6.35E-1);
#3835=CARTESIAN_POINT('',(8.4325E0,1.5675E0,-1.77E0));
#3836=LINE('',#3835,#3834);
#3837=DIRECTION('',(0.E0,1.E0,0.E0));
#3838=VECTOR('',#3837,6.35E-1);
#3839=CARTESIAN_POINT('',(8.4325E0,9.325E-1,-1.77E0));
#3840=LINE('',#3839,#3838);
#3841=DIRECTION('',(0.E0,1.E0,0.E0));
#3842=VECTOR('',#3841,6.35E-1);
#3843=CARTESIAN_POINT('',(8.4325E0,9.325E-1,1.89E0));
#3844=LINE('',#3843,#3842);
#3845=DIRECTION('',(0.E0,0.E0,-1.E0));
#3846=VECTOR('',#3845,3.66E0);
#3847=CARTESIAN_POINT('',(8.4325E0,9.325E-1,1.89E0));
#3848=LINE('',#3847,#3846);
#3849=DIRECTION('',(0.E0,0.E0,1.E0));
#3850=VECTOR('',#3849,3.66E0);
#3851=CARTESIAN_POINT('',(8.4325E0,1.5675E0,-1.77E0));
#3852=LINE('',#3851,#3850);
#3853=DIRECTION('',(0.E0,-1.E0,0.E0));
#3854=VECTOR('',#3853,6.35E-1);
#3855=CARTESIAN_POINT('',(8.4325E0,1.5675E0,-7.15E0));
#3856=LINE('',#3855,#3854);
#3857=DIRECTION('',(0.E0,0.E0,1.E0));
#3858=VECTOR('',#3857,2.92E0);
#3859=CARTESIAN_POINT('',(8.4325E0,1.5675E0,-7.15E0));
#3860=LINE('',#3859,#3858);
#3861=DIRECTION('',(0.E0,0.E0,-1.E0));
#3862=VECTOR('',#3861,2.92E0);
#3863=CARTESIAN_POINT('',(8.4325E0,9.325E-1,-4.23E0));
#3864=LINE('',#3863,#3862);
#3865=DIRECTION('',(0.E0,-1.E0,0.E0));
#3866=VECTOR('',#3865,6.35E-1);
#3867=CARTESIAN_POINT('',(8.4325E0,-9.325E-1,-7.15E0));
#3868=LINE('',#3867,#3866);
#3869=DIRECTION('',(0.E0,0.E0,1.E0));
#3870=VECTOR('',#3869,2.92E0);
#3871=CARTESIAN_POINT('',(8.4325E0,-9.325E-1,-7.15E0));
#3872=LINE('',#3871,#3870);
#3873=DIRECTION('',(0.E0,0.E0,-1.E0));
#3874=VECTOR('',#3873,2.92E0);
#3875=CARTESIAN_POINT('',(8.4325E0,-1.5675E0,-4.23E0));
#3876=LINE('',#3875,#3874);
#3877=DIRECTION('',(0.E0,1.E0,0.E0));
#3878=VECTOR('',#3877,6.35E-1);
#3879=CARTESIAN_POINT('',(8.4325E0,-1.5675E0,1.89E0));
#3880=LINE('',#3879,#3878);
#3881=DIRECTION('',(0.E0,0.E0,-1.E0));
#3882=VECTOR('',#3881,3.66E0);
#3883=CARTESIAN_POINT('',(8.4325E0,-1.5675E0,1.89E0));
#3884=LINE('',#3883,#3882);
#3885=DIRECTION('',(0.E0,0.E0,1.E0));
#3886=VECTOR('',#3885,3.66E0);
#3887=CARTESIAN_POINT('',(8.4325E0,-9.325E-1,-1.77E0));
#3888=LINE('',#3887,#3886);
#3889=DIRECTION('',(-1.E0,0.E0,0.E0));
#3890=VECTOR('',#3889,3.35E-1);
#3891=CARTESIAN_POINT('',(8.9175E0,1.4175E0,2.77E0));
#3892=LINE('',#3891,#3890);
#3893=DIRECTION('',(0.E0,-1.E0,0.E0));
#3894=VECTOR('',#3893,3.35E-1);
#3895=CARTESIAN_POINT('',(8.9175E0,1.4175E0,2.77E0));
#3896=LINE('',#3895,#3894);
#3897=DIRECTION('',(-1.E0,0.E0,0.E0));
#3898=VECTOR('',#3897,3.35E-1);
#3899=CARTESIAN_POINT('',(8.9175E0,1.0825E0,2.77E0));
#3900=LINE('',#3899,#3898);
#3901=DIRECTION('',(0.E0,1.E0,0.E0));
#3902=VECTOR('',#3901,3.35E-1);
#3903=CARTESIAN_POINT('',(8.5825E0,1.0825E0,2.77E0));
#3904=LINE('',#3903,#3902);
#3905=DIRECTION('',(1.657079250569E-1,-1.657079250569E-1,9.721531603336E-1));
#3906=VECTOR('',#3905,9.052071586107E-1);
#3907=CARTESIAN_POINT('',(8.4325E0,1.5675E0,1.89E0));
#3908=LINE('',#3907,#3906);
#3909=DIRECTION('',(1.657079250569E-1,1.657079250569E-1,-9.721531603336E-1));
#3910=VECTOR('',#3909,9.052071586107E-1);
#3911=CARTESIAN_POINT('',(8.9175E0,1.4175E0,2.77E0));
#3912=LINE('',#3911,#3910);
#3913=DIRECTION('',(-1.E0,0.E0,0.E0));
#3914=VECTOR('',#3913,6.35E-1);
#3915=CARTESIAN_POINT('',(9.0675E0,1.5675E0,1.89E0));
#3916=LINE('',#3915,#3914);
#3917=DIRECTION('',(-1.E0,0.E0,0.E0));
#3918=VECTOR('',#3917,6.35E-1);
#3919=CARTESIAN_POINT('',(9.0675E0,1.5675E0,-7.15E0));
#3920=LINE('',#3919,#3918);
#3921=DIRECTION('',(0.E0,-1.E0,0.E0));
#3922=VECTOR('',#3921,6.35E-1);
#3923=CARTESIAN_POINT('',(9.0675E0,1.5675E0,1.89E0));
#3924=LINE('',#3923,#3922);
#3925=DIRECTION('',(0.E0,0.E0,1.E0));
#3926=VECTOR('',#3925,3.66E0);
#3927=CARTESIAN_POINT('',(9.0675E0,1.5675E0,-1.77E0));
#3928=LINE('',#3927,#3926);
#3929=DIRECTION('',(0.E0,0.E0,-1.E0));
#3930=VECTOR('',#3929,3.66E0);
#3931=CARTESIAN_POINT('',(9.0675E0,9.325E-1,1.89E0));
#3932=LINE('',#3931,#3930);
#3933=DIRECTION('',(0.E0,1.E0,0.E0));
#3934=VECTOR('',#3933,6.35E-1);
#3935=CARTESIAN_POINT('',(9.0675E0,9.325E-1,-7.15E0));
#3936=LINE('',#3935,#3934);
#3937=DIRECTION('',(0.E0,0.E0,-1.E0));
#3938=VECTOR('',#3937,2.92E0);
#3939=CARTESIAN_POINT('',(9.0675E0,9.325E-1,-4.23E0));
#3940=LINE('',#3939,#3938);
#3941=DIRECTION('',(0.E0,0.E0,1.E0));
#3942=VECTOR('',#3941,2.92E0);
#3943=CARTESIAN_POINT('',(9.0675E0,1.5675E0,-7.15E0));
#3944=LINE('',#3943,#3942);
#3945=DIRECTION('',(0.E0,1.E0,0.E0));
#3946=VECTOR('',#3945,6.35E-1);
#3947=CARTESIAN_POINT('',(9.0675E0,-1.5675E0,-7.15E0));
#3948=LINE('',#3947,#3946);
#3949=DIRECTION('',(0.E0,0.E0,-1.E0));
#3950=VECTOR('',#3949,2.92E0);
#3951=CARTESIAN_POINT('',(9.0675E0,-1.5675E0,-4.23E0));
#3952=LINE('',#3951,#3950);
#3953=DIRECTION('',(0.E0,0.E0,1.E0));
#3954=VECTOR('',#3953,2.92E0);
#3955=CARTESIAN_POINT('',(9.0675E0,-9.325E-1,-7.15E0));
#3956=LINE('',#3955,#3954);
#3957=DIRECTION('',(0.E0,-1.E0,0.E0));
#3958=VECTOR('',#3957,6.35E-1);
#3959=CARTESIAN_POINT('',(9.0675E0,-9.325E-1,1.89E0));
#3960=LINE('',#3959,#3958);
#3961=DIRECTION('',(0.E0,0.E0,1.E0));
#3962=VECTOR('',#3961,3.66E0);
#3963=CARTESIAN_POINT('',(9.0675E0,-9.325E-1,-1.77E0));
#3964=LINE('',#3963,#3962);
#3965=DIRECTION('',(0.E0,0.E0,-1.E0));
#3966=VECTOR('',#3965,3.66E0);
#3967=CARTESIAN_POINT('',(9.0675E0,-1.5675E0,1.89E0));
#3968=LINE('',#3967,#3966);
#3969=DIRECTION('',(-1.657079250569E-1,-1.657079250569E-1,-9.721531603336E-1));
#3970=VECTOR('',#3969,9.052071586107E-1);
#3971=CARTESIAN_POINT('',(8.5825E0,1.0825E0,2.77E0));
#3972=LINE('',#3971,#3970);
#3973=DIRECTION('',(-1.657079250569E-1,1.657079250569E-1,9.721531603336E-1));
#3974=VECTOR('',#3973,9.052071586107E-1);
#3975=CARTESIAN_POINT('',(9.0675E0,9.325E-1,1.89E0));
#3976=LINE('',#3975,#3974);
#3977=DIRECTION('',(-1.E0,0.E0,0.E0));
#3978=VECTOR('',#3977,6.35E-1);
#3979=CARTESIAN_POINT('',(9.0675E0,9.325E-1,1.89E0));
#3980=LINE('',#3979,#3978);
#3981=DIRECTION('',(-1.E0,0.E0,0.E0));
#3982=VECTOR('',#3981,6.35E-1);
#3983=CARTESIAN_POINT('',(9.0675E0,9.325E-1,-7.15E0));
#3984=LINE('',#3983,#3982);
#3985=DIRECTION('',(1.657079250569E-1,-1.657079250569E-1,9.721531603336E-1));
#3986=VECTOR('',#3985,9.052071586107E-1);
#3987=CARTESIAN_POINT('',(8.9175E0,1.0825E0,-8.03E0));
#3988=LINE('',#3987,#3986);
#3989=DIRECTION('',(-1.E0,0.E0,0.E0));
#3990=VECTOR('',#3989,3.35E-1);
#3991=CARTESIAN_POINT('',(8.9175E0,1.4175E0,-8.03E0));
#3992=LINE('',#3991,#3990);
#3993=DIRECTION('',(0.E0,-1.E0,0.E0));
#3994=VECTOR('',#3993,3.35E-1);
#3995=CARTESIAN_POINT('',(8.5825E0,1.4175E0,-8.03E0));
#3996=LINE('',#3995,#3994);
#3997=DIRECTION('',(-1.E0,0.E0,0.E0));
#3998=VECTOR('',#3997,3.35E-1);
#3999=CARTESIAN_POINT('',(8.9175E0,1.0825E0,-8.03E0));
#4000=LINE('',#3999,#3998);
#4001=DIRECTION('',(0.E0,1.E0,0.E0));
#4002=VECTOR('',#4001,3.35E-1);
#4003=CARTESIAN_POINT('',(8.9175E0,1.0825E0,-8.03E0));
#4004=LINE('',#4003,#4002);
#4005=DIRECTION('',(-1.657079250569E-1,1.657079250569E-1,9.721531603336E-1));
#4006=VECTOR('',#4005,9.052071586107E-1);
#4007=CARTESIAN_POINT('',(8.5825E0,1.4175E0,-8.03E0));
#4008=LINE('',#4007,#4006);
#4009=DIRECTION('',(-1.657079250569E-1,-1.657079250569E-1,-9.721531603336E-1));
#4010=VECTOR('',#4009,9.052071586107E-1);
#4011=CARTESIAN_POINT('',(9.0675E0,1.5675E0,-7.15E0));
#4012=LINE('',#4011,#4010);
#4013=DIRECTION('',(-1.657079250569E-1,-1.657079250569E-1,9.721531603336E-1));
#4014=VECTOR('',#4013,9.052071586107E-1);
#4015=CARTESIAN_POINT('',(8.5825E0,1.0825E0,-8.03E0));
#4016=LINE('',#4015,#4014);
#4017=DIRECTION('',(-1.E0,0.E0,0.E0));
#4018=VECTOR('',#4017,3.35E-1);
#4019=CARTESIAN_POINT('',(8.9175E0,-1.0825E0,-8.03E0));
#4020=LINE('',#4019,#4018);
#4021=DIRECTION('',(0.E0,-1.E0,0.E0));
#4022=VECTOR('',#4021,3.35E-1);
#4023=CARTESIAN_POINT('',(8.5825E0,-1.0825E0,-8.03E0));
#4024=LINE('',#4023,#4022);
#4025=DIRECTION('',(-1.E0,0.E0,0.E0));
#4026=VECTOR('',#4025,3.35E-1);
#4027=CARTESIAN_POINT('',(8.9175E0,-1.4175E0,-8.03E0));
#4028=LINE('',#4027,#4026);
#4029=DIRECTION('',(0.E0,1.E0,0.E0));
#4030=VECTOR('',#4029,3.35E-1);
#4031=CARTESIAN_POINT('',(8.9175E0,-1.4175E0,-8.03E0));
#4032=LINE('',#4031,#4030);
#4033=DIRECTION('',(-1.657079250569E-1,1.657079250569E-1,9.721531603336E-1));
#4034=VECTOR('',#4033,9.052071586107E-1);
#4035=CARTESIAN_POINT('',(8.5825E0,-1.0825E0,-8.03E0));
#4036=LINE('',#4035,#4034);
#4037=DIRECTION('',(-1.657079250569E-1,-1.657079250569E-1,-9.721531603336E-1));
#4038=VECTOR('',#4037,9.052071586107E-1);
#4039=CARTESIAN_POINT('',(9.0675E0,-9.325E-1,-7.15E0));
#4040=LINE('',#4039,#4038);
#4041=DIRECTION('',(-1.E0,0.E0,0.E0));
#4042=VECTOR('',#4041,6.35E-1);
#4043=CARTESIAN_POINT('',(9.0675E0,-9.325E-1,-7.15E0));
#4044=LINE('',#4043,#4042);
#4045=DIRECTION('',(-1.E0,0.E0,0.E0));
#4046=VECTOR('',#4045,6.35E-1);
#4047=CARTESIAN_POINT('',(9.0675E0,-9.325E-1,1.89E0));
#4048=LINE('',#4047,#4046);
#4049=DIRECTION('',(1.657079250569E-1,1.657079250569E-1,-9.721531603336E-1));
#4050=VECTOR('',#4049,9.052071586107E-1);
#4051=CARTESIAN_POINT('',(8.9175E0,-1.0825E0,2.77E0));
#4052=LINE('',#4051,#4050);
#4053=DIRECTION('',(1.657079250569E-1,-1.657079250569E-1,-9.721531603336E-1));
#4054=VECTOR('',#4053,9.052071586107E-1);
#4055=CARTESIAN_POINT('',(8.9175E0,-1.4175E0,2.77E0));
#4056=LINE('',#4055,#4054);
#4057=DIRECTION('',(-1.E0,0.E0,0.E0));
#4058=VECTOR('',#4057,3.35E-1);
#4059=CARTESIAN_POINT('',(8.9175E0,-1.4175E0,2.77E0));
#4060=LINE('',#4059,#4058);
#4061=DIRECTION('',(0.E0,1.E0,0.E0));
#4062=VECTOR('',#4061,3.35E-1);
#4063=CARTESIAN_POINT('',(8.5825E0,-1.4175E0,2.77E0));
#4064=LINE('',#4063,#4062);
#4065=DIRECTION('',(-1.E0,0.E0,0.E0));
#4066=VECTOR('',#4065,3.35E-1);
#4067=CARTESIAN_POINT('',(8.9175E0,-1.0825E0,2.77E0));
#4068=LINE('',#4067,#4066);
#4069=DIRECTION('',(0.E0,-1.E0,0.E0));
#4070=VECTOR('',#4069,3.35E-1);
#4071=CARTESIAN_POINT('',(8.9175E0,-1.0825E0,2.77E0));
#4072=LINE('',#4071,#4070);
#4073=DIRECTION('',(-1.657079250569E-1,-1.657079250569E-1,-9.721531603336E-1));
#4074=VECTOR('',#4073,9.052071586107E-1);
#4075=CARTESIAN_POINT('',(8.5825E0,-1.4175E0,2.77E0));
#4076=LINE('',#4075,#4074);
#4077=DIRECTION('',(-1.E0,0.E0,0.E0));
#4078=VECTOR('',#4077,6.35E-1);
#4079=CARTESIAN_POINT('',(9.0675E0,-1.5675E0,-7.15E0));
#4080=LINE('',#4079,#4078);
#4081=DIRECTION('',(-1.E0,0.E0,0.E0));
#4082=VECTOR('',#4081,6.35E-1);
#4083=CARTESIAN_POINT('',(9.0675E0,-1.5675E0,1.89E0));
#4084=LINE('',#4083,#4082);
#4085=DIRECTION('',(1.657079250569E-1,-1.657079250569E-1,9.721531603336E-1));
#4086=VECTOR('',#4085,9.052071586107E-1);
#4087=CARTESIAN_POINT('',(8.9175E0,-1.4175E0,-8.03E0));
#4088=LINE('',#4087,#4086);
#4089=DIRECTION('',(-1.657079250569E-1,-1.657079250569E-1,9.721531603336E-1));
#4090=VECTOR('',#4089,9.052071586107E-1);
#4091=CARTESIAN_POINT('',(8.5825E0,-1.4175E0,-8.03E0));
#4092=LINE('',#4091,#4090);
#4093=DIRECTION('',(-1.657079250569E-1,1.657079250569E-1,-9.721531603336E-1));
#4094=VECTOR('',#4093,9.052071586107E-1);
#4095=CARTESIAN_POINT('',(8.5825E0,-1.0825E0,2.77E0));
#4096=LINE('',#4095,#4094);
#4097=DIRECTION('',(0.E0,0.E0,-1.E0));
#4098=VECTOR('',#4097,6.E-1);
#4099=CARTESIAN_POINT('',(-1.047E1,-2.39E0,-4.23E0));
#4100=LINE('',#4099,#4098);
#4101=DIRECTION('',(0.E0,0.E0,-1.E0));
#4102=VECTOR('',#4101,6.E-1);
#4103=CARTESIAN_POINT('',(-9.67E0,-2.39E0,-4.23E0));
#4104=LINE('',#4103,#4102);
#4105=DIRECTION('',(-1.E0,0.E0,0.E0));
#4106=VECTOR('',#4105,1.36E0);
#4107=CARTESIAN_POINT('',(-1.047E1,-1.71E0,-4.23E0));
#4108=LINE('',#4107,#4106);
#4109=DIRECTION('',(0.E0,0.E0,1.E0));
#4110=VECTOR('',#4109,3.22E0);
#4111=CARTESIAN_POINT('',(-1.183E1,-1.71E0,-4.23E0));
#4112=LINE('',#4111,#4110);
#4113=DIRECTION('',(7.498378553651E-1,0.E0,6.616216370868E-1));
#4114=VECTOR('',#4113,1.813725447801E0);
#4115=CARTESIAN_POINT('',(-1.183E1,-1.71E0,-1.01E0));
#4116=LINE('',#4115,#4114);
#4117=DIRECTION('',(7.498378553651E-1,0.E0,-6.616216370868E-1));
#4118=VECTOR('',#4117,1.813725447801E0);
#4119=CARTESIAN_POINT('',(1.047E1,-1.71E0,1.9E-1));
#4120=LINE('',#4119,#4118);
#4121=DIRECTION('',(0.E0,0.E0,-1.E0));
#4122=VECTOR('',#4121,3.22E0);
#4123=CARTESIAN_POINT('',(1.183E1,-1.71E0,-1.01E0));
#4124=LINE('',#4123,#4122);
#4125=DIRECTION('',(-1.E0,0.E0,0.E0));
#4126=VECTOR('',#4125,1.36E0);
#4127=CARTESIAN_POINT('',(1.183E1,-1.71E0,-4.23E0));
#4128=LINE('',#4127,#4126);
#4129=DIRECTION('',(0.E0,1.E0,0.E0));
#4130=VECTOR('',#4129,3.5E0);
#4131=CARTESIAN_POINT('',(1.183E1,-1.11E0,-1.01E0));
#4132=LINE('',#4131,#4130);
#4133=DIRECTION('',(0.E0,-1.E0,0.E0));
#4134=VECTOR('',#4133,6.E-1);
#4135=CARTESIAN_POINT('',(1.183E1,2.99E0,-1.01E0));
#4136=LINE('',#4135,#4134);
#4137=DIRECTION('',(0.E0,-1.E0,0.E0));
#4138=VECTOR('',#4137,6.E-1);
#4139=CARTESIAN_POINT('',(1.183E1,-1.11E0,-1.01E0));
#4140=LINE('',#4139,#4138);
#4141=DIRECTION('',(0.E0,0.E0,-1.E0));
#4142=VECTOR('',#4141,1.2E0);
#4143=CARTESIAN_POINT('',(1.047E1,-1.11E0,1.9E-1));
#4144=LINE('',#4143,#4142);
#4145=DIRECTION('',(0.E0,0.E0,-1.E0));
#4146=VECTOR('',#4145,6.E-1);
#4147=CARTESIAN_POINT('',(9.67E0,-2.39E0,-4.23E0));
#4148=LINE('',#4147,#4146);
#4149=DIRECTION('',(0.E0,0.E0,-1.E0));
#4150=VECTOR('',#4149,6.E-1);
#4151=CARTESIAN_POINT('',(9.67E0,-2.99E0,-4.23E0));
#4152=LINE('',#4151,#4150);
#4153=DIRECTION('',(0.E0,0.E0,-1.E0));
#4154=VECTOR('',#4153,2.8E-1);
#4155=CARTESIAN_POINT('',(1.067E1,1.26E0,-4.23E0));
#4156=LINE('',#4155,#4154);
#4157=CARTESIAN_POINT('',(1.067E1,1.885308803980E0,-4.51E0));
#4158=DIRECTION('',(1.E0,0.E0,0.E0));
#4159=DIRECTION('',(0.E0,-1.E0,-3.550959198266E-14));
#4160=AXIS2_PLACEMENT_3D('',#4157,#4158,#4159);
#4162=DIRECTION('',(0.E0,6.083819728383E-2,-9.981476412592E-1));
#4163=VECTOR('',#4162,2.029501818521E0);
#4164=CARTESIAN_POINT('',(1.067E1,1.261158296229E0,-4.548042660380E0));
#4165=LINE('',#4164,#4163);
#4166=CARTESIAN_POINT('',(1.067E1,1.185E0,-6.585952752925E0));
#4167=DIRECTION('',(-1.E0,0.E0,0.E0));
#4168=DIRECTION('',(0.E0,9.981476412592E-1,6.083819728384E-2));
#4169=AXIS2_PLACEMENT_3D('',#4166,#4167,#4168);
#4171=CARTESIAN_POINT('',(1.067E1,1.76E0,-7.142167639457E0));
#4172=DIRECTION('',(1.E0,0.E0,0.E0));
#4173=DIRECTION('',(0.E0,-7.1875E-1,6.952686081652E-1));
#4174=AXIS2_PLACEMENT_3D('',#4171,#4172,#4173);
#4176=DIRECTION('',(0.E0,0.E0,-1.E0));
#4177=VECTOR('',#4176,8.878323605432E-1);
#4178=CARTESIAN_POINT('',(1.067E1,1.16E0,-7.142167639457E0));
#4179=LINE('',#4178,#4177);
#4180=DIRECTION('',(0.E0,1.E0,0.E0));
#4181=VECTOR('',#4180,2.E-1);
#4182=CARTESIAN_POINT('',(1.067E1,1.16E0,-8.03E0));
#4183=LINE('',#4182,#4181);
#4184=DIRECTION('',(0.E0,5.027550876881E-1,8.644288992183E-1));
#4185=VECTOR('',#4184,9.107531501059E-1);
#4186=CARTESIAN_POINT('',(1.067E1,1.36E0,-8.03E0));
#4187=LINE('',#4186,#4185);
#4188=CARTESIAN_POINT('',(1.067E1,1.645E0,-7.142167639457E0));
#4189=DIRECTION('',(1.E0,0.E0,0.E0));
#4190=DIRECTION('',(0.E0,8.644288992183E-1,-5.027550876881E-1));
#4191=AXIS2_PLACEMENT_3D('',#4188,#4189,#4190);
#4193=DIRECTION('',(0.E0,-6.083819728383E-2,9.981476412592E-1));
#4194=VECTOR('',#4193,2.612671966297E0);
#4195=CARTESIAN_POINT('',(1.067E1,1.844629528252E0,-7.13E0));
#4196=LINE('',#4195,#4194);
#4197=CARTESIAN_POINT('',(1.067E1,1.885308803980E0,-4.51E0));
#4198=DIRECTION('',(-1.E0,0.E0,0.E0));
#4199=DIRECTION('',(0.E0,-9.981476412592E-1,-6.083819728382E-2));
#4200=AXIS2_PLACEMENT_3D('',#4197,#4198,#4199);
#4202=DIRECTION('',(0.E0,0.E0,1.E0));
#4203=VECTOR('',#4202,2.8E-1);
#4204=CARTESIAN_POINT('',(1.067E1,1.685308803980E0,-4.51E0));
#4205=LINE('',#4204,#4203);
#4206=DIRECTION('',(0.E0,0.E0,-1.E0));
#4207=VECTOR('',#4206,2.8E-1);
#4208=CARTESIAN_POINT('',(1.067E1,2.346911960198E-1,-4.23E0));
#4209=LINE('',#4208,#4207);
#4210=CARTESIAN_POINT('',(1.067E1,3.469119601982E-2,-4.51E0));
#4211=DIRECTION('',(-1.E0,0.E0,0.E0));
#4212=DIRECTION('',(0.E0,1.E0,-1.332267629550E-14));
#4213=AXIS2_PLACEMENT_3D('',#4210,#4211,#4212);
#4215=DIRECTION('',(0.E0,-6.083819728383E-2,-9.981476412592E-1));
#4216=VECTOR('',#4215,2.612671966297E0);
#4217=CARTESIAN_POINT('',(1.067E1,2.343207242717E-1,-4.522167639457E0));
#4218=LINE('',#4217,#4216);
#4219=CARTESIAN_POINT('',(1.067E1,2.75E-1,-7.142167639457E0));
#4220=DIRECTION('',(1.E0,0.E0,0.E0));
#4221=DIRECTION('',(0.E0,-9.981476412592E-1,6.083819728383E-2));
#4222=AXIS2_PLACEMENT_3D('',#4219,#4220,#4221);
#4224=DIRECTION('',(0.E0,5.027550876881E-1,-8.644288992183E-1));
#4225=VECTOR('',#4224,9.107531501059E-1);
#4226=CARTESIAN_POINT('',(1.067E1,1.021142201563E-1,-7.242718656994E0));
#4227=LINE('',#4226,#4225);
#4228=DIRECTION('',(0.E0,1.E0,0.E0));
#4229=VECTOR('',#4228,2.E-1);
#4230=CARTESIAN_POINT('',(1.067E1,5.6E-1,-8.03E0));
#4231=LINE('',#4230,#4229);
#4232=DIRECTION('',(0.E0,0.E0,1.E0));
#4233=VECTOR('',#4232,8.878323605432E-1);
#4234=CARTESIAN_POINT('',(1.067E1,7.6E-1,-8.03E0));
#4235=LINE('',#4234,#4233);
#4236=CARTESIAN_POINT('',(1.067E1,1.6E-1,-7.142167639457E0));
#4237=DIRECTION('',(1.E0,0.E0,0.E0));
#4238=DIRECTION('',(0.E0,1.E0,0.E0));
#4239=AXIS2_PLACEMENT_3D('',#4236,#4237,#4238);
#4241=CARTESIAN_POINT('',(1.067E1,7.35E-1,-6.585952752925E0));
#4242=DIRECTION('',(-1.E0,0.E0,0.E0));
#4243=DIRECTION('',(0.E0,-7.187500000001E-1,-6.952686081651E-1));
#4244=AXIS2_PLACEMENT_3D('',#4241,#4242,#4243);
#4246=DIRECTION('',(0.E0,6.083819728383E-2,9.981476412592E-1));
#4247=VECTOR('',#4246,2.029501818521E0);
#4248=CARTESIAN_POINT('',(1.067E1,5.353704717482E-1,-6.573785113468E0));
#4249=LINE('',#4248,#4247);
#4250=CARTESIAN_POINT('',(1.067E1,3.469119601982E-2,-4.51E0));
#4251=DIRECTION('',(1.E0,0.E0,0.E0));
#4252=DIRECTION('',(0.E0,9.981476412592E-1,-6.083819728384E-2));
#4253=AXIS2_PLACEMENT_3D('',#4250,#4251,#4252);
#4255=DIRECTION('',(0.E0,0.E0,1.E0));
#4256=VECTOR('',#4255,2.8E-1);
#4257=CARTESIAN_POINT('',(1.067E1,6.6E-1,-4.51E0));
#4258=LINE('',#4257,#4256);
#4259=DIRECTION('',(0.E0,0.E0,1.E0));
#4260=VECTOR('',#4259,2.8E-1);
#4261=CARTESIAN_POINT('',(1.117E1,1.685308803980E0,-4.51E0));
#4262=LINE('',#4261,#4260);
#4263=CARTESIAN_POINT('',(1.117E1,1.885308803980E0,-4.51E0));
#4264=DIRECTION('',(-1.E0,0.E0,0.E0));
#4265=DIRECTION('',(0.E0,-9.981476412592E-1,-6.083819728382E-2));
#4266=AXIS2_PLACEMENT_3D('',#4263,#4264,#4265);
#4268=DIRECTION('',(0.E0,-6.083819728383E-2,9.981476412592E-1));
#4269=VECTOR('',#4268,2.612671966297E0);
#4270=CARTESIAN_POINT('',(1.117E1,1.844629528252E0,-7.13E0));
#4271=LINE('',#4270,#4269);
#4272=CARTESIAN_POINT('',(1.117E1,1.645E0,-7.142167639457E0));
#4273=DIRECTION('',(1.E0,0.E0,0.E0));
#4274=DIRECTION('',(0.E0,8.644288992183E-1,-5.027550876881E-1));
#4275=AXIS2_PLACEMENT_3D('',#4272,#4273,#4274);
#4277=DIRECTION('',(0.E0,5.027550876881E-1,8.644288992183E-1));
#4278=VECTOR('',#4277,9.107531501059E-1);
#4279=CARTESIAN_POINT('',(1.117E1,1.36E0,-8.03E0));
#4280=LINE('',#4279,#4278);
#4281=DIRECTION('',(0.E0,1.E0,0.E0));
#4282=VECTOR('',#4281,2.E-1);
#4283=CARTESIAN_POINT('',(1.117E1,1.16E0,-8.03E0));
#4284=LINE('',#4283,#4282);
#4285=DIRECTION('',(0.E0,0.E0,-1.E0));
#4286=VECTOR('',#4285,8.878323605432E-1);
#4287=CARTESIAN_POINT('',(1.117E1,1.16E0,-7.142167639457E0));
#4288=LINE('',#4287,#4286);
#4289=CARTESIAN_POINT('',(1.117E1,1.76E0,-7.142167639457E0));
#4290=DIRECTION('',(1.E0,0.E0,0.E0));
#4291=DIRECTION('',(0.E0,-7.1875E-1,6.952686081652E-1));
#4292=AXIS2_PLACEMENT_3D('',#4289,#4290,#4291);
#4294=CARTESIAN_POINT('',(1.117E1,1.185E0,-6.585952752925E0));
#4295=DIRECTION('',(-1.E0,0.E0,0.E0));
#4296=DIRECTION('',(0.E0,9.981476412592E-1,6.083819728384E-2));
#4297=AXIS2_PLACEMENT_3D('',#4294,#4295,#4296);
#4299=DIRECTION('',(0.E0,6.083819728383E-2,-9.981476412592E-1));
#4300=VECTOR('',#4299,2.029501818521E0);
#4301=CARTESIAN_POINT('',(1.117E1,1.261158296229E0,-4.548042660380E0));
#4302=LINE('',#4301,#4300);
#4303=CARTESIAN_POINT('',(1.117E1,1.885308803980E0,-4.51E0));
#4304=DIRECTION('',(1.E0,0.E0,0.E0));
#4305=DIRECTION('',(0.E0,-1.E0,-3.550959198266E-14));
#4306=AXIS2_PLACEMENT_3D('',#4303,#4304,#4305);
#4308=DIRECTION('',(0.E0,0.E0,-1.E0));
#4309=VECTOR('',#4308,2.8E-1);
#4310=CARTESIAN_POINT('',(1.117E1,1.26E0,-4.23E0));
#4311=LINE('',#4310,#4309);
#4312=DIRECTION('',(0.E0,0.E0,1.E0));
#4313=VECTOR('',#4312,2.8E-1);
#4314=CARTESIAN_POINT('',(1.117E1,6.6E-1,-4.51E0));
#4315=LINE('',#4314,#4313);
#4316=CARTESIAN_POINT('',(1.117E1,3.469119601982E-2,-4.51E0));
#4317=DIRECTION('',(1.E0,0.E0,0.E0));
#4318=DIRECTION('',(0.E0,9.981476412592E-1,-6.083819728384E-2));
#4319=AXIS2_PLACEMENT_3D('',#4316,#4317,#4318);
#4321=DIRECTION('',(0.E0,6.083819728383E-2,9.981476412592E-1));
#4322=VECTOR('',#4321,2.029501818521E0);
#4323=CARTESIAN_POINT('',(1.117E1,5.353704717482E-1,-6.573785113468E0));
#4324=LINE('',#4323,#4322);
#4325=CARTESIAN_POINT('',(1.117E1,7.35E-1,-6.585952752925E0));
#4326=DIRECTION('',(-1.E0,0.E0,0.E0));
#4327=DIRECTION('',(0.E0,-7.187500000001E-1,-6.952686081651E-1));
#4328=AXIS2_PLACEMENT_3D('',#4325,#4326,#4327);
#4330=CARTESIAN_POINT('',(1.117E1,1.6E-1,-7.142167639457E0));
#4331=DIRECTION('',(1.E0,0.E0,0.E0));
#4332=DIRECTION('',(0.E0,1.E0,0.E0));
#4333=AXIS2_PLACEMENT_3D('',#4330,#4331,#4332);
#4335=DIRECTION('',(0.E0,0.E0,1.E0));
#4336=VECTOR('',#4335,8.878323605432E-1);
#4337=CARTESIAN_POINT('',(1.117E1,7.6E-1,-8.03E0));
#4338=LINE('',#4337,#4336);
#4339=DIRECTION('',(0.E0,1.E0,0.E0));
#4340=VECTOR('',#4339,2.E-1);
#4341=CARTESIAN_POINT('',(1.117E1,5.6E-1,-8.03E0));
#4342=LINE('',#4341,#4340);
#4343=DIRECTION('',(0.E0,5.027550876881E-1,-8.644288992183E-1));
#4344=VECTOR('',#4343,9.107531501059E-1);
#4345=CARTESIAN_POINT('',(1.117E1,1.021142201563E-1,-7.242718656994E0));
#4346=LINE('',#4345,#4344);
#4347=CARTESIAN_POINT('',(1.117E1,2.75E-1,-7.142167639457E0));
#4348=DIRECTION('',(1.E0,0.E0,0.E0));
#4349=DIRECTION('',(0.E0,-9.981476412592E-1,6.083819728383E-2));
#4350=AXIS2_PLACEMENT_3D('',#4347,#4348,#4349);
#4352=DIRECTION('',(0.E0,-6.083819728383E-2,-9.981476412592E-1));
#4353=VECTOR('',#4352,2.612671966297E0);
#4354=CARTESIAN_POINT('',(1.117E1,2.343207242717E-1,-4.522167639457E0));
#4355=LINE('',#4354,#4353);
#4356=CARTESIAN_POINT('',(1.117E1,3.469119601982E-2,-4.51E0));
#4357=DIRECTION('',(-1.E0,0.E0,0.E0));
#4358=DIRECTION('',(0.E0,1.E0,-1.332267629550E-14));
#4359=AXIS2_PLACEMENT_3D('',#4356,#4357,#4358);
#4361=DIRECTION('',(0.E0,0.E0,-1.E0));
#4362=VECTOR('',#4361,2.8E-1);
#4363=CARTESIAN_POINT('',(1.117E1,2.346911960198E-1,-4.23E0));
#4364=LINE('',#4363,#4362);
#4365=DIRECTION('',(1.E0,0.E0,0.E0));
#4366=VECTOR('',#4365,5.E-1);
#4367=CARTESIAN_POINT('',(1.067E1,1.685308803980E0,-4.51E0));
#4368=LINE('',#4367,#4366);
#4369=DIRECTION('',(1.E0,0.E0,0.E0));
#4370=VECTOR('',#4369,5.E-1);
#4371=CARTESIAN_POINT('',(1.067E1,1.685679275728E0,-4.522167639457E0));
#4372=LINE('',#4371,#4370);
#4373=DIRECTION('',(1.E0,0.E0,0.E0));
#4374=VECTOR('',#4373,5.E-1);
#4375=CARTESIAN_POINT('',(1.067E1,1.844629528252E0,-7.13E0));
#4376=LINE('',#4375,#4374);
#4377=DIRECTION('',(1.E0,0.E0,0.E0));
#4378=VECTOR('',#4377,5.E-1);
#4379=CARTESIAN_POINT('',(1.067E1,1.817885779844E0,-7.242718656994E0));
#4380=LINE('',#4379,#4378);
#4381=DIRECTION('',(1.E0,0.E0,0.E0));
#4382=VECTOR('',#4381,5.E-1);
#4383=CARTESIAN_POINT('',(1.067E1,1.36E0,-8.03E0));
#4384=LINE('',#4383,#4382);
#4385=DIRECTION('',(1.E0,0.E0,0.E0));
#4386=VECTOR('',#4385,5.E-1);
#4387=CARTESIAN_POINT('',(1.067E1,1.16E0,-8.03E0));
#4388=LINE('',#4387,#4386);
#4389=DIRECTION('',(1.E0,0.E0,0.E0));
#4390=VECTOR('',#4389,5.E-1);
#4391=CARTESIAN_POINT('',(1.067E1,1.16E0,-7.142167639457E0));
#4392=LINE('',#4391,#4390);
#4393=DIRECTION('',(1.E0,0.E0,0.E0));
#4394=VECTOR('',#4393,5.E-1);
#4395=CARTESIAN_POINT('',(1.067E1,1.32875E0,-6.725006474558E0));
#4396=LINE('',#4395,#4394);
#4397=DIRECTION('',(1.E0,0.E0,0.E0));
#4398=VECTOR('',#4397,5.E-1);
#4399=CARTESIAN_POINT('',(1.067E1,1.384629528252E0,-6.573785113468E0));
#4400=LINE('',#4399,#4398);
#4401=DIRECTION('',(1.E0,0.E0,0.E0));
#4402=VECTOR('',#4401,5.E-1);
#4403=CARTESIAN_POINT('',(1.067E1,1.261158296229E0,-4.548042660380E0));
#4404=LINE('',#4403,#4402);
#4405=DIRECTION('',(1.E0,0.E0,0.E0));
#4406=VECTOR('',#4405,5.E-1);
#4407=CARTESIAN_POINT('',(1.067E1,1.26E0,-4.51E0));
#4408=LINE('',#4407,#4406);
#4409=DIRECTION('',(1.E0,0.E0,0.E0));
#4410=VECTOR('',#4409,5.E-1);
#4411=CARTESIAN_POINT('',(1.067E1,6.6E-1,-4.51E0));
#4412=LINE('',#4411,#4410);
#4413=DIRECTION('',(1.E0,0.E0,0.E0));
#4414=VECTOR('',#4413,5.E-1);
#4415=CARTESIAN_POINT('',(1.067E1,6.588417037712E-1,-4.548042660380E0));
#4416=LINE('',#4415,#4414);
#4417=DIRECTION('',(1.E0,0.E0,0.E0));
#4418=VECTOR('',#4417,5.E-1);
#4419=CARTESIAN_POINT('',(1.067E1,5.353704717482E-1,-6.573785113468E0));
#4420=LINE('',#4419,#4418);
#4421=DIRECTION('',(1.E0,0.E0,0.E0));
#4422=VECTOR('',#4421,5.E-1);
#4423=CARTESIAN_POINT('',(1.067E1,5.9125E-1,-6.725006474558E0));
#4424=LINE('',#4423,#4422);
#4425=DIRECTION('',(1.E0,0.E0,0.E0));
#4426=VECTOR('',#4425,5.E-1);
#4427=CARTESIAN_POINT('',(1.067E1,7.6E-1,-7.142167639457E0));
#4428=LINE('',#4427,#4426);
#4429=DIRECTION('',(1.E0,0.E0,0.E0));
#4430=VECTOR('',#4429,5.E-1);
#4431=CARTESIAN_POINT('',(1.067E1,7.6E-1,-8.03E0));
#4432=LINE('',#4431,#4430);
#4433=DIRECTION('',(1.E0,0.E0,0.E0));
#4434=VECTOR('',#4433,5.E-1);
#4435=CARTESIAN_POINT('',(1.067E1,5.6E-1,-8.03E0));
#4436=LINE('',#4435,#4434);
#4437=DIRECTION('',(1.E0,0.E0,0.E0));
#4438=VECTOR('',#4437,5.E-1);
#4439=CARTESIAN_POINT('',(1.067E1,1.021142201563E-1,-7.242718656994E0));
#4440=LINE('',#4439,#4438);
#4441=DIRECTION('',(1.E0,0.E0,0.E0));
#4442=VECTOR('',#4441,5.E-1);
#4443=CARTESIAN_POINT('',(1.067E1,7.537047174817E-2,-7.13E0));
#4444=LINE('',#4443,#4442);
#4445=DIRECTION('',(1.E0,0.E0,0.E0));
#4446=VECTOR('',#4445,5.E-1);
#4447=CARTESIAN_POINT('',(1.067E1,2.343207242717E-1,-4.522167639457E0));
#4448=LINE('',#4447,#4446);
#4449=DIRECTION('',(1.E0,0.E0,0.E0));
#4450=VECTOR('',#4449,5.E-1);
#4451=CARTESIAN_POINT('',(1.067E1,2.346911960198E-1,-4.51E0));
#4452=LINE('',#4451,#4450);
#4453=DIRECTION('',(0.E0,0.E0,-1.E0));
#4454=VECTOR('',#4453,2.8E-1);
#4455=CARTESIAN_POINT('',(-1.067E1,1.26E0,-4.23E0));
#4456=LINE('',#4455,#4454);
#4457=DIRECTION('',(0.E0,0.E0,1.E0));
#4458=VECTOR('',#4457,2.8E-1);
#4459=CARTESIAN_POINT('',(-1.067E1,1.685308803980E0,-4.51E0));
#4460=LINE('',#4459,#4458);
#4461=CARTESIAN_POINT('',(-1.067E1,1.885308803980E0,-4.51E0));
#4462=DIRECTION('',(-1.E0,0.E0,0.E0));
#4463=DIRECTION('',(0.E0,-9.981476412592E-1,-6.083819728382E-2));
#4464=AXIS2_PLACEMENT_3D('',#4461,#4462,#4463);
#4466=DIRECTION('',(0.E0,-6.083819728383E-2,9.981476412592E-1));
#4467=VECTOR('',#4466,2.612671966297E0);
#4468=CARTESIAN_POINT('',(-1.067E1,1.844629528252E0,-7.13E0));
#4469=LINE('',#4468,#4467);
#4470=CARTESIAN_POINT('',(-1.067E1,1.645E0,-7.142167639457E0));
#4471=DIRECTION('',(1.E0,0.E0,0.E0));
#4472=DIRECTION('',(0.E0,8.644288992183E-1,-5.027550876881E-1));
#4473=AXIS2_PLACEMENT_3D('',#4470,#4471,#4472);
#4475=DIRECTION('',(0.E0,5.027550876881E-1,8.644288992183E-1));
#4476=VECTOR('',#4475,9.107531501059E-1);
#4477=CARTESIAN_POINT('',(-1.067E1,1.36E0,-8.03E0));
#4478=LINE('',#4477,#4476);
#4479=DIRECTION('',(0.E0,1.E0,0.E0));
#4480=VECTOR('',#4479,2.E-1);
#4481=CARTESIAN_POINT('',(-1.067E1,1.16E0,-8.03E0));
#4482=LINE('',#4481,#4480);
#4483=DIRECTION('',(0.E0,0.E0,-1.E0));
#4484=VECTOR('',#4483,8.878323605432E-1);
#4485=CARTESIAN_POINT('',(-1.067E1,1.16E0,-7.142167639457E0));
#4486=LINE('',#4485,#4484);
#4487=CARTESIAN_POINT('',(-1.067E1,1.76E0,-7.142167639457E0));
#4488=DIRECTION('',(1.E0,0.E0,0.E0));
#4489=DIRECTION('',(0.E0,-7.1875E-1,6.952686081652E-1));
#4490=AXIS2_PLACEMENT_3D('',#4487,#4488,#4489);
#4492=CARTESIAN_POINT('',(-1.067E1,1.185E0,-6.585952752925E0));
#4493=DIRECTION('',(-1.E0,0.E0,0.E0));
#4494=DIRECTION('',(0.E0,9.981476412592E-1,6.083819728384E-2));
#4495=AXIS2_PLACEMENT_3D('',#4492,#4493,#4494);
#4497=DIRECTION('',(0.E0,6.083819728383E-2,-9.981476412592E-1));
#4498=VECTOR('',#4497,2.029501818521E0);
#4499=CARTESIAN_POINT('',(-1.067E1,1.261158296229E0,-4.548042660380E0));
#4500=LINE('',#4499,#4498);
#4501=CARTESIAN_POINT('',(-1.067E1,1.885308803980E0,-4.51E0));
#4502=DIRECTION('',(1.E0,0.E0,0.E0));
#4503=DIRECTION('',(0.E0,-1.E0,-3.550959198266E-14));
#4504=AXIS2_PLACEMENT_3D('',#4501,#4502,#4503);
#4506=DIRECTION('',(0.E0,0.E0,-1.E0));
#4507=VECTOR('',#4506,2.8E-1);
#4508=CARTESIAN_POINT('',(-1.067E1,2.346911960198E-1,-4.23E0));
#4509=LINE('',#4508,#4507);
#4510=DIRECTION('',(0.E0,0.E0,1.E0));
#4511=VECTOR('',#4510,2.8E-1);
#4512=CARTESIAN_POINT('',(-1.067E1,6.6E-1,-4.51E0));
#4513=LINE('',#4512,#4511);
#4514=CARTESIAN_POINT('',(-1.067E1,3.469119601982E-2,-4.51E0));
#4515=DIRECTION('',(1.E0,0.E0,0.E0));
#4516=DIRECTION('',(0.E0,9.981476412592E-1,-6.083819728384E-2));
#4517=AXIS2_PLACEMENT_3D('',#4514,#4515,#4516);
#4519=DIRECTION('',(0.E0,6.083819728383E-2,9.981476412592E-1));
#4520=VECTOR('',#4519,2.029501818521E0);
#4521=CARTESIAN_POINT('',(-1.067E1,5.353704717482E-1,-6.573785113468E0));
#4522=LINE('',#4521,#4520);
#4523=CARTESIAN_POINT('',(-1.067E1,7.35E-1,-6.585952752925E0));
#4524=DIRECTION('',(-1.E0,0.E0,0.E0));
#4525=DIRECTION('',(0.E0,-7.187500000001E-1,-6.952686081651E-1));
#4526=AXIS2_PLACEMENT_3D('',#4523,#4524,#4525);
#4528=CARTESIAN_POINT('',(-1.067E1,1.6E-1,-7.142167639457E0));
#4529=DIRECTION('',(1.E0,0.E0,0.E0));
#4530=DIRECTION('',(0.E0,1.E0,0.E0));
#4531=AXIS2_PLACEMENT_3D('',#4528,#4529,#4530);
#4533=DIRECTION('',(0.E0,0.E0,1.E0));
#4534=VECTOR('',#4533,8.878323605432E-1);
#4535=CARTESIAN_POINT('',(-1.067E1,7.6E-1,-8.03E0));
#4536=LINE('',#4535,#4534);
#4537=DIRECTION('',(0.E0,1.E0,0.E0));
#4538=VECTOR('',#4537,2.E-1);
#4539=CARTESIAN_POINT('',(-1.067E1,5.6E-1,-8.03E0));
#4540=LINE('',#4539,#4538);
#4541=DIRECTION('',(0.E0,5.027550876881E-1,-8.644288992183E-1));
#4542=VECTOR('',#4541,9.107531501059E-1);
#4543=CARTESIAN_POINT('',(-1.067E1,1.021142201563E-1,-7.242718656994E0));
#4544=LINE('',#4543,#4542);
#4545=CARTESIAN_POINT('',(-1.067E1,2.75E-1,-7.142167639457E0));
#4546=DIRECTION('',(1.E0,0.E0,0.E0));
#4547=DIRECTION('',(0.E0,-9.981476412592E-1,6.083819728383E-2));
#4548=AXIS2_PLACEMENT_3D('',#4545,#4546,#4547);
#4550=DIRECTION('',(0.E0,-6.083819728383E-2,-9.981476412592E-1));
#4551=VECTOR('',#4550,2.612671966297E0);
#4552=CARTESIAN_POINT('',(-1.067E1,2.343207242717E-1,-4.522167639457E0));
#4553=LINE('',#4552,#4551);
#4554=CARTESIAN_POINT('',(-1.067E1,3.469119601982E-2,-4.51E0));
#4555=DIRECTION('',(-1.E0,0.E0,0.E0));
#4556=DIRECTION('',(0.E0,1.E0,-1.332267629550E-14));
#4557=AXIS2_PLACEMENT_3D('',#4554,#4555,#4556);
#4559=DIRECTION('',(-1.E0,0.E0,0.E0));
#4560=VECTOR('',#4559,5.E-1);
#4561=CARTESIAN_POINT('',(-1.067E1,1.26E0,-4.51E0));
#4562=LINE('',#4561,#4560);
#4563=DIRECTION('',(-1.E0,0.E0,0.E0));
#4564=VECTOR('',#4563,5.E-1);
#4565=CARTESIAN_POINT('',(-1.067E1,1.261158296229E0,-4.548042660380E0));
#4566=LINE('',#4565,#4564);
#4567=DIRECTION('',(-1.E0,0.E0,0.E0));
#4568=VECTOR('',#4567,5.E-1);
#4569=CARTESIAN_POINT('',(-1.067E1,1.384629528252E0,-6.573785113468E0));
#4570=LINE('',#4569,#4568);
#4571=DIRECTION('',(-1.E0,0.E0,0.E0));
#4572=VECTOR('',#4571,5.E-1);
#4573=CARTESIAN_POINT('',(-1.067E1,1.32875E0,-6.725006474558E0));
#4574=LINE('',#4573,#4572);
#4575=DIRECTION('',(-1.E0,0.E0,0.E0));
#4576=VECTOR('',#4575,5.E-1);
#4577=CARTESIAN_POINT('',(-1.067E1,1.16E0,-7.142167639457E0));
#4578=LINE('',#4577,#4576);
#4579=DIRECTION('',(-1.E0,0.E0,0.E0));
#4580=VECTOR('',#4579,5.E-1);
#4581=CARTESIAN_POINT('',(-1.067E1,1.16E0,-8.03E0));
#4582=LINE('',#4581,#4580);
#4583=DIRECTION('',(-1.E0,0.E0,0.E0));
#4584=VECTOR('',#4583,5.E-1);
#4585=CARTESIAN_POINT('',(-1.067E1,1.36E0,-8.03E0));
#4586=LINE('',#4585,#4584);
#4587=DIRECTION('',(-1.E0,0.E0,0.E0));
#4588=VECTOR('',#4587,5.E-1);
#4589=CARTESIAN_POINT('',(-1.067E1,1.817885779844E0,-7.242718656994E0));
#4590=LINE('',#4589,#4588);
#4591=DIRECTION('',(-1.E0,0.E0,0.E0));
#4592=VECTOR('',#4591,5.E-1);
#4593=CARTESIAN_POINT('',(-1.067E1,1.844629528252E0,-7.13E0));
#4594=LINE('',#4593,#4592);
#4595=DIRECTION('',(-1.E0,0.E0,0.E0));
#4596=VECTOR('',#4595,5.E-1);
#4597=CARTESIAN_POINT('',(-1.067E1,1.685679275728E0,-4.522167639457E0));
#4598=LINE('',#4597,#4596);
#4599=DIRECTION('',(-1.E0,0.E0,0.E0));
#4600=VECTOR('',#4599,5.E-1);
#4601=CARTESIAN_POINT('',(-1.067E1,1.685308803980E0,-4.51E0));
#4602=LINE('',#4601,#4600);
#4603=DIRECTION('',(0.E0,0.E0,-1.E0));
#4604=VECTOR('',#4603,2.8E-1);
#4605=CARTESIAN_POINT('',(-1.117E1,1.26E0,-4.23E0));
#4606=LINE('',#4605,#4604);
#4607=CARTESIAN_POINT('',(-1.117E1,1.885308803980E0,-4.51E0));
#4608=DIRECTION('',(1.E0,0.E0,0.E0));
#4609=DIRECTION('',(0.E0,-1.E0,-3.550959198266E-14));
#4610=AXIS2_PLACEMENT_3D('',#4607,#4608,#4609);
#4612=DIRECTION('',(0.E0,6.083819728383E-2,-9.981476412592E-1));
#4613=VECTOR('',#4612,2.029501818521E0);
#4614=CARTESIAN_POINT('',(-1.117E1,1.261158296229E0,-4.548042660380E0));
#4615=LINE('',#4614,#4613);
#4616=CARTESIAN_POINT('',(-1.117E1,1.185E0,-6.585952752925E0));
#4617=DIRECTION('',(-1.E0,0.E0,0.E0));
#4618=DIRECTION('',(0.E0,9.981476412592E-1,6.083819728384E-2));
#4619=AXIS2_PLACEMENT_3D('',#4616,#4617,#4618);
#4621=CARTESIAN_POINT('',(-1.117E1,1.76E0,-7.142167639457E0));
#4622=DIRECTION('',(1.E0,0.E0,0.E0));
#4623=DIRECTION('',(0.E0,-7.1875E-1,6.952686081652E-1));
#4624=AXIS2_PLACEMENT_3D('',#4621,#4622,#4623);
#4626=DIRECTION('',(0.E0,0.E0,-1.E0));
#4627=VECTOR('',#4626,8.878323605432E-1);
#4628=CARTESIAN_POINT('',(-1.117E1,1.16E0,-7.142167639457E0));
#4629=LINE('',#4628,#4627);
#4630=DIRECTION('',(0.E0,1.E0,0.E0));
#4631=VECTOR('',#4630,2.E-1);
#4632=CARTESIAN_POINT('',(-1.117E1,1.16E0,-8.03E0));
#4633=LINE('',#4632,#4631);
#4634=DIRECTION('',(0.E0,5.027550876881E-1,8.644288992183E-1));
#4635=VECTOR('',#4634,9.107531501059E-1);
#4636=CARTESIAN_POINT('',(-1.117E1,1.36E0,-8.03E0));
#4637=LINE('',#4636,#4635);
#4638=CARTESIAN_POINT('',(-1.117E1,1.645E0,-7.142167639457E0));
#4639=DIRECTION('',(1.E0,0.E0,0.E0));
#4640=DIRECTION('',(0.E0,8.644288992183E-1,-5.027550876881E-1));
#4641=AXIS2_PLACEMENT_3D('',#4638,#4639,#4640);
#4643=DIRECTION('',(0.E0,-6.083819728383E-2,9.981476412592E-1));
#4644=VECTOR('',#4643,2.612671966297E0);
#4645=CARTESIAN_POINT('',(-1.117E1,1.844629528252E0,-7.13E0));
#4646=LINE('',#4645,#4644);
#4647=CARTESIAN_POINT('',(-1.117E1,1.885308803980E0,-4.51E0));
#4648=DIRECTION('',(-1.E0,0.E0,0.E0));
#4649=DIRECTION('',(0.E0,-9.981476412592E-1,-6.083819728382E-2));
#4650=AXIS2_PLACEMENT_3D('',#4647,#4648,#4649);
#4652=DIRECTION('',(0.E0,0.E0,1.E0));
#4653=VECTOR('',#4652,2.8E-1);
#4654=CARTESIAN_POINT('',(-1.117E1,1.685308803980E0,-4.51E0));
#4655=LINE('',#4654,#4653);
#4656=DIRECTION('',(0.E0,0.E0,-1.E0));
#4657=VECTOR('',#4656,2.8E-1);
#4658=CARTESIAN_POINT('',(-1.117E1,2.346911960198E-1,-4.23E0));
#4659=LINE('',#4658,#4657);
#4660=CARTESIAN_POINT('',(-1.117E1,3.469119601982E-2,-4.51E0));
#4661=DIRECTION('',(-1.E0,0.E0,0.E0));
#4662=DIRECTION('',(0.E0,1.E0,-1.332267629550E-14));
#4663=AXIS2_PLACEMENT_3D('',#4660,#4661,#4662);
#4665=DIRECTION('',(0.E0,-6.083819728383E-2,-9.981476412592E-1));
#4666=VECTOR('',#4665,2.612671966297E0);
#4667=CARTESIAN_POINT('',(-1.117E1,2.343207242717E-1,-4.522167639457E0));
#4668=LINE('',#4667,#4666);
#4669=CARTESIAN_POINT('',(-1.117E1,2.75E-1,-7.142167639457E0));
#4670=DIRECTION('',(1.E0,0.E0,0.E0));
#4671=DIRECTION('',(0.E0,-9.981476412592E-1,6.083819728383E-2));
#4672=AXIS2_PLACEMENT_3D('',#4669,#4670,#4671);
#4674=DIRECTION('',(0.E0,5.027550876881E-1,-8.644288992183E-1));
#4675=VECTOR('',#4674,9.107531501059E-1);
#4676=CARTESIAN_POINT('',(-1.117E1,1.021142201563E-1,-7.242718656994E0));
#4677=LINE('',#4676,#4675);
#4678=DIRECTION('',(0.E0,1.E0,0.E0));
#4679=VECTOR('',#4678,2.E-1);
#4680=CARTESIAN_POINT('',(-1.117E1,5.6E-1,-8.03E0));
#4681=LINE('',#4680,#4679);
#4682=DIRECTION('',(0.E0,0.E0,1.E0));
#4683=VECTOR('',#4682,8.878323605432E-1);
#4684=CARTESIAN_POINT('',(-1.117E1,7.6E-1,-8.03E0));
#4685=LINE('',#4684,#4683);
#4686=CARTESIAN_POINT('',(-1.117E1,1.6E-1,-7.142167639457E0));
#4687=DIRECTION('',(1.E0,0.E0,0.E0));
#4688=DIRECTION('',(0.E0,1.E0,0.E0));
#4689=AXIS2_PLACEMENT_3D('',#4686,#4687,#4688);
#4691=CARTESIAN_POINT('',(-1.117E1,7.35E-1,-6.585952752925E0));
#4692=DIRECTION('',(-1.E0,0.E0,0.E0));
#4693=DIRECTION('',(0.E0,-7.187500000001E-1,-6.952686081651E-1));
#4694=AXIS2_PLACEMENT_3D('',#4691,#4692,#4693);
#4696=DIRECTION('',(0.E0,6.083819728383E-2,9.981476412592E-1));
#4697=VECTOR('',#4696,2.029501818521E0);
#4698=CARTESIAN_POINT('',(-1.117E1,5.353704717482E-1,-6.573785113468E0));
#4699=LINE('',#4698,#4697);
#4700=CARTESIAN_POINT('',(-1.117E1,3.469119601982E-2,-4.51E0));
#4701=DIRECTION('',(1.E0,0.E0,0.E0));
#4702=DIRECTION('',(0.E0,9.981476412592E-1,-6.083819728384E-2));
#4703=AXIS2_PLACEMENT_3D('',#4700,#4701,#4702);
#4705=DIRECTION('',(0.E0,0.E0,1.E0));
#4706=VECTOR('',#4705,2.8E-1);
#4707=CARTESIAN_POINT('',(-1.117E1,6.6E-1,-4.51E0));
#4708=LINE('',#4707,#4706);
#4709=DIRECTION('',(-1.E0,0.E0,0.E0));
#4710=VECTOR('',#4709,5.E-1);
#4711=CARTESIAN_POINT('',(-1.067E1,2.346911960198E-1,-4.51E0));
#4712=LINE('',#4711,#4710);
#4713=DIRECTION('',(-1.E0,0.E0,0.E0));
#4714=VECTOR('',#4713,5.E-1);
#4715=CARTESIAN_POINT('',(-1.067E1,2.343207242717E-1,-4.522167639457E0));
#4716=LINE('',#4715,#4714);
#4717=DIRECTION('',(-1.E0,0.E0,0.E0));
#4718=VECTOR('',#4717,5.E-1);
#4719=CARTESIAN_POINT('',(-1.067E1,7.537047174817E-2,-7.13E0));
#4720=LINE('',#4719,#4718);
#4721=DIRECTION('',(-1.E0,0.E0,0.E0));
#4722=VECTOR('',#4721,5.E-1);
#4723=CARTESIAN_POINT('',(-1.067E1,1.021142201563E-1,-7.242718656994E0));
#4724=LINE('',#4723,#4722);
#4725=DIRECTION('',(-1.E0,0.E0,0.E0));
#4726=VECTOR('',#4725,5.E-1);
#4727=CARTESIAN_POINT('',(-1.067E1,5.6E-1,-8.03E0));
#4728=LINE('',#4727,#4726);
#4729=DIRECTION('',(-1.E0,0.E0,0.E0));
#4730=VECTOR('',#4729,5.E-1);
#4731=CARTESIAN_POINT('',(-1.067E1,7.6E-1,-8.03E0));
#4732=LINE('',#4731,#4730);
#4733=DIRECTION('',(-1.E0,0.E0,0.E0));
#4734=VECTOR('',#4733,5.E-1);
#4735=CARTESIAN_POINT('',(-1.067E1,7.6E-1,-7.142167639457E0));
#4736=LINE('',#4735,#4734);
#4737=DIRECTION('',(-1.E0,0.E0,0.E0));
#4738=VECTOR('',#4737,5.E-1);
#4739=CARTESIAN_POINT('',(-1.067E1,5.9125E-1,-6.725006474558E0));
#4740=LINE('',#4739,#4738);
#4741=DIRECTION('',(-1.E0,0.E0,0.E0));
#4742=VECTOR('',#4741,5.E-1);
#4743=CARTESIAN_POINT('',(-1.067E1,5.353704717482E-1,-6.573785113468E0));
#4744=LINE('',#4743,#4742);
#4745=DIRECTION('',(-1.E0,0.E0,0.E0));
#4746=VECTOR('',#4745,5.E-1);
#4747=CARTESIAN_POINT('',(-1.067E1,6.588417037712E-1,-4.548042660380E0));
#4748=LINE('',#4747,#4746);
#4749=DIRECTION('',(-1.E0,0.E0,0.E0));
#4750=VECTOR('',#4749,5.E-1);
#4751=CARTESIAN_POINT('',(-1.067E1,6.6E-1,-4.51E0));
#4752=LINE('',#4751,#4750);
#4753=CARTESIAN_POINT('',(-1.047E1,-2.99E0,4.23E0));
#4754=CARTESIAN_POINT('',(1.047E1,-2.99E0,4.23E0));
#4755=VERTEX_POINT('',#4753);
#4756=VERTEX_POINT('',#4754);
#4757=CARTESIAN_POINT('',(-1.047E1,2.99E0,4.23E0));
#4758=VERTEX_POINT('',#4757);
#4759=CARTESIAN_POINT('',(1.047E1,2.99E0,4.23E0));
#4760=VERTEX_POINT('',#4759);
#4761=CARTESIAN_POINT('',(-2.6E0,5.27E0,5.68E0));
#4762=CARTESIAN_POINT('',(-2.6E0,3.81E0,4.23E0));
#4763=VERTEX_POINT('',#4761);
#4764=VERTEX_POINT('',#4762);
#4765=CARTESIAN_POINT('',(2.6E0,5.27E0,5.68E0));
#4766=CARTESIAN_POINT('',(2.6E0,3.81E0,4.23E0));
#4767=VERTEX_POINT('',#4765);
#4768=VERTEX_POINT('',#4766);
#4769=CARTESIAN_POINT('',(-2.6E0,2.99E0,4.23E0));
#4770=VERTEX_POINT('',#4769);
#4771=CARTESIAN_POINT('',(2.6E0,2.99E0,4.23E0));
#4772=VERTEX_POINT('',#4771);
#4773=CARTESIAN_POINT('',(1.161E1,2.99E0,-4.83E0));
#4774=CARTESIAN_POINT('',(1.161E1,2.39E0,-4.83E0));
#4775=VERTEX_POINT('',#4773);
#4776=VERTEX_POINT('',#4774);
#4777=CARTESIAN_POINT('',(1.081E1,2.39E0,-4.83E0));
#4778=VERTEX_POINT('',#4777);
#4779=CARTESIAN_POINT('',(1.081E1,2.99E0,-4.83E0));
#4780=VERTEX_POINT('',#4779);
#4781=CARTESIAN_POINT('',(-1.161E1,2.99E0,-4.83E0));
#4782=CARTESIAN_POINT('',(-1.081E1,2.99E0,-4.83E0));
#4783=VERTEX_POINT('',#4781);
#4784=VERTEX_POINT('',#4782);
#4785=CARTESIAN_POINT('',(-1.081E1,2.39E0,-4.83E0));
#4786=VERTEX_POINT('',#4785);
#4787=CARTESIAN_POINT('',(-1.161E1,2.39E0,-4.83E0));
#4788=VERTEX_POINT('',#4787);
#4789=CARTESIAN_POINT('',(1.161E1,2.39E0,-4.23E0));
#4790=CARTESIAN_POINT('',(1.081E1,2.39E0,-4.23E0));
#4791=VERTEX_POINT('',#4789);
#4792=VERTEX_POINT('',#4790);
#4793=CARTESIAN_POINT('',(1.081E1,2.99E0,-4.23E0));
#4794=VERTEX_POINT('',#4793);
#4795=CARTESIAN_POINT('',(-1.081E1,2.99E0,-4.23E0));
#4796=CARTESIAN_POINT('',(-1.081E1,2.39E0,-4.23E0));
#4797=VERTEX_POINT('',#4795);
#4798=VERTEX_POINT('',#4796);
#4799=CARTESIAN_POINT('',(-1.161E1,2.39E0,-4.23E0));
#4800=VERTEX_POINT('',#4799);
#4801=CARTESIAN_POINT('',(9.67E0,-2.99E0,-4.23E0));
#4802=CARTESIAN_POINT('',(-9.67E0,-2.99E0,-4.23E0));
#4803=VERTEX_POINT('',#4801);
#4804=VERTEX_POINT('',#4802);
#4805=CARTESIAN_POINT('',(1.161E1,2.99E0,-4.23E0));
#4806=VERTEX_POINT('',#4805);
#4807=CARTESIAN_POINT('',(-1.161E1,2.99E0,-4.23E0));
#4808=VERTEX_POINT('',#4807);
#4809=CARTESIAN_POINT('',(7.64E0,2.345E0,-1.77E0));
#4810=CARTESIAN_POINT('',(7.64E0,1.55E-1,-1.77E0));
#4811=VERTEX_POINT('',#4809);
#4812=VERTEX_POINT('',#4810);
#4813=CARTESIAN_POINT('',(9.86E0,1.55E-1,-1.77E0));
#4814=VERTEX_POINT('',#4813);
#4815=CARTESIAN_POINT('',(9.86E0,2.345E0,-1.77E0));
#4816=VERTEX_POINT('',#4815);
#4817=CARTESIAN_POINT('',(7.64E0,2.345E0,4.23E0));
#4818=CARTESIAN_POINT('',(7.64E0,1.55E-1,4.23E0));
#4819=VERTEX_POINT('',#4817);
#4820=VERTEX_POINT('',#4818);
#4821=CARTESIAN_POINT('',(9.86E0,2.345E0,4.23E0));
#4822=VERTEX_POINT('',#4821);
#4823=CARTESIAN_POINT('',(8.4325E0,-1.5675E0,-4.23E0));
#4824=CARTESIAN_POINT('',(8.4325E0,-9.325E-1,-4.23E0));
#4825=VERTEX_POINT('',#4823);
#4826=VERTEX_POINT('',#4824);
#4827=CARTESIAN_POINT('',(9.0675E0,-1.5675E0,-4.23E0));
#4828=CARTESIAN_POINT('',(9.0675E0,-9.325E-1,-4.23E0));
#4829=VERTEX_POINT('',#4827);
#4830=VERTEX_POINT('',#4828);
#4831=CARTESIAN_POINT('',(8.4325E0,9.325E-1,-4.23E0));
#4832=CARTESIAN_POINT('',(9.0675E0,9.325E-1,-4.23E0));
#4833=VERTEX_POINT('',#4831);
#4834=VERTEX_POINT('',#4832);
#4835=CARTESIAN_POINT('',(8.4325E0,1.5675E0,-4.23E0));
#4836=CARTESIAN_POINT('',(9.0675E0,1.5675E0,-4.23E0));
#4837=VERTEX_POINT('',#4835);
#4838=VERTEX_POINT('',#4836);
#4839=CARTESIAN_POINT('',(8.4325E0,-1.5675E0,-1.77E0));
#4840=CARTESIAN_POINT('',(8.4325E0,-9.325E-1,-1.77E0));
#4841=VERTEX_POINT('',#4839);
#4842=VERTEX_POINT('',#4840);
#4843=CARTESIAN_POINT('',(9.0675E0,-1.5675E0,-1.77E0));
#4844=CARTESIAN_POINT('',(9.0675E0,-9.325E-1,-1.77E0));
#4845=VERTEX_POINT('',#4843);
#4846=VERTEX_POINT('',#4844);
#4847=CARTESIAN_POINT('',(8.4325E0,9.325E-1,-1.77E0));
#4848=CARTESIAN_POINT('',(9.0675E0,9.325E-1,-1.77E0));
#4849=VERTEX_POINT('',#4847);
#4850=VERTEX_POINT('',#4848);
#4851=CARTESIAN_POINT('',(8.4325E0,1.5675E0,-1.77E0));
#4852=CARTESIAN_POINT('',(9.0675E0,1.5675E0,-1.77E0));
#4853=VERTEX_POINT('',#4851);
#4854=VERTEX_POINT('',#4852);
#4855=CARTESIAN_POINT('',(8.9175E0,1.4175E0,2.77E0));
#4856=CARTESIAN_POINT('',(8.5825E0,1.4175E0,2.77E0));
#4857=VERTEX_POINT('',#4855);
#4858=VERTEX_POINT('',#4856);
#4859=CARTESIAN_POINT('',(9.0675E0,1.5675E0,1.89E0));
#4860=CARTESIAN_POINT('',(8.4325E0,1.5675E0,1.89E0));
#4861=VERTEX_POINT('',#4859);
#4862=VERTEX_POINT('',#4860);
#4863=CARTESIAN_POINT('',(8.9175E0,1.0825E0,2.77E0));
#4864=VERTEX_POINT('',#4863);
#4865=CARTESIAN_POINT('',(9.0675E0,9.325E-1,1.89E0));
#4866=VERTEX_POINT('',#4865);
#4867=CARTESIAN_POINT('',(8.4325E0,9.325E-1,1.89E0));
#4868=VERTEX_POINT('',#4867);
#4869=CARTESIAN_POINT('',(8.5825E0,1.0825E0,2.77E0));
#4870=VERTEX_POINT('',#4869);
#4871=CARTESIAN_POINT('',(9.0675E0,1.5675E0,-7.15E0));
#4872=CARTESIAN_POINT('',(8.4325E0,1.5675E0,-7.15E0));
#4873=VERTEX_POINT('',#4871);
#4874=VERTEX_POINT('',#4872);
#4875=CARTESIAN_POINT('',(8.9175E0,1.4175E0,-8.03E0));
#4876=CARTESIAN_POINT('',(8.5825E0,1.4175E0,-8.03E0));
#4877=VERTEX_POINT('',#4875);
#4878=VERTEX_POINT('',#4876);
#4879=CARTESIAN_POINT('',(8.9175E0,1.0825E0,-8.03E0));
#4880=VERTEX_POINT('',#4879);
#4881=CARTESIAN_POINT('',(9.0675E0,9.325E-1,-7.15E0));
#4882=VERTEX_POINT('',#4881);
#4883=CARTESIAN_POINT('',(8.4325E0,9.325E-1,-7.15E0));
#4884=VERTEX_POINT('',#4883);
#4885=CARTESIAN_POINT('',(8.5825E0,1.0825E0,-8.03E0));
#4886=VERTEX_POINT('',#4885);
#4887=CARTESIAN_POINT('',(5.14E0,2.345E0,-1.77E0));
#4888=CARTESIAN_POINT('',(5.14E0,1.55E-1,-1.77E0));
#4889=VERTEX_POINT('',#4887);
#4890=VERTEX_POINT('',#4888);
#4891=CARTESIAN_POINT('',(7.36E0,1.55E-1,-1.77E0));
#4892=VERTEX_POINT('',#4891);
#4893=CARTESIAN_POINT('',(7.36E0,2.345E0,-1.77E0));
#4894=VERTEX_POINT('',#4893);
#4895=CARTESIAN_POINT('',(5.14E0,2.345E0,4.23E0));
#4896=CARTESIAN_POINT('',(5.14E0,1.55E-1,4.23E0));
#4897=VERTEX_POINT('',#4895);
#4898=VERTEX_POINT('',#4896);
#4899=CARTESIAN_POINT('',(7.36E0,1.55E-1,4.23E0));
#4900=VERTEX_POINT('',#4899);
#4901=CARTESIAN_POINT('',(7.36E0,2.345E0,4.23E0));
#4902=VERTEX_POINT('',#4901);
#4903=CARTESIAN_POINT('',(2.64E0,2.345E0,-1.77E0));
#4904=CARTESIAN_POINT('',(2.64E0,1.55E-1,-1.77E0));
#4905=VERTEX_POINT('',#4903);
#4906=VERTEX_POINT('',#4904);
#4907=CARTESIAN_POINT('',(4.86E0,1.55E-1,-1.77E0));
#4908=VERTEX_POINT('',#4907);
#4909=CARTESIAN_POINT('',(4.86E0,2.345E0,-1.77E0));
#4910=VERTEX_POINT('',#4909);
#4911=CARTESIAN_POINT('',(2.64E0,2.345E0,4.23E0));
#4912=CARTESIAN_POINT('',(2.64E0,1.55E-1,4.23E0));
#4913=VERTEX_POINT('',#4911);
#4914=VERTEX_POINT('',#4912);
#4915=CARTESIAN_POINT('',(4.86E0,1.55E-1,4.23E0));
#4916=VERTEX_POINT('',#4915);
#4917=CARTESIAN_POINT('',(4.86E0,2.345E0,4.23E0));
#4918=VERTEX_POINT('',#4917);
#4919=CARTESIAN_POINT('',(1.4E-1,2.345E0,-1.77E0));
#4920=CARTESIAN_POINT('',(1.4E-1,1.55E-1,-1.77E0));
#4921=VERTEX_POINT('',#4919);
#4922=VERTEX_POINT('',#4920);
#4923=CARTESIAN_POINT('',(2.36E0,1.55E-1,-1.77E0));
#4924=VERTEX_POINT('',#4923);
#4925=CARTESIAN_POINT('',(2.36E0,2.345E0,-1.77E0));
#4926=VERTEX_POINT('',#4925);
#4927=CARTESIAN_POINT('',(1.4E-1,2.345E0,4.23E0));
#4928=CARTESIAN_POINT('',(1.4E-1,1.55E-1,4.23E0));
#4929=VERTEX_POINT('',#4927);
#4930=VERTEX_POINT('',#4928);
#4931=CARTESIAN_POINT('',(2.36E0,1.55E-1,4.23E0));
#4932=VERTEX_POINT('',#4931);
#4933=CARTESIAN_POINT('',(2.36E0,2.345E0,4.23E0));
#4934=VERTEX_POINT('',#4933);
#4935=CARTESIAN_POINT('',(-2.36E0,2.345E0,-1.77E0));
#4936=CARTESIAN_POINT('',(-2.36E0,1.55E-1,-1.77E0));
#4937=VERTEX_POINT('',#4935);
#4938=VERTEX_POINT('',#4936);
#4939=CARTESIAN_POINT('',(-1.4E-1,1.55E-1,-1.77E0));
#4940=VERTEX_POINT('',#4939);
#4941=CARTESIAN_POINT('',(-1.4E-1,2.345E0,-1.77E0));
#4942=VERTEX_POINT('',#4941);
#4943=CARTESIAN_POINT('',(-2.36E0,2.345E0,4.23E0));
#4944=CARTESIAN_POINT('',(-2.36E0,1.55E-1,4.23E0));
#4945=VERTEX_POINT('',#4943);
#4946=VERTEX_POINT('',#4944);
#4947=CARTESIAN_POINT('',(-1.4E-1,1.55E-1,4.23E0));
#4948=VERTEX_POINT('',#4947);
#4949=CARTESIAN_POINT('',(-1.4E-1,2.345E0,4.23E0));
#4950=VERTEX_POINT('',#4949);
#4951=CARTESIAN_POINT('',(-4.86E0,2.345E0,-1.77E0));
#4952=CARTESIAN_POINT('',(-4.86E0,1.55E-1,-1.77E0));
#4953=VERTEX_POINT('',#4951);
#4954=VERTEX_POINT('',#4952);
#4955=CARTESIAN_POINT('',(-2.64E0,1.55E-1,-1.77E0));
#4956=VERTEX_POINT('',#4955);
#4957=CARTESIAN_POINT('',(-2.64E0,2.345E0,-1.77E0));
#4958=VERTEX_POINT('',#4957);
#4959=CARTESIAN_POINT('',(-4.86E0,2.345E0,4.23E0));
#4960=CARTESIAN_POINT('',(-4.86E0,1.55E-1,4.23E0));
#4961=VERTEX_POINT('',#4959);
#4962=VERTEX_POINT('',#4960);
#4963=CARTESIAN_POINT('',(-2.64E0,1.55E-1,4.23E0));
#4964=VERTEX_POINT('',#4963);
#4965=CARTESIAN_POINT('',(-2.64E0,2.345E0,4.23E0));
#4966=VERTEX_POINT('',#4965);
#4967=CARTESIAN_POINT('',(-7.36E0,2.345E0,-1.77E0));
#4968=CARTESIAN_POINT('',(-7.36E0,1.55E-1,-1.77E0));
#4969=VERTEX_POINT('',#4967);
#4970=VERTEX_POINT('',#4968);
#4971=CARTESIAN_POINT('',(-5.14E0,1.55E-1,-1.77E0));
#4972=VERTEX_POINT('',#4971);
#4973=CARTESIAN_POINT('',(-5.14E0,2.345E0,-1.77E0));
#4974=VERTEX_POINT('',#4973);
#4975=CARTESIAN_POINT('',(-7.36E0,2.345E0,4.23E0));
#4976=CARTESIAN_POINT('',(-7.36E0,1.55E-1,4.23E0));
#4977=VERTEX_POINT('',#4975);
#4978=VERTEX_POINT('',#4976);
#4979=CARTESIAN_POINT('',(-5.14E0,1.55E-1,4.23E0));
#4980=VERTEX_POINT('',#4979);
#4981=CARTESIAN_POINT('',(-5.14E0,2.345E0,4.23E0));
#4982=VERTEX_POINT('',#4981);
#4983=CARTESIAN_POINT('',(5.9325E0,-1.5675E0,-4.23E0));
#4984=CARTESIAN_POINT('',(5.9325E0,-9.325E-1,-4.23E0));
#4985=VERTEX_POINT('',#4983);
#4986=VERTEX_POINT('',#4984);
#4987=CARTESIAN_POINT('',(6.5675E0,-1.5675E0,-4.23E0));
#4988=CARTESIAN_POINT('',(6.5675E0,-9.325E-1,-4.23E0));
#4989=VERTEX_POINT('',#4987);
#4990=VERTEX_POINT('',#4988);
#4991=CARTESIAN_POINT('',(5.9325E0,9.325E-1,-4.23E0));
#4992=CARTESIAN_POINT('',(6.5675E0,9.325E-1,-4.23E0));
#4993=VERTEX_POINT('',#4991);
#4994=VERTEX_POINT('',#4992);
#4995=CARTESIAN_POINT('',(5.9325E0,1.5675E0,-4.23E0));
#4996=CARTESIAN_POINT('',(6.5675E0,1.5675E0,-4.23E0));
#4997=VERTEX_POINT('',#4995);
#4998=VERTEX_POINT('',#4996);
#4999=CARTESIAN_POINT('',(5.9325E0,-1.5675E0,-1.77E0));
#5000=CARTESIAN_POINT('',(5.9325E0,-9.325E-1,-1.77E0));
#5001=VERTEX_POINT('',#4999);
#5002=VERTEX_POINT('',#5000);
#5003=CARTESIAN_POINT('',(6.5675E0,-1.5675E0,-1.77E0));
#5004=CARTESIAN_POINT('',(6.5675E0,-9.325E-1,-1.77E0));
#5005=VERTEX_POINT('',#5003);
#5006=VERTEX_POINT('',#5004);
#5007=CARTESIAN_POINT('',(5.9325E0,9.325E-1,-1.77E0));
#5008=CARTESIAN_POINT('',(6.5675E0,9.325E-1,-1.77E0));
#5009=VERTEX_POINT('',#5007);
#5010=VERTEX_POINT('',#5008);
#5011=CARTESIAN_POINT('',(5.9325E0,1.5675E0,-1.77E0));
#5012=CARTESIAN_POINT('',(6.5675E0,1.5675E0,-1.77E0));
#5013=VERTEX_POINT('',#5011);
#5014=VERTEX_POINT('',#5012);
#5015=CARTESIAN_POINT('',(3.4325E0,-1.5675E0,-4.23E0));
#5016=CARTESIAN_POINT('',(3.4325E0,-9.325E-1,-4.23E0));
#5017=VERTEX_POINT('',#5015);
#5018=VERTEX_POINT('',#5016);
#5019=CARTESIAN_POINT('',(4.0675E0,-1.5675E0,-4.23E0));
#5020=CARTESIAN_POINT('',(4.0675E0,-9.325E-1,-4.23E0));
#5021=VERTEX_POINT('',#5019);
#5022=VERTEX_POINT('',#5020);
#5023=CARTESIAN_POINT('',(3.4325E0,9.325E-1,-4.23E0));
#5024=CARTESIAN_POINT('',(4.0675E0,9.325E-1,-4.23E0));
#5025=VERTEX_POINT('',#5023);
#5026=VERTEX_POINT('',#5024);
#5027=CARTESIAN_POINT('',(3.4325E0,1.5675E0,-4.23E0));
#5028=CARTESIAN_POINT('',(4.0675E0,1.5675E0,-4.23E0));
#5029=VERTEX_POINT('',#5027);
#5030=VERTEX_POINT('',#5028);
#5031=CARTESIAN_POINT('',(3.4325E0,-1.5675E0,-1.77E0));
#5032=CARTESIAN_POINT('',(3.4325E0,-9.325E-1,-1.77E0));
#5033=VERTEX_POINT('',#5031);
#5034=VERTEX_POINT('',#5032);
#5035=CARTESIAN_POINT('',(4.0675E0,-1.5675E0,-1.77E0));
#5036=CARTESIAN_POINT('',(4.0675E0,-9.325E-1,-1.77E0));
#5037=VERTEX_POINT('',#5035);
#5038=VERTEX_POINT('',#5036);
#5039=CARTESIAN_POINT('',(3.4325E0,9.325E-1,-1.77E0));
#5040=CARTESIAN_POINT('',(4.0675E0,9.325E-1,-1.77E0));
#5041=VERTEX_POINT('',#5039);
#5042=VERTEX_POINT('',#5040);
#5043=CARTESIAN_POINT('',(3.4325E0,1.5675E0,-1.77E0));
#5044=CARTESIAN_POINT('',(4.0675E0,1.5675E0,-1.77E0));
#5045=VERTEX_POINT('',#5043);
#5046=VERTEX_POINT('',#5044);
#5047=CARTESIAN_POINT('',(9.325E-1,-1.5675E0,-4.23E0));
#5048=CARTESIAN_POINT('',(9.325E-1,-9.325E-1,-4.23E0));
#5049=VERTEX_POINT('',#5047);
#5050=VERTEX_POINT('',#5048);
#5051=CARTESIAN_POINT('',(1.5675E0,-1.5675E0,-4.23E0));
#5052=CARTESIAN_POINT('',(1.5675E0,-9.325E-1,-4.23E0));
#5053=VERTEX_POINT('',#5051);
#5054=VERTEX_POINT('',#5052);
#5055=CARTESIAN_POINT('',(9.325E-1,9.325E-1,-4.23E0));
#5056=CARTESIAN_POINT('',(1.5675E0,9.325E-1,-4.23E0));
#5057=VERTEX_POINT('',#5055);
#5058=VERTEX_POINT('',#5056);
#5059=CARTESIAN_POINT('',(9.325E-1,1.5675E0,-4.23E0));
#5060=CARTESIAN_POINT('',(1.5675E0,1.5675E0,-4.23E0));
#5061=VERTEX_POINT('',#5059);
#5062=VERTEX_POINT('',#5060);
#5063=CARTESIAN_POINT('',(9.325E-1,-1.5675E0,-1.77E0));
#5064=CARTESIAN_POINT('',(9.325E-1,-9.325E-1,-1.77E0));
#5065=VERTEX_POINT('',#5063);
#5066=VERTEX_POINT('',#5064);
#5067=CARTESIAN_POINT('',(1.5675E0,-1.5675E0,-1.77E0));
#5068=CARTESIAN_POINT('',(1.5675E0,-9.325E-1,-1.77E0));
#5069=VERTEX_POINT('',#5067);
#5070=VERTEX_POINT('',#5068);
#5071=CARTESIAN_POINT('',(9.325E-1,9.325E-1,-1.77E0));
#5072=CARTESIAN_POINT('',(1.5675E0,9.325E-1,-1.77E0));
#5073=VERTEX_POINT('',#5071);
#5074=VERTEX_POINT('',#5072);
#5075=CARTESIAN_POINT('',(9.325E-1,1.5675E0,-1.77E0));
#5076=CARTESIAN_POINT('',(1.5675E0,1.5675E0,-1.77E0));
#5077=VERTEX_POINT('',#5075);
#5078=VERTEX_POINT('',#5076);
#5079=CARTESIAN_POINT('',(-1.5675E0,-1.5675E0,-4.23E0));
#5080=CARTESIAN_POINT('',(-1.5675E0,-9.325E-1,-4.23E0));
#5081=VERTEX_POINT('',#5079);
#5082=VERTEX_POINT('',#5080);
#5083=CARTESIAN_POINT('',(-9.325E-1,-1.5675E0,-4.23E0));
#5084=CARTESIAN_POINT('',(-9.325E-1,-9.325E-1,-4.23E0));
#5085=VERTEX_POINT('',#5083);
#5086=VERTEX_POINT('',#5084);
#5087=CARTESIAN_POINT('',(-1.5675E0,9.325E-1,-4.23E0));
#5088=CARTESIAN_POINT('',(-9.325E-1,9.325E-1,-4.23E0));
#5089=VERTEX_POINT('',#5087);
#5090=VERTEX_POINT('',#5088);
#5091=CARTESIAN_POINT('',(-1.5675E0,1.5675E0,-4.23E0));
#5092=CARTESIAN_POINT('',(-9.325E-1,1.5675E0,-4.23E0));
#5093=VERTEX_POINT('',#5091);
#5094=VERTEX_POINT('',#5092);
#5095=CARTESIAN_POINT('',(-1.5675E0,-1.5675E0,-1.77E0));
#5096=CARTESIAN_POINT('',(-1.5675E0,-9.325E-1,-1.77E0));
#5097=VERTEX_POINT('',#5095);
#5098=VERTEX_POINT('',#5096);
#5099=CARTESIAN_POINT('',(-9.325E-1,-1.5675E0,-1.77E0));
#5100=CARTESIAN_POINT('',(-9.325E-1,-9.325E-1,-1.77E0));
#5101=VERTEX_POINT('',#5099);
#5102=VERTEX_POINT('',#5100);
#5103=CARTESIAN_POINT('',(-1.5675E0,9.325E-1,-1.77E0));
#5104=CARTESIAN_POINT('',(-9.325E-1,9.325E-1,-1.77E0));
#5105=VERTEX_POINT('',#5103);
#5106=VERTEX_POINT('',#5104);
#5107=CARTESIAN_POINT('',(-1.5675E0,1.5675E0,-1.77E0));
#5108=CARTESIAN_POINT('',(-9.325E-1,1.5675E0,-1.77E0));
#5109=VERTEX_POINT('',#5107);
#5110=VERTEX_POINT('',#5108);
#5111=CARTESIAN_POINT('',(-4.0675E0,-1.5675E0,-4.23E0));
#5112=CARTESIAN_POINT('',(-4.0675E0,-9.325E-1,-4.23E0));
#5113=VERTEX_POINT('',#5111);
#5114=VERTEX_POINT('',#5112);
#5115=CARTESIAN_POINT('',(-3.4325E0,-1.5675E0,-4.23E0));
#5116=CARTESIAN_POINT('',(-3.4325E0,-9.325E-1,-4.23E0));
#5117=VERTEX_POINT('',#5115);
#5118=VERTEX_POINT('',#5116);
#5119=CARTESIAN_POINT('',(-4.0675E0,9.325E-1,-4.23E0));
#5120=CARTESIAN_POINT('',(-3.4325E0,9.325E-1,-4.23E0));
#5121=VERTEX_POINT('',#5119);
#5122=VERTEX_POINT('',#5120);
#5123=CARTESIAN_POINT('',(-4.0675E0,1.5675E0,-4.23E0));
#5124=CARTESIAN_POINT('',(-3.4325E0,1.5675E0,-4.23E0));
#5125=VERTEX_POINT('',#5123);
#5126=VERTEX_POINT('',#5124);
#5127=CARTESIAN_POINT('',(-4.0675E0,-1.5675E0,-1.77E0));
#5128=CARTESIAN_POINT('',(-4.0675E0,-9.325E-1,-1.77E0));
#5129=VERTEX_POINT('',#5127);
#5130=VERTEX_POINT('',#5128);
#5131=CARTESIAN_POINT('',(-3.4325E0,-1.5675E0,-1.77E0));
#5132=CARTESIAN_POINT('',(-3.4325E0,-9.325E-1,-1.77E0));
#5133=VERTEX_POINT('',#5131);
#5134=VERTEX_POINT('',#5132);
#5135=CARTESIAN_POINT('',(-4.0675E0,9.325E-1,-1.77E0));
#5136=CARTESIAN_POINT('',(-3.4325E0,9.325E-1,-1.77E0));
#5137=VERTEX_POINT('',#5135);
#5138=VERTEX_POINT('',#5136);
#5139=CARTESIAN_POINT('',(-4.0675E0,1.5675E0,-1.77E0));
#5140=CARTESIAN_POINT('',(-3.4325E0,1.5675E0,-1.77E0));
#5141=VERTEX_POINT('',#5139);
#5142=VERTEX_POINT('',#5140);
#5143=CARTESIAN_POINT('',(-6.5675E0,-1.5675E0,-4.23E0));
#5144=CARTESIAN_POINT('',(-6.5675E0,-9.325E-1,-4.23E0));
#5145=VERTEX_POINT('',#5143);
#5146=VERTEX_POINT('',#5144);
#5147=CARTESIAN_POINT('',(-5.9325E0,-1.5675E0,-4.23E0));
#5148=CARTESIAN_POINT('',(-5.9325E0,-9.325E-1,-4.23E0));
#5149=VERTEX_POINT('',#5147);
#5150=VERTEX_POINT('',#5148);
#5151=CARTESIAN_POINT('',(-6.5675E0,9.325E-1,-4.23E0));
#5152=CARTESIAN_POINT('',(-5.9325E0,9.325E-1,-4.23E0));
#5153=VERTEX_POINT('',#5151);
#5154=VERTEX_POINT('',#5152);
#5155=CARTESIAN_POINT('',(-6.5675E0,1.5675E0,-4.23E0));
#5156=CARTESIAN_POINT('',(-5.9325E0,1.5675E0,-4.23E0));
#5157=VERTEX_POINT('',#5155);
#5158=VERTEX_POINT('',#5156);
#5159=CARTESIAN_POINT('',(-6.5675E0,-1.5675E0,-1.77E0));
#5160=CARTESIAN_POINT('',(-6.5675E0,-9.325E-1,-1.77E0));
#5161=VERTEX_POINT('',#5159);
#5162=VERTEX_POINT('',#5160);
#5163=CARTESIAN_POINT('',(-5.9325E0,-1.5675E0,-1.77E0));
#5164=CARTESIAN_POINT('',(-5.9325E0,-9.325E-1,-1.77E0));
#5165=VERTEX_POINT('',#5163);
#5166=VERTEX_POINT('',#5164);
#5167=CARTESIAN_POINT('',(-6.5675E0,9.325E-1,-1.77E0));
#5168=CARTESIAN_POINT('',(-5.9325E0,9.325E-1,-1.77E0));
#5169=VERTEX_POINT('',#5167);
#5170=VERTEX_POINT('',#5168);
#5171=CARTESIAN_POINT('',(-6.5675E0,1.5675E0,-1.77E0));
#5172=CARTESIAN_POINT('',(-5.9325E0,1.5675E0,-1.77E0));
#5173=VERTEX_POINT('',#5171);
#5174=VERTEX_POINT('',#5172);
#5175=CARTESIAN_POINT('',(6.4175E0,1.4175E0,2.77E0));
#5176=CARTESIAN_POINT('',(6.0825E0,1.4175E0,2.77E0));
#5177=VERTEX_POINT('',#5175);
#5178=VERTEX_POINT('',#5176);
#5179=CARTESIAN_POINT('',(6.5675E0,1.5675E0,1.89E0));
#5180=CARTESIAN_POINT('',(5.9325E0,1.5675E0,1.89E0));
#5181=VERTEX_POINT('',#5179);
#5182=VERTEX_POINT('',#5180);
#5183=CARTESIAN_POINT('',(6.4175E0,1.0825E0,2.77E0));
#5184=VERTEX_POINT('',#5183);
#5185=CARTESIAN_POINT('',(6.5675E0,9.325E-1,1.89E0));
#5186=VERTEX_POINT('',#5185);
#5187=CARTESIAN_POINT('',(5.9325E0,9.325E-1,1.89E0));
#5188=VERTEX_POINT('',#5187);
#5189=CARTESIAN_POINT('',(6.0825E0,1.0825E0,2.77E0));
#5190=VERTEX_POINT('',#5189);
#5191=CARTESIAN_POINT('',(6.5675E0,1.5675E0,-7.15E0));
#5192=CARTESIAN_POINT('',(5.9325E0,1.5675E0,-7.15E0));
#5193=VERTEX_POINT('',#5191);
#5194=VERTEX_POINT('',#5192);
#5195=CARTESIAN_POINT('',(6.4175E0,1.4175E0,-8.03E0));
#5196=CARTESIAN_POINT('',(6.0825E0,1.4175E0,-8.03E0));
#5197=VERTEX_POINT('',#5195);
#5198=VERTEX_POINT('',#5196);
#5199=CARTESIAN_POINT('',(6.4175E0,1.0825E0,-8.03E0));
#5200=VERTEX_POINT('',#5199);
#5201=CARTESIAN_POINT('',(6.5675E0,9.325E-1,-7.15E0));
#5202=VERTEX_POINT('',#5201);
#5203=CARTESIAN_POINT('',(5.9325E0,9.325E-1,-7.15E0));
#5204=VERTEX_POINT('',#5203);
#5205=CARTESIAN_POINT('',(6.0825E0,1.0825E0,-8.03E0));
#5206=VERTEX_POINT('',#5205);
#5207=CARTESIAN_POINT('',(3.9175E0,1.4175E0,2.77E0));
#5208=CARTESIAN_POINT('',(3.5825E0,1.4175E0,2.77E0));
#5209=VERTEX_POINT('',#5207);
#5210=VERTEX_POINT('',#5208);
#5211=CARTESIAN_POINT('',(4.0675E0,1.5675E0,1.89E0));
#5212=CARTESIAN_POINT('',(3.4325E0,1.5675E0,1.89E0));
#5213=VERTEX_POINT('',#5211);
#5214=VERTEX_POINT('',#5212);
#5215=CARTESIAN_POINT('',(3.9175E0,1.0825E0,2.77E0));
#5216=VERTEX_POINT('',#5215);
#5217=CARTESIAN_POINT('',(4.0675E0,9.325E-1,1.89E0));
#5218=VERTEX_POINT('',#5217);
#5219=CARTESIAN_POINT('',(3.4325E0,9.325E-1,1.89E0));
#5220=VERTEX_POINT('',#5219);
#5221=CARTESIAN_POINT('',(3.5825E0,1.0825E0,2.77E0));
#5222=VERTEX_POINT('',#5221);
#5223=CARTESIAN_POINT('',(4.0675E0,1.5675E0,-7.15E0));
#5224=CARTESIAN_POINT('',(3.4325E0,1.5675E0,-7.15E0));
#5225=VERTEX_POINT('',#5223);
#5226=VERTEX_POINT('',#5224);
#5227=CARTESIAN_POINT('',(3.9175E0,1.4175E0,-8.03E0));
#5228=CARTESIAN_POINT('',(3.5825E0,1.4175E0,-8.03E0));
#5229=VERTEX_POINT('',#5227);
#5230=VERTEX_POINT('',#5228);
#5231=CARTESIAN_POINT('',(3.9175E0,1.0825E0,-8.03E0));
#5232=VERTEX_POINT('',#5231);
#5233=CARTESIAN_POINT('',(4.0675E0,9.325E-1,-7.15E0));
#5234=VERTEX_POINT('',#5233);
#5235=CARTESIAN_POINT('',(3.4325E0,9.325E-1,-7.15E0));
#5236=VERTEX_POINT('',#5235);
#5237=CARTESIAN_POINT('',(3.5825E0,1.0825E0,-8.03E0));
#5238=VERTEX_POINT('',#5237);
#5239=CARTESIAN_POINT('',(1.4175E0,1.4175E0,2.77E0));
#5240=CARTESIAN_POINT('',(1.0825E0,1.4175E0,2.77E0));
#5241=VERTEX_POINT('',#5239);
#5242=VERTEX_POINT('',#5240);
#5243=CARTESIAN_POINT('',(1.5675E0,1.5675E0,1.89E0));
#5244=CARTESIAN_POINT('',(9.325E-1,1.5675E0,1.89E0));
#5245=VERTEX_POINT('',#5243);
#5246=VERTEX_POINT('',#5244);
#5247=CARTESIAN_POINT('',(1.4175E0,1.0825E0,2.77E0));
#5248=VERTEX_POINT('',#5247);
#5249=CARTESIAN_POINT('',(1.5675E0,9.325E-1,1.89E0));
#5250=VERTEX_POINT('',#5249);
#5251=CARTESIAN_POINT('',(9.325E-1,9.325E-1,1.89E0));
#5252=VERTEX_POINT('',#5251);
#5253=CARTESIAN_POINT('',(1.0825E0,1.0825E0,2.77E0));
#5254=VERTEX_POINT('',#5253);
#5255=CARTESIAN_POINT('',(1.5675E0,1.5675E0,-7.15E0));
#5256=CARTESIAN_POINT('',(9.325E-1,1.5675E0,-7.15E0));
#5257=VERTEX_POINT('',#5255);
#5258=VERTEX_POINT('',#5256);
#5259=CARTESIAN_POINT('',(1.4175E0,1.4175E0,-8.03E0));
#5260=CARTESIAN_POINT('',(1.0825E0,1.4175E0,-8.03E0));
#5261=VERTEX_POINT('',#5259);
#5262=VERTEX_POINT('',#5260);
#5263=CARTESIAN_POINT('',(1.4175E0,1.0825E0,-8.03E0));
#5264=VERTEX_POINT('',#5263);
#5265=CARTESIAN_POINT('',(1.5675E0,9.325E-1,-7.15E0));
#5266=VERTEX_POINT('',#5265);
#5267=CARTESIAN_POINT('',(9.325E-1,9.325E-1,-7.15E0));
#5268=VERTEX_POINT('',#5267);
#5269=CARTESIAN_POINT('',(1.0825E0,1.0825E0,-8.03E0));
#5270=VERTEX_POINT('',#5269);
#5271=CARTESIAN_POINT('',(-1.0825E0,1.4175E0,2.77E0));
#5272=CARTESIAN_POINT('',(-1.4175E0,1.4175E0,2.77E0));
#5273=VERTEX_POINT('',#5271);
#5274=VERTEX_POINT('',#5272);
#5275=CARTESIAN_POINT('',(-9.325E-1,1.5675E0,1.89E0));
#5276=CARTESIAN_POINT('',(-1.5675E0,1.5675E0,1.89E0));
#5277=VERTEX_POINT('',#5275);
#5278=VERTEX_POINT('',#5276);
#5279=CARTESIAN_POINT('',(-1.0825E0,1.0825E0,2.77E0));
#5280=VERTEX_POINT('',#5279);
#5281=CARTESIAN_POINT('',(-9.325E-1,9.325E-1,1.89E0));
#5282=VERTEX_POINT('',#5281);
#5283=CARTESIAN_POINT('',(-1.5675E0,9.325E-1,1.89E0));
#5284=VERTEX_POINT('',#5283);
#5285=CARTESIAN_POINT('',(-1.4175E0,1.0825E0,2.77E0));
#5286=VERTEX_POINT('',#5285);
#5287=CARTESIAN_POINT('',(-9.325E-1,1.5675E0,-7.15E0));
#5288=CARTESIAN_POINT('',(-1.5675E0,1.5675E0,-7.15E0));
#5289=VERTEX_POINT('',#5287);
#5290=VERTEX_POINT('',#5288);
#5291=CARTESIAN_POINT('',(-1.0825E0,1.4175E0,-8.03E0));
#5292=CARTESIAN_POINT('',(-1.4175E0,1.4175E0,-8.03E0));
#5293=VERTEX_POINT('',#5291);
#5294=VERTEX_POINT('',#5292);
#5295=CARTESIAN_POINT('',(-1.0825E0,1.0825E0,-8.03E0));
#5296=VERTEX_POINT('',#5295);
#5297=CARTESIAN_POINT('',(-9.325E-1,9.325E-1,-7.15E0));
#5298=VERTEX_POINT('',#5297);
#5299=CARTESIAN_POINT('',(-1.5675E0,9.325E-1,-7.15E0));
#5300=VERTEX_POINT('',#5299);
#5301=CARTESIAN_POINT('',(-1.4175E0,1.0825E0,-8.03E0));
#5302=VERTEX_POINT('',#5301);
#5303=CARTESIAN_POINT('',(-3.5825E0,1.4175E0,2.77E0));
#5304=CARTESIAN_POINT('',(-3.9175E0,1.4175E0,2.77E0));
#5305=VERTEX_POINT('',#5303);
#5306=VERTEX_POINT('',#5304);
#5307=CARTESIAN_POINT('',(-3.4325E0,1.5675E0,1.89E0));
#5308=CARTESIAN_POINT('',(-4.0675E0,1.5675E0,1.89E0));
#5309=VERTEX_POINT('',#5307);
#5310=VERTEX_POINT('',#5308);
#5311=CARTESIAN_POINT('',(-3.5825E0,1.0825E0,2.77E0));
#5312=VERTEX_POINT('',#5311);
#5313=CARTESIAN_POINT('',(-3.4325E0,9.325E-1,1.89E0));
#5314=VERTEX_POINT('',#5313);
#5315=CARTESIAN_POINT('',(-4.0675E0,9.325E-1,1.89E0));
#5316=VERTEX_POINT('',#5315);
#5317=CARTESIAN_POINT('',(-3.9175E0,1.0825E0,2.77E0));
#5318=VERTEX_POINT('',#5317);
#5319=CARTESIAN_POINT('',(-3.4325E0,1.5675E0,-7.15E0));
#5320=CARTESIAN_POINT('',(-4.0675E0,1.5675E0,-7.15E0));
#5321=VERTEX_POINT('',#5319);
#5322=VERTEX_POINT('',#5320);
#5323=CARTESIAN_POINT('',(-3.5825E0,1.4175E0,-8.03E0));
#5324=CARTESIAN_POINT('',(-3.9175E0,1.4175E0,-8.03E0));
#5325=VERTEX_POINT('',#5323);
#5326=VERTEX_POINT('',#5324);
#5327=CARTESIAN_POINT('',(-3.5825E0,1.0825E0,-8.03E0));
#5328=VERTEX_POINT('',#5327);
#5329=CARTESIAN_POINT('',(-3.4325E0,9.325E-1,-7.15E0));
#5330=VERTEX_POINT('',#5329);
#5331=CARTESIAN_POINT('',(-4.0675E0,9.325E-1,-7.15E0));
#5332=VERTEX_POINT('',#5331);
#5333=CARTESIAN_POINT('',(-3.9175E0,1.0825E0,-8.03E0));
#5334=VERTEX_POINT('',#5333);
#5335=CARTESIAN_POINT('',(-6.0825E0,1.4175E0,2.77E0));
#5336=CARTESIAN_POINT('',(-6.4175E0,1.4175E0,2.77E0));
#5337=VERTEX_POINT('',#5335);
#5338=VERTEX_POINT('',#5336);
#5339=CARTESIAN_POINT('',(-5.9325E0,1.5675E0,1.89E0));
#5340=CARTESIAN_POINT('',(-6.5675E0,1.5675E0,1.89E0));
#5341=VERTEX_POINT('',#5339);
#5342=VERTEX_POINT('',#5340);
#5343=CARTESIAN_POINT('',(-6.0825E0,1.0825E0,2.77E0));
#5344=VERTEX_POINT('',#5343);
#5345=CARTESIAN_POINT('',(-5.9325E0,9.325E-1,1.89E0));
#5346=VERTEX_POINT('',#5345);
#5347=CARTESIAN_POINT('',(-6.5675E0,9.325E-1,1.89E0));
#5348=VERTEX_POINT('',#5347);
#5349=CARTESIAN_POINT('',(-6.4175E0,1.0825E0,2.77E0));
#5350=VERTEX_POINT('',#5349);
#5351=CARTESIAN_POINT('',(-5.9325E0,1.5675E0,-7.15E0));
#5352=CARTESIAN_POINT('',(-6.5675E0,1.5675E0,-7.15E0));
#5353=VERTEX_POINT('',#5351);
#5354=VERTEX_POINT('',#5352);
#5355=CARTESIAN_POINT('',(-6.0825E0,1.4175E0,-8.03E0));
#5356=CARTESIAN_POINT('',(-6.4175E0,1.4175E0,-8.03E0));
#5357=VERTEX_POINT('',#5355);
#5358=VERTEX_POINT('',#5356);
#5359=CARTESIAN_POINT('',(-6.0825E0,1.0825E0,-8.03E0));
#5360=VERTEX_POINT('',#5359);
#5361=CARTESIAN_POINT('',(-5.9325E0,9.325E-1,-7.15E0));
#5362=VERTEX_POINT('',#5361);
#5363=CARTESIAN_POINT('',(-6.5675E0,9.325E-1,-7.15E0));
#5364=VERTEX_POINT('',#5363);
#5365=CARTESIAN_POINT('',(-6.4175E0,1.0825E0,-8.03E0));
#5366=VERTEX_POINT('',#5365);
#5367=CARTESIAN_POINT('',(-8.9175E0,1.0825E0,2.77E0));
#5368=CARTESIAN_POINT('',(-9.0675E0,9.325E-1,1.89E0));
#5369=VERTEX_POINT('',#5367);
#5370=VERTEX_POINT('',#5368);
#5371=CARTESIAN_POINT('',(-8.4325E0,9.325E-1,1.89E0));
#5372=CARTESIAN_POINT('',(-8.5825E0,1.0825E0,2.77E0));
#5373=VERTEX_POINT('',#5371);
#5374=VERTEX_POINT('',#5372);
#5375=CARTESIAN_POINT('',(-9.0675E0,1.5675E0,1.89E0));
#5376=CARTESIAN_POINT('',(-8.9175E0,1.4175E0,2.77E0));
#5377=VERTEX_POINT('',#5375);
#5378=VERTEX_POINT('',#5376);
#5379=CARTESIAN_POINT('',(-8.5825E0,1.4175E0,2.77E0));
#5380=CARTESIAN_POINT('',(-8.4325E0,1.5675E0,1.89E0));
#5381=VERTEX_POINT('',#5379);
#5382=VERTEX_POINT('',#5380);
#5383=CARTESIAN_POINT('',(-8.9175E0,1.0825E0,-8.03E0));
#5384=CARTESIAN_POINT('',(-9.0675E0,9.325E-1,-7.15E0));
#5385=VERTEX_POINT('',#5383);
#5386=VERTEX_POINT('',#5384);
#5387=CARTESIAN_POINT('',(-8.5825E0,1.0825E0,-8.03E0));
#5388=CARTESIAN_POINT('',(-8.4325E0,9.325E-1,-7.15E0));
#5389=VERTEX_POINT('',#5387);
#5390=VERTEX_POINT('',#5388);
#5391=CARTESIAN_POINT('',(-8.9175E0,1.4175E0,-8.03E0));
#5392=CARTESIAN_POINT('',(-9.0675E0,1.5675E0,-7.15E0));
#5393=VERTEX_POINT('',#5391);
#5394=VERTEX_POINT('',#5392);
#5395=CARTESIAN_POINT('',(-8.4325E0,1.5675E0,-7.15E0));
#5396=CARTESIAN_POINT('',(-8.5825E0,1.4175E0,-8.03E0));
#5397=VERTEX_POINT('',#5395);
#5398=VERTEX_POINT('',#5396);
#5399=CARTESIAN_POINT('',(-2.2E0,3.81E0,4.23E0));
#5400=CARTESIAN_POINT('',(-2.2E0,2.345E0,4.23E0));
#5401=VERTEX_POINT('',#5399);
#5402=VERTEX_POINT('',#5400);
#5403=CARTESIAN_POINT('',(2.2E0,3.81E0,4.23E0));
#5404=CARTESIAN_POINT('',(2.2E0,2.345E0,4.23E0));
#5405=VERTEX_POINT('',#5403);
#5406=VERTEX_POINT('',#5404);
#5407=CARTESIAN_POINT('',(-2.2E0,5.E0,5.411849315068E0));
#5408=VERTEX_POINT('',#5407);
#5409=CARTESIAN_POINT('',(2.2E0,5.E0,5.411849315068E0));
#5410=VERTEX_POINT('',#5409);
#5411=CARTESIAN_POINT('',(1.33E0,2.345E0,-3.2E-1));
#5412=CARTESIAN_POINT('',(2.2E0,2.345E0,-3.2E-1));
#5413=VERTEX_POINT('',#5411);
#5414=VERTEX_POINT('',#5412);
#5415=CARTESIAN_POINT('',(-1.33E0,2.345E0,-3.2E-1));
#5416=CARTESIAN_POINT('',(-2.2E0,2.345E0,-3.2E-1));
#5417=VERTEX_POINT('',#5415);
#5418=VERTEX_POINT('',#5416);
#5419=CARTESIAN_POINT('',(-1.33E0,2.345E0,4.23E0));
#5420=VERTEX_POINT('',#5419);
#5421=CARTESIAN_POINT('',(-2.2E0,5.E0,-3.2E-1));
#5422=VERTEX_POINT('',#5421);
#5423=CARTESIAN_POINT('',(2.2E0,5.E0,-3.2E-1));
#5424=VERTEX_POINT('',#5423);
#5425=CARTESIAN_POINT('',(-1.33E0,2.625E0,-3.2E-1));
#5426=CARTESIAN_POINT('',(1.33E0,2.625E0,-3.2E-1));
#5427=VERTEX_POINT('',#5425);
#5428=VERTEX_POINT('',#5426);
#5429=CARTESIAN_POINT('',(-1.33E0,2.625E0,4.23E0));
#5430=VERTEX_POINT('',#5429);
#5431=CARTESIAN_POINT('',(1.33E0,2.625E0,4.23E0));
#5432=VERTEX_POINT('',#5431);
#5433=CARTESIAN_POINT('',(1.33E0,2.345E0,4.23E0));
#5434=VERTEX_POINT('',#5433);
#5435=CARTESIAN_POINT('',(8.55E0,1.55E-1,4.23E0));
#5436=VERTEX_POINT('',#5435);
#5437=CARTESIAN_POINT('',(-1.15E0,5.E0,-7.8E-1));
#5438=CARTESIAN_POINT('',(1.15E0,5.E0,-7.8E-1));
#5439=VERTEX_POINT('',#5437);
#5440=VERTEX_POINT('',#5438);
#5441=CARTESIAN_POINT('',(-1.15E0,5.65E0,-7.8E-1));
#5442=VERTEX_POINT('',#5441);
#5443=CARTESIAN_POINT('',(1.15E0,5.65E0,-7.8E-1));
#5444=VERTEX_POINT('',#5443);
#5445=CARTESIAN_POINT('',(-1.15E0,5.85E0,-5.8E-1));
#5446=CARTESIAN_POINT('',(-1.15E0,5.85E0,4.09E0));
#5447=VERTEX_POINT('',#5445);
#5448=VERTEX_POINT('',#5446);
#5449=CARTESIAN_POINT('',(-9.E-1,5.85E0,4.34E0));
#5450=VERTEX_POINT('',#5449);
#5451=CARTESIAN_POINT('',(9.E-1,5.85E0,4.34E0));
#5452=VERTEX_POINT('',#5451);
#5453=CARTESIAN_POINT('',(1.15E0,5.85E0,4.09E0));
#5454=VERTEX_POINT('',#5453);
#5455=CARTESIAN_POINT('',(1.15E0,5.85E0,-5.8E-1));
#5456=VERTEX_POINT('',#5455);
#5457=CARTESIAN_POINT('',(-1.15E0,5.E0,-3.2E-1));
#5458=CARTESIAN_POINT('',(1.15E0,5.E0,-3.2E-1));
#5459=VERTEX_POINT('',#5457);
#5460=VERTEX_POINT('',#5458);
#5461=CARTESIAN_POINT('',(-1.15E0,5.E0,4.09E0));
#5462=VERTEX_POINT('',#5461);
#5463=CARTESIAN_POINT('',(-9.E-1,5.E0,4.34E0));
#5464=VERTEX_POINT('',#5463);
#5465=CARTESIAN_POINT('',(9.E-1,5.E0,4.34E0));
#5466=VERTEX_POINT('',#5465);
#5467=CARTESIAN_POINT('',(1.15E0,5.E0,4.09E0));
#5468=VERTEX_POINT('',#5467);
#5469=CARTESIAN_POINT('',(2.6E0,5.65E0,5.68E0));
#5470=CARTESIAN_POINT('',(2.4E0,5.85E0,5.68E0));
#5471=VERTEX_POINT('',#5469);
#5472=VERTEX_POINT('',#5470);
#5473=CARTESIAN_POINT('',(2.4E0,5.85E0,-5.800000009152E-1));
#5474=VERTEX_POINT('',#5473);
#5475=CARTESIAN_POINT('',(2.6E0,5.65E0,-5.8E-1));
#5476=VERTEX_POINT('',#5475);
#5477=CARTESIAN_POINT('',(2.4E0,5.65E0,-7.8E-1));
#5478=VERTEX_POINT('',#5477);
#5479=CARTESIAN_POINT('',(2.6E0,2.99E0,-5.8E-1));
#5480=VERTEX_POINT('',#5479);
#5481=CARTESIAN_POINT('',(2.4E0,2.99E0,-7.8E-1));
#5482=VERTEX_POINT('',#5481);
#5483=CARTESIAN_POINT('',(-2.4E0,5.650000000274E0,-7.8E-1));
#5484=CARTESIAN_POINT('',(-2.4E0,2.99E0,-7.8E-1));
#5485=VERTEX_POINT('',#5483);
#5486=VERTEX_POINT('',#5484);
#5487=CARTESIAN_POINT('',(-2.6E0,5.65E0,-5.8E-1));
#5488=CARTESIAN_POINT('',(-2.6E0,2.99E0,-5.8E-1));
#5489=VERTEX_POINT('',#5487);
#5490=VERTEX_POINT('',#5488);
#5491=CARTESIAN_POINT('',(-2.4E0,5.85E0,-5.8E-1));
#5492=VERTEX_POINT('',#5491);
#5493=CARTESIAN_POINT('',(-2.4E0,5.85E0,5.68E0));
#5494=CARTESIAN_POINT('',(-2.6E0,5.65E0,5.68E0));
#5495=VERTEX_POINT('',#5493);
#5496=VERTEX_POINT('',#5494);
#5497=CARTESIAN_POINT('',(7.64E0,-2.345E0,-1.77E0));
#5498=CARTESIAN_POINT('',(9.86E0,-2.345E0,-1.77E0));
#5499=VERTEX_POINT('',#5497);
#5500=VERTEX_POINT('',#5498);
#5501=CARTESIAN_POINT('',(9.86E0,-1.55E-1,-1.77E0));
#5502=VERTEX_POINT('',#5501);
#5503=CARTESIAN_POINT('',(7.64E0,-1.55E-1,-1.77E0));
#5504=VERTEX_POINT('',#5503);
#5505=CARTESIAN_POINT('',(7.64E0,-2.345E0,4.23E0));
#5506=CARTESIAN_POINT('',(9.86E0,-2.345E0,4.23E0));
#5507=VERTEX_POINT('',#5505);
#5508=VERTEX_POINT('',#5506);
#5509=CARTESIAN_POINT('',(7.64E0,-1.55E-1,4.23E0));
#5510=VERTEX_POINT('',#5509);
#5511=CARTESIAN_POINT('',(5.14E0,-2.345E0,-1.77E0));
#5512=CARTESIAN_POINT('',(7.36E0,-2.345E0,-1.77E0));
#5513=VERTEX_POINT('',#5511);
#5514=VERTEX_POINT('',#5512);
#5515=CARTESIAN_POINT('',(7.36E0,-1.55E-1,-1.77E0));
#5516=VERTEX_POINT('',#5515);
#5517=CARTESIAN_POINT('',(5.14E0,-1.55E-1,-1.77E0));
#5518=VERTEX_POINT('',#5517);
#5519=CARTESIAN_POINT('',(5.14E0,-2.345E0,4.23E0));
#5520=CARTESIAN_POINT('',(7.36E0,-2.345E0,4.23E0));
#5521=VERTEX_POINT('',#5519);
#5522=VERTEX_POINT('',#5520);
#5523=CARTESIAN_POINT('',(7.36E0,-1.55E-1,4.23E0));
#5524=VERTEX_POINT('',#5523);
#5525=CARTESIAN_POINT('',(5.14E0,-1.55E-1,4.23E0));
#5526=VERTEX_POINT('',#5525);
#5527=CARTESIAN_POINT('',(2.64E0,-2.345E0,-1.77E0));
#5528=CARTESIAN_POINT('',(4.86E0,-2.345E0,-1.77E0));
#5529=VERTEX_POINT('',#5527);
#5530=VERTEX_POINT('',#5528);
#5531=CARTESIAN_POINT('',(4.86E0,-1.55E-1,-1.77E0));
#5532=VERTEX_POINT('',#5531);
#5533=CARTESIAN_POINT('',(2.64E0,-1.55E-1,-1.77E0));
#5534=VERTEX_POINT('',#5533);
#5535=CARTESIAN_POINT('',(2.64E0,-2.345E0,4.23E0));
#5536=CARTESIAN_POINT('',(4.86E0,-2.345E0,4.23E0));
#5537=VERTEX_POINT('',#5535);
#5538=VERTEX_POINT('',#5536);
#5539=CARTESIAN_POINT('',(4.86E0,-1.55E-1,4.23E0));
#5540=VERTEX_POINT('',#5539);
#5541=CARTESIAN_POINT('',(2.64E0,-1.55E-1,4.23E0));
#5542=VERTEX_POINT('',#5541);
#5543=CARTESIAN_POINT('',(1.4E-1,-2.345E0,-1.77E0));
#5544=CARTESIAN_POINT('',(2.36E0,-2.345E0,-1.77E0));
#5545=VERTEX_POINT('',#5543);
#5546=VERTEX_POINT('',#5544);
#5547=CARTESIAN_POINT('',(2.36E0,-1.55E-1,-1.77E0));
#5548=VERTEX_POINT('',#5547);
#5549=CARTESIAN_POINT('',(1.4E-1,-1.55E-1,-1.77E0));
#5550=VERTEX_POINT('',#5549);
#5551=CARTESIAN_POINT('',(1.4E-1,-2.345E0,4.23E0));
#5552=CARTESIAN_POINT('',(2.36E0,-2.345E0,4.23E0));
#5553=VERTEX_POINT('',#5551);
#5554=VERTEX_POINT('',#5552);
#5555=CARTESIAN_POINT('',(2.36E0,-1.55E-1,4.23E0));
#5556=VERTEX_POINT('',#5555);
#5557=CARTESIAN_POINT('',(1.4E-1,-1.55E-1,4.23E0));
#5558=VERTEX_POINT('',#5557);
#5559=CARTESIAN_POINT('',(-2.36E0,-2.345E0,-1.77E0));
#5560=CARTESIAN_POINT('',(-1.4E-1,-2.345E0,-1.77E0));
#5561=VERTEX_POINT('',#5559);
#5562=VERTEX_POINT('',#5560);
#5563=CARTESIAN_POINT('',(-1.4E-1,-1.55E-1,-1.77E0));
#5564=VERTEX_POINT('',#5563);
#5565=CARTESIAN_POINT('',(-2.36E0,-1.55E-1,-1.77E0));
#5566=VERTEX_POINT('',#5565);
#5567=CARTESIAN_POINT('',(-2.36E0,-2.345E0,4.23E0));
#5568=CARTESIAN_POINT('',(-1.4E-1,-2.345E0,4.23E0));
#5569=VERTEX_POINT('',#5567);
#5570=VERTEX_POINT('',#5568);
#5571=CARTESIAN_POINT('',(-1.4E-1,-1.55E-1,4.23E0));
#5572=VERTEX_POINT('',#5571);
#5573=CARTESIAN_POINT('',(-2.36E0,-1.55E-1,4.23E0));
#5574=VERTEX_POINT('',#5573);
#5575=CARTESIAN_POINT('',(-4.86E0,-2.345E0,-1.77E0));
#5576=CARTESIAN_POINT('',(-2.64E0,-2.345E0,-1.77E0));
#5577=VERTEX_POINT('',#5575);
#5578=VERTEX_POINT('',#5576);
#5579=CARTESIAN_POINT('',(-2.64E0,-1.55E-1,-1.77E0));
#5580=VERTEX_POINT('',#5579);
#5581=CARTESIAN_POINT('',(-4.86E0,-1.55E-1,-1.77E0));
#5582=VERTEX_POINT('',#5581);
#5583=CARTESIAN_POINT('',(-4.86E0,-2.345E0,4.23E0));
#5584=CARTESIAN_POINT('',(-2.64E0,-2.345E0,4.23E0));
#5585=VERTEX_POINT('',#5583);
#5586=VERTEX_POINT('',#5584);
#5587=CARTESIAN_POINT('',(-2.64E0,-1.55E-1,4.23E0));
#5588=VERTEX_POINT('',#5587);
#5589=CARTESIAN_POINT('',(-4.86E0,-1.55E-1,4.23E0));
#5590=VERTEX_POINT('',#5589);
#5591=CARTESIAN_POINT('',(-7.36E0,-2.345E0,-1.77E0));
#5592=CARTESIAN_POINT('',(-5.14E0,-2.345E0,-1.77E0));
#5593=VERTEX_POINT('',#5591);
#5594=VERTEX_POINT('',#5592);
#5595=CARTESIAN_POINT('',(-5.14E0,-1.55E-1,-1.77E0));
#5596=VERTEX_POINT('',#5595);
#5597=CARTESIAN_POINT('',(-7.36E0,-1.55E-1,-1.77E0));
#5598=VERTEX_POINT('',#5597);
#5599=CARTESIAN_POINT('',(-7.36E0,-2.345E0,4.23E0));
#5600=CARTESIAN_POINT('',(-5.14E0,-2.345E0,4.23E0));
#5601=VERTEX_POINT('',#5599);
#5602=VERTEX_POINT('',#5600);
#5603=CARTESIAN_POINT('',(-5.14E0,-1.55E-1,4.23E0));
#5604=VERTEX_POINT('',#5603);
#5605=CARTESIAN_POINT('',(-7.36E0,-1.55E-1,4.23E0));
#5606=VERTEX_POINT('',#5605);
#5607=CARTESIAN_POINT('',(9.86E0,1.55E-1,-7.E-2));
#5608=CARTESIAN_POINT('',(9.15E0,1.55E-1,-7.E-2));
#5609=VERTEX_POINT('',#5607);
#5610=VERTEX_POINT('',#5608);
#5611=CARTESIAN_POINT('',(9.15E0,1.55E-1,3.63E0));
#5612=VERTEX_POINT('',#5611);
#5613=CARTESIAN_POINT('',(9.86E0,-1.55E-1,-7.E-2));
#5614=CARTESIAN_POINT('',(9.15E0,-1.55E-1,-7.E-2));
#5615=VERTEX_POINT('',#5613);
#5616=VERTEX_POINT('',#5614);
#5617=CARTESIAN_POINT('',(9.15E0,-1.55E-1,3.63E0));
#5618=VERTEX_POINT('',#5617);
#5619=CARTESIAN_POINT('',(8.55E0,-1.55E-1,4.23E0));
#5620=VERTEX_POINT('',#5619);
#5621=CARTESIAN_POINT('',(9.0675E0,-9.325E-1,-7.15E0));
#5622=CARTESIAN_POINT('',(8.4325E0,-9.325E-1,-7.15E0));
#5623=VERTEX_POINT('',#5621);
#5624=VERTEX_POINT('',#5622);
#5625=CARTESIAN_POINT('',(8.9175E0,-1.0825E0,-8.03E0));
#5626=CARTESIAN_POINT('',(8.5825E0,-1.0825E0,-8.03E0));
#5627=VERTEX_POINT('',#5625);
#5628=VERTEX_POINT('',#5626);
#5629=CARTESIAN_POINT('',(8.9175E0,-1.4175E0,-8.03E0));
#5630=VERTEX_POINT('',#5629);
#5631=CARTESIAN_POINT('',(9.0675E0,-1.5675E0,-7.15E0));
#5632=VERTEX_POINT('',#5631);
#5633=CARTESIAN_POINT('',(8.4325E0,-1.5675E0,-7.15E0));
#5634=VERTEX_POINT('',#5633);
#5635=CARTESIAN_POINT('',(8.5825E0,-1.4175E0,-8.03E0));
#5636=VERTEX_POINT('',#5635);
#5637=CARTESIAN_POINT('',(9.0675E0,-1.5675E0,1.89E0));
#5638=CARTESIAN_POINT('',(8.4325E0,-1.5675E0,1.89E0));
#5639=VERTEX_POINT('',#5637);
#5640=VERTEX_POINT('',#5638);
#5641=CARTESIAN_POINT('',(8.9175E0,-1.4175E0,2.77E0));
#5642=CARTESIAN_POINT('',(8.5825E0,-1.4175E0,2.77E0));
#5643=VERTEX_POINT('',#5641);
#5644=VERTEX_POINT('',#5642);
#5645=CARTESIAN_POINT('',(8.9175E0,-1.0825E0,2.77E0));
#5646=VERTEX_POINT('',#5645);
#5647=CARTESIAN_POINT('',(9.0675E0,-9.325E-1,1.89E0));
#5648=VERTEX_POINT('',#5647);
#5649=CARTESIAN_POINT('',(8.4325E0,-9.325E-1,1.89E0));
#5650=VERTEX_POINT('',#5649);
#5651=CARTESIAN_POINT('',(8.5825E0,-1.0825E0,2.77E0));
#5652=VERTEX_POINT('',#5651);
#5653=CARTESIAN_POINT('',(6.5675E0,-9.325E-1,-7.15E0));
#5654=CARTESIAN_POINT('',(5.9325E0,-9.325E-1,-7.15E0));
#5655=VERTEX_POINT('',#5653);
#5656=VERTEX_POINT('',#5654);
#5657=CARTESIAN_POINT('',(6.4175E0,-1.0825E0,-8.03E0));
#5658=CARTESIAN_POINT('',(6.0825E0,-1.0825E0,-8.03E0));
#5659=VERTEX_POINT('',#5657);
#5660=VERTEX_POINT('',#5658);
#5661=CARTESIAN_POINT('',(6.4175E0,-1.4175E0,-8.03E0));
#5662=VERTEX_POINT('',#5661);
#5663=CARTESIAN_POINT('',(6.5675E0,-1.5675E0,-7.15E0));
#5664=VERTEX_POINT('',#5663);
#5665=CARTESIAN_POINT('',(5.9325E0,-1.5675E0,-7.15E0));
#5666=VERTEX_POINT('',#5665);
#5667=CARTESIAN_POINT('',(6.0825E0,-1.4175E0,-8.03E0));
#5668=VERTEX_POINT('',#5667);
#5669=CARTESIAN_POINT('',(6.5675E0,-1.5675E0,1.89E0));
#5670=CARTESIAN_POINT('',(5.9325E0,-1.5675E0,1.89E0));
#5671=VERTEX_POINT('',#5669);
#5672=VERTEX_POINT('',#5670);
#5673=CARTESIAN_POINT('',(6.4175E0,-1.4175E0,2.77E0));
#5674=CARTESIAN_POINT('',(6.0825E0,-1.4175E0,2.77E0));
#5675=VERTEX_POINT('',#5673);
#5676=VERTEX_POINT('',#5674);
#5677=CARTESIAN_POINT('',(6.4175E0,-1.0825E0,2.77E0));
#5678=VERTEX_POINT('',#5677);
#5679=CARTESIAN_POINT('',(6.5675E0,-9.325E-1,1.89E0));
#5680=VERTEX_POINT('',#5679);
#5681=CARTESIAN_POINT('',(5.9325E0,-9.325E-1,1.89E0));
#5682=VERTEX_POINT('',#5681);
#5683=CARTESIAN_POINT('',(6.0825E0,-1.0825E0,2.77E0));
#5684=VERTEX_POINT('',#5683);
#5685=CARTESIAN_POINT('',(4.0675E0,-9.325E-1,-7.15E0));
#5686=CARTESIAN_POINT('',(3.4325E0,-9.325E-1,-7.15E0));
#5687=VERTEX_POINT('',#5685);
#5688=VERTEX_POINT('',#5686);
#5689=CARTESIAN_POINT('',(3.9175E0,-1.0825E0,-8.03E0));
#5690=CARTESIAN_POINT('',(3.5825E0,-1.0825E0,-8.03E0));
#5691=VERTEX_POINT('',#5689);
#5692=VERTEX_POINT('',#5690);
#5693=CARTESIAN_POINT('',(3.9175E0,-1.4175E0,-8.03E0));
#5694=VERTEX_POINT('',#5693);
#5695=CARTESIAN_POINT('',(4.0675E0,-1.5675E0,-7.15E0));
#5696=VERTEX_POINT('',#5695);
#5697=CARTESIAN_POINT('',(3.4325E0,-1.5675E0,-7.15E0));
#5698=VERTEX_POINT('',#5697);
#5699=CARTESIAN_POINT('',(3.5825E0,-1.4175E0,-8.03E0));
#5700=VERTEX_POINT('',#5699);
#5701=CARTESIAN_POINT('',(4.0675E0,-1.5675E0,1.89E0));
#5702=CARTESIAN_POINT('',(3.4325E0,-1.5675E0,1.89E0));
#5703=VERTEX_POINT('',#5701);
#5704=VERTEX_POINT('',#5702);
#5705=CARTESIAN_POINT('',(3.9175E0,-1.4175E0,2.77E0));
#5706=CARTESIAN_POINT('',(3.5825E0,-1.4175E0,2.77E0));
#5707=VERTEX_POINT('',#5705);
#5708=VERTEX_POINT('',#5706);
#5709=CARTESIAN_POINT('',(3.9175E0,-1.0825E0,2.77E0));
#5710=VERTEX_POINT('',#5709);
#5711=CARTESIAN_POINT('',(4.0675E0,-9.325E-1,1.89E0));
#5712=VERTEX_POINT('',#5711);
#5713=CARTESIAN_POINT('',(3.4325E0,-9.325E-1,1.89E0));
#5714=VERTEX_POINT('',#5713);
#5715=CARTESIAN_POINT('',(3.5825E0,-1.0825E0,2.77E0));
#5716=VERTEX_POINT('',#5715);
#5717=CARTESIAN_POINT('',(1.5675E0,-9.325E-1,-7.15E0));
#5718=CARTESIAN_POINT('',(9.325E-1,-9.325E-1,-7.15E0));
#5719=VERTEX_POINT('',#5717);
#5720=VERTEX_POINT('',#5718);
#5721=CARTESIAN_POINT('',(1.4175E0,-1.0825E0,-8.03E0));
#5722=CARTESIAN_POINT('',(1.0825E0,-1.0825E0,-8.03E0));
#5723=VERTEX_POINT('',#5721);
#5724=VERTEX_POINT('',#5722);
#5725=CARTESIAN_POINT('',(1.4175E0,-1.4175E0,-8.03E0));
#5726=VERTEX_POINT('',#5725);
#5727=CARTESIAN_POINT('',(1.5675E0,-1.5675E0,-7.15E0));
#5728=VERTEX_POINT('',#5727);
#5729=CARTESIAN_POINT('',(9.325E-1,-1.5675E0,-7.15E0));
#5730=VERTEX_POINT('',#5729);
#5731=CARTESIAN_POINT('',(1.0825E0,-1.4175E0,-8.03E0));
#5732=VERTEX_POINT('',#5731);
#5733=CARTESIAN_POINT('',(1.5675E0,-1.5675E0,1.89E0));
#5734=CARTESIAN_POINT('',(9.325E-1,-1.5675E0,1.89E0));
#5735=VERTEX_POINT('',#5733);
#5736=VERTEX_POINT('',#5734);
#5737=CARTESIAN_POINT('',(1.4175E0,-1.4175E0,2.77E0));
#5738=CARTESIAN_POINT('',(1.0825E0,-1.4175E0,2.77E0));
#5739=VERTEX_POINT('',#5737);
#5740=VERTEX_POINT('',#5738);
#5741=CARTESIAN_POINT('',(1.4175E0,-1.0825E0,2.77E0));
#5742=VERTEX_POINT('',#5741);
#5743=CARTESIAN_POINT('',(1.5675E0,-9.325E-1,1.89E0));
#5744=VERTEX_POINT('',#5743);
#5745=CARTESIAN_POINT('',(9.325E-1,-9.325E-1,1.89E0));
#5746=VERTEX_POINT('',#5745);
#5747=CARTESIAN_POINT('',(1.0825E0,-1.0825E0,2.77E0));
#5748=VERTEX_POINT('',#5747);
#5749=CARTESIAN_POINT('',(-9.325E-1,-9.325E-1,-7.15E0));
#5750=CARTESIAN_POINT('',(-1.5675E0,-9.325E-1,-7.15E0));
#5751=VERTEX_POINT('',#5749);
#5752=VERTEX_POINT('',#5750);
#5753=CARTESIAN_POINT('',(-1.0825E0,-1.0825E0,-8.03E0));
#5754=CARTESIAN_POINT('',(-1.4175E0,-1.0825E0,-8.03E0));
#5755=VERTEX_POINT('',#5753);
#5756=VERTEX_POINT('',#5754);
#5757=CARTESIAN_POINT('',(-1.0825E0,-1.4175E0,-8.03E0));
#5758=VERTEX_POINT('',#5757);
#5759=CARTESIAN_POINT('',(-9.325E-1,-1.5675E0,-7.15E0));
#5760=VERTEX_POINT('',#5759);
#5761=CARTESIAN_POINT('',(-1.5675E0,-1.5675E0,-7.15E0));
#5762=VERTEX_POINT('',#5761);
#5763=CARTESIAN_POINT('',(-1.4175E0,-1.4175E0,-8.03E0));
#5764=VERTEX_POINT('',#5763);
#5765=CARTESIAN_POINT('',(-9.325E-1,-1.5675E0,1.89E0));
#5766=CARTESIAN_POINT('',(-1.5675E0,-1.5675E0,1.89E0));
#5767=VERTEX_POINT('',#5765);
#5768=VERTEX_POINT('',#5766);
#5769=CARTESIAN_POINT('',(-1.0825E0,-1.4175E0,2.77E0));
#5770=CARTESIAN_POINT('',(-1.4175E0,-1.4175E0,2.77E0));
#5771=VERTEX_POINT('',#5769);
#5772=VERTEX_POINT('',#5770);
#5773=CARTESIAN_POINT('',(-1.0825E0,-1.0825E0,2.77E0));
#5774=VERTEX_POINT('',#5773);
#5775=CARTESIAN_POINT('',(-9.325E-1,-9.325E-1,1.89E0));
#5776=VERTEX_POINT('',#5775);
#5777=CARTESIAN_POINT('',(-1.5675E0,-9.325E-1,1.89E0));
#5778=VERTEX_POINT('',#5777);
#5779=CARTESIAN_POINT('',(-1.4175E0,-1.0825E0,2.77E0));
#5780=VERTEX_POINT('',#5779);
#5781=CARTESIAN_POINT('',(-3.4325E0,-9.325E-1,-7.15E0));
#5782=CARTESIAN_POINT('',(-4.0675E0,-9.325E-1,-7.15E0));
#5783=VERTEX_POINT('',#5781);
#5784=VERTEX_POINT('',#5782);
#5785=CARTESIAN_POINT('',(-3.5825E0,-1.0825E0,-8.03E0));
#5786=CARTESIAN_POINT('',(-3.9175E0,-1.0825E0,-8.03E0));
#5787=VERTEX_POINT('',#5785);
#5788=VERTEX_POINT('',#5786);
#5789=CARTESIAN_POINT('',(-3.5825E0,-1.4175E0,-8.03E0));
#5790=VERTEX_POINT('',#5789);
#5791=CARTESIAN_POINT('',(-3.4325E0,-1.5675E0,-7.15E0));
#5792=VERTEX_POINT('',#5791);
#5793=CARTESIAN_POINT('',(-4.0675E0,-1.5675E0,-7.15E0));
#5794=VERTEX_POINT('',#5793);
#5795=CARTESIAN_POINT('',(-3.9175E0,-1.4175E0,-8.03E0));
#5796=VERTEX_POINT('',#5795);
#5797=CARTESIAN_POINT('',(-3.4325E0,-1.5675E0,1.89E0));
#5798=CARTESIAN_POINT('',(-4.0675E0,-1.5675E0,1.89E0));
#5799=VERTEX_POINT('',#5797);
#5800=VERTEX_POINT('',#5798);
#5801=CARTESIAN_POINT('',(-3.5825E0,-1.4175E0,2.77E0));
#5802=CARTESIAN_POINT('',(-3.9175E0,-1.4175E0,2.77E0));
#5803=VERTEX_POINT('',#5801);
#5804=VERTEX_POINT('',#5802);
#5805=CARTESIAN_POINT('',(-3.5825E0,-1.0825E0,2.77E0));
#5806=VERTEX_POINT('',#5805);
#5807=CARTESIAN_POINT('',(-3.4325E0,-9.325E-1,1.89E0));
#5808=VERTEX_POINT('',#5807);
#5809=CARTESIAN_POINT('',(-4.0675E0,-9.325E-1,1.89E0));
#5810=VERTEX_POINT('',#5809);
#5811=CARTESIAN_POINT('',(-3.9175E0,-1.0825E0,2.77E0));
#5812=VERTEX_POINT('',#5811);
#5813=CARTESIAN_POINT('',(-5.9325E0,-9.325E-1,-7.15E0));
#5814=CARTESIAN_POINT('',(-6.5675E0,-9.325E-1,-7.15E0));
#5815=VERTEX_POINT('',#5813);
#5816=VERTEX_POINT('',#5814);
#5817=CARTESIAN_POINT('',(-6.0825E0,-1.0825E0,-8.03E0));
#5818=CARTESIAN_POINT('',(-6.4175E0,-1.0825E0,-8.03E0));
#5819=VERTEX_POINT('',#5817);
#5820=VERTEX_POINT('',#5818);
#5821=CARTESIAN_POINT('',(-6.0825E0,-1.4175E0,-8.03E0));
#5822=VERTEX_POINT('',#5821);
#5823=CARTESIAN_POINT('',(-5.9325E0,-1.5675E0,-7.15E0));
#5824=VERTEX_POINT('',#5823);
#5825=CARTESIAN_POINT('',(-6.5675E0,-1.5675E0,-7.15E0));
#5826=VERTEX_POINT('',#5825);
#5827=CARTESIAN_POINT('',(-6.4175E0,-1.4175E0,-8.03E0));
#5828=VERTEX_POINT('',#5827);
#5829=CARTESIAN_POINT('',(-5.9325E0,-1.5675E0,1.89E0));
#5830=CARTESIAN_POINT('',(-6.5675E0,-1.5675E0,1.89E0));
#5831=VERTEX_POINT('',#5829);
#5832=VERTEX_POINT('',#5830);
#5833=CARTESIAN_POINT('',(-6.0825E0,-1.4175E0,2.77E0));
#5834=CARTESIAN_POINT('',(-6.4175E0,-1.4175E0,2.77E0));
#5835=VERTEX_POINT('',#5833);
#5836=VERTEX_POINT('',#5834);
#5837=CARTESIAN_POINT('',(-6.0825E0,-1.0825E0,2.77E0));
#5838=VERTEX_POINT('',#5837);
#5839=CARTESIAN_POINT('',(-5.9325E0,-9.325E-1,1.89E0));
#5840=VERTEX_POINT('',#5839);
#5841=CARTESIAN_POINT('',(-6.5675E0,-9.325E-1,1.89E0));
#5842=VERTEX_POINT('',#5841);
#5843=CARTESIAN_POINT('',(-6.4175E0,-1.0825E0,2.77E0));
#5844=VERTEX_POINT('',#5843);
#5845=CARTESIAN_POINT('',(-9.86E0,2.345E0,-1.77E0));
#5846=CARTESIAN_POINT('',(-9.86E0,1.55E-1,-1.77E0));
#5847=VERTEX_POINT('',#5845);
#5848=VERTEX_POINT('',#5846);
#5849=CARTESIAN_POINT('',(-7.64E0,1.55E-1,-1.77E0));
#5850=VERTEX_POINT('',#5849);
#5851=CARTESIAN_POINT('',(-7.64E0,2.345E0,-1.77E0));
#5852=VERTEX_POINT('',#5851);
#5853=CARTESIAN_POINT('',(-9.86E0,-2.345E0,-1.77E0));
#5854=CARTESIAN_POINT('',(-7.64E0,-2.345E0,-1.77E0));
#5855=VERTEX_POINT('',#5853);
#5856=VERTEX_POINT('',#5854);
#5857=CARTESIAN_POINT('',(-7.64E0,-1.55E-1,-1.77E0));
#5858=VERTEX_POINT('',#5857);
#5859=CARTESIAN_POINT('',(-9.86E0,-1.55E-1,-1.77E0));
#5860=VERTEX_POINT('',#5859);
#5861=CARTESIAN_POINT('',(-9.86E0,2.345E0,4.23E0));
#5862=CARTESIAN_POINT('',(-9.86E0,1.55E-1,4.23E0));
#5863=VERTEX_POINT('',#5861);
#5864=VERTEX_POINT('',#5862);
#5865=CARTESIAN_POINT('',(-7.64E0,1.55E-1,4.23E0));
#5866=VERTEX_POINT('',#5865);
#5867=CARTESIAN_POINT('',(-7.64E0,2.345E0,4.23E0));
#5868=VERTEX_POINT('',#5867);
#5869=CARTESIAN_POINT('',(-9.86E0,-2.345E0,4.23E0));
#5870=CARTESIAN_POINT('',(-7.64E0,-2.345E0,4.23E0));
#5871=VERTEX_POINT('',#5869);
#5872=VERTEX_POINT('',#5870);
#5873=CARTESIAN_POINT('',(-7.64E0,-1.55E-1,4.23E0));
#5874=VERTEX_POINT('',#5873);
#5875=CARTESIAN_POINT('',(-9.86E0,-1.55E-1,4.23E0));
#5876=VERTEX_POINT('',#5875);
#5877=CARTESIAN_POINT('',(-9.0675E0,-1.5675E0,-4.23E0));
#5878=CARTESIAN_POINT('',(-9.0675E0,-9.325E-1,-4.23E0));
#5879=VERTEX_POINT('',#5877);
#5880=VERTEX_POINT('',#5878);
#5881=CARTESIAN_POINT('',(-9.0675E0,9.325E-1,-4.23E0));
#5882=CARTESIAN_POINT('',(-9.0675E0,1.5675E0,-4.23E0));
#5883=VERTEX_POINT('',#5881);
#5884=VERTEX_POINT('',#5882);
#5885=CARTESIAN_POINT('',(-8.4325E0,-1.5675E0,-4.23E0));
#5886=CARTESIAN_POINT('',(-8.4325E0,-9.325E-1,-4.23E0));
#5887=VERTEX_POINT('',#5885);
#5888=VERTEX_POINT('',#5886);
#5889=CARTESIAN_POINT('',(-8.4325E0,9.325E-1,-4.23E0));
#5890=CARTESIAN_POINT('',(-8.4325E0,1.5675E0,-4.23E0));
#5891=VERTEX_POINT('',#5889);
#5892=VERTEX_POINT('',#5890);
#5893=CARTESIAN_POINT('',(-9.0675E0,-1.5675E0,-1.77E0));
#5894=CARTESIAN_POINT('',(-9.0675E0,-9.325E-1,-1.77E0));
#5895=VERTEX_POINT('',#5893);
#5896=VERTEX_POINT('',#5894);
#5897=CARTESIAN_POINT('',(-9.0675E0,9.325E-1,-1.77E0));
#5898=CARTESIAN_POINT('',(-9.0675E0,1.5675E0,-1.77E0));
#5899=VERTEX_POINT('',#5897);
#5900=VERTEX_POINT('',#5898);
#5901=CARTESIAN_POINT('',(-8.4325E0,-1.5675E0,-1.77E0));
#5902=CARTESIAN_POINT('',(-8.4325E0,-9.325E-1,-1.77E0));
#5903=VERTEX_POINT('',#5901);
#5904=VERTEX_POINT('',#5902);
#5905=CARTESIAN_POINT('',(-8.4325E0,9.325E-1,-1.77E0));
#5906=CARTESIAN_POINT('',(-8.4325E0,1.5675E0,-1.77E0));
#5907=VERTEX_POINT('',#5905);
#5908=VERTEX_POINT('',#5906);
#5909=CARTESIAN_POINT('',(-8.4325E0,-9.325E-1,-7.15E0));
#5910=CARTESIAN_POINT('',(-9.0675E0,-9.325E-1,-7.15E0));
#5911=VERTEX_POINT('',#5909);
#5912=VERTEX_POINT('',#5910);
#5913=CARTESIAN_POINT('',(-8.5825E0,-1.0825E0,-8.03E0));
#5914=CARTESIAN_POINT('',(-8.9175E0,-1.0825E0,-8.03E0));
#5915=VERTEX_POINT('',#5913);
#5916=VERTEX_POINT('',#5914);
#5917=CARTESIAN_POINT('',(-8.5825E0,-1.4175E0,-8.03E0));
#5918=VERTEX_POINT('',#5917);
#5919=CARTESIAN_POINT('',(-8.4325E0,-1.5675E0,-7.15E0));
#5920=VERTEX_POINT('',#5919);
#5921=CARTESIAN_POINT('',(-9.0675E0,-1.5675E0,-7.15E0));
#5922=VERTEX_POINT('',#5921);
#5923=CARTESIAN_POINT('',(-8.9175E0,-1.4175E0,-8.03E0));
#5924=VERTEX_POINT('',#5923);
#5925=CARTESIAN_POINT('',(-8.4325E0,-1.5675E0,1.89E0));
#5926=CARTESIAN_POINT('',(-9.0675E0,-1.5675E0,1.89E0));
#5927=VERTEX_POINT('',#5925);
#5928=VERTEX_POINT('',#5926);
#5929=CARTESIAN_POINT('',(-8.5825E0,-1.4175E0,2.77E0));
#5930=CARTESIAN_POINT('',(-8.9175E0,-1.4175E0,2.77E0));
#5931=VERTEX_POINT('',#5929);
#5932=VERTEX_POINT('',#5930);
#5933=CARTESIAN_POINT('',(-8.5825E0,-1.0825E0,2.77E0));
#5934=VERTEX_POINT('',#5933);
#5935=CARTESIAN_POINT('',(-8.4325E0,-9.325E-1,1.89E0));
#5936=VERTEX_POINT('',#5935);
#5937=CARTESIAN_POINT('',(-9.0675E0,-9.325E-1,1.89E0));
#5938=VERTEX_POINT('',#5937);
#5939=CARTESIAN_POINT('',(-8.9175E0,-1.0825E0,2.77E0));
#5940=VERTEX_POINT('',#5939);
#5941=CARTESIAN_POINT('',(-1.183E1,2.99E0,-4.23E0));
#5942=CARTESIAN_POINT('',(-1.183E1,2.99E0,-1.01E0));
#5943=VERTEX_POINT('',#5941);
#5944=VERTEX_POINT('',#5942);
#5945=CARTESIAN_POINT('',(1.183E1,2.99E0,-1.01E0));
#5946=CARTESIAN_POINT('',(1.183E1,2.99E0,-4.23E0));
#5947=VERTEX_POINT('',#5945);
#5948=VERTEX_POINT('',#5946);
#5949=CARTESIAN_POINT('',(-1.183E1,-1.71E0,-4.23E0));
#5950=CARTESIAN_POINT('',(-1.183E1,-1.71E0,-1.01E0));
#5951=VERTEX_POINT('',#5949);
#5952=VERTEX_POINT('',#5950);
#5953=CARTESIAN_POINT('',(1.183E1,-1.71E0,-1.01E0));
#5954=CARTESIAN_POINT('',(1.183E1,-1.71E0,-4.23E0));
#5955=VERTEX_POINT('',#5953);
#5956=VERTEX_POINT('',#5954);
#5957=CARTESIAN_POINT('',(-1.047E1,-1.71E0,1.9E-1));
#5958=CARTESIAN_POINT('',(-1.047E1,-1.71E0,-4.23E0));
#5959=VERTEX_POINT('',#5957);
#5960=VERTEX_POINT('',#5958);
#5961=CARTESIAN_POINT('',(1.047E1,-1.71E0,1.9E-1));
#5962=CARTESIAN_POINT('',(1.047E1,-1.71E0,-4.23E0));
#5963=VERTEX_POINT('',#5961);
#5964=VERTEX_POINT('',#5962);
#5965=CARTESIAN_POINT('',(-1.047E1,2.99E0,1.9E-1));
#5966=VERTEX_POINT('',#5965);
#5967=CARTESIAN_POINT('',(1.047E1,2.99E0,1.9E-1));
#5968=VERTEX_POINT('',#5967);
#5969=CARTESIAN_POINT('',(-1.047E1,-1.11E0,-1.01E0));
#5970=CARTESIAN_POINT('',(-1.047E1,2.39E0,-1.01E0));
#5971=VERTEX_POINT('',#5969);
#5972=VERTEX_POINT('',#5970);
#5973=CARTESIAN_POINT('',(1.047E1,2.39E0,-1.01E0));
#5974=CARTESIAN_POINT('',(1.047E1,-1.11E0,-1.01E0));
#5975=VERTEX_POINT('',#5973);
#5976=VERTEX_POINT('',#5974);
#5977=CARTESIAN_POINT('',(-1.183E1,-1.11E0,-1.01E0));
#5978=CARTESIAN_POINT('',(-1.183E1,2.39E0,-1.01E0));
#5979=VERTEX_POINT('',#5977);
#5980=VERTEX_POINT('',#5978);
#5981=CARTESIAN_POINT('',(-1.047E1,-1.11E0,1.9E-1));
#5982=VERTEX_POINT('',#5981);
#5983=CARTESIAN_POINT('',(-1.047E1,2.39E0,1.9E-1));
#5984=VERTEX_POINT('',#5983);
#5985=CARTESIAN_POINT('',(1.183E1,-1.11E0,-1.01E0));
#5986=CARTESIAN_POINT('',(1.183E1,2.39E0,-1.01E0));
#5987=VERTEX_POINT('',#5985);
#5988=VERTEX_POINT('',#5986);
#5989=CARTESIAN_POINT('',(1.047E1,2.39E0,1.9E-1));
#5990=VERTEX_POINT('',#5989);
#5991=CARTESIAN_POINT('',(1.047E1,-1.11E0,1.9E-1));
#5992=VERTEX_POINT('',#5991);
#5993=CARTESIAN_POINT('',(1.067E1,1.26E0,-4.51E0));
#5994=CARTESIAN_POINT('',(1.067E1,1.261158296229E0,-4.548042660380E0));
#5995=VERTEX_POINT('',#5993);
#5996=VERTEX_POINT('',#5994);
#5997=CARTESIAN_POINT('',(1.067E1,1.384629528252E0,-6.573785113468E0));
#5998=VERTEX_POINT('',#5997);
#5999=CARTESIAN_POINT('',(1.067E1,1.32875E0,-6.725006474558E0));
#6000=VERTEX_POINT('',#5999);
#6001=CARTESIAN_POINT('',(1.067E1,1.16E0,-7.142167639457E0));
#6002=VERTEX_POINT('',#6001);
#6003=CARTESIAN_POINT('',(1.067E1,1.16E0,-8.03E0));
#6004=VERTEX_POINT('',#6003);
#6005=CARTESIAN_POINT('',(1.067E1,1.36E0,-8.03E0));
#6006=VERTEX_POINT('',#6005);
#6007=CARTESIAN_POINT('',(1.067E1,1.817885779844E0,-7.242718656994E0));
#6008=VERTEX_POINT('',#6007);
#6009=CARTESIAN_POINT('',(1.067E1,1.844629528252E0,-7.13E0));
#6010=VERTEX_POINT('',#6009);
#6011=CARTESIAN_POINT('',(1.067E1,1.685679275728E0,-4.522167639457E0));
#6012=VERTEX_POINT('',#6011);
#6013=CARTESIAN_POINT('',(1.067E1,1.685308803980E0,-4.51E0));
#6014=VERTEX_POINT('',#6013);
#6015=CARTESIAN_POINT('',(1.067E1,2.346911960198E-1,-4.51E0));
#6016=CARTESIAN_POINT('',(1.067E1,2.343207242717E-1,-4.522167639457E0));
#6017=VERTEX_POINT('',#6015);
#6018=VERTEX_POINT('',#6016);
#6019=CARTESIAN_POINT('',(1.067E1,7.537047174817E-2,-7.13E0));
#6020=VERTEX_POINT('',#6019);
#6021=CARTESIAN_POINT('',(1.067E1,1.021142201563E-1,-7.242718656994E0));
#6022=VERTEX_POINT('',#6021);
#6023=CARTESIAN_POINT('',(1.067E1,5.6E-1,-8.03E0));
#6024=VERTEX_POINT('',#6023);
#6025=CARTESIAN_POINT('',(1.067E1,7.6E-1,-8.03E0));
#6026=VERTEX_POINT('',#6025);
#6027=CARTESIAN_POINT('',(1.067E1,7.6E-1,-7.142167639457E0));
#6028=VERTEX_POINT('',#6027);
#6029=CARTESIAN_POINT('',(1.067E1,5.9125E-1,-6.725006474558E0));
#6030=VERTEX_POINT('',#6029);
#6031=CARTESIAN_POINT('',(1.067E1,5.353704717482E-1,-6.573785113468E0));
#6032=VERTEX_POINT('',#6031);
#6033=CARTESIAN_POINT('',(1.067E1,6.588417037712E-1,-4.548042660380E0));
#6034=VERTEX_POINT('',#6033);
#6035=CARTESIAN_POINT('',(1.067E1,6.6E-1,-4.51E0));
#6036=VERTEX_POINT('',#6035);
#6037=CARTESIAN_POINT('',(1.117E1,1.26E0,-4.51E0));
#6038=CARTESIAN_POINT('',(1.117E1,1.261158296229E0,-4.548042660380E0));
#6039=VERTEX_POINT('',#6037);
#6040=VERTEX_POINT('',#6038);
#6041=CARTESIAN_POINT('',(1.117E1,1.384629528252E0,-6.573785113468E0));
#6042=VERTEX_POINT('',#6041);
#6043=CARTESIAN_POINT('',(1.117E1,1.32875E0,-6.725006474558E0));
#6044=VERTEX_POINT('',#6043);
#6045=CARTESIAN_POINT('',(1.117E1,1.16E0,-7.142167639457E0));
#6046=VERTEX_POINT('',#6045);
#6047=CARTESIAN_POINT('',(1.117E1,1.16E0,-8.03E0));
#6048=VERTEX_POINT('',#6047);
#6049=CARTESIAN_POINT('',(1.117E1,1.36E0,-8.03E0));
#6050=VERTEX_POINT('',#6049);
#6051=CARTESIAN_POINT('',(1.117E1,1.817885779844E0,-7.242718656994E0));
#6052=VERTEX_POINT('',#6051);
#6053=CARTESIAN_POINT('',(1.117E1,1.844629528252E0,-7.13E0));
#6054=VERTEX_POINT('',#6053);
#6055=CARTESIAN_POINT('',(1.117E1,1.685679275728E0,-4.522167639457E0));
#6056=VERTEX_POINT('',#6055);
#6057=CARTESIAN_POINT('',(1.117E1,1.685308803980E0,-4.51E0));
#6058=VERTEX_POINT('',#6057);
#6059=CARTESIAN_POINT('',(1.117E1,2.346911960198E-1,-4.51E0));
#6060=CARTESIAN_POINT('',(1.117E1,2.343207242717E-1,-4.522167639457E0));
#6061=VERTEX_POINT('',#6059);
#6062=VERTEX_POINT('',#6060);
#6063=CARTESIAN_POINT('',(1.117E1,7.537047174817E-2,-7.13E0));
#6064=VERTEX_POINT('',#6063);
#6065=CARTESIAN_POINT('',(1.117E1,1.021142201563E-1,-7.242718656994E0));
#6066=VERTEX_POINT('',#6065);
#6067=CARTESIAN_POINT('',(1.117E1,5.6E-1,-8.03E0));
#6068=VERTEX_POINT('',#6067);
#6069=CARTESIAN_POINT('',(1.117E1,7.6E-1,-8.03E0));
#6070=VERTEX_POINT('',#6069);
#6071=CARTESIAN_POINT('',(1.117E1,7.6E-1,-7.142167639457E0));
#6072=VERTEX_POINT('',#6071);
#6073=CARTESIAN_POINT('',(1.117E1,5.9125E-1,-6.725006474558E0));
#6074=VERTEX_POINT('',#6073);
#6075=CARTESIAN_POINT('',(1.117E1,5.353704717482E-1,-6.573785113468E0));
#6076=VERTEX_POINT('',#6075);
#6077=CARTESIAN_POINT('',(1.117E1,6.588417037712E-1,-4.548042660380E0));
#6078=VERTEX_POINT('',#6077);
#6079=CARTESIAN_POINT('',(1.117E1,6.6E-1,-4.51E0));
#6080=VERTEX_POINT('',#6079);
#6081=CARTESIAN_POINT('',(1.067E1,1.685308803980E0,-4.23E0));
#6082=CARTESIAN_POINT('',(1.067E1,1.26E0,-4.23E0));
#6083=VERTEX_POINT('',#6081);
#6084=VERTEX_POINT('',#6082);
#6085=CARTESIAN_POINT('',(1.067E1,6.6E-1,-4.23E0));
#6086=CARTESIAN_POINT('',(1.067E1,2.346911960198E-1,-4.23E0));
#6087=VERTEX_POINT('',#6085);
#6088=VERTEX_POINT('',#6086);
#6089=CARTESIAN_POINT('',(1.117E1,1.685308803980E0,-4.23E0));
#6090=CARTESIAN_POINT('',(1.117E1,1.26E0,-4.23E0));
#6091=VERTEX_POINT('',#6089);
#6092=VERTEX_POINT('',#6090);
#6093=CARTESIAN_POINT('',(1.117E1,6.6E-1,-4.23E0));
#6094=CARTESIAN_POINT('',(1.117E1,2.346911960198E-1,-4.23E0));
#6095=VERTEX_POINT('',#6093);
#6096=VERTEX_POINT('',#6094);
#6097=CARTESIAN_POINT('',(-1.067E1,1.26E0,-4.51E0));
#6098=CARTESIAN_POINT('',(-1.067E1,1.261158296229E0,-4.548042660380E0));
#6099=VERTEX_POINT('',#6097);
#6100=VERTEX_POINT('',#6098);
#6101=CARTESIAN_POINT('',(-1.067E1,1.384629528252E0,-6.573785113468E0));
#6102=VERTEX_POINT('',#6101);
#6103=CARTESIAN_POINT('',(-1.067E1,1.32875E0,-6.725006474558E0));
#6104=VERTEX_POINT('',#6103);
#6105=CARTESIAN_POINT('',(-1.067E1,1.16E0,-7.142167639457E0));
#6106=VERTEX_POINT('',#6105);
#6107=CARTESIAN_POINT('',(-1.067E1,1.16E0,-8.03E0));
#6108=VERTEX_POINT('',#6107);
#6109=CARTESIAN_POINT('',(-1.067E1,1.36E0,-8.03E0));
#6110=VERTEX_POINT('',#6109);
#6111=CARTESIAN_POINT('',(-1.067E1,1.817885779844E0,-7.242718656994E0));
#6112=VERTEX_POINT('',#6111);
#6113=CARTESIAN_POINT('',(-1.067E1,1.844629528252E0,-7.13E0));
#6114=VERTEX_POINT('',#6113);
#6115=CARTESIAN_POINT('',(-1.067E1,1.685679275728E0,-4.522167639457E0));
#6116=VERTEX_POINT('',#6115);
#6117=CARTESIAN_POINT('',(-1.067E1,1.685308803980E0,-4.51E0));
#6118=VERTEX_POINT('',#6117);
#6119=CARTESIAN_POINT('',(-1.067E1,2.346911960198E-1,-4.51E0));
#6120=CARTESIAN_POINT('',(-1.067E1,2.343207242717E-1,-4.522167639457E0));
#6121=VERTEX_POINT('',#6119);
#6122=VERTEX_POINT('',#6120);
#6123=CARTESIAN_POINT('',(-1.067E1,7.537047174817E-2,-7.13E0));
#6124=VERTEX_POINT('',#6123);
#6125=CARTESIAN_POINT('',(-1.067E1,1.021142201563E-1,-7.242718656994E0));
#6126=VERTEX_POINT('',#6125);
#6127=CARTESIAN_POINT('',(-1.067E1,5.6E-1,-8.03E0));
#6128=VERTEX_POINT('',#6127);
#6129=CARTESIAN_POINT('',(-1.067E1,7.6E-1,-8.03E0));
#6130=VERTEX_POINT('',#6129);
#6131=CARTESIAN_POINT('',(-1.067E1,7.6E-1,-7.142167639457E0));
#6132=VERTEX_POINT('',#6131);
#6133=CARTESIAN_POINT('',(-1.067E1,5.9125E-1,-6.725006474558E0));
#6134=VERTEX_POINT('',#6133);
#6135=CARTESIAN_POINT('',(-1.067E1,5.353704717482E-1,-6.573785113468E0));
#6136=VERTEX_POINT('',#6135);
#6137=CARTESIAN_POINT('',(-1.067E1,6.588417037712E-1,-4.548042660380E0));
#6138=VERTEX_POINT('',#6137);
#6139=CARTESIAN_POINT('',(-1.067E1,6.6E-1,-4.51E0));
#6140=VERTEX_POINT('',#6139);
#6141=CARTESIAN_POINT('',(-1.117E1,1.26E0,-4.51E0));
#6142=CARTESIAN_POINT('',(-1.117E1,1.261158296229E0,-4.548042660380E0));
#6143=VERTEX_POINT('',#6141);
#6144=VERTEX_POINT('',#6142);
#6145=CARTESIAN_POINT('',(-1.117E1,1.384629528252E0,-6.573785113468E0));
#6146=VERTEX_POINT('',#6145);
#6147=CARTESIAN_POINT('',(-1.117E1,1.32875E0,-6.725006474558E0));
#6148=VERTEX_POINT('',#6147);
#6149=CARTESIAN_POINT('',(-1.117E1,1.16E0,-7.142167639457E0));
#6150=VERTEX_POINT('',#6149);
#6151=CARTESIAN_POINT('',(-1.117E1,1.16E0,-8.03E0));
#6152=VERTEX_POINT('',#6151);
#6153=CARTESIAN_POINT('',(-1.117E1,1.36E0,-8.03E0));
#6154=VERTEX_POINT('',#6153);
#6155=CARTESIAN_POINT('',(-1.117E1,1.817885779844E0,-7.242718656994E0));
#6156=VERTEX_POINT('',#6155);
#6157=CARTESIAN_POINT('',(-1.117E1,1.844629528252E0,-7.13E0));
#6158=VERTEX_POINT('',#6157);
#6159=CARTESIAN_POINT('',(-1.117E1,1.685679275728E0,-4.522167639457E0));
#6160=VERTEX_POINT('',#6159);
#6161=CARTESIAN_POINT('',(-1.117E1,1.685308803980E0,-4.51E0));
#6162=VERTEX_POINT('',#6161);
#6163=CARTESIAN_POINT('',(-1.117E1,2.346911960198E-1,-4.51E0));
#6164=CARTESIAN_POINT('',(-1.117E1,2.343207242717E-1,-4.522167639457E0));
#6165=VERTEX_POINT('',#6163);
#6166=VERTEX_POINT('',#6164);
#6167=CARTESIAN_POINT('',(-1.117E1,7.537047174817E-2,-7.13E0));
#6168=VERTEX_POINT('',#6167);
#6169=CARTESIAN_POINT('',(-1.117E1,1.021142201563E-1,-7.242718656994E0));
#6170=VERTEX_POINT('',#6169);
#6171=CARTESIAN_POINT('',(-1.117E1,5.6E-1,-8.03E0));
#6172=VERTEX_POINT('',#6171);
#6173=CARTESIAN_POINT('',(-1.117E1,7.6E-1,-8.03E0));
#6174=VERTEX_POINT('',#6173);
#6175=CARTESIAN_POINT('',(-1.117E1,7.6E-1,-7.142167639457E0));
#6176=VERTEX_POINT('',#6175);
#6177=CARTESIAN_POINT('',(-1.117E1,5.9125E-1,-6.725006474558E0));
#6178=VERTEX_POINT('',#6177);
#6179=CARTESIAN_POINT('',(-1.117E1,5.353704717482E-1,-6.573785113468E0));
#6180=VERTEX_POINT('',#6179);
#6181=CARTESIAN_POINT('',(-1.117E1,6.588417037712E-1,-4.548042660380E0));
#6182=VERTEX_POINT('',#6181);
#6183=CARTESIAN_POINT('',(-1.117E1,6.6E-1,-4.51E0));
#6184=VERTEX_POINT('',#6183);
#6185=CARTESIAN_POINT('',(-1.067E1,1.26E0,-4.23E0));
#6186=VERTEX_POINT('',#6185);
#6187=CARTESIAN_POINT('',(-1.067E1,1.685308803980E0,-4.23E0));
#6188=VERTEX_POINT('',#6187);
#6189=CARTESIAN_POINT('',(-1.067E1,2.346911960198E-1,-4.23E0));
#6190=VERTEX_POINT('',#6189);
#6191=CARTESIAN_POINT('',(-1.067E1,6.6E-1,-4.23E0));
#6192=VERTEX_POINT('',#6191);
#6193=CARTESIAN_POINT('',(-1.117E1,1.26E0,-4.23E0));
#6194=VERTEX_POINT('',#6193);
#6195=CARTESIAN_POINT('',(-1.117E1,1.685308803980E0,-4.23E0));
#6196=VERTEX_POINT('',#6195);
#6197=CARTESIAN_POINT('',(-1.117E1,2.346911960198E-1,-4.23E0));
#6198=VERTEX_POINT('',#6197);
#6199=CARTESIAN_POINT('',(-1.117E1,6.6E-1,-4.23E0));
#6200=VERTEX_POINT('',#6199);
#6201=CARTESIAN_POINT('',(-1.047E1,-2.39E0,-4.23E0));
#6202=VERTEX_POINT('',#6201);
#6203=CARTESIAN_POINT('',(1.047E1,-2.39E0,-4.23E0));
#6204=VERTEX_POINT('',#6203);
#6205=CARTESIAN_POINT('',(1.047E1,-2.39E0,-4.83E0));
#6206=CARTESIAN_POINT('',(1.047E1,-2.99E0,-4.83E0));
#6207=VERTEX_POINT('',#6205);
#6208=VERTEX_POINT('',#6206);
#6209=CARTESIAN_POINT('',(9.67E0,-2.99E0,-4.83E0));
#6210=VERTEX_POINT('',#6209);
#6211=CARTESIAN_POINT('',(9.67E0,-2.39E0,-4.83E0));
#6212=VERTEX_POINT('',#6211);
#6213=CARTESIAN_POINT('',(-1.047E1,-2.39E0,-4.83E0));
#6214=CARTESIAN_POINT('',(-9.67E0,-2.39E0,-4.83E0));
#6215=VERTEX_POINT('',#6213);
#6216=VERTEX_POINT('',#6214);
#6217=CARTESIAN_POINT('',(-9.67E0,-2.99E0,-4.83E0));
#6218=VERTEX_POINT('',#6217);
#6219=CARTESIAN_POINT('',(-1.047E1,-2.99E0,-4.83E0));
#6220=VERTEX_POINT('',#6219);
#6221=CARTESIAN_POINT('',(9.67E0,-2.39E0,-4.23E0));
#6222=VERTEX_POINT('',#6221);
#6223=CARTESIAN_POINT('',(-9.67E0,-2.39E0,-4.23E0));
#6224=VERTEX_POINT('',#6223);
#6225=CARTESIAN_POINT('',(0.E0,-2.99E0,0.E0));
#6226=DIRECTION('',(0.E0,1.E0,0.E0));
#6227=DIRECTION('',(1.E0,0.E0,0.E0));
#6228=AXIS2_PLACEMENT_3D('',#6225,#6226,#6227);
#6229=PLANE('',#6228);
#6231=ORIENTED_EDGE('',*,*,#6230,.T.);
#6233=ORIENTED_EDGE('',*,*,#6232,.T.);
#6235=ORIENTED_EDGE('',*,*,#6234,.T.);
#6237=ORIENTED_EDGE('',*,*,#6236,.F.);
#6239=ORIENTED_EDGE('',*,*,#6238,.T.);
#6241=ORIENTED_EDGE('',*,*,#6240,.T.);
#6243=ORIENTED_EDGE('',*,*,#6242,.T.);
#6245=ORIENTED_EDGE('',*,*,#6244,.F.);
#6246=EDGE_LOOP('',(#6231,#6233,#6235,#6237,#6239,#6241,#6243,#6245));
#6247=FACE_OUTER_BOUND('',#6246,.F.);
#6248=ADVANCED_FACE('',(#6247),#6229,.F.);
#6249=CARTESIAN_POINT('',(1.047E1,-2.99E0,-4.23E0));
#6250=DIRECTION('',(0.E0,0.E0,-1.E0));
#6251=DIRECTION('',(-1.E0,0.E0,0.E0));
#6252=AXIS2_PLACEMENT_3D('',#6249,#6250,#6251);
#6253=PLANE('',#6252);
#6255=ORIENTED_EDGE('',*,*,#6254,.T.);
#6257=ORIENTED_EDGE('',*,*,#6256,.F.);
#6259=ORIENTED_EDGE('',*,*,#6258,.T.);
#6261=ORIENTED_EDGE('',*,*,#6260,.T.);
#6263=ORIENTED_EDGE('',*,*,#6262,.F.);
#6265=ORIENTED_EDGE('',*,*,#6264,.F.);
#6267=ORIENTED_EDGE('',*,*,#6266,.T.);
#6269=ORIENTED_EDGE('',*,*,#6268,.T.);
#6271=ORIENTED_EDGE('',*,*,#6270,.F.);
#6273=ORIENTED_EDGE('',*,*,#6272,.F.);
#6275=ORIENTED_EDGE('',*,*,#6274,.T.);
#6277=ORIENTED_EDGE('',*,*,#6276,.F.);
#6278=ORIENTED_EDGE('',*,*,#6230,.F.);
#6280=ORIENTED_EDGE('',*,*,#6279,.T.);
#6282=ORIENTED_EDGE('',*,*,#6281,.T.);
#6284=ORIENTED_EDGE('',*,*,#6283,.T.);
#6286=ORIENTED_EDGE('',*,*,#6285,.F.);
#6288=ORIENTED_EDGE('',*,*,#6287,.F.);
#6290=ORIENTED_EDGE('',*,*,#6289,.T.);
#6292=ORIENTED_EDGE('',*,*,#6291,.T.);
#6293=EDGE_LOOP('',(#6255,#6257,#6259,#6261,#6263,#6265,#6267,#6269,#6271,#6273,
#6275,#6277,#6278,#6280,#6282,#6284,#6286,#6288,#6290,#6292));
#6294=FACE_OUTER_BOUND('',#6293,.F.);
#6296=ORIENTED_EDGE('',*,*,#6295,.T.);
#6298=ORIENTED_EDGE('',*,*,#6297,.T.);
#6300=ORIENTED_EDGE('',*,*,#6299,.F.);
#6302=ORIENTED_EDGE('',*,*,#6301,.F.);
#6303=EDGE_LOOP('',(#6296,#6298,#6300,#6302));
#6304=FACE_BOUND('',#6303,.F.);
#6306=ORIENTED_EDGE('',*,*,#6305,.F.);
#6308=ORIENTED_EDGE('',*,*,#6307,.T.);
#6310=ORIENTED_EDGE('',*,*,#6309,.T.);
#6312=ORIENTED_EDGE('',*,*,#6311,.F.);
#6313=EDGE_LOOP('',(#6306,#6308,#6310,#6312));
#6314=FACE_BOUND('',#6313,.F.);
#6316=ORIENTED_EDGE('',*,*,#6315,.T.);
#6318=ORIENTED_EDGE('',*,*,#6317,.T.);
#6320=ORIENTED_EDGE('',*,*,#6319,.F.);
#6322=ORIENTED_EDGE('',*,*,#6321,.F.);
#6323=EDGE_LOOP('',(#6316,#6318,#6320,#6322));
#6324=FACE_BOUND('',#6323,.F.);
#6326=ORIENTED_EDGE('',*,*,#6325,.F.);
#6328=ORIENTED_EDGE('',*,*,#6327,.T.);
#6330=ORIENTED_EDGE('',*,*,#6329,.T.);
#6332=ORIENTED_EDGE('',*,*,#6331,.F.);
#6333=EDGE_LOOP('',(#6326,#6328,#6330,#6332));
#6334=FACE_BOUND('',#6333,.F.);
#6336=ORIENTED_EDGE('',*,*,#6335,.T.);
#6338=ORIENTED_EDGE('',*,*,#6337,.T.);
#6340=ORIENTED_EDGE('',*,*,#6339,.F.);
#6342=ORIENTED_EDGE('',*,*,#6341,.F.);
#6343=EDGE_LOOP('',(#6336,#6338,#6340,#6342));
#6344=FACE_BOUND('',#6343,.F.);
#6346=ORIENTED_EDGE('',*,*,#6345,.F.);
#6348=ORIENTED_EDGE('',*,*,#6347,.T.);
#6350=ORIENTED_EDGE('',*,*,#6349,.T.);
#6352=ORIENTED_EDGE('',*,*,#6351,.F.);
#6353=EDGE_LOOP('',(#6346,#6348,#6350,#6352));
#6354=FACE_BOUND('',#6353,.F.);
#6356=ORIENTED_EDGE('',*,*,#6355,.T.);
#6358=ORIENTED_EDGE('',*,*,#6357,.T.);
#6360=ORIENTED_EDGE('',*,*,#6359,.F.);
#6362=ORIENTED_EDGE('',*,*,#6361,.F.);
#6363=EDGE_LOOP('',(#6356,#6358,#6360,#6362));
#6364=FACE_BOUND('',#6363,.F.);
#6366=ORIENTED_EDGE('',*,*,#6365,.F.);
#6368=ORIENTED_EDGE('',*,*,#6367,.T.);
#6370=ORIENTED_EDGE('',*,*,#6369,.T.);
#6372=ORIENTED_EDGE('',*,*,#6371,.F.);
#6373=EDGE_LOOP('',(#6366,#6368,#6370,#6372));
#6374=FACE_BOUND('',#6373,.F.);
#6376=ORIENTED_EDGE('',*,*,#6375,.T.);
#6378=ORIENTED_EDGE('',*,*,#6377,.T.);
#6380=ORIENTED_EDGE('',*,*,#6379,.F.);
#6382=ORIENTED_EDGE('',*,*,#6381,.F.);
#6383=EDGE_LOOP('',(#6376,#6378,#6380,#6382));
#6384=FACE_BOUND('',#6383,.F.);
#6386=ORIENTED_EDGE('',*,*,#6385,.F.);
#6388=ORIENTED_EDGE('',*,*,#6387,.T.);
#6390=ORIENTED_EDGE('',*,*,#6389,.T.);
#6392=ORIENTED_EDGE('',*,*,#6391,.F.);
#6393=EDGE_LOOP('',(#6386,#6388,#6390,#6392));
#6394=FACE_BOUND('',#6393,.F.);
#6396=ORIENTED_EDGE('',*,*,#6395,.T.);
#6398=ORIENTED_EDGE('',*,*,#6397,.T.);
#6400=ORIENTED_EDGE('',*,*,#6399,.F.);
#6402=ORIENTED_EDGE('',*,*,#6401,.F.);
#6403=EDGE_LOOP('',(#6396,#6398,#6400,#6402));
#6404=FACE_BOUND('',#6403,.F.);
#6406=ORIENTED_EDGE('',*,*,#6405,.F.);
#6408=ORIENTED_EDGE('',*,*,#6407,.T.);
#6410=ORIENTED_EDGE('',*,*,#6409,.T.);
#6412=ORIENTED_EDGE('',*,*,#6411,.F.);
#6413=EDGE_LOOP('',(#6406,#6408,#6410,#6412));
#6414=FACE_BOUND('',#6413,.F.);
#6416=ORIENTED_EDGE('',*,*,#6415,.T.);
#6418=ORIENTED_EDGE('',*,*,#6417,.T.);
#6420=ORIENTED_EDGE('',*,*,#6419,.F.);
#6422=ORIENTED_EDGE('',*,*,#6421,.F.);
#6423=EDGE_LOOP('',(#6416,#6418,#6420,#6422));
#6424=FACE_BOUND('',#6423,.F.);
#6426=ORIENTED_EDGE('',*,*,#6425,.F.);
#6428=ORIENTED_EDGE('',*,*,#6427,.T.);
#6430=ORIENTED_EDGE('',*,*,#6429,.T.);
#6432=ORIENTED_EDGE('',*,*,#6431,.F.);
#6433=EDGE_LOOP('',(#6426,#6428,#6430,#6432));
#6434=FACE_BOUND('',#6433,.F.);
#6436=ORIENTED_EDGE('',*,*,#6435,.T.);
#6438=ORIENTED_EDGE('',*,*,#6437,.T.);
#6440=ORIENTED_EDGE('',*,*,#6439,.F.);
#6442=ORIENTED_EDGE('',*,*,#6441,.F.);
#6443=EDGE_LOOP('',(#6436,#6438,#6440,#6442));
#6444=FACE_BOUND('',#6443,.F.);
#6446=ORIENTED_EDGE('',*,*,#6445,.T.);
#6448=ORIENTED_EDGE('',*,*,#6447,.T.);
#6450=ORIENTED_EDGE('',*,*,#6449,.F.);
#6452=ORIENTED_EDGE('',*,*,#6451,.F.);
#6453=EDGE_LOOP('',(#6446,#6448,#6450,#6452));
#6454=FACE_BOUND('',#6453,.F.);
#6456=ORIENTED_EDGE('',*,*,#6455,.F.);
#6458=ORIENTED_EDGE('',*,*,#6457,.T.);
#6460=ORIENTED_EDGE('',*,*,#6459,.T.);
#6462=ORIENTED_EDGE('',*,*,#6461,.F.);
#6463=EDGE_LOOP('',(#6456,#6458,#6460,#6462));
#6464=FACE_BOUND('',#6463,.F.);
#6466=ORIENTED_EDGE('',*,*,#6465,.F.);
#6468=ORIENTED_EDGE('',*,*,#6467,.T.);
#6470=ORIENTED_EDGE('',*,*,#6469,.T.);
#6472=ORIENTED_EDGE('',*,*,#6471,.F.);
#6473=EDGE_LOOP('',(#6466,#6468,#6470,#6472));
#6474=FACE_BOUND('',#6473,.F.);
#6476=ORIENTED_EDGE('',*,*,#6475,.T.);
#6478=ORIENTED_EDGE('',*,*,#6477,.T.);
#6480=ORIENTED_EDGE('',*,*,#6479,.F.);
#6482=ORIENTED_EDGE('',*,*,#6481,.F.);
#6483=EDGE_LOOP('',(#6476,#6478,#6480,#6482));
#6484=FACE_BOUND('',#6483,.F.);
#6486=ORIENTED_EDGE('',*,*,#6485,.T.);
#6488=ORIENTED_EDGE('',*,*,#6487,.T.);
#6490=ORIENTED_EDGE('',*,*,#6489,.F.);
#6492=ORIENTED_EDGE('',*,*,#6491,.F.);
#6493=EDGE_LOOP('',(#6486,#6488,#6490,#6492));
#6494=FACE_BOUND('',#6493,.F.);
#6495=ADVANCED_FACE('',(#6294,#6304,#6314,#6324,#6334,#6344,#6354,#6364,#6374,
#6384,#6394,#6404,#6414,#6424,#6434,#6444,#6454,#6464,#6474,#6484,#6494),#6253,
.T.);
#6496=CARTESIAN_POINT('',(1.161E1,2.39E0,-4.23E0));
#6497=DIRECTION('',(0.E0,-1.E0,0.E0));
#6498=DIRECTION('',(-1.E0,0.E0,0.E0));
#6499=AXIS2_PLACEMENT_3D('',#6496,#6497,#6498);
#6500=PLANE('',#6499);
#6501=ORIENTED_EDGE('',*,*,#6254,.F.);
#6503=ORIENTED_EDGE('',*,*,#6502,.T.);
#6505=ORIENTED_EDGE('',*,*,#6504,.T.);
#6507=ORIENTED_EDGE('',*,*,#6506,.F.);
#6508=EDGE_LOOP('',(#6501,#6503,#6505,#6507));
#6509=FACE_OUTER_BOUND('',#6508,.F.);
#6510=ADVANCED_FACE('',(#6509),#6500,.T.);
#6511=CARTESIAN_POINT('',(1.161E1,2.99E0,-4.23E0));
#6512=DIRECTION('',(1.E0,0.E0,0.E0));
#6513=DIRECTION('',(0.E0,-1.E0,0.E0));
#6514=AXIS2_PLACEMENT_3D('',#6511,#6512,#6513);
#6515=PLANE('',#6514);
#6517=ORIENTED_EDGE('',*,*,#6516,.T.);
#6519=ORIENTED_EDGE('',*,*,#6518,.T.);
#6520=ORIENTED_EDGE('',*,*,#6502,.F.);
#6521=ORIENTED_EDGE('',*,*,#6291,.F.);
#6522=EDGE_LOOP('',(#6517,#6519,#6520,#6521));
#6523=FACE_OUTER_BOUND('',#6522,.F.);
#6524=ADVANCED_FACE('',(#6523),#6515,.T.);
#6525=CARTESIAN_POINT('',(0.E0,2.99E0,0.E0));
#6526=DIRECTION('',(0.E0,1.E0,0.E0));
#6527=DIRECTION('',(1.E0,0.E0,0.E0));
#6528=AXIS2_PLACEMENT_3D('',#6525,#6526,#6527);
#6529=PLANE('',#6528);
#6530=ORIENTED_EDGE('',*,*,#6266,.F.);
#6532=ORIENTED_EDGE('',*,*,#6531,.T.);
#6534=ORIENTED_EDGE('',*,*,#6533,.T.);
#6536=ORIENTED_EDGE('',*,*,#6535,.F.);
#6537=ORIENTED_EDGE('',*,*,#6258,.F.);
#6539=ORIENTED_EDGE('',*,*,#6538,.T.);
#6541=ORIENTED_EDGE('',*,*,#6540,.T.);
#6542=ORIENTED_EDGE('',*,*,#6516,.F.);
#6543=ORIENTED_EDGE('',*,*,#6289,.F.);
#6545=ORIENTED_EDGE('',*,*,#6544,.F.);
#6547=ORIENTED_EDGE('',*,*,#6546,.F.);
#6549=ORIENTED_EDGE('',*,*,#6548,.F.);
#6551=ORIENTED_EDGE('',*,*,#6550,.F.);
#6553=ORIENTED_EDGE('',*,*,#6552,.T.);
#6555=ORIENTED_EDGE('',*,*,#6554,.F.);
#6557=ORIENTED_EDGE('',*,*,#6556,.F.);
#6559=ORIENTED_EDGE('',*,*,#6558,.F.);
#6561=ORIENTED_EDGE('',*,*,#6560,.F.);
#6563=ORIENTED_EDGE('',*,*,#6562,.F.);
#6565=ORIENTED_EDGE('',*,*,#6564,.F.);
#6567=ORIENTED_EDGE('',*,*,#6566,.F.);
#6569=ORIENTED_EDGE('',*,*,#6568,.F.);
#6570=EDGE_LOOP('',(#6530,#6532,#6534,#6536,#6537,#6539,#6541,#6542,#6543,#6545,
#6547,#6549,#6551,#6553,#6555,#6557,#6559,#6561,#6563,#6565,#6567,#6569));
#6571=FACE_OUTER_BOUND('',#6570,.F.);
#6572=ADVANCED_FACE('',(#6571),#6529,.T.);
#6573=CARTESIAN_POINT('',(-1.161E1,2.39E0,-4.23E0));
#6574=DIRECTION('',(-1.E0,0.E0,0.E0));
#6575=DIRECTION('',(0.E0,1.E0,0.E0));
#6576=AXIS2_PLACEMENT_3D('',#6573,#6574,#6575);
#6577=PLANE('',#6576);
#6578=ORIENTED_EDGE('',*,*,#6531,.F.);
#6579=ORIENTED_EDGE('',*,*,#6264,.T.);
#6581=ORIENTED_EDGE('',*,*,#6580,.T.);
#6583=ORIENTED_EDGE('',*,*,#6582,.T.);
#6584=EDGE_LOOP('',(#6578,#6579,#6581,#6583));
#6585=FACE_OUTER_BOUND('',#6584,.F.);
#6586=ADVANCED_FACE('',(#6585),#6577,.T.);
#6587=CARTESIAN_POINT('',(-1.081E1,2.39E0,-4.23E0));
#6588=DIRECTION('',(0.E0,-1.E0,0.E0));
#6589=DIRECTION('',(-1.E0,0.E0,0.E0));
#6590=AXIS2_PLACEMENT_3D('',#6587,#6588,#6589);
#6591=PLANE('',#6590);
#6592=ORIENTED_EDGE('',*,*,#6262,.T.);
#6594=ORIENTED_EDGE('',*,*,#6593,.T.);
#6596=ORIENTED_EDGE('',*,*,#6595,.T.);
#6597=ORIENTED_EDGE('',*,*,#6580,.F.);
#6598=EDGE_LOOP('',(#6592,#6594,#6596,#6597));
#6599=FACE_OUTER_BOUND('',#6598,.F.);
#6600=ADVANCED_FACE('',(#6599),#6591,.T.);
#6601=CARTESIAN_POINT('',(-1.081E1,2.99E0,-4.23E0));
#6602=DIRECTION('',(1.E0,0.E0,0.E0));
#6603=DIRECTION('',(0.E0,-1.E0,0.E0));
#6604=AXIS2_PLACEMENT_3D('',#6601,#6602,#6603);
#6605=PLANE('',#6604);
#6606=ORIENTED_EDGE('',*,*,#6260,.F.);
#6607=ORIENTED_EDGE('',*,*,#6535,.T.);
#6609=ORIENTED_EDGE('',*,*,#6608,.T.);
#6610=ORIENTED_EDGE('',*,*,#6593,.F.);
#6611=EDGE_LOOP('',(#6606,#6607,#6609,#6610));
#6612=FACE_OUTER_BOUND('',#6611,.F.);
#6613=ADVANCED_FACE('',(#6612),#6605,.T.);
#6614=CARTESIAN_POINT('',(0.E0,-2.99E0,-4.83E0));
#6615=DIRECTION('',(0.E0,0.E0,-1.E0));
#6616=DIRECTION('',(-1.E0,0.E0,0.E0));
#6617=AXIS2_PLACEMENT_3D('',#6614,#6615,#6616);
#6618=PLANE('',#6617);
#6619=ORIENTED_EDGE('',*,*,#6518,.F.);
#6620=ORIENTED_EDGE('',*,*,#6540,.F.);
#6622=ORIENTED_EDGE('',*,*,#6621,.F.);
#6623=ORIENTED_EDGE('',*,*,#6504,.F.);
#6624=EDGE_LOOP('',(#6619,#6620,#6622,#6623));
#6625=FACE_OUTER_BOUND('',#6624,.F.);
#6626=ADVANCED_FACE('',(#6625),#6618,.T.);
#6627=CARTESIAN_POINT('',(0.E0,-2.99E0,-4.83E0));
#6628=DIRECTION('',(0.E0,0.E0,-1.E0));
#6629=DIRECTION('',(-1.E0,0.E0,0.E0));
#6630=AXIS2_PLACEMENT_3D('',#6627,#6628,#6629);
#6631=PLANE('',#6630);
#6632=ORIENTED_EDGE('',*,*,#6533,.F.);
#6633=ORIENTED_EDGE('',*,*,#6582,.F.);
#6634=ORIENTED_EDGE('',*,*,#6595,.F.);
#6635=ORIENTED_EDGE('',*,*,#6608,.F.);
#6636=EDGE_LOOP('',(#6632,#6633,#6634,#6635));
#6637=FACE_OUTER_BOUND('',#6636,.F.);
#6638=ADVANCED_FACE('',(#6637),#6631,.T.);
#6639=CARTESIAN_POINT('',(0.E0,-2.99E0,-4.83E0));
#6640=DIRECTION('',(0.E0,0.E0,-1.E0));
#6641=DIRECTION('',(-1.E0,0.E0,0.E0));
#6642=AXIS2_PLACEMENT_3D('',#6639,#6640,#6641);
#6643=PLANE('',#6642);
#6645=ORIENTED_EDGE('',*,*,#6644,.F.);
#6647=ORIENTED_EDGE('',*,*,#6646,.F.);
#6649=ORIENTED_EDGE('',*,*,#6648,.F.);
#6650=ORIENTED_EDGE('',*,*,#6242,.F.);
#6651=EDGE_LOOP('',(#6645,#6647,#6649,#6650));
#6652=FACE_OUTER_BOUND('',#6651,.F.);
#6653=ADVANCED_FACE('',(#6652),#6643,.T.);
#6654=CARTESIAN_POINT('',(0.E0,-2.99E0,-4.83E0));
#6655=DIRECTION('',(0.E0,0.E0,-1.E0));
#6656=DIRECTION('',(-1.E0,0.E0,0.E0));
#6657=AXIS2_PLACEMENT_3D('',#6654,#6655,#6656);
#6658=PLANE('',#6657);
#6660=ORIENTED_EDGE('',*,*,#6659,.F.);
#6662=ORIENTED_EDGE('',*,*,#6661,.F.);
#6663=ORIENTED_EDGE('',*,*,#6234,.F.);
#6665=ORIENTED_EDGE('',*,*,#6664,.F.);
#6666=EDGE_LOOP('',(#6660,#6662,#6663,#6665));
#6667=FACE_OUTER_BOUND('',#6666,.F.);
#6668=ADVANCED_FACE('',(#6667),#6658,.T.);
#6669=CARTESIAN_POINT('',(1.081E1,2.39E0,-4.23E0));
#6670=DIRECTION('',(-1.E0,0.E0,0.E0));
#6671=DIRECTION('',(0.E0,1.E0,0.E0));
#6672=AXIS2_PLACEMENT_3D('',#6669,#6670,#6671);
#6673=PLANE('',#6672);
#6674=ORIENTED_EDGE('',*,*,#6256,.T.);
#6675=ORIENTED_EDGE('',*,*,#6506,.T.);
#6676=ORIENTED_EDGE('',*,*,#6621,.T.);
#6677=ORIENTED_EDGE('',*,*,#6538,.F.);
#6678=EDGE_LOOP('',(#6674,#6675,#6676,#6677));
#6679=FACE_OUTER_BOUND('',#6678,.F.);
#6680=ADVANCED_FACE('',(#6679),#6673,.T.);
#6681=CARTESIAN_POINT('',(1.047E1,-2.99E0,4.23E0));
#6682=DIRECTION('',(1.E0,0.E0,0.E0));
#6683=DIRECTION('',(0.E0,0.E0,-1.E0));
#6684=AXIS2_PLACEMENT_3D('',#6681,#6682,#6683);
#6685=PLANE('',#6684);
#6687=ORIENTED_EDGE('',*,*,#6686,.T.);
#6689=ORIENTED_EDGE('',*,*,#6688,.T.);
#6691=ORIENTED_EDGE('',*,*,#6690,.T.);
#6693=ORIENTED_EDGE('',*,*,#6692,.F.);
#6695=ORIENTED_EDGE('',*,*,#6694,.T.);
#6697=ORIENTED_EDGE('',*,*,#6696,.T.);
#6698=ORIENTED_EDGE('',*,*,#6283,.F.);
#6700=ORIENTED_EDGE('',*,*,#6699,.T.);
#6701=ORIENTED_EDGE('',*,*,#6644,.T.);
#6702=ORIENTED_EDGE('',*,*,#6240,.F.);
#6704=ORIENTED_EDGE('',*,*,#6703,.T.);
#6705=ORIENTED_EDGE('',*,*,#6548,.T.);
#6706=EDGE_LOOP('',(#6687,#6689,#6691,#6693,#6695,#6697,#6698,#6700,#6701,#6702,
#6704,#6705));
#6707=FACE_OUTER_BOUND('',#6706,.F.);
#6708=ADVANCED_FACE('',(#6707),#6685,.T.);
#6709=CARTESIAN_POINT('',(1.047E1,2.99E0,1.9E-1));
#6710=DIRECTION('',(6.616216370868E-1,0.E0,7.498378553651E-1));
#6711=DIRECTION('',(7.498378553651E-1,0.E0,-6.616216370868E-1));
#6712=AXIS2_PLACEMENT_3D('',#6709,#6710,#6711);
#6713=PLANE('',#6712);
#6715=ORIENTED_EDGE('',*,*,#6714,.F.);
#6716=ORIENTED_EDGE('',*,*,#6686,.F.);
#6717=ORIENTED_EDGE('',*,*,#6546,.T.);
#6719=ORIENTED_EDGE('',*,*,#6718,.T.);
#6720=EDGE_LOOP('',(#6715,#6716,#6717,#6719));
#6721=FACE_OUTER_BOUND('',#6720,.F.);
#6722=ADVANCED_FACE('',(#6721),#6713,.T.);
#6723=CARTESIAN_POINT('',(1.047E1,2.99E0,1.9E-1));
#6724=DIRECTION('',(6.616216370868E-1,0.E0,7.498378553651E-1));
#6725=DIRECTION('',(7.498378553651E-1,0.E0,-6.616216370868E-1));
#6726=AXIS2_PLACEMENT_3D('',#6723,#6724,#6725);
#6727=PLANE('',#6726);
#6729=ORIENTED_EDGE('',*,*,#6728,.T.);
#6731=ORIENTED_EDGE('',*,*,#6730,.T.);
#6733=ORIENTED_EDGE('',*,*,#6732,.F.);
#6734=ORIENTED_EDGE('',*,*,#6694,.F.);
#6735=EDGE_LOOP('',(#6729,#6731,#6733,#6734));
#6736=FACE_OUTER_BOUND('',#6735,.F.);
#6737=ADVANCED_FACE('',(#6736),#6727,.T.);
#6738=CARTESIAN_POINT('',(1.183E1,2.39E0,4.23E0));
#6739=DIRECTION('',(0.E0,1.E0,0.E0));
#6740=DIRECTION('',(-1.E0,0.E0,0.E0));
#6741=AXIS2_PLACEMENT_3D('',#6738,#6739,#6740);
#6742=PLANE('',#6741);
#6743=ORIENTED_EDGE('',*,*,#6714,.T.);
#6745=ORIENTED_EDGE('',*,*,#6744,.T.);
#6746=ORIENTED_EDGE('',*,*,#6688,.F.);
#6747=EDGE_LOOP('',(#6743,#6745,#6746));
#6748=FACE_OUTER_BOUND('',#6747,.F.);
#6749=ADVANCED_FACE('',(#6748),#6742,.F.);
#6750=CARTESIAN_POINT('',(0.E0,-2.99E0,-1.01E0));
#6751=DIRECTION('',(0.E0,0.E0,1.E0));
#6752=DIRECTION('',(1.E0,0.E0,0.E0));
#6753=AXIS2_PLACEMENT_3D('',#6750,#6751,#6752);
#6754=PLANE('',#6753);
#6756=ORIENTED_EDGE('',*,*,#6755,.T.);
#6758=ORIENTED_EDGE('',*,*,#6757,.F.);
#6760=ORIENTED_EDGE('',*,*,#6759,.F.);
#6762=ORIENTED_EDGE('',*,*,#6761,.F.);
#6763=EDGE_LOOP('',(#6756,#6758,#6760,#6762));
#6764=FACE_OUTER_BOUND('',#6763,.F.);
#6765=ADVANCED_FACE('',(#6764),#6754,.T.);
#6766=CARTESIAN_POINT('',(0.E0,-2.99E0,-1.01E0));
#6767=DIRECTION('',(0.E0,0.E0,1.E0));
#6768=DIRECTION('',(1.E0,0.E0,0.E0));
#6769=AXIS2_PLACEMENT_3D('',#6766,#6767,#6768);
#6770=PLANE('',#6769);
#6772=ORIENTED_EDGE('',*,*,#6771,.F.);
#6774=ORIENTED_EDGE('',*,*,#6773,.F.);
#6775=ORIENTED_EDGE('',*,*,#6690,.F.);
#6776=ORIENTED_EDGE('',*,*,#6744,.F.);
#6777=EDGE_LOOP('',(#6772,#6774,#6775,#6776));
#6778=FACE_OUTER_BOUND('',#6777,.F.);
#6779=ADVANCED_FACE('',(#6778),#6770,.T.);
#6780=CARTESIAN_POINT('',(-1.183E1,2.99E0,-4.23E0));
#6781=DIRECTION('',(-1.E0,0.E0,0.E0));
#6782=DIRECTION('',(0.E0,0.E0,1.E0));
#6783=AXIS2_PLACEMENT_3D('',#6780,#6781,#6782);
#6784=PLANE('',#6783);
#6785=ORIENTED_EDGE('',*,*,#6755,.F.);
#6787=ORIENTED_EDGE('',*,*,#6786,.T.);
#6789=ORIENTED_EDGE('',*,*,#6788,.F.);
#6790=ORIENTED_EDGE('',*,*,#6268,.F.);
#6791=ORIENTED_EDGE('',*,*,#6568,.T.);
#6793=ORIENTED_EDGE('',*,*,#6792,.T.);
#6794=EDGE_LOOP('',(#6785,#6787,#6789,#6790,#6791,#6793));
#6795=FACE_OUTER_BOUND('',#6794,.F.);
#6796=ADVANCED_FACE('',(#6795),#6784,.T.);
#6797=CARTESIAN_POINT('',(-1.183E1,2.99E0,-1.01E0));
#6798=DIRECTION('',(-6.616216370868E-1,0.E0,7.498378553651E-1));
#6799=DIRECTION('',(7.498378553651E-1,0.E0,6.616216370868E-1));
#6800=AXIS2_PLACEMENT_3D('',#6797,#6798,#6799);
#6801=PLANE('',#6800);
#6803=ORIENTED_EDGE('',*,*,#6802,.T.);
#6805=ORIENTED_EDGE('',*,*,#6804,.T.);
#6807=ORIENTED_EDGE('',*,*,#6806,.F.);
#6808=ORIENTED_EDGE('',*,*,#6786,.F.);
#6809=EDGE_LOOP('',(#6803,#6805,#6807,#6808));
#6810=FACE_OUTER_BOUND('',#6809,.F.);
#6811=ADVANCED_FACE('',(#6810),#6801,.T.);
#6812=CARTESIAN_POINT('',(-1.183E1,2.99E0,-1.01E0));
#6813=DIRECTION('',(-6.616216370868E-1,0.E0,7.498378553651E-1));
#6814=DIRECTION('',(7.498378553651E-1,0.E0,6.616216370868E-1));
#6815=AXIS2_PLACEMENT_3D('',#6812,#6813,#6814);
#6816=PLANE('',#6815);
#6818=ORIENTED_EDGE('',*,*,#6817,.F.);
#6819=ORIENTED_EDGE('',*,*,#6792,.F.);
#6820=ORIENTED_EDGE('',*,*,#6566,.T.);
#6822=ORIENTED_EDGE('',*,*,#6821,.T.);
#6823=EDGE_LOOP('',(#6818,#6819,#6820,#6822));
#6824=FACE_OUTER_BOUND('',#6823,.F.);
#6825=ADVANCED_FACE('',(#6824),#6816,.T.);
#6826=CARTESIAN_POINT('',(-1.183E1,-1.11E0,4.23E0));
#6827=DIRECTION('',(0.E0,-1.E0,0.E0));
#6828=DIRECTION('',(1.E0,0.E0,0.E0));
#6829=AXIS2_PLACEMENT_3D('',#6826,#6827,#6828);
#6830=PLANE('',#6829);
#6831=ORIENTED_EDGE('',*,*,#6802,.F.);
#6832=ORIENTED_EDGE('',*,*,#6761,.T.);
#6834=ORIENTED_EDGE('',*,*,#6833,.F.);
#6835=EDGE_LOOP('',(#6831,#6832,#6834));
#6836=FACE_OUTER_BOUND('',#6835,.F.);
#6837=ADVANCED_FACE('',(#6836),#6830,.F.);
#6838=CARTESIAN_POINT('',(-1.047E1,-2.99E0,-4.23E0));
#6839=DIRECTION('',(-1.E0,0.E0,0.E0));
#6840=DIRECTION('',(0.E0,0.E0,1.E0));
#6841=AXIS2_PLACEMENT_3D('',#6838,#6839,#6840);
#6842=PLANE('',#6841);
#6843=ORIENTED_EDGE('',*,*,#6804,.F.);
#6844=ORIENTED_EDGE('',*,*,#6833,.T.);
#6845=ORIENTED_EDGE('',*,*,#6759,.T.);
#6847=ORIENTED_EDGE('',*,*,#6846,.F.);
#6848=ORIENTED_EDGE('',*,*,#6821,.F.);
#6849=ORIENTED_EDGE('',*,*,#6564,.T.);
#6851=ORIENTED_EDGE('',*,*,#6850,.F.);
#6852=ORIENTED_EDGE('',*,*,#6236,.T.);
#6853=ORIENTED_EDGE('',*,*,#6661,.T.);
#6855=ORIENTED_EDGE('',*,*,#6854,.F.);
#6856=ORIENTED_EDGE('',*,*,#6272,.T.);
#6858=ORIENTED_EDGE('',*,*,#6857,.F.);
#6859=EDGE_LOOP('',(#6843,#6844,#6845,#6847,#6848,#6849,#6851,#6852,#6853,#6855,
#6856,#6858));
#6860=FACE_OUTER_BOUND('',#6859,.F.);
#6861=ADVANCED_FACE('',(#6860),#6842,.T.);
#6862=CARTESIAN_POINT('',(-1.047E1,2.39E0,4.23E0));
#6863=DIRECTION('',(0.E0,1.E0,0.E0));
#6864=DIRECTION('',(-1.E0,0.E0,0.E0));
#6865=AXIS2_PLACEMENT_3D('',#6862,#6863,#6864);
#6866=PLANE('',#6865);
#6867=ORIENTED_EDGE('',*,*,#6817,.T.);
#6868=ORIENTED_EDGE('',*,*,#6846,.T.);
#6869=ORIENTED_EDGE('',*,*,#6757,.T.);
#6870=EDGE_LOOP('',(#6867,#6868,#6869));
#6871=FACE_OUTER_BOUND('',#6870,.F.);
#6872=ADVANCED_FACE('',(#6871),#6866,.F.);
#6873=CARTESIAN_POINT('',(-1.047E1,-2.99E0,4.23E0));
#6874=DIRECTION('',(0.E0,0.E0,1.E0));
#6875=DIRECTION('',(1.E0,0.E0,0.E0));
#6876=AXIS2_PLACEMENT_3D('',#6873,#6874,#6875);
#6877=PLANE('',#6876);
#6879=ORIENTED_EDGE('',*,*,#6878,.T.);
#6881=ORIENTED_EDGE('',*,*,#6880,.T.);
#6883=ORIENTED_EDGE('',*,*,#6882,.T.);
#6885=ORIENTED_EDGE('',*,*,#6884,.T.);
#6887=ORIENTED_EDGE('',*,*,#6886,.T.);
#6889=ORIENTED_EDGE('',*,*,#6888,.T.);
#6891=ORIENTED_EDGE('',*,*,#6890,.T.);
#6893=ORIENTED_EDGE('',*,*,#6892,.T.);
#6895=ORIENTED_EDGE('',*,*,#6894,.T.);
#6897=ORIENTED_EDGE('',*,*,#6896,.T.);
#6899=ORIENTED_EDGE('',*,*,#6898,.T.);
#6901=ORIENTED_EDGE('',*,*,#6900,.T.);
#6903=ORIENTED_EDGE('',*,*,#6902,.T.);
#6905=ORIENTED_EDGE('',*,*,#6904,.T.);
#6907=ORIENTED_EDGE('',*,*,#6906,.F.);
#6909=ORIENTED_EDGE('',*,*,#6908,.T.);
#6911=ORIENTED_EDGE('',*,*,#6910,.T.);
#6912=ORIENTED_EDGE('',*,*,#6550,.T.);
#6913=ORIENTED_EDGE('',*,*,#6703,.F.);
#6914=ORIENTED_EDGE('',*,*,#6238,.F.);
#6915=ORIENTED_EDGE('',*,*,#6850,.T.);
#6916=ORIENTED_EDGE('',*,*,#6562,.T.);
#6918=ORIENTED_EDGE('',*,*,#6917,.F.);
#6920=ORIENTED_EDGE('',*,*,#6919,.T.);
#6921=EDGE_LOOP('',(#6879,#6881,#6883,#6885,#6887,#6889,#6891,#6893,#6895,#6897,
#6899,#6901,#6903,#6905,#6907,#6909,#6911,#6912,#6913,#6914,#6915,#6916,#6918,
#6920));
#6922=FACE_OUTER_BOUND('',#6921,.F.);
#6924=ORIENTED_EDGE('',*,*,#6923,.T.);
#6926=ORIENTED_EDGE('',*,*,#6925,.T.);
#6928=ORIENTED_EDGE('',*,*,#6927,.T.);
#6930=ORIENTED_EDGE('',*,*,#6929,.T.);
#6931=EDGE_LOOP('',(#6924,#6926,#6928,#6930));
#6932=FACE_BOUND('',#6931,.F.);
#6934=ORIENTED_EDGE('',*,*,#6933,.T.);
#6936=ORIENTED_EDGE('',*,*,#6935,.T.);
#6938=ORIENTED_EDGE('',*,*,#6937,.T.);
#6940=ORIENTED_EDGE('',*,*,#6939,.T.);
#6941=EDGE_LOOP('',(#6934,#6936,#6938,#6940));
#6942=FACE_BOUND('',#6941,.F.);
#6944=ORIENTED_EDGE('',*,*,#6943,.T.);
#6946=ORIENTED_EDGE('',*,*,#6945,.T.);
#6948=ORIENTED_EDGE('',*,*,#6947,.T.);
#6950=ORIENTED_EDGE('',*,*,#6949,.T.);
#6951=EDGE_LOOP('',(#6944,#6946,#6948,#6950));
#6952=FACE_BOUND('',#6951,.F.);
#6954=ORIENTED_EDGE('',*,*,#6953,.T.);
#6956=ORIENTED_EDGE('',*,*,#6955,.T.);
#6958=ORIENTED_EDGE('',*,*,#6957,.T.);
#6960=ORIENTED_EDGE('',*,*,#6959,.T.);
#6961=EDGE_LOOP('',(#6954,#6956,#6958,#6960));
#6962=FACE_BOUND('',#6961,.F.);
#6964=ORIENTED_EDGE('',*,*,#6963,.T.);
#6966=ORIENTED_EDGE('',*,*,#6965,.T.);
#6968=ORIENTED_EDGE('',*,*,#6967,.T.);
#6970=ORIENTED_EDGE('',*,*,#6969,.T.);
#6971=EDGE_LOOP('',(#6964,#6966,#6968,#6970));
#6972=FACE_BOUND('',#6971,.F.);
#6974=ORIENTED_EDGE('',*,*,#6973,.T.);
#6976=ORIENTED_EDGE('',*,*,#6975,.T.);
#6978=ORIENTED_EDGE('',*,*,#6977,.T.);
#6980=ORIENTED_EDGE('',*,*,#6979,.T.);
#6981=EDGE_LOOP('',(#6974,#6976,#6978,#6980));
#6982=FACE_BOUND('',#6981,.F.);
#6984=ORIENTED_EDGE('',*,*,#6983,.T.);
#6986=ORIENTED_EDGE('',*,*,#6985,.T.);
#6988=ORIENTED_EDGE('',*,*,#6987,.T.);
#6990=ORIENTED_EDGE('',*,*,#6989,.T.);
#6991=EDGE_LOOP('',(#6984,#6986,#6988,#6990));
#6992=FACE_BOUND('',#6991,.F.);
#6994=ORIENTED_EDGE('',*,*,#6993,.T.);
#6996=ORIENTED_EDGE('',*,*,#6995,.T.);
#6998=ORIENTED_EDGE('',*,*,#6997,.T.);
#7000=ORIENTED_EDGE('',*,*,#6999,.T.);
#7001=EDGE_LOOP('',(#6994,#6996,#6998,#7000));
#7002=FACE_BOUND('',#7001,.F.);
#7004=ORIENTED_EDGE('',*,*,#7003,.T.);
#7006=ORIENTED_EDGE('',*,*,#7005,.T.);
#7008=ORIENTED_EDGE('',*,*,#7007,.T.);
#7010=ORIENTED_EDGE('',*,*,#7009,.T.);
#7011=EDGE_LOOP('',(#7004,#7006,#7008,#7010));
#7012=FACE_BOUND('',#7011,.F.);
#7014=ORIENTED_EDGE('',*,*,#7013,.T.);
#7016=ORIENTED_EDGE('',*,*,#7015,.T.);
#7018=ORIENTED_EDGE('',*,*,#7017,.T.);
#7020=ORIENTED_EDGE('',*,*,#7019,.T.);
#7021=EDGE_LOOP('',(#7014,#7016,#7018,#7020));
#7022=FACE_BOUND('',#7021,.F.);
#7024=ORIENTED_EDGE('',*,*,#7023,.T.);
#7026=ORIENTED_EDGE('',*,*,#7025,.T.);
#7028=ORIENTED_EDGE('',*,*,#7027,.T.);
#7030=ORIENTED_EDGE('',*,*,#7029,.T.);
#7031=EDGE_LOOP('',(#7024,#7026,#7028,#7030));
#7032=FACE_BOUND('',#7031,.F.);
#7034=ORIENTED_EDGE('',*,*,#7033,.T.);
#7036=ORIENTED_EDGE('',*,*,#7035,.F.);
#7038=ORIENTED_EDGE('',*,*,#7037,.T.);
#7040=ORIENTED_EDGE('',*,*,#7039,.T.);
#7042=ORIENTED_EDGE('',*,*,#7041,.T.);
#7044=ORIENTED_EDGE('',*,*,#7043,.F.);
#7046=ORIENTED_EDGE('',*,*,#7045,.T.);
#7048=ORIENTED_EDGE('',*,*,#7047,.T.);
#7049=EDGE_LOOP('',(#7034,#7036,#7038,#7040,#7042,#7044,#7046,#7048));
#7050=FACE_BOUND('',#7049,.F.);
#7052=ORIENTED_EDGE('',*,*,#7051,.T.);
#7054=ORIENTED_EDGE('',*,*,#7053,.T.);
#7056=ORIENTED_EDGE('',*,*,#7055,.T.);
#7058=ORIENTED_EDGE('',*,*,#7057,.T.);
#7059=EDGE_LOOP('',(#7052,#7054,#7056,#7058));
#7060=FACE_BOUND('',#7059,.F.);
#7061=ADVANCED_FACE('',(#6922,#6932,#6942,#6952,#6962,#6972,#6982,#6992,#7002,
#7012,#7022,#7032,#7050,#7060),#6877,.T.);
#7062=CARTESIAN_POINT('',(5.14E0,2.345E0,4.23E0));
#7063=DIRECTION('',(-1.E0,0.E0,0.E0));
#7064=DIRECTION('',(0.E0,-1.E0,0.E0));
#7065=AXIS2_PLACEMENT_3D('',#7062,#7063,#7064);
#7066=PLANE('',#7065);
#7067=ORIENTED_EDGE('',*,*,#7051,.F.);
#7069=ORIENTED_EDGE('',*,*,#7068,.T.);
#7071=ORIENTED_EDGE('',*,*,#7070,.T.);
#7073=ORIENTED_EDGE('',*,*,#7072,.F.);
#7074=EDGE_LOOP('',(#7067,#7069,#7071,#7073));
#7075=FACE_OUTER_BOUND('',#7074,.F.);
#7076=ADVANCED_FACE('',(#7075),#7066,.F.);
#7077=CARTESIAN_POINT('',(7.36E0,2.345E0,4.23E0));
#7078=DIRECTION('',(0.E0,1.E0,0.E0));
#7079=DIRECTION('',(-1.E0,0.E0,0.E0));
#7080=AXIS2_PLACEMENT_3D('',#7077,#7078,#7079);
#7081=PLANE('',#7080);
#7082=ORIENTED_EDGE('',*,*,#7057,.F.);
#7084=ORIENTED_EDGE('',*,*,#7083,.T.);
#7086=ORIENTED_EDGE('',*,*,#7085,.T.);
#7087=ORIENTED_EDGE('',*,*,#7068,.F.);
#7088=EDGE_LOOP('',(#7082,#7084,#7086,#7087));
#7089=FACE_OUTER_BOUND('',#7088,.F.);
#7090=ADVANCED_FACE('',(#7089),#7081,.F.);
#7091=CARTESIAN_POINT('',(7.36E0,1.55E-1,4.23E0));
#7092=DIRECTION('',(1.E0,0.E0,0.E0));
#7093=DIRECTION('',(0.E0,1.E0,0.E0));
#7094=AXIS2_PLACEMENT_3D('',#7091,#7092,#7093);
#7095=PLANE('',#7094);
#7096=ORIENTED_EDGE('',*,*,#7055,.F.);
#7098=ORIENTED_EDGE('',*,*,#7097,.T.);
#7100=ORIENTED_EDGE('',*,*,#7099,.T.);
#7101=ORIENTED_EDGE('',*,*,#7083,.F.);
#7102=EDGE_LOOP('',(#7096,#7098,#7100,#7101));
#7103=FACE_OUTER_BOUND('',#7102,.F.);
#7104=ADVANCED_FACE('',(#7103),#7095,.F.);
#7105=CARTESIAN_POINT('',(5.14E0,1.55E-1,4.23E0));
#7106=DIRECTION('',(0.E0,-1.E0,0.E0));
#7107=DIRECTION('',(1.E0,0.E0,0.E0));
#7108=AXIS2_PLACEMENT_3D('',#7105,#7106,#7107);
#7109=PLANE('',#7108);
#7110=ORIENTED_EDGE('',*,*,#7053,.F.);
#7111=ORIENTED_EDGE('',*,*,#7072,.T.);
#7113=ORIENTED_EDGE('',*,*,#7112,.T.);
#7114=ORIENTED_EDGE('',*,*,#7097,.F.);
#7115=EDGE_LOOP('',(#7110,#7111,#7113,#7114));
#7116=FACE_OUTER_BOUND('',#7115,.F.);
#7117=ADVANCED_FACE('',(#7116),#7109,.F.);
#7118=CARTESIAN_POINT('',(0.E0,-2.99E0,-1.77E0));
#7119=DIRECTION('',(0.E0,0.E0,1.E0));
#7120=DIRECTION('',(1.E0,0.E0,0.E0));
#7121=AXIS2_PLACEMENT_3D('',#7118,#7119,#7120);
#7122=PLANE('',#7121);
#7123=ORIENTED_EDGE('',*,*,#7070,.F.);
#7124=ORIENTED_EDGE('',*,*,#7085,.F.);
#7125=ORIENTED_EDGE('',*,*,#7099,.F.);
#7126=ORIENTED_EDGE('',*,*,#7112,.F.);
#7127=EDGE_LOOP('',(#7123,#7124,#7125,#7126));
#7128=FACE_OUTER_BOUND('',#7127,.F.);
#7130=ORIENTED_EDGE('',*,*,#7129,.T.);
#7132=ORIENTED_EDGE('',*,*,#7131,.T.);
#7134=ORIENTED_EDGE('',*,*,#7133,.F.);
#7136=ORIENTED_EDGE('',*,*,#7135,.F.);
#7137=EDGE_LOOP('',(#7130,#7132,#7134,#7136));
#7138=FACE_BOUND('',#7137,.F.);
#7139=ADVANCED_FACE('',(#7128,#7138),#7122,.T.);
#7140=CARTESIAN_POINT('',(0.E0,-2.99E0,-1.77E0));
#7141=DIRECTION('',(0.E0,0.E0,1.E0));
#7142=DIRECTION('',(1.E0,0.E0,0.E0));
#7143=AXIS2_PLACEMENT_3D('',#7140,#7141,#7142);
#7144=PLANE('',#7143);
#7146=ORIENTED_EDGE('',*,*,#7145,.F.);
#7148=ORIENTED_EDGE('',*,*,#7147,.F.);
#7150=ORIENTED_EDGE('',*,*,#7149,.F.);
#7152=ORIENTED_EDGE('',*,*,#7151,.F.);
#7153=EDGE_LOOP('',(#7146,#7148,#7150,#7152));
#7154=FACE_OUTER_BOUND('',#7153,.F.);
#7156=ORIENTED_EDGE('',*,*,#7155,.F.);
#7158=ORIENTED_EDGE('',*,*,#7157,.T.);
#7160=ORIENTED_EDGE('',*,*,#7159,.T.);
#7162=ORIENTED_EDGE('',*,*,#7161,.F.);
#7163=EDGE_LOOP('',(#7156,#7158,#7160,#7162));
#7164=FACE_BOUND('',#7163,.F.);
#7165=ADVANCED_FACE('',(#7154,#7164),#7144,.T.);
#7166=CARTESIAN_POINT('',(5.14E0,-2.345E0,4.23E0));
#7167=DIRECTION('',(0.E0,-1.E0,0.E0));
#7168=DIRECTION('',(1.E0,0.E0,0.E0));
#7169=AXIS2_PLACEMENT_3D('',#7166,#7167,#7168);
#7170=PLANE('',#7169);
#7171=ORIENTED_EDGE('',*,*,#6923,.F.);
#7173=ORIENTED_EDGE('',*,*,#7172,.T.);
#7174=ORIENTED_EDGE('',*,*,#7145,.T.);
#7176=ORIENTED_EDGE('',*,*,#7175,.F.);
#7177=EDGE_LOOP('',(#7171,#7173,#7174,#7176));
#7178=FACE_OUTER_BOUND('',#7177,.F.);
#7179=ADVANCED_FACE('',(#7178),#7170,.F.);
#7180=CARTESIAN_POINT('',(5.14E0,-1.55E-1,4.23E0));
#7181=DIRECTION('',(-1.E0,0.E0,0.E0));
#7182=DIRECTION('',(0.E0,-1.E0,0.E0));
#7183=AXIS2_PLACEMENT_3D('',#7180,#7181,#7182);
#7184=PLANE('',#7183);
#7185=ORIENTED_EDGE('',*,*,#6929,.F.);
#7187=ORIENTED_EDGE('',*,*,#7186,.T.);
#7188=ORIENTED_EDGE('',*,*,#7147,.T.);
#7189=ORIENTED_EDGE('',*,*,#7172,.F.);
#7190=EDGE_LOOP('',(#7185,#7187,#7188,#7189));
#7191=FACE_OUTER_BOUND('',#7190,.F.);
#7192=ADVANCED_FACE('',(#7191),#7184,.F.);
#7193=CARTESIAN_POINT('',(7.36E0,-1.55E-1,4.23E0));
#7194=DIRECTION('',(0.E0,1.E0,0.E0));
#7195=DIRECTION('',(-1.E0,0.E0,0.E0));
#7196=AXIS2_PLACEMENT_3D('',#7193,#7194,#7195);
#7197=PLANE('',#7196);
#7198=ORIENTED_EDGE('',*,*,#6927,.F.);
#7200=ORIENTED_EDGE('',*,*,#7199,.T.);
#7201=ORIENTED_EDGE('',*,*,#7149,.T.);
#7202=ORIENTED_EDGE('',*,*,#7186,.F.);
#7203=EDGE_LOOP('',(#7198,#7200,#7201,#7202));
#7204=FACE_OUTER_BOUND('',#7203,.F.);
#7205=ADVANCED_FACE('',(#7204),#7197,.F.);
#7206=CARTESIAN_POINT('',(7.36E0,-2.345E0,4.23E0));
#7207=DIRECTION('',(1.E0,0.E0,0.E0));
#7208=DIRECTION('',(0.E0,1.E0,0.E0));
#7209=AXIS2_PLACEMENT_3D('',#7206,#7207,#7208);
#7210=PLANE('',#7209);
#7211=ORIENTED_EDGE('',*,*,#6925,.F.);
#7212=ORIENTED_EDGE('',*,*,#7175,.T.);
#7213=ORIENTED_EDGE('',*,*,#7151,.T.);
#7214=ORIENTED_EDGE('',*,*,#7199,.F.);
#7215=EDGE_LOOP('',(#7211,#7212,#7213,#7214));
#7216=FACE_OUTER_BOUND('',#7215,.F.);
#7217=ADVANCED_FACE('',(#7216),#7210,.F.);
#7218=CARTESIAN_POINT('',(5.9325E0,-2.99E0,0.E0));
#7219=DIRECTION('',(1.E0,0.E0,0.E0));
#7220=DIRECTION('',(0.E0,0.E0,-1.E0));
#7221=AXIS2_PLACEMENT_3D('',#7218,#7219,#7220);
#7222=PLANE('',#7221);
#7224=ORIENTED_EDGE('',*,*,#7223,.F.);
#7226=ORIENTED_EDGE('',*,*,#7225,.T.);
#7227=ORIENTED_EDGE('',*,*,#7135,.T.);
#7229=ORIENTED_EDGE('',*,*,#7228,.T.);
#7230=EDGE_LOOP('',(#7224,#7226,#7227,#7229));
#7231=FACE_OUTER_BOUND('',#7230,.F.);
#7232=ADVANCED_FACE('',(#7231),#7222,.F.);
#7233=CARTESIAN_POINT('',(5.9325E0,-2.99E0,0.E0));
#7234=DIRECTION('',(1.E0,0.E0,0.E0));
#7235=DIRECTION('',(0.E0,0.E0,-1.E0));
#7236=AXIS2_PLACEMENT_3D('',#7233,#7234,#7235);
#7237=PLANE('',#7236);
#7239=ORIENTED_EDGE('',*,*,#7238,.F.);
#7241=ORIENTED_EDGE('',*,*,#7240,.T.);
#7242=ORIENTED_EDGE('',*,*,#6327,.F.);
#7244=ORIENTED_EDGE('',*,*,#7243,.T.);
#7245=EDGE_LOOP('',(#7239,#7241,#7242,#7244));
#7246=FACE_OUTER_BOUND('',#7245,.F.);
#7247=ADVANCED_FACE('',(#7246),#7237,.F.);
#7248=CARTESIAN_POINT('',(5.9325E0,-2.99E0,0.E0));
#7249=DIRECTION('',(1.E0,0.E0,0.E0));
#7250=DIRECTION('',(0.E0,0.E0,-1.E0));
#7251=AXIS2_PLACEMENT_3D('',#7248,#7249,#7250);
#7252=PLANE('',#7251);
#7254=ORIENTED_EDGE('',*,*,#7253,.F.);
#7256=ORIENTED_EDGE('',*,*,#7255,.T.);
#7257=ORIENTED_EDGE('',*,*,#6315,.F.);
#7259=ORIENTED_EDGE('',*,*,#7258,.T.);
#7260=EDGE_LOOP('',(#7254,#7256,#7257,#7259));
#7261=FACE_OUTER_BOUND('',#7260,.F.);
#7262=ADVANCED_FACE('',(#7261),#7252,.F.);
#7263=CARTESIAN_POINT('',(5.9325E0,-2.99E0,0.E0));
#7264=DIRECTION('',(1.E0,0.E0,0.E0));
#7265=DIRECTION('',(0.E0,0.E0,-1.E0));
#7266=AXIS2_PLACEMENT_3D('',#7263,#7264,#7265);
#7267=PLANE('',#7266);
#7269=ORIENTED_EDGE('',*,*,#7268,.F.);
#7271=ORIENTED_EDGE('',*,*,#7270,.T.);
#7272=ORIENTED_EDGE('',*,*,#7155,.T.);
#7274=ORIENTED_EDGE('',*,*,#7273,.T.);
#7275=EDGE_LOOP('',(#7269,#7271,#7272,#7274));
#7276=FACE_OUTER_BOUND('',#7275,.F.);
#7277=ADVANCED_FACE('',(#7276),#7267,.F.);
#7278=CARTESIAN_POINT('',(6.0075E0,1.25E0,2.33E0));
#7279=DIRECTION('',(-9.857817160344E-1,0.E0,1.680309743240E-1));
#7280=DIRECTION('',(1.680309743240E-1,0.E0,9.857817160344E-1));
#7281=AXIS2_PLACEMENT_3D('',#7278,#7279,#7280);
#7282=PLANE('',#7281);
#7284=ORIENTED_EDGE('',*,*,#7283,.F.);
#7286=ORIENTED_EDGE('',*,*,#7285,.T.);
#7287=ORIENTED_EDGE('',*,*,#7223,.T.);
#7289=ORIENTED_EDGE('',*,*,#7288,.T.);
#7290=EDGE_LOOP('',(#7284,#7286,#7287,#7289));
#7291=FACE_OUTER_BOUND('',#7290,.F.);
#7292=ADVANCED_FACE('',(#7291),#7282,.T.);
#7293=CARTESIAN_POINT('',(5.9325E0,1.5675E0,2.77E0));
#7294=DIRECTION('',(0.E0,0.E0,1.E0));
#7295=DIRECTION('',(0.E0,-1.E0,0.E0));
#7296=AXIS2_PLACEMENT_3D('',#7293,#7294,#7295);
#7297=PLANE('',#7296);
#7299=ORIENTED_EDGE('',*,*,#7298,.F.);
#7301=ORIENTED_EDGE('',*,*,#7300,.T.);
#7303=ORIENTED_EDGE('',*,*,#7302,.T.);
#7304=ORIENTED_EDGE('',*,*,#7283,.T.);
#7305=EDGE_LOOP('',(#7299,#7301,#7303,#7304));
#7306=FACE_OUTER_BOUND('',#7305,.F.);
#7307=ADVANCED_FACE('',(#7306),#7297,.T.);
#7308=CARTESIAN_POINT('',(6.25E0,1.4925E0,2.33E0));
#7309=DIRECTION('',(0.E0,9.857817160344E-1,1.680309743240E-1));
#7310=DIRECTION('',(0.E0,1.680309743240E-1,-9.857817160344E-1));
#7311=AXIS2_PLACEMENT_3D('',#7308,#7309,#7310);
#7312=PLANE('',#7311);
#7313=ORIENTED_EDGE('',*,*,#7298,.T.);
#7314=ORIENTED_EDGE('',*,*,#7288,.F.);
#7316=ORIENTED_EDGE('',*,*,#7315,.F.);
#7318=ORIENTED_EDGE('',*,*,#7317,.F.);
#7319=EDGE_LOOP('',(#7313,#7314,#7316,#7318));
#7320=FACE_OUTER_BOUND('',#7319,.F.);
#7321=ADVANCED_FACE('',(#7320),#7312,.T.);
#7322=CARTESIAN_POINT('',(5.9325E0,1.5675E0,-8.03E0));
#7323=DIRECTION('',(0.E0,1.E0,0.E0));
#7324=DIRECTION('',(0.E0,0.E0,1.E0));
#7325=AXIS2_PLACEMENT_3D('',#7322,#7323,#7324);
#7326=PLANE('',#7325);
#7327=ORIENTED_EDGE('',*,*,#7315,.T.);
#7328=ORIENTED_EDGE('',*,*,#7228,.F.);
#7329=ORIENTED_EDGE('',*,*,#7133,.T.);
#7331=ORIENTED_EDGE('',*,*,#7330,.T.);
#7332=EDGE_LOOP('',(#7327,#7328,#7329,#7331));
#7333=FACE_OUTER_BOUND('',#7332,.F.);
#7334=ADVANCED_FACE('',(#7333),#7326,.T.);
#7335=CARTESIAN_POINT('',(5.9325E0,1.5675E0,-8.03E0));
#7336=DIRECTION('',(0.E0,1.E0,0.E0));
#7337=DIRECTION('',(0.E0,0.E0,1.E0));
#7338=AXIS2_PLACEMENT_3D('',#7335,#7336,#7337);
#7339=PLANE('',#7338);
#7341=ORIENTED_EDGE('',*,*,#7340,.F.);
#7343=ORIENTED_EDGE('',*,*,#7342,.T.);
#7344=ORIENTED_EDGE('',*,*,#6329,.F.);
#7345=ORIENTED_EDGE('',*,*,#7240,.F.);
#7346=EDGE_LOOP('',(#7341,#7343,#7344,#7345));
#7347=FACE_OUTER_BOUND('',#7346,.F.);
#7348=ADVANCED_FACE('',(#7347),#7339,.T.);
#7349=CARTESIAN_POINT('',(6.5675E0,-2.99E0,0.E0));
#7350=DIRECTION('',(1.E0,0.E0,0.E0));
#7351=DIRECTION('',(0.E0,0.E0,-1.E0));
#7352=AXIS2_PLACEMENT_3D('',#7349,#7350,#7351);
#7353=PLANE('',#7352);
#7355=ORIENTED_EDGE('',*,*,#7354,.F.);
#7356=ORIENTED_EDGE('',*,*,#7330,.F.);
#7357=ORIENTED_EDGE('',*,*,#7131,.F.);
#7359=ORIENTED_EDGE('',*,*,#7358,.F.);
#7360=EDGE_LOOP('',(#7355,#7356,#7357,#7359));
#7361=FACE_OUTER_BOUND('',#7360,.F.);
#7362=ADVANCED_FACE('',(#7361),#7353,.T.);
#7363=CARTESIAN_POINT('',(6.5675E0,-2.99E0,0.E0));
#7364=DIRECTION('',(1.E0,0.E0,0.E0));
#7365=DIRECTION('',(0.E0,0.E0,-1.E0));
#7366=AXIS2_PLACEMENT_3D('',#7363,#7364,#7365);
#7367=PLANE('',#7366);
#7369=ORIENTED_EDGE('',*,*,#7368,.F.);
#7371=ORIENTED_EDGE('',*,*,#7370,.F.);
#7372=ORIENTED_EDGE('',*,*,#6331,.T.);
#7373=ORIENTED_EDGE('',*,*,#7342,.F.);
#7374=EDGE_LOOP('',(#7369,#7371,#7372,#7373));
#7375=FACE_OUTER_BOUND('',#7374,.F.);
#7376=ADVANCED_FACE('',(#7375),#7367,.T.);
#7377=CARTESIAN_POINT('',(6.5675E0,-2.99E0,0.E0));
#7378=DIRECTION('',(1.E0,0.E0,0.E0));
#7379=DIRECTION('',(0.E0,0.E0,-1.E0));
#7380=AXIS2_PLACEMENT_3D('',#7377,#7378,#7379);
#7381=PLANE('',#7380);
#7383=ORIENTED_EDGE('',*,*,#7382,.F.);
#7385=ORIENTED_EDGE('',*,*,#7384,.F.);
#7386=ORIENTED_EDGE('',*,*,#6319,.T.);
#7388=ORIENTED_EDGE('',*,*,#7387,.F.);
#7389=EDGE_LOOP('',(#7383,#7385,#7386,#7388));
#7390=FACE_OUTER_BOUND('',#7389,.F.);
#7391=ADVANCED_FACE('',(#7390),#7381,.T.);
#7392=CARTESIAN_POINT('',(6.5675E0,-2.99E0,0.E0));
#7393=DIRECTION('',(1.E0,0.E0,0.E0));
#7394=DIRECTION('',(0.E0,0.E0,-1.E0));
#7395=AXIS2_PLACEMENT_3D('',#7392,#7393,#7394);
#7396=PLANE('',#7395);
#7398=ORIENTED_EDGE('',*,*,#7397,.F.);
#7400=ORIENTED_EDGE('',*,*,#7399,.F.);
#7401=ORIENTED_EDGE('',*,*,#7159,.F.);
#7403=ORIENTED_EDGE('',*,*,#7402,.F.);
#7404=EDGE_LOOP('',(#7398,#7400,#7401,#7403));
#7405=FACE_OUTER_BOUND('',#7404,.F.);
#7406=ADVANCED_FACE('',(#7405),#7396,.T.);
#7407=CARTESIAN_POINT('',(6.4925E0,1.25E0,2.33E0));
#7408=DIRECTION('',(9.857817160344E-1,0.E0,1.680309743240E-1));
#7409=DIRECTION('',(-1.680309743240E-1,0.E0,9.857817160344E-1));
#7410=AXIS2_PLACEMENT_3D('',#7407,#7408,#7409);
#7411=PLANE('',#7410);
#7412=ORIENTED_EDGE('',*,*,#7300,.F.);
#7413=ORIENTED_EDGE('',*,*,#7317,.T.);
#7414=ORIENTED_EDGE('',*,*,#7354,.T.);
#7416=ORIENTED_EDGE('',*,*,#7415,.T.);
#7417=EDGE_LOOP('',(#7412,#7413,#7414,#7416));
#7418=FACE_OUTER_BOUND('',#7417,.F.);
#7419=ADVANCED_FACE('',(#7418),#7411,.T.);
#7420=CARTESIAN_POINT('',(6.25E0,1.0075E0,2.33E0));
#7421=DIRECTION('',(0.E0,-9.857817160344E-1,1.680309743240E-1));
#7422=DIRECTION('',(0.E0,1.680309743240E-1,9.857817160344E-1));
#7423=AXIS2_PLACEMENT_3D('',#7420,#7421,#7422);
#7424=PLANE('',#7423);
#7426=ORIENTED_EDGE('',*,*,#7425,.T.);
#7427=ORIENTED_EDGE('',*,*,#7285,.F.);
#7428=ORIENTED_EDGE('',*,*,#7302,.F.);
#7429=ORIENTED_EDGE('',*,*,#7415,.F.);
#7430=EDGE_LOOP('',(#7426,#7427,#7428,#7429));
#7431=FACE_OUTER_BOUND('',#7430,.F.);
#7432=ADVANCED_FACE('',(#7431),#7424,.T.);
#7433=CARTESIAN_POINT('',(5.9325E0,9.325E-1,2.77E0));
#7434=DIRECTION('',(0.E0,-1.E0,0.E0));
#7435=DIRECTION('',(0.E0,0.E0,-1.E0));
#7436=AXIS2_PLACEMENT_3D('',#7433,#7434,#7435);
#7437=PLANE('',#7436);
#7438=ORIENTED_EDGE('',*,*,#7425,.F.);
#7439=ORIENTED_EDGE('',*,*,#7358,.T.);
#7440=ORIENTED_EDGE('',*,*,#7129,.F.);
#7441=ORIENTED_EDGE('',*,*,#7225,.F.);
#7442=EDGE_LOOP('',(#7438,#7439,#7440,#7441));
#7443=FACE_OUTER_BOUND('',#7442,.F.);
#7444=ADVANCED_FACE('',(#7443),#7437,.T.);
#7445=CARTESIAN_POINT('',(5.9325E0,9.325E-1,2.77E0));
#7446=DIRECTION('',(0.E0,-1.E0,0.E0));
#7447=DIRECTION('',(0.E0,0.E0,-1.E0));
#7448=AXIS2_PLACEMENT_3D('',#7445,#7446,#7447);
#7449=PLANE('',#7448);
#7451=ORIENTED_EDGE('',*,*,#7450,.T.);
#7452=ORIENTED_EDGE('',*,*,#7243,.F.);
#7453=ORIENTED_EDGE('',*,*,#6325,.T.);
#7454=ORIENTED_EDGE('',*,*,#7370,.T.);
#7455=EDGE_LOOP('',(#7451,#7452,#7453,#7454));
#7456=FACE_OUTER_BOUND('',#7455,.F.);
#7457=ADVANCED_FACE('',(#7456),#7449,.T.);
#7458=CARTESIAN_POINT('',(6.25E0,1.0075E0,-7.59E0));
#7459=DIRECTION('',(0.E0,-9.857817160344E-1,-1.680309743240E-1));
#7460=DIRECTION('',(0.E0,-1.680309743240E-1,9.857817160344E-1));
#7461=AXIS2_PLACEMENT_3D('',#7458,#7459,#7460);
#7462=PLANE('',#7461);
#7463=ORIENTED_EDGE('',*,*,#7450,.F.);
#7465=ORIENTED_EDGE('',*,*,#7464,.F.);
#7467=ORIENTED_EDGE('',*,*,#7466,.T.);
#7469=ORIENTED_EDGE('',*,*,#7468,.T.);
#7470=EDGE_LOOP('',(#7463,#7465,#7467,#7469));
#7471=FACE_OUTER_BOUND('',#7470,.F.);
#7472=ADVANCED_FACE('',(#7471),#7462,.T.);
#7473=CARTESIAN_POINT('',(6.4925E0,1.25E0,-7.59E0));
#7474=DIRECTION('',(9.857817160344E-1,0.E0,-1.680309743240E-1));
#7475=DIRECTION('',(-1.680309743240E-1,0.E0,-9.857817160344E-1));
#7476=AXIS2_PLACEMENT_3D('',#7473,#7474,#7475);
#7477=PLANE('',#7476);
#7479=ORIENTED_EDGE('',*,*,#7478,.F.);
#7480=ORIENTED_EDGE('',*,*,#7464,.T.);
#7481=ORIENTED_EDGE('',*,*,#7368,.T.);
#7483=ORIENTED_EDGE('',*,*,#7482,.T.);
#7484=EDGE_LOOP('',(#7479,#7480,#7481,#7483));
#7485=FACE_OUTER_BOUND('',#7484,.F.);
#7486=ADVANCED_FACE('',(#7485),#7477,.T.);
#7487=CARTESIAN_POINT('',(5.9325E0,9.325E-1,-8.03E0));
#7488=DIRECTION('',(0.E0,0.E0,-1.E0));
#7489=DIRECTION('',(0.E0,1.E0,0.E0));
#7490=AXIS2_PLACEMENT_3D('',#7487,#7488,#7489);
#7491=PLANE('',#7490);
#7493=ORIENTED_EDGE('',*,*,#7492,.T.);
#7495=ORIENTED_EDGE('',*,*,#7494,.T.);
#7496=ORIENTED_EDGE('',*,*,#7466,.F.);
#7497=ORIENTED_EDGE('',*,*,#7478,.T.);
#7498=EDGE_LOOP('',(#7493,#7495,#7496,#7497));
#7499=FACE_OUTER_BOUND('',#7498,.F.);
#7500=ADVANCED_FACE('',(#7499),#7491,.T.);
#7501=CARTESIAN_POINT('',(6.25E0,1.4925E0,-7.59E0));
#7502=DIRECTION('',(0.E0,9.857817160344E-1,-1.680309743240E-1));
#7503=DIRECTION('',(0.E0,-1.680309743240E-1,-9.857817160344E-1));
#7504=AXIS2_PLACEMENT_3D('',#7501,#7502,#7503);
#7505=PLANE('',#7504);
#7506=ORIENTED_EDGE('',*,*,#7340,.T.);
#7508=ORIENTED_EDGE('',*,*,#7507,.F.);
#7509=ORIENTED_EDGE('',*,*,#7492,.F.);
#7510=ORIENTED_EDGE('',*,*,#7482,.F.);
#7511=EDGE_LOOP('',(#7506,#7508,#7509,#7510));
#7512=FACE_OUTER_BOUND('',#7511,.F.);
#7513=ADVANCED_FACE('',(#7512),#7505,.T.);
#7514=CARTESIAN_POINT('',(6.0075E0,1.25E0,-7.59E0));
#7515=DIRECTION('',(-9.857817160344E-1,0.E0,-1.680309743240E-1));
#7516=DIRECTION('',(1.680309743240E-1,0.E0,-9.857817160344E-1));
#7517=AXIS2_PLACEMENT_3D('',#7514,#7515,#7516);
#7518=PLANE('',#7517);
#7519=ORIENTED_EDGE('',*,*,#7238,.T.);
#7520=ORIENTED_EDGE('',*,*,#7468,.F.);
#7521=ORIENTED_EDGE('',*,*,#7494,.F.);
#7522=ORIENTED_EDGE('',*,*,#7507,.T.);
#7523=EDGE_LOOP('',(#7519,#7520,#7521,#7522));
#7524=FACE_OUTER_BOUND('',#7523,.F.);
#7525=ADVANCED_FACE('',(#7524),#7518,.T.);
#7526=CARTESIAN_POINT('',(6.4925E0,-1.25E0,-7.59E0));
#7527=DIRECTION('',(9.857817160344E-1,0.E0,-1.680309743240E-1));
#7528=DIRECTION('',(-1.680309743240E-1,0.E0,-9.857817160344E-1));
#7529=AXIS2_PLACEMENT_3D('',#7526,#7527,#7528);
#7530=PLANE('',#7529);
#7532=ORIENTED_EDGE('',*,*,#7531,.F.);
#7534=ORIENTED_EDGE('',*,*,#7533,.T.);
#7535=ORIENTED_EDGE('',*,*,#7382,.T.);
#7537=ORIENTED_EDGE('',*,*,#7536,.T.);
#7538=EDGE_LOOP('',(#7532,#7534,#7535,#7537));
#7539=FACE_OUTER_BOUND('',#7538,.F.);
#7540=ADVANCED_FACE('',(#7539),#7530,.T.);
#7541=CARTESIAN_POINT('',(5.9325E0,-1.5675E0,-8.03E0));
#7542=DIRECTION('',(0.E0,0.E0,-1.E0));
#7543=DIRECTION('',(0.E0,1.E0,0.E0));
#7544=AXIS2_PLACEMENT_3D('',#7541,#7542,#7543);
#7545=PLANE('',#7544);
#7547=ORIENTED_EDGE('',*,*,#7546,.T.);
#7549=ORIENTED_EDGE('',*,*,#7548,.T.);
#7551=ORIENTED_EDGE('',*,*,#7550,.F.);
#7552=ORIENTED_EDGE('',*,*,#7531,.T.);
#7553=EDGE_LOOP('',(#7547,#7549,#7551,#7552));
#7554=FACE_OUTER_BOUND('',#7553,.F.);
#7555=ADVANCED_FACE('',(#7554),#7545,.T.);
#7556=CARTESIAN_POINT('',(6.25E0,-1.0075E0,-7.59E0));
#7557=DIRECTION('',(0.E0,9.857817160344E-1,-1.680309743240E-1));
#7558=DIRECTION('',(0.E0,-1.680309743240E-1,-9.857817160344E-1));
#7559=AXIS2_PLACEMENT_3D('',#7556,#7557,#7558);
#7560=PLANE('',#7559);
#7562=ORIENTED_EDGE('',*,*,#7561,.T.);
#7564=ORIENTED_EDGE('',*,*,#7563,.F.);
#7565=ORIENTED_EDGE('',*,*,#7546,.F.);
#7566=ORIENTED_EDGE('',*,*,#7536,.F.);
#7567=EDGE_LOOP('',(#7562,#7564,#7565,#7566));
#7568=FACE_OUTER_BOUND('',#7567,.F.);
#7569=ADVANCED_FACE('',(#7568),#7560,.T.);
#7570=CARTESIAN_POINT('',(5.9325E0,-9.325E-1,-8.03E0));
#7571=DIRECTION('',(0.E0,1.E0,0.E0));
#7572=DIRECTION('',(0.E0,0.E0,1.E0));
#7573=AXIS2_PLACEMENT_3D('',#7570,#7571,#7572);
#7574=PLANE('',#7573);
#7575=ORIENTED_EDGE('',*,*,#7561,.F.);
#7576=ORIENTED_EDGE('',*,*,#7387,.T.);
#7577=ORIENTED_EDGE('',*,*,#6317,.F.);
#7578=ORIENTED_EDGE('',*,*,#7255,.F.);
#7579=EDGE_LOOP('',(#7575,#7576,#7577,#7578));
#7580=FACE_OUTER_BOUND('',#7579,.F.);
#7581=ADVANCED_FACE('',(#7580),#7574,.T.);
#7582=CARTESIAN_POINT('',(5.9325E0,-9.325E-1,-8.03E0));
#7583=DIRECTION('',(0.E0,1.E0,0.E0));
#7584=DIRECTION('',(0.E0,0.E0,1.E0));
#7585=AXIS2_PLACEMENT_3D('',#7582,#7583,#7584);
#7586=PLANE('',#7585);
#7588=ORIENTED_EDGE('',*,*,#7587,.T.);
#7589=ORIENTED_EDGE('',*,*,#7273,.F.);
#7590=ORIENTED_EDGE('',*,*,#7161,.T.);
#7591=ORIENTED_EDGE('',*,*,#7399,.T.);
#7592=EDGE_LOOP('',(#7588,#7589,#7590,#7591));
#7593=FACE_OUTER_BOUND('',#7592,.F.);
#7594=ADVANCED_FACE('',(#7593),#7586,.T.);
#7595=CARTESIAN_POINT('',(6.25E0,-1.0075E0,2.33E0));
#7596=DIRECTION('',(0.E0,9.857817160344E-1,1.680309743240E-1));
#7597=DIRECTION('',(0.E0,1.680309743240E-1,-9.857817160344E-1));
#7598=AXIS2_PLACEMENT_3D('',#7595,#7596,#7597);
#7599=PLANE('',#7598);
#7600=ORIENTED_EDGE('',*,*,#7587,.F.);
#7602=ORIENTED_EDGE('',*,*,#7601,.F.);
#7604=ORIENTED_EDGE('',*,*,#7603,.T.);
#7606=ORIENTED_EDGE('',*,*,#7605,.T.);
#7607=EDGE_LOOP('',(#7600,#7602,#7604,#7606));
#7608=FACE_OUTER_BOUND('',#7607,.F.);
#7609=ADVANCED_FACE('',(#7608),#7599,.T.);
#7610=CARTESIAN_POINT('',(6.4925E0,-1.25E0,2.33E0));
#7611=DIRECTION('',(9.857817160344E-1,0.E0,1.680309743240E-1));
#7612=DIRECTION('',(-1.680309743240E-1,0.E0,9.857817160344E-1));
#7613=AXIS2_PLACEMENT_3D('',#7610,#7611,#7612);
#7614=PLANE('',#7613);
#7616=ORIENTED_EDGE('',*,*,#7615,.F.);
#7617=ORIENTED_EDGE('',*,*,#7601,.T.);
#7618=ORIENTED_EDGE('',*,*,#7397,.T.);
#7620=ORIENTED_EDGE('',*,*,#7619,.F.);
#7621=EDGE_LOOP('',(#7616,#7617,#7618,#7620));
#7622=FACE_OUTER_BOUND('',#7621,.F.);
#7623=ADVANCED_FACE('',(#7622),#7614,.T.);
#7624=CARTESIAN_POINT('',(5.9325E0,-9.325E-1,2.77E0));
#7625=DIRECTION('',(0.E0,0.E0,1.E0));
#7626=DIRECTION('',(0.E0,-1.E0,0.E0));
#7627=AXIS2_PLACEMENT_3D('',#7624,#7625,#7626);
#7628=PLANE('',#7627);
#7630=ORIENTED_EDGE('',*,*,#7629,.T.);
#7632=ORIENTED_EDGE('',*,*,#7631,.T.);
#7633=ORIENTED_EDGE('',*,*,#7603,.F.);
#7634=ORIENTED_EDGE('',*,*,#7615,.T.);
#7635=EDGE_LOOP('',(#7630,#7632,#7633,#7634));
#7636=FACE_OUTER_BOUND('',#7635,.F.);
#7637=ADVANCED_FACE('',(#7636),#7628,.T.);
#7638=CARTESIAN_POINT('',(6.25E0,-1.4925E0,2.33E0));
#7639=DIRECTION('',(0.E0,-9.857817160344E-1,1.680309743240E-1));
#7640=DIRECTION('',(0.E0,1.680309743240E-1,9.857817160344E-1));
#7641=AXIS2_PLACEMENT_3D('',#7638,#7639,#7640);
#7642=PLANE('',#7641);
#7644=ORIENTED_EDGE('',*,*,#7643,.T.);
#7646=ORIENTED_EDGE('',*,*,#7645,.F.);
#7647=ORIENTED_EDGE('',*,*,#7629,.F.);
#7648=ORIENTED_EDGE('',*,*,#7619,.T.);
#7649=EDGE_LOOP('',(#7644,#7646,#7647,#7648));
#7650=FACE_OUTER_BOUND('',#7649,.F.);
#7651=ADVANCED_FACE('',(#7650),#7642,.T.);
#7652=CARTESIAN_POINT('',(5.9325E0,-1.5675E0,2.77E0));
#7653=DIRECTION('',(0.E0,-1.E0,0.E0));
#7654=DIRECTION('',(0.E0,0.E0,-1.E0));
#7655=AXIS2_PLACEMENT_3D('',#7652,#7653,#7654);
#7656=PLANE('',#7655);
#7658=ORIENTED_EDGE('',*,*,#7657,.T.);
#7659=ORIENTED_EDGE('',*,*,#7258,.F.);
#7660=ORIENTED_EDGE('',*,*,#6321,.T.);
#7661=ORIENTED_EDGE('',*,*,#7384,.T.);
#7662=EDGE_LOOP('',(#7658,#7659,#7660,#7661));
#7663=FACE_OUTER_BOUND('',#7662,.F.);
#7664=ADVANCED_FACE('',(#7663),#7656,.T.);
#7665=CARTESIAN_POINT('',(5.9325E0,-1.5675E0,2.77E0));
#7666=DIRECTION('',(0.E0,-1.E0,0.E0));
#7667=DIRECTION('',(0.E0,0.E0,-1.E0));
#7668=AXIS2_PLACEMENT_3D('',#7665,#7666,#7667);
#7669=PLANE('',#7668);
#7670=ORIENTED_EDGE('',*,*,#7643,.F.);
#7671=ORIENTED_EDGE('',*,*,#7402,.T.);
#7672=ORIENTED_EDGE('',*,*,#7157,.F.);
#7673=ORIENTED_EDGE('',*,*,#7270,.F.);
#7674=EDGE_LOOP('',(#7670,#7671,#7672,#7673));
#7675=FACE_OUTER_BOUND('',#7674,.F.);
#7676=ADVANCED_FACE('',(#7675),#7669,.T.);
#7677=CARTESIAN_POINT('',(6.25E0,-1.4925E0,-7.59E0));
#7678=DIRECTION('',(0.E0,-9.857817160344E-1,-1.680309743240E-1));
#7679=DIRECTION('',(0.E0,-1.680309743240E-1,9.857817160344E-1));
#7680=AXIS2_PLACEMENT_3D('',#7677,#7678,#7679);
#7681=PLANE('',#7680);
#7682=ORIENTED_EDGE('',*,*,#7657,.F.);
#7683=ORIENTED_EDGE('',*,*,#7533,.F.);
#7684=ORIENTED_EDGE('',*,*,#7550,.T.);
#7686=ORIENTED_EDGE('',*,*,#7685,.T.);
#7687=EDGE_LOOP('',(#7682,#7683,#7684,#7686));
#7688=FACE_OUTER_BOUND('',#7687,.F.);
#7689=ADVANCED_FACE('',(#7688),#7681,.T.);
#7690=CARTESIAN_POINT('',(6.0075E0,-1.25E0,-7.59E0));
#7691=DIRECTION('',(-9.857817160344E-1,0.E0,-1.680309743240E-1));
#7692=DIRECTION('',(1.680309743240E-1,0.E0,-9.857817160344E-1));
#7693=AXIS2_PLACEMENT_3D('',#7690,#7691,#7692);
#7694=PLANE('',#7693);
#7695=ORIENTED_EDGE('',*,*,#7253,.T.);
#7696=ORIENTED_EDGE('',*,*,#7685,.F.);
#7697=ORIENTED_EDGE('',*,*,#7548,.F.);
#7698=ORIENTED_EDGE('',*,*,#7563,.T.);
#7699=EDGE_LOOP('',(#7695,#7696,#7697,#7698));
#7700=FACE_OUTER_BOUND('',#7699,.F.);
#7701=ADVANCED_FACE('',(#7700),#7694,.T.);
#7702=CARTESIAN_POINT('',(6.0075E0,-1.25E0,2.33E0));
#7703=DIRECTION('',(-9.857817160344E-1,0.E0,1.680309743240E-1));
#7704=DIRECTION('',(1.680309743240E-1,0.E0,9.857817160344E-1));
#7705=AXIS2_PLACEMENT_3D('',#7702,#7703,#7704);
#7706=PLANE('',#7705);
#7707=ORIENTED_EDGE('',*,*,#7268,.T.);
#7708=ORIENTED_EDGE('',*,*,#7605,.F.);
#7709=ORIENTED_EDGE('',*,*,#7631,.F.);
#7710=ORIENTED_EDGE('',*,*,#7645,.T.);
#7711=EDGE_LOOP('',(#7707,#7708,#7709,#7710));
#7712=FACE_OUTER_BOUND('',#7711,.F.);
#7713=ADVANCED_FACE('',(#7712),#7706,.T.);
#7714=CARTESIAN_POINT('',(2.64E0,2.345E0,4.23E0));
#7715=DIRECTION('',(-1.E0,0.E0,0.E0));
#7716=DIRECTION('',(0.E0,-1.E0,0.E0));
#7717=AXIS2_PLACEMENT_3D('',#7714,#7715,#7716);
#7718=PLANE('',#7717);
#7719=ORIENTED_EDGE('',*,*,#6933,.F.);
#7721=ORIENTED_EDGE('',*,*,#7720,.T.);
#7723=ORIENTED_EDGE('',*,*,#7722,.T.);
#7725=ORIENTED_EDGE('',*,*,#7724,.F.);
#7726=EDGE_LOOP('',(#7719,#7721,#7723,#7725));
#7727=FACE_OUTER_BOUND('',#7726,.F.);
#7728=ADVANCED_FACE('',(#7727),#7718,.F.);
#7729=CARTESIAN_POINT('',(4.86E0,2.345E0,4.23E0));
#7730=DIRECTION('',(0.E0,1.E0,0.E0));
#7731=DIRECTION('',(-1.E0,0.E0,0.E0));
#7732=AXIS2_PLACEMENT_3D('',#7729,#7730,#7731);
#7733=PLANE('',#7732);
#7734=ORIENTED_EDGE('',*,*,#6939,.F.);
#7736=ORIENTED_EDGE('',*,*,#7735,.T.);
#7738=ORIENTED_EDGE('',*,*,#7737,.T.);
#7739=ORIENTED_EDGE('',*,*,#7720,.F.);
#7740=EDGE_LOOP('',(#7734,#7736,#7738,#7739));
#7741=FACE_OUTER_BOUND('',#7740,.F.);
#7742=ADVANCED_FACE('',(#7741),#7733,.F.);
#7743=CARTESIAN_POINT('',(4.86E0,1.55E-1,4.23E0));
#7744=DIRECTION('',(1.E0,0.E0,0.E0));
#7745=DIRECTION('',(0.E0,1.E0,0.E0));
#7746=AXIS2_PLACEMENT_3D('',#7743,#7744,#7745);
#7747=PLANE('',#7746);
#7748=ORIENTED_EDGE('',*,*,#6937,.F.);
#7750=ORIENTED_EDGE('',*,*,#7749,.T.);
#7752=ORIENTED_EDGE('',*,*,#7751,.T.);
#7753=ORIENTED_EDGE('',*,*,#7735,.F.);
#7754=EDGE_LOOP('',(#7748,#7750,#7752,#7753));
#7755=FACE_OUTER_BOUND('',#7754,.F.);
#7756=ADVANCED_FACE('',(#7755),#7747,.F.);
#7757=CARTESIAN_POINT('',(2.64E0,1.55E-1,4.23E0));
#7758=DIRECTION('',(0.E0,-1.E0,0.E0));
#7759=DIRECTION('',(1.E0,0.E0,0.E0));
#7760=AXIS2_PLACEMENT_3D('',#7757,#7758,#7759);
#7761=PLANE('',#7760);
#7762=ORIENTED_EDGE('',*,*,#6935,.F.);
#7763=ORIENTED_EDGE('',*,*,#7724,.T.);
#7765=ORIENTED_EDGE('',*,*,#7764,.T.);
#7766=ORIENTED_EDGE('',*,*,#7749,.F.);
#7767=EDGE_LOOP('',(#7762,#7763,#7765,#7766));
#7768=FACE_OUTER_BOUND('',#7767,.F.);
#7769=ADVANCED_FACE('',(#7768),#7761,.F.);
#7770=CARTESIAN_POINT('',(0.E0,-2.99E0,-1.77E0));
#7771=DIRECTION('',(0.E0,0.E0,1.E0));
#7772=DIRECTION('',(1.E0,0.E0,0.E0));
#7773=AXIS2_PLACEMENT_3D('',#7770,#7771,#7772);
#7774=PLANE('',#7773);
#7775=ORIENTED_EDGE('',*,*,#7722,.F.);
#7776=ORIENTED_EDGE('',*,*,#7737,.F.);
#7777=ORIENTED_EDGE('',*,*,#7751,.F.);
#7778=ORIENTED_EDGE('',*,*,#7764,.F.);
#7779=EDGE_LOOP('',(#7775,#7776,#7777,#7778));
#7780=FACE_OUTER_BOUND('',#7779,.F.);
#7782=ORIENTED_EDGE('',*,*,#7781,.T.);
#7784=ORIENTED_EDGE('',*,*,#7783,.T.);
#7786=ORIENTED_EDGE('',*,*,#7785,.F.);
#7788=ORIENTED_EDGE('',*,*,#7787,.F.);
#7789=EDGE_LOOP('',(#7782,#7784,#7786,#7788));
#7790=FACE_BOUND('',#7789,.F.);
#7791=ADVANCED_FACE('',(#7780,#7790),#7774,.T.);
#7792=CARTESIAN_POINT('',(0.E0,-2.99E0,-1.77E0));
#7793=DIRECTION('',(0.E0,0.E0,1.E0));
#7794=DIRECTION('',(1.E0,0.E0,0.E0));
#7795=AXIS2_PLACEMENT_3D('',#7792,#7793,#7794);
#7796=PLANE('',#7795);
#7798=ORIENTED_EDGE('',*,*,#7797,.F.);
#7800=ORIENTED_EDGE('',*,*,#7799,.F.);
#7802=ORIENTED_EDGE('',*,*,#7801,.F.);
#7804=ORIENTED_EDGE('',*,*,#7803,.F.);
#7805=EDGE_LOOP('',(#7798,#7800,#7802,#7804));
#7806=FACE_OUTER_BOUND('',#7805,.F.);
#7808=ORIENTED_EDGE('',*,*,#7807,.F.);
#7810=ORIENTED_EDGE('',*,*,#7809,.T.);
#7812=ORIENTED_EDGE('',*,*,#7811,.T.);
#7814=ORIENTED_EDGE('',*,*,#7813,.F.);
#7815=EDGE_LOOP('',(#7808,#7810,#7812,#7814));
#7816=FACE_BOUND('',#7815,.F.);
#7817=ADVANCED_FACE('',(#7806,#7816),#7796,.T.);
#7818=CARTESIAN_POINT('',(2.64E0,-2.345E0,4.23E0));
#7819=DIRECTION('',(0.E0,-1.E0,0.E0));
#7820=DIRECTION('',(1.E0,0.E0,0.E0));
#7821=AXIS2_PLACEMENT_3D('',#7818,#7819,#7820);
#7822=PLANE('',#7821);
#7823=ORIENTED_EDGE('',*,*,#6943,.F.);
#7825=ORIENTED_EDGE('',*,*,#7824,.T.);
#7826=ORIENTED_EDGE('',*,*,#7797,.T.);
#7828=ORIENTED_EDGE('',*,*,#7827,.F.);
#7829=EDGE_LOOP('',(#7823,#7825,#7826,#7828));
#7830=FACE_OUTER_BOUND('',#7829,.F.);
#7831=ADVANCED_FACE('',(#7830),#7822,.F.);
#7832=CARTESIAN_POINT('',(2.64E0,-1.55E-1,4.23E0));
#7833=DIRECTION('',(-1.E0,0.E0,0.E0));
#7834=DIRECTION('',(0.E0,-1.E0,0.E0));
#7835=AXIS2_PLACEMENT_3D('',#7832,#7833,#7834);
#7836=PLANE('',#7835);
#7837=ORIENTED_EDGE('',*,*,#6949,.F.);
#7839=ORIENTED_EDGE('',*,*,#7838,.T.);
#7840=ORIENTED_EDGE('',*,*,#7799,.T.);
#7841=ORIENTED_EDGE('',*,*,#7824,.F.);
#7842=EDGE_LOOP('',(#7837,#7839,#7840,#7841));
#7843=FACE_OUTER_BOUND('',#7842,.F.);
#7844=ADVANCED_FACE('',(#7843),#7836,.F.);
#7845=CARTESIAN_POINT('',(4.86E0,-1.55E-1,4.23E0));
#7846=DIRECTION('',(0.E0,1.E0,0.E0));
#7847=DIRECTION('',(-1.E0,0.E0,0.E0));
#7848=AXIS2_PLACEMENT_3D('',#7845,#7846,#7847);
#7849=PLANE('',#7848);
#7850=ORIENTED_EDGE('',*,*,#6947,.F.);
#7852=ORIENTED_EDGE('',*,*,#7851,.T.);
#7853=ORIENTED_EDGE('',*,*,#7801,.T.);
#7854=ORIENTED_EDGE('',*,*,#7838,.F.);
#7855=EDGE_LOOP('',(#7850,#7852,#7853,#7854));
#7856=FACE_OUTER_BOUND('',#7855,.F.);
#7857=ADVANCED_FACE('',(#7856),#7849,.F.);
#7858=CARTESIAN_POINT('',(4.86E0,-2.345E0,4.23E0));
#7859=DIRECTION('',(1.E0,0.E0,0.E0));
#7860=DIRECTION('',(0.E0,1.E0,0.E0));
#7861=AXIS2_PLACEMENT_3D('',#7858,#7859,#7860);
#7862=PLANE('',#7861);
#7863=ORIENTED_EDGE('',*,*,#6945,.F.);
#7864=ORIENTED_EDGE('',*,*,#7827,.T.);
#7865=ORIENTED_EDGE('',*,*,#7803,.T.);
#7866=ORIENTED_EDGE('',*,*,#7851,.F.);
#7867=EDGE_LOOP('',(#7863,#7864,#7865,#7866));
#7868=FACE_OUTER_BOUND('',#7867,.F.);
#7869=ADVANCED_FACE('',(#7868),#7862,.F.);
#7870=CARTESIAN_POINT('',(3.4325E0,-2.99E0,0.E0));
#7871=DIRECTION('',(1.E0,0.E0,0.E0));
#7872=DIRECTION('',(0.E0,0.E0,-1.E0));
#7873=AXIS2_PLACEMENT_3D('',#7870,#7871,#7872);
#7874=PLANE('',#7873);
#7876=ORIENTED_EDGE('',*,*,#7875,.F.);
#7878=ORIENTED_EDGE('',*,*,#7877,.T.);
#7879=ORIENTED_EDGE('',*,*,#7787,.T.);
#7881=ORIENTED_EDGE('',*,*,#7880,.T.);
#7882=EDGE_LOOP('',(#7876,#7878,#7879,#7881));
#7883=FACE_OUTER_BOUND('',#7882,.F.);
#7884=ADVANCED_FACE('',(#7883),#7874,.F.);
#7885=CARTESIAN_POINT('',(3.4325E0,-2.99E0,0.E0));
#7886=DIRECTION('',(1.E0,0.E0,0.E0));
#7887=DIRECTION('',(0.E0,0.E0,-1.E0));
#7888=AXIS2_PLACEMENT_3D('',#7885,#7886,#7887);
#7889=PLANE('',#7888);
#7891=ORIENTED_EDGE('',*,*,#7890,.F.);
#7893=ORIENTED_EDGE('',*,*,#7892,.T.);
#7894=ORIENTED_EDGE('',*,*,#6347,.F.);
#7896=ORIENTED_EDGE('',*,*,#7895,.T.);
#7897=EDGE_LOOP('',(#7891,#7893,#7894,#7896));
#7898=FACE_OUTER_BOUND('',#7897,.F.);
#7899=ADVANCED_FACE('',(#7898),#7889,.F.);
#7900=CARTESIAN_POINT('',(3.4325E0,-2.99E0,0.E0));
#7901=DIRECTION('',(1.E0,0.E0,0.E0));
#7902=DIRECTION('',(0.E0,0.E0,-1.E0));
#7903=AXIS2_PLACEMENT_3D('',#7900,#7901,#7902);
#7904=PLANE('',#7903);
#7906=ORIENTED_EDGE('',*,*,#7905,.F.);
#7908=ORIENTED_EDGE('',*,*,#7907,.T.);
#7909=ORIENTED_EDGE('',*,*,#6335,.F.);
#7911=ORIENTED_EDGE('',*,*,#7910,.T.);
#7912=EDGE_LOOP('',(#7906,#7908,#7909,#7911));
#7913=FACE_OUTER_BOUND('',#7912,.F.);
#7914=ADVANCED_FACE('',(#7913),#7904,.F.);
#7915=CARTESIAN_POINT('',(3.4325E0,-2.99E0,0.E0));
#7916=DIRECTION('',(1.E0,0.E0,0.E0));
#7917=DIRECTION('',(0.E0,0.E0,-1.E0));
#7918=AXIS2_PLACEMENT_3D('',#7915,#7916,#7917);
#7919=PLANE('',#7918);
#7921=ORIENTED_EDGE('',*,*,#7920,.F.);
#7923=ORIENTED_EDGE('',*,*,#7922,.T.);
#7924=ORIENTED_EDGE('',*,*,#7807,.T.);
#7926=ORIENTED_EDGE('',*,*,#7925,.T.);
#7927=EDGE_LOOP('',(#7921,#7923,#7924,#7926));
#7928=FACE_OUTER_BOUND('',#7927,.F.);
#7929=ADVANCED_FACE('',(#7928),#7919,.F.);
#7930=CARTESIAN_POINT('',(3.5075E0,1.25E0,2.33E0));
#7931=DIRECTION('',(-9.857817160344E-1,0.E0,1.680309743240E-1));
#7932=DIRECTION('',(1.680309743240E-1,0.E0,9.857817160344E-1));
#7933=AXIS2_PLACEMENT_3D('',#7930,#7931,#7932);
#7934=PLANE('',#7933);
#7936=ORIENTED_EDGE('',*,*,#7935,.F.);
#7938=ORIENTED_EDGE('',*,*,#7937,.T.);
#7939=ORIENTED_EDGE('',*,*,#7875,.T.);
#7941=ORIENTED_EDGE('',*,*,#7940,.T.);
#7942=EDGE_LOOP('',(#7936,#7938,#7939,#7941));
#7943=FACE_OUTER_BOUND('',#7942,.F.);
#7944=ADVANCED_FACE('',(#7943),#7934,.T.);
#7945=CARTESIAN_POINT('',(3.4325E0,1.5675E0,2.77E0));
#7946=DIRECTION('',(0.E0,0.E0,1.E0));
#7947=DIRECTION('',(0.E0,-1.E0,0.E0));
#7948=AXIS2_PLACEMENT_3D('',#7945,#7946,#7947);
#7949=PLANE('',#7948);
#7951=ORIENTED_EDGE('',*,*,#7950,.F.);
#7953=ORIENTED_EDGE('',*,*,#7952,.T.);
#7955=ORIENTED_EDGE('',*,*,#7954,.T.);
#7956=ORIENTED_EDGE('',*,*,#7935,.T.);
#7957=EDGE_LOOP('',(#7951,#7953,#7955,#7956));
#7958=FACE_OUTER_BOUND('',#7957,.F.);
#7959=ADVANCED_FACE('',(#7958),#7949,.T.);
#7960=CARTESIAN_POINT('',(3.75E0,1.4925E0,2.33E0));
#7961=DIRECTION('',(0.E0,9.857817160344E-1,1.680309743240E-1));
#7962=DIRECTION('',(0.E0,1.680309743240E-1,-9.857817160344E-1));
#7963=AXIS2_PLACEMENT_3D('',#7960,#7961,#7962);
#7964=PLANE('',#7963);
#7965=ORIENTED_EDGE('',*,*,#7950,.T.);
#7966=ORIENTED_EDGE('',*,*,#7940,.F.);
#7968=ORIENTED_EDGE('',*,*,#7967,.F.);
#7970=ORIENTED_EDGE('',*,*,#7969,.F.);
#7971=EDGE_LOOP('',(#7965,#7966,#7968,#7970));
#7972=FACE_OUTER_BOUND('',#7971,.F.);
#7973=ADVANCED_FACE('',(#7972),#7964,.T.);
#7974=CARTESIAN_POINT('',(3.4325E0,1.5675E0,-8.03E0));
#7975=DIRECTION('',(0.E0,1.E0,0.E0));
#7976=DIRECTION('',(0.E0,0.E0,1.E0));
#7977=AXIS2_PLACEMENT_3D('',#7974,#7975,#7976);
#7978=PLANE('',#7977);
#7979=ORIENTED_EDGE('',*,*,#7967,.T.);
#7980=ORIENTED_EDGE('',*,*,#7880,.F.);
#7981=ORIENTED_EDGE('',*,*,#7785,.T.);
#7983=ORIENTED_EDGE('',*,*,#7982,.T.);
#7984=EDGE_LOOP('',(#7979,#7980,#7981,#7983));
#7985=FACE_OUTER_BOUND('',#7984,.F.);
#7986=ADVANCED_FACE('',(#7985),#7978,.T.);
#7987=CARTESIAN_POINT('',(3.4325E0,1.5675E0,-8.03E0));
#7988=DIRECTION('',(0.E0,1.E0,0.E0));
#7989=DIRECTION('',(0.E0,0.E0,1.E0));
#7990=AXIS2_PLACEMENT_3D('',#7987,#7988,#7989);
#7991=PLANE('',#7990);
#7993=ORIENTED_EDGE('',*,*,#7992,.F.);
#7995=ORIENTED_EDGE('',*,*,#7994,.T.);
#7996=ORIENTED_EDGE('',*,*,#6349,.F.);
#7997=ORIENTED_EDGE('',*,*,#7892,.F.);
#7998=EDGE_LOOP('',(#7993,#7995,#7996,#7997));
#7999=FACE_OUTER_BOUND('',#7998,.F.);
#8000=ADVANCED_FACE('',(#7999),#7991,.T.);
#8001=CARTESIAN_POINT('',(4.0675E0,-2.99E0,0.E0));
#8002=DIRECTION('',(1.E0,0.E0,0.E0));
#8003=DIRECTION('',(0.E0,0.E0,-1.E0));
#8004=AXIS2_PLACEMENT_3D('',#8001,#8002,#8003);
#8005=PLANE('',#8004);
#8007=ORIENTED_EDGE('',*,*,#8006,.F.);
#8008=ORIENTED_EDGE('',*,*,#7982,.F.);
#8009=ORIENTED_EDGE('',*,*,#7783,.F.);
#8011=ORIENTED_EDGE('',*,*,#8010,.F.);
#8012=EDGE_LOOP('',(#8007,#8008,#8009,#8011));
#8013=FACE_OUTER_BOUND('',#8012,.F.);
#8014=ADVANCED_FACE('',(#8013),#8005,.T.);
#8015=CARTESIAN_POINT('',(4.0675E0,-2.99E0,0.E0));
#8016=DIRECTION('',(1.E0,0.E0,0.E0));
#8017=DIRECTION('',(0.E0,0.E0,-1.E0));
#8018=AXIS2_PLACEMENT_3D('',#8015,#8016,#8017);
#8019=PLANE('',#8018);
#8021=ORIENTED_EDGE('',*,*,#8020,.F.);
#8023=ORIENTED_EDGE('',*,*,#8022,.F.);
#8024=ORIENTED_EDGE('',*,*,#6351,.T.);
#8025=ORIENTED_EDGE('',*,*,#7994,.F.);
#8026=EDGE_LOOP('',(#8021,#8023,#8024,#8025));
#8027=FACE_OUTER_BOUND('',#8026,.F.);
#8028=ADVANCED_FACE('',(#8027),#8019,.T.);
#8029=CARTESIAN_POINT('',(4.0675E0,-2.99E0,0.E0));
#8030=DIRECTION('',(1.E0,0.E0,0.E0));
#8031=DIRECTION('',(0.E0,0.E0,-1.E0));
#8032=AXIS2_PLACEMENT_3D('',#8029,#8030,#8031);
#8033=PLANE('',#8032);
#8035=ORIENTED_EDGE('',*,*,#8034,.F.);
#8037=ORIENTED_EDGE('',*,*,#8036,.F.);
#8038=ORIENTED_EDGE('',*,*,#6339,.T.);
#8040=ORIENTED_EDGE('',*,*,#8039,.F.);
#8041=EDGE_LOOP('',(#8035,#8037,#8038,#8040));
#8042=FACE_OUTER_BOUND('',#8041,.F.);
#8043=ADVANCED_FACE('',(#8042),#8033,.T.);
#8044=CARTESIAN_POINT('',(4.0675E0,-2.99E0,0.E0));
#8045=DIRECTION('',(1.E0,0.E0,0.E0));
#8046=DIRECTION('',(0.E0,0.E0,-1.E0));
#8047=AXIS2_PLACEMENT_3D('',#8044,#8045,#8046);
#8048=PLANE('',#8047);
#8050=ORIENTED_EDGE('',*,*,#8049,.F.);
#8052=ORIENTED_EDGE('',*,*,#8051,.F.);
#8053=ORIENTED_EDGE('',*,*,#7811,.F.);
#8055=ORIENTED_EDGE('',*,*,#8054,.F.);
#8056=EDGE_LOOP('',(#8050,#8052,#8053,#8055));
#8057=FACE_OUTER_BOUND('',#8056,.F.);
#8058=ADVANCED_FACE('',(#8057),#8048,.T.);
#8059=CARTESIAN_POINT('',(3.9925E0,1.25E0,2.33E0));
#8060=DIRECTION('',(9.857817160344E-1,0.E0,1.680309743240E-1));
#8061=DIRECTION('',(-1.680309743240E-1,0.E0,9.857817160344E-1));
#8062=AXIS2_PLACEMENT_3D('',#8059,#8060,#8061);
#8063=PLANE('',#8062);
#8064=ORIENTED_EDGE('',*,*,#7952,.F.);
#8065=ORIENTED_EDGE('',*,*,#7969,.T.);
#8066=ORIENTED_EDGE('',*,*,#8006,.T.);
#8068=ORIENTED_EDGE('',*,*,#8067,.T.);
#8069=EDGE_LOOP('',(#8064,#8065,#8066,#8068));
#8070=FACE_OUTER_BOUND('',#8069,.F.);
#8071=ADVANCED_FACE('',(#8070),#8063,.T.);
#8072=CARTESIAN_POINT('',(3.75E0,1.0075E0,2.33E0));
#8073=DIRECTION('',(0.E0,-9.857817160344E-1,1.680309743240E-1));
#8074=DIRECTION('',(0.E0,1.680309743240E-1,9.857817160344E-1));
#8075=AXIS2_PLACEMENT_3D('',#8072,#8073,#8074);
#8076=PLANE('',#8075);
#8078=ORIENTED_EDGE('',*,*,#8077,.T.);
#8079=ORIENTED_EDGE('',*,*,#7937,.F.);
#8080=ORIENTED_EDGE('',*,*,#7954,.F.);
#8081=ORIENTED_EDGE('',*,*,#8067,.F.);
#8082=EDGE_LOOP('',(#8078,#8079,#8080,#8081));
#8083=FACE_OUTER_BOUND('',#8082,.F.);
#8084=ADVANCED_FACE('',(#8083),#8076,.T.);
#8085=CARTESIAN_POINT('',(3.4325E0,9.325E-1,2.77E0));
#8086=DIRECTION('',(0.E0,-1.E0,0.E0));
#8087=DIRECTION('',(0.E0,0.E0,-1.E0));
#8088=AXIS2_PLACEMENT_3D('',#8085,#8086,#8087);
#8089=PLANE('',#8088);
#8090=ORIENTED_EDGE('',*,*,#8077,.F.);
#8091=ORIENTED_EDGE('',*,*,#8010,.T.);
#8092=ORIENTED_EDGE('',*,*,#7781,.F.);
#8093=ORIENTED_EDGE('',*,*,#7877,.F.);
#8094=EDGE_LOOP('',(#8090,#8091,#8092,#8093));
#8095=FACE_OUTER_BOUND('',#8094,.F.);
#8096=ADVANCED_FACE('',(#8095),#8089,.T.);
#8097=CARTESIAN_POINT('',(3.4325E0,9.325E-1,2.77E0));
#8098=DIRECTION('',(0.E0,-1.E0,0.E0));
#8099=DIRECTION('',(0.E0,0.E0,-1.E0));
#8100=AXIS2_PLACEMENT_3D('',#8097,#8098,#8099);
#8101=PLANE('',#8100);
#8103=ORIENTED_EDGE('',*,*,#8102,.T.);
#8104=ORIENTED_EDGE('',*,*,#7895,.F.);
#8105=ORIENTED_EDGE('',*,*,#6345,.T.);
#8106=ORIENTED_EDGE('',*,*,#8022,.T.);
#8107=EDGE_LOOP('',(#8103,#8104,#8105,#8106));
#8108=FACE_OUTER_BOUND('',#8107,.F.);
#8109=ADVANCED_FACE('',(#8108),#8101,.T.);
#8110=CARTESIAN_POINT('',(3.75E0,1.0075E0,-7.59E0));
#8111=DIRECTION('',(0.E0,-9.857817160344E-1,-1.680309743240E-1));
#8112=DIRECTION('',(0.E0,-1.680309743240E-1,9.857817160344E-1));
#8113=AXIS2_PLACEMENT_3D('',#8110,#8111,#8112);
#8114=PLANE('',#8113);
#8115=ORIENTED_EDGE('',*,*,#8102,.F.);
#8117=ORIENTED_EDGE('',*,*,#8116,.F.);
#8119=ORIENTED_EDGE('',*,*,#8118,.T.);
#8121=ORIENTED_EDGE('',*,*,#8120,.T.);
#8122=EDGE_LOOP('',(#8115,#8117,#8119,#8121));
#8123=FACE_OUTER_BOUND('',#8122,.F.);
#8124=ADVANCED_FACE('',(#8123),#8114,.T.);
#8125=CARTESIAN_POINT('',(3.9925E0,1.25E0,-7.59E0));
#8126=DIRECTION('',(9.857817160344E-1,0.E0,-1.680309743240E-1));
#8127=DIRECTION('',(-1.680309743240E-1,0.E0,-9.857817160344E-1));
#8128=AXIS2_PLACEMENT_3D('',#8125,#8126,#8127);
#8129=PLANE('',#8128);
#8131=ORIENTED_EDGE('',*,*,#8130,.F.);
#8132=ORIENTED_EDGE('',*,*,#8116,.T.);
#8133=ORIENTED_EDGE('',*,*,#8020,.T.);
#8135=ORIENTED_EDGE('',*,*,#8134,.T.);
#8136=EDGE_LOOP('',(#8131,#8132,#8133,#8135));
#8137=FACE_OUTER_BOUND('',#8136,.F.);
#8138=ADVANCED_FACE('',(#8137),#8129,.T.);
#8139=CARTESIAN_POINT('',(3.4325E0,9.325E-1,-8.03E0));
#8140=DIRECTION('',(0.E0,0.E0,-1.E0));
#8141=DIRECTION('',(0.E0,1.E0,0.E0));
#8142=AXIS2_PLACEMENT_3D('',#8139,#8140,#8141);
#8143=PLANE('',#8142);
#8145=ORIENTED_EDGE('',*,*,#8144,.T.);
#8147=ORIENTED_EDGE('',*,*,#8146,.T.);
#8148=ORIENTED_EDGE('',*,*,#8118,.F.);
#8149=ORIENTED_EDGE('',*,*,#8130,.T.);
#8150=EDGE_LOOP('',(#8145,#8147,#8148,#8149));
#8151=FACE_OUTER_BOUND('',#8150,.F.);
#8152=ADVANCED_FACE('',(#8151),#8143,.T.);
#8153=CARTESIAN_POINT('',(3.75E0,1.4925E0,-7.59E0));
#8154=DIRECTION('',(0.E0,9.857817160344E-1,-1.680309743240E-1));
#8155=DIRECTION('',(0.E0,-1.680309743240E-1,-9.857817160344E-1));
#8156=AXIS2_PLACEMENT_3D('',#8153,#8154,#8155);
#8157=PLANE('',#8156);
#8158=ORIENTED_EDGE('',*,*,#7992,.T.);
#8160=ORIENTED_EDGE('',*,*,#8159,.F.);
#8161=ORIENTED_EDGE('',*,*,#8144,.F.);
#8162=ORIENTED_EDGE('',*,*,#8134,.F.);
#8163=EDGE_LOOP('',(#8158,#8160,#8161,#8162));
#8164=FACE_OUTER_BOUND('',#8163,.F.);
#8165=ADVANCED_FACE('',(#8164),#8157,.T.);
#8166=CARTESIAN_POINT('',(3.5075E0,1.25E0,-7.59E0));
#8167=DIRECTION('',(-9.857817160344E-1,0.E0,-1.680309743240E-1));
#8168=DIRECTION('',(1.680309743240E-1,0.E0,-9.857817160344E-1));
#8169=AXIS2_PLACEMENT_3D('',#8166,#8167,#8168);
#8170=PLANE('',#8169);
#8171=ORIENTED_EDGE('',*,*,#7890,.T.);
#8172=ORIENTED_EDGE('',*,*,#8120,.F.);
#8173=ORIENTED_EDGE('',*,*,#8146,.F.);
#8174=ORIENTED_EDGE('',*,*,#8159,.T.);
#8175=EDGE_LOOP('',(#8171,#8172,#8173,#8174));
#8176=FACE_OUTER_BOUND('',#8175,.F.);
#8177=ADVANCED_FACE('',(#8176),#8170,.T.);
#8178=CARTESIAN_POINT('',(3.9925E0,-1.25E0,-7.59E0));
#8179=DIRECTION('',(9.857817160344E-1,0.E0,-1.680309743240E-1));
#8180=DIRECTION('',(-1.680309743240E-1,0.E0,-9.857817160344E-1));
#8181=AXIS2_PLACEMENT_3D('',#8178,#8179,#8180);
#8182=PLANE('',#8181);
#8184=ORIENTED_EDGE('',*,*,#8183,.F.);
#8186=ORIENTED_EDGE('',*,*,#8185,.T.);
#8187=ORIENTED_EDGE('',*,*,#8034,.T.);
#8189=ORIENTED_EDGE('',*,*,#8188,.T.);
#8190=EDGE_LOOP('',(#8184,#8186,#8187,#8189));
#8191=FACE_OUTER_BOUND('',#8190,.F.);
#8192=ADVANCED_FACE('',(#8191),#8182,.T.);
#8193=CARTESIAN_POINT('',(3.4325E0,-1.5675E0,-8.03E0));
#8194=DIRECTION('',(0.E0,0.E0,-1.E0));
#8195=DIRECTION('',(0.E0,1.E0,0.E0));
#8196=AXIS2_PLACEMENT_3D('',#8193,#8194,#8195);
#8197=PLANE('',#8196);
#8199=ORIENTED_EDGE('',*,*,#8198,.T.);
#8201=ORIENTED_EDGE('',*,*,#8200,.T.);
#8203=ORIENTED_EDGE('',*,*,#8202,.F.);
#8204=ORIENTED_EDGE('',*,*,#8183,.T.);
#8205=EDGE_LOOP('',(#8199,#8201,#8203,#8204));
#8206=FACE_OUTER_BOUND('',#8205,.F.);
#8207=ADVANCED_FACE('',(#8206),#8197,.T.);
#8208=CARTESIAN_POINT('',(3.75E0,-1.0075E0,-7.59E0));
#8209=DIRECTION('',(0.E0,9.857817160344E-1,-1.680309743240E-1));
#8210=DIRECTION('',(0.E0,-1.680309743240E-1,-9.857817160344E-1));
#8211=AXIS2_PLACEMENT_3D('',#8208,#8209,#8210);
#8212=PLANE('',#8211);
#8214=ORIENTED_EDGE('',*,*,#8213,.T.);
#8216=ORIENTED_EDGE('',*,*,#8215,.F.);
#8217=ORIENTED_EDGE('',*,*,#8198,.F.);
#8218=ORIENTED_EDGE('',*,*,#8188,.F.);
#8219=EDGE_LOOP('',(#8214,#8216,#8217,#8218));
#8220=FACE_OUTER_BOUND('',#8219,.F.);
#8221=ADVANCED_FACE('',(#8220),#8212,.T.);
#8222=CARTESIAN_POINT('',(3.4325E0,-9.325E-1,-8.03E0));
#8223=DIRECTION('',(0.E0,1.E0,0.E0));
#8224=DIRECTION('',(0.E0,0.E0,1.E0));
#8225=AXIS2_PLACEMENT_3D('',#8222,#8223,#8224);
#8226=PLANE('',#8225);
#8227=ORIENTED_EDGE('',*,*,#8213,.F.);
#8228=ORIENTED_EDGE('',*,*,#8039,.T.);
#8229=ORIENTED_EDGE('',*,*,#6337,.F.);
#8230=ORIENTED_EDGE('',*,*,#7907,.F.);
#8231=EDGE_LOOP('',(#8227,#8228,#8229,#8230));
#8232=FACE_OUTER_BOUND('',#8231,.F.);
#8233=ADVANCED_FACE('',(#8232),#8226,.T.);
#8234=CARTESIAN_POINT('',(3.4325E0,-9.325E-1,-8.03E0));
#8235=DIRECTION('',(0.E0,1.E0,0.E0));
#8236=DIRECTION('',(0.E0,0.E0,1.E0));
#8237=AXIS2_PLACEMENT_3D('',#8234,#8235,#8236);
#8238=PLANE('',#8237);
#8240=ORIENTED_EDGE('',*,*,#8239,.T.);
#8241=ORIENTED_EDGE('',*,*,#7925,.F.);
#8242=ORIENTED_EDGE('',*,*,#7813,.T.);
#8243=ORIENTED_EDGE('',*,*,#8051,.T.);
#8244=EDGE_LOOP('',(#8240,#8241,#8242,#8243));
#8245=FACE_OUTER_BOUND('',#8244,.F.);
#8246=ADVANCED_FACE('',(#8245),#8238,.T.);
#8247=CARTESIAN_POINT('',(3.75E0,-1.0075E0,2.33E0));
#8248=DIRECTION('',(0.E0,9.857817160344E-1,1.680309743240E-1));
#8249=DIRECTION('',(0.E0,1.680309743240E-1,-9.857817160344E-1));
#8250=AXIS2_PLACEMENT_3D('',#8247,#8248,#8249);
#8251=PLANE('',#8250);
#8252=ORIENTED_EDGE('',*,*,#8239,.F.);
#8254=ORIENTED_EDGE('',*,*,#8253,.F.);
#8256=ORIENTED_EDGE('',*,*,#8255,.T.);
#8258=ORIENTED_EDGE('',*,*,#8257,.T.);
#8259=EDGE_LOOP('',(#8252,#8254,#8256,#8258));
#8260=FACE_OUTER_BOUND('',#8259,.F.);
#8261=ADVANCED_FACE('',(#8260),#8251,.T.);
#8262=CARTESIAN_POINT('',(3.9925E0,-1.25E0,2.33E0));
#8263=DIRECTION('',(9.857817160344E-1,0.E0,1.680309743240E-1));
#8264=DIRECTION('',(-1.680309743240E-1,0.E0,9.857817160344E-1));
#8265=AXIS2_PLACEMENT_3D('',#8262,#8263,#8264);
#8266=PLANE('',#8265);
#8268=ORIENTED_EDGE('',*,*,#8267,.F.);
#8269=ORIENTED_EDGE('',*,*,#8253,.T.);
#8270=ORIENTED_EDGE('',*,*,#8049,.T.);
#8272=ORIENTED_EDGE('',*,*,#8271,.F.);
#8273=EDGE_LOOP('',(#8268,#8269,#8270,#8272));
#8274=FACE_OUTER_BOUND('',#8273,.F.);
#8275=ADVANCED_FACE('',(#8274),#8266,.T.);
#8276=CARTESIAN_POINT('',(3.4325E0,-9.325E-1,2.77E0));
#8277=DIRECTION('',(0.E0,0.E0,1.E0));
#8278=DIRECTION('',(0.E0,-1.E0,0.E0));
#8279=AXIS2_PLACEMENT_3D('',#8276,#8277,#8278);
#8280=PLANE('',#8279);
#8282=ORIENTED_EDGE('',*,*,#8281,.T.);
#8284=ORIENTED_EDGE('',*,*,#8283,.T.);
#8285=ORIENTED_EDGE('',*,*,#8255,.F.);
#8286=ORIENTED_EDGE('',*,*,#8267,.T.);
#8287=EDGE_LOOP('',(#8282,#8284,#8285,#8286));
#8288=FACE_OUTER_BOUND('',#8287,.F.);
#8289=ADVANCED_FACE('',(#8288),#8280,.T.);
#8290=CARTESIAN_POINT('',(3.75E0,-1.4925E0,2.33E0));
#8291=DIRECTION('',(0.E0,-9.857817160344E-1,1.680309743240E-1));
#8292=DIRECTION('',(0.E0,1.680309743240E-1,9.857817160344E-1));
#8293=AXIS2_PLACEMENT_3D('',#8290,#8291,#8292);
#8294=PLANE('',#8293);
#8296=ORIENTED_EDGE('',*,*,#8295,.T.);
#8298=ORIENTED_EDGE('',*,*,#8297,.F.);
#8299=ORIENTED_EDGE('',*,*,#8281,.F.);
#8300=ORIENTED_EDGE('',*,*,#8271,.T.);
#8301=EDGE_LOOP('',(#8296,#8298,#8299,#8300));
#8302=FACE_OUTER_BOUND('',#8301,.F.);
#8303=ADVANCED_FACE('',(#8302),#8294,.T.);
#8304=CARTESIAN_POINT('',(3.4325E0,-1.5675E0,2.77E0));
#8305=DIRECTION('',(0.E0,-1.E0,0.E0));
#8306=DIRECTION('',(0.E0,0.E0,-1.E0));
#8307=AXIS2_PLACEMENT_3D('',#8304,#8305,#8306);
#8308=PLANE('',#8307);
#8310=ORIENTED_EDGE('',*,*,#8309,.T.);
#8311=ORIENTED_EDGE('',*,*,#7910,.F.);
#8312=ORIENTED_EDGE('',*,*,#6341,.T.);
#8313=ORIENTED_EDGE('',*,*,#8036,.T.);
#8314=EDGE_LOOP('',(#8310,#8311,#8312,#8313));
#8315=FACE_OUTER_BOUND('',#8314,.F.);
#8316=ADVANCED_FACE('',(#8315),#8308,.T.);
#8317=CARTESIAN_POINT('',(3.4325E0,-1.5675E0,2.77E0));
#8318=DIRECTION('',(0.E0,-1.E0,0.E0));
#8319=DIRECTION('',(0.E0,0.E0,-1.E0));
#8320=AXIS2_PLACEMENT_3D('',#8317,#8318,#8319);
#8321=PLANE('',#8320);
#8322=ORIENTED_EDGE('',*,*,#8295,.F.);
#8323=ORIENTED_EDGE('',*,*,#8054,.T.);
#8324=ORIENTED_EDGE('',*,*,#7809,.F.);
#8325=ORIENTED_EDGE('',*,*,#7922,.F.);
#8326=EDGE_LOOP('',(#8322,#8323,#8324,#8325));
#8327=FACE_OUTER_BOUND('',#8326,.F.);
#8328=ADVANCED_FACE('',(#8327),#8321,.T.);
#8329=CARTESIAN_POINT('',(3.75E0,-1.4925E0,-7.59E0));
#8330=DIRECTION('',(0.E0,-9.857817160344E-1,-1.680309743240E-1));
#8331=DIRECTION('',(0.E0,-1.680309743240E-1,9.857817160344E-1));
#8332=AXIS2_PLACEMENT_3D('',#8329,#8330,#8331);
#8333=PLANE('',#8332);
#8334=ORIENTED_EDGE('',*,*,#8309,.F.);
#8335=ORIENTED_EDGE('',*,*,#8185,.F.);
#8336=ORIENTED_EDGE('',*,*,#8202,.T.);
#8338=ORIENTED_EDGE('',*,*,#8337,.T.);
#8339=EDGE_LOOP('',(#8334,#8335,#8336,#8338));
#8340=FACE_OUTER_BOUND('',#8339,.F.);
#8341=ADVANCED_FACE('',(#8340),#8333,.T.);
#8342=CARTESIAN_POINT('',(3.5075E0,-1.25E0,-7.59E0));
#8343=DIRECTION('',(-9.857817160344E-1,0.E0,-1.680309743240E-1));
#8344=DIRECTION('',(1.680309743240E-1,0.E0,-9.857817160344E-1));
#8345=AXIS2_PLACEMENT_3D('',#8342,#8343,#8344);
#8346=PLANE('',#8345);
#8347=ORIENTED_EDGE('',*,*,#7905,.T.);
#8348=ORIENTED_EDGE('',*,*,#8337,.F.);
#8349=ORIENTED_EDGE('',*,*,#8200,.F.);
#8350=ORIENTED_EDGE('',*,*,#8215,.T.);
#8351=EDGE_LOOP('',(#8347,#8348,#8349,#8350));
#8352=FACE_OUTER_BOUND('',#8351,.F.);
#8353=ADVANCED_FACE('',(#8352),#8346,.T.);
#8354=CARTESIAN_POINT('',(3.5075E0,-1.25E0,2.33E0));
#8355=DIRECTION('',(-9.857817160344E-1,0.E0,1.680309743240E-1));
#8356=DIRECTION('',(1.680309743240E-1,0.E0,9.857817160344E-1));
#8357=AXIS2_PLACEMENT_3D('',#8354,#8355,#8356);
#8358=PLANE('',#8357);
#8359=ORIENTED_EDGE('',*,*,#7920,.T.);
#8360=ORIENTED_EDGE('',*,*,#8257,.F.);
#8361=ORIENTED_EDGE('',*,*,#8283,.F.);
#8362=ORIENTED_EDGE('',*,*,#8297,.T.);
#8363=EDGE_LOOP('',(#8359,#8360,#8361,#8362));
#8364=FACE_OUTER_BOUND('',#8363,.F.);
#8365=ADVANCED_FACE('',(#8364),#8358,.T.);
#8366=CARTESIAN_POINT('',(1.4E-1,-2.345E0,4.23E0));
#8367=DIRECTION('',(0.E0,-1.E0,0.E0));
#8368=DIRECTION('',(1.E0,0.E0,0.E0));
#8369=AXIS2_PLACEMENT_3D('',#8366,#8367,#8368);
#8370=PLANE('',#8369);
#8371=ORIENTED_EDGE('',*,*,#6953,.F.);
#8373=ORIENTED_EDGE('',*,*,#8372,.T.);
#8375=ORIENTED_EDGE('',*,*,#8374,.T.);
#8377=ORIENTED_EDGE('',*,*,#8376,.F.);
#8378=EDGE_LOOP('',(#8371,#8373,#8375,#8377));
#8379=FACE_OUTER_BOUND('',#8378,.F.);
#8380=ADVANCED_FACE('',(#8379),#8370,.F.);
#8381=CARTESIAN_POINT('',(1.4E-1,-1.55E-1,4.23E0));
#8382=DIRECTION('',(-1.E0,0.E0,0.E0));
#8383=DIRECTION('',(0.E0,-1.E0,0.E0));
#8384=AXIS2_PLACEMENT_3D('',#8381,#8382,#8383);
#8385=PLANE('',#8384);
#8386=ORIENTED_EDGE('',*,*,#6959,.F.);
#8388=ORIENTED_EDGE('',*,*,#8387,.T.);
#8390=ORIENTED_EDGE('',*,*,#8389,.T.);
#8391=ORIENTED_EDGE('',*,*,#8372,.F.);
#8392=EDGE_LOOP('',(#8386,#8388,#8390,#8391));
#8393=FACE_OUTER_BOUND('',#8392,.F.);
#8394=ADVANCED_FACE('',(#8393),#8385,.F.);
#8395=CARTESIAN_POINT('',(2.36E0,-1.55E-1,4.23E0));
#8396=DIRECTION('',(0.E0,1.E0,0.E0));
#8397=DIRECTION('',(-1.E0,0.E0,0.E0));
#8398=AXIS2_PLACEMENT_3D('',#8395,#8396,#8397);
#8399=PLANE('',#8398);
#8400=ORIENTED_EDGE('',*,*,#6957,.F.);
#8402=ORIENTED_EDGE('',*,*,#8401,.T.);
#8404=ORIENTED_EDGE('',*,*,#8403,.T.);
#8405=ORIENTED_EDGE('',*,*,#8387,.F.);
#8406=EDGE_LOOP('',(#8400,#8402,#8404,#8405));
#8407=FACE_OUTER_BOUND('',#8406,.F.);
#8408=ADVANCED_FACE('',(#8407),#8399,.F.);
#8409=CARTESIAN_POINT('',(2.36E0,-2.345E0,4.23E0));
#8410=DIRECTION('',(1.E0,0.E0,0.E0));
#8411=DIRECTION('',(0.E0,1.E0,0.E0));
#8412=AXIS2_PLACEMENT_3D('',#8409,#8410,#8411);
#8413=PLANE('',#8412);
#8414=ORIENTED_EDGE('',*,*,#6955,.F.);
#8415=ORIENTED_EDGE('',*,*,#8376,.T.);
#8417=ORIENTED_EDGE('',*,*,#8416,.T.);
#8418=ORIENTED_EDGE('',*,*,#8401,.F.);
#8419=EDGE_LOOP('',(#8414,#8415,#8417,#8418));
#8420=FACE_OUTER_BOUND('',#8419,.F.);
#8421=ADVANCED_FACE('',(#8420),#8413,.F.);
#8422=CARTESIAN_POINT('',(0.E0,-2.99E0,-1.77E0));
#8423=DIRECTION('',(0.E0,0.E0,1.E0));
#8424=DIRECTION('',(1.E0,0.E0,0.E0));
#8425=AXIS2_PLACEMENT_3D('',#8422,#8423,#8424);
#8426=PLANE('',#8425);
#8428=ORIENTED_EDGE('',*,*,#8427,.F.);
#8430=ORIENTED_EDGE('',*,*,#8429,.F.);
#8432=ORIENTED_EDGE('',*,*,#8431,.F.);
#8434=ORIENTED_EDGE('',*,*,#8433,.F.);
#8435=EDGE_LOOP('',(#8428,#8430,#8432,#8434));
#8436=FACE_OUTER_BOUND('',#8435,.F.);
#8438=ORIENTED_EDGE('',*,*,#8437,.T.);
#8440=ORIENTED_EDGE('',*,*,#8439,.T.);
#8442=ORIENTED_EDGE('',*,*,#8441,.F.);
#8444=ORIENTED_EDGE('',*,*,#8443,.F.);
#8445=EDGE_LOOP('',(#8438,#8440,#8442,#8444));
#8446=FACE_BOUND('',#8445,.F.);
#8447=ADVANCED_FACE('',(#8436,#8446),#8426,.T.);
#8448=CARTESIAN_POINT('',(0.E0,-2.99E0,-1.77E0));
#8449=DIRECTION('',(0.E0,0.E0,1.E0));
#8450=DIRECTION('',(1.E0,0.E0,0.E0));
#8451=AXIS2_PLACEMENT_3D('',#8448,#8449,#8450);
#8452=PLANE('',#8451);
#8453=ORIENTED_EDGE('',*,*,#8374,.F.);
#8454=ORIENTED_EDGE('',*,*,#8389,.F.);
#8455=ORIENTED_EDGE('',*,*,#8403,.F.);
#8456=ORIENTED_EDGE('',*,*,#8416,.F.);
#8457=EDGE_LOOP('',(#8453,#8454,#8455,#8456));
#8458=FACE_OUTER_BOUND('',#8457,.F.);
#8460=ORIENTED_EDGE('',*,*,#8459,.F.);
#8462=ORIENTED_EDGE('',*,*,#8461,.T.);
#8464=ORIENTED_EDGE('',*,*,#8463,.T.);
#8466=ORIENTED_EDGE('',*,*,#8465,.F.);
#8467=EDGE_LOOP('',(#8460,#8462,#8464,#8466));
#8468=FACE_BOUND('',#8467,.F.);
#8469=ADVANCED_FACE('',(#8458,#8468),#8452,.T.);
#8470=CARTESIAN_POINT('',(1.4E-1,2.345E0,4.23E0));
#8471=DIRECTION('',(-1.E0,0.E0,0.E0));
#8472=DIRECTION('',(0.E0,-1.E0,0.E0));
#8473=AXIS2_PLACEMENT_3D('',#8470,#8471,#8472);
#8474=PLANE('',#8473);
#8475=ORIENTED_EDGE('',*,*,#6898,.F.);
#8477=ORIENTED_EDGE('',*,*,#8476,.T.);
#8478=ORIENTED_EDGE('',*,*,#8427,.T.);
#8480=ORIENTED_EDGE('',*,*,#8479,.F.);
#8481=EDGE_LOOP('',(#8475,#8477,#8478,#8480));
#8482=FACE_OUTER_BOUND('',#8481,.F.);
#8483=ADVANCED_FACE('',(#8482),#8474,.F.);
#8484=CARTESIAN_POINT('',(2.36E0,2.345E0,4.23E0));
#8485=DIRECTION('',(0.E0,1.E0,0.E0));
#8486=DIRECTION('',(-1.E0,0.E0,0.E0));
#8487=AXIS2_PLACEMENT_3D('',#8484,#8485,#8486);
#8488=PLANE('',#8487);
#8490=ORIENTED_EDGE('',*,*,#8489,.T.);
#8492=ORIENTED_EDGE('',*,*,#8491,.F.);
#8493=ORIENTED_EDGE('',*,*,#6904,.F.);
#8495=ORIENTED_EDGE('',*,*,#8494,.T.);
#8496=ORIENTED_EDGE('',*,*,#8429,.T.);
#8497=ORIENTED_EDGE('',*,*,#8476,.F.);
#8498=ORIENTED_EDGE('',*,*,#6896,.F.);
#8500=ORIENTED_EDGE('',*,*,#8499,.T.);
#8501=EDGE_LOOP('',(#8490,#8492,#8493,#8495,#8496,#8497,#8498,#8500));
#8502=FACE_OUTER_BOUND('',#8501,.F.);
#8503=ADVANCED_FACE('',(#8502),#8488,.F.);
#8504=CARTESIAN_POINT('',(-2.6E0,0.E0,-3.2E-1));
#8505=DIRECTION('',(0.E0,0.E0,1.E0));
#8506=DIRECTION('',(1.E0,0.E0,0.E0));
#8507=AXIS2_PLACEMENT_3D('',#8504,#8505,#8506);
#8508=PLANE('',#8507);
#8510=ORIENTED_EDGE('',*,*,#8509,.T.);
#8512=ORIENTED_EDGE('',*,*,#8511,.F.);
#8514=ORIENTED_EDGE('',*,*,#8513,.F.);
#8515=ORIENTED_EDGE('',*,*,#8489,.F.);
#8517=ORIENTED_EDGE('',*,*,#8516,.F.);
#8519=ORIENTED_EDGE('',*,*,#8518,.F.);
#8521=ORIENTED_EDGE('',*,*,#8520,.F.);
#8523=ORIENTED_EDGE('',*,*,#8522,.T.);
#8525=ORIENTED_EDGE('',*,*,#8524,.F.);
#8527=ORIENTED_EDGE('',*,*,#8526,.F.);
#8528=EDGE_LOOP('',(#8510,#8512,#8514,#8515,#8517,#8519,#8521,#8523,#8525,
#8527));
#8529=FACE_OUTER_BOUND('',#8528,.F.);
#8530=ADVANCED_FACE('',(#8529),#8508,.T.);
#8531=CARTESIAN_POINT('',(-2.6E0,5.E0,0.E0));
#8532=DIRECTION('',(0.E0,1.E0,0.E0));
#8533=DIRECTION('',(1.E0,0.E0,0.E0));
#8534=AXIS2_PLACEMENT_3D('',#8531,#8532,#8533);
#8535=PLANE('',#8534);
#8537=ORIENTED_EDGE('',*,*,#8536,.T.);
#8539=ORIENTED_EDGE('',*,*,#8538,.F.);
#8540=ORIENTED_EDGE('',*,*,#8509,.F.);
#8542=ORIENTED_EDGE('',*,*,#8541,.F.);
#8543=EDGE_LOOP('',(#8537,#8539,#8540,#8542));
#8544=FACE_OUTER_BOUND('',#8543,.F.);
#8545=ADVANCED_FACE('',(#8544),#8535,.T.);
#8546=CARTESIAN_POINT('',(-2.6E0,2.99E0,-7.8E-1));
#8547=DIRECTION('',(0.E0,0.E0,-1.E0));
#8548=DIRECTION('',(0.E0,1.E0,0.E0));
#8549=AXIS2_PLACEMENT_3D('',#8546,#8547,#8548);
#8550=PLANE('',#8549);
#8552=ORIENTED_EDGE('',*,*,#8551,.T.);
#8554=ORIENTED_EDGE('',*,*,#8553,.F.);
#8556=ORIENTED_EDGE('',*,*,#8555,.T.);
#8557=ORIENTED_EDGE('',*,*,#8536,.F.);
#8559=ORIENTED_EDGE('',*,*,#8558,.F.);
#8561=ORIENTED_EDGE('',*,*,#8560,.F.);
#8563=ORIENTED_EDGE('',*,*,#8562,.T.);
#8564=ORIENTED_EDGE('',*,*,#6556,.T.);
#8565=EDGE_LOOP('',(#8552,#8554,#8556,#8557,#8559,#8561,#8563,#8564));
#8566=FACE_OUTER_BOUND('',#8565,.F.);
#8567=ADVANCED_FACE('',(#8566),#8550,.T.);
#8568=CARTESIAN_POINT('',(2.4E0,-1.4513824E1,-5.8E-1));
#8569=DIRECTION('',(0.E0,1.E0,0.E0));
#8570=DIRECTION('',(1.E0,0.E0,0.E0));
#8571=AXIS2_PLACEMENT_3D('',#8568,#8569,#8570);
#8572=CYLINDRICAL_SURFACE('',#8571,2.E-1);
#8574=ORIENTED_EDGE('',*,*,#8573,.T.);
#8576=ORIENTED_EDGE('',*,*,#8575,.T.);
#8577=ORIENTED_EDGE('',*,*,#8551,.F.);
#8578=ORIENTED_EDGE('',*,*,#6554,.T.);
#8579=EDGE_LOOP('',(#8574,#8576,#8577,#8578));
#8580=FACE_OUTER_BOUND('',#8579,.F.);
#8581=ADVANCED_FACE('',(#8580),#8572,.T.);
#8582=CARTESIAN_POINT('',(2.6E0,0.E0,0.E0));
#8583=DIRECTION('',(1.E0,0.E0,0.E0));
#8584=DIRECTION('',(0.E0,0.E0,-1.E0));
#8585=AXIS2_PLACEMENT_3D('',#8582,#8583,#8584);
#8586=PLANE('',#8585);
#8588=ORIENTED_EDGE('',*,*,#8587,.F.);
#8589=ORIENTED_EDGE('',*,*,#8573,.F.);
#8590=ORIENTED_EDGE('',*,*,#6552,.F.);
#8591=ORIENTED_EDGE('',*,*,#6910,.F.);
#8593=ORIENTED_EDGE('',*,*,#8592,.F.);
#8595=ORIENTED_EDGE('',*,*,#8594,.F.);
#8596=EDGE_LOOP('',(#8588,#8589,#8590,#8591,#8593,#8595));
#8597=FACE_OUTER_BOUND('',#8596,.F.);
#8598=ADVANCED_FACE('',(#8597),#8586,.T.);
#8599=CARTESIAN_POINT('',(2.4E0,5.65E0,-6.181988130675E-1));
#8600=DIRECTION('',(0.E0,0.E0,1.E0));
#8601=DIRECTION('',(1.E0,0.E0,0.E0));
#8602=AXIS2_PLACEMENT_3D('',#8599,#8600,#8601);
#8603=CYLINDRICAL_SURFACE('',#8602,2.E-1);
#8605=ORIENTED_EDGE('',*,*,#8604,.T.);
#8607=ORIENTED_EDGE('',*,*,#8606,.F.);
#8609=ORIENTED_EDGE('',*,*,#8608,.F.);
#8610=ORIENTED_EDGE('',*,*,#8587,.T.);
#8611=EDGE_LOOP('',(#8605,#8607,#8609,#8610));
#8612=FACE_OUTER_BOUND('',#8611,.F.);
#8613=ADVANCED_FACE('',(#8612),#8603,.T.);
#8614=CARTESIAN_POINT('',(-2.6E0,5.85E0,5.68E0));
#8615=DIRECTION('',(0.E0,0.E0,1.E0));
#8616=DIRECTION('',(0.E0,-1.E0,0.E0));
#8617=AXIS2_PLACEMENT_3D('',#8614,#8615,#8616);
#8618=PLANE('',#8617);
#8619=ORIENTED_EDGE('',*,*,#8604,.F.);
#8620=ORIENTED_EDGE('',*,*,#8594,.T.);
#8622=ORIENTED_EDGE('',*,*,#8621,.F.);
#8624=ORIENTED_EDGE('',*,*,#8623,.F.);
#8626=ORIENTED_EDGE('',*,*,#8625,.F.);
#8628=ORIENTED_EDGE('',*,*,#8627,.T.);
#8629=EDGE_LOOP('',(#8619,#8620,#8622,#8624,#8626,#8628));
#8630=FACE_OUTER_BOUND('',#8629,.F.);
#8631=ADVANCED_FACE('',(#8630),#8618,.T.);
#8632=CARTESIAN_POINT('',(-2.6E0,5.27E0,5.68E0));
#8633=DIRECTION('',(0.E0,-7.046727002400E-1,7.095325119658E-1));
#8634=DIRECTION('',(0.E0,-7.095325119658E-1,-7.046727002400E-1));
#8635=AXIS2_PLACEMENT_3D('',#8632,#8633,#8634);
#8636=PLANE('',#8635);
#8638=ORIENTED_EDGE('',*,*,#8637,.F.);
#8639=ORIENTED_EDGE('',*,*,#6919,.F.);
#8641=ORIENTED_EDGE('',*,*,#8640,.F.);
#8642=ORIENTED_EDGE('',*,*,#8621,.T.);
#8643=ORIENTED_EDGE('',*,*,#8592,.T.);
#8644=ORIENTED_EDGE('',*,*,#6908,.F.);
#8646=ORIENTED_EDGE('',*,*,#8645,.T.);
#8648=ORIENTED_EDGE('',*,*,#8647,.T.);
#8649=EDGE_LOOP('',(#8638,#8639,#8641,#8642,#8643,#8644,#8646,#8648));
#8650=FACE_OUTER_BOUND('',#8649,.F.);
#8651=ADVANCED_FACE('',(#8650),#8636,.T.);
#8652=CARTESIAN_POINT('',(-2.2E0,5.E0,5.68E0));
#8653=DIRECTION('',(-1.E0,0.E0,0.E0));
#8654=DIRECTION('',(0.E0,-1.E0,0.E0));
#8655=AXIS2_PLACEMENT_3D('',#8652,#8653,#8654);
#8656=PLANE('',#8655);
#8657=ORIENTED_EDGE('',*,*,#6878,.F.);
#8658=ORIENTED_EDGE('',*,*,#8637,.T.);
#8660=ORIENTED_EDGE('',*,*,#8659,.T.);
#8661=ORIENTED_EDGE('',*,*,#8524,.T.);
#8663=ORIENTED_EDGE('',*,*,#8662,.F.);
#8664=EDGE_LOOP('',(#8657,#8658,#8660,#8661,#8663));
#8665=FACE_OUTER_BOUND('',#8664,.F.);
#8666=ADVANCED_FACE('',(#8665),#8656,.F.);
#8667=CARTESIAN_POINT('',(2.2E0,5.E0,5.68E0));
#8668=DIRECTION('',(0.E0,1.E0,0.E0));
#8669=DIRECTION('',(-1.E0,0.E0,0.E0));
#8670=AXIS2_PLACEMENT_3D('',#8667,#8668,#8669);
#8671=PLANE('',#8670);
#8673=ORIENTED_EDGE('',*,*,#8672,.F.);
#8674=ORIENTED_EDGE('',*,*,#8526,.T.);
#8675=ORIENTED_EDGE('',*,*,#8659,.F.);
#8676=ORIENTED_EDGE('',*,*,#8647,.F.);
#8678=ORIENTED_EDGE('',*,*,#8677,.T.);
#8679=ORIENTED_EDGE('',*,*,#8511,.T.);
#8681=ORIENTED_EDGE('',*,*,#8680,.T.);
#8683=ORIENTED_EDGE('',*,*,#8682,.F.);
#8685=ORIENTED_EDGE('',*,*,#8684,.F.);
#8687=ORIENTED_EDGE('',*,*,#8686,.F.);
#8688=EDGE_LOOP('',(#8673,#8674,#8675,#8676,#8678,#8679,#8681,#8683,#8685,
#8687));
#8689=FACE_OUTER_BOUND('',#8688,.F.);
#8690=ADVANCED_FACE('',(#8689),#8671,.F.);
#8691=CARTESIAN_POINT('',(-1.15E0,5.85E0,-7.8E-1));
#8692=DIRECTION('',(-1.E0,0.E0,0.E0));
#8693=DIRECTION('',(0.E0,0.E0,1.E0));
#8694=AXIS2_PLACEMENT_3D('',#8691,#8692,#8693);
#8695=PLANE('',#8694);
#8696=ORIENTED_EDGE('',*,*,#8558,.T.);
#8697=ORIENTED_EDGE('',*,*,#8541,.T.);
#8698=ORIENTED_EDGE('',*,*,#8672,.T.);
#8700=ORIENTED_EDGE('',*,*,#8699,.F.);
#8702=ORIENTED_EDGE('',*,*,#8701,.F.);
#8704=ORIENTED_EDGE('',*,*,#8703,.F.);
#8705=EDGE_LOOP('',(#8696,#8697,#8698,#8700,#8702,#8704));
#8706=FACE_OUTER_BOUND('',#8705,.F.);
#8707=ADVANCED_FACE('',(#8706),#8695,.F.);
#8708=CARTESIAN_POINT('',(-9.E-1,5.85E0,4.09E0));
#8709=DIRECTION('',(0.E0,1.E0,0.E0));
#8710=DIRECTION('',(1.E0,0.E0,0.E0));
#8711=AXIS2_PLACEMENT_3D('',#8708,#8709,#8710);
#8712=CYLINDRICAL_SURFACE('',#8711,2.5E-1);
#8714=ORIENTED_EDGE('',*,*,#8713,.F.);
#8715=ORIENTED_EDGE('',*,*,#8699,.T.);
#8716=ORIENTED_EDGE('',*,*,#8686,.T.);
#8718=ORIENTED_EDGE('',*,*,#8717,.F.);
#8719=EDGE_LOOP('',(#8714,#8715,#8716,#8718));
#8720=FACE_OUTER_BOUND('',#8719,.F.);
#8721=ADVANCED_FACE('',(#8720),#8712,.F.);
#8722=CARTESIAN_POINT('',(-2.6E0,5.85E0,-5.8E-1));
#8723=DIRECTION('',(0.E0,1.E0,0.E0));
#8724=DIRECTION('',(0.E0,0.E0,1.E0));
#8725=AXIS2_PLACEMENT_3D('',#8722,#8723,#8724);
#8726=PLANE('',#8725);
#8727=ORIENTED_EDGE('',*,*,#8606,.T.);
#8728=ORIENTED_EDGE('',*,*,#8627,.F.);
#8730=ORIENTED_EDGE('',*,*,#8729,.T.);
#8732=ORIENTED_EDGE('',*,*,#8731,.T.);
#8733=ORIENTED_EDGE('',*,*,#8701,.T.);
#8734=ORIENTED_EDGE('',*,*,#8713,.T.);
#8736=ORIENTED_EDGE('',*,*,#8735,.T.);
#8738=ORIENTED_EDGE('',*,*,#8737,.T.);
#8740=ORIENTED_EDGE('',*,*,#8739,.F.);
#8742=ORIENTED_EDGE('',*,*,#8741,.T.);
#8743=EDGE_LOOP('',(#8727,#8728,#8730,#8732,#8733,#8734,#8736,#8738,#8740,
#8742));
#8744=FACE_OUTER_BOUND('',#8743,.F.);
#8745=ADVANCED_FACE('',(#8744),#8726,.T.);
#8746=CARTESIAN_POINT('',(-2.4E0,5.65E0,1.8598676E1));
#8747=DIRECTION('',(0.E0,0.E0,-1.E0));
#8748=DIRECTION('',(-1.E0,0.E0,0.E0));
#8749=AXIS2_PLACEMENT_3D('',#8746,#8747,#8748);
#8750=CYLINDRICAL_SURFACE('',#8749,2.E-1);
#8751=ORIENTED_EDGE('',*,*,#8625,.T.);
#8753=ORIENTED_EDGE('',*,*,#8752,.T.);
#8755=ORIENTED_EDGE('',*,*,#8754,.T.);
#8756=ORIENTED_EDGE('',*,*,#8729,.F.);
#8757=EDGE_LOOP('',(#8751,#8753,#8755,#8756));
#8758=FACE_OUTER_BOUND('',#8757,.F.);
#8759=ADVANCED_FACE('',(#8758),#8750,.T.);
#8760=CARTESIAN_POINT('',(-2.6E0,0.E0,0.E0));
#8761=DIRECTION('',(1.E0,0.E0,0.E0));
#8762=DIRECTION('',(0.E0,0.E0,-1.E0));
#8763=AXIS2_PLACEMENT_3D('',#8760,#8761,#8762);
#8764=PLANE('',#8763);
#8766=ORIENTED_EDGE('',*,*,#8765,.F.);
#8767=ORIENTED_EDGE('',*,*,#8752,.F.);
#8768=ORIENTED_EDGE('',*,*,#8623,.T.);
#8769=ORIENTED_EDGE('',*,*,#8640,.T.);
#8770=ORIENTED_EDGE('',*,*,#6917,.T.);
#8771=ORIENTED_EDGE('',*,*,#6560,.T.);
#8772=EDGE_LOOP('',(#8766,#8767,#8768,#8769,#8770,#8771));
#8773=FACE_OUTER_BOUND('',#8772,.F.);
#8774=ADVANCED_FACE('',(#8773),#8764,.F.);
#8775=CARTESIAN_POINT('',(-2.4E0,5.704263539431E0,-5.8E-1));
#8776=DIRECTION('',(0.E0,-1.E0,0.E0));
#8777=DIRECTION('',(-1.E0,0.E0,0.E0));
#8778=AXIS2_PLACEMENT_3D('',#8775,#8776,#8777);
#8779=CYLINDRICAL_SURFACE('',#8778,2.E-1);
#8780=ORIENTED_EDGE('',*,*,#8562,.F.);
#8782=ORIENTED_EDGE('',*,*,#8781,.F.);
#8783=ORIENTED_EDGE('',*,*,#8765,.T.);
#8784=ORIENTED_EDGE('',*,*,#6558,.T.);
#8785=EDGE_LOOP('',(#8780,#8782,#8783,#8784));
#8786=FACE_OUTER_BOUND('',#8785,.F.);
#8787=ADVANCED_FACE('',(#8786),#8779,.T.);
#8788=CARTESIAN_POINT('',(-2.4E0,5.65E0,-5.8E-1));
#8789=DIRECTION('',(0.E0,7.071067857183E-1,7.071067766548E-1));
#8790=DIRECTION('',(0.E0,7.071067766548E-1,-7.071067857183E-1));
#8791=AXIS2_PLACEMENT_3D('',#8788,#8789,#8790);
#8792=SPHERICAL_SURFACE('',#8791,2.E-1);
#8794=ORIENTED_EDGE('',*,*,#8793,.F.);
#8795=ORIENTED_EDGE('',*,*,#8754,.F.);
#8796=ORIENTED_EDGE('',*,*,#8781,.T.);
#8797=EDGE_LOOP('',(#8794,#8795,#8796));
#8798=FACE_OUTER_BOUND('',#8797,.F.);
#8799=ADVANCED_FACE('',(#8798),#8792,.T.);
#8800=CARTESIAN_POINT('',(-2.6E0,5.65E0,-5.8E-1));
#8801=DIRECTION('',(1.E0,0.E0,0.E0));
#8802=DIRECTION('',(0.E0,0.E0,-1.E0));
#8803=AXIS2_PLACEMENT_3D('',#8800,#8801,#8802);
#8804=CYLINDRICAL_SURFACE('',#8803,2.E-1);
#8806=ORIENTED_EDGE('',*,*,#8805,.T.);
#8807=ORIENTED_EDGE('',*,*,#8741,.F.);
#8809=ORIENTED_EDGE('',*,*,#8808,.F.);
#8810=ORIENTED_EDGE('',*,*,#8553,.T.);
#8811=EDGE_LOOP('',(#8806,#8807,#8809,#8810));
#8812=FACE_OUTER_BOUND('',#8811,.F.);
#8813=ADVANCED_FACE('',(#8812),#8804,.T.);
#8814=CARTESIAN_POINT('',(-2.6E0,5.65E0,-5.8E-1));
#8815=DIRECTION('',(1.E0,0.E0,0.E0));
#8816=DIRECTION('',(0.E0,0.E0,-1.E0));
#8817=AXIS2_PLACEMENT_3D('',#8814,#8815,#8816);
#8818=CYLINDRICAL_SURFACE('',#8817,2.E-1);
#8819=ORIENTED_EDGE('',*,*,#8793,.T.);
#8820=ORIENTED_EDGE('',*,*,#8560,.T.);
#8821=ORIENTED_EDGE('',*,*,#8703,.T.);
#8822=ORIENTED_EDGE('',*,*,#8731,.F.);
#8823=EDGE_LOOP('',(#8819,#8820,#8821,#8822));
#8824=FACE_OUTER_BOUND('',#8823,.F.);
#8825=ADVANCED_FACE('',(#8824),#8818,.T.);
#8826=CARTESIAN_POINT('',(2.4E0,5.65E0,-5.8E-1));
#8827=DIRECTION('',(0.E0,-7.071067857183E-1,-7.071067766548E-1));
#8828=DIRECTION('',(0.E0,7.071067766548E-1,-7.071067857183E-1));
#8829=AXIS2_PLACEMENT_3D('',#8826,#8827,#8828);
#8830=SPHERICAL_SURFACE('',#8829,2.E-1);
#8831=ORIENTED_EDGE('',*,*,#8805,.F.);
#8832=ORIENTED_EDGE('',*,*,#8575,.F.);
#8833=ORIENTED_EDGE('',*,*,#8608,.T.);
#8834=EDGE_LOOP('',(#8831,#8832,#8833));
#8835=FACE_OUTER_BOUND('',#8834,.F.);
#8836=ADVANCED_FACE('',(#8835),#8830,.T.);
#8837=CARTESIAN_POINT('',(1.15E0,5.85E0,4.09E0));
#8838=DIRECTION('',(1.E0,0.E0,0.E0));
#8839=DIRECTION('',(0.E0,0.E0,-1.E0));
#8840=AXIS2_PLACEMENT_3D('',#8837,#8838,#8839);
#8841=PLANE('',#8840);
#8842=ORIENTED_EDGE('',*,*,#8555,.F.);
#8843=ORIENTED_EDGE('',*,*,#8808,.T.);
#8844=ORIENTED_EDGE('',*,*,#8739,.T.);
#8846=ORIENTED_EDGE('',*,*,#8845,.T.);
#8847=ORIENTED_EDGE('',*,*,#8680,.F.);
#8848=ORIENTED_EDGE('',*,*,#8538,.T.);
#8849=EDGE_LOOP('',(#8842,#8843,#8844,#8846,#8847,#8848));
#8850=FACE_OUTER_BOUND('',#8849,.F.);
#8851=ADVANCED_FACE('',(#8850),#8841,.F.);
#8852=CARTESIAN_POINT('',(9.E-1,5.85E0,4.09E0));
#8853=DIRECTION('',(0.E0,1.E0,0.E0));
#8854=DIRECTION('',(1.E0,0.E0,0.E0));
#8855=AXIS2_PLACEMENT_3D('',#8852,#8853,#8854);
#8856=CYLINDRICAL_SURFACE('',#8855,2.5E-1);
#8857=ORIENTED_EDGE('',*,*,#8737,.F.);
#8859=ORIENTED_EDGE('',*,*,#8858,.T.);
#8860=ORIENTED_EDGE('',*,*,#8682,.T.);
#8861=ORIENTED_EDGE('',*,*,#8845,.F.);
#8862=EDGE_LOOP('',(#8857,#8859,#8860,#8861));
#8863=FACE_OUTER_BOUND('',#8862,.F.);
#8864=ADVANCED_FACE('',(#8863),#8856,.F.);
#8865=CARTESIAN_POINT('',(-9.E-1,5.85E0,4.34E0));
#8866=DIRECTION('',(0.E0,0.E0,1.E0));
#8867=DIRECTION('',(1.E0,0.E0,0.E0));
#8868=AXIS2_PLACEMENT_3D('',#8865,#8866,#8867);
#8869=PLANE('',#8868);
#8870=ORIENTED_EDGE('',*,*,#8735,.F.);
#8871=ORIENTED_EDGE('',*,*,#8717,.T.);
#8872=ORIENTED_EDGE('',*,*,#8684,.T.);
#8873=ORIENTED_EDGE('',*,*,#8858,.F.);
#8874=EDGE_LOOP('',(#8870,#8871,#8872,#8873));
#8875=FACE_OUTER_BOUND('',#8874,.F.);
#8876=ADVANCED_FACE('',(#8875),#8869,.F.);
#8877=CARTESIAN_POINT('',(2.2E0,2.345E0,5.68E0));
#8878=DIRECTION('',(1.E0,0.E0,0.E0));
#8879=DIRECTION('',(0.E0,1.E0,0.E0));
#8880=AXIS2_PLACEMENT_3D('',#8877,#8878,#8879);
#8881=PLANE('',#8880);
#8882=ORIENTED_EDGE('',*,*,#6906,.T.);
#8883=ORIENTED_EDGE('',*,*,#8491,.T.);
#8884=ORIENTED_EDGE('',*,*,#8513,.T.);
#8885=ORIENTED_EDGE('',*,*,#8677,.F.);
#8886=ORIENTED_EDGE('',*,*,#8645,.F.);
#8887=EDGE_LOOP('',(#8882,#8883,#8884,#8885,#8886));
#8888=FACE_OUTER_BOUND('',#8887,.F.);
#8889=ADVANCED_FACE('',(#8888),#8881,.F.);
#8890=CARTESIAN_POINT('',(-1.4E-1,2.345E0,4.23E0));
#8891=DIRECTION('',(0.E0,1.E0,0.E0));
#8892=DIRECTION('',(-1.E0,0.E0,0.E0));
#8893=AXIS2_PLACEMENT_3D('',#8890,#8891,#8892);
#8894=PLANE('',#8893);
#8895=ORIENTED_EDGE('',*,*,#8522,.F.);
#8897=ORIENTED_EDGE('',*,*,#8896,.F.);
#8898=ORIENTED_EDGE('',*,*,#6888,.F.);
#8900=ORIENTED_EDGE('',*,*,#8899,.T.);
#8902=ORIENTED_EDGE('',*,*,#8901,.T.);
#8904=ORIENTED_EDGE('',*,*,#8903,.F.);
#8905=ORIENTED_EDGE('',*,*,#6880,.F.);
#8906=ORIENTED_EDGE('',*,*,#8662,.T.);
#8907=EDGE_LOOP('',(#8895,#8897,#8898,#8900,#8902,#8904,#8905,#8906));
#8908=FACE_OUTER_BOUND('',#8907,.F.);
#8909=ADVANCED_FACE('',(#8908),#8894,.F.);
#8910=CARTESIAN_POINT('',(-1.33E0,2.345E0,5.68E0));
#8911=DIRECTION('',(1.E0,0.E0,0.E0));
#8912=DIRECTION('',(0.E0,1.E0,0.E0));
#8913=AXIS2_PLACEMENT_3D('',#8910,#8911,#8912);
#8914=PLANE('',#8913);
#8915=ORIENTED_EDGE('',*,*,#6890,.F.);
#8916=ORIENTED_EDGE('',*,*,#8896,.T.);
#8917=ORIENTED_EDGE('',*,*,#8520,.T.);
#8919=ORIENTED_EDGE('',*,*,#8918,.F.);
#8920=EDGE_LOOP('',(#8915,#8916,#8917,#8919));
#8921=FACE_OUTER_BOUND('',#8920,.F.);
#8922=ADVANCED_FACE('',(#8921),#8914,.F.);
#8923=CARTESIAN_POINT('',(-1.33E0,2.625E0,5.68E0));
#8924=DIRECTION('',(0.E0,-1.E0,0.E0));
#8925=DIRECTION('',(1.E0,0.E0,0.E0));
#8926=AXIS2_PLACEMENT_3D('',#8923,#8924,#8925);
#8927=PLANE('',#8926);
#8928=ORIENTED_EDGE('',*,*,#6892,.F.);
#8929=ORIENTED_EDGE('',*,*,#8918,.T.);
#8930=ORIENTED_EDGE('',*,*,#8518,.T.);
#8932=ORIENTED_EDGE('',*,*,#8931,.F.);
#8933=EDGE_LOOP('',(#8928,#8929,#8930,#8932));
#8934=FACE_OUTER_BOUND('',#8933,.F.);
#8935=ADVANCED_FACE('',(#8934),#8927,.F.);
#8936=CARTESIAN_POINT('',(1.33E0,2.625E0,5.68E0));
#8937=DIRECTION('',(-1.E0,0.E0,0.E0));
#8938=DIRECTION('',(0.E0,-1.E0,0.E0));
#8939=AXIS2_PLACEMENT_3D('',#8936,#8937,#8938);
#8940=PLANE('',#8939);
#8941=ORIENTED_EDGE('',*,*,#6894,.F.);
#8942=ORIENTED_EDGE('',*,*,#8931,.T.);
#8943=ORIENTED_EDGE('',*,*,#8516,.T.);
#8944=ORIENTED_EDGE('',*,*,#8499,.F.);
#8945=EDGE_LOOP('',(#8941,#8942,#8943,#8944));
#8946=FACE_OUTER_BOUND('',#8945,.F.);
#8947=ADVANCED_FACE('',(#8946),#8940,.F.);
#8948=CARTESIAN_POINT('',(-1.4E-1,1.55E-1,4.23E0));
#8949=DIRECTION('',(1.E0,0.E0,0.E0));
#8950=DIRECTION('',(0.E0,1.E0,0.E0));
#8951=AXIS2_PLACEMENT_3D('',#8948,#8949,#8950);
#8952=PLANE('',#8951);
#8953=ORIENTED_EDGE('',*,*,#6886,.F.);
#8955=ORIENTED_EDGE('',*,*,#8954,.T.);
#8957=ORIENTED_EDGE('',*,*,#8956,.T.);
#8958=ORIENTED_EDGE('',*,*,#8899,.F.);
#8959=EDGE_LOOP('',(#8953,#8955,#8957,#8958));
#8960=FACE_OUTER_BOUND('',#8959,.F.);
#8961=ADVANCED_FACE('',(#8960),#8952,.F.);
#8962=CARTESIAN_POINT('',(-2.36E0,1.55E-1,4.23E0));
#8963=DIRECTION('',(0.E0,-1.E0,0.E0));
#8964=DIRECTION('',(1.E0,0.E0,0.E0));
#8965=AXIS2_PLACEMENT_3D('',#8962,#8963,#8964);
#8966=PLANE('',#8965);
#8967=ORIENTED_EDGE('',*,*,#6884,.F.);
#8969=ORIENTED_EDGE('',*,*,#8968,.T.);
#8971=ORIENTED_EDGE('',*,*,#8970,.T.);
#8972=ORIENTED_EDGE('',*,*,#8954,.F.);
#8973=EDGE_LOOP('',(#8967,#8969,#8971,#8972));
#8974=FACE_OUTER_BOUND('',#8973,.F.);
#8975=ADVANCED_FACE('',(#8974),#8966,.F.);
#8976=CARTESIAN_POINT('',(-2.36E0,2.345E0,4.23E0));
#8977=DIRECTION('',(-1.E0,0.E0,0.E0));
#8978=DIRECTION('',(0.E0,-1.E0,0.E0));
#8979=AXIS2_PLACEMENT_3D('',#8976,#8977,#8978);
#8980=PLANE('',#8979);
#8981=ORIENTED_EDGE('',*,*,#6882,.F.);
#8982=ORIENTED_EDGE('',*,*,#8903,.T.);
#8984=ORIENTED_EDGE('',*,*,#8983,.T.);
#8985=ORIENTED_EDGE('',*,*,#8968,.F.);
#8986=EDGE_LOOP('',(#8981,#8982,#8984,#8985));
#8987=FACE_OUTER_BOUND('',#8986,.F.);
#8988=ADVANCED_FACE('',(#8987),#8980,.F.);
#8989=CARTESIAN_POINT('',(0.E0,-2.99E0,-1.77E0));
#8990=DIRECTION('',(0.E0,0.E0,1.E0));
#8991=DIRECTION('',(1.E0,0.E0,0.E0));
#8992=AXIS2_PLACEMENT_3D('',#8989,#8990,#8991);
#8993=PLANE('',#8992);
#8994=ORIENTED_EDGE('',*,*,#8983,.F.);
#8995=ORIENTED_EDGE('',*,*,#8901,.F.);
#8996=ORIENTED_EDGE('',*,*,#8956,.F.);
#8997=ORIENTED_EDGE('',*,*,#8970,.F.);
#8998=EDGE_LOOP('',(#8994,#8995,#8996,#8997));
#8999=FACE_OUTER_BOUND('',#8998,.F.);
#9001=ORIENTED_EDGE('',*,*,#9000,.T.);
#9003=ORIENTED_EDGE('',*,*,#9002,.T.);
#9005=ORIENTED_EDGE('',*,*,#9004,.F.);
#9007=ORIENTED_EDGE('',*,*,#9006,.F.);
#9008=EDGE_LOOP('',(#9001,#9003,#9005,#9007));
#9009=FACE_BOUND('',#9008,.F.);
#9010=ADVANCED_FACE('',(#8999,#9009),#8993,.T.);
#9011=CARTESIAN_POINT('',(0.E0,-2.99E0,-1.77E0));
#9012=DIRECTION('',(0.E0,0.E0,1.E0));
#9013=DIRECTION('',(1.E0,0.E0,0.E0));
#9014=AXIS2_PLACEMENT_3D('',#9011,#9012,#9013);
#9015=PLANE('',#9014);
#9017=ORIENTED_EDGE('',*,*,#9016,.F.);
#9019=ORIENTED_EDGE('',*,*,#9018,.F.);
#9021=ORIENTED_EDGE('',*,*,#9020,.F.);
#9023=ORIENTED_EDGE('',*,*,#9022,.F.);
#9024=EDGE_LOOP('',(#9017,#9019,#9021,#9023));
#9025=FACE_OUTER_BOUND('',#9024,.F.);
#9027=ORIENTED_EDGE('',*,*,#9026,.F.);
#9029=ORIENTED_EDGE('',*,*,#9028,.T.);
#9031=ORIENTED_EDGE('',*,*,#9030,.T.);
#9033=ORIENTED_EDGE('',*,*,#9032,.F.);
#9034=EDGE_LOOP('',(#9027,#9029,#9031,#9033));
#9035=FACE_BOUND('',#9034,.F.);
#9036=ADVANCED_FACE('',(#9025,#9035),#9015,.T.);
#9037=CARTESIAN_POINT('',(-2.36E0,-2.345E0,4.23E0));
#9038=DIRECTION('',(0.E0,-1.E0,0.E0));
#9039=DIRECTION('',(1.E0,0.E0,0.E0));
#9040=AXIS2_PLACEMENT_3D('',#9037,#9038,#9039);
#9041=PLANE('',#9040);
#9042=ORIENTED_EDGE('',*,*,#6963,.F.);
#9044=ORIENTED_EDGE('',*,*,#9043,.T.);
#9045=ORIENTED_EDGE('',*,*,#9016,.T.);
#9047=ORIENTED_EDGE('',*,*,#9046,.F.);
#9048=EDGE_LOOP('',(#9042,#9044,#9045,#9047));
#9049=FACE_OUTER_BOUND('',#9048,.F.);
#9050=ADVANCED_FACE('',(#9049),#9041,.F.);
#9051=CARTESIAN_POINT('',(-2.36E0,-1.55E-1,4.23E0));
#9052=DIRECTION('',(-1.E0,0.E0,0.E0));
#9053=DIRECTION('',(0.E0,-1.E0,0.E0));
#9054=AXIS2_PLACEMENT_3D('',#9051,#9052,#9053);
#9055=PLANE('',#9054);
#9056=ORIENTED_EDGE('',*,*,#6969,.F.);
#9058=ORIENTED_EDGE('',*,*,#9057,.T.);
#9059=ORIENTED_EDGE('',*,*,#9018,.T.);
#9060=ORIENTED_EDGE('',*,*,#9043,.F.);
#9061=EDGE_LOOP('',(#9056,#9058,#9059,#9060));
#9062=FACE_OUTER_BOUND('',#9061,.F.);
#9063=ADVANCED_FACE('',(#9062),#9055,.F.);
#9064=CARTESIAN_POINT('',(-1.4E-1,-1.55E-1,4.23E0));
#9065=DIRECTION('',(0.E0,1.E0,0.E0));
#9066=DIRECTION('',(-1.E0,0.E0,0.E0));
#9067=AXIS2_PLACEMENT_3D('',#9064,#9065,#9066);
#9068=PLANE('',#9067);
#9069=ORIENTED_EDGE('',*,*,#6967,.F.);
#9071=ORIENTED_EDGE('',*,*,#9070,.T.);
#9072=ORIENTED_EDGE('',*,*,#9020,.T.);
#9073=ORIENTED_EDGE('',*,*,#9057,.F.);
#9074=EDGE_LOOP('',(#9069,#9071,#9072,#9073));
#9075=FACE_OUTER_BOUND('',#9074,.F.);
#9076=ADVANCED_FACE('',(#9075),#9068,.F.);
#9077=CARTESIAN_POINT('',(-1.4E-1,-2.345E0,4.23E0));
#9078=DIRECTION('',(1.E0,0.E0,0.E0));
#9079=DIRECTION('',(0.E0,1.E0,0.E0));
#9080=AXIS2_PLACEMENT_3D('',#9077,#9078,#9079);
#9081=PLANE('',#9080);
#9082=ORIENTED_EDGE('',*,*,#6965,.F.);
#9083=ORIENTED_EDGE('',*,*,#9046,.T.);
#9084=ORIENTED_EDGE('',*,*,#9022,.T.);
#9085=ORIENTED_EDGE('',*,*,#9070,.F.);
#9086=EDGE_LOOP('',(#9082,#9083,#9084,#9085));
#9087=FACE_OUTER_BOUND('',#9086,.F.);
#9088=ADVANCED_FACE('',(#9087),#9081,.F.);
#9089=CARTESIAN_POINT('',(-1.5675E0,-2.99E0,0.E0));
#9090=DIRECTION('',(1.E0,0.E0,0.E0));
#9091=DIRECTION('',(0.E0,0.E0,-1.E0));
#9092=AXIS2_PLACEMENT_3D('',#9089,#9090,#9091);
#9093=PLANE('',#9092);
#9095=ORIENTED_EDGE('',*,*,#9094,.F.);
#9097=ORIENTED_EDGE('',*,*,#9096,.T.);
#9098=ORIENTED_EDGE('',*,*,#9006,.T.);
#9100=ORIENTED_EDGE('',*,*,#9099,.T.);
#9101=EDGE_LOOP('',(#9095,#9097,#9098,#9100));
#9102=FACE_OUTER_BOUND('',#9101,.F.);
#9103=ADVANCED_FACE('',(#9102),#9093,.F.);
#9104=CARTESIAN_POINT('',(-1.5675E0,-2.99E0,0.E0));
#9105=DIRECTION('',(1.E0,0.E0,0.E0));
#9106=DIRECTION('',(0.E0,0.E0,-1.E0));
#9107=AXIS2_PLACEMENT_3D('',#9104,#9105,#9106);
#9108=PLANE('',#9107);
#9110=ORIENTED_EDGE('',*,*,#9109,.F.);
#9112=ORIENTED_EDGE('',*,*,#9111,.T.);
#9113=ORIENTED_EDGE('',*,*,#6387,.F.);
#9115=ORIENTED_EDGE('',*,*,#9114,.T.);
#9116=EDGE_LOOP('',(#9110,#9112,#9113,#9115));
#9117=FACE_OUTER_BOUND('',#9116,.F.);
#9118=ADVANCED_FACE('',(#9117),#9108,.F.);
#9119=CARTESIAN_POINT('',(-1.5675E0,-2.99E0,0.E0));
#9120=DIRECTION('',(1.E0,0.E0,0.E0));
#9121=DIRECTION('',(0.E0,0.E0,-1.E0));
#9122=AXIS2_PLACEMENT_3D('',#9119,#9120,#9121);
#9123=PLANE('',#9122);
#9125=ORIENTED_EDGE('',*,*,#9124,.F.);
#9127=ORIENTED_EDGE('',*,*,#9126,.T.);
#9128=ORIENTED_EDGE('',*,*,#6375,.F.);
#9130=ORIENTED_EDGE('',*,*,#9129,.T.);
#9131=EDGE_LOOP('',(#9125,#9127,#9128,#9130));
#9132=FACE_OUTER_BOUND('',#9131,.F.);
#9133=ADVANCED_FACE('',(#9132),#9123,.F.);
#9134=CARTESIAN_POINT('',(-1.5675E0,-2.99E0,0.E0));
#9135=DIRECTION('',(1.E0,0.E0,0.E0));
#9136=DIRECTION('',(0.E0,0.E0,-1.E0));
#9137=AXIS2_PLACEMENT_3D('',#9134,#9135,#9136);
#9138=PLANE('',#9137);
#9140=ORIENTED_EDGE('',*,*,#9139,.F.);
#9142=ORIENTED_EDGE('',*,*,#9141,.T.);
#9143=ORIENTED_EDGE('',*,*,#9026,.T.);
#9145=ORIENTED_EDGE('',*,*,#9144,.T.);
#9146=EDGE_LOOP('',(#9140,#9142,#9143,#9145));
#9147=FACE_OUTER_BOUND('',#9146,.F.);
#9148=ADVANCED_FACE('',(#9147),#9138,.F.);
#9149=CARTESIAN_POINT('',(-1.4925E0,1.25E0,2.33E0));
#9150=DIRECTION('',(-9.857817160344E-1,0.E0,1.680309743240E-1));
#9151=DIRECTION('',(1.680309743240E-1,0.E0,9.857817160344E-1));
#9152=AXIS2_PLACEMENT_3D('',#9149,#9150,#9151);
#9153=PLANE('',#9152);
#9155=ORIENTED_EDGE('',*,*,#9154,.F.);
#9157=ORIENTED_EDGE('',*,*,#9156,.T.);
#9158=ORIENTED_EDGE('',*,*,#9094,.T.);
#9160=ORIENTED_EDGE('',*,*,#9159,.T.);
#9161=EDGE_LOOP('',(#9155,#9157,#9158,#9160));
#9162=FACE_OUTER_BOUND('',#9161,.F.);
#9163=ADVANCED_FACE('',(#9162),#9153,.T.);
#9164=CARTESIAN_POINT('',(-1.5675E0,1.5675E0,2.77E0));
#9165=DIRECTION('',(0.E0,0.E0,1.E0));
#9166=DIRECTION('',(0.E0,-1.E0,0.E0));
#9167=AXIS2_PLACEMENT_3D('',#9164,#9165,#9166);
#9168=PLANE('',#9167);
#9170=ORIENTED_EDGE('',*,*,#9169,.F.);
#9172=ORIENTED_EDGE('',*,*,#9171,.T.);
#9174=ORIENTED_EDGE('',*,*,#9173,.T.);
#9175=ORIENTED_EDGE('',*,*,#9154,.T.);
#9176=EDGE_LOOP('',(#9170,#9172,#9174,#9175));
#9177=FACE_OUTER_BOUND('',#9176,.F.);
#9178=ADVANCED_FACE('',(#9177),#9168,.T.);
#9179=CARTESIAN_POINT('',(-1.25E0,1.4925E0,2.33E0));
#9180=DIRECTION('',(0.E0,9.857817160344E-1,1.680309743240E-1));
#9181=DIRECTION('',(0.E0,1.680309743240E-1,-9.857817160344E-1));
#9182=AXIS2_PLACEMENT_3D('',#9179,#9180,#9181);
#9183=PLANE('',#9182);
#9184=ORIENTED_EDGE('',*,*,#9169,.T.);
#9185=ORIENTED_EDGE('',*,*,#9159,.F.);
#9187=ORIENTED_EDGE('',*,*,#9186,.F.);
#9189=ORIENTED_EDGE('',*,*,#9188,.F.);
#9190=EDGE_LOOP('',(#9184,#9185,#9187,#9189));
#9191=FACE_OUTER_BOUND('',#9190,.F.);
#9192=ADVANCED_FACE('',(#9191),#9183,.T.);
#9193=CARTESIAN_POINT('',(-1.5675E0,1.5675E0,-8.03E0));
#9194=DIRECTION('',(0.E0,1.E0,0.E0));
#9195=DIRECTION('',(0.E0,0.E0,1.E0));
#9196=AXIS2_PLACEMENT_3D('',#9193,#9194,#9195);
#9197=PLANE('',#9196);
#9198=ORIENTED_EDGE('',*,*,#9186,.T.);
#9199=ORIENTED_EDGE('',*,*,#9099,.F.);
#9200=ORIENTED_EDGE('',*,*,#9004,.T.);
#9202=ORIENTED_EDGE('',*,*,#9201,.T.);
#9203=EDGE_LOOP('',(#9198,#9199,#9200,#9202));
#9204=FACE_OUTER_BOUND('',#9203,.F.);
#9205=ADVANCED_FACE('',(#9204),#9197,.T.);
#9206=CARTESIAN_POINT('',(-1.5675E0,1.5675E0,-8.03E0));
#9207=DIRECTION('',(0.E0,1.E0,0.E0));
#9208=DIRECTION('',(0.E0,0.E0,1.E0));
#9209=AXIS2_PLACEMENT_3D('',#9206,#9207,#9208);
#9210=PLANE('',#9209);
#9212=ORIENTED_EDGE('',*,*,#9211,.F.);
#9214=ORIENTED_EDGE('',*,*,#9213,.T.);
#9215=ORIENTED_EDGE('',*,*,#6389,.F.);
#9216=ORIENTED_EDGE('',*,*,#9111,.F.);
#9217=EDGE_LOOP('',(#9212,#9214,#9215,#9216));
#9218=FACE_OUTER_BOUND('',#9217,.F.);
#9219=ADVANCED_FACE('',(#9218),#9210,.T.);
#9220=CARTESIAN_POINT('',(-9.325E-1,-2.99E0,0.E0));
#9221=DIRECTION('',(1.E0,0.E0,0.E0));
#9222=DIRECTION('',(0.E0,0.E0,-1.E0));
#9223=AXIS2_PLACEMENT_3D('',#9220,#9221,#9222);
#9224=PLANE('',#9223);
#9226=ORIENTED_EDGE('',*,*,#9225,.F.);
#9227=ORIENTED_EDGE('',*,*,#9201,.F.);
#9228=ORIENTED_EDGE('',*,*,#9002,.F.);
#9230=ORIENTED_EDGE('',*,*,#9229,.F.);
#9231=EDGE_LOOP('',(#9226,#9227,#9228,#9230));
#9232=FACE_OUTER_BOUND('',#9231,.F.);
#9233=ADVANCED_FACE('',(#9232),#9224,.T.);
#9234=CARTESIAN_POINT('',(-9.325E-1,-2.99E0,0.E0));
#9235=DIRECTION('',(1.E0,0.E0,0.E0));
#9236=DIRECTION('',(0.E0,0.E0,-1.E0));
#9237=AXIS2_PLACEMENT_3D('',#9234,#9235,#9236);
#9238=PLANE('',#9237);
#9240=ORIENTED_EDGE('',*,*,#9239,.F.);
#9242=ORIENTED_EDGE('',*,*,#9241,.F.);
#9243=ORIENTED_EDGE('',*,*,#6391,.T.);
#9244=ORIENTED_EDGE('',*,*,#9213,.F.);
#9245=EDGE_LOOP('',(#9240,#9242,#9243,#9244));
#9246=FACE_OUTER_BOUND('',#9245,.F.);
#9247=ADVANCED_FACE('',(#9246),#9238,.T.);
#9248=CARTESIAN_POINT('',(-9.325E-1,-2.99E0,0.E0));
#9249=DIRECTION('',(1.E0,0.E0,0.E0));
#9250=DIRECTION('',(0.E0,0.E0,-1.E0));
#9251=AXIS2_PLACEMENT_3D('',#9248,#9249,#9250);
#9252=PLANE('',#9251);
#9254=ORIENTED_EDGE('',*,*,#9253,.F.);
#9256=ORIENTED_EDGE('',*,*,#9255,.F.);
#9257=ORIENTED_EDGE('',*,*,#6379,.T.);
#9259=ORIENTED_EDGE('',*,*,#9258,.F.);
#9260=EDGE_LOOP('',(#9254,#9256,#9257,#9259));
#9261=FACE_OUTER_BOUND('',#9260,.F.);
#9262=ADVANCED_FACE('',(#9261),#9252,.T.);
#9263=CARTESIAN_POINT('',(-9.325E-1,-2.99E0,0.E0));
#9264=DIRECTION('',(1.E0,0.E0,0.E0));
#9265=DIRECTION('',(0.E0,0.E0,-1.E0));
#9266=AXIS2_PLACEMENT_3D('',#9263,#9264,#9265);
#9267=PLANE('',#9266);
#9269=ORIENTED_EDGE('',*,*,#9268,.F.);
#9271=ORIENTED_EDGE('',*,*,#9270,.F.);
#9272=ORIENTED_EDGE('',*,*,#9030,.F.);
#9274=ORIENTED_EDGE('',*,*,#9273,.F.);
#9275=EDGE_LOOP('',(#9269,#9271,#9272,#9274));
#9276=FACE_OUTER_BOUND('',#9275,.F.);
#9277=ADVANCED_FACE('',(#9276),#9267,.T.);
#9278=CARTESIAN_POINT('',(-1.0075E0,1.25E0,2.33E0));
#9279=DIRECTION('',(9.857817160344E-1,0.E0,1.680309743240E-1));
#9280=DIRECTION('',(-1.680309743240E-1,0.E0,9.857817160344E-1));
#9281=AXIS2_PLACEMENT_3D('',#9278,#9279,#9280);
#9282=PLANE('',#9281);
#9283=ORIENTED_EDGE('',*,*,#9171,.F.);
#9284=ORIENTED_EDGE('',*,*,#9188,.T.);
#9285=ORIENTED_EDGE('',*,*,#9225,.T.);
#9287=ORIENTED_EDGE('',*,*,#9286,.T.);
#9288=EDGE_LOOP('',(#9283,#9284,#9285,#9287));
#9289=FACE_OUTER_BOUND('',#9288,.F.);
#9290=ADVANCED_FACE('',(#9289),#9282,.T.);
#9291=CARTESIAN_POINT('',(-1.25E0,1.0075E0,2.33E0));
#9292=DIRECTION('',(0.E0,-9.857817160344E-1,1.680309743240E-1));
#9293=DIRECTION('',(0.E0,1.680309743240E-1,9.857817160344E-1));
#9294=AXIS2_PLACEMENT_3D('',#9291,#9292,#9293);
#9295=PLANE('',#9294);
#9297=ORIENTED_EDGE('',*,*,#9296,.T.);
#9298=ORIENTED_EDGE('',*,*,#9156,.F.);
#9299=ORIENTED_EDGE('',*,*,#9173,.F.);
#9300=ORIENTED_EDGE('',*,*,#9286,.F.);
#9301=EDGE_LOOP('',(#9297,#9298,#9299,#9300));
#9302=FACE_OUTER_BOUND('',#9301,.F.);
#9303=ADVANCED_FACE('',(#9302),#9295,.T.);
#9304=CARTESIAN_POINT('',(-1.5675E0,9.325E-1,2.77E0));
#9305=DIRECTION('',(0.E0,-1.E0,0.E0));
#9306=DIRECTION('',(0.E0,0.E0,-1.E0));
#9307=AXIS2_PLACEMENT_3D('',#9304,#9305,#9306);
#9308=PLANE('',#9307);
#9309=ORIENTED_EDGE('',*,*,#9296,.F.);
#9310=ORIENTED_EDGE('',*,*,#9229,.T.);
#9311=ORIENTED_EDGE('',*,*,#9000,.F.);
#9312=ORIENTED_EDGE('',*,*,#9096,.F.);
#9313=EDGE_LOOP('',(#9309,#9310,#9311,#9312));
#9314=FACE_OUTER_BOUND('',#9313,.F.);
#9315=ADVANCED_FACE('',(#9314),#9308,.T.);
#9316=CARTESIAN_POINT('',(-1.5675E0,9.325E-1,2.77E0));
#9317=DIRECTION('',(0.E0,-1.E0,0.E0));
#9318=DIRECTION('',(0.E0,0.E0,-1.E0));
#9319=AXIS2_PLACEMENT_3D('',#9316,#9317,#9318);
#9320=PLANE('',#9319);
#9322=ORIENTED_EDGE('',*,*,#9321,.T.);
#9323=ORIENTED_EDGE('',*,*,#9114,.F.);
#9324=ORIENTED_EDGE('',*,*,#6385,.T.);
#9325=ORIENTED_EDGE('',*,*,#9241,.T.);
#9326=EDGE_LOOP('',(#9322,#9323,#9324,#9325));
#9327=FACE_OUTER_BOUND('',#9326,.F.);
#9328=ADVANCED_FACE('',(#9327),#9320,.T.);
#9329=CARTESIAN_POINT('',(-1.25E0,1.0075E0,-7.59E0));
#9330=DIRECTION('',(0.E0,-9.857817160344E-1,-1.680309743240E-1));
#9331=DIRECTION('',(0.E0,-1.680309743240E-1,9.857817160344E-1));
#9332=AXIS2_PLACEMENT_3D('',#9329,#9330,#9331);
#9333=PLANE('',#9332);
#9334=ORIENTED_EDGE('',*,*,#9321,.F.);
#9336=ORIENTED_EDGE('',*,*,#9335,.F.);
#9338=ORIENTED_EDGE('',*,*,#9337,.T.);
#9340=ORIENTED_EDGE('',*,*,#9339,.T.);
#9341=EDGE_LOOP('',(#9334,#9336,#9338,#9340));
#9342=FACE_OUTER_BOUND('',#9341,.F.);
#9343=ADVANCED_FACE('',(#9342),#9333,.T.);
#9344=CARTESIAN_POINT('',(-1.0075E0,1.25E0,-7.59E0));
#9345=DIRECTION('',(9.857817160344E-1,0.E0,-1.680309743240E-1));
#9346=DIRECTION('',(-1.680309743240E-1,0.E0,-9.857817160344E-1));
#9347=AXIS2_PLACEMENT_3D('',#9344,#9345,#9346);
#9348=PLANE('',#9347);
#9350=ORIENTED_EDGE('',*,*,#9349,.F.);
#9351=ORIENTED_EDGE('',*,*,#9335,.T.);
#9352=ORIENTED_EDGE('',*,*,#9239,.T.);
#9354=ORIENTED_EDGE('',*,*,#9353,.T.);
#9355=EDGE_LOOP('',(#9350,#9351,#9352,#9354));
#9356=FACE_OUTER_BOUND('',#9355,.F.);
#9357=ADVANCED_FACE('',(#9356),#9348,.T.);
#9358=CARTESIAN_POINT('',(-1.5675E0,9.325E-1,-8.03E0));
#9359=DIRECTION('',(0.E0,0.E0,-1.E0));
#9360=DIRECTION('',(0.E0,1.E0,0.E0));
#9361=AXIS2_PLACEMENT_3D('',#9358,#9359,#9360);
#9362=PLANE('',#9361);
#9364=ORIENTED_EDGE('',*,*,#9363,.T.);
#9366=ORIENTED_EDGE('',*,*,#9365,.T.);
#9367=ORIENTED_EDGE('',*,*,#9337,.F.);
#9368=ORIENTED_EDGE('',*,*,#9349,.T.);
#9369=EDGE_LOOP('',(#9364,#9366,#9367,#9368));
#9370=FACE_OUTER_BOUND('',#9369,.F.);
#9371=ADVANCED_FACE('',(#9370),#9362,.T.);
#9372=CARTESIAN_POINT('',(-1.25E0,1.4925E0,-7.59E0));
#9373=DIRECTION('',(0.E0,9.857817160344E-1,-1.680309743240E-1));
#9374=DIRECTION('',(0.E0,-1.680309743240E-1,-9.857817160344E-1));
#9375=AXIS2_PLACEMENT_3D('',#9372,#9373,#9374);
#9376=PLANE('',#9375);
#9377=ORIENTED_EDGE('',*,*,#9211,.T.);
#9379=ORIENTED_EDGE('',*,*,#9378,.F.);
#9380=ORIENTED_EDGE('',*,*,#9363,.F.);
#9381=ORIENTED_EDGE('',*,*,#9353,.F.);
#9382=EDGE_LOOP('',(#9377,#9379,#9380,#9381));
#9383=FACE_OUTER_BOUND('',#9382,.F.);
#9384=ADVANCED_FACE('',(#9383),#9376,.T.);
#9385=CARTESIAN_POINT('',(-1.4925E0,1.25E0,-7.59E0));
#9386=DIRECTION('',(-9.857817160344E-1,0.E0,-1.680309743240E-1));
#9387=DIRECTION('',(1.680309743240E-1,0.E0,-9.857817160344E-1));
#9388=AXIS2_PLACEMENT_3D('',#9385,#9386,#9387);
#9389=PLANE('',#9388);
#9390=ORIENTED_EDGE('',*,*,#9109,.T.);
#9391=ORIENTED_EDGE('',*,*,#9339,.F.);
#9392=ORIENTED_EDGE('',*,*,#9365,.F.);
#9393=ORIENTED_EDGE('',*,*,#9378,.T.);
#9394=EDGE_LOOP('',(#9390,#9391,#9392,#9393));
#9395=FACE_OUTER_BOUND('',#9394,.F.);
#9396=ADVANCED_FACE('',(#9395),#9389,.T.);
#9397=CARTESIAN_POINT('',(-1.0075E0,-1.25E0,-7.59E0));
#9398=DIRECTION('',(9.857817160344E-1,0.E0,-1.680309743240E-1));
#9399=DIRECTION('',(-1.680309743240E-1,0.E0,-9.857817160344E-1));
#9400=AXIS2_PLACEMENT_3D('',#9397,#9398,#9399);
#9401=PLANE('',#9400);
#9403=ORIENTED_EDGE('',*,*,#9402,.F.);
#9405=ORIENTED_EDGE('',*,*,#9404,.T.);
#9406=ORIENTED_EDGE('',*,*,#9253,.T.);
#9408=ORIENTED_EDGE('',*,*,#9407,.T.);
#9409=EDGE_LOOP('',(#9403,#9405,#9406,#9408));
#9410=FACE_OUTER_BOUND('',#9409,.F.);
#9411=ADVANCED_FACE('',(#9410),#9401,.T.);
#9412=CARTESIAN_POINT('',(-1.5675E0,-1.5675E0,-8.03E0));
#9413=DIRECTION('',(0.E0,0.E0,-1.E0));
#9414=DIRECTION('',(0.E0,1.E0,0.E0));
#9415=AXIS2_PLACEMENT_3D('',#9412,#9413,#9414);
#9416=PLANE('',#9415);
#9418=ORIENTED_EDGE('',*,*,#9417,.T.);
#9420=ORIENTED_EDGE('',*,*,#9419,.T.);
#9422=ORIENTED_EDGE('',*,*,#9421,.F.);
#9423=ORIENTED_EDGE('',*,*,#9402,.T.);
#9424=EDGE_LOOP('',(#9418,#9420,#9422,#9423));
#9425=FACE_OUTER_BOUND('',#9424,.F.);
#9426=ADVANCED_FACE('',(#9425),#9416,.T.);
#9427=CARTESIAN_POINT('',(-1.25E0,-1.0075E0,-7.59E0));
#9428=DIRECTION('',(0.E0,9.857817160344E-1,-1.680309743240E-1));
#9429=DIRECTION('',(0.E0,-1.680309743240E-1,-9.857817160344E-1));
#9430=AXIS2_PLACEMENT_3D('',#9427,#9428,#9429);
#9431=PLANE('',#9430);
#9433=ORIENTED_EDGE('',*,*,#9432,.T.);
#9435=ORIENTED_EDGE('',*,*,#9434,.F.);
#9436=ORIENTED_EDGE('',*,*,#9417,.F.);
#9437=ORIENTED_EDGE('',*,*,#9407,.F.);
#9438=EDGE_LOOP('',(#9433,#9435,#9436,#9437));
#9439=FACE_OUTER_BOUND('',#9438,.F.);
#9440=ADVANCED_FACE('',(#9439),#9431,.T.);
#9441=CARTESIAN_POINT('',(-1.5675E0,-9.325E-1,-8.03E0));
#9442=DIRECTION('',(0.E0,1.E0,0.E0));
#9443=DIRECTION('',(0.E0,0.E0,1.E0));
#9444=AXIS2_PLACEMENT_3D('',#9441,#9442,#9443);
#9445=PLANE('',#9444);
#9446=ORIENTED_EDGE('',*,*,#9432,.F.);
#9447=ORIENTED_EDGE('',*,*,#9258,.T.);
#9448=ORIENTED_EDGE('',*,*,#6377,.F.);
#9449=ORIENTED_EDGE('',*,*,#9126,.F.);
#9450=EDGE_LOOP('',(#9446,#9447,#9448,#9449));
#9451=FACE_OUTER_BOUND('',#9450,.F.);
#9452=ADVANCED_FACE('',(#9451),#9445,.T.);
#9453=CARTESIAN_POINT('',(-1.5675E0,-9.325E-1,-8.03E0));
#9454=DIRECTION('',(0.E0,1.E0,0.E0));
#9455=DIRECTION('',(0.E0,0.E0,1.E0));
#9456=AXIS2_PLACEMENT_3D('',#9453,#9454,#9455);
#9457=PLANE('',#9456);
#9459=ORIENTED_EDGE('',*,*,#9458,.T.);
#9460=ORIENTED_EDGE('',*,*,#9144,.F.);
#9461=ORIENTED_EDGE('',*,*,#9032,.T.);
#9462=ORIENTED_EDGE('',*,*,#9270,.T.);
#9463=EDGE_LOOP('',(#9459,#9460,#9461,#9462));
#9464=FACE_OUTER_BOUND('',#9463,.F.);
#9465=ADVANCED_FACE('',(#9464),#9457,.T.);
#9466=CARTESIAN_POINT('',(-1.25E0,-1.0075E0,2.33E0));
#9467=DIRECTION('',(0.E0,9.857817160344E-1,1.680309743240E-1));
#9468=DIRECTION('',(0.E0,1.680309743240E-1,-9.857817160344E-1));
#9469=AXIS2_PLACEMENT_3D('',#9466,#9467,#9468);
#9470=PLANE('',#9469);
#9471=ORIENTED_EDGE('',*,*,#9458,.F.);
#9473=ORIENTED_EDGE('',*,*,#9472,.F.);
#9475=ORIENTED_EDGE('',*,*,#9474,.T.);
#9477=ORIENTED_EDGE('',*,*,#9476,.T.);
#9478=EDGE_LOOP('',(#9471,#9473,#9475,#9477));
#9479=FACE_OUTER_BOUND('',#9478,.F.);
#9480=ADVANCED_FACE('',(#9479),#9470,.T.);
#9481=CARTESIAN_POINT('',(-1.0075E0,-1.25E0,2.33E0));
#9482=DIRECTION('',(9.857817160344E-1,0.E0,1.680309743240E-1));
#9483=DIRECTION('',(-1.680309743240E-1,0.E0,9.857817160344E-1));
#9484=AXIS2_PLACEMENT_3D('',#9481,#9482,#9483);
#9485=PLANE('',#9484);
#9487=ORIENTED_EDGE('',*,*,#9486,.F.);
#9488=ORIENTED_EDGE('',*,*,#9472,.T.);
#9489=ORIENTED_EDGE('',*,*,#9268,.T.);
#9491=ORIENTED_EDGE('',*,*,#9490,.F.);
#9492=EDGE_LOOP('',(#9487,#9488,#9489,#9491));
#9493=FACE_OUTER_BOUND('',#9492,.F.);
#9494=ADVANCED_FACE('',(#9493),#9485,.T.);
#9495=CARTESIAN_POINT('',(-1.5675E0,-9.325E-1,2.77E0));
#9496=DIRECTION('',(0.E0,0.E0,1.E0));
#9497=DIRECTION('',(0.E0,-1.E0,0.E0));
#9498=AXIS2_PLACEMENT_3D('',#9495,#9496,#9497);
#9499=PLANE('',#9498);
#9501=ORIENTED_EDGE('',*,*,#9500,.T.);
#9503=ORIENTED_EDGE('',*,*,#9502,.T.);
#9504=ORIENTED_EDGE('',*,*,#9474,.F.);
#9505=ORIENTED_EDGE('',*,*,#9486,.T.);
#9506=EDGE_LOOP('',(#9501,#9503,#9504,#9505));
#9507=FACE_OUTER_BOUND('',#9506,.F.);
#9508=ADVANCED_FACE('',(#9507),#9499,.T.);
#9509=CARTESIAN_POINT('',(-1.25E0,-1.4925E0,2.33E0));
#9510=DIRECTION('',(0.E0,-9.857817160344E-1,1.680309743240E-1));
#9511=DIRECTION('',(0.E0,1.680309743240E-1,9.857817160344E-1));
#9512=AXIS2_PLACEMENT_3D('',#9509,#9510,#9511);
#9513=PLANE('',#9512);
#9515=ORIENTED_EDGE('',*,*,#9514,.T.);
#9517=ORIENTED_EDGE('',*,*,#9516,.F.);
#9518=ORIENTED_EDGE('',*,*,#9500,.F.);
#9519=ORIENTED_EDGE('',*,*,#9490,.T.);
#9520=EDGE_LOOP('',(#9515,#9517,#9518,#9519));
#9521=FACE_OUTER_BOUND('',#9520,.F.);
#9522=ADVANCED_FACE('',(#9521),#9513,.T.);
#9523=CARTESIAN_POINT('',(-1.5675E0,-1.5675E0,2.77E0));
#9524=DIRECTION('',(0.E0,-1.E0,0.E0));
#9525=DIRECTION('',(0.E0,0.E0,-1.E0));
#9526=AXIS2_PLACEMENT_3D('',#9523,#9524,#9525);
#9527=PLANE('',#9526);
#9529=ORIENTED_EDGE('',*,*,#9528,.T.);
#9530=ORIENTED_EDGE('',*,*,#9129,.F.);
#9531=ORIENTED_EDGE('',*,*,#6381,.T.);
#9532=ORIENTED_EDGE('',*,*,#9255,.T.);
#9533=EDGE_LOOP('',(#9529,#9530,#9531,#9532));
#9534=FACE_OUTER_BOUND('',#9533,.F.);
#9535=ADVANCED_FACE('',(#9534),#9527,.T.);
#9536=CARTESIAN_POINT('',(-1.5675E0,-1.5675E0,2.77E0));
#9537=DIRECTION('',(0.E0,-1.E0,0.E0));
#9538=DIRECTION('',(0.E0,0.E0,-1.E0));
#9539=AXIS2_PLACEMENT_3D('',#9536,#9537,#9538);
#9540=PLANE('',#9539);
#9541=ORIENTED_EDGE('',*,*,#9514,.F.);
#9542=ORIENTED_EDGE('',*,*,#9273,.T.);
#9543=ORIENTED_EDGE('',*,*,#9028,.F.);
#9544=ORIENTED_EDGE('',*,*,#9141,.F.);
#9545=EDGE_LOOP('',(#9541,#9542,#9543,#9544));
#9546=FACE_OUTER_BOUND('',#9545,.F.);
#9547=ADVANCED_FACE('',(#9546),#9540,.T.);
#9548=CARTESIAN_POINT('',(-1.25E0,-1.4925E0,-7.59E0));
#9549=DIRECTION('',(0.E0,-9.857817160344E-1,-1.680309743240E-1));
#9550=DIRECTION('',(0.E0,-1.680309743240E-1,9.857817160344E-1));
#9551=AXIS2_PLACEMENT_3D('',#9548,#9549,#9550);
#9552=PLANE('',#9551);
#9553=ORIENTED_EDGE('',*,*,#9528,.F.);
#9554=ORIENTED_EDGE('',*,*,#9404,.F.);
#9555=ORIENTED_EDGE('',*,*,#9421,.T.);
#9557=ORIENTED_EDGE('',*,*,#9556,.T.);
#9558=EDGE_LOOP('',(#9553,#9554,#9555,#9557));
#9559=FACE_OUTER_BOUND('',#9558,.F.);
#9560=ADVANCED_FACE('',(#9559),#9552,.T.);
#9561=CARTESIAN_POINT('',(-1.4925E0,-1.25E0,-7.59E0));
#9562=DIRECTION('',(-9.857817160344E-1,0.E0,-1.680309743240E-1));
#9563=DIRECTION('',(1.680309743240E-1,0.E0,-9.857817160344E-1));
#9564=AXIS2_PLACEMENT_3D('',#9561,#9562,#9563);
#9565=PLANE('',#9564);
#9566=ORIENTED_EDGE('',*,*,#9124,.T.);
#9567=ORIENTED_EDGE('',*,*,#9556,.F.);
#9568=ORIENTED_EDGE('',*,*,#9419,.F.);
#9569=ORIENTED_EDGE('',*,*,#9434,.T.);
#9570=EDGE_LOOP('',(#9566,#9567,#9568,#9569));
#9571=FACE_OUTER_BOUND('',#9570,.F.);
#9572=ADVANCED_FACE('',(#9571),#9565,.T.);
#9573=CARTESIAN_POINT('',(-1.4925E0,-1.25E0,2.33E0));
#9574=DIRECTION('',(-9.857817160344E-1,0.E0,1.680309743240E-1));
#9575=DIRECTION('',(1.680309743240E-1,0.E0,9.857817160344E-1));
#9576=AXIS2_PLACEMENT_3D('',#9573,#9574,#9575);
#9577=PLANE('',#9576);
#9578=ORIENTED_EDGE('',*,*,#9139,.T.);
#9579=ORIENTED_EDGE('',*,*,#9476,.F.);
#9580=ORIENTED_EDGE('',*,*,#9502,.F.);
#9581=ORIENTED_EDGE('',*,*,#9516,.T.);
#9582=EDGE_LOOP('',(#9578,#9579,#9580,#9581));
#9583=FACE_OUTER_BOUND('',#9582,.F.);
#9584=ADVANCED_FACE('',(#9583),#9577,.T.);
#9585=CARTESIAN_POINT('',(2.36E0,1.55E-1,4.23E0));
#9586=DIRECTION('',(1.E0,0.E0,0.E0));
#9587=DIRECTION('',(0.E0,1.E0,0.E0));
#9588=AXIS2_PLACEMENT_3D('',#9585,#9586,#9587);
#9589=PLANE('',#9588);
#9590=ORIENTED_EDGE('',*,*,#6902,.F.);
#9592=ORIENTED_EDGE('',*,*,#9591,.T.);
#9593=ORIENTED_EDGE('',*,*,#8431,.T.);
#9594=ORIENTED_EDGE('',*,*,#8494,.F.);
#9595=EDGE_LOOP('',(#9590,#9592,#9593,#9594));
#9596=FACE_OUTER_BOUND('',#9595,.F.);
#9597=ADVANCED_FACE('',(#9596),#9589,.F.);
#9598=CARTESIAN_POINT('',(1.4E-1,1.55E-1,4.23E0));
#9599=DIRECTION('',(0.E0,-1.E0,0.E0));
#9600=DIRECTION('',(1.E0,0.E0,0.E0));
#9601=AXIS2_PLACEMENT_3D('',#9598,#9599,#9600);
#9602=PLANE('',#9601);
#9603=ORIENTED_EDGE('',*,*,#6900,.F.);
#9604=ORIENTED_EDGE('',*,*,#8479,.T.);
#9605=ORIENTED_EDGE('',*,*,#8433,.T.);
#9606=ORIENTED_EDGE('',*,*,#9591,.F.);
#9607=EDGE_LOOP('',(#9603,#9604,#9605,#9606));
#9608=FACE_OUTER_BOUND('',#9607,.F.);
#9609=ADVANCED_FACE('',(#9608),#9602,.F.);
#9610=CARTESIAN_POINT('',(9.325E-1,-2.99E0,0.E0));
#9611=DIRECTION('',(1.E0,0.E0,0.E0));
#9612=DIRECTION('',(0.E0,0.E0,-1.E0));
#9613=AXIS2_PLACEMENT_3D('',#9610,#9611,#9612);
#9614=PLANE('',#9613);
#9616=ORIENTED_EDGE('',*,*,#9615,.F.);
#9618=ORIENTED_EDGE('',*,*,#9617,.T.);
#9619=ORIENTED_EDGE('',*,*,#8443,.T.);
#9621=ORIENTED_EDGE('',*,*,#9620,.T.);
#9622=EDGE_LOOP('',(#9616,#9618,#9619,#9621));
#9623=FACE_OUTER_BOUND('',#9622,.F.);
#9624=ADVANCED_FACE('',(#9623),#9614,.F.);
#9625=CARTESIAN_POINT('',(9.325E-1,-2.99E0,0.E0));
#9626=DIRECTION('',(1.E0,0.E0,0.E0));
#9627=DIRECTION('',(0.E0,0.E0,-1.E0));
#9628=AXIS2_PLACEMENT_3D('',#9625,#9626,#9627);
#9629=PLANE('',#9628);
#9631=ORIENTED_EDGE('',*,*,#9630,.F.);
#9633=ORIENTED_EDGE('',*,*,#9632,.T.);
#9634=ORIENTED_EDGE('',*,*,#6367,.F.);
#9636=ORIENTED_EDGE('',*,*,#9635,.T.);
#9637=EDGE_LOOP('',(#9631,#9633,#9634,#9636));
#9638=FACE_OUTER_BOUND('',#9637,.F.);
#9639=ADVANCED_FACE('',(#9638),#9629,.F.);
#9640=CARTESIAN_POINT('',(9.325E-1,-2.99E0,0.E0));
#9641=DIRECTION('',(1.E0,0.E0,0.E0));
#9642=DIRECTION('',(0.E0,0.E0,-1.E0));
#9643=AXIS2_PLACEMENT_3D('',#9640,#9641,#9642);
#9644=PLANE('',#9643);
#9646=ORIENTED_EDGE('',*,*,#9645,.F.);
#9648=ORIENTED_EDGE('',*,*,#9647,.T.);
#9649=ORIENTED_EDGE('',*,*,#6355,.F.);
#9651=ORIENTED_EDGE('',*,*,#9650,.T.);
#9652=EDGE_LOOP('',(#9646,#9648,#9649,#9651));
#9653=FACE_OUTER_BOUND('',#9652,.F.);
#9654=ADVANCED_FACE('',(#9653),#9644,.F.);
#9655=CARTESIAN_POINT('',(9.325E-1,-2.99E0,0.E0));
#9656=DIRECTION('',(1.E0,0.E0,0.E0));
#9657=DIRECTION('',(0.E0,0.E0,-1.E0));
#9658=AXIS2_PLACEMENT_3D('',#9655,#9656,#9657);
#9659=PLANE('',#9658);
#9661=ORIENTED_EDGE('',*,*,#9660,.F.);
#9663=ORIENTED_EDGE('',*,*,#9662,.T.);
#9664=ORIENTED_EDGE('',*,*,#8459,.T.);
#9666=ORIENTED_EDGE('',*,*,#9665,.T.);
#9667=EDGE_LOOP('',(#9661,#9663,#9664,#9666));
#9668=FACE_OUTER_BOUND('',#9667,.F.);
#9669=ADVANCED_FACE('',(#9668),#9659,.F.);
#9670=CARTESIAN_POINT('',(1.0075E0,1.25E0,2.33E0));
#9671=DIRECTION('',(-9.857817160344E-1,0.E0,1.680309743240E-1));
#9672=DIRECTION('',(1.680309743240E-1,0.E0,9.857817160344E-1));
#9673=AXIS2_PLACEMENT_3D('',#9670,#9671,#9672);
#9674=PLANE('',#9673);
#9676=ORIENTED_EDGE('',*,*,#9675,.F.);
#9678=ORIENTED_EDGE('',*,*,#9677,.T.);
#9679=ORIENTED_EDGE('',*,*,#9615,.T.);
#9681=ORIENTED_EDGE('',*,*,#9680,.T.);
#9682=EDGE_LOOP('',(#9676,#9678,#9679,#9681));
#9683=FACE_OUTER_BOUND('',#9682,.F.);
#9684=ADVANCED_FACE('',(#9683),#9674,.T.);
#9685=CARTESIAN_POINT('',(9.325E-1,1.5675E0,2.77E0));
#9686=DIRECTION('',(0.E0,0.E0,1.E0));
#9687=DIRECTION('',(0.E0,-1.E0,0.E0));
#9688=AXIS2_PLACEMENT_3D('',#9685,#9686,#9687);
#9689=PLANE('',#9688);
#9691=ORIENTED_EDGE('',*,*,#9690,.F.);
#9693=ORIENTED_EDGE('',*,*,#9692,.T.);
#9695=ORIENTED_EDGE('',*,*,#9694,.T.);
#9696=ORIENTED_EDGE('',*,*,#9675,.T.);
#9697=EDGE_LOOP('',(#9691,#9693,#9695,#9696));
#9698=FACE_OUTER_BOUND('',#9697,.F.);
#9699=ADVANCED_FACE('',(#9698),#9689,.T.);
#9700=CARTESIAN_POINT('',(1.25E0,1.4925E0,2.33E0));
#9701=DIRECTION('',(0.E0,9.857817160344E-1,1.680309743240E-1));
#9702=DIRECTION('',(0.E0,1.680309743240E-1,-9.857817160344E-1));
#9703=AXIS2_PLACEMENT_3D('',#9700,#9701,#9702);
#9704=PLANE('',#9703);
#9705=ORIENTED_EDGE('',*,*,#9690,.T.);
#9706=ORIENTED_EDGE('',*,*,#9680,.F.);
#9708=ORIENTED_EDGE('',*,*,#9707,.F.);
#9710=ORIENTED_EDGE('',*,*,#9709,.F.);
#9711=EDGE_LOOP('',(#9705,#9706,#9708,#9710));
#9712=FACE_OUTER_BOUND('',#9711,.F.);
#9713=ADVANCED_FACE('',(#9712),#9704,.T.);
#9714=CARTESIAN_POINT('',(9.325E-1,1.5675E0,-8.03E0));
#9715=DIRECTION('',(0.E0,1.E0,0.E0));
#9716=DIRECTION('',(0.E0,0.E0,1.E0));
#9717=AXIS2_PLACEMENT_3D('',#9714,#9715,#9716);
#9718=PLANE('',#9717);
#9719=ORIENTED_EDGE('',*,*,#9707,.T.);
#9720=ORIENTED_EDGE('',*,*,#9620,.F.);
#9721=ORIENTED_EDGE('',*,*,#8441,.T.);
#9723=ORIENTED_EDGE('',*,*,#9722,.T.);
#9724=EDGE_LOOP('',(#9719,#9720,#9721,#9723));
#9725=FACE_OUTER_BOUND('',#9724,.F.);
#9726=ADVANCED_FACE('',(#9725),#9718,.T.);
#9727=CARTESIAN_POINT('',(9.325E-1,1.5675E0,-8.03E0));
#9728=DIRECTION('',(0.E0,1.E0,0.E0));
#9729=DIRECTION('',(0.E0,0.E0,1.E0));
#9730=AXIS2_PLACEMENT_3D('',#9727,#9728,#9729);
#9731=PLANE('',#9730);
#9733=ORIENTED_EDGE('',*,*,#9732,.F.);
#9735=ORIENTED_EDGE('',*,*,#9734,.T.);
#9736=ORIENTED_EDGE('',*,*,#6369,.F.);
#9737=ORIENTED_EDGE('',*,*,#9632,.F.);
#9738=EDGE_LOOP('',(#9733,#9735,#9736,#9737));
#9739=FACE_OUTER_BOUND('',#9738,.F.);
#9740=ADVANCED_FACE('',(#9739),#9731,.T.);
#9741=CARTESIAN_POINT('',(1.5675E0,-2.99E0,0.E0));
#9742=DIRECTION('',(1.E0,0.E0,0.E0));
#9743=DIRECTION('',(0.E0,0.E0,-1.E0));
#9744=AXIS2_PLACEMENT_3D('',#9741,#9742,#9743);
#9745=PLANE('',#9744);
#9747=ORIENTED_EDGE('',*,*,#9746,.F.);
#9748=ORIENTED_EDGE('',*,*,#9722,.F.);
#9749=ORIENTED_EDGE('',*,*,#8439,.F.);
#9751=ORIENTED_EDGE('',*,*,#9750,.F.);
#9752=EDGE_LOOP('',(#9747,#9748,#9749,#9751));
#9753=FACE_OUTER_BOUND('',#9752,.F.);
#9754=ADVANCED_FACE('',(#9753),#9745,.T.);
#9755=CARTESIAN_POINT('',(1.5675E0,-2.99E0,0.E0));
#9756=DIRECTION('',(1.E0,0.E0,0.E0));
#9757=DIRECTION('',(0.E0,0.E0,-1.E0));
#9758=AXIS2_PLACEMENT_3D('',#9755,#9756,#9757);
#9759=PLANE('',#9758);
#9761=ORIENTED_EDGE('',*,*,#9760,.F.);
#9763=ORIENTED_EDGE('',*,*,#9762,.F.);
#9764=ORIENTED_EDGE('',*,*,#6371,.T.);
#9765=ORIENTED_EDGE('',*,*,#9734,.F.);
#9766=EDGE_LOOP('',(#9761,#9763,#9764,#9765));
#9767=FACE_OUTER_BOUND('',#9766,.F.);
#9768=ADVANCED_FACE('',(#9767),#9759,.T.);
#9769=CARTESIAN_POINT('',(1.5675E0,-2.99E0,0.E0));
#9770=DIRECTION('',(1.E0,0.E0,0.E0));
#9771=DIRECTION('',(0.E0,0.E0,-1.E0));
#9772=AXIS2_PLACEMENT_3D('',#9769,#9770,#9771);
#9773=PLANE('',#9772);
#9775=ORIENTED_EDGE('',*,*,#9774,.F.);
#9777=ORIENTED_EDGE('',*,*,#9776,.F.);
#9778=ORIENTED_EDGE('',*,*,#6359,.T.);
#9780=ORIENTED_EDGE('',*,*,#9779,.F.);
#9781=EDGE_LOOP('',(#9775,#9777,#9778,#9780));
#9782=FACE_OUTER_BOUND('',#9781,.F.);
#9783=ADVANCED_FACE('',(#9782),#9773,.T.);
#9784=CARTESIAN_POINT('',(1.5675E0,-2.99E0,0.E0));
#9785=DIRECTION('',(1.E0,0.E0,0.E0));
#9786=DIRECTION('',(0.E0,0.E0,-1.E0));
#9787=AXIS2_PLACEMENT_3D('',#9784,#9785,#9786);
#9788=PLANE('',#9787);
#9790=ORIENTED_EDGE('',*,*,#9789,.F.);
#9792=ORIENTED_EDGE('',*,*,#9791,.F.);
#9793=ORIENTED_EDGE('',*,*,#8463,.F.);
#9795=ORIENTED_EDGE('',*,*,#9794,.F.);
#9796=EDGE_LOOP('',(#9790,#9792,#9793,#9795));
#9797=FACE_OUTER_BOUND('',#9796,.F.);
#9798=ADVANCED_FACE('',(#9797),#9788,.T.);
#9799=CARTESIAN_POINT('',(1.4925E0,1.25E0,2.33E0));
#9800=DIRECTION('',(9.857817160344E-1,0.E0,1.680309743240E-1));
#9801=DIRECTION('',(-1.680309743240E-1,0.E0,9.857817160344E-1));
#9802=AXIS2_PLACEMENT_3D('',#9799,#9800,#9801);
#9803=PLANE('',#9802);
#9804=ORIENTED_EDGE('',*,*,#9692,.F.);
#9805=ORIENTED_EDGE('',*,*,#9709,.T.);
#9806=ORIENTED_EDGE('',*,*,#9746,.T.);
#9808=ORIENTED_EDGE('',*,*,#9807,.T.);
#9809=EDGE_LOOP('',(#9804,#9805,#9806,#9808));
#9810=FACE_OUTER_BOUND('',#9809,.F.);
#9811=ADVANCED_FACE('',(#9810),#9803,.T.);
#9812=CARTESIAN_POINT('',(1.25E0,1.0075E0,2.33E0));
#9813=DIRECTION('',(0.E0,-9.857817160344E-1,1.680309743240E-1));
#9814=DIRECTION('',(0.E0,1.680309743240E-1,9.857817160344E-1));
#9815=AXIS2_PLACEMENT_3D('',#9812,#9813,#9814);
#9816=PLANE('',#9815);
#9818=ORIENTED_EDGE('',*,*,#9817,.T.);
#9819=ORIENTED_EDGE('',*,*,#9677,.F.);
#9820=ORIENTED_EDGE('',*,*,#9694,.F.);
#9821=ORIENTED_EDGE('',*,*,#9807,.F.);
#9822=EDGE_LOOP('',(#9818,#9819,#9820,#9821));
#9823=FACE_OUTER_BOUND('',#9822,.F.);
#9824=ADVANCED_FACE('',(#9823),#9816,.T.);
#9825=CARTESIAN_POINT('',(9.325E-1,9.325E-1,2.77E0));
#9826=DIRECTION('',(0.E0,-1.E0,0.E0));
#9827=DIRECTION('',(0.E0,0.E0,-1.E0));
#9828=AXIS2_PLACEMENT_3D('',#9825,#9826,#9827);
#9829=PLANE('',#9828);
#9830=ORIENTED_EDGE('',*,*,#9817,.F.);
#9831=ORIENTED_EDGE('',*,*,#9750,.T.);
#9832=ORIENTED_EDGE('',*,*,#8437,.F.);
#9833=ORIENTED_EDGE('',*,*,#9617,.F.);
#9834=EDGE_LOOP('',(#9830,#9831,#9832,#9833));
#9835=FACE_OUTER_BOUND('',#9834,.F.);
#9836=ADVANCED_FACE('',(#9835),#9829,.T.);
#9837=CARTESIAN_POINT('',(9.325E-1,9.325E-1,2.77E0));
#9838=DIRECTION('',(0.E0,-1.E0,0.E0));
#9839=DIRECTION('',(0.E0,0.E0,-1.E0));
#9840=AXIS2_PLACEMENT_3D('',#9837,#9838,#9839);
#9841=PLANE('',#9840);
#9843=ORIENTED_EDGE('',*,*,#9842,.T.);
#9844=ORIENTED_EDGE('',*,*,#9635,.F.);
#9845=ORIENTED_EDGE('',*,*,#6365,.T.);
#9846=ORIENTED_EDGE('',*,*,#9762,.T.);
#9847=EDGE_LOOP('',(#9843,#9844,#9845,#9846));
#9848=FACE_OUTER_BOUND('',#9847,.F.);
#9849=ADVANCED_FACE('',(#9848),#9841,.T.);
#9850=CARTESIAN_POINT('',(1.25E0,1.0075E0,-7.59E0));
#9851=DIRECTION('',(0.E0,-9.857817160344E-1,-1.680309743240E-1));
#9852=DIRECTION('',(0.E0,-1.680309743240E-1,9.857817160344E-1));
#9853=AXIS2_PLACEMENT_3D('',#9850,#9851,#9852);
#9854=PLANE('',#9853);
#9855=ORIENTED_EDGE('',*,*,#9842,.F.);
#9857=ORIENTED_EDGE('',*,*,#9856,.F.);
#9859=ORIENTED_EDGE('',*,*,#9858,.T.);
#9861=ORIENTED_EDGE('',*,*,#9860,.T.);
#9862=EDGE_LOOP('',(#9855,#9857,#9859,#9861));
#9863=FACE_OUTER_BOUND('',#9862,.F.);
#9864=ADVANCED_FACE('',(#9863),#9854,.T.);
#9865=CARTESIAN_POINT('',(1.4925E0,1.25E0,-7.59E0));
#9866=DIRECTION('',(9.857817160344E-1,0.E0,-1.680309743240E-1));
#9867=DIRECTION('',(-1.680309743240E-1,0.E0,-9.857817160344E-1));
#9868=AXIS2_PLACEMENT_3D('',#9865,#9866,#9867);
#9869=PLANE('',#9868);
#9871=ORIENTED_EDGE('',*,*,#9870,.F.);
#9872=ORIENTED_EDGE('',*,*,#9856,.T.);
#9873=ORIENTED_EDGE('',*,*,#9760,.T.);
#9875=ORIENTED_EDGE('',*,*,#9874,.T.);
#9876=EDGE_LOOP('',(#9871,#9872,#9873,#9875));
#9877=FACE_OUTER_BOUND('',#9876,.F.);
#9878=ADVANCED_FACE('',(#9877),#9869,.T.);
#9879=CARTESIAN_POINT('',(9.325E-1,9.325E-1,-8.03E0));
#9880=DIRECTION('',(0.E0,0.E0,-1.E0));
#9881=DIRECTION('',(0.E0,1.E0,0.E0));
#9882=AXIS2_PLACEMENT_3D('',#9879,#9880,#9881);
#9883=PLANE('',#9882);
#9885=ORIENTED_EDGE('',*,*,#9884,.T.);
#9887=ORIENTED_EDGE('',*,*,#9886,.T.);
#9888=ORIENTED_EDGE('',*,*,#9858,.F.);
#9889=ORIENTED_EDGE('',*,*,#9870,.T.);
#9890=EDGE_LOOP('',(#9885,#9887,#9888,#9889));
#9891=FACE_OUTER_BOUND('',#9890,.F.);
#9892=ADVANCED_FACE('',(#9891),#9883,.T.);
#9893=CARTESIAN_POINT('',(1.25E0,1.4925E0,-7.59E0));
#9894=DIRECTION('',(0.E0,9.857817160344E-1,-1.680309743240E-1));
#9895=DIRECTION('',(0.E0,-1.680309743240E-1,-9.857817160344E-1));
#9896=AXIS2_PLACEMENT_3D('',#9893,#9894,#9895);
#9897=PLANE('',#9896);
#9898=ORIENTED_EDGE('',*,*,#9732,.T.);
#9900=ORIENTED_EDGE('',*,*,#9899,.F.);
#9901=ORIENTED_EDGE('',*,*,#9884,.F.);
#9902=ORIENTED_EDGE('',*,*,#9874,.F.);
#9903=EDGE_LOOP('',(#9898,#9900,#9901,#9902));
#9904=FACE_OUTER_BOUND('',#9903,.F.);
#9905=ADVANCED_FACE('',(#9904),#9897,.T.);
#9906=CARTESIAN_POINT('',(1.0075E0,1.25E0,-7.59E0));
#9907=DIRECTION('',(-9.857817160344E-1,0.E0,-1.680309743240E-1));
#9908=DIRECTION('',(1.680309743240E-1,0.E0,-9.857817160344E-1));
#9909=AXIS2_PLACEMENT_3D('',#9906,#9907,#9908);
#9910=PLANE('',#9909);
#9911=ORIENTED_EDGE('',*,*,#9630,.T.);
#9912=ORIENTED_EDGE('',*,*,#9860,.F.);
#9913=ORIENTED_EDGE('',*,*,#9886,.F.);
#9914=ORIENTED_EDGE('',*,*,#9899,.T.);
#9915=EDGE_LOOP('',(#9911,#9912,#9913,#9914));
#9916=FACE_OUTER_BOUND('',#9915,.F.);
#9917=ADVANCED_FACE('',(#9916),#9910,.T.);
#9918=CARTESIAN_POINT('',(1.4925E0,-1.25E0,-7.59E0));
#9919=DIRECTION('',(9.857817160344E-1,0.E0,-1.680309743240E-1));
#9920=DIRECTION('',(-1.680309743240E-1,0.E0,-9.857817160344E-1));
#9921=AXIS2_PLACEMENT_3D('',#9918,#9919,#9920);
#9922=PLANE('',#9921);
#9924=ORIENTED_EDGE('',*,*,#9923,.F.);
#9926=ORIENTED_EDGE('',*,*,#9925,.T.);
#9927=ORIENTED_EDGE('',*,*,#9774,.T.);
#9929=ORIENTED_EDGE('',*,*,#9928,.T.);
#9930=EDGE_LOOP('',(#9924,#9926,#9927,#9929));
#9931=FACE_OUTER_BOUND('',#9930,.F.);
#9932=ADVANCED_FACE('',(#9931),#9922,.T.);
#9933=CARTESIAN_POINT('',(9.325E-1,-1.5675E0,-8.03E0));
#9934=DIRECTION('',(0.E0,0.E0,-1.E0));
#9935=DIRECTION('',(0.E0,1.E0,0.E0));
#9936=AXIS2_PLACEMENT_3D('',#9933,#9934,#9935);
#9937=PLANE('',#9936);
#9939=ORIENTED_EDGE('',*,*,#9938,.T.);
#9941=ORIENTED_EDGE('',*,*,#9940,.T.);
#9943=ORIENTED_EDGE('',*,*,#9942,.F.);
#9944=ORIENTED_EDGE('',*,*,#9923,.T.);
#9945=EDGE_LOOP('',(#9939,#9941,#9943,#9944));
#9946=FACE_OUTER_BOUND('',#9945,.F.);
#9947=ADVANCED_FACE('',(#9946),#9937,.T.);
#9948=CARTESIAN_POINT('',(1.25E0,-1.0075E0,-7.59E0));
#9949=DIRECTION('',(0.E0,9.857817160344E-1,-1.680309743240E-1));
#9950=DIRECTION('',(0.E0,-1.680309743240E-1,-9.857817160344E-1));
#9951=AXIS2_PLACEMENT_3D('',#9948,#9949,#9950);
#9952=PLANE('',#9951);
#9954=ORIENTED_EDGE('',*,*,#9953,.T.);
#9956=ORIENTED_EDGE('',*,*,#9955,.F.);
#9957=ORIENTED_EDGE('',*,*,#9938,.F.);
#9958=ORIENTED_EDGE('',*,*,#9928,.F.);
#9959=EDGE_LOOP('',(#9954,#9956,#9957,#9958));
#9960=FACE_OUTER_BOUND('',#9959,.F.);
#9961=ADVANCED_FACE('',(#9960),#9952,.T.);
#9962=CARTESIAN_POINT('',(9.325E-1,-9.325E-1,-8.03E0));
#9963=DIRECTION('',(0.E0,1.E0,0.E0));
#9964=DIRECTION('',(0.E0,0.E0,1.E0));
#9965=AXIS2_PLACEMENT_3D('',#9962,#9963,#9964);
#9966=PLANE('',#9965);
#9967=ORIENTED_EDGE('',*,*,#9953,.F.);
#9968=ORIENTED_EDGE('',*,*,#9779,.T.);
#9969=ORIENTED_EDGE('',*,*,#6357,.F.);
#9970=ORIENTED_EDGE('',*,*,#9647,.F.);
#9971=EDGE_LOOP('',(#9967,#9968,#9969,#9970));
#9972=FACE_OUTER_BOUND('',#9971,.F.);
#9973=ADVANCED_FACE('',(#9972),#9966,.T.);
#9974=CARTESIAN_POINT('',(9.325E-1,-9.325E-1,-8.03E0));
#9975=DIRECTION('',(0.E0,1.E0,0.E0));
#9976=DIRECTION('',(0.E0,0.E0,1.E0));
#9977=AXIS2_PLACEMENT_3D('',#9974,#9975,#9976);
#9978=PLANE('',#9977);
#9980=ORIENTED_EDGE('',*,*,#9979,.T.);
#9981=ORIENTED_EDGE('',*,*,#9665,.F.);
#9982=ORIENTED_EDGE('',*,*,#8465,.T.);
#9983=ORIENTED_EDGE('',*,*,#9791,.T.);
#9984=EDGE_LOOP('',(#9980,#9981,#9982,#9983));
#9985=FACE_OUTER_BOUND('',#9984,.F.);
#9986=ADVANCED_FACE('',(#9985),#9978,.T.);
#9987=CARTESIAN_POINT('',(1.25E0,-1.0075E0,2.33E0));
#9988=DIRECTION('',(0.E0,9.857817160344E-1,1.680309743240E-1));
#9989=DIRECTION('',(0.E0,1.680309743240E-1,-9.857817160344E-1));
#9990=AXIS2_PLACEMENT_3D('',#9987,#9988,#9989);
#9991=PLANE('',#9990);
#9992=ORIENTED_EDGE('',*,*,#9979,.F.);
#9994=ORIENTED_EDGE('',*,*,#9993,.F.);
#9996=ORIENTED_EDGE('',*,*,#9995,.T.);
#9998=ORIENTED_EDGE('',*,*,#9997,.T.);
#9999=EDGE_LOOP('',(#9992,#9994,#9996,#9998));
#10000=FACE_OUTER_BOUND('',#9999,.F.);
#10001=ADVANCED_FACE('',(#10000),#9991,.T.);
#10002=CARTESIAN_POINT('',(1.4925E0,-1.25E0,2.33E0));
#10003=DIRECTION('',(9.857817160344E-1,0.E0,1.680309743240E-1));
#10004=DIRECTION('',(-1.680309743240E-1,0.E0,9.857817160344E-1));
#10005=AXIS2_PLACEMENT_3D('',#10002,#10003,#10004);
#10006=PLANE('',#10005);
#10008=ORIENTED_EDGE('',*,*,#10007,.F.);
#10009=ORIENTED_EDGE('',*,*,#9993,.T.);
#10010=ORIENTED_EDGE('',*,*,#9789,.T.);
#10012=ORIENTED_EDGE('',*,*,#10011,.F.);
#10013=EDGE_LOOP('',(#10008,#10009,#10010,#10012));
#10014=FACE_OUTER_BOUND('',#10013,.F.);
#10015=ADVANCED_FACE('',(#10014),#10006,.T.);
#10016=CARTESIAN_POINT('',(9.325E-1,-9.325E-1,2.77E0));
#10017=DIRECTION('',(0.E0,0.E0,1.E0));
#10018=DIRECTION('',(0.E0,-1.E0,0.E0));
#10019=AXIS2_PLACEMENT_3D('',#10016,#10017,#10018);
#10020=PLANE('',#10019);
#10022=ORIENTED_EDGE('',*,*,#10021,.T.);
#10024=ORIENTED_EDGE('',*,*,#10023,.T.);
#10025=ORIENTED_EDGE('',*,*,#9995,.F.);
#10026=ORIENTED_EDGE('',*,*,#10007,.T.);
#10027=EDGE_LOOP('',(#10022,#10024,#10025,#10026));
#10028=FACE_OUTER_BOUND('',#10027,.F.);
#10029=ADVANCED_FACE('',(#10028),#10020,.T.);
#10030=CARTESIAN_POINT('',(1.25E0,-1.4925E0,2.33E0));
#10031=DIRECTION('',(0.E0,-9.857817160344E-1,1.680309743240E-1));
#10032=DIRECTION('',(0.E0,1.680309743240E-1,9.857817160344E-1));
#10033=AXIS2_PLACEMENT_3D('',#10030,#10031,#10032);
#10034=PLANE('',#10033);
#10036=ORIENTED_EDGE('',*,*,#10035,.T.);
#10038=ORIENTED_EDGE('',*,*,#10037,.F.);
#10039=ORIENTED_EDGE('',*,*,#10021,.F.);
#10040=ORIENTED_EDGE('',*,*,#10011,.T.);
#10041=EDGE_LOOP('',(#10036,#10038,#10039,#10040));
#10042=FACE_OUTER_BOUND('',#10041,.F.);
#10043=ADVANCED_FACE('',(#10042),#10034,.T.);
#10044=CARTESIAN_POINT('',(9.325E-1,-1.5675E0,2.77E0));
#10045=DIRECTION('',(0.E0,-1.E0,0.E0));
#10046=DIRECTION('',(0.E0,0.E0,-1.E0));
#10047=AXIS2_PLACEMENT_3D('',#10044,#10045,#10046);
#10048=PLANE('',#10047);
#10050=ORIENTED_EDGE('',*,*,#10049,.T.);
#10051=ORIENTED_EDGE('',*,*,#9650,.F.);
#10052=ORIENTED_EDGE('',*,*,#6361,.T.);
#10053=ORIENTED_EDGE('',*,*,#9776,.T.);
#10054=EDGE_LOOP('',(#10050,#10051,#10052,#10053));
#10055=FACE_OUTER_BOUND('',#10054,.F.);
#10056=ADVANCED_FACE('',(#10055),#10048,.T.);
#10057=CARTESIAN_POINT('',(9.325E-1,-1.5675E0,2.77E0));
#10058=DIRECTION('',(0.E0,-1.E0,0.E0));
#10059=DIRECTION('',(0.E0,0.E0,-1.E0));
#10060=AXIS2_PLACEMENT_3D('',#10057,#10058,#10059);
#10061=PLANE('',#10060);
#10062=ORIENTED_EDGE('',*,*,#10035,.F.);
#10063=ORIENTED_EDGE('',*,*,#9794,.T.);
#10064=ORIENTED_EDGE('',*,*,#8461,.F.);
#10065=ORIENTED_EDGE('',*,*,#9662,.F.);
#10066=EDGE_LOOP('',(#10062,#10063,#10064,#10065));
#10067=FACE_OUTER_BOUND('',#10066,.F.);
#10068=ADVANCED_FACE('',(#10067),#10061,.T.);
#10069=CARTESIAN_POINT('',(1.25E0,-1.4925E0,-7.59E0));
#10070=DIRECTION('',(0.E0,-9.857817160344E-1,-1.680309743240E-1));
#10071=DIRECTION('',(0.E0,-1.680309743240E-1,9.857817160344E-1));
#10072=AXIS2_PLACEMENT_3D('',#10069,#10070,#10071);
#10073=PLANE('',#10072);
#10074=ORIENTED_EDGE('',*,*,#10049,.F.);
#10075=ORIENTED_EDGE('',*,*,#9925,.F.);
#10076=ORIENTED_EDGE('',*,*,#9942,.T.);
#10078=ORIENTED_EDGE('',*,*,#10077,.T.);
#10079=EDGE_LOOP('',(#10074,#10075,#10076,#10078));
#10080=FACE_OUTER_BOUND('',#10079,.F.);
#10081=ADVANCED_FACE('',(#10080),#10073,.T.);
#10082=CARTESIAN_POINT('',(1.0075E0,-1.25E0,-7.59E0));
#10083=DIRECTION('',(-9.857817160344E-1,0.E0,-1.680309743240E-1));
#10084=DIRECTION('',(1.680309743240E-1,0.E0,-9.857817160344E-1));
#10085=AXIS2_PLACEMENT_3D('',#10082,#10083,#10084);
#10086=PLANE('',#10085);
#10087=ORIENTED_EDGE('',*,*,#9645,.T.);
#10088=ORIENTED_EDGE('',*,*,#10077,.F.);
#10089=ORIENTED_EDGE('',*,*,#9940,.F.);
#10090=ORIENTED_EDGE('',*,*,#9955,.T.);
#10091=EDGE_LOOP('',(#10087,#10088,#10089,#10090));
#10092=FACE_OUTER_BOUND('',#10091,.F.);
#10093=ADVANCED_FACE('',(#10092),#10086,.T.);
#10094=CARTESIAN_POINT('',(1.0075E0,-1.25E0,2.33E0));
#10095=DIRECTION('',(-9.857817160344E-1,0.E0,1.680309743240E-1));
#10096=DIRECTION('',(1.680309743240E-1,0.E0,9.857817160344E-1));
#10097=AXIS2_PLACEMENT_3D('',#10094,#10095,#10096);
#10098=PLANE('',#10097);
#10099=ORIENTED_EDGE('',*,*,#9660,.T.);
#10100=ORIENTED_EDGE('',*,*,#9997,.F.);
#10101=ORIENTED_EDGE('',*,*,#10023,.F.);
#10102=ORIENTED_EDGE('',*,*,#10037,.T.);
#10103=EDGE_LOOP('',(#10099,#10100,#10101,#10102));
#10104=FACE_OUTER_BOUND('',#10103,.F.);
#10105=ADVANCED_FACE('',(#10104),#10098,.T.);
#10106=CARTESIAN_POINT('',(-4.86E0,2.345E0,4.23E0));
#10107=DIRECTION('',(-1.E0,0.E0,0.E0));
#10108=DIRECTION('',(0.E0,-1.E0,0.E0));
#10109=AXIS2_PLACEMENT_3D('',#10106,#10107,#10108);
#10110=PLANE('',#10109);
#10111=ORIENTED_EDGE('',*,*,#6973,.F.);
#10113=ORIENTED_EDGE('',*,*,#10112,.T.);
#10115=ORIENTED_EDGE('',*,*,#10114,.T.);
#10117=ORIENTED_EDGE('',*,*,#10116,.F.);
#10118=EDGE_LOOP('',(#10111,#10113,#10115,#10117));
#10119=FACE_OUTER_BOUND('',#10118,.F.);
#10120=ADVANCED_FACE('',(#10119),#10110,.F.);
#10121=CARTESIAN_POINT('',(-2.64E0,2.345E0,4.23E0));
#10122=DIRECTION('',(0.E0,1.E0,0.E0));
#10123=DIRECTION('',(-1.E0,0.E0,0.E0));
#10124=AXIS2_PLACEMENT_3D('',#10121,#10122,#10123);
#10125=PLANE('',#10124);
#10126=ORIENTED_EDGE('',*,*,#6979,.F.);
#10128=ORIENTED_EDGE('',*,*,#10127,.T.);
#10130=ORIENTED_EDGE('',*,*,#10129,.T.);
#10131=ORIENTED_EDGE('',*,*,#10112,.F.);
#10132=EDGE_LOOP('',(#10126,#10128,#10130,#10131));
#10133=FACE_OUTER_BOUND('',#10132,.F.);
#10134=ADVANCED_FACE('',(#10133),#10125,.F.);
#10135=CARTESIAN_POINT('',(-2.64E0,1.55E-1,4.23E0));
#10136=DIRECTION('',(1.E0,0.E0,0.E0));
#10137=DIRECTION('',(0.E0,1.E0,0.E0));
#10138=AXIS2_PLACEMENT_3D('',#10135,#10136,#10137);
#10139=PLANE('',#10138);
#10140=ORIENTED_EDGE('',*,*,#6977,.F.);
#10142=ORIENTED_EDGE('',*,*,#10141,.T.);
#10144=ORIENTED_EDGE('',*,*,#10143,.T.);
#10145=ORIENTED_EDGE('',*,*,#10127,.F.);
#10146=EDGE_LOOP('',(#10140,#10142,#10144,#10145));
#10147=FACE_OUTER_BOUND('',#10146,.F.);
#10148=ADVANCED_FACE('',(#10147),#10139,.F.);
#10149=CARTESIAN_POINT('',(-4.86E0,1.55E-1,4.23E0));
#10150=DIRECTION('',(0.E0,-1.E0,0.E0));
#10151=DIRECTION('',(1.E0,0.E0,0.E0));
#10152=AXIS2_PLACEMENT_3D('',#10149,#10150,#10151);
#10153=PLANE('',#10152);
#10154=ORIENTED_EDGE('',*,*,#6975,.F.);
#10155=ORIENTED_EDGE('',*,*,#10116,.T.);
#10157=ORIENTED_EDGE('',*,*,#10156,.T.);
#10158=ORIENTED_EDGE('',*,*,#10141,.F.);
#10159=EDGE_LOOP('',(#10154,#10155,#10157,#10158));
#10160=FACE_OUTER_BOUND('',#10159,.F.);
#10161=ADVANCED_FACE('',(#10160),#10153,.F.);
#10162=CARTESIAN_POINT('',(0.E0,-2.99E0,-1.77E0));
#10163=DIRECTION('',(0.E0,0.E0,1.E0));
#10164=DIRECTION('',(1.E0,0.E0,0.E0));
#10165=AXIS2_PLACEMENT_3D('',#10162,#10163,#10164);
#10166=PLANE('',#10165);
#10167=ORIENTED_EDGE('',*,*,#10114,.F.);
#10168=ORIENTED_EDGE('',*,*,#10129,.F.);
#10169=ORIENTED_EDGE('',*,*,#10143,.F.);
#10170=ORIENTED_EDGE('',*,*,#10156,.F.);
#10171=EDGE_LOOP('',(#10167,#10168,#10169,#10170));
#10172=FACE_OUTER_BOUND('',#10171,.F.);
#10174=ORIENTED_EDGE('',*,*,#10173,.T.);
#10176=ORIENTED_EDGE('',*,*,#10175,.T.);
#10178=ORIENTED_EDGE('',*,*,#10177,.F.);
#10180=ORIENTED_EDGE('',*,*,#10179,.F.);
#10181=EDGE_LOOP('',(#10174,#10176,#10178,#10180));
#10182=FACE_BOUND('',#10181,.F.);
#10183=ADVANCED_FACE('',(#10172,#10182),#10166,.T.);
#10184=CARTESIAN_POINT('',(0.E0,-2.99E0,-1.77E0));
#10185=DIRECTION('',(0.E0,0.E0,1.E0));
#10186=DIRECTION('',(1.E0,0.E0,0.E0));
#10187=AXIS2_PLACEMENT_3D('',#10184,#10185,#10186);
#10188=PLANE('',#10187);
#10190=ORIENTED_EDGE('',*,*,#10189,.F.);
#10192=ORIENTED_EDGE('',*,*,#10191,.F.);
#10194=ORIENTED_EDGE('',*,*,#10193,.F.);
#10196=ORIENTED_EDGE('',*,*,#10195,.F.);
#10197=EDGE_LOOP('',(#10190,#10192,#10194,#10196));
#10198=FACE_OUTER_BOUND('',#10197,.F.);
#10200=ORIENTED_EDGE('',*,*,#10199,.F.);
#10202=ORIENTED_EDGE('',*,*,#10201,.T.);
#10204=ORIENTED_EDGE('',*,*,#10203,.T.);
#10206=ORIENTED_EDGE('',*,*,#10205,.F.);
#10207=EDGE_LOOP('',(#10200,#10202,#10204,#10206));
#10208=FACE_BOUND('',#10207,.F.);
#10209=ADVANCED_FACE('',(#10198,#10208),#10188,.T.);
#10210=CARTESIAN_POINT('',(-4.86E0,-2.345E0,4.23E0));
#10211=DIRECTION('',(0.E0,-1.E0,0.E0));
#10212=DIRECTION('',(1.E0,0.E0,0.E0));
#10213=AXIS2_PLACEMENT_3D('',#10210,#10211,#10212);
#10214=PLANE('',#10213);
#10215=ORIENTED_EDGE('',*,*,#6983,.F.);
#10217=ORIENTED_EDGE('',*,*,#10216,.T.);
#10218=ORIENTED_EDGE('',*,*,#10189,.T.);
#10220=ORIENTED_EDGE('',*,*,#10219,.F.);
#10221=EDGE_LOOP('',(#10215,#10217,#10218,#10220));
#10222=FACE_OUTER_BOUND('',#10221,.F.);
#10223=ADVANCED_FACE('',(#10222),#10214,.F.);
#10224=CARTESIAN_POINT('',(-4.86E0,-1.55E-1,4.23E0));
#10225=DIRECTION('',(-1.E0,0.E0,0.E0));
#10226=DIRECTION('',(0.E0,-1.E0,0.E0));
#10227=AXIS2_PLACEMENT_3D('',#10224,#10225,#10226);
#10228=PLANE('',#10227);
#10229=ORIENTED_EDGE('',*,*,#6989,.F.);
#10231=ORIENTED_EDGE('',*,*,#10230,.T.);
#10232=ORIENTED_EDGE('',*,*,#10191,.T.);
#10233=ORIENTED_EDGE('',*,*,#10216,.F.);
#10234=EDGE_LOOP('',(#10229,#10231,#10232,#10233));
#10235=FACE_OUTER_BOUND('',#10234,.F.);
#10236=ADVANCED_FACE('',(#10235),#10228,.F.);
#10237=CARTESIAN_POINT('',(-2.64E0,-1.55E-1,4.23E0));
#10238=DIRECTION('',(0.E0,1.E0,0.E0));
#10239=DIRECTION('',(-1.E0,0.E0,0.E0));
#10240=AXIS2_PLACEMENT_3D('',#10237,#10238,#10239);
#10241=PLANE('',#10240);
#10242=ORIENTED_EDGE('',*,*,#6987,.F.);
#10244=ORIENTED_EDGE('',*,*,#10243,.T.);
#10245=ORIENTED_EDGE('',*,*,#10193,.T.);
#10246=ORIENTED_EDGE('',*,*,#10230,.F.);
#10247=EDGE_LOOP('',(#10242,#10244,#10245,#10246));
#10248=FACE_OUTER_BOUND('',#10247,.F.);
#10249=ADVANCED_FACE('',(#10248),#10241,.F.);
#10250=CARTESIAN_POINT('',(-2.64E0,-2.345E0,4.23E0));
#10251=DIRECTION('',(1.E0,0.E0,0.E0));
#10252=DIRECTION('',(0.E0,1.E0,0.E0));
#10253=AXIS2_PLACEMENT_3D('',#10250,#10251,#10252);
#10254=PLANE('',#10253);
#10255=ORIENTED_EDGE('',*,*,#6985,.F.);
#10256=ORIENTED_EDGE('',*,*,#10219,.T.);
#10257=ORIENTED_EDGE('',*,*,#10195,.T.);
#10258=ORIENTED_EDGE('',*,*,#10243,.F.);
#10259=EDGE_LOOP('',(#10255,#10256,#10257,#10258));
#10260=FACE_OUTER_BOUND('',#10259,.F.);
#10261=ADVANCED_FACE('',(#10260),#10254,.F.);
#10262=CARTESIAN_POINT('',(-4.0675E0,-2.99E0,0.E0));
#10263=DIRECTION('',(1.E0,0.E0,0.E0));
#10264=DIRECTION('',(0.E0,0.E0,-1.E0));
#10265=AXIS2_PLACEMENT_3D('',#10262,#10263,#10264);
#10266=PLANE('',#10265);
#10268=ORIENTED_EDGE('',*,*,#10267,.F.);
#10270=ORIENTED_EDGE('',*,*,#10269,.T.);
#10271=ORIENTED_EDGE('',*,*,#10179,.T.);
#10273=ORIENTED_EDGE('',*,*,#10272,.T.);
#10274=EDGE_LOOP('',(#10268,#10270,#10271,#10273));
#10275=FACE_OUTER_BOUND('',#10274,.F.);
#10276=ADVANCED_FACE('',(#10275),#10266,.F.);
#10277=CARTESIAN_POINT('',(-4.0675E0,-2.99E0,0.E0));
#10278=DIRECTION('',(1.E0,0.E0,0.E0));
#10279=DIRECTION('',(0.E0,0.E0,-1.E0));
#10280=AXIS2_PLACEMENT_3D('',#10277,#10278,#10279);
#10281=PLANE('',#10280);
#10283=ORIENTED_EDGE('',*,*,#10282,.F.);
#10285=ORIENTED_EDGE('',*,*,#10284,.T.);
#10286=ORIENTED_EDGE('',*,*,#6407,.F.);
#10288=ORIENTED_EDGE('',*,*,#10287,.T.);
#10289=EDGE_LOOP('',(#10283,#10285,#10286,#10288));
#10290=FACE_OUTER_BOUND('',#10289,.F.);
#10291=ADVANCED_FACE('',(#10290),#10281,.F.);
#10292=CARTESIAN_POINT('',(-4.0675E0,-2.99E0,0.E0));
#10293=DIRECTION('',(1.E0,0.E0,0.E0));
#10294=DIRECTION('',(0.E0,0.E0,-1.E0));
#10295=AXIS2_PLACEMENT_3D('',#10292,#10293,#10294);
#10296=PLANE('',#10295);
#10298=ORIENTED_EDGE('',*,*,#10297,.F.);
#10300=ORIENTED_EDGE('',*,*,#10299,.T.);
#10301=ORIENTED_EDGE('',*,*,#6395,.F.);
#10303=ORIENTED_EDGE('',*,*,#10302,.T.);
#10304=EDGE_LOOP('',(#10298,#10300,#10301,#10303));
#10305=FACE_OUTER_BOUND('',#10304,.F.);
#10306=ADVANCED_FACE('',(#10305),#10296,.F.);
#10307=CARTESIAN_POINT('',(-4.0675E0,-2.99E0,0.E0));
#10308=DIRECTION('',(1.E0,0.E0,0.E0));
#10309=DIRECTION('',(0.E0,0.E0,-1.E0));
#10310=AXIS2_PLACEMENT_3D('',#10307,#10308,#10309);
#10311=PLANE('',#10310);
#10313=ORIENTED_EDGE('',*,*,#10312,.F.);
#10315=ORIENTED_EDGE('',*,*,#10314,.T.);
#10316=ORIENTED_EDGE('',*,*,#10199,.T.);
#10318=ORIENTED_EDGE('',*,*,#10317,.T.);
#10319=EDGE_LOOP('',(#10313,#10315,#10316,#10318));
#10320=FACE_OUTER_BOUND('',#10319,.F.);
#10321=ADVANCED_FACE('',(#10320),#10311,.F.);
#10322=CARTESIAN_POINT('',(-3.9925E0,1.25E0,2.33E0));
#10323=DIRECTION('',(-9.857817160344E-1,0.E0,1.680309743240E-1));
#10324=DIRECTION('',(1.680309743240E-1,0.E0,9.857817160344E-1));
#10325=AXIS2_PLACEMENT_3D('',#10322,#10323,#10324);
#10326=PLANE('',#10325);
#10328=ORIENTED_EDGE('',*,*,#10327,.F.);
#10330=ORIENTED_EDGE('',*,*,#10329,.T.);
#10331=ORIENTED_EDGE('',*,*,#10267,.T.);
#10333=ORIENTED_EDGE('',*,*,#10332,.T.);
#10334=EDGE_LOOP('',(#10328,#10330,#10331,#10333));
#10335=FACE_OUTER_BOUND('',#10334,.F.);
#10336=ADVANCED_FACE('',(#10335),#10326,.T.);
#10337=CARTESIAN_POINT('',(-4.0675E0,1.5675E0,2.77E0));
#10338=DIRECTION('',(0.E0,0.E0,1.E0));
#10339=DIRECTION('',(0.E0,-1.E0,0.E0));
#10340=AXIS2_PLACEMENT_3D('',#10337,#10338,#10339);
#10341=PLANE('',#10340);
#10343=ORIENTED_EDGE('',*,*,#10342,.F.);
#10345=ORIENTED_EDGE('',*,*,#10344,.T.);
#10347=ORIENTED_EDGE('',*,*,#10346,.T.);
#10348=ORIENTED_EDGE('',*,*,#10327,.T.);
#10349=EDGE_LOOP('',(#10343,#10345,#10347,#10348));
#10350=FACE_OUTER_BOUND('',#10349,.F.);
#10351=ADVANCED_FACE('',(#10350),#10341,.T.);
#10352=CARTESIAN_POINT('',(-3.75E0,1.4925E0,2.33E0));
#10353=DIRECTION('',(0.E0,9.857817160344E-1,1.680309743240E-1));
#10354=DIRECTION('',(0.E0,1.680309743240E-1,-9.857817160344E-1));
#10355=AXIS2_PLACEMENT_3D('',#10352,#10353,#10354);
#10356=PLANE('',#10355);
#10357=ORIENTED_EDGE('',*,*,#10342,.T.);
#10358=ORIENTED_EDGE('',*,*,#10332,.F.);
#10360=ORIENTED_EDGE('',*,*,#10359,.F.);
#10362=ORIENTED_EDGE('',*,*,#10361,.F.);
#10363=EDGE_LOOP('',(#10357,#10358,#10360,#10362));
#10364=FACE_OUTER_BOUND('',#10363,.F.);
#10365=ADVANCED_FACE('',(#10364),#10356,.T.);
#10366=CARTESIAN_POINT('',(-4.0675E0,1.5675E0,-8.03E0));
#10367=DIRECTION('',(0.E0,1.E0,0.E0));
#10368=DIRECTION('',(0.E0,0.E0,1.E0));
#10369=AXIS2_PLACEMENT_3D('',#10366,#10367,#10368);
#10370=PLANE('',#10369);
#10371=ORIENTED_EDGE('',*,*,#10359,.T.);
#10372=ORIENTED_EDGE('',*,*,#10272,.F.);
#10373=ORIENTED_EDGE('',*,*,#10177,.T.);
#10375=ORIENTED_EDGE('',*,*,#10374,.T.);
#10376=EDGE_LOOP('',(#10371,#10372,#10373,#10375));
#10377=FACE_OUTER_BOUND('',#10376,.F.);
#10378=ADVANCED_FACE('',(#10377),#10370,.T.);
#10379=CARTESIAN_POINT('',(-4.0675E0,1.5675E0,-8.03E0));
#10380=DIRECTION('',(0.E0,1.E0,0.E0));
#10381=DIRECTION('',(0.E0,0.E0,1.E0));
#10382=AXIS2_PLACEMENT_3D('',#10379,#10380,#10381);
#10383=PLANE('',#10382);
#10385=ORIENTED_EDGE('',*,*,#10384,.F.);
#10387=ORIENTED_EDGE('',*,*,#10386,.T.);
#10388=ORIENTED_EDGE('',*,*,#6409,.F.);
#10389=ORIENTED_EDGE('',*,*,#10284,.F.);
#10390=EDGE_LOOP('',(#10385,#10387,#10388,#10389));
#10391=FACE_OUTER_BOUND('',#10390,.F.);
#10392=ADVANCED_FACE('',(#10391),#10383,.T.);
#10393=CARTESIAN_POINT('',(-3.4325E0,-2.99E0,0.E0));
#10394=DIRECTION('',(1.E0,0.E0,0.E0));
#10395=DIRECTION('',(0.E0,0.E0,-1.E0));
#10396=AXIS2_PLACEMENT_3D('',#10393,#10394,#10395);
#10397=PLANE('',#10396);
#10399=ORIENTED_EDGE('',*,*,#10398,.F.);
#10400=ORIENTED_EDGE('',*,*,#10374,.F.);
#10401=ORIENTED_EDGE('',*,*,#10175,.F.);
#10403=ORIENTED_EDGE('',*,*,#10402,.F.);
#10404=EDGE_LOOP('',(#10399,#10400,#10401,#10403));
#10405=FACE_OUTER_BOUND('',#10404,.F.);
#10406=ADVANCED_FACE('',(#10405),#10397,.T.);
#10407=CARTESIAN_POINT('',(-3.4325E0,-2.99E0,0.E0));
#10408=DIRECTION('',(1.E0,0.E0,0.E0));
#10409=DIRECTION('',(0.E0,0.E0,-1.E0));
#10410=AXIS2_PLACEMENT_3D('',#10407,#10408,#10409);
#10411=PLANE('',#10410);
#10413=ORIENTED_EDGE('',*,*,#10412,.F.);
#10415=ORIENTED_EDGE('',*,*,#10414,.F.);
#10416=ORIENTED_EDGE('',*,*,#6411,.T.);
#10417=ORIENTED_EDGE('',*,*,#10386,.F.);
#10418=EDGE_LOOP('',(#10413,#10415,#10416,#10417));
#10419=FACE_OUTER_BOUND('',#10418,.F.);
#10420=ADVANCED_FACE('',(#10419),#10411,.T.);
#10421=CARTESIAN_POINT('',(-3.4325E0,-2.99E0,0.E0));
#10422=DIRECTION('',(1.E0,0.E0,0.E0));
#10423=DIRECTION('',(0.E0,0.E0,-1.E0));
#10424=AXIS2_PLACEMENT_3D('',#10421,#10422,#10423);
#10425=PLANE('',#10424);
#10427=ORIENTED_EDGE('',*,*,#10426,.F.);
#10429=ORIENTED_EDGE('',*,*,#10428,.F.);
#10430=ORIENTED_EDGE('',*,*,#6399,.T.);
#10432=ORIENTED_EDGE('',*,*,#10431,.F.);
#10433=EDGE_LOOP('',(#10427,#10429,#10430,#10432));
#10434=FACE_OUTER_BOUND('',#10433,.F.);
#10435=ADVANCED_FACE('',(#10434),#10425,.T.);
#10436=CARTESIAN_POINT('',(-3.4325E0,-2.99E0,0.E0));
#10437=DIRECTION('',(1.E0,0.E0,0.E0));
#10438=DIRECTION('',(0.E0,0.E0,-1.E0));
#10439=AXIS2_PLACEMENT_3D('',#10436,#10437,#10438);
#10440=PLANE('',#10439);
#10442=ORIENTED_EDGE('',*,*,#10441,.F.);
#10444=ORIENTED_EDGE('',*,*,#10443,.F.);
#10445=ORIENTED_EDGE('',*,*,#10203,.F.);
#10447=ORIENTED_EDGE('',*,*,#10446,.F.);
#10448=EDGE_LOOP('',(#10442,#10444,#10445,#10447));
#10449=FACE_OUTER_BOUND('',#10448,.F.);
#10450=ADVANCED_FACE('',(#10449),#10440,.T.);
#10451=CARTESIAN_POINT('',(-3.5075E0,1.25E0,2.33E0));
#10452=DIRECTION('',(9.857817160344E-1,0.E0,1.680309743240E-1));
#10453=DIRECTION('',(-1.680309743240E-1,0.E0,9.857817160344E-1));
#10454=AXIS2_PLACEMENT_3D('',#10451,#10452,#10453);
#10455=PLANE('',#10454);
#10456=ORIENTED_EDGE('',*,*,#10344,.F.);
#10457=ORIENTED_EDGE('',*,*,#10361,.T.);
#10458=ORIENTED_EDGE('',*,*,#10398,.T.);
#10460=ORIENTED_EDGE('',*,*,#10459,.T.);
#10461=EDGE_LOOP('',(#10456,#10457,#10458,#10460));
#10462=FACE_OUTER_BOUND('',#10461,.F.);
#10463=ADVANCED_FACE('',(#10462),#10455,.T.);
#10464=CARTESIAN_POINT('',(-3.75E0,1.0075E0,2.33E0));
#10465=DIRECTION('',(0.E0,-9.857817160344E-1,1.680309743240E-1));
#10466=DIRECTION('',(0.E0,1.680309743240E-1,9.857817160344E-1));
#10467=AXIS2_PLACEMENT_3D('',#10464,#10465,#10466);
#10468=PLANE('',#10467);
#10470=ORIENTED_EDGE('',*,*,#10469,.T.);
#10471=ORIENTED_EDGE('',*,*,#10329,.F.);
#10472=ORIENTED_EDGE('',*,*,#10346,.F.);
#10473=ORIENTED_EDGE('',*,*,#10459,.F.);
#10474=EDGE_LOOP('',(#10470,#10471,#10472,#10473));
#10475=FACE_OUTER_BOUND('',#10474,.F.);
#10476=ADVANCED_FACE('',(#10475),#10468,.T.);
#10477=CARTESIAN_POINT('',(-4.0675E0,9.325E-1,2.77E0));
#10478=DIRECTION('',(0.E0,-1.E0,0.E0));
#10479=DIRECTION('',(0.E0,0.E0,-1.E0));
#10480=AXIS2_PLACEMENT_3D('',#10477,#10478,#10479);
#10481=PLANE('',#10480);
#10482=ORIENTED_EDGE('',*,*,#10469,.F.);
#10483=ORIENTED_EDGE('',*,*,#10402,.T.);
#10484=ORIENTED_EDGE('',*,*,#10173,.F.);
#10485=ORIENTED_EDGE('',*,*,#10269,.F.);
#10486=EDGE_LOOP('',(#10482,#10483,#10484,#10485));
#10487=FACE_OUTER_BOUND('',#10486,.F.);
#10488=ADVANCED_FACE('',(#10487),#10481,.T.);
#10489=CARTESIAN_POINT('',(-4.0675E0,9.325E-1,2.77E0));
#10490=DIRECTION('',(0.E0,-1.E0,0.E0));
#10491=DIRECTION('',(0.E0,0.E0,-1.E0));
#10492=AXIS2_PLACEMENT_3D('',#10489,#10490,#10491);
#10493=PLANE('',#10492);
#10495=ORIENTED_EDGE('',*,*,#10494,.T.);
#10496=ORIENTED_EDGE('',*,*,#10287,.F.);
#10497=ORIENTED_EDGE('',*,*,#6405,.T.);
#10498=ORIENTED_EDGE('',*,*,#10414,.T.);
#10499=EDGE_LOOP('',(#10495,#10496,#10497,#10498));
#10500=FACE_OUTER_BOUND('',#10499,.F.);
#10501=ADVANCED_FACE('',(#10500),#10493,.T.);
#10502=CARTESIAN_POINT('',(-3.75E0,1.0075E0,-7.59E0));
#10503=DIRECTION('',(0.E0,-9.857817160344E-1,-1.680309743240E-1));
#10504=DIRECTION('',(0.E0,-1.680309743240E-1,9.857817160344E-1));
#10505=AXIS2_PLACEMENT_3D('',#10502,#10503,#10504);
#10506=PLANE('',#10505);
#10507=ORIENTED_EDGE('',*,*,#10494,.F.);
#10509=ORIENTED_EDGE('',*,*,#10508,.F.);
#10511=ORIENTED_EDGE('',*,*,#10510,.T.);
#10513=ORIENTED_EDGE('',*,*,#10512,.T.);
#10514=EDGE_LOOP('',(#10507,#10509,#10511,#10513));
#10515=FACE_OUTER_BOUND('',#10514,.F.);
#10516=ADVANCED_FACE('',(#10515),#10506,.T.);
#10517=CARTESIAN_POINT('',(-3.5075E0,1.25E0,-7.59E0));
#10518=DIRECTION('',(9.857817160344E-1,0.E0,-1.680309743240E-1));
#10519=DIRECTION('',(-1.680309743240E-1,0.E0,-9.857817160344E-1));
#10520=AXIS2_PLACEMENT_3D('',#10517,#10518,#10519);
#10521=PLANE('',#10520);
#10523=ORIENTED_EDGE('',*,*,#10522,.F.);
#10524=ORIENTED_EDGE('',*,*,#10508,.T.);
#10525=ORIENTED_EDGE('',*,*,#10412,.T.);
#10527=ORIENTED_EDGE('',*,*,#10526,.T.);
#10528=EDGE_LOOP('',(#10523,#10524,#10525,#10527));
#10529=FACE_OUTER_BOUND('',#10528,.F.);
#10530=ADVANCED_FACE('',(#10529),#10521,.T.);
#10531=CARTESIAN_POINT('',(-4.0675E0,9.325E-1,-8.03E0));
#10532=DIRECTION('',(0.E0,0.E0,-1.E0));
#10533=DIRECTION('',(0.E0,1.E0,0.E0));
#10534=AXIS2_PLACEMENT_3D('',#10531,#10532,#10533);
#10535=PLANE('',#10534);
#10537=ORIENTED_EDGE('',*,*,#10536,.T.);
#10539=ORIENTED_EDGE('',*,*,#10538,.T.);
#10540=ORIENTED_EDGE('',*,*,#10510,.F.);
#10541=ORIENTED_EDGE('',*,*,#10522,.T.);
#10542=EDGE_LOOP('',(#10537,#10539,#10540,#10541));
#10543=FACE_OUTER_BOUND('',#10542,.F.);
#10544=ADVANCED_FACE('',(#10543),#10535,.T.);
#10545=CARTESIAN_POINT('',(-3.75E0,1.4925E0,-7.59E0));
#10546=DIRECTION('',(0.E0,9.857817160344E-1,-1.680309743240E-1));
#10547=DIRECTION('',(0.E0,-1.680309743240E-1,-9.857817160344E-1));
#10548=AXIS2_PLACEMENT_3D('',#10545,#10546,#10547);
#10549=PLANE('',#10548);
#10550=ORIENTED_EDGE('',*,*,#10384,.T.);
#10552=ORIENTED_EDGE('',*,*,#10551,.F.);
#10553=ORIENTED_EDGE('',*,*,#10536,.F.);
#10554=ORIENTED_EDGE('',*,*,#10526,.F.);
#10555=EDGE_LOOP('',(#10550,#10552,#10553,#10554));
#10556=FACE_OUTER_BOUND('',#10555,.F.);
#10557=ADVANCED_FACE('',(#10556),#10549,.T.);
#10558=CARTESIAN_POINT('',(-3.9925E0,1.25E0,-7.59E0));
#10559=DIRECTION('',(-9.857817160344E-1,0.E0,-1.680309743240E-1));
#10560=DIRECTION('',(1.680309743240E-1,0.E0,-9.857817160344E-1));
#10561=AXIS2_PLACEMENT_3D('',#10558,#10559,#10560);
#10562=PLANE('',#10561);
#10563=ORIENTED_EDGE('',*,*,#10282,.T.);
#10564=ORIENTED_EDGE('',*,*,#10512,.F.);
#10565=ORIENTED_EDGE('',*,*,#10538,.F.);
#10566=ORIENTED_EDGE('',*,*,#10551,.T.);
#10567=EDGE_LOOP('',(#10563,#10564,#10565,#10566));
#10568=FACE_OUTER_BOUND('',#10567,.F.);
#10569=ADVANCED_FACE('',(#10568),#10562,.T.);
#10570=CARTESIAN_POINT('',(-3.5075E0,-1.25E0,-7.59E0));
#10571=DIRECTION('',(9.857817160344E-1,0.E0,-1.680309743240E-1));
#10572=DIRECTION('',(-1.680309743240E-1,0.E0,-9.857817160344E-1));
#10573=AXIS2_PLACEMENT_3D('',#10570,#10571,#10572);
#10574=PLANE('',#10573);
#10576=ORIENTED_EDGE('',*,*,#10575,.F.);
#10578=ORIENTED_EDGE('',*,*,#10577,.T.);
#10579=ORIENTED_EDGE('',*,*,#10426,.T.);
#10581=ORIENTED_EDGE('',*,*,#10580,.T.);
#10582=EDGE_LOOP('',(#10576,#10578,#10579,#10581));
#10583=FACE_OUTER_BOUND('',#10582,.F.);
#10584=ADVANCED_FACE('',(#10583),#10574,.T.);
#10585=CARTESIAN_POINT('',(-4.0675E0,-1.5675E0,-8.03E0));
#10586=DIRECTION('',(0.E0,0.E0,-1.E0));
#10587=DIRECTION('',(0.E0,1.E0,0.E0));
#10588=AXIS2_PLACEMENT_3D('',#10585,#10586,#10587);
#10589=PLANE('',#10588);
#10591=ORIENTED_EDGE('',*,*,#10590,.T.);
#10593=ORIENTED_EDGE('',*,*,#10592,.T.);
#10595=ORIENTED_EDGE('',*,*,#10594,.F.);
#10596=ORIENTED_EDGE('',*,*,#10575,.T.);
#10597=EDGE_LOOP('',(#10591,#10593,#10595,#10596));
#10598=FACE_OUTER_BOUND('',#10597,.F.);
#10599=ADVANCED_FACE('',(#10598),#10589,.T.);
#10600=CARTESIAN_POINT('',(-3.75E0,-1.0075E0,-7.59E0));
#10601=DIRECTION('',(0.E0,9.857817160344E-1,-1.680309743240E-1));
#10602=DIRECTION('',(0.E0,-1.680309743240E-1,-9.857817160344E-1));
#10603=AXIS2_PLACEMENT_3D('',#10600,#10601,#10602);
#10604=PLANE('',#10603);
#10606=ORIENTED_EDGE('',*,*,#10605,.T.);
#10608=ORIENTED_EDGE('',*,*,#10607,.F.);
#10609=ORIENTED_EDGE('',*,*,#10590,.F.);
#10610=ORIENTED_EDGE('',*,*,#10580,.F.);
#10611=EDGE_LOOP('',(#10606,#10608,#10609,#10610));
#10612=FACE_OUTER_BOUND('',#10611,.F.);
#10613=ADVANCED_FACE('',(#10612),#10604,.T.);
#10614=CARTESIAN_POINT('',(-4.0675E0,-9.325E-1,-8.03E0));
#10615=DIRECTION('',(0.E0,1.E0,0.E0));
#10616=DIRECTION('',(0.E0,0.E0,1.E0));
#10617=AXIS2_PLACEMENT_3D('',#10614,#10615,#10616);
#10618=PLANE('',#10617);
#10619=ORIENTED_EDGE('',*,*,#10605,.F.);
#10620=ORIENTED_EDGE('',*,*,#10431,.T.);
#10621=ORIENTED_EDGE('',*,*,#6397,.F.);
#10622=ORIENTED_EDGE('',*,*,#10299,.F.);
#10623=EDGE_LOOP('',(#10619,#10620,#10621,#10622));
#10624=FACE_OUTER_BOUND('',#10623,.F.);
#10625=ADVANCED_FACE('',(#10624),#10618,.T.);
#10626=CARTESIAN_POINT('',(-4.0675E0,-9.325E-1,-8.03E0));
#10627=DIRECTION('',(0.E0,1.E0,0.E0));
#10628=DIRECTION('',(0.E0,0.E0,1.E0));
#10629=AXIS2_PLACEMENT_3D('',#10626,#10627,#10628);
#10630=PLANE('',#10629);
#10632=ORIENTED_EDGE('',*,*,#10631,.T.);
#10633=ORIENTED_EDGE('',*,*,#10317,.F.);
#10634=ORIENTED_EDGE('',*,*,#10205,.T.);
#10635=ORIENTED_EDGE('',*,*,#10443,.T.);
#10636=EDGE_LOOP('',(#10632,#10633,#10634,#10635));
#10637=FACE_OUTER_BOUND('',#10636,.F.);
#10638=ADVANCED_FACE('',(#10637),#10630,.T.);
#10639=CARTESIAN_POINT('',(-3.75E0,-1.0075E0,2.33E0));
#10640=DIRECTION('',(0.E0,9.857817160344E-1,1.680309743240E-1));
#10641=DIRECTION('',(0.E0,1.680309743240E-1,-9.857817160344E-1));
#10642=AXIS2_PLACEMENT_3D('',#10639,#10640,#10641);
#10643=PLANE('',#10642);
#10644=ORIENTED_EDGE('',*,*,#10631,.F.);
#10646=ORIENTED_EDGE('',*,*,#10645,.F.);
#10648=ORIENTED_EDGE('',*,*,#10647,.T.);
#10650=ORIENTED_EDGE('',*,*,#10649,.T.);
#10651=EDGE_LOOP('',(#10644,#10646,#10648,#10650));
#10652=FACE_OUTER_BOUND('',#10651,.F.);
#10653=ADVANCED_FACE('',(#10652),#10643,.T.);
#10654=CARTESIAN_POINT('',(-3.5075E0,-1.25E0,2.33E0));
#10655=DIRECTION('',(9.857817160344E-1,0.E0,1.680309743240E-1));
#10656=DIRECTION('',(-1.680309743240E-1,0.E0,9.857817160344E-1));
#10657=AXIS2_PLACEMENT_3D('',#10654,#10655,#10656);
#10658=PLANE('',#10657);
#10660=ORIENTED_EDGE('',*,*,#10659,.F.);
#10661=ORIENTED_EDGE('',*,*,#10645,.T.);
#10662=ORIENTED_EDGE('',*,*,#10441,.T.);
#10664=ORIENTED_EDGE('',*,*,#10663,.F.);
#10665=EDGE_LOOP('',(#10660,#10661,#10662,#10664));
#10666=FACE_OUTER_BOUND('',#10665,.F.);
#10667=ADVANCED_FACE('',(#10666),#10658,.T.);
#10668=CARTESIAN_POINT('',(-4.0675E0,-9.325E-1,2.77E0));
#10669=DIRECTION('',(0.E0,0.E0,1.E0));
#10670=DIRECTION('',(0.E0,-1.E0,0.E0));
#10671=AXIS2_PLACEMENT_3D('',#10668,#10669,#10670);
#10672=PLANE('',#10671);
#10674=ORIENTED_EDGE('',*,*,#10673,.T.);
#10676=ORIENTED_EDGE('',*,*,#10675,.T.);
#10677=ORIENTED_EDGE('',*,*,#10647,.F.);
#10678=ORIENTED_EDGE('',*,*,#10659,.T.);
#10679=EDGE_LOOP('',(#10674,#10676,#10677,#10678));
#10680=FACE_OUTER_BOUND('',#10679,.F.);
#10681=ADVANCED_FACE('',(#10680),#10672,.T.);
#10682=CARTESIAN_POINT('',(-3.75E0,-1.4925E0,2.33E0));
#10683=DIRECTION('',(0.E0,-9.857817160344E-1,1.680309743240E-1));
#10684=DIRECTION('',(0.E0,1.680309743240E-1,9.857817160344E-1));
#10685=AXIS2_PLACEMENT_3D('',#10682,#10683,#10684);
#10686=PLANE('',#10685);
#10688=ORIENTED_EDGE('',*,*,#10687,.T.);
#10690=ORIENTED_EDGE('',*,*,#10689,.F.);
#10691=ORIENTED_EDGE('',*,*,#10673,.F.);
#10692=ORIENTED_EDGE('',*,*,#10663,.T.);
#10693=EDGE_LOOP('',(#10688,#10690,#10691,#10692));
#10694=FACE_OUTER_BOUND('',#10693,.F.);
#10695=ADVANCED_FACE('',(#10694),#10686,.T.);
#10696=CARTESIAN_POINT('',(-4.0675E0,-1.5675E0,2.77E0));
#10697=DIRECTION('',(0.E0,-1.E0,0.E0));
#10698=DIRECTION('',(0.E0,0.E0,-1.E0));
#10699=AXIS2_PLACEMENT_3D('',#10696,#10697,#10698);
#10700=PLANE('',#10699);
#10702=ORIENTED_EDGE('',*,*,#10701,.T.);
#10703=ORIENTED_EDGE('',*,*,#10302,.F.);
#10704=ORIENTED_EDGE('',*,*,#6401,.T.);
#10705=ORIENTED_EDGE('',*,*,#10428,.T.);
#10706=EDGE_LOOP('',(#10702,#10703,#10704,#10705));
#10707=FACE_OUTER_BOUND('',#10706,.F.);
#10708=ADVANCED_FACE('',(#10707),#10700,.T.);
#10709=CARTESIAN_POINT('',(-4.0675E0,-1.5675E0,2.77E0));
#10710=DIRECTION('',(0.E0,-1.E0,0.E0));
#10711=DIRECTION('',(0.E0,0.E0,-1.E0));
#10712=AXIS2_PLACEMENT_3D('',#10709,#10710,#10711);
#10713=PLANE('',#10712);
#10714=ORIENTED_EDGE('',*,*,#10687,.F.);
#10715=ORIENTED_EDGE('',*,*,#10446,.T.);
#10716=ORIENTED_EDGE('',*,*,#10201,.F.);
#10717=ORIENTED_EDGE('',*,*,#10314,.F.);
#10718=EDGE_LOOP('',(#10714,#10715,#10716,#10717));
#10719=FACE_OUTER_BOUND('',#10718,.F.);
#10720=ADVANCED_FACE('',(#10719),#10713,.T.);
#10721=CARTESIAN_POINT('',(-3.75E0,-1.4925E0,-7.59E0));
#10722=DIRECTION('',(0.E0,-9.857817160344E-1,-1.680309743240E-1));
#10723=DIRECTION('',(0.E0,-1.680309743240E-1,9.857817160344E-1));
#10724=AXIS2_PLACEMENT_3D('',#10721,#10722,#10723);
#10725=PLANE('',#10724);
#10726=ORIENTED_EDGE('',*,*,#10701,.F.);
#10727=ORIENTED_EDGE('',*,*,#10577,.F.);
#10728=ORIENTED_EDGE('',*,*,#10594,.T.);
#10730=ORIENTED_EDGE('',*,*,#10729,.T.);
#10731=EDGE_LOOP('',(#10726,#10727,#10728,#10730));
#10732=FACE_OUTER_BOUND('',#10731,.F.);
#10733=ADVANCED_FACE('',(#10732),#10725,.T.);
#10734=CARTESIAN_POINT('',(-3.9925E0,-1.25E0,-7.59E0));
#10735=DIRECTION('',(-9.857817160344E-1,0.E0,-1.680309743240E-1));
#10736=DIRECTION('',(1.680309743240E-1,0.E0,-9.857817160344E-1));
#10737=AXIS2_PLACEMENT_3D('',#10734,#10735,#10736);
#10738=PLANE('',#10737);
#10739=ORIENTED_EDGE('',*,*,#10297,.T.);
#10740=ORIENTED_EDGE('',*,*,#10729,.F.);
#10741=ORIENTED_EDGE('',*,*,#10592,.F.);
#10742=ORIENTED_EDGE('',*,*,#10607,.T.);
#10743=EDGE_LOOP('',(#10739,#10740,#10741,#10742));
#10744=FACE_OUTER_BOUND('',#10743,.F.);
#10745=ADVANCED_FACE('',(#10744),#10738,.T.);
#10746=CARTESIAN_POINT('',(-3.9925E0,-1.25E0,2.33E0));
#10747=DIRECTION('',(-9.857817160344E-1,0.E0,1.680309743240E-1));
#10748=DIRECTION('',(1.680309743240E-1,0.E0,9.857817160344E-1));
#10749=AXIS2_PLACEMENT_3D('',#10746,#10747,#10748);
#10750=PLANE('',#10749);
#10751=ORIENTED_EDGE('',*,*,#10312,.T.);
#10752=ORIENTED_EDGE('',*,*,#10649,.F.);
#10753=ORIENTED_EDGE('',*,*,#10675,.F.);
#10754=ORIENTED_EDGE('',*,*,#10689,.T.);
#10755=EDGE_LOOP('',(#10751,#10752,#10753,#10754));
#10756=FACE_OUTER_BOUND('',#10755,.F.);
#10757=ADVANCED_FACE('',(#10756),#10750,.T.);
#10758=CARTESIAN_POINT('',(-7.36E0,2.345E0,4.23E0));
#10759=DIRECTION('',(-1.E0,0.E0,0.E0));
#10760=DIRECTION('',(0.E0,-1.E0,0.E0));
#10761=AXIS2_PLACEMENT_3D('',#10758,#10759,#10760);
#10762=PLANE('',#10761);
#10763=ORIENTED_EDGE('',*,*,#6993,.F.);
#10765=ORIENTED_EDGE('',*,*,#10764,.T.);
#10767=ORIENTED_EDGE('',*,*,#10766,.T.);
#10769=ORIENTED_EDGE('',*,*,#10768,.F.);
#10770=EDGE_LOOP('',(#10763,#10765,#10767,#10769));
#10771=FACE_OUTER_BOUND('',#10770,.F.);
#10772=ADVANCED_FACE('',(#10771),#10762,.F.);
#10773=CARTESIAN_POINT('',(-5.14E0,2.345E0,4.23E0));
#10774=DIRECTION('',(0.E0,1.E0,0.E0));
#10775=DIRECTION('',(-1.E0,0.E0,0.E0));
#10776=AXIS2_PLACEMENT_3D('',#10773,#10774,#10775);
#10777=PLANE('',#10776);
#10778=ORIENTED_EDGE('',*,*,#6999,.F.);
#10780=ORIENTED_EDGE('',*,*,#10779,.T.);
#10782=ORIENTED_EDGE('',*,*,#10781,.T.);
#10783=ORIENTED_EDGE('',*,*,#10764,.F.);
#10784=EDGE_LOOP('',(#10778,#10780,#10782,#10783));
#10785=FACE_OUTER_BOUND('',#10784,.F.);
#10786=ADVANCED_FACE('',(#10785),#10777,.F.);
#10787=CARTESIAN_POINT('',(-5.14E0,1.55E-1,4.23E0));
#10788=DIRECTION('',(1.E0,0.E0,0.E0));
#10789=DIRECTION('',(0.E0,1.E0,0.E0));
#10790=AXIS2_PLACEMENT_3D('',#10787,#10788,#10789);
#10791=PLANE('',#10790);
#10792=ORIENTED_EDGE('',*,*,#6997,.F.);
#10794=ORIENTED_EDGE('',*,*,#10793,.T.);
#10796=ORIENTED_EDGE('',*,*,#10795,.T.);
#10797=ORIENTED_EDGE('',*,*,#10779,.F.);
#10798=EDGE_LOOP('',(#10792,#10794,#10796,#10797));
#10799=FACE_OUTER_BOUND('',#10798,.F.);
#10800=ADVANCED_FACE('',(#10799),#10791,.F.);
#10801=CARTESIAN_POINT('',(-7.36E0,1.55E-1,4.23E0));
#10802=DIRECTION('',(0.E0,-1.E0,0.E0));
#10803=DIRECTION('',(1.E0,0.E0,0.E0));
#10804=AXIS2_PLACEMENT_3D('',#10801,#10802,#10803);
#10805=PLANE('',#10804);
#10806=ORIENTED_EDGE('',*,*,#6995,.F.);
#10807=ORIENTED_EDGE('',*,*,#10768,.T.);
#10809=ORIENTED_EDGE('',*,*,#10808,.T.);
#10810=ORIENTED_EDGE('',*,*,#10793,.F.);
#10811=EDGE_LOOP('',(#10806,#10807,#10809,#10810));
#10812=FACE_OUTER_BOUND('',#10811,.F.);
#10813=ADVANCED_FACE('',(#10812),#10805,.F.);
#10814=CARTESIAN_POINT('',(0.E0,-2.99E0,-1.77E0));
#10815=DIRECTION('',(0.E0,0.E0,1.E0));
#10816=DIRECTION('',(1.E0,0.E0,0.E0));
#10817=AXIS2_PLACEMENT_3D('',#10814,#10815,#10816);
#10818=PLANE('',#10817);
#10819=ORIENTED_EDGE('',*,*,#10766,.F.);
#10820=ORIENTED_EDGE('',*,*,#10781,.F.);
#10821=ORIENTED_EDGE('',*,*,#10795,.F.);
#10822=ORIENTED_EDGE('',*,*,#10808,.F.);
#10823=EDGE_LOOP('',(#10819,#10820,#10821,#10822));
#10824=FACE_OUTER_BOUND('',#10823,.F.);
#10826=ORIENTED_EDGE('',*,*,#10825,.T.);
#10828=ORIENTED_EDGE('',*,*,#10827,.T.);
#10830=ORIENTED_EDGE('',*,*,#10829,.F.);
#10832=ORIENTED_EDGE('',*,*,#10831,.F.);
#10833=EDGE_LOOP('',(#10826,#10828,#10830,#10832));
#10834=FACE_BOUND('',#10833,.F.);
#10835=ADVANCED_FACE('',(#10824,#10834),#10818,.T.);
#10836=CARTESIAN_POINT('',(0.E0,-2.99E0,-1.77E0));
#10837=DIRECTION('',(0.E0,0.E0,1.E0));
#10838=DIRECTION('',(1.E0,0.E0,0.E0));
#10839=AXIS2_PLACEMENT_3D('',#10836,#10837,#10838);
#10840=PLANE('',#10839);
#10842=ORIENTED_EDGE('',*,*,#10841,.F.);
#10844=ORIENTED_EDGE('',*,*,#10843,.F.);
#10846=ORIENTED_EDGE('',*,*,#10845,.F.);
#10848=ORIENTED_EDGE('',*,*,#10847,.F.);
#10849=EDGE_LOOP('',(#10842,#10844,#10846,#10848));
#10850=FACE_OUTER_BOUND('',#10849,.F.);
#10852=ORIENTED_EDGE('',*,*,#10851,.F.);
#10854=ORIENTED_EDGE('',*,*,#10853,.T.);
#10856=ORIENTED_EDGE('',*,*,#10855,.T.);
#10858=ORIENTED_EDGE('',*,*,#10857,.F.);
#10859=EDGE_LOOP('',(#10852,#10854,#10856,#10858));
#10860=FACE_BOUND('',#10859,.F.);
#10861=ADVANCED_FACE('',(#10850,#10860),#10840,.T.);
#10862=CARTESIAN_POINT('',(-7.36E0,-2.345E0,4.23E0));
#10863=DIRECTION('',(0.E0,-1.E0,0.E0));
#10864=DIRECTION('',(1.E0,0.E0,0.E0));
#10865=AXIS2_PLACEMENT_3D('',#10862,#10863,#10864);
#10866=PLANE('',#10865);
#10867=ORIENTED_EDGE('',*,*,#7003,.F.);
#10869=ORIENTED_EDGE('',*,*,#10868,.T.);
#10870=ORIENTED_EDGE('',*,*,#10841,.T.);
#10872=ORIENTED_EDGE('',*,*,#10871,.F.);
#10873=EDGE_LOOP('',(#10867,#10869,#10870,#10872));
#10874=FACE_OUTER_BOUND('',#10873,.F.);
#10875=ADVANCED_FACE('',(#10874),#10866,.F.);
#10876=CARTESIAN_POINT('',(-7.36E0,-1.55E-1,4.23E0));
#10877=DIRECTION('',(-1.E0,0.E0,0.E0));
#10878=DIRECTION('',(0.E0,-1.E0,0.E0));
#10879=AXIS2_PLACEMENT_3D('',#10876,#10877,#10878);
#10880=PLANE('',#10879);
#10881=ORIENTED_EDGE('',*,*,#7009,.F.);
#10883=ORIENTED_EDGE('',*,*,#10882,.T.);
#10884=ORIENTED_EDGE('',*,*,#10843,.T.);
#10885=ORIENTED_EDGE('',*,*,#10868,.F.);
#10886=EDGE_LOOP('',(#10881,#10883,#10884,#10885));
#10887=FACE_OUTER_BOUND('',#10886,.F.);
#10888=ADVANCED_FACE('',(#10887),#10880,.F.);
#10889=CARTESIAN_POINT('',(-5.14E0,-1.55E-1,4.23E0));
#10890=DIRECTION('',(0.E0,1.E0,0.E0));
#10891=DIRECTION('',(-1.E0,0.E0,0.E0));
#10892=AXIS2_PLACEMENT_3D('',#10889,#10890,#10891);
#10893=PLANE('',#10892);
#10894=ORIENTED_EDGE('',*,*,#7007,.F.);
#10896=ORIENTED_EDGE('',*,*,#10895,.T.);
#10897=ORIENTED_EDGE('',*,*,#10845,.T.);
#10898=ORIENTED_EDGE('',*,*,#10882,.F.);
#10899=EDGE_LOOP('',(#10894,#10896,#10897,#10898));
#10900=FACE_OUTER_BOUND('',#10899,.F.);
#10901=ADVANCED_FACE('',(#10900),#10893,.F.);
#10902=CARTESIAN_POINT('',(-5.14E0,-2.345E0,4.23E0));
#10903=DIRECTION('',(1.E0,0.E0,0.E0));
#10904=DIRECTION('',(0.E0,1.E0,0.E0));
#10905=AXIS2_PLACEMENT_3D('',#10902,#10903,#10904);
#10906=PLANE('',#10905);
#10907=ORIENTED_EDGE('',*,*,#7005,.F.);
#10908=ORIENTED_EDGE('',*,*,#10871,.T.);
#10909=ORIENTED_EDGE('',*,*,#10847,.T.);
#10910=ORIENTED_EDGE('',*,*,#10895,.F.);
#10911=EDGE_LOOP('',(#10907,#10908,#10909,#10910));
#10912=FACE_OUTER_BOUND('',#10911,.F.);
#10913=ADVANCED_FACE('',(#10912),#10906,.F.);
#10914=CARTESIAN_POINT('',(-6.5675E0,-2.99E0,0.E0));
#10915=DIRECTION('',(1.E0,0.E0,0.E0));
#10916=DIRECTION('',(0.E0,0.E0,-1.E0));
#10917=AXIS2_PLACEMENT_3D('',#10914,#10915,#10916);
#10918=PLANE('',#10917);
#10920=ORIENTED_EDGE('',*,*,#10919,.F.);
#10922=ORIENTED_EDGE('',*,*,#10921,.T.);
#10923=ORIENTED_EDGE('',*,*,#10831,.T.);
#10925=ORIENTED_EDGE('',*,*,#10924,.T.);
#10926=EDGE_LOOP('',(#10920,#10922,#10923,#10925));
#10927=FACE_OUTER_BOUND('',#10926,.F.);
#10928=ADVANCED_FACE('',(#10927),#10918,.F.);
#10929=CARTESIAN_POINT('',(-6.5675E0,-2.99E0,0.E0));
#10930=DIRECTION('',(1.E0,0.E0,0.E0));
#10931=DIRECTION('',(0.E0,0.E0,-1.E0));
#10932=AXIS2_PLACEMENT_3D('',#10929,#10930,#10931);
#10933=PLANE('',#10932);
#10935=ORIENTED_EDGE('',*,*,#10934,.F.);
#10937=ORIENTED_EDGE('',*,*,#10936,.T.);
#10938=ORIENTED_EDGE('',*,*,#6427,.F.);
#10940=ORIENTED_EDGE('',*,*,#10939,.T.);
#10941=EDGE_LOOP('',(#10935,#10937,#10938,#10940));
#10942=FACE_OUTER_BOUND('',#10941,.F.);
#10943=ADVANCED_FACE('',(#10942),#10933,.F.);
#10944=CARTESIAN_POINT('',(-6.5675E0,-2.99E0,0.E0));
#10945=DIRECTION('',(1.E0,0.E0,0.E0));
#10946=DIRECTION('',(0.E0,0.E0,-1.E0));
#10947=AXIS2_PLACEMENT_3D('',#10944,#10945,#10946);
#10948=PLANE('',#10947);
#10950=ORIENTED_EDGE('',*,*,#10949,.F.);
#10952=ORIENTED_EDGE('',*,*,#10951,.T.);
#10953=ORIENTED_EDGE('',*,*,#6415,.F.);
#10955=ORIENTED_EDGE('',*,*,#10954,.T.);
#10956=EDGE_LOOP('',(#10950,#10952,#10953,#10955));
#10957=FACE_OUTER_BOUND('',#10956,.F.);
#10958=ADVANCED_FACE('',(#10957),#10948,.F.);
#10959=CARTESIAN_POINT('',(-6.5675E0,-2.99E0,0.E0));
#10960=DIRECTION('',(1.E0,0.E0,0.E0));
#10961=DIRECTION('',(0.E0,0.E0,-1.E0));
#10962=AXIS2_PLACEMENT_3D('',#10959,#10960,#10961);
#10963=PLANE('',#10962);
#10965=ORIENTED_EDGE('',*,*,#10964,.F.);
#10967=ORIENTED_EDGE('',*,*,#10966,.T.);
#10968=ORIENTED_EDGE('',*,*,#10851,.T.);
#10970=ORIENTED_EDGE('',*,*,#10969,.T.);
#10971=EDGE_LOOP('',(#10965,#10967,#10968,#10970));
#10972=FACE_OUTER_BOUND('',#10971,.F.);
#10973=ADVANCED_FACE('',(#10972),#10963,.F.);
#10974=CARTESIAN_POINT('',(-6.4925E0,1.25E0,2.33E0));
#10975=DIRECTION('',(-9.857817160344E-1,0.E0,1.680309743240E-1));
#10976=DIRECTION('',(1.680309743240E-1,0.E0,9.857817160344E-1));
#10977=AXIS2_PLACEMENT_3D('',#10974,#10975,#10976);
#10978=PLANE('',#10977);
#10980=ORIENTED_EDGE('',*,*,#10979,.F.);
#10982=ORIENTED_EDGE('',*,*,#10981,.T.);
#10983=ORIENTED_EDGE('',*,*,#10919,.T.);
#10985=ORIENTED_EDGE('',*,*,#10984,.T.);
#10986=EDGE_LOOP('',(#10980,#10982,#10983,#10985));
#10987=FACE_OUTER_BOUND('',#10986,.F.);
#10988=ADVANCED_FACE('',(#10987),#10978,.T.);
#10989=CARTESIAN_POINT('',(-6.5675E0,1.5675E0,2.77E0));
#10990=DIRECTION('',(0.E0,0.E0,1.E0));
#10991=DIRECTION('',(0.E0,-1.E0,0.E0));
#10992=AXIS2_PLACEMENT_3D('',#10989,#10990,#10991);
#10993=PLANE('',#10992);
#10995=ORIENTED_EDGE('',*,*,#10994,.F.);
#10997=ORIENTED_EDGE('',*,*,#10996,.T.);
#10999=ORIENTED_EDGE('',*,*,#10998,.T.);
#11000=ORIENTED_EDGE('',*,*,#10979,.T.);
#11001=EDGE_LOOP('',(#10995,#10997,#10999,#11000));
#11002=FACE_OUTER_BOUND('',#11001,.F.);
#11003=ADVANCED_FACE('',(#11002),#10993,.T.);
#11004=CARTESIAN_POINT('',(-6.25E0,1.4925E0,2.33E0));
#11005=DIRECTION('',(0.E0,9.857817160344E-1,1.680309743240E-1));
#11006=DIRECTION('',(0.E0,1.680309743240E-1,-9.857817160344E-1));
#11007=AXIS2_PLACEMENT_3D('',#11004,#11005,#11006);
#11008=PLANE('',#11007);
#11009=ORIENTED_EDGE('',*,*,#10994,.T.);
#11010=ORIENTED_EDGE('',*,*,#10984,.F.);
#11012=ORIENTED_EDGE('',*,*,#11011,.F.);
#11014=ORIENTED_EDGE('',*,*,#11013,.F.);
#11015=EDGE_LOOP('',(#11009,#11010,#11012,#11014));
#11016=FACE_OUTER_BOUND('',#11015,.F.);
#11017=ADVANCED_FACE('',(#11016),#11008,.T.);
#11018=CARTESIAN_POINT('',(-6.5675E0,1.5675E0,-8.03E0));
#11019=DIRECTION('',(0.E0,1.E0,0.E0));
#11020=DIRECTION('',(0.E0,0.E0,1.E0));
#11021=AXIS2_PLACEMENT_3D('',#11018,#11019,#11020);
#11022=PLANE('',#11021);
#11023=ORIENTED_EDGE('',*,*,#11011,.T.);
#11024=ORIENTED_EDGE('',*,*,#10924,.F.);
#11025=ORIENTED_EDGE('',*,*,#10829,.T.);
#11027=ORIENTED_EDGE('',*,*,#11026,.T.);
#11028=EDGE_LOOP('',(#11023,#11024,#11025,#11027));
#11029=FACE_OUTER_BOUND('',#11028,.F.);
#11030=ADVANCED_FACE('',(#11029),#11022,.T.);
#11031=CARTESIAN_POINT('',(-6.5675E0,1.5675E0,-8.03E0));
#11032=DIRECTION('',(0.E0,1.E0,0.E0));
#11033=DIRECTION('',(0.E0,0.E0,1.E0));
#11034=AXIS2_PLACEMENT_3D('',#11031,#11032,#11033);
#11035=PLANE('',#11034);
#11037=ORIENTED_EDGE('',*,*,#11036,.F.);
#11039=ORIENTED_EDGE('',*,*,#11038,.T.);
#11040=ORIENTED_EDGE('',*,*,#6429,.F.);
#11041=ORIENTED_EDGE('',*,*,#10936,.F.);
#11042=EDGE_LOOP('',(#11037,#11039,#11040,#11041));
#11043=FACE_OUTER_BOUND('',#11042,.F.);
#11044=ADVANCED_FACE('',(#11043),#11035,.T.);
#11045=CARTESIAN_POINT('',(-5.9325E0,-2.99E0,0.E0));
#11046=DIRECTION('',(1.E0,0.E0,0.E0));
#11047=DIRECTION('',(0.E0,0.E0,-1.E0));
#11048=AXIS2_PLACEMENT_3D('',#11045,#11046,#11047);
#11049=PLANE('',#11048);
#11051=ORIENTED_EDGE('',*,*,#11050,.F.);
#11052=ORIENTED_EDGE('',*,*,#11026,.F.);
#11053=ORIENTED_EDGE('',*,*,#10827,.F.);
#11055=ORIENTED_EDGE('',*,*,#11054,.F.);
#11056=EDGE_LOOP('',(#11051,#11052,#11053,#11055));
#11057=FACE_OUTER_BOUND('',#11056,.F.);
#11058=ADVANCED_FACE('',(#11057),#11049,.T.);
#11059=CARTESIAN_POINT('',(-5.9325E0,-2.99E0,0.E0));
#11060=DIRECTION('',(1.E0,0.E0,0.E0));
#11061=DIRECTION('',(0.E0,0.E0,-1.E0));
#11062=AXIS2_PLACEMENT_3D('',#11059,#11060,#11061);
#11063=PLANE('',#11062);
#11065=ORIENTED_EDGE('',*,*,#11064,.F.);
#11067=ORIENTED_EDGE('',*,*,#11066,.F.);
#11068=ORIENTED_EDGE('',*,*,#6431,.T.);
#11069=ORIENTED_EDGE('',*,*,#11038,.F.);
#11070=EDGE_LOOP('',(#11065,#11067,#11068,#11069));
#11071=FACE_OUTER_BOUND('',#11070,.F.);
#11072=ADVANCED_FACE('',(#11071),#11063,.T.);
#11073=CARTESIAN_POINT('',(-5.9325E0,-2.99E0,0.E0));
#11074=DIRECTION('',(1.E0,0.E0,0.E0));
#11075=DIRECTION('',(0.E0,0.E0,-1.E0));
#11076=AXIS2_PLACEMENT_3D('',#11073,#11074,#11075);
#11077=PLANE('',#11076);
#11079=ORIENTED_EDGE('',*,*,#11078,.F.);
#11081=ORIENTED_EDGE('',*,*,#11080,.F.);
#11082=ORIENTED_EDGE('',*,*,#6419,.T.);
#11084=ORIENTED_EDGE('',*,*,#11083,.F.);
#11085=EDGE_LOOP('',(#11079,#11081,#11082,#11084));
#11086=FACE_OUTER_BOUND('',#11085,.F.);
#11087=ADVANCED_FACE('',(#11086),#11077,.T.);
#11088=CARTESIAN_POINT('',(-5.9325E0,-2.99E0,0.E0));
#11089=DIRECTION('',(1.E0,0.E0,0.E0));
#11090=DIRECTION('',(0.E0,0.E0,-1.E0));
#11091=AXIS2_PLACEMENT_3D('',#11088,#11089,#11090);
#11092=PLANE('',#11091);
#11094=ORIENTED_EDGE('',*,*,#11093,.F.);
#11096=ORIENTED_EDGE('',*,*,#11095,.F.);
#11097=ORIENTED_EDGE('',*,*,#10855,.F.);
#11099=ORIENTED_EDGE('',*,*,#11098,.F.);
#11100=EDGE_LOOP('',(#11094,#11096,#11097,#11099));
#11101=FACE_OUTER_BOUND('',#11100,.F.);
#11102=ADVANCED_FACE('',(#11101),#11092,.T.);
#11103=CARTESIAN_POINT('',(-6.0075E0,1.25E0,2.33E0));
#11104=DIRECTION('',(9.857817160344E-1,0.E0,1.680309743240E-1));
#11105=DIRECTION('',(-1.680309743240E-1,0.E0,9.857817160344E-1));
#11106=AXIS2_PLACEMENT_3D('',#11103,#11104,#11105);
#11107=PLANE('',#11106);
#11108=ORIENTED_EDGE('',*,*,#10996,.F.);
#11109=ORIENTED_EDGE('',*,*,#11013,.T.);
#11110=ORIENTED_EDGE('',*,*,#11050,.T.);
#11112=ORIENTED_EDGE('',*,*,#11111,.T.);
#11113=EDGE_LOOP('',(#11108,#11109,#11110,#11112));
#11114=FACE_OUTER_BOUND('',#11113,.F.);
#11115=ADVANCED_FACE('',(#11114),#11107,.T.);
#11116=CARTESIAN_POINT('',(-6.25E0,1.0075E0,2.33E0));
#11117=DIRECTION('',(0.E0,-9.857817160344E-1,1.680309743240E-1));
#11118=DIRECTION('',(0.E0,1.680309743240E-1,9.857817160344E-1));
#11119=AXIS2_PLACEMENT_3D('',#11116,#11117,#11118);
#11120=PLANE('',#11119);
#11122=ORIENTED_EDGE('',*,*,#11121,.T.);
#11123=ORIENTED_EDGE('',*,*,#10981,.F.);
#11124=ORIENTED_EDGE('',*,*,#10998,.F.);
#11125=ORIENTED_EDGE('',*,*,#11111,.F.);
#11126=EDGE_LOOP('',(#11122,#11123,#11124,#11125));
#11127=FACE_OUTER_BOUND('',#11126,.F.);
#11128=ADVANCED_FACE('',(#11127),#11120,.T.);
#11129=CARTESIAN_POINT('',(-6.5675E0,9.325E-1,2.77E0));
#11130=DIRECTION('',(0.E0,-1.E0,0.E0));
#11131=DIRECTION('',(0.E0,0.E0,-1.E0));
#11132=AXIS2_PLACEMENT_3D('',#11129,#11130,#11131);
#11133=PLANE('',#11132);
#11134=ORIENTED_EDGE('',*,*,#11121,.F.);
#11135=ORIENTED_EDGE('',*,*,#11054,.T.);
#11136=ORIENTED_EDGE('',*,*,#10825,.F.);
#11137=ORIENTED_EDGE('',*,*,#10921,.F.);
#11138=EDGE_LOOP('',(#11134,#11135,#11136,#11137));
#11139=FACE_OUTER_BOUND('',#11138,.F.);
#11140=ADVANCED_FACE('',(#11139),#11133,.T.);
#11141=CARTESIAN_POINT('',(-6.5675E0,9.325E-1,2.77E0));
#11142=DIRECTION('',(0.E0,-1.E0,0.E0));
#11143=DIRECTION('',(0.E0,0.E0,-1.E0));
#11144=AXIS2_PLACEMENT_3D('',#11141,#11142,#11143);
#11145=PLANE('',#11144);
#11147=ORIENTED_EDGE('',*,*,#11146,.T.);
#11148=ORIENTED_EDGE('',*,*,#10939,.F.);
#11149=ORIENTED_EDGE('',*,*,#6425,.T.);
#11150=ORIENTED_EDGE('',*,*,#11066,.T.);
#11151=EDGE_LOOP('',(#11147,#11148,#11149,#11150));
#11152=FACE_OUTER_BOUND('',#11151,.F.);
#11153=ADVANCED_FACE('',(#11152),#11145,.T.);
#11154=CARTESIAN_POINT('',(-6.25E0,1.0075E0,-7.59E0));
#11155=DIRECTION('',(0.E0,-9.857817160344E-1,-1.680309743240E-1));
#11156=DIRECTION('',(0.E0,-1.680309743240E-1,9.857817160344E-1));
#11157=AXIS2_PLACEMENT_3D('',#11154,#11155,#11156);
#11158=PLANE('',#11157);
#11159=ORIENTED_EDGE('',*,*,#11146,.F.);
#11161=ORIENTED_EDGE('',*,*,#11160,.F.);
#11163=ORIENTED_EDGE('',*,*,#11162,.T.);
#11165=ORIENTED_EDGE('',*,*,#11164,.T.);
#11166=EDGE_LOOP('',(#11159,#11161,#11163,#11165));
#11167=FACE_OUTER_BOUND('',#11166,.F.);
#11168=ADVANCED_FACE('',(#11167),#11158,.T.);
#11169=CARTESIAN_POINT('',(-6.0075E0,1.25E0,-7.59E0));
#11170=DIRECTION('',(9.857817160344E-1,0.E0,-1.680309743240E-1));
#11171=DIRECTION('',(-1.680309743240E-1,0.E0,-9.857817160344E-1));
#11172=AXIS2_PLACEMENT_3D('',#11169,#11170,#11171);
#11173=PLANE('',#11172);
#11175=ORIENTED_EDGE('',*,*,#11174,.F.);
#11176=ORIENTED_EDGE('',*,*,#11160,.T.);
#11177=ORIENTED_EDGE('',*,*,#11064,.T.);
#11179=ORIENTED_EDGE('',*,*,#11178,.T.);
#11180=EDGE_LOOP('',(#11175,#11176,#11177,#11179));
#11181=FACE_OUTER_BOUND('',#11180,.F.);
#11182=ADVANCED_FACE('',(#11181),#11173,.T.);
#11183=CARTESIAN_POINT('',(-6.5675E0,9.325E-1,-8.03E0));
#11184=DIRECTION('',(0.E0,0.E0,-1.E0));
#11185=DIRECTION('',(0.E0,1.E0,0.E0));
#11186=AXIS2_PLACEMENT_3D('',#11183,#11184,#11185);
#11187=PLANE('',#11186);
#11189=ORIENTED_EDGE('',*,*,#11188,.T.);
#11191=ORIENTED_EDGE('',*,*,#11190,.T.);
#11192=ORIENTED_EDGE('',*,*,#11162,.F.);
#11193=ORIENTED_EDGE('',*,*,#11174,.T.);
#11194=EDGE_LOOP('',(#11189,#11191,#11192,#11193));
#11195=FACE_OUTER_BOUND('',#11194,.F.);
#11196=ADVANCED_FACE('',(#11195),#11187,.T.);
#11197=CARTESIAN_POINT('',(-6.25E0,1.4925E0,-7.59E0));
#11198=DIRECTION('',(0.E0,9.857817160344E-1,-1.680309743240E-1));
#11199=DIRECTION('',(0.E0,-1.680309743240E-1,-9.857817160344E-1));
#11200=AXIS2_PLACEMENT_3D('',#11197,#11198,#11199);
#11201=PLANE('',#11200);
#11202=ORIENTED_EDGE('',*,*,#11036,.T.);
#11204=ORIENTED_EDGE('',*,*,#11203,.F.);
#11205=ORIENTED_EDGE('',*,*,#11188,.F.);
#11206=ORIENTED_EDGE('',*,*,#11178,.F.);
#11207=EDGE_LOOP('',(#11202,#11204,#11205,#11206));
#11208=FACE_OUTER_BOUND('',#11207,.F.);
#11209=ADVANCED_FACE('',(#11208),#11201,.T.);
#11210=CARTESIAN_POINT('',(-6.4925E0,1.25E0,-7.59E0));
#11211=DIRECTION('',(-9.857817160344E-1,0.E0,-1.680309743240E-1));
#11212=DIRECTION('',(1.680309743240E-1,0.E0,-9.857817160344E-1));
#11213=AXIS2_PLACEMENT_3D('',#11210,#11211,#11212);
#11214=PLANE('',#11213);
#11215=ORIENTED_EDGE('',*,*,#10934,.T.);
#11216=ORIENTED_EDGE('',*,*,#11164,.F.);
#11217=ORIENTED_EDGE('',*,*,#11190,.F.);
#11218=ORIENTED_EDGE('',*,*,#11203,.T.);
#11219=EDGE_LOOP('',(#11215,#11216,#11217,#11218));
#11220=FACE_OUTER_BOUND('',#11219,.F.);
#11221=ADVANCED_FACE('',(#11220),#11214,.T.);
#11222=CARTESIAN_POINT('',(-6.0075E0,-1.25E0,-7.59E0));
#11223=DIRECTION('',(9.857817160344E-1,0.E0,-1.680309743240E-1));
#11224=DIRECTION('',(-1.680309743240E-1,0.E0,-9.857817160344E-1));
#11225=AXIS2_PLACEMENT_3D('',#11222,#11223,#11224);
#11226=PLANE('',#11225);
#11228=ORIENTED_EDGE('',*,*,#11227,.F.);
#11230=ORIENTED_EDGE('',*,*,#11229,.T.);
#11231=ORIENTED_EDGE('',*,*,#11078,.T.);
#11233=ORIENTED_EDGE('',*,*,#11232,.T.);
#11234=EDGE_LOOP('',(#11228,#11230,#11231,#11233));
#11235=FACE_OUTER_BOUND('',#11234,.F.);
#11236=ADVANCED_FACE('',(#11235),#11226,.T.);
#11237=CARTESIAN_POINT('',(-6.5675E0,-1.5675E0,-8.03E0));
#11238=DIRECTION('',(0.E0,0.E0,-1.E0));
#11239=DIRECTION('',(0.E0,1.E0,0.E0));
#11240=AXIS2_PLACEMENT_3D('',#11237,#11238,#11239);
#11241=PLANE('',#11240);
#11243=ORIENTED_EDGE('',*,*,#11242,.T.);
#11245=ORIENTED_EDGE('',*,*,#11244,.T.);
#11247=ORIENTED_EDGE('',*,*,#11246,.F.);
#11248=ORIENTED_EDGE('',*,*,#11227,.T.);
#11249=EDGE_LOOP('',(#11243,#11245,#11247,#11248));
#11250=FACE_OUTER_BOUND('',#11249,.F.);
#11251=ADVANCED_FACE('',(#11250),#11241,.T.);
#11252=CARTESIAN_POINT('',(-6.25E0,-1.0075E0,-7.59E0));
#11253=DIRECTION('',(0.E0,9.857817160344E-1,-1.680309743240E-1));
#11254=DIRECTION('',(0.E0,-1.680309743240E-1,-9.857817160344E-1));
#11255=AXIS2_PLACEMENT_3D('',#11252,#11253,#11254);
#11256=PLANE('',#11255);
#11258=ORIENTED_EDGE('',*,*,#11257,.T.);
#11260=ORIENTED_EDGE('',*,*,#11259,.F.);
#11261=ORIENTED_EDGE('',*,*,#11242,.F.);
#11262=ORIENTED_EDGE('',*,*,#11232,.F.);
#11263=EDGE_LOOP('',(#11258,#11260,#11261,#11262));
#11264=FACE_OUTER_BOUND('',#11263,.F.);
#11265=ADVANCED_FACE('',(#11264),#11256,.T.);
#11266=CARTESIAN_POINT('',(-6.5675E0,-9.325E-1,-8.03E0));
#11267=DIRECTION('',(0.E0,1.E0,0.E0));
#11268=DIRECTION('',(0.E0,0.E0,1.E0));
#11269=AXIS2_PLACEMENT_3D('',#11266,#11267,#11268);
#11270=PLANE('',#11269);
#11271=ORIENTED_EDGE('',*,*,#11257,.F.);
#11272=ORIENTED_EDGE('',*,*,#11083,.T.);
#11273=ORIENTED_EDGE('',*,*,#6417,.F.);
#11274=ORIENTED_EDGE('',*,*,#10951,.F.);
#11275=EDGE_LOOP('',(#11271,#11272,#11273,#11274));
#11276=FACE_OUTER_BOUND('',#11275,.F.);
#11277=ADVANCED_FACE('',(#11276),#11270,.T.);
#11278=CARTESIAN_POINT('',(-6.5675E0,-9.325E-1,-8.03E0));
#11279=DIRECTION('',(0.E0,1.E0,0.E0));
#11280=DIRECTION('',(0.E0,0.E0,1.E0));
#11281=AXIS2_PLACEMENT_3D('',#11278,#11279,#11280);
#11282=PLANE('',#11281);
#11284=ORIENTED_EDGE('',*,*,#11283,.T.);
#11285=ORIENTED_EDGE('',*,*,#10969,.F.);
#11286=ORIENTED_EDGE('',*,*,#10857,.T.);
#11287=ORIENTED_EDGE('',*,*,#11095,.T.);
#11288=EDGE_LOOP('',(#11284,#11285,#11286,#11287));
#11289=FACE_OUTER_BOUND('',#11288,.F.);
#11290=ADVANCED_FACE('',(#11289),#11282,.T.);
#11291=CARTESIAN_POINT('',(-6.25E0,-1.0075E0,2.33E0));
#11292=DIRECTION('',(0.E0,9.857817160344E-1,1.680309743240E-1));
#11293=DIRECTION('',(0.E0,1.680309743240E-1,-9.857817160344E-1));
#11294=AXIS2_PLACEMENT_3D('',#11291,#11292,#11293);
#11295=PLANE('',#11294);
#11296=ORIENTED_EDGE('',*,*,#11283,.F.);
#11298=ORIENTED_EDGE('',*,*,#11297,.F.);
#11300=ORIENTED_EDGE('',*,*,#11299,.T.);
#11302=ORIENTED_EDGE('',*,*,#11301,.T.);
#11303=EDGE_LOOP('',(#11296,#11298,#11300,#11302));
#11304=FACE_OUTER_BOUND('',#11303,.F.);
#11305=ADVANCED_FACE('',(#11304),#11295,.T.);
#11306=CARTESIAN_POINT('',(-6.0075E0,-1.25E0,2.33E0));
#11307=DIRECTION('',(9.857817160344E-1,0.E0,1.680309743240E-1));
#11308=DIRECTION('',(-1.680309743240E-1,0.E0,9.857817160344E-1));
#11309=AXIS2_PLACEMENT_3D('',#11306,#11307,#11308);
#11310=PLANE('',#11309);
#11312=ORIENTED_EDGE('',*,*,#11311,.F.);
#11313=ORIENTED_EDGE('',*,*,#11297,.T.);
#11314=ORIENTED_EDGE('',*,*,#11093,.T.);
#11316=ORIENTED_EDGE('',*,*,#11315,.F.);
#11317=EDGE_LOOP('',(#11312,#11313,#11314,#11316));
#11318=FACE_OUTER_BOUND('',#11317,.F.);
#11319=ADVANCED_FACE('',(#11318),#11310,.T.);
#11320=CARTESIAN_POINT('',(-6.5675E0,-9.325E-1,2.77E0));
#11321=DIRECTION('',(0.E0,0.E0,1.E0));
#11322=DIRECTION('',(0.E0,-1.E0,0.E0));
#11323=AXIS2_PLACEMENT_3D('',#11320,#11321,#11322);
#11324=PLANE('',#11323);
#11326=ORIENTED_EDGE('',*,*,#11325,.T.);
#11328=ORIENTED_EDGE('',*,*,#11327,.T.);
#11329=ORIENTED_EDGE('',*,*,#11299,.F.);
#11330=ORIENTED_EDGE('',*,*,#11311,.T.);
#11331=EDGE_LOOP('',(#11326,#11328,#11329,#11330));
#11332=FACE_OUTER_BOUND('',#11331,.F.);
#11333=ADVANCED_FACE('',(#11332),#11324,.T.);
#11334=CARTESIAN_POINT('',(-6.25E0,-1.4925E0,2.33E0));
#11335=DIRECTION('',(0.E0,-9.857817160344E-1,1.680309743240E-1));
#11336=DIRECTION('',(0.E0,1.680309743240E-1,9.857817160344E-1));
#11337=AXIS2_PLACEMENT_3D('',#11334,#11335,#11336);
#11338=PLANE('',#11337);
#11340=ORIENTED_EDGE('',*,*,#11339,.T.);
#11342=ORIENTED_EDGE('',*,*,#11341,.F.);
#11343=ORIENTED_EDGE('',*,*,#11325,.F.);
#11344=ORIENTED_EDGE('',*,*,#11315,.T.);
#11345=EDGE_LOOP('',(#11340,#11342,#11343,#11344));
#11346=FACE_OUTER_BOUND('',#11345,.F.);
#11347=ADVANCED_FACE('',(#11346),#11338,.T.);
#11348=CARTESIAN_POINT('',(-6.5675E0,-1.5675E0,2.77E0));
#11349=DIRECTION('',(0.E0,-1.E0,0.E0));
#11350=DIRECTION('',(0.E0,0.E0,-1.E0));
#11351=AXIS2_PLACEMENT_3D('',#11348,#11349,#11350);
#11352=PLANE('',#11351);
#11354=ORIENTED_EDGE('',*,*,#11353,.T.);
#11355=ORIENTED_EDGE('',*,*,#10954,.F.);
#11356=ORIENTED_EDGE('',*,*,#6421,.T.);
#11357=ORIENTED_EDGE('',*,*,#11080,.T.);
#11358=EDGE_LOOP('',(#11354,#11355,#11356,#11357));
#11359=FACE_OUTER_BOUND('',#11358,.F.);
#11360=ADVANCED_FACE('',(#11359),#11352,.T.);
#11361=CARTESIAN_POINT('',(-6.5675E0,-1.5675E0,2.77E0));
#11362=DIRECTION('',(0.E0,-1.E0,0.E0));
#11363=DIRECTION('',(0.E0,0.E0,-1.E0));
#11364=AXIS2_PLACEMENT_3D('',#11361,#11362,#11363);
#11365=PLANE('',#11364);
#11366=ORIENTED_EDGE('',*,*,#11339,.F.);
#11367=ORIENTED_EDGE('',*,*,#11098,.T.);
#11368=ORIENTED_EDGE('',*,*,#10853,.F.);
#11369=ORIENTED_EDGE('',*,*,#10966,.F.);
#11370=EDGE_LOOP('',(#11366,#11367,#11368,#11369));
#11371=FACE_OUTER_BOUND('',#11370,.F.);
#11372=ADVANCED_FACE('',(#11371),#11365,.T.);
#11373=CARTESIAN_POINT('',(-6.25E0,-1.4925E0,-7.59E0));
#11374=DIRECTION('',(0.E0,-9.857817160344E-1,-1.680309743240E-1));
#11375=DIRECTION('',(0.E0,-1.680309743240E-1,9.857817160344E-1));
#11376=AXIS2_PLACEMENT_3D('',#11373,#11374,#11375);
#11377=PLANE('',#11376);
#11378=ORIENTED_EDGE('',*,*,#11353,.F.);
#11379=ORIENTED_EDGE('',*,*,#11229,.F.);
#11380=ORIENTED_EDGE('',*,*,#11246,.T.);
#11382=ORIENTED_EDGE('',*,*,#11381,.T.);
#11383=EDGE_LOOP('',(#11378,#11379,#11380,#11382));
#11384=FACE_OUTER_BOUND('',#11383,.F.);
#11385=ADVANCED_FACE('',(#11384),#11377,.T.);
#11386=CARTESIAN_POINT('',(-6.4925E0,-1.25E0,-7.59E0));
#11387=DIRECTION('',(-9.857817160344E-1,0.E0,-1.680309743240E-1));
#11388=DIRECTION('',(1.680309743240E-1,0.E0,-9.857817160344E-1));
#11389=AXIS2_PLACEMENT_3D('',#11386,#11387,#11388);
#11390=PLANE('',#11389);
#11391=ORIENTED_EDGE('',*,*,#10949,.T.);
#11392=ORIENTED_EDGE('',*,*,#11381,.F.);
#11393=ORIENTED_EDGE('',*,*,#11244,.F.);
#11394=ORIENTED_EDGE('',*,*,#11259,.T.);
#11395=EDGE_LOOP('',(#11391,#11392,#11393,#11394));
#11396=FACE_OUTER_BOUND('',#11395,.F.);
#11397=ADVANCED_FACE('',(#11396),#11390,.T.);
#11398=CARTESIAN_POINT('',(-6.4925E0,-1.25E0,2.33E0));
#11399=DIRECTION('',(-9.857817160344E-1,0.E0,1.680309743240E-1));
#11400=DIRECTION('',(1.680309743240E-1,0.E0,9.857817160344E-1));
#11401=AXIS2_PLACEMENT_3D('',#11398,#11399,#11400);
#11402=PLANE('',#11401);
#11403=ORIENTED_EDGE('',*,*,#10964,.T.);
#11404=ORIENTED_EDGE('',*,*,#11301,.F.);
#11405=ORIENTED_EDGE('',*,*,#11327,.F.);
#11406=ORIENTED_EDGE('',*,*,#11341,.T.);
#11407=EDGE_LOOP('',(#11403,#11404,#11405,#11406));
#11408=FACE_OUTER_BOUND('',#11407,.F.);
#11409=ADVANCED_FACE('',(#11408),#11402,.T.);
#11410=CARTESIAN_POINT('',(-9.86E0,2.345E0,4.23E0));
#11411=DIRECTION('',(-1.E0,0.E0,0.E0));
#11412=DIRECTION('',(0.E0,-1.E0,0.E0));
#11413=AXIS2_PLACEMENT_3D('',#11410,#11411,#11412);
#11414=PLANE('',#11413);
#11415=ORIENTED_EDGE('',*,*,#7013,.F.);
#11417=ORIENTED_EDGE('',*,*,#11416,.T.);
#11419=ORIENTED_EDGE('',*,*,#11418,.T.);
#11421=ORIENTED_EDGE('',*,*,#11420,.F.);
#11422=EDGE_LOOP('',(#11415,#11417,#11419,#11421));
#11423=FACE_OUTER_BOUND('',#11422,.F.);
#11424=ADVANCED_FACE('',(#11423),#11414,.F.);
#11425=CARTESIAN_POINT('',(-7.64E0,2.345E0,4.23E0));
#11426=DIRECTION('',(0.E0,1.E0,0.E0));
#11427=DIRECTION('',(-1.E0,0.E0,0.E0));
#11428=AXIS2_PLACEMENT_3D('',#11425,#11426,#11427);
#11429=PLANE('',#11428);
#11430=ORIENTED_EDGE('',*,*,#7019,.F.);
#11432=ORIENTED_EDGE('',*,*,#11431,.T.);
#11434=ORIENTED_EDGE('',*,*,#11433,.T.);
#11435=ORIENTED_EDGE('',*,*,#11416,.F.);
#11436=EDGE_LOOP('',(#11430,#11432,#11434,#11435));
#11437=FACE_OUTER_BOUND('',#11436,.F.);
#11438=ADVANCED_FACE('',(#11437),#11429,.F.);
#11439=CARTESIAN_POINT('',(-7.64E0,1.55E-1,4.23E0));
#11440=DIRECTION('',(1.E0,0.E0,0.E0));
#11441=DIRECTION('',(0.E0,1.E0,0.E0));
#11442=AXIS2_PLACEMENT_3D('',#11439,#11440,#11441);
#11443=PLANE('',#11442);
#11444=ORIENTED_EDGE('',*,*,#7017,.F.);
#11446=ORIENTED_EDGE('',*,*,#11445,.T.);
#11448=ORIENTED_EDGE('',*,*,#11447,.T.);
#11449=ORIENTED_EDGE('',*,*,#11431,.F.);
#11450=EDGE_LOOP('',(#11444,#11446,#11448,#11449));
#11451=FACE_OUTER_BOUND('',#11450,.F.);
#11452=ADVANCED_FACE('',(#11451),#11443,.F.);
#11453=CARTESIAN_POINT('',(-9.86E0,1.55E-1,4.23E0));
#11454=DIRECTION('',(0.E0,-1.E0,0.E0));
#11455=DIRECTION('',(1.E0,0.E0,0.E0));
#11456=AXIS2_PLACEMENT_3D('',#11453,#11454,#11455);
#11457=PLANE('',#11456);
#11458=ORIENTED_EDGE('',*,*,#7015,.F.);
#11459=ORIENTED_EDGE('',*,*,#11420,.T.);
#11461=ORIENTED_EDGE('',*,*,#11460,.T.);
#11462=ORIENTED_EDGE('',*,*,#11445,.F.);
#11463=EDGE_LOOP('',(#11458,#11459,#11461,#11462));
#11464=FACE_OUTER_BOUND('',#11463,.F.);
#11465=ADVANCED_FACE('',(#11464),#11457,.F.);
#11466=CARTESIAN_POINT('',(0.E0,-2.99E0,-1.77E0));
#11467=DIRECTION('',(0.E0,0.E0,1.E0));
#11468=DIRECTION('',(1.E0,0.E0,0.E0));
#11469=AXIS2_PLACEMENT_3D('',#11466,#11467,#11468);
#11470=PLANE('',#11469);
#11471=ORIENTED_EDGE('',*,*,#11418,.F.);
#11472=ORIENTED_EDGE('',*,*,#11433,.F.);
#11473=ORIENTED_EDGE('',*,*,#11447,.F.);
#11474=ORIENTED_EDGE('',*,*,#11460,.F.);
#11475=EDGE_LOOP('',(#11471,#11472,#11473,#11474));
#11476=FACE_OUTER_BOUND('',#11475,.F.);
#11478=ORIENTED_EDGE('',*,*,#11477,.F.);
#11480=ORIENTED_EDGE('',*,*,#11479,.T.);
#11482=ORIENTED_EDGE('',*,*,#11481,.T.);
#11484=ORIENTED_EDGE('',*,*,#11483,.F.);
#11485=EDGE_LOOP('',(#11478,#11480,#11482,#11484));
#11486=FACE_BOUND('',#11485,.F.);
#11487=ADVANCED_FACE('',(#11476,#11486),#11470,.T.);
#11488=CARTESIAN_POINT('',(0.E0,-2.99E0,-1.77E0));
#11489=DIRECTION('',(0.E0,0.E0,1.E0));
#11490=DIRECTION('',(1.E0,0.E0,0.E0));
#11491=AXIS2_PLACEMENT_3D('',#11488,#11489,#11490);
#11492=PLANE('',#11491);
#11494=ORIENTED_EDGE('',*,*,#11493,.F.);
#11496=ORIENTED_EDGE('',*,*,#11495,.F.);
#11498=ORIENTED_EDGE('',*,*,#11497,.F.);
#11500=ORIENTED_EDGE('',*,*,#11499,.F.);
#11501=EDGE_LOOP('',(#11494,#11496,#11498,#11500));
#11502=FACE_OUTER_BOUND('',#11501,.F.);
#11504=ORIENTED_EDGE('',*,*,#11503,.F.);
#11506=ORIENTED_EDGE('',*,*,#11505,.T.);
#11508=ORIENTED_EDGE('',*,*,#11507,.T.);
#11510=ORIENTED_EDGE('',*,*,#11509,.F.);
#11511=EDGE_LOOP('',(#11504,#11506,#11508,#11510));
#11512=FACE_BOUND('',#11511,.F.);
#11513=ADVANCED_FACE('',(#11502,#11512),#11492,.T.);
#11514=CARTESIAN_POINT('',(-9.86E0,-2.345E0,4.23E0));
#11515=DIRECTION('',(0.E0,-1.E0,0.E0));
#11516=DIRECTION('',(1.E0,0.E0,0.E0));
#11517=AXIS2_PLACEMENT_3D('',#11514,#11515,#11516);
#11518=PLANE('',#11517);
#11519=ORIENTED_EDGE('',*,*,#7023,.F.);
#11521=ORIENTED_EDGE('',*,*,#11520,.T.);
#11522=ORIENTED_EDGE('',*,*,#11493,.T.);
#11524=ORIENTED_EDGE('',*,*,#11523,.F.);
#11525=EDGE_LOOP('',(#11519,#11521,#11522,#11524));
#11526=FACE_OUTER_BOUND('',#11525,.F.);
#11527=ADVANCED_FACE('',(#11526),#11518,.F.);
#11528=CARTESIAN_POINT('',(-9.86E0,-1.55E-1,4.23E0));
#11529=DIRECTION('',(-1.E0,0.E0,0.E0));
#11530=DIRECTION('',(0.E0,-1.E0,0.E0));
#11531=AXIS2_PLACEMENT_3D('',#11528,#11529,#11530);
#11532=PLANE('',#11531);
#11533=ORIENTED_EDGE('',*,*,#7029,.F.);
#11535=ORIENTED_EDGE('',*,*,#11534,.T.);
#11536=ORIENTED_EDGE('',*,*,#11495,.T.);
#11537=ORIENTED_EDGE('',*,*,#11520,.F.);
#11538=EDGE_LOOP('',(#11533,#11535,#11536,#11537));
#11539=FACE_OUTER_BOUND('',#11538,.F.);
#11540=ADVANCED_FACE('',(#11539),#11532,.F.);
#11541=CARTESIAN_POINT('',(-7.64E0,-1.55E-1,4.23E0));
#11542=DIRECTION('',(0.E0,1.E0,0.E0));
#11543=DIRECTION('',(-1.E0,0.E0,0.E0));
#11544=AXIS2_PLACEMENT_3D('',#11541,#11542,#11543);
#11545=PLANE('',#11544);
#11546=ORIENTED_EDGE('',*,*,#7027,.F.);
#11548=ORIENTED_EDGE('',*,*,#11547,.T.);
#11549=ORIENTED_EDGE('',*,*,#11497,.T.);
#11550=ORIENTED_EDGE('',*,*,#11534,.F.);
#11551=EDGE_LOOP('',(#11546,#11548,#11549,#11550));
#11552=FACE_OUTER_BOUND('',#11551,.F.);
#11553=ADVANCED_FACE('',(#11552),#11545,.F.);
#11554=CARTESIAN_POINT('',(-7.64E0,-2.345E0,4.23E0));
#11555=DIRECTION('',(1.E0,0.E0,0.E0));
#11556=DIRECTION('',(0.E0,1.E0,0.E0));
#11557=AXIS2_PLACEMENT_3D('',#11554,#11555,#11556);
#11558=PLANE('',#11557);
#11559=ORIENTED_EDGE('',*,*,#7025,.F.);
#11560=ORIENTED_EDGE('',*,*,#11523,.T.);
#11561=ORIENTED_EDGE('',*,*,#11499,.T.);
#11562=ORIENTED_EDGE('',*,*,#11547,.F.);
#11563=EDGE_LOOP('',(#11559,#11560,#11561,#11562));
#11564=FACE_OUTER_BOUND('',#11563,.F.);
#11565=ADVANCED_FACE('',(#11564),#11558,.F.);
#11566=CARTESIAN_POINT('',(-9.0675E0,-2.99E0,0.E0));
#11567=DIRECTION('',(1.E0,0.E0,0.E0));
#11568=DIRECTION('',(0.E0,0.E0,-1.E0));
#11569=AXIS2_PLACEMENT_3D('',#11566,#11567,#11568);
#11570=PLANE('',#11569);
#11572=ORIENTED_EDGE('',*,*,#11571,.F.);
#11574=ORIENTED_EDGE('',*,*,#11573,.T.);
#11575=ORIENTED_EDGE('',*,*,#11477,.T.);
#11577=ORIENTED_EDGE('',*,*,#11576,.T.);
#11578=EDGE_LOOP('',(#11572,#11574,#11575,#11577));
#11579=FACE_OUTER_BOUND('',#11578,.F.);
#11580=ADVANCED_FACE('',(#11579),#11570,.F.);
#11581=CARTESIAN_POINT('',(-9.0675E0,-2.99E0,0.E0));
#11582=DIRECTION('',(1.E0,0.E0,0.E0));
#11583=DIRECTION('',(0.E0,0.E0,-1.E0));
#11584=AXIS2_PLACEMENT_3D('',#11581,#11582,#11583);
#11585=PLANE('',#11584);
#11587=ORIENTED_EDGE('',*,*,#11586,.F.);
#11589=ORIENTED_EDGE('',*,*,#11588,.T.);
#11590=ORIENTED_EDGE('',*,*,#6445,.F.);
#11592=ORIENTED_EDGE('',*,*,#11591,.T.);
#11593=EDGE_LOOP('',(#11587,#11589,#11590,#11592));
#11594=FACE_OUTER_BOUND('',#11593,.F.);
#11595=ADVANCED_FACE('',(#11594),#11585,.F.);
#11596=CARTESIAN_POINT('',(-9.0675E0,-2.99E0,0.E0));
#11597=DIRECTION('',(1.E0,0.E0,0.E0));
#11598=DIRECTION('',(0.E0,0.E0,-1.E0));
#11599=AXIS2_PLACEMENT_3D('',#11596,#11597,#11598);
#11600=PLANE('',#11599);
#11602=ORIENTED_EDGE('',*,*,#11601,.F.);
#11604=ORIENTED_EDGE('',*,*,#11603,.T.);
#11605=ORIENTED_EDGE('',*,*,#6435,.F.);
#11607=ORIENTED_EDGE('',*,*,#11606,.T.);
#11608=EDGE_LOOP('',(#11602,#11604,#11605,#11607));
#11609=FACE_OUTER_BOUND('',#11608,.F.);
#11610=ADVANCED_FACE('',(#11609),#11600,.F.);
#11611=CARTESIAN_POINT('',(-9.0675E0,-2.99E0,0.E0));
#11612=DIRECTION('',(1.E0,0.E0,0.E0));
#11613=DIRECTION('',(0.E0,0.E0,-1.E0));
#11614=AXIS2_PLACEMENT_3D('',#11611,#11612,#11613);
#11615=PLANE('',#11614);
#11617=ORIENTED_EDGE('',*,*,#11616,.F.);
#11619=ORIENTED_EDGE('',*,*,#11618,.T.);
#11620=ORIENTED_EDGE('',*,*,#11503,.T.);
#11622=ORIENTED_EDGE('',*,*,#11621,.T.);
#11623=EDGE_LOOP('',(#11617,#11619,#11620,#11622));
#11624=FACE_OUTER_BOUND('',#11623,.F.);
#11625=ADVANCED_FACE('',(#11624),#11615,.F.);
#11626=CARTESIAN_POINT('',(-8.9925E0,1.25E0,2.33E0));
#11627=DIRECTION('',(-9.857817160344E-1,0.E0,1.680309743240E-1));
#11628=DIRECTION('',(1.680309743240E-1,0.E0,9.857817160344E-1));
#11629=AXIS2_PLACEMENT_3D('',#11626,#11627,#11628);
#11630=PLANE('',#11629);
#11632=ORIENTED_EDGE('',*,*,#11631,.T.);
#11633=ORIENTED_EDGE('',*,*,#11571,.T.);
#11635=ORIENTED_EDGE('',*,*,#11634,.T.);
#11637=ORIENTED_EDGE('',*,*,#11636,.F.);
#11638=EDGE_LOOP('',(#11632,#11633,#11635,#11637));
#11639=FACE_OUTER_BOUND('',#11638,.F.);
#11640=ADVANCED_FACE('',(#11639),#11630,.T.);
#11641=CARTESIAN_POINT('',(-8.75E0,1.0075E0,2.33E0));
#11642=DIRECTION('',(0.E0,-9.857817160344E-1,1.680309743240E-1));
#11643=DIRECTION('',(0.E0,1.680309743240E-1,9.857817160344E-1));
#11644=AXIS2_PLACEMENT_3D('',#11641,#11642,#11643);
#11645=PLANE('',#11644);
#11646=ORIENTED_EDGE('',*,*,#11631,.F.);
#11648=ORIENTED_EDGE('',*,*,#11647,.F.);
#11650=ORIENTED_EDGE('',*,*,#11649,.F.);
#11652=ORIENTED_EDGE('',*,*,#11651,.T.);
#11653=EDGE_LOOP('',(#11646,#11648,#11650,#11652));
#11654=FACE_OUTER_BOUND('',#11653,.F.);
#11655=ADVANCED_FACE('',(#11654),#11645,.T.);
#11656=CARTESIAN_POINT('',(-9.0675E0,1.5675E0,2.77E0));
#11657=DIRECTION('',(0.E0,0.E0,1.E0));
#11658=DIRECTION('',(0.E0,-1.E0,0.E0));
#11659=AXIS2_PLACEMENT_3D('',#11656,#11657,#11658);
#11660=PLANE('',#11659);
#11662=ORIENTED_EDGE('',*,*,#11661,.F.);
#11664=ORIENTED_EDGE('',*,*,#11663,.T.);
#11665=ORIENTED_EDGE('',*,*,#11647,.T.);
#11666=ORIENTED_EDGE('',*,*,#11636,.T.);
#11667=EDGE_LOOP('',(#11662,#11664,#11665,#11666));
#11668=FACE_OUTER_BOUND('',#11667,.F.);
#11669=ADVANCED_FACE('',(#11668),#11660,.T.);
#11670=CARTESIAN_POINT('',(-8.75E0,1.4925E0,2.33E0));
#11671=DIRECTION('',(0.E0,9.857817160344E-1,1.680309743240E-1));
#11672=DIRECTION('',(0.E0,1.680309743240E-1,-9.857817160344E-1));
#11673=AXIS2_PLACEMENT_3D('',#11670,#11671,#11672);
#11674=PLANE('',#11673);
#11675=ORIENTED_EDGE('',*,*,#11634,.F.);
#11677=ORIENTED_EDGE('',*,*,#11676,.F.);
#11679=ORIENTED_EDGE('',*,*,#11678,.F.);
#11680=ORIENTED_EDGE('',*,*,#11661,.T.);
#11681=EDGE_LOOP('',(#11675,#11677,#11679,#11680));
#11682=FACE_OUTER_BOUND('',#11681,.F.);
#11683=ADVANCED_FACE('',(#11682),#11674,.T.);
#11684=CARTESIAN_POINT('',(-9.0675E0,1.5675E0,-8.03E0));
#11685=DIRECTION('',(0.E0,1.E0,0.E0));
#11686=DIRECTION('',(0.E0,0.E0,1.E0));
#11687=AXIS2_PLACEMENT_3D('',#11684,#11685,#11686);
#11688=PLANE('',#11687);
#11689=ORIENTED_EDGE('',*,*,#11676,.T.);
#11690=ORIENTED_EDGE('',*,*,#11576,.F.);
#11691=ORIENTED_EDGE('',*,*,#11483,.T.);
#11693=ORIENTED_EDGE('',*,*,#11692,.T.);
#11694=EDGE_LOOP('',(#11689,#11690,#11691,#11693));
#11695=FACE_OUTER_BOUND('',#11694,.F.);
#11696=ADVANCED_FACE('',(#11695),#11688,.T.);
#11697=CARTESIAN_POINT('',(-9.0675E0,1.5675E0,-8.03E0));
#11698=DIRECTION('',(0.E0,1.E0,0.E0));
#11699=DIRECTION('',(0.E0,0.E0,1.E0));
#11700=AXIS2_PLACEMENT_3D('',#11697,#11698,#11699);
#11701=PLANE('',#11700);
#11703=ORIENTED_EDGE('',*,*,#11702,.F.);
#11705=ORIENTED_EDGE('',*,*,#11704,.T.);
#11706=ORIENTED_EDGE('',*,*,#6447,.F.);
#11707=ORIENTED_EDGE('',*,*,#11588,.F.);
#11708=EDGE_LOOP('',(#11703,#11705,#11706,#11707));
#11709=FACE_OUTER_BOUND('',#11708,.F.);
#11710=ADVANCED_FACE('',(#11709),#11701,.T.);
#11711=CARTESIAN_POINT('',(-8.4325E0,-2.99E0,0.E0));
#11712=DIRECTION('',(1.E0,0.E0,0.E0));
#11713=DIRECTION('',(0.E0,0.E0,-1.E0));
#11714=AXIS2_PLACEMENT_3D('',#11711,#11712,#11713);
#11715=PLANE('',#11714);
#11717=ORIENTED_EDGE('',*,*,#11716,.F.);
#11718=ORIENTED_EDGE('',*,*,#11692,.F.);
#11719=ORIENTED_EDGE('',*,*,#11481,.F.);
#11721=ORIENTED_EDGE('',*,*,#11720,.F.);
#11722=EDGE_LOOP('',(#11717,#11718,#11719,#11721));
#11723=FACE_OUTER_BOUND('',#11722,.F.);
#11724=ADVANCED_FACE('',(#11723),#11715,.T.);
#11725=CARTESIAN_POINT('',(-8.4325E0,-2.99E0,0.E0));
#11726=DIRECTION('',(1.E0,0.E0,0.E0));
#11727=DIRECTION('',(0.E0,0.E0,-1.E0));
#11728=AXIS2_PLACEMENT_3D('',#11725,#11726,#11727);
#11729=PLANE('',#11728);
#11731=ORIENTED_EDGE('',*,*,#11730,.F.);
#11733=ORIENTED_EDGE('',*,*,#11732,.F.);
#11734=ORIENTED_EDGE('',*,*,#6449,.T.);
#11735=ORIENTED_EDGE('',*,*,#11704,.F.);
#11736=EDGE_LOOP('',(#11731,#11733,#11734,#11735));
#11737=FACE_OUTER_BOUND('',#11736,.F.);
#11738=ADVANCED_FACE('',(#11737),#11729,.T.);
#11739=CARTESIAN_POINT('',(-8.4325E0,-2.99E0,0.E0));
#11740=DIRECTION('',(1.E0,0.E0,0.E0));
#11741=DIRECTION('',(0.E0,0.E0,-1.E0));
#11742=AXIS2_PLACEMENT_3D('',#11739,#11740,#11741);
#11743=PLANE('',#11742);
#11745=ORIENTED_EDGE('',*,*,#11744,.F.);
#11747=ORIENTED_EDGE('',*,*,#11746,.F.);
#11748=ORIENTED_EDGE('',*,*,#6439,.T.);
#11750=ORIENTED_EDGE('',*,*,#11749,.F.);
#11751=EDGE_LOOP('',(#11745,#11747,#11748,#11750));
#11752=FACE_OUTER_BOUND('',#11751,.F.);
#11753=ADVANCED_FACE('',(#11752),#11743,.T.);
#11754=CARTESIAN_POINT('',(-8.4325E0,-2.99E0,0.E0));
#11755=DIRECTION('',(1.E0,0.E0,0.E0));
#11756=DIRECTION('',(0.E0,0.E0,-1.E0));
#11757=AXIS2_PLACEMENT_3D('',#11754,#11755,#11756);
#11758=PLANE('',#11757);
#11760=ORIENTED_EDGE('',*,*,#11759,.F.);
#11762=ORIENTED_EDGE('',*,*,#11761,.F.);
#11763=ORIENTED_EDGE('',*,*,#11507,.F.);
#11765=ORIENTED_EDGE('',*,*,#11764,.F.);
#11766=EDGE_LOOP('',(#11760,#11762,#11763,#11765));
#11767=FACE_OUTER_BOUND('',#11766,.F.);
#11768=ADVANCED_FACE('',(#11767),#11758,.T.);
#11769=CARTESIAN_POINT('',(-8.5075E0,1.25E0,2.33E0));
#11770=DIRECTION('',(9.857817160344E-1,0.E0,1.680309743240E-1));
#11771=DIRECTION('',(-1.680309743240E-1,0.E0,9.857817160344E-1));
#11772=AXIS2_PLACEMENT_3D('',#11769,#11770,#11771);
#11773=PLANE('',#11772);
#11774=ORIENTED_EDGE('',*,*,#11649,.T.);
#11775=ORIENTED_EDGE('',*,*,#11663,.F.);
#11776=ORIENTED_EDGE('',*,*,#11678,.T.);
#11777=ORIENTED_EDGE('',*,*,#11716,.T.);
#11778=EDGE_LOOP('',(#11774,#11775,#11776,#11777));
#11779=FACE_OUTER_BOUND('',#11778,.F.);
#11780=ADVANCED_FACE('',(#11779),#11773,.T.);
#11781=CARTESIAN_POINT('',(-9.0675E0,9.325E-1,2.77E0));
#11782=DIRECTION('',(0.E0,-1.E0,0.E0));
#11783=DIRECTION('',(0.E0,0.E0,-1.E0));
#11784=AXIS2_PLACEMENT_3D('',#11781,#11782,#11783);
#11785=PLANE('',#11784);
#11786=ORIENTED_EDGE('',*,*,#11651,.F.);
#11787=ORIENTED_EDGE('',*,*,#11720,.T.);
#11788=ORIENTED_EDGE('',*,*,#11479,.F.);
#11789=ORIENTED_EDGE('',*,*,#11573,.F.);
#11790=EDGE_LOOP('',(#11786,#11787,#11788,#11789));
#11791=FACE_OUTER_BOUND('',#11790,.F.);
#11792=ADVANCED_FACE('',(#11791),#11785,.T.);
#11793=CARTESIAN_POINT('',(-9.0675E0,9.325E-1,2.77E0));
#11794=DIRECTION('',(0.E0,-1.E0,0.E0));
#11795=DIRECTION('',(0.E0,0.E0,-1.E0));
#11796=AXIS2_PLACEMENT_3D('',#11793,#11794,#11795);
#11797=PLANE('',#11796);
#11799=ORIENTED_EDGE('',*,*,#11798,.T.);
#11800=ORIENTED_EDGE('',*,*,#11591,.F.);
#11801=ORIENTED_EDGE('',*,*,#6451,.T.);
#11802=ORIENTED_EDGE('',*,*,#11732,.T.);
#11803=EDGE_LOOP('',(#11799,#11800,#11801,#11802));
#11804=FACE_OUTER_BOUND('',#11803,.F.);
#11805=ADVANCED_FACE('',(#11804),#11797,.T.);
#11806=CARTESIAN_POINT('',(-8.75E0,1.0075E0,-7.59E0));
#11807=DIRECTION('',(0.E0,-9.857817160344E-1,-1.680309743240E-1));
#11808=DIRECTION('',(0.E0,-1.680309743240E-1,9.857817160344E-1));
#11809=AXIS2_PLACEMENT_3D('',#11806,#11807,#11808);
#11810=PLANE('',#11809);
#11812=ORIENTED_EDGE('',*,*,#11811,.T.);
#11813=ORIENTED_EDGE('',*,*,#11798,.F.);
#11815=ORIENTED_EDGE('',*,*,#11814,.F.);
#11817=ORIENTED_EDGE('',*,*,#11816,.T.);
#11818=EDGE_LOOP('',(#11812,#11813,#11815,#11817));
#11819=FACE_OUTER_BOUND('',#11818,.F.);
#11820=ADVANCED_FACE('',(#11819),#11810,.T.);
#11821=CARTESIAN_POINT('',(-8.9925E0,1.25E0,-7.59E0));
#11822=DIRECTION('',(-9.857817160344E-1,0.E0,-1.680309743240E-1));
#11823=DIRECTION('',(1.680309743240E-1,0.E0,-9.857817160344E-1));
#11824=AXIS2_PLACEMENT_3D('',#11821,#11822,#11823);
#11825=PLANE('',#11824);
#11826=ORIENTED_EDGE('',*,*,#11811,.F.);
#11828=ORIENTED_EDGE('',*,*,#11827,.F.);
#11830=ORIENTED_EDGE('',*,*,#11829,.T.);
#11831=ORIENTED_EDGE('',*,*,#11586,.T.);
#11832=EDGE_LOOP('',(#11826,#11828,#11830,#11831));
#11833=FACE_OUTER_BOUND('',#11832,.F.);
#11834=ADVANCED_FACE('',(#11833),#11825,.T.);
#11835=CARTESIAN_POINT('',(-9.0675E0,9.325E-1,-8.03E0));
#11836=DIRECTION('',(0.E0,0.E0,-1.E0));
#11837=DIRECTION('',(0.E0,1.E0,0.E0));
#11838=AXIS2_PLACEMENT_3D('',#11835,#11836,#11837);
#11839=PLANE('',#11838);
#11841=ORIENTED_EDGE('',*,*,#11840,.T.);
#11842=ORIENTED_EDGE('',*,*,#11827,.T.);
#11843=ORIENTED_EDGE('',*,*,#11816,.F.);
#11845=ORIENTED_EDGE('',*,*,#11844,.T.);
#11846=EDGE_LOOP('',(#11841,#11842,#11843,#11845));
#11847=FACE_OUTER_BOUND('',#11846,.F.);
#11848=ADVANCED_FACE('',(#11847),#11839,.T.);
#11849=CARTESIAN_POINT('',(-8.75E0,1.4925E0,-7.59E0));
#11850=DIRECTION('',(0.E0,9.857817160344E-1,-1.680309743240E-1));
#11851=DIRECTION('',(0.E0,-1.680309743240E-1,-9.857817160344E-1));
#11852=AXIS2_PLACEMENT_3D('',#11849,#11850,#11851);
#11853=PLANE('',#11852);
#11854=ORIENTED_EDGE('',*,*,#11829,.F.);
#11855=ORIENTED_EDGE('',*,*,#11840,.F.);
#11857=ORIENTED_EDGE('',*,*,#11856,.F.);
#11858=ORIENTED_EDGE('',*,*,#11702,.T.);
#11859=EDGE_LOOP('',(#11854,#11855,#11857,#11858));
#11860=FACE_OUTER_BOUND('',#11859,.F.);
#11861=ADVANCED_FACE('',(#11860),#11853,.T.);
#11862=CARTESIAN_POINT('',(-8.5075E0,1.25E0,-7.59E0));
#11863=DIRECTION('',(9.857817160344E-1,0.E0,-1.680309743240E-1));
#11864=DIRECTION('',(-1.680309743240E-1,0.E0,-9.857817160344E-1));
#11865=AXIS2_PLACEMENT_3D('',#11862,#11863,#11864);
#11866=PLANE('',#11865);
#11867=ORIENTED_EDGE('',*,*,#11814,.T.);
#11868=ORIENTED_EDGE('',*,*,#11730,.T.);
#11869=ORIENTED_EDGE('',*,*,#11856,.T.);
#11870=ORIENTED_EDGE('',*,*,#11844,.F.);
#11871=EDGE_LOOP('',(#11867,#11868,#11869,#11870));
#11872=FACE_OUTER_BOUND('',#11871,.F.);
#11873=ADVANCED_FACE('',(#11872),#11866,.T.);
#11874=CARTESIAN_POINT('',(-8.5075E0,-1.25E0,-7.59E0));
#11875=DIRECTION('',(9.857817160344E-1,0.E0,-1.680309743240E-1));
#11876=DIRECTION('',(-1.680309743240E-1,0.E0,-9.857817160344E-1));
#11877=AXIS2_PLACEMENT_3D('',#11874,#11875,#11876);
#11878=PLANE('',#11877);
#11880=ORIENTED_EDGE('',*,*,#11879,.F.);
#11882=ORIENTED_EDGE('',*,*,#11881,.T.);
#11883=ORIENTED_EDGE('',*,*,#11744,.T.);
#11885=ORIENTED_EDGE('',*,*,#11884,.T.);
#11886=EDGE_LOOP('',(#11880,#11882,#11883,#11885));
#11887=FACE_OUTER_BOUND('',#11886,.F.);
#11888=ADVANCED_FACE('',(#11887),#11878,.T.);
#11889=CARTESIAN_POINT('',(-9.0675E0,-1.5675E0,-8.03E0));
#11890=DIRECTION('',(0.E0,0.E0,-1.E0));
#11891=DIRECTION('',(0.E0,1.E0,0.E0));
#11892=AXIS2_PLACEMENT_3D('',#11889,#11890,#11891);
#11893=PLANE('',#11892);
#11895=ORIENTED_EDGE('',*,*,#11894,.T.);
#11897=ORIENTED_EDGE('',*,*,#11896,.T.);
#11899=ORIENTED_EDGE('',*,*,#11898,.F.);
#11900=ORIENTED_EDGE('',*,*,#11879,.T.);
#11901=EDGE_LOOP('',(#11895,#11897,#11899,#11900));
#11902=FACE_OUTER_BOUND('',#11901,.F.);
#11903=ADVANCED_FACE('',(#11902),#11893,.T.);
#11904=CARTESIAN_POINT('',(-8.75E0,-1.0075E0,-7.59E0));
#11905=DIRECTION('',(0.E0,9.857817160344E-1,-1.680309743240E-1));
#11906=DIRECTION('',(0.E0,-1.680309743240E-1,-9.857817160344E-1));
#11907=AXIS2_PLACEMENT_3D('',#11904,#11905,#11906);
#11908=PLANE('',#11907);
#11910=ORIENTED_EDGE('',*,*,#11909,.T.);
#11912=ORIENTED_EDGE('',*,*,#11911,.F.);
#11913=ORIENTED_EDGE('',*,*,#11894,.F.);
#11914=ORIENTED_EDGE('',*,*,#11884,.F.);
#11915=EDGE_LOOP('',(#11910,#11912,#11913,#11914));
#11916=FACE_OUTER_BOUND('',#11915,.F.);
#11917=ADVANCED_FACE('',(#11916),#11908,.T.);
#11918=CARTESIAN_POINT('',(-9.0675E0,-9.325E-1,-8.03E0));
#11919=DIRECTION('',(0.E0,1.E0,0.E0));
#11920=DIRECTION('',(0.E0,0.E0,1.E0));
#11921=AXIS2_PLACEMENT_3D('',#11918,#11919,#11920);
#11922=PLANE('',#11921);
#11923=ORIENTED_EDGE('',*,*,#11909,.F.);
#11924=ORIENTED_EDGE('',*,*,#11749,.T.);
#11925=ORIENTED_EDGE('',*,*,#6437,.F.);
#11926=ORIENTED_EDGE('',*,*,#11603,.F.);
#11927=EDGE_LOOP('',(#11923,#11924,#11925,#11926));
#11928=FACE_OUTER_BOUND('',#11927,.F.);
#11929=ADVANCED_FACE('',(#11928),#11922,.T.);
#11930=CARTESIAN_POINT('',(-9.0675E0,-9.325E-1,-8.03E0));
#11931=DIRECTION('',(0.E0,1.E0,0.E0));
#11932=DIRECTION('',(0.E0,0.E0,1.E0));
#11933=AXIS2_PLACEMENT_3D('',#11930,#11931,#11932);
#11934=PLANE('',#11933);
#11936=ORIENTED_EDGE('',*,*,#11935,.T.);
#11937=ORIENTED_EDGE('',*,*,#11621,.F.);
#11938=ORIENTED_EDGE('',*,*,#11509,.T.);
#11939=ORIENTED_EDGE('',*,*,#11761,.T.);
#11940=EDGE_LOOP('',(#11936,#11937,#11938,#11939));
#11941=FACE_OUTER_BOUND('',#11940,.F.);
#11942=ADVANCED_FACE('',(#11941),#11934,.T.);
#11943=CARTESIAN_POINT('',(-8.75E0,-1.0075E0,2.33E0));
#11944=DIRECTION('',(0.E0,9.857817160344E-1,1.680309743240E-1));
#11945=DIRECTION('',(0.E0,1.680309743240E-1,-9.857817160344E-1));
#11946=AXIS2_PLACEMENT_3D('',#11943,#11944,#11945);
#11947=PLANE('',#11946);
#11948=ORIENTED_EDGE('',*,*,#11935,.F.);
#11950=ORIENTED_EDGE('',*,*,#11949,.F.);
#11952=ORIENTED_EDGE('',*,*,#11951,.T.);
#11954=ORIENTED_EDGE('',*,*,#11953,.T.);
#11955=EDGE_LOOP('',(#11948,#11950,#11952,#11954));
#11956=FACE_OUTER_BOUND('',#11955,.F.);
#11957=ADVANCED_FACE('',(#11956),#11947,.T.);
#11958=CARTESIAN_POINT('',(-8.5075E0,-1.25E0,2.33E0));
#11959=DIRECTION('',(9.857817160344E-1,0.E0,1.680309743240E-1));
#11960=DIRECTION('',(-1.680309743240E-1,0.E0,9.857817160344E-1));
#11961=AXIS2_PLACEMENT_3D('',#11958,#11959,#11960);
#11962=PLANE('',#11961);
#11964=ORIENTED_EDGE('',*,*,#11963,.F.);
#11965=ORIENTED_EDGE('',*,*,#11949,.T.);
#11966=ORIENTED_EDGE('',*,*,#11759,.T.);
#11968=ORIENTED_EDGE('',*,*,#11967,.F.);
#11969=EDGE_LOOP('',(#11964,#11965,#11966,#11968));
#11970=FACE_OUTER_BOUND('',#11969,.F.);
#11971=ADVANCED_FACE('',(#11970),#11962,.T.);
#11972=CARTESIAN_POINT('',(-9.0675E0,-9.325E-1,2.77E0));
#11973=DIRECTION('',(0.E0,0.E0,1.E0));
#11974=DIRECTION('',(0.E0,-1.E0,0.E0));
#11975=AXIS2_PLACEMENT_3D('',#11972,#11973,#11974);
#11976=PLANE('',#11975);
#11978=ORIENTED_EDGE('',*,*,#11977,.T.);
#11980=ORIENTED_EDGE('',*,*,#11979,.T.);
#11981=ORIENTED_EDGE('',*,*,#11951,.F.);
#11982=ORIENTED_EDGE('',*,*,#11963,.T.);
#11983=EDGE_LOOP('',(#11978,#11980,#11981,#11982));
#11984=FACE_OUTER_BOUND('',#11983,.F.);
#11985=ADVANCED_FACE('',(#11984),#11976,.T.);
#11986=CARTESIAN_POINT('',(-8.75E0,-1.4925E0,2.33E0));
#11987=DIRECTION('',(0.E0,-9.857817160344E-1,1.680309743240E-1));
#11988=DIRECTION('',(0.E0,1.680309743240E-1,9.857817160344E-1));
#11989=AXIS2_PLACEMENT_3D('',#11986,#11987,#11988);
#11990=PLANE('',#11989);
#11992=ORIENTED_EDGE('',*,*,#11991,.T.);
#11994=ORIENTED_EDGE('',*,*,#11993,.F.);
#11995=ORIENTED_EDGE('',*,*,#11977,.F.);
#11996=ORIENTED_EDGE('',*,*,#11967,.T.);
#11997=EDGE_LOOP('',(#11992,#11994,#11995,#11996));
#11998=FACE_OUTER_BOUND('',#11997,.F.);
#11999=ADVANCED_FACE('',(#11998),#11990,.T.);
#12000=CARTESIAN_POINT('',(-9.0675E0,-1.5675E0,2.77E0));
#12001=DIRECTION('',(0.E0,-1.E0,0.E0));
#12002=DIRECTION('',(0.E0,0.E0,-1.E0));
#12003=AXIS2_PLACEMENT_3D('',#12000,#12001,#12002);
#12004=PLANE('',#12003);
#12006=ORIENTED_EDGE('',*,*,#12005,.T.);
#12007=ORIENTED_EDGE('',*,*,#11606,.F.);
#12008=ORIENTED_EDGE('',*,*,#6441,.T.);
#12009=ORIENTED_EDGE('',*,*,#11746,.T.);
#12010=EDGE_LOOP('',(#12006,#12007,#12008,#12009));
#12011=FACE_OUTER_BOUND('',#12010,.F.);
#12012=ADVANCED_FACE('',(#12011),#12004,.T.);
#12013=CARTESIAN_POINT('',(-9.0675E0,-1.5675E0,2.77E0));
#12014=DIRECTION('',(0.E0,-1.E0,0.E0));
#12015=DIRECTION('',(0.E0,0.E0,-1.E0));
#12016=AXIS2_PLACEMENT_3D('',#12013,#12014,#12015);
#12017=PLANE('',#12016);
#12018=ORIENTED_EDGE('',*,*,#11991,.F.);
#12019=ORIENTED_EDGE('',*,*,#11764,.T.);
#12020=ORIENTED_EDGE('',*,*,#11505,.F.);
#12021=ORIENTED_EDGE('',*,*,#11618,.F.);
#12022=EDGE_LOOP('',(#12018,#12019,#12020,#12021));
#12023=FACE_OUTER_BOUND('',#12022,.F.);
#12024=ADVANCED_FACE('',(#12023),#12017,.T.);
#12025=CARTESIAN_POINT('',(-8.75E0,-1.4925E0,-7.59E0));
#12026=DIRECTION('',(0.E0,-9.857817160344E-1,-1.680309743240E-1));
#12027=DIRECTION('',(0.E0,-1.680309743240E-1,9.857817160344E-1));
#12028=AXIS2_PLACEMENT_3D('',#12025,#12026,#12027);
#12029=PLANE('',#12028);
#12030=ORIENTED_EDGE('',*,*,#12005,.F.);
#12031=ORIENTED_EDGE('',*,*,#11881,.F.);
#12032=ORIENTED_EDGE('',*,*,#11898,.T.);
#12034=ORIENTED_EDGE('',*,*,#12033,.T.);
#12035=EDGE_LOOP('',(#12030,#12031,#12032,#12034));
#12036=FACE_OUTER_BOUND('',#12035,.F.);
#12037=ADVANCED_FACE('',(#12036),#12029,.T.);
#12038=CARTESIAN_POINT('',(-8.9925E0,-1.25E0,-7.59E0));
#12039=DIRECTION('',(-9.857817160344E-1,0.E0,-1.680309743240E-1));
#12040=DIRECTION('',(1.680309743240E-1,0.E0,-9.857817160344E-1));
#12041=AXIS2_PLACEMENT_3D('',#12038,#12039,#12040);
#12042=PLANE('',#12041);
#12043=ORIENTED_EDGE('',*,*,#11601,.T.);
#12044=ORIENTED_EDGE('',*,*,#12033,.F.);
#12045=ORIENTED_EDGE('',*,*,#11896,.F.);
#12046=ORIENTED_EDGE('',*,*,#11911,.T.);
#12047=EDGE_LOOP('',(#12043,#12044,#12045,#12046));
#12048=FACE_OUTER_BOUND('',#12047,.F.);
#12049=ADVANCED_FACE('',(#12048),#12042,.T.);
#12050=CARTESIAN_POINT('',(-8.9925E0,-1.25E0,2.33E0));
#12051=DIRECTION('',(-9.857817160344E-1,0.E0,1.680309743240E-1));
#12052=DIRECTION('',(1.680309743240E-1,0.E0,9.857817160344E-1));
#12053=AXIS2_PLACEMENT_3D('',#12050,#12051,#12052);
#12054=PLANE('',#12053);
#12055=ORIENTED_EDGE('',*,*,#11616,.T.);
#12056=ORIENTED_EDGE('',*,*,#11953,.F.);
#12057=ORIENTED_EDGE('',*,*,#11979,.F.);
#12058=ORIENTED_EDGE('',*,*,#11993,.T.);
#12059=EDGE_LOOP('',(#12055,#12056,#12057,#12058));
#12060=FACE_OUTER_BOUND('',#12059,.F.);
#12061=ADVANCED_FACE('',(#12060),#12054,.T.);
#12062=CARTESIAN_POINT('',(7.64E0,1.55E-1,4.23E0));
#12063=DIRECTION('',(0.E0,-1.E0,0.E0));
#12064=DIRECTION('',(1.E0,0.E0,0.E0));
#12065=AXIS2_PLACEMENT_3D('',#12062,#12063,#12064);
#12066=PLANE('',#12065);
#12067=ORIENTED_EDGE('',*,*,#7033,.F.);
#12069=ORIENTED_EDGE('',*,*,#12068,.T.);
#12071=ORIENTED_EDGE('',*,*,#12070,.T.);
#12073=ORIENTED_EDGE('',*,*,#12072,.F.);
#12075=ORIENTED_EDGE('',*,*,#12074,.T.);
#12077=ORIENTED_EDGE('',*,*,#12076,.T.);
#12079=ORIENTED_EDGE('',*,*,#12078,.F.);
#12080=EDGE_LOOP('',(#12067,#12069,#12071,#12073,#12075,#12077,#12079));
#12081=FACE_OUTER_BOUND('',#12080,.F.);
#12082=ADVANCED_FACE('',(#12081),#12066,.F.);
#12083=CARTESIAN_POINT('',(7.64E0,2.345E0,4.23E0));
#12084=DIRECTION('',(-1.E0,0.E0,0.E0));
#12085=DIRECTION('',(0.E0,-1.E0,0.E0));
#12086=AXIS2_PLACEMENT_3D('',#12083,#12084,#12085);
#12087=PLANE('',#12086);
#12088=ORIENTED_EDGE('',*,*,#7047,.F.);
#12090=ORIENTED_EDGE('',*,*,#12089,.T.);
#12092=ORIENTED_EDGE('',*,*,#12091,.T.);
#12093=ORIENTED_EDGE('',*,*,#12068,.F.);
#12094=EDGE_LOOP('',(#12088,#12090,#12092,#12093));
#12095=FACE_OUTER_BOUND('',#12094,.F.);
#12096=ADVANCED_FACE('',(#12095),#12087,.F.);
#12097=CARTESIAN_POINT('',(9.86E0,2.345E0,4.23E0));
#12098=DIRECTION('',(0.E0,1.E0,0.E0));
#12099=DIRECTION('',(-1.E0,0.E0,0.E0));
#12100=AXIS2_PLACEMENT_3D('',#12097,#12098,#12099);
#12101=PLANE('',#12100);
#12102=ORIENTED_EDGE('',*,*,#7045,.F.);
#12104=ORIENTED_EDGE('',*,*,#12103,.T.);
#12106=ORIENTED_EDGE('',*,*,#12105,.T.);
#12107=ORIENTED_EDGE('',*,*,#12089,.F.);
#12108=EDGE_LOOP('',(#12102,#12104,#12106,#12107));
#12109=FACE_OUTER_BOUND('',#12108,.F.);
#12110=ADVANCED_FACE('',(#12109),#12101,.F.);
#12111=CARTESIAN_POINT('',(9.86E0,1.55E-1,4.23E0));
#12112=DIRECTION('',(1.E0,0.E0,0.E0));
#12113=DIRECTION('',(0.E0,1.E0,0.E0));
#12114=AXIS2_PLACEMENT_3D('',#12111,#12112,#12113);
#12115=PLANE('',#12114);
#12116=ORIENTED_EDGE('',*,*,#7043,.T.);
#12118=ORIENTED_EDGE('',*,*,#12117,.T.);
#12120=ORIENTED_EDGE('',*,*,#12119,.T.);
#12122=ORIENTED_EDGE('',*,*,#12121,.F.);
#12124=ORIENTED_EDGE('',*,*,#12123,.F.);
#12125=ORIENTED_EDGE('',*,*,#12072,.T.);
#12127=ORIENTED_EDGE('',*,*,#12126,.T.);
#12128=ORIENTED_EDGE('',*,*,#12103,.F.);
#12129=EDGE_LOOP('',(#12116,#12118,#12120,#12122,#12124,#12125,#12127,#12128));
#12130=FACE_OUTER_BOUND('',#12129,.F.);
#12131=ADVANCED_FACE('',(#12130),#12115,.F.);
#12132=CARTESIAN_POINT('',(7.64E0,-2.345E0,4.23E0));
#12133=DIRECTION('',(0.E0,-1.E0,0.E0));
#12134=DIRECTION('',(1.E0,0.E0,0.E0));
#12135=AXIS2_PLACEMENT_3D('',#12132,#12133,#12134);
#12136=PLANE('',#12135);
#12137=ORIENTED_EDGE('',*,*,#7041,.F.);
#12139=ORIENTED_EDGE('',*,*,#12138,.T.);
#12141=ORIENTED_EDGE('',*,*,#12140,.T.);
#12142=ORIENTED_EDGE('',*,*,#12117,.F.);
#12143=EDGE_LOOP('',(#12137,#12139,#12141,#12142));
#12144=FACE_OUTER_BOUND('',#12143,.F.);
#12145=ADVANCED_FACE('',(#12144),#12136,.F.);
#12146=CARTESIAN_POINT('',(7.64E0,-1.55E-1,4.23E0));
#12147=DIRECTION('',(-1.E0,0.E0,0.E0));
#12148=DIRECTION('',(0.E0,-1.E0,0.E0));
#12149=AXIS2_PLACEMENT_3D('',#12146,#12147,#12148);
#12150=PLANE('',#12149);
#12151=ORIENTED_EDGE('',*,*,#7039,.F.);
#12153=ORIENTED_EDGE('',*,*,#12152,.T.);
#12155=ORIENTED_EDGE('',*,*,#12154,.T.);
#12156=ORIENTED_EDGE('',*,*,#12138,.F.);
#12157=EDGE_LOOP('',(#12151,#12153,#12155,#12156));
#12158=FACE_OUTER_BOUND('',#12157,.F.);
#12159=ADVANCED_FACE('',(#12158),#12150,.F.);
#12160=CARTESIAN_POINT('',(9.86E0,-1.55E-1,4.23E0));
#12161=DIRECTION('',(0.E0,1.E0,0.E0));
#12162=DIRECTION('',(-1.E0,0.E0,0.E0));
#12163=AXIS2_PLACEMENT_3D('',#12160,#12161,#12162);
#12164=PLANE('',#12163);
#12166=ORIENTED_EDGE('',*,*,#12165,.F.);
#12167=ORIENTED_EDGE('',*,*,#12121,.T.);
#12169=ORIENTED_EDGE('',*,*,#12168,.T.);
#12170=ORIENTED_EDGE('',*,*,#12152,.F.);
#12171=ORIENTED_EDGE('',*,*,#7037,.F.);
#12173=ORIENTED_EDGE('',*,*,#12172,.T.);
#12175=ORIENTED_EDGE('',*,*,#12174,.F.);
#12176=EDGE_LOOP('',(#12166,#12167,#12169,#12170,#12171,#12173,#12175));
#12177=FACE_OUTER_BOUND('',#12176,.F.);
#12178=ADVANCED_FACE('',(#12177),#12164,.F.);
#12179=CARTESIAN_POINT('',(9.86E0,2.5E-1,-7.E-2));
#12180=DIRECTION('',(0.E0,0.E0,-1.E0));
#12181=DIRECTION('',(-1.E0,0.E0,0.E0));
#12182=AXIS2_PLACEMENT_3D('',#12179,#12180,#12181);
#12183=PLANE('',#12182);
#12184=ORIENTED_EDGE('',*,*,#12074,.F.);
#12185=ORIENTED_EDGE('',*,*,#12123,.T.);
#12186=ORIENTED_EDGE('',*,*,#12165,.T.);
#12188=ORIENTED_EDGE('',*,*,#12187,.F.);
#12189=EDGE_LOOP('',(#12184,#12185,#12186,#12188));
#12190=FACE_OUTER_BOUND('',#12189,.F.);
#12191=ADVANCED_FACE('',(#12190),#12183,.F.);
#12192=CARTESIAN_POINT('',(9.15E0,2.5E-1,-7.E-2));
#12193=DIRECTION('',(-1.E0,0.E0,0.E0));
#12194=DIRECTION('',(0.E0,0.E0,1.E0));
#12195=AXIS2_PLACEMENT_3D('',#12192,#12193,#12194);
#12196=PLANE('',#12195);
#12197=ORIENTED_EDGE('',*,*,#12076,.F.);
#12198=ORIENTED_EDGE('',*,*,#12187,.T.);
#12199=ORIENTED_EDGE('',*,*,#12174,.T.);
#12201=ORIENTED_EDGE('',*,*,#12200,.F.);
#12202=EDGE_LOOP('',(#12197,#12198,#12199,#12201));
#12203=FACE_OUTER_BOUND('',#12202,.F.);
#12204=ADVANCED_FACE('',(#12203),#12196,.F.);
#12205=CARTESIAN_POINT('',(9.15E0,2.5E-1,3.63E0));
#12206=DIRECTION('',(-7.071067811865E-1,0.E0,-7.071067811865E-1));
#12207=DIRECTION('',(-7.071067811865E-1,0.E0,7.071067811865E-1));
#12208=AXIS2_PLACEMENT_3D('',#12205,#12206,#12207);
#12209=PLANE('',#12208);
#12210=ORIENTED_EDGE('',*,*,#12078,.T.);
#12211=ORIENTED_EDGE('',*,*,#12200,.T.);
#12212=ORIENTED_EDGE('',*,*,#12172,.F.);
#12213=ORIENTED_EDGE('',*,*,#7035,.T.);
#12214=EDGE_LOOP('',(#12210,#12211,#12212,#12213));
#12215=FACE_OUTER_BOUND('',#12214,.F.);
#12216=ADVANCED_FACE('',(#12215),#12209,.F.);
#12217=CARTESIAN_POINT('',(0.E0,-2.99E0,-1.77E0));
#12218=DIRECTION('',(0.E0,0.E0,1.E0));
#12219=DIRECTION('',(1.E0,0.E0,0.E0));
#12220=AXIS2_PLACEMENT_3D('',#12217,#12218,#12219);
#12221=PLANE('',#12220);
#12222=ORIENTED_EDGE('',*,*,#12091,.F.);
#12223=ORIENTED_EDGE('',*,*,#12105,.F.);
#12224=ORIENTED_EDGE('',*,*,#12126,.F.);
#12225=ORIENTED_EDGE('',*,*,#12070,.F.);
#12226=EDGE_LOOP('',(#12222,#12223,#12224,#12225));
#12227=FACE_OUTER_BOUND('',#12226,.F.);
#12229=ORIENTED_EDGE('',*,*,#12228,.T.);
#12231=ORIENTED_EDGE('',*,*,#12230,.T.);
#12233=ORIENTED_EDGE('',*,*,#12232,.F.);
#12235=ORIENTED_EDGE('',*,*,#12234,.F.);
#12236=EDGE_LOOP('',(#12229,#12231,#12233,#12235));
#12237=FACE_BOUND('',#12236,.F.);
#12238=ADVANCED_FACE('',(#12227,#12237),#12221,.T.);
#12239=CARTESIAN_POINT('',(0.E0,-2.99E0,-1.77E0));
#12240=DIRECTION('',(0.E0,0.E0,1.E0));
#12241=DIRECTION('',(1.E0,0.E0,0.E0));
#12242=AXIS2_PLACEMENT_3D('',#12239,#12240,#12241);
#12243=PLANE('',#12242);
#12244=ORIENTED_EDGE('',*,*,#12140,.F.);
#12245=ORIENTED_EDGE('',*,*,#12154,.F.);
#12246=ORIENTED_EDGE('',*,*,#12168,.F.);
#12247=ORIENTED_EDGE('',*,*,#12119,.F.);
#12248=EDGE_LOOP('',(#12244,#12245,#12246,#12247));
#12249=FACE_OUTER_BOUND('',#12248,.F.);
#12251=ORIENTED_EDGE('',*,*,#12250,.F.);
#12253=ORIENTED_EDGE('',*,*,#12252,.T.);
#12255=ORIENTED_EDGE('',*,*,#12254,.T.);
#12257=ORIENTED_EDGE('',*,*,#12256,.F.);
#12258=EDGE_LOOP('',(#12251,#12253,#12255,#12257));
#12259=FACE_BOUND('',#12258,.F.);
#12260=ADVANCED_FACE('',(#12249,#12259),#12243,.T.);
#12261=CARTESIAN_POINT('',(8.4325E0,-2.99E0,0.E0));
#12262=DIRECTION('',(1.E0,0.E0,0.E0));
#12263=DIRECTION('',(0.E0,0.E0,-1.E0));
#12264=AXIS2_PLACEMENT_3D('',#12261,#12262,#12263);
#12265=PLANE('',#12264);
#12267=ORIENTED_EDGE('',*,*,#12266,.F.);
#12269=ORIENTED_EDGE('',*,*,#12268,.T.);
#12270=ORIENTED_EDGE('',*,*,#12234,.T.);
#12272=ORIENTED_EDGE('',*,*,#12271,.T.);
#12273=EDGE_LOOP('',(#12267,#12269,#12270,#12272));
#12274=FACE_OUTER_BOUND('',#12273,.F.);
#12275=ADVANCED_FACE('',(#12274),#12265,.F.);
#12276=CARTESIAN_POINT('',(8.4325E0,-2.99E0,0.E0));
#12277=DIRECTION('',(1.E0,0.E0,0.E0));
#12278=DIRECTION('',(0.E0,0.E0,-1.E0));
#12279=AXIS2_PLACEMENT_3D('',#12276,#12277,#12278);
#12280=PLANE('',#12279);
#12282=ORIENTED_EDGE('',*,*,#12281,.F.);
#12284=ORIENTED_EDGE('',*,*,#12283,.T.);
#12285=ORIENTED_EDGE('',*,*,#6307,.F.);
#12287=ORIENTED_EDGE('',*,*,#12286,.T.);
#12288=EDGE_LOOP('',(#12282,#12284,#12285,#12287));
#12289=FACE_OUTER_BOUND('',#12288,.F.);
#12290=ADVANCED_FACE('',(#12289),#12280,.F.);
#12291=CARTESIAN_POINT('',(8.4325E0,-2.99E0,0.E0));
#12292=DIRECTION('',(1.E0,0.E0,0.E0));
#12293=DIRECTION('',(0.E0,0.E0,-1.E0));
#12294=AXIS2_PLACEMENT_3D('',#12291,#12292,#12293);
#12295=PLANE('',#12294);
#12297=ORIENTED_EDGE('',*,*,#12296,.F.);
#12299=ORIENTED_EDGE('',*,*,#12298,.T.);
#12300=ORIENTED_EDGE('',*,*,#6295,.F.);
#12302=ORIENTED_EDGE('',*,*,#12301,.T.);
#12303=EDGE_LOOP('',(#12297,#12299,#12300,#12302));
#12304=FACE_OUTER_BOUND('',#12303,.F.);
#12305=ADVANCED_FACE('',(#12304),#12295,.F.);
#12306=CARTESIAN_POINT('',(8.4325E0,-2.99E0,0.E0));
#12307=DIRECTION('',(1.E0,0.E0,0.E0));
#12308=DIRECTION('',(0.E0,0.E0,-1.E0));
#12309=AXIS2_PLACEMENT_3D('',#12306,#12307,#12308);
#12310=PLANE('',#12309);
#12312=ORIENTED_EDGE('',*,*,#12311,.F.);
#12314=ORIENTED_EDGE('',*,*,#12313,.T.);
#12315=ORIENTED_EDGE('',*,*,#12250,.T.);
#12317=ORIENTED_EDGE('',*,*,#12316,.T.);
#12318=EDGE_LOOP('',(#12312,#12314,#12315,#12317));
#12319=FACE_OUTER_BOUND('',#12318,.F.);
#12320=ADVANCED_FACE('',(#12319),#12310,.F.);
#12321=CARTESIAN_POINT('',(8.5075E0,1.25E0,2.33E0));
#12322=DIRECTION('',(-9.857817160344E-1,0.E0,1.680309743240E-1));
#12323=DIRECTION('',(1.680309743240E-1,0.E0,9.857817160344E-1));
#12324=AXIS2_PLACEMENT_3D('',#12321,#12322,#12323);
#12325=PLANE('',#12324);
#12327=ORIENTED_EDGE('',*,*,#12326,.F.);
#12329=ORIENTED_EDGE('',*,*,#12328,.T.);
#12330=ORIENTED_EDGE('',*,*,#12266,.T.);
#12332=ORIENTED_EDGE('',*,*,#12331,.T.);
#12333=EDGE_LOOP('',(#12327,#12329,#12330,#12332));
#12334=FACE_OUTER_BOUND('',#12333,.F.);
#12335=ADVANCED_FACE('',(#12334),#12325,.T.);
#12336=CARTESIAN_POINT('',(8.4325E0,1.5675E0,2.77E0));
#12337=DIRECTION('',(0.E0,0.E0,1.E0));
#12338=DIRECTION('',(0.E0,-1.E0,0.E0));
#12339=AXIS2_PLACEMENT_3D('',#12336,#12337,#12338);
#12340=PLANE('',#12339);
#12342=ORIENTED_EDGE('',*,*,#12341,.F.);
#12344=ORIENTED_EDGE('',*,*,#12343,.T.);
#12346=ORIENTED_EDGE('',*,*,#12345,.T.);
#12347=ORIENTED_EDGE('',*,*,#12326,.T.);
#12348=EDGE_LOOP('',(#12342,#12344,#12346,#12347));
#12349=FACE_OUTER_BOUND('',#12348,.F.);
#12350=ADVANCED_FACE('',(#12349),#12340,.T.);
#12351=CARTESIAN_POINT('',(8.75E0,1.4925E0,2.33E0));
#12352=DIRECTION('',(0.E0,9.857817160344E-1,1.680309743240E-1));
#12353=DIRECTION('',(0.E0,1.680309743240E-1,-9.857817160344E-1));
#12354=AXIS2_PLACEMENT_3D('',#12351,#12352,#12353);
#12355=PLANE('',#12354);
#12356=ORIENTED_EDGE('',*,*,#12341,.T.);
#12357=ORIENTED_EDGE('',*,*,#12331,.F.);
#12359=ORIENTED_EDGE('',*,*,#12358,.F.);
#12361=ORIENTED_EDGE('',*,*,#12360,.F.);
#12362=EDGE_LOOP('',(#12356,#12357,#12359,#12361));
#12363=FACE_OUTER_BOUND('',#12362,.F.);
#12364=ADVANCED_FACE('',(#12363),#12355,.T.);
#12365=CARTESIAN_POINT('',(8.4325E0,1.5675E0,-8.03E0));
#12366=DIRECTION('',(0.E0,1.E0,0.E0));
#12367=DIRECTION('',(0.E0,0.E0,1.E0));
#12368=AXIS2_PLACEMENT_3D('',#12365,#12366,#12367);
#12369=PLANE('',#12368);
#12370=ORIENTED_EDGE('',*,*,#12358,.T.);
#12371=ORIENTED_EDGE('',*,*,#12271,.F.);
#12372=ORIENTED_EDGE('',*,*,#12232,.T.);
#12374=ORIENTED_EDGE('',*,*,#12373,.T.);
#12375=EDGE_LOOP('',(#12370,#12371,#12372,#12374));
#12376=FACE_OUTER_BOUND('',#12375,.F.);
#12377=ADVANCED_FACE('',(#12376),#12369,.T.);
#12378=CARTESIAN_POINT('',(8.4325E0,1.5675E0,-8.03E0));
#12379=DIRECTION('',(0.E0,1.E0,0.E0));
#12380=DIRECTION('',(0.E0,0.E0,1.E0));
#12381=AXIS2_PLACEMENT_3D('',#12378,#12379,#12380);
#12382=PLANE('',#12381);
#12384=ORIENTED_EDGE('',*,*,#12383,.F.);
#12386=ORIENTED_EDGE('',*,*,#12385,.T.);
#12387=ORIENTED_EDGE('',*,*,#6309,.F.);
#12388=ORIENTED_EDGE('',*,*,#12283,.F.);
#12389=EDGE_LOOP('',(#12384,#12386,#12387,#12388));
#12390=FACE_OUTER_BOUND('',#12389,.F.);
#12391=ADVANCED_FACE('',(#12390),#12382,.T.);
#12392=CARTESIAN_POINT('',(9.0675E0,-2.99E0,0.E0));
#12393=DIRECTION('',(1.E0,0.E0,0.E0));
#12394=DIRECTION('',(0.E0,0.E0,-1.E0));
#12395=AXIS2_PLACEMENT_3D('',#12392,#12393,#12394);
#12396=PLANE('',#12395);
#12398=ORIENTED_EDGE('',*,*,#12397,.F.);
#12399=ORIENTED_EDGE('',*,*,#12373,.F.);
#12400=ORIENTED_EDGE('',*,*,#12230,.F.);
#12402=ORIENTED_EDGE('',*,*,#12401,.F.);
#12403=EDGE_LOOP('',(#12398,#12399,#12400,#12402));
#12404=FACE_OUTER_BOUND('',#12403,.F.);
#12405=ADVANCED_FACE('',(#12404),#12396,.T.);
#12406=CARTESIAN_POINT('',(9.0675E0,-2.99E0,0.E0));
#12407=DIRECTION('',(1.E0,0.E0,0.E0));
#12408=DIRECTION('',(0.E0,0.E0,-1.E0));
#12409=AXIS2_PLACEMENT_3D('',#12406,#12407,#12408);
#12410=PLANE('',#12409);
#12412=ORIENTED_EDGE('',*,*,#12411,.F.);
#12414=ORIENTED_EDGE('',*,*,#12413,.F.);
#12415=ORIENTED_EDGE('',*,*,#6311,.T.);
#12416=ORIENTED_EDGE('',*,*,#12385,.F.);
#12417=EDGE_LOOP('',(#12412,#12414,#12415,#12416));
#12418=FACE_OUTER_BOUND('',#12417,.F.);
#12419=ADVANCED_FACE('',(#12418),#12410,.T.);
#12420=CARTESIAN_POINT('',(9.0675E0,-2.99E0,0.E0));
#12421=DIRECTION('',(1.E0,0.E0,0.E0));
#12422=DIRECTION('',(0.E0,0.E0,-1.E0));
#12423=AXIS2_PLACEMENT_3D('',#12420,#12421,#12422);
#12424=PLANE('',#12423);
#12426=ORIENTED_EDGE('',*,*,#12425,.F.);
#12428=ORIENTED_EDGE('',*,*,#12427,.F.);
#12429=ORIENTED_EDGE('',*,*,#6299,.T.);
#12431=ORIENTED_EDGE('',*,*,#12430,.F.);
#12432=EDGE_LOOP('',(#12426,#12428,#12429,#12431));
#12433=FACE_OUTER_BOUND('',#12432,.F.);
#12434=ADVANCED_FACE('',(#12433),#12424,.T.);
#12435=CARTESIAN_POINT('',(9.0675E0,-2.99E0,0.E0));
#12436=DIRECTION('',(1.E0,0.E0,0.E0));
#12437=DIRECTION('',(0.E0,0.E0,-1.E0));
#12438=AXIS2_PLACEMENT_3D('',#12435,#12436,#12437);
#12439=PLANE('',#12438);
#12441=ORIENTED_EDGE('',*,*,#12440,.F.);
#12443=ORIENTED_EDGE('',*,*,#12442,.F.);
#12444=ORIENTED_EDGE('',*,*,#12254,.F.);
#12446=ORIENTED_EDGE('',*,*,#12445,.F.);
#12447=EDGE_LOOP('',(#12441,#12443,#12444,#12446));
#12448=FACE_OUTER_BOUND('',#12447,.F.);
#12449=ADVANCED_FACE('',(#12448),#12439,.T.);
#12450=CARTESIAN_POINT('',(8.9925E0,1.25E0,2.33E0));
#12451=DIRECTION('',(9.857817160344E-1,0.E0,1.680309743240E-1));
#12452=DIRECTION('',(-1.680309743240E-1,0.E0,9.857817160344E-1));
#12453=AXIS2_PLACEMENT_3D('',#12450,#12451,#12452);
#12454=PLANE('',#12453);
#12455=ORIENTED_EDGE('',*,*,#12343,.F.);
#12456=ORIENTED_EDGE('',*,*,#12360,.T.);
#12457=ORIENTED_EDGE('',*,*,#12397,.T.);
#12459=ORIENTED_EDGE('',*,*,#12458,.T.);
#12460=EDGE_LOOP('',(#12455,#12456,#12457,#12459));
#12461=FACE_OUTER_BOUND('',#12460,.F.);
#12462=ADVANCED_FACE('',(#12461),#12454,.T.);
#12463=CARTESIAN_POINT('',(8.75E0,1.0075E0,2.33E0));
#12464=DIRECTION('',(0.E0,-9.857817160344E-1,1.680309743240E-1));
#12465=DIRECTION('',(0.E0,1.680309743240E-1,9.857817160344E-1));
#12466=AXIS2_PLACEMENT_3D('',#12463,#12464,#12465);
#12467=PLANE('',#12466);
#12469=ORIENTED_EDGE('',*,*,#12468,.T.);
#12470=ORIENTED_EDGE('',*,*,#12328,.F.);
#12471=ORIENTED_EDGE('',*,*,#12345,.F.);
#12472=ORIENTED_EDGE('',*,*,#12458,.F.);
#12473=EDGE_LOOP('',(#12469,#12470,#12471,#12472));
#12474=FACE_OUTER_BOUND('',#12473,.F.);
#12475=ADVANCED_FACE('',(#12474),#12467,.T.);
#12476=CARTESIAN_POINT('',(8.4325E0,9.325E-1,2.77E0));
#12477=DIRECTION('',(0.E0,-1.E0,0.E0));
#12478=DIRECTION('',(0.E0,0.E0,-1.E0));
#12479=AXIS2_PLACEMENT_3D('',#12476,#12477,#12478);
#12480=PLANE('',#12479);
#12481=ORIENTED_EDGE('',*,*,#12468,.F.);
#12482=ORIENTED_EDGE('',*,*,#12401,.T.);
#12483=ORIENTED_EDGE('',*,*,#12228,.F.);
#12484=ORIENTED_EDGE('',*,*,#12268,.F.);
#12485=EDGE_LOOP('',(#12481,#12482,#12483,#12484));
#12486=FACE_OUTER_BOUND('',#12485,.F.);
#12487=ADVANCED_FACE('',(#12486),#12480,.T.);
#12488=CARTESIAN_POINT('',(8.4325E0,9.325E-1,2.77E0));
#12489=DIRECTION('',(0.E0,-1.E0,0.E0));
#12490=DIRECTION('',(0.E0,0.E0,-1.E0));
#12491=AXIS2_PLACEMENT_3D('',#12488,#12489,#12490);
#12492=PLANE('',#12491);
#12494=ORIENTED_EDGE('',*,*,#12493,.T.);
#12495=ORIENTED_EDGE('',*,*,#12286,.F.);
#12496=ORIENTED_EDGE('',*,*,#6305,.T.);
#12497=ORIENTED_EDGE('',*,*,#12413,.T.);
#12498=EDGE_LOOP('',(#12494,#12495,#12496,#12497));
#12499=FACE_OUTER_BOUND('',#12498,.F.);
#12500=ADVANCED_FACE('',(#12499),#12492,.T.);
#12501=CARTESIAN_POINT('',(8.75E0,1.0075E0,-7.59E0));
#12502=DIRECTION('',(0.E0,-9.857817160344E-1,-1.680309743240E-1));
#12503=DIRECTION('',(0.E0,-1.680309743240E-1,9.857817160344E-1));
#12504=AXIS2_PLACEMENT_3D('',#12501,#12502,#12503);
#12505=PLANE('',#12504);
#12506=ORIENTED_EDGE('',*,*,#12493,.F.);
#12508=ORIENTED_EDGE('',*,*,#12507,.F.);
#12510=ORIENTED_EDGE('',*,*,#12509,.T.);
#12512=ORIENTED_EDGE('',*,*,#12511,.T.);
#12513=EDGE_LOOP('',(#12506,#12508,#12510,#12512));
#12514=FACE_OUTER_BOUND('',#12513,.F.);
#12515=ADVANCED_FACE('',(#12514),#12505,.T.);
#12516=CARTESIAN_POINT('',(8.9925E0,1.25E0,-7.59E0));
#12517=DIRECTION('',(9.857817160344E-1,0.E0,-1.680309743240E-1));
#12518=DIRECTION('',(-1.680309743240E-1,0.E0,-9.857817160344E-1));
#12519=AXIS2_PLACEMENT_3D('',#12516,#12517,#12518);
#12520=PLANE('',#12519);
#12522=ORIENTED_EDGE('',*,*,#12521,.F.);
#12523=ORIENTED_EDGE('',*,*,#12507,.T.);
#12524=ORIENTED_EDGE('',*,*,#12411,.T.);
#12526=ORIENTED_EDGE('',*,*,#12525,.T.);
#12527=EDGE_LOOP('',(#12522,#12523,#12524,#12526));
#12528=FACE_OUTER_BOUND('',#12527,.F.);
#12529=ADVANCED_FACE('',(#12528),#12520,.T.);
#12530=CARTESIAN_POINT('',(8.4325E0,9.325E-1,-8.03E0));
#12531=DIRECTION('',(0.E0,0.E0,-1.E0));
#12532=DIRECTION('',(0.E0,1.E0,0.E0));
#12533=AXIS2_PLACEMENT_3D('',#12530,#12531,#12532);
#12534=PLANE('',#12533);
#12536=ORIENTED_EDGE('',*,*,#12535,.T.);
#12538=ORIENTED_EDGE('',*,*,#12537,.T.);
#12539=ORIENTED_EDGE('',*,*,#12509,.F.);
#12540=ORIENTED_EDGE('',*,*,#12521,.T.);
#12541=EDGE_LOOP('',(#12536,#12538,#12539,#12540));
#12542=FACE_OUTER_BOUND('',#12541,.F.);
#12543=ADVANCED_FACE('',(#12542),#12534,.T.);
#12544=CARTESIAN_POINT('',(8.75E0,1.4925E0,-7.59E0));
#12545=DIRECTION('',(0.E0,9.857817160344E-1,-1.680309743240E-1));
#12546=DIRECTION('',(0.E0,-1.680309743240E-1,-9.857817160344E-1));
#12547=AXIS2_PLACEMENT_3D('',#12544,#12545,#12546);
#12548=PLANE('',#12547);
#12549=ORIENTED_EDGE('',*,*,#12383,.T.);
#12551=ORIENTED_EDGE('',*,*,#12550,.F.);
#12552=ORIENTED_EDGE('',*,*,#12535,.F.);
#12553=ORIENTED_EDGE('',*,*,#12525,.F.);
#12554=EDGE_LOOP('',(#12549,#12551,#12552,#12553));
#12555=FACE_OUTER_BOUND('',#12554,.F.);
#12556=ADVANCED_FACE('',(#12555),#12548,.T.);
#12557=CARTESIAN_POINT('',(8.5075E0,1.25E0,-7.59E0));
#12558=DIRECTION('',(-9.857817160344E-1,0.E0,-1.680309743240E-1));
#12559=DIRECTION('',(1.680309743240E-1,0.E0,-9.857817160344E-1));
#12560=AXIS2_PLACEMENT_3D('',#12557,#12558,#12559);
#12561=PLANE('',#12560);
#12562=ORIENTED_EDGE('',*,*,#12281,.T.);
#12563=ORIENTED_EDGE('',*,*,#12511,.F.);
#12564=ORIENTED_EDGE('',*,*,#12537,.F.);
#12565=ORIENTED_EDGE('',*,*,#12550,.T.);
#12566=EDGE_LOOP('',(#12562,#12563,#12564,#12565));
#12567=FACE_OUTER_BOUND('',#12566,.F.);
#12568=ADVANCED_FACE('',(#12567),#12561,.T.);
#12569=CARTESIAN_POINT('',(8.9925E0,-1.25E0,-7.59E0));
#12570=DIRECTION('',(9.857817160344E-1,0.E0,-1.680309743240E-1));
#12571=DIRECTION('',(-1.680309743240E-1,0.E0,-9.857817160344E-1));
#12572=AXIS2_PLACEMENT_3D('',#12569,#12570,#12571);
#12573=PLANE('',#12572);
#12575=ORIENTED_EDGE('',*,*,#12574,.F.);
#12577=ORIENTED_EDGE('',*,*,#12576,.T.);
#12578=ORIENTED_EDGE('',*,*,#12425,.T.);
#12580=ORIENTED_EDGE('',*,*,#12579,.T.);
#12581=EDGE_LOOP('',(#12575,#12577,#12578,#12580));
#12582=FACE_OUTER_BOUND('',#12581,.F.);
#12583=ADVANCED_FACE('',(#12582),#12573,.T.);
#12584=CARTESIAN_POINT('',(8.4325E0,-1.5675E0,-8.03E0));
#12585=DIRECTION('',(0.E0,0.E0,-1.E0));
#12586=DIRECTION('',(0.E0,1.E0,0.E0));
#12587=AXIS2_PLACEMENT_3D('',#12584,#12585,#12586);
#12588=PLANE('',#12587);
#12590=ORIENTED_EDGE('',*,*,#12589,.T.);
#12592=ORIENTED_EDGE('',*,*,#12591,.T.);
#12594=ORIENTED_EDGE('',*,*,#12593,.F.);
#12595=ORIENTED_EDGE('',*,*,#12574,.T.);
#12596=EDGE_LOOP('',(#12590,#12592,#12594,#12595));
#12597=FACE_OUTER_BOUND('',#12596,.F.);
#12598=ADVANCED_FACE('',(#12597),#12588,.T.);
#12599=CARTESIAN_POINT('',(8.75E0,-1.0075E0,-7.59E0));
#12600=DIRECTION('',(0.E0,9.857817160344E-1,-1.680309743240E-1));
#12601=DIRECTION('',(0.E0,-1.680309743240E-1,-9.857817160344E-1));
#12602=AXIS2_PLACEMENT_3D('',#12599,#12600,#12601);
#12603=PLANE('',#12602);
#12605=ORIENTED_EDGE('',*,*,#12604,.T.);
#12607=ORIENTED_EDGE('',*,*,#12606,.F.);
#12608=ORIENTED_EDGE('',*,*,#12589,.F.);
#12609=ORIENTED_EDGE('',*,*,#12579,.F.);
#12610=EDGE_LOOP('',(#12605,#12607,#12608,#12609));
#12611=FACE_OUTER_BOUND('',#12610,.F.);
#12612=ADVANCED_FACE('',(#12611),#12603,.T.);
#12613=CARTESIAN_POINT('',(8.4325E0,-9.325E-1,-8.03E0));
#12614=DIRECTION('',(0.E0,1.E0,0.E0));
#12615=DIRECTION('',(0.E0,0.E0,1.E0));
#12616=AXIS2_PLACEMENT_3D('',#12613,#12614,#12615);
#12617=PLANE('',#12616);
#12618=ORIENTED_EDGE('',*,*,#12604,.F.);
#12619=ORIENTED_EDGE('',*,*,#12430,.T.);
#12620=ORIENTED_EDGE('',*,*,#6297,.F.);
#12621=ORIENTED_EDGE('',*,*,#12298,.F.);
#12622=EDGE_LOOP('',(#12618,#12619,#12620,#12621));
#12623=FACE_OUTER_BOUND('',#12622,.F.);
#12624=ADVANCED_FACE('',(#12623),#12617,.T.);
#12625=CARTESIAN_POINT('',(8.4325E0,-9.325E-1,-8.03E0));
#12626=DIRECTION('',(0.E0,1.E0,0.E0));
#12627=DIRECTION('',(0.E0,0.E0,1.E0));
#12628=AXIS2_PLACEMENT_3D('',#12625,#12626,#12627);
#12629=PLANE('',#12628);
#12631=ORIENTED_EDGE('',*,*,#12630,.T.);
#12632=ORIENTED_EDGE('',*,*,#12316,.F.);
#12633=ORIENTED_EDGE('',*,*,#12256,.T.);
#12634=ORIENTED_EDGE('',*,*,#12442,.T.);
#12635=EDGE_LOOP('',(#12631,#12632,#12633,#12634));
#12636=FACE_OUTER_BOUND('',#12635,.F.);
#12637=ADVANCED_FACE('',(#12636),#12629,.T.);
#12638=CARTESIAN_POINT('',(8.75E0,-1.0075E0,2.33E0));
#12639=DIRECTION('',(0.E0,9.857817160344E-1,1.680309743240E-1));
#12640=DIRECTION('',(0.E0,1.680309743240E-1,-9.857817160344E-1));
#12641=AXIS2_PLACEMENT_3D('',#12638,#12639,#12640);
#12642=PLANE('',#12641);
#12643=ORIENTED_EDGE('',*,*,#12630,.F.);
#12645=ORIENTED_EDGE('',*,*,#12644,.F.);
#12647=ORIENTED_EDGE('',*,*,#12646,.T.);
#12649=ORIENTED_EDGE('',*,*,#12648,.T.);
#12650=EDGE_LOOP('',(#12643,#12645,#12647,#12649));
#12651=FACE_OUTER_BOUND('',#12650,.F.);
#12652=ADVANCED_FACE('',(#12651),#12642,.T.);
#12653=CARTESIAN_POINT('',(8.9925E0,-1.25E0,2.33E0));
#12654=DIRECTION('',(9.857817160344E-1,0.E0,1.680309743240E-1));
#12655=DIRECTION('',(-1.680309743240E-1,0.E0,9.857817160344E-1));
#12656=AXIS2_PLACEMENT_3D('',#12653,#12654,#12655);
#12657=PLANE('',#12656);
#12659=ORIENTED_EDGE('',*,*,#12658,.F.);
#12660=ORIENTED_EDGE('',*,*,#12644,.T.);
#12661=ORIENTED_EDGE('',*,*,#12440,.T.);
#12663=ORIENTED_EDGE('',*,*,#12662,.F.);
#12664=EDGE_LOOP('',(#12659,#12660,#12661,#12663));
#12665=FACE_OUTER_BOUND('',#12664,.F.);
#12666=ADVANCED_FACE('',(#12665),#12657,.T.);
#12667=CARTESIAN_POINT('',(8.4325E0,-9.325E-1,2.77E0));
#12668=DIRECTION('',(0.E0,0.E0,1.E0));
#12669=DIRECTION('',(0.E0,-1.E0,0.E0));
#12670=AXIS2_PLACEMENT_3D('',#12667,#12668,#12669);
#12671=PLANE('',#12670);
#12673=ORIENTED_EDGE('',*,*,#12672,.T.);
#12675=ORIENTED_EDGE('',*,*,#12674,.T.);
#12676=ORIENTED_EDGE('',*,*,#12646,.F.);
#12677=ORIENTED_EDGE('',*,*,#12658,.T.);
#12678=EDGE_LOOP('',(#12673,#12675,#12676,#12677));
#12679=FACE_OUTER_BOUND('',#12678,.F.);
#12680=ADVANCED_FACE('',(#12679),#12671,.T.);
#12681=CARTESIAN_POINT('',(8.75E0,-1.4925E0,2.33E0));
#12682=DIRECTION('',(0.E0,-9.857817160344E-1,1.680309743240E-1));
#12683=DIRECTION('',(0.E0,1.680309743240E-1,9.857817160344E-1));
#12684=AXIS2_PLACEMENT_3D('',#12681,#12682,#12683);
#12685=PLANE('',#12684);
#12687=ORIENTED_EDGE('',*,*,#12686,.T.);
#12689=ORIENTED_EDGE('',*,*,#12688,.F.);
#12690=ORIENTED_EDGE('',*,*,#12672,.F.);
#12691=ORIENTED_EDGE('',*,*,#12662,.T.);
#12692=EDGE_LOOP('',(#12687,#12689,#12690,#12691));
#12693=FACE_OUTER_BOUND('',#12692,.F.);
#12694=ADVANCED_FACE('',(#12693),#12685,.T.);
#12695=CARTESIAN_POINT('',(8.4325E0,-1.5675E0,2.77E0));
#12696=DIRECTION('',(0.E0,-1.E0,0.E0));
#12697=DIRECTION('',(0.E0,0.E0,-1.E0));
#12698=AXIS2_PLACEMENT_3D('',#12695,#12696,#12697);
#12699=PLANE('',#12698);
#12701=ORIENTED_EDGE('',*,*,#12700,.T.);
#12702=ORIENTED_EDGE('',*,*,#12301,.F.);
#12703=ORIENTED_EDGE('',*,*,#6301,.T.);
#12704=ORIENTED_EDGE('',*,*,#12427,.T.);
#12705=EDGE_LOOP('',(#12701,#12702,#12703,#12704));
#12706=FACE_OUTER_BOUND('',#12705,.F.);
#12707=ADVANCED_FACE('',(#12706),#12699,.T.);
#12708=CARTESIAN_POINT('',(8.4325E0,-1.5675E0,2.77E0));
#12709=DIRECTION('',(0.E0,-1.E0,0.E0));
#12710=DIRECTION('',(0.E0,0.E0,-1.E0));
#12711=AXIS2_PLACEMENT_3D('',#12708,#12709,#12710);
#12712=PLANE('',#12711);
#12713=ORIENTED_EDGE('',*,*,#12686,.F.);
#12714=ORIENTED_EDGE('',*,*,#12445,.T.);
#12715=ORIENTED_EDGE('',*,*,#12252,.F.);
#12716=ORIENTED_EDGE('',*,*,#12313,.F.);
#12717=EDGE_LOOP('',(#12713,#12714,#12715,#12716));
#12718=FACE_OUTER_BOUND('',#12717,.F.);
#12719=ADVANCED_FACE('',(#12718),#12712,.T.);
#12720=CARTESIAN_POINT('',(8.75E0,-1.4925E0,-7.59E0));
#12721=DIRECTION('',(0.E0,-9.857817160344E-1,-1.680309743240E-1));
#12722=DIRECTION('',(0.E0,-1.680309743240E-1,9.857817160344E-1));
#12723=AXIS2_PLACEMENT_3D('',#12720,#12721,#12722);
#12724=PLANE('',#12723);
#12725=ORIENTED_EDGE('',*,*,#12700,.F.);
#12726=ORIENTED_EDGE('',*,*,#12576,.F.);
#12727=ORIENTED_EDGE('',*,*,#12593,.T.);
#12729=ORIENTED_EDGE('',*,*,#12728,.T.);
#12730=EDGE_LOOP('',(#12725,#12726,#12727,#12729));
#12731=FACE_OUTER_BOUND('',#12730,.F.);
#12732=ADVANCED_FACE('',(#12731),#12724,.T.);
#12733=CARTESIAN_POINT('',(8.5075E0,-1.25E0,-7.59E0));
#12734=DIRECTION('',(-9.857817160344E-1,0.E0,-1.680309743240E-1));
#12735=DIRECTION('',(1.680309743240E-1,0.E0,-9.857817160344E-1));
#12736=AXIS2_PLACEMENT_3D('',#12733,#12734,#12735);
#12737=PLANE('',#12736);
#12738=ORIENTED_EDGE('',*,*,#12296,.T.);
#12739=ORIENTED_EDGE('',*,*,#12728,.F.);
#12740=ORIENTED_EDGE('',*,*,#12591,.F.);
#12741=ORIENTED_EDGE('',*,*,#12606,.T.);
#12742=EDGE_LOOP('',(#12738,#12739,#12740,#12741));
#12743=FACE_OUTER_BOUND('',#12742,.F.);
#12744=ADVANCED_FACE('',(#12743),#12737,.T.);
#12745=CARTESIAN_POINT('',(8.5075E0,-1.25E0,2.33E0));
#12746=DIRECTION('',(-9.857817160344E-1,0.E0,1.680309743240E-1));
#12747=DIRECTION('',(1.680309743240E-1,0.E0,9.857817160344E-1));
#12748=AXIS2_PLACEMENT_3D('',#12745,#12746,#12747);
#12749=PLANE('',#12748);
#12750=ORIENTED_EDGE('',*,*,#12311,.T.);
#12751=ORIENTED_EDGE('',*,*,#12648,.F.);
#12752=ORIENTED_EDGE('',*,*,#12674,.F.);
#12753=ORIENTED_EDGE('',*,*,#12688,.T.);
#12754=EDGE_LOOP('',(#12750,#12751,#12752,#12753));
#12755=FACE_OUTER_BOUND('',#12754,.F.);
#12756=ADVANCED_FACE('',(#12755),#12749,.T.);
#12757=CARTESIAN_POINT('',(-1.047E1,-2.39E0,-4.23E0));
#12758=DIRECTION('',(0.E0,1.E0,0.E0));
#12759=DIRECTION('',(1.E0,0.E0,0.E0));
#12760=AXIS2_PLACEMENT_3D('',#12757,#12758,#12759);
#12761=PLANE('',#12760);
#12762=ORIENTED_EDGE('',*,*,#6274,.F.);
#12763=ORIENTED_EDGE('',*,*,#6854,.T.);
#12764=ORIENTED_EDGE('',*,*,#6659,.T.);
#12766=ORIENTED_EDGE('',*,*,#12765,.F.);
#12767=EDGE_LOOP('',(#12762,#12763,#12764,#12766));
#12768=FACE_OUTER_BOUND('',#12767,.F.);
#12769=ADVANCED_FACE('',(#12768),#12761,.T.);
#12770=CARTESIAN_POINT('',(-9.67E0,-2.39E0,-4.23E0));
#12771=DIRECTION('',(1.E0,0.E0,0.E0));
#12772=DIRECTION('',(0.E0,-1.E0,0.E0));
#12773=AXIS2_PLACEMENT_3D('',#12770,#12771,#12772);
#12774=PLANE('',#12773);
#12775=ORIENTED_EDGE('',*,*,#6276,.T.);
#12776=ORIENTED_EDGE('',*,*,#12765,.T.);
#12777=ORIENTED_EDGE('',*,*,#6664,.T.);
#12778=ORIENTED_EDGE('',*,*,#6232,.F.);
#12779=EDGE_LOOP('',(#12775,#12776,#12777,#12778));
#12780=FACE_OUTER_BOUND('',#12779,.F.);
#12781=ADVANCED_FACE('',(#12780),#12774,.T.);
#12782=CARTESIAN_POINT('',(0.E0,-1.71E0,0.E0));
#12783=DIRECTION('',(0.E0,1.E0,0.E0));
#12784=DIRECTION('',(1.E0,0.E0,0.E0));
#12785=AXIS2_PLACEMENT_3D('',#12782,#12783,#12784);
#12786=PLANE('',#12785);
#12787=ORIENTED_EDGE('',*,*,#6857,.T.);
#12788=ORIENTED_EDGE('',*,*,#6270,.T.);
#12789=ORIENTED_EDGE('',*,*,#6788,.T.);
#12790=ORIENTED_EDGE('',*,*,#6806,.T.);
#12791=EDGE_LOOP('',(#12787,#12788,#12789,#12790));
#12792=FACE_OUTER_BOUND('',#12791,.F.);
#12793=ADVANCED_FACE('',(#12792),#12786,.F.);
#12794=CARTESIAN_POINT('',(0.E0,-1.71E0,0.E0));
#12795=DIRECTION('',(0.E0,1.E0,0.E0));
#12796=DIRECTION('',(1.E0,0.E0,0.E0));
#12797=AXIS2_PLACEMENT_3D('',#12794,#12795,#12796);
#12798=PLANE('',#12797);
#12799=ORIENTED_EDGE('',*,*,#6696,.F.);
#12800=ORIENTED_EDGE('',*,*,#6732,.T.);
#12802=ORIENTED_EDGE('',*,*,#12801,.T.);
#12803=ORIENTED_EDGE('',*,*,#6285,.T.);
#12804=EDGE_LOOP('',(#12799,#12800,#12802,#12803));
#12805=FACE_OUTER_BOUND('',#12804,.F.);
#12806=ADVANCED_FACE('',(#12805),#12798,.F.);
#12807=CARTESIAN_POINT('',(1.183E1,2.99E0,-1.01E0));
#12808=DIRECTION('',(1.E0,0.E0,0.E0));
#12809=DIRECTION('',(0.E0,0.E0,-1.E0));
#12810=AXIS2_PLACEMENT_3D('',#12807,#12808,#12809);
#12811=PLANE('',#12810);
#12812=ORIENTED_EDGE('',*,*,#6771,.T.);
#12813=ORIENTED_EDGE('',*,*,#6718,.F.);
#12814=ORIENTED_EDGE('',*,*,#6544,.T.);
#12815=ORIENTED_EDGE('',*,*,#6287,.T.);
#12816=ORIENTED_EDGE('',*,*,#12801,.F.);
#12817=ORIENTED_EDGE('',*,*,#6730,.F.);
#12818=EDGE_LOOP('',(#12812,#12813,#12814,#12815,#12816,#12817));
#12819=FACE_OUTER_BOUND('',#12818,.F.);
#12820=ADVANCED_FACE('',(#12819),#12811,.T.);
#12821=CARTESIAN_POINT('',(1.047E1,-1.11E0,4.23E0));
#12822=DIRECTION('',(0.E0,-1.E0,0.E0));
#12823=DIRECTION('',(1.E0,0.E0,0.E0));
#12824=AXIS2_PLACEMENT_3D('',#12821,#12822,#12823);
#12825=PLANE('',#12824);
#12826=ORIENTED_EDGE('',*,*,#6728,.F.);
#12827=ORIENTED_EDGE('',*,*,#6692,.T.);
#12828=ORIENTED_EDGE('',*,*,#6773,.T.);
#12829=EDGE_LOOP('',(#12826,#12827,#12828));
#12830=FACE_OUTER_BOUND('',#12829,.F.);
#12831=ADVANCED_FACE('',(#12830),#12825,.F.);
#12832=CARTESIAN_POINT('',(9.67E0,-2.39E0,-4.23E0));
#12833=DIRECTION('',(0.E0,1.E0,0.E0));
#12834=DIRECTION('',(1.E0,0.E0,0.E0));
#12835=AXIS2_PLACEMENT_3D('',#12832,#12833,#12834);
#12836=PLANE('',#12835);
#12837=ORIENTED_EDGE('',*,*,#6281,.F.);
#12839=ORIENTED_EDGE('',*,*,#12838,.T.);
#12840=ORIENTED_EDGE('',*,*,#6646,.T.);
#12841=ORIENTED_EDGE('',*,*,#6699,.F.);
#12842=EDGE_LOOP('',(#12837,#12839,#12840,#12841));
#12843=FACE_OUTER_BOUND('',#12842,.F.);
#12844=ADVANCED_FACE('',(#12843),#12836,.T.);
#12845=CARTESIAN_POINT('',(9.67E0,-2.99E0,-4.23E0));
#12846=DIRECTION('',(-1.E0,0.E0,0.E0));
#12847=DIRECTION('',(0.E0,1.E0,0.E0));
#12848=AXIS2_PLACEMENT_3D('',#12845,#12846,#12847);
#12849=PLANE('',#12848);
#12850=ORIENTED_EDGE('',*,*,#6279,.F.);
#12851=ORIENTED_EDGE('',*,*,#6244,.T.);
#12852=ORIENTED_EDGE('',*,*,#6648,.T.);
#12853=ORIENTED_EDGE('',*,*,#12838,.F.);
#12854=EDGE_LOOP('',(#12850,#12851,#12852,#12853));
#12855=FACE_OUTER_BOUND('',#12854,.F.);
#12856=ADVANCED_FACE('',(#12855),#12849,.T.);
#12857=CARTESIAN_POINT('',(1.067E1,0.E0,0.E0));
#12858=DIRECTION('',(1.E0,0.E0,0.E0));
#12859=DIRECTION('',(0.E0,-1.E0,0.E0));
#12860=AXIS2_PLACEMENT_3D('',#12857,#12858,#12859);
#12861=PLANE('',#12860);
#12862=ORIENTED_EDGE('',*,*,#6455,.T.);
#12864=ORIENTED_EDGE('',*,*,#12863,.T.);
#12866=ORIENTED_EDGE('',*,*,#12865,.T.);
#12868=ORIENTED_EDGE('',*,*,#12867,.T.);
#12870=ORIENTED_EDGE('',*,*,#12869,.T.);
#12872=ORIENTED_EDGE('',*,*,#12871,.T.);
#12874=ORIENTED_EDGE('',*,*,#12873,.T.);
#12876=ORIENTED_EDGE('',*,*,#12875,.T.);
#12878=ORIENTED_EDGE('',*,*,#12877,.T.);
#12880=ORIENTED_EDGE('',*,*,#12879,.T.);
#12882=ORIENTED_EDGE('',*,*,#12881,.T.);
#12884=ORIENTED_EDGE('',*,*,#12883,.T.);
#12886=ORIENTED_EDGE('',*,*,#12885,.T.);
#12887=EDGE_LOOP('',(#12862,#12864,#12866,#12868,#12870,#12872,#12874,#12876,
#12878,#12880,#12882,#12884,#12886));
#12888=FACE_OUTER_BOUND('',#12887,.F.);
#12889=ADVANCED_FACE('',(#12888),#12861,.F.);
#12890=CARTESIAN_POINT('',(1.067E1,0.E0,0.E0));
#12891=DIRECTION('',(1.E0,0.E0,0.E0));
#12892=DIRECTION('',(0.E0,-1.E0,0.E0));
#12893=AXIS2_PLACEMENT_3D('',#12890,#12891,#12892);
#12894=PLANE('',#12893);
#12895=ORIENTED_EDGE('',*,*,#6465,.T.);
#12897=ORIENTED_EDGE('',*,*,#12896,.T.);
#12899=ORIENTED_EDGE('',*,*,#12898,.T.);
#12901=ORIENTED_EDGE('',*,*,#12900,.T.);
#12903=ORIENTED_EDGE('',*,*,#12902,.T.);
#12905=ORIENTED_EDGE('',*,*,#12904,.T.);
#12907=ORIENTED_EDGE('',*,*,#12906,.T.);
#12909=ORIENTED_EDGE('',*,*,#12908,.T.);
#12911=ORIENTED_EDGE('',*,*,#12910,.T.);
#12913=ORIENTED_EDGE('',*,*,#12912,.T.);
#12915=ORIENTED_EDGE('',*,*,#12914,.T.);
#12917=ORIENTED_EDGE('',*,*,#12916,.T.);
#12919=ORIENTED_EDGE('',*,*,#12918,.T.);
#12920=EDGE_LOOP('',(#12895,#12897,#12899,#12901,#12903,#12905,#12907,#12909,
#12911,#12913,#12915,#12917,#12919));
#12921=FACE_OUTER_BOUND('',#12920,.F.);
#12922=ADVANCED_FACE('',(#12921),#12894,.F.);
#12923=CARTESIAN_POINT('',(1.067E1,1.26E0,-3.95E0));
#12924=DIRECTION('',(0.E0,-1.E0,0.E0));
#12925=DIRECTION('',(0.E0,0.E0,-1.E0));
#12926=AXIS2_PLACEMENT_3D('',#12923,#12924,#12925);
#12927=PLANE('',#12926);
#12928=ORIENTED_EDGE('',*,*,#6461,.T.);
#12930=ORIENTED_EDGE('',*,*,#12929,.T.);
#12932=ORIENTED_EDGE('',*,*,#12931,.F.);
#12933=ORIENTED_EDGE('',*,*,#12863,.F.);
#12934=EDGE_LOOP('',(#12928,#12930,#12932,#12933));
#12935=FACE_OUTER_BOUND('',#12934,.F.);
#12936=ADVANCED_FACE('',(#12935),#12927,.T.);
#12937=CARTESIAN_POINT('',(1.117E1,0.E0,0.E0));
#12938=DIRECTION('',(1.E0,0.E0,0.E0));
#12939=DIRECTION('',(0.E0,-1.E0,0.E0));
#12940=AXIS2_PLACEMENT_3D('',#12937,#12938,#12939);
#12941=PLANE('',#12940);
#12942=ORIENTED_EDGE('',*,*,#6459,.F.);
#12944=ORIENTED_EDGE('',*,*,#12943,.F.);
#12946=ORIENTED_EDGE('',*,*,#12945,.F.);
#12948=ORIENTED_EDGE('',*,*,#12947,.F.);
#12950=ORIENTED_EDGE('',*,*,#12949,.F.);
#12952=ORIENTED_EDGE('',*,*,#12951,.F.);
#12954=ORIENTED_EDGE('',*,*,#12953,.F.);
#12956=ORIENTED_EDGE('',*,*,#12955,.F.);
#12958=ORIENTED_EDGE('',*,*,#12957,.F.);
#12960=ORIENTED_EDGE('',*,*,#12959,.F.);
#12962=ORIENTED_EDGE('',*,*,#12961,.F.);
#12964=ORIENTED_EDGE('',*,*,#12963,.F.);
#12965=ORIENTED_EDGE('',*,*,#12929,.F.);
#12966=EDGE_LOOP('',(#12942,#12944,#12946,#12948,#12950,#12952,#12954,#12956,
#12958,#12960,#12962,#12964,#12965));
#12967=FACE_OUTER_BOUND('',#12966,.F.);
#12968=ADVANCED_FACE('',(#12967),#12941,.T.);
#12969=CARTESIAN_POINT('',(1.117E1,0.E0,0.E0));
#12970=DIRECTION('',(1.E0,0.E0,0.E0));
#12971=DIRECTION('',(0.E0,-1.E0,0.E0));
#12972=AXIS2_PLACEMENT_3D('',#12969,#12970,#12971);
#12973=PLANE('',#12972);
#12974=ORIENTED_EDGE('',*,*,#6469,.F.);
#12976=ORIENTED_EDGE('',*,*,#12975,.F.);
#12978=ORIENTED_EDGE('',*,*,#12977,.F.);
#12980=ORIENTED_EDGE('',*,*,#12979,.F.);
#12982=ORIENTED_EDGE('',*,*,#12981,.F.);
#12984=ORIENTED_EDGE('',*,*,#12983,.F.);
#12986=ORIENTED_EDGE('',*,*,#12985,.F.);
#12988=ORIENTED_EDGE('',*,*,#12987,.F.);
#12990=ORIENTED_EDGE('',*,*,#12989,.F.);
#12992=ORIENTED_EDGE('',*,*,#12991,.F.);
#12994=ORIENTED_EDGE('',*,*,#12993,.F.);
#12996=ORIENTED_EDGE('',*,*,#12995,.F.);
#12998=ORIENTED_EDGE('',*,*,#12997,.F.);
#12999=EDGE_LOOP('',(#12974,#12976,#12978,#12980,#12982,#12984,#12986,#12988,
#12990,#12992,#12994,#12996,#12998));
#13000=FACE_OUTER_BOUND('',#12999,.F.);
#13001=ADVANCED_FACE('',(#13000),#12973,.T.);
#13002=CARTESIAN_POINT('',(1.067E1,1.685308803980E0,-4.51E0));
#13003=DIRECTION('',(0.E0,1.E0,0.E0));
#13004=DIRECTION('',(0.E0,0.E0,1.E0));
#13005=AXIS2_PLACEMENT_3D('',#13002,#13003,#13004);
#13006=PLANE('',#13005);
#13007=ORIENTED_EDGE('',*,*,#6457,.F.);
#13008=ORIENTED_EDGE('',*,*,#12885,.F.);
#13010=ORIENTED_EDGE('',*,*,#13009,.T.);
#13011=ORIENTED_EDGE('',*,*,#12943,.T.);
#13012=EDGE_LOOP('',(#13007,#13008,#13010,#13011));
#13013=FACE_OUTER_BOUND('',#13012,.F.);
#13014=ADVANCED_FACE('',(#13013),#13006,.T.);
#13015=CARTESIAN_POINT('',(1.067E1,1.885308803980E0,-4.51E0));
#13016=DIRECTION('',(1.E0,0.E0,0.E0));
#13017=DIRECTION('',(0.E0,-1.E0,0.E0));
#13018=AXIS2_PLACEMENT_3D('',#13015,#13016,#13017);
#13019=CYLINDRICAL_SURFACE('',#13018,2.E-1);
#13020=ORIENTED_EDGE('',*,*,#12883,.F.);
#13022=ORIENTED_EDGE('',*,*,#13021,.T.);
#13023=ORIENTED_EDGE('',*,*,#12945,.T.);
#13024=ORIENTED_EDGE('',*,*,#13009,.F.);
#13025=EDGE_LOOP('',(#13020,#13022,#13023,#13024));
#13026=FACE_OUTER_BOUND('',#13025,.F.);
#13027=ADVANCED_FACE('',(#13026),#13019,.F.);
#13028=CARTESIAN_POINT('',(1.067E1,1.844629528252E0,-7.13E0));
#13029=DIRECTION('',(0.E0,9.981476412592E-1,6.083819728383E-2));
#13030=DIRECTION('',(0.E0,-6.083819728383E-2,9.981476412592E-1));
#13031=AXIS2_PLACEMENT_3D('',#13028,#13029,#13030);
#13032=PLANE('',#13031);
#13033=ORIENTED_EDGE('',*,*,#12881,.F.);
#13035=ORIENTED_EDGE('',*,*,#13034,.T.);
#13036=ORIENTED_EDGE('',*,*,#12947,.T.);
#13037=ORIENTED_EDGE('',*,*,#13021,.F.);
#13038=EDGE_LOOP('',(#13033,#13035,#13036,#13037));
#13039=FACE_OUTER_BOUND('',#13038,.F.);
#13040=ADVANCED_FACE('',(#13039),#13032,.T.);
#13041=CARTESIAN_POINT('',(1.067E1,1.645E0,-7.142167639457E0));
#13042=DIRECTION('',(1.E0,0.E0,0.E0));
#13043=DIRECTION('',(0.E0,-1.E0,0.E0));
#13044=AXIS2_PLACEMENT_3D('',#13041,#13042,#13043);
#13045=CYLINDRICAL_SURFACE('',#13044,2.E-1);
#13046=ORIENTED_EDGE('',*,*,#12879,.F.);
#13048=ORIENTED_EDGE('',*,*,#13047,.T.);
#13049=ORIENTED_EDGE('',*,*,#12949,.T.);
#13050=ORIENTED_EDGE('',*,*,#13034,.F.);
#13051=EDGE_LOOP('',(#13046,#13048,#13049,#13050));
#13052=FACE_OUTER_BOUND('',#13051,.F.);
#13053=ADVANCED_FACE('',(#13052),#13045,.T.);
#13054=CARTESIAN_POINT('',(1.067E1,1.36E0,-8.03E0));
#13055=DIRECTION('',(0.E0,8.644288992183E-1,-5.027550876881E-1));
#13056=DIRECTION('',(0.E0,5.027550876881E-1,8.644288992183E-1));
#13057=AXIS2_PLACEMENT_3D('',#13054,#13055,#13056);
#13058=PLANE('',#13057);
#13059=ORIENTED_EDGE('',*,*,#12877,.F.);
#13061=ORIENTED_EDGE('',*,*,#13060,.T.);
#13062=ORIENTED_EDGE('',*,*,#12951,.T.);
#13063=ORIENTED_EDGE('',*,*,#13047,.F.);
#13064=EDGE_LOOP('',(#13059,#13061,#13062,#13063));
#13065=FACE_OUTER_BOUND('',#13064,.F.);
#13066=ADVANCED_FACE('',(#13065),#13058,.T.);
#13067=CARTESIAN_POINT('',(1.067E1,1.16E0,-8.03E0));
#13068=DIRECTION('',(0.E0,0.E0,-1.E0));
#13069=DIRECTION('',(0.E0,1.E0,0.E0));
#13070=AXIS2_PLACEMENT_3D('',#13067,#13068,#13069);
#13071=PLANE('',#13070);
#13072=ORIENTED_EDGE('',*,*,#12875,.F.);
#13074=ORIENTED_EDGE('',*,*,#13073,.T.);
#13075=ORIENTED_EDGE('',*,*,#12953,.T.);
#13076=ORIENTED_EDGE('',*,*,#13060,.F.);
#13077=EDGE_LOOP('',(#13072,#13074,#13075,#13076));
#13078=FACE_OUTER_BOUND('',#13077,.F.);
#13079=ADVANCED_FACE('',(#13078),#13071,.T.);
#13080=CARTESIAN_POINT('',(1.067E1,1.16E0,-7.142167639457E0));
#13081=DIRECTION('',(0.E0,-1.E0,0.E0));
#13082=DIRECTION('',(0.E0,0.E0,-1.E0));
#13083=AXIS2_PLACEMENT_3D('',#13080,#13081,#13082);
#13084=PLANE('',#13083);
#13085=ORIENTED_EDGE('',*,*,#12873,.F.);
#13087=ORIENTED_EDGE('',*,*,#13086,.T.);
#13088=ORIENTED_EDGE('',*,*,#12955,.T.);
#13089=ORIENTED_EDGE('',*,*,#13073,.F.);
#13090=EDGE_LOOP('',(#13085,#13087,#13088,#13089));
#13091=FACE_OUTER_BOUND('',#13090,.F.);
#13092=ADVANCED_FACE('',(#13091),#13084,.T.);
#13093=CARTESIAN_POINT('',(1.067E1,1.76E0,-7.142167639457E0));
#13094=DIRECTION('',(1.E0,0.E0,0.E0));
#13095=DIRECTION('',(0.E0,-1.E0,0.E0));
#13096=AXIS2_PLACEMENT_3D('',#13093,#13094,#13095);
#13097=CYLINDRICAL_SURFACE('',#13096,6.E-1);
#13098=ORIENTED_EDGE('',*,*,#12871,.F.);
#13100=ORIENTED_EDGE('',*,*,#13099,.T.);
#13101=ORIENTED_EDGE('',*,*,#12957,.T.);
#13102=ORIENTED_EDGE('',*,*,#13086,.F.);
#13103=EDGE_LOOP('',(#13098,#13100,#13101,#13102));
#13104=FACE_OUTER_BOUND('',#13103,.F.);
#13105=ADVANCED_FACE('',(#13104),#13097,.T.);
#13106=CARTESIAN_POINT('',(1.067E1,1.185E0,-6.585952752925E0));
#13107=DIRECTION('',(1.E0,0.E0,0.E0));
#13108=DIRECTION('',(0.E0,-1.E0,0.E0));
#13109=AXIS2_PLACEMENT_3D('',#13106,#13107,#13108);
#13110=CYLINDRICAL_SURFACE('',#13109,2.E-1);
#13111=ORIENTED_EDGE('',*,*,#12869,.F.);
#13113=ORIENTED_EDGE('',*,*,#13112,.T.);
#13114=ORIENTED_EDGE('',*,*,#12959,.T.);
#13115=ORIENTED_EDGE('',*,*,#13099,.F.);
#13116=EDGE_LOOP('',(#13111,#13113,#13114,#13115));
#13117=FACE_OUTER_BOUND('',#13116,.F.);
#13118=ADVANCED_FACE('',(#13117),#13110,.F.);
#13119=CARTESIAN_POINT('',(1.067E1,1.261158296229E0,-4.548042660380E0));
#13120=DIRECTION('',(0.E0,-9.981476412592E-1,-6.083819728383E-2));
#13121=DIRECTION('',(0.E0,6.083819728383E-2,-9.981476412592E-1));
#13122=AXIS2_PLACEMENT_3D('',#13119,#13120,#13121);
#13123=PLANE('',#13122);
#13124=ORIENTED_EDGE('',*,*,#12867,.F.);
#13126=ORIENTED_EDGE('',*,*,#13125,.T.);
#13127=ORIENTED_EDGE('',*,*,#12961,.T.);
#13128=ORIENTED_EDGE('',*,*,#13112,.F.);
#13129=EDGE_LOOP('',(#13124,#13126,#13127,#13128));
#13130=FACE_OUTER_BOUND('',#13129,.F.);
#13131=ADVANCED_FACE('',(#13130),#13123,.T.);
#13132=CARTESIAN_POINT('',(1.067E1,1.885308803980E0,-4.51E0));
#13133=DIRECTION('',(1.E0,0.E0,0.E0));
#13134=DIRECTION('',(0.E0,-1.E0,0.E0));
#13135=AXIS2_PLACEMENT_3D('',#13132,#13133,#13134);
#13136=CYLINDRICAL_SURFACE('',#13135,6.253088039802E-1);
#13137=ORIENTED_EDGE('',*,*,#12865,.F.);
#13138=ORIENTED_EDGE('',*,*,#12931,.T.);
#13139=ORIENTED_EDGE('',*,*,#12963,.T.);
#13140=ORIENTED_EDGE('',*,*,#13125,.F.);
#13141=EDGE_LOOP('',(#13137,#13138,#13139,#13140));
#13142=FACE_OUTER_BOUND('',#13141,.F.);
#13143=ADVANCED_FACE('',(#13142),#13136,.T.);
#13144=CARTESIAN_POINT('',(1.067E1,6.6E-1,-4.51E0));
#13145=DIRECTION('',(0.E0,1.E0,0.E0));
#13146=DIRECTION('',(0.E0,0.E0,1.E0));
#13147=AXIS2_PLACEMENT_3D('',#13144,#13145,#13146);
#13148=PLANE('',#13147);
#13149=ORIENTED_EDGE('',*,*,#6467,.F.);
#13150=ORIENTED_EDGE('',*,*,#12918,.F.);
#13152=ORIENTED_EDGE('',*,*,#13151,.T.);
#13153=ORIENTED_EDGE('',*,*,#12975,.T.);
#13154=EDGE_LOOP('',(#13149,#13150,#13152,#13153));
#13155=FACE_OUTER_BOUND('',#13154,.F.);
#13156=ADVANCED_FACE('',(#13155),#13148,.T.);
#13157=CARTESIAN_POINT('',(1.067E1,3.469119601982E-2,-4.51E0));
#13158=DIRECTION('',(1.E0,0.E0,0.E0));
#13159=DIRECTION('',(0.E0,-1.E0,0.E0));
#13160=AXIS2_PLACEMENT_3D('',#13157,#13158,#13159);
#13161=CYLINDRICAL_SURFACE('',#13160,6.253088039802E-1);
#13162=ORIENTED_EDGE('',*,*,#12916,.F.);
#13164=ORIENTED_EDGE('',*,*,#13163,.T.);
#13165=ORIENTED_EDGE('',*,*,#12977,.T.);
#13166=ORIENTED_EDGE('',*,*,#13151,.F.);
#13167=EDGE_LOOP('',(#13162,#13164,#13165,#13166));
#13168=FACE_OUTER_BOUND('',#13167,.F.);
#13169=ADVANCED_FACE('',(#13168),#13161,.T.);
#13170=CARTESIAN_POINT('',(1.067E1,5.353704717482E-1,-6.573785113468E0));
#13171=DIRECTION('',(0.E0,9.981476412592E-1,-6.083819728383E-2));
#13172=DIRECTION('',(0.E0,6.083819728383E-2,9.981476412592E-1));
#13173=AXIS2_PLACEMENT_3D('',#13170,#13171,#13172);
#13174=PLANE('',#13173);
#13175=ORIENTED_EDGE('',*,*,#12914,.F.);
#13177=ORIENTED_EDGE('',*,*,#13176,.T.);
#13178=ORIENTED_EDGE('',*,*,#12979,.T.);
#13179=ORIENTED_EDGE('',*,*,#13163,.F.);
#13180=EDGE_LOOP('',(#13175,#13177,#13178,#13179));
#13181=FACE_OUTER_BOUND('',#13180,.F.);
#13182=ADVANCED_FACE('',(#13181),#13174,.T.);
#13183=CARTESIAN_POINT('',(1.067E1,7.35E-1,-6.585952752925E0));
#13184=DIRECTION('',(1.E0,0.E0,0.E0));
#13185=DIRECTION('',(0.E0,-1.E0,0.E0));
#13186=AXIS2_PLACEMENT_3D('',#13183,#13184,#13185);
#13187=CYLINDRICAL_SURFACE('',#13186,2.E-1);
#13188=ORIENTED_EDGE('',*,*,#12912,.F.);
#13190=ORIENTED_EDGE('',*,*,#13189,.T.);
#13191=ORIENTED_EDGE('',*,*,#12981,.T.);
#13192=ORIENTED_EDGE('',*,*,#13176,.F.);
#13193=EDGE_LOOP('',(#13188,#13190,#13191,#13192));
#13194=FACE_OUTER_BOUND('',#13193,.F.);
#13195=ADVANCED_FACE('',(#13194),#13187,.F.);
#13196=CARTESIAN_POINT('',(1.067E1,1.6E-1,-7.142167639457E0));
#13197=DIRECTION('',(1.E0,0.E0,0.E0));
#13198=DIRECTION('',(0.E0,-1.E0,0.E0));
#13199=AXIS2_PLACEMENT_3D('',#13196,#13197,#13198);
#13200=CYLINDRICAL_SURFACE('',#13199,6.E-1);
#13201=ORIENTED_EDGE('',*,*,#12910,.F.);
#13203=ORIENTED_EDGE('',*,*,#13202,.T.);
#13204=ORIENTED_EDGE('',*,*,#12983,.T.);
#13205=ORIENTED_EDGE('',*,*,#13189,.F.);
#13206=EDGE_LOOP('',(#13201,#13203,#13204,#13205));
#13207=FACE_OUTER_BOUND('',#13206,.F.);
#13208=ADVANCED_FACE('',(#13207),#13200,.T.);
#13209=CARTESIAN_POINT('',(1.067E1,7.6E-1,-8.03E0));
#13210=DIRECTION('',(0.E0,1.E0,0.E0));
#13211=DIRECTION('',(0.E0,0.E0,1.E0));
#13212=AXIS2_PLACEMENT_3D('',#13209,#13210,#13211);
#13213=PLANE('',#13212);
#13214=ORIENTED_EDGE('',*,*,#12908,.F.);
#13216=ORIENTED_EDGE('',*,*,#13215,.T.);
#13217=ORIENTED_EDGE('',*,*,#12985,.T.);
#13218=ORIENTED_EDGE('',*,*,#13202,.F.);
#13219=EDGE_LOOP('',(#13214,#13216,#13217,#13218));
#13220=FACE_OUTER_BOUND('',#13219,.F.);
#13221=ADVANCED_FACE('',(#13220),#13213,.T.);
#13222=CARTESIAN_POINT('',(1.067E1,5.6E-1,-8.03E0));
#13223=DIRECTION('',(0.E0,0.E0,-1.E0));
#13224=DIRECTION('',(0.E0,1.E0,0.E0));
#13225=AXIS2_PLACEMENT_3D('',#13222,#13223,#13224);
#13226=PLANE('',#13225);
#13227=ORIENTED_EDGE('',*,*,#12906,.F.);
#13229=ORIENTED_EDGE('',*,*,#13228,.T.);
#13230=ORIENTED_EDGE('',*,*,#12987,.T.);
#13231=ORIENTED_EDGE('',*,*,#13215,.F.);
#13232=EDGE_LOOP('',(#13227,#13229,#13230,#13231));
#13233=FACE_OUTER_BOUND('',#13232,.F.);
#13234=ADVANCED_FACE('',(#13233),#13226,.T.);
#13235=CARTESIAN_POINT('',(1.067E1,1.021142201563E-1,-7.242718656994E0));
#13236=DIRECTION('',(0.E0,-8.644288992183E-1,-5.027550876881E-1));
#13237=DIRECTION('',(0.E0,5.027550876881E-1,-8.644288992183E-1));
#13238=AXIS2_PLACEMENT_3D('',#13235,#13236,#13237);
#13239=PLANE('',#13238);
#13240=ORIENTED_EDGE('',*,*,#12904,.F.);
#13242=ORIENTED_EDGE('',*,*,#13241,.T.);
#13243=ORIENTED_EDGE('',*,*,#12989,.T.);
#13244=ORIENTED_EDGE('',*,*,#13228,.F.);
#13245=EDGE_LOOP('',(#13240,#13242,#13243,#13244));
#13246=FACE_OUTER_BOUND('',#13245,.F.);
#13247=ADVANCED_FACE('',(#13246),#13239,.T.);
#13248=CARTESIAN_POINT('',(1.067E1,2.75E-1,-7.142167639457E0));
#13249=DIRECTION('',(1.E0,0.E0,0.E0));
#13250=DIRECTION('',(0.E0,-1.E0,0.E0));
#13251=AXIS2_PLACEMENT_3D('',#13248,#13249,#13250);
#13252=CYLINDRICAL_SURFACE('',#13251,2.E-1);
#13253=ORIENTED_EDGE('',*,*,#12902,.F.);
#13255=ORIENTED_EDGE('',*,*,#13254,.T.);
#13256=ORIENTED_EDGE('',*,*,#12991,.T.);
#13257=ORIENTED_EDGE('',*,*,#13241,.F.);
#13258=EDGE_LOOP('',(#13253,#13255,#13256,#13257));
#13259=FACE_OUTER_BOUND('',#13258,.F.);
#13260=ADVANCED_FACE('',(#13259),#13252,.T.);
#13261=CARTESIAN_POINT('',(1.067E1,2.343207242717E-1,-4.522167639457E0));
#13262=DIRECTION('',(0.E0,-9.981476412592E-1,6.083819728383E-2));
#13263=DIRECTION('',(0.E0,-6.083819728383E-2,-9.981476412592E-1));
#13264=AXIS2_PLACEMENT_3D('',#13261,#13262,#13263);
#13265=PLANE('',#13264);
#13266=ORIENTED_EDGE('',*,*,#12900,.F.);
#13268=ORIENTED_EDGE('',*,*,#13267,.T.);
#13269=ORIENTED_EDGE('',*,*,#12993,.T.);
#13270=ORIENTED_EDGE('',*,*,#13254,.F.);
#13271=EDGE_LOOP('',(#13266,#13268,#13269,#13270));
#13272=FACE_OUTER_BOUND('',#13271,.F.);
#13273=ADVANCED_FACE('',(#13272),#13265,.T.);
#13274=CARTESIAN_POINT('',(1.067E1,3.469119601982E-2,-4.51E0));
#13275=DIRECTION('',(1.E0,0.E0,0.E0));
#13276=DIRECTION('',(0.E0,-1.E0,0.E0));
#13277=AXIS2_PLACEMENT_3D('',#13274,#13275,#13276);
#13278=CYLINDRICAL_SURFACE('',#13277,2.E-1);
#13279=ORIENTED_EDGE('',*,*,#12898,.F.);
#13281=ORIENTED_EDGE('',*,*,#13280,.T.);
#13282=ORIENTED_EDGE('',*,*,#12995,.T.);
#13283=ORIENTED_EDGE('',*,*,#13267,.F.);
#13284=EDGE_LOOP('',(#13279,#13281,#13282,#13283));
#13285=FACE_OUTER_BOUND('',#13284,.F.);
#13286=ADVANCED_FACE('',(#13285),#13278,.F.);
#13287=CARTESIAN_POINT('',(1.067E1,2.346911960198E-1,-3.7E0));
#13288=DIRECTION('',(0.E0,-1.E0,0.E0));
#13289=DIRECTION('',(0.E0,0.E0,-1.E0));
#13290=AXIS2_PLACEMENT_3D('',#13287,#13288,#13289);
#13291=PLANE('',#13290);
#13292=ORIENTED_EDGE('',*,*,#6471,.T.);
#13293=ORIENTED_EDGE('',*,*,#12997,.T.);
#13294=ORIENTED_EDGE('',*,*,#13280,.F.);
#13295=ORIENTED_EDGE('',*,*,#12896,.F.);
#13296=EDGE_LOOP('',(#13292,#13293,#13294,#13295));
#13297=FACE_OUTER_BOUND('',#13296,.F.);
#13298=ADVANCED_FACE('',(#13297),#13291,.T.);
#13299=CARTESIAN_POINT('',(-1.067E1,0.E0,0.E0));
#13300=DIRECTION('',(1.E0,0.E0,0.E0));
#13301=DIRECTION('',(0.E0,-1.E0,0.E0));
#13302=AXIS2_PLACEMENT_3D('',#13299,#13300,#13301);
#13303=PLANE('',#13302);
#13305=ORIENTED_EDGE('',*,*,#13304,.F.);
#13306=ORIENTED_EDGE('',*,*,#6475,.F.);
#13308=ORIENTED_EDGE('',*,*,#13307,.F.);
#13310=ORIENTED_EDGE('',*,*,#13309,.F.);
#13312=ORIENTED_EDGE('',*,*,#13311,.F.);
#13314=ORIENTED_EDGE('',*,*,#13313,.F.);
#13316=ORIENTED_EDGE('',*,*,#13315,.F.);
#13318=ORIENTED_EDGE('',*,*,#13317,.F.);
#13320=ORIENTED_EDGE('',*,*,#13319,.F.);
#13322=ORIENTED_EDGE('',*,*,#13321,.F.);
#13324=ORIENTED_EDGE('',*,*,#13323,.F.);
#13326=ORIENTED_EDGE('',*,*,#13325,.F.);
#13328=ORIENTED_EDGE('',*,*,#13327,.F.);
#13329=EDGE_LOOP('',(#13305,#13306,#13308,#13310,#13312,#13314,#13316,#13318,
#13320,#13322,#13324,#13326,#13328));
#13330=FACE_OUTER_BOUND('',#13329,.F.);
#13331=ADVANCED_FACE('',(#13330),#13303,.T.);
#13332=CARTESIAN_POINT('',(-1.067E1,0.E0,0.E0));
#13333=DIRECTION('',(1.E0,0.E0,0.E0));
#13334=DIRECTION('',(0.E0,-1.E0,0.E0));
#13335=AXIS2_PLACEMENT_3D('',#13332,#13333,#13334);
#13336=PLANE('',#13335);
#13338=ORIENTED_EDGE('',*,*,#13337,.F.);
#13339=ORIENTED_EDGE('',*,*,#6485,.F.);
#13341=ORIENTED_EDGE('',*,*,#13340,.F.);
#13343=ORIENTED_EDGE('',*,*,#13342,.F.);
#13345=ORIENTED_EDGE('',*,*,#13344,.F.);
#13347=ORIENTED_EDGE('',*,*,#13346,.F.);
#13349=ORIENTED_EDGE('',*,*,#13348,.F.);
#13351=ORIENTED_EDGE('',*,*,#13350,.F.);
#13353=ORIENTED_EDGE('',*,*,#13352,.F.);
#13355=ORIENTED_EDGE('',*,*,#13354,.F.);
#13357=ORIENTED_EDGE('',*,*,#13356,.F.);
#13359=ORIENTED_EDGE('',*,*,#13358,.F.);
#13361=ORIENTED_EDGE('',*,*,#13360,.F.);
#13362=EDGE_LOOP('',(#13338,#13339,#13341,#13343,#13345,#13347,#13349,#13351,
#13353,#13355,#13357,#13359,#13361));
#13363=FACE_OUTER_BOUND('',#13362,.F.);
#13364=ADVANCED_FACE('',(#13363),#13336,.T.);
#13365=CARTESIAN_POINT('',(-1.067E1,1.26E0,-3.95E0));
#13366=DIRECTION('',(0.E0,1.E0,0.E0));
#13367=DIRECTION('',(0.E0,0.E0,-1.E0));
#13368=AXIS2_PLACEMENT_3D('',#13365,#13366,#13367);
#13369=PLANE('',#13368);
#13370=ORIENTED_EDGE('',*,*,#13304,.T.);
#13372=ORIENTED_EDGE('',*,*,#13371,.T.);
#13374=ORIENTED_EDGE('',*,*,#13373,.F.);
#13375=ORIENTED_EDGE('',*,*,#6477,.F.);
#13376=EDGE_LOOP('',(#13370,#13372,#13374,#13375));
#13377=FACE_OUTER_BOUND('',#13376,.F.);
#13378=ADVANCED_FACE('',(#13377),#13369,.F.);
#13379=CARTESIAN_POINT('',(-1.067E1,1.885308803980E0,-4.51E0));
#13380=DIRECTION('',(1.E0,0.E0,0.E0));
#13381=DIRECTION('',(0.E0,-1.E0,0.E0));
#13382=AXIS2_PLACEMENT_3D('',#13379,#13380,#13381);
#13383=CYLINDRICAL_SURFACE('',#13382,6.253088039802E-1);
#13384=ORIENTED_EDGE('',*,*,#13327,.T.);
#13386=ORIENTED_EDGE('',*,*,#13385,.T.);
#13388=ORIENTED_EDGE('',*,*,#13387,.F.);
#13389=ORIENTED_EDGE('',*,*,#13371,.F.);
#13390=EDGE_LOOP('',(#13384,#13386,#13388,#13389));
#13391=FACE_OUTER_BOUND('',#13390,.F.);
#13392=ADVANCED_FACE('',(#13391),#13383,.T.);
#13393=CARTESIAN_POINT('',(-1.067E1,1.261158296229E0,-4.548042660380E0));
#13394=DIRECTION('',(0.E0,9.981476412592E-1,6.083819728383E-2));
#13395=DIRECTION('',(0.E0,6.083819728383E-2,-9.981476412592E-1));
#13396=AXIS2_PLACEMENT_3D('',#13393,#13394,#13395);
#13397=PLANE('',#13396);
#13398=ORIENTED_EDGE('',*,*,#13325,.T.);
#13400=ORIENTED_EDGE('',*,*,#13399,.T.);
#13402=ORIENTED_EDGE('',*,*,#13401,.F.);
#13403=ORIENTED_EDGE('',*,*,#13385,.F.);
#13404=EDGE_LOOP('',(#13398,#13400,#13402,#13403));
#13405=FACE_OUTER_BOUND('',#13404,.F.);
#13406=ADVANCED_FACE('',(#13405),#13397,.F.);
#13407=CARTESIAN_POINT('',(-1.067E1,1.185E0,-6.585952752925E0));
#13408=DIRECTION('',(1.E0,0.E0,0.E0));
#13409=DIRECTION('',(0.E0,-1.E0,0.E0));
#13410=AXIS2_PLACEMENT_3D('',#13407,#13408,#13409);
#13411=CYLINDRICAL_SURFACE('',#13410,2.E-1);
#13412=ORIENTED_EDGE('',*,*,#13323,.T.);
#13414=ORIENTED_EDGE('',*,*,#13413,.T.);
#13416=ORIENTED_EDGE('',*,*,#13415,.F.);
#13417=ORIENTED_EDGE('',*,*,#13399,.F.);
#13418=EDGE_LOOP('',(#13412,#13414,#13416,#13417));
#13419=FACE_OUTER_BOUND('',#13418,.F.);
#13420=ADVANCED_FACE('',(#13419),#13411,.F.);
#13421=CARTESIAN_POINT('',(-1.067E1,1.76E0,-7.142167639457E0));
#13422=DIRECTION('',(1.E0,0.E0,0.E0));
#13423=DIRECTION('',(0.E0,-1.E0,0.E0));
#13424=AXIS2_PLACEMENT_3D('',#13421,#13422,#13423);
#13425=CYLINDRICAL_SURFACE('',#13424,6.E-1);
#13426=ORIENTED_EDGE('',*,*,#13321,.T.);
#13428=ORIENTED_EDGE('',*,*,#13427,.T.);
#13430=ORIENTED_EDGE('',*,*,#13429,.F.);
#13431=ORIENTED_EDGE('',*,*,#13413,.F.);
#13432=EDGE_LOOP('',(#13426,#13428,#13430,#13431));
#13433=FACE_OUTER_BOUND('',#13432,.F.);
#13434=ADVANCED_FACE('',(#13433),#13425,.T.);
#13435=CARTESIAN_POINT('',(-1.067E1,1.16E0,-7.142167639457E0));
#13436=DIRECTION('',(0.E0,1.E0,0.E0));
#13437=DIRECTION('',(0.E0,0.E0,-1.E0));
#13438=AXIS2_PLACEMENT_3D('',#13435,#13436,#13437);
#13439=PLANE('',#13438);
#13440=ORIENTED_EDGE('',*,*,#13319,.T.);
#13442=ORIENTED_EDGE('',*,*,#13441,.T.);
#13444=ORIENTED_EDGE('',*,*,#13443,.F.);
#13445=ORIENTED_EDGE('',*,*,#13427,.F.);
#13446=EDGE_LOOP('',(#13440,#13442,#13444,#13445));
#13447=FACE_OUTER_BOUND('',#13446,.F.);
#13448=ADVANCED_FACE('',(#13447),#13439,.F.);
#13449=CARTESIAN_POINT('',(-1.067E1,1.16E0,-8.03E0));
#13450=DIRECTION('',(0.E0,0.E0,1.E0));
#13451=DIRECTION('',(0.E0,1.E0,0.E0));
#13452=AXIS2_PLACEMENT_3D('',#13449,#13450,#13451);
#13453=PLANE('',#13452);
#13454=ORIENTED_EDGE('',*,*,#13317,.T.);
#13456=ORIENTED_EDGE('',*,*,#13455,.T.);
#13458=ORIENTED_EDGE('',*,*,#13457,.F.);
#13459=ORIENTED_EDGE('',*,*,#13441,.F.);
#13460=EDGE_LOOP('',(#13454,#13456,#13458,#13459));
#13461=FACE_OUTER_BOUND('',#13460,.F.);
#13462=ADVANCED_FACE('',(#13461),#13453,.F.);
#13463=CARTESIAN_POINT('',(-1.067E1,1.36E0,-8.03E0));
#13464=DIRECTION('',(0.E0,-8.644288992183E-1,5.027550876881E-1));
#13465=DIRECTION('',(0.E0,5.027550876881E-1,8.644288992183E-1));
#13466=AXIS2_PLACEMENT_3D('',#13463,#13464,#13465);
#13467=PLANE('',#13466);
#13468=ORIENTED_EDGE('',*,*,#13315,.T.);
#13470=ORIENTED_EDGE('',*,*,#13469,.T.);
#13472=ORIENTED_EDGE('',*,*,#13471,.F.);
#13473=ORIENTED_EDGE('',*,*,#13455,.F.);
#13474=EDGE_LOOP('',(#13468,#13470,#13472,#13473));
#13475=FACE_OUTER_BOUND('',#13474,.F.);
#13476=ADVANCED_FACE('',(#13475),#13467,.F.);
#13477=CARTESIAN_POINT('',(-1.067E1,1.645E0,-7.142167639457E0));
#13478=DIRECTION('',(1.E0,0.E0,0.E0));
#13479=DIRECTION('',(0.E0,-1.E0,0.E0));
#13480=AXIS2_PLACEMENT_3D('',#13477,#13478,#13479);
#13481=CYLINDRICAL_SURFACE('',#13480,2.E-1);
#13482=ORIENTED_EDGE('',*,*,#13313,.T.);
#13484=ORIENTED_EDGE('',*,*,#13483,.T.);
#13486=ORIENTED_EDGE('',*,*,#13485,.F.);
#13487=ORIENTED_EDGE('',*,*,#13469,.F.);
#13488=EDGE_LOOP('',(#13482,#13484,#13486,#13487));
#13489=FACE_OUTER_BOUND('',#13488,.F.);
#13490=ADVANCED_FACE('',(#13489),#13481,.T.);
#13491=CARTESIAN_POINT('',(-1.067E1,1.844629528252E0,-7.13E0));
#13492=DIRECTION('',(0.E0,-9.981476412592E-1,-6.083819728383E-2));
#13493=DIRECTION('',(0.E0,-6.083819728383E-2,9.981476412592E-1));
#13494=AXIS2_PLACEMENT_3D('',#13491,#13492,#13493);
#13495=PLANE('',#13494);
#13496=ORIENTED_EDGE('',*,*,#13311,.T.);
#13498=ORIENTED_EDGE('',*,*,#13497,.T.);
#13500=ORIENTED_EDGE('',*,*,#13499,.F.);
#13501=ORIENTED_EDGE('',*,*,#13483,.F.);
#13502=EDGE_LOOP('',(#13496,#13498,#13500,#13501));
#13503=FACE_OUTER_BOUND('',#13502,.F.);
#13504=ADVANCED_FACE('',(#13503),#13495,.F.);
#13505=CARTESIAN_POINT('',(-1.067E1,1.885308803980E0,-4.51E0));
#13506=DIRECTION('',(1.E0,0.E0,0.E0));
#13507=DIRECTION('',(0.E0,-1.E0,0.E0));
#13508=AXIS2_PLACEMENT_3D('',#13505,#13506,#13507);
#13509=CYLINDRICAL_SURFACE('',#13508,2.E-1);
#13510=ORIENTED_EDGE('',*,*,#13309,.T.);
#13512=ORIENTED_EDGE('',*,*,#13511,.T.);
#13514=ORIENTED_EDGE('',*,*,#13513,.F.);
#13515=ORIENTED_EDGE('',*,*,#13497,.F.);
#13516=EDGE_LOOP('',(#13510,#13512,#13514,#13515));
#13517=FACE_OUTER_BOUND('',#13516,.F.);
#13518=ADVANCED_FACE('',(#13517),#13509,.F.);
#13519=CARTESIAN_POINT('',(-1.067E1,1.685308803980E0,-4.51E0));
#13520=DIRECTION('',(0.E0,-1.E0,0.E0));
#13521=DIRECTION('',(0.E0,0.E0,1.E0));
#13522=AXIS2_PLACEMENT_3D('',#13519,#13520,#13521);
#13523=PLANE('',#13522);
#13524=ORIENTED_EDGE('',*,*,#13307,.T.);
#13525=ORIENTED_EDGE('',*,*,#6481,.T.);
#13527=ORIENTED_EDGE('',*,*,#13526,.F.);
#13528=ORIENTED_EDGE('',*,*,#13511,.F.);
#13529=EDGE_LOOP('',(#13524,#13525,#13527,#13528));
#13530=FACE_OUTER_BOUND('',#13529,.F.);
#13531=ADVANCED_FACE('',(#13530),#13523,.F.);
#13532=CARTESIAN_POINT('',(-1.117E1,0.E0,0.E0));
#13533=DIRECTION('',(1.E0,0.E0,0.E0));
#13534=DIRECTION('',(0.E0,-1.E0,0.E0));
#13535=AXIS2_PLACEMENT_3D('',#13532,#13533,#13534);
#13536=PLANE('',#13535);
#13537=ORIENTED_EDGE('',*,*,#13373,.T.);
#13538=ORIENTED_EDGE('',*,*,#13387,.T.);
#13539=ORIENTED_EDGE('',*,*,#13401,.T.);
#13540=ORIENTED_EDGE('',*,*,#13415,.T.);
#13541=ORIENTED_EDGE('',*,*,#13429,.T.);
#13542=ORIENTED_EDGE('',*,*,#13443,.T.);
#13543=ORIENTED_EDGE('',*,*,#13457,.T.);
#13544=ORIENTED_EDGE('',*,*,#13471,.T.);
#13545=ORIENTED_EDGE('',*,*,#13485,.T.);
#13546=ORIENTED_EDGE('',*,*,#13499,.T.);
#13547=ORIENTED_EDGE('',*,*,#13513,.T.);
#13548=ORIENTED_EDGE('',*,*,#13526,.T.);
#13549=ORIENTED_EDGE('',*,*,#6479,.T.);
#13550=EDGE_LOOP('',(#13537,#13538,#13539,#13540,#13541,#13542,#13543,#13544,
#13545,#13546,#13547,#13548,#13549));
#13551=FACE_OUTER_BOUND('',#13550,.F.);
#13552=ADVANCED_FACE('',(#13551),#13536,.F.);
#13553=CARTESIAN_POINT('',(-1.117E1,0.E0,0.E0));
#13554=DIRECTION('',(1.E0,0.E0,0.E0));
#13555=DIRECTION('',(0.E0,-1.E0,0.E0));
#13556=AXIS2_PLACEMENT_3D('',#13553,#13554,#13555);
#13557=PLANE('',#13556);
#13559=ORIENTED_EDGE('',*,*,#13558,.T.);
#13561=ORIENTED_EDGE('',*,*,#13560,.T.);
#13563=ORIENTED_EDGE('',*,*,#13562,.T.);
#13565=ORIENTED_EDGE('',*,*,#13564,.T.);
#13567=ORIENTED_EDGE('',*,*,#13566,.T.);
#13569=ORIENTED_EDGE('',*,*,#13568,.T.);
#13571=ORIENTED_EDGE('',*,*,#13570,.T.);
#13573=ORIENTED_EDGE('',*,*,#13572,.T.);
#13575=ORIENTED_EDGE('',*,*,#13574,.T.);
#13577=ORIENTED_EDGE('',*,*,#13576,.T.);
#13579=ORIENTED_EDGE('',*,*,#13578,.T.);
#13581=ORIENTED_EDGE('',*,*,#13580,.T.);
#13582=ORIENTED_EDGE('',*,*,#6489,.T.);
#13583=EDGE_LOOP('',(#13559,#13561,#13563,#13565,#13567,#13569,#13571,#13573,
#13575,#13577,#13579,#13581,#13582));
#13584=FACE_OUTER_BOUND('',#13583,.F.);
#13585=ADVANCED_FACE('',(#13584),#13557,.F.);
#13586=CARTESIAN_POINT('',(-1.067E1,2.346911960198E-1,-3.7E0));
#13587=DIRECTION('',(0.E0,1.E0,0.E0));
#13588=DIRECTION('',(0.E0,0.E0,-1.E0));
#13589=AXIS2_PLACEMENT_3D('',#13586,#13587,#13588);
#13590=PLANE('',#13589);
#13591=ORIENTED_EDGE('',*,*,#13337,.T.);
#13593=ORIENTED_EDGE('',*,*,#13592,.T.);
#13594=ORIENTED_EDGE('',*,*,#13558,.F.);
#13595=ORIENTED_EDGE('',*,*,#6487,.F.);
#13596=EDGE_LOOP('',(#13591,#13593,#13594,#13595));
#13597=FACE_OUTER_BOUND('',#13596,.F.);
#13598=ADVANCED_FACE('',(#13597),#13590,.F.);
#13599=CARTESIAN_POINT('',(-1.067E1,3.469119601982E-2,-4.51E0));
#13600=DIRECTION('',(1.E0,0.E0,0.E0));
#13601=DIRECTION('',(0.E0,-1.E0,0.E0));
#13602=AXIS2_PLACEMENT_3D('',#13599,#13600,#13601);
#13603=CYLINDRICAL_SURFACE('',#13602,2.E-1);
#13604=ORIENTED_EDGE('',*,*,#13360,.T.);
#13606=ORIENTED_EDGE('',*,*,#13605,.T.);
#13607=ORIENTED_EDGE('',*,*,#13560,.F.);
#13608=ORIENTED_EDGE('',*,*,#13592,.F.);
#13609=EDGE_LOOP('',(#13604,#13606,#13607,#13608));
#13610=FACE_OUTER_BOUND('',#13609,.F.);
#13611=ADVANCED_FACE('',(#13610),#13603,.F.);
#13612=CARTESIAN_POINT('',(-1.067E1,2.343207242717E-1,-4.522167639457E0));
#13613=DIRECTION('',(0.E0,9.981476412592E-1,-6.083819728383E-2));
#13614=DIRECTION('',(0.E0,-6.083819728383E-2,-9.981476412592E-1));
#13615=AXIS2_PLACEMENT_3D('',#13612,#13613,#13614);
#13616=PLANE('',#13615);
#13617=ORIENTED_EDGE('',*,*,#13358,.T.);
#13619=ORIENTED_EDGE('',*,*,#13618,.T.);
#13620=ORIENTED_EDGE('',*,*,#13562,.F.);
#13621=ORIENTED_EDGE('',*,*,#13605,.F.);
#13622=EDGE_LOOP('',(#13617,#13619,#13620,#13621));
#13623=FACE_OUTER_BOUND('',#13622,.F.);
#13624=ADVANCED_FACE('',(#13623),#13616,.F.);
#13625=CARTESIAN_POINT('',(-1.067E1,2.75E-1,-7.142167639457E0));
#13626=DIRECTION('',(1.E0,0.E0,0.E0));
#13627=DIRECTION('',(0.E0,-1.E0,0.E0));
#13628=AXIS2_PLACEMENT_3D('',#13625,#13626,#13627);
#13629=CYLINDRICAL_SURFACE('',#13628,2.E-1);
#13630=ORIENTED_EDGE('',*,*,#13356,.T.);
#13632=ORIENTED_EDGE('',*,*,#13631,.T.);
#13633=ORIENTED_EDGE('',*,*,#13564,.F.);
#13634=ORIENTED_EDGE('',*,*,#13618,.F.);
#13635=EDGE_LOOP('',(#13630,#13632,#13633,#13634));
#13636=FACE_OUTER_BOUND('',#13635,.F.);
#13637=ADVANCED_FACE('',(#13636),#13629,.T.);
#13638=CARTESIAN_POINT('',(-1.067E1,1.021142201563E-1,-7.242718656994E0));
#13639=DIRECTION('',(0.E0,8.644288992183E-1,5.027550876881E-1));
#13640=DIRECTION('',(0.E0,5.027550876881E-1,-8.644288992183E-1));
#13641=AXIS2_PLACEMENT_3D('',#13638,#13639,#13640);
#13642=PLANE('',#13641);
#13643=ORIENTED_EDGE('',*,*,#13354,.T.);
#13645=ORIENTED_EDGE('',*,*,#13644,.T.);
#13646=ORIENTED_EDGE('',*,*,#13566,.F.);
#13647=ORIENTED_EDGE('',*,*,#13631,.F.);
#13648=EDGE_LOOP('',(#13643,#13645,#13646,#13647));
#13649=FACE_OUTER_BOUND('',#13648,.F.);
#13650=ADVANCED_FACE('',(#13649),#13642,.F.);
#13651=CARTESIAN_POINT('',(-1.067E1,5.6E-1,-8.03E0));
#13652=DIRECTION('',(0.E0,0.E0,1.E0));
#13653=DIRECTION('',(0.E0,1.E0,0.E0));
#13654=AXIS2_PLACEMENT_3D('',#13651,#13652,#13653);
#13655=PLANE('',#13654);
#13656=ORIENTED_EDGE('',*,*,#13352,.T.);
#13658=ORIENTED_EDGE('',*,*,#13657,.T.);
#13659=ORIENTED_EDGE('',*,*,#13568,.F.);
#13660=ORIENTED_EDGE('',*,*,#13644,.F.);
#13661=EDGE_LOOP('',(#13656,#13658,#13659,#13660));
#13662=FACE_OUTER_BOUND('',#13661,.F.);
#13663=ADVANCED_FACE('',(#13662),#13655,.F.);
#13664=CARTESIAN_POINT('',(-1.067E1,7.6E-1,-8.03E0));
#13665=DIRECTION('',(0.E0,-1.E0,0.E0));
#13666=DIRECTION('',(0.E0,0.E0,1.E0));
#13667=AXIS2_PLACEMENT_3D('',#13664,#13665,#13666);
#13668=PLANE('',#13667);
#13669=ORIENTED_EDGE('',*,*,#13350,.T.);
#13671=ORIENTED_EDGE('',*,*,#13670,.T.);
#13672=ORIENTED_EDGE('',*,*,#13570,.F.);
#13673=ORIENTED_EDGE('',*,*,#13657,.F.);
#13674=EDGE_LOOP('',(#13669,#13671,#13672,#13673));
#13675=FACE_OUTER_BOUND('',#13674,.F.);
#13676=ADVANCED_FACE('',(#13675),#13668,.F.);
#13677=CARTESIAN_POINT('',(-1.067E1,1.6E-1,-7.142167639457E0));
#13678=DIRECTION('',(1.E0,0.E0,0.E0));
#13679=DIRECTION('',(0.E0,-1.E0,0.E0));
#13680=AXIS2_PLACEMENT_3D('',#13677,#13678,#13679);
#13681=CYLINDRICAL_SURFACE('',#13680,6.E-1);
#13682=ORIENTED_EDGE('',*,*,#13348,.T.);
#13684=ORIENTED_EDGE('',*,*,#13683,.T.);
#13685=ORIENTED_EDGE('',*,*,#13572,.F.);
#13686=ORIENTED_EDGE('',*,*,#13670,.F.);
#13687=EDGE_LOOP('',(#13682,#13684,#13685,#13686));
#13688=FACE_OUTER_BOUND('',#13687,.F.);
#13689=ADVANCED_FACE('',(#13688),#13681,.T.);
#13690=CARTESIAN_POINT('',(-1.067E1,7.35E-1,-6.585952752925E0));
#13691=DIRECTION('',(1.E0,0.E0,0.E0));
#13692=DIRECTION('',(0.E0,-1.E0,0.E0));
#13693=AXIS2_PLACEMENT_3D('',#13690,#13691,#13692);
#13694=CYLINDRICAL_SURFACE('',#13693,2.E-1);
#13695=ORIENTED_EDGE('',*,*,#13346,.T.);
#13697=ORIENTED_EDGE('',*,*,#13696,.T.);
#13698=ORIENTED_EDGE('',*,*,#13574,.F.);
#13699=ORIENTED_EDGE('',*,*,#13683,.F.);
#13700=EDGE_LOOP('',(#13695,#13697,#13698,#13699));
#13701=FACE_OUTER_BOUND('',#13700,.F.);
#13702=ADVANCED_FACE('',(#13701),#13694,.F.);
#13703=CARTESIAN_POINT('',(-1.067E1,5.353704717482E-1,-6.573785113468E0));
#13704=DIRECTION('',(0.E0,-9.981476412592E-1,6.083819728383E-2));
#13705=DIRECTION('',(0.E0,6.083819728383E-2,9.981476412592E-1));
#13706=AXIS2_PLACEMENT_3D('',#13703,#13704,#13705);
#13707=PLANE('',#13706);
#13708=ORIENTED_EDGE('',*,*,#13344,.T.);
#13710=ORIENTED_EDGE('',*,*,#13709,.T.);
#13711=ORIENTED_EDGE('',*,*,#13576,.F.);
#13712=ORIENTED_EDGE('',*,*,#13696,.F.);
#13713=EDGE_LOOP('',(#13708,#13710,#13711,#13712));
#13714=FACE_OUTER_BOUND('',#13713,.F.);
#13715=ADVANCED_FACE('',(#13714),#13707,.F.);
#13716=CARTESIAN_POINT('',(-1.067E1,3.469119601982E-2,-4.51E0));
#13717=DIRECTION('',(1.E0,0.E0,0.E0));
#13718=DIRECTION('',(0.E0,-1.E0,0.E0));
#13719=AXIS2_PLACEMENT_3D('',#13716,#13717,#13718);
#13720=CYLINDRICAL_SURFACE('',#13719,6.253088039802E-1);
#13721=ORIENTED_EDGE('',*,*,#13342,.T.);
#13723=ORIENTED_EDGE('',*,*,#13722,.T.);
#13724=ORIENTED_EDGE('',*,*,#13578,.F.);
#13725=ORIENTED_EDGE('',*,*,#13709,.F.);
#13726=EDGE_LOOP('',(#13721,#13723,#13724,#13725));
#13727=FACE_OUTER_BOUND('',#13726,.F.);
#13728=ADVANCED_FACE('',(#13727),#13720,.T.);
#13729=CARTESIAN_POINT('',(-1.067E1,6.6E-1,-4.51E0));
#13730=DIRECTION('',(0.E0,-1.E0,0.E0));
#13731=DIRECTION('',(0.E0,0.E0,1.E0));
#13732=AXIS2_PLACEMENT_3D('',#13729,#13730,#13731);
#13733=PLANE('',#13732);
#13734=ORIENTED_EDGE('',*,*,#13340,.T.);
#13735=ORIENTED_EDGE('',*,*,#6491,.T.);
#13736=ORIENTED_EDGE('',*,*,#13580,.F.);
#13737=ORIENTED_EDGE('',*,*,#13722,.F.);
#13738=EDGE_LOOP('',(#13734,#13735,#13736,#13737));
#13739=FACE_OUTER_BOUND('',#13738,.F.);
#13740=ADVANCED_FACE('',(#13739),#13733,.F.);
#13741=CLOSED_SHELL('',(#6248,#6495,#6510,#6524,#6572,#6586,#6600,#6613,#6626,
#6638,#6653,#6668,#6680,#6708,#6722,#6737,#6749,#6765,#6779,#6796,#6811,#6825,
#6837,#6861,#6872,#7061,#7076,#7090,#7104,#7117,#7139,#7165,#7179,#7192,#7205,
#7217,#7232,#7247,#7262,#7277,#7292,#7307,#7321,#7334,#7348,#7362,#7376,#7391,
#7406,#7419,#7432,#7444,#7457,#7472,#7486,#7500,#7513,#7525,#7540,#7555,#7569,
#7581,#7594,#7609,#7623,#7637,#7651,#7664,#7676,#7689,#7701,#7713,#7728,#7742,
#7756,#7769,#7791,#7817,#7831,#7844,#7857,#7869,#7884,#7899,#7914,#7929,#7944,
#7959,#7973,#7986,#8000,#8014,#8028,#8043,#8058,#8071,#8084,#8096,#8109,#8124,
#8138,#8152,#8165,#8177,#8192,#8207,#8221,#8233,#8246,#8261,#8275,#8289,#8303,
#8316,#8328,#8341,#8353,#8365,#8380,#8394,#8408,#8421,#8447,#8469,#8483,#8503,
#8530,#8545,#8567,#8581,#8598,#8613,#8631,#8651,#8666,#8690,#8707,#8721,#8745,
#8759,#8774,#8787,#8799,#8813,#8825,#8836,#8851,#8864,#8876,#8889,#8909,#8922,
#8935,#8947,#8961,#8975,#8988,#9010,#9036,#9050,#9063,#9076,#9088,#9103,#9118,
#9133,#9148,#9163,#9178,#9192,#9205,#9219,#9233,#9247,#9262,#9277,#9290,#9303,
#9315,#9328,#9343,#9357,#9371,#9384,#9396,#9411,#9426,#9440,#9452,#9465,#9480,
#9494,#9508,#9522,#9535,#9547,#9560,#9572,#9584,#9597,#9609,#9624,#9639,#9654,
#9669,#9684,#9699,#9713,#9726,#9740,#9754,#9768,#9783,#9798,#9811,#9824,#9836,
#9849,#9864,#9878,#9892,#9905,#9917,#9932,#9947,#9961,#9973,#9986,#10001,#10015,
#10029,#10043,#10056,#10068,#10081,#10093,#10105,#10120,#10134,#10148,#10161,
#10183,#10209,#10223,#10236,#10249,#10261,#10276,#10291,#10306,#10321,#10336,
#10351,#10365,#10378,#10392,#10406,#10420,#10435,#10450,#10463,#10476,#10488,
#10501,#10516,#10530,#10544,#10557,#10569,#10584,#10599,#10613,#10625,#10638,
#10653,#10667,#10681,#10695,#10708,#10720,#10733,#10745,#10757,#10772,#10786,
#10800,#10813,#10835,#10861,#10875,#10888,#10901,#10913,#10928,#10943,#10958,
#10973,#10988,#11003,#11017,#11030,#11044,#11058,#11072,#11087,#11102,#11115,
#11128,#11140,#11153,#11168,#11182,#11196,#11209,#11221,#11236,#11251,#11265,
#11277,#11290,#11305,#11319,#11333,#11347,#11360,#11372,#11385,#11397,#11409,
#11424,#11438,#11452,#11465,#11487,#11513,#11527,#11540,#11553,#11565,#11580,
#11595,#11610,#11625,#11640,#11655,#11669,#11683,#11696,#11710,#11724,#11738,
#11753,#11768,#11780,#11792,#11805,#11820,#11834,#11848,#11861,#11873,#11888,
#11903,#11917,#11929,#11942,#11957,#11971,#11985,#11999,#12012,#12024,#12037,
#12049,#12061,#12082,#12096,#12110,#12131,#12145,#12159,#12178,#12191,#12204,
#12216,#12238,#12260,#12275,#12290,#12305,#12320,#12335,#12350,#12364,#12377,
#12391,#12405,#12419,#12434,#12449,#12462,#12475,#12487,#12500,#12515,#12529,
#12543,#12556,#12568,#12583,#12598,#12612,#12624,#12637,#12652,#12666,#12680,
#12694,#12707,#12719,#12732,#12744,#12756,#12769,#12781,#12793,#12806,#12820,
#12831,#12844,#12856,#12889,#12922,#12936,#12968,#13001,#13014,#13027,#13040,
#13053,#13066,#13079,#13092,#13105,#13118,#13131,#13143,#13156,#13169,#13182,
#13195,#13208,#13221,#13234,#13247,#13260,#13273,#13286,#13298,#13331,#13364,
#13378,#13392,#13406,#13420,#13434,#13448,#13462,#13476,#13490,#13504,#13518,
#13531,#13552,#13585,#13598,#13611,#13624,#13637,#13650,#13663,#13676,#13689,
#13702,#13715,#13728,#13740));
#13742=MANIFOLD_SOLID_BREP('',#13741);
#13743=CARTESIAN_POINT('',(0.E0,0.E0,0.E0));
#13744=DIRECTION('',(0.E0,0.E0,1.E0));
#13745=DIRECTION('',(1.E0,0.E0,0.E0));
#13746=AXIS2_PLACEMENT_3D('CSYS',#13743,#13744,#13745);
#13747=CARTESIAN_POINT('',(8.75E0,1.25E0,-4.83E0));
#13748=DIRECTION('',(0.E0,0.E0,-1.E0));
#13749=DIRECTION('',(-1.E0,0.E0,0.E0));
#13750=AXIS2_PLACEMENT_3D('',#13747,#13748,#13749);
#13754=CARTESIAN_POINT('',(8.75E0,1.25E0,-4.83E0));
#13755=DIRECTION('',(0.E0,0.E0,-1.E0));
#13756=DIRECTION('',(1.E0,0.E0,0.E0));
#13757=AXIS2_PLACEMENT_3D('',#13754,#13755,#13756);
#13763=CARTESIAN_POINT('',(8.75E0,-1.25E0,-4.83E0));
#13764=DIRECTION('',(0.E0,0.E0,-1.E0));
#13765=DIRECTION('',(-1.E0,0.E0,0.E0));
#13766=AXIS2_PLACEMENT_3D('',#13763,#13764,#13765);
#13770=CARTESIAN_POINT('',(8.75E0,-1.25E0,-4.83E0));
#13771=DIRECTION('',(0.E0,0.E0,-1.E0));
#13772=DIRECTION('',(1.E0,0.E0,0.E0));
#13773=AXIS2_PLACEMENT_3D('',#13770,#13771,#13772);
#13778=CARTESIAN_POINT('',(6.25E0,1.25E0,-4.83E0));
#13779=DIRECTION('',(0.E0,0.E0,-1.E0));
#13780=DIRECTION('',(-1.E0,0.E0,0.E0));
#13781=AXIS2_PLACEMENT_3D('',#13778,#13779,#13780);
#13785=CARTESIAN_POINT('',(6.25E0,1.25E0,-4.83E0));
#13786=DIRECTION('',(0.E0,0.E0,-1.E0));
#13787=DIRECTION('',(1.E0,0.E0,0.E0));
#13788=AXIS2_PLACEMENT_3D('',#13785,#13786,#13787);
#13793=CARTESIAN_POINT('',(6.25E0,-1.25E0,-4.83E0));
#13794=DIRECTION('',(0.E0,0.E0,-1.E0));
#13795=DIRECTION('',(-1.E0,0.E0,0.E0));
#13796=AXIS2_PLACEMENT_3D('',#13793,#13794,#13795);
#13800=CARTESIAN_POINT('',(6.25E0,-1.25E0,-4.83E0));
#13801=DIRECTION('',(0.E0,0.E0,-1.E0));
#13802=DIRECTION('',(1.E0,0.E0,0.E0));
#13803=AXIS2_PLACEMENT_3D('',#13800,#13801,#13802);
#13808=CARTESIAN_POINT('',(3.75E0,1.25E0,-4.83E0));
#13809=DIRECTION('',(0.E0,0.E0,-1.E0));
#13810=DIRECTION('',(-1.E0,0.E0,0.E0));
#13811=AXIS2_PLACEMENT_3D('',#13808,#13809,#13810);
#13815=CARTESIAN_POINT('',(3.75E0,1.25E0,-4.83E0));
#13816=DIRECTION('',(0.E0,0.E0,-1.E0));
#13817=DIRECTION('',(1.E0,0.E0,0.E0));
#13818=AXIS2_PLACEMENT_3D('',#13815,#13816,#13817);
#13823=CARTESIAN_POINT('',(3.75E0,-1.25E0,-4.83E0));
#13824=DIRECTION('',(0.E0,0.E0,-1.E0));
#13825=DIRECTION('',(-1.E0,0.E0,0.E0));
#13826=AXIS2_PLACEMENT_3D('',#13823,#13824,#13825);
#13830=CARTESIAN_POINT('',(3.75E0,-1.25E0,-4.83E0));
#13831=DIRECTION('',(0.E0,0.E0,-1.E0));
#13832=DIRECTION('',(1.E0,0.E0,0.E0));
#13833=AXIS2_PLACEMENT_3D('',#13830,#13831,#13832);
#13838=CARTESIAN_POINT('',(1.25E0,1.25E0,-4.83E0));
#13839=DIRECTION('',(0.E0,0.E0,-1.E0));
#13840=DIRECTION('',(-1.E0,0.E0,0.E0));
#13841=AXIS2_PLACEMENT_3D('',#13838,#13839,#13840);
#13845=CARTESIAN_POINT('',(1.25E0,1.25E0,-4.83E0));
#13846=DIRECTION('',(0.E0,0.E0,-1.E0));
#13847=DIRECTION('',(1.E0,0.E0,0.E0));
#13848=AXIS2_PLACEMENT_3D('',#13845,#13846,#13847);
#13853=CARTESIAN_POINT('',(1.25E0,-1.25E0,-4.83E0));
#13854=DIRECTION('',(0.E0,0.E0,-1.E0));
#13855=DIRECTION('',(-1.E0,0.E0,0.E0));
#13856=AXIS2_PLACEMENT_3D('',#13853,#13854,#13855);
#13860=CARTESIAN_POINT('',(1.25E0,-1.25E0,-4.83E0));
#13861=DIRECTION('',(0.E0,0.E0,-1.E0));
#13862=DIRECTION('',(1.E0,0.E0,0.E0));
#13863=AXIS2_PLACEMENT_3D('',#13860,#13861,#13862);
#13868=CARTESIAN_POINT('',(-1.25E0,1.25E0,-4.83E0));
#13869=DIRECTION('',(0.E0,0.E0,-1.E0));
#13870=DIRECTION('',(-1.E0,0.E0,0.E0));
#13871=AXIS2_PLACEMENT_3D('',#13868,#13869,#13870);
#13875=CARTESIAN_POINT('',(-1.25E0,1.25E0,-4.83E0));
#13876=DIRECTION('',(0.E0,0.E0,-1.E0));
#13877=DIRECTION('',(1.E0,0.E0,0.E0));
#13878=AXIS2_PLACEMENT_3D('',#13875,#13876,#13877);
#13883=CARTESIAN_POINT('',(-1.25E0,-1.25E0,-4.83E0));
#13884=DIRECTION('',(0.E0,0.E0,-1.E0));
#13885=DIRECTION('',(-1.E0,0.E0,0.E0));
#13886=AXIS2_PLACEMENT_3D('',#13883,#13884,#13885);
#13890=CARTESIAN_POINT('',(-1.25E0,-1.25E0,-4.83E0));
#13891=DIRECTION('',(0.E0,0.E0,-1.E0));
#13892=DIRECTION('',(1.E0,0.E0,0.E0));
#13893=AXIS2_PLACEMENT_3D('',#13890,#13891,#13892);
#13898=CARTESIAN_POINT('',(-3.75E0,1.25E0,-4.83E0));
#13899=DIRECTION('',(0.E0,0.E0,-1.E0));
#13900=DIRECTION('',(-1.E0,0.E0,0.E0));
#13901=AXIS2_PLACEMENT_3D('',#13898,#13899,#13900);
#13905=CARTESIAN_POINT('',(-3.75E0,1.25E0,-4.83E0));
#13906=DIRECTION('',(0.E0,0.E0,-1.E0));
#13907=DIRECTION('',(1.E0,0.E0,0.E0));
#13908=AXIS2_PLACEMENT_3D('',#13905,#13906,#13907);
#13913=CARTESIAN_POINT('',(-3.75E0,-1.25E0,-4.83E0));
#13914=DIRECTION('',(0.E0,0.E0,-1.E0));
#13915=DIRECTION('',(-1.E0,0.E0,0.E0));
#13916=AXIS2_PLACEMENT_3D('',#13913,#13914,#13915);
#13920=CARTESIAN_POINT('',(-3.75E0,-1.25E0,-4.83E0));
#13921=DIRECTION('',(0.E0,0.E0,-1.E0));
#13922=DIRECTION('',(1.E0,0.E0,0.E0));
#13923=AXIS2_PLACEMENT_3D('',#13920,#13921,#13922);
#13928=CARTESIAN_POINT('',(-6.25E0,1.25E0,-4.83E0));
#13929=DIRECTION('',(0.E0,0.E0,-1.E0));
#13930=DIRECTION('',(-1.E0,0.E0,0.E0));
#13931=AXIS2_PLACEMENT_3D('',#13928,#13929,#13930);
#13935=CARTESIAN_POINT('',(-6.25E0,1.25E0,-4.83E0));
#13936=DIRECTION('',(0.E0,0.E0,-1.E0));
#13937=DIRECTION('',(1.E0,0.E0,0.E0));
#13938=AXIS2_PLACEMENT_3D('',#13935,#13936,#13937);
#13943=CARTESIAN_POINT('',(-6.25E0,-1.25E0,-4.83E0));
#13944=DIRECTION('',(0.E0,0.E0,-1.E0));
#13945=DIRECTION('',(-1.E0,0.E0,0.E0));
#13946=AXIS2_PLACEMENT_3D('',#13943,#13944,#13945);
#13950=CARTESIAN_POINT('',(-6.25E0,-1.25E0,-4.83E0));
#13951=DIRECTION('',(0.E0,0.E0,-1.E0));
#13952=DIRECTION('',(1.E0,0.E0,0.E0));
#13953=AXIS2_PLACEMENT_3D('',#13950,#13951,#13952);
#13958=CARTESIAN_POINT('',(-8.75E0,1.25E0,-4.83E0));
#13959=DIRECTION('',(0.E0,0.E0,-1.E0));
#13960=DIRECTION('',(-1.E0,0.E0,0.E0));
#13961=AXIS2_PLACEMENT_3D('',#13958,#13959,#13960);
#13965=CARTESIAN_POINT('',(-8.75E0,1.25E0,-4.83E0));
#13966=DIRECTION('',(0.E0,0.E0,-1.E0));
#13967=DIRECTION('',(1.E0,0.E0,0.E0));
#13968=AXIS2_PLACEMENT_3D('',#13965,#13966,#13967);
#13973=CARTESIAN_POINT('',(-8.75E0,-1.25E0,-4.83E0));
#13974=DIRECTION('',(0.E0,0.E0,-1.E0));
#13975=DIRECTION('',(-1.E0,0.E0,0.E0));
#13976=AXIS2_PLACEMENT_3D('',#13973,#13974,#13975);
#13980=CARTESIAN_POINT('',(-8.75E0,-1.25E0,-4.83E0));
#13981=DIRECTION('',(0.E0,0.E0,-1.E0));
#13982=DIRECTION('',(1.E0,0.E0,0.E0));
#13983=AXIS2_PLACEMENT_3D('',#13980,#13981,#13982);
#13988=CARTESIAN_POINT('',(1.092E1,9.6E-1,-4.83E0));
#13989=DIRECTION('',(0.E0,0.E0,-1.E0));
#13990=DIRECTION('',(-1.E0,0.E0,0.E0));
#13991=AXIS2_PLACEMENT_3D('',#13988,#13989,#13990);
#13995=CARTESIAN_POINT('',(1.092E1,9.6E-1,-4.83E0));
#13996=DIRECTION('',(0.E0,0.E0,-1.E0));
#13997=DIRECTION('',(1.E0,0.E0,0.E0));
#13998=AXIS2_PLACEMENT_3D('',#13995,#13996,#13997);
#14003=CARTESIAN_POINT('',(-1.092E1,9.6E-1,-4.83E0));
#14004=DIRECTION('',(0.E0,0.E0,-1.E0));
#14005=DIRECTION('',(-1.E0,0.E0,0.E0));
#14006=AXIS2_PLACEMENT_3D('',#14003,#14004,#14005);
#14010=CARTESIAN_POINT('',(-1.092E1,9.6E-1,-4.83E0));
#14011=DIRECTION('',(0.E0,0.E0,-1.E0));
#14012=DIRECTION('',(1.E0,0.E0,0.E0));
#14013=AXIS2_PLACEMENT_3D('',#14010,#14011,#14012);
#14019=DIMENSIONAL_EXPONENTS(0.E0,0.E0,0.E0,0.E0,0.E0,0.E0,0.E0);
#14021=PLANE_ANGLE_MEASURE_WITH_UNIT(PLANE_ANGLE_MEASURE(1.745329251994E-2),
#14020);
#14022=(CONVERSION_BASED_UNIT('DEGREE',#14021)NAMED_UNIT(*)PLANE_ANGLE_UNIT());
#14024=UNCERTAINTY_MEASURE_WITH_UNIT(LENGTH_MEASURE(2.873741861924E-3),#14018,
'closure',
'Maximum model space distance between geometric entities at asserted connectivities');
#14025=(GEOMETRIC_REPRESENTATION_CONTEXT(3)GLOBAL_UNCERTAINTY_ASSIGNED_CONTEXT((
#14024))GLOBAL_UNIT_ASSIGNED_CONTEXT((#14018,#14022,#14023))REPRESENTATION_CONTEXT('ID1','3'));
#13762=GEOMETRIC_SET('',(#13761,#13777,#13792,#13807,#13822,#13837,#13852,
#13867,#13882,#13897,#13912,#13927,#13942,#13957,#13972,#13987,#14002,#14017));
#14029=SHAPE_REPRESENTATION_RELATIONSHIP('','',#14028,#14026);
#14030=SHAPE_REPRESENTATION_RELATIONSHIP('','',#14028,#14027);
#14031=APPLICATION_CONTEXT(
'CONFIGURATION CONTROLLED 3D DESIGNS OF MECHANICAL PARTS AND ASSEMBLIES');
#14032=APPLICATION_PROTOCOL_DEFINITION('international standard',
'config_control_design',1994,#14031);
#14033=DESIGN_CONTEXT('',#14031,'design');
#14034=MECHANICAL_CONTEXT('',#14031,'mechanical');
#14035=PRODUCT('1053121116','1053121116','NOT SPECIFIED',(#14034));
#14036=PRODUCT_DEFINITION_FORMATION_WITH_SPECIFIED_SOURCE('3','LAST_VERSION',
#14035,.MADE.);
#14040=PRODUCT_CATEGORY('part','');
#14041=PRODUCT_RELATED_PRODUCT_CATEGORY('detail','',(#14035));
#14042=PRODUCT_CATEGORY_RELATIONSHIP('','',#14040,#14041);
#14043=SECURITY_CLASSIFICATION_LEVEL('unclassified');
#14044=SECURITY_CLASSIFICATION('','',#14043);
#14045=CC_DESIGN_SECURITY_CLASSIFICATION(#14044,(#14036));
#14046=APPROVAL_STATUS('approved');
#14047=APPROVAL(#14046,'');
#14048=CC_DESIGN_APPROVAL(#14047,(#14044,#14036,#14037));
#14049=CALENDAR_DATE(120,23,11);
#14050=COORDINATED_UNIVERSAL_TIME_OFFSET(5,30,.AHEAD.);
#14051=LOCAL_TIME(15,44,5.8E1,#14050);
#14052=DATE_AND_TIME(#14049,#14051);
#14053=APPROVAL_DATE_TIME(#14052,#14047);
#14054=DATE_TIME_ROLE('creation_date');
#14055=CC_DESIGN_DATE_AND_TIME_ASSIGNMENT(#14052,#14054,(#14037));
#14056=DATE_TIME_ROLE('classification_date');
#14057=CC_DESIGN_DATE_AND_TIME_ASSIGNMENT(#14052,#14056,(#14044));
#14058=PERSON('UNSPECIFIED','UNSPECIFIED',$,$,$,$);
#14059=ORGANIZATION('UNSPECIFIED','UNSPECIFIED','UNSPECIFIED');
#14060=PERSON_AND_ORGANIZATION(#14058,#14059);
#14061=APPROVAL_ROLE('approver');
#14062=APPROVAL_PERSON_ORGANIZATION(#14060,#14047,#14061);
#14063=PERSON_AND_ORGANIZATION_ROLE('creator');
#14064=CC_DESIGN_PERSON_AND_ORGANIZATION_ASSIGNMENT(#14060,#14063,(#14036,
#14037));
#14065=PERSON_AND_ORGANIZATION_ROLE('design_supplier');
#14066=CC_DESIGN_PERSON_AND_ORGANIZATION_ASSIGNMENT(#14060,#14065,(#14036));
#14067=PERSON_AND_ORGANIZATION_ROLE('classification_officer');
#14068=CC_DESIGN_PERSON_AND_ORGANIZATION_ASSIGNMENT(#14060,#14067,(#14044));
#14069=PERSON_AND_ORGANIZATION_ROLE('design_owner');
#14070=CC_DESIGN_PERSON_AND_ORGANIZATION_ASSIGNMENT(#14060,#14069,(#14035));
#1805=CIRCLE('',#1804,2.E-1);
#1830=CIRCLE('',#1829,2.E-1);
#1835=CIRCLE('',#1834,2.E-1);
#1840=CIRCLE('',#1839,2.E-1);
#1881=CIRCLE('',#1880,2.5E-1);
#1890=CIRCLE('',#1889,2.5E-1);
#1915=CIRCLE('',#1914,2.5E-1);
#1924=CIRCLE('',#1923,2.5E-1);
#1957=CIRCLE('',#1956,2.E-1);
#1962=CIRCLE('',#1961,2.E-1);
#1967=CIRCLE('',#1966,2.E-1);
#1972=CIRCLE('',#1971,2.E-1);
#1977=CIRCLE('',#1976,2.E-1);
#1986=CIRCLE('',#1985,2.E-1);
#1995=CIRCLE('',#1994,2.E-1);
#2000=CIRCLE('',#1999,2.E-1);
#4161=CIRCLE('',#4160,6.253088039802E-1);
#4170=CIRCLE('',#4169,2.E-1);
#4175=CIRCLE('',#4174,6.E-1);
#4192=CIRCLE('',#4191,2.E-1);
#4201=CIRCLE('',#4200,2.E-1);
#4214=CIRCLE('',#4213,2.E-1);
#4223=CIRCLE('',#4222,2.E-1);
#4240=CIRCLE('',#4239,6.E-1);
#4245=CIRCLE('',#4244,2.E-1);
#4254=CIRCLE('',#4253,6.253088039802E-1);
#4267=CIRCLE('',#4266,2.E-1);
#4276=CIRCLE('',#4275,2.E-1);
#4293=CIRCLE('',#4292,6.E-1);
#4298=CIRCLE('',#4297,2.E-1);
#4307=CIRCLE('',#4306,6.253088039802E-1);
#4320=CIRCLE('',#4319,6.253088039802E-1);
#4329=CIRCLE('',#4328,2.E-1);
#4334=CIRCLE('',#4333,6.E-1);
#4351=CIRCLE('',#4350,2.E-1);
#4360=CIRCLE('',#4359,2.E-1);
#4465=CIRCLE('',#4464,2.E-1);
#4474=CIRCLE('',#4473,2.E-1);
#4491=CIRCLE('',#4490,6.E-1);
#4496=CIRCLE('',#4495,2.E-1);
#4505=CIRCLE('',#4504,6.253088039802E-1);
#4518=CIRCLE('',#4517,6.253088039802E-1);
#4527=CIRCLE('',#4526,2.E-1);
#4532=CIRCLE('',#4531,6.E-1);
#4549=CIRCLE('',#4548,2.E-1);
#4558=CIRCLE('',#4557,2.E-1);
#4611=CIRCLE('',#4610,6.253088039802E-1);
#4620=CIRCLE('',#4619,2.E-1);
#4625=CIRCLE('',#4624,6.E-1);
#4642=CIRCLE('',#4641,2.E-1);
#4651=CIRCLE('',#4650,2.E-1);
#4664=CIRCLE('',#4663,2.E-1);
#4673=CIRCLE('',#4672,2.E-1);
#4690=CIRCLE('',#4689,6.E-1);
#4695=CIRCLE('',#4694,2.E-1);
#4704=CIRCLE('',#4703,6.253088039802E-1);
#6230=EDGE_CURVE('',#4803,#4804,#4,.T.);
#6232=EDGE_CURVE('',#4804,#6218,#8,.T.);
#6234=EDGE_CURVE('',#6218,#6220,#528,.T.);
#6236=EDGE_CURVE('',#4755,#6220,#632,.T.);
#6238=EDGE_CURVE('',#4755,#4756,#12,.T.);
#6240=EDGE_CURVE('',#4756,#6208,#16,.T.);
#6242=EDGE_CURVE('',#6208,#6210,#516,.T.);
#6244=EDGE_CURVE('',#4803,#6210,#4152,.T.);
#6254=EDGE_CURVE('',#4791,#4792,#20,.T.);
#6256=EDGE_CURVE('',#4794,#4792,#24,.T.);
#6258=EDGE_CURVE('',#4794,#4797,#28,.T.);
#6260=EDGE_CURVE('',#4797,#4798,#32,.T.);
#6262=EDGE_CURVE('',#4800,#4798,#36,.T.);
#6264=EDGE_CURVE('',#4808,#4800,#40,.T.);
#6266=EDGE_CURVE('',#4808,#5943,#44,.T.);
#6268=EDGE_CURVE('',#5943,#5951,#600,.T.);
#6270=EDGE_CURVE('',#5960,#5951,#4108,.T.);
#6272=EDGE_CURVE('',#6202,#5960,#636,.T.);
#6274=EDGE_CURVE('',#6202,#6224,#48,.T.);
#6276=EDGE_CURVE('',#4804,#6224,#52,.T.);
#6279=EDGE_CURVE('',#4803,#6222,#56,.T.);
#6281=EDGE_CURVE('',#6222,#6204,#60,.T.);
#6283=EDGE_CURVE('',#6204,#5964,#64,.T.);
#6285=EDGE_CURVE('',#5956,#5964,#4128,.T.);
#6287=EDGE_CURVE('',#5948,#5956,#68,.T.);
#6289=EDGE_CURVE('',#5948,#4806,#72,.T.);
#6291=EDGE_CURVE('',#4806,#4791,#76,.T.);
#6295=EDGE_CURVE('',#4825,#4826,#80,.T.);
#6297=EDGE_CURVE('',#4826,#4830,#84,.T.);
#6299=EDGE_CURVE('',#4829,#4830,#88,.T.);
#6301=EDGE_CURVE('',#4825,#4829,#92,.T.);
#6305=EDGE_CURVE('',#4833,#4834,#96,.T.);
#6307=EDGE_CURVE('',#4833,#4837,#100,.T.);
#6309=EDGE_CURVE('',#4837,#4838,#104,.T.);
#6311=EDGE_CURVE('',#4834,#4838,#108,.T.);
#6315=EDGE_CURVE('',#4985,#4986,#112,.T.);
#6317=EDGE_CURVE('',#4986,#4990,#116,.T.);
#6319=EDGE_CURVE('',#4989,#4990,#120,.T.);
#6321=EDGE_CURVE('',#4985,#4989,#124,.T.);
#6325=EDGE_CURVE('',#4993,#4994,#128,.T.);
#6327=EDGE_CURVE('',#4993,#4997,#132,.T.);
#6329=EDGE_CURVE('',#4997,#4998,#136,.T.);
#6331=EDGE_CURVE('',#4994,#4998,#140,.T.);
#6335=EDGE_CURVE('',#5017,#5018,#144,.T.);
#6337=EDGE_CURVE('',#5018,#5022,#148,.T.);
#6339=EDGE_CURVE('',#5021,#5022,#152,.T.);
#6341=EDGE_CURVE('',#5017,#5021,#156,.T.);
#6345=EDGE_CURVE('',#5025,#5026,#160,.T.);
#6347=EDGE_CURVE('',#5025,#5029,#164,.T.);
#6349=EDGE_CURVE('',#5029,#5030,#168,.T.);
#6351=EDGE_CURVE('',#5026,#5030,#172,.T.);
#6355=EDGE_CURVE('',#5049,#5050,#176,.T.);
#6357=EDGE_CURVE('',#5050,#5054,#180,.T.);
#6359=EDGE_CURVE('',#5053,#5054,#184,.T.);
#6361=EDGE_CURVE('',#5049,#5053,#188,.T.);
#6365=EDGE_CURVE('',#5057,#5058,#192,.T.);
#6367=EDGE_CURVE('',#5057,#5061,#196,.T.);
#6369=EDGE_CURVE('',#5061,#5062,#200,.T.);
#6371=EDGE_CURVE('',#5058,#5062,#204,.T.);
#6375=EDGE_CURVE('',#5081,#5082,#208,.T.);
#6377=EDGE_CURVE('',#5082,#5086,#212,.T.);
#6379=EDGE_CURVE('',#5085,#5086,#216,.T.);
#6381=EDGE_CURVE('',#5081,#5085,#220,.T.);
#6385=EDGE_CURVE('',#5089,#5090,#224,.T.);
#6387=EDGE_CURVE('',#5089,#5093,#228,.T.);
#6389=EDGE_CURVE('',#5093,#5094,#232,.T.);
#6391=EDGE_CURVE('',#5090,#5094,#236,.T.);
#6395=EDGE_CURVE('',#5113,#5114,#240,.T.);
#6397=EDGE_CURVE('',#5114,#5118,#244,.T.);
#6399=EDGE_CURVE('',#5117,#5118,#248,.T.);
#6401=EDGE_CURVE('',#5113,#5117,#252,.T.);
#6405=EDGE_CURVE('',#5121,#5122,#256,.T.);
#6407=EDGE_CURVE('',#5121,#5125,#260,.T.);
#6409=EDGE_CURVE('',#5125,#5126,#264,.T.);
#6411=EDGE_CURVE('',#5122,#5126,#268,.T.);
#6415=EDGE_CURVE('',#5145,#5146,#272,.T.);
#6417=EDGE_CURVE('',#5146,#5150,#276,.T.);
#6419=EDGE_CURVE('',#5149,#5150,#280,.T.);
#6421=EDGE_CURVE('',#5145,#5149,#284,.T.);
#6425=EDGE_CURVE('',#5153,#5154,#288,.T.);
#6427=EDGE_CURVE('',#5153,#5157,#292,.T.);
#6429=EDGE_CURVE('',#5157,#5158,#296,.T.);
#6431=EDGE_CURVE('',#5154,#5158,#300,.T.);
#6435=EDGE_CURVE('',#5879,#5880,#304,.T.);
#6437=EDGE_CURVE('',#5880,#5888,#308,.T.);
#6439=EDGE_CURVE('',#5887,#5888,#312,.T.);
#6441=EDGE_CURVE('',#5879,#5887,#316,.T.);
#6445=EDGE_CURVE('',#5883,#5884,#320,.T.);
#6447=EDGE_CURVE('',#5884,#5892,#324,.T.);
#6449=EDGE_CURVE('',#5891,#5892,#328,.T.);
#6451=EDGE_CURVE('',#5883,#5891,#332,.T.);
#6455=EDGE_CURVE('',#6083,#6084,#336,.T.);
#6457=EDGE_CURVE('',#6083,#6091,#340,.T.);
#6459=EDGE_CURVE('',#6091,#6092,#344,.T.);
#6461=EDGE_CURVE('',#6084,#6092,#348,.T.);
#6465=EDGE_CURVE('',#6087,#6088,#352,.T.);
#6467=EDGE_CURVE('',#6087,#6095,#356,.T.);
#6469=EDGE_CURVE('',#6095,#6096,#360,.T.);
#6471=EDGE_CURVE('',#6088,#6096,#364,.T.);
#6475=EDGE_CURVE('',#6188,#6186,#368,.T.);
#6477=EDGE_CURVE('',#6186,#6194,#372,.T.);
#6479=EDGE_CURVE('',#6196,#6194,#376,.T.);
#6481=EDGE_CURVE('',#6188,#6196,#380,.T.);
#6485=EDGE_CURVE('',#6192,#6190,#384,.T.);
#6487=EDGE_CURVE('',#6190,#6198,#388,.T.);
#6489=EDGE_CURVE('',#6200,#6198,#392,.T.);
#6491=EDGE_CURVE('',#6192,#6200,#396,.T.);
#6502=EDGE_CURVE('',#4791,#4776,#400,.T.);
#6504=EDGE_CURVE('',#4776,#4778,#484,.T.);
#6506=EDGE_CURVE('',#4792,#4778,#536,.T.);
#6516=EDGE_CURVE('',#4806,#4775,#404,.T.);
#6518=EDGE_CURVE('',#4775,#4776,#472,.T.);
#6531=EDGE_CURVE('',#4808,#4783,#408,.T.);
#6533=EDGE_CURVE('',#4783,#4784,#488,.T.);
#6535=EDGE_CURVE('',#4797,#4784,#468,.T.);
#6538=EDGE_CURVE('',#4794,#4780,#412,.T.);
#6540=EDGE_CURVE('',#4780,#4775,#476,.T.);
#6544=EDGE_CURVE('',#5947,#5948,#416,.T.);
#6546=EDGE_CURVE('',#5968,#5947,#420,.T.);
#6548=EDGE_CURVE('',#4760,#5968,#424,.T.);
#6550=EDGE_CURVE('',#4772,#4760,#428,.T.);
#6552=EDGE_CURVE('',#4772,#5480,#432,.T.);
#6554=EDGE_CURVE('',#5482,#5480,#1805,.T.);
#6556=EDGE_CURVE('',#5486,#5482,#436,.T.);
#6558=EDGE_CURVE('',#5490,#5486,#1962,.T.);
#6560=EDGE_CURVE('',#4770,#5490,#440,.T.);
#6562=EDGE_CURVE('',#4758,#4770,#444,.T.);
#6564=EDGE_CURVE('',#5966,#4758,#448,.T.);
#6566=EDGE_CURVE('',#5944,#5966,#452,.T.);
#6568=EDGE_CURVE('',#5943,#5944,#456,.T.);
#6580=EDGE_CURVE('',#4800,#4788,#460,.T.);
#6582=EDGE_CURVE('',#4788,#4783,#492,.T.);
#6593=EDGE_CURVE('',#4798,#4786,#464,.T.);
#6595=EDGE_CURVE('',#4786,#4788,#496,.T.);
#6608=EDGE_CURVE('',#4784,#4786,#500,.T.);
#6621=EDGE_CURVE('',#4778,#4780,#480,.T.);
#6644=EDGE_CURVE('',#6207,#6208,#504,.T.);
#6646=EDGE_CURVE('',#6212,#6207,#508,.T.);
#6648=EDGE_CURVE('',#6210,#6212,#512,.T.);
#6659=EDGE_CURVE('',#6215,#6216,#520,.T.);
#6661=EDGE_CURVE('',#6220,#6215,#524,.T.);
#6664=EDGE_CURVE('',#6216,#6218,#532,.T.);
#6686=EDGE_CURVE('',#5968,#5990,#540,.T.);
#6688=EDGE_CURVE('',#5990,#5975,#544,.T.);
#6690=EDGE_CURVE('',#5975,#5976,#588,.T.);
#6692=EDGE_CURVE('',#5992,#5976,#4144,.T.);
#6694=EDGE_CURVE('',#5992,#5963,#548,.T.);
#6696=EDGE_CURVE('',#5963,#5964,#552,.T.);
#6699=EDGE_CURVE('',#6204,#6207,#556,.T.);
#6703=EDGE_CURVE('',#4756,#4760,#560,.T.);
#6714=EDGE_CURVE('',#5990,#5988,#564,.T.);
#6718=EDGE_CURVE('',#5947,#5988,#4136,.T.);
#6728=EDGE_CURVE('',#5992,#5987,#568,.T.);
#6730=EDGE_CURVE('',#5987,#5955,#4140,.T.);
#6732=EDGE_CURVE('',#5963,#5955,#4120,.T.);
#6744=EDGE_CURVE('',#5988,#5975,#592,.T.);
#6755=EDGE_CURVE('',#5979,#5980,#596,.T.);
#6757=EDGE_CURVE('',#5972,#5980,#572,.T.);
#6759=EDGE_CURVE('',#5971,#5972,#576,.T.);
#6761=EDGE_CURVE('',#5979,#5971,#580,.T.);
#6771=EDGE_CURVE('',#5987,#5988,#4132,.T.);
#6773=EDGE_CURVE('',#5976,#5987,#584,.T.);
#6786=EDGE_CURVE('',#5979,#5952,#608,.T.);
#6788=EDGE_CURVE('',#5951,#5952,#4112,.T.);
#6792=EDGE_CURVE('',#5944,#5980,#616,.T.);
#6802=EDGE_CURVE('',#5979,#5982,#604,.T.);
#6804=EDGE_CURVE('',#5982,#5959,#620,.T.);
#6806=EDGE_CURVE('',#5952,#5959,#4116,.T.);
#6817=EDGE_CURVE('',#5980,#5984,#612,.T.);
#6821=EDGE_CURVE('',#5966,#5984,#628,.T.);
#6833=EDGE_CURVE('',#5982,#5971,#624,.T.);
#6846=EDGE_CURVE('',#5984,#5972,#644,.T.);
#6850=EDGE_CURVE('',#4755,#4758,#932,.T.);
#6854=EDGE_CURVE('',#6202,#6215,#4100,.T.);
#6857=EDGE_CURVE('',#5959,#5960,#640,.T.);
#6878=EDGE_CURVE('',#5401,#5402,#868,.T.);
#6880=EDGE_CURVE('',#5402,#4945,#872,.T.);
#6882=EDGE_CURVE('',#4945,#4946,#876,.T.);
#6884=EDGE_CURVE('',#4946,#4948,#880,.T.);
#6886=EDGE_CURVE('',#4948,#4950,#884,.T.);
#6888=EDGE_CURVE('',#4950,#5420,#888,.T.);
#6890=EDGE_CURVE('',#5420,#5430,#892,.T.);
#6892=EDGE_CURVE('',#5430,#5432,#896,.T.);
#6894=EDGE_CURVE('',#5432,#5434,#900,.T.);
#6896=EDGE_CURVE('',#5434,#4929,#904,.T.);
#6898=EDGE_CURVE('',#4929,#4930,#908,.T.);
#6900=EDGE_CURVE('',#4930,#4932,#912,.T.);
#6902=EDGE_CURVE('',#4932,#4934,#916,.T.);
#6904=EDGE_CURVE('',#4934,#5406,#920,.T.);
#6906=EDGE_CURVE('',#5405,#5406,#924,.T.);
#6908=EDGE_CURVE('',#5405,#4768,#928,.T.);
#6910=EDGE_CURVE('',#4768,#4772,#1817,.T.);
#6917=EDGE_CURVE('',#4764,#4770,#1952,.T.);
#6919=EDGE_CURVE('',#4764,#5401,#936,.T.);
#6923=EDGE_CURVE('',#5521,#5522,#664,.T.);
#6925=EDGE_CURVE('',#5522,#5524,#668,.T.);
#6927=EDGE_CURVE('',#5524,#5526,#672,.T.);
#6929=EDGE_CURVE('',#5526,#5521,#676,.T.);
#6933=EDGE_CURVE('',#4913,#4914,#680,.T.);
#6935=EDGE_CURVE('',#4914,#4916,#684,.T.);
#6937=EDGE_CURVE('',#4916,#4918,#688,.T.);
#6939=EDGE_CURVE('',#4918,#4913,#692,.T.);
#6943=EDGE_CURVE('',#5537,#5538,#696,.T.);
#6945=EDGE_CURVE('',#5538,#5540,#700,.T.);
#6947=EDGE_CURVE('',#5540,#5542,#704,.T.);
#6949=EDGE_CURVE('',#5542,#5537,#708,.T.);
#6953=EDGE_CURVE('',#5553,#5554,#712,.T.);
#6955=EDGE_CURVE('',#5554,#5556,#716,.T.);
#6957=EDGE_CURVE('',#5556,#5558,#720,.T.);
#6959=EDGE_CURVE('',#5558,#5553,#724,.T.);
#6963=EDGE_CURVE('',#5569,#5570,#728,.T.);
#6965=EDGE_CURVE('',#5570,#5572,#732,.T.);
#6967=EDGE_CURVE('',#5572,#5574,#736,.T.);
#6969=EDGE_CURVE('',#5574,#5569,#740,.T.);
#6973=EDGE_CURVE('',#4961,#4962,#744,.T.);
#6975=EDGE_CURVE('',#4962,#4964,#748,.T.);
#6977=EDGE_CURVE('',#4964,#4966,#752,.T.);
#6979=EDGE_CURVE('',#4966,#4961,#756,.T.);
#6983=EDGE_CURVE('',#5585,#5586,#760,.T.);
#6985=EDGE_CURVE('',#5586,#5588,#764,.T.);
#6987=EDGE_CURVE('',#5588,#5590,#768,.T.);
#6989=EDGE_CURVE('',#5590,#5585,#772,.T.);
#6993=EDGE_CURVE('',#4977,#4978,#776,.T.);
#6995=EDGE_CURVE('',#4978,#4980,#780,.T.);
#6997=EDGE_CURVE('',#4980,#4982,#784,.T.);
#6999=EDGE_CURVE('',#4982,#4977,#788,.T.);
#7003=EDGE_CURVE('',#5601,#5602,#792,.T.);
#7005=EDGE_CURVE('',#5602,#5604,#796,.T.);
#7007=EDGE_CURVE('',#5604,#5606,#800,.T.);
#7009=EDGE_CURVE('',#5606,#5601,#804,.T.);
#7013=EDGE_CURVE('',#5863,#5864,#808,.T.);
#7015=EDGE_CURVE('',#5864,#5866,#812,.T.);
#7017=EDGE_CURVE('',#5866,#5868,#816,.T.);
#7019=EDGE_CURVE('',#5868,#5863,#820,.T.);
#7023=EDGE_CURVE('',#5871,#5872,#824,.T.);
#7025=EDGE_CURVE('',#5872,#5874,#828,.T.);
#7027=EDGE_CURVE('',#5874,#5876,#832,.T.);
#7029=EDGE_CURVE('',#5876,#5871,#836,.T.);
#7033=EDGE_CURVE('',#4820,#5436,#840,.T.);
#7035=EDGE_CURVE('',#5620,#5436,#844,.T.);
#7037=EDGE_CURVE('',#5620,#5510,#848,.T.);
#7039=EDGE_CURVE('',#5510,#5507,#852,.T.);
#7041=EDGE_CURVE('',#5507,#5508,#856,.T.);
#7043=EDGE_CURVE('',#4822,#5508,#3732,.T.);
#7045=EDGE_CURVE('',#4822,#4819,#860,.T.);
#7047=EDGE_CURVE('',#4819,#4820,#864,.T.);
#7051=EDGE_CURVE('',#4897,#4898,#648,.T.);
#7053=EDGE_CURVE('',#4898,#4900,#652,.T.);
#7055=EDGE_CURVE('',#4900,#4902,#656,.T.);
#7057=EDGE_CURVE('',#4902,#4897,#660,.T.);
#7068=EDGE_CURVE('',#4897,#4889,#940,.T.);
#7070=EDGE_CURVE('',#4889,#4890,#956,.T.);
#7072=EDGE_CURVE('',#4898,#4890,#952,.T.);
#7083=EDGE_CURVE('',#4902,#4894,#944,.T.);
#7085=EDGE_CURVE('',#4894,#4889,#960,.T.);
#7097=EDGE_CURVE('',#4900,#4892,#948,.T.);
#7099=EDGE_CURVE('',#4892,#4894,#964,.T.);
#7112=EDGE_CURVE('',#4890,#4892,#968,.T.);
#7129=EDGE_CURVE('',#5009,#5010,#1004,.T.);
#7131=EDGE_CURVE('',#5010,#5014,#1008,.T.);
#7133=EDGE_CURVE('',#5013,#5014,#1012,.T.);
#7135=EDGE_CURVE('',#5009,#5013,#1016,.T.);
#7145=EDGE_CURVE('',#5513,#5514,#972,.T.);
#7147=EDGE_CURVE('',#5518,#5513,#976,.T.);
#7149=EDGE_CURVE('',#5516,#5518,#980,.T.);
#7151=EDGE_CURVE('',#5514,#5516,#984,.T.);
#7155=EDGE_CURVE('',#5001,#5002,#988,.T.);
#7157=EDGE_CURVE('',#5001,#5005,#992,.T.);
#7159=EDGE_CURVE('',#5005,#5006,#996,.T.);
#7161=EDGE_CURVE('',#5002,#5006,#1000,.T.);
#7172=EDGE_CURVE('',#5521,#5513,#1020,.T.);
#7175=EDGE_CURVE('',#5522,#5514,#1032,.T.);
#7186=EDGE_CURVE('',#5526,#5518,#1024,.T.);
#7199=EDGE_CURVE('',#5524,#5516,#1028,.T.);
#7223=EDGE_CURVE('',#5188,#5182,#1036,.T.);
#7225=EDGE_CURVE('',#5188,#5009,#1040,.T.);
#7228=EDGE_CURVE('',#5013,#5182,#1044,.T.);
#7238=EDGE_CURVE('',#5194,#5204,#1048,.T.);
#7240=EDGE_CURVE('',#5194,#4997,#1052,.T.);
#7243=EDGE_CURVE('',#4993,#5204,#1056,.T.);
#7253=EDGE_CURVE('',#5656,#5666,#1060,.T.);
#7255=EDGE_CURVE('',#5656,#4986,#1064,.T.);
#7258=EDGE_CURVE('',#4985,#5666,#1068,.T.);
#7268=EDGE_CURVE('',#5672,#5682,#1072,.T.);
#7270=EDGE_CURVE('',#5672,#5001,#1076,.T.);
#7273=EDGE_CURVE('',#5002,#5682,#1080,.T.);
#7283=EDGE_CURVE('',#5190,#5178,#1096,.T.);
#7285=EDGE_CURVE('',#5190,#5188,#1164,.T.);
#7288=EDGE_CURVE('',#5182,#5178,#1100,.T.);
#7298=EDGE_CURVE('',#5177,#5178,#1084,.T.);
#7300=EDGE_CURVE('',#5177,#5184,#1088,.T.);
#7302=EDGE_CURVE('',#5184,#5190,#1092,.T.);
#7315=EDGE_CURVE('',#5181,#5182,#1108,.T.);
#7317=EDGE_CURVE('',#5177,#5181,#1104,.T.);
#7330=EDGE_CURVE('',#5014,#5181,#1120,.T.);
#7340=EDGE_CURVE('',#5193,#5194,#1112,.T.);
#7342=EDGE_CURVE('',#5193,#4998,#1136,.T.);
#7354=EDGE_CURVE('',#5181,#5186,#1116,.T.);
#7358=EDGE_CURVE('',#5186,#5010,#1124,.T.);
#7368=EDGE_CURVE('',#5202,#5193,#1128,.T.);
#7370=EDGE_CURVE('',#4994,#5202,#1132,.T.);
#7382=EDGE_CURVE('',#5664,#5655,#1140,.T.);
#7384=EDGE_CURVE('',#4989,#5664,#1144,.T.);
#7387=EDGE_CURVE('',#5655,#4990,#1148,.T.);
#7397=EDGE_CURVE('',#5680,#5671,#1152,.T.);
#7399=EDGE_CURVE('',#5006,#5680,#1156,.T.);
#7402=EDGE_CURVE('',#5671,#5005,#1160,.T.);
#7415=EDGE_CURVE('',#5186,#5184,#1168,.T.);
#7425=EDGE_CURVE('',#5186,#5188,#1172,.T.);
#7450=EDGE_CURVE('',#5202,#5204,#1176,.T.);
#7464=EDGE_CURVE('',#5200,#5202,#1180,.T.);
#7466=EDGE_CURVE('',#5200,#5206,#1192,.T.);
#7468=EDGE_CURVE('',#5206,#5204,#1208,.T.);
#7478=EDGE_CURVE('',#5200,#5197,#1196,.T.);
#7482=EDGE_CURVE('',#5193,#5197,#1204,.T.);
#7492=EDGE_CURVE('',#5197,#5198,#1184,.T.);
#7494=EDGE_CURVE('',#5198,#5206,#1188,.T.);
#7507=EDGE_CURVE('',#5198,#5194,#1200,.T.);
#7531=EDGE_CURVE('',#5662,#5659,#1224,.T.);
#7533=EDGE_CURVE('',#5662,#5664,#1280,.T.);
#7536=EDGE_CURVE('',#5655,#5659,#1232,.T.);
#7546=EDGE_CURVE('',#5659,#5660,#1212,.T.);
#7548=EDGE_CURVE('',#5660,#5668,#1216,.T.);
#7550=EDGE_CURVE('',#5662,#5668,#1220,.T.);
#7561=EDGE_CURVE('',#5655,#5656,#1236,.T.);
#7563=EDGE_CURVE('',#5660,#5656,#1228,.T.);
#7587=EDGE_CURVE('',#5680,#5682,#1240,.T.);
#7601=EDGE_CURVE('',#5678,#5680,#1244,.T.);
#7603=EDGE_CURVE('',#5678,#5684,#1260,.T.);
#7605=EDGE_CURVE('',#5684,#5682,#1288,.T.);
#7615=EDGE_CURVE('',#5678,#5675,#1264,.T.);
#7619=EDGE_CURVE('',#5675,#5671,#1248,.T.);
#7629=EDGE_CURVE('',#5675,#5676,#1252,.T.);
#7631=EDGE_CURVE('',#5676,#5684,#1256,.T.);
#7643=EDGE_CURVE('',#5671,#5672,#1276,.T.);
#7645=EDGE_CURVE('',#5676,#5672,#1268,.T.);
#7657=EDGE_CURVE('',#5664,#5666,#1272,.T.);
#7685=EDGE_CURVE('',#5668,#5666,#1284,.T.);
#7720=EDGE_CURVE('',#4913,#4905,#1292,.T.);
#7722=EDGE_CURVE('',#4905,#4906,#1308,.T.);
#7724=EDGE_CURVE('',#4914,#4906,#1304,.T.);
#7735=EDGE_CURVE('',#4918,#4910,#1296,.T.);
#7737=EDGE_CURVE('',#4910,#4905,#1312,.T.);
#7749=EDGE_CURVE('',#4916,#4908,#1300,.T.);
#7751=EDGE_CURVE('',#4908,#4910,#1316,.T.);
#7764=EDGE_CURVE('',#4906,#4908,#1320,.T.);
#7781=EDGE_CURVE('',#5041,#5042,#1356,.T.);
#7783=EDGE_CURVE('',#5042,#5046,#1360,.T.);
#7785=EDGE_CURVE('',#5045,#5046,#1364,.T.);
#7787=EDGE_CURVE('',#5041,#5045,#1368,.T.);
#7797=EDGE_CURVE('',#5529,#5530,#1324,.T.);
#7799=EDGE_CURVE('',#5534,#5529,#1328,.T.);
#7801=EDGE_CURVE('',#5532,#5534,#1332,.T.);
#7803=EDGE_CURVE('',#5530,#5532,#1336,.T.);
#7807=EDGE_CURVE('',#5033,#5034,#1340,.T.);
#7809=EDGE_CURVE('',#5033,#5037,#1344,.T.);
#7811=EDGE_CURVE('',#5037,#5038,#1348,.T.);
#7813=EDGE_CURVE('',#5034,#5038,#1352,.T.);
#7824=EDGE_CURVE('',#5537,#5529,#1372,.T.);
#7827=EDGE_CURVE('',#5538,#5530,#1384,.T.);
#7838=EDGE_CURVE('',#5542,#5534,#1376,.T.);
#7851=EDGE_CURVE('',#5540,#5532,#1380,.T.);
#7875=EDGE_CURVE('',#5220,#5214,#1388,.T.);
#7877=EDGE_CURVE('',#5220,#5041,#1392,.T.);
#7880=EDGE_CURVE('',#5045,#5214,#1396,.T.);
#7890=EDGE_CURVE('',#5226,#5236,#1400,.T.);
#7892=EDGE_CURVE('',#5226,#5029,#1404,.T.);
#7895=EDGE_CURVE('',#5025,#5236,#1408,.T.);
#7905=EDGE_CURVE('',#5688,#5698,#1412,.T.);
#7907=EDGE_CURVE('',#5688,#5018,#1416,.T.);
#7910=EDGE_CURVE('',#5017,#5698,#1420,.T.);
#7920=EDGE_CURVE('',#5704,#5714,#1424,.T.);
#7922=EDGE_CURVE('',#5704,#5033,#1428,.T.);
#7925=EDGE_CURVE('',#5034,#5714,#1432,.T.);
#7935=EDGE_CURVE('',#5222,#5210,#1448,.T.);
#7937=EDGE_CURVE('',#5222,#5220,#1516,.T.);
#7940=EDGE_CURVE('',#5214,#5210,#1452,.T.);
#7950=EDGE_CURVE('',#5209,#5210,#1436,.T.);
#7952=EDGE_CURVE('',#5209,#5216,#1440,.T.);
#7954=EDGE_CURVE('',#5216,#5222,#1444,.T.);
#7967=EDGE_CURVE('',#5213,#5214,#1460,.T.);
#7969=EDGE_CURVE('',#5209,#5213,#1456,.T.);
#7982=EDGE_CURVE('',#5046,#5213,#1472,.T.);
#7992=EDGE_CURVE('',#5225,#5226,#1464,.T.);
#7994=EDGE_CURVE('',#5225,#5030,#1488,.T.);
#8006=EDGE_CURVE('',#5213,#5218,#1468,.T.);
#8010=EDGE_CURVE('',#5218,#5042,#1476,.T.);
#8020=EDGE_CURVE('',#5234,#5225,#1480,.T.);
#8022=EDGE_CURVE('',#5026,#5234,#1484,.T.);
#8034=EDGE_CURVE('',#5696,#5687,#1492,.T.);
#8036=EDGE_CURVE('',#5021,#5696,#1496,.T.);
#8039=EDGE_CURVE('',#5687,#5022,#1500,.T.);
#8049=EDGE_CURVE('',#5712,#5703,#1504,.T.);
#8051=EDGE_CURVE('',#5038,#5712,#1508,.T.);
#8054=EDGE_CURVE('',#5703,#5037,#1512,.T.);
#8067=EDGE_CURVE('',#5218,#5216,#1520,.T.);
#8077=EDGE_CURVE('',#5218,#5220,#1524,.T.);
#8102=EDGE_CURVE('',#5234,#5236,#1528,.T.);
#8116=EDGE_CURVE('',#5232,#5234,#1532,.T.);
#8118=EDGE_CURVE('',#5232,#5238,#1544,.T.);
#8120=EDGE_CURVE('',#5238,#5236,#1560,.T.);
#8130=EDGE_CURVE('',#5232,#5229,#1548,.T.);
#8134=EDGE_CURVE('',#5225,#5229,#1556,.T.);
#8144=EDGE_CURVE('',#5229,#5230,#1536,.T.);
#8146=EDGE_CURVE('',#5230,#5238,#1540,.T.);
#8159=EDGE_CURVE('',#5230,#5226,#1552,.T.);
#8183=EDGE_CURVE('',#5694,#5691,#1576,.T.);
#8185=EDGE_CURVE('',#5694,#5696,#1632,.T.);
#8188=EDGE_CURVE('',#5687,#5691,#1584,.T.);
#8198=EDGE_CURVE('',#5691,#5692,#1564,.T.);
#8200=EDGE_CURVE('',#5692,#5700,#1568,.T.);
#8202=EDGE_CURVE('',#5694,#5700,#1572,.T.);
#8213=EDGE_CURVE('',#5687,#5688,#1588,.T.);
#8215=EDGE_CURVE('',#5692,#5688,#1580,.T.);
#8239=EDGE_CURVE('',#5712,#5714,#1592,.T.);
#8253=EDGE_CURVE('',#5710,#5712,#1596,.T.);
#8255=EDGE_CURVE('',#5710,#5716,#1612,.T.);
#8257=EDGE_CURVE('',#5716,#5714,#1640,.T.);
#8267=EDGE_CURVE('',#5710,#5707,#1616,.T.);
#8271=EDGE_CURVE('',#5707,#5703,#1600,.T.);
#8281=EDGE_CURVE('',#5707,#5708,#1604,.T.);
#8283=EDGE_CURVE('',#5708,#5716,#1608,.T.);
#8295=EDGE_CURVE('',#5703,#5704,#1628,.T.);
#8297=EDGE_CURVE('',#5708,#5704,#1620,.T.);
#8309=EDGE_CURVE('',#5696,#5698,#1624,.T.);
#8337=EDGE_CURVE('',#5700,#5698,#1636,.T.);
#8372=EDGE_CURVE('',#5553,#5545,#1644,.T.);
#8374=EDGE_CURVE('',#5545,#5546,#1676,.T.);
#8376=EDGE_CURVE('',#5554,#5546,#1656,.T.);
#8387=EDGE_CURVE('',#5558,#5550,#1648,.T.);
#8389=EDGE_CURVE('',#5550,#5545,#1680,.T.);
#8401=EDGE_CURVE('',#5556,#5548,#1652,.T.);
#8403=EDGE_CURVE('',#5548,#5550,#1684,.T.);
#8416=EDGE_CURVE('',#5546,#5548,#1688,.T.);
#8427=EDGE_CURVE('',#4921,#4922,#1660,.T.);
#8429=EDGE_CURVE('',#4926,#4921,#1664,.T.);
#8431=EDGE_CURVE('',#4924,#4926,#1668,.T.);
#8433=EDGE_CURVE('',#4922,#4924,#1672,.T.);
#8437=EDGE_CURVE('',#5073,#5074,#1708,.T.);
#8439=EDGE_CURVE('',#5074,#5078,#1712,.T.);
#8441=EDGE_CURVE('',#5077,#5078,#1716,.T.);
#8443=EDGE_CURVE('',#5073,#5077,#1720,.T.);
#8459=EDGE_CURVE('',#5065,#5066,#1692,.T.);
#8461=EDGE_CURVE('',#5065,#5069,#1696,.T.);
#8463=EDGE_CURVE('',#5069,#5070,#1700,.T.);
#8465=EDGE_CURVE('',#5066,#5070,#1704,.T.);
#8476=EDGE_CURVE('',#4929,#4921,#1724,.T.);
#8479=EDGE_CURVE('',#4930,#4922,#2392,.T.);
#8489=EDGE_CURVE('',#5413,#5414,#1728,.T.);
#8491=EDGE_CURVE('',#5406,#5414,#1732,.T.);
#8494=EDGE_CURVE('',#4934,#4926,#1736,.T.);
#8499=EDGE_CURVE('',#5434,#5413,#1740,.T.);
#8509=EDGE_CURVE('',#5459,#5460,#1744,.T.);
#8511=EDGE_CURVE('',#5424,#5460,#1748,.T.);
#8513=EDGE_CURVE('',#5414,#5424,#1752,.T.);
#8516=EDGE_CURVE('',#5428,#5413,#1756,.T.);
#8518=EDGE_CURVE('',#5427,#5428,#1760,.T.);
#8520=EDGE_CURVE('',#5417,#5427,#1764,.T.);
#8522=EDGE_CURVE('',#5417,#5418,#2016,.T.);
#8524=EDGE_CURVE('',#5422,#5418,#1768,.T.);
#8526=EDGE_CURVE('',#5459,#5422,#1772,.T.);
#8536=EDGE_CURVE('',#5439,#5440,#1792,.T.);
#8538=EDGE_CURVE('',#5460,#5440,#1776,.T.);
#8541=EDGE_CURVE('',#5439,#5459,#1780,.T.);
#8551=EDGE_CURVE('',#5482,#5478,#1784,.T.);
#8553=EDGE_CURVE('',#5444,#5478,#1981,.T.);
#8555=EDGE_CURVE('',#5444,#5440,#1788,.T.);
#8558=EDGE_CURVE('',#5442,#5439,#1796,.T.);
#8560=EDGE_CURVE('',#5485,#5442,#1990,.T.);
#8562=EDGE_CURVE('',#5485,#5486,#1800,.T.);
#8573=EDGE_CURVE('',#5480,#5476,#1813,.T.);
#8575=EDGE_CURVE('',#5476,#5478,#2000,.T.);
#8587=EDGE_CURVE('',#5476,#5471,#1809,.T.);
#8592=EDGE_CURVE('',#4767,#4768,#1821,.T.);
#8594=EDGE_CURVE('',#5471,#4767,#1825,.T.);
#8604=EDGE_CURVE('',#5471,#5472,#1835,.T.);
#8606=EDGE_CURVE('',#5474,#5472,#1898,.T.);
#8608=EDGE_CURVE('',#5476,#5474,#1830,.T.);
#8621=EDGE_CURVE('',#4763,#4767,#1852,.T.);
#8623=EDGE_CURVE('',#5496,#4763,#1944,.T.);
#8625=EDGE_CURVE('',#5495,#5496,#1840,.T.);
#8627=EDGE_CURVE('',#5495,#5472,#1844,.T.);
#8637=EDGE_CURVE('',#5401,#5408,#1848,.T.);
#8640=EDGE_CURVE('',#4763,#4764,#1948,.T.);
#8645=EDGE_CURVE('',#5405,#5410,#1856,.T.);
#8647=EDGE_CURVE('',#5410,#5408,#1860,.T.);
#8659=EDGE_CURVE('',#5408,#5422,#1864,.T.);
#8662=EDGE_CURVE('',#5402,#5418,#2028,.T.);
#8672=EDGE_CURVE('',#5459,#5462,#1868,.T.);
#8677=EDGE_CURVE('',#5410,#5424,#1872,.T.);
#8680=EDGE_CURVE('',#5460,#5468,#1876,.T.);
#8682=EDGE_CURVE('',#5466,#5468,#1881,.T.);
#8684=EDGE_CURVE('',#5464,#5466,#1885,.T.);
#8686=EDGE_CURVE('',#5462,#5464,#1890,.T.);
#8699=EDGE_CURVE('',#5448,#5462,#1894,.T.);
#8701=EDGE_CURVE('',#5447,#5448,#1910,.T.);
#8703=EDGE_CURVE('',#5442,#5447,#1995,.T.);
#8713=EDGE_CURVE('',#5448,#5450,#1915,.T.);
#8717=EDGE_CURVE('',#5450,#5464,#2012,.T.);
#8729=EDGE_CURVE('',#5495,#5492,#1902,.T.);
#8731=EDGE_CURVE('',#5492,#5447,#1906,.T.);
#8735=EDGE_CURVE('',#5450,#5452,#1919,.T.);
#8737=EDGE_CURVE('',#5452,#5454,#1924,.T.);
#8739=EDGE_CURVE('',#5456,#5454,#1928,.T.);
#8741=EDGE_CURVE('',#5456,#5474,#1932,.T.);
#8752=EDGE_CURVE('',#5496,#5489,#1940,.T.);
#8754=EDGE_CURVE('',#5489,#5492,#1967,.T.);
#8765=EDGE_CURVE('',#5489,#5490,#1936,.T.);
#8781=EDGE_CURVE('',#5489,#5485,#1957,.T.);
#8793=EDGE_CURVE('',#5492,#5485,#1986,.T.);
#8805=EDGE_CURVE('',#5478,#5474,#1972,.T.);
#8808=EDGE_CURVE('',#5444,#5456,#1977,.T.);
#8845=EDGE_CURVE('',#5454,#5468,#2004,.T.);
#8858=EDGE_CURVE('',#5452,#5466,#2008,.T.);
#8896=EDGE_CURVE('',#5420,#5417,#2020,.T.);
#8899=EDGE_CURVE('',#4950,#4942,#2024,.T.);
#8901=EDGE_CURVE('',#4942,#4937,#2056,.T.);
#8903=EDGE_CURVE('',#4945,#4937,#2048,.T.);
#8918=EDGE_CURVE('',#5430,#5427,#2032,.T.);
#8931=EDGE_CURVE('',#5432,#5428,#2036,.T.);
#8954=EDGE_CURVE('',#4948,#4940,#2040,.T.);
#8956=EDGE_CURVE('',#4940,#4942,#2060,.T.);
#8968=EDGE_CURVE('',#4946,#4938,#2044,.T.);
#8970=EDGE_CURVE('',#4938,#4940,#2064,.T.);
#8983=EDGE_CURVE('',#4937,#4938,#2052,.T.);
#9000=EDGE_CURVE('',#5105,#5106,#2100,.T.);
#9002=EDGE_CURVE('',#5106,#5110,#2104,.T.);
#9004=EDGE_CURVE('',#5109,#5110,#2108,.T.);
#9006=EDGE_CURVE('',#5105,#5109,#2112,.T.);
#9016=EDGE_CURVE('',#5561,#5562,#2068,.T.);
#9018=EDGE_CURVE('',#5566,#5561,#2072,.T.);
#9020=EDGE_CURVE('',#5564,#5566,#2076,.T.);
#9022=EDGE_CURVE('',#5562,#5564,#2080,.T.);
#9026=EDGE_CURVE('',#5097,#5098,#2084,.T.);
#9028=EDGE_CURVE('',#5097,#5101,#2088,.T.);
#9030=EDGE_CURVE('',#5101,#5102,#2092,.T.);
#9032=EDGE_CURVE('',#5098,#5102,#2096,.T.);
#9043=EDGE_CURVE('',#5569,#5561,#2116,.T.);
#9046=EDGE_CURVE('',#5570,#5562,#2128,.T.);
#9057=EDGE_CURVE('',#5574,#5566,#2120,.T.);
#9070=EDGE_CURVE('',#5572,#5564,#2124,.T.);
#9094=EDGE_CURVE('',#5284,#5278,#2132,.T.);
#9096=EDGE_CURVE('',#5284,#5105,#2136,.T.);
#9099=EDGE_CURVE('',#5109,#5278,#2140,.T.);
#9109=EDGE_CURVE('',#5290,#5300,#2144,.T.);
#9111=EDGE_CURVE('',#5290,#5093,#2148,.T.);
#9114=EDGE_CURVE('',#5089,#5300,#2152,.T.);
#9124=EDGE_CURVE('',#5752,#5762,#2156,.T.);
#9126=EDGE_CURVE('',#5752,#5082,#2160,.T.);
#9129=EDGE_CURVE('',#5081,#5762,#2164,.T.);
#9139=EDGE_CURVE('',#5768,#5778,#2168,.T.);
#9141=EDGE_CURVE('',#5768,#5097,#2172,.T.);
#9144=EDGE_CURVE('',#5098,#5778,#2176,.T.);
#9154=EDGE_CURVE('',#5286,#5274,#2192,.T.);
#9156=EDGE_CURVE('',#5286,#5284,#2260,.T.);
#9159=EDGE_CURVE('',#5278,#5274,#2196,.T.);
#9169=EDGE_CURVE('',#5273,#5274,#2180,.T.);
#9171=EDGE_CURVE('',#5273,#5280,#2184,.T.);
#9173=EDGE_CURVE('',#5280,#5286,#2188,.T.);
#9186=EDGE_CURVE('',#5277,#5278,#2204,.T.);
#9188=EDGE_CURVE('',#5273,#5277,#2200,.T.);
#9201=EDGE_CURVE('',#5110,#5277,#2216,.T.);
#9211=EDGE_CURVE('',#5289,#5290,#2208,.T.);
#9213=EDGE_CURVE('',#5289,#5094,#2232,.T.);
#9225=EDGE_CURVE('',#5277,#5282,#2212,.T.);
#9229=EDGE_CURVE('',#5282,#5106,#2220,.T.);
#9239=EDGE_CURVE('',#5298,#5289,#2224,.T.);
#9241=EDGE_CURVE('',#5090,#5298,#2228,.T.);
#9253=EDGE_CURVE('',#5760,#5751,#2236,.T.);
#9255=EDGE_CURVE('',#5085,#5760,#2240,.T.);
#9258=EDGE_CURVE('',#5751,#5086,#2244,.T.);
#9268=EDGE_CURVE('',#5776,#5767,#2248,.T.);
#9270=EDGE_CURVE('',#5102,#5776,#2252,.T.);
#9273=EDGE_CURVE('',#5767,#5101,#2256,.T.);
#9286=EDGE_CURVE('',#5282,#5280,#2264,.T.);
#9296=EDGE_CURVE('',#5282,#5284,#2268,.T.);
#9321=EDGE_CURVE('',#5298,#5300,#2272,.T.);
#9335=EDGE_CURVE('',#5296,#5298,#2276,.T.);
#9337=EDGE_CURVE('',#5296,#5302,#2288,.T.);
#9339=EDGE_CURVE('',#5302,#5300,#2304,.T.);
#9349=EDGE_CURVE('',#5296,#5293,#2292,.T.);
#9353=EDGE_CURVE('',#5289,#5293,#2300,.T.);
#9363=EDGE_CURVE('',#5293,#5294,#2280,.T.);
#9365=EDGE_CURVE('',#5294,#5302,#2284,.T.);
#9378=EDGE_CURVE('',#5294,#5290,#2296,.T.);
#9402=EDGE_CURVE('',#5758,#5755,#2320,.T.);
#9404=EDGE_CURVE('',#5758,#5760,#2376,.T.);
#9407=EDGE_CURVE('',#5751,#5755,#2328,.T.);
#9417=EDGE_CURVE('',#5755,#5756,#2308,.T.);
#9419=EDGE_CURVE('',#5756,#5764,#2312,.T.);
#9421=EDGE_CURVE('',#5758,#5764,#2316,.T.);
#9432=EDGE_CURVE('',#5751,#5752,#2332,.T.);
#9434=EDGE_CURVE('',#5756,#5752,#2324,.T.);
#9458=EDGE_CURVE('',#5776,#5778,#2336,.T.);
#9472=EDGE_CURVE('',#5774,#5776,#2340,.T.);
#9474=EDGE_CURVE('',#5774,#5780,#2356,.T.);
#9476=EDGE_CURVE('',#5780,#5778,#2384,.T.);
#9486=EDGE_CURVE('',#5774,#5771,#2360,.T.);
#9490=EDGE_CURVE('',#5771,#5767,#2344,.T.);
#9500=EDGE_CURVE('',#5771,#5772,#2348,.T.);
#9502=EDGE_CURVE('',#5772,#5780,#2352,.T.);
#9514=EDGE_CURVE('',#5767,#5768,#2372,.T.);
#9516=EDGE_CURVE('',#5772,#5768,#2364,.T.);
#9528=EDGE_CURVE('',#5760,#5762,#2368,.T.);
#9556=EDGE_CURVE('',#5764,#5762,#2380,.T.);
#9591=EDGE_CURVE('',#4932,#4924,#2388,.T.);
#9615=EDGE_CURVE('',#5252,#5246,#2396,.T.);
#9617=EDGE_CURVE('',#5252,#5073,#2400,.T.);
#9620=EDGE_CURVE('',#5077,#5246,#2404,.T.);
#9630=EDGE_CURVE('',#5258,#5268,#2408,.T.);
#9632=EDGE_CURVE('',#5258,#5061,#2412,.T.);
#9635=EDGE_CURVE('',#5057,#5268,#2416,.T.);
#9645=EDGE_CURVE('',#5720,#5730,#2420,.T.);
#9647=EDGE_CURVE('',#5720,#5050,#2424,.T.);
#9650=EDGE_CURVE('',#5049,#5730,#2428,.T.);
#9660=EDGE_CURVE('',#5736,#5746,#2432,.T.);
#9662=EDGE_CURVE('',#5736,#5065,#2436,.T.);
#9665=EDGE_CURVE('',#5066,#5746,#2440,.T.);
#9675=EDGE_CURVE('',#5254,#5242,#2456,.T.);
#9677=EDGE_CURVE('',#5254,#5252,#2524,.T.);
#9680=EDGE_CURVE('',#5246,#5242,#2460,.T.);
#9690=EDGE_CURVE('',#5241,#5242,#2444,.T.);
#9692=EDGE_CURVE('',#5241,#5248,#2448,.T.);
#9694=EDGE_CURVE('',#5248,#5254,#2452,.T.);
#9707=EDGE_CURVE('',#5245,#5246,#2468,.T.);
#9709=EDGE_CURVE('',#5241,#5245,#2464,.T.);
#9722=EDGE_CURVE('',#5078,#5245,#2480,.T.);
#9732=EDGE_CURVE('',#5257,#5258,#2472,.T.);
#9734=EDGE_CURVE('',#5257,#5062,#2496,.T.);
#9746=EDGE_CURVE('',#5245,#5250,#2476,.T.);
#9750=EDGE_CURVE('',#5250,#5074,#2484,.T.);
#9760=EDGE_CURVE('',#5266,#5257,#2488,.T.);
#9762=EDGE_CURVE('',#5058,#5266,#2492,.T.);
#9774=EDGE_CURVE('',#5728,#5719,#2500,.T.);
#9776=EDGE_CURVE('',#5053,#5728,#2504,.T.);
#9779=EDGE_CURVE('',#5719,#5054,#2508,.T.);
#9789=EDGE_CURVE('',#5744,#5735,#2512,.T.);
#9791=EDGE_CURVE('',#5070,#5744,#2516,.T.);
#9794=EDGE_CURVE('',#5735,#5069,#2520,.T.);
#9807=EDGE_CURVE('',#5250,#5248,#2528,.T.);
#9817=EDGE_CURVE('',#5250,#5252,#2532,.T.);
#9842=EDGE_CURVE('',#5266,#5268,#2536,.T.);
#9856=EDGE_CURVE('',#5264,#5266,#2540,.T.);
#9858=EDGE_CURVE('',#5264,#5270,#2552,.T.);
#9860=EDGE_CURVE('',#5270,#5268,#2568,.T.);
#9870=EDGE_CURVE('',#5264,#5261,#2556,.T.);
#9874=EDGE_CURVE('',#5257,#5261,#2564,.T.);
#9884=EDGE_CURVE('',#5261,#5262,#2544,.T.);
#9886=EDGE_CURVE('',#5262,#5270,#2548,.T.);
#9899=EDGE_CURVE('',#5262,#5258,#2560,.T.);
#9923=EDGE_CURVE('',#5726,#5723,#2584,.T.);
#9925=EDGE_CURVE('',#5726,#5728,#2640,.T.);
#9928=EDGE_CURVE('',#5719,#5723,#2592,.T.);
#9938=EDGE_CURVE('',#5723,#5724,#2572,.T.);
#9940=EDGE_CURVE('',#5724,#5732,#2576,.T.);
#9942=EDGE_CURVE('',#5726,#5732,#2580,.T.);
#9953=EDGE_CURVE('',#5719,#5720,#2596,.T.);
#9955=EDGE_CURVE('',#5724,#5720,#2588,.T.);
#9979=EDGE_CURVE('',#5744,#5746,#2600,.T.);
#9993=EDGE_CURVE('',#5742,#5744,#2604,.T.);
#9995=EDGE_CURVE('',#5742,#5748,#2620,.T.);
#9997=EDGE_CURVE('',#5748,#5746,#2648,.T.);
#10007=EDGE_CURVE('',#5742,#5739,#2624,.T.);
#10011=EDGE_CURVE('',#5739,#5735,#2608,.T.);
#10021=EDGE_CURVE('',#5739,#5740,#2612,.T.);
#10023=EDGE_CURVE('',#5740,#5748,#2616,.T.);
#10035=EDGE_CURVE('',#5735,#5736,#2636,.T.);
#10037=EDGE_CURVE('',#5740,#5736,#2628,.T.);
#10049=EDGE_CURVE('',#5728,#5730,#2632,.T.);
#10077=EDGE_CURVE('',#5732,#5730,#2644,.T.);
#10112=EDGE_CURVE('',#4961,#4953,#2652,.T.);
#10114=EDGE_CURVE('',#4953,#4954,#2668,.T.);
#10116=EDGE_CURVE('',#4962,#4954,#2664,.T.);
#10127=EDGE_CURVE('',#4966,#4958,#2656,.T.);
#10129=EDGE_CURVE('',#4958,#4953,#2672,.T.);
#10141=EDGE_CURVE('',#4964,#4956,#2660,.T.);
#10143=EDGE_CURVE('',#4956,#4958,#2676,.T.);
#10156=EDGE_CURVE('',#4954,#4956,#2680,.T.);
#10173=EDGE_CURVE('',#5137,#5138,#2716,.T.);
#10175=EDGE_CURVE('',#5138,#5142,#2720,.T.);
#10177=EDGE_CURVE('',#5141,#5142,#2724,.T.);
#10179=EDGE_CURVE('',#5137,#5141,#2728,.T.);
#10189=EDGE_CURVE('',#5577,#5578,#2684,.T.);
#10191=EDGE_CURVE('',#5582,#5577,#2688,.T.);
#10193=EDGE_CURVE('',#5580,#5582,#2692,.T.);
#10195=EDGE_CURVE('',#5578,#5580,#2696,.T.);
#10199=EDGE_CURVE('',#5129,#5130,#2700,.T.);
#10201=EDGE_CURVE('',#5129,#5133,#2704,.T.);
#10203=EDGE_CURVE('',#5133,#5134,#2708,.T.);
#10205=EDGE_CURVE('',#5130,#5134,#2712,.T.);
#10216=EDGE_CURVE('',#5585,#5577,#2732,.T.);
#10219=EDGE_CURVE('',#5586,#5578,#2744,.T.);
#10230=EDGE_CURVE('',#5590,#5582,#2736,.T.);
#10243=EDGE_CURVE('',#5588,#5580,#2740,.T.);
#10267=EDGE_CURVE('',#5316,#5310,#2748,.T.);
#10269=EDGE_CURVE('',#5316,#5137,#2752,.T.);
#10272=EDGE_CURVE('',#5141,#5310,#2756,.T.);
#10282=EDGE_CURVE('',#5322,#5332,#2760,.T.);
#10284=EDGE_CURVE('',#5322,#5125,#2764,.T.);
#10287=EDGE_CURVE('',#5121,#5332,#2768,.T.);
#10297=EDGE_CURVE('',#5784,#5794,#2772,.T.);
#10299=EDGE_CURVE('',#5784,#5114,#2776,.T.);
#10302=EDGE_CURVE('',#5113,#5794,#2780,.T.);
#10312=EDGE_CURVE('',#5800,#5810,#2784,.T.);
#10314=EDGE_CURVE('',#5800,#5129,#2788,.T.);
#10317=EDGE_CURVE('',#5130,#5810,#2792,.T.);
#10327=EDGE_CURVE('',#5318,#5306,#2808,.T.);
#10329=EDGE_CURVE('',#5318,#5316,#2876,.T.);
#10332=EDGE_CURVE('',#5310,#5306,#2812,.T.);
#10342=EDGE_CURVE('',#5305,#5306,#2796,.T.);
#10344=EDGE_CURVE('',#5305,#5312,#2800,.T.);
#10346=EDGE_CURVE('',#5312,#5318,#2804,.T.);
#10359=EDGE_CURVE('',#5309,#5310,#2820,.T.);
#10361=EDGE_CURVE('',#5305,#5309,#2816,.T.);
#10374=EDGE_CURVE('',#5142,#5309,#2832,.T.);
#10384=EDGE_CURVE('',#5321,#5322,#2824,.T.);
#10386=EDGE_CURVE('',#5321,#5126,#2848,.T.);
#10398=EDGE_CURVE('',#5309,#5314,#2828,.T.);
#10402=EDGE_CURVE('',#5314,#5138,#2836,.T.);
#10412=EDGE_CURVE('',#5330,#5321,#2840,.T.);
#10414=EDGE_CURVE('',#5122,#5330,#2844,.T.);
#10426=EDGE_CURVE('',#5792,#5783,#2852,.T.);
#10428=EDGE_CURVE('',#5117,#5792,#2856,.T.);
#10431=EDGE_CURVE('',#5783,#5118,#2860,.T.);
#10441=EDGE_CURVE('',#5808,#5799,#2864,.T.);
#10443=EDGE_CURVE('',#5134,#5808,#2868,.T.);
#10446=EDGE_CURVE('',#5799,#5133,#2872,.T.);
#10459=EDGE_CURVE('',#5314,#5312,#2880,.T.);
#10469=EDGE_CURVE('',#5314,#5316,#2884,.T.);
#10494=EDGE_CURVE('',#5330,#5332,#2888,.T.);
#10508=EDGE_CURVE('',#5328,#5330,#2892,.T.);
#10510=EDGE_CURVE('',#5328,#5334,#2904,.T.);
#10512=EDGE_CURVE('',#5334,#5332,#2920,.T.);
#10522=EDGE_CURVE('',#5328,#5325,#2908,.T.);
#10526=EDGE_CURVE('',#5321,#5325,#2916,.T.);
#10536=EDGE_CURVE('',#5325,#5326,#2896,.T.);
#10538=EDGE_CURVE('',#5326,#5334,#2900,.T.);
#10551=EDGE_CURVE('',#5326,#5322,#2912,.T.);
#10575=EDGE_CURVE('',#5790,#5787,#2936,.T.);
#10577=EDGE_CURVE('',#5790,#5792,#2992,.T.);
#10580=EDGE_CURVE('',#5783,#5787,#2944,.T.);
#10590=EDGE_CURVE('',#5787,#5788,#2924,.T.);
#10592=EDGE_CURVE('',#5788,#5796,#2928,.T.);
#10594=EDGE_CURVE('',#5790,#5796,#2932,.T.);
#10605=EDGE_CURVE('',#5783,#5784,#2948,.T.);
#10607=EDGE_CURVE('',#5788,#5784,#2940,.T.);
#10631=EDGE_CURVE('',#5808,#5810,#2952,.T.);
#10645=EDGE_CURVE('',#5806,#5808,#2956,.T.);
#10647=EDGE_CURVE('',#5806,#5812,#2972,.T.);
#10649=EDGE_CURVE('',#5812,#5810,#3000,.T.);
#10659=EDGE_CURVE('',#5806,#5803,#2976,.T.);
#10663=EDGE_CURVE('',#5803,#5799,#2960,.T.);
#10673=EDGE_CURVE('',#5803,#5804,#2964,.T.);
#10675=EDGE_CURVE('',#5804,#5812,#2968,.T.);
#10687=EDGE_CURVE('',#5799,#5800,#2988,.T.);
#10689=EDGE_CURVE('',#5804,#5800,#2980,.T.);
#10701=EDGE_CURVE('',#5792,#5794,#2984,.T.);
#10729=EDGE_CURVE('',#5796,#5794,#2996,.T.);
#10764=EDGE_CURVE('',#4977,#4969,#3004,.T.);
#10766=EDGE_CURVE('',#4969,#4970,#3020,.T.);
#10768=EDGE_CURVE('',#4978,#4970,#3016,.T.);
#10779=EDGE_CURVE('',#4982,#4974,#3008,.T.);
#10781=EDGE_CURVE('',#4974,#4969,#3024,.T.);
#10793=EDGE_CURVE('',#4980,#4972,#3012,.T.);
#10795=EDGE_CURVE('',#4972,#4974,#3028,.T.);
#10808=EDGE_CURVE('',#4970,#4972,#3032,.T.);
#10825=EDGE_CURVE('',#5169,#5170,#3068,.T.);
#10827=EDGE_CURVE('',#5170,#5174,#3072,.T.);
#10829=EDGE_CURVE('',#5173,#5174,#3076,.T.);
#10831=EDGE_CURVE('',#5169,#5173,#3080,.T.);
#10841=EDGE_CURVE('',#5593,#5594,#3036,.T.);
#10843=EDGE_CURVE('',#5598,#5593,#3040,.T.);
#10845=EDGE_CURVE('',#5596,#5598,#3044,.T.);
#10847=EDGE_CURVE('',#5594,#5596,#3048,.T.);
#10851=EDGE_CURVE('',#5161,#5162,#3052,.T.);
#10853=EDGE_CURVE('',#5161,#5165,#3056,.T.);
#10855=EDGE_CURVE('',#5165,#5166,#3060,.T.);
#10857=EDGE_CURVE('',#5162,#5166,#3064,.T.);
#10868=EDGE_CURVE('',#5601,#5593,#3084,.T.);
#10871=EDGE_CURVE('',#5602,#5594,#3096,.T.);
#10882=EDGE_CURVE('',#5606,#5598,#3088,.T.);
#10895=EDGE_CURVE('',#5604,#5596,#3092,.T.);
#10919=EDGE_CURVE('',#5348,#5342,#3100,.T.);
#10921=EDGE_CURVE('',#5348,#5169,#3104,.T.);
#10924=EDGE_CURVE('',#5173,#5342,#3108,.T.);
#10934=EDGE_CURVE('',#5354,#5364,#3112,.T.);
#10936=EDGE_CURVE('',#5354,#5157,#3116,.T.);
#10939=EDGE_CURVE('',#5153,#5364,#3120,.T.);
#10949=EDGE_CURVE('',#5816,#5826,#3124,.T.);
#10951=EDGE_CURVE('',#5816,#5146,#3128,.T.);
#10954=EDGE_CURVE('',#5145,#5826,#3132,.T.);
#10964=EDGE_CURVE('',#5832,#5842,#3136,.T.);
#10966=EDGE_CURVE('',#5832,#5161,#3140,.T.);
#10969=EDGE_CURVE('',#5162,#5842,#3144,.T.);
#10979=EDGE_CURVE('',#5350,#5338,#3160,.T.);
#10981=EDGE_CURVE('',#5350,#5348,#3228,.T.);
#10984=EDGE_CURVE('',#5342,#5338,#3164,.T.);
#10994=EDGE_CURVE('',#5337,#5338,#3148,.T.);
#10996=EDGE_CURVE('',#5337,#5344,#3152,.T.);
#10998=EDGE_CURVE('',#5344,#5350,#3156,.T.);
#11011=EDGE_CURVE('',#5341,#5342,#3172,.T.);
#11013=EDGE_CURVE('',#5337,#5341,#3168,.T.);
#11026=EDGE_CURVE('',#5174,#5341,#3184,.T.);
#11036=EDGE_CURVE('',#5353,#5354,#3176,.T.);
#11038=EDGE_CURVE('',#5353,#5158,#3200,.T.);
#11050=EDGE_CURVE('',#5341,#5346,#3180,.T.);
#11054=EDGE_CURVE('',#5346,#5170,#3188,.T.);
#11064=EDGE_CURVE('',#5362,#5353,#3192,.T.);
#11066=EDGE_CURVE('',#5154,#5362,#3196,.T.);
#11078=EDGE_CURVE('',#5824,#5815,#3204,.T.);
#11080=EDGE_CURVE('',#5149,#5824,#3208,.T.);
#11083=EDGE_CURVE('',#5815,#5150,#3212,.T.);
#11093=EDGE_CURVE('',#5840,#5831,#3216,.T.);
#11095=EDGE_CURVE('',#5166,#5840,#3220,.T.);
#11098=EDGE_CURVE('',#5831,#5165,#3224,.T.);
#11111=EDGE_CURVE('',#5346,#5344,#3232,.T.);
#11121=EDGE_CURVE('',#5346,#5348,#3236,.T.);
#11146=EDGE_CURVE('',#5362,#5364,#3240,.T.);
#11160=EDGE_CURVE('',#5360,#5362,#3244,.T.);
#11162=EDGE_CURVE('',#5360,#5366,#3256,.T.);
#11164=EDGE_CURVE('',#5366,#5364,#3272,.T.);
#11174=EDGE_CURVE('',#5360,#5357,#3260,.T.);
#11178=EDGE_CURVE('',#5353,#5357,#3268,.T.);
#11188=EDGE_CURVE('',#5357,#5358,#3248,.T.);
#11190=EDGE_CURVE('',#5358,#5366,#3252,.T.);
#11203=EDGE_CURVE('',#5358,#5354,#3264,.T.);
#11227=EDGE_CURVE('',#5822,#5819,#3288,.T.);
#11229=EDGE_CURVE('',#5822,#5824,#3344,.T.);
#11232=EDGE_CURVE('',#5815,#5819,#3296,.T.);
#11242=EDGE_CURVE('',#5819,#5820,#3276,.T.);
#11244=EDGE_CURVE('',#5820,#5828,#3280,.T.);
#11246=EDGE_CURVE('',#5822,#5828,#3284,.T.);
#11257=EDGE_CURVE('',#5815,#5816,#3300,.T.);
#11259=EDGE_CURVE('',#5820,#5816,#3292,.T.);
#11283=EDGE_CURVE('',#5840,#5842,#3304,.T.);
#11297=EDGE_CURVE('',#5838,#5840,#3308,.T.);
#11299=EDGE_CURVE('',#5838,#5844,#3324,.T.);
#11301=EDGE_CURVE('',#5844,#5842,#3352,.T.);
#11311=EDGE_CURVE('',#5838,#5835,#3328,.T.);
#11315=EDGE_CURVE('',#5835,#5831,#3312,.T.);
#11325=EDGE_CURVE('',#5835,#5836,#3316,.T.);
#11327=EDGE_CURVE('',#5836,#5844,#3320,.T.);
#11339=EDGE_CURVE('',#5831,#5832,#3340,.T.);
#11341=EDGE_CURVE('',#5836,#5832,#3332,.T.);
#11353=EDGE_CURVE('',#5824,#5826,#3336,.T.);
#11381=EDGE_CURVE('',#5828,#5826,#3348,.T.);
#11416=EDGE_CURVE('',#5863,#5847,#3356,.T.);
#11418=EDGE_CURVE('',#5847,#5848,#3372,.T.);
#11420=EDGE_CURVE('',#5864,#5848,#3368,.T.);
#11431=EDGE_CURVE('',#5868,#5852,#3360,.T.);
#11433=EDGE_CURVE('',#5852,#5847,#3376,.T.);
#11445=EDGE_CURVE('',#5866,#5850,#3364,.T.);
#11447=EDGE_CURVE('',#5850,#5852,#3380,.T.);
#11460=EDGE_CURVE('',#5848,#5850,#3384,.T.);
#11477=EDGE_CURVE('',#5899,#5900,#3420,.T.);
#11479=EDGE_CURVE('',#5899,#5907,#3424,.T.);
#11481=EDGE_CURVE('',#5907,#5908,#3428,.T.);
#11483=EDGE_CURVE('',#5900,#5908,#3432,.T.);
#11493=EDGE_CURVE('',#5855,#5856,#3388,.T.);
#11495=EDGE_CURVE('',#5860,#5855,#3392,.T.);
#11497=EDGE_CURVE('',#5858,#5860,#3396,.T.);
#11499=EDGE_CURVE('',#5856,#5858,#3400,.T.);
#11503=EDGE_CURVE('',#5895,#5896,#3404,.T.);
#11505=EDGE_CURVE('',#5895,#5903,#3408,.T.);
#11507=EDGE_CURVE('',#5903,#5904,#3412,.T.);
#11509=EDGE_CURVE('',#5896,#5904,#3416,.T.);
#11520=EDGE_CURVE('',#5871,#5855,#3436,.T.);
#11523=EDGE_CURVE('',#5872,#5856,#3448,.T.);
#11534=EDGE_CURVE('',#5876,#5860,#3440,.T.);
#11547=EDGE_CURVE('',#5874,#5858,#3444,.T.);
#11571=EDGE_CURVE('',#5370,#5377,#3452,.T.);
#11573=EDGE_CURVE('',#5370,#5899,#3456,.T.);
#11576=EDGE_CURVE('',#5900,#5377,#3460,.T.);
#11586=EDGE_CURVE('',#5394,#5386,#3464,.T.);
#11588=EDGE_CURVE('',#5394,#5884,#3468,.T.);
#11591=EDGE_CURVE('',#5883,#5386,#3472,.T.);
#11601=EDGE_CURVE('',#5912,#5922,#3476,.T.);
#11603=EDGE_CURVE('',#5912,#5880,#3480,.T.);
#11606=EDGE_CURVE('',#5879,#5922,#3484,.T.);
#11616=EDGE_CURVE('',#5928,#5938,#3488,.T.);
#11618=EDGE_CURVE('',#5928,#5895,#3492,.T.);
#11621=EDGE_CURVE('',#5896,#5938,#3496,.T.);
#11631=EDGE_CURVE('',#5369,#5370,#3500,.T.);
#11634=EDGE_CURVE('',#5377,#5378,#3524,.T.);
#11636=EDGE_CURVE('',#5369,#5378,#3520,.T.);
#11647=EDGE_CURVE('',#5374,#5369,#3516,.T.);
#11649=EDGE_CURVE('',#5373,#5374,#3504,.T.);
#11651=EDGE_CURVE('',#5373,#5370,#3588,.T.);
#11661=EDGE_CURVE('',#5381,#5378,#3508,.T.);
#11663=EDGE_CURVE('',#5381,#5374,#3512,.T.);
#11676=EDGE_CURVE('',#5382,#5377,#3532,.T.);
#11678=EDGE_CURVE('',#5381,#5382,#3528,.T.);
#11692=EDGE_CURVE('',#5908,#5382,#3544,.T.);
#11702=EDGE_CURVE('',#5397,#5394,#3536,.T.);
#11704=EDGE_CURVE('',#5397,#5892,#3560,.T.);
#11716=EDGE_CURVE('',#5382,#5373,#3540,.T.);
#11720=EDGE_CURVE('',#5373,#5907,#3548,.T.);
#11730=EDGE_CURVE('',#5390,#5397,#3552,.T.);
#11732=EDGE_CURVE('',#5891,#5390,#3556,.T.);
#11744=EDGE_CURVE('',#5920,#5911,#3564,.T.);
#11746=EDGE_CURVE('',#5887,#5920,#3568,.T.);
#11749=EDGE_CURVE('',#5911,#5888,#3572,.T.);
#11759=EDGE_CURVE('',#5936,#5927,#3576,.T.);
#11761=EDGE_CURVE('',#5904,#5936,#3580,.T.);
#11764=EDGE_CURVE('',#5927,#5903,#3584,.T.);
#11798=EDGE_CURVE('',#5390,#5386,#3592,.T.);
#11811=EDGE_CURVE('',#5385,#5386,#3600,.T.);
#11814=EDGE_CURVE('',#5389,#5390,#3596,.T.);
#11816=EDGE_CURVE('',#5389,#5385,#3612,.T.);
#11827=EDGE_CURVE('',#5393,#5385,#3608,.T.);
#11829=EDGE_CURVE('',#5393,#5394,#3620,.T.);
#11840=EDGE_CURVE('',#5398,#5393,#3604,.T.);
#11844=EDGE_CURVE('',#5389,#5398,#3616,.T.);
#11856=EDGE_CURVE('',#5397,#5398,#3624,.T.);
#11879=EDGE_CURVE('',#5918,#5915,#3640,.T.);
#11881=EDGE_CURVE('',#5918,#5920,#3696,.T.);
#11884=EDGE_CURVE('',#5911,#5915,#3648,.T.);
#11894=EDGE_CURVE('',#5915,#5916,#3628,.T.);
#11896=EDGE_CURVE('',#5916,#5924,#3632,.T.);
#11898=EDGE_CURVE('',#5918,#5924,#3636,.T.);
#11909=EDGE_CURVE('',#5911,#5912,#3652,.T.);
#11911=EDGE_CURVE('',#5916,#5912,#3644,.T.);
#11935=EDGE_CURVE('',#5936,#5938,#3656,.T.);
#11949=EDGE_CURVE('',#5934,#5936,#3660,.T.);
#11951=EDGE_CURVE('',#5934,#5940,#3676,.T.);
#11953=EDGE_CURVE('',#5940,#5938,#3704,.T.);
#11963=EDGE_CURVE('',#5934,#5931,#3680,.T.);
#11967=EDGE_CURVE('',#5931,#5927,#3664,.T.);
#11977=EDGE_CURVE('',#5931,#5932,#3668,.T.);
#11979=EDGE_CURVE('',#5932,#5940,#3672,.T.);
#11991=EDGE_CURVE('',#5927,#5928,#3692,.T.);
#11993=EDGE_CURVE('',#5932,#5928,#3684,.T.);
#12005=EDGE_CURVE('',#5920,#5922,#3688,.T.);
#12033=EDGE_CURVE('',#5924,#5922,#3700,.T.);
#12068=EDGE_CURVE('',#4820,#4812,#3708,.T.);
#12070=EDGE_CURVE('',#4812,#4814,#3792,.T.);
#12072=EDGE_CURVE('',#5609,#4814,#3740,.T.);
#12074=EDGE_CURVE('',#5609,#5610,#3712,.T.);
#12076=EDGE_CURVE('',#5610,#5612,#3716,.T.);
#12078=EDGE_CURVE('',#5436,#5612,#3720,.T.);
#12089=EDGE_CURVE('',#4819,#4811,#3724,.T.);
#12091=EDGE_CURVE('',#4811,#4812,#3780,.T.);
#12103=EDGE_CURVE('',#4822,#4816,#3728,.T.);
#12105=EDGE_CURVE('',#4816,#4811,#3784,.T.);
#12117=EDGE_CURVE('',#5508,#5500,#3736,.T.);
#12119=EDGE_CURVE('',#5500,#5502,#3808,.T.);
#12121=EDGE_CURVE('',#5615,#5502,#3756,.T.);
#12123=EDGE_CURVE('',#5609,#5615,#3768,.T.);
#12126=EDGE_CURVE('',#4814,#4816,#3788,.T.);
#12138=EDGE_CURVE('',#5507,#5499,#3744,.T.);
#12140=EDGE_CURVE('',#5499,#5500,#3796,.T.);
#12152=EDGE_CURVE('',#5510,#5504,#3748,.T.);
#12154=EDGE_CURVE('',#5504,#5499,#3800,.T.);
#12165=EDGE_CURVE('',#5615,#5616,#3752,.T.);
#12168=EDGE_CURVE('',#5502,#5504,#3804,.T.);
#12172=EDGE_CURVE('',#5620,#5618,#3760,.T.);
#12174=EDGE_CURVE('',#5616,#5618,#3764,.T.);
#12187=EDGE_CURVE('',#5610,#5616,#3772,.T.);
#12200=EDGE_CURVE('',#5612,#5618,#3776,.T.);
#12228=EDGE_CURVE('',#4849,#4850,#3828,.T.);
#12230=EDGE_CURVE('',#4850,#4854,#3832,.T.);
#12232=EDGE_CURVE('',#4853,#4854,#3836,.T.);
#12234=EDGE_CURVE('',#4849,#4853,#3840,.T.);
#12250=EDGE_CURVE('',#4841,#4842,#3812,.T.);
#12252=EDGE_CURVE('',#4841,#4845,#3816,.T.);
#12254=EDGE_CURVE('',#4845,#4846,#3820,.T.);
#12256=EDGE_CURVE('',#4842,#4846,#3824,.T.);
#12266=EDGE_CURVE('',#4868,#4862,#3844,.T.);
#12268=EDGE_CURVE('',#4868,#4849,#3848,.T.);
#12271=EDGE_CURVE('',#4853,#4862,#3852,.T.);
#12281=EDGE_CURVE('',#4874,#4884,#3856,.T.);
#12283=EDGE_CURVE('',#4874,#4837,#3860,.T.);
#12286=EDGE_CURVE('',#4833,#4884,#3864,.T.);
#12296=EDGE_CURVE('',#5624,#5634,#3868,.T.);
#12298=EDGE_CURVE('',#5624,#4826,#3872,.T.);
#12301=EDGE_CURVE('',#4825,#5634,#3876,.T.);
#12311=EDGE_CURVE('',#5640,#5650,#3880,.T.);
#12313=EDGE_CURVE('',#5640,#4841,#3884,.T.);
#12316=EDGE_CURVE('',#4842,#5650,#3888,.T.);
#12326=EDGE_CURVE('',#4870,#4858,#3904,.T.);
#12328=EDGE_CURVE('',#4870,#4868,#3972,.T.);
#12331=EDGE_CURVE('',#4862,#4858,#3908,.T.);
#12341=EDGE_CURVE('',#4857,#4858,#3892,.T.);
#12343=EDGE_CURVE('',#4857,#4864,#3896,.T.);
#12345=EDGE_CURVE('',#4864,#4870,#3900,.T.);
#12358=EDGE_CURVE('',#4861,#4862,#3916,.T.);
#12360=EDGE_CURVE('',#4857,#4861,#3912,.T.);
#12373=EDGE_CURVE('',#4854,#4861,#3928,.T.);
#12383=EDGE_CURVE('',#4873,#4874,#3920,.T.);
#12385=EDGE_CURVE('',#4873,#4838,#3944,.T.);
#12397=EDGE_CURVE('',#4861,#4866,#3924,.T.);
#12401=EDGE_CURVE('',#4866,#4850,#3932,.T.);
#12411=EDGE_CURVE('',#4882,#4873,#3936,.T.);
#12413=EDGE_CURVE('',#4834,#4882,#3940,.T.);
#12425=EDGE_CURVE('',#5632,#5623,#3948,.T.);
#12427=EDGE_CURVE('',#4829,#5632,#3952,.T.);
#12430=EDGE_CURVE('',#5623,#4830,#3956,.T.);
#12440=EDGE_CURVE('',#5648,#5639,#3960,.T.);
#12442=EDGE_CURVE('',#4846,#5648,#3964,.T.);
#12445=EDGE_CURVE('',#5639,#4845,#3968,.T.);
#12458=EDGE_CURVE('',#4866,#4864,#3976,.T.);
#12468=EDGE_CURVE('',#4866,#4868,#3980,.T.);
#12493=EDGE_CURVE('',#4882,#4884,#3984,.T.);
#12507=EDGE_CURVE('',#4880,#4882,#3988,.T.);
#12509=EDGE_CURVE('',#4880,#4886,#4000,.T.);
#12511=EDGE_CURVE('',#4886,#4884,#4016,.T.);
#12521=EDGE_CURVE('',#4880,#4877,#4004,.T.);
#12525=EDGE_CURVE('',#4873,#4877,#4012,.T.);
#12535=EDGE_CURVE('',#4877,#4878,#3992,.T.);
#12537=EDGE_CURVE('',#4878,#4886,#3996,.T.);
#12550=EDGE_CURVE('',#4878,#4874,#4008,.T.);
#12574=EDGE_CURVE('',#5630,#5627,#4032,.T.);
#12576=EDGE_CURVE('',#5630,#5632,#4088,.T.);
#12579=EDGE_CURVE('',#5623,#5627,#4040,.T.);
#12589=EDGE_CURVE('',#5627,#5628,#4020,.T.);
#12591=EDGE_CURVE('',#5628,#5636,#4024,.T.);
#12593=EDGE_CURVE('',#5630,#5636,#4028,.T.);
#12604=EDGE_CURVE('',#5623,#5624,#4044,.T.);
#12606=EDGE_CURVE('',#5628,#5624,#4036,.T.);
#12630=EDGE_CURVE('',#5648,#5650,#4048,.T.);
#12644=EDGE_CURVE('',#5646,#5648,#4052,.T.);
#12646=EDGE_CURVE('',#5646,#5652,#4068,.T.);
#12648=EDGE_CURVE('',#5652,#5650,#4096,.T.);
#12658=EDGE_CURVE('',#5646,#5643,#4072,.T.);
#12662=EDGE_CURVE('',#5643,#5639,#4056,.T.);
#12672=EDGE_CURVE('',#5643,#5644,#4060,.T.);
#12674=EDGE_CURVE('',#5644,#5652,#4064,.T.);
#12686=EDGE_CURVE('',#5639,#5640,#4084,.T.);
#12688=EDGE_CURVE('',#5644,#5640,#4076,.T.);
#12700=EDGE_CURVE('',#5632,#5634,#4080,.T.);
#12728=EDGE_CURVE('',#5636,#5634,#4092,.T.);
#12765=EDGE_CURVE('',#6224,#6216,#4104,.T.);
#12801=EDGE_CURVE('',#5955,#5956,#4124,.T.);
#12838=EDGE_CURVE('',#6222,#6212,#4148,.T.);
#12863=EDGE_CURVE('',#6084,#5995,#4156,.T.);
#12865=EDGE_CURVE('',#5995,#5996,#4161,.T.);
#12867=EDGE_CURVE('',#5996,#5998,#4165,.T.);
#12869=EDGE_CURVE('',#5998,#6000,#4170,.T.);
#12871=EDGE_CURVE('',#6000,#6002,#4175,.T.);
#12873=EDGE_CURVE('',#6002,#6004,#4179,.T.);
#12875=EDGE_CURVE('',#6004,#6006,#4183,.T.);
#12877=EDGE_CURVE('',#6006,#6008,#4187,.T.);
#12879=EDGE_CURVE('',#6008,#6010,#4192,.T.);
#12881=EDGE_CURVE('',#6010,#6012,#4196,.T.);
#12883=EDGE_CURVE('',#6012,#6014,#4201,.T.);
#12885=EDGE_CURVE('',#6014,#6083,#4205,.T.);
#12896=EDGE_CURVE('',#6088,#6017,#4209,.T.);
#12898=EDGE_CURVE('',#6017,#6018,#4214,.T.);
#12900=EDGE_CURVE('',#6018,#6020,#4218,.T.);
#12902=EDGE_CURVE('',#6020,#6022,#4223,.T.);
#12904=EDGE_CURVE('',#6022,#6024,#4227,.T.);
#12906=EDGE_CURVE('',#6024,#6026,#4231,.T.);
#12908=EDGE_CURVE('',#6026,#6028,#4235,.T.);
#12910=EDGE_CURVE('',#6028,#6030,#4240,.T.);
#12912=EDGE_CURVE('',#6030,#6032,#4245,.T.);
#12914=EDGE_CURVE('',#6032,#6034,#4249,.T.);
#12916=EDGE_CURVE('',#6034,#6036,#4254,.T.);
#12918=EDGE_CURVE('',#6036,#6087,#4258,.T.);
#12929=EDGE_CURVE('',#6092,#6039,#4311,.T.);
#12931=EDGE_CURVE('',#5995,#6039,#4408,.T.);
#12943=EDGE_CURVE('',#6058,#6091,#4262,.T.);
#12945=EDGE_CURVE('',#6056,#6058,#4267,.T.);
#12947=EDGE_CURVE('',#6054,#6056,#4271,.T.);
#12949=EDGE_CURVE('',#6052,#6054,#4276,.T.);
#12951=EDGE_CURVE('',#6050,#6052,#4280,.T.);
#12953=EDGE_CURVE('',#6048,#6050,#4284,.T.);
#12955=EDGE_CURVE('',#6046,#6048,#4288,.T.);
#12957=EDGE_CURVE('',#6044,#6046,#4293,.T.);
#12959=EDGE_CURVE('',#6042,#6044,#4298,.T.);
#12961=EDGE_CURVE('',#6040,#6042,#4302,.T.);
#12963=EDGE_CURVE('',#6039,#6040,#4307,.T.);
#12975=EDGE_CURVE('',#6080,#6095,#4315,.T.);
#12977=EDGE_CURVE('',#6078,#6080,#4320,.T.);
#12979=EDGE_CURVE('',#6076,#6078,#4324,.T.);
#12981=EDGE_CURVE('',#6074,#6076,#4329,.T.);
#12983=EDGE_CURVE('',#6072,#6074,#4334,.T.);
#12985=EDGE_CURVE('',#6070,#6072,#4338,.T.);
#12987=EDGE_CURVE('',#6068,#6070,#4342,.T.);
#12989=EDGE_CURVE('',#6066,#6068,#4346,.T.);
#12991=EDGE_CURVE('',#6064,#6066,#4351,.T.);
#12993=EDGE_CURVE('',#6062,#6064,#4355,.T.);
#12995=EDGE_CURVE('',#6061,#6062,#4360,.T.);
#12997=EDGE_CURVE('',#6096,#6061,#4364,.T.);
#13009=EDGE_CURVE('',#6014,#6058,#4368,.T.);
#13021=EDGE_CURVE('',#6012,#6056,#4372,.T.);
#13034=EDGE_CURVE('',#6010,#6054,#4376,.T.);
#13047=EDGE_CURVE('',#6008,#6052,#4380,.T.);
#13060=EDGE_CURVE('',#6006,#6050,#4384,.T.);
#13073=EDGE_CURVE('',#6004,#6048,#4388,.T.);
#13086=EDGE_CURVE('',#6002,#6046,#4392,.T.);
#13099=EDGE_CURVE('',#6000,#6044,#4396,.T.);
#13112=EDGE_CURVE('',#5998,#6042,#4400,.T.);
#13125=EDGE_CURVE('',#5996,#6040,#4404,.T.);
#13151=EDGE_CURVE('',#6036,#6080,#4412,.T.);
#13163=EDGE_CURVE('',#6034,#6078,#4416,.T.);
#13176=EDGE_CURVE('',#6032,#6076,#4420,.T.);
#13189=EDGE_CURVE('',#6030,#6074,#4424,.T.);
#13202=EDGE_CURVE('',#6028,#6072,#4428,.T.);
#13215=EDGE_CURVE('',#6026,#6070,#4432,.T.);
#13228=EDGE_CURVE('',#6024,#6068,#4436,.T.);
#13241=EDGE_CURVE('',#6022,#6066,#4440,.T.);
#13254=EDGE_CURVE('',#6020,#6064,#4444,.T.);
#13267=EDGE_CURVE('',#6018,#6062,#4448,.T.);
#13280=EDGE_CURVE('',#6017,#6061,#4452,.T.);
#13304=EDGE_CURVE('',#6186,#6099,#4456,.T.);
#13307=EDGE_CURVE('',#6118,#6188,#4460,.T.);
#13309=EDGE_CURVE('',#6116,#6118,#4465,.T.);
#13311=EDGE_CURVE('',#6114,#6116,#4469,.T.);
#13313=EDGE_CURVE('',#6112,#6114,#4474,.T.);
#13315=EDGE_CURVE('',#6110,#6112,#4478,.T.);
#13317=EDGE_CURVE('',#6108,#6110,#4482,.T.);
#13319=EDGE_CURVE('',#6106,#6108,#4486,.T.);
#13321=EDGE_CURVE('',#6104,#6106,#4491,.T.);
#13323=EDGE_CURVE('',#6102,#6104,#4496,.T.);
#13325=EDGE_CURVE('',#6100,#6102,#4500,.T.);
#13327=EDGE_CURVE('',#6099,#6100,#4505,.T.);
#13337=EDGE_CURVE('',#6190,#6121,#4509,.T.);
#13340=EDGE_CURVE('',#6140,#6192,#4513,.T.);
#13342=EDGE_CURVE('',#6138,#6140,#4518,.T.);
#13344=EDGE_CURVE('',#6136,#6138,#4522,.T.);
#13346=EDGE_CURVE('',#6134,#6136,#4527,.T.);
#13348=EDGE_CURVE('',#6132,#6134,#4532,.T.);
#13350=EDGE_CURVE('',#6130,#6132,#4536,.T.);
#13352=EDGE_CURVE('',#6128,#6130,#4540,.T.);
#13354=EDGE_CURVE('',#6126,#6128,#4544,.T.);
#13356=EDGE_CURVE('',#6124,#6126,#4549,.T.);
#13358=EDGE_CURVE('',#6122,#6124,#4553,.T.);
#13360=EDGE_CURVE('',#6121,#6122,#4558,.T.);
#13371=EDGE_CURVE('',#6099,#6143,#4562,.T.);
#13373=EDGE_CURVE('',#6194,#6143,#4606,.T.);
#13385=EDGE_CURVE('',#6100,#6144,#4566,.T.);
#13387=EDGE_CURVE('',#6143,#6144,#4611,.T.);
#13399=EDGE_CURVE('',#6102,#6146,#4570,.T.);
#13401=EDGE_CURVE('',#6144,#6146,#4615,.T.);
#13413=EDGE_CURVE('',#6104,#6148,#4574,.T.);
#13415=EDGE_CURVE('',#6146,#6148,#4620,.T.);
#13427=EDGE_CURVE('',#6106,#6150,#4578,.T.);
#13429=EDGE_CURVE('',#6148,#6150,#4625,.T.);
#13441=EDGE_CURVE('',#6108,#6152,#4582,.T.);
#13443=EDGE_CURVE('',#6150,#6152,#4629,.T.);
#13455=EDGE_CURVE('',#6110,#6154,#4586,.T.);
#13457=EDGE_CURVE('',#6152,#6154,#4633,.T.);
#13469=EDGE_CURVE('',#6112,#6156,#4590,.T.);
#13471=EDGE_CURVE('',#6154,#6156,#4637,.T.);
#13483=EDGE_CURVE('',#6114,#6158,#4594,.T.);
#13485=EDGE_CURVE('',#6156,#6158,#4642,.T.);
#13497=EDGE_CURVE('',#6116,#6160,#4598,.T.);
#13499=EDGE_CURVE('',#6158,#6160,#4646,.T.);
#13511=EDGE_CURVE('',#6118,#6162,#4602,.T.);
#13513=EDGE_CURVE('',#6160,#6162,#4651,.T.);
#13526=EDGE_CURVE('',#6162,#6196,#4655,.T.);
#13558=EDGE_CURVE('',#6198,#6165,#4659,.T.);
#13560=EDGE_CURVE('',#6165,#6166,#4664,.T.);
#13562=EDGE_CURVE('',#6166,#6168,#4668,.T.);
#13564=EDGE_CURVE('',#6168,#6170,#4673,.T.);
#13566=EDGE_CURVE('',#6170,#6172,#4677,.T.);
#13568=EDGE_CURVE('',#6172,#6174,#4681,.T.);
#13570=EDGE_CURVE('',#6174,#6176,#4685,.T.);
#13572=EDGE_CURVE('',#6176,#6178,#4690,.T.);
#13574=EDGE_CURVE('',#6178,#6180,#4695,.T.);
#13576=EDGE_CURVE('',#6180,#6182,#4699,.T.);
#13578=EDGE_CURVE('',#6182,#6184,#4704,.T.);
#13580=EDGE_CURVE('',#6184,#6200,#4708,.T.);
#13592=EDGE_CURVE('',#6121,#6165,#4712,.T.);
#13605=EDGE_CURVE('',#6122,#6166,#4716,.T.);
#13618=EDGE_CURVE('',#6124,#6168,#4720,.T.);
#13631=EDGE_CURVE('',#6126,#6170,#4724,.T.);
#13644=EDGE_CURVE('',#6128,#6172,#4728,.T.);
#13657=EDGE_CURVE('',#6130,#6174,#4732,.T.);
#13670=EDGE_CURVE('',#6132,#6176,#4736,.T.);
#13683=EDGE_CURVE('',#6134,#6178,#4740,.T.);
#13696=EDGE_CURVE('',#6136,#6180,#4744,.T.);
#13709=EDGE_CURVE('',#6138,#6182,#4748,.T.);
#13722=EDGE_CURVE('',#6140,#6184,#4752,.T.);
#13751=CIRCLE('',#13750,6.E-1);
#13752=TRIMMED_CURVE('',#13751,(PARAMETER_VALUE(0.E0)),(PARAMETER_VALUE(1.8E2)),
.T.,.UNSPECIFIED.);
#13753=COMPOSITE_CURVE_SEGMENT(.CONTINUOUS.,.T.,#13752);
#13758=CIRCLE('',#13757,6.E-1);
#13759=TRIMMED_CURVE('',#13758,(PARAMETER_VALUE(0.E0)),(PARAMETER_VALUE(1.8E2)),
.T.,.UNSPECIFIED.);
#13760=COMPOSITE_CURVE_SEGMENT(.CONTINUOUS.,.T.,#13759);
#13761=COMPOSITE_CURVE('',(#13753,#13760),.F.);
#13767=CIRCLE('',#13766,6.E-1);
#13768=TRIMMED_CURVE('',#13767,(PARAMETER_VALUE(0.E0)),(PARAMETER_VALUE(1.8E2)),
.T.,.UNSPECIFIED.);
#13769=COMPOSITE_CURVE_SEGMENT(.CONTINUOUS.,.T.,#13768);
#13774=CIRCLE('',#13773,6.E-1);
#13775=TRIMMED_CURVE('',#13774,(PARAMETER_VALUE(0.E0)),(PARAMETER_VALUE(1.8E2)),
.T.,.UNSPECIFIED.);
#13776=COMPOSITE_CURVE_SEGMENT(.CONTINUOUS.,.T.,#13775);
#13777=COMPOSITE_CURVE('',(#13769,#13776),.F.);
#13782=CIRCLE('',#13781,6.E-1);
#13783=TRIMMED_CURVE('',#13782,(PARAMETER_VALUE(0.E0)),(PARAMETER_VALUE(1.8E2)),
.T.,.UNSPECIFIED.);
#13784=COMPOSITE_CURVE_SEGMENT(.CONTINUOUS.,.T.,#13783);
#13789=CIRCLE('',#13788,6.E-1);
#13790=TRIMMED_CURVE('',#13789,(PARAMETER_VALUE(0.E0)),(PARAMETER_VALUE(1.8E2)),
.T.,.UNSPECIFIED.);
#13791=COMPOSITE_CURVE_SEGMENT(.CONTINUOUS.,.T.,#13790);
#13792=COMPOSITE_CURVE('',(#13784,#13791),.F.);
#13797=CIRCLE('',#13796,6.E-1);
#13798=TRIMMED_CURVE('',#13797,(PARAMETER_VALUE(0.E0)),(PARAMETER_VALUE(1.8E2)),
.T.,.UNSPECIFIED.);
#13799=COMPOSITE_CURVE_SEGMENT(.CONTINUOUS.,.T.,#13798);
#13804=CIRCLE('',#13803,6.E-1);
#13805=TRIMMED_CURVE('',#13804,(PARAMETER_VALUE(0.E0)),(PARAMETER_VALUE(1.8E2)),
.T.,.UNSPECIFIED.);
#13806=COMPOSITE_CURVE_SEGMENT(.CONTINUOUS.,.T.,#13805);
#13807=COMPOSITE_CURVE('',(#13799,#13806),.F.);
#13812=CIRCLE('',#13811,6.E-1);
#13813=TRIMMED_CURVE('',#13812,(PARAMETER_VALUE(0.E0)),(PARAMETER_VALUE(1.8E2)),
.T.,.UNSPECIFIED.);
#13814=COMPOSITE_CURVE_SEGMENT(.CONTINUOUS.,.T.,#13813);
#13819=CIRCLE('',#13818,6.E-1);
#13820=TRIMMED_CURVE('',#13819,(PARAMETER_VALUE(0.E0)),(PARAMETER_VALUE(1.8E2)),
.T.,.UNSPECIFIED.);
#13821=COMPOSITE_CURVE_SEGMENT(.CONTINUOUS.,.T.,#13820);
#13822=COMPOSITE_CURVE('',(#13814,#13821),.F.);
#13827=CIRCLE('',#13826,6.E-1);
#13828=TRIMMED_CURVE('',#13827,(PARAMETER_VALUE(0.E0)),(PARAMETER_VALUE(1.8E2)),
.T.,.UNSPECIFIED.);
#13829=COMPOSITE_CURVE_SEGMENT(.CONTINUOUS.,.T.,#13828);
#13834=CIRCLE('',#13833,6.E-1);
#13835=TRIMMED_CURVE('',#13834,(PARAMETER_VALUE(0.E0)),(PARAMETER_VALUE(1.8E2)),
.T.,.UNSPECIFIED.);
#13836=COMPOSITE_CURVE_SEGMENT(.CONTINUOUS.,.T.,#13835);
#13837=COMPOSITE_CURVE('',(#13829,#13836),.F.);
#13842=CIRCLE('',#13841,6.E-1);
#13843=TRIMMED_CURVE('',#13842,(PARAMETER_VALUE(0.E0)),(PARAMETER_VALUE(1.8E2)),
.T.,.UNSPECIFIED.);
#13844=COMPOSITE_CURVE_SEGMENT(.CONTINUOUS.,.T.,#13843);
#13849=CIRCLE('',#13848,6.E-1);
#13850=TRIMMED_CURVE('',#13849,(PARAMETER_VALUE(0.E0)),(PARAMETER_VALUE(1.8E2)),
.T.,.UNSPECIFIED.);
#13851=COMPOSITE_CURVE_SEGMENT(.CONTINUOUS.,.T.,#13850);
#13852=COMPOSITE_CURVE('',(#13844,#13851),.F.);
#13857=CIRCLE('',#13856,6.E-1);
#13858=TRIMMED_CURVE('',#13857,(PARAMETER_VALUE(0.E0)),(PARAMETER_VALUE(1.8E2)),
.T.,.UNSPECIFIED.);
#13859=COMPOSITE_CURVE_SEGMENT(.CONTINUOUS.,.T.,#13858);
#13864=CIRCLE('',#13863,6.E-1);
#13865=TRIMMED_CURVE('',#13864,(PARAMETER_VALUE(0.E0)),(PARAMETER_VALUE(1.8E2)),
.T.,.UNSPECIFIED.);
#13866=COMPOSITE_CURVE_SEGMENT(.CONTINUOUS.,.T.,#13865);
#13867=COMPOSITE_CURVE('',(#13859,#13866),.F.);
#13872=CIRCLE('',#13871,6.E-1);
#13873=TRIMMED_CURVE('',#13872,(PARAMETER_VALUE(0.E0)),(PARAMETER_VALUE(1.8E2)),
.T.,.UNSPECIFIED.);
#13874=COMPOSITE_CURVE_SEGMENT(.CONTINUOUS.,.T.,#13873);
#13879=CIRCLE('',#13878,6.E-1);
#13880=TRIMMED_CURVE('',#13879,(PARAMETER_VALUE(0.E0)),(PARAMETER_VALUE(1.8E2)),
.T.,.UNSPECIFIED.);
#13881=COMPOSITE_CURVE_SEGMENT(.CONTINUOUS.,.T.,#13880);
#13882=COMPOSITE_CURVE('',(#13874,#13881),.F.);
#13887=CIRCLE('',#13886,6.E-1);
#13888=TRIMMED_CURVE('',#13887,(PARAMETER_VALUE(0.E0)),(PARAMETER_VALUE(1.8E2)),
.T.,.UNSPECIFIED.);
#13889=COMPOSITE_CURVE_SEGMENT(.CONTINUOUS.,.T.,#13888);
#13894=CIRCLE('',#13893,6.E-1);
#13895=TRIMMED_CURVE('',#13894,(PARAMETER_VALUE(0.E0)),(PARAMETER_VALUE(1.8E2)),
.T.,.UNSPECIFIED.);
#13896=COMPOSITE_CURVE_SEGMENT(.CONTINUOUS.,.T.,#13895);
#13897=COMPOSITE_CURVE('',(#13889,#13896),.F.);
#13902=CIRCLE('',#13901,6.E-1);
#13903=TRIMMED_CURVE('',#13902,(PARAMETER_VALUE(0.E0)),(PARAMETER_VALUE(1.8E2)),
.T.,.UNSPECIFIED.);
#13904=COMPOSITE_CURVE_SEGMENT(.CONTINUOUS.,.T.,#13903);
#13909=CIRCLE('',#13908,6.E-1);
#13910=TRIMMED_CURVE('',#13909,(PARAMETER_VALUE(0.E0)),(PARAMETER_VALUE(1.8E2)),
.T.,.UNSPECIFIED.);
#13911=COMPOSITE_CURVE_SEGMENT(.CONTINUOUS.,.T.,#13910);
#13912=COMPOSITE_CURVE('',(#13904,#13911),.F.);
#13917=CIRCLE('',#13916,6.E-1);
#13918=TRIMMED_CURVE('',#13917,(PARAMETER_VALUE(0.E0)),(PARAMETER_VALUE(1.8E2)),
.T.,.UNSPECIFIED.);
#13919=COMPOSITE_CURVE_SEGMENT(.CONTINUOUS.,.T.,#13918);
#13924=CIRCLE('',#13923,6.E-1);
#13925=TRIMMED_CURVE('',#13924,(PARAMETER_VALUE(0.E0)),(PARAMETER_VALUE(1.8E2)),
.T.,.UNSPECIFIED.);
#13926=COMPOSITE_CURVE_SEGMENT(.CONTINUOUS.,.T.,#13925);
#13927=COMPOSITE_CURVE('',(#13919,#13926),.F.);
#13932=CIRCLE('',#13931,6.E-1);
#13933=TRIMMED_CURVE('',#13932,(PARAMETER_VALUE(0.E0)),(PARAMETER_VALUE(1.8E2)),
.T.,.UNSPECIFIED.);
#13934=COMPOSITE_CURVE_SEGMENT(.CONTINUOUS.,.T.,#13933);
#13939=CIRCLE('',#13938,6.E-1);
#13940=TRIMMED_CURVE('',#13939,(PARAMETER_VALUE(0.E0)),(PARAMETER_VALUE(1.8E2)),
.T.,.UNSPECIFIED.);
#13941=COMPOSITE_CURVE_SEGMENT(.CONTINUOUS.,.T.,#13940);
#13942=COMPOSITE_CURVE('',(#13934,#13941),.F.);
#13947=CIRCLE('',#13946,6.E-1);
#13948=TRIMMED_CURVE('',#13947,(PARAMETER_VALUE(0.E0)),(PARAMETER_VALUE(1.8E2)),
.T.,.UNSPECIFIED.);
#13949=COMPOSITE_CURVE_SEGMENT(.CONTINUOUS.,.T.,#13948);
#13954=CIRCLE('',#13953,6.E-1);
#13955=TRIMMED_CURVE('',#13954,(PARAMETER_VALUE(0.E0)),(PARAMETER_VALUE(1.8E2)),
.T.,.UNSPECIFIED.);
#13956=COMPOSITE_CURVE_SEGMENT(.CONTINUOUS.,.T.,#13955);
#13957=COMPOSITE_CURVE('',(#13949,#13956),.F.);
#13962=CIRCLE('',#13961,6.E-1);
#13963=TRIMMED_CURVE('',#13962,(PARAMETER_VALUE(0.E0)),(PARAMETER_VALUE(1.8E2)),
.T.,.UNSPECIFIED.);
#13964=COMPOSITE_CURVE_SEGMENT(.CONTINUOUS.,.T.,#13963);
#13969=CIRCLE('',#13968,6.E-1);
#13970=TRIMMED_CURVE('',#13969,(PARAMETER_VALUE(0.E0)),(PARAMETER_VALUE(1.8E2)),
.T.,.UNSPECIFIED.);
#13971=COMPOSITE_CURVE_SEGMENT(.CONTINUOUS.,.T.,#13970);
#13972=COMPOSITE_CURVE('',(#13964,#13971),.F.);
#13977=CIRCLE('',#13976,6.E-1);
#13978=TRIMMED_CURVE('',#13977,(PARAMETER_VALUE(0.E0)),(PARAMETER_VALUE(1.8E2)),
.T.,.UNSPECIFIED.);
#13979=COMPOSITE_CURVE_SEGMENT(.CONTINUOUS.,.T.,#13978);
#13984=CIRCLE('',#13983,6.E-1);
#13985=TRIMMED_CURVE('',#13984,(PARAMETER_VALUE(0.E0)),(PARAMETER_VALUE(1.8E2)),
.T.,.UNSPECIFIED.);
#13986=COMPOSITE_CURVE_SEGMENT(.CONTINUOUS.,.T.,#13985);
#13987=COMPOSITE_CURVE('',(#13979,#13986),.F.);
#13992=CIRCLE('',#13991,8.E-1);
#13993=TRIMMED_CURVE('',#13992,(PARAMETER_VALUE(0.E0)),(PARAMETER_VALUE(1.8E2)),
.T.,.UNSPECIFIED.);
#13994=COMPOSITE_CURVE_SEGMENT(.CONTINUOUS.,.T.,#13993);
#13999=CIRCLE('',#13998,8.E-1);
#14000=TRIMMED_CURVE('',#13999,(PARAMETER_VALUE(0.E0)),(PARAMETER_VALUE(1.8E2)),
.T.,.UNSPECIFIED.);
#14001=COMPOSITE_CURVE_SEGMENT(.CONTINUOUS.,.T.,#14000);
#14002=COMPOSITE_CURVE('',(#13994,#14001),.F.);
#14007=CIRCLE('',#14006,8.E-1);
#14008=TRIMMED_CURVE('',#14007,(PARAMETER_VALUE(0.E0)),(PARAMETER_VALUE(1.8E2)),
.T.,.UNSPECIFIED.);
#14009=COMPOSITE_CURVE_SEGMENT(.CONTINUOUS.,.T.,#14008);
#14014=CIRCLE('',#14013,8.E-1);
#14015=TRIMMED_CURVE('',#14014,(PARAMETER_VALUE(0.E0)),(PARAMETER_VALUE(1.8E2)),
.T.,.UNSPECIFIED.);
#14016=COMPOSITE_CURVE_SEGMENT(.CONTINUOUS.,.T.,#14015);
#14017=COMPOSITE_CURVE('',(#14009,#14016),.F.);
#14018=(LENGTH_UNIT()NAMED_UNIT(*)SI_UNIT(.MILLI.,.METRE.));
#14020=(NAMED_UNIT(*)PLANE_ANGLE_UNIT()SI_UNIT($,.RADIAN.));
#14023=(NAMED_UNIT(*)SI_UNIT($,.STERADIAN.)SOLID_ANGLE_UNIT());
#14026=ADVANCED_BREP_SHAPE_REPRESENTATION('',(#13742),#14025);
#14027=GEOMETRICALLY_BOUNDED_SURFACE_SHAPE_REPRESENTATION('',(#13762),#14025);
#14028=SHAPE_REPRESENTATION('',(#13746),#14025);
#14037=PRODUCT_DEFINITION('design','',#14036,#14033);
#14038=PRODUCT_DEFINITION_SHAPE('','SHAPE FOR 1053121116.',#14037);
#14039=SHAPE_DEFINITION_REPRESENTATION(#14038,#14028);
ENDSEC;
END-ISO-10303-21;
