ISO-10303-21;
HEADER;
FILE_DESCRIPTION(('STEP AP242'),'1');
FILE_NAME('691243110006.stp','2022-08-19T10:58:59',('TraceParts'),('TraceParts S.A.'),'Spatial InterOp 3D',' ',' ');
FILE_SCHEMA(('AP242_MANAGED_MODEL_BASED_3D_ENGINEERING_MIM_LF  {1 0 10303 442 1 1 4}'));
ENDSEC;
DATA;
#1=MECHANICAL_DESIGN_GEOMETRIC_PRESENTATION_REPRESENTATION(' ',(#15,#16,#17,#18,#19,#20,#21,#22,#23,#24,#25,#26,#27,#28,#29,#30,#31,#32,#33,#34,#35,#36,#37,#38,#39,#40,#41,#42,#43,#44,#45,#46,#47,#48,#49,#50,#51,#52,#53,#54,#55,#56,#57,#58,#59,#60,#61,#62,#63,#64,#65,#66,#67,#68,#69,#70,#71,#72,#73,#74,#75,#76,#77,#78,#79,#80,#81,#82,#83,#84,#85,#86,#87,#88,#89,#90,#91,#92,#93,#94,#95,#96,#97,#98,#99,#100,#101,#102,#103,#104,#105,#106,#107,#108,#109,#110,#111,#112,#113,#114,#115,#116,#117,#118,#119,#120,#121,#122,#123,#124,#125,#126,#127,#128,#129,#130,#131,#132,#133,#134,#135,#136,#137,#138,#139,#140,#141,#142,#143,#144,#145,#146,#147,#148,#149,#150,#151,#152,#153,#154,#155,#156,#157,#158,#159,#160,#161,#162,#163,#164,#165,#166,#167,#168,#169,#170,#171,#172,#173,#174,#175,#176,#177,#178,#179,#180,#181,#182,#183,#184,#185,#186,#187,#188,#189,#190,#191,#192,#193,#194,#195,#196,#197,#198,#199,#200,#201,#202,#203,#204,#205,#206,#207,#208,#209,#210,#211,#212,#213,#214,#215,#216,#217,#218,#219,#220,#221,#222,#223,#224,#225,#226,#227,#228,#229,#230,#231,#232,#233,#234,#235,#236,#237,#238,#239,#240,#241,#242,#243,#244,#245,#246,#247,#248,#249,#250,#251,#252,#253,#254,#255,#256,#257,#258,#259,#260,#261,#262,#263,#264,#265,#266,#267,#268,#269,#270,#271,#272,#273,#274,#275,#276,#277,#278,#279,#280,#281,#282,#283,#284,#285,#286,#287,#288,#289,#290,#291,#292,#293,#294,#295,#296,#297,#298,#299,#300,#301,#302,#303,#304,#305,#306,#307,#308,#309,#310,#311,#312,#313,#314,#315,#316,#317,#318,#319,#320,#321,#322,#323,#324,#325,#326,#327,#328,#329,#330,#331,#332,#333,#334,#335,#336,#337,#338,#339,#340,#341,#342,#343,#344,#345,#346,#347,#348,#349,#350,#351,#352,#353,#354,#355,#356,#357,#358,#359,#360,#361,#362,#363,#364,#365,#366,#367,#368,#369,#370,#371,#372,#373,#374,#375,#376),#11);
#2=PRODUCT_DEFINITION_CONTEXT('',#377,'design');
#3=APPLICATION_PROTOCOL_DEFINITION('INTERNATIONAL STANDARD','ap242_managed_model_based_3d_engineering',2014,#377);
#4=PRODUCT_CATEGORY_RELATIONSHIP('NONE','NONE',#378,#379);
#5=SHAPE_DEFINITION_REPRESENTATION(#380,#381);
#6=SHAPE_DEFINITION_REPRESENTATION(#380,#382);
#7=SHAPE_DEFINITION_REPRESENTATION(#380,#383);
#8=SHAPE_DEFINITION_REPRESENTATION(#380,#384);
#9=SHAPE_DEFINITION_REPRESENTATION(#380,#385);
#10=SHAPE_DEFINITION_REPRESENTATION(#380,#386);
#11= (GEOMETRIC_REPRESENTATION_CONTEXT(3)GLOBAL_UNCERTAINTY_ASSIGNED_CONTEXT((#389))GLOBAL_UNIT_ASSIGNED_CONTEXT((#391,#392,#393))REPRESENTATION_CONTEXT('NONE','WORKSPACE'));
#15=STYLED_ITEM('',(#395),#396);
#16=STYLED_ITEM('',(#397),#398);
#17=STYLED_ITEM('',(#399),#400);
#18=STYLED_ITEM('',(#401),#402);
#19=STYLED_ITEM('',(#403),#404);
#20=STYLED_ITEM('',(#405),#406);
#21=STYLED_ITEM('',(#407),#408);
#22=STYLED_ITEM('',(#409),#410);
#23=STYLED_ITEM('',(#411),#412);
#24=STYLED_ITEM('',(#413),#414);
#25=STYLED_ITEM('',(#415),#416);
#26=STYLED_ITEM('',(#417),#418);
#27=STYLED_ITEM('',(#419),#420);
#28=STYLED_ITEM('',(#421),#422);
#29=STYLED_ITEM('',(#423),#424);
#30=STYLED_ITEM('',(#425),#426);
#31=STYLED_ITEM('',(#427),#428);
#32=STYLED_ITEM('',(#429),#430);
#33=STYLED_ITEM('',(#431),#432);
#34=STYLED_ITEM('',(#433),#434);
#35=STYLED_ITEM('',(#435),#436);
#36=STYLED_ITEM('',(#437),#438);
#37=STYLED_ITEM('',(#439),#440);
#38=STYLED_ITEM('',(#441),#442);
#39=STYLED_ITEM('',(#443),#444);
#40=STYLED_ITEM('',(#445),#446);
#41=STYLED_ITEM('',(#447),#448);
#42=STYLED_ITEM('',(#449),#450);
#43=STYLED_ITEM('',(#451),#452);
#44=STYLED_ITEM('',(#453),#454);
#45=STYLED_ITEM('',(#455),#456);
#46=STYLED_ITEM('',(#457),#458);
#47=STYLED_ITEM('',(#459),#460);
#48=STYLED_ITEM('',(#461),#462);
#49=STYLED_ITEM('',(#463),#464);
#50=STYLED_ITEM('',(#465),#466);
#51=STYLED_ITEM('',(#467),#468);
#52=STYLED_ITEM('',(#469),#470);
#53=STYLED_ITEM('',(#471),#472);
#54=STYLED_ITEM('',(#473),#474);
#55=STYLED_ITEM('',(#475),#476);
#56=STYLED_ITEM('',(#477),#478);
#57=STYLED_ITEM('',(#479),#480);
#58=STYLED_ITEM('',(#481),#482);
#59=STYLED_ITEM('',(#483),#484);
#60=STYLED_ITEM('',(#485),#486);
#61=STYLED_ITEM('',(#487),#488);
#62=STYLED_ITEM('',(#489),#490);
#63=STYLED_ITEM('',(#491),#492);
#64=STYLED_ITEM('',(#493),#494);
#65=STYLED_ITEM('',(#495),#496);
#66=STYLED_ITEM('',(#497),#498);
#67=STYLED_ITEM('',(#499),#500);
#68=STYLED_ITEM('',(#501),#502);
#69=STYLED_ITEM('',(#503),#504);
#70=STYLED_ITEM('',(#505),#506);
#71=STYLED_ITEM('',(#507),#508);
#72=STYLED_ITEM('',(#509),#510);
#73=STYLED_ITEM('',(#511),#512);
#74=STYLED_ITEM('',(#513),#514);
#75=STYLED_ITEM('',(#515),#516);
#76=STYLED_ITEM('',(#517),#518);
#77=STYLED_ITEM('',(#519),#520);
#78=STYLED_ITEM('',(#521),#522);
#79=STYLED_ITEM('',(#523),#524);
#80=STYLED_ITEM('',(#525),#526);
#81=STYLED_ITEM('',(#527),#528);
#82=STYLED_ITEM('',(#529),#530);
#83=STYLED_ITEM('',(#531),#532);
#84=STYLED_ITEM('',(#533),#534);
#85=STYLED_ITEM('',(#535),#536);
#86=STYLED_ITEM('',(#537),#538);
#87=STYLED_ITEM('',(#539),#540);
#88=STYLED_ITEM('',(#541),#542);
#89=STYLED_ITEM('',(#543),#544);
#90=STYLED_ITEM('',(#545),#546);
#91=STYLED_ITEM('',(#547),#548);
#92=STYLED_ITEM('',(#549),#550);
#93=STYLED_ITEM('',(#551),#552);
#94=STYLED_ITEM('',(#553),#554);
#95=STYLED_ITEM('',(#555),#556);
#96=STYLED_ITEM('',(#557),#558);
#97=STYLED_ITEM('',(#559),#560);
#98=STYLED_ITEM('',(#561),#562);
#99=STYLED_ITEM('',(#563),#564);
#100=STYLED_ITEM('',(#565),#566);
#101=STYLED_ITEM('',(#567),#568);
#102=STYLED_ITEM('',(#569),#570);
#103=STYLED_ITEM('',(#571),#572);
#104=STYLED_ITEM('',(#573),#574);
#105=STYLED_ITEM('',(#575),#576);
#106=STYLED_ITEM('',(#577),#578);
#107=STYLED_ITEM('',(#579),#580);
#108=STYLED_ITEM('',(#581),#582);
#109=STYLED_ITEM('',(#583),#584);
#110=STYLED_ITEM('',(#585),#586);
#111=STYLED_ITEM('',(#587),#588);
#112=STYLED_ITEM('',(#589),#590);
#113=STYLED_ITEM('',(#591),#592);
#114=STYLED_ITEM('',(#593),#594);
#115=STYLED_ITEM('',(#595),#596);
#116=STYLED_ITEM('',(#597),#598);
#117=STYLED_ITEM('',(#599),#600);
#118=STYLED_ITEM('',(#601),#602);
#119=STYLED_ITEM('',(#603),#604);
#120=STYLED_ITEM('',(#605),#606);
#121=STYLED_ITEM('',(#607),#608);
#122=STYLED_ITEM('',(#609),#610);
#123=STYLED_ITEM('',(#611),#612);
#124=STYLED_ITEM('',(#613),#614);
#125=STYLED_ITEM('',(#615),#616);
#126=STYLED_ITEM('',(#617),#618);
#127=STYLED_ITEM('',(#619),#620);
#128=STYLED_ITEM('',(#621),#622);
#129=STYLED_ITEM('',(#623),#624);
#130=STYLED_ITEM('',(#625),#626);
#131=STYLED_ITEM('',(#627),#628);
#132=STYLED_ITEM('',(#629),#630);
#133=STYLED_ITEM('',(#631),#632);
#134=STYLED_ITEM('',(#633),#634);
#135=STYLED_ITEM('',(#635),#636);
#136=STYLED_ITEM('',(#637),#638);
#137=STYLED_ITEM('',(#639),#640);
#138=STYLED_ITEM('',(#641),#642);
#139=STYLED_ITEM('',(#643),#644);
#140=STYLED_ITEM('',(#645),#646);
#141=STYLED_ITEM('',(#647),#648);
#142=STYLED_ITEM('',(#649),#650);
#143=STYLED_ITEM('',(#651),#652);
#144=STYLED_ITEM('',(#653),#654);
#145=STYLED_ITEM('',(#655),#656);
#146=STYLED_ITEM('',(#657),#658);
#147=STYLED_ITEM('',(#659),#660);
#148=STYLED_ITEM('',(#661),#662);
#149=STYLED_ITEM('',(#663),#664);
#150=STYLED_ITEM('',(#665),#666);
#151=STYLED_ITEM('',(#667),#668);
#152=STYLED_ITEM('',(#669),#670);
#153=STYLED_ITEM('',(#671),#672);
#154=STYLED_ITEM('',(#673),#674);
#155=STYLED_ITEM('',(#675),#676);
#156=STYLED_ITEM('',(#677),#678);
#157=STYLED_ITEM('',(#679),#680);
#158=STYLED_ITEM('',(#681),#682);
#159=STYLED_ITEM('',(#683),#684);
#160=STYLED_ITEM('',(#685),#686);
#161=STYLED_ITEM('',(#687),#688);
#162=STYLED_ITEM('',(#689),#690);
#163=STYLED_ITEM('',(#691),#692);
#164=STYLED_ITEM('',(#693),#694);
#165=STYLED_ITEM('',(#695),#696);
#166=STYLED_ITEM('',(#697),#698);
#167=STYLED_ITEM('',(#699),#700);
#168=STYLED_ITEM('',(#701),#702);
#169=STYLED_ITEM('',(#703),#704);
#170=STYLED_ITEM('',(#705),#706);
#171=STYLED_ITEM('',(#707),#708);
#172=STYLED_ITEM('',(#709),#710);
#173=STYLED_ITEM('',(#711),#712);
#174=STYLED_ITEM('',(#713),#714);
#175=STYLED_ITEM('',(#715),#716);
#176=STYLED_ITEM('',(#717),#718);
#177=STYLED_ITEM('',(#719),#720);
#178=STYLED_ITEM('',(#721),#722);
#179=STYLED_ITEM('',(#723),#724);
#180=STYLED_ITEM('',(#725),#726);
#181=STYLED_ITEM('',(#727),#728);
#182=STYLED_ITEM('',(#729),#730);
#183=STYLED_ITEM('',(#731),#732);
#184=STYLED_ITEM('',(#733),#734);
#185=STYLED_ITEM('',(#735),#736);
#186=STYLED_ITEM('',(#737),#738);
#187=STYLED_ITEM('',(#739),#740);
#188=STYLED_ITEM('',(#741),#742);
#189=STYLED_ITEM('',(#743),#744);
#190=STYLED_ITEM('',(#745),#746);
#191=STYLED_ITEM('',(#747),#748);
#192=STYLED_ITEM('',(#749),#750);
#193=STYLED_ITEM('',(#751),#752);
#194=STYLED_ITEM('',(#753),#754);
#195=STYLED_ITEM('',(#755),#756);
#196=STYLED_ITEM('',(#757),#758);
#197=STYLED_ITEM('',(#759),#760);
#198=STYLED_ITEM('',(#761),#762);
#199=STYLED_ITEM('',(#763),#764);
#200=STYLED_ITEM('',(#765),#766);
#201=STYLED_ITEM('',(#767),#768);
#202=STYLED_ITEM('',(#769),#770);
#203=STYLED_ITEM('',(#771),#772);
#204=STYLED_ITEM('',(#773),#774);
#205=STYLED_ITEM('',(#775),#776);
#206=STYLED_ITEM('',(#777),#778);
#207=STYLED_ITEM('',(#779),#780);
#208=STYLED_ITEM('',(#781),#782);
#209=STYLED_ITEM('',(#783),#784);
#210=STYLED_ITEM('',(#785),#786);
#211=STYLED_ITEM('',(#787),#788);
#212=STYLED_ITEM('',(#789),#790);
#213=STYLED_ITEM('',(#791),#792);
#214=STYLED_ITEM('',(#793),#794);
#215=STYLED_ITEM('',(#795),#796);
#216=STYLED_ITEM('',(#797),#798);
#217=STYLED_ITEM('',(#799),#800);
#218=STYLED_ITEM('',(#801),#802);
#219=STYLED_ITEM('',(#803),#804);
#220=STYLED_ITEM('',(#805),#806);
#221=STYLED_ITEM('',(#807),#808);
#222=STYLED_ITEM('',(#809),#810);
#223=STYLED_ITEM('',(#811),#812);
#224=STYLED_ITEM('',(#813),#814);
#225=STYLED_ITEM('',(#815),#816);
#226=STYLED_ITEM('',(#817),#818);
#227=STYLED_ITEM('',(#819),#820);
#228=STYLED_ITEM('',(#821),#822);
#229=STYLED_ITEM('',(#823),#824);
#230=STYLED_ITEM('',(#825),#826);
#231=STYLED_ITEM('',(#827),#828);
#232=STYLED_ITEM('',(#829),#830);
#233=STYLED_ITEM('',(#831),#832);
#234=STYLED_ITEM('',(#833),#834);
#235=STYLED_ITEM('',(#835),#836);
#236=STYLED_ITEM('',(#837),#838);
#237=STYLED_ITEM('',(#839),#840);
#238=STYLED_ITEM('',(#841),#842);
#239=STYLED_ITEM('',(#843),#844);
#240=STYLED_ITEM('',(#845),#846);
#241=STYLED_ITEM('',(#847),#848);
#242=STYLED_ITEM('',(#849),#850);
#243=STYLED_ITEM('',(#851),#852);
#244=STYLED_ITEM('',(#853),#854);
#245=STYLED_ITEM('',(#855),#856);
#246=STYLED_ITEM('',(#857),#858);
#247=STYLED_ITEM('',(#859),#860);
#248=STYLED_ITEM('',(#861),#862);
#249=STYLED_ITEM('',(#863),#864);
#250=STYLED_ITEM('',(#865),#866);
#251=STYLED_ITEM('',(#867),#868);
#252=STYLED_ITEM('',(#869),#870);
#253=STYLED_ITEM('',(#871),#872);
#254=STYLED_ITEM('',(#873),#874);
#255=STYLED_ITEM('',(#875),#876);
#256=STYLED_ITEM('',(#877),#878);
#257=STYLED_ITEM('',(#879),#880);
#258=STYLED_ITEM('',(#881),#882);
#259=STYLED_ITEM('',(#883),#884);
#260=STYLED_ITEM('',(#885),#886);
#261=STYLED_ITEM('',(#887),#888);
#262=STYLED_ITEM('',(#889),#890);
#263=STYLED_ITEM('',(#891),#892);
#264=STYLED_ITEM('',(#893),#894);
#265=STYLED_ITEM('',(#895),#896);
#266=STYLED_ITEM('',(#897),#898);
#267=STYLED_ITEM('',(#899),#900);
#268=STYLED_ITEM('',(#901),#902);
#269=STYLED_ITEM('',(#903),#904);
#270=STYLED_ITEM('',(#905),#906);
#271=STYLED_ITEM('',(#907),#908);
#272=STYLED_ITEM('',(#909),#910);
#273=STYLED_ITEM('',(#911),#912);
#274=STYLED_ITEM('',(#913),#914);
#275=STYLED_ITEM('',(#915),#916);
#276=STYLED_ITEM('',(#917),#918);
#277=STYLED_ITEM('',(#919),#920);
#278=STYLED_ITEM('',(#921),#922);
#279=STYLED_ITEM('',(#923),#924);
#280=STYLED_ITEM('',(#925),#926);
#281=STYLED_ITEM('',(#927),#928);
#282=STYLED_ITEM('',(#929),#930);
#283=STYLED_ITEM('',(#931),#932);
#284=STYLED_ITEM('',(#933),#934);
#285=STYLED_ITEM('',(#935),#936);
#286=STYLED_ITEM('',(#937),#938);
#287=STYLED_ITEM('',(#939),#940);
#288=STYLED_ITEM('',(#941),#942);
#289=STYLED_ITEM('',(#943),#944);
#290=STYLED_ITEM('',(#945),#946);
#291=STYLED_ITEM('',(#947),#948);
#292=STYLED_ITEM('',(#949),#950);
#293=STYLED_ITEM('',(#951),#952);
#294=STYLED_ITEM('',(#953),#954);
#295=STYLED_ITEM('',(#955),#956);
#296=STYLED_ITEM('',(#957),#958);
#297=STYLED_ITEM('',(#959),#960);
#298=STYLED_ITEM('',(#961),#962);
#299=STYLED_ITEM('',(#963),#964);
#300=STYLED_ITEM('',(#965),#966);
#301=STYLED_ITEM('',(#967),#968);
#302=STYLED_ITEM('',(#969),#970);
#303=STYLED_ITEM('',(#971),#972);
#304=STYLED_ITEM('',(#973),#974);
#305=STYLED_ITEM('',(#975),#976);
#306=STYLED_ITEM('',(#977),#978);
#307=STYLED_ITEM('',(#979),#980);
#308=STYLED_ITEM('',(#981),#982);
#309=STYLED_ITEM('',(#983),#984);
#310=STYLED_ITEM('',(#985),#986);
#311=STYLED_ITEM('',(#987),#988);
#312=STYLED_ITEM('',(#989),#990);
#313=STYLED_ITEM('',(#991),#992);
#314=STYLED_ITEM('',(#993),#994);
#315=STYLED_ITEM('',(#995),#996);
#316=STYLED_ITEM('',(#997),#998);
#317=STYLED_ITEM('',(#999),#1000);
#318=STYLED_ITEM('',(#1001),#1002);
#319=STYLED_ITEM('',(#1003),#1004);
#320=STYLED_ITEM('',(#1005),#1006);
#321=STYLED_ITEM('',(#1007),#1008);
#322=STYLED_ITEM('',(#1009),#1010);
#323=STYLED_ITEM('',(#1011),#1012);
#324=STYLED_ITEM('',(#1013),#1014);
#325=STYLED_ITEM('',(#1015),#1016);
#326=STYLED_ITEM('',(#1017),#1018);
#327=STYLED_ITEM('',(#1019),#1020);
#328=STYLED_ITEM('',(#1021),#1022);
#329=STYLED_ITEM('',(#1023),#1024);
#330=STYLED_ITEM('',(#1025),#1026);
#331=STYLED_ITEM('',(#1027),#1028);
#332=STYLED_ITEM('',(#1029),#1030);
#333=STYLED_ITEM('',(#1031),#1032);
#334=STYLED_ITEM('',(#1033),#1034);
#335=STYLED_ITEM('',(#1035),#1036);
#336=STYLED_ITEM('',(#1037),#1038);
#337=STYLED_ITEM('',(#1039),#1040);
#338=STYLED_ITEM('',(#1041),#1042);
#339=STYLED_ITEM('',(#1043),#1044);
#340=STYLED_ITEM('',(#1045),#1046);
#341=STYLED_ITEM('',(#1047),#1048);
#342=STYLED_ITEM('',(#1049),#1050);
#343=STYLED_ITEM('',(#1051),#1052);
#344=STYLED_ITEM('',(#1053),#1054);
#345=STYLED_ITEM('',(#1055),#1056);
#346=STYLED_ITEM('',(#1057),#1058);
#347=STYLED_ITEM('',(#1059),#1060);
#348=STYLED_ITEM('',(#1061),#1062);
#349=STYLED_ITEM('',(#1063),#1064);
#350=STYLED_ITEM('',(#1065),#1066);
#351=STYLED_ITEM('',(#1067),#1068);
#352=STYLED_ITEM('',(#1069),#1070);
#353=STYLED_ITEM('',(#1071),#1072);
#354=STYLED_ITEM('',(#1073),#1074);
#355=STYLED_ITEM('',(#1075),#1076);
#356=STYLED_ITEM('',(#1077),#1078);
#357=STYLED_ITEM('',(#1079),#1080);
#358=STYLED_ITEM('',(#1081),#1082);
#359=STYLED_ITEM('',(#1083),#1084);
#360=STYLED_ITEM('',(#1085),#1086);
#361=STYLED_ITEM('',(#1087),#1088);
#362=STYLED_ITEM('',(#1089),#1090);
#363=STYLED_ITEM('',(#1091),#1092);
#364=STYLED_ITEM('',(#1093),#1094);
#365=STYLED_ITEM('',(#1095),#1096);
#366=STYLED_ITEM('',(#1097),#1098);
#367=STYLED_ITEM('',(#1099),#1100);
#368=STYLED_ITEM('',(#1101),#1102);
#369=STYLED_ITEM('',(#1103),#1104);
#370=STYLED_ITEM('',(#1105),#1106);
#371=STYLED_ITEM('',(#1107),#1108);
#372=STYLED_ITEM('',(#1109),#1110);
#373=STYLED_ITEM('',(#1111),#1112);
#374=STYLED_ITEM('',(#1113),#1114);
#375=STYLED_ITEM('',(#1115),#1116);
#376=STYLED_ITEM('',(#1117),#1118);
#377=APPLICATION_CONTEXT('managed model based 3d engineering');
#378=PRODUCT_CATEGORY('part','NONE');
#379=PRODUCT_RELATED_PRODUCT_CATEGORY('detail',' ',(#1119));
#380=PRODUCT_DEFINITION_SHAPE('NONE','NONE',#1120);
#381=ADVANCED_BREP_SHAPE_REPRESENTATION('691243110006_1',(#1121,#1122),#11);
#382=ADVANCED_BREP_SHAPE_REPRESENTATION('691243110006_2',(#1123,#1124),#11);
#383=ADVANCED_BREP_SHAPE_REPRESENTATION('691243110006_3',(#1125,#1126),#11);
#384=ADVANCED_BREP_SHAPE_REPRESENTATION('691243110006_4',(#1127,#1128),#11);
#385=ADVANCED_BREP_SHAPE_REPRESENTATION('691243110006_5',(#1129,#1130),#11);
#386=ADVANCED_BREP_SHAPE_REPRESENTATION('691243110006_6',(#1131,#1132),#11);
#389=UNCERTAINTY_MEASURE_WITH_UNIT(LENGTH_MEASURE(1.0E-06),#391,'','');
#391= (CONVERSION_BASED_UNIT('MILLIMETRE',#1135)LENGTH_UNIT()NAMED_UNIT(#1138));
#392= (NAMED_UNIT(#1140)PLANE_ANGLE_UNIT()SI_UNIT($,.RADIAN.));
#393= (NAMED_UNIT(#1140)SOLID_ANGLE_UNIT()SI_UNIT($,.STERADIAN.));
#395=PRESENTATION_STYLE_ASSIGNMENT((#1146));
#396=ADVANCED_FACE('',(#1147),#1148,.F.);
#397=PRESENTATION_STYLE_ASSIGNMENT((#1149));
#398=ADVANCED_FACE('',(#1150),#1151,.T.);
#399=PRESENTATION_STYLE_ASSIGNMENT((#1152));
#400=ADVANCED_FACE('F347',(#1153),#1154,.T.);
#401=PRESENTATION_STYLE_ASSIGNMENT((#1155));
#402=ADVANCED_FACE('',(#1156),#1157,.T.);
#403=PRESENTATION_STYLE_ASSIGNMENT((#1158));
#404=ADVANCED_FACE('',(#1159),#1160,.T.);
#405=PRESENTATION_STYLE_ASSIGNMENT((#1161));
#406=ADVANCED_FACE('',(#1162),#1163,.T.);
#407=PRESENTATION_STYLE_ASSIGNMENT((#1164));
#408=ADVANCED_FACE('',(#1165),#1166,.F.);
#409=PRESENTATION_STYLE_ASSIGNMENT((#1167));
#410=ADVANCED_FACE('F392',(#1168),#1169,.F.);
#411=PRESENTATION_STYLE_ASSIGNMENT((#1170));
#412=ADVANCED_FACE('F371',(#1171),#1172,.T.);
#413=PRESENTATION_STYLE_ASSIGNMENT((#1173));
#414=ADVANCED_FACE('',(#1174),#1175,.T.);
#415=PRESENTATION_STYLE_ASSIGNMENT((#1176));
#416=ADVANCED_FACE('',(#1177),#1178,.T.);
#417=PRESENTATION_STYLE_ASSIGNMENT((#1179));
#418=ADVANCED_FACE('F393',(#1180),#1181,.F.);
#419=PRESENTATION_STYLE_ASSIGNMENT((#1182));
#420=ADVANCED_FACE('',(#1183),#1184,.T.);
#421=PRESENTATION_STYLE_ASSIGNMENT((#1185));
#422=ADVANCED_FACE('',(#1186),#1187,.F.);
#423=PRESENTATION_STYLE_ASSIGNMENT((#1188));
#424=ADVANCED_FACE('',(#1189),#1190,.T.);
#425=PRESENTATION_STYLE_ASSIGNMENT((#1191));
#426=ADVANCED_FACE('',(#1192),#1193,.F.);
#427=PRESENTATION_STYLE_ASSIGNMENT((#1194));
#428=ADVANCED_FACE('',(#1195),#1196,.T.);
#429=PRESENTATION_STYLE_ASSIGNMENT((#1197));
#430=ADVANCED_FACE('F96',(#1198),#1199,.F.);
#431=PRESENTATION_STYLE_ASSIGNMENT((#1200));
#432=ADVANCED_FACE('',(#1201),#1202,.T.);
#433=PRESENTATION_STYLE_ASSIGNMENT((#1203));
#434=ADVANCED_FACE('',(#1204),#1205,.T.);
#435=PRESENTATION_STYLE_ASSIGNMENT((#1206));
#436=ADVANCED_FACE('',(#1207),#1208,.F.);
#437=PRESENTATION_STYLE_ASSIGNMENT((#1209));
#438=ADVANCED_FACE('F101',(#1210),#1211,.F.);
#439=PRESENTATION_STYLE_ASSIGNMENT((#1212));
#440=ADVANCED_FACE('',(#1213),#1214,.F.);
#441=PRESENTATION_STYLE_ASSIGNMENT((#1215));
#442=ADVANCED_FACE('F19',(#1216),#1217,.T.);
#443=PRESENTATION_STYLE_ASSIGNMENT((#1218));
#444=ADVANCED_FACE('F345',(#1219),#1220,.F.);
#445=PRESENTATION_STYLE_ASSIGNMENT((#1221));
#446=ADVANCED_FACE('',(#1222),#1223,.T.);
#447=PRESENTATION_STYLE_ASSIGNMENT((#1224));
#448=ADVANCED_FACE('F17',(#1225),#1226,.T.);
#449=PRESENTATION_STYLE_ASSIGNMENT((#1227));
#450=ADVANCED_FACE('F370',(#1228),#1229,.T.);
#451=PRESENTATION_STYLE_ASSIGNMENT((#1230));
#452=ADVANCED_FACE('F8',(#1231),#1232,.F.);
#453=PRESENTATION_STYLE_ASSIGNMENT((#1233));
#454=ADVANCED_FACE('F355',(#1234),#1235,.T.);
#455=PRESENTATION_STYLE_ASSIGNMENT((#1236));
#456=ADVANCED_FACE('F335',(#1237),#1238,.T.);
#457=PRESENTATION_STYLE_ASSIGNMENT((#1239));
#458=ADVANCED_FACE('F254',(#1240),#1241,.T.);
#459=PRESENTATION_STYLE_ASSIGNMENT((#1242));
#460=ADVANCED_FACE('',(#1243),#1244,.T.);
#461=PRESENTATION_STYLE_ASSIGNMENT((#1245));
#462=ADVANCED_FACE('',(#1246),#1247,.F.);
#463=PRESENTATION_STYLE_ASSIGNMENT((#1248));
#464=ADVANCED_FACE('',(#1249),#1250,.F.);
#465=PRESENTATION_STYLE_ASSIGNMENT((#1251));
#466=ADVANCED_FACE('',(#1252),#1253,.T.);
#467=PRESENTATION_STYLE_ASSIGNMENT((#1254));
#468=ADVANCED_FACE('',(#1255),#1256,.T.);
#469=PRESENTATION_STYLE_ASSIGNMENT((#1257));
#470=ADVANCED_FACE('',(#1258),#1259,.T.);
#471=PRESENTATION_STYLE_ASSIGNMENT((#1260));
#472=ADVANCED_FACE('F325',(#1261),#1262,.F.);
#473=PRESENTATION_STYLE_ASSIGNMENT((#1263));
#474=ADVANCED_FACE('',(#1264),#1265,.T.);
#475=PRESENTATION_STYLE_ASSIGNMENT((#1266));
#476=ADVANCED_FACE('',(#1267),#1268,.F.);
#477=PRESENTATION_STYLE_ASSIGNMENT((#1269));
#478=ADVANCED_FACE('',(#1270),#1271,.F.);
#479=PRESENTATION_STYLE_ASSIGNMENT((#1272));
#480=ADVANCED_FACE('',(#1273),#1274,.F.);
#481=PRESENTATION_STYLE_ASSIGNMENT((#1275));
#482=ADVANCED_FACE('',(#1276),#1277,.T.);
#483=PRESENTATION_STYLE_ASSIGNMENT((#1278));
#484=ADVANCED_FACE('F96',(#1279),#1280,.F.);
#485=PRESENTATION_STYLE_ASSIGNMENT((#1281));
#486=ADVANCED_FACE('',(#1282),#1283,.T.);
#487=PRESENTATION_STYLE_ASSIGNMENT((#1284));
#488=ADVANCED_FACE('',(#1285),#1286,.T.);
#489=PRESENTATION_STYLE_ASSIGNMENT((#1287));
#490=ADVANCED_FACE('',(#1288),#1289,.T.);
#491=PRESENTATION_STYLE_ASSIGNMENT((#1290));
#492=ADVANCED_FACE('',(#1291),#1292,.T.);
#493=PRESENTATION_STYLE_ASSIGNMENT((#1293));
#494=ADVANCED_FACE('F9',(#1294),#1295,.F.);
#495=PRESENTATION_STYLE_ASSIGNMENT((#1296));
#496=ADVANCED_FACE('',(#1297,#1298),#1299,.T.);
#497=PRESENTATION_STYLE_ASSIGNMENT((#1300));
#498=ADVANCED_FACE('',(#1301),#1302,.T.);
#499=PRESENTATION_STYLE_ASSIGNMENT((#1303));
#500=ADVANCED_FACE('',(#1304),#1305,.F.);
#501=PRESENTATION_STYLE_ASSIGNMENT((#1306));
#502=ADVANCED_FACE('',(#1307),#1308,.T.);
#503=PRESENTATION_STYLE_ASSIGNMENT((#1309));
#504=ADVANCED_FACE('',(#1310),#1311,.T.);
#505=PRESENTATION_STYLE_ASSIGNMENT((#1312));
#506=ADVANCED_FACE('F6',(#1313),#1314,.T.);
#507=PRESENTATION_STYLE_ASSIGNMENT((#1315));
#508=ADVANCED_FACE('',(#1316),#1317,.T.);
#509=PRESENTATION_STYLE_ASSIGNMENT((#1318));
#510=ADVANCED_FACE('',(#1319),#1320,.T.);
#511=PRESENTATION_STYLE_ASSIGNMENT((#1321));
#512=ADVANCED_FACE('',(#1322),#1323,.F.);
#513=PRESENTATION_STYLE_ASSIGNMENT((#1324));
#514=ADVANCED_FACE('',(#1325),#1326,.T.);
#515=PRESENTATION_STYLE_ASSIGNMENT((#1327));
#516=ADVANCED_FACE('',(#1328),#1329,.T.);
#517=PRESENTATION_STYLE_ASSIGNMENT((#1330));
#518=ADVANCED_FACE('',(#1331),#1332,.F.);
#519=PRESENTATION_STYLE_ASSIGNMENT((#1333));
#520=ADVANCED_FACE('',(#1334),#1335,.F.);
#521=PRESENTATION_STYLE_ASSIGNMENT((#1336));
#522=ADVANCED_FACE('',(#1337),#1338,.T.);
#523=PRESENTATION_STYLE_ASSIGNMENT((#1339));
#524=ADVANCED_FACE('',(#1340),#1341,.T.);
#525=PRESENTATION_STYLE_ASSIGNMENT((#1342));
#526=ADVANCED_FACE('',(#1343),#1344,.T.);
#527=PRESENTATION_STYLE_ASSIGNMENT((#1345));
#528=ADVANCED_FACE('F343',(#1346),#1347,.F.);
#529=PRESENTATION_STYLE_ASSIGNMENT((#1348));
#530=ADVANCED_FACE('F101',(#1349),#1350,.F.);
#531=PRESENTATION_STYLE_ASSIGNMENT((#1351));
#532=ADVANCED_FACE('',(#1352),#1353,.T.);
#533=PRESENTATION_STYLE_ASSIGNMENT((#1354));
#534=ADVANCED_FACE('',(#1355),#1356,.T.);
#535=PRESENTATION_STYLE_ASSIGNMENT((#1357));
#536=ADVANCED_FACE('',(#1358),#1359,.T.);
#537=PRESENTATION_STYLE_ASSIGNMENT((#1360));
#538=ADVANCED_FACE('F102',(#1361),#1362,.F.);
#539=PRESENTATION_STYLE_ASSIGNMENT((#1363));
#540=ADVANCED_FACE('',(#1364),#1365,.T.);
#541=PRESENTATION_STYLE_ASSIGNMENT((#1366));
#542=ADVANCED_FACE('',(#1367),#1368,.T.);
#543=PRESENTATION_STYLE_ASSIGNMENT((#1369));
#544=ADVANCED_FACE('',(#1370),#1371,.F.);
#545=PRESENTATION_STYLE_ASSIGNMENT((#1372));
#546=ADVANCED_FACE('',(#1373),#1374,.T.);
#547=PRESENTATION_STYLE_ASSIGNMENT((#1375));
#548=ADVANCED_FACE('F9',(#1376),#1377,.F.);
#549=PRESENTATION_STYLE_ASSIGNMENT((#1378));
#550=ADVANCED_FACE('',(#1379),#1380,.F.);
#551=PRESENTATION_STYLE_ASSIGNMENT((#1381));
#552=ADVANCED_FACE('',(#1382),#1383,.T.);
#553=PRESENTATION_STYLE_ASSIGNMENT((#1384));
#554=ADVANCED_FACE('F100',(#1385),#1386,.F.);
#555=PRESENTATION_STYLE_ASSIGNMENT((#1387));
#556=ADVANCED_FACE('',(#1388),#1389,.T.);
#557=PRESENTATION_STYLE_ASSIGNMENT((#1390));
#558=ADVANCED_FACE('',(#1391),#1392,.T.);
#559=PRESENTATION_STYLE_ASSIGNMENT((#1393));
#560=ADVANCED_FACE('',(#1394),#1395,.T.);
#561=PRESENTATION_STYLE_ASSIGNMENT((#1396));
#562=ADVANCED_FACE('F130',(#1397),#1398,.F.);
#563=PRESENTATION_STYLE_ASSIGNMENT((#1399));
#564=ADVANCED_FACE('F128',(#1400),#1401,.T.);
#565=PRESENTATION_STYLE_ASSIGNMENT((#1402));
#566=ADVANCED_FACE('',(#1403),#1404,.T.);
#567=PRESENTATION_STYLE_ASSIGNMENT((#1405));
#568=ADVANCED_FACE('',(#1406),#1407,.T.);
#569=PRESENTATION_STYLE_ASSIGNMENT((#1408));
#570=ADVANCED_FACE('',(#1409),#1410,.T.);
#571=PRESENTATION_STYLE_ASSIGNMENT((#1411));
#572=ADVANCED_FACE('',(#1412),#1413,.T.);
#573=PRESENTATION_STYLE_ASSIGNMENT((#1414));
#574=ADVANCED_FACE('',(#1415),#1416,.F.);
#575=PRESENTATION_STYLE_ASSIGNMENT((#1417));
#576=ADVANCED_FACE('',(#1418),#1419,.T.);
#577=PRESENTATION_STYLE_ASSIGNMENT((#1420));
#578=ADVANCED_FACE('',(#1421,#1422),#1423,.T.);
#579=PRESENTATION_STYLE_ASSIGNMENT((#1424));
#580=ADVANCED_FACE('',(#1425),#1426,.T.);
#581=PRESENTATION_STYLE_ASSIGNMENT((#1427));
#582=ADVANCED_FACE('',(#1428),#1429,.F.);
#583=PRESENTATION_STYLE_ASSIGNMENT((#1430));
#584=ADVANCED_FACE('F346',(#1431),#1432,.T.);
#585=PRESENTATION_STYLE_ASSIGNMENT((#1433));
#586=ADVANCED_FACE('',(#1434),#1435,.T.);
#587=PRESENTATION_STYLE_ASSIGNMENT((#1436));
#588=ADVANCED_FACE('F343',(#1437),#1438,.F.);
#589=PRESENTATION_STYLE_ASSIGNMENT((#1439));
#590=ADVANCED_FACE('',(#1440),#1441,.T.);
#591=PRESENTATION_STYLE_ASSIGNMENT((#1442));
#592=ADVANCED_FACE('',(#1443),#1444,.T.);
#593=PRESENTATION_STYLE_ASSIGNMENT((#1445));
#594=ADVANCED_FACE('',(#1446),#1447,.F.);
#595=PRESENTATION_STYLE_ASSIGNMENT((#1448));
#596=ADVANCED_FACE('',(#1449,#1450),#1451,.T.);
#597=PRESENTATION_STYLE_ASSIGNMENT((#1452));
#598=ADVANCED_FACE('',(#1453),#1454,.F.);
#599=PRESENTATION_STYLE_ASSIGNMENT((#1455));
#600=ADVANCED_FACE('',(#1456),#1457,.F.);
#601=PRESENTATION_STYLE_ASSIGNMENT((#1458));
#602=ADVANCED_FACE('',(#1459),#1460,.T.);
#603=PRESENTATION_STYLE_ASSIGNMENT((#1461));
#604=ADVANCED_FACE('',(#1462),#1463,.T.);
#605=PRESENTATION_STYLE_ASSIGNMENT((#1464));
#606=ADVANCED_FACE('',(#1465),#1466,.T.);
#607=PRESENTATION_STYLE_ASSIGNMENT((#1467));
#608=ADVANCED_FACE('',(#1468),#1469,.F.);
#609=PRESENTATION_STYLE_ASSIGNMENT((#1470));
#610=ADVANCED_FACE('',(#1471),#1472,.T.);
#611=PRESENTATION_STYLE_ASSIGNMENT((#1473));
#612=ADVANCED_FACE('',(#1474),#1475,.T.);
#613=PRESENTATION_STYLE_ASSIGNMENT((#1476));
#614=ADVANCED_FACE('F130',(#1477),#1478,.F.);
#615=PRESENTATION_STYLE_ASSIGNMENT((#1479));
#616=ADVANCED_FACE('',(#1480),#1481,.F.);
#617=PRESENTATION_STYLE_ASSIGNMENT((#1482));
#618=ADVANCED_FACE('',(#1483),#1484,.T.);
#619=PRESENTATION_STYLE_ASSIGNMENT((#1485));
#620=ADVANCED_FACE('F128',(#1486),#1487,.T.);
#621=PRESENTATION_STYLE_ASSIGNMENT((#1488));
#622=ADVANCED_FACE('',(#1489),#1490,.F.);
#623=PRESENTATION_STYLE_ASSIGNMENT((#1491));
#624=ADVANCED_FACE('',(#1492),#1493,.F.);
#625=PRESENTATION_STYLE_ASSIGNMENT((#1494));
#626=ADVANCED_FACE('',(#1495),#1496,.T.);
#627=PRESENTATION_STYLE_ASSIGNMENT((#1497));
#628=ADVANCED_FACE('',(#1498),#1499,.T.);
#629=PRESENTATION_STYLE_ASSIGNMENT((#1500));
#630=ADVANCED_FACE('',(#1501),#1502,.T.);
#631=PRESENTATION_STYLE_ASSIGNMENT((#1503));
#632=ADVANCED_FACE('',(#1504),#1505,.T.);
#633=PRESENTATION_STYLE_ASSIGNMENT((#1506));
#634=ADVANCED_FACE('',(#1507),#1508,.F.);
#635=PRESENTATION_STYLE_ASSIGNMENT((#1509));
#636=ADVANCED_FACE('',(#1510,#1511),#1512,.T.);
#637=PRESENTATION_STYLE_ASSIGNMENT((#1513));
#638=ADVANCED_FACE('',(#1514),#1515,.T.);
#639=PRESENTATION_STYLE_ASSIGNMENT((#1516));
#640=ADVANCED_FACE('',(#1517),#1518,.T.);
#641=PRESENTATION_STYLE_ASSIGNMENT((#1519));
#642=ADVANCED_FACE('F16',(#1520),#1521,.T.);
#643=PRESENTATION_STYLE_ASSIGNMENT((#1522));
#644=ADVANCED_FACE('',(#1523),#1524,.T.);
#645=PRESENTATION_STYLE_ASSIGNMENT((#1525));
#646=ADVANCED_FACE('',(#1526),#1527,.T.);
#647=PRESENTATION_STYLE_ASSIGNMENT((#1528));
#648=ADVANCED_FACE('F96',(#1529),#1530,.F.);
#649=PRESENTATION_STYLE_ASSIGNMENT((#1531));
#650=ADVANCED_FACE('F101',(#1532),#1533,.F.);
#651=PRESENTATION_STYLE_ASSIGNMENT((#1534));
#652=ADVANCED_FACE('F4',(#1535),#1536,.T.);
#653=PRESENTATION_STYLE_ASSIGNMENT((#1537));
#654=ADVANCED_FACE('F5',(#1538),#1539,.T.);
#655=PRESENTATION_STYLE_ASSIGNMENT((#1540));
#656=ADVANCED_FACE('F102',(#1541),#1542,.F.);
#657=PRESENTATION_STYLE_ASSIGNMENT((#1543));
#658=ADVANCED_FACE('F100',(#1544),#1545,.F.);
#659=PRESENTATION_STYLE_ASSIGNMENT((#1546));
#660=ADVANCED_FACE('',(#1547),#1548,.T.);
#661=PRESENTATION_STYLE_ASSIGNMENT((#1549));
#662=ADVANCED_FACE('',(#1550),#1551,.T.);
#663=PRESENTATION_STYLE_ASSIGNMENT((#1552));
#664=ADVANCED_FACE('',(#1553),#1554,.T.);
#665=PRESENTATION_STYLE_ASSIGNMENT((#1555));
#666=ADVANCED_FACE('',(#1556),#1557,.T.);
#667=PRESENTATION_STYLE_ASSIGNMENT((#1558));
#668=ADVANCED_FACE('',(#1559),#1560,.F.);
#669=PRESENTATION_STYLE_ASSIGNMENT((#1561));
#670=ADVANCED_FACE('',(#1562),#1563,.T.);
#671=PRESENTATION_STYLE_ASSIGNMENT((#1564));
#672=ADVANCED_FACE('',(#1565),#1566,.T.);
#673=PRESENTATION_STYLE_ASSIGNMENT((#1567));
#674=ADVANCED_FACE('F16',(#1568),#1569,.T.);
#675=PRESENTATION_STYLE_ASSIGNMENT((#1570));
#676=ADVANCED_FACE('',(#1571),#1572,.T.);
#677=PRESENTATION_STYLE_ASSIGNMENT((#1573));
#678=ADVANCED_FACE('',(#1574),#1575,.F.);
#679=PRESENTATION_STYLE_ASSIGNMENT((#1576));
#680=ADVANCED_FACE('',(#1577),#1578,.T.);
#681=PRESENTATION_STYLE_ASSIGNMENT((#1579));
#682=ADVANCED_FACE('',(#1580),#1581,.F.);
#683=PRESENTATION_STYLE_ASSIGNMENT((#1582));
#684=ADVANCED_FACE('',(#1583),#1584,.T.);
#685=PRESENTATION_STYLE_ASSIGNMENT((#1585));
#686=ADVANCED_FACE('',(#1586),#1587,.F.);
#687=PRESENTATION_STYLE_ASSIGNMENT((#1588));
#688=ADVANCED_FACE('',(#1589),#1590,.F.);
#689=PRESENTATION_STYLE_ASSIGNMENT((#1591));
#690=ADVANCED_FACE('',(#1592),#1593,.T.);
#691=PRESENTATION_STYLE_ASSIGNMENT((#1594));
#692=ADVANCED_FACE('F6',(#1595),#1596,.T.);
#693=PRESENTATION_STYLE_ASSIGNMENT((#1597));
#694=ADVANCED_FACE('',(#1598),#1599,.T.);
#695=PRESENTATION_STYLE_ASSIGNMENT((#1600));
#696=ADVANCED_FACE('',(#1601),#1602,.F.);
#697=PRESENTATION_STYLE_ASSIGNMENT((#1603));
#698=ADVANCED_FACE('',(#1604),#1605,.F.);
#699=PRESENTATION_STYLE_ASSIGNMENT((#1606));
#700=ADVANCED_FACE('',(#1607),#1608,.T.);
#701=PRESENTATION_STYLE_ASSIGNMENT((#1609));
#702=ADVANCED_FACE('F394',(#1610),#1611,.F.);
#703=PRESENTATION_STYLE_ASSIGNMENT((#1612));
#704=ADVANCED_FACE('',(#1613),#1614,.F.);
#705=PRESENTATION_STYLE_ASSIGNMENT((#1615));
#706=ADVANCED_FACE('F132',(#1616),#1617,.F.);
#707=PRESENTATION_STYLE_ASSIGNMENT((#1618));
#708=ADVANCED_FACE('F100',(#1619),#1620,.F.);
#709=PRESENTATION_STYLE_ASSIGNMENT((#1621));
#710=ADVANCED_FACE('F5',(#1622),#1623,.T.);
#711=PRESENTATION_STYLE_ASSIGNMENT((#1624));
#712=ADVANCED_FACE('',(#1625),#1626,.T.);
#713=PRESENTATION_STYLE_ASSIGNMENT((#1627));
#714=ADVANCED_FACE('F506',(#1628),#1629,.T.);
#715=PRESENTATION_STYLE_ASSIGNMENT((#1630));
#716=ADVANCED_FACE('',(#1631),#1632,.T.);
#717=PRESENTATION_STYLE_ASSIGNMENT((#1633));
#718=ADVANCED_FACE('',(#1634),#1635,.T.);
#719=PRESENTATION_STYLE_ASSIGNMENT((#1636));
#720=ADVANCED_FACE('',(#1637),#1638,.T.);
#721=PRESENTATION_STYLE_ASSIGNMENT((#1639));
#722=ADVANCED_FACE('',(#1640),#1641,.T.);
#723=PRESENTATION_STYLE_ASSIGNMENT((#1642));
#724=ADVANCED_FACE('F4',(#1643),#1644,.T.);
#725=PRESENTATION_STYLE_ASSIGNMENT((#1645));
#726=ADVANCED_FACE('F102',(#1646),#1647,.F.);
#727=PRESENTATION_STYLE_ASSIGNMENT((#1648));
#728=ADVANCED_FACE('',(#1649),#1650,.F.);
#729=PRESENTATION_STYLE_ASSIGNMENT((#1651));
#730=ADVANCED_FACE('',(#1652),#1653,.T.);
#731=PRESENTATION_STYLE_ASSIGNMENT((#1654));
#732=ADVANCED_FACE('',(#1655),#1656,.T.);
#733=PRESENTATION_STYLE_ASSIGNMENT((#1657));
#734=ADVANCED_FACE('F129',(#1658),#1659,.T.);
#735=PRESENTATION_STYLE_ASSIGNMENT((#1660));
#736=ADVANCED_FACE('',(#1661),#1662,.T.);
#737=PRESENTATION_STYLE_ASSIGNMENT((#1663));
#738=ADVANCED_FACE('',(#1664),#1665,.T.);
#739=PRESENTATION_STYLE_ASSIGNMENT((#1666));
#740=ADVANCED_FACE('',(#1667),#1668,.T.);
#741=PRESENTATION_STYLE_ASSIGNMENT((#1669));
#742=ADVANCED_FACE('',(#1670),#1671,.F.);
#743=PRESENTATION_STYLE_ASSIGNMENT((#1672));
#744=ADVANCED_FACE('',(#1673),#1674,.T.);
#745=PRESENTATION_STYLE_ASSIGNMENT((#1675));
#746=ADVANCED_FACE('',(#1676),#1677,.T.);
#747=PRESENTATION_STYLE_ASSIGNMENT((#1678));
#748=ADVANCED_FACE('',(#1679),#1680,.T.);
#749=PRESENTATION_STYLE_ASSIGNMENT((#1681));
#750=ADVANCED_FACE('',(#1682),#1683,.T.);
#751=PRESENTATION_STYLE_ASSIGNMENT((#1684));
#752=ADVANCED_FACE('',(#1685),#1686,.T.);
#753=PRESENTATION_STYLE_ASSIGNMENT((#1687));
#754=ADVANCED_FACE('',(#1688),#1689,.T.);
#755=PRESENTATION_STYLE_ASSIGNMENT((#1690));
#756=ADVANCED_FACE('',(#1691),#1692,.T.);
#757=PRESENTATION_STYLE_ASSIGNMENT((#1693));
#758=ADVANCED_FACE('',(#1694),#1695,.F.);
#759=PRESENTATION_STYLE_ASSIGNMENT((#1696));
#760=ADVANCED_FACE('',(#1697),#1698,.T.);
#761=PRESENTATION_STYLE_ASSIGNMENT((#1699));
#762=ADVANCED_FACE('F347',(#1700),#1701,.T.);
#763=PRESENTATION_STYLE_ASSIGNMENT((#1702));
#764=ADVANCED_FACE('',(#1703),#1704,.T.);
#765=PRESENTATION_STYLE_ASSIGNMENT((#1705));
#766=ADVANCED_FACE('',(#1706),#1707,.T.);
#767=PRESENTATION_STYLE_ASSIGNMENT((#1708));
#768=ADVANCED_FACE('',(#1709),#1710,.T.);
#769=PRESENTATION_STYLE_ASSIGNMENT((#1711));
#770=ADVANCED_FACE('',(#1712),#1713,.F.);
#771=PRESENTATION_STYLE_ASSIGNMENT((#1714));
#772=ADVANCED_FACE('F392',(#1715),#1716,.F.);
#773=PRESENTATION_STYLE_ASSIGNMENT((#1717));
#774=ADVANCED_FACE('F371',(#1718),#1719,.T.);
#775=PRESENTATION_STYLE_ASSIGNMENT((#1720));
#776=ADVANCED_FACE('',(#1721),#1722,.T.);
#777=PRESENTATION_STYLE_ASSIGNMENT((#1723));
#778=ADVANCED_FACE('',(#1724),#1725,.T.);
#779=PRESENTATION_STYLE_ASSIGNMENT((#1726));
#780=ADVANCED_FACE('F393',(#1727),#1728,.F.);
#781=PRESENTATION_STYLE_ASSIGNMENT((#1729));
#782=ADVANCED_FACE('',(#1730),#1731,.T.);
#783=PRESENTATION_STYLE_ASSIGNMENT((#1732));
#784=ADVANCED_FACE('',(#1733),#1734,.F.);
#785=PRESENTATION_STYLE_ASSIGNMENT((#1735));
#786=ADVANCED_FACE('',(#1736),#1737,.T.);
#787=PRESENTATION_STYLE_ASSIGNMENT((#1738));
#788=ADVANCED_FACE('',(#1739),#1740,.F.);
#789=PRESENTATION_STYLE_ASSIGNMENT((#1741));
#790=ADVANCED_FACE('',(#1742),#1743,.T.);
#791=PRESENTATION_STYLE_ASSIGNMENT((#1744));
#792=ADVANCED_FACE('F96',(#1745),#1746,.F.);
#793=PRESENTATION_STYLE_ASSIGNMENT((#1747));
#794=ADVANCED_FACE('',(#1748),#1749,.T.);
#795=PRESENTATION_STYLE_ASSIGNMENT((#1750));
#796=ADVANCED_FACE('',(#1751),#1752,.T.);
#797=PRESENTATION_STYLE_ASSIGNMENT((#1753));
#798=ADVANCED_FACE('',(#1754),#1755,.F.);
#799=PRESENTATION_STYLE_ASSIGNMENT((#1756));
#800=ADVANCED_FACE('F101',(#1757),#1758,.F.);
#801=PRESENTATION_STYLE_ASSIGNMENT((#1759));
#802=ADVANCED_FACE('',(#1760),#1761,.F.);
#803=PRESENTATION_STYLE_ASSIGNMENT((#1762));
#804=ADVANCED_FACE('F19',(#1763),#1764,.T.);
#805=PRESENTATION_STYLE_ASSIGNMENT((#1765));
#806=ADVANCED_FACE('F345',(#1766),#1767,.F.);
#807=PRESENTATION_STYLE_ASSIGNMENT((#1768));
#808=ADVANCED_FACE('',(#1769),#1770,.T.);
#809=PRESENTATION_STYLE_ASSIGNMENT((#1771));
#810=ADVANCED_FACE('F17',(#1772),#1773,.T.);
#811=PRESENTATION_STYLE_ASSIGNMENT((#1774));
#812=ADVANCED_FACE('F370',(#1775),#1776,.T.);
#813=PRESENTATION_STYLE_ASSIGNMENT((#1777));
#814=ADVANCED_FACE('F8',(#1778),#1779,.F.);
#815=PRESENTATION_STYLE_ASSIGNMENT((#1780));
#816=ADVANCED_FACE('F355',(#1781),#1782,.T.);
#817=PRESENTATION_STYLE_ASSIGNMENT((#1783));
#818=ADVANCED_FACE('F335',(#1784),#1785,.T.);
#819=PRESENTATION_STYLE_ASSIGNMENT((#1786));
#820=ADVANCED_FACE('F254',(#1787),#1788,.T.);
#821=PRESENTATION_STYLE_ASSIGNMENT((#1789));
#822=ADVANCED_FACE('',(#1790),#1791,.T.);
#823=PRESENTATION_STYLE_ASSIGNMENT((#1792));
#824=ADVANCED_FACE('',(#1793),#1794,.F.);
#825=PRESENTATION_STYLE_ASSIGNMENT((#1795));
#826=ADVANCED_FACE('',(#1796),#1797,.F.);
#827=PRESENTATION_STYLE_ASSIGNMENT((#1798));
#828=ADVANCED_FACE('',(#1799),#1800,.T.);
#829=PRESENTATION_STYLE_ASSIGNMENT((#1801));
#830=ADVANCED_FACE('',(#1802),#1803,.T.);
#831=PRESENTATION_STYLE_ASSIGNMENT((#1804));
#832=ADVANCED_FACE('',(#1805),#1806,.T.);
#833=PRESENTATION_STYLE_ASSIGNMENT((#1807));
#834=ADVANCED_FACE('F325',(#1808),#1809,.F.);
#835=PRESENTATION_STYLE_ASSIGNMENT((#1810));
#836=ADVANCED_FACE('',(#1811),#1812,.T.);
#837=PRESENTATION_STYLE_ASSIGNMENT((#1813));
#838=ADVANCED_FACE('',(#1814),#1815,.F.);
#839=PRESENTATION_STYLE_ASSIGNMENT((#1816));
#840=ADVANCED_FACE('',(#1817),#1818,.F.);
#841=PRESENTATION_STYLE_ASSIGNMENT((#1819));
#842=ADVANCED_FACE('',(#1820),#1821,.F.);
#843=PRESENTATION_STYLE_ASSIGNMENT((#1822));
#844=ADVANCED_FACE('',(#1823),#1824,.T.);
#845=PRESENTATION_STYLE_ASSIGNMENT((#1825));
#846=ADVANCED_FACE('F96',(#1826),#1827,.F.);
#847=PRESENTATION_STYLE_ASSIGNMENT((#1828));
#848=ADVANCED_FACE('',(#1829),#1830,.T.);
#849=PRESENTATION_STYLE_ASSIGNMENT((#1831));
#850=ADVANCED_FACE('',(#1832),#1833,.T.);
#851=PRESENTATION_STYLE_ASSIGNMENT((#1834));
#852=ADVANCED_FACE('',(#1835),#1836,.T.);
#853=PRESENTATION_STYLE_ASSIGNMENT((#1837));
#854=ADVANCED_FACE('',(#1838),#1839,.T.);
#855=PRESENTATION_STYLE_ASSIGNMENT((#1840));
#856=ADVANCED_FACE('F9',(#1841),#1842,.F.);
#857=PRESENTATION_STYLE_ASSIGNMENT((#1843));
#858=ADVANCED_FACE('',(#1844,#1845),#1846,.T.);
#859=PRESENTATION_STYLE_ASSIGNMENT((#1847));
#860=ADVANCED_FACE('',(#1848),#1849,.T.);
#861=PRESENTATION_STYLE_ASSIGNMENT((#1850));
#862=ADVANCED_FACE('',(#1851),#1852,.F.);
#863=PRESENTATION_STYLE_ASSIGNMENT((#1853));
#864=ADVANCED_FACE('',(#1854),#1855,.T.);
#865=PRESENTATION_STYLE_ASSIGNMENT((#1856));
#866=ADVANCED_FACE('',(#1857),#1858,.T.);
#867=PRESENTATION_STYLE_ASSIGNMENT((#1859));
#868=ADVANCED_FACE('F6',(#1860),#1861,.T.);
#869=PRESENTATION_STYLE_ASSIGNMENT((#1862));
#870=ADVANCED_FACE('',(#1863),#1864,.T.);
#871=PRESENTATION_STYLE_ASSIGNMENT((#1865));
#872=ADVANCED_FACE('',(#1866),#1867,.T.);
#873=PRESENTATION_STYLE_ASSIGNMENT((#1868));
#874=ADVANCED_FACE('',(#1869),#1870,.F.);
#875=PRESENTATION_STYLE_ASSIGNMENT((#1871));
#876=ADVANCED_FACE('',(#1872),#1873,.T.);
#877=PRESENTATION_STYLE_ASSIGNMENT((#1874));
#878=ADVANCED_FACE('',(#1875),#1876,.T.);
#879=PRESENTATION_STYLE_ASSIGNMENT((#1877));
#880=ADVANCED_FACE('',(#1878),#1879,.F.);
#881=PRESENTATION_STYLE_ASSIGNMENT((#1880));
#882=ADVANCED_FACE('',(#1881),#1882,.F.);
#883=PRESENTATION_STYLE_ASSIGNMENT((#1883));
#884=ADVANCED_FACE('',(#1884),#1885,.T.);
#885=PRESENTATION_STYLE_ASSIGNMENT((#1886));
#886=ADVANCED_FACE('',(#1887),#1888,.T.);
#887=PRESENTATION_STYLE_ASSIGNMENT((#1889));
#888=ADVANCED_FACE('',(#1890),#1891,.T.);
#889=PRESENTATION_STYLE_ASSIGNMENT((#1892));
#890=ADVANCED_FACE('F343',(#1893),#1894,.F.);
#891=PRESENTATION_STYLE_ASSIGNMENT((#1895));
#892=ADVANCED_FACE('F101',(#1896),#1897,.F.);
#893=PRESENTATION_STYLE_ASSIGNMENT((#1898));
#894=ADVANCED_FACE('',(#1899),#1900,.T.);
#895=PRESENTATION_STYLE_ASSIGNMENT((#1901));
#896=ADVANCED_FACE('',(#1902),#1903,.T.);
#897=PRESENTATION_STYLE_ASSIGNMENT((#1904));
#898=ADVANCED_FACE('',(#1905),#1906,.T.);
#899=PRESENTATION_STYLE_ASSIGNMENT((#1907));
#900=ADVANCED_FACE('F102',(#1908),#1909,.F.);
#901=PRESENTATION_STYLE_ASSIGNMENT((#1910));
#902=ADVANCED_FACE('',(#1911),#1912,.T.);
#903=PRESENTATION_STYLE_ASSIGNMENT((#1913));
#904=ADVANCED_FACE('',(#1914),#1915,.T.);
#905=PRESENTATION_STYLE_ASSIGNMENT((#1916));
#906=ADVANCED_FACE('',(#1917),#1918,.F.);
#907=PRESENTATION_STYLE_ASSIGNMENT((#1919));
#908=ADVANCED_FACE('',(#1920),#1921,.T.);
#909=PRESENTATION_STYLE_ASSIGNMENT((#1922));
#910=ADVANCED_FACE('F9',(#1923),#1924,.F.);
#911=PRESENTATION_STYLE_ASSIGNMENT((#1925));
#912=ADVANCED_FACE('',(#1926),#1927,.F.);
#913=PRESENTATION_STYLE_ASSIGNMENT((#1928));
#914=ADVANCED_FACE('',(#1929),#1930,.T.);
#915=PRESENTATION_STYLE_ASSIGNMENT((#1931));
#916=ADVANCED_FACE('F100',(#1932),#1933,.F.);
#917=PRESENTATION_STYLE_ASSIGNMENT((#1934));
#918=ADVANCED_FACE('',(#1935),#1936,.T.);
#919=PRESENTATION_STYLE_ASSIGNMENT((#1937));
#920=ADVANCED_FACE('',(#1938),#1939,.T.);
#921=PRESENTATION_STYLE_ASSIGNMENT((#1940));
#922=ADVANCED_FACE('',(#1941),#1942,.T.);
#923=PRESENTATION_STYLE_ASSIGNMENT((#1943));
#924=ADVANCED_FACE('F130',(#1944),#1945,.F.);
#925=PRESENTATION_STYLE_ASSIGNMENT((#1946));
#926=ADVANCED_FACE('F128',(#1947),#1948,.T.);
#927=PRESENTATION_STYLE_ASSIGNMENT((#1949));
#928=ADVANCED_FACE('',(#1950),#1951,.T.);
#929=PRESENTATION_STYLE_ASSIGNMENT((#1952));
#930=ADVANCED_FACE('',(#1953),#1954,.T.);
#931=PRESENTATION_STYLE_ASSIGNMENT((#1955));
#932=ADVANCED_FACE('',(#1956),#1957,.T.);
#933=PRESENTATION_STYLE_ASSIGNMENT((#1958));
#934=ADVANCED_FACE('',(#1959),#1960,.T.);
#935=PRESENTATION_STYLE_ASSIGNMENT((#1961));
#936=ADVANCED_FACE('',(#1962),#1963,.F.);
#937=PRESENTATION_STYLE_ASSIGNMENT((#1964));
#938=ADVANCED_FACE('',(#1965),#1966,.T.);
#939=PRESENTATION_STYLE_ASSIGNMENT((#1967));
#940=ADVANCED_FACE('',(#1968,#1969),#1970,.T.);
#941=PRESENTATION_STYLE_ASSIGNMENT((#1971));
#942=ADVANCED_FACE('',(#1972),#1973,.T.);
#943=PRESENTATION_STYLE_ASSIGNMENT((#1974));
#944=ADVANCED_FACE('',(#1975),#1976,.F.);
#945=PRESENTATION_STYLE_ASSIGNMENT((#1977));
#946=ADVANCED_FACE('F346',(#1978),#1979,.T.);
#947=PRESENTATION_STYLE_ASSIGNMENT((#1980));
#948=ADVANCED_FACE('',(#1981),#1982,.T.);
#949=PRESENTATION_STYLE_ASSIGNMENT((#1983));
#950=ADVANCED_FACE('F343',(#1984),#1985,.F.);
#951=PRESENTATION_STYLE_ASSIGNMENT((#1986));
#952=ADVANCED_FACE('',(#1987),#1988,.T.);
#953=PRESENTATION_STYLE_ASSIGNMENT((#1989));
#954=ADVANCED_FACE('',(#1990),#1991,.T.);
#955=PRESENTATION_STYLE_ASSIGNMENT((#1992));
#956=ADVANCED_FACE('',(#1993),#1994,.F.);
#957=PRESENTATION_STYLE_ASSIGNMENT((#1995));
#958=ADVANCED_FACE('',(#1996,#1997),#1998,.T.);
#959=PRESENTATION_STYLE_ASSIGNMENT((#1999));
#960=ADVANCED_FACE('',(#2000),#2001,.F.);
#961=PRESENTATION_STYLE_ASSIGNMENT((#2002));
#962=ADVANCED_FACE('',(#2003),#2004,.F.);
#963=PRESENTATION_STYLE_ASSIGNMENT((#2005));
#964=ADVANCED_FACE('',(#2006),#2007,.T.);
#965=PRESENTATION_STYLE_ASSIGNMENT((#2008));
#966=ADVANCED_FACE('',(#2009),#2010,.T.);
#967=PRESENTATION_STYLE_ASSIGNMENT((#2011));
#968=ADVANCED_FACE('',(#2012),#2013,.T.);
#969=PRESENTATION_STYLE_ASSIGNMENT((#2014));
#970=ADVANCED_FACE('',(#2015),#2016,.F.);
#971=PRESENTATION_STYLE_ASSIGNMENT((#2017));
#972=ADVANCED_FACE('',(#2018),#2019,.T.);
#973=PRESENTATION_STYLE_ASSIGNMENT((#2020));
#974=ADVANCED_FACE('',(#2021),#2022,.T.);
#975=PRESENTATION_STYLE_ASSIGNMENT((#2023));
#976=ADVANCED_FACE('F130',(#2024),#2025,.F.);
#977=PRESENTATION_STYLE_ASSIGNMENT((#2026));
#978=ADVANCED_FACE('',(#2027),#2028,.F.);
#979=PRESENTATION_STYLE_ASSIGNMENT((#2029));
#980=ADVANCED_FACE('',(#2030),#2031,.T.);
#981=PRESENTATION_STYLE_ASSIGNMENT((#2032));
#982=ADVANCED_FACE('F128',(#2033),#2034,.T.);
#983=PRESENTATION_STYLE_ASSIGNMENT((#2035));
#984=ADVANCED_FACE('',(#2036),#2037,.F.);
#985=PRESENTATION_STYLE_ASSIGNMENT((#2038));
#986=ADVANCED_FACE('',(#2039),#2040,.F.);
#987=PRESENTATION_STYLE_ASSIGNMENT((#2041));
#988=ADVANCED_FACE('',(#2042),#2043,.T.);
#989=PRESENTATION_STYLE_ASSIGNMENT((#2044));
#990=ADVANCED_FACE('',(#2045),#2046,.T.);
#991=PRESENTATION_STYLE_ASSIGNMENT((#2047));
#992=ADVANCED_FACE('',(#2048),#2049,.T.);
#993=PRESENTATION_STYLE_ASSIGNMENT((#2050));
#994=ADVANCED_FACE('',(#2051),#2052,.T.);
#995=PRESENTATION_STYLE_ASSIGNMENT((#2053));
#996=ADVANCED_FACE('',(#2054),#2055,.F.);
#997=PRESENTATION_STYLE_ASSIGNMENT((#2056));
#998=ADVANCED_FACE('',(#2057,#2058),#2059,.T.);
#999=PRESENTATION_STYLE_ASSIGNMENT((#2060));
#1000=ADVANCED_FACE('',(#2061),#2062,.T.);
#1001=PRESENTATION_STYLE_ASSIGNMENT((#2063));
#1002=ADVANCED_FACE('',(#2064),#2065,.T.);
#1003=PRESENTATION_STYLE_ASSIGNMENT((#2066));
#1004=ADVANCED_FACE('F16',(#2067),#2068,.T.);
#1005=PRESENTATION_STYLE_ASSIGNMENT((#2069));
#1006=ADVANCED_FACE('',(#2070),#2071,.T.);
#1007=PRESENTATION_STYLE_ASSIGNMENT((#2072));
#1008=ADVANCED_FACE('',(#2073),#2074,.T.);
#1009=PRESENTATION_STYLE_ASSIGNMENT((#2075));
#1010=ADVANCED_FACE('F96',(#2076),#2077,.F.);
#1011=PRESENTATION_STYLE_ASSIGNMENT((#2078));
#1012=ADVANCED_FACE('F101',(#2079),#2080,.F.);
#1013=PRESENTATION_STYLE_ASSIGNMENT((#2081));
#1014=ADVANCED_FACE('F4',(#2082),#2083,.T.);
#1015=PRESENTATION_STYLE_ASSIGNMENT((#2084));
#1016=ADVANCED_FACE('F5',(#2085),#2086,.T.);
#1017=PRESENTATION_STYLE_ASSIGNMENT((#2087));
#1018=ADVANCED_FACE('F102',(#2088),#2089,.F.);
#1019=PRESENTATION_STYLE_ASSIGNMENT((#2090));
#1020=ADVANCED_FACE('F100',(#2091),#2092,.F.);
#1021=PRESENTATION_STYLE_ASSIGNMENT((#2093));
#1022=ADVANCED_FACE('',(#2094),#2095,.T.);
#1023=PRESENTATION_STYLE_ASSIGNMENT((#2096));
#1024=ADVANCED_FACE('',(#2097),#2098,.T.);
#1025=PRESENTATION_STYLE_ASSIGNMENT((#2099));
#1026=ADVANCED_FACE('',(#2100),#2101,.T.);
#1027=PRESENTATION_STYLE_ASSIGNMENT((#2102));
#1028=ADVANCED_FACE('',(#2103),#2104,.T.);
#1029=PRESENTATION_STYLE_ASSIGNMENT((#2105));
#1030=ADVANCED_FACE('',(#2106),#2107,.F.);
#1031=PRESENTATION_STYLE_ASSIGNMENT((#2108));
#1032=ADVANCED_FACE('',(#2109),#2110,.T.);
#1033=PRESENTATION_STYLE_ASSIGNMENT((#2111));
#1034=ADVANCED_FACE('',(#2112),#2113,.T.);
#1035=PRESENTATION_STYLE_ASSIGNMENT((#2114));
#1036=ADVANCED_FACE('F16',(#2115),#2116,.T.);
#1037=PRESENTATION_STYLE_ASSIGNMENT((#2117));
#1038=ADVANCED_FACE('',(#2118),#2119,.T.);
#1039=PRESENTATION_STYLE_ASSIGNMENT((#2120));
#1040=ADVANCED_FACE('',(#2121),#2122,.F.);
#1041=PRESENTATION_STYLE_ASSIGNMENT((#2123));
#1042=ADVANCED_FACE('',(#2124),#2125,.T.);
#1043=PRESENTATION_STYLE_ASSIGNMENT((#2126));
#1044=ADVANCED_FACE('',(#2127),#2128,.F.);
#1045=PRESENTATION_STYLE_ASSIGNMENT((#2129));
#1046=ADVANCED_FACE('',(#2130),#2131,.T.);
#1047=PRESENTATION_STYLE_ASSIGNMENT((#2132));
#1048=ADVANCED_FACE('',(#2133),#2134,.F.);
#1049=PRESENTATION_STYLE_ASSIGNMENT((#2135));
#1050=ADVANCED_FACE('',(#2136),#2137,.F.);
#1051=PRESENTATION_STYLE_ASSIGNMENT((#2138));
#1052=ADVANCED_FACE('',(#2139),#2140,.T.);
#1053=PRESENTATION_STYLE_ASSIGNMENT((#2141));
#1054=ADVANCED_FACE('F6',(#2142),#2143,.T.);
#1055=PRESENTATION_STYLE_ASSIGNMENT((#2144));
#1056=ADVANCED_FACE('',(#2145),#2146,.T.);
#1057=PRESENTATION_STYLE_ASSIGNMENT((#2147));
#1058=ADVANCED_FACE('',(#2148),#2149,.F.);
#1059=PRESENTATION_STYLE_ASSIGNMENT((#2150));
#1060=ADVANCED_FACE('',(#2151),#2152,.F.);
#1061=PRESENTATION_STYLE_ASSIGNMENT((#2153));
#1062=ADVANCED_FACE('',(#2154),#2155,.T.);
#1063=PRESENTATION_STYLE_ASSIGNMENT((#2156));
#1064=ADVANCED_FACE('F394',(#2157),#2158,.F.);
#1065=PRESENTATION_STYLE_ASSIGNMENT((#2159));
#1066=ADVANCED_FACE('',(#2160),#2161,.F.);
#1067=PRESENTATION_STYLE_ASSIGNMENT((#2162));
#1068=ADVANCED_FACE('F132',(#2163),#2164,.F.);
#1069=PRESENTATION_STYLE_ASSIGNMENT((#2165));
#1070=ADVANCED_FACE('F100',(#2166),#2167,.F.);
#1071=PRESENTATION_STYLE_ASSIGNMENT((#2168));
#1072=ADVANCED_FACE('F5',(#2169),#2170,.T.);
#1073=PRESENTATION_STYLE_ASSIGNMENT((#2171));
#1074=ADVANCED_FACE('',(#2172),#2173,.T.);
#1075=PRESENTATION_STYLE_ASSIGNMENT((#2174));
#1076=ADVANCED_FACE('F506',(#2175),#2176,.T.);
#1077=PRESENTATION_STYLE_ASSIGNMENT((#2177));
#1078=ADVANCED_FACE('',(#2178),#2179,.T.);
#1079=PRESENTATION_STYLE_ASSIGNMENT((#2180));
#1080=ADVANCED_FACE('',(#2181),#2182,.T.);
#1081=PRESENTATION_STYLE_ASSIGNMENT((#2183));
#1082=ADVANCED_FACE('',(#2184),#2185,.T.);
#1083=PRESENTATION_STYLE_ASSIGNMENT((#2186));
#1084=ADVANCED_FACE('',(#2187),#2188,.T.);
#1085=PRESENTATION_STYLE_ASSIGNMENT((#2189));
#1086=ADVANCED_FACE('F4',(#2190),#2191,.T.);
#1087=PRESENTATION_STYLE_ASSIGNMENT((#2192));
#1088=ADVANCED_FACE('F102',(#2193),#2194,.F.);
#1089=PRESENTATION_STYLE_ASSIGNMENT((#2195));
#1090=ADVANCED_FACE('',(#2196),#2197,.F.);
#1091=PRESENTATION_STYLE_ASSIGNMENT((#2198));
#1092=ADVANCED_FACE('',(#2199),#2200,.T.);
#1093=PRESENTATION_STYLE_ASSIGNMENT((#2201));
#1094=ADVANCED_FACE('',(#2202),#2203,.T.);
#1095=PRESENTATION_STYLE_ASSIGNMENT((#2204));
#1096=ADVANCED_FACE('F129',(#2205),#2206,.T.);
#1097=PRESENTATION_STYLE_ASSIGNMENT((#2207));
#1098=ADVANCED_FACE('',(#2208),#2209,.T.);
#1099=PRESENTATION_STYLE_ASSIGNMENT((#2210));
#1100=ADVANCED_FACE('',(#2211),#2212,.T.);
#1101=PRESENTATION_STYLE_ASSIGNMENT((#2213));
#1102=ADVANCED_FACE('',(#2214),#2215,.T.);
#1103=PRESENTATION_STYLE_ASSIGNMENT((#2216));
#1104=ADVANCED_FACE('',(#2217),#2218,.F.);
#1105=PRESENTATION_STYLE_ASSIGNMENT((#2219));
#1106=ADVANCED_FACE('',(#2220),#2221,.T.);
#1107=PRESENTATION_STYLE_ASSIGNMENT((#2222));
#1108=ADVANCED_FACE('',(#2223),#2224,.T.);
#1109=PRESENTATION_STYLE_ASSIGNMENT((#2225));
#1110=ADVANCED_FACE('',(#2226),#2227,.T.);
#1111=PRESENTATION_STYLE_ASSIGNMENT((#2228));
#1112=ADVANCED_FACE('',(#2229),#2230,.T.);
#1113=PRESENTATION_STYLE_ASSIGNMENT((#2231));
#1114=ADVANCED_FACE('',(#2232),#2233,.T.);
#1115=PRESENTATION_STYLE_ASSIGNMENT((#2234));
#1116=ADVANCED_FACE('',(#2235),#2236,.T.);
#1117=PRESENTATION_STYLE_ASSIGNMENT((#2237));
#1118=ADVANCED_FACE('',(#2238),#2239,.T.);
#1119=PRODUCT('691243110006_1','691243110006_1','PART-691243110006_1-DESC',(#2240));
#1120=PRODUCT_DEFINITION('','NONE',#2241,#2);
#1121=MANIFOLD_SOLID_BREP('691243110006_1',#2242);
#1122=AXIS2_PLACEMENT_3D('',#2243,#2244,#2245);
#1123=MANIFOLD_SOLID_BREP('691243110006_2',#2246);
#1124=AXIS2_PLACEMENT_3D('',#2247,#2248,#2249);
#1125=MANIFOLD_SOLID_BREP('691243110006_3',#2250);
#1126=AXIS2_PLACEMENT_3D('',#2251,#2252,#2253);
#1127=MANIFOLD_SOLID_BREP('691243110006_4',#2254);
#1128=AXIS2_PLACEMENT_3D('',#2255,#2256,#2257);
#1129=MANIFOLD_SOLID_BREP('691243110006_5',#2258);
#1130=AXIS2_PLACEMENT_3D('',#2259,#2260,#2261);
#1131=MANIFOLD_SOLID_BREP('691243110006_6',#2262);
#1132=AXIS2_PLACEMENT_3D('',#2263,#2264,#2265);
#1135=LENGTH_MEASURE_WITH_UNIT(LENGTH_MEASURE(1.0),#2266);
#1138=DIMENSIONAL_EXPONENTS(1.0,0.0,0.0,0.0,0.0,0.0,0.0);
#1140=DIMENSIONAL_EXPONENTS(0.0,0.0,0.0,0.0,0.0,0.0,0.0);
#1146=SURFACE_STYLE_USAGE(.BOTH.,#2267);
#1147=FACE_OUTER_BOUND('',#2268,.T.);
#1148=CYLINDRICAL_SURFACE('',#2269,1.45);
#1149=SURFACE_STYLE_USAGE(.BOTH.,#2270);
#1150=FACE_OUTER_BOUND('',#2271,.T.);
#1151=PLANE('',#2272);
#1152=SURFACE_STYLE_USAGE(.BOTH.,#2273);
#1153=FACE_OUTER_BOUND('',#2274,.T.);
#1154=PLANE('',#2275);
#1155=SURFACE_STYLE_USAGE(.BOTH.,#2276);
#1156=FACE_OUTER_BOUND('',#2277,.T.);
#1157=PLANE('',#2278);
#1158=SURFACE_STYLE_USAGE(.BOTH.,#2279);
#1159=FACE_OUTER_BOUND('',#2280,.T.);
#1160=PLANE('',#2281);
#1161=SURFACE_STYLE_USAGE(.BOTH.,#2282);
#1162=FACE_OUTER_BOUND('',#2283,.T.);
#1163=PLANE('',#2284);
#1164=SURFACE_STYLE_USAGE(.BOTH.,#2285);
#1165=FACE_OUTER_BOUND('',#2286,.T.);
#1166=CYLINDRICAL_SURFACE('',#2287,1.45);
#1167=SURFACE_STYLE_USAGE(.BOTH.,#2288);
#1168=FACE_OUTER_BOUND('',#2289,.T.);
#1169=PLANE('',#2290);
#1170=SURFACE_STYLE_USAGE(.BOTH.,#2291);
#1171=FACE_OUTER_BOUND('',#2292,.T.);
#1172=PLANE('',#2293);
#1173=SURFACE_STYLE_USAGE(.BOTH.,#2294);
#1174=FACE_OUTER_BOUND('',#2295,.T.);
#1175=PLANE('',#2296);
#1176=SURFACE_STYLE_USAGE(.BOTH.,#2297);
#1177=FACE_OUTER_BOUND('',#2298,.T.);
#1178=PLANE('',#2299);
#1179=SURFACE_STYLE_USAGE(.BOTH.,#2300);
#1180=FACE_OUTER_BOUND('',#2301,.T.);
#1181=PLANE('',#2302);
#1182=SURFACE_STYLE_USAGE(.BOTH.,#2303);
#1183=FACE_OUTER_BOUND('',#2304,.T.);
#1184=PLANE('',#2305);
#1185=SURFACE_STYLE_USAGE(.BOTH.,#2306);
#1186=FACE_OUTER_BOUND('',#2307,.T.);
#1187=PLANE('',#2308);
#1188=SURFACE_STYLE_USAGE(.BOTH.,#2309);
#1189=FACE_OUTER_BOUND('',#2310,.T.);
#1190=PLANE('',#2311);
#1191=SURFACE_STYLE_USAGE(.BOTH.,#2312);
#1192=FACE_OUTER_BOUND('',#2313,.T.);
#1193=PLANE('',#2314);
#1194=SURFACE_STYLE_USAGE(.BOTH.,#2315);
#1195=FACE_OUTER_BOUND('',#2316,.T.);
#1196=PLANE('',#2317);
#1197=SURFACE_STYLE_USAGE(.BOTH.,#2318);
#1198=FACE_OUTER_BOUND('',#2319,.T.);
#1199=PLANE('',#2320);
#1200=SURFACE_STYLE_USAGE(.BOTH.,#2321);
#1201=FACE_OUTER_BOUND('',#2322,.T.);
#1202=PLANE('',#2323);
#1203=SURFACE_STYLE_USAGE(.BOTH.,#2324);
#1204=FACE_OUTER_BOUND('',#2325,.T.);
#1205=PLANE('',#2326);
#1206=SURFACE_STYLE_USAGE(.BOTH.,#2327);
#1207=FACE_OUTER_BOUND('',#2328,.T.);
#1208=PLANE('',#2329);
#1209=SURFACE_STYLE_USAGE(.BOTH.,#2330);
#1210=FACE_OUTER_BOUND('',#2331,.T.);
#1211=PLANE('',#2332);
#1212=SURFACE_STYLE_USAGE(.BOTH.,#2333);
#1213=FACE_OUTER_BOUND('',#2334,.T.);
#1214=PLANE('',#2335);
#1215=SURFACE_STYLE_USAGE(.BOTH.,#2336);
#1216=FACE_OUTER_BOUND('',#2337,.T.);
#1217=PLANE('',#2338);
#1218=SURFACE_STYLE_USAGE(.BOTH.,#2339);
#1219=FACE_OUTER_BOUND('',#2340,.T.);
#1220=PLANE('',#2341);
#1221=SURFACE_STYLE_USAGE(.BOTH.,#2342);
#1222=FACE_OUTER_BOUND('',#2343,.T.);
#1223=PLANE('',#2344);
#1224=SURFACE_STYLE_USAGE(.BOTH.,#2345);
#1225=FACE_OUTER_BOUND('',#2346,.T.);
#1226=PLANE('',#2347);
#1227=SURFACE_STYLE_USAGE(.BOTH.,#2348);
#1228=FACE_OUTER_BOUND('',#2349,.T.);
#1229=PLANE('',#2350);
#1230=SURFACE_STYLE_USAGE(.BOTH.,#2351);
#1231=FACE_OUTER_BOUND('',#2352,.T.);
#1232=PLANE('',#2353);
#1233=SURFACE_STYLE_USAGE(.BOTH.,#2354);
#1234=FACE_OUTER_BOUND('',#2355,.T.);
#1235=PLANE('',#2356);
#1236=SURFACE_STYLE_USAGE(.BOTH.,#2357);
#1237=FACE_OUTER_BOUND('',#2358,.T.);
#1238=PLANE('',#2359);
#1239=SURFACE_STYLE_USAGE(.BOTH.,#2360);
#1240=FACE_OUTER_BOUND('',#2361,.T.);
#1241=PLANE('',#2362);
#1242=SURFACE_STYLE_USAGE(.BOTH.,#2363);
#1243=FACE_OUTER_BOUND('',#2364,.T.);
#1244=PLANE('',#2365);
#1245=SURFACE_STYLE_USAGE(.BOTH.,#2366);
#1246=FACE_OUTER_BOUND('',#2367,.T.);
#1247=PLANE('',#2368);
#1248=SURFACE_STYLE_USAGE(.BOTH.,#2369);
#1249=FACE_OUTER_BOUND('',#2370,.T.);
#1250=PLANE('',#2371);
#1251=SURFACE_STYLE_USAGE(.BOTH.,#2372);
#1252=FACE_OUTER_BOUND('',#2373,.T.);
#1253=PLANE('',#2374);
#1254=SURFACE_STYLE_USAGE(.BOTH.,#2375);
#1255=FACE_OUTER_BOUND('',#2376,.T.);
#1256=PLANE('',#2377);
#1257=SURFACE_STYLE_USAGE(.BOTH.,#2378);
#1258=FACE_OUTER_BOUND('',#2379,.T.);
#1259=PLANE('',#2380);
#1260=SURFACE_STYLE_USAGE(.BOTH.,#2381);
#1261=FACE_OUTER_BOUND('',#2382,.T.);
#1262=PLANE('',#2383);
#1263=SURFACE_STYLE_USAGE(.BOTH.,#2384);
#1264=FACE_OUTER_BOUND('',#2385,.T.);
#1265=PLANE('',#2386);
#1266=SURFACE_STYLE_USAGE(.BOTH.,#2387);
#1267=FACE_OUTER_BOUND('',#2388,.T.);
#1268=CYLINDRICAL_SURFACE('',#2389,1.45);
#1269=SURFACE_STYLE_USAGE(.BOTH.,#2390);
#1270=FACE_OUTER_BOUND('',#2391,.T.);
#1271=CYLINDRICAL_SURFACE('',#2392,1.45);
#1272=SURFACE_STYLE_USAGE(.BOTH.,#2393);
#1273=FACE_OUTER_BOUND('',#2394,.T.);
#1274=CYLINDRICAL_SURFACE('',#2395,1.45);
#1275=SURFACE_STYLE_USAGE(.BOTH.,#2396);
#1276=FACE_OUTER_BOUND('',#2397,.T.);
#1277=PLANE('',#2398);
#1278=SURFACE_STYLE_USAGE(.BOTH.,#2399);
#1279=FACE_OUTER_BOUND('',#2400,.T.);
#1280=PLANE('',#2401);
#1281=SURFACE_STYLE_USAGE(.BOTH.,#2402);
#1282=FACE_OUTER_BOUND('',#2403,.T.);
#1283=PLANE('',#2404);
#1284=SURFACE_STYLE_USAGE(.BOTH.,#2405);
#1285=FACE_OUTER_BOUND('',#2406,.T.);
#1286=PLANE('',#2407);
#1287=SURFACE_STYLE_USAGE(.BOTH.,#2408);
#1288=FACE_OUTER_BOUND('',#2409,.T.);
#1289=PLANE('',#2410);
#1290=SURFACE_STYLE_USAGE(.BOTH.,#2411);
#1291=FACE_OUTER_BOUND('',#2412,.T.);
#1292=PLANE('',#2413);
#1293=SURFACE_STYLE_USAGE(.BOTH.,#2414);
#1294=FACE_OUTER_BOUND('',#2415,.T.);
#1295=PLANE('',#2416);
#1296=SURFACE_STYLE_USAGE(.BOTH.,#2417);
#1297=FACE_OUTER_BOUND('',#2418,.T.);
#1298=FACE_BOUND('',#2419,.T.);
#1299=PLANE('',#2420);
#1300=SURFACE_STYLE_USAGE(.BOTH.,#2421);
#1301=FACE_OUTER_BOUND('',#2422,.T.);
#1302=PLANE('',#2423);
#1303=SURFACE_STYLE_USAGE(.BOTH.,#2424);
#1304=FACE_OUTER_BOUND('',#2425,.T.);
#1305=PLANE('',#2426);
#1306=SURFACE_STYLE_USAGE(.BOTH.,#2427);
#1307=FACE_OUTER_BOUND('',#2428,.T.);
#1308=PLANE('',#2429);
#1309=SURFACE_STYLE_USAGE(.BOTH.,#2430);
#1310=FACE_OUTER_BOUND('',#2431,.T.);
#1311=PLANE('',#2432);
#1312=SURFACE_STYLE_USAGE(.BOTH.,#2433);
#1313=FACE_OUTER_BOUND('',#2434,.T.);
#1314=PLANE('',#2435);
#1315=SURFACE_STYLE_USAGE(.BOTH.,#2436);
#1316=FACE_OUTER_BOUND('',#2437,.T.);
#1317=PLANE('',#2438);
#1318=SURFACE_STYLE_USAGE(.BOTH.,#2439);
#1319=FACE_OUTER_BOUND('',#2440,.T.);
#1320=PLANE('',#2441);
#1321=SURFACE_STYLE_USAGE(.BOTH.,#2442);
#1322=FACE_OUTER_BOUND('',#2443,.T.);
#1323=PLANE('',#2444);
#1324=SURFACE_STYLE_USAGE(.BOTH.,#2445);
#1325=FACE_OUTER_BOUND('',#2446,.T.);
#1326=PLANE('',#2447);
#1327=SURFACE_STYLE_USAGE(.BOTH.,#2448);
#1328=FACE_OUTER_BOUND('',#2449,.T.);
#1329=PLANE('',#2450);
#1330=SURFACE_STYLE_USAGE(.BOTH.,#2451);
#1331=FACE_OUTER_BOUND('',#2452,.T.);
#1332=PLANE('',#2453);
#1333=SURFACE_STYLE_USAGE(.BOTH.,#2454);
#1334=FACE_OUTER_BOUND('',#2455,.T.);
#1335=CYLINDRICAL_SURFACE('',#2456,1.45);
#1336=SURFACE_STYLE_USAGE(.BOTH.,#2457);
#1337=FACE_OUTER_BOUND('',#2458,.T.);
#1338=PLANE('',#2459);
#1339=SURFACE_STYLE_USAGE(.BOTH.,#2460);
#1340=FACE_OUTER_BOUND('',#2461,.T.);
#1341=PLANE('',#2462);
#1342=SURFACE_STYLE_USAGE(.BOTH.,#2463);
#1343=FACE_OUTER_BOUND('',#2464,.T.);
#1344=PLANE('',#2465);
#1345=SURFACE_STYLE_USAGE(.BOTH.,#2466);
#1346=FACE_OUTER_BOUND('',#2467,.T.);
#1347=PLANE('',#2468);
#1348=SURFACE_STYLE_USAGE(.BOTH.,#2469);
#1349=FACE_OUTER_BOUND('',#2470,.T.);
#1350=PLANE('',#2471);
#1351=SURFACE_STYLE_USAGE(.BOTH.,#2472);
#1352=FACE_OUTER_BOUND('',#2473,.T.);
#1353=PLANE('',#2474);
#1354=SURFACE_STYLE_USAGE(.BOTH.,#2475);
#1355=FACE_OUTER_BOUND('',#2476,.T.);
#1356=PLANE('',#2477);
#1357=SURFACE_STYLE_USAGE(.BOTH.,#2478);
#1358=FACE_OUTER_BOUND('',#2479,.T.);
#1359=PLANE('',#2480);
#1360=SURFACE_STYLE_USAGE(.BOTH.,#2481);
#1361=FACE_OUTER_BOUND('',#2482,.T.);
#1362=PLANE('',#2483);
#1363=SURFACE_STYLE_USAGE(.BOTH.,#2484);
#1364=FACE_OUTER_BOUND('',#2485,.T.);
#1365=PLANE('',#2486);
#1366=SURFACE_STYLE_USAGE(.BOTH.,#2487);
#1367=FACE_OUTER_BOUND('',#2488,.T.);
#1368=PLANE('',#2489);
#1369=SURFACE_STYLE_USAGE(.BOTH.,#2490);
#1370=FACE_OUTER_BOUND('',#2491,.T.);
#1371=PLANE('',#2492);
#1372=SURFACE_STYLE_USAGE(.BOTH.,#2493);
#1373=FACE_OUTER_BOUND('',#2494,.T.);
#1374=PLANE('',#2495);
#1375=SURFACE_STYLE_USAGE(.BOTH.,#2496);
#1376=FACE_OUTER_BOUND('',#2497,.T.);
#1377=PLANE('',#2498);
#1378=SURFACE_STYLE_USAGE(.BOTH.,#2499);
#1379=FACE_OUTER_BOUND('',#2500,.T.);
#1380=PLANE('',#2501);
#1381=SURFACE_STYLE_USAGE(.BOTH.,#2502);
#1382=FACE_OUTER_BOUND('',#2503,.T.);
#1383=PLANE('',#2504);
#1384=SURFACE_STYLE_USAGE(.BOTH.,#2505);
#1385=FACE_OUTER_BOUND('',#2506,.T.);
#1386=PLANE('',#2507);
#1387=SURFACE_STYLE_USAGE(.BOTH.,#2508);
#1388=FACE_OUTER_BOUND('',#2509,.T.);
#1389=PLANE('',#2510);
#1390=SURFACE_STYLE_USAGE(.BOTH.,#2511);
#1391=FACE_OUTER_BOUND('',#2512,.T.);
#1392=PLANE('',#2513);
#1393=SURFACE_STYLE_USAGE(.BOTH.,#2514);
#1394=FACE_OUTER_BOUND('',#2515,.T.);
#1395=PLANE('',#2516);
#1396=SURFACE_STYLE_USAGE(.BOTH.,#2517);
#1397=FACE_OUTER_BOUND('',#2518,.T.);
#1398=PLANE('',#2519);
#1399=SURFACE_STYLE_USAGE(.BOTH.,#2520);
#1400=FACE_OUTER_BOUND('',#2521,.T.);
#1401=PLANE('',#2522);
#1402=SURFACE_STYLE_USAGE(.BOTH.,#2523);
#1403=FACE_OUTER_BOUND('',#2524,.T.);
#1404=PLANE('',#2525);
#1405=SURFACE_STYLE_USAGE(.BOTH.,#2526);
#1406=FACE_OUTER_BOUND('',#2527,.T.);
#1407=PLANE('',#2528);
#1408=SURFACE_STYLE_USAGE(.BOTH.,#2529);
#1409=FACE_OUTER_BOUND('',#2530,.T.);
#1410=PLANE('',#2531);
#1411=SURFACE_STYLE_USAGE(.BOTH.,#2532);
#1412=FACE_OUTER_BOUND('',#2533,.T.);
#1413=PLANE('',#2534);
#1414=SURFACE_STYLE_USAGE(.BOTH.,#2535);
#1415=FACE_OUTER_BOUND('',#2536,.T.);
#1416=PLANE('',#2537);
#1417=SURFACE_STYLE_USAGE(.BOTH.,#2538);
#1418=FACE_OUTER_BOUND('',#2539,.T.);
#1419=PLANE('',#2540);
#1420=SURFACE_STYLE_USAGE(.BOTH.,#2541);
#1421=FACE_OUTER_BOUND('',#2542,.T.);
#1422=FACE_BOUND('',#2543,.T.);
#1423=PLANE('',#2544);
#1424=SURFACE_STYLE_USAGE(.BOTH.,#2545);
#1425=FACE_OUTER_BOUND('',#2546,.T.);
#1426=PLANE('',#2547);
#1427=SURFACE_STYLE_USAGE(.BOTH.,#2548);
#1428=FACE_OUTER_BOUND('',#2549,.T.);
#1429=PLANE('',#2550);
#1430=SURFACE_STYLE_USAGE(.BOTH.,#2551);
#1431=FACE_OUTER_BOUND('',#2552,.T.);
#1432=PLANE('',#2553);
#1433=SURFACE_STYLE_USAGE(.BOTH.,#2554);
#1434=FACE_OUTER_BOUND('',#2555,.T.);
#1435=PLANE('',#2556);
#1436=SURFACE_STYLE_USAGE(.BOTH.,#2557);
#1437=FACE_OUTER_BOUND('',#2558,.T.);
#1438=PLANE('',#2559);
#1439=SURFACE_STYLE_USAGE(.BOTH.,#2560);
#1440=FACE_OUTER_BOUND('',#2561,.T.);
#1441=PLANE('',#2562);
#1442=SURFACE_STYLE_USAGE(.BOTH.,#2563);
#1443=FACE_OUTER_BOUND('',#2564,.T.);
#1444=PLANE('',#2565);
#1445=SURFACE_STYLE_USAGE(.BOTH.,#2566);
#1446=FACE_OUTER_BOUND('',#2567,.T.);
#1447=PLANE('',#2568);
#1448=SURFACE_STYLE_USAGE(.BOTH.,#2569);
#1449=FACE_OUTER_BOUND('',#2570,.T.);
#1450=FACE_BOUND('',#2571,.T.);
#1451=PLANE('',#2572);
#1452=SURFACE_STYLE_USAGE(.BOTH.,#2573);
#1453=FACE_OUTER_BOUND('',#2574,.T.);
#1454=CYLINDRICAL_SURFACE('',#2575,1.45);
#1455=SURFACE_STYLE_USAGE(.BOTH.,#2576);
#1456=FACE_OUTER_BOUND('',#2577,.T.);
#1457=PLANE('',#2578);
#1458=SURFACE_STYLE_USAGE(.BOTH.,#2579);
#1459=FACE_OUTER_BOUND('',#2580,.T.);
#1460=PLANE('',#2581);
#1461=SURFACE_STYLE_USAGE(.BOTH.,#2582);
#1462=FACE_OUTER_BOUND('',#2583,.T.);
#1463=PLANE('',#2584);
#1464=SURFACE_STYLE_USAGE(.BOTH.,#2585);
#1465=FACE_OUTER_BOUND('',#2586,.T.);
#1466=PLANE('',#2587);
#1467=SURFACE_STYLE_USAGE(.BOTH.,#2588);
#1468=FACE_OUTER_BOUND('',#2589,.T.);
#1469=PLANE('',#2590);
#1470=SURFACE_STYLE_USAGE(.BOTH.,#2591);
#1471=FACE_OUTER_BOUND('',#2592,.T.);
#1472=PLANE('',#2593);
#1473=SURFACE_STYLE_USAGE(.BOTH.,#2594);
#1474=FACE_OUTER_BOUND('',#2595,.T.);
#1475=PLANE('',#2596);
#1476=SURFACE_STYLE_USAGE(.BOTH.,#2597);
#1477=FACE_OUTER_BOUND('',#2598,.T.);
#1478=PLANE('',#2599);
#1479=SURFACE_STYLE_USAGE(.BOTH.,#2600);
#1480=FACE_OUTER_BOUND('',#2601,.T.);
#1481=PLANE('',#2602);
#1482=SURFACE_STYLE_USAGE(.BOTH.,#2603);
#1483=FACE_OUTER_BOUND('',#2604,.T.);
#1484=PLANE('',#2605);
#1485=SURFACE_STYLE_USAGE(.BOTH.,#2606);
#1486=FACE_OUTER_BOUND('',#2607,.T.);
#1487=PLANE('',#2608);
#1488=SURFACE_STYLE_USAGE(.BOTH.,#2609);
#1489=FACE_OUTER_BOUND('',#2610,.T.);
#1490=PLANE('',#2611);
#1491=SURFACE_STYLE_USAGE(.BOTH.,#2612);
#1492=FACE_OUTER_BOUND('',#2613,.T.);
#1493=CYLINDRICAL_SURFACE('',#2614,1.45);
#1494=SURFACE_STYLE_USAGE(.BOTH.,#2615);
#1495=FACE_OUTER_BOUND('',#2616,.T.);
#1496=PLANE('',#2617);
#1497=SURFACE_STYLE_USAGE(.BOTH.,#2618);
#1498=FACE_OUTER_BOUND('',#2619,.T.);
#1499=PLANE('',#2620);
#1500=SURFACE_STYLE_USAGE(.BOTH.,#2621);
#1501=FACE_OUTER_BOUND('',#2622,.T.);
#1502=PLANE('',#2623);
#1503=SURFACE_STYLE_USAGE(.BOTH.,#2624);
#1504=FACE_OUTER_BOUND('',#2625,.T.);
#1505=PLANE('',#2626);
#1506=SURFACE_STYLE_USAGE(.BOTH.,#2627);
#1507=FACE_OUTER_BOUND('',#2628,.T.);
#1508=PLANE('',#2629);
#1509=SURFACE_STYLE_USAGE(.BOTH.,#2630);
#1510=FACE_OUTER_BOUND('',#2631,.T.);
#1511=FACE_BOUND('',#2632,.T.);
#1512=PLANE('',#2633);
#1513=SURFACE_STYLE_USAGE(.BOTH.,#2634);
#1514=FACE_OUTER_BOUND('',#2635,.T.);
#1515=PLANE('',#2636);
#1516=SURFACE_STYLE_USAGE(.BOTH.,#2637);
#1517=FACE_OUTER_BOUND('',#2638,.T.);
#1518=PLANE('',#2639);
#1519=SURFACE_STYLE_USAGE(.BOTH.,#2640);
#1520=FACE_OUTER_BOUND('',#2641,.T.);
#1521=PLANE('',#2642);
#1522=SURFACE_STYLE_USAGE(.BOTH.,#2643);
#1523=FACE_OUTER_BOUND('',#2644,.T.);
#1524=PLANE('',#2645);
#1525=SURFACE_STYLE_USAGE(.BOTH.,#2646);
#1526=FACE_OUTER_BOUND('',#2647,.T.);
#1527=PLANE('',#2648);
#1528=SURFACE_STYLE_USAGE(.BOTH.,#2649);
#1529=FACE_OUTER_BOUND('',#2650,.T.);
#1530=PLANE('',#2651);
#1531=SURFACE_STYLE_USAGE(.BOTH.,#2652);
#1532=FACE_OUTER_BOUND('',#2653,.T.);
#1533=PLANE('',#2654);
#1534=SURFACE_STYLE_USAGE(.BOTH.,#2655);
#1535=FACE_OUTER_BOUND('',#2656,.T.);
#1536=PLANE('',#2657);
#1537=SURFACE_STYLE_USAGE(.BOTH.,#2658);
#1538=FACE_OUTER_BOUND('',#2659,.T.);
#1539=PLANE('',#2660);
#1540=SURFACE_STYLE_USAGE(.BOTH.,#2661);
#1541=FACE_OUTER_BOUND('',#2662,.T.);
#1542=PLANE('',#2663);
#1543=SURFACE_STYLE_USAGE(.BOTH.,#2664);
#1544=FACE_OUTER_BOUND('',#2665,.T.);
#1545=PLANE('',#2666);
#1546=SURFACE_STYLE_USAGE(.BOTH.,#2667);
#1547=FACE_OUTER_BOUND('',#2668,.T.);
#1548=PLANE('',#2669);
#1549=SURFACE_STYLE_USAGE(.BOTH.,#2670);
#1550=FACE_OUTER_BOUND('',#2671,.T.);
#1551=PLANE('',#2672);
#1552=SURFACE_STYLE_USAGE(.BOTH.,#2673);
#1553=FACE_OUTER_BOUND('',#2674,.T.);
#1554=PLANE('',#2675);
#1555=SURFACE_STYLE_USAGE(.BOTH.,#2676);
#1556=FACE_OUTER_BOUND('',#2677,.T.);
#1557=PLANE('',#2678);
#1558=SURFACE_STYLE_USAGE(.BOTH.,#2679);
#1559=FACE_OUTER_BOUND('',#2680,.T.);
#1560=PLANE('',#2681);
#1561=SURFACE_STYLE_USAGE(.BOTH.,#2682);
#1562=FACE_OUTER_BOUND('',#2683,.T.);
#1563=PLANE('',#2684);
#1564=SURFACE_STYLE_USAGE(.BOTH.,#2685);
#1565=FACE_OUTER_BOUND('',#2686,.T.);
#1566=PLANE('',#2687);
#1567=SURFACE_STYLE_USAGE(.BOTH.,#2688);
#1568=FACE_OUTER_BOUND('',#2689,.T.);
#1569=PLANE('',#2690);
#1570=SURFACE_STYLE_USAGE(.BOTH.,#2691);
#1571=FACE_OUTER_BOUND('',#2692,.T.);
#1572=PLANE('',#2693);
#1573=SURFACE_STYLE_USAGE(.BOTH.,#2694);
#1574=FACE_OUTER_BOUND('',#2695,.T.);
#1575=CYLINDRICAL_SURFACE('',#2696,1.45);
#1576=SURFACE_STYLE_USAGE(.BOTH.,#2697);
#1577=FACE_OUTER_BOUND('',#2698,.T.);
#1578=PLANE('',#2699);
#1579=SURFACE_STYLE_USAGE(.BOTH.,#2700);
#1580=FACE_OUTER_BOUND('',#2701,.T.);
#1581=PLANE('',#2702);
#1582=SURFACE_STYLE_USAGE(.BOTH.,#2703);
#1583=FACE_OUTER_BOUND('',#2704,.T.);
#1584=PLANE('',#2705);
#1585=SURFACE_STYLE_USAGE(.BOTH.,#2706);
#1586=FACE_OUTER_BOUND('',#2707,.T.);
#1587=CYLINDRICAL_SURFACE('',#2708,1.45);
#1588=SURFACE_STYLE_USAGE(.BOTH.,#2709);
#1589=FACE_OUTER_BOUND('',#2710,.T.);
#1590=PLANE('',#2711);
#1591=SURFACE_STYLE_USAGE(.BOTH.,#2712);
#1592=FACE_OUTER_BOUND('',#2713,.T.);
#1593=PLANE('',#2714);
#1594=SURFACE_STYLE_USAGE(.BOTH.,#2715);
#1595=FACE_OUTER_BOUND('',#2716,.T.);
#1596=PLANE('',#2717);
#1597=SURFACE_STYLE_USAGE(.BOTH.,#2718);
#1598=FACE_OUTER_BOUND('',#2719,.T.);
#1599=PLANE('',#2720);
#1600=SURFACE_STYLE_USAGE(.BOTH.,#2721);
#1601=FACE_OUTER_BOUND('',#2722,.T.);
#1602=PLANE('',#2723);
#1603=SURFACE_STYLE_USAGE(.BOTH.,#2724);
#1604=FACE_OUTER_BOUND('',#2725,.T.);
#1605=PLANE('',#2726);
#1606=SURFACE_STYLE_USAGE(.BOTH.,#2727);
#1607=FACE_OUTER_BOUND('',#2728,.T.);
#1608=PLANE('',#2729);
#1609=SURFACE_STYLE_USAGE(.BOTH.,#2730);
#1610=FACE_OUTER_BOUND('',#2731,.T.);
#1611=PLANE('',#2732);
#1612=SURFACE_STYLE_USAGE(.BOTH.,#2733);
#1613=FACE_OUTER_BOUND('',#2734,.T.);
#1614=PLANE('',#2735);
#1615=SURFACE_STYLE_USAGE(.BOTH.,#2736);
#1616=FACE_OUTER_BOUND('',#2737,.T.);
#1617=PLANE('',#2738);
#1618=SURFACE_STYLE_USAGE(.BOTH.,#2739);
#1619=FACE_OUTER_BOUND('',#2740,.T.);
#1620=PLANE('',#2741);
#1621=SURFACE_STYLE_USAGE(.BOTH.,#2742);
#1622=FACE_OUTER_BOUND('',#2743,.T.);
#1623=PLANE('',#2744);
#1624=SURFACE_STYLE_USAGE(.BOTH.,#2745);
#1625=FACE_OUTER_BOUND('',#2746,.T.);
#1626=PLANE('',#2747);
#1627=SURFACE_STYLE_USAGE(.BOTH.,#2748);
#1628=FACE_OUTER_BOUND('',#2749,.T.);
#1629=PLANE('',#2750);
#1630=SURFACE_STYLE_USAGE(.BOTH.,#2751);
#1631=FACE_OUTER_BOUND('',#2752,.T.);
#1632=PLANE('',#2753);
#1633=SURFACE_STYLE_USAGE(.BOTH.,#2754);
#1634=FACE_OUTER_BOUND('',#2755,.T.);
#1635=PLANE('',#2756);
#1636=SURFACE_STYLE_USAGE(.BOTH.,#2757);
#1637=FACE_OUTER_BOUND('',#2758,.T.);
#1638=PLANE('',#2759);
#1639=SURFACE_STYLE_USAGE(.BOTH.,#2760);
#1640=FACE_OUTER_BOUND('',#2761,.T.);
#1641=PLANE('',#2762);
#1642=SURFACE_STYLE_USAGE(.BOTH.,#2763);
#1643=FACE_OUTER_BOUND('',#2764,.T.);
#1644=PLANE('',#2765);
#1645=SURFACE_STYLE_USAGE(.BOTH.,#2766);
#1646=FACE_OUTER_BOUND('',#2767,.T.);
#1647=PLANE('',#2768);
#1648=SURFACE_STYLE_USAGE(.BOTH.,#2769);
#1649=FACE_OUTER_BOUND('',#2770,.T.);
#1650=PLANE('',#2771);
#1651=SURFACE_STYLE_USAGE(.BOTH.,#2772);
#1652=FACE_OUTER_BOUND('',#2773,.T.);
#1653=PLANE('',#2774);
#1654=SURFACE_STYLE_USAGE(.BOTH.,#2775);
#1655=FACE_OUTER_BOUND('',#2776,.T.);
#1656=PLANE('',#2777);
#1657=SURFACE_STYLE_USAGE(.BOTH.,#2778);
#1658=FACE_OUTER_BOUND('',#2779,.T.);
#1659=PLANE('',#2780);
#1660=SURFACE_STYLE_USAGE(.BOTH.,#2781);
#1661=FACE_OUTER_BOUND('',#2782,.T.);
#1662=PLANE('',#2783);
#1663=SURFACE_STYLE_USAGE(.BOTH.,#2784);
#1664=FACE_OUTER_BOUND('',#2785,.T.);
#1665=PLANE('',#2786);
#1666=SURFACE_STYLE_USAGE(.BOTH.,#2787);
#1667=FACE_OUTER_BOUND('',#2788,.T.);
#1668=PLANE('',#2789);
#1669=SURFACE_STYLE_USAGE(.BOTH.,#2790);
#1670=FACE_OUTER_BOUND('',#2791,.T.);
#1671=PLANE('',#2792);
#1672=SURFACE_STYLE_USAGE(.BOTH.,#2793);
#1673=FACE_OUTER_BOUND('',#2794,.T.);
#1674=PLANE('',#2795);
#1675=SURFACE_STYLE_USAGE(.BOTH.,#2796);
#1676=FACE_OUTER_BOUND('',#2797,.T.);
#1677=PLANE('',#2798);
#1678=SURFACE_STYLE_USAGE(.BOTH.,#2799);
#1679=FACE_OUTER_BOUND('',#2800,.T.);
#1680=PLANE('',#2801);
#1681=SURFACE_STYLE_USAGE(.BOTH.,#2802);
#1682=FACE_OUTER_BOUND('',#2803,.T.);
#1683=PLANE('',#2804);
#1684=SURFACE_STYLE_USAGE(.BOTH.,#2805);
#1685=FACE_OUTER_BOUND('',#2806,.T.);
#1686=PLANE('',#2807);
#1687=SURFACE_STYLE_USAGE(.BOTH.,#2808);
#1688=FACE_OUTER_BOUND('',#2809,.T.);
#1689=PLANE('',#2810);
#1690=SURFACE_STYLE_USAGE(.BOTH.,#2811);
#1691=FACE_OUTER_BOUND('',#2812,.T.);
#1692=PLANE('',#2813);
#1693=SURFACE_STYLE_USAGE(.BOTH.,#2814);
#1694=FACE_OUTER_BOUND('',#2815,.T.);
#1695=CYLINDRICAL_SURFACE('',#2816,1.45);
#1696=SURFACE_STYLE_USAGE(.BOTH.,#2817);
#1697=FACE_OUTER_BOUND('',#2818,.T.);
#1698=PLANE('',#2819);
#1699=SURFACE_STYLE_USAGE(.BOTH.,#2820);
#1700=FACE_OUTER_BOUND('',#2821,.T.);
#1701=PLANE('',#2822);
#1702=SURFACE_STYLE_USAGE(.BOTH.,#2823);
#1703=FACE_OUTER_BOUND('',#2824,.T.);
#1704=PLANE('',#2825);
#1705=SURFACE_STYLE_USAGE(.BOTH.,#2826);
#1706=FACE_OUTER_BOUND('',#2827,.T.);
#1707=PLANE('',#2828);
#1708=SURFACE_STYLE_USAGE(.BOTH.,#2829);
#1709=FACE_OUTER_BOUND('',#2830,.T.);
#1710=PLANE('',#2831);
#1711=SURFACE_STYLE_USAGE(.BOTH.,#2832);
#1712=FACE_OUTER_BOUND('',#2833,.T.);
#1713=CYLINDRICAL_SURFACE('',#2834,1.45);
#1714=SURFACE_STYLE_USAGE(.BOTH.,#2835);
#1715=FACE_OUTER_BOUND('',#2836,.T.);
#1716=PLANE('',#2837);
#1717=SURFACE_STYLE_USAGE(.BOTH.,#2838);
#1718=FACE_OUTER_BOUND('',#2839,.T.);
#1719=PLANE('',#2840);
#1720=SURFACE_STYLE_USAGE(.BOTH.,#2841);
#1721=FACE_OUTER_BOUND('',#2842,.T.);
#1722=PLANE('',#2843);
#1723=SURFACE_STYLE_USAGE(.BOTH.,#2844);
#1724=FACE_OUTER_BOUND('',#2845,.T.);
#1725=PLANE('',#2846);
#1726=SURFACE_STYLE_USAGE(.BOTH.,#2847);
#1727=FACE_OUTER_BOUND('',#2848,.T.);
#1728=PLANE('',#2849);
#1729=SURFACE_STYLE_USAGE(.BOTH.,#2850);
#1730=FACE_OUTER_BOUND('',#2851,.T.);
#1731=PLANE('',#2852);
#1732=SURFACE_STYLE_USAGE(.BOTH.,#2853);
#1733=FACE_OUTER_BOUND('',#2854,.T.);
#1734=PLANE('',#2855);
#1735=SURFACE_STYLE_USAGE(.BOTH.,#2856);
#1736=FACE_OUTER_BOUND('',#2857,.T.);
#1737=PLANE('',#2858);
#1738=SURFACE_STYLE_USAGE(.BOTH.,#2859);
#1739=FACE_OUTER_BOUND('',#2860,.T.);
#1740=PLANE('',#2861);
#1741=SURFACE_STYLE_USAGE(.BOTH.,#2862);
#1742=FACE_OUTER_BOUND('',#2863,.T.);
#1743=PLANE('',#2864);
#1744=SURFACE_STYLE_USAGE(.BOTH.,#2865);
#1745=FACE_OUTER_BOUND('',#2866,.T.);
#1746=PLANE('',#2867);
#1747=SURFACE_STYLE_USAGE(.BOTH.,#2868);
#1748=FACE_OUTER_BOUND('',#2869,.T.);
#1749=PLANE('',#2870);
#1750=SURFACE_STYLE_USAGE(.BOTH.,#2871);
#1751=FACE_OUTER_BOUND('',#2872,.T.);
#1752=PLANE('',#2873);
#1753=SURFACE_STYLE_USAGE(.BOTH.,#2874);
#1754=FACE_OUTER_BOUND('',#2875,.T.);
#1755=PLANE('',#2876);
#1756=SURFACE_STYLE_USAGE(.BOTH.,#2877);
#1757=FACE_OUTER_BOUND('',#2878,.T.);
#1758=PLANE('',#2879);
#1759=SURFACE_STYLE_USAGE(.BOTH.,#2880);
#1760=FACE_OUTER_BOUND('',#2881,.T.);
#1761=PLANE('',#2882);
#1762=SURFACE_STYLE_USAGE(.BOTH.,#2883);
#1763=FACE_OUTER_BOUND('',#2884,.T.);
#1764=PLANE('',#2885);
#1765=SURFACE_STYLE_USAGE(.BOTH.,#2886);
#1766=FACE_OUTER_BOUND('',#2887,.T.);
#1767=PLANE('',#2888);
#1768=SURFACE_STYLE_USAGE(.BOTH.,#2889);
#1769=FACE_OUTER_BOUND('',#2890,.T.);
#1770=PLANE('',#2891);
#1771=SURFACE_STYLE_USAGE(.BOTH.,#2892);
#1772=FACE_OUTER_BOUND('',#2893,.T.);
#1773=PLANE('',#2894);
#1774=SURFACE_STYLE_USAGE(.BOTH.,#2895);
#1775=FACE_OUTER_BOUND('',#2896,.T.);
#1776=PLANE('',#2897);
#1777=SURFACE_STYLE_USAGE(.BOTH.,#2898);
#1778=FACE_OUTER_BOUND('',#2899,.T.);
#1779=PLANE('',#2900);
#1780=SURFACE_STYLE_USAGE(.BOTH.,#2901);
#1781=FACE_OUTER_BOUND('',#2902,.T.);
#1782=PLANE('',#2903);
#1783=SURFACE_STYLE_USAGE(.BOTH.,#2904);
#1784=FACE_OUTER_BOUND('',#2905,.T.);
#1785=PLANE('',#2906);
#1786=SURFACE_STYLE_USAGE(.BOTH.,#2907);
#1787=FACE_OUTER_BOUND('',#2908,.T.);
#1788=PLANE('',#2909);
#1789=SURFACE_STYLE_USAGE(.BOTH.,#2910);
#1790=FACE_OUTER_BOUND('',#2911,.T.);
#1791=PLANE('',#2912);
#1792=SURFACE_STYLE_USAGE(.BOTH.,#2913);
#1793=FACE_OUTER_BOUND('',#2914,.T.);
#1794=PLANE('',#2915);
#1795=SURFACE_STYLE_USAGE(.BOTH.,#2916);
#1796=FACE_OUTER_BOUND('',#2917,.T.);
#1797=PLANE('',#2918);
#1798=SURFACE_STYLE_USAGE(.BOTH.,#2919);
#1799=FACE_OUTER_BOUND('',#2920,.T.);
#1800=PLANE('',#2921);
#1801=SURFACE_STYLE_USAGE(.BOTH.,#2922);
#1802=FACE_OUTER_BOUND('',#2923,.T.);
#1803=PLANE('',#2924);
#1804=SURFACE_STYLE_USAGE(.BOTH.,#2925);
#1805=FACE_OUTER_BOUND('',#2926,.T.);
#1806=PLANE('',#2927);
#1807=SURFACE_STYLE_USAGE(.BOTH.,#2928);
#1808=FACE_OUTER_BOUND('',#2929,.T.);
#1809=PLANE('',#2930);
#1810=SURFACE_STYLE_USAGE(.BOTH.,#2931);
#1811=FACE_OUTER_BOUND('',#2932,.T.);
#1812=PLANE('',#2933);
#1813=SURFACE_STYLE_USAGE(.BOTH.,#2934);
#1814=FACE_OUTER_BOUND('',#2935,.T.);
#1815=CYLINDRICAL_SURFACE('',#2936,1.45);
#1816=SURFACE_STYLE_USAGE(.BOTH.,#2937);
#1817=FACE_OUTER_BOUND('',#2938,.T.);
#1818=CYLINDRICAL_SURFACE('',#2939,1.45);
#1819=SURFACE_STYLE_USAGE(.BOTH.,#2940);
#1820=FACE_OUTER_BOUND('',#2941,.T.);
#1821=CYLINDRICAL_SURFACE('',#2942,1.45);
#1822=SURFACE_STYLE_USAGE(.BOTH.,#2943);
#1823=FACE_OUTER_BOUND('',#2944,.T.);
#1824=PLANE('',#2945);
#1825=SURFACE_STYLE_USAGE(.BOTH.,#2946);
#1826=FACE_OUTER_BOUND('',#2947,.T.);
#1827=PLANE('',#2948);
#1828=SURFACE_STYLE_USAGE(.BOTH.,#2949);
#1829=FACE_OUTER_BOUND('',#2950,.T.);
#1830=PLANE('',#2951);
#1831=SURFACE_STYLE_USAGE(.BOTH.,#2952);
#1832=FACE_OUTER_BOUND('',#2953,.T.);
#1833=PLANE('',#2954);
#1834=SURFACE_STYLE_USAGE(.BOTH.,#2955);
#1835=FACE_OUTER_BOUND('',#2956,.T.);
#1836=PLANE('',#2957);
#1837=SURFACE_STYLE_USAGE(.BOTH.,#2958);
#1838=FACE_OUTER_BOUND('',#2959,.T.);
#1839=PLANE('',#2960);
#1840=SURFACE_STYLE_USAGE(.BOTH.,#2961);
#1841=FACE_OUTER_BOUND('',#2962,.T.);
#1842=PLANE('',#2963);
#1843=SURFACE_STYLE_USAGE(.BOTH.,#2964);
#1844=FACE_OUTER_BOUND('',#2965,.T.);
#1845=FACE_BOUND('',#2966,.T.);
#1846=PLANE('',#2967);
#1847=SURFACE_STYLE_USAGE(.BOTH.,#2968);
#1848=FACE_OUTER_BOUND('',#2969,.T.);
#1849=PLANE('',#2970);
#1850=SURFACE_STYLE_USAGE(.BOTH.,#2971);
#1851=FACE_OUTER_BOUND('',#2972,.T.);
#1852=PLANE('',#2973);
#1853=SURFACE_STYLE_USAGE(.BOTH.,#2974);
#1854=FACE_OUTER_BOUND('',#2975,.T.);
#1855=PLANE('',#2976);
#1856=SURFACE_STYLE_USAGE(.BOTH.,#2977);
#1857=FACE_OUTER_BOUND('',#2978,.T.);
#1858=PLANE('',#2979);
#1859=SURFACE_STYLE_USAGE(.BOTH.,#2980);
#1860=FACE_OUTER_BOUND('',#2981,.T.);
#1861=PLANE('',#2982);
#1862=SURFACE_STYLE_USAGE(.BOTH.,#2983);
#1863=FACE_OUTER_BOUND('',#2984,.T.);
#1864=PLANE('',#2985);
#1865=SURFACE_STYLE_USAGE(.BOTH.,#2986);
#1866=FACE_OUTER_BOUND('',#2987,.T.);
#1867=PLANE('',#2988);
#1868=SURFACE_STYLE_USAGE(.BOTH.,#2989);
#1869=FACE_OUTER_BOUND('',#2990,.T.);
#1870=PLANE('',#2991);
#1871=SURFACE_STYLE_USAGE(.BOTH.,#2992);
#1872=FACE_OUTER_BOUND('',#2993,.T.);
#1873=PLANE('',#2994);
#1874=SURFACE_STYLE_USAGE(.BOTH.,#2995);
#1875=FACE_OUTER_BOUND('',#2996,.T.);
#1876=PLANE('',#2997);
#1877=SURFACE_STYLE_USAGE(.BOTH.,#2998);
#1878=FACE_OUTER_BOUND('',#2999,.T.);
#1879=PLANE('',#3000);
#1880=SURFACE_STYLE_USAGE(.BOTH.,#3001);
#1881=FACE_OUTER_BOUND('',#3002,.T.);
#1882=CYLINDRICAL_SURFACE('',#3003,1.45);
#1883=SURFACE_STYLE_USAGE(.BOTH.,#3004);
#1884=FACE_OUTER_BOUND('',#3005,.T.);
#1885=PLANE('',#3006);
#1886=SURFACE_STYLE_USAGE(.BOTH.,#3007);
#1887=FACE_OUTER_BOUND('',#3008,.T.);
#1888=PLANE('',#3009);
#1889=SURFACE_STYLE_USAGE(.BOTH.,#3010);
#1890=FACE_OUTER_BOUND('',#3011,.T.);
#1891=PLANE('',#3012);
#1892=SURFACE_STYLE_USAGE(.BOTH.,#3013);
#1893=FACE_OUTER_BOUND('',#3014,.T.);
#1894=PLANE('',#3015);
#1895=SURFACE_STYLE_USAGE(.BOTH.,#3016);
#1896=FACE_OUTER_BOUND('',#3017,.T.);
#1897=PLANE('',#3018);
#1898=SURFACE_STYLE_USAGE(.BOTH.,#3019);
#1899=FACE_OUTER_BOUND('',#3020,.T.);
#1900=PLANE('',#3021);
#1901=SURFACE_STYLE_USAGE(.BOTH.,#3022);
#1902=FACE_OUTER_BOUND('',#3023,.T.);
#1903=PLANE('',#3024);
#1904=SURFACE_STYLE_USAGE(.BOTH.,#3025);
#1905=FACE_OUTER_BOUND('',#3026,.T.);
#1906=PLANE('',#3027);
#1907=SURFACE_STYLE_USAGE(.BOTH.,#3028);
#1908=FACE_OUTER_BOUND('',#3029,.T.);
#1909=PLANE('',#3030);
#1910=SURFACE_STYLE_USAGE(.BOTH.,#3031);
#1911=FACE_OUTER_BOUND('',#3032,.T.);
#1912=PLANE('',#3033);
#1913=SURFACE_STYLE_USAGE(.BOTH.,#3034);
#1914=FACE_OUTER_BOUND('',#3035,.T.);
#1915=PLANE('',#3036);
#1916=SURFACE_STYLE_USAGE(.BOTH.,#3037);
#1917=FACE_OUTER_BOUND('',#3038,.T.);
#1918=PLANE('',#3039);
#1919=SURFACE_STYLE_USAGE(.BOTH.,#3040);
#1920=FACE_OUTER_BOUND('',#3041,.T.);
#1921=PLANE('',#3042);
#1922=SURFACE_STYLE_USAGE(.BOTH.,#3043);
#1923=FACE_OUTER_BOUND('',#3044,.T.);
#1924=PLANE('',#3045);
#1925=SURFACE_STYLE_USAGE(.BOTH.,#3046);
#1926=FACE_OUTER_BOUND('',#3047,.T.);
#1927=PLANE('',#3048);
#1928=SURFACE_STYLE_USAGE(.BOTH.,#3049);
#1929=FACE_OUTER_BOUND('',#3050,.T.);
#1930=PLANE('',#3051);
#1931=SURFACE_STYLE_USAGE(.BOTH.,#3052);
#1932=FACE_OUTER_BOUND('',#3053,.T.);
#1933=PLANE('',#3054);
#1934=SURFACE_STYLE_USAGE(.BOTH.,#3055);
#1935=FACE_OUTER_BOUND('',#3056,.T.);
#1936=PLANE('',#3057);
#1937=SURFACE_STYLE_USAGE(.BOTH.,#3058);
#1938=FACE_OUTER_BOUND('',#3059,.T.);
#1939=PLANE('',#3060);
#1940=SURFACE_STYLE_USAGE(.BOTH.,#3061);
#1941=FACE_OUTER_BOUND('',#3062,.T.);
#1942=PLANE('',#3063);
#1943=SURFACE_STYLE_USAGE(.BOTH.,#3064);
#1944=FACE_OUTER_BOUND('',#3065,.T.);
#1945=PLANE('',#3066);
#1946=SURFACE_STYLE_USAGE(.BOTH.,#3067);
#1947=FACE_OUTER_BOUND('',#3068,.T.);
#1948=PLANE('',#3069);
#1949=SURFACE_STYLE_USAGE(.BOTH.,#3070);
#1950=FACE_OUTER_BOUND('',#3071,.T.);
#1951=PLANE('',#3072);
#1952=SURFACE_STYLE_USAGE(.BOTH.,#3073);
#1953=FACE_OUTER_BOUND('',#3074,.T.);
#1954=PLANE('',#3075);
#1955=SURFACE_STYLE_USAGE(.BOTH.,#3076);
#1956=FACE_OUTER_BOUND('',#3077,.T.);
#1957=PLANE('',#3078);
#1958=SURFACE_STYLE_USAGE(.BOTH.,#3079);
#1959=FACE_OUTER_BOUND('',#3080,.T.);
#1960=PLANE('',#3081);
#1961=SURFACE_STYLE_USAGE(.BOTH.,#3082);
#1962=FACE_OUTER_BOUND('',#3083,.T.);
#1963=PLANE('',#3084);
#1964=SURFACE_STYLE_USAGE(.BOTH.,#3085);
#1965=FACE_OUTER_BOUND('',#3086,.T.);
#1966=PLANE('',#3087);
#1967=SURFACE_STYLE_USAGE(.BOTH.,#3088);
#1968=FACE_OUTER_BOUND('',#3089,.T.);
#1969=FACE_BOUND('',#3090,.T.);
#1970=PLANE('',#3091);
#1971=SURFACE_STYLE_USAGE(.BOTH.,#3092);
#1972=FACE_OUTER_BOUND('',#3093,.T.);
#1973=PLANE('',#3094);
#1974=SURFACE_STYLE_USAGE(.BOTH.,#3095);
#1975=FACE_OUTER_BOUND('',#3096,.T.);
#1976=PLANE('',#3097);
#1977=SURFACE_STYLE_USAGE(.BOTH.,#3098);
#1978=FACE_OUTER_BOUND('',#3099,.T.);
#1979=PLANE('',#3100);
#1980=SURFACE_STYLE_USAGE(.BOTH.,#3101);
#1981=FACE_OUTER_BOUND('',#3102,.T.);
#1982=PLANE('',#3103);
#1983=SURFACE_STYLE_USAGE(.BOTH.,#3104);
#1984=FACE_OUTER_BOUND('',#3105,.T.);
#1985=PLANE('',#3106);
#1986=SURFACE_STYLE_USAGE(.BOTH.,#3107);
#1987=FACE_OUTER_BOUND('',#3108,.T.);
#1988=PLANE('',#3109);
#1989=SURFACE_STYLE_USAGE(.BOTH.,#3110);
#1990=FACE_OUTER_BOUND('',#3111,.T.);
#1991=PLANE('',#3112);
#1992=SURFACE_STYLE_USAGE(.BOTH.,#3113);
#1993=FACE_OUTER_BOUND('',#3114,.T.);
#1994=PLANE('',#3115);
#1995=SURFACE_STYLE_USAGE(.BOTH.,#3116);
#1996=FACE_OUTER_BOUND('',#3117,.T.);
#1997=FACE_BOUND('',#3118,.T.);
#1998=PLANE('',#3119);
#1999=SURFACE_STYLE_USAGE(.BOTH.,#3120);
#2000=FACE_OUTER_BOUND('',#3121,.T.);
#2001=CYLINDRICAL_SURFACE('',#3122,1.45);
#2002=SURFACE_STYLE_USAGE(.BOTH.,#3123);
#2003=FACE_OUTER_BOUND('',#3124,.T.);
#2004=PLANE('',#3125);
#2005=SURFACE_STYLE_USAGE(.BOTH.,#3126);
#2006=FACE_OUTER_BOUND('',#3127,.T.);
#2007=PLANE('',#3128);
#2008=SURFACE_STYLE_USAGE(.BOTH.,#3129);
#2009=FACE_OUTER_BOUND('',#3130,.T.);
#2010=PLANE('',#3131);
#2011=SURFACE_STYLE_USAGE(.BOTH.,#3132);
#2012=FACE_OUTER_BOUND('',#3133,.T.);
#2013=PLANE('',#3134);
#2014=SURFACE_STYLE_USAGE(.BOTH.,#3135);
#2015=FACE_OUTER_BOUND('',#3136,.T.);
#2016=PLANE('',#3137);
#2017=SURFACE_STYLE_USAGE(.BOTH.,#3138);
#2018=FACE_OUTER_BOUND('',#3139,.T.);
#2019=PLANE('',#3140);
#2020=SURFACE_STYLE_USAGE(.BOTH.,#3141);
#2021=FACE_OUTER_BOUND('',#3142,.T.);
#2022=PLANE('',#3143);
#2023=SURFACE_STYLE_USAGE(.BOTH.,#3144);
#2024=FACE_OUTER_BOUND('',#3145,.T.);
#2025=PLANE('',#3146);
#2026=SURFACE_STYLE_USAGE(.BOTH.,#3147);
#2027=FACE_OUTER_BOUND('',#3148,.T.);
#2028=PLANE('',#3149);
#2029=SURFACE_STYLE_USAGE(.BOTH.,#3150);
#2030=FACE_OUTER_BOUND('',#3151,.T.);
#2031=PLANE('',#3152);
#2032=SURFACE_STYLE_USAGE(.BOTH.,#3153);
#2033=FACE_OUTER_BOUND('',#3154,.T.);
#2034=PLANE('',#3155);
#2035=SURFACE_STYLE_USAGE(.BOTH.,#3156);
#2036=FACE_OUTER_BOUND('',#3157,.T.);
#2037=PLANE('',#3158);
#2038=SURFACE_STYLE_USAGE(.BOTH.,#3159);
#2039=FACE_OUTER_BOUND('',#3160,.T.);
#2040=CYLINDRICAL_SURFACE('',#3161,1.45);
#2041=SURFACE_STYLE_USAGE(.BOTH.,#3162);
#2042=FACE_OUTER_BOUND('',#3163,.T.);
#2043=PLANE('',#3164);
#2044=SURFACE_STYLE_USAGE(.BOTH.,#3165);
#2045=FACE_OUTER_BOUND('',#3166,.T.);
#2046=PLANE('',#3167);
#2047=SURFACE_STYLE_USAGE(.BOTH.,#3168);
#2048=FACE_OUTER_BOUND('',#3169,.T.);
#2049=PLANE('',#3170);
#2050=SURFACE_STYLE_USAGE(.BOTH.,#3171);
#2051=FACE_OUTER_BOUND('',#3172,.T.);
#2052=PLANE('',#3173);
#2053=SURFACE_STYLE_USAGE(.BOTH.,#3174);
#2054=FACE_OUTER_BOUND('',#3175,.T.);
#2055=PLANE('',#3176);
#2056=SURFACE_STYLE_USAGE(.BOTH.,#3177);
#2057=FACE_OUTER_BOUND('',#3178,.T.);
#2058=FACE_BOUND('',#3179,.T.);
#2059=PLANE('',#3180);
#2060=SURFACE_STYLE_USAGE(.BOTH.,#3181);
#2061=FACE_OUTER_BOUND('',#3182,.T.);
#2062=PLANE('',#3183);
#2063=SURFACE_STYLE_USAGE(.BOTH.,#3184);
#2064=FACE_OUTER_BOUND('',#3185,.T.);
#2065=PLANE('',#3186);
#2066=SURFACE_STYLE_USAGE(.BOTH.,#3187);
#2067=FACE_OUTER_BOUND('',#3188,.T.);
#2068=PLANE('',#3189);
#2069=SURFACE_STYLE_USAGE(.BOTH.,#3190);
#2070=FACE_OUTER_BOUND('',#3191,.T.);
#2071=PLANE('',#3192);
#2072=SURFACE_STYLE_USAGE(.BOTH.,#3193);
#2073=FACE_OUTER_BOUND('',#3194,.T.);
#2074=PLANE('',#3195);
#2075=SURFACE_STYLE_USAGE(.BOTH.,#3196);
#2076=FACE_OUTER_BOUND('',#3197,.T.);
#2077=PLANE('',#3198);
#2078=SURFACE_STYLE_USAGE(.BOTH.,#3199);
#2079=FACE_OUTER_BOUND('',#3200,.T.);
#2080=PLANE('',#3201);
#2081=SURFACE_STYLE_USAGE(.BOTH.,#3202);
#2082=FACE_OUTER_BOUND('',#3203,.T.);
#2083=PLANE('',#3204);
#2084=SURFACE_STYLE_USAGE(.BOTH.,#3205);
#2085=FACE_OUTER_BOUND('',#3206,.T.);
#2086=PLANE('',#3207);
#2087=SURFACE_STYLE_USAGE(.BOTH.,#3208);
#2088=FACE_OUTER_BOUND('',#3209,.T.);
#2089=PLANE('',#3210);
#2090=SURFACE_STYLE_USAGE(.BOTH.,#3211);
#2091=FACE_OUTER_BOUND('',#3212,.T.);
#2092=PLANE('',#3213);
#2093=SURFACE_STYLE_USAGE(.BOTH.,#3214);
#2094=FACE_OUTER_BOUND('',#3215,.T.);
#2095=PLANE('',#3216);
#2096=SURFACE_STYLE_USAGE(.BOTH.,#3217);
#2097=FACE_OUTER_BOUND('',#3218,.T.);
#2098=PLANE('',#3219);
#2099=SURFACE_STYLE_USAGE(.BOTH.,#3220);
#2100=FACE_OUTER_BOUND('',#3221,.T.);
#2101=PLANE('',#3222);
#2102=SURFACE_STYLE_USAGE(.BOTH.,#3223);
#2103=FACE_OUTER_BOUND('',#3224,.T.);
#2104=PLANE('',#3225);
#2105=SURFACE_STYLE_USAGE(.BOTH.,#3226);
#2106=FACE_OUTER_BOUND('',#3227,.T.);
#2107=PLANE('',#3228);
#2108=SURFACE_STYLE_USAGE(.BOTH.,#3229);
#2109=FACE_OUTER_BOUND('',#3230,.T.);
#2110=PLANE('',#3231);
#2111=SURFACE_STYLE_USAGE(.BOTH.,#3232);
#2112=FACE_OUTER_BOUND('',#3233,.T.);
#2113=PLANE('',#3234);
#2114=SURFACE_STYLE_USAGE(.BOTH.,#3235);
#2115=FACE_OUTER_BOUND('',#3236,.T.);
#2116=PLANE('',#3237);
#2117=SURFACE_STYLE_USAGE(.BOTH.,#3238);
#2118=FACE_OUTER_BOUND('',#3239,.T.);
#2119=PLANE('',#3240);
#2120=SURFACE_STYLE_USAGE(.BOTH.,#3241);
#2121=FACE_OUTER_BOUND('',#3242,.T.);
#2122=CYLINDRICAL_SURFACE('',#3243,1.45);
#2123=SURFACE_STYLE_USAGE(.BOTH.,#3244);
#2124=FACE_OUTER_BOUND('',#3245,.T.);
#2125=PLANE('',#3246);
#2126=SURFACE_STYLE_USAGE(.BOTH.,#3247);
#2127=FACE_OUTER_BOUND('',#3248,.T.);
#2128=PLANE('',#3249);
#2129=SURFACE_STYLE_USAGE(.BOTH.,#3250);
#2130=FACE_OUTER_BOUND('',#3251,.T.);
#2131=PLANE('',#3252);
#2132=SURFACE_STYLE_USAGE(.BOTH.,#3253);
#2133=FACE_OUTER_BOUND('',#3254,.T.);
#2134=CYLINDRICAL_SURFACE('',#3255,1.45);
#2135=SURFACE_STYLE_USAGE(.BOTH.,#3256);
#2136=FACE_OUTER_BOUND('',#3257,.T.);
#2137=PLANE('',#3258);
#2138=SURFACE_STYLE_USAGE(.BOTH.,#3259);
#2139=FACE_OUTER_BOUND('',#3260,.T.);
#2140=PLANE('',#3261);
#2141=SURFACE_STYLE_USAGE(.BOTH.,#3262);
#2142=FACE_OUTER_BOUND('',#3263,.T.);
#2143=PLANE('',#3264);
#2144=SURFACE_STYLE_USAGE(.BOTH.,#3265);
#2145=FACE_OUTER_BOUND('',#3266,.T.);
#2146=PLANE('',#3267);
#2147=SURFACE_STYLE_USAGE(.BOTH.,#3268);
#2148=FACE_OUTER_BOUND('',#3269,.T.);
#2149=PLANE('',#3270);
#2150=SURFACE_STYLE_USAGE(.BOTH.,#3271);
#2151=FACE_OUTER_BOUND('',#3272,.T.);
#2152=PLANE('',#3273);
#2153=SURFACE_STYLE_USAGE(.BOTH.,#3274);
#2154=FACE_OUTER_BOUND('',#3275,.T.);
#2155=PLANE('',#3276);
#2156=SURFACE_STYLE_USAGE(.BOTH.,#3277);
#2157=FACE_OUTER_BOUND('',#3278,.T.);
#2158=PLANE('',#3279);
#2159=SURFACE_STYLE_USAGE(.BOTH.,#3280);
#2160=FACE_OUTER_BOUND('',#3281,.T.);
#2161=PLANE('',#3282);
#2162=SURFACE_STYLE_USAGE(.BOTH.,#3283);
#2163=FACE_OUTER_BOUND('',#3284,.T.);
#2164=PLANE('',#3285);
#2165=SURFACE_STYLE_USAGE(.BOTH.,#3286);
#2166=FACE_OUTER_BOUND('',#3287,.T.);
#2167=PLANE('',#3288);
#2168=SURFACE_STYLE_USAGE(.BOTH.,#3289);
#2169=FACE_OUTER_BOUND('',#3290,.T.);
#2170=PLANE('',#3291);
#2171=SURFACE_STYLE_USAGE(.BOTH.,#3292);
#2172=FACE_OUTER_BOUND('',#3293,.T.);
#2173=PLANE('',#3294);
#2174=SURFACE_STYLE_USAGE(.BOTH.,#3295);
#2175=FACE_OUTER_BOUND('',#3296,.T.);
#2176=PLANE('',#3297);
#2177=SURFACE_STYLE_USAGE(.BOTH.,#3298);
#2178=FACE_OUTER_BOUND('',#3299,.T.);
#2179=PLANE('',#3300);
#2180=SURFACE_STYLE_USAGE(.BOTH.,#3301);
#2181=FACE_OUTER_BOUND('',#3302,.T.);
#2182=PLANE('',#3303);
#2183=SURFACE_STYLE_USAGE(.BOTH.,#3304);
#2184=FACE_OUTER_BOUND('',#3305,.T.);
#2185=PLANE('',#3306);
#2186=SURFACE_STYLE_USAGE(.BOTH.,#3307);
#2187=FACE_OUTER_BOUND('',#3308,.T.);
#2188=PLANE('',#3309);
#2189=SURFACE_STYLE_USAGE(.BOTH.,#3310);
#2190=FACE_OUTER_BOUND('',#3311,.T.);
#2191=PLANE('',#3312);
#2192=SURFACE_STYLE_USAGE(.BOTH.,#3313);
#2193=FACE_OUTER_BOUND('',#3314,.T.);
#2194=PLANE('',#3315);
#2195=SURFACE_STYLE_USAGE(.BOTH.,#3316);
#2196=FACE_OUTER_BOUND('',#3317,.T.);
#2197=PLANE('',#3318);
#2198=SURFACE_STYLE_USAGE(.BOTH.,#3319);
#2199=FACE_OUTER_BOUND('',#3320,.T.);
#2200=PLANE('',#3321);
#2201=SURFACE_STYLE_USAGE(.BOTH.,#3322);
#2202=FACE_OUTER_BOUND('',#3323,.T.);
#2203=PLANE('',#3324);
#2204=SURFACE_STYLE_USAGE(.BOTH.,#3325);
#2205=FACE_OUTER_BOUND('',#3326,.T.);
#2206=PLANE('',#3327);
#2207=SURFACE_STYLE_USAGE(.BOTH.,#3328);
#2208=FACE_OUTER_BOUND('',#3329,.T.);
#2209=PLANE('',#3330);
#2210=SURFACE_STYLE_USAGE(.BOTH.,#3331);
#2211=FACE_OUTER_BOUND('',#3332,.T.);
#2212=PLANE('',#3333);
#2213=SURFACE_STYLE_USAGE(.BOTH.,#3334);
#2214=FACE_OUTER_BOUND('',#3335,.T.);
#2215=PLANE('',#3336);
#2216=SURFACE_STYLE_USAGE(.BOTH.,#3337);
#2217=FACE_OUTER_BOUND('',#3338,.T.);
#2218=PLANE('',#3339);
#2219=SURFACE_STYLE_USAGE(.BOTH.,#3340);
#2220=FACE_OUTER_BOUND('',#3341,.T.);
#2221=PLANE('',#3342);
#2222=SURFACE_STYLE_USAGE(.BOTH.,#3343);
#2223=FACE_OUTER_BOUND('',#3344,.T.);
#2224=PLANE('',#3345);
#2225=SURFACE_STYLE_USAGE(.BOTH.,#3346);
#2226=FACE_OUTER_BOUND('',#3347,.T.);
#2227=PLANE('',#3348);
#2228=SURFACE_STYLE_USAGE(.BOTH.,#3349);
#2229=FACE_OUTER_BOUND('',#3350,.T.);
#2230=PLANE('',#3351);
#2231=SURFACE_STYLE_USAGE(.BOTH.,#3352);
#2232=FACE_OUTER_BOUND('',#3353,.T.);
#2233=PLANE('',#3354);
#2234=SURFACE_STYLE_USAGE(.BOTH.,#3355);
#2235=FACE_OUTER_BOUND('',#3356,.T.);
#2236=PLANE('',#3357);
#2237=SURFACE_STYLE_USAGE(.BOTH.,#3358);
#2238=FACE_OUTER_BOUND('',#3359,.T.);
#2239=PLANE('',#3360);
#2240=PRODUCT_CONTEXT('',#377,'mechanical');
#2241=PRODUCT_DEFINITION_FORMATION_WITH_SPECIFIED_SOURCE(' ','NONE',#1119,.NOT_KNOWN.);
#2242=CLOSED_SHELL('',(#396,#398,#400,#402,#404,#406,#408,#410,#412,#414,#416,#418,#420,#422,#424,#426,#428,#430,#432,#434,#436,#438,#440,#442,#444,#446,#448,#450,#452,#454,#456,#458,#460,#462,#464,#466,#468,#470,#472,#474));
#2243=CARTESIAN_POINT('',(0.0,0.0,0.0));
#2244=DIRECTION('',(0.0,0.0,1.0));
#2245=DIRECTION('',(1.0,0.0,0.0));
#2246=CLOSED_SHELL('',(#476,#478,#480,#482,#484,#486,#488,#490,#492,#494,#496,#498,#500,#502,#504,#506,#508,#510,#512,#514,#516,#518,#520,#522,#524,#526,#528,#530,#532,#534,#536,#538,#540,#542,#544,#546,#548,#550,#552,#554,#556,#558,#560,#562,#564,#566,#568,#570,#572,#574,#576,#578,#580,#582,#584,#586,#588,#590,#592,#594,#596,#598,#600,#602,#604,#606,#608,#610,#612,#614,#616,#618,#620,#622,#624,#626,#628,#630,#632,#634,#636,#638,#640,#642,#644,#646,#648,#650,#652,#654,#656,#658,#660,#662,#664,#666,#668,#670,#672,#674,#676));
#2247=CARTESIAN_POINT('',(0.0,0.0,0.0));
#2248=DIRECTION('',(0.0,0.0,1.0));
#2249=DIRECTION('',(1.0,0.0,0.0));
#2250=CLOSED_SHELL('',(#678,#680,#682,#684,#686,#688,#690,#692,#694,#696,#698,#700,#702,#704,#706,#708,#710,#712,#714,#716,#718,#720,#722,#724,#726,#728,#730,#732,#734,#736,#738,#740,#742,#744,#746,#748,#750,#752,#754,#756));
#2251=CARTESIAN_POINT('',(0.0,0.0,0.0));
#2252=DIRECTION('',(0.0,0.0,1.0));
#2253=DIRECTION('',(1.0,0.0,0.0));
#2254=CLOSED_SHELL('',(#758,#760,#762,#764,#766,#768,#770,#772,#774,#776,#778,#780,#782,#784,#786,#788,#790,#792,#794,#796,#798,#800,#802,#804,#806,#808,#810,#812,#814,#816,#818,#820,#822,#824,#826,#828,#830,#832,#834,#836));
#2255=CARTESIAN_POINT('',(0.0,0.0,0.0));
#2256=DIRECTION('',(0.0,0.0,1.0));
#2257=DIRECTION('',(1.0,0.0,0.0));
#2258=CLOSED_SHELL('',(#838,#840,#842,#844,#846,#848,#850,#852,#854,#856,#858,#860,#862,#864,#866,#868,#870,#872,#874,#876,#878,#880,#882,#884,#886,#888,#890,#892,#894,#896,#898,#900,#902,#904,#906,#908,#910,#912,#914,#916,#918,#920,#922,#924,#926,#928,#930,#932,#934,#936,#938,#940,#942,#944,#946,#948,#950,#952,#954,#956,#958,#960,#962,#964,#966,#968,#970,#972,#974,#976,#978,#980,#982,#984,#986,#988,#990,#992,#994,#996,#998,#1000,#1002,#1004,#1006,#1008,#1010,#1012,#1014,#1016,#1018,#1020,#1022,#1024,#1026,#1028,#1030,#1032,#1034,#1036,#1038));
#2259=CARTESIAN_POINT('',(0.0,0.0,0.0));
#2260=DIRECTION('',(0.0,0.0,1.0));
#2261=DIRECTION('',(1.0,0.0,0.0));
#2262=CLOSED_SHELL('',(#1040,#1042,#1044,#1046,#1048,#1050,#1052,#1054,#1056,#1058,#1060,#1062,#1064,#1066,#1068,#1070,#1072,#1074,#1076,#1078,#1080,#1082,#1084,#1086,#1088,#1090,#1092,#1094,#1096,#1098,#1100,#1102,#1104,#1106,#1108,#1110,#1112,#1114,#1116,#1118));
#2263=CARTESIAN_POINT('',(0.0,0.0,0.0));
#2264=DIRECTION('',(0.0,0.0,1.0));
#2265=DIRECTION('',(1.0,0.0,0.0));
#2266= (NAMED_UNIT(#1138)LENGTH_UNIT()SI_UNIT(.MILLI.,.METRE.));
#2267=SURFACE_SIDE_STYLE('',(#3362));
#2268=EDGE_LOOP('',(#3363,#3364,#3365,#3366,#3367,#3368));
#2269=AXIS2_PLACEMENT_3D('',#3369,#3370,#3371);
#2270=SURFACE_SIDE_STYLE('',(#3372));
#2271=EDGE_LOOP('',(#3373,#3374,#3375,#3376,#3377));
#2272=AXIS2_PLACEMENT_3D('',#3378,#3379,#3380);
#2273=SURFACE_SIDE_STYLE('',(#3381));
#2274=EDGE_LOOP('',(#3382,#3383,#3384,#3385));
#2275=AXIS2_PLACEMENT_3D('',#3386,#3387,#3388);
#2276=SURFACE_SIDE_STYLE('',(#3389));
#2277=EDGE_LOOP('',(#3390,#3391,#3392,#3393,#3394,#3395,#3396,#3397));
#2278=AXIS2_PLACEMENT_3D('',#3398,#3399,#3400);
#2279=SURFACE_SIDE_STYLE('',(#3401));
#2280=EDGE_LOOP('',(#3402,#3403,#3404,#3405));
#2281=AXIS2_PLACEMENT_3D('',#3406,#3407,#3408);
#2282=SURFACE_SIDE_STYLE('',(#3409));
#2283=EDGE_LOOP('',(#3410,#3411,#3412,#3413,#3414));
#2284=AXIS2_PLACEMENT_3D('',#3415,#3416,#3417);
#2285=SURFACE_SIDE_STYLE('',(#3418));
#2286=EDGE_LOOP('',(#3419,#3420,#3421,#3422,#3423,#3424));
#2287=AXIS2_PLACEMENT_3D('',#3425,#3426,#3427);
#2288=SURFACE_SIDE_STYLE('',(#3428));
#2289=EDGE_LOOP('',(#3429,#3430,#3431,#3432));
#2290=AXIS2_PLACEMENT_3D('',#3433,#3434,#3435);
#2291=SURFACE_SIDE_STYLE('',(#3436));
#2292=EDGE_LOOP('',(#3437,#3438,#3439,#3440));
#2293=AXIS2_PLACEMENT_3D('',#3441,#3442,#3443);
#2294=SURFACE_SIDE_STYLE('',(#3444));
#2295=EDGE_LOOP('',(#3445,#3446,#3447,#3448));
#2296=AXIS2_PLACEMENT_3D('',#3449,#3450,#3451);
#2297=SURFACE_SIDE_STYLE('',(#3452));
#2298=EDGE_LOOP('',(#3453,#3454,#3455,#3456));
#2299=AXIS2_PLACEMENT_3D('',#3457,#3458,#3459);
#2300=SURFACE_SIDE_STYLE('',(#3460));
#2301=EDGE_LOOP('',(#3461,#3462,#3463,#3464));
#2302=AXIS2_PLACEMENT_3D('',#3465,#3466,#3467);
#2303=SURFACE_SIDE_STYLE('',(#3468));
#2304=EDGE_LOOP('',(#3469,#3470,#3471,#3472));
#2305=AXIS2_PLACEMENT_3D('',#3473,#3474,#3475);
#2306=SURFACE_SIDE_STYLE('',(#3476));
#2307=EDGE_LOOP('',(#3477,#3478,#3479,#3480));
#2308=AXIS2_PLACEMENT_3D('',#3481,#3482,#3483);
#2309=SURFACE_SIDE_STYLE('',(#3484));
#2310=EDGE_LOOP('',(#3485,#3486,#3487,#3488,#3489));
#2311=AXIS2_PLACEMENT_3D('',#3490,#3491,#3492);
#2312=SURFACE_SIDE_STYLE('',(#3493));
#2313=EDGE_LOOP('',(#3494,#3495,#3496,#3497,#3498,#3499));
#2314=AXIS2_PLACEMENT_3D('',#3500,#3501,#3502);
#2315=SURFACE_SIDE_STYLE('',(#3503));
#2316=EDGE_LOOP('',(#3504,#3505,#3506,#3507));
#2317=AXIS2_PLACEMENT_3D('',#3508,#3509,#3510);
#2318=SURFACE_SIDE_STYLE('',(#3511));
#2319=EDGE_LOOP('',(#3512,#3513,#3514,#3515));
#2320=AXIS2_PLACEMENT_3D('',#3516,#3517,#3518);
#2321=SURFACE_SIDE_STYLE('',(#3519));
#2322=EDGE_LOOP('',(#3520,#3521,#3522,#3523,#3524));
#2323=AXIS2_PLACEMENT_3D('',#3525,#3526,#3527);
#2324=SURFACE_SIDE_STYLE('',(#3528));
#2325=EDGE_LOOP('',(#3529,#3530,#3531,#3532,#3533,#3534,#3535,#3536));
#2326=AXIS2_PLACEMENT_3D('',#3537,#3538,#3539);
#2327=SURFACE_SIDE_STYLE('',(#3540));
#2328=EDGE_LOOP('',(#3541,#3542,#3543,#3544));
#2329=AXIS2_PLACEMENT_3D('',#3545,#3546,#3547);
#2330=SURFACE_SIDE_STYLE('',(#3548));
#2331=EDGE_LOOP('',(#3549,#3550,#3551,#3552));
#2332=AXIS2_PLACEMENT_3D('',#3553,#3554,#3555);
#2333=SURFACE_SIDE_STYLE('',(#3556));
#2334=EDGE_LOOP('',(#3557,#3558,#3559,#3560));
#2335=AXIS2_PLACEMENT_3D('',#3561,#3562,#3563);
#2336=SURFACE_SIDE_STYLE('',(#3564));
#2337=EDGE_LOOP('',(#3565,#3566,#3567,#3568));
#2338=AXIS2_PLACEMENT_3D('',#3569,#3570,#3571);
#2339=SURFACE_SIDE_STYLE('',(#3572));
#2340=EDGE_LOOP('',(#3573,#3574,#3575,#3576));
#2341=AXIS2_PLACEMENT_3D('',#3577,#3578,#3579);
#2342=SURFACE_SIDE_STYLE('',(#3580));
#2343=EDGE_LOOP('',(#3581,#3582,#3583,#3584));
#2344=AXIS2_PLACEMENT_3D('',#3585,#3586,#3587);
#2345=SURFACE_SIDE_STYLE('',(#3588));
#2346=EDGE_LOOP('',(#3589,#3590,#3591));
#2347=AXIS2_PLACEMENT_3D('',#3592,#3593,#3594);
#2348=SURFACE_SIDE_STYLE('',(#3595));
#2349=EDGE_LOOP('',(#3596,#3597,#3598,#3599));
#2350=AXIS2_PLACEMENT_3D('',#3600,#3601,#3602);
#2351=SURFACE_SIDE_STYLE('',(#3603));
#2352=EDGE_LOOP('',(#3604,#3605,#3606,#3607));
#2353=AXIS2_PLACEMENT_3D('',#3608,#3609,#3610);
#2354=SURFACE_SIDE_STYLE('',(#3611));
#2355=EDGE_LOOP('',(#3612,#3613,#3614,#3615,#3616,#3617,#3618,#3619));
#2356=AXIS2_PLACEMENT_3D('',#3620,#3621,#3622);
#2357=SURFACE_SIDE_STYLE('',(#3623));
#2358=EDGE_LOOP('',(#3624,#3625,#3626,#3627,#3628,#3629));
#2359=AXIS2_PLACEMENT_3D('',#3630,#3631,#3632);
#2360=SURFACE_SIDE_STYLE('',(#3633));
#2361=EDGE_LOOP('',(#3634,#3635,#3636,#3637));
#2362=AXIS2_PLACEMENT_3D('',#3638,#3639,#3640);
#2363=SURFACE_SIDE_STYLE('',(#3641));
#2364=EDGE_LOOP('',(#3642,#3643,#3644,#3645));
#2365=AXIS2_PLACEMENT_3D('',#3646,#3647,#3648);
#2366=SURFACE_SIDE_STYLE('',(#3649));
#2367=EDGE_LOOP('',(#3650,#3651,#3652,#3653,#3654,#3655,#3656,#3657,#3658,#3659,#3660,#3661,#3662,#3663,#3664,#3665,#3666,#3667,#3668,#3669,#3670,#3671,#3672,#3673,#3674,#3675,#3676,#3677,#3678,#3679,#3680,#3681,#3682));
#2368=AXIS2_PLACEMENT_3D('',#3683,#3684,#3685);
#2369=SURFACE_SIDE_STYLE('',(#3686));
#2370=EDGE_LOOP('',(#3687,#3688,#3689,#3690,#3691));
#2371=AXIS2_PLACEMENT_3D('',#3692,#3693,#3694);
#2372=SURFACE_SIDE_STYLE('',(#3695));
#2373=EDGE_LOOP('',(#3696,#3697,#3698,#3699));
#2374=AXIS2_PLACEMENT_3D('',#3700,#3701,#3702);
#2375=SURFACE_SIDE_STYLE('',(#3703));
#2376=EDGE_LOOP('',(#3704,#3705,#3706,#3707,#3708,#3709,#3710,#3711,#3712));
#2377=AXIS2_PLACEMENT_3D('',#3713,#3714,#3715);
#2378=SURFACE_SIDE_STYLE('',(#3716));
#2379=EDGE_LOOP('',(#3717,#3718,#3719,#3720,#3721,#3722,#3723,#3724));
#2380=AXIS2_PLACEMENT_3D('',#3725,#3726,#3727);
#2381=SURFACE_SIDE_STYLE('',(#3728));
#2382=EDGE_LOOP('',(#3729,#3730,#3731,#3732,#3733,#3734));
#2383=AXIS2_PLACEMENT_3D('',#3735,#3736,#3737);
#2384=SURFACE_SIDE_STYLE('',(#3738));
#2385=EDGE_LOOP('',(#3739,#3740,#3741,#3742));
#2386=AXIS2_PLACEMENT_3D('',#3743,#3744,#3745);
#2387=SURFACE_SIDE_STYLE('',(#3746));
#2388=EDGE_LOOP('',(#3747,#3748,#3749,#3750,#3751,#3752,#3753,#3754));
#2389=AXIS2_PLACEMENT_3D('',#3755,#3756,#3757);
#2390=SURFACE_SIDE_STYLE('',(#3758));
#2391=EDGE_LOOP('',(#3759,#3760,#3761,#3762,#3763,#3764));
#2392=AXIS2_PLACEMENT_3D('',#3765,#3766,#3767);
#2393=SURFACE_SIDE_STYLE('',(#3768));
#2394=EDGE_LOOP('',(#3769,#3770,#3771,#3772,#3773,#3774));
#2395=AXIS2_PLACEMENT_3D('',#3775,#3776,#3777);
#2396=SURFACE_SIDE_STYLE('',(#3778));
#2397=EDGE_LOOP('',(#3779,#3780,#3781,#3782,#3783));
#2398=AXIS2_PLACEMENT_3D('',#3784,#3785,#3786);
#2399=SURFACE_SIDE_STYLE('',(#3787));
#2400=EDGE_LOOP('',(#3788,#3789,#3790,#3791));
#2401=AXIS2_PLACEMENT_3D('',#3792,#3793,#3794);
#2402=SURFACE_SIDE_STYLE('',(#3795));
#2403=EDGE_LOOP('',(#3796,#3797,#3798,#3799));
#2404=AXIS2_PLACEMENT_3D('',#3800,#3801,#3802);
#2405=SURFACE_SIDE_STYLE('',(#3803));
#2406=EDGE_LOOP('',(#3804,#3805,#3806));
#2407=AXIS2_PLACEMENT_3D('',#3807,#3808,#3809);
#2408=SURFACE_SIDE_STYLE('',(#3810));
#2409=EDGE_LOOP('',(#3811,#3812,#3813,#3814));
#2410=AXIS2_PLACEMENT_3D('',#3815,#3816,#3817);
#2411=SURFACE_SIDE_STYLE('',(#3818));
#2412=EDGE_LOOP('',(#3819,#3820,#3821,#3822));
#2413=AXIS2_PLACEMENT_3D('',#3823,#3824,#3825);
#2414=SURFACE_SIDE_STYLE('',(#3826));
#2415=EDGE_LOOP('',(#3827,#3828,#3829,#3830));
#2416=AXIS2_PLACEMENT_3D('',#3831,#3832,#3833);
#2417=SURFACE_SIDE_STYLE('',(#3834));
#2418=EDGE_LOOP('',(#3835,#3836,#3837,#3838,#3839,#3840,#3841,#3842,#3843,#3844,#3845,#3846));
#2419=EDGE_LOOP('',(#3847,#3848,#3849,#3850));
#2420=AXIS2_PLACEMENT_3D('',#3851,#3852,#3853);
#2421=SURFACE_SIDE_STYLE('',(#3854));
#2422=EDGE_LOOP('',(#3855,#3856,#3857,#3858));
#2423=AXIS2_PLACEMENT_3D('',#3859,#3860,#3861);
#2424=SURFACE_SIDE_STYLE('',(#3862));
#2425=EDGE_LOOP('',(#3863,#3864,#3865,#3866));
#2426=AXIS2_PLACEMENT_3D('',#3867,#3868,#3869);
#2427=SURFACE_SIDE_STYLE('',(#3870));
#2428=EDGE_LOOP('',(#3871,#3872,#3873,#3874));
#2429=AXIS2_PLACEMENT_3D('',#3875,#3876,#3877);
#2430=SURFACE_SIDE_STYLE('',(#3878));
#2431=EDGE_LOOP('',(#3879,#3880,#3881,#3882,#3883));
#2432=AXIS2_PLACEMENT_3D('',#3884,#3885,#3886);
#2433=SURFACE_SIDE_STYLE('',(#3887));
#2434=EDGE_LOOP('',(#3888,#3889,#3890,#3891,#3892));
#2435=AXIS2_PLACEMENT_3D('',#3893,#3894,#3895);
#2436=SURFACE_SIDE_STYLE('',(#3896));
#2437=EDGE_LOOP('',(#3897,#3898,#3899,#3900));
#2438=AXIS2_PLACEMENT_3D('',#3901,#3902,#3903);
#2439=SURFACE_SIDE_STYLE('',(#3904));
#2440=EDGE_LOOP('',(#3905,#3906,#3907,#3908));
#2441=AXIS2_PLACEMENT_3D('',#3909,#3910,#3911);
#2442=SURFACE_SIDE_STYLE('',(#3912));
#2443=EDGE_LOOP('',(#3913,#3914,#3915,#3916));
#2444=AXIS2_PLACEMENT_3D('',#3917,#3918,#3919);
#2445=SURFACE_SIDE_STYLE('',(#3920));
#2446=EDGE_LOOP('',(#3921,#3922,#3923,#3924));
#2447=AXIS2_PLACEMENT_3D('',#3925,#3926,#3927);
#2448=SURFACE_SIDE_STYLE('',(#3928));
#2449=EDGE_LOOP('',(#3929,#3930,#3931,#3932));
#2450=AXIS2_PLACEMENT_3D('',#3933,#3934,#3935);
#2451=SURFACE_SIDE_STYLE('',(#3936));
#2452=EDGE_LOOP('',(#3937,#3938,#3939,#3940));
#2453=AXIS2_PLACEMENT_3D('',#3941,#3942,#3943);
#2454=SURFACE_SIDE_STYLE('',(#3944));
#2455=EDGE_LOOP('',(#3945,#3946,#3947,#3948,#3949,#3950));
#2456=AXIS2_PLACEMENT_3D('',#3951,#3952,#3953);
#2457=SURFACE_SIDE_STYLE('',(#3954));
#2458=EDGE_LOOP('',(#3955,#3956,#3957,#3958));
#2459=AXIS2_PLACEMENT_3D('',#3959,#3960,#3961);
#2460=SURFACE_SIDE_STYLE('',(#3962));
#2461=EDGE_LOOP('',(#3963,#3964,#3965,#3966,#3967,#3968,#3969,#3970));
#2462=AXIS2_PLACEMENT_3D('',#3971,#3972,#3973);
#2463=SURFACE_SIDE_STYLE('',(#3974));
#2464=EDGE_LOOP('',(#3975,#3976,#3977,#3978,#3979,#3980,#3981,#3982));
#2465=AXIS2_PLACEMENT_3D('',#3983,#3984,#3985);
#2466=SURFACE_SIDE_STYLE('',(#3986));
#2467=EDGE_LOOP('',(#3987,#3988,#3989,#3990,#3991));
#2468=AXIS2_PLACEMENT_3D('',#3992,#3993,#3994);
#2469=SURFACE_SIDE_STYLE('',(#3995));
#2470=EDGE_LOOP('',(#3996,#3997,#3998,#3999));
#2471=AXIS2_PLACEMENT_3D('',#4000,#4001,#4002);
#2472=SURFACE_SIDE_STYLE('',(#4003));
#2473=EDGE_LOOP('',(#4004,#4005,#4006,#4007));
#2474=AXIS2_PLACEMENT_3D('',#4008,#4009,#4010);
#2475=SURFACE_SIDE_STYLE('',(#4011));
#2476=EDGE_LOOP('',(#4012,#4013,#4014,#4015));
#2477=AXIS2_PLACEMENT_3D('',#4016,#4017,#4018);
#2478=SURFACE_SIDE_STYLE('',(#4019));
#2479=EDGE_LOOP('',(#4020,#4021,#4022,#4023));
#2480=AXIS2_PLACEMENT_3D('',#4024,#4025,#4026);
#2481=SURFACE_SIDE_STYLE('',(#4027));
#2482=EDGE_LOOP('',(#4028,#4029,#4030,#4031));
#2483=AXIS2_PLACEMENT_3D('',#4032,#4033,#4034);
#2484=SURFACE_SIDE_STYLE('',(#4035));
#2485=EDGE_LOOP('',(#4036,#4037,#4038,#4039,#4040));
#2486=AXIS2_PLACEMENT_3D('',#4041,#4042,#4043);
#2487=SURFACE_SIDE_STYLE('',(#4044));
#2488=EDGE_LOOP('',(#4045,#4046,#4047,#4048,#4049));
#2489=AXIS2_PLACEMENT_3D('',#4050,#4051,#4052);
#2490=SURFACE_SIDE_STYLE('',(#4053));
#2491=EDGE_LOOP('',(#4054,#4055,#4056,#4057,#4058));
#2492=AXIS2_PLACEMENT_3D('',#4059,#4060,#4061);
#2493=SURFACE_SIDE_STYLE('',(#4062));
#2494=EDGE_LOOP('',(#4063,#4064,#4065));
#2495=AXIS2_PLACEMENT_3D('',#4066,#4067,#4068);
#2496=SURFACE_SIDE_STYLE('',(#4069));
#2497=EDGE_LOOP('',(#4070,#4071,#4072,#4073));
#2498=AXIS2_PLACEMENT_3D('',#4074,#4075,#4076);
#2499=SURFACE_SIDE_STYLE('',(#4077));
#2500=EDGE_LOOP('',(#4078,#4079,#4080,#4081));
#2501=AXIS2_PLACEMENT_3D('',#4082,#4083,#4084);
#2502=SURFACE_SIDE_STYLE('',(#4085));
#2503=EDGE_LOOP('',(#4086,#4087,#4088,#4089));
#2504=AXIS2_PLACEMENT_3D('',#4090,#4091,#4092);
#2505=SURFACE_SIDE_STYLE('',(#4093));
#2506=EDGE_LOOP('',(#4094,#4095,#4096,#4097));
#2507=AXIS2_PLACEMENT_3D('',#4098,#4099,#4100);
#2508=SURFACE_SIDE_STYLE('',(#4101));
#2509=EDGE_LOOP('',(#4102,#4103,#4104,#4105));
#2510=AXIS2_PLACEMENT_3D('',#4106,#4107,#4108);
#2511=SURFACE_SIDE_STYLE('',(#4109));
#2512=EDGE_LOOP('',(#4110,#4111,#4112,#4113,#4114,#4115,#4116,#4117));
#2513=AXIS2_PLACEMENT_3D('',#4118,#4119,#4120);
#2514=SURFACE_SIDE_STYLE('',(#4121));
#2515=EDGE_LOOP('',(#4122,#4123,#4124,#4125));
#2516=AXIS2_PLACEMENT_3D('',#4126,#4127,#4128);
#2517=SURFACE_SIDE_STYLE('',(#4129));
#2518=EDGE_LOOP('',(#4130,#4131,#4132,#4133));
#2519=AXIS2_PLACEMENT_3D('',#4134,#4135,#4136);
#2520=SURFACE_SIDE_STYLE('',(#4137));
#2521=EDGE_LOOP('',(#4138,#4139,#4140,#4141));
#2522=AXIS2_PLACEMENT_3D('',#4142,#4143,#4144);
#2523=SURFACE_SIDE_STYLE('',(#4145));
#2524=EDGE_LOOP('',(#4146,#4147,#4148,#4149,#4150,#4151,#4152,#4153,#4154,#4155,#4156,#4157,#4158,#4159,#4160,#4161,#4162,#4163,#4164,#4165,#4166,#4167,#4168,#4169,#4170,#4171,#4172,#4173,#4174,#4175,#4176,#4177,#4178));
#2525=AXIS2_PLACEMENT_3D('',#4179,#4180,#4181);
#2526=SURFACE_SIDE_STYLE('',(#4182));
#2527=EDGE_LOOP('',(#4183,#4184,#4185,#4186));
#2528=AXIS2_PLACEMENT_3D('',#4187,#4188,#4189);
#2529=SURFACE_SIDE_STYLE('',(#4190));
#2530=EDGE_LOOP('',(#4191,#4192,#4193,#4194));
#2531=AXIS2_PLACEMENT_3D('',#4195,#4196,#4197);
#2532=SURFACE_SIDE_STYLE('',(#4198));
#2533=EDGE_LOOP('',(#4199,#4200,#4201,#4202));
#2534=AXIS2_PLACEMENT_3D('',#4203,#4204,#4205);
#2535=SURFACE_SIDE_STYLE('',(#4206));
#2536=EDGE_LOOP('',(#4207,#4208,#4209,#4210));
#2537=AXIS2_PLACEMENT_3D('',#4211,#4212,#4213);
#2538=SURFACE_SIDE_STYLE('',(#4214));
#2539=EDGE_LOOP('',(#4215,#4216,#4217,#4218,#4219,#4220,#4221,#4222));
#2540=AXIS2_PLACEMENT_3D('',#4223,#4224,#4225);
#2541=SURFACE_SIDE_STYLE('',(#4226));
#2542=EDGE_LOOP('',(#4227,#4228,#4229,#4230,#4231,#4232,#4233,#4234,#4235,#4236));
#2543=EDGE_LOOP('',(#4237,#4238));
#2544=AXIS2_PLACEMENT_3D('',#4239,#4240,#4241);
#2545=SURFACE_SIDE_STYLE('',(#4242));
#2546=EDGE_LOOP('',(#4243,#4244,#4245,#4246));
#2547=AXIS2_PLACEMENT_3D('',#4247,#4248,#4249);
#2548=SURFACE_SIDE_STYLE('',(#4250));
#2549=EDGE_LOOP('',(#4251,#4252,#4253,#4254));
#2550=AXIS2_PLACEMENT_3D('',#4255,#4256,#4257);
#2551=SURFACE_SIDE_STYLE('',(#4258));
#2552=EDGE_LOOP('',(#4259,#4260,#4261,#4262,#4263));
#2553=AXIS2_PLACEMENT_3D('',#4264,#4265,#4266);
#2554=SURFACE_SIDE_STYLE('',(#4267));
#2555=EDGE_LOOP('',(#4268,#4269,#4270,#4271));
#2556=AXIS2_PLACEMENT_3D('',#4272,#4273,#4274);
#2557=SURFACE_SIDE_STYLE('',(#4275));
#2558=EDGE_LOOP('',(#4276,#4277,#4278,#4279,#4280));
#2559=AXIS2_PLACEMENT_3D('',#4281,#4282,#4283);
#2560=SURFACE_SIDE_STYLE('',(#4284));
#2561=EDGE_LOOP('',(#4285,#4286,#4287,#4288));
#2562=AXIS2_PLACEMENT_3D('',#4289,#4290,#4291);
#2563=SURFACE_SIDE_STYLE('',(#4292));
#2564=EDGE_LOOP('',(#4293,#4294,#4295,#4296));
#2565=AXIS2_PLACEMENT_3D('',#4297,#4298,#4299);
#2566=SURFACE_SIDE_STYLE('',(#4300));
#2567=EDGE_LOOP('',(#4301,#4302,#4303,#4304));
#2568=AXIS2_PLACEMENT_3D('',#4305,#4306,#4307);
#2569=SURFACE_SIDE_STYLE('',(#4308));
#2570=EDGE_LOOP('',(#4309,#4310,#4311,#4312,#4313,#4314,#4315,#4316,#4317,#4318,#4319,#4320));
#2571=EDGE_LOOP('',(#4321,#4322,#4323,#4324));
#2572=AXIS2_PLACEMENT_3D('',#4325,#4326,#4327);
#2573=SURFACE_SIDE_STYLE('',(#4328));
#2574=EDGE_LOOP('',(#4329,#4330,#4331,#4332,#4333,#4334));
#2575=AXIS2_PLACEMENT_3D('',#4335,#4336,#4337);
#2576=SURFACE_SIDE_STYLE('',(#4338));
#2577=EDGE_LOOP('',(#4339,#4340,#4341,#4342));
#2578=AXIS2_PLACEMENT_3D('',#4343,#4344,#4345);
#2579=SURFACE_SIDE_STYLE('',(#4346));
#2580=EDGE_LOOP('',(#4347,#4348,#4349,#4350,#4351,#4352,#4353,#4354));
#2581=AXIS2_PLACEMENT_3D('',#4355,#4356,#4357);
#2582=SURFACE_SIDE_STYLE('',(#4358));
#2583=EDGE_LOOP('',(#4359,#4360,#4361,#4362,#4363,#4364));
#2584=AXIS2_PLACEMENT_3D('',#4365,#4366,#4367);
#2585=SURFACE_SIDE_STYLE('',(#4368));
#2586=EDGE_LOOP('',(#4369,#4370,#4371,#4372));
#2587=AXIS2_PLACEMENT_3D('',#4373,#4374,#4375);
#2588=SURFACE_SIDE_STYLE('',(#4376));
#2589=EDGE_LOOP('',(#4377,#4378,#4379,#4380));
#2590=AXIS2_PLACEMENT_3D('',#4381,#4382,#4383);
#2591=SURFACE_SIDE_STYLE('',(#4384));
#2592=EDGE_LOOP('',(#4385,#4386,#4387,#4388,#4389,#4390,#4391,#4392,#4393,#4394,#4395,#4396,#4397,#4398,#4399,#4400,#4401,#4402,#4403,#4404,#4405,#4406,#4407,#4408,#4409,#4410,#4411,#4412,#4413,#4414,#4415,#4416,#4417));
#2593=AXIS2_PLACEMENT_3D('',#4418,#4419,#4420);
#2594=SURFACE_SIDE_STYLE('',(#4421));
#2595=EDGE_LOOP('',(#4422,#4423,#4424,#4425));
#2596=AXIS2_PLACEMENT_3D('',#4426,#4427,#4428);
#2597=SURFACE_SIDE_STYLE('',(#4429));
#2598=EDGE_LOOP('',(#4430,#4431,#4432,#4433));
#2599=AXIS2_PLACEMENT_3D('',#4434,#4435,#4436);
#2600=SURFACE_SIDE_STYLE('',(#4437));
#2601=EDGE_LOOP('',(#4438,#4439,#4440,#4441,#4442));
#2602=AXIS2_PLACEMENT_3D('',#4443,#4444,#4445);
#2603=SURFACE_SIDE_STYLE('',(#4446));
#2604=EDGE_LOOP('',(#4447,#4448,#4449,#4450,#4451,#4452));
#2605=AXIS2_PLACEMENT_3D('',#4453,#4454,#4455);
#2606=SURFACE_SIDE_STYLE('',(#4456));
#2607=EDGE_LOOP('',(#4457,#4458,#4459,#4460));
#2608=AXIS2_PLACEMENT_3D('',#4461,#4462,#4463);
#2609=SURFACE_SIDE_STYLE('',(#4464));
#2610=EDGE_LOOP('',(#4465,#4466,#4467,#4468));
#2611=AXIS2_PLACEMENT_3D('',#4469,#4470,#4471);
#2612=SURFACE_SIDE_STYLE('',(#4472));
#2613=EDGE_LOOP('',(#4473,#4474,#4475,#4476,#4477,#4478,#4479,#4480));
#2614=AXIS2_PLACEMENT_3D('',#4481,#4482,#4483);
#2615=SURFACE_SIDE_STYLE('',(#4484));
#2616=EDGE_LOOP('',(#4485,#4486,#4487,#4488));
#2617=AXIS2_PLACEMENT_3D('',#4489,#4490,#4491);
#2618=SURFACE_SIDE_STYLE('',(#4492));
#2619=EDGE_LOOP('',(#4493,#4494,#4495,#4496));
#2620=AXIS2_PLACEMENT_3D('',#4497,#4498,#4499);
#2621=SURFACE_SIDE_STYLE('',(#4500));
#2622=EDGE_LOOP('',(#4501,#4502,#4503,#4504));
#2623=AXIS2_PLACEMENT_3D('',#4505,#4506,#4507);
#2624=SURFACE_SIDE_STYLE('',(#4508));
#2625=EDGE_LOOP('',(#4509,#4510,#4511,#4512));
#2626=AXIS2_PLACEMENT_3D('',#4513,#4514,#4515);
#2627=SURFACE_SIDE_STYLE('',(#4516));
#2628=EDGE_LOOP('',(#4517,#4518,#4519,#4520));
#2629=AXIS2_PLACEMENT_3D('',#4521,#4522,#4523);
#2630=SURFACE_SIDE_STYLE('',(#4524));
#2631=EDGE_LOOP('',(#4525,#4526,#4527,#4528));
#2632=EDGE_LOOP('',(#4529,#4530,#4531,#4532));
#2633=AXIS2_PLACEMENT_3D('',#4533,#4534,#4535);
#2634=SURFACE_SIDE_STYLE('',(#4536));
#2635=EDGE_LOOP('',(#4537,#4538,#4539,#4540));
#2636=AXIS2_PLACEMENT_3D('',#4541,#4542,#4543);
#2637=SURFACE_SIDE_STYLE('',(#4544));
#2638=EDGE_LOOP('',(#4545,#4546,#4547,#4548,#4549,#4550));
#2639=AXIS2_PLACEMENT_3D('',#4551,#4552,#4553);
#2640=SURFACE_SIDE_STYLE('',(#4554));
#2641=EDGE_LOOP('',(#4555,#4556,#4557));
#2642=AXIS2_PLACEMENT_3D('',#4558,#4559,#4560);
#2643=SURFACE_SIDE_STYLE('',(#4561));
#2644=EDGE_LOOP('',(#4562,#4563,#4564,#4565));
#2645=AXIS2_PLACEMENT_3D('',#4566,#4567,#4568);
#2646=SURFACE_SIDE_STYLE('',(#4569));
#2647=EDGE_LOOP('',(#4570,#4571,#4572,#4573,#4574,#4575));
#2648=AXIS2_PLACEMENT_3D('',#4576,#4577,#4578);
#2649=SURFACE_SIDE_STYLE('',(#4579));
#2650=EDGE_LOOP('',(#4580,#4581,#4582,#4583));
#2651=AXIS2_PLACEMENT_3D('',#4584,#4585,#4586);
#2652=SURFACE_SIDE_STYLE('',(#4587));
#2653=EDGE_LOOP('',(#4588,#4589,#4590,#4591));
#2654=AXIS2_PLACEMENT_3D('',#4592,#4593,#4594);
#2655=SURFACE_SIDE_STYLE('',(#4595));
#2656=EDGE_LOOP('',(#4596,#4597,#4598,#4599,#4600));
#2657=AXIS2_PLACEMENT_3D('',#4601,#4602,#4603);
#2658=SURFACE_SIDE_STYLE('',(#4604));
#2659=EDGE_LOOP('',(#4605,#4606,#4607,#4608));
#2660=AXIS2_PLACEMENT_3D('',#4609,#4610,#4611);
#2661=SURFACE_SIDE_STYLE('',(#4612));
#2662=EDGE_LOOP('',(#4613,#4614,#4615,#4616));
#2663=AXIS2_PLACEMENT_3D('',#4617,#4618,#4619);
#2664=SURFACE_SIDE_STYLE('',(#4620));
#2665=EDGE_LOOP('',(#4621,#4622,#4623,#4624));
#2666=AXIS2_PLACEMENT_3D('',#4625,#4626,#4627);
#2667=SURFACE_SIDE_STYLE('',(#4628));
#2668=EDGE_LOOP('',(#4629,#4630,#4631,#4632));
#2669=AXIS2_PLACEMENT_3D('',#4633,#4634,#4635);
#2670=SURFACE_SIDE_STYLE('',(#4636));
#2671=EDGE_LOOP('',(#4637,#4638,#4639,#4640,#4641,#4642,#4643,#4644));
#2672=AXIS2_PLACEMENT_3D('',#4645,#4646,#4647);
#2673=SURFACE_SIDE_STYLE('',(#4648));
#2674=EDGE_LOOP('',(#4649,#4650,#4651,#4652));
#2675=AXIS2_PLACEMENT_3D('',#4653,#4654,#4655);
#2676=SURFACE_SIDE_STYLE('',(#4656));
#2677=EDGE_LOOP('',(#4657,#4658,#4659,#4660));
#2678=AXIS2_PLACEMENT_3D('',#4661,#4662,#4663);
#2679=SURFACE_SIDE_STYLE('',(#4664));
#2680=EDGE_LOOP('',(#4665,#4666,#4667,#4668));
#2681=AXIS2_PLACEMENT_3D('',#4669,#4670,#4671);
#2682=SURFACE_SIDE_STYLE('',(#4672));
#2683=EDGE_LOOP('',(#4673,#4674,#4675,#4676));
#2684=AXIS2_PLACEMENT_3D('',#4677,#4678,#4679);
#2685=SURFACE_SIDE_STYLE('',(#4680));
#2686=EDGE_LOOP('',(#4681,#4682,#4683,#4684,#4685));
#2687=AXIS2_PLACEMENT_3D('',#4686,#4687,#4688);
#2688=SURFACE_SIDE_STYLE('',(#4689));
#2689=EDGE_LOOP('',(#4690,#4691,#4692));
#2690=AXIS2_PLACEMENT_3D('',#4693,#4694,#4695);
#2691=SURFACE_SIDE_STYLE('',(#4696));
#2692=EDGE_LOOP('',(#4697,#4698,#4699,#4700));
#2693=AXIS2_PLACEMENT_3D('',#4701,#4702,#4703);
#2694=SURFACE_SIDE_STYLE('',(#4704));
#2695=EDGE_LOOP('',(#4705,#4706,#4707,#4708,#4709,#4710));
#2696=AXIS2_PLACEMENT_3D('',#4711,#4712,#4713);
#2697=SURFACE_SIDE_STYLE('',(#4714));
#2698=EDGE_LOOP('',(#4715,#4716,#4717));
#2699=AXIS2_PLACEMENT_3D('',#4718,#4719,#4720);
#2700=SURFACE_SIDE_STYLE('',(#4721));
#2701=EDGE_LOOP('',(#4722,#4723,#4724,#4725));
#2702=AXIS2_PLACEMENT_3D('',#4726,#4727,#4728);
#2703=SURFACE_SIDE_STYLE('',(#4729));
#2704=EDGE_LOOP('',(#4730,#4731,#4732,#4733));
#2705=AXIS2_PLACEMENT_3D('',#4734,#4735,#4736);
#2706=SURFACE_SIDE_STYLE('',(#4737));
#2707=EDGE_LOOP('',(#4738,#4739,#4740,#4741,#4742,#4743));
#2708=AXIS2_PLACEMENT_3D('',#4744,#4745,#4746);
#2709=SURFACE_SIDE_STYLE('',(#4747));
#2710=EDGE_LOOP('',(#4748,#4749,#4750,#4751,#4752,#4753,#4754,#4755,#4756,#4757,#4758,#4759,#4760,#4761,#4762,#4763,#4764,#4765,#4766,#4767,#4768,#4769,#4770,#4771,#4772,#4773,#4774,#4775,#4776,#4777,#4778,#4779,#4780));
#2711=AXIS2_PLACEMENT_3D('',#4781,#4782,#4783);
#2712=SURFACE_SIDE_STYLE('',(#4784));
#2713=EDGE_LOOP('',(#4785,#4786,#4787,#4788,#4789,#4790,#4791,#4792));
#2714=AXIS2_PLACEMENT_3D('',#4793,#4794,#4795);
#2715=SURFACE_SIDE_STYLE('',(#4796));
#2716=EDGE_LOOP('',(#4797,#4798,#4799,#4800,#4801));
#2717=AXIS2_PLACEMENT_3D('',#4802,#4803,#4804);
#2718=SURFACE_SIDE_STYLE('',(#4805));
#2719=EDGE_LOOP('',(#4806,#4807,#4808,#4809,#4810));
#2720=AXIS2_PLACEMENT_3D('',#4811,#4812,#4813);
#2721=SURFACE_SIDE_STYLE('',(#4814));
#2722=EDGE_LOOP('',(#4815,#4816,#4817,#4818));
#2723=AXIS2_PLACEMENT_3D('',#4819,#4820,#4821);
#2724=SURFACE_SIDE_STYLE('',(#4822));
#2725=EDGE_LOOP('',(#4823,#4824,#4825,#4826));
#2726=AXIS2_PLACEMENT_3D('',#4827,#4828,#4829);
#2727=SURFACE_SIDE_STYLE('',(#4830));
#2728=EDGE_LOOP('',(#4831,#4832,#4833,#4834));
#2729=AXIS2_PLACEMENT_3D('',#4835,#4836,#4837);
#2730=SURFACE_SIDE_STYLE('',(#4838));
#2731=EDGE_LOOP('',(#4839,#4840,#4841,#4842));
#2732=AXIS2_PLACEMENT_3D('',#4843,#4844,#4845);
#2733=SURFACE_SIDE_STYLE('',(#4846));
#2734=EDGE_LOOP('',(#4847,#4848,#4849,#4850));
#2735=AXIS2_PLACEMENT_3D('',#4851,#4852,#4853);
#2736=SURFACE_SIDE_STYLE('',(#4854));
#2737=EDGE_LOOP('',(#4855,#4856,#4857,#4858,#4859));
#2738=AXIS2_PLACEMENT_3D('',#4860,#4861,#4862);
#2739=SURFACE_SIDE_STYLE('',(#4863));
#2740=EDGE_LOOP('',(#4864,#4865,#4866,#4867));
#2741=AXIS2_PLACEMENT_3D('',#4868,#4869,#4870);
#2742=SURFACE_SIDE_STYLE('',(#4871));
#2743=EDGE_LOOP('',(#4872,#4873,#4874,#4875));
#2744=AXIS2_PLACEMENT_3D('',#4876,#4877,#4878);
#2745=SURFACE_SIDE_STYLE('',(#4879));
#2746=EDGE_LOOP('',(#4880,#4881,#4882,#4883,#4884,#4885,#4886,#4887));
#2747=AXIS2_PLACEMENT_3D('',#4888,#4889,#4890);
#2748=SURFACE_SIDE_STYLE('',(#4891));
#2749=EDGE_LOOP('',(#4892,#4893,#4894,#4895,#4896,#4897));
#2750=AXIS2_PLACEMENT_3D('',#4898,#4899,#4900);
#2751=SURFACE_SIDE_STYLE('',(#4901));
#2752=EDGE_LOOP('',(#4902,#4903,#4904,#4905,#4906,#4907));
#2753=AXIS2_PLACEMENT_3D('',#4908,#4909,#4910);
#2754=SURFACE_SIDE_STYLE('',(#4911));
#2755=EDGE_LOOP('',(#4912,#4913,#4914,#4915));
#2756=AXIS2_PLACEMENT_3D('',#4916,#4917,#4918);
#2757=SURFACE_SIDE_STYLE('',(#4919));
#2758=EDGE_LOOP('',(#4920,#4921,#4922,#4923));
#2759=AXIS2_PLACEMENT_3D('',#4924,#4925,#4926);
#2760=SURFACE_SIDE_STYLE('',(#4927));
#2761=EDGE_LOOP('',(#4928,#4929,#4930,#4931));
#2762=AXIS2_PLACEMENT_3D('',#4932,#4933,#4934);
#2763=SURFACE_SIDE_STYLE('',(#4935));
#2764=EDGE_LOOP('',(#4936,#4937,#4938,#4939,#4940));
#2765=AXIS2_PLACEMENT_3D('',#4941,#4942,#4943);
#2766=SURFACE_SIDE_STYLE('',(#4944));
#2767=EDGE_LOOP('',(#4945,#4946,#4947,#4948));
#2768=AXIS2_PLACEMENT_3D('',#4949,#4950,#4951);
#2769=SURFACE_SIDE_STYLE('',(#4952));
#2770=EDGE_LOOP('',(#4953,#4954,#4955,#4956));
#2771=AXIS2_PLACEMENT_3D('',#4957,#4958,#4959);
#2772=SURFACE_SIDE_STYLE('',(#4960));
#2773=EDGE_LOOP('',(#4961,#4962,#4963,#4964));
#2774=AXIS2_PLACEMENT_3D('',#4965,#4966,#4967);
#2775=SURFACE_SIDE_STYLE('',(#4968));
#2776=EDGE_LOOP('',(#4969,#4970,#4971,#4972,#4973,#4974,#4975,#4976));
#2777=AXIS2_PLACEMENT_3D('',#4977,#4978,#4979);
#2778=SURFACE_SIDE_STYLE('',(#4980));
#2779=EDGE_LOOP('',(#4981,#4982,#4983,#4984,#4985));
#2780=AXIS2_PLACEMENT_3D('',#4986,#4987,#4988);
#2781=SURFACE_SIDE_STYLE('',(#4989));
#2782=EDGE_LOOP('',(#4990,#4991,#4992,#4993));
#2783=AXIS2_PLACEMENT_3D('',#4994,#4995,#4996);
#2784=SURFACE_SIDE_STYLE('',(#4997));
#2785=EDGE_LOOP('',(#4998,#4999,#5000,#5001));
#2786=AXIS2_PLACEMENT_3D('',#5002,#5003,#5004);
#2787=SURFACE_SIDE_STYLE('',(#5005));
#2788=EDGE_LOOP('',(#5006,#5007,#5008,#5009));
#2789=AXIS2_PLACEMENT_3D('',#5010,#5011,#5012);
#2790=SURFACE_SIDE_STYLE('',(#5013));
#2791=EDGE_LOOP('',(#5014,#5015,#5016,#5017));
#2792=AXIS2_PLACEMENT_3D('',#5018,#5019,#5020);
#2793=SURFACE_SIDE_STYLE('',(#5021));
#2794=EDGE_LOOP('',(#5022,#5023,#5024,#5025));
#2795=AXIS2_PLACEMENT_3D('',#5026,#5027,#5028);
#2796=SURFACE_SIDE_STYLE('',(#5029));
#2797=EDGE_LOOP('',(#5030,#5031,#5032,#5033));
#2798=AXIS2_PLACEMENT_3D('',#5034,#5035,#5036);
#2799=SURFACE_SIDE_STYLE('',(#5037));
#2800=EDGE_LOOP('',(#5038,#5039,#5040,#5041));
#2801=AXIS2_PLACEMENT_3D('',#5042,#5043,#5044);
#2802=SURFACE_SIDE_STYLE('',(#5045));
#2803=EDGE_LOOP('',(#5046,#5047,#5048,#5049,#5050,#5051,#5052,#5053));
#2804=AXIS2_PLACEMENT_3D('',#5054,#5055,#5056);
#2805=SURFACE_SIDE_STYLE('',(#5057));
#2806=EDGE_LOOP('',(#5058,#5059,#5060,#5061,#5062,#5063,#5064,#5065,#5066));
#2807=AXIS2_PLACEMENT_3D('',#5067,#5068,#5069);
#2808=SURFACE_SIDE_STYLE('',(#5070));
#2809=EDGE_LOOP('',(#5071,#5072,#5073,#5074,#5075,#5076));
#2810=AXIS2_PLACEMENT_3D('',#5077,#5078,#5079);
#2811=SURFACE_SIDE_STYLE('',(#5080));
#2812=EDGE_LOOP('',(#5081,#5082,#5083,#5084));
#2813=AXIS2_PLACEMENT_3D('',#5085,#5086,#5087);
#2814=SURFACE_SIDE_STYLE('',(#5088));
#2815=EDGE_LOOP('',(#5089,#5090,#5091,#5092,#5093,#5094));
#2816=AXIS2_PLACEMENT_3D('',#5095,#5096,#5097);
#2817=SURFACE_SIDE_STYLE('',(#5098));
#2818=EDGE_LOOP('',(#5099,#5100,#5101,#5102,#5103));
#2819=AXIS2_PLACEMENT_3D('',#5104,#5105,#5106);
#2820=SURFACE_SIDE_STYLE('',(#5107));
#2821=EDGE_LOOP('',(#5108,#5109,#5110,#5111));
#2822=AXIS2_PLACEMENT_3D('',#5112,#5113,#5114);
#2823=SURFACE_SIDE_STYLE('',(#5115));
#2824=EDGE_LOOP('',(#5116,#5117,#5118,#5119,#5120,#5121,#5122,#5123));
#2825=AXIS2_PLACEMENT_3D('',#5124,#5125,#5126);
#2826=SURFACE_SIDE_STYLE('',(#5127));
#2827=EDGE_LOOP('',(#5128,#5129,#5130,#5131));
#2828=AXIS2_PLACEMENT_3D('',#5132,#5133,#5134);
#2829=SURFACE_SIDE_STYLE('',(#5135));
#2830=EDGE_LOOP('',(#5136,#5137,#5138,#5139,#5140));
#2831=AXIS2_PLACEMENT_3D('',#5141,#5142,#5143);
#2832=SURFACE_SIDE_STYLE('',(#5144));
#2833=EDGE_LOOP('',(#5145,#5146,#5147,#5148,#5149,#5150));
#2834=AXIS2_PLACEMENT_3D('',#5151,#5152,#5153);
#2835=SURFACE_SIDE_STYLE('',(#5154));
#2836=EDGE_LOOP('',(#5155,#5156,#5157,#5158));
#2837=AXIS2_PLACEMENT_3D('',#5159,#5160,#5161);
#2838=SURFACE_SIDE_STYLE('',(#5162));
#2839=EDGE_LOOP('',(#5163,#5164,#5165,#5166));
#2840=AXIS2_PLACEMENT_3D('',#5167,#5168,#5169);
#2841=SURFACE_SIDE_STYLE('',(#5170));
#2842=EDGE_LOOP('',(#5171,#5172,#5173,#5174));
#2843=AXIS2_PLACEMENT_3D('',#5175,#5176,#5177);
#2844=SURFACE_SIDE_STYLE('',(#5178));
#2845=EDGE_LOOP('',(#5179,#5180,#5181,#5182));
#2846=AXIS2_PLACEMENT_3D('',#5183,#5184,#5185);
#2847=SURFACE_SIDE_STYLE('',(#5186));
#2848=EDGE_LOOP('',(#5187,#5188,#5189,#5190));
#2849=AXIS2_PLACEMENT_3D('',#5191,#5192,#5193);
#2850=SURFACE_SIDE_STYLE('',(#5194));
#2851=EDGE_LOOP('',(#5195,#5196,#5197,#5198));
#2852=AXIS2_PLACEMENT_3D('',#5199,#5200,#5201);
#2853=SURFACE_SIDE_STYLE('',(#5202));
#2854=EDGE_LOOP('',(#5203,#5204,#5205,#5206));
#2855=AXIS2_PLACEMENT_3D('',#5207,#5208,#5209);
#2856=SURFACE_SIDE_STYLE('',(#5210));
#2857=EDGE_LOOP('',(#5211,#5212,#5213,#5214,#5215));
#2858=AXIS2_PLACEMENT_3D('',#5216,#5217,#5218);
#2859=SURFACE_SIDE_STYLE('',(#5219));
#2860=EDGE_LOOP('',(#5220,#5221,#5222,#5223,#5224,#5225));
#2861=AXIS2_PLACEMENT_3D('',#5226,#5227,#5228);
#2862=SURFACE_SIDE_STYLE('',(#5229));
#2863=EDGE_LOOP('',(#5230,#5231,#5232,#5233));
#2864=AXIS2_PLACEMENT_3D('',#5234,#5235,#5236);
#2865=SURFACE_SIDE_STYLE('',(#5237));
#2866=EDGE_LOOP('',(#5238,#5239,#5240,#5241));
#2867=AXIS2_PLACEMENT_3D('',#5242,#5243,#5244);
#2868=SURFACE_SIDE_STYLE('',(#5245));
#2869=EDGE_LOOP('',(#5246,#5247,#5248,#5249,#5250));
#2870=AXIS2_PLACEMENT_3D('',#5251,#5252,#5253);
#2871=SURFACE_SIDE_STYLE('',(#5254));
#2872=EDGE_LOOP('',(#5255,#5256,#5257,#5258,#5259,#5260,#5261,#5262));
#2873=AXIS2_PLACEMENT_3D('',#5263,#5264,#5265);
#2874=SURFACE_SIDE_STYLE('',(#5266));
#2875=EDGE_LOOP('',(#5267,#5268,#5269,#5270));
#2876=AXIS2_PLACEMENT_3D('',#5271,#5272,#5273);
#2877=SURFACE_SIDE_STYLE('',(#5274));
#2878=EDGE_LOOP('',(#5275,#5276,#5277,#5278));
#2879=AXIS2_PLACEMENT_3D('',#5279,#5280,#5281);
#2880=SURFACE_SIDE_STYLE('',(#5282));
#2881=EDGE_LOOP('',(#5283,#5284,#5285,#5286));
#2882=AXIS2_PLACEMENT_3D('',#5287,#5288,#5289);
#2883=SURFACE_SIDE_STYLE('',(#5290));
#2884=EDGE_LOOP('',(#5291,#5292,#5293,#5294));
#2885=AXIS2_PLACEMENT_3D('',#5295,#5296,#5297);
#2886=SURFACE_SIDE_STYLE('',(#5298));
#2887=EDGE_LOOP('',(#5299,#5300,#5301,#5302));
#2888=AXIS2_PLACEMENT_3D('',#5303,#5304,#5305);
#2889=SURFACE_SIDE_STYLE('',(#5306));
#2890=EDGE_LOOP('',(#5307,#5308,#5309,#5310));
#2891=AXIS2_PLACEMENT_3D('',#5311,#5312,#5313);
#2892=SURFACE_SIDE_STYLE('',(#5314));
#2893=EDGE_LOOP('',(#5315,#5316,#5317));
#2894=AXIS2_PLACEMENT_3D('',#5318,#5319,#5320);
#2895=SURFACE_SIDE_STYLE('',(#5321));
#2896=EDGE_LOOP('',(#5322,#5323,#5324,#5325));
#2897=AXIS2_PLACEMENT_3D('',#5326,#5327,#5328);
#2898=SURFACE_SIDE_STYLE('',(#5329));
#2899=EDGE_LOOP('',(#5330,#5331,#5332,#5333));
#2900=AXIS2_PLACEMENT_3D('',#5334,#5335,#5336);
#2901=SURFACE_SIDE_STYLE('',(#5337));
#2902=EDGE_LOOP('',(#5338,#5339,#5340,#5341,#5342,#5343,#5344,#5345));
#2903=AXIS2_PLACEMENT_3D('',#5346,#5347,#5348);
#2904=SURFACE_SIDE_STYLE('',(#5349));
#2905=EDGE_LOOP('',(#5350,#5351,#5352,#5353,#5354,#5355));
#2906=AXIS2_PLACEMENT_3D('',#5356,#5357,#5358);
#2907=SURFACE_SIDE_STYLE('',(#5359));
#2908=EDGE_LOOP('',(#5360,#5361,#5362,#5363));
#2909=AXIS2_PLACEMENT_3D('',#5364,#5365,#5366);
#2910=SURFACE_SIDE_STYLE('',(#5367));
#2911=EDGE_LOOP('',(#5368,#5369,#5370,#5371));
#2912=AXIS2_PLACEMENT_3D('',#5372,#5373,#5374);
#2913=SURFACE_SIDE_STYLE('',(#5375));
#2914=EDGE_LOOP('',(#5376,#5377,#5378,#5379,#5380,#5381,#5382,#5383,#5384,#5385,#5386,#5387,#5388,#5389,#5390,#5391,#5392,#5393,#5394,#5395,#5396,#5397,#5398,#5399,#5400,#5401,#5402,#5403,#5404,#5405,#5406,#5407,#5408));
#2915=AXIS2_PLACEMENT_3D('',#5409,#5410,#5411);
#2916=SURFACE_SIDE_STYLE('',(#5412));
#2917=EDGE_LOOP('',(#5413,#5414,#5415,#5416,#5417));
#2918=AXIS2_PLACEMENT_3D('',#5418,#5419,#5420);
#2919=SURFACE_SIDE_STYLE('',(#5421));
#2920=EDGE_LOOP('',(#5422,#5423,#5424,#5425));
#2921=AXIS2_PLACEMENT_3D('',#5426,#5427,#5428);
#2922=SURFACE_SIDE_STYLE('',(#5429));
#2923=EDGE_LOOP('',(#5430,#5431,#5432,#5433,#5434,#5435,#5436,#5437,#5438));
#2924=AXIS2_PLACEMENT_3D('',#5439,#5440,#5441);
#2925=SURFACE_SIDE_STYLE('',(#5442));
#2926=EDGE_LOOP('',(#5443,#5444,#5445,#5446,#5447,#5448,#5449,#5450));
#2927=AXIS2_PLACEMENT_3D('',#5451,#5452,#5453);
#2928=SURFACE_SIDE_STYLE('',(#5454));
#2929=EDGE_LOOP('',(#5455,#5456,#5457,#5458,#5459,#5460));
#2930=AXIS2_PLACEMENT_3D('',#5461,#5462,#5463);
#2931=SURFACE_SIDE_STYLE('',(#5464));
#2932=EDGE_LOOP('',(#5465,#5466,#5467,#5468));
#2933=AXIS2_PLACEMENT_3D('',#5469,#5470,#5471);
#2934=SURFACE_SIDE_STYLE('',(#5472));
#2935=EDGE_LOOP('',(#5473,#5474,#5475,#5476,#5477,#5478,#5479,#5480));
#2936=AXIS2_PLACEMENT_3D('',#5481,#5482,#5483);
#2937=SURFACE_SIDE_STYLE('',(#5484));
#2938=EDGE_LOOP('',(#5485,#5486,#5487,#5488,#5489,#5490));
#2939=AXIS2_PLACEMENT_3D('',#5491,#5492,#5493);
#2940=SURFACE_SIDE_STYLE('',(#5494));
#2941=EDGE_LOOP('',(#5495,#5496,#5497,#5498,#5499,#5500));
#2942=AXIS2_PLACEMENT_3D('',#5501,#5502,#5503);
#2943=SURFACE_SIDE_STYLE('',(#5504));
#2944=EDGE_LOOP('',(#5505,#5506,#5507,#5508,#5509));
#2945=AXIS2_PLACEMENT_3D('',#5510,#5511,#5512);
#2946=SURFACE_SIDE_STYLE('',(#5513));
#2947=EDGE_LOOP('',(#5514,#5515,#5516,#5517));
#2948=AXIS2_PLACEMENT_3D('',#5518,#5519,#5520);
#2949=SURFACE_SIDE_STYLE('',(#5521));
#2950=EDGE_LOOP('',(#5522,#5523,#5524,#5525));
#2951=AXIS2_PLACEMENT_3D('',#5526,#5527,#5528);
#2952=SURFACE_SIDE_STYLE('',(#5529));
#2953=EDGE_LOOP('',(#5530,#5531,#5532));
#2954=AXIS2_PLACEMENT_3D('',#5533,#5534,#5535);
#2955=SURFACE_SIDE_STYLE('',(#5536));
#2956=EDGE_LOOP('',(#5537,#5538,#5539,#5540));
#2957=AXIS2_PLACEMENT_3D('',#5541,#5542,#5543);
#2958=SURFACE_SIDE_STYLE('',(#5544));
#2959=EDGE_LOOP('',(#5545,#5546,#5547,#5548));
#2960=AXIS2_PLACEMENT_3D('',#5549,#5550,#5551);
#2961=SURFACE_SIDE_STYLE('',(#5552));
#2962=EDGE_LOOP('',(#5553,#5554,#5555,#5556));
#2963=AXIS2_PLACEMENT_3D('',#5557,#5558,#5559);
#2964=SURFACE_SIDE_STYLE('',(#5560));
#2965=EDGE_LOOP('',(#5561,#5562,#5563,#5564,#5565,#5566,#5567,#5568,#5569,#5570,#5571,#5572));
#2966=EDGE_LOOP('',(#5573,#5574,#5575,#5576));
#2967=AXIS2_PLACEMENT_3D('',#5577,#5578,#5579);
#2968=SURFACE_SIDE_STYLE('',(#5580));
#2969=EDGE_LOOP('',(#5581,#5582,#5583,#5584));
#2970=AXIS2_PLACEMENT_3D('',#5585,#5586,#5587);
#2971=SURFACE_SIDE_STYLE('',(#5588));
#2972=EDGE_LOOP('',(#5589,#5590,#5591,#5592));
#2973=AXIS2_PLACEMENT_3D('',#5593,#5594,#5595);
#2974=SURFACE_SIDE_STYLE('',(#5596));
#2975=EDGE_LOOP('',(#5597,#5598,#5599,#5600));
#2976=AXIS2_PLACEMENT_3D('',#5601,#5602,#5603);
#2977=SURFACE_SIDE_STYLE('',(#5604));
#2978=EDGE_LOOP('',(#5605,#5606,#5607,#5608,#5609));
#2979=AXIS2_PLACEMENT_3D('',#5610,#5611,#5612);
#2980=SURFACE_SIDE_STYLE('',(#5613));
#2981=EDGE_LOOP('',(#5614,#5615,#5616,#5617,#5618));
#2982=AXIS2_PLACEMENT_3D('',#5619,#5620,#5621);
#2983=SURFACE_SIDE_STYLE('',(#5622));
#2984=EDGE_LOOP('',(#5623,#5624,#5625,#5626));
#2985=AXIS2_PLACEMENT_3D('',#5627,#5628,#5629);
#2986=SURFACE_SIDE_STYLE('',(#5630));
#2987=EDGE_LOOP('',(#5631,#5632,#5633,#5634));
#2988=AXIS2_PLACEMENT_3D('',#5635,#5636,#5637);
#2989=SURFACE_SIDE_STYLE('',(#5638));
#2990=EDGE_LOOP('',(#5639,#5640,#5641,#5642));
#2991=AXIS2_PLACEMENT_3D('',#5643,#5644,#5645);
#2992=SURFACE_SIDE_STYLE('',(#5646));
#2993=EDGE_LOOP('',(#5647,#5648,#5649,#5650));
#2994=AXIS2_PLACEMENT_3D('',#5651,#5652,#5653);
#2995=SURFACE_SIDE_STYLE('',(#5654));
#2996=EDGE_LOOP('',(#5655,#5656,#5657,#5658));
#2997=AXIS2_PLACEMENT_3D('',#5659,#5660,#5661);
#2998=SURFACE_SIDE_STYLE('',(#5662));
#2999=EDGE_LOOP('',(#5663,#5664,#5665,#5666));
#3000=AXIS2_PLACEMENT_3D('',#5667,#5668,#5669);
#3001=SURFACE_SIDE_STYLE('',(#5670));
#3002=EDGE_LOOP('',(#5671,#5672,#5673,#5674,#5675,#5676));
#3003=AXIS2_PLACEMENT_3D('',#5677,#5678,#5679);
#3004=SURFACE_SIDE_STYLE('',(#5680));
#3005=EDGE_LOOP('',(#5681,#5682,#5683,#5684));
#3006=AXIS2_PLACEMENT_3D('',#5685,#5686,#5687);
#3007=SURFACE_SIDE_STYLE('',(#5688));
#3008=EDGE_LOOP('',(#5689,#5690,#5691,#5692,#5693,#5694,#5695,#5696));
#3009=AXIS2_PLACEMENT_3D('',#5697,#5698,#5699);
#3010=SURFACE_SIDE_STYLE('',(#5700));
#3011=EDGE_LOOP('',(#5701,#5702,#5703,#5704,#5705,#5706,#5707,#5708));
#3012=AXIS2_PLACEMENT_3D('',#5709,#5710,#5711);
#3013=SURFACE_SIDE_STYLE('',(#5712));
#3014=EDGE_LOOP('',(#5713,#5714,#5715,#5716,#5717));
#3015=AXIS2_PLACEMENT_3D('',#5718,#5719,#5720);
#3016=SURFACE_SIDE_STYLE('',(#5721));
#3017=EDGE_LOOP('',(#5722,#5723,#5724,#5725));
#3018=AXIS2_PLACEMENT_3D('',#5726,#5727,#5728);
#3019=SURFACE_SIDE_STYLE('',(#5729));
#3020=EDGE_LOOP('',(#5730,#5731,#5732,#5733));
#3021=AXIS2_PLACEMENT_3D('',#5734,#5735,#5736);
#3022=SURFACE_SIDE_STYLE('',(#5737));
#3023=EDGE_LOOP('',(#5738,#5739,#5740,#5741));
#3024=AXIS2_PLACEMENT_3D('',#5742,#5743,#5744);
#3025=SURFACE_SIDE_STYLE('',(#5745));
#3026=EDGE_LOOP('',(#5746,#5747,#5748,#5749));
#3027=AXIS2_PLACEMENT_3D('',#5750,#5751,#5752);
#3028=SURFACE_SIDE_STYLE('',(#5753));
#3029=EDGE_LOOP('',(#5754,#5755,#5756,#5757));
#3030=AXIS2_PLACEMENT_3D('',#5758,#5759,#5760);
#3031=SURFACE_SIDE_STYLE('',(#5761));
#3032=EDGE_LOOP('',(#5762,#5763,#5764,#5765,#5766));
#3033=AXIS2_PLACEMENT_3D('',#5767,#5768,#5769);
#3034=SURFACE_SIDE_STYLE('',(#5770));
#3035=EDGE_LOOP('',(#5771,#5772,#5773,#5774,#5775));
#3036=AXIS2_PLACEMENT_3D('',#5776,#5777,#5778);
#3037=SURFACE_SIDE_STYLE('',(#5779));
#3038=EDGE_LOOP('',(#5780,#5781,#5782,#5783,#5784));
#3039=AXIS2_PLACEMENT_3D('',#5785,#5786,#5787);
#3040=SURFACE_SIDE_STYLE('',(#5788));
#3041=EDGE_LOOP('',(#5789,#5790,#5791));
#3042=AXIS2_PLACEMENT_3D('',#5792,#5793,#5794);
#3043=SURFACE_SIDE_STYLE('',(#5795));
#3044=EDGE_LOOP('',(#5796,#5797,#5798,#5799));
#3045=AXIS2_PLACEMENT_3D('',#5800,#5801,#5802);
#3046=SURFACE_SIDE_STYLE('',(#5803));
#3047=EDGE_LOOP('',(#5804,#5805,#5806,#5807));
#3048=AXIS2_PLACEMENT_3D('',#5808,#5809,#5810);
#3049=SURFACE_SIDE_STYLE('',(#5811));
#3050=EDGE_LOOP('',(#5812,#5813,#5814,#5815));
#3051=AXIS2_PLACEMENT_3D('',#5816,#5817,#5818);
#3052=SURFACE_SIDE_STYLE('',(#5819));
#3053=EDGE_LOOP('',(#5820,#5821,#5822,#5823));
#3054=AXIS2_PLACEMENT_3D('',#5824,#5825,#5826);
#3055=SURFACE_SIDE_STYLE('',(#5827));
#3056=EDGE_LOOP('',(#5828,#5829,#5830,#5831));
#3057=AXIS2_PLACEMENT_3D('',#5832,#5833,#5834);
#3058=SURFACE_SIDE_STYLE('',(#5835));
#3059=EDGE_LOOP('',(#5836,#5837,#5838,#5839,#5840,#5841,#5842,#5843));
#3060=AXIS2_PLACEMENT_3D('',#5844,#5845,#5846);
#3061=SURFACE_SIDE_STYLE('',(#5847));
#3062=EDGE_LOOP('',(#5848,#5849,#5850,#5851));
#3063=AXIS2_PLACEMENT_3D('',#5852,#5853,#5854);
#3064=SURFACE_SIDE_STYLE('',(#5855));
#3065=EDGE_LOOP('',(#5856,#5857,#5858,#5859));
#3066=AXIS2_PLACEMENT_3D('',#5860,#5861,#5862);
#3067=SURFACE_SIDE_STYLE('',(#5863));
#3068=EDGE_LOOP('',(#5864,#5865,#5866,#5867));
#3069=AXIS2_PLACEMENT_3D('',#5868,#5869,#5870);
#3070=SURFACE_SIDE_STYLE('',(#5871));
#3071=EDGE_LOOP('',(#5872,#5873,#5874,#5875,#5876,#5877,#5878,#5879,#5880,#5881,#5882,#5883,#5884,#5885,#5886,#5887,#5888,#5889,#5890,#5891,#5892,#5893,#5894,#5895,#5896,#5897,#5898,#5899,#5900,#5901,#5902,#5903,#5904));
#3072=AXIS2_PLACEMENT_3D('',#5905,#5906,#5907);
#3073=SURFACE_SIDE_STYLE('',(#5908));
#3074=EDGE_LOOP('',(#5909,#5910,#5911,#5912));
#3075=AXIS2_PLACEMENT_3D('',#5913,#5914,#5915);
#3076=SURFACE_SIDE_STYLE('',(#5916));
#3077=EDGE_LOOP('',(#5917,#5918,#5919,#5920));
#3078=AXIS2_PLACEMENT_3D('',#5921,#5922,#5923);
#3079=SURFACE_SIDE_STYLE('',(#5924));
#3080=EDGE_LOOP('',(#5925,#5926,#5927,#5928));
#3081=AXIS2_PLACEMENT_3D('',#5929,#5930,#5931);
#3082=SURFACE_SIDE_STYLE('',(#5932));
#3083=EDGE_LOOP('',(#5933,#5934,#5935,#5936));
#3084=AXIS2_PLACEMENT_3D('',#5937,#5938,#5939);
#3085=SURFACE_SIDE_STYLE('',(#5940));
#3086=EDGE_LOOP('',(#5941,#5942,#5943,#5944,#5945,#5946,#5947,#5948));
#3087=AXIS2_PLACEMENT_3D('',#5949,#5950,#5951);
#3088=SURFACE_SIDE_STYLE('',(#5952));
#3089=EDGE_LOOP('',(#5953,#5954,#5955,#5956,#5957,#5958,#5959,#5960,#5961,#5962));
#3090=EDGE_LOOP('',(#5963,#5964));
#3091=AXIS2_PLACEMENT_3D('',#5965,#5966,#5967);
#3092=SURFACE_SIDE_STYLE('',(#5968));
#3093=EDGE_LOOP('',(#5969,#5970,#5971,#5972));
#3094=AXIS2_PLACEMENT_3D('',#5973,#5974,#5975);
#3095=SURFACE_SIDE_STYLE('',(#5976));
#3096=EDGE_LOOP('',(#5977,#5978,#5979,#5980));
#3097=AXIS2_PLACEMENT_3D('',#5981,#5982,#5983);
#3098=SURFACE_SIDE_STYLE('',(#5984));
#3099=EDGE_LOOP('',(#5985,#5986,#5987,#5988,#5989));
#3100=AXIS2_PLACEMENT_3D('',#5990,#5991,#5992);
#3101=SURFACE_SIDE_STYLE('',(#5993));
#3102=EDGE_LOOP('',(#5994,#5995,#5996,#5997));
#3103=AXIS2_PLACEMENT_3D('',#5998,#5999,#6000);
#3104=SURFACE_SIDE_STYLE('',(#6001));
#3105=EDGE_LOOP('',(#6002,#6003,#6004,#6005,#6006));
#3106=AXIS2_PLACEMENT_3D('',#6007,#6008,#6009);
#3107=SURFACE_SIDE_STYLE('',(#6010));
#3108=EDGE_LOOP('',(#6011,#6012,#6013,#6014));
#3109=AXIS2_PLACEMENT_3D('',#6015,#6016,#6017);
#3110=SURFACE_SIDE_STYLE('',(#6018));
#3111=EDGE_LOOP('',(#6019,#6020,#6021,#6022));
#3112=AXIS2_PLACEMENT_3D('',#6023,#6024,#6025);
#3113=SURFACE_SIDE_STYLE('',(#6026));
#3114=EDGE_LOOP('',(#6027,#6028,#6029,#6030));
#3115=AXIS2_PLACEMENT_3D('',#6031,#6032,#6033);
#3116=SURFACE_SIDE_STYLE('',(#6034));
#3117=EDGE_LOOP('',(#6035,#6036,#6037,#6038,#6039,#6040,#6041,#6042,#6043,#6044,#6045,#6046));
#3118=EDGE_LOOP('',(#6047,#6048,#6049,#6050));
#3119=AXIS2_PLACEMENT_3D('',#6051,#6052,#6053);
#3120=SURFACE_SIDE_STYLE('',(#6054));
#3121=EDGE_LOOP('',(#6055,#6056,#6057,#6058,#6059,#6060));
#3122=AXIS2_PLACEMENT_3D('',#6061,#6062,#6063);
#3123=SURFACE_SIDE_STYLE('',(#6064));
#3124=EDGE_LOOP('',(#6065,#6066,#6067,#6068));
#3125=AXIS2_PLACEMENT_3D('',#6069,#6070,#6071);
#3126=SURFACE_SIDE_STYLE('',(#6072));
#3127=EDGE_LOOP('',(#6073,#6074,#6075,#6076,#6077,#6078,#6079,#6080));
#3128=AXIS2_PLACEMENT_3D('',#6081,#6082,#6083);
#3129=SURFACE_SIDE_STYLE('',(#6084));
#3130=EDGE_LOOP('',(#6085,#6086,#6087,#6088,#6089,#6090));
#3131=AXIS2_PLACEMENT_3D('',#6091,#6092,#6093);
#3132=SURFACE_SIDE_STYLE('',(#6094));
#3133=EDGE_LOOP('',(#6095,#6096,#6097,#6098));
#3134=AXIS2_PLACEMENT_3D('',#6099,#6100,#6101);
#3135=SURFACE_SIDE_STYLE('',(#6102));
#3136=EDGE_LOOP('',(#6103,#6104,#6105,#6106));
#3137=AXIS2_PLACEMENT_3D('',#6107,#6108,#6109);
#3138=SURFACE_SIDE_STYLE('',(#6110));
#3139=EDGE_LOOP('',(#6111,#6112,#6113,#6114,#6115,#6116,#6117,#6118,#6119,#6120,#6121,#6122,#6123,#6124,#6125,#6126,#6127,#6128,#6129,#6130,#6131,#6132,#6133,#6134,#6135,#6136,#6137,#6138,#6139,#6140,#6141,#6142,#6143));
#3140=AXIS2_PLACEMENT_3D('',#6144,#6145,#6146);
#3141=SURFACE_SIDE_STYLE('',(#6147));
#3142=EDGE_LOOP('',(#6148,#6149,#6150,#6151));
#3143=AXIS2_PLACEMENT_3D('',#6152,#6153,#6154);
#3144=SURFACE_SIDE_STYLE('',(#6155));
#3145=EDGE_LOOP('',(#6156,#6157,#6158,#6159));
#3146=AXIS2_PLACEMENT_3D('',#6160,#6161,#6162);
#3147=SURFACE_SIDE_STYLE('',(#6163));
#3148=EDGE_LOOP('',(#6164,#6165,#6166,#6167,#6168));
#3149=AXIS2_PLACEMENT_3D('',#6169,#6170,#6171);
#3150=SURFACE_SIDE_STYLE('',(#6172));
#3151=EDGE_LOOP('',(#6173,#6174,#6175,#6176,#6177,#6178));
#3152=AXIS2_PLACEMENT_3D('',#6179,#6180,#6181);
#3153=SURFACE_SIDE_STYLE('',(#6182));
#3154=EDGE_LOOP('',(#6183,#6184,#6185,#6186));
#3155=AXIS2_PLACEMENT_3D('',#6187,#6188,#6189);
#3156=SURFACE_SIDE_STYLE('',(#6190));
#3157=EDGE_LOOP('',(#6191,#6192,#6193,#6194));
#3158=AXIS2_PLACEMENT_3D('',#6195,#6196,#6197);
#3159=SURFACE_SIDE_STYLE('',(#6198));
#3160=EDGE_LOOP('',(#6199,#6200,#6201,#6202,#6203,#6204,#6205,#6206));
#3161=AXIS2_PLACEMENT_3D('',#6207,#6208,#6209);
#3162=SURFACE_SIDE_STYLE('',(#6210));
#3163=EDGE_LOOP('',(#6211,#6212,#6213,#6214));
#3164=AXIS2_PLACEMENT_3D('',#6215,#6216,#6217);
#3165=SURFACE_SIDE_STYLE('',(#6218));
#3166=EDGE_LOOP('',(#6219,#6220,#6221,#6222));
#3167=AXIS2_PLACEMENT_3D('',#6223,#6224,#6225);
#3168=SURFACE_SIDE_STYLE('',(#6226));
#3169=EDGE_LOOP('',(#6227,#6228,#6229,#6230));
#3170=AXIS2_PLACEMENT_3D('',#6231,#6232,#6233);
#3171=SURFACE_SIDE_STYLE('',(#6234));
#3172=EDGE_LOOP('',(#6235,#6236,#6237,#6238));
#3173=AXIS2_PLACEMENT_3D('',#6239,#6240,#6241);
#3174=SURFACE_SIDE_STYLE('',(#6242));
#3175=EDGE_LOOP('',(#6243,#6244,#6245,#6246));
#3176=AXIS2_PLACEMENT_3D('',#6247,#6248,#6249);
#3177=SURFACE_SIDE_STYLE('',(#6250));
#3178=EDGE_LOOP('',(#6251,#6252,#6253,#6254));
#3179=EDGE_LOOP('',(#6255,#6256,#6257,#6258));
#3180=AXIS2_PLACEMENT_3D('',#6259,#6260,#6261);
#3181=SURFACE_SIDE_STYLE('',(#6262));
#3182=EDGE_LOOP('',(#6263,#6264,#6265,#6266));
#3183=AXIS2_PLACEMENT_3D('',#6267,#6268,#6269);
#3184=SURFACE_SIDE_STYLE('',(#6270));
#3185=EDGE_LOOP('',(#6271,#6272,#6273,#6274,#6275,#6276));
#3186=AXIS2_PLACEMENT_3D('',#6277,#6278,#6279);
#3187=SURFACE_SIDE_STYLE('',(#6280));
#3188=EDGE_LOOP('',(#6281,#6282,#6283));
#3189=AXIS2_PLACEMENT_3D('',#6284,#6285,#6286);
#3190=SURFACE_SIDE_STYLE('',(#6287));
#3191=EDGE_LOOP('',(#6288,#6289,#6290,#6291));
#3192=AXIS2_PLACEMENT_3D('',#6292,#6293,#6294);
#3193=SURFACE_SIDE_STYLE('',(#6295));
#3194=EDGE_LOOP('',(#6296,#6297,#6298,#6299,#6300,#6301));
#3195=AXIS2_PLACEMENT_3D('',#6302,#6303,#6304);
#3196=SURFACE_SIDE_STYLE('',(#6305));
#3197=EDGE_LOOP('',(#6306,#6307,#6308,#6309));
#3198=AXIS2_PLACEMENT_3D('',#6310,#6311,#6312);
#3199=SURFACE_SIDE_STYLE('',(#6313));
#3200=EDGE_LOOP('',(#6314,#6315,#6316,#6317));
#3201=AXIS2_PLACEMENT_3D('',#6318,#6319,#6320);
#3202=SURFACE_SIDE_STYLE('',(#6321));
#3203=EDGE_LOOP('',(#6322,#6323,#6324,#6325,#6326));
#3204=AXIS2_PLACEMENT_3D('',#6327,#6328,#6329);
#3205=SURFACE_SIDE_STYLE('',(#6330));
#3206=EDGE_LOOP('',(#6331,#6332,#6333,#6334));
#3207=AXIS2_PLACEMENT_3D('',#6335,#6336,#6337);
#3208=SURFACE_SIDE_STYLE('',(#6338));
#3209=EDGE_LOOP('',(#6339,#6340,#6341,#6342));
#3210=AXIS2_PLACEMENT_3D('',#6343,#6344,#6345);
#3211=SURFACE_SIDE_STYLE('',(#6346));
#3212=EDGE_LOOP('',(#6347,#6348,#6349,#6350));
#3213=AXIS2_PLACEMENT_3D('',#6351,#6352,#6353);
#3214=SURFACE_SIDE_STYLE('',(#6354));
#3215=EDGE_LOOP('',(#6355,#6356,#6357,#6358));
#3216=AXIS2_PLACEMENT_3D('',#6359,#6360,#6361);
#3217=SURFACE_SIDE_STYLE('',(#6362));
#3218=EDGE_LOOP('',(#6363,#6364,#6365,#6366,#6367,#6368,#6369,#6370));
#3219=AXIS2_PLACEMENT_3D('',#6371,#6372,#6373);
#3220=SURFACE_SIDE_STYLE('',(#6374));
#3221=EDGE_LOOP('',(#6375,#6376,#6377,#6378));
#3222=AXIS2_PLACEMENT_3D('',#6379,#6380,#6381);
#3223=SURFACE_SIDE_STYLE('',(#6382));
#3224=EDGE_LOOP('',(#6383,#6384,#6385,#6386));
#3225=AXIS2_PLACEMENT_3D('',#6387,#6388,#6389);
#3226=SURFACE_SIDE_STYLE('',(#6390));
#3227=EDGE_LOOP('',(#6391,#6392,#6393,#6394));
#3228=AXIS2_PLACEMENT_3D('',#6395,#6396,#6397);
#3229=SURFACE_SIDE_STYLE('',(#6398));
#3230=EDGE_LOOP('',(#6399,#6400,#6401,#6402));
#3231=AXIS2_PLACEMENT_3D('',#6403,#6404,#6405);
#3232=SURFACE_SIDE_STYLE('',(#6406));
#3233=EDGE_LOOP('',(#6407,#6408,#6409,#6410,#6411));
#3234=AXIS2_PLACEMENT_3D('',#6412,#6413,#6414);
#3235=SURFACE_SIDE_STYLE('',(#6415));
#3236=EDGE_LOOP('',(#6416,#6417,#6418));
#3237=AXIS2_PLACEMENT_3D('',#6419,#6420,#6421);
#3238=SURFACE_SIDE_STYLE('',(#6422));
#3239=EDGE_LOOP('',(#6423,#6424,#6425,#6426));
#3240=AXIS2_PLACEMENT_3D('',#6427,#6428,#6429);
#3241=SURFACE_SIDE_STYLE('',(#6430));
#3242=EDGE_LOOP('',(#6431,#6432,#6433,#6434,#6435,#6436));
#3243=AXIS2_PLACEMENT_3D('',#6437,#6438,#6439);
#3244=SURFACE_SIDE_STYLE('',(#6440));
#3245=EDGE_LOOP('',(#6441,#6442,#6443));
#3246=AXIS2_PLACEMENT_3D('',#6444,#6445,#6446);
#3247=SURFACE_SIDE_STYLE('',(#6447));
#3248=EDGE_LOOP('',(#6448,#6449,#6450,#6451));
#3249=AXIS2_PLACEMENT_3D('',#6452,#6453,#6454);
#3250=SURFACE_SIDE_STYLE('',(#6455));
#3251=EDGE_LOOP('',(#6456,#6457,#6458,#6459));
#3252=AXIS2_PLACEMENT_3D('',#6460,#6461,#6462);
#3253=SURFACE_SIDE_STYLE('',(#6463));
#3254=EDGE_LOOP('',(#6464,#6465,#6466,#6467,#6468,#6469));
#3255=AXIS2_PLACEMENT_3D('',#6470,#6471,#6472);
#3256=SURFACE_SIDE_STYLE('',(#6473));
#3257=EDGE_LOOP('',(#6474,#6475,#6476,#6477,#6478,#6479,#6480,#6481,#6482,#6483,#6484,#6485,#6486,#6487,#6488,#6489,#6490,#6491,#6492,#6493,#6494,#6495,#6496,#6497,#6498,#6499,#6500,#6501,#6502,#6503,#6504,#6505,#6506));
#3258=AXIS2_PLACEMENT_3D('',#6507,#6508,#6509);
#3259=SURFACE_SIDE_STYLE('',(#6510));
#3260=EDGE_LOOP('',(#6511,#6512,#6513,#6514,#6515,#6516,#6517,#6518));
#3261=AXIS2_PLACEMENT_3D('',#6519,#6520,#6521);
#3262=SURFACE_SIDE_STYLE('',(#6522));
#3263=EDGE_LOOP('',(#6523,#6524,#6525,#6526,#6527));
#3264=AXIS2_PLACEMENT_3D('',#6528,#6529,#6530);
#3265=SURFACE_SIDE_STYLE('',(#6531));
#3266=EDGE_LOOP('',(#6532,#6533,#6534,#6535,#6536));
#3267=AXIS2_PLACEMENT_3D('',#6537,#6538,#6539);
#3268=SURFACE_SIDE_STYLE('',(#6540));
#3269=EDGE_LOOP('',(#6541,#6542,#6543,#6544));
#3270=AXIS2_PLACEMENT_3D('',#6545,#6546,#6547);
#3271=SURFACE_SIDE_STYLE('',(#6548));
#3272=EDGE_LOOP('',(#6549,#6550,#6551,#6552));
#3273=AXIS2_PLACEMENT_3D('',#6553,#6554,#6555);
#3274=SURFACE_SIDE_STYLE('',(#6556));
#3275=EDGE_LOOP('',(#6557,#6558,#6559,#6560));
#3276=AXIS2_PLACEMENT_3D('',#6561,#6562,#6563);
#3277=SURFACE_SIDE_STYLE('',(#6564));
#3278=EDGE_LOOP('',(#6565,#6566,#6567,#6568));
#3279=AXIS2_PLACEMENT_3D('',#6569,#6570,#6571);
#3280=SURFACE_SIDE_STYLE('',(#6572));
#3281=EDGE_LOOP('',(#6573,#6574,#6575,#6576));
#3282=AXIS2_PLACEMENT_3D('',#6577,#6578,#6579);
#3283=SURFACE_SIDE_STYLE('',(#6580));
#3284=EDGE_LOOP('',(#6581,#6582,#6583,#6584,#6585));
#3285=AXIS2_PLACEMENT_3D('',#6586,#6587,#6588);
#3286=SURFACE_SIDE_STYLE('',(#6589));
#3287=EDGE_LOOP('',(#6590,#6591,#6592,#6593));
#3288=AXIS2_PLACEMENT_3D('',#6594,#6595,#6596);
#3289=SURFACE_SIDE_STYLE('',(#6597));
#3290=EDGE_LOOP('',(#6598,#6599,#6600,#6601));
#3291=AXIS2_PLACEMENT_3D('',#6602,#6603,#6604);
#3292=SURFACE_SIDE_STYLE('',(#6605));
#3293=EDGE_LOOP('',(#6606,#6607,#6608,#6609,#6610,#6611,#6612,#6613));
#3294=AXIS2_PLACEMENT_3D('',#6614,#6615,#6616);
#3295=SURFACE_SIDE_STYLE('',(#6617));
#3296=EDGE_LOOP('',(#6618,#6619,#6620,#6621,#6622,#6623));
#3297=AXIS2_PLACEMENT_3D('',#6624,#6625,#6626);
#3298=SURFACE_SIDE_STYLE('',(#6627));
#3299=EDGE_LOOP('',(#6628,#6629,#6630,#6631,#6632,#6633));
#3300=AXIS2_PLACEMENT_3D('',#6634,#6635,#6636);
#3301=SURFACE_SIDE_STYLE('',(#6637));
#3302=EDGE_LOOP('',(#6638,#6639,#6640,#6641));
#3303=AXIS2_PLACEMENT_3D('',#6642,#6643,#6644);
#3304=SURFACE_SIDE_STYLE('',(#6645));
#3305=EDGE_LOOP('',(#6646,#6647,#6648,#6649));
#3306=AXIS2_PLACEMENT_3D('',#6650,#6651,#6652);
#3307=SURFACE_SIDE_STYLE('',(#6653));
#3308=EDGE_LOOP('',(#6654,#6655,#6656,#6657));
#3309=AXIS2_PLACEMENT_3D('',#6658,#6659,#6660);
#3310=SURFACE_SIDE_STYLE('',(#6661));
#3311=EDGE_LOOP('',(#6662,#6663,#6664,#6665,#6666));
#3312=AXIS2_PLACEMENT_3D('',#6667,#6668,#6669);
#3313=SURFACE_SIDE_STYLE('',(#6670));
#3314=EDGE_LOOP('',(#6671,#6672,#6673,#6674));
#3315=AXIS2_PLACEMENT_3D('',#6675,#6676,#6677);
#3316=SURFACE_SIDE_STYLE('',(#6678));
#3317=EDGE_LOOP('',(#6679,#6680,#6681,#6682));
#3318=AXIS2_PLACEMENT_3D('',#6683,#6684,#6685);
#3319=SURFACE_SIDE_STYLE('',(#6686));
#3320=EDGE_LOOP('',(#6687,#6688,#6689,#6690));
#3321=AXIS2_PLACEMENT_3D('',#6691,#6692,#6693);
#3322=SURFACE_SIDE_STYLE('',(#6694));
#3323=EDGE_LOOP('',(#6695,#6696,#6697,#6698,#6699,#6700,#6701,#6702));
#3324=AXIS2_PLACEMENT_3D('',#6703,#6704,#6705);
#3325=SURFACE_SIDE_STYLE('',(#6706));
#3326=EDGE_LOOP('',(#6707,#6708,#6709,#6710,#6711));
#3327=AXIS2_PLACEMENT_3D('',#6712,#6713,#6714);
#3328=SURFACE_SIDE_STYLE('',(#6715));
#3329=EDGE_LOOP('',(#6716,#6717,#6718,#6719));
#3330=AXIS2_PLACEMENT_3D('',#6720,#6721,#6722);
#3331=SURFACE_SIDE_STYLE('',(#6723));
#3332=EDGE_LOOP('',(#6724,#6725,#6726,#6727));
#3333=AXIS2_PLACEMENT_3D('',#6728,#6729,#6730);
#3334=SURFACE_SIDE_STYLE('',(#6731));
#3335=EDGE_LOOP('',(#6732,#6733,#6734,#6735));
#3336=AXIS2_PLACEMENT_3D('',#6736,#6737,#6738);
#3337=SURFACE_SIDE_STYLE('',(#6739));
#3338=EDGE_LOOP('',(#6740,#6741,#6742,#6743));
#3339=AXIS2_PLACEMENT_3D('',#6744,#6745,#6746);
#3340=SURFACE_SIDE_STYLE('',(#6747));
#3341=EDGE_LOOP('',(#6748,#6749,#6750,#6751));
#3342=AXIS2_PLACEMENT_3D('',#6752,#6753,#6754);
#3343=SURFACE_SIDE_STYLE('',(#6755));
#3344=EDGE_LOOP('',(#6756,#6757,#6758,#6759));
#3345=AXIS2_PLACEMENT_3D('',#6760,#6761,#6762);
#3346=SURFACE_SIDE_STYLE('',(#6763));
#3347=EDGE_LOOP('',(#6764,#6765,#6766,#6767));
#3348=AXIS2_PLACEMENT_3D('',#6768,#6769,#6770);
#3349=SURFACE_SIDE_STYLE('',(#6771));
#3350=EDGE_LOOP('',(#6772,#6773,#6774,#6775,#6776,#6777,#6778,#6779));
#3351=AXIS2_PLACEMENT_3D('',#6780,#6781,#6782);
#3352=SURFACE_SIDE_STYLE('',(#6783));
#3353=EDGE_LOOP('',(#6784,#6785,#6786,#6787,#6788,#6789,#6790,#6791,#6792));
#3354=AXIS2_PLACEMENT_3D('',#6793,#6794,#6795);
#3355=SURFACE_SIDE_STYLE('',(#6796));
#3356=EDGE_LOOP('',(#6797,#6798,#6799,#6800,#6801,#6802));
#3357=AXIS2_PLACEMENT_3D('',#6803,#6804,#6805);
#3358=SURFACE_SIDE_STYLE('',(#6806));
#3359=EDGE_LOOP('',(#6807,#6808,#6809,#6810));
#3360=AXIS2_PLACEMENT_3D('',#6811,#6812,#6813);
#3362=SURFACE_STYLE_FILL_AREA(#6814);
#3363=ORIENTED_EDGE('',*,*,#6815,.F.);
#3364=ORIENTED_EDGE('',*,*,#6816,.T.);
#3365=ORIENTED_EDGE('',*,*,#6817,.F.);
#3366=ORIENTED_EDGE('',*,*,#6818,.F.);
#3367=ORIENTED_EDGE('',*,*,#6819,.T.);
#3368=ORIENTED_EDGE('',*,*,#6820,.F.);
#3369=CARTESIAN_POINT('',(0.0,-3.5,7.1));
#3370=DIRECTION('',(-0.0,0.0,1.0));
#3371=DIRECTION('',(1.0,0.0,0.0));
#3372=SURFACE_STYLE_FILL_AREA(#6821);
#3373=ORIENTED_EDGE('',*,*,#6822,.F.);
#3374=ORIENTED_EDGE('',*,*,#6823,.T.);
#3375=ORIENTED_EDGE('',*,*,#6824,.T.);
#3376=ORIENTED_EDGE('',*,*,#6825,.T.);
#3377=ORIENTED_EDGE('',*,*,#6826,.T.);
#3378=CARTESIAN_POINT('',(1.35,-3.75,-25.2469472324903));
#3379=DIRECTION('',(-1.0E-16,-1.0,0.0));
#3380=DIRECTION('',(-1.0,1.0E-16,0.0));
#3381=SURFACE_STYLE_FILL_AREA(#6827);
#3382=ORIENTED_EDGE('',*,*,#6828,.T.);
#3383=ORIENTED_EDGE('',*,*,#6829,.F.);
#3384=ORIENTED_EDGE('',*,*,#6830,.T.);
#3385=ORIENTED_EDGE('',*,*,#6831,.F.);
#3386=CARTESIAN_POINT('',(2.8,-4.75,4.3));
#3387=DIRECTION('',(0.707106781186548,0.707106781186547,0.0));
#3388=DIRECTION('',(0.0,0.0,-1.0));
#3389=SURFACE_STYLE_FILL_AREA(#6832);
#3390=ORIENTED_EDGE('',*,*,#6833,.F.);
#3391=ORIENTED_EDGE('',*,*,#6834,.F.);
#3392=ORIENTED_EDGE('',*,*,#6835,.F.);
#3393=ORIENTED_EDGE('',*,*,#6836,.T.);
#3394=ORIENTED_EDGE('',*,*,#6837,.F.);
#3395=ORIENTED_EDGE('',*,*,#6838,.F.);
#3396=ORIENTED_EDGE('',*,*,#6839,.F.);
#3397=ORIENTED_EDGE('',*,*,#6840,.T.);
#3398=CARTESIAN_POINT('',(-1.75,-1.4,2.4));
#3399=DIRECTION('',(0.0,1.0,0.0));
#3400=DIRECTION('',(1.0,0.0,-0.0));
#3401=SURFACE_STYLE_FILL_AREA(#6841);
#3402=ORIENTED_EDGE('',*,*,#6838,.T.);
#3403=ORIENTED_EDGE('',*,*,#6842,.T.);
#3404=ORIENTED_EDGE('',*,*,#6843,.F.);
#3405=ORIENTED_EDGE('',*,*,#6844,.F.);
#3406=CARTESIAN_POINT('',(-0.825,0.0,1.6));
#3407=DIRECTION('',(0.0,0.0,1.0));
#3408=DIRECTION('',(1.0,0.0,0.0));
#3409=SURFACE_STYLE_FILL_AREA(#6845);
#3410=ORIENTED_EDGE('',*,*,#6846,.F.);
#3411=ORIENTED_EDGE('',*,*,#6847,.F.);
#3412=ORIENTED_EDGE('',*,*,#6848,.T.);
#3413=ORIENTED_EDGE('',*,*,#6849,.T.);
#3414=ORIENTED_EDGE('',*,*,#6850,.T.);
#3415=CARTESIAN_POINT('',(1.35,-3.25,-25.2469472324903));
#3416=DIRECTION('',(1.0E-48,1.0,1.0E-32));
#3417=DIRECTION('',(0.0,1.0E-32,-1.0));
#3418=SURFACE_STYLE_FILL_AREA(#6851);
#3419=ORIENTED_EDGE('',*,*,#6815,.T.);
#3420=ORIENTED_EDGE('',*,*,#6852,.F.);
#3421=ORIENTED_EDGE('',*,*,#6853,.F.);
#3422=ORIENTED_EDGE('',*,*,#6854,.F.);
#3423=ORIENTED_EDGE('',*,*,#6855,.T.);
#3424=ORIENTED_EDGE('',*,*,#6856,.T.);
#3425=CARTESIAN_POINT('',(0.0,-3.5,7.1));
#3426=DIRECTION('',(-0.0,0.0,1.0));
#3427=DIRECTION('',(1.0,0.0,0.0));
#3428=SURFACE_STYLE_FILL_AREA(#6857);
#3429=ORIENTED_EDGE('',*,*,#6858,.T.);
#3430=ORIENTED_EDGE('',*,*,#6859,.F.);
#3431=ORIENTED_EDGE('',*,*,#6860,.T.);
#3432=ORIENTED_EDGE('',*,*,#6861,.T.);
#3433=CARTESIAN_POINT('',(11.1,-5.5,9.1));
#3434=DIRECTION('',(0.0,0.994521895368273,-0.104528463267653));
#3435=DIRECTION('',(-1.0,0.0,0.0));
#3436=SURFACE_STYLE_FILL_AREA(#6862);
#3437=ORIENTED_EDGE('',*,*,#6863,.F.);
#3438=ORIENTED_EDGE('',*,*,#6864,.F.);
#3439=ORIENTED_EDGE('',*,*,#6865,.F.);
#3440=ORIENTED_EDGE('',*,*,#6866,.T.);
#3441=CARTESIAN_POINT('',(1.75,0.16822556094261,0.580989852454054));
#3442=DIRECTION('',(-0.0,0.987688340595138,0.156434465040232));
#3443=DIRECTION('',(1.0,0.0,0.0));
#3444=SURFACE_STYLE_FILL_AREA(#6867);
#3445=ORIENTED_EDGE('',*,*,#6868,.F.);
#3446=ORIENTED_EDGE('',*,*,#6869,.F.);
#3447=ORIENTED_EDGE('',*,*,#6870,.T.);
#3448=ORIENTED_EDGE('',*,*,#6871,.T.);
#3449=CARTESIAN_POINT('',(-0.825,0.0,1.6));
#3450=DIRECTION('',(0.0,0.0,1.0));
#3451=DIRECTION('',(1.0,0.0,0.0));
#3452=SURFACE_STYLE_FILL_AREA(#6872);
#3453=ORIENTED_EDGE('',*,*,#6873,.F.);
#3454=ORIENTED_EDGE('',*,*,#6871,.F.);
#3455=ORIENTED_EDGE('',*,*,#6874,.T.);
#3456=ORIENTED_EDGE('',*,*,#6875,.T.);
#3457=CARTESIAN_POINT('',(-0.85,-1.39,1.6));
#3458=DIRECTION('',(0.0,-1.0,0.0));
#3459=DIRECTION('',(0.0,0.0,-1.0));
#3460=SURFACE_STYLE_FILL_AREA(#6876);
#3461=ORIENTED_EDGE('',*,*,#6877,.F.);
#3462=ORIENTED_EDGE('',*,*,#6878,.F.);
#3463=ORIENTED_EDGE('',*,*,#6879,.T.);
#3464=ORIENTED_EDGE('',*,*,#6880,.T.);
#3465=CARTESIAN_POINT('',(4.1,-6.09475020461287,7.313959798681));
#3466=DIRECTION('',(0.0,0.999390827019096,-0.0348994967025011));
#3467=DIRECTION('',(-1.0,0.0,0.0));
#3468=SURFACE_STYLE_FILL_AREA(#6881);
#3469=ORIENTED_EDGE('',*,*,#6882,.F.);
#3470=ORIENTED_EDGE('',*,*,#6875,.F.);
#3471=ORIENTED_EDGE('',*,*,#6883,.F.);
#3472=ORIENTED_EDGE('',*,*,#6840,.F.);
#3473=CARTESIAN_POINT('',(0.0,-3.275,1.59));
#3474=DIRECTION('',(0.0,0.0,1.0));
#3475=DIRECTION('',(1.0,0.0,0.0));
#3476=SURFACE_STYLE_FILL_AREA(#6884);
#3477=ORIENTED_EDGE('',*,*,#6885,.T.);
#3478=ORIENTED_EDGE('',*,*,#6834,.T.);
#3479=ORIENTED_EDGE('',*,*,#6886,.T.);
#3480=ORIENTED_EDGE('',*,*,#6887,.T.);
#3481=CARTESIAN_POINT('',(0.0,-3.275,3.31));
#3482=DIRECTION('',(0.0,0.0,1.0));
#3483=DIRECTION('',(1.0,0.0,0.0));
#3484=SURFACE_STYLE_FILL_AREA(#6888);
#3485=ORIENTED_EDGE('',*,*,#6889,.F.);
#3486=ORIENTED_EDGE('',*,*,#6890,.T.);
#3487=ORIENTED_EDGE('',*,*,#6831,.T.);
#3488=ORIENTED_EDGE('',*,*,#6891,.T.);
#3489=ORIENTED_EDGE('',*,*,#6892,.T.);
#3490=CARTESIAN_POINT('',(1.35,-4.65394191624432,-2.85560796608386));
#3491=DIRECTION('',(0.0,0.866025403784439,-0.5));
#3492=DIRECTION('',(-1.0,0.0,0.0));
#3493=SURFACE_STYLE_FILL_AREA(#6893);
#3494=ORIENTED_EDGE('',*,*,#6894,.T.);
#3495=ORIENTED_EDGE('',*,*,#6895,.T.);
#3496=ORIENTED_EDGE('',*,*,#6863,.T.);
#3497=ORIENTED_EDGE('',*,*,#6896,.T.);
#3498=ORIENTED_EDGE('',*,*,#6897,.T.);
#3499=ORIENTED_EDGE('',*,*,#6898,.T.);
#3500=CARTESIAN_POINT('',(-1.75,-8.0300024,-3.63237082079152));
#3501=DIRECTION('',(1.0,0.0,0.0));
#3502=DIRECTION('',(0.0,1.0,0.0));
#3503=SURFACE_STYLE_FILL_AREA(#6899);
#3504=ORIENTED_EDGE('',*,*,#6900,.F.);
#3505=ORIENTED_EDGE('',*,*,#6843,.T.);
#3506=ORIENTED_EDGE('',*,*,#6901,.T.);
#3507=ORIENTED_EDGE('',*,*,#6902,.T.);
#3508=CARTESIAN_POINT('',(16.85,-6.25,-25.2469472324903));
#3509=DIRECTION('',(1.0E-48,1.0,1.0E-32));
#3510=DIRECTION('',(0.0,1.0E-32,-1.0));
#3511=SURFACE_STYLE_FILL_AREA(#6903);
#3512=ORIENTED_EDGE('',*,*,#6849,.F.);
#3513=ORIENTED_EDGE('',*,*,#6904,.F.);
#3514=ORIENTED_EDGE('',*,*,#6824,.F.);
#3515=ORIENTED_EDGE('',*,*,#6905,.F.);
#3516=CARTESIAN_POINT('',(-0.45,-6.75,-25.2469472324903));
#3517=DIRECTION('',(1.0,2.0E-32,-2.0E-16));
#3518=DIRECTION('',(-2.0E-16,0.0,-1.0));
#3519=SURFACE_STYLE_FILL_AREA(#6906);
#3520=ORIENTED_EDGE('',*,*,#6907,.F.);
#3521=ORIENTED_EDGE('',*,*,#6908,.T.);
#3522=ORIENTED_EDGE('',*,*,#6909,.F.);
#3523=ORIENTED_EDGE('',*,*,#6829,.T.);
#3524=ORIENTED_EDGE('',*,*,#6869,.T.);
#3525=CARTESIAN_POINT('',(8.75,0.0,0.676990405704992));
#3526=DIRECTION('',(-0.0,0.642787609686539,0.766044443118978));
#3527=DIRECTION('',(1.0,0.0,0.0));
#3528=SURFACE_STYLE_FILL_AREA(#6910);
#3529=ORIENTED_EDGE('',*,*,#6911,.F.);
#3530=ORIENTED_EDGE('',*,*,#6912,.T.);
#3531=ORIENTED_EDGE('',*,*,#6897,.F.);
#3532=ORIENTED_EDGE('',*,*,#6913,.F.);
#3533=ORIENTED_EDGE('',*,*,#6914,.F.);
#3534=ORIENTED_EDGE('',*,*,#6915,.F.);
#3535=ORIENTED_EDGE('',*,*,#6916,.T.);
#3536=ORIENTED_EDGE('',*,*,#6908,.F.);
#3537=CARTESIAN_POINT('',(5.25,0.0,0.136126883012348));
#3538=DIRECTION('',(0.0,1.0,0.0));
#3539=DIRECTION('',(1.0,0.0,-0.0));
#3540=SURFACE_STYLE_FILL_AREA(#6917);
#3541=ORIENTED_EDGE('',*,*,#6918,.T.);
#3542=ORIENTED_EDGE('',*,*,#6887,.F.);
#3543=ORIENTED_EDGE('',*,*,#6919,.F.);
#3544=ORIENTED_EDGE('',*,*,#6920,.T.);
#3545=CARTESIAN_POINT('',(-0.85,-1.39,3.3));
#3546=DIRECTION('',(0.0,1.0,0.0));
#3547=DIRECTION('',(1.0,0.0,-0.0));
#3548=SURFACE_STYLE_FILL_AREA(#6921);
#3549=ORIENTED_EDGE('',*,*,#6904,.T.);
#3550=ORIENTED_EDGE('',*,*,#6848,.F.);
#3551=ORIENTED_EDGE('',*,*,#6922,.F.);
#3552=ORIENTED_EDGE('',*,*,#6825,.F.);
#3553=CARTESIAN_POINT('',(4.90539015606991,-3.75,-22.6865881568071));
#3554=DIRECTION('',(0.965925826289068,-1.0E-16,0.258819045102521));
#3555=DIRECTION('',(0.0,-1.0,-3.86370330515627E-16));
#3556=SURFACE_STYLE_FILL_AREA(#6923);
#3557=ORIENTED_EDGE('',*,*,#6924,.T.);
#3558=ORIENTED_EDGE('',*,*,#6878,.T.);
#3559=ORIENTED_EDGE('',*,*,#6925,.T.);
#3560=ORIENTED_EDGE('',*,*,#6926,.T.);
#3561=CARTESIAN_POINT('',(-4.45,-3.5,4.3));
#3562=DIRECTION('',(0.0,0.0,-1.0));
#3563=DIRECTION('',(0.0,-1.0,0.0));
#3564=SURFACE_STYLE_FILL_AREA(#6927);
#3565=ORIENTED_EDGE('',*,*,#6928,.T.);
#3566=ORIENTED_EDGE('',*,*,#6818,.T.);
#3567=ORIENTED_EDGE('',*,*,#6929,.F.);
#3568=ORIENTED_EDGE('',*,*,#6854,.T.);
#3569=CARTESIAN_POINT('',(0.0,-3.5,7.35));
#3570=DIRECTION('',(0.0,-1.7E-15,1.0));
#3571=DIRECTION('',(0.0,-1.0,-1.7E-15));
#3572=SURFACE_STYLE_FILL_AREA(#6930);
#3573=ORIENTED_EDGE('',*,*,#6931,.F.);
#3574=ORIENTED_EDGE('',*,*,#6915,.T.);
#3575=ORIENTED_EDGE('',*,*,#6932,.T.);
#3576=ORIENTED_EDGE('',*,*,#6892,.F.);
#3577=CARTESIAN_POINT('',(-2.05,-1.1,4.3));
#3578=DIRECTION('',(0.0,0.0,1.0));
#3579=DIRECTION('',(1.0,0.0,0.0));
#3580=SURFACE_STYLE_FILL_AREA(#6933);
#3581=ORIENTED_EDGE('',*,*,#6837,.T.);
#3582=ORIENTED_EDGE('',*,*,#6934,.T.);
#3583=ORIENTED_EDGE('',*,*,#6901,.F.);
#3584=ORIENTED_EDGE('',*,*,#6842,.F.);
#3585=CARTESIAN_POINT('',(-0.825,0.0,3.3));
#3586=DIRECTION('',(1.0,0.0,0.0));
#3587=DIRECTION('',(0.0,1.0,0.0));
#3588=SURFACE_STYLE_FILL_AREA(#6935);
#3589=ORIENTED_EDGE('',*,*,#6936,.T.);
#3590=ORIENTED_EDGE('',*,*,#6852,.T.);
#3591=ORIENTED_EDGE('',*,*,#6820,.T.);
#3592=CARTESIAN_POINT('',(0.0,-3.50000000000005,8.05));
#3593=DIRECTION('',(0.0,-1.7E-15,1.0));
#3594=DIRECTION('',(0.0,-1.0,-1.7E-15));
#3595=SURFACE_STYLE_FILL_AREA(#6937);
#3596=ORIENTED_EDGE('',*,*,#6866,.F.);
#3597=ORIENTED_EDGE('',*,*,#6938,.F.);
#3598=ORIENTED_EDGE('',*,*,#6913,.T.);
#3599=ORIENTED_EDGE('',*,*,#6896,.F.);
#3600=CARTESIAN_POINT('',(1.75,-3.5,4.8));
#3601=DIRECTION('',(0.0,0.0,1.0));
#3602=DIRECTION('',(1.0,0.0,0.0));
#3603=SURFACE_STYLE_FILL_AREA(#6939);
#3604=ORIENTED_EDGE('',*,*,#6928,.F.);
#3605=ORIENTED_EDGE('',*,*,#6853,.T.);
#3606=ORIENTED_EDGE('',*,*,#6936,.F.);
#3607=ORIENTED_EDGE('',*,*,#6819,.F.);
#3608=CARTESIAN_POINT('',(-0.35,-3.5,8.05));
#3609=DIRECTION('',(-1.0,0.0,0.0));
#3610=DIRECTION('',(0.0,0.0,1.0));
#3611=SURFACE_STYLE_FILL_AREA(#6940);
#3612=ORIENTED_EDGE('',*,*,#6898,.F.);
#3613=ORIENTED_EDGE('',*,*,#6912,.F.);
#3614=ORIENTED_EDGE('',*,*,#6941,.F.);
#3615=ORIENTED_EDGE('',*,*,#6850,.F.);
#3616=ORIENTED_EDGE('',*,*,#6905,.T.);
#3617=ORIENTED_EDGE('',*,*,#6823,.F.);
#3618=ORIENTED_EDGE('',*,*,#6942,.F.);
#3619=ORIENTED_EDGE('',*,*,#6943,.T.);
#3620=CARTESIAN_POINT('',(1.75,-3.5,0.0));
#3621=DIRECTION('',(0.0,0.0,-1.0));
#3622=DIRECTION('',(0.0,-1.0,0.0));
#3623=SURFACE_STYLE_FILL_AREA(#6944);
#3624=ORIENTED_EDGE('',*,*,#6894,.F.);
#3625=ORIENTED_EDGE('',*,*,#6943,.F.);
#3626=ORIENTED_EDGE('',*,*,#6945,.F.);
#3627=ORIENTED_EDGE('',*,*,#6926,.F.);
#3628=ORIENTED_EDGE('',*,*,#6946,.F.);
#3629=ORIENTED_EDGE('',*,*,#6947,.F.);
#3630=CARTESIAN_POINT('',(1.75,-7.3,0.0));
#3631=DIRECTION('',(0.0,-1.0,0.0));
#3632=DIRECTION('',(0.0,0.0,-1.0));
#3633=SURFACE_STYLE_FILL_AREA(#6948);
#3634=ORIENTED_EDGE('',*,*,#6880,.F.);
#3635=ORIENTED_EDGE('',*,*,#6949,.F.);
#3636=ORIENTED_EDGE('',*,*,#6860,.F.);
#3637=ORIENTED_EDGE('',*,*,#6950,.T.);
#3638=CARTESIAN_POINT('',(2.55,-3.5,7.7));
#3639=DIRECTION('',(0.0,0.0,1.0));
#3640=DIRECTION('',(1.0,0.0,0.0));
#3641=SURFACE_STYLE_FILL_AREA(#6951);
#3642=ORIENTED_EDGE('',*,*,#6890,.F.);
#3643=ORIENTED_EDGE('',*,*,#6952,.F.);
#3644=ORIENTED_EDGE('',*,*,#6920,.F.);
#3645=ORIENTED_EDGE('',*,*,#6953,.F.);
#3646=CARTESIAN_POINT('',(0.825,0.0,3.3));
#3647=DIRECTION('',(0.0,0.0,-1.0));
#3648=DIRECTION('',(0.0,-1.0,0.0));
#3649=SURFACE_STYLE_FILL_AREA(#6954);
#3650=ORIENTED_EDGE('',*,*,#6861,.F.);
#3651=ORIENTED_EDGE('',*,*,#6949,.T.);
#3652=ORIENTED_EDGE('',*,*,#6879,.F.);
#3653=ORIENTED_EDGE('',*,*,#6924,.F.);
#3654=ORIENTED_EDGE('',*,*,#6945,.T.);
#3655=ORIENTED_EDGE('',*,*,#6942,.T.);
#3656=ORIENTED_EDGE('',*,*,#6822,.T.);
#3657=ORIENTED_EDGE('',*,*,#6955,.T.);
#3658=ORIENTED_EDGE('',*,*,#6846,.T.);
#3659=ORIENTED_EDGE('',*,*,#6941,.T.);
#3660=ORIENTED_EDGE('',*,*,#6911,.T.);
#3661=ORIENTED_EDGE('',*,*,#6907,.T.);
#3662=ORIENTED_EDGE('',*,*,#6868,.T.);
#3663=ORIENTED_EDGE('',*,*,#6873,.T.);
#3664=ORIENTED_EDGE('',*,*,#6882,.T.);
#3665=ORIENTED_EDGE('',*,*,#6839,.T.);
#3666=ORIENTED_EDGE('',*,*,#6844,.T.);
#3667=ORIENTED_EDGE('',*,*,#6900,.T.);
#3668=ORIENTED_EDGE('',*,*,#6956,.T.);
#3669=ORIENTED_EDGE('',*,*,#6835,.T.);
#3670=ORIENTED_EDGE('',*,*,#6885,.F.);
#3671=ORIENTED_EDGE('',*,*,#6918,.F.);
#3672=ORIENTED_EDGE('',*,*,#6952,.T.);
#3673=ORIENTED_EDGE('',*,*,#6889,.T.);
#3674=ORIENTED_EDGE('',*,*,#6932,.F.);
#3675=ORIENTED_EDGE('',*,*,#6914,.T.);
#3676=ORIENTED_EDGE('',*,*,#6938,.T.);
#3677=ORIENTED_EDGE('',*,*,#6865,.T.);
#3678=ORIENTED_EDGE('',*,*,#6957,.T.);
#3679=ORIENTED_EDGE('',*,*,#6855,.F.);
#3680=ORIENTED_EDGE('',*,*,#6929,.T.);
#3681=ORIENTED_EDGE('',*,*,#6817,.T.);
#3682=ORIENTED_EDGE('',*,*,#6958,.T.);
#3683=CARTESIAN_POINT('',(0.0,-8.0300024,9.1));
#3684=DIRECTION('',(-1.0,0.0,0.0));
#3685=DIRECTION('',(0.0,0.0,1.0));
#3686=SURFACE_STYLE_FILL_AREA(#6959);
#3687=ORIENTED_EDGE('',*,*,#6909,.T.);
#3688=ORIENTED_EDGE('',*,*,#6916,.F.);
#3689=ORIENTED_EDGE('',*,*,#6931,.T.);
#3690=ORIENTED_EDGE('',*,*,#6891,.F.);
#3691=ORIENTED_EDGE('',*,*,#6830,.F.);
#3692=CARTESIAN_POINT('',(-1.35,-1.1,0.0));
#3693=DIRECTION('',(-1.0,0.0,0.0));
#3694=DIRECTION('',(0.0,0.0,1.0));
#3695=SURFACE_STYLE_FILL_AREA(#6960);
#3696=ORIENTED_EDGE('',*,*,#6836,.F.);
#3697=ORIENTED_EDGE('',*,*,#6956,.F.);
#3698=ORIENTED_EDGE('',*,*,#6902,.F.);
#3699=ORIENTED_EDGE('',*,*,#6934,.F.);
#3700=CARTESIAN_POINT('',(0.825,0.0,3.3));
#3701=DIRECTION('',(0.0,0.0,-1.0));
#3702=DIRECTION('',(0.0,-1.0,0.0));
#3703=SURFACE_STYLE_FILL_AREA(#6961);
#3704=ORIENTED_EDGE('',*,*,#6947,.T.);
#3705=ORIENTED_EDGE('',*,*,#6962,.F.);
#3706=ORIENTED_EDGE('',*,*,#6858,.F.);
#3707=ORIENTED_EDGE('',*,*,#6958,.F.);
#3708=ORIENTED_EDGE('',*,*,#6816,.F.);
#3709=ORIENTED_EDGE('',*,*,#6856,.F.);
#3710=ORIENTED_EDGE('',*,*,#6957,.F.);
#3711=ORIENTED_EDGE('',*,*,#6864,.T.);
#3712=ORIENTED_EDGE('',*,*,#6895,.F.);
#3713=CARTESIAN_POINT('',(-1.75,-3.5,9.1));
#3714=DIRECTION('',(0.0,0.0,1.0));
#3715=DIRECTION('',(1.0,0.0,0.0));
#3716=SURFACE_STYLE_FILL_AREA(#6963);
#3717=ORIENTED_EDGE('',*,*,#6828,.F.);
#3718=ORIENTED_EDGE('',*,*,#6953,.T.);
#3719=ORIENTED_EDGE('',*,*,#6919,.T.);
#3720=ORIENTED_EDGE('',*,*,#6886,.F.);
#3721=ORIENTED_EDGE('',*,*,#6833,.T.);
#3722=ORIENTED_EDGE('',*,*,#6883,.T.);
#3723=ORIENTED_EDGE('',*,*,#6874,.F.);
#3724=ORIENTED_EDGE('',*,*,#6870,.F.);
#3725=CARTESIAN_POINT('',(-0.85,0.0,3.3));
#3726=DIRECTION('',(1.0,0.0,0.0));
#3727=DIRECTION('',(0.0,1.0,0.0));
#3728=SURFACE_STYLE_FILL_AREA(#6964);
#3729=ORIENTED_EDGE('',*,*,#6950,.F.);
#3730=ORIENTED_EDGE('',*,*,#6859,.T.);
#3731=ORIENTED_EDGE('',*,*,#6962,.T.);
#3732=ORIENTED_EDGE('',*,*,#6946,.T.);
#3733=ORIENTED_EDGE('',*,*,#6925,.F.);
#3734=ORIENTED_EDGE('',*,*,#6877,.T.);
#3735=CARTESIAN_POINT('',(-1.25,-3.5,4.8));
#3736=DIRECTION('',(-1.0,0.0,0.0));
#3737=DIRECTION('',(0.0,0.0,1.0));
#3738=SURFACE_STYLE_FILL_AREA(#6965);
#3739=ORIENTED_EDGE('',*,*,#6955,.F.);
#3740=ORIENTED_EDGE('',*,*,#6826,.F.);
#3741=ORIENTED_EDGE('',*,*,#6922,.T.);
#3742=ORIENTED_EDGE('',*,*,#6847,.T.);
#3743=CARTESIAN_POINT('',(1.35,-0.45315616848627,-3.5));
#3744=DIRECTION('',(0.0,0.0,-1.0));
#3745=DIRECTION('',(0.0,-1.0,0.0));
#3746=SURFACE_STYLE_FILL_AREA(#6966);
#3747=ORIENTED_EDGE('',*,*,#6967,.F.);
#3748=ORIENTED_EDGE('',*,*,#6968,.F.);
#3749=ORIENTED_EDGE('',*,*,#6969,.F.);
#3750=ORIENTED_EDGE('',*,*,#6970,.F.);
#3751=ORIENTED_EDGE('',*,*,#6971,.T.);
#3752=ORIENTED_EDGE('',*,*,#6972,.F.);
#3753=ORIENTED_EDGE('',*,*,#6973,.F.);
#3754=ORIENTED_EDGE('',*,*,#6974,.T.);
#3755=CARTESIAN_POINT('',(3.5,-3.5,7.1));
#3756=DIRECTION('',(0.0,0.0,1.0));
#3757=DIRECTION('',(1.0,0.0,0.0));
#3758=SURFACE_STYLE_FILL_AREA(#6975);
#3759=ORIENTED_EDGE('',*,*,#6976,.F.);
#3760=ORIENTED_EDGE('',*,*,#6977,.F.);
#3761=ORIENTED_EDGE('',*,*,#6978,.F.);
#3762=ORIENTED_EDGE('',*,*,#6979,.F.);
#3763=ORIENTED_EDGE('',*,*,#6980,.T.);
#3764=ORIENTED_EDGE('',*,*,#6981,.T.);
#3765=CARTESIAN_POINT('',(0.0,-3.5,7.1));
#3766=DIRECTION('',(0.0,0.0,1.0));
#3767=DIRECTION('',(1.0,0.0,0.0));
#3768=SURFACE_STYLE_FILL_AREA(#6982);
#3769=ORIENTED_EDGE('',*,*,#6983,.F.);
#3770=ORIENTED_EDGE('',*,*,#6984,.T.);
#3771=ORIENTED_EDGE('',*,*,#6985,.F.);
#3772=ORIENTED_EDGE('',*,*,#6986,.F.);
#3773=ORIENTED_EDGE('',*,*,#6987,.T.);
#3774=ORIENTED_EDGE('',*,*,#6988,.F.);
#3775=CARTESIAN_POINT('',(7.0,-3.5,7.1));
#3776=DIRECTION('',(0.0,0.0,1.0));
#3777=DIRECTION('',(1.0,0.0,0.0));
#3778=SURFACE_STYLE_FILL_AREA(#6989);
#3779=ORIENTED_EDGE('',*,*,#6990,.T.);
#3780=ORIENTED_EDGE('',*,*,#6991,.T.);
#3781=ORIENTED_EDGE('',*,*,#6992,.T.);
#3782=ORIENTED_EDGE('',*,*,#6993,.T.);
#3783=ORIENTED_EDGE('',*,*,#6994,.T.);
#3784=CARTESIAN_POINT('',(8.35,-3.25,-25.2469472324903));
#3785=DIRECTION('',(1.0E-48,1.0,1.0E-32));
#3786=DIRECTION('',(0.0,1.0E-32,-1.0));
#3787=SURFACE_STYLE_FILL_AREA(#6995);
#3788=ORIENTED_EDGE('',*,*,#6993,.F.);
#3789=ORIENTED_EDGE('',*,*,#6996,.F.);
#3790=ORIENTED_EDGE('',*,*,#6997,.F.);
#3791=ORIENTED_EDGE('',*,*,#6998,.F.);
#3792=CARTESIAN_POINT('',(6.55,-6.75,-25.2469472324903));
#3793=DIRECTION('',(1.0,2.0E-32,-2.0E-16));
#3794=DIRECTION('',(-2.0E-16,0.0,-1.0));
#3795=SURFACE_STYLE_FILL_AREA(#6999);
#3796=ORIENTED_EDGE('',*,*,#7000,.T.);
#3797=ORIENTED_EDGE('',*,*,#7001,.F.);
#3798=ORIENTED_EDGE('',*,*,#7002,.F.);
#3799=ORIENTED_EDGE('',*,*,#7003,.F.);
#3800=CARTESIAN_POINT('',(7.0,-3.275,1.59));
#3801=DIRECTION('',(0.0,0.0,1.0));
#3802=DIRECTION('',(1.0,0.0,0.0));
#3803=SURFACE_STYLE_FILL_AREA(#7004);
#3804=ORIENTED_EDGE('',*,*,#7005,.T.);
#3805=ORIENTED_EDGE('',*,*,#6972,.T.);
#3806=ORIENTED_EDGE('',*,*,#7006,.F.);
#3807=CARTESIAN_POINT('',(2.6,-3.5,8.05));
#3808=DIRECTION('',(0.0,0.0,1.0));
#3809=DIRECTION('',(1.0,0.0,0.0));
#3810=SURFACE_STYLE_FILL_AREA(#7007);
#3811=ORIENTED_EDGE('',*,*,#7008,.T.);
#3812=ORIENTED_EDGE('',*,*,#7009,.T.);
#3813=ORIENTED_EDGE('',*,*,#7010,.T.);
#3814=ORIENTED_EDGE('',*,*,#7011,.T.);
#3815=CARTESIAN_POINT('',(16.85,-6.25,-25.2469472324903));
#3816=DIRECTION('',(1.0E-48,1.0,1.0E-32));
#3817=DIRECTION('',(0.0,1.0E-32,-1.0));
#3818=SURFACE_STYLE_FILL_AREA(#7012);
#3819=ORIENTED_EDGE('',*,*,#7013,.F.);
#3820=ORIENTED_EDGE('',*,*,#7014,.F.);
#3821=ORIENTED_EDGE('',*,*,#7015,.F.);
#3822=ORIENTED_EDGE('',*,*,#7016,.F.);
#3823=CARTESIAN_POINT('',(3.5,-3.275,1.59));
#3824=DIRECTION('',(0.0,0.0,1.0));
#3825=DIRECTION('',(1.0,0.0,0.0));
#3826=SURFACE_STYLE_FILL_AREA(#7017);
#3827=ORIENTED_EDGE('',*,*,#7018,.F.);
#3828=ORIENTED_EDGE('',*,*,#6978,.T.);
#3829=ORIENTED_EDGE('',*,*,#7019,.F.);
#3830=ORIENTED_EDGE('',*,*,#7020,.F.);
#3831=CARTESIAN_POINT('',(0.35,-3.5,8.05));
#3832=DIRECTION('',(1.0,0.0,0.0));
#3833=DIRECTION('',(0.0,1.0,0.0));
#3834=SURFACE_STYLE_FILL_AREA(#7021);
#3835=ORIENTED_EDGE('',*,*,#7022,.T.);
#3836=ORIENTED_EDGE('',*,*,#7023,.T.);
#3837=ORIENTED_EDGE('',*,*,#7024,.T.);
#3838=ORIENTED_EDGE('',*,*,#7025,.F.);
#3839=ORIENTED_EDGE('',*,*,#7026,.T.);
#3840=ORIENTED_EDGE('',*,*,#7027,.F.);
#3841=ORIENTED_EDGE('',*,*,#7028,.T.);
#3842=ORIENTED_EDGE('',*,*,#7029,.F.);
#3843=ORIENTED_EDGE('',*,*,#7030,.T.);
#3844=ORIENTED_EDGE('',*,*,#7031,.F.);
#3845=ORIENTED_EDGE('',*,*,#7032,.T.);
#3846=ORIENTED_EDGE('',*,*,#7033,.F.);
#3847=ORIENTED_EDGE('',*,*,#7034,.T.);
#3848=ORIENTED_EDGE('',*,*,#7035,.F.);
#3849=ORIENTED_EDGE('',*,*,#7036,.T.);
#3850=ORIENTED_EDGE('',*,*,#7037,.F.);
#3851=CARTESIAN_POINT('',(5.25,-8.67361737988404E-16,0.13612688301235));
#3852=DIRECTION('',(-0.0,1.0,0.0));
#3853=DIRECTION('',(1.0,0.0,0.0));
#3854=SURFACE_STYLE_FILL_AREA(#7038);
#3855=ORIENTED_EDGE('',*,*,#7039,.T.);
#3856=ORIENTED_EDGE('',*,*,#7040,.F.);
#3857=ORIENTED_EDGE('',*,*,#7041,.T.);
#3858=ORIENTED_EDGE('',*,*,#7042,.F.);
#3859=CARTESIAN_POINT('',(2.55,-3.5,7.7));
#3860=DIRECTION('',(0.0,0.0,1.0));
#3861=DIRECTION('',(1.0,0.0,0.0));
#3862=SURFACE_STYLE_FILL_AREA(#7043);
#3863=ORIENTED_EDGE('',*,*,#7044,.T.);
#3864=ORIENTED_EDGE('',*,*,#7045,.T.);
#3865=ORIENTED_EDGE('',*,*,#7046,.T.);
#3866=ORIENTED_EDGE('',*,*,#7047,.T.);
#3867=CARTESIAN_POINT('',(3.5,-3.275,3.31));
#3868=DIRECTION('',(0.0,0.0,1.0));
#3869=DIRECTION('',(1.0,0.0,0.0));
#3870=SURFACE_STYLE_FILL_AREA(#7048);
#3871=ORIENTED_EDGE('',*,*,#7049,.F.);
#3872=ORIENTED_EDGE('',*,*,#7050,.T.);
#3873=ORIENTED_EDGE('',*,*,#7051,.F.);
#3874=ORIENTED_EDGE('',*,*,#7052,.F.);
#3875=CARTESIAN_POINT('',(0.0,-3.275,1.59));
#3876=DIRECTION('',(0.0,0.0,1.0));
#3877=DIRECTION('',(1.0,0.0,0.0));
#3878=SURFACE_STYLE_FILL_AREA(#7053);
#3879=ORIENTED_EDGE('',*,*,#7054,.F.);
#3880=ORIENTED_EDGE('',*,*,#7025,.T.);
#3881=ORIENTED_EDGE('',*,*,#7055,.T.);
#3882=ORIENTED_EDGE('',*,*,#7056,.T.);
#3883=ORIENTED_EDGE('',*,*,#7057,.T.);
#3884=CARTESIAN_POINT('',(8.75,-8.67361737988404E-16,0.676990405704994));
#3885=DIRECTION('',(-0.0,0.642787609686539,0.766044443118978));
#3886=DIRECTION('',(1.0,0.0,0.0));
#3887=SURFACE_STYLE_FILL_AREA(#7058);
#3888=ORIENTED_EDGE('',*,*,#7059,.T.);
#3889=ORIENTED_EDGE('',*,*,#7060,.T.);
#3890=ORIENTED_EDGE('',*,*,#7061,.T.);
#3891=ORIENTED_EDGE('',*,*,#7062,.T.);
#3892=ORIENTED_EDGE('',*,*,#7063,.T.);
#3893=CARTESIAN_POINT('',(1.35,-3.75,-25.2469472324903));
#3894=DIRECTION('',(-1.0E-16,-1.0,0.0));
#3895=DIRECTION('',(-1.0,1.0E-16,0.0));
#3896=SURFACE_STYLE_FILL_AREA(#7064);
#3897=ORIENTED_EDGE('',*,*,#6970,.T.);
#3898=ORIENTED_EDGE('',*,*,#7065,.T.);
#3899=ORIENTED_EDGE('',*,*,#7066,.T.);
#3900=ORIENTED_EDGE('',*,*,#7067,.F.);
#3901=CARTESIAN_POINT('',(2.6,-3.5,7.35));
#3902=DIRECTION('',(0.0,0.0,1.0));
#3903=DIRECTION('',(1.0,0.0,0.0));
#3904=SURFACE_STYLE_FILL_AREA(#7068);
#3905=ORIENTED_EDGE('',*,*,#7069,.T.);
#3906=ORIENTED_EDGE('',*,*,#7070,.F.);
#3907=ORIENTED_EDGE('',*,*,#7071,.F.);
#3908=ORIENTED_EDGE('',*,*,#7072,.T.);
#3909=CARTESIAN_POINT('',(-0.825,-8.67361737988404E-16,1.6));
#3910=DIRECTION('',(0.0,0.0,1.0));
#3911=DIRECTION('',(1.0,0.0,0.0));
#3912=SURFACE_STYLE_FILL_AREA(#7073);
#3913=ORIENTED_EDGE('',*,*,#7074,.F.);
#3914=ORIENTED_EDGE('',*,*,#7042,.T.);
#3915=ORIENTED_EDGE('',*,*,#7075,.F.);
#3916=ORIENTED_EDGE('',*,*,#7076,.F.);
#3917=CARTESIAN_POINT('',(11.1,-5.5,9.1));
#3918=DIRECTION('',(0.0,0.994521895368273,-0.104528463267653));
#3919=DIRECTION('',(-1.0,0.0,0.0));
#3920=SURFACE_STYLE_FILL_AREA(#7077);
#3921=ORIENTED_EDGE('',*,*,#7078,.F.);
#3922=ORIENTED_EDGE('',*,*,#7079,.T.);
#3923=ORIENTED_EDGE('',*,*,#7008,.F.);
#3924=ORIENTED_EDGE('',*,*,#7080,.F.);
#3925=CARTESIAN_POINT('',(4.325,-8.67361737988404E-16,3.3));
#3926=DIRECTION('',(0.0,0.0,-1.0));
#3927=DIRECTION('',(0.0,-1.0,0.0));
#3928=SURFACE_STYLE_FILL_AREA(#7081);
#3929=ORIENTED_EDGE('',*,*,#7082,.T.);
#3930=ORIENTED_EDGE('',*,*,#7083,.T.);
#3931=ORIENTED_EDGE('',*,*,#7009,.F.);
#3932=ORIENTED_EDGE('',*,*,#7079,.F.);
#3933=CARTESIAN_POINT('',(4.325,-8.67361737988404E-16,1.6));
#3934=DIRECTION('',(-1.0,0.0,0.0));
#3935=DIRECTION('',(0.0,0.0,1.0));
#3936=SURFACE_STYLE_FILL_AREA(#7084);
#3937=ORIENTED_EDGE('',*,*,#7085,.F.);
#3938=ORIENTED_EDGE('',*,*,#7086,.F.);
#3939=ORIENTED_EDGE('',*,*,#7087,.F.);
#3940=ORIENTED_EDGE('',*,*,#7088,.T.);
#3941=CARTESIAN_POINT('',(6.15,-1.39,3.3));
#3942=DIRECTION('',(-0.0,1.0,0.0));
#3943=DIRECTION('',(1.0,0.0,0.0));
#3944=SURFACE_STYLE_FILL_AREA(#7089);
#3945=ORIENTED_EDGE('',*,*,#6983,.T.);
#3946=ORIENTED_EDGE('',*,*,#7090,.F.);
#3947=ORIENTED_EDGE('',*,*,#7091,.F.);
#3948=ORIENTED_EDGE('',*,*,#7092,.F.);
#3949=ORIENTED_EDGE('',*,*,#7093,.T.);
#3950=ORIENTED_EDGE('',*,*,#7094,.T.);
#3951=CARTESIAN_POINT('',(7.0,-3.5,7.1));
#3952=DIRECTION('',(0.0,0.0,1.0));
#3953=DIRECTION('',(1.0,0.0,0.0));
#3954=SURFACE_STYLE_FILL_AREA(#7095);
#3955=ORIENTED_EDGE('',*,*,#7096,.T.);
#3956=ORIENTED_EDGE('',*,*,#7097,.T.);
#3957=ORIENTED_EDGE('',*,*,#7098,.T.);
#3958=ORIENTED_EDGE('',*,*,#7099,.T.);
#3959=CARTESIAN_POINT('',(20.35,-6.25,-25.2469472324903));
#3960=DIRECTION('',(1.0E-48,1.0,1.0E-32));
#3961=DIRECTION('',(0.0,1.0E-32,-1.0));
#3962=SURFACE_STYLE_FILL_AREA(#7100);
#3963=ORIENTED_EDGE('',*,*,#7101,.F.);
#3964=ORIENTED_EDGE('',*,*,#7102,.T.);
#3965=ORIENTED_EDGE('',*,*,#7087,.T.);
#3966=ORIENTED_EDGE('',*,*,#7103,.F.);
#3967=ORIENTED_EDGE('',*,*,#7104,.T.);
#3968=ORIENTED_EDGE('',*,*,#7002,.T.);
#3969=ORIENTED_EDGE('',*,*,#7105,.F.);
#3970=ORIENTED_EDGE('',*,*,#7106,.F.);
#3971=CARTESIAN_POINT('',(6.15,-8.67361737988404E-16,3.3));
#3972=DIRECTION('',(1.0,0.0,0.0));
#3973=DIRECTION('',(0.0,1.0,0.0));
#3974=SURFACE_STYLE_FILL_AREA(#7107);
#3975=ORIENTED_EDGE('',*,*,#7104,.F.);
#3976=ORIENTED_EDGE('',*,*,#7108,.F.);
#3977=ORIENTED_EDGE('',*,*,#7109,.T.);
#3978=ORIENTED_EDGE('',*,*,#7110,.T.);
#3979=ORIENTED_EDGE('',*,*,#7111,.F.);
#3980=ORIENTED_EDGE('',*,*,#7112,.F.);
#3981=ORIENTED_EDGE('',*,*,#7113,.T.);
#3982=ORIENTED_EDGE('',*,*,#7003,.T.);
#3983=CARTESIAN_POINT('',(5.25,-1.4,2.4));
#3984=DIRECTION('',(-0.0,1.0,0.0));
#3985=DIRECTION('',(1.0,0.0,0.0));
#3986=SURFACE_STYLE_FILL_AREA(#7114);
#3987=ORIENTED_EDGE('',*,*,#7115,.F.);
#3988=ORIENTED_EDGE('',*,*,#7036,.F.);
#3989=ORIENTED_EDGE('',*,*,#7116,.T.);
#3990=ORIENTED_EDGE('',*,*,#7117,.F.);
#3991=ORIENTED_EDGE('',*,*,#7118,.F.);
#3992=CARTESIAN_POINT('',(4.85,-1.1,1.62630325872825E-15));
#3993=DIRECTION('',(1.0,0.0,0.0));
#3994=DIRECTION('',(0.0,1.0,0.0));
#3995=SURFACE_STYLE_FILL_AREA(#7119);
#3996=ORIENTED_EDGE('',*,*,#6996,.T.);
#3997=ORIENTED_EDGE('',*,*,#6992,.F.);
#3998=ORIENTED_EDGE('',*,*,#7120,.F.);
#3999=ORIENTED_EDGE('',*,*,#7121,.F.);
#4000=CARTESIAN_POINT('',(11.9053901560699,-3.75,-22.6865881568071));
#4001=DIRECTION('',(0.965925826289068,-1.0E-16,0.258819045102521));
#4002=DIRECTION('',(0.0,-1.0,-3.86370330515627E-16));
#4003=SURFACE_STYLE_FILL_AREA(#7122);
#4004=ORIENTED_EDGE('',*,*,#7123,.F.);
#4005=ORIENTED_EDGE('',*,*,#7124,.T.);
#4006=ORIENTED_EDGE('',*,*,#7125,.F.);
#4007=ORIENTED_EDGE('',*,*,#7117,.T.);
#4008=CARTESIAN_POINT('',(-1.35,-6.8,4.3));
#4009=DIRECTION('',(-0.707106781186548,0.707106781186547,0.0));
#4010=DIRECTION('',(0.0,0.0,1.0));
#4011=SURFACE_STYLE_FILL_AREA(#7126);
#4012=ORIENTED_EDGE('',*,*,#7111,.T.);
#4013=ORIENTED_EDGE('',*,*,#7127,.T.);
#4014=ORIENTED_EDGE('',*,*,#7098,.F.);
#4015=ORIENTED_EDGE('',*,*,#7128,.F.);
#4016=CARTESIAN_POINT('',(6.175,-8.67361737988404E-16,3.3));
#4017=DIRECTION('',(1.0,0.0,0.0));
#4018=DIRECTION('',(0.0,1.0,0.0));
#4019=SURFACE_STYLE_FILL_AREA(#7129);
#4020=ORIENTED_EDGE('',*,*,#7130,.F.);
#4021=ORIENTED_EDGE('',*,*,#7131,.T.);
#4022=ORIENTED_EDGE('',*,*,#7088,.F.);
#4023=ORIENTED_EDGE('',*,*,#7102,.F.);
#4024=CARTESIAN_POINT('',(7.825,-8.67361737988404E-16,3.3));
#4025=DIRECTION('',(0.0,0.0,-1.0));
#4026=DIRECTION('',(0.0,-1.0,0.0));
#4027=SURFACE_STYLE_FILL_AREA(#7132);
#4028=ORIENTED_EDGE('',*,*,#7133,.T.);
#4029=ORIENTED_EDGE('',*,*,#7134,.F.);
#4030=ORIENTED_EDGE('',*,*,#7135,.F.);
#4031=ORIENTED_EDGE('',*,*,#7136,.F.);
#4032=CARTESIAN_POINT('',(-2.02837202847226,-3.75,-25.0115881568071));
#4033=DIRECTION('',(-0.965925826289068,1.0E-16,0.258819045102521));
#4034=DIRECTION('',(1.03527618041008E-16,1.0,0.0));
#4035=SURFACE_STYLE_FILL_AREA(#7137);
#4036=ORIENTED_EDGE('',*,*,#7138,.T.);
#4037=ORIENTED_EDGE('',*,*,#7139,.T.);
#4038=ORIENTED_EDGE('',*,*,#7140,.T.);
#4039=ORIENTED_EDGE('',*,*,#7033,.T.);
#4040=ORIENTED_EDGE('',*,*,#7141,.F.);
#4041=CARTESIAN_POINT('',(8.75,-8.67361737988404E-16,0.676990405704994));
#4042=DIRECTION('',(-0.0,0.642787609686539,0.766044443118978));
#4043=DIRECTION('',(1.0,0.0,0.0));
#4044=SURFACE_STYLE_FILL_AREA(#7142);
#4045=ORIENTED_EDGE('',*,*,#7143,.T.);
#4046=ORIENTED_EDGE('',*,*,#7130,.T.);
#4047=ORIENTED_EDGE('',*,*,#7144,.T.);
#4048=ORIENTED_EDGE('',*,*,#7145,.T.);
#4049=ORIENTED_EDGE('',*,*,#7146,.T.);
#4050=CARTESIAN_POINT('',(8.35,-4.65394191624432,-2.85560796608386));
#4051=DIRECTION('',(0.0,0.866025403784439,-0.5));
#4052=DIRECTION('',(-1.0,0.0,0.0));
#4053=SURFACE_STYLE_FILL_AREA(#7147);
#4054=ORIENTED_EDGE('',*,*,#7141,.T.);
#4055=ORIENTED_EDGE('',*,*,#7032,.F.);
#4056=ORIENTED_EDGE('',*,*,#7148,.T.);
#4057=ORIENTED_EDGE('',*,*,#7145,.F.);
#4058=ORIENTED_EDGE('',*,*,#7149,.F.);
#4059=CARTESIAN_POINT('',(5.65,-1.1,1.62630325872825E-15));
#4060=DIRECTION('',(-1.0,0.0,0.0));
#4061=DIRECTION('',(0.0,0.0,1.0));
#4062=SURFACE_STYLE_FILL_AREA(#7150);
#4063=ORIENTED_EDGE('',*,*,#7090,.T.);
#4064=ORIENTED_EDGE('',*,*,#6988,.T.);
#4065=ORIENTED_EDGE('',*,*,#7151,.F.);
#4066=CARTESIAN_POINT('',(6.1,-3.5,8.05));
#4067=DIRECTION('',(0.0,0.0,1.0));
#4068=DIRECTION('',(1.0,0.0,0.0));
#4069=SURFACE_STYLE_FILL_AREA(#7152);
#4070=ORIENTED_EDGE('',*,*,#7065,.F.);
#4071=ORIENTED_EDGE('',*,*,#6969,.T.);
#4072=ORIENTED_EDGE('',*,*,#7153,.F.);
#4073=ORIENTED_EDGE('',*,*,#7154,.F.);
#4074=CARTESIAN_POINT('',(3.85,-3.5,8.05));
#4075=DIRECTION('',(1.0,0.0,0.0));
#4076=DIRECTION('',(0.0,1.0,0.0));
#4077=SURFACE_STYLE_FILL_AREA(#7155);
#4078=ORIENTED_EDGE('',*,*,#7156,.F.);
#4079=ORIENTED_EDGE('',*,*,#7108,.T.);
#4080=ORIENTED_EDGE('',*,*,#7103,.T.);
#4081=ORIENTED_EDGE('',*,*,#7086,.T.);
#4082=CARTESIAN_POINT('',(7.0,-3.275,3.31));
#4083=DIRECTION('',(0.0,0.0,1.0));
#4084=DIRECTION('',(1.0,0.0,0.0));
#4085=SURFACE_STYLE_FILL_AREA(#7157);
#4086=ORIENTED_EDGE('',*,*,#7158,.T.);
#4087=ORIENTED_EDGE('',*,*,#7092,.T.);
#4088=ORIENTED_EDGE('',*,*,#7159,.F.);
#4089=ORIENTED_EDGE('',*,*,#6986,.T.);
#4090=CARTESIAN_POINT('',(6.1,-3.5,7.35));
#4091=DIRECTION('',(0.0,0.0,1.0));
#4092=DIRECTION('',(1.0,0.0,0.0));
#4093=SURFACE_STYLE_FILL_AREA(#7160);
#4094=ORIENTED_EDGE('',*,*,#7161,.F.);
#4095=ORIENTED_EDGE('',*,*,#7133,.F.);
#4096=ORIENTED_EDGE('',*,*,#7162,.F.);
#4097=ORIENTED_EDGE('',*,*,#7163,.F.);
#4098=CARTESIAN_POINT('',(3.95,-6.75,-25.2469472324903));
#4099=DIRECTION('',(-1.0,1.0E-16,0.0));
#4100=DIRECTION('',(0.0,0.0,1.0));
#4101=SURFACE_STYLE_FILL_AREA(#7164);
#4102=ORIENTED_EDGE('',*,*,#7165,.T.);
#4103=ORIENTED_EDGE('',*,*,#7139,.F.);
#4104=ORIENTED_EDGE('',*,*,#7106,.T.);
#4105=ORIENTED_EDGE('',*,*,#7166,.T.);
#4106=CARTESIAN_POINT('',(6.175,-8.67361737988404E-16,1.6));
#4107=DIRECTION('',(0.0,0.0,1.0));
#4108=DIRECTION('',(1.0,0.0,0.0));
#4109=SURFACE_STYLE_FILL_AREA(#7167);
#4110=ORIENTED_EDGE('',*,*,#7124,.F.);
#4111=ORIENTED_EDGE('',*,*,#7168,.T.);
#4112=ORIENTED_EDGE('',*,*,#7169,.T.);
#4113=ORIENTED_EDGE('',*,*,#7014,.T.);
#4114=ORIENTED_EDGE('',*,*,#7170,.T.);
#4115=ORIENTED_EDGE('',*,*,#7045,.F.);
#4116=ORIENTED_EDGE('',*,*,#7171,.F.);
#4117=ORIENTED_EDGE('',*,*,#7172,.F.);
#4118=CARTESIAN_POINT('',(4.35,-8.67361737988404E-16,1.6));
#4119=DIRECTION('',(-1.0,0.0,0.0));
#4120=DIRECTION('',(0.0,0.0,1.0));
#4121=SURFACE_STYLE_FILL_AREA(#7173);
#4122=ORIENTED_EDGE('',*,*,#7174,.T.);
#4123=ORIENTED_EDGE('',*,*,#7166,.F.);
#4124=ORIENTED_EDGE('',*,*,#7105,.T.);
#4125=ORIENTED_EDGE('',*,*,#7001,.T.);
#4126=CARTESIAN_POINT('',(6.15,-1.39,1.6));
#4127=DIRECTION('',(0.0,-1.0,0.0));
#4128=DIRECTION('',(0.0,0.0,-1.0));
#4129=SURFACE_STYLE_FILL_AREA(#7175);
#4130=ORIENTED_EDGE('',*,*,#7148,.F.);
#4131=ORIENTED_EDGE('',*,*,#7031,.T.);
#4132=ORIENTED_EDGE('',*,*,#7176,.F.);
#4133=ORIENTED_EDGE('',*,*,#7146,.F.);
#4134=CARTESIAN_POINT('',(4.95,-1.1,4.3));
#4135=DIRECTION('',(0.0,0.0,1.0));
#4136=DIRECTION('',(1.0,0.0,0.0));
#4137=SURFACE_STYLE_FILL_AREA(#7177);
#4138=ORIENTED_EDGE('',*,*,#7101,.T.);
#4139=ORIENTED_EDGE('',*,*,#7138,.F.);
#4140=ORIENTED_EDGE('',*,*,#7149,.T.);
#4141=ORIENTED_EDGE('',*,*,#7144,.F.);
#4142=CARTESIAN_POINT('',(9.8,-4.75,4.3));
#4143=DIRECTION('',(0.707106781186548,0.707106781186547,0.0));
#4144=DIRECTION('',(0.0,0.0,-1.0));
#4145=SURFACE_STYLE_FILL_AREA(#7178);
#4146=ORIENTED_EDGE('',*,*,#7022,.F.);
#4147=ORIENTED_EDGE('',*,*,#7140,.F.);
#4148=ORIENTED_EDGE('',*,*,#7165,.F.);
#4149=ORIENTED_EDGE('',*,*,#7174,.F.);
#4150=ORIENTED_EDGE('',*,*,#7000,.F.);
#4151=ORIENTED_EDGE('',*,*,#7113,.F.);
#4152=ORIENTED_EDGE('',*,*,#7179,.F.);
#4153=ORIENTED_EDGE('',*,*,#7096,.F.);
#4154=ORIENTED_EDGE('',*,*,#7180,.F.);
#4155=ORIENTED_EDGE('',*,*,#7109,.F.);
#4156=ORIENTED_EDGE('',*,*,#7156,.T.);
#4157=ORIENTED_EDGE('',*,*,#7085,.T.);
#4158=ORIENTED_EDGE('',*,*,#7131,.F.);
#4159=ORIENTED_EDGE('',*,*,#7143,.F.);
#4160=ORIENTED_EDGE('',*,*,#7176,.T.);
#4161=ORIENTED_EDGE('',*,*,#7030,.F.);
#4162=ORIENTED_EDGE('',*,*,#7181,.F.);
#4163=ORIENTED_EDGE('',*,*,#7182,.F.);
#4164=ORIENTED_EDGE('',*,*,#7183,.F.);
#4165=ORIENTED_EDGE('',*,*,#7093,.F.);
#4166=ORIENTED_EDGE('',*,*,#7158,.F.);
#4167=ORIENTED_EDGE('',*,*,#6985,.T.);
#4168=ORIENTED_EDGE('',*,*,#7184,.F.);
#4169=ORIENTED_EDGE('',*,*,#7075,.T.);
#4170=ORIENTED_EDGE('',*,*,#7041,.F.);
#4171=ORIENTED_EDGE('',*,*,#7185,.T.);
#4172=ORIENTED_EDGE('',*,*,#7186,.T.);
#4173=ORIENTED_EDGE('',*,*,#7187,.F.);
#4174=ORIENTED_EDGE('',*,*,#7188,.F.);
#4175=ORIENTED_EDGE('',*,*,#7189,.F.);
#4176=ORIENTED_EDGE('',*,*,#7190,.F.);
#4177=ORIENTED_EDGE('',*,*,#6990,.F.);
#4178=ORIENTED_EDGE('',*,*,#7191,.F.);
#4179=CARTESIAN_POINT('',(7.0,-8.0300024,-3.5));
#4180=DIRECTION('',(1.0,0.0,0.0));
#4181=DIRECTION('',(0.0,1.0,0.0));
#4182=SURFACE_STYLE_FILL_AREA(#7192);
#4183=ORIENTED_EDGE('',*,*,#7193,.T.);
#4184=ORIENTED_EDGE('',*,*,#7182,.T.);
#4185=ORIENTED_EDGE('',*,*,#7194,.T.);
#4186=ORIENTED_EDGE('',*,*,#7195,.T.);
#4187=CARTESIAN_POINT('',(1.75,0.168225560942609,0.580989852454056));
#4188=DIRECTION('',(-0.0,0.987688340595138,0.156434465040232));
#4189=DIRECTION('',(1.0,0.0,0.0));
#4190=SURFACE_STYLE_FILL_AREA(#7196);
#4191=ORIENTED_EDGE('',*,*,#7197,.F.);
#4192=ORIENTED_EDGE('',*,*,#7172,.T.);
#4193=ORIENTED_EDGE('',*,*,#7198,.F.);
#4194=ORIENTED_EDGE('',*,*,#7199,.F.);
#4195=CARTESIAN_POINT('',(4.325,-8.67361737988404E-16,3.3));
#4196=DIRECTION('',(0.0,0.0,-1.0));
#4197=DIRECTION('',(0.0,-1.0,0.0));
#4198=SURFACE_STYLE_FILL_AREA(#7200);
#4199=ORIENTED_EDGE('',*,*,#7201,.T.);
#4200=ORIENTED_EDGE('',*,*,#7168,.F.);
#4201=ORIENTED_EDGE('',*,*,#7202,.F.);
#4202=ORIENTED_EDGE('',*,*,#7203,.T.);
#4203=CARTESIAN_POINT('',(2.675,-8.67361737988404E-16,1.6));
#4204=DIRECTION('',(0.0,0.0,1.0));
#4205=DIRECTION('',(1.0,0.0,0.0));
#4206=SURFACE_STYLE_FILL_AREA(#7204);
#4207=ORIENTED_EDGE('',*,*,#7205,.F.);
#4208=ORIENTED_EDGE('',*,*,#7206,.T.);
#4209=ORIENTED_EDGE('',*,*,#7186,.F.);
#4210=ORIENTED_EDGE('',*,*,#7207,.T.);
#4211=CARTESIAN_POINT('',(-4.45,-3.5,4.3));
#4212=DIRECTION('',(0.0,0.0,-1.0));
#4213=DIRECTION('',(0.0,-1.0,0.0));
#4214=SURFACE_STYLE_FILL_AREA(#7208);
#4215=ORIENTED_EDGE('',*,*,#7209,.F.);
#4216=ORIENTED_EDGE('',*,*,#7199,.T.);
#4217=ORIENTED_EDGE('',*,*,#7210,.T.);
#4218=ORIENTED_EDGE('',*,*,#7047,.F.);
#4219=ORIENTED_EDGE('',*,*,#7211,.T.);
#4220=ORIENTED_EDGE('',*,*,#7016,.T.);
#4221=ORIENTED_EDGE('',*,*,#7212,.F.);
#4222=ORIENTED_EDGE('',*,*,#7203,.F.);
#4223=CARTESIAN_POINT('',(2.65,-8.67361737988404E-16,3.3));
#4224=DIRECTION('',(1.0,0.0,0.0));
#4225=DIRECTION('',(0.0,1.0,0.0));
#4226=SURFACE_STYLE_FILL_AREA(#7213);
#4227=ORIENTED_EDGE('',*,*,#7183,.T.);
#4228=ORIENTED_EDGE('',*,*,#7193,.F.);
#4229=ORIENTED_EDGE('',*,*,#7214,.T.);
#4230=ORIENTED_EDGE('',*,*,#7215,.F.);
#4231=ORIENTED_EDGE('',*,*,#6981,.F.);
#4232=ORIENTED_EDGE('',*,*,#7216,.T.);
#4233=ORIENTED_EDGE('',*,*,#7076,.T.);
#4234=ORIENTED_EDGE('',*,*,#7184,.T.);
#4235=ORIENTED_EDGE('',*,*,#6984,.F.);
#4236=ORIENTED_EDGE('',*,*,#7094,.F.);
#4237=ORIENTED_EDGE('',*,*,#7217,.F.);
#4238=ORIENTED_EDGE('',*,*,#6974,.F.);
#4239=CARTESIAN_POINT('',(-1.75,-3.5,9.1));
#4240=DIRECTION('',(0.0,0.0,1.0));
#4241=DIRECTION('',(1.0,0.0,0.0));
#4242=SURFACE_STYLE_FILL_AREA(#7218);
#4243=ORIENTED_EDGE('',*,*,#7219,.T.);
#4244=ORIENTED_EDGE('',*,*,#7220,.F.);
#4245=ORIENTED_EDGE('',*,*,#7221,.T.);
#4246=ORIENTED_EDGE('',*,*,#7222,.F.);
#4247=CARTESIAN_POINT('',(0.825,-8.67361737988404E-16,3.3));
#4248=DIRECTION('',(0.0,0.0,-1.0));
#4249=DIRECTION('',(0.0,-1.0,0.0));
#4250=SURFACE_STYLE_FILL_AREA(#7223);
#4251=ORIENTED_EDGE('',*,*,#7224,.F.);
#4252=ORIENTED_EDGE('',*,*,#7207,.F.);
#4253=ORIENTED_EDGE('',*,*,#7185,.F.);
#4254=ORIENTED_EDGE('',*,*,#7040,.T.);
#4255=CARTESIAN_POINT('',(4.1,-6.09475020461287,7.313959798681));
#4256=DIRECTION('',(0.0,0.999390827019096,-0.0348994967025011));
#4257=DIRECTION('',(-1.0,0.0,0.0));
#4258=SURFACE_STYLE_FILL_AREA(#7225);
#4259=ORIENTED_EDGE('',*,*,#7226,.T.);
#4260=ORIENTED_EDGE('',*,*,#7220,.T.);
#4261=ORIENTED_EDGE('',*,*,#7227,.T.);
#4262=ORIENTED_EDGE('',*,*,#7228,.T.);
#4263=ORIENTED_EDGE('',*,*,#7229,.T.);
#4264=CARTESIAN_POINT('',(1.35,-4.65394191624432,-2.85560796608386));
#4265=DIRECTION('',(0.0,0.866025403784439,-0.5));
#4266=DIRECTION('',(-1.0,0.0,0.0));
#4267=SURFACE_STYLE_FILL_AREA(#7230);
#4268=ORIENTED_EDGE('',*,*,#7057,.F.);
#4269=ORIENTED_EDGE('',*,*,#7231,.T.);
#4270=ORIENTED_EDGE('',*,*,#7226,.F.);
#4271=ORIENTED_EDGE('',*,*,#7232,.T.);
#4272=CARTESIAN_POINT('',(-4.85,-6.8,4.3));
#4273=DIRECTION('',(-0.707106781186548,0.707106781186547,0.0));
#4274=DIRECTION('',(0.0,0.0,1.0));
#4275=SURFACE_STYLE_FILL_AREA(#7233);
#4276=ORIENTED_EDGE('',*,*,#7234,.F.);
#4277=ORIENTED_EDGE('',*,*,#7026,.F.);
#4278=ORIENTED_EDGE('',*,*,#7054,.T.);
#4279=ORIENTED_EDGE('',*,*,#7232,.F.);
#4280=ORIENTED_EDGE('',*,*,#7229,.F.);
#4281=CARTESIAN_POINT('',(1.35,-1.1,1.62630325872825E-15));
#4282=DIRECTION('',(1.0,0.0,0.0));
#4283=DIRECTION('',(0.0,1.0,0.0));
#4284=SURFACE_STYLE_FILL_AREA(#7235);
#4285=ORIENTED_EDGE('',*,*,#7236,.T.);
#4286=ORIENTED_EDGE('',*,*,#7237,.F.);
#4287=ORIENTED_EDGE('',*,*,#7187,.T.);
#4288=ORIENTED_EDGE('',*,*,#7206,.F.);
#4289=CARTESIAN_POINT('',(1.75,-7.3,1.62630325872825E-15));
#4290=DIRECTION('',(0.0,-1.0,0.0));
#4291=DIRECTION('',(0.0,0.0,-1.0));
#4292=SURFACE_STYLE_FILL_AREA(#7238);
#4293=ORIENTED_EDGE('',*,*,#7056,.F.);
#4294=ORIENTED_EDGE('',*,*,#7239,.T.);
#4295=ORIENTED_EDGE('',*,*,#7240,.T.);
#4296=ORIENTED_EDGE('',*,*,#7241,.F.);
#4297=CARTESIAN_POINT('',(-0.825,-8.67361737988404E-16,1.6));
#4298=DIRECTION('',(0.0,0.0,1.0));
#4299=DIRECTION('',(1.0,0.0,0.0));
#4300=SURFACE_STYLE_FILL_AREA(#7242);
#4301=ORIENTED_EDGE('',*,*,#7243,.F.);
#4302=ORIENTED_EDGE('',*,*,#7027,.T.);
#4303=ORIENTED_EDGE('',*,*,#7234,.T.);
#4304=ORIENTED_EDGE('',*,*,#7228,.F.);
#4305=CARTESIAN_POINT('',(-2.05,-1.1,4.3));
#4306=DIRECTION('',(0.0,0.0,1.0));
#4307=DIRECTION('',(1.0,0.0,0.0));
#4308=SURFACE_STYLE_FILL_AREA(#7244);
#4309=ORIENTED_EDGE('',*,*,#7245,.F.);
#4310=ORIENTED_EDGE('',*,*,#7246,.T.);
#4311=ORIENTED_EDGE('',*,*,#7023,.F.);
#4312=ORIENTED_EDGE('',*,*,#7191,.T.);
#4313=ORIENTED_EDGE('',*,*,#6994,.F.);
#4314=ORIENTED_EDGE('',*,*,#6998,.T.);
#4315=ORIENTED_EDGE('',*,*,#7247,.F.);
#4316=ORIENTED_EDGE('',*,*,#7188,.T.);
#4317=ORIENTED_EDGE('',*,*,#7237,.T.);
#4318=ORIENTED_EDGE('',*,*,#7248,.T.);
#4319=ORIENTED_EDGE('',*,*,#7061,.F.);
#4320=ORIENTED_EDGE('',*,*,#7249,.T.);
#4321=ORIENTED_EDGE('',*,*,#7163,.T.);
#4322=ORIENTED_EDGE('',*,*,#7250,.F.);
#4323=ORIENTED_EDGE('',*,*,#7251,.T.);
#4324=ORIENTED_EDGE('',*,*,#7252,.F.);
#4325=CARTESIAN_POINT('',(1.75,-3.5,1.62630325872825E-15));
#4326=DIRECTION('',(0.0,0.0,-1.0));
#4327=DIRECTION('',(0.0,-1.0,0.0));
#4328=SURFACE_STYLE_FILL_AREA(#7253);
#4329=ORIENTED_EDGE('',*,*,#6976,.T.);
#4330=ORIENTED_EDGE('',*,*,#7215,.T.);
#4331=ORIENTED_EDGE('',*,*,#7254,.F.);
#4332=ORIENTED_EDGE('',*,*,#7255,.F.);
#4333=ORIENTED_EDGE('',*,*,#7020,.T.);
#4334=ORIENTED_EDGE('',*,*,#7256,.F.);
#4335=CARTESIAN_POINT('',(0.0,-3.5,7.1));
#4336=DIRECTION('',(0.0,0.0,1.0));
#4337=DIRECTION('',(1.0,0.0,0.0));
#4338=SURFACE_STYLE_FILL_AREA(#7257);
#4339=ORIENTED_EDGE('',*,*,#7258,.T.);
#4340=ORIENTED_EDGE('',*,*,#7259,.T.);
#4341=ORIENTED_EDGE('',*,*,#7260,.F.);
#4342=ORIENTED_EDGE('',*,*,#7261,.T.);
#4343=CARTESIAN_POINT('',(0.0,-3.275,3.31));
#4344=DIRECTION('',(0.0,0.0,1.0));
#4345=DIRECTION('',(1.0,0.0,0.0));
#4346=SURFACE_STYLE_FILL_AREA(#7262);
#4347=ORIENTED_EDGE('',*,*,#7231,.F.);
#4348=ORIENTED_EDGE('',*,*,#7241,.T.);
#4349=ORIENTED_EDGE('',*,*,#7263,.T.);
#4350=ORIENTED_EDGE('',*,*,#7052,.T.);
#4351=ORIENTED_EDGE('',*,*,#7264,.T.);
#4352=ORIENTED_EDGE('',*,*,#7258,.F.);
#4353=ORIENTED_EDGE('',*,*,#7265,.F.);
#4354=ORIENTED_EDGE('',*,*,#7221,.F.);
#4355=CARTESIAN_POINT('',(0.85,-8.67361737988404E-16,1.6));
#4356=DIRECTION('',(-1.0,0.0,0.0));
#4357=DIRECTION('',(0.0,0.0,1.0));
#4358=SURFACE_STYLE_FILL_AREA(#7266);
#4359=ORIENTED_EDGE('',*,*,#7267,.T.);
#4360=ORIENTED_EDGE('',*,*,#7118,.T.);
#4361=ORIENTED_EDGE('',*,*,#7125,.T.);
#4362=ORIENTED_EDGE('',*,*,#7197,.T.);
#4363=ORIENTED_EDGE('',*,*,#7268,.T.);
#4364=ORIENTED_EDGE('',*,*,#7269,.T.);
#4365=CARTESIAN_POINT('',(4.85,-4.65394191624432,-2.85560796608386));
#4366=DIRECTION('',(0.0,0.866025403784439,-0.5));
#4367=DIRECTION('',(-1.0,0.0,0.0));
#4368=SURFACE_STYLE_FILL_AREA(#7270);
#4369=ORIENTED_EDGE('',*,*,#7015,.T.);
#4370=ORIENTED_EDGE('',*,*,#7169,.F.);
#4371=ORIENTED_EDGE('',*,*,#7201,.F.);
#4372=ORIENTED_EDGE('',*,*,#7212,.T.);
#4373=CARTESIAN_POINT('',(2.65,-1.39,1.6));
#4374=DIRECTION('',(0.0,-1.0,0.0));
#4375=DIRECTION('',(0.0,0.0,-1.0));
#4376=SURFACE_STYLE_FILL_AREA(#7271);
#4377=ORIENTED_EDGE('',*,*,#7265,.T.);
#4378=ORIENTED_EDGE('',*,*,#7261,.F.);
#4379=ORIENTED_EDGE('',*,*,#7272,.F.);
#4380=ORIENTED_EDGE('',*,*,#7222,.T.);
#4381=CARTESIAN_POINT('',(-0.85,-1.39,3.3));
#4382=DIRECTION('',(-0.0,1.0,0.0));
#4383=DIRECTION('',(1.0,0.0,0.0));
#4384=SURFACE_STYLE_FILL_AREA(#7273);
#4385=ORIENTED_EDGE('',*,*,#7074,.T.);
#4386=ORIENTED_EDGE('',*,*,#7216,.F.);
#4387=ORIENTED_EDGE('',*,*,#6980,.F.);
#4388=ORIENTED_EDGE('',*,*,#7274,.F.);
#4389=ORIENTED_EDGE('',*,*,#7254,.T.);
#4390=ORIENTED_EDGE('',*,*,#7214,.F.);
#4391=ORIENTED_EDGE('',*,*,#7195,.F.);
#4392=ORIENTED_EDGE('',*,*,#7275,.F.);
#4393=ORIENTED_EDGE('',*,*,#7028,.F.);
#4394=ORIENTED_EDGE('',*,*,#7243,.T.);
#4395=ORIENTED_EDGE('',*,*,#7227,.F.);
#4396=ORIENTED_EDGE('',*,*,#7219,.F.);
#4397=ORIENTED_EDGE('',*,*,#7272,.T.);
#4398=ORIENTED_EDGE('',*,*,#7260,.T.);
#4399=ORIENTED_EDGE('',*,*,#7276,.F.);
#4400=ORIENTED_EDGE('',*,*,#7277,.F.);
#4401=ORIENTED_EDGE('',*,*,#7278,.F.);
#4402=ORIENTED_EDGE('',*,*,#7069,.F.);
#4403=ORIENTED_EDGE('',*,*,#7279,.F.);
#4404=ORIENTED_EDGE('',*,*,#7050,.F.);
#4405=ORIENTED_EDGE('',*,*,#7280,.F.);
#4406=ORIENTED_EDGE('',*,*,#7239,.F.);
#4407=ORIENTED_EDGE('',*,*,#7055,.F.);
#4408=ORIENTED_EDGE('',*,*,#7024,.F.);
#4409=ORIENTED_EDGE('',*,*,#7246,.F.);
#4410=ORIENTED_EDGE('',*,*,#7281,.F.);
#4411=ORIENTED_EDGE('',*,*,#7282,.F.);
#4412=ORIENTED_EDGE('',*,*,#7062,.F.);
#4413=ORIENTED_EDGE('',*,*,#7248,.F.);
#4414=ORIENTED_EDGE('',*,*,#7236,.F.);
#4415=ORIENTED_EDGE('',*,*,#7205,.T.);
#4416=ORIENTED_EDGE('',*,*,#7224,.T.);
#4417=ORIENTED_EDGE('',*,*,#7039,.F.);
#4418=CARTESIAN_POINT('',(0.0,-8.0300024,9.1));
#4419=DIRECTION('',(-1.0,0.0,0.0));
#4420=DIRECTION('',(0.0,0.0,1.0));
#4421=SURFACE_STYLE_FILL_AREA(#7283);
#4422=ORIENTED_EDGE('',*,*,#7275,.T.);
#4423=ORIENTED_EDGE('',*,*,#7194,.F.);
#4424=ORIENTED_EDGE('',*,*,#7181,.T.);
#4425=ORIENTED_EDGE('',*,*,#7029,.T.);
#4426=CARTESIAN_POINT('',(1.75,-3.5,4.8));
#4427=DIRECTION('',(0.0,0.0,1.0));
#4428=DIRECTION('',(1.0,0.0,0.0));
#4429=SURFACE_STYLE_FILL_AREA(#7284);
#4430=ORIENTED_EDGE('',*,*,#7285,.F.);
#4431=ORIENTED_EDGE('',*,*,#7037,.T.);
#4432=ORIENTED_EDGE('',*,*,#7115,.T.);
#4433=ORIENTED_EDGE('',*,*,#7267,.F.);
#4434=CARTESIAN_POINT('',(1.45,-1.1,4.3));
#4435=DIRECTION('',(0.0,0.0,1.0));
#4436=DIRECTION('',(1.0,0.0,0.0));
#4437=SURFACE_STYLE_FILL_AREA(#7286);
#4438=ORIENTED_EDGE('',*,*,#7287,.T.);
#4439=ORIENTED_EDGE('',*,*,#7034,.F.);
#4440=ORIENTED_EDGE('',*,*,#7285,.T.);
#4441=ORIENTED_EDGE('',*,*,#7269,.F.);
#4442=ORIENTED_EDGE('',*,*,#7288,.F.);
#4443=CARTESIAN_POINT('',(2.15,-1.1,1.62630325872825E-15));
#4444=DIRECTION('',(-1.0,0.0,0.0));
#4445=DIRECTION('',(0.0,0.0,1.0));
#4446=SURFACE_STYLE_FILL_AREA(#7289);
#4447=ORIENTED_EDGE('',*,*,#7290,.T.);
#4448=ORIENTED_EDGE('',*,*,#7202,.T.);
#4449=ORIENTED_EDGE('',*,*,#7123,.T.);
#4450=ORIENTED_EDGE('',*,*,#7116,.F.);
#4451=ORIENTED_EDGE('',*,*,#7035,.T.);
#4452=ORIENTED_EDGE('',*,*,#7287,.F.);
#4453=CARTESIAN_POINT('',(5.25,-8.67361737988404E-16,0.676990405704994));
#4454=DIRECTION('',(-0.0,0.642787609686539,0.766044443118978));
#4455=DIRECTION('',(1.0,0.0,0.0));
#4456=SURFACE_STYLE_FILL_AREA(#7291);
#4457=ORIENTED_EDGE('',*,*,#7209,.T.);
#4458=ORIENTED_EDGE('',*,*,#7290,.F.);
#4459=ORIENTED_EDGE('',*,*,#7288,.T.);
#4460=ORIENTED_EDGE('',*,*,#7268,.F.);
#4461=CARTESIAN_POINT('',(6.3,-4.75,4.3));
#4462=DIRECTION('',(0.707106781186548,0.707106781186547,0.0));
#4463=DIRECTION('',(0.0,0.0,-1.0));
#4464=SURFACE_STYLE_FILL_AREA(#7292);
#4465=ORIENTED_EDGE('',*,*,#7198,.T.);
#4466=ORIENTED_EDGE('',*,*,#7171,.T.);
#4467=ORIENTED_EDGE('',*,*,#7044,.F.);
#4468=ORIENTED_EDGE('',*,*,#7210,.F.);
#4469=CARTESIAN_POINT('',(2.65,-1.39,3.3));
#4470=DIRECTION('',(-0.0,1.0,0.0));
#4471=DIRECTION('',(1.0,0.0,0.0));
#4472=SURFACE_STYLE_FILL_AREA(#7293);
#4473=ORIENTED_EDGE('',*,*,#6967,.T.);
#4474=ORIENTED_EDGE('',*,*,#7217,.T.);
#4475=ORIENTED_EDGE('',*,*,#6973,.T.);
#4476=ORIENTED_EDGE('',*,*,#7005,.F.);
#4477=ORIENTED_EDGE('',*,*,#7294,.F.);
#4478=ORIENTED_EDGE('',*,*,#7066,.F.);
#4479=ORIENTED_EDGE('',*,*,#7154,.T.);
#4480=ORIENTED_EDGE('',*,*,#7295,.F.);
#4481=CARTESIAN_POINT('',(3.5,-3.5,7.1));
#4482=DIRECTION('',(0.0,0.0,1.0));
#4483=DIRECTION('',(1.0,0.0,0.0));
#4484=SURFACE_STYLE_FILL_AREA(#7296);
#4485=ORIENTED_EDGE('',*,*,#7240,.F.);
#4486=ORIENTED_EDGE('',*,*,#7280,.T.);
#4487=ORIENTED_EDGE('',*,*,#7049,.T.);
#4488=ORIENTED_EDGE('',*,*,#7263,.F.);
#4489=CARTESIAN_POINT('',(-0.85,-1.39,1.6));
#4490=DIRECTION('',(0.0,-1.0,0.0));
#4491=DIRECTION('',(0.0,0.0,-1.0));
#4492=SURFACE_STYLE_FILL_AREA(#7297);
#4493=ORIENTED_EDGE('',*,*,#7298,.T.);
#4494=ORIENTED_EDGE('',*,*,#7071,.T.);
#4495=ORIENTED_EDGE('',*,*,#7299,.F.);
#4496=ORIENTED_EDGE('',*,*,#7300,.F.);
#4497=CARTESIAN_POINT('',(0.825,-8.67361737988404E-16,1.6));
#4498=DIRECTION('',(-1.0,0.0,0.0));
#4499=DIRECTION('',(0.0,0.0,1.0));
#4500=SURFACE_STYLE_FILL_AREA(#7301);
#4501=ORIENTED_EDGE('',*,*,#7277,.T.);
#4502=ORIENTED_EDGE('',*,*,#7302,.F.);
#4503=ORIENTED_EDGE('',*,*,#7300,.T.);
#4504=ORIENTED_EDGE('',*,*,#7303,.F.);
#4505=CARTESIAN_POINT('',(0.825,-8.67361737988404E-16,3.3));
#4506=DIRECTION('',(0.0,0.0,-1.0));
#4507=DIRECTION('',(0.0,-1.0,0.0));
#4508=SURFACE_STYLE_FILL_AREA(#7304);
#4509=ORIENTED_EDGE('',*,*,#7274,.T.);
#4510=ORIENTED_EDGE('',*,*,#6979,.T.);
#4511=ORIENTED_EDGE('',*,*,#7018,.T.);
#4512=ORIENTED_EDGE('',*,*,#7255,.T.);
#4513=CARTESIAN_POINT('',(0.0,-3.5,7.35));
#4514=DIRECTION('',(0.0,-1.7E-15,1.0));
#4515=DIRECTION('',(0.0,-1.0,-1.7E-15));
#4516=SURFACE_STYLE_FILL_AREA(#7305);
#4517=ORIENTED_EDGE('',*,*,#6971,.F.);
#4518=ORIENTED_EDGE('',*,*,#7067,.T.);
#4519=ORIENTED_EDGE('',*,*,#7294,.T.);
#4520=ORIENTED_EDGE('',*,*,#7006,.T.);
#4521=CARTESIAN_POINT('',(3.15,-2.09287527205297,8.05));
#4522=DIRECTION('',(-1.0,0.0,0.0));
#4523=DIRECTION('',(0.0,0.0,1.0));
#4524=SURFACE_STYLE_FILL_AREA(#7306);
#4525=ORIENTED_EDGE('',*,*,#7211,.F.);
#4526=ORIENTED_EDGE('',*,*,#7046,.F.);
#4527=ORIENTED_EDGE('',*,*,#7170,.F.);
#4528=ORIENTED_EDGE('',*,*,#7013,.T.);
#4529=ORIENTED_EDGE('',*,*,#7082,.F.);
#4530=ORIENTED_EDGE('',*,*,#7078,.T.);
#4531=ORIENTED_EDGE('',*,*,#7307,.F.);
#4532=ORIENTED_EDGE('',*,*,#7308,.F.);
#4533=CARTESIAN_POINT('',(1.75,-1.4,2.4));
#4534=DIRECTION('',(-0.0,1.0,0.0));
#4535=DIRECTION('',(1.0,0.0,0.0));
#4536=SURFACE_STYLE_FILL_AREA(#7309);
#4537=ORIENTED_EDGE('',*,*,#7310,.F.);
#4538=ORIENTED_EDGE('',*,*,#7135,.T.);
#4539=ORIENTED_EDGE('',*,*,#7311,.F.);
#4540=ORIENTED_EDGE('',*,*,#7312,.T.);
#4541=CARTESIAN_POINT('',(4.85,-0.453156168486271,-3.5));
#4542=DIRECTION('',(0.0,0.0,-1.0));
#4543=DIRECTION('',(0.0,-1.0,0.0));
#4544=SURFACE_STYLE_FILL_AREA(#7313);
#4545=ORIENTED_EDGE('',*,*,#7311,.T.);
#4546=ORIENTED_EDGE('',*,*,#7134,.T.);
#4547=ORIENTED_EDGE('',*,*,#7161,.T.);
#4548=ORIENTED_EDGE('',*,*,#7252,.T.);
#4549=ORIENTED_EDGE('',*,*,#7314,.T.);
#4550=ORIENTED_EDGE('',*,*,#7315,.T.);
#4551=CARTESIAN_POINT('',(4.85,-3.75,-25.2469472324903));
#4552=DIRECTION('',(-1.0E-16,-1.0,0.0));
#4553=DIRECTION('',(-1.0,1.0E-16,0.0));
#4554=SURFACE_STYLE_FILL_AREA(#7316);
#4555=ORIENTED_EDGE('',*,*,#7019,.T.);
#4556=ORIENTED_EDGE('',*,*,#6977,.T.);
#4557=ORIENTED_EDGE('',*,*,#7256,.T.);
#4558=CARTESIAN_POINT('',(0.0,-3.50000000000005,8.05));
#4559=DIRECTION('',(0.0,-1.7E-15,1.0));
#4560=DIRECTION('',(0.0,-1.0,-1.7E-15));
#4561=SURFACE_STYLE_FILL_AREA(#7317);
#4562=ORIENTED_EDGE('',*,*,#7308,.T.);
#4563=ORIENTED_EDGE('',*,*,#7318,.T.);
#4564=ORIENTED_EDGE('',*,*,#7010,.F.);
#4565=ORIENTED_EDGE('',*,*,#7083,.F.);
#4566=CARTESIAN_POINT('',(2.675,-8.67361737988404E-16,1.6));
#4567=DIRECTION('',(0.0,0.0,1.0));
#4568=DIRECTION('',(1.0,0.0,0.0));
#4569=SURFACE_STYLE_FILL_AREA(#7319);
#4570=ORIENTED_EDGE('',*,*,#7250,.T.);
#4571=ORIENTED_EDGE('',*,*,#7162,.T.);
#4572=ORIENTED_EDGE('',*,*,#7136,.T.);
#4573=ORIENTED_EDGE('',*,*,#7310,.T.);
#4574=ORIENTED_EDGE('',*,*,#7320,.T.);
#4575=ORIENTED_EDGE('',*,*,#7321,.T.);
#4576=CARTESIAN_POINT('',(4.85,-3.25,-25.2469472324903));
#4577=DIRECTION('',(1.0E-48,1.0,1.0E-32));
#4578=DIRECTION('',(0.0,1.0E-32,-1.0));
#4579=SURFACE_STYLE_FILL_AREA(#7322);
#4580=ORIENTED_EDGE('',*,*,#7321,.F.);
#4581=ORIENTED_EDGE('',*,*,#7323,.F.);
#4582=ORIENTED_EDGE('',*,*,#7314,.F.);
#4583=ORIENTED_EDGE('',*,*,#7251,.F.);
#4584=CARTESIAN_POINT('',(3.05,-6.75,-25.2469472324903));
#4585=DIRECTION('',(1.0,2.0E-32,-2.0E-16));
#4586=DIRECTION('',(-2.0E-16,0.0,-1.0));
#4587=SURFACE_STYLE_FILL_AREA(#7324);
#4588=ORIENTED_EDGE('',*,*,#7323,.T.);
#4589=ORIENTED_EDGE('',*,*,#7320,.F.);
#4590=ORIENTED_EDGE('',*,*,#7312,.F.);
#4591=ORIENTED_EDGE('',*,*,#7315,.F.);
#4592=CARTESIAN_POINT('',(8.40539015606991,-3.75,-22.6865881568071));
#4593=DIRECTION('',(0.965925826289068,-1.0E-16,0.258819045102521));
#4594=DIRECTION('',(0.0,-1.0,-3.86370330515627E-16));
#4595=SURFACE_STYLE_FILL_AREA(#7325);
#4596=ORIENTED_EDGE('',*,*,#7326,.T.);
#4597=ORIENTED_EDGE('',*,*,#7327,.T.);
#4598=ORIENTED_EDGE('',*,*,#7281,.T.);
#4599=ORIENTED_EDGE('',*,*,#7245,.T.);
#4600=ORIENTED_EDGE('',*,*,#7328,.T.);
#4601=CARTESIAN_POINT('',(1.35,-3.25,-25.2469472324903));
#4602=DIRECTION('',(1.0E-48,1.0,1.0E-32));
#4603=DIRECTION('',(0.0,1.0E-32,-1.0));
#4604=SURFACE_STYLE_FILL_AREA(#7329);
#4605=ORIENTED_EDGE('',*,*,#7330,.T.);
#4606=ORIENTED_EDGE('',*,*,#7063,.F.);
#4607=ORIENTED_EDGE('',*,*,#7282,.T.);
#4608=ORIENTED_EDGE('',*,*,#7327,.F.);
#4609=CARTESIAN_POINT('',(1.35,-0.453156168486271,-3.5));
#4610=DIRECTION('',(0.0,0.0,-1.0));
#4611=DIRECTION('',(0.0,-1.0,0.0));
#4612=SURFACE_STYLE_FILL_AREA(#7331);
#4613=ORIENTED_EDGE('',*,*,#7332,.T.);
#4614=ORIENTED_EDGE('',*,*,#7059,.F.);
#4615=ORIENTED_EDGE('',*,*,#7330,.F.);
#4616=ORIENTED_EDGE('',*,*,#7326,.F.);
#4617=CARTESIAN_POINT('',(-5.52837202847226,-3.75,-25.0115881568071));
#4618=DIRECTION('',(-0.965925826289068,1.0E-16,0.258819045102521));
#4619=DIRECTION('',(1.03527618041008E-16,1.0,0.0));
#4620=SURFACE_STYLE_FILL_AREA(#7333);
#4621=ORIENTED_EDGE('',*,*,#7060,.F.);
#4622=ORIENTED_EDGE('',*,*,#7332,.F.);
#4623=ORIENTED_EDGE('',*,*,#7328,.F.);
#4624=ORIENTED_EDGE('',*,*,#7249,.F.);
#4625=CARTESIAN_POINT('',(0.45,-6.75,-25.2469472324903));
#4626=DIRECTION('',(-1.0,1.0E-16,0.0));
#4627=DIRECTION('',(0.0,0.0,1.0));
#4628=SURFACE_STYLE_FILL_AREA(#7334);
#4629=ORIENTED_EDGE('',*,*,#7299,.T.);
#4630=ORIENTED_EDGE('',*,*,#7070,.T.);
#4631=ORIENTED_EDGE('',*,*,#7278,.T.);
#4632=ORIENTED_EDGE('',*,*,#7303,.T.);
#4633=CARTESIAN_POINT('',(16.85,-6.25,-25.2469472324903));
#4634=DIRECTION('',(1.0E-48,1.0,1.0E-32));
#4635=DIRECTION('',(0.0,1.0E-32,-1.0));
#4636=SURFACE_STYLE_FILL_AREA(#7335);
#4637=ORIENTED_EDGE('',*,*,#7276,.T.);
#4638=ORIENTED_EDGE('',*,*,#7259,.F.);
#4639=ORIENTED_EDGE('',*,*,#7264,.F.);
#4640=ORIENTED_EDGE('',*,*,#7051,.T.);
#4641=ORIENTED_EDGE('',*,*,#7279,.T.);
#4642=ORIENTED_EDGE('',*,*,#7072,.F.);
#4643=ORIENTED_EDGE('',*,*,#7298,.F.);
#4644=ORIENTED_EDGE('',*,*,#7302,.T.);
#4645=CARTESIAN_POINT('',(-1.75,-1.4,2.4));
#4646=DIRECTION('',(-0.0,1.0,0.0));
#4647=DIRECTION('',(1.0,0.0,0.0));
#4648=SURFACE_STYLE_FILL_AREA(#7336);
#4649=ORIENTED_EDGE('',*,*,#7307,.T.);
#4650=ORIENTED_EDGE('',*,*,#7080,.T.);
#4651=ORIENTED_EDGE('',*,*,#7011,.F.);
#4652=ORIENTED_EDGE('',*,*,#7318,.F.);
#4653=CARTESIAN_POINT('',(2.675,-8.67361737988404E-16,3.3));
#4654=DIRECTION('',(1.0,0.0,0.0));
#4655=DIRECTION('',(0.0,1.0,0.0));
#4656=SURFACE_STYLE_FILL_AREA(#7337);
#4657=ORIENTED_EDGE('',*,*,#7110,.F.);
#4658=ORIENTED_EDGE('',*,*,#7180,.T.);
#4659=ORIENTED_EDGE('',*,*,#7099,.F.);
#4660=ORIENTED_EDGE('',*,*,#7127,.F.);
#4661=CARTESIAN_POINT('',(7.825,-8.67361737988404E-16,3.3));
#4662=DIRECTION('',(0.0,0.0,-1.0));
#4663=DIRECTION('',(0.0,-1.0,0.0));
#4664=SURFACE_STYLE_FILL_AREA(#7338);
#4665=ORIENTED_EDGE('',*,*,#6987,.F.);
#4666=ORIENTED_EDGE('',*,*,#7159,.T.);
#4667=ORIENTED_EDGE('',*,*,#7091,.T.);
#4668=ORIENTED_EDGE('',*,*,#7151,.T.);
#4669=CARTESIAN_POINT('',(6.65,-2.09287527205297,8.05));
#4670=DIRECTION('',(-1.0,0.0,0.0));
#4671=DIRECTION('',(0.0,0.0,1.0));
#4672=SURFACE_STYLE_FILL_AREA(#7339);
#4673=ORIENTED_EDGE('',*,*,#7190,.T.);
#4674=ORIENTED_EDGE('',*,*,#7340,.F.);
#4675=ORIENTED_EDGE('',*,*,#7120,.T.);
#4676=ORIENTED_EDGE('',*,*,#6991,.F.);
#4677=CARTESIAN_POINT('',(8.35,-0.453156168486271,-3.5));
#4678=DIRECTION('',(0.0,0.0,-1.0));
#4679=DIRECTION('',(0.0,-1.0,0.0));
#4680=SURFACE_STYLE_FILL_AREA(#7341);
#4681=ORIENTED_EDGE('',*,*,#7189,.T.);
#4682=ORIENTED_EDGE('',*,*,#7247,.T.);
#4683=ORIENTED_EDGE('',*,*,#6997,.T.);
#4684=ORIENTED_EDGE('',*,*,#7121,.T.);
#4685=ORIENTED_EDGE('',*,*,#7340,.T.);
#4686=CARTESIAN_POINT('',(8.35,-3.75,-25.2469472324903));
#4687=DIRECTION('',(-1.0E-16,-1.0,0.0));
#4688=DIRECTION('',(-1.0,1.0E-16,0.0));
#4689=SURFACE_STYLE_FILL_AREA(#7342);
#4690=ORIENTED_EDGE('',*,*,#7153,.T.);
#4691=ORIENTED_EDGE('',*,*,#6968,.T.);
#4692=ORIENTED_EDGE('',*,*,#7295,.T.);
#4693=CARTESIAN_POINT('',(3.5,-3.50000000000005,8.05));
#4694=DIRECTION('',(0.0,-1.7E-15,1.0));
#4695=DIRECTION('',(0.0,-1.0,-1.7E-15));
#4696=SURFACE_STYLE_FILL_AREA(#7343);
#4697=ORIENTED_EDGE('',*,*,#7112,.T.);
#4698=ORIENTED_EDGE('',*,*,#7128,.T.);
#4699=ORIENTED_EDGE('',*,*,#7097,.F.);
#4700=ORIENTED_EDGE('',*,*,#7179,.T.);
#4701=CARTESIAN_POINT('',(6.175,-8.67361737988404E-16,1.6));
#4702=DIRECTION('',(0.0,0.0,1.0));
#4703=DIRECTION('',(1.0,0.0,0.0));
#4704=SURFACE_STYLE_FILL_AREA(#7344);
#4705=ORIENTED_EDGE('',*,*,#7345,.F.);
#4706=ORIENTED_EDGE('',*,*,#7346,.F.);
#4707=ORIENTED_EDGE('',*,*,#7347,.F.);
#4708=ORIENTED_EDGE('',*,*,#7348,.F.);
#4709=ORIENTED_EDGE('',*,*,#7349,.T.);
#4710=ORIENTED_EDGE('',*,*,#7350,.T.);
#4711=CARTESIAN_POINT('',(7.0,-3.50000000000001,7.1));
#4712=DIRECTION('',(0.0,0.0,1.0));
#4713=DIRECTION('',(1.0,0.0,0.0));
#4714=SURFACE_STYLE_FILL_AREA(#7351);
#4715=ORIENTED_EDGE('',*,*,#7346,.T.);
#4716=ORIENTED_EDGE('',*,*,#7352,.T.);
#4717=ORIENTED_EDGE('',*,*,#7353,.T.);
#4718=CARTESIAN_POINT('',(6.1,-3.50000000000001,8.05));
#4719=DIRECTION('',(0.0,0.0,1.0));
#4720=DIRECTION('',(1.0,0.0,0.0));
#4721=SURFACE_STYLE_FILL_AREA(#7354);
#4722=ORIENTED_EDGE('',*,*,#7355,.F.);
#4723=ORIENTED_EDGE('',*,*,#7356,.T.);
#4724=ORIENTED_EDGE('',*,*,#7347,.T.);
#4725=ORIENTED_EDGE('',*,*,#7353,.F.);
#4726=CARTESIAN_POINT('',(7.35,-4.90712472794704,8.05));
#4727=DIRECTION('',(1.0,0.0,0.0));
#4728=DIRECTION('',(0.0,1.0,0.0));
#4729=SURFACE_STYLE_FILL_AREA(#7357);
#4730=ORIENTED_EDGE('',*,*,#7348,.T.);
#4731=ORIENTED_EDGE('',*,*,#7356,.F.);
#4732=ORIENTED_EDGE('',*,*,#7358,.T.);
#4733=ORIENTED_EDGE('',*,*,#7359,.F.);
#4734=CARTESIAN_POINT('',(6.1,-3.50000000000001,7.35));
#4735=DIRECTION('',(0.0,0.0,1.0));
#4736=DIRECTION('',(1.0,0.0,0.0));
#4737=SURFACE_STYLE_FILL_AREA(#7360);
#4738=ORIENTED_EDGE('',*,*,#7345,.T.);
#4739=ORIENTED_EDGE('',*,*,#7361,.T.);
#4740=ORIENTED_EDGE('',*,*,#7362,.F.);
#4741=ORIENTED_EDGE('',*,*,#7358,.F.);
#4742=ORIENTED_EDGE('',*,*,#7355,.T.);
#4743=ORIENTED_EDGE('',*,*,#7352,.F.);
#4744=CARTESIAN_POINT('',(7.0,-3.50000000000001,7.1));
#4745=DIRECTION('',(0.0,0.0,1.0));
#4746=DIRECTION('',(1.0,0.0,0.0));
#4747=SURFACE_STYLE_FILL_AREA(#7363);
#4748=ORIENTED_EDGE('',*,*,#7364,.T.);
#4749=ORIENTED_EDGE('',*,*,#7365,.T.);
#4750=ORIENTED_EDGE('',*,*,#7366,.T.);
#4751=ORIENTED_EDGE('',*,*,#7367,.T.);
#4752=ORIENTED_EDGE('',*,*,#7368,.T.);
#4753=ORIENTED_EDGE('',*,*,#7369,.T.);
#4754=ORIENTED_EDGE('',*,*,#7370,.T.);
#4755=ORIENTED_EDGE('',*,*,#7371,.F.);
#4756=ORIENTED_EDGE('',*,*,#7372,.F.);
#4757=ORIENTED_EDGE('',*,*,#7373,.T.);
#4758=ORIENTED_EDGE('',*,*,#7374,.F.);
#4759=ORIENTED_EDGE('',*,*,#7375,.T.);
#4760=ORIENTED_EDGE('',*,*,#7349,.F.);
#4761=ORIENTED_EDGE('',*,*,#7359,.T.);
#4762=ORIENTED_EDGE('',*,*,#7362,.T.);
#4763=ORIENTED_EDGE('',*,*,#7376,.T.);
#4764=ORIENTED_EDGE('',*,*,#7377,.T.);
#4765=ORIENTED_EDGE('',*,*,#7378,.T.);
#4766=ORIENTED_EDGE('',*,*,#7379,.T.);
#4767=ORIENTED_EDGE('',*,*,#7380,.F.);
#4768=ORIENTED_EDGE('',*,*,#7381,.T.);
#4769=ORIENTED_EDGE('',*,*,#7382,.T.);
#4770=ORIENTED_EDGE('',*,*,#7383,.F.);
#4771=ORIENTED_EDGE('',*,*,#7384,.F.);
#4772=ORIENTED_EDGE('',*,*,#7385,.T.);
#4773=ORIENTED_EDGE('',*,*,#7386,.T.);
#4774=ORIENTED_EDGE('',*,*,#7387,.T.);
#4775=ORIENTED_EDGE('',*,*,#7388,.T.);
#4776=ORIENTED_EDGE('',*,*,#7389,.T.);
#4777=ORIENTED_EDGE('',*,*,#7390,.T.);
#4778=ORIENTED_EDGE('',*,*,#7391,.T.);
#4779=ORIENTED_EDGE('',*,*,#7392,.T.);
#4780=ORIENTED_EDGE('',*,*,#7393,.T.);
#4781=CARTESIAN_POINT('',(7.0,-8.03000240000001,-3.5));
#4782=DIRECTION('',(1.0,0.0,0.0));
#4783=DIRECTION('',(0.0,1.0,0.0));
#4784=SURFACE_STYLE_FILL_AREA(#7394);
#4785=ORIENTED_EDGE('',*,*,#7395,.F.);
#4786=ORIENTED_EDGE('',*,*,#7365,.F.);
#4787=ORIENTED_EDGE('',*,*,#7396,.F.);
#4788=ORIENTED_EDGE('',*,*,#7397,.F.);
#4789=ORIENTED_EDGE('',*,*,#7398,.T.);
#4790=ORIENTED_EDGE('',*,*,#7369,.F.);
#4791=ORIENTED_EDGE('',*,*,#7399,.F.);
#4792=ORIENTED_EDGE('',*,*,#7400,.T.);
#4793=CARTESIAN_POINT('',(5.25,-3.50000000000001,-2.9137933385548E-16));
#4794=DIRECTION('',(0.0,0.0,-1.0));
#4795=DIRECTION('',(0.0,-1.0,0.0));
#4796=SURFACE_STYLE_FILL_AREA(#7401);
#4797=ORIENTED_EDGE('',*,*,#7402,.T.);
#4798=ORIENTED_EDGE('',*,*,#7403,.T.);
#4799=ORIENTED_EDGE('',*,*,#7399,.T.);
#4800=ORIENTED_EDGE('',*,*,#7368,.F.);
#4801=ORIENTED_EDGE('',*,*,#7404,.T.);
#4802=CARTESIAN_POINT('',(8.35,-3.75000000000001,-25.2469472324903));
#4803=DIRECTION('',(-1.0E-16,-1.0,0.0));
#4804=DIRECTION('',(-1.0,1.0E-16,0.0));
#4805=SURFACE_STYLE_FILL_AREA(#7405);
#4806=ORIENTED_EDGE('',*,*,#7393,.F.);
#4807=ORIENTED_EDGE('',*,*,#7406,.T.);
#4808=ORIENTED_EDGE('',*,*,#7407,.T.);
#4809=ORIENTED_EDGE('',*,*,#7408,.F.);
#4810=ORIENTED_EDGE('',*,*,#7409,.T.);
#4811=CARTESIAN_POINT('',(8.75,-5.23822128286217E-15,0.676990405704992));
#4812=DIRECTION('',(-0.0,0.642787609686539,0.766044443118978));
#4813=DIRECTION('',(1.0,0.0,0.0));
#4814=SURFACE_STYLE_FILL_AREA(#7410);
#4815=ORIENTED_EDGE('',*,*,#7411,.T.);
#4816=ORIENTED_EDGE('',*,*,#7412,.T.);
#4817=ORIENTED_EDGE('',*,*,#7384,.T.);
#4818=ORIENTED_EDGE('',*,*,#7413,.T.);
#4819=CARTESIAN_POINT('',(7.0,-3.27500000000001,3.31));
#4820=DIRECTION('',(0.0,0.0,1.0));
#4821=DIRECTION('',(1.0,0.0,0.0));
#4822=SURFACE_STYLE_FILL_AREA(#7414);
#4823=ORIENTED_EDGE('',*,*,#7415,.T.);
#4824=ORIENTED_EDGE('',*,*,#7413,.F.);
#4825=ORIENTED_EDGE('',*,*,#7383,.T.);
#4826=ORIENTED_EDGE('',*,*,#7416,.T.);
#4827=CARTESIAN_POINT('',(6.15,-1.39000000000001,3.3));
#4828=DIRECTION('',(-0.0,1.0,0.0));
#4829=DIRECTION('',(1.0,0.0,0.0));
#4830=SURFACE_STYLE_FILL_AREA(#7417);
#4831=ORIENTED_EDGE('',*,*,#7378,.F.);
#4832=ORIENTED_EDGE('',*,*,#7418,.F.);
#4833=ORIENTED_EDGE('',*,*,#7419,.F.);
#4834=ORIENTED_EDGE('',*,*,#7420,.T.);
#4835=CARTESIAN_POINT('',(5.25,-3.50000000000001,4.8));
#4836=DIRECTION('',(0.0,0.0,1.0));
#4837=DIRECTION('',(1.0,0.0,0.0));
#4838=SURFACE_STYLE_FILL_AREA(#7421);
#4839=ORIENTED_EDGE('',*,*,#7422,.T.);
#4840=ORIENTED_EDGE('',*,*,#7423,.F.);
#4841=ORIENTED_EDGE('',*,*,#7424,.T.);
#4842=ORIENTED_EDGE('',*,*,#7371,.T.);
#4843=CARTESIAN_POINT('',(-0.949999999999999,-3.50000000000001,4.3));
#4844=DIRECTION('',(0.0,0.0,-1.0));
#4845=DIRECTION('',(0.0,-1.0,0.0));
#4846=SURFACE_STYLE_FILL_AREA(#7425);
#4847=ORIENTED_EDGE('',*,*,#7380,.T.);
#4848=ORIENTED_EDGE('',*,*,#7426,.T.);
#4849=ORIENTED_EDGE('',*,*,#7427,.T.);
#4850=ORIENTED_EDGE('',*,*,#7428,.F.);
#4851=CARTESIAN_POINT('',(4.95,-1.10000000000001,4.3));
#4852=DIRECTION('',(0.0,0.0,1.0));
#4853=DIRECTION('',(1.0,0.0,0.0));
#4854=SURFACE_STYLE_FILL_AREA(#7429);
#4855=ORIENTED_EDGE('',*,*,#7427,.F.);
#4856=ORIENTED_EDGE('',*,*,#7430,.F.);
#4857=ORIENTED_EDGE('',*,*,#7408,.T.);
#4858=ORIENTED_EDGE('',*,*,#7431,.F.);
#4859=ORIENTED_EDGE('',*,*,#7432,.F.);
#4860=CARTESIAN_POINT('',(8.35,-1.10000000000001,-2.9137933385548E-16));
#4861=DIRECTION('',(1.0,0.0,0.0));
#4862=DIRECTION('',(0.0,1.0,0.0));
#4863=SURFACE_STYLE_FILL_AREA(#7433);
#4864=ORIENTED_EDGE('',*,*,#7403,.F.);
#4865=ORIENTED_EDGE('',*,*,#7434,.F.);
#4866=ORIENTED_EDGE('',*,*,#7435,.F.);
#4867=ORIENTED_EDGE('',*,*,#7400,.F.);
#4868=CARTESIAN_POINT('',(7.45,-6.75000000000001,-25.2469472324903));
#4869=DIRECTION('',(-1.0,1.0E-16,0.0));
#4870=DIRECTION('',(0.0,0.0,1.0));
#4871=SURFACE_STYLE_FILL_AREA(#7436);
#4872=ORIENTED_EDGE('',*,*,#7437,.T.);
#4873=ORIENTED_EDGE('',*,*,#7404,.F.);
#4874=ORIENTED_EDGE('',*,*,#7367,.F.);
#4875=ORIENTED_EDGE('',*,*,#7438,.T.);
#4876=CARTESIAN_POINT('',(8.35,-0.453156168486275,-3.5));
#4877=DIRECTION('',(0.0,0.0,-1.0));
#4878=DIRECTION('',(0.0,-1.0,0.0));
#4879=SURFACE_STYLE_FILL_AREA(#7439);
#4880=ORIENTED_EDGE('',*,*,#7440,.F.);
#4881=ORIENTED_EDGE('',*,*,#7396,.T.);
#4882=ORIENTED_EDGE('',*,*,#7364,.F.);
#4883=ORIENTED_EDGE('',*,*,#7409,.F.);
#4884=ORIENTED_EDGE('',*,*,#7430,.T.);
#4885=ORIENTED_EDGE('',*,*,#7426,.F.);
#4886=ORIENTED_EDGE('',*,*,#7379,.F.);
#4887=ORIENTED_EDGE('',*,*,#7420,.F.);
#4888=CARTESIAN_POINT('',(8.75,-5.23822128286217E-15,0.136126883012348));
#4889=DIRECTION('',(-0.0,1.0,0.0));
#4890=DIRECTION('',(1.0,0.0,0.0));
#4891=SURFACE_STYLE_FILL_AREA(#7441);
#4892=ORIENTED_EDGE('',*,*,#7442,.T.);
#4893=ORIENTED_EDGE('',*,*,#7397,.T.);
#4894=ORIENTED_EDGE('',*,*,#7440,.T.);
#4895=ORIENTED_EDGE('',*,*,#7419,.T.);
#4896=ORIENTED_EDGE('',*,*,#7443,.T.);
#4897=ORIENTED_EDGE('',*,*,#7444,.T.);
#4898=CARTESIAN_POINT('',(8.75,-3.50000000000001,-2.9137933385548E-16));
#4899=DIRECTION('',(1.0,0.0,0.0));
#4900=DIRECTION('',(0.0,1.0,0.0));
#4901=SURFACE_STYLE_FILL_AREA(#7445);
#4902=ORIENTED_EDGE('',*,*,#7370,.F.);
#4903=ORIENTED_EDGE('',*,*,#7398,.F.);
#4904=ORIENTED_EDGE('',*,*,#7442,.F.);
#4905=ORIENTED_EDGE('',*,*,#7446,.F.);
#4906=ORIENTED_EDGE('',*,*,#7447,.T.);
#4907=ORIENTED_EDGE('',*,*,#7422,.F.);
#4908=CARTESIAN_POINT('',(5.25,-7.30000000000001,-2.9137933385548E-16));
#4909=DIRECTION('',(0.0,-1.0,0.0));
#4910=DIRECTION('',(0.0,0.0,-1.0));
#4911=SURFACE_STYLE_FILL_AREA(#7448);
#4912=ORIENTED_EDGE('',*,*,#7449,.T.);
#4913=ORIENTED_EDGE('',*,*,#7450,.T.);
#4914=ORIENTED_EDGE('',*,*,#7451,.F.);
#4915=ORIENTED_EDGE('',*,*,#7452,.F.);
#4916=CARTESIAN_POINT('',(7.825,-5.23822128286217E-15,1.6));
#4917=DIRECTION('',(-1.0,0.0,0.0));
#4918=DIRECTION('',(0.0,0.0,1.0));
#4919=SURFACE_STYLE_FILL_AREA(#7453);
#4920=ORIENTED_EDGE('',*,*,#7406,.F.);
#4921=ORIENTED_EDGE('',*,*,#7392,.F.);
#4922=ORIENTED_EDGE('',*,*,#7454,.T.);
#4923=ORIENTED_EDGE('',*,*,#7455,.F.);
#4924=CARTESIAN_POINT('',(6.175,-5.23822128286217E-15,1.6));
#4925=DIRECTION('',(0.0,0.0,1.0));
#4926=DIRECTION('',(1.0,0.0,0.0));
#4927=SURFACE_STYLE_FILL_AREA(#7456);
#4928=ORIENTED_EDGE('',*,*,#7451,.T.);
#4929=ORIENTED_EDGE('',*,*,#7457,.T.);
#4930=ORIENTED_EDGE('',*,*,#7387,.F.);
#4931=ORIENTED_EDGE('',*,*,#7458,.T.);
#4932=CARTESIAN_POINT('',(20.35,-6.25000000000001,-25.2469472324903));
#4933=DIRECTION('',(1.0E-48,1.0,1.0E-32));
#4934=DIRECTION('',(0.0,1.0E-32,-1.0));
#4935=SURFACE_STYLE_FILL_AREA(#7459);
#4936=ORIENTED_EDGE('',*,*,#7460,.T.);
#4937=ORIENTED_EDGE('',*,*,#7438,.F.);
#4938=ORIENTED_EDGE('',*,*,#7366,.F.);
#4939=ORIENTED_EDGE('',*,*,#7395,.T.);
#4940=ORIENTED_EDGE('',*,*,#7435,.T.);
#4941=CARTESIAN_POINT('',(8.35,-3.25000000000001,-25.2469472324903));
#4942=DIRECTION('',(1.0E-48,1.0,1.0E-32));
#4943=DIRECTION('',(0.0,1.0E-32,-1.0));
#4944=SURFACE_STYLE_FILL_AREA(#7461);
#4945=ORIENTED_EDGE('',*,*,#7434,.T.);
#4946=ORIENTED_EDGE('',*,*,#7402,.F.);
#4947=ORIENTED_EDGE('',*,*,#7437,.F.);
#4948=ORIENTED_EDGE('',*,*,#7460,.F.);
#4949=CARTESIAN_POINT('',(1.47162797152774,-3.75000000000001,-25.0115881568071));
#4950=DIRECTION('',(-0.965925826289068,1.0E-16,0.258819045102521));
#4951=DIRECTION('',(1.03527618041008E-16,1.0,0.0));
#4952=SURFACE_STYLE_FILL_AREA(#7462);
#4953=ORIENTED_EDGE('',*,*,#7374,.T.);
#4954=ORIENTED_EDGE('',*,*,#7463,.T.);
#4955=ORIENTED_EDGE('',*,*,#7464,.T.);
#4956=ORIENTED_EDGE('',*,*,#7465,.T.);
#4957=CARTESIAN_POINT('',(14.6,-5.50000000000001,9.1));
#4958=DIRECTION('',(0.0,0.994521895368273,-0.104528463267653));
#4959=DIRECTION('',(-1.0,0.0,0.0));
#4960=SURFACE_STYLE_FILL_AREA(#7466);
#4961=ORIENTED_EDGE('',*,*,#7467,.F.);
#4962=ORIENTED_EDGE('',*,*,#7390,.F.);
#4963=ORIENTED_EDGE('',*,*,#7468,.F.);
#4964=ORIENTED_EDGE('',*,*,#7469,.F.);
#4965=CARTESIAN_POINT('',(7.0,-3.27500000000001,1.59));
#4966=DIRECTION('',(0.0,0.0,1.0));
#4967=DIRECTION('',(1.0,0.0,0.0));
#4968=SURFACE_STYLE_FILL_AREA(#7470);
#4969=ORIENTED_EDGE('',*,*,#7471,.F.);
#4970=ORIENTED_EDGE('',*,*,#7455,.T.);
#4971=ORIENTED_EDGE('',*,*,#7472,.T.);
#4972=ORIENTED_EDGE('',*,*,#7469,.T.);
#4973=ORIENTED_EDGE('',*,*,#7473,.T.);
#4974=ORIENTED_EDGE('',*,*,#7411,.F.);
#4975=ORIENTED_EDGE('',*,*,#7415,.F.);
#4976=ORIENTED_EDGE('',*,*,#7474,.F.);
#4977=CARTESIAN_POINT('',(7.85,-5.23822128286217E-15,1.6));
#4978=DIRECTION('',(-1.0,0.0,0.0));
#4979=DIRECTION('',(0.0,0.0,1.0));
#4980=SURFACE_STYLE_FILL_AREA(#7475);
#4981=ORIENTED_EDGE('',*,*,#7476,.T.);
#4982=ORIENTED_EDGE('',*,*,#7477,.T.);
#4983=ORIENTED_EDGE('',*,*,#7381,.F.);
#4984=ORIENTED_EDGE('',*,*,#7428,.T.);
#4985=ORIENTED_EDGE('',*,*,#7432,.T.);
#4986=CARTESIAN_POINT('',(8.35,-4.65394191624433,-2.85560796608386));
#4987=DIRECTION('',(0.0,0.866025403784439,-0.5));
#4988=DIRECTION('',(-1.0,0.0,0.0));
#4989=SURFACE_STYLE_FILL_AREA(#7478);
#4990=ORIENTED_EDGE('',*,*,#7382,.F.);
#4991=ORIENTED_EDGE('',*,*,#7477,.F.);
#4992=ORIENTED_EDGE('',*,*,#7474,.T.);
#4993=ORIENTED_EDGE('',*,*,#7416,.F.);
#4994=CARTESIAN_POINT('',(7.825,-5.23822128286217E-15,3.3));
#4995=DIRECTION('',(0.0,0.0,-1.0));
#4996=DIRECTION('',(0.0,-1.0,0.0));
#4997=SURFACE_STYLE_FILL_AREA(#7479);
#4998=ORIENTED_EDGE('',*,*,#7407,.F.);
#4999=ORIENTED_EDGE('',*,*,#7471,.T.);
#5000=ORIENTED_EDGE('',*,*,#7476,.F.);
#5001=ORIENTED_EDGE('',*,*,#7431,.T.);
#5002=CARTESIAN_POINT('',(2.15,-6.80000000000001,4.3));
#5003=DIRECTION('',(-0.707106781186548,0.707106781186547,0.0));
#5004=DIRECTION('',(0.0,0.0,1.0));
#5005=SURFACE_STYLE_FILL_AREA(#7480);
#5006=ORIENTED_EDGE('',*,*,#7373,.F.);
#5007=ORIENTED_EDGE('',*,*,#7481,.F.);
#5008=ORIENTED_EDGE('',*,*,#7482,.F.);
#5009=ORIENTED_EDGE('',*,*,#7463,.F.);
#5010=CARTESIAN_POINT('',(6.05,-3.50000000000001,7.7));
#5011=DIRECTION('',(0.0,0.0,1.0));
#5012=DIRECTION('',(1.0,0.0,0.0));
#5013=SURFACE_STYLE_FILL_AREA(#7483);
#5014=ORIENTED_EDGE('',*,*,#7372,.T.);
#5015=ORIENTED_EDGE('',*,*,#7424,.F.);
#5016=ORIENTED_EDGE('',*,*,#7484,.T.);
#5017=ORIENTED_EDGE('',*,*,#7481,.T.);
#5018=CARTESIAN_POINT('',(7.6,-6.09475020461288,7.313959798681));
#5019=DIRECTION('',(0.0,0.999390827019096,-0.0348994967025011));
#5020=DIRECTION('',(-1.0,0.0,0.0));
#5021=SURFACE_STYLE_FILL_AREA(#7485);
#5022=ORIENTED_EDGE('',*,*,#7454,.F.);
#5023=ORIENTED_EDGE('',*,*,#7391,.F.);
#5024=ORIENTED_EDGE('',*,*,#7467,.T.);
#5025=ORIENTED_EDGE('',*,*,#7472,.F.);
#5026=CARTESIAN_POINT('',(6.15,-1.39000000000001,1.6));
#5027=DIRECTION('',(0.0,-1.0,0.0));
#5028=DIRECTION('',(0.0,0.0,-1.0));
#5029=SURFACE_STYLE_FILL_AREA(#7486);
#5030=ORIENTED_EDGE('',*,*,#7388,.F.);
#5031=ORIENTED_EDGE('',*,*,#7457,.F.);
#5032=ORIENTED_EDGE('',*,*,#7450,.F.);
#5033=ORIENTED_EDGE('',*,*,#7487,.T.);
#5034=CARTESIAN_POINT('',(6.175,-5.23822128286217E-15,1.6));
#5035=DIRECTION('',(0.0,0.0,1.0));
#5036=DIRECTION('',(1.0,0.0,0.0));
#5037=SURFACE_STYLE_FILL_AREA(#7488);
#5038=ORIENTED_EDGE('',*,*,#7386,.F.);
#5039=ORIENTED_EDGE('',*,*,#7489,.F.);
#5040=ORIENTED_EDGE('',*,*,#7452,.T.);
#5041=ORIENTED_EDGE('',*,*,#7458,.F.);
#5042=CARTESIAN_POINT('',(7.825,-5.23822128286217E-15,3.3));
#5043=DIRECTION('',(0.0,0.0,-1.0));
#5044=DIRECTION('',(0.0,-1.0,0.0));
#5045=SURFACE_STYLE_FILL_AREA(#7490);
#5046=ORIENTED_EDGE('',*,*,#7389,.F.);
#5047=ORIENTED_EDGE('',*,*,#7487,.F.);
#5048=ORIENTED_EDGE('',*,*,#7449,.F.);
#5049=ORIENTED_EDGE('',*,*,#7489,.T.);
#5050=ORIENTED_EDGE('',*,*,#7385,.F.);
#5051=ORIENTED_EDGE('',*,*,#7412,.F.);
#5052=ORIENTED_EDGE('',*,*,#7473,.F.);
#5053=ORIENTED_EDGE('',*,*,#7468,.T.);
#5054=CARTESIAN_POINT('',(5.25,-1.40000000000001,2.4));
#5055=DIRECTION('',(-0.0,1.0,0.0));
#5056=DIRECTION('',(1.0,0.0,0.0));
#5057=SURFACE_STYLE_FILL_AREA(#7491);
#5058=ORIENTED_EDGE('',*,*,#7375,.F.);
#5059=ORIENTED_EDGE('',*,*,#7465,.F.);
#5060=ORIENTED_EDGE('',*,*,#7492,.T.);
#5061=ORIENTED_EDGE('',*,*,#7446,.T.);
#5062=ORIENTED_EDGE('',*,*,#7444,.F.);
#5063=ORIENTED_EDGE('',*,*,#7493,.T.);
#5064=ORIENTED_EDGE('',*,*,#7376,.F.);
#5065=ORIENTED_EDGE('',*,*,#7361,.F.);
#5066=ORIENTED_EDGE('',*,*,#7350,.F.);
#5067=CARTESIAN_POINT('',(1.75,-3.50000000000001,9.1));
#5068=DIRECTION('',(0.0,0.0,1.0));
#5069=DIRECTION('',(1.0,0.0,0.0));
#5070=SURFACE_STYLE_FILL_AREA(#7494);
#5071=ORIENTED_EDGE('',*,*,#7484,.F.);
#5072=ORIENTED_EDGE('',*,*,#7423,.T.);
#5073=ORIENTED_EDGE('',*,*,#7447,.F.);
#5074=ORIENTED_EDGE('',*,*,#7492,.F.);
#5075=ORIENTED_EDGE('',*,*,#7464,.F.);
#5076=ORIENTED_EDGE('',*,*,#7482,.T.);
#5077=CARTESIAN_POINT('',(8.25,-6.72904753830496,5.5));
#5078=DIRECTION('',(-1.0,0.0,0.0));
#5079=DIRECTION('',(0.0,0.0,1.0));
#5080=SURFACE_STYLE_FILL_AREA(#7495);
#5081=ORIENTED_EDGE('',*,*,#7377,.F.);
#5082=ORIENTED_EDGE('',*,*,#7493,.F.);
#5083=ORIENTED_EDGE('',*,*,#7443,.F.);
#5084=ORIENTED_EDGE('',*,*,#7418,.T.);
#5085=CARTESIAN_POINT('',(5.25,0.168225560942605,0.580989852454054));
#5086=DIRECTION('',(-0.0,0.987688340595138,0.156434465040232));
#5087=DIRECTION('',(1.0,0.0,0.0));
#5088=SURFACE_STYLE_FILL_AREA(#7496);
#5089=ORIENTED_EDGE('',*,*,#7497,.F.);
#5090=ORIENTED_EDGE('',*,*,#7498,.T.);
#5091=ORIENTED_EDGE('',*,*,#7499,.F.);
#5092=ORIENTED_EDGE('',*,*,#7500,.F.);
#5093=ORIENTED_EDGE('',*,*,#7501,.T.);
#5094=ORIENTED_EDGE('',*,*,#7502,.F.);
#5095=CARTESIAN_POINT('',(10.5,-3.5,7.1));
#5096=DIRECTION('',(0.0,0.0,1.0));
#5097=DIRECTION('',(1.0,0.0,0.0));
#5098=SURFACE_STYLE_FILL_AREA(#7503);
#5099=ORIENTED_EDGE('',*,*,#7504,.F.);
#5100=ORIENTED_EDGE('',*,*,#7505,.T.);
#5101=ORIENTED_EDGE('',*,*,#7506,.T.);
#5102=ORIENTED_EDGE('',*,*,#7507,.T.);
#5103=ORIENTED_EDGE('',*,*,#7508,.T.);
#5104=CARTESIAN_POINT('',(11.85,-3.75,-25.2469472324903));
#5105=DIRECTION('',(-1.0E-16,-1.0,0.0));
#5106=DIRECTION('',(-1.0,1.0E-16,0.0));
#5107=SURFACE_STYLE_FILL_AREA(#7509);
#5108=ORIENTED_EDGE('',*,*,#7510,.T.);
#5109=ORIENTED_EDGE('',*,*,#7511,.F.);
#5110=ORIENTED_EDGE('',*,*,#7512,.T.);
#5111=ORIENTED_EDGE('',*,*,#7513,.F.);
#5112=CARTESIAN_POINT('',(13.3,-4.75,4.3));
#5113=DIRECTION('',(0.707106781186548,0.707106781186547,0.0));
#5114=DIRECTION('',(0.0,0.0,-1.0));
#5115=SURFACE_STYLE_FILL_AREA(#7514);
#5116=ORIENTED_EDGE('',*,*,#7515,.F.);
#5117=ORIENTED_EDGE('',*,*,#7516,.F.);
#5118=ORIENTED_EDGE('',*,*,#7517,.F.);
#5119=ORIENTED_EDGE('',*,*,#7518,.T.);
#5120=ORIENTED_EDGE('',*,*,#7519,.F.);
#5121=ORIENTED_EDGE('',*,*,#7520,.F.);
#5122=ORIENTED_EDGE('',*,*,#7521,.F.);
#5123=ORIENTED_EDGE('',*,*,#7522,.T.);
#5124=CARTESIAN_POINT('',(8.75,-1.4,2.4));
#5125=DIRECTION('',(-0.0,1.0,0.0));
#5126=DIRECTION('',(1.0,0.0,0.0));
#5127=SURFACE_STYLE_FILL_AREA(#7523);
#5128=ORIENTED_EDGE('',*,*,#7520,.T.);
#5129=ORIENTED_EDGE('',*,*,#7524,.T.);
#5130=ORIENTED_EDGE('',*,*,#7525,.F.);
#5131=ORIENTED_EDGE('',*,*,#7526,.F.);
#5132=CARTESIAN_POINT('',(9.675,-2.60208521396521E-15,1.6));
#5133=DIRECTION('',(0.0,0.0,1.0));
#5134=DIRECTION('',(1.0,0.0,0.0));
#5135=SURFACE_STYLE_FILL_AREA(#7527);
#5136=ORIENTED_EDGE('',*,*,#7528,.F.);
#5137=ORIENTED_EDGE('',*,*,#7529,.F.);
#5138=ORIENTED_EDGE('',*,*,#7530,.T.);
#5139=ORIENTED_EDGE('',*,*,#7531,.T.);
#5140=ORIENTED_EDGE('',*,*,#7532,.T.);
#5141=CARTESIAN_POINT('',(11.85,-3.25,-25.2469472324903));
#5142=DIRECTION('',(1.0E-48,1.0,1.0E-32));
#5143=DIRECTION('',(0.0,1.0E-32,-1.0));
#5144=SURFACE_STYLE_FILL_AREA(#7533);
#5145=ORIENTED_EDGE('',*,*,#7497,.T.);
#5146=ORIENTED_EDGE('',*,*,#7534,.F.);
#5147=ORIENTED_EDGE('',*,*,#7535,.F.);
#5148=ORIENTED_EDGE('',*,*,#7536,.F.);
#5149=ORIENTED_EDGE('',*,*,#7537,.T.);
#5150=ORIENTED_EDGE('',*,*,#7538,.T.);
#5151=CARTESIAN_POINT('',(10.5,-3.5,7.1));
#5152=DIRECTION('',(0.0,0.0,1.0));
#5153=DIRECTION('',(1.0,0.0,0.0));
#5154=SURFACE_STYLE_FILL_AREA(#7539);
#5155=ORIENTED_EDGE('',*,*,#7540,.T.);
#5156=ORIENTED_EDGE('',*,*,#7541,.F.);
#5157=ORIENTED_EDGE('',*,*,#7542,.T.);
#5158=ORIENTED_EDGE('',*,*,#7543,.T.);
#5159=CARTESIAN_POINT('',(21.6,-5.5,9.1));
#5160=DIRECTION('',(0.0,0.994521895368273,-0.104528463267653));
#5161=DIRECTION('',(-1.0,0.0,0.0));
#5162=SURFACE_STYLE_FILL_AREA(#7544);
#5163=ORIENTED_EDGE('',*,*,#7545,.F.);
#5164=ORIENTED_EDGE('',*,*,#7546,.F.);
#5165=ORIENTED_EDGE('',*,*,#7547,.F.);
#5166=ORIENTED_EDGE('',*,*,#7548,.T.);
#5167=CARTESIAN_POINT('',(12.25,0.168225560942607,0.580989852454054));
#5168=DIRECTION('',(-0.0,0.987688340595138,0.156434465040232));
#5169=DIRECTION('',(1.0,0.0,0.0));
#5170=SURFACE_STYLE_FILL_AREA(#7549);
#5171=ORIENTED_EDGE('',*,*,#7550,.F.);
#5172=ORIENTED_EDGE('',*,*,#7551,.F.);
#5173=ORIENTED_EDGE('',*,*,#7552,.T.);
#5174=ORIENTED_EDGE('',*,*,#7553,.T.);
#5175=CARTESIAN_POINT('',(9.675,-2.60208521396521E-15,1.6));
#5176=DIRECTION('',(0.0,0.0,1.0));
#5177=DIRECTION('',(1.0,0.0,0.0));
#5178=SURFACE_STYLE_FILL_AREA(#7554);
#5179=ORIENTED_EDGE('',*,*,#7555,.F.);
#5180=ORIENTED_EDGE('',*,*,#7553,.F.);
#5181=ORIENTED_EDGE('',*,*,#7556,.T.);
#5182=ORIENTED_EDGE('',*,*,#7557,.T.);
#5183=CARTESIAN_POINT('',(9.65,-1.39,1.6));
#5184=DIRECTION('',(0.0,-1.0,0.0));
#5185=DIRECTION('',(0.0,0.0,-1.0));
#5186=SURFACE_STYLE_FILL_AREA(#7558);
#5187=ORIENTED_EDGE('',*,*,#7559,.F.);
#5188=ORIENTED_EDGE('',*,*,#7560,.F.);
#5189=ORIENTED_EDGE('',*,*,#7561,.T.);
#5190=ORIENTED_EDGE('',*,*,#7562,.T.);
#5191=CARTESIAN_POINT('',(14.6,-6.09475020461287,7.313959798681));
#5192=DIRECTION('',(0.0,0.999390827019096,-0.0348994967025011));
#5193=DIRECTION('',(-1.0,0.0,0.0));
#5194=SURFACE_STYLE_FILL_AREA(#7563);
#5195=ORIENTED_EDGE('',*,*,#7564,.F.);
#5196=ORIENTED_EDGE('',*,*,#7557,.F.);
#5197=ORIENTED_EDGE('',*,*,#7565,.F.);
#5198=ORIENTED_EDGE('',*,*,#7522,.F.);
#5199=CARTESIAN_POINT('',(10.5,-3.275,1.59));
#5200=DIRECTION('',(0.0,0.0,1.0));
#5201=DIRECTION('',(1.0,0.0,0.0));
#5202=SURFACE_STYLE_FILL_AREA(#7566);
#5203=ORIENTED_EDGE('',*,*,#7567,.T.);
#5204=ORIENTED_EDGE('',*,*,#7516,.T.);
#5205=ORIENTED_EDGE('',*,*,#7568,.T.);
#5206=ORIENTED_EDGE('',*,*,#7569,.T.);
#5207=CARTESIAN_POINT('',(10.5,-3.275,3.31));
#5208=DIRECTION('',(0.0,0.0,1.0));
#5209=DIRECTION('',(1.0,0.0,0.0));
#5210=SURFACE_STYLE_FILL_AREA(#7570);
#5211=ORIENTED_EDGE('',*,*,#7571,.F.);
#5212=ORIENTED_EDGE('',*,*,#7572,.T.);
#5213=ORIENTED_EDGE('',*,*,#7513,.T.);
#5214=ORIENTED_EDGE('',*,*,#7573,.T.);
#5215=ORIENTED_EDGE('',*,*,#7574,.T.);
#5216=CARTESIAN_POINT('',(11.85,-4.65394191624432,-2.85560796608386));
#5217=DIRECTION('',(0.0,0.866025403784439,-0.5));
#5218=DIRECTION('',(-1.0,0.0,0.0));
#5219=SURFACE_STYLE_FILL_AREA(#7575);
#5220=ORIENTED_EDGE('',*,*,#7576,.T.);
#5221=ORIENTED_EDGE('',*,*,#7577,.T.);
#5222=ORIENTED_EDGE('',*,*,#7545,.T.);
#5223=ORIENTED_EDGE('',*,*,#7578,.T.);
#5224=ORIENTED_EDGE('',*,*,#7579,.T.);
#5225=ORIENTED_EDGE('',*,*,#7580,.T.);
#5226=CARTESIAN_POINT('',(8.75,-8.0300024,-3.63237082079152));
#5227=DIRECTION('',(1.0,0.0,0.0));
#5228=DIRECTION('',(0.0,1.0,0.0));
#5229=SURFACE_STYLE_FILL_AREA(#7581);
#5230=ORIENTED_EDGE('',*,*,#7582,.F.);
#5231=ORIENTED_EDGE('',*,*,#7525,.T.);
#5232=ORIENTED_EDGE('',*,*,#7583,.T.);
#5233=ORIENTED_EDGE('',*,*,#7584,.T.);
#5234=CARTESIAN_POINT('',(27.35,-6.25,-25.2469472324903));
#5235=DIRECTION('',(1.0E-48,1.0,1.0E-32));
#5236=DIRECTION('',(0.0,1.0E-32,-1.0));
#5237=SURFACE_STYLE_FILL_AREA(#7585);
#5238=ORIENTED_EDGE('',*,*,#7531,.F.);
#5239=ORIENTED_EDGE('',*,*,#7586,.F.);
#5240=ORIENTED_EDGE('',*,*,#7506,.F.);
#5241=ORIENTED_EDGE('',*,*,#7587,.F.);
#5242=CARTESIAN_POINT('',(10.05,-6.75,-25.2469472324903));
#5243=DIRECTION('',(1.0,2.0E-32,-2.0E-16));
#5244=DIRECTION('',(-2.0E-16,0.0,-1.0));
#5245=SURFACE_STYLE_FILL_AREA(#7588);
#5246=ORIENTED_EDGE('',*,*,#7589,.F.);
#5247=ORIENTED_EDGE('',*,*,#7590,.T.);
#5248=ORIENTED_EDGE('',*,*,#7591,.F.);
#5249=ORIENTED_EDGE('',*,*,#7511,.T.);
#5250=ORIENTED_EDGE('',*,*,#7551,.T.);
#5251=CARTESIAN_POINT('',(19.25,-2.60208521396521E-15,0.676990405704992));
#5252=DIRECTION('',(-0.0,0.642787609686539,0.766044443118978));
#5253=DIRECTION('',(1.0,0.0,0.0));
#5254=SURFACE_STYLE_FILL_AREA(#7592);
#5255=ORIENTED_EDGE('',*,*,#7593,.F.);
#5256=ORIENTED_EDGE('',*,*,#7594,.T.);
#5257=ORIENTED_EDGE('',*,*,#7579,.F.);
#5258=ORIENTED_EDGE('',*,*,#7595,.F.);
#5259=ORIENTED_EDGE('',*,*,#7596,.F.);
#5260=ORIENTED_EDGE('',*,*,#7597,.F.);
#5261=ORIENTED_EDGE('',*,*,#7598,.T.);
#5262=ORIENTED_EDGE('',*,*,#7590,.F.);
#5263=CARTESIAN_POINT('',(15.75,-2.60208521396521E-15,0.136126883012348));
#5264=DIRECTION('',(-0.0,1.0,0.0));
#5265=DIRECTION('',(1.0,0.0,0.0));
#5266=SURFACE_STYLE_FILL_AREA(#7599);
#5267=ORIENTED_EDGE('',*,*,#7600,.T.);
#5268=ORIENTED_EDGE('',*,*,#7569,.F.);
#5269=ORIENTED_EDGE('',*,*,#7601,.F.);
#5270=ORIENTED_EDGE('',*,*,#7602,.T.);
#5271=CARTESIAN_POINT('',(9.65,-1.39,3.3));
#5272=DIRECTION('',(-0.0,1.0,0.0));
#5273=DIRECTION('',(1.0,0.0,0.0));
#5274=SURFACE_STYLE_FILL_AREA(#7603);
#5275=ORIENTED_EDGE('',*,*,#7586,.T.);
#5276=ORIENTED_EDGE('',*,*,#7530,.F.);
#5277=ORIENTED_EDGE('',*,*,#7604,.F.);
#5278=ORIENTED_EDGE('',*,*,#7507,.F.);
#5279=CARTESIAN_POINT('',(15.4053901560699,-3.75,-22.6865881568071));
#5280=DIRECTION('',(0.965925826289068,-1.0E-16,0.258819045102521));
#5281=DIRECTION('',(0.0,-1.0,-3.86370330515627E-16));
#5282=SURFACE_STYLE_FILL_AREA(#7605);
#5283=ORIENTED_EDGE('',*,*,#7606,.T.);
#5284=ORIENTED_EDGE('',*,*,#7560,.T.);
#5285=ORIENTED_EDGE('',*,*,#7607,.T.);
#5286=ORIENTED_EDGE('',*,*,#7608,.T.);
#5287=CARTESIAN_POINT('',(6.05,-3.5,4.3));
#5288=DIRECTION('',(0.0,0.0,-1.0));
#5289=DIRECTION('',(0.0,-1.0,0.0));
#5290=SURFACE_STYLE_FILL_AREA(#7609);
#5291=ORIENTED_EDGE('',*,*,#7610,.T.);
#5292=ORIENTED_EDGE('',*,*,#7500,.T.);
#5293=ORIENTED_EDGE('',*,*,#7611,.F.);
#5294=ORIENTED_EDGE('',*,*,#7536,.T.);
#5295=CARTESIAN_POINT('',(10.5,-3.5,7.35));
#5296=DIRECTION('',(0.0,-1.7E-15,1.0));
#5297=DIRECTION('',(0.0,-1.0,-1.7E-15));
#5298=SURFACE_STYLE_FILL_AREA(#7612);
#5299=ORIENTED_EDGE('',*,*,#7613,.F.);
#5300=ORIENTED_EDGE('',*,*,#7597,.T.);
#5301=ORIENTED_EDGE('',*,*,#7614,.T.);
#5302=ORIENTED_EDGE('',*,*,#7574,.F.);
#5303=CARTESIAN_POINT('',(8.45,-1.1,4.3));
#5304=DIRECTION('',(0.0,0.0,1.0));
#5305=DIRECTION('',(1.0,0.0,0.0));
#5306=SURFACE_STYLE_FILL_AREA(#7615);
#5307=ORIENTED_EDGE('',*,*,#7519,.T.);
#5308=ORIENTED_EDGE('',*,*,#7616,.T.);
#5309=ORIENTED_EDGE('',*,*,#7583,.F.);
#5310=ORIENTED_EDGE('',*,*,#7524,.F.);
#5311=CARTESIAN_POINT('',(9.675,-2.60208521396521E-15,3.3));
#5312=DIRECTION('',(1.0,0.0,0.0));
#5313=DIRECTION('',(0.0,1.0,0.0));
#5314=SURFACE_STYLE_FILL_AREA(#7617);
#5315=ORIENTED_EDGE('',*,*,#7618,.T.);
#5316=ORIENTED_EDGE('',*,*,#7534,.T.);
#5317=ORIENTED_EDGE('',*,*,#7502,.T.);
#5318=CARTESIAN_POINT('',(10.5,-3.50000000000005,8.05));
#5319=DIRECTION('',(0.0,-1.7E-15,1.0));
#5320=DIRECTION('',(0.0,-1.0,-1.7E-15));
#5321=SURFACE_STYLE_FILL_AREA(#7619);
#5322=ORIENTED_EDGE('',*,*,#7548,.F.);
#5323=ORIENTED_EDGE('',*,*,#7620,.F.);
#5324=ORIENTED_EDGE('',*,*,#7595,.T.);
#5325=ORIENTED_EDGE('',*,*,#7578,.F.);
#5326=CARTESIAN_POINT('',(12.25,-3.5,4.8));
#5327=DIRECTION('',(0.0,0.0,1.0));
#5328=DIRECTION('',(1.0,0.0,0.0));
#5329=SURFACE_STYLE_FILL_AREA(#7621);
#5330=ORIENTED_EDGE('',*,*,#7610,.F.);
#5331=ORIENTED_EDGE('',*,*,#7535,.T.);
#5332=ORIENTED_EDGE('',*,*,#7618,.F.);
#5333=ORIENTED_EDGE('',*,*,#7501,.F.);
#5334=CARTESIAN_POINT('',(10.15,-3.5,8.05));
#5335=DIRECTION('',(-1.0,0.0,0.0));
#5336=DIRECTION('',(0.0,0.0,1.0));
#5337=SURFACE_STYLE_FILL_AREA(#7622);
#5338=ORIENTED_EDGE('',*,*,#7580,.F.);
#5339=ORIENTED_EDGE('',*,*,#7594,.F.);
#5340=ORIENTED_EDGE('',*,*,#7623,.F.);
#5341=ORIENTED_EDGE('',*,*,#7532,.F.);
#5342=ORIENTED_EDGE('',*,*,#7587,.T.);
#5343=ORIENTED_EDGE('',*,*,#7505,.F.);
#5344=ORIENTED_EDGE('',*,*,#7624,.F.);
#5345=ORIENTED_EDGE('',*,*,#7625,.T.);
#5346=CARTESIAN_POINT('',(12.25,-3.5,0.0));
#5347=DIRECTION('',(0.0,0.0,-1.0));
#5348=DIRECTION('',(0.0,-1.0,0.0));
#5349=SURFACE_STYLE_FILL_AREA(#7626);
#5350=ORIENTED_EDGE('',*,*,#7576,.F.);
#5351=ORIENTED_EDGE('',*,*,#7625,.F.);
#5352=ORIENTED_EDGE('',*,*,#7627,.F.);
#5353=ORIENTED_EDGE('',*,*,#7608,.F.);
#5354=ORIENTED_EDGE('',*,*,#7628,.F.);
#5355=ORIENTED_EDGE('',*,*,#7629,.F.);
#5356=CARTESIAN_POINT('',(12.25,-7.3,0.0));
#5357=DIRECTION('',(0.0,-1.0,0.0));
#5358=DIRECTION('',(0.0,0.0,-1.0));
#5359=SURFACE_STYLE_FILL_AREA(#7630);
#5360=ORIENTED_EDGE('',*,*,#7562,.F.);
#5361=ORIENTED_EDGE('',*,*,#7631,.F.);
#5362=ORIENTED_EDGE('',*,*,#7542,.F.);
#5363=ORIENTED_EDGE('',*,*,#7632,.T.);
#5364=CARTESIAN_POINT('',(13.05,-3.5,7.7));
#5365=DIRECTION('',(0.0,0.0,1.0));
#5366=DIRECTION('',(1.0,0.0,0.0));
#5367=SURFACE_STYLE_FILL_AREA(#7633);
#5368=ORIENTED_EDGE('',*,*,#7572,.F.);
#5369=ORIENTED_EDGE('',*,*,#7634,.F.);
#5370=ORIENTED_EDGE('',*,*,#7602,.F.);
#5371=ORIENTED_EDGE('',*,*,#7635,.F.);
#5372=CARTESIAN_POINT('',(11.325,-2.60208521396521E-15,3.3));
#5373=DIRECTION('',(0.0,0.0,-1.0));
#5374=DIRECTION('',(0.0,-1.0,0.0));
#5375=SURFACE_STYLE_FILL_AREA(#7636);
#5376=ORIENTED_EDGE('',*,*,#7543,.F.);
#5377=ORIENTED_EDGE('',*,*,#7631,.T.);
#5378=ORIENTED_EDGE('',*,*,#7561,.F.);
#5379=ORIENTED_EDGE('',*,*,#7606,.F.);
#5380=ORIENTED_EDGE('',*,*,#7627,.T.);
#5381=ORIENTED_EDGE('',*,*,#7624,.T.);
#5382=ORIENTED_EDGE('',*,*,#7504,.T.);
#5383=ORIENTED_EDGE('',*,*,#7637,.T.);
#5384=ORIENTED_EDGE('',*,*,#7528,.T.);
#5385=ORIENTED_EDGE('',*,*,#7623,.T.);
#5386=ORIENTED_EDGE('',*,*,#7593,.T.);
#5387=ORIENTED_EDGE('',*,*,#7589,.T.);
#5388=ORIENTED_EDGE('',*,*,#7550,.T.);
#5389=ORIENTED_EDGE('',*,*,#7555,.T.);
#5390=ORIENTED_EDGE('',*,*,#7564,.T.);
#5391=ORIENTED_EDGE('',*,*,#7521,.T.);
#5392=ORIENTED_EDGE('',*,*,#7526,.T.);
#5393=ORIENTED_EDGE('',*,*,#7582,.T.);
#5394=ORIENTED_EDGE('',*,*,#7638,.T.);
#5395=ORIENTED_EDGE('',*,*,#7517,.T.);
#5396=ORIENTED_EDGE('',*,*,#7567,.F.);
#5397=ORIENTED_EDGE('',*,*,#7600,.F.);
#5398=ORIENTED_EDGE('',*,*,#7634,.T.);
#5399=ORIENTED_EDGE('',*,*,#7571,.T.);
#5400=ORIENTED_EDGE('',*,*,#7614,.F.);
#5401=ORIENTED_EDGE('',*,*,#7596,.T.);
#5402=ORIENTED_EDGE('',*,*,#7620,.T.);
#5403=ORIENTED_EDGE('',*,*,#7547,.T.);
#5404=ORIENTED_EDGE('',*,*,#7639,.T.);
#5405=ORIENTED_EDGE('',*,*,#7537,.F.);
#5406=ORIENTED_EDGE('',*,*,#7611,.T.);
#5407=ORIENTED_EDGE('',*,*,#7499,.T.);
#5408=ORIENTED_EDGE('',*,*,#7640,.T.);
#5409=CARTESIAN_POINT('',(10.5,-8.0300024,9.1));
#5410=DIRECTION('',(-1.0,0.0,0.0));
#5411=DIRECTION('',(0.0,0.0,1.0));
#5412=SURFACE_STYLE_FILL_AREA(#7641);
#5413=ORIENTED_EDGE('',*,*,#7591,.T.);
#5414=ORIENTED_EDGE('',*,*,#7598,.F.);
#5415=ORIENTED_EDGE('',*,*,#7613,.T.);
#5416=ORIENTED_EDGE('',*,*,#7573,.F.);
#5417=ORIENTED_EDGE('',*,*,#7512,.F.);
#5418=CARTESIAN_POINT('',(9.15,-1.1,0.0));
#5419=DIRECTION('',(-1.0,0.0,0.0));
#5420=DIRECTION('',(0.0,0.0,1.0));
#5421=SURFACE_STYLE_FILL_AREA(#7642);
#5422=ORIENTED_EDGE('',*,*,#7518,.F.);
#5423=ORIENTED_EDGE('',*,*,#7638,.F.);
#5424=ORIENTED_EDGE('',*,*,#7584,.F.);
#5425=ORIENTED_EDGE('',*,*,#7616,.F.);
#5426=CARTESIAN_POINT('',(11.325,-2.60208521396521E-15,3.3));
#5427=DIRECTION('',(0.0,0.0,-1.0));
#5428=DIRECTION('',(0.0,-1.0,0.0));
#5429=SURFACE_STYLE_FILL_AREA(#7643);
#5430=ORIENTED_EDGE('',*,*,#7629,.T.);
#5431=ORIENTED_EDGE('',*,*,#7644,.F.);
#5432=ORIENTED_EDGE('',*,*,#7540,.F.);
#5433=ORIENTED_EDGE('',*,*,#7640,.F.);
#5434=ORIENTED_EDGE('',*,*,#7498,.F.);
#5435=ORIENTED_EDGE('',*,*,#7538,.F.);
#5436=ORIENTED_EDGE('',*,*,#7639,.F.);
#5437=ORIENTED_EDGE('',*,*,#7546,.T.);
#5438=ORIENTED_EDGE('',*,*,#7577,.F.);
#5439=CARTESIAN_POINT('',(8.75,-3.5,9.1));
#5440=DIRECTION('',(0.0,0.0,1.0));
#5441=DIRECTION('',(1.0,0.0,0.0));
#5442=SURFACE_STYLE_FILL_AREA(#7645);
#5443=ORIENTED_EDGE('',*,*,#7510,.F.);
#5444=ORIENTED_EDGE('',*,*,#7635,.T.);
#5445=ORIENTED_EDGE('',*,*,#7601,.T.);
#5446=ORIENTED_EDGE('',*,*,#7568,.F.);
#5447=ORIENTED_EDGE('',*,*,#7515,.T.);
#5448=ORIENTED_EDGE('',*,*,#7565,.T.);
#5449=ORIENTED_EDGE('',*,*,#7556,.F.);
#5450=ORIENTED_EDGE('',*,*,#7552,.F.);
#5451=CARTESIAN_POINT('',(9.65,-2.60208521396521E-15,3.3));
#5452=DIRECTION('',(1.0,0.0,0.0));
#5453=DIRECTION('',(0.0,1.0,0.0));
#5454=SURFACE_STYLE_FILL_AREA(#7646);
#5455=ORIENTED_EDGE('',*,*,#7632,.F.);
#5456=ORIENTED_EDGE('',*,*,#7541,.T.);
#5457=ORIENTED_EDGE('',*,*,#7644,.T.);
#5458=ORIENTED_EDGE('',*,*,#7628,.T.);
#5459=ORIENTED_EDGE('',*,*,#7607,.F.);
#5460=ORIENTED_EDGE('',*,*,#7559,.T.);
#5461=CARTESIAN_POINT('',(9.25,-3.5,4.8));
#5462=DIRECTION('',(-1.0,0.0,0.0));
#5463=DIRECTION('',(0.0,0.0,1.0));
#5464=SURFACE_STYLE_FILL_AREA(#7647);
#5465=ORIENTED_EDGE('',*,*,#7637,.F.);
#5466=ORIENTED_EDGE('',*,*,#7508,.F.);
#5467=ORIENTED_EDGE('',*,*,#7604,.T.);
#5468=ORIENTED_EDGE('',*,*,#7529,.T.);
#5469=CARTESIAN_POINT('',(11.85,-0.453156168486273,-3.5));
#5470=DIRECTION('',(0.0,0.0,-1.0));
#5471=DIRECTION('',(0.0,-1.0,0.0));
#5472=SURFACE_STYLE_FILL_AREA(#7648);
#5473=ORIENTED_EDGE('',*,*,#7649,.F.);
#5474=ORIENTED_EDGE('',*,*,#7650,.F.);
#5475=ORIENTED_EDGE('',*,*,#7651,.F.);
#5476=ORIENTED_EDGE('',*,*,#7652,.F.);
#5477=ORIENTED_EDGE('',*,*,#7653,.T.);
#5478=ORIENTED_EDGE('',*,*,#7654,.F.);
#5479=ORIENTED_EDGE('',*,*,#7655,.F.);
#5480=ORIENTED_EDGE('',*,*,#7656,.T.);
#5481=CARTESIAN_POINT('',(14.0,-3.5,7.1));
#5482=DIRECTION('',(0.0,0.0,1.0));
#5483=DIRECTION('',(1.0,0.0,0.0));
#5484=SURFACE_STYLE_FILL_AREA(#7657);
#5485=ORIENTED_EDGE('',*,*,#7658,.F.);
#5486=ORIENTED_EDGE('',*,*,#7659,.F.);
#5487=ORIENTED_EDGE('',*,*,#7660,.F.);
#5488=ORIENTED_EDGE('',*,*,#7661,.F.);
#5489=ORIENTED_EDGE('',*,*,#7662,.T.);
#5490=ORIENTED_EDGE('',*,*,#7663,.T.);
#5491=CARTESIAN_POINT('',(10.5,-3.5,7.1));
#5492=DIRECTION('',(0.0,0.0,1.0));
#5493=DIRECTION('',(1.0,0.0,0.0));
#5494=SURFACE_STYLE_FILL_AREA(#7664);
#5495=ORIENTED_EDGE('',*,*,#7665,.F.);
#5496=ORIENTED_EDGE('',*,*,#7666,.T.);
#5497=ORIENTED_EDGE('',*,*,#7667,.F.);
#5498=ORIENTED_EDGE('',*,*,#7668,.F.);
#5499=ORIENTED_EDGE('',*,*,#7669,.T.);
#5500=ORIENTED_EDGE('',*,*,#7670,.F.);
#5501=CARTESIAN_POINT('',(17.5,-3.5,7.1));
#5502=DIRECTION('',(0.0,0.0,1.0));
#5503=DIRECTION('',(1.0,0.0,0.0));
#5504=SURFACE_STYLE_FILL_AREA(#7671);
#5505=ORIENTED_EDGE('',*,*,#7672,.T.);
#5506=ORIENTED_EDGE('',*,*,#7673,.T.);
#5507=ORIENTED_EDGE('',*,*,#7674,.T.);
#5508=ORIENTED_EDGE('',*,*,#7675,.T.);
#5509=ORIENTED_EDGE('',*,*,#7676,.T.);
#5510=CARTESIAN_POINT('',(18.85,-3.25,-25.2469472324903));
#5511=DIRECTION('',(1.0E-48,1.0,1.0E-32));
#5512=DIRECTION('',(0.0,1.0E-32,-1.0));
#5513=SURFACE_STYLE_FILL_AREA(#7677);
#5514=ORIENTED_EDGE('',*,*,#7675,.F.);
#5515=ORIENTED_EDGE('',*,*,#7678,.F.);
#5516=ORIENTED_EDGE('',*,*,#7679,.F.);
#5517=ORIENTED_EDGE('',*,*,#7680,.F.);
#5518=CARTESIAN_POINT('',(17.05,-6.75,-25.2469472324903));
#5519=DIRECTION('',(1.0,2.0E-32,-2.0E-16));
#5520=DIRECTION('',(-2.0E-16,0.0,-1.0));
#5521=SURFACE_STYLE_FILL_AREA(#7681);
#5522=ORIENTED_EDGE('',*,*,#7682,.T.);
#5523=ORIENTED_EDGE('',*,*,#7683,.F.);
#5524=ORIENTED_EDGE('',*,*,#7684,.F.);
#5525=ORIENTED_EDGE('',*,*,#7685,.F.);
#5526=CARTESIAN_POINT('',(17.5,-3.275,1.59));
#5527=DIRECTION('',(0.0,0.0,1.0));
#5528=DIRECTION('',(1.0,0.0,0.0));
#5529=SURFACE_STYLE_FILL_AREA(#7686);
#5530=ORIENTED_EDGE('',*,*,#7687,.T.);
#5531=ORIENTED_EDGE('',*,*,#7654,.T.);
#5532=ORIENTED_EDGE('',*,*,#7688,.F.);
#5533=CARTESIAN_POINT('',(13.1,-3.5,8.05));
#5534=DIRECTION('',(0.0,0.0,1.0));
#5535=DIRECTION('',(1.0,0.0,0.0));
#5536=SURFACE_STYLE_FILL_AREA(#7689);
#5537=ORIENTED_EDGE('',*,*,#7690,.T.);
#5538=ORIENTED_EDGE('',*,*,#7691,.T.);
#5539=ORIENTED_EDGE('',*,*,#7692,.T.);
#5540=ORIENTED_EDGE('',*,*,#7693,.T.);
#5541=CARTESIAN_POINT('',(27.35,-6.25,-25.2469472324903));
#5542=DIRECTION('',(1.0E-48,1.0,1.0E-32));
#5543=DIRECTION('',(0.0,1.0E-32,-1.0));
#5544=SURFACE_STYLE_FILL_AREA(#7694);
#5545=ORIENTED_EDGE('',*,*,#7695,.F.);
#5546=ORIENTED_EDGE('',*,*,#7696,.F.);
#5547=ORIENTED_EDGE('',*,*,#7697,.F.);
#5548=ORIENTED_EDGE('',*,*,#7698,.F.);
#5549=CARTESIAN_POINT('',(14.0,-3.275,1.59));
#5550=DIRECTION('',(0.0,0.0,1.0));
#5551=DIRECTION('',(1.0,0.0,0.0));
#5552=SURFACE_STYLE_FILL_AREA(#7699);
#5553=ORIENTED_EDGE('',*,*,#7700,.F.);
#5554=ORIENTED_EDGE('',*,*,#7660,.T.);
#5555=ORIENTED_EDGE('',*,*,#7701,.F.);
#5556=ORIENTED_EDGE('',*,*,#7702,.F.);
#5557=CARTESIAN_POINT('',(10.85,-3.5,8.05));
#5558=DIRECTION('',(1.0,0.0,0.0));
#5559=DIRECTION('',(0.0,1.0,0.0));
#5560=SURFACE_STYLE_FILL_AREA(#7703);
#5561=ORIENTED_EDGE('',*,*,#7704,.T.);
#5562=ORIENTED_EDGE('',*,*,#7705,.T.);
#5563=ORIENTED_EDGE('',*,*,#7706,.T.);
#5564=ORIENTED_EDGE('',*,*,#7707,.F.);
#5565=ORIENTED_EDGE('',*,*,#7708,.T.);
#5566=ORIENTED_EDGE('',*,*,#7709,.F.);
#5567=ORIENTED_EDGE('',*,*,#7710,.T.);
#5568=ORIENTED_EDGE('',*,*,#7711,.F.);
#5569=ORIENTED_EDGE('',*,*,#7712,.T.);
#5570=ORIENTED_EDGE('',*,*,#7713,.F.);
#5571=ORIENTED_EDGE('',*,*,#7714,.T.);
#5572=ORIENTED_EDGE('',*,*,#7715,.F.);
#5573=ORIENTED_EDGE('',*,*,#7716,.T.);
#5574=ORIENTED_EDGE('',*,*,#7717,.F.);
#5575=ORIENTED_EDGE('',*,*,#7718,.T.);
#5576=ORIENTED_EDGE('',*,*,#7719,.F.);
#5577=CARTESIAN_POINT('',(15.75,-3.46944695195361E-15,0.13612688301235));
#5578=DIRECTION('',(-0.0,1.0,0.0));
#5579=DIRECTION('',(1.0,0.0,0.0));
#5580=SURFACE_STYLE_FILL_AREA(#7720);
#5581=ORIENTED_EDGE('',*,*,#7721,.T.);
#5582=ORIENTED_EDGE('',*,*,#7722,.F.);
#5583=ORIENTED_EDGE('',*,*,#7723,.T.);
#5584=ORIENTED_EDGE('',*,*,#7724,.F.);
#5585=CARTESIAN_POINT('',(13.05,-3.5,7.7));
#5586=DIRECTION('',(0.0,0.0,1.0));
#5587=DIRECTION('',(1.0,0.0,0.0));
#5588=SURFACE_STYLE_FILL_AREA(#7725);
#5589=ORIENTED_EDGE('',*,*,#7726,.T.);
#5590=ORIENTED_EDGE('',*,*,#7727,.T.);
#5591=ORIENTED_EDGE('',*,*,#7728,.T.);
#5592=ORIENTED_EDGE('',*,*,#7729,.T.);
#5593=CARTESIAN_POINT('',(14.0,-3.275,3.31));
#5594=DIRECTION('',(0.0,0.0,1.0));
#5595=DIRECTION('',(1.0,0.0,0.0));
#5596=SURFACE_STYLE_FILL_AREA(#7730);
#5597=ORIENTED_EDGE('',*,*,#7731,.F.);
#5598=ORIENTED_EDGE('',*,*,#7732,.T.);
#5599=ORIENTED_EDGE('',*,*,#7733,.F.);
#5600=ORIENTED_EDGE('',*,*,#7734,.F.);
#5601=CARTESIAN_POINT('',(10.5,-3.275,1.59));
#5602=DIRECTION('',(0.0,0.0,1.0));
#5603=DIRECTION('',(1.0,0.0,0.0));
#5604=SURFACE_STYLE_FILL_AREA(#7735);
#5605=ORIENTED_EDGE('',*,*,#7736,.F.);
#5606=ORIENTED_EDGE('',*,*,#7707,.T.);
#5607=ORIENTED_EDGE('',*,*,#7737,.T.);
#5608=ORIENTED_EDGE('',*,*,#7738,.T.);
#5609=ORIENTED_EDGE('',*,*,#7739,.T.);
#5610=CARTESIAN_POINT('',(19.25,-3.46944695195361E-15,0.676990405704994));
#5611=DIRECTION('',(-0.0,0.642787609686539,0.766044443118978));
#5612=DIRECTION('',(1.0,0.0,0.0));
#5613=SURFACE_STYLE_FILL_AREA(#7740);
#5614=ORIENTED_EDGE('',*,*,#7741,.T.);
#5615=ORIENTED_EDGE('',*,*,#7742,.T.);
#5616=ORIENTED_EDGE('',*,*,#7743,.T.);
#5617=ORIENTED_EDGE('',*,*,#7744,.T.);
#5618=ORIENTED_EDGE('',*,*,#7745,.T.);
#5619=CARTESIAN_POINT('',(11.85,-3.75,-25.2469472324903));
#5620=DIRECTION('',(-1.0E-16,-1.0,0.0));
#5621=DIRECTION('',(-1.0,1.0E-16,0.0));
#5622=SURFACE_STYLE_FILL_AREA(#7746);
#5623=ORIENTED_EDGE('',*,*,#7652,.T.);
#5624=ORIENTED_EDGE('',*,*,#7747,.T.);
#5625=ORIENTED_EDGE('',*,*,#7748,.T.);
#5626=ORIENTED_EDGE('',*,*,#7749,.F.);
#5627=CARTESIAN_POINT('',(13.1,-3.5,7.35));
#5628=DIRECTION('',(0.0,0.0,1.0));
#5629=DIRECTION('',(1.0,0.0,0.0));
#5630=SURFACE_STYLE_FILL_AREA(#7750);
#5631=ORIENTED_EDGE('',*,*,#7751,.T.);
#5632=ORIENTED_EDGE('',*,*,#7752,.F.);
#5633=ORIENTED_EDGE('',*,*,#7753,.F.);
#5634=ORIENTED_EDGE('',*,*,#7754,.T.);
#5635=CARTESIAN_POINT('',(9.675,-3.46944695195361E-15,1.6));
#5636=DIRECTION('',(0.0,0.0,1.0));
#5637=DIRECTION('',(1.0,0.0,0.0));
#5638=SURFACE_STYLE_FILL_AREA(#7755);
#5639=ORIENTED_EDGE('',*,*,#7756,.F.);
#5640=ORIENTED_EDGE('',*,*,#7724,.T.);
#5641=ORIENTED_EDGE('',*,*,#7757,.F.);
#5642=ORIENTED_EDGE('',*,*,#7758,.F.);
#5643=CARTESIAN_POINT('',(21.6,-5.5,9.1));
#5644=DIRECTION('',(0.0,0.994521895368273,-0.104528463267653));
#5645=DIRECTION('',(-1.0,0.0,0.0));
#5646=SURFACE_STYLE_FILL_AREA(#7759);
#5647=ORIENTED_EDGE('',*,*,#7760,.F.);
#5648=ORIENTED_EDGE('',*,*,#7761,.T.);
#5649=ORIENTED_EDGE('',*,*,#7690,.F.);
#5650=ORIENTED_EDGE('',*,*,#7762,.F.);
#5651=CARTESIAN_POINT('',(14.825,-3.46944695195361E-15,3.3));
#5652=DIRECTION('',(0.0,0.0,-1.0));
#5653=DIRECTION('',(0.0,-1.0,0.0));
#5654=SURFACE_STYLE_FILL_AREA(#7763);
#5655=ORIENTED_EDGE('',*,*,#7764,.T.);
#5656=ORIENTED_EDGE('',*,*,#7765,.T.);
#5657=ORIENTED_EDGE('',*,*,#7691,.F.);
#5658=ORIENTED_EDGE('',*,*,#7761,.F.);
#5659=CARTESIAN_POINT('',(14.825,-3.46944695195361E-15,1.6));
#5660=DIRECTION('',(-1.0,0.0,0.0));
#5661=DIRECTION('',(0.0,0.0,1.0));
#5662=SURFACE_STYLE_FILL_AREA(#7766);
#5663=ORIENTED_EDGE('',*,*,#7767,.F.);
#5664=ORIENTED_EDGE('',*,*,#7768,.F.);
#5665=ORIENTED_EDGE('',*,*,#7769,.F.);
#5666=ORIENTED_EDGE('',*,*,#7770,.T.);
#5667=CARTESIAN_POINT('',(16.65,-1.39,3.3));
#5668=DIRECTION('',(-0.0,1.0,0.0));
#5669=DIRECTION('',(1.0,0.0,0.0));
#5670=SURFACE_STYLE_FILL_AREA(#7771);
#5671=ORIENTED_EDGE('',*,*,#7665,.T.);
#5672=ORIENTED_EDGE('',*,*,#7772,.F.);
#5673=ORIENTED_EDGE('',*,*,#7773,.F.);
#5674=ORIENTED_EDGE('',*,*,#7774,.F.);
#5675=ORIENTED_EDGE('',*,*,#7775,.T.);
#5676=ORIENTED_EDGE('',*,*,#7776,.T.);
#5677=CARTESIAN_POINT('',(17.5,-3.5,7.1));
#5678=DIRECTION('',(0.0,0.0,1.0));
#5679=DIRECTION('',(1.0,0.0,0.0));
#5680=SURFACE_STYLE_FILL_AREA(#7777);
#5681=ORIENTED_EDGE('',*,*,#7778,.T.);
#5682=ORIENTED_EDGE('',*,*,#7779,.T.);
#5683=ORIENTED_EDGE('',*,*,#7780,.T.);
#5684=ORIENTED_EDGE('',*,*,#7781,.T.);
#5685=CARTESIAN_POINT('',(30.85,-6.25,-25.2469472324903));
#5686=DIRECTION('',(1.0E-48,1.0,1.0E-32));
#5687=DIRECTION('',(0.0,1.0E-32,-1.0));
#5688=SURFACE_STYLE_FILL_AREA(#7782);
#5689=ORIENTED_EDGE('',*,*,#7783,.F.);
#5690=ORIENTED_EDGE('',*,*,#7784,.T.);
#5691=ORIENTED_EDGE('',*,*,#7769,.T.);
#5692=ORIENTED_EDGE('',*,*,#7785,.F.);
#5693=ORIENTED_EDGE('',*,*,#7786,.T.);
#5694=ORIENTED_EDGE('',*,*,#7684,.T.);
#5695=ORIENTED_EDGE('',*,*,#7787,.F.);
#5696=ORIENTED_EDGE('',*,*,#7788,.F.);
#5697=CARTESIAN_POINT('',(16.65,-3.46944695195361E-15,3.3));
#5698=DIRECTION('',(1.0,0.0,0.0));
#5699=DIRECTION('',(0.0,1.0,0.0));
#5700=SURFACE_STYLE_FILL_AREA(#7789);
#5701=ORIENTED_EDGE('',*,*,#7786,.F.);
#5702=ORIENTED_EDGE('',*,*,#7790,.F.);
#5703=ORIENTED_EDGE('',*,*,#7791,.T.);
#5704=ORIENTED_EDGE('',*,*,#7792,.T.);
#5705=ORIENTED_EDGE('',*,*,#7793,.F.);
#5706=ORIENTED_EDGE('',*,*,#7794,.F.);
#5707=ORIENTED_EDGE('',*,*,#7795,.T.);
#5708=ORIENTED_EDGE('',*,*,#7685,.T.);
#5709=CARTESIAN_POINT('',(15.75,-1.4,2.4));
#5710=DIRECTION('',(-0.0,1.0,0.0));
#5711=DIRECTION('',(1.0,0.0,0.0));
#5712=SURFACE_STYLE_FILL_AREA(#7796);
#5713=ORIENTED_EDGE('',*,*,#7797,.F.);
#5714=ORIENTED_EDGE('',*,*,#7718,.F.);
#5715=ORIENTED_EDGE('',*,*,#7798,.T.);
#5716=ORIENTED_EDGE('',*,*,#7799,.F.);
#5717=ORIENTED_EDGE('',*,*,#7800,.F.);
#5718=CARTESIAN_POINT('',(15.35,-1.1,1.62630325872825E-15));
#5719=DIRECTION('',(1.0,0.0,0.0));
#5720=DIRECTION('',(0.0,1.0,0.0));
#5721=SURFACE_STYLE_FILL_AREA(#7801);
#5722=ORIENTED_EDGE('',*,*,#7678,.T.);
#5723=ORIENTED_EDGE('',*,*,#7674,.F.);
#5724=ORIENTED_EDGE('',*,*,#7802,.F.);
#5725=ORIENTED_EDGE('',*,*,#7803,.F.);
#5726=CARTESIAN_POINT('',(22.4053901560699,-3.75,-22.6865881568071));
#5727=DIRECTION('',(0.965925826289068,-1.0E-16,0.258819045102521));
#5728=DIRECTION('',(0.0,-1.0,-3.86370330515627E-16));
#5729=SURFACE_STYLE_FILL_AREA(#7804);
#5730=ORIENTED_EDGE('',*,*,#7805,.F.);
#5731=ORIENTED_EDGE('',*,*,#7806,.T.);
#5732=ORIENTED_EDGE('',*,*,#7807,.F.);
#5733=ORIENTED_EDGE('',*,*,#7799,.T.);
#5734=CARTESIAN_POINT('',(9.15,-6.8,4.3));
#5735=DIRECTION('',(-0.707106781186548,0.707106781186547,0.0));
#5736=DIRECTION('',(0.0,0.0,1.0));
#5737=SURFACE_STYLE_FILL_AREA(#7808);
#5738=ORIENTED_EDGE('',*,*,#7793,.T.);
#5739=ORIENTED_EDGE('',*,*,#7809,.T.);
#5740=ORIENTED_EDGE('',*,*,#7780,.F.);
#5741=ORIENTED_EDGE('',*,*,#7810,.F.);
#5742=CARTESIAN_POINT('',(16.675,-3.46944695195361E-15,3.3));
#5743=DIRECTION('',(1.0,0.0,0.0));
#5744=DIRECTION('',(0.0,1.0,0.0));
#5745=SURFACE_STYLE_FILL_AREA(#7811);
#5746=ORIENTED_EDGE('',*,*,#7812,.F.);
#5747=ORIENTED_EDGE('',*,*,#7813,.T.);
#5748=ORIENTED_EDGE('',*,*,#7770,.F.);
#5749=ORIENTED_EDGE('',*,*,#7784,.F.);
#5750=CARTESIAN_POINT('',(18.325,-3.46944695195361E-15,3.3));
#5751=DIRECTION('',(0.0,0.0,-1.0));
#5752=DIRECTION('',(0.0,-1.0,0.0));
#5753=SURFACE_STYLE_FILL_AREA(#7814);
#5754=ORIENTED_EDGE('',*,*,#7815,.T.);
#5755=ORIENTED_EDGE('',*,*,#7816,.F.);
#5756=ORIENTED_EDGE('',*,*,#7817,.F.);
#5757=ORIENTED_EDGE('',*,*,#7818,.F.);
#5758=CARTESIAN_POINT('',(8.47162797152774,-3.75,-25.0115881568071));
#5759=DIRECTION('',(-0.965925826289068,1.0E-16,0.258819045102521));
#5760=DIRECTION('',(1.03527618041008E-16,1.0,0.0));
#5761=SURFACE_STYLE_FILL_AREA(#7819);
#5762=ORIENTED_EDGE('',*,*,#7820,.T.);
#5763=ORIENTED_EDGE('',*,*,#7821,.T.);
#5764=ORIENTED_EDGE('',*,*,#7822,.T.);
#5765=ORIENTED_EDGE('',*,*,#7715,.T.);
#5766=ORIENTED_EDGE('',*,*,#7823,.F.);
#5767=CARTESIAN_POINT('',(19.25,-3.46944695195361E-15,0.676990405704994));
#5768=DIRECTION('',(-0.0,0.642787609686539,0.766044443118978));
#5769=DIRECTION('',(1.0,0.0,0.0));
#5770=SURFACE_STYLE_FILL_AREA(#7824);
#5771=ORIENTED_EDGE('',*,*,#7825,.T.);
#5772=ORIENTED_EDGE('',*,*,#7812,.T.);
#5773=ORIENTED_EDGE('',*,*,#7826,.T.);
#5774=ORIENTED_EDGE('',*,*,#7827,.T.);
#5775=ORIENTED_EDGE('',*,*,#7828,.T.);
#5776=CARTESIAN_POINT('',(18.85,-4.65394191624432,-2.85560796608386));
#5777=DIRECTION('',(0.0,0.866025403784439,-0.5));
#5778=DIRECTION('',(-1.0,0.0,0.0));
#5779=SURFACE_STYLE_FILL_AREA(#7829);
#5780=ORIENTED_EDGE('',*,*,#7823,.T.);
#5781=ORIENTED_EDGE('',*,*,#7714,.F.);
#5782=ORIENTED_EDGE('',*,*,#7830,.T.);
#5783=ORIENTED_EDGE('',*,*,#7827,.F.);
#5784=ORIENTED_EDGE('',*,*,#7831,.F.);
#5785=CARTESIAN_POINT('',(16.15,-1.1,1.62630325872825E-15));
#5786=DIRECTION('',(-1.0,0.0,0.0));
#5787=DIRECTION('',(0.0,0.0,1.0));
#5788=SURFACE_STYLE_FILL_AREA(#7832);
#5789=ORIENTED_EDGE('',*,*,#7772,.T.);
#5790=ORIENTED_EDGE('',*,*,#7670,.T.);
#5791=ORIENTED_EDGE('',*,*,#7833,.F.);
#5792=CARTESIAN_POINT('',(16.6,-3.5,8.05));
#5793=DIRECTION('',(0.0,0.0,1.0));
#5794=DIRECTION('',(1.0,0.0,0.0));
#5795=SURFACE_STYLE_FILL_AREA(#7834);
#5796=ORIENTED_EDGE('',*,*,#7747,.F.);
#5797=ORIENTED_EDGE('',*,*,#7651,.T.);
#5798=ORIENTED_EDGE('',*,*,#7835,.F.);
#5799=ORIENTED_EDGE('',*,*,#7836,.F.);
#5800=CARTESIAN_POINT('',(14.35,-3.5,8.05));
#5801=DIRECTION('',(1.0,0.0,0.0));
#5802=DIRECTION('',(0.0,1.0,0.0));
#5803=SURFACE_STYLE_FILL_AREA(#7837);
#5804=ORIENTED_EDGE('',*,*,#7838,.F.);
#5805=ORIENTED_EDGE('',*,*,#7790,.T.);
#5806=ORIENTED_EDGE('',*,*,#7785,.T.);
#5807=ORIENTED_EDGE('',*,*,#7768,.T.);
#5808=CARTESIAN_POINT('',(17.5,-3.275,3.31));
#5809=DIRECTION('',(0.0,0.0,1.0));
#5810=DIRECTION('',(1.0,0.0,0.0));
#5811=SURFACE_STYLE_FILL_AREA(#7839);
#5812=ORIENTED_EDGE('',*,*,#7840,.T.);
#5813=ORIENTED_EDGE('',*,*,#7774,.T.);
#5814=ORIENTED_EDGE('',*,*,#7841,.F.);
#5815=ORIENTED_EDGE('',*,*,#7668,.T.);
#5816=CARTESIAN_POINT('',(16.6,-3.5,7.35));
#5817=DIRECTION('',(0.0,0.0,1.0));
#5818=DIRECTION('',(1.0,0.0,0.0));
#5819=SURFACE_STYLE_FILL_AREA(#7842);
#5820=ORIENTED_EDGE('',*,*,#7843,.F.);
#5821=ORIENTED_EDGE('',*,*,#7815,.F.);
#5822=ORIENTED_EDGE('',*,*,#7844,.F.);
#5823=ORIENTED_EDGE('',*,*,#7845,.F.);
#5824=CARTESIAN_POINT('',(14.45,-6.75,-25.2469472324903));
#5825=DIRECTION('',(-1.0,1.0E-16,0.0));
#5826=DIRECTION('',(0.0,0.0,1.0));
#5827=SURFACE_STYLE_FILL_AREA(#7846);
#5828=ORIENTED_EDGE('',*,*,#7847,.T.);
#5829=ORIENTED_EDGE('',*,*,#7821,.F.);
#5830=ORIENTED_EDGE('',*,*,#7788,.T.);
#5831=ORIENTED_EDGE('',*,*,#7848,.T.);
#5832=CARTESIAN_POINT('',(16.675,-3.46944695195361E-15,1.6));
#5833=DIRECTION('',(0.0,0.0,1.0));
#5834=DIRECTION('',(1.0,0.0,0.0));
#5835=SURFACE_STYLE_FILL_AREA(#7849);
#5836=ORIENTED_EDGE('',*,*,#7806,.F.);
#5837=ORIENTED_EDGE('',*,*,#7850,.T.);
#5838=ORIENTED_EDGE('',*,*,#7851,.T.);
#5839=ORIENTED_EDGE('',*,*,#7696,.T.);
#5840=ORIENTED_EDGE('',*,*,#7852,.T.);
#5841=ORIENTED_EDGE('',*,*,#7727,.F.);
#5842=ORIENTED_EDGE('',*,*,#7853,.F.);
#5843=ORIENTED_EDGE('',*,*,#7854,.F.);
#5844=CARTESIAN_POINT('',(14.85,-3.46944695195361E-15,1.6));
#5845=DIRECTION('',(-1.0,0.0,0.0));
#5846=DIRECTION('',(0.0,0.0,1.0));
#5847=SURFACE_STYLE_FILL_AREA(#7855);
#5848=ORIENTED_EDGE('',*,*,#7856,.T.);
#5849=ORIENTED_EDGE('',*,*,#7848,.F.);
#5850=ORIENTED_EDGE('',*,*,#7787,.T.);
#5851=ORIENTED_EDGE('',*,*,#7683,.T.);
#5852=CARTESIAN_POINT('',(16.65,-1.39,1.6));
#5853=DIRECTION('',(0.0,-1.0,0.0));
#5854=DIRECTION('',(0.0,0.0,-1.0));
#5855=SURFACE_STYLE_FILL_AREA(#7857);
#5856=ORIENTED_EDGE('',*,*,#7830,.F.);
#5857=ORIENTED_EDGE('',*,*,#7713,.T.);
#5858=ORIENTED_EDGE('',*,*,#7858,.F.);
#5859=ORIENTED_EDGE('',*,*,#7828,.F.);
#5860=CARTESIAN_POINT('',(15.45,-1.1,4.3));
#5861=DIRECTION('',(0.0,0.0,1.0));
#5862=DIRECTION('',(1.0,0.0,0.0));
#5863=SURFACE_STYLE_FILL_AREA(#7859);
#5864=ORIENTED_EDGE('',*,*,#7783,.T.);
#5865=ORIENTED_EDGE('',*,*,#7820,.F.);
#5866=ORIENTED_EDGE('',*,*,#7831,.T.);
#5867=ORIENTED_EDGE('',*,*,#7826,.F.);
#5868=CARTESIAN_POINT('',(20.3,-4.75,4.3));
#5869=DIRECTION('',(0.707106781186548,0.707106781186547,0.0));
#5870=DIRECTION('',(0.0,0.0,-1.0));
#5871=SURFACE_STYLE_FILL_AREA(#7860);
#5872=ORIENTED_EDGE('',*,*,#7704,.F.);
#5873=ORIENTED_EDGE('',*,*,#7822,.F.);
#5874=ORIENTED_EDGE('',*,*,#7847,.F.);
#5875=ORIENTED_EDGE('',*,*,#7856,.F.);
#5876=ORIENTED_EDGE('',*,*,#7682,.F.);
#5877=ORIENTED_EDGE('',*,*,#7795,.F.);
#5878=ORIENTED_EDGE('',*,*,#7861,.F.);
#5879=ORIENTED_EDGE('',*,*,#7778,.F.);
#5880=ORIENTED_EDGE('',*,*,#7862,.F.);
#5881=ORIENTED_EDGE('',*,*,#7791,.F.);
#5882=ORIENTED_EDGE('',*,*,#7838,.T.);
#5883=ORIENTED_EDGE('',*,*,#7767,.T.);
#5884=ORIENTED_EDGE('',*,*,#7813,.F.);
#5885=ORIENTED_EDGE('',*,*,#7825,.F.);
#5886=ORIENTED_EDGE('',*,*,#7858,.T.);
#5887=ORIENTED_EDGE('',*,*,#7712,.F.);
#5888=ORIENTED_EDGE('',*,*,#7863,.F.);
#5889=ORIENTED_EDGE('',*,*,#7864,.F.);
#5890=ORIENTED_EDGE('',*,*,#7865,.F.);
#5891=ORIENTED_EDGE('',*,*,#7775,.F.);
#5892=ORIENTED_EDGE('',*,*,#7840,.F.);
#5893=ORIENTED_EDGE('',*,*,#7667,.T.);
#5894=ORIENTED_EDGE('',*,*,#7866,.F.);
#5895=ORIENTED_EDGE('',*,*,#7757,.T.);
#5896=ORIENTED_EDGE('',*,*,#7723,.F.);
#5897=ORIENTED_EDGE('',*,*,#7867,.T.);
#5898=ORIENTED_EDGE('',*,*,#7868,.T.);
#5899=ORIENTED_EDGE('',*,*,#7869,.F.);
#5900=ORIENTED_EDGE('',*,*,#7870,.F.);
#5901=ORIENTED_EDGE('',*,*,#7871,.F.);
#5902=ORIENTED_EDGE('',*,*,#7872,.F.);
#5903=ORIENTED_EDGE('',*,*,#7672,.F.);
#5904=ORIENTED_EDGE('',*,*,#7873,.F.);
#5905=CARTESIAN_POINT('',(17.5,-8.0300024,-3.5));
#5906=DIRECTION('',(1.0,0.0,0.0));
#5907=DIRECTION('',(0.0,1.0,0.0));
#5908=SURFACE_STYLE_FILL_AREA(#7874);
#5909=ORIENTED_EDGE('',*,*,#7875,.T.);
#5910=ORIENTED_EDGE('',*,*,#7864,.T.);
#5911=ORIENTED_EDGE('',*,*,#7876,.T.);
#5912=ORIENTED_EDGE('',*,*,#7877,.T.);
#5913=CARTESIAN_POINT('',(12.25,0.168225560942607,0.580989852454056));
#5914=DIRECTION('',(-0.0,0.987688340595138,0.156434465040232));
#5915=DIRECTION('',(1.0,0.0,0.0));
#5916=SURFACE_STYLE_FILL_AREA(#7878);
#5917=ORIENTED_EDGE('',*,*,#7879,.F.);
#5918=ORIENTED_EDGE('',*,*,#7854,.T.);
#5919=ORIENTED_EDGE('',*,*,#7880,.F.);
#5920=ORIENTED_EDGE('',*,*,#7881,.F.);
#5921=CARTESIAN_POINT('',(14.825,-3.46944695195361E-15,3.3));
#5922=DIRECTION('',(0.0,0.0,-1.0));
#5923=DIRECTION('',(0.0,-1.0,0.0));
#5924=SURFACE_STYLE_FILL_AREA(#7882);
#5925=ORIENTED_EDGE('',*,*,#7883,.T.);
#5926=ORIENTED_EDGE('',*,*,#7850,.F.);
#5927=ORIENTED_EDGE('',*,*,#7884,.F.);
#5928=ORIENTED_EDGE('',*,*,#7885,.T.);
#5929=CARTESIAN_POINT('',(13.175,-3.46944695195361E-15,1.6));
#5930=DIRECTION('',(0.0,0.0,1.0));
#5931=DIRECTION('',(1.0,0.0,0.0));
#5932=SURFACE_STYLE_FILL_AREA(#7886);
#5933=ORIENTED_EDGE('',*,*,#7887,.F.);
#5934=ORIENTED_EDGE('',*,*,#7888,.T.);
#5935=ORIENTED_EDGE('',*,*,#7868,.F.);
#5936=ORIENTED_EDGE('',*,*,#7889,.T.);
#5937=CARTESIAN_POINT('',(6.05,-3.5,4.3));
#5938=DIRECTION('',(0.0,0.0,-1.0));
#5939=DIRECTION('',(0.0,-1.0,0.0));
#5940=SURFACE_STYLE_FILL_AREA(#7890);
#5941=ORIENTED_EDGE('',*,*,#7891,.F.);
#5942=ORIENTED_EDGE('',*,*,#7881,.T.);
#5943=ORIENTED_EDGE('',*,*,#7892,.T.);
#5944=ORIENTED_EDGE('',*,*,#7729,.F.);
#5945=ORIENTED_EDGE('',*,*,#7893,.T.);
#5946=ORIENTED_EDGE('',*,*,#7698,.T.);
#5947=ORIENTED_EDGE('',*,*,#7894,.F.);
#5948=ORIENTED_EDGE('',*,*,#7885,.F.);
#5949=CARTESIAN_POINT('',(13.15,-3.46944695195361E-15,3.3));
#5950=DIRECTION('',(1.0,0.0,0.0));
#5951=DIRECTION('',(0.0,1.0,0.0));
#5952=SURFACE_STYLE_FILL_AREA(#7895);
#5953=ORIENTED_EDGE('',*,*,#7865,.T.);
#5954=ORIENTED_EDGE('',*,*,#7875,.F.);
#5955=ORIENTED_EDGE('',*,*,#7896,.T.);
#5956=ORIENTED_EDGE('',*,*,#7897,.F.);
#5957=ORIENTED_EDGE('',*,*,#7663,.F.);
#5958=ORIENTED_EDGE('',*,*,#7898,.T.);
#5959=ORIENTED_EDGE('',*,*,#7758,.T.);
#5960=ORIENTED_EDGE('',*,*,#7866,.T.);
#5961=ORIENTED_EDGE('',*,*,#7666,.F.);
#5962=ORIENTED_EDGE('',*,*,#7776,.F.);
#5963=ORIENTED_EDGE('',*,*,#7899,.F.);
#5964=ORIENTED_EDGE('',*,*,#7656,.F.);
#5965=CARTESIAN_POINT('',(8.75,-3.5,9.1));
#5966=DIRECTION('',(0.0,0.0,1.0));
#5967=DIRECTION('',(1.0,0.0,0.0));
#5968=SURFACE_STYLE_FILL_AREA(#7900);
#5969=ORIENTED_EDGE('',*,*,#7901,.T.);
#5970=ORIENTED_EDGE('',*,*,#7902,.F.);
#5971=ORIENTED_EDGE('',*,*,#7903,.T.);
#5972=ORIENTED_EDGE('',*,*,#7904,.F.);
#5973=CARTESIAN_POINT('',(11.325,-3.46944695195361E-15,3.3));
#5974=DIRECTION('',(0.0,0.0,-1.0));
#5975=DIRECTION('',(0.0,-1.0,0.0));
#5976=SURFACE_STYLE_FILL_AREA(#7905);
#5977=ORIENTED_EDGE('',*,*,#7906,.F.);
#5978=ORIENTED_EDGE('',*,*,#7889,.F.);
#5979=ORIENTED_EDGE('',*,*,#7867,.F.);
#5980=ORIENTED_EDGE('',*,*,#7722,.T.);
#5981=CARTESIAN_POINT('',(14.6,-6.09475020461287,7.313959798681));
#5982=DIRECTION('',(0.0,0.999390827019096,-0.0348994967025011));
#5983=DIRECTION('',(-1.0,0.0,0.0));
#5984=SURFACE_STYLE_FILL_AREA(#7907);
#5985=ORIENTED_EDGE('',*,*,#7908,.T.);
#5986=ORIENTED_EDGE('',*,*,#7902,.T.);
#5987=ORIENTED_EDGE('',*,*,#7909,.T.);
#5988=ORIENTED_EDGE('',*,*,#7910,.T.);
#5989=ORIENTED_EDGE('',*,*,#7911,.T.);
#5990=CARTESIAN_POINT('',(11.85,-4.65394191624432,-2.85560796608386));
#5991=DIRECTION('',(0.0,0.866025403784439,-0.5));
#5992=DIRECTION('',(-1.0,0.0,0.0));
#5993=SURFACE_STYLE_FILL_AREA(#7912);
#5994=ORIENTED_EDGE('',*,*,#7739,.F.);
#5995=ORIENTED_EDGE('',*,*,#7913,.T.);
#5996=ORIENTED_EDGE('',*,*,#7908,.F.);
#5997=ORIENTED_EDGE('',*,*,#7914,.T.);
#5998=CARTESIAN_POINT('',(5.65,-6.8,4.3));
#5999=DIRECTION('',(-0.707106781186548,0.707106781186547,0.0));
#6000=DIRECTION('',(0.0,0.0,1.0));
#6001=SURFACE_STYLE_FILL_AREA(#7915);
#6002=ORIENTED_EDGE('',*,*,#7916,.F.);
#6003=ORIENTED_EDGE('',*,*,#7708,.F.);
#6004=ORIENTED_EDGE('',*,*,#7736,.T.);
#6005=ORIENTED_EDGE('',*,*,#7914,.F.);
#6006=ORIENTED_EDGE('',*,*,#7911,.F.);
#6007=CARTESIAN_POINT('',(11.85,-1.1,1.62630325872825E-15));
#6008=DIRECTION('',(1.0,0.0,0.0));
#6009=DIRECTION('',(0.0,1.0,0.0));
#6010=SURFACE_STYLE_FILL_AREA(#7917);
#6011=ORIENTED_EDGE('',*,*,#7918,.T.);
#6012=ORIENTED_EDGE('',*,*,#7919,.F.);
#6013=ORIENTED_EDGE('',*,*,#7869,.T.);
#6014=ORIENTED_EDGE('',*,*,#7888,.F.);
#6015=CARTESIAN_POINT('',(12.25,-7.3,1.62630325872825E-15));
#6016=DIRECTION('',(0.0,-1.0,0.0));
#6017=DIRECTION('',(0.0,0.0,-1.0));
#6018=SURFACE_STYLE_FILL_AREA(#7920);
#6019=ORIENTED_EDGE('',*,*,#7738,.F.);
#6020=ORIENTED_EDGE('',*,*,#7921,.T.);
#6021=ORIENTED_EDGE('',*,*,#7922,.T.);
#6022=ORIENTED_EDGE('',*,*,#7923,.F.);
#6023=CARTESIAN_POINT('',(9.675,-3.46944695195361E-15,1.6));
#6024=DIRECTION('',(0.0,0.0,1.0));
#6025=DIRECTION('',(1.0,0.0,0.0));
#6026=SURFACE_STYLE_FILL_AREA(#7924);
#6027=ORIENTED_EDGE('',*,*,#7925,.F.);
#6028=ORIENTED_EDGE('',*,*,#7709,.T.);
#6029=ORIENTED_EDGE('',*,*,#7916,.T.);
#6030=ORIENTED_EDGE('',*,*,#7910,.F.);
#6031=CARTESIAN_POINT('',(8.45,-1.1,4.3));
#6032=DIRECTION('',(0.0,0.0,1.0));
#6033=DIRECTION('',(1.0,0.0,0.0));
#6034=SURFACE_STYLE_FILL_AREA(#7926);
#6035=ORIENTED_EDGE('',*,*,#7927,.F.);
#6036=ORIENTED_EDGE('',*,*,#7928,.T.);
#6037=ORIENTED_EDGE('',*,*,#7705,.F.);
#6038=ORIENTED_EDGE('',*,*,#7873,.T.);
#6039=ORIENTED_EDGE('',*,*,#7676,.F.);
#6040=ORIENTED_EDGE('',*,*,#7680,.T.);
#6041=ORIENTED_EDGE('',*,*,#7929,.F.);
#6042=ORIENTED_EDGE('',*,*,#7870,.T.);
#6043=ORIENTED_EDGE('',*,*,#7919,.T.);
#6044=ORIENTED_EDGE('',*,*,#7930,.T.);
#6045=ORIENTED_EDGE('',*,*,#7743,.F.);
#6046=ORIENTED_EDGE('',*,*,#7931,.T.);
#6047=ORIENTED_EDGE('',*,*,#7845,.T.);
#6048=ORIENTED_EDGE('',*,*,#7932,.F.);
#6049=ORIENTED_EDGE('',*,*,#7933,.T.);
#6050=ORIENTED_EDGE('',*,*,#7934,.F.);
#6051=CARTESIAN_POINT('',(12.25,-3.5,1.62630325872825E-15));
#6052=DIRECTION('',(0.0,0.0,-1.0));
#6053=DIRECTION('',(0.0,-1.0,0.0));
#6054=SURFACE_STYLE_FILL_AREA(#7935);
#6055=ORIENTED_EDGE('',*,*,#7658,.T.);
#6056=ORIENTED_EDGE('',*,*,#7897,.T.);
#6057=ORIENTED_EDGE('',*,*,#7936,.F.);
#6058=ORIENTED_EDGE('',*,*,#7937,.F.);
#6059=ORIENTED_EDGE('',*,*,#7702,.T.);
#6060=ORIENTED_EDGE('',*,*,#7938,.F.);
#6061=CARTESIAN_POINT('',(10.5,-3.5,7.1));
#6062=DIRECTION('',(0.0,0.0,1.0));
#6063=DIRECTION('',(1.0,0.0,0.0));
#6064=SURFACE_STYLE_FILL_AREA(#7939);
#6065=ORIENTED_EDGE('',*,*,#7940,.T.);
#6066=ORIENTED_EDGE('',*,*,#7941,.T.);
#6067=ORIENTED_EDGE('',*,*,#7942,.F.);
#6068=ORIENTED_EDGE('',*,*,#7943,.T.);
#6069=CARTESIAN_POINT('',(10.5,-3.275,3.31));
#6070=DIRECTION('',(0.0,0.0,1.0));
#6071=DIRECTION('',(1.0,0.0,0.0));
#6072=SURFACE_STYLE_FILL_AREA(#7944);
#6073=ORIENTED_EDGE('',*,*,#7913,.F.);
#6074=ORIENTED_EDGE('',*,*,#7923,.T.);
#6075=ORIENTED_EDGE('',*,*,#7945,.T.);
#6076=ORIENTED_EDGE('',*,*,#7734,.T.);
#6077=ORIENTED_EDGE('',*,*,#7946,.T.);
#6078=ORIENTED_EDGE('',*,*,#7940,.F.);
#6079=ORIENTED_EDGE('',*,*,#7947,.F.);
#6080=ORIENTED_EDGE('',*,*,#7903,.F.);
#6081=CARTESIAN_POINT('',(11.35,-3.46944695195361E-15,1.6));
#6082=DIRECTION('',(-1.0,0.0,0.0));
#6083=DIRECTION('',(0.0,0.0,1.0));
#6084=SURFACE_STYLE_FILL_AREA(#7948);
#6085=ORIENTED_EDGE('',*,*,#7949,.T.);
#6086=ORIENTED_EDGE('',*,*,#7800,.T.);
#6087=ORIENTED_EDGE('',*,*,#7807,.T.);
#6088=ORIENTED_EDGE('',*,*,#7879,.T.);
#6089=ORIENTED_EDGE('',*,*,#7950,.T.);
#6090=ORIENTED_EDGE('',*,*,#7951,.T.);
#6091=CARTESIAN_POINT('',(15.35,-4.65394191624432,-2.85560796608386));
#6092=DIRECTION('',(0.0,0.866025403784439,-0.5));
#6093=DIRECTION('',(-1.0,0.0,0.0));
#6094=SURFACE_STYLE_FILL_AREA(#7952);
#6095=ORIENTED_EDGE('',*,*,#7697,.T.);
#6096=ORIENTED_EDGE('',*,*,#7851,.F.);
#6097=ORIENTED_EDGE('',*,*,#7883,.F.);
#6098=ORIENTED_EDGE('',*,*,#7894,.T.);
#6099=CARTESIAN_POINT('',(13.15,-1.39,1.6));
#6100=DIRECTION('',(0.0,-1.0,0.0));
#6101=DIRECTION('',(0.0,0.0,-1.0));
#6102=SURFACE_STYLE_FILL_AREA(#7953);
#6103=ORIENTED_EDGE('',*,*,#7947,.T.);
#6104=ORIENTED_EDGE('',*,*,#7943,.F.);
#6105=ORIENTED_EDGE('',*,*,#7954,.F.);
#6106=ORIENTED_EDGE('',*,*,#7904,.T.);
#6107=CARTESIAN_POINT('',(9.65,-1.39,3.3));
#6108=DIRECTION('',(-0.0,1.0,0.0));
#6109=DIRECTION('',(1.0,0.0,0.0));
#6110=SURFACE_STYLE_FILL_AREA(#7955);
#6111=ORIENTED_EDGE('',*,*,#7756,.T.);
#6112=ORIENTED_EDGE('',*,*,#7898,.F.);
#6113=ORIENTED_EDGE('',*,*,#7662,.F.);
#6114=ORIENTED_EDGE('',*,*,#7956,.F.);
#6115=ORIENTED_EDGE('',*,*,#7936,.T.);
#6116=ORIENTED_EDGE('',*,*,#7896,.F.);
#6117=ORIENTED_EDGE('',*,*,#7877,.F.);
#6118=ORIENTED_EDGE('',*,*,#7957,.F.);
#6119=ORIENTED_EDGE('',*,*,#7710,.F.);
#6120=ORIENTED_EDGE('',*,*,#7925,.T.);
#6121=ORIENTED_EDGE('',*,*,#7909,.F.);
#6122=ORIENTED_EDGE('',*,*,#7901,.F.);
#6123=ORIENTED_EDGE('',*,*,#7954,.T.);
#6124=ORIENTED_EDGE('',*,*,#7942,.T.);
#6125=ORIENTED_EDGE('',*,*,#7958,.F.);
#6126=ORIENTED_EDGE('',*,*,#7959,.F.);
#6127=ORIENTED_EDGE('',*,*,#7960,.F.);
#6128=ORIENTED_EDGE('',*,*,#7751,.F.);
#6129=ORIENTED_EDGE('',*,*,#7961,.F.);
#6130=ORIENTED_EDGE('',*,*,#7732,.F.);
#6131=ORIENTED_EDGE('',*,*,#7962,.F.);
#6132=ORIENTED_EDGE('',*,*,#7921,.F.);
#6133=ORIENTED_EDGE('',*,*,#7737,.F.);
#6134=ORIENTED_EDGE('',*,*,#7706,.F.);
#6135=ORIENTED_EDGE('',*,*,#7928,.F.);
#6136=ORIENTED_EDGE('',*,*,#7963,.F.);
#6137=ORIENTED_EDGE('',*,*,#7964,.F.);
#6138=ORIENTED_EDGE('',*,*,#7744,.F.);
#6139=ORIENTED_EDGE('',*,*,#7930,.F.);
#6140=ORIENTED_EDGE('',*,*,#7918,.F.);
#6141=ORIENTED_EDGE('',*,*,#7887,.T.);
#6142=ORIENTED_EDGE('',*,*,#7906,.T.);
#6143=ORIENTED_EDGE('',*,*,#7721,.F.);
#6144=CARTESIAN_POINT('',(10.5,-8.0300024,9.1));
#6145=DIRECTION('',(-1.0,0.0,0.0));
#6146=DIRECTION('',(0.0,0.0,1.0));
#6147=SURFACE_STYLE_FILL_AREA(#7965);
#6148=ORIENTED_EDGE('',*,*,#7957,.T.);
#6149=ORIENTED_EDGE('',*,*,#7876,.F.);
#6150=ORIENTED_EDGE('',*,*,#7863,.T.);
#6151=ORIENTED_EDGE('',*,*,#7711,.T.);
#6152=CARTESIAN_POINT('',(12.25,-3.5,4.8));
#6153=DIRECTION('',(0.0,0.0,1.0));
#6154=DIRECTION('',(1.0,0.0,0.0));
#6155=SURFACE_STYLE_FILL_AREA(#7966);
#6156=ORIENTED_EDGE('',*,*,#7967,.F.);
#6157=ORIENTED_EDGE('',*,*,#7719,.T.);
#6158=ORIENTED_EDGE('',*,*,#7797,.T.);
#6159=ORIENTED_EDGE('',*,*,#7949,.F.);
#6160=CARTESIAN_POINT('',(11.95,-1.1,4.3));
#6161=DIRECTION('',(0.0,0.0,1.0));
#6162=DIRECTION('',(1.0,0.0,0.0));
#6163=SURFACE_STYLE_FILL_AREA(#7968);
#6164=ORIENTED_EDGE('',*,*,#7969,.T.);
#6165=ORIENTED_EDGE('',*,*,#7716,.F.);
#6166=ORIENTED_EDGE('',*,*,#7967,.T.);
#6167=ORIENTED_EDGE('',*,*,#7951,.F.);
#6168=ORIENTED_EDGE('',*,*,#7970,.F.);
#6169=CARTESIAN_POINT('',(12.65,-1.1,1.62630325872825E-15));
#6170=DIRECTION('',(-1.0,0.0,0.0));
#6171=DIRECTION('',(0.0,0.0,1.0));
#6172=SURFACE_STYLE_FILL_AREA(#7971);
#6173=ORIENTED_EDGE('',*,*,#7972,.T.);
#6174=ORIENTED_EDGE('',*,*,#7884,.T.);
#6175=ORIENTED_EDGE('',*,*,#7805,.T.);
#6176=ORIENTED_EDGE('',*,*,#7798,.F.);
#6177=ORIENTED_EDGE('',*,*,#7717,.T.);
#6178=ORIENTED_EDGE('',*,*,#7969,.F.);
#6179=CARTESIAN_POINT('',(15.75,-3.46944695195361E-15,0.676990405704994));
#6180=DIRECTION('',(-0.0,0.642787609686539,0.766044443118978));
#6181=DIRECTION('',(1.0,0.0,0.0));
#6182=SURFACE_STYLE_FILL_AREA(#7973);
#6183=ORIENTED_EDGE('',*,*,#7891,.T.);
#6184=ORIENTED_EDGE('',*,*,#7972,.F.);
#6185=ORIENTED_EDGE('',*,*,#7970,.T.);
#6186=ORIENTED_EDGE('',*,*,#7950,.F.);
#6187=CARTESIAN_POINT('',(16.8,-4.75,4.3));
#6188=DIRECTION('',(0.707106781186548,0.707106781186547,0.0));
#6189=DIRECTION('',(0.0,0.0,-1.0));
#6190=SURFACE_STYLE_FILL_AREA(#7974);
#6191=ORIENTED_EDGE('',*,*,#7880,.T.);
#6192=ORIENTED_EDGE('',*,*,#7853,.T.);
#6193=ORIENTED_EDGE('',*,*,#7726,.F.);
#6194=ORIENTED_EDGE('',*,*,#7892,.F.);
#6195=CARTESIAN_POINT('',(13.15,-1.39,3.3));
#6196=DIRECTION('',(-0.0,1.0,0.0));
#6197=DIRECTION('',(1.0,0.0,0.0));
#6198=SURFACE_STYLE_FILL_AREA(#7975);
#6199=ORIENTED_EDGE('',*,*,#7649,.T.);
#6200=ORIENTED_EDGE('',*,*,#7899,.T.);
#6201=ORIENTED_EDGE('',*,*,#7655,.T.);
#6202=ORIENTED_EDGE('',*,*,#7687,.F.);
#6203=ORIENTED_EDGE('',*,*,#7976,.F.);
#6204=ORIENTED_EDGE('',*,*,#7748,.F.);
#6205=ORIENTED_EDGE('',*,*,#7836,.T.);
#6206=ORIENTED_EDGE('',*,*,#7977,.F.);
#6207=CARTESIAN_POINT('',(14.0,-3.5,7.1));
#6208=DIRECTION('',(0.0,0.0,1.0));
#6209=DIRECTION('',(1.0,0.0,0.0));
#6210=SURFACE_STYLE_FILL_AREA(#7978);
#6211=ORIENTED_EDGE('',*,*,#7922,.F.);
#6212=ORIENTED_EDGE('',*,*,#7962,.T.);
#6213=ORIENTED_EDGE('',*,*,#7731,.T.);
#6214=ORIENTED_EDGE('',*,*,#7945,.F.);
#6215=CARTESIAN_POINT('',(9.65,-1.39,1.6));
#6216=DIRECTION('',(0.0,-1.0,0.0));
#6217=DIRECTION('',(0.0,0.0,-1.0));
#6218=SURFACE_STYLE_FILL_AREA(#7979);
#6219=ORIENTED_EDGE('',*,*,#7980,.T.);
#6220=ORIENTED_EDGE('',*,*,#7753,.T.);
#6221=ORIENTED_EDGE('',*,*,#7981,.F.);
#6222=ORIENTED_EDGE('',*,*,#7982,.F.);
#6223=CARTESIAN_POINT('',(11.325,-3.46944695195361E-15,1.6));
#6224=DIRECTION('',(-1.0,0.0,0.0));
#6225=DIRECTION('',(0.0,0.0,1.0));
#6226=SURFACE_STYLE_FILL_AREA(#7983);
#6227=ORIENTED_EDGE('',*,*,#7959,.T.);
#6228=ORIENTED_EDGE('',*,*,#7984,.F.);
#6229=ORIENTED_EDGE('',*,*,#7982,.T.);
#6230=ORIENTED_EDGE('',*,*,#7985,.F.);
#6231=CARTESIAN_POINT('',(11.325,-3.46944695195361E-15,3.3));
#6232=DIRECTION('',(0.0,0.0,-1.0));
#6233=DIRECTION('',(0.0,-1.0,0.0));
#6234=SURFACE_STYLE_FILL_AREA(#7986);
#6235=ORIENTED_EDGE('',*,*,#7956,.T.);
#6236=ORIENTED_EDGE('',*,*,#7661,.T.);
#6237=ORIENTED_EDGE('',*,*,#7700,.T.);
#6238=ORIENTED_EDGE('',*,*,#7937,.T.);
#6239=CARTESIAN_POINT('',(10.5,-3.5,7.35));
#6240=DIRECTION('',(0.0,-1.7E-15,1.0));
#6241=DIRECTION('',(0.0,-1.0,-1.7E-15));
#6242=SURFACE_STYLE_FILL_AREA(#7987);
#6243=ORIENTED_EDGE('',*,*,#7653,.F.);
#6244=ORIENTED_EDGE('',*,*,#7749,.T.);
#6245=ORIENTED_EDGE('',*,*,#7976,.T.);
#6246=ORIENTED_EDGE('',*,*,#7688,.T.);
#6247=CARTESIAN_POINT('',(13.65,-2.09287527205297,8.05));
#6248=DIRECTION('',(-1.0,0.0,0.0));
#6249=DIRECTION('',(0.0,0.0,1.0));
#6250=SURFACE_STYLE_FILL_AREA(#7988);
#6251=ORIENTED_EDGE('',*,*,#7893,.F.);
#6252=ORIENTED_EDGE('',*,*,#7728,.F.);
#6253=ORIENTED_EDGE('',*,*,#7852,.F.);
#6254=ORIENTED_EDGE('',*,*,#7695,.T.);
#6255=ORIENTED_EDGE('',*,*,#7764,.F.);
#6256=ORIENTED_EDGE('',*,*,#7760,.T.);
#6257=ORIENTED_EDGE('',*,*,#7989,.F.);
#6258=ORIENTED_EDGE('',*,*,#7990,.F.);
#6259=CARTESIAN_POINT('',(12.25,-1.4,2.4));
#6260=DIRECTION('',(-0.0,1.0,0.0));
#6261=DIRECTION('',(1.0,0.0,0.0));
#6262=SURFACE_STYLE_FILL_AREA(#7991);
#6263=ORIENTED_EDGE('',*,*,#7992,.F.);
#6264=ORIENTED_EDGE('',*,*,#7817,.T.);
#6265=ORIENTED_EDGE('',*,*,#7993,.F.);
#6266=ORIENTED_EDGE('',*,*,#7994,.T.);
#6267=CARTESIAN_POINT('',(15.35,-0.453156168486273,-3.5));
#6268=DIRECTION('',(0.0,0.0,-1.0));
#6269=DIRECTION('',(0.0,-1.0,0.0));
#6270=SURFACE_STYLE_FILL_AREA(#7995);
#6271=ORIENTED_EDGE('',*,*,#7993,.T.);
#6272=ORIENTED_EDGE('',*,*,#7816,.T.);
#6273=ORIENTED_EDGE('',*,*,#7843,.T.);
#6274=ORIENTED_EDGE('',*,*,#7934,.T.);
#6275=ORIENTED_EDGE('',*,*,#7996,.T.);
#6276=ORIENTED_EDGE('',*,*,#7997,.T.);
#6277=CARTESIAN_POINT('',(15.35,-3.75,-25.2469472324903));
#6278=DIRECTION('',(-1.0E-16,-1.0,0.0));
#6279=DIRECTION('',(-1.0,1.0E-16,0.0));
#6280=SURFACE_STYLE_FILL_AREA(#7998);
#6281=ORIENTED_EDGE('',*,*,#7701,.T.);
#6282=ORIENTED_EDGE('',*,*,#7659,.T.);
#6283=ORIENTED_EDGE('',*,*,#7938,.T.);
#6284=CARTESIAN_POINT('',(10.5,-3.50000000000005,8.05));
#6285=DIRECTION('',(0.0,-1.7E-15,1.0));
#6286=DIRECTION('',(0.0,-1.0,-1.7E-15));
#6287=SURFACE_STYLE_FILL_AREA(#7999);
#6288=ORIENTED_EDGE('',*,*,#7990,.T.);
#6289=ORIENTED_EDGE('',*,*,#8000,.T.);
#6290=ORIENTED_EDGE('',*,*,#7692,.F.);
#6291=ORIENTED_EDGE('',*,*,#7765,.F.);
#6292=CARTESIAN_POINT('',(13.175,-3.46944695195361E-15,1.6));
#6293=DIRECTION('',(0.0,0.0,1.0));
#6294=DIRECTION('',(1.0,0.0,0.0));
#6295=SURFACE_STYLE_FILL_AREA(#8001);
#6296=ORIENTED_EDGE('',*,*,#7932,.T.);
#6297=ORIENTED_EDGE('',*,*,#7844,.T.);
#6298=ORIENTED_EDGE('',*,*,#7818,.T.);
#6299=ORIENTED_EDGE('',*,*,#7992,.T.);
#6300=ORIENTED_EDGE('',*,*,#8002,.T.);
#6301=ORIENTED_EDGE('',*,*,#8003,.T.);
#6302=CARTESIAN_POINT('',(15.35,-3.25,-25.2469472324903));
#6303=DIRECTION('',(1.0E-48,1.0,1.0E-32));
#6304=DIRECTION('',(0.0,1.0E-32,-1.0));
#6305=SURFACE_STYLE_FILL_AREA(#8004);
#6306=ORIENTED_EDGE('',*,*,#8003,.F.);
#6307=ORIENTED_EDGE('',*,*,#8005,.F.);
#6308=ORIENTED_EDGE('',*,*,#7996,.F.);
#6309=ORIENTED_EDGE('',*,*,#7933,.F.);
#6310=CARTESIAN_POINT('',(13.55,-6.75,-25.2469472324903));
#6311=DIRECTION('',(1.0,2.0E-32,-2.0E-16));
#6312=DIRECTION('',(-2.0E-16,0.0,-1.0));
#6313=SURFACE_STYLE_FILL_AREA(#8006);
#6314=ORIENTED_EDGE('',*,*,#8005,.T.);
#6315=ORIENTED_EDGE('',*,*,#8002,.F.);
#6316=ORIENTED_EDGE('',*,*,#7994,.F.);
#6317=ORIENTED_EDGE('',*,*,#7997,.F.);
#6318=CARTESIAN_POINT('',(18.9053901560699,-3.75,-22.6865881568071));
#6319=DIRECTION('',(0.965925826289068,-1.0E-16,0.258819045102521));
#6320=DIRECTION('',(0.0,-1.0,-3.86370330515627E-16));
#6321=SURFACE_STYLE_FILL_AREA(#8007);
#6322=ORIENTED_EDGE('',*,*,#8008,.T.);
#6323=ORIENTED_EDGE('',*,*,#8009,.T.);
#6324=ORIENTED_EDGE('',*,*,#7963,.T.);
#6325=ORIENTED_EDGE('',*,*,#7927,.T.);
#6326=ORIENTED_EDGE('',*,*,#8010,.T.);
#6327=CARTESIAN_POINT('',(11.85,-3.25,-25.2469472324903));
#6328=DIRECTION('',(1.0E-48,1.0,1.0E-32));
#6329=DIRECTION('',(0.0,1.0E-32,-1.0));
#6330=SURFACE_STYLE_FILL_AREA(#8011);
#6331=ORIENTED_EDGE('',*,*,#8012,.T.);
#6332=ORIENTED_EDGE('',*,*,#7745,.F.);
#6333=ORIENTED_EDGE('',*,*,#7964,.T.);
#6334=ORIENTED_EDGE('',*,*,#8009,.F.);
#6335=CARTESIAN_POINT('',(11.85,-0.453156168486273,-3.5));
#6336=DIRECTION('',(0.0,0.0,-1.0));
#6337=DIRECTION('',(0.0,-1.0,0.0));
#6338=SURFACE_STYLE_FILL_AREA(#8013);
#6339=ORIENTED_EDGE('',*,*,#8014,.T.);
#6340=ORIENTED_EDGE('',*,*,#7741,.F.);
#6341=ORIENTED_EDGE('',*,*,#8012,.F.);
#6342=ORIENTED_EDGE('',*,*,#8008,.F.);
#6343=CARTESIAN_POINT('',(4.97162797152774,-3.75,-25.0115881568071));
#6344=DIRECTION('',(-0.965925826289068,1.0E-16,0.258819045102521));
#6345=DIRECTION('',(1.03527618041008E-16,1.0,0.0));
#6346=SURFACE_STYLE_FILL_AREA(#8015);
#6347=ORIENTED_EDGE('',*,*,#7742,.F.);
#6348=ORIENTED_EDGE('',*,*,#8014,.F.);
#6349=ORIENTED_EDGE('',*,*,#8010,.F.);
#6350=ORIENTED_EDGE('',*,*,#7931,.F.);
#6351=CARTESIAN_POINT('',(10.95,-6.75,-25.2469472324903));
#6352=DIRECTION('',(-1.0,1.0E-16,0.0));
#6353=DIRECTION('',(0.0,0.0,1.0));
#6354=SURFACE_STYLE_FILL_AREA(#8016);
#6355=ORIENTED_EDGE('',*,*,#7981,.T.);
#6356=ORIENTED_EDGE('',*,*,#7752,.T.);
#6357=ORIENTED_EDGE('',*,*,#7960,.T.);
#6358=ORIENTED_EDGE('',*,*,#7985,.T.);
#6359=CARTESIAN_POINT('',(27.35,-6.25,-25.2469472324903));
#6360=DIRECTION('',(1.0E-48,1.0,1.0E-32));
#6361=DIRECTION('',(0.0,1.0E-32,-1.0));
#6362=SURFACE_STYLE_FILL_AREA(#8017);
#6363=ORIENTED_EDGE('',*,*,#7958,.T.);
#6364=ORIENTED_EDGE('',*,*,#7941,.F.);
#6365=ORIENTED_EDGE('',*,*,#7946,.F.);
#6366=ORIENTED_EDGE('',*,*,#7733,.T.);
#6367=ORIENTED_EDGE('',*,*,#7961,.T.);
#6368=ORIENTED_EDGE('',*,*,#7754,.F.);
#6369=ORIENTED_EDGE('',*,*,#7980,.F.);
#6370=ORIENTED_EDGE('',*,*,#7984,.T.);
#6371=CARTESIAN_POINT('',(8.75,-1.4,2.4));
#6372=DIRECTION('',(-0.0,1.0,0.0));
#6373=DIRECTION('',(1.0,0.0,0.0));
#6374=SURFACE_STYLE_FILL_AREA(#8018);
#6375=ORIENTED_EDGE('',*,*,#7989,.T.);
#6376=ORIENTED_EDGE('',*,*,#7762,.T.);
#6377=ORIENTED_EDGE('',*,*,#7693,.F.);
#6378=ORIENTED_EDGE('',*,*,#8000,.F.);
#6379=CARTESIAN_POINT('',(13.175,-3.46944695195361E-15,3.3));
#6380=DIRECTION('',(1.0,0.0,0.0));
#6381=DIRECTION('',(0.0,1.0,0.0));
#6382=SURFACE_STYLE_FILL_AREA(#8019);
#6383=ORIENTED_EDGE('',*,*,#7792,.F.);
#6384=ORIENTED_EDGE('',*,*,#7862,.T.);
#6385=ORIENTED_EDGE('',*,*,#7781,.F.);
#6386=ORIENTED_EDGE('',*,*,#7809,.F.);
#6387=CARTESIAN_POINT('',(18.325,-3.46944695195361E-15,3.3));
#6388=DIRECTION('',(0.0,0.0,-1.0));
#6389=DIRECTION('',(0.0,-1.0,0.0));
#6390=SURFACE_STYLE_FILL_AREA(#8020);
#6391=ORIENTED_EDGE('',*,*,#7669,.F.);
#6392=ORIENTED_EDGE('',*,*,#7841,.T.);
#6393=ORIENTED_EDGE('',*,*,#7773,.T.);
#6394=ORIENTED_EDGE('',*,*,#7833,.T.);
#6395=CARTESIAN_POINT('',(17.15,-2.09287527205297,8.05));
#6396=DIRECTION('',(-1.0,0.0,0.0));
#6397=DIRECTION('',(0.0,0.0,1.0));
#6398=SURFACE_STYLE_FILL_AREA(#8021);
#6399=ORIENTED_EDGE('',*,*,#7872,.T.);
#6400=ORIENTED_EDGE('',*,*,#8022,.F.);
#6401=ORIENTED_EDGE('',*,*,#7802,.T.);
#6402=ORIENTED_EDGE('',*,*,#7673,.F.);
#6403=CARTESIAN_POINT('',(18.85,-0.453156168486273,-3.5));
#6404=DIRECTION('',(0.0,0.0,-1.0));
#6405=DIRECTION('',(0.0,-1.0,0.0));
#6406=SURFACE_STYLE_FILL_AREA(#8023);
#6407=ORIENTED_EDGE('',*,*,#7871,.T.);
#6408=ORIENTED_EDGE('',*,*,#7929,.T.);
#6409=ORIENTED_EDGE('',*,*,#7679,.T.);
#6410=ORIENTED_EDGE('',*,*,#7803,.T.);
#6411=ORIENTED_EDGE('',*,*,#8022,.T.);
#6412=CARTESIAN_POINT('',(18.85,-3.75,-25.2469472324903));
#6413=DIRECTION('',(-1.0E-16,-1.0,0.0));
#6414=DIRECTION('',(-1.0,1.0E-16,0.0));
#6415=SURFACE_STYLE_FILL_AREA(#8024);
#6416=ORIENTED_EDGE('',*,*,#7835,.T.);
#6417=ORIENTED_EDGE('',*,*,#7650,.T.);
#6418=ORIENTED_EDGE('',*,*,#7977,.T.);
#6419=CARTESIAN_POINT('',(14.0,-3.50000000000005,8.05));
#6420=DIRECTION('',(0.0,-1.7E-15,1.0));
#6421=DIRECTION('',(0.0,-1.0,-1.7E-15));
#6422=SURFACE_STYLE_FILL_AREA(#8025);
#6423=ORIENTED_EDGE('',*,*,#7794,.T.);
#6424=ORIENTED_EDGE('',*,*,#7810,.T.);
#6425=ORIENTED_EDGE('',*,*,#7779,.F.);
#6426=ORIENTED_EDGE('',*,*,#7861,.T.);
#6427=CARTESIAN_POINT('',(16.675,-3.46944695195361E-15,1.6));
#6428=DIRECTION('',(0.0,0.0,1.0));
#6429=DIRECTION('',(1.0,0.0,0.0));
#6430=SURFACE_STYLE_FILL_AREA(#8026);
#6431=ORIENTED_EDGE('',*,*,#8027,.F.);
#6432=ORIENTED_EDGE('',*,*,#8028,.F.);
#6433=ORIENTED_EDGE('',*,*,#8029,.F.);
#6434=ORIENTED_EDGE('',*,*,#8030,.F.);
#6435=ORIENTED_EDGE('',*,*,#8031,.T.);
#6436=ORIENTED_EDGE('',*,*,#8032,.T.);
#6437=CARTESIAN_POINT('',(17.5,-3.50000000000001,7.1));
#6438=DIRECTION('',(0.0,0.0,1.0));
#6439=DIRECTION('',(1.0,0.0,0.0));
#6440=SURFACE_STYLE_FILL_AREA(#8033);
#6441=ORIENTED_EDGE('',*,*,#8028,.T.);
#6442=ORIENTED_EDGE('',*,*,#8034,.T.);
#6443=ORIENTED_EDGE('',*,*,#8035,.T.);
#6444=CARTESIAN_POINT('',(16.6,-3.50000000000001,8.05));
#6445=DIRECTION('',(0.0,0.0,1.0));
#6446=DIRECTION('',(1.0,0.0,0.0));
#6447=SURFACE_STYLE_FILL_AREA(#8036);
#6448=ORIENTED_EDGE('',*,*,#8037,.F.);
#6449=ORIENTED_EDGE('',*,*,#8038,.T.);
#6450=ORIENTED_EDGE('',*,*,#8029,.T.);
#6451=ORIENTED_EDGE('',*,*,#8035,.F.);
#6452=CARTESIAN_POINT('',(17.85,-4.90712472794704,8.05));
#6453=DIRECTION('',(1.0,0.0,0.0));
#6454=DIRECTION('',(0.0,1.0,0.0));
#6455=SURFACE_STYLE_FILL_AREA(#8039);
#6456=ORIENTED_EDGE('',*,*,#8030,.T.);
#6457=ORIENTED_EDGE('',*,*,#8038,.F.);
#6458=ORIENTED_EDGE('',*,*,#8040,.T.);
#6459=ORIENTED_EDGE('',*,*,#8041,.F.);
#6460=CARTESIAN_POINT('',(16.6,-3.50000000000001,7.35));
#6461=DIRECTION('',(0.0,0.0,1.0));
#6462=DIRECTION('',(1.0,0.0,0.0));
#6463=SURFACE_STYLE_FILL_AREA(#8042);
#6464=ORIENTED_EDGE('',*,*,#8027,.T.);
#6465=ORIENTED_EDGE('',*,*,#8043,.T.);
#6466=ORIENTED_EDGE('',*,*,#8044,.F.);
#6467=ORIENTED_EDGE('',*,*,#8040,.F.);
#6468=ORIENTED_EDGE('',*,*,#8037,.T.);
#6469=ORIENTED_EDGE('',*,*,#8034,.F.);
#6470=CARTESIAN_POINT('',(17.5,-3.50000000000001,7.1));
#6471=DIRECTION('',(0.0,0.0,1.0));
#6472=DIRECTION('',(1.0,0.0,0.0));
#6473=SURFACE_STYLE_FILL_AREA(#8045);
#6474=ORIENTED_EDGE('',*,*,#8046,.T.);
#6475=ORIENTED_EDGE('',*,*,#8047,.T.);
#6476=ORIENTED_EDGE('',*,*,#8048,.T.);
#6477=ORIENTED_EDGE('',*,*,#8049,.T.);
#6478=ORIENTED_EDGE('',*,*,#8050,.T.);
#6479=ORIENTED_EDGE('',*,*,#8051,.T.);
#6480=ORIENTED_EDGE('',*,*,#8052,.T.);
#6481=ORIENTED_EDGE('',*,*,#8053,.F.);
#6482=ORIENTED_EDGE('',*,*,#8054,.F.);
#6483=ORIENTED_EDGE('',*,*,#8055,.T.);
#6484=ORIENTED_EDGE('',*,*,#8056,.F.);
#6485=ORIENTED_EDGE('',*,*,#8057,.T.);
#6486=ORIENTED_EDGE('',*,*,#8031,.F.);
#6487=ORIENTED_EDGE('',*,*,#8041,.T.);
#6488=ORIENTED_EDGE('',*,*,#8044,.T.);
#6489=ORIENTED_EDGE('',*,*,#8058,.T.);
#6490=ORIENTED_EDGE('',*,*,#8059,.T.);
#6491=ORIENTED_EDGE('',*,*,#8060,.T.);
#6492=ORIENTED_EDGE('',*,*,#8061,.T.);
#6493=ORIENTED_EDGE('',*,*,#8062,.F.);
#6494=ORIENTED_EDGE('',*,*,#8063,.T.);
#6495=ORIENTED_EDGE('',*,*,#8064,.T.);
#6496=ORIENTED_EDGE('',*,*,#8065,.F.);
#6497=ORIENTED_EDGE('',*,*,#8066,.F.);
#6498=ORIENTED_EDGE('',*,*,#8067,.T.);
#6499=ORIENTED_EDGE('',*,*,#8068,.T.);
#6500=ORIENTED_EDGE('',*,*,#8069,.T.);
#6501=ORIENTED_EDGE('',*,*,#8070,.T.);
#6502=ORIENTED_EDGE('',*,*,#8071,.T.);
#6503=ORIENTED_EDGE('',*,*,#8072,.T.);
#6504=ORIENTED_EDGE('',*,*,#8073,.T.);
#6505=ORIENTED_EDGE('',*,*,#8074,.T.);
#6506=ORIENTED_EDGE('',*,*,#8075,.T.);
#6507=CARTESIAN_POINT('',(17.5,-8.03000240000001,-3.5));
#6508=DIRECTION('',(1.0,0.0,0.0));
#6509=DIRECTION('',(0.0,1.0,0.0));
#6510=SURFACE_STYLE_FILL_AREA(#8076);
#6511=ORIENTED_EDGE('',*,*,#8077,.F.);
#6512=ORIENTED_EDGE('',*,*,#8047,.F.);
#6513=ORIENTED_EDGE('',*,*,#8078,.F.);
#6514=ORIENTED_EDGE('',*,*,#8079,.F.);
#6515=ORIENTED_EDGE('',*,*,#8080,.T.);
#6516=ORIENTED_EDGE('',*,*,#8051,.F.);
#6517=ORIENTED_EDGE('',*,*,#8081,.F.);
#6518=ORIENTED_EDGE('',*,*,#8082,.T.);
#6519=CARTESIAN_POINT('',(15.75,-3.50000000000001,-2.9137933385548E-16));
#6520=DIRECTION('',(0.0,0.0,-1.0));
#6521=DIRECTION('',(0.0,-1.0,0.0));
#6522=SURFACE_STYLE_FILL_AREA(#8083);
#6523=ORIENTED_EDGE('',*,*,#8084,.T.);
#6524=ORIENTED_EDGE('',*,*,#8085,.T.);
#6525=ORIENTED_EDGE('',*,*,#8081,.T.);
#6526=ORIENTED_EDGE('',*,*,#8050,.F.);
#6527=ORIENTED_EDGE('',*,*,#8086,.T.);
#6528=CARTESIAN_POINT('',(18.85,-3.75000000000001,-25.2469472324903));
#6529=DIRECTION('',(-1.0E-16,-1.0,0.0));
#6530=DIRECTION('',(-1.0,1.0E-16,0.0));
#6531=SURFACE_STYLE_FILL_AREA(#8087);
#6532=ORIENTED_EDGE('',*,*,#8075,.F.);
#6533=ORIENTED_EDGE('',*,*,#8088,.T.);
#6534=ORIENTED_EDGE('',*,*,#8089,.T.);
#6535=ORIENTED_EDGE('',*,*,#8090,.F.);
#6536=ORIENTED_EDGE('',*,*,#8091,.T.);
#6537=CARTESIAN_POINT('',(19.25,-7.84030649682738E-15,0.676990405704992));
#6538=DIRECTION('',(-0.0,0.642787609686539,0.766044443118978));
#6539=DIRECTION('',(1.0,0.0,0.0));
#6540=SURFACE_STYLE_FILL_AREA(#8092);
#6541=ORIENTED_EDGE('',*,*,#8093,.T.);
#6542=ORIENTED_EDGE('',*,*,#8094,.T.);
#6543=ORIENTED_EDGE('',*,*,#8066,.T.);
#6544=ORIENTED_EDGE('',*,*,#8095,.T.);
#6545=CARTESIAN_POINT('',(17.5,-3.27500000000001,3.31));
#6546=DIRECTION('',(0.0,0.0,1.0));
#6547=DIRECTION('',(1.0,0.0,0.0));
#6548=SURFACE_STYLE_FILL_AREA(#8096);
#6549=ORIENTED_EDGE('',*,*,#8097,.T.);
#6550=ORIENTED_EDGE('',*,*,#8095,.F.);
#6551=ORIENTED_EDGE('',*,*,#8065,.T.);
#6552=ORIENTED_EDGE('',*,*,#8098,.T.);
#6553=CARTESIAN_POINT('',(16.65,-1.39000000000001,3.3));
#6554=DIRECTION('',(-0.0,1.0,0.0));
#6555=DIRECTION('',(1.0,0.0,0.0));
#6556=SURFACE_STYLE_FILL_AREA(#8099);
#6557=ORIENTED_EDGE('',*,*,#8060,.F.);
#6558=ORIENTED_EDGE('',*,*,#8100,.F.);
#6559=ORIENTED_EDGE('',*,*,#8101,.F.);
#6560=ORIENTED_EDGE('',*,*,#8102,.T.);
#6561=CARTESIAN_POINT('',(15.75,-3.50000000000001,4.8));
#6562=DIRECTION('',(0.0,0.0,1.0));
#6563=DIRECTION('',(1.0,0.0,0.0));
#6564=SURFACE_STYLE_FILL_AREA(#8103);
#6565=ORIENTED_EDGE('',*,*,#8104,.T.);
#6566=ORIENTED_EDGE('',*,*,#8105,.F.);
#6567=ORIENTED_EDGE('',*,*,#8106,.T.);
#6568=ORIENTED_EDGE('',*,*,#8053,.T.);
#6569=CARTESIAN_POINT('',(9.55,-3.50000000000001,4.3));
#6570=DIRECTION('',(0.0,0.0,-1.0));
#6571=DIRECTION('',(0.0,-1.0,0.0));
#6572=SURFACE_STYLE_FILL_AREA(#8107);
#6573=ORIENTED_EDGE('',*,*,#8062,.T.);
#6574=ORIENTED_EDGE('',*,*,#8108,.T.);
#6575=ORIENTED_EDGE('',*,*,#8109,.T.);
#6576=ORIENTED_EDGE('',*,*,#8110,.F.);
#6577=CARTESIAN_POINT('',(15.45,-1.10000000000001,4.3));
#6578=DIRECTION('',(0.0,0.0,1.0));
#6579=DIRECTION('',(1.0,0.0,0.0));
#6580=SURFACE_STYLE_FILL_AREA(#8111);
#6581=ORIENTED_EDGE('',*,*,#8109,.F.);
#6582=ORIENTED_EDGE('',*,*,#8112,.F.);
#6583=ORIENTED_EDGE('',*,*,#8090,.T.);
#6584=ORIENTED_EDGE('',*,*,#8113,.F.);
#6585=ORIENTED_EDGE('',*,*,#8114,.F.);
#6586=CARTESIAN_POINT('',(18.85,-1.10000000000001,-2.9137933385548E-16));
#6587=DIRECTION('',(1.0,0.0,0.0));
#6588=DIRECTION('',(0.0,1.0,0.0));
#6589=SURFACE_STYLE_FILL_AREA(#8115);
#6590=ORIENTED_EDGE('',*,*,#8085,.F.);
#6591=ORIENTED_EDGE('',*,*,#8116,.F.);
#6592=ORIENTED_EDGE('',*,*,#8117,.F.);
#6593=ORIENTED_EDGE('',*,*,#8082,.F.);
#6594=CARTESIAN_POINT('',(17.95,-6.75000000000001,-25.2469472324903));
#6595=DIRECTION('',(-1.0,1.0E-16,0.0));
#6596=DIRECTION('',(0.0,0.0,1.0));
#6597=SURFACE_STYLE_FILL_AREA(#8118);
#6598=ORIENTED_EDGE('',*,*,#8119,.T.);
#6599=ORIENTED_EDGE('',*,*,#8086,.F.);
#6600=ORIENTED_EDGE('',*,*,#8049,.F.);
#6601=ORIENTED_EDGE('',*,*,#8120,.T.);
#6602=CARTESIAN_POINT('',(18.85,-0.453156168486278,-3.5));
#6603=DIRECTION('',(0.0,0.0,-1.0));
#6604=DIRECTION('',(0.0,-1.0,0.0));
#6605=SURFACE_STYLE_FILL_AREA(#8121);
#6606=ORIENTED_EDGE('',*,*,#8122,.F.);
#6607=ORIENTED_EDGE('',*,*,#8078,.T.);
#6608=ORIENTED_EDGE('',*,*,#8046,.F.);
#6609=ORIENTED_EDGE('',*,*,#8091,.F.);
#6610=ORIENTED_EDGE('',*,*,#8112,.T.);
#6611=ORIENTED_EDGE('',*,*,#8108,.F.);
#6612=ORIENTED_EDGE('',*,*,#8061,.F.);
#6613=ORIENTED_EDGE('',*,*,#8102,.F.);
#6614=CARTESIAN_POINT('',(19.25,-7.84030649682738E-15,0.136126883012348));
#6615=DIRECTION('',(-0.0,1.0,0.0));
#6616=DIRECTION('',(1.0,0.0,0.0));
#6617=SURFACE_STYLE_FILL_AREA(#8123);
#6618=ORIENTED_EDGE('',*,*,#8124,.T.);
#6619=ORIENTED_EDGE('',*,*,#8079,.T.);
#6620=ORIENTED_EDGE('',*,*,#8122,.T.);
#6621=ORIENTED_EDGE('',*,*,#8101,.T.);
#6622=ORIENTED_EDGE('',*,*,#8125,.T.);
#6623=ORIENTED_EDGE('',*,*,#8126,.T.);
#6624=CARTESIAN_POINT('',(19.25,-3.50000000000001,-2.9137933385548E-16));
#6625=DIRECTION('',(1.0,0.0,0.0));
#6626=DIRECTION('',(0.0,1.0,0.0));
#6627=SURFACE_STYLE_FILL_AREA(#8127);
#6628=ORIENTED_EDGE('',*,*,#8052,.F.);
#6629=ORIENTED_EDGE('',*,*,#8080,.F.);
#6630=ORIENTED_EDGE('',*,*,#8124,.F.);
#6631=ORIENTED_EDGE('',*,*,#8128,.F.);
#6632=ORIENTED_EDGE('',*,*,#8129,.T.);
#6633=ORIENTED_EDGE('',*,*,#8104,.F.);
#6634=CARTESIAN_POINT('',(15.75,-7.30000000000001,-2.9137933385548E-16));
#6635=DIRECTION('',(0.0,-1.0,0.0));
#6636=DIRECTION('',(0.0,0.0,-1.0));
#6637=SURFACE_STYLE_FILL_AREA(#8130);
#6638=ORIENTED_EDGE('',*,*,#8131,.T.);
#6639=ORIENTED_EDGE('',*,*,#8132,.T.);
#6640=ORIENTED_EDGE('',*,*,#8133,.F.);
#6641=ORIENTED_EDGE('',*,*,#8134,.F.);
#6642=CARTESIAN_POINT('',(18.325,-7.84030649682738E-15,1.6));
#6643=DIRECTION('',(-1.0,0.0,0.0));
#6644=DIRECTION('',(0.0,0.0,1.0));
#6645=SURFACE_STYLE_FILL_AREA(#8135);
#6646=ORIENTED_EDGE('',*,*,#8088,.F.);
#6647=ORIENTED_EDGE('',*,*,#8074,.F.);
#6648=ORIENTED_EDGE('',*,*,#8136,.T.);
#6649=ORIENTED_EDGE('',*,*,#8137,.F.);
#6650=CARTESIAN_POINT('',(16.675,-7.84030649682738E-15,1.6));
#6651=DIRECTION('',(0.0,0.0,1.0));
#6652=DIRECTION('',(1.0,0.0,0.0));
#6653=SURFACE_STYLE_FILL_AREA(#8138);
#6654=ORIENTED_EDGE('',*,*,#8133,.T.);
#6655=ORIENTED_EDGE('',*,*,#8139,.T.);
#6656=ORIENTED_EDGE('',*,*,#8069,.F.);
#6657=ORIENTED_EDGE('',*,*,#8140,.T.);
#6658=CARTESIAN_POINT('',(30.85,-6.25000000000001,-25.2469472324903));
#6659=DIRECTION('',(1.0E-48,1.0,1.0E-32));
#6660=DIRECTION('',(0.0,1.0E-32,-1.0));
#6661=SURFACE_STYLE_FILL_AREA(#8141);
#6662=ORIENTED_EDGE('',*,*,#8142,.T.);
#6663=ORIENTED_EDGE('',*,*,#8120,.F.);
#6664=ORIENTED_EDGE('',*,*,#8048,.F.);
#6665=ORIENTED_EDGE('',*,*,#8077,.T.);
#6666=ORIENTED_EDGE('',*,*,#8117,.T.);
#6667=CARTESIAN_POINT('',(18.85,-3.25000000000001,-25.2469472324903));
#6668=DIRECTION('',(1.0E-48,1.0,1.0E-32));
#6669=DIRECTION('',(0.0,1.0E-32,-1.0));
#6670=SURFACE_STYLE_FILL_AREA(#8143);
#6671=ORIENTED_EDGE('',*,*,#8116,.T.);
#6672=ORIENTED_EDGE('',*,*,#8084,.F.);
#6673=ORIENTED_EDGE('',*,*,#8119,.F.);
#6674=ORIENTED_EDGE('',*,*,#8142,.F.);
#6675=CARTESIAN_POINT('',(11.9716279715277,-3.75000000000001,-25.0115881568071));
#6676=DIRECTION('',(-0.965925826289068,1.0E-16,0.258819045102521));
#6677=DIRECTION('',(1.03527618041008E-16,1.0,0.0));
#6678=SURFACE_STYLE_FILL_AREA(#8144);
#6679=ORIENTED_EDGE('',*,*,#8056,.T.);
#6680=ORIENTED_EDGE('',*,*,#8145,.T.);
#6681=ORIENTED_EDGE('',*,*,#8146,.T.);
#6682=ORIENTED_EDGE('',*,*,#8147,.T.);
#6683=CARTESIAN_POINT('',(25.1,-5.50000000000001,9.1));
#6684=DIRECTION('',(0.0,0.994521895368273,-0.104528463267653));
#6685=DIRECTION('',(-1.0,0.0,0.0));
#6686=SURFACE_STYLE_FILL_AREA(#8148);
#6687=ORIENTED_EDGE('',*,*,#8149,.F.);
#6688=ORIENTED_EDGE('',*,*,#8072,.F.);
#6689=ORIENTED_EDGE('',*,*,#8150,.F.);
#6690=ORIENTED_EDGE('',*,*,#8151,.F.);
#6691=CARTESIAN_POINT('',(17.5,-3.27500000000001,1.59));
#6692=DIRECTION('',(0.0,0.0,1.0));
#6693=DIRECTION('',(1.0,0.0,0.0));
#6694=SURFACE_STYLE_FILL_AREA(#8152);
#6695=ORIENTED_EDGE('',*,*,#8153,.F.);
#6696=ORIENTED_EDGE('',*,*,#8137,.T.);
#6697=ORIENTED_EDGE('',*,*,#8154,.T.);
#6698=ORIENTED_EDGE('',*,*,#8151,.T.);
#6699=ORIENTED_EDGE('',*,*,#8155,.T.);
#6700=ORIENTED_EDGE('',*,*,#8093,.F.);
#6701=ORIENTED_EDGE('',*,*,#8097,.F.);
#6702=ORIENTED_EDGE('',*,*,#8156,.F.);
#6703=CARTESIAN_POINT('',(18.35,-7.84030649682738E-15,1.6));
#6704=DIRECTION('',(-1.0,0.0,0.0));
#6705=DIRECTION('',(0.0,0.0,1.0));
#6706=SURFACE_STYLE_FILL_AREA(#8157);
#6707=ORIENTED_EDGE('',*,*,#8158,.T.);
#6708=ORIENTED_EDGE('',*,*,#8159,.T.);
#6709=ORIENTED_EDGE('',*,*,#8063,.F.);
#6710=ORIENTED_EDGE('',*,*,#8110,.T.);
#6711=ORIENTED_EDGE('',*,*,#8114,.T.);
#6712=CARTESIAN_POINT('',(18.85,-4.65394191624433,-2.85560796608386));
#6713=DIRECTION('',(0.0,0.866025403784439,-0.5));
#6714=DIRECTION('',(-1.0,0.0,0.0));
#6715=SURFACE_STYLE_FILL_AREA(#8160);
#6716=ORIENTED_EDGE('',*,*,#8064,.F.);
#6717=ORIENTED_EDGE('',*,*,#8159,.F.);
#6718=ORIENTED_EDGE('',*,*,#8156,.T.);
#6719=ORIENTED_EDGE('',*,*,#8098,.F.);
#6720=CARTESIAN_POINT('',(18.325,-7.84030649682738E-15,3.3));
#6721=DIRECTION('',(0.0,0.0,-1.0));
#6722=DIRECTION('',(0.0,-1.0,0.0));
#6723=SURFACE_STYLE_FILL_AREA(#8161);
#6724=ORIENTED_EDGE('',*,*,#8089,.F.);
#6725=ORIENTED_EDGE('',*,*,#8153,.T.);
#6726=ORIENTED_EDGE('',*,*,#8158,.F.);
#6727=ORIENTED_EDGE('',*,*,#8113,.T.);
#6728=CARTESIAN_POINT('',(12.65,-6.80000000000001,4.3));
#6729=DIRECTION('',(-0.707106781186548,0.707106781186547,0.0));
#6730=DIRECTION('',(0.0,0.0,1.0));
#6731=SURFACE_STYLE_FILL_AREA(#8162);
#6732=ORIENTED_EDGE('',*,*,#8055,.F.);
#6733=ORIENTED_EDGE('',*,*,#8163,.F.);
#6734=ORIENTED_EDGE('',*,*,#8164,.F.);
#6735=ORIENTED_EDGE('',*,*,#8145,.F.);
#6736=CARTESIAN_POINT('',(16.55,-3.50000000000001,7.7));
#6737=DIRECTION('',(0.0,0.0,1.0));
#6738=DIRECTION('',(1.0,0.0,0.0));
#6739=SURFACE_STYLE_FILL_AREA(#8165);
#6740=ORIENTED_EDGE('',*,*,#8054,.T.);
#6741=ORIENTED_EDGE('',*,*,#8106,.F.);
#6742=ORIENTED_EDGE('',*,*,#8166,.T.);
#6743=ORIENTED_EDGE('',*,*,#8163,.T.);
#6744=CARTESIAN_POINT('',(18.1,-6.09475020461288,7.313959798681));
#6745=DIRECTION('',(0.0,0.999390827019096,-0.0348994967025011));
#6746=DIRECTION('',(-1.0,0.0,0.0));
#6747=SURFACE_STYLE_FILL_AREA(#8167);
#6748=ORIENTED_EDGE('',*,*,#8136,.F.);
#6749=ORIENTED_EDGE('',*,*,#8073,.F.);
#6750=ORIENTED_EDGE('',*,*,#8149,.T.);
#6751=ORIENTED_EDGE('',*,*,#8154,.F.);
#6752=CARTESIAN_POINT('',(16.65,-1.39000000000001,1.6));
#6753=DIRECTION('',(0.0,-1.0,0.0));
#6754=DIRECTION('',(0.0,0.0,-1.0));
#6755=SURFACE_STYLE_FILL_AREA(#8168);
#6756=ORIENTED_EDGE('',*,*,#8070,.F.);
#6757=ORIENTED_EDGE('',*,*,#8139,.F.);
#6758=ORIENTED_EDGE('',*,*,#8132,.F.);
#6759=ORIENTED_EDGE('',*,*,#8169,.T.);
#6760=CARTESIAN_POINT('',(16.675,-7.84030649682738E-15,1.6));
#6761=DIRECTION('',(0.0,0.0,1.0));
#6762=DIRECTION('',(1.0,0.0,0.0));
#6763=SURFACE_STYLE_FILL_AREA(#8170);
#6764=ORIENTED_EDGE('',*,*,#8068,.F.);
#6765=ORIENTED_EDGE('',*,*,#8171,.F.);
#6766=ORIENTED_EDGE('',*,*,#8134,.T.);
#6767=ORIENTED_EDGE('',*,*,#8140,.F.);
#6768=CARTESIAN_POINT('',(18.325,-7.84030649682738E-15,3.3));
#6769=DIRECTION('',(0.0,0.0,-1.0));
#6770=DIRECTION('',(0.0,-1.0,0.0));
#6771=SURFACE_STYLE_FILL_AREA(#8172);
#6772=ORIENTED_EDGE('',*,*,#8071,.F.);
#6773=ORIENTED_EDGE('',*,*,#8169,.F.);
#6774=ORIENTED_EDGE('',*,*,#8131,.F.);
#6775=ORIENTED_EDGE('',*,*,#8171,.T.);
#6776=ORIENTED_EDGE('',*,*,#8067,.F.);
#6777=ORIENTED_EDGE('',*,*,#8094,.F.);
#6778=ORIENTED_EDGE('',*,*,#8155,.F.);
#6779=ORIENTED_EDGE('',*,*,#8150,.T.);
#6780=CARTESIAN_POINT('',(15.75,-1.40000000000001,2.4));
#6781=DIRECTION('',(-0.0,1.0,0.0));
#6782=DIRECTION('',(1.0,0.0,0.0));
#6783=SURFACE_STYLE_FILL_AREA(#8173);
#6784=ORIENTED_EDGE('',*,*,#8057,.F.);
#6785=ORIENTED_EDGE('',*,*,#8147,.F.);
#6786=ORIENTED_EDGE('',*,*,#8174,.T.);
#6787=ORIENTED_EDGE('',*,*,#8128,.T.);
#6788=ORIENTED_EDGE('',*,*,#8126,.F.);
#6789=ORIENTED_EDGE('',*,*,#8175,.T.);
#6790=ORIENTED_EDGE('',*,*,#8058,.F.);
#6791=ORIENTED_EDGE('',*,*,#8043,.F.);
#6792=ORIENTED_EDGE('',*,*,#8032,.F.);
#6793=CARTESIAN_POINT('',(12.25,-3.50000000000001,9.1));
#6794=DIRECTION('',(0.0,0.0,1.0));
#6795=DIRECTION('',(1.0,0.0,0.0));
#6796=SURFACE_STYLE_FILL_AREA(#8176);
#6797=ORIENTED_EDGE('',*,*,#8166,.F.);
#6798=ORIENTED_EDGE('',*,*,#8105,.T.);
#6799=ORIENTED_EDGE('',*,*,#8129,.F.);
#6800=ORIENTED_EDGE('',*,*,#8174,.F.);
#6801=ORIENTED_EDGE('',*,*,#8146,.F.);
#6802=ORIENTED_EDGE('',*,*,#8164,.T.);
#6803=CARTESIAN_POINT('',(18.75,-6.72904753830496,5.5));
#6804=DIRECTION('',(-1.0,0.0,0.0));
#6805=DIRECTION('',(0.0,0.0,1.0));
#6806=SURFACE_STYLE_FILL_AREA(#8177);
#6807=ORIENTED_EDGE('',*,*,#8059,.F.);
#6808=ORIENTED_EDGE('',*,*,#8175,.F.);
#6809=ORIENTED_EDGE('',*,*,#8125,.F.);
#6810=ORIENTED_EDGE('',*,*,#8100,.T.);
#6811=CARTESIAN_POINT('',(15.75,0.168225560942602,0.580989852454054));
#6812=DIRECTION('',(-0.0,0.987688340595138,0.156434465040232));
#6813=DIRECTION('',(1.0,0.0,0.0));
#6814=FILL_AREA_STYLE('',(#8178));
#6815=EDGE_CURVE('',#8179,#8180,#8181,.T.);
#6816=EDGE_CURVE('',#8179,#8182,#8183,.T.);
#6817=EDGE_CURVE('',#8184,#8182,#8185,.T.);
#6818=EDGE_CURVE('',#8186,#8184,#8187,.T.);
#6819=EDGE_CURVE('',#8186,#8188,#8189,.T.);
#6820=EDGE_CURVE('',#8180,#8188,#8190,.T.);
#6821=FILL_AREA_STYLE('',(#8191));
#6822=EDGE_CURVE('',#8192,#8193,#8194,.T.);
#6823=EDGE_CURVE('',#8192,#8195,#8196,.T.);
#6824=EDGE_CURVE('',#8195,#8197,#8198,.T.);
#6825=EDGE_CURVE('',#8197,#8199,#8200,.T.);
#6826=EDGE_CURVE('',#8199,#8193,#8201,.T.);
#6827=FILL_AREA_STYLE('',(#8202));
#6828=EDGE_CURVE('',#8203,#8204,#8205,.T.);
#6829=EDGE_CURVE('',#8206,#8204,#8207,.T.);
#6830=EDGE_CURVE('',#8206,#8208,#8209,.T.);
#6831=EDGE_CURVE('',#8203,#8208,#8210,.T.);
#6832=FILL_AREA_STYLE('',(#8211));
#6833=EDGE_CURVE('',#8212,#8213,#8214,.T.);
#6834=EDGE_CURVE('',#8215,#8212,#8216,.T.);
#6835=EDGE_CURVE('',#8217,#8215,#8218,.T.);
#6836=EDGE_CURVE('',#8217,#8219,#8220,.T.);
#6837=EDGE_CURVE('',#8221,#8219,#8222,.T.);
#6838=EDGE_CURVE('',#8223,#8221,#8224,.T.);
#6839=EDGE_CURVE('',#8225,#8223,#8226,.T.);
#6840=EDGE_CURVE('',#8225,#8213,#8227,.T.);
#6841=FILL_AREA_STYLE('',(#8228));
#6842=EDGE_CURVE('',#8221,#8229,#8230,.T.);
#6843=EDGE_CURVE('',#8231,#8229,#8232,.T.);
#6844=EDGE_CURVE('',#8223,#8231,#8233,.T.);
#6845=FILL_AREA_STYLE('',(#8234));
#6846=EDGE_CURVE('',#8235,#8236,#8237,.T.);
#6847=EDGE_CURVE('',#8238,#8235,#8239,.T.);
#6848=EDGE_CURVE('',#8238,#8240,#8241,.T.);
#6849=EDGE_CURVE('',#8240,#8242,#8243,.T.);
#6850=EDGE_CURVE('',#8242,#8236,#8244,.T.);
#6851=FILL_AREA_STYLE('',(#8245));
#6852=EDGE_CURVE('',#8246,#8180,#8247,.T.);
#6853=EDGE_CURVE('',#8248,#8246,#8249,.T.);
#6854=EDGE_CURVE('',#8250,#8248,#8251,.T.);
#6855=EDGE_CURVE('',#8250,#8252,#8253,.T.);
#6856=EDGE_CURVE('',#8252,#8179,#8254,.T.);
#6857=FILL_AREA_STYLE('',(#8255));
#6858=EDGE_CURVE('',#8256,#8257,#8258,.T.);
#6859=EDGE_CURVE('',#8259,#8257,#8260,.T.);
#6860=EDGE_CURVE('',#8259,#8261,#8262,.T.);
#6861=EDGE_CURVE('',#8261,#8256,#8263,.T.);
#6862=FILL_AREA_STYLE('',(#8264));
#6863=EDGE_CURVE('',#8265,#8266,#8267,.T.);
#6864=EDGE_CURVE('',#8268,#8265,#8269,.T.);
#6865=EDGE_CURVE('',#8270,#8268,#8271,.T.);
#6866=EDGE_CURVE('',#8270,#8266,#8272,.T.);
#6867=FILL_AREA_STYLE('',(#8273));
#6868=EDGE_CURVE('',#8274,#8275,#8276,.T.);
#6869=EDGE_CURVE('',#8204,#8274,#8277,.T.);
#6870=EDGE_CURVE('',#8204,#8278,#8279,.T.);
#6871=EDGE_CURVE('',#8278,#8275,#8280,.T.);
#6872=FILL_AREA_STYLE('',(#8281));
#6873=EDGE_CURVE('',#8275,#8282,#8283,.T.);
#6874=EDGE_CURVE('',#8278,#8284,#8285,.T.);
#6875=EDGE_CURVE('',#8284,#8282,#8286,.T.);
#6876=FILL_AREA_STYLE('',(#8287));
#6877=EDGE_CURVE('',#8288,#8289,#8290,.T.);
#6878=EDGE_CURVE('',#8291,#8288,#8292,.T.);
#6879=EDGE_CURVE('',#8291,#8293,#8294,.T.);
#6880=EDGE_CURVE('',#8293,#8289,#8295,.T.);
#6881=FILL_AREA_STYLE('',(#8296));
#6882=EDGE_CURVE('',#8282,#8225,#8297,.T.);
#6883=EDGE_CURVE('',#8213,#8284,#8298,.T.);
#6884=FILL_AREA_STYLE('',(#8299));
#6885=EDGE_CURVE('',#8300,#8215,#8301,.T.);
#6886=EDGE_CURVE('',#8212,#8302,#8303,.T.);
#6887=EDGE_CURVE('',#8302,#8300,#8304,.T.);
#6888=FILL_AREA_STYLE('',(#8305));
#6889=EDGE_CURVE('',#8306,#8307,#8308,.T.);
#6890=EDGE_CURVE('',#8306,#8203,#8309,.T.);
#6891=EDGE_CURVE('',#8208,#8310,#8311,.T.);
#6892=EDGE_CURVE('',#8310,#8307,#8312,.T.);
#6893=FILL_AREA_STYLE('',(#8313));
#6894=EDGE_CURVE('',#8314,#8315,#8316,.T.);
#6895=EDGE_CURVE('',#8315,#8265,#8317,.T.);
#6896=EDGE_CURVE('',#8266,#8318,#8319,.T.);
#6897=EDGE_CURVE('',#8318,#8320,#8321,.T.);
#6898=EDGE_CURVE('',#8320,#8314,#8322,.T.);
#6899=FILL_AREA_STYLE('',(#8323));
#6900=EDGE_CURVE('',#8231,#8324,#8325,.T.);
#6901=EDGE_CURVE('',#8229,#8326,#8327,.T.);
#6902=EDGE_CURVE('',#8326,#8324,#8328,.T.);
#6903=FILL_AREA_STYLE('',(#8329));
#6904=EDGE_CURVE('',#8197,#8240,#8330,.T.);
#6905=EDGE_CURVE('',#8242,#8195,#8331,.T.);
#6906=FILL_AREA_STYLE('',(#8332));
#6907=EDGE_CURVE('',#8333,#8274,#8334,.T.);
#6908=EDGE_CURVE('',#8333,#8335,#8336,.T.);
#6909=EDGE_CURVE('',#8206,#8335,#8337,.T.);
#6910=FILL_AREA_STYLE('',(#8338));
#6911=EDGE_CURVE('',#8339,#8333,#8340,.T.);
#6912=EDGE_CURVE('',#8339,#8320,#8341,.T.);
#6913=EDGE_CURVE('',#8342,#8318,#8343,.T.);
#6914=EDGE_CURVE('',#8344,#8342,#8345,.T.);
#6915=EDGE_CURVE('',#8346,#8344,#8347,.T.);
#6916=EDGE_CURVE('',#8346,#8335,#8348,.T.);
#6917=FILL_AREA_STYLE('',(#8349));
#6918=EDGE_CURVE('',#8350,#8300,#8351,.T.);
#6919=EDGE_CURVE('',#8352,#8302,#8353,.T.);
#6920=EDGE_CURVE('',#8352,#8350,#8354,.T.);
#6921=FILL_AREA_STYLE('',(#8355));
#6922=EDGE_CURVE('',#8199,#8238,#8356,.T.);
#6923=FILL_AREA_STYLE('',(#8357));
#6924=EDGE_CURVE('',#8358,#8291,#8359,.T.);
#6925=EDGE_CURVE('',#8288,#8360,#8361,.T.);
#6926=EDGE_CURVE('',#8360,#8358,#8362,.T.);
#6927=FILL_AREA_STYLE('',(#8363));
#6928=EDGE_CURVE('',#8248,#8186,#8364,.T.);
#6929=EDGE_CURVE('',#8250,#8184,#8365,.T.);
#6930=FILL_AREA_STYLE('',(#8366));
#6931=EDGE_CURVE('',#8346,#8310,#8367,.T.);
#6932=EDGE_CURVE('',#8344,#8307,#8368,.T.);
#6933=FILL_AREA_STYLE('',(#8369));
#6934=EDGE_CURVE('',#8219,#8326,#8370,.T.);
#6935=FILL_AREA_STYLE('',(#8371));
#6936=EDGE_CURVE('',#8188,#8246,#8372,.T.);
#6937=FILL_AREA_STYLE('',(#8373));
#6938=EDGE_CURVE('',#8342,#8270,#8374,.T.);
#6939=FILL_AREA_STYLE('',(#8375));
#6940=FILL_AREA_STYLE('',(#8376));
#6941=EDGE_CURVE('',#8236,#8339,#8377,.T.);
#6942=EDGE_CURVE('',#8378,#8192,#8379,.T.);
#6943=EDGE_CURVE('',#8378,#8314,#8380,.T.);
#6944=FILL_AREA_STYLE('',(#8381));
#6945=EDGE_CURVE('',#8358,#8378,#8382,.T.);
#6946=EDGE_CURVE('',#8383,#8360,#8384,.T.);
#6947=EDGE_CURVE('',#8315,#8383,#8385,.T.);
#6948=FILL_AREA_STYLE('',(#8386));
#6949=EDGE_CURVE('',#8261,#8293,#8387,.T.);
#6950=EDGE_CURVE('',#8259,#8289,#8388,.T.);
#6951=FILL_AREA_STYLE('',(#8389));
#6952=EDGE_CURVE('',#8350,#8306,#8390,.T.);
#6953=EDGE_CURVE('',#8203,#8352,#8391,.T.);
#6954=FILL_AREA_STYLE('',(#8392));
#6955=EDGE_CURVE('',#8193,#8235,#8393,.T.);
#6956=EDGE_CURVE('',#8324,#8217,#8394,.T.);
#6957=EDGE_CURVE('',#8268,#8252,#8395,.T.);
#6958=EDGE_CURVE('',#8182,#8256,#8396,.T.);
#6959=FILL_AREA_STYLE('',(#8397));
#6960=FILL_AREA_STYLE('',(#8398));
#6961=FILL_AREA_STYLE('',(#8399));
#6962=EDGE_CURVE('',#8257,#8383,#8400,.T.);
#6963=FILL_AREA_STYLE('',(#8401));
#6964=FILL_AREA_STYLE('',(#8402));
#6965=FILL_AREA_STYLE('',(#8403));
#6966=FILL_AREA_STYLE('',(#8404));
#6967=EDGE_CURVE('',#8405,#8406,#8407,.T.);
#6968=EDGE_CURVE('',#8408,#8405,#8409,.T.);
#6969=EDGE_CURVE('',#8410,#8408,#8411,.T.);
#6970=EDGE_CURVE('',#8412,#8410,#8413,.T.);
#6971=EDGE_CURVE('',#8412,#8414,#8415,.T.);
#6972=EDGE_CURVE('',#8416,#8414,#8417,.T.);
#6973=EDGE_CURVE('',#8418,#8416,#8419,.T.);
#6974=EDGE_CURVE('',#8418,#8406,#8420,.T.);
#6975=FILL_AREA_STYLE('',(#8421));
#6976=EDGE_CURVE('',#8422,#8423,#8424,.T.);
#6977=EDGE_CURVE('',#8425,#8422,#8426,.T.);
#6978=EDGE_CURVE('',#8427,#8425,#8428,.T.);
#6979=EDGE_CURVE('',#8429,#8427,#8430,.T.);
#6980=EDGE_CURVE('',#8429,#8431,#8432,.T.);
#6981=EDGE_CURVE('',#8431,#8423,#8433,.T.);
#6982=FILL_AREA_STYLE('',(#8434));
#6983=EDGE_CURVE('',#8435,#8436,#8437,.T.);
#6984=EDGE_CURVE('',#8435,#8438,#8439,.T.);
#6985=EDGE_CURVE('',#8440,#8438,#8441,.T.);
#6986=EDGE_CURVE('',#8442,#8440,#8443,.T.);
#6987=EDGE_CURVE('',#8442,#8444,#8445,.T.);
#6988=EDGE_CURVE('',#8436,#8444,#8446,.T.);
#6989=FILL_AREA_STYLE('',(#8447));
#6990=EDGE_CURVE('',#8448,#8449,#8450,.T.);
#6991=EDGE_CURVE('',#8449,#8451,#8452,.T.);
#6992=EDGE_CURVE('',#8451,#8453,#8454,.T.);
#6993=EDGE_CURVE('',#8453,#8455,#8456,.T.);
#6994=EDGE_CURVE('',#8455,#8448,#8457,.T.);
#6995=FILL_AREA_STYLE('',(#8458));
#6996=EDGE_CURVE('',#8459,#8453,#8460,.T.);
#6997=EDGE_CURVE('',#8461,#8459,#8462,.T.);
#6998=EDGE_CURVE('',#8455,#8461,#8463,.T.);
#6999=FILL_AREA_STYLE('',(#8464));
#7000=EDGE_CURVE('',#8465,#8466,#8467,.T.);
#7001=EDGE_CURVE('',#8468,#8466,#8469,.T.);
#7002=EDGE_CURVE('',#8470,#8468,#8471,.T.);
#7003=EDGE_CURVE('',#8465,#8470,#8472,.T.);
#7004=FILL_AREA_STYLE('',(#8473));
#7005=EDGE_CURVE('',#8474,#8416,#8475,.T.);
#7006=EDGE_CURVE('',#8474,#8414,#8476,.T.);
#7007=FILL_AREA_STYLE('',(#8477));
#7008=EDGE_CURVE('',#8478,#8479,#8480,.T.);
#7009=EDGE_CURVE('',#8479,#8481,#8482,.T.);
#7010=EDGE_CURVE('',#8481,#8483,#8484,.T.);
#7011=EDGE_CURVE('',#8483,#8478,#8485,.T.);
#7012=FILL_AREA_STYLE('',(#8486));
#7013=EDGE_CURVE('',#8487,#8488,#8489,.T.);
#7014=EDGE_CURVE('',#8490,#8487,#8491,.T.);
#7015=EDGE_CURVE('',#8492,#8490,#8493,.T.);
#7016=EDGE_CURVE('',#8488,#8492,#8494,.T.);
#7017=FILL_AREA_STYLE('',(#8495));
#7018=EDGE_CURVE('',#8427,#8496,#8497,.T.);
#7019=EDGE_CURVE('',#8498,#8425,#8499,.T.);
#7020=EDGE_CURVE('',#8496,#8498,#8500,.T.);
#7021=FILL_AREA_STYLE('',(#8501));
#7022=EDGE_CURVE('',#8502,#8503,#8504,.T.);
#7023=EDGE_CURVE('',#8503,#8505,#8506,.T.);
#7024=EDGE_CURVE('',#8505,#8507,#8508,.T.);
#7025=EDGE_CURVE('',#8509,#8507,#8510,.T.);
#7026=EDGE_CURVE('',#8509,#8511,#8512,.T.);
#7027=EDGE_CURVE('',#8513,#8511,#8514,.T.);
#7028=EDGE_CURVE('',#8513,#8515,#8516,.T.);
#7029=EDGE_CURVE('',#8517,#8515,#8518,.T.);
#7030=EDGE_CURVE('',#8517,#8519,#8520,.T.);
#7031=EDGE_CURVE('',#8521,#8519,#8522,.T.);
#7032=EDGE_CURVE('',#8521,#8523,#8524,.T.);
#7033=EDGE_CURVE('',#8502,#8523,#8525,.T.);
#7034=EDGE_CURVE('',#8526,#8527,#8528,.T.);
#7035=EDGE_CURVE('',#8529,#8527,#8530,.T.);
#7036=EDGE_CURVE('',#8529,#8531,#8532,.T.);
#7037=EDGE_CURVE('',#8526,#8531,#8533,.T.);
#7038=FILL_AREA_STYLE('',(#8534));
#7039=EDGE_CURVE('',#8535,#8536,#8537,.T.);
#7040=EDGE_CURVE('',#8538,#8536,#8539,.T.);
#7041=EDGE_CURVE('',#8538,#8540,#8541,.T.);
#7042=EDGE_CURVE('',#8535,#8540,#8542,.T.);
#7043=FILL_AREA_STYLE('',(#8543));
#7044=EDGE_CURVE('',#8544,#8545,#8546,.T.);
#7045=EDGE_CURVE('',#8545,#8547,#8548,.T.);
#7046=EDGE_CURVE('',#8547,#8549,#8550,.T.);
#7047=EDGE_CURVE('',#8549,#8544,#8551,.T.);
#7048=FILL_AREA_STYLE('',(#8552));
#7049=EDGE_CURVE('',#8553,#8554,#8555,.T.);
#7050=EDGE_CURVE('',#8553,#8556,#8557,.T.);
#7051=EDGE_CURVE('',#8558,#8556,#8559,.T.);
#7052=EDGE_CURVE('',#8554,#8558,#8560,.T.);
#7053=FILL_AREA_STYLE('',(#8561));
#7054=EDGE_CURVE('',#8509,#8562,#8563,.T.);
#7055=EDGE_CURVE('',#8507,#8564,#8565,.T.);
#7056=EDGE_CURVE('',#8564,#8566,#8567,.T.);
#7057=EDGE_CURVE('',#8566,#8562,#8568,.T.);
#7058=FILL_AREA_STYLE('',(#8569));
#7059=EDGE_CURVE('',#8570,#8571,#8572,.T.);
#7060=EDGE_CURVE('',#8571,#8573,#8574,.T.);
#7061=EDGE_CURVE('',#8573,#8575,#8576,.T.);
#7062=EDGE_CURVE('',#8575,#8577,#8578,.T.);
#7063=EDGE_CURVE('',#8577,#8570,#8579,.T.);
#7064=FILL_AREA_STYLE('',(#8580));
#7065=EDGE_CURVE('',#8410,#8581,#8582,.T.);
#7066=EDGE_CURVE('',#8581,#8583,#8584,.T.);
#7067=EDGE_CURVE('',#8412,#8583,#8585,.T.);
#7068=FILL_AREA_STYLE('',(#8586));
#7069=EDGE_CURVE('',#8587,#8588,#8589,.T.);
#7070=EDGE_CURVE('',#8590,#8588,#8591,.T.);
#7071=EDGE_CURVE('',#8592,#8590,#8593,.T.);
#7072=EDGE_CURVE('',#8592,#8587,#8594,.T.);
#7073=FILL_AREA_STYLE('',(#8595));
#7074=EDGE_CURVE('',#8535,#8596,#8597,.T.);
#7075=EDGE_CURVE('',#8598,#8540,#8599,.T.);
#7076=EDGE_CURVE('',#8596,#8598,#8600,.T.);
#7077=FILL_AREA_STYLE('',(#8601));
#7078=EDGE_CURVE('',#8602,#8603,#8604,.T.);
#7079=EDGE_CURVE('',#8602,#8479,#8605,.T.);
#7080=EDGE_CURVE('',#8603,#8478,#8606,.T.);
#7081=FILL_AREA_STYLE('',(#8607));
#7082=EDGE_CURVE('',#8602,#8608,#8609,.T.);
#7083=EDGE_CURVE('',#8608,#8481,#8610,.T.);
#7084=FILL_AREA_STYLE('',(#8611));
#7085=EDGE_CURVE('',#8612,#8613,#8614,.T.);
#7086=EDGE_CURVE('',#8615,#8612,#8616,.T.);
#7087=EDGE_CURVE('',#8617,#8615,#8618,.T.);
#7088=EDGE_CURVE('',#8617,#8613,#8619,.T.);
#7089=FILL_AREA_STYLE('',(#8620));
#7090=EDGE_CURVE('',#8621,#8436,#8622,.T.);
#7091=EDGE_CURVE('',#8623,#8621,#8624,.T.);
#7092=EDGE_CURVE('',#8625,#8623,#8626,.T.);
#7093=EDGE_CURVE('',#8625,#8627,#8628,.T.);
#7094=EDGE_CURVE('',#8627,#8435,#8629,.T.);
#7095=FILL_AREA_STYLE('',(#8630));
#7096=EDGE_CURVE('',#8631,#8632,#8633,.T.);
#7097=EDGE_CURVE('',#8632,#8634,#8635,.T.);
#7098=EDGE_CURVE('',#8634,#8636,#8637,.T.);
#7099=EDGE_CURVE('',#8636,#8631,#8638,.T.);
#7100=FILL_AREA_STYLE('',(#8639));
#7101=EDGE_CURVE('',#8640,#8641,#8642,.T.);
#7102=EDGE_CURVE('',#8640,#8617,#8643,.T.);
#7103=EDGE_CURVE('',#8644,#8615,#8645,.T.);
#7104=EDGE_CURVE('',#8644,#8470,#8646,.T.);
#7105=EDGE_CURVE('',#8647,#8468,#8648,.T.);
#7106=EDGE_CURVE('',#8641,#8647,#8649,.T.);
#7107=FILL_AREA_STYLE('',(#8650));
#7108=EDGE_CURVE('',#8651,#8644,#8652,.T.);
#7109=EDGE_CURVE('',#8651,#8653,#8654,.T.);
#7110=EDGE_CURVE('',#8653,#8655,#8656,.T.);
#7111=EDGE_CURVE('',#8657,#8655,#8658,.T.);
#7112=EDGE_CURVE('',#8659,#8657,#8660,.T.);
#7113=EDGE_CURVE('',#8659,#8465,#8661,.T.);
#7114=FILL_AREA_STYLE('',(#8662));
#7115=EDGE_CURVE('',#8531,#8663,#8664,.T.);
#7116=EDGE_CURVE('',#8529,#8665,#8666,.T.);
#7117=EDGE_CURVE('',#8667,#8665,#8668,.T.);
#7118=EDGE_CURVE('',#8663,#8667,#8669,.T.);
#7119=FILL_AREA_STYLE('',(#8670));
#7120=EDGE_CURVE('',#8671,#8451,#8672,.T.);
#7121=EDGE_CURVE('',#8459,#8671,#8673,.T.);
#7122=FILL_AREA_STYLE('',(#8674));
#7123=EDGE_CURVE('',#8675,#8665,#8676,.T.);
#7124=EDGE_CURVE('',#8675,#8677,#8678,.T.);
#7125=EDGE_CURVE('',#8667,#8677,#8679,.T.);
#7126=FILL_AREA_STYLE('',(#8680));
#7127=EDGE_CURVE('',#8655,#8636,#8681,.T.);
#7128=EDGE_CURVE('',#8657,#8634,#8682,.T.);
#7129=FILL_AREA_STYLE('',(#8683));
#7130=EDGE_CURVE('',#8684,#8640,#8685,.T.);
#7131=EDGE_CURVE('',#8684,#8613,#8686,.T.);
#7132=FILL_AREA_STYLE('',(#8687));
#7133=EDGE_CURVE('',#8688,#8689,#8690,.T.);
#7134=EDGE_CURVE('',#8691,#8689,#8692,.T.);
#7135=EDGE_CURVE('',#8693,#8691,#8694,.T.);
#7136=EDGE_CURVE('',#8688,#8693,#8695,.T.);
#7137=FILL_AREA_STYLE('',(#8696));
#7138=EDGE_CURVE('',#8697,#8641,#8698,.T.);
#7139=EDGE_CURVE('',#8641,#8699,#8700,.T.);
#7140=EDGE_CURVE('',#8699,#8502,#8701,.T.);
#7141=EDGE_CURVE('',#8697,#8523,#8702,.T.);
#7142=FILL_AREA_STYLE('',(#8703));
#7143=EDGE_CURVE('',#8704,#8684,#8705,.T.);
#7144=EDGE_CURVE('',#8640,#8706,#8707,.T.);
#7145=EDGE_CURVE('',#8706,#8708,#8709,.T.);
#7146=EDGE_CURVE('',#8708,#8704,#8710,.T.);
#7147=FILL_AREA_STYLE('',(#8711));
#7148=EDGE_CURVE('',#8521,#8708,#8712,.T.);
#7149=EDGE_CURVE('',#8697,#8706,#8713,.T.);
#7150=FILL_AREA_STYLE('',(#8714));
#7151=EDGE_CURVE('',#8621,#8444,#8715,.T.);
#7152=FILL_AREA_STYLE('',(#8716));
#7153=EDGE_CURVE('',#8717,#8408,#8718,.T.);
#7154=EDGE_CURVE('',#8581,#8717,#8719,.T.);
#7155=FILL_AREA_STYLE('',(#8720));
#7156=EDGE_CURVE('',#8651,#8612,#8721,.T.);
#7157=FILL_AREA_STYLE('',(#8722));
#7158=EDGE_CURVE('',#8440,#8625,#8723,.T.);
#7159=EDGE_CURVE('',#8442,#8623,#8724,.T.);
#7160=FILL_AREA_STYLE('',(#8725));
#7161=EDGE_CURVE('',#8689,#8726,#8727,.T.);
#7162=EDGE_CURVE('',#8728,#8688,#8729,.T.);
#7163=EDGE_CURVE('',#8726,#8728,#8730,.T.);
#7164=FILL_AREA_STYLE('',(#8731));
#7165=EDGE_CURVE('',#8732,#8699,#8733,.T.);
#7166=EDGE_CURVE('',#8647,#8732,#8734,.T.);
#7167=FILL_AREA_STYLE('',(#8735));
#7168=EDGE_CURVE('',#8675,#8736,#8737,.T.);
#7169=EDGE_CURVE('',#8736,#8490,#8738,.T.);
#7170=EDGE_CURVE('',#8487,#8547,#8739,.T.);
#7171=EDGE_CURVE('',#8740,#8545,#8741,.T.);
#7172=EDGE_CURVE('',#8677,#8740,#8742,.T.);
#7173=FILL_AREA_STYLE('',(#8743));
#7174=EDGE_CURVE('',#8466,#8732,#8744,.T.);
#7175=FILL_AREA_STYLE('',(#8745));
#7176=EDGE_CURVE('',#8704,#8519,#8746,.T.);
#7177=FILL_AREA_STYLE('',(#8747));
#7178=FILL_AREA_STYLE('',(#8748));
#7179=EDGE_CURVE('',#8632,#8659,#8749,.T.);
#7180=EDGE_CURVE('',#8653,#8631,#8750,.T.);
#7181=EDGE_CURVE('',#8751,#8517,#8752,.T.);
#7182=EDGE_CURVE('',#8753,#8751,#8754,.T.);
#7183=EDGE_CURVE('',#8627,#8753,#8755,.T.);
#7184=EDGE_CURVE('',#8598,#8438,#8756,.T.);
#7185=EDGE_CURVE('',#8538,#8757,#8758,.T.);
#7186=EDGE_CURVE('',#8757,#8759,#8760,.T.);
#7187=EDGE_CURVE('',#8761,#8759,#8762,.T.);
#7188=EDGE_CURVE('',#8763,#8761,#8764,.T.);
#7189=EDGE_CURVE('',#8765,#8763,#8766,.T.);
#7190=EDGE_CURVE('',#8449,#8765,#8767,.T.);
#7191=EDGE_CURVE('',#8503,#8448,#8768,.T.);
#7192=FILL_AREA_STYLE('',(#8769));
#7193=EDGE_CURVE('',#8770,#8753,#8771,.T.);
#7194=EDGE_CURVE('',#8751,#8772,#8773,.T.);
#7195=EDGE_CURVE('',#8772,#8770,#8774,.T.);
#7196=FILL_AREA_STYLE('',(#8775));
#7197=EDGE_CURVE('',#8677,#8776,#8777,.T.);
#7198=EDGE_CURVE('',#8778,#8740,#8779,.T.);
#7199=EDGE_CURVE('',#8776,#8778,#8780,.T.);
#7200=FILL_AREA_STYLE('',(#8781));
#7201=EDGE_CURVE('',#8782,#8736,#8783,.T.);
#7202=EDGE_CURVE('',#8784,#8675,#8785,.T.);
#7203=EDGE_CURVE('',#8784,#8782,#8786,.T.);
#7204=FILL_AREA_STYLE('',(#8787));
#7205=EDGE_CURVE('',#8788,#8789,#8790,.T.);
#7206=EDGE_CURVE('',#8788,#8759,#8791,.T.);
#7207=EDGE_CURVE('',#8757,#8789,#8792,.T.);
#7208=FILL_AREA_STYLE('',(#8793));
#7209=EDGE_CURVE('',#8776,#8784,#8794,.T.);
#7210=EDGE_CURVE('',#8778,#8544,#8795,.T.);
#7211=EDGE_CURVE('',#8549,#8488,#8796,.T.);
#7212=EDGE_CURVE('',#8782,#8492,#8797,.T.);
#7213=FILL_AREA_STYLE('',(#8798));
#7214=EDGE_CURVE('',#8770,#8799,#8800,.T.);
#7215=EDGE_CURVE('',#8423,#8799,#8801,.T.);
#7216=EDGE_CURVE('',#8431,#8596,#8802,.T.);
#7217=EDGE_CURVE('',#8406,#8418,#8803,.T.);
#7218=FILL_AREA_STYLE('',(#8804));
#7219=EDGE_CURVE('',#8805,#8806,#8807,.T.);
#7220=EDGE_CURVE('',#8808,#8806,#8809,.T.);
#7221=EDGE_CURVE('',#8808,#8810,#8811,.T.);
#7222=EDGE_CURVE('',#8805,#8810,#8812,.T.);
#7223=FILL_AREA_STYLE('',(#8813));
#7224=EDGE_CURVE('',#8789,#8536,#8814,.T.);
#7225=FILL_AREA_STYLE('',(#8815));
#7226=EDGE_CURVE('',#8816,#8808,#8817,.T.);
#7227=EDGE_CURVE('',#8806,#8818,#8819,.T.);
#7228=EDGE_CURVE('',#8818,#8820,#8821,.T.);
#7229=EDGE_CURVE('',#8820,#8816,#8822,.T.);
#7230=FILL_AREA_STYLE('',(#8823));
#7231=EDGE_CURVE('',#8566,#8808,#8824,.T.);
#7232=EDGE_CURVE('',#8816,#8562,#8825,.T.);
#7233=FILL_AREA_STYLE('',(#8826));
#7234=EDGE_CURVE('',#8511,#8820,#8827,.T.);
#7235=FILL_AREA_STYLE('',(#8828));
#7236=EDGE_CURVE('',#8788,#8829,#8830,.T.);
#7237=EDGE_CURVE('',#8761,#8829,#8831,.T.);
#7238=FILL_AREA_STYLE('',(#8832));
#7239=EDGE_CURVE('',#8564,#8833,#8834,.T.);
#7240=EDGE_CURVE('',#8833,#8835,#8836,.T.);
#7241=EDGE_CURVE('',#8566,#8835,#8837,.T.);
#7242=FILL_AREA_STYLE('',(#8838));
#7243=EDGE_CURVE('',#8513,#8818,#8839,.T.);
#7244=FILL_AREA_STYLE('',(#8840));
#7245=EDGE_CURVE('',#8841,#8842,#8843,.T.);
#7246=EDGE_CURVE('',#8841,#8505,#8844,.T.);
#7247=EDGE_CURVE('',#8763,#8461,#8845,.T.);
#7248=EDGE_CURVE('',#8829,#8575,#8846,.T.);
#7249=EDGE_CURVE('',#8573,#8842,#8847,.T.);
#7250=EDGE_CURVE('',#8848,#8728,#8849,.T.);
#7251=EDGE_CURVE('',#8848,#8850,#8851,.T.);
#7252=EDGE_CURVE('',#8726,#8850,#8852,.T.);
#7253=FILL_AREA_STYLE('',(#8853));
#7254=EDGE_CURVE('',#8854,#8799,#8855,.T.);
#7255=EDGE_CURVE('',#8496,#8854,#8856,.T.);
#7256=EDGE_CURVE('',#8422,#8498,#8857,.T.);
#7257=FILL_AREA_STYLE('',(#8858));
#7258=EDGE_CURVE('',#8859,#8860,#8861,.T.);
#7259=EDGE_CURVE('',#8860,#8862,#8863,.T.);
#7260=EDGE_CURVE('',#8864,#8862,#8865,.T.);
#7261=EDGE_CURVE('',#8864,#8859,#8866,.T.);
#7262=FILL_AREA_STYLE('',(#8867));
#7263=EDGE_CURVE('',#8835,#8554,#8868,.T.);
#7264=EDGE_CURVE('',#8558,#8860,#8869,.T.);
#7265=EDGE_CURVE('',#8810,#8859,#8870,.T.);
#7266=FILL_AREA_STYLE('',(#8871));
#7267=EDGE_CURVE('',#8872,#8663,#8873,.T.);
#7268=EDGE_CURVE('',#8776,#8874,#8875,.T.);
#7269=EDGE_CURVE('',#8874,#8872,#8876,.T.);
#7270=FILL_AREA_STYLE('',(#8877));
#7271=FILL_AREA_STYLE('',(#8878));
#7272=EDGE_CURVE('',#8805,#8864,#8879,.T.);
#7273=FILL_AREA_STYLE('',(#8880));
#7274=EDGE_CURVE('',#8854,#8429,#8881,.T.);
#7275=EDGE_CURVE('',#8515,#8772,#8882,.T.);
#7276=EDGE_CURVE('',#8883,#8862,#8884,.T.);
#7277=EDGE_CURVE('',#8885,#8883,#8886,.T.);
#7278=EDGE_CURVE('',#8588,#8885,#8887,.T.);
#7279=EDGE_CURVE('',#8556,#8587,#8888,.T.);
#7280=EDGE_CURVE('',#8833,#8553,#8889,.T.);
#7281=EDGE_CURVE('',#8890,#8841,#8891,.T.);
#7282=EDGE_CURVE('',#8577,#8890,#8892,.T.);
#7283=FILL_AREA_STYLE('',(#8893));
#7284=FILL_AREA_STYLE('',(#8894));
#7285=EDGE_CURVE('',#8526,#8872,#8895,.T.);
#7286=FILL_AREA_STYLE('',(#8896));
#7287=EDGE_CURVE('',#8897,#8527,#8898,.T.);
#7288=EDGE_CURVE('',#8897,#8874,#8899,.T.);
#7289=FILL_AREA_STYLE('',(#8900));
#7290=EDGE_CURVE('',#8897,#8784,#8901,.T.);
#7291=FILL_AREA_STYLE('',(#8902));
#7292=FILL_AREA_STYLE('',(#8903));
#7293=FILL_AREA_STYLE('',(#8904));
#7294=EDGE_CURVE('',#8583,#8474,#8905,.T.);
#7295=EDGE_CURVE('',#8405,#8717,#8906,.T.);
#7296=FILL_AREA_STYLE('',(#8907));
#7297=FILL_AREA_STYLE('',(#8908));
#7298=EDGE_CURVE('',#8909,#8592,#8910,.T.);
#7299=EDGE_CURVE('',#8911,#8590,#8912,.T.);
#7300=EDGE_CURVE('',#8909,#8911,#8913,.T.);
#7301=FILL_AREA_STYLE('',(#8914));
#7302=EDGE_CURVE('',#8909,#8883,#8915,.T.);
#7303=EDGE_CURVE('',#8885,#8911,#8916,.T.);
#7304=FILL_AREA_STYLE('',(#8917));
#7305=FILL_AREA_STYLE('',(#8918));
#7306=FILL_AREA_STYLE('',(#8919));
#7307=EDGE_CURVE('',#8920,#8603,#8921,.T.);
#7308=EDGE_CURVE('',#8608,#8920,#8922,.T.);
#7309=FILL_AREA_STYLE('',(#8923));
#7310=EDGE_CURVE('',#8693,#8924,#8925,.T.);
#7311=EDGE_CURVE('',#8926,#8691,#8927,.T.);
#7312=EDGE_CURVE('',#8926,#8924,#8928,.T.);
#7313=FILL_AREA_STYLE('',(#8929));
#7314=EDGE_CURVE('',#8850,#8930,#8931,.T.);
#7315=EDGE_CURVE('',#8930,#8926,#8932,.T.);
#7316=FILL_AREA_STYLE('',(#8933));
#7317=FILL_AREA_STYLE('',(#8934));
#7318=EDGE_CURVE('',#8920,#8483,#8935,.T.);
#7319=FILL_AREA_STYLE('',(#8936));
#7320=EDGE_CURVE('',#8924,#8937,#8938,.T.);
#7321=EDGE_CURVE('',#8937,#8848,#8939,.T.);
#7322=FILL_AREA_STYLE('',(#8940));
#7323=EDGE_CURVE('',#8930,#8937,#8941,.T.);
#7324=FILL_AREA_STYLE('',(#8942));
#7325=FILL_AREA_STYLE('',(#8943));
#7326=EDGE_CURVE('',#8944,#8945,#8946,.T.);
#7327=EDGE_CURVE('',#8945,#8890,#8947,.T.);
#7328=EDGE_CURVE('',#8842,#8944,#8948,.T.);
#7329=FILL_AREA_STYLE('',(#8949));
#7330=EDGE_CURVE('',#8945,#8570,#8950,.T.);
#7331=FILL_AREA_STYLE('',(#8951));
#7332=EDGE_CURVE('',#8944,#8571,#8952,.T.);
#7333=FILL_AREA_STYLE('',(#8953));
#7334=FILL_AREA_STYLE('',(#8954));
#7335=FILL_AREA_STYLE('',(#8955));
#7336=FILL_AREA_STYLE('',(#8956));
#7337=FILL_AREA_STYLE('',(#8957));
#7338=FILL_AREA_STYLE('',(#8958));
#7339=FILL_AREA_STYLE('',(#8959));
#7340=EDGE_CURVE('',#8671,#8765,#8960,.T.);
#7341=FILL_AREA_STYLE('',(#8961));
#7342=FILL_AREA_STYLE('',(#8962));
#7343=FILL_AREA_STYLE('',(#8963));
#7344=FILL_AREA_STYLE('',(#8964));
#7345=EDGE_CURVE('',#8965,#8966,#8967,.T.);
#7346=EDGE_CURVE('',#8968,#8965,#8969,.T.);
#7347=EDGE_CURVE('',#8970,#8968,#8971,.T.);
#7348=EDGE_CURVE('',#8972,#8970,#8973,.T.);
#7349=EDGE_CURVE('',#8972,#8974,#8975,.T.);
#7350=EDGE_CURVE('',#8974,#8966,#8976,.T.);
#7351=FILL_AREA_STYLE('',(#8977));
#7352=EDGE_CURVE('',#8965,#8978,#8979,.T.);
#7353=EDGE_CURVE('',#8978,#8968,#8980,.T.);
#7354=FILL_AREA_STYLE('',(#8981));
#7355=EDGE_CURVE('',#8982,#8978,#8983,.T.);
#7356=EDGE_CURVE('',#8982,#8970,#8984,.T.);
#7357=FILL_AREA_STYLE('',(#8985));
#7358=EDGE_CURVE('',#8982,#8986,#8987,.T.);
#7359=EDGE_CURVE('',#8972,#8986,#8988,.T.);
#7360=FILL_AREA_STYLE('',(#8989));
#7361=EDGE_CURVE('',#8966,#8990,#8991,.T.);
#7362=EDGE_CURVE('',#8986,#8990,#8992,.T.);
#7363=FILL_AREA_STYLE('',(#8993));
#7364=EDGE_CURVE('',#8994,#8995,#8996,.T.);
#7365=EDGE_CURVE('',#8995,#8997,#8998,.T.);
#7366=EDGE_CURVE('',#8997,#8999,#9000,.T.);
#7367=EDGE_CURVE('',#8999,#9001,#9002,.T.);
#7368=EDGE_CURVE('',#9001,#9003,#9004,.T.);
#7369=EDGE_CURVE('',#9003,#9005,#9006,.T.);
#7370=EDGE_CURVE('',#9005,#9007,#9008,.T.);
#7371=EDGE_CURVE('',#9009,#9007,#9010,.T.);
#7372=EDGE_CURVE('',#9011,#9009,#9012,.T.);
#7373=EDGE_CURVE('',#9011,#9013,#9014,.T.);
#7374=EDGE_CURVE('',#9015,#9013,#9016,.T.);
#7375=EDGE_CURVE('',#9015,#8974,#9017,.T.);
#7376=EDGE_CURVE('',#8990,#9018,#9019,.T.);
#7377=EDGE_CURVE('',#9018,#9020,#9021,.T.);
#7378=EDGE_CURVE('',#9020,#9022,#9023,.T.);
#7379=EDGE_CURVE('',#9022,#9024,#9025,.T.);
#7380=EDGE_CURVE('',#9026,#9024,#9027,.T.);
#7381=EDGE_CURVE('',#9026,#9028,#9029,.T.);
#7382=EDGE_CURVE('',#9028,#9030,#9031,.T.);
#7383=EDGE_CURVE('',#9032,#9030,#9033,.T.);
#7384=EDGE_CURVE('',#9034,#9032,#9035,.T.);
#7385=EDGE_CURVE('',#9034,#9036,#9037,.T.);
#7386=EDGE_CURVE('',#9036,#9038,#9039,.T.);
#7387=EDGE_CURVE('',#9038,#9040,#9041,.T.);
#7388=EDGE_CURVE('',#9040,#9042,#9043,.T.);
#7389=EDGE_CURVE('',#9042,#9044,#9045,.T.);
#7390=EDGE_CURVE('',#9044,#9046,#9047,.T.);
#7391=EDGE_CURVE('',#9046,#9048,#9049,.T.);
#7392=EDGE_CURVE('',#9048,#9050,#9051,.T.);
#7393=EDGE_CURVE('',#9050,#8994,#9052,.T.);
#7394=FILL_AREA_STYLE('',(#9053));
#7395=EDGE_CURVE('',#8997,#9054,#9055,.T.);
#7396=EDGE_CURVE('',#9056,#8995,#9057,.T.);
#7397=EDGE_CURVE('',#9058,#9056,#9059,.T.);
#7398=EDGE_CURVE('',#9058,#9005,#9060,.T.);
#7399=EDGE_CURVE('',#9061,#9003,#9062,.T.);
#7400=EDGE_CURVE('',#9061,#9054,#9063,.T.);
#7401=FILL_AREA_STYLE('',(#9064));
#7402=EDGE_CURVE('',#9065,#9066,#9067,.T.);
#7403=EDGE_CURVE('',#9066,#9061,#9068,.T.);
#7404=EDGE_CURVE('',#9001,#9065,#9069,.T.);
#7405=FILL_AREA_STYLE('',(#9070));
#7406=EDGE_CURVE('',#9050,#9071,#9072,.T.);
#7407=EDGE_CURVE('',#9071,#9073,#9074,.T.);
#7408=EDGE_CURVE('',#9075,#9073,#9076,.T.);
#7409=EDGE_CURVE('',#9075,#8994,#9077,.T.);
#7410=FILL_AREA_STYLE('',(#9078));
#7411=EDGE_CURVE('',#9079,#9080,#9081,.T.);
#7412=EDGE_CURVE('',#9080,#9034,#9082,.T.);
#7413=EDGE_CURVE('',#9032,#9079,#9083,.T.);
#7414=FILL_AREA_STYLE('',(#9084));
#7415=EDGE_CURVE('',#9085,#9079,#9086,.T.);
#7416=EDGE_CURVE('',#9030,#9085,#9087,.T.);
#7417=FILL_AREA_STYLE('',(#9088));
#7418=EDGE_CURVE('',#9089,#9020,#9090,.T.);
#7419=EDGE_CURVE('',#9091,#9089,#9092,.T.);
#7420=EDGE_CURVE('',#9091,#9022,#9093,.T.);
#7421=FILL_AREA_STYLE('',(#9094));
#7422=EDGE_CURVE('',#9007,#9095,#9096,.T.);
#7423=EDGE_CURVE('',#9097,#9095,#9098,.T.);
#7424=EDGE_CURVE('',#9097,#9009,#9099,.T.);
#7425=FILL_AREA_STYLE('',(#9100));
#7426=EDGE_CURVE('',#9024,#9101,#9102,.T.);
#7427=EDGE_CURVE('',#9101,#9103,#9104,.T.);
#7428=EDGE_CURVE('',#9026,#9103,#9105,.T.);
#7429=FILL_AREA_STYLE('',(#9106));
#7430=EDGE_CURVE('',#9075,#9101,#9107,.T.);
#7431=EDGE_CURVE('',#9108,#9073,#9109,.T.);
#7432=EDGE_CURVE('',#9103,#9108,#9110,.T.);
#7433=FILL_AREA_STYLE('',(#9111));
#7434=EDGE_CURVE('',#9112,#9066,#9113,.T.);
#7435=EDGE_CURVE('',#9054,#9112,#9114,.T.);
#7436=FILL_AREA_STYLE('',(#9115));
#7437=EDGE_CURVE('',#9116,#9065,#9117,.T.);
#7438=EDGE_CURVE('',#8999,#9116,#9118,.T.);
#7439=FILL_AREA_STYLE('',(#9119));
#7440=EDGE_CURVE('',#9056,#9091,#9120,.T.);
#7441=FILL_AREA_STYLE('',(#9121));
#7442=EDGE_CURVE('',#9122,#9058,#9123,.T.);
#7443=EDGE_CURVE('',#9089,#9124,#9125,.T.);
#7444=EDGE_CURVE('',#9124,#9122,#9126,.T.);
#7445=FILL_AREA_STYLE('',(#9127));
#7446=EDGE_CURVE('',#9128,#9122,#9129,.T.);
#7447=EDGE_CURVE('',#9128,#9095,#9130,.T.);
#7448=FILL_AREA_STYLE('',(#9131));
#7449=EDGE_CURVE('',#9132,#9133,#9134,.T.);
#7450=EDGE_CURVE('',#9133,#9135,#9136,.T.);
#7451=EDGE_CURVE('',#9137,#9135,#9138,.T.);
#7452=EDGE_CURVE('',#9132,#9137,#9139,.T.);
#7453=FILL_AREA_STYLE('',(#9140));
#7454=EDGE_CURVE('',#9048,#9141,#9142,.T.);
#7455=EDGE_CURVE('',#9071,#9141,#9143,.T.);
#7456=FILL_AREA_STYLE('',(#9144));
#7457=EDGE_CURVE('',#9135,#9040,#9145,.T.);
#7458=EDGE_CURVE('',#9038,#9137,#9146,.T.);
#7459=FILL_AREA_STYLE('',(#9147));
#7460=EDGE_CURVE('',#9112,#9116,#9148,.T.);
#7461=FILL_AREA_STYLE('',(#9149));
#7462=FILL_AREA_STYLE('',(#9150));
#7463=EDGE_CURVE('',#9013,#9151,#9152,.T.);
#7464=EDGE_CURVE('',#9151,#9153,#9154,.T.);
#7465=EDGE_CURVE('',#9153,#9015,#9155,.T.);
#7466=FILL_AREA_STYLE('',(#9156));
#7467=EDGE_CURVE('',#9046,#9157,#9158,.T.);
#7468=EDGE_CURVE('',#9159,#9044,#9160,.T.);
#7469=EDGE_CURVE('',#9157,#9159,#9161,.T.);
#7470=FILL_AREA_STYLE('',(#9162));
#7471=EDGE_CURVE('',#9071,#9163,#9164,.T.);
#7472=EDGE_CURVE('',#9141,#9157,#9165,.T.);
#7473=EDGE_CURVE('',#9159,#9080,#9166,.T.);
#7474=EDGE_CURVE('',#9163,#9085,#9167,.T.);
#7475=FILL_AREA_STYLE('',(#9168));
#7476=EDGE_CURVE('',#9108,#9163,#9169,.T.);
#7477=EDGE_CURVE('',#9163,#9028,#9170,.T.);
#7478=FILL_AREA_STYLE('',(#9171));
#7479=FILL_AREA_STYLE('',(#9172));
#7480=FILL_AREA_STYLE('',(#9173));
#7481=EDGE_CURVE('',#9174,#9011,#9175,.T.);
#7482=EDGE_CURVE('',#9151,#9174,#9176,.T.);
#7483=FILL_AREA_STYLE('',(#9177));
#7484=EDGE_CURVE('',#9097,#9174,#9178,.T.);
#7485=FILL_AREA_STYLE('',(#9179));
#7486=FILL_AREA_STYLE('',(#9180));
#7487=EDGE_CURVE('',#9133,#9042,#9181,.T.);
#7488=FILL_AREA_STYLE('',(#9182));
#7489=EDGE_CURVE('',#9132,#9036,#9183,.T.);
#7490=FILL_AREA_STYLE('',(#9184));
#7491=FILL_AREA_STYLE('',(#9185));
#7492=EDGE_CURVE('',#9153,#9128,#9186,.T.);
#7493=EDGE_CURVE('',#9124,#9018,#9187,.T.);
#7494=FILL_AREA_STYLE('',(#9188));
#7495=FILL_AREA_STYLE('',(#9189));
#7496=FILL_AREA_STYLE('',(#9190));
#7497=EDGE_CURVE('',#9191,#9192,#9193,.T.);
#7498=EDGE_CURVE('',#9191,#9194,#9195,.T.);
#7499=EDGE_CURVE('',#9196,#9194,#9197,.T.);
#7500=EDGE_CURVE('',#9198,#9196,#9199,.T.);
#7501=EDGE_CURVE('',#9198,#9200,#9201,.T.);
#7502=EDGE_CURVE('',#9192,#9200,#9202,.T.);
#7503=FILL_AREA_STYLE('',(#9203));
#7504=EDGE_CURVE('',#9204,#9205,#9206,.T.);
#7505=EDGE_CURVE('',#9204,#9207,#9208,.T.);
#7506=EDGE_CURVE('',#9207,#9209,#9210,.T.);
#7507=EDGE_CURVE('',#9209,#9211,#9212,.T.);
#7508=EDGE_CURVE('',#9211,#9205,#9213,.T.);
#7509=FILL_AREA_STYLE('',(#9214));
#7510=EDGE_CURVE('',#9215,#9216,#9217,.T.);
#7511=EDGE_CURVE('',#9218,#9216,#9219,.T.);
#7512=EDGE_CURVE('',#9218,#9220,#9221,.T.);
#7513=EDGE_CURVE('',#9215,#9220,#9222,.T.);
#7514=FILL_AREA_STYLE('',(#9223));
#7515=EDGE_CURVE('',#9224,#9225,#9226,.T.);
#7516=EDGE_CURVE('',#9227,#9224,#9228,.T.);
#7517=EDGE_CURVE('',#9229,#9227,#9230,.T.);
#7518=EDGE_CURVE('',#9229,#9231,#9232,.T.);
#7519=EDGE_CURVE('',#9233,#9231,#9234,.T.);
#7520=EDGE_CURVE('',#9235,#9233,#9236,.T.);
#7521=EDGE_CURVE('',#9237,#9235,#9238,.T.);
#7522=EDGE_CURVE('',#9237,#9225,#9239,.T.);
#7523=FILL_AREA_STYLE('',(#9240));
#7524=EDGE_CURVE('',#9233,#9241,#9242,.T.);
#7525=EDGE_CURVE('',#9243,#9241,#9244,.T.);
#7526=EDGE_CURVE('',#9235,#9243,#9245,.T.);
#7527=FILL_AREA_STYLE('',(#9246));
#7528=EDGE_CURVE('',#9247,#9248,#9249,.T.);
#7529=EDGE_CURVE('',#9250,#9247,#9251,.T.);
#7530=EDGE_CURVE('',#9250,#9252,#9253,.T.);
#7531=EDGE_CURVE('',#9252,#9254,#9255,.T.);
#7532=EDGE_CURVE('',#9254,#9248,#9256,.T.);
#7533=FILL_AREA_STYLE('',(#9257));
#7534=EDGE_CURVE('',#9258,#9192,#9259,.T.);
#7535=EDGE_CURVE('',#9260,#9258,#9261,.T.);
#7536=EDGE_CURVE('',#9262,#9260,#9263,.T.);
#7537=EDGE_CURVE('',#9262,#9264,#9265,.T.);
#7538=EDGE_CURVE('',#9264,#9191,#9266,.T.);
#7539=FILL_AREA_STYLE('',(#9267));
#7540=EDGE_CURVE('',#9268,#9269,#9270,.T.);
#7541=EDGE_CURVE('',#9271,#9269,#9272,.T.);
#7542=EDGE_CURVE('',#9271,#9273,#9274,.T.);
#7543=EDGE_CURVE('',#9273,#9268,#9275,.T.);
#7544=FILL_AREA_STYLE('',(#9276));
#7545=EDGE_CURVE('',#9277,#9278,#9279,.T.);
#7546=EDGE_CURVE('',#9280,#9277,#9281,.T.);
#7547=EDGE_CURVE('',#9282,#9280,#9283,.T.);
#7548=EDGE_CURVE('',#9282,#9278,#9284,.T.);
#7549=FILL_AREA_STYLE('',(#9285));
#7550=EDGE_CURVE('',#9286,#9287,#9288,.T.);
#7551=EDGE_CURVE('',#9216,#9286,#9289,.T.);
#7552=EDGE_CURVE('',#9216,#9290,#9291,.T.);
#7553=EDGE_CURVE('',#9290,#9287,#9292,.T.);
#7554=FILL_AREA_STYLE('',(#9293));
#7555=EDGE_CURVE('',#9287,#9294,#9295,.T.);
#7556=EDGE_CURVE('',#9290,#9296,#9297,.T.);
#7557=EDGE_CURVE('',#9296,#9294,#9298,.T.);
#7558=FILL_AREA_STYLE('',(#9299));
#7559=EDGE_CURVE('',#9300,#9301,#9302,.T.);
#7560=EDGE_CURVE('',#9303,#9300,#9304,.T.);
#7561=EDGE_CURVE('',#9303,#9305,#9306,.T.);
#7562=EDGE_CURVE('',#9305,#9301,#9307,.T.);
#7563=FILL_AREA_STYLE('',(#9308));
#7564=EDGE_CURVE('',#9294,#9237,#9309,.T.);
#7565=EDGE_CURVE('',#9225,#9296,#9310,.T.);
#7566=FILL_AREA_STYLE('',(#9311));
#7567=EDGE_CURVE('',#9312,#9227,#9313,.T.);
#7568=EDGE_CURVE('',#9224,#9314,#9315,.T.);
#7569=EDGE_CURVE('',#9314,#9312,#9316,.T.);
#7570=FILL_AREA_STYLE('',(#9317));
#7571=EDGE_CURVE('',#9318,#9319,#9320,.T.);
#7572=EDGE_CURVE('',#9318,#9215,#9321,.T.);
#7573=EDGE_CURVE('',#9220,#9322,#9323,.T.);
#7574=EDGE_CURVE('',#9322,#9319,#9324,.T.);
#7575=FILL_AREA_STYLE('',(#9325));
#7576=EDGE_CURVE('',#9326,#9327,#9328,.T.);
#7577=EDGE_CURVE('',#9327,#9277,#9329,.T.);
#7578=EDGE_CURVE('',#9278,#9330,#9331,.T.);
#7579=EDGE_CURVE('',#9330,#9332,#9333,.T.);
#7580=EDGE_CURVE('',#9332,#9326,#9334,.T.);
#7581=FILL_AREA_STYLE('',(#9335));
#7582=EDGE_CURVE('',#9243,#9336,#9337,.T.);
#7583=EDGE_CURVE('',#9241,#9338,#9339,.T.);
#7584=EDGE_CURVE('',#9338,#9336,#9340,.T.);
#7585=FILL_AREA_STYLE('',(#9341));
#7586=EDGE_CURVE('',#9209,#9252,#9342,.T.);
#7587=EDGE_CURVE('',#9254,#9207,#9343,.T.);
#7588=FILL_AREA_STYLE('',(#9344));
#7589=EDGE_CURVE('',#9345,#9286,#9346,.T.);
#7590=EDGE_CURVE('',#9345,#9347,#9348,.T.);
#7591=EDGE_CURVE('',#9218,#9347,#9349,.T.);
#7592=FILL_AREA_STYLE('',(#9350));
#7593=EDGE_CURVE('',#9351,#9345,#9352,.T.);
#7594=EDGE_CURVE('',#9351,#9332,#9353,.T.);
#7595=EDGE_CURVE('',#9354,#9330,#9355,.T.);
#7596=EDGE_CURVE('',#9356,#9354,#9357,.T.);
#7597=EDGE_CURVE('',#9358,#9356,#9359,.T.);
#7598=EDGE_CURVE('',#9358,#9347,#9360,.T.);
#7599=FILL_AREA_STYLE('',(#9361));
#7600=EDGE_CURVE('',#9362,#9312,#9363,.T.);
#7601=EDGE_CURVE('',#9364,#9314,#9365,.T.);
#7602=EDGE_CURVE('',#9364,#9362,#9366,.T.);
#7603=FILL_AREA_STYLE('',(#9367));
#7604=EDGE_CURVE('',#9211,#9250,#9368,.T.);
#7605=FILL_AREA_STYLE('',(#9369));
#7606=EDGE_CURVE('',#9370,#9303,#9371,.T.);
#7607=EDGE_CURVE('',#9300,#9372,#9373,.T.);
#7608=EDGE_CURVE('',#9372,#9370,#9374,.T.);
#7609=FILL_AREA_STYLE('',(#9375));
#7610=EDGE_CURVE('',#9260,#9198,#9376,.T.);
#7611=EDGE_CURVE('',#9262,#9196,#9377,.T.);
#7612=FILL_AREA_STYLE('',(#9378));
#7613=EDGE_CURVE('',#9358,#9322,#9379,.T.);
#7614=EDGE_CURVE('',#9356,#9319,#9380,.T.);
#7615=FILL_AREA_STYLE('',(#9381));
#7616=EDGE_CURVE('',#9231,#9338,#9382,.T.);
#7617=FILL_AREA_STYLE('',(#9383));
#7618=EDGE_CURVE('',#9200,#9258,#9384,.T.);
#7619=FILL_AREA_STYLE('',(#9385));
#7620=EDGE_CURVE('',#9354,#9282,#9386,.T.);
#7621=FILL_AREA_STYLE('',(#9387));
#7622=FILL_AREA_STYLE('',(#9388));
#7623=EDGE_CURVE('',#9248,#9351,#9389,.T.);
#7624=EDGE_CURVE('',#9390,#9204,#9391,.T.);
#7625=EDGE_CURVE('',#9390,#9326,#9392,.T.);
#7626=FILL_AREA_STYLE('',(#9393));
#7627=EDGE_CURVE('',#9370,#9390,#9394,.T.);
#7628=EDGE_CURVE('',#9395,#9372,#9396,.T.);
#7629=EDGE_CURVE('',#9327,#9395,#9397,.T.);
#7630=FILL_AREA_STYLE('',(#9398));
#7631=EDGE_CURVE('',#9273,#9305,#9399,.T.);
#7632=EDGE_CURVE('',#9271,#9301,#9400,.T.);
#7633=FILL_AREA_STYLE('',(#9401));
#7634=EDGE_CURVE('',#9362,#9318,#9402,.T.);
#7635=EDGE_CURVE('',#9215,#9364,#9403,.T.);
#7636=FILL_AREA_STYLE('',(#9404));
#7637=EDGE_CURVE('',#9205,#9247,#9405,.T.);
#7638=EDGE_CURVE('',#9336,#9229,#9406,.T.);
#7639=EDGE_CURVE('',#9280,#9264,#9407,.T.);
#7640=EDGE_CURVE('',#9194,#9268,#9408,.T.);
#7641=FILL_AREA_STYLE('',(#9409));
#7642=FILL_AREA_STYLE('',(#9410));
#7643=FILL_AREA_STYLE('',(#9411));
#7644=EDGE_CURVE('',#9269,#9395,#9412,.T.);
#7645=FILL_AREA_STYLE('',(#9413));
#7646=FILL_AREA_STYLE('',(#9414));
#7647=FILL_AREA_STYLE('',(#9415));
#7648=FILL_AREA_STYLE('',(#9416));
#7649=EDGE_CURVE('',#9417,#9418,#9419,.T.);
#7650=EDGE_CURVE('',#9420,#9417,#9421,.T.);
#7651=EDGE_CURVE('',#9422,#9420,#9423,.T.);
#7652=EDGE_CURVE('',#9424,#9422,#9425,.T.);
#7653=EDGE_CURVE('',#9424,#9426,#9427,.T.);
#7654=EDGE_CURVE('',#9428,#9426,#9429,.T.);
#7655=EDGE_CURVE('',#9430,#9428,#9431,.T.);
#7656=EDGE_CURVE('',#9430,#9418,#9432,.T.);
#7657=FILL_AREA_STYLE('',(#9433));
#7658=EDGE_CURVE('',#9434,#9435,#9436,.T.);
#7659=EDGE_CURVE('',#9437,#9434,#9438,.T.);
#7660=EDGE_CURVE('',#9439,#9437,#9440,.T.);
#7661=EDGE_CURVE('',#9441,#9439,#9442,.T.);
#7662=EDGE_CURVE('',#9441,#9443,#9444,.T.);
#7663=EDGE_CURVE('',#9443,#9435,#9445,.T.);
#7664=FILL_AREA_STYLE('',(#9446));
#7665=EDGE_CURVE('',#9447,#9448,#9449,.T.);
#7666=EDGE_CURVE('',#9447,#9450,#9451,.T.);
#7667=EDGE_CURVE('',#9452,#9450,#9453,.T.);
#7668=EDGE_CURVE('',#9454,#9452,#9455,.T.);
#7669=EDGE_CURVE('',#9454,#9456,#9457,.T.);
#7670=EDGE_CURVE('',#9448,#9456,#9458,.T.);
#7671=FILL_AREA_STYLE('',(#9459));
#7672=EDGE_CURVE('',#9460,#9461,#9462,.T.);
#7673=EDGE_CURVE('',#9461,#9463,#9464,.T.);
#7674=EDGE_CURVE('',#9463,#9465,#9466,.T.);
#7675=EDGE_CURVE('',#9465,#9467,#9468,.T.);
#7676=EDGE_CURVE('',#9467,#9460,#9469,.T.);
#7677=FILL_AREA_STYLE('',(#9470));
#7678=EDGE_CURVE('',#9471,#9465,#9472,.T.);
#7679=EDGE_CURVE('',#9473,#9471,#9474,.T.);
#7680=EDGE_CURVE('',#9467,#9473,#9475,.T.);
#7681=FILL_AREA_STYLE('',(#9476));
#7682=EDGE_CURVE('',#9477,#9478,#9479,.T.);
#7683=EDGE_CURVE('',#9480,#9478,#9481,.T.);
#7684=EDGE_CURVE('',#9482,#9480,#9483,.T.);
#7685=EDGE_CURVE('',#9477,#9482,#9484,.T.);
#7686=FILL_AREA_STYLE('',(#9485));
#7687=EDGE_CURVE('',#9486,#9428,#9487,.T.);
#7688=EDGE_CURVE('',#9486,#9426,#9488,.T.);
#7689=FILL_AREA_STYLE('',(#9489));
#7690=EDGE_CURVE('',#9490,#9491,#9492,.T.);
#7691=EDGE_CURVE('',#9491,#9493,#9494,.T.);
#7692=EDGE_CURVE('',#9493,#9495,#9496,.T.);
#7693=EDGE_CURVE('',#9495,#9490,#9497,.T.);
#7694=FILL_AREA_STYLE('',(#9498));
#7695=EDGE_CURVE('',#9499,#9500,#9501,.T.);
#7696=EDGE_CURVE('',#9502,#9499,#9503,.T.);
#7697=EDGE_CURVE('',#9504,#9502,#9505,.T.);
#7698=EDGE_CURVE('',#9500,#9504,#9506,.T.);
#7699=FILL_AREA_STYLE('',(#9507));
#7700=EDGE_CURVE('',#9439,#9508,#9509,.T.);
#7701=EDGE_CURVE('',#9510,#9437,#9511,.T.);
#7702=EDGE_CURVE('',#9508,#9510,#9512,.T.);
#7703=FILL_AREA_STYLE('',(#9513));
#7704=EDGE_CURVE('',#9514,#9515,#9516,.T.);
#7705=EDGE_CURVE('',#9515,#9517,#9518,.T.);
#7706=EDGE_CURVE('',#9517,#9519,#9520,.T.);
#7707=EDGE_CURVE('',#9521,#9519,#9522,.T.);
#7708=EDGE_CURVE('',#9521,#9523,#9524,.T.);
#7709=EDGE_CURVE('',#9525,#9523,#9526,.T.);
#7710=EDGE_CURVE('',#9525,#9527,#9528,.T.);
#7711=EDGE_CURVE('',#9529,#9527,#9530,.T.);
#7712=EDGE_CURVE('',#9529,#9531,#9532,.T.);
#7713=EDGE_CURVE('',#9533,#9531,#9534,.T.);
#7714=EDGE_CURVE('',#9533,#9535,#9536,.T.);
#7715=EDGE_CURVE('',#9514,#9535,#9537,.T.);
#7716=EDGE_CURVE('',#9538,#9539,#9540,.T.);
#7717=EDGE_CURVE('',#9541,#9539,#9542,.T.);
#7718=EDGE_CURVE('',#9541,#9543,#9544,.T.);
#7719=EDGE_CURVE('',#9538,#9543,#9545,.T.);
#7720=FILL_AREA_STYLE('',(#9546));
#7721=EDGE_CURVE('',#9547,#9548,#9549,.T.);
#7722=EDGE_CURVE('',#9550,#9548,#9551,.T.);
#7723=EDGE_CURVE('',#9550,#9552,#9553,.T.);
#7724=EDGE_CURVE('',#9547,#9552,#9554,.T.);
#7725=FILL_AREA_STYLE('',(#9555));
#7726=EDGE_CURVE('',#9556,#9557,#9558,.T.);
#7727=EDGE_CURVE('',#9557,#9559,#9560,.T.);
#7728=EDGE_CURVE('',#9559,#9561,#9562,.T.);
#7729=EDGE_CURVE('',#9561,#9556,#9563,.T.);
#7730=FILL_AREA_STYLE('',(#9564));
#7731=EDGE_CURVE('',#9565,#9566,#9567,.T.);
#7732=EDGE_CURVE('',#9565,#9568,#9569,.T.);
#7733=EDGE_CURVE('',#9570,#9568,#9571,.T.);
#7734=EDGE_CURVE('',#9566,#9570,#9572,.T.);
#7735=FILL_AREA_STYLE('',(#9573));
#7736=EDGE_CURVE('',#9521,#9574,#9575,.T.);
#7737=EDGE_CURVE('',#9519,#9576,#9577,.T.);
#7738=EDGE_CURVE('',#9576,#9578,#9579,.T.);
#7739=EDGE_CURVE('',#9578,#9574,#9580,.T.);
#7740=FILL_AREA_STYLE('',(#9581));
#7741=EDGE_CURVE('',#9582,#9583,#9584,.T.);
#7742=EDGE_CURVE('',#9583,#9585,#9586,.T.);
#7743=EDGE_CURVE('',#9585,#9587,#9588,.T.);
#7744=EDGE_CURVE('',#9587,#9589,#9590,.T.);
#7745=EDGE_CURVE('',#9589,#9582,#9591,.T.);
#7746=FILL_AREA_STYLE('',(#9592));
#7747=EDGE_CURVE('',#9422,#9593,#9594,.T.);
#7748=EDGE_CURVE('',#9593,#9595,#9596,.T.);
#7749=EDGE_CURVE('',#9424,#9595,#9597,.T.);
#7750=FILL_AREA_STYLE('',(#9598));
#7751=EDGE_CURVE('',#9599,#9600,#9601,.T.);
#7752=EDGE_CURVE('',#9602,#9600,#9603,.T.);
#7753=EDGE_CURVE('',#9604,#9602,#9605,.T.);
#7754=EDGE_CURVE('',#9604,#9599,#9606,.T.);
#7755=FILL_AREA_STYLE('',(#9607));
#7756=EDGE_CURVE('',#9547,#9608,#9609,.T.);
#7757=EDGE_CURVE('',#9610,#9552,#9611,.T.);
#7758=EDGE_CURVE('',#9608,#9610,#9612,.T.);
#7759=FILL_AREA_STYLE('',(#9613));
#7760=EDGE_CURVE('',#9614,#9615,#9616,.T.);
#7761=EDGE_CURVE('',#9614,#9491,#9617,.T.);
#7762=EDGE_CURVE('',#9615,#9490,#9618,.T.);
#7763=FILL_AREA_STYLE('',(#9619));
#7764=EDGE_CURVE('',#9614,#9620,#9621,.T.);
#7765=EDGE_CURVE('',#9620,#9493,#9622,.T.);
#7766=FILL_AREA_STYLE('',(#9623));
#7767=EDGE_CURVE('',#9624,#9625,#9626,.T.);
#7768=EDGE_CURVE('',#9627,#9624,#9628,.T.);
#7769=EDGE_CURVE('',#9629,#9627,#9630,.T.);
#7770=EDGE_CURVE('',#9629,#9625,#9631,.T.);
#7771=FILL_AREA_STYLE('',(#9632));
#7772=EDGE_CURVE('',#9633,#9448,#9634,.T.);
#7773=EDGE_CURVE('',#9635,#9633,#9636,.T.);
#7774=EDGE_CURVE('',#9637,#9635,#9638,.T.);
#7775=EDGE_CURVE('',#9637,#9639,#9640,.T.);
#7776=EDGE_CURVE('',#9639,#9447,#9641,.T.);
#7777=FILL_AREA_STYLE('',(#9642));
#7778=EDGE_CURVE('',#9643,#9644,#9645,.T.);
#7779=EDGE_CURVE('',#9644,#9646,#9647,.T.);
#7780=EDGE_CURVE('',#9646,#9648,#9649,.T.);
#7781=EDGE_CURVE('',#9648,#9643,#9650,.T.);
#7782=FILL_AREA_STYLE('',(#9651));
#7783=EDGE_CURVE('',#9652,#9653,#9654,.T.);
#7784=EDGE_CURVE('',#9652,#9629,#9655,.T.);
#7785=EDGE_CURVE('',#9656,#9627,#9657,.T.);
#7786=EDGE_CURVE('',#9656,#9482,#9658,.T.);
#7787=EDGE_CURVE('',#9659,#9480,#9660,.T.);
#7788=EDGE_CURVE('',#9653,#9659,#9661,.T.);
#7789=FILL_AREA_STYLE('',(#9662));
#7790=EDGE_CURVE('',#9663,#9656,#9664,.T.);
#7791=EDGE_CURVE('',#9663,#9665,#9666,.T.);
#7792=EDGE_CURVE('',#9665,#9667,#9668,.T.);
#7793=EDGE_CURVE('',#9669,#9667,#9670,.T.);
#7794=EDGE_CURVE('',#9671,#9669,#9672,.T.);
#7795=EDGE_CURVE('',#9671,#9477,#9673,.T.);
#7796=FILL_AREA_STYLE('',(#9674));
#7797=EDGE_CURVE('',#9543,#9675,#9676,.T.);
#7798=EDGE_CURVE('',#9541,#9677,#9678,.T.);
#7799=EDGE_CURVE('',#9679,#9677,#9680,.T.);
#7800=EDGE_CURVE('',#9675,#9679,#9681,.T.);
#7801=FILL_AREA_STYLE('',(#9682));
#7802=EDGE_CURVE('',#9683,#9463,#9684,.T.);
#7803=EDGE_CURVE('',#9471,#9683,#9685,.T.);
#7804=FILL_AREA_STYLE('',(#9686));
#7805=EDGE_CURVE('',#9687,#9677,#9688,.T.);
#7806=EDGE_CURVE('',#9687,#9689,#9690,.T.);
#7807=EDGE_CURVE('',#9679,#9689,#9691,.T.);
#7808=FILL_AREA_STYLE('',(#9692));
#7809=EDGE_CURVE('',#9667,#9648,#9693,.T.);
#7810=EDGE_CURVE('',#9669,#9646,#9694,.T.);
#7811=FILL_AREA_STYLE('',(#9695));
#7812=EDGE_CURVE('',#9696,#9652,#9697,.T.);
#7813=EDGE_CURVE('',#9696,#9625,#9698,.T.);
#7814=FILL_AREA_STYLE('',(#9699));
#7815=EDGE_CURVE('',#9700,#9701,#9702,.T.);
#7816=EDGE_CURVE('',#9703,#9701,#9704,.T.);
#7817=EDGE_CURVE('',#9705,#9703,#9706,.T.);
#7818=EDGE_CURVE('',#9700,#9705,#9707,.T.);
#7819=FILL_AREA_STYLE('',(#9708));
#7820=EDGE_CURVE('',#9709,#9653,#9710,.T.);
#7821=EDGE_CURVE('',#9653,#9711,#9712,.T.);
#7822=EDGE_CURVE('',#9711,#9514,#9713,.T.);
#7823=EDGE_CURVE('',#9709,#9535,#9714,.T.);
#7824=FILL_AREA_STYLE('',(#9715));
#7825=EDGE_CURVE('',#9716,#9696,#9717,.T.);
#7826=EDGE_CURVE('',#9652,#9718,#9719,.T.);
#7827=EDGE_CURVE('',#9718,#9720,#9721,.T.);
#7828=EDGE_CURVE('',#9720,#9716,#9722,.T.);
#7829=FILL_AREA_STYLE('',(#9723));
#7830=EDGE_CURVE('',#9533,#9720,#9724,.T.);
#7831=EDGE_CURVE('',#9709,#9718,#9725,.T.);
#7832=FILL_AREA_STYLE('',(#9726));
#7833=EDGE_CURVE('',#9633,#9456,#9727,.T.);
#7834=FILL_AREA_STYLE('',(#9728));
#7835=EDGE_CURVE('',#9729,#9420,#9730,.T.);
#7836=EDGE_CURVE('',#9593,#9729,#9731,.T.);
#7837=FILL_AREA_STYLE('',(#9732));
#7838=EDGE_CURVE('',#9663,#9624,#9733,.T.);
#7839=FILL_AREA_STYLE('',(#9734));
#7840=EDGE_CURVE('',#9452,#9637,#9735,.T.);
#7841=EDGE_CURVE('',#9454,#9635,#9736,.T.);
#7842=FILL_AREA_STYLE('',(#9737));
#7843=EDGE_CURVE('',#9701,#9738,#9739,.T.);
#7844=EDGE_CURVE('',#9740,#9700,#9741,.T.);
#7845=EDGE_CURVE('',#9738,#9740,#9742,.T.);
#7846=FILL_AREA_STYLE('',(#9743));
#7847=EDGE_CURVE('',#9744,#9711,#9745,.T.);
#7848=EDGE_CURVE('',#9659,#9744,#9746,.T.);
#7849=FILL_AREA_STYLE('',(#9747));
#7850=EDGE_CURVE('',#9687,#9748,#9749,.T.);
#7851=EDGE_CURVE('',#9748,#9502,#9750,.T.);
#7852=EDGE_CURVE('',#9499,#9559,#9751,.T.);
#7853=EDGE_CURVE('',#9752,#9557,#9753,.T.);
#7854=EDGE_CURVE('',#9689,#9752,#9754,.T.);
#7855=FILL_AREA_STYLE('',(#9755));
#7856=EDGE_CURVE('',#9478,#9744,#9756,.T.);
#7857=FILL_AREA_STYLE('',(#9757));
#7858=EDGE_CURVE('',#9716,#9531,#9758,.T.);
#7859=FILL_AREA_STYLE('',(#9759));
#7860=FILL_AREA_STYLE('',(#9760));
#7861=EDGE_CURVE('',#9644,#9671,#9761,.T.);
#7862=EDGE_CURVE('',#9665,#9643,#9762,.T.);
#7863=EDGE_CURVE('',#9763,#9529,#9764,.T.);
#7864=EDGE_CURVE('',#9765,#9763,#9766,.T.);
#7865=EDGE_CURVE('',#9639,#9765,#9767,.T.);
#7866=EDGE_CURVE('',#9610,#9450,#9768,.T.);
#7867=EDGE_CURVE('',#9550,#9769,#9770,.T.);
#7868=EDGE_CURVE('',#9769,#9771,#9772,.T.);
#7869=EDGE_CURVE('',#9773,#9771,#9774,.T.);
#7870=EDGE_CURVE('',#9775,#9773,#9776,.T.);
#7871=EDGE_CURVE('',#9777,#9775,#9778,.T.);
#7872=EDGE_CURVE('',#9461,#9777,#9779,.T.);
#7873=EDGE_CURVE('',#9515,#9460,#9780,.T.);
#7874=FILL_AREA_STYLE('',(#9781));
#7875=EDGE_CURVE('',#9782,#9765,#9783,.T.);
#7876=EDGE_CURVE('',#9763,#9784,#9785,.T.);
#7877=EDGE_CURVE('',#9784,#9782,#9786,.T.);
#7878=FILL_AREA_STYLE('',(#9787));
#7879=EDGE_CURVE('',#9689,#9788,#9789,.T.);
#7880=EDGE_CURVE('',#9790,#9752,#9791,.T.);
#7881=EDGE_CURVE('',#9788,#9790,#9792,.T.);
#7882=FILL_AREA_STYLE('',(#9793));
#7883=EDGE_CURVE('',#9794,#9748,#9795,.T.);
#7884=EDGE_CURVE('',#9796,#9687,#9797,.T.);
#7885=EDGE_CURVE('',#9796,#9794,#9798,.T.);
#7886=FILL_AREA_STYLE('',(#9799));
#7887=EDGE_CURVE('',#9800,#9801,#9802,.T.);
#7888=EDGE_CURVE('',#9800,#9771,#9803,.T.);
#7889=EDGE_CURVE('',#9769,#9801,#9804,.T.);
#7890=FILL_AREA_STYLE('',(#9805));
#7891=EDGE_CURVE('',#9788,#9796,#9806,.T.);
#7892=EDGE_CURVE('',#9790,#9556,#9807,.T.);
#7893=EDGE_CURVE('',#9561,#9500,#9808,.T.);
#7894=EDGE_CURVE('',#9794,#9504,#9809,.T.);
#7895=FILL_AREA_STYLE('',(#9810));
#7896=EDGE_CURVE('',#9782,#9811,#9812,.T.);
#7897=EDGE_CURVE('',#9435,#9811,#9813,.T.);
#7898=EDGE_CURVE('',#9443,#9608,#9814,.T.);
#7899=EDGE_CURVE('',#9418,#9430,#9815,.T.);
#7900=FILL_AREA_STYLE('',(#9816));
#7901=EDGE_CURVE('',#9817,#9818,#9819,.T.);
#7902=EDGE_CURVE('',#9820,#9818,#9821,.T.);
#7903=EDGE_CURVE('',#9820,#9822,#9823,.T.);
#7904=EDGE_CURVE('',#9817,#9822,#9824,.T.);
#7905=FILL_AREA_STYLE('',(#9825));
#7906=EDGE_CURVE('',#9801,#9548,#9826,.T.);
#7907=FILL_AREA_STYLE('',(#9827));
#7908=EDGE_CURVE('',#9828,#9820,#9829,.T.);
#7909=EDGE_CURVE('',#9818,#9830,#9831,.T.);
#7910=EDGE_CURVE('',#9830,#9832,#9833,.T.);
#7911=EDGE_CURVE('',#9832,#9828,#9834,.T.);
#7912=FILL_AREA_STYLE('',(#9835));
#7913=EDGE_CURVE('',#9578,#9820,#9836,.T.);
#7914=EDGE_CURVE('',#9828,#9574,#9837,.T.);
#7915=FILL_AREA_STYLE('',(#9838));
#7916=EDGE_CURVE('',#9523,#9832,#9839,.T.);
#7917=FILL_AREA_STYLE('',(#9840));
#7918=EDGE_CURVE('',#9800,#9841,#9842,.T.);
#7919=EDGE_CURVE('',#9773,#9841,#9843,.T.);
#7920=FILL_AREA_STYLE('',(#9844));
#7921=EDGE_CURVE('',#9576,#9845,#9846,.T.);
#7922=EDGE_CURVE('',#9845,#9847,#9848,.T.);
#7923=EDGE_CURVE('',#9578,#9847,#9849,.T.);
#7924=FILL_AREA_STYLE('',(#9850));
#7925=EDGE_CURVE('',#9525,#9830,#9851,.T.);
#7926=FILL_AREA_STYLE('',(#9852));
#7927=EDGE_CURVE('',#9853,#9854,#9855,.T.);
#7928=EDGE_CURVE('',#9853,#9517,#9856,.T.);
#7929=EDGE_CURVE('',#9775,#9473,#9857,.T.);
#7930=EDGE_CURVE('',#9841,#9587,#9858,.T.);
#7931=EDGE_CURVE('',#9585,#9854,#9859,.T.);
#7932=EDGE_CURVE('',#9860,#9740,#9861,.T.);
#7933=EDGE_CURVE('',#9860,#9862,#9863,.T.);
#7934=EDGE_CURVE('',#9738,#9862,#9864,.T.);
#7935=FILL_AREA_STYLE('',(#9865));
#7936=EDGE_CURVE('',#9866,#9811,#9867,.T.);
#7937=EDGE_CURVE('',#9508,#9866,#9868,.T.);
#7938=EDGE_CURVE('',#9434,#9510,#9869,.T.);
#7939=FILL_AREA_STYLE('',(#9870));
#7940=EDGE_CURVE('',#9871,#9872,#9873,.T.);
#7941=EDGE_CURVE('',#9872,#9874,#9875,.T.);
#7942=EDGE_CURVE('',#9876,#9874,#9877,.T.);
#7943=EDGE_CURVE('',#9876,#9871,#9878,.T.);
#7944=FILL_AREA_STYLE('',(#9879));
#7945=EDGE_CURVE('',#9847,#9566,#9880,.T.);
#7946=EDGE_CURVE('',#9570,#9872,#9881,.T.);
#7947=EDGE_CURVE('',#9822,#9871,#9882,.T.);
#7948=FILL_AREA_STYLE('',(#9883));
#7949=EDGE_CURVE('',#9884,#9675,#9885,.T.);
#7950=EDGE_CURVE('',#9788,#9886,#9887,.T.);
#7951=EDGE_CURVE('',#9886,#9884,#9888,.T.);
#7952=FILL_AREA_STYLE('',(#9889));
#7953=FILL_AREA_STYLE('',(#9890));
#7954=EDGE_CURVE('',#9817,#9876,#9891,.T.);
#7955=FILL_AREA_STYLE('',(#9892));
#7956=EDGE_CURVE('',#9866,#9441,#9893,.T.);
#7957=EDGE_CURVE('',#9527,#9784,#9894,.T.);
#7958=EDGE_CURVE('',#9895,#9874,#9896,.T.);
#7959=EDGE_CURVE('',#9897,#9895,#9898,.T.);
#7960=EDGE_CURVE('',#9600,#9897,#9899,.T.);
#7961=EDGE_CURVE('',#9568,#9599,#9900,.T.);
#7962=EDGE_CURVE('',#9845,#9565,#9901,.T.);
#7963=EDGE_CURVE('',#9902,#9853,#9903,.T.);
#7964=EDGE_CURVE('',#9589,#9902,#9904,.T.);
#7965=FILL_AREA_STYLE('',(#9905));
#7966=FILL_AREA_STYLE('',(#9906));
#7967=EDGE_CURVE('',#9538,#9884,#9907,.T.);
#7968=FILL_AREA_STYLE('',(#9908));
#7969=EDGE_CURVE('',#9909,#9539,#9910,.T.);
#7970=EDGE_CURVE('',#9909,#9886,#9911,.T.);
#7971=FILL_AREA_STYLE('',(#9912));
#7972=EDGE_CURVE('',#9909,#9796,#9913,.T.);
#7973=FILL_AREA_STYLE('',(#9914));
#7974=FILL_AREA_STYLE('',(#9915));
#7975=FILL_AREA_STYLE('',(#9916));
#7976=EDGE_CURVE('',#9595,#9486,#9917,.T.);
#7977=EDGE_CURVE('',#9417,#9729,#9918,.T.);
#7978=FILL_AREA_STYLE('',(#9919));
#7979=FILL_AREA_STYLE('',(#9920));
#7980=EDGE_CURVE('',#9921,#9604,#9922,.T.);
#7981=EDGE_CURVE('',#9923,#9602,#9924,.T.);
#7982=EDGE_CURVE('',#9921,#9923,#9925,.T.);
#7983=FILL_AREA_STYLE('',(#9926));
#7984=EDGE_CURVE('',#9921,#9895,#9927,.T.);
#7985=EDGE_CURVE('',#9897,#9923,#9928,.T.);
#7986=FILL_AREA_STYLE('',(#9929));
#7987=FILL_AREA_STYLE('',(#9930));
#7988=FILL_AREA_STYLE('',(#9931));
#7989=EDGE_CURVE('',#9932,#9615,#9933,.T.);
#7990=EDGE_CURVE('',#9620,#9932,#9934,.T.);
#7991=FILL_AREA_STYLE('',(#9935));
#7992=EDGE_CURVE('',#9705,#9936,#9937,.T.);
#7993=EDGE_CURVE('',#9938,#9703,#9939,.T.);
#7994=EDGE_CURVE('',#9938,#9936,#9940,.T.);
#7995=FILL_AREA_STYLE('',(#9941));
#7996=EDGE_CURVE('',#9862,#9942,#9943,.T.);
#7997=EDGE_CURVE('',#9942,#9938,#9944,.T.);
#7998=FILL_AREA_STYLE('',(#9945));
#7999=FILL_AREA_STYLE('',(#9946));
#8000=EDGE_CURVE('',#9932,#9495,#9947,.T.);
#8001=FILL_AREA_STYLE('',(#9948));
#8002=EDGE_CURVE('',#9936,#9949,#9950,.T.);
#8003=EDGE_CURVE('',#9949,#9860,#9951,.T.);
#8004=FILL_AREA_STYLE('',(#9952));
#8005=EDGE_CURVE('',#9942,#9949,#9953,.T.);
#8006=FILL_AREA_STYLE('',(#9954));
#8007=FILL_AREA_STYLE('',(#9955));
#8008=EDGE_CURVE('',#9956,#9957,#9958,.T.);
#8009=EDGE_CURVE('',#9957,#9902,#9959,.T.);
#8010=EDGE_CURVE('',#9854,#9956,#9960,.T.);
#8011=FILL_AREA_STYLE('',(#9961));
#8012=EDGE_CURVE('',#9957,#9582,#9962,.T.);
#8013=FILL_AREA_STYLE('',(#9963));
#8014=EDGE_CURVE('',#9956,#9583,#9964,.T.);
#8015=FILL_AREA_STYLE('',(#9965));
#8016=FILL_AREA_STYLE('',(#9966));
#8017=FILL_AREA_STYLE('',(#9967));
#8018=FILL_AREA_STYLE('',(#9968));
#8019=FILL_AREA_STYLE('',(#9969));
#8020=FILL_AREA_STYLE('',(#9970));
#8021=FILL_AREA_STYLE('',(#9971));
#8022=EDGE_CURVE('',#9683,#9777,#9972,.T.);
#8023=FILL_AREA_STYLE('',(#9973));
#8024=FILL_AREA_STYLE('',(#9974));
#8025=FILL_AREA_STYLE('',(#9975));
#8026=FILL_AREA_STYLE('',(#9976));
#8027=EDGE_CURVE('',#9977,#9978,#9979,.T.);
#8028=EDGE_CURVE('',#9980,#9977,#9981,.T.);
#8029=EDGE_CURVE('',#9982,#9980,#9983,.T.);
#8030=EDGE_CURVE('',#9984,#9982,#9985,.T.);
#8031=EDGE_CURVE('',#9984,#9986,#9987,.T.);
#8032=EDGE_CURVE('',#9986,#9978,#9988,.T.);
#8033=FILL_AREA_STYLE('',(#9989));
#8034=EDGE_CURVE('',#9977,#9990,#9991,.T.);
#8035=EDGE_CURVE('',#9990,#9980,#9992,.T.);
#8036=FILL_AREA_STYLE('',(#9993));
#8037=EDGE_CURVE('',#9994,#9990,#9995,.T.);
#8038=EDGE_CURVE('',#9994,#9982,#9996,.T.);
#8039=FILL_AREA_STYLE('',(#9997));
#8040=EDGE_CURVE('',#9994,#9998,#9999,.T.);
#8041=EDGE_CURVE('',#9984,#9998,#10000,.T.);
#8042=FILL_AREA_STYLE('',(#10001));
#8043=EDGE_CURVE('',#9978,#10002,#10003,.T.);
#8044=EDGE_CURVE('',#9998,#10002,#10004,.T.);
#8045=FILL_AREA_STYLE('',(#10005));
#8046=EDGE_CURVE('',#10006,#10007,#10008,.T.);
#8047=EDGE_CURVE('',#10007,#10009,#10010,.T.);
#8048=EDGE_CURVE('',#10009,#10011,#10012,.T.);
#8049=EDGE_CURVE('',#10011,#10013,#10014,.T.);
#8050=EDGE_CURVE('',#10013,#10015,#10016,.T.);
#8051=EDGE_CURVE('',#10015,#10017,#10018,.T.);
#8052=EDGE_CURVE('',#10017,#10019,#10020,.T.);
#8053=EDGE_CURVE('',#10021,#10019,#10022,.T.);
#8054=EDGE_CURVE('',#10023,#10021,#10024,.T.);
#8055=EDGE_CURVE('',#10023,#10025,#10026,.T.);
#8056=EDGE_CURVE('',#10027,#10025,#10028,.T.);
#8057=EDGE_CURVE('',#10027,#9986,#10029,.T.);
#8058=EDGE_CURVE('',#10002,#10030,#10031,.T.);
#8059=EDGE_CURVE('',#10030,#10032,#10033,.T.);
#8060=EDGE_CURVE('',#10032,#10034,#10035,.T.);
#8061=EDGE_CURVE('',#10034,#10036,#10037,.T.);
#8062=EDGE_CURVE('',#10038,#10036,#10039,.T.);
#8063=EDGE_CURVE('',#10038,#10040,#10041,.T.);
#8064=EDGE_CURVE('',#10040,#10042,#10043,.T.);
#8065=EDGE_CURVE('',#10044,#10042,#10045,.T.);
#8066=EDGE_CURVE('',#10046,#10044,#10047,.T.);
#8067=EDGE_CURVE('',#10046,#10048,#10049,.T.);
#8068=EDGE_CURVE('',#10048,#10050,#10051,.T.);
#8069=EDGE_CURVE('',#10050,#10052,#10053,.T.);
#8070=EDGE_CURVE('',#10052,#10054,#10055,.T.);
#8071=EDGE_CURVE('',#10054,#10056,#10057,.T.);
#8072=EDGE_CURVE('',#10056,#10058,#10059,.T.);
#8073=EDGE_CURVE('',#10058,#10060,#10061,.T.);
#8074=EDGE_CURVE('',#10060,#10062,#10063,.T.);
#8075=EDGE_CURVE('',#10062,#10006,#10064,.T.);
#8076=FILL_AREA_STYLE('',(#10065));
#8077=EDGE_CURVE('',#10009,#10066,#10067,.T.);
#8078=EDGE_CURVE('',#10068,#10007,#10069,.T.);
#8079=EDGE_CURVE('',#10070,#10068,#10071,.T.);
#8080=EDGE_CURVE('',#10070,#10017,#10072,.T.);
#8081=EDGE_CURVE('',#10073,#10015,#10074,.T.);
#8082=EDGE_CURVE('',#10073,#10066,#10075,.T.);
#8083=FILL_AREA_STYLE('',(#10076));
#8084=EDGE_CURVE('',#10077,#10078,#10079,.T.);
#8085=EDGE_CURVE('',#10078,#10073,#10080,.T.);
#8086=EDGE_CURVE('',#10013,#10077,#10081,.T.);
#8087=FILL_AREA_STYLE('',(#10082));
#8088=EDGE_CURVE('',#10062,#10083,#10084,.T.);
#8089=EDGE_CURVE('',#10083,#10085,#10086,.T.);
#8090=EDGE_CURVE('',#10087,#10085,#10088,.T.);
#8091=EDGE_CURVE('',#10087,#10006,#10089,.T.);
#8092=FILL_AREA_STYLE('',(#10090));
#8093=EDGE_CURVE('',#10091,#10092,#10093,.T.);
#8094=EDGE_CURVE('',#10092,#10046,#10094,.T.);
#8095=EDGE_CURVE('',#10044,#10091,#10095,.T.);
#8096=FILL_AREA_STYLE('',(#10096));
#8097=EDGE_CURVE('',#10097,#10091,#10098,.T.);
#8098=EDGE_CURVE('',#10042,#10097,#10099,.T.);
#8099=FILL_AREA_STYLE('',(#10100));
#8100=EDGE_CURVE('',#10101,#10032,#10102,.T.);
#8101=EDGE_CURVE('',#10103,#10101,#10104,.T.);
#8102=EDGE_CURVE('',#10103,#10034,#10105,.T.);
#8103=FILL_AREA_STYLE('',(#10106));
#8104=EDGE_CURVE('',#10019,#10107,#10108,.T.);
#8105=EDGE_CURVE('',#10109,#10107,#10110,.T.);
#8106=EDGE_CURVE('',#10109,#10021,#10111,.T.);
#8107=FILL_AREA_STYLE('',(#10112));
#8108=EDGE_CURVE('',#10036,#10113,#10114,.T.);
#8109=EDGE_CURVE('',#10113,#10115,#10116,.T.);
#8110=EDGE_CURVE('',#10038,#10115,#10117,.T.);
#8111=FILL_AREA_STYLE('',(#10118));
#8112=EDGE_CURVE('',#10087,#10113,#10119,.T.);
#8113=EDGE_CURVE('',#10120,#10085,#10121,.T.);
#8114=EDGE_CURVE('',#10115,#10120,#10122,.T.);
#8115=FILL_AREA_STYLE('',(#10123));
#8116=EDGE_CURVE('',#10124,#10078,#10125,.T.);
#8117=EDGE_CURVE('',#10066,#10124,#10126,.T.);
#8118=FILL_AREA_STYLE('',(#10127));
#8119=EDGE_CURVE('',#10128,#10077,#10129,.T.);
#8120=EDGE_CURVE('',#10011,#10128,#10130,.T.);
#8121=FILL_AREA_STYLE('',(#10131));
#8122=EDGE_CURVE('',#10068,#10103,#10132,.T.);
#8123=FILL_AREA_STYLE('',(#10133));
#8124=EDGE_CURVE('',#10134,#10070,#10135,.T.);
#8125=EDGE_CURVE('',#10101,#10136,#10137,.T.);
#8126=EDGE_CURVE('',#10136,#10134,#10138,.T.);
#8127=FILL_AREA_STYLE('',(#10139));
#8128=EDGE_CURVE('',#10140,#10134,#10141,.T.);
#8129=EDGE_CURVE('',#10140,#10107,#10142,.T.);
#8130=FILL_AREA_STYLE('',(#10143));
#8131=EDGE_CURVE('',#10144,#10145,#10146,.T.);
#8132=EDGE_CURVE('',#10145,#10147,#10148,.T.);
#8133=EDGE_CURVE('',#10149,#10147,#10150,.T.);
#8134=EDGE_CURVE('',#10144,#10149,#10151,.T.);
#8135=FILL_AREA_STYLE('',(#10152));
#8136=EDGE_CURVE('',#10060,#10153,#10154,.T.);
#8137=EDGE_CURVE('',#10083,#10153,#10155,.T.);
#8138=FILL_AREA_STYLE('',(#10156));
#8139=EDGE_CURVE('',#10147,#10052,#10157,.T.);
#8140=EDGE_CURVE('',#10050,#10149,#10158,.T.);
#8141=FILL_AREA_STYLE('',(#10159));
#8142=EDGE_CURVE('',#10124,#10128,#10160,.T.);
#8143=FILL_AREA_STYLE('',(#10161));
#8144=FILL_AREA_STYLE('',(#10162));
#8145=EDGE_CURVE('',#10025,#10163,#10164,.T.);
#8146=EDGE_CURVE('',#10163,#10165,#10166,.T.);
#8147=EDGE_CURVE('',#10165,#10027,#10167,.T.);
#8148=FILL_AREA_STYLE('',(#10168));
#8149=EDGE_CURVE('',#10058,#10169,#10170,.T.);
#8150=EDGE_CURVE('',#10171,#10056,#10172,.T.);
#8151=EDGE_CURVE('',#10169,#10171,#10173,.T.);
#8152=FILL_AREA_STYLE('',(#10174));
#8153=EDGE_CURVE('',#10083,#10175,#10176,.T.);
#8154=EDGE_CURVE('',#10153,#10169,#10177,.T.);
#8155=EDGE_CURVE('',#10171,#10092,#10178,.T.);
#8156=EDGE_CURVE('',#10175,#10097,#10179,.T.);
#8157=FILL_AREA_STYLE('',(#10180));
#8158=EDGE_CURVE('',#10120,#10175,#10181,.T.);
#8159=EDGE_CURVE('',#10175,#10040,#10182,.T.);
#8160=FILL_AREA_STYLE('',(#10183));
#8161=FILL_AREA_STYLE('',(#10184));
#8162=FILL_AREA_STYLE('',(#10185));
#8163=EDGE_CURVE('',#10186,#10023,#10187,.T.);
#8164=EDGE_CURVE('',#10163,#10186,#10188,.T.);
#8165=FILL_AREA_STYLE('',(#10189));
#8166=EDGE_CURVE('',#10109,#10186,#10190,.T.);
#8167=FILL_AREA_STYLE('',(#10191));
#8168=FILL_AREA_STYLE('',(#10192));
#8169=EDGE_CURVE('',#10145,#10054,#10193,.T.);
#8170=FILL_AREA_STYLE('',(#10194));
#8171=EDGE_CURVE('',#10144,#10048,#10195,.T.);
#8172=FILL_AREA_STYLE('',(#10196));
#8173=FILL_AREA_STYLE('',(#10197));
#8174=EDGE_CURVE('',#10165,#10140,#10198,.T.);
#8175=EDGE_CURVE('',#10136,#10030,#10199,.T.);
#8176=FILL_AREA_STYLE('',(#10200));
#8177=FILL_AREA_STYLE('',(#10201));
#8178=FILL_AREA_STYLE_COLOUR('',#10202);
#8179=VERTEX_POINT('',#10203);
#8180=VERTEX_POINT('',#10204);
#8181=LINE('',#10205,#10206);
#8182=VERTEX_POINT('',#10207);
#8183=CIRCLE('',#10208,1.45);
#8184=VERTEX_POINT('',#10209);
#8185=LINE('',#10210,#10211);
#8186=VERTEX_POINT('',#10212);
#8187=CIRCLE('',#10213,1.45);
#8188=VERTEX_POINT('',#10214);
#8189=LINE('',#10215,#10216);
#8190=CIRCLE('',#10217,1.45);
#8191=FILL_AREA_STYLE_COLOUR('',#10218);
#8192=VERTEX_POINT('',#10219);
#8193=VERTEX_POINT('',#10220);
#8194=LINE('',#10221,#10222);
#8195=VERTEX_POINT('',#10223);
#8196=LINE('',#10224,#10225);
#8197=VERTEX_POINT('',#10226);
#8198=LINE('',#10227,#10228);
#8199=VERTEX_POINT('',#10229);
#8200=LINE('',#10230,#10231);
#8201=LINE('',#10232,#10233);
#8202=FILL_AREA_STYLE_COLOUR('',#10234);
#8203=VERTEX_POINT('',#10235);
#8204=VERTEX_POINT('',#10236);
#8205=LINE('',#10237,#10238);
#8206=VERTEX_POINT('',#10239);
#8207=LINE('',#10240,#10241);
#8208=VERTEX_POINT('',#10242);
#8209=LINE('',#10243,#10244);
#8210=LINE('',#10245,#10246);
#8211=FILL_AREA_STYLE_COLOUR('',#10247);
#8212=VERTEX_POINT('',#10248);
#8213=VERTEX_POINT('',#10249);
#8214=LINE('',#10250,#10251);
#8215=VERTEX_POINT('',#10252);
#8216=LINE('',#10253,#10254);
#8217=VERTEX_POINT('',#10255);
#8218=LINE('',#10256,#10257);
#8219=VERTEX_POINT('',#10258);
#8220=LINE('',#10259,#10260);
#8221=VERTEX_POINT('',#10261);
#8222=LINE('',#10262,#10263);
#8223=VERTEX_POINT('',#10264);
#8224=LINE('',#10265,#10266);
#8225=VERTEX_POINT('',#10267);
#8226=LINE('',#10268,#10269);
#8227=LINE('',#10270,#10271);
#8228=FILL_AREA_STYLE_COLOUR('',#10272);
#8229=VERTEX_POINT('',#10273);
#8230=LINE('',#10274,#10275);
#8231=VERTEX_POINT('',#10276);
#8232=LINE('',#10277,#10278);
#8233=LINE('',#10279,#10280);
#8234=FILL_AREA_STYLE_COLOUR('',#10281);
#8235=VERTEX_POINT('',#10282);
#8236=VERTEX_POINT('',#10283);
#8237=LINE('',#10284,#10285);
#8238=VERTEX_POINT('',#10286);
#8239=LINE('',#10287,#10288);
#8240=VERTEX_POINT('',#10289);
#8241=LINE('',#10290,#10291);
#8242=VERTEX_POINT('',#10292);
#8243=LINE('',#10293,#10294);
#8244=LINE('',#10295,#10296);
#8245=FILL_AREA_STYLE_COLOUR('',#10297);
#8246=VERTEX_POINT('',#10298);
#8247=CIRCLE('',#10299,1.45);
#8248=VERTEX_POINT('',#10300);
#8249=LINE('',#10301,#10302);
#8250=VERTEX_POINT('',#10303);
#8251=CIRCLE('',#10304,1.45);
#8252=VERTEX_POINT('',#10305);
#8253=LINE('',#10306,#10307);
#8254=CIRCLE('',#10308,1.45);
#8255=FILL_AREA_STYLE_COLOUR('',#10309);
#8256=VERTEX_POINT('',#10310);
#8257=VERTEX_POINT('',#10311);
#8258=LINE('',#10312,#10313);
#8259=VERTEX_POINT('',#10314);
#8260=LINE('',#10315,#10316);
#8261=VERTEX_POINT('',#10317);
#8262=LINE('',#10318,#10319);
#8263=LINE('',#10320,#10321);
#8264=FILL_AREA_STYLE_COLOUR('',#10322);
#8265=VERTEX_POINT('',#10323);
#8266=VERTEX_POINT('',#10324);
#8267=LINE('',#10325,#10326);
#8268=VERTEX_POINT('',#10327);
#8269=LINE('',#10328,#10329);
#8270=VERTEX_POINT('',#10330);
#8271=LINE('',#10331,#10332);
#8272=LINE('',#10333,#10334);
#8273=FILL_AREA_STYLE_COLOUR('',#10335);
#8274=VERTEX_POINT('',#10336);
#8275=VERTEX_POINT('',#10337);
#8276=LINE('',#10338,#10339);
#8277=LINE('',#10340,#10341);
#8278=VERTEX_POINT('',#10342);
#8279=LINE('',#10343,#10344);
#8280=LINE('',#10345,#10346);
#8281=FILL_AREA_STYLE_COLOUR('',#10347);
#8282=VERTEX_POINT('',#10348);
#8283=LINE('',#10349,#10350);
#8284=VERTEX_POINT('',#10351);
#8285=LINE('',#10352,#10353);
#8286=LINE('',#10354,#10355);
#8287=FILL_AREA_STYLE_COLOUR('',#10356);
#8288=VERTEX_POINT('',#10357);
#8289=VERTEX_POINT('',#10358);
#8290=LINE('',#10359,#10360);
#8291=VERTEX_POINT('',#10361);
#8292=LINE('',#10362,#10363);
#8293=VERTEX_POINT('',#10364);
#8294=LINE('',#10365,#10366);
#8295=LINE('',#10367,#10368);
#8296=FILL_AREA_STYLE_COLOUR('',#10369);
#8297=LINE('',#10370,#10371);
#8298=LINE('',#10372,#10373);
#8299=FILL_AREA_STYLE_COLOUR('',#10374);
#8300=VERTEX_POINT('',#10375);
#8301=LINE('',#10376,#10377);
#8302=VERTEX_POINT('',#10378);
#8303=LINE('',#10379,#10380);
#8304=LINE('',#10381,#10382);
#8305=FILL_AREA_STYLE_COLOUR('',#10383);
#8306=VERTEX_POINT('',#10384);
#8307=VERTEX_POINT('',#10385);
#8308=LINE('',#10386,#10387);
#8309=LINE('',#10388,#10389);
#8310=VERTEX_POINT('',#10390);
#8311=LINE('',#10391,#10392);
#8312=LINE('',#10393,#10394);
#8313=FILL_AREA_STYLE_COLOUR('',#10395);
#8314=VERTEX_POINT('',#10396);
#8315=VERTEX_POINT('',#10397);
#8316=LINE('',#10398,#10399);
#8317=LINE('',#10400,#10401);
#8318=VERTEX_POINT('',#10402);
#8319=LINE('',#10403,#10404);
#8320=VERTEX_POINT('',#10405);
#8321=LINE('',#10406,#10407);
#8322=LINE('',#10408,#10409);
#8323=FILL_AREA_STYLE_COLOUR('',#10410);
#8324=VERTEX_POINT('',#10411);
#8325=LINE('',#10412,#10413);
#8326=VERTEX_POINT('',#10414);
#8327=LINE('',#10415,#10416);
#8328=LINE('',#10417,#10418);
#8329=FILL_AREA_STYLE_COLOUR('',#10419);
#8330=LINE('',#10420,#10421);
#8331=LINE('',#10422,#10423);
#8332=FILL_AREA_STYLE_COLOUR('',#10424);
#8333=VERTEX_POINT('',#10425);
#8334=LINE('',#10426,#10427);
#8335=VERTEX_POINT('',#10428);
#8336=LINE('',#10429,#10430);
#8337=LINE('',#10431,#10432);
#8338=FILL_AREA_STYLE_COLOUR('',#10433);
#8339=VERTEX_POINT('',#10434);
#8340=LINE('',#10435,#10436);
#8341=LINE('',#10437,#10438);
#8342=VERTEX_POINT('',#10439);
#8343=LINE('',#10440,#10441);
#8344=VERTEX_POINT('',#10442);
#8345=LINE('',#10443,#10444);
#8346=VERTEX_POINT('',#10445);
#8347=LINE('',#10446,#10447);
#8348=LINE('',#10448,#10449);
#8349=FILL_AREA_STYLE_COLOUR('',#10450);
#8350=VERTEX_POINT('',#10451);
#8351=LINE('',#10452,#10453);
#8352=VERTEX_POINT('',#10454);
#8353=LINE('',#10455,#10456);
#8354=LINE('',#10457,#10458);
#8355=FILL_AREA_STYLE_COLOUR('',#10459);
#8356=LINE('',#10460,#10461);
#8357=FILL_AREA_STYLE_COLOUR('',#10462);
#8358=VERTEX_POINT('',#10463);
#8359=LINE('',#10464,#10465);
#8360=VERTEX_POINT('',#10466);
#8361=LINE('',#10467,#10468);
#8362=LINE('',#10469,#10470);
#8363=FILL_AREA_STYLE_COLOUR('',#10471);
#8364=LINE('',#10472,#10473);
#8365=LINE('',#10474,#10475);
#8366=FILL_AREA_STYLE_COLOUR('',#10476);
#8367=LINE('',#10477,#10478);
#8368=LINE('',#10479,#10480);
#8369=FILL_AREA_STYLE_COLOUR('',#10481);
#8370=LINE('',#10482,#10483);
#8371=FILL_AREA_STYLE_COLOUR('',#10484);
#8372=LINE('',#10485,#10486);
#8373=FILL_AREA_STYLE_COLOUR('',#10487);
#8374=LINE('',#10488,#10489);
#8375=FILL_AREA_STYLE_COLOUR('',#10490);
#8376=FILL_AREA_STYLE_COLOUR('',#10491);
#8377=LINE('',#10492,#10493);
#8378=VERTEX_POINT('',#10494);
#8379=LINE('',#10495,#10496);
#8380=LINE('',#10497,#10498);
#8381=FILL_AREA_STYLE_COLOUR('',#10499);
#8382=LINE('',#10500,#10501);
#8383=VERTEX_POINT('',#10502);
#8384=LINE('',#10503,#10504);
#8385=LINE('',#10505,#10506);
#8386=FILL_AREA_STYLE_COLOUR('',#10507);
#8387=LINE('',#10508,#10509);
#8388=LINE('',#10510,#10511);
#8389=FILL_AREA_STYLE_COLOUR('',#10512);
#8390=LINE('',#10513,#10514);
#8391=LINE('',#10515,#10516);
#8392=FILL_AREA_STYLE_COLOUR('',#10517);
#8393=LINE('',#10518,#10519);
#8394=LINE('',#10520,#10521);
#8395=LINE('',#10522,#10523);
#8396=LINE('',#10524,#10525);
#8397=FILL_AREA_STYLE_COLOUR('',#10526);
#8398=FILL_AREA_STYLE_COLOUR('',#10527);
#8399=FILL_AREA_STYLE_COLOUR('',#10528);
#8400=LINE('',#10529,#10530);
#8401=FILL_AREA_STYLE_COLOUR('',#10531);
#8402=FILL_AREA_STYLE_COLOUR('',#10532);
#8403=FILL_AREA_STYLE_COLOUR('',#10533);
#8404=FILL_AREA_STYLE_COLOUR('',#10534);
#8405=VERTEX_POINT('',#10535);
#8406=VERTEX_POINT('',#10536);
#8407=LINE('',#10537,#10538);
#8408=VERTEX_POINT('',#10539);
#8409=CIRCLE('',#10540,1.45);
#8410=VERTEX_POINT('',#10541);
#8411=LINE('',#10542,#10543);
#8412=VERTEX_POINT('',#10544);
#8413=CIRCLE('',#10545,1.45);
#8414=VERTEX_POINT('',#10546);
#8415=LINE('',#10547,#10548);
#8416=VERTEX_POINT('',#10549);
#8417=CIRCLE('',#10550,1.45);
#8418=VERTEX_POINT('',#10551);
#8419=LINE('',#10552,#10553);
#8420=CIRCLE('',#10554,1.45);
#8421=FILL_AREA_STYLE_COLOUR('',#10555);
#8422=VERTEX_POINT('',#10556);
#8423=VERTEX_POINT('',#10557);
#8424=LINE('',#10558,#10559);
#8425=VERTEX_POINT('',#10560);
#8426=CIRCLE('',#10561,1.45);
#8427=VERTEX_POINT('',#10562);
#8428=LINE('',#10563,#10564);
#8429=VERTEX_POINT('',#10565);
#8430=CIRCLE('',#10566,1.45);
#8431=VERTEX_POINT('',#10567);
#8432=LINE('',#10568,#10569);
#8433=CIRCLE('',#10570,1.45);
#8434=FILL_AREA_STYLE_COLOUR('',#10571);
#8435=VERTEX_POINT('',#10572);
#8436=VERTEX_POINT('',#10573);
#8437=LINE('',#10574,#10575);
#8438=VERTEX_POINT('',#10576);
#8439=CIRCLE('',#10577,1.45);
#8440=VERTEX_POINT('',#10578);
#8441=LINE('',#10579,#10580);
#8442=VERTEX_POINT('',#10581);
#8443=CIRCLE('',#10582,1.45);
#8444=VERTEX_POINT('',#10583);
#8445=LINE('',#10584,#10585);
#8446=CIRCLE('',#10586,1.45);
#8447=FILL_AREA_STYLE_COLOUR('',#10587);
#8448=VERTEX_POINT('',#10588);
#8449=VERTEX_POINT('',#10589);
#8450=LINE('',#10590,#10591);
#8451=VERTEX_POINT('',#10592);
#8452=LINE('',#10593,#10594);
#8453=VERTEX_POINT('',#10595);
#8454=LINE('',#10596,#10597);
#8455=VERTEX_POINT('',#10598);
#8456=LINE('',#10599,#10600);
#8457=LINE('',#10601,#10602);
#8458=FILL_AREA_STYLE_COLOUR('',#10603);
#8459=VERTEX_POINT('',#10604);
#8460=LINE('',#10605,#10606);
#8461=VERTEX_POINT('',#10607);
#8462=LINE('',#10608,#10609);
#8463=LINE('',#10610,#10611);
#8464=FILL_AREA_STYLE_COLOUR('',#10612);
#8465=VERTEX_POINT('',#10613);
#8466=VERTEX_POINT('',#10614);
#8467=LINE('',#10615,#10616);
#8468=VERTEX_POINT('',#10617);
#8469=LINE('',#10618,#10619);
#8470=VERTEX_POINT('',#10620);
#8471=LINE('',#10621,#10622);
#8472=LINE('',#10623,#10624);
#8473=FILL_AREA_STYLE_COLOUR('',#10625);
#8474=VERTEX_POINT('',#10626);
#8475=CIRCLE('',#10627,1.45);
#8476=LINE('',#10628,#10629);
#8477=FILL_AREA_STYLE_COLOUR('',#10630);
#8478=VERTEX_POINT('',#10631);
#8479=VERTEX_POINT('',#10632);
#8480=LINE('',#10633,#10634);
#8481=VERTEX_POINT('',#10635);
#8482=LINE('',#10636,#10637);
#8483=VERTEX_POINT('',#10638);
#8484=LINE('',#10639,#10640);
#8485=LINE('',#10641,#10642);
#8486=FILL_AREA_STYLE_COLOUR('',#10643);
#8487=VERTEX_POINT('',#10644);
#8488=VERTEX_POINT('',#10645);
#8489=LINE('',#10646,#10647);
#8490=VERTEX_POINT('',#10648);
#8491=LINE('',#10649,#10650);
#8492=VERTEX_POINT('',#10651);
#8493=LINE('',#10652,#10653);
#8494=LINE('',#10654,#10655);
#8495=FILL_AREA_STYLE_COLOUR('',#10656);
#8496=VERTEX_POINT('',#10657);
#8497=LINE('',#10658,#10659);
#8498=VERTEX_POINT('',#10660);
#8499=LINE('',#10661,#10662);
#8500=LINE('',#10663,#10664);
#8501=FILL_AREA_STYLE_COLOUR('',#10665);
#8502=VERTEX_POINT('',#10666);
#8503=VERTEX_POINT('',#10667);
#8504=LINE('',#10668,#10669);
#8505=VERTEX_POINT('',#10670);
#8506=LINE('',#10671,#10672);
#8507=VERTEX_POINT('',#10673);
#8508=LINE('',#10674,#10675);
#8509=VERTEX_POINT('',#10676);
#8510=LINE('',#10677,#10678);
#8511=VERTEX_POINT('',#10679);
#8512=LINE('',#10680,#10681);
#8513=VERTEX_POINT('',#10682);
#8514=LINE('',#10683,#10684);
#8515=VERTEX_POINT('',#10685);
#8516=LINE('',#10686,#10687);
#8517=VERTEX_POINT('',#10688);
#8518=LINE('',#10689,#10690);
#8519=VERTEX_POINT('',#10691);
#8520=LINE('',#10692,#10693);
#8521=VERTEX_POINT('',#10694);
#8522=LINE('',#10695,#10696);
#8523=VERTEX_POINT('',#10697);
#8524=LINE('',#10698,#10699);
#8525=LINE('',#10700,#10701);
#8526=VERTEX_POINT('',#10702);
#8527=VERTEX_POINT('',#10703);
#8528=LINE('',#10704,#10705);
#8529=VERTEX_POINT('',#10706);
#8530=LINE('',#10707,#10708);
#8531=VERTEX_POINT('',#10709);
#8532=LINE('',#10710,#10711);
#8533=LINE('',#10712,#10713);
#8534=FILL_AREA_STYLE_COLOUR('',#10714);
#8535=VERTEX_POINT('',#10715);
#8536=VERTEX_POINT('',#10716);
#8537=LINE('',#10717,#10718);
#8538=VERTEX_POINT('',#10719);
#8539=LINE('',#10720,#10721);
#8540=VERTEX_POINT('',#10722);
#8541=LINE('',#10723,#10724);
#8542=LINE('',#10725,#10726);
#8543=FILL_AREA_STYLE_COLOUR('',#10727);
#8544=VERTEX_POINT('',#10728);
#8545=VERTEX_POINT('',#10729);
#8546=LINE('',#10730,#10731);
#8547=VERTEX_POINT('',#10732);
#8548=LINE('',#10733,#10734);
#8549=VERTEX_POINT('',#10735);
#8550=LINE('',#10736,#10737);
#8551=LINE('',#10738,#10739);
#8552=FILL_AREA_STYLE_COLOUR('',#10740);
#8553=VERTEX_POINT('',#10741);
#8554=VERTEX_POINT('',#10742);
#8555=LINE('',#10743,#10744);
#8556=VERTEX_POINT('',#10745);
#8557=LINE('',#10746,#10747);
#8558=VERTEX_POINT('',#10748);
#8559=LINE('',#10749,#10750);
#8560=LINE('',#10751,#10752);
#8561=FILL_AREA_STYLE_COLOUR('',#10753);
#8562=VERTEX_POINT('',#10754);
#8563=LINE('',#10755,#10756);
#8564=VERTEX_POINT('',#10757);
#8565=LINE('',#10758,#10759);
#8566=VERTEX_POINT('',#10760);
#8567=LINE('',#10761,#10762);
#8568=LINE('',#10763,#10764);
#8569=FILL_AREA_STYLE_COLOUR('',#10765);
#8570=VERTEX_POINT('',#10766);
#8571=VERTEX_POINT('',#10767);
#8572=LINE('',#10768,#10769);
#8573=VERTEX_POINT('',#10770);
#8574=LINE('',#10771,#10772);
#8575=VERTEX_POINT('',#10773);
#8576=LINE('',#10774,#10775);
#8577=VERTEX_POINT('',#10776);
#8578=LINE('',#10777,#10778);
#8579=LINE('',#10779,#10780);
#8580=FILL_AREA_STYLE_COLOUR('',#10781);
#8581=VERTEX_POINT('',#10782);
#8582=LINE('',#10783,#10784);
#8583=VERTEX_POINT('',#10785);
#8584=CIRCLE('',#10786,1.45);
#8585=LINE('',#10787,#10788);
#8586=FILL_AREA_STYLE_COLOUR('',#10789);
#8587=VERTEX_POINT('',#10790);
#8588=VERTEX_POINT('',#10791);
#8589=LINE('',#10792,#10793);
#8590=VERTEX_POINT('',#10794);
#8591=LINE('',#10795,#10796);
#8592=VERTEX_POINT('',#10797);
#8593=LINE('',#10798,#10799);
#8594=LINE('',#10800,#10801);
#8595=FILL_AREA_STYLE_COLOUR('',#10802);
#8596=VERTEX_POINT('',#10803);
#8597=LINE('',#10804,#10805);
#8598=VERTEX_POINT('',#10806);
#8599=LINE('',#10807,#10808);
#8600=LINE('',#10809,#10810);
#8601=FILL_AREA_STYLE_COLOUR('',#10811);
#8602=VERTEX_POINT('',#10812);
#8603=VERTEX_POINT('',#10813);
#8604=LINE('',#10814,#10815);
#8605=LINE('',#10816,#10817);
#8606=LINE('',#10818,#10819);
#8607=FILL_AREA_STYLE_COLOUR('',#10820);
#8608=VERTEX_POINT('',#10821);
#8609=LINE('',#10822,#10823);
#8610=LINE('',#10824,#10825);
#8611=FILL_AREA_STYLE_COLOUR('',#10826);
#8612=VERTEX_POINT('',#10827);
#8613=VERTEX_POINT('',#10828);
#8614=LINE('',#10829,#10830);
#8615=VERTEX_POINT('',#10831);
#8616=LINE('',#10832,#10833);
#8617=VERTEX_POINT('',#10834);
#8618=LINE('',#10835,#10836);
#8619=LINE('',#10837,#10838);
#8620=FILL_AREA_STYLE_COLOUR('',#10839);
#8621=VERTEX_POINT('',#10840);
#8622=CIRCLE('',#10841,1.45);
#8623=VERTEX_POINT('',#10842);
#8624=LINE('',#10843,#10844);
#8625=VERTEX_POINT('',#10845);
#8626=CIRCLE('',#10846,1.45);
#8627=VERTEX_POINT('',#10847);
#8628=LINE('',#10848,#10849);
#8629=CIRCLE('',#10850,1.45);
#8630=FILL_AREA_STYLE_COLOUR('',#10851);
#8631=VERTEX_POINT('',#10852);
#8632=VERTEX_POINT('',#10853);
#8633=LINE('',#10854,#10855);
#8634=VERTEX_POINT('',#10856);
#8635=LINE('',#10857,#10858);
#8636=VERTEX_POINT('',#10859);
#8637=LINE('',#10860,#10861);
#8638=LINE('',#10862,#10863);
#8639=FILL_AREA_STYLE_COLOUR('',#10864);
#8640=VERTEX_POINT('',#10865);
#8641=VERTEX_POINT('',#10866);
#8642=LINE('',#10867,#10868);
#8643=LINE('',#10869,#10870);
#8644=VERTEX_POINT('',#10871);
#8645=LINE('',#10872,#10873);
#8646=LINE('',#10874,#10875);
#8647=VERTEX_POINT('',#10876);
#8648=LINE('',#10877,#10878);
#8649=LINE('',#10879,#10880);
#8650=FILL_AREA_STYLE_COLOUR('',#10881);
#8651=VERTEX_POINT('',#10882);
#8652=LINE('',#10883,#10884);
#8653=VERTEX_POINT('',#10885);
#8654=LINE('',#10886,#10887);
#8655=VERTEX_POINT('',#10888);
#8656=LINE('',#10889,#10890);
#8657=VERTEX_POINT('',#10891);
#8658=LINE('',#10892,#10893);
#8659=VERTEX_POINT('',#10894);
#8660=LINE('',#10895,#10896);
#8661=LINE('',#10897,#10898);
#8662=FILL_AREA_STYLE_COLOUR('',#10899);
#8663=VERTEX_POINT('',#10900);
#8664=LINE('',#10901,#10902);
#8665=VERTEX_POINT('',#10903);
#8666=LINE('',#10904,#10905);
#8667=VERTEX_POINT('',#10906);
#8668=LINE('',#10907,#10908);
#8669=LINE('',#10909,#10910);
#8670=FILL_AREA_STYLE_COLOUR('',#10911);
#8671=VERTEX_POINT('',#10912);
#8672=LINE('',#10913,#10914);
#8673=LINE('',#10915,#10916);
#8674=FILL_AREA_STYLE_COLOUR('',#10917);
#8675=VERTEX_POINT('',#10918);
#8676=LINE('',#10919,#10920);
#8677=VERTEX_POINT('',#10921);
#8678=LINE('',#10922,#10923);
#8679=LINE('',#10924,#10925);
#8680=FILL_AREA_STYLE_COLOUR('',#10926);
#8681=LINE('',#10927,#10928);
#8682=LINE('',#10929,#10930);
#8683=FILL_AREA_STYLE_COLOUR('',#10931);
#8684=VERTEX_POINT('',#10932);
#8685=LINE('',#10933,#10934);
#8686=LINE('',#10935,#10936);
#8687=FILL_AREA_STYLE_COLOUR('',#10937);
#8688=VERTEX_POINT('',#10938);
#8689=VERTEX_POINT('',#10939);
#8690=LINE('',#10940,#10941);
#8691=VERTEX_POINT('',#10942);
#8692=LINE('',#10943,#10944);
#8693=VERTEX_POINT('',#10945);
#8694=LINE('',#10946,#10947);
#8695=LINE('',#10948,#10949);
#8696=FILL_AREA_STYLE_COLOUR('',#10950);
#8697=VERTEX_POINT('',#10951);
#8698=LINE('',#10952,#10953);
#8699=VERTEX_POINT('',#10954);
#8700=LINE('',#10955,#10956);
#8701=LINE('',#10957,#10958);
#8702=LINE('',#10959,#10960);
#8703=FILL_AREA_STYLE_COLOUR('',#10961);
#8704=VERTEX_POINT('',#10962);
#8705=LINE('',#10963,#10964);
#8706=VERTEX_POINT('',#10965);
#8707=LINE('',#10966,#10967);
#8708=VERTEX_POINT('',#10968);
#8709=LINE('',#10969,#10970);
#8710=LINE('',#10971,#10972);
#8711=FILL_AREA_STYLE_COLOUR('',#10973);
#8712=LINE('',#10974,#10975);
#8713=LINE('',#10976,#10977);
#8714=FILL_AREA_STYLE_COLOUR('',#10978);
#8715=LINE('',#10979,#10980);
#8716=FILL_AREA_STYLE_COLOUR('',#10981);
#8717=VERTEX_POINT('',#10982);
#8718=LINE('',#10983,#10984);
#8719=LINE('',#10985,#10986);
#8720=FILL_AREA_STYLE_COLOUR('',#10987);
#8721=LINE('',#10988,#10989);
#8722=FILL_AREA_STYLE_COLOUR('',#10990);
#8723=LINE('',#10991,#10992);
#8724=LINE('',#10993,#10994);
#8725=FILL_AREA_STYLE_COLOUR('',#10995);
#8726=VERTEX_POINT('',#10996);
#8727=LINE('',#10997,#10998);
#8728=VERTEX_POINT('',#10999);
#8729=LINE('',#11000,#11001);
#8730=LINE('',#11002,#11003);
#8731=FILL_AREA_STYLE_COLOUR('',#11004);
#8732=VERTEX_POINT('',#11005);
#8733=LINE('',#11006,#11007);
#8734=LINE('',#11008,#11009);
#8735=FILL_AREA_STYLE_COLOUR('',#11010);
#8736=VERTEX_POINT('',#11011);
#8737=LINE('',#11012,#11013);
#8738=LINE('',#11014,#11015);
#8739=LINE('',#11016,#11017);
#8740=VERTEX_POINT('',#11018);
#8741=LINE('',#11019,#11020);
#8742=LINE('',#11021,#11022);
#8743=FILL_AREA_STYLE_COLOUR('',#11023);
#8744=LINE('',#11024,#11025);
#8745=FILL_AREA_STYLE_COLOUR('',#11026);
#8746=LINE('',#11027,#11028);
#8747=FILL_AREA_STYLE_COLOUR('',#11029);
#8748=FILL_AREA_STYLE_COLOUR('',#11030);
#8749=LINE('',#11031,#11032);
#8750=LINE('',#11033,#11034);
#8751=VERTEX_POINT('',#11035);
#8752=LINE('',#11036,#11037);
#8753=VERTEX_POINT('',#11038);
#8754=LINE('',#11039,#11040);
#8755=LINE('',#11041,#11042);
#8756=LINE('',#11043,#11044);
#8757=VERTEX_POINT('',#11045);
#8758=LINE('',#11046,#11047);
#8759=VERTEX_POINT('',#11048);
#8760=LINE('',#11049,#11050);
#8761=VERTEX_POINT('',#11051);
#8762=LINE('',#11052,#11053);
#8763=VERTEX_POINT('',#11054);
#8764=LINE('',#11055,#11056);
#8765=VERTEX_POINT('',#11057);
#8766=LINE('',#11058,#11059);
#8767=LINE('',#11060,#11061);
#8768=LINE('',#11062,#11063);
#8769=FILL_AREA_STYLE_COLOUR('',#11064);
#8770=VERTEX_POINT('',#11065);
#8771=LINE('',#11066,#11067);
#8772=VERTEX_POINT('',#11068);
#8773=LINE('',#11069,#11070);
#8774=LINE('',#11071,#11072);
#8775=FILL_AREA_STYLE_COLOUR('',#11073);
#8776=VERTEX_POINT('',#11074);
#8777=LINE('',#11075,#11076);
#8778=VERTEX_POINT('',#11077);
#8779=LINE('',#11078,#11079);
#8780=LINE('',#11080,#11081);
#8781=FILL_AREA_STYLE_COLOUR('',#11082);
#8782=VERTEX_POINT('',#11083);
#8783=LINE('',#11084,#11085);
#8784=VERTEX_POINT('',#11086);
#8785=LINE('',#11087,#11088);
#8786=LINE('',#11089,#11090);
#8787=FILL_AREA_STYLE_COLOUR('',#11091);
#8788=VERTEX_POINT('',#11092);
#8789=VERTEX_POINT('',#11093);
#8790=LINE('',#11094,#11095);
#8791=LINE('',#11096,#11097);
#8792=LINE('',#11098,#11099);
#8793=FILL_AREA_STYLE_COLOUR('',#11100);
#8794=LINE('',#11101,#11102);
#8795=LINE('',#11103,#11104);
#8796=LINE('',#11105,#11106);
#8797=LINE('',#11107,#11108);
#8798=FILL_AREA_STYLE_COLOUR('',#11109);
#8799=VERTEX_POINT('',#11110);
#8800=LINE('',#11111,#11112);
#8801=CIRCLE('',#11113,1.45);
#8802=LINE('',#11114,#11115);
#8803=CIRCLE('',#11116,1.45);
#8804=FILL_AREA_STYLE_COLOUR('',#11117);
#8805=VERTEX_POINT('',#11118);
#8806=VERTEX_POINT('',#11119);
#8807=LINE('',#11120,#11121);
#8808=VERTEX_POINT('',#11122);
#8809=LINE('',#11123,#11124);
#8810=VERTEX_POINT('',#11125);
#8811=LINE('',#11126,#11127);
#8812=LINE('',#11128,#11129);
#8813=FILL_AREA_STYLE_COLOUR('',#11130);
#8814=LINE('',#11131,#11132);
#8815=FILL_AREA_STYLE_COLOUR('',#11133);
#8816=VERTEX_POINT('',#11134);
#8817=LINE('',#11135,#11136);
#8818=VERTEX_POINT('',#11137);
#8819=LINE('',#11138,#11139);
#8820=VERTEX_POINT('',#11140);
#8821=LINE('',#11141,#11142);
#8822=LINE('',#11143,#11144);
#8823=FILL_AREA_STYLE_COLOUR('',#11145);
#8824=LINE('',#11146,#11147);
#8825=LINE('',#11148,#11149);
#8826=FILL_AREA_STYLE_COLOUR('',#11150);
#8827=LINE('',#11151,#11152);
#8828=FILL_AREA_STYLE_COLOUR('',#11153);
#8829=VERTEX_POINT('',#11154);
#8830=LINE('',#11155,#11156);
#8831=LINE('',#11157,#11158);
#8832=FILL_AREA_STYLE_COLOUR('',#11159);
#8833=VERTEX_POINT('',#11160);
#8834=LINE('',#11161,#11162);
#8835=VERTEX_POINT('',#11163);
#8836=LINE('',#11164,#11165);
#8837=LINE('',#11166,#11167);
#8838=FILL_AREA_STYLE_COLOUR('',#11168);
#8839=LINE('',#11169,#11170);
#8840=FILL_AREA_STYLE_COLOUR('',#11171);
#8841=VERTEX_POINT('',#11172);
#8842=VERTEX_POINT('',#11173);
#8843=LINE('',#11174,#11175);
#8844=LINE('',#11176,#11177);
#8845=LINE('',#11178,#11179);
#8846=LINE('',#11180,#11181);
#8847=LINE('',#11182,#11183);
#8848=VERTEX_POINT('',#11184);
#8849=LINE('',#11185,#11186);
#8850=VERTEX_POINT('',#11187);
#8851=LINE('',#11188,#11189);
#8852=LINE('',#11190,#11191);
#8853=FILL_AREA_STYLE_COLOUR('',#11192);
#8854=VERTEX_POINT('',#11193);
#8855=LINE('',#11194,#11195);
#8856=CIRCLE('',#11196,1.45);
#8857=CIRCLE('',#11197,1.45);
#8858=FILL_AREA_STYLE_COLOUR('',#11198);
#8859=VERTEX_POINT('',#11199);
#8860=VERTEX_POINT('',#11200);
#8861=LINE('',#11201,#11202);
#8862=VERTEX_POINT('',#11203);
#8863=LINE('',#11204,#11205);
#8864=VERTEX_POINT('',#11206);
#8865=LINE('',#11207,#11208);
#8866=LINE('',#11209,#11210);
#8867=FILL_AREA_STYLE_COLOUR('',#11211);
#8868=LINE('',#11212,#11213);
#8869=LINE('',#11214,#11215);
#8870=LINE('',#11216,#11217);
#8871=FILL_AREA_STYLE_COLOUR('',#11218);
#8872=VERTEX_POINT('',#11219);
#8873=LINE('',#11220,#11221);
#8874=VERTEX_POINT('',#11222);
#8875=LINE('',#11223,#11224);
#8876=LINE('',#11225,#11226);
#8877=FILL_AREA_STYLE_COLOUR('',#11227);
#8878=FILL_AREA_STYLE_COLOUR('',#11228);
#8879=LINE('',#11229,#11230);
#8880=FILL_AREA_STYLE_COLOUR('',#11231);
#8881=LINE('',#11232,#11233);
#8882=LINE('',#11234,#11235);
#8883=VERTEX_POINT('',#11236);
#8884=LINE('',#11237,#11238);
#8885=VERTEX_POINT('',#11239);
#8886=LINE('',#11240,#11241);
#8887=LINE('',#11242,#11243);
#8888=LINE('',#11244,#11245);
#8889=LINE('',#11246,#11247);
#8890=VERTEX_POINT('',#11248);
#8891=LINE('',#11249,#11250);
#8892=LINE('',#11251,#11252);
#8893=FILL_AREA_STYLE_COLOUR('',#11253);
#8894=FILL_AREA_STYLE_COLOUR('',#11254);
#8895=LINE('',#11255,#11256);
#8896=FILL_AREA_STYLE_COLOUR('',#11257);
#8897=VERTEX_POINT('',#11258);
#8898=LINE('',#11259,#11260);
#8899=LINE('',#11261,#11262);
#8900=FILL_AREA_STYLE_COLOUR('',#11263);
#8901=LINE('',#11264,#11265);
#8902=FILL_AREA_STYLE_COLOUR('',#11266);
#8903=FILL_AREA_STYLE_COLOUR('',#11267);
#8904=FILL_AREA_STYLE_COLOUR('',#11268);
#8905=LINE('',#11269,#11270);
#8906=CIRCLE('',#11271,1.45);
#8907=FILL_AREA_STYLE_COLOUR('',#11272);
#8908=FILL_AREA_STYLE_COLOUR('',#11273);
#8909=VERTEX_POINT('',#11274);
#8910=LINE('',#11275,#11276);
#8911=VERTEX_POINT('',#11277);
#8912=LINE('',#11278,#11279);
#8913=LINE('',#11280,#11281);
#8914=FILL_AREA_STYLE_COLOUR('',#11282);
#8915=LINE('',#11283,#11284);
#8916=LINE('',#11285,#11286);
#8917=FILL_AREA_STYLE_COLOUR('',#11287);
#8918=FILL_AREA_STYLE_COLOUR('',#11288);
#8919=FILL_AREA_STYLE_COLOUR('',#11289);
#8920=VERTEX_POINT('',#11290);
#8921=LINE('',#11291,#11292);
#8922=LINE('',#11293,#11294);
#8923=FILL_AREA_STYLE_COLOUR('',#11295);
#8924=VERTEX_POINT('',#11296);
#8925=LINE('',#11297,#11298);
#8926=VERTEX_POINT('',#11299);
#8927=LINE('',#11300,#11301);
#8928=LINE('',#11302,#11303);
#8929=FILL_AREA_STYLE_COLOUR('',#11304);
#8930=VERTEX_POINT('',#11305);
#8931=LINE('',#11306,#11307);
#8932=LINE('',#11308,#11309);
#8933=FILL_AREA_STYLE_COLOUR('',#11310);
#8934=FILL_AREA_STYLE_COLOUR('',#11311);
#8935=LINE('',#11312,#11313);
#8936=FILL_AREA_STYLE_COLOUR('',#11314);
#8937=VERTEX_POINT('',#11315);
#8938=LINE('',#11316,#11317);
#8939=LINE('',#11318,#11319);
#8940=FILL_AREA_STYLE_COLOUR('',#11320);
#8941=LINE('',#11321,#11322);
#8942=FILL_AREA_STYLE_COLOUR('',#11323);
#8943=FILL_AREA_STYLE_COLOUR('',#11324);
#8944=VERTEX_POINT('',#11325);
#8945=VERTEX_POINT('',#11326);
#8946=LINE('',#11327,#11328);
#8947=LINE('',#11329,#11330);
#8948=LINE('',#11331,#11332);
#8949=FILL_AREA_STYLE_COLOUR('',#11333);
#8950=LINE('',#11334,#11335);
#8951=FILL_AREA_STYLE_COLOUR('',#11336);
#8952=LINE('',#11337,#11338);
#8953=FILL_AREA_STYLE_COLOUR('',#11339);
#8954=FILL_AREA_STYLE_COLOUR('',#11340);
#8955=FILL_AREA_STYLE_COLOUR('',#11341);
#8956=FILL_AREA_STYLE_COLOUR('',#11342);
#8957=FILL_AREA_STYLE_COLOUR('',#11343);
#8958=FILL_AREA_STYLE_COLOUR('',#11344);
#8959=FILL_AREA_STYLE_COLOUR('',#11345);
#8960=LINE('',#11346,#11347);
#8961=FILL_AREA_STYLE_COLOUR('',#11348);
#8962=FILL_AREA_STYLE_COLOUR('',#11349);
#8963=FILL_AREA_STYLE_COLOUR('',#11350);
#8964=FILL_AREA_STYLE_COLOUR('',#11351);
#8965=VERTEX_POINT('',#11352);
#8966=VERTEX_POINT('',#11353);
#8967=LINE('',#11354,#11355);
#8968=VERTEX_POINT('',#11356);
#8969=CIRCLE('',#11357,1.45);
#8970=VERTEX_POINT('',#11358);
#8971=LINE('',#11359,#11360);
#8972=VERTEX_POINT('',#11361);
#8973=CIRCLE('',#11362,1.45);
#8974=VERTEX_POINT('',#11363);
#8975=LINE('',#11364,#11365);
#8976=CIRCLE('',#11366,1.45);
#8977=FILL_AREA_STYLE_COLOUR('',#11367);
#8978=VERTEX_POINT('',#11368);
#8979=CIRCLE('',#11369,1.45);
#8980=LINE('',#11370,#11371);
#8981=FILL_AREA_STYLE_COLOUR('',#11372);
#8982=VERTEX_POINT('',#11373);
#8983=LINE('',#11374,#11375);
#8984=LINE('',#11376,#11377);
#8985=FILL_AREA_STYLE_COLOUR('',#11378);
#8986=VERTEX_POINT('',#11379);
#8987=CIRCLE('',#11380,1.45);
#8988=LINE('',#11381,#11382);
#8989=FILL_AREA_STYLE_COLOUR('',#11383);
#8990=VERTEX_POINT('',#11384);
#8991=CIRCLE('',#11385,1.45);
#8992=LINE('',#11386,#11387);
#8993=FILL_AREA_STYLE_COLOUR('',#11388);
#8994=VERTEX_POINT('',#11389);
#8995=VERTEX_POINT('',#11390);
#8996=LINE('',#11391,#11392);
#8997=VERTEX_POINT('',#11393);
#8998=LINE('',#11394,#11395);
#8999=VERTEX_POINT('',#11396);
#9000=LINE('',#11397,#11398);
#9001=VERTEX_POINT('',#11399);
#9002=LINE('',#11400,#11401);
#9003=VERTEX_POINT('',#11402);
#9004=LINE('',#11403,#11404);
#9005=VERTEX_POINT('',#11405);
#9006=LINE('',#11406,#11407);
#9007=VERTEX_POINT('',#11408);
#9008=LINE('',#11409,#11410);
#9009=VERTEX_POINT('',#11411);
#9010=LINE('',#11412,#11413);
#9011=VERTEX_POINT('',#11414);
#9012=LINE('',#11415,#11416);
#9013=VERTEX_POINT('',#11417);
#9014=LINE('',#11418,#11419);
#9015=VERTEX_POINT('',#11420);
#9016=LINE('',#11421,#11422);
#9017=LINE('',#11423,#11424);
#9018=VERTEX_POINT('',#11425);
#9019=LINE('',#11426,#11427);
#9020=VERTEX_POINT('',#11428);
#9021=LINE('',#11429,#11430);
#9022=VERTEX_POINT('',#11431);
#9023=LINE('',#11432,#11433);
#9024=VERTEX_POINT('',#11434);
#9025=LINE('',#11435,#11436);
#9026=VERTEX_POINT('',#11437);
#9027=LINE('',#11438,#11439);
#9028=VERTEX_POINT('',#11440);
#9029=LINE('',#11441,#11442);
#9030=VERTEX_POINT('',#11443);
#9031=LINE('',#11444,#11445);
#9032=VERTEX_POINT('',#11446);
#9033=LINE('',#11447,#11448);
#9034=VERTEX_POINT('',#11449);
#9035=LINE('',#11450,#11451);
#9036=VERTEX_POINT('',#11452);
#9037=LINE('',#11453,#11454);
#9038=VERTEX_POINT('',#11455);
#9039=LINE('',#11456,#11457);
#9040=VERTEX_POINT('',#11458);
#9041=LINE('',#11459,#11460);
#9042=VERTEX_POINT('',#11461);
#9043=LINE('',#11462,#11463);
#9044=VERTEX_POINT('',#11464);
#9045=LINE('',#11465,#11466);
#9046=VERTEX_POINT('',#11467);
#9047=LINE('',#11468,#11469);
#9048=VERTEX_POINT('',#11470);
#9049=LINE('',#11471,#11472);
#9050=VERTEX_POINT('',#11473);
#9051=LINE('',#11474,#11475);
#9052=LINE('',#11476,#11477);
#9053=FILL_AREA_STYLE_COLOUR('',#11478);
#9054=VERTEX_POINT('',#11479);
#9055=LINE('',#11480,#11481);
#9056=VERTEX_POINT('',#11482);
#9057=LINE('',#11483,#11484);
#9058=VERTEX_POINT('',#11485);
#9059=LINE('',#11486,#11487);
#9060=LINE('',#11488,#11489);
#9061=VERTEX_POINT('',#11490);
#9062=LINE('',#11491,#11492);
#9063=LINE('',#11493,#11494);
#9064=FILL_AREA_STYLE_COLOUR('',#11495);
#9065=VERTEX_POINT('',#11496);
#9066=VERTEX_POINT('',#11497);
#9067=LINE('',#11498,#11499);
#9068=LINE('',#11500,#11501);
#9069=LINE('',#11502,#11503);
#9070=FILL_AREA_STYLE_COLOUR('',#11504);
#9071=VERTEX_POINT('',#11505);
#9072=LINE('',#11506,#11507);
#9073=VERTEX_POINT('',#11508);
#9074=LINE('',#11509,#11510);
#9075=VERTEX_POINT('',#11511);
#9076=LINE('',#11512,#11513);
#9077=LINE('',#11514,#11515);
#9078=FILL_AREA_STYLE_COLOUR('',#11516);
#9079=VERTEX_POINT('',#11517);
#9080=VERTEX_POINT('',#11518);
#9081=LINE('',#11519,#11520);
#9082=LINE('',#11521,#11522);
#9083=LINE('',#11523,#11524);
#9084=FILL_AREA_STYLE_COLOUR('',#11525);
#9085=VERTEX_POINT('',#11526);
#9086=LINE('',#11527,#11528);
#9087=LINE('',#11529,#11530);
#9088=FILL_AREA_STYLE_COLOUR('',#11531);
#9089=VERTEX_POINT('',#11532);
#9090=LINE('',#11533,#11534);
#9091=VERTEX_POINT('',#11535);
#9092=LINE('',#11536,#11537);
#9093=LINE('',#11538,#11539);
#9094=FILL_AREA_STYLE_COLOUR('',#11540);
#9095=VERTEX_POINT('',#11541);
#9096=LINE('',#11542,#11543);
#9097=VERTEX_POINT('',#11544);
#9098=LINE('',#11545,#11546);
#9099=LINE('',#11547,#11548);
#9100=FILL_AREA_STYLE_COLOUR('',#11549);
#9101=VERTEX_POINT('',#11550);
#9102=LINE('',#11551,#11552);
#9103=VERTEX_POINT('',#11553);
#9104=LINE('',#11554,#11555);
#9105=LINE('',#11556,#11557);
#9106=FILL_AREA_STYLE_COLOUR('',#11558);
#9107=LINE('',#11559,#11560);
#9108=VERTEX_POINT('',#11561);
#9109=LINE('',#11562,#11563);
#9110=LINE('',#11564,#11565);
#9111=FILL_AREA_STYLE_COLOUR('',#11566);
#9112=VERTEX_POINT('',#11567);
#9113=LINE('',#11568,#11569);
#9114=LINE('',#11570,#11571);
#9115=FILL_AREA_STYLE_COLOUR('',#11572);
#9116=VERTEX_POINT('',#11573);
#9117=LINE('',#11574,#11575);
#9118=LINE('',#11576,#11577);
#9119=FILL_AREA_STYLE_COLOUR('',#11578);
#9120=LINE('',#11579,#11580);
#9121=FILL_AREA_STYLE_COLOUR('',#11581);
#9122=VERTEX_POINT('',#11582);
#9123=LINE('',#11583,#11584);
#9124=VERTEX_POINT('',#11585);
#9125=LINE('',#11586,#11587);
#9126=LINE('',#11588,#11589);
#9127=FILL_AREA_STYLE_COLOUR('',#11590);
#9128=VERTEX_POINT('',#11591);
#9129=LINE('',#11592,#11593);
#9130=LINE('',#11594,#11595);
#9131=FILL_AREA_STYLE_COLOUR('',#11596);
#9132=VERTEX_POINT('',#11597);
#9133=VERTEX_POINT('',#11598);
#9134=LINE('',#11599,#11600);
#9135=VERTEX_POINT('',#11601);
#9136=LINE('',#11602,#11603);
#9137=VERTEX_POINT('',#11604);
#9138=LINE('',#11605,#11606);
#9139=LINE('',#11607,#11608);
#9140=FILL_AREA_STYLE_COLOUR('',#11609);
#9141=VERTEX_POINT('',#11610);
#9142=LINE('',#11611,#11612);
#9143=LINE('',#11613,#11614);
#9144=FILL_AREA_STYLE_COLOUR('',#11615);
#9145=LINE('',#11616,#11617);
#9146=LINE('',#11618,#11619);
#9147=FILL_AREA_STYLE_COLOUR('',#11620);
#9148=LINE('',#11621,#11622);
#9149=FILL_AREA_STYLE_COLOUR('',#11623);
#9150=FILL_AREA_STYLE_COLOUR('',#11624);
#9151=VERTEX_POINT('',#11625);
#9152=LINE('',#11626,#11627);
#9153=VERTEX_POINT('',#11628);
#9154=LINE('',#11629,#11630);
#9155=LINE('',#11631,#11632);
#9156=FILL_AREA_STYLE_COLOUR('',#11633);
#9157=VERTEX_POINT('',#11634);
#9158=LINE('',#11635,#11636);
#9159=VERTEX_POINT('',#11637);
#9160=LINE('',#11638,#11639);
#9161=LINE('',#11640,#11641);
#9162=FILL_AREA_STYLE_COLOUR('',#11642);
#9163=VERTEX_POINT('',#11643);
#9164=LINE('',#11644,#11645);
#9165=LINE('',#11646,#11647);
#9166=LINE('',#11648,#11649);
#9167=LINE('',#11650,#11651);
#9168=FILL_AREA_STYLE_COLOUR('',#11652);
#9169=LINE('',#11653,#11654);
#9170=LINE('',#11655,#11656);
#9171=FILL_AREA_STYLE_COLOUR('',#11657);
#9172=FILL_AREA_STYLE_COLOUR('',#11658);
#9173=FILL_AREA_STYLE_COLOUR('',#11659);
#9174=VERTEX_POINT('',#11660);
#9175=LINE('',#11661,#11662);
#9176=LINE('',#11663,#11664);
#9177=FILL_AREA_STYLE_COLOUR('',#11665);
#9178=LINE('',#11666,#11667);
#9179=FILL_AREA_STYLE_COLOUR('',#11668);
#9180=FILL_AREA_STYLE_COLOUR('',#11669);
#9181=LINE('',#11670,#11671);
#9182=FILL_AREA_STYLE_COLOUR('',#11672);
#9183=LINE('',#11673,#11674);
#9184=FILL_AREA_STYLE_COLOUR('',#11675);
#9185=FILL_AREA_STYLE_COLOUR('',#11676);
#9186=LINE('',#11677,#11678);
#9187=LINE('',#11679,#11680);
#9188=FILL_AREA_STYLE_COLOUR('',#11681);
#9189=FILL_AREA_STYLE_COLOUR('',#11682);
#9190=FILL_AREA_STYLE_COLOUR('',#11683);
#9191=VERTEX_POINT('',#11684);
#9192=VERTEX_POINT('',#11685);
#9193=LINE('',#11686,#11687);
#9194=VERTEX_POINT('',#11688);
#9195=CIRCLE('',#11689,1.45);
#9196=VERTEX_POINT('',#11690);
#9197=LINE('',#11691,#11692);
#9198=VERTEX_POINT('',#11693);
#9199=CIRCLE('',#11694,1.45);
#9200=VERTEX_POINT('',#11695);
#9201=LINE('',#11696,#11697);
#9202=CIRCLE('',#11698,1.45);
#9203=FILL_AREA_STYLE_COLOUR('',#11699);
#9204=VERTEX_POINT('',#11700);
#9205=VERTEX_POINT('',#11701);
#9206=LINE('',#11702,#11703);
#9207=VERTEX_POINT('',#11704);
#9208=LINE('',#11705,#11706);
#9209=VERTEX_POINT('',#11707);
#9210=LINE('',#11708,#11709);
#9211=VERTEX_POINT('',#11710);
#9212=LINE('',#11711,#11712);
#9213=LINE('',#11713,#11714);
#9214=FILL_AREA_STYLE_COLOUR('',#11715);
#9215=VERTEX_POINT('',#11716);
#9216=VERTEX_POINT('',#11717);
#9217=LINE('',#11718,#11719);
#9218=VERTEX_POINT('',#11720);
#9219=LINE('',#11721,#11722);
#9220=VERTEX_POINT('',#11723);
#9221=LINE('',#11724,#11725);
#9222=LINE('',#11726,#11727);
#9223=FILL_AREA_STYLE_COLOUR('',#11728);
#9224=VERTEX_POINT('',#11729);
#9225=VERTEX_POINT('',#11730);
#9226=LINE('',#11731,#11732);
#9227=VERTEX_POINT('',#11733);
#9228=LINE('',#11734,#11735);
#9229=VERTEX_POINT('',#11736);
#9230=LINE('',#11737,#11738);
#9231=VERTEX_POINT('',#11739);
#9232=LINE('',#11740,#11741);
#9233=VERTEX_POINT('',#11742);
#9234=LINE('',#11743,#11744);
#9235=VERTEX_POINT('',#11745);
#9236=LINE('',#11746,#11747);
#9237=VERTEX_POINT('',#11748);
#9238=LINE('',#11749,#11750);
#9239=LINE('',#11751,#11752);
#9240=FILL_AREA_STYLE_COLOUR('',#11753);
#9241=VERTEX_POINT('',#11754);
#9242=LINE('',#11755,#11756);
#9243=VERTEX_POINT('',#11757);
#9244=LINE('',#11758,#11759);
#9245=LINE('',#11760,#11761);
#9246=FILL_AREA_STYLE_COLOUR('',#11762);
#9247=VERTEX_POINT('',#11763);
#9248=VERTEX_POINT('',#11764);
#9249=LINE('',#11765,#11766);
#9250=VERTEX_POINT('',#11767);
#9251=LINE('',#11768,#11769);
#9252=VERTEX_POINT('',#11770);
#9253=LINE('',#11771,#11772);
#9254=VERTEX_POINT('',#11773);
#9255=LINE('',#11774,#11775);
#9256=LINE('',#11776,#11777);
#9257=FILL_AREA_STYLE_COLOUR('',#11778);
#9258=VERTEX_POINT('',#11779);
#9259=CIRCLE('',#11780,1.45);
#9260=VERTEX_POINT('',#11781);
#9261=LINE('',#11782,#11783);
#9262=VERTEX_POINT('',#11784);
#9263=CIRCLE('',#11785,1.45);
#9264=VERTEX_POINT('',#11786);
#9265=LINE('',#11787,#11788);
#9266=CIRCLE('',#11789,1.45);
#9267=FILL_AREA_STYLE_COLOUR('',#11790);
#9268=VERTEX_POINT('',#11791);
#9269=VERTEX_POINT('',#11792);
#9270=LINE('',#11793,#11794);
#9271=VERTEX_POINT('',#11795);
#9272=LINE('',#11796,#11797);
#9273=VERTEX_POINT('',#11798);
#9274=LINE('',#11799,#11800);
#9275=LINE('',#11801,#11802);
#9276=FILL_AREA_STYLE_COLOUR('',#11803);
#9277=VERTEX_POINT('',#11804);
#9278=VERTEX_POINT('',#11805);
#9279=LINE('',#11806,#11807);
#9280=VERTEX_POINT('',#11808);
#9281=LINE('',#11809,#11810);
#9282=VERTEX_POINT('',#11811);
#9283=LINE('',#11812,#11813);
#9284=LINE('',#11814,#11815);
#9285=FILL_AREA_STYLE_COLOUR('',#11816);
#9286=VERTEX_POINT('',#11817);
#9287=VERTEX_POINT('',#11818);
#9288=LINE('',#11819,#11820);
#9289=LINE('',#11821,#11822);
#9290=VERTEX_POINT('',#11823);
#9291=LINE('',#11824,#11825);
#9292=LINE('',#11826,#11827);
#9293=FILL_AREA_STYLE_COLOUR('',#11828);
#9294=VERTEX_POINT('',#11829);
#9295=LINE('',#11830,#11831);
#9296=VERTEX_POINT('',#11832);
#9297=LINE('',#11833,#11834);
#9298=LINE('',#11835,#11836);
#9299=FILL_AREA_STYLE_COLOUR('',#11837);
#9300=VERTEX_POINT('',#11838);
#9301=VERTEX_POINT('',#11839);
#9302=LINE('',#11840,#11841);
#9303=VERTEX_POINT('',#11842);
#9304=LINE('',#11843,#11844);
#9305=VERTEX_POINT('',#11845);
#9306=LINE('',#11846,#11847);
#9307=LINE('',#11848,#11849);
#9308=FILL_AREA_STYLE_COLOUR('',#11850);
#9309=LINE('',#11851,#11852);
#9310=LINE('',#11853,#11854);
#9311=FILL_AREA_STYLE_COLOUR('',#11855);
#9312=VERTEX_POINT('',#11856);
#9313=LINE('',#11857,#11858);
#9314=VERTEX_POINT('',#11859);
#9315=LINE('',#11860,#11861);
#9316=LINE('',#11862,#11863);
#9317=FILL_AREA_STYLE_COLOUR('',#11864);
#9318=VERTEX_POINT('',#11865);
#9319=VERTEX_POINT('',#11866);
#9320=LINE('',#11867,#11868);
#9321=LINE('',#11869,#11870);
#9322=VERTEX_POINT('',#11871);
#9323=LINE('',#11872,#11873);
#9324=LINE('',#11874,#11875);
#9325=FILL_AREA_STYLE_COLOUR('',#11876);
#9326=VERTEX_POINT('',#11877);
#9327=VERTEX_POINT('',#11878);
#9328=LINE('',#11879,#11880);
#9329=LINE('',#11881,#11882);
#9330=VERTEX_POINT('',#11883);
#9331=LINE('',#11884,#11885);
#9332=VERTEX_POINT('',#11886);
#9333=LINE('',#11887,#11888);
#9334=LINE('',#11889,#11890);
#9335=FILL_AREA_STYLE_COLOUR('',#11891);
#9336=VERTEX_POINT('',#11892);
#9337=LINE('',#11893,#11894);
#9338=VERTEX_POINT('',#11895);
#9339=LINE('',#11896,#11897);
#9340=LINE('',#11898,#11899);
#9341=FILL_AREA_STYLE_COLOUR('',#11900);
#9342=LINE('',#11901,#11902);
#9343=LINE('',#11903,#11904);
#9344=FILL_AREA_STYLE_COLOUR('',#11905);
#9345=VERTEX_POINT('',#11906);
#9346=LINE('',#11907,#11908);
#9347=VERTEX_POINT('',#11909);
#9348=LINE('',#11910,#11911);
#9349=LINE('',#11912,#11913);
#9350=FILL_AREA_STYLE_COLOUR('',#11914);
#9351=VERTEX_POINT('',#11915);
#9352=LINE('',#11916,#11917);
#9353=LINE('',#11918,#11919);
#9354=VERTEX_POINT('',#11920);
#9355=LINE('',#11921,#11922);
#9356=VERTEX_POINT('',#11923);
#9357=LINE('',#11924,#11925);
#9358=VERTEX_POINT('',#11926);
#9359=LINE('',#11927,#11928);
#9360=LINE('',#11929,#11930);
#9361=FILL_AREA_STYLE_COLOUR('',#11931);
#9362=VERTEX_POINT('',#11932);
#9363=LINE('',#11933,#11934);
#9364=VERTEX_POINT('',#11935);
#9365=LINE('',#11936,#11937);
#9366=LINE('',#11938,#11939);
#9367=FILL_AREA_STYLE_COLOUR('',#11940);
#9368=LINE('',#11941,#11942);
#9369=FILL_AREA_STYLE_COLOUR('',#11943);
#9370=VERTEX_POINT('',#11944);
#9371=LINE('',#11945,#11946);
#9372=VERTEX_POINT('',#11947);
#9373=LINE('',#11948,#11949);
#9374=LINE('',#11950,#11951);
#9375=FILL_AREA_STYLE_COLOUR('',#11952);
#9376=LINE('',#11953,#11954);
#9377=LINE('',#11955,#11956);
#9378=FILL_AREA_STYLE_COLOUR('',#11957);
#9379=LINE('',#11958,#11959);
#9380=LINE('',#11960,#11961);
#9381=FILL_AREA_STYLE_COLOUR('',#11962);
#9382=LINE('',#11963,#11964);
#9383=FILL_AREA_STYLE_COLOUR('',#11965);
#9384=LINE('',#11966,#11967);
#9385=FILL_AREA_STYLE_COLOUR('',#11968);
#9386=LINE('',#11969,#11970);
#9387=FILL_AREA_STYLE_COLOUR('',#11971);
#9388=FILL_AREA_STYLE_COLOUR('',#11972);
#9389=LINE('',#11973,#11974);
#9390=VERTEX_POINT('',#11975);
#9391=LINE('',#11976,#11977);
#9392=LINE('',#11978,#11979);
#9393=FILL_AREA_STYLE_COLOUR('',#11980);
#9394=LINE('',#11981,#11982);
#9395=VERTEX_POINT('',#11983);
#9396=LINE('',#11984,#11985);
#9397=LINE('',#11986,#11987);
#9398=FILL_AREA_STYLE_COLOUR('',#11988);
#9399=LINE('',#11989,#11990);
#9400=LINE('',#11991,#11992);
#9401=FILL_AREA_STYLE_COLOUR('',#11993);
#9402=LINE('',#11994,#11995);
#9403=LINE('',#11996,#11997);
#9404=FILL_AREA_STYLE_COLOUR('',#11998);
#9405=LINE('',#11999,#12000);
#9406=LINE('',#12001,#12002);
#9407=LINE('',#12003,#12004);
#9408=LINE('',#12005,#12006);
#9409=FILL_AREA_STYLE_COLOUR('',#12007);
#9410=FILL_AREA_STYLE_COLOUR('',#12008);
#9411=FILL_AREA_STYLE_COLOUR('',#12009);
#9412=LINE('',#12010,#12011);
#9413=FILL_AREA_STYLE_COLOUR('',#12012);
#9414=FILL_AREA_STYLE_COLOUR('',#12013);
#9415=FILL_AREA_STYLE_COLOUR('',#12014);
#9416=FILL_AREA_STYLE_COLOUR('',#12015);
#9417=VERTEX_POINT('',#12016);
#9418=VERTEX_POINT('',#12017);
#9419=LINE('',#12018,#12019);
#9420=VERTEX_POINT('',#12020);
#9421=CIRCLE('',#12021,1.45);
#9422=VERTEX_POINT('',#12022);
#9423=LINE('',#12023,#12024);
#9424=VERTEX_POINT('',#12025);
#9425=CIRCLE('',#12026,1.45);
#9426=VERTEX_POINT('',#12027);
#9427=LINE('',#12028,#12029);
#9428=VERTEX_POINT('',#12030);
#9429=CIRCLE('',#12031,1.45);
#9430=VERTEX_POINT('',#12032);
#9431=LINE('',#12033,#12034);
#9432=CIRCLE('',#12035,1.45);
#9433=FILL_AREA_STYLE_COLOUR('',#12036);
#9434=VERTEX_POINT('',#12037);
#9435=VERTEX_POINT('',#12038);
#9436=LINE('',#12039,#12040);
#9437=VERTEX_POINT('',#12041);
#9438=CIRCLE('',#12042,1.45);
#9439=VERTEX_POINT('',#12043);
#9440=LINE('',#12044,#12045);
#9441=VERTEX_POINT('',#12046);
#9442=CIRCLE('',#12047,1.45);
#9443=VERTEX_POINT('',#12048);
#9444=LINE('',#12049,#12050);
#9445=CIRCLE('',#12051,1.45);
#9446=FILL_AREA_STYLE_COLOUR('',#12052);
#9447=VERTEX_POINT('',#12053);
#9448=VERTEX_POINT('',#12054);
#9449=LINE('',#12055,#12056);
#9450=VERTEX_POINT('',#12057);
#9451=CIRCLE('',#12058,1.45);
#9452=VERTEX_POINT('',#12059);
#9453=LINE('',#12060,#12061);
#9454=VERTEX_POINT('',#12062);
#9455=CIRCLE('',#12063,1.45);
#9456=VERTEX_POINT('',#12064);
#9457=LINE('',#12065,#12066);
#9458=CIRCLE('',#12067,1.45);
#9459=FILL_AREA_STYLE_COLOUR('',#12068);
#9460=VERTEX_POINT('',#12069);
#9461=VERTEX_POINT('',#12070);
#9462=LINE('',#12071,#12072);
#9463=VERTEX_POINT('',#12073);
#9464=LINE('',#12074,#12075);
#9465=VERTEX_POINT('',#12076);
#9466=LINE('',#12077,#12078);
#9467=VERTEX_POINT('',#12079);
#9468=LINE('',#12080,#12081);
#9469=LINE('',#12082,#12083);
#9470=FILL_AREA_STYLE_COLOUR('',#12084);
#9471=VERTEX_POINT('',#12085);
#9472=LINE('',#12086,#12087);
#9473=VERTEX_POINT('',#12088);
#9474=LINE('',#12089,#12090);
#9475=LINE('',#12091,#12092);
#9476=FILL_AREA_STYLE_COLOUR('',#12093);
#9477=VERTEX_POINT('',#12094);
#9478=VERTEX_POINT('',#12095);
#9479=LINE('',#12096,#12097);
#9480=VERTEX_POINT('',#12098);
#9481=LINE('',#12099,#12100);
#9482=VERTEX_POINT('',#12101);
#9483=LINE('',#12102,#12103);
#9484=LINE('',#12104,#12105);
#9485=FILL_AREA_STYLE_COLOUR('',#12106);
#9486=VERTEX_POINT('',#12107);
#9487=CIRCLE('',#12108,1.45);
#9488=LINE('',#12109,#12110);
#9489=FILL_AREA_STYLE_COLOUR('',#12111);
#9490=VERTEX_POINT('',#12112);
#9491=VERTEX_POINT('',#12113);
#9492=LINE('',#12114,#12115);
#9493=VERTEX_POINT('',#12116);
#9494=LINE('',#12117,#12118);
#9495=VERTEX_POINT('',#12119);
#9496=LINE('',#12120,#12121);
#9497=LINE('',#12122,#12123);
#9498=FILL_AREA_STYLE_COLOUR('',#12124);
#9499=VERTEX_POINT('',#12125);
#9500=VERTEX_POINT('',#12126);
#9501=LINE('',#12127,#12128);
#9502=VERTEX_POINT('',#12129);
#9503=LINE('',#12130,#12131);
#9504=VERTEX_POINT('',#12132);
#9505=LINE('',#12133,#12134);
#9506=LINE('',#12135,#12136);
#9507=FILL_AREA_STYLE_COLOUR('',#12137);
#9508=VERTEX_POINT('',#12138);
#9509=LINE('',#12139,#12140);
#9510=VERTEX_POINT('',#12141);
#9511=LINE('',#12142,#12143);
#9512=LINE('',#12144,#12145);
#9513=FILL_AREA_STYLE_COLOUR('',#12146);
#9514=VERTEX_POINT('',#12147);
#9515=VERTEX_POINT('',#12148);
#9516=LINE('',#12149,#12150);
#9517=VERTEX_POINT('',#12151);
#9518=LINE('',#12152,#12153);
#9519=VERTEX_POINT('',#12154);
#9520=LINE('',#12155,#12156);
#9521=VERTEX_POINT('',#12157);
#9522=LINE('',#12158,#12159);
#9523=VERTEX_POINT('',#12160);
#9524=LINE('',#12161,#12162);
#9525=VERTEX_POINT('',#12163);
#9526=LINE('',#12164,#12165);
#9527=VERTEX_POINT('',#12166);
#9528=LINE('',#12167,#12168);
#9529=VERTEX_POINT('',#12169);
#9530=LINE('',#12170,#12171);
#9531=VERTEX_POINT('',#12172);
#9532=LINE('',#12173,#12174);
#9533=VERTEX_POINT('',#12175);
#9534=LINE('',#12176,#12177);
#9535=VERTEX_POINT('',#12178);
#9536=LINE('',#12179,#12180);
#9537=LINE('',#12181,#12182);
#9538=VERTEX_POINT('',#12183);
#9539=VERTEX_POINT('',#12184);
#9540=LINE('',#12185,#12186);
#9541=VERTEX_POINT('',#12187);
#9542=LINE('',#12188,#12189);
#9543=VERTEX_POINT('',#12190);
#9544=LINE('',#12191,#12192);
#9545=LINE('',#12193,#12194);
#9546=FILL_AREA_STYLE_COLOUR('',#12195);
#9547=VERTEX_POINT('',#12196);
#9548=VERTEX_POINT('',#12197);
#9549=LINE('',#12198,#12199);
#9550=VERTEX_POINT('',#12200);
#9551=LINE('',#12201,#12202);
#9552=VERTEX_POINT('',#12203);
#9553=LINE('',#12204,#12205);
#9554=LINE('',#12206,#12207);
#9555=FILL_AREA_STYLE_COLOUR('',#12208);
#9556=VERTEX_POINT('',#12209);
#9557=VERTEX_POINT('',#12210);
#9558=LINE('',#12211,#12212);
#9559=VERTEX_POINT('',#12213);
#9560=LINE('',#12214,#12215);
#9561=VERTEX_POINT('',#12216);
#9562=LINE('',#12217,#12218);
#9563=LINE('',#12219,#12220);
#9564=FILL_AREA_STYLE_COLOUR('',#12221);
#9565=VERTEX_POINT('',#12222);
#9566=VERTEX_POINT('',#12223);
#9567=LINE('',#12224,#12225);
#9568=VERTEX_POINT('',#12226);
#9569=LINE('',#12227,#12228);
#9570=VERTEX_POINT('',#12229);
#9571=LINE('',#12230,#12231);
#9572=LINE('',#12232,#12233);
#9573=FILL_AREA_STYLE_COLOUR('',#12234);
#9574=VERTEX_POINT('',#12235);
#9575=LINE('',#12236,#12237);
#9576=VERTEX_POINT('',#12238);
#9577=LINE('',#12239,#12240);
#9578=VERTEX_POINT('',#12241);
#9579=LINE('',#12242,#12243);
#9580=LINE('',#12244,#12245);
#9581=FILL_AREA_STYLE_COLOUR('',#12246);
#9582=VERTEX_POINT('',#12247);
#9583=VERTEX_POINT('',#12248);
#9584=LINE('',#12249,#12250);
#9585=VERTEX_POINT('',#12251);
#9586=LINE('',#12252,#12253);
#9587=VERTEX_POINT('',#12254);
#9588=LINE('',#12255,#12256);
#9589=VERTEX_POINT('',#12257);
#9590=LINE('',#12258,#12259);
#9591=LINE('',#12260,#12261);
#9592=FILL_AREA_STYLE_COLOUR('',#12262);
#9593=VERTEX_POINT('',#12263);
#9594=LINE('',#12264,#12265);
#9595=VERTEX_POINT('',#12266);
#9596=CIRCLE('',#12267,1.45);
#9597=LINE('',#12268,#12269);
#9598=FILL_AREA_STYLE_COLOUR('',#12270);
#9599=VERTEX_POINT('',#12271);
#9600=VERTEX_POINT('',#12272);
#9601=LINE('',#12273,#12274);
#9602=VERTEX_POINT('',#12275);
#9603=LINE('',#12276,#12277);
#9604=VERTEX_POINT('',#12278);
#9605=LINE('',#12279,#12280);
#9606=LINE('',#12281,#12282);
#9607=FILL_AREA_STYLE_COLOUR('',#12283);
#9608=VERTEX_POINT('',#12284);
#9609=LINE('',#12285,#12286);
#9610=VERTEX_POINT('',#12287);
#9611=LINE('',#12288,#12289);
#9612=LINE('',#12290,#12291);
#9613=FILL_AREA_STYLE_COLOUR('',#12292);
#9614=VERTEX_POINT('',#12293);
#9615=VERTEX_POINT('',#12294);
#9616=LINE('',#12295,#12296);
#9617=LINE('',#12297,#12298);
#9618=LINE('',#12299,#12300);
#9619=FILL_AREA_STYLE_COLOUR('',#12301);
#9620=VERTEX_POINT('',#12302);
#9621=LINE('',#12303,#12304);
#9622=LINE('',#12305,#12306);
#9623=FILL_AREA_STYLE_COLOUR('',#12307);
#9624=VERTEX_POINT('',#12308);
#9625=VERTEX_POINT('',#12309);
#9626=LINE('',#12310,#12311);
#9627=VERTEX_POINT('',#12312);
#9628=LINE('',#12313,#12314);
#9629=VERTEX_POINT('',#12315);
#9630=LINE('',#12316,#12317);
#9631=LINE('',#12318,#12319);
#9632=FILL_AREA_STYLE_COLOUR('',#12320);
#9633=VERTEX_POINT('',#12321);
#9634=CIRCLE('',#12322,1.45);
#9635=VERTEX_POINT('',#12323);
#9636=LINE('',#12324,#12325);
#9637=VERTEX_POINT('',#12326);
#9638=CIRCLE('',#12327,1.45);
#9639=VERTEX_POINT('',#12328);
#9640=LINE('',#12329,#12330);
#9641=CIRCLE('',#12331,1.45);
#9642=FILL_AREA_STYLE_COLOUR('',#12332);
#9643=VERTEX_POINT('',#12333);
#9644=VERTEX_POINT('',#12334);
#9645=LINE('',#12335,#12336);
#9646=VERTEX_POINT('',#12337);
#9647=LINE('',#12338,#12339);
#9648=VERTEX_POINT('',#12340);
#9649=LINE('',#12341,#12342);
#9650=LINE('',#12343,#12344);
#9651=FILL_AREA_STYLE_COLOUR('',#12345);
#9652=VERTEX_POINT('',#12346);
#9653=VERTEX_POINT('',#12347);
#9654=LINE('',#12348,#12349);
#9655=LINE('',#12350,#12351);
#9656=VERTEX_POINT('',#12352);
#9657=LINE('',#12353,#12354);
#9658=LINE('',#12355,#12356);
#9659=VERTEX_POINT('',#12357);
#9660=LINE('',#12358,#12359);
#9661=LINE('',#12360,#12361);
#9662=FILL_AREA_STYLE_COLOUR('',#12362);
#9663=VERTEX_POINT('',#12363);
#9664=LINE('',#12364,#12365);
#9665=VERTEX_POINT('',#12366);
#9666=LINE('',#12367,#12368);
#9667=VERTEX_POINT('',#12369);
#9668=LINE('',#12370,#12371);
#9669=VERTEX_POINT('',#12372);
#9670=LINE('',#12373,#12374);
#9671=VERTEX_POINT('',#12375);
#9672=LINE('',#12376,#12377);
#9673=LINE('',#12378,#12379);
#9674=FILL_AREA_STYLE_COLOUR('',#12380);
#9675=VERTEX_POINT('',#12381);
#9676=LINE('',#12382,#12383);
#9677=VERTEX_POINT('',#12384);
#9678=LINE('',#12385,#12386);
#9679=VERTEX_POINT('',#12387);
#9680=LINE('',#12388,#12389);
#9681=LINE('',#12390,#12391);
#9682=FILL_AREA_STYLE_COLOUR('',#12392);
#9683=VERTEX_POINT('',#12393);
#9684=LINE('',#12394,#12395);
#9685=LINE('',#12396,#12397);
#9686=FILL_AREA_STYLE_COLOUR('',#12398);
#9687=VERTEX_POINT('',#12399);
#9688=LINE('',#12400,#12401);
#9689=VERTEX_POINT('',#12402);
#9690=LINE('',#12403,#12404);
#9691=LINE('',#12405,#12406);
#9692=FILL_AREA_STYLE_COLOUR('',#12407);
#9693=LINE('',#12408,#12409);
#9694=LINE('',#12410,#12411);
#9695=FILL_AREA_STYLE_COLOUR('',#12412);
#9696=VERTEX_POINT('',#12413);
#9697=LINE('',#12414,#12415);
#9698=LINE('',#12416,#12417);
#9699=FILL_AREA_STYLE_COLOUR('',#12418);
#9700=VERTEX_POINT('',#12419);
#9701=VERTEX_POINT('',#12420);
#9702=LINE('',#12421,#12422);
#9703=VERTEX_POINT('',#12423);
#9704=LINE('',#12424,#12425);
#9705=VERTEX_POINT('',#12426);
#9706=LINE('',#12427,#12428);
#9707=LINE('',#12429,#12430);
#9708=FILL_AREA_STYLE_COLOUR('',#12431);
#9709=VERTEX_POINT('',#12432);
#9710=LINE('',#12433,#12434);
#9711=VERTEX_POINT('',#12435);
#9712=LINE('',#12436,#12437);
#9713=LINE('',#12438,#12439);
#9714=LINE('',#12440,#12441);
#9715=FILL_AREA_STYLE_COLOUR('',#12442);
#9716=VERTEX_POINT('',#12443);
#9717=LINE('',#12444,#12445);
#9718=VERTEX_POINT('',#12446);
#9719=LINE('',#12447,#12448);
#9720=VERTEX_POINT('',#12449);
#9721=LINE('',#12450,#12451);
#9722=LINE('',#12452,#12453);
#9723=FILL_AREA_STYLE_COLOUR('',#12454);
#9724=LINE('',#12455,#12456);
#9725=LINE('',#12457,#12458);
#9726=FILL_AREA_STYLE_COLOUR('',#12459);
#9727=LINE('',#12460,#12461);
#9728=FILL_AREA_STYLE_COLOUR('',#12462);
#9729=VERTEX_POINT('',#12463);
#9730=LINE('',#12464,#12465);
#9731=LINE('',#12466,#12467);
#9732=FILL_AREA_STYLE_COLOUR('',#12468);
#9733=LINE('',#12469,#12470);
#9734=FILL_AREA_STYLE_COLOUR('',#12471);
#9735=LINE('',#12472,#12473);
#9736=LINE('',#12474,#12475);
#9737=FILL_AREA_STYLE_COLOUR('',#12476);
#9738=VERTEX_POINT('',#12477);
#9739=LINE('',#12478,#12479);
#9740=VERTEX_POINT('',#12480);
#9741=LINE('',#12481,#12482);
#9742=LINE('',#12483,#12484);
#9743=FILL_AREA_STYLE_COLOUR('',#12485);
#9744=VERTEX_POINT('',#12486);
#9745=LINE('',#12487,#12488);
#9746=LINE('',#12489,#12490);
#9747=FILL_AREA_STYLE_COLOUR('',#12491);
#9748=VERTEX_POINT('',#12492);
#9749=LINE('',#12493,#12494);
#9750=LINE('',#12495,#12496);
#9751=LINE('',#12497,#12498);
#9752=VERTEX_POINT('',#12499);
#9753=LINE('',#12500,#12501);
#9754=LINE('',#12502,#12503);
#9755=FILL_AREA_STYLE_COLOUR('',#12504);
#9756=LINE('',#12505,#12506);
#9757=FILL_AREA_STYLE_COLOUR('',#12507);
#9758=LINE('',#12508,#12509);
#9759=FILL_AREA_STYLE_COLOUR('',#12510);
#9760=FILL_AREA_STYLE_COLOUR('',#12511);
#9761=LINE('',#12512,#12513);
#9762=LINE('',#12514,#12515);
#9763=VERTEX_POINT('',#12516);
#9764=LINE('',#12517,#12518);
#9765=VERTEX_POINT('',#12519);
#9766=LINE('',#12520,#12521);
#9767=LINE('',#12522,#12523);
#9768=LINE('',#12524,#12525);
#9769=VERTEX_POINT('',#12526);
#9770=LINE('',#12527,#12528);
#9771=VERTEX_POINT('',#12529);
#9772=LINE('',#12530,#12531);
#9773=VERTEX_POINT('',#12532);
#9774=LINE('',#12533,#12534);
#9775=VERTEX_POINT('',#12535);
#9776=LINE('',#12536,#12537);
#9777=VERTEX_POINT('',#12538);
#9778=LINE('',#12539,#12540);
#9779=LINE('',#12541,#12542);
#9780=LINE('',#12543,#12544);
#9781=FILL_AREA_STYLE_COLOUR('',#12545);
#9782=VERTEX_POINT('',#12546);
#9783=LINE('',#12547,#12548);
#9784=VERTEX_POINT('',#12549);
#9785=LINE('',#12550,#12551);
#9786=LINE('',#12552,#12553);
#9787=FILL_AREA_STYLE_COLOUR('',#12554);
#9788=VERTEX_POINT('',#12555);
#9789=LINE('',#12556,#12557);
#9790=VERTEX_POINT('',#12558);
#9791=LINE('',#12559,#12560);
#9792=LINE('',#12561,#12562);
#9793=FILL_AREA_STYLE_COLOUR('',#12563);
#9794=VERTEX_POINT('',#12564);
#9795=LINE('',#12565,#12566);
#9796=VERTEX_POINT('',#12567);
#9797=LINE('',#12568,#12569);
#9798=LINE('',#12570,#12571);
#9799=FILL_AREA_STYLE_COLOUR('',#12572);
#9800=VERTEX_POINT('',#12573);
#9801=VERTEX_POINT('',#12574);
#9802=LINE('',#12575,#12576);
#9803=LINE('',#12577,#12578);
#9804=LINE('',#12579,#12580);
#9805=FILL_AREA_STYLE_COLOUR('',#12581);
#9806=LINE('',#12582,#12583);
#9807=LINE('',#12584,#12585);
#9808=LINE('',#12586,#12587);
#9809=LINE('',#12588,#12589);
#9810=FILL_AREA_STYLE_COLOUR('',#12590);
#9811=VERTEX_POINT('',#12591);
#9812=LINE('',#12592,#12593);
#9813=CIRCLE('',#12594,1.45);
#9814=LINE('',#12595,#12596);
#9815=CIRCLE('',#12597,1.45);
#9816=FILL_AREA_STYLE_COLOUR('',#12598);
#9817=VERTEX_POINT('',#12599);
#9818=VERTEX_POINT('',#12600);
#9819=LINE('',#12601,#12602);
#9820=VERTEX_POINT('',#12603);
#9821=LINE('',#12604,#12605);
#9822=VERTEX_POINT('',#12606);
#9823=LINE('',#12607,#12608);
#9824=LINE('',#12609,#12610);
#9825=FILL_AREA_STYLE_COLOUR('',#12611);
#9826=LINE('',#12612,#12613);
#9827=FILL_AREA_STYLE_COLOUR('',#12614);
#9828=VERTEX_POINT('',#12615);
#9829=LINE('',#12616,#12617);
#9830=VERTEX_POINT('',#12618);
#9831=LINE('',#12619,#12620);
#9832=VERTEX_POINT('',#12621);
#9833=LINE('',#12622,#12623);
#9834=LINE('',#12624,#12625);
#9835=FILL_AREA_STYLE_COLOUR('',#12626);
#9836=LINE('',#12627,#12628);
#9837=LINE('',#12629,#12630);
#9838=FILL_AREA_STYLE_COLOUR('',#12631);
#9839=LINE('',#12632,#12633);
#9840=FILL_AREA_STYLE_COLOUR('',#12634);
#9841=VERTEX_POINT('',#12635);
#9842=LINE('',#12636,#12637);
#9843=LINE('',#12638,#12639);
#9844=FILL_AREA_STYLE_COLOUR('',#12640);
#9845=VERTEX_POINT('',#12641);
#9846=LINE('',#12642,#12643);
#9847=VERTEX_POINT('',#12644);
#9848=LINE('',#12645,#12646);
#9849=LINE('',#12647,#12648);
#9850=FILL_AREA_STYLE_COLOUR('',#12649);
#9851=LINE('',#12650,#12651);
#9852=FILL_AREA_STYLE_COLOUR('',#12652);
#9853=VERTEX_POINT('',#12653);
#9854=VERTEX_POINT('',#12654);
#9855=LINE('',#12655,#12656);
#9856=LINE('',#12657,#12658);
#9857=LINE('',#12659,#12660);
#9858=LINE('',#12661,#12662);
#9859=LINE('',#12663,#12664);
#9860=VERTEX_POINT('',#12665);
#9861=LINE('',#12666,#12667);
#9862=VERTEX_POINT('',#12668);
#9863=LINE('',#12669,#12670);
#9864=LINE('',#12671,#12672);
#9865=FILL_AREA_STYLE_COLOUR('',#12673);
#9866=VERTEX_POINT('',#12674);
#9867=LINE('',#12675,#12676);
#9868=CIRCLE('',#12677,1.45);
#9869=CIRCLE('',#12678,1.45);
#9870=FILL_AREA_STYLE_COLOUR('',#12679);
#9871=VERTEX_POINT('',#12680);
#9872=VERTEX_POINT('',#12681);
#9873=LINE('',#12682,#12683);
#9874=VERTEX_POINT('',#12684);
#9875=LINE('',#12685,#12686);
#9876=VERTEX_POINT('',#12687);
#9877=LINE('',#12688,#12689);
#9878=LINE('',#12690,#12691);
#9879=FILL_AREA_STYLE_COLOUR('',#12692);
#9880=LINE('',#12693,#12694);
#9881=LINE('',#12695,#12696);
#9882=LINE('',#12697,#12698);
#9883=FILL_AREA_STYLE_COLOUR('',#12699);
#9884=VERTEX_POINT('',#12700);
#9885=LINE('',#12701,#12702);
#9886=VERTEX_POINT('',#12703);
#9887=LINE('',#12704,#12705);
#9888=LINE('',#12706,#12707);
#9889=FILL_AREA_STYLE_COLOUR('',#12708);
#9890=FILL_AREA_STYLE_COLOUR('',#12709);
#9891=LINE('',#12710,#12711);
#9892=FILL_AREA_STYLE_COLOUR('',#12712);
#9893=LINE('',#12713,#12714);
#9894=LINE('',#12715,#12716);
#9895=VERTEX_POINT('',#12717);
#9896=LINE('',#12718,#12719);
#9897=VERTEX_POINT('',#12720);
#9898=LINE('',#12721,#12722);
#9899=LINE('',#12723,#12724);
#9900=LINE('',#12725,#12726);
#9901=LINE('',#12727,#12728);
#9902=VERTEX_POINT('',#12729);
#9903=LINE('',#12730,#12731);
#9904=LINE('',#12732,#12733);
#9905=FILL_AREA_STYLE_COLOUR('',#12734);
#9906=FILL_AREA_STYLE_COLOUR('',#12735);
#9907=LINE('',#12736,#12737);
#9908=FILL_AREA_STYLE_COLOUR('',#12738);
#9909=VERTEX_POINT('',#12739);
#9910=LINE('',#12740,#12741);
#9911=LINE('',#12742,#12743);
#9912=FILL_AREA_STYLE_COLOUR('',#12744);
#9913=LINE('',#12745,#12746);
#9914=FILL_AREA_STYLE_COLOUR('',#12747);
#9915=FILL_AREA_STYLE_COLOUR('',#12748);
#9916=FILL_AREA_STYLE_COLOUR('',#12749);
#9917=LINE('',#12750,#12751);
#9918=CIRCLE('',#12752,1.45);
#9919=FILL_AREA_STYLE_COLOUR('',#12753);
#9920=FILL_AREA_STYLE_COLOUR('',#12754);
#9921=VERTEX_POINT('',#12755);
#9922=LINE('',#12756,#12757);
#9923=VERTEX_POINT('',#12758);
#9924=LINE('',#12759,#12760);
#9925=LINE('',#12761,#12762);
#9926=FILL_AREA_STYLE_COLOUR('',#12763);
#9927=LINE('',#12764,#12765);
#9928=LINE('',#12766,#12767);
#9929=FILL_AREA_STYLE_COLOUR('',#12768);
#9930=FILL_AREA_STYLE_COLOUR('',#12769);
#9931=FILL_AREA_STYLE_COLOUR('',#12770);
#9932=VERTEX_POINT('',#12771);
#9933=LINE('',#12772,#12773);
#9934=LINE('',#12774,#12775);
#9935=FILL_AREA_STYLE_COLOUR('',#12776);
#9936=VERTEX_POINT('',#12777);
#9937=LINE('',#12778,#12779);
#9938=VERTEX_POINT('',#12780);
#9939=LINE('',#12781,#12782);
#9940=LINE('',#12783,#12784);
#9941=FILL_AREA_STYLE_COLOUR('',#12785);
#9942=VERTEX_POINT('',#12786);
#9943=LINE('',#12787,#12788);
#9944=LINE('',#12789,#12790);
#9945=FILL_AREA_STYLE_COLOUR('',#12791);
#9946=FILL_AREA_STYLE_COLOUR('',#12792);
#9947=LINE('',#12793,#12794);
#9948=FILL_AREA_STYLE_COLOUR('',#12795);
#9949=VERTEX_POINT('',#12796);
#9950=LINE('',#12797,#12798);
#9951=LINE('',#12799,#12800);
#9952=FILL_AREA_STYLE_COLOUR('',#12801);
#9953=LINE('',#12802,#12803);
#9954=FILL_AREA_STYLE_COLOUR('',#12804);
#9955=FILL_AREA_STYLE_COLOUR('',#12805);
#9956=VERTEX_POINT('',#12806);
#9957=VERTEX_POINT('',#12807);
#9958=LINE('',#12808,#12809);
#9959=LINE('',#12810,#12811);
#9960=LINE('',#12812,#12813);
#9961=FILL_AREA_STYLE_COLOUR('',#12814);
#9962=LINE('',#12815,#12816);
#9963=FILL_AREA_STYLE_COLOUR('',#12817);
#9964=LINE('',#12818,#12819);
#9965=FILL_AREA_STYLE_COLOUR('',#12820);
#9966=FILL_AREA_STYLE_COLOUR('',#12821);
#9967=FILL_AREA_STYLE_COLOUR('',#12822);
#9968=FILL_AREA_STYLE_COLOUR('',#12823);
#9969=FILL_AREA_STYLE_COLOUR('',#12824);
#9970=FILL_AREA_STYLE_COLOUR('',#12825);
#9971=FILL_AREA_STYLE_COLOUR('',#12826);
#9972=LINE('',#12827,#12828);
#9973=FILL_AREA_STYLE_COLOUR('',#12829);
#9974=FILL_AREA_STYLE_COLOUR('',#12830);
#9975=FILL_AREA_STYLE_COLOUR('',#12831);
#9976=FILL_AREA_STYLE_COLOUR('',#12832);
#9977=VERTEX_POINT('',#12833);
#9978=VERTEX_POINT('',#12834);
#9979=LINE('',#12835,#12836);
#9980=VERTEX_POINT('',#12837);
#9981=CIRCLE('',#12838,1.45);
#9982=VERTEX_POINT('',#12839);
#9983=LINE('',#12840,#12841);
#9984=VERTEX_POINT('',#12842);
#9985=CIRCLE('',#12843,1.45);
#9986=VERTEX_POINT('',#12844);
#9987=LINE('',#12845,#12846);
#9988=CIRCLE('',#12847,1.45);
#9989=FILL_AREA_STYLE_COLOUR('',#12848);
#9990=VERTEX_POINT('',#12849);
#9991=CIRCLE('',#12850,1.45);
#9992=LINE('',#12851,#12852);
#9993=FILL_AREA_STYLE_COLOUR('',#12853);
#9994=VERTEX_POINT('',#12854);
#9995=LINE('',#12855,#12856);
#9996=LINE('',#12857,#12858);
#9997=FILL_AREA_STYLE_COLOUR('',#12859);
#9998=VERTEX_POINT('',#12860);
#9999=CIRCLE('',#12861,1.45);
#10000=LINE('',#12862,#12863);
#10001=FILL_AREA_STYLE_COLOUR('',#12864);
#10002=VERTEX_POINT('',#12865);
#10003=CIRCLE('',#12866,1.45);
#10004=LINE('',#12867,#12868);
#10005=FILL_AREA_STYLE_COLOUR('',#12869);
#10006=VERTEX_POINT('',#12870);
#10007=VERTEX_POINT('',#12871);
#10008=LINE('',#12872,#12873);
#10009=VERTEX_POINT('',#12874);
#10010=LINE('',#12875,#12876);
#10011=VERTEX_POINT('',#12877);
#10012=LINE('',#12878,#12879);
#10013=VERTEX_POINT('',#12880);
#10014=LINE('',#12881,#12882);
#10015=VERTEX_POINT('',#12883);
#10016=LINE('',#12884,#12885);
#10017=VERTEX_POINT('',#12886);
#10018=LINE('',#12887,#12888);
#10019=VERTEX_POINT('',#12889);
#10020=LINE('',#12890,#12891);
#10021=VERTEX_POINT('',#12892);
#10022=LINE('',#12893,#12894);
#10023=VERTEX_POINT('',#12895);
#10024=LINE('',#12896,#12897);
#10025=VERTEX_POINT('',#12898);
#10026=LINE('',#12899,#12900);
#10027=VERTEX_POINT('',#12901);
#10028=LINE('',#12902,#12903);
#10029=LINE('',#12904,#12905);
#10030=VERTEX_POINT('',#12906);
#10031=LINE('',#12907,#12908);
#10032=VERTEX_POINT('',#12909);
#10033=LINE('',#12910,#12911);
#10034=VERTEX_POINT('',#12912);
#10035=LINE('',#12913,#12914);
#10036=VERTEX_POINT('',#12915);
#10037=LINE('',#12916,#12917);
#10038=VERTEX_POINT('',#12918);
#10039=LINE('',#12919,#12920);
#10040=VERTEX_POINT('',#12921);
#10041=LINE('',#12922,#12923);
#10042=VERTEX_POINT('',#12924);
#10043=LINE('',#12925,#12926);
#10044=VERTEX_POINT('',#12927);
#10045=LINE('',#12928,#12929);
#10046=VERTEX_POINT('',#12930);
#10047=LINE('',#12931,#12932);
#10048=VERTEX_POINT('',#12933);
#10049=LINE('',#12934,#12935);
#10050=VERTEX_POINT('',#12936);
#10051=LINE('',#12937,#12938);
#10052=VERTEX_POINT('',#12939);
#10053=LINE('',#12940,#12941);
#10054=VERTEX_POINT('',#12942);
#10055=LINE('',#12943,#12944);
#10056=VERTEX_POINT('',#12945);
#10057=LINE('',#12946,#12947);
#10058=VERTEX_POINT('',#12948);
#10059=LINE('',#12949,#12950);
#10060=VERTEX_POINT('',#12951);
#10061=LINE('',#12952,#12953);
#10062=VERTEX_POINT('',#12954);
#10063=LINE('',#12955,#12956);
#10064=LINE('',#12957,#12958);
#10065=FILL_AREA_STYLE_COLOUR('',#12959);
#10066=VERTEX_POINT('',#12960);
#10067=LINE('',#12961,#12962);
#10068=VERTEX_POINT('',#12963);
#10069=LINE('',#12964,#12965);
#10070=VERTEX_POINT('',#12966);
#10071=LINE('',#12967,#12968);
#10072=LINE('',#12969,#12970);
#10073=VERTEX_POINT('',#12971);
#10074=LINE('',#12972,#12973);
#10075=LINE('',#12974,#12975);
#10076=FILL_AREA_STYLE_COLOUR('',#12976);
#10077=VERTEX_POINT('',#12977);
#10078=VERTEX_POINT('',#12978);
#10079=LINE('',#12979,#12980);
#10080=LINE('',#12981,#12982);
#10081=LINE('',#12983,#12984);
#10082=FILL_AREA_STYLE_COLOUR('',#12985);
#10083=VERTEX_POINT('',#12986);
#10084=LINE('',#12987,#12988);
#10085=VERTEX_POINT('',#12989);
#10086=LINE('',#12990,#12991);
#10087=VERTEX_POINT('',#12992);
#10088=LINE('',#12993,#12994);
#10089=LINE('',#12995,#12996);
#10090=FILL_AREA_STYLE_COLOUR('',#12997);
#10091=VERTEX_POINT('',#12998);
#10092=VERTEX_POINT('',#12999);
#10093=LINE('',#13000,#13001);
#10094=LINE('',#13002,#13003);
#10095=LINE('',#13004,#13005);
#10096=FILL_AREA_STYLE_COLOUR('',#13006);
#10097=VERTEX_POINT('',#13007);
#10098=LINE('',#13008,#13009);
#10099=LINE('',#13010,#13011);
#10100=FILL_AREA_STYLE_COLOUR('',#13012);
#10101=VERTEX_POINT('',#13013);
#10102=LINE('',#13014,#13015);
#10103=VERTEX_POINT('',#13016);
#10104=LINE('',#13017,#13018);
#10105=LINE('',#13019,#13020);
#10106=FILL_AREA_STYLE_COLOUR('',#13021);
#10107=VERTEX_POINT('',#13022);
#10108=LINE('',#13023,#13024);
#10109=VERTEX_POINT('',#13025);
#10110=LINE('',#13026,#13027);
#10111=LINE('',#13028,#13029);
#10112=FILL_AREA_STYLE_COLOUR('',#13030);
#10113=VERTEX_POINT('',#13031);
#10114=LINE('',#13032,#13033);
#10115=VERTEX_POINT('',#13034);
#10116=LINE('',#13035,#13036);
#10117=LINE('',#13037,#13038);
#10118=FILL_AREA_STYLE_COLOUR('',#13039);
#10119=LINE('',#13040,#13041);
#10120=VERTEX_POINT('',#13042);
#10121=LINE('',#13043,#13044);
#10122=LINE('',#13045,#13046);
#10123=FILL_AREA_STYLE_COLOUR('',#13047);
#10124=VERTEX_POINT('',#13048);
#10125=LINE('',#13049,#13050);
#10126=LINE('',#13051,#13052);
#10127=FILL_AREA_STYLE_COLOUR('',#13053);
#10128=VERTEX_POINT('',#13054);
#10129=LINE('',#13055,#13056);
#10130=LINE('',#13057,#13058);
#10131=FILL_AREA_STYLE_COLOUR('',#13059);
#10132=LINE('',#13060,#13061);
#10133=FILL_AREA_STYLE_COLOUR('',#13062);
#10134=VERTEX_POINT('',#13063);
#10135=LINE('',#13064,#13065);
#10136=VERTEX_POINT('',#13066);
#10137=LINE('',#13067,#13068);
#10138=LINE('',#13069,#13070);
#10139=FILL_AREA_STYLE_COLOUR('',#13071);
#10140=VERTEX_POINT('',#13072);
#10141=LINE('',#13073,#13074);
#10142=LINE('',#13075,#13076);
#10143=FILL_AREA_STYLE_COLOUR('',#13077);
#10144=VERTEX_POINT('',#13078);
#10145=VERTEX_POINT('',#13079);
#10146=LINE('',#13080,#13081);
#10147=VERTEX_POINT('',#13082);
#10148=LINE('',#13083,#13084);
#10149=VERTEX_POINT('',#13085);
#10150=LINE('',#13086,#13087);
#10151=LINE('',#13088,#13089);
#10152=FILL_AREA_STYLE_COLOUR('',#13090);
#10153=VERTEX_POINT('',#13091);
#10154=LINE('',#13092,#13093);
#10155=LINE('',#13094,#13095);
#10156=FILL_AREA_STYLE_COLOUR('',#13096);
#10157=LINE('',#13097,#13098);
#10158=LINE('',#13099,#13100);
#10159=FILL_AREA_STYLE_COLOUR('',#13101);
#10160=LINE('',#13102,#13103);
#10161=FILL_AREA_STYLE_COLOUR('',#13104);
#10162=FILL_AREA_STYLE_COLOUR('',#13105);
#10163=VERTEX_POINT('',#13106);
#10164=LINE('',#13107,#13108);
#10165=VERTEX_POINT('',#13109);
#10166=LINE('',#13110,#13111);
#10167=LINE('',#13112,#13113);
#10168=FILL_AREA_STYLE_COLOUR('',#13114);
#10169=VERTEX_POINT('',#13115);
#10170=LINE('',#13116,#13117);
#10171=VERTEX_POINT('',#13118);
#10172=LINE('',#13119,#13120);
#10173=LINE('',#13121,#13122);
#10174=FILL_AREA_STYLE_COLOUR('',#13123);
#10175=VERTEX_POINT('',#13124);
#10176=LINE('',#13125,#13126);
#10177=LINE('',#13127,#13128);
#10178=LINE('',#13129,#13130);
#10179=LINE('',#13131,#13132);
#10180=FILL_AREA_STYLE_COLOUR('',#13133);
#10181=LINE('',#13134,#13135);
#10182=LINE('',#13136,#13137);
#10183=FILL_AREA_STYLE_COLOUR('',#13138);
#10184=FILL_AREA_STYLE_COLOUR('',#13139);
#10185=FILL_AREA_STYLE_COLOUR('',#13140);
#10186=VERTEX_POINT('',#13141);
#10187=LINE('',#13142,#13143);
#10188=LINE('',#13144,#13145);
#10189=FILL_AREA_STYLE_COLOUR('',#13146);
#10190=LINE('',#13147,#13148);
#10191=FILL_AREA_STYLE_COLOUR('',#13149);
#10192=FILL_AREA_STYLE_COLOUR('',#13150);
#10193=LINE('',#13151,#13152);
#10194=FILL_AREA_STYLE_COLOUR('',#13153);
#10195=LINE('',#13154,#13155);
#10196=FILL_AREA_STYLE_COLOUR('',#13156);
#10197=FILL_AREA_STYLE_COLOUR('',#13157);
#10198=LINE('',#13158,#13159);
#10199=LINE('',#13160,#13161);
#10200=FILL_AREA_STYLE_COLOUR('',#13162);
#10201=FILL_AREA_STYLE_COLOUR('',#13163);
#10202=COLOUR_RGB('',0.333333343267441,0.600000023841858,0.200000002980232);
#10203=CARTESIAN_POINT('',(-1.45,-3.5,9.1));
#10204=CARTESIAN_POINT('',(-1.45,-3.5,8.05));
#10205=CARTESIAN_POINT('',(-1.45,-3.5,8.225));
#10206=VECTOR('',#13164,1.0);
#10207=CARTESIAN_POINT('',(0.0,-4.95,9.1));
#10208=AXIS2_PLACEMENT_3D('',#13165,#13166,#13167);
#10209=CARTESIAN_POINT('',(0.0,-4.95,7.35));
#10210=CARTESIAN_POINT('',(0.0,-4.95,7.1));
#10211=VECTOR('',#13168,1000.0);
#10212=CARTESIAN_POINT('',(-0.35,-4.90712472794703,7.35));
#10213=AXIS2_PLACEMENT_3D('',#13169,#13170,#13171);
#10214=CARTESIAN_POINT('',(-0.35,-4.90712472794703,8.05));
#10215=CARTESIAN_POINT('',(-0.35,-4.90712472794703,7.1));
#10216=VECTOR('',#13172,1000.0);
#10217=AXIS2_PLACEMENT_3D('',#13173,#13174,#13175);
#10218=COLOUR_RGB('',0.866666674613953,0.866666674613953,0.866666674613953);
#10219=CARTESIAN_POINT('',(0.0,-3.75,0.0));
#10220=CARTESIAN_POINT('',(0.0,-3.75,-3.5));
#10221=CARTESIAN_POINT('',(0.0,-3.75,0.0));
#10222=VECTOR('',#13176,1000.0);
#10223=CARTESIAN_POINT('',(-0.45,-3.75,0.0));
#10224=CARTESIAN_POINT('',(1.45,-3.75,0.0));
#10225=VECTOR('',#13177,1000.0);
#10226=CARTESIAN_POINT('',(-0.45,-3.75,-2.7));
#10227=CARTESIAN_POINT('',(-0.45,-3.75,-25.2469472324903));
#10228=VECTOR('',#13178,1000.0);
#10229=CARTESIAN_POINT('',(-0.2356406460551,-3.75,-3.5));
#10230=CARTESIAN_POINT('',(5.30731394471658,-3.75,-24.1865881568071));
#10231=VECTOR('',#13179,1000.0);
#10232=CARTESIAN_POINT('',(-4.65,-3.75,-3.5));
#10233=VECTOR('',#13180,1000.0);
#10234=COLOUR_RGB('',0.333333343267441,0.600000023841858,0.200000002980232);
#10235=CARTESIAN_POINT('',(-0.85,-1.1,3.3));
#10236=CARTESIAN_POINT('',(-0.85,-1.1,1.6));
#10237=CARTESIAN_POINT('',(-0.85,-1.1,0.0));
#10238=VECTOR('',#13181,1000.0);
#10239=CARTESIAN_POINT('',(-1.35,-0.6,1.18045018441136));
#10240=CARTESIAN_POINT('',(1.55,-3.5,3.61383911482547));
#10241=VECTOR('',#13182,1000.0);
#10242=CARTESIAN_POINT('',(-1.35,-0.6,4.16602540378444));
#10243=CARTESIAN_POINT('',(-1.35,-0.6,0.0));
#10244=VECTOR('',#13183,1000.0);
#10245=CARTESIAN_POINT('',(2.43315353299546,-4.38315353299546,-2.3865887281974));
#10246=VECTOR('',#13184,1000.0);
#10247=COLOUR_RGB('',0.866666674613953,0.866666674613953,0.866666674613953);
#10248=CARTESIAN_POINT('',(-0.85,-1.4,3.31));
#10249=CARTESIAN_POINT('',(-0.85,-1.4,1.59));
#10250=CARTESIAN_POINT('',(-0.85,-1.4,3.3));
#10251=VECTOR('',#13185,1000.0);
#10252=CARTESIAN_POINT('',(0.0,-1.4,3.31));
#10253=CARTESIAN_POINT('',(0.85,-1.4,3.31));
#10254=VECTOR('',#13186,1000.0);
#10255=CARTESIAN_POINT('',(0.0,-1.4,3.3));
#10256=CARTESIAN_POINT('',(0.0,-1.4,0.0));
#10257=VECTOR('',#13187,1000.0);
#10258=CARTESIAN_POINT('',(-0.825,-1.4,3.3));
#10259=CARTESIAN_POINT('',(1.45,-1.4,3.3));
#10260=VECTOR('',#13188,1000.0);
#10261=CARTESIAN_POINT('',(-0.825,-1.4,1.6));
#10262=CARTESIAN_POINT('',(-0.825,-1.4,0.0));
#10263=VECTOR('',#13189,1000.0);
#10264=CARTESIAN_POINT('',(0.0,-1.4,1.6));
#10265=CARTESIAN_POINT('',(1.45,-1.4,1.6));
#10266=VECTOR('',#13190,1000.0);
#10267=CARTESIAN_POINT('',(0.0,-1.4,1.59));
#10268=CARTESIAN_POINT('',(0.0,-1.4,0.0));
#10269=VECTOR('',#13191,1000.0);
#10270=CARTESIAN_POINT('',(0.85,-1.4,1.59));
#10271=VECTOR('',#13192,1000.0);
#10272=COLOUR_RGB('',0.866666674613953,0.866666674613953,0.866666674613953);
#10273=CARTESIAN_POINT('',(-0.825,-6.25,1.6));
#10274=CARTESIAN_POINT('',(-0.825,-3.5,1.6));
#10275=VECTOR('',#13193,1000.0);
#10276=CARTESIAN_POINT('',(0.0,-6.25,1.6));
#10277=CARTESIAN_POINT('',(1.45,-6.25,1.6));
#10278=VECTOR('',#13194,1000.0);
#10279=CARTESIAN_POINT('',(0.0,-3.5,1.6));
#10280=VECTOR('',#13195,1000.0);
#10281=COLOUR_RGB('',0.866666674613953,0.866666674613953,0.866666674613953);
#10282=CARTESIAN_POINT('',(0.0,-3.25,-3.5));
#10283=CARTESIAN_POINT('',(0.0,-3.25,0.0));
#10284=CARTESIAN_POINT('',(0.0,-3.25,0.0));
#10285=VECTOR('',#13196,1000.0);
#10286=CARTESIAN_POINT('',(-0.2356406460551,-3.25,-3.5));
#10287=CARTESIAN_POINT('',(-4.65,-3.25,-3.5));
#10288=VECTOR('',#13197,1000.0);
#10289=CARTESIAN_POINT('',(-0.45,-3.25,-2.7));
#10290=CARTESIAN_POINT('',(5.30731394471658,-3.25,-24.1865881568071));
#10291=VECTOR('',#13198,1000.0);
#10292=CARTESIAN_POINT('',(-0.45,-3.25,0.0));
#10293=CARTESIAN_POINT('',(-0.45,-3.25,-25.2469472324903));
#10294=VECTOR('',#13199,1000.0);
#10295=CARTESIAN_POINT('',(1.45,-3.25,0.0));
#10296=VECTOR('',#13200,1000.0);
#10297=COLOUR_RGB('',0.333333343267441,0.600000023841858,0.200000002980232);
#10298=CARTESIAN_POINT('',(-0.35,-2.09287527205297,8.05));
#10299=AXIS2_PLACEMENT_3D('',#13201,#13202,#13203);
#10300=CARTESIAN_POINT('',(-0.35,-2.09287527205297,7.35));
#10301=CARTESIAN_POINT('',(-0.35,-2.09287527205297,7.1));
#10302=VECTOR('',#13204,1000.0);
#10303=CARTESIAN_POINT('',(0.0,-2.05,7.35));
#10304=AXIS2_PLACEMENT_3D('',#13205,#13206,#13207);
#10305=CARTESIAN_POINT('',(0.0,-2.05,9.1));
#10306=CARTESIAN_POINT('',(0.0,-2.05,7.1));
#10307=VECTOR('',#13208,1000.0);
#10308=AXIS2_PLACEMENT_3D('',#13209,#13210,#13211);
#10309=COLOUR_RGB('',0.333333343267441,0.600000023841858,0.200000002980232);
#10310=CARTESIAN_POINT('',(0.0,-5.5,9.1));
#10311=CARTESIAN_POINT('',(-1.25,-5.5,9.1));
#10312=CARTESIAN_POINT('',(8.45,-5.5,9.1));
#10313=VECTOR('',#13212,1000.0);
#10314=CARTESIAN_POINT('',(-1.25,-5.64714592937195,7.7));
#10315=CARTESIAN_POINT('',(-1.25,-6.45644854091766,0.0));
#10316=VECTOR('',#13213,1000.0);
#10317=CARTESIAN_POINT('',(0.0,-5.64714592937195,7.7));
#10318=CARTESIAN_POINT('',(4.1,-5.64714592937195,7.7));
#10319=VECTOR('',#13214,1000.0);
#10320=CARTESIAN_POINT('',(0.0,-6.45644854091766,0.0));
#10321=VECTOR('',#13215,1000.0);
#10322=COLOUR_RGB('',0.333333343267441,0.600000023841858,0.200000002980232);
#10323=CARTESIAN_POINT('',(-1.75,-1.1810530933955,9.1));
#10324=CARTESIAN_POINT('',(-1.75,-0.5,4.8));
#10325=CARTESIAN_POINT('',(-1.75,0.26024531355778,0.0));
#10326=VECTOR('',#13216,1000.0);
#10327=CARTESIAN_POINT('',(0.0,-1.1810530933955,9.1));
#10328=CARTESIAN_POINT('',(1.45,-1.1810530933955,9.1));
#10329=VECTOR('',#13217,1000.0);
#10330=CARTESIAN_POINT('',(0.0,-0.5,4.8));
#10331=CARTESIAN_POINT('',(0.0,0.26024531355778,0.0));
#10332=VECTOR('',#13218,1000.0);
#10333=CARTESIAN_POINT('',(8.45,-0.5,4.8));
#10334=VECTOR('',#13219,1000.0);
#10335=COLOUR_RGB('',0.333333343267441,0.600000023841858,0.200000002980232);
#10336=CARTESIAN_POINT('',(0.0,-1.1,1.6));
#10337=CARTESIAN_POINT('',(0.0,-1.39,1.6));
#10338=CARTESIAN_POINT('',(0.0,-3.5,1.6));
#10339=VECTOR('',#13220,1000.0);
#10340=CARTESIAN_POINT('',(1.45,-1.1,1.6));
#10341=VECTOR('',#13221,1000.0);
#10342=CARTESIAN_POINT('',(-0.85,-1.39,1.6));
#10343=CARTESIAN_POINT('',(-0.85,0.0,1.6));
#10344=VECTOR('',#13222,1000.0);
#10345=CARTESIAN_POINT('',(1.45,-1.39,1.6));
#10346=VECTOR('',#13223,1000.0);
#10347=COLOUR_RGB('',0.333333343267441,0.600000023841858,0.200000002980232);
#10348=CARTESIAN_POINT('',(0.0,-1.39,1.59));
#10349=CARTESIAN_POINT('',(0.0,-1.39,0.0));
#10350=VECTOR('',#13224,1000.0);
#10351=CARTESIAN_POINT('',(-0.85,-1.39,1.59));
#10352=CARTESIAN_POINT('',(-0.85,-1.39,1.6));
#10353=VECTOR('',#13225,1000.0);
#10354=CARTESIAN_POINT('',(-0.85,-1.39,1.59));
#10355=VECTOR('',#13226,1000.0);
#10356=COLOUR_RGB('',0.333333343267441,0.600000023841858,0.200000002980232);
#10357=CARTESIAN_POINT('',(-1.25,-6.2,4.3));
#10358=CARTESIAN_POINT('',(-1.25,-6.08126938372806,7.7));
#10359=CARTESIAN_POINT('',(-1.25,-6.35015930881452,0.0));
#10360=VECTOR('',#13227,1000.0);
#10361=CARTESIAN_POINT('',(0.0,-6.2,4.3));
#10362=CARTESIAN_POINT('',(1.45,-6.2,4.3));
#10363=VECTOR('',#13228,1000.0);
#10364=CARTESIAN_POINT('',(0.0,-6.08126938372806,7.7));
#10365=CARTESIAN_POINT('',(0.0,-6.35015930881452,0.0));
#10366=VECTOR('',#13229,1000.0);
#10367=CARTESIAN_POINT('',(1.45,-6.08126938372806,7.7));
#10368=VECTOR('',#13230,1000.0);
#10369=COLOUR_RGB('',0.333333343267441,0.600000023841858,0.200000002980232);
#10370=CARTESIAN_POINT('',(0.0,-3.5,1.59));
#10371=VECTOR('',#13231,1000.0);
#10372=CARTESIAN_POINT('',(-0.85,-1.4,1.59));
#10373=VECTOR('',#13232,1000.0);
#10374=COLOUR_RGB('',0.333333343267441,0.600000023841858,0.200000002980232);
#10375=CARTESIAN_POINT('',(0.0,-1.39,3.31));
#10376=CARTESIAN_POINT('',(0.0,-3.5,3.31));
#10377=VECTOR('',#13233,1000.0);
#10378=CARTESIAN_POINT('',(-0.85,-1.39,3.31));
#10379=CARTESIAN_POINT('',(-0.85,-1.4,3.31));
#10380=VECTOR('',#13234,1000.0);
#10381=CARTESIAN_POINT('',(-0.85,-1.39,3.31));
#10382=VECTOR('',#13235,1000.0);
#10383=COLOUR_RGB('',0.333333343267441,0.600000023841858,0.200000002980232);
#10384=CARTESIAN_POINT('',(0.0,-1.1,3.3));
#10385=CARTESIAN_POINT('',(0.0,-0.52264973081038,4.3));
#10386=CARTESIAN_POINT('',(0.0,-3.00525588832577,0.0));
#10387=VECTOR('',#13236,1000.0);
#10388=CARTESIAN_POINT('',(1.45,-1.1,3.3));
#10389=VECTOR('',#13237,1000.0);
#10390=CARTESIAN_POINT('',(-1.35,-0.52264973081037,4.3));
#10391=CARTESIAN_POINT('',(-1.35,-2.52894191624433,0.825));
#10392=VECTOR('',#13238,1000.0);
#10393=CARTESIAN_POINT('',(-2.05,-0.52264973081037,4.3));
#10394=VECTOR('',#13239,1000.0);
#10395=COLOUR_RGB('',0.333333343267441,0.600000023841858,0.200000002980232);
#10396=CARTESIAN_POINT('',(-1.75,-7.3,0.0));
#10397=CARTESIAN_POINT('',(-1.75,-7.3,9.1));
#10398=CARTESIAN_POINT('',(-1.75,-7.3,0.0));
#10399=VECTOR('',#13240,1000.0);
#10400=CARTESIAN_POINT('',(-1.75,-3.5,9.1));
#10401=VECTOR('',#13241,1000.0);
#10402=CARTESIAN_POINT('',(-1.75,0.0,4.8));
#10403=CARTESIAN_POINT('',(-1.75,-3.5,4.8));
#10404=VECTOR('',#13242,1000.0);
#10405=CARTESIAN_POINT('',(-1.75,0.0,0.0));
#10406=CARTESIAN_POINT('',(-1.75,0.0,0.0));
#10407=VECTOR('',#13243,1000.0);
#10408=CARTESIAN_POINT('',(-1.75,-3.5,0.0));
#10409=VECTOR('',#13244,1000.0);
#10410=COLOUR_RGB('',0.866666674613953,0.866666674613953,0.866666674613953);
#10411=CARTESIAN_POINT('',(0.0,-6.25,3.3));
#10412=CARTESIAN_POINT('',(0.0,-6.25,0.0));
#10413=VECTOR('',#13245,1000.0);
#10414=CARTESIAN_POINT('',(-0.825,-6.25,3.3));
#10415=CARTESIAN_POINT('',(-0.825,-6.25,0.0));
#10416=VECTOR('',#13246,1000.0);
#10417=CARTESIAN_POINT('',(1.45,-6.25,3.3));
#10418=VECTOR('',#13247,1000.0);
#10419=COLOUR_RGB('',0.866666674613953,0.866666674613953,0.866666674613953);
#10420=CARTESIAN_POINT('',(-0.45,-6.75,-2.7));
#10421=VECTOR('',#13248,1000.0);
#10422=CARTESIAN_POINT('',(-0.45,-3.5,0.0));
#10423=VECTOR('',#13249,1000.0);
#10424=COLOUR_RGB('',0.333333343267441,0.600000023841858,0.200000002980232);
#10425=CARTESIAN_POINT('',(0.0,0.0,0.676990405704991));
#10426=CARTESIAN_POINT('',(0.0,-3.5,3.61383911482547));
#10427=VECTOR('',#13250,1000.0);
#10428=CARTESIAN_POINT('',(-1.35,0.0,0.676990405704991));
#10429=CARTESIAN_POINT('',(8.75,0.0,0.676990405704992));
#10430=VECTOR('',#13251,1000.0);
#10431=CARTESIAN_POINT('',(-1.35,-3.5,3.61383911482547));
#10432=VECTOR('',#13252,1000.0);
#10433=COLOUR_RGB('',0.333333343267441,0.600000023841858,0.200000002980232);
#10434=CARTESIAN_POINT('',(0.0,0.0,0.0));
#10435=CARTESIAN_POINT('',(0.0,0.0,0.0));
#10436=VECTOR('',#13253,1000.0);
#10437=CARTESIAN_POINT('',(-2.05,0.0,0.0));
#10438=VECTOR('',#13254,1000.0);
#10439=CARTESIAN_POINT('',(0.0,0.0,4.8));
#10440=CARTESIAN_POINT('',(1.45,0.0,4.8));
#10441=VECTOR('',#13255,1000.0);
#10442=CARTESIAN_POINT('',(0.0,0.0,4.3));
#10443=CARTESIAN_POINT('',(0.0,0.0,0.0));
#10444=VECTOR('',#13256,1000.0);
#10445=CARTESIAN_POINT('',(-1.35,0.0,4.3));
#10446=CARTESIAN_POINT('',(1.45,0.0,4.3));
#10447=VECTOR('',#13257,1000.0);
#10448=CARTESIAN_POINT('',(-1.35,0.0,0.0));
#10449=VECTOR('',#13258,1000.0);
#10450=COLOUR_RGB('',0.333333343267441,0.600000023841858,0.200000002980232);
#10451=CARTESIAN_POINT('',(0.0,-1.39,3.3));
#10452=CARTESIAN_POINT('',(0.0,-1.39,0.0));
#10453=VECTOR('',#13259,1000.0);
#10454=CARTESIAN_POINT('',(-0.85,-1.39,3.3));
#10455=CARTESIAN_POINT('',(-0.85,-1.39,3.3));
#10456=VECTOR('',#13260,1000.0);
#10457=CARTESIAN_POINT('',(1.45,-1.39,3.3));
#10458=VECTOR('',#13261,1000.0);
#10459=COLOUR_RGB('',0.866666674613953,0.866666674613953,0.866666674613953);
#10460=CARTESIAN_POINT('',(-0.2356406460551,-0.45315616848627,-3.5));
#10461=VECTOR('',#13262,1000.0);
#10462=COLOUR_RGB('',0.333333343267441,0.600000023841858,0.200000002980232);
#10463=CARTESIAN_POINT('',(0.0,-7.3,4.3));
#10464=CARTESIAN_POINT('',(0.0,-3.5,4.3));
#10465=VECTOR('',#13263,1000.0);
#10466=CARTESIAN_POINT('',(-1.25,-7.3,4.3));
#10467=CARTESIAN_POINT('',(-1.25,-3.5,4.3));
#10468=VECTOR('',#13264,1000.0);
#10469=CARTESIAN_POINT('',(1.45,-7.3,4.3));
#10470=VECTOR('',#13265,1000.0);
#10471=COLOUR_RGB('',0.866666674613953,0.866666674613953,0.866666674613953);
#10472=CARTESIAN_POINT('',(-0.35,-3.5,7.35));
#10473=VECTOR('',#13266,1000.0);
#10474=CARTESIAN_POINT('',(0.0,-3.5,7.35));
#10475=VECTOR('',#13267,1000.0);
#10476=COLOUR_RGB('',0.333333343267441,0.600000023841858,0.200000002980232);
#10477=CARTESIAN_POINT('',(-1.35,-9.6,4.3));
#10478=VECTOR('',#13268,1000.0);
#10479=CARTESIAN_POINT('',(0.0,-3.5,4.3));
#10480=VECTOR('',#13269,1000.0);
#10481=COLOUR_RGB('',0.866666674613953,0.866666674613953,0.866666674613953);
#10482=CARTESIAN_POINT('',(-0.825,-3.5,3.3));
#10483=VECTOR('',#13270,1000.0);
#10484=COLOUR_RGB('',0.866666674613953,0.866666674613953,0.866666674613953);
#10485=CARTESIAN_POINT('',(-0.35,-5.06952279629305,8.05));
#10486=VECTOR('',#13271,1000.0);
#10487=COLOUR_RGB('',0.333333343267441,0.600000023841858,0.200000002980232);
#10488=CARTESIAN_POINT('',(0.0,-3.5,4.8));
#10489=VECTOR('',#13272,1000.0);
#10490=COLOUR_RGB('',0.866666674613953,0.866666674613953,0.866666674613953);
#10491=COLOUR_RGB('',0.333333343267441,0.600000023841858,0.200000002980232);
#10492=CARTESIAN_POINT('',(0.0,-3.5,0.0));
#10493=VECTOR('',#13273,1000.0);
#10494=CARTESIAN_POINT('',(0.0,-7.3,0.0));
#10495=CARTESIAN_POINT('',(0.0,-3.5,0.0));
#10496=VECTOR('',#13274,1000.0);
#10497=CARTESIAN_POINT('',(1.45,-7.3,0.0));
#10498=VECTOR('',#13275,1000.0);
#10499=COLOUR_RGB('',0.333333343267441,0.600000023841858,0.200000002980232);
#10500=CARTESIAN_POINT('',(0.0,-7.3,0.0));
#10501=VECTOR('',#13276,1000.0);
#10502=CARTESIAN_POINT('',(-1.25,-7.3,9.1));
#10503=CARTESIAN_POINT('',(-1.25,-7.3,0.0));
#10504=VECTOR('',#13277,1000.0);
#10505=CARTESIAN_POINT('',(1.45,-7.3,9.1));
#10506=VECTOR('',#13278,1000.0);
#10507=COLOUR_RGB('',0.333333343267441,0.600000023841858,0.200000002980232);
#10508=CARTESIAN_POINT('',(0.0,-3.5,7.7));
#10509=VECTOR('',#13279,1000.0);
#10510=CARTESIAN_POINT('',(-1.25,-3.5,7.7));
#10511=VECTOR('',#13280,1000.0);
#10512=COLOUR_RGB('',0.333333343267441,0.600000023841858,0.200000002980232);
#10513=CARTESIAN_POINT('',(0.0,-3.5,3.3));
#10514=VECTOR('',#13281,1000.0);
#10515=CARTESIAN_POINT('',(-0.85,0.0,3.3));
#10516=VECTOR('',#13282,1000.0);
#10517=COLOUR_RGB('',0.333333343267441,0.600000023841858,0.200000002980232);
#10518=CARTESIAN_POINT('',(0.0,-3.5,-3.5));
#10519=VECTOR('',#13283,1000.0);
#10520=CARTESIAN_POINT('',(0.0,-3.5,3.3));
#10521=VECTOR('',#13284,1000.0);
#10522=CARTESIAN_POINT('',(0.0,-3.5,9.1));
#10523=VECTOR('',#13285,1000.0);
#10524=CARTESIAN_POINT('',(0.0,-3.5,9.1));
#10525=VECTOR('',#13286,1000.0);
#10526=COLOUR_RGB('',0.333333343267441,0.600000023841858,0.200000002980232);
#10527=COLOUR_RGB('',0.866666674613953,0.866666674613953,0.866666674613953);
#10528=COLOUR_RGB('',0.333333343267441,0.600000023841858,0.200000002980232);
#10529=CARTESIAN_POINT('',(-1.25,-3.5,9.1));
#10530=VECTOR('',#13287,1000.0);
#10531=COLOUR_RGB('',0.333333343267441,0.600000023841858,0.200000002980232);
#10532=COLOUR_RGB('',0.333333343267441,0.600000023841858,0.200000002980232);
#10533=COLOUR_RGB('',0.866666674613953,0.866666674613953,0.866666674613953);
#10534=COLOUR_RGB('',0.333333343267441,0.600000023841858,0.200000002980232);
#10535=CARTESIAN_POINT('',(4.95,-3.5,8.05));
#10536=CARTESIAN_POINT('',(4.95,-3.5,9.1));
#10537=CARTESIAN_POINT('',(4.95,-3.5,8.225));
#10538=VECTOR('',#13288,1.0);
#10539=CARTESIAN_POINT('',(3.85,-4.90712472794703,8.05));
#10540=AXIS2_PLACEMENT_3D('',#13289,#13290,#13291);
#10541=CARTESIAN_POINT('',(3.85,-4.90712472794703,7.35));
#10542=CARTESIAN_POINT('',(3.85,-4.90712472794703,7.1));
#10543=VECTOR('',#13292,1000.0);
#10544=CARTESIAN_POINT('',(3.15,-4.90712472794703,7.35));
#10545=AXIS2_PLACEMENT_3D('',#13293,#13294,#13295);
#10546=CARTESIAN_POINT('',(3.15,-4.90712472794703,8.05));
#10547=CARTESIAN_POINT('',(3.15,-4.90712472794703,7.1));
#10548=VECTOR('',#13296,1000.0);
#10549=CARTESIAN_POINT('',(2.05,-3.5,8.05));
#10550=AXIS2_PLACEMENT_3D('',#13297,#13298,#13299);
#10551=CARTESIAN_POINT('',(2.05,-3.5,9.1));
#10552=CARTESIAN_POINT('',(2.05,-3.5,8.225));
#10553=VECTOR('',#13300,1.0);
#10554=AXIS2_PLACEMENT_3D('',#13301,#13302,#13303);
#10555=COLOUR_RGB('',0.333333343267441,0.600000023841858,0.200000002980232);
#10556=CARTESIAN_POINT('',(1.45,-3.5,8.05));
#10557=CARTESIAN_POINT('',(1.45,-3.5,9.1));
#10558=CARTESIAN_POINT('',(1.45,-3.5,8.225));
#10559=VECTOR('',#13304,1.0);
#10560=CARTESIAN_POINT('',(0.35,-4.90712472794703,8.05));
#10561=AXIS2_PLACEMENT_3D('',#13305,#13306,#13307);
#10562=CARTESIAN_POINT('',(0.35,-4.90712472794703,7.35));
#10563=CARTESIAN_POINT('',(0.35,-4.90712472794703,7.1));
#10564=VECTOR('',#13308,1000.0);
#10565=CARTESIAN_POINT('',(0.0,-4.95,7.35));
#10566=AXIS2_PLACEMENT_3D('',#13309,#13310,#13311);
#10567=CARTESIAN_POINT('',(0.0,-4.95,9.1));
#10568=CARTESIAN_POINT('',(0.0,-4.95,7.1));
#10569=VECTOR('',#13312,1000.0);
#10570=AXIS2_PLACEMENT_3D('',#13313,#13314,#13315);
#10571=COLOUR_RGB('',0.333333343267441,0.600000023841858,0.200000002980232);
#10572=CARTESIAN_POINT('',(5.55,-3.5,9.1));
#10573=CARTESIAN_POINT('',(5.55,-3.5,8.05));
#10574=CARTESIAN_POINT('',(5.55,-3.5,8.225));
#10575=VECTOR('',#13316,1.0);
#10576=CARTESIAN_POINT('',(7.0,-4.95,9.1));
#10577=AXIS2_PLACEMENT_3D('',#13317,#13318,#13319);
#10578=CARTESIAN_POINT('',(7.0,-4.95,7.35));
#10579=CARTESIAN_POINT('',(7.0,-4.95,7.1));
#10580=VECTOR('',#13320,1000.0);
#10581=CARTESIAN_POINT('',(6.65,-4.90712472794703,7.35));
#10582=AXIS2_PLACEMENT_3D('',#13321,#13322,#13323);
#10583=CARTESIAN_POINT('',(6.65,-4.90712472794703,8.05));
#10584=CARTESIAN_POINT('',(6.65,-4.90712472794703,7.1));
#10585=VECTOR('',#13324,1000.0);
#10586=AXIS2_PLACEMENT_3D('',#13325,#13326,#13327);
#10587=COLOUR_RGB('',0.866666674613953,0.866666674613953,0.866666674613953);
#10588=CARTESIAN_POINT('',(7.0,-3.25,1.62630325872825E-15));
#10589=CARTESIAN_POINT('',(7.0,-3.25,-3.5));
#10590=CARTESIAN_POINT('',(7.0,-3.25,1.62630325872825E-15));
#10591=VECTOR('',#13328,1000.0);
#10592=CARTESIAN_POINT('',(6.7643593539449,-3.25,-3.5));
#10593=CARTESIAN_POINT('',(4.95,-3.25,-3.5));
#10594=VECTOR('',#13329,1000.0);
#10595=CARTESIAN_POINT('',(6.55,-3.25,-2.7));
#10596=CARTESIAN_POINT('',(12.3073139447166,-3.25,-24.1865881568071));
#10597=VECTOR('',#13330,1000.0);
#10598=CARTESIAN_POINT('',(6.55,-3.25,1.62630325872825E-15));
#10599=CARTESIAN_POINT('',(6.55,-3.25,-25.2469472324903));
#10600=VECTOR('',#13331,1000.0);
#10601=CARTESIAN_POINT('',(4.95,-3.25,1.62630325872825E-15));
#10602=VECTOR('',#13332,1000.0);
#10603=COLOUR_RGB('',0.866666674613953,0.866666674613953,0.866666674613953);
#10604=CARTESIAN_POINT('',(6.55,-3.75,-2.7));
#10605=CARTESIAN_POINT('',(6.55,-6.75,-2.7));
#10606=VECTOR('',#13333,1000.0);
#10607=CARTESIAN_POINT('',(6.55,-3.75,1.62630325872825E-15));
#10608=CARTESIAN_POINT('',(6.55,-3.75,-25.2469472324903));
#10609=VECTOR('',#13334,1000.0);
#10610=CARTESIAN_POINT('',(6.55,-3.5,1.62630325872825E-15));
#10611=VECTOR('',#13335,1000.0);
#10612=COLOUR_RGB('',0.333333343267441,0.600000023841858,0.200000002980232);
#10613=CARTESIAN_POINT('',(7.0,-1.4,1.59));
#10614=CARTESIAN_POINT('',(7.0,-1.39,1.59));
#10615=CARTESIAN_POINT('',(7.0,-3.5,1.59));
#10616=VECTOR('',#13336,1000.0);
#10617=CARTESIAN_POINT('',(6.15,-1.39,1.59));
#10618=CARTESIAN_POINT('',(6.15,-1.39,1.59));
#10619=VECTOR('',#13337,1000.0);
#10620=CARTESIAN_POINT('',(6.15,-1.4,1.59));
#10621=CARTESIAN_POINT('',(6.15,-1.4,1.59));
#10622=VECTOR('',#13338,1000.0);
#10623=CARTESIAN_POINT('',(7.85,-1.4,1.59));
#10624=VECTOR('',#13339,1000.0);
#10625=COLOUR_RGB('',0.866666674613953,0.866666674613953,0.866666674613953);
#10626=CARTESIAN_POINT('',(3.15,-2.09287527205297,8.05));
#10627=AXIS2_PLACEMENT_3D('',#13340,#13341,#13342);
#10628=CARTESIAN_POINT('',(3.15,-3.5,8.05));
#10629=VECTOR('',#13343,1000.0);
#10630=COLOUR_RGB('',0.866666674613953,0.866666674613953,0.866666674613953);
#10631=CARTESIAN_POINT('',(2.675,-6.25,3.3));
#10632=CARTESIAN_POINT('',(4.325,-6.25,3.3));
#10633=CARTESIAN_POINT('',(1.45,-6.25,3.3));
#10634=VECTOR('',#13344,1000.0);
#10635=CARTESIAN_POINT('',(4.325,-6.25,1.6));
#10636=CARTESIAN_POINT('',(4.325,-6.25,1.62630325872825E-15));
#10637=VECTOR('',#13345,1000.0);
#10638=CARTESIAN_POINT('',(2.675,-6.25,1.6));
#10639=CARTESIAN_POINT('',(1.45,-6.25,1.6));
#10640=VECTOR('',#13346,1000.0);
#10641=CARTESIAN_POINT('',(2.675,-6.25,1.62630325872825E-15));
#10642=VECTOR('',#13347,1000.0);
#10643=COLOUR_RGB('',0.333333343267441,0.600000023841858,0.200000002980232);
#10644=CARTESIAN_POINT('',(4.35,-1.4,1.59));
#10645=CARTESIAN_POINT('',(2.65,-1.4,1.59));
#10646=CARTESIAN_POINT('',(4.35,-1.4,1.59));
#10647=VECTOR('',#13348,1000.0);
#10648=CARTESIAN_POINT('',(4.35,-1.39,1.59));
#10649=CARTESIAN_POINT('',(4.35,-1.39,1.59));
#10650=VECTOR('',#13349,1000.0);
#10651=CARTESIAN_POINT('',(2.65,-1.39,1.59));
#10652=CARTESIAN_POINT('',(2.65,-1.39,1.59));
#10653=VECTOR('',#13350,1000.0);
#10654=CARTESIAN_POINT('',(2.65,-1.4,1.59));
#10655=VECTOR('',#13351,1000.0);
#10656=COLOUR_RGB('',0.866666674613953,0.866666674613953,0.866666674613953);
#10657=CARTESIAN_POINT('',(0.35,-2.09287527205297,7.35));
#10658=CARTESIAN_POINT('',(0.35,-3.5,7.35));
#10659=VECTOR('',#13352,1000.0);
#10660=CARTESIAN_POINT('',(0.35,-2.09287527205297,8.05));
#10661=CARTESIAN_POINT('',(0.35,-1.83047720370702,8.05));
#10662=VECTOR('',#13353,1000.0);
#10663=CARTESIAN_POINT('',(0.35,-2.09287527205297,7.1));
#10664=VECTOR('',#13354,1000.0);
#10665=COLOUR_RGB('',0.333333343267441,0.600000023841858,0.200000002980232);
#10666=CARTESIAN_POINT('',(7.0,-8.67361737988404E-16,0.676990405704993));
#10667=CARTESIAN_POINT('',(7.0,-8.67361737988404E-16,1.62630325872825E-15));
#10668=CARTESIAN_POINT('',(7.0,-8.67361737988404E-16,1.62630325872825E-15));
#10669=VECTOR('',#13355,1000.0);
#10670=CARTESIAN_POINT('',(0.0,-8.67361737988404E-16,1.62630325872825E-15));
#10671=CARTESIAN_POINT('',(-2.05,-8.67361737988404E-16,1.62630325872825E-15));
#10672=VECTOR('',#13356,1000.0);
#10673=CARTESIAN_POINT('',(0.0,-8.67361737988404E-16,0.676990405704993));
#10674=CARTESIAN_POINT('',(0.0,-8.67361737988404E-16,1.62630325872825E-15));
#10675=VECTOR('',#13357,1000.0);
#10676=CARTESIAN_POINT('',(1.35,-8.67361737988404E-16,0.676990405704993));
#10677=CARTESIAN_POINT('',(8.75,-8.67361737988404E-16,0.676990405704994));
#10678=VECTOR('',#13358,1000.0);
#10679=CARTESIAN_POINT('',(1.35,-8.67361737988404E-16,4.3));
#10680=CARTESIAN_POINT('',(1.35,-8.67361737988404E-16,1.62630325872825E-15));
#10681=VECTOR('',#13359,1000.0);
#10682=CARTESIAN_POINT('',(0.0,-8.67361737988404E-16,4.3));
#10683=CARTESIAN_POINT('',(1.45,-8.67361737988404E-16,4.3));
#10684=VECTOR('',#13360,1000.0);
#10685=CARTESIAN_POINT('',(0.0,-8.67361737988404E-16,4.8));
#10686=CARTESIAN_POINT('',(0.0,-8.67361737988404E-16,1.62630325872825E-15));
#10687=VECTOR('',#13361,1000.0);
#10688=CARTESIAN_POINT('',(7.0,-8.67361737988404E-16,4.8));
#10689=CARTESIAN_POINT('',(1.45,-8.67361737988404E-16,4.8));
#10690=VECTOR('',#13362,1000.0);
#10691=CARTESIAN_POINT('',(7.0,-8.67361737988404E-16,4.3));
#10692=CARTESIAN_POINT('',(7.0,-8.67361737988404E-16,1.62630325872825E-15));
#10693=VECTOR('',#13363,1000.0);
#10694=CARTESIAN_POINT('',(5.65,-8.67361737988404E-16,4.3));
#10695=CARTESIAN_POINT('',(4.95,-8.67361737988404E-16,4.3));
#10696=VECTOR('',#13364,1000.0);
#10697=CARTESIAN_POINT('',(5.65,-8.67361737988404E-16,0.676990405704994));
#10698=CARTESIAN_POINT('',(5.65,-8.67361737988404E-16,1.62630325872825E-15));
#10699=VECTOR('',#13365,1000.0);
#10700=CARTESIAN_POINT('',(8.75,-8.67361737988404E-16,0.676990405704994));
#10701=VECTOR('',#13366,1000.0);
#10702=CARTESIAN_POINT('',(2.15,-8.67361737988404E-16,4.3));
#10703=CARTESIAN_POINT('',(2.15,-8.67361737988404E-16,0.676990405704994));
#10704=CARTESIAN_POINT('',(2.15,-8.67361737988404E-16,1.62630325872825E-15));
#10705=VECTOR('',#13367,1000.0);
#10706=CARTESIAN_POINT('',(4.85,-8.67361737988404E-16,0.676990405704993));
#10707=CARTESIAN_POINT('',(5.25,-8.67361737988404E-16,0.676990405704994));
#10708=VECTOR('',#13368,1000.0);
#10709=CARTESIAN_POINT('',(4.85,-8.67361737988404E-16,4.3));
#10710=CARTESIAN_POINT('',(4.85,-8.67361737988404E-16,1.62630325872825E-15));
#10711=VECTOR('',#13369,1000.0);
#10712=CARTESIAN_POINT('',(1.45,-8.67361737988404E-16,4.3));
#10713=VECTOR('',#13370,1000.0);
#10714=COLOUR_RGB('',0.333333343267441,0.600000023841858,0.200000002980232);
#10715=CARTESIAN_POINT('',(0.0,-5.64714592937195,7.7));
#10716=CARTESIAN_POINT('',(0.0,-6.08126938372806,7.7));
#10717=CARTESIAN_POINT('',(0.0,-3.5,7.7));
#10718=VECTOR('',#13371,1000.0);
#10719=CARTESIAN_POINT('',(7.0,-6.08126938372806,7.7));
#10720=CARTESIAN_POINT('',(1.45,-6.08126938372806,7.7));
#10721=VECTOR('',#13372,1000.0);
#10722=CARTESIAN_POINT('',(7.0,-5.64714592937195,7.7));
#10723=CARTESIAN_POINT('',(7.0,-3.5,7.7));
#10724=VECTOR('',#13373,1000.0);
#10725=CARTESIAN_POINT('',(4.1,-5.64714592937195,7.7));
#10726=VECTOR('',#13374,1000.0);
#10727=COLOUR_RGB('',0.333333343267441,0.600000023841858,0.200000002980232);
#10728=CARTESIAN_POINT('',(2.65,-1.39,3.31));
#10729=CARTESIAN_POINT('',(4.35,-1.39,3.31));
#10730=CARTESIAN_POINT('',(2.65,-1.39,3.31));
#10731=VECTOR('',#13375,1000.0);
#10732=CARTESIAN_POINT('',(4.35,-1.4,3.31));
#10733=CARTESIAN_POINT('',(4.35,-1.39,3.31));
#10734=VECTOR('',#13376,1000.0);
#10735=CARTESIAN_POINT('',(2.65,-1.4,3.31));
#10736=CARTESIAN_POINT('',(4.35,-1.4,3.31));
#10737=VECTOR('',#13377,1000.0);
#10738=CARTESIAN_POINT('',(2.65,-1.4,3.31));
#10739=VECTOR('',#13378,1000.0);
#10740=COLOUR_RGB('',0.333333343267441,0.600000023841858,0.200000002980232);
#10741=CARTESIAN_POINT('',(0.0,-1.39,1.59));
#10742=CARTESIAN_POINT('',(0.85,-1.39,1.59));
#10743=CARTESIAN_POINT('',(-0.85,-1.39,1.59));
#10744=VECTOR('',#13379,1000.0);
#10745=CARTESIAN_POINT('',(0.0,-1.4,1.59));
#10746=CARTESIAN_POINT('',(0.0,-3.5,1.59));
#10747=VECTOR('',#13380,1000.0);
#10748=CARTESIAN_POINT('',(0.85,-1.4,1.59));
#10749=CARTESIAN_POINT('',(0.85,-1.4,1.59));
#10750=VECTOR('',#13381,1000.0);
#10751=CARTESIAN_POINT('',(0.85,-1.39,1.59));
#10752=VECTOR('',#13382,1000.0);
#10753=COLOUR_RGB('',0.333333343267441,0.600000023841858,0.200000002980232);
#10754=CARTESIAN_POINT('',(1.35,-0.600000000000001,1.18045018441136));
#10755=CARTESIAN_POINT('',(1.35,-3.5,3.61383911482547));
#10756=VECTOR('',#13383,1000.0);
#10757=CARTESIAN_POINT('',(0.0,-1.1,1.6));
#10758=CARTESIAN_POINT('',(0.0,-3.5,3.61383911482547));
#10759=VECTOR('',#13384,1000.0);
#10760=CARTESIAN_POINT('',(0.85,-1.1,1.6));
#10761=CARTESIAN_POINT('',(1.45,-1.1,1.6));
#10762=VECTOR('',#13385,1000.0);
#10763=CARTESIAN_POINT('',(-1.55,-3.5,3.61383911482547));
#10764=VECTOR('',#13386,1000.0);
#10765=COLOUR_RGB('',0.866666674613953,0.866666674613953,0.866666674613953);
#10766=CARTESIAN_POINT('',(0.23564064605511,-3.75,-3.5));
#10767=CARTESIAN_POINT('',(0.45,-3.75,-2.7));
#10768=CARTESIAN_POINT('',(-5.12644823982558,-3.75,-23.5115881568071));
#10769=VECTOR('',#13387,1000.0);
#10770=CARTESIAN_POINT('',(0.45,-3.75,1.62630325872825E-15));
#10771=CARTESIAN_POINT('',(0.45,-3.75,-25.2469472324903));
#10772=VECTOR('',#13388,1000.0);
#10773=CARTESIAN_POINT('',(0.0,-3.75,1.62630325872825E-15));
#10774=CARTESIAN_POINT('',(1.45,-3.75,1.62630325872825E-15));
#10775=VECTOR('',#13389,1000.0);
#10776=CARTESIAN_POINT('',(0.0,-3.75,-3.5));
#10777=CARTESIAN_POINT('',(0.0,-3.75,1.62630325872825E-15));
#10778=VECTOR('',#13390,1000.0);
#10779=CARTESIAN_POINT('',(1.45,-3.75,-3.5));
#10780=VECTOR('',#13391,1000.0);
#10781=COLOUR_RGB('',0.866666674613953,0.866666674613953,0.866666674613953);
#10782=CARTESIAN_POINT('',(3.85,-2.09287527205297,7.35));
#10783=CARTESIAN_POINT('',(3.85,-3.5,7.35));
#10784=VECTOR('',#13392,1000.0);
#10785=CARTESIAN_POINT('',(3.15,-2.09287527205297,7.35));
#10786=AXIS2_PLACEMENT_3D('',#13393,#13394,#13395);
#10787=CARTESIAN_POINT('',(3.15,-3.5,7.35));
#10788=VECTOR('',#13396,1000.0);
#10789=COLOUR_RGB('',0.866666674613953,0.866666674613953,0.866666674613953);
#10790=CARTESIAN_POINT('',(0.0,-1.4,1.6));
#10791=CARTESIAN_POINT('',(0.0,-6.25,1.6));
#10792=CARTESIAN_POINT('',(0.0,-3.5,1.6));
#10793=VECTOR('',#13397,1000.0);
#10794=CARTESIAN_POINT('',(0.825,-6.25,1.6));
#10795=CARTESIAN_POINT('',(1.45,-6.25,1.6));
#10796=VECTOR('',#13398,1000.0);
#10797=CARTESIAN_POINT('',(0.825,-1.4,1.6));
#10798=CARTESIAN_POINT('',(0.825,-3.5,1.6));
#10799=VECTOR('',#13399,1000.0);
#10800=CARTESIAN_POINT('',(1.45,-1.4,1.6));
#10801=VECTOR('',#13400,1000.0);
#10802=COLOUR_RGB('',0.333333343267441,0.600000023841858,0.200000002980232);
#10803=CARTESIAN_POINT('',(0.0,-5.5,9.1));
#10804=CARTESIAN_POINT('',(0.0,-6.45644854091766,1.62630325872825E-15));
#10805=VECTOR('',#13401,1000.0);
#10806=CARTESIAN_POINT('',(7.0,-5.5,9.1));
#10807=CARTESIAN_POINT('',(7.0,-6.45644854091766,1.62630325872825E-15));
#10808=VECTOR('',#13402,1000.0);
#10809=CARTESIAN_POINT('',(1.45,-5.5,9.1));
#10810=VECTOR('',#13403,1000.0);
#10811=COLOUR_RGB('',0.866666674613953,0.866666674613953,0.866666674613953);
#10812=CARTESIAN_POINT('',(4.325,-1.4,3.3));
#10813=CARTESIAN_POINT('',(2.675,-1.4,3.3));
#10814=CARTESIAN_POINT('',(1.45,-1.4,3.3));
#10815=VECTOR('',#13404,1000.0);
#10816=CARTESIAN_POINT('',(4.325,-3.5,3.3));
#10817=VECTOR('',#13405,1000.0);
#10818=CARTESIAN_POINT('',(2.675,-3.5,3.3));
#10819=VECTOR('',#13406,1000.0);
#10820=COLOUR_RGB('',0.866666674613953,0.866666674613953,0.866666674613953);
#10821=CARTESIAN_POINT('',(4.325,-1.4,1.6));
#10822=CARTESIAN_POINT('',(4.325,-1.4,1.62630325872825E-15));
#10823=VECTOR('',#13407,1000.0);
#10824=CARTESIAN_POINT('',(4.325,-3.5,1.6));
#10825=VECTOR('',#13408,1000.0);
#10826=COLOUR_RGB('',0.333333343267441,0.600000023841858,0.200000002980232);
#10827=CARTESIAN_POINT('',(7.0,-1.39,3.31));
#10828=CARTESIAN_POINT('',(7.0,-1.39,3.3));
#10829=CARTESIAN_POINT('',(7.0,-1.39,1.62630325872825E-15));
#10830=VECTOR('',#13409,1000.0);
#10831=CARTESIAN_POINT('',(6.15,-1.39,3.31));
#10832=CARTESIAN_POINT('',(6.15,-1.39,3.31));
#10833=VECTOR('',#13410,1000.0);
#10834=CARTESIAN_POINT('',(6.15,-1.39,3.3));
#10835=CARTESIAN_POINT('',(6.15,-1.39,3.3));
#10836=VECTOR('',#13411,1000.0);
#10837=CARTESIAN_POINT('',(4.95,-1.39,3.3));
#10838=VECTOR('',#13412,1000.0);
#10839=COLOUR_RGB('',0.333333343267441,0.600000023841858,0.200000002980232);
#10840=CARTESIAN_POINT('',(6.65,-2.09287527205297,8.05));
#10841=AXIS2_PLACEMENT_3D('',#13413,#13414,#13415);
#10842=CARTESIAN_POINT('',(6.65,-2.09287527205297,7.35));
#10843=CARTESIAN_POINT('',(6.65,-2.09287527205297,7.1));
#10844=VECTOR('',#13416,1000.0);
#10845=CARTESIAN_POINT('',(7.0,-2.05,7.35));
#10846=AXIS2_PLACEMENT_3D('',#13417,#13418,#13419);
#10847=CARTESIAN_POINT('',(7.0,-2.05,9.1));
#10848=CARTESIAN_POINT('',(7.0,-2.05,7.1));
#10849=VECTOR('',#13420,1000.0);
#10850=AXIS2_PLACEMENT_3D('',#13421,#13422,#13423);
#10851=COLOUR_RGB('',0.866666674613953,0.866666674613953,0.866666674613953);
#10852=CARTESIAN_POINT('',(7.0,-6.25,3.3));
#10853=CARTESIAN_POINT('',(7.0,-6.25,1.6));
#10854=CARTESIAN_POINT('',(7.0,-6.25,1.62630325872825E-15));
#10855=VECTOR('',#13424,1000.0);
#10856=CARTESIAN_POINT('',(6.175,-6.25,1.6));
#10857=CARTESIAN_POINT('',(4.95,-6.25,1.6));
#10858=VECTOR('',#13425,1000.0);
#10859=CARTESIAN_POINT('',(6.175,-6.25,3.3));
#10860=CARTESIAN_POINT('',(6.175,-6.25,1.62630325872825E-15));
#10861=VECTOR('',#13426,1000.0);
#10862=CARTESIAN_POINT('',(4.95,-6.25,3.3));
#10863=VECTOR('',#13427,1000.0);
#10864=COLOUR_RGB('',0.333333343267441,0.600000023841858,0.200000002980232);
#10865=CARTESIAN_POINT('',(6.15,-1.1,3.3));
#10866=CARTESIAN_POINT('',(6.15,-1.1,1.6));
#10867=CARTESIAN_POINT('',(6.15,-1.1,1.62630325872825E-15));
#10868=VECTOR('',#13428,1000.0);
#10869=CARTESIAN_POINT('',(6.15,-8.67361737988404E-16,3.3));
#10870=VECTOR('',#13429,1000.0);
#10871=CARTESIAN_POINT('',(6.15,-1.4,3.31));
#10872=CARTESIAN_POINT('',(6.15,-1.4,3.31));
#10873=VECTOR('',#13430,1000.0);
#10874=CARTESIAN_POINT('',(6.15,-1.4,3.3));
#10875=VECTOR('',#13431,1000.0);
#10876=CARTESIAN_POINT('',(6.15,-1.39,1.6));
#10877=CARTESIAN_POINT('',(6.15,-1.39,1.6));
#10878=VECTOR('',#13432,1000.0);
#10879=CARTESIAN_POINT('',(6.15,-8.67361737988404E-16,1.6));
#10880=VECTOR('',#13433,1000.0);
#10881=COLOUR_RGB('',0.866666674613953,0.866666674613953,0.866666674613953);
#10882=CARTESIAN_POINT('',(7.0,-1.4,3.31));
#10883=CARTESIAN_POINT('',(7.85,-1.4,3.31));
#10884=VECTOR('',#13434,1000.0);
#10885=CARTESIAN_POINT('',(7.0,-1.4,3.3));
#10886=CARTESIAN_POINT('',(7.0,-1.4,1.62630325872825E-15));
#10887=VECTOR('',#13435,1000.0);
#10888=CARTESIAN_POINT('',(6.175,-1.4,3.3));
#10889=CARTESIAN_POINT('',(4.95,-1.4,3.3));
#10890=VECTOR('',#13436,1000.0);
#10891=CARTESIAN_POINT('',(6.175,-1.4,1.6));
#10892=CARTESIAN_POINT('',(6.175,-1.4,1.62630325872825E-15));
#10893=VECTOR('',#13437,1000.0);
#10894=CARTESIAN_POINT('',(7.0,-1.4,1.6));
#10895=CARTESIAN_POINT('',(4.95,-1.4,1.6));
#10896=VECTOR('',#13438,1000.0);
#10897=CARTESIAN_POINT('',(7.0,-1.4,1.62630325872825E-15));
#10898=VECTOR('',#13439,1000.0);
#10899=COLOUR_RGB('',0.333333343267441,0.600000023841858,0.200000002980232);
#10900=CARTESIAN_POINT('',(4.85,-0.522649730810371,4.3));
#10901=CARTESIAN_POINT('',(4.85,-9.6,4.3));
#10902=VECTOR('',#13440,1000.0);
#10903=CARTESIAN_POINT('',(4.85,-0.600000000000001,1.18045018441136));
#10904=CARTESIAN_POINT('',(4.85,-3.5,3.61383911482547));
#10905=VECTOR('',#13441,1000.0);
#10906=CARTESIAN_POINT('',(4.85,-0.600000000000001,4.16602540378444));
#10907=CARTESIAN_POINT('',(4.85,-0.600000000000001,1.62630325872825E-15));
#10908=VECTOR('',#13442,1000.0);
#10909=CARTESIAN_POINT('',(4.85,-2.52894191624433,0.825000000000002));
#10910=VECTOR('',#13443,1000.0);
#10911=COLOUR_RGB('',0.866666674613953,0.866666674613953,0.866666674613953);
#10912=CARTESIAN_POINT('',(6.7643593539449,-3.75,-3.5));
#10913=CARTESIAN_POINT('',(6.7643593539449,-3.5,-3.5));
#10914=VECTOR('',#13444,1000.0);
#10915=CARTESIAN_POINT('',(12.3073139447166,-3.75,-24.1865881568071));
#10916=VECTOR('',#13445,1000.0);
#10917=COLOUR_RGB('',0.333333343267441,0.600000023841858,0.200000002980232);
#10918=CARTESIAN_POINT('',(4.35,-1.1,1.6));
#10919=CARTESIAN_POINT('',(1.95,-3.5,3.61383911482547));
#10920=VECTOR('',#13446,1000.0);
#10921=CARTESIAN_POINT('',(4.35,-1.1,3.3));
#10922=CARTESIAN_POINT('',(4.35,-1.1,1.62630325872825E-15));
#10923=VECTOR('',#13447,1000.0);
#10924=CARTESIAN_POINT('',(1.60684646700454,-3.84315353299546,-1.45128129211021));
#10925=VECTOR('',#13448,1000.0);
#10926=COLOUR_RGB('',0.866666674613953,0.866666674613953,0.866666674613953);
#10927=CARTESIAN_POINT('',(6.175,-3.5,3.3));
#10928=VECTOR('',#13449,1000.0);
#10929=CARTESIAN_POINT('',(6.175,-3.5,1.6));
#10930=VECTOR('',#13450,1000.0);
#10931=COLOUR_RGB('',0.333333343267441,0.600000023841858,0.200000002980232);
#10932=CARTESIAN_POINT('',(7.0,-1.1,3.3));
#10933=CARTESIAN_POINT('',(4.95,-1.1,3.3));
#10934=VECTOR('',#13451,1000.0);
#10935=CARTESIAN_POINT('',(7.0,-3.5,3.3));
#10936=VECTOR('',#13452,1000.0);
#10937=COLOUR_RGB('',0.866666674613953,0.866666674613953,0.866666674613953);
#10938=CARTESIAN_POINT('',(3.95,-3.25,-2.7));
#10939=CARTESIAN_POINT('',(3.95,-3.75,-2.7));
#10940=CARTESIAN_POINT('',(3.95,-6.75,-2.7));
#10941=VECTOR('',#13453,1000.0);
#10942=CARTESIAN_POINT('',(3.73564064605511,-3.75,-3.5));
#10943=CARTESIAN_POINT('',(-1.62644823982558,-3.75,-23.5115881568071));
#10944=VECTOR('',#13454,1000.0);
#10945=CARTESIAN_POINT('',(3.73564064605511,-3.25,-3.5));
#10946=CARTESIAN_POINT('',(3.73564064605511,-3.5,-3.5));
#10947=VECTOR('',#13455,1000.0);
#10948=CARTESIAN_POINT('',(-1.62644823982558,-3.25,-23.5115881568071));
#10949=VECTOR('',#13456,1000.0);
#10950=COLOUR_RGB('',0.333333343267441,0.600000023841858,0.200000002980232);
#10951=CARTESIAN_POINT('',(5.65,-0.600000000000001,1.18045018441136));
#10952=CARTESIAN_POINT('',(8.55,-3.5,3.61383911482547));
#10953=VECTOR('',#13457,1000.0);
#10954=CARTESIAN_POINT('',(7.0,-1.1,1.6));
#10955=CARTESIAN_POINT('',(4.95,-1.1,1.6));
#10956=VECTOR('',#13458,1000.0);
#10957=CARTESIAN_POINT('',(7.0,-3.5,3.61383911482547));
#10958=VECTOR('',#13459,1000.0);
#10959=CARTESIAN_POINT('',(5.65,-3.5,3.61383911482547));
#10960=VECTOR('',#13460,1000.0);
#10961=COLOUR_RGB('',0.333333343267441,0.600000023841858,0.200000002980232);
#10962=CARTESIAN_POINT('',(7.0,-0.522649730810371,4.3));
#10963=CARTESIAN_POINT('',(7.0,-3.00525588832577,1.62630325872825E-15));
#10964=VECTOR('',#13461,1000.0);
#10965=CARTESIAN_POINT('',(5.65,-0.600000000000001,4.16602540378444));
#10966=CARTESIAN_POINT('',(9.43315353299546,-4.38315353299546,-2.3865887281974));
#10967=VECTOR('',#13462,1000.0);
#10968=CARTESIAN_POINT('',(5.65,-0.522649730810371,4.3));
#10969=CARTESIAN_POINT('',(5.65,-2.52894191624433,0.825000000000002));
#10970=VECTOR('',#13463,1000.0);
#10971=CARTESIAN_POINT('',(4.95,-0.522649730810371,4.3));
#10972=VECTOR('',#13464,1000.0);
#10973=COLOUR_RGB('',0.333333343267441,0.600000023841858,0.200000002980232);
#10974=CARTESIAN_POINT('',(5.65,-9.6,4.3));
#10975=VECTOR('',#13465,1000.0);
#10976=CARTESIAN_POINT('',(5.65,-0.600000000000001,1.62630325872825E-15));
#10977=VECTOR('',#13466,1000.0);
#10978=COLOUR_RGB('',0.866666674613953,0.866666674613953,0.866666674613953);
#10979=CARTESIAN_POINT('',(6.65,-3.5,8.05));
#10980=VECTOR('',#13467,1000.0);
#10981=COLOUR_RGB('',0.866666674613953,0.866666674613953,0.866666674613953);
#10982=CARTESIAN_POINT('',(3.85,-2.09287527205297,8.05));
#10983=CARTESIAN_POINT('',(3.85,-1.83047720370702,8.05));
#10984=VECTOR('',#13468,1000.0);
#10985=CARTESIAN_POINT('',(3.85,-2.09287527205297,7.1));
#10986=VECTOR('',#13469,1000.0);
#10987=COLOUR_RGB('',0.333333343267441,0.600000023841858,0.200000002980232);
#10988=CARTESIAN_POINT('',(7.0,-3.5,3.31));
#10989=VECTOR('',#13470,1000.0);
#10990=COLOUR_RGB('',0.866666674613953,0.866666674613953,0.866666674613953);
#10991=CARTESIAN_POINT('',(7.0,-3.5,7.35));
#10992=VECTOR('',#13471,1000.0);
#10993=CARTESIAN_POINT('',(6.65,-3.5,7.35));
#10994=VECTOR('',#13472,1000.0);
#10995=COLOUR_RGB('',0.866666674613953,0.866666674613953,0.866666674613953);
#10996=CARTESIAN_POINT('',(3.95,-3.75,1.62630325872825E-15));
#10997=CARTESIAN_POINT('',(3.95,-3.75,-25.2469472324903));
#10998=VECTOR('',#13473,1000.0);
#10999=CARTESIAN_POINT('',(3.95,-3.25,1.62630325872825E-15));
#11000=CARTESIAN_POINT('',(3.95,-3.25,-25.2469472324903));
#11001=VECTOR('',#13474,1000.0);
#11002=CARTESIAN_POINT('',(3.95,-3.5,1.62630325872825E-15));
#11003=VECTOR('',#13475,1000.0);
#11004=COLOUR_RGB('',0.333333343267441,0.600000023841858,0.200000002980232);
#11005=CARTESIAN_POINT('',(7.0,-1.39,1.6));
#11006=CARTESIAN_POINT('',(7.0,-3.5,1.6));
#11007=VECTOR('',#13476,1000.0);
#11008=CARTESIAN_POINT('',(4.95,-1.39,1.6));
#11009=VECTOR('',#13477,1000.0);
#11010=COLOUR_RGB('',0.333333343267441,0.600000023841858,0.200000002980232);
#11011=CARTESIAN_POINT('',(4.35,-1.39,1.6));
#11012=CARTESIAN_POINT('',(4.35,-8.67361737988404E-16,1.6));
#11013=VECTOR('',#13478,1000.0);
#11014=CARTESIAN_POINT('',(4.35,-1.39,1.6));
#11015=VECTOR('',#13479,1000.0);
#11016=CARTESIAN_POINT('',(4.35,-1.4,1.6));
#11017=VECTOR('',#13480,1000.0);
#11018=CARTESIAN_POINT('',(4.35,-1.39,3.3));
#11019=CARTESIAN_POINT('',(4.35,-1.39,3.3));
#11020=VECTOR('',#13481,1000.0);
#11021=CARTESIAN_POINT('',(4.35,-8.67361737988404E-16,3.3));
#11022=VECTOR('',#13482,1000.0);
#11023=COLOUR_RGB('',0.333333343267441,0.600000023841858,0.200000002980232);
#11024=CARTESIAN_POINT('',(7.0,-1.39,1.62630325872825E-15));
#11025=VECTOR('',#13483,1000.0);
#11026=COLOUR_RGB('',0.333333343267441,0.600000023841858,0.200000002980232);
#11027=CARTESIAN_POINT('',(7.0,-3.5,4.3));
#11028=VECTOR('',#13484,1000.0);
#11029=COLOUR_RGB('',0.333333343267441,0.600000023841858,0.200000002980232);
#11030=COLOUR_RGB('',0.333333343267441,0.600000023841858,0.200000002980232);
#11031=CARTESIAN_POINT('',(7.0,-3.5,1.6));
#11032=VECTOR('',#13485,1000.0);
#11033=CARTESIAN_POINT('',(7.0,-3.5,3.3));
#11034=VECTOR('',#13486,1000.0);
#11035=CARTESIAN_POINT('',(7.0,-0.500000000000001,4.8));
#11036=CARTESIAN_POINT('',(7.0,-3.5,4.8));
#11037=VECTOR('',#13487,1000.0);
#11038=CARTESIAN_POINT('',(7.0,-1.1810530933955,9.1));
#11039=CARTESIAN_POINT('',(7.0,0.260245313557779,1.62630325872825E-15));
#11040=VECTOR('',#13488,1000.0);
#11041=CARTESIAN_POINT('',(7.0,-3.5,9.1));
#11042=VECTOR('',#13489,1000.0);
#11043=CARTESIAN_POINT('',(7.0,-3.5,9.1));
#11044=VECTOR('',#13490,1000.0);
#11045=CARTESIAN_POINT('',(7.0,-6.2,4.3));
#11046=CARTESIAN_POINT('',(7.0,-6.35015930881452,1.62630325872825E-15));
#11047=VECTOR('',#13491,1000.0);
#11048=CARTESIAN_POINT('',(7.0,-7.3,4.3));
#11049=CARTESIAN_POINT('',(7.0,-3.5,4.3));
#11050=VECTOR('',#13492,1000.0);
#11051=CARTESIAN_POINT('',(7.0,-7.3,1.62630325872825E-15));
#11052=CARTESIAN_POINT('',(7.0,-7.3,1.62630325872825E-15));
#11053=VECTOR('',#13493,1000.0);
#11054=CARTESIAN_POINT('',(7.0,-3.75,1.62630325872825E-15));
#11055=CARTESIAN_POINT('',(7.0,-3.5,1.62630325872825E-15));
#11056=VECTOR('',#13494,1000.0);
#11057=CARTESIAN_POINT('',(7.0,-3.75,-3.5));
#11058=CARTESIAN_POINT('',(7.0,-3.75,1.62630325872825E-15));
#11059=VECTOR('',#13495,1000.0);
#11060=CARTESIAN_POINT('',(7.0,-3.5,-3.5));
#11061=VECTOR('',#13496,1000.0);
#11062=CARTESIAN_POINT('',(7.0,-3.5,1.62630325872825E-15));
#11063=VECTOR('',#13497,1000.0);
#11064=COLOUR_RGB('',0.333333343267441,0.600000023841858,0.200000002980232);
#11065=CARTESIAN_POINT('',(0.0,-1.1810530933955,9.1));
#11066=CARTESIAN_POINT('',(1.45,-1.1810530933955,9.1));
#11067=VECTOR('',#13498,1000.0);
#11068=CARTESIAN_POINT('',(0.0,-0.500000000000001,4.8));
#11069=CARTESIAN_POINT('',(8.45,-0.500000000000001,4.8));
#11070=VECTOR('',#13499,1000.0);
#11071=CARTESIAN_POINT('',(0.0,0.260245313557779,1.62630325872825E-15));
#11072=VECTOR('',#13500,1000.0);
#11073=COLOUR_RGB('',0.333333343267441,0.600000023841858,0.200000002980232);
#11074=CARTESIAN_POINT('',(2.65,-1.1,3.3));
#11075=CARTESIAN_POINT('',(1.45,-1.1,3.3));
#11076=VECTOR('',#13501,1000.0);
#11077=CARTESIAN_POINT('',(2.65,-1.39,3.3));
#11078=CARTESIAN_POINT('',(1.45,-1.39,3.3));
#11079=VECTOR('',#13502,1000.0);
#11080=CARTESIAN_POINT('',(2.65,-8.67361737988404E-16,3.3));
#11081=VECTOR('',#13503,1000.0);
#11082=COLOUR_RGB('',0.333333343267441,0.600000023841858,0.200000002980232);
#11083=CARTESIAN_POINT('',(2.65,-1.39,1.6));
#11084=CARTESIAN_POINT('',(1.45,-1.39,1.6));
#11085=VECTOR('',#13504,1000.0);
#11086=CARTESIAN_POINT('',(2.65,-1.1,1.6));
#11087=CARTESIAN_POINT('',(1.45,-1.1,1.6));
#11088=VECTOR('',#13505,1000.0);
#11089=CARTESIAN_POINT('',(2.65,-8.67361737988404E-16,1.6));
#11090=VECTOR('',#13506,1000.0);
#11091=COLOUR_RGB('',0.333333343267441,0.600000023841858,0.200000002980232);
#11092=CARTESIAN_POINT('',(0.0,-7.3,4.3));
#11093=CARTESIAN_POINT('',(0.0,-6.2,4.3));
#11094=CARTESIAN_POINT('',(0.0,-3.5,4.3));
#11095=VECTOR('',#13507,1000.0);
#11096=CARTESIAN_POINT('',(1.45,-7.3,4.3));
#11097=VECTOR('',#13508,1000.0);
#11098=CARTESIAN_POINT('',(1.45,-6.2,4.3));
#11099=VECTOR('',#13509,1000.0);
#11100=COLOUR_RGB('',0.333333343267441,0.600000023841858,0.200000002980232);
#11101=CARTESIAN_POINT('',(2.65,-1.1,1.62630325872825E-15));
#11102=VECTOR('',#13510,1000.0);
#11103=CARTESIAN_POINT('',(2.65,-1.39,3.3));
#11104=VECTOR('',#13511,1000.0);
#11105=CARTESIAN_POINT('',(2.65,-1.4,3.3));
#11106=VECTOR('',#13512,1000.0);
#11107=CARTESIAN_POINT('',(2.65,-1.39,1.6));
#11108=VECTOR('',#13513,1000.0);
#11109=COLOUR_RGB('',0.333333343267441,0.600000023841858,0.200000002980232);
#11110=CARTESIAN_POINT('',(0.0,-2.05,9.1));
#11111=CARTESIAN_POINT('',(0.0,-3.5,9.1));
#11112=VECTOR('',#13514,1000.0);
#11113=AXIS2_PLACEMENT_3D('',#13515,#13516,#13517);
#11114=CARTESIAN_POINT('',(0.0,-3.5,9.1));
#11115=VECTOR('',#13518,1000.0);
#11116=AXIS2_PLACEMENT_3D('',#13519,#13520,#13521);
#11117=COLOUR_RGB('',0.333333343267441,0.600000023841858,0.200000002980232);
#11118=CARTESIAN_POINT('',(0.0,-1.39,3.3));
#11119=CARTESIAN_POINT('',(0.0,-1.1,3.3));
#11120=CARTESIAN_POINT('',(0.0,-3.5,3.3));
#11121=VECTOR('',#13522,1000.0);
#11122=CARTESIAN_POINT('',(0.85,-1.1,3.3));
#11123=CARTESIAN_POINT('',(1.45,-1.1,3.3));
#11124=VECTOR('',#13523,1000.0);
#11125=CARTESIAN_POINT('',(0.85,-1.39,3.3));
#11126=CARTESIAN_POINT('',(0.85,-8.67361737988404E-16,3.3));
#11127=VECTOR('',#13524,1000.0);
#11128=CARTESIAN_POINT('',(1.45,-1.39,3.3));
#11129=VECTOR('',#13525,1000.0);
#11130=COLOUR_RGB('',0.333333343267441,0.600000023841858,0.200000002980232);
#11131=CARTESIAN_POINT('',(0.0,-6.35015930881452,1.62630325872825E-15));
#11132=VECTOR('',#13526,1000.0);
#11133=COLOUR_RGB('',0.333333343267441,0.600000023841858,0.200000002980232);
#11134=CARTESIAN_POINT('',(1.35,-0.600000000000001,4.16602540378444));
#11135=CARTESIAN_POINT('',(-1.89315353299546,-3.84315353299546,-1.45128129211021));
#11136=VECTOR('',#13527,1000.0);
#11137=CARTESIAN_POINT('',(0.0,-0.522649730810381,4.3));
#11138=CARTESIAN_POINT('',(0.0,-3.00525588832577,1.62630325872825E-15));
#11139=VECTOR('',#13528,1000.0);
#11140=CARTESIAN_POINT('',(1.35,-0.522649730810371,4.3));
#11141=CARTESIAN_POINT('',(-2.05,-0.522649730810371,4.3));
#11142=VECTOR('',#13529,1000.0);
#11143=CARTESIAN_POINT('',(1.35,-2.52894191624433,0.825000000000002));
#11144=VECTOR('',#13530,1000.0);
#11145=COLOUR_RGB('',0.333333343267441,0.600000023841858,0.200000002980232);
#11146=CARTESIAN_POINT('',(0.85,-1.1,1.62630325872825E-15));
#11147=VECTOR('',#13531,1000.0);
#11148=CARTESIAN_POINT('',(1.35,-0.600000000000001,1.62630325872825E-15));
#11149=VECTOR('',#13532,1000.0);
#11150=COLOUR_RGB('',0.333333343267441,0.600000023841858,0.200000002980232);
#11151=CARTESIAN_POINT('',(1.35,-9.6,4.3));
#11152=VECTOR('',#13533,1000.0);
#11153=COLOUR_RGB('',0.333333343267441,0.600000023841858,0.200000002980232);
#11154=CARTESIAN_POINT('',(0.0,-7.3,1.62630325872825E-15));
#11155=CARTESIAN_POINT('',(0.0,-7.3,1.62630325872825E-15));
#11156=VECTOR('',#13534,1000.0);
#11157=CARTESIAN_POINT('',(1.45,-7.3,1.62630325872825E-15));
#11158=VECTOR('',#13535,1000.0);
#11159=COLOUR_RGB('',0.333333343267441,0.600000023841858,0.200000002980232);
#11160=CARTESIAN_POINT('',(0.0,-1.39,1.6));
#11161=CARTESIAN_POINT('',(0.0,-3.5,1.6));
#11162=VECTOR('',#13536,1000.0);
#11163=CARTESIAN_POINT('',(0.85,-1.39,1.6));
#11164=CARTESIAN_POINT('',(1.45,-1.39,1.6));
#11165=VECTOR('',#13537,1000.0);
#11166=CARTESIAN_POINT('',(0.85,-8.67361737988404E-16,1.6));
#11167=VECTOR('',#13538,1000.0);
#11168=COLOUR_RGB('',0.333333343267441,0.600000023841858,0.200000002980232);
#11169=CARTESIAN_POINT('',(0.0,-3.5,4.3));
#11170=VECTOR('',#13539,1000.0);
#11171=COLOUR_RGB('',0.333333343267441,0.600000023841858,0.200000002980232);
#11172=CARTESIAN_POINT('',(0.0,-3.25,1.62630325872825E-15));
#11173=CARTESIAN_POINT('',(0.45,-3.25,1.62630325872825E-15));
#11174=CARTESIAN_POINT('',(1.45,-3.25,1.62630325872825E-15));
#11175=VECTOR('',#13540,1000.0);
#11176=CARTESIAN_POINT('',(0.0,-3.5,1.62630325872825E-15));
#11177=VECTOR('',#13541,1000.0);
#11178=CARTESIAN_POINT('',(4.95,-3.75,1.62630325872825E-15));
#11179=VECTOR('',#13542,1000.0);
#11180=CARTESIAN_POINT('',(0.0,-3.5,1.62630325872825E-15));
#11181=VECTOR('',#13543,1000.0);
#11182=CARTESIAN_POINT('',(0.45,-3.5,1.62630325872825E-15));
#11183=VECTOR('',#13544,1000.0);
#11184=CARTESIAN_POINT('',(3.05,-3.25,1.62630325872825E-15));
#11185=CARTESIAN_POINT('',(1.45,-3.25,1.62630325872825E-15));
#11186=VECTOR('',#13545,1000.0);
#11187=CARTESIAN_POINT('',(3.05,-3.75,1.62630325872825E-15));
#11188=CARTESIAN_POINT('',(3.05,-3.5,1.62630325872825E-15));
#11189=VECTOR('',#13546,1000.0);
#11190=CARTESIAN_POINT('',(1.45,-3.75,1.62630325872825E-15));
#11191=VECTOR('',#13547,1000.0);
#11192=COLOUR_RGB('',0.333333343267441,0.600000023841858,0.200000002980232);
#11193=CARTESIAN_POINT('',(0.0,-2.05,7.35));
#11194=CARTESIAN_POINT('',(0.0,-2.05,7.1));
#11195=VECTOR('',#13548,1000.0);
#11196=AXIS2_PLACEMENT_3D('',#13549,#13550,#13551);
#11197=AXIS2_PLACEMENT_3D('',#13552,#13553,#13554);
#11198=COLOUR_RGB('',0.333333343267441,0.600000023841858,0.200000002980232);
#11199=CARTESIAN_POINT('',(0.85,-1.39,3.31));
#11200=CARTESIAN_POINT('',(0.85,-1.4,3.31));
#11201=CARTESIAN_POINT('',(0.85,-1.39,3.31));
#11202=VECTOR('',#13555,1000.0);
#11203=CARTESIAN_POINT('',(0.0,-1.4,3.31));
#11204=CARTESIAN_POINT('',(0.85,-1.4,3.31));
#11205=VECTOR('',#13556,1000.0);
#11206=CARTESIAN_POINT('',(0.0,-1.39,3.31));
#11207=CARTESIAN_POINT('',(0.0,-3.5,3.31));
#11208=VECTOR('',#13557,1000.0);
#11209=CARTESIAN_POINT('',(-0.85,-1.39,3.31));
#11210=VECTOR('',#13558,1000.0);
#11211=COLOUR_RGB('',0.333333343267441,0.600000023841858,0.200000002980232);
#11212=CARTESIAN_POINT('',(0.85,-1.39,1.6));
#11213=VECTOR('',#13559,1000.0);
#11214=CARTESIAN_POINT('',(0.85,-1.4,1.6));
#11215=VECTOR('',#13560,1000.0);
#11216=CARTESIAN_POINT('',(0.85,-1.39,3.3));
#11217=VECTOR('',#13561,1000.0);
#11218=COLOUR_RGB('',0.333333343267441,0.600000023841858,0.200000002980232);
#11219=CARTESIAN_POINT('',(2.15,-0.522649730810371,4.3));
#11220=CARTESIAN_POINT('',(1.45,-0.522649730810371,4.3));
#11221=VECTOR('',#13562,1000.0);
#11222=CARTESIAN_POINT('',(2.15,-0.600000000000001,4.16602540378444));
#11223=CARTESIAN_POINT('',(5.93315353299546,-4.38315353299546,-2.3865887281974));
#11224=VECTOR('',#13563,1000.0);
#11225=CARTESIAN_POINT('',(2.15,-2.52894191624433,0.825000000000002));
#11226=VECTOR('',#13564,1000.0);
#11227=COLOUR_RGB('',0.333333343267441,0.600000023841858,0.200000002980232);
#11228=COLOUR_RGB('',0.333333343267441,0.600000023841858,0.200000002980232);
#11229=CARTESIAN_POINT('',(0.0,-1.39,1.62630325872825E-15));
#11230=VECTOR('',#13565,1000.0);
#11231=COLOUR_RGB('',0.333333343267441,0.600000023841858,0.200000002980232);
#11232=CARTESIAN_POINT('',(0.0,-3.5,7.35));
#11233=VECTOR('',#13566,1000.0);
#11234=CARTESIAN_POINT('',(0.0,-3.5,4.8));
#11235=VECTOR('',#13567,1000.0);
#11236=CARTESIAN_POINT('',(0.0,-1.4,3.3));
#11237=CARTESIAN_POINT('',(0.0,-1.4,1.62630325872825E-15));
#11238=VECTOR('',#13568,1000.0);
#11239=CARTESIAN_POINT('',(0.0,-6.25,3.3));
#11240=CARTESIAN_POINT('',(0.0,-3.5,3.3));
#11241=VECTOR('',#13569,1000.0);
#11242=CARTESIAN_POINT('',(0.0,-6.25,1.62630325872825E-15));
#11243=VECTOR('',#13570,1000.0);
#11244=CARTESIAN_POINT('',(0.0,-1.4,1.62630325872825E-15));
#11245=VECTOR('',#13571,1000.0);
#11246=CARTESIAN_POINT('',(0.0,-1.39,1.62630325872825E-15));
#11247=VECTOR('',#13572,1000.0);
#11248=CARTESIAN_POINT('',(0.0,-3.25,-3.5));
#11249=CARTESIAN_POINT('',(0.0,-3.25,1.62630325872825E-15));
#11250=VECTOR('',#13573,1000.0);
#11251=CARTESIAN_POINT('',(0.0,-3.5,-3.5));
#11252=VECTOR('',#13574,1000.0);
#11253=COLOUR_RGB('',0.333333343267441,0.600000023841858,0.200000002980232);
#11254=COLOUR_RGB('',0.333333343267441,0.600000023841858,0.200000002980232);
#11255=CARTESIAN_POINT('',(2.15,-9.6,4.3));
#11256=VECTOR('',#13575,1000.0);
#11257=COLOUR_RGB('',0.333333343267441,0.600000023841858,0.200000002980232);
#11258=CARTESIAN_POINT('',(2.15,-0.600000000000001,1.18045018441136));
#11259=CARTESIAN_POINT('',(2.15,-3.5,3.61383911482547));
#11260=VECTOR('',#13576,1000.0);
#11261=CARTESIAN_POINT('',(2.15,-0.600000000000001,1.62630325872825E-15));
#11262=VECTOR('',#13577,1000.0);
#11263=COLOUR_RGB('',0.333333343267441,0.600000023841858,0.200000002980232);
#11264=CARTESIAN_POINT('',(5.05,-3.5,3.61383911482547));
#11265=VECTOR('',#13578,1000.0);
#11266=COLOUR_RGB('',0.333333343267441,0.600000023841858,0.200000002980232);
#11267=COLOUR_RGB('',0.333333343267441,0.600000023841858,0.200000002980232);
#11268=COLOUR_RGB('',0.333333343267441,0.600000023841858,0.200000002980232);
#11269=CARTESIAN_POINT('',(3.15,-2.09287527205297,7.1));
#11270=VECTOR('',#13579,1000.0);
#11271=AXIS2_PLACEMENT_3D('',#13580,#13581,#13582);
#11272=COLOUR_RGB('',0.333333343267441,0.600000023841858,0.200000002980232);
#11273=COLOUR_RGB('',0.866666674613953,0.866666674613953,0.866666674613953);
#11274=CARTESIAN_POINT('',(0.825,-1.4,3.3));
#11275=CARTESIAN_POINT('',(0.825,-1.4,1.62630325872825E-15));
#11276=VECTOR('',#13583,1000.0);
#11277=CARTESIAN_POINT('',(0.825,-6.25,3.3));
#11278=CARTESIAN_POINT('',(0.825,-6.25,1.62630325872825E-15));
#11279=VECTOR('',#13584,1000.0);
#11280=CARTESIAN_POINT('',(0.825,-3.5,3.3));
#11281=VECTOR('',#13585,1000.0);
#11282=COLOUR_RGB('',0.866666674613953,0.866666674613953,0.866666674613953);
#11283=CARTESIAN_POINT('',(1.45,-1.4,3.3));
#11284=VECTOR('',#13586,1000.0);
#11285=CARTESIAN_POINT('',(1.45,-6.25,3.3));
#11286=VECTOR('',#13587,1000.0);
#11287=COLOUR_RGB('',0.866666674613953,0.866666674613953,0.866666674613953);
#11288=COLOUR_RGB('',0.866666674613953,0.866666674613953,0.866666674613953);
#11289=COLOUR_RGB('',0.866666674613953,0.866666674613953,0.866666674613953);
#11290=CARTESIAN_POINT('',(2.675,-1.4,1.6));
#11291=CARTESIAN_POINT('',(2.675,-1.4,1.62630325872825E-15));
#11292=VECTOR('',#13588,1000.0);
#11293=CARTESIAN_POINT('',(1.45,-1.4,1.6));
#11294=VECTOR('',#13589,1000.0);
#11295=COLOUR_RGB('',0.866666674613953,0.866666674613953,0.866666674613953);
#11296=CARTESIAN_POINT('',(3.2643593539449,-3.25,-3.5));
#11297=CARTESIAN_POINT('',(1.45,-3.25,-3.5));
#11298=VECTOR('',#13590,1000.0);
#11299=CARTESIAN_POINT('',(3.2643593539449,-3.75,-3.5));
#11300=CARTESIAN_POINT('',(1.45,-3.75,-3.5));
#11301=VECTOR('',#13591,1000.0);
#11302=CARTESIAN_POINT('',(3.2643593539449,-3.5,-3.5));
#11303=VECTOR('',#13592,1000.0);
#11304=COLOUR_RGB('',0.866666674613953,0.866666674613953,0.866666674613953);
#11305=CARTESIAN_POINT('',(3.05,-3.75,-2.7));
#11306=CARTESIAN_POINT('',(3.05,-3.75,-25.2469472324903));
#11307=VECTOR('',#13593,1000.0);
#11308=CARTESIAN_POINT('',(8.80731394471658,-3.75,-24.1865881568071));
#11309=VECTOR('',#13594,1000.0);
#11310=COLOUR_RGB('',0.866666674613953,0.866666674613953,0.866666674613953);
#11311=COLOUR_RGB('',0.866666674613953,0.866666674613953,0.866666674613953);
#11312=CARTESIAN_POINT('',(2.675,-3.5,1.6));
#11313=VECTOR('',#13595,1000.0);
#11314=COLOUR_RGB('',0.866666674613953,0.866666674613953,0.866666674613953);
#11315=CARTESIAN_POINT('',(3.05,-3.25,-2.7));
#11316=CARTESIAN_POINT('',(8.80731394471658,-3.25,-24.1865881568071));
#11317=VECTOR('',#13596,1000.0);
#11318=CARTESIAN_POINT('',(3.05,-3.25,-25.2469472324903));
#11319=VECTOR('',#13597,1000.0);
#11320=COLOUR_RGB('',0.866666674613953,0.866666674613953,0.866666674613953);
#11321=CARTESIAN_POINT('',(3.05,-6.75,-2.7));
#11322=VECTOR('',#13598,1000.0);
#11323=COLOUR_RGB('',0.866666674613953,0.866666674613953,0.866666674613953);
#11324=COLOUR_RGB('',0.866666674613953,0.866666674613953,0.866666674613953);
#11325=CARTESIAN_POINT('',(0.45,-3.25,-2.7));
#11326=CARTESIAN_POINT('',(0.23564064605511,-3.25,-3.5));
#11327=CARTESIAN_POINT('',(-5.12644823982558,-3.25,-23.5115881568071));
#11328=VECTOR('',#13599,1000.0);
#11329=CARTESIAN_POINT('',(1.45,-3.25,-3.5));
#11330=VECTOR('',#13600,1000.0);
#11331=CARTESIAN_POINT('',(0.45,-3.25,-25.2469472324903));
#11332=VECTOR('',#13601,1000.0);
#11333=COLOUR_RGB('',0.866666674613953,0.866666674613953,0.866666674613953);
#11334=CARTESIAN_POINT('',(0.23564064605511,-3.5,-3.5));
#11335=VECTOR('',#13602,1000.0);
#11336=COLOUR_RGB('',0.866666674613953,0.866666674613953,0.866666674613953);
#11337=CARTESIAN_POINT('',(0.45,-6.75,-2.7));
#11338=VECTOR('',#13603,1000.0);
#11339=COLOUR_RGB('',0.866666674613953,0.866666674613953,0.866666674613953);
#11340=COLOUR_RGB('',0.866666674613953,0.866666674613953,0.866666674613953);
#11341=COLOUR_RGB('',0.866666674613953,0.866666674613953,0.866666674613953);
#11342=COLOUR_RGB('',0.866666674613953,0.866666674613953,0.866666674613953);
#11343=COLOUR_RGB('',0.866666674613953,0.866666674613953,0.866666674613953);
#11344=COLOUR_RGB('',0.866666674613953,0.866666674613953,0.866666674613953);
#11345=COLOUR_RGB('',0.866666674613953,0.866666674613953,0.866666674613953);
#11346=CARTESIAN_POINT('',(4.95,-3.75,-3.5));
#11347=VECTOR('',#13604,1000.0);
#11348=COLOUR_RGB('',0.866666674613953,0.866666674613953,0.866666674613953);
#11349=COLOUR_RGB('',0.866666674613953,0.866666674613953,0.866666674613953);
#11350=COLOUR_RGB('',0.866666674613953,0.866666674613953,0.866666674613953);
#11351=COLOUR_RGB('',0.333333343267441,0.600000023841858,0.200000002980232);
#11352=CARTESIAN_POINT('',(8.45,-3.50000000000001,8.05));
#11353=CARTESIAN_POINT('',(8.45,-3.50000000000001,9.1));
#11354=CARTESIAN_POINT('',(8.45,-3.50000000000001,8.225));
#11355=VECTOR('',#13605,1.0);
#11356=CARTESIAN_POINT('',(7.35,-4.90712472794704,8.05));
#11357=AXIS2_PLACEMENT_3D('',#13606,#13607,#13608);
#11358=CARTESIAN_POINT('',(7.35,-4.90712472794704,7.35));
#11359=CARTESIAN_POINT('',(7.35,-4.90712472794704,7.1));
#11360=VECTOR('',#13609,1000.0);
#11361=CARTESIAN_POINT('',(7.0,-4.95000000000001,7.35));
#11362=AXIS2_PLACEMENT_3D('',#13610,#13611,#13612);
#11363=CARTESIAN_POINT('',(7.0,-4.95000000000001,9.1));
#11364=CARTESIAN_POINT('',(7.0,-4.95000000000001,7.1));
#11365=VECTOR('',#13613,1000.0);
#11366=AXIS2_PLACEMENT_3D('',#13614,#13615,#13616);
#11367=COLOUR_RGB('',0.866666674613953,0.866666674613953,0.866666674613953);
#11368=CARTESIAN_POINT('',(7.35,-2.09287527205298,8.05));
#11369=AXIS2_PLACEMENT_3D('',#13617,#13618,#13619);
#11370=CARTESIAN_POINT('',(7.35,-1.83047720370703,8.05));
#11371=VECTOR('',#13620,1000.0);
#11372=COLOUR_RGB('',0.866666674613953,0.866666674613953,0.866666674613953);
#11373=CARTESIAN_POINT('',(7.35,-2.09287527205298,7.35));
#11374=CARTESIAN_POINT('',(7.35,-2.09287527205298,7.1));
#11375=VECTOR('',#13621,1000.0);
#11376=CARTESIAN_POINT('',(7.35,-3.50000000000001,7.35));
#11377=VECTOR('',#13622,1000.0);
#11378=COLOUR_RGB('',0.866666674613953,0.866666674613953,0.866666674613953);
#11379=CARTESIAN_POINT('',(7.0,-2.05000000000001,7.35));
#11380=AXIS2_PLACEMENT_3D('',#13623,#13624,#13625);
#11381=CARTESIAN_POINT('',(7.0,-3.50000000000001,7.35));
#11382=VECTOR('',#13626,1000.0);
#11383=COLOUR_RGB('',0.333333343267441,0.600000023841858,0.200000002980232);
#11384=CARTESIAN_POINT('',(7.0,-2.05000000000001,9.1));
#11385=AXIS2_PLACEMENT_3D('',#13627,#13628,#13629);
#11386=CARTESIAN_POINT('',(7.0,-2.05000000000001,7.1));
#11387=VECTOR('',#13630,1000.0);
#11388=COLOUR_RGB('',0.333333343267441,0.600000023841858,0.200000002980232);
#11389=CARTESIAN_POINT('',(7.0,-5.23822128286217E-15,0.676990405704991));
#11390=CARTESIAN_POINT('',(7.0,-5.23822128286217E-15,-2.9137933385548E-16));
#11391=CARTESIAN_POINT('',(7.0,-5.23822128286217E-15,-2.9137933385548E-16));
#11392=VECTOR('',#13631,1000.0);
#11393=CARTESIAN_POINT('',(7.0,-3.25000000000001,-2.9137933385548E-16));
#11394=CARTESIAN_POINT('',(7.0,-3.50000000000001,-2.9137933385548E-16));
#11395=VECTOR('',#13632,1000.0);
#11396=CARTESIAN_POINT('',(7.0,-3.25000000000001,-3.5));
#11397=CARTESIAN_POINT('',(7.0,-3.25000000000001,-2.9137933385548E-16));
#11398=VECTOR('',#13633,1000.0);
#11399=CARTESIAN_POINT('',(7.0,-3.75000000000001,-3.5));
#11400=CARTESIAN_POINT('',(7.0,-3.50000000000001,-3.5));
#11401=VECTOR('',#13634,1000.0);
#11402=CARTESIAN_POINT('',(7.0,-3.75000000000001,-2.9137933385548E-16));
#11403=CARTESIAN_POINT('',(7.0,-3.75000000000001,-2.9137933385548E-16));
#11404=VECTOR('',#13635,1000.0);
#11405=CARTESIAN_POINT('',(7.0,-7.30000000000001,-2.9137933385548E-16));
#11406=CARTESIAN_POINT('',(7.0,-3.50000000000001,-2.9137933385548E-16));
#11407=VECTOR('',#13636,1000.0);
#11408=CARTESIAN_POINT('',(7.0,-7.30000000000001,4.3));
#11409=CARTESIAN_POINT('',(7.0,-7.30000000000001,-2.9137933385548E-16));
#11410=VECTOR('',#13637,1000.0);
#11411=CARTESIAN_POINT('',(7.0,-6.20000000000001,4.3));
#11412=CARTESIAN_POINT('',(7.0,-3.50000000000001,4.3));
#11413=VECTOR('',#13638,1000.0);
#11414=CARTESIAN_POINT('',(7.0,-6.08126938372807,7.7));
#11415=CARTESIAN_POINT('',(7.0,-6.35015930881453,-2.9137933385548E-16));
#11416=VECTOR('',#13639,1000.0);
#11417=CARTESIAN_POINT('',(7.0,-5.64714592937196,7.7));
#11418=CARTESIAN_POINT('',(7.0,-3.50000000000001,7.7));
#11419=VECTOR('',#13640,1000.0);
#11420=CARTESIAN_POINT('',(7.0,-5.50000000000001,9.1));
#11421=CARTESIAN_POINT('',(7.0,-6.45644854091767,-2.9137933385548E-16));
#11422=VECTOR('',#13641,1000.0);
#11423=CARTESIAN_POINT('',(7.0,-3.50000000000001,9.1));
#11424=VECTOR('',#13642,1000.0);
#11425=CARTESIAN_POINT('',(7.0,-1.18105309339551,9.1));
#11426=CARTESIAN_POINT('',(7.0,-3.50000000000001,9.1));
#11427=VECTOR('',#13643,1000.0);
#11428=CARTESIAN_POINT('',(7.0,-0.500000000000005,4.8));
#11429=CARTESIAN_POINT('',(7.0,0.260245313557775,-2.9137933385548E-16));
#11430=VECTOR('',#13644,1000.0);
#11431=CARTESIAN_POINT('',(7.0,-5.23822128286217E-15,4.8));
#11432=CARTESIAN_POINT('',(7.0,-3.50000000000001,4.8));
#11433=VECTOR('',#13645,1000.0);
#11434=CARTESIAN_POINT('',(7.0,-5.23822128286217E-15,4.3));
#11435=CARTESIAN_POINT('',(7.0,-5.23822128286217E-15,-2.9137933385548E-16));
#11436=VECTOR('',#13646,1000.0);
#11437=CARTESIAN_POINT('',(7.0,-0.522649730810375,4.3));
#11438=CARTESIAN_POINT('',(7.0,-3.50000000000001,4.3));
#11439=VECTOR('',#13647,1000.0);
#11440=CARTESIAN_POINT('',(7.0,-1.10000000000001,3.3));
#11441=CARTESIAN_POINT('',(7.0,-3.00525588832578,-2.9137933385548E-16));
#11442=VECTOR('',#13648,1000.0);
#11443=CARTESIAN_POINT('',(7.0,-1.39000000000001,3.3));
#11444=CARTESIAN_POINT('',(7.0,-3.50000000000001,3.3));
#11445=VECTOR('',#13649,1000.0);
#11446=CARTESIAN_POINT('',(7.0,-1.39000000000001,3.31));
#11447=CARTESIAN_POINT('',(7.0,-1.39000000000001,-2.9137933385548E-16));
#11448=VECTOR('',#13650,1000.0);
#11449=CARTESIAN_POINT('',(7.0,-1.40000000000001,3.31));
#11450=CARTESIAN_POINT('',(7.0,-3.50000000000001,3.31));
#11451=VECTOR('',#13651,1000.0);
#11452=CARTESIAN_POINT('',(7.0,-1.40000000000001,3.3));
#11453=CARTESIAN_POINT('',(7.0,-1.40000000000001,-2.9137933385548E-16));
#11454=VECTOR('',#13652,1000.0);
#11455=CARTESIAN_POINT('',(7.0,-6.25000000000001,3.3));
#11456=CARTESIAN_POINT('',(7.0,-3.50000000000001,3.3));
#11457=VECTOR('',#13653,1000.0);
#11458=CARTESIAN_POINT('',(7.0,-6.25000000000001,1.6));
#11459=CARTESIAN_POINT('',(7.0,-6.25000000000001,-2.9137933385548E-16));
#11460=VECTOR('',#13654,1000.0);
#11461=CARTESIAN_POINT('',(7.0,-1.40000000000001,1.6));
#11462=CARTESIAN_POINT('',(7.0,-3.50000000000001,1.6));
#11463=VECTOR('',#13655,1000.0);
#11464=CARTESIAN_POINT('',(7.0,-1.40000000000001,1.59));
#11465=CARTESIAN_POINT('',(7.0,-1.40000000000001,-2.9137933385548E-16));
#11466=VECTOR('',#13656,1000.0);
#11467=CARTESIAN_POINT('',(7.0,-1.39000000000001,1.59));
#11468=CARTESIAN_POINT('',(7.0,-3.50000000000001,1.59));
#11469=VECTOR('',#13657,1000.0);
#11470=CARTESIAN_POINT('',(7.0,-1.39000000000001,1.6));
#11471=CARTESIAN_POINT('',(7.0,-1.39000000000001,-2.9137933385548E-16));
#11472=VECTOR('',#13658,1000.0);
#11473=CARTESIAN_POINT('',(7.0,-1.10000000000001,1.6));
#11474=CARTESIAN_POINT('',(7.0,-3.50000000000001,1.6));
#11475=VECTOR('',#13659,1000.0);
#11476=CARTESIAN_POINT('',(7.0,-3.50000000000001,3.61383911482547));
#11477=VECTOR('',#13660,1000.0);
#11478=COLOUR_RGB('',0.333333343267441,0.600000023841858,0.200000002980232);
#11479=CARTESIAN_POINT('',(7.45,-3.25000000000001,-2.9137933385548E-16));
#11480=CARTESIAN_POINT('',(4.95,-3.25000000000001,-2.9137933385548E-16));
#11481=VECTOR('',#13661,1000.0);
#11482=CARTESIAN_POINT('',(8.75,-5.23822128286217E-15,-2.9137933385548E-16));
#11483=CARTESIAN_POINT('',(1.45,-5.23822128286217E-15,-2.9137933385548E-16));
#11484=VECTOR('',#13662,1000.0);
#11485=CARTESIAN_POINT('',(8.75,-7.30000000000001,-2.9137933385548E-16));
#11486=CARTESIAN_POINT('',(8.75,-3.50000000000001,-2.9137933385548E-16));
#11487=VECTOR('',#13663,1000.0);
#11488=CARTESIAN_POINT('',(4.95,-7.30000000000001,-2.9137933385548E-16));
#11489=VECTOR('',#13664,1000.0);
#11490=CARTESIAN_POINT('',(7.45,-3.75000000000001,-2.9137933385548E-16));
#11491=CARTESIAN_POINT('',(4.95,-3.75000000000001,-2.9137933385548E-16));
#11492=VECTOR('',#13665,1000.0);
#11493=CARTESIAN_POINT('',(7.45,-3.50000000000001,-2.9137933385548E-16));
#11494=VECTOR('',#13666,1000.0);
#11495=COLOUR_RGB('',0.866666674613953,0.866666674613953,0.866666674613953);
#11496=CARTESIAN_POINT('',(7.2356406460551,-3.75000000000001,-3.5));
#11497=CARTESIAN_POINT('',(7.45,-3.75000000000001,-2.7));
#11498=CARTESIAN_POINT('',(1.87355176017442,-3.75000000000001,-23.5115881568071));
#11499=VECTOR('',#13667,1000.0);
#11500=CARTESIAN_POINT('',(7.45,-3.75000000000001,-25.2469472324903));
#11501=VECTOR('',#13668,1000.0);
#11502=CARTESIAN_POINT('',(2.35,-3.75000000000001,-3.5));
#11503=VECTOR('',#13669,1000.0);
#11504=COLOUR_RGB('',0.333333343267441,0.600000023841858,0.200000002980232);
#11505=CARTESIAN_POINT('',(7.85,-1.10000000000001,1.6));
#11506=CARTESIAN_POINT('',(4.95,-1.10000000000001,1.6));
#11507=VECTOR('',#13670,1000.0);
#11508=CARTESIAN_POINT('',(8.35,-0.600000000000005,1.18045018441136));
#11509=CARTESIAN_POINT('',(5.45,-3.50000000000001,3.61383911482547));
#11510=VECTOR('',#13671,1000.0);
#11511=CARTESIAN_POINT('',(8.35,-5.23822128286217E-15,0.676990405704991));
#11512=CARTESIAN_POINT('',(8.35,-3.50000000000001,3.61383911482547));
#11513=VECTOR('',#13672,1000.0);
#11514=CARTESIAN_POINT('',(8.75,-5.23822128286217E-15,0.676990405704992));
#11515=VECTOR('',#13673,1000.0);
#11516=COLOUR_RGB('',0.333333343267441,0.600000023841858,0.200000002980232);
#11517=CARTESIAN_POINT('',(7.85,-1.39000000000001,3.31));
#11518=CARTESIAN_POINT('',(7.85,-1.40000000000001,3.31));
#11519=CARTESIAN_POINT('',(7.85,-1.39000000000001,3.31));
#11520=VECTOR('',#13674,1000.0);
#11521=CARTESIAN_POINT('',(7.85,-1.40000000000001,3.31));
#11522=VECTOR('',#13675,1000.0);
#11523=CARTESIAN_POINT('',(6.15,-1.39000000000001,3.31));
#11524=VECTOR('',#13676,1000.0);
#11525=COLOUR_RGB('',0.333333343267441,0.600000023841858,0.200000002980232);
#11526=CARTESIAN_POINT('',(7.85,-1.39000000000001,3.3));
#11527=CARTESIAN_POINT('',(7.85,-1.39000000000001,3.3));
#11528=VECTOR('',#13677,1000.0);
#11529=CARTESIAN_POINT('',(4.95,-1.39000000000001,3.3));
#11530=VECTOR('',#13678,1000.0);
#11531=COLOUR_RGB('',0.333333343267441,0.600000023841858,0.200000002980232);
#11532=CARTESIAN_POINT('',(8.75,-0.500000000000005,4.8));
#11533=CARTESIAN_POINT('',(11.95,-0.500000000000005,4.8));
#11534=VECTOR('',#13679,1000.0);
#11535=CARTESIAN_POINT('',(8.75,-5.23822128286217E-15,4.8));
#11536=CARTESIAN_POINT('',(8.75,-3.50000000000001,4.8));
#11537=VECTOR('',#13680,1000.0);
#11538=CARTESIAN_POINT('',(4.95,-5.23822128286217E-15,4.8));
#11539=VECTOR('',#13681,1000.0);
#11540=COLOUR_RGB('',0.333333343267441,0.600000023841858,0.200000002980232);
#11541=CARTESIAN_POINT('',(8.25,-7.30000000000001,4.3));
#11542=CARTESIAN_POINT('',(4.95,-7.30000000000001,4.3));
#11543=VECTOR('',#13682,1000.0);
#11544=CARTESIAN_POINT('',(8.25,-6.20000000000001,4.3));
#11545=CARTESIAN_POINT('',(8.25,-3.50000000000001,4.3));
#11546=VECTOR('',#13683,1000.0);
#11547=CARTESIAN_POINT('',(4.95,-6.20000000000001,4.3));
#11548=VECTOR('',#13684,1000.0);
#11549=COLOUR_RGB('',0.333333343267441,0.600000023841858,0.200000002980232);
#11550=CARTESIAN_POINT('',(8.35,-5.23822128286217E-15,4.3));
#11551=CARTESIAN_POINT('',(4.95,-5.23822128286217E-15,4.3));
#11552=VECTOR('',#13685,1000.0);
#11553=CARTESIAN_POINT('',(8.35,-0.522649730810375,4.3));
#11554=CARTESIAN_POINT('',(8.35,-9.6,4.3));
#11555=VECTOR('',#13686,1000.0);
#11556=CARTESIAN_POINT('',(4.95,-0.522649730810375,4.3));
#11557=VECTOR('',#13687,1000.0);
#11558=COLOUR_RGB('',0.333333343267441,0.600000023841858,0.200000002980232);
#11559=CARTESIAN_POINT('',(8.35,-5.23822128286217E-15,-2.9137933385548E-16));
#11560=VECTOR('',#13688,1000.0);
#11561=CARTESIAN_POINT('',(8.35,-0.600000000000005,4.16602540378444));
#11562=CARTESIAN_POINT('',(8.35,-0.600000000000005,-2.9137933385548E-16));
#11563=VECTOR('',#13689,1000.0);
#11564=CARTESIAN_POINT('',(8.35,-2.52894191624434,0.825));
#11565=VECTOR('',#13690,1000.0);
#11566=COLOUR_RGB('',0.866666674613953,0.866666674613953,0.866666674613953);
#11567=CARTESIAN_POINT('',(7.45,-3.25000000000001,-2.7));
#11568=CARTESIAN_POINT('',(7.45,-6.75000000000001,-2.7));
#11569=VECTOR('',#13691,1000.0);
#11570=CARTESIAN_POINT('',(7.45,-3.25000000000001,-25.2469472324903));
#11571=VECTOR('',#13692,1000.0);
#11572=COLOUR_RGB('',0.866666674613953,0.866666674613953,0.866666674613953);
#11573=CARTESIAN_POINT('',(7.2356406460551,-3.25000000000001,-3.5));
#11574=CARTESIAN_POINT('',(7.2356406460551,-0.453156168486275,-3.5));
#11575=VECTOR('',#13693,1000.0);
#11576=CARTESIAN_POINT('',(2.35,-3.25000000000001,-3.5));
#11577=VECTOR('',#13694,1000.0);
#11578=COLOUR_RGB('',0.333333343267441,0.600000023841858,0.200000002980232);
#11579=CARTESIAN_POINT('',(8.75,-5.23822128286217E-15,-2.9137933385548E-16));
#11580=VECTOR('',#13695,1000.0);
#11581=COLOUR_RGB('',0.333333343267441,0.600000023841858,0.200000002980232);
#11582=CARTESIAN_POINT('',(8.75,-7.30000000000001,9.1));
#11583=CARTESIAN_POINT('',(8.75,-7.30000000000001,-2.9137933385548E-16));
#11584=VECTOR('',#13696,1000.0);
#11585=CARTESIAN_POINT('',(8.75,-1.18105309339551,9.1));
#11586=CARTESIAN_POINT('',(8.75,0.168225560942605,0.580989852454055));
#11587=VECTOR('',#13697,1000.0);
#11588=CARTESIAN_POINT('',(8.75,-3.50000000000001,9.1));
#11589=VECTOR('',#13698,1000.0);
#11590=COLOUR_RGB('',0.333333343267441,0.600000023841858,0.200000002980232);
#11591=CARTESIAN_POINT('',(8.25,-7.30000000000001,9.1));
#11592=CARTESIAN_POINT('',(4.95,-7.30000000000001,9.1));
#11593=VECTOR('',#13699,1000.0);
#11594=CARTESIAN_POINT('',(8.25,-7.30000000000001,-2.9137933385548E-16));
#11595=VECTOR('',#13700,1000.0);
#11596=COLOUR_RGB('',0.866666674613953,0.866666674613953,0.866666674613953);
#11597=CARTESIAN_POINT('',(7.825,-1.40000000000001,3.3));
#11598=CARTESIAN_POINT('',(7.825,-1.40000000000001,1.6));
#11599=CARTESIAN_POINT('',(7.825,-1.40000000000001,-2.9137933385548E-16));
#11600=VECTOR('',#13701,1000.0);
#11601=CARTESIAN_POINT('',(7.825,-6.25000000000001,1.6));
#11602=CARTESIAN_POINT('',(7.825,-3.50000000000001,1.6));
#11603=VECTOR('',#13702,1000.0);
#11604=CARTESIAN_POINT('',(7.825,-6.25000000000001,3.3));
#11605=CARTESIAN_POINT('',(7.825,-6.25000000000001,-2.9137933385548E-16));
#11606=VECTOR('',#13703,1000.0);
#11607=CARTESIAN_POINT('',(7.825,-3.50000000000001,3.3));
#11608=VECTOR('',#13704,1000.0);
#11609=COLOUR_RGB('',0.333333343267441,0.600000023841858,0.200000002980232);
#11610=CARTESIAN_POINT('',(7.85,-1.39000000000001,1.6));
#11611=CARTESIAN_POINT('',(4.95,-1.39000000000001,1.6));
#11612=VECTOR('',#13705,1000.0);
#11613=CARTESIAN_POINT('',(7.85,-5.23822128286217E-15,1.6));
#11614=VECTOR('',#13706,1000.0);
#11615=COLOUR_RGB('',0.866666674613953,0.866666674613953,0.866666674613953);
#11616=CARTESIAN_POINT('',(4.95,-6.25000000000001,1.6));
#11617=VECTOR('',#13707,1000.0);
#11618=CARTESIAN_POINT('',(4.95,-6.25000000000001,3.3));
#11619=VECTOR('',#13708,1000.0);
#11620=COLOUR_RGB('',0.866666674613953,0.866666674613953,0.866666674613953);
#11621=CARTESIAN_POINT('',(1.87355176017442,-3.25000000000001,-23.5115881568071));
#11622=VECTOR('',#13709,1000.0);
#11623=COLOUR_RGB('',0.866666674613953,0.866666674613953,0.866666674613953);
#11624=COLOUR_RGB('',0.333333343267441,0.600000023841858,0.200000002980232);
#11625=CARTESIAN_POINT('',(8.25,-5.64714592937196,7.7));
#11626=CARTESIAN_POINT('',(7.6,-5.64714592937196,7.7));
#11627=VECTOR('',#13710,1000.0);
#11628=CARTESIAN_POINT('',(8.25,-5.50000000000001,9.1));
#11629=CARTESIAN_POINT('',(8.25,-6.45644854091767,-2.9137933385548E-16));
#11630=VECTOR('',#13711,1000.0);
#11631=CARTESIAN_POINT('',(11.95,-5.50000000000001,9.1));
#11632=VECTOR('',#13712,1000.0);
#11633=COLOUR_RGB('',0.333333343267441,0.600000023841858,0.200000002980232);
#11634=CARTESIAN_POINT('',(7.85,-1.39000000000001,1.59));
#11635=CARTESIAN_POINT('',(6.15,-1.39000000000001,1.59));
#11636=VECTOR('',#13713,1000.0);
#11637=CARTESIAN_POINT('',(7.85,-1.40000000000001,1.59));
#11638=CARTESIAN_POINT('',(7.85,-1.40000000000001,1.59));
#11639=VECTOR('',#13714,1000.0);
#11640=CARTESIAN_POINT('',(7.85,-1.39000000000001,1.59));
#11641=VECTOR('',#13715,1000.0);
#11642=COLOUR_RGB('',0.333333343267441,0.600000023841858,0.200000002980232);
#11643=CARTESIAN_POINT('',(7.85,-1.10000000000001,3.3));
#11644=CARTESIAN_POINT('',(7.85,-1.10000000000001,-2.9137933385548E-16));
#11645=VECTOR('',#13716,1000.0);
#11646=CARTESIAN_POINT('',(7.85,-1.39000000000001,1.6));
#11647=VECTOR('',#13717,1000.0);
#11648=CARTESIAN_POINT('',(7.85,-1.40000000000001,1.6));
#11649=VECTOR('',#13718,1000.0);
#11650=CARTESIAN_POINT('',(7.85,-5.23822128286217E-15,3.3));
#11651=VECTOR('',#13719,1000.0);
#11652=COLOUR_RGB('',0.333333343267441,0.600000023841858,0.200000002980232);
#11653=CARTESIAN_POINT('',(5.10684646700454,-3.84315353299547,-1.45128129211021));
#11654=VECTOR('',#13720,1000.0);
#11655=CARTESIAN_POINT('',(4.95,-1.10000000000001,3.3));
#11656=VECTOR('',#13721,1000.0);
#11657=COLOUR_RGB('',0.333333343267441,0.600000023841858,0.200000002980232);
#11658=COLOUR_RGB('',0.333333343267441,0.600000023841858,0.200000002980232);
#11659=COLOUR_RGB('',0.333333343267441,0.600000023841858,0.200000002980232);
#11660=CARTESIAN_POINT('',(8.25,-6.08126938372807,7.7));
#11661=CARTESIAN_POINT('',(4.95,-6.08126938372807,7.7));
#11662=VECTOR('',#13722,1000.0);
#11663=CARTESIAN_POINT('',(8.25,-3.50000000000001,7.7));
#11664=VECTOR('',#13723,1000.0);
#11665=COLOUR_RGB('',0.333333343267441,0.600000023841858,0.200000002980232);
#11666=CARTESIAN_POINT('',(8.25,-6.35015930881453,-2.9137933385548E-16));
#11667=VECTOR('',#13724,1000.0);
#11668=COLOUR_RGB('',0.333333343267441,0.600000023841858,0.200000002980232);
#11669=COLOUR_RGB('',0.866666674613953,0.866666674613953,0.866666674613953);
#11670=CARTESIAN_POINT('',(4.95,-1.40000000000001,1.6));
#11671=VECTOR('',#13725,1000.0);
#11672=COLOUR_RGB('',0.866666674613953,0.866666674613953,0.866666674613953);
#11673=CARTESIAN_POINT('',(4.95,-1.40000000000001,3.3));
#11674=VECTOR('',#13726,1000.0);
#11675=COLOUR_RGB('',0.866666674613953,0.866666674613953,0.866666674613953);
#11676=COLOUR_RGB('',0.333333343267441,0.600000023841858,0.200000002980232);
#11677=CARTESIAN_POINT('',(8.25,-3.50000000000001,9.1));
#11678=VECTOR('',#13727,1000.0);
#11679=CARTESIAN_POINT('',(4.95,-1.18105309339551,9.1));
#11680=VECTOR('',#13728,1000.0);
#11681=COLOUR_RGB('',0.333333343267441,0.600000023841858,0.200000002980232);
#11682=COLOUR_RGB('',0.333333343267441,0.600000023841858,0.200000002980232);
#11683=COLOUR_RGB('',0.333333343267441,0.600000023841858,0.200000002980232);
#11684=CARTESIAN_POINT('',(9.05,-3.5,9.1));
#11685=CARTESIAN_POINT('',(9.05,-3.5,8.05));
#11686=CARTESIAN_POINT('',(9.05,-3.5,8.225));
#11687=VECTOR('',#13729,1.0);
#11688=CARTESIAN_POINT('',(10.5,-4.95,9.1));
#11689=AXIS2_PLACEMENT_3D('',#13730,#13731,#13732);
#11690=CARTESIAN_POINT('',(10.5,-4.95,7.35));
#11691=CARTESIAN_POINT('',(10.5,-4.95,7.1));
#11692=VECTOR('',#13733,1000.0);
#11693=CARTESIAN_POINT('',(10.15,-4.90712472794703,7.35));
#11694=AXIS2_PLACEMENT_3D('',#13734,#13735,#13736);
#11695=CARTESIAN_POINT('',(10.15,-4.90712472794703,8.05));
#11696=CARTESIAN_POINT('',(10.15,-4.90712472794703,7.1));
#11697=VECTOR('',#13737,1000.0);
#11698=AXIS2_PLACEMENT_3D('',#13738,#13739,#13740);
#11699=COLOUR_RGB('',0.866666674613953,0.866666674613953,0.866666674613953);
#11700=CARTESIAN_POINT('',(10.5,-3.75,0.0));
#11701=CARTESIAN_POINT('',(10.5,-3.75,-3.5));
#11702=CARTESIAN_POINT('',(10.5,-3.75,0.0));
#11703=VECTOR('',#13741,1000.0);
#11704=CARTESIAN_POINT('',(10.05,-3.75,0.0));
#11705=CARTESIAN_POINT('',(11.95,-3.75,0.0));
#11706=VECTOR('',#13742,1000.0);
#11707=CARTESIAN_POINT('',(10.05,-3.75,-2.7));
#11708=CARTESIAN_POINT('',(10.05,-3.75,-25.2469472324903));
#11709=VECTOR('',#13743,1000.0);
#11710=CARTESIAN_POINT('',(10.2643593539449,-3.75,-3.5));
#11711=CARTESIAN_POINT('',(15.8073139447166,-3.75,-24.1865881568071));
#11712=VECTOR('',#13744,1000.0);
#11713=CARTESIAN_POINT('',(5.85,-3.75,-3.5));
#11714=VECTOR('',#13745,1000.0);
#11715=COLOUR_RGB('',0.333333343267441,0.600000023841858,0.200000002980232);
#11716=CARTESIAN_POINT('',(9.65,-1.1,3.3));
#11717=CARTESIAN_POINT('',(9.65,-1.1,1.6));
#11718=CARTESIAN_POINT('',(9.65,-1.1,0.0));
#11719=VECTOR('',#13746,1000.0);
#11720=CARTESIAN_POINT('',(9.15,-0.600000000000003,1.18045018441136));
#11721=CARTESIAN_POINT('',(12.05,-3.5,3.61383911482547));
#11722=VECTOR('',#13747,1000.0);
#11723=CARTESIAN_POINT('',(9.15,-0.600000000000003,4.16602540378444));
#11724=CARTESIAN_POINT('',(9.15,-0.600000000000003,0.0));
#11725=VECTOR('',#13748,1000.0);
#11726=CARTESIAN_POINT('',(12.9331535329955,-4.38315353299546,-2.3865887281974));
#11727=VECTOR('',#13749,1000.0);
#11728=COLOUR_RGB('',0.866666674613953,0.866666674613953,0.866666674613953);
#11729=CARTESIAN_POINT('',(9.65,-1.4,3.31));
#11730=CARTESIAN_POINT('',(9.65,-1.4,1.59));
#11731=CARTESIAN_POINT('',(9.65,-1.4,3.3));
#11732=VECTOR('',#13750,1000.0);
#11733=CARTESIAN_POINT('',(10.5,-1.4,3.31));
#11734=CARTESIAN_POINT('',(11.35,-1.4,3.31));
#11735=VECTOR('',#13751,1000.0);
#11736=CARTESIAN_POINT('',(10.5,-1.4,3.3));
#11737=CARTESIAN_POINT('',(10.5,-1.4,0.0));
#11738=VECTOR('',#13752,1000.0);
#11739=CARTESIAN_POINT('',(9.675,-1.4,3.3));
#11740=CARTESIAN_POINT('',(11.95,-1.4,3.3));
#11741=VECTOR('',#13753,1000.0);
#11742=CARTESIAN_POINT('',(9.675,-1.4,1.6));
#11743=CARTESIAN_POINT('',(9.675,-1.4,0.0));
#11744=VECTOR('',#13754,1000.0);
#11745=CARTESIAN_POINT('',(10.5,-1.4,1.6));
#11746=CARTESIAN_POINT('',(11.95,-1.4,1.6));
#11747=VECTOR('',#13755,1000.0);
#11748=CARTESIAN_POINT('',(10.5,-1.4,1.59));
#11749=CARTESIAN_POINT('',(10.5,-1.4,0.0));
#11750=VECTOR('',#13756,1000.0);
#11751=CARTESIAN_POINT('',(11.35,-1.4,1.59));
#11752=VECTOR('',#13757,1000.0);
#11753=COLOUR_RGB('',0.866666674613953,0.866666674613953,0.866666674613953);
#11754=CARTESIAN_POINT('',(9.675,-6.25,1.6));
#11755=CARTESIAN_POINT('',(9.675,-3.5,1.6));
#11756=VECTOR('',#13758,1000.0);
#11757=CARTESIAN_POINT('',(10.5,-6.25,1.6));
#11758=CARTESIAN_POINT('',(11.95,-6.25,1.6));
#11759=VECTOR('',#13759,1000.0);
#11760=CARTESIAN_POINT('',(10.5,-3.5,1.6));
#11761=VECTOR('',#13760,1000.0);
#11762=COLOUR_RGB('',0.866666674613953,0.866666674613953,0.866666674613953);
#11763=CARTESIAN_POINT('',(10.5,-3.25,-3.5));
#11764=CARTESIAN_POINT('',(10.5,-3.25,0.0));
#11765=CARTESIAN_POINT('',(10.5,-3.25,0.0));
#11766=VECTOR('',#13761,1000.0);
#11767=CARTESIAN_POINT('',(10.2643593539449,-3.25,-3.5));
#11768=CARTESIAN_POINT('',(5.85,-3.25,-3.5));
#11769=VECTOR('',#13762,1000.0);
#11770=CARTESIAN_POINT('',(10.05,-3.25,-2.7));
#11771=CARTESIAN_POINT('',(15.8073139447166,-3.25,-24.1865881568071));
#11772=VECTOR('',#13763,1000.0);
#11773=CARTESIAN_POINT('',(10.05,-3.25,0.0));
#11774=CARTESIAN_POINT('',(10.05,-3.25,-25.2469472324903));
#11775=VECTOR('',#13764,1000.0);
#11776=CARTESIAN_POINT('',(11.95,-3.25,0.0));
#11777=VECTOR('',#13765,1000.0);
#11778=COLOUR_RGB('',0.333333343267441,0.600000023841858,0.200000002980232);
#11779=CARTESIAN_POINT('',(10.15,-2.09287527205297,8.05));
#11780=AXIS2_PLACEMENT_3D('',#13766,#13767,#13768);
#11781=CARTESIAN_POINT('',(10.15,-2.09287527205297,7.35));
#11782=CARTESIAN_POINT('',(10.15,-2.09287527205297,7.1));
#11783=VECTOR('',#13769,1000.0);
#11784=CARTESIAN_POINT('',(10.5,-2.05,7.35));
#11785=AXIS2_PLACEMENT_3D('',#13770,#13771,#13772);
#11786=CARTESIAN_POINT('',(10.5,-2.05,9.1));
#11787=CARTESIAN_POINT('',(10.5,-2.05,7.1));
#11788=VECTOR('',#13773,1000.0);
#11789=AXIS2_PLACEMENT_3D('',#13774,#13775,#13776);
#11790=COLOUR_RGB('',0.333333343267441,0.600000023841858,0.200000002980232);
#11791=CARTESIAN_POINT('',(10.5,-5.5,9.1));
#11792=CARTESIAN_POINT('',(9.25,-5.5,9.1));
#11793=CARTESIAN_POINT('',(18.95,-5.5,9.1));
#11794=VECTOR('',#13777,1000.0);
#11795=CARTESIAN_POINT('',(9.25,-5.64714592937195,7.7));
#11796=CARTESIAN_POINT('',(9.25,-6.45644854091766,0.0));
#11797=VECTOR('',#13778,1000.0);
#11798=CARTESIAN_POINT('',(10.5,-5.64714592937195,7.7));
#11799=CARTESIAN_POINT('',(14.6,-5.64714592937195,7.7));
#11800=VECTOR('',#13779,1000.0);
#11801=CARTESIAN_POINT('',(10.5,-6.45644854091766,0.0));
#11802=VECTOR('',#13780,1000.0);
#11803=COLOUR_RGB('',0.333333343267441,0.600000023841858,0.200000002980232);
#11804=CARTESIAN_POINT('',(8.75,-1.1810530933955,9.1));
#11805=CARTESIAN_POINT('',(8.75,-0.500000000000003,4.8));
#11806=CARTESIAN_POINT('',(8.75,0.260245313557777,0.0));
#11807=VECTOR('',#13781,1000.0);
#11808=CARTESIAN_POINT('',(10.5,-1.1810530933955,9.1));
#11809=CARTESIAN_POINT('',(11.95,-1.1810530933955,9.1));
#11810=VECTOR('',#13782,1000.0);
#11811=CARTESIAN_POINT('',(10.5,-0.500000000000003,4.8));
#11812=CARTESIAN_POINT('',(10.5,0.260245313557777,0.0));
#11813=VECTOR('',#13783,1000.0);
#11814=CARTESIAN_POINT('',(18.95,-0.500000000000003,4.8));
#11815=VECTOR('',#13784,1000.0);
#11816=COLOUR_RGB('',0.333333343267441,0.600000023841858,0.200000002980232);
#11817=CARTESIAN_POINT('',(10.5,-1.1,1.6));
#11818=CARTESIAN_POINT('',(10.5,-1.39,1.6));
#11819=CARTESIAN_POINT('',(10.5,-3.5,1.6));
#11820=VECTOR('',#13785,1000.0);
#11821=CARTESIAN_POINT('',(11.95,-1.1,1.6));
#11822=VECTOR('',#13786,1000.0);
#11823=CARTESIAN_POINT('',(9.65,-1.39,1.6));
#11824=CARTESIAN_POINT('',(9.65,-2.60208521396521E-15,1.6));
#11825=VECTOR('',#13787,1000.0);
#11826=CARTESIAN_POINT('',(11.95,-1.39,1.6));
#11827=VECTOR('',#13788,1000.0);
#11828=COLOUR_RGB('',0.333333343267441,0.600000023841858,0.200000002980232);
#11829=CARTESIAN_POINT('',(10.5,-1.39,1.59));
#11830=CARTESIAN_POINT('',(10.5,-1.39,0.0));
#11831=VECTOR('',#13789,1000.0);
#11832=CARTESIAN_POINT('',(9.65,-1.39,1.59));
#11833=CARTESIAN_POINT('',(9.65,-1.39,1.6));
#11834=VECTOR('',#13790,1000.0);
#11835=CARTESIAN_POINT('',(9.65,-1.39,1.59));
#11836=VECTOR('',#13791,1000.0);
#11837=COLOUR_RGB('',0.333333343267441,0.600000023841858,0.200000002980232);
#11838=CARTESIAN_POINT('',(9.25,-6.2,4.3));
#11839=CARTESIAN_POINT('',(9.25,-6.08126938372806,7.7));
#11840=CARTESIAN_POINT('',(9.25,-6.35015930881452,0.0));
#11841=VECTOR('',#13792,1000.0);
#11842=CARTESIAN_POINT('',(10.5,-6.2,4.3));
#11843=CARTESIAN_POINT('',(11.95,-6.2,4.3));
#11844=VECTOR('',#13793,1000.0);
#11845=CARTESIAN_POINT('',(10.5,-6.08126938372806,7.7));
#11846=CARTESIAN_POINT('',(10.5,-6.35015930881452,0.0));
#11847=VECTOR('',#13794,1000.0);
#11848=CARTESIAN_POINT('',(11.95,-6.08126938372806,7.7));
#11849=VECTOR('',#13795,1000.0);
#11850=COLOUR_RGB('',0.333333343267441,0.600000023841858,0.200000002980232);
#11851=CARTESIAN_POINT('',(10.5,-3.5,1.59));
#11852=VECTOR('',#13796,1000.0);
#11853=CARTESIAN_POINT('',(9.65,-1.4,1.59));
#11854=VECTOR('',#13797,1000.0);
#11855=COLOUR_RGB('',0.333333343267441,0.600000023841858,0.200000002980232);
#11856=CARTESIAN_POINT('',(10.5,-1.39,3.31));
#11857=CARTESIAN_POINT('',(10.5,-3.5,3.31));
#11858=VECTOR('',#13798,1000.0);
#11859=CARTESIAN_POINT('',(9.65,-1.39,3.31));
#11860=CARTESIAN_POINT('',(9.65,-1.4,3.31));
#11861=VECTOR('',#13799,1000.0);
#11862=CARTESIAN_POINT('',(9.65,-1.39,3.31));
#11863=VECTOR('',#13800,1000.0);
#11864=COLOUR_RGB('',0.333333343267441,0.600000023841858,0.200000002980232);
#11865=CARTESIAN_POINT('',(10.5,-1.1,3.3));
#11866=CARTESIAN_POINT('',(10.5,-0.522649730810383,4.3));
#11867=CARTESIAN_POINT('',(10.5,-3.00525588832577,0.0));
#11868=VECTOR('',#13801,1000.0);
#11869=CARTESIAN_POINT('',(11.95,-1.1,3.3));
#11870=VECTOR('',#13802,1000.0);
#11871=CARTESIAN_POINT('',(9.15,-0.522649730810373,4.3));
#11872=CARTESIAN_POINT('',(9.15,-2.52894191624433,0.825));
#11873=VECTOR('',#13803,1000.0);
#11874=CARTESIAN_POINT('',(8.45,-0.522649730810373,4.3));
#11875=VECTOR('',#13804,1000.0);
#11876=COLOUR_RGB('',0.333333343267441,0.600000023841858,0.200000002980232);
#11877=CARTESIAN_POINT('',(8.75,-7.3,0.0));
#11878=CARTESIAN_POINT('',(8.75,-7.3,9.1));
#11879=CARTESIAN_POINT('',(8.75,-7.3,0.0));
#11880=VECTOR('',#13805,1000.0);
#11881=CARTESIAN_POINT('',(8.75,-3.5,9.1));
#11882=VECTOR('',#13806,1000.0);
#11883=CARTESIAN_POINT('',(8.75,-2.60208521396521E-15,4.8));
#11884=CARTESIAN_POINT('',(8.75,-3.5,4.8));
#11885=VECTOR('',#13807,1000.0);
#11886=CARTESIAN_POINT('',(8.75,-2.60208521396521E-15,0.0));
#11887=CARTESIAN_POINT('',(8.75,-2.60208521396521E-15,0.0));
#11888=VECTOR('',#13808,1000.0);
#11889=CARTESIAN_POINT('',(8.75,-3.5,0.0));
#11890=VECTOR('',#13809,1000.0);
#11891=COLOUR_RGB('',0.866666674613953,0.866666674613953,0.866666674613953);
#11892=CARTESIAN_POINT('',(10.5,-6.25,3.3));
#11893=CARTESIAN_POINT('',(10.5,-6.25,0.0));
#11894=VECTOR('',#13810,1000.0);
#11895=CARTESIAN_POINT('',(9.675,-6.25,3.3));
#11896=CARTESIAN_POINT('',(9.675,-6.25,0.0));
#11897=VECTOR('',#13811,1000.0);
#11898=CARTESIAN_POINT('',(11.95,-6.25,3.3));
#11899=VECTOR('',#13812,1000.0);
#11900=COLOUR_RGB('',0.866666674613953,0.866666674613953,0.866666674613953);
#11901=CARTESIAN_POINT('',(10.05,-6.75,-2.7));
#11902=VECTOR('',#13813,1000.0);
#11903=CARTESIAN_POINT('',(10.05,-3.5,0.0));
#11904=VECTOR('',#13814,1000.0);
#11905=COLOUR_RGB('',0.333333343267441,0.600000023841858,0.200000002980232);
#11906=CARTESIAN_POINT('',(10.5,-2.60208521396521E-15,0.676990405704991));
#11907=CARTESIAN_POINT('',(10.5,-3.5,3.61383911482547));
#11908=VECTOR('',#13815,1000.0);
#11909=CARTESIAN_POINT('',(9.15,-2.60208521396521E-15,0.676990405704991));
#11910=CARTESIAN_POINT('',(19.25,-2.60208521396521E-15,0.676990405704992));
#11911=VECTOR('',#13816,1000.0);
#11912=CARTESIAN_POINT('',(9.15,-3.5,3.61383911482547));
#11913=VECTOR('',#13817,1000.0);
#11914=COLOUR_RGB('',0.333333343267441,0.600000023841858,0.200000002980232);
#11915=CARTESIAN_POINT('',(10.5,-2.60208521396521E-15,0.0));
#11916=CARTESIAN_POINT('',(10.5,-2.60208521396521E-15,0.0));
#11917=VECTOR('',#13818,1000.0);
#11918=CARTESIAN_POINT('',(8.45,-2.60208521396521E-15,0.0));
#11919=VECTOR('',#13819,1000.0);
#11920=CARTESIAN_POINT('',(10.5,-2.60208521396521E-15,4.8));
#11921=CARTESIAN_POINT('',(11.95,-2.60208521396521E-15,4.8));
#11922=VECTOR('',#13820,1000.0);
#11923=CARTESIAN_POINT('',(10.5,-2.60208521396521E-15,4.3));
#11924=CARTESIAN_POINT('',(10.5,-2.60208521396521E-15,0.0));
#11925=VECTOR('',#13821,1000.0);
#11926=CARTESIAN_POINT('',(9.15,-2.60208521396521E-15,4.3));
#11927=CARTESIAN_POINT('',(11.95,-2.60208521396521E-15,4.3));
#11928=VECTOR('',#13822,1000.0);
#11929=CARTESIAN_POINT('',(9.15,-2.60208521396521E-15,0.0));
#11930=VECTOR('',#13823,1000.0);
#11931=COLOUR_RGB('',0.333333343267441,0.600000023841858,0.200000002980232);
#11932=CARTESIAN_POINT('',(10.5,-1.39,3.3));
#11933=CARTESIAN_POINT('',(10.5,-1.39,0.0));
#11934=VECTOR('',#13824,1000.0);
#11935=CARTESIAN_POINT('',(9.65,-1.39,3.3));
#11936=CARTESIAN_POINT('',(9.65,-1.39,3.3));
#11937=VECTOR('',#13825,1000.0);
#11938=CARTESIAN_POINT('',(11.95,-1.39,3.3));
#11939=VECTOR('',#13826,1000.0);
#11940=COLOUR_RGB('',0.866666674613953,0.866666674613953,0.866666674613953);
#11941=CARTESIAN_POINT('',(10.2643593539449,-0.453156168486273,-3.5));
#11942=VECTOR('',#13827,1000.0);
#11943=COLOUR_RGB('',0.333333343267441,0.600000023841858,0.200000002980232);
#11944=CARTESIAN_POINT('',(10.5,-7.3,4.3));
#11945=CARTESIAN_POINT('',(10.5,-3.5,4.3));
#11946=VECTOR('',#13828,1000.0);
#11947=CARTESIAN_POINT('',(9.25,-7.3,4.3));
#11948=CARTESIAN_POINT('',(9.25,-3.5,4.3));
#11949=VECTOR('',#13829,1000.0);
#11950=CARTESIAN_POINT('',(11.95,-7.3,4.3));
#11951=VECTOR('',#13830,1000.0);
#11952=COLOUR_RGB('',0.866666674613953,0.866666674613953,0.866666674613953);
#11953=CARTESIAN_POINT('',(10.15,-3.5,7.35));
#11954=VECTOR('',#13831,1000.0);
#11955=CARTESIAN_POINT('',(10.5,-3.5,7.35));
#11956=VECTOR('',#13832,1000.0);
#11957=COLOUR_RGB('',0.333333343267441,0.600000023841858,0.200000002980232);
#11958=CARTESIAN_POINT('',(9.15,-9.6,4.3));
#11959=VECTOR('',#13833,1000.0);
#11960=CARTESIAN_POINT('',(10.5,-3.5,4.3));
#11961=VECTOR('',#13834,1000.0);
#11962=COLOUR_RGB('',0.866666674613953,0.866666674613953,0.866666674613953);
#11963=CARTESIAN_POINT('',(9.675,-3.5,3.3));
#11964=VECTOR('',#13835,1000.0);
#11965=COLOUR_RGB('',0.866666674613953,0.866666674613953,0.866666674613953);
#11966=CARTESIAN_POINT('',(10.15,-5.06952279629305,8.05));
#11967=VECTOR('',#13836,1000.0);
#11968=COLOUR_RGB('',0.333333343267441,0.600000023841858,0.200000002980232);
#11969=CARTESIAN_POINT('',(10.5,-3.5,4.8));
#11970=VECTOR('',#13837,1000.0);
#11971=COLOUR_RGB('',0.866666674613953,0.866666674613953,0.866666674613953);
#11972=COLOUR_RGB('',0.333333343267441,0.600000023841858,0.200000002980232);
#11973=CARTESIAN_POINT('',(10.5,-3.5,0.0));
#11974=VECTOR('',#13838,1000.0);
#11975=CARTESIAN_POINT('',(10.5,-7.3,0.0));
#11976=CARTESIAN_POINT('',(10.5,-3.5,0.0));
#11977=VECTOR('',#13839,1000.0);
#11978=CARTESIAN_POINT('',(11.95,-7.3,0.0));
#11979=VECTOR('',#13840,1000.0);
#11980=COLOUR_RGB('',0.333333343267441,0.600000023841858,0.200000002980232);
#11981=CARTESIAN_POINT('',(10.5,-7.3,0.0));
#11982=VECTOR('',#13841,1000.0);
#11983=CARTESIAN_POINT('',(9.25,-7.3,9.1));
#11984=CARTESIAN_POINT('',(9.25,-7.3,0.0));
#11985=VECTOR('',#13842,1000.0);
#11986=CARTESIAN_POINT('',(11.95,-7.3,9.1));
#11987=VECTOR('',#13843,1000.0);
#11988=COLOUR_RGB('',0.333333343267441,0.600000023841858,0.200000002980232);
#11989=CARTESIAN_POINT('',(10.5,-3.5,7.7));
#11990=VECTOR('',#13844,1000.0);
#11991=CARTESIAN_POINT('',(9.25,-3.5,7.7));
#11992=VECTOR('',#13845,1000.0);
#11993=COLOUR_RGB('',0.333333343267441,0.600000023841858,0.200000002980232);
#11994=CARTESIAN_POINT('',(10.5,-3.5,3.3));
#11995=VECTOR('',#13846,1000.0);
#11996=CARTESIAN_POINT('',(9.65,-2.60208521396521E-15,3.3));
#11997=VECTOR('',#13847,1000.0);
#11998=COLOUR_RGB('',0.333333343267441,0.600000023841858,0.200000002980232);
#11999=CARTESIAN_POINT('',(10.5,-3.5,-3.5));
#12000=VECTOR('',#13848,1000.0);
#12001=CARTESIAN_POINT('',(10.5,-3.5,3.3));
#12002=VECTOR('',#13849,1000.0);
#12003=CARTESIAN_POINT('',(10.5,-3.5,9.1));
#12004=VECTOR('',#13850,1000.0);
#12005=CARTESIAN_POINT('',(10.5,-3.5,9.1));
#12006=VECTOR('',#13851,1000.0);
#12007=COLOUR_RGB('',0.333333343267441,0.600000023841858,0.200000002980232);
#12008=COLOUR_RGB('',0.866666674613953,0.866666674613953,0.866666674613953);
#12009=COLOUR_RGB('',0.333333343267441,0.600000023841858,0.200000002980232);
#12010=CARTESIAN_POINT('',(9.25,-3.5,9.1));
#12011=VECTOR('',#13852,1000.0);
#12012=COLOUR_RGB('',0.333333343267441,0.600000023841858,0.200000002980232);
#12013=COLOUR_RGB('',0.333333343267441,0.600000023841858,0.200000002980232);
#12014=COLOUR_RGB('',0.866666674613953,0.866666674613953,0.866666674613953);
#12015=COLOUR_RGB('',0.333333343267441,0.600000023841858,0.200000002980232);
#12016=CARTESIAN_POINT('',(15.45,-3.5,8.05));
#12017=CARTESIAN_POINT('',(15.45,-3.5,9.1));
#12018=CARTESIAN_POINT('',(15.45,-3.5,8.225));
#12019=VECTOR('',#13853,1.0);
#12020=CARTESIAN_POINT('',(14.35,-4.90712472794703,8.05));
#12021=AXIS2_PLACEMENT_3D('',#13854,#13855,#13856);
#12022=CARTESIAN_POINT('',(14.35,-4.90712472794703,7.35));
#12023=CARTESIAN_POINT('',(14.35,-4.90712472794703,7.1));
#12024=VECTOR('',#13857,1000.0);
#12025=CARTESIAN_POINT('',(13.65,-4.90712472794703,7.35));
#12026=AXIS2_PLACEMENT_3D('',#13858,#13859,#13860);
#12027=CARTESIAN_POINT('',(13.65,-4.90712472794703,8.05));
#12028=CARTESIAN_POINT('',(13.65,-4.90712472794703,7.1));
#12029=VECTOR('',#13861,1000.0);
#12030=CARTESIAN_POINT('',(12.55,-3.5,8.05));
#12031=AXIS2_PLACEMENT_3D('',#13862,#13863,#13864);
#12032=CARTESIAN_POINT('',(12.55,-3.5,9.1));
#12033=CARTESIAN_POINT('',(12.55,-3.5,8.225));
#12034=VECTOR('',#13865,1.0);
#12035=AXIS2_PLACEMENT_3D('',#13866,#13867,#13868);
#12036=COLOUR_RGB('',0.333333343267441,0.600000023841858,0.200000002980232);
#12037=CARTESIAN_POINT('',(11.95,-3.5,8.05));
#12038=CARTESIAN_POINT('',(11.95,-3.5,9.1));
#12039=CARTESIAN_POINT('',(11.95,-3.5,8.225));
#12040=VECTOR('',#13869,1.0);
#12041=CARTESIAN_POINT('',(10.85,-4.90712472794703,8.05));
#12042=AXIS2_PLACEMENT_3D('',#13870,#13871,#13872);
#12043=CARTESIAN_POINT('',(10.85,-4.90712472794703,7.35));
#12044=CARTESIAN_POINT('',(10.85,-4.90712472794703,7.1));
#12045=VECTOR('',#13873,1000.0);
#12046=CARTESIAN_POINT('',(10.5,-4.95,7.35));
#12047=AXIS2_PLACEMENT_3D('',#13874,#13875,#13876);
#12048=CARTESIAN_POINT('',(10.5,-4.95,9.1));
#12049=CARTESIAN_POINT('',(10.5,-4.95,7.1));
#12050=VECTOR('',#13877,1000.0);
#12051=AXIS2_PLACEMENT_3D('',#13878,#13879,#13880);
#12052=COLOUR_RGB('',0.333333343267441,0.600000023841858,0.200000002980232);
#12053=CARTESIAN_POINT('',(16.05,-3.5,9.1));
#12054=CARTESIAN_POINT('',(16.05,-3.5,8.05));
#12055=CARTESIAN_POINT('',(16.05,-3.5,8.225));
#12056=VECTOR('',#13881,1.0);
#12057=CARTESIAN_POINT('',(17.5,-4.95,9.1));
#12058=AXIS2_PLACEMENT_3D('',#13882,#13883,#13884);
#12059=CARTESIAN_POINT('',(17.5,-4.95,7.35));
#12060=CARTESIAN_POINT('',(17.5,-4.95,7.1));
#12061=VECTOR('',#13885,1000.0);
#12062=CARTESIAN_POINT('',(17.15,-4.90712472794703,7.35));
#12063=AXIS2_PLACEMENT_3D('',#13886,#13887,#13888);
#12064=CARTESIAN_POINT('',(17.15,-4.90712472794703,8.05));
#12065=CARTESIAN_POINT('',(17.15,-4.90712472794703,7.1));
#12066=VECTOR('',#13889,1000.0);
#12067=AXIS2_PLACEMENT_3D('',#13890,#13891,#13892);
#12068=COLOUR_RGB('',0.866666674613953,0.866666674613953,0.866666674613953);
#12069=CARTESIAN_POINT('',(17.5,-3.25,1.62630325872825E-15));
#12070=CARTESIAN_POINT('',(17.5,-3.25,-3.5));
#12071=CARTESIAN_POINT('',(17.5,-3.25,1.62630325872825E-15));
#12072=VECTOR('',#13893,1000.0);
#12073=CARTESIAN_POINT('',(17.2643593539449,-3.25,-3.5));
#12074=CARTESIAN_POINT('',(15.45,-3.25,-3.5));
#12075=VECTOR('',#13894,1000.0);
#12076=CARTESIAN_POINT('',(17.05,-3.25,-2.7));
#12077=CARTESIAN_POINT('',(22.8073139447166,-3.25,-24.1865881568071));
#12078=VECTOR('',#13895,1000.0);
#12079=CARTESIAN_POINT('',(17.05,-3.25,1.62630325872825E-15));
#12080=CARTESIAN_POINT('',(17.05,-3.25,-25.2469472324903));
#12081=VECTOR('',#13896,1000.0);
#12082=CARTESIAN_POINT('',(15.45,-3.25,1.62630325872825E-15));
#12083=VECTOR('',#13897,1000.0);
#12084=COLOUR_RGB('',0.866666674613953,0.866666674613953,0.866666674613953);
#12085=CARTESIAN_POINT('',(17.05,-3.75,-2.7));
#12086=CARTESIAN_POINT('',(17.05,-6.75,-2.7));
#12087=VECTOR('',#13898,1000.0);
#12088=CARTESIAN_POINT('',(17.05,-3.75,1.62630325872825E-15));
#12089=CARTESIAN_POINT('',(17.05,-3.75,-25.2469472324903));
#12090=VECTOR('',#13899,1000.0);
#12091=CARTESIAN_POINT('',(17.05,-3.5,1.62630325872825E-15));
#12092=VECTOR('',#13900,1000.0);
#12093=COLOUR_RGB('',0.333333343267441,0.600000023841858,0.200000002980232);
#12094=CARTESIAN_POINT('',(17.5,-1.4,1.59));
#12095=CARTESIAN_POINT('',(17.5,-1.39,1.59));
#12096=CARTESIAN_POINT('',(17.5,-3.5,1.59));
#12097=VECTOR('',#13901,1000.0);
#12098=CARTESIAN_POINT('',(16.65,-1.39,1.59));
#12099=CARTESIAN_POINT('',(16.65,-1.39,1.59));
#12100=VECTOR('',#13902,1000.0);
#12101=CARTESIAN_POINT('',(16.65,-1.4,1.59));
#12102=CARTESIAN_POINT('',(16.65,-1.4,1.59));
#12103=VECTOR('',#13903,1000.0);
#12104=CARTESIAN_POINT('',(18.35,-1.4,1.59));
#12105=VECTOR('',#13904,1000.0);
#12106=COLOUR_RGB('',0.866666674613953,0.866666674613953,0.866666674613953);
#12107=CARTESIAN_POINT('',(13.65,-2.09287527205297,8.05));
#12108=AXIS2_PLACEMENT_3D('',#13905,#13906,#13907);
#12109=CARTESIAN_POINT('',(13.65,-3.5,8.05));
#12110=VECTOR('',#13908,1000.0);
#12111=COLOUR_RGB('',0.866666674613953,0.866666674613953,0.866666674613953);
#12112=CARTESIAN_POINT('',(13.175,-6.25,3.3));
#12113=CARTESIAN_POINT('',(14.825,-6.25,3.3));
#12114=CARTESIAN_POINT('',(11.95,-6.25,3.3));
#12115=VECTOR('',#13909,1000.0);
#12116=CARTESIAN_POINT('',(14.825,-6.25,1.6));
#12117=CARTESIAN_POINT('',(14.825,-6.25,1.62630325872825E-15));
#12118=VECTOR('',#13910,1000.0);
#12119=CARTESIAN_POINT('',(13.175,-6.25,1.6));
#12120=CARTESIAN_POINT('',(11.95,-6.25,1.6));
#12121=VECTOR('',#13911,1000.0);
#12122=CARTESIAN_POINT('',(13.175,-6.25,1.62630325872825E-15));
#12123=VECTOR('',#13912,1000.0);
#12124=COLOUR_RGB('',0.333333343267441,0.600000023841858,0.200000002980232);
#12125=CARTESIAN_POINT('',(14.85,-1.4,1.59));
#12126=CARTESIAN_POINT('',(13.15,-1.4,1.59));
#12127=CARTESIAN_POINT('',(14.85,-1.4,1.59));
#12128=VECTOR('',#13913,1000.0);
#12129=CARTESIAN_POINT('',(14.85,-1.39,1.59));
#12130=CARTESIAN_POINT('',(14.85,-1.39,1.59));
#12131=VECTOR('',#13914,1000.0);
#12132=CARTESIAN_POINT('',(13.15,-1.39,1.59));
#12133=CARTESIAN_POINT('',(13.15,-1.39,1.59));
#12134=VECTOR('',#13915,1000.0);
#12135=CARTESIAN_POINT('',(13.15,-1.4,1.59));
#12136=VECTOR('',#13916,1000.0);
#12137=COLOUR_RGB('',0.866666674613953,0.866666674613953,0.866666674613953);
#12138=CARTESIAN_POINT('',(10.85,-2.09287527205297,7.35));
#12139=CARTESIAN_POINT('',(10.85,-3.5,7.35));
#12140=VECTOR('',#13917,1000.0);
#12141=CARTESIAN_POINT('',(10.85,-2.09287527205297,8.05));
#12142=CARTESIAN_POINT('',(10.85,-1.83047720370702,8.05));
#12143=VECTOR('',#13918,1000.0);
#12144=CARTESIAN_POINT('',(10.85,-2.09287527205297,7.1));
#12145=VECTOR('',#13919,1000.0);
#12146=COLOUR_RGB('',0.333333343267441,0.600000023841858,0.200000002980232);
#12147=CARTESIAN_POINT('',(17.5,-3.46944695195361E-15,0.676990405704993));
#12148=CARTESIAN_POINT('',(17.5,-3.46944695195361E-15,1.62630325872825E-15));
#12149=CARTESIAN_POINT('',(17.5,-3.46944695195361E-15,1.62630325872825E-15));
#12150=VECTOR('',#13920,1000.0);
#12151=CARTESIAN_POINT('',(10.5,-3.46944695195361E-15,1.62630325872825E-15));
#12152=CARTESIAN_POINT('',(8.45,-3.46944695195361E-15,1.62630325872825E-15));
#12153=VECTOR('',#13921,1000.0);
#12154=CARTESIAN_POINT('',(10.5,-3.46944695195361E-15,0.676990405704993));
#12155=CARTESIAN_POINT('',(10.5,-3.46944695195361E-15,1.62630325872825E-15));
#12156=VECTOR('',#13922,1000.0);
#12157=CARTESIAN_POINT('',(11.85,-3.46944695195361E-15,0.676990405704993));
#12158=CARTESIAN_POINT('',(19.25,-3.46944695195361E-15,0.676990405704994));
#12159=VECTOR('',#13923,1000.0);
#12160=CARTESIAN_POINT('',(11.85,-3.46944695195361E-15,4.3));
#12161=CARTESIAN_POINT('',(11.85,-3.46944695195361E-15,1.62630325872825E-15));
#12162=VECTOR('',#13924,1000.0);
#12163=CARTESIAN_POINT('',(10.5,-3.46944695195361E-15,4.3));
#12164=CARTESIAN_POINT('',(11.95,-3.46944695195361E-15,4.3));
#12165=VECTOR('',#13925,1000.0);
#12166=CARTESIAN_POINT('',(10.5,-3.46944695195361E-15,4.8));
#12167=CARTESIAN_POINT('',(10.5,-3.46944695195361E-15,1.62630325872825E-15));
#12168=VECTOR('',#13926,1000.0);
#12169=CARTESIAN_POINT('',(17.5,-3.46944695195361E-15,4.8));
#12170=CARTESIAN_POINT('',(11.95,-3.46944695195361E-15,4.8));
#12171=VECTOR('',#13927,1000.0);
#12172=CARTESIAN_POINT('',(17.5,-3.46944695195361E-15,4.3));
#12173=CARTESIAN_POINT('',(17.5,-3.46944695195361E-15,1.62630325872825E-15));
#12174=VECTOR('',#13928,1000.0);
#12175=CARTESIAN_POINT('',(16.15,-3.46944695195361E-15,4.3));
#12176=CARTESIAN_POINT('',(15.45,-3.46944695195361E-15,4.3));
#12177=VECTOR('',#13929,1000.0);
#12178=CARTESIAN_POINT('',(16.15,-3.46944695195361E-15,0.676990405704994));
#12179=CARTESIAN_POINT('',(16.15,-3.46944695195361E-15,1.62630325872825E-15));
#12180=VECTOR('',#13930,1000.0);
#12181=CARTESIAN_POINT('',(19.25,-3.46944695195361E-15,0.676990405704994));
#12182=VECTOR('',#13931,1000.0);
#12183=CARTESIAN_POINT('',(12.65,-3.46944695195361E-15,4.3));
#12184=CARTESIAN_POINT('',(12.65,-3.46944695195361E-15,0.676990405704994));
#12185=CARTESIAN_POINT('',(12.65,-3.46944695195361E-15,1.62630325872825E-15));
#12186=VECTOR('',#13932,1000.0);
#12187=CARTESIAN_POINT('',(15.35,-3.46944695195361E-15,0.676990405704993));
#12188=CARTESIAN_POINT('',(15.75,-3.46944695195361E-15,0.676990405704994));
#12189=VECTOR('',#13933,1000.0);
#12190=CARTESIAN_POINT('',(15.35,-3.46944695195361E-15,4.3));
#12191=CARTESIAN_POINT('',(15.35,-3.46944695195361E-15,1.62630325872825E-15));
#12192=VECTOR('',#13934,1000.0);
#12193=CARTESIAN_POINT('',(11.95,-3.46944695195361E-15,4.3));
#12194=VECTOR('',#13935,1000.0);
#12195=COLOUR_RGB('',0.333333343267441,0.600000023841858,0.200000002980232);
#12196=CARTESIAN_POINT('',(10.5,-5.64714592937195,7.7));
#12197=CARTESIAN_POINT('',(10.5,-6.08126938372806,7.7));
#12198=CARTESIAN_POINT('',(10.5,-3.5,7.7));
#12199=VECTOR('',#13936,1000.0);
#12200=CARTESIAN_POINT('',(17.5,-6.08126938372806,7.7));
#12201=CARTESIAN_POINT('',(11.95,-6.08126938372806,7.7));
#12202=VECTOR('',#13937,1000.0);
#12203=CARTESIAN_POINT('',(17.5,-5.64714592937195,7.7));
#12204=CARTESIAN_POINT('',(17.5,-3.5,7.7));
#12205=VECTOR('',#13938,1000.0);
#12206=CARTESIAN_POINT('',(14.6,-5.64714592937195,7.7));
#12207=VECTOR('',#13939,1000.0);
#12208=COLOUR_RGB('',0.333333343267441,0.600000023841858,0.200000002980232);
#12209=CARTESIAN_POINT('',(13.15,-1.39,3.31));
#12210=CARTESIAN_POINT('',(14.85,-1.39,3.31));
#12211=CARTESIAN_POINT('',(13.15,-1.39,3.31));
#12212=VECTOR('',#13940,1000.0);
#12213=CARTESIAN_POINT('',(14.85,-1.4,3.31));
#12214=CARTESIAN_POINT('',(14.85,-1.39,3.31));
#12215=VECTOR('',#13941,1000.0);
#12216=CARTESIAN_POINT('',(13.15,-1.4,3.31));
#12217=CARTESIAN_POINT('',(14.85,-1.4,3.31));
#12218=VECTOR('',#13942,1000.0);
#12219=CARTESIAN_POINT('',(13.15,-1.4,3.31));
#12220=VECTOR('',#13943,1000.0);
#12221=COLOUR_RGB('',0.333333343267441,0.600000023841858,0.200000002980232);
#12222=CARTESIAN_POINT('',(10.5,-1.39,1.59));
#12223=CARTESIAN_POINT('',(11.35,-1.39,1.59));
#12224=CARTESIAN_POINT('',(9.65,-1.39,1.59));
#12225=VECTOR('',#13944,1000.0);
#12226=CARTESIAN_POINT('',(10.5,-1.4,1.59));
#12227=CARTESIAN_POINT('',(10.5,-3.5,1.59));
#12228=VECTOR('',#13945,1000.0);
#12229=CARTESIAN_POINT('',(11.35,-1.4,1.59));
#12230=CARTESIAN_POINT('',(11.35,-1.4,1.59));
#12231=VECTOR('',#13946,1000.0);
#12232=CARTESIAN_POINT('',(11.35,-1.39,1.59));
#12233=VECTOR('',#13947,1000.0);
#12234=COLOUR_RGB('',0.333333343267441,0.600000023841858,0.200000002980232);
#12235=CARTESIAN_POINT('',(11.85,-0.600000000000003,1.18045018441136));
#12236=CARTESIAN_POINT('',(11.85,-3.5,3.61383911482547));
#12237=VECTOR('',#13948,1000.0);
#12238=CARTESIAN_POINT('',(10.5,-1.1,1.6));
#12239=CARTESIAN_POINT('',(10.5,-3.5,3.61383911482547));
#12240=VECTOR('',#13949,1000.0);
#12241=CARTESIAN_POINT('',(11.35,-1.1,1.6));
#12242=CARTESIAN_POINT('',(11.95,-1.1,1.6));
#12243=VECTOR('',#13950,1000.0);
#12244=CARTESIAN_POINT('',(8.95,-3.5,3.61383911482547));
#12245=VECTOR('',#13951,1000.0);
#12246=COLOUR_RGB('',0.866666674613953,0.866666674613953,0.866666674613953);
#12247=CARTESIAN_POINT('',(10.7356406460551,-3.75,-3.5));
#12248=CARTESIAN_POINT('',(10.95,-3.75,-2.7));
#12249=CARTESIAN_POINT('',(5.37355176017442,-3.75,-23.5115881568071));
#12250=VECTOR('',#13952,1000.0);
#12251=CARTESIAN_POINT('',(10.95,-3.75,1.62630325872825E-15));
#12252=CARTESIAN_POINT('',(10.95,-3.75,-25.2469472324903));
#12253=VECTOR('',#13953,1000.0);
#12254=CARTESIAN_POINT('',(10.5,-3.75,1.62630325872825E-15));
#12255=CARTESIAN_POINT('',(11.95,-3.75,1.62630325872825E-15));
#12256=VECTOR('',#13954,1000.0);
#12257=CARTESIAN_POINT('',(10.5,-3.75,-3.5));
#12258=CARTESIAN_POINT('',(10.5,-3.75,1.62630325872825E-15));
#12259=VECTOR('',#13955,1000.0);
#12260=CARTESIAN_POINT('',(11.95,-3.75,-3.5));
#12261=VECTOR('',#13956,1000.0);
#12262=COLOUR_RGB('',0.866666674613953,0.866666674613953,0.866666674613953);
#12263=CARTESIAN_POINT('',(14.35,-2.09287527205297,7.35));
#12264=CARTESIAN_POINT('',(14.35,-3.5,7.35));
#12265=VECTOR('',#13957,1000.0);
#12266=CARTESIAN_POINT('',(13.65,-2.09287527205297,7.35));
#12267=AXIS2_PLACEMENT_3D('',#13958,#13959,#13960);
#12268=CARTESIAN_POINT('',(13.65,-3.5,7.35));
#12269=VECTOR('',#13961,1000.0);
#12270=COLOUR_RGB('',0.866666674613953,0.866666674613953,0.866666674613953);
#12271=CARTESIAN_POINT('',(10.5,-1.4,1.6));
#12272=CARTESIAN_POINT('',(10.5,-6.25,1.6));
#12273=CARTESIAN_POINT('',(10.5,-3.5,1.6));
#12274=VECTOR('',#13962,1000.0);
#12275=CARTESIAN_POINT('',(11.325,-6.25,1.6));
#12276=CARTESIAN_POINT('',(11.95,-6.25,1.6));
#12277=VECTOR('',#13963,1000.0);
#12278=CARTESIAN_POINT('',(11.325,-1.4,1.6));
#12279=CARTESIAN_POINT('',(11.325,-3.5,1.6));
#12280=VECTOR('',#13964,1000.0);
#12281=CARTESIAN_POINT('',(11.95,-1.4,1.6));
#12282=VECTOR('',#13965,1000.0);
#12283=COLOUR_RGB('',0.333333343267441,0.600000023841858,0.200000002980232);
#12284=CARTESIAN_POINT('',(10.5,-5.5,9.1));
#12285=CARTESIAN_POINT('',(10.5,-6.45644854091766,1.62630325872825E-15));
#12286=VECTOR('',#13966,1000.0);
#12287=CARTESIAN_POINT('',(17.5,-5.5,9.1));
#12288=CARTESIAN_POINT('',(17.5,-6.45644854091766,1.62630325872825E-15));
#12289=VECTOR('',#13967,1000.0);
#12290=CARTESIAN_POINT('',(11.95,-5.5,9.1));
#12291=VECTOR('',#13968,1000.0);
#12292=COLOUR_RGB('',0.866666674613953,0.866666674613953,0.866666674613953);
#12293=CARTESIAN_POINT('',(14.825,-1.4,3.3));
#12294=CARTESIAN_POINT('',(13.175,-1.4,3.3));
#12295=CARTESIAN_POINT('',(11.95,-1.4,3.3));
#12296=VECTOR('',#13969,1000.0);
#12297=CARTESIAN_POINT('',(14.825,-3.5,3.3));
#12298=VECTOR('',#13970,1000.0);
#12299=CARTESIAN_POINT('',(13.175,-3.5,3.3));
#12300=VECTOR('',#13971,1000.0);
#12301=COLOUR_RGB('',0.866666674613953,0.866666674613953,0.866666674613953);
#12302=CARTESIAN_POINT('',(14.825,-1.4,1.6));
#12303=CARTESIAN_POINT('',(14.825,-1.4,1.62630325872825E-15));
#12304=VECTOR('',#13972,1000.0);
#12305=CARTESIAN_POINT('',(14.825,-3.5,1.6));
#12306=VECTOR('',#13973,1000.0);
#12307=COLOUR_RGB('',0.333333343267441,0.600000023841858,0.200000002980232);
#12308=CARTESIAN_POINT('',(17.5,-1.39,3.31));
#12309=CARTESIAN_POINT('',(17.5,-1.39,3.3));
#12310=CARTESIAN_POINT('',(17.5,-1.39,1.62630325872825E-15));
#12311=VECTOR('',#13974,1000.0);
#12312=CARTESIAN_POINT('',(16.65,-1.39,3.31));
#12313=CARTESIAN_POINT('',(16.65,-1.39,3.31));
#12314=VECTOR('',#13975,1000.0);
#12315=CARTESIAN_POINT('',(16.65,-1.39,3.3));
#12316=CARTESIAN_POINT('',(16.65,-1.39,3.3));
#12317=VECTOR('',#13976,1000.0);
#12318=CARTESIAN_POINT('',(15.45,-1.39,3.3));
#12319=VECTOR('',#13977,1000.0);
#12320=COLOUR_RGB('',0.333333343267441,0.600000023841858,0.200000002980232);
#12321=CARTESIAN_POINT('',(17.15,-2.09287527205297,8.05));
#12322=AXIS2_PLACEMENT_3D('',#13978,#13979,#13980);
#12323=CARTESIAN_POINT('',(17.15,-2.09287527205297,7.35));
#12324=CARTESIAN_POINT('',(17.15,-2.09287527205297,7.1));
#12325=VECTOR('',#13981,1000.0);
#12326=CARTESIAN_POINT('',(17.5,-2.05,7.35));
#12327=AXIS2_PLACEMENT_3D('',#13982,#13983,#13984);
#12328=CARTESIAN_POINT('',(17.5,-2.05,9.1));
#12329=CARTESIAN_POINT('',(17.5,-2.05,7.1));
#12330=VECTOR('',#13985,1000.0);
#12331=AXIS2_PLACEMENT_3D('',#13986,#13987,#13988);
#12332=COLOUR_RGB('',0.866666674613953,0.866666674613953,0.866666674613953);
#12333=CARTESIAN_POINT('',(17.5,-6.25,3.3));
#12334=CARTESIAN_POINT('',(17.5,-6.25,1.6));
#12335=CARTESIAN_POINT('',(17.5,-6.25,1.62630325872825E-15));
#12336=VECTOR('',#13989,1000.0);
#12337=CARTESIAN_POINT('',(16.675,-6.25,1.6));
#12338=CARTESIAN_POINT('',(15.45,-6.25,1.6));
#12339=VECTOR('',#13990,1000.0);
#12340=CARTESIAN_POINT('',(16.675,-6.25,3.3));
#12341=CARTESIAN_POINT('',(16.675,-6.25,1.62630325872825E-15));
#12342=VECTOR('',#13991,1000.0);
#12343=CARTESIAN_POINT('',(15.45,-6.25,3.3));
#12344=VECTOR('',#13992,1000.0);
#12345=COLOUR_RGB('',0.333333343267441,0.600000023841858,0.200000002980232);
#12346=CARTESIAN_POINT('',(16.65,-1.1,3.3));
#12347=CARTESIAN_POINT('',(16.65,-1.1,1.6));
#12348=CARTESIAN_POINT('',(16.65,-1.1,1.62630325872825E-15));
#12349=VECTOR('',#13993,1000.0);
#12350=CARTESIAN_POINT('',(16.65,-3.46944695195361E-15,3.3));
#12351=VECTOR('',#13994,1000.0);
#12352=CARTESIAN_POINT('',(16.65,-1.4,3.31));
#12353=CARTESIAN_POINT('',(16.65,-1.4,3.31));
#12354=VECTOR('',#13995,1000.0);
#12355=CARTESIAN_POINT('',(16.65,-1.4,3.3));
#12356=VECTOR('',#13996,1000.0);
#12357=CARTESIAN_POINT('',(16.65,-1.39,1.6));
#12358=CARTESIAN_POINT('',(16.65,-1.39,1.6));
#12359=VECTOR('',#13997,1000.0);
#12360=CARTESIAN_POINT('',(16.65,-3.46944695195361E-15,1.6));
#12361=VECTOR('',#13998,1000.0);
#12362=COLOUR_RGB('',0.866666674613953,0.866666674613953,0.866666674613953);
#12363=CARTESIAN_POINT('',(17.5,-1.4,3.31));
#12364=CARTESIAN_POINT('',(18.35,-1.4,3.31));
#12365=VECTOR('',#13999,1000.0);
#12366=CARTESIAN_POINT('',(17.5,-1.4,3.3));
#12367=CARTESIAN_POINT('',(17.5,-1.4,1.62630325872825E-15));
#12368=VECTOR('',#14000,1000.0);
#12369=CARTESIAN_POINT('',(16.675,-1.4,3.3));
#12370=CARTESIAN_POINT('',(15.45,-1.4,3.3));
#12371=VECTOR('',#14001,1000.0);
#12372=CARTESIAN_POINT('',(16.675,-1.4,1.6));
#12373=CARTESIAN_POINT('',(16.675,-1.4,1.62630325872825E-15));
#12374=VECTOR('',#14002,1000.0);
#12375=CARTESIAN_POINT('',(17.5,-1.4,1.6));
#12376=CARTESIAN_POINT('',(15.45,-1.4,1.6));
#12377=VECTOR('',#14003,1000.0);
#12378=CARTESIAN_POINT('',(17.5,-1.4,1.62630325872825E-15));
#12379=VECTOR('',#14004,1000.0);
#12380=COLOUR_RGB('',0.333333343267441,0.600000023841858,0.200000002980232);
#12381=CARTESIAN_POINT('',(15.35,-0.522649730810373,4.3));
#12382=CARTESIAN_POINT('',(15.35,-9.6,4.3));
#12383=VECTOR('',#14005,1000.0);
#12384=CARTESIAN_POINT('',(15.35,-0.600000000000003,1.18045018441136));
#12385=CARTESIAN_POINT('',(15.35,-3.5,3.61383911482547));
#12386=VECTOR('',#14006,1000.0);
#12387=CARTESIAN_POINT('',(15.35,-0.600000000000003,4.16602540378444));
#12388=CARTESIAN_POINT('',(15.35,-0.600000000000003,1.62630325872825E-15));
#12389=VECTOR('',#14007,1000.0);
#12390=CARTESIAN_POINT('',(15.35,-2.52894191624433,0.825000000000002));
#12391=VECTOR('',#14008,1000.0);
#12392=COLOUR_RGB('',0.866666674613953,0.866666674613953,0.866666674613953);
#12393=CARTESIAN_POINT('',(17.2643593539449,-3.75,-3.5));
#12394=CARTESIAN_POINT('',(17.2643593539449,-3.5,-3.5));
#12395=VECTOR('',#14009,1000.0);
#12396=CARTESIAN_POINT('',(22.8073139447166,-3.75,-24.1865881568071));
#12397=VECTOR('',#14010,1000.0);
#12398=COLOUR_RGB('',0.333333343267441,0.600000023841858,0.200000002980232);
#12399=CARTESIAN_POINT('',(14.85,-1.1,1.6));
#12400=CARTESIAN_POINT('',(12.45,-3.5,3.61383911482547));
#12401=VECTOR('',#14011,1000.0);
#12402=CARTESIAN_POINT('',(14.85,-1.1,3.3));
#12403=CARTESIAN_POINT('',(14.85,-1.1,1.62630325872825E-15));
#12404=VECTOR('',#14012,1000.0);
#12405=CARTESIAN_POINT('',(12.1068464670045,-3.84315353299546,-1.45128129211021));
#12406=VECTOR('',#14013,1000.0);
#12407=COLOUR_RGB('',0.866666674613953,0.866666674613953,0.866666674613953);
#12408=CARTESIAN_POINT('',(16.675,-3.5,3.3));
#12409=VECTOR('',#14014,1000.0);
#12410=CARTESIAN_POINT('',(16.675,-3.5,1.6));
#12411=VECTOR('',#14015,1000.0);
#12412=COLOUR_RGB('',0.333333343267441,0.600000023841858,0.200000002980232);
#12413=CARTESIAN_POINT('',(17.5,-1.1,3.3));
#12414=CARTESIAN_POINT('',(15.45,-1.1,3.3));
#12415=VECTOR('',#14016,1000.0);
#12416=CARTESIAN_POINT('',(17.5,-3.5,3.3));
#12417=VECTOR('',#14017,1000.0);
#12418=COLOUR_RGB('',0.866666674613953,0.866666674613953,0.866666674613953);
#12419=CARTESIAN_POINT('',(14.45,-3.25,-2.7));
#12420=CARTESIAN_POINT('',(14.45,-3.75,-2.7));
#12421=CARTESIAN_POINT('',(14.45,-6.75,-2.7));
#12422=VECTOR('',#14018,1000.0);
#12423=CARTESIAN_POINT('',(14.2356406460551,-3.75,-3.5));
#12424=CARTESIAN_POINT('',(8.87355176017442,-3.75,-23.5115881568071));
#12425=VECTOR('',#14019,1000.0);
#12426=CARTESIAN_POINT('',(14.2356406460551,-3.25,-3.5));
#12427=CARTESIAN_POINT('',(14.2356406460551,-3.5,-3.5));
#12428=VECTOR('',#14020,1000.0);
#12429=CARTESIAN_POINT('',(8.87355176017442,-3.25,-23.5115881568071));
#12430=VECTOR('',#14021,1000.0);
#12431=COLOUR_RGB('',0.333333343267441,0.600000023841858,0.200000002980232);
#12432=CARTESIAN_POINT('',(16.15,-0.600000000000003,1.18045018441136));
#12433=CARTESIAN_POINT('',(19.05,-3.5,3.61383911482547));
#12434=VECTOR('',#14022,1000.0);
#12435=CARTESIAN_POINT('',(17.5,-1.1,1.6));
#12436=CARTESIAN_POINT('',(15.45,-1.1,1.6));
#12437=VECTOR('',#14023,1000.0);
#12438=CARTESIAN_POINT('',(17.5,-3.5,3.61383911482547));
#12439=VECTOR('',#14024,1000.0);
#12440=CARTESIAN_POINT('',(16.15,-3.5,3.61383911482547));
#12441=VECTOR('',#14025,1000.0);
#12442=COLOUR_RGB('',0.333333343267441,0.600000023841858,0.200000002980232);
#12443=CARTESIAN_POINT('',(17.5,-0.522649730810373,4.3));
#12444=CARTESIAN_POINT('',(17.5,-3.00525588832577,1.62630325872825E-15));
#12445=VECTOR('',#14026,1000.0);
#12446=CARTESIAN_POINT('',(16.15,-0.600000000000003,4.16602540378444));
#12447=CARTESIAN_POINT('',(19.9331535329955,-4.38315353299546,-2.3865887281974));
#12448=VECTOR('',#14027,1000.0);
#12449=CARTESIAN_POINT('',(16.15,-0.522649730810373,4.3));
#12450=CARTESIAN_POINT('',(16.15,-2.52894191624433,0.825000000000002));
#12451=VECTOR('',#14028,1000.0);
#12452=CARTESIAN_POINT('',(15.45,-0.522649730810373,4.3));
#12453=VECTOR('',#14029,1000.0);
#12454=COLOUR_RGB('',0.333333343267441,0.600000023841858,0.200000002980232);
#12455=CARTESIAN_POINT('',(16.15,-9.6,4.3));
#12456=VECTOR('',#14030,1000.0);
#12457=CARTESIAN_POINT('',(16.15,-0.600000000000003,1.62630325872825E-15));
#12458=VECTOR('',#14031,1000.0);
#12459=COLOUR_RGB('',0.866666674613953,0.866666674613953,0.866666674613953);
#12460=CARTESIAN_POINT('',(17.15,-3.5,8.05));
#12461=VECTOR('',#14032,1000.0);
#12462=COLOUR_RGB('',0.866666674613953,0.866666674613953,0.866666674613953);
#12463=CARTESIAN_POINT('',(14.35,-2.09287527205297,8.05));
#12464=CARTESIAN_POINT('',(14.35,-1.83047720370702,8.05));
#12465=VECTOR('',#14033,1000.0);
#12466=CARTESIAN_POINT('',(14.35,-2.09287527205297,7.1));
#12467=VECTOR('',#14034,1000.0);
#12468=COLOUR_RGB('',0.333333343267441,0.600000023841858,0.200000002980232);
#12469=CARTESIAN_POINT('',(17.5,-3.5,3.31));
#12470=VECTOR('',#14035,1000.0);
#12471=COLOUR_RGB('',0.866666674613953,0.866666674613953,0.866666674613953);
#12472=CARTESIAN_POINT('',(17.5,-3.5,7.35));
#12473=VECTOR('',#14036,1000.0);
#12474=CARTESIAN_POINT('',(17.15,-3.5,7.35));
#12475=VECTOR('',#14037,1000.0);
#12476=COLOUR_RGB('',0.866666674613953,0.866666674613953,0.866666674613953);
#12477=CARTESIAN_POINT('',(14.45,-3.75,1.62630325872825E-15));
#12478=CARTESIAN_POINT('',(14.45,-3.75,-25.2469472324903));
#12479=VECTOR('',#14038,1000.0);
#12480=CARTESIAN_POINT('',(14.45,-3.25,1.62630325872825E-15));
#12481=CARTESIAN_POINT('',(14.45,-3.25,-25.2469472324903));
#12482=VECTOR('',#14039,1000.0);
#12483=CARTESIAN_POINT('',(14.45,-3.5,1.62630325872825E-15));
#12484=VECTOR('',#14040,1000.0);
#12485=COLOUR_RGB('',0.333333343267441,0.600000023841858,0.200000002980232);
#12486=CARTESIAN_POINT('',(17.5,-1.39,1.6));
#12487=CARTESIAN_POINT('',(17.5,-3.5,1.6));
#12488=VECTOR('',#14041,1000.0);
#12489=CARTESIAN_POINT('',(15.45,-1.39,1.6));
#12490=VECTOR('',#14042,1000.0);
#12491=COLOUR_RGB('',0.333333343267441,0.600000023841858,0.200000002980232);
#12492=CARTESIAN_POINT('',(14.85,-1.39,1.6));
#12493=CARTESIAN_POINT('',(14.85,-3.46944695195361E-15,1.6));
#12494=VECTOR('',#14043,1000.0);
#12495=CARTESIAN_POINT('',(14.85,-1.39,1.6));
#12496=VECTOR('',#14044,1000.0);
#12497=CARTESIAN_POINT('',(14.85,-1.4,1.6));
#12498=VECTOR('',#14045,1000.0);
#12499=CARTESIAN_POINT('',(14.85,-1.39,3.3));
#12500=CARTESIAN_POINT('',(14.85,-1.39,3.3));
#12501=VECTOR('',#14046,1000.0);
#12502=CARTESIAN_POINT('',(14.85,-3.46944695195361E-15,3.3));
#12503=VECTOR('',#14047,1000.0);
#12504=COLOUR_RGB('',0.333333343267441,0.600000023841858,0.200000002980232);
#12505=CARTESIAN_POINT('',(17.5,-1.39,1.62630325872825E-15));
#12506=VECTOR('',#14048,1000.0);
#12507=COLOUR_RGB('',0.333333343267441,0.600000023841858,0.200000002980232);
#12508=CARTESIAN_POINT('',(17.5,-3.5,4.3));
#12509=VECTOR('',#14049,1000.0);
#12510=COLOUR_RGB('',0.333333343267441,0.600000023841858,0.200000002980232);
#12511=COLOUR_RGB('',0.333333343267441,0.600000023841858,0.200000002980232);
#12512=CARTESIAN_POINT('',(17.5,-3.5,1.6));
#12513=VECTOR('',#14050,1000.0);
#12514=CARTESIAN_POINT('',(17.5,-3.5,3.3));
#12515=VECTOR('',#14051,1000.0);
#12516=CARTESIAN_POINT('',(17.5,-0.500000000000003,4.8));
#12517=CARTESIAN_POINT('',(17.5,-3.5,4.8));
#12518=VECTOR('',#14052,1000.0);
#12519=CARTESIAN_POINT('',(17.5,-1.1810530933955,9.1));
#12520=CARTESIAN_POINT('',(17.5,0.260245313557777,1.62630325872825E-15));
#12521=VECTOR('',#14053,1000.0);
#12522=CARTESIAN_POINT('',(17.5,-3.5,9.1));
#12523=VECTOR('',#14054,1000.0);
#12524=CARTESIAN_POINT('',(17.5,-3.5,9.1));
#12525=VECTOR('',#14055,1000.0);
#12526=CARTESIAN_POINT('',(17.5,-6.2,4.3));
#12527=CARTESIAN_POINT('',(17.5,-6.35015930881452,1.62630325872825E-15));
#12528=VECTOR('',#14056,1000.0);
#12529=CARTESIAN_POINT('',(17.5,-7.3,4.3));
#12530=CARTESIAN_POINT('',(17.5,-3.5,4.3));
#12531=VECTOR('',#14057,1000.0);
#12532=CARTESIAN_POINT('',(17.5,-7.3,1.62630325872825E-15));
#12533=CARTESIAN_POINT('',(17.5,-7.3,1.62630325872825E-15));
#12534=VECTOR('',#14058,1000.0);
#12535=CARTESIAN_POINT('',(17.5,-3.75,1.62630325872825E-15));
#12536=CARTESIAN_POINT('',(17.5,-3.5,1.62630325872825E-15));
#12537=VECTOR('',#14059,1000.0);
#12538=CARTESIAN_POINT('',(17.5,-3.75,-3.5));
#12539=CARTESIAN_POINT('',(17.5,-3.75,1.62630325872825E-15));
#12540=VECTOR('',#14060,1000.0);
#12541=CARTESIAN_POINT('',(17.5,-3.5,-3.5));
#12542=VECTOR('',#14061,1000.0);
#12543=CARTESIAN_POINT('',(17.5,-3.5,1.62630325872825E-15));
#12544=VECTOR('',#14062,1000.0);
#12545=COLOUR_RGB('',0.333333343267441,0.600000023841858,0.200000002980232);
#12546=CARTESIAN_POINT('',(10.5,-1.1810530933955,9.1));
#12547=CARTESIAN_POINT('',(11.95,-1.1810530933955,9.1));
#12548=VECTOR('',#14063,1000.0);
#12549=CARTESIAN_POINT('',(10.5,-0.500000000000003,4.8));
#12550=CARTESIAN_POINT('',(18.95,-0.500000000000003,4.8));
#12551=VECTOR('',#14064,1000.0);
#12552=CARTESIAN_POINT('',(10.5,0.260245313557777,1.62630325872825E-15));
#12553=VECTOR('',#14065,1000.0);
#12554=COLOUR_RGB('',0.333333343267441,0.600000023841858,0.200000002980232);
#12555=CARTESIAN_POINT('',(13.15,-1.1,3.3));
#12556=CARTESIAN_POINT('',(11.95,-1.1,3.3));
#12557=VECTOR('',#14066,1000.0);
#12558=CARTESIAN_POINT('',(13.15,-1.39,3.3));
#12559=CARTESIAN_POINT('',(11.95,-1.39,3.3));
#12560=VECTOR('',#14067,1000.0);
#12561=CARTESIAN_POINT('',(13.15,-3.46944695195361E-15,3.3));
#12562=VECTOR('',#14068,1000.0);
#12563=COLOUR_RGB('',0.333333343267441,0.600000023841858,0.200000002980232);
#12564=CARTESIAN_POINT('',(13.15,-1.39,1.6));
#12565=CARTESIAN_POINT('',(11.95,-1.39,1.6));
#12566=VECTOR('',#14069,1000.0);
#12567=CARTESIAN_POINT('',(13.15,-1.1,1.6));
#12568=CARTESIAN_POINT('',(11.95,-1.1,1.6));
#12569=VECTOR('',#14070,1000.0);
#12570=CARTESIAN_POINT('',(13.15,-3.46944695195361E-15,1.6));
#12571=VECTOR('',#14071,1000.0);
#12572=COLOUR_RGB('',0.333333343267441,0.600000023841858,0.200000002980232);
#12573=CARTESIAN_POINT('',(10.5,-7.3,4.3));
#12574=CARTESIAN_POINT('',(10.5,-6.2,4.3));
#12575=CARTESIAN_POINT('',(10.5,-3.5,4.3));
#12576=VECTOR('',#14072,1000.0);
#12577=CARTESIAN_POINT('',(11.95,-7.3,4.3));
#12578=VECTOR('',#14073,1000.0);
#12579=CARTESIAN_POINT('',(11.95,-6.2,4.3));
#12580=VECTOR('',#14074,1000.0);
#12581=COLOUR_RGB('',0.333333343267441,0.600000023841858,0.200000002980232);
#12582=CARTESIAN_POINT('',(13.15,-1.1,1.62630325872825E-15));
#12583=VECTOR('',#14075,1000.0);
#12584=CARTESIAN_POINT('',(13.15,-1.39,3.3));
#12585=VECTOR('',#14076,1000.0);
#12586=CARTESIAN_POINT('',(13.15,-1.4,3.3));
#12587=VECTOR('',#14077,1000.0);
#12588=CARTESIAN_POINT('',(13.15,-1.39,1.6));
#12589=VECTOR('',#14078,1000.0);
#12590=COLOUR_RGB('',0.333333343267441,0.600000023841858,0.200000002980232);
#12591=CARTESIAN_POINT('',(10.5,-2.05,9.1));
#12592=CARTESIAN_POINT('',(10.5,-3.5,9.1));
#12593=VECTOR('',#14079,1000.0);
#12594=AXIS2_PLACEMENT_3D('',#14080,#14081,#14082);
#12595=CARTESIAN_POINT('',(10.5,-3.5,9.1));
#12596=VECTOR('',#14083,1000.0);
#12597=AXIS2_PLACEMENT_3D('',#14084,#14085,#14086);
#12598=COLOUR_RGB('',0.333333343267441,0.600000023841858,0.200000002980232);
#12599=CARTESIAN_POINT('',(10.5,-1.39,3.3));
#12600=CARTESIAN_POINT('',(10.5,-1.1,3.3));
#12601=CARTESIAN_POINT('',(10.5,-3.5,3.3));
#12602=VECTOR('',#14087,1000.0);
#12603=CARTESIAN_POINT('',(11.35,-1.1,3.3));
#12604=CARTESIAN_POINT('',(11.95,-1.1,3.3));
#12605=VECTOR('',#14088,1000.0);
#12606=CARTESIAN_POINT('',(11.35,-1.39,3.3));
#12607=CARTESIAN_POINT('',(11.35,-3.46944695195361E-15,3.3));
#12608=VECTOR('',#14089,1000.0);
#12609=CARTESIAN_POINT('',(11.95,-1.39,3.3));
#12610=VECTOR('',#14090,1000.0);
#12611=COLOUR_RGB('',0.333333343267441,0.600000023841858,0.200000002980232);
#12612=CARTESIAN_POINT('',(10.5,-6.35015930881452,1.62630325872825E-15));
#12613=VECTOR('',#14091,1000.0);
#12614=COLOUR_RGB('',0.333333343267441,0.600000023841858,0.200000002980232);
#12615=CARTESIAN_POINT('',(11.85,-0.600000000000003,4.16602540378444));
#12616=CARTESIAN_POINT('',(8.60684646700454,-3.84315353299546,-1.45128129211021));
#12617=VECTOR('',#14092,1000.0);
#12618=CARTESIAN_POINT('',(10.5,-0.522649730810383,4.3));
#12619=CARTESIAN_POINT('',(10.5,-3.00525588832577,1.62630325872825E-15));
#12620=VECTOR('',#14093,1000.0);
#12621=CARTESIAN_POINT('',(11.85,-0.522649730810373,4.3));
#12622=CARTESIAN_POINT('',(8.45,-0.522649730810373,4.3));
#12623=VECTOR('',#14094,1000.0);
#12624=CARTESIAN_POINT('',(11.85,-2.52894191624433,0.825000000000002));
#12625=VECTOR('',#14095,1000.0);
#12626=COLOUR_RGB('',0.333333343267441,0.600000023841858,0.200000002980232);
#12627=CARTESIAN_POINT('',(11.35,-1.1,1.62630325872825E-15));
#12628=VECTOR('',#14096,1000.0);
#12629=CARTESIAN_POINT('',(11.85,-0.600000000000003,1.62630325872825E-15));
#12630=VECTOR('',#14097,1000.0);
#12631=COLOUR_RGB('',0.333333343267441,0.600000023841858,0.200000002980232);
#12632=CARTESIAN_POINT('',(11.85,-9.6,4.3));
#12633=VECTOR('',#14098,1000.0);
#12634=COLOUR_RGB('',0.333333343267441,0.600000023841858,0.200000002980232);
#12635=CARTESIAN_POINT('',(10.5,-7.3,1.62630325872825E-15));
#12636=CARTESIAN_POINT('',(10.5,-7.3,1.62630325872825E-15));
#12637=VECTOR('',#14099,1000.0);
#12638=CARTESIAN_POINT('',(11.95,-7.3,1.62630325872825E-15));
#12639=VECTOR('',#14100,1000.0);
#12640=COLOUR_RGB('',0.333333343267441,0.600000023841858,0.200000002980232);
#12641=CARTESIAN_POINT('',(10.5,-1.39,1.6));
#12642=CARTESIAN_POINT('',(10.5,-3.5,1.6));
#12643=VECTOR('',#14101,1000.0);
#12644=CARTESIAN_POINT('',(11.35,-1.39,1.6));
#12645=CARTESIAN_POINT('',(11.95,-1.39,1.6));
#12646=VECTOR('',#14102,1000.0);
#12647=CARTESIAN_POINT('',(11.35,-3.46944695195361E-15,1.6));
#12648=VECTOR('',#14103,1000.0);
#12649=COLOUR_RGB('',0.333333343267441,0.600000023841858,0.200000002980232);
#12650=CARTESIAN_POINT('',(10.5,-3.5,4.3));
#12651=VECTOR('',#14104,1000.0);
#12652=COLOUR_RGB('',0.333333343267441,0.600000023841858,0.200000002980232);
#12653=CARTESIAN_POINT('',(10.5,-3.25,1.62630325872825E-15));
#12654=CARTESIAN_POINT('',(10.95,-3.25,1.62630325872825E-15));
#12655=CARTESIAN_POINT('',(11.95,-3.25,1.62630325872825E-15));
#12656=VECTOR('',#14105,1000.0);
#12657=CARTESIAN_POINT('',(10.5,-3.5,1.62630325872825E-15));
#12658=VECTOR('',#14106,1000.0);
#12659=CARTESIAN_POINT('',(15.45,-3.75,1.62630325872825E-15));
#12660=VECTOR('',#14107,1000.0);
#12661=CARTESIAN_POINT('',(10.5,-3.5,1.62630325872825E-15));
#12662=VECTOR('',#14108,1000.0);
#12663=CARTESIAN_POINT('',(10.95,-3.5,1.62630325872825E-15));
#12664=VECTOR('',#14109,1000.0);
#12665=CARTESIAN_POINT('',(13.55,-3.25,1.62630325872825E-15));
#12666=CARTESIAN_POINT('',(11.95,-3.25,1.62630325872825E-15));
#12667=VECTOR('',#14110,1000.0);
#12668=CARTESIAN_POINT('',(13.55,-3.75,1.62630325872825E-15));
#12669=CARTESIAN_POINT('',(13.55,-3.5,1.62630325872825E-15));
#12670=VECTOR('',#14111,1000.0);
#12671=CARTESIAN_POINT('',(11.95,-3.75,1.62630325872825E-15));
#12672=VECTOR('',#14112,1000.0);
#12673=COLOUR_RGB('',0.333333343267441,0.600000023841858,0.200000002980232);
#12674=CARTESIAN_POINT('',(10.5,-2.05,7.35));
#12675=CARTESIAN_POINT('',(10.5,-2.05,7.1));
#12676=VECTOR('',#14113,1000.0);
#12677=AXIS2_PLACEMENT_3D('',#14114,#14115,#14116);
#12678=AXIS2_PLACEMENT_3D('',#14117,#14118,#14119);
#12679=COLOUR_RGB('',0.333333343267441,0.600000023841858,0.200000002980232);
#12680=CARTESIAN_POINT('',(11.35,-1.39,3.31));
#12681=CARTESIAN_POINT('',(11.35,-1.4,3.31));
#12682=CARTESIAN_POINT('',(11.35,-1.39,3.31));
#12683=VECTOR('',#14120,1000.0);
#12684=CARTESIAN_POINT('',(10.5,-1.4,3.31));
#12685=CARTESIAN_POINT('',(11.35,-1.4,3.31));
#12686=VECTOR('',#14121,1000.0);
#12687=CARTESIAN_POINT('',(10.5,-1.39,3.31));
#12688=CARTESIAN_POINT('',(10.5,-3.5,3.31));
#12689=VECTOR('',#14122,1000.0);
#12690=CARTESIAN_POINT('',(9.65,-1.39,3.31));
#12691=VECTOR('',#14123,1000.0);
#12692=COLOUR_RGB('',0.333333343267441,0.600000023841858,0.200000002980232);
#12693=CARTESIAN_POINT('',(11.35,-1.39,1.6));
#12694=VECTOR('',#14124,1000.0);
#12695=CARTESIAN_POINT('',(11.35,-1.4,1.6));
#12696=VECTOR('',#14125,1000.0);
#12697=CARTESIAN_POINT('',(11.35,-1.39,3.3));
#12698=VECTOR('',#14126,1000.0);
#12699=COLOUR_RGB('',0.333333343267441,0.600000023841858,0.200000002980232);
#12700=CARTESIAN_POINT('',(12.65,-0.522649730810373,4.3));
#12701=CARTESIAN_POINT('',(11.95,-0.522649730810373,4.3));
#12702=VECTOR('',#14127,1000.0);
#12703=CARTESIAN_POINT('',(12.65,-0.600000000000003,4.16602540378444));
#12704=CARTESIAN_POINT('',(16.4331535329955,-4.38315353299546,-2.3865887281974));
#12705=VECTOR('',#14128,1000.0);
#12706=CARTESIAN_POINT('',(12.65,-2.52894191624433,0.825000000000002));
#12707=VECTOR('',#14129,1000.0);
#12708=COLOUR_RGB('',0.333333343267441,0.600000023841858,0.200000002980232);
#12709=COLOUR_RGB('',0.333333343267441,0.600000023841858,0.200000002980232);
#12710=CARTESIAN_POINT('',(10.5,-1.39,1.62630325872825E-15));
#12711=VECTOR('',#14130,1000.0);
#12712=COLOUR_RGB('',0.333333343267441,0.600000023841858,0.200000002980232);
#12713=CARTESIAN_POINT('',(10.5,-3.5,7.35));
#12714=VECTOR('',#14131,1000.0);
#12715=CARTESIAN_POINT('',(10.5,-3.5,4.8));
#12716=VECTOR('',#14132,1000.0);
#12717=CARTESIAN_POINT('',(10.5,-1.4,3.3));
#12718=CARTESIAN_POINT('',(10.5,-1.4,1.62630325872825E-15));
#12719=VECTOR('',#14133,1000.0);
#12720=CARTESIAN_POINT('',(10.5,-6.25,3.3));
#12721=CARTESIAN_POINT('',(10.5,-3.5,3.3));
#12722=VECTOR('',#14134,1000.0);
#12723=CARTESIAN_POINT('',(10.5,-6.25,1.62630325872825E-15));
#12724=VECTOR('',#14135,1000.0);
#12725=CARTESIAN_POINT('',(10.5,-1.4,1.62630325872825E-15));
#12726=VECTOR('',#14136,1000.0);
#12727=CARTESIAN_POINT('',(10.5,-1.39,1.62630325872825E-15));
#12728=VECTOR('',#14137,1000.0);
#12729=CARTESIAN_POINT('',(10.5,-3.25,-3.5));
#12730=CARTESIAN_POINT('',(10.5,-3.25,1.62630325872825E-15));
#12731=VECTOR('',#14138,1000.0);
#12732=CARTESIAN_POINT('',(10.5,-3.5,-3.5));
#12733=VECTOR('',#14139,1000.0);
#12734=COLOUR_RGB('',0.333333343267441,0.600000023841858,0.200000002980232);
#12735=COLOUR_RGB('',0.333333343267441,0.600000023841858,0.200000002980232);
#12736=CARTESIAN_POINT('',(12.65,-9.6,4.3));
#12737=VECTOR('',#14140,1000.0);
#12738=COLOUR_RGB('',0.333333343267441,0.600000023841858,0.200000002980232);
#12739=CARTESIAN_POINT('',(12.65,-0.600000000000003,1.18045018441136));
#12740=CARTESIAN_POINT('',(12.65,-3.5,3.61383911482547));
#12741=VECTOR('',#14141,1000.0);
#12742=CARTESIAN_POINT('',(12.65,-0.600000000000003,1.62630325872825E-15));
#12743=VECTOR('',#14142,1000.0);
#12744=COLOUR_RGB('',0.333333343267441,0.600000023841858,0.200000002980232);
#12745=CARTESIAN_POINT('',(15.55,-3.5,3.61383911482547));
#12746=VECTOR('',#14143,1000.0);
#12747=COLOUR_RGB('',0.333333343267441,0.600000023841858,0.200000002980232);
#12748=COLOUR_RGB('',0.333333343267441,0.600000023841858,0.200000002980232);
#12749=COLOUR_RGB('',0.333333343267441,0.600000023841858,0.200000002980232);
#12750=CARTESIAN_POINT('',(13.65,-2.09287527205297,7.1));
#12751=VECTOR('',#14144,1000.0);
#12752=AXIS2_PLACEMENT_3D('',#14145,#14146,#14147);
#12753=COLOUR_RGB('',0.333333343267441,0.600000023841858,0.200000002980232);
#12754=COLOUR_RGB('',0.866666674613953,0.866666674613953,0.866666674613953);
#12755=CARTESIAN_POINT('',(11.325,-1.4,3.3));
#12756=CARTESIAN_POINT('',(11.325,-1.4,1.62630325872825E-15));
#12757=VECTOR('',#14148,1000.0);
#12758=CARTESIAN_POINT('',(11.325,-6.25,3.3));
#12759=CARTESIAN_POINT('',(11.325,-6.25,1.62630325872825E-15));
#12760=VECTOR('',#14149,1000.0);
#12761=CARTESIAN_POINT('',(11.325,-3.5,3.3));
#12762=VECTOR('',#14150,1000.0);
#12763=COLOUR_RGB('',0.866666674613953,0.866666674613953,0.866666674613953);
#12764=CARTESIAN_POINT('',(11.95,-1.4,3.3));
#12765=VECTOR('',#14151,1000.0);
#12766=CARTESIAN_POINT('',(11.95,-6.25,3.3));
#12767=VECTOR('',#14152,1000.0);
#12768=COLOUR_RGB('',0.866666674613953,0.866666674613953,0.866666674613953);
#12769=COLOUR_RGB('',0.866666674613953,0.866666674613953,0.866666674613953);
#12770=COLOUR_RGB('',0.866666674613953,0.866666674613953,0.866666674613953);
#12771=CARTESIAN_POINT('',(13.175,-1.4,1.6));
#12772=CARTESIAN_POINT('',(13.175,-1.4,1.62630325872825E-15));
#12773=VECTOR('',#14153,1000.0);
#12774=CARTESIAN_POINT('',(11.95,-1.4,1.6));
#12775=VECTOR('',#14154,1000.0);
#12776=COLOUR_RGB('',0.866666674613953,0.866666674613953,0.866666674613953);
#12777=CARTESIAN_POINT('',(13.7643593539449,-3.25,-3.5));
#12778=CARTESIAN_POINT('',(11.95,-3.25,-3.5));
#12779=VECTOR('',#14155,1000.0);
#12780=CARTESIAN_POINT('',(13.7643593539449,-3.75,-3.5));
#12781=CARTESIAN_POINT('',(11.95,-3.75,-3.5));
#12782=VECTOR('',#14156,1000.0);
#12783=CARTESIAN_POINT('',(13.7643593539449,-3.5,-3.5));
#12784=VECTOR('',#14157,1000.0);
#12785=COLOUR_RGB('',0.866666674613953,0.866666674613953,0.866666674613953);
#12786=CARTESIAN_POINT('',(13.55,-3.75,-2.7));
#12787=CARTESIAN_POINT('',(13.55,-3.75,-25.2469472324903));
#12788=VECTOR('',#14158,1000.0);
#12789=CARTESIAN_POINT('',(19.3073139447166,-3.75,-24.1865881568071));
#12790=VECTOR('',#14159,1000.0);
#12791=COLOUR_RGB('',0.866666674613953,0.866666674613953,0.866666674613953);
#12792=COLOUR_RGB('',0.866666674613953,0.866666674613953,0.866666674613953);
#12793=CARTESIAN_POINT('',(13.175,-3.5,1.6));
#12794=VECTOR('',#14160,1000.0);
#12795=COLOUR_RGB('',0.866666674613953,0.866666674613953,0.866666674613953);
#12796=CARTESIAN_POINT('',(13.55,-3.25,-2.7));
#12797=CARTESIAN_POINT('',(19.3073139447166,-3.25,-24.1865881568071));
#12798=VECTOR('',#14161,1000.0);
#12799=CARTESIAN_POINT('',(13.55,-3.25,-25.2469472324903));
#12800=VECTOR('',#14162,1000.0);
#12801=COLOUR_RGB('',0.866666674613953,0.866666674613953,0.866666674613953);
#12802=CARTESIAN_POINT('',(13.55,-6.75,-2.7));
#12803=VECTOR('',#14163,1000.0);
#12804=COLOUR_RGB('',0.866666674613953,0.866666674613953,0.866666674613953);
#12805=COLOUR_RGB('',0.866666674613953,0.866666674613953,0.866666674613953);
#12806=CARTESIAN_POINT('',(10.95,-3.25,-2.7));
#12807=CARTESIAN_POINT('',(10.7356406460551,-3.25,-3.5));
#12808=CARTESIAN_POINT('',(5.37355176017442,-3.25,-23.5115881568071));
#12809=VECTOR('',#14164,1000.0);
#12810=CARTESIAN_POINT('',(11.95,-3.25,-3.5));
#12811=VECTOR('',#14165,1000.0);
#12812=CARTESIAN_POINT('',(10.95,-3.25,-25.2469472324903));
#12813=VECTOR('',#14166,1000.0);
#12814=COLOUR_RGB('',0.866666674613953,0.866666674613953,0.866666674613953);
#12815=CARTESIAN_POINT('',(10.7356406460551,-3.5,-3.5));
#12816=VECTOR('',#14167,1000.0);
#12817=COLOUR_RGB('',0.866666674613953,0.866666674613953,0.866666674613953);
#12818=CARTESIAN_POINT('',(10.95,-6.75,-2.7));
#12819=VECTOR('',#14168,1000.0);
#12820=COLOUR_RGB('',0.866666674613953,0.866666674613953,0.866666674613953);
#12821=COLOUR_RGB('',0.866666674613953,0.866666674613953,0.866666674613953);
#12822=COLOUR_RGB('',0.866666674613953,0.866666674613953,0.866666674613953);
#12823=COLOUR_RGB('',0.866666674613953,0.866666674613953,0.866666674613953);
#12824=COLOUR_RGB('',0.866666674613953,0.866666674613953,0.866666674613953);
#12825=COLOUR_RGB('',0.866666674613953,0.866666674613953,0.866666674613953);
#12826=COLOUR_RGB('',0.866666674613953,0.866666674613953,0.866666674613953);
#12827=CARTESIAN_POINT('',(15.45,-3.75,-3.5));
#12828=VECTOR('',#14169,1000.0);
#12829=COLOUR_RGB('',0.866666674613953,0.866666674613953,0.866666674613953);
#12830=COLOUR_RGB('',0.866666674613953,0.866666674613953,0.866666674613953);
#12831=COLOUR_RGB('',0.866666674613953,0.866666674613953,0.866666674613953);
#12832=COLOUR_RGB('',0.333333343267441,0.600000023841858,0.200000002980232);
#12833=CARTESIAN_POINT('',(18.95,-3.50000000000001,8.05));
#12834=CARTESIAN_POINT('',(18.95,-3.50000000000001,9.1));
#12835=CARTESIAN_POINT('',(18.95,-3.50000000000001,8.225));
#12836=VECTOR('',#14170,1.0);
#12837=CARTESIAN_POINT('',(17.85,-4.90712472794704,8.05));
#12838=AXIS2_PLACEMENT_3D('',#14171,#14172,#14173);
#12839=CARTESIAN_POINT('',(17.85,-4.90712472794704,7.35));
#12840=CARTESIAN_POINT('',(17.85,-4.90712472794704,7.1));
#12841=VECTOR('',#14174,1000.0);
#12842=CARTESIAN_POINT('',(17.5,-4.95000000000001,7.35));
#12843=AXIS2_PLACEMENT_3D('',#14175,#14176,#14177);
#12844=CARTESIAN_POINT('',(17.5,-4.95000000000001,9.1));
#12845=CARTESIAN_POINT('',(17.5,-4.95000000000001,7.1));
#12846=VECTOR('',#14178,1000.0);
#12847=AXIS2_PLACEMENT_3D('',#14179,#14180,#14181);
#12848=COLOUR_RGB('',0.866666674613953,0.866666674613953,0.866666674613953);
#12849=CARTESIAN_POINT('',(17.85,-2.09287527205298,8.05));
#12850=AXIS2_PLACEMENT_3D('',#14182,#14183,#14184);
#12851=CARTESIAN_POINT('',(17.85,-1.83047720370703,8.05));
#12852=VECTOR('',#14185,1000.0);
#12853=COLOUR_RGB('',0.866666674613953,0.866666674613953,0.866666674613953);
#12854=CARTESIAN_POINT('',(17.85,-2.09287527205298,7.35));
#12855=CARTESIAN_POINT('',(17.85,-2.09287527205298,7.1));
#12856=VECTOR('',#14186,1000.0);
#12857=CARTESIAN_POINT('',(17.85,-3.50000000000001,7.35));
#12858=VECTOR('',#14187,1000.0);
#12859=COLOUR_RGB('',0.866666674613953,0.866666674613953,0.866666674613953);
#12860=CARTESIAN_POINT('',(17.5,-2.05000000000001,7.35));
#12861=AXIS2_PLACEMENT_3D('',#14188,#14189,#14190);
#12862=CARTESIAN_POINT('',(17.5,-3.50000000000001,7.35));
#12863=VECTOR('',#14191,1000.0);
#12864=COLOUR_RGB('',0.333333343267441,0.600000023841858,0.200000002980232);
#12865=CARTESIAN_POINT('',(17.5,-2.05000000000001,9.1));
#12866=AXIS2_PLACEMENT_3D('',#14192,#14193,#14194);
#12867=CARTESIAN_POINT('',(17.5,-2.05000000000001,7.1));
#12868=VECTOR('',#14195,1000.0);
#12869=COLOUR_RGB('',0.333333343267441,0.600000023841858,0.200000002980232);
#12870=CARTESIAN_POINT('',(17.5,-7.84030649682738E-15,0.676990405704991));
#12871=CARTESIAN_POINT('',(17.5,-7.84030649682738E-15,-2.9137933385548E-16));
#12872=CARTESIAN_POINT('',(17.5,-7.84030649682738E-15,-2.9137933385548E-16));
#12873=VECTOR('',#14196,1000.0);
#12874=CARTESIAN_POINT('',(17.5,-3.25000000000001,-2.9137933385548E-16));
#12875=CARTESIAN_POINT('',(17.5,-3.50000000000001,-2.9137933385548E-16));
#12876=VECTOR('',#14197,1000.0);
#12877=CARTESIAN_POINT('',(17.5,-3.25000000000001,-3.5));
#12878=CARTESIAN_POINT('',(17.5,-3.25000000000001,-2.9137933385548E-16));
#12879=VECTOR('',#14198,1000.0);
#12880=CARTESIAN_POINT('',(17.5,-3.75000000000001,-3.5));
#12881=CARTESIAN_POINT('',(17.5,-3.50000000000001,-3.5));
#12882=VECTOR('',#14199,1000.0);
#12883=CARTESIAN_POINT('',(17.5,-3.75000000000001,-2.9137933385548E-16));
#12884=CARTESIAN_POINT('',(17.5,-3.75000000000001,-2.9137933385548E-16));
#12885=VECTOR('',#14200,1000.0);
#12886=CARTESIAN_POINT('',(17.5,-7.30000000000001,-2.9137933385548E-16));
#12887=CARTESIAN_POINT('',(17.5,-3.50000000000001,-2.9137933385548E-16));
#12888=VECTOR('',#14201,1000.0);
#12889=CARTESIAN_POINT('',(17.5,-7.30000000000001,4.3));
#12890=CARTESIAN_POINT('',(17.5,-7.30000000000001,-2.9137933385548E-16));
#12891=VECTOR('',#14202,1000.0);
#12892=CARTESIAN_POINT('',(17.5,-6.20000000000001,4.3));
#12893=CARTESIAN_POINT('',(17.5,-3.50000000000001,4.3));
#12894=VECTOR('',#14203,1000.0);
#12895=CARTESIAN_POINT('',(17.5,-6.08126938372807,7.7));
#12896=CARTESIAN_POINT('',(17.5,-6.35015930881453,-2.9137933385548E-16));
#12897=VECTOR('',#14204,1000.0);
#12898=CARTESIAN_POINT('',(17.5,-5.64714592937196,7.7));
#12899=CARTESIAN_POINT('',(17.5,-3.50000000000001,7.7));
#12900=VECTOR('',#14205,1000.0);
#12901=CARTESIAN_POINT('',(17.5,-5.50000000000001,9.1));
#12902=CARTESIAN_POINT('',(17.5,-6.45644854091767,-2.9137933385548E-16));
#12903=VECTOR('',#14206,1000.0);
#12904=CARTESIAN_POINT('',(17.5,-3.50000000000001,9.1));
#12905=VECTOR('',#14207,1000.0);
#12906=CARTESIAN_POINT('',(17.5,-1.18105309339551,9.1));
#12907=CARTESIAN_POINT('',(17.5,-3.50000000000001,9.1));
#12908=VECTOR('',#14208,1000.0);
#12909=CARTESIAN_POINT('',(17.5,-0.500000000000008,4.8));
#12910=CARTESIAN_POINT('',(17.5,0.260245313557772,-2.9137933385548E-16));
#12911=VECTOR('',#14209,1000.0);
#12912=CARTESIAN_POINT('',(17.5,-7.84030649682738E-15,4.8));
#12913=CARTESIAN_POINT('',(17.5,-3.50000000000001,4.8));
#12914=VECTOR('',#14210,1000.0);
#12915=CARTESIAN_POINT('',(17.5,-7.84030649682738E-15,4.3));
#12916=CARTESIAN_POINT('',(17.5,-7.84030649682738E-15,-2.9137933385548E-16));
#12917=VECTOR('',#14211,1000.0);
#12918=CARTESIAN_POINT('',(17.5,-0.522649730810378,4.3));
#12919=CARTESIAN_POINT('',(17.5,-3.50000000000001,4.3));
#12920=VECTOR('',#14212,1000.0);
#12921=CARTESIAN_POINT('',(17.5,-1.10000000000001,3.3));
#12922=CARTESIAN_POINT('',(17.5,-3.00525588832578,-2.9137933385548E-16));
#12923=VECTOR('',#14213,1000.0);
#12924=CARTESIAN_POINT('',(17.5,-1.39000000000001,3.3));
#12925=CARTESIAN_POINT('',(17.5,-3.50000000000001,3.3));
#12926=VECTOR('',#14214,1000.0);
#12927=CARTESIAN_POINT('',(17.5,-1.39000000000001,3.31));
#12928=CARTESIAN_POINT('',(17.5,-1.39000000000001,-2.9137933385548E-16));
#12929=VECTOR('',#14215,1000.0);
#12930=CARTESIAN_POINT('',(17.5,-1.40000000000001,3.31));
#12931=CARTESIAN_POINT('',(17.5,-3.50000000000001,3.31));
#12932=VECTOR('',#14216,1000.0);
#12933=CARTESIAN_POINT('',(17.5,-1.40000000000001,3.3));
#12934=CARTESIAN_POINT('',(17.5,-1.40000000000001,-2.9137933385548E-16));
#12935=VECTOR('',#14217,1000.0);
#12936=CARTESIAN_POINT('',(17.5,-6.25000000000001,3.3));
#12937=CARTESIAN_POINT('',(17.5,-3.50000000000001,3.3));
#12938=VECTOR('',#14218,1000.0);
#12939=CARTESIAN_POINT('',(17.5,-6.25000000000001,1.6));
#12940=CARTESIAN_POINT('',(17.5,-6.25000000000001,-2.9137933385548E-16));
#12941=VECTOR('',#14219,1000.0);
#12942=CARTESIAN_POINT('',(17.5,-1.40000000000001,1.6));
#12943=CARTESIAN_POINT('',(17.5,-3.50000000000001,1.6));
#12944=VECTOR('',#14220,1000.0);
#12945=CARTESIAN_POINT('',(17.5,-1.40000000000001,1.59));
#12946=CARTESIAN_POINT('',(17.5,-1.40000000000001,-2.9137933385548E-16));
#12947=VECTOR('',#14221,1000.0);
#12948=CARTESIAN_POINT('',(17.5,-1.39000000000001,1.59));
#12949=CARTESIAN_POINT('',(17.5,-3.50000000000001,1.59));
#12950=VECTOR('',#14222,1000.0);
#12951=CARTESIAN_POINT('',(17.5,-1.39000000000001,1.6));
#12952=CARTESIAN_POINT('',(17.5,-1.39000000000001,-2.9137933385548E-16));
#12953=VECTOR('',#14223,1000.0);
#12954=CARTESIAN_POINT('',(17.5,-1.10000000000001,1.6));
#12955=CARTESIAN_POINT('',(17.5,-3.50000000000001,1.6));
#12956=VECTOR('',#14224,1000.0);
#12957=CARTESIAN_POINT('',(17.5,-3.50000000000001,3.61383911482547));
#12958=VECTOR('',#14225,1000.0);
#12959=COLOUR_RGB('',0.333333343267441,0.600000023841858,0.200000002980232);
#12960=CARTESIAN_POINT('',(17.95,-3.25000000000001,-2.9137933385548E-16));
#12961=CARTESIAN_POINT('',(15.45,-3.25000000000001,-2.9137933385548E-16));
#12962=VECTOR('',#14226,1000.0);
#12963=CARTESIAN_POINT('',(19.25,-7.84030649682738E-15,-2.9137933385548E-16));
#12964=CARTESIAN_POINT('',(11.95,-7.84030649682738E-15,-2.9137933385548E-16));
#12965=VECTOR('',#14227,1000.0);
#12966=CARTESIAN_POINT('',(19.25,-7.30000000000001,-2.9137933385548E-16));
#12967=CARTESIAN_POINT('',(19.25,-3.50000000000001,-2.9137933385548E-16));
#12968=VECTOR('',#14228,1000.0);
#12969=CARTESIAN_POINT('',(15.45,-7.30000000000001,-2.9137933385548E-16));
#12970=VECTOR('',#14229,1000.0);
#12971=CARTESIAN_POINT('',(17.95,-3.75000000000001,-2.9137933385548E-16));
#12972=CARTESIAN_POINT('',(15.45,-3.75000000000001,-2.9137933385548E-16));
#12973=VECTOR('',#14230,1000.0);
#12974=CARTESIAN_POINT('',(17.95,-3.50000000000001,-2.9137933385548E-16));
#12975=VECTOR('',#14231,1000.0);
#12976=COLOUR_RGB('',0.866666674613953,0.866666674613953,0.866666674613953);
#12977=CARTESIAN_POINT('',(17.7356406460551,-3.75000000000001,-3.5));
#12978=CARTESIAN_POINT('',(17.95,-3.75000000000001,-2.7));
#12979=CARTESIAN_POINT('',(12.3735517601744,-3.75000000000001,-23.5115881568071));
#12980=VECTOR('',#14232,1000.0);
#12981=CARTESIAN_POINT('',(17.95,-3.75000000000001,-25.2469472324903));
#12982=VECTOR('',#14233,1000.0);
#12983=CARTESIAN_POINT('',(12.85,-3.75000000000001,-3.5));
#12984=VECTOR('',#14234,1000.0);
#12985=COLOUR_RGB('',0.333333343267441,0.600000023841858,0.200000002980232);
#12986=CARTESIAN_POINT('',(18.35,-1.10000000000001,1.6));
#12987=CARTESIAN_POINT('',(15.45,-1.10000000000001,1.6));
#12988=VECTOR('',#14235,1000.0);
#12989=CARTESIAN_POINT('',(18.85,-0.600000000000008,1.18045018441136));
#12990=CARTESIAN_POINT('',(15.95,-3.50000000000001,3.61383911482547));
#12991=VECTOR('',#14236,1000.0);
#12992=CARTESIAN_POINT('',(18.85,-7.84030649682738E-15,0.676990405704991));
#12993=CARTESIAN_POINT('',(18.85,-3.50000000000001,3.61383911482547));
#12994=VECTOR('',#14237,1000.0);
#12995=CARTESIAN_POINT('',(19.25,-7.84030649682738E-15,0.676990405704992));
#12996=VECTOR('',#14238,1000.0);
#12997=COLOUR_RGB('',0.333333343267441,0.600000023841858,0.200000002980232);
#12998=CARTESIAN_POINT('',(18.35,-1.39000000000001,3.31));
#12999=CARTESIAN_POINT('',(18.35,-1.40000000000001,3.31));
#13000=CARTESIAN_POINT('',(18.35,-1.39000000000001,3.31));
#13001=VECTOR('',#14239,1000.0);
#13002=CARTESIAN_POINT('',(18.35,-1.40000000000001,3.31));
#13003=VECTOR('',#14240,1000.0);
#13004=CARTESIAN_POINT('',(16.65,-1.39000000000001,3.31));
#13005=VECTOR('',#14241,1000.0);
#13006=COLOUR_RGB('',0.333333343267441,0.600000023841858,0.200000002980232);
#13007=CARTESIAN_POINT('',(18.35,-1.39000000000001,3.3));
#13008=CARTESIAN_POINT('',(18.35,-1.39000000000001,3.3));
#13009=VECTOR('',#14242,1000.0);
#13010=CARTESIAN_POINT('',(15.45,-1.39000000000001,3.3));
#13011=VECTOR('',#14243,1000.0);
#13012=COLOUR_RGB('',0.333333343267441,0.600000023841858,0.200000002980232);
#13013=CARTESIAN_POINT('',(19.25,-0.500000000000008,4.8));
#13014=CARTESIAN_POINT('',(22.45,-0.500000000000008,4.8));
#13015=VECTOR('',#14244,1000.0);
#13016=CARTESIAN_POINT('',(19.25,-7.84030649682738E-15,4.8));
#13017=CARTESIAN_POINT('',(19.25,-3.50000000000001,4.8));
#13018=VECTOR('',#14245,1000.0);
#13019=CARTESIAN_POINT('',(15.45,-7.84030649682738E-15,4.8));
#13020=VECTOR('',#14246,1000.0);
#13021=COLOUR_RGB('',0.333333343267441,0.600000023841858,0.200000002980232);
#13022=CARTESIAN_POINT('',(18.75,-7.30000000000001,4.3));
#13023=CARTESIAN_POINT('',(15.45,-7.30000000000001,4.3));
#13024=VECTOR('',#14247,1000.0);
#13025=CARTESIAN_POINT('',(18.75,-6.20000000000001,4.3));
#13026=CARTESIAN_POINT('',(18.75,-3.50000000000001,4.3));
#13027=VECTOR('',#14248,1000.0);
#13028=CARTESIAN_POINT('',(15.45,-6.20000000000001,4.3));
#13029=VECTOR('',#14249,1000.0);
#13030=COLOUR_RGB('',0.333333343267441,0.600000023841858,0.200000002980232);
#13031=CARTESIAN_POINT('',(18.85,-7.84030649682738E-15,4.3));
#13032=CARTESIAN_POINT('',(15.45,-7.84030649682738E-15,4.3));
#13033=VECTOR('',#14250,1000.0);
#13034=CARTESIAN_POINT('',(18.85,-0.522649730810378,4.3));
#13035=CARTESIAN_POINT('',(18.85,-9.60000000000001,4.3));
#13036=VECTOR('',#14251,1000.0);
#13037=CARTESIAN_POINT('',(15.45,-0.522649730810378,4.3));
#13038=VECTOR('',#14252,1000.0);
#13039=COLOUR_RGB('',0.333333343267441,0.600000023841858,0.200000002980232);
#13040=CARTESIAN_POINT('',(18.85,-7.84030649682738E-15,-2.9137933385548E-16));
#13041=VECTOR('',#14253,1000.0);
#13042=CARTESIAN_POINT('',(18.85,-0.600000000000008,4.16602540378444));
#13043=CARTESIAN_POINT('',(18.85,-0.600000000000008,-2.9137933385548E-16));
#13044=VECTOR('',#14254,1000.0);
#13045=CARTESIAN_POINT('',(18.85,-2.52894191624434,0.825));
#13046=VECTOR('',#14255,1000.0);
#13047=COLOUR_RGB('',0.866666674613953,0.866666674613953,0.866666674613953);
#13048=CARTESIAN_POINT('',(17.95,-3.25000000000001,-2.7));
#13049=CARTESIAN_POINT('',(17.95,-6.75000000000001,-2.7));
#13050=VECTOR('',#14256,1000.0);
#13051=CARTESIAN_POINT('',(17.95,-3.25000000000001,-25.2469472324903));
#13052=VECTOR('',#14257,1000.0);
#13053=COLOUR_RGB('',0.866666674613953,0.866666674613953,0.866666674613953);
#13054=CARTESIAN_POINT('',(17.7356406460551,-3.25000000000001,-3.5));
#13055=CARTESIAN_POINT('',(17.7356406460551,-0.453156168486278,-3.5));
#13056=VECTOR('',#14258,1000.0);
#13057=CARTESIAN_POINT('',(12.85,-3.25000000000001,-3.5));
#13058=VECTOR('',#14259,1000.0);
#13059=COLOUR_RGB('',0.333333343267441,0.600000023841858,0.200000002980232);
#13060=CARTESIAN_POINT('',(19.25,-7.84030649682738E-15,-2.9137933385548E-16));
#13061=VECTOR('',#14260,1000.0);
#13062=COLOUR_RGB('',0.333333343267441,0.600000023841858,0.200000002980232);
#13063=CARTESIAN_POINT('',(19.25,-7.30000000000001,9.1));
#13064=CARTESIAN_POINT('',(19.25,-7.30000000000001,-2.9137933385548E-16));
#13065=VECTOR('',#14261,1000.0);
#13066=CARTESIAN_POINT('',(19.25,-1.18105309339551,9.1));
#13067=CARTESIAN_POINT('',(19.25,0.168225560942602,0.580989852454055));
#13068=VECTOR('',#14262,1000.0);
#13069=CARTESIAN_POINT('',(19.25,-3.50000000000001,9.1));
#13070=VECTOR('',#14263,1000.0);
#13071=COLOUR_RGB('',0.333333343267441,0.600000023841858,0.200000002980232);
#13072=CARTESIAN_POINT('',(18.75,-7.30000000000001,9.1));
#13073=CARTESIAN_POINT('',(15.45,-7.30000000000001,9.1));
#13074=VECTOR('',#14264,1000.0);
#13075=CARTESIAN_POINT('',(18.75,-7.30000000000001,-2.9137933385548E-16));
#13076=VECTOR('',#14265,1000.0);
#13077=COLOUR_RGB('',0.866666674613953,0.866666674613953,0.866666674613953);
#13078=CARTESIAN_POINT('',(18.325,-1.40000000000001,3.3));
#13079=CARTESIAN_POINT('',(18.325,-1.40000000000001,1.6));
#13080=CARTESIAN_POINT('',(18.325,-1.40000000000001,-2.9137933385548E-16));
#13081=VECTOR('',#14266,1000.0);
#13082=CARTESIAN_POINT('',(18.325,-6.25000000000001,1.6));
#13083=CARTESIAN_POINT('',(18.325,-3.50000000000001,1.6));
#13084=VECTOR('',#14267,1000.0);
#13085=CARTESIAN_POINT('',(18.325,-6.25000000000001,3.3));
#13086=CARTESIAN_POINT('',(18.325,-6.25000000000001,-2.9137933385548E-16));
#13087=VECTOR('',#14268,1000.0);
#13088=CARTESIAN_POINT('',(18.325,-3.50000000000001,3.3));
#13089=VECTOR('',#14269,1000.0);
#13090=COLOUR_RGB('',0.333333343267441,0.600000023841858,0.200000002980232);
#13091=CARTESIAN_POINT('',(18.35,-1.39000000000001,1.6));
#13092=CARTESIAN_POINT('',(15.45,-1.39000000000001,1.6));
#13093=VECTOR('',#14270,1000.0);
#13094=CARTESIAN_POINT('',(18.35,-7.84030649682738E-15,1.6));
#13095=VECTOR('',#14271,1000.0);
#13096=COLOUR_RGB('',0.866666674613953,0.866666674613953,0.866666674613953);
#13097=CARTESIAN_POINT('',(15.45,-6.25000000000001,1.6));
#13098=VECTOR('',#14272,1000.0);
#13099=CARTESIAN_POINT('',(15.45,-6.25000000000001,3.3));
#13100=VECTOR('',#14273,1000.0);
#13101=COLOUR_RGB('',0.866666674613953,0.866666674613953,0.866666674613953);
#13102=CARTESIAN_POINT('',(12.3735517601744,-3.25000000000001,-23.5115881568071));
#13103=VECTOR('',#14274,1000.0);
#13104=COLOUR_RGB('',0.866666674613953,0.866666674613953,0.866666674613953);
#13105=COLOUR_RGB('',0.333333343267441,0.600000023841858,0.200000002980232);
#13106=CARTESIAN_POINT('',(18.75,-5.64714592937196,7.7));
#13107=CARTESIAN_POINT('',(18.1,-5.64714592937196,7.7));
#13108=VECTOR('',#14275,1000.0);
#13109=CARTESIAN_POINT('',(18.75,-5.50000000000001,9.1));
#13110=CARTESIAN_POINT('',(18.75,-6.45644854091767,-2.9137933385548E-16));
#13111=VECTOR('',#14276,1000.0);
#13112=CARTESIAN_POINT('',(22.45,-5.50000000000001,9.1));
#13113=VECTOR('',#14277,1000.0);
#13114=COLOUR_RGB('',0.333333343267441,0.600000023841858,0.200000002980232);
#13115=CARTESIAN_POINT('',(18.35,-1.39000000000001,1.59));
#13116=CARTESIAN_POINT('',(16.65,-1.39000000000001,1.59));
#13117=VECTOR('',#14278,1000.0);
#13118=CARTESIAN_POINT('',(18.35,-1.40000000000001,1.59));
#13119=CARTESIAN_POINT('',(18.35,-1.40000000000001,1.59));
#13120=VECTOR('',#14279,1000.0);
#13121=CARTESIAN_POINT('',(18.35,-1.39000000000001,1.59));
#13122=VECTOR('',#14280,1000.0);
#13123=COLOUR_RGB('',0.333333343267441,0.600000023841858,0.200000002980232);
#13124=CARTESIAN_POINT('',(18.35,-1.10000000000001,3.3));
#13125=CARTESIAN_POINT('',(18.35,-1.10000000000001,-2.9137933385548E-16));
#13126=VECTOR('',#14281,1000.0);
#13127=CARTESIAN_POINT('',(18.35,-1.39000000000001,1.6));
#13128=VECTOR('',#14282,1000.0);
#13129=CARTESIAN_POINT('',(18.35,-1.40000000000001,1.6));
#13130=VECTOR('',#14283,1000.0);
#13131=CARTESIAN_POINT('',(18.35,-7.84030649682738E-15,3.3));
#13132=VECTOR('',#14284,1000.0);
#13133=COLOUR_RGB('',0.333333343267441,0.600000023841858,0.200000002980232);
#13134=CARTESIAN_POINT('',(15.6068464670045,-3.84315353299547,-1.45128129211021));
#13135=VECTOR('',#14285,1000.0);
#13136=CARTESIAN_POINT('',(15.45,-1.10000000000001,3.3));
#13137=VECTOR('',#14286,1000.0);
#13138=COLOUR_RGB('',0.333333343267441,0.600000023841858,0.200000002980232);
#13139=COLOUR_RGB('',0.333333343267441,0.600000023841858,0.200000002980232);
#13140=COLOUR_RGB('',0.333333343267441,0.600000023841858,0.200000002980232);
#13141=CARTESIAN_POINT('',(18.75,-6.08126938372807,7.7));
#13142=CARTESIAN_POINT('',(15.45,-6.08126938372807,7.7));
#13143=VECTOR('',#14287,1000.0);
#13144=CARTESIAN_POINT('',(18.75,-3.50000000000001,7.7));
#13145=VECTOR('',#14288,1000.0);
#13146=COLOUR_RGB('',0.333333343267441,0.600000023841858,0.200000002980232);
#13147=CARTESIAN_POINT('',(18.75,-6.35015930881453,-2.9137933385548E-16));
#13148=VECTOR('',#14289,1000.0);
#13149=COLOUR_RGB('',0.333333343267441,0.600000023841858,0.200000002980232);
#13150=COLOUR_RGB('',0.866666674613953,0.866666674613953,0.866666674613953);
#13151=CARTESIAN_POINT('',(15.45,-1.40000000000001,1.6));
#13152=VECTOR('',#14290,1000.0);
#13153=COLOUR_RGB('',0.866666674613953,0.866666674613953,0.866666674613953);
#13154=CARTESIAN_POINT('',(15.45,-1.40000000000001,3.3));
#13155=VECTOR('',#14291,1000.0);
#13156=COLOUR_RGB('',0.866666674613953,0.866666674613953,0.866666674613953);
#13157=COLOUR_RGB('',0.333333343267441,0.600000023841858,0.200000002980232);
#13158=CARTESIAN_POINT('',(18.75,-3.50000000000001,9.1));
#13159=VECTOR('',#14292,1000.0);
#13160=CARTESIAN_POINT('',(15.45,-1.18105309339551,9.1));
#13161=VECTOR('',#14293,1000.0);
#13162=COLOUR_RGB('',0.333333343267441,0.600000023841858,0.200000002980232);
#13163=COLOUR_RGB('',0.333333343267441,0.600000023841858,0.200000002980232);
#13164=DIRECTION('',(0.0,0.0,-1.0));
#13165=CARTESIAN_POINT('',(0.0,-3.5,9.1));
#13166=DIRECTION('',(0.0,0.0,1.0));
#13167=DIRECTION('',(1.0,0.0,0.0));
#13168=DIRECTION('',(0.0,0.0,1.0));
#13169=CARTESIAN_POINT('',(0.0,-3.5,7.35));
#13170=DIRECTION('',(0.0,0.0,1.0));
#13171=DIRECTION('',(1.0,0.0,0.0));
#13172=DIRECTION('',(0.0,0.0,1.0));
#13173=CARTESIAN_POINT('',(0.0,-3.5,8.05));
#13174=DIRECTION('',(0.0,0.0,1.0));
#13175=DIRECTION('',(1.0,0.0,0.0));
#13176=DIRECTION('',(0.0,0.0,-1.0));
#13177=DIRECTION('',(-1.0,1.0E-16,0.0));
#13178=DIRECTION('',(-2.0E-16,0.0,-1.0));
#13179=DIRECTION('',(0.258819045102521,0.0,-0.965925826289068));
#13180=DIRECTION('',(1.0,-1.0E-16,0.0));
#13181=DIRECTION('',(0.0,0.0,-1.0));
#13182=DIRECTION('',(0.608120402411342,-0.608120402411343,0.510273605374737));
#13183=DIRECTION('',(0.0,0.0,1.0));
#13184=DIRECTION('',(-0.447213595499958,0.447213595499958,0.774596669241483));
#13185=DIRECTION('',(0.0,0.0,-1.0));
#13186=DIRECTION('',(-1.0,0.0,0.0));
#13187=DIRECTION('',(0.0,0.0,1.0));
#13188=DIRECTION('',(-1.0,0.0,0.0));
#13189=DIRECTION('',(0.0,0.0,1.0));
#13190=DIRECTION('',(-1.0,0.0,0.0));
#13191=DIRECTION('',(0.0,0.0,1.0));
#13192=DIRECTION('',(-1.0,0.0,0.0));
#13193=DIRECTION('',(0.0,-1.0,0.0));
#13194=DIRECTION('',(-1.0,1.0E-16,0.0));
#13195=DIRECTION('',(0.0,-1.0,0.0));
#13196=DIRECTION('',(0.0,0.0,1.0));
#13197=DIRECTION('',(1.0,-1.0E-16,0.0));
#13198=DIRECTION('',(-0.258819045102521,0.0,0.965925826289068));
#13199=DIRECTION('',(2.0E-16,0.0,1.0));
#13200=DIRECTION('',(1.0,-1.0E-16,0.0));
#13201=CARTESIAN_POINT('',(0.0,-3.5,8.05));
#13202=DIRECTION('',(0.0,0.0,1.0));
#13203=DIRECTION('',(1.0,0.0,0.0));
#13204=DIRECTION('',(0.0,0.0,1.0));
#13205=CARTESIAN_POINT('',(0.0,-3.5,7.35));
#13206=DIRECTION('',(0.0,0.0,1.0));
#13207=DIRECTION('',(1.0,0.0,0.0));
#13208=DIRECTION('',(0.0,0.0,1.0));
#13209=CARTESIAN_POINT('',(0.0,-3.5,9.1));
#13210=DIRECTION('',(0.0,0.0,1.0));
#13211=DIRECTION('',(1.0,0.0,0.0));
#13212=DIRECTION('',(-1.0,0.0,0.0));
#13213=DIRECTION('',(0.0,0.104528463267653,0.994521895368273));
#13214=DIRECTION('',(1.0,0.0,0.0));
#13215=DIRECTION('',(0.0,0.104528463267653,0.994521895368273));
#13216=DIRECTION('',(0.0,0.156434465040232,-0.987688340595138));
#13217=DIRECTION('',(-1.0,0.0,0.0));
#13218=DIRECTION('',(0.0,-0.156434465040232,0.987688340595138));
#13219=DIRECTION('',(-1.0,0.0,0.0));
#13220=DIRECTION('',(0.0,-1.0,0.0));
#13221=DIRECTION('',(1.0,0.0,0.0));
#13222=DIRECTION('',(0.0,-1.0,0.0));
#13223=DIRECTION('',(1.0,0.0,0.0));
#13224=DIRECTION('',(0.0,0.0,-1.0));
#13225=DIRECTION('',(0.0,0.0,-1.0));
#13226=DIRECTION('',(1.0,0.0,0.0));
#13227=DIRECTION('',(0.0,0.0348994967025011,0.999390827019096));
#13228=DIRECTION('',(-1.0,0.0,0.0));
#13229=DIRECTION('',(0.0,0.0348994967025011,0.999390827019096));
#13230=DIRECTION('',(-1.0,0.0,0.0));
#13231=DIRECTION('',(0.0,-1.0,0.0));
#13232=DIRECTION('',(0.0,1.0,0.0));
#13233=DIRECTION('',(0.0,-1.0,0.0));
#13234=DIRECTION('',(0.0,1.0,0.0));
#13235=DIRECTION('',(1.0,0.0,0.0));
#13236=DIRECTION('',(0.0,0.5,0.866025403784439));
#13237=DIRECTION('',(-1.0,0.0,0.0));
#13238=DIRECTION('',(0.0,0.5,0.866025403784439));
#13239=DIRECTION('',(1.0,0.0,0.0));
#13240=DIRECTION('',(0.0,0.0,1.0));
#13241=DIRECTION('',(0.0,1.0,0.0));
#13242=DIRECTION('',(0.0,1.0,0.0));
#13243=DIRECTION('',(0.0,0.0,-1.0));
#13244=DIRECTION('',(0.0,-1.0,0.0));
#13245=DIRECTION('',(0.0,0.0,1.0));
#13246=DIRECTION('',(0.0,0.0,1.0));
#13247=DIRECTION('',(1.0,-1.0E-16,0.0));
#13248=DIRECTION('',(1.0E-16,1.0,0.0));
#13249=DIRECTION('',(-1.0E-16,-1.0,0.0));
#13250=DIRECTION('',(0.0,-0.766044443118978,0.642787609686539));
#13251=DIRECTION('',(-1.0,0.0,0.0));
#13252=DIRECTION('',(0.0,0.766044443118978,-0.642787609686539));
#13253=DIRECTION('',(0.0,0.0,1.0));
#13254=DIRECTION('',(-1.0,0.0,0.0));
#13255=DIRECTION('',(-1.0,0.0,0.0));
#13256=DIRECTION('',(0.0,0.0,1.0));
#13257=DIRECTION('',(1.0,0.0,0.0));
#13258=DIRECTION('',(0.0,0.0,-1.0));
#13259=DIRECTION('',(0.0,0.0,1.0));
#13260=DIRECTION('',(0.0,0.0,1.0));
#13261=DIRECTION('',(1.0,0.0,0.0));
#13262=DIRECTION('',(1.0E-16,1.0,0.0));
#13263=DIRECTION('',(0.0,1.0,0.0));
#13264=DIRECTION('',(0.0,-1.0,0.0));
#13265=DIRECTION('',(1.0,0.0,0.0));
#13266=DIRECTION('',(0.0,-1.0,-1.7E-15));
#13267=DIRECTION('',(0.0,-1.0,-1.7E-15));
#13268=DIRECTION('',(0.0,-1.0,0.0));
#13269=DIRECTION('',(0.0,-1.0,0.0));
#13270=DIRECTION('',(0.0,-1.0,0.0));
#13271=DIRECTION('',(0.0,1.0,0.0));
#13272=DIRECTION('',(0.0,-1.0,0.0));
#13273=DIRECTION('',(0.0,1.0,0.0));
#13274=DIRECTION('',(0.0,1.0,0.0));
#13275=DIRECTION('',(-1.0,0.0,0.0));
#13276=DIRECTION('',(0.0,0.0,-1.0));
#13277=DIRECTION('',(0.0,0.0,-1.0));
#13278=DIRECTION('',(1.0,0.0,0.0));
#13279=DIRECTION('',(0.0,-1.0,0.0));
#13280=DIRECTION('',(0.0,-1.0,0.0));
#13281=DIRECTION('',(0.0,1.0,0.0));
#13282=DIRECTION('',(0.0,-1.0,0.0));
#13283=DIRECTION('',(0.0,1.0,0.0));
#13284=DIRECTION('',(0.0,1.0,0.0));
#13285=DIRECTION('',(0.0,-1.0,0.0));
#13286=DIRECTION('',(0.0,-1.0,0.0));
#13287=DIRECTION('',(0.0,-1.0,0.0));
#13288=DIRECTION('',(-0.0,-0.0,1.0));
#13289=CARTESIAN_POINT('',(3.5,-3.5,8.05));
#13290=DIRECTION('',(0.0,0.0,1.0));
#13291=DIRECTION('',(1.0,0.0,0.0));
#13292=DIRECTION('',(0.0,0.0,1.0));
#13293=CARTESIAN_POINT('',(3.5,-3.5,7.35));
#13294=DIRECTION('',(0.0,0.0,1.0));
#13295=DIRECTION('',(1.0,0.0,0.0));
#13296=DIRECTION('',(0.0,0.0,1.0));
#13297=CARTESIAN_POINT('',(3.5,-3.5,8.05));
#13298=DIRECTION('',(0.0,0.0,1.0));
#13299=DIRECTION('',(1.0,0.0,0.0));
#13300=DIRECTION('',(-0.0,0.0,-1.0));
#13301=CARTESIAN_POINT('',(3.5,-3.5,9.1));
#13302=DIRECTION('',(0.0,0.0,1.0));
#13303=DIRECTION('',(1.0,0.0,0.0));
#13304=DIRECTION('',(-0.0,-0.0,1.0));
#13305=CARTESIAN_POINT('',(0.0,-3.5,8.05));
#13306=DIRECTION('',(0.0,0.0,1.0));
#13307=DIRECTION('',(1.0,0.0,0.0));
#13308=DIRECTION('',(0.0,0.0,1.0));
#13309=CARTESIAN_POINT('',(0.0,-3.5,7.35));
#13310=DIRECTION('',(0.0,0.0,1.0));
#13311=DIRECTION('',(1.0,0.0,0.0));
#13312=DIRECTION('',(0.0,0.0,1.0));
#13313=CARTESIAN_POINT('',(0.0,-3.5,9.1));
#13314=DIRECTION('',(0.0,0.0,1.0));
#13315=DIRECTION('',(1.0,0.0,0.0));
#13316=DIRECTION('',(-0.0,0.0,-1.0));
#13317=CARTESIAN_POINT('',(7.0,-3.5,9.1));
#13318=DIRECTION('',(0.0,0.0,1.0));
#13319=DIRECTION('',(1.0,0.0,0.0));
#13320=DIRECTION('',(0.0,0.0,1.0));
#13321=CARTESIAN_POINT('',(7.0,-3.5,7.35));
#13322=DIRECTION('',(0.0,0.0,1.0));
#13323=DIRECTION('',(1.0,0.0,0.0));
#13324=DIRECTION('',(0.0,0.0,1.0));
#13325=CARTESIAN_POINT('',(7.0,-3.5,8.05));
#13326=DIRECTION('',(0.0,0.0,1.0));
#13327=DIRECTION('',(1.0,0.0,0.0));
#13328=DIRECTION('',(0.0,0.0,-1.0));
#13329=DIRECTION('',(-1.0,1.0E-16,0.0));
#13330=DIRECTION('',(-0.258819045102521,0.0,0.965925826289068));
#13331=DIRECTION('',(2.0E-16,0.0,1.0));
#13332=DIRECTION('',(1.0,-1.0E-16,0.0));
#13333=DIRECTION('',(1.0E-16,1.0,0.0));
#13334=DIRECTION('',(-2.0E-16,0.0,-1.0));
#13335=DIRECTION('',(-1.0E-16,-1.0,0.0));
#13336=DIRECTION('',(0.0,1.0,0.0));
#13337=DIRECTION('',(1.0,0.0,0.0));
#13338=DIRECTION('',(0.0,1.0,0.0));
#13339=DIRECTION('',(-1.0,0.0,0.0));
#13340=CARTESIAN_POINT('',(3.5,-3.5,8.05));
#13341=DIRECTION('',(0.0,0.0,1.0));
#13342=DIRECTION('',(1.0,0.0,0.0));
#13343=DIRECTION('',(0.0,-1.0,0.0));
#13344=DIRECTION('',(1.0,-1.0E-16,0.0));
#13345=DIRECTION('',(0.0,0.0,-1.0));
#13346=DIRECTION('',(-1.0,1.0E-16,0.0));
#13347=DIRECTION('',(0.0,0.0,1.0));
#13348=DIRECTION('',(-1.0,0.0,0.0));
#13349=DIRECTION('',(0.0,-1.0,0.0));
#13350=DIRECTION('',(1.0,0.0,0.0));
#13351=DIRECTION('',(0.0,1.0,0.0));
#13352=DIRECTION('',(0.0,1.0,1.7E-15));
#13353=DIRECTION('',(0.0,-1.0,0.0));
#13354=DIRECTION('',(0.0,0.0,1.0));
#13355=DIRECTION('',(0.0,0.0,-1.0));
#13356=DIRECTION('',(-1.0,0.0,0.0));
#13357=DIRECTION('',(0.0,0.0,1.0));
#13358=DIRECTION('',(-1.0,0.0,0.0));
#13359=DIRECTION('',(0.0,0.0,1.0));
#13360=DIRECTION('',(1.0,0.0,0.0));
#13361=DIRECTION('',(0.0,0.0,1.0));
#13362=DIRECTION('',(-1.0,0.0,0.0));
#13363=DIRECTION('',(0.0,0.0,-1.0));
#13364=DIRECTION('',(1.0,0.0,0.0));
#13365=DIRECTION('',(0.0,0.0,-1.0));
#13366=DIRECTION('',(-1.0,0.0,0.0));
#13367=DIRECTION('',(0.0,0.0,-1.0));
#13368=DIRECTION('',(-1.0,0.0,0.0));
#13369=DIRECTION('',(0.0,0.0,1.0));
#13370=DIRECTION('',(1.0,0.0,0.0));
#13371=DIRECTION('',(0.0,-1.0,0.0));
#13372=DIRECTION('',(-1.0,0.0,0.0));
#13373=DIRECTION('',(0.0,1.0,0.0));
#13374=DIRECTION('',(1.0,0.0,0.0));
#13375=DIRECTION('',(1.0,0.0,0.0));
#13376=DIRECTION('',(0.0,-1.0,0.0));
#13377=DIRECTION('',(-1.0,0.0,0.0));
#13378=DIRECTION('',(0.0,1.0,0.0));
#13379=DIRECTION('',(1.0,0.0,0.0));
#13380=DIRECTION('',(0.0,-1.0,0.0));
#13381=DIRECTION('',(-1.0,0.0,0.0));
#13382=DIRECTION('',(0.0,-1.0,0.0));
#13383=DIRECTION('',(0.0,-0.766044443118978,0.642787609686539));
#13384=DIRECTION('',(0.0,-0.766044443118978,0.642787609686539));
#13385=DIRECTION('',(1.0,0.0,0.0));
#13386=DIRECTION('',(0.608120402411342,0.608120402411343,-0.510273605374737));
#13387=DIRECTION('',(0.258819045102521,0.0,0.965925826289068));
#13388=DIRECTION('',(0.0,0.0,1.0));
#13389=DIRECTION('',(-1.0,1.0E-16,0.0));
#13390=DIRECTION('',(0.0,0.0,-1.0));
#13391=DIRECTION('',(1.0,-1.0E-16,0.0));
#13392=DIRECTION('',(0.0,1.0,1.7E-15));
#13393=CARTESIAN_POINT('',(3.5,-3.5,7.35));
#13394=DIRECTION('',(0.0,0.0,1.0));
#13395=DIRECTION('',(1.0,0.0,0.0));
#13396=DIRECTION('',(0.0,1.0,0.0));
#13397=DIRECTION('',(0.0,-1.0,0.0));
#13398=DIRECTION('',(-1.0,1.0E-16,0.0));
#13399=DIRECTION('',(0.0,-1.0,0.0));
#13400=DIRECTION('',(-1.0,0.0,0.0));
#13401=DIRECTION('',(0.0,0.104528463267653,0.994521895368273));
#13402=DIRECTION('',(0.0,-0.104528463267653,-0.994521895368273));
#13403=DIRECTION('',(1.0,0.0,0.0));
#13404=DIRECTION('',(-1.0,0.0,0.0));
#13405=DIRECTION('',(0.0,-1.0,0.0));
#13406=DIRECTION('',(0.0,-1.0,0.0));
#13407=DIRECTION('',(0.0,0.0,-1.0));
#13408=DIRECTION('',(0.0,-1.0,0.0));
#13409=DIRECTION('',(0.0,0.0,-1.0));
#13410=DIRECTION('',(1.0,0.0,0.0));
#13411=DIRECTION('',(0.0,0.0,1.0));
#13412=DIRECTION('',(1.0,0.0,0.0));
#13413=CARTESIAN_POINT('',(7.0,-3.5,8.05));
#13414=DIRECTION('',(0.0,0.0,1.0));
#13415=DIRECTION('',(1.0,0.0,0.0));
#13416=DIRECTION('',(0.0,0.0,1.0));
#13417=CARTESIAN_POINT('',(7.0,-3.5,7.35));
#13418=DIRECTION('',(0.0,0.0,1.0));
#13419=DIRECTION('',(1.0,0.0,0.0));
#13420=DIRECTION('',(0.0,0.0,1.0));
#13421=CARTESIAN_POINT('',(7.0,-3.5,9.1));
#13422=DIRECTION('',(0.0,0.0,1.0));
#13423=DIRECTION('',(1.0,0.0,0.0));
#13424=DIRECTION('',(0.0,0.0,-1.0));
#13425=DIRECTION('',(-1.0,1.0E-16,0.0));
#13426=DIRECTION('',(0.0,0.0,1.0));
#13427=DIRECTION('',(1.0,-1.0E-16,0.0));
#13428=DIRECTION('',(0.0,0.0,-1.0));
#13429=DIRECTION('',(0.0,-1.0,0.0));
#13430=DIRECTION('',(0.0,1.0,0.0));
#13431=DIRECTION('',(0.0,0.0,-1.0));
#13432=DIRECTION('',(0.0,0.0,-1.0));
#13433=DIRECTION('',(0.0,-1.0,0.0));
#13434=DIRECTION('',(-1.0,0.0,0.0));
#13435=DIRECTION('',(0.0,0.0,-1.0));
#13436=DIRECTION('',(-1.0,0.0,0.0));
#13437=DIRECTION('',(0.0,0.0,1.0));
#13438=DIRECTION('',(-1.0,0.0,0.0));
#13439=DIRECTION('',(0.0,0.0,-1.0));
#13440=DIRECTION('',(0.0,-1.0,0.0));
#13441=DIRECTION('',(0.0,-0.766044443118978,0.642787609686539));
#13442=DIRECTION('',(0.0,0.0,-1.0));
#13443=DIRECTION('',(0.0,-0.5,-0.866025403784439));
#13444=DIRECTION('',(1.03527618041008E-16,1.0,0.0));
#13445=DIRECTION('',(0.258819045102521,0.0,-0.965925826289068));
#13446=DIRECTION('',(0.608120402411342,0.608120402411343,-0.510273605374737));
#13447=DIRECTION('',(0.0,0.0,1.0));
#13448=DIRECTION('',(-0.447213595499958,-0.447213595499958,-0.774596669241483));
#13449=DIRECTION('',(0.0,-1.0,0.0));
#13450=DIRECTION('',(0.0,-1.0,0.0));
#13451=DIRECTION('',(-1.0,0.0,0.0));
#13452=DIRECTION('',(0.0,-1.0,0.0));
#13453=DIRECTION('',(-1.0E-16,-1.0,0.0));
#13454=DIRECTION('',(0.258819045102521,0.0,0.965925826289068));
#13455=DIRECTION('',(-1.03527618041008E-16,-1.0,0.0));
#13456=DIRECTION('',(-0.258819045102521,0.0,-0.965925826289068));
#13457=DIRECTION('',(0.608120402411342,-0.608120402411343,0.510273605374737));
#13458=DIRECTION('',(1.0,0.0,0.0));
#13459=DIRECTION('',(0.0,0.766044443118978,-0.642787609686539));
#13460=DIRECTION('',(0.0,0.766044443118978,-0.642787609686539));
#13461=DIRECTION('',(0.0,-0.5,-0.866025403784439));
#13462=DIRECTION('',(-0.447213595499958,0.447213595499958,0.774596669241483));
#13463=DIRECTION('',(0.0,0.5,0.866025403784439));
#13464=DIRECTION('',(1.0,0.0,0.0));
#13465=DIRECTION('',(0.0,-1.0,0.0));
#13466=DIRECTION('',(0.0,0.0,1.0));
#13467=DIRECTION('',(0.0,-1.0,0.0));
#13468=DIRECTION('',(0.0,-1.0,0.0));
#13469=DIRECTION('',(0.0,0.0,1.0));
#13470=DIRECTION('',(0.0,1.0,0.0));
#13471=DIRECTION('',(0.0,1.0,0.0));
#13472=DIRECTION('',(0.0,1.0,0.0));
#13473=DIRECTION('',(0.0,0.0,1.0));
#13474=DIRECTION('',(0.0,0.0,-1.0));
#13475=DIRECTION('',(1.0E-16,1.0,0.0));
#13476=DIRECTION('',(0.0,1.0,0.0));
#13477=DIRECTION('',(1.0,0.0,0.0));
#13478=DIRECTION('',(0.0,-1.0,0.0));
#13479=DIRECTION('',(0.0,0.0,-1.0));
#13480=DIRECTION('',(0.0,0.0,1.0));
#13481=DIRECTION('',(0.0,0.0,1.0));
#13482=DIRECTION('',(0.0,-1.0,0.0));
#13483=DIRECTION('',(0.0,0.0,1.0));
#13484=DIRECTION('',(0.0,1.0,0.0));
#13485=DIRECTION('',(0.0,1.0,0.0));
#13486=DIRECTION('',(0.0,-1.0,0.0));
#13487=DIRECTION('',(0.0,1.0,0.0));
#13488=DIRECTION('',(0.0,0.156434465040232,-0.987688340595138));
#13489=DIRECTION('',(0.0,1.0,0.0));
#13490=DIRECTION('',(0.0,1.0,0.0));
#13491=DIRECTION('',(0.0,-0.0348994967025011,-0.999390827019096));
#13492=DIRECTION('',(0.0,-1.0,0.0));
#13493=DIRECTION('',(0.0,0.0,1.0));
#13494=DIRECTION('',(0.0,-1.0,0.0));
#13495=DIRECTION('',(0.0,0.0,1.0));
#13496=DIRECTION('',(0.0,-1.0,0.0));
#13497=DIRECTION('',(0.0,-1.0,0.0));
#13498=DIRECTION('',(1.0,0.0,0.0));
#13499=DIRECTION('',(-1.0,0.0,0.0));
#13500=DIRECTION('',(0.0,-0.156434465040232,0.987688340595138));
#13501=DIRECTION('',(-1.0,0.0,0.0));
#13502=DIRECTION('',(1.0,0.0,0.0));
#13503=DIRECTION('',(0.0,-1.0,0.0));
#13504=DIRECTION('',(1.0,0.0,0.0));
#13505=DIRECTION('',(1.0,0.0,0.0));
#13506=DIRECTION('',(0.0,-1.0,0.0));
#13507=DIRECTION('',(0.0,1.0,0.0));
#13508=DIRECTION('',(1.0,0.0,0.0));
#13509=DIRECTION('',(-1.0,0.0,0.0));
#13510=DIRECTION('',(0.0,0.0,-1.0));
#13511=DIRECTION('',(0.0,0.0,1.0));
#13512=DIRECTION('',(0.0,0.0,-1.0));
#13513=DIRECTION('',(0.0,0.0,-1.0));
#13514=DIRECTION('',(0.0,-1.0,0.0));
#13515=CARTESIAN_POINT('',(0.0,-3.5,9.1));
#13516=DIRECTION('',(0.0,0.0,1.0));
#13517=DIRECTION('',(1.0,0.0,0.0));
#13518=DIRECTION('',(0.0,-1.0,0.0));
#13519=CARTESIAN_POINT('',(3.5,-3.5,9.1));
#13520=DIRECTION('',(0.0,0.0,1.0));
#13521=DIRECTION('',(1.0,0.0,0.0));
#13522=DIRECTION('',(0.0,1.0,0.0));
#13523=DIRECTION('',(-1.0,0.0,0.0));
#13524=DIRECTION('',(0.0,-1.0,0.0));
#13525=DIRECTION('',(1.0,0.0,0.0));
#13526=DIRECTION('',(0.0,0.0348994967025011,0.999390827019096));
#13527=DIRECTION('',(-0.447213595499958,-0.447213595499958,-0.774596669241483));
#13528=DIRECTION('',(0.0,0.5,0.866025403784439));
#13529=DIRECTION('',(1.0,0.0,0.0));
#13530=DIRECTION('',(0.0,-0.5,-0.866025403784439));
#13531=DIRECTION('',(0.0,0.0,1.0));
#13532=DIRECTION('',(0.0,0.0,-1.0));
#13533=DIRECTION('',(0.0,-1.0,0.0));
#13534=DIRECTION('',(0.0,0.0,-1.0));
#13535=DIRECTION('',(-1.0,0.0,0.0));
#13536=DIRECTION('',(0.0,-1.0,0.0));
#13537=DIRECTION('',(1.0,0.0,0.0));
#13538=DIRECTION('',(0.0,-1.0,0.0));
#13539=DIRECTION('',(0.0,-1.0,0.0));
#13540=DIRECTION('',(1.0,-1.0E-16,0.0));
#13541=DIRECTION('',(0.0,1.0,0.0));
#13542=DIRECTION('',(-1.0,1.0E-16,0.0));
#13543=DIRECTION('',(0.0,1.0,0.0));
#13544=DIRECTION('',(1.0E-16,1.0,0.0));
#13545=DIRECTION('',(1.0,-1.0E-16,0.0));
#13546=DIRECTION('',(-1.0E-16,-1.0,0.0));
#13547=DIRECTION('',(-1.0,1.0E-16,0.0));
#13548=DIRECTION('',(0.0,0.0,1.0));
#13549=CARTESIAN_POINT('',(0.0,-3.5,7.35));
#13550=DIRECTION('',(0.0,0.0,1.0));
#13551=DIRECTION('',(1.0,0.0,0.0));
#13552=CARTESIAN_POINT('',(0.0,-3.5,8.05));
#13553=DIRECTION('',(0.0,0.0,1.0));
#13554=DIRECTION('',(1.0,0.0,0.0));
#13555=DIRECTION('',(0.0,-1.0,0.0));
#13556=DIRECTION('',(-1.0,0.0,0.0));
#13557=DIRECTION('',(0.0,-1.0,0.0));
#13558=DIRECTION('',(1.0,0.0,0.0));
#13559=DIRECTION('',(0.0,0.0,-1.0));
#13560=DIRECTION('',(0.0,0.0,1.0));
#13561=DIRECTION('',(0.0,0.0,1.0));
#13562=DIRECTION('',(1.0,0.0,0.0));
#13563=DIRECTION('',(-0.447213595499958,0.447213595499958,0.774596669241483));
#13564=DIRECTION('',(0.0,0.5,0.866025403784439));
#13565=DIRECTION('',(0.0,0.0,1.0));
#13566=DIRECTION('',(0.0,-1.0,-1.7E-15));
#13567=DIRECTION('',(0.0,-1.0,0.0));
#13568=DIRECTION('',(0.0,0.0,1.0));
#13569=DIRECTION('',(0.0,1.0,0.0));
#13570=DIRECTION('',(0.0,0.0,1.0));
#13571=DIRECTION('',(0.0,0.0,1.0));
#13572=DIRECTION('',(0.0,0.0,-1.0));
#13573=DIRECTION('',(0.0,0.0,1.0));
#13574=DIRECTION('',(0.0,1.0,0.0));
#13575=DIRECTION('',(0.0,-1.0,0.0));
#13576=DIRECTION('',(0.0,0.766044443118978,-0.642787609686539));
#13577=DIRECTION('',(0.0,0.0,1.0));
#13578=DIRECTION('',(0.608120402411342,-0.608120402411343,0.510273605374737));
#13579=DIRECTION('',(0.0,0.0,1.0));
#13580=CARTESIAN_POINT('',(3.5,-3.5,8.05));
#13581=DIRECTION('',(0.0,0.0,1.0));
#13582=DIRECTION('',(1.0,0.0,0.0));
#13583=DIRECTION('',(0.0,0.0,-1.0));
#13584=DIRECTION('',(0.0,0.0,-1.0));
#13585=DIRECTION('',(0.0,-1.0,0.0));
#13586=DIRECTION('',(-1.0,0.0,0.0));
#13587=DIRECTION('',(1.0,-1.0E-16,0.0));
#13588=DIRECTION('',(0.0,0.0,1.0));
#13589=DIRECTION('',(-1.0,0.0,0.0));
#13590=DIRECTION('',(-1.0,1.0E-16,0.0));
#13591=DIRECTION('',(1.0,-1.0E-16,0.0));
#13592=DIRECTION('',(1.03527618041008E-16,1.0,0.0));
#13593=DIRECTION('',(-2.0E-16,0.0,-1.0));
#13594=DIRECTION('',(0.258819045102521,0.0,-0.965925826289068));
#13595=DIRECTION('',(0.0,-1.0,0.0));
#13596=DIRECTION('',(-0.258819045102521,0.0,0.965925826289068));
#13597=DIRECTION('',(2.0E-16,0.0,1.0));
#13598=DIRECTION('',(1.0E-16,1.0,0.0));
#13599=DIRECTION('',(-0.258819045102521,0.0,-0.965925826289068));
#13600=DIRECTION('',(-1.0,1.0E-16,0.0));
#13601=DIRECTION('',(0.0,0.0,-1.0));
#13602=DIRECTION('',(-1.03527618041008E-16,-1.0,0.0));
#13603=DIRECTION('',(-1.0E-16,-1.0,0.0));
#13604=DIRECTION('',(1.0,-1.0E-16,0.0));
#13605=DIRECTION('',(-0.0,-0.0,1.0));
#13606=CARTESIAN_POINT('',(7.0,-3.50000000000001,8.05));
#13607=DIRECTION('',(0.0,0.0,1.0));
#13608=DIRECTION('',(1.0,0.0,0.0));
#13609=DIRECTION('',(0.0,0.0,1.0));
#13610=CARTESIAN_POINT('',(7.0,-3.50000000000001,7.35));
#13611=DIRECTION('',(0.0,0.0,1.0));
#13612=DIRECTION('',(1.0,0.0,0.0));
#13613=DIRECTION('',(0.0,0.0,1.0));
#13614=CARTESIAN_POINT('',(7.0,-3.50000000000001,9.1));
#13615=DIRECTION('',(0.0,0.0,1.0));
#13616=DIRECTION('',(1.0,0.0,0.0));
#13617=CARTESIAN_POINT('',(7.0,-3.50000000000001,8.05));
#13618=DIRECTION('',(0.0,0.0,1.0));
#13619=DIRECTION('',(1.0,0.0,0.0));
#13620=DIRECTION('',(0.0,-1.0,0.0));
#13621=DIRECTION('',(0.0,0.0,1.0));
#13622=DIRECTION('',(0.0,-1.0,0.0));
#13623=CARTESIAN_POINT('',(7.0,-3.50000000000001,7.35));
#13624=DIRECTION('',(0.0,0.0,1.0));
#13625=DIRECTION('',(1.0,0.0,0.0));
#13626=DIRECTION('',(0.0,1.0,0.0));
#13627=CARTESIAN_POINT('',(7.0,-3.50000000000001,9.1));
#13628=DIRECTION('',(0.0,0.0,1.0));
#13629=DIRECTION('',(1.0,0.0,0.0));
#13630=DIRECTION('',(0.0,0.0,1.0));
#13631=DIRECTION('',(0.0,0.0,-1.0));
#13632=DIRECTION('',(0.0,-1.0,0.0));
#13633=DIRECTION('',(0.0,0.0,-1.0));
#13634=DIRECTION('',(0.0,-1.0,0.0));
#13635=DIRECTION('',(0.0,0.0,1.0));
#13636=DIRECTION('',(0.0,-1.0,0.0));
#13637=DIRECTION('',(0.0,0.0,1.0));
#13638=DIRECTION('',(0.0,-1.0,0.0));
#13639=DIRECTION('',(0.0,-0.0348994967025011,-0.999390827019096));
#13640=DIRECTION('',(0.0,1.0,0.0));
#13641=DIRECTION('',(0.0,-0.104528463267653,-0.994521895368273));
#13642=DIRECTION('',(0.0,1.0,0.0));
#13643=DIRECTION('',(0.0,1.0,0.0));
#13644=DIRECTION('',(0.0,0.156434465040232,-0.987688340595138));
#13645=DIRECTION('',(0.0,1.0,0.0));
#13646=DIRECTION('',(0.0,0.0,-1.0));
#13647=DIRECTION('',(0.0,1.0,0.0));
#13648=DIRECTION('',(0.0,-0.5,-0.866025403784439));
#13649=DIRECTION('',(0.0,-1.0,0.0));
#13650=DIRECTION('',(0.0,0.0,-1.0));
#13651=DIRECTION('',(0.0,1.0,0.0));
#13652=DIRECTION('',(0.0,0.0,-1.0));
#13653=DIRECTION('',(0.0,-1.0,0.0));
#13654=DIRECTION('',(0.0,0.0,-1.0));
#13655=DIRECTION('',(0.0,1.0,0.0));
#13656=DIRECTION('',(0.0,0.0,-1.0));
#13657=DIRECTION('',(0.0,1.0,0.0));
#13658=DIRECTION('',(0.0,0.0,1.0));
#13659=DIRECTION('',(0.0,1.0,0.0));
#13660=DIRECTION('',(0.0,0.766044443118978,-0.642787609686539));
#13661=DIRECTION('',(1.0,-1.0E-16,0.0));
#13662=DIRECTION('',(-1.0,0.0,0.0));
#13663=DIRECTION('',(0.0,1.0,0.0));
#13664=DIRECTION('',(-1.0,0.0,0.0));
#13665=DIRECTION('',(-1.0,1.0E-16,0.0));
#13666=DIRECTION('',(1.0E-16,1.0,0.0));
#13667=DIRECTION('',(0.258819045102521,0.0,0.965925826289068));
#13668=DIRECTION('',(0.0,0.0,1.0));
#13669=DIRECTION('',(1.0,-1.0E-16,0.0));
#13670=DIRECTION('',(1.0,0.0,0.0));
#13671=DIRECTION('',(0.608120402411342,0.608120402411343,-0.510273605374737));
#13672=DIRECTION('',(0.0,-0.766044443118978,0.642787609686539));
#13673=DIRECTION('',(-1.0,0.0,0.0));
#13674=DIRECTION('',(0.0,-1.0,0.0));
#13675=DIRECTION('',(-1.0,0.0,0.0));
#13676=DIRECTION('',(1.0,0.0,0.0));
#13677=DIRECTION('',(0.0,0.0,1.0));
#13678=DIRECTION('',(1.0,0.0,0.0));
#13679=DIRECTION('',(-1.0,0.0,0.0));
#13680=DIRECTION('',(0.0,-1.0,0.0));
#13681=DIRECTION('',(-1.0,0.0,0.0));
#13682=DIRECTION('',(1.0,0.0,0.0));
#13683=DIRECTION('',(0.0,-1.0,0.0));
#13684=DIRECTION('',(-1.0,0.0,0.0));
#13685=DIRECTION('',(1.0,0.0,0.0));
#13686=DIRECTION('',(0.0,-1.0,0.0));
#13687=DIRECTION('',(1.0,0.0,0.0));
#13688=DIRECTION('',(0.0,0.0,1.0));
#13689=DIRECTION('',(0.0,0.0,-1.0));
#13690=DIRECTION('',(0.0,-0.5,-0.866025403784439));
#13691=DIRECTION('',(-1.0E-16,-1.0,0.0));
#13692=DIRECTION('',(0.0,0.0,-1.0));
#13693=DIRECTION('',(-1.0E-16,-1.0,0.0));
#13694=DIRECTION('',(1.0,-1.0E-16,0.0));
#13695=DIRECTION('',(0.0,0.0,1.0));
#13696=DIRECTION('',(0.0,0.0,-1.0));
#13697=DIRECTION('',(0.0,-0.156434465040232,0.987688340595138));
#13698=DIRECTION('',(0.0,-1.0,0.0));
#13699=DIRECTION('',(1.0,0.0,0.0));
#13700=DIRECTION('',(0.0,0.0,-1.0));
#13701=DIRECTION('',(0.0,0.0,-1.0));
#13702=DIRECTION('',(0.0,-1.0,0.0));
#13703=DIRECTION('',(0.0,0.0,-1.0));
#13704=DIRECTION('',(0.0,-1.0,0.0));
#13705=DIRECTION('',(1.0,0.0,0.0));
#13706=DIRECTION('',(0.0,-1.0,0.0));
#13707=DIRECTION('',(-1.0,1.0E-16,0.0));
#13708=DIRECTION('',(1.0,-1.0E-16,0.0));
#13709=DIRECTION('',(-0.258819045102521,0.0,-0.965925826289068));
#13710=DIRECTION('',(1.0,0.0,0.0));
#13711=DIRECTION('',(0.0,0.104528463267653,0.994521895368273));
#13712=DIRECTION('',(-1.0,0.0,0.0));
#13713=DIRECTION('',(1.0,0.0,0.0));
#13714=DIRECTION('',(-1.0,0.0,0.0));
#13715=DIRECTION('',(0.0,-1.0,0.0));
#13716=DIRECTION('',(0.0,0.0,1.0));
#13717=DIRECTION('',(0.0,0.0,-1.0));
#13718=DIRECTION('',(0.0,0.0,1.0));
#13719=DIRECTION('',(0.0,-1.0,0.0));
#13720=DIRECTION('',(-0.447213595499958,-0.447213595499958,-0.774596669241483));
#13721=DIRECTION('',(-1.0,0.0,0.0));
#13722=DIRECTION('',(-1.0,0.0,0.0));
#13723=DIRECTION('',(0.0,-1.0,0.0));
#13724=DIRECTION('',(0.0,0.0348994967025011,0.999390827019096));
#13725=DIRECTION('',(-1.0,0.0,0.0));
#13726=DIRECTION('',(-1.0,0.0,0.0));
#13727=DIRECTION('',(0.0,-1.0,0.0));
#13728=DIRECTION('',(-1.0,0.0,0.0));
#13729=DIRECTION('',(-0.0,0.0,-1.0));
#13730=CARTESIAN_POINT('',(10.5,-3.5,9.1));
#13731=DIRECTION('',(0.0,0.0,1.0));
#13732=DIRECTION('',(1.0,0.0,0.0));
#13733=DIRECTION('',(0.0,0.0,1.0));
#13734=CARTESIAN_POINT('',(10.5,-3.5,7.35));
#13735=DIRECTION('',(0.0,0.0,1.0));
#13736=DIRECTION('',(1.0,0.0,0.0));
#13737=DIRECTION('',(0.0,0.0,1.0));
#13738=CARTESIAN_POINT('',(10.5,-3.5,8.05));
#13739=DIRECTION('',(0.0,0.0,1.0));
#13740=DIRECTION('',(1.0,0.0,0.0));
#13741=DIRECTION('',(0.0,0.0,-1.0));
#13742=DIRECTION('',(-1.0,1.0E-16,0.0));
#13743=DIRECTION('',(-2.0E-16,0.0,-1.0));
#13744=DIRECTION('',(0.258819045102521,0.0,-0.965925826289068));
#13745=DIRECTION('',(1.0,-1.0E-16,0.0));
#13746=DIRECTION('',(0.0,0.0,-1.0));
#13747=DIRECTION('',(0.608120402411342,-0.608120402411343,0.510273605374737));
#13748=DIRECTION('',(0.0,0.0,1.0));
#13749=DIRECTION('',(-0.447213595499958,0.447213595499958,0.774596669241483));
#13750=DIRECTION('',(0.0,0.0,-1.0));
#13751=DIRECTION('',(-1.0,0.0,0.0));
#13752=DIRECTION('',(0.0,0.0,1.0));
#13753=DIRECTION('',(-1.0,0.0,0.0));
#13754=DIRECTION('',(0.0,0.0,1.0));
#13755=DIRECTION('',(-1.0,0.0,0.0));
#13756=DIRECTION('',(0.0,0.0,1.0));
#13757=DIRECTION('',(-1.0,0.0,0.0));
#13758=DIRECTION('',(0.0,-1.0,0.0));
#13759=DIRECTION('',(-1.0,1.0E-16,0.0));
#13760=DIRECTION('',(0.0,-1.0,0.0));
#13761=DIRECTION('',(0.0,0.0,1.0));
#13762=DIRECTION('',(1.0,-1.0E-16,0.0));
#13763=DIRECTION('',(-0.258819045102521,0.0,0.965925826289068));
#13764=DIRECTION('',(2.0E-16,0.0,1.0));
#13765=DIRECTION('',(1.0,-1.0E-16,0.0));
#13766=CARTESIAN_POINT('',(10.5,-3.5,8.05));
#13767=DIRECTION('',(0.0,0.0,1.0));
#13768=DIRECTION('',(1.0,0.0,0.0));
#13769=DIRECTION('',(0.0,0.0,1.0));
#13770=CARTESIAN_POINT('',(10.5,-3.5,7.35));
#13771=DIRECTION('',(0.0,0.0,1.0));
#13772=DIRECTION('',(1.0,0.0,0.0));
#13773=DIRECTION('',(0.0,0.0,1.0));
#13774=CARTESIAN_POINT('',(10.5,-3.5,9.1));
#13775=DIRECTION('',(0.0,0.0,1.0));
#13776=DIRECTION('',(1.0,0.0,0.0));
#13777=DIRECTION('',(-1.0,0.0,0.0));
#13778=DIRECTION('',(0.0,0.104528463267653,0.994521895368273));
#13779=DIRECTION('',(1.0,0.0,0.0));
#13780=DIRECTION('',(0.0,0.104528463267653,0.994521895368273));
#13781=DIRECTION('',(0.0,0.156434465040232,-0.987688340595138));
#13782=DIRECTION('',(-1.0,0.0,0.0));
#13783=DIRECTION('',(0.0,-0.156434465040232,0.987688340595138));
#13784=DIRECTION('',(-1.0,0.0,0.0));
#13785=DIRECTION('',(0.0,-1.0,0.0));
#13786=DIRECTION('',(1.0,0.0,0.0));
#13787=DIRECTION('',(0.0,-1.0,0.0));
#13788=DIRECTION('',(1.0,0.0,0.0));
#13789=DIRECTION('',(0.0,0.0,-1.0));
#13790=DIRECTION('',(0.0,0.0,-1.0));
#13791=DIRECTION('',(1.0,0.0,0.0));
#13792=DIRECTION('',(0.0,0.0348994967025011,0.999390827019096));
#13793=DIRECTION('',(-1.0,0.0,0.0));
#13794=DIRECTION('',(0.0,0.0348994967025011,0.999390827019096));
#13795=DIRECTION('',(-1.0,0.0,0.0));
#13796=DIRECTION('',(0.0,-1.0,0.0));
#13797=DIRECTION('',(0.0,1.0,0.0));
#13798=DIRECTION('',(0.0,-1.0,0.0));
#13799=DIRECTION('',(0.0,1.0,0.0));
#13800=DIRECTION('',(1.0,0.0,0.0));
#13801=DIRECTION('',(0.0,0.5,0.866025403784439));
#13802=DIRECTION('',(-1.0,0.0,0.0));
#13803=DIRECTION('',(0.0,0.5,0.866025403784439));
#13804=DIRECTION('',(1.0,0.0,0.0));
#13805=DIRECTION('',(0.0,0.0,1.0));
#13806=DIRECTION('',(0.0,1.0,0.0));
#13807=DIRECTION('',(0.0,1.0,0.0));
#13808=DIRECTION('',(0.0,0.0,-1.0));
#13809=DIRECTION('',(0.0,-1.0,0.0));
#13810=DIRECTION('',(0.0,0.0,1.0));
#13811=DIRECTION('',(0.0,0.0,1.0));
#13812=DIRECTION('',(1.0,-1.0E-16,0.0));
#13813=DIRECTION('',(1.0E-16,1.0,0.0));
#13814=DIRECTION('',(-1.0E-16,-1.0,0.0));
#13815=DIRECTION('',(0.0,-0.766044443118978,0.642787609686539));
#13816=DIRECTION('',(-1.0,0.0,0.0));
#13817=DIRECTION('',(0.0,0.766044443118978,-0.642787609686539));
#13818=DIRECTION('',(0.0,0.0,1.0));
#13819=DIRECTION('',(-1.0,0.0,0.0));
#13820=DIRECTION('',(-1.0,0.0,0.0));
#13821=DIRECTION('',(0.0,0.0,1.0));
#13822=DIRECTION('',(1.0,0.0,0.0));
#13823=DIRECTION('',(0.0,0.0,-1.0));
#13824=DIRECTION('',(0.0,0.0,1.0));
#13825=DIRECTION('',(0.0,0.0,1.0));
#13826=DIRECTION('',(1.0,0.0,0.0));
#13827=DIRECTION('',(1.0E-16,1.0,0.0));
#13828=DIRECTION('',(0.0,1.0,0.0));
#13829=DIRECTION('',(0.0,-1.0,0.0));
#13830=DIRECTION('',(1.0,0.0,0.0));
#13831=DIRECTION('',(0.0,-1.0,-1.7E-15));
#13832=DIRECTION('',(0.0,-1.0,-1.7E-15));
#13833=DIRECTION('',(0.0,-1.0,0.0));
#13834=DIRECTION('',(0.0,-1.0,0.0));
#13835=DIRECTION('',(0.0,-1.0,0.0));
#13836=DIRECTION('',(0.0,1.0,0.0));
#13837=DIRECTION('',(0.0,-1.0,0.0));
#13838=DIRECTION('',(0.0,1.0,0.0));
#13839=DIRECTION('',(0.0,1.0,0.0));
#13840=DIRECTION('',(-1.0,0.0,0.0));
#13841=DIRECTION('',(0.0,0.0,-1.0));
#13842=DIRECTION('',(0.0,0.0,-1.0));
#13843=DIRECTION('',(1.0,0.0,0.0));
#13844=DIRECTION('',(0.0,-1.0,0.0));
#13845=DIRECTION('',(0.0,-1.0,0.0));
#13846=DIRECTION('',(0.0,1.0,0.0));
#13847=DIRECTION('',(0.0,-1.0,0.0));
#13848=DIRECTION('',(0.0,1.0,0.0));
#13849=DIRECTION('',(0.0,1.0,0.0));
#13850=DIRECTION('',(0.0,-1.0,0.0));
#13851=DIRECTION('',(0.0,-1.0,0.0));
#13852=DIRECTION('',(0.0,-1.0,0.0));
#13853=DIRECTION('',(-0.0,-0.0,1.0));
#13854=CARTESIAN_POINT('',(14.0,-3.5,8.05));
#13855=DIRECTION('',(0.0,0.0,1.0));
#13856=DIRECTION('',(1.0,0.0,0.0));
#13857=DIRECTION('',(0.0,0.0,1.0));
#13858=CARTESIAN_POINT('',(14.0,-3.5,7.35));
#13859=DIRECTION('',(0.0,0.0,1.0));
#13860=DIRECTION('',(1.0,0.0,0.0));
#13861=DIRECTION('',(0.0,0.0,1.0));
#13862=CARTESIAN_POINT('',(14.0,-3.5,8.05));
#13863=DIRECTION('',(0.0,0.0,1.0));
#13864=DIRECTION('',(1.0,0.0,0.0));
#13865=DIRECTION('',(-0.0,0.0,-1.0));
#13866=CARTESIAN_POINT('',(14.0,-3.5,9.1));
#13867=DIRECTION('',(0.0,0.0,1.0));
#13868=DIRECTION('',(1.0,0.0,0.0));
#13869=DIRECTION('',(-0.0,-0.0,1.0));
#13870=CARTESIAN_POINT('',(10.5,-3.5,8.05));
#13871=DIRECTION('',(0.0,0.0,1.0));
#13872=DIRECTION('',(1.0,0.0,0.0));
#13873=DIRECTION('',(0.0,0.0,1.0));
#13874=CARTESIAN_POINT('',(10.5,-3.5,7.35));
#13875=DIRECTION('',(0.0,0.0,1.0));
#13876=DIRECTION('',(1.0,0.0,0.0));
#13877=DIRECTION('',(0.0,0.0,1.0));
#13878=CARTESIAN_POINT('',(10.5,-3.5,9.1));
#13879=DIRECTION('',(0.0,0.0,1.0));
#13880=DIRECTION('',(1.0,0.0,0.0));
#13881=DIRECTION('',(-0.0,0.0,-1.0));
#13882=CARTESIAN_POINT('',(17.5,-3.5,9.1));
#13883=DIRECTION('',(0.0,0.0,1.0));
#13884=DIRECTION('',(1.0,0.0,0.0));
#13885=DIRECTION('',(0.0,0.0,1.0));
#13886=CARTESIAN_POINT('',(17.5,-3.5,7.35));
#13887=DIRECTION('',(0.0,0.0,1.0));
#13888=DIRECTION('',(1.0,0.0,0.0));
#13889=DIRECTION('',(0.0,0.0,1.0));
#13890=CARTESIAN_POINT('',(17.5,-3.5,8.05));
#13891=DIRECTION('',(0.0,0.0,1.0));
#13892=DIRECTION('',(1.0,0.0,0.0));
#13893=DIRECTION('',(0.0,0.0,-1.0));
#13894=DIRECTION('',(-1.0,1.0E-16,0.0));
#13895=DIRECTION('',(-0.258819045102521,0.0,0.965925826289068));
#13896=DIRECTION('',(2.0E-16,0.0,1.0));
#13897=DIRECTION('',(1.0,-1.0E-16,0.0));
#13898=DIRECTION('',(1.0E-16,1.0,0.0));
#13899=DIRECTION('',(-2.0E-16,0.0,-1.0));
#13900=DIRECTION('',(-1.0E-16,-1.0,0.0));
#13901=DIRECTION('',(0.0,1.0,0.0));
#13902=DIRECTION('',(1.0,0.0,0.0));
#13903=DIRECTION('',(0.0,1.0,0.0));
#13904=DIRECTION('',(-1.0,0.0,0.0));
#13905=CARTESIAN_POINT('',(14.0,-3.5,8.05));
#13906=DIRECTION('',(0.0,0.0,1.0));
#13907=DIRECTION('',(1.0,0.0,0.0));
#13908=DIRECTION('',(0.0,-1.0,0.0));
#13909=DIRECTION('',(1.0,-1.0E-16,0.0));
#13910=DIRECTION('',(0.0,0.0,-1.0));
#13911=DIRECTION('',(-1.0,1.0E-16,0.0));
#13912=DIRECTION('',(0.0,0.0,1.0));
#13913=DIRECTION('',(-1.0,0.0,0.0));
#13914=DIRECTION('',(0.0,-1.0,0.0));
#13915=DIRECTION('',(1.0,0.0,0.0));
#13916=DIRECTION('',(0.0,1.0,0.0));
#13917=DIRECTION('',(0.0,1.0,1.7E-15));
#13918=DIRECTION('',(0.0,-1.0,0.0));
#13919=DIRECTION('',(0.0,0.0,1.0));
#13920=DIRECTION('',(0.0,0.0,-1.0));
#13921=DIRECTION('',(-1.0,0.0,0.0));
#13922=DIRECTION('',(0.0,0.0,1.0));
#13923=DIRECTION('',(-1.0,0.0,0.0));
#13924=DIRECTION('',(0.0,0.0,1.0));
#13925=DIRECTION('',(1.0,0.0,0.0));
#13926=DIRECTION('',(0.0,0.0,1.0));
#13927=DIRECTION('',(-1.0,0.0,0.0));
#13928=DIRECTION('',(0.0,0.0,-1.0));
#13929=DIRECTION('',(1.0,0.0,0.0));
#13930=DIRECTION('',(0.0,0.0,-1.0));
#13931=DIRECTION('',(-1.0,0.0,0.0));
#13932=DIRECTION('',(0.0,0.0,-1.0));
#13933=DIRECTION('',(-1.0,0.0,0.0));
#13934=DIRECTION('',(0.0,0.0,1.0));
#13935=DIRECTION('',(1.0,0.0,0.0));
#13936=DIRECTION('',(0.0,-1.0,0.0));
#13937=DIRECTION('',(-1.0,0.0,0.0));
#13938=DIRECTION('',(0.0,1.0,0.0));
#13939=DIRECTION('',(1.0,0.0,0.0));
#13940=DIRECTION('',(1.0,0.0,0.0));
#13941=DIRECTION('',(0.0,-1.0,0.0));
#13942=DIRECTION('',(-1.0,0.0,0.0));
#13943=DIRECTION('',(0.0,1.0,0.0));
#13944=DIRECTION('',(1.0,0.0,0.0));
#13945=DIRECTION('',(0.0,-1.0,0.0));
#13946=DIRECTION('',(-1.0,0.0,0.0));
#13947=DIRECTION('',(0.0,-1.0,0.0));
#13948=DIRECTION('',(0.0,-0.766044443118978,0.642787609686539));
#13949=DIRECTION('',(0.0,-0.766044443118978,0.642787609686539));
#13950=DIRECTION('',(1.0,0.0,0.0));
#13951=DIRECTION('',(0.608120402411342,0.608120402411343,-0.510273605374737));
#13952=DIRECTION('',(0.258819045102521,0.0,0.965925826289068));
#13953=DIRECTION('',(0.0,0.0,1.0));
#13954=DIRECTION('',(-1.0,1.0E-16,0.0));
#13955=DIRECTION('',(0.0,0.0,-1.0));
#13956=DIRECTION('',(1.0,-1.0E-16,0.0));
#13957=DIRECTION('',(0.0,1.0,1.7E-15));
#13958=CARTESIAN_POINT('',(14.0,-3.5,7.35));
#13959=DIRECTION('',(0.0,0.0,1.0));
#13960=DIRECTION('',(1.0,0.0,0.0));
#13961=DIRECTION('',(0.0,1.0,0.0));
#13962=DIRECTION('',(0.0,-1.0,0.0));
#13963=DIRECTION('',(-1.0,1.0E-16,0.0));
#13964=DIRECTION('',(0.0,-1.0,0.0));
#13965=DIRECTION('',(-1.0,0.0,0.0));
#13966=DIRECTION('',(0.0,0.104528463267653,0.994521895368273));
#13967=DIRECTION('',(0.0,-0.104528463267653,-0.994521895368273));
#13968=DIRECTION('',(1.0,0.0,0.0));
#13969=DIRECTION('',(-1.0,0.0,0.0));
#13970=DIRECTION('',(0.0,-1.0,0.0));
#13971=DIRECTION('',(0.0,-1.0,0.0));
#13972=DIRECTION('',(0.0,0.0,-1.0));
#13973=DIRECTION('',(0.0,-1.0,0.0));
#13974=DIRECTION('',(0.0,0.0,-1.0));
#13975=DIRECTION('',(1.0,0.0,0.0));
#13976=DIRECTION('',(0.0,0.0,1.0));
#13977=DIRECTION('',(1.0,0.0,0.0));
#13978=CARTESIAN_POINT('',(17.5,-3.5,8.05));
#13979=DIRECTION('',(0.0,0.0,1.0));
#13980=DIRECTION('',(1.0,0.0,0.0));
#13981=DIRECTION('',(0.0,0.0,1.0));
#13982=CARTESIAN_POINT('',(17.5,-3.5,7.35));
#13983=DIRECTION('',(0.0,0.0,1.0));
#13984=DIRECTION('',(1.0,0.0,0.0));
#13985=DIRECTION('',(0.0,0.0,1.0));
#13986=CARTESIAN_POINT('',(17.5,-3.5,9.1));
#13987=DIRECTION('',(0.0,0.0,1.0));
#13988=DIRECTION('',(1.0,0.0,0.0));
#13989=DIRECTION('',(0.0,0.0,-1.0));
#13990=DIRECTION('',(-1.0,1.0E-16,0.0));
#13991=DIRECTION('',(0.0,0.0,1.0));
#13992=DIRECTION('',(1.0,-1.0E-16,0.0));
#13993=DIRECTION('',(0.0,0.0,-1.0));
#13994=DIRECTION('',(0.0,-1.0,0.0));
#13995=DIRECTION('',(0.0,1.0,0.0));
#13996=DIRECTION('',(0.0,0.0,-1.0));
#13997=DIRECTION('',(0.0,0.0,-1.0));
#13998=DIRECTION('',(0.0,-1.0,0.0));
#13999=DIRECTION('',(-1.0,0.0,0.0));
#14000=DIRECTION('',(0.0,0.0,-1.0));
#14001=DIRECTION('',(-1.0,0.0,0.0));
#14002=DIRECTION('',(0.0,0.0,1.0));
#14003=DIRECTION('',(-1.0,0.0,0.0));
#14004=DIRECTION('',(0.0,0.0,-1.0));
#14005=DIRECTION('',(0.0,-1.0,0.0));
#14006=DIRECTION('',(0.0,-0.766044443118978,0.642787609686539));
#14007=DIRECTION('',(0.0,0.0,-1.0));
#14008=DIRECTION('',(0.0,-0.5,-0.866025403784439));
#14009=DIRECTION('',(1.03527618041008E-16,1.0,0.0));
#14010=DIRECTION('',(0.258819045102521,0.0,-0.965925826289068));
#14011=DIRECTION('',(0.608120402411342,0.608120402411343,-0.510273605374737));
#14012=DIRECTION('',(0.0,0.0,1.0));
#14013=DIRECTION('',(-0.447213595499958,-0.447213595499958,-0.774596669241483));
#14014=DIRECTION('',(0.0,-1.0,0.0));
#14015=DIRECTION('',(0.0,-1.0,0.0));
#14016=DIRECTION('',(-1.0,0.0,0.0));
#14017=DIRECTION('',(0.0,-1.0,0.0));
#14018=DIRECTION('',(-1.0E-16,-1.0,0.0));
#14019=DIRECTION('',(0.258819045102521,0.0,0.965925826289068));
#14020=DIRECTION('',(-1.03527618041008E-16,-1.0,0.0));
#14021=DIRECTION('',(-0.258819045102521,0.0,-0.965925826289068));
#14022=DIRECTION('',(0.608120402411342,-0.608120402411343,0.510273605374737));
#14023=DIRECTION('',(1.0,0.0,0.0));
#14024=DIRECTION('',(0.0,0.766044443118978,-0.642787609686539));
#14025=DIRECTION('',(0.0,0.766044443118978,-0.642787609686539));
#14026=DIRECTION('',(0.0,-0.5,-0.866025403784439));
#14027=DIRECTION('',(-0.447213595499958,0.447213595499958,0.774596669241483));
#14028=DIRECTION('',(0.0,0.5,0.866025403784439));
#14029=DIRECTION('',(1.0,0.0,0.0));
#14030=DIRECTION('',(0.0,-1.0,0.0));
#14031=DIRECTION('',(0.0,0.0,1.0));
#14032=DIRECTION('',(0.0,-1.0,0.0));
#14033=DIRECTION('',(0.0,-1.0,0.0));
#14034=DIRECTION('',(0.0,0.0,1.0));
#14035=DIRECTION('',(0.0,1.0,0.0));
#14036=DIRECTION('',(0.0,1.0,0.0));
#14037=DIRECTION('',(0.0,1.0,0.0));
#14038=DIRECTION('',(0.0,0.0,1.0));
#14039=DIRECTION('',(0.0,0.0,-1.0));
#14040=DIRECTION('',(1.0E-16,1.0,0.0));
#14041=DIRECTION('',(0.0,1.0,0.0));
#14042=DIRECTION('',(1.0,0.0,0.0));
#14043=DIRECTION('',(0.0,-1.0,0.0));
#14044=DIRECTION('',(0.0,0.0,-1.0));
#14045=DIRECTION('',(0.0,0.0,1.0));
#14046=DIRECTION('',(0.0,0.0,1.0));
#14047=DIRECTION('',(0.0,-1.0,0.0));
#14048=DIRECTION('',(0.0,0.0,1.0));
#14049=DIRECTION('',(0.0,1.0,0.0));
#14050=DIRECTION('',(0.0,1.0,0.0));
#14051=DIRECTION('',(0.0,-1.0,0.0));
#14052=DIRECTION('',(0.0,1.0,0.0));
#14053=DIRECTION('',(0.0,0.156434465040232,-0.987688340595138));
#14054=DIRECTION('',(0.0,1.0,0.0));
#14055=DIRECTION('',(0.0,1.0,0.0));
#14056=DIRECTION('',(0.0,-0.0348994967025011,-0.999390827019096));
#14057=DIRECTION('',(0.0,-1.0,0.0));
#14058=DIRECTION('',(0.0,0.0,1.0));
#14059=DIRECTION('',(0.0,-1.0,0.0));
#14060=DIRECTION('',(0.0,0.0,1.0));
#14061=DIRECTION('',(0.0,-1.0,0.0));
#14062=DIRECTION('',(0.0,-1.0,0.0));
#14063=DIRECTION('',(1.0,0.0,0.0));
#14064=DIRECTION('',(-1.0,0.0,0.0));
#14065=DIRECTION('',(0.0,-0.156434465040232,0.987688340595138));
#14066=DIRECTION('',(-1.0,0.0,0.0));
#14067=DIRECTION('',(1.0,0.0,0.0));
#14068=DIRECTION('',(0.0,-1.0,0.0));
#14069=DIRECTION('',(1.0,0.0,0.0));
#14070=DIRECTION('',(1.0,0.0,0.0));
#14071=DIRECTION('',(0.0,-1.0,0.0));
#14072=DIRECTION('',(0.0,1.0,0.0));
#14073=DIRECTION('',(1.0,0.0,0.0));
#14074=DIRECTION('',(-1.0,0.0,0.0));
#14075=DIRECTION('',(0.0,0.0,-1.0));
#14076=DIRECTION('',(0.0,0.0,1.0));
#14077=DIRECTION('',(0.0,0.0,-1.0));
#14078=DIRECTION('',(0.0,0.0,-1.0));
#14079=DIRECTION('',(0.0,-1.0,0.0));
#14080=CARTESIAN_POINT('',(10.5,-3.5,9.1));
#14081=DIRECTION('',(0.0,0.0,1.0));
#14082=DIRECTION('',(1.0,0.0,0.0));
#14083=DIRECTION('',(0.0,-1.0,0.0));
#14084=CARTESIAN_POINT('',(14.0,-3.5,9.1));
#14085=DIRECTION('',(0.0,0.0,1.0));
#14086=DIRECTION('',(1.0,0.0,0.0));
#14087=DIRECTION('',(0.0,1.0,0.0));
#14088=DIRECTION('',(-1.0,0.0,0.0));
#14089=DIRECTION('',(0.0,-1.0,0.0));
#14090=DIRECTION('',(1.0,0.0,0.0));
#14091=DIRECTION('',(0.0,0.0348994967025011,0.999390827019096));
#14092=DIRECTION('',(-0.447213595499958,-0.447213595499958,-0.774596669241483));
#14093=DIRECTION('',(0.0,0.5,0.866025403784439));
#14094=DIRECTION('',(1.0,0.0,0.0));
#14095=DIRECTION('',(0.0,-0.5,-0.866025403784439));
#14096=DIRECTION('',(0.0,0.0,1.0));
#14097=DIRECTION('',(0.0,0.0,-1.0));
#14098=DIRECTION('',(0.0,-1.0,0.0));
#14099=DIRECTION('',(0.0,0.0,-1.0));
#14100=DIRECTION('',(-1.0,0.0,0.0));
#14101=DIRECTION('',(0.0,-1.0,0.0));
#14102=DIRECTION('',(1.0,0.0,0.0));
#14103=DIRECTION('',(0.0,-1.0,0.0));
#14104=DIRECTION('',(0.0,-1.0,0.0));
#14105=DIRECTION('',(1.0,-1.0E-16,0.0));
#14106=DIRECTION('',(0.0,1.0,0.0));
#14107=DIRECTION('',(-1.0,1.0E-16,0.0));
#14108=DIRECTION('',(0.0,1.0,0.0));
#14109=DIRECTION('',(1.0E-16,1.0,0.0));
#14110=DIRECTION('',(1.0,-1.0E-16,0.0));
#14111=DIRECTION('',(-1.0E-16,-1.0,0.0));
#14112=DIRECTION('',(-1.0,1.0E-16,0.0));
#14113=DIRECTION('',(0.0,0.0,1.0));
#14114=CARTESIAN_POINT('',(10.5,-3.5,7.35));
#14115=DIRECTION('',(0.0,0.0,1.0));
#14116=DIRECTION('',(1.0,0.0,0.0));
#14117=CARTESIAN_POINT('',(10.5,-3.5,8.05));
#14118=DIRECTION('',(0.0,0.0,1.0));
#14119=DIRECTION('',(1.0,0.0,0.0));
#14120=DIRECTION('',(0.0,-1.0,0.0));
#14121=DIRECTION('',(-1.0,0.0,0.0));
#14122=DIRECTION('',(0.0,-1.0,0.0));
#14123=DIRECTION('',(1.0,0.0,0.0));
#14124=DIRECTION('',(0.0,0.0,-1.0));
#14125=DIRECTION('',(0.0,0.0,1.0));
#14126=DIRECTION('',(0.0,0.0,1.0));
#14127=DIRECTION('',(1.0,0.0,0.0));
#14128=DIRECTION('',(-0.447213595499958,0.447213595499958,0.774596669241483));
#14129=DIRECTION('',(0.0,0.5,0.866025403784439));
#14130=DIRECTION('',(0.0,0.0,1.0));
#14131=DIRECTION('',(0.0,-1.0,-1.7E-15));
#14132=DIRECTION('',(0.0,-1.0,0.0));
#14133=DIRECTION('',(0.0,0.0,1.0));
#14134=DIRECTION('',(0.0,1.0,0.0));
#14135=DIRECTION('',(0.0,0.0,1.0));
#14136=DIRECTION('',(0.0,0.0,1.0));
#14137=DIRECTION('',(0.0,0.0,-1.0));
#14138=DIRECTION('',(0.0,0.0,1.0));
#14139=DIRECTION('',(0.0,1.0,0.0));
#14140=DIRECTION('',(0.0,-1.0,0.0));
#14141=DIRECTION('',(0.0,0.766044443118978,-0.642787609686539));
#14142=DIRECTION('',(0.0,0.0,1.0));
#14143=DIRECTION('',(0.608120402411342,-0.608120402411343,0.510273605374737));
#14144=DIRECTION('',(0.0,0.0,1.0));
#14145=CARTESIAN_POINT('',(14.0,-3.5,8.05));
#14146=DIRECTION('',(0.0,0.0,1.0));
#14147=DIRECTION('',(1.0,0.0,0.0));
#14148=DIRECTION('',(0.0,0.0,-1.0));
#14149=DIRECTION('',(0.0,0.0,-1.0));
#14150=DIRECTION('',(0.0,-1.0,0.0));
#14151=DIRECTION('',(-1.0,0.0,0.0));
#14152=DIRECTION('',(1.0,-1.0E-16,0.0));
#14153=DIRECTION('',(0.0,0.0,1.0));
#14154=DIRECTION('',(-1.0,0.0,0.0));
#14155=DIRECTION('',(-1.0,1.0E-16,0.0));
#14156=DIRECTION('',(1.0,-1.0E-16,0.0));
#14157=DIRECTION('',(1.03527618041008E-16,1.0,0.0));
#14158=DIRECTION('',(-2.0E-16,0.0,-1.0));
#14159=DIRECTION('',(0.258819045102521,0.0,-0.965925826289068));
#14160=DIRECTION('',(0.0,-1.0,0.0));
#14161=DIRECTION('',(-0.258819045102521,0.0,0.965925826289068));
#14162=DIRECTION('',(2.0E-16,0.0,1.0));
#14163=DIRECTION('',(1.0E-16,1.0,0.0));
#14164=DIRECTION('',(-0.258819045102521,0.0,-0.965925826289068));
#14165=DIRECTION('',(-1.0,1.0E-16,0.0));
#14166=DIRECTION('',(0.0,0.0,-1.0));
#14167=DIRECTION('',(-1.03527618041008E-16,-1.0,0.0));
#14168=DIRECTION('',(-1.0E-16,-1.0,0.0));
#14169=DIRECTION('',(1.0,-1.0E-16,0.0));
#14170=DIRECTION('',(-0.0,-0.0,1.0));
#14171=CARTESIAN_POINT('',(17.5,-3.50000000000001,8.05));
#14172=DIRECTION('',(0.0,0.0,1.0));
#14173=DIRECTION('',(1.0,0.0,0.0));
#14174=DIRECTION('',(0.0,0.0,1.0));
#14175=CARTESIAN_POINT('',(17.5,-3.50000000000001,7.35));
#14176=DIRECTION('',(0.0,0.0,1.0));
#14177=DIRECTION('',(1.0,0.0,0.0));
#14178=DIRECTION('',(0.0,0.0,1.0));
#14179=CARTESIAN_POINT('',(17.5,-3.50000000000001,9.1));
#14180=DIRECTION('',(0.0,0.0,1.0));
#14181=DIRECTION('',(1.0,0.0,0.0));
#14182=CARTESIAN_POINT('',(17.5,-3.50000000000001,8.05));
#14183=DIRECTION('',(0.0,0.0,1.0));
#14184=DIRECTION('',(1.0,0.0,0.0));
#14185=DIRECTION('',(0.0,-1.0,0.0));
#14186=DIRECTION('',(0.0,0.0,1.0));
#14187=DIRECTION('',(0.0,-1.0,0.0));
#14188=CARTESIAN_POINT('',(17.5,-3.50000000000001,7.35));
#14189=DIRECTION('',(0.0,0.0,1.0));
#14190=DIRECTION('',(1.0,0.0,0.0));
#14191=DIRECTION('',(0.0,1.0,0.0));
#14192=CARTESIAN_POINT('',(17.5,-3.50000000000001,9.1));
#14193=DIRECTION('',(0.0,0.0,1.0));
#14194=DIRECTION('',(1.0,0.0,0.0));
#14195=DIRECTION('',(0.0,0.0,1.0));
#14196=DIRECTION('',(0.0,0.0,-1.0));
#14197=DIRECTION('',(0.0,-1.0,0.0));
#14198=DIRECTION('',(0.0,0.0,-1.0));
#14199=DIRECTION('',(0.0,-1.0,0.0));
#14200=DIRECTION('',(0.0,0.0,1.0));
#14201=DIRECTION('',(0.0,-1.0,0.0));
#14202=DIRECTION('',(0.0,0.0,1.0));
#14203=DIRECTION('',(0.0,-1.0,0.0));
#14204=DIRECTION('',(0.0,-0.0348994967025011,-0.999390827019096));
#14205=DIRECTION('',(0.0,1.0,0.0));
#14206=DIRECTION('',(0.0,-0.104528463267653,-0.994521895368273));
#14207=DIRECTION('',(0.0,1.0,0.0));
#14208=DIRECTION('',(0.0,1.0,0.0));
#14209=DIRECTION('',(0.0,0.156434465040232,-0.987688340595138));
#14210=DIRECTION('',(0.0,1.0,0.0));
#14211=DIRECTION('',(0.0,0.0,-1.0));
#14212=DIRECTION('',(0.0,1.0,0.0));
#14213=DIRECTION('',(0.0,-0.5,-0.866025403784439));
#14214=DIRECTION('',(0.0,-1.0,0.0));
#14215=DIRECTION('',(0.0,0.0,-1.0));
#14216=DIRECTION('',(0.0,1.0,0.0));
#14217=DIRECTION('',(0.0,0.0,-1.0));
#14218=DIRECTION('',(0.0,-1.0,0.0));
#14219=DIRECTION('',(0.0,0.0,-1.0));
#14220=DIRECTION('',(0.0,1.0,0.0));
#14221=DIRECTION('',(0.0,0.0,-1.0));
#14222=DIRECTION('',(0.0,1.0,0.0));
#14223=DIRECTION('',(0.0,0.0,1.0));
#14224=DIRECTION('',(0.0,1.0,0.0));
#14225=DIRECTION('',(0.0,0.766044443118978,-0.642787609686539));
#14226=DIRECTION('',(1.0,-1.0E-16,0.0));
#14227=DIRECTION('',(-1.0,0.0,0.0));
#14228=DIRECTION('',(0.0,1.0,0.0));
#14229=DIRECTION('',(-1.0,0.0,0.0));
#14230=DIRECTION('',(-1.0,1.0E-16,0.0));
#14231=DIRECTION('',(1.0E-16,1.0,0.0));
#14232=DIRECTION('',(0.258819045102521,0.0,0.965925826289068));
#14233=DIRECTION('',(0.0,0.0,1.0));
#14234=DIRECTION('',(1.0,-1.0E-16,0.0));
#14235=DIRECTION('',(1.0,0.0,0.0));
#14236=DIRECTION('',(0.608120402411342,0.608120402411343,-0.510273605374737));
#14237=DIRECTION('',(0.0,-0.766044443118978,0.642787609686539));
#14238=DIRECTION('',(-1.0,0.0,0.0));
#14239=DIRECTION('',(0.0,-1.0,0.0));
#14240=DIRECTION('',(-1.0,0.0,0.0));
#14241=DIRECTION('',(1.0,0.0,0.0));
#14242=DIRECTION('',(0.0,0.0,1.0));
#14243=DIRECTION('',(1.0,0.0,0.0));
#14244=DIRECTION('',(-1.0,0.0,0.0));
#14245=DIRECTION('',(0.0,-1.0,0.0));
#14246=DIRECTION('',(-1.0,0.0,0.0));
#14247=DIRECTION('',(1.0,0.0,0.0));
#14248=DIRECTION('',(0.0,-1.0,0.0));
#14249=DIRECTION('',(-1.0,0.0,0.0));
#14250=DIRECTION('',(1.0,0.0,0.0));
#14251=DIRECTION('',(0.0,-1.0,0.0));
#14252=DIRECTION('',(1.0,0.0,0.0));
#14253=DIRECTION('',(0.0,0.0,1.0));
#14254=DIRECTION('',(0.0,0.0,-1.0));
#14255=DIRECTION('',(0.0,-0.5,-0.866025403784439));
#14256=DIRECTION('',(-1.0E-16,-1.0,0.0));
#14257=DIRECTION('',(0.0,0.0,-1.0));
#14258=DIRECTION('',(-1.0E-16,-1.0,0.0));
#14259=DIRECTION('',(1.0,-1.0E-16,0.0));
#14260=DIRECTION('',(0.0,0.0,1.0));
#14261=DIRECTION('',(0.0,0.0,-1.0));
#14262=DIRECTION('',(0.0,-0.156434465040232,0.987688340595138));
#14263=DIRECTION('',(0.0,-1.0,0.0));
#14264=DIRECTION('',(1.0,0.0,0.0));
#14265=DIRECTION('',(0.0,0.0,-1.0));
#14266=DIRECTION('',(0.0,0.0,-1.0));
#14267=DIRECTION('',(0.0,-1.0,0.0));
#14268=DIRECTION('',(0.0,0.0,-1.0));
#14269=DIRECTION('',(0.0,-1.0,0.0));
#14270=DIRECTION('',(1.0,0.0,0.0));
#14271=DIRECTION('',(0.0,-1.0,0.0));
#14272=DIRECTION('',(-1.0,1.0E-16,0.0));
#14273=DIRECTION('',(1.0,-1.0E-16,0.0));
#14274=DIRECTION('',(-0.258819045102521,0.0,-0.965925826289068));
#14275=DIRECTION('',(1.0,0.0,0.0));
#14276=DIRECTION('',(0.0,0.104528463267653,0.994521895368273));
#14277=DIRECTION('',(-1.0,0.0,0.0));
#14278=DIRECTION('',(1.0,0.0,0.0));
#14279=DIRECTION('',(-1.0,0.0,0.0));
#14280=DIRECTION('',(0.0,-1.0,0.0));
#14281=DIRECTION('',(0.0,0.0,1.0));
#14282=DIRECTION('',(0.0,0.0,-1.0));
#14283=DIRECTION('',(0.0,0.0,1.0));
#14284=DIRECTION('',(0.0,-1.0,0.0));
#14285=DIRECTION('',(-0.447213595499958,-0.447213595499958,-0.774596669241483));
#14286=DIRECTION('',(-1.0,0.0,0.0));
#14287=DIRECTION('',(-1.0,0.0,0.0));
#14288=DIRECTION('',(0.0,-1.0,0.0));
#14289=DIRECTION('',(0.0,0.0348994967025011,0.999390827019096));
#14290=DIRECTION('',(-1.0,0.0,0.0));
#14291=DIRECTION('',(-1.0,0.0,0.0));
#14292=DIRECTION('',(0.0,-1.0,0.0));
#14293=DIRECTION('',(-1.0,0.0,0.0));
ENDSEC;
END-ISO-10303-21;
