ISO-10303-21;
HEADER;
FILE_DESCRIPTION (( 'STEP AP214' ),
    '1' );
FILE_NAME ('SLLB120300STEP.STEP',
    '2018-01-09T04:39:46',
    ( 'user' ),
    ( '' ),
    'SwSTEP 2.0',
    'SolidWorks 2017',
    '' );
FILE_SCHEMA (( 'AUTOMOTIVE_DESIGN' ));
ENDSEC;

DATA;
#1 = STYLED_ITEM ( 'NONE', ( #5623 ), #3294 ) ;
#2 = DIRECTION ( 'NONE',  ( 0.0000000000000000000, 0.0000000000000000000, -1.000000000000000000 ) ) ;
#3 = CIRCLE ( 'NONE', #3323, 0.5000000000000004400 ) ;
#4 = VERTEX_POINT ( 'NONE', #8440 ) ;
#5 = PRESENTATION_STYLE_ASSIGNMENT (( #4560 ) ) ;
#6 = EDGE_LOOP ( 'NONE', ( #7294, #6417, #1454, #5804 ) ) ;
#7 = SURFACE_SIDE_STYLE ('',( #471 ) ) ;
#8 = CARTESIAN_POINT ( 'NONE',  ( -3.044739489635721200, 29.75052697001985200, -9.765000000000000600 ) ) ;
#9 =( GEOMETRIC_REPRESENTATION_CONTEXT ( 3 ) GLOBAL_UNCERTAINTY_ASSIGNED_CONTEXT ( ( #8833 ) ) GLOBAL_UNIT_ASSIGNED_CONTEXT ( ( #2301, #7747, #3077 ) ) REPRESENTATION_CONTEXT ( 'NONE', 'WORKASPACE' ) );
#10 =( NAMED_UNIT ( * ) PLANE_ANGLE_UNIT ( ) SI_UNIT ( $, .RADIAN. ) );
#11 = LINE ( 'NONE', #8036, #8027 ) ;
#12 = ORIENTED_EDGE ( 'NONE', *, *, #863, .F. ) ;
#13 =( LENGTH_UNIT ( ) NAMED_UNIT ( * ) SI_UNIT ( .MILLI., .METRE. ) );
#14 = SURFACE_STYLE_FILL_AREA ( #8076 ) ;
#15 = FILL_AREA_STYLE_COLOUR ( '', #5464 ) ;
#16 = EDGE_LOOP ( 'NONE', ( #5203, #3870, #2463, #1063, #6478, #9990, #6812, #6860, #6199 ) ) ;
#17 = MECHANICAL_DESIGN_GEOMETRIC_PRESENTATION_REPRESENTATION (  '', ( #9031 ), #511 ) ;
#18 = VECTOR ( 'NONE', #3676, 1000.000000000000000 ) ;
#19 = CARTESIAN_POINT ( 'NONE',  ( 1.000000000527495600, 22.86229349947144100, -13.14000000000000200 ) ) ;
#20 = CARTESIAN_POINT ( 'NONE',  ( 1.500000000524379900, 22.86229349947144100, -13.14000000000000200 ) ) ;
#21 =( NAMED_UNIT ( * ) PLANE_ANGLE_UNIT ( ) SI_UNIT ( $, .RADIAN. ) );
#22 = CARTESIAN_POINT ( 'NONE',  ( 8.262572811170464600, 26.06229349947067300, -10.06128494403050800 ) ) ;
#23 = CARTESIAN_POINT ( 'NONE',  ( 6.602453769200100600, 26.71229338220534900, -12.44000000000000100 ) ) ;
#24 = SURFACE_STYLE_FILL_AREA ( #1819 ) ;
#25 = DIRECTION ( 'NONE',  ( 0.0000000000000000000, 0.0000000000000000000, -1.000000000000000000 ) ) ;
#26 = ORIENTED_EDGE ( 'NONE', *, *, #6680, .T. ) ;
#27 = CARTESIAN_POINT ( 'NONE',  ( 7.244461141309089100, 28.63301727863720800, -11.96500000000000000 ) ) ;
#28 = ORIENTED_EDGE ( 'NONE', *, *, #2149, .T. ) ;
#29 = DIRECTION ( 'NONE',  ( 1.000000000000000000, 0.0000000000000000000, 0.0000000000000000000 ) ) ;
#30 =( GEOMETRIC_REPRESENTATION_CONTEXT ( 3 ) GLOBAL_UNCERTAINTY_ASSIGNED_CONTEXT ( ( #9724 ) ) GLOBAL_UNIT_ASSIGNED_CONTEXT ( ( #8597, #3901, #9400 ) ) REPRESENTATION_CONTEXT ( 'NONE', 'WORKASPACE' ) );
#31 = EDGE_CURVE ( 'NONE', #6871, #6900, #1384, .T. ) ;
#32 = CARTESIAN_POINT ( 'NONE',  ( -4.852453961876661600, 26.46229349947144300, -11.84000000000000200 ) ) ;
#33 = CARTESIAN_POINT ( 'NONE',  ( 0.9999953779657178000, 24.66229349947143800, -10.06500000000000100 ) ) ;
#34 = CARTESIAN_POINT ( 'NONE',  ( -0.6383884198978155800, 31.70912357334581300, -12.13026079899264100 ) ) ;
#35 = ORIENTED_EDGE ( 'NONE', *, *, #285, .F. ) ;
#36 = CARTESIAN_POINT ( 'NONE',  ( -6.062582055238112700, 25.86229349947143800, -9.828797875428929100 ) ) ;
#37 =( NAMED_UNIT ( * ) SI_UNIT ( $, .STERADIAN. ) SOLID_ANGLE_UNIT ( ) );
#38 = UNCERTAINTY_MEASURE_WITH_UNIT (LENGTH_MEASURE( 1.000000000000000100E-005 ), #5957, 'distance_accuracy_value', 'NONE');
#39 = MECHANICAL_DESIGN_GEOMETRIC_PRESENTATION_REPRESENTATION (  '', ( #9052 ), #529 ) ;
#40 = EDGE_CURVE ( 'NONE', #1876, #2790, #5200, .T. ) ;
#41 = ORIENTED_EDGE ( 'NONE', *, *, #7362, .F. ) ;
#42 = CARTESIAN_POINT ( 'NONE',  ( 2.590217405403266500, 31.84248187391380800, -12.01082355467147200 ) ) ;
#43 = CARTESIAN_POINT ( 'NONE',  ( -5.010627677343503400, 28.64096253604369800, -12.15689802343872500 ) ) ;
#44 = VECTOR ( 'NONE', #5472, 1000.000000000000000 ) ;
#45 = CARTESIAN_POINT ( 'NONE',  ( -1.781507630964159300, 29.63542085853180600, -9.765000000000000600 ) ) ;
#46 = COLOUR_RGB ( '',1.000000000000000000, 1.000000000000000000, 1.000000000000000000 ) ;
#47 = SURFACE_STYLE_FILL_AREA ( #10061 ) ;
#48 = ORIENTED_EDGE ( 'NONE', *, *, #1489, .F. ) ;
#49 = DIRECTION ( 'NONE',  ( 0.0000000000000000000, -1.000000000000000000, 0.0000000000000000000 ) ) ;
#50 = ORIENTED_EDGE ( 'NONE', *, *, #6066, .F. ) ;
#51 = ORIENTED_EDGE ( 'NONE', *, *, #5059, .F. ) ;
#52 =( LENGTH_UNIT ( ) NAMED_UNIT ( * ) SI_UNIT ( .MILLI., .METRE. ) );
#53 =( GEOMETRIC_REPRESENTATION_CONTEXT ( 3 ) GLOBAL_UNCERTAINTY_ASSIGNED_CONTEXT ( ( #184 ) ) GLOBAL_UNIT_ASSIGNED_CONTEXT ( ( #2500, #2400, #2533 ) ) REPRESENTATION_CONTEXT ( 'NONE', 'WORKASPACE' ) );
#54 = EDGE_CURVE ( 'NONE', #6320, #5894, #7345, .T. ) ;
#55 = DIRECTION ( 'NONE',  ( 0.0000000000000000000, 0.0000000000000000000, -1.000000000000000000 ) ) ;
#56 = SURFACE_STYLE_FILL_AREA ( #9278 ) ;
#57 = ORIENTED_EDGE ( 'NONE', *, *, #3925, .F. ) ;
#58 = DIRECTION ( 'NONE',  ( -1.000000000000000000, 0.0000000000000000000, 0.0000000000000000000 ) ) ;
#59 = STYLED_ITEM ( 'NONE', ( #7903 ), #6383 ) ;
#60 = CARTESIAN_POINT ( 'NONE',  ( -3.049999999472504900, 20.81229349947144100, -11.84000000000000200 ) ) ;
#61 = AXIS2_PLACEMENT_3D ( 'NONE', #5086, #4318, #3590 ) ;
#62 = CARTESIAN_POINT ( 'NONE',  ( 5.248506561658917500, 30.51878620944269800, -12.12990748463559000 ) ) ;
#63 = MECHANICAL_DESIGN_GEOMETRIC_PRESENTATION_REPRESENTATION (  '', ( #9075 ), #553 ) ;
#64 = FACE_OUTER_BOUND ( 'NONE', #5069, .T. ) ;
#65 = CARTESIAN_POINT ( 'NONE',  ( -3.751034720950811700, 30.14106482288498900, -9.916824990576206000 ) ) ;
#66 = PRESENTATION_STYLE_ASSIGNMENT (( #4294 ) ) ;
#67 = EDGE_LOOP ( 'NONE', ( #2745, #3465, #4414, #9723 ) ) ;
#68 = FILL_AREA_STYLE_COLOUR ( '', #2264 ) ;
#69 = CIRCLE ( 'NONE', #2801, 4.800003769798933300 ) ;
#70 = SURFACE_SIDE_STYLE ('',( #6529 ) ) ;
#71 = DIRECTION ( 'NONE',  ( 0.0000000000000000000, 0.0000000000000000000, -1.000000000000000000 ) ) ;
#72 = ORIENTED_EDGE ( 'NONE', *, *, #2612, .F. ) ;
#73 = DIRECTION ( 'NONE',  ( 1.000000000000000000, 0.0000000000000000000, 0.0000000000000000000 ) ) ;
#74 = SURFACE_STYLE_USAGE ( .BOTH. , #4628 ) ;
#75 = PRESENTATION_LAYER_ASSIGNMENT (  '', '', ( #9084 ) ) ;
#76 = CARTESIAN_POINT ( 'NONE',  ( -3.801147254458476300, 30.29337060985794800, -10.06500000000000100 ) ) ;
#77 = ADVANCED_FACE ( 'NONE', ( #9192 ), #4251, .F. ) ;
#78 = CIRCLE ( 'NONE', #4957, 0.4999999999968842100 ) ;
#79 = PRESENTATION_STYLE_ASSIGNMENT (( #3140 ) ) ;
#80 = CONICAL_SURFACE ( 'NONE', #8266, 0.2999999999968841500, 0.7853981633974460600 ) ;
#81 = SURFACE_STYLE_USAGE ( .BOTH. , #4634 ) ;
#82 = FILL_AREA_STYLE_COLOUR ( '', #6767 ) ;
#83 = SURFACE_STYLE_USAGE ( .BOTH. , #4636 ) ;
#84 = VERTEX_POINT ( 'NONE', #3469 ) ;
#85 = CARTESIAN_POINT ( 'NONE',  ( 4.513760000000032400, 28.36077100000000000, -9.540000000000000900 ) ) ;
#86 = UNCERTAINTY_MEASURE_WITH_UNIT (LENGTH_MEASURE( 1.000000000000000100E-005 ), #1932, 'distance_accuracy_value', 'NONE');
#87 = SURFACE_STYLE_USAGE ( .BOTH. , #4639 ) ;
#88 = SURFACE_STYLE_FILL_AREA ( #3579 ) ;
#89 = FILL_AREA_STYLE_COLOUR ( '', #8943 ) ;
#90 = VERTEX_POINT ( 'NONE', #2921 ) ;
#91 = UNCERTAINTY_MEASURE_WITH_UNIT (LENGTH_MEASURE( 1.000000000000000100E-005 ), #3875, 'distance_accuracy_value', 'NONE');
#92 =( LENGTH_UNIT ( ) NAMED_UNIT ( * ) SI_UNIT ( .MILLI., .METRE. ) );
#93 = STYLED_ITEM ( 'NONE', ( #6981 ), #7867 ) ;
#94 = LINE ( 'NONE', #1373, #1880 ) ;
#95 = VECTOR ( 'NONE', #7223, 1000.000000000000000 ) ;
#96 = FILL_AREA_STYLE ('',( #9394 ) ) ;
#97 =( NAMED_UNIT ( * ) SI_UNIT ( $, .STERADIAN. ) SOLID_ANGLE_UNIT ( ) );
#98 = UNCERTAINTY_MEASURE_WITH_UNIT (LENGTH_MEASURE( 1.000000000000000100E-005 ), #92, 'distance_accuracy_value', 'NONE');
#99 = CARTESIAN_POINT ( 'NONE',  ( 4.513760000000032400, 28.36077100000000000, -12.49000000000000200 ) ) ;
#100 = CARTESIAN_POINT ( 'NONE',  ( 4.535489655280598800, 31.00168195360537700, -9.923589796741454800 ) ) ;
#101 = EDGE_CURVE ( 'NONE', #9487, #2977, #2241, .T. ) ;
#102 = CARTESIAN_POINT ( 'NONE',  ( 0.5500000005274953100, 20.66229349947143800, -12.44000000000000100 ) ) ;
#103 = ORIENTED_EDGE ( 'NONE', *, *, #7920, .T. ) ;
#104 = EDGE_CURVE ( 'NONE', #5017, #7878, #8450, .T. ) ;
#105 = VECTOR ( 'NONE', #7190, 1000.000000000000000 ) ;
#106 = CARTESIAN_POINT ( 'NONE',  ( 4.296242706635802700, 31.28760508069049400, -10.06500000000000300 ) ) ;
#107 = CARTESIAN_POINT ( 'NONE',  ( 1.899995377965719000, 32.10809768706595700, -10.26500000000000200 ) ) ;
#108 = CARTESIAN_POINT ( 'NONE',  ( 1.450000000527496400, 21.96229349947142100, -12.54000000000000300 ) ) ;
#109 = MECHANICAL_DESIGN_GEOMETRIC_PRESENTATION_REPRESENTATION (  '', ( #9115 ), #593 ) ;
#110 = CARTESIAN_POINT ( 'NONE',  ( 5.079095351152888700, 30.83650951518909300, -10.06500000000000100 ) ) ;
#111 = CARTESIAN_POINT ( 'NONE',  ( -3.299999999472504400, 20.96229614966531000, -12.44000000000000100 ) ) ;
#112 = CARTESIAN_POINT ( 'NONE',  ( 4.649389494403681800, 31.09983360287335700, -11.01500000000000200 ) ) ;
#113 = DIRECTION ( 'NONE',  ( -0.0000000000000000000, -0.0000000000000000000, 1.000000000000000000 ) ) ;
#114 = DIRECTION ( 'NONE',  ( 0.0000000000000000000, 0.0000000000000000000, -1.000000000000000000 ) ) ;
#115 = ORIENTED_EDGE ( 'NONE', *, *, #6227, .T. ) ;
#116 = ORIENTED_EDGE ( 'NONE', *, *, #9772, .F. ) ;
#117 = DIRECTION ( 'NONE',  ( 0.0000000000000000000, -1.000000000000000000, 0.0000000000000000000 ) ) ;
#118 = CARTESIAN_POINT ( 'NONE',  ( 3.451918204600853200, 31.57078865555080300, -12.03429533609854800 ) ) ;
#119 = CARTESIAN_POINT ( 'NONE',  ( -4.679677302273174400, 29.33538452847818700, -12.00997035011741700 ) ) ;
#120 = EDGE_CURVE ( 'NONE', #3507, #8477, #438, .T. ) ;
#121 =( NAMED_UNIT ( * ) PLANE_ANGLE_UNIT ( ) SI_UNIT ( $, .RADIAN. ) );
#122 = EDGE_CURVE ( 'NONE', #1962, #1647, #226, .T. ) ;
#123 = VECTOR ( 'NONE', #8143, 1000.000000000000000 ) ;
#124 =( GEOMETRIC_REPRESENTATION_CONTEXT ( 3 ) GLOBAL_UNCERTAINTY_ASSIGNED_CONTEXT ( ( #2931 ) ) GLOBAL_UNIT_ASSIGNED_CONTEXT ( ( #6671, #2039, #2816 ) ) REPRESENTATION_CONTEXT ( 'NONE', 'WORKASPACE' ) );
#125 = AXIS2_PLACEMENT_3D ( 'NONE', #5925, #1321, #6742 ) ;
#126 = CARTESIAN_POINT ( 'NONE',  ( 0.9999953779657178000, 24.66229349947143800, -9.765000000000000600 ) ) ;
#127 = DIRECTION ( 'NONE',  ( 0.0000000000000000000, -0.0000000000000000000, 1.000000000000000000 ) ) ;
#128 = CARTESIAN_POINT ( 'NONE',  ( 5.044461006959227100, 30.68609846939874700, -9.920583063730021000 ) ) ;
#129 = EDGE_CURVE ( 'NONE', #9994, #7640, #2497, .T. ) ;
#130 = COLOUR_RGB ( '',1.000000000000000000, 0.0000000000000000000, 1.000000000000000000 ) ;
#131 = DIRECTION ( 'NONE',  ( 3.942553354492742500E-016, -1.000000000000000000, -0.0000000000000000000 ) ) ;
#132 = PLANE ( 'NONE',  #1574 ) ;
#133 = DIRECTION ( 'NONE',  ( 0.0000000000000000000, 0.0000000000000000000, -1.000000000000000000 ) ) ;
#134 = MECHANICAL_DESIGN_GEOMETRIC_PRESENTATION_REPRESENTATION (  '', ( #8636 ), #625 ) ;
#135 = ORIENTED_EDGE ( 'NONE', *, *, #6193, .T. ) ;
#136 = LINE ( 'NONE', #6516, #5986 ) ;
#137 =( NAMED_UNIT ( * ) PLANE_ANGLE_UNIT ( ) SI_UNIT ( $, .RADIAN. ) );
#138 = SURFACE_STYLE_USAGE ( .BOTH. , #4701 ) ;
#139 = FILL_AREA_STYLE ('',( #3178 ) ) ;
#140 = ORIENTED_EDGE ( 'NONE', *, *, #1958, .T. ) ;
#141 = CARTESIAN_POINT ( 'NONE',  ( -5.500254966267450000, 28.19878122916831500, -11.96500000000000000 ) ) ;
#142 = CARTESIAN_POINT ( 'NONE',  ( 0.9999953779657178000, 24.66229349947143800, -12.26500000000000200 ) ) ;
#143 =( NAMED_UNIT ( * ) SI_UNIT ( $, .STERADIAN. ) SOLID_ANGLE_UNIT ( ) );
#144 = STYLED_ITEM ( 'NONE', ( #2289 ), #3605 ) ;
#145 = CARTESIAN_POINT ( 'NONE',  ( -4.852453961876661600, 26.46229349947144300, -12.54000000000000300 ) ) ;
#146 = VECTOR ( 'NONE', #1178, 1000.000000000000000 ) ;
#147 = CIRCLE ( 'NONE', #7876, 7.400000000000000400 ) ;
#148 =( NAMED_UNIT ( * ) SI_UNIT ( $, .STERADIAN. ) SOLID_ANGLE_UNIT ( ) );
#149 = CARTESIAN_POINT ( 'NONE',  ( -1.549999999472504700, 20.66229349947143800, -12.44000000000000100 ) ) ;
#150 = SURFACE_SIDE_STYLE ('',( #10048 ) ) ;
#151 = VERTEX_POINT ( 'NONE', #7129 ) ;
#152 = SPHERICAL_SURFACE ( 'NONE', #7408, 0.2000000000000000100 ) ;
#153 = ORIENTED_EDGE ( 'NONE', *, *, #7225, .F. ) ;
#154 = SURFACE_STYLE_USAGE ( .BOTH. , #4722 ) ;
#155 =( LENGTH_UNIT ( ) NAMED_UNIT ( * ) SI_UNIT ( .MILLI., .METRE. ) );
#156 = AXIS2_PLACEMENT_3D ( 'NONE', #8913, #4185, #9693 ) ;
#157 = SURFACE_SIDE_STYLE ('',( #5751 ) ) ;
#158 = VERTEX_POINT ( 'NONE', #2169 ) ;
#159 = EDGE_CURVE ( 'NONE', #6231, #1074, #10044, .T. ) ;
#160 = EDGE_CURVE ( 'NONE', #728, #7391, #6090, .T. ) ;
#161 = FILL_AREA_STYLE ('',( #8661 ) ) ;
#162 = AXIS2_PLACEMENT_3D ( 'NONE', #5778, #1183, #6585 ) ;
#163 = VECTOR ( 'NONE', #7671, 1000.000000000000000 ) ;
#164 = LINE ( 'NONE', #540, #8165 ) ;
#165 = FILL_AREA_STYLE_COLOUR ( '', #1875 ) ;
#166 = CARTESIAN_POINT ( 'NONE',  ( 0.5500000005274953100, 20.66229349947143800, -12.54000000000000300 ) ) ;
#167 = VERTEX_POINT ( 'NONE', #6483 ) ;
#168 =( LENGTH_UNIT ( ) NAMED_UNIT ( * ) SI_UNIT ( .MILLI., .METRE. ) );
#169 = STYLED_ITEM ( 'NONE', ( #7121 ), #8606 ) ;
#170 = ORIENTED_EDGE ( 'NONE', *, *, #2653, .F. ) ;
#171 = ORIENTED_EDGE ( 'NONE', *, *, #1277, .T. ) ;
#172 = EDGE_CURVE ( 'NONE', #8534, #5415, #3796, .T. ) ;
#173 = CARTESIAN_POINT ( 'NONE',  ( -0.04999999947250455300, 21.96229349947143900, -12.54000000000000300 ) ) ;
#174 = SURFACE_SIDE_STYLE ('',( #2590 ) ) ;
#175 = CARTESIAN_POINT ( 'NONE',  ( 1.450000000527496400, 20.66229349947143800, -12.54000000000000300 ) ) ;
#176 = CARTESIAN_POINT ( 'NONE',  ( -5.521748413106291100, 27.83342581123062900, -12.11317500942379700 ) ) ;
#177 = CARTESIAN_POINT ( 'NONE',  ( 6.852453769200100600, 25.86229349947144100, -12.54000000000000300 ) ) ;
#178 = FILL_AREA_STYLE_COLOUR ( '', #2518 ) ;
#179 = CARTESIAN_POINT ( 'NONE',  ( -4.932814857292982900, 28.80205859615395500, -9.899309202143230700 ) ) ;
#180 = FACE_OUTER_BOUND ( 'NONE', #6477, .T. ) ;
#181 = VERTEX_POINT ( 'NONE', #7052 ) ;
#182 = FILL_AREA_STYLE_COLOUR ( '', #258 ) ;
#183 = MECHANICAL_DESIGN_GEOMETRIC_PRESENTATION_REPRESENTATION (  '', ( #9196 ), #671 ) ;
#184 = UNCERTAINTY_MEASURE_WITH_UNIT (LENGTH_MEASURE( 1.000000000000000100E-005 ), #2500, 'distance_accuracy_value', 'NONE');
#185 = ORIENTED_EDGE ( 'NONE', *, *, #6831, .F. ) ;
#186 = AXIS2_PLACEMENT_3D ( 'NONE', #3607, #9091, #4360 ) ;
#187 = CARTESIAN_POINT ( 'NONE',  ( 8.254395378002628900, 25.99896261817405500, -11.98851818377347700 ) ) ;
#188 = DIRECTION ( 'NONE',  ( 0.0000000000000000000, -1.000000000000000000, 0.0000000000000000000 ) ) ;
#189 = CARTESIAN_POINT ( 'NONE',  ( 4.535634056024980200, 31.00170609773727300, -12.10631882214887500 ) ) ;
#190 = DIRECTION ( 'NONE',  ( 1.000000000000000000, 0.0000000000000000000, 0.0000000000000000000 ) ) ;
#191 = COLOUR_RGB ( '',0.0000000000000000000, 0.0000000000000000000, 1.000000000000000000 ) ;
#192 = ORIENTED_EDGE ( 'NONE', *, *, #1824, .F. ) ;
#193 = DIRECTION ( 'NONE',  ( 0.0000000000000000000, -0.0000000000000000000, 1.000000000000000000 ) ) ;
#194 = ORIENTED_EDGE ( 'NONE', *, *, #3662, .T. ) ;
#195 = SURFACE_SIDE_STYLE ('',( #2936 ) ) ;
#196 = CARTESIAN_POINT ( 'NONE',  ( 1.923995377965719300, 32.30665246540180400, -11.76500000000000100 ) ) ;
#197 = FACE_OUTER_BOUND ( 'NONE', #899, .T. ) ;
#198 = ORIENTED_EDGE ( 'NONE', *, *, #8294, .T. ) ;
#199 = CARTESIAN_POINT ( 'NONE',  ( 1.899995377965713700, 24.66229349947143800, -11.96500000000000200 ) ) ;
#200 = VERTEX_POINT ( 'NONE', #2615 ) ;
#201 = CARTESIAN_POINT ( 'NONE',  ( 2.950000000527496400, 20.66229349947143800, -11.84000000000000200 ) ) ;
#202 = CARTESIAN_POINT ( 'NONE',  ( 5.300000000527495200, 20.96229614966531000, -12.44000000000000100 ) ) ;
#203 = COLOUR_RGB ( '',1.000000000000000000, 1.000000000000000000, 1.000000000000000000 ) ;
#204 = CARTESIAN_POINT ( 'NONE',  ( -3.082967524543736000, 30.60256375867052000, -9.873101976561278200 ) ) ;
#205 = ORIENTED_EDGE ( 'NONE', *, *, #1290, .T. ) ;
#206 = CARTESIAN_POINT ( 'NONE',  ( 7.393443656959646200, 28.02182319754406900, -9.765000000000000600 ) ) ;
#207 =( NAMED_UNIT ( * ) SI_UNIT ( $, .STERADIAN. ) SOLID_ANGLE_UNIT ( ) );
#208 = DIRECTION ( 'NONE',  ( -1.000000000000000000, 0.0000000000000000000, 0.0000000000000000000 ) ) ;
#209 = PRESENTATION_LAYER_ASSIGNMENT (  '', '', ( #9227 ) ) ;
#210 = DIRECTION ( 'NONE',  ( -1.000000000000000000, 0.0000000000000000000, 0.0000000000000000000 ) ) ;
#211 = CARTESIAN_POINT ( 'NONE',  ( 5.762553782838957700, 30.08166079634811000, -12.15046645495440100 ) ) ;
#212 = DIRECTION ( 'NONE',  ( 6.308083266684436500E-015, -1.000000000000000000, -0.0000000000000000000 ) ) ;
#213 = UNCERTAINTY_MEASURE_WITH_UNIT (LENGTH_MEASURE( 1.000000000000000100E-005 ), #4581, 'distance_accuracy_value', 'NONE');
#214 = PRESENTATION_STYLE_ASSIGNMENT (( #6992 ) ) ;
#215 = CARTESIAN_POINT ( 'NONE',  ( -4.900014469212784700, 25.61229242923305800, -12.49000000000000200 ) ) ;
#216 = FACE_OUTER_BOUND ( 'NONE', #1593, .T. ) ;
#217 =( NAMED_UNIT ( * ) SI_UNIT ( $, .STERADIAN. ) SOLID_ANGLE_UNIT ( ) );
#218 = MECHANICAL_DESIGN_GEOMETRIC_PRESENTATION_REPRESENTATION (  '', ( #8715 ), #707 ) ;
#219 = CARTESIAN_POINT ( 'NONE',  ( -4.636461133416701400, 29.31743731149525800, -12.05480302380071200 ) ) ;
#220 = ORIENTED_EDGE ( 'NONE', *, *, #7283, .T. ) ;
#221 =( NAMED_UNIT ( * ) SI_UNIT ( $, .STERADIAN. ) SOLID_ANGLE_UNIT ( ) );
#222 = ORIENTED_EDGE ( 'NONE', *, *, #2132, .F. ) ;
#223 = COLOUR_RGB ( '',1.000000000000000000, 0.0000000000000000000, 1.000000000000000000 ) ;
#224 = CARTESIAN_POINT ( 'NONE',  ( 0.9999953779657178000, 24.66229349947143800, -12.26500000000000200 ) ) ;
#225 = CARTESIAN_POINT ( 'NONE',  ( -4.067835348010207000, 29.99272999687851300, -12.00997035011741300 ) ) ;
#226 = CIRCLE ( 'NONE', #2484, 7.399999999999999500 ) ;
#227 = PRESENTATION_STYLE_ASSIGNMENT (( #1387 ) ) ;
#228 = MECHANICAL_DESIGN_GEOMETRIC_PRESENTATION_REPRESENTATION (  '', ( #8204 ), #722 ) ;
#229 = DIRECTION ( 'NONE',  ( -7.150856675050581200E-016, -1.000000000000000000, 0.0000000000000000000 ) ) ;
#230 = EDGE_CURVE ( 'NONE', #7529, #5773, #7999, .T. ) ;
#231 = CARTESIAN_POINT ( 'NONE',  ( -5.882792523486611600, 27.38023954448804900, -11.96500000000000200 ) ) ;
#232 = DIRECTION ( 'NONE',  ( 1.000000000000000000, 0.0000000000000000000, 0.0000000000000000000 ) ) ;
#233 = LINE ( 'NONE', #2948, #4060 ) ;
#234 = SURFACE_STYLE_USAGE ( .BOTH. , #266 ) ;
#235 = EDGE_CURVE ( 'NONE', #6605, #1198, #4051, .T. ) ;
#236 = FILL_AREA_STYLE ('',( #6350 ) ) ;
#237 =( GEOMETRIC_REPRESENTATION_CONTEXT ( 3 ) GLOBAL_UNCERTAINTY_ASSIGNED_CONTEXT ( ( #6947 ) ) GLOBAL_UNIT_ASSIGNED_CONTEXT ( ( #4421, #4362, #3825 ) ) REPRESENTATION_CONTEXT ( 'NONE', 'WORKASPACE' ) );
#238 = SURFACE_SIDE_STYLE ('',( #6644 ) ) ;
#239 = VERTEX_POINT ( 'NONE', #4686 ) ;
#240 = SURFACE_STYLE_USAGE ( .BOTH. , #4806 ) ;
#241 = FILL_AREA_STYLE ('',( #3278 ) ) ;
#242 = FACE_OUTER_BOUND ( 'NONE', #6635, .T. ) ;
#243 = FILL_AREA_STYLE ('',( #4748 ) ) ;
#244 = VECTOR ( 'NONE', #3322, 1000.000000000000000 ) ;
#245 = CARTESIAN_POINT ( 'NONE',  ( -5.767384874193031600, 27.27003000461776600, -12.11258825999507300 ) ) ;
#246 = DIRECTION ( 'NONE',  ( 0.0000000000000000000, 0.0000000000000000000, 1.000000000000000000 ) ) ;
#247 = DIRECTION ( 'NONE',  ( -1.000000000000000000, 0.0000000000000000000, 0.0000000000000000000 ) ) ;
#248 =( GEOMETRIC_REPRESENTATION_CONTEXT ( 3 ) GLOBAL_UNCERTAINTY_ASSIGNED_CONTEXT ( ( #4654 ) ) GLOBAL_UNIT_ASSIGNED_CONTEXT ( ( #8448, #8351, #8321 ) ) REPRESENTATION_CONTEXT ( 'NONE', 'WORKASPACE' ) );
#249 = PRESENTATION_STYLE_ASSIGNMENT (( #9651 ) ) ;
#250 = EDGE_CURVE ( 'NONE', #816, #6968, #9570, .T. ) ;
#251 = STYLED_ITEM ( 'NONE', ( #4582 ), #1830 ) ;
#252 = ORIENTED_EDGE ( 'NONE', *, *, #1489, .T. ) ;
#253 = PRESENTATION_LAYER_ASSIGNMENT (  '', '', ( #9792 ) ) ;
#254 = CARTESIAN_POINT ( 'NONE',  ( 7.445398770527862800, 28.16089251056040500, -9.998698514761287000 ) ) ;
#255 = FACE_OUTER_BOUND ( 'NONE', #4751, .T. ) ;
#256 = VERTEX_POINT ( 'NONE', #2985 ) ;
#257 = STYLED_ITEM ( 'NONE', ( #4998 ), #4046 ) ;
#258 = COLOUR_RGB ( '',1.000000000000000000, 0.0000000000000000000, 1.000000000000000000 ) ;
#259 = LINE ( 'NONE', #1731, #8248 ) ;
#260 = ORIENTED_EDGE ( 'NONE', *, *, #9127, .T. ) ;
#261 = EDGE_LOOP ( 'NONE', ( #9648, #2888, #7313, #4069, #3420, #2998, #8093, #2320, #2718 ) ) ;
#262 = CARTESIAN_POINT ( 'NONE',  ( -5.758264113613707400, 27.24454914205192700, -12.13026079899263700 ) ) ;
#263 = ORIENTED_EDGE ( 'NONE', *, *, #2867, .F. ) ;
#264 = CARTESIAN_POINT ( 'NONE',  ( 5.980668775592034700, 29.96062333439278200, -9.936803640182834100 ) ) ;
#265 = MECHANICAL_DESIGN_GEOMETRIC_PRESENTATION_REPRESENTATION (  '', ( #8768 ), #772 ) ;
#266 = SURFACE_SIDE_STYLE ('',( #2196 ) ) ;
#267 = UNCERTAINTY_MEASURE_WITH_UNIT (LENGTH_MEASURE( 1.000000000000000100E-005 ), #2735, 'distance_accuracy_value', 'NONE');
#268 = LINE ( 'NONE', #7404, #8258 ) ;
#269 = UNCERTAINTY_MEASURE_WITH_UNIT (LENGTH_MEASURE( 1.000000000000000100E-005 ), #8170, 'distance_accuracy_value', 'NONE');
#270 = DIRECTION ( 'NONE',  ( 0.0000000000000000000, -0.0000000000000000000, 1.000000000000000000 ) ) ;
#271 = DIRECTION ( 'NONE',  ( -1.000000000000000000, 0.0000000000000000000, 0.0000000000000000000 ) ) ;
#272 = EDGE_LOOP ( 'NONE', ( #8633, #8464, #1945, #602 ) ) ;
#273 = CARTESIAN_POINT ( 'NONE',  ( -5.751739855431325500, 27.18697682911148700, -12.15672070988589800 ) ) ;
#274 = SURFACE_SIDE_STYLE ('',( #1886 ) ) ;
#275 = EDGE_CURVE ( 'NONE', #9133, #3310, #1504, .T. ) ;
#276 = FACE_OUTER_BOUND ( 'NONE', #6293, .T. ) ;
#277 = CARTESIAN_POINT ( 'NONE',  ( -5.020813648329570900, 28.96460202732961200, -10.06500000000000100 ) ) ;
#278 = UNCERTAINTY_MEASURE_WITH_UNIT (LENGTH_MEASURE( 1.000000000000000100E-005 ), #1147, 'distance_accuracy_value', 'NONE');
#279 = DIRECTION ( 'NONE',  ( 1.000000000000000000, -0.0000000000000000000, 0.0000000000000000000 ) ) ;
#280 = ORIENTED_EDGE ( 'NONE', *, *, #6133, .F. ) ;
#281 = ORIENTED_EDGE ( 'NONE', *, *, #7597, .F. ) ;
#282 = ORIENTED_EDGE ( 'NONE', *, *, #8852, .F. ) ;
#283 = PLANE ( 'NONE',  #8109 ) ;
#284 = SURFACE_STYLE_FILL_AREA ( #7449 ) ;
#285 = EDGE_CURVE ( 'NONE', #4741, #181, #5331, .T. ) ;
#286 = ORIENTED_EDGE ( 'NONE', *, *, #736, .T. ) ;
#287 = EDGE_CURVE ( 'NONE', #3879, #385, #3326, .T. ) ;
#288 = ORIENTED_EDGE ( 'NONE', *, *, #2930, .F. ) ;
#289 = CARTESIAN_POINT ( 'NONE',  ( 7.764363825221359100, 27.11896252488510900, -12.16843197017122000 ) ) ;
#290 = MECHANICAL_DESIGN_GEOMETRIC_PRESENTATION_REPRESENTATION (  '', ( #9328 ), #796 ) ;
#291 = VERTEX_POINT ( 'NONE', #4110 ) ;
#292 = DIRECTION ( 'NONE',  ( -0.0000000000000000000, -0.0000000000000000000, 1.000000000000000000 ) ) ;
#293 = PRESENTATION_STYLE_ASSIGNMENT (( #3506 ) ) ;
#294 = FILL_AREA_STYLE_COLOUR ( '', #1221 ) ;
#295 = VECTOR ( 'NONE', #8734, 1000.000000000000000 ) ;
#296 = ORIENTED_EDGE ( 'NONE', *, *, #5046, .F. ) ;
#297 = CARTESIAN_POINT ( 'NONE',  ( -5.522524601812114600, 27.83317007716728100, -9.917411740004928000 ) ) ;
#298 = ORIENTED_EDGE ( 'NONE', *, *, #3003, .T. ) ;
#299 = CARTESIAN_POINT ( 'NONE',  ( -0.6388983195796830200, 31.70856341989367900, -9.899309202143237800 ) ) ;
#300 = DIRECTION ( 'NONE',  ( 0.0000000000000000000, 0.0000000000000000000, -1.000000000000000000 ) ) ;
#301 = EDGE_CURVE ( 'NONE', #909, #3345, #9321, .T. ) ;
#302 = EDGE_CURVE ( 'NONE', #785, #8022, #5083, .T. ) ;
#303 = CARTESIAN_POINT ( 'NONE',  ( 0.9999953779657178000, 24.66229349947143800, -10.06500000000000100 ) ) ;
#304 = CYLINDRICAL_SURFACE ( 'NONE', #8998, 0.4999972125364574600 ) ;
#305 = SURFACE_STYLE_USAGE ( .BOTH. , #9993 ) ;
#306 = MECHANICAL_DESIGN_GEOMETRIC_PRESENTATION_REPRESENTATION (  '', ( #9343 ), #817 ) ;
#307 = AXIS2_PLACEMENT_3D ( 'NONE', #9744, #5002, #433 ) ;
#308 = LINE ( 'NONE', #5539, #4124 ) ;
#309 = DIRECTION ( 'NONE',  ( 0.0000000000000000000, 0.0000000000000000000, -1.000000000000000000 ) ) ;
#310 = DIRECTION ( 'NONE',  ( 0.0000000000000000000, 0.0000000000000000000, -1.000000000000000000 ) ) ;
#311 = CARTESIAN_POINT ( 'NONE',  ( 6.098368797456119600, 30.02574280709370300, -10.06500000000000100 ) ) ;
#312 = EDGE_CURVE ( 'NONE', #6620, #5159, #5599, .T. ) ;
#313 = CARTESIAN_POINT ( 'NONE',  ( -2.275693597237856000, 31.24764696309550500, -12.00993248607590800 ) ) ;
#314 = SURFACE_STYLE_FILL_AREA ( #2370 ) ;
#315 =( NAMED_UNIT ( * ) PLANE_ANGLE_UNIT ( ) SI_UNIT ( $, .RADIAN. ) );
#316 = CONICAL_SURFACE ( 'NONE', #8544, 7.099999999999998800, 0.7853981633974490600 ) ;
#317 = VECTOR ( 'NONE', #9036, 1000.000000000000000 ) ;
#318 = CARTESIAN_POINT ( 'NONE',  ( -1.485406543139491600, 31.45631069358183800, -9.899309202143234300 ) ) ;
#319 = PRESENTATION_LAYER_ASSIGNMENT (  '', '', ( #834 ) ) ;
#320 = ORIENTED_EDGE ( 'NONE', *, *, #9339, .T. ) ;
#321 = PRESENTATION_LAYER_ASSIGNMENT (  '', '', ( #9371 ) ) ;
#322 = VERTEX_POINT ( 'NONE', #4930 ) ;
#323 = FILL_AREA_STYLE ('',( #469 ) ) ;
#324 = PLANE ( 'NONE',  #9413 ) ;
#325 = DIRECTION ( 'NONE',  ( -1.000000000000000000, 0.0000000000000000000, 0.0000000000000000000 ) ) ;
#326 = VECTOR ( 'NONE', #9758, 1000.000000000000100 ) ;
#327 = CARTESIAN_POINT ( 'NONE',  ( -5.754902877439529400, 27.15497780842743600, -12.16492159147831700 ) ) ;
#328 = DIRECTION ( 'NONE',  ( 0.0000000000000000000, 1.000000000000000000, 0.0000000000000000000 ) ) ;
#329 = CARTESIAN_POINT ( 'NONE',  ( 3.451918204597424800, 31.53102283460106000, -9.958229142240691400 ) ) ;
#330 = STYLED_ITEM ( 'NONE', ( #5355 ), #7239 ) ;
#331 = SURFACE_SIDE_STYLE ('',( #7970 ) ) ;
#332 = EDGE_LOOP ( 'NONE', ( #4961, #2243, #1258, #8699 ) ) ;
#333 = CARTESIAN_POINT ( 'NONE',  ( -2.328178836500548700, 31.05629154255991900, -12.15672070988589900 ) ) ;
#334 = EDGE_CURVE ( 'NONE', #4481, #6550, #2838, .T. ) ;
#335 = ORIENTED_EDGE ( 'NONE', *, *, #8929, .F. ) ;
#336 = EDGE_CURVE ( 'NONE', #1809, #1656, #4874, .T. ) ;
#337 = AXIS2_PLACEMENT_3D ( 'NONE', #7887, #925, #993 ) ;
#338 = SURFACE_STYLE_USAGE ( .BOTH. , #4915 ) ;
#339 = CARTESIAN_POINT ( 'NONE',  ( 7.020804404261006000, 28.96460202732961200, -11.96500000000000200 ) ) ;
#340 = SURFACE_SIDE_STYLE ('',( #9587 ) ) ;
#341 = VECTOR ( 'NONE', #1075, 1000.000000000000000 ) ;
#342 = PRESENTATION_LAYER_ASSIGNMENT (  '', '', ( #875 ) ) ;
#343 = FILL_AREA_STYLE ('',( #7254 ) ) ;
#344 = ORIENTED_EDGE ( 'NONE', *, *, #7762, .T. ) ;
#345 = EDGE_CURVE ( 'NONE', #8897, #5236, #8827, .T. ) ;
#346 = FILL_AREA_STYLE ('',( #5669 ) ) ;
#347 = DIRECTION ( 'NONE',  ( -1.000000000000000000, 0.0000000000000000000, 0.0000000000000000000 ) ) ;
#348 = FILL_AREA_STYLE_COLOUR ( '', #9771 ) ;
#349 = MECHANICAL_DESIGN_GEOMETRIC_PRESENTATION_REPRESENTATION (  '', ( #8872 ), #885 ) ;
#350 = ORIENTED_EDGE ( 'NONE', *, *, #2184, .T. ) ;
#351 = DIRECTION ( 'NONE',  ( 1.000000000000000000, 0.0000000000000000000, 0.0000000000000000000 ) ) ;
#352 = FILL_AREA_STYLE_COLOUR ( '', #7613 ) ;
#353 = COLOUR_RGB ( '',0.0000000000000000000, 0.0000000000000000000, 1.000000000000000000 ) ;
#354 = ORIENTED_EDGE ( 'NONE', *, *, #3525, .T. ) ;
#355 = CARTESIAN_POINT ( 'NONE',  ( -4.852453961876661600, 26.46229349947144300, -12.54000000000000300 ) ) ;
#356 = ORIENTED_EDGE ( 'NONE', *, *, #9652, .F. ) ;
#357 =( GEOMETRIC_REPRESENTATION_CONTEXT ( 3 ) GLOBAL_UNCERTAINTY_ASSIGNED_CONTEXT ( ( #1937 ) ) GLOBAL_UNIT_ASSIGNED_CONTEXT ( ( #2605, #8016, #8166 ) ) REPRESENTATION_CONTEXT ( 'NONE', 'WORKASPACE' ) );
#358 = EDGE_CURVE ( 'NONE', #9181, #432, #6713, .T. ) ;
#359 = SPHERICAL_SURFACE ( 'NONE', #7859, 0.2000000000000000100 ) ;
#360 = SURFACE_STYLE_USAGE ( .BOTH. , #4939 ) ;
#361 =( NAMED_UNIT ( * ) PLANE_ANGLE_UNIT ( ) SI_UNIT ( $, .RADIAN. ) );
#362 = VECTOR ( 'NONE', #3627, 1000.000000000000000 ) ;
#363 = PRESENTATION_LAYER_ASSIGNMENT (  '', '', ( #9433 ) ) ;
#364 = MECHANICAL_DESIGN_GEOMETRIC_PRESENTATION_REPRESENTATION (  '', ( #8893 ), #903 ) ;
#365 = CARTESIAN_POINT ( 'NONE',  ( -3.299999999472504400, 21.76229614966530700, -12.44000000000000100 ) ) ;
#366 = ORIENTED_EDGE ( 'NONE', *, *, #2184, .F. ) ;
#367 = AXIS2_PLACEMENT_3D ( 'NONE', #2544, #2512, #2478 ) ;
#368 = ORIENTED_EDGE ( 'NONE', *, *, #9614, .F. ) ;
#369 = UNCERTAINTY_MEASURE_WITH_UNIT (LENGTH_MEASURE( 1.000000000000000100E-005 ), #7145, 'distance_accuracy_value', 'NONE');
#370 = SURFACE_SIDE_STYLE ('',( #1466 ) ) ;
#371 = VECTOR ( 'NONE', #1540, 1000.000000000000000 ) ;
#372 = UNCERTAINTY_MEASURE_WITH_UNIT (LENGTH_MEASURE( 1.000000000000000100E-005 ), #8718, 'distance_accuracy_value', 'NONE');
#373 =( GEOMETRIC_REPRESENTATION_CONTEXT ( 3 ) GLOBAL_UNCERTAINTY_ASSIGNED_CONTEXT ( ( #1269 ) ) GLOBAL_UNIT_ASSIGNED_CONTEXT ( ( #7833, #3150, #8604 ) ) REPRESENTATION_CONTEXT ( 'NONE', 'WORKASPACE' ) );
#374 = DIRECTION ( 'NONE',  ( 0.0000000000000000000, 0.0000000000000000000, -1.000000000000000000 ) ) ;
#375 = ORIENTED_EDGE ( 'NONE', *, *, #5602, .F. ) ;
#376 = DIRECTION ( 'NONE',  ( 1.000000000000000000, 0.0000000000000000000, 0.0000000000000000000 ) ) ;
#377 = ORIENTED_EDGE ( 'NONE', *, *, #5852, .T. ) ;
#378 = STYLED_ITEM ( 'NONE', ( #7006 ), #6731 ) ;
#379 = LINE ( 'NONE', #6690, #4419 ) ;
#380 =( NAMED_UNIT ( * ) PLANE_ANGLE_UNIT ( ) SI_UNIT ( $, .RADIAN. ) );
#381 = ORIENTED_EDGE ( 'NONE', *, *, #1622, .T. ) ;
#382 = CARTESIAN_POINT ( 'NONE',  ( -2.449999999472502600, 20.96229349947143900, -11.99000000000000200 ) ) ;
#383 = ORIENTED_EDGE ( 'NONE', *, *, #9979, .F. ) ;
#384 = DIRECTION ( 'NONE',  ( -0.0000000000000000000, 0.0000000000000000000, 1.000000000000000000 ) ) ;
#385 = VERTEX_POINT ( 'NONE', #5231 ) ;
#386 = EDGE_LOOP ( 'NONE', ( #2669, #9867, #8899, #5043 ) ) ;
#387 = SURFACE_SIDE_STYLE ('',( #518 ) ) ;
#388 = SURFACE_STYLE_USAGE ( .BOTH. , #4971 ) ;
#389 = PRESENTATION_STYLE_ASSIGNMENT (( #9088 ) ) ;
#390 = SURFACE_STYLE_FILL_AREA ( #5262 ) ;
#391 = ORIENTED_EDGE ( 'NONE', *, *, #8325, .F. ) ;
#392 = PLANE ( 'NONE',  #6044 ) ;
#393 = ORIENTED_EDGE ( 'NONE', *, *, #9887, .T. ) ;
#394 = PRESENTATION_LAYER_ASSIGNMENT (  '', '', ( #9462 ) ) ;
#395 = ORIENTED_EDGE ( 'NONE', *, *, #5728, .F. ) ;
#396 = ORIENTED_EDGE ( 'NONE', *, *, #1304, .F. ) ;
#397 = SURFACE_STYLE_USAGE ( .BOTH. , #4978 ) ;
#398 = SURFACE_STYLE_FILL_AREA ( #343 ) ;
#399 = VECTOR ( 'NONE', #2570, 1000.000000000000000 ) ;
#400 = ORIENTED_EDGE ( 'NONE', *, *, #40, .F. ) ;
#401 = EDGE_CURVE ( 'NONE', #1725, #5215, #4614, .T. ) ;
#402 = DIRECTION ( 'NONE',  ( 0.0000000000000000000, 0.0000000000000000000, -1.000000000000000000 ) ) ;
#403 =( GEOMETRIC_REPRESENTATION_CONTEXT ( 3 ) GLOBAL_UNCERTAINTY_ASSIGNED_CONTEXT ( ( #2281 ) ) GLOBAL_UNIT_ASSIGNED_CONTEXT ( ( #168, #8905, #8217 ) ) REPRESENTATION_CONTEXT ( 'NONE', 'WORKASPACE' ) );
#404 = VERTEX_POINT ( 'NONE', #5650 ) ;
#405 = SURFACE_SIDE_STYLE ('',( #839 ) ) ;
#406 = CARTESIAN_POINT ( 'NONE',  ( 0.9999953779657178000, 24.66229349947143800, -10.06500000000000100 ) ) ;
#407 = CARTESIAN_POINT ( 'NONE',  ( -5.134882658941599200, 28.80032098515495100, -9.765000000000000600 ) ) ;
#408 = ORIENTED_EDGE ( 'NONE', *, *, #4090, .F. ) ;
#409 = FILL_AREA_STYLE_COLOUR ( '', #2252 ) ;
#410 = STYLED_ITEM ( 'NONE', ( #7132 ), #77 ) ;
#411 = VERTEX_POINT ( 'NONE', #5680 ) ;
#412 = EDGE_CURVE ( 'NONE', #9951, #1015, #690, .T. ) ;
#413 = CARTESIAN_POINT ( 'NONE',  ( -5.776353041658658100, 27.09560122040212000, -12.16507722591731500 ) ) ;
#414 = AXIS2_PLACEMENT_3D ( 'NONE', #5119, #5253, #6073 ) ;
#415 = MECHANICAL_DESIGN_GEOMETRIC_PRESENTATION_REPRESENTATION (  '', ( #8947 ), #963 ) ;
#416 = VERTEX_POINT ( 'NONE', #6309 ) ;
#417 = PRESENTATION_LAYER_ASSIGNMENT (  '', '', ( #9491 ) ) ;
#418 = AXIS2_PLACEMENT_3D ( 'NONE', #9368, #4626, #73 ) ;
#419 = DIRECTION ( 'NONE',  ( 0.0000000000000000000, -1.000000000000000000, 0.0000000000000000000 ) ) ;
#420 = CARTESIAN_POINT ( 'NONE',  ( -1.549999999472504700, 20.66229349947143800, -11.84000000000000200 ) ) ;
#421 = CARTESIAN_POINT ( 'NONE',  ( -3.602453961876661100, 25.86229349947144100, -12.54000000000000300 ) ) ;
#422 = EDGE_CURVE ( 'NONE', #3757, #9362, #2602, .T. ) ;
#423 = DIRECTION ( 'NONE',  ( 1.000000000000000000, 0.0000000000000000000, 0.0000000000000000000 ) ) ;
#424 = CARTESIAN_POINT ( 'NONE',  ( 6.852453769200100600, 26.46229349947144300, -12.44000000000000100 ) ) ;
#425 = CIRCLE ( 'NONE', #3238, 7.399999999999999500 ) ;
#426 = UNCERTAINTY_MEASURE_WITH_UNIT (LENGTH_MEASURE( 1.000000000000000100E-005 ), #921, 'distance_accuracy_value', 'NONE');
#427 = DIRECTION ( 'NONE',  ( 0.0000000000000000000, -0.0000000000000000000, 1.000000000000000000 ) ) ;
#428 = ORIENTED_EDGE ( 'NONE', *, *, #3302, .T. ) ;
#429 = PRESENTATION_STYLE_ASSIGNMENT (( #7136 ) ) ;
#430 = STYLED_ITEM ( 'NONE', ( #7295 ), #4974 ) ;
#431 = ORIENTED_EDGE ( 'NONE', *, *, #2082, .T. ) ;
#432 = VERTEX_POINT ( 'NONE', #5744 ) ;
#433 = DIRECTION ( 'NONE',  ( -1.000000000000000000, 0.0000000000000000000, 0.0000000000000000000 ) ) ;
#434 = PRESENTATION_STYLE_ASSIGNMENT (( #9040 ) ) ;
#435 = MECHANICAL_DESIGN_GEOMETRIC_PRESENTATION_REPRESENTATION (  '', ( #8965 ), #982 ) ;
#436 =( LENGTH_UNIT ( ) NAMED_UNIT ( * ) SI_UNIT ( .MILLI., .METRE. ) );
#437 = DIRECTION ( 'NONE',  ( 0.0000000000000000000, 0.0000000000000000000, -1.000000000000000000 ) ) ;
#438 = LINE ( 'NONE', #2071, #8218 ) ;
#439 = VERTEX_POINT ( 'NONE', #6413 ) ;
#440 = CARTESIAN_POINT ( 'NONE',  ( -3.049999999472504400, 21.96229349947143600, -12.44000000000000100 ) ) ;
#441 = FILL_AREA_STYLE_COLOUR ( '', #2817 ) ;
#442 = CARTESIAN_POINT ( 'NONE',  ( 5.044461006947098100, 30.72401862723171500, -9.952126576952773400 ) ) ;
#443 = DIRECTION ( 'NONE',  ( -1.000000000000000000, 0.0000000000000000000, 0.0000000000000000000 ) ) ;
#444 = LINE ( 'NONE', #9950, #8462 ) ;
#445 = SURFACE_STYLE_USAGE ( .BOTH. , #5018 ) ;
#446 = CARTESIAN_POINT ( 'NONE',  ( 2.950000000527496000, 20.81229349947144100, -12.44000000000000100 ) ) ;
#447 = CARTESIAN_POINT ( 'NONE',  ( 0.09999537796571880700, 32.10809768706595700, -10.26500000000000200 ) ) ;
#448 = ORIENTED_EDGE ( 'NONE', *, *, #601, .T. ) ;
#449 = MECHANICAL_DESIGN_GEOMETRIC_PRESENTATION_REPRESENTATION (  '', ( #9523 ), #998 ) ;
#450 = PRESENTATION_STYLE_ASSIGNMENT (( #10012 ) ) ;
#451 = CARTESIAN_POINT ( 'NONE',  ( 2.050000000527496100, 21.96229349947142100, -12.44000000000000100 ) ) ;
#452 = VECTOR ( 'NONE', #2697, 1000.000000000000000 ) ;
#453 = FACE_OUTER_BOUND ( 'NONE', #5319, .T. ) ;
#454 = CARTESIAN_POINT ( 'NONE',  ( -4.602453961876664200, 26.71229279551774700, -12.44000000000000100 ) ) ;
#455 = EDGE_CURVE ( 'NONE', #4952, #2788, #2369, .T. ) ;
#456 = LINE ( 'NONE', #9578, #6112 ) ;
#457 = ADVANCED_FACE ( 'NONE', ( #6469 ), #5463, .F. ) ;
#458 = EDGE_CURVE ( 'NONE', #2198, #4574, #7945, .T. ) ;
#459 = STYLED_ITEM ( 'NONE', ( #8779 ), #2213 ) ;
#460 = FILL_AREA_STYLE_COLOUR ( '', #3561 ) ;
#461 = LINE ( 'NONE', #2373, #4267 ) ;
#462 = PRESENTATION_STYLE_ASSIGNMENT (( #2476 ) ) ;
#463 = CARTESIAN_POINT ( 'NONE',  ( 7.028097167392066200, 28.62733795255661600, -9.880172316711920600 ) ) ;
#464 = ORIENTED_EDGE ( 'NONE', *, *, #7289, .F. ) ;
#465 = DIRECTION ( 'NONE',  ( 1.000000000000000000, 0.0000000000000000000, 0.0000000000000000000 ) ) ;
#466 = ORIENTED_EDGE ( 'NONE', *, *, #8627, .F. ) ;
#467 = COLOUR_RGB ( '',0.0000000000000000000, 0.0000000000000000000, 1.000000000000000000 ) ;
#468 = EDGE_CURVE ( 'NONE', #4574, #5894, #1244, .T. ) ;
#469 = FILL_AREA_STYLE_COLOUR ( '', #191 ) ;
#470 = VECTOR ( 'NONE', #8697, 1000.000000000000000 ) ;
#471 = SURFACE_STYLE_FILL_AREA ( #6922 ) ;
#472 = COLOUR_RGB ( '',1.000000000000000000, 0.0000000000000000000, 1.000000000000000000 ) ;
#473 = AXIS2_PLACEMENT_3D ( 'NONE', #5404, #6372, #4917 ) ;
#474 =( NAMED_UNIT ( * ) SI_UNIT ( $, .STERADIAN. ) SOLID_ANGLE_UNIT ( ) );
#475 = EDGE_LOOP ( 'NONE', ( #9425, #9881, #9256, #2308, #4818 ) ) ;
#476 = CARTESIAN_POINT ( 'NONE',  ( 4.513760000000032400, 28.36077100000000000, -12.49000000000000200 ) ) ;
#477 = SURFACE_SIDE_STYLE ('',( #9582 ) ) ;
#478 = ORIENTED_EDGE ( 'NONE', *, *, #2395, .T. ) ;
#479 = CARTESIAN_POINT ( 'NONE',  ( -4.602453961876664200, 26.46229349947144300, -12.44000000000000100 ) ) ;
#480 = AXIS2_PLACEMENT_3D ( 'NONE', #7791, #3110, #8574 ) ;
#481 = CARTESIAN_POINT ( 'NONE',  ( 0.9999953779657178000, 24.66229349947143800, -10.26500000000000200 ) ) ;
#482 = CARTESIAN_POINT ( 'NONE',  ( -4.852453961876661600, 25.86229349947144100, -11.84000000000000200 ) ) ;
#483 = UNCERTAINTY_MEASURE_WITH_UNIT (LENGTH_MEASURE( 1.000000000000000100E-005 ), #1455, 'distance_accuracy_value', 'NONE');
#484 = COLOUR_RGB ( '',1.000000000000000000, 0.0000000000000000000, 1.000000000000000000 ) ;
#485 = DIRECTION ( 'NONE',  ( 0.0000000000000000000, -0.0000000000000000000, 1.000000000000000000 ) ) ;
#486 = PLANE ( 'NONE',  #9627 ) ;
#487 = CARTESIAN_POINT ( 'NONE',  ( 0.9999953779657178000, 24.66229349947143800, -10.06500000000000100 ) ) ;
#488 = ORIENTED_EDGE ( 'NONE', *, *, #5658, .T. ) ;
#489 = COLOUR_RGB ( '',1.000000000000000000, 0.0000000000000000000, 1.000000000000000000 ) ;
#490 = UNCERTAINTY_MEASURE_WITH_UNIT (LENGTH_MEASURE( 1.000000000000000100E-005 ), #6349, 'distance_accuracy_value', 'NONE');
#491 = DIRECTION ( 'NONE',  ( -1.000000000000000000, 0.0000000000000000000, 0.0000000000000000000 ) ) ;
#492 = LINE ( 'NONE', #166, #4300 ) ;
#493 = CARTESIAN_POINT ( 'NONE',  ( -2.513759998929610000, 28.36077100000000000, -9.540000000000000900 ) ) ;
#494 = CIRCLE ( 'NONE', #7054, 7.500000000000000900 ) ;
#495 = AXIS2_PLACEMENT_3D ( 'NONE', #6468, #5663, #4919 ) ;
#496 = DIRECTION ( 'NONE',  ( 0.0000000000000000000, 0.0000000000000000000, -1.000000000000000000 ) ) ;
#497 = EDGE_LOOP ( 'NONE', ( #5414, #6296, #6918, #7531 ) ) ;
#498 = ORIENTED_EDGE ( 'NONE', *, *, #287, .T. ) ;
#499 =( NAMED_UNIT ( * ) PLANE_ANGLE_UNIT ( ) SI_UNIT ( $, .RADIAN. ) );
#500 = VECTOR ( 'NONE', #9931, 1000.000000000000000 ) ;
#501 = ORIENTED_EDGE ( 'NONE', *, *, #8940, .T. ) ;
#502 = DIRECTION ( 'NONE',  ( 0.0000000000000000000, 0.0000000000000000000, -1.000000000000000000 ) ) ;
#503 = PRESENTATION_STYLE_ASSIGNMENT (( #2866 ) ) ;
#504 = AXIS2_PLACEMENT_3D ( 'NONE', #6333, #1717, #7160 ) ;
#505 = VECTOR ( 'NONE', #9167, 1000.000000000000000 ) ;
#506 = ADVANCED_FACE ( 'NONE', ( #9680 ), #8698, .T. ) ;
#507 = ORIENTED_EDGE ( 'NONE', *, *, #3512, .T. ) ;
#508 = VERTEX_POINT ( 'NONE', #8034 ) ;
#509 = ORIENTED_EDGE ( 'NONE', *, *, #312, .T. ) ;
#510 = FILL_AREA_STYLE_COLOUR ( '', #2621 ) ;
#511 =( GEOMETRIC_REPRESENTATION_CONTEXT ( 3 ) GLOBAL_UNCERTAINTY_ASSIGNED_CONTEXT ( ( #6031 ) ) GLOBAL_UNIT_ASSIGNED_CONTEXT ( ( #2267, #7718, #3049 ) ) REPRESENTATION_CONTEXT ( 'NONE', 'WORKASPACE' ) );
#512 = SURFACE_STYLE_FILL_AREA ( #2746 ) ;
#513 = CARTESIAN_POINT ( 'NONE',  ( 4.513760000000032400, 28.36077100000000000, -9.540000000000000900 ) ) ;
#514 = CARTESIAN_POINT ( 'NONE',  ( 0.9999953779657178000, 24.66229349947143800, -10.06500000000000100 ) ) ;
#515 = VECTOR ( 'NONE', #9628, 1000.000000000000000 ) ;
#516 = VERTEX_POINT ( 'NONE', #7988 ) ;
#517 = CARTESIAN_POINT ( 'NONE',  ( 2.050000000527496100, 20.66229349947143800, -12.54000000000000300 ) ) ;
#518 = SURFACE_STYLE_FILL_AREA ( #9701 ) ;
#519 =( LENGTH_UNIT ( ) NAMED_UNIT ( * ) SI_UNIT ( .MILLI., .METRE. ) );
#520 = PLANE ( 'NONE',  #6323 ) ;
#521 = EDGE_LOOP ( 'NONE', ( #41, #7581, #2783, #1767 ) ) ;
#522 = EDGE_CURVE ( 'NONE', #7208, #7551, #6839, .T. ) ;
#523 = DIRECTION ( 'NONE',  ( 0.0000000000000000000, 1.000000000000000000, 0.0000000000000000000 ) ) ;
#524 = CARTESIAN_POINT ( 'NONE',  ( 6.934873414873007600, 28.80032098515499000, -12.12994306966164600 ) ) ;
#525 = CARTESIAN_POINT ( 'NONE',  ( 1.899995377965719000, 32.10809768706595700, -11.76500000000000100 ) ) ;
#526 = DIRECTION ( 'NONE',  ( 0.0000000000000000000, -0.0000000000000000000, 1.000000000000000000 ) ) ;
#527 = VECTOR ( 'NONE', #3074, 1000.000000000000000 ) ;
#528 = PLANE ( 'NONE',  #125 ) ;
#529 =( GEOMETRIC_REPRESENTATION_CONTEXT ( 3 ) GLOBAL_UNCERTAINTY_ASSIGNED_CONTEXT ( ( #1753 ) ) GLOBAL_UNIT_ASSIGNED_CONTEXT ( ( #946, #6317, #1700 ) ) REPRESENTATION_CONTEXT ( 'NONE', 'WORKASPACE' ) );
#530 = EDGE_CURVE ( 'NONE', #537, #8315, #939, .T. ) ;
#531 = CIRCLE ( 'NONE', #6823, 0.1999999999999970400 ) ;
#532 = COLOUR_RGB ( '',1.000000000000000000, 0.0000000000000000000, 1.000000000000000000 ) ;
#533 = DIRECTION ( 'NONE',  ( 1.000000000000000000, 0.0000000000000000000, 0.0000000000000000000 ) ) ;
#534 = CARTESIAN_POINT ( 'NONE',  ( 5.300000000527495200, 20.96229614966531000, -12.44000000000000100 ) ) ;
#535 = VECTOR ( 'NONE', #6653, 1000.000000000000000 ) ;
#536 = CARTESIAN_POINT ( 'NONE',  ( 3.550000000527496100, 20.66229349947143800, -12.44000000000000100 ) ) ;
#537 = VERTEX_POINT ( 'NONE', #8004 ) ;
#538 = CARTESIAN_POINT ( 'NONE',  ( -4.900014469212784700, 25.61229242923305800, -12.49000000000000200 ) ) ;
#539 = EDGE_CURVE ( 'NONE', #7261, #7808, #6580, .T. ) ;
#540 = CARTESIAN_POINT ( 'NONE',  ( 4.450000000527496400, 21.76229614966530700, -12.44000000000000100 ) ) ;
#541 = VECTOR ( 'NONE', #4022, 1000.000000000000000 ) ;
#542 = ORIENTED_EDGE ( 'NONE', *, *, #6303, .T. ) ;
#543 = DIRECTION ( 'NONE',  ( -1.000000000000000000, 0.0000000000000000000, 0.0000000000000000000 ) ) ;
#544 = UNCERTAINTY_MEASURE_WITH_UNIT (LENGTH_MEASURE( 1.000000000000000100E-005 ), #7714, 'distance_accuracy_value', 'NONE');
#545 = CARTESIAN_POINT ( 'NONE',  ( 2.590217405403262100, 31.80096917586751500, -12.05135412857322100 ) ) ;
#546 =( NAMED_UNIT ( * ) SI_UNIT ( $, .STERADIAN. ) SOLID_ANGLE_UNIT ( ) );
#547 = B_SPLINE_CURVE_WITH_KNOTS ( 'NONE', 3,
 ( #1757, #128, #1654, #7205, #2523, #7998, #3296, #8759, #4063, #9552 ),
 .UNSPECIFIED., .F., .F.,
 ( 4, 2, 2, 2, 4 ),
 ( 0.0001634425551870904400, 0.0003105402440045705500, 0.0004576379328220506600, 0.0006047356216395307700, 0.0007518333104570109400 ),
 .UNSPECIFIED. ) ;
#548 = AXIS2_PLACEMENT_3D ( 'NONE', #3932, #1323, #6744 ) ;
#549 = PRESENTATION_LAYER_ASSIGNMENT (  '', '', ( #9071 ) ) ;
#550 = CARTESIAN_POINT ( 'NONE',  ( 4.450000000527496400, 20.81229349947144100, -11.99000000000000200 ) ) ;
#551 = CARTESIAN_POINT ( 'NONE',  ( -5.997861436802642400, 25.86229349947143800, -12.26500000000000200 ) ) ;
#552 = DIRECTION ( 'NONE',  ( 0.0000000000000000000, 0.0000000000000000000, -1.000000000000000000 ) ) ;
#553 =( GEOMETRIC_REPRESENTATION_CONTEXT ( 3 ) GLOBAL_UNCERTAINTY_ASSIGNED_CONTEXT ( ( #1528 ) ) GLOBAL_UNIT_ASSIGNED_CONTEXT ( ( #6719, #6688, #6647 ) ) REPRESENTATION_CONTEXT ( 'NONE', 'WORKASPACE' ) );
#554 = VECTOR ( 'NONE', #5536, 1000.000000000000000 ) ;
#555 = VECTOR ( 'NONE', #4473, 1000.000000000000000 ) ;
#556 = ORIENTED_EDGE ( 'NONE', *, *, #5101, .F. ) ;
#557 = ADVANCED_FACE ( 'NONE', ( #2487, #8942 ), #7417, .F. ) ;
#558 = CARTESIAN_POINT ( 'NONE',  ( 5.602453769200100600, 26.46229349947144300, -12.54000000000000300 ) ) ;
#559 = CYLINDRICAL_SURFACE ( 'NONE', #8791, 0.1999999999999996500 ) ;
#561 = DIRECTION ( 'NONE',  ( -1.000000000000000000, 0.0000000000000000000, 0.0000000000000000000 ) ) ;
#560 = CARTESIAN_POINT ( 'NONE',  ( -4.560858410320323100, 29.31698224957860400, -12.11317500942379900 ) ) ;
#562 = MECHANICAL_DESIGN_GEOMETRIC_PRESENTATION_REPRESENTATION (  '', ( #9084 ), #1089 ) ;
#563 = UNCERTAINTY_MEASURE_WITH_UNIT (LENGTH_MEASURE( 1.000000000000000100E-005 ), #6512, 'distance_accuracy_value', 'NONE');
#564 = DIRECTION ( 'NONE',  ( -5.782411586589359600E-015, -1.000000000000000000, 0.0000000000000000000 ) ) ;
#565 = EDGE_LOOP ( 'NONE', ( #1856, #2461, #2577, #2809 ) ) ;
#566 = ORIENTED_EDGE ( 'NONE', *, *, #3410, .T. ) ;
#567 = PRESENTATION_STYLE_ASSIGNMENT (( #6849 ) ) ;
#568 = PRESENTATION_STYLE_ASSIGNMENT (( #4512 ) ) ;
#569 = SURFACE_STYLE_FILL_AREA ( #1264 ) ;
#570 = CARTESIAN_POINT ( 'NONE',  ( 2.595522137056014900, 31.88823941409236400, -11.01500000000000200 ) ) ;
#571 = DIRECTION ( 'NONE',  ( 0.0000000000000000000, -0.0000000000000000000, 1.000000000000000000 ) ) ;
#572 = ORIENTED_EDGE ( 'NONE', *, *, #4531, .F. ) ;
#573 = DIRECTION ( 'NONE',  ( -1.000000000000000000, 0.0000000000000000000, 0.0000000000000000000 ) ) ;
#574 = DIRECTION ( 'NONE',  ( 0.0000000000000000000, 0.0000000000000000000, 1.000000000000000000 ) ) ;
#575 = LINE ( 'NONE', #5612, #6495 ) ;
#576 = COLOUR_RGB ( '',1.000000000000000000, 0.0000000000000000000, 1.000000000000000000 ) ;
#577 = CARTESIAN_POINT ( 'NONE',  ( 2.950000000527496400, 20.66229349947143800, -12.44000000000000100 ) ) ;
#578 = EDGE_LOOP ( 'NONE', ( #1079, #980, #3991, #8580, #7506, #2760, #6668, #3188, #6769 ) ) ;
#579 = DIRECTION ( 'NONE',  ( -0.0000000000000000000, 0.0000000000000000000, 1.000000000000000000 ) ) ;
#580 = CARTESIAN_POINT ( 'NONE',  ( 1.000000000527495600, 26.86229349947144100, -12.94000000000000000 ) ) ;
#581 = AXIS2_PLACEMENT_3D ( 'NONE', #6284, #1674, #7122 ) ;
#582 = VECTOR ( 'NONE', #2848, 1000.000000000000000 ) ;
#583 = CARTESIAN_POINT ( 'NONE',  ( 8.262572811171180500, 26.07510408915828400, -11.96629021353799900 ) ) ;
#584 = FILL_AREA_STYLE_COLOUR ( '', #8824 ) ;
#585 = DIRECTION ( 'NONE',  ( 0.0000000000000000000, 0.0000000000000000000, -1.000000000000000000 ) ) ;
#586 = DIRECTION ( 'NONE',  ( -0.9396926207859089800, -0.3420201433256674400, 0.0000000000000000000 ) ) ;
#587 = COLOUR_RGB ( '',0.0000000000000000000, 0.0000000000000000000, 1.000000000000000000 ) ;
#588 = EDGE_CURVE ( 'NONE', #8134, #2841, #3786, .T. ) ;
#589 = CYLINDRICAL_SURFACE ( 'NONE', #2047, 5.899999122561759200 ) ;
#590 = VECTOR ( 'NONE', #4666, 1000.000000000000000 ) ;
#591 = VERTEX_POINT ( 'NONE', #2575 ) ;
#592 = EDGE_CURVE ( 'NONE', #1190, #6656, #9787, .T. ) ;
#593 =( GEOMETRIC_REPRESENTATION_CONTEXT ( 3 ) GLOBAL_UNCERTAINTY_ASSIGNED_CONTEXT ( ( #7711 ) ) GLOBAL_UNIT_ASSIGNED_CONTEXT ( ( #6415, #6382, #6313 ) ) REPRESENTATION_CONTEXT ( 'NONE', 'WORKASPACE' ) );
#594 = ORIENTED_EDGE ( 'NONE', *, *, #8144, .F. ) ;
#595 =( NAMED_UNIT ( * ) PLANE_ANGLE_UNIT ( ) SI_UNIT ( $, .RADIAN. ) );
#596 = DIRECTION ( 'NONE',  ( 0.0000000000000000000, 0.0000000000000000000, -1.000000000000000000 ) ) ;
#597 = SURFACE_STYLE_USAGE ( .BOTH. , #5154 ) ;
#598 = LINE ( 'NONE', #1311, #362 ) ;
#599 = CARTESIAN_POINT ( 'NONE',  ( -4.602453961876663300, 26.71229279551774700, -12.49000000000000200 ) ) ;
#600 = VECTOR ( 'NONE', #7073, 1000.000000000000000 ) ;
#601 = EDGE_CURVE ( 'NONE', #3823, #9634, #7719, .T. ) ;
#602 = ORIENTED_EDGE ( 'NONE', *, *, #6527, .T. ) ;
#603 = EDGE_CURVE ( 'NONE', #978, #6297, #5590, .T. ) ;
#604 = EDGE_LOOP ( 'NONE', ( #989, #8986, #4178, #4420 ) ) ;
#605 = PRESENTATION_LAYER_ASSIGNMENT (  '', '', ( #1129 ) ) ;
#606 = ADVANCED_FACE ( 'NONE', ( #5322 ), #2596, .T. ) ;
#607 = VECTOR ( 'NONE', #7424, 1000.000000000000200 ) ;
#608 = PRESENTATION_LAYER_ASSIGNMENT (  '', '', ( #9669 ) ) ;
#609 = DIRECTION ( 'NONE',  ( 0.0000000000000000000, 0.0000000000000000000, -1.000000000000000000 ) ) ;
#610 = CARTESIAN_POINT ( 'NONE',  ( 4.513760000000032400, 28.36077100000000000, -12.49000000000000200 ) ) ;
#611 = AXIS2_PLACEMENT_3D ( 'NONE', #3034, #8482, #3793 ) ;
#612 = VECTOR ( 'NONE', #1502, 1000.000000000000000 ) ;
#613 =( NAMED_UNIT ( * ) PLANE_ANGLE_UNIT ( ) SI_UNIT ( $, .RADIAN. ) );
#614 = PRESENTATION_STYLE_ASSIGNMENT (( #7535 ) ) ;
#615 = CARTESIAN_POINT ( 'NONE',  ( 6.602453769200100600, 26.71229338220534900, -12.49000000000000200 ) ) ;
#616 = ORIENTED_EDGE ( 'NONE', *, *, #235, .T. ) ;
#617 = EDGE_CURVE ( 'NONE', #3519, #8906, #4606, .T. ) ;
#618 = ORIENTED_EDGE ( 'NONE', *, *, #2867, .T. ) ;
#619 = COLOUR_RGB ( '',1.000000000000000000, 0.0000000000000000000, 1.000000000000000000 ) ;
#620 = B_SPLINE_CURVE_WITH_KNOTS ( 'NONE', 3,
 ( #5175, #622, #1374, #6802, #2155, #7604, #2941, #8389 ),
 .UNSPECIFIED., .F., .F.,
 ( 4, 2, 2, 4 ),
 ( 3.940824851908021900E-005, 0.0001382671610771415300, 0.0002371260736352028500, 0.0004348438987513190500 ),
 .UNSPECIFIED. ) ;
#621 = ORIENTED_EDGE ( 'NONE', *, *, #1109, .T. ) ;
#622 = CARTESIAN_POINT ( 'NONE',  ( 8.262572811169432500, 26.02979449506722500, -10.05513339544680400 ) ) ;
#623 = FILL_AREA_STYLE ('',( #2904 ) ) ;
#624 = DIRECTION ( 'NONE',  ( -0.9063006673066497100, -0.4226335297151911900, 0.0000000000000000000 ) ) ;
#625 =( GEOMETRIC_REPRESENTATION_CONTEXT ( 3 ) GLOBAL_UNCERTAINTY_ASSIGNED_CONTEXT ( ( #4504 ) ) GLOBAL_UNIT_ASSIGNED_CONTEXT ( ( #52, #5369, #821 ) ) REPRESENTATION_CONTEXT ( 'NONE', 'WORKASPACE' ) );
#626 = ORIENTED_EDGE ( 'NONE', *, *, #5189, .F. ) ;
#627 = EDGE_LOOP ( 'NONE', ( #1463, #7964, #2188, #1953 ) ) ;
#628 = VERTEX_POINT ( 'NONE', #3794 ) ;
#629 = DIRECTION ( 'NONE',  ( 0.0000000000000000000, 0.0000000000000000000, -1.000000000000000000 ) ) ;
#630 = ORIENTED_EDGE ( 'NONE', *, *, #7231, .T. ) ;
#631 = AXIS2_PLACEMENT_3D ( 'NONE', #7803, #7043, #7085 ) ;
#632 = CYLINDRICAL_SURFACE ( 'NONE', #7050, 7.400000000000000400 ) ;
#633 = CARTESIAN_POINT ( 'NONE',  ( 6.446707761864632700, 29.36593305549778100, -9.861456022321087600 ) ) ;
#634 = VERTEX_POINT ( 'NONE', #4426 ) ;
#635 = ORIENTED_EDGE ( 'NONE', *, *, #942, .T. ) ;
#636 = ORIENTED_EDGE ( 'NONE', *, *, #8210, .F. ) ;
#637 = ORIENTED_EDGE ( 'NONE', *, *, #8334, .T. ) ;
#638 = FILL_AREA_STYLE ('',( #9165 ) ) ;
#639 = ORIENTED_EDGE ( 'NONE', *, *, #8863, .F. ) ;
#640 = CARTESIAN_POINT ( 'NONE',  ( 2.595522137056014900, 31.88823941409236400, -10.06500000000000100 ) ) ;
#641 = DIRECTION ( 'NONE',  ( 0.0000000000000000000, 0.0000000000000000000, -1.000000000000000000 ) ) ;
#642 = PRESENTATION_STYLE_ASSIGNMENT (( #3189 ) ) ;
#643 = PRESENTATION_LAYER_ASSIGNMENT (  '', '', ( #9699 ) ) ;
#644 = DIRECTION ( 'NONE',  ( -0.0000000000000000000, 0.0000000000000000000, -1.000000000000000000 ) ) ;
#645 = CARTESIAN_POINT ( 'NONE',  ( 1.000000000527495600, 22.86229349947144100, -13.14000000000000200 ) ) ;
#646 = CARTESIAN_POINT ( 'NONE',  ( 4.733596794213403000, 29.35912439536212300, -12.26500000000000200 ) ) ;
#647 = EDGE_CURVE ( 'NONE', #6191, #1928, #6707, .T. ) ;
#648 = FILL_AREA_STYLE ('',( #6797 ) ) ;
#649 = EDGE_CURVE ( 'NONE', #1715, #2660, #1441, .T. ) ;
#650 = ORIENTED_EDGE ( 'NONE', *, *, #9044, .F. ) ;
#651 = DIRECTION ( 'NONE',  ( 1.000000000000000000, 0.0000000000000000000, 0.0000000000000000000 ) ) ;
#652 = FACE_OUTER_BOUND ( 'NONE', #1364, .T. ) ;
#653 = FILL_AREA_STYLE_COLOUR ( '', #9908 ) ;
#654 = PRESENTATION_LAYER_ASSIGNMENT (  '', '', ( #9707 ) ) ;
#655 =( LENGTH_UNIT ( ) NAMED_UNIT ( * ) SI_UNIT ( .MILLI., .METRE. ) );
#656 = CYLINDRICAL_SURFACE ( 'NONE', #7627, 7.400000000000000400 ) ;
#657 = CARTESIAN_POINT ( 'NONE',  ( -0.04999999947250471200, 20.96229349947143900, -11.99000000000000200 ) ) ;
#658 = DIRECTION ( 'NONE',  ( 0.0000000000000000000, -0.0000000000000000000, 1.000000000000000000 ) ) ;
#659 = ADVANCED_FACE ( 'NONE', ( #8819 ), #132, .F. ) ;
#660 = AXIS2_PLACEMENT_3D ( 'NONE', #9213, #4459, #10002 ) ;
#661 = SURFACE_STYLE_FILL_AREA ( #1893 ) ;
#662 = EDGE_CURVE ( 'NONE', #7495, #84, #5703, .T. ) ;
#663 = SURFACE_SIDE_STYLE ('',( #8967 ) ) ;
#664 = SURFACE_SIDE_STYLE ('',( #8226 ) ) ;
#665 = ORIENTED_EDGE ( 'NONE', *, *, #3818, .F. ) ;
#666 = CARTESIAN_POINT ( 'NONE',  ( 6.934873414872464000, 28.87421931745037200, -12.08767756530901300 ) ) ;
#667 = CARTESIAN_POINT ( 'NONE',  ( -4.534234923554123500, 29.32149807890781500, -12.13069079785677200 ) ) ;
#668 = FACE_OUTER_BOUND ( 'NONE', #1917, .T. ) ;
#669 =( LENGTH_UNIT ( ) NAMED_UNIT ( * ) SI_UNIT ( .MILLI., .METRE. ) );
#670 = CARTESIAN_POINT ( 'NONE',  ( 2.881746626489389400, 31.65912668918724600, -12.11958867946038200 ) ) ;
#671 =( GEOMETRIC_REPRESENTATION_CONTEXT ( 3 ) GLOBAL_UNCERTAINTY_ASSIGNED_CONTEXT ( ( #7253 ) ) GLOBAL_UNIT_ASSIGNED_CONTEXT ( ( #4442, #4411, #4377 ) ) REPRESENTATION_CONTEXT ( 'NONE', 'WORKASPACE' ) );
#672 = PRESENTATION_LAYER_ASSIGNMENT (  '', '', ( #9720 ) ) ;
#673 = CARTESIAN_POINT ( 'NONE',  ( 3.451918204600795500, 31.53081280532928000, -12.07196879046314900 ) ) ;
#674 = SURFACE_SIDE_STYLE ('',( #9571 ) ) ;
#675 = ORIENTED_EDGE ( 'NONE', *, *, #9339, .F. ) ;
#676 = COLOUR_RGB ( '',0.0000000000000000000, 0.0000000000000000000, 1.000000000000000000 ) ;
#677 = PRESENTATION_STYLE_ASSIGNMENT (( #2390 ) ) ;
#678 = ORIENTED_EDGE ( 'NONE', *, *, #8096, .T. ) ;
#679 = EDGE_LOOP ( 'NONE', ( #7519, #5263, #1113, #10000, #3043, #6934, #1245, #2793, #5538, #6932, #5579, #9538, #4087, #9653, #7274, #9412, #5114, #9529, #7228, #8542, #5520, #9019, #5011, #8185, #356, #8402, #2141, #7968, #8137, #8073, #1413, #4835, #1087, #5165, #4906, #4721, #8864, #4824, #4394, #3619, #1353, #4439, #408, #3402, #5038, #3505, #6327, #3292, #6436, #4887, #7936, #2926, #222, #3173 ) ) ;
#680 = UNCERTAINTY_MEASURE_WITH_UNIT (LENGTH_MEASURE( 1.000000000000000100E-005 ), #922, 'distance_accuracy_value', 'NONE');
#681 = DIRECTION ( 'NONE',  ( 0.0000000000000000000, 0.0000000000000000000, -1.000000000000000000 ) ) ;
#682 =( LENGTH_UNIT ( ) NAMED_UNIT ( * ) SI_UNIT ( .MILLI., .METRE. ) );
#683 = CIRCLE ( 'NONE', #7287, 7.399999999999999500 ) ;
#684 = UNCERTAINTY_MEASURE_WITH_UNIT (LENGTH_MEASURE( 1.000000000000000100E-005 ), #7956, 'distance_accuracy_value', 'NONE');
#685 =( NAMED_UNIT ( * ) PLANE_ANGLE_UNIT ( ) SI_UNIT ( $, .RADIAN. ) );
#686 = DIRECTION ( 'NONE',  ( 0.0000000000000000000, -0.0000000000000000000, 1.000000000000000000 ) ) ;
#687 = DIRECTION ( 'NONE',  ( -0.0000000000000000000, -0.0000000000000000000, 1.000000000000000000 ) ) ;
#688 = CARTESIAN_POINT ( 'NONE',  ( 1.450000000527496400, 20.81229349947144100, -12.44000000000000100 ) ) ;
#689 = VERTEX_POINT ( 'NONE', #2667 ) ;
#690 = B_SPLINE_CURVE_WITH_KNOTS ( 'NONE', 3,
 ( #5806, #5772, #5840, #5877, #6009, #6088, #6200 ),
 .UNSPECIFIED., .F., .F.,
 ( 4, 3, 4 ),
 ( 0.002224734861644227200, 0.002257004488096505400, 0.002315613429922827600 ),
 .UNSPECIFIED. ) ;
#691 = AXIS2_PLACEMENT_3D ( 'NONE', #7154, #2481, #7966 ) ;
#692 = CARTESIAN_POINT ( 'NONE',  ( 7.882783279418045000, 27.38023954448804900, -10.06500000000000100 ) ) ;
#693 = CARTESIAN_POINT ( 'NONE',  ( -4.561673410573742900, 29.31692188895293000, -9.917411740004924400 ) ) ;
#694 =( NAMED_UNIT ( * ) SI_UNIT ( $, .STERADIAN. ) SOLID_ANGLE_UNIT ( ) );
#695 = SURFACE_STYLE_FILL_AREA ( #4454 ) ;
#696 = STYLED_ITEM ( 'NONE', ( #4386 ), #3142 ) ;
#697 = UNCERTAINTY_MEASURE_WITH_UNIT (LENGTH_MEASURE( 1.000000000000000100E-005 ), #7564, 'distance_accuracy_value', 'NONE');
#698 = FILL_AREA_STYLE_COLOUR ( '', #1526 ) ;
#699 = VECTOR ( 'NONE', #8841, 1000.000000000000000 ) ;
#700 = CARTESIAN_POINT ( 'NONE',  ( 6.971256456615257900, 28.93019826844223300, -12.02531544806423400 ) ) ;
#701 = DIRECTION ( 'NONE',  ( 0.0000000000000000000, -0.0000000000000000000, 1.000000000000000000 ) ) ;
#702 = MECHANICAL_DESIGN_GEOMETRIC_PRESENTATION_REPRESENTATION (  '', ( #9227 ), #1195 ) ;
#703 = LINE ( 'NONE', #5738, #2737 ) ;
#704 = LINE ( 'NONE', #2947, #2511 ) ;
#705 = CARTESIAN_POINT ( 'NONE',  ( -2.275676272967118100, 31.24761329089466600, -10.02002964988259000 ) ) ;
#706 = DIRECTION ( 'NONE',  ( 0.0000000000000000000, -0.0000000000000000000, 1.000000000000000000 ) ) ;
#707 =( GEOMETRIC_REPRESENTATION_CONTEXT ( 3 ) GLOBAL_UNCERTAINTY_ASSIGNED_CONTEXT ( ( #1394 ) ) GLOBAL_UNIT_ASSIGNED_CONTEXT ( ( #1415, #6846, #2200 ) ) REPRESENTATION_CONTEXT ( 'NONE', 'WORKASPACE' ) );
#708 = SURFACE_STYLE_FILL_AREA ( #5435 ) ;
#709 = VECTOR ( 'NONE', #9475, 1000.000000000000000 ) ;
#710 = VECTOR ( 'NONE', #3440, 1000.000000000000000 ) ;
#711 = ADVANCED_FACE ( 'NONE', ( #7850 ), #4972, .T. ) ;
#712 = EDGE_LOOP ( 'NONE', ( #6028, #6042, #6052, #6063 ) ) ;
#713 = FILL_AREA_STYLE ('',( #10019 ) ) ;
#714 = ORIENTED_EDGE ( 'NONE', *, *, #530, .T. ) ;
#715 = PRESENTATION_STYLE_ASSIGNMENT (( #3324 ) ) ;
#716 = CARTESIAN_POINT ( 'NONE',  ( 6.384846271614252400, 29.58024686967469900, -9.957508964694294900 ) ) ;
#717 = CARTESIAN_POINT ( 'NONE',  ( -5.859600136538429800, 27.01498803817892700, -12.11317500942379900 ) ) ;
#718 = SURFACE_SIDE_STYLE ('',( #7938 ) ) ;
#719 =( NAMED_UNIT ( * ) PLANE_ANGLE_UNIT ( ) SI_UNIT ( $, .RADIAN. ) );
#720 = LINE ( 'NONE', #6021, #2752 ) ;
#721 = ORIENTED_EDGE ( 'NONE', *, *, #6117, .T. ) ;
#722 =( GEOMETRIC_REPRESENTATION_CONTEXT ( 3 ) GLOBAL_UNCERTAINTY_ASSIGNED_CONTEXT ( ( #4859 ) ) GLOBAL_UNIT_ASSIGNED_CONTEXT ( ( #4399, #9924, #5171 ) ) REPRESENTATION_CONTEXT ( 'NONE', 'WORKASPACE' ) );
#723 = LINE ( 'NONE', #3277, #4795 ) ;
#724 = EDGE_CURVE ( 'NONE', #7551, #1285, #3649, .T. ) ;
#725 = CARTESIAN_POINT ( 'NONE',  ( -1.549999999472504700, 20.81229349947144100, -11.99000000000000200 ) ) ;
#726 = CARTESIAN_POINT ( 'NONE',  ( -6.241141170017725100, 25.96643480152798800, -10.02258306726735900 ) ) ;
#727 = CARTESIAN_POINT ( 'NONE',  ( 1.300000000524379700, 22.86229349947144100, -13.14000000000000200 ) ) ;
#728 = VERTEX_POINT ( 'NONE', #3399 ) ;
#729 = FILL_AREA_STYLE_COLOUR ( '', #8904 ) ;
#730 = SURFACE_STYLE_FILL_AREA ( #6045 ) ;
#731 =( LENGTH_UNIT ( ) NAMED_UNIT ( * ) SI_UNIT ( .MILLI., .METRE. ) );
#732 = ORIENTED_EDGE ( 'NONE', *, *, #1474, .F. ) ;
#733 =( NAMED_UNIT ( * ) PLANE_ANGLE_UNIT ( ) SI_UNIT ( $, .RADIAN. ) );
#734 = ORIENTED_EDGE ( 'NONE', *, *, #54, .T. ) ;
#735 = CARTESIAN_POINT ( 'NONE',  ( -0.04999999947250467100, 20.96229676927035300, -12.44000000000000100 ) ) ;
#736 = EDGE_CURVE ( 'NONE', #8378, #5761, #2951, .T. ) ;
#737 =( NAMED_UNIT ( * ) PLANE_ANGLE_UNIT ( ) SI_UNIT ( $, .RADIAN. ) );
#738 = DIRECTION ( 'NONE',  ( 0.0000000000000000000, -0.0000000000000000000, 1.000000000000000000 ) ) ;
#739 = FACE_OUTER_BOUND ( 'NONE', #6893, .T. ) ;
#740 =( NAMED_UNIT ( * ) PLANE_ANGLE_UNIT ( ) SI_UNIT ( $, .RADIAN. ) );
#741 = SURFACE_STYLE_FILL_AREA ( #4595 ) ;
#742 = CARTESIAN_POINT ( 'NONE',  ( 2.950000000527496400, 20.81229349947144100, -12.44000000000000100 ) ) ;
#743 = ORIENTED_EDGE ( 'NONE', *, *, #6148, .T. ) ;
#744 = LINE ( 'NONE', #175, #4811 ) ;
#745 = FILL_AREA_STYLE_COLOUR ( '', #2024 ) ;
#746 = FILL_AREA_STYLE ('',( #1464 ) ) ;
#747 = LINE ( 'NONE', #906, #8514 ) ;
#748 = AXIS2_PLACEMENT_3D ( 'NONE', #645, #8663, #8227 ) ;
#749 = EDGE_CURVE ( 'NONE', #1318, #5701, #6829, .T. ) ;
#750 = AXIS2_PLACEMENT_3D ( 'NONE', #6851, #9674, #4339 ) ;
#751 = MECHANICAL_DESIGN_GEOMETRIC_PRESENTATION_REPRESENTATION (  '', ( #9792 ), #1241 ) ;
#752 = DIRECTION ( 'NONE',  ( -0.0000000000000000000, -0.0000000000000000000, 1.000000000000000000 ) ) ;
#753 = STYLED_ITEM ( 'NONE', ( #4518 ), #6225 ) ;
#754 =( NAMED_UNIT ( * ) PLANE_ANGLE_UNIT ( ) SI_UNIT ( $, .RADIAN. ) );
#755 = PRESENTATION_LAYER_ASSIGNMENT (  '', '', ( #257 ) ) ;
#756 = VECTOR ( 'NONE', #5997, 1000.000000000000000 ) ;
#757 = DIRECTION ( 'NONE',  ( 0.0000000000000000000, -0.0000000000000000000, 1.000000000000000000 ) ) ;
#758 = VECTOR ( 'NONE', #752, 1000.000000000000000 ) ;
#759 = ORIENTED_EDGE ( 'NONE', *, *, #7048, .T. ) ;
#760 = CARTESIAN_POINT ( 'NONE',  ( 0.5000000005306113300, 26.86229349947144100, -13.14000000000000200 ) ) ;
#761 = FACE_OUTER_BOUND ( 'NONE', #5227, .T. ) ;
#762 = ORIENTED_EDGE ( 'NONE', *, *, #9857, .T. ) ;
#763 = B_SPLINE_CURVE_WITH_KNOTS ( 'NONE', 3,
 ( #6259, #9424, #4685, #1649 ),
 .UNSPECIFIED., .F., .F.,
 ( 4, 4 ),
 ( 0.0000000000000000000, 9.857544860656088600E-005 ),
 .UNSPECIFIED. ) ;
#764 = ORIENTED_EDGE ( 'NONE', *, *, #5056, .T. ) ;
#765 = SURFACE_SIDE_STYLE ('',( #47 ) ) ;
#766 = CARTESIAN_POINT ( 'NONE',  ( 3.550000000527496100, 20.66229349947143800, -12.54000000000000300 ) ) ;
#767 =( NAMED_UNIT ( * ) SI_UNIT ( $, .STERADIAN. ) SOLID_ANGLE_UNIT ( ) );
#768 = CARTESIAN_POINT ( 'NONE',  ( -5.836973682808688200, 27.02829637799370500, -9.899739201007363900 ) ) ;
#769 = FILL_AREA_STYLE ('',( #6996 ) ) ;
#770 = CARTESIAN_POINT ( 'NONE',  ( -5.997861436802642400, 25.86229349947143400, -9.765000000000000600 ) ) ;
#771 = LINE ( 'NONE', #8153, #4569 ) ;
#772 =( GEOMETRIC_REPRESENTATION_CONTEXT ( 3 ) GLOBAL_UNCERTAINTY_ASSIGNED_CONTEXT ( ( #2022 ) ) GLOBAL_UNIT_ASSIGNED_CONTEXT ( ( #1010, #6385, #1771 ) ) REPRESENTATION_CONTEXT ( 'NONE', 'WORKASPACE' ) );
#773 = CARTESIAN_POINT ( 'NONE',  ( -2.449999999472504800, 20.66229349947143800, -12.54000000000000300 ) ) ;
#774 = ORIENTED_EDGE ( 'NONE', *, *, #1622, .F. ) ;
#775 = LINE ( 'NONE', #2678, #6675 ) ;
#776 =( LENGTH_UNIT ( ) NAMED_UNIT ( * ) SI_UNIT ( .MILLI., .METRE. ) );
#777 = CARTESIAN_POINT ( 'NONE',  ( 1.899995377965719000, 32.10809768706595700, -11.76500000000000100 ) ) ;
#778 = DIRECTION ( 'NONE',  ( 0.0000000000000000000, 1.000000000000000000, 0.0000000000000000000 ) ) ;
#779 = CARTESIAN_POINT ( 'NONE',  ( -4.480947621434602900, 29.34381682558210600, -12.15689802343872800 ) ) ;
#780 =( NAMED_UNIT ( * ) SI_UNIT ( $, .STERADIAN. ) SOLID_ANGLE_UNIT ( ) );
#781 = ORIENTED_EDGE ( 'NONE', *, *, #2132, .T. ) ;
#782 = ADVANCED_FACE ( 'NONE', ( #668 ), #4215, .F. ) ;
#783 = VECTOR ( 'NONE', #9364, 1000.000000000000000 ) ;
#784 = EDGE_CURVE ( 'NONE', #4549, #2420, #10025, .T. ) ;
#785 = VERTEX_POINT ( 'NONE', #3451 ) ;
#786 =( NAMED_UNIT ( * ) PLANE_ANGLE_UNIT ( ) SI_UNIT ( $, .RADIAN. ) );
#787 = CYLINDRICAL_SURFACE ( 'NONE', #2414, 0.1999999999999996500 ) ;
#788 = DIRECTION ( 'NONE',  ( 0.0000000000000000000, 1.000000000000000000, 0.0000000000000000000 ) ) ;
#789 = AXIS2_PLACEMENT_3D ( 'NONE', #9353, #4609, #58 ) ;
#790 = LINE ( 'NONE', #7630, #2821 ) ;
#791 = CARTESIAN_POINT ( 'NONE',  ( -5.794613640148056400, 27.06867773864866300, -12.15689802343872500 ) ) ;
#792 = EDGE_CURVE ( 'NONE', #2813, #9742, #5814, .T. ) ;
#793 = EDGE_CURVE ( 'NONE', #181, #978, #1981, .T. ) ;
#794 = SURFACE_STYLE_USAGE ( .BOTH. , #5205 ) ;
#795 = DIRECTION ( 'NONE',  ( -1.000000000000000000, 0.0000000000000000000, 0.0000000000000000000 ) ) ;
#796 =( GEOMETRIC_REPRESENTATION_CONTEXT ( 3 ) GLOBAL_UNCERTAINTY_ASSIGNED_CONTEXT ( ( #3023 ) ) GLOBAL_UNIT_ASSIGNED_CONTEXT ( ( #4700, #137, #5469 ) ) REPRESENTATION_CONTEXT ( 'NONE', 'WORKASPACE' ) );
#797 = CARTESIAN_POINT ( 'NONE',  ( -0.7107668414808947500, 31.65624932814996100, -12.16492159147831800 ) ) ;
#798 = CARTESIAN_POINT ( 'NONE',  ( 5.406726249604603600, 30.60709989034278400, -11.01500000000000200 ) ) ;
#799 = ORIENTED_EDGE ( 'NONE', *, *, #3523, .T. ) ;
#800 = CARTESIAN_POINT ( 'NONE',  ( -1.549999999472504700, 20.96229349947143900, -11.99000000000000200 ) ) ;
#801 = DIRECTION ( 'NONE',  ( -0.9483236552062047600, 0.3173046564050760500, 0.0000000000000000000 ) ) ;
#802 = CARTESIAN_POINT ( 'NONE',  ( -5.953730015850012200, 27.19324256008136900, -9.765000000000000600 ) ) ;
#803 = SURFACE_STYLE_FILL_AREA ( #2181 ) ;
#804 = CARTESIAN_POINT ( 'NONE',  ( 0.5500000005274954300, 21.96229349947143600, -12.54000000000000300 ) ) ;
#805 = VECTOR ( 'NONE', #10007, 1000.000000000000000 ) ;
#806 = UNCERTAINTY_MEASURE_WITH_UNIT (LENGTH_MEASURE( 1.000000000000000100E-005 ), #1428, 'distance_accuracy_value', 'NONE');
#807 = CARTESIAN_POINT ( 'NONE',  ( 0.9999953779657178000, 24.66229349947143800, -10.06500000000000100 ) ) ;
#808 = SURFACE_STYLE_FILL_AREA ( #5141 ) ;
#809 = SURFACE_STYLE_FILL_AREA ( #7188 ) ;
#810 = CARTESIAN_POINT ( 'NONE',  ( -5.086672511168546700, 28.60458930552801200, -12.11317500942380000 ) ) ;
#811 = EDGE_CURVE ( 'NONE', #1876, #432, #7986, .T. ) ;
#812 = FILL_AREA_STYLE_COLOUR ( '', #2698 ) ;
#813 = EDGE_CURVE ( 'NONE', #1611, #1318, #9777, .T. ) ;
#814 = VECTOR ( 'NONE', #4612, 1000.000000000000000 ) ;
#815 = CIRCLE ( 'NONE', #3389, 0.4999972125364574600 ) ;
#816 = VERTEX_POINT ( 'NONE', #1959 ) ;
#817 =( GEOMETRIC_REPRESENTATION_CONTEXT ( 3 ) GLOBAL_UNCERTAINTY_ASSIGNED_CONTEXT ( ( #3290 ) ) GLOBAL_UNIT_ASSIGNED_CONTEXT ( ( #931, #6299, #6370 ) ) REPRESENTATION_CONTEXT ( 'NONE', 'WORKASPACE' ) );
#818 = AXIS2_PLACEMENT_3D ( 'NONE', #4176, #4949, #2690 ) ;
#819 = UNCERTAINTY_MEASURE_WITH_UNIT (LENGTH_MEASURE( 1.000000000000000100E-005 ), #6717, 'distance_accuracy_value', 'NONE');
#820 = CARTESIAN_POINT ( 'NONE',  ( 0.09999537796571880700, 32.10809768706595700, -10.06500000000000100 ) ) ;
#821 =( NAMED_UNIT ( * ) SI_UNIT ( $, .STERADIAN. ) SOLID_ANGLE_UNIT ( ) );
#822 = STYLED_ITEM ( 'NONE', ( #4202 ), #5784 ) ;
#823 = UNCERTAINTY_MEASURE_WITH_UNIT (LENGTH_MEASURE( 1.000000000000000100E-005 ), #5168, 'distance_accuracy_value', 'NONE');
#824 = CARTESIAN_POINT ( 'NONE',  ( 2.590217405403266500, 31.84248187391380800, -9.765000000000000600 ) ) ;
#825 = EDGE_CURVE ( 'NONE', #2025, #634, #7706, .T. ) ;
#826 = CARTESIAN_POINT ( 'NONE',  ( 4.513760000000032400, 28.36077100000000000, -12.49000000000000200 ) ) ;
#827 = SURFACE_STYLE_FILL_AREA ( #9189 ) ;
#828 = CYLINDRICAL_SURFACE ( 'NONE', #5444, 0.1999999999999996500 ) ;
#829 = DIRECTION ( 'NONE',  ( -1.000000000000000000, 0.0000000000000000000, 0.0000000000000000000 ) ) ;
#830 = CARTESIAN_POINT ( 'NONE',  ( 5.111624222915806600, 30.56711281751057600, -12.16983763192414800 ) ) ;
#831 = CARTESIAN_POINT ( 'NONE',  ( -5.836363298905597600, 27.02874493241220900, -12.13069079785676300 ) ) ;
#832 = DIRECTION ( 'NONE',  ( -0.0000000000000000000, -0.0000000000000000000, 1.000000000000000000 ) ) ;
#833 = CARTESIAN_POINT ( 'NONE',  ( -3.771507872688966100, 30.25954445409435000, -10.02002964988258600 ) ) ;
#834 = STYLED_ITEM ( 'NONE', ( #3535 ), #4687 ) ;
#835 = CARTESIAN_POINT ( 'NONE',  ( 0.5500000005274954300, 21.96229349947143600, -12.54000000000000300 ) ) ;
#836 = ADVANCED_FACE ( 'NONE', ( #1758 ), #4832, .F. ) ;
#837 = DIRECTION ( 'NONE',  ( 0.0000000000000000000, -0.0000000000000000000, 1.000000000000000000 ) ) ;
#838 =( LENGTH_UNIT ( ) NAMED_UNIT ( * ) SI_UNIT ( .MILLI., .METRE. ) );
#839 = SURFACE_STYLE_FILL_AREA ( #1172 ) ;
#840 = SURFACE_SIDE_STYLE ('',( #7493 ) ) ;
#841 =( NAMED_UNIT ( * ) PLANE_ANGLE_UNIT ( ) SI_UNIT ( $, .RADIAN. ) );
#842 = MECHANICAL_DESIGN_GEOMETRIC_PRESENTATION_REPRESENTATION (  '', ( #9371 ), #1315 ) ;
#843 = CARTESIAN_POINT ( 'NONE',  ( 2.050000000527497000, 20.96229349947143900, -11.84000000000000200 ) ) ;
#844 = SURFACE_STYLE_FILL_AREA ( #2601 ) ;
#845 = LINE ( 'NONE', #3556, #2629 ) ;
#846 = ORIENTED_EDGE ( 'NONE', *, *, #942, .F. ) ;
#847 =( NAMED_UNIT ( * ) PLANE_ANGLE_UNIT ( ) SI_UNIT ( $, .RADIAN. ) );
#848 = ORIENTED_EDGE ( 'NONE', *, *, #6650, .F. ) ;
#849 =( NAMED_UNIT ( * ) PLANE_ANGLE_UNIT ( ) SI_UNIT ( $, .RADIAN. ) );
#850 = LINE ( 'NONE', #7566, #6746 ) ;
#851 = CARTESIAN_POINT ( 'NONE',  ( -2.439777836354186200, 30.99695330177374300, -9.873279290114105300 ) ) ;
#852 = VECTOR ( 'NONE', #6995, 1000.000000000000000 ) ;
#853 = ORIENTED_EDGE ( 'NONE', *, *, #4842, .T. ) ;
#854 =( NAMED_UNIT ( * ) PLANE_ANGLE_UNIT ( ) SI_UNIT ( $, .RADIAN. ) );
#855 = LINE ( 'NONE', #3398, #8861 ) ;
#856 = DIRECTION ( 'NONE',  ( 0.0000000000000000000, 0.0000000000000000000, -1.000000000000000000 ) ) ;
#857 = ORIENTED_EDGE ( 'NONE', *, *, #4039, .T. ) ;
#858 = AXIS2_PLACEMENT_3D ( 'NONE', #9509, #4772, #208 ) ;
#859 = LINE ( 'NONE', #824, #8865 ) ;
#860 = ORIENTED_EDGE ( 'NONE', *, *, #5079, .F. ) ;
#861 = FILL_AREA_STYLE_COLOUR ( '', #3705 ) ;
#862 = COLOUR_RGB ( '',1.000000000000000000, 1.000000000000000000, 1.000000000000000000 ) ;
#863 = EDGE_CURVE ( 'NONE', #2198, #7236, #790, .T. ) ;
#864 = EDGE_CURVE ( 'NONE', #1951, #4, #6699, .T. ) ;
#865 = VECTOR ( 'NONE', #3910, 1000.000000000000000 ) ;
#866 = SURFACE_STYLE_USAGE ( .BOTH. , #5426 ) ;
#867 = PRESENTATION_LAYER_ASSIGNMENT (  '', '', ( #6978 ) ) ;
#868 = CARTESIAN_POINT ( 'NONE',  ( -4.699999622034267700, 20.96229172388681100, -12.49000000000000200 ) ) ;
#869 = DIRECTION ( 'NONE',  ( 1.000000000000000000, 0.0000000000000000000, 0.0000000000000000000 ) ) ;
#870 = VECTOR ( 'NONE', #4980, 1000.000000000000000 ) ;
#871 = ORIENTED_EDGE ( 'NONE', *, *, #6822, .F. ) ;
#872 = CARTESIAN_POINT ( 'NONE',  ( 4.631526102025850000, 31.06730564800022200, -10.02789316580749600 ) ) ;
#873 = ORIENTED_EDGE ( 'NONE', *, *, #9768, .T. ) ;
#874 = DIRECTION ( 'NONE',  ( -1.000000000000000000, 0.0000000000000000000, 0.0000000000000000000 ) ) ;
#875 = STYLED_ITEM ( 'NONE', ( #9566 ), #8500 ) ;
#876 = EDGE_CURVE ( 'NONE', #8378, #9133, #8807, .T. ) ;
#877 = DIRECTION ( 'NONE',  ( -1.000000000000000000, 0.0000000000000000000, 0.0000000000000000000 ) ) ;
#878 = DIRECTION ( 'NONE',  ( 0.0000000000000000000, 1.000000000000000000, 0.0000000000000000000 ) ) ;
#879 = DIRECTION ( 'NONE',  ( 0.0000000000000000000, -0.0000000000000000000, 1.000000000000000000 ) ) ;
#880 = DIRECTION ( 'NONE',  ( 0.0000000000000000000, 0.0000000000000000000, 1.000000000000000000 ) ) ;
#881 = CARTESIAN_POINT ( 'NONE',  ( 8.258755517647431400, 26.10118238836032800, -10.06500000000000100 ) ) ;
#882 = DIRECTION ( 'NONE',  ( 0.0000000000000000000, 0.0000000000000000000, -1.000000000000000000 ) ) ;
#883 = CIRCLE ( 'NONE', #9728, 0.4999999999968842100 ) ;
#884 = ORIENTED_EDGE ( 'NONE', *, *, #4760, .T. ) ;
#885 =( GEOMETRIC_REPRESENTATION_CONTEXT ( 3 ) GLOBAL_UNCERTAINTY_ASSIGNED_CONTEXT ( ( #6380 ) ) GLOBAL_UNIT_ASSIGNED_CONTEXT ( ( #7379, #2726, #8190 ) ) REPRESENTATION_CONTEXT ( 'NONE', 'WORKASPACE' ) );
#886 = CARTESIAN_POINT ( 'NONE',  ( -4.852453961876661600, 25.86229349947144100, -12.44000000000000100 ) ) ;
#887 = COLOUR_RGB ( '',1.000000000000000000, 0.0000000000000000000, 1.000000000000000000 ) ;
#888 = ORIENTED_EDGE ( 'NONE', *, *, #6757, .T. ) ;
#889 = DIRECTION ( 'NONE',  ( -1.000000000000000000, 0.0000000000000000000, 0.0000000000000000000 ) ) ;
#890 = ORIENTED_EDGE ( 'NONE', *, *, #6148, .F. ) ;
#891 = VERTEX_POINT ( 'NONE', #9921 ) ;
#892 = CARTESIAN_POINT ( 'NONE',  ( 8.262572811169549800, 26.06229349947143700, -12.26500000000000200 ) ) ;
#893 = ADVANCED_FACE ( 'NONE', ( #4599 ), #1619, .F. ) ;
#894 = EDGE_CURVE ( 'NONE', #1451, #8155, #7841, .T. ) ;
#895 = CARTESIAN_POINT ( 'NONE',  ( 7.997852192734078400, 25.86229349947143800, -12.26500000000000200 ) ) ;
#896 = VECTOR ( 'NONE', #2970, 1000.000000000000000 ) ;
#897 = VERTEX_POINT ( 'NONE', #6378 ) ;
#898 = COLOUR_RGB ( '',1.000000000000000000, 1.000000000000000000, 1.000000000000000000 ) ;
#899 = EDGE_LOOP ( 'NONE', ( #2365, #3379, #3770, #8025 ) ) ;
#900 = MECHANICAL_DESIGN_GEOMETRIC_PRESENTATION_REPRESENTATION (  '', ( #9433 ), #1371 ) ;
#901 = ORIENTED_EDGE ( 'NONE', *, *, #5942, .T. ) ;
#902 = VERTEX_POINT ( 'NONE', #9034 ) ;
#903 =( GEOMETRIC_REPRESENTATION_CONTEXT ( 3 ) GLOBAL_UNCERTAINTY_ASSIGNED_CONTEXT ( ( #6026 ) ) GLOBAL_UNIT_ASSIGNED_CONTEXT ( ( #2203, #7648, #2981 ) ) REPRESENTATION_CONTEXT ( 'NONE', 'WORKASPACE' ) );
#904 =( LENGTH_UNIT ( ) NAMED_UNIT ( * ) SI_UNIT ( .MILLI., .METRE. ) );
#905 = AXIS2_PLACEMENT_3D ( 'NONE', #5516, #4810, #4776 ) ;
#906 = CARTESIAN_POINT ( 'NONE',  ( -3.801147254458476300, 30.29337060985794800, -11.01500000000000200 ) ) ;
#907 = B_SPLINE_CURVE_WITH_KNOTS ( 'NONE', 3,
 ( #5570, #3328, #4096, #9585, #4862, #289, #5636, #1059 ),
 .UNSPECIFIED., .F., .F.,
 ( 4, 2, 2, 4 ),
 ( 0.0000000000000000000, 0.0002232930017488900700, 0.0003349395026233316500, 0.0004465860034977732100 ),
 .UNSPECIFIED. ) ;
#908 = PLANE ( 'NONE',  #1946 ) ;
#909 = VERTEX_POINT ( 'NONE', #8840 ) ;
#910 = CYLINDRICAL_SURFACE ( 'NONE', #337, 0.3000000000000007700 ) ;
#911 =( NAMED_UNIT ( * ) PLANE_ANGLE_UNIT ( ) SI_UNIT ( $, .RADIAN. ) );
#912 = SURFACE_STYLE_USAGE ( .BOTH. , #5471 ) ;
#913 = CARTESIAN_POINT ( 'NONE',  ( 2.280201868381861000, 29.48842738658407100, -12.26500000000000200 ) ) ;
#914 = CARTESIAN_POINT ( 'NONE',  ( -3.047781778506702700, 30.68003603709475200, -12.11258825999508000 ) ) ;
#915 = SURFACE_SIDE_STYLE ('',( #2650 ) ) ;
#916 = CARTESIAN_POINT ( 'NONE',  ( 5.000000000527495400, 22.06229614966531100, -12.44000000000000100 ) ) ;
#917 = DIRECTION ( 'NONE',  ( 0.0000000000000000000, -0.0000000000000000000, 1.000000000000000000 ) ) ;
#918 = COLOUR_RGB ( '',1.000000000000000000, 0.0000000000000000000, 1.000000000000000000 ) ;
#919 = VECTOR ( 'NONE', #6316, 1000.000000000000000 ) ;
#920 = CARTESIAN_POINT ( 'NONE',  ( 8.109910879016681000, 25.86229349947143800, -12.15453291704703700 ) ) ;
#921 =( LENGTH_UNIT ( ) NAMED_UNIT ( * ) SI_UNIT ( .MILLI., .METRE. ) );
#922 =( LENGTH_UNIT ( ) NAMED_UNIT ( * ) SI_UNIT ( .MILLI., .METRE. ) );
#923 = PRESENTATION_LAYER_ASSIGNMENT (  '', '', ( #378 ) ) ;
#924 = VERTEX_POINT ( 'NONE', #99 ) ;
#925 = DIRECTION ( 'NONE',  ( 0.0000000000000000000, 0.0000000000000000000, -1.000000000000000000 ) ) ;
#926 = LINE ( 'NONE', #2633, #8686 ) ;
#927 =( NAMED_UNIT ( * ) PLANE_ANGLE_UNIT ( ) SI_UNIT ( $, .RADIAN. ) );
#928 = COLOUR_RGB ( '',0.0000000000000000000, 0.0000000000000000000, 1.000000000000000000 ) ;
#929 =( NAMED_UNIT ( * ) SI_UNIT ( $, .STERADIAN. ) SOLID_ANGLE_UNIT ( ) );
#930 = VERTEX_POINT ( 'NONE', #5584 ) ;
#931 =( LENGTH_UNIT ( ) NAMED_UNIT ( * ) SI_UNIT ( .MILLI., .METRE. ) );
#932 = SURFACE_STYLE_FILL_AREA ( #1046 ) ;
#933 =( NAMED_UNIT ( * ) PLANE_ANGLE_UNIT ( ) SI_UNIT ( $, .RADIAN. ) );
#934 = MECHANICAL_DESIGN_GEOMETRIC_PRESENTATION_REPRESENTATION (  '', ( #9462 ), #1401 ) ;
#935 = COLOUR_RGB ( '',0.0000000000000000000, 0.0000000000000000000, 1.000000000000000000 ) ;
#936 = SURFACE_STYLE_USAGE ( .BOTH. , #5497 ) ;
#937 = ORIENTED_EDGE ( 'NONE', *, *, #2854, .T. ) ;
#938 =( NAMED_UNIT ( * ) PLANE_ANGLE_UNIT ( ) SI_UNIT ( $, .RADIAN. ) );
#939 = CIRCLE ( 'NONE', #1235, 7.400000000000000400 ) ;
#940 = VERTEX_POINT ( 'NONE', #8801 ) ;
#941 = CARTESIAN_POINT ( 'NONE',  ( 5.050000000527496100, 20.66229349947143800, -12.44000000000000100 ) ) ;
#942 = EDGE_CURVE ( 'NONE', #8315, #7543, #5451, .T. ) ;
#943 = COLOUR_RGB ( '',1.000000000000000000, 1.000000000000000000, 1.000000000000000000 ) ;
#944 = CARTESIAN_POINT ( 'NONE',  ( 5.050000000527496100, 20.81229349947144100, -11.99000000000000200 ) ) ;
#945 = ADVANCED_FACE ( 'NONE', ( #3414 ), #656, .T. ) ;
#946 =( LENGTH_UNIT ( ) NAMED_UNIT ( * ) SI_UNIT ( .MILLI., .METRE. ) );
#947 = CARTESIAN_POINT ( 'NONE',  ( -5.641489790363730900, 27.82253657222634400, -12.00997035011741700 ) ) ;
#948 = VECTOR ( 'NONE', #2768, 1000.000000000000000 ) ;
#949 = LINE ( 'NONE', #4594, #6848 ) ;
#950 = FILL_AREA_STYLE ('',( #6247 ) ) ;
#951 = DIRECTION ( 'NONE',  ( 0.0000000000000000000, -0.0000000000000000000, 1.000000000000000000 ) ) ;
#952 = PLANE ( 'NONE',  #858 ) ;
#953 = CARTESIAN_POINT ( 'NONE',  ( -4.955350547195736900, 28.90185253632796500, -9.975196976199294200 ) ) ;
#954 = ORIENTED_EDGE ( 'NONE', *, *, #3864, .T. ) ;
#955 = UNCERTAINTY_MEASURE_WITH_UNIT (LENGTH_MEASURE( 1.000000000000000100E-005 ), #9520, 'distance_accuracy_value', 'NONE');
#956 = FACE_OUTER_BOUND ( 'NONE', #9302, .T. ) ;
#957 = CARTESIAN_POINT ( 'NONE',  ( 8.262572811202803200, 26.06229349944127100, -11.96871505594411300 ) ) ;
#958 = PRESENTATION_LAYER_ASSIGNMENT (  '', '', ( #410 ) ) ;
#959 = VECTOR ( 'NONE', #5167, 1000.000000000000200 ) ;
#960 = EDGE_CURVE ( 'NONE', #7437, #4546, #2699, .T. ) ;
#961 = COLOUR_RGB ( '',1.000000000000000000, 0.0000000000000000000, 1.000000000000000000 ) ;
#962 = PRESENTATION_LAYER_ASSIGNMENT (  '', '', ( #9980 ) ) ;
#963 =( GEOMETRIC_REPRESENTATION_CONTEXT ( 3 ) GLOBAL_UNCERTAINTY_ASSIGNED_CONTEXT ( ( #7795 ) ) GLOBAL_UNIT_ASSIGNED_CONTEXT ( ( #3725, #9205, #4457 ) ) REPRESENTATION_CONTEXT ( 'NONE', 'WORKASPACE' ) );
#964 = VERTEX_POINT ( 'NONE', #3974 ) ;
#965 = MECHANICAL_DESIGN_GEOMETRIC_PRESENTATION_REPRESENTATION (  '', ( #9491 ), #1434 ) ;
#966 = AXIS2_PLACEMENT_3D ( 'NONE', #2265, #9252, #7716 ) ;
#967 = CARTESIAN_POINT ( 'NONE',  ( -3.776165965677403100, 30.06120425964766000, -12.15672070988589800 ) ) ;
#968 = LINE ( 'NONE', #9156, #4996 ) ;
#969 = EDGE_CURVE ( 'NONE', #7124, #9987, #6566, .T. ) ;
#970 = CARTESIAN_POINT ( 'NONE',  ( 6.661887439204846800, 29.32957801423707500, -12.02740220755057600 ) ) ;
#971 = SURFACE_SIDE_STYLE ('',( #932 ) ) ;
#972 = DIRECTION ( 'NONE',  ( 0.0000000000000000000, 0.0000000000000000000, -1.000000000000000000 ) ) ;
#973 = AXIS2_PLACEMENT_3D ( 'NONE', #3692, #5981, #2191 ) ;
#974 = LINE ( 'NONE', #365, #6878 ) ;
#975 = EDGE_LOOP ( 'NONE', ( #4007, #1805, #4455, #2803 ) ) ;
#976 = FACE_OUTER_BOUND ( 'NONE', #7158, .T. ) ;
#977 = CARTESIAN_POINT ( 'NONE',  ( -3.047926999194611400, 30.67923181090143500, -9.916824990576202500 ) ) ;
#978 = VERTEX_POINT ( 'NONE', #9240 ) ;
#979 = CYLINDRICAL_SURFACE ( 'NONE', #2355, 0.2000000000000000900 ) ;
#980 = ORIENTED_EDGE ( 'NONE', *, *, #2271, .F. ) ;
#981 = CARTESIAN_POINT ( 'NONE',  ( -2.513759998929610000, 28.36077100000000000, -12.49000000000000200 ) ) ;
#982 =( GEOMETRIC_REPRESENTATION_CONTEXT ( 3 ) GLOBAL_UNCERTAINTY_ASSIGNED_CONTEXT ( ( #5713 ) ) GLOBAL_UNIT_ASSIGNED_CONTEXT ( ( #2972, #8430, #3735 ) ) REPRESENTATION_CONTEXT ( 'NONE', 'WORKASPACE' ) );
#983 = CARTESIAN_POINT ( 'NONE',  ( 5.751561865021289000, 30.16156520800413400, -12.09730618385875200 ) ) ;
#984 = PRESENTATION_STYLE_ASSIGNMENT (( #8675 ) ) ;
#985 = FILL_AREA_STYLE_COLOUR ( '', #7441 ) ;
#986 = ORIENTED_EDGE ( 'NONE', *, *, #5237, .F. ) ;
#987 = PLANE ( 'NONE',  #6799 ) ;
#988 = CARTESIAN_POINT ( 'NONE',  ( 0.5500000005274953100, 20.66229349947143800, -12.54000000000000300 ) ) ;
#989 = ORIENTED_EDGE ( 'NONE', *, *, #6117, .F. ) ;
#990 = EDGE_CURVE ( 'NONE', #7808, #9461, #4731, .T. ) ;
#991 = CYLINDRICAL_SURFACE ( 'NONE', #473, 0.1999999999999996500 ) ;
#992 = EDGE_LOOP ( 'NONE', ( #5456, #3418, #665, #3196 ) ) ;
#993 = DIRECTION ( 'NONE',  ( -1.000000000000000000, 0.0000000000000000000, 0.0000000000000000000 ) ) ;
#994 = ORIENTED_EDGE ( 'NONE', *, *, #7934, .T. ) ;
#995 = CARTESIAN_POINT ( 'NONE',  ( 2.950000000527496000, 20.81229349947144100, -11.84000000000000200 ) ) ;
#996 = PRESENTATION_STYLE_ASSIGNMENT (( #9418 ) ) ;
#997 = ADVANCED_FACE ( 'NONE', ( #8926 ), #9516, .F. ) ;
#998 =( GEOMETRIC_REPRESENTATION_CONTEXT ( 3 ) GLOBAL_UNCERTAINTY_ASSIGNED_CONTEXT ( ( #8215 ) ) GLOBAL_UNIT_ASSIGNED_CONTEXT ( ( #7553, #2892, #8348 ) ) REPRESENTATION_CONTEXT ( 'NONE', 'WORKASPACE' ) );
#999 = ORIENTED_EDGE ( 'NONE', *, *, #7242, .F. ) ;
#1000 = EDGE_CURVE ( 'NONE', #9689, #1074, #2896, .T. ) ;
#1001 = ORIENTED_EDGE ( 'NONE', *, *, #40, .T. ) ;
#1002 = EDGE_CURVE ( 'NONE', #1556, #9740, #4923, .T. ) ;
#1003 = AXIS2_PLACEMENT_3D ( 'NONE', #2153, #1158, #651 ) ;
#1004 = VECTOR ( 'NONE', #3073, 1000.000000000000000 ) ;
#1005 = SURFACE_STYLE_USAGE ( .BOTH. , #971 ) ;
#1006 = UNCERTAINTY_MEASURE_WITH_UNIT (LENGTH_MEASURE( 1.000000000000000100E-005 ), #155, 'distance_accuracy_value', 'NONE');
#1007 = ORIENTED_EDGE ( 'NONE', *, *, #4467, .F. ) ;
#1008 = VERTEX_POINT ( 'NONE', #8502 ) ;
#1009 = SURFACE_STYLE_USAGE ( .BOTH. , #5577 ) ;
#1010 =( LENGTH_UNIT ( ) NAMED_UNIT ( * ) SI_UNIT ( .MILLI., .METRE. ) );
#1011 = UNCERTAINTY_MEASURE_WITH_UNIT (LENGTH_MEASURE( 1.000000000000000100E-005 ), #2312, 'distance_accuracy_value', 'NONE');
#1012 =( NAMED_UNIT ( * ) PLANE_ANGLE_UNIT ( ) SI_UNIT ( $, .RADIAN. ) );
#1013 = VECTOR ( 'NONE', #71, 1000.000000000000000 ) ;
#1014 = EDGE_CURVE ( 'NONE', #2788, #7551, #883, .T. ) ;
#1015 = VERTEX_POINT ( 'NONE', #8547 ) ;
#1016 =( LENGTH_UNIT ( ) NAMED_UNIT ( * ) SI_UNIT ( .MILLI., .METRE. ) );
#1017 = DIRECTION ( 'NONE',  ( -1.000000000000000000, 0.0000000000000000000, 0.0000000000000000000 ) ) ;
#1018 = PRESENTATION_LAYER_ASSIGNMENT (  '', '', ( #9544 ) ) ;
#1019 = LINE ( 'NONE', #6016, #3040 ) ;
#1020 = ORIENTED_EDGE ( 'NONE', *, *, #8555, .F. ) ;
#1021 = STYLED_ITEM ( 'NONE', ( #4946 ), #9218 ) ;
#1022 = ORIENTED_EDGE ( 'NONE', *, *, #3038, .T. ) ;
#1023 = CARTESIAN_POINT ( 'NONE',  ( 2.595522137056014900, 31.88823941409236400, -11.96500000000000200 ) ) ;
#1024 = AXIS2_PLACEMENT_3D ( 'NONE', #4539, #5318, #3839 ) ;
#1025 = CARTESIAN_POINT ( 'NONE',  ( 5.801138010389923500, 30.29337060985793400, -11.96500000000000200 ) ) ;
#1026 = UNCERTAINTY_MEASURE_WITH_UNIT (LENGTH_MEASURE( 1.000000000000000100E-005 ), #5307, 'distance_accuracy_value', 'NONE');
#1027 = ORIENTED_EDGE ( 'NONE', *, *, #122, .F. ) ;
#1028 = CARTESIAN_POINT ( 'NONE',  ( 7.393443656959535200, 28.06476556411928400, -9.907344371605523400 ) ) ;
#1029 = LINE ( 'NONE', #8885, #2804 ) ;
#1030 = FILL_AREA_STYLE_COLOUR ( '', #2748 ) ;
#1031 = CIRCLE ( 'NONE', #7533, 0.1999999999999999800 ) ;
#1032 = ORIENTED_EDGE ( 'NONE', *, *, #8852, .T. ) ;
#1033 = DIRECTION ( 'NONE',  ( 0.0000000000000000000, 0.0000000000000000000, -1.000000000000000000 ) ) ;
#1034 = AXIS2_PLACEMENT_3D ( 'NONE', #5066, #502, #5863 ) ;
#1035 = LINE ( 'NONE', #1568, #6687 ) ;
#1036 =( LENGTH_UNIT ( ) NAMED_UNIT ( * ) SI_UNIT ( .MILLI., .METRE. ) );
#1037 = PRESENTATION_LAYER_ASSIGNMENT (  '', '', ( #1 ) ) ;
#1038 = CARTESIAN_POINT ( 'NONE',  ( 6.075727357913884900, 30.00127025864882300, -10.03166327208683700 ) ) ;
#1039 = CARTESIAN_POINT ( 'NONE',  ( 5.050000000527496100, 20.81229349947144100, -12.44000000000000100 ) ) ;
#1040 = ADVANCED_FACE ( 'NONE', ( #2658 ), #7932, .T. ) ;
#1041 = CARTESIAN_POINT ( 'NONE',  ( -6.262459083474770900, 26.02861822945783700, -11.97519189657819400 ) ) ;
#1042 = VECTOR ( 'NONE', #2260, 1000.000000000000000 ) ;
#1043 = ORIENTED_EDGE ( 'NONE', *, *, #5917, .T. ) ;
#1044 = CARTESIAN_POINT ( 'NONE',  ( 5.244461006963478100, 30.72401862720996500, -9.765000000000000600 ) ) ;
#1045 = ORIENTED_EDGE ( 'NONE', *, *, #1237, .T. ) ;
#1046 = FILL_AREA_STYLE ('',( #1791 ) ) ;
#1047 = FILL_AREA_STYLE_COLOUR ( '', #935 ) ;
#1048 =( LENGTH_UNIT ( ) NAMED_UNIT ( * ) SI_UNIT ( .MILLI., .METRE. ) );
#1049 = STYLED_ITEM ( 'NONE', ( #4388 ), #7092 ) ;
#1050 = VERTEX_POINT ( 'NONE', #7189 ) ;
#1051 = CARTESIAN_POINT ( 'NONE',  ( -0.04999999947250471200, 20.81229349947144100, -11.84000000000000200 ) ) ;
#1052 = VECTOR ( 'NONE', #6766, 1000.000000000000000 ) ;
#1053 = EDGE_CURVE ( 'NONE', #8507, #1211, #3988, .T. ) ;
#1054 = LINE ( 'NONE', #6326, #3087 ) ;
#1055 = DIRECTION ( 'NONE',  ( 0.0000000000000000000, 0.0000000000000000000, -1.000000000000000000 ) ) ;
#1056 = VECTOR ( 'NONE', #3429, 1000.000000000000000 ) ;
#1057 = AXIS2_PLACEMENT_3D ( 'NONE', #7336, #2679, #8140 ) ;
#1058 = FACE_OUTER_BOUND ( 'NONE', #6826, .T. ) ;
#1059 = CARTESIAN_POINT ( 'NONE',  ( 7.753720771781443600, 27.19324256008137300, -12.15261413660682700 ) ) ;
#1060 = EDGE_CURVE ( 'NONE', #5903, #1285, #6008, .T. ) ;
#1061 = CARTESIAN_POINT ( 'NONE',  ( -4.602453961876663300, 26.71229279551774700, -12.49000000000000200 ) ) ;
#1062 = DIRECTION ( 'NONE',  ( -1.000000000000000000, 0.0000000000000000000, 0.0000000000000000000 ) ) ;
#1063 = ORIENTED_EDGE ( 'NONE', *, *, #3187, .F. ) ;
#1064 = CARTESIAN_POINT ( 'NONE',  ( -5.451113477335733000, 27.87837016427727100, -9.873279290114105300 ) ) ;
#1065 = STYLED_ITEM ( 'NONE', ( #5453 ), #8771 ) ;
#1066 = EDGE_CURVE ( 'NONE', #8792, #1192, #9972, .T. ) ;
#1067 = CARTESIAN_POINT ( 'NONE',  ( -0.5888704212199062900, 31.79780408999732800, -9.975196976199297800 ) ) ;
#1068 = DIRECTION ( 'NONE',  ( -1.916002574614195600E-006, 0.9999999999981643600, 0.0000000000000000000 ) ) ;
#1069 = CARTESIAN_POINT ( 'NONE',  ( 1.000000000527495600, 22.86229349947144100, -13.14000000000000200 ) ) ;
#1070 = CIRCLE ( 'NONE', #9450, 4.849999999999997900 ) ;
#1071 = CARTESIAN_POINT ( 'NONE',  ( 7.020804404261006000, 28.96460202732961200, -10.06500000000000100 ) ) ;
#1072 = STYLED_ITEM ( 'NONE', ( #9676 ), #711 ) ;
#1073 = EDGE_CURVE ( 'NONE', #8161, #3262, #1934, .T. ) ;
#1074 = VERTEX_POINT ( 'NONE', #6184 ) ;
#1075 = DIRECTION ( 'NONE',  ( 0.0000000000000000000, 1.000000000000000000, 0.0000000000000000000 ) ) ;
#1076 = VECTOR ( 'NONE', #5368, 1000.000000000000000 ) ;
#1077 = ADVANCED_FACE ( 'NONE', ( #9732 ), #2769, .T. ) ;
#1078 = PRESENTATION_LAYER_ASSIGNMENT (  '', '', ( #59 ) ) ;
#1079 = ORIENTED_EDGE ( 'NONE', *, *, #5387, .T. ) ;
#1080 = MECHANICAL_DESIGN_GEOMETRIC_PRESENTATION_REPRESENTATION (  '', ( #9071 ), #1585 ) ;
#1081 = FACE_OUTER_BOUND ( 'NONE', #1707, .T. ) ;
#1082 = DIRECTION ( 'NONE',  ( 1.000000000000000000, 0.0000000000000000000, 0.0000000000000000000 ) ) ;
#1083 = SURFACE_STYLE_FILL_AREA ( #346 ) ;
#1084 = CARTESIAN_POINT ( 'NONE',  ( 0.9999953779657178000, 24.66229349947143800, -12.26500000000000200 ) ) ;
#1085 = ORIENTED_EDGE ( 'NONE', *, *, #1066, .F. ) ;
#1086 = CARTESIAN_POINT ( 'NONE',  ( -1.446627247018356100, 31.55098304438816500, -9.975196976199296000 ) ) ;
#1087 = ORIENTED_EDGE ( 'NONE', *, *, #3589, .F. ) ;
#1088 = CARTESIAN_POINT ( 'NONE',  ( 0.9999953779657178000, 24.66229349947143800, -10.06500000000000100 ) ) ;
#1089 =( GEOMETRIC_REPRESENTATION_CONTEXT ( 3 ) GLOBAL_UNCERTAINTY_ASSIGNED_CONTEXT ( ( #6672 ) ) GLOBAL_UNIT_ASSIGNED_CONTEXT ( ( #2232, #7682, #3015 ) ) REPRESENTATION_CONTEXT ( 'NONE', 'WORKASPACE' ) );
#1090 = FACE_OUTER_BOUND ( 'NONE', #3661, .T. ) ;
#1091 = CARTESIAN_POINT ( 'NONE',  ( 2.050000000527497000, 20.96229349947143900, -11.99000000000000200 ) ) ;
#1092 = CARTESIAN_POINT ( 'NONE',  ( 0.9999953779657178000, 24.66229349947143800, -11.96500000000000200 ) ) ;
#1093 = VECTOR ( 'NONE', #7831, 1000.000000000000000 ) ;
#1094 = DIRECTION ( 'NONE',  ( -1.000000000000000000, 0.0000000000000000000, 0.0000000000000000000 ) ) ;
#1095 = CARTESIAN_POINT ( 'NONE',  ( -2.296251950704357300, 31.28760508069050100, -11.96500000000000000 ) ) ;
#1096 = EDGE_LOOP ( 'NONE', ( #1296, #721, #4095, #999 ) ) ;
#1097 = CARTESIAN_POINT ( 'NONE',  ( -3.945277990912571500, 27.03121911854659500, -9.540000000000000900 ) ) ;
#1098 = CARTESIAN_POINT ( 'NONE',  ( 3.463591478175752400, 31.48791379899423900, -9.921496195196093400 ) ) ;
#1099 =( LENGTH_UNIT ( ) NAMED_UNIT ( * ) SI_UNIT ( .MILLI., .METRE. ) );
#1100 = ORIENTED_EDGE ( 'NONE', *, *, #2976, .F. ) ;
#1101 = CARTESIAN_POINT ( 'NONE',  ( -2.407612214946006200, 31.00485566799742500, -12.16507722591731300 ) ) ;
#1102 = PRESENTATION_LAYER_ASSIGNMENT (  '', '', ( #93 ) ) ;
#1103 = ORIENTED_EDGE ( 'NONE', *, *, #7848, .T. ) ;
#1104 =( NAMED_UNIT ( * ) PLANE_ANGLE_UNIT ( ) SI_UNIT ( $, .RADIAN. ) );
#1105 = CARTESIAN_POINT ( 'NONE',  ( -0.1000046220347534500, 31.98008005006193600, -10.21192785751267900 ) ) ;
#1106 = PRESENTATION_STYLE_ASSIGNMENT (( #7450 ) ) ;
#1107 = VECTOR ( 'NONE', #5252, 1000.000000000000200 ) ;
#1108 = SURFACE_STYLE_USAGE ( .BOTH. , #340 ) ;
#1109 = EDGE_CURVE ( 'NONE', #7443, #8237, #6898, .T. ) ;
#1110 = VERTEX_POINT ( 'NONE', #6338 ) ;
#1111 = UNCERTAINTY_MEASURE_WITH_UNIT (LENGTH_MEASURE( 1.000000000000000100E-005 ), #436, 'distance_accuracy_value', 'NONE');
#1112 = EDGE_CURVE ( 'NONE', #9767, #1693, #8760, .T. ) ;
#1113 = ORIENTED_EDGE ( 'NONE', *, *, #5424, .F. ) ;
#1114 = SURFACE_STYLE_USAGE ( .BOTH. , #5700 ) ;
#1115 = CLOSED_SHELL ( 'NONE', ( #506, #2283, #3195, #1040, #2160, #77, #4133, #2822, #9011, #8444, #7282, #4091, #4209, #1450, #6104, #6479, #6844, #5542, #1163, #9274, #2382, #2684, #1613, #2536, #4344, #6628, #8720, #6170, #8023, #1077, #3294, #5247, #9348, #9386, #945, #1294, #4607, #4926, #5594, #5984, #1390, #5008, #5690, #9594, #3889, #7623, #2391, #6116, #606, #4168, #893, #4545, #8345, #3094, #6731, #1252, #4879, #8870, #3461, #7092, #1783, #5591, #9457, #3837, #7508, #2213, #5932, #457, #1559, #5147, #7239, #4672, #4001, #7731, #2491, #6274, #711, #4296, #8120, #2975, #6575, #1199, #4836, #8668, #6971, #5370, #9290, #3660, #7366, #2012, #4737, #5093, #5784, #7409, #7867, #8302, #8823, #9405, #3130, #8500, #2725, #557, #8512, #1510, #9113, #7744, #2585, #782, #8157, #6682, #3422, #6334, #4438, #3044, #7027, #5487, #3718, #2058, #6213, #7981, #6383, #4622, #3142, #6785, #1349, #4974, #8968, #3509, #7142, #1879, #5643, #9550, #2338, #6047, #6438, #8572, #1573, #5191, #9166, #8606, #2632, #4389, #8203, #3029, #3380, #5437, #6909, #1685, #5316, #5887, #7810, #836, #4478, #8249, #8771, #1735, #3773, #7460, #2108, #2772, #7928, #997, #4565, #8393, #8923, #1830, #9504, #7571, #2269, #2875, #4687, #3241, #1499, #5057, #9057, #3552, #7201, #1926, #5735, #9645, #3941, #7683, #2439, #6225, #659, #4254, #8074, #2925, #6528, #1121, #4787, #8622, #3334, #6896, #1628, #5302, #9218, #3605, #7326, #1972, #5832, #5422, #4046 ) ) ;
#1116 = UNCERTAINTY_MEASURE_WITH_UNIT (LENGTH_MEASURE( 1.000000000000000100E-005 ), #4184, 'distance_accuracy_value', 'NONE');
#1117 = SURFACE_STYLE_USAGE ( .BOTH. , #5702 ) ;
#1118 = VECTOR ( 'NONE', #9180, 1000.000000000000000 ) ;
#1119 = CARTESIAN_POINT ( 'NONE',  ( -6.019588088641595100, 27.00439681814319600, -11.96500000000000200 ) ) ;
#1120 = VECTOR ( 'NONE', #9879, 1000.000000000000000 ) ;
#1121 = ADVANCED_FACE ( 'NONE', ( #4808 ), #5184, .T. ) ;
#1122 = DIRECTION ( 'NONE',  ( 0.0000000000000000000, 0.0000000000000000000, -1.000000000000000000 ) ) ;
#1123 = ORIENTED_EDGE ( 'NONE', *, *, #1970, .T. ) ;
#1124 = FILL_AREA_STYLE ('',( #352 ) ) ;
#1125 = EDGE_CURVE ( 'NONE', #8395, #1895, #6905, .T. ) ;
#1126 = EDGE_CURVE ( 'NONE', #4009, #2957, #5884, .T. ) ;
#1127 = FACE_OUTER_BOUND ( 'NONE', #6800, .T. ) ;
#1128 = DIRECTION ( 'NONE',  ( 0.0000000000000000000, 0.0000000000000000000, -1.000000000000000000 ) ) ;
#1129 = STYLED_ITEM ( 'NONE', ( #2397 ), #1573 ) ;
#1130 = MECHANICAL_DESIGN_GEOMETRIC_PRESENTATION_REPRESENTATION (  '', ( #9669 ), #1648 ) ;
#1131 = FACE_OUTER_BOUND ( 'NONE', #5831, .T. ) ;
#1132 = CARTESIAN_POINT ( 'NONE',  ( 2.050000000527496100, 20.66229349947143800, -12.54000000000000300 ) ) ;
#1133 = ORIENTED_EDGE ( 'NONE', *, *, #6542, .F. ) ;
#1134 = CARTESIAN_POINT ( 'NONE',  ( 1.450000000527496400, 20.96229349947143900, -11.99000000000000200 ) ) ;
#1135 = AXIS2_PLACEMENT_3D ( 'NONE', #6864, #2218, #7667 ) ;
#1136 = ORIENTED_EDGE ( 'NONE', *, *, #9388, .T. ) ;
#1137 = DIRECTION ( 'NONE',  ( 0.0000000000000000000, 0.0000000000000000000, -1.000000000000000000 ) ) ;
#1138 = FILL_AREA_STYLE_COLOUR ( '', #1142 ) ;
#1139 = LINE ( 'NONE', #9058, #3183 ) ;
#1140 = EDGE_CURVE ( 'NONE', #7857, #439, #8043, .T. ) ;
#1141 =( NAMED_UNIT ( * ) PLANE_ANGLE_UNIT ( ) SI_UNIT ( $, .RADIAN. ) );
#1142 = COLOUR_RGB ( '',1.000000000000000000, 0.0000000000000000000, 1.000000000000000000 ) ;
#1143 = VECTOR ( 'NONE', #3904, 1000.000000000000000 ) ;
#1144 = DIRECTION ( 'NONE',  ( 0.0000000000000000000, 0.0000000000000000000, -1.000000000000000000 ) ) ;
#1145 = EDGE_LOOP ( 'NONE', ( #509, #4311, #6510, #5978 ) ) ;
#1146 = CYLINDRICAL_SURFACE ( 'NONE', #9244, 0.2000000000000005100 ) ;
#1147 =( LENGTH_UNIT ( ) NAMED_UNIT ( * ) SI_UNIT ( .MILLI., .METRE. ) );
#1148 = ORIENTED_EDGE ( 'NONE', *, *, #7973, .T. ) ;
#1149 = PRESENTATION_LAYER_ASSIGNMENT (  '', '', ( #144 ) ) ;
#1150 = UNCERTAINTY_MEASURE_WITH_UNIT (LENGTH_MEASURE( 1.000000000000000100E-005 ), #7284, 'distance_accuracy_value', 'NONE');
#1151 = CARTESIAN_POINT ( 'NONE',  ( 6.714006340618045200, 29.36442904820767200, -11.01500000000000200 ) ) ;
#1152 = FACE_OUTER_BOUND ( 'NONE', #2274, .T. ) ;
#1153 = CARTESIAN_POINT ( 'NONE',  ( -1.964612814636709000, 29.61132263784102700, -9.765000000000000600 ) ) ;
#1154 = EDGE_LOOP ( 'NONE', ( #8126, #8274, #8286, #8330 ) ) ;
#1155 = ORIENTED_EDGE ( 'NONE', *, *, #8254, .T. ) ;
#1156 = LINE ( 'NONE', #8049, #2959 ) ;
#1157 = MECHANICAL_DESIGN_GEOMETRIC_PRESENTATION_REPRESENTATION (  '', ( #9699 ), #1687 ) ;
#1158 = DIRECTION ( 'NONE',  ( 0.0000000000000000000, -0.0000000000000000000, 1.000000000000000000 ) ) ;
#1159 =( NAMED_UNIT ( * ) PLANE_ANGLE_UNIT ( ) SI_UNIT ( $, .RADIAN. ) );
#1160 = VECTOR ( 'NONE', #8510, 1000.000000000000000 ) ;
#1161 = EDGE_CURVE ( 'NONE', #4574, #9783, #1818, .T. ) ;
#1162 = VECTOR ( 'NONE', #6712, 1000.000000000000000 ) ;
#1163 = ADVANCED_FACE ( 'NONE', ( #1567 ), #8877, .T. ) ;
#1164 = EDGE_CURVE ( 'NONE', #5415, #5929, #5273, .T. ) ;
#1165 = LINE ( 'NONE', #3812, #7134 ) ;
#1166 = MECHANICAL_DESIGN_GEOMETRIC_PRESENTATION_REPRESENTATION (  '', ( #9707 ), #1692 ) ;
#1167 =( NAMED_UNIT ( * ) PLANE_ANGLE_UNIT ( ) SI_UNIT ( $, .RADIAN. ) );
#1168 = LINE ( 'NONE', #8981, #7139 ) ;
#1169 = PRESENTATION_LAYER_ASSIGNMENT (  '', '', ( #169 ) ) ;
#1170 = PRODUCT_DEFINITION_CONTEXT ( 'detailed design', #4180, 'design' ) ;
#1171 = CARTESIAN_POINT ( 'NONE',  ( 6.156582860434991000, 27.48437236181266400, -12.49000000000000200 ) ) ;
#1172 = FILL_AREA_STYLE ('',( #8966 ) ) ;
#1173 =( NAMED_UNIT ( * ) PLANE_ANGLE_UNIT ( ) SI_UNIT ( $, .RADIAN. ) );
#1174 = SURFACE_STYLE_FILL_AREA ( #3227 ) ;
#1175 = FILL_AREA_STYLE ('',( #348 ) ) ;
#1176 = MECHANICAL_DESIGN_GEOMETRIC_PRESENTATION_REPRESENTATION (  '', ( #9720 ), #1711 ) ;
#1177 = FILL_AREA_STYLE ('',( #409 ) ) ;
#1178 = DIRECTION ( 'NONE',  ( 0.0000000000000000000, -0.0000000000000000000, 1.000000000000000000 ) ) ;
#1179 = VERTEX_POINT ( 'NONE', #1853 ) ;
#1180 = CARTESIAN_POINT ( 'NONE',  ( -3.502453961876663700, 25.61229279551774600, -12.44000000000000100 ) ) ;
#1181 = COLOUR_RGB ( '',1.000000000000000000, 1.000000000000000000, 1.000000000000000000 ) ;
#1182 = ORIENTED_EDGE ( 'NONE', *, *, #588, .T. ) ;
#1183 = DIRECTION ( 'NONE',  ( 0.0000000000000000000, -0.0000000000000000000, 1.000000000000000000 ) ) ;
#1184 = PLANE ( 'NONE',  #7823 ) ;
#1185 = FACE_BOUND ( 'NONE', #7167, .T. ) ;
#1186 = SURFACE_STYLE_FILL_AREA ( #8262 ) ;
#1187 = FILL_AREA_STYLE_COLOUR ( '', #961 ) ;
#1188 = ORIENTED_EDGE ( 'NONE', *, *, #8145, .F. ) ;
#1189 = AXIS2_PLACEMENT_3D ( 'NONE', #2452, #7915, #3223 ) ;
#1190 = VERTEX_POINT ( 'NONE', #196 ) ;
#1191 = AXIS2_PLACEMENT_3D ( 'NONE', #5042, #4363, #4331 ) ;
#1192 = VERTEX_POINT ( 'NONE', #8 ) ;
#1193 = FILL_AREA_STYLE_COLOUR ( '', #2324 ) ;
#1194 =( NAMED_UNIT ( * ) SI_UNIT ( $, .STERADIAN. ) SOLID_ANGLE_UNIT ( ) );
#1195 =( GEOMETRIC_REPRESENTATION_CONTEXT ( 3 ) GLOBAL_UNCERTAINTY_ASSIGNED_CONTEXT ( ( #4118 ) ) GLOBAL_UNIT_ASSIGNED_CONTEXT ( ( #6803, #2156, #7605 ) ) REPRESENTATION_CONTEXT ( 'NONE', 'WORKASPACE' ) );
#1196 = SURFACE_STYLE_USAGE ( .BOTH. , #2722 ) ;
#1197 = CARTESIAN_POINT ( 'NONE',  ( -3.049999999472504900, 20.81229349947144100, -12.44000000000000100 ) ) ;
#1198 = VERTEX_POINT ( 'NONE', #493 ) ;
#1199 = ADVANCED_FACE ( 'NONE', ( #7045 ), #152, .T. ) ;
#1200 = CARTESIAN_POINT ( 'NONE',  ( 2.099995377965719000, 32.10809768706595700, -11.76500000000000100 ) ) ;
#1201 = SURFACE_SIDE_STYLE ('',( #7038 ) ) ;
#1202 = LINE ( 'NONE', #4529, #6913 ) ;
#1203 = COLOUR_RGB ( '',0.0000000000000000000, 0.0000000000000000000, 1.000000000000000000 ) ;
#1204 =( NAMED_UNIT ( * ) PLANE_ANGLE_UNIT ( ) SI_UNIT ( $, .RADIAN. ) );
#1205 = DIRECTION ( 'NONE',  ( 0.0000000000000000000, 0.0000000000000000000, 1.000000000000000000 ) ) ;
#1206 = EDGE_LOOP ( 'NONE', ( #7321, #5569, #8304, #1032 ) ) ;
#1207 = DIRECTION ( 'NONE',  ( 0.0000000000000000000, 0.0000000000000000000, 1.000000000000000000 ) ) ;
#1208 = SURFACE_SIDE_STYLE ('',( #7816 ) ) ;
#1209 = CARTESIAN_POINT ( 'NONE',  ( -1.549999999472504700, 20.81229349947144100, -11.84000000000000200 ) ) ;
#1210 = CYLINDRICAL_SURFACE ( 'NONE', #1024, 7.400000000000000400 ) ;
#1211 = VERTEX_POINT ( 'NONE', #6285 ) ;
#1212 = DIRECTION ( 'NONE',  ( -1.000000000000000000, 0.0000000000000000000, 0.0000000000000000000 ) ) ;
#1213 = EDGE_LOOP ( 'NONE', ( #2870, #4936, #8919, #6283, #556, #366, #3938, #8901, #1217 ) ) ;
#1214 = UNCERTAINTY_MEASURE_WITH_UNIT (LENGTH_MEASURE( 1.000000000000000100E-005 ), #2495, 'distance_accuracy_value', 'NONE');
#1215 = PRESENTATION_LAYER_ASSIGNMENT (  '', '', ( #1759 ) ) ;
#1216 = ORIENTED_EDGE ( 'NONE', *, *, #2427, .T. ) ;
#1217 = ORIENTED_EDGE ( 'NONE', *, *, #4897, .T. ) ;
#1218 = EDGE_CURVE ( 'NONE', #6126, #689, #4916, .T. ) ;
#1219 = CARTESIAN_POINT ( 'NONE',  ( 4.474084942581325400, 31.19610568662749000, -9.765000000000000600 ) ) ;
#1220 = CARTESIAN_POINT ( 'NONE',  ( 7.194500901707766800, 28.60029218733391700, -10.00528144541404900 ) ) ;
#1221 = COLOUR_RGB ( '',1.000000000000000000, 1.000000000000000000, 1.000000000000000000 ) ;
#1222 = ORIENTED_EDGE ( 'NONE', *, *, #6964, .F. ) ;
#1223 = EDGE_CURVE ( 'NONE', #1821, #6554, #8149, .T. ) ;
#1224 = CARTESIAN_POINT ( 'NONE',  ( 6.098368797456119600, 30.02574280709370300, -11.96500000000000200 ) ) ;
#1225 = STYLED_ITEM ( 'NONE', ( #2448 ), #2772 ) ;
#1226 = VERTEX_POINT ( 'NONE', #4822 ) ;
#1227 =( NAMED_UNIT ( * ) SI_UNIT ( $, .STERADIAN. ) SOLID_ANGLE_UNIT ( ) );
#1228 = CARTESIAN_POINT ( 'NONE',  ( 6.852453769200100600, 26.46229349947144300, -11.84000000000000200 ) ) ;
#1229 = DIRECTION ( 'NONE',  ( 1.000000000000000000, 0.0000000000000000000, 0.0000000000000000000 ) ) ;
#1230 = LINE ( 'NONE', #2367, #5295 ) ;
#1231 = CARTESIAN_POINT ( 'NONE',  ( 6.852453769200100600, 25.86229349947144100, -12.54000000000000300 ) ) ;
#1232 = CIRCLE ( 'NONE', #8099, 7.399999999999999500 ) ;
#1233 =( LENGTH_UNIT ( ) NAMED_UNIT ( * ) SI_UNIT ( .MILLI., .METRE. ) );
#1234 = DIRECTION ( 'NONE',  ( 0.0000000000000000000, 0.0000000000000000000, -1.000000000000000000 ) ) ;
#1235 = AXIS2_PLACEMENT_3D ( 'NONE', #7668, #7515, #7477 ) ;
#1236 = ORIENTED_EDGE ( 'NONE', *, *, #422, .T. ) ;
#1237 = EDGE_CURVE ( 'NONE', #8933, #689, #3973, .T. ) ;
#1238 = DIRECTION ( 'NONE',  ( -1.000000000000000000, 0.0000000000000000000, 0.0000000000000000000 ) ) ;
#1239 = DIRECTION ( 'NONE',  ( -1.000000000000000000, 0.0000000000000000000, 0.0000000000000000000 ) ) ;
#1240 = MECHANICAL_DESIGN_GEOMETRIC_PRESENTATION_REPRESENTATION (  '', ( #251 ), #1782 ) ;
#1241 =( GEOMETRIC_REPRESENTATION_CONTEXT ( 3 ) GLOBAL_UNCERTAINTY_ASSIGNED_CONTEXT ( ( #563 ) ) GLOBAL_UNIT_ASSIGNED_CONTEXT ( ( #6512, #1890, #7323 ) ) REPRESENTATION_CONTEXT ( 'NONE', 'WORKASPACE' ) );
#1242 = DIRECTION ( 'NONE',  ( 1.000000000000000000, 0.0000000000000000000, 0.0000000000000000000 ) ) ;
#1243 = SURFACE_STYLE_FILL_AREA ( #9243 ) ;
#1244 = B_SPLINE_CURVE_WITH_KNOTS ( 'NONE', 3,
 ( #9283, #9064, #8944, #8914, #8880, #8766, #8730, #8695 ),
 .UNSPECIFIED., .F., .F.,
 ( 4, 2, 2, 4 ),
 ( 0.0003059177918489760400, 0.0004173966715009826900, 0.0005288755511529894000, 0.0007518333104570055200 ),
 .UNSPECIFIED. ) ;
#1245 = ORIENTED_EDGE ( 'NONE', *, *, #8954, .F. ) ;
#1246 = AXIS2_PLACEMENT_3D ( 'NONE', #981, #6352, #1740 ) ;
#1247 = MECHANICAL_DESIGN_GEOMETRIC_PRESENTATION_REPRESENTATION (  '', ( #257 ), #1786 ) ;
#1248 = CARTESIAN_POINT ( 'NONE',  ( -3.079104595221441500, 30.83650951518910300, -11.01500000000000200 ) ) ;
#1249 = SURFACE_STYLE_FILL_AREA ( #9118 ) ;
#1250 = DIRECTION ( 'NONE',  ( -1.000000000000000000, 0.0000000000000000000, 0.0000000000000000000 ) ) ;
#1251 = VERTEX_POINT ( 'NONE', #6328 ) ;
#1252 = ADVANCED_FACE ( 'NONE', ( #3715 ), #991, .F. ) ;
#1253 = COLOUR_RGB ( '',1.000000000000000000, 0.0000000000000000000, 1.000000000000000000 ) ;
#1254 = FACE_OUTER_BOUND ( 'NONE', #6, .T. ) ;
#1255 = CARTESIAN_POINT ( 'NONE',  ( 7.500245722198886100, 28.19878122916831800, -11.96500000000000200 ) ) ;
#1256 = ORIENTED_EDGE ( 'NONE', *, *, #6542, .T. ) ;
#1257 =( NAMED_UNIT ( * ) SI_UNIT ( $, .STERADIAN. ) SOLID_ANGLE_UNIT ( ) );
#1258 = ORIENTED_EDGE ( 'NONE', *, *, #5387, .F. ) ;
#1259 = SURFACE_STYLE_USAGE ( .BOTH. , #5856 ) ;
#1260 = VECTOR ( 'NONE', #5794, 1000.000000000000000 ) ;
#1261 = ORIENTED_EDGE ( 'NONE', *, *, #3927, .F. ) ;
#1262 = DIRECTION ( 'NONE',  ( -0.0000000000000000000, -0.0000000000000000000, 1.000000000000000000 ) ) ;
#1263 =( NAMED_UNIT ( * ) SI_UNIT ( $, .STERADIAN. ) SOLID_ANGLE_UNIT ( ) );
#1264 = FILL_AREA_STYLE ('',( #510 ) ) ;
#1265 = SURFACE_STYLE_USAGE ( .BOTH. , #1201 ) ;
#1266 = EDGE_CURVE ( 'NONE', #5684, #7919, #5014, .T. ) ;
#1267 = FACE_OUTER_BOUND ( 'NONE', #1145, .T. ) ;
#1268 = DIRECTION ( 'NONE',  ( -1.000000000000000000, 0.0000000000000000000, 0.0000000000000000000 ) ) ;
#1269 = UNCERTAINTY_MEASURE_WITH_UNIT (LENGTH_MEASURE( 1.000000000000000100E-005 ), #7833, 'distance_accuracy_value', 'NONE');
#1270 = DIRECTION ( 'NONE',  ( -1.000000000000000000, 0.0000000000000000000, 0.0000000000000000000 ) ) ;
#1271 = AXIS2_PLACEMENT_3D ( 'NONE', #6160, #1537, #6979 ) ;
#1272 = ORIENTED_EDGE ( 'NONE', *, *, #2335, .F. ) ;
#1273 = CARTESIAN_POINT ( 'NONE',  ( -2.449999999472502600, 20.66229349947143800, -11.84000000000000200 ) ) ;
#1274 = FILL_AREA_STYLE_COLOUR ( '', #9828 ) ;
#1275 = VECTOR ( 'NONE', #3511, 1000.000000000000000 ) ;
#1276 = FILL_AREA_STYLE_COLOUR ( '', #1306 ) ;
#1277 = EDGE_CURVE ( 'NONE', #4481, #964, #7171, .T. ) ;
#1278 = EDGE_CURVE ( 'NONE', #432, #5587, #2935, .T. ) ;
#1279 = SURFACE_SIDE_STYLE ('',( #6739 ) ) ;
#1280 =( NAMED_UNIT ( * ) PLANE_ANGLE_UNIT ( ) SI_UNIT ( $, .RADIAN. ) );
#1282 = CARTESIAN_POINT ( 'NONE',  ( 1.000000000527495600, 24.86229299947142100, -9.540000000000000900 ) ) ;
#1281 = SURFACE_SIDE_STYLE ('',( #3016 ) ) ;
#1283 = UNCERTAINTY_MEASURE_WITH_UNIT (LENGTH_MEASURE( 1.000000000000000100E-005 ), #8322, 'distance_accuracy_value', 'NONE');
#1284 = FILL_AREA_STYLE_COLOUR ( '', #4383 ) ;
#1285 = VERTEX_POINT ( 'NONE', #4550 ) ;
#1286 = LINE ( 'NONE', #3062, #5103 ) ;
#1287 = ORIENTED_EDGE ( 'NONE', *, *, #6974, .F. ) ;
#1288 = COLOUR_RGB ( '',1.000000000000000000, 0.0000000000000000000, 1.000000000000000000 ) ;
#1289 = CARTESIAN_POINT ( 'NONE',  ( -1.549999999472504700, 20.66229349947143800, -12.44000000000000100 ) ) ;
#1290 = EDGE_CURVE ( 'NONE', #8780, #2033, #6894, .T. ) ;
#1291 = SURFACE_STYLE_FILL_AREA ( #8316 ) ;
#1292 = EDGE_CURVE ( 'NONE', #9753, #4084, #6003, .T. ) ;
#1293 = PRESENTATION_LAYER_ASSIGNMENT (  '', '', ( #1838 ) ) ;
#1294 = ADVANCED_FACE ( 'NONE', ( #6633 ), #3840, .T. ) ;
#1295 = SURFACE_SIDE_STYLE ('',( #1864 ) ) ;
#1296 = ORIENTED_EDGE ( 'NONE', *, *, #8863, .T. ) ;
#1297 = STYLED_ITEM ( 'NONE', ( #293 ), #9348 ) ;
#1298 = DIRECTION ( 'NONE',  ( 0.0000000000000000000, 0.0000000000000000000, -1.000000000000000000 ) ) ;
#1299 = VERTEX_POINT ( 'NONE', #3785 ) ;
#1300 = AXIS2_PLACEMENT_3D ( 'NONE', #4304, #9818, #5077 ) ;
#1301 = ORIENTED_EDGE ( 'NONE', *, *, #9126, .F. ) ;
#1302 = DIRECTION ( 'NONE',  ( 0.0000000000000000000, 1.000000000000000000, 0.0000000000000000000 ) ) ;
#1303 = PLANE ( 'NONE',  #5747 ) ;
#1304 = EDGE_CURVE ( 'NONE', #6400, #1496, #8033, .T. ) ;
#1305 = DIRECTION ( 'NONE',  ( 0.0000000000000000000, 0.0000000000000000000, -1.000000000000000000 ) ) ;
#1306 = COLOUR_RGB ( '',1.000000000000000000, 0.0000000000000000000, 1.000000000000000000 ) ;
#1307 = B_SPLINE_CURVE_WITH_KNOTS ( 'NONE', 3,
 ( #9493, #2458, #3198, #4759, #5527, #967, #6337, #7165, #3264, #4037, #9525, #4791, #225, #5567 ),
 .UNSPECIFIED., .F., .F.,
 ( 4, 2, 2, 2, 2, 2, 4 ),
 ( 4.336808689942017700E-019, 0.0001879583276142513500, 0.0002819374914213768000, 0.0003759166552285022700, 0.0004698958190356277400, 0.0005638749828427543600, 0.0007518333104570022700 ),
 .UNSPECIFIED. ) ;
#1308 = DIRECTION ( 'NONE',  ( -1.000000000000000000, 0.0000000000000000000, 0.0000000000000000000 ) ) ;
#1309 = FILL_AREA_STYLE ('',( #5106 ) ) ;
#1310 = CARTESIAN_POINT ( 'NONE',  ( 0.5500000005274974200, 20.96229349947143900, -11.84000000000000200 ) ) ;
#1311 = CARTESIAN_POINT ( 'NONE',  ( 3.550000000527496500, 20.96229349947143900, -11.84000000000000200 ) ) ;
#1312 = ORIENTED_EDGE ( 'NONE', *, *, #8531, .T. ) ;
#1313 = AXIS2_PLACEMENT_3D ( 'NONE', #3672, #2923, #8407 ) ;
#1314 = VECTOR ( 'NONE', #757, 1000.000000000000000 ) ;
#1315 =( GEOMETRIC_REPRESENTATION_CONTEXT ( 3 ) GLOBAL_UNCERTAINTY_ASSIGNED_CONTEXT ( ( #8331 ) ) GLOBAL_UNIT_ASSIGNED_CONTEXT ( ( #9971, #9872, #9518 ) ) REPRESENTATION_CONTEXT ( 'NONE', 'WORKASPACE' ) );
#1316 = CARTESIAN_POINT ( 'NONE',  ( -4.454251371158164800, 29.36240804792217000, -12.16507722591731500 ) ) ;
#1317 = CARTESIAN_POINT ( 'NONE',  ( 2.590217405403266500, 31.84248187391380800, -12.01082355467147200 ) ) ;
#1318 = VERTEX_POINT ( 'NONE', #2247 ) ;
#1319 = VERTEX_POINT ( 'NONE', #2924 ) ;
#1320 = ORIENTED_EDGE ( 'NONE', *, *, #2063, .F. ) ;
#1321 = DIRECTION ( 'NONE',  ( 0.0000000000000000000, 0.0000000000000000000, -1.000000000000000000 ) ) ;
#1322 = SURFACE_STYLE_FILL_AREA ( #3802 ) ;
#1323 = DIRECTION ( 'NONE',  ( 0.9999999999981645800, 1.916002574614195600E-006, 0.0000000000000000000 ) ) ;
#1324 = DIRECTION ( 'NONE',  ( 0.0000000000000000000, -0.0000000000000000000, 1.000000000000000000 ) ) ;
#1325 = SURFACE_SIDE_STYLE ('',( #3221 ) ) ;
#1326 = FACE_OUTER_BOUND ( 'NONE', #9311, .T. ) ;
#1327 = VECTOR ( 'NONE', #4213, 1000.000000000000000 ) ;
#1328 = ORIENTED_EDGE ( 'NONE', *, *, #2901, .F. ) ;
#1329 = DIRECTION ( 'NONE',  ( 0.0000000000000000000, 0.0000000000000000000, -1.000000000000000000 ) ) ;
#1330 = CARTESIAN_POINT ( 'NONE',  ( -0.9499999994725048000, 20.66229349947143800, -12.54000000000000300 ) ) ;
#1331 = ORIENTED_EDGE ( 'NONE', *, *, #6485, .T. ) ;
#1332 = ORIENTED_EDGE ( 'NONE', *, *, #4697, .F. ) ;
#1333 = ORIENTED_EDGE ( 'NONE', *, *, #2666, .T. ) ;
#1334 = FILL_AREA_STYLE ('',( #3611 ) ) ;
#1335 = PRESENTATION_LAYER_ASSIGNMENT (  '', '', ( #330 ) ) ;
#1336 = DIRECTION ( 'NONE',  ( 1.000000000000000000, 0.0000000000000000000, 0.0000000000000000000 ) ) ;
#1337 = PRESENTATION_STYLE_ASSIGNMENT (( #9808 ) ) ;
#1338 = CARTESIAN_POINT ( 'NONE',  ( -0.9499999994725030200, 20.81229349947144100, -11.99000000000000200 ) ) ;
#1339 = ORIENTED_EDGE ( 'NONE', *, *, #8224, .F. ) ;
#1340 = EDGE_CURVE ( 'NONE', #385, #9006, #2034, .T. ) ;
#1341 = DIRECTION ( 'NONE',  ( -1.000000000000000000, 0.0000000000000000000, 0.0000000000000000000 ) ) ;
#1342 = EDGE_CURVE ( 'NONE', #5236, #2966, #5874, .T. ) ;
#1343 = ORIENTED_EDGE ( 'NONE', *, *, #9677, .T. ) ;
#1344 = PLANE ( 'NONE',  #7107 ) ;
#1345 = MECHANICAL_DESIGN_GEOMETRIC_PRESENTATION_REPRESENTATION (  '', ( #6978 ), #1883 ) ;
#1346 = CARTESIAN_POINT ( 'NONE',  ( -4.714015584686597600, 29.36442904820769000, -11.01500000000000200 ) ) ;
#1347 = DIRECTION ( 'NONE',  ( -1.000000000000000000, 0.0000000000000000000, 0.0000000000000000000 ) ) ;
#1348 = CARTESIAN_POINT ( 'NONE',  ( 4.450000000527496400, 20.66229349947143800, -12.54000000000000300 ) ) ;
#1349 = ADVANCED_FACE ( 'NONE', ( #9839 ), #5301, .F. ) ;
#1350 = VECTOR ( 'NONE', #3272, 1000.000000000000000 ) ;
#1351 = AXIS2_PLACEMENT_3D ( 'NONE', #6658, #2030, #5882 ) ;
#1352 = ORIENTED_EDGE ( 'NONE', *, *, #8735, .F. ) ;
#1353 = ORIENTED_EDGE ( 'NONE', *, *, #3578, .F. ) ;
#1354 = EDGE_CURVE ( 'NONE', #1110, #3274, #4908, .T. ) ;
#1355 =( NAMED_UNIT ( * ) PLANE_ANGLE_UNIT ( ) SI_UNIT ( $, .RADIAN. ) );
#1356 = CIRCLE ( 'NONE', #1057, 7.399999999999999500 ) ;
#1357 = SURFACE_STYLE_USAGE ( .BOTH. , #5959 ) ;
#1358 = STYLED_ITEM ( 'NONE', ( #8804 ), #8923 ) ;
#1359 = FILL_AREA_STYLE_COLOUR ( '', #3959 ) ;
#1360 = CARTESIAN_POINT ( 'NONE',  ( 2.078091883019115300, 31.98343398248256600, -10.16013063187048400 ) ) ;
#1361 = PRESENTATION_STYLE_ASSIGNMENT (( #3814 ) ) ;
#1362 = CARTESIAN_POINT ( 'NONE',  ( -3.602453961876661100, 25.86229349947144100, -12.54000000000000300 ) ) ;
#1363 = CARTESIAN_POINT ( 'NONE',  ( 2.099995377965719000, 31.98008005006171900, -10.06500000000000100 ) ) ;
#1364 = EDGE_LOOP ( 'NONE', ( #9802, #5512, #8219, #3295, #5851, #8821, #7911, #5151, #6446 ) ) ;
#1365 = STYLED_ITEM ( 'NONE', ( #2351 ), #893 ) ;
#1366 = EDGE_CURVE ( 'NONE', #7065, #1594, #859, .T. ) ;
#1367 =( LENGTH_UNIT ( ) NAMED_UNIT ( * ) SI_UNIT ( .MILLI., .METRE. ) );
#1368 = SURFACE_SIDE_STYLE ('',( #9864 ) ) ;
#1369 = DIRECTION ( 'NONE',  ( 1.000000000000000000, 0.0000000000000000000, 0.0000000000000000000 ) ) ;
#1370 = B_SPLINE_CURVE_WITH_KNOTS ( 'NONE', 3,
 ( #5160, #9911, #1360, #6783, #2131, #7584 ),
 .UNSPECIFIED., .F., .F.,
 ( 4, 2, 4 ),
 ( 0.0000000000000000000, 0.0001569193979371635700, 0.0003138387958743271500 ),
 .UNSPECIFIED. ) ;
#1371 =( GEOMETRIC_REPRESENTATION_CONTEXT ( 3 ) GLOBAL_UNCERTAINTY_ASSIGNED_CONTEXT ( ( #3946 ) ) GLOBAL_UNIT_ASSIGNED_CONTEXT ( ( #5413, #854, #6222 ) ) REPRESENTATION_CONTEXT ( 'NONE', 'WORKASPACE' ) );
#1372 = PRESENTATION_LAYER_ASSIGNMENT (  '', '', ( #1911 ) ) ;
#1373 = CARTESIAN_POINT ( 'NONE',  ( -3.049999999472504400, 21.96229349947143600, -12.44000000000000100 ) ) ;
#1374 = CARTESIAN_POINT ( 'NONE',  ( 8.254356734251540900, 25.99889288415798600, -10.04143143084012200 ) ) ;
#1375 = SURFACE_STYLE_USAGE ( .BOTH. , #5982 ) ;
#1376 = EDGE_LOOP ( 'NONE', ( #8505, #8521, #8530, #8554 ) ) ;
#1377 = UNCERTAINTY_MEASURE_WITH_UNIT (LENGTH_MEASURE( 1.000000000000000100E-005 ), #7497, 'distance_accuracy_value', 'NONE');
#1378 = CARTESIAN_POINT ( 'NONE',  ( 7.753720771781427600, 27.24206583162628800, -12.13548121892980800 ) ) ;
#1379 = STYLED_ITEM ( 'NONE', ( #984 ), #3044 ) ;
#1380 = VERTEX_POINT ( 'NONE', #7813 ) ;
#1381 = CARTESIAN_POINT ( 'NONE',  ( -4.852453961876661600, 26.46229349947144300, -11.84000000000000200 ) ) ;
#1382 = STYLED_ITEM ( 'NONE', ( #7376 ), #5380 ) ;
#1383 = CARTESIAN_POINT ( 'NONE',  ( 6.560801507837138200, 29.31465207819203700, -9.915232240729769900 ) ) ;
#1384 = LINE ( 'NONE', #8550, #9460 ) ;
#1385 = CARTESIAN_POINT ( 'NONE',  ( 5.300000000527495200, 20.96229614966531000, -12.44000000000000100 ) ) ;
#1386 = CARTESIAN_POINT ( 'NONE',  ( 6.852453769200100600, 26.46229349947144300, -12.54000000000000300 ) ) ;
#1387 = SURFACE_STYLE_USAGE ( .BOTH. , #6001 ) ;
#1388 = MECHANICAL_DESIGN_GEOMETRIC_PRESENTATION_REPRESENTATION (  '', ( #378 ), #1929 ) ;
#1389 = LINE ( 'NONE', #6588, #3226 ) ;
#1390 = ADVANCED_FACE ( 'NONE', ( #4665 ), #1921, .F. ) ;
#1391 = UNCERTAINTY_MEASURE_WITH_UNIT (LENGTH_MEASURE( 1.000000000000000100E-005 ), #5150, 'distance_accuracy_value', 'NONE');
#1392 =( NAMED_UNIT ( * ) SI_UNIT ( $, .STERADIAN. ) SOLID_ANGLE_UNIT ( ) );
#1393 = CARTESIAN_POINT ( 'NONE',  ( 0.5500000005274974200, 20.96229676927035300, -11.84000000000000200 ) ) ;
#1394 = UNCERTAINTY_MEASURE_WITH_UNIT (LENGTH_MEASURE( 1.000000000000000100E-005 ), #1415, 'distance_accuracy_value', 'NONE');
#1395 = PLANE ( 'NONE',  #1135 ) ;
#1396 = VECTOR ( 'NONE', #4161, 1000.000000000000000 ) ;
#1397 = CARTESIAN_POINT ( 'NONE',  ( 6.899985530787216900, 25.61229242923305800, -12.49000000000000200 ) ) ;
#1398 = CARTESIAN_POINT ( 'NONE',  ( 5.602453769200100600, 26.46229349947144300, -12.44000000000000100 ) ) ;
#1399 = SURFACE_STYLE_USAGE ( .BOTH. , #6012 ) ;
#1400 = LINE ( 'NONE', #7926, #3446 ) ;
#1401 =( GEOMETRIC_REPRESENTATION_CONTEXT ( 3 ) GLOBAL_UNCERTAINTY_ASSIGNED_CONTEXT ( ( #269 ) ) GLOBAL_UNIT_ASSIGNED_CONTEXT ( ( #8170, #3453, #8949 ) ) REPRESENTATION_CONTEXT ( 'NONE', 'WORKASPACE' ) );
#1402 = DIRECTION ( 'NONE',  ( 7.150856675050581200E-016, 1.000000000000000000, -0.0000000000000000000 ) ) ;
#1403 = FILL_AREA_STYLE ('',( #653 ) ) ;
#1404 =( NAMED_UNIT ( * ) SI_UNIT ( $, .STERADIAN. ) SOLID_ANGLE_UNIT ( ) );
#1405 = DIRECTION ( 'NONE',  ( 0.0000000000000000000, 0.0000000000000000000, -1.000000000000000000 ) ) ;
#1406 = VECTOR ( 'NONE', #8045, 1000.000000000000000 ) ;
#1407 = FILL_AREA_STYLE_COLOUR ( '', #7633 ) ;
#1408 = UNCERTAINTY_MEASURE_WITH_UNIT (LENGTH_MEASURE( 1.000000000000000100E-005 ), #5271, 'distance_accuracy_value', 'NONE');
#1409 = PRESENTATION_STYLE_ASSIGNMENT (( #3948 ) ) ;
#1410 = ORIENTED_EDGE ( 'NONE', *, *, #122, .T. ) ;
#1411 = EDGE_CURVE ( 'NONE', #8656, #6014, #3963, .T. ) ;
#1412 = STYLED_ITEM ( 'NONE', ( #5047 ), #2632 ) ;
#1413 = ORIENTED_EDGE ( 'NONE', *, *, #5917, .F. ) ;
#1414 =( LENGTH_UNIT ( ) NAMED_UNIT ( * ) SI_UNIT ( .MILLI., .METRE. ) );
#1415 =( LENGTH_UNIT ( ) NAMED_UNIT ( * ) SI_UNIT ( .MILLI., .METRE. ) );
#1416 = CARTESIAN_POINT ( 'NONE',  ( -1.549999999472504700, 21.96229349947143900, -12.54000000000000300 ) ) ;
#1417 = SURFACE_SIDE_STYLE ('',( #827 ) ) ;
#1418 = CARTESIAN_POINT ( 'NONE',  ( -4.412947251596411200, 29.41015381692616200, -12.16492159147831800 ) ) ;
#1419 = FILL_AREA_STYLE_COLOUR ( '', #4597 ) ;
#1420 = CARTESIAN_POINT ( 'NONE',  ( 2.745443374170720900, 31.64544697503637800, -12.16706856683120500 ) ) ;
#1421 = LINE ( 'NONE', #2157, #5517 ) ;
#1422 = ORIENTED_EDGE ( 'NONE', *, *, #4147, .F. ) ;
#1423 = FACE_OUTER_BOUND ( 'NONE', #9607, .T. ) ;
#1424 =( LENGTH_UNIT ( ) NAMED_UNIT ( * ) SI_UNIT ( .MILLI., .METRE. ) );
#1425 = ORIENTED_EDGE ( 'NONE', *, *, #8794, .F. ) ;
#1426 = MECHANICAL_DESIGN_GEOMETRIC_PRESENTATION_REPRESENTATION (  '', ( #410 ), #1957 ) ;
#1427 = EDGE_CURVE ( 'NONE', #785, #2865, #5990, .T. ) ;
#1428 =( LENGTH_UNIT ( ) NAMED_UNIT ( * ) SI_UNIT ( .MILLI., .METRE. ) );
#1429 = ORIENTED_EDGE ( 'NONE', *, *, #1822, .T. ) ;
#1430 = MECHANICAL_DESIGN_GEOMETRIC_PRESENTATION_REPRESENTATION (  '', ( #9980 ), #1960 ) ;
#1431 = PRESENTATION_LAYER_ASSIGNMENT (  '', '', ( #1961 ) ) ;
#1432 = DIRECTION ( 'NONE',  ( 0.0000000000000000000, -0.0000000000000000000, 1.000000000000000000 ) ) ;
#1433 =( NAMED_UNIT ( * ) SI_UNIT ( $, .STERADIAN. ) SOLID_ANGLE_UNIT ( ) );
#1434 =( GEOMETRIC_REPRESENTATION_CONTEXT ( 3 ) GLOBAL_UNCERTAINTY_ASSIGNED_CONTEXT ( ( #1861 ) ) GLOBAL_UNIT_ASSIGNED_CONTEXT ( ( #3842, #9332, #4588 ) ) REPRESENTATION_CONTEXT ( 'NONE', 'WORKASPACE' ) );
#1435 = FACE_OUTER_BOUND ( 'NONE', #3153, .T. ) ;
#1436 = PRESENTATION_LAYER_ASSIGNMENT (  '', '', ( #9991 ) ) ;
#1437 = ORIENTED_EDGE ( 'NONE', *, *, #4970, .T. ) ;
#1438 = CARTESIAN_POINT ( 'NONE',  ( 7.997852192734078400, 25.86229349947143800, -12.26500000000000200 ) ) ;
#1439 = EDGE_CURVE ( 'NONE', #3345, #9202, #2089, .T. ) ;
#1440 = PRESENTATION_STYLE_ASSIGNMENT (( #912 ) ) ;
#1441 = B_SPLINE_CURVE_WITH_KNOTS ( 'NONE', 3,
 ( #231, #4098, #4962, #245, #262, #273, #327, #413, #791, #831, #717, #3862, #3832, #4010 ),
 .UNSPECIFIED., .F., .F.,
 ( 4, 2, 2, 2, 2, 2, 4 ),
 ( 0.0000000000000000000, 0.0001879583276142494000, 0.0002819374914213745800, 0.0003759166552284997800, 0.0004698958190356250300, 0.0005638749828427502400, 0.0007518333104569945700 ),
 .UNSPECIFIED. ) ;
#1442 = ORIENTED_EDGE ( 'NONE', *, *, #6078, .F. ) ;
#1443 = CARTESIAN_POINT ( 'NONE',  ( -5.244470385377654900, 28.63301727863720500, -10.06500000000000100 ) ) ;
#1444 = CARTESIAN_POINT ( 'NONE',  ( -6.062582055238112700, 25.86229349947143800, -9.828797875428929100 ) ) ;
#1445 = CARTESIAN_POINT ( 'NONE',  ( -4.481448610930825400, 29.34350342570282100, -9.873279290114103500 ) ) ;
#1446 = CARTESIAN_POINT ( 'NONE',  ( 0.9999953779657178000, 24.66229349947143800, -9.765000000000000600 ) ) ;
#1447 = DIRECTION ( 'NONE',  ( -0.0000000000000000000, -0.0000000000000000000, 1.000000000000000000 ) ) ;
#1448 = MECHANICAL_DESIGN_GEOMETRIC_PRESENTATION_REPRESENTATION (  '', ( #430 ), #1977 ) ;
#1449 = SURFACE_SIDE_STYLE ('',( #9726 ) ) ;
#1450 = ADVANCED_FACE ( 'NONE', ( #8139 ), #979, .F. ) ;
#1451 = VERTEX_POINT ( 'NONE', #7931 ) ;
#1452 = DIRECTION ( 'NONE',  ( 0.0000000000000000000, 0.0000000000000000000, 1.000000000000000000 ) ) ;
#1453 = SURFACE_SIDE_STYLE ('',( #2003 ) ) ;
#1454 = ORIENTED_EDGE ( 'NONE', *, *, #4369, .F. ) ;
#1455 =( LENGTH_UNIT ( ) NAMED_UNIT ( * ) SI_UNIT ( .MILLI., .METRE. ) );
#1456 = DIRECTION ( 'NONE',  ( 0.0000000000000000000, 0.0000000000000000000, -1.000000000000000000 ) ) ;
#1457 = CARTESIAN_POINT ( 'NONE',  ( -4.398526892730969500, 29.43889395059242600, -12.15672070988589800 ) ) ;
#1458 = CARTESIAN_POINT ( 'NONE',  ( -2.267910564741722400, 31.20146750426335900, -9.975196976199292500 ) ) ;
#1459 = FACE_OUTER_BOUND ( 'NONE', #1954, .T. ) ;
#1460 = ORIENTED_EDGE ( 'NONE', *, *, #8666, .F. ) ;
#1461 = ORIENTED_EDGE ( 'NONE', *, *, #9388, .F. ) ;
#1462 = FILL_AREA_STYLE ('',( #10014 ) ) ;
#1463 = ORIENTED_EDGE ( 'NONE', *, *, #4491, .F. ) ;
#1464 = FILL_AREA_STYLE_COLOUR ( '', #4358 ) ;
#1465 = EDGE_CURVE ( 'NONE', #9447, #4351, #1307, .T. ) ;
#1466 = SURFACE_STYLE_FILL_AREA ( #8098 ) ;
#1467 = VECTOR ( 'NONE', #3935, 1000.000000000000000 ) ;
#1468 = ORIENTED_EDGE ( 'NONE', *, *, #7934, .F. ) ;
#1469 =( NAMED_UNIT ( * ) PLANE_ANGLE_UNIT ( ) SI_UNIT ( $, .RADIAN. ) );
#1470 = CARTESIAN_POINT ( 'NONE',  ( 0.5500000005274954300, 21.96229349947143600, -12.54000000000000300 ) ) ;
#1471 = STYLED_ITEM ( 'NONE', ( #2730 ), #7571 ) ;
#1472 =( LENGTH_UNIT ( ) NAMED_UNIT ( * ) SI_UNIT ( .MILLI., .METRE. ) );
#1473 = EDGE_CURVE ( 'NONE', #6336, #2052, #2997, .T. ) ;
#1474 = EDGE_CURVE ( 'NONE', #7383, #3519, #547, .T. ) ;
#1475 = VERTEX_POINT ( 'NONE', #5598 ) ;
#1476 = CARTESIAN_POINT ( 'NONE',  ( -2.449999999472502600, 20.96229349947143900, -11.99000000000000200 ) ) ;
#1477 = CARTESIAN_POINT ( 'NONE',  ( -6.265928238511651900, 26.06504481010297500, -10.06500000000000000 ) ) ;
#1478 = MECHANICAL_DESIGN_GEOMETRIC_PRESENTATION_REPRESENTATION (  '', ( #459 ), #2000 ) ;
#1479 = FILL_AREA_STYLE ('',( #729 ) ) ;
#1480 =( NAMED_UNIT ( * ) SI_UNIT ( $, .STERADIAN. ) SOLID_ANGLE_UNIT ( ) );
#1481 = SURFACE_SIDE_STYLE ('',( #7764 ) ) ;
#1482 = FILL_AREA_STYLE_COLOUR ( '', #5642 ) ;
#1483 = VECTOR ( 'NONE', #6056, 1000.000000000000000 ) ;
#1484 = CARTESIAN_POINT ( 'NONE',  ( 3.550000000527496500, 20.96229676927035300, -11.84000000000000200 ) ) ;
#1485 = EDGE_LOOP ( 'NONE', ( #5787, #3596, #9257, #7413 ) ) ;
#1486 = CARTESIAN_POINT ( 'NONE',  ( -4.383985740728409300, 29.49498042008891100, -12.13026079899263500 ) ) ;
#1487 = PRESENTATION_STYLE_ASSIGNMENT (( #5309 ) ) ;
#1488 = PLANE ( 'NONE',  #3481 ) ;
#1489 = EDGE_CURVE ( 'NONE', #6302, #4218, #5005, .T. ) ;
#1490 = MECHANICAL_DESIGN_GEOMETRIC_PRESENTATION_REPRESENTATION (  '', ( #9544 ), #2011 ) ;
#1491 = AXIS2_PLACEMENT_3D ( 'NONE', #7937, #3232, #8692 ) ;
#1492 = CIRCLE ( 'NONE', #4841, 7.399999999999999500 ) ;
#1493 = CARTESIAN_POINT ( 'NONE',  ( -4.602453961876667800, 26.71229279551775100, -9.540000000000000900 ) ) ;
#1494 = LINE ( 'NONE', #6583, #9309 ) ;
#1495 = SURFACE_STYLE_USAGE ( .BOTH. , #6115 ) ;
#1496 = VERTEX_POINT ( 'NONE', #4820 ) ;
#1497 = STYLED_ITEM ( 'NONE', ( #2786 ), #5643 ) ;
#1498 = PRESENTATION_STYLE_ASSIGNMENT (( #6722 ) ) ;
#1499 = ADVANCED_FACE ( 'NONE', ( #8980 ), #2559, .T. ) ;
#1500 =( LENGTH_UNIT ( ) NAMED_UNIT ( * ) SI_UNIT ( .MILLI., .METRE. ) );
#1501 = FACE_OUTER_BOUND ( 'NONE', #7652, .T. ) ;
#1502 = DIRECTION ( 'NONE',  ( 0.0000000000000000000, -1.000000000000000000, 0.0000000000000000000 ) ) ;
#1503 = CARTESIAN_POINT ( 'NONE',  ( 0.9999953779657178000, 24.66229349947143800, -11.96500000000000200 ) ) ;
#1504 = LINE ( 'NONE', #1571, #9801 ) ;
#1505 = CARTESIAN_POINT ( 'NONE',  ( 5.050000000527496100, 20.66229349947143800, -11.84000000000000200 ) ) ;
#1506 = FACE_OUTER_BOUND ( 'NONE', #3386, .T. ) ;
#1507 = B_SPLINE_CURVE_WITH_KNOTS ( 'NONE', 3,
 ( #9940, #6817, #7618, #2954, #8405, #3711, #9198, #4446, #9976, #5220, #673, #6040 ),
 .UNSPECIFIED., .F., .F.,
 ( 4, 2, 2, 2, 2, 4 ),
 ( 0.0000000000000000000, 0.0001635143386464945700, 0.0003270286772929891500, 0.0004087858466162352800, 0.0004905430159394813700, 0.0006540573545859766700 ),
 .UNSPECIFIED. ) ;
#1508 = AXIS2_PLACEMENT_3D ( 'NONE', #2006, #7439, #2784 ) ;
#1509 =( LENGTH_UNIT ( ) NAMED_UNIT ( * ) SI_UNIT ( .MILLI., .METRE. ) );
#1510 = ADVANCED_FACE ( 'NONE', ( #6124 ), #283, .F. ) ;
#1511 = DIRECTION ( 'NONE',  ( 0.0000000000000000000, 0.0000000000000000000, -1.000000000000000000 ) ) ;
#1512 = CARTESIAN_POINT ( 'NONE',  ( 5.502453769200100100, 26.71229338220534900, -12.44000000000000100 ) ) ;
#1513 = SURFACE_SIDE_STYLE ('',( #6034 ) ) ;
#1514 = VECTOR ( 'NONE', #6084, 1000.000000000000000 ) ;
#1515 = CARTESIAN_POINT ( 'NONE',  ( -5.776823483078529400, 27.09475143941351400, -9.865078408521688000 ) ) ;
#1516 = DIRECTION ( 'NONE',  ( 0.0000000000000000000, -0.0000000000000000000, 1.000000000000000000 ) ) ;
#1517 = CARTESIAN_POINT ( 'NONE',  ( -2.999999999472504600, 21.76229614966530700, -12.44000000000000100 ) ) ;
#1518 = MECHANICAL_DESIGN_GEOMETRIC_PRESENTATION_REPRESENTATION (  '', ( #1 ), #2036 ) ;
#1519 = ORIENTED_EDGE ( 'NONE', *, *, #2354, .T. ) ;
#1520 =( NAMED_UNIT ( * ) SI_UNIT ( $, .STERADIAN. ) SOLID_ANGLE_UNIT ( ) );
#1521 = SURFACE_SIDE_STYLE ('',( #5954 ) ) ;
#1522 = DIRECTION ( 'NONE',  ( 0.0000000000000000000, -1.000000000000000000, 0.0000000000000000000 ) ) ;
#1523 = DIRECTION ( 'NONE',  ( 0.0000000000000000000, 0.0000000000000000000, -1.000000000000000000 ) ) ;
#1524 = CARTESIAN_POINT ( 'NONE',  ( 4.392311101601802800, 31.01170328734546900, -12.16624163546879300 ) ) ;
#1525 = LINE ( 'NONE', #7414, #1275 ) ;
#1526 = COLOUR_RGB ( '',1.000000000000000000, 0.0000000000000000000, 1.000000000000000000 ) ;
#1527 = CARTESIAN_POINT ( 'NONE',  ( 2.050000000527496100, 21.96229349947142100, -12.54000000000000300 ) ) ;
#1528 = UNCERTAINTY_MEASURE_WITH_UNIT (LENGTH_MEASURE( 1.000000000000000100E-005 ), #6719, 'distance_accuracy_value', 'NONE');
#1529 = CARTESIAN_POINT ( 'NONE',  ( -0.5389322055990147800, 30.26166322722149000, -12.26500000000000200 ) ) ;
#1530 = CARTESIAN_POINT ( 'NONE',  ( 3.550000000527496100, 20.66229349947143800, -12.44000000000000100 ) ) ;
#1531 = AXIS2_PLACEMENT_3D ( 'NONE', #1517, #6958, #2305 ) ;
#1532 = FACE_OUTER_BOUND ( 'NONE', #4692, .T. ) ;
#1533 = VECTOR ( 'NONE', #4807, 1000.000000000000000 ) ;
#1534 = PRESENTATION_STYLE_ASSIGNMENT (( #3527 ) ) ;
#1535 = EDGE_LOOP ( 'NONE', ( #4640, #9901 ) ) ;
#1536 = EDGE_CURVE ( 'NONE', #8534, #4218, #9860, .T. ) ;
#1537 = DIRECTION ( 'NONE',  ( 0.0000000000000000000, -1.000000000000000000, 0.0000000000000000000 ) ) ;
#1538 = ORIENTED_EDGE ( 'NONE', *, *, #6661, .F. ) ;
#1539 = DIRECTION ( 'NONE',  ( 0.0000000000000000000, -0.0000000000000000000, 1.000000000000000000 ) ) ;
#1540 = DIRECTION ( 'NONE',  ( -0.0000000000000000000, -0.0000000000000000000, 1.000000000000000000 ) ) ;
#1541 = VECTOR ( 'NONE', #2847, 1000.000000000000000 ) ;
#1542 = CARTESIAN_POINT ( 'NONE',  ( 7.191692934925926700, 28.60602706234208300, -12.02402078639992800 ) ) ;
#1543 = CARTESIAN_POINT ( 'NONE',  ( 2.602616543855762000, 31.75767007079336000, -12.09098335012744500 ) ) ;
#1544 = PRESENTATION_STYLE_ASSIGNMENT (( #6915 ) ) ;
#1545 = LINE ( 'NONE', #800, #9605 ) ;
#1546 = ORIENTED_EDGE ( 'NONE', *, *, #5739, .T. ) ;
#1547 = AXIS2_PLACEMENT_3D ( 'NONE', #102, #5430, #874 ) ;
#1548 = EDGE_CURVE ( 'NONE', #7162, #416, #3347, .T. ) ;
#1549 = SURFACE_STYLE_USAGE ( .BOTH. , #3175 ) ;
#1550 = SURFACE_SIDE_STYLE ('',( #4240 ) ) ;
#1551 = CARTESIAN_POINT ( 'NONE',  ( -0.8045188185396373600, 31.64091265588083600, -12.15689802343872800 ) ) ;
#1552 = EDGE_LOOP ( 'NONE', ( #7534, #2081, #10001, #9706, #5901, #3165, #8171, #5096, #51 ) ) ;
#1553 = CARTESIAN_POINT ( 'NONE',  ( 7.393443656958145200, 28.02182319754644600, -12.14263053503915500 ) ) ;
#1554 = PRESENTATION_STYLE_ASSIGNMENT (( #9313 ) ) ;
#1555 = CARTESIAN_POINT ( 'NONE',  ( -4.702453961876661200, 26.46229349947144300, -11.99000000000000200 ) ) ;
#1556 = VERTEX_POINT ( 'NONE', #8090 ) ;
#1557 = DIRECTION ( 'NONE',  ( -1.000000000000000000, 0.0000000000000000000, 0.0000000000000000000 ) ) ;
#1558 = DIRECTION ( 'NONE',  ( 8.340016711426963900E-017, 1.000000000000000000, 0.0000000000000000000 ) ) ;
#1559 = ADVANCED_FACE ( 'NONE', ( #9355 ), #6499, .F. ) ;
#1560 = PRESENTATION_STYLE_ASSIGNMENT (( #2837 ) ) ;
#1561 = AXIS2_PLACEMENT_3D ( 'NONE', #1737, #7180, #2503 ) ;
#1562 = DIRECTION ( 'NONE',  ( -1.000000000000000000, 0.0000000000000000000, 0.0000000000000000000 ) ) ;
#1563 = EDGE_CURVE ( 'NONE', #8022, #90, #2634, .T. ) ;
#1564 = FILL_AREA_STYLE_COLOUR ( '', #8951 ) ;
#1565 = CARTESIAN_POINT ( 'NONE',  ( -5.206848418765283700, 28.60837403628480000, -12.00997035011741700 ) ) ;
#1566 = CARTESIAN_POINT ( 'NONE',  ( -4.383369179809665900, 29.52203744289775900, -12.11258825999508000 ) ) ;
#1567 = FACE_OUTER_BOUND ( 'NONE', #3838, .T. ) ;
#1568 = CARTESIAN_POINT ( 'NONE',  ( -6.062582055238112700, 25.86229349947143800, -12.26500000000000200 ) ) ;
#1569 = ORIENTED_EDGE ( 'NONE', *, *, #5668, .T. ) ;
#1570 = LINE ( 'NONE', #3457, #7510 ) ;
#1571 = CARTESIAN_POINT ( 'NONE',  ( 6.699991030787229500, 20.96229676927035300, -12.49000000000000200 ) ) ;
#1572 = CARTESIAN_POINT ( 'NONE',  ( 5.050000000527496100, 20.96229349947143900, -11.99000000000000200 ) ) ;
#1573 = ADVANCED_FACE ( 'NONE', ( #8608 ), #8239, .F. ) ;
#1574 = AXIS2_PLACEMENT_3D ( 'NONE', #2640, #2545, #2700 ) ;
#1575 = LINE ( 'NONE', #6897, #5395 ) ;
#1576 = EDGE_CURVE ( 'NONE', #7959, #7394, #1675, .T. ) ;
#1577 = DIRECTION ( 'NONE',  ( 0.0000000000000000000, 0.0000000000000000000, -1.000000000000000000 ) ) ;
#1578 = PRESENTATION_STYLE_ASSIGNMENT (( #9459 ) ) ;
#1579 = ORIENTED_EDGE ( 'NONE', *, *, #3799, .T. ) ;
#1580 = ORIENTED_EDGE ( 'NONE', *, *, #3200, .T. ) ;
#1581 = LINE ( 'NONE', #4460, #7521 ) ;
#1582 = MECHANICAL_DESIGN_GEOMETRIC_PRESENTATION_REPRESENTATION (  '', ( #59 ), #2091 ) ;
#1583 = ORIENTED_EDGE ( 'NONE', *, *, #8546, .T. ) ;
#1584 = CARTESIAN_POINT ( 'NONE',  ( 3.550000000527496500, 20.81229349947144100, -11.99000000000000200 ) ) ;
#1585 =( GEOMETRIC_REPRESENTATION_CONTEXT ( 3 ) GLOBAL_UNCERTAINTY_ASSIGNED_CONTEXT ( ( #1391 ) ) GLOBAL_UNIT_ASSIGNED_CONTEXT ( ( #5150, #595, #5952 ) ) REPRESENTATION_CONTEXT ( 'NONE', 'WORKASPACE' ) );
#1586 = CARTESIAN_POINT ( 'NONE',  ( 5.044461006959972200, 30.68600356567900200, -12.10949588100299400 ) ) ;
#1587 = DIRECTION ( 'NONE',  ( 0.0000000000000000000, 0.0000000000000000000, -1.000000000000000000 ) ) ;
#1588 = STYLED_ITEM ( 'NONE', ( #7300 ), #2925 ) ;
#1589 = UNCERTAINTY_MEASURE_WITH_UNIT (LENGTH_MEASURE( 1.000000000000000100E-005 ), #1036, 'distance_accuracy_value', 'NONE');
#1590 = CARTESIAN_POINT ( 'NONE',  ( 4.274084942581623600, 31.15697044210512000, -9.938251245140028400 ) ) ;
#1591 = FILL_AREA_STYLE_COLOUR ( '', #6194 ) ;
#1592 = ORIENTED_EDGE ( 'NONE', *, *, #960, .T. ) ;
#1593 = EDGE_LOOP ( 'NONE', ( #7498, #3244, #6122, #1043 ) ) ;
#1594 = VERTEX_POINT ( 'NONE', #1317 ) ;
#1595 = DIRECTION ( 'NONE',  ( 1.000000000000000000, 0.0000000000000000000, 0.0000000000000000000 ) ) ;
#1596 = FILL_AREA_STYLE_COLOUR ( '', #7836 ) ;
#1597 = CARTESIAN_POINT ( 'NONE',  ( 3.550000000527496100, 20.66229349947143800, -12.54000000000000300 ) ) ;
#1598 =( NAMED_UNIT ( * ) SI_UNIT ( $, .STERADIAN. ) SOLID_ANGLE_UNIT ( ) );
#1599 = FILL_AREA_STYLE_COLOUR ( '', #9009 ) ;
#1600 =( LENGTH_UNIT ( ) NAMED_UNIT ( * ) SI_UNIT ( .MILLI., .METRE. ) );
#1601 = VECTOR ( 'NONE', #8242, 1000.000000000000000 ) ;
#1602 = PRESENTATION_LAYER_ASSIGNMENT (  '', '', ( #2100 ) ) ;
#1603 = CARTESIAN_POINT ( 'NONE',  ( 6.934873414873033300, 28.80032098515495100, -9.765000000000000600 ) ) ;
#1604 = FILL_AREA_STYLE ('',( #7796 ) ) ;
#1605 = EDGE_LOOP ( 'NONE', ( #4790, #6557, #5565, #618 ) ) ;
#1606 = VECTOR ( 'NONE', #4195, 1000.000000000000000 ) ;
#1607 = ORIENTED_EDGE ( 'NONE', *, *, #4619, .T. ) ;
#1608 = DIRECTION ( 'NONE',  ( 0.0000000000000000000, -0.0000000000000000000, 1.000000000000000000 ) ) ;
#1609 = CARTESIAN_POINT ( 'NONE',  ( -2.352716982239247300, 31.03404398098085400, -9.864922774082682400 ) ) ;
#1610 = ORIENTED_EDGE ( 'NONE', *, *, #458, .F. ) ;
#1611 = VERTEX_POINT ( 'NONE', #3636 ) ;
#1612 = FILL_AREA_STYLE ('',( #89 ) ) ;
#1613 = ADVANCED_FACE ( 'NONE', ( #7895 ), #8562, .T. ) ;
#1614 = MECHANICAL_DESIGN_GEOMETRIC_PRESENTATION_REPRESENTATION (  '', ( #93 ), #2116 ) ;
#1615 =( NAMED_UNIT ( * ) PLANE_ANGLE_UNIT ( ) SI_UNIT ( $, .RADIAN. ) );
#1616 = VECTOR ( 'NONE', #9191, 1000.000000000000000 ) ;
#1617 = CARTESIAN_POINT ( 'NONE',  ( -1.791242690589516000, 31.41869756968341300, -12.05480302380070900 ) ) ;
#1618 = CARTESIAN_POINT ( 'NONE',  ( 6.451606691366010600, 29.66628531477309100, -11.96500000000000200 ) ) ;
#1619 = CYLINDRICAL_SURFACE ( 'NONE', #4968, 0.4999999999999995600 ) ;
#1620 = DIRECTION ( 'NONE',  ( 1.000000000000000000, 0.0000000000000000000, 0.0000000000000000000 ) ) ;
#1621 = CARTESIAN_POINT ( 'NONE',  ( 3.550000000527496500, 20.66229349947143800, -11.84000000000000200 ) ) ;
#1622 = EDGE_CURVE ( 'NONE', #8192, #3376, #9067, .T. ) ;
#1623 =( NAMED_UNIT ( * ) SI_UNIT ( $, .STERADIAN. ) SOLID_ANGLE_UNIT ( ) );
#1624 = CYLINDRICAL_SURFACE ( 'NONE', #2069, 7.400000000000000400 ) ;
#1625 = EDGE_CURVE ( 'NONE', #9170, #4126, #531, .T. ) ;
#1626 = DIRECTION ( 'NONE',  ( 0.0000000000000000000, 1.000000000000000000, 0.0000000000000000000 ) ) ;
#1627 = CARTESIAN_POINT ( 'NONE',  ( 5.044730245567377500, 29.75052697001967800, -12.26500000000000200 ) ) ;
#1628 = ADVANCED_FACE ( 'NONE', ( #3690 ), #9905, .T. ) ;
#1629 = FILL_AREA_STYLE_COLOUR ( '', #8569 ) ;
#1630 = AXIS2_PLACEMENT_3D ( 'NONE', #5466, #5037, #4986 ) ;
#1631 = CARTESIAN_POINT ( 'NONE',  ( 0.09999537796571880700, 31.98008005006171900, -10.06500000000000100 ) ) ;
#1632 = CARTESIAN_POINT ( 'NONE',  ( 7.393443656960041500, 28.06456904953624200, -12.12274703836424900 ) ) ;
#1633 = EDGE_LOOP ( 'NONE', ( #4179, #2565, #7520, #1103 ) ) ;
#1634 = CARTESIAN_POINT ( 'NONE',  ( 4.296242706635802700, 31.28760508069049400, -10.06500000000000300 ) ) ;
#1635 = CARTESIAN_POINT ( 'NONE',  ( 2.050000000527497000, 20.96229349947143900, -11.99000000000000200 ) ) ;
#1636 = PLANE ( 'NONE',  #7811 ) ;
#1637 = SURFACE_STYLE_FILL_AREA ( #2963 ) ;
#1638 = FILL_AREA_STYLE ('',( #6251 ) ) ;
#1639 = FILL_AREA_STYLE_COLOUR ( '', #1777 ) ;
#1640 = EDGE_LOOP ( 'NONE', ( #6105, #6140, #6149, #6174 ) ) ;
#1641 = EDGE_CURVE ( 'NONE', #8195, #5264, #5693, .T. ) ;
#1642 = DIRECTION ( 'NONE',  ( 1.000000000000000000, 0.0000000000000000000, 0.0000000000000000000 ) ) ;
#1643 = EDGE_CURVE ( 'NONE', #891, #9634, #1868, .T. ) ;
#1644 = SURFACE_STYLE_FILL_AREA ( #8594 ) ;
#1645 = LINE ( 'NONE', #1530, #7861 ) ;
#1646 = AXIS2_PLACEMENT_3D ( 'NONE', #3562, #496, #4323 ) ;
#1647 = VERTEX_POINT ( 'NONE', #9266 ) ;
#1648 =( GEOMETRIC_REPRESENTATION_CONTEXT ( 3 ) GLOBAL_UNCERTAINTY_ASSIGNED_CONTEXT ( ( #3097 ) ) GLOBAL_UNIT_ASSIGNED_CONTEXT ( ( #6780, #2129, #7582 ) ) REPRESENTATION_CONTEXT ( 'NONE', 'WORKASPACE' ) );
#1649 = CARTESIAN_POINT ( 'NONE',  ( 3.451918204600273200, 31.57078865555121200, -9.995704663901641100 ) ) ;
#1650 = DIRECTION ( 'NONE',  ( 0.0000000000000000000, 1.000000000000000000, 0.0000000000000000000 ) ) ;
#1651 = STYLED_ITEM ( 'NONE', ( #3591 ), #5932 ) ;
#1652 = LINE ( 'NONE', #5719, #7592 ) ;
#1653 = COLOUR_RGB ( '',1.000000000000000000, 0.0000000000000000000, 1.000000000000000000 ) ;
#1654 = CARTESIAN_POINT ( 'NONE',  ( 5.055418847370244600, 30.64358653302497600, -9.891365567214457100 ) ) ;
#1655 = EDGE_CURVE ( 'NONE', #6416, #6895, #7563, .T. ) ;
#1656 = VERTEX_POINT ( 'NONE', #742 ) ;
#1657 = ORIENTED_EDGE ( 'NONE', *, *, #287, .F. ) ;
#1658 = FACE_OUTER_BOUND ( 'NONE', #604, .T. ) ;
#1659 = DIRECTION ( 'NONE',  ( 0.0000000000000000000, -0.0000000000000000000, 1.000000000000000000 ) ) ;
#1660 = DIRECTION ( 'NONE',  ( 0.0000000000000000000, 0.0000000000000000000, 1.000000000000000000 ) ) ;
#1661 = AXIS2_PLACEMENT_3D ( 'NONE', #5417, #856, #6224 ) ;
#1662 = B_SPLINE_CURVE_WITH_KNOTS ( 'NONE', 3,
 ( #9498, #9463, #970, #6342, #1727, #7169, #2498, #7976, #3268, #8727 ),
 .UNSPECIFIED., .F., .F.,
 ( 4, 2, 2, 2, 4 ),
 ( 0.0000000000000000000, 0.0001320707278876026500, 0.0002641414557752053000, 0.0003962121836628079500, 0.0005282829115504106000 ),
 .UNSPECIFIED. ) ;
#1663 = DIRECTION ( 'NONE',  ( -0.0000000000000000000, 0.0000000000000000000, 1.000000000000000000 ) ) ;
#1664 =( NAMED_UNIT ( * ) PLANE_ANGLE_UNIT ( ) SI_UNIT ( $, .RADIAN. ) );
#1665 = DIRECTION ( 'NONE',  ( 0.0000000000000000000, -0.0000000000000000000, 1.000000000000000000 ) ) ;
#1666 = VECTOR ( 'NONE', #5714, 1000.000000000000000 ) ;
#1667 = CARTESIAN_POINT ( 'NONE',  ( -3.082603473839644600, 30.60302924448609500, -12.15672070988590300 ) ) ;
#1668 =( LENGTH_UNIT ( ) NAMED_UNIT ( * ) SI_UNIT ( .MILLI., .METRE. ) );
#1669 = DIRECTION ( 'NONE',  ( 0.0000000000000000000, 0.0000000000000000000, -1.000000000000000000 ) ) ;
#1670 = MECHANICAL_DESIGN_GEOMETRIC_PRESENTATION_REPRESENTATION (  '', ( #144 ), #2163 ) ;
#1671 = CARTESIAN_POINT ( 'NONE',  ( -5.244470385377654900, 28.63301727863720500, -10.06500000000000100 ) ) ;
#1672 = LINE ( 'NONE', #8875, #1396 ) ;
#1673 = PRESENTATION_STYLE_ASSIGNMENT (( #9900 ) ) ;
#1674 = DIRECTION ( 'NONE',  ( 1.000000000000000000, -1.251002506714041100E-016, -0.0000000000000000000 ) ) ;
#1675 = LINE ( 'NONE', #7539, #5737 ) ;
#1676 = SURFACE_STYLE_USAGE ( .BOTH. , #1747 ) ;
#1677 =( NAMED_UNIT ( * ) SI_UNIT ( $, .STERADIAN. ) SOLID_ANGLE_UNIT ( ) );
#1678 = CARTESIAN_POINT ( 'NONE',  ( 4.417449211057356900, 31.00269735482139300, -12.16228077951459400 ) ) ;
#1679 = CIRCLE ( 'NONE', #3771, 7.399999999999999500 ) ;
#1680 = COLOUR_RGB ( '',1.000000000000000000, 0.0000000000000000000, 1.000000000000000000 ) ;
#1681 = DIRECTION ( 'NONE',  ( 1.000000000000000000, 0.0000000000000000000, 0.0000000000000000000 ) ) ;
#1682 = CYLINDRICAL_SURFACE ( 'NONE', #5098, 0.1999999999999996500 ) ;
#1683 = SURFACE_STYLE_FILL_AREA ( #9650 ) ;
#1684 = VERTEX_POINT ( 'NONE', #7691 ) ;
#1685 = ADVANCED_FACE ( 'NONE', ( #3640 ), #1488, .F. ) ;
#1686 = ORIENTED_EDGE ( 'NONE', *, *, #5977, .T. ) ;
#1687 =( GEOMETRIC_REPRESENTATION_CONTEXT ( 3 ) GLOBAL_UNCERTAINTY_ASSIGNED_CONTEXT ( ( #3489 ) ) GLOBAL_UNIT_ASSIGNED_CONTEXT ( ( #7382, #2729, #8193 ) ) REPRESENTATION_CONTEXT ( 'NONE', 'WORKASPACE' ) );
#1688 = EDGE_CURVE ( 'NONE', #7237, #9974, #4730, .T. ) ;
#1689 = EDGE_CURVE ( 'NONE', #9233, #2383, #3411, .T. ) ;
#1690 = VECTOR ( 'NONE', #951, 1000.000000000000000 ) ;
#1691 =( NAMED_UNIT ( * ) PLANE_ANGLE_UNIT ( ) SI_UNIT ( $, .RADIAN. ) );
#1692 =( GEOMETRIC_REPRESENTATION_CONTEXT ( 3 ) GLOBAL_UNCERTAINTY_ASSIGNED_CONTEXT ( ( #3752 ) ) GLOBAL_UNIT_ASSIGNED_CONTEXT ( ( #1994, #7423, #2767 ) ) REPRESENTATION_CONTEXT ( 'NONE', 'WORKASPACE' ) );
#1693 = VERTEX_POINT ( 'NONE', #4600 ) ;
#1694 = PRESENTATION_STYLE_ASSIGNMENT (( #7316 ) ) ;
#1695 = ORIENTED_EDGE ( 'NONE', *, *, #5458, .T. ) ;
#1696 = LINE ( 'NONE', #6841, #5763 ) ;
#1697 =( NAMED_UNIT ( * ) PLANE_ANGLE_UNIT ( ) SI_UNIT ( $, .RADIAN. ) );
#1698 = MECHANICAL_DESIGN_GEOMETRIC_PRESENTATION_REPRESENTATION (  '', ( #169 ), #2197 ) ;
#1699 = CARTESIAN_POINT ( 'NONE',  ( 6.714006340618045200, 29.36442904820767200, -11.96500000000000200 ) ) ;
#1700 =( NAMED_UNIT ( * ) SI_UNIT ( $, .STERADIAN. ) SOLID_ANGLE_UNIT ( ) );
#1701 = DIRECTION ( 'NONE',  ( 0.0000000000000000000, -0.0000000000000000000, 1.000000000000000000 ) ) ;
#1702 = SURFACE_STYLE_USAGE ( .BOTH. , #6321 ) ;
#1703 = LINE ( 'NONE', #3168, #7647 ) ;
#1704 = FILL_AREA_STYLE ('',( #178 ) ) ;
#1705 = CARTESIAN_POINT ( 'NONE',  ( -5.020813648329570900, 28.96460202732961200, -10.06500000000000100 ) ) ;
#1706 = VECTOR ( 'NONE', #6634, 1000.000000000000000 ) ;
#1707 = EDGE_LOOP ( 'NONE', ( #288, #6787, #8908, #6654, #9130, #4933, #4210, #8404 ) ) ;
#1708 = PLANE ( 'NONE',  #4436 ) ;
#1709 = STYLED_ITEM ( 'NONE', ( #7780 ), #1163 ) ;
#1710 = SURFACE_STYLE_FILL_AREA ( #139 ) ;
#1711 =( GEOMETRIC_REPRESENTATION_CONTEXT ( 3 ) GLOBAL_UNCERTAINTY_ASSIGNED_CONTEXT ( ( #1026 ) ) GLOBAL_UNIT_ASSIGNED_CONTEXT ( ( #5307, #754, #6125 ) ) REPRESENTATION_CONTEXT ( 'NONE', 'WORKASPACE' ) );
#1712 = CARTESIAN_POINT ( 'NONE',  ( -3.049999999472504400, 21.96229349947143600, -12.54000000000000300 ) ) ;
#1713 = CARTESIAN_POINT ( 'NONE',  ( -4.394413340788224400, 29.59596604097485100, -12.05474872335444100 ) ) ;
#1714 = FILL_AREA_STYLE_COLOUR ( '', #5685 ) ;
#1715 = VERTEX_POINT ( 'NONE', #7005 ) ;
#1716 = ORIENTED_EDGE ( 'NONE', *, *, #7350, .T. ) ;
#1717 = DIRECTION ( 'NONE',  ( 0.0000000000000000000, -0.0000000000000000000, 1.000000000000000000 ) ) ;
#1718 = ORIENTED_EDGE ( 'NONE', *, *, #2653, .T. ) ;
#1719 = ORIENTED_EDGE ( 'NONE', *, *, #8456, .F. ) ;
#1720 = SURFACE_STYLE_USAGE ( .BOTH. , #195 ) ;
#1721 = SURFACE_STYLE_FILL_AREA ( #3637 ) ;
#1722 = COLOUR_RGB ( '',1.000000000000000000, 0.0000000000000000000, 1.000000000000000000 ) ;
#1723 = ORIENTED_EDGE ( 'NONE', *, *, #4619, .F. ) ;
#1724 = COLOUR_RGB ( '',1.000000000000000000, 0.0000000000000000000, 1.000000000000000000 ) ;
#1725 = VERTEX_POINT ( 'NONE', #5364 ) ;
#1726 = ORIENTED_EDGE ( 'NONE', *, *, #160, .T. ) ;
#1727 = CARTESIAN_POINT ( 'NONE',  ( 6.560679065449875200, 29.31475571305814000, -12.11479322248598400 ) ) ;
#1728 = STYLED_ITEM ( 'NONE', ( #2843 ), #4478 ) ;
#1729 = SURFACE_STYLE_USAGE ( .BOTH. , #2295 ) ;
#1730 = PRESENTATION_LAYER_ASSIGNMENT (  '', '', ( #696 ) ) ;
#1731 = CARTESIAN_POINT ( 'NONE',  ( 5.300000000527495200, 20.96229614966531000, -12.44000000000000100 ) ) ;
#1732 =( LENGTH_UNIT ( ) NAMED_UNIT ( * ) SI_UNIT ( .MILLI., .METRE. ) );
#1733 = UNCERTAINTY_MEASURE_WITH_UNIT (LENGTH_MEASURE( 1.000000000000000100E-005 ), #2106, 'distance_accuracy_value', 'NONE');
#1734 = VERTEX_POINT ( 'NONE', #45 ) ;
#1735 = ADVANCED_FACE ( 'NONE', ( #652 ), #6150, .F. ) ;
#1736 = VECTOR ( 'NONE', #8846, 1000.000000000000000 ) ;
#1737 = CARTESIAN_POINT ( 'NONE',  ( 1.000000000527495600, 26.86229349947144100, -13.14000000000000200 ) ) ;
#1738 = CARTESIAN_POINT ( 'NONE',  ( -3.053808512301915200, 30.79932336246593700, -10.02002964988258600 ) ) ;
#1739 = UNCERTAINTY_MEASURE_WITH_UNIT (LENGTH_MEASURE( 1.000000000000000100E-005 ), #1233, 'distance_accuracy_value', 'NONE');
#1740 = DIRECTION ( 'NONE',  ( -0.9063006673066488200, -0.4226335297151929700, 0.0000000000000000000 ) ) ;
#1741 = CARTESIAN_POINT ( 'NONE',  ( 5.079095351152888700, 30.83650951518909300, -11.01500000000000200 ) ) ;
#1742 = STYLED_ITEM ( 'NONE', ( #9710 ), #5542 ) ;
#1743 = CARTESIAN_POINT ( 'NONE',  ( 6.934873414873007600, 28.80032098515499000, -12.12994306966164600 ) ) ;
#1744 = CARTESIAN_POINT ( 'NONE',  ( -3.843634395923538600, 27.63030919068990700, -9.540000000000000900 ) ) ;
#1745 = DIRECTION ( 'NONE',  ( 0.0000000000000000000, -0.0000000000000000000, 1.000000000000000000 ) ) ;
#1746 = ORIENTED_EDGE ( 'NONE', *, *, #3174, .F. ) ;
#1747 = SURFACE_SIDE_STYLE ('',( #24 ) ) ;
#1748 = DIRECTION ( 'NONE',  ( -1.000000000000000000, 0.0000000000000000000, 0.0000000000000000000 ) ) ;
#1749 = VECTOR ( 'NONE', #485, 1000.000000000000000 ) ;
#1750 = STYLED_ITEM ( 'NONE', ( #3251 ), #6909 ) ;
#1751 = CARTESIAN_POINT ( 'NONE',  ( 6.451606691366010600, 29.66628531477309100, -11.01500000000000200 ) ) ;
#1752 = VERTEX_POINT ( 'NONE', #85 ) ;
#1753 = UNCERTAINTY_MEASURE_WITH_UNIT (LENGTH_MEASURE( 1.000000000000000100E-005 ), #946, 'distance_accuracy_value', 'NONE');
#1754 = FACE_OUTER_BOUND ( 'NONE', #4664, .T. ) ;
#1755 = CARTESIAN_POINT ( 'NONE',  ( 4.450000000527496400, 20.96229349947143900, -11.99000000000000200 ) ) ;
#1756 = EDGE_LOOP ( 'NONE', ( #395, #7293, #7301, #3286 ) ) ;
#1757 = CARTESIAN_POINT ( 'NONE',  ( 5.044461006947098100, 30.72401862723171500, -9.952126576952773400 ) ) ;
#1758 = FACE_OUTER_BOUND ( 'NONE', #5682, .T. ) ;
#1759 = STYLED_ITEM ( 'NONE', ( #2215 ), #8203 ) ;
#1760 = PLANE ( 'NONE',  #4559 ) ;
#1761 = EDGE_CURVE ( 'NONE', #4952, #7208, #7977, .T. ) ;
#1762 = ORIENTED_EDGE ( 'NONE', *, *, #1161, .T. ) ;
#1763 =( NAMED_UNIT ( * ) PLANE_ANGLE_UNIT ( ) SI_UNIT ( $, .RADIAN. ) );
#1764 = CARTESIAN_POINT ( 'NONE',  ( 5.751561865016674900, 30.16156520801000000, -9.932693816142634800 ) ) ;
#1765 = SURFACE_STYLE_FILL_AREA ( #3685 ) ;
#1766 = FACE_OUTER_BOUND ( 'NONE', #5810, .T. ) ;
#1767 = ORIENTED_EDGE ( 'NONE', *, *, #2542, .T. ) ;
#1768 = EDGE_CURVE ( 'NONE', #964, #4863, #5803, .T. ) ;
#1769 =( NAMED_UNIT ( * ) PLANE_ANGLE_UNIT ( ) SI_UNIT ( $, .RADIAN. ) );
#1770 = AXIS2_PLACEMENT_3D ( 'NONE', #3679, #3066, #3030 ) ;
#1771 =( NAMED_UNIT ( * ) SI_UNIT ( $, .STERADIAN. ) SOLID_ANGLE_UNIT ( ) );
#1772 = VECTOR ( 'NONE', #8298, 1000.000000000000000 ) ;
#1773 = FACE_OUTER_BOUND ( 'NONE', #3455, .T. ) ;
#1774 = SURFACE_SIDE_STYLE ('',( #3560 ) ) ;
#1775 = VECTOR ( 'NONE', #2582, 1000.000000000000000 ) ;
#1776 = CARTESIAN_POINT ( 'NONE',  ( 1.450000000527496400, 20.66229349947143800, -12.54000000000000300 ) ) ;
#1777 = COLOUR_RGB ( '',0.0000000000000000000, 0.0000000000000000000, 1.000000000000000000 ) ;
#1778 = CARTESIAN_POINT ( 'NONE',  ( 1.500000000524379900, 26.86229349947144100, -12.49000000000000200 ) ) ;
#1779 = STYLED_ITEM ( 'NONE', ( #429 ), #557 ) ;
#1780 = VECTOR ( 'NONE', #9239, 1000.000000000000000 ) ;
#1781 = EDGE_CURVE ( 'NONE', #6386, #9743, #6564, .T. ) ;
#1782 =( GEOMETRIC_REPRESENTATION_CONTEXT ( 3 ) GLOBAL_UNCERTAINTY_ASSIGNED_CONTEXT ( ( #2711 ) ) GLOBAL_UNIT_ASSIGNED_CONTEXT ( ( #4682, #121, #5452 ) ) REPRESENTATION_CONTEXT ( 'NONE', 'WORKASPACE' ) );
#1783 = ADVANCED_FACE ( 'NONE', ( #3767 ), #2810, .F. ) ;
#1784 = PRESENTATION_LAYER_ASSIGNMENT (  '', '', ( #753 ) ) ;
#1785 = LINE ( 'NONE', #9190, #3810 ) ;
#1786 =( GEOMETRIC_REPRESENTATION_CONTEXT ( 3 ) GLOBAL_UNCERTAINTY_ASSIGNED_CONTEXT ( ( #6804 ) ) GLOBAL_UNIT_ASSIGNED_CONTEXT ( ( #5758, #1167, #6565 ) ) REPRESENTATION_CONTEXT ( 'NONE', 'WORKASPACE' ) );
#1787 = FILL_AREA_STYLE ('',( #1030 ) ) ;
#1788 = SURFACE_STYLE_FILL_AREA ( #7687 ) ;
#1789 = SURFACE_STYLE_FILL_AREA ( #6437 ) ;
#1790 = CARTESIAN_POINT ( 'NONE',  ( -1.820988641837618700, 31.45486794979215300, -10.02006751392409700 ) ) ;
#1791 = FILL_AREA_STYLE_COLOUR ( '', #2708 ) ;
#1792 = CARTESIAN_POINT ( 'NONE',  ( -4.602453961876664200, 25.61229279551774600, -12.44000000000000100 ) ) ;
#1793 = AXIS2_PLACEMENT_3D ( 'NONE', #4222, #9730, #4995 ) ;
#1794 = LINE ( 'NONE', #1741, #3820 ) ;
#1795 = CONICAL_SURFACE ( 'NONE', #2293, 0.2999999999968841500, 0.7853981633974460600 ) ;
#1796 = ORIENTED_EDGE ( 'NONE', *, *, #5688, .T. ) ;
#1797 = SURFACE_STYLE_USAGE ( .BOTH. , #1828 ) ;
#1798 = CARTESIAN_POINT ( 'NONE',  ( -6.224048435629119200, 25.94100087730777900, -12.02867658826921500 ) ) ;
#1799 = ORIENTED_EDGE ( 'NONE', *, *, #811, .T. ) ;
#1800 = ORIENTED_EDGE ( 'NONE', *, *, #9144, .T. ) ;
#1801 = FILL_AREA_STYLE_COLOUR ( '', #1807 ) ;
#1802 = CARTESIAN_POINT ( 'NONE',  ( 5.801138010389923500, 30.29337060985793400, -11.01500000000000200 ) ) ;
#1803 = DIRECTION ( 'NONE',  ( 0.0000000000000000000, 0.0000000000000000000, -1.000000000000000000 ) ) ;
#1804 = VECTOR ( 'NONE', #4864, 1000.000000000000000 ) ;
#1805 = ORIENTED_EDGE ( 'NONE', *, *, #2988, .T. ) ;
#1806 = FILL_AREA_STYLE ('',( #4846 ) ) ;
#1807 = COLOUR_RGB ( '',1.000000000000000000, 0.0000000000000000000, 1.000000000000000000 ) ;
#1808 =( NAMED_UNIT ( * ) SI_UNIT ( $, .STERADIAN. ) SOLID_ANGLE_UNIT ( ) );
#1809 = VERTEX_POINT ( 'NONE', #8426 ) ;
#1810 = EDGE_CURVE ( 'NONE', #1715, #4779, #9030, .T. ) ;
#1811 = VECTOR ( 'NONE', #8379, 1000.000000000000000 ) ;
#1812 = DIRECTION ( 'NONE',  ( 0.0000000000000000000, 0.0000000000000000000, 1.000000000000000000 ) ) ;
#1813 = SURFACE_STYLE_FILL_AREA ( #6917 ) ;
#1814 = SURFACE_SIDE_STYLE ('',( #1789 ) ) ;
#1815 = STYLED_ITEM ( 'NONE', ( #9686 ), #7731 ) ;
#1816 = SURFACE_STYLE_FILL_AREA ( #769 ) ;
#1817 = CARTESIAN_POINT ( 'NONE',  ( 6.934873414872135400, 28.76395061367905700, -9.879255214707502100 ) ) ;
#1818 = LINE ( 'NONE', #2622, #5647 ) ;
#1819 = FILL_AREA_STYLE ('',( #1976 ) ) ;
#1820 = ORIENTED_EDGE ( 'NONE', *, *, #9485, .F. ) ;
#1821 = VERTEX_POINT ( 'NONE', #5389 ) ;
#1822 = EDGE_CURVE ( 'NONE', #7947, #909, #1035, .T. ) ;
#1823 = LINE ( 'NONE', #4076, #3853 ) ;
#1824 = EDGE_CURVE ( 'NONE', #8134, #8897, #8296, .T. ) ;
#1825 = CARTESIAN_POINT ( 'NONE',  ( 1.450000000527496400, 20.96229676927035300, -12.44000000000000100 ) ) ;
#1826 = STYLED_ITEM ( 'NONE', ( #8924 ), #2382 ) ;
#1827 = ORIENTED_EDGE ( 'NONE', *, *, #7696, .F. ) ;
#1828 = SURFACE_SIDE_STYLE ('',( #9153 ) ) ;
#1829 = ORIENTED_EDGE ( 'NONE', *, *, #4897, .F. ) ;
#1830 = ADVANCED_FACE ( 'NONE', ( #6952 ), #8584, .F. ) ;
#1831 = CARTESIAN_POINT ( 'NONE',  ( -5.401071740311388100, 27.95868912442277900, -9.864922774082685900 ) ) ;
#1832 = CARTESIAN_POINT ( 'NONE',  ( -0.5955313811245757100, 31.88823941409236400, -10.06500000000000300 ) ) ;
#1833 = FILL_AREA_STYLE_COLOUR ( '', #4380 ) ;
#1834 = LINE ( 'NONE', #6760, #7804 ) ;
#1835 = EDGE_CURVE ( 'NONE', #8032, #7846, #3890, .T. ) ;
#1836 = EDGE_CURVE ( 'NONE', #5266, #291, #69, .T. ) ;
#1837 =( LENGTH_UNIT ( ) NAMED_UNIT ( * ) SI_UNIT ( .MILLI., .METRE. ) );
#1838 = STYLED_ITEM ( 'NONE', ( #715 ), #1499 ) ;
#1839 = COLOUR_RGB ( '',1.000000000000000000, 1.000000000000000000, 1.000000000000000000 ) ;
#1840 = VERTEX_POINT ( 'NONE', #9212 ) ;
#1841 = PRESENTATION_LAYER_ASSIGNMENT (  '', '', ( #1297 ) ) ;
#1842 = CARTESIAN_POINT ( 'NONE',  ( 6.602453769200102400, 26.46229349947144300, -11.84000000000000200 ) ) ;
#1843 = VERTEX_POINT ( 'NONE', #5484 ) ;
#1844 = PLANE ( 'NONE',  #1508 ) ;
#1845 = B_SPLINE_CURVE_WITH_KNOTS ( 'NONE', 3,
 ( #2943, #1378, #5983, #3695, #9182, #4435 ),
 .UNSPECIFIED., .F., .F.,
 ( 4, 2, 4 ),
 ( 0.0004465860034977732100, 0.0005992096569773931300, 0.0007518333104570141900 ),
 .UNSPECIFIED. ) ;
#1846 = PRESENTATION_LAYER_ASSIGNMENT (  '', '', ( #822 ) ) ;
#1847 = CARTESIAN_POINT ( 'NONE',  ( -1.896208785971575900, 29.79926116199821000, -9.765000000000000600 ) ) ;
#1848 = ORIENTED_EDGE ( 'NONE', *, *, #4424, .T. ) ;
#1849 = EDGE_CURVE ( 'NONE', #8497, #1475, #5919, .T. ) ;
#1850 = LINE ( 'NONE', #1966, #1606 ) ;
#1851 = EDGE_LOOP ( 'NONE', ( #5221, #3575, #3892, #1320 ) ) ;
#1852 = DIRECTION ( 'NONE',  ( -0.4226111253340080200, -0.9063111147635361000, 0.0000000000000000000 ) ) ;
#1853 = CARTESIAN_POINT ( 'NONE',  ( 4.296242706635802700, 31.28760508069049400, -11.96500000000000200 ) ) ;
#1854 = DIRECTION ( 'NONE',  ( 0.0000000000000000000, -0.0000000000000000000, 1.000000000000000000 ) ) ;
#1855 = UNCERTAINTY_MEASURE_WITH_UNIT (LENGTH_MEASURE( 1.000000000000000100E-005 ), #8103, 'distance_accuracy_value', 'NONE');
#1856 = ORIENTED_EDGE ( 'NONE', *, *, #6593, .T. ) ;
#1857 = CARTESIAN_POINT ( 'NONE',  ( -1.464259850706064900, 31.63993251048109200, -10.06500000000000100 ) ) ;
#1858 = MECHANICAL_DESIGN_GEOMETRIC_PRESENTATION_REPRESENTATION (  '', ( #834 ), #2372 ) ;
#1859 = FACE_OUTER_BOUND ( 'NONE', #1873, .T. ) ;
#1860 = EDGE_LOOP ( 'NONE', ( #2991, #9964, #7494, #9045 ) ) ;
#1861 = UNCERTAINTY_MEASURE_WITH_UNIT (LENGTH_MEASURE( 1.000000000000000100E-005 ), #3842, 'distance_accuracy_value', 'NONE');
#1862 = PRESENTATION_LAYER_ASSIGNMENT (  '', '', ( #2380 ) ) ;
#1863 = DIRECTION ( 'NONE',  ( -1.000000000000000000, 0.0000000000000000000, 0.0000000000000000000 ) ) ;
#1864 = SURFACE_STYLE_FILL_AREA ( #5899 ) ;
#1865 = DIRECTION ( 'NONE',  ( 1.000000000000000000, 0.0000000000000000000, 0.0000000000000000000 ) ) ;
#1866 = FACE_OUTER_BOUND ( 'NONE', #5187, .T. ) ;
#1867 = CARTESIAN_POINT ( 'NONE',  ( 7.244461141309089100, 28.63301727863720800, -11.96500000000000000 ) ) ;
#1868 = LINE ( 'NONE', #6886, #1616 ) ;
#1869 = DIRECTION ( 'NONE',  ( 0.0000000000000000000, -0.0000000000000000000, 1.000000000000000000 ) ) ;
#1870 =( NAMED_UNIT ( * ) SI_UNIT ( $, .STERADIAN. ) SOLID_ANGLE_UNIT ( ) );
#1871 = CARTESIAN_POINT ( 'NONE',  ( 3.527011237152519700, 31.41221573556855900, -9.872394360011750100 ) ) ;
#1872 = MECHANICAL_DESIGN_GEOMETRIC_PRESENTATION_REPRESENTATION (  '', ( #330 ), #2392 ) ;
#1873 = EDGE_LOOP ( 'NONE', ( #7879, #7949, #7971, #7995 ) ) ;
#1874 =( NAMED_UNIT ( * ) SI_UNIT ( $, .STERADIAN. ) SOLID_ANGLE_UNIT ( ) );
#1875 = COLOUR_RGB ( '',1.000000000000000000, 0.0000000000000000000, 1.000000000000000000 ) ;
#1876 = VERTEX_POINT ( 'NONE', #2454 ) ;
#1877 = CARTESIAN_POINT ( 'NONE',  ( -2.496944115616224600, 30.99532646334650500, -12.13069079785676700 ) ) ;
#1878 = EDGE_CURVE ( 'NONE', #2660, #7346, #7827, .T. ) ;
#1879 = ADVANCED_FACE ( 'NONE', ( #1859 ), #910, .F. ) ;
#1880 = VECTOR ( 'NONE', #3691, 1000.000000000000000 ) ;
#1881 = EDGE_CURVE ( 'NONE', #9762, #3507, #9155, .T. ) ;
#1882 = SURFACE_STYLE_FILL_AREA ( #1806 ) ;
#1883 =( GEOMETRIC_REPRESENTATION_CONTEXT ( 3 ) GLOBAL_UNCERTAINTY_ASSIGNED_CONTEXT ( ( #9209 ) ) GLOBAL_UNIT_ASSIGNED_CONTEXT ( ( #8786, #9577, #4852 ) ) REPRESENTATION_CONTEXT ( 'NONE', 'WORKASPACE' ) );
#1884 = ORIENTED_EDGE ( 'NONE', *, *, #4188, .T. ) ;
#1885 = MECHANICAL_DESIGN_GEOMETRIC_PRESENTATION_REPRESENTATION (  '', ( #875 ), #2404 ) ;
#1886 = SURFACE_STYLE_FILL_AREA ( #4848 ) ;
#1887 =( NAMED_UNIT ( * ) PLANE_ANGLE_UNIT ( ) SI_UNIT ( $, .RADIAN. ) );
#1888 = EDGE_CURVE ( 'NONE', #4826, #239, #7093, .T. ) ;
#1889 = CIRCLE ( 'NONE', #789, 0.4999999999968842100 ) ;
#1890 =( NAMED_UNIT ( * ) PLANE_ANGLE_UNIT ( ) SI_UNIT ( $, .RADIAN. ) );
#1891 = FILL_AREA_STYLE ('',( #2466 ) ) ;
#1892 = ORIENTED_EDGE ( 'NONE', *, *, #1849, .T. ) ;
#1893 = FILL_AREA_STYLE ('',( #9659 ) ) ;
#1894 = AXIS2_PLACEMENT_3D ( 'NONE', #6603, #1983, #7411 ) ;
#1895 = VERTEX_POINT ( 'NONE', #1025 ) ;
#1896 = SURFACE_STYLE_FILL_AREA ( #9263 ) ;
#1897 = LINE ( 'NONE', #1751, #5723 ) ;
#1898 = CARTESIAN_POINT ( 'NONE',  ( 8.019578844573029400, 27.00439681814319900, -11.96500000000000000 ) ) ;
#1899 = SURFACE_STYLE_USAGE ( .BOTH. , #6517 ) ;
#1900 = LINE ( 'NONE', #536, #3674 ) ;
#1901 = CARTESIAN_POINT ( 'NONE',  ( 5.300000000527495200, 20.96229614966531000, -12.44000000000000100 ) ) ;
#1902 =( NAMED_UNIT ( * ) PLANE_ANGLE_UNIT ( ) SI_UNIT ( $, .RADIAN. ) );
#1903 = FILL_AREA_STYLE ('',( #1047 ) ) ;
#1904 = AXIS2_PLACEMENT_3D ( 'NONE', #6457, #7558, #8524 ) ;
#1905 = LINE ( 'NONE', #5797, #5731 ) ;
#1906 = DIRECTION ( 'NONE',  ( -1.000000000000000000, 0.0000000000000000000, 0.0000000000000000000 ) ) ;
#1907 = EDGE_CURVE ( 'NONE', #7208, #4952, #2928, .T. ) ;
#1908 = CARTESIAN_POINT ( 'NONE',  ( 2.050000000527497000, 20.81229349947144100, -11.84000000000000200 ) ) ;
#1909 = VECTOR ( 'NONE', #5921, 1000.000000000000000 ) ;
#1910 = ORIENTED_EDGE ( 'NONE', *, *, #3433, .F. ) ;
#1911 = STYLED_ITEM ( 'NONE', ( #5722 ), #4344 ) ;
#1912 = CARTESIAN_POINT ( 'NONE',  ( -4.602453961876666000, 26.46229349947144300, -11.84000000000000200 ) ) ;
#1913 =( NAMED_UNIT ( * ) SI_UNIT ( $, .STERADIAN. ) SOLID_ANGLE_UNIT ( ) );
#1914 = LINE ( 'NONE', #5208, #3696 ) ;
#1915 = PRESENTATION_LAYER_ASSIGNMENT (  '', '', ( #1379 ) ) ;
#1916 = PRESENTATION_STYLE_ASSIGNMENT (( #338 ) ) ;
#1917 = EDGE_LOOP ( 'NONE', ( #1331, #383, #1007, #1718 ) ) ;
#1918 = SURFACE_STYLE_FILL_AREA ( #6782 ) ;
#1919 =( NAMED_UNIT ( * ) SI_UNIT ( $, .STERADIAN. ) SOLID_ANGLE_UNIT ( ) );
#1920 = EDGE_LOOP ( 'NONE', ( #3237, #9111, #846, #428 ) ) ;
#1921 = CYLINDRICAL_SURFACE ( 'NONE', #9849, 6.500000000000000000 ) ;
#1922 = AXIS2_PLACEMENT_3D ( 'NONE', #9410, #4671, #114 ) ;
#1923 = COLOUR_RGB ( '',1.000000000000000000, 1.000000000000000000, 1.000000000000000000 ) ;
#1924 = PRESENTATION_STYLE_ASSIGNMENT (( #2381 ) ) ;
#1925 = DIRECTION ( 'NONE',  ( -1.000000000000000000, 0.0000000000000000000, 0.0000000000000000000 ) ) ;
#1926 = ADVANCED_FACE ( 'NONE', ( #8918 ), #7993, .F. ) ;
#1927 = CARTESIAN_POINT ( 'NONE',  ( 8.062572811169548700, 26.06229349947143700, -12.26500000000000200 ) ) ;
#1928 = VERTEX_POINT ( 'NONE', #2554 ) ;
#1929 =( GEOMETRIC_REPRESENTATION_CONTEXT ( 3 ) GLOBAL_UNCERTAINTY_ASSIGNED_CONTEXT ( ( #6813 ) ) GLOBAL_UNIT_ASSIGNED_CONTEXT ( ( #5721, #1141, #6526 ) ) REPRESENTATION_CONTEXT ( 'NONE', 'WORKASPACE' ) );
#1930 = VECTOR ( 'NONE', #3199, 1000.000000000000000 ) ;
#1931 = EDGE_LOOP ( 'NONE', ( #3464, #6543, #9866, #1892 ) ) ;
#1932 =( LENGTH_UNIT ( ) NAMED_UNIT ( * ) SI_UNIT ( .MILLI., .METRE. ) );
#1933 = CARTESIAN_POINT ( 'NONE',  ( 5.000000000527495400, 21.76229614966530700, -12.49000000000000200 ) ) ;
#1934 = CIRCLE ( 'NONE', #4955, 7.399999999999999500 ) ;
#1935 = ORIENTED_EDGE ( 'NONE', *, *, #813, .F. ) ;
#1936 = FILL_AREA_STYLE ('',( #6560 ) ) ;
#1937 = UNCERTAINTY_MEASURE_WITH_UNIT (LENGTH_MEASURE( 1.000000000000000100E-005 ), #2605, 'distance_accuracy_value', 'NONE');
#1938 = LINE ( 'NONE', #3906, #7654 ) ;
#1939 = STYLED_ITEM ( 'NONE', ( #5074 ), #8074 ) ;
#1940 = VECTOR ( 'NONE', #687, 1000.000000000000000 ) ;
#1941 = ORIENTED_EDGE ( 'NONE', *, *, #2322, .F. ) ;
#1942 = EDGE_CURVE ( 'NONE', #10022, #2025, #1964, .T. ) ;
#1943 = EDGE_LOOP ( 'NONE', ( #9120, #9859, #48, #1343 ) ) ;
#1944 = ORIENTED_EDGE ( 'NONE', *, *, #1688, .F. ) ;
#1945 = ORIENTED_EDGE ( 'NONE', *, *, #4136, .F. ) ;
#1946 = AXIS2_PLACEMENT_3D ( 'NONE', #5071, #9779, #1663 ) ;
#1947 = PLANE ( 'NONE',  #6179 ) ;
#1948 = CARTESIAN_POINT ( 'NONE',  ( 1.450000000527496400, 20.66229349947143800, -11.84000000000000200 ) ) ;
#1949 = ORIENTED_EDGE ( 'NONE', *, *, #4555, .F. ) ;
#1950 = LINE ( 'NONE', #7524, #9997 ) ;
#1951 = VERTEX_POINT ( 'NONE', #4877 ) ;
#1952 = SURFACE_STYLE_USAGE ( .BOTH. , #6576 ) ;
#1953 = ORIENTED_EDGE ( 'NONE', *, *, #3038, .F. ) ;
#1954 = EDGE_LOOP ( 'NONE', ( #994, #3784, #4902, #3717 ) ) ;
#1955 = SURFACE_STYLE_USAGE ( .BOTH. , #6577 ) ;
#1956 = DIRECTION ( 'NONE',  ( 1.000000000000000000, -0.0000000000000000000, 0.0000000000000000000 ) ) ;
#1957 =( GEOMETRIC_REPRESENTATION_CONTEXT ( 3 ) GLOBAL_UNCERTAINTY_ASSIGNED_CONTEXT ( ( #10017 ) ) GLOBAL_UNIT_ASSIGNED_CONTEXT ( ( #6223, #361, #1194 ) ) REPRESENTATION_CONTEXT ( 'NONE', 'WORKASPACE' ) );
#1958 = EDGE_CURVE ( 'NONE', #1734, #4103, #10009, .T. ) ;
#1959 = CARTESIAN_POINT ( 'NONE',  ( 3.550000000527496500, 20.96229349947143900, -11.99000000000000200 ) ) ;
#1960 =( GEOMETRIC_REPRESENTATION_CONTEXT ( 3 ) GLOBAL_UNCERTAINTY_ASSIGNED_CONTEXT ( ( #8160 ) ) GLOBAL_UNIT_ASSIGNED_CONTEXT ( ( #9306, #10, #5330 ) ) REPRESENTATION_CONTEXT ( 'NONE', 'WORKASPACE' ) );
#1961 = STYLED_ITEM ( 'NONE', ( #5771 ), #9645 ) ;
#1962 = VERTEX_POINT ( 'NONE', #311 ) ;
#1963 = CARTESIAN_POINT ( 'NONE',  ( 0.7000000005306115100, 26.86229349947144100, -13.14000000000000200 ) ) ;
#1964 = LINE ( 'NONE', #2580, #4015 ) ;
#1965 = MECHANICAL_DESIGN_GEOMETRIC_PRESENTATION_REPRESENTATION (  '', ( #9991 ), #2494 ) ;
#1966 = CARTESIAN_POINT ( 'NONE',  ( 6.702453769200101200, 26.46229349947144300, -12.44000000000000100 ) ) ;
#1967 = SURFACE_SIDE_STYLE ('',( #9623 ) ) ;
#1968 = SURFACE_SIDE_STYLE ('',( #5473 ) ) ;
#1969 = PRESENTATION_STYLE_ASSIGNMENT (( #3100 ) ) ;
#1970 = EDGE_CURVE ( 'NONE', #508, #411, #3759, .T. ) ;
#1971 = DIRECTION ( 'NONE',  ( 1.000000000000000000, 0.0000000000000000000, 0.0000000000000000000 ) ) ;
#1972 = ADVANCED_FACE ( 'NONE', ( #6051 ), #6941, .T. ) ;
#1973 = COLOUR_RGB ( '',1.000000000000000000, 0.0000000000000000000, 1.000000000000000000 ) ;
#1974 = UNCERTAINTY_MEASURE_WITH_UNIT (LENGTH_MEASURE( 1.000000000000000100E-005 ), #9072, 'distance_accuracy_value', 'NONE');
#1975 = ORIENTED_EDGE ( 'NONE', *, *, #2712, .T. ) ;
#1976 = FILL_AREA_STYLE_COLOUR ( '', #3583 ) ;
#1977 =( GEOMETRIC_REPRESENTATION_CONTEXT ( 3 ) GLOBAL_UNCERTAINTY_ASSIGNED_CONTEXT ( ( #7434 ) ) GLOBAL_UNIT_ASSIGNED_CONTEXT ( ( #10063, #5317, #767 ) ) REPRESENTATION_CONTEXT ( 'NONE', 'WORKASPACE' ) );
#1978 = DIRECTION ( 'NONE',  ( 0.0000000000000000000, -0.0000000000000000000, 1.000000000000000000 ) ) ;
#1979 = EDGE_LOOP ( 'NONE', ( #1022, #5555, #6547 ) ) ;
#1980 = STYLED_ITEM ( 'NONE', ( #4282 ), #3837 ) ;
#1981 = LINE ( 'NONE', #1901, #4038 ) ;
#1982 = PLANE ( 'NONE',  #5003 ) ;
#1983 = DIRECTION ( 'NONE',  ( 0.0000000000000000000, 0.0000000000000000000, 1.000000000000000000 ) ) ;
#1984 = DIRECTION ( 'NONE',  ( -1.000000000000000000, 0.0000000000000000000, 0.0000000000000000000 ) ) ;
#1985 = EDGE_LOOP ( 'NONE', ( #3022, #6879, #6519, #7585 ) ) ;
#1986 = CARTESIAN_POINT ( 'NONE',  ( 6.702453769200101200, 26.46229349947144300, -11.84000000000000200 ) ) ;
#1987 = EDGE_CURVE ( 'NONE', #8155, #5666, #9021, .T. ) ;
#1988 = VECTOR ( 'NONE', #1650, 1000.000000000000000 ) ;
#1989 = ORIENTED_EDGE ( 'NONE', *, *, #6870, .T. ) ;
#1990 = CARTESIAN_POINT ( 'NONE',  ( 0.5500000005274954300, 21.96229349947143600, -12.44000000000000100 ) ) ;
#1991 = CARTESIAN_POINT ( 'NONE',  ( -3.406735493673155500, 30.60709989034279100, -10.06500000000000100 ) ) ;
#1992 = AXIS2_PLACEMENT_3D ( 'NONE', #5195, #641, #6006 ) ;
#1993 = LINE ( 'NONE', #886, #3792 ) ;
#1994 =( LENGTH_UNIT ( ) NAMED_UNIT ( * ) SI_UNIT ( .MILLI., .METRE. ) );
#1995 = DIRECTION ( 'NONE',  ( 0.9063006673066488200, 0.4226335297151929100, 0.0000000000000000000 ) ) ;
#1996 = VECTOR ( 'NONE', #2104, 1000.000000000000000 ) ;
#1997 = EDGE_CURVE ( 'NONE', #6191, #2907, #1029, .T. ) ;
#1998 = EDGE_CURVE ( 'NONE', #2033, #4549, #5049, .T. ) ;
#1999 = LINE ( 'NONE', #4677, #8001 ) ;
#2000 =( GEOMETRIC_REPRESENTATION_CONTEXT ( 3 ) GLOBAL_UNCERTAINTY_ASSIGNED_CONTEXT ( ( #8455 ) ) GLOBAL_UNIT_ASSIGNED_CONTEXT ( ( #8457, #3766, #9247 ) ) REPRESENTATION_CONTEXT ( 'NONE', 'WORKASPACE' ) );
#2001 = DIRECTION ( 'NONE',  ( 0.0000000000000000000, 0.0000000000000000000, 1.000000000000000000 ) ) ;
#2002 = DIRECTION ( 'NONE',  ( 1.000000000000000000, -0.0000000000000000000, 0.0000000000000000000 ) ) ;
#2003 = SURFACE_STYLE_FILL_AREA ( #6069 ) ;
#2004 = CARTESIAN_POINT ( 'NONE',  ( 7.244461141309089100, 28.63301727863720800, -10.06500000000000100 ) ) ;
#2005 = EDGE_LOOP ( 'NONE', ( #8480, #5065, #9183, #5048 ) ) ;
#2006 = CARTESIAN_POINT ( 'NONE',  ( -0.9499999994725048000, 20.66229349947143800, -12.54000000000000300 ) ) ;
#2007 = CARTESIAN_POINT ( 'NONE',  ( -1.464259850706064900, 31.63993251048109200, -11.96500000000000000 ) ) ;
#2008 = EDGE_CURVE ( 'NONE', #411, #9767, #775, .T. ) ;
#2009 = DIRECTION ( 'NONE',  ( 0.0000000000000000000, -0.0000000000000000000, 1.000000000000000000 ) ) ;
#2010 = FACE_BOUND ( 'NONE', #2543, .T. ) ;
#2011 =( GEOMETRIC_REPRESENTATION_CONTEXT ( 3 ) GLOBAL_UNCERTAINTY_ASSIGNED_CONTEXT ( ( #806 ) ) GLOBAL_UNIT_ASSIGNED_CONTEXT ( ( #1428, #3756, #8443 ) ) REPRESENTATION_CONTEXT ( 'NONE', 'WORKASPACE' ) );
#2012 = ADVANCED_FACE ( 'NONE', ( #2572, #4837, #8790 ), #4089, .F. ) ;
#2013 = DIRECTION ( 'NONE',  ( 0.0000000000000000000, 0.0000000000000000000, -1.000000000000000000 ) ) ;
#2014 = PRESENTATION_LAYER_ASSIGNMENT (  '', '', ( #1021 ) ) ;
#2015 =( NAMED_UNIT ( * ) PLANE_ANGLE_UNIT ( ) SI_UNIT ( $, .RADIAN. ) );
#2016 =( NAMED_UNIT ( * ) SI_UNIT ( $, .STERADIAN. ) SOLID_ANGLE_UNIT ( ) );
#2017 = CARTESIAN_POINT ( 'NONE',  ( -4.602453961876664200, 25.61229279551774600, -12.44000000000000100 ) ) ;
#2018 = PRESENTATION_LAYER_ASSIGNMENT (  '', '', ( #1497 ) ) ;
#2019 = SURFACE_SIDE_STYLE ('',( #9396 ) ) ;
#2020 = VECTOR ( 'NONE', #427, 1000.000000000000000 ) ;
#2021 = VERTEX_POINT ( 'NONE', #277 ) ;
#2022 = UNCERTAINTY_MEASURE_WITH_UNIT (LENGTH_MEASURE( 1.000000000000000100E-005 ), #1010, 'distance_accuracy_value', 'NONE');
#2023 = CARTESIAN_POINT ( 'NONE',  ( -0.04999999947250471200, 20.96229349947143900, -11.99000000000000200 ) ) ;
#2024 = COLOUR_RGB ( '',1.000000000000000000, 0.0000000000000000000, 1.000000000000000000 ) ;
#2025 = VERTEX_POINT ( 'NONE', #7388 ) ;
#2026 = COLOUR_RGB ( '',0.0000000000000000000, 0.0000000000000000000, 1.000000000000000000 ) ;
#2027 = UNCERTAINTY_MEASURE_WITH_UNIT (LENGTH_MEASURE( 1.000000000000000100E-005 ), #8135, 'distance_accuracy_value', 'NONE');
#2028 = CARTESIAN_POINT ( 'NONE',  ( 6.852453769200100600, 26.46229349947144300, -12.54000000000000300 ) ) ;
#2029 = SURFACE_SIDE_STYLE ('',( #2654 ) ) ;
#2030 = DIRECTION ( 'NONE',  ( 0.0000000000000000000, 0.0000000000000000000, -1.000000000000000000 ) ) ;
#2031 = EDGE_LOOP ( 'NONE', ( #3856, #8050, #3595, #1579 ) ) ;
#2032 = STYLED_ITEM ( 'NONE', ( #6082 ), #4607 ) ;
#2033 = VERTEX_POINT ( 'NONE', #2734 ) ;
#2034 = LINE ( 'NONE', #3028, #18 ) ;
#2035 = DIRECTION ( 'NONE',  ( 0.0000000000000000000, -0.0000000000000000000, 1.000000000000000000 ) ) ;
#2036 =( GEOMETRIC_REPRESENTATION_CONTEXT ( 3 ) GLOBAL_UNCERTAINTY_ASSIGNED_CONTEXT ( ( #3608 ) ) GLOBAL_UNIT_ASSIGNED_CONTEXT ( ( #9812, #9023, #8245 ) ) REPRESENTATION_CONTEXT ( 'NONE', 'WORKASPACE' ) );
#2037 = CARTESIAN_POINT ( 'NONE',  ( 5.870809653799518900, 27.61762785706060800, -12.49000000000000200 ) ) ;
#2038 = UNCERTAINTY_MEASURE_WITH_UNIT (LENGTH_MEASURE( 1.000000000000000100E-005 ), #6508, 'distance_accuracy_value', 'NONE');
#2039 =( NAMED_UNIT ( * ) PLANE_ANGLE_UNIT ( ) SI_UNIT ( $, .RADIAN. ) );
#2040 = DIRECTION ( 'NONE',  ( 1.000000000000000000, 0.0000000000000000000, 0.0000000000000000000 ) ) ;
#2041 = SURFACE_SIDE_STYLE ('',( #8211 ) ) ;
#2042 = CARTESIAN_POINT ( 'NONE',  ( -1.484968709705945000, 31.45692881287452600, -12.13026079899264100 ) ) ;
#2043 = EDGE_LOOP ( 'NONE', ( #4245, #6348, #9914, #3205 ) ) ;
#2044 = PLANE ( 'NONE',  #186 ) ;
#2045 =( LENGTH_UNIT ( ) NAMED_UNIT ( * ) SI_UNIT ( .MILLI., .METRE. ) );
#2046 = SURFACE_STYLE_USAGE ( .BOTH. , #6686 ) ;
#2047 = AXIS2_PLACEMENT_3D ( 'NONE', #4593, #7799, #3804 ) ;
#2048 = CARTESIAN_POINT ( 'NONE',  ( -2.513759998929610000, 28.36077100000000000, -9.540000000000000900 ) ) ;
#2049 = DIRECTION ( 'NONE',  ( 0.0000000000000000000, -0.0000000000000000000, 1.000000000000000000 ) ) ;
#2050 = CARTESIAN_POINT ( 'NONE',  ( -4.403171915143723000, 27.23204465226782400, -12.49000000000000200 ) ) ;
#2051 = EDGE_CURVE ( 'NONE', #7640, #9121, #1850, .T. ) ;
#2052 = VERTEX_POINT ( 'NONE', #4248 ) ;
#2053 =( NAMED_UNIT ( * ) SI_UNIT ( $, .STERADIAN. ) SOLID_ANGLE_UNIT ( ) );
#2054 = CARTESIAN_POINT ( 'NONE',  ( -6.062582055238112700, 25.86229349947143800, -12.20120212457107400 ) ) ;
#2055 = FILL_AREA_STYLE ('',( #1276 ) ) ;
#2056 = CIRCLE ( 'NONE', #4088, 0.4999999999968842100 ) ;
#2057 = VECTOR ( 'NONE', #8222, 1000.000000000000000 ) ;
#2058 = ADVANCED_FACE ( 'NONE', ( #3622 ), #5811, .F. ) ;
#2059 = FACE_OUTER_BOUND ( 'NONE', #332, .T. ) ;
#2060 = ORIENTED_EDGE ( 'NONE', *, *, #7902, .T. ) ;
#2061 = STYLED_ITEM ( 'NONE', ( #9162 ), #8345 ) ;
#2062 = ORIENTED_EDGE ( 'NONE', *, *, #9705, .F. ) ;
#2063 = EDGE_CURVE ( 'NONE', #6416, #6191, #9877, .T. ) ;
#2064 =( LENGTH_UNIT ( ) NAMED_UNIT ( * ) SI_UNIT ( .MILLI., .METRE. ) );
#2065 = ORIENTED_EDGE ( 'NONE', *, *, #8095, .T. ) ;
#2066 = VECTOR ( 'NONE', #7238, 1000.000000000000000 ) ;
#2067 = ORIENTED_EDGE ( 'NONE', *, *, #4912, .F. ) ;
#2068 = CARTESIAN_POINT ( 'NONE',  ( 3.896199541903232700, 29.79926116199805400, -9.765000000000000600 ) ) ;
#2069 = AXIS2_PLACEMENT_3D ( 'NONE', #3980, #2440, #2470 ) ;
#2070 = EDGE_CURVE ( 'NONE', #3404, #1318, #2918, .T. ) ;
#2071 = CARTESIAN_POINT ( 'NONE',  ( 2.950000000527496000, 20.96229349947143900, -11.99000000000000200 ) ) ;
#2072 = ORIENTED_EDGE ( 'NONE', *, *, #3601, .F. ) ;
#2073 = LINE ( 'NONE', #3202, #8079 ) ;
#2074 =( LENGTH_UNIT ( ) NAMED_UNIT ( * ) SI_UNIT ( .MILLI., .METRE. ) );
#2075 = COLOUR_RGB ( '',1.000000000000000000, 0.0000000000000000000, 1.000000000000000000 ) ;
#2076 = SURFACE_STYLE_USAGE ( .BOTH. , #2792 ) ;
#2077 = VERTEX_POINT ( 'NONE', #3548 ) ;
#2078 = DIRECTION ( 'NONE',  ( 0.0000000000000000000, 0.0000000000000000000, -1.000000000000000000 ) ) ;
#2079 = FILL_AREA_STYLE_COLOUR ( '', #9101 ) ;
#2080 = PRESENTATION_LAYER_ASSIGNMENT (  '', '', ( #1072 ) ) ;
#2081 = ORIENTED_EDGE ( 'NONE', *, *, #1427, .F. ) ;
#2082 = EDGE_CURVE ( 'NONE', #1684, #8684, #6798, .T. ) ;
#2083 = CARTESIAN_POINT ( 'NONE',  ( 2.050000000527497000, 20.81229349947144100, -11.99000000000000200 ) ) ;
#2084 = DIRECTION ( 'NONE',  ( -1.000000000000000000, 0.0000000000000000000, 0.0000000000000000000 ) ) ;
#2085 = FILL_AREA_STYLE ('',( #3709 ) ) ;
#2086 = VECTOR ( 'NONE', #9026, 1000.000000000000000 ) ;
#2087 = DIRECTION ( 'NONE',  ( 0.0000000000000000000, -0.0000000000000000000, 1.000000000000000000 ) ) ;
#2088 = FACE_OUTER_BOUND ( 'NONE', #4196, .T. ) ;
#2089 = B_SPLINE_CURVE_WITH_KNOTS ( 'NONE', 3,
 ( #895, #4688, #5457, #6263, #7096, #2428, #7891 ),
 .UNSPECIFIED., .F., .F.,
 ( 4, 3, 4 ),
 ( 0.002198398550194162600, 0.002257007415990271900, 0.002289277000580907000 ),
 .UNSPECIFIED. ) ;
#2090 = CIRCLE ( 'NONE', #8799, 0.2000000000000000900 ) ;
#2091 =( GEOMETRIC_REPRESENTATION_CONTEXT ( 3 ) GLOBAL_UNCERTAINTY_ASSIGNED_CONTEXT ( ( #9429 ) ) GLOBAL_UNIT_ASSIGNED_CONTEXT ( ( #2920, #8375, #3671 ) ) REPRESENTATION_CONTEXT ( 'NONE', 'WORKASPACE' ) );
#2092 = DIRECTION ( 'NONE',  ( 0.0000000000000000000, 0.0000000000000000000, -1.000000000000000000 ) ) ;
#2093 = SURFACE_STYLE_USAGE ( .BOTH. , #6729 ) ;
#2094 = FILL_AREA_STYLE ('',( #1274 ) ) ;
#2095 = CARTESIAN_POINT ( 'NONE',  ( -0.9499999994725048000, 20.66229349947143800, -12.54000000000000300 ) ) ;
#2096 = AXIS2_PLACEMENT_3D ( 'NONE', #5938, #5902, #5838 ) ;
#2097 = VECTOR ( 'NONE', #1270, 1000.000000000000000 ) ;
#2098 = ORIENTED_EDGE ( 'NONE', *, *, #1810, .F. ) ;
#2099 = DIRECTION ( 'NONE',  ( 0.0000000000000000000, 0.0000000000000000000, -1.000000000000000000 ) ) ;
#2100 = STYLED_ITEM ( 'NONE', ( #9842 ), #5302 ) ;
#2101 = CARTESIAN_POINT ( 'NONE',  ( -2.449999999472504800, 21.96229349947143600, -12.54000000000000300 ) ) ;
#2102 = SURFACE_STYLE_FILL_AREA ( #1403 ) ;
#2103 = CARTESIAN_POINT ( 'NONE',  ( -3.843634395923538600, 27.63030919068990700, -12.49000000000000200 ) ) ;
#2104 = DIRECTION ( 'NONE',  ( 1.000000000000000000, -0.0000000000000000000, 0.0000000000000000000 ) ) ;
#2105 = LINE ( 'NONE', #9574, #5706 ) ;
#2106 =( LENGTH_UNIT ( ) NAMED_UNIT ( * ) SI_UNIT ( .MILLI., .METRE. ) );
#2107 = ORIENTED_EDGE ( 'NONE', *, *, #1002, .F. ) ;
#2108 = ADVANCED_FACE ( 'NONE', ( #2685 ), #8200, .F. ) ;
#2109 = CARTESIAN_POINT ( 'NONE',  ( -4.702453961876661200, 25.86229349947144100, -12.44000000000000100 ) ) ;
#2110 = LINE ( 'NONE', #2515, #105 ) ;
#2111 = SURFACE_STYLE_USAGE ( .BOTH. , #6752 ) ;
#2112 = CARTESIAN_POINT ( 'NONE',  ( -3.602453961876661100, 26.46229349947144300, -12.54000000000000300 ) ) ;
#2113 = CARTESIAN_POINT ( 'NONE',  ( 2.099995377965719000, 31.98008005006171900, -10.26500000000000200 ) ) ;
#2114 = EDGE_LOOP ( 'NONE', ( #1949, #7589 ) ) ;
#2115 = DIRECTION ( 'NONE',  ( 1.000000000000000000, -0.0000000000000000000, 0.0000000000000000000 ) ) ;
#2116 =( GEOMETRIC_REPRESENTATION_CONTEXT ( 3 ) GLOBAL_UNCERTAINTY_ASSIGNED_CONTEXT ( ( #5597 ) ) GLOBAL_UNIT_ASSIGNED_CONTEXT ( ( #3285, #8745, #4055 ) ) REPRESENTATION_CONTEXT ( 'NONE', 'WORKASPACE' ) );
#2117 = CARTESIAN_POINT ( 'NONE',  ( 8.262572811202803200, 26.06229349944127100, -11.96871505594411300 ) ) ;
#2118 = SURFACE_STYLE_USAGE ( .BOTH. , #6765 ) ;
#2119 = CARTESIAN_POINT ( 'NONE',  ( 2.050000000527496100, 20.66229349947143800, -12.44000000000000100 ) ) ;
#2120 = FILL_AREA_STYLE ('',( #6730 ) ) ;
#2121 = EDGE_CURVE ( 'NONE', #1895, #9643, #4006, .T. ) ;
#2122 = SURFACE_STYLE_FILL_AREA ( #1936 ) ;
#2123 = EDGE_CURVE ( 'NONE', #897, #4351, #1950, .T. ) ;
#2124 = AXIS2_PLACEMENT_3D ( 'NONE', #5864, #5829, #5767 ) ;
#2125 = DIRECTION ( 'NONE',  ( 0.3420201433256663800, 0.9396926207859093200, 0.0000000000000000000 ) ) ;
#2126 = PLANE ( 'NONE',  #9234 ) ;
#2127 =( NAMED_UNIT ( * ) PLANE_ANGLE_UNIT ( ) SI_UNIT ( $, .RADIAN. ) );
#2128 = PRESENTATION_STYLE_ASSIGNMENT (( #154 ) ) ;
#2129 =( NAMED_UNIT ( * ) PLANE_ANGLE_UNIT ( ) SI_UNIT ( $, .RADIAN. ) );
#2130 = SURFACE_SIDE_STYLE ('',( #1918 ) ) ;
#2131 = CARTESIAN_POINT ( 'NONE',  ( 1.952651747679727800, 32.00090782122590800, -10.06499999999846700 ) ) ;
#2132 = EDGE_CURVE ( 'NONE', #9750, #7599, #7481, .T. ) ;
#2133 = EDGE_CURVE ( 'NONE', #2258, #5859, #8179, .T. ) ;
#2134 = MECHANICAL_DESIGN_GEOMETRIC_PRESENTATION_REPRESENTATION (  '', ( #1129 ), #2668 ) ;
#2135 = EDGE_LOOP ( 'NONE', ( #6048, #8380, #2402, #873 ) ) ;
#2136 = PRESENTATION_LAYER_ASSIGNMENT (  '', '', ( #2670 ) ) ;
#2137 = UNCERTAINTY_MEASURE_WITH_UNIT (LENGTH_MEASURE( 1.000000000000000100E-005 ), #1600, 'distance_accuracy_value', 'NONE');
#2138 = SURFACE_STYLE_USAGE ( .BOTH. , #2249 ) ;
#2139 = FACE_BOUND ( 'NONE', #2876, .T. ) ;
#2140 = CARTESIAN_POINT ( 'NONE',  ( 3.464250606637507600, 31.63993251048109200, -10.06500000000000100 ) ) ;
#2141 = ORIENTED_EDGE ( 'NONE', *, *, #9495, .F. ) ;
#2142 = PRESENTATION_LAYER_ASSIGNMENT (  '', '', ( #1651 ) ) ;
#2143 = UNCERTAINTY_MEASURE_WITH_UNIT (LENGTH_MEASURE( 1.000000000000000100E-005 ), #5485, 'distance_accuracy_value', 'NONE');
#2144 = ORIENTED_EDGE ( 'NONE', *, *, #9835, .F. ) ;
#2145 = DIRECTION ( 'NONE',  ( 0.0000000000000000000, 0.0000000000000000000, -1.000000000000000000 ) ) ;
#2146 = LINE ( 'NONE', #9061, #146 ) ;
#2147 = COLOUR_RGB ( '',1.000000000000000000, 0.0000000000000000000, 1.000000000000000000 ) ;
#2148 =( LENGTH_UNIT ( ) NAMED_UNIT ( * ) SI_UNIT ( .MILLI., .METRE. ) );
#2149 = EDGE_CURVE ( 'NONE', #7046, #8398, #6038, .T. ) ;
#2150 = CARTESIAN_POINT ( 'NONE',  ( 3.837648678512799900, 31.49659841993659300, -10.06500000000000100 ) ) ;
#2151 = PRESENTATION_STYLE_ASSIGNMENT (( #2906 ) ) ;
#2152 = B_SPLINE_CURVE_WITH_KNOTS ( 'NONE', 3,
 ( #5895, #5091, #2852, #8314, #3603, #9089, #4354, #9878 ),
 .UNSPECIFIED., .F., .F.,
 ( 4, 2, 2, 4 ),
 ( 0.0002799146463879497100, 0.0003978943124052148500, 0.0005158739784224800000, 0.0007518333104570110500 ),
 .UNSPECIFIED. ) ;
#2153 = CARTESIAN_POINT ( 'NONE',  ( 8.062572811169548700, 26.06229349947143700, -12.26500000000000200 ) ) ;
#2154 = CARTESIAN_POINT ( 'NONE',  ( -0.9499999994725030200, 20.81229349947144100, -11.84000000000000200 ) ) ;
#2155 = CARTESIAN_POINT ( 'NONE',  ( 8.212203400288313300, 25.92726444515186700, -9.987290024839644800 ) ) ;
#2156 =( NAMED_UNIT ( * ) PLANE_ANGLE_UNIT ( ) SI_UNIT ( $, .RADIAN. ) );
#2157 = CARTESIAN_POINT ( 'NONE',  ( -4.702453961876661200, 26.46229349947144300, -12.44000000000000100 ) ) ;
#2158 = ORIENTED_EDGE ( 'NONE', *, *, #2797, .T. ) ;
#2159 = AXIS2_PLACEMENT_3D ( 'NONE', #1572, #7010, #2360 ) ;
#2160 = ADVANCED_FACE ( 'NONE', ( #3749 ), #6931, .T. ) ;
#2161 = CARTESIAN_POINT ( 'NONE',  ( 6.852453769200100600, 26.46229349947144300, -11.84000000000000200 ) ) ;
#2162 = CARTESIAN_POINT ( 'NONE',  ( -0.1000046220342816200, 31.98008005006171900, -10.26500000000000200 ) ) ;
#2163 =( GEOMETRIC_REPRESENTATION_CONTEXT ( 3 ) GLOBAL_UNCERTAINTY_ASSIGNED_CONTEXT ( ( #1111 ) ) GLOBAL_UNIT_ASSIGNED_CONTEXT ( ( #436, #1173, #4235 ) ) REPRESENTATION_CONTEXT ( 'NONE', 'WORKASPACE' ) );
#2164 = CARTESIAN_POINT ( 'NONE',  ( 6.661129980557222800, 29.32934310409601900, -10.00186417673998900 ) ) ;
#2165 = ORIENTED_EDGE ( 'NONE', *, *, #3027, .T. ) ;
#2166 = CARTESIAN_POINT ( 'NONE',  ( 1.899995377965719300, 32.00735987085298000, -11.96500000000000200 ) ) ;
#2167 = ORIENTED_EDGE ( 'NONE', *, *, #8735, .T. ) ;
#2168 = CARTESIAN_POINT ( 'NONE',  ( 5.300000000527496100, 21.76229614966530700, -12.44000000000000100 ) ) ;
#2169 = CARTESIAN_POINT ( 'NONE',  ( -3.406735493673155500, 30.60709989034279100, -11.96500000000000200 ) ) ;
#2170 =( NAMED_UNIT ( * ) PLANE_ANGLE_UNIT ( ) SI_UNIT ( $, .RADIAN. ) );
#2171 = LINE ( 'NONE', #6054, #1940 ) ;
#2172 = VECTOR ( 'NONE', #8291, 1000.000000000000000 ) ;
#2173 = ORIENTED_EDGE ( 'NONE', *, *, #2666, .F. ) ;
#2174 = CARTESIAN_POINT ( 'NONE',  ( -2.649398738472236800, 31.09983360287336400, -11.96500000000000200 ) ) ;
#2175 = EDGE_LOOP ( 'NONE', ( #350, #8306, #7733, #7453 ) ) ;
#2176 = ORIENTED_EDGE ( 'NONE', *, *, #864, .F. ) ;
#2177 = FILL_AREA_STYLE_COLOUR ( '', #6365 ) ;
#2178 = PRESENTATION_LAYER_ASSIGNMENT (  '', '', ( #2704 ) ) ;
#2179 = ORIENTED_EDGE ( 'NONE', *, *, #336, .T. ) ;
#2180 = COLOUR_RGB ( '',1.000000000000000000, 0.0000000000000000000, 1.000000000000000000 ) ;
#2181 = FILL_AREA_STYLE ('',( #4053 ) ) ;
#2182 = ORIENTED_EDGE ( 'NONE', *, *, #7342, .F. ) ;
#2183 = DIRECTION ( 'NONE',  ( 0.0000000000000000000, -0.0000000000000000000, 1.000000000000000000 ) ) ;
#2184 = EDGE_CURVE ( 'NONE', #8147, #4234, #1019, .T. ) ;
#2185 =( NAMED_UNIT ( * ) PLANE_ANGLE_UNIT ( ) SI_UNIT ( $, .RADIAN. ) );
#2186 = ORIENTED_EDGE ( 'NONE', *, *, #5875, .T. ) ;
#2187 = EDGE_CURVE ( 'NONE', #8255, #7391, #5039, .T. ) ;
#2188 = ORIENTED_EDGE ( 'NONE', *, *, #592, .F. ) ;
#2189 = ORIENTED_EDGE ( 'NONE', *, *, #2354, .F. ) ;
#2190 = SURFACE_STYLE_USAGE ( .BOTH. , #6835 ) ;
#2191 = DIRECTION ( 'NONE',  ( 1.000000000000000000, 0.0000000000000000000, 0.0000000000000000000 ) ) ;
#2192 = FILL_AREA_STYLE_COLOUR ( '', #1680 ) ;
#2193 = SURFACE_SIDE_STYLE ('',( #3460 ) ) ;
#2194 = PRESENTATION_STYLE_ASSIGNMENT (( #1114 ) ) ;
#2195 = DIRECTION ( 'NONE',  ( 0.0000000000000000000, -0.0000000000000000000, 1.000000000000000000 ) ) ;
#2196 = SURFACE_STYLE_FILL_AREA ( #323 ) ;
#2197 =( GEOMETRIC_REPRESENTATION_CONTEXT ( 3 ) GLOBAL_UNCERTAINTY_ASSIGNED_CONTEXT ( ( #7176 ) ) GLOBAL_UNIT_ASSIGNED_CONTEXT ( ( #9291, #4536, #10062 ) ) REPRESENTATION_CONTEXT ( 'NONE', 'WORKASPACE' ) );
#2198 = VERTEX_POINT ( 'NONE', #692 ) ;
#2199 =( NAMED_UNIT ( * ) SI_UNIT ( $, .STERADIAN. ) SOLID_ANGLE_UNIT ( ) );
#2200 =( NAMED_UNIT ( * ) SI_UNIT ( $, .STERADIAN. ) SOLID_ANGLE_UNIT ( ) );
#2201 = FILL_AREA_STYLE ('',( #7153 ) ) ;
#2202 = ORIENTED_EDGE ( 'NONE', *, *, #5101, .T. ) ;
#2203 =( LENGTH_UNIT ( ) NAMED_UNIT ( * ) SI_UNIT ( .MILLI., .METRE. ) );
#2204 = CARTESIAN_POINT ( 'NONE',  ( -4.418103350367016600, 29.63634865328455300, -12.00993248607590900 ) ) ;
#2205 = CARTESIAN_POINT ( 'NONE',  ( 0.09999537796571891800, 32.10809768706595700, -10.26500000000000200 ) ) ;
#2206 = VECTOR ( 'NONE', #3070, 1000.000000000000000 ) ;
#2207 = CARTESIAN_POINT ( 'NONE',  ( 2.667886722213259200, 31.68178945933219400, -12.15012259605151700 ) ) ;
#2208 = AXIS2_PLACEMENT_3D ( 'NONE', #4319, #4171, #4093 ) ;
#2209 = PRESENTATION_LAYER_ASSIGNMENT (  '', '', ( #2727 ) ) ;
#2210 = ORIENTED_EDGE ( 'NONE', *, *, #8598, .F. ) ;
#2211 =( NAMED_UNIT ( * ) SI_UNIT ( $, .STERADIAN. ) SOLID_ANGLE_UNIT ( ) );
#2212 = ORIENTED_EDGE ( 'NONE', *, *, #1878, .T. ) ;
#2213 = ADVANCED_FACE ( 'NONE', ( #761 ), #5898, .F. ) ;
#2214 = CARTESIAN_POINT ( 'NONE',  ( -0.9836142318969182100, 31.79147949197160700, -11.01500000000000200 ) ) ;
#2215 = PRESENTATION_STYLE_ASSIGNMENT (( #1399 ) ) ;
#2216 = CARTESIAN_POINT ( 'NONE',  ( 6.852453769200100600, 25.86229349947144100, -12.54000000000000300 ) ) ;
#2217 = ORIENTED_EDGE ( 'NONE', *, *, #412, .T. ) ;
#2218 = DIRECTION ( 'NONE',  ( 0.0000000000000000000, 1.000000000000000000, 0.0000000000000000000 ) ) ;
#2219 = VERTEX_POINT ( 'NONE', #6095 ) ;
#2220 = CARTESIAN_POINT ( 'NONE',  ( 4.450000000527496400, 20.66229349947143800, -12.44000000000000100 ) ) ;
#2221 = PLANE ( 'NONE',  #8528 ) ;
#2222 = B_SPLINE_CURVE_WITH_KNOTS ( 'NONE', 3,
 ( #1071, #5652, #7271, #2607, #8081, #3372 ),
 .UNSPECIFIED., .F., .F.,
 ( 4, 2, 4 ),
 ( 0.0000000000000000000, 0.0001263166494853751600, 0.0002526332989707503300 ),
 .UNSPECIFIED. ) ;
#2223 = COLOUR_RGB ( '',1.000000000000000000, 1.000000000000000000, 1.000000000000000000 ) ;
#2224 = COLOUR_RGB ( '',1.000000000000000000, 0.0000000000000000000, 1.000000000000000000 ) ;
#2225 = PRESENTATION_LAYER_ASSIGNMENT (  '', '', ( #1728 ) ) ;
#2226 = FILL_AREA_STYLE ('',( #6801 ) ) ;
#2227 = CARTESIAN_POINT ( 'NONE',  ( -0.07810112708767734400, 31.98343398248256600, -11.86986936812952300 ) ) ;
#2228 = CARTESIAN_POINT ( 'NONE',  ( -4.413462412269685100, 29.40933037759091200, -9.864922774082685900 ) ) ;
#2229 = DIRECTION ( 'NONE',  ( -1.000000000000000000, 0.0000000000000000000, 0.0000000000000000000 ) ) ;
#2230 = VERTEX_POINT ( 'NONE', #1476 ) ;
#2231 = MECHANICAL_DESIGN_GEOMETRIC_PRESENTATION_REPRESENTATION (  '', ( #696 ), #2742 ) ;
#2232 =( LENGTH_UNIT ( ) NAMED_UNIT ( * ) SI_UNIT ( .MILLI., .METRE. ) );
#2233 = ORIENTED_EDGE ( 'NONE', *, *, #9468, .T. ) ;
#2234 = VERTEX_POINT ( 'NONE', #1443 ) ;
#2235 = CIRCLE ( 'NONE', #1034, 0.4999972125364574600 ) ;
#2236 = CARTESIAN_POINT ( 'NONE',  ( -0.9836142318969182100, 31.79147949197160700, -10.06500000000000100 ) ) ;
#2237 =( LENGTH_UNIT ( ) NAMED_UNIT ( * ) SI_UNIT ( .MILLI., .METRE. ) );
#2238 = CARTESIAN_POINT ( 'NONE',  ( 0.9999953779657178000, 24.66229349947143800, -12.26500000000000200 ) ) ;
#2239 = AXIS2_PLACEMENT_3D ( 'NONE', #6019, #1405, #6836 ) ;
#2240 = CARTESIAN_POINT ( 'NONE',  ( 6.852453769200100600, 26.46229349947144300, -12.54000000000000300 ) ) ;
#2241 = CIRCLE ( 'NONE', #2987, 7.400000000000000400 ) ;
#2242 = CIRCLE ( 'NONE', #7255, 7.400000000000000400 ) ;
#2243 = ORIENTED_EDGE ( 'NONE', *, *, #9532, .F. ) ;
#2244 = SURFACE_STYLE_USAGE ( .BOTH. , #6890 ) ;
#2245 = CARTESIAN_POINT ( 'NONE',  ( 5.945278475781079500, 27.03121933074009000, -12.49000000000000200 ) ) ;
#2246 = AXIS2_PLACEMENT_3D ( 'NONE', #8434, #3742, #9223 ) ;
#2247 = CARTESIAN_POINT ( 'NONE',  ( -4.403171915143723000, 27.23204465226782400, -9.540000000000000900 ) ) ;
#2248 = VECTOR ( 'NONE', #6810, 1000.000000000000000 ) ;
#2249 = SURFACE_SIDE_STYLE ('',( #390 ) ) ;
#2250 = DIRECTION ( 'NONE',  ( 0.0000000000000000000, -0.0000000000000000000, 1.000000000000000000 ) ) ;
#2251 = CARTESIAN_POINT ( 'NONE',  ( 7.134873414873032600, 28.80032098515495100, -9.765000000000000600 ) ) ;
#2252 = COLOUR_RGB ( '',1.000000000000000000, 0.0000000000000000000, 1.000000000000000000 ) ;
#2253 = SURFACE_STYLE_USAGE ( .BOTH. , #2368 ) ;
#2254 =( NAMED_UNIT ( * ) SI_UNIT ( $, .STERADIAN. ) SOLID_ANGLE_UNIT ( ) );
#2255 = CARTESIAN_POINT ( 'NONE',  ( -2.449999999472504800, 21.96229349947143600, -12.54000000000000300 ) ) ;
#2256 = FACE_BOUND ( 'NONE', #497, .T. ) ;
#2257 = AXIS2_PLACEMENT_3D ( 'NONE', #5976, #3621, #1369 ) ;
#2258 = VERTEX_POINT ( 'NONE', #725 ) ;
#2259 = EDGE_CURVE ( 'NONE', #7175, #7170, #4111, .T. ) ;
#2260 = DIRECTION ( 'NONE',  ( -1.000000000000000000, 0.0000000000000000000, 0.0000000000000000000 ) ) ;
#2261 = FILL_AREA_STYLE_COLOUR ( '', #9175 ) ;
#2262 = CARTESIAN_POINT ( 'NONE',  ( -0.5852504421699346000, 31.84449470751887600, -12.00993248607590400 ) ) ;
#2263 = SURFACE_STYLE_USAGE ( .BOTH. , #6912 ) ;
#2264 = COLOUR_RGB ( '',1.000000000000000000, 1.000000000000000000, 1.000000000000000000 ) ;
#2265 = CARTESIAN_POINT ( 'NONE',  ( 5.244461006963478100, 30.72401862720996500, -9.765000000000000600 ) ) ;
#2266 = DIRECTION ( 'NONE',  ( -1.000000000000000000, 0.0000000000000000000, 0.0000000000000000000 ) ) ;
#2267 =( LENGTH_UNIT ( ) NAMED_UNIT ( * ) SI_UNIT ( .MILLI., .METRE. ) );
#2268 = SURFACE_SIDE_STYLE ('',( #1813 ) ) ;
#2269 = ADVANCED_FACE ( 'NONE', ( #2059 ), #4535, .F. ) ;
#2270 = ORIENTED_EDGE ( 'NONE', *, *, #3497, .F. ) ;
#2271 = EDGE_CURVE ( 'NONE', #4034, #4189, #3068, .T. ) ;
#2272 = LINE ( 'NONE', #1493, #4272 ) ;
#2273 = PRESENTATION_LAYER_ASSIGNMENT (  '', '', ( #1225 ) ) ;
#2274 = EDGE_LOOP ( 'NONE', ( #9554, #2107, #9895, #9941 ) ) ;
#2275 = CARTESIAN_POINT ( 'NONE',  ( -4.702453961876661200, 26.46229349947144300, -11.84000000000000200 ) ) ;
#2276 = DIRECTION ( 'NONE',  ( 1.000000000000000000, -0.0000000000000000000, 0.0000000000000000000 ) ) ;
#2277 = PRESENTATION_STYLE_ASSIGNMENT (( #5088 ) ) ;
#2278 = FILL_AREA_STYLE_COLOUR ( '', #9662 ) ;
#2279 = CIRCLE ( 'NONE', #7196, 5.899999122561759200 ) ;
#2280 = VERTEX_POINT ( 'NONE', #1699 ) ;
#2281 = UNCERTAINTY_MEASURE_WITH_UNIT (LENGTH_MEASURE( 1.000000000000000100E-005 ), #168, 'distance_accuracy_value', 'NONE');
#2282 =( NAMED_UNIT ( * ) PLANE_ANGLE_UNIT ( ) SI_UNIT ( $, .RADIAN. ) );
#2283 = ADVANCED_FACE ( 'NONE', ( #6962 ), #80, .T. ) ;
#2284 = ORIENTED_EDGE ( 'NONE', *, *, #9652, .T. ) ;
#2285 = PRESENTATION_LAYER_ASSIGNMENT (  '', '', ( #1779 ) ) ;
#2286 = ORIENTED_EDGE ( 'NONE', *, *, #4121, .T. ) ;
#2287 = EDGE_CURVE ( 'NONE', #3827, #6871, #4135, .T. ) ;
#2288 = CARTESIAN_POINT ( 'NONE',  ( 1.500000000524379900, 22.86229349947144100, -12.94000000000000000 ) ) ;
#2289 = PRESENTATION_STYLE_ASSIGNMENT (( #1196 ) ) ;
#2290 = CARTESIAN_POINT ( 'NONE',  ( 5.300000000527495200, 20.96229614966531000, -12.44000000000000100 ) ) ;
#2291 = MECHANICAL_DESIGN_GEOMETRIC_PRESENTATION_REPRESENTATION (  '', ( #753 ), #2806 ) ;
#2292 = FILL_AREA_STYLE_COLOUR ( '', #4020 ) ;
#2293 = AXIS2_PLACEMENT_3D ( 'NONE', #8148, #8894, #7368 ) ;
#2294 = SURFACE_SIDE_STYLE ('',( #3375 ) ) ;
#2295 = SURFACE_SIDE_STYLE ('',( #7567 ) ) ;
#2296 = DIRECTION ( 'NONE',  ( -1.000000000000000000, 3.094371605796467100E-014, 0.0000000000000000000 ) ) ;
#2297 = VERTEX_POINT ( 'NONE', #7026 ) ;
#2298 = DIRECTION ( 'NONE',  ( 0.0000000000000000000, 1.000000000000000000, 0.0000000000000000000 ) ) ;
#2299 =( NAMED_UNIT ( * ) PLANE_ANGLE_UNIT ( ) SI_UNIT ( $, .RADIAN. ) );
#2300 = DIRECTION ( 'NONE',  ( 0.0000000000000000000, 0.0000000000000000000, 1.000000000000000000 ) ) ;
#2301 =( LENGTH_UNIT ( ) NAMED_UNIT ( * ) SI_UNIT ( .MILLI., .METRE. ) );
#2302 = LINE ( 'NONE', #7138, #8267 ) ;
#2303 = CARTESIAN_POINT ( 'NONE',  ( -5.751771076614538500, 27.18638671454856500, -9.873101976561281700 ) ) ;
#2304 = VECTOR ( 'NONE', #644, 1000.000000000000000 ) ;
#2305 = DIRECTION ( 'NONE',  ( 1.000000000000000000, 0.0000000000000000000, 0.0000000000000000000 ) ) ;
#2306 = AXIS2_PLACEMENT_3D ( 'NONE', #2537, #8010, #3309 ) ;
#2307 = FILL_AREA_STYLE_COLOUR ( '', #862 ) ;
#2308 = ORIENTED_EDGE ( 'NONE', *, *, #9845, .F. ) ;
#2309 = ORIENTED_EDGE ( 'NONE', *, *, #9664, .T. ) ;
#2310 = PRESENTATION_STYLE_ASSIGNMENT (( #5207 ) ) ;
#2311 = CARTESIAN_POINT ( 'NONE',  ( 0.9999953779657178000, 24.66229349947143800, -10.06500000000000100 ) ) ;
#2312 =( LENGTH_UNIT ( ) NAMED_UNIT ( * ) SI_UNIT ( .MILLI., .METRE. ) );
#2313 = DIRECTION ( 'NONE',  ( 6.308083266684436500E-015, -1.000000000000000000, -0.0000000000000000000 ) ) ;
#2314 = CARTESIAN_POINT ( 'NONE',  ( 4.631522376525027500, 31.06729886414189300, -12.00211457300021500 ) ) ;
#2315 = CARTESIAN_POINT ( 'NONE',  ( -1.549999999472504700, 20.81229349947144100, -12.44000000000000100 ) ) ;
#2316 = LINE ( 'NONE', #9032, #8279 ) ;
#2317 = ORIENTED_EDGE ( 'NONE', *, *, #8145, .T. ) ;
#2318 = DIRECTION ( 'NONE',  ( 0.3173046564050995300, -0.9483236552061967700, -0.0000000000000000000 ) ) ;
#2319 = ORIENTED_EDGE ( 'NONE', *, *, #3107, .T. ) ;
#2320 = ORIENTED_EDGE ( 'NONE', *, *, #2600, .T. ) ;
#2321 = DIRECTION ( 'NONE',  ( 0.0000000000000000000, -1.000000000000000000, 0.0000000000000000000 ) ) ;
#2322 = EDGE_CURVE ( 'NONE', #8357, #4503, #2090, .T. ) ;
#2323 = DIRECTION ( 'NONE',  ( 0.0000000000000000000, 1.000000000000000000, 0.0000000000000000000 ) ) ;
#2324 = COLOUR_RGB ( '',1.000000000000000000, 0.0000000000000000000, 1.000000000000000000 ) ;
#2325 = PRESENTATION_STYLE_ASSIGNMENT (( #9132 ) ) ;
#2326 = PRESENTATION_LAYER_ASSIGNMENT (  '', '', ( #1815 ) ) ;
#2327 = ORIENTED_EDGE ( 'NONE', *, *, #6679, .T. ) ;
#2328 = FILL_AREA_STYLE ('',( #2292 ) ) ;
#2329 = CARTESIAN_POINT ( 'NONE',  ( 0.07599537796571886900, 32.30665246540180400, -10.06500000000000100 ) ) ;
#2330 = DIRECTION ( 'NONE',  ( 0.0000000000000000000, 0.0000000000000000000, -1.000000000000000000 ) ) ;
#2331 = CARTESIAN_POINT ( 'NONE',  ( 7.095973947506990100, 28.60081765219929300, -12.10744822076936500 ) ) ;
#2332 = LINE ( 'NONE', #8630, #6444 ) ;
#2333 = EDGE_CURVE ( 'NONE', #5509, #7124, #5926, .T. ) ;
#2334 = CARTESIAN_POINT ( 'NONE',  ( -3.952961069181705900, 29.96002391826795000, -9.917411740004920900 ) ) ;
#2335 = EDGE_CURVE ( 'NONE', #9233, #5433, #8088, .T. ) ;
#2336 = ORIENTED_EDGE ( 'NONE', *, *, #9044, .T. ) ;
#2337 =( NAMED_UNIT ( * ) PLANE_ANGLE_UNIT ( ) SI_UNIT ( $, .RADIAN. ) );
#2338 = ADVANCED_FACE ( 'NONE', ( #1866 ), #2406, .F. ) ;
#2339 =( LENGTH_UNIT ( ) NAMED_UNIT ( * ) SI_UNIT ( .MILLI., .METRE. ) );
#2340 = AXIS2_PLACEMENT_3D ( 'NONE', #7110, #2438, #3209 ) ;
#2341 = CARTESIAN_POINT ( 'NONE',  ( -0.8853695850911966800, 31.66476600360501700, -12.11317500942379900 ) ) ;
#2342 = CARTESIAN_POINT ( 'NONE',  ( 5.300000000527495200, 20.96229614966531000, -12.44000000000000100 ) ) ;
#2343 = ORIENTED_EDGE ( 'NONE', *, *, #6215, .T. ) ;
#2344 = DIRECTION ( 'NONE',  ( 0.0000000000000000000, -1.000000000000000000, 0.0000000000000000000 ) ) ;
#2345 = CARTESIAN_POINT ( 'NONE',  ( 3.550000000527496100, 20.66229349947143800, -12.54000000000000300 ) ) ;
#2346 = UNCERTAINTY_MEASURE_WITH_UNIT (LENGTH_MEASURE( 1.000000000000000100E-005 ), #10004, 'distance_accuracy_value', 'NONE');
#2347 = VECTOR ( 'NONE', #2298, 1000.000000000000000 ) ;
#2348 = CARTESIAN_POINT ( 'NONE',  ( 2.950000000527496400, 20.66229349947143800, -12.54000000000000300 ) ) ;
#2349 = CARTESIAN_POINT ( 'NONE',  ( 2.590217405403262500, 31.85801197565377100, -11.99566087033881500 ) ) ;
#2350 = FILL_AREA_STYLE_COLOUR ( '', #4762 ) ;
#2351 = PRESENTATION_STYLE_ASSIGNMENT (( #7386 ) ) ;
#2352 = EDGE_CURVE ( 'NONE', #8237, #404, #7099, .T. ) ;
#2353 = CARTESIAN_POINT ( 'NONE',  ( -2.593749527082686700, 31.02827871224031100, -9.975251276645559900 ) ) ;
#2354 = EDGE_CURVE ( 'NONE', #3827, #2813, #4958, .T. ) ;
#2355 = AXIS2_PLACEMENT_3D ( 'NONE', #9431, #3965, #7131 ) ;
#2356 = MECHANICAL_DESIGN_GEOMETRIC_PRESENTATION_REPRESENTATION (  '', ( #1297 ), #2857 ) ;
#2357 = PRESENTATION_STYLE_ASSIGNMENT (( #5507 ) ) ;
#2358 = CARTESIAN_POINT ( 'NONE',  ( -4.156593800972183700, 27.48436740471909100, -12.49000000000000200 ) ) ;
#2359 = FACE_OUTER_BOUND ( 'NONE', #8342, .T. ) ;
#2360 = DIRECTION ( 'NONE',  ( -1.000000000000000000, 0.0000000000000000000, 0.0000000000000000000 ) ) ;
#2361 = ORIENTED_EDGE ( 'NONE', *, *, #4631, .T. ) ;
#2362 = MECHANICAL_DESIGN_GEOMETRIC_PRESENTATION_REPRESENTATION (  '', ( #822 ), #2860 ) ;
#2363 =( NAMED_UNIT ( * ) SI_UNIT ( $, .STERADIAN. ) SOLID_ANGLE_UNIT ( ) );
#2364 = ADVANCED_BREP_SHAPE_REPRESENTATION ( 'SLLB120300STEP', ( #5380, #2802 ), #8755 ) ;
#2365 = ORIENTED_EDGE ( 'NONE', *, *, #2910, .T. ) ;
#2366 = EDGE_CURVE ( 'NONE', #3072, #4549, #9164, .T. ) ;
#2367 = CARTESIAN_POINT ( 'NONE',  ( 1.450000000527496400, 20.96229349947143900, -11.99000000000000200 ) ) ;
#2368 = SURFACE_SIDE_STYLE ('',( #803 ) ) ;
#2369 = LINE ( 'NONE', #6397, #326 ) ;
#2370 = FILL_AREA_STYLE ('',( #1591 ) ) ;
#2371 = PRESENTATION_STYLE_ASSIGNMENT (( #1495 ) ) ;
#2372 =( GEOMETRIC_REPRESENTATION_CONTEXT ( 3 ) GLOBAL_UNCERTAINTY_ASSIGNED_CONTEXT ( ( #8209 ) ) GLOBAL_UNIT_ASSIGNED_CONTEXT ( ( #1424, #6855, #2211 ) ) REPRESENTATION_CONTEXT ( 'NONE', 'WORKASPACE' ) );
#2373 = CARTESIAN_POINT ( 'NONE',  ( -1.549999999472504700, 20.66229349947143800, -11.84000000000000200 ) ) ;
#2374 = CARTESIAN_POINT ( 'NONE',  ( 0.9999953779657178000, 24.66229349947143800, -10.06500000000000100 ) ) ;
#2375 = DIRECTION ( 'NONE',  ( 1.000000000000000000, 0.0000000000000000000, 0.0000000000000000000 ) ) ;
#2376 = FILL_AREA_STYLE ('',( #1599 ) ) ;
#2377 =( NAMED_UNIT ( * ) SI_UNIT ( $, .STERADIAN. ) SOLID_ANGLE_UNIT ( ) );
#2378 = CARTESIAN_POINT ( 'NONE',  ( 5.751561865021289900, 30.16156520800413400, -9.765000000000000600 ) ) ;
#2379 = CARTESIAN_POINT ( 'NONE',  ( -5.681834584306876900, 27.84241116321852500, -11.01500000000000200 ) ) ;
#2380 = STYLED_ITEM ( 'NONE', ( #3547 ), #3461 ) ;
#2381 = SURFACE_STYLE_USAGE ( .BOTH. , #7037 ) ;
#2382 = ADVANCED_FACE ( 'NONE', ( #2695 ), #7950, .T. ) ;
#2383 = VERTEX_POINT ( 'NONE', #944 ) ;
#2384 = ORIENTED_EDGE ( 'NONE', *, *, #8728, .F. ) ;
#2385 = FILL_AREA_STYLE ('',( #82 ) ) ;
#2386 = DIRECTION ( 'NONE',  ( 0.0000000000000000000, -1.000000000000000000, 0.0000000000000000000 ) ) ;
#2387 = COLOUR_RGB ( '',0.0000000000000000000, 0.0000000000000000000, 0.7529411764705882200 ) ;
#2388 = DIRECTION ( 'NONE',  ( 0.0000000000000000000, 0.0000000000000000000, -1.000000000000000000 ) ) ;
#2389 = EDGE_LOOP ( 'NONE', ( #2233, #2677, #7203, #171 ) ) ;
#2390 = SURFACE_STYLE_USAGE ( .BOTH. , #7053 ) ;
#2391 = ADVANCED_FACE ( 'NONE', ( #6057 ), #9287, .F. ) ;
#2392 =( GEOMETRIC_REPRESENTATION_CONTEXT ( 3 ) GLOBAL_UNCERTAINTY_ASSIGNED_CONTEXT ( ( #8964 ) ) GLOBAL_UNIT_ASSIGNED_CONTEXT ( ( #2540, #8012, #3312 ) ) REPRESENTATION_CONTEXT ( 'NONE', 'WORKASPACE' ) );
#2393 = CARTESIAN_POINT ( 'NONE',  ( 7.244461141309089100, 28.63301727863720800, -11.01500000000000200 ) ) ;
#2394 = FACE_OUTER_BOUND ( 'NONE', #9154, .T. ) ;
#2395 = EDGE_CURVE ( 'NONE', #2021, #8058, #1232, .T. ) ;
#2396 = EDGE_CURVE ( 'NONE', #5701, #3055, #5296, .T. ) ;
#2397 = PRESENTATION_STYLE_ASSIGNMENT (( #8853 ) ) ;
#2398 = CARTESIAN_POINT ( 'NONE',  ( -1.724703086847168700, 31.38280244529659400, -12.11317500942380200 ) ) ;
#2399 = SURFACE_STYLE_FILL_AREA ( #9028 ) ;
#2400 =( NAMED_UNIT ( * ) PLANE_ANGLE_UNIT ( ) SI_UNIT ( $, .RADIAN. ) );
#2401 = CARTESIAN_POINT ( 'NONE',  ( 5.502453769200100100, 25.61229338220534800, -12.49000000000000200 ) ) ;
#2402 = ORIENTED_EDGE ( 'NONE', *, *, #7225, .T. ) ;
#2403 = CARTESIAN_POINT ( 'NONE',  ( -2.733606038281764400, 29.35912439536228600, -12.26500000000000200 ) ) ;
#2404 =( GEOMETRIC_REPRESENTATION_CONTEXT ( 3 ) GLOBAL_UNCERTAINTY_ASSIGNED_CONTEXT ( ( #2488 ) ) GLOBAL_UNIT_ASSIGNED_CONTEXT ( ( #7525, #2872, #8326 ) ) REPRESENTATION_CONTEXT ( 'NONE', 'WORKASPACE' ) );
#2405 = EDGE_CURVE ( 'NONE', #5159, #9454, #7427, .T. ) ;
#2406 = PLANE ( 'NONE',  #2340 ) ;
#2407 = CARTESIAN_POINT ( 'NONE',  ( 5.044461006966484400, 30.76615231089470000, -9.987175070534620500 ) ) ;
#2408 = ORIENTED_EDGE ( 'NONE', *, *, #8941, .T. ) ;
#2409 = CARTESIAN_POINT ( 'NONE',  ( 6.098368797456119600, 30.02574280709370300, -11.01500000000000200 ) ) ;
#2410 = CARTESIAN_POINT ( 'NONE',  ( 4.274084942581070300, 31.22927915725149000, -10.00289767142305700 ) ) ;
#2411 = SURFACE_STYLE_USAGE ( .BOTH. , #7076 ) ;
#2412 = LINE ( 'NONE', #9896, #6265 ) ;
#2413 = AXIS2_PLACEMENT_3D ( 'NONE', #9225, #9080, #9046 ) ;
#2414 = AXIS2_PLACEMENT_3D ( 'NONE', #407, #4211, #8969 ) ;
#2415 = PLANE ( 'NONE',  #581 ) ;
#2416 = CARTESIAN_POINT ( 'NONE',  ( 0.9999953779657178000, 24.66229349947143800, -12.26500000000000200 ) ) ;
#2417 = PRESENTATION_STYLE_ASSIGNMENT (( #6280 ) ) ;
#2418 = CARTESIAN_POINT ( 'NONE',  ( 3.464250606637507600, 31.63993251048109200, -11.96500000000000200 ) ) ;
#2419 = ORIENTED_EDGE ( 'NONE', *, *, #6950, .T. ) ;
#2420 = VERTEX_POINT ( 'NONE', #7344 ) ;
#2421 = FACE_OUTER_BOUND ( 'NONE', #3253, .T. ) ;
#2422 = CARTESIAN_POINT ( 'NONE',  ( -6.019588088641595100, 27.00439681814319600, -10.06500000000000300 ) ) ;
#2423 = CARTESIAN_POINT ( 'NONE',  ( 3.550000000527496500, 20.96229349947143900, -11.84000000000000200 ) ) ;
#2424 = CARTESIAN_POINT ( 'NONE',  ( -2.449999999472504400, 21.96229349947143600, -12.44000000000000100 ) ) ;
#2425 = PRESENTATION_LAYER_ASSIGNMENT (  '', '', ( #1365 ) ) ;
#2426 = COLOUR_RGB ( '',1.000000000000000000, 0.0000000000000000000, 1.000000000000000000 ) ;
#2427 = EDGE_CURVE ( 'NONE', #9170, #6185, #1031, .T. ) ;
#2428 = CARTESIAN_POINT ( 'NONE',  ( 8.054912858012086100, 25.86229349947143800, -12.20875384689071700 ) ) ;
#2429 = ORIENTED_EDGE ( 'NONE', *, *, #6482, .F. ) ;
#2430 = AXIS2_PLACEMENT_3D ( 'NONE', #126, #5454, #889 ) ;
#2431 = DIRECTION ( 'NONE',  ( 0.0000000000000000000, -0.0000000000000000000, 1.000000000000000000 ) ) ;
#2432 = AXIS2_PLACEMENT_3D ( 'NONE', #3744, #5217, #9226 ) ;
#2433 = LINE ( 'NONE', #4268, #6289 ) ;
#2434 = CARTESIAN_POINT ( 'NONE',  ( -2.733606038281764400, 29.35912439536228600, -12.26500000000000200 ) ) ;
#2435 = MECHANICAL_DESIGN_GEOMETRIC_PRESENTATION_REPRESENTATION (  '', ( #1379 ), #2944 ) ;
#2436 = CARTESIAN_POINT ( 'NONE',  ( 7.753720771781443600, 27.19324256008137300, -12.15261413660682700 ) ) ;
#2437 = VERTEX_POINT ( 'NONE', #7291 ) ;
#2438 = DIRECTION ( 'NONE',  ( 0.0000000000000000000, 1.000000000000000000, 0.0000000000000000000 ) ) ;
#2439 = ADVANCED_FACE ( 'NONE', ( #9027 ), #7258, .F. ) ;
#2440 = DIRECTION ( 'NONE',  ( 0.0000000000000000000, -0.0000000000000000000, 1.000000000000000000 ) ) ;
#2441 = CARTESIAN_POINT ( 'NONE',  ( -5.399138712352109500, 28.07532852005256500, -12.11258825999507800 ) ) ;
#2442 = CARTESIAN_POINT ( 'NONE',  ( -3.155176311667153800, 30.54229627145717900, -12.16507722591731500 ) ) ;
#2443 =( NAMED_UNIT ( * ) SI_UNIT ( $, .STERADIAN. ) SOLID_ANGLE_UNIT ( ) );
#2444 = CARTESIAN_POINT ( 'NONE',  ( -0.04999999947250469100, 20.81229349947144100, -12.44000000000000100 ) ) ;
#2445 = COLOUR_RGB ( '',1.000000000000000000, 1.000000000000000000, 1.000000000000000000 ) ;
#2446 = PRESENTATION_LAYER_ASSIGNMENT (  '', '', ( #1382 ) ) ;
#2447 = CARTESIAN_POINT ( 'NONE',  ( -5.161742061806286600, 28.59596378243432800, -9.975251276645561700 ) ) ;
#2448 = PRESENTATION_STYLE_ASSIGNMENT (( #2138 ) ) ;
#2449 = VERTEX_POINT ( 'NONE', #6240 ) ;
#2450 = CARTESIAN_POINT ( 'NONE',  ( 6.899983895877102000, 21.16228799945011100, -9.540000000000000900 ) ) ;
#2451 = ORIENTED_EDGE ( 'NONE', *, *, #8596, .F. ) ;
#2452 = CARTESIAN_POINT ( 'NONE',  ( -4.900014469212784700, 25.61229242923305800, -12.49000000000000200 ) ) ;
#2453 = PRESENTATION_LAYER_ASSIGNMENT (  '', '', ( #2956 ) ) ;
#2454 = CARTESIAN_POINT ( 'NONE',  ( 1.899995377965719300, 32.00735987085298000, -10.06500000000000100 ) ) ;
#2455 = FACE_OUTER_BOUND ( 'NONE', #7643, .T. ) ;
#2456 = ORIENTED_EDGE ( 'NONE', *, *, #4727, .T. ) ;
#2457 = DIRECTION ( 'NONE',  ( 0.8643270225166237400, -0.5029302120051526400, 0.0000000000000000000 ) ) ;
#2458 = CARTESIAN_POINT ( 'NONE',  ( -3.771532828397481400, 30.25957293496652400, -12.00993248607590800 ) ) ;
#2459 = UNCERTAINTY_MEASURE_WITH_UNIT (LENGTH_MEASURE( 1.000000000000000100E-005 ), #5337, 'distance_accuracy_value', 'NONE');
#2460 = AXIS2_PLACEMENT_3D ( 'NONE', #447, #5808, #1207 ) ;
#2461 = ORIENTED_EDGE ( 'NONE', *, *, #3364, .F. ) ;
#2462 = PRESENTATION_STYLE_ASSIGNMENT (( #9973 ) ) ;
#2463 = ORIENTED_EDGE ( 'NONE', *, *, #3895, .T. ) ;
#2464 = CARTESIAN_POINT ( 'NONE',  ( 0.9999953779657178000, 24.66229349947143800, -12.26500000000000200 ) ) ;
#2465 = CARTESIAN_POINT ( 'NONE',  ( 0.9999953779657178000, 24.66229349947143800, -11.96500000000000200 ) ) ;
#2466 = FILL_AREA_STYLE_COLOUR ( '', #5164 ) ;
#2467 = UNCERTAINTY_MEASURE_WITH_UNIT (LENGTH_MEASURE( 1.000000000000000100E-005 ), #5405, 'distance_accuracy_value', 'NONE');
#2468 = PRESENTATION_STYLE_ASSIGNMENT (( #2661 ) ) ;
#2469 = EDGE_CURVE ( 'NONE', #1050, #8651, #8303, .T. ) ;
#2470 = DIRECTION ( 'NONE',  ( 1.000000000000000000, 0.0000000000000000000, 0.0000000000000000000 ) ) ;
#2471 = PRESENTATION_LAYER_ASSIGNMENT (  '', '', ( #1412 ) ) ;
#2472 = ORIENTED_EDGE ( 'NONE', *, *, #1836, .T. ) ;
#2473 =( NAMED_UNIT ( * ) PLANE_ANGLE_UNIT ( ) SI_UNIT ( $, .RADIAN. ) );
#2474 = UNCERTAINTY_MEASURE_WITH_UNIT (LENGTH_MEASURE( 1.000000000000000100E-005 ), #9444, 'distance_accuracy_value', 'NONE');
#2475 = FILL_AREA_STYLE_COLOUR ( '', #3712 ) ;
#2476 = SURFACE_STYLE_USAGE ( .BOTH. , #7147 ) ;
#2477 = CARTESIAN_POINT ( 'NONE',  ( 1.000000000527495600, 26.86229349947144100, -13.14000000000000200 ) ) ;
#2478 = DIRECTION ( 'NONE',  ( -0.1200000000000025200, -0.9927738916792683300, 0.0000000000000000000 ) ) ;
#2479 = VECTOR ( 'NONE', #7712, 1000.000000000000100 ) ;
#2480 = CARTESIAN_POINT ( 'NONE',  ( 0.5500000005274954300, 21.96229349947143600, -12.44000000000000100 ) ) ;
#2481 = DIRECTION ( 'NONE',  ( 0.0000000000000000000, 0.0000000000000000000, 1.000000000000000000 ) ) ;
#2482 = CARTESIAN_POINT ( 'NONE',  ( 5.000000000527495400, 22.06229614966531100, -12.44000000000000100 ) ) ;
#2483 = EDGE_LOOP ( 'NONE', ( #7422, #7431, #7467, #7523 ) ) ;
#2484 = AXIS2_PLACEMENT_3D ( 'NONE', #5904, #1803, #1212 ) ;
#2485 = DIRECTION ( 'NONE',  ( 0.0000000000000000000, 0.0000000000000000000, 1.000000000000000000 ) ) ;
#2486 = EDGE_CURVE ( 'NONE', #7459, #3610, #308, .T. ) ;
#2487 = FACE_BOUND ( 'NONE', #1206, .T. ) ;
#2488 = UNCERTAINTY_MEASURE_WITH_UNIT (LENGTH_MEASURE( 1.000000000000000100E-005 ), #7525, 'distance_accuracy_value', 'NONE');
#2489 = ORIENTED_EDGE ( 'NONE', *, *, #9772, .T. ) ;
#2490 = AXIS2_PLACEMENT_3D ( 'NONE', #646, #2183, #5233 ) ;
#2491 = ADVANCED_FACE ( 'NONE', ( #6189 ), #7319, .T. ) ;
#2492 = STYLED_ITEM ( 'NONE', ( #5880 ), #6116 ) ;
#2493 = COLOUR_RGB ( '',1.000000000000000000, 0.0000000000000000000, 1.000000000000000000 ) ;
#2494 =( GEOMETRIC_REPRESENTATION_CONTEXT ( 3 ) GLOBAL_UNCERTAINTY_ASSIGNED_CONTEXT ( ( #2137 ) ) GLOBAL_UNIT_ASSIGNED_CONTEXT ( ( #1600, #7033, #2377 ) ) REPRESENTATION_CONTEXT ( 'NONE', 'WORKASPACE' ) );
#2495 =( LENGTH_UNIT ( ) NAMED_UNIT ( * ) SI_UNIT ( .MILLI., .METRE. ) );
#2496 = EDGE_CURVE ( 'NONE', #7118, #2052, #5432, .T. ) ;
#2497 = LINE ( 'NONE', #424, #1996 ) ;
#2498 = CARTESIAN_POINT ( 'NONE',  ( 6.447268556934324700, 29.36525432693362000, -12.16856665550203700 ) ) ;
#2499 = FACE_OUTER_BOUND ( 'NONE', #1633, .T. ) ;
#2500 =( LENGTH_UNIT ( ) NAMED_UNIT ( * ) SI_UNIT ( .MILLI., .METRE. ) );
#2501 = CARTESIAN_POINT ( 'NONE',  ( 0.9999953779657178000, 24.66229349947143800, -12.26500000000000200 ) ) ;
#2502 = ORIENTED_EDGE ( 'NONE', *, *, #7024, .T. ) ;
#2503 = DIRECTION ( 'NONE',  ( -1.000000000000000000, 0.0000000000000000000, 0.0000000000000000000 ) ) ;
#2504 = DIRECTION ( 'NONE',  ( 1.000000000000000000, -5.782411586589358800E-015, 0.0000000000000000000 ) ) ;
#2505 = ORIENTED_EDGE ( 'NONE', *, *, #3799, .F. ) ;
#2506 = COLOUR_RGB ( '',0.0000000000000000000, 0.0000000000000000000, 1.000000000000000000 ) ;
#2507 = CARTESIAN_POINT ( 'NONE',  ( -4.602453961876666000, 26.46229349947144300, -11.99000000000000200 ) ) ;
#2508 = DIRECTION ( 'NONE',  ( 0.0000000000000000000, 0.0000000000000000000, -1.000000000000000000 ) ) ;
#2509 = AXIS2_PLACEMENT_3D ( 'NONE', #4463, #10005, #5244 ) ;
#2510 = VECTOR ( 'NONE', #8937, 1000.000000000000100 ) ;
#2511 = VECTOR ( 'NONE', #9187, 1000.000000000000000 ) ;
#2512 = DIRECTION ( 'NONE',  ( 0.9927738916792685500, -0.1200000000000004500, -0.0000000000000000000 ) ) ;
#2513 = VECTOR ( 'NONE', #3293, 1000.000000000000000 ) ;
#2514 = SURFACE_SIDE_STYLE ('',( #809 ) ) ;
#2515 = CARTESIAN_POINT ( 'NONE',  ( -4.702453961876661200, 26.46229349947144300, -11.84000000000000200 ) ) ;
#2516 = EDGE_CURVE ( 'NONE', #7532, #628, #3400, .T. ) ;
#2517 = CYLINDRICAL_SURFACE ( 'NONE', #8005, 0.4999999999968842100 ) ;
#2518 = COLOUR_RGB ( '',1.000000000000000000, 1.000000000000000000, 1.000000000000000000 ) ;
#2519 = VERTEX_POINT ( 'NONE', #3206 ) ;
#2520 = FILL_AREA_STYLE_COLOUR ( '', #3815 ) ;
#2521 = EDGE_LOOP ( 'NONE', ( #3716, #498, #7742, #7663 ) ) ;
#2522 = AXIS2_PLACEMENT_3D ( 'NONE', #9096, #1298, #9135 ) ;
#2523 = CARTESIAN_POINT ( 'NONE',  ( 5.157820969922161300, 30.53796139171288400, -9.862861082957870500 ) ) ;
#2524 = VECTOR ( 'NONE', #4709, 1000.000000000000000 ) ;
#2525 = LINE ( 'NONE', #9500, #470 ) ;
#2526 = EDGE_CURVE ( 'NONE', #9487, #8255, #6695, .T. ) ;
#2527 = CIRCLE ( 'NONE', #8513, 7.399999999999999500 ) ;
#2528 = VECTOR ( 'NONE', #1447, 1000.000000000000000 ) ;
#2529 = ORIENTED_EDGE ( 'NONE', *, *, #9530, .T. ) ;
#2530 = EDGE_CURVE ( 'NONE', #8180, #8792, #9421, .T. ) ;
#2531 = PRESENTATION_LAYER_ASSIGNMENT (  '', '', ( #3046 ) ) ;
#2532 = EDGE_LOOP ( 'NONE', ( #5136, #2558, #2942, #6788, #298, #2831, #3260, #8993, #4567 ) ) ;
#2533 =( NAMED_UNIT ( * ) SI_UNIT ( $, .STERADIAN. ) SOLID_ANGLE_UNIT ( ) );
#2534 = ORIENTED_EDGE ( 'NONE', *, *, #1223, .F. ) ;
#2535 = DIRECTION ( 'NONE',  ( 0.0000000000000000000, 0.0000000000000000000, -1.000000000000000000 ) ) ;
#2536 = ADVANCED_FACE ( 'NONE', ( #1131 ), #4216, .T. ) ;
#2537 = CARTESIAN_POINT ( 'NONE',  ( -4.852453961876661600, 26.46229349947144300, -12.44000000000000100 ) ) ;
#2538 = VECTOR ( 'NONE', #1516, 1000.000000000000000 ) ;
#2539 = CARTESIAN_POINT ( 'NONE',  ( 4.450000000527496400, 20.81229349947144100, -11.84000000000000200 ) ) ;
#2540 =( LENGTH_UNIT ( ) NAMED_UNIT ( * ) SI_UNIT ( .MILLI., .METRE. ) );
#2541 = ORIENTED_EDGE ( 'NONE', *, *, #4885, .F. ) ;
#2542 = EDGE_CURVE ( 'NONE', #8347, #6972, #6314, .T. ) ;
#2543 = EDGE_LOOP ( 'NONE', ( #5465, #6582, #7863, #8700 ) ) ;
#2544 = CARTESIAN_POINT ( 'NONE',  ( 1.899995377965719300, 32.10809768706595700, -11.76500000000000100 ) ) ;
#2545 = DIRECTION ( 'NONE',  ( 0.0000000000000000000, 0.0000000000000000000, -1.000000000000000000 ) ) ;
#2546 = PRESENTATION_LAYER_ASSIGNMENT (  '', '', ( #3059 ) ) ;
#2547 = VECTOR ( 'NONE', #2504, 1000.000000000000000 ) ;
#2548 = MECHANICAL_DESIGN_GEOMETRIC_PRESENTATION_REPRESENTATION (  '', ( #1021 ), #3060 ) ;
#2549 = CARTESIAN_POINT ( 'NONE',  ( 4.916126698336521300, 28.17313391978986600, -12.49000000000000200 ) ) ;
#2550 = DIRECTION ( 'NONE',  ( 0.0000000000000000000, 1.000000000000000000, 0.0000000000000000000 ) ) ;
#2552 = MECHANICAL_DESIGN_GEOMETRIC_PRESENTATION_REPRESENTATION (  '', ( #1497 ), #3063 ) ;
#2551 = LINE ( 'NONE', #3934, #4540 ) ;
#2553 = LINE ( 'NONE', #2112, #4542 ) ;
#2554 = CARTESIAN_POINT ( 'NONE',  ( 6.852453769200100600, 25.86229349947144100, -11.84000000000000200 ) ) ;
#2555 = CARTESIAN_POINT ( 'NONE',  ( 5.300000000527495200, 20.96229614966531000, -12.49000000000000200 ) ) ;
#2556 = ORIENTED_EDGE ( 'NONE', *, *, #7475, .T. ) ;
#2557 = ORIENTED_EDGE ( 'NONE', *, *, #9186, .F. ) ;
#2558 = ORIENTED_EDGE ( 'NONE', *, *, #8154, .F. ) ;
#2559 = PLANE ( 'NONE',  #4901 ) ;
#2560 = FACE_OUTER_BOUND ( 'NONE', #261, .T. ) ;
#2561 = PRESENTATION_STYLE_ASSIGNMENT (( #6754 ) ) ;
#2562 = ORIENTED_EDGE ( 'NONE', *, *, #6531, .T. ) ;
#2563 = CARTESIAN_POINT ( 'NONE',  ( -6.062582055238112700, 25.86229349947143800, -9.828797875428929100 ) ) ;
#2564 = PRESENTATION_LAYER_ASSIGNMENT (  '', '', ( #2032 ) ) ;
#2565 = ORIENTED_EDGE ( 'NONE', *, *, #1997, .T. ) ;
#2566 = DIRECTION ( 'NONE',  ( 0.0000000000000000000, -0.0000000000000000000, 1.000000000000000000 ) ) ;
#2567 = PRESENTATION_LAYER_ASSIGNMENT (  '', '', ( #3082 ) ) ;
#2568 = CARTESIAN_POINT ( 'NONE',  ( 8.062572811169548700, 25.86229349947143800, -9.828797875428927400 ) ) ;
#2569 = FACE_OUTER_BOUND ( 'NONE', #2958, .T. ) ;
#2570 = DIRECTION ( 'NONE',  ( -1.000000000000000000, 0.0000000000000000000, 0.0000000000000000000 ) ) ;
#2571 = VERTEX_POINT ( 'NONE', #1039 ) ;
#2572 = FACE_BOUND ( 'NONE', #2114, .T. ) ;
#2573 = CARTESIAN_POINT ( 'NONE',  ( -6.114580867846958000, 25.86229349947142700, -12.14993802599226100 ) ) ;
#2574 = CARTESIAN_POINT ( 'NONE',  ( -0.9469287346963845000, 31.70858732468821700, -9.975251276645561700 ) ) ;
#2575 = CARTESIAN_POINT ( 'NONE',  ( 5.079095351152888700, 30.83650951518909300, -11.96500000000000200 ) ) ;
#2576 = SURFACE_STYLE_USAGE ( .BOTH. , #7249 ) ;
#2577 = ORIENTED_EDGE ( 'NONE', *, *, #3116, .F. ) ;
#2578 = DIRECTION ( 'NONE',  ( -1.000000000000000000, 0.0000000000000000000, 0.0000000000000000000 ) ) ;
#2579 = PRESENTATION_LAYER_ASSIGNMENT (  '', '', ( #1049 ) ) ;
#2580 = CARTESIAN_POINT ( 'NONE',  ( -3.049999999472504900, 20.96229349947143900, -11.84000000000000200 ) ) ;
#2581 =( LENGTH_UNIT ( ) NAMED_UNIT ( * ) SI_UNIT ( .MILLI., .METRE. ) );
#2582 = DIRECTION ( 'NONE',  ( 0.0000000000000000000, 0.0000000000000000000, -1.000000000000000000 ) ) ;
#2583 = EDGE_CURVE ( 'NONE', #3376, #4462, #8412, .T. ) ;
#2584 = LINE ( 'NONE', #8487, #4592 ) ;
#2585 = ADVANCED_FACE ( 'NONE', ( #2455 ), #908, .F. ) ;
#2586 = SURFACE_STYLE_FILL_AREA ( #8437 ) ;
#2587 = VECTOR ( 'NONE', #6486, 1000.000000000000000 ) ;
#2588 = UNCERTAINTY_MEASURE_WITH_UNIT (LENGTH_MEASURE( 1.000000000000000100E-005 ), #4379, 'distance_accuracy_value', 'NONE');
#2589 = PRESENTATION_LAYER_ASSIGNMENT (  '', '', ( #2061 ) ) ;
#2590 = SURFACE_STYLE_FILL_AREA ( #4738 ) ;
#2591 = CARTESIAN_POINT ( 'NONE',  ( -1.791143859513664400, 31.41879495575458500, -9.975251276645559900 ) ) ;
#2592 = EDGE_CURVE ( 'NONE', #6545, #2660, #7418, .T. ) ;
#2593 = ORIENTED_EDGE ( 'NONE', *, *, #5068, .T. ) ;
#2594 = UNCERTAINTY_MEASURE_WITH_UNIT (LENGTH_MEASURE( 1.000000000000000100E-005 ), #3617, 'distance_accuracy_value', 'NONE');
#2595 = CARTESIAN_POINT ( 'NONE',  ( 0.9999953779657178000, 24.66229349947143800, -11.96500000000000200 ) ) ;
#2596 = CYLINDRICAL_SURFACE ( 'NONE', #8553, 0.1999999999999996500 ) ;
#2597 = ORIENTED_EDGE ( 'NONE', *, *, #3882, .T. ) ;
#2598 = CARTESIAN_POINT ( 'NONE',  ( -5.393103043642801400, 28.04817372696441100, -9.899309202143234300 ) ) ;
#2599 = PRESENTATION_LAYER_ASSIGNMENT (  '', '', ( #1065 ) ) ;
#2600 = EDGE_CURVE ( 'NONE', #9428, #9994, #3504, .T. ) ;
#2601 = FILL_AREA_STYLE ('',( #1833 ) ) ;
#2602 = LINE ( 'NONE', #5617, #4357 ) ;
#2603 = FACE_OUTER_BOUND ( 'NONE', #9981, .T. ) ;
#2604 = EDGE_LOOP ( 'NONE', ( #2202, #6923, #4681, #6530 ) ) ;
#2605 =( LENGTH_UNIT ( ) NAMED_UNIT ( * ) SI_UNIT ( .MILLI., .METRE. ) );
#2606 = SURFACE_STYLE_USAGE ( .BOTH. , #2642 ) ;
#2607 = CARTESIAN_POINT ( 'NONE',  ( 6.944726145253191000, 28.86994819114572100, -9.948130919475948600 ) ) ;
#2608 = DIRECTION ( 'NONE',  ( -0.0000000000000000000, 0.0000000000000000000, -1.000000000000000000 ) ) ;
#2609 = MECHANICAL_DESIGN_GEOMETRIC_PRESENTATION_REPRESENTATION (  '', ( #1072 ), #3125 ) ;
#2610 = COLOUR_RGB ( '',1.000000000000000000, 0.0000000000000000000, 1.000000000000000000 ) ;
#2611 = DIRECTION ( 'NONE',  ( 0.0000000000000000000, 0.0000000000000000000, -1.000000000000000000 ) ) ;
#2612 = EDGE_CURVE ( 'NONE', #7448, #5801, #9537, .T. ) ;
#2613 = ORIENTED_EDGE ( 'NONE', *, *, #4197, .T. ) ;
#2614 = DIRECTION ( 'NONE',  ( 0.0000000000000000000, -0.0000000000000000000, 1.000000000000000000 ) ) ;
#2615 = CARTESIAN_POINT ( 'NONE',  ( 4.916126698336521300, 28.17313391978986600, -12.49000000000000200 ) ) ;
#2616 = STYLED_ITEM ( 'NONE', ( #8977 ), #6438 ) ;
#2617 = COLOUR_RGB ( '',1.000000000000000000, 0.0000000000000000000, 1.000000000000000000 ) ;
#2618 = SURFACE_STYLE_FILL_AREA ( #4716 ) ;
#2619 = STYLED_ITEM ( 'NONE', ( #4488 ), #4209 ) ;
#2620 = DIRECTION ( 'NONE',  ( -0.9063111147635359900, 0.4226111253340079600, 0.0000000000000000000 ) ) ;
#2621 = COLOUR_RGB ( '',1.000000000000000000, 1.000000000000000000, 1.000000000000000000 ) ;
#2622 = CARTESIAN_POINT ( 'NONE',  ( 7.753720771781445400, 27.19324256008136900, -9.765000000000000600 ) ) ;
#2623 = PRESENTATION_LAYER_ASSIGNMENT (  '', '', ( #1588 ) ) ;
#2624 = FILL_AREA_STYLE_COLOUR ( '', #3557 ) ;
#2625 = COLOUR_RGB ( '',1.000000000000000000, 1.000000000000000000, 1.000000000000000000 ) ;
#2626 =( LENGTH_UNIT ( ) NAMED_UNIT ( * ) SI_UNIT ( .MILLI., .METRE. ) );
#2627 = AXIS2_PLACEMENT_3D ( 'NONE', #4465, #658, #3772 ) ;
#2628 = VECTOR ( 'NONE', #8042, 1000.000000000000000 ) ;
#2629 = VECTOR ( 'NONE', #9838, 1000.000000000000000 ) ;
#2630 = ORIENTED_EDGE ( 'NONE', *, *, #10029, .T. ) ;
#2631 = CARTESIAN_POINT ( 'NONE',  ( 2.099995377965719000, 31.98008005006171900, -11.76500000000000100 ) ) ;
#2632 = ADVANCED_FACE ( 'NONE', ( #7215 ), #1982, .F. ) ;
#2633 = CARTESIAN_POINT ( 'NONE',  ( 4.450000000527496400, 20.81229349947144100, -12.44000000000000100 ) ) ;
#2634 = LINE ( 'NONE', #7502, #582 ) ;
#2635 = DIRECTION ( 'NONE',  ( 0.0000000000000000000, 0.0000000000000000000, -1.000000000000000000 ) ) ;
#2636 = VECTOR ( 'NONE', #1347, 1000.000000000000000 ) ;
#2637 = UNCERTAINTY_MEASURE_WITH_UNIT (LENGTH_MEASURE( 1.000000000000000100E-005 ), #9449, 'distance_accuracy_value', 'NONE');
#2638 = COLOUR_RGB ( '',1.000000000000000000, 0.0000000000000000000, 1.000000000000000000 ) ;
#2639 = LINE ( 'NONE', #5441, #590 ) ;
#2640 = CARTESIAN_POINT ( 'NONE',  ( 4.450000000527496400, 20.81229349947144100, -11.84000000000000200 ) ) ;
#2641 = ORIENTED_EDGE ( 'NONE', *, *, #5178, .F. ) ;
#2642 = SURFACE_SIDE_STYLE ('',( #7890 ) ) ;
#2643 = CARTESIAN_POINT ( 'NONE',  ( 3.601120507601832900, 31.37550874367631000, -9.864475016333900100 ) ) ;
#2644 = ORIENTED_EDGE ( 'NONE', *, *, #412, .F. ) ;
#2645 = PRESENTATION_STYLE_ASSIGNMENT (( #4644 ) ) ;
#2646 = ORIENTED_EDGE ( 'NONE', *, *, #9393, .T. ) ;
#2647 = DIRECTION ( 'NONE',  ( 1.000000000000000000, 0.0000000000000000000, 0.0000000000000000000 ) ) ;
#2648 = CARTESIAN_POINT ( 'NONE',  ( -2.593835753110133700, 31.02817000759182900, -12.05480302380070700 ) ) ;
#2649 = VECTOR ( 'NONE', #7527, 1000.000000000000000 ) ;
#2650 = SURFACE_STYLE_FILL_AREA ( #5475 ) ;
#2651 = DIRECTION ( 'NONE',  ( 0.0000000000000000000, 0.0000000000000000000, -1.000000000000000000 ) ) ;
#2652 = ORIENTED_EDGE ( 'NONE', *, *, #5728, .T. ) ;
#2653 = EDGE_CURVE ( 'NONE', #2672, #8575, #8541, .T. ) ;
#2654 = SURFACE_STYLE_FILL_AREA ( #6657 ) ;
#2655 = EDGE_CURVE ( 'NONE', #6161, #3113, #4324, .T. ) ;
#2656 = STYLED_ITEM ( 'NONE', ( #66 ), #2491 ) ;
#2657 = SURFACE_STYLE_FILL_AREA ( #3135 ) ;
#2658 = FACE_OUTER_BOUND ( 'NONE', #4348, .T. ) ;
#2659 = CARTESIAN_POINT ( 'NONE',  ( 2.099995377966190600, 31.98008005006193600, -11.81807214248732400 ) ) ;
#2660 = VERTEX_POINT ( 'NONE', #1119 ) ;
#2661 = SURFACE_STYLE_USAGE ( .BOTH. , #7327 ) ;
#2662 = PRESENTATION_STYLE_ASSIGNMENT (( #5392 ) ) ;
#2663 = FILL_AREA_STYLE_COLOUR ( '', #6751 ) ;
#2664 =( NAMED_UNIT ( * ) PLANE_ANGLE_UNIT ( ) SI_UNIT ( $, .RADIAN. ) );
#2665 = EDGE_CURVE ( 'NONE', #1496, #9759, #6435, .T. ) ;
#2666 = EDGE_CURVE ( 'NONE', #2519, #2571, #8292, .T. ) ;
#2667 = CARTESIAN_POINT ( 'NONE',  ( -1.549999999472504700, 21.96229349947143900, -12.44000000000000100 ) ) ;
#2668 =( GEOMETRIC_REPRESENTATION_CONTEXT ( 3 ) GLOBAL_UNCERTAINTY_ASSIGNED_CONTEXT ( ( #1150 ) ) GLOBAL_UNIT_ASSIGNED_CONTEXT ( ( #7284, #9619, #3349 ) ) REPRESENTATION_CONTEXT ( 'NONE', 'WORKASPACE' ) );
#2669 = ORIENTED_EDGE ( 'NONE', *, *, #1161, .F. ) ;
#2670 = STYLED_ITEM ( 'NONE', ( #503 ), #9504 ) ;
#2671 = FILL_AREA_STYLE ('',( #4932 ) ) ;
#2672 = VERTEX_POINT ( 'NONE', #3473 ) ;
#2673 = SURFACE_STYLE_USAGE ( .BOTH. , #7333 ) ;
#2674 = ORIENTED_EDGE ( 'NONE', *, *, #4761, .F. ) ;
#2675 = ORIENTED_EDGE ( 'NONE', *, *, #4950, .F. ) ;
#2676 = MECHANICAL_DESIGN_GEOMETRIC_PRESENTATION_REPRESENTATION (  '', ( #1651 ), #3197 ) ;
#2677 = ORIENTED_EDGE ( 'NONE', *, *, #5314, .T. ) ;
#2678 = CARTESIAN_POINT ( 'NONE',  ( 5.502453769200100100, 25.61229338220534800, -12.44000000000000100 ) ) ;
#2679 = DIRECTION ( 'NONE',  ( 0.0000000000000000000, 0.0000000000000000000, -1.000000000000000000 ) ) ;
#2680 = LINE ( 'NONE', #7466, #3616 ) ;
#2681 = ORIENTED_EDGE ( 'NONE', *, *, #1223, .T. ) ;
#2682 = EDGE_CURVE ( 'NONE', #7170, #5270, #4117, .T. ) ;
#2683 = CARTESIAN_POINT ( 'NONE',  ( -1.549999999472504700, 20.66229349947143800, -12.54000000000000300 ) ) ;
#2684 = ADVANCED_FACE ( 'NONE', ( #3878 ), #9948, .T. ) ;
#2685 = FACE_OUTER_BOUND ( 'NONE', #9610, .T. ) ;
#2686 = ORIENTED_EDGE ( 'NONE', *, *, #9586, .F. ) ;
#2687 = FILL_AREA_STYLE_COLOUR ( '', #8732 ) ;
#2688 = STYLED_ITEM ( 'NONE', ( #677 ), #4836 ) ;
#2689 = ORIENTED_EDGE ( 'NONE', *, *, #9255, .F. ) ;
#2690 = DIRECTION ( 'NONE',  ( 1.000000000000000000, 0.0000000000000000000, 0.0000000000000000000 ) ) ;
#2691 = COLOUR_RGB ( '',1.000000000000000000, 0.0000000000000000000, 1.000000000000000000 ) ;
#2692 = PRESENTATION_LAYER_ASSIGNMENT (  '', '', ( #3217 ) ) ;
#2693 = CARTESIAN_POINT ( 'NONE',  ( 2.078045126478756700, 31.98344113519979000, -11.86996724319854800 ) ) ;
#2694 = CARTESIAN_POINT ( 'NONE',  ( 5.801138010389923500, 30.29337060985793400, -10.06500000000000100 ) ) ;
#2695 = FACE_OUTER_BOUND ( 'NONE', #3834, .T. ) ;
#2696 = VERTEX_POINT ( 'NONE', #6859 ) ;
#2697 = DIRECTION ( 'NONE',  ( -0.0000000000000000000, -1.000000000000000000, -0.0000000000000000000 ) ) ;
#2698 = COLOUR_RGB ( '',1.000000000000000000, 1.000000000000000000, 1.000000000000000000 ) ;
#2699 = LINE ( 'NONE', #4489, #6820 ) ;
#2700 = DIRECTION ( 'NONE',  ( -1.000000000000000000, 0.0000000000000000000, 0.0000000000000000000 ) ) ;
#2701 = CARTESIAN_POINT ( 'NONE',  ( -4.602453961876663300, 26.71229279551774700, -9.540000000000000900 ) ) ;
#2702 = VECTOR ( 'NONE', #5674, 1000.000000000000000 ) ;
#2703 = SURFACE_STYLE_USAGE ( .BOTH. , #7355 ) ;
#2704 = STYLED_ITEM ( 'NONE', ( #3337 ), #7409 ) ;
#2705 = ORIENTED_EDGE ( 'NONE', *, *, #2854, .F. ) ;
#2706 =( LENGTH_UNIT ( ) NAMED_UNIT ( * ) SI_UNIT ( .MILLI., .METRE. ) );
#2707 = CARTESIAN_POINT ( 'NONE',  ( -3.299999999472504400, 20.96229614966531000, -12.44000000000000100 ) ) ;
#2708 = COLOUR_RGB ( '',0.0000000000000000000, 0.0000000000000000000, 1.000000000000000000 ) ;
#2709 = SURFACE_STYLE_USAGE ( .BOTH. , #7363 ) ;
#2710 = EDGE_CURVE ( 'NONE', #3610, #8270, #5155, .T. ) ;
#2711 = UNCERTAINTY_MEASURE_WITH_UNIT (LENGTH_MEASURE( 1.000000000000000100E-005 ), #4682, 'distance_accuracy_value', 'NONE');
#2712 = EDGE_CURVE ( 'NONE', #1074, #5909, #3161, .T. ) ;
#2713 = AXIS2_PLACEMENT_3D ( 'NONE', #4313, #9825, #5080 ) ;
#2714 = CARTESIAN_POINT ( 'NONE',  ( -3.049999999472504900, 20.66229349947143800, -12.54000000000000300 ) ) ;
#2715 = ORIENTED_EDGE ( 'NONE', *, *, #3377, .T. ) ;
#2716 = SURFACE_STYLE_FILL_AREA ( #7211 ) ;
#2717 = SURFACE_STYLE_FILL_AREA ( #1612 ) ;
#2718 = ORIENTED_EDGE ( 'NONE', *, *, #129, .T. ) ;
#2719 = ORIENTED_EDGE ( 'NONE', *, *, #7729, .F. ) ;
#2720 = SURFACE_STYLE_FILL_AREA ( #8261 ) ;
#2721 = PRESENTATION_STYLE_ASSIGNMENT (( #81 ) ) ;
#2722 = SURFACE_SIDE_STYLE ('',( #4290 ) ) ;
#2723 = CARTESIAN_POINT ( 'NONE',  ( 2.004116138398146500, 31.99394648245342100, -11.94354607903068900 ) ) ;
#2724 = PRESENTATION_LAYER_ASSIGNMENT (  '', '', ( #1709 ) ) ;
#2725 = ADVANCED_FACE ( 'NONE', ( #9142 ), #3720, .F. ) ;
#2726 =( NAMED_UNIT ( * ) PLANE_ANGLE_UNIT ( ) SI_UNIT ( $, .RADIAN. ) );
#2727 = STYLED_ITEM ( 'NONE', ( #1969 ), #9057 ) ;
#2728 = PRESENTATION_STYLE_ASSIGNMENT (( #83 ) ) ;
#2729 =( NAMED_UNIT ( * ) PLANE_ANGLE_UNIT ( ) SI_UNIT ( $, .RADIAN. ) );
#2730 = PRESENTATION_STYLE_ASSIGNMENT (( #5226 ) ) ;
#2731 = ORIENTED_EDGE ( 'NONE', *, *, #1277, .F. ) ;
#2732 = ORIENTED_EDGE ( 'NONE', *, *, #275, .F. ) ;
#2733 = VECTOR ( 'NONE', #4164, 1000.000000000000000 ) ;
#2734 = CARTESIAN_POINT ( 'NONE',  ( 7.388265879439494200, 25.86229349947143800, -9.765000000000000600 ) ) ;
#2735 =( LENGTH_UNIT ( ) NAMED_UNIT ( * ) SI_UNIT ( .MILLI., .METRE. ) );
#2736 =( LENGTH_UNIT ( ) NAMED_UNIT ( * ) SI_UNIT ( .MILLI., .METRE. ) );
#2737 = VECTOR ( 'NONE', #9661, 1000.000000000000000 ) ;
#2738 = VECTOR ( 'NONE', #8366, 1000.000000000000000 ) ;
#2739 = CARTESIAN_POINT ( 'NONE',  ( 4.450000000527496400, 20.66229349947143800, -11.84000000000000200 ) ) ;
#2740 = MECHANICAL_DESIGN_GEOMETRIC_PRESENTATION_REPRESENTATION (  '', ( #1728 ), #3269 ) ;
#2741 = DIRECTION ( 'NONE',  ( 0.0000000000000000000, 0.0000000000000000000, 1.000000000000000000 ) ) ;
#2742 =( GEOMETRIC_REPRESENTATION_CONTEXT ( 3 ) GLOBAL_UNCERTAINTY_ASSIGNED_CONTEXT ( ( #9077 ) ) GLOBAL_UNIT_ASSIGNED_CONTEXT ( ( #2045, #2015, #1263 ) ) REPRESENTATION_CONTEXT ( 'NONE', 'WORKASPACE' ) );
#2743 = VECTOR ( 'NONE', #4744, 1000.000000000000000 ) ;
#2744 = LINE ( 'NONE', #3413, #710 ) ;
#2745 = ORIENTED_EDGE ( 'NONE', *, *, #7100, .T. ) ;
#2746 = FILL_AREA_STYLE ('',( #1193 ) ) ;
#2747 = ORIENTED_EDGE ( 'NONE', *, *, #7098, .T. ) ;
#2748 = COLOUR_RGB ( '',1.000000000000000000, 1.000000000000000000, 1.000000000000000000 ) ;
#2749 = ORIENTED_EDGE ( 'NONE', *, *, #2665, .T. ) ;
#2750 = AXIS2_PLACEMENT_3D ( 'NONE', #9149, #5176, #8390 ) ;
#2751 = CARTESIAN_POINT ( 'NONE',  ( 1.899995377965719300, 32.00735987085298000, -11.96500000000000200 ) ) ;
#2752 = VECTOR ( 'NONE', #6064, 1000.000000000000000 ) ;
#2753 = ORIENTED_EDGE ( 'NONE', *, *, #2121, .T. ) ;
#2754 = SURFACE_STYLE_FILL_AREA ( #7955 ) ;
#2755 = CARTESIAN_POINT ( 'NONE',  ( 0.5500000005274974200, 20.96229614966531000, -12.44000000000000100 ) ) ;
#2756 = ORIENTED_EDGE ( 'NONE', *, *, #4467, .T. ) ;
#2757 = PRESENTATION_LAYER_ASSIGNMENT (  '', '', ( #1750 ) ) ;
#2758 =( NAMED_UNIT ( * ) SI_UNIT ( $, .STERADIAN. ) SOLID_ANGLE_UNIT ( ) );
#2759 = VECTOR ( 'NONE', #1608, 1000.000000000000000 ) ;
#2760 = ORIENTED_EDGE ( 'NONE', *, *, #2839, .T. ) ;
#2761 = ORIENTED_EDGE ( 'NONE', *, *, #5930, .F. ) ;
#2762 = DIRECTION ( 'NONE',  ( 0.0000000000000000000, -1.000000000000000000, 0.0000000000000000000 ) ) ;
#2763 = UNCERTAINTY_MEASURE_WITH_UNIT (LENGTH_MEASURE( 1.000000000000000100E-005 ), #7845, 'distance_accuracy_value', 'NONE');
#2764 = FILL_AREA_STYLE ('',( #5021 ) ) ;
#2765 = LINE ( 'NONE', #3803, #4805 ) ;
#2766 = UNCERTAINTY_MEASURE_WITH_UNIT (LENGTH_MEASURE( 1.000000000000000100E-005 ), #4572, 'distance_accuracy_value', 'NONE');
#2767 =( NAMED_UNIT ( * ) SI_UNIT ( $, .STERADIAN. ) SOLID_ANGLE_UNIT ( ) );
#2768 = DIRECTION ( 'NONE',  ( 0.0000000000000000000, 0.0000000000000000000, -1.000000000000000000 ) ) ;
#2769 = CYLINDRICAL_SURFACE ( 'NONE', #9718, 7.400000000000000400 ) ;
#2770 = ORIENTED_EDGE ( 'NONE', *, *, #5459, .T. ) ;
#2771 = ORIENTED_EDGE ( 'NONE', *, *, #1266, .T. ) ;
#2772 = ADVANCED_FACE ( 'NONE', ( #6301 ), #2891, .F. ) ;
#2773 = PRESENTATION_STYLE_ASSIGNMENT (( #5578 ) ) ;
#2774 = MECHANICAL_DESIGN_GEOMETRIC_PRESENTATION_REPRESENTATION (  '', ( #1759 ), #3299 ) ;
#2775 = EDGE_CURVE ( 'NONE', #2788, #5903, #5550, .T. ) ;
#2776 = FILL_AREA_STYLE ('',( #460 ) ) ;
#2777 = VECTOR ( 'NONE', #832, 1000.000000000000000 ) ;
#2778 = UNCERTAINTY_MEASURE_WITH_UNIT (LENGTH_MEASURE( 1.000000000000000100E-005 ), #2074, 'distance_accuracy_value', 'NONE');
#2779 = ORIENTED_EDGE ( 'NONE', *, *, #2322, .T. ) ;
#2780 = ORIENTED_EDGE ( 'NONE', *, *, #5336, .F. ) ;
#2781 = CARTESIAN_POINT ( 'NONE',  ( 4.286439999964808400, 28.36077100000000000, -12.49000000000000200 ) ) ;
#2782 = MECHANICAL_DESIGN_GEOMETRIC_PRESENTATION_REPRESENTATION (  '', ( #1225 ), #3308 ) ;
#2783 = ORIENTED_EDGE ( 'NONE', *, *, #7307, .T. ) ;
#2784 = DIRECTION ( 'NONE',  ( 1.000000000000000000, 0.0000000000000000000, 0.0000000000000000000 ) ) ;
#2785 = CYLINDRICAL_SURFACE ( 'NONE', #3191, 0.2000000000000005100 ) ;
#2786 = PRESENTATION_STYLE_ASSIGNMENT (( #3145 ) ) ;
#2787 = CARTESIAN_POINT ( 'NONE',  ( 1.952660780497252700, 32.00090671442363500, -11.96499999999999600 ) ) ;
#2788 = VERTEX_POINT ( 'NONE', #2288 ) ;
#2789 = VECTOR ( 'NONE', #1402, 1000.000000000000000 ) ;
#2790 = VERTEX_POINT ( 'NONE', #640 ) ;
#2791 = CARTESIAN_POINT ( 'NONE',  ( -1.549999999472504700, 20.96229676927035300, -12.44000000000000100 ) ) ;
#2792 = SURFACE_SIDE_STYLE ('',( #2399 ) ) ;
#2793 = ORIENTED_EDGE ( 'NONE', *, *, #5676, .F. ) ;
#2794 = CARTESIAN_POINT ( 'NONE',  ( 3.550000000527496100, 21.96229349947142100, -12.44000000000000100 ) ) ;
#2795 =( NAMED_UNIT ( * ) PLANE_ANGLE_UNIT ( ) SI_UNIT ( $, .RADIAN. ) );
#2796 = MECHANICAL_DESIGN_GEOMETRIC_PRESENTATION_REPRESENTATION (  '', ( #1779 ), #3317 ) ;
#2797 = EDGE_CURVE ( 'NONE', #2922, #7162, #3495, .T. ) ;
#2798 = VECTOR ( 'NONE', #402, 1000.000000000000000 ) ;
#2799 =( LENGTH_UNIT ( ) NAMED_UNIT ( * ) SI_UNIT ( .MILLI., .METRE. ) );
#2800 = FILL_AREA_STYLE_COLOUR ( '', #532 ) ;
#2801 = AXIS2_PLACEMENT_3D ( 'NONE', #6929, #6290, #1681 ) ;
#2802 = AXIS2_PLACEMENT_3D ( 'NONE', #4890, #8129, #3419 ) ;
#2803 = ORIENTED_EDGE ( 'NONE', *, *, #4039, .F. ) ;
#2804 = VECTOR ( 'NONE', #1906, 1000.000000000000000 ) ;
#2805 = B_SPLINE_CURVE_WITH_KNOTS ( 'NONE', 3,
 ( #118, #3118, #7084, #2418 ),
 .UNSPECIFIED., .F., .F.,
 ( 4, 4 ),
 ( 0.0006540573545859766700, 0.0007518333104570064900 ),
 .UNSPECIFIED. ) ;
#2806 =( GEOMETRIC_REPRESENTATION_CONTEXT ( 3 ) GLOBAL_UNCERTAINTY_ASSIGNED_CONTEXT ( ( #4667 ) ) GLOBAL_UNIT_ASSIGNED_CONTEXT ( ( #5580, #1012, #6388 ) ) REPRESENTATION_CONTEXT ( 'NONE', 'WORKASPACE' ) );
#2807 = ORIENTED_EDGE ( 'NONE', *, *, #8210, .T. ) ;
#2808 = AXIS2_PLACEMENT_3D ( 'NONE', #7397, #2741, #8206 ) ;
#2809 = ORIENTED_EDGE ( 'NONE', *, *, #7917, .T. ) ;
#2810 = CYLINDRICAL_SURFACE ( 'NONE', #750, 0.2000000000000000900 ) ;
#2811 = DIRECTION ( 'NONE',  ( 0.0000000000000000000, 1.000000000000000000, 0.0000000000000000000 ) ) ;
#2812 = DIRECTION ( 'NONE',  ( 0.0000000000000000000, 0.0000000000000000000, -1.000000000000000000 ) ) ;
#2813 = VERTEX_POINT ( 'NONE', #5127 ) ;
#2814 = CARTESIAN_POINT ( 'NONE',  ( 5.050000000527496100, 20.66229349947143800, -11.84000000000000200 ) ) ;
#2815 = STYLED_ITEM ( 'NONE', ( #3370 ), #5147 ) ;
#2816 =( NAMED_UNIT ( * ) SI_UNIT ( $, .STERADIAN. ) SOLID_ANGLE_UNIT ( ) );
#2817 = COLOUR_RGB ( '',1.000000000000000000, 1.000000000000000000, 1.000000000000000000 ) ;
#2818 = PRESENTATION_STYLE_ASSIGNMENT (( #1549 ) ) ;
#2819 =( LENGTH_UNIT ( ) NAMED_UNIT ( * ) SI_UNIT ( .MILLI., .METRE. ) );
#2820 = DIRECTION ( 'NONE',  ( 1.000000000000000000, 0.0000000000000000000, 0.0000000000000000000 ) ) ;
#2821 = VECTOR ( 'NONE', #2330, 1000.000000000000000 ) ;
#2822 = ADVANCED_FACE ( 'NONE', ( #1459 ), #4556, .F. ) ;
#2823 = CARTESIAN_POINT ( 'NONE',  ( 0.9999953779657178000, 24.66229349947143800, -11.96500000000000200 ) ) ;
#2824 = CARTESIAN_POINT ( 'NONE',  ( 5.044461006962992000, 30.72401862721051600, -12.07787342305599900 ) ) ;
#2825 =( NAMED_UNIT ( * ) PLANE_ANGLE_UNIT ( ) SI_UNIT ( $, .RADIAN. ) );
#2826 = ORIENTED_EDGE ( 'NONE', *, *, #3615, .T. ) ;
#2827 =( LENGTH_UNIT ( ) NAMED_UNIT ( * ) SI_UNIT ( .MILLI., .METRE. ) );
#2828 = EDGE_CURVE ( 'NONE', #4227, #537, #6660, .T. ) ;
#2829 = DIRECTION ( 'NONE',  ( 1.000000000000000000, 0.0000000000000000000, 0.0000000000000000000 ) ) ;
#2830 = VECTOR ( 'NONE', #7565, 1000.000000000000000 ) ;
#2831 = ORIENTED_EDGE ( 'NONE', *, *, #3543, .T. ) ;
#2832 = MECHANICAL_DESIGN_GEOMETRIC_PRESENTATION_REPRESENTATION (  '', ( #1815 ), #3346 ) ;
#2833 = FACE_OUTER_BOUND ( 'NONE', #565, .T. ) ;
#2834 = VECTOR ( 'NONE', #8713, 1000.000000000000000 ) ;
#2835 = CARTESIAN_POINT ( 'NONE',  ( 3.781498386895806100, 29.63542085853165600, -12.26500000000000200 ) ) ;
#2836 = PLANE ( 'NONE',  #9746 ) ;
#2837 = SURFACE_STYLE_USAGE ( .BOTH. , #7489 ) ;
#2838 = LINE ( 'NONE', #7267, #814 ) ;
#2839 = EDGE_CURVE ( 'NONE', #1380, #3266, #8776, .T. ) ;
#2840 = VECTOR ( 'NONE', #3713, 1000.000000000000000 ) ;
#2841 = VERTEX_POINT ( 'NONE', #2174 ) ;
#2842 = EDGE_CURVE ( 'NONE', #3055, #6605, #6424, .T. ) ;
#2843 = PRESENTATION_STYLE_ASSIGNMENT (( #4027 ) ) ;
#2844 = PRESENTATION_LAYER_ASSIGNMENT (  '', '', ( #1826 ) ) ;
#2845 =( NAMED_UNIT ( * ) SI_UNIT ( $, .STERADIAN. ) SOLID_ANGLE_UNIT ( ) );
#2847 = DIRECTION ( 'NONE',  ( 0.0000000000000000000, 1.000000000000000000, 0.0000000000000000000 ) ) ;
#2846 = FILL_AREA_STYLE ('',( #4750 ) ) ;
#2848 = DIRECTION ( 'NONE',  ( 1.000000000000000000, -0.0000000000000000000, 0.0000000000000000000 ) ) ;
#2849 = DIRECTION ( 'NONE',  ( -1.000000000000000000, 0.0000000000000000000, 0.0000000000000000000 ) ) ;
#2850 = LINE ( 'NONE', #6921, #6726 ) ;
#2851 = FACE_OUTER_BOUND ( 'NONE', #3426, .T. ) ;
#2852 = CARTESIAN_POINT ( 'NONE',  ( 7.404365155856977400, 27.94545246348458500, -9.861771613411560700 ) ) ;
#2853 = EDGE_CURVE ( 'NONE', #7391, #4503, #8525, .T. ) ;
#2854 = EDGE_CURVE ( 'NONE', #8748, #8442, #2316, .T. ) ;
#2855 = MECHANICAL_DESIGN_GEOMETRIC_PRESENTATION_REPRESENTATION (  '', ( #1838 ), #3369 ) ;
#2856 =( NAMED_UNIT ( * ) SI_UNIT ( $, .STERADIAN. ) SOLID_ANGLE_UNIT ( ) );
#2857 =( GEOMETRIC_REPRESENTATION_CONTEXT ( 3 ) GLOBAL_UNCERTAINTY_ASSIGNED_CONTEXT ( ( #8539 ) ) GLOBAL_UNIT_ASSIGNED_CONTEXT ( ( #8991, #4258, #9773 ) ) REPRESENTATION_CONTEXT ( 'NONE', 'WORKASPACE' ) );
#2858 = PLANE ( 'NONE',  #4257 ) ;
#2859 = SURFACE_STYLE_USAGE ( .BOTH. , #3477 ) ;
#2860 =( GEOMETRIC_REPRESENTATION_CONTEXT ( 3 ) GLOBAL_UNCERTAINTY_ASSIGNED_CONTEXT ( ( #2594 ) ) GLOBAL_UNIT_ASSIGNED_CONTEXT ( ( #3617, #9100, #4367 ) ) REPRESENTATION_CONTEXT ( 'NONE', 'WORKASPACE' ) );
#2861 = PRESENTATION_STYLE_ASSIGNMENT (( #8869 ) ) ;
#2862 = SURFACE_SIDE_STYLE ('',( #8391 ) ) ;
#2863 = VECTOR ( 'NONE', #2811, 1000.000000000000000 ) ;
#2864 = CARTESIAN_POINT ( 'NONE',  ( 4.450000000527496400, 20.66229349947143800, -11.84000000000000200 ) ) ;
#2865 = VERTEX_POINT ( 'NONE', #9001 ) ;
#2866 = SURFACE_STYLE_USAGE ( .BOTH. , #7516 ) ;
#2867 = EDGE_CURVE ( 'NONE', #5423, #2437, #4108, .T. ) ;
#2868 = CARTESIAN_POINT ( 'NONE',  ( -2.649398738472236800, 31.09983360287336400, -10.06500000000000100 ) ) ;
#2869 = PRESENTATION_STYLE_ASSIGNMENT (( #87 ) ) ;
#2870 = ORIENTED_EDGE ( 'NONE', *, *, #8334, .F. ) ;
#2871 = CARTESIAN_POINT ( 'NONE',  ( 8.261327045213230100, 26.08820980796386400, -11.96500000000000000 ) ) ;
#2872 =( NAMED_UNIT ( * ) PLANE_ANGLE_UNIT ( ) SI_UNIT ( $, .RADIAN. ) );
#2873 = SURFACE_STYLE_USAGE ( .BOTH. , #7526 ) ;
#2874 = LINE ( 'NONE', #5948, #7020 ) ;
#2875 = ADVANCED_FACE ( 'NONE', ( #6163 ), #7554, .F. ) ;
#2876 = EDGE_LOOP ( 'NONE', ( #9277, #8878, #5416, #5815 ) ) ;
#2877 = FACE_OUTER_BOUND ( 'NONE', #3976, .T. ) ;
#2878 = EDGE_LOOP ( 'NONE', ( #72, #5788, #8829, #9346 ) ) ;
#2879 = CARTESIAN_POINT ( 'NONE',  ( -2.733606038281764400, 29.35912439536228600, -9.765000000000000600 ) ) ;
#2880 = VECTOR ( 'NONE', #3128, 1000.000000000000000 ) ;
#2881 = ORIENTED_EDGE ( 'NONE', *, *, #1304, .T. ) ;
#2882 = AXIS2_PLACEMENT_3D ( 'NONE', #4904, #9451, #9378 ) ;
#2883 = SURFACE_STYLE_FILL_AREA ( #3083 ) ;
#2884 = CARTESIAN_POINT ( 'NONE',  ( 3.550000000527496100, 20.66229349947143800, -12.54000000000000300 ) ) ;
#2885 = LINE ( 'NONE', #6211, #865 ) ;
#2886 =( NAMED_UNIT ( * ) SI_UNIT ( $, .STERADIAN. ) SOLID_ANGLE_UNIT ( ) );
#2887 = SURFACE_STYLE_FILL_AREA ( #2385 ) ;
#2888 = ORIENTED_EDGE ( 'NONE', *, *, #7920, .F. ) ;
#2889 = ORIENTED_EDGE ( 'NONE', *, *, #592, .T. ) ;
#2890 = UNCERTAINTY_MEASURE_WITH_UNIT (LENGTH_MEASURE( 1.000000000000000100E-005 ), #9159, 'distance_accuracy_value', 'NONE');
#2891 = PLANE ( 'NONE',  #4839 ) ;
#2892 =( NAMED_UNIT ( * ) PLANE_ANGLE_UNIT ( ) SI_UNIT ( $, .RADIAN. ) );
#2893 = DIRECTION ( 'NONE',  ( 0.0000000000000000000, 0.0000000000000000000, -1.000000000000000000 ) ) ;
#2894 = UNCERTAINTY_MEASURE_WITH_UNIT (LENGTH_MEASURE( 1.000000000000000100E-005 ), #4137, 'distance_accuracy_value', 'NONE');
#2895 = DIRECTION ( 'NONE',  ( -1.000000000000000000, 0.0000000000000000000, 0.0000000000000000000 ) ) ;
#2896 = LINE ( 'NONE', #8958, #7055 ) ;
#2897 = CARTESIAN_POINT ( 'NONE',  ( 1.000000000527495600, 26.86229349947144100, -12.49000000000000200 ) ) ;
#2898 = ORIENTED_EDGE ( 'NONE', *, *, #4197, .F. ) ;
#2899 = EDGE_CURVE ( 'NONE', #6336, #3757, #3384, .T. ) ;
#2900 = ORIENTED_EDGE ( 'NONE', *, *, #5468, .T. ) ;
#2901 = EDGE_CURVE ( 'NONE', #4863, #7437, #9398, .T. ) ;
#2902 =( NAMED_UNIT ( * ) PLANE_ANGLE_UNIT ( ) SI_UNIT ( $, .RADIAN. ) );
#2903 = AXIS2_PLACEMENT_3D ( 'NONE', #1847, #2611, #8085 ) ;
#2904 = FILL_AREA_STYLE_COLOUR ( '', #587 ) ;
#2905 = FACE_OUTER_BOUND ( 'NONE', #9086, .T. ) ;
#2906 = SURFACE_STYLE_USAGE ( .BOTH. , #7569 ) ;
#2907 = VERTEX_POINT ( 'NONE', #5045 ) ;
#2908 = ORIENTED_EDGE ( 'NONE', *, *, #894, .F. ) ;
#2909 = ORIENTED_EDGE ( 'NONE', *, *, #9430, .F. ) ;
#2910 = EDGE_CURVE ( 'NONE', #10022, #3999, #7299, .T. ) ;
#2911 = CARTESIAN_POINT ( 'NONE',  ( 6.702453769200101200, 26.46229349947144300, -11.99000000000000200 ) ) ;
#2912 = SURFACE_STYLE_USAGE ( .BOTH. , #7575 ) ;
#2913 = CARTESIAN_POINT ( 'NONE',  ( 6.852453769200100600, 25.86229349947144100, -12.44000000000000100 ) ) ;
#2914 = PRESENTATION_STYLE_ASSIGNMENT (( #2263 ) ) ;
#2915 = CARTESIAN_POINT ( 'NONE',  ( 0.9999953779657178000, 24.66229349947143800, -12.26500000000000200 ) ) ;
#2916 = ORIENTED_EDGE ( 'NONE', *, *, #5490, .F. ) ;
#2917 = STYLED_ITEM ( 'NONE', ( #614 ), #1040 ) ;
#2918 = CIRCLE ( 'NONE', #2713, 5.899999122561759200 ) ;
#2919 = PRESENTATION_LAYER_ASSIGNMENT (  '', '', ( #1358 ) ) ;
#2920 =( LENGTH_UNIT ( ) NAMED_UNIT ( * ) SI_UNIT ( .MILLI., .METRE. ) );
#2921 = CARTESIAN_POINT ( 'NONE',  ( 2.050000000527497000, 20.96229349947143900, -11.99000000000000200 ) ) ;
#2922 = VERTEX_POINT ( 'NONE', #3573 ) ;
#2923 = DIRECTION ( 'NONE',  ( 0.0000000000000000000, 0.0000000000000000000, -1.000000000000000000 ) ) ;
#2924 = CARTESIAN_POINT ( 'NONE',  ( -4.451615935434563000, 29.66628531477310600, -11.96500000000000000 ) ) ;
#2925 = ADVANCED_FACE ( 'NONE', ( #9128 ), #3647, .F. ) ;
#2926 = ORIENTED_EDGE ( 'NONE', *, *, #8886, .F. ) ;
#2927 = CARTESIAN_POINT ( 'NONE',  ( -2.449999999472504800, 21.96229349947143600, -12.44000000000000100 ) ) ;
#2928 = CIRCLE ( 'NONE', #7478, 0.2999999999968841500 ) ;
#2929 = MECHANICAL_DESIGN_GEOMETRIC_PRESENTATION_REPRESENTATION (  '', ( #1365 ), #3432 ) ;
#2930 = EDGE_CURVE ( 'NONE', #3266, #6375, #7279, .T. ) ;
#2931 = UNCERTAINTY_MEASURE_WITH_UNIT (LENGTH_MEASURE( 1.000000000000000100E-005 ), #6671, 'distance_accuracy_value', 'NONE');
#2932 =( NAMED_UNIT ( * ) SI_UNIT ( $, .STERADIAN. ) SOLID_ANGLE_UNIT ( ) );
#2933 = VECTOR ( 'NONE', #1329, 1000.000000000000000 ) ;
#2934 = CARTESIAN_POINT ( 'NONE',  ( 6.384846271614252400, 29.51713031400116800, -9.915245488432832500 ) ) ;
#2935 = B_SPLINE_CURVE_WITH_KNOTS ( 'NONE', 3,
 ( #6924, #4026, #5361, #6443, #1105, #2162 ),
 .UNSPECIFIED., .F., .F.,
 ( 4, 2, 4 ),
 ( 0.0000000000000000000, 0.0001569198704189343800, 0.0003138397408378687500 ),
 .UNSPECIFIED. ) ;
#2936 = SURFACE_STYLE_FILL_AREA ( #4014 ) ;
#2937 = AXIS2_PLACEMENT_3D ( 'NONE', #7051, #2388, #7844 ) ;
#2938 = MECHANICAL_DESIGN_GEOMETRIC_PRESENTATION_REPRESENTATION (  '', ( #1911 ), #3439 ) ;
#2939 = CARTESIAN_POINT ( 'NONE',  ( -1.896208785971575900, 29.79926116199821000, -12.26500000000000200 ) ) ;
#2940 = DIRECTION ( 'NONE',  ( 0.0000000000000000000, -0.0000000000000000000, 1.000000000000000000 ) ) ;
#2941 = CARTESIAN_POINT ( 'NONE',  ( 8.109880977802305300, 25.86229349947143800, -9.875437604225963300 ) ) ;
#2942 = ORIENTED_EDGE ( 'NONE', *, *, #1126, .F. ) ;
#2943 = CARTESIAN_POINT ( 'NONE',  ( 7.753720771781443600, 27.19324256008137300, -12.15261413660682700 ) ) ;
#2944 =( GEOMETRIC_REPRESENTATION_CONTEXT ( 3 ) GLOBAL_UNCERTAINTY_ASSIGNED_CONTEXT ( ( #4330 ) ) GLOBAL_UNIT_ASSIGNED_CONTEXT ( ( #1016, #7220, #8014 ) ) REPRESENTATION_CONTEXT ( 'NONE', 'WORKASPACE' ) );
#2945 =( LENGTH_UNIT ( ) NAMED_UNIT ( * ) SI_UNIT ( .MILLI., .METRE. ) );
#2946 = VECTOR ( 'NONE', #2115, 1000.000000000000000 ) ;
#2947 = CARTESIAN_POINT ( 'NONE',  ( -4.900014469212784700, 25.61229242923305800, -12.49000000000000200 ) ) ;
#2948 = CARTESIAN_POINT ( 'NONE',  ( -2.449999999472504800, 21.96229349947143600, -12.44000000000000100 ) ) ;
#2949 = ORIENTED_EDGE ( 'NONE', *, *, #3673, .F. ) ;
#2950 = CARTESIAN_POINT ( 'NONE',  ( -4.451615935434563000, 29.66628531477310600, -11.96500000000000000 ) ) ;
#2951 = LINE ( 'NONE', #4368, #4746 ) ;
#2952 = MECHANICAL_DESIGN_GEOMETRIC_PRESENTATION_REPRESENTATION (  '', ( #1382 ), #3443 ) ;
#2953 = CARTESIAN_POINT ( 'NONE',  ( 6.714006340618045200, 29.36442904820767200, -10.06500000000000100 ) ) ;
#2954 = CARTESIAN_POINT ( 'NONE',  ( 3.728756139737275700, 31.38138703142453400, -12.11297922507505500 ) ) ;
#2955 = SURFACE_STYLE_FILL_AREA ( #1903 ) ;
#2956 = STYLED_ITEM ( 'NONE', ( #5965 ), #6785 ) ;
#2957 = VERTEX_POINT ( 'NONE', #8163 ) ;
#2958 = EDGE_LOOP ( 'NONE', ( #3203, #3989, #2747, #5104 ) ) ;
#2959 = VECTOR ( 'NONE', #310, 1000.000000000000000 ) ;
#2960 = FILL_AREA_STYLE_COLOUR ( '', #8401 ) ;
#2961 = FACE_OUTER_BOUND ( 'NONE', #475, .T. ) ;
#2962 = CARTESIAN_POINT ( 'NONE',  ( 0.9999953779657178000, 24.66229349947143800, -10.06500000000000100 ) ) ;
#2963 = FILL_AREA_STYLE ('',( #165 ) ) ;
#2964 = SURFACE_SIDE_STYLE ('',( #4929 ) ) ;
#2965 = FACE_OUTER_BOUND ( 'NONE', #712, .T. ) ;
#2966 = VERTEX_POINT ( 'NONE', #3612 ) ;
#2967 = AXIS2_PLACEMENT_3D ( 'NONE', #9727, #5748, #4993 ) ;
#2968 = CYLINDRICAL_SURFACE ( 'NONE', #4977, 7.400000000000000400 ) ;
#2969 =( NAMED_UNIT ( * ) PLANE_ANGLE_UNIT ( ) SI_UNIT ( $, .RADIAN. ) );
#2970 = DIRECTION ( 'NONE',  ( -0.0000000000000000000, -0.0000000000000000000, 1.000000000000000000 ) ) ;
#2971 = CIRCLE ( 'NONE', #1992, 0.1999928650898725200 ) ;
#2972 =( LENGTH_UNIT ( ) NAMED_UNIT ( * ) SI_UNIT ( .MILLI., .METRE. ) );
#2973 = CARTESIAN_POINT ( 'NONE',  ( 4.513760000000032400, 28.36077100000000000, -9.540000000000000900 ) ) ;
#2974 = VECTOR ( 'NONE', #5953, 1000.000000000000000 ) ;
#2975 = ADVANCED_FACE ( 'NONE', ( #1090 ), #359, .T. ) ;
#2976 = EDGE_CURVE ( 'NONE', #1226, #9947, #8371, .T. ) ;
#2977 = VERTEX_POINT ( 'NONE', #8939 ) ;
#2978 = MECHANICAL_DESIGN_GEOMETRIC_PRESENTATION_REPRESENTATION (  '', ( #1412 ), #3468 ) ;
#2979 = DIRECTION ( 'NONE',  ( -1.000000000000000000, 0.0000000000000000000, 0.0000000000000000000 ) ) ;
#2980 = CARTESIAN_POINT ( 'NONE',  ( 0.5500000005274953100, 20.66229349947143800, -12.54000000000000300 ) ) ;
#2981 =( NAMED_UNIT ( * ) SI_UNIT ( $, .STERADIAN. ) SOLID_ANGLE_UNIT ( ) );
#2982 = LINE ( 'NONE', #3664, #2738 ) ;
#2983 = DIRECTION ( 'NONE',  ( 0.1200000000000015600, -0.9927738916792683300, 0.0000000000000000000 ) ) ;
#2984 = CARTESIAN_POINT ( 'NONE',  ( -4.451615935434563000, 29.66628531477310600, -10.06500000000000100 ) ) ;
#2985 = CARTESIAN_POINT ( 'NONE',  ( -2.562595966618931100, 29.82897070575523900, -9.765000000000000600 ) ) ;
#2986 = CARTESIAN_POINT ( 'NONE',  ( -3.602453961876661100, 25.86229349947144100, -12.54000000000000300 ) ) ;
#2987 = AXIS2_PLACEMENT_3D ( 'NONE', #9776, #5873, #4561 ) ;
#2988 = EDGE_CURVE ( 'NONE', #6753, #9235, #2146, .T. ) ;
#2989 = CIRCLE ( 'NONE', #9282, 0.2000012755846080900 ) ;
#2990 = STYLED_ITEM ( 'NONE', ( #2462 ), #1735 ) ;
#2991 = ORIENTED_EDGE ( 'NONE', *, *, #2853, .T. ) ;
#2992 = MECHANICAL_DESIGN_GEOMETRIC_PRESENTATION_REPRESENTATION (  '', ( #1961 ), #3483 ) ;
#2993 = VECTOR ( 'NONE', #7656, 1000.000000000000000 ) ;
#2994 = DIRECTION ( 'NONE',  ( -1.000000000000000000, 0.0000000000000000000, 0.0000000000000000000 ) ) ;
#2995 = EDGE_LOOP ( 'NONE', ( #3706, #5842, #6092, #3858 ) ) ;
#2996 = AXIS2_PLACEMENT_3D ( 'NONE', #5351, #801, #6177 ) ;
#2997 = LINE ( 'NONE', #4002, #9224 ) ;
#2998 = ORIENTED_EDGE ( 'NONE', *, *, #7848, .F. ) ;
#2999 = CARTESIAN_POINT ( 'NONE',  ( 6.602453769200100600, 26.71229338220534900, -9.540000000000000900 ) ) ;
#3000 = SURFACE_STYLE_FILL_AREA ( #243 ) ;
#3001 = CARTESIAN_POINT ( 'NONE',  ( 1.899995377965719000, 32.10809768706595700, -10.26500000000000200 ) ) ;
#3002 = CARTESIAN_POINT ( 'NONE',  ( 5.406726249604603600, 30.60709989034278400, -11.96500000000000000 ) ) ;
#3003 = EDGE_CURVE ( 'NONE', #8177, #9121, #4181, .T. ) ;
#3004 = DIRECTION ( 'NONE',  ( 0.0000000000000000000, 0.0000000000000000000, -1.000000000000000000 ) ) ;
#3005 = EDGE_LOOP ( 'NONE', ( #5937, #3908, #986, #5626 ) ) ;
#3006 = B_SPLINE_CURVE_WITH_KNOTS ( 'NONE', 3,
 ( #4486, #5267, #716, #6087 ),
 .UNSPECIFIED., .F., .F.,
 ( 4, 4 ),
 ( 0.0000000000000000000, 0.0002241599081695832400 ),
 .UNSPECIFIED. ) ;
#3007 = SURFACE_STYLE_USAGE ( .BOTH. , #7677 ) ;
#3008 = CARTESIAN_POINT ( 'NONE',  ( 0.04733900825170988400, 32.00090782122590800, -11.96500000000153800 ) ) ;
#3009 = CARTESIAN_POINT ( 'NONE',  ( -4.384082135274307600, 29.49422910280104700, -9.899309202143230700 ) ) ;
#3010 = ORIENTED_EDGE ( 'NONE', *, *, #749, .T. ) ;
#3011 = PRESENTATION_STYLE_ASSIGNMENT (( #7658 ) ) ;
#3012 = CARTESIAN_POINT ( 'NONE',  ( -0.04999999947250455300, 21.96229349947143900, -12.54000000000000300 ) ) ;
#3013 = EDGE_LOOP ( 'NONE', ( #5434, #6445, #8551, #9288 ) ) ;
#3014 = STYLED_ITEM ( 'NONE', ( #2662 ), #5008 ) ;
#3015 =( NAMED_UNIT ( * ) SI_UNIT ( $, .STERADIAN. ) SOLID_ANGLE_UNIT ( ) );
#3016 = SURFACE_STYLE_FILL_AREA ( #2846 ) ;
#3017 = CARTESIAN_POINT ( 'NONE',  ( 2.050000000527496100, 20.66229349947143800, -12.54000000000000300 ) ) ;
#3018 =( NAMED_UNIT ( * ) SI_UNIT ( $, .STERADIAN. ) SOLID_ANGLE_UNIT ( ) );
#3019 = CARTESIAN_POINT ( 'NONE',  ( 4.296242706635802700, 31.28760508069049400, -11.96500000000000200 ) ) ;
#3020 = ORIENTED_EDGE ( 'NONE', *, *, #9598, .T. ) ;
#3021 = CARTESIAN_POINT ( 'NONE',  ( -4.900014469212784700, 25.61229242923305800, -9.540000000000000900 ) ) ;
#3022 = ORIENTED_EDGE ( 'NONE', *, *, #5916, .T. ) ;
#3023 = UNCERTAINTY_MEASURE_WITH_UNIT (LENGTH_MEASURE( 1.000000000000000100E-005 ), #4700, 'distance_accuracy_value', 'NONE');
#3024 =( NAMED_UNIT ( * ) PLANE_ANGLE_UNIT ( ) SI_UNIT ( $, .RADIAN. ) );
#3025 = DIRECTION ( 'NONE',  ( -1.000000000000000000, 0.0000000000000000000, 0.0000000000000000000 ) ) ;
#3026 = LINE ( 'NONE', #6201, #8765 ) ;
#3027 = EDGE_CURVE ( 'NONE', #1198, #1110, #8141, .T. ) ;
#3028 = CARTESIAN_POINT ( 'NONE',  ( -4.702453961876661200, 25.86229349947144100, -11.84000000000000200 ) ) ;
#3029 = ADVANCED_FACE ( 'NONE', ( #5994 ), #8741, .F. ) ;
#3030 = DIRECTION ( 'NONE',  ( 1.000000000000000000, 0.0000000000000000000, 0.0000000000000000000 ) ) ;
#3031 = ORIENTED_EDGE ( 'NONE', *, *, #1427, .T. ) ;
#3032 = DIRECTION ( 'NONE',  ( 0.0000000000000000000, -0.0000000000000000000, 1.000000000000000000 ) ) ;
#3033 = PRESENTATION_LAYER_ASSIGNMENT (  '', '', ( #1471 ) ) ;
#3034 = CARTESIAN_POINT ( 'NONE',  ( 0.9999953779657178000, 24.66229349947143800, -11.96500000000000200 ) ) ;
#3035 = SURFACE_STYLE_FILL_AREA ( #2376 ) ;
#3036 = SURFACE_STYLE_USAGE ( .BOTH. , #3102 ) ;
#3037 = ORIENTED_EDGE ( 'NONE', *, *, #9845, .T. ) ;
#3038 = EDGE_CURVE ( 'NONE', #728, #1190, #3249, .T. ) ;
#3039 = DIRECTION ( 'NONE',  ( 0.0000000000000000000, 0.0000000000000000000, 1.000000000000000000 ) ) ;
#3040 = VECTOR ( 'NONE', #7637, 1000.000000000000000 ) ;
#3041 = EDGE_LOOP ( 'NONE', ( #8035, #5257, #4236, #4153 ) ) ;
#3042 = EDGE_CURVE ( 'NONE', #2230, #7049, #9228, .T. ) ;
#3043 = ORIENTED_EDGE ( 'NONE', *, *, #1878, .F. ) ;
#3044 = ADVANCED_FACE ( 'NONE', ( #1185, #5230 ), #1708, .F. ) ;
#3045 = FILL_AREA_STYLE ('',( #2261 ) ) ;
#3046 = STYLED_ITEM ( 'NONE', ( #8063 ), #2269 ) ;
#3047 =( NAMED_UNIT ( * ) PLANE_ANGLE_UNIT ( ) SI_UNIT ( $, .RADIAN. ) );
#3048 = CARTESIAN_POINT ( 'NONE',  ( 5.751561865016674900, 30.16156520801000000, -9.932693816142634800 ) ) ;
#3049 =( NAMED_UNIT ( * ) SI_UNIT ( $, .STERADIAN. ) SOLID_ANGLE_UNIT ( ) );
#3050 =( LENGTH_UNIT ( ) NAMED_UNIT ( * ) SI_UNIT ( .MILLI., .METRE. ) );
#3051 = ORIENTED_EDGE ( 'NONE', *, *, #8984, .T. ) ;
#3052 = VECTOR ( 'NONE', #9641, 1000.000000000000000 ) ;
#3053 = DIRECTION ( 'NONE',  ( 0.0000000000000000000, 0.0000000000000000000, 1.000000000000000000 ) ) ;
#3054 = FILL_AREA_STYLE_COLOUR ( '', #4514 ) ;
#3055 = VERTEX_POINT ( 'NONE', #1744 ) ;
#3056 = FILL_AREA_STYLE ('',( #2278 ) ) ;
#3057 = EDGE_CURVE ( 'NONE', #3740, #2865, #4278, .T. ) ;
#3058 = FACE_OUTER_BOUND ( 'NONE', #3013, .T. ) ;
#3059 = STYLED_ITEM ( 'NONE', ( #1554 ), #1349 ) ;
#3060 =( GEOMETRIC_REPRESENTATION_CONTEXT ( 3 ) GLOBAL_UNCERTAINTY_ASSIGNED_CONTEXT ( ( #3819 ) ) GLOBAL_UNIT_ASSIGNED_CONTEXT ( ( #4068, #9557, #4830 ) ) REPRESENTATION_CONTEXT ( 'NONE', 'WORKASPACE' ) );
#3061 = VECTOR ( 'NONE', #8247, 1000.000000000000000 ) ;
#3062 = CARTESIAN_POINT ( 'NONE',  ( 6.899985530787216900, 25.61229242923305800, -9.540000000000000900 ) ) ;
#3063 =( GEOMETRIC_REPRESENTATION_CONTEXT ( 3 ) GLOBAL_UNCERTAINTY_ASSIGNED_CONTEXT ( ( #7014 ) ) GLOBAL_UNIT_ASSIGNED_CONTEXT ( ( #8601, #3907, #9407 ) ) REPRESENTATION_CONTEXT ( 'NONE', 'WORKASPACE' ) );
#3064 = ORIENTED_EDGE ( 'NONE', *, *, #2655, .T. ) ;
#3065 = EDGE_CURVE ( 'NONE', #8056, #8809, #7421, .T. ) ;
#3066 = DIRECTION ( 'NONE',  ( 0.0000000000000000000, -0.0000000000000000000, 1.000000000000000000 ) ) ;
#3067 = PLANE ( 'NONE',  #1271 ) ;
#3068 = LINE ( 'NONE', #32, #1042 ) ;
#3069 = EDGE_LOOP ( 'NONE', ( #1569, #1410, #354, #3316 ) ) ;
#3070 = DIRECTION ( 'NONE',  ( -1.000000000000000000, 0.0000000000000000000, 0.0000000000000000000 ) ) ;
#3071 =( LENGTH_UNIT ( ) NAMED_UNIT ( * ) SI_UNIT ( .MILLI., .METRE. ) );
#3072 = VERTEX_POINT ( 'NONE', #8777 ) ;
#3073 = DIRECTION ( 'NONE',  ( 0.0000000000000000000, -0.0000000000000000000, 1.000000000000000000 ) ) ;
#3074 = DIRECTION ( 'NONE',  ( 0.0000000000000000000, 1.000000000000000000, 0.0000000000000000000 ) ) ;
#3075 = MECHANICAL_DESIGN_GEOMETRIC_PRESENTATION_REPRESENTATION (  '', ( #2032 ), #3555 ) ;
#3076 = CARTESIAN_POINT ( 'NONE',  ( 0.9999953779657178000, 24.66229349947143800, -12.26500000000000200 ) ) ;
#3077 =( NAMED_UNIT ( * ) SI_UNIT ( $, .STERADIAN. ) SOLID_ANGLE_UNIT ( ) );
#3078 = ORIENTED_EDGE ( 'NONE', *, *, #3730, .T. ) ;
#3079 = CARTESIAN_POINT ( 'NONE',  ( -5.767042546822425600, 27.26928792592278900, -9.916824990576202500 ) ) ;
#3080 = SURFACE_SIDE_STYLE ('',( #6639 ) ) ;
#3081 = CARTESIAN_POINT ( 'NONE',  ( -6.017413299031601600, 25.86229349947143800, -9.784270582019740200 ) ) ;
#3082 = STYLED_ITEM ( 'NONE', ( #2861 ), #3334 ) ;
#3083 = FILL_AREA_STYLE ('',( #2307 ) ) ;
#3084 = LINE ( 'NONE', #2119, #8820 ) ;
#3085 = UNCERTAINTY_MEASURE_WITH_UNIT (LENGTH_MEASURE( 1.000000000000000100E-005 ), #9334, 'distance_accuracy_value', 'NONE');
#3086 =( NAMED_UNIT ( * ) SI_UNIT ( $, .STERADIAN. ) SOLID_ANGLE_UNIT ( ) );
#3087 = VECTOR ( 'NONE', #7152, 1000.000000000000000 ) ;
#3088 = CARTESIAN_POINT ( 'NONE',  ( -4.935496200239035700, 28.82974654451482300, -12.11258825999507300 ) ) ;
#3089 = CARTESIAN_POINT ( 'NONE',  ( 5.406726249604603600, 30.60709989034278400, -10.06500000000000100 ) ) ;
#3090 = PRESENTATION_STYLE_ASSIGNMENT (( #305 ) ) ;
#3091 = CIRCLE ( 'NONE', #691, 7.400000000000000400 ) ;
#3092 = FILL_AREA_STYLE_COLOUR ( '', #4894 ) ;
#3093 = CARTESIAN_POINT ( 'NONE',  ( 5.300000000527496100, 21.76229614966530700, -12.44000000000000100 ) ) ;
#3094 = ADVANCED_FACE ( 'NONE', ( #6391 ), #3350, .F. ) ;
#3095 = MECHANICAL_DESIGN_GEOMETRIC_PRESENTATION_REPRESENTATION (  '', ( #1049 ), #3572 ) ;
#3096 = DIRECTION ( 'NONE',  ( 0.0000000000000000000, 0.0000000000000000000, -1.000000000000000000 ) ) ;
#3097 = UNCERTAINTY_MEASURE_WITH_UNIT (LENGTH_MEASURE( 1.000000000000000100E-005 ), #6780, 'distance_accuracy_value', 'NONE');
#3098 = EDGE_CURVE ( 'NONE', #439, #5909, #5363, .T. ) ;
#3099 = ORIENTED_EDGE ( 'NONE', *, *, #876, .F. ) ;
#3100 = SURFACE_STYLE_USAGE ( .BOTH. , #7779 ) ;
#3101 = CARTESIAN_POINT ( 'NONE',  ( 0.9999953779657178000, 24.66229349947143800, -12.26500000000000200 ) ) ;
#3102 = SURFACE_SIDE_STYLE ('',( #1637 ) ) ;
#3103 = CARTESIAN_POINT ( 'NONE',  ( 6.993696445781622200, 28.65257783171150800, -12.16464843320269800 ) ) ;
#3104 = CARTESIAN_POINT ( 'NONE',  ( -3.870094778599522100, 29.97663037661646300, -9.873279290114105300 ) ) ;
#3105 = COLOUR_RGB ( '',1.000000000000000000, 0.0000000000000000000, 1.000000000000000000 ) ;
#3106 = MECHANICAL_DESIGN_GEOMETRIC_PRESENTATION_REPRESENTATION (  '', ( #2061 ), #3588 ) ;
#3107 = EDGE_CURVE ( 'NONE', #7391, #1190, #9601, .T. ) ;
#3108 =( NAMED_UNIT ( * ) SI_UNIT ( $, .STERADIAN. ) SOLID_ANGLE_UNIT ( ) );
#3109 = CARTESIAN_POINT ( 'NONE',  ( -0.9721452097825676900, 31.74799198460268100, -12.00997035011741700 ) ) ;
#3110 = DIRECTION ( 'NONE',  ( 0.0000000000000000000, -0.0000000000000000000, 1.000000000000000000 ) ) ;
#3111 = SURFACE_SIDE_STYLE ('',( #1816 ) ) ;
#3112 = CARTESIAN_POINT ( 'NONE',  ( 1.500000000524379900, 26.86229349947144100, -12.94000000000000000 ) ) ;
#3113 = VERTEX_POINT ( 'NONE', #2814 ) ;
#3114 = SURFACE_STYLE_FILL_AREA ( #9381 ) ;
#3115 = MECHANICAL_DESIGN_GEOMETRIC_PRESENTATION_REPRESENTATION (  '', ( #1065 ), #3600 ) ;
#3116 = EDGE_CURVE ( 'NONE', #200, #3957, #9358, .T. ) ;
#3117 = CARTESIAN_POINT ( 'NONE',  ( 2.595522137056014900, 31.88823941409236400, -11.96500000000000200 ) ) ;
#3118 = CARTESIAN_POINT ( 'NONE',  ( 3.451918204600820300, 31.59469284034294000, -12.01176790491453500 ) ) ;
#3119 = CARTESIAN_POINT ( 'NONE',  ( -0.5389322055990147800, 30.26166322722149000, -9.765000000000000600 ) ) ;
#3120 = COLOUR_RGB ( '',0.0000000000000000000, 0.0000000000000000000, 1.000000000000000000 ) ;
#3121 = COLOUR_RGB ( '',0.7529411764705882200, 0.7529411764705882200, 0.7529411764705882200 ) ;
#3122 = ORIENTED_EDGE ( 'NONE', *, *, #3687, .F. ) ;
#3123 = CIRCLE ( 'NONE', #6439, 0.3000000000000007700 ) ;
#3124 = ORIENTED_EDGE ( 'NONE', *, *, #8451, .T. ) ;
#3125 =( GEOMETRIC_REPRESENTATION_CONTEXT ( 3 ) GLOBAL_UNCERTAINTY_ASSIGNED_CONTEXT ( ( #5495 ) ) GLOBAL_UNIT_ASSIGNED_CONTEXT ( ( #3169, #3136, #3235 ) ) REPRESENTATION_CONTEXT ( 'NONE', 'WORKASPACE' ) );
#3126 = ORIENTED_EDGE ( 'NONE', *, *, #31, .T. ) ;
#3127 = EDGE_CURVE ( 'NONE', #1656, #978, #7488, .T. ) ;
#3128 = DIRECTION ( 'NONE',  ( -1.000000000000000000, 0.0000000000000000000, 0.0000000000000000000 ) ) ;
#3129 = VECTOR ( 'NONE', #2893, 1000.000000000000000 ) ;
#3130 = ADVANCED_FACE ( 'NONE', ( #1081 ), #9094, .F. ) ;
#3131 = AXIS2_PLACEMENT_3D ( 'NONE', #5258, #706, #6074 ) ;
#3132 = LINE ( 'NONE', #7035, #6763 ) ;
#3133 = CARTESIAN_POINT ( 'NONE',  ( 5.945278475781079500, 27.03121933074009000, -12.49000000000000200 ) ) ;
#3134 = AXIS2_PLACEMENT_3D ( 'NONE', #6773, #2125, #7574 ) ;
#3135 = FILL_AREA_STYLE ('',( #3861 ) ) ;
#3136 =( NAMED_UNIT ( * ) PLANE_ANGLE_UNIT ( ) SI_UNIT ( $, .RADIAN. ) );
#3137 = MECHANICAL_DESIGN_GEOMETRIC_PRESENTATION_REPRESENTATION (  '', ( #1588 ), #3628 ) ;
#3138 = CARTESIAN_POINT ( 'NONE',  ( 5.300000000527496100, 21.76229614966530700, -12.49000000000000200 ) ) ;
#3139 = VERTEX_POINT ( 'NONE', #9781 ) ;
#3140 = SURFACE_STYLE_USAGE ( .BOTH. , #7822 ) ;
#3141 = PRODUCT ( 'SLLB120300STEP', 'SLLB120300STEP', '', ( #8902 ) ) ;
#3142 = ADVANCED_FACE ( 'NONE', ( #8361 ), #2858, .F. ) ;
#3143 = DIRECTION ( 'NONE',  ( -1.000000000000000000, 0.0000000000000000000, 0.0000000000000000000 ) ) ;
#3144 = DIRECTION ( 'NONE',  ( -1.000000000000000000, 0.0000000000000000000, 0.0000000000000000000 ) ) ;
#3145 = SURFACE_STYLE_USAGE ( .BOTH. , #7829 ) ;
#3146 = CARTESIAN_POINT ( 'NONE',  ( 3.964603570568365800, 29.61132263784087100, -12.26500000000000200 ) ) ;
#3147 = CARTESIAN_POINT ( 'NONE',  ( -1.549999999472504700, 21.96229349947143900, -12.54000000000000300 ) ) ;
#3148 = DIRECTION ( 'NONE',  ( 0.0000000000000000000, -1.000000000000000000, 0.0000000000000000000 ) ) ;
#3149 = MECHANICAL_DESIGN_GEOMETRIC_PRESENTATION_REPRESENTATION (  '', ( #2100 ), #3635 ) ;
#3150 =( NAMED_UNIT ( * ) PLANE_ANGLE_UNIT ( ) SI_UNIT ( $, .RADIAN. ) );
#3151 = ORIENTED_EDGE ( 'NONE', *, *, #8254, .F. ) ;
#3152 = ORIENTED_EDGE ( 'NONE', *, *, #8531, .F. ) ;
#3153 = EDGE_LOOP ( 'NONE', ( #9056, #9078, #9099, #9778, #9195, #9809, #9824, #542, #1333 ) ) ;
#3154 = CARTESIAN_POINT ( 'NONE',  ( 5.502453769200100100, 26.71229338220534900, -12.44000000000000100 ) ) ;
#3155 = CYLINDRICAL_SURFACE ( 'NONE', #8289, 6.500000000000000900 ) ;
#3156 = COLOUR_RGB ( '',1.000000000000000000, 1.000000000000000000, 1.000000000000000000 ) ;
#3157 = ORIENTED_EDGE ( 'NONE', *, *, #7100, .F. ) ;
#3158 = VERTEX_POINT ( 'NONE', #2824 ) ;
#3159 =( NAMED_UNIT ( * ) PLANE_ANGLE_UNIT ( ) SI_UNIT ( $, .RADIAN. ) );
#3160 = ORIENTED_EDGE ( 'NONE', *, *, #334, .T. ) ;
#3161 = LINE ( 'NONE', #6750, #1120 ) ;
#3162 = VERTEX_POINT ( 'NONE', #6685 ) ;
#3163 = STYLED_ITEM ( 'NONE', ( #7853 ), #7928 ) ;
#3164 = ORIENTED_EDGE ( 'NONE', *, *, #4398, .T. ) ;
#3165 = ORIENTED_EDGE ( 'NONE', *, *, #4697, .T. ) ;
#3166 = CARTESIAN_POINT ( 'NONE',  ( -4.552453961876661700, 26.46229349947144300, -11.99000000000000200 ) ) ;
#3167 = CARTESIAN_POINT ( 'NONE',  ( -1.699075889840986300, 31.37429071599363100, -12.13069079785677000 ) ) ;
#3168 = CARTESIAN_POINT ( 'NONE',  ( -4.602453961876666000, 26.46229349947144300, -12.49000000000000200 ) ) ;
#3169 =( LENGTH_UNIT ( ) NAMED_UNIT ( * ) SI_UNIT ( .MILLI., .METRE. ) );
#3170 = SURFACE_STYLE_FILL_AREA ( #8002 ) ;
#3171 = EDGE_CURVE ( 'NONE', #4084, #8933, #6502, .T. ) ;
#3172 = VECTOR ( 'NONE', #3394, 1000.000000000000000 ) ;
#3173 = ORIENTED_EDGE ( 'NONE', *, *, #7815, .F. ) ;
#3174 = EDGE_CURVE ( 'NONE', #508, #8999, #9709, .T. ) ;
#3175 = SURFACE_SIDE_STYLE ('',( #4857 ) ) ;
#3176 = CARTESIAN_POINT ( 'NONE',  ( 0.9999953779657178000, 24.66229349947143800, -10.06500000000000100 ) ) ;
#3177 = PRESENTATION_LAYER_ASSIGNMENT (  '', '', ( #2656 ) ) ;
#3178 = FILL_AREA_STYLE_COLOUR ( '', #3475 ) ;
#3179 = CARTESIAN_POINT ( 'NONE',  ( 7.445081620392156400, 28.16045476437859900, -12.03178867291689100 ) ) ;
#3180 = CARTESIAN_POINT ( 'NONE',  ( 5.870809653799518900, 27.61762785706060800, -12.49000000000000200 ) ) ;
#3181 = FILL_AREA_STYLE ('',( #7875 ) ) ;
#3182 =( NAMED_UNIT ( * ) PLANE_ANGLE_UNIT ( ) SI_UNIT ( $, .RADIAN. ) );
#3183 = VECTOR ( 'NONE', #5126, 1000.000000000000000 ) ;
#3184 = VECTOR ( 'NONE', #9675, 1000.000000000000000 ) ;
#3185 = FILL_AREA_STYLE_COLOUR ( '', #9059 ) ;
#3186 = DIRECTION ( 'NONE',  ( -1.000000000000000000, 0.0000000000000000000, 0.0000000000000000000 ) ) ;
#3187 = EDGE_CURVE ( 'NONE', #9423, #7552, #7621, .T. ) ;
#3188 = ORIENTED_EDGE ( 'NONE', *, *, #5852, .F. ) ;
#3189 = SURFACE_STYLE_USAGE ( .BOTH. , #9453 ) ;
#3190 = EDGE_CURVE ( 'NONE', #6427, #897, #1679, .T. ) ;
#3191 = AXIS2_PLACEMENT_3D ( 'NONE', #8373, #4382, #3670 ) ;
#3192 = CARTESIAN_POINT ( 'NONE',  ( -3.049999999472504000, 21.96229349947143600, -12.44000000000000100 ) ) ;
#3193 = CIRCLE ( 'NONE', #8726, 0.4999999999968842100 ) ;
#3194 = CARTESIAN_POINT ( 'NONE',  ( -4.584855515682804100, 29.51713031400118200, -9.765000000000000600 ) ) ;
#3195 = ADVANCED_FACE ( 'NONE', ( #3449 ), #2517, .T. ) ;
#3196 = ORIENTED_EDGE ( 'NONE', *, *, #9495, .T. ) ;
#3197 =( GEOMETRIC_REPRESENTATION_CONTEXT ( 3 ) GLOBAL_UNCERTAINTY_ASSIGNED_CONTEXT ( ( #7276 ) ) GLOBAL_UNIT_ASSIGNED_CONTEXT ( ( #3071, #8523, #3831 ) ) REPRESENTATION_CONTEXT ( 'NONE', 'WORKASPACE' ) );
#3198 = CARTESIAN_POINT ( 'NONE',  ( -3.752940803004874800, 30.21660424261266800, -12.05474872335444500 ) ) ;
#3199 = DIRECTION ( 'NONE',  ( 0.8630568006474879100, 0.5051068786466111900, 0.0000000000000000000 ) ) ;
#3200 = EDGE_CURVE ( 'NONE', #6805, #1008, #4498, .T. ) ;
#3201 = SURFACE_STYLE_FILL_AREA ( #3045 ) ;
#3202 = CARTESIAN_POINT ( 'NONE',  ( 4.450000000527496400, 20.96229349947143900, -11.99000000000000200 ) ) ;
#3203 = ORIENTED_EDGE ( 'NONE', *, *, #1810, .T. ) ;
#3204 = PRESENTATION_LAYER_ASSIGNMENT (  '', '', ( #2688 ) ) ;
#3205 = ORIENTED_EDGE ( 'NONE', *, *, #2899, .F. ) ;
#3206 = CARTESIAN_POINT ( 'NONE',  ( 5.050000000527496100, 20.96229614966531000, -12.44000000000000100 ) ) ;
#3207 = UNCERTAINTY_MEASURE_WITH_UNIT (LENGTH_MEASURE( 1.000000000000000100E-005 ), #2064, 'distance_accuracy_value', 'NONE');
#3208 = CIRCLE ( 'NONE', #8003, 0.4999999999968842100 ) ;
#3209 = DIRECTION ( 'NONE',  ( 0.0000000000000000000, 0.0000000000000000000, -1.000000000000000000 ) ) ;
#3210 = CARTESIAN_POINT ( 'NONE',  ( -0.9499999994725048000, 20.66229349947143800, -12.54000000000000300 ) ) ;
#3211 = DIRECTION ( 'NONE',  ( 0.0000000000000000000, -1.000000000000000000, 0.0000000000000000000 ) ) ;
#3212 = CARTESIAN_POINT ( 'NONE',  ( -5.393731945154486100, 27.99098776215816300, -12.15672070988589600 ) ) ;
#3213 = CARTESIAN_POINT ( 'NONE',  ( -3.242681027982205600, 30.52195127597291300, -12.13069079785677000 ) ) ;
#3214 = UNCERTAINTY_MEASURE_WITH_UNIT (LENGTH_MEASURE( 1.000000000000000100E-005 ), #8367, 'distance_accuracy_value', 'NONE');
#3215 = DIRECTION ( 'NONE',  ( 1.000000000000000000, 0.0000000000000000000, 0.0000000000000000000 ) ) ;
#3216 = CARTESIAN_POINT ( 'NONE',  ( 0.5500000005274974200, 20.81229349947144100, -12.44000000000000100 ) ) ;
#3217 = STYLED_ITEM ( 'NONE', ( #1560 ), #3660 ) ;
#3218 = CARTESIAN_POINT ( 'NONE',  ( -5.061498581018524200, 28.61202849619712700, -9.899739201007365700 ) ) ;
#3219 = SURFACE_STYLE_FILL_AREA ( #7008 ) ;
#3220 = SURFACE_SIDE_STYLE ('',( #8722 ) ) ;
#3221 = SURFACE_STYLE_FILL_AREA ( #5927 ) ;
#3222 = CARTESIAN_POINT ( 'NONE',  ( 8.062572811169548700, 25.86229349947143800, -12.20120212457107400 ) ) ;
#3223 = DIRECTION ( 'NONE',  ( -0.0000000000000000000, 0.0000000000000000000, 1.000000000000000000 ) ) ;
#3224 = CARTESIAN_POINT ( 'NONE',  ( 4.285210054200450500, 31.11467501613618600, -12.12455827783282600 ) ) ;
#3225 = UNCERTAINTY_MEASURE_WITH_UNIT (LENGTH_MEASURE( 1.000000000000000100E-005 ), #6832, 'distance_accuracy_value', 'NONE');
#3226 = VECTOR ( 'NONE', #7392, 1000.000000000000000 ) ;
#3227 = FILL_AREA_STYLE ('',( #3998 ) ) ;
#3228 = AXIS2_PLACEMENT_3D ( 'NONE', #1927, #4990, #8971 ) ;
#3229 = EDGE_CURVE ( 'NONE', #6358, #7808, #6608, .T. ) ;
#3230 = FACE_OUTER_BOUND ( 'NONE', #3069, .T. ) ;
#3231 = EDGE_CURVE ( 'NONE', #5149, #891, #461, .T. ) ;
#3232 = DIRECTION ( 'NONE',  ( -1.000000000000000000, 0.0000000000000000000, 0.0000000000000000000 ) ) ;
#3233 = ORIENTED_EDGE ( 'NONE', *, *, #7547, .T. ) ;
#3234 = AXIS2_PLACEMENT_3D ( 'NONE', #4275, #9799, #5052 ) ;
#3235 =( NAMED_UNIT ( * ) SI_UNIT ( $, .STERADIAN. ) SOLID_ANGLE_UNIT ( ) );
#3236 = DIRECTION ( 'NONE',  ( 1.000000000000000000, 0.0000000000000000000, 0.0000000000000000000 ) ) ;
#3237 = ORIENTED_EDGE ( 'NONE', *, *, #1342, .F. ) ;
#3238 = AXIS2_PLACEMENT_3D ( 'NONE', #33, #5349, #795 ) ;
#3239 = CIRCLE ( 'NONE', #3131, 4.849999999999998800 ) ;
#3240 = FILL_AREA_STYLE_COLOUR ( '', #4728 ) ;
#3241 = ADVANCED_FACE ( 'NONE', ( #6377 ), #4620, .F. ) ;
#3242 = CARTESIAN_POINT ( 'NONE',  ( 5.044461006962992000, 30.72401862721051600, -12.07787342305599900 ) ) ;
#3243 = CARTESIAN_POINT ( 'NONE',  ( -3.270411555221328200, 30.52414898920922700, -9.917411740004920900 ) ) ;
#3244 = ORIENTED_EDGE ( 'NONE', *, *, #1073, .T. ) ;
#3245 = CARTESIAN_POINT ( 'NONE',  ( 0.9999953779657178000, 24.66229349947143800, -12.26500000000000200 ) ) ;
#3246 = FILL_AREA_STYLE ('',( #2475 ) ) ;
#3247 =( NAMED_UNIT ( * ) PLANE_ANGLE_UNIT ( ) SI_UNIT ( $, .RADIAN. ) );
#3248 = CARTESIAN_POINT ( 'NONE',  ( 6.047762621920675500, 29.98269541862360300, -12.03108232652169300 ) ) ;
#3249 = CIRCLE ( 'NONE', #367, 0.1999999999999970400 ) ;
#3250 = SURFACE_STYLE_FILL_AREA ( #1638 ) ;
#3251 = PRESENTATION_STYLE_ASSIGNMENT (( #6882 ) ) ;
#3252 = MECHANICAL_DESIGN_GEOMETRIC_PRESENTATION_REPRESENTATION (  '', ( #1709 ), #3748 ) ;
#3253 = EDGE_LOOP ( 'NONE', ( #9620, #7862, #3881, #621 ) ) ;
#3254 = AXIS2_PLACEMENT_3D ( 'NONE', #4297, #7549, #6942 ) ;
#3255 = CARTESIAN_POINT ( 'NONE',  ( 0.5000000005306113300, 26.86229349947144100, -12.94000000000000000 ) ) ;
#3256 = CARTESIAN_POINT ( 'NONE',  ( -0.9499999994725048000, 20.66229349947143800, -12.44000000000000100 ) ) ;
#3257 = FILL_AREA_STYLE ('',( #3185 ) ) ;
#3258 = ORIENTED_EDGE ( 'NONE', *, *, #1474, .T. ) ;
#3259 = CARTESIAN_POINT ( 'NONE',  ( 5.000000000527495400, 21.76229614966530700, -12.44000000000000100 ) ) ;
#3260 = ORIENTED_EDGE ( 'NONE', *, *, #7109, .F. ) ;
#3261 = FILL_AREA_STYLE ('',( #1714 ) ) ;
#3262 = VERTEX_POINT ( 'NONE', #106 ) ;
#3263 = SURFACE_STYLE_USAGE ( .BOTH. , #7969 ) ;
#3264 = CARTESIAN_POINT ( 'NONE',  ( -3.869559329565522600, 29.97688038519961000, -12.15689802343872100 ) ) ;
#3265 = CARTESIAN_POINT ( 'NONE',  ( 6.403171916198715500, 27.23204465226783500, -12.49000000000000200 ) ) ;
#3266 = VERTEX_POINT ( 'NONE', #4152 ) ;
#3267 = ORIENTED_EDGE ( 'NONE', *, *, #7762, .F. ) ;
#3268 = CARTESIAN_POINT ( 'NONE',  ( 6.384846271611924500, 29.48033060383690100, -12.13939596515236600 ) ) ;
#3269 =( GEOMETRIC_REPRESENTATION_CONTEXT ( 3 ) GLOBAL_UNCERTAINTY_ASSIGNED_CONTEXT ( ( #8961 ) ) GLOBAL_UNIT_ASSIGNED_CONTEXT ( ( #9517, #4780, #217 ) ) REPRESENTATION_CONTEXT ( 'NONE', 'WORKASPACE' ) );
#3270 = LINE ( 'NONE', #7557, #7399 ) ;
#3271 = DIRECTION ( 'NONE',  ( 0.0000000000000000000, 1.000000000000000000, 0.0000000000000000000 ) ) ;
#3272 = DIRECTION ( 'NONE',  ( 0.0000000000000000000, -0.0000000000000000000, 1.000000000000000000 ) ) ;
#3273 = EDGE_LOOP ( 'NONE', ( #9415, #1607, #3157, #9637 ) ) ;
#3274 = VERTEX_POINT ( 'NONE', #3385 ) ;
#3275 = CARTESIAN_POINT ( 'NONE',  ( -3.044739489635721200, 29.75052697001985200, -12.26500000000000200 ) ) ;
#3276 = ORIENTED_EDGE ( 'NONE', *, *, #7233, .T. ) ;
#3277 = CARTESIAN_POINT ( 'NONE',  ( 3.550000000527496500, 20.81229349947144100, -11.84000000000000200 ) ) ;
#3278 = FILL_AREA_STYLE_COLOUR ( '', #9590 ) ;
#3279 = PRESENTATION_LAYER_ASSIGNMENT (  '', '', ( #1742 ) ) ;
#3280 = CIRCLE ( 'NONE', #480, 6.500000000000000000 ) ;
#3281 = EDGE_LOOP ( 'NONE', ( #431, #194, #6700, #5822 ) ) ;
#3282 = CARTESIAN_POINT ( 'NONE',  ( -2.449999999472502600, 20.96229349947143900, -11.84000000000000200 ) ) ;
#3283 = CARTESIAN_POINT ( 'NONE',  ( 0.5000000005306113300, 22.86229349947144100, -13.14000000000000200 ) ) ;
#3284 = ORIENTED_EDGE ( 'NONE', *, *, #2123, .T. ) ;
#3285 =( LENGTH_UNIT ( ) NAMED_UNIT ( * ) SI_UNIT ( .MILLI., .METRE. ) );
#3286 = ORIENTED_EDGE ( 'NONE', *, *, #5188, .F. ) ;
#3287 = CARTESIAN_POINT ( 'NONE',  ( -4.602453961876664200, 26.71229279551774700, -12.44000000000000100 ) ) ;
#3288 = MECHANICAL_DESIGN_GEOMETRIC_PRESENTATION_REPRESENTATION (  '', ( #1750 ), #3783 ) ;
#3289 = CARTESIAN_POINT ( 'NONE',  ( 2.950000000527496400, 20.96229349947143900, -11.84000000000000200 ) ) ;
#3290 = UNCERTAINTY_MEASURE_WITH_UNIT (LENGTH_MEASURE( 1.000000000000000100E-005 ), #931, 'distance_accuracy_value', 'NONE');
#3291 = VECTOR ( 'NONE', #4868, 1000.000000000000000 ) ;
#3292 = ORIENTED_EDGE ( 'NONE', *, *, #3065, .F. ) ;
#3293 = DIRECTION ( 'NONE',  ( 0.0000000000000000000, 0.0000000000000000000, -1.000000000000000000 ) ) ;
#3294 = ADVANCED_FACE ( 'NONE', ( #1532 ), #6735, .T. ) ;
#3295 = ORIENTED_EDGE ( 'NONE', *, *, #825, .T. ) ;
#3296 = CARTESIAN_POINT ( 'NONE',  ( 5.290003821485888700, 30.52574343290808700, -9.930250654458291100 ) ) ;
#3297 = LINE ( 'NONE', #6197, #7426 ) ;
#3298 = COLOUR_RGB ( '',1.000000000000000000, 1.000000000000000000, 1.000000000000000000 ) ;
#3299 =( GEOMETRIC_REPRESENTATION_CONTEXT ( 3 ) GLOBAL_UNCERTAINTY_ASSIGNED_CONTEXT ( ( #3225 ) ) GLOBAL_UNIT_ASSIGNED_CONTEXT ( ( #6832, #2185, #7632 ) ) REPRESENTATION_CONTEXT ( 'NONE', 'WORKASPACE' ) );
#3300 = ORIENTED_EDGE ( 'NONE', *, *, #6693, .F. ) ;
#3301 = SURFACE_SIDE_STYLE ('',( #3170 ) ) ;
#3302 = EDGE_CURVE ( 'NONE', #8315, #2966, #4309, .T. ) ;
#3303 = CARTESIAN_POINT ( 'NONE',  ( 4.733596794213403000, 29.35912439536212300, -9.765000000000000600 ) ) ;
#3304 = CARTESIAN_POINT ( 'NONE',  ( 6.602453769200100600, 26.46229349947144300, -12.44000000000000100 ) ) ;
#3305 = CARTESIAN_POINT ( 'NONE',  ( -0.04999999947250471200, 20.66229349947143800, -12.54000000000000300 ) ) ;
#3306 = LINE ( 'NONE', #3797, #6450 ) ;
#3307 = DIRECTION ( 'NONE',  ( 0.0000000000000000000, 1.000000000000000000, 0.0000000000000000000 ) ) ;
#3308 =( GEOMETRIC_REPRESENTATION_CONTEXT ( 3 ) GLOBAL_UNCERTAINTY_ASSIGNED_CONTEXT ( ( #5073 ) ) GLOBAL_UNIT_ASSIGNED_CONTEXT ( ( #1500, #1469, #1392 ) ) REPRESENTATION_CONTEXT ( 'NONE', 'WORKASPACE' ) );
#3309 = DIRECTION ( 'NONE',  ( -1.000000000000000000, 0.0000000000000000000, 0.0000000000000000000 ) ) ;
#3310 = VERTEX_POINT ( 'NONE', #868 ) ;
#3311 = DIRECTION ( 'NONE',  ( 0.0000000000000000000, 0.0000000000000000000, 1.000000000000000000 ) ) ;
#3312 =( NAMED_UNIT ( * ) SI_UNIT ( $, .STERADIAN. ) SOLID_ANGLE_UNIT ( ) );
#3313 = VECTOR ( 'NONE', #837, 1000.000000000000000 ) ;
#3314 = CIRCLE ( 'NONE', #2460, 0.2000000000000005100 ) ;
#3315 = DIRECTION ( 'NONE',  ( 0.0000000000000000000, 0.0000000000000000000, -1.000000000000000000 ) ) ;
#3316 = ORIENTED_EDGE ( 'NONE', *, *, #8795, .T. ) ;
#3317 =( GEOMETRIC_REPRESENTATION_CONTEXT ( 3 ) GLOBAL_UNCERTAINTY_ASSIGNED_CONTEXT ( ( #7347 ) ) GLOBAL_UNIT_ASSIGNED_CONTEXT ( ( #1367, #5973, #9141 ) ) REPRESENTATION_CONTEXT ( 'NONE', 'WORKASPACE' ) );
#3318 = CARTESIAN_POINT ( 'NONE',  ( 1.000000000527495600, 22.86229349947144100, -13.14000000000000200 ) ) ;
#3319 = EDGE_CURVE ( 'NONE', #6895, #7959, #8845, .T. ) ;
#3320 = AXIS2_PLACEMENT_3D ( 'NONE', #6257, #1642, #7086 ) ;
#3321 = PRODUCT_DEFINITION ( 'UNKNOWN', '', #3824, #1170 ) ;
#3322 = DIRECTION ( 'NONE',  ( -1.000000000000000000, 0.0000000000000000000, 0.0000000000000000000 ) ) ;
#3323 = AXIS2_PLACEMENT_3D ( 'NONE', #4256, #9770, #5031 ) ;
#3324 = SURFACE_STYLE_USAGE ( .BOTH. , #8026 ) ;
#3325 = DIRECTION ( 'NONE',  ( 0.0000000000000000000, -0.0000000000000000000, 1.000000000000000000 ) ) ;
#3326 = LINE ( 'NONE', #4071, #7245 ) ;
#3327 = UNCERTAINTY_MEASURE_WITH_UNIT (LENGTH_MEASURE( 1.000000000000000100E-005 ), #3789, 'distance_accuracy_value', 'NONE');
#3328 = CARTESIAN_POINT ( 'NONE',  ( 7.969171844980315300, 26.98681787877019600, -12.01837943691710300 ) ) ;
#3329 = PRESENTATION_STYLE_ASSIGNMENT (( #9279 ) ) ;
#3330 = DIRECTION ( 'NONE',  ( 0.0000000000000000000, 0.0000000000000000000, -1.000000000000000000 ) ) ;
#3331 = PRESENTATION_LAYER_ASSIGNMENT (  '', '', ( #2815 ) ) ;
#3332 = COLOUR_RGB ( '',1.000000000000000000, 0.0000000000000000000, 1.000000000000000000 ) ;
#3333 = CARTESIAN_POINT ( 'NONE',  ( 3.464250606637507600, 31.63993251048109200, -11.01500000000000200 ) ) ;
#3334 = ADVANCED_FACE ( 'NONE', ( #4889 ), #1947, .T. ) ;
#3335 = ORIENTED_EDGE ( 'NONE', *, *, #7902, .F. ) ;
#3336 = CARTESIAN_POINT ( 'NONE',  ( -0.8616839190000360500, 31.65344975251079500, -9.899739201007365700 ) ) ;
#3337 = PRESENTATION_STYLE_ASSIGNMENT (( #5836 ) ) ;
#3338 =( NAMED_UNIT ( * ) PLANE_ANGLE_UNIT ( ) SI_UNIT ( $, .RADIAN. ) );
#3339 = DIRECTION ( 'NONE',  ( 0.0000000000000000000, -0.0000000000000000000, 1.000000000000000000 ) ) ;
#3340 =( NAMED_UNIT ( * ) PLANE_ANGLE_UNIT ( ) SI_UNIT ( $, .RADIAN. ) );
#3341 = CARTESIAN_POINT ( 'NONE',  ( -3.049999999472504900, 20.96229676927035300, -12.44000000000000100 ) ) ;
#3342 = ORIENTED_EDGE ( 'NONE', *, *, #6432, .F. ) ;
#3343 =( NAMED_UNIT ( * ) SI_UNIT ( $, .STERADIAN. ) SOLID_ANGLE_UNIT ( ) );
#3344 = VECTOR ( 'NONE', #9345, 1000.000000000000000 ) ;
#3345 = VERTEX_POINT ( 'NONE', #1438 ) ;
#3346 =( GEOMETRIC_REPRESENTATION_CONTEXT ( 3 ) GLOBAL_UNCERTAINTY_ASSIGNED_CONTEXT ( ( #1011 ) ) GLOBAL_UNIT_ASSIGNED_CONTEXT ( ( #2312, #7755, #3086 ) ) REPRESENTATION_CONTEXT ( 'NONE', 'WORKASPACE' ) );
#3347 = CIRCLE ( 'NONE', #7548, 0.1999999999999996500 ) ;
#3348 = ORIENTED_EDGE ( 'NONE', *, *, #8810, .T. ) ;
#3349 =( NAMED_UNIT ( * ) SI_UNIT ( $, .STERADIAN. ) SOLID_ANGLE_UNIT ( ) );
#3350 = CYLINDRICAL_SURFACE ( 'NONE', #7642, 0.2000000000000000900 ) ;
#3351 = EDGE_CURVE ( 'NONE', #4779, #7071, #5970, .T. ) ;
#3352 = FACE_OUTER_BOUND ( 'NONE', #6749, .T. ) ;
#3353 = EDGE_LOOP ( 'NONE', ( #4604, #198, #4242, #8364 ) ) ;
#3354 = EDGE_CURVE ( 'NONE', #4546, #6550, #3944, .T. ) ;
#3355 = CARTESIAN_POINT ( 'NONE',  ( -1.699814866028664100, 31.37445710039663600, -9.899739201007365700 ) ) ;
#3356 = MECHANICAL_DESIGN_GEOMETRIC_PRESENTATION_REPRESENTATION (  '', ( #1826 ), #3873 ) ;
#3357 = ORIENTED_EDGE ( 'NONE', *, *, #8886, .T. ) ;
#3358 = ORIENTED_EDGE ( 'NONE', *, *, #4128, .F. ) ;
#3359 = DIRECTION ( 'NONE',  ( 1.000000000000000000, 0.0000000000000000000, 0.0000000000000000000 ) ) ;
#3360 = CYLINDRICAL_SURFACE ( 'NONE', #3707, 0.4999999999968842100 ) ;
#3361 = CARTESIAN_POINT ( 'NONE',  ( -5.427632577895177900, 28.14447740850962300, -9.975196976199292500 ) ) ;
#3362 = SURFACE_SIDE_STYLE ('',( #14 ) ) ;
#3363 = SURFACE_STYLE_USAGE ( .BOTH. , #8077 ) ;
#3364 = EDGE_CURVE ( 'NONE', #3957, #7529, #1905, .T. ) ;
#3365 = EDGE_CURVE ( 'NONE', #2297, #7640, #8127, .T. ) ;
#3366 = SURFACE_STYLE_USAGE ( .BOTH. , #8839 ) ;
#3367 = EDGE_LOOP ( 'NONE', ( #9402, #8024, #10033, #7482 ) ) ;
#3368 = CARTESIAN_POINT ( 'NONE',  ( -1.464259850706064900, 31.63993251048109200, -11.01500000000000200 ) ) ;
#3369 =( GEOMETRIC_REPRESENTATION_CONTEXT ( 3 ) GLOBAL_UNCERTAINTY_ASSIGNED_CONTEXT ( ( #3760 ) ) GLOBAL_UNIT_ASSIGNED_CONTEXT ( ( #8793, #4092, #9581 ) ) REPRESENTATION_CONTEXT ( 'NONE', 'WORKASPACE' ) );
#3370 = PRESENTATION_STYLE_ASSIGNMENT (( #7389 ) ) ;
#3371 = PRESENTATION_LAYER_ASSIGNMENT (  '', '', ( #3885 ) ) ;
#3372 = CARTESIAN_POINT ( 'NONE',  ( 6.934873414873033300, 28.80032098515495100, -9.900056930338355000 ) ) ;
#3373 = FILL_AREA_STYLE ('',( #8815 ) ) ;
#3374 = B_SPLINE_CURVE_WITH_KNOTS ( 'NONE', 3,
 ( #4705, #3945, #5474, #914, #6278, #1667, #7115, #2442, #7910, #3213, #8672, #3983, #9473, #4742 ),
 .UNSPECIFIED., .F., .F.,
 ( 4, 2, 2, 2, 2, 2, 4 ),
 ( 4.336808689942017700E-019, 0.0001879583276142469600, 0.0002819374914213758800, 0.0003759166552285048200, 0.0004698958190356337600, 0.0005638749828427626000, 0.0007518333104570153800 ),
 .UNSPECIFIED. ) ;
#3375 = SURFACE_STYLE_FILL_AREA ( #6943 ) ;
#3376 = VERTEX_POINT ( 'NONE', #7302 ) ;
#3377 = EDGE_CURVE ( 'NONE', #6185, #8651, #3681, .T. ) ;
#3378 = CARTESIAN_POINT ( 'NONE',  ( -2.296251950704357300, 31.28760508069050100, -11.96500000000000000 ) ) ;
#3379 = ORIENTED_EDGE ( 'NONE', *, *, #8106, .T. ) ;
#3380 = ADVANCED_FACE ( 'NONE', ( #9700 ), #3401, .F. ) ;
#3381 = FACE_OUTER_BOUND ( 'NONE', #5746, .T. ) ;
#3382 = CARTESIAN_POINT ( 'NONE',  ( 6.946013163777000600, 28.72227085985024100, -9.864776643106937500 ) ) ;
#3383 = FILL_AREA_STYLE_COLOUR ( '', #5743 ) ;
#3384 = LINE ( 'NONE', #5129, #5410 ) ;
#3385 = CARTESIAN_POINT ( 'NONE',  ( 4.286439999964808400, 28.36077100000000000, -9.540000000000000900 ) ) ;
#3386 = EDGE_LOOP ( 'NONE', ( #6331, #396, #4829, #377 ) ) ;
#3387 = EDGE_LOOP ( 'NONE', ( #6158, #5541, #6426, #50 ) ) ;
#3388 = ORIENTED_EDGE ( 'NONE', *, *, #9173, .T. ) ;
#3389 = AXIS2_PLACEMENT_3D ( 'NONE', #2245, #7693, #3025 ) ;
#3390 = VERTEX_POINT ( 'NONE', #4193 ) ;
#3391 = MECHANICAL_DESIGN_GEOMETRIC_PRESENTATION_REPRESENTATION (  '', ( #2380 ), #3911 ) ;
#3392 =( NAMED_UNIT ( * ) SI_UNIT ( $, .STERADIAN. ) SOLID_ANGLE_UNIT ( ) );
#3393 = FACE_OUTER_BOUND ( 'NONE', #1931, .T. ) ;
#3394 = DIRECTION ( 'NONE',  ( 0.0000000000000000000, 0.0000000000000000000, -1.000000000000000000 ) ) ;
#3395 =( NAMED_UNIT ( * ) SI_UNIT ( $, .STERADIAN. ) SOLID_ANGLE_UNIT ( ) );
#3396 = EDGE_LOOP ( 'NONE', ( #848, #8800, #2343, #2179 ) ) ;
#3397 = ORIENTED_EDGE ( 'NONE', *, *, #1000, .T. ) ;
#3398 = CARTESIAN_POINT ( 'NONE',  ( 5.050000000527496100, 20.66229349947143800, -12.44000000000000100 ) ) ;
#3399 = CARTESIAN_POINT ( 'NONE',  ( 1.899995377965719300, 32.10809768706595700, -11.96500000000000200 ) ) ;
#3400 = LINE ( 'NONE', #3333, #3172 ) ;
#3401 = PLANE ( 'NONE',  #9871 ) ;
#3402 = ORIENTED_EDGE ( 'NONE', *, *, #1164, .F. ) ;
#3403 = CARTESIAN_POINT ( 'NONE',  ( 3.728519909478963600, 31.38128307974933400, -9.916835385223368600 ) ) ;
#3404 = VERTEX_POINT ( 'NONE', #2701 ) ;
#3405 = AXIS2_PLACEMENT_3D ( 'NONE', #4872, #300, #5646 ) ;
#3406 = CARTESIAN_POINT ( 'NONE',  ( 6.699991030787229500, 20.96229676927035300, -9.540000000000000900 ) ) ;
#3407 = CARTESIAN_POINT ( 'NONE',  ( -2.649398738472236800, 31.09983360287336400, -11.96500000000000200 ) ) ;
#3408 = EDGE_CURVE ( 'NONE', #9987, #6220, #6863, .T. ) ;
#3409 = FACE_OUTER_BOUND ( 'NONE', #1920, .T. ) ;
#3410 = EDGE_CURVE ( 'NONE', #2230, #4286, #8963, .T. ) ;
#3411 = LINE ( 'NONE', #7761, #8681 ) ;
#3412 = AXIS2_PLACEMENT_3D ( 'NONE', #1051, #6431, #1812 ) ;
#3413 = CARTESIAN_POINT ( 'NONE',  ( -6.258764761715996300, 26.10118238836032500, -12.26500000000000200 ) ) ;
#3414 = FACE_OUTER_BOUND ( 'NONE', #9736, .T. ) ;
#3415 = STYLED_ITEM ( 'NONE', ( #6710 ), #8512 ) ;
#3416 = DIRECTION ( 'NONE',  ( 0.0000000000000000000, -1.000000000000000000, 0.0000000000000000000 ) ) ;
#3417 = EDGE_CURVE ( 'NONE', #5215, #6629, #4770, .T. ) ;
#3418 = ORIENTED_EDGE ( 'NONE', *, *, #3479, .T. ) ;
#3419 = DIRECTION ( 'NONE',  ( 1.000000000000000000, 0.0000000000000000000, 0.0000000000000000000 ) ) ;
#3420 = ORIENTED_EDGE ( 'NONE', *, *, #1655, .F. ) ;
#3421 = PRESENTATION_LAYER_ASSIGNMENT (  '', '', ( #2917 ) ) ;
#3422 = ADVANCED_FACE ( 'NONE', ( #6598 ), #7735, .T. ) ;
#3423 =( NAMED_UNIT ( * ) PLANE_ANGLE_UNIT ( ) SI_UNIT ( $, .RADIAN. ) );
#3424 = MECHANICAL_DESIGN_GEOMETRIC_PRESENTATION_REPRESENTATION (  '', ( #1358 ), #3951 ) ;
#3425 = SURFACE_SIDE_STYLE ('',( #4905 ) ) ;
#3426 = EDGE_LOOP ( 'NONE', ( #7556, #7588, #7628, #7655 ) ) ;
#3427 = PRESENTATION_STYLE_ASSIGNMENT (( #4602 ) ) ;
#3428 = ORIENTED_EDGE ( 'NONE', *, *, #2082, .F. ) ;
#3429 = DIRECTION ( 'NONE',  ( 0.0000000000000000000, 0.0000000000000000000, -1.000000000000000000 ) ) ;
#3430 = ORIENTED_EDGE ( 'NONE', *, *, #5739, .F. ) ;
#3431 =( NAMED_UNIT ( * ) PLANE_ANGLE_UNIT ( ) SI_UNIT ( $, .RADIAN. ) );
#3432 =( GEOMETRIC_REPRESENTATION_CONTEXT ( 3 ) GLOBAL_UNCERTAINTY_ASSIGNED_CONTEXT ( ( #1589 ) ) GLOBAL_UNIT_ASSIGNED_CONTEXT ( ( #1036, #1763, #4042 ) ) REPRESENTATION_CONTEXT ( 'NONE', 'WORKASPACE' ) );
#3433 = EDGE_CURVE ( 'NONE', #7448, #3597, #1785, .T. ) ;
#3434 = CARTESIAN_POINT ( 'NONE',  ( -1.651927448669509700, 31.57078865555072900, -9.765000000000000600 ) ) ;
#3435 = UNCERTAINTY_MEASURE_WITH_UNIT (LENGTH_MEASURE( 1.000000000000000100E-005 ), #9725, 'distance_accuracy_value', 'NONE');
#3436 = COLOUR_RGB ( '',1.000000000000000000, 0.0000000000000000000, 1.000000000000000000 ) ;
#3437 = CARTESIAN_POINT ( 'NONE',  ( 5.300000000527495200, 20.96229614966531000, -12.44000000000000100 ) ) ;
#3438 = STYLED_ITEM ( 'NONE', ( #2128 ), #6575 ) ;
#3439 =( GEOMETRIC_REPRESENTATION_CONTEXT ( 3 ) GLOBAL_UNCERTAINTY_ASSIGNED_CONTEXT ( ( #4217 ) ) GLOBAL_UNIT_ASSIGNED_CONTEXT ( ( #5291, #740, #6109 ) ) REPRESENTATION_CONTEXT ( 'NONE', 'WORKASPACE' ) );
#3440 = DIRECTION ( 'NONE',  ( 0.0000000000000000000, -0.0000000000000000000, 1.000000000000000000 ) ) ;
#3441 = CARTESIAN_POINT ( 'NONE',  ( -1.549999999472504700, 20.96229349947143900, -11.99000000000000200 ) ) ;
#3442 = PRESENTATION_STYLE_ASSIGNMENT (( #2606 ) ) ;
#3443 =( GEOMETRIC_REPRESENTATION_CONTEXT ( 3 ) GLOBAL_UNCERTAINTY_ASSIGNED_CONTEXT ( ( #9593 ) ) GLOBAL_UNIT_ASSIGNED_CONTEXT ( ( #7877, #3182, #8644 ) ) REPRESENTATION_CONTEXT ( 'NONE', 'WORKASPACE' ) );
#3444 = SURFACE_STYLE_FILL_AREA ( #1124 ) ;
#3445 = CARTESIAN_POINT ( 'NONE',  ( 5.050000000527496100, 20.66229349947143800, -12.54000000000000300 ) ) ;
#3446 = VECTOR ( 'NONE', #2457, 1000.000000000000100 ) ;
#3447 = AXIS2_PLACEMENT_3D ( 'NONE', #8890, #8850, #7337 ) ;
#3448 = CARTESIAN_POINT ( 'NONE',  ( -2.513759998929610000, 28.36077100000000000, -9.540000000000000900 ) ) ;
#3449 = FACE_OUTER_BOUND ( 'NONE', #6344, .T. ) ;
#3450 = VECTOR ( 'NONE', #5443, 1000.000000000000000 ) ;
#3451 = CARTESIAN_POINT ( 'NONE',  ( 1.450000000527496400, 20.96229349947143900, -11.84000000000000200 ) ) ;
#3452 = ORIENTED_EDGE ( 'NONE', *, *, #2842, .T. ) ;
#3453 =( NAMED_UNIT ( * ) PLANE_ANGLE_UNIT ( ) SI_UNIT ( $, .RADIAN. ) );
#3454 = EDGE_LOOP ( 'NONE', ( #4999, #5659, #9712, #5638 ) ) ;
#3455 = EDGE_LOOP ( 'NONE', ( #9789, #6676, #4851, #2065, #6229, #3918, #6540, #2189, #871 ) ) ;
#3456 =( NAMED_UNIT ( * ) PLANE_ANGLE_UNIT ( ) SI_UNIT ( $, .RADIAN. ) );
#3457 = CARTESIAN_POINT ( 'NONE',  ( 3.550000000527496500, 20.96229349947143900, -11.99000000000000200 ) ) ;
#3458 = CARTESIAN_POINT ( 'NONE',  ( 1.923995377965719300, 32.30665246540180400, -10.26500000000000200 ) ) ;
#3459 =( NAMED_UNIT ( * ) PLANE_ANGLE_UNIT ( ) SI_UNIT ( $, .RADIAN. ) );
#3460 = SURFACE_STYLE_FILL_AREA ( #6838 ) ;
#3461 = ADVANCED_FACE ( 'NONE', ( #5844 ), #828, .F. ) ;
#3462 = PRESENTATION_LAYER_ASSIGNMENT (  '', '', ( #1939 ) ) ;
#3463 = SURFACE_STYLE_FILL_AREA ( #3246 ) ;
#3464 = ORIENTED_EDGE ( 'NONE', *, *, #8350, .T. ) ;
#3465 = ORIENTED_EDGE ( 'NONE', *, *, #6974, .T. ) ;
#3466 = EDGE_CURVE ( 'NONE', #1251, #7175, #4881, .T. ) ;
#3467 = DIRECTION ( 'NONE',  ( 1.000000000000000000, -5.782411586589358800E-015, 0.0000000000000000000 ) ) ;
#3468 =( GEOMETRIC_REPRESENTATION_CONTEXT ( 3 ) GLOBAL_UNCERTAINTY_ASSIGNED_CONTEXT ( ( #490 ) ) GLOBAL_UNIT_ASSIGNED_CONTEXT ( ( #6349, #5796, #5734 ) ) REPRESENTATION_CONTEXT ( 'NONE', 'WORKASPACE' ) );
#3469 = CARTESIAN_POINT ( 'NONE',  ( 4.450000000527496400, 20.66229349947143800, -11.84000000000000200 ) ) ;
#3470 = CYLINDRICAL_SURFACE ( 'NONE', #7357, 7.400000000000000400 ) ;
#3471 = PRESENTATION_STYLE_ASSIGNMENT (( #5529 ) ) ;
#3472 = FILL_AREA_STYLE ('',( #5766 ) ) ;
#3473 = CARTESIAN_POINT ( 'NONE',  ( 6.899985530787216900, 25.61229242923305800, -12.49000000000000200 ) ) ;
#3474 = EDGE_LOOP ( 'NONE', ( #7199, #7030, #3284, #2408 ) ) ;
#3475 = COLOUR_RGB ( '',1.000000000000000000, 0.0000000000000000000, 1.000000000000000000 ) ;
#3476 = ORIENTED_EDGE ( 'NONE', *, *, #2526, .T. ) ;
#3477 = SURFACE_SIDE_STYLE ('',( #7062 ) ) ;
#3478 = AXIS2_PLACEMENT_3D ( 'NONE', #9123, #8329, #210 ) ;
#3479 = EDGE_CURVE ( 'NONE', #7065, #7953, #8172, .T. ) ;
#3480 = DIRECTION ( 'NONE',  ( 0.0000000000000000000, -1.000000000000000000, 0.0000000000000000000 ) ) ;
#3481 = AXIS2_PLACEMENT_3D ( 'NONE', #1527, #6969, #8626 ) ;
#3482 = ORIENTED_EDGE ( 'NONE', *, *, #129, .F. ) ;
#3483 =( GEOMETRIC_REPRESENTATION_CONTEXT ( 3 ) GLOBAL_UNCERTAINTY_ASSIGNED_CONTEXT ( ( #5906 ) ) GLOBAL_UNIT_ASSIGNED_CONTEXT ( ( #1472, #6901, #2254 ) ) REPRESENTATION_CONTEXT ( 'NONE', 'WORKASPACE' ) );
#3484 = UNCERTAINTY_MEASURE_WITH_UNIT (LENGTH_MEASURE( 1.000000000000000100E-005 ), #2819, 'distance_accuracy_value', 'NONE');
#3485 = DIRECTION ( 'NONE',  ( 1.251002506714041100E-016, 1.000000000000000000, 0.0000000000000000000 ) ) ;
#3486 = ORIENTED_EDGE ( 'NONE', *, *, #3543, .F. ) ;
#3487 = PRESENTATION_LAYER_ASSIGNMENT (  '', '', ( #2492 ) ) ;
#3488 = ORIENTED_EDGE ( 'NONE', *, *, #9835, .T. ) ;
#3489 = UNCERTAINTY_MEASURE_WITH_UNIT (LENGTH_MEASURE( 1.000000000000000100E-005 ), #7382, 'distance_accuracy_value', 'NONE');
#3490 = STYLED_ITEM ( 'NONE', ( #4657 ), #3941 ) ;
#3491 = FILL_AREA_STYLE_COLOUR ( '', #9646 ) ;
#3492 =( NAMED_UNIT ( * ) SI_UNIT ( $, .STERADIAN. ) SOLID_ANGLE_UNIT ( ) );
#3493 =( NAMED_UNIT ( * ) SI_UNIT ( $, .STERADIAN. ) SOLID_ANGLE_UNIT ( ) );
#3494 = PRESENTATION_STYLE_ASSIGNMENT (( #1357 ) ) ;
#3495 = LINE ( 'NONE', #10052, #9528 ) ;
#3496 = ORIENTED_EDGE ( 'NONE', *, *, #1060, .T. ) ;
#3497 = EDGE_CURVE ( 'NONE', #7081, #7888, #9070, .T. ) ;
#3498 = ORIENTED_EDGE ( 'NONE', *, *, #5783, .F. ) ;
#3499 = ORIENTED_EDGE ( 'NONE', *, *, #8276, .F. ) ;
#3500 = FILL_AREA_STYLE_COLOUR ( '', #576 ) ;
#3501 = FACE_OUTER_BOUND ( 'NONE', #975, .T. ) ;
#3502 = AXIS2_PLACEMENT_3D ( 'NONE', #1512, #6954, #2300 ) ;
#3503 = UNCERTAINTY_MEASURE_WITH_UNIT (LENGTH_MEASURE( 1.000000000000000100E-005 ), #5470, 'distance_accuracy_value', 'NONE');
#3504 = LINE ( 'NONE', #8803, #3291 ) ;
#3505 = ORIENTED_EDGE ( 'NONE', *, *, #9830, .F. ) ;
#3506 = SURFACE_STYLE_USAGE ( .BOTH. , #8212 ) ;
#3507 = VERTEX_POINT ( 'NONE', #6774 ) ;
#3508 = CARTESIAN_POINT ( 'NONE',  ( -6.019588088641595100, 27.00439681814319600, -11.01500000000000200 ) ) ;
#3509 = ADVANCED_FACE ( 'NONE', ( #2851 ), #9928, .F. ) ;
#3510 = FILL_AREA_STYLE ('',( #441 ) ) ;
#3511 = DIRECTION ( 'NONE',  ( 1.000000000000000000, -0.0000000000000000000, 0.0000000000000000000 ) ) ;
#3512 = EDGE_CURVE ( 'NONE', #6425, #8658, #5964, .T. ) ;
#3513 = CARTESIAN_POINT ( 'NONE',  ( -4.156593800972183700, 27.48436740471909100, -9.540000000000000900 ) ) ;
#3514 = DIRECTION ( 'NONE',  ( -1.000000000000000000, 0.0000000000000000000, 0.0000000000000000000 ) ) ;
#3515 = PRESENTATION_STYLE_ASSIGNMENT (( #1952 ) ) ;
#3516 = SURFACE_STYLE_USAGE ( .BOTH. , #8230 ) ;
#3517 = CIRCLE ( 'NONE', #4284, 7.399999999999999500 ) ;
#3518 = MECHANICAL_DESIGN_GEOMETRIC_PRESENTATION_REPRESENTATION (  '', ( #1471 ), #4062 ) ;
#3519 = VERTEX_POINT ( 'NONE', #3089 ) ;
#3520 = CARTESIAN_POINT ( 'NONE',  ( -0.9499999994725048000, 20.66229349947143800, -12.54000000000000300 ) ) ;
#3521 = SURFACE_STYLE_FILL_AREA ( #7104 ) ;
#3522 = ORIENTED_EDGE ( 'NONE', *, *, #4355, .T. ) ;
#3523 = EDGE_CURVE ( 'NONE', #1319, #1843, #5809, .T. ) ;
#3524 = SURFACE_STYLE_FILL_AREA ( #9442 ) ;
#3525 = EDGE_CURVE ( 'NONE', #1647, #5985, #1897, .T. ) ;
#3526 = AXIS2_PLACEMENT_3D ( 'NONE', #3731, #6060, #10030 ) ;
#3527 = SURFACE_STYLE_USAGE ( .BOTH. , #8238 ) ;
#3528 = ORIENTED_EDGE ( 'NONE', *, *, #5458, .F. ) ;
#3529 = VECTOR ( 'NONE', #6899, 1000.000000000000000 ) ;
#3530 = ORIENTED_EDGE ( 'NONE', *, *, #1643, .F. ) ;
#3531 = VECTOR ( 'NONE', #5054, 1000.000000000000000 ) ;
#3532 = CARTESIAN_POINT ( 'NONE',  ( -1.524138787349661200, 31.41423405699599100, -12.15672070988589600 ) ) ;
#3533 = EDGE_CURVE ( 'NONE', #8270, #8733, #7882, .T. ) ;
#3534 = VECTOR ( 'NONE', #4353, 1000.000000000000100 ) ;
#3535 = PRESENTATION_STYLE_ASSIGNMENT (( #6043 ) ) ;
#3536 = AXIS2_PLACEMENT_3D ( 'NONE', #4229, #4003, #6857 ) ;
#3537 = CARTESIAN_POINT ( 'NONE',  ( 6.699991030787229500, 20.96229676927035300, -12.49000000000000200 ) ) ;
#3538 = DIRECTION ( 'NONE',  ( 1.000000000000000000, 0.0000000000000000000, 0.0000000000000000000 ) ) ;
#3539 =( LENGTH_UNIT ( ) NAMED_UNIT ( * ) SI_UNIT ( .MILLI., .METRE. ) );
#3540 = LINE ( 'NONE', #1470, #7463 ) ;
#3541 =( NAMED_UNIT ( * ) SI_UNIT ( $, .STERADIAN. ) SOLID_ANGLE_UNIT ( ) );
#3542 = FILL_AREA_STYLE ('',( #2800 ) ) ;
#3543 = EDGE_CURVE ( 'NONE', #9121, #5062, #9238, .T. ) ;
#3544 = CARTESIAN_POINT ( 'NONE',  ( 0.09999537796571880700, 24.66229349947143800, -11.76500000000000100 ) ) ;
#3545 = ORIENTED_EDGE ( 'NONE', *, *, #7194, .F. ) ;
#3546 = B_SPLINE_CURVE_WITH_KNOTS ( 'NONE', 3,
 ( #6032, #6884, #7690, #3019 ),
 .UNSPECIFIED., .F., .F.,
 ( 4, 4 ),
 ( 0.0006210199951502707800, 0.0007518333104570087700 ),
 .UNSPECIFIED. ) ;
#3547 = PRESENTATION_STYLE_ASSIGNMENT (( #8369 ) ) ;
#3548 = CARTESIAN_POINT ( 'NONE',  ( -4.900005943002420300, 21.16229299947141800, -9.540000000000000900 ) ) ;
#3549 = SURFACE_SIDE_STYLE ('',( #2720 ) ) ;
#3550 = SURFACE_SIDE_STYLE ('',( #1186 ) ) ;
#3551 = LINE ( 'NONE', #9754, #5345 ) ;
#3552 = ADVANCED_FACE ( 'NONE', ( #4635 ), #9902, .F. ) ;
#3553 = PRODUCT_DEFINITION_SHAPE ( 'NONE', 'NONE',  #3321 ) ;
#3554 = ORIENTED_EDGE ( 'NONE', *, *, #5131, .T. ) ;
#3555 =( GEOMETRIC_REPRESENTATION_CONTEXT ( 3 ) GLOBAL_UNCERTAINTY_ASSIGNED_CONTEXT ( ( #3484 ) ) GLOBAL_UNIT_ASSIGNED_CONTEXT ( ( #2819, #8275, #3565 ) ) REPRESENTATION_CONTEXT ( 'NONE', 'WORKASPACE' ) );
#3556 = CARTESIAN_POINT ( 'NONE',  ( 5.050000000527496100, 20.66229349947143800, -12.54000000000000300 ) ) ;
#3557 = COLOUR_RGB ( '',1.000000000000000000, 0.0000000000000000000, 1.000000000000000000 ) ;
#3558 = AXIS2_PLACEMENT_3D ( 'NONE', #1084, #1854, #2820 ) ;
#3559 = DIRECTION ( 'NONE',  ( -1.000000000000000000, 0.0000000000000000000, 0.0000000000000000000 ) ) ;
#3560 = SURFACE_STYLE_FILL_AREA ( #241 ) ;
#3561 = COLOUR_RGB ( '',1.000000000000000000, 0.0000000000000000000, 1.000000000000000000 ) ;
#3562 = CARTESIAN_POINT ( 'NONE',  ( 7.953720771781445500, 27.19324256008136900, -9.765000000000000600 ) ) ;
#3563 = ORIENTED_EDGE ( 'NONE', *, *, #4401, .F. ) ;
#3564 = ORIENTED_EDGE ( 'NONE', *, *, #4727, .F. ) ;
#3565 =( NAMED_UNIT ( * ) SI_UNIT ( $, .STERADIAN. ) SOLID_ANGLE_UNIT ( ) );
#3566 = FACE_OUTER_BOUND ( 'NONE', #1552, .T. ) ;
#3567 = VECTOR ( 'NONE', #3846, 1000.000000000000000 ) ;
#3568 = FACE_OUTER_BOUND ( 'NONE', #3367, .T. ) ;
#3569 = DIRECTION ( 'NONE',  ( 1.000000000000000000, 0.0000000000000000000, 0.0000000000000000000 ) ) ;
#3570 = ORIENTED_EDGE ( 'NONE', *, *, #5046, .T. ) ;
#3571 = EDGE_LOOP ( 'NONE', ( #3545, #6920, #1236, #7226 ) ) ;
#3572 =( GEOMETRIC_REPRESENTATION_CONTEXT ( 3 ) GLOBAL_UNCERTAINTY_ASSIGNED_CONTEXT ( ( #4220 ) ) GLOBAL_UNIT_ASSIGNED_CONTEXT ( ( #5398, #841, #6212 ) ) REPRESENTATION_CONTEXT ( 'NONE', 'WORKASPACE' ) );
#3573 = CARTESIAN_POINT ( 'NONE',  ( 4.562586722550570100, 29.82897070575507600, -12.26500000000000200 ) ) ;
#3574 = COLOUR_RGB ( '',1.000000000000000000, 0.0000000000000000000, 1.000000000000000000 ) ;
#3575 = ORIENTED_EDGE ( 'NONE', *, *, #4121, .F. ) ;
#3576 = DIRECTION ( 'NONE',  ( 0.0000000000000000000, 1.000000000000000000, 0.0000000000000000000 ) ) ;
#3577 = CYLINDRICAL_SURFACE ( 'NONE', #2627, 7.400000000000000400 ) ;
#3578 = EDGE_CURVE ( 'NONE', #9775, #5985, #4247, .T. ) ;
#3579 = FILL_AREA_STYLE ('',( #7454 ) ) ;
#3580 = SURFACE_STYLE_USAGE ( .BOTH. , #8297 ) ;
#3581 = CARTESIAN_POINT ( 'NONE',  ( 6.934873414873033300, 28.80032098515495100, -9.900056930338355000 ) ) ;
#3582 = CARTESIAN_POINT ( 'NONE',  ( -6.060559246034142000, 25.86229349947143800, -12.20319635261659700 ) ) ;
#3583 = COLOUR_RGB ( '',1.000000000000000000, 0.0000000000000000000, 1.000000000000000000 ) ;
#3584 =( NAMED_UNIT ( * ) PLANE_ANGLE_UNIT ( ) SI_UNIT ( $, .RADIAN. ) );
#3585 = ORIENTED_EDGE ( 'NONE', *, *, #4970, .F. ) ;
#3586 = ORIENTED_EDGE ( 'NONE', *, *, #6272, .T. ) ;
#3587 = VECTOR ( 'NONE', #9565, 1000.000000000000000 ) ;
#3588 =( GEOMETRIC_REPRESENTATION_CONTEXT ( 3 ) GLOBAL_UNCERTAINTY_ASSIGNED_CONTEXT ( ( #7942 ) ) GLOBAL_UNIT_ASSIGNED_CONTEXT ( ( #5753, #1159, #6559 ) ) REPRESENTATION_CONTEXT ( 'NONE', 'WORKASPACE' ) );
#3589 = EDGE_CURVE ( 'NONE', #6715, #8442, #8232, .T. ) ;
#3590 = DIRECTION ( 'NONE',  ( -1.000000000000000000, 0.0000000000000000000, 0.0000000000000000000 ) ) ;
#3591 = PRESENTATION_STYLE_ASSIGNMENT (( #7737 ) ) ;
#3592 = DIRECTION ( 'NONE',  ( 0.8643270225166237400, -0.5029302120051526400, 0.0000000000000000000 ) ) ;
#3593 = SURFACE_STYLE_FILL_AREA ( #9494 ) ;
#3594 = FILL_AREA_STYLE ('',( #1284 ) ) ;
#3595 = ORIENTED_EDGE ( 'NONE', *, *, #4013, .F. ) ;
#3596 = ORIENTED_EDGE ( 'NONE', *, *, #7597, .T. ) ;
#3597 = VERTEX_POINT ( 'NONE', #8187 ) ;
#3598 = SURFACE_SIDE_STYLE ('',( #4425 ) ) ;
#3599 = LINE ( 'NONE', #3733, #5660 ) ;
#3600 =( GEOMETRIC_REPRESENTATION_CONTEXT ( 3 ) GLOBAL_UNCERTAINTY_ASSIGNED_CONTEXT ( ( #10037 ) ) GLOBAL_UNIT_ASSIGNED_CONTEXT ( ( #6384, #1769, #7217 ) ) REPRESENTATION_CONTEXT ( 'NONE', 'WORKASPACE' ) );
#3601 = EDGE_CURVE ( 'NONE', #1840, #7170, #268, .T. ) ;
#3602 = ORIENTED_EDGE ( 'NONE', *, *, #4940, .T. ) ;
#3603 = CARTESIAN_POINT ( 'NONE',  ( 7.478537980226985100, 27.85472897557375300, -9.887359676690586200 ) ) ;
#3604 = PRESENTATION_STYLE_ASSIGNMENT (( #6796 ) ) ;
#3605 = ADVANCED_FACE ( 'NONE', ( #6405 ), #3360, .T. ) ;
#3606 = ORIENTED_EDGE ( 'NONE', *, *, #8851, .F. ) ;
#3607 = CARTESIAN_POINT ( 'NONE',  ( 5.300000000527495200, 20.96229614966531000, -12.44000000000000100 ) ) ;
#3608 = UNCERTAINTY_MEASURE_WITH_UNIT (LENGTH_MEASURE( 1.000000000000000100E-005 ), #9812, 'distance_accuracy_value', 'NONE');
#3609 =( NAMED_UNIT ( * ) SI_UNIT ( $, .STERADIAN. ) SOLID_ANGLE_UNIT ( ) );
#3610 = VERTEX_POINT ( 'NONE', #7374 ) ;
#3611 = FILL_AREA_STYLE_COLOUR ( '', #9694 ) ;
#3612 = CARTESIAN_POINT ( 'NONE',  ( -1.837657922581358100, 31.49659841993660000, -11.96500000000000200 ) ) ;
#3613 = AXIS2_PLACEMENT_3D ( 'NONE', #1097, #1128, #1017 ) ;
#3614 = UNCERTAINTY_MEASURE_WITH_UNIT (LENGTH_MEASURE( 1.000000000000000100E-005 ), #5281, 'distance_accuracy_value', 'NONE');
#3615 = EDGE_CURVE ( 'NONE', #2790, #7065, #9794, .T. ) ;
#3616 = VECTOR ( 'NONE', #3467, 1000.000000000000000 ) ;
#3617 =( LENGTH_UNIT ( ) NAMED_UNIT ( * ) SI_UNIT ( .MILLI., .METRE. ) );
#3618 = SURFACE_SIDE_STYLE ('',( #4342 ) ) ;
#3619 = ORIENTED_EDGE ( 'NONE', *, *, #8795, .F. ) ;
#3620 =( NAMED_UNIT ( * ) PLANE_ANGLE_UNIT ( ) SI_UNIT ( $, .RADIAN. ) );
#3621 = DIRECTION ( 'NONE',  ( 0.0000000000000000000, -0.0000000000000000000, 1.000000000000000000 ) ) ;
#3622 = FACE_OUTER_BOUND ( 'NONE', #7784, .T. ) ;
#3623 = B_SPLINE_CURVE_WITH_KNOTS ( 'NONE', 3,
 ( #2054, #3582, #9073, #4341, #9863, #5107, #551 ),
 .UNSPECIFIED., .F., .F.,
 ( 4, 3, 4 ),
 ( 0.001826677204715591300, 0.001835198838138836700, 0.001917555798183926300 ),
 .UNSPECIFIED. ) ;
#3624 = AXIS2_PLACEMENT_3D ( 'NONE', #5963, #7542, #4417 ) ;
#3625 = PRESENTATION_LAYER_ASSIGNMENT (  '', '', ( #2619 ) ) ;
#3626 =( NAMED_UNIT ( * ) PLANE_ANGLE_UNIT ( ) SI_UNIT ( $, .RADIAN. ) );
#3627 = DIRECTION ( 'NONE',  ( -1.000000000000000000, 0.0000000000000000000, 0.0000000000000000000 ) ) ;
#3628 =( GEOMETRIC_REPRESENTATION_CONTEXT ( 3 ) GLOBAL_UNCERTAINTY_ASSIGNED_CONTEXT ( ( #9834 ) ) GLOBAL_UNIT_ASSIGNED_CONTEXT ( ( #2827, #2795, #2758 ) ) REPRESENTATION_CONTEXT ( 'NONE', 'WORKASPACE' ) );
#3629 = ORIENTED_EDGE ( 'NONE', *, *, #6609, .T. ) ;
#3630 = ORIENTED_EDGE ( 'NONE', *, *, #5942, .F. ) ;
#3631 = PRESENTATION_STYLE_ASSIGNMENT (( #4030 ) ) ;
#3632 = DIRECTION ( 'NONE',  ( -1.000000000000000000, 0.0000000000000000000, 0.0000000000000000000 ) ) ;
#3633 = DIRECTION ( 'NONE',  ( 0.0000000000000000000, 0.0000000000000000000, 1.000000000000000000 ) ) ;
#3634 = ORIENTED_EDGE ( 'NONE', *, *, #2775, .T. ) ;
#3635 =( GEOMETRIC_REPRESENTATION_CONTEXT ( 3 ) GLOBAL_UNCERTAINTY_ASSIGNED_CONTEXT ( ( #4855 ) ) GLOBAL_UNIT_ASSIGNED_CONTEXT ( ( #3050, #8499, #3805 ) ) REPRESENTATION_CONTEXT ( 'NONE', 'WORKASPACE' ) );
#3636 = CARTESIAN_POINT ( 'NONE',  ( -4.403171915143723000, 27.23204465226782400, -12.49000000000000200 ) ) ;
#3637 = FILL_AREA_STYLE ('',( #5157 ) ) ;
#3638 = DIRECTION ( 'NONE',  ( -8.340016711426962700E-017, -1.000000000000000000, 0.0000000000000000000 ) ) ;
#3639 = CARTESIAN_POINT ( 'NONE',  ( 4.513760000000032400, 28.36077100000000000, -12.49000000000000200 ) ) ;
#3640 = FACE_OUTER_BOUND ( 'NONE', #2175, .T. ) ;
#3641 = AXIS2_PLACEMENT_3D ( 'NONE', #820, #3958, #7128 ) ;
#3642 = VECTOR ( 'NONE', #292, 1000.000000000000000 ) ;
#3643 = CARTESIAN_POINT ( 'NONE',  ( 8.258755517647431400, 26.10118238836032800, -10.06500000000000100 ) ) ;
#3644 = LINE ( 'NONE', #7951, #7843 ) ;
#3645 = CARTESIAN_POINT ( 'NONE',  ( -2.916127522693602100, 28.17313568983686500, -9.540000000000000900 ) ) ;
#3646 = ORIENTED_EDGE ( 'NONE', *, *, #5490, .T. ) ;
#3647 = PLANE ( 'NONE',  #5145 ) ;
#3648 = PLANE ( 'NONE',  #7555 ) ;
#3649 = LINE ( 'NONE', #3283, #8934 ) ;
#3650 = ORIENTED_EDGE ( 'NONE', *, *, #9890, .F. ) ;
#3651 = DIRECTION ( 'NONE',  ( 1.000000000000000000, 0.0000000000000000000, 0.0000000000000000000 ) ) ;
#3652 = SURFACE_SIDE_STYLE ('',( #9168 ) ) ;
#3653 = AXIS2_PLACEMENT_3D ( 'NONE', #4812, #246, #5586 ) ;
#3654 = COLOUR_RGB ( '',1.000000000000000000, 1.000000000000000000, 1.000000000000000000 ) ;
#3655 = ORIENTED_EDGE ( 'NONE', *, *, #2530, .T. ) ;
#3656 =( NAMED_UNIT ( * ) PLANE_ANGLE_UNIT ( ) SI_UNIT ( $, .RADIAN. ) );
#3657 = PRESENTATION_STYLE_ASSIGNMENT (( #8483 ) ) ;
#3658 = EDGE_CURVE ( 'NONE', #2865, #6805, #5373, .T. ) ;
#3659 = FACE_OUTER_BOUND ( 'NONE', #9221, .T. ) ;
#3660 = ADVANCED_FACE ( 'NONE', ( #9374 ), #520, .F. ) ;
#3661 = EDGE_LOOP ( 'NONE', ( #4547, #9005, #5274 ) ) ;
#3662 = EDGE_CURVE ( 'NONE', #8684, #9640, #8628, .T. ) ;
#3663 = MECHANICAL_DESIGN_GEOMETRIC_PRESENTATION_REPRESENTATION (  '', ( #2656 ), #4177 ) ;
#3664 = CARTESIAN_POINT ( 'NONE',  ( -3.299999999472504400, 20.96229614966531000, -12.49000000000000200 ) ) ;
#3665 =( NAMED_UNIT ( * ) PLANE_ANGLE_UNIT ( ) SI_UNIT ( $, .RADIAN. ) );
#3666 = PRESENTATION_STYLE_ASSIGNMENT (( #7390 ) ) ;
#3667 = VECTOR ( 'NONE', #8558, 1000.000000000000000 ) ;
#3668 = CARTESIAN_POINT ( 'NONE',  ( 6.395947889867359800, 29.43800850772637300, -9.870680798233909300 ) ) ;
#3669 = ORIENTED_EDGE ( 'NONE', *, *, #1835, .F. ) ;
#3670 = DIRECTION ( 'NONE',  ( -1.000000000000000000, 0.0000000000000000000, 0.0000000000000000000 ) ) ;
#3671 =( NAMED_UNIT ( * ) SI_UNIT ( $, .STERADIAN. ) SOLID_ANGLE_UNIT ( ) );
#3672 = CARTESIAN_POINT ( 'NONE',  ( 1.899995377965719000, 32.10809768706595700, -10.06500000000000100 ) ) ;
#3673 = EDGE_CURVE ( 'NONE', #8454, #4793, #4673, .T. ) ;
#3674 = VECTOR ( 'NONE', #5870, 1000.000000000000000 ) ;
#3675 = EDGE_CURVE ( 'NONE', #6968, #9762, #598, .T. ) ;
#3676 = DIRECTION ( 'NONE',  ( 0.0000000000000000000, 0.0000000000000000000, -1.000000000000000000 ) ) ;
#3677 = STYLED_ITEM ( 'NONE', ( #9304 ), #1613 ) ;
#3678 = MECHANICAL_DESIGN_GEOMETRIC_PRESENTATION_REPRESENTATION (  '', ( #2670 ), #4192 ) ;
#3679 = CARTESIAN_POINT ( 'NONE',  ( 5.000000000527495400, 21.76229614966530700, -12.44000000000000100 ) ) ;
#3680 = PRESENTATION_LAYER_ASSIGNMENT (  '', '', ( #4194 ) ) ;
#3681 = LINE ( 'NONE', #4964, #7611 ) ;
#3682 = CARTESIAN_POINT ( 'NONE',  ( -0.2802103289565529000, 29.48842504496756300, -12.49000000000000200 ) ) ;
#3683 = VECTOR ( 'NONE', #2635, 1000.000000000000000 ) ;
#3684 = CIRCLE ( 'NONE', #9618, 0.4999999999999995600 ) ;
#3685 = FILL_AREA_STYLE ('',( #6581 ) ) ;
#3686 = CARTESIAN_POINT ( 'NONE',  ( -3.502453961876664100, 26.71229279551774700, -12.44000000000000100 ) ) ;
#3687 = EDGE_CURVE ( 'NONE', #2420, #6132, #2412, .T. ) ;
#3688 = CARTESIAN_POINT ( 'NONE',  ( 6.702453769200101200, 25.86229349947144100, -11.99000000000000200 ) ) ;
#3689 = B_SPLINE_CURVE_WITH_KNOTS ( 'NONE', 3,
 ( #3643, #9318, #4575, #22 ),
 .UNSPECIFIED., .F., .F.,
 ( 4, 4 ),
 ( 2.004589641777934200E-007, 3.940824851908021900E-005 ),
 .UNSPECIFIED. ) ;
#3690 = FACE_OUTER_BOUND ( 'NONE', #9366, .T. ) ;
#3691 = DIRECTION ( 'NONE',  ( 3.336006684570785100E-016, 1.000000000000000000, 0.0000000000000000000 ) ) ;
#3692 = CARTESIAN_POINT ( 'NONE',  ( 0.9999953779657178000, 24.66229349947143800, -12.26500000000000200 ) ) ;
#3693 = CARTESIAN_POINT ( 'NONE',  ( -4.852453961876661600, 25.86229349947144100, -11.84000000000000200 ) ) ;
#3694 = VECTOR ( 'NONE', #7445, 1000.000000000000000 ) ;
#3695 = CARTESIAN_POINT ( 'NONE',  ( 7.818137067683426100, 27.34532631789082300, -12.03797395382039600 ) ) ;
#3696 = VECTOR ( 'NONE', #9960, 1000.000000000000000 ) ;
#3697 = MECHANICAL_DESIGN_GEOMETRIC_PRESENTATION_REPRESENTATION (  '', ( #2688 ), #4203 ) ;
#3698 =( NAMED_UNIT ( * ) SI_UNIT ( $, .STERADIAN. ) SOLID_ANGLE_UNIT ( ) );
#3699 = LINE ( 'NONE', #2379, #7899 ) ;
#3700 = VECTOR ( 'NONE', #8091, 1000.000000000000000 ) ;
#3701 = ORIENTED_EDGE ( 'NONE', *, *, #8613, .F. ) ;
#3702 = VERTEX_POINT ( 'NONE', #1348 ) ;
#3703 = FILL_AREA_STYLE_COLOUR ( '', #6601 ) ;
#3704 = DIRECTION ( 'NONE',  ( 1.000000000000000000, -0.0000000000000000000, 0.0000000000000000000 ) ) ;
#3705 = COLOUR_RGB ( '',1.000000000000000000, 0.0000000000000000000, 1.000000000000000000 ) ;
#3706 = ORIENTED_EDGE ( 'NONE', *, *, #3003, .F. ) ;
#3707 = AXIS2_PLACEMENT_3D ( 'NONE', #6573, #5006, #6599 ) ;
#3708 =( NAMED_UNIT ( * ) SI_UNIT ( $, .STERADIAN. ) SOLID_ANGLE_UNIT ( ) );
#3709 = FILL_AREA_STYLE_COLOUR ( '', #8775 ) ;
#3710 = UNCERTAINTY_MEASURE_WITH_UNIT (LENGTH_MEASURE( 1.000000000000000100E-005 ), #904, 'distance_accuracy_value', 'NONE');
#3711 = CARTESIAN_POINT ( 'NONE',  ( 3.601531389350417300, 31.37540011371009300, -12.16547781751045100 ) ) ;
#3712 = COLOUR_RGB ( '',0.0000000000000000000, 0.0000000000000000000, 1.000000000000000000 ) ;
#3713 = DIRECTION ( 'NONE',  ( 0.0000000000000000000, 1.000000000000000000, 0.0000000000000000000 ) ) ;
#3714 = ORIENTED_EDGE ( 'NONE', *, *, #345, .T. ) ;
#3715 = FACE_OUTER_BOUND ( 'NONE', #3353, .T. ) ;
#3716 = ORIENTED_EDGE ( 'NONE', *, *, #4520, .F. ) ;
#3717 = ORIENTED_EDGE ( 'NONE', *, *, #7283, .F. ) ;
#3718 = ADVANCED_FACE ( 'NONE', ( #4183 ), #6768, .F. ) ;
#3719 = FACE_OUTER_BOUND ( 'NONE', #4732, .T. ) ;
#3720 = PLANE ( 'NONE',  #1770 ) ;
#3721 = MECHANICAL_DESIGN_GEOMETRIC_PRESENTATION_REPRESENTATION (  '', ( #2704 ), #4219 ) ;
#3722 = DIRECTION ( 'NONE',  ( -1.000000000000000000, 0.0000000000000000000, 0.0000000000000000000 ) ) ;
#3723 = VECTOR ( 'NONE', #5087, 1000.000000000000000 ) ;
#3724 = DIRECTION ( 'NONE',  ( -1.000000000000000000, -6.308079902256244500E-015, 0.0000000000000000000 ) ) ;
#3725 =( LENGTH_UNIT ( ) NAMED_UNIT ( * ) SI_UNIT ( .MILLI., .METRE. ) );
#3726 = EDGE_LOOP ( 'NONE', ( #4000, #4943, #1592, #1020 ) ) ;
#3727 = EDGE_CURVE ( 'NONE', #9006, #1380, #1421, .T. ) ;
#3728 = DIRECTION ( 'NONE',  ( 0.0000000000000000000, 0.0000000000000000000, 1.000000000000000000 ) ) ;
#3729 = CYLINDRICAL_SURFACE ( 'NONE', #6636, 7.400000000000000400 ) ;
#3730 = EDGE_CURVE ( 'NONE', #9783, #7236, #1845, .T. ) ;
#3731 = CARTESIAN_POINT ( 'NONE',  ( 6.584846271614251700, 29.51713031400116800, -9.765000000000000600 ) ) ;
#3732 = STYLED_ITEM ( 'NONE', ( #4941 ), #2108 ) ;
#3733 = CARTESIAN_POINT ( 'NONE',  ( 0.5500000005274953100, 20.66229349947143800, -12.54000000000000300 ) ) ;
#3734 = FILL_AREA_STYLE ('',( #2192 ) ) ;
#3735 =( NAMED_UNIT ( * ) SI_UNIT ( $, .STERADIAN. ) SOLID_ANGLE_UNIT ( ) );
#3736 = ORIENTED_EDGE ( 'NONE', *, *, #5016, .F. ) ;
#3737 = ORIENTED_EDGE ( 'NONE', *, *, #104, .T. ) ;
#3738 = AXIS2_PLACEMENT_3D ( 'NONE', #766, #6135, #1511 ) ;
#3739 = ORIENTED_EDGE ( 'NONE', *, *, #9403, .T. ) ;
#3740 = VERTEX_POINT ( 'NONE', #9962 ) ;
#3741 = DIRECTION ( 'NONE',  ( 1.000000000000000000, 0.0000000000000000000, 0.0000000000000000000 ) ) ;
#3742 = DIRECTION ( 'NONE',  ( 0.0000000000000000000, 0.0000000000000000000, -1.000000000000000000 ) ) ;
#3743 = ORIENTED_EDGE ( 'NONE', *, *, #3042, .T. ) ;
#3744 = CARTESIAN_POINT ( 'NONE',  ( 1.899995377965719300, 32.28331705277450000, -10.26500000000000200 ) ) ;
#3745 = COLOUR_RGB ( '',1.000000000000000000, 0.0000000000000000000, 1.000000000000000000 ) ;
#3746 = SURFACE_SIDE_STYLE ('',( #2586 ) ) ;
#3747 = ORIENTED_EDGE ( 'NONE', *, *, #1073, .F. ) ;
#3748 =( GEOMETRIC_REPRESENTATION_CONTEXT ( 3 ) GLOBAL_UNCERTAINTY_ASSIGNED_CONTEXT ( ( #483 ) ) GLOBAL_UNIT_ASSIGNED_CONTEXT ( ( #1455, #1280, #1257 ) ) REPRESENTATION_CONTEXT ( 'NONE', 'WORKASPACE' ) );
#3749 = FACE_OUTER_BOUND ( 'NONE', #5572, .T. ) ;
#3750 = ORIENTED_EDGE ( 'NONE', *, *, #6680, .F. ) ;
#3751 = MECHANICAL_DESIGN_GEOMETRIC_PRESENTATION_REPRESENTATION (  '', ( #2727 ), #4239 ) ;
#3752 = UNCERTAINTY_MEASURE_WITH_UNIT (LENGTH_MEASURE( 1.000000000000000100E-005 ), #1994, 'distance_accuracy_value', 'NONE');
#3753 = CARTESIAN_POINT ( 'NONE',  ( 6.602453769200100600, 26.71229338220534900, -12.49000000000000200 ) ) ;
#3754 = ORIENTED_EDGE ( 'NONE', *, *, #3377, .F. ) ;
#3755 = DIRECTION ( 'NONE',  ( 0.0000000000000000000, 0.0000000000000000000, 1.000000000000000000 ) ) ;
#3756 =( NAMED_UNIT ( * ) PLANE_ANGLE_UNIT ( ) SI_UNIT ( $, .RADIAN. ) );
#3757 = VERTEX_POINT ( 'NONE', #657 ) ;
#3758 = CARTESIAN_POINT ( 'NONE',  ( 8.258755517647431400, 26.10118238836032500, -11.96500000000000200 ) ) ;
#3759 = LINE ( 'NONE', #6462, #1736 ) ;
#3760 = UNCERTAINTY_MEASURE_WITH_UNIT (LENGTH_MEASURE( 1.000000000000000100E-005 ), #8793, 'distance_accuracy_value', 'NONE');
#3761 = CARTESIAN_POINT ( 'NONE',  ( -3.502453961876664100, 26.71229279551774700, -12.49000000000000200 ) ) ;
#3762 = CARTESIAN_POINT ( 'NONE',  ( -0.9499999994725030200, 20.96229676927035300, -11.84000000000000200 ) ) ;
#3763 = FILL_AREA_STYLE_COLOUR ( '', #9549 ) ;
#3764 = B_SPLINE_CURVE_WITH_KNOTS ( 'NONE', 3,
 ( #5344, #6984, #9357, #4611, #62, #5377, #830, #6198, #1586, #7018 ),
 .UNSPECIFIED., .F., .F.,
 ( 4, 2, 2, 2, 4 ),
 ( 8.673617379884035500E-019, 0.0001472175622329894100, 0.0002944351244659779500, 0.0004416526866989665200, 0.0005888702489319550400 ),
 .UNSPECIFIED. ) ;
#3765 = ORIENTED_EDGE ( 'NONE', *, *, #230, .T. ) ;
#3766 =( NAMED_UNIT ( * ) PLANE_ANGLE_UNIT ( ) SI_UNIT ( $, .RADIAN. ) );
#3767 = FACE_OUTER_BOUND ( 'NONE', #992, .T. ) ;
#3768 = CARTESIAN_POINT ( 'NONE',  ( -4.394288025597047600, 29.59602560380952600, -9.975196976199292500 ) ) ;
#3769 = CARTESIAN_POINT ( 'NONE',  ( -0.1000046220342816200, 31.98008005006171900, -10.26500000000000200 ) ) ;
#3770 = ORIENTED_EDGE ( 'NONE', *, *, #8456, .T. ) ;
#3771 = AXIS2_PLACEMENT_3D ( 'NONE', #303, #4873, #7244 ) ;
#3772 = DIRECTION ( 'NONE',  ( 1.000000000000000000, 0.0000000000000000000, 0.0000000000000000000 ) ) ;
#3773 = ADVANCED_FACE ( 'NONE', ( #7378 ), #5949, .F. ) ;
#3774 = LINE ( 'NONE', #7348, #7700 ) ;
#3775 = CARTESIAN_POINT ( 'NONE',  ( 2.050000000527496100, 21.96229349947142100, -12.54000000000000300 ) ) ;
#3776 = ORIENTED_EDGE ( 'NONE', *, *, #9966, .F. ) ;
#3777 = DIRECTION ( 'NONE',  ( -1.000000000000000000, 0.0000000000000000000, 0.0000000000000000000 ) ) ;
#3778 = CARTESIAN_POINT ( 'NONE',  ( -5.020813648329570900, 28.96460202732961200, -11.96500000000000000 ) ) ;
#3779 = CARTESIAN_POINT ( 'NONE',  ( 4.328366455361975600, 31.05702911824908000, -12.15596184851613200 ) ) ;
#3780 = VECTOR ( 'NONE', #3899, 1000.000000000000000 ) ;
#3781 = MECHANICAL_DESIGN_GEOMETRIC_PRESENTATION_REPRESENTATION (  '', ( #1742 ), #4260 ) ;
#3782 = DIRECTION ( 'NONE',  ( 0.0000000000000000000, -0.0000000000000000000, 1.000000000000000000 ) ) ;
#3783 =( GEOMETRIC_REPRESENTATION_CONTEXT ( 3 ) GLOBAL_UNCERTAINTY_ASSIGNED_CONTEXT ( ( #9716 ) ) GLOBAL_UNIT_ASSIGNED_CONTEXT ( ( #2237, #7688, #3018 ) ) REPRESENTATION_CONTEXT ( 'NONE', 'WORKASPACE' ) );
#3784 = ORIENTED_EDGE ( 'NONE', *, *, #172, .T. ) ;
#3785 = CARTESIAN_POINT ( 'NONE',  ( -1.549999999472504700, 20.96229349947143900, -11.84000000000000200 ) ) ;
#3786 = LINE ( 'NONE', #6794, #5820 ) ;
#3787 = VECTOR ( 'NONE', #127, 1000.000000000000000 ) ;
#3788 = ORIENTED_EDGE ( 'NONE', *, *, #6497, .T. ) ;
#3789 =( LENGTH_UNIT ( ) NAMED_UNIT ( * ) SI_UNIT ( .MILLI., .METRE. ) );
#3790 = SURFACE_SIDE_STYLE ('',( #9576 ) ) ;
#3791 = LINE ( 'NONE', #1273, #3531 ) ;
#3792 = VECTOR ( 'NONE', #7837, 1000.000000000000000 ) ;
#3793 = DIRECTION ( 'NONE',  ( 1.000000000000000000, 0.0000000000000000000, 0.0000000000000000000 ) ) ;
#3794 = CARTESIAN_POINT ( 'NONE',  ( 3.464250606637507600, 31.63993251048109200, -11.96500000000000200 ) ) ;
#3795 = DIRECTION ( 'NONE',  ( 0.0000000000000000000, -1.000000000000000000, 0.0000000000000000000 ) ) ;
#3796 = LINE ( 'NONE', #1603, #1775 ) ;
#3797 = CARTESIAN_POINT ( 'NONE',  ( -0.1000046220342816200, 31.98008005006171900, -10.06500000000000100 ) ) ;
#3798 = VECTOR ( 'NONE', #8609, 1000.000000000000000 ) ;
#3799 = EDGE_CURVE ( 'NONE', #3310, #5666, #720, .T. ) ;
#3800 = DIRECTION ( 'NONE',  ( -1.000000000000000000, 0.0000000000000000000, 0.0000000000000000000 ) ) ;
#3801 = SURFACE_STYLE_USAGE ( .BOTH. , #8492 ) ;
#3802 = FILL_AREA_STYLE ('',( #6097 ) ) ;
#3803 = CARTESIAN_POINT ( 'NONE',  ( 2.099995377965719000, 31.98008005006171900, -10.26500000000000200 ) ) ;
#3804 = DIRECTION ( 'NONE',  ( 1.000000000000000000, 0.0000000000000000000, 0.0000000000000000000 ) ) ;
#3805 =( NAMED_UNIT ( * ) SI_UNIT ( $, .STERADIAN. ) SOLID_ANGLE_UNIT ( ) );
#3806 = UNCERTAINTY_MEASURE_WITH_UNIT (LENGTH_MEASURE( 1.000000000000000100E-005 ), #6277, 'distance_accuracy_value', 'NONE');
#3807 =( GEOMETRIC_REPRESENTATION_CONTEXT ( 3 ) GLOBAL_UNCERTAINTY_ASSIGNED_CONTEXT ( ( #5261 ) ) GLOBAL_UNIT_ASSIGNED_CONTEXT ( ( #2339, #7789, #3108 ) ) REPRESENTATION_CONTEXT ( 'NONE', 'WORKASPACE' ) );
#3808 = DIRECTION ( 'NONE',  ( 0.0000000000000000000, 0.0000000000000000000, -1.000000000000000000 ) ) ;
#3809 = ORIENTED_EDGE ( 'NONE', *, *, #5786, .F. ) ;
#3810 = VECTOR ( 'NONE', #9264, 1000.000000000000000 ) ;
#3811 = UNCERTAINTY_MEASURE_WITH_UNIT (LENGTH_MEASURE( 1.000000000000000100E-005 ), #8048, 'distance_accuracy_value', 'NONE');
#3812 = CARTESIAN_POINT ( 'NONE',  ( 5.000000000527495400, 22.06229614966531100, -12.49000000000000200 ) ) ;
#3813 = FACE_OUTER_BOUND ( 'NONE', #2521, .T. ) ;
#3814 = SURFACE_STYLE_USAGE ( .BOTH. , #8506 ) ;
#3815 = COLOUR_RGB ( '',0.0000000000000000000, 0.0000000000000000000, 1.000000000000000000 ) ;
#3816 = FILL_AREA_STYLE ('',( #745 ) ) ;
#3817 = DIRECTION ( 'NONE',  ( 0.0000000000000000000, 0.0000000000000000000, -1.000000000000000000 ) ) ;
#3818 = EDGE_CURVE ( 'NONE', #6963, #7953, #6627, .T. ) ;
#3819 = UNCERTAINTY_MEASURE_WITH_UNIT (LENGTH_MEASURE( 1.000000000000000100E-005 ), #4068, 'distance_accuracy_value', 'NONE');
#3820 = VECTOR ( 'NONE', #2508, 1000.000000000000000 ) ;
#3821 = LINE ( 'NONE', #2714, #8021 ) ;
#3822 = AXIS2_PLACEMENT_3D ( 'NONE', #9484, #4752, #190 ) ;
#3823 = VERTEX_POINT ( 'NONE', #7680 ) ;
#3824 = PRODUCT_DEFINITION_FORMATION_WITH_SPECIFIED_SOURCE ( 'ANY', '', #3141, .NOT_KNOWN. ) ;
#3825 =( NAMED_UNIT ( * ) SI_UNIT ( $, .STERADIAN. ) SOLID_ANGLE_UNIT ( ) );
#3826 = SURFACE_SIDE_STYLE ('',( #4625 ) ) ;
#3827 = VERTEX_POINT ( 'NONE', #3012 ) ;
#3828 = STYLED_ITEM ( 'NONE', ( #3835 ), #6274 ) ;
#3829 = CARTESIAN_POINT ( 'NONE',  ( -4.852453961876661600, 25.86229349947144100, -12.54000000000000300 ) ) ;
#3830 = AXIS2_PLACEMENT_3D ( 'NONE', #6632, #2001, #7430 ) ;
#3831 =( NAMED_UNIT ( * ) SI_UNIT ( $, .STERADIAN. ) SOLID_ANGLE_UNIT ( ) );
#3832 = CARTESIAN_POINT ( 'NONE',  ( -5.977121915319900200, 26.98958716288613500, -12.00997035011741700 ) ) ;
#3833 = CARTESIAN_POINT ( 'NONE',  ( 7.219475129506322200, 28.61665087359358500, -11.99486632012852100 ) ) ;
#3834 = EDGE_LOOP ( 'NONE', ( #7715, #135, #2715, #4892 ) ) ;
#3835 = PRESENTATION_STYLE_ASSIGNMENT (( #8837 ) ) ;
#3836 = DIRECTION ( 'NONE',  ( 1.000000000000000000, 0.0000000000000000000, 0.0000000000000000000 ) ) ;
#3837 = ADVANCED_FACE ( 'NONE', ( #6396 ), #5634, .F. ) ;
#3838 = EDGE_LOOP ( 'NONE', ( #9452, #5100, #4658, #6507, #8263, #9497 ) ) ;
#3839 = DIRECTION ( 'NONE',  ( 1.000000000000000000, 0.0000000000000000000, 0.0000000000000000000 ) ) ;
#3840 = CYLINDRICAL_SURFACE ( 'NONE', #3536, 7.400000000000000400 ) ;
#3841 = CARTESIAN_POINT ( 'NONE',  ( -5.840742084490021700, 27.36428766856024800, -10.02002964988258600 ) ) ;
#3842 =( LENGTH_UNIT ( ) NAMED_UNIT ( * ) SI_UNIT ( .MILLI., .METRE. ) );
#3843 = CARTESIAN_POINT ( 'NONE',  ( -6.056513591539467000, 25.86229349947143800, -9.822815227896509100 ) ) ;
#3844 = MECHANICAL_DESIGN_GEOMETRIC_PRESENTATION_REPRESENTATION (  '', ( #2815 ), #4322 ) ;
#3845 = SURFACE_STYLE_USAGE ( .BOTH. , #8540 ) ;
#3846 = DIRECTION ( 'NONE',  ( 0.0000000000000000000, -1.000000000000000000, 0.0000000000000000000 ) ) ;
#3847 = DIRECTION ( 'NONE',  ( 0.0000000000000000000, 1.000000000000000000, 0.0000000000000000000 ) ) ;
#3848 = CARTESIAN_POINT ( 'NONE',  ( 0.09999537796571880700, 32.10809768706595700, -10.26500000000000200 ) ) ;
#3849 = FACE_OUTER_BOUND ( 'NONE', #9912, .T. ) ;
#3850 = CARTESIAN_POINT ( 'NONE',  ( -4.940408287051097200, 28.74537553067191500, -12.15672070988589600 ) ) ;
#3851 = VECTOR ( 'NONE', #3633, 1000.000000000000000 ) ;
#3852 = VERTEX_POINT ( 'NONE', #8496 ) ;
#3853 = VECTOR ( 'NONE', #8773, 1000.000000000000000 ) ;
#3854 = CARTESIAN_POINT ( 'NONE',  ( -2.513759998929610000, 28.36077100000000000, -12.49000000000000200 ) ) ;
#3855 = FILL_AREA_STYLE ('',( #15 ) ) ;
#3856 = ORIENTED_EDGE ( 'NONE', *, *, #8822, .T. ) ;
#3857 = STYLED_ITEM ( 'NONE', ( #2721 ), #7744 ) ;
#3858 = ORIENTED_EDGE ( 'NONE', *, *, #2051, .T. ) ;
#3859 =( NAMED_UNIT ( * ) PLANE_ANGLE_UNIT ( ) SI_UNIT ( $, .RADIAN. ) );
#3860 = CIRCLE ( 'NONE', #5193, 0.4999999999968842100 ) ;
#3861 = FILL_AREA_STYLE_COLOUR ( '', #2426 ) ;
#3862 = CARTESIAN_POINT ( 'NONE',  ( -5.930344438617082900, 26.98831928222107400, -12.05480302380071400 ) ) ;
#3863 = CARTESIAN_POINT ( 'NONE',  ( 6.934873414872240200, 28.76369801058779200, -12.15088925941949000 ) ) ;
#3864 = EDGE_CURVE ( 'NONE', #6545, #4779, #8114, .T. ) ;
#3865 = CARTESIAN_POINT ( 'NONE',  ( -3.794593051348724700, 30.03368123099582500, -9.864922774082685900 ) ) ;
#3866 = VECTOR ( 'NONE', #3800, 1000.000000000000000 ) ;
#3867 = ORIENTED_EDGE ( 'NONE', *, *, #3354, .F. ) ;
#3868 = EDGE_CURVE ( 'NONE', #3957, #9335, #7765, .T. ) ;
#3869 = ORIENTED_EDGE ( 'NONE', *, *, #2259, .F. ) ;
#3870 = ORIENTED_EDGE ( 'NONE', *, *, #8808, .F. ) ;
#3871 = DIRECTION ( 'NONE',  ( 1.000000000000000000, 0.0000000000000000000, 0.0000000000000000000 ) ) ;
#3872 = CARTESIAN_POINT ( 'NONE',  ( 3.550000000527496500, 20.96229349947143900, -11.99000000000000200 ) ) ;
#3873 =( GEOMETRIC_REPRESENTATION_CONTEXT ( 3 ) GLOBAL_UNCERTAINTY_ASSIGNED_CONTEXT ( ( #1214 ) ) GLOBAL_UNIT_ASSIGNED_CONTEXT ( ( #2495, #7972, #8723 ) ) REPRESENTATION_CONTEXT ( 'NONE', 'WORKASPACE' ) );
#3874 = DIRECTION ( 'NONE',  ( 0.0000000000000000000, -0.0000000000000000000, 1.000000000000000000 ) ) ;
#3875 =( LENGTH_UNIT ( ) NAMED_UNIT ( * ) SI_UNIT ( .MILLI., .METRE. ) );
#3876 = DIRECTION ( 'NONE',  ( 0.0000000000000000000, 0.0000000000000000000, -1.000000000000000000 ) ) ;
#3877 = CARTESIAN_POINT ( 'NONE',  ( 0.9999953779657178000, 24.66229349947143800, -11.96500000000000200 ) ) ;
#3878 = FACE_OUTER_BOUND ( 'NONE', #1860, .T. ) ;
#3879 = VERTEX_POINT ( 'NONE', #1555 ) ;
#3880 = DIRECTION ( 'NONE',  ( 0.0000000000000000000, -0.0000000000000000000, 1.000000000000000000 ) ) ;
#3881 = ORIENTED_EDGE ( 'NONE', *, *, #4531, .T. ) ;
#3882 = EDGE_CURVE ( 'NONE', #9294, #2258, #1545, .T. ) ;
#3883 = EDGE_CURVE ( 'NONE', #628, #6963, #9832, .T. ) ;
#3884 = PRESENTATION_STYLE_ASSIGNMENT (( #936 ) ) ;
#3885 = STYLED_ITEM ( 'NONE', ( #1337 ), #9386 ) ;
#3886 = PLANE ( 'NONE',  #2937 ) ;
#3887 = EDGE_LOOP ( 'NONE', ( #5546, #4586, #8691, #3348 ) ) ;
#3888 = DIRECTION ( 'NONE',  ( 0.0000000000000000000, -1.000000000000000000, 0.0000000000000000000 ) ) ;
#3889 = ADVANCED_FACE ( 'NONE', ( #3568 ), #8576, .F. ) ;
#3890 = LINE ( 'NONE', #3956, #8083 ) ;
#3891 = STYLED_ITEM ( 'NONE', ( #9253 ), #5832 ) ;
#3892 = ORIENTED_EDGE ( 'NONE', *, *, #647, .F. ) ;
#3893 = DIRECTION ( 'NONE',  ( 0.0000000000000000000, -0.0000000000000000000, 1.000000000000000000 ) ) ;
#3894 = CIRCLE ( 'NONE', #5999, 7.400000000000000400 ) ;
#3895 = EDGE_CURVE ( 'NONE', #9362, #7552, #6748, .T. ) ;
#3896 = VECTOR ( 'NONE', #4662, 1000.000000000000000 ) ;
#3897 = DIRECTION ( 'NONE',  ( 0.0000000000000000000, -0.0000000000000000000, 1.000000000000000000 ) ) ;
#3898 = SURFACE_STYLE_USAGE ( .BOTH. , #8592 ) ;
#3899 = DIRECTION ( 'NONE',  ( 1.000000000000000000, -5.782411586589357200E-015, 0.0000000000000000000 ) ) ;
#3900 = CARTESIAN_POINT ( 'NONE',  ( 4.342804507685795700, 31.03766661469602200, -9.863462619729578100 ) ) ;
#3901 =( NAMED_UNIT ( * ) PLANE_ANGLE_UNIT ( ) SI_UNIT ( $, .RADIAN. ) );
#3902 = B_SPLINE_CURVE_WITH_KNOTS ( 'NONE', 3,
 ( #1764, #4802, #8767, #4072, #9561, #4833, #264, #5607, #1038, #6414 ),
 .UNSPECIFIED., .F., .F.,
 ( 4, 2, 2, 2, 4 ),
 ( 0.0001944958105014929200, 0.0003338301854903709700, 0.0004731645604792490400, 0.0006124989354681270600, 0.0007518333104570050800 ),
 .UNSPECIFIED. ) ;
#3903 = PRESENTATION_STYLE_ASSIGNMENT (( #4336 ) ) ;
#3904 = DIRECTION ( 'NONE',  ( 0.0000000000000000000, -0.0000000000000000000, 1.000000000000000000 ) ) ;
#3905 = CARTESIAN_POINT ( 'NONE',  ( 5.000000000527495400, 22.06229614966531100, -12.44000000000000100 ) ) ;
#3906 = CARTESIAN_POINT ( 'NONE',  ( 4.562586722550570100, 29.82897070575507600, -12.26500000000000200 ) ) ;
#3907 =( NAMED_UNIT ( * ) PLANE_ANGLE_UNIT ( ) SI_UNIT ( $, .RADIAN. ) );
#3908 = ORIENTED_EDGE ( 'NONE', *, *, #5070, .T. ) ;
#3909 = DIRECTION ( 'NONE',  ( 0.9396926207859089800, 0.3420201433256674400, 0.0000000000000000000 ) ) ;
#3910 = DIRECTION ( 'NONE',  ( 1.000000000000000000, -0.0000000000000000000, 0.0000000000000000000 ) ) ;
#3911 =( GEOMETRIC_REPRESENTATION_CONTEXT ( 3 ) GLOBAL_UNCERTAINTY_ASSIGNED_CONTEXT ( ( #6489 ) ) GLOBAL_UNIT_ASSIGNED_CONTEXT ( ( #8308, #7885, #7840 ) ) REPRESENTATION_CONTEXT ( 'NONE', 'WORKASPACE' ) );
#3912 = PRESENTATION_STYLE_ASSIGNMENT (( #2190 ) ) ;
#3913 = DIRECTION ( 'NONE',  ( 0.0000000000000000000, -1.000000000000000000, 0.0000000000000000000 ) ) ;
#3914 = VECTOR ( 'NONE', #8017, 1000.000000000000000 ) ;
#3915 = CARTESIAN_POINT ( 'NONE',  ( 5.801138010389923500, 30.29337060985793400, -11.96500000000000200 ) ) ;
#3916 = CARTESIAN_POINT ( 'NONE',  ( 6.451606691366010600, 29.66628531477309100, -11.96500000000000200 ) ) ;
#3917 = SURFACE_SIDE_STYLE ('',( #4849 ) ) ;
#3918 = ORIENTED_EDGE ( 'NONE', *, *, #2682, .T. ) ;
#3919 = VECTOR ( 'NONE', #2550, 1000.000000000000000 ) ;
#3920 = DIRECTION ( 'NONE',  ( 0.0000000000000000000, -1.000000000000000000, 0.0000000000000000000 ) ) ;
#3921 = AXIS2_PLACEMENT_3D ( 'NONE', #9568, #4844, #271 ) ;
#3922 = LINE ( 'NONE', #5374, #3667 ) ;
#3923 = CARTESIAN_POINT ( 'NONE',  ( 1.450000000527496400, 20.66229349947143800, -11.84000000000000200 ) ) ;
#3924 = VERTEX_POINT ( 'NONE', #881 ) ;
#3925 = EDGE_CURVE ( 'NONE', #3262, #8748, #8883, .T. ) ;
#3926 = ORIENTED_EDGE ( 'NONE', *, *, #960, .F. ) ;
#3927 = EDGE_CURVE ( 'NONE', #1725, #5509, #2639, .T. ) ;
#3928 = VECTOR ( 'NONE', #1456, 1000.000000000000000 ) ;
#3929 = VECTOR ( 'NONE', #2276, 1000.000000000000000 ) ;
#3930 = STYLED_ITEM ( 'NONE', ( #5793 ), #1972 ) ;
#3931 = CARTESIAN_POINT ( 'NONE',  ( -1.820974594849293000, 31.45483278404768200, -12.00997035011741300 ) ) ;
#3932 = CARTESIAN_POINT ( 'NONE',  ( -4.900014469212784700, 25.61229242923305800, -12.49000000000000200 ) ) ;
#3933 = DIRECTION ( 'NONE',  ( -1.000000000000000000, 0.0000000000000000000, 0.0000000000000000000 ) ) ;
#3934 = CARTESIAN_POINT ( 'NONE',  ( 4.450000000527496400, 20.96229349947143900, -11.84000000000000200 ) ) ;
#3935 = DIRECTION ( 'NONE',  ( 0.0000000000000000000, 0.0000000000000000000, -1.000000000000000000 ) ) ;
#3936 = UNCERTAINTY_MEASURE_WITH_UNIT (LENGTH_MEASURE( 1.000000000000000100E-005 ), #731, 'distance_accuracy_value', 'NONE');
#3937 = AXIS2_PLACEMENT_3D ( 'NONE', #9108, #4374, #9893 ) ;
#3938 = ORIENTED_EDGE ( 'NONE', *, *, #7740, .T. ) ;
#3939 = EDGE_CURVE ( 'NONE', #9551, #158, #3374, .T. ) ;
#3940 = SURFACE_SIDE_STYLE ('',( #8312 ) ) ;
#3941 = ADVANCED_FACE ( 'NONE', ( #6506 ), #5511, .F. ) ;
#3942 = DIRECTION ( 'NONE',  ( -1.000000000000000000, 0.0000000000000000000, 0.0000000000000000000 ) ) ;
#3943 = CARTESIAN_POINT ( 'NONE',  ( 7.500245722198886100, 28.19878122916831800, -11.96500000000000200 ) ) ;
#3944 = LINE ( 'NONE', #440, #9935 ) ;
#3945 = CARTESIAN_POINT ( 'NONE',  ( -3.053829811049173900, 30.79935467238181000, -12.00993248607590800 ) ) ;
#3946 = UNCERTAINTY_MEASURE_WITH_UNIT (LENGTH_MEASURE( 1.000000000000000100E-005 ), #5413, 'distance_accuracy_value', 'NONE');
#3947 = CARTESIAN_POINT ( 'NONE',  ( 5.050000000527496100, 20.66229349947143800, -12.54000000000000300 ) ) ;
#3948 = SURFACE_STYLE_USAGE ( .BOTH. , #8642 ) ;
#3949 = SURFACE_STYLE_FILL_AREA ( #9116 ) ;
#3950 = MECHANICAL_DESIGN_GEOMETRIC_PRESENTATION_REPRESENTATION (  '', ( #2917 ), #4416 ) ;
#3951 =( GEOMETRIC_REPRESENTATION_CONTEXT ( 3 ) GLOBAL_UNCERTAINTY_ASSIGNED_CONTEXT ( ( #4522 ) ) GLOBAL_UNIT_ASSIGNED_CONTEXT ( ( #9780, #5041, #474 ) ) REPRESENTATION_CONTEXT ( 'NONE', 'WORKASPACE' ) );
#3952 = SURFACE_STYLE_USAGE ( .BOTH. , #8648 ) ;
#3953 = ORIENTED_EDGE ( 'NONE', *, *, #2259, .T. ) ;
#3954 = PLANE ( 'NONE',  #1189 ) ;
#3955 = FACE_OUTER_BOUND ( 'NONE', #3972, .T. ) ;
#3956 = CARTESIAN_POINT ( 'NONE',  ( 0.7000000005306115100, 26.86229349947144100, -13.14000000000000200 ) ) ;
#3957 = VERTEX_POINT ( 'NONE', #3180 ) ;
#3958 = DIRECTION ( 'NONE',  ( 0.0000000000000000000, 0.0000000000000000000, -1.000000000000000000 ) ) ;
#3959 = COLOUR_RGB ( '',0.0000000000000000000, 0.0000000000000000000, 1.000000000000000000 ) ;
#3960 = FILL_AREA_STYLE ('',( #9382 ) ) ;
#3961 = ORIENTED_EDGE ( 'NONE', *, *, #5676, .T. ) ;
#3962 = PRESENTATION_LAYER_ASSIGNMENT (  '', '', ( #4423 ) ) ;
#3963 = LINE ( 'NONE', #5162, #2880 ) ;
#3964 = EDGE_CURVE ( 'NONE', #7385, #8809, #9946, .T. ) ;
#3965 = DIRECTION ( 'NONE',  ( 0.0000000000000000000, 0.0000000000000000000, -1.000000000000000000 ) ) ;
#3966 = VECTOR ( 'NONE', #1336, 1000.000000000000000 ) ;
#3967 = CARTESIAN_POINT ( 'NONE',  ( 5.751561865021289000, 30.16156520800413400, -12.09730618385875200 ) ) ;
#3968 = FACE_OUTER_BOUND ( 'NONE', #8208, .T. ) ;
#3969 = PRESENTATION_LAYER_ASSIGNMENT (  '', '', ( #3438 ) ) ;
#3970 = DIRECTION ( 'NONE',  ( 0.0000000000000000000, -1.000000000000000000, 0.0000000000000000000 ) ) ;
#3971 = STYLED_ITEM ( 'NONE', ( #2728 ), #4389 ) ;
#3972 = EDGE_LOOP ( 'NONE', ( #9270, #7184, #675, #5125, #3122, #7901, #8028, #6837, #2562, #2176, #375, #1422, #6461, #7767, #3342, #5553 ) ) ;
#3973 = LINE ( 'NONE', #149, #5759 ) ;
#3974 = CARTESIAN_POINT ( 'NONE',  ( -2.449999999472504800, 21.96229349947143600, -12.54000000000000300 ) ) ;
#3975 = STYLED_ITEM ( 'NONE', ( #2277 ), #3094 ) ;
#3976 = EDGE_LOOP ( 'NONE', ( #9629, #7517, #5400, #9387 ) ) ;
#3977 = B_SPLINE_CURVE_WITH_KNOTS ( 'NONE', 3,
 ( #4079, #6423, #2574, #8041, #3336, #8806, #4105, #9600, #4871, #299, #5645, #1067, #6452, #1832 ),
 .UNSPECIFIED., .F., .F.,
 ( 4, 2, 2, 2, 2, 2, 4 ),
 ( 0.0000000000000000000, 0.0001879583276142473700, 0.0002819374914213725200, 0.0003759166552284977200, 0.0004698958190356229200, 0.0005638749828427480700, 0.0007518333104570130000 ),
 .UNSPECIFIED. ) ;
#3978 = DIRECTION ( 'NONE',  ( -1.000000000000000000, 0.0000000000000000000, 0.0000000000000000000 ) ) ;
#3979 = DIRECTION ( 'NONE',  ( 0.0000000000000000000, -0.0000000000000000000, 1.000000000000000000 ) ) ;
#3980 = CARTESIAN_POINT ( 'NONE',  ( 0.9999953779657178000, 24.66229349947143800, -12.26500000000000200 ) ) ;
#3981 = CARTESIAN_POINT ( 'NONE',  ( 3.964603570568365800, 29.61132263784087100, -12.26500000000000200 ) ) ;
#3982 = CARTESIAN_POINT ( 'NONE',  ( -5.429297553860711100, 27.90329284622443100, -12.16507722591731300 ) ) ;
#3983 = CARTESIAN_POINT ( 'NONE',  ( -3.342853071075286800, 30.54274188917703000, -12.05480302380071200 ) ) ;
#3984 = DIRECTION ( 'NONE',  ( 0.0000000000000000000, 1.000000000000000000, 0.0000000000000000000 ) ) ;
#3985 = CARTESIAN_POINT ( 'NONE',  ( -1.549999999472504700, 20.66229349947143800, -11.84000000000000200 ) ) ;
#3986 = STYLED_ITEM ( 'NONE', ( #4279 ), #5422 ) ;
#3987 = CARTESIAN_POINT ( 'NONE',  ( -4.987058164854828700, 28.66195790794275000, -9.865078408521684500 ) ) ;
#3988 = LINE ( 'NONE', #7229, #5765 ) ;
#3989 = ORIENTED_EDGE ( 'NONE', *, *, #3351, .T. ) ;
#3990 = DIRECTION ( 'NONE',  ( 0.0000000000000000000, -0.0000000000000000000, 1.000000000000000000 ) ) ;
#3991 = ORIENTED_EDGE ( 'NONE', *, *, #5987, .F. ) ;
#3992 = CARTESIAN_POINT ( 'NONE',  ( 8.155452501400375800, 25.87826912877071800, -12.10700410093650900 ) ) ;
#3993 = CARTESIAN_POINT ( 'NONE',  ( 2.590217405400082400, 31.85792126346285300, -10.03425056357507300 ) ) ;
#3994 = MECHANICAL_DESIGN_GEOMETRIC_PRESENTATION_REPRESENTATION (  '', ( #2956 ), #4450 ) ;
#3995 = FACE_OUTER_BOUND ( 'NONE', #6209, .T. ) ;
#3996 = FACE_OUTER_BOUND ( 'NONE', #9119, .T. ) ;
#3997 = ORIENTED_EDGE ( 'NONE', *, *, #4643, .T. ) ;
#3998 = FILL_AREA_STYLE_COLOUR ( '', #9478 ) ;
#3999 = VERTEX_POINT ( 'NONE', #8078 ) ;
#4000 = ORIENTED_EDGE ( 'NONE', *, *, #2542, .F. ) ;
#4001 = ADVANCED_FACE ( 'NONE', ( #7900 ), #7157, .T. ) ;
#4002 = CARTESIAN_POINT ( 'NONE',  ( -0.04999999947250471200, 20.66229349947143800, -11.84000000000000200 ) ) ;
#4003 = DIRECTION ( 'NONE',  ( 0.0000000000000000000, -0.0000000000000000000, 1.000000000000000000 ) ) ;
#4004 = CYLINDRICAL_SURFACE ( 'NONE', #9024, 0.2000000000000000900 ) ;
#4005 = ORIENTED_EDGE ( 'NONE', *, *, #7973, .F. ) ;
#4006 = CIRCLE ( 'NONE', #6343, 7.400000000000000400 ) ;
#4007 = ORIENTED_EDGE ( 'NONE', *, *, #8785, .T. ) ;
#4008 = MECHANICAL_DESIGN_GEOMETRIC_PRESENTATION_REPRESENTATION (  '', ( #1939 ), #4458 ) ;
#4009 = VERTEX_POINT ( 'NONE', #4170 ) ;
#4010 = CARTESIAN_POINT ( 'NONE',  ( -6.019588088641595100, 27.00439681814319600, -11.96500000000000200 ) ) ;
#4011 = CARTESIAN_POINT ( 'NONE',  ( -0.04999999947250455300, 21.96229349947143900, -12.44000000000000100 ) ) ;
#4012 = ORIENTED_EDGE ( 'NONE', *, *, #1112, .F. ) ;
#4013 = EDGE_CURVE ( 'NONE', #3310, #5017, #2989, .T. ) ;
#4014 = FILL_AREA_STYLE ('',( #3240 ) ) ;
#4015 = VECTOR ( 'NONE', #4116, 1000.000000000000000 ) ;
#4016 = CARTESIAN_POINT ( 'NONE',  ( -3.186139119227968700, 30.53053280511178300, -9.873279290114101800 ) ) ;
#4017 = DIRECTION ( 'NONE',  ( 0.0000000000000000000, 0.0000000000000000000, -1.000000000000000000 ) ) ;
#4018 = SURFACE_STYLE_USAGE ( .BOTH. , #8708 ) ;
#4019 = CARTESIAN_POINT ( 'NONE',  ( 5.941896602721859800, 29.95728212119946600, -12.12221956676060600 ) ) ;
#4020 = COLOUR_RGB ( '',1.000000000000000000, 1.000000000000000000, 1.000000000000000000 ) ;
#4021 = DIRECTION ( 'NONE',  ( 0.0000000000000000000, -0.0000000000000000000, 1.000000000000000000 ) ) ;
#4022 = DIRECTION ( 'NONE',  ( 0.0000000000000000000, -0.0000000000000000000, 1.000000000000000000 ) ) ;
#4023 = PRESENTATION_STYLE_ASSIGNMENT (( #9688 ) ) ;
#4024 = CARTESIAN_POINT ( 'NONE',  ( 6.852453769200100600, 26.46229349947144300, -12.54000000000000300 ) ) ;
#4025 = ORIENTED_EDGE ( 'NONE', *, *, #2530, .F. ) ;
#4026 = CARTESIAN_POINT ( 'NONE',  ( 0.04732997543418492700, 32.00090671442363500, -10.06500000000000300 ) ) ;
#4027 = SURFACE_STYLE_USAGE ( .BOTH. , #8714 ) ;
#4028 = CARTESIAN_POINT ( 'NONE',  ( 4.649389494403681800, 31.09983360287335700, -11.96500000000000200 ) ) ;
#4029 = AXIS2_PLACEMENT_3D ( 'NONE', #6561, #8343, #7958 ) ;
#4030 = SURFACE_STYLE_USAGE ( .BOTH. , #8717 ) ;
#4031 = EDGE_CURVE ( 'NONE', #5761, #2696, #974, .T. ) ;
#4032 = PRESENTATION_LAYER_ASSIGNMENT (  '', '', ( #2990 ) ) ;
#4033 =( NAMED_UNIT ( * ) PLANE_ANGLE_UNIT ( ) SI_UNIT ( $, .RADIAN. ) );
#4034 = VERTEX_POINT ( 'NONE', #1912 ) ;
#4035 = MECHANICAL_DESIGN_GEOMETRIC_PRESENTATION_REPRESENTATION (  '', ( #2492 ), #4483 ) ;
#4036 = AXIS2_PLACEMENT_3D ( 'NONE', #3146, #8602, #3909 ) ;
#4037 = CARTESIAN_POINT ( 'NONE',  ( -3.925169407218426400, 29.96122208759972600, -12.13069079785677000 ) ) ;
#4038 = VECTOR ( 'NONE', #3514, 1000.000000000000000 ) ;
#4039 = EDGE_CURVE ( 'NONE', #7346, #8319, #2744, .T. ) ;
#4040 = CARTESIAN_POINT ( 'NONE',  ( 1.450000000527496400, 21.96229349947142100, -12.54000000000000300 ) ) ;
#4041 = ORIENTED_EDGE ( 'NONE', *, *, #1548, .T. ) ;
#4042 =( NAMED_UNIT ( * ) SI_UNIT ( $, .STERADIAN. ) SOLID_ANGLE_UNIT ( ) );
#4043 = PRESENTATION_LAYER_ASSIGNMENT (  '', '', ( #3014 ) ) ;
#4044 = LINE ( 'NONE', #892, #3787 ) ;
#4045 = ORIENTED_EDGE ( 'NONE', *, *, #6215, .F. ) ;
#4046 = ADVANCED_FACE ( 'NONE', ( #8974 ), #1795, .T. ) ;
#4047 = CARTESIAN_POINT ( 'NONE',  ( 5.079095351152888700, 30.83650951518909300, -11.96500000000000200 ) ) ;
#4048 = FILL_AREA_STYLE_COLOUR ( '', #489 ) ;
#4049 = CIRCLE ( 'NONE', #7016, 0.2000000000000005100 ) ;
#4050 = CARTESIAN_POINT ( 'NONE',  ( 8.258755517647431400, 26.10118238836032500, -12.26500000000000200 ) ) ;
#4051 = LINE ( 'NONE', #3448, #3534 ) ;
#4052 = ORIENTED_EDGE ( 'NONE', *, *, #724, .F. ) ;
#4053 = FILL_AREA_STYLE_COLOUR ( '', #6463 ) ;
#4054 = LINE ( 'NONE', #3154, #8220 ) ;
#4055 =( NAMED_UNIT ( * ) SI_UNIT ( $, .STERADIAN. ) SOLID_ANGLE_UNIT ( ) );
#4056 = CARTESIAN_POINT ( 'NONE',  ( 5.770580514462101200, 30.25849664976505700, -12.01136335876629400 ) ) ;
#4057 = CARTESIAN_POINT ( 'NONE',  ( 4.450000000527496400, 20.66229349947143800, -12.54000000000000300 ) ) ;
#4058 = EDGE_CURVE ( 'NONE', #516, #3999, #3821, .T. ) ;
#4059 = DIRECTION ( 'NONE',  ( -2.891205793294679400E-015, 0.0000000000000000000, -1.000000000000000000 ) ) ;
#4060 = VECTOR ( 'NONE', #3704, 1000.000000000000000 ) ;
#4061 = CARTESIAN_POINT ( 'NONE',  ( 7.500245722198886100, 28.19878122916831800, -10.06500000000000300 ) ) ;
#4062 =( GEOMETRIC_REPRESENTATION_CONTEXT ( 3 ) GLOBAL_UNCERTAINTY_ASSIGNED_CONTEXT ( ( #6369 ) ) GLOBAL_UNIT_ASSIGNED_CONTEXT ( ( #682, #6050, #1433 ) ) REPRESENTATION_CONTEXT ( 'NONE', 'WORKASPACE' ) );
#4063 = CARTESIAN_POINT ( 'NONE',  ( 5.386150089864892200, 30.57854334206554000, -10.02980584472319900 ) ) ;
#4064 = EDGE_CURVE ( 'NONE', #151, #8733, #4073, .T. ) ;
#4065 = FACE_BOUND ( 'NONE', #2043, .T. ) ;
#4066 = UNCERTAINTY_MEASURE_WITH_UNIT (LENGTH_MEASURE( 1.000000000000000100E-005 ), #1732, 'distance_accuracy_value', 'NONE');
#4067 = EDGE_CURVE ( 'NONE', #6656, #8651, #5855, .T. ) ;
#4068 =( LENGTH_UNIT ( ) NAMED_UNIT ( * ) SI_UNIT ( .MILLI., .METRE. ) );
#4069 = ORIENTED_EDGE ( 'NONE', *, *, #3319, .F. ) ;
#4070 = MECHANICAL_DESIGN_GEOMETRIC_PRESENTATION_REPRESENTATION (  '', ( #3046 ), #4537 ) ;
#4071 = CARTESIAN_POINT ( 'NONE',  ( -4.702453961876661200, 26.46229349947144300, -11.99000000000000200 ) ) ;
#4072 = CARTESIAN_POINT ( 'NONE',  ( 5.816257157173931900, 30.00721890283853800, -9.859621313506211800 ) ) ;
#4073 = LINE ( 'NONE', #9738, #2020 ) ;
#4074 = ORIENTED_EDGE ( 'NONE', *, *, #3868, .T. ) ;
#4075 = VECTOR ( 'NONE', #6933, 1000.000000000000000 ) ;
#4076 = CARTESIAN_POINT ( 'NONE',  ( 2.050000000527496100, 20.66229349947143800, -12.54000000000000300 ) ) ;
#4077 = ORIENTED_EDGE ( 'NONE', *, *, #6272, .F. ) ;
#4078 = SURFACE_STYLE_FILL_AREA ( #8060 ) ;
#4079 = CARTESIAN_POINT ( 'NONE',  ( -0.9836142318969182100, 31.79147949197160700, -10.06500000000000100 ) ) ;
#4080 = EDGE_CURVE ( 'NONE', #3072, #2922, #3, .T. ) ;
#4081 = VECTOR ( 'NONE', #232, 1000.000000000000000 ) ;
#4082 = FILL_AREA_STYLE_COLOUR ( '', #1923 ) ;
#4083 = MECHANICAL_DESIGN_GEOMETRIC_PRESENTATION_REPRESENTATION (  '', ( #3059 ), #4557 ) ;
#4084 = VERTEX_POINT ( 'NONE', #5789 ) ;
#4085 = AXIS2_PLACEMENT_3D ( 'NONE', #4155, #9656, #4920 ) ;
#4086 = FILL_AREA_STYLE_COLOUR ( '', #9915 ) ;
#4087 = ORIENTED_EDGE ( 'NONE', *, *, #8941, .F. ) ;
#4088 = AXIS2_PLACEMENT_3D ( 'NONE', #8705, #6354, #4244 ) ;
#4089 = PLANE ( 'NONE',  #162 ) ;
#4090 = EDGE_CURVE ( 'NONE', #5929, #2280, #9820, .T. ) ;
#4091 = ADVANCED_FACE ( 'NONE', ( #5625 ), #8848, .F. ) ;
#4092 =( NAMED_UNIT ( * ) PLANE_ANGLE_UNIT ( ) SI_UNIT ( $, .RADIAN. ) );
#4093 = DIRECTION ( 'NONE',  ( -1.000000000000000000, 0.0000000000000000000, 0.0000000000000000000 ) ) ;
#4094 = VERTEX_POINT ( 'NONE', #1255 ) ;
#4095 = ORIENTED_EDGE ( 'NONE', *, *, #1125, .T. ) ;
#4096 = CARTESIAN_POINT ( 'NONE',  ( 7.912457367451454000, 26.98770884993200900, -12.07202222366697900 ) ) ;
#4097 = PRESENTATION_LAYER_ASSIGNMENT (  '', '', ( #4580 ) ) ;
#4098 = CARTESIAN_POINT ( 'NONE',  ( -5.840777490032341900, 27.36430109968228000, -12.00993248607590600 ) ) ;
#4099 = MECHANICAL_DESIGN_GEOMETRIC_PRESENTATION_REPRESENTATION (  '', ( #3082 ), #4590 ) ;
#4100 =( NAMED_UNIT ( * ) SI_UNIT ( $, .STERADIAN. ) SOLID_ANGLE_UNIT ( ) );
#4101 = ORIENTED_EDGE ( 'NONE', *, *, #7546, .F. ) ;
#4102 = EDGE_LOOP ( 'NONE', ( #2502, #9690, #9612, #9572, #9392, #9305, #9258, #9245, #2675 ) ) ;
#4103 = VERTEX_POINT ( 'NONE', #7462 ) ;
#4104 = CARTESIAN_POINT ( 'NONE',  ( 7.393443656958145200, 28.02182319754644600, -12.14263053503915500 ) ) ;
#4105 = CARTESIAN_POINT ( 'NONE',  ( -0.7729546113651030200, 31.64074417568345200, -9.865078408521679200 ) ) ;
#4106 = CARTESIAN_POINT ( 'NONE',  ( -3.502453961876664100, 26.71229279551774700, -12.44000000000000100 ) ) ;
#4107 = FACE_OUTER_BOUND ( 'NONE', #7702, .T. ) ;
#4108 = LINE ( 'NONE', #7732, #2057 ) ;
#4109 = DIRECTION ( 'NONE',  ( 0.0000000000000000000, -0.0000000000000000000, 1.000000000000000000 ) ) ;
#4110 = CARTESIAN_POINT ( 'NONE',  ( 4.286439999964808400, 28.36077100000000000, -12.49000000000000200 ) ) ;
#4111 = LINE ( 'NONE', #6908, #3866 ) ;
#4112 = ORIENTED_EDGE ( 'NONE', *, *, #8666, .T. ) ;
#4113 = ORIENTED_EDGE ( 'NONE', *, *, #4067, .T. ) ;
#4114 = CARTESIAN_POINT ( 'NONE',  ( 5.044730245567377500, 29.75052697001967800, -9.765000000000000600 ) ) ;
#4115 = PRESENTATION_LAYER_ASSIGNMENT (  '', '', ( #4603 ) ) ;
#4116 = DIRECTION ( 'NONE',  ( 0.0000000000000000000, 0.0000000000000000000, -1.000000000000000000 ) ) ;
#4117 = LINE ( 'NONE', #4011, #8072 ) ;
#4118 = UNCERTAINTY_MEASURE_WITH_UNIT (LENGTH_MEASURE( 1.000000000000000100E-005 ), #6803, 'distance_accuracy_value', 'NONE');
#4119 = ORIENTED_EDGE ( 'NONE', *, *, #2839, .F. ) ;
#4120 = CARTESIAN_POINT ( 'NONE',  ( 6.699991030787229500, 20.96229676927035300, -12.49000000000000200 ) ) ;
#4121 = EDGE_CURVE ( 'NONE', #1928, #6895, #7012, .T. ) ;
#4122 = SURFACE_STYLE_USAGE ( .BOTH. , #8826 ) ;
#4123 = VECTOR ( 'NONE', #6267, 1000.000000000000000 ) ;
#4124 = VECTOR ( 'NONE', #5506, 1000.000000000000100 ) ;
#4125 = PRESENTATION_LAYER_ASSIGNMENT (  '', '', ( #4618 ) ) ;
#4126 = VERTEX_POINT ( 'NONE', #6667 ) ;
#4127 = CARTESIAN_POINT ( 'NONE',  ( -1.610198512892283600, 31.37265961147454300, -9.865078408521679200 ) ) ;
#4128 = EDGE_CURVE ( 'NONE', #6161, #3702, #845, .T. ) ;
#4129 = DIRECTION ( 'NONE',  ( 0.0000000000000000000, -0.0000000000000000000, 1.000000000000000000 ) ) ;
#4130 = UNCERTAINTY_MEASURE_WITH_UNIT (LENGTH_MEASURE( 1.000000000000000100E-005 ), #2626, 'distance_accuracy_value', 'NONE');
#4131 = FACE_OUTER_BOUND ( 'NONE', #2483, .T. ) ;
#4132 = VECTOR ( 'NONE', #29, 1000.000000000000000 ) ;
#4133 = ADVANCED_FACE ( 'NONE', ( #4646 ), #7893, .F. ) ;
#4134 = CARTESIAN_POINT ( 'NONE',  ( -5.500254966267450000, 28.19878122916831500, -10.06500000000000100 ) ) ;
#4135 = LINE ( 'NONE', #835, #6196 ) ;
#4136 = EDGE_CURVE ( 'NONE', #2907, #9042, #5972, .T. ) ;
#4137 =( LENGTH_UNIT ( ) NAMED_UNIT ( * ) SI_UNIT ( .MILLI., .METRE. ) );
#4138 =( NAMED_UNIT ( * ) PLANE_ANGLE_UNIT ( ) SI_UNIT ( $, .RADIAN. ) );
#4139 = CARTESIAN_POINT ( 'NONE',  ( 6.699991030787229500, 20.96229676927035300, -12.49000000000000200 ) ) ;
#4140 = DIRECTION ( 'NONE',  ( 0.0000000000000000000, 0.0000000000000000000, -1.000000000000000000 ) ) ;
#4141 = FILL_AREA_STYLE ('',( #6555 ) ) ;
#4142 = LINE ( 'NONE', #6694, #8097 ) ;
#4143 = SURFACE_STYLE_USAGE ( .BOTH. , #8843 ) ;
#4144 = VERTEX_POINT ( 'NONE', #4347 ) ;
#4145 = AXIS2_PLACEMENT_3D ( 'NONE', #3001, #3271, #4269 ) ;
#4146 = CARTESIAN_POINT ( 'NONE',  ( 1.000000000527495600, 22.86229349947144100, -13.14000000000000200 ) ) ;
#4147 = EDGE_CURVE ( 'NONE', #256, #1192, #3684, .T. ) ;
#4148 = ORIENTED_EDGE ( 'NONE', *, *, #4174, .F. ) ;
#4149 = CARTESIAN_POINT ( 'NONE',  ( -2.268048901962275400, 31.20145680651486900, -12.05474872335443800 ) ) ;
#4150 = PRESENTATION_LAYER_ASSIGNMENT (  '', '', ( #2616 ) ) ;
#4151 = MECHANICAL_DESIGN_GEOMETRIC_PRESENTATION_REPRESENTATION (  '', ( #2619 ), #4649 ) ;
#4152 = CARTESIAN_POINT ( 'NONE',  ( -4.602453961876664200, 26.46229349947144300, -12.44000000000000100 ) ) ;
#4153 = ORIENTED_EDGE ( 'NONE', *, *, #5786, .T. ) ;
#4154 = LINE ( 'NONE', #3287, #6221 ) ;
#4155 = CARTESIAN_POINT ( 'NONE',  ( 0.9999953779657178000, 24.66229349947143800, -11.96500000000000200 ) ) ;
#4156 = APPLICATION_PROTOCOL_DEFINITION ( 'draft international standard', 'automotive_design', 1998, #4922 ) ;
#4157 =( NAMED_UNIT ( * ) PLANE_ANGLE_UNIT ( ) SI_UNIT ( $, .RADIAN. ) );
#4158 = ORIENTED_EDGE ( 'NONE', *, *, #8409, .T. ) ;
#4159 = EDGE_LOOP ( 'NONE', ( #890, #2779, #9013, #2319 ) ) ;
#4160 = DIRECTION ( 'NONE',  ( 0.0000000000000000000, -1.000000000000000000, 0.0000000000000000000 ) ) ;
#4161 = DIRECTION ( 'NONE',  ( 0.0000000000000000000, 0.0000000000000000000, -1.000000000000000000 ) ) ;
#4162 = STYLED_ITEM ( 'NONE', ( #9207 ), #6628 ) ;
#4163 = CYLINDRICAL_SURFACE ( 'NONE', #3447, 0.1999999999999996500 ) ;
#4164 = DIRECTION ( 'NONE',  ( 0.0000000000000000000, -1.000000000000000000, 0.0000000000000000000 ) ) ;
#4165 = CARTESIAN_POINT ( 'NONE',  ( 3.823152759203646900, 31.46030882007397300, -10.02592586700287900 ) ) ;
#4166 = CARTESIAN_POINT ( 'NONE',  ( -6.258764761715996300, 26.10118238836032500, -10.06500000000000100 ) ) ;
#4167 = CIRCLE ( 'NONE', #2430, 7.099999999999998800 ) ;
#4168 = ADVANCED_FACE ( 'NONE', ( #9937 ), #6734, .F. ) ;
#4169 = PRESENTATION_LAYER_ASSIGNMENT (  '', '', ( #3163 ) ) ;
#4170 = CARTESIAN_POINT ( 'NONE',  ( 6.602453769200106000, 25.86229349947144100, -11.99000000000000200 ) ) ;
#4171 = DIRECTION ( 'NONE',  ( 0.0000000000000000000, 0.0000000000000000000, -1.000000000000000000 ) ) ;
#4172 = EDGE_CURVE ( 'NONE', #6509, #1821, #968, .T. ) ;
#4173 = ORIENTED_EDGE ( 'NONE', *, *, #1366, .T. ) ;
#4174 = EDGE_CURVE ( 'NONE', #8177, #2297, #7150, .T. ) ;
#4175 = VECTOR ( 'NONE', #9909, 1000.000000000000000 ) ;
#4176 = CARTESIAN_POINT ( 'NONE',  ( -6.062582055238112700, 26.06229349947143700, -12.26500000000000200 ) ) ;
#4177 =( GEOMETRIC_REPRESENTATION_CONTEXT ( 3 ) GLOBAL_UNCERTAINTY_ASSIGNED_CONTEXT ( ( #5833 ) ) GLOBAL_UNIT_ASSIGNED_CONTEXT ( ( #4207, #4157, #4100 ) ) REPRESENTATION_CONTEXT ( 'NONE', 'WORKASPACE' ) );
#4178 = ORIENTED_EDGE ( 'NONE', *, *, #5668, .F. ) ;
#4179 = ORIENTED_EDGE ( 'NONE', *, *, #2063, .T. ) ;
#4180 = APPLICATION_CONTEXT ( 'automotive_design' ) ;
#4181 = LINE ( 'NONE', #9756, #3129 ) ;
#4182 = SURFACE_STYLE_FILL_AREA ( #1604 ) ;
#4183 = FACE_OUTER_BOUND ( 'NONE', #7023, .T. ) ;
#4184 =( LENGTH_UNIT ( ) NAMED_UNIT ( * ) SI_UNIT ( .MILLI., .METRE. ) );
#4185 = DIRECTION ( 'NONE',  ( 0.0000000000000000000, 0.0000000000000000000, -1.000000000000000000 ) ) ;
#4186 = EDGE_CURVE ( 'NONE', #9133, #2696, #2982, .T. ) ;
#4187 = ORIENTED_EDGE ( 'NONE', *, *, #5588, .T. ) ;
#4188 = EDGE_CURVE ( 'NONE', #7207, #4094, #4775, .T. ) ;
#4189 = VERTEX_POINT ( 'NONE', #1381 ) ;
#4190 =( NAMED_UNIT ( * ) SI_UNIT ( $, .STERADIAN. ) SOLID_ANGLE_UNIT ( ) );
#4191 = AXIS2_PLACEMENT_3D ( 'NONE', #9874, #564, #5923 ) ;
#4192 =( GEOMETRIC_REPRESENTATION_CONTEXT ( 3 ) GLOBAL_UNCERTAINTY_ASSIGNED_CONTEXT ( ( #1283 ) ) GLOBAL_UNIT_ASSIGNED_CONTEXT ( ( #8322, #3620, #9104 ) ) REPRESENTATION_CONTEXT ( 'NONE', 'WORKASPACE' ) );
#4193 = CARTESIAN_POINT ( 'NONE',  ( 4.649389494403681800, 31.09983360287335700, -10.06500000000000100 ) ) ;
#4194 = STYLED_ITEM ( 'NONE', ( #8382 ), #5984 ) ;
#4195 = DIRECTION ( 'NONE',  ( 0.0000000000000000000, -1.000000000000000000, 0.0000000000000000000 ) ) ;
#4196 = EDGE_LOOP ( 'NONE', ( #3869, #6664, #6306, #9986 ) ) ;
#4197 = EDGE_CURVE ( 'NONE', #7878, #9461, #704, .T. ) ;
#4198 = CARTESIAN_POINT ( 'NONE',  ( -6.062582055238112700, 25.86229349947143800, -12.20120212457107400 ) ) ;
#4199 = ORIENTED_EDGE ( 'NONE', *, *, #4555, .T. ) ;
#4200 = LINE ( 'NONE', #2220, #163 ) ;
#4201 = CARTESIAN_POINT ( 'NONE',  ( 7.388265879439494200, 25.86229349947143800, -12.26500000000000200 ) ) ;
#4202 = PRESENTATION_STYLE_ASSIGNMENT (( #8320 ) ) ;
#4203 =( GEOMETRIC_REPRESENTATION_CONTEXT ( 3 ) GLOBAL_UNCERTAINTY_ASSIGNED_CONTEXT ( ( #2763 ) ) GLOBAL_UNIT_ASSIGNED_CONTEXT ( ( #7845, #3159, #8621 ) ) REPRESENTATION_CONTEXT ( 'NONE', 'WORKASPACE' ) );
#4204 = ORIENTED_EDGE ( 'NONE', *, *, #1340, .F. ) ;
#4205 = CARTESIAN_POINT ( 'NONE',  ( 6.602453769200100600, 26.71229338220534900, -9.540000000000000900 ) ) ;
#4206 = MECHANICAL_DESIGN_GEOMETRIC_PRESENTATION_REPRESENTATION (  '', ( #3217 ), #4745 ) ;
#4207 =( LENGTH_UNIT ( ) NAMED_UNIT ( * ) SI_UNIT ( .MILLI., .METRE. ) );
#4208 = ORIENTED_EDGE ( 'NONE', *, *, #5029, .F. ) ;
#4209 = ADVANCED_FACE ( 'NONE', ( #453 ), #7738, .F. ) ;
#4210 = ORIENTED_EDGE ( 'NONE', *, *, #2665, .F. ) ;
#4211 = DIRECTION ( 'NONE',  ( 0.0000000000000000000, 0.0000000000000000000, -1.000000000000000000 ) ) ;
#4212 = DIRECTION ( 'NONE',  ( 0.0000000000000000000, 0.0000000000000000000, -1.000000000000000000 ) ) ;
#4213 = DIRECTION ( 'NONE',  ( 0.0000000000000000000, -1.000000000000000000, 0.0000000000000000000 ) ) ;
#4214 = CIRCLE ( 'NONE', #4085, 7.399999999999999500 ) ;
#4215 = PLANE ( 'NONE',  #7847 ) ;
#4216 = CYLINDRICAL_SURFACE ( 'NONE', #8932, 7.400000000000000400 ) ;
#4217 = UNCERTAINTY_MEASURE_WITH_UNIT (LENGTH_MEASURE( 1.000000000000000100E-005 ), #5291, 'distance_accuracy_value', 'NONE');
#4218 = VERTEX_POINT ( 'NONE', #9222 ) ;
#4219 =( GEOMETRIC_REPRESENTATION_CONTEXT ( 3 ) GLOBAL_UNCERTAINTY_ASSIGNED_CONTEXT ( ( #1739 ) ) GLOBAL_UNIT_ASSIGNED_CONTEXT ( ( #1233, #6646, #2016 ) ) REPRESENTATION_CONTEXT ( 'NONE', 'WORKASPACE' ) );
#4220 = UNCERTAINTY_MEASURE_WITH_UNIT (LENGTH_MEASURE( 1.000000000000000100E-005 ), #5398, 'distance_accuracy_value', 'NONE');
#4221 =( NAMED_UNIT ( * ) SI_UNIT ( $, .STERADIAN. ) SOLID_ANGLE_UNIT ( ) );
#4222 = CARTESIAN_POINT ( 'NONE',  ( 0.09999537796571891800, 32.10809768706595700, -11.76500000000000100 ) ) ;
#4223 = FILL_AREA_STYLE_COLOUR ( '', #5716 ) ;
#4224 = SURFACE_STYLE_FILL_AREA ( #2328 ) ;
#4225 = EDGE_CURVE ( 'NONE', #2841, #9551, #9813, .T. ) ;
#4226 = EDGE_CURVE ( 'NONE', #8507, #2383, #5848, .T. ) ;
#4227 = VERTEX_POINT ( 'NONE', #2236 ) ;
#4228 = PRESENTATION_LAYER_ASSIGNMENT (  '', '', ( #3732 ) ) ;
#4229 = CARTESIAN_POINT ( 'NONE',  ( 0.9999953779657178000, 24.66229349947143800, -12.26500000000000200 ) ) ;
#4230 = UNCERTAINTY_MEASURE_WITH_UNIT (LENGTH_MEASURE( 1.000000000000000100E-005 ), #4314, 'distance_accuracy_value', 'NONE');
#4231 = STYLED_ITEM ( 'NONE', ( #214 ), #8622 ) ;
#4232 = SURFACE_STYLE_FILL_AREA ( #648 ) ;
#4233 = DIRECTION ( 'NONE',  ( 0.0000000000000000000, -0.0000000000000000000, 1.000000000000000000 ) ) ;
#4234 = VERTEX_POINT ( 'NONE', #3017 ) ;
#4235 =( NAMED_UNIT ( * ) SI_UNIT ( $, .STERADIAN. ) SOLID_ANGLE_UNIT ( ) );
#4236 = ORIENTED_EDGE ( 'NONE', *, *, #8265, .T. ) ;
#4237 = PRESENTATION_LAYER_ASSIGNMENT (  '', '', ( #4777 ) ) ;
#4238 = PLANE ( 'NONE',  #5480 ) ;
#4239 =( GEOMETRIC_REPRESENTATION_CONTEXT ( 3 ) GLOBAL_UNCERTAINTY_ASSIGNED_CONTEXT ( ( #9299 ) ) GLOBAL_UNIT_ASSIGNED_CONTEXT ( ( #8560, #3859, #9356 ) ) REPRESENTATION_CONTEXT ( 'NONE', 'WORKASPACE' ) );
#4240 = SURFACE_STYLE_FILL_AREA ( #6171 ) ;
#4241 = SURFACE_STYLE_FILL_AREA ( #4141 ) ;
#4242 = ORIENTED_EDGE ( 'NONE', *, *, #9785, .F. ) ;
#4243 = DIRECTION ( 'NONE',  ( 0.9063111147635359900, -0.4226111253340079600, -0.0000000000000000000 ) ) ;
#4244 = DIRECTION ( 'NONE',  ( 1.000000000000000000, 0.0000000000000000000, 0.0000000000000000000 ) ) ;
#4245 = ORIENTED_EDGE ( 'NONE', *, *, #5468, .F. ) ;
#4246 = FACE_OUTER_BOUND ( 'NONE', #6525, .T. ) ;
#4247 = B_SPLINE_CURVE_WITH_KNOTS ( 'NONE', 3,
 ( #4679, #5522, #6364, #3916 ),
 .UNSPECIFIED., .F., .F.,
 ( 4, 4 ),
 ( 0.0005282829115504106000, 0.0007518333104570088800 ),
 .UNSPECIFIED. ) ;
#4248 = CARTESIAN_POINT ( 'NONE',  ( -0.04999999947250471200, 20.66229349947143800, -11.84000000000000200 ) ) ;
#4249 = CARTESIAN_POINT ( 'NONE',  ( 0.9999953779657178000, 24.66229349947143800, -10.06500000000000100 ) ) ;
#4250 = CARTESIAN_POINT ( 'NONE',  ( 6.852453769200100600, 26.46229349947144300, -12.54000000000000300 ) ) ;
#4251 = CYLINDRICAL_SURFACE ( 'NONE', #3478, 0.1999999999999996500 ) ;
#4252 = SURFACE_STYLE_FILL_AREA ( #638 ) ;
#4253 = VERTEX_POINT ( 'NONE', #5249 ) ;
#4254 = ADVANCED_FACE ( 'NONE', ( #3813 ), #9260, .F. ) ;
#4255 = AXIS2_PLACEMENT_3D ( 'NONE', #9547, #4813, #247 ) ;
#4256 = CARTESIAN_POINT ( 'NONE',  ( 4.733596794213403000, 29.35912439536212300, -12.26500000000000200 ) ) ;
#4257 = AXIS2_PLACEMENT_3D ( 'NONE', #476, #5095, #6645 ) ;
#4258 =( NAMED_UNIT ( * ) PLANE_ANGLE_UNIT ( ) SI_UNIT ( $, .RADIAN. ) );
#4259 = EDGE_LOOP ( 'NONE', ( #635, #2630, #5749, #714 ) ) ;
#4260 =( GEOMETRIC_REPRESENTATION_CONTEXT ( 3 ) GLOBAL_UNCERTAINTY_ASSIGNED_CONTEXT ( ( #2346 ) ) GLOBAL_UNIT_ASSIGNED_CONTEXT ( ( #10004, #5243, #694 ) ) REPRESENTATION_CONTEXT ( 'NONE', 'WORKASPACE' ) );
#4261 = VECTOR ( 'NONE', #4212, 1000.000000000000000 ) ;
#4262 = CARTESIAN_POINT ( 'NONE',  ( 1.450000000527496400, 20.81229349947144100, -11.99000000000000200 ) ) ;
#4263 = LINE ( 'NONE', #8789, #244 ) ;
#4264 = SURFACE_STYLE_USAGE ( .BOTH. , #8997 ) ;
#4265 = CARTESIAN_POINT ( 'NONE',  ( 1.450000000527496400, 20.81229349947144100, -11.99000000000000200 ) ) ;
#4266 = FILL_AREA_STYLE ('',( #4365 ) ) ;
#4267 = VECTOR ( 'NONE', #1595, 1000.000000000000000 ) ;
#4268 = CARTESIAN_POINT ( 'NONE',  ( -2.513759998929610000, 28.36077100000000000, -12.49000000000000200 ) ) ;
#4269 = DIRECTION ( 'NONE',  ( -1.000000000000000000, 0.0000000000000000000, 0.0000000000000000000 ) ) ;
#4270 = ORIENTED_EDGE ( 'NONE', *, *, #4553, .F. ) ;
#4271 =( NAMED_UNIT ( * ) PLANE_ANGLE_UNIT ( ) SI_UNIT ( $, .RADIAN. ) );
#4272 = VECTOR ( 'NONE', #6113, 1000.000000000000000 ) ;
#4273 = ORIENTED_EDGE ( 'NONE', *, *, #345, .F. ) ;
#4274 = EDGE_LOOP ( 'NONE', ( #4283, #3586, #368, #8240 ) ) ;
#4275 = CARTESIAN_POINT ( 'NONE',  ( -2.916127522693602100, 28.17313568983686500, -12.49000000000000200 ) ) ;
#4276 = CARTESIAN_POINT ( 'NONE',  ( 1.899995377965719300, 32.10809768706595700, -10.26500000000000200 ) ) ;
#4277 = FILL_AREA_STYLE_COLOUR ( '', #2493 ) ;
#4278 = LINE ( 'NONE', #1776, #8246 ) ;
#4279 = PRESENTATION_STYLE_ASSIGNMENT (( #9041 ) ) ;
#4280 = VECTOR ( 'NONE', #7174, 1000.000000000000000 ) ;
#4281 = PRESENTATION_STYLE_ASSIGNMENT (( #5326 ) ) ;
#4282 = PRESENTATION_STYLE_ASSIGNMENT (( #5280 ) ) ;
#4283 = ORIENTED_EDGE ( 'NONE', *, *, #2828, .F. ) ;
#4284 = AXIS2_PLACEMENT_3D ( 'NONE', #7673, #3004, #8452 ) ;
#4285 = EDGE_CURVE ( 'NONE', #5266, #1110, #2850, .T. ) ;
#4286 = VERTEX_POINT ( 'NONE', #9970 ) ;
#4287 =( NAMED_UNIT ( * ) PLANE_ANGLE_UNIT ( ) SI_UNIT ( $, .RADIAN. ) );
#4288 = CARTESIAN_POINT ( 'NONE',  ( 3.896199541903232700, 29.79926116199805400, -12.26500000000000200 ) ) ;
#4289 = SURFACE_SIDE_STYLE ('',( #9642 ) ) ;
#4290 = SURFACE_STYLE_FILL_AREA ( #3472 ) ;
#4291 = STYLED_ITEM ( 'NONE', ( #5269 ), #2822 ) ;
#4292 = DIRECTION ( 'NONE',  ( 0.0000000000000000000, -0.0000000000000000000, 1.000000000000000000 ) ) ;
#4293 = CARTESIAN_POINT ( 'NONE',  ( -1.471721815944488300, 31.48052928821544300, -12.11258825999508400 ) ) ;
#4294 = SURFACE_STYLE_USAGE ( .BOTH. , #4735 ) ;
#4295 = EDGE_LOOP ( 'NONE', ( #9684, #4755, #2719, #5712 ) ) ;
#4296 = ADVANCED_FACE ( 'NONE', ( #8835 ), #9927, .T. ) ;
#4297 = CARTESIAN_POINT ( 'NONE',  ( 6.584846271614251700, 29.51713031400116800, -9.765000000000000600 ) ) ;
#4298 = FILL_AREA_STYLE_COLOUR ( '', #353 ) ;
#4299 = PLANE ( 'NONE',  #8979 ) ;
#4300 = VECTOR ( 'NONE', #9466, 1000.000000000000000 ) ;
#4301 = AXIS2_PLACEMENT_3D ( 'NONE', #6830, #6692, #6268 ) ;
#4302 = LINE ( 'NONE', #3682, #2304 ) ;
#4303 = EDGE_CURVE ( 'NONE', #8064, #158, #5962, .T. ) ;
#4304 = CARTESIAN_POINT ( 'NONE',  ( -0.04999999947250471200, 20.81229349947144100, -11.84000000000000200 ) ) ;
#4305 = AXIS2_PLACEMENT_3D ( 'NONE', #7156, #2485, #7967 ) ;
#4306 = PRODUCT_RELATED_PRODUCT_CATEGORY ( 'part', '', ( #3141 ) ) ;
#4307 = DIRECTION ( 'NONE',  ( 1.000000000000000000, 0.0000000000000000000, 0.0000000000000000000 ) ) ;
#4308 = FACE_OUTER_BOUND ( 'NONE', #5656, .T. ) ;
#4309 = B_SPLINE_CURVE_WITH_KNOTS ( 'NONE', 3,
 ( #2007, #7440, #5067, #4293, #2042, #3532, #8631, #7856, #6234, #3167, #2398, #1617, #3931, #7060 ),
 .UNSPECIFIED., .F., .F.,
 ( 4, 2, 2, 2, 2, 2, 4 ),
 ( 0.0000000000000000000, 0.0001879583276142562900, 0.0002819374914213829200, 0.0003759166552285095900, 0.0004698958190356362000, 0.0005638749828427628100, 0.0007518333104570161400 ),
 .UNSPECIFIED. ) ;
#4310 = AXIS2_PLACEMENT_3D ( 'NONE', #2539, #8011, #3311 ) ;
#4311 = ORIENTED_EDGE ( 'NONE', *, *, #7740, .F. ) ;
#4312 = STYLED_ITEM ( 'NONE', ( #1534 ), #4091 ) ;
#4313 = CARTESIAN_POINT ( 'NONE',  ( 1.000000000527495600, 24.86229299947142100, -9.540000000000000900 ) ) ;
#4314 =( LENGTH_UNIT ( ) NAMED_UNIT ( * ) SI_UNIT ( .MILLI., .METRE. ) );
#4315 =( LENGTH_UNIT ( ) NAMED_UNIT ( * ) SI_UNIT ( .MILLI., .METRE. ) );
#4316 = VECTOR ( 'NONE', #5935, 1000.000000000000000 ) ;
#4317 = ORIENTED_EDGE ( 'NONE', *, *, #9482, .T. ) ;
#4318 = DIRECTION ( 'NONE',  ( 0.0000000000000000000, 0.0000000000000000000, -1.000000000000000000 ) ) ;
#4319 = CARTESIAN_POINT ( 'NONE',  ( 6.552453769200100800, 26.46229349947144300, -11.99000000000000200 ) ) ;
#4320 =( NAMED_UNIT ( * ) SI_UNIT ( $, .STERADIAN. ) SOLID_ANGLE_UNIT ( ) );
#4321 = CIRCLE ( 'NONE', #307, 4.849999999999997900 ) ;
#4322 =( GEOMETRIC_REPRESENTATION_CONTEXT ( 3 ) GLOBAL_UNCERTAINTY_ASSIGNED_CONTEXT ( ( #267 ) ) GLOBAL_UNIT_ASSIGNED_CONTEXT ( ( #2735, #8201, #3492 ) ) REPRESENTATION_CONTEXT ( 'NONE', 'WORKASPACE' ) );
#4323 = DIRECTION ( 'NONE',  ( -1.000000000000000000, 0.0000000000000000000, 0.0000000000000000000 ) ) ;
#4324 = LINE ( 'NONE', #3445, #295 ) ;
#4325 = EDGE_LOOP ( 'NONE', ( #3646, #7684, #3357, #734 ) ) ;
#4326 = CARTESIAN_POINT ( 'NONE',  ( 0.5500000005274974200, 20.66229349947143800, -11.84000000000000200 ) ) ;
#4327 = DIRECTION ( 'NONE',  ( 1.000000000000000000, 0.0000000000000000000, 0.0000000000000000000 ) ) ;
#4328 = VECTOR ( 'NONE', #131, 1000.000000000000000 ) ;
#4329 = FILL_AREA_STYLE_COLOUR ( '', #9886 ) ;
#4330 = UNCERTAINTY_MEASURE_WITH_UNIT (LENGTH_MEASURE( 1.000000000000000100E-005 ), #1016, 'distance_accuracy_value', 'NONE');
#4331 = DIRECTION ( 'NONE',  ( 1.000000000000000000, 0.0000000000000000000, 0.0000000000000000000 ) ) ;
#4332 = CARTESIAN_POINT ( 'NONE',  ( -2.449999999472504800, 20.66229349947143800, -12.54000000000000300 ) ) ;
#4333 = CARTESIAN_POINT ( 'NONE',  ( -3.049999999472504900, 20.66229349947143800, -11.84000000000000200 ) ) ;
#4334 = UNCERTAINTY_MEASURE_WITH_UNIT (LENGTH_MEASURE( 1.000000000000000100E-005 ), #2799, 'distance_accuracy_value', 'NONE');
#4335 = CARTESIAN_POINT ( 'NONE',  ( -2.449999999472504800, 20.66229349947143800, -12.54000000000000300 ) ) ;
#4336 = SURFACE_STYLE_USAGE ( .BOTH. , #9065 ) ;
#4337 = LINE ( 'NONE', #6945, #527 ) ;
#4338 = AXIS2_PLACEMENT_3D ( 'NONE', #777, #3847, #9336 ) ;
#4339 = DIRECTION ( 'NONE',  ( -1.000000000000000000, 0.0000000000000000000, 0.0000000000000000000 ) ) ;
#4340 = CARTESIAN_POINT ( 'NONE',  ( 2.950000000527496000, 20.81229349947144100, -11.99000000000000200 ) ) ;
#4341 = CARTESIAN_POINT ( 'NONE',  ( -6.056513591539467000, 25.86229349947143800, -12.20718477210349600 ) ) ;
#4342 = SURFACE_STYLE_FILL_AREA ( #3542 ) ;
#4343 = EDGE_CURVE ( 'NONE', #8442, #1179, #3546, .T. ) ;
#4344 = ADVANCED_FACE ( 'NONE', ( #7880 ), #2968, .T. ) ;
#4345 = EDGE_CURVE ( 'NONE', #8285, #6386, #1165, .T. ) ;
#4346 = LINE ( 'NONE', #9760, #6204 ) ;
#4347 = CARTESIAN_POINT ( 'NONE',  ( 0.5000000005306113300, 26.86229349947144100, -12.49000000000000200 ) ) ;
#4348 = EDGE_LOOP ( 'NONE', ( #2317, #2309, #2529, #2270 ) ) ;
#4350 =( NAMED_UNIT ( * ) PLANE_ANGLE_UNIT ( ) SI_UNIT ( $, .RADIAN. ) );
#4349 =( NAMED_UNIT ( * ) PLANE_ANGLE_UNIT ( ) SI_UNIT ( $, .RADIAN. ) );
#4351 = VERTEX_POINT ( 'NONE', #8503 ) ;
#4352 =( LENGTH_UNIT ( ) NAMED_UNIT ( * ) SI_UNIT ( .MILLI., .METRE. ) );
#4353 = DIRECTION ( 'NONE',  ( 0.9063006673066488200, 0.4226335297151929100, 0.0000000000000000000 ) ) ;
#4354 = CARTESIAN_POINT ( 'NONE',  ( 7.631177248446784100, 27.81746097732225900, -10.00854507241204600 ) ) ;
#4355 = EDGE_CURVE ( 'NONE', #167, #8032, #9197, .T. ) ;
#4356 = EDGE_CURVE ( 'NONE', #3162, #8497, #6617, .T. ) ;
#4357 = VECTOR ( 'NONE', #9856, 1000.000000000000000 ) ;
#4358 = COLOUR_RGB ( '',1.000000000000000000, 0.0000000000000000000, 1.000000000000000000 ) ;
#4359 = STYLED_ITEM ( 'NONE', ( #6883 ), #1510 ) ;
#4360 = DIRECTION ( 'NONE',  ( 0.0000000000000000000, 0.0000000000000000000, -1.000000000000000000 ) ) ;
#4361 = AXIS2_PLACEMENT_3D ( 'NONE', #5792, #4233, #465 ) ;
#4362 =( NAMED_UNIT ( * ) PLANE_ANGLE_UNIT ( ) SI_UNIT ( $, .RADIAN. ) );
#4363 = DIRECTION ( 'NONE',  ( 0.0000000000000000000, -0.0000000000000000000, 1.000000000000000000 ) ) ;
#4364 = CARTESIAN_POINT ( 'NONE',  ( 4.450000000527496400, 20.96229349947143900, -11.84000000000000200 ) ) ;
#4365 = FILL_AREA_STYLE_COLOUR ( '', #3156 ) ;
#4366 = AXIS2_PLACEMENT_3D ( 'NONE', #5132, #574, #5940 ) ;
#4367 =( NAMED_UNIT ( * ) SI_UNIT ( $, .STERADIAN. ) SOLID_ANGLE_UNIT ( ) );
#4368 = CARTESIAN_POINT ( 'NONE',  ( -3.299999999472504400, 20.96229614966531000, -12.44000000000000100 ) ) ;
#4369 = EDGE_CURVE ( 'NONE', #4034, #7124, #8956, .T. ) ;
#4370 = ORIENTED_EDGE ( 'NONE', *, *, #7685, .F. ) ;
#4371 = CARTESIAN_POINT ( 'NONE',  ( 6.852453769200100600, 25.86229349947144100, -11.84000000000000200 ) ) ;
#4372 = B_SPLINE_CURVE_WITH_KNOTS ( 'NONE', 3,
 ( #9446, #7117, #3248, #8710, #4019, #9511, #4774, #211, #5549, #983 ),
 .UNSPECIFIED., .F., .F.,
 ( 4, 2, 2, 2, 4 ),
 ( 0.0000000000000000000, 0.0001395131890199031500, 0.0002790263780398063100, 0.0004185395670597094600, 0.0005580527560796126200 ),
 .UNSPECIFIED. ) ;
#4373 = DIRECTION ( 'NONE',  ( 0.0000000000000000000, 0.0000000000000000000, 1.000000000000000000 ) ) ;
#4374 = DIRECTION ( 'NONE',  ( 0.0000000000000000000, 0.0000000000000000000, -1.000000000000000000 ) ) ;
#4375 = DIRECTION ( 'NONE',  ( -1.000000000000000000, 0.0000000000000000000, 0.0000000000000000000 ) ) ;
#4376 = SURFACE_SIDE_STYLE ('',( #3949 ) ) ;
#4377 =( NAMED_UNIT ( * ) SI_UNIT ( $, .STERADIAN. ) SOLID_ANGLE_UNIT ( ) );
#4378 = PRESENTATION_LAYER_ASSIGNMENT (  '', '', ( #4921 ) ) ;
#4379 =( LENGTH_UNIT ( ) NAMED_UNIT ( * ) SI_UNIT ( .MILLI., .METRE. ) );
#4380 = COLOUR_RGB ( '',1.000000000000000000, 0.0000000000000000000, 1.000000000000000000 ) ;
#4381 =( NAMED_UNIT ( * ) SI_UNIT ( $, .STERADIAN. ) SOLID_ANGLE_UNIT ( ) );
#4382 = DIRECTION ( 'NONE',  ( 0.0000000000000000000, 0.0000000000000000000, -1.000000000000000000 ) ) ;
#4383 = COLOUR_RGB ( '',1.000000000000000000, 0.0000000000000000000, 1.000000000000000000 ) ;
#4384 = ORIENTED_EDGE ( 'NONE', *, *, #1053, .T. ) ;
#4385 = DIRECTION ( 'NONE',  ( -0.0000000000000000000, 0.0000000000000000000, 1.000000000000000000 ) ) ;
#4386 = PRESENTATION_STYLE_ASSIGNMENT (( #2076 ) ) ;
#4387 = SHAPE_DEFINITION_REPRESENTATION ( #3553, #2364 ) ;
#4388 = PRESENTATION_STYLE_ASSIGNMENT (( #74 ) ) ;
#4389 = ADVANCED_FACE ( 'NONE', ( #956 ), #8582, .F. ) ;
#4390 = SURFACE_SIDE_STYLE ('',( #4954 ) ) ;
#4391 = EDGE_LOOP ( 'NONE', ( #10008, #5672, #6137, #2217, #1848, #8281 ) ) ;
#4392 = CARTESIAN_POINT ( 'NONE',  ( -4.852453961876661600, 26.46229349947144300, -12.44000000000000100 ) ) ;
#4393 = CARTESIAN_POINT ( 'NONE',  ( 5.870809653799518900, 27.61762785706060800, -9.540000000000000900 ) ) ;
#4394 = ORIENTED_EDGE ( 'NONE', *, *, #5409, .F. ) ;
#4395 = STYLED_ITEM ( 'NONE', ( #8605 ), #7282 ) ;
#4396 = DIRECTION ( 'NONE',  ( 1.000000000000000000, 0.0000000000000000000, 0.0000000000000000000 ) ) ;
#4397 = SURFACE_SIDE_STYLE ('',( #9519 ) ) ;
#4398 = EDGE_CURVE ( 'NONE', #411, #9689, #4054, .T. ) ;
#4399 =( LENGTH_UNIT ( ) NAMED_UNIT ( * ) SI_UNIT ( .MILLI., .METRE. ) );
#4400 = VECTOR ( 'NONE', #6701, 1000.000000000000000 ) ;
#4401 = EDGE_CURVE ( 'NONE', #3162, #2021, #1999, .T. ) ;
#4402 = FACE_OUTER_BOUND ( 'NONE', #2135, .T. ) ;
#4403 = CARTESIAN_POINT ( 'NONE',  ( 5.870809653799518900, 27.61762785706060800, -12.49000000000000200 ) ) ;
#4404 = PRESENTATION_LAYER_ASSIGNMENT (  '', '', ( #3930 ) ) ;
#4405 = FILL_AREA_STYLE_COLOUR ( '', #8520 ) ;
#4406 = ORIENTED_EDGE ( 'NONE', *, *, #7777, .F. ) ;
#4407 = COLOUR_RGB ( '',1.000000000000000000, 1.000000000000000000, 1.000000000000000000 ) ;
#4408 = PRESENTATION_LAYER_ASSIGNMENT (  '', '', ( #3415 ) ) ;
#4409 = EDGE_CURVE ( 'NONE', #4793, #628, #2805, .T. ) ;
#4410 = DIRECTION ( 'NONE',  ( 0.9063006673066497100, 0.4226335297151911900, 0.0000000000000000000 ) ) ;
#4411 =( NAMED_UNIT ( * ) PLANE_ANGLE_UNIT ( ) SI_UNIT ( $, .RADIAN. ) );
#4412 = CYLINDRICAL_SURFACE ( 'NONE', #4725, 0.1999999999999996500 ) ;
#4413 =( LENGTH_UNIT ( ) NAMED_UNIT ( * ) SI_UNIT ( .MILLI., .METRE. ) );
#4414 = ORIENTED_EDGE ( 'NONE', *, *, #863, .T. ) ;
#4415 = CARTESIAN_POINT ( 'NONE',  ( -3.502453961876663700, 25.61229279551774600, -12.49000000000000200 ) ) ;
#4416 =( GEOMETRIC_REPRESENTATION_CONTEXT ( 3 ) GLOBAL_UNCERTAINTY_ASSIGNED_CONTEXT ( ( #1377 ) ) GLOBAL_UNIT_ASSIGNED_CONTEXT ( ( #7497, #7464, #7398 ) ) REPRESENTATION_CONTEXT ( 'NONE', 'WORKASPACE' ) );
#4417 = DIRECTION ( 'NONE',  ( 1.000000000000000000, 0.0000000000000000000, 0.0000000000000000000 ) ) ;
#4418 = CARTESIAN_POINT ( 'NONE',  ( 0.9999953779657178000, 24.66229349947143800, -11.96500000000000200 ) ) ;
#4419 = VECTOR ( 'NONE', #2049, 1000.000000000000000 ) ;
#4420 = ORIENTED_EDGE ( 'NONE', *, *, #5409, .T. ) ;
#4421 =( LENGTH_UNIT ( ) NAMED_UNIT ( * ) SI_UNIT ( .MILLI., .METRE. ) );
#4422 = ORIENTED_EDGE ( 'NONE', *, *, #9664, .F. ) ;
#4423 = STYLED_ITEM ( 'NONE', ( #6455 ), #945 ) ;
#4424 = EDGE_CURVE ( 'NONE', #1015, #2033, #5834, .T. ) ;
#4425 = SURFACE_STYLE_FILL_AREA ( #8311 ) ;
#4426 = CARTESIAN_POINT ( 'NONE',  ( -3.049999999472504900, 20.81229349947144100, -11.99000000000000200 ) ) ;
#4427 = ORIENTED_EDGE ( 'NONE', *, *, #990, .F. ) ;
#4428 = DIRECTION ( 'NONE',  ( 3.942553354492743000E-016, -1.000000000000000000, -0.0000000000000000000 ) ) ;
#4429 = CARTESIAN_POINT ( 'NONE',  ( 5.050000000527496100, 21.96229349947143600, -12.54000000000000300 ) ) ;
#4430 = ORIENTED_EDGE ( 'NONE', *, *, #6339, .F. ) ;
#4431 = MECHANICAL_DESIGN_GEOMETRIC_PRESENTATION_REPRESENTATION (  '', ( #3438 ), #4975 ) ;
#4432 = AXIS2_PLACEMENT_3D ( 'NONE', #6146, #1523, #6966 ) ;
#4433 = FILL_AREA_STYLE ('',( #7601 ) ) ;
#4434 = FILL_AREA_STYLE ('',( #4405 ) ) ;
#4435 = CARTESIAN_POINT ( 'NONE',  ( 7.882783279418045000, 27.38023954448804900, -11.96500000000000200 ) ) ;
#4436 = AXIS2_PLACEMENT_3D ( 'NONE', #6394, #7151, #212 ) ;
#4437 = CARTESIAN_POINT ( 'NONE',  ( 5.050000000527496100, 20.66229349947143800, -12.54000000000000300 ) ) ;
#4438 = ADVANCED_FACE ( 'NONE', ( #6094 ), #3954, .F. ) ;
#4439 = ORIENTED_EDGE ( 'NONE', *, *, #9173, .F. ) ;
#4440 = DIRECTION ( 'NONE',  ( 0.0000000000000000000, 0.0000000000000000000, -1.000000000000000000 ) ) ;
#4441 = PLANE ( 'NONE',  #5299 ) ;
#4442 =( LENGTH_UNIT ( ) NAMED_UNIT ( * ) SI_UNIT ( .MILLI., .METRE. ) );
#4443 = FILL_AREA_STYLE_COLOUR ( '', #4633 ) ;
#4444 = PRESENTATION_LAYER_ASSIGNMENT (  '', '', ( #3986 ) ) ;
#4445 = UNCERTAINTY_MEASURE_WITH_UNIT (LENGTH_MEASURE( 1.000000000000000100E-005 ), #519, 'distance_accuracy_value', 'NONE');
#4446 = CARTESIAN_POINT ( 'NONE',  ( 3.527323495588520900, 31.41199636795002100, -12.15770105321013300 ) ) ;
#4447 = ORIENTED_EDGE ( 'NONE', *, *, #6205, .F. ) ;
#4448 = CARTESIAN_POINT ( 'NONE',  ( -4.602453961876663300, 26.71229279551774700, -12.49000000000000200 ) ) ;
#4449 = SURFACE_STYLE_FILL_AREA ( #5892 ) ;
#4450 =( GEOMETRIC_REPRESENTATION_CONTEXT ( 3 ) GLOBAL_UNCERTAINTY_ASSIGNED_CONTEXT ( ( #4969 ) ) GLOBAL_UNIT_ASSIGNED_CONTEXT ( ( #8178, #3459, #8955 ) ) REPRESENTATION_CONTEXT ( 'NONE', 'WORKASPACE' ) );
#4451 = ORIENTED_EDGE ( 'NONE', *, *, #4401, .T. ) ;
#4452 = COLOUR_RGB ( '',1.000000000000000000, 1.000000000000000000, 1.000000000000000000 ) ;
#4453 = SURFACE_SIDE_STYLE ('',( #7669 ) ) ;
#4454 = FILL_AREA_STYLE ('',( #2177 ) ) ;
#4455 = ORIENTED_EDGE ( 'NONE', *, *, #8598, .T. ) ;
#4456 = SURFACE_SIDE_STYLE ('',( #6412 ) ) ;
#4457 =( NAMED_UNIT ( * ) SI_UNIT ( $, .STERADIAN. ) SOLID_ANGLE_UNIT ( ) );
#4458 =( GEOMETRIC_REPRESENTATION_CONTEXT ( 3 ) GLOBAL_UNCERTAINTY_ASSIGNED_CONTEXT ( ( #8522 ) ) GLOBAL_UNIT_ASSIGNED_CONTEXT ( ( #9004, #4271, #9793 ) ) REPRESENTATION_CONTEXT ( 'NONE', 'WORKASPACE' ) );
#4459 = DIRECTION ( 'NONE',  ( 1.000000000000000000, 0.0000000000000000000, 0.0000000000000000000 ) ) ;
#4460 = CARTESIAN_POINT ( 'NONE',  ( 2.950000000527496400, 20.66229349947143800, -12.54000000000000300 ) ) ;
#4461 = SURFACE_STYLE_USAGE ( .BOTH. , #9215 ) ;
#4462 = VERTEX_POINT ( 'NONE', #8680 ) ;
#4463 = CARTESIAN_POINT ( 'NONE',  ( -2.449999999472504800, 21.96229349947143600, -12.54000000000000300 ) ) ;
#4464 = VECTOR ( 'NONE', #7246, 1000.000000000000000 ) ;
#4465 = CARTESIAN_POINT ( 'NONE',  ( 0.9999953779657178000, 24.66229349947143800, -12.26500000000000200 ) ) ;
#4466 = EDGE_LOOP ( 'NONE', ( #9679, #9499, #7907, #3961 ) ) ;
#4467 = EDGE_CURVE ( 'NONE', #2672, #940, #5084, .T. ) ;
#4468 = STYLED_ITEM ( 'NONE', ( #2325 ), #2684 ) ;
#4469 = CARTESIAN_POINT ( 'NONE',  ( 4.450000000527496400, 20.81229349947144100, -11.99000000000000200 ) ) ;
#4470 = VECTOR ( 'NONE', #8235, 1000.000000000000000 ) ;
#4471 = SURFACE_STYLE_USAGE ( .BOTH. , #4508 ) ;
#4472 =( LENGTH_UNIT ( ) NAMED_UNIT ( * ) SI_UNIT ( .MILLI., .METRE. ) );
#4473 = DIRECTION ( 'NONE',  ( 0.0000000000000000000, -0.0000000000000000000, 1.000000000000000000 ) ) ;
#4474 = AXIS2_PLACEMENT_3D ( 'NONE', #2464, #25, #3933 ) ;
#4475 = VECTOR ( 'NONE', #9169, 1000.000000000000000 ) ;
#4476 = EDGE_CURVE ( 'NONE', #7236, #8056, #3091, .T. ) ;
#4477 = MECHANICAL_DESIGN_GEOMETRIC_PRESENTATION_REPRESENTATION (  '', ( #2990 ), #5019 ) ;
#4478 = ADVANCED_FACE ( 'NONE', ( #1058 ), #6329, .T. ) ;
#4479 = AXIS2_PLACEMENT_3D ( 'NONE', #1503, #6944, #2296 ) ;
#4480 = SURFACE_STYLE_USAGE ( .BOTH. , #4523 ) ;
#4481 = VERTEX_POINT ( 'NONE', #1712 ) ;
#4482 = CARTESIAN_POINT ( 'NONE',  ( 0.09999537796571880700, 24.66229349947143800, -11.96500000000000200 ) ) ;
#4483 =( GEOMETRIC_REPRESENTATION_CONTEXT ( 3 ) GLOBAL_UNCERTAINTY_ASSIGNED_CONTEXT ( ( #91 ) ) GLOBAL_UNIT_ASSIGNED_CONTEXT ( ( #3875, #9369, #4627 ) ) REPRESENTATION_CONTEXT ( 'NONE', 'WORKASPACE' ) );
#4484 = VECTOR ( 'NONE', #5681, 1000.000000000000000 ) ;
#4485 = PRESENTATION_LAYER_ASSIGNMENT (  '', '', ( #3490 ) ) ;
#4486 = CARTESIAN_POINT ( 'NONE',  ( 6.451606691366010600, 29.66628531477309100, -10.06500000000000100 ) ) ;
#4487 = LINE ( 'NONE', #1153, #2510 ) ;
#4488 = PRESENTATION_STYLE_ASSIGNMENT (( #6029 ) ) ;
#4489 = CARTESIAN_POINT ( 'NONE',  ( 5.300000000527495200, 20.96229614966531000, -12.44000000000000100 ) ) ;
#4490 = FILL_AREA_STYLE ('',( #6866 ) ) ;
#4491 = EDGE_CURVE ( 'NONE', #1050, #728, #8333, .T. ) ;
#4492 = SURFACE_SIDE_STYLE ('',( #1243 ) ) ;
#4493 = LINE ( 'NONE', #7197, #6373 ) ;
#4494 = B_SPLINE_CURVE_WITH_KNOTS ( 'NONE', 3,
 ( #141, #4704, #7113, #2441, #7908, #3212, #8671, #3982, #9472, #4740, #176, #5510, #947, #6319 ),
 .UNSPECIFIED., .F., .F.,
 ( 4, 2, 2, 2, 2, 2, 4 ),
 ( 8.673617379884035500E-019, 0.0001879583276142428700, 0.0002819374914213680200, 0.0003759166552284932200, 0.0004698958190356183700, 0.0005638749828427435100, 0.0007518333104569989000 ),
 .UNSPECIFIED. ) ;
#4495 = ORIENTED_EDGE ( 'NONE', *, *, #1218, .F. ) ;
#4496 = CARTESIAN_POINT ( 'NONE',  ( -4.451615935434563000, 29.66628531477310600, -10.06500000000000100 ) ) ;
#4497 = CARTESIAN_POINT ( 'NONE',  ( -2.296251950704357300, 31.28760508069050100, -11.01500000000000200 ) ) ;
#4498 = LINE ( 'NONE', #6242, #8729 ) ;
#4499 = FILL_AREA_STYLE ('',( #5209 ) ) ;
#4500 = SURFACE_SIDE_STYLE ('',( #9729 ) ) ;
#4501 = MECHANICAL_DESIGN_GEOMETRIC_PRESENTATION_REPRESENTATION (  '', ( #3014 ), #5033 ) ;
#4502 = SURFACE_STYLE_FILL_AREA ( #1704 ) ;
#4503 = VERTEX_POINT ( 'NONE', #8747 ) ;
#4504 = UNCERTAINTY_MEASURE_WITH_UNIT (LENGTH_MEASURE( 1.000000000000000100E-005 ), #52, 'distance_accuracy_value', 'NONE');
#4505 = ORIENTED_EDGE ( 'NONE', *, *, #455, .T. ) ;
#4506 = SURFACE_SIDE_STYLE ('',( #1788 ) ) ;
#4507 = DIRECTION ( 'NONE',  ( -0.0000000000000000000, 0.0000000000000000000, 1.000000000000000000 ) ) ;
#4508 = SURFACE_SIDE_STYLE ('',( #741 ) ) ;
#4509 = UNCERTAINTY_MEASURE_WITH_UNIT (LENGTH_MEASURE( 1.000000000000000100E-005 ), #4524, 'distance_accuracy_value', 'NONE');
#4510 = ORIENTED_EDGE ( 'NONE', *, *, #9468, .F. ) ;
#4511 = SURFACE_SIDE_STYLE ('',( #1896 ) ) ;
#4512 = SURFACE_STYLE_USAGE ( .BOTH. , #4598 ) ;
#4513 = LINE ( 'NONE', #843, #2524 ) ;
#4514 = COLOUR_RGB ( '',1.000000000000000000, 0.0000000000000000000, 1.000000000000000000 ) ;
#4515 = VECTOR ( 'NONE', #4587, 1000.000000000000200 ) ;
#4516 = ORIENTED_EDGE ( 'NONE', *, *, #6472, .F. ) ;
#4517 = DIRECTION ( 'NONE',  ( 0.0000000000000000000, 1.000000000000000000, 0.0000000000000000000 ) ) ;
#4518 = PRESENTATION_STYLE_ASSIGNMENT (( #240 ) ) ;
#4519 = ORIENTED_EDGE ( 'NONE', *, *, #2366, .F. ) ;
#4520 = EDGE_CURVE ( 'NONE', #3879, #1380, #2110, .T. ) ;
#4521 = FILL_AREA_STYLE ('',( #7697 ) ) ;
#4522 = UNCERTAINTY_MEASURE_WITH_UNIT (LENGTH_MEASURE( 1.000000000000000100E-005 ), #9780, 'distance_accuracy_value', 'NONE');
#4523 = SURFACE_SIDE_STYLE ('',( #7308 ) ) ;
#4524 =( LENGTH_UNIT ( ) NAMED_UNIT ( * ) SI_UNIT ( .MILLI., .METRE. ) );
#4525 = PRESENTATION_STYLE_ASSIGNMENT (( #8536 ) ) ;
#4526 = CARTESIAN_POINT ( 'NONE',  ( 2.280201868381861000, 29.48842738658407100, -12.49000000000000200 ) ) ;
#4527 = COLOUR_RGB ( '',1.000000000000000000, 0.0000000000000000000, 1.000000000000000000 ) ;
#4528 = ORIENTED_EDGE ( 'NONE', *, *, #3231, .F. ) ;
#4529 = CARTESIAN_POINT ( 'NONE',  ( -2.999999999472504600, 22.06229614966531100, -12.44000000000000100 ) ) ;
#4530 = VERTEX_POINT ( 'NONE', #1023 ) ;
#4531 = EDGE_CURVE ( 'NONE', #3702, #7443, #5951, .T. ) ;
#4532 = CARTESIAN_POINT ( 'NONE',  ( -0.2802103289565529000, 29.48842504496756300, -9.765000000000002300 ) ) ;
#4533 = VECTOR ( 'NONE', #1701, 1000.000000000000000 ) ;
#4534 = EDGE_CURVE ( 'NONE', #6843, #7261, #4154, .T. ) ;
#4535 = PLANE ( 'NONE',  #6136 ) ;
#4536 =( NAMED_UNIT ( * ) PLANE_ANGLE_UNIT ( ) SI_UNIT ( $, .RADIAN. ) );
#4537 =( GEOMETRIC_REPRESENTATION_CONTEXT ( 3 ) GLOBAL_UNCERTAINTY_ASSIGNED_CONTEXT ( ( #6604 ) ) GLOBAL_UNIT_ASSIGNED_CONTEXT ( ( #1509, #2299, #7743 ) ) REPRESENTATION_CONTEXT ( 'NONE', 'WORKASPACE' ) );
#4538 = SURFACE_STYLE_USAGE ( .BOTH. , #9292 ) ;
#4539 = CARTESIAN_POINT ( 'NONE',  ( 0.9999953779657178000, 24.66229349947143800, -12.26500000000000200 ) ) ;
#4540 = VECTOR ( 'NONE', #133, 1000.000000000000000 ) ;
#4541 = CARTESIAN_POINT ( 'NONE',  ( -5.977157670897678800, 26.98959963229365000, -10.02006751392409700 ) ) ;
#4542 = VECTOR ( 'NONE', #8383, 1000.000000000000000 ) ;
#4543 = FILL_AREA_STYLE_COLOUR ( '', #484 ) ;
#4544 = CARTESIAN_POINT ( 'NONE',  ( -2.449999999472502600, 20.96229349947143900, -11.99000000000000200 ) ) ;
#4545 = ADVANCED_FACE ( 'NONE', ( #7865 ), #4983, .F. ) ;
#4546 = VERTEX_POINT ( 'NONE', #3341 ) ;
#4547 = ORIENTED_EDGE ( 'NONE', *, *, #5122, .F. ) ;
#4548 = DIRECTION ( 'NONE',  ( 0.0000000000000000000, 0.0000000000000000000, -1.000000000000000000 ) ) ;
#4549 = VERTEX_POINT ( 'NONE', #4114 ) ;
#4550 = CARTESIAN_POINT ( 'NONE',  ( 0.5000000005306113300, 22.86229349947144100, -12.49000000000000200 ) ) ;
#4551 = CARTESIAN_POINT ( 'NONE',  ( -4.602453961876667800, 26.71229279551775100, -11.84000000000000200 ) ) ;
#4552 = VECTOR ( 'NONE', #7615, 1000.000000000000000 ) ;
#4553 = EDGE_CURVE ( 'NONE', #7383, #3158, #1156, .T. ) ;
#4554 = CARTESIAN_POINT ( 'NONE',  ( -2.294863148638725600, 31.10277481944771000, -9.899309202143237800 ) ) ;
#4555 = EDGE_CURVE ( 'NONE', #7888, #4144, #3208, .T. ) ;
#4556 = CYLINDRICAL_SURFACE ( 'NONE', #9621, 0.1999999999999996500 ) ;
#4557 =( GEOMETRIC_REPRESENTATION_CONTEXT ( 3 ) GLOBAL_UNCERTAINTY_ASSIGNED_CONTEXT ( ( #2459 ) ) GLOBAL_UNIT_ASSIGNED_CONTEXT ( ( #5337, #786, #6156 ) ) REPRESENTATION_CONTEXT ( 'NONE', 'WORKASPACE' ) );
#4558 = ORIENTED_EDGE ( 'NONE', *, *, #4831, .T. ) ;
#4559 = AXIS2_PLACEMENT_3D ( 'NONE', #5603, #1033, #6409 ) ;
#4560 = SURFACE_STYLE_USAGE ( .BOTH. , #9308 ) ;
#4561 = DIRECTION ( 'NONE',  ( -1.000000000000000000, 0.0000000000000000000, 0.0000000000000000000 ) ) ;
#4562 = ORIENTED_EDGE ( 'NONE', *, *, #468, .F. ) ;
#4563 = ORIENTED_EDGE ( 'NONE', *, *, #9393, .F. ) ;
#4564 = CARTESIAN_POINT ( 'NONE',  ( -4.900014469212784700, 25.61229242923305800, -12.49000000000000200 ) ) ;
#4565 = ADVANCED_FACE ( 'NONE', ( #9185 ), #1844, .F. ) ;
#4566 = AXIS2_PLACEMENT_3D ( 'NONE', #111, #5440, #880 ) ;
#4567 = ORIENTED_EDGE ( 'NONE', *, *, #1997, .F. ) ;
#4568 = DIRECTION ( 'NONE',  ( 1.000000000000000000, 0.0000000000000000000, 0.0000000000000000000 ) ) ;
#4569 = VECTOR ( 'NONE', #3416, 1000.000000000000000 ) ;
#4570 = ORIENTED_EDGE ( 'NONE', *, *, #5424, .T. ) ;
#4571 = EDGE_CURVE ( 'NONE', #5773, #439, #2235, .T. ) ;
#4572 =( LENGTH_UNIT ( ) NAMED_UNIT ( * ) SI_UNIT ( .MILLI., .METRE. ) );
#4573 = COLOUR_RGB ( '',0.0000000000000000000, 0.0000000000000000000, 1.000000000000000000 ) ;
#4574 = VERTEX_POINT ( 'NONE', #8244 ) ;
#4575 = CARTESIAN_POINT ( 'NONE',  ( 8.262572811169594200, 26.07518271797845000, -10.06372466965510000 ) ) ;
#4576 = DIRECTION ( 'NONE',  ( -1.000000000000000000, 0.0000000000000000000, 0.0000000000000000000 ) ) ;
#4577 = CARTESIAN_POINT ( 'NONE',  ( 2.050000000527496100, 21.96229349947142100, -12.44000000000000100 ) ) ;
#4578 = CARTESIAN_POINT ( 'NONE',  ( -2.999999999472504600, 22.06229614966531100, -12.49000000000000200 ) ) ;
#4579 = ORIENTED_EDGE ( 'NONE', *, *, #3868, .F. ) ;
#4580 = STYLED_ITEM ( 'NONE', ( #4987 ), #4622 ) ;
#4581 =( LENGTH_UNIT ( ) NAMED_UNIT ( * ) SI_UNIT ( .MILLI., .METRE. ) );
#4582 = PRESENTATION_STYLE_ASSIGNMENT (( #9419 ) ) ;
#4583 = FILL_AREA_STYLE_COLOUR ( '', #2223 ) ;
#4584 = CARTESIAN_POINT ( 'NONE',  ( -0.6223640920398283400, 31.73093374407751100, -12.11258825999507800 ) ) ;
#4585 = CARTESIAN_POINT ( 'NONE',  ( 2.950000000527496400, 20.66229349947143800, -11.84000000000000200 ) ) ;
#4586 = ORIENTED_EDGE ( 'NONE', *, *, #4226, .T. ) ;
#4587 = DIRECTION ( 'NONE',  ( 0.9063111147635359900, -0.4226111253340079600, -0.0000000000000000000 ) ) ;
#4588 =( NAMED_UNIT ( * ) SI_UNIT ( $, .STERADIAN. ) SOLID_ANGLE_UNIT ( ) );
#4589 = CARTESIAN_POINT ( 'NONE',  ( -6.060559246034142900, 25.86229349947143800, -9.826803647383405500 ) ) ;
#4590 =( GEOMETRIC_REPRESENTATION_CONTEXT ( 3 ) GLOBAL_UNCERTAINTY_ASSIGNED_CONTEXT ( ( #1855 ) ) GLOBAL_UNIT_ASSIGNED_CONTEXT ( ( #8103, #5671, #3395 ) ) REPRESENTATION_CONTEXT ( 'NONE', 'WORKASPACE' ) );
#4591 =( NAMED_UNIT ( * ) PLANE_ANGLE_UNIT ( ) SI_UNIT ( $, .RADIAN. ) );
#4592 = VECTOR ( 'NONE', #6869, 1000.000000000000000 ) ;
#4593 = CARTESIAN_POINT ( 'NONE',  ( 1.000000000527495600, 24.86229299947142100, -12.49000000000000200 ) ) ;
#4594 = CARTESIAN_POINT ( 'NONE',  ( 2.050000000527496100, 21.96229349947142100, -12.54000000000000300 ) ) ;
#4595 = FILL_AREA_STYLE ('',( #4883 ) ) ;
#4596 = CARTESIAN_POINT ( 'NONE',  ( -4.986396116928056600, 28.66266863672419900, -12.16507722591731300 ) ) ;
#4597 = COLOUR_RGB ( '',1.000000000000000000, 1.000000000000000000, 1.000000000000000000 ) ;
#4598 = SURFACE_SIDE_STYLE ('',( #2618 ) ) ;
#4599 = FACE_OUTER_BOUND ( 'NONE', #8739, .T. ) ;
#4600 = CARTESIAN_POINT ( 'NONE',  ( 5.502453769200100100, 26.71229338220534900, -12.49000000000000200 ) ) ;
#4601 = CARTESIAN_POINT ( 'NONE',  ( 5.079095351152888700, 30.83650951518909300, -10.06500000000000100 ) ) ;
#4602 = SURFACE_STYLE_USAGE ( .BOTH. , #9347 ) ;
#4603 = STYLED_ITEM ( 'NONE', ( #1409 ), #7142 ) ;
#4604 = ORIENTED_EDGE ( 'NONE', *, *, #2123, .F. ) ;
#4605 = DIRECTION ( 'NONE',  ( 0.0000000000000000000, 0.0000000000000000000, -1.000000000000000000 ) ) ;
#4606 = CIRCLE ( 'NONE', #8051, 7.399999999999999500 ) ;
#4607 = ADVANCED_FACE ( 'NONE', ( #4246 ), #7133, .T. ) ;
#4608 = EDGE_CURVE ( 'NONE', #9974, #8933, #5202, .T. ) ;
#4609 = DIRECTION ( 'NONE',  ( -0.0000000000000000000, -0.0000000000000000000, 1.000000000000000000 ) ) ;
#4610 = FACE_OUTER_BOUND ( 'NONE', #8385, .T. ) ;
#4611 = CARTESIAN_POINT ( 'NONE',  ( 5.290095854794355300, 30.52572296234746600, -12.09971168246512000 ) ) ;
#4612 = DIRECTION ( 'NONE',  ( 0.0000000000000000000, -0.0000000000000000000, 1.000000000000000000 ) ) ;
#4613 = CARTESIAN_POINT ( 'NONE',  ( 5.502453769200100100, 26.71229338220534900, -12.44000000000000100 ) ) ;
#4614 = LINE ( 'NONE', #5501, #554 ) ;
#4615 = CARTESIAN_POINT ( 'NONE',  ( -3.755085218585510800, 30.11436657891592000, -9.899309202143232500 ) ) ;
#4616 = LINE ( 'NONE', #6892, #6471 ) ;
#4617 = ORIENTED_EDGE ( 'NONE', *, *, #5189, .T. ) ;
#4618 = STYLED_ITEM ( 'NONE', ( #3666 ), #8393 ) ;
#4619 = EDGE_CURVE ( 'NONE', #7385, #2219, #2152, .T. ) ;
#4620 = PLANE ( 'NONE',  #495 ) ;
#4621 = DIRECTION ( 'NONE',  ( 1.000000000000000000, -5.782411586589357200E-015, 0.0000000000000000000 ) ) ;
#4622 = ADVANCED_FACE ( 'NONE', ( #2965 ), #5124, .F. ) ;
#4623 = DIRECTION ( 'NONE',  ( -1.000000000000000000, 0.0000000000000000000, 0.0000000000000000000 ) ) ;
#4624 = FILL_AREA_STYLE ('',( #7746 ) ) ;
#4625 = SURFACE_STYLE_FILL_AREA ( #8519 ) ;
#4626 = DIRECTION ( 'NONE',  ( 0.0000000000000000000, 0.0000000000000000000, 1.000000000000000000 ) ) ;
#4627 =( NAMED_UNIT ( * ) SI_UNIT ( $, .STERADIAN. ) SOLID_ANGLE_UNIT ( ) );
#4628 = SURFACE_SIDE_STYLE ('',( #6747 ) ) ;
#4629 = DIRECTION ( 'NONE',  ( 1.000000000000000000, 0.0000000000000000000, 0.0000000000000000000 ) ) ;
#4630 = AXIS2_PLACEMENT_3D ( 'NONE', #1092, #6480, #1865 ) ;
#4631 = EDGE_CURVE ( 'NONE', #9531, #1876, #1370, .T. ) ;
#4632 = ORIENTED_EDGE ( 'NONE', *, *, #6757, .F. ) ;
#4633 = COLOUR_RGB ( '',1.000000000000000000, 0.0000000000000000000, 1.000000000000000000 ) ;
#4634 = SURFACE_SIDE_STYLE ('',( #4758 ) ) ;
#4635 = FACE_OUTER_BOUND ( 'NONE', #6381, .T. ) ;
#4636 = SURFACE_SIDE_STYLE ('',( #4989 ) ) ;
#4637 = VECTOR ( 'NONE', #2078, 1000.000000000000000 ) ;
#4638 = CARTESIAN_POINT ( 'NONE',  ( -2.524200109841296500, 31.00088729630854400, -9.917411740004926200 ) ) ;
#4639 = SURFACE_SIDE_STYLE ('',( #3114 ) ) ;
#4640 = ORIENTED_EDGE ( 'NONE', *, *, #1761, .T. ) ;
#4641 = STYLED_ITEM ( 'NONE', ( #8690 ), #782 ) ;
#4642 = VECTOR ( 'NONE', #6572, 1000.000000000000000 ) ;
#4643 = EDGE_CURVE ( 'NONE', #158, #9447, #2242, .T. ) ;
#4644 = SURFACE_STYLE_USAGE ( .BOTH. , #9385 ) ;
#4645 = CIRCLE ( 'NONE', #3405, 0.4999977408371159000 ) ;
#4646 = FACE_OUTER_BOUND ( 'NONE', #6771, .T. ) ;
#4647 = EDGE_LOOP ( 'NONE', ( #5419, #9904, #2489, #1800, #4384, #3020, #6779, #9868, #572 ) ) ;
#4648 = MECHANICAL_DESIGN_GEOMETRIC_PRESENTATION_REPRESENTATION (  '', ( #2616 ), #5138 ) ;
#4649 =( GEOMETRIC_REPRESENTATION_CONTEXT ( 3 ) GLOBAL_UNCERTAINTY_ASSIGNED_CONTEXT ( ( #9713 ) ) GLOBAL_UNIT_ASSIGNED_CONTEXT ( ( #1414, #6845, #2199 ) ) REPRESENTATION_CONTEXT ( 'NONE', 'WORKASPACE' ) );
#4650 =( NAMED_UNIT ( * ) PLANE_ANGLE_UNIT ( ) SI_UNIT ( $, .RADIAN. ) );
#4651 = DIRECTION ( 'NONE',  ( 0.0000000000000000000, -1.000000000000000000, 0.0000000000000000000 ) ) ;
#4652 = FACE_OUTER_BOUND ( 'NONE', #5635, .T. ) ;
#4653 = STYLED_ITEM ( 'NONE', ( #4910 ), #2975 ) ;
#4654 = UNCERTAINTY_MEASURE_WITH_UNIT (LENGTH_MEASURE( 1.000000000000000100E-005 ), #8448, 'distance_accuracy_value', 'NONE');
#4655 = CARTESIAN_POINT ( 'NONE',  ( 4.491013065996870800, 30.99061285326629200, -9.892211552316947400 ) ) ;
#4656 = CIRCLE ( 'NONE', #1531, 0.3000000000000007700 ) ;
#4657 = PRESENTATION_STYLE_ASSIGNMENT (( #1702 ) ) ;
#4658 = ORIENTED_EDGE ( 'NONE', *, *, #1278, .T. ) ;
#4659 = B_SPLINE_CURVE_WITH_KNOTS ( 'NONE', 3,
 ( #7821, #1590, #8595, #3900, #9399, #4655, #100, #5428, #872, #6237 ),
 .UNSPECIFIED., .F., .F.,
 ( 4, 2, 2, 2, 4 ),
 ( 0.0001314655810850603800, 0.0002865575134280479600, 0.0004416494457710355500, 0.0005967413781140231900, 0.0007518333104570107200 ),
 .UNSPECIFIED. ) ;
#4660 = UNCERTAINTY_MEASURE_WITH_UNIT (LENGTH_MEASURE( 1.000000000000000100E-005 ), #4413, 'distance_accuracy_value', 'NONE');
#4661 = CARTESIAN_POINT ( 'NONE',  ( -4.602453961876664200, 26.71229279551774700, -12.49000000000000200 ) ) ;
#4662 = DIRECTION ( 'NONE',  ( 1.000000000000000000, 0.0000000000000000000, 0.0000000000000000000 ) ) ;
#4663 = CARTESIAN_POINT ( 'NONE',  ( -4.602453961876664200, 26.71229279551774700, -12.44000000000000100 ) ) ;
#4664 = EDGE_LOOP ( 'NONE', ( #9092, #8607, #3563, #7335 ) ) ;
#4665 = FACE_OUTER_BOUND ( 'NONE', #2005, .T. ) ;
#4666 = DIRECTION ( 'NONE',  ( 0.0000000000000000000, -0.0000000000000000000, 1.000000000000000000 ) ) ;
#4667 = UNCERTAINTY_MEASURE_WITH_UNIT (LENGTH_MEASURE( 1.000000000000000100E-005 ), #5580, 'distance_accuracy_value', 'NONE');
#4668 = CARTESIAN_POINT ( 'NONE',  ( 1.923995377965719300, 32.30665246540180400, -10.06500000000000100 ) ) ;
#4669 = CARTESIAN_POINT ( 'NONE',  ( -0.04999999947250471200, 20.66229349947143800, -12.54000000000000300 ) ) ;
#4670 = STYLED_ITEM ( 'NONE', ( #7039 ), #5316 ) ;
#4671 = DIRECTION ( 'NONE',  ( 0.0000000000000000000, 1.000000000000000000, 0.0000000000000000000 ) ) ;
#4672 = ADVANCED_FACE ( 'NONE', ( #8453 ), #7458, .T. ) ;
#4673 = LINE ( 'NONE', #5914, #4400 ) ;
#4674 = CARTESIAN_POINT ( 'NONE',  ( 1.899995377965719300, 32.10809768706595700, -10.26500000000000200 ) ) ;
#4675 = CARTESIAN_POINT ( 'NONE',  ( 6.602453769200106000, 25.86229349947144100, -12.49000000000000200 ) ) ;
#4676 = LINE ( 'NONE', #112, #600 ) ;
#4677 = CARTESIAN_POINT ( 'NONE',  ( -5.020813648329570900, 28.96460202732961200, -11.01500000000000200 ) ) ;
#4678 = PRESENTATION_LAYER_ASSIGNMENT (  '', '', ( #4162 ) ) ;
#4679 = CARTESIAN_POINT ( 'NONE',  ( 6.384846271614252400, 29.51713031400116800, -12.11475451156717000 ) ) ;
#4680 = PRESENTATION_STYLE_ASSIGNMENT (( #5115 ) ) ;
#4681 = ORIENTED_EDGE ( 'NONE', *, *, #3057, .F. ) ;
#4682 =( LENGTH_UNIT ( ) NAMED_UNIT ( * ) SI_UNIT ( .MILLI., .METRE. ) );
#4683 = ORIENTED_EDGE ( 'NONE', *, *, #5600, .F. ) ;
#4684 = CIRCLE ( 'NONE', #5353, 0.1999999999999970400 ) ;
#4685 = CARTESIAN_POINT ( 'NONE',  ( 3.451918204597845400, 31.59479102195816200, -10.01832462196162500 ) ) ;
#4686 = CARTESIAN_POINT ( 'NONE',  ( 5.300000000527495200, 20.96229614966531000, -12.44000000000000100 ) ) ;
#4687 = ADVANCED_FACE ( 'NONE', ( #1506 ), #5222, .F. ) ;
#4688 = CARTESIAN_POINT ( 'NONE',  ( 8.011766186881228400, 25.86229349947143800, -12.25128617763898100 ) ) ;
#4689 = SURFACE_STYLE_FILL_AREA ( #7646 ) ;
#4690 = EDGE_LOOP ( 'NONE', ( #8271, #7662, #2674, #6539 ) ) ;
#4691 = MECHANICAL_DESIGN_GEOMETRIC_PRESENTATION_REPRESENTATION (  '', ( #3163 ), #5173 ) ;
#4692 = EDGE_LOOP ( 'NONE', ( #2361, #1001, #3051, #2284, #3476, #7773 ) ) ;
#4693 = CARTESIAN_POINT ( 'NONE',  ( -3.502453961876664100, 26.71229279551774700, -12.44000000000000100 ) ) ;
#4694 = FILL_AREA_STYLE ('',( #8563 ) ) ;
#4695 = CARTESIAN_POINT ( 'NONE',  ( 6.384846271614252400, 29.51713031400116800, -12.11475451156717000 ) ) ;
#4696 = ORIENTED_EDGE ( 'NONE', *, *, #1237, .F. ) ;
#4697 = EDGE_CURVE ( 'NONE', #3597, #9268, #8828, .T. ) ;
#4698 = ORIENTED_EDGE ( 'NONE', *, *, #9979, .T. ) ;
#4699 = ORIENTED_EDGE ( 'NONE', *, *, #6193, .F. ) ;
#4700 =( LENGTH_UNIT ( ) NAMED_UNIT ( * ) SI_UNIT ( .MILLI., .METRE. ) );
#4701 = SURFACE_SIDE_STYLE ('',( #3524 ) ) ;
#4702 = STYLED_ITEM ( 'NONE', ( #7088 ), #2536 ) ;
#4703 = PLANE ( 'NONE',  #9298 ) ;
#4704 = CARTESIAN_POINT ( 'NONE',  ( -5.460495514304711600, 28.17784124257298100, -12.00993248607590200 ) ) ;
#4705 = CARTESIAN_POINT ( 'NONE',  ( -3.079104595221441500, 30.83650951518910300, -11.96500000000000000 ) ) ;
#4706 = FILL_AREA_STYLE_COLOUR ( '', #8629 ) ;
#4707 =( NAMED_UNIT ( * ) PLANE_ANGLE_UNIT ( ) SI_UNIT ( $, .RADIAN. ) );
#4708 = LINE ( 'NONE', #9051, #6544 ) ;
#4709 = DIRECTION ( 'NONE',  ( 0.0000000000000000000, -0.0000000000000000000, 1.000000000000000000 ) ) ;
#4710 = ORIENTED_EDGE ( 'NONE', *, *, #6291, .F. ) ;
#4711 = VECTOR ( 'NONE', #419, 1000.000000000000000 ) ;
#4712 = ORIENTED_EDGE ( 'NONE', *, *, #792, .F. ) ;
#4713 =( NAMED_UNIT ( * ) PLANE_ANGLE_UNIT ( ) SI_UNIT ( $, .RADIAN. ) );
#4714 = ORIENTED_EDGE ( 'NONE', *, *, #5188, .T. ) ;
#4715 = FILL_AREA_STYLE ('',( #1639 ) ) ;
#4716 = FILL_AREA_STYLE ('',( #5116 ) ) ;
#4717 = EDGE_CURVE ( 'NONE', #9335, #7857, #815, .T. ) ;
#4718 = DIRECTION ( 'NONE',  ( -0.7071067811865460200, 8.659560562354914400E-017, 0.7071067811865490200 ) ) ;
#4719 = EDGE_CURVE ( 'NONE', #6358, #6843, #6714, .T. ) ;
#4720 = PRESENTATION_LAYER_ASSIGNMENT (  '', '', ( #3677 ) ) ;
#4721 = ORIENTED_EDGE ( 'NONE', *, *, #5977, .F. ) ;
#4722 = SURFACE_SIDE_STYLE ('',( #8354 ) ) ;
#4723 = SURFACE_STYLE_USAGE ( .BOTH. , #9456 ) ;
#4724 = SURFACE_STYLE_FILL_AREA ( #7125 ) ;
#4725 = AXIS2_PLACEMENT_3D ( 'NONE', #2251, #5308, #4576 ) ;
#4726 = FILL_AREA_STYLE ('',( #861 ) ) ;
#4727 = EDGE_CURVE ( 'NONE', #8398, #4103, #4616, .T. ) ;
#4728 = COLOUR_RGB ( '',1.000000000000000000, 0.0000000000000000000, 1.000000000000000000 ) ;
#4729 = PLANE ( 'NONE',  #1491 ) ;
#4730 = LINE ( 'NONE', #2315, #6819 ) ;
#4731 = LINE ( 'NONE', #3761, #7797 ) ;
#4732 = EDGE_LOOP ( 'NONE', ( #2212, #857, #4112, #6261 ) ) ;
#4733 = DIRECTION ( 'NONE',  ( 0.0000000000000000000, -0.0000000000000000000, 1.000000000000000000 ) ) ;
#4734 = PRESENTATION_LAYER_ASSIGNMENT (  '', '', ( #5210 ) ) ;
#4735 = SURFACE_SIDE_STYLE ('',( #5058 ) ) ;
#4736 = LINE ( 'NONE', #4895, #2702 ) ;
#4737 = ADVANCED_FACE ( 'NONE', ( #2603 ), #5298, .F. ) ;
#4738 = FILL_AREA_STYLE ('',( #1629 ) ) ;
#4739 = CARTESIAN_POINT ( 'NONE',  ( -3.342780735527709300, 30.54286029186690900, -9.975251276645559900 ) ) ;
#4740 = CARTESIAN_POINT ( 'NONE',  ( -5.497008235670007200, 27.84424830551530400, -12.13069079785676700 ) ) ;
#4741 = VERTEX_POINT ( 'NONE', #8474 ) ;
#4742 = CARTESIAN_POINT ( 'NONE',  ( -3.406735493673155500, 30.60709989034279100, -11.96500000000000200 ) ) ;
#4743 = CARTESIAN_POINT ( 'NONE',  ( -0.1000046220342811800, 32.10809768706595700, -10.26500000000000200 ) ) ;
#4744 = DIRECTION ( 'NONE',  ( 1.000000000000000000, 0.0000000000000000000, 0.0000000000000000000 ) ) ;
#4745 =( GEOMETRIC_REPRESENTATION_CONTEXT ( 3 ) GLOBAL_UNCERTAINTY_ASSIGNED_CONTEXT ( ( #9422 ) ) GLOBAL_UNIT_ASSIGNED_CONTEXT ( ( #8300, #3584, #9074 ) ) REPRESENTATION_CONTEXT ( 'NONE', 'WORKASPACE' ) );
#4746 = VECTOR ( 'NONE', #3576, 1000.000000000000000 ) ;
#4747 = CARTESIAN_POINT ( 'NONE',  ( -4.940581342465421200, 28.74481049812131400, -9.873101976561280000 ) ) ;
#4748 = FILL_AREA_STYLE_COLOUR ( '', #5007 ) ;
#4749 = CARTESIAN_POINT ( 'NONE',  ( 8.229179276126753700, 25.94806135203999300, -12.02239970474890800 ) ) ;
#4750 = FILL_AREA_STYLE_COLOUR ( '', #5022 ) ;
#4751 = EDGE_LOOP ( 'NONE', ( #7624, #7286, #7013, #2641 ) ) ;
#4752 = DIRECTION ( 'NONE',  ( 0.0000000000000000000, 0.0000000000000000000, 1.000000000000000000 ) ) ;
#4753 = VECTOR ( 'NONE', #7939, 1000.000000000000100 ) ;
#4754 = FACE_OUTER_BOUND ( 'NONE', #5342, .T. ) ;
#4755 = ORIENTED_EDGE ( 'NONE', *, *, #601, .F. ) ;
#4756 = CARTESIAN_POINT ( 'NONE',  ( 1.450000000527496900, 21.96229349947142100, -12.44000000000000100 ) ) ;
#4757 = LINE ( 'NONE', #6624, #8950 ) ;
#4758 = SURFACE_STYLE_FILL_AREA ( #9375 ) ;
#4759 = CARTESIAN_POINT ( 'NONE',  ( -3.750988593234017500, 30.14188075244808500, -12.11258825999507500 ) ) ;
#4760 = EDGE_CURVE ( 'NONE', #7878, #8195, #5710, .T. ) ;
#4761 = EDGE_CURVE ( 'NONE', #181, #1809, #1645, .T. ) ;
#4762 = COLOUR_RGB ( '',1.000000000000000000, 0.0000000000000000000, 1.000000000000000000 ) ;
#4763 = MECHANICAL_DESIGN_GEOMETRIC_PRESENTATION_REPRESENTATION (  '', ( #3732 ), #5240 ) ;
#4764 = CYLINDRICAL_SURFACE ( 'NONE', #2522, 0.1999999999999996500 ) ;
#4765 = DIRECTION ( 'NONE',  ( -1.000000000000000000, 0.0000000000000000000, 0.0000000000000000000 ) ) ;
#4766 = FILL_AREA_STYLE ('',( #7106 ) ) ;
#4767 = PRESENTATION_LAYER_ASSIGNMENT (  '', '', ( #4231 ) ) ;
#4768 = CARTESIAN_POINT ( 'NONE',  ( 4.274084942581039200, 31.19610568662605500, -9.973239471591705700 ) ) ;
#4769 = CARTESIAN_POINT ( 'NONE',  ( -3.104247420239000900, 30.57795706514784600, -9.864922774082684100 ) ) ;
#4770 = LINE ( 'NONE', #355, #4484 ) ;
#4771 =( NAMED_UNIT ( * ) PLANE_ANGLE_UNIT ( ) SI_UNIT ( $, .RADIAN. ) );
#4772 = DIRECTION ( 'NONE',  ( 0.0000000000000000000, 0.0000000000000000000, -1.000000000000000000 ) ) ;
#4773 = CARTESIAN_POINT ( 'NONE',  ( 5.870809653799518900, 27.61762785706060800, -9.540000000000000900 ) ) ;
#4774 = CARTESIAN_POINT ( 'NONE',  ( 5.816340119587848400, 30.00721544385053400, -12.17032439397303500 ) ) ;
#4775 = LINE ( 'NONE', #5181, #8725 ) ;
#4776 = DIRECTION ( 'NONE',  ( 0.0000000000000000000, 0.0000000000000000000, 1.000000000000000000 ) ) ;
#4777 = STYLED_ITEM ( 'NONE', ( #4680 ), #1199 ) ;
#4778 = DIRECTION ( 'NONE',  ( 0.0000000000000000000, 1.000000000000000000, 0.0000000000000000000 ) ) ;
#4779 = VERTEX_POINT ( 'NONE', #5333 ) ;
#4780 =( NAMED_UNIT ( * ) PLANE_ANGLE_UNIT ( ) SI_UNIT ( $, .RADIAN. ) );
#4781 = DIRECTION ( 'NONE',  ( -1.000000000000000000, 0.0000000000000000000, 0.0000000000000000000 ) ) ;
#4782 =( NAMED_UNIT ( * ) PLANE_ANGLE_UNIT ( ) SI_UNIT ( $, .RADIAN. ) );
#4783 = FACE_OUTER_BOUND ( 'NONE', #5857, .T. ) ;
#4784 = SURFACE_STYLE_FILL_AREA ( #9708 ) ;
#4785 = ORIENTED_EDGE ( 'NONE', *, *, #5178, .T. ) ;
#4786 = UNCERTAINTY_MEASURE_WITH_UNIT (LENGTH_MEASURE( 1.000000000000000100E-005 ), #6254, 'distance_accuracy_value', 'NONE');
#4787 = ADVANCED_FACE ( 'NONE', ( #3659 ), #8552, .T. ) ;
#4788 = ORIENTED_EDGE ( 'NONE', *, *, #8940, .F. ) ;
#4789 = VECTOR ( 'NONE', #6406, 1000.000000000000000 ) ;
#4790 = ORIENTED_EDGE ( 'NONE', *, *, #9430, .T. ) ;
#4791 = CARTESIAN_POINT ( 'NONE',  ( -4.027128521472692000, 29.96964982960644300, -12.05480302380071200 ) ) ;
#4792 = CARTESIAN_POINT ( 'NONE',  ( 5.751561865021283600, 30.21377028038679300, -12.05780398620724900 ) ) ;
#4793 = VERTEX_POINT ( 'NONE', #8588 ) ;
#4794 = UNCERTAINTY_MEASURE_WITH_UNIT (LENGTH_MEASURE( 1.000000000000000100E-005 ), #6991, 'distance_accuracy_value', 'NONE');
#4795 = VECTOR ( 'NONE', #8740, 1000.000000000000000 ) ;
#4796 = DIRECTION ( 'NONE',  ( 0.0000000000000000000, -0.0000000000000000000, 1.000000000000000000 ) ) ;
#4797 = AXIS2_PLACEMENT_3D ( 'NONE', #988, #6363, #1748 ) ;
#4798 = ORIENTED_EDGE ( 'NONE', *, *, #3883, .T. ) ;
#4799 = VECTOR ( 'NONE', #1522, 1000.000000000000000 ) ;
#4800 = DIRECTION ( 'NONE',  ( 1.000000000000000000, 0.0000000000000000000, 0.0000000000000000000 ) ) ;
#4801 = STYLED_ITEM ( 'NONE', ( #5223 ), #3195 ) ;
#4802 = CARTESIAN_POINT ( 'NONE',  ( 5.751561865016855200, 30.12427427158576500, -9.904476750749822100 ) ) ;
#4803 = EDGE_LOOP ( 'NONE', ( #7665, #7676, #7757, #7782 ) ) ;
#4804 = FILL_AREA_STYLE ('',( #4048 ) ) ;
#4805 = VECTOR ( 'NONE', #10065, 1000.000000000000000 ) ;
#4806 = SURFACE_SIDE_STYLE ('',( #2754 ) ) ;
#4807 = DIRECTION ( 'NONE',  ( 0.0000000000000000000, -0.0000000000000000000, 1.000000000000000000 ) ) ;
#4808 = FACE_OUTER_BOUND ( 'NONE', #9715, .T. ) ;
#4809 = EDGE_LOOP ( 'NONE', ( #9038, #954, #2098, #9672 ) ) ;
#4810 = DIRECTION ( 'NONE',  ( -1.000000000000000000, 0.0000000000000000000, 0.0000000000000000000 ) ) ;
#4811 = VECTOR ( 'NONE', #5508, 1000.000000000000000 ) ;
#4812 = CARTESIAN_POINT ( 'NONE',  ( 2.050000000527496100, 21.96229349947142100, -12.44000000000000100 ) ) ;
#4813 = DIRECTION ( 'NONE',  ( 0.0000000000000000000, 0.0000000000000000000, -1.000000000000000000 ) ) ;
#4814 = AXIS2_PLACEMENT_3D ( 'NONE', #8501, #3808, #9301 ) ;
#4815 = CIRCLE ( 'NONE', #5561, 7.400000000000000400 ) ;
#4816 = DIRECTION ( 'NONE',  ( -3.336006684570785600E-016, -1.000000000000000000, 0.0000000000000000000 ) ) ;
#4817 = CARTESIAN_POINT ( 'NONE',  ( 7.470640082805323900, 28.18318891937923400, -10.03154242163432900 ) ) ;
#4818 = ORIENTED_EDGE ( 'NONE', *, *, #1140, .T. ) ;
#4819 = ORIENTED_EDGE ( 'NONE', *, *, #3231, .T. ) ;
#4820 = CARTESIAN_POINT ( 'NONE',  ( -3.602453961876661100, 25.86229349947144100, -12.44000000000000100 ) ) ;
#4821 = LINE ( 'NONE', #2101, #756 ) ;
#4822 = CARTESIAN_POINT ( 'NONE',  ( -3.502453961876663700, 25.61229279551774600, -12.44000000000000100 ) ) ;
#4823 = FACE_OUTER_BOUND ( 'NONE', #1154, .T. ) ;
#4824 = ORIENTED_EDGE ( 'NONE', *, *, #1125, .F. ) ;
#4825 = SURFACE_STYLE_FILL_AREA ( #2226 ) ;
#4826 = VERTEX_POINT ( 'NONE', #3093 ) ;
#4827 = AXIS2_PLACEMENT_3D ( 'NONE', #8422, #3728, #9206 ) ;
#4828 = ORIENTED_EDGE ( 'NONE', *, *, #3171, .T. ) ;
#4829 = ORIENTED_EDGE ( 'NONE', *, *, #8421, .F. ) ;
#4830 =( NAMED_UNIT ( * ) SI_UNIT ( $, .STERADIAN. ) SOLID_ANGLE_UNIT ( ) );
#4831 = EDGE_CURVE ( 'NONE', #8658, #4826, #6842, .T. ) ;
#4832 = PLANE ( 'NONE',  #1904 ) ;
#4833 = CARTESIAN_POINT ( 'NONE',  ( 5.941466931764392000, 29.95732008058338300, -9.907515214299227300 ) ) ;
#4834 = LINE ( 'NONE', #4205, #8538 ) ;
#4835 = ORIENTED_EDGE ( 'NONE', *, *, #4343, .F. ) ;
#4836 = ADVANCED_FACE ( 'NONE', ( #4754 ), #7994, .T. ) ;
#4837 = FACE_OUTER_BOUND ( 'NONE', #8117, .T. ) ;
#4838 = CARTESIAN_POINT ( 'NONE',  ( -6.258764761715996300, 26.10118238836032500, -11.96500000000000000 ) ) ;
#4839 = AXIS2_PLACEMENT_3D ( 'NONE', #1330, #788, #681 ) ;
#4840 = CARTESIAN_POINT ( 'NONE',  ( 6.602453769200100600, 26.71229338220534900, -12.44000000000000100 ) ) ;
#4841 = AXIS2_PLACEMENT_3D ( 'NONE', #2374, #7828, #3143 ) ;
#4842 = EDGE_CURVE ( 'NONE', #9759, #3266, #6079, .T. ) ;
#4843 = CARTESIAN_POINT ( 'NONE',  ( -4.156593800972183700, 27.48436740471909100, -12.49000000000000200 ) ) ;
#4844 = DIRECTION ( 'NONE',  ( 0.0000000000000000000, 0.0000000000000000000, -1.000000000000000000 ) ) ;
#4845 = PRESENTATION_STYLE_ASSIGNMENT (( #6449 ) ) ;
#4846 = FILL_AREA_STYLE_COLOUR ( '', #3654 ) ;
#4847 = ORIENTED_EDGE ( 'NONE', *, *, #3364, .T. ) ;
#4848 = FILL_AREA_STYLE ('',( #4086 ) ) ;
#4849 = SURFACE_STYLE_FILL_AREA ( #8612 ) ;
#4850 = AXIS2_PLACEMENT_3D ( 'NONE', #615, #3724, #9003 ) ;
#4851 = ORIENTED_EDGE ( 'NONE', *, *, #2899, .T. ) ;
#4852 =( NAMED_UNIT ( * ) SI_UNIT ( $, .STERADIAN. ) SOLID_ANGLE_UNIT ( ) );
#4853 = EDGE_CURVE ( 'NONE', #9750, #10054, #4044, .T. ) ;
#4854 = STYLED_ITEM ( 'NONE', ( #3631 ), #1879 ) ;
#4855 = UNCERTAINTY_MEASURE_WITH_UNIT (LENGTH_MEASURE( 1.000000000000000100E-005 ), #3050, 'distance_accuracy_value', 'NONE');
#4856 = CIRCLE ( 'NONE', #1894, 7.400000000000000400 ) ;
#4857 = SURFACE_STYLE_FILL_AREA ( #5348 ) ;
#4858 = PRESENTATION_LAYER_ASSIGNMENT (  '', '', ( #3828 ) ) ;
#4859 = UNCERTAINTY_MEASURE_WITH_UNIT (LENGTH_MEASURE( 1.000000000000000100E-005 ), #4399, 'distance_accuracy_value', 'NONE');
#4860 = PRESENTATION_LAYER_ASSIGNMENT (  '', '', ( #4312 ) ) ;
#4861 = DIRECTION ( 'NONE',  ( -0.0000000000000000000, -0.0000000000000000000, 1.000000000000000000 ) ) ;
#4862 = CARTESIAN_POINT ( 'NONE',  ( 7.803552442871382900, 27.05604543973376200, -12.15271012061797200 ) ) ;
#4863 = VERTEX_POINT ( 'NONE', #2424 ) ;
#4864 = DIRECTION ( 'NONE',  ( 0.0000000000000000000, -0.0000000000000000000, 1.000000000000000000 ) ) ;
#4865 = UNCERTAINTY_MEASURE_WITH_UNIT (LENGTH_MEASURE( 1.000000000000000100E-005 ), #4352, 'distance_accuracy_value', 'NONE');
#4866 = LINE ( 'NONE', #9148, #500 ) ;
#4867 = ORIENTED_EDGE ( 'NONE', *, *, #8408, .F. ) ;
#4868 = DIRECTION ( 'NONE',  ( 1.000000000000000000, -0.0000000000000000000, 0.0000000000000000000 ) ) ;
#4869 = CARTESIAN_POINT ( 'NONE',  ( -5.595207219861268100, 27.81571590463216000, -9.975251276645563400 ) ) ;
#4870 = CIRCLE ( 'NONE', #6537, 4.849999999999998800 ) ;
#4871 = CARTESIAN_POINT ( 'NONE',  ( -0.6829763973971954000, 31.67121658500502000, -9.873101976561274600 ) ) ;
#4872 = CARTESIAN_POINT ( 'NONE',  ( -3.945277990912571500, 27.03121911854659500, -12.49000000000000200 ) ) ;
#4873 = DIRECTION ( 'NONE',  ( 0.0000000000000000000, 0.0000000000000000000, -1.000000000000000000 ) ) ;
#4874 = LINE ( 'NONE', #446, #9055 ) ;
#4875 = SURFACE_STYLE_FILL_AREA ( #3257 ) ;
#4876 = DIRECTION ( 'NONE',  ( 1.000000000000000000, 0.0000000000000000000, 0.0000000000000000000 ) ) ;
#4877 = CARTESIAN_POINT ( 'NONE',  ( -5.388275123508057300, 25.86229349947143800, -9.765000000000000600 ) ) ;
#4878 = DIRECTION ( 'NONE',  ( 0.0000000000000000000, 0.0000000000000000000, -1.000000000000000000 ) ) ;
#4879 = ADVANCED_FACE ( 'NONE', ( #1766 ), #6976, .F. ) ;
#4880 = PRESENTATION_LAYER_ASSIGNMENT (  '', '', ( #3857 ) ) ;
#4881 = LINE ( 'NONE', #7536, #7002 ) ;
#4882 =( LENGTH_UNIT ( ) NAMED_UNIT ( * ) SI_UNIT ( .MILLI., .METRE. ) );
#4883 = FILL_AREA_STYLE_COLOUR ( '', #4527 ) ;
#4884 = EDGE_CURVE ( 'NONE', #8058, #1843, #5078, .T. ) ;
#4885 = EDGE_CURVE ( 'NONE', #5775, #8687, #9048, .T. ) ;
#4886 = CARTESIAN_POINT ( 'NONE',  ( -1.524604635402869100, 31.41387046993492800, -9.873101976561276400 ) ) ;
#4887 = ORIENTED_EDGE ( 'NONE', *, *, #3730, .F. ) ;
#4888 = STYLED_ITEM ( 'NONE', ( #4023 ), #2391 ) ;
#4889 = FACE_OUTER_BOUND ( 'NONE', #2878, .T. ) ;
#4890 = CARTESIAN_POINT ( 'NONE',  ( 0.0000000000000000000, 0.0000000000000000000, 0.0000000000000000000 ) ) ;
#4891 = PRESENTATION_STYLE_ASSIGNMENT (( #6702 ) ) ;
#4892 = ORIENTED_EDGE ( 'NONE', *, *, #7349, .T. ) ;
#4893 = DIRECTION ( 'NONE',  ( -7.150856675050581200E-016, -1.000000000000000000, 0.0000000000000000000 ) ) ;
#4894 = COLOUR_RGB ( '',1.000000000000000000, 1.000000000000000000, 1.000000000000000000 ) ;
#4895 = CARTESIAN_POINT ( 'NONE',  ( 0.5500000005274974200, 20.96229349947143900, -11.99000000000000200 ) ) ;
#4896 =( NAMED_UNIT ( * ) SI_UNIT ( $, .STERADIAN. ) SOLID_ANGLE_UNIT ( ) );
#4897 = EDGE_CURVE ( 'NONE', #9454, #8243, #3084, .T. ) ;
#4898 = LINE ( 'NONE', #1310, #2636 ) ;
#4899 = EDGE_CURVE ( 'NONE', #816, #9066, #4866, .T. ) ;
#4900 = CARTESIAN_POINT ( 'NONE',  ( -3.049999999472504900, 20.96229349947143900, -11.99000000000000200 ) ) ;
#4901 = AXIS2_PLACEMENT_3D ( 'NONE', #5631, #1055, #6442 ) ;
#4902 = ORIENTED_EDGE ( 'NONE', *, *, #1164, .T. ) ;
#4903 = MECHANICAL_DESIGN_GEOMETRIC_PRESENTATION_REPRESENTATION (  '', ( #3885 ), #5412 ) ;
#4904 = CARTESIAN_POINT ( 'NONE',  ( -4.699999622034267700, 21.16229299947141800, -12.49000000000000200 ) ) ;
#4905 = SURFACE_STYLE_FILL_AREA ( #8132 ) ;
#4906 = ORIENTED_EDGE ( 'NONE', *, *, #8753, .F. ) ;
#4907 = PRESENTATION_LAYER_ASSIGNMENT (  '', '', ( #3891 ) ) ;
#4908 = CIRCLE ( 'NONE', #5618, 4.800003769798933300 ) ;
#4909 = FILL_AREA_STYLE ('',( #8818 ) ) ;
#4910 = PRESENTATION_STYLE_ASSIGNMENT (( #1265 ) ) ;
#4911 = LINE ( 'NONE', #773, #9103 ) ;
#4912 = EDGE_CURVE ( 'NONE', #10054, #9951, #620, .T. ) ;
#4913 = CARTESIAN_POINT ( 'NONE',  ( -2.294503908541544400, 31.10344168984598700, -12.13026079899263700 ) ) ;
#4914 = LINE ( 'NONE', #4668, #9106 ) ;
#4915 = SURFACE_SIDE_STYLE ('',( #1683 ) ) ;
#4916 = LINE ( 'NONE', #1416, #870 ) ;
#4917 = DIRECTION ( 'NONE',  ( -1.000000000000000000, 0.0000000000000000000, 0.0000000000000000000 ) ) ;
#4918 = EDGE_LOOP ( 'NONE', ( #3739, #8589, #7661, #2593 ) ) ;
#4919 = DIRECTION ( 'NONE',  ( 0.0000000000000000000, 0.0000000000000000000, -1.000000000000000000 ) ) ;
#4920 = DIRECTION ( 'NONE',  ( -1.000000000000000000, -2.203567658673241600E-014, 0.0000000000000000000 ) ) ;
#4921 = STYLED_ITEM ( 'NONE', ( #568 ), #3509 ) ;
#4922 = APPLICATION_CONTEXT ( 'automotive_design' ) ;
#4923 = LINE ( 'NONE', #201, #6776 ) ;
#4924 = ORIENTED_EDGE ( 'NONE', *, *, #8031, .T. ) ;
#4925 = ORIENTED_EDGE ( 'NONE', *, *, #811, .F. ) ;
#4926 = ADVANCED_FACE ( 'NONE', ( #4308 ), #9631, .T. ) ;
#4927 = DIRECTION ( 'NONE',  ( 0.0000000000000000000, 0.0000000000000000000, -1.000000000000000000 ) ) ;
#4928 = PLANE ( 'NONE',  #156 ) ;
#4929 = SURFACE_STYLE_FILL_AREA ( #7631 ) ;
#4930 = CARTESIAN_POINT ( 'NONE',  ( -5.681834584306876900, 27.84241116321852500, -11.96500000000000200 ) ) ;
#4931 = ORIENTED_EDGE ( 'NONE', *, *, #8810, .F. ) ;
#4932 = FILL_AREA_STYLE_COLOUR ( '', #5489 ) ;
#4933 = ORIENTED_EDGE ( 'NONE', *, *, #8276, .T. ) ;
#4934 = ORIENTED_EDGE ( 'NONE', *, *, #7307, .F. ) ;
#4935 = PRESENTATION_LAYER_ASSIGNMENT (  '', '', ( #4395 ) ) ;
#4936 = ORIENTED_EDGE ( 'NONE', *, *, #6157, .F. ) ;
#4937 = DIRECTION ( 'NONE',  ( 0.0000000000000000000, -0.0000000000000000000, 1.000000000000000000 ) ) ;
#4938 = LINE ( 'NONE', #4497, #896 ) ;
#4939 = SURFACE_SIDE_STYLE ('',( #9076 ) ) ;
#4940 = EDGE_CURVE ( 'NONE', #6900, #7118, #3599, .T. ) ;
#4941 = PRESENTATION_STYLE_ASSIGNMENT (( #3580 ) ) ;
#4942 = EDGE_CURVE ( 'NONE', #8058, #6427, #9146, .T. ) ;
#4943 = ORIENTED_EDGE ( 'NONE', *, *, #7547, .F. ) ;
#4944 = MECHANICAL_DESIGN_GEOMETRIC_PRESENTATION_REPRESENTATION (  '', ( #3930 ), #5460 ) ;
#4945 = SURFACE_SIDE_STYLE ('',( #2887 ) ) ;
#4946 = PRESENTATION_STYLE_ASSIGNMENT (( #8764 ) ) ;
#4947 = MECHANICAL_DESIGN_GEOMETRIC_PRESENTATION_REPRESENTATION (  '', ( #3415 ), #5467 ) ;
#4948 = ORIENTED_EDGE ( 'NONE', *, *, #784, .T. ) ;
#4949 = DIRECTION ( 'NONE',  ( 0.0000000000000000000, -0.0000000000000000000, 1.000000000000000000 ) ) ;
#4950 = EDGE_CURVE ( 'NONE', #6014, #5423, #1581, .T. ) ;
#4951 = VECTOR ( 'NONE', #4059, 1000.000000000000000 ) ;
#4952 = VERTEX_POINT ( 'NONE', #727 ) ;
#4953 = CARTESIAN_POINT ( 'NONE',  ( 1.899995377965713700, 24.66229349947143800, -11.76500000000000100 ) ) ;
#4954 = SURFACE_STYLE_FILL_AREA ( #9131 ) ;
#4955 = AXIS2_PLACEMENT_3D ( 'NONE', #5790, #5760, #5727 ) ;
#4956 = DIRECTION ( 'NONE',  ( 0.0000000000000000000, 0.0000000000000000000, 1.000000000000000000 ) ) ;
#4957 = AXIS2_PLACEMENT_3D ( 'NONE', #5866, #1262, #6683 ) ;
#4958 = LINE ( 'NONE', #173, #919 ) ;
#4959 =( NAMED_UNIT ( * ) SI_UNIT ( $, .STERADIAN. ) SOLID_ANGLE_UNIT ( ) );
#4960 = CARTESIAN_POINT ( 'NONE',  ( -6.258764761715996300, 26.10118238836032500, -11.96500000000000000 ) ) ;
#4961 = ORIENTED_EDGE ( 'NONE', *, *, #3927, .T. ) ;
#4962 = CARTESIAN_POINT ( 'NONE',  ( -5.804189126815344900, 27.33509042341658100, -12.05474872335444100 ) ) ;
#4963 = UNCERTAINTY_MEASURE_WITH_UNIT (LENGTH_MEASURE( 1.000000000000000100E-005 ), #9016, 'distance_accuracy_value', 'NONE');
#4964 = CARTESIAN_POINT ( 'NONE',  ( -0.1000046220342811800, 32.10809768706595700, -10.06500000000000100 ) ) ;
#4965 = DIRECTION ( 'NONE',  ( 0.0000000000000000000, -1.000000000000000000, 0.0000000000000000000 ) ) ;
#4966 = LINE ( 'NONE', #4371, #2946 ) ;
#4967 = ORIENTED_EDGE ( 'NONE', *, *, #9704, .F. ) ;
#4968 = AXIS2_PLACEMENT_3D ( 'NONE', #2434, #1745, #1620 ) ;
#4969 = UNCERTAINTY_MEASURE_WITH_UNIT (LENGTH_MEASURE( 1.000000000000000100E-005 ), #8178, 'distance_accuracy_value', 'NONE');
#4970 = EDGE_CURVE ( 'NONE', #8398, #8180, #7798, .T. ) ;
#4971 = SURFACE_SIDE_STYLE ('',( #5172 ) ) ;
#4972 = SPHERICAL_SURFACE ( 'NONE', #4145, 0.2000000000000000100 ) ;
#4973 = ORIENTED_EDGE ( 'NONE', *, *, #9144, .F. ) ;
#4974 = ADVANCED_FACE ( 'NONE', ( #3381 ), #8493, .F. ) ;
#4975 =( GEOMETRIC_REPRESENTATION_CONTEXT ( 3 ) GLOBAL_UNCERTAINTY_ASSIGNED_CONTEXT ( ( #2143 ) ) GLOBAL_UNIT_ASSIGNED_CONTEXT ( ( #5485, #927, #6295 ) ) REPRESENTATION_CONTEXT ( 'NONE', 'WORKASPACE' ) );
#4976 = VECTOR ( 'NONE', #5715, 1000.000000000000000 ) ;
#4977 = AXIS2_PLACEMENT_3D ( 'NONE', #2238, #701, #6925 ) ;
#4978 = SURFACE_SIDE_STYLE ('',( #4784 ) ) ;
#4979 = ORIENTED_EDGE ( 'NONE', *, *, #4842, .F. ) ;
#4980 = DIRECTION ( 'NONE',  ( 0.0000000000000000000, -0.0000000000000000000, 1.000000000000000000 ) ) ;
#4981 = PRESENTATION_LAYER_ASSIGNMENT (  '', '', ( #3975 ) ) ;
#4982 = EDGE_LOOP ( 'NONE', ( #1726, #7067, #8065, #2557 ) ) ;
#4983 = CYLINDRICAL_SURFACE ( 'NONE', #8491, 0.2000000000000000900 ) ;
#4984 = SPHERICAL_SURFACE ( 'NONE', #4338, 0.2000000000000000100 ) ;
#4985 = MECHANICAL_DESIGN_GEOMETRIC_PRESENTATION_REPRESENTATION (  '', ( #3986 ), #5514 ) ;
#4986 = DIRECTION ( 'NONE',  ( 0.0000000000000000000, 0.0000000000000000000, -1.000000000000000000 ) ) ;
#4987 = PRESENTATION_STYLE_ASSIGNMENT (( #6745 ) ) ;
#4988 = CARTESIAN_POINT ( 'NONE',  ( 5.751561865016674900, 30.16156520801000000, -9.932693816142634800 ) ) ;
#4989 = SURFACE_STYLE_FILL_AREA ( #9377 ) ;
#4990 = DIRECTION ( 'NONE',  ( 0.0000000000000000000, -0.0000000000000000000, 1.000000000000000000 ) ) ;
#4991 = SURFACE_STYLE_FILL_AREA ( #5755 ) ;
#4992 = DIRECTION ( 'NONE',  ( -1.000000000000000000, 0.0000000000000000000, 0.0000000000000000000 ) ) ;
#4993 = DIRECTION ( 'NONE',  ( 1.000000000000000000, 0.0000000000000000000, 0.0000000000000000000 ) ) ;
#4994 = FILL_AREA_STYLE ('',( #5752 ) ) ;
#4995 = DIRECTION ( 'NONE',  ( 0.1200000000000015600, -0.9927738916792683300, 0.0000000000000000000 ) ) ;
#4996 = VECTOR ( 'NONE', #4410, 1000.000000000000200 ) ;
#4997 = DIRECTION ( 'NONE',  ( 0.0000000000000000000, -0.0000000000000000000, 1.000000000000000000 ) ) ;
#4998 = PRESENTATION_STYLE_ASSIGNMENT (( #397 ) ) ;
#4999 = ORIENTED_EDGE ( 'NONE', *, *, #588, .F. ) ;
#5000 = EDGE_CURVE ( 'NONE', #3139, #537, #8355, .T. ) ;
#5001 = CYLINDRICAL_SURFACE ( 'NONE', #3624, 4.800003769798933300 ) ;
#5002 = DIRECTION ( 'NONE',  ( 0.0000000000000000000, -0.0000000000000000000, 1.000000000000000000 ) ) ;
#5003 = AXIS2_PLACEMENT_3D ( 'NONE', #7864, #7324, #437 ) ;
#5004 = ORIENTED_EDGE ( 'NONE', *, *, #3864, .F. ) ;
#5005 = LINE ( 'NONE', #2393, #4789 ) ;
#5006 = DIRECTION ( 'NONE',  ( 0.0000000000000000000, -0.0000000000000000000, 1.000000000000000000 ) ) ;
#5007 = COLOUR_RGB ( '',0.0000000000000000000, 0.0000000000000000000, 1.000000000000000000 ) ;
#5008 = ADVANCED_FACE ( 'NONE', ( #8646 ), #3729, .T. ) ;
#5009 = CARTESIAN_POINT ( 'NONE',  ( -2.296251950704357300, 31.28760508069050100, -10.06500000000000100 ) ) ;
#5010 = ORIENTED_EDGE ( 'NONE', *, *, #1536, .F. ) ;
#5011 = ORIENTED_EDGE ( 'NONE', *, *, #9272, .F. ) ;
#5012 = DIRECTION ( 'NONE',  ( 0.0000000000000000000, -1.000000000000000000, 0.0000000000000000000 ) ) ;
#5013 = AXIS2_PLACEMENT_3D ( 'NONE', #5378, #5427, #5462 ) ;
#5014 = CIRCLE ( 'NONE', #10046, 4.800003769798933300 ) ;
#5015 = ORIENTED_EDGE ( 'NONE', *, *, #4885, .T. ) ;
#5016 = EDGE_CURVE ( 'NONE', #978, #9454, #7935, .T. ) ;
#5017 = VERTEX_POINT ( 'NONE', #9406 ) ;
#5018 = SURFACE_SIDE_STYLE ('',( #8061 ) ) ;
#5019 =( GEOMETRIC_REPRESENTATION_CONTEXT ( 3 ) GLOBAL_UNCERTAINTY_ASSIGNED_CONTEXT ( ( #6305 ) ) GLOBAL_UNIT_ASSIGNED_CONTEXT ( ( #669, #6035, #10013 ) ) REPRESENTATION_CONTEXT ( 'NONE', 'WORKASPACE' ) );
#5020 = AXIS2_PLACEMENT_3D ( 'NONE', #8486, #3795, #9284 ) ;
#5021 = FILL_AREA_STYLE_COLOUR ( '', #7446 ) ;
#5022 = COLOUR_RGB ( '',1.000000000000000000, 0.0000000000000000000, 1.000000000000000000 ) ;
#5023 = PRESENTATION_LAYER_ASSIGNMENT (  '', '', ( #5564 ) ) ;
#5024 = MECHANICAL_DESIGN_GEOMETRIC_PRESENTATION_REPRESENTATION (  '', ( #3490 ), #5566 ) ;
#5025 = FILL_AREA_STYLE ('',( #3491 ) ) ;
#5026 = DIRECTION ( 'NONE',  ( -1.000000000000000000, 0.0000000000000000000, 0.0000000000000000000 ) ) ;
#5027 = DIRECTION ( 'NONE',  ( 0.0000000000000000000, 0.0000000000000000000, 1.000000000000000000 ) ) ;
#5028 = ORIENTED_EDGE ( 'NONE', *, *, #8394, .T. ) ;
#5029 = EDGE_CURVE ( 'NONE', #2922, #2420, #1938, .T. ) ;
#5030 = CARTESIAN_POINT ( 'NONE',  ( 1.450000000527496400, 20.66229349947143800, -12.44000000000000100 ) ) ;
#5031 = DIRECTION ( 'NONE',  ( -1.000000000000000000, 0.0000000000000000000, 0.0000000000000000000 ) ) ;
#5032 = VECTOR ( 'NONE', #5310, 1000.000000000000000 ) ;
#5033 =( GEOMETRIC_REPRESENTATION_CONTEXT ( 3 ) GLOBAL_UNCERTAINTY_ASSIGNED_CONTEXT ( ( #5592 ) ) GLOBAL_UNIT_ASSIGNED_CONTEXT ( ( #838, #6207, #1598 ) ) REPRESENTATION_CONTEXT ( 'NONE', 'WORKASPACE' ) );
#5034 = CARTESIAN_POINT ( 'NONE',  ( 6.993296551486843700, 28.65295746097795900, -9.865229013361460600 ) ) ;
#5035 = ORIENTED_EDGE ( 'NONE', *, *, #7685, .T. ) ;
#5036 = VECTOR ( 'NONE', #9330, 1000.000000000000000 ) ;
#5037 = DIRECTION ( 'NONE',  ( 0.0000000000000000000, 1.000000000000000000, 0.0000000000000000000 ) ) ;
#5038 = ORIENTED_EDGE ( 'NONE', *, *, #9677, .F. ) ;
#5039 = LINE ( 'NONE', #6834, #2789 ) ;
#5040 = ORIENTED_EDGE ( 'NONE', *, *, #6303, .F. ) ;
#5041 =( NAMED_UNIT ( * ) PLANE_ANGLE_UNIT ( ) SI_UNIT ( $, .RADIAN. ) );
#5042 = CARTESIAN_POINT ( 'NONE',  ( -4.602453961876664200, 25.61229279551774600, -12.44000000000000100 ) ) ;
#5043 = ORIENTED_EDGE ( 'NONE', *, *, #9246, .T. ) ;
#5044 = FILL_AREA_STYLE ('',( #8221 ) ) ;
#5045 = CARTESIAN_POINT ( 'NONE',  ( 5.602453769200100600, 25.86229349947144100, -12.54000000000000300 ) ) ;
#5046 = EDGE_CURVE ( 'NONE', #6496, #7383, #7561, .T. ) ;
#5047 = PRESENTATION_STYLE_ASSIGNMENT (( #7177 ) ) ;
#5048 = ORIENTED_EDGE ( 'NONE', *, *, #1066, .T. ) ;
#5049 = CIRCLE ( 'NONE', #6532, 6.500000000000000900 ) ;
#5050 = STYLED_ITEM ( 'NONE', ( #3329 ), #7623 ) ;
#5051 = ORIENTED_EDGE ( 'NONE', *, *, #864, .T. ) ;
#5052 = DIRECTION ( 'NONE',  ( -0.8630568006474879100, -0.5051068786466111900, 0.0000000000000000000 ) ) ;
#5053 = DIRECTION ( 'NONE',  ( -0.1200000000000025200, -0.9927738916792683300, 0.0000000000000000000 ) ) ;
#5054 = DIRECTION ( 'NONE',  ( 0.0000000000000000000, 1.000000000000000000, 0.0000000000000000000 ) ) ;
#5055 = COLOUR_RGB ( '',0.0000000000000000000, 0.0000000000000000000, 1.000000000000000000 ) ;
#5056 = EDGE_CURVE ( 'NONE', #4126, #432, #5769, .T. ) ;
#5057 = ADVANCED_FACE ( 'NONE', ( #5531 ), #4703, .F. ) ;
#5058 = SURFACE_STYLE_FILL_AREA ( #4766 ) ;
#5059 = EDGE_CURVE ( 'NONE', #3740, #8660, #744, .T. ) ;
#5060 = EDGE_LOOP ( 'NONE', ( #8761, #9638, #6440, #7619 ) ) ;
#5061 = CARTESIAN_POINT ( 'NONE',  ( 5.050000000527496100, 21.96229349947143600, -12.54000000000000300 ) ) ;
#5062 = VERTEX_POINT ( 'NONE', #9471 ) ;
#5063 = DIRECTION ( 'NONE',  ( -1.000000000000000000, 0.0000000000000000000, 0.0000000000000000000 ) ) ;
#5064 =( LENGTH_UNIT ( ) NAMED_UNIT ( * ) SI_UNIT ( .MILLI., .METRE. ) );
#5065 = ORIENTED_EDGE ( 'NONE', *, *, #9847, .T. ) ;
#5066 = CARTESIAN_POINT ( 'NONE',  ( 5.945278475781079500, 27.03121933074009000, -9.540000000000000900 ) ) ;
#5067 = CARTESIAN_POINT ( 'NONE',  ( -1.446765856821828700, 31.55098928544531500, -12.05474872335444700 ) ) ;
#5068 = EDGE_CURVE ( 'NONE', #7162, #6132, #6904, .T. ) ;
#5069 = EDGE_LOOP ( 'NONE', ( #4045, #5275, #6977, #1820, #2780, #2909, #2770, #9324, #9665 ) ) ;
#5070 = EDGE_CURVE ( 'NONE', #8064, #8167, #5944, .T. ) ;
#5071 = CARTESIAN_POINT ( 'NONE',  ( 6.899985530787216900, 25.61229242923305800, -12.49000000000000200 ) ) ;
#5072 = STYLED_ITEM ( 'NONE', ( #2194 ), #9274 ) ;
#5073 = UNCERTAINTY_MEASURE_WITH_UNIT (LENGTH_MEASURE( 1.000000000000000100E-005 ), #1500, 'distance_accuracy_value', 'NONE');
#5074 = PRESENTATION_STYLE_ASSIGNMENT (( #3516 ) ) ;
#5075 = ORIENTED_EDGE ( 'NONE', *, *, #275, .T. ) ;
#5076 = STYLED_ITEM ( 'NONE', ( #5897 ), #5690 ) ;
#5077 = DIRECTION ( 'NONE',  ( -1.000000000000000000, 0.0000000000000000000, 0.0000000000000000000 ) ) ;
#5078 = LINE ( 'NONE', #1346, #1052 ) ;
#5079 = EDGE_CURVE ( 'NONE', #6126, #1684, #8763, .T. ) ;
#5080 = DIRECTION ( 'NONE',  ( -1.000000000000000000, 0.0000000000000000000, 0.0000000000000000000 ) ) ;
#5081 =( NAMED_UNIT ( * ) SI_UNIT ( $, .STERADIAN. ) SOLID_ANGLE_UNIT ( ) );
#5082 =( NAMED_UNIT ( * ) SI_UNIT ( $, .STERADIAN. ) SOLID_ANGLE_UNIT ( ) );
#5083 = LINE ( 'NONE', #7352, #1056 ) ;
#5084 = LINE ( 'NONE', #9481, #6990 ) ;
#5085 = AXIS2_PLACEMENT_3D ( 'NONE', #9022, #4292, #4327 ) ;
#5086 = CARTESIAN_POINT ( 'NONE',  ( 7.593443656959645500, 28.02182319754406900, -9.765000000000000600 ) ) ;
#5087 = DIRECTION ( 'NONE',  ( 1.000000000000000000, -5.782411586589358800E-015, 0.0000000000000000000 ) ) ;
#5088 = SURFACE_STYLE_USAGE ( .BOTH. , #5117 ) ;
#5089 = DIRECTION ( 'NONE',  ( 0.0000000000000000000, 0.0000000000000000000, 1.000000000000000000 ) ) ;
#5090 = FILL_AREA_STYLE_COLOUR ( '', #2445 ) ;
#5091 = CARTESIAN_POINT ( 'NONE',  ( 7.393443656959505000, 27.98562411949015800, -9.870531240558982200 ) ) ;
#5092 = FACE_OUTER_BOUND ( 'NONE', #3005, .T. ) ;
#5093 = ADVANCED_FACE ( 'NONE', ( #8508 ), #8738, .F. ) ;
#5094 = DIRECTION ( 'NONE',  ( 0.0000000000000000000, 0.0000000000000000000, 1.000000000000000000 ) ) ;
#5095 = DIRECTION ( 'NONE',  ( -0.4226375166044908900, -0.9062988080971908800, 0.0000000000000000000 ) ) ;
#5096 = ORIENTED_EDGE ( 'NONE', *, *, #9176, .F. ) ;
#5097 = DIRECTION ( 'NONE',  ( -1.000000000000000000, 0.0000000000000000000, 0.0000000000000000000 ) ) ;
#5098 = AXIS2_PLACEMENT_3D ( 'NONE', #802, #7793, #7036 ) ;
#5099 = CARTESIAN_POINT ( 'NONE',  ( -2.449999999472504800, 21.96229349947143600, -12.44000000000000100 ) ) ;
#5100 = ORIENTED_EDGE ( 'NONE', *, *, #358, .T. ) ;
#5101 = EDGE_CURVE ( 'NONE', #4234, #6805, #1823, .T. ) ;
#5102 =( NAMED_UNIT ( * ) PLANE_ANGLE_UNIT ( ) SI_UNIT ( $, .RADIAN. ) );
#5103 = VECTOR ( 'NONE', #49, 1000.000000000000000 ) ;
#5104 = ORIENTED_EDGE ( 'NONE', *, *, #8954, .T. ) ;
#5105 =( NAMED_UNIT ( * ) SI_UNIT ( $, .STERADIAN. ) SOLID_ANGLE_UNIT ( ) );
#5106 = FILL_AREA_STYLE_COLOUR ( '', #9796 ) ;
#5107 = CARTESIAN_POINT ( 'NONE',  ( -6.017413299031601600, 25.86229349947143800, -12.24572941798026300 ) ) ;
#5108 = PRESENTATION_STYLE_ASSIGNMENT (( #7511 ) ) ;
#5109 = DIRECTION ( 'NONE',  ( 0.0000000000000000000, 1.000000000000000000, 0.0000000000000000000 ) ) ;
#5110 = ORIENTED_EDGE ( 'NONE', *, *, #6964, .T. ) ;
#5111 = AXIS2_PLACEMENT_3D ( 'NONE', #3434, #8921, #7360 ) ;
#5112 = LINE ( 'NONE', #9541, #9095 ) ;
#5113 = EDGE_CURVE ( 'NONE', #9994, #5062, #7786, .T. ) ;
#5114 = ORIENTED_EDGE ( 'NONE', *, *, #4225, .F. ) ;
#5115 = SURFACE_STYLE_USAGE ( .BOTH. , #4945 ) ;
#5117 = SURFACE_SIDE_STYLE ('',( #6128 ) ) ;
#5116 = FILL_AREA_STYLE_COLOUR ( '', #6727 ) ;
#5118 = SURFACE_STYLE_FILL_AREA ( #7987 ) ;
#5119 = CARTESIAN_POINT ( 'NONE',  ( -0.9499999994725030200, 20.96229349947143900, -11.99000000000000200 ) ) ;
#5120 =( NAMED_UNIT ( * ) SI_UNIT ( $, .STERADIAN. ) SOLID_ANGLE_UNIT ( ) );
#5121 = AXIS2_PLACEMENT_3D ( 'NONE', #8009, #3307, #8772 ) ;
#5122 = EDGE_CURVE ( 'NONE', #1050, #6656, #5651, .T. ) ;
#5123 = LINE ( 'NONE', #2378, #1093 ) ;
#5124 = PLANE ( 'NONE',  #7787 ) ;
#5125 = ORIENTED_EDGE ( 'NONE', *, *, #9403, .F. ) ;
#5126 = DIRECTION ( 'NONE',  ( -1.000000000000000000, 0.0000000000000000000, 0.0000000000000000000 ) ) ;
#5127 = CARTESIAN_POINT ( 'NONE',  ( -0.04999999947250498300, 21.96229349947143900, -12.44000000000000100 ) ) ;
#5128 = DIRECTION ( 'NONE',  ( 0.0000000000000000000, 0.0000000000000000000, -1.000000000000000000 ) ) ;
#5129 = CARTESIAN_POINT ( 'NONE',  ( -0.04999999947250471200, 20.96229349947143900, -11.84000000000000200 ) ) ;
#5130 = PRESENTATION_LAYER_ASSIGNMENT (  '', '', ( #4641 ) ) ;
#5131 = EDGE_CURVE ( 'NONE', #3507, #816, #1570, .T. ) ;
#5132 = CARTESIAN_POINT ( 'NONE',  ( 5.050000000527496100, 20.66229349947143800, -12.44000000000000100 ) ) ;
#5133 = CARTESIAN_POINT ( 'NONE',  ( 6.852453769200100600, 25.86229349947144100, -12.54000000000000300 ) ) ;
#5134 = DIRECTION ( 'NONE',  ( 0.0000000000000000000, -1.000000000000000000, 0.0000000000000000000 ) ) ;
#5135 = EDGE_LOOP ( 'NONE', ( #5504, #4406, #853, #4119 ) ) ;
#5136 = ORIENTED_EDGE ( 'NONE', *, *, #647, .T. ) ;
#5137 = B_SPLINE_CURVE_WITH_KNOTS ( 'NONE', 3,
 ( #1671, #5476, #2447, #7913, #3218, #8674, #3987, #9476, #4747, #179, #5515, #953, #6324, #1705 ),
 .UNSPECIFIED., .F., .F.,
 ( 4, 2, 2, 2, 2, 2, 4 ),
 ( 0.0000000000000000000, 0.0001879583276142505900, 0.0002819374914213774500, 0.0003759166552285043300, 0.0004698958190356312100, 0.0005638749828427581500, 0.0007518333104570067100 ),
 .UNSPECIFIED. ) ;
#5138 =( GEOMETRIC_REPRESENTATION_CONTEXT ( 3 ) GLOBAL_UNCERTAINTY_ASSIGNED_CONTEXT ( ( #7578 ) ) GLOBAL_UNIT_ASSIGNED_CONTEXT ( ( #7692, #3024, #8473 ) ) REPRESENTATION_CONTEXT ( 'NONE', 'WORKASPACE' ) );
#5139 = ORIENTED_EDGE ( 'NONE', *, *, #4226, .F. ) ;
#5140 = STYLED_ITEM ( 'NONE', ( #9583 ), #4254 ) ;
#5141 = FILL_AREA_STYLE ('',( #584 ) ) ;
#5142 = DIRECTION ( 'NONE',  ( 0.0000000000000000000, -1.000000000000000000, 0.0000000000000000000 ) ) ;
#5143 = DIRECTION ( 'NONE',  ( 1.000000000000000000, 0.0000000000000000000, 0.0000000000000000000 ) ) ;
#5144 = CIRCLE ( 'NONE', #7771, 7.700000000000000200 ) ;
#5145 = AXIS2_PLACEMENT_3D ( 'NONE', #1986, #1956, #1234 ) ;
#5146 = VECTOR ( 'NONE', #5012, 1000.000000000000000 ) ;
#5147 = ADVANCED_FACE ( 'NONE', ( #9851 ), #5779, .F. ) ;
#5148 = ORIENTED_EDGE ( 'NONE', *, *, #5237, .T. ) ;
#5149 = VERTEX_POINT ( 'NONE', #420 ) ;
#5150 =( LENGTH_UNIT ( ) NAMED_UNIT ( * ) SI_UNIT ( .MILLI., .METRE. ) );
#5151 = ORIENTED_EDGE ( 'NONE', *, *, #334, .F. ) ;
#5152 = FILL_AREA_STYLE ('',( #182 ) ) ;
#5153 = AXIS2_PLACEMENT_3D ( 'NONE', #4544, #2, #5323 ) ;
#5154 = SURFACE_SIDE_STYLE ('',( #1249 ) ) ;
#5155 = CIRCLE ( 'NONE', #7686, 4.800003769798933300 ) ;
#5156 = ORIENTED_EDGE ( 'NONE', *, *, #1781, .F. ) ;
#5157 = FILL_AREA_STYLE_COLOUR ( '', #3745 ) ;
#5158 = CARTESIAN_POINT ( 'NONE',  ( -3.602453961876661100, 26.46229349947144300, -12.44000000000000100 ) ) ;
#5159 = VERTEX_POINT ( 'NONE', #451 ) ;
#5160 = CARTESIAN_POINT ( 'NONE',  ( 2.099995377965719000, 31.98008005006171900, -10.26500000000000200 ) ) ;
#5161 = MECHANICAL_DESIGN_GEOMETRIC_PRESENTATION_REPRESENTATION (  '', ( #4162 ), #5708 ) ;
#5162 = CARTESIAN_POINT ( 'NONE',  ( 3.550000000527496100, 20.66229349947143800, -12.54000000000000300 ) ) ;
#5163 = VECTOR ( 'NONE', #4796, 1000.000000000000000 ) ;
#5164 = COLOUR_RGB ( '',1.000000000000000000, 0.0000000000000000000, 1.000000000000000000 ) ;
#5165 = ORIENTED_EDGE ( 'NONE', *, *, #9768, .F. ) ;
#5166 = FILL_AREA_STYLE ('',( #5194 ) ) ;
#5167 = DIRECTION ( 'NONE',  ( 0.9062988080971907700, -0.4226375166044908900, -0.0000000000000000000 ) ) ;
#5168 =( LENGTH_UNIT ( ) NAMED_UNIT ( * ) SI_UNIT ( .MILLI., .METRE. ) );
#5169 =( NAMED_UNIT ( * ) PLANE_ANGLE_UNIT ( ) SI_UNIT ( $, .RADIAN. ) );
#5170 = PLANE ( 'NONE',  #9488 ) ;
#5171 =( NAMED_UNIT ( * ) SI_UNIT ( $, .STERADIAN. ) SOLID_ANGLE_UNIT ( ) );
#5172 = SURFACE_STYLE_FILL_AREA ( #9702 ) ;
#5173 =( GEOMETRIC_REPRESENTATION_CONTEXT ( 3 ) GLOBAL_UNCERTAINTY_ASSIGNED_CONTEXT ( ( #3811 ) ) GLOBAL_UNIT_ASSIGNED_CONTEXT ( ( #8048, #3340, #8814 ) ) REPRESENTATION_CONTEXT ( 'NONE', 'WORKASPACE' ) );
#5174 = DIRECTION ( 'NONE',  ( -0.8643270225166237400, 0.5029302120051525300, 0.0000000000000000000 ) ) ;
#5175 = CARTESIAN_POINT ( 'NONE',  ( 8.262572811170464600, 26.06229349947067300, -10.06128494403050800 ) ) ;
#5176 = DIRECTION ( 'NONE',  ( 0.0000000000000000000, -0.0000000000000000000, 1.000000000000000000 ) ) ;
#5177 = DIRECTION ( 'NONE',  ( 0.4226335297151911900, -0.9063006673066497100, -0.0000000000000000000 ) ) ;
#5178 = EDGE_CURVE ( 'NONE', #7919, #151, #6772, .T. ) ;
#5179 = LINE ( 'NONE', #7518, #7334 ) ;
#5180 = AXIS2_PLACEMENT_3D ( 'NONE', #2403, #2009, #1925 ) ;
#5181 = CARTESIAN_POINT ( 'NONE',  ( 7.500245722198886100, 28.19878122916831800, -11.01500000000000200 ) ) ;
#5182 = CARTESIAN_POINT ( 'NONE',  ( 0.9999953779657178000, 24.66229349947143800, -12.26500000000000200 ) ) ;
#5183 = EDGE_LOOP ( 'NONE', ( #5367, #4158, #7596, #4798 ) ) ;
#5184 = PLANE ( 'NONE',  #2208 ) ;
#5185 = CARTESIAN_POINT ( 'NONE',  ( 5.000000000527495400, 22.06229614966531100, -12.49000000000000200 ) ) ;
#5186 = DIRECTION ( 'NONE',  ( 1.000000000000000000, 0.0000000000000000000, 0.0000000000000000000 ) ) ;
#5187 = EDGE_LOOP ( 'NONE', ( #8647, #8911, #9033, #9049 ) ) ;
#5188 = EDGE_CURVE ( 'NONE', #8357, #6241, #4684, .T. ) ;
#5189 = EDGE_CURVE ( 'NONE', #689, #9753, #8881, .T. ) ;
#5190 = MECHANICAL_DESIGN_GEOMETRIC_PRESENTATION_REPRESENTATION (  '', ( #3677 ), #5745 ) ;
#5191 = ADVANCED_FACE ( 'NONE', ( #2421 ), #486, .F. ) ;
#5192 = EDGE_LOOP ( 'NONE', ( #7339, #937, #6741, #464 ) ) ;
#5193 = AXIS2_PLACEMENT_3D ( 'NONE', #2897, #8352, #3651 ) ;
#5194 = FILL_AREA_STYLE_COLOUR ( '', #9411 ) ;
#5195 = CARTESIAN_POINT ( 'NONE',  ( 6.699991030787229500, 21.16228799945011100, -12.49000000000000200 ) ) ;
#5196 = MECHANICAL_DESIGN_GEOMETRIC_PRESENTATION_REPRESENTATION (  '', ( #4194 ), #5750 ) ;
#5197 = CARTESIAN_POINT ( 'NONE',  ( 4.916126698336521300, 28.17313391978986600, -9.540000000000000900 ) ) ;
#5198 = CARTESIAN_POINT ( 'NONE',  ( -3.079104595221441500, 30.83650951518910300, -11.96500000000000000 ) ) ;
#5199 = EDGE_CURVE ( 'NONE', #5017, #2077, #1696, .T. ) ;
#5200 = CIRCLE ( 'NONE', #9978, 7.399999999999999500 ) ;
#5201 = PLANE ( 'NONE',  #4827 ) ;
#5202 = LINE ( 'NONE', #1289, #1162 ) ;
#5203 = ORIENTED_EDGE ( 'NONE', *, *, #3466, .F. ) ;
#5204 = B_SPLINE_CURVE_WITH_KNOTS ( 'NONE', 3,
 ( #2694, #6548, #9719, #4988 ),
 .UNSPECIFIED., .F., .F.,
 ( 4, 4 ),
 ( 0.0000000000000000000, 0.0001944958105014929200 ),
 .UNSPECIFIED. ) ;
#5205 = SURFACE_SIDE_STYLE ('',( #5785 ) ) ;
#5206 = PLANE ( 'NONE',  #660 ) ;
#5207 = SURFACE_STYLE_USAGE ( .BOTH. , #9958 ) ;
#5208 = CARTESIAN_POINT ( 'NONE',  ( 5.050000000527496100, 20.66229349947143800, -12.54000000000000300 ) ) ;
#5209 = FILL_AREA_STYLE_COLOUR ( '', #472 ) ;
#5210 = STYLED_ITEM ( 'NONE', ( #9788 ), #4879 ) ;
#5211 = DIRECTION ( 'NONE',  ( 1.000000000000000000, 0.0000000000000000000, 0.0000000000000000000 ) ) ;
#5212 = VECTOR ( 'NONE', #1971, 1000.000000000000000 ) ;
#5213 = FILL_AREA_STYLE ('',( #3703 ) ) ;
#5214 = PLANE ( 'NONE',  #2246 ) ;
#5215 = VERTEX_POINT ( 'NONE', #7644 ) ;
#5216 = CARTESIAN_POINT ( 'NONE',  ( 5.502453769200100100, 26.71229338220534900, -12.49000000000000200 ) ) ;
#5217 = DIRECTION ( 'NONE',  ( 7.150856675050581200E-016, 1.000000000000000000, 0.0000000000000000000 ) ) ;
#5218 = CIRCLE ( 'NONE', #504, 6.500000000000000000 ) ;
#5219 = CARTESIAN_POINT ( 'NONE',  ( 2.951079453344466400, 31.71551682513694500, -12.04693938883509400 ) ) ;
#5220 = CARTESIAN_POINT ( 'NONE',  ( 3.463217544691291400, 31.48839704513900600, -12.10817919462203700 ) ) ;
#5221 = ORIENTED_EDGE ( 'NONE', *, *, #1655, .T. ) ;
#5222 = PLANE ( 'NONE',  #5429 ) ;
#5223 = PRESENTATION_STYLE_ASSIGNMENT (( #3366 ) ) ;
#5224 = SURFACE_SIDE_STYLE ('',( #730 ) ) ;
#5225 = ORIENTED_EDGE ( 'NONE', *, *, #5407, .F. ) ;
#5226 = SURFACE_STYLE_USAGE ( .BOTH. , #9988 ) ;
#5227 = EDGE_LOOP ( 'NONE', ( #3776, #381, #3606, #3388 ) ) ;
#5228 = STYLED_ITEM ( 'NONE', ( #8593 ), #7460 ) ;
#5229 =( LENGTH_UNIT ( ) NAMED_UNIT ( * ) SI_UNIT ( .MILLI., .METRE. ) );
#5230 = FACE_OUTER_BOUND ( 'NONE', #7268, .T. ) ;
#5231 = CARTESIAN_POINT ( 'NONE',  ( -4.702453961876661200, 25.86229349947144100, -11.99000000000000200 ) ) ;
#5232 = COLOUR_RGB ( '',0.7529411764705882200, 0.7529411764705882200, 0.7529411764705882200 ) ;
#5233 = DIRECTION ( 'NONE',  ( 1.000000000000000000, 0.0000000000000000000, 0.0000000000000000000 ) ) ;
#5234 = EDGE_CURVE ( 'NONE', #1752, #5867, #7923, .T. ) ;
#5235 = CARTESIAN_POINT ( 'NONE',  ( 2.050000000527497000, 20.81229349947144100, -12.44000000000000100 ) ) ;
#5236 = VERTEX_POINT ( 'NONE', #6024 ) ;
#5237 = EDGE_CURVE ( 'NONE', #9551, #8167, #6708, .T. ) ;
#5238 = CARTESIAN_POINT ( 'NONE',  ( -5.882792523486611600, 27.38023954448804900, -11.01500000000000200 ) ) ;
#5239 = CARTESIAN_POINT ( 'NONE',  ( -0.1000046220342816200, 31.98008005006171900, -11.76500000000000100 ) ) ;
#5240 =( GEOMETRIC_REPRESENTATION_CONTEXT ( 3 ) GLOBAL_UNCERTAINTY_ASSIGNED_CONTEXT ( ( #1974 ) ) GLOBAL_UNIT_ASSIGNED_CONTEXT ( ( #9072, #9861, #5105 ) ) REPRESENTATION_CONTEXT ( 'NONE', 'WORKASPACE' ) );
#5241 = DIRECTION ( 'NONE',  ( 0.0000000000000000000, 1.000000000000000000, 0.0000000000000000000 ) ) ;
#5242 = ORIENTED_EDGE ( 'NONE', *, *, #2070, .T. ) ;
#5243 =( NAMED_UNIT ( * ) PLANE_ANGLE_UNIT ( ) SI_UNIT ( $, .RADIAN. ) );
#5244 = DIRECTION ( 'NONE',  ( -0.0000000000000000000, 0.0000000000000000000, 1.000000000000000000 ) ) ;
#5245 = ORIENTED_EDGE ( 'NONE', *, *, #4912, .T. ) ;
#5246 = CARTESIAN_POINT ( 'NONE',  ( -4.602453961876660700, 25.61229242923305800, -9.540000000000000900 ) ) ;
#5247 = ADVANCED_FACE ( 'NONE', ( #3719 ), #3577, .T. ) ;
#5248 = UNCERTAINTY_MEASURE_WITH_UNIT (LENGTH_MEASURE( 1.000000000000000100E-005 ), #9639, 'distance_accuracy_value', 'NONE');
#5249 = CARTESIAN_POINT ( 'NONE',  ( 5.602453769200100600, 25.86229349947144100, -12.44000000000000100 ) ) ;
#5250 = DIRECTION ( 'NONE',  ( 1.000000000000000000, 0.0000000000000000000, 0.0000000000000000000 ) ) ;
#5251 = UNCERTAINTY_MEASURE_WITH_UNIT (LENGTH_MEASURE( 1.000000000000000100E-005 ), #7329, 'distance_accuracy_value', 'NONE');
#5252 = DIRECTION ( 'NONE',  ( -0.3173046564050995300, 0.9483236552061967700, 0.0000000000000000000 ) ) ;
#5253 = DIRECTION ( 'NONE',  ( 0.0000000000000000000, 0.0000000000000000000, -1.000000000000000000 ) ) ;
#5254 = ORIENTED_EDGE ( 'NONE', *, *, #724, .T. ) ;
#5255 = AXIS2_PLACEMENT_3D ( 'NONE', #2416, #2035, #1082 ) ;
#5256 = STYLED_ITEM ( 'NONE', ( #7219 ), #9113 ) ;
#5257 = ORIENTED_EDGE ( 'NONE', *, *, #6821, .T. ) ;
#5258 = CARTESIAN_POINT ( 'NONE',  ( 0.9999953779657178000, 25.66229349947143500, -9.765000000000000600 ) ) ;
#5259 = FACE_OUTER_BOUND ( 'NONE', #1535, .T. ) ;
#5260 = CARTESIAN_POINT ( 'NONE',  ( -1.837657922581358100, 31.49659841993660000, -11.01500000000000200 ) ) ;
#5261 = UNCERTAINTY_MEASURE_WITH_UNIT (LENGTH_MEASURE( 1.000000000000000100E-005 ), #2339, 'distance_accuracy_value', 'NONE');
#5262 = FILL_AREA_STYLE ('',( #2960 ) ) ;
#5263 = ORIENTED_EDGE ( 'NONE', *, *, #301, .F. ) ;
#5264 = VERTEX_POINT ( 'NONE', #5246 ) ;
#5265 = CARTESIAN_POINT ( 'NONE',  ( 3.896199541903232700, 29.79926116199805400, -12.26500000000000200 ) ) ;
#5266 = VERTEX_POINT ( 'NONE', #9254 ) ;
#5267 = CARTESIAN_POINT ( 'NONE',  ( 6.411639438589191700, 29.63058272380330000, -10.01141332427006600 ) ) ;
#5268 = VECTOR ( 'NONE', #6173, 1000.000000000000000 ) ;
#5269 = PRESENTATION_STYLE_ASSIGNMENT (( #5966 ) ) ;
#5270 = VERTEX_POINT ( 'NONE', #735 ) ;
#5271 =( LENGTH_UNIT ( ) NAMED_UNIT ( * ) SI_UNIT ( .MILLI., .METRE. ) );
#5272 = ORIENTED_EDGE ( 'NONE', *, *, #5688, .F. ) ;
#5273 = B_SPLINE_CURVE_WITH_KNOTS ( 'NONE', 3,
 ( #524, #666, #700, #339 ),
 .UNSPECIFIED., .F., .F.,
 ( 4, 4 ),
 ( 0.0004997385253837061600, 0.0007518333104570100700 ),
 .UNSPECIFIED. ) ;
#5274 = ORIENTED_EDGE ( 'NONE', *, *, #4067, .F. ) ;
#5275 = ORIENTED_EDGE ( 'NONE', *, *, #4899, .F. ) ;
#5276 = STYLED_ITEM ( 'NONE', ( #8112 ), #4545 ) ;
#5277 = FILL_AREA_STYLE_COLOUR ( '', #9037 ) ;
#5278 = CARTESIAN_POINT ( 'NONE',  ( -6.224003889561315000, 25.94092245620256400, -10.00126581611691600 ) ) ;
#5279 = DIRECTION ( 'NONE',  ( 0.0000000000000000000, 0.0000000000000000000, -1.000000000000000000 ) ) ;
#5280 = SURFACE_STYLE_USAGE ( .BOTH. , #10034 ) ;
#5281 =( LENGTH_UNIT ( ) NAMED_UNIT ( * ) SI_UNIT ( .MILLI., .METRE. ) );
#5282 = FILL_AREA_STYLE_COLOUR ( '', #5365 ) ;
#5283 = PRESENTATION_LAYER_ASSIGNMENT (  '', '', ( #4801 ) ) ;
#5284 = DIRECTION ( 'NONE',  ( -1.000000000000000000, 0.0000000000000000000, 0.0000000000000000000 ) ) ;
#5285 = SURFACE_STYLE_FILL_AREA ( #8701 ) ;
#5286 = ORIENTED_EDGE ( 'NONE', *, *, #8294, .F. ) ;
#5287 =( LENGTH_UNIT ( ) NAMED_UNIT ( * ) SI_UNIT ( .MILLI., .METRE. ) );
#5288 = CARTESIAN_POINT ( 'NONE',  ( 2.983604987828357000, 31.79147949197160700, -11.96500000000000000 ) ) ;
#5289 = CARTESIAN_POINT ( 'NONE',  ( 0.9999953779657178000, 24.66229349947143800, -12.26500000000000200 ) ) ;
#5290 = ORIENTED_EDGE ( 'NONE', *, *, #4940, .F. ) ;
#5291 =( LENGTH_UNIT ( ) NAMED_UNIT ( * ) SI_UNIT ( .MILLI., .METRE. ) );
#5292 = DIRECTION ( 'NONE',  ( 0.0000000000000000000, -0.0000000000000000000, 1.000000000000000000 ) ) ;
#5293 = STYLED_ITEM ( 'NONE', ( #2914 ), #5591 ) ;
#5294 = CARTESIAN_POINT ( 'NONE',  ( -2.284474078304308300, 31.12770010740406700, -9.916824990576206000 ) ) ;
#5295 = VECTOR ( 'NONE', #7818, 1000.000000000000000 ) ;
#5296 = LINE ( 'NONE', #8130, #7222 ) ;
#5297 = CARTESIAN_POINT ( 'NONE',  ( -4.451615935434563000, 29.66628531477310600, -11.01500000000000200 ) ) ;
#5298 = PLANE ( 'NONE',  #9152 ) ;
#5299 = AXIS2_PLACEMENT_3D ( 'NONE', #3775, #9261, #4507 ) ;
#5300 = ORIENTED_EDGE ( 'NONE', *, *, #8278, .F. ) ;
#5301 = PLANE ( 'NONE',  #6153 ) ;
#5302 = ADVANCED_FACE ( 'NONE', ( #7775 ), #10038, .T. ) ;
#5303 = DIRECTION ( 'NONE',  ( -1.000000000000000000, 3.614004403270442900E-015, 0.0000000000000000000 ) ) ;
#5304 = FACE_OUTER_BOUND ( 'NONE', #5665, .T. ) ;
#5305 =( NAMED_UNIT ( * ) SI_UNIT ( $, .STERADIAN. ) SOLID_ANGLE_UNIT ( ) );
#5306 = ORIENTED_EDGE ( 'NONE', *, *, #4225, .T. ) ;
#5307 =( LENGTH_UNIT ( ) NAMED_UNIT ( * ) SI_UNIT ( .MILLI., .METRE. ) );
#5308 = DIRECTION ( 'NONE',  ( 0.0000000000000000000, 0.0000000000000000000, -1.000000000000000000 ) ) ;
#5309 = SURFACE_STYLE_USAGE ( .BOTH. , #9543 ) ;
#5310 = DIRECTION ( 'NONE',  ( 1.000000000000000000, -0.0000000000000000000, 0.0000000000000000000 ) ) ;
#5311 = STYLED_ITEM ( 'NONE', ( #9300 ), #8249 ) ;
#5312 = LINE ( 'NONE', #9327, #3313 ) ;
#5313 = CYLINDRICAL_SURFACE ( 'NONE', #2967, 7.400000000000000400 ) ;
#5314 = EDGE_CURVE ( 'NONE', #5775, #516, #4911, .T. ) ;
#5315 =( NAMED_UNIT ( * ) SI_UNIT ( $, .STERADIAN. ) SOLID_ANGLE_UNIT ( ) );
#5316 = ADVANCED_FACE ( 'NONE', ( #8867 ), #6959, .F. ) ;
#5317 =( NAMED_UNIT ( * ) PLANE_ANGLE_UNIT ( ) SI_UNIT ( $, .RADIAN. ) );
#5318 = DIRECTION ( 'NONE',  ( 0.0000000000000000000, -0.0000000000000000000, 1.000000000000000000 ) ) ;
#5319 = EDGE_LOOP ( 'NONE', ( #1256, #6271, #6703, #9591 ) ) ;
#5320 = CARTESIAN_POINT ( 'NONE',  ( -5.860339373508952400, 27.01463961671056400, -9.917411740004924400 ) ) ;
#5321 = CARTESIAN_POINT ( 'NONE',  ( 6.930118156454693900, 25.86229349947143800, -12.26500000000000200 ) ) ;
#5322 = FACE_OUTER_BOUND ( 'NONE', #9985, .T. ) ;
#5323 = DIRECTION ( 'NONE',  ( -1.000000000000000000, 0.0000000000000000000, 0.0000000000000000000 ) ) ;
#5324 = PRESENTATION_LAYER_ASSIGNMENT (  '', '', ( #4291 ) ) ;
#5325 = AXIS2_PLACEMENT_3D ( 'NONE', #3872, #9365, #4623 ) ;
#5326 = SURFACE_STYLE_USAGE ( .BOTH. , #7 ) ;
#5327 = EDGE_CURVE ( 'NONE', #1843, #3162, #147, .T. ) ;
#5328 = DIRECTION ( 'NONE',  ( 0.0000000000000000000, -0.0000000000000000000, 1.000000000000000000 ) ) ;
#5329 = CARTESIAN_POINT ( 'NONE',  ( -4.983902499709871300, 28.93897266591414700, -12.00993248607590400 ) ) ;
#5330 =( NAMED_UNIT ( * ) SI_UNIT ( $, .STERADIAN. ) SOLID_ANGLE_UNIT ( ) );
#5331 = LINE ( 'NONE', #5354, #1260 ) ;
#5332 =( NAMED_UNIT ( * ) PLANE_ANGLE_UNIT ( ) SI_UNIT ( $, .RADIAN. ) );
#5333 = CARTESIAN_POINT ( 'NONE',  ( -5.882792523486611600, 27.38023954448804900, -10.06500000000000100 ) ) ;
#5334 = STYLED_ITEM ( 'NONE', ( #1498 ), #606 ) ;
#5335 = COLOUR_RGB ( '',1.000000000000000000, 0.0000000000000000000, 1.000000000000000000 ) ;
#5336 = EDGE_CURVE ( 'NONE', #8656, #9740, #8142, .T. ) ;
#5337 =( LENGTH_UNIT ( ) NAMED_UNIT ( * ) SI_UNIT ( .MILLI., .METRE. ) );
#5338 = PRESENTATION_LAYER_ASSIGNMENT (  '', '', ( #4854 ) ) ;
#5339 =( NAMED_UNIT ( * ) PLANE_ANGLE_UNIT ( ) SI_UNIT ( $, .RADIAN. ) );
#5340 =( NAMED_UNIT ( * ) SI_UNIT ( $, .STERADIAN. ) SOLID_ANGLE_UNIT ( ) );
#5341 = MECHANICAL_DESIGN_GEOMETRIC_PRESENTATION_REPRESENTATION (  '', ( #3828 ), #5879 ) ;
#5342 = EDGE_LOOP ( 'NONE', ( #8055, #9147, #8406, #4699 ) ) ;
#5343 = MECHANICAL_DESIGN_GEOMETRIC_PRESENTATION_REPRESENTATION (  '', ( #4312 ), #5881 ) ;
#5344 = CARTESIAN_POINT ( 'NONE',  ( 5.406726249604603600, 30.60709989034278400, -11.96500000000000000 ) ) ;
#5345 = VECTOR ( 'NONE', #1984, 1000.000000000000000 ) ;
#5346 = CARTESIAN_POINT ( 'NONE',  ( -4.602453961876664200, 25.86229349947144100, -12.44000000000000100 ) ) ;
#5347 = CARTESIAN_POINT ( 'NONE',  ( -4.067861064279305200, 29.99275779293886800, -10.02006751392409900 ) ) ;
#5348 = FILL_AREA_STYLE ('',( #5277 ) ) ;
#5349 = DIRECTION ( 'NONE',  ( 0.0000000000000000000, 0.0000000000000000000, -1.000000000000000000 ) ) ;
#5350 = CARTESIAN_POINT ( 'NONE',  ( -0.6824697115883371400, 31.67152068934688800, -12.15672070988590500 ) ) ;
#5351 = CARTESIAN_POINT ( 'NONE',  ( 2.538922961530384500, 30.26166322722151500, -12.26500000000000200 ) ) ;
#5352 = CARTESIAN_POINT ( 'NONE',  ( -5.681834584306876900, 27.84241116321852500, -10.06500000000000100 ) ) ;
#5353 = AXIS2_PLACEMENT_3D ( 'NONE', #4276, #9800, #5053 ) ;
#5354 = CARTESIAN_POINT ( 'NONE',  ( 5.300000000527495200, 20.96229614966531000, -12.44000000000000100 ) ) ;
#5355 = PRESENTATION_STYLE_ASSIGNMENT (( #7218 ) ) ;
#5356 = EDGE_LOOP ( 'NONE', ( #8694, #5900, #7507, #2753 ) ) ;
#5357 = LINE ( 'NONE', #7769, #1076 ) ;
#5358 = VERTEX_POINT ( 'NONE', #76 ) ;
#5359 = CARTESIAN_POINT ( 'NONE',  ( 6.602453769200100600, 26.71229338220534900, -12.44000000000000100 ) ) ;
#5360 = SURFACE_STYLE_FILL_AREA ( #7433 ) ;
#5361 = CARTESIAN_POINT ( 'NONE',  ( -0.004125382466708877600, 31.99394648245342100, -10.08645392096931400 ) ) ;
#5362 = CARTESIAN_POINT ( 'NONE',  ( -5.060797812990760900, 28.61231606140152200, -12.13069079785676700 ) ) ;
#5363 = CIRCLE ( 'NONE', #7137, 5.899999122561760100 ) ;
#5364 = CARTESIAN_POINT ( 'NONE',  ( -4.852453961876661600, 25.86229349947144100, -12.54000000000000300 ) ) ;
#5365 = COLOUR_RGB ( '',0.0000000000000000000, 0.0000000000000000000, 1.000000000000000000 ) ;
#5366 = PRESENTATION_STYLE_ASSIGNMENT (( #6210 ) ) ;
#5367 = ORIENTED_EDGE ( 'NONE', *, *, #3818, .T. ) ;
#5368 = DIRECTION ( 'NONE',  ( 1.000000000000000000, 0.0000000000000000000, 0.0000000000000000000 ) ) ;
#5369 =( NAMED_UNIT ( * ) PLANE_ANGLE_UNIT ( ) SI_UNIT ( $, .RADIAN. ) );
#5370 = ADVANCED_FACE ( 'NONE', ( #3968 ), #5399, .F. ) ;
#5371 = ORIENTED_EDGE ( 'NONE', *, *, #5327, .T. ) ;
#5372 = FILL_AREA_STYLE ('',( #8556 ) ) ;
#5373 = LINE ( 'NONE', #1948, #7504 ) ;
#5374 = CARTESIAN_POINT ( 'NONE',  ( -0.9499999994725030200, 20.96229349947143900, -11.99000000000000200 ) ) ;
#5375 = MECHANICAL_DESIGN_GEOMETRIC_PRESENTATION_REPRESENTATION (  '', ( #3857 ), #5911 ) ;
#5376 = DIRECTION ( 'NONE',  ( 0.0000000000000000000, 0.0000000000000000000, -1.000000000000000000 ) ) ;
#5377 = CARTESIAN_POINT ( 'NONE',  ( 5.158039101163482500, 30.53782527068700100, -12.16712456591827000 ) ) ;
#5378 = CARTESIAN_POINT ( 'NONE',  ( 0.9999953779657178000, 24.66229349947143800, -10.06500000000000100 ) ) ;
#5379 = ORIENTED_EDGE ( 'NONE', *, *, #4058, .F. ) ;
#5380 = MANIFOLD_SOLID_BREP ( '·¬ËÞÃ¨1', #1115 ) ;
#5381 = CARTESIAN_POINT ( 'NONE',  ( 3.837648678512799900, 31.49659841993659300, -11.01500000000000200 ) ) ;
#5382 = EDGE_LOOP ( 'NONE', ( #3809, #1272, #9069, #116 ) ) ;
#5383 = EDGE_CURVE ( 'NONE', #90, #1008, #4513, .T. ) ;
#5384 = CARTESIAN_POINT ( 'NONE',  ( -3.752809163010576200, 30.21664808939491600, -9.975196976199290700 ) ) ;
#5385 = COLOUR_RGB ( '',1.000000000000000000, 0.0000000000000000000, 1.000000000000000000 ) ;
#5386 = UNCERTAINTY_MEASURE_WITH_UNIT (LENGTH_MEASURE( 1.000000000000000100E-005 ), #8856, 'distance_accuracy_value', 'NONE');
#5387 = EDGE_CURVE ( 'NONE', #5215, #4189, #6625, .T. ) ;
#5388 = DIRECTION ( 'NONE',  ( 1.000000000000000000, 0.0000000000000000000, 0.0000000000000000000 ) ) ;
#5389 = CARTESIAN_POINT ( 'NONE',  ( -3.843634395923538600, 27.63030919068990700, -12.49000000000000200 ) ) ;
#5390 = CARTESIAN_POINT ( 'NONE',  ( -0.1000046220342816200, 31.98008005006171900, -11.76500000000000100 ) ) ;
#5391 = AXIS2_PLACEMENT_3D ( 'NONE', #9050, #9843, #5089 ) ;
#5392 = SURFACE_STYLE_USAGE ( .BOTH. , #70 ) ;
#5393 = DIRECTION ( 'NONE',  ( -1.000000000000000000, 0.0000000000000000000, 0.0000000000000000000 ) ) ;
#5394 = FILL_AREA_STYLE ('',( #6175 ) ) ;
#5395 = VECTOR ( 'NONE', #7705, 1000.000000000000000 ) ;
#5396 = UNCERTAINTY_MEASURE_WITH_UNIT (LENGTH_MEASURE( 1.000000000000000100E-005 ), #9395, 'distance_accuracy_value', 'NONE');
#5397 = DIRECTION ( 'NONE',  ( 1.000000000000000000, 0.0000000000000000000, 0.0000000000000000000 ) ) ;
#5398 =( LENGTH_UNIT ( ) NAMED_UNIT ( * ) SI_UNIT ( .MILLI., .METRE. ) );
#5399 = PLANE ( 'NONE',  #1922 ) ;
#5400 = ORIENTED_EDGE ( 'NONE', *, *, #104, .F. ) ;
#5401 = ORIENTED_EDGE ( 'NONE', *, *, #8053, .F. ) ;
#5402 = VECTOR ( 'NONE', #7713, 1000.000000000000100 ) ;
#5403 =( LENGTH_UNIT ( ) NAMED_UNIT ( * ) SI_UNIT ( .MILLI., .METRE. ) );
#5404 = CARTESIAN_POINT ( 'NONE',  ( -3.951571109089841500, 30.16156520800414900, -9.765000000000000600 ) ) ;
#5405 =( LENGTH_UNIT ( ) NAMED_UNIT ( * ) SI_UNIT ( .MILLI., .METRE. ) );
#5406 = CARTESIAN_POINT ( 'NONE',  ( 1.500000000524379900, 26.86229349947144100, -13.14000000000000200 ) ) ;
#5407 = EDGE_CURVE ( 'NONE', #2234, #2021, #5137, .T. ) ;
#5408 = CARTESIAN_POINT ( 'NONE',  ( -2.497697860745406600, 30.99540154900262200, -9.899739201007365700 ) ) ;
#5409 = EDGE_CURVE ( 'NONE', #9350, #8395, #4372, .T. ) ;
#5410 = VECTOR ( 'NONE', #8288, 1000.000000000000000 ) ;
#5411 = PRESENTATION_LAYER_ASSIGNMENT (  '', '', ( #4359 ) ) ;
#5412 =( GEOMETRIC_REPRESENTATION_CONTEXT ( 3 ) GLOBAL_UNCERTAINTY_ASSIGNED_CONTEXT ( ( #6691 ) ) GLOBAL_UNIT_ASSIGNED_CONTEXT ( ( #5064, #499, #5858 ) ) REPRESENTATION_CONTEXT ( 'NONE', 'WORKASPACE' ) );
#5413 =( LENGTH_UNIT ( ) NAMED_UNIT ( * ) SI_UNIT ( .MILLI., .METRE. ) );
#5414 = ORIENTED_EDGE ( 'NONE', *, *, #7600, .F. ) ;
#5415 = VERTEX_POINT ( 'NONE', #1743 ) ;
#5416 = ORIENTED_EDGE ( 'NONE', *, *, #2710, .T. ) ;
#5417 = CARTESIAN_POINT ( 'NONE',  ( 5.000000000527495400, 21.76229614966530700, -12.44000000000000100 ) ) ;
#5418 = MECHANICAL_DESIGN_GEOMETRIC_PRESENTATION_REPRESENTATION (  '', ( #3891 ), #5939 ) ;
#5419 = ORIENTED_EDGE ( 'NONE', *, *, #8728, .T. ) ;
#5420 =( NAMED_UNIT ( * ) PLANE_ANGLE_UNIT ( ) SI_UNIT ( $, .RADIAN. ) );
#5421 = COLOUR_RGB ( '',1.000000000000000000, 0.0000000000000000000, 1.000000000000000000 ) ;
#5422 = ADVANCED_FACE ( 'NONE', ( #6392 ), #7490, .T. ) ;
#5423 = VERTEX_POINT ( 'NONE', #6698 ) ;
#5424 = EDGE_CURVE ( 'NONE', #6753, #909, #3623, .T. ) ;
#5425 = ORIENTED_EDGE ( 'NONE', *, *, #9598, .F. ) ;
#5426 = SURFACE_SIDE_STYLE ('',( #9285 ) ) ;
#5427 = DIRECTION ( 'NONE',  ( 0.0000000000000000000, 0.0000000000000000000, -1.000000000000000000 ) ) ;
#5428 = CARTESIAN_POINT ( 'NONE',  ( 4.605000268388270300, 31.03979732417431600, -9.990856630735846600 ) ) ;
#5429 = AXIS2_PLACEMENT_3D ( 'NONE', #2986, #8441, #3755 ) ;
#5430 = DIRECTION ( 'NONE',  ( 0.0000000000000000000, 0.0000000000000000000, -1.000000000000000000 ) ) ;
#5431 = B_SPLINE_CURVE_WITH_KNOTS ( 'NONE', 3,
 ( #27, #3833, #1542, #6986, #2331, #7783, #3103, #8567, #3863, #9360 ),
 .UNSPECIFIED., .F., .F.,
 ( 4, 2, 2, 2, 4 ),
 ( 8.673617379884035500E-019, 0.0001249346313459271900, 0.0002498692626918535200, 0.0003748038940377798400, 0.0004997385253837061600 ),
 .UNSPECIFIED. ) ;
#5432 = LINE ( 'NONE', #3305, #1350 ) ;
#5433 = VERTEX_POINT ( 'NONE', #5913 ) ;
#5434 = ORIENTED_EDGE ( 'NONE', *, *, #4571, .T. ) ;
#5435 = FILL_AREA_STYLE ('',( #68 ) ) ;
#5436 = DIRECTION ( 'NONE',  ( 0.0000000000000000000, 0.0000000000000000000, -1.000000000000000000 ) ) ;
#5437 = ADVANCED_FACE ( 'NONE', ( #3566 ), #2836, .F. ) ;
#5438 = FILL_AREA_STYLE_COLOUR ( '', #1253 ) ;
#5439 = DIRECTION ( 'NONE',  ( -0.0000000000000000000, -1.000000000000000000, -0.0000000000000000000 ) ) ;
#5440 = DIRECTION ( 'NONE',  ( -1.000000000000000000, 0.0000000000000000000, 0.0000000000000000000 ) ) ;
#5441 = CARTESIAN_POINT ( 'NONE',  ( -4.852453961876661600, 25.86229349947144100, -12.54000000000000300 ) ) ;
#5442 = DIRECTION ( 'NONE',  ( 1.000000000000000000, -0.0000000000000000000, 0.0000000000000000000 ) ) ;
#5443 = DIRECTION ( 'NONE',  ( 1.000000000000000000, 0.0000000000000000000, 0.0000000000000000000 ) ) ;
#5444 = AXIS2_PLACEMENT_3D ( 'NONE', #8650, #8467, #7726 ) ;
#5445 = LINE ( 'NONE', #826, #7325 ) ;
#5446 = DIRECTION ( 'NONE',  ( 0.0000000000000000000, 0.0000000000000000000, 1.000000000000000000 ) ) ;
#5447 =( NAMED_UNIT ( * ) SI_UNIT ( $, .STERADIAN. ) SOLID_ANGLE_UNIT ( ) );
#5448 = DIRECTION ( 'NONE',  ( -0.0000000000000000000, -0.0000000000000000000, 1.000000000000000000 ) ) ;
#5449 = VECTOR ( 'NONE', #6111, 1000.000000000000000 ) ;
#5450 = CARTESIAN_POINT ( 'NONE',  ( 2.983604987828357000, 31.79147949197160700, -10.06500000000000100 ) ) ;
#5451 = LINE ( 'NONE', #3368, #3642 ) ;
#5452 =( NAMED_UNIT ( * ) SI_UNIT ( $, .STERADIAN. ) SOLID_ANGLE_UNIT ( ) );
#5453 = PRESENTATION_STYLE_ASSIGNMENT (( #1009 ) ) ;
#5454 = DIRECTION ( 'NONE',  ( -0.0000000000000000000, -0.0000000000000000000, 1.000000000000000000 ) ) ;
#5455 = MECHANICAL_DESIGN_GEOMETRIC_PRESENTATION_REPRESENTATION (  '', ( #4395 ), #5969 ) ;
#5456 = ORIENTED_EDGE ( 'NONE', *, *, #1366, .F. ) ;
#5457 = CARTESIAN_POINT ( 'NONE',  ( 8.025679596934223200, 25.86229349947143800, -12.23757176263379200 ) ) ;
#5458 = EDGE_CURVE ( 'NONE', #3852, #5684, #2874, .T. ) ;
#5459 = EDGE_CURVE ( 'NONE', #2437, #7830, #850, .T. ) ;
#5460 =( GEOMETRIC_REPRESENTATION_CONTEXT ( 3 ) GLOBAL_UNCERTAINTY_ASSIGNED_CONTEXT ( ( #7381 ) ) GLOBAL_UNIT_ASSIGNED_CONTEXT ( ( #1099, #6494, #1874 ) ) REPRESENTATION_CONTEXT ( 'NONE', 'WORKASPACE' ) );
#5461 = ORIENTED_EDGE ( 'NONE', *, *, #7057, .T. ) ;
#5462 = DIRECTION ( 'NONE',  ( -1.000000000000000000, 0.0000000000000000000, 0.0000000000000000000 ) ) ;
#5463 = CYLINDRICAL_SURFACE ( 'NONE', #9271, 0.1999999999999996500 ) ;
#5464 = COLOUR_RGB ( '',1.000000000000000000, 1.000000000000000000, 1.000000000000000000 ) ;
#5465 = ORIENTED_EDGE ( 'NONE', *, *, #8982, .F. ) ;
#5466 = CARTESIAN_POINT ( 'NONE',  ( 0.09999537796571880700, 32.10809768706595700, -11.76500000000000100 ) ) ;
#5467 =( GEOMETRIC_REPRESENTATION_CONTEXT ( 3 ) GLOBAL_UNCERTAINTY_ASSIGNED_CONTEXT ( ( #697 ) ) GLOBAL_UNIT_ASSIGNED_CONTEXT ( ( #7564, #2902, #8359 ) ) REPRESENTATION_CONTEXT ( 'NONE', 'WORKASPACE' ) );
#5468 = EDGE_CURVE ( 'NONE', #7552, #6336, #4898, .T. ) ;
#5469 =( NAMED_UNIT ( * ) SI_UNIT ( $, .STERADIAN. ) SOLID_ANGLE_UNIT ( ) );
#5470 =( LENGTH_UNIT ( ) NAMED_UNIT ( * ) SI_UNIT ( .MILLI., .METRE. ) );
#5471 = SURFACE_SIDE_STYLE ('',( #1710 ) ) ;
#5472 = DIRECTION ( 'NONE',  ( -0.0000000000000000000, -0.0000000000000000000, 1.000000000000000000 ) ) ;
#5473 = SURFACE_STYLE_FILL_AREA ( #6587 ) ;
#5474 = CARTESIAN_POINT ( 'NONE',  ( -3.040612934118667600, 30.75444046421778000, -12.05474872335444100 ) ) ;
#5475 = FILL_AREA_STYLE ('',( #4706 ) ) ;
#5476 = CARTESIAN_POINT ( 'NONE',  ( -5.206880095626891200, 28.60839478535478300, -10.02006751392409900 ) ) ;
#5477 = ORIENTED_EDGE ( 'NONE', *, *, #1342, .T. ) ;
#5478 = EDGE_LOOP ( 'NONE', ( #4270, #3258, #4683, #1686 ) ) ;
#5479 = AXIS2_PLACEMENT_3D ( 'NONE', #6592, #6534, #6503 ) ;
#5480 = AXIS2_PLACEMENT_3D ( 'NONE', #1231, #6643, #2013 ) ;
#5481 =( NAMED_UNIT ( * ) PLANE_ANGLE_UNIT ( ) SI_UNIT ( $, .RADIAN. ) );
#5482 = SURFACE_STYLE_USAGE ( .BOTH. , #150 ) ;
#5483 = CARTESIAN_POINT ( 'NONE',  ( 2.973123453324150000, 31.75173627720874600, -10.02390161587071100 ) ) ;
#5484 = CARTESIAN_POINT ( 'NONE',  ( -4.714015584686597600, 29.36442904820769000, -11.96500000000000200 ) ) ;
#5485 =( LENGTH_UNIT ( ) NAMED_UNIT ( * ) SI_UNIT ( .MILLI., .METRE. ) );
#5486 =( NAMED_UNIT ( * ) PLANE_ANGLE_UNIT ( ) SI_UNIT ( $, .RADIAN. ) );
#5487 = ADVANCED_FACE ( 'NONE', ( #4652 ), #5740, .T. ) ;
#5488 = MECHANICAL_DESIGN_GEOMETRIC_PRESENTATION_REPRESENTATION (  '', ( #4423 ), #6007 ) ;
#5489 = COLOUR_RGB ( '',1.000000000000000000, 1.000000000000000000, 1.000000000000000000 ) ;
#5490 = EDGE_CURVE ( 'NONE', #5894, #3924, #7897, .T. ) ;
#5491 = SURFACE_STYLE_USAGE ( .BOTH. , #157 ) ;
#5492 = VECTOR ( 'NONE', #7265, 1000.000000000000000 ) ;
#5493 =( LENGTH_UNIT ( ) NAMED_UNIT ( * ) SI_UNIT ( .MILLI., .METRE. ) );
#5494 = LINE ( 'NONE', #995, #2513 ) ;
#5495 = UNCERTAINTY_MEASURE_WITH_UNIT (LENGTH_MEASURE( 1.000000000000000100E-005 ), #3169, 'distance_accuracy_value', 'NONE');
#5496 = MECHANICAL_DESIGN_GEOMETRIC_PRESENTATION_REPRESENTATION (  '', ( #4231 ), #3807 ) ;
#5497 = SURFACE_SIDE_STYLE ('',( #8301 ) ) ;
#5498 = ORIENTED_EDGE ( 'NONE', *, *, #9053, .T. ) ;
#5499 = PRESENTATION_LAYER_ASSIGNMENT (  '', '', ( #3971 ) ) ;
#5500 = VECTOR ( 'NONE', #571, 1000.000000000000000 ) ;
#5501 = CARTESIAN_POINT ( 'NONE',  ( -4.852453961876661600, 25.86229349947144100, -12.54000000000000300 ) ) ;
#5502 = MECHANICAL_DESIGN_GEOMETRIC_PRESENTATION_REPRESENTATION (  '', ( #3975 ), #6023 ) ;
#5503 = FACE_OUTER_BOUND ( 'NONE', #4803, .T. ) ;
#5504 = ORIENTED_EDGE ( 'NONE', *, *, #3727, .F. ) ;
#5505 = B_SPLINE_CURVE_WITH_KNOTS ( 'NONE', 3,
 ( #3378, #313, #4149, #9644, #4913, #333, #5689, #1101, #6498, #1877, #7310, #2648, #8118, #3407 ),
 .UNSPECIFIED., .F., .F.,
 ( 4, 2, 2, 2, 2, 2, 4 ),
 ( 0.0000000000000000000, 0.0001879583276142546600, 0.0002819374914213795600, 0.0003759166552285044900, 0.0004698958190356294200, 0.0005638749828427543600, 0.0007518333104570040000 ),
 .UNSPECIFIED. ) ;
#5506 = DIRECTION ( 'NONE',  ( -0.3173046564050759900, -0.9483236552062046500, 0.0000000000000000000 ) ) ;
#5507 = SURFACE_STYLE_USAGE ( .BOTH. , #174 ) ;
#5508 = DIRECTION ( 'NONE',  ( 0.0000000000000000000, 1.000000000000000000, 0.0000000000000000000 ) ) ;
#5509 = VERTEX_POINT ( 'NONE', #3693 ) ;
#5510 = CARTESIAN_POINT ( 'NONE',  ( -5.595215501663026300, 27.81557740177957800, -12.05480302380070900 ) ) ;
#5511 = PLANE ( 'NONE',  #7204 ) ;
#5512 = ORIENTED_EDGE ( 'NONE', *, *, #2910, .F. ) ;
#5513 = CARTESIAN_POINT ( 'NONE',  ( 7.500245722198886100, 28.19878122916831800, -10.06500000000000300 ) ) ;
#5514 =( GEOMETRIC_REPRESENTATION_CONTEXT ( 3 ) GLOBAL_UNCERTAINTY_ASSIGNED_CONTEXT ( ( #7776 ) ) GLOBAL_UNIT_ASSIGNED_CONTEXT ( ( #4315, #9827, #5082 ) ) REPRESENTATION_CONTEXT ( 'NONE', 'WORKASPACE' ) );
#5515 = CARTESIAN_POINT ( 'NONE',  ( -4.935343566538923800, 28.82894369224211000, -9.916824990576204300 ) ) ;
#5516 = CARTESIAN_POINT ( 'NONE',  ( 2.050000000527496100, 20.66229349947143800, -12.54000000000000300 ) ) ;
#5517 = VECTOR ( 'NONE', #7607, 1000.000000000000000 ) ;
#5518 = CARTESIAN_POINT ( 'NONE',  ( 8.262572811165412600, 26.02980982433040000, -11.97486370296947600 ) ) ;
#5519 = VECTOR ( 'NONE', #3984, 1000.000000000000000 ) ;
#5520 = ORIENTED_EDGE ( 'NONE', *, *, #530, .F. ) ;
#5521 = STYLED_ITEM ( 'NONE', ( #6858 ), #6844 ) ;
#5522 = CARTESIAN_POINT ( 'NONE',  ( 6.384846271612358000, 29.57941958898860700, -12.07304499071999300 ) ) ;
#5523 = DIRECTION ( 'NONE',  ( 0.0000000000000000000, -1.000000000000000000, 0.0000000000000000000 ) ) ;
#5524 = ORIENTED_EDGE ( 'NONE', *, *, #8753, .T. ) ;
#5525 = COLOUR_RGB ( '',1.000000000000000000, 0.0000000000000000000, 1.000000000000000000 ) ;
#5526 = COLOUR_RGB ( '',1.000000000000000000, 1.000000000000000000, 1.000000000000000000 ) ;
#5527 = CARTESIAN_POINT ( 'NONE',  ( -3.754897980005380600, 30.11510054845863500, -12.13026079899263500 ) ) ;
#5528 = SURFACE_STYLE_FILL_AREA ( #5818 ) ;
#5529 = SURFACE_STYLE_USAGE ( .BOTH. , #5568 ) ;
#5530 = ORIENTED_EDGE ( 'NONE', *, *, #4553, .T. ) ;
#5531 = FACE_OUTER_BOUND ( 'NONE', #521, .T. ) ;
#5532 = UNCERTAINTY_MEASURE_WITH_UNIT (LENGTH_MEASURE( 1.000000000000000100E-005 ), #2706, 'distance_accuracy_value', 'NONE');
#5533 = STYLED_ITEM ( 'NONE', ( #3903 ), #8120 ) ;
#5534 = ORIENTED_EDGE ( 'NONE', *, *, #1643, .T. ) ;
#5535 = CARTESIAN_POINT ( 'NONE',  ( -0.5955313811245757100, 31.88823941409236400, -10.06500000000000300 ) ) ;
#5536 = DIRECTION ( 'NONE',  ( 0.0000000000000000000, 1.000000000000000000, 0.0000000000000000000 ) ) ;
#5537 = CARTESIAN_POINT ( 'NONE',  ( 1.000000000527495600, 24.86229299947142100, -12.49000000000000200 ) ) ;
#5538 = ORIENTED_EDGE ( 'NONE', *, *, #1849, .F. ) ;
#5539 = CARTESIAN_POINT ( 'NONE',  ( 2.538922961530384500, 30.26166322722151500, -9.765000000000000600 ) ) ;
#5540 = EDGE_CURVE ( 'NONE', #8237, #6161, #1914, .T. ) ;
#5541 = ORIENTED_EDGE ( 'NONE', *, *, #6663, .F. ) ;
#5542 = ADVANCED_FACE ( 'NONE', ( #3955 ), #8429, .F. ) ;
#5543 = CARTESIAN_POINT ( 'NONE',  ( 7.388265879439494200, 25.86229349947143800, -12.26500000000000200 ) ) ;
#5544 = PRESENTATION_LAYER_ASSIGNMENT (  '', '', ( #4468 ) ) ;
#5545 = CARTESIAN_POINT ( 'NONE',  ( -3.055201002496744400, 30.65322620308156600, -9.899309202143232500 ) ) ;
#5546 = ORIENTED_EDGE ( 'NONE', *, *, #1053, .F. ) ;
#5547 = CARTESIAN_POINT ( 'NONE',  ( -0.9499999994725048000, 20.66229349947143800, -12.44000000000000100 ) ) ;
#5548 = VECTOR ( 'NONE', #9163, 1000.000000000000000 ) ;
#5549 = CARTESIAN_POINT ( 'NONE',  ( 5.751561865021281900, 30.12397992936500700, -12.12574597022103100 ) ) ;
#5550 = LINE ( 'NONE', #20, #9749 ) ;
#5551 = ORIENTED_EDGE ( 'NONE', *, *, #9996, .T. ) ;
#5552 = CARTESIAN_POINT ( 'NONE',  ( 0.9999953779657178000, 24.66229349947143800, -10.06500000000000100 ) ) ;
#5553 = ORIENTED_EDGE ( 'NONE', *, *, #3533, .F. ) ;
#5554 = PLANE ( 'NONE',  #3653 ) ;
#5555 = ORIENTED_EDGE ( 'NONE', *, *, #3107, .F. ) ;
#5556 = FILL_AREA_STYLE_COLOUR ( '', #8750 ) ;
#5557 = CARTESIAN_POINT ( 'NONE',  ( 2.951073280228383200, 31.71542072380665500, -9.982965612634124900 ) ) ;
#5558 = AXIS2_PLACEMENT_3D ( 'NONE', #5552, #5573, #5606 ) ;
#5559 = EDGE_CURVE ( 'NONE', #2957, #7959, #9140, .T. ) ;
#5560 = PRESENTATION_STYLE_ASSIGNMENT (( #5729 ) ) ;
#5561 = AXIS2_PLACEMENT_3D ( 'NONE', #6270, #1660, #7105 ) ;
#5562 = ORIENTED_EDGE ( 'NONE', *, *, #5070, .F. ) ;
#5563 = DIRECTION ( 'NONE',  ( 1.000000000000000000, 0.0000000000000000000, 0.0000000000000000000 ) ) ;
#5564 = STYLED_ITEM ( 'NONE', ( #2417 ), #6170 ) ;
#5565 = ORIENTED_EDGE ( 'NONE', *, *, #4950, .T. ) ;
#5566 =( GEOMETRIC_REPRESENTATION_CONTEXT ( 3 ) GLOBAL_UNCERTAINTY_ASSIGNED_CONTEXT ( ( #369 ) ) GLOBAL_UNIT_ASSIGNED_CONTEXT ( ( #7145, #2473, #7954 ) ) REPRESENTATION_CONTEXT ( 'NONE', 'WORKASPACE' ) );
#5567 = CARTESIAN_POINT ( 'NONE',  ( -4.098378041524672000, 30.02574280709371400, -11.96500000000000200 ) ) ;
#5568 = SURFACE_SIDE_STYLE ('',( #5528 ) ) ;
#5569 = ORIENTED_EDGE ( 'NONE', *, *, #5559, .T. ) ;
#5570 = CARTESIAN_POINT ( 'NONE',  ( 8.019578844573029400, 27.00439681814319900, -11.96500000000000000 ) ) ;
#5571 = PRESENTATION_STYLE_ASSIGNMENT (( #9957 ) ) ;
#5572 = EDGE_LOOP ( 'NONE', ( #8879, #6005, #5245, #6888 ) ) ;
#5573 = DIRECTION ( 'NONE',  ( 0.0000000000000000000, 0.0000000000000000000, -1.000000000000000000 ) ) ;
#5574 = CARTESIAN_POINT ( 'NONE',  ( -1.549999999472504700, 20.81229349947144100, -12.44000000000000100 ) ) ;
#5575 = PRESENTATION_LAYER_ASSIGNMENT (  '', '', ( #6102 ) ) ;
#5576 = SURFACE_STYLE_FILL_AREA ( #1175 ) ;
#5577 = SURFACE_SIDE_STYLE ('',( #9898 ) ) ;
#5578 = SURFACE_STYLE_USAGE ( .BOTH. , #238 ) ;
#5579 = ORIENTED_EDGE ( 'NONE', *, *, #5327, .F. ) ;
#5580 =( LENGTH_UNIT ( ) NAMED_UNIT ( * ) SI_UNIT ( .MILLI., .METRE. ) );
#5581 = CARTESIAN_POINT ( 'NONE',  ( -0.9499999994725030200, 20.81229349947144100, -12.44000000000000100 ) ) ;
#5582 = VECTOR ( 'NONE', #1659, 1000.000000000000000 ) ;
#5583 =( NAMED_UNIT ( * ) SI_UNIT ( $, .STERADIAN. ) SOLID_ANGLE_UNIT ( ) );
#5584 = CARTESIAN_POINT ( 'NONE',  ( 3.781498386895806100, 29.63542085853165600, -9.765000000000000600 ) ) ;
#5585 = VECTOR ( 'NONE', #878, 1000.000000000000000 ) ;
#5586 = DIRECTION ( 'NONE',  ( 1.000000000000000000, 0.0000000000000000000, 0.0000000000000000000 ) ) ;
#5587 = VERTEX_POINT ( 'NONE', #3769 ) ;
#5588 = EDGE_CURVE ( 'NONE', #7304, #8897, #4938, .T. ) ;
#5589 = CARTESIAN_POINT ( 'NONE',  ( -2.449999999472504800, 21.96229349947143600, -12.54000000000000300 ) ) ;
#5590 = LINE ( 'NONE', #577, #9562 ) ;
#5591 = ADVANCED_FACE ( 'NONE', ( #6793 ), #4004, .F. ) ;
#5592 = UNCERTAINTY_MEASURE_WITH_UNIT (LENGTH_MEASURE( 1.000000000000000100E-005 ), #838, 'distance_accuracy_value', 'NONE');
#5593 = CARTESIAN_POINT ( 'NONE',  ( 7.406610100597269800, 28.10151500664902700, -9.936359621957908700 ) ) ;
#5594 = ADVANCED_FACE ( 'NONE', ( #180 ), #1210, .T. ) ;
#5595 = AXIS2_PLACEMENT_3D ( 'NONE', #2216, #7664, #2994 ) ;
#5596 = SURFACE_STYLE_FILL_AREA ( #1309 ) ;
#5597 = UNCERTAINTY_MEASURE_WITH_UNIT (LENGTH_MEASURE( 1.000000000000000100E-005 ), #3285, 'distance_accuracy_value', 'NONE');
#5598 = CARTESIAN_POINT ( 'NONE',  ( -5.500254966267450000, 28.19878122916831500, -11.96500000000000000 ) ) ;
#5599 = LINE ( 'NONE', #4577, #6987 ) ;
#5600 = EDGE_CURVE ( 'NONE', #9643, #3519, #9527, .T. ) ;
#5601 = COLOUR_RGB ( '',1.000000000000000000, 1.000000000000000000, 1.000000000000000000 ) ;
#5602 = EDGE_CURVE ( 'NONE', #1192, #1951, #3280, .T. ) ;
#5603 = CARTESIAN_POINT ( 'NONE',  ( -4.552453961876661700, 26.46229349947144300, -11.99000000000000200 ) ) ;
#5604 = STYLED_ITEM ( 'NONE', ( #2818 ), #2283 ) ;
#5605 = FACE_OUTER_BOUND ( 'NONE', #4918, .T. ) ;
#5606 = DIRECTION ( 'NONE',  ( -1.000000000000000000, 0.0000000000000000000, 0.0000000000000000000 ) ) ;
#5607 = CARTESIAN_POINT ( 'NONE',  ( 6.047175010889099600, 29.98244799735514800, -9.998334015049694700 ) ) ;
#5608 = UNCERTAINTY_MEASURE_WITH_UNIT (LENGTH_MEASURE( 1.000000000000000100E-005 ), #6308, 'distance_accuracy_value', 'NONE');
#5609 = DIRECTION ( 'NONE',  ( 0.0000000000000000000, -0.0000000000000000000, 1.000000000000000000 ) ) ;
#5610 = COLOUR_RGB ( '',1.000000000000000000, 0.0000000000000000000, 1.000000000000000000 ) ;
#5611 = CARTESIAN_POINT ( 'NONE',  ( 1.899995377965719300, 32.10809768706595700, -10.06500000000000100 ) ) ;
#5612 = CARTESIAN_POINT ( 'NONE',  ( -4.900014469212784700, 25.61229242923305800, -9.540000000000000900 ) ) ;
#5613 = EDGE_CURVE ( 'NONE', #9762, #1556, #9265, .T. ) ;
#5614 = COLOUR_RGB ( '',1.000000000000000000, 1.000000000000000000, 1.000000000000000000 ) ;
#5615 = VECTOR ( 'NONE', #3741, 1000.000000000000000 ) ;
#5616 = EDGE_CURVE ( 'NONE', #8658, #6386, #7206, .T. ) ;
#5617 = CARTESIAN_POINT ( 'NONE',  ( 0.5500000005274974200, 20.96229349947143900, -11.99000000000000200 ) ) ;
#5618 = AXIS2_PLACEMENT_3D ( 'NONE', #6192, #1577, #7011 ) ;
#5619 = PRESENTATION_LAYER_ASSIGNMENT (  '', '', ( #5072 ) ) ;
#5620 = DIRECTION ( 'NONE',  ( 1.000000000000000000, 0.0000000000000000000, 0.0000000000000000000 ) ) ;
#5621 = SURFACE_STYLE_USAGE ( .BOTH. , #274 ) ;
#5622 = PRESENTATION_LAYER_ASSIGNMENT (  '', '', ( #5076 ) ) ;
#5623 = PRESENTATION_STYLE_ASSIGNMENT (( #1108 ) ) ;
#5624 = VECTOR ( 'NONE', #3148, 1000.000000000000000 ) ;
#5625 = FACE_OUTER_BOUND ( 'NONE', #5192, .T. ) ;
#5626 = ORIENTED_EDGE ( 'NONE', *, *, #3939, .T. ) ;
#5627 = EDGE_CURVE ( 'NONE', #7400, #5270, #7405, .T. ) ;
#5628 = PLANE ( 'NONE',  #9943 ) ;
#5629 = ORIENTED_EDGE ( 'NONE', *, *, #7251, .F. ) ;
#5630 = ORIENTED_EDGE ( 'NONE', *, *, #825, .F. ) ;
#5631 = CARTESIAN_POINT ( 'NONE',  ( -4.852453961876661600, 26.46229349947144300, -12.54000000000000300 ) ) ;
#5632 = VECTOR ( 'NONE', #4129, 1000.000000000000000 ) ;
#5633 = LINE ( 'NONE', #5359, #3567 ) ;
#5634 = CYLINDRICAL_SURFACE ( 'NONE', #966, 0.1999999999999996500 ) ;
#5635 = EDGE_LOOP ( 'NONE', ( #3010, #8341, #5629, #7341 ) ) ;
#5636 = CARTESIAN_POINT ( 'NONE',  ( 7.753720771781425800, 27.15752760171839600, -12.16514712389158600 ) ) ;
#5637 = MECHANICAL_DESIGN_GEOMETRIC_PRESENTATION_REPRESENTATION (  '', ( #4580 ), #6169 ) ;
#5638 = ORIENTED_EDGE ( 'NONE', *, *, #6723, .T. ) ;
#5639 = VECTOR ( 'NONE', #10016, 1000.000000000000000 ) ;
#5640 = ORIENTED_EDGE ( 'NONE', *, *, #7559, .F. ) ;
#5641 = AXIS2_PLACEMENT_3D ( 'NONE', #9635, #8915, #8168 ) ;
#5642 = COLOUR_RGB ( '',1.000000000000000000, 1.000000000000000000, 1.000000000000000000 ) ;
#5643 = ADVANCED_FACE ( 'NONE', ( #4823 ), #6208, .F. ) ;
#5644 = CARTESIAN_POINT ( 'NONE',  ( -5.497668734896507200, 27.84387748163888800, -9.899739201007365700 ) ) ;
#5645 = CARTESIAN_POINT ( 'NONE',  ( -0.6227878761234487700, 31.73023497668511100, -9.916824990576207800 ) ) ;
#5646 = DIRECTION ( 'NONE',  ( -1.000000000000000000, 0.0000000000000000000, 0.0000000000000000000 ) ) ;
#5647 = VECTOR ( 'NONE', #2812, 1000.000000000000000 ) ;
#5648 = FILL_AREA_STYLE_COLOUR ( '', #7369 ) ;
#5649 = ORIENTED_EDGE ( 'NONE', *, *, #7741, .T. ) ;
#5650 = CARTESIAN_POINT ( 'NONE',  ( 5.050000000527496100, 21.96229349947143600, -12.44000000000000100 ) ) ;
#5651 = CIRCLE ( 'NONE', #1793, 0.1999999999999970400 ) ;
#5652 = CARTESIAN_POINT ( 'NONE',  ( 6.995998413052857000, 28.94737791651982300, -10.03480330073055000 ) ) ;
#5653 = MECHANICAL_DESIGN_GEOMETRIC_PRESENTATION_REPRESENTATION (  '', ( #4603 ), #6190 ) ;
#5654 = DIRECTION ( 'NONE',  ( 0.0000000000000000000, -0.0000000000000000000, 1.000000000000000000 ) ) ;
#5655 = COLOUR_RGB ( '',1.000000000000000000, 0.0000000000000000000, 1.000000000000000000 ) ;
#5656 = EDGE_LOOP ( 'NONE', ( #5148, #5781, #1182, #5306 ) ) ;
#5657 = CARTESIAN_POINT ( 'NONE',  ( 4.649389494403681800, 31.09983360287335700, -11.96500000000000200 ) ) ;
#5658 = EDGE_CURVE ( 'NONE', #8809, #4094, #6093, .T. ) ;
#5659 = ORIENTED_EDGE ( 'NONE', *, *, #1824, .T. ) ;
#5660 = VECTOR ( 'NONE', #8428, 1000.000000000000000 ) ;
#5661 =( NAMED_UNIT ( * ) SI_UNIT ( $, .STERADIAN. ) SOLID_ANGLE_UNIT ( ) );
#5662 = COLOUR_RGB ( '',1.000000000000000000, 0.0000000000000000000, 1.000000000000000000 ) ;
#5663 = DIRECTION ( 'NONE',  ( 0.0000000000000000000, 1.000000000000000000, 0.0000000000000000000 ) ) ;
#5664 = MECHANICAL_DESIGN_GEOMETRIC_PRESENTATION_REPRESENTATION (  '', ( #4618 ), #6203 ) ;
#5665 = EDGE_LOOP ( 'NONE', ( #4934, #8066, #3743, #1719, #2541, #4510, #7103, #10045, #3233 ) ) ;
#5666 = VERTEX_POINT ( 'NONE', #6246 ) ;
#5667 = CARTESIAN_POINT ( 'NONE',  ( -1.472057282882506500, 31.47978408304123100, -9.916824990576204300 ) ) ;
#5668 = EDGE_CURVE ( 'NONE', #9350, #1962, #8277, .T. ) ;
#5669 = FILL_AREA_STYLE_COLOUR ( '', #3121 ) ;
#5670 = LINE ( 'NONE', #2781, #1601 ) ;
#5671 =( NAMED_UNIT ( * ) PLANE_ANGLE_UNIT ( ) SI_UNIT ( $, .RADIAN. ) );
#5672 = ORIENTED_EDGE ( 'NONE', *, *, #1439, .T. ) ;
#5673 = PRESENTATION_STYLE_ASSIGNMENT (( #6622 ) ) ;
#5674 = DIRECTION ( 'NONE',  ( 0.0000000000000000000, -1.000000000000000000, 0.0000000000000000000 ) ) ;
#5675 = AXIS2_PLACEMENT_3D ( 'NONE', #5705, #1122, #6514 ) ;
#5676 = EDGE_CURVE ( 'NONE', #1475, #322, #4494, .T. ) ;
#5677 = DIRECTION ( 'NONE',  ( 0.0000000000000000000, 0.0000000000000000000, -1.000000000000000000 ) ) ;
#5678 = CARTESIAN_POINT ( 'NONE',  ( 4.296242706635802700, 31.28760508069049400, -11.01500000000000200 ) ) ;
#5679 = DIRECTION ( 'NONE',  ( 0.0000000000000000000, -0.0000000000000000000, 1.000000000000000000 ) ) ;
#5680 = CARTESIAN_POINT ( 'NONE',  ( 5.502453769200100100, 25.61229338220534800, -12.44000000000000100 ) ) ;
#5681 = DIRECTION ( 'NONE',  ( 1.000000000000000000, 0.0000000000000000000, 0.0000000000000000000 ) ) ;
#5682 = EDGE_LOOP ( 'NONE', ( #9563, #9913, #7812, #1519 ) ) ;
#5683 = CARTESIAN_POINT ( 'NONE',  ( 5.300000000527495200, 20.96229614966531000, -12.49000000000000200 ) ) ;
#5684 = VERTEX_POINT ( 'NONE', #913 ) ;
#5685 = COLOUR_RGB ( '',1.000000000000000000, 0.0000000000000000000, 1.000000000000000000 ) ;
#5686 = MECHANICAL_DESIGN_GEOMETRIC_PRESENTATION_REPRESENTATION (  '', ( #4641 ), #6226 ) ;
#5687 = SURFACE_STYLE_USAGE ( .BOTH. , #331 ) ;
#5688 = EDGE_CURVE ( 'NONE', #1285, #5903, #2056, .T. ) ;
#5689 = CARTESIAN_POINT ( 'NONE',  ( -2.351940944052027600, 31.03462811075249700, -12.16492159147831800 ) ) ;
#5690 = ADVANCED_FACE ( 'NONE', ( #4107 ), #3155, .F. ) ;
#5691 = PRESENTATION_STYLE_ASSIGNMENT (( #9441 ) ) ;
#5692 = AXIS2_PLACEMENT_3D ( 'NONE', #6068, #1452, #6881 ) ;
#5693 = LINE ( 'NONE', #3021, #9892 ) ;
#5694 =( LENGTH_UNIT ( ) NAMED_UNIT ( * ) SI_UNIT ( .MILLI., .METRE. ) );
#5695 = VECTOR ( 'NONE', #2566, 1000.000000000000000 ) ;
#5696 = ORIENTED_EDGE ( 'NONE', *, *, #2352, .F. ) ;
#5697 = PRESENTATION_LAYER_ASSIGNMENT (  '', '', ( #4653 ) ) ;
#5698 = FILL_AREA_STYLE ('',( #2624 ) ) ;
#5699 = COLOUR_RGB ( '',1.000000000000000000, 1.000000000000000000, 1.000000000000000000 ) ;
#5700 = SURFACE_SIDE_STYLE ('',( #398 ) ) ;
#5701 = VERTEX_POINT ( 'NONE', #3513 ) ;
#5702 = SURFACE_SIDE_STYLE ('',( #1083 ) ) ;
#5703 = LINE ( 'NONE', #2864, #9903 ) ;
#5704 = PRESENTATION_LAYER_ASSIGNMENT (  '', '', ( #4670 ) ) ;
#5705 = CARTESIAN_POINT ( 'NONE',  ( -4.699999622034267700, 21.16229299947141800, -9.540000000000000900 ) ) ;
#5706 = VECTOR ( 'NONE', #5620, 1000.000000000000000 ) ;
#5707 = CARTESIAN_POINT ( 'NONE',  ( -0.04999999947250471200, 20.96229349947143900, -11.84000000000000200 ) ) ;
#5708 =( GEOMETRIC_REPRESENTATION_CONTEXT ( 3 ) GLOBAL_UNCERTAINTY_ASSIGNED_CONTEXT ( ( #372 ) ) GLOBAL_UNIT_ASSIGNED_CONTEXT ( ( #8718, #4033, #9521 ) ) REPRESENTATION_CONTEXT ( 'NONE', 'WORKASPACE' ) );
#5709 = ORIENTED_EDGE ( 'NONE', *, *, #1835, .T. ) ;
#5710 = LINE ( 'NONE', #4564, #9682 ) ;
#5711 = DIRECTION ( 'NONE',  ( -1.000000000000000000, 0.0000000000000000000, 0.0000000000000000000 ) ) ;
#5712 = ORIENTED_EDGE ( 'NONE', *, *, #7461, .F. ) ;
#5713 = UNCERTAINTY_MEASURE_WITH_UNIT (LENGTH_MEASURE( 1.000000000000000100E-005 ), #2972, 'distance_accuracy_value', 'NONE');
#5714 = DIRECTION ( 'NONE',  ( 0.0000000000000000000, 0.0000000000000000000, -1.000000000000000000 ) ) ;
#5715 = DIRECTION ( 'NONE',  ( 0.0000000000000000000, -1.000000000000000000, 0.0000000000000000000 ) ) ;
#5716 = COLOUR_RGB ( '',1.000000000000000000, 1.000000000000000000, 1.000000000000000000 ) ;
#5717 = FACE_OUTER_BOUND ( 'NONE', #1979, .T. ) ;
#5718 = UNCERTAINTY_MEASURE_WITH_UNIT (LENGTH_MEASURE( 1.000000000000000100E-005 ), #13, 'distance_accuracy_value', 'NONE');
#5719 = CARTESIAN_POINT ( 'NONE',  ( -5.500254966267450000, 28.19878122916831500, -11.01500000000000200 ) ) ;
#5720 = EDGE_LOOP ( 'NONE', ( #2826, #4173, #5649, #7752 ) ) ;
#5721 =( LENGTH_UNIT ( ) NAMED_UNIT ( * ) SI_UNIT ( .MILLI., .METRE. ) );
#5722 = PRESENTATION_STYLE_ASSIGNMENT (( #10042 ) ) ;
#5723 = VECTOR ( 'NONE', #2099, 1000.000000000000000 ) ;
#5724 = CARTESIAN_POINT ( 'NONE',  ( -4.699999622034267700, 21.16229299947141800, -12.49000000000000200 ) ) ;
#5725 = UNCERTAINTY_MEASURE_WITH_UNIT (LENGTH_MEASURE( 1.000000000000000100E-005 ), #4882, 'distance_accuracy_value', 'NONE');
#5726 = CIRCLE ( 'NONE', #8447, 0.1999928650898725200 ) ;
#5727 = DIRECTION ( 'NONE',  ( -1.000000000000000000, 0.0000000000000000000, 0.0000000000000000000 ) ) ;
#5728 = EDGE_CURVE ( 'NONE', #9170, #8357, #5144, .T. ) ;
#5729 = SURFACE_STYLE_USAGE ( .BOTH. , #370 ) ;
#5730 = AXIS2_PLACEMENT_3D ( 'NONE', #4953, #4893, #3978 ) ;
#5731 = VECTOR ( 'NONE', #9696, 1000.000000000000000 ) ;
#5732 = LINE ( 'NONE', #5678, #5492 ) ;
#5733 = COLOUR_RGB ( '',1.000000000000000000, 0.0000000000000000000, 1.000000000000000000 ) ;
#5734 =( NAMED_UNIT ( * ) SI_UNIT ( $, .STERADIAN. ) SOLID_ANGLE_UNIT ( ) );
#5735 = ADVANCED_FACE ( 'NONE', ( #1326 ), #9786, .F. ) ;
#5736 = DIRECTION ( 'NONE',  ( -0.0000000000000000000, -0.0000000000000000000, 1.000000000000000000 ) ) ;
#5737 = VECTOR ( 'NONE', #8338, 1000.000000000000000 ) ;
#5738 = CARTESIAN_POINT ( 'NONE',  ( -2.916127522693602100, 28.17313568983686500, -12.49000000000000200 ) ) ;
#5739 = EDGE_CURVE ( 'NONE', #8180, #256, #379, .T. ) ;
#5740 = CYLINDRICAL_SURFACE ( 'NONE', #2750, 0.4999977408371159000 ) ;
#5741 = EDGE_CURVE ( 'NONE', #2449, #5266, #2433, .T. ) ;
#5742 = LINE ( 'NONE', #7832, #3450 ) ;
#5743 = COLOUR_RGB ( '',1.000000000000000000, 0.0000000000000000000, 1.000000000000000000 ) ;
#5744 = CARTESIAN_POINT ( 'NONE',  ( 0.09999537796571880700, 32.00735987085298000, -10.06500000000000100 ) ) ;
#5745 =( GEOMETRIC_REPRESENTATION_CONTEXT ( 3 ) GLOBAL_UNCERTAINTY_ASSIGNED_CONTEXT ( ( #38 ) ) GLOBAL_UNIT_ASSIGNED_CONTEXT ( ( #5957, #1355, #6777 ) ) REPRESENTATION_CONTEXT ( 'NONE', 'WORKASPACE' ) );
#5746 = EDGE_LOOP ( 'NONE', ( #7305, #7340, #7356, #7367 ) ) ;
#5747 = AXIS2_PLACEMENT_3D ( 'NONE', #9885, #5134, #579 ) ;
#5748 = DIRECTION ( 'NONE',  ( 0.0000000000000000000, -0.0000000000000000000, 1.000000000000000000 ) ) ;
#5749 = ORIENTED_EDGE ( 'NONE', *, *, #2828, .T. ) ;
#5750 =( GEOMETRIC_REPRESENTATION_CONTEXT ( 3 ) GLOBAL_UNCERTAINTY_ASSIGNED_CONTEXT ( ( #5396 ) ) GLOBAL_UNIT_ASSIGNED_CONTEXT ( ( #9395, #4650, #97 ) ) REPRESENTATION_CONTEXT ( 'NONE', 'WORKASPACE' ) );
#5751 = SURFACE_STYLE_FILL_AREA ( #4726 ) ;
#5752 = FILL_AREA_STYLE_COLOUR ( '', #7694 ) ;
#5753 =( LENGTH_UNIT ( ) NAMED_UNIT ( * ) SI_UNIT ( .MILLI., .METRE. ) );
#5754 = EDGE_CURVE ( 'NONE', #3274, #1752, #6535, .T. ) ;
#5755 = FILL_AREA_STYLE ('',( #1187 ) ) ;
#5756 = PRESENTATION_STYLE_ASSIGNMENT (( #4018 ) ) ;
#5757 = ORIENTED_EDGE ( 'NONE', *, *, #8144, .T. ) ;
#5758 =( LENGTH_UNIT ( ) NAMED_UNIT ( * ) SI_UNIT ( .MILLI., .METRE. ) );
#5759 = VECTOR ( 'NONE', #8581, 1000.000000000000000 ) ;
#5760 = DIRECTION ( 'NONE',  ( 0.0000000000000000000, 0.0000000000000000000, -1.000000000000000000 ) ) ;
#5761 = VERTEX_POINT ( 'NONE', #9855 ) ;
#5762 = AXIS2_PLACEMENT_3D ( 'NONE', #7809, #3888, #9426 ) ;
#5763 = VECTOR ( 'NONE', #2195, 1000.000000000000000 ) ;
#5764 = STYLED_ITEM ( 'NONE', ( #2151 ), #3718 ) ;
#5765 = VECTOR ( 'NONE', #6811, 1000.000000000000000 ) ;
#5766 = FILL_AREA_STYLE_COLOUR ( '', #6143 ) ;
#5767 = DIRECTION ( 'NONE',  ( -1.000000000000000000, 0.0000000000000000000, 0.0000000000000000000 ) ) ;
#5768 = ORIENTED_EDGE ( 'NONE', *, *, #9899, .F. ) ;
#5769 = LINE ( 'NONE', #1631, #9735 ) ;
#5770 = CARTESIAN_POINT ( 'NONE',  ( 6.602453769200104200, 26.46229349947144300, -11.99000000000000200 ) ) ;
#5771 = PRESENTATION_STYLE_ASSIGNMENT (( #6089 ) ) ;
#5772 = CARTESIAN_POINT ( 'NONE',  ( 8.054912858012084300, 25.86229349947143800, -9.821246153109283800 ) ) ;
#5773 = VERTEX_POINT ( 'NONE', #5876 ) ;
#5774 = DIRECTION ( 'NONE',  ( 0.0000000000000000000, 0.0000000000000000000, -1.000000000000000000 ) ) ;
#5775 = VERTEX_POINT ( 'NONE', #4335 ) ;
#5776 = AXIS2_PLACEMENT_3D ( 'NONE', #2794, #8252, #3538 ) ;
#5777 = ORIENTED_EDGE ( 'NONE', *, *, #2612, .T. ) ;
#5778 = CARTESIAN_POINT ( 'NONE',  ( 1.000000000527495600, 24.86229299947142100, -12.49000000000000200 ) ) ;
#5779 = PLANE ( 'NONE',  #5891 ) ;
#5780 = FACE_OUTER_BOUND ( 'NONE', #9524, .T. ) ;
#5781 = ORIENTED_EDGE ( 'NONE', *, *, #8627, .T. ) ;
#5782 = CARTESIAN_POINT ( 'NONE',  ( 2.050000000527497000, 20.66229349947143800, -11.84000000000000200 ) ) ;
#5783 = EDGE_CURVE ( 'NONE', #4741, #7068, #164, .T. ) ;
#5784 = ADVANCED_FACE ( 'NONE', ( #3996 ), #5905, .T. ) ;
#5785 = SURFACE_STYLE_FILL_AREA ( #4433 ) ;
#5786 = EDGE_CURVE ( 'NONE', #5433, #7495, #3270, .T. ) ;
#5787 = ORIENTED_EDGE ( 'NONE', *, *, #101, .T. ) ;
#5788 = ORIENTED_EDGE ( 'NONE', *, *, #9063, .F. ) ;
#5789 = CARTESIAN_POINT ( 'NONE',  ( -0.9499999994725030200, 20.96229614966531000, -12.44000000000000100 ) ) ;
#5790 = CARTESIAN_POINT ( 'NONE',  ( 0.9999953779657178000, 24.66229349947143800, -10.06500000000000100 ) ) ;
#5791 = ORIENTED_EDGE ( 'NONE', *, *, #7048, .F. ) ;
#5792 = CARTESIAN_POINT ( 'NONE',  ( 0.9999953779657178000, 24.66229349947143800, -12.26500000000000200 ) ) ;
#5793 = PRESENTATION_STYLE_ASSIGNMENT (( #5687 ) ) ;
#5794 = DIRECTION ( 'NONE',  ( -1.000000000000000000, 0.0000000000000000000, 0.0000000000000000000 ) ) ;
#5795 = DIRECTION ( 'NONE',  ( 0.0000000000000000000, 0.0000000000000000000, -1.000000000000000000 ) ) ;
#5796 =( NAMED_UNIT ( * ) PLANE_ANGLE_UNIT ( ) SI_UNIT ( $, .RADIAN. ) );
#5797 = CARTESIAN_POINT ( 'NONE',  ( 5.870809653799518900, 27.61762785706060800, -12.49000000000000200 ) ) ;
#5798 = MECHANICAL_DESIGN_GEOMETRIC_PRESENTATION_REPRESENTATION (  '', ( #4777 ), #6360 ) ;
#5799 = CARTESIAN_POINT ( 'NONE',  ( 5.801138010389923500, 30.29337060985793400, -10.06500000000000100 ) ) ;
#5800 = AXIS2_PLACEMENT_3D ( 'NONE', #60, #5376, #829 ) ;
#5801 = VERTEX_POINT ( 'NONE', #2083 ) ;
#5802 = CARTESIAN_POINT ( 'NONE',  ( 7.393443656959644400, 28.02182319754407300, -9.887369464961095000 ) ) ;
#5803 = LINE ( 'NONE', #5589, #1749 ) ;
#5804 = ORIENTED_EDGE ( 'NONE', *, *, #2271, .T. ) ;
#5805 =( LENGTH_UNIT ( ) NAMED_UNIT ( * ) SI_UNIT ( .MILLI., .METRE. ) );
#5806 = CARTESIAN_POINT ( 'NONE',  ( 8.062572811169548700, 25.86229349947143800, -9.828797875428927400 ) ) ;
#5807 = LINE ( 'NONE', #1151, #7980 ) ;
#5808 = DIRECTION ( 'NONE',  ( 0.0000000000000000000, -1.000000000000000000, 0.0000000000000000000 ) ) ;
#5809 = B_SPLINE_CURVE_WITH_KNOTS ( 'NONE', 3,
 ( #2950, #2204, #1713, #1566, #1486, #1457, #1418, #1316, #779, #667, #560, #219, #119, #9338 ),
 .UNSPECIFIED., .F., .F.,
 ( 4, 2, 2, 2, 2, 2, 4 ),
 ( 8.673617379884035500E-019, 0.0001879583276142540600, 0.0002819374914213790800, 0.0003759166552285040600, 0.0004698958190356290500, 0.0005638749828427541400, 0.0007518333104570053000 ),
 .UNSPECIFIED. ) ;
#5810 = EDGE_LOOP ( 'NONE', ( #8635, #8744, #4516, #799 ) ) ;
#5811 = PLANE ( 'NONE',  #3234 ) ;
#5812 = DIRECTION ( 'NONE',  ( 1.000000000000000000, -5.782411586589358800E-015, 0.0000000000000000000 ) ) ;
#5813 = CARTESIAN_POINT ( 'NONE',  ( 5.751561865021289000, 30.16156520800413400, -12.09730618385875200 ) ) ;
#5814 = LINE ( 'NONE', #1990, #3780 ) ;
#5815 = ORIENTED_EDGE ( 'NONE', *, *, #5861, .T. ) ;
#5816 = PRESENTATION_LAYER_ASSIGNMENT (  '', '', ( #5276 ) ) ;
#5817 = ORIENTED_EDGE ( 'NONE', *, *, #6341, .T. ) ;
#5818 = FILL_AREA_STYLE ('',( #5991 ) ) ;
#5819 = MECHANICAL_DESIGN_GEOMETRIC_PRESENTATION_REPRESENTATION (  '', ( #4801 ), #6379 ) ;
#5820 = VECTOR ( 'NONE', #7594, 1000.000000000000000 ) ;
#5821 = SURFACE_STYLE_FILL_AREA ( #3960 ) ;
#5822 = ORIENTED_EDGE ( 'NONE', *, *, #5079, .T. ) ;
#5823 = CARTESIAN_POINT ( 'NONE',  ( 7.129761662917059300, 28.58755102401702400, -9.943610635760851600 ) ) ;
#5824 = FILL_AREA_STYLE ('',( #6638 ) ) ;
#5825 = LINE ( 'NONE', #2835, #1772 ) ;
#5826 = COLOUR_RGB ( '',1.000000000000000000, 1.000000000000000000, 1.000000000000000000 ) ;
#5827 =( NAMED_UNIT ( * ) PLANE_ANGLE_UNIT ( ) SI_UNIT ( $, .RADIAN. ) );
#5828 = AXIS2_PLACEMENT_3D ( 'NONE', #1446, #6875, #2229 ) ;
#5829 = DIRECTION ( 'NONE',  ( 0.0000000000000000000, 0.0000000000000000000, -1.000000000000000000 ) ) ;
#5830 = VECTOR ( 'NONE', #1324, 1000.000000000000000 ) ;
#5831 = EDGE_LOOP ( 'NONE', ( #252, #5110, #1884, #6118 ) ) ;
#5832 = ADVANCED_FACE ( 'NONE', ( #5259 ), #3648, .T. ) ;
#5833 = UNCERTAINTY_MEASURE_WITH_UNIT (LENGTH_MEASURE( 1.000000000000000100E-005 ), #4207, 'distance_accuracy_value', 'NONE');
#5834 = LINE ( 'NONE', #7883, #3798 ) ;
#5835 =( NAMED_UNIT ( * ) SI_UNIT ( $, .STERADIAN. ) SOLID_ANGLE_UNIT ( ) );
#5836 = SURFACE_STYLE_USAGE ( .BOTH. , #477 ) ;
#5837 = STYLED_ITEM ( 'NONE', ( #4281 ), #6971 ) ;
#5838 = DIRECTION ( 'NONE',  ( -0.0000000000000000000, 0.0000000000000000000, 1.000000000000000000 ) ) ;
#5839 = DIRECTION ( 'NONE',  ( 0.0000000000000000000, 0.0000000000000000000, -1.000000000000000000 ) ) ;
#5840 = CARTESIAN_POINT ( 'NONE',  ( 8.047252732508043800, 25.86229349947143800, -9.813694605602213600 ) ) ;
#5841 = DIRECTION ( 'NONE',  ( 0.0000000000000000000, -0.0000000000000000000, 1.000000000000000000 ) ) ;
#5842 = ORIENTED_EDGE ( 'NONE', *, *, #4174, .T. ) ;
#5843 = ORIENTED_EDGE ( 'NONE', *, *, #1881, .F. ) ;
#5844 = FACE_OUTER_BOUND ( 'NONE', #4466, .T. ) ;
#5845 = DIRECTION ( 'NONE',  ( 0.0000000000000000000, -1.000000000000000000, 0.0000000000000000000 ) ) ;
#5846 = FILL_AREA_STYLE_COLOUR ( '', #4407 ) ;
#5847 = DIRECTION ( 'NONE',  ( 0.0000000000000000000, 0.0000000000000000000, -1.000000000000000000 ) ) ;
#5848 = LINE ( 'NONE', #4469, #5615 ) ;
#5849 = FACE_OUTER_BOUND ( 'NONE', #9380, .T. ) ;
#5850 = PRESENTATION_LAYER_ASSIGNMENT (  '', '', ( #5311 ) ) ;
#5851 = ORIENTED_EDGE ( 'NONE', *, *, #7362, .T. ) ;
#5852 = EDGE_CURVE ( 'NONE', #6629, #6375, #2553, .T. ) ;
#5853 = CARTESIAN_POINT ( 'NONE',  ( 6.852453769200100600, 26.46229349947144300, -11.84000000000000200 ) ) ;
#5854 = LINE ( 'NONE', #4050, #1533 ) ;
#5855 = CIRCLE ( 'NONE', #2808, 0.1999999999999999800 ) ;
#5856 = SURFACE_SIDE_STYLE ('',( #5360 ) ) ;
#5857 = EDGE_LOOP ( 'NONE', ( #7095, #4819, #5534, #2327 ) ) ;
#5858 =( NAMED_UNIT ( * ) SI_UNIT ( $, .STERADIAN. ) SOLID_ANGLE_UNIT ( ) );
#5859 = VERTEX_POINT ( 'NONE', #1338 ) ;
#5860 = AXIS2_PLACEMENT_3D ( 'NONE', #3176, #8639, #3942 ) ;
#5861 = EDGE_CURVE ( 'NONE', #8270, #7919, #4302, .T. ) ;
#5862 = ORIENTED_EDGE ( 'NONE', *, *, #1354, .T. ) ;
#5863 = DIRECTION ( 'NONE',  ( -1.000000000000000000, 0.0000000000000000000, 0.0000000000000000000 ) ) ;
#5864 = CARTESIAN_POINT ( 'NONE',  ( 2.950000000527496000, 20.81229349947144100, -11.84000000000000200 ) ) ;
#5865 = CIRCLE ( 'NONE', #8229, 7.399999999999999500 ) ;
#5866 = CARTESIAN_POINT ( 'NONE',  ( 1.000000000527495600, 22.86229349947144100, -12.94000000000000000 ) ) ;
#5867 = VERTEX_POINT ( 'NONE', #5197 ) ;
#5868 =( NAMED_UNIT ( * ) PLANE_ANGLE_UNIT ( ) SI_UNIT ( $, .RADIAN. ) );
#5869 = LINE ( 'NONE', #4843, #6630 ) ;
#5870 = DIRECTION ( 'NONE',  ( 0.0000000000000000000, -1.000000000000000000, 0.0000000000000000000 ) ) ;
#5871 = ORIENTED_EDGE ( 'NONE', *, *, #3589, .T. ) ;
#5872 = PRESENTATION_LAYER_ASSIGNMENT (  '', '', ( #5334 ) ) ;
#5873 = DIRECTION ( 'NONE',  ( 0.0000000000000000000, -0.0000000000000000000, 1.000000000000000000 ) ) ;
#5874 = LINE ( 'NONE', #5260, #5639 ) ;
#5875 = EDGE_CURVE ( 'NONE', #6241, #4126, #494, .T. ) ;
#5876 = CARTESIAN_POINT ( 'NONE',  ( 6.156582860434991000, 27.48437236181266400, -9.540000000000000900 ) ) ;
#5877 = CARTESIAN_POINT ( 'NONE',  ( 8.039592433000478900, 25.86229349947143800, -9.806143234612655100 ) ) ;
#5878 = MECHANICAL_DESIGN_GEOMETRIC_PRESENTATION_REPRESENTATION (  '', ( #4854 ), #6434 ) ;
#5879 =( GEOMETRIC_REPRESENTATION_CONTEXT ( 3 ) GLOBAL_UNCERTAINTY_ASSIGNED_CONTEXT ( ( #2894 ) ) GLOBAL_UNIT_ASSIGNED_CONTEXT ( ( #4137, #9632, #4896 ) ) REPRESENTATION_CONTEXT ( 'NONE', 'WORKASPACE' ) );
#5880 = PRESENTATION_STYLE_ASSIGNMENT (( #8577 ) ) ;
#5881 =( GEOMETRIC_REPRESENTATION_CONTEXT ( 3 ) GLOBAL_UNCERTAINTY_ASSIGNED_CONTEXT ( ( #4963 ) ) GLOBAL_UNIT_ASSIGNED_CONTEXT ( ( #9016, #4287, #9804 ) ) REPRESENTATION_CONTEXT ( 'NONE', 'WORKASPACE' ) );
#5882 = DIRECTION ( 'NONE',  ( -1.000000000000000000, 0.0000000000000000000, 0.0000000000000000000 ) ) ;
#5883 = DIRECTION ( 'NONE',  ( 1.000000000000000000, 0.0000000000000000000, 0.0000000000000000000 ) ) ;
#5884 = LINE ( 'NONE', #4675, #3851 ) ;
#5885 = DIRECTION ( 'NONE',  ( 1.000000000000000000, 0.0000000000000000000, 0.0000000000000000000 ) ) ;
#5886 = ORIENTED_EDGE ( 'NONE', *, *, #9342, .T. ) ;
#5887 = ADVANCED_FACE ( 'NONE', ( #276 ), #1395, .F. ) ;
#5888 = FILL_AREA_STYLE ('',( #3500 ) ) ;
#5889 = ORIENTED_EDGE ( 'NONE', *, *, #793, .F. ) ;
#5890 =( NAMED_UNIT ( * ) PLANE_ANGLE_UNIT ( ) SI_UNIT ( $, .RADIAN. ) );
#5891 = AXIS2_PLACEMENT_3D ( 'NONE', #4249, #9763, #5026 ) ;
#5892 = FILL_AREA_STYLE ('',( #812 ) ) ;
#5893 = UNCERTAINTY_MEASURE_WITH_UNIT (LENGTH_MEASURE( 1.000000000000000100E-005 ), #8327, 'distance_accuracy_value', 'NONE');
#5894 = VERTEX_POINT ( 'NONE', #9171 ) ;
#5895 = CARTESIAN_POINT ( 'NONE',  ( 7.393443656959644400, 28.02182319754407300, -9.887369464961095000 ) ) ;
#5896 = FACE_OUTER_BOUND ( 'NONE', #1376, .T. ) ;
#5897 = PRESENTATION_STYLE_ASSIGNMENT (( #445 ) ) ;
#5898 = CYLINDRICAL_SURFACE ( 'NONE', #3526, 0.1999999999999996500 ) ;
#5899 = FILL_AREA_STYLE ('',( #4329 ) ) ;
#5900 = ORIENTED_EDGE ( 'NONE', *, *, #617, .T. ) ;
#5901 = ORIENTED_EDGE ( 'NONE', *, *, #3433, .T. ) ;
#5902 = DIRECTION ( 'NONE',  ( 0.0000000000000000000, -1.000000000000000000, 0.0000000000000000000 ) ) ;
#5903 = VERTEX_POINT ( 'NONE', #6828 ) ;
#5904 = CARTESIAN_POINT ( 'NONE',  ( 0.9999953779657178000, 24.66229349947143800, -10.06500000000000100 ) ) ;
#5905 = PLANE ( 'NONE',  #4366 ) ;
#5906 = UNCERTAINTY_MEASURE_WITH_UNIT (LENGTH_MEASURE( 1.000000000000000100E-005 ), #1472, 'distance_accuracy_value', 'NONE');
#5907 = DIRECTION ( 'NONE',  ( 1.000000000000000000, -0.0000000000000000000, 0.0000000000000000000 ) ) ;
#5908 = COLOUR_RGB ( '',1.000000000000000000, 0.0000000000000000000, 1.000000000000000000 ) ;
#5909 = VERTEX_POINT ( 'NONE', #2999 ) ;
#5910 = CARTESIAN_POINT ( 'NONE',  ( 2.590217405403266500, 31.84248187391380800, -12.01082355467147200 ) ) ;
#5911 =( GEOMETRIC_REPRESENTATION_CONTEXT ( 3 ) GLOBAL_UNCERTAINTY_ASSIGNED_CONTEXT ( ( #9281 ) ) GLOBAL_UNIT_ASSIGNED_CONTEXT ( ( #5403, #847, #6216 ) ) REPRESENTATION_CONTEXT ( 'NONE', 'WORKASPACE' ) );
#5912 = CARTESIAN_POINT ( 'NONE',  ( -0.9499999994725048000, 20.66229349947143800, -12.54000000000000300 ) ) ;
#5913 = CARTESIAN_POINT ( 'NONE',  ( 5.050000000527496100, 20.96229676927035300, -11.84000000000000200 ) ) ;
#5914 = CARTESIAN_POINT ( 'NONE',  ( 3.451918204600951800, 31.57078865555072900, -9.765000000000000600 ) ) ;
#5915 = COLOUR_RGB ( '',1.000000000000000000, 1.000000000000000000, 1.000000000000000000 ) ;
#5916 = EDGE_CURVE ( 'NONE', #1647, #8192, #3006, .T. ) ;
#5917 = EDGE_CURVE ( 'NONE', #1179, #6269, #9625, .T. ) ;
#5918 = ORIENTED_EDGE ( 'NONE', *, *, #7022, .F. ) ;
#5919 = CIRCLE ( 'NONE', #3822, 7.400000000000000400 ) ;
#5920 = PRESENTATION_LAYER_ASSIGNMENT (  '', '', ( #4888 ) ) ;
#5921 = DIRECTION ( 'NONE',  ( 0.0000000000000000000, 1.000000000000000000, 0.0000000000000000000 ) ) ;
#5922 = ORIENTED_EDGE ( 'NONE', *, *, #9351, .F. ) ;
#5923 = DIRECTION ( 'NONE',  ( -1.000000000000000000, 5.782411586589359600E-015, 0.0000000000000000000 ) ) ;
#5924 = CIRCLE ( 'NONE', #6549, 7.400000000000000400 ) ;
#5925 = CARTESIAN_POINT ( 'NONE',  ( -2.449999999472504800, 20.66229349947143800, -12.44000000000000100 ) ) ;
#5926 = LINE ( 'NONE', #9404, #3896 ) ;
#5927 = FILL_AREA_STYLE ('',( #7505 ) ) ;
#5928 = EDGE_CURVE ( 'NONE', #239, #6665, #1575, .T. ) ;
#5929 = VERTEX_POINT ( 'NONE', #10024 ) ;
#5930 = EDGE_CURVE ( 'NONE', #5684, #3610, #7513, .T. ) ;
#5931 = MECHANICAL_DESIGN_GEOMETRIC_PRESENTATION_REPRESENTATION (  '', ( #4359 ), #6487 ) ;
#5932 = ADVANCED_FACE ( 'NONE', ( #7290 ), #4412, .F. ) ;
#5933 = CARTESIAN_POINT ( 'NONE',  ( 6.602453769200107700, 25.61229242923305800, -9.540000000000000900 ) ) ;
#5934 = STYLED_ITEM ( 'NONE', ( #389 ), #9405 ) ;
#5935 = DIRECTION ( 'NONE',  ( 0.8630568006474879100, 0.5051068786466111900, 0.0000000000000000000 ) ) ;
#5936 = COLOUR_RGB ( '',1.000000000000000000, 0.0000000000000000000, 1.000000000000000000 ) ;
#5937 = ORIENTED_EDGE ( 'NONE', *, *, #4303, .F. ) ;
#5938 = CARTESIAN_POINT ( 'NONE',  ( -4.852453961876661600, 26.46229349947144300, -12.54000000000000300 ) ) ;
#5939 =( GEOMETRIC_REPRESENTATION_CONTEXT ( 3 ) GLOBAL_UNCERTAINTY_ASSIGNED_CONTEXT ( ( #823 ) ) GLOBAL_UNIT_ASSIGNED_CONTEXT ( ( #5168, #613, #5971 ) ) REPRESENTATION_CONTEXT ( 'NONE', 'WORKASPACE' ) );
#5940 = DIRECTION ( 'NONE',  ( 1.000000000000000000, 0.0000000000000000000, 0.0000000000000000000 ) ) ;
#5941 = FILL_AREA_STYLE ('',( #7186 ) ) ;
#5942 = EDGE_CURVE ( 'NONE', #5062, #508, #6524, .T. ) ;
#5943 = DIRECTION ( 'NONE',  ( -0.0000000000000000000, -0.0000000000000000000, 1.000000000000000000 ) ) ;
#5944 = B_SPLINE_CURVE_WITH_KNOTS ( 'NONE', 3,
 ( #7952, #6318, #4739, #3243, #8704, #4016, #9505, #4769, #204, #5545, #977, #6351, #1738, #7181 ),
 .UNSPECIFIED., .F., .F.,
 ( 4, 2, 2, 2, 2, 2, 4 ),
 ( 0.0000000000000000000, 0.0001879583276142510300, 0.0002819374914213776700, 0.0003759166552285042200, 0.0004698958190356308900, 0.0005638749828427575000, 0.0007518333104570024800 ),
 .UNSPECIFIED. ) ;
#5945 = VECTOR ( 'NONE', #5979, 1000.000000000000000 ) ;
#5946 = LINE ( 'NONE', #2549, #95 ) ;
#5947 = CARTESIAN_POINT ( 'NONE',  ( -1.549999999472504700, 20.81229349947144100, -11.99000000000000200 ) ) ;
#5948 = CARTESIAN_POINT ( 'NONE',  ( 2.538922961530384500, 30.26166322722151500, -12.26500000000000200 ) ) ;
#5949 = PLANE ( 'NONE',  #2509 ) ;
#5950 = STYLED_ITEM ( 'NONE', ( #2371 ), #4737 ) ;
#5951 = LINE ( 'NONE', #4057, #3919 ) ;
#5952 =( NAMED_UNIT ( * ) SI_UNIT ( $, .STERADIAN. ) SOLID_ANGLE_UNIT ( ) );
#5953 = DIRECTION ( 'NONE',  ( 0.0000000000000000000, 1.000000000000000000, 0.0000000000000000000 ) ) ;
#5954 = SURFACE_STYLE_FILL_AREA ( #6145 ) ;
#5955 = MECHANICAL_DESIGN_GEOMETRIC_PRESENTATION_REPRESENTATION (  '', ( #4921 ), #6511 ) ;
#5956 = DIRECTION ( 'NONE',  ( -0.0000000000000000000, -0.0000000000000000000, 1.000000000000000000 ) ) ;
#5957 =( LENGTH_UNIT ( ) NAMED_UNIT ( * ) SI_UNIT ( .MILLI., .METRE. ) );
#5958 = ORIENTED_EDGE ( 'NONE', *, *, #4355, .F. ) ;
#5959 = SURFACE_SIDE_STYLE ('',( #1721 ) ) ;
#5960 = ORIENTED_EDGE ( 'NONE', *, *, #2133, .F. ) ;
#5961 = ORIENTED_EDGE ( 'NONE', *, *, #5928, .T. ) ;
#5962 = LINE ( 'NONE', #6072, #3928 ) ;
#5963 = CARTESIAN_POINT ( 'NONE',  ( 1.000000000527495600, 24.86229299947142100, -12.49000000000000200 ) ) ;
#5964 = LINE ( 'NONE', #2482, #3929 ) ;
#5965 = PRESENTATION_STYLE_ASSIGNMENT (( #2709 ) ) ;
#5966 = SURFACE_STYLE_USAGE ( .BOTH. , #4453 ) ;
#5967 = ORIENTED_EDGE ( 'NONE', *, *, #1836, .F. ) ;
#5968 = CARTESIAN_POINT ( 'NONE',  ( -1.464259850706064900, 31.63993251048109200, -10.06500000000000100 ) ) ;
#5969 =( GEOMETRIC_REPRESENTATION_CONTEXT ( 3 ) GLOBAL_UNCERTAINTY_ASSIGNED_CONTEXT ( ( #7164 ) ) GLOBAL_UNIT_ASSIGNED_CONTEXT ( ( #8838, #4138, #9633 ) ) REPRESENTATION_CONTEXT ( 'NONE', 'WORKASPACE' ) );
#5970 = CIRCLE ( 'NONE', #5641, 7.399999999999999500 ) ;
#5971 =( NAMED_UNIT ( * ) SI_UNIT ( $, .STERADIAN. ) SOLID_ANGLE_UNIT ( ) );
#5972 = LINE ( 'NONE', #558, #1909 ) ;
#5973 =( NAMED_UNIT ( * ) PLANE_ANGLE_UNIT ( ) SI_UNIT ( $, .RADIAN. ) );
#5974 = FILL_AREA_STYLE ('',( #9143 ) ) ;
#5975 = EDGE_CURVE ( 'NONE', #6656, #9170, #8641, .T. ) ;
#5976 = CARTESIAN_POINT ( 'NONE',  ( 6.699991030787229500, 21.16228799945011100, -12.49000000000000200 ) ) ;
#5977 = EDGE_CURVE ( 'NONE', #9643, #3158, #3764, .T. ) ;
#5978 = ORIENTED_EDGE ( 'NONE', *, *, #9176, .T. ) ;
#5979 = DIRECTION ( 'NONE',  ( 0.0000000000000000000, 0.0000000000000000000, -1.000000000000000000 ) ) ;
#5980 = STYLED_ITEM ( 'NONE', ( #8543 ), #2012 ) ;
#5981 = DIRECTION ( 'NONE',  ( 0.0000000000000000000, -0.0000000000000000000, 1.000000000000000000 ) ) ;
#5982 = SURFACE_SIDE_STYLE ('',( #8855 ) ) ;
#5983 = CARTESIAN_POINT ( 'NONE',  ( 7.771026301373736600, 27.28343757484844200, -12.10436328513512000 ) ) ;
#5984 = ADVANCED_FACE ( 'NONE', ( #6279 ), #3470, .T. ) ;
#5985 = VERTEX_POINT ( 'NONE', #1618 ) ;
#5986 = VECTOR ( 'NONE', #3638, 1000.000000000000000 ) ;
#5987 = EDGE_CURVE ( 'NONE', #6220, #4034, #1703, .T. ) ;
#5988 = EDGE_LOOP ( 'NONE', ( #3522, #2167 ) ) ;
#5989 = DIRECTION ( 'NONE',  ( -1.000000000000000000, 0.0000000000000000000, 0.0000000000000000000 ) ) ;
#5990 = LINE ( 'NONE', #3923, #7909 ) ;
#5991 = FILL_AREA_STYLE_COLOUR ( '', #7650 ) ;
#5992 = ORIENTED_EDGE ( 'NONE', *, *, #4285, .T. ) ;
#5993 = CARTESIAN_POINT ( 'NONE',  ( 2.881262785766252500, 31.65882489188790000, -9.909993489925355400 ) ) ;
#5994 = FACE_OUTER_BOUND ( 'NONE', #1213, .T. ) ;
#5995 = VECTOR ( 'NONE', #6999, 1000.000000000000000 ) ;
#5996 = CARTESIAN_POINT ( 'NONE',  ( 6.485298744474397000, 29.33918123004225700, -9.873376672490280700 ) ) ;
#5997 = DIRECTION ( 'NONE',  ( 0.0000000000000000000, -1.000000000000000000, 0.0000000000000000000 ) ) ;
#5998 = AXIS2_PLACEMENT_3D ( 'NONE', #8092, #7689, #7285 ) ;
#5999 = AXIS2_PLACEMENT_3D ( 'NONE', #2823, #8282, #3569 ) ;
#6000 = CARTESIAN_POINT ( 'NONE',  ( -3.602453961876661100, 25.86229349947144100, -12.54000000000000300 ) ) ;
#6001 = SURFACE_SIDE_STYLE ('',( #4252 ) ) ;
#6002 = ORIENTED_EDGE ( 'NONE', *, *, #2149, .F. ) ;
#6003 = LINE ( 'NONE', #3256, #4799 ) ;
#6004 = ORIENTED_EDGE ( 'NONE', *, *, #969, .F. ) ;
#6005 = ORIENTED_EDGE ( 'NONE', *, *, #4853, .T. ) ;
#6006 = DIRECTION ( 'NONE',  ( -1.000000000000000000, 0.0000000000000000000, 0.0000000000000000000 ) ) ;
#6007 =( GEOMETRIC_REPRESENTATION_CONTEXT ( 3 ) GLOBAL_UNCERTAINTY_ASSIGNED_CONTEXT ( ( #9465 ) ) GLOBAL_UNIT_ASSIGNED_CONTEXT ( ( #7331, #380, #9884 ) ) REPRESENTATION_CONTEXT ( 'NONE', 'WORKASPACE' ) );
#6008 = CIRCLE ( 'NONE', #5479, 0.4999999999968842100 ) ;
#6009 = CARTESIAN_POINT ( 'NONE',  ( 8.025679596934223200, 25.86229349947143800, -9.792428237366209500 ) ) ;
#6010 = DIRECTION ( 'NONE',  ( 0.0000000000000000000, 1.000000000000000000, 0.0000000000000000000 ) ) ;
#6011 = EDGE_LOOP ( 'NONE', ( #3031, #8989, #1580, #8481 ) ) ;
#6012 = SURFACE_SIDE_STYLE ('',( #4232 ) ) ;
#6013 = B_SPLINE_CURVE_WITH_KNOTS ( 'NONE', 3,
 ( #8805, #9595, #4869, #297, #5644, #1064, #6451, #1831, #7260, #2598, #8075, #3361, #8834, #4134 ),
 .UNSPECIFIED., .F., .F.,
 ( 4, 2, 2, 2, 2, 2, 4 ),
 ( 0.0000000000000000000, 0.0001879583276142546000, 0.0002819374914213802700, 0.0003759166552285059600, 0.0004698958190356317000, 0.0005638749828427573900, 0.0007518333104570044300 ),
 .UNSPECIFIED. ) ;
#6014 = VERTEX_POINT ( 'NONE', #6235 ) ;
#6015 = MECHANICAL_DESIGN_GEOMETRIC_PRESENTATION_REPRESENTATION (  '', ( #3971 ), #6563 ) ;
#6016 = CARTESIAN_POINT ( 'NONE',  ( 2.050000000527496100, 20.66229349947143800, -12.54000000000000300 ) ) ;
#6017 = CARTESIAN_POINT ( 'NONE',  ( -0.1000046220342811800, 31.98008005006171900, -11.81806352077266800 ) ) ;
#6018 =( NAMED_UNIT ( * ) PLANE_ANGLE_UNIT ( ) SI_UNIT ( $, .RADIAN. ) );
#6019 = CARTESIAN_POINT ( 'NONE',  ( 0.9999953779657178000, 24.66229349947143800, -10.06500000000000100 ) ) ;
#6020 = CYLINDRICAL_SURFACE ( 'NONE', #2490, 0.5000000000000004400 ) ;
#6021 = CARTESIAN_POINT ( 'NONE',  ( -4.699999622034267700, 20.96229172388681100, -12.49000000000000200 ) ) ;
#6022 = COLOUR_RGB ( '',1.000000000000000000, 1.000000000000000000, 1.000000000000000000 ) ;
#6023 =( GEOMETRIC_REPRESENTATION_CONTEXT ( 3 ) GLOBAL_UNCERTAINTY_ASSIGNED_CONTEXT ( ( #2588 ) ) GLOBAL_UNIT_ASSIGNED_CONTEXT ( ( #4379, #4350, #4320 ) ) REPRESENTATION_CONTEXT ( 'NONE', 'WORKASPACE' ) );
#6024 = CARTESIAN_POINT ( 'NONE',  ( -1.837657922581358100, 31.49659841993660000, -10.06500000000000300 ) ) ;
#6025 = ORIENTED_EDGE ( 'NONE', *, *, #7696, .T. ) ;
#6026 = UNCERTAINTY_MEASURE_WITH_UNIT (LENGTH_MEASURE( 1.000000000000000100E-005 ), #2203, 'distance_accuracy_value', 'NONE');
#6027 = ORIENTED_EDGE ( 'NONE', *, *, #7759, .F. ) ;
#6028 = ORIENTED_EDGE ( 'NONE', *, *, #5754, .T. ) ;
#6029 = SURFACE_STYLE_USAGE ( .BOTH. , #663 ) ;
#6030 = SURFACE_STYLE_USAGE ( .BOTH. , #664 ) ;
#6031 = UNCERTAINTY_MEASURE_WITH_UNIT (LENGTH_MEASURE( 1.000000000000000100E-005 ), #2267, 'distance_accuracy_value', 'NONE');
#6032 = CARTESIAN_POINT ( 'NONE',  ( 4.274084942581324300, 31.19610568662749000, -12.05676052840673800 ) ) ;
#6033 = AXIS2_PLACEMENT_3D ( 'NONE', #2477, #7149, #5883 ) ;
#6034 = SURFACE_STYLE_FILL_AREA ( #6138 ) ;
#6035 =( NAMED_UNIT ( * ) PLANE_ANGLE_UNIT ( ) SI_UNIT ( $, .RADIAN. ) );
#6036 = EDGE_LOOP ( 'NONE', ( #4617, #4563, #860, #9840 ) ) ;
#6037 = CARTESIAN_POINT ( 'NONE',  ( 2.831460333782402900, 31.63849932109980000, -12.15261519790434300 ) ) ;
#6038 = CIRCLE ( 'NONE', #7396, 0.1999999999999996500 ) ;
#6039 = ORIENTED_EDGE ( 'NONE', *, *, #312, .F. ) ;
#6040 = CARTESIAN_POINT ( 'NONE',  ( 3.451918204600853200, 31.57078865555080300, -12.03429533609854800 ) ) ;
#6041 = ORIENTED_EDGE ( 'NONE', *, *, #2427, .F. ) ;
#6042 = ORIENTED_EDGE ( 'NONE', *, *, #8323, .F. ) ;
#6043 = SURFACE_STYLE_USAGE ( .BOTH. , #674 ) ;
#6044 = AXIS2_PLACEMENT_3D ( 'NONE', #9734, #4997, #423 ) ;
#6045 = FILL_AREA_STYLE ('',( #5556 ) ) ;
#6046 = UNCERTAINTY_MEASURE_WITH_UNIT (LENGTH_MEASURE( 1.000000000000000100E-005 ), #2736, 'distance_accuracy_value', 'NONE');
#6047 = ADVANCED_FACE ( 'NONE', ( #1435 ), #7858, .F. ) ;
#6048 = ORIENTED_EDGE ( 'NONE', *, *, #6151, .T. ) ;
#6049 = DIRECTION ( 'NONE',  ( -0.0000000000000000000, -0.0000000000000000000, 1.000000000000000000 ) ) ;
#6050 =( NAMED_UNIT ( * ) PLANE_ANGLE_UNIT ( ) SI_UNIT ( $, .RADIAN. ) );
#6051 = FACE_OUTER_BOUND ( 'NONE', #9097, .T. ) ;
#6052 = ORIENTED_EDGE ( 'NONE', *, *, #7395, .F. ) ;
#6053 =( NAMED_UNIT ( * ) SI_UNIT ( $, .STERADIAN. ) SOLID_ANGLE_UNIT ( ) );
#6054 = CARTESIAN_POINT ( 'NONE',  ( -0.5955313811245757100, 31.88823941409236400, -11.01500000000000200 ) ) ;
#6055 = CYLINDRICAL_SURFACE ( 'NONE', #3254, 0.1999999999999996500 ) ;
#6056 = DIRECTION ( 'NONE',  ( -1.000000000000000000, 0.0000000000000000000, 0.0000000000000000000 ) ) ;
#6057 = FACE_OUTER_BOUND ( 'NONE', #8151, .T. ) ;
#6058 = AXIS2_PLACEMENT_3D ( 'NONE', #482, #5841, #1242 ) ;
#6059 = ORIENTED_EDGE ( 'NONE', *, *, #969, .T. ) ;
#6060 = DIRECTION ( 'NONE',  ( 0.0000000000000000000, 0.0000000000000000000, -1.000000000000000000 ) ) ;
#6061 = CARTESIAN_POINT ( 'NONE',  ( -6.114587302543898600, 25.86229349947143800, -9.880068317786019300 ) ) ;
#6062 = CARTESIAN_POINT ( 'NONE',  ( -4.534965513545921900, 29.32129805931025100, -9.899739201007363900 ) ) ;
#6063 = ORIENTED_EDGE ( 'NONE', *, *, #9351, .T. ) ;
#6064 = DIRECTION ( 'NONE',  ( 0.0000000000000000000, -0.0000000000000000000, 1.000000000000000000 ) ) ;
#6065 = FILL_AREA_STYLE ('',( #9217 ) ) ;
#6066 = EDGE_CURVE ( 'NONE', #4503, #9531, #2765, .T. ) ;
#6067 = MECHANICAL_DESIGN_GEOMETRIC_PRESENTATION_REPRESENTATION (  '', ( #4468 ), #6596 ) ;
#6068 = CARTESIAN_POINT ( 'NONE',  ( 0.9999953779657178000, 24.66229349947143800, -11.96500000000000200 ) ) ;
#6069 = FILL_AREA_STYLE ('',( #10010 ) ) ;
#6070 = VERTEX_POINT ( 'NONE', #3048 ) ;
#6071 =( NAMED_UNIT ( * ) SI_UNIT ( $, .STERADIAN. ) SOLID_ANGLE_UNIT ( ) );
#6072 = CARTESIAN_POINT ( 'NONE',  ( -3.406735493673155500, 30.60709989034279100, -11.01500000000000200 ) ) ;
#6073 = DIRECTION ( 'NONE',  ( -1.000000000000000000, 0.0000000000000000000, 0.0000000000000000000 ) ) ;
#6074 = DIRECTION ( 'NONE',  ( -1.000000000000000000, 0.0000000000000000000, 0.0000000000000000000 ) ) ;
#6075 = PRESENTATION_STYLE_ASSIGNMENT (( #2703 ) ) ;
#6076 = ORIENTED_EDGE ( 'NONE', *, *, #522, .T. ) ;
#6077 = STYLED_ITEM ( 'NONE', ( #3090 ), #457 ) ;
#6078 = EDGE_CURVE ( 'NONE', #8684, #891, #8757, .T. ) ;
#6079 = LINE ( 'NONE', #6260, #1988 ) ;
#6080 = AXIS2_PLACEMENT_3D ( 'NONE', #19, #4605, #9379 ) ;
#6081 = AXIS2_PLACEMENT_3D ( 'NONE', #2465, #7940, #3236 ) ;
#6082 = PRESENTATION_STYLE_ASSIGNMENT (( #7470 ) ) ;
#6083 = DIRECTION ( 'NONE',  ( 0.0000000000000000000, 0.0000000000000000000, -1.000000000000000000 ) ) ;
#6084 = DIRECTION ( 'NONE',  ( -1.000000000000000000, 0.0000000000000000000, 0.0000000000000000000 ) ) ;
#6085 = AXIS2_PLACEMENT_3D ( 'NONE', #6141, #7792, #5397 ) ;
#6086 = LINE ( 'NONE', #2480, #2834 ) ;
#6087 = CARTESIAN_POINT ( 'NONE',  ( 6.384846271614252400, 29.51713031400116800, -9.915245488432832500 ) ) ;
#6088 = CARTESIAN_POINT ( 'NONE',  ( 8.011766186881228400, 25.86229349947143800, -9.778713822361021700 ) ) ;
#6089 = SURFACE_STYLE_USAGE ( .BOTH. , #718 ) ;
#6090 = CIRCLE ( 'NONE', #4029, 0.2000000000000005100 ) ;
#6091 =( NAMED_UNIT ( * ) SI_UNIT ( $, .STERADIAN. ) SOLID_ANGLE_UNIT ( ) );
#6092 = ORIENTED_EDGE ( 'NONE', *, *, #3365, .T. ) ;
#6093 = B_SPLINE_CURVE_WITH_KNOTS ( 'NONE', 3,
 ( #1553, #1632, #7870, #3179, #8640, #3943 ),
 .UNSPECIFIED., .F., .F.,
 ( 4, 2, 4 ),
 ( 0.0004726485026269999100, 0.0006122409065420075900, 0.0007518333104570152800 ),
 .UNSPECIFIED. ) ;
#6094 = FACE_OUTER_BOUND ( 'NONE', #8762, .T. ) ;
#6095 = CARTESIAN_POINT ( 'NONE',  ( 7.681825340238310300, 27.84241116321852500, -10.06500000000000100 ) ) ;
#6096 = CARTESIAN_POINT ( 'NONE',  ( -6.262387764540672900, 26.02838294105088600, -10.05469517777451000 ) ) ;
#6097 = FILL_AREA_STYLE_COLOUR ( '', #9391 ) ;
#6098 = FILL_AREA_STYLE_COLOUR ( '', #2180 ) ;
#6099 =( NAMED_UNIT ( * ) PLANE_ANGLE_UNIT ( ) SI_UNIT ( $, .RADIAN. ) );
#6100 =( NAMED_UNIT ( * ) SI_UNIT ( $, .STERADIAN. ) SOLID_ANGLE_UNIT ( ) );
#6101 = FILL_AREA_STYLE ('',( #5282 ) ) ;
#6102 = STYLED_ITEM ( 'NONE', ( #1440 ), #5057 ) ;
#6103 = FACE_OUTER_BOUND ( 'NONE', #3571, .T. ) ;
#6104 = ADVANCED_FACE ( 'NONE', ( #739 ), #6957, .F. ) ;
#6105 = ORIENTED_EDGE ( 'NONE', *, *, #5234, .T. ) ;
#6106 =( NAMED_UNIT ( * ) SI_UNIT ( $, .STERADIAN. ) SOLID_ANGLE_UNIT ( ) );
#6107 = CARTESIAN_POINT ( 'NONE',  ( 2.950000000527496400, 21.96229349947142100, -12.54000000000000300 ) ) ;
#6108 = EDGE_LOOP ( 'NONE', ( #6041, #9389, #4113, #3754 ) ) ;
#6109 =( NAMED_UNIT ( * ) SI_UNIT ( $, .STERADIAN. ) SOLID_ANGLE_UNIT ( ) );
#6110 = CARTESIAN_POINT ( 'NONE',  ( 2.830552374046249500, 31.63842700648618900, -9.877087153751231700 ) ) ;
#6111 = DIRECTION ( 'NONE',  ( 0.0000000000000000000, -0.0000000000000000000, 1.000000000000000000 ) ) ;
#6112 = VECTOR ( 'NONE', #279, 1000.000000000000000 ) ;
#6113 = DIRECTION ( 'NONE',  ( -6.308083266684436500E-015, 1.000000000000000000, 0.0000000000000000000 ) ) ;
#6114 = ORIENTED_EDGE ( 'NONE', *, *, #8408, .T. ) ;
#6115 = SURFACE_SIDE_STYLE ('',( #8586 ) ) ;
#6116 = ADVANCED_FACE ( 'NONE', ( #3849 ), #7041, .F. ) ;
#6117 = EDGE_CURVE ( 'NONE', #6070, #8395, #5123, .T. ) ;
#6118 = ORIENTED_EDGE ( 'NONE', *, *, #9830, .T. ) ;
#6119 = CARTESIAN_POINT ( 'NONE',  ( 1.000000000527495600, 24.86229299947142100, -9.765000000000002300 ) ) ;
#6120 = SURFACE_STYLE_FILL_AREA ( #3816 ) ;
#6121 = DIRECTION ( 'NONE',  ( 1.000000000000000000, 0.0000000000000000000, 0.0000000000000000000 ) ) ;
#6122 = ORIENTED_EDGE ( 'NONE', *, *, #7289, .T. ) ;
#6123 = PRESENTATION_LAYER_ASSIGNMENT (  '', '', ( #5050 ) ) ;
#6124 = FACE_OUTER_BOUND ( 'NONE', #9959, .T. ) ;
#6125 =( NAMED_UNIT ( * ) SI_UNIT ( $, .STERADIAN. ) SOLID_ANGLE_UNIT ( ) );
#6126 = VERTEX_POINT ( 'NONE', #3147 ) ;
#6127 = FILL_AREA_STYLE_COLOUR ( '', #9384 ) ;
#6128 = SURFACE_STYLE_FILL_AREA ( #5152 ) ;
#6129 = LINE ( 'NONE', #8802, #1804 ) ;
#6130 = CARTESIAN_POINT ( 'NONE',  ( 2.050000000527496100, 21.96229349947142100, -12.54000000000000300 ) ) ;
#6131 = EDGE_CURVE ( 'NONE', #8999, #8575, #2885, .T. ) ;
#6132 = VERTEX_POINT ( 'NONE', #8603 ) ;
#6133 = EDGE_CURVE ( 'NONE', #9767, #2672, #3132, .T. ) ;
#6134 = SURFACE_STYLE_USAGE ( .BOTH. , #765 ) ;
#6135 = DIRECTION ( 'NONE',  ( 0.0000000000000000000, 1.000000000000000000, 0.0000000000000000000 ) ) ;
#6136 = AXIS2_PLACEMENT_3D ( 'NONE', #8532, #3836, #9326 ) ;
#6137 = ORIENTED_EDGE ( 'NONE', *, *, #6288, .T. ) ;
#6138 = FILL_AREA_STYLE ('',( #6098 ) ) ;
#6139 = CARTESIAN_POINT ( 'NONE',  ( -5.794969041663489600, 27.06820561607721100, -9.873279290114108900 ) ) ;
#6140 = ORIENTED_EDGE ( 'NONE', *, *, #7917, .F. ) ;
#6141 = CARTESIAN_POINT ( 'NONE',  ( 0.9999953779657178000, 25.66229349947143500, -12.26500000000000200 ) ) ;
#6142 = CARTESIAN_POINT ( 'NONE',  ( -2.449999999472502600, 20.96229676927035300, -11.84000000000000200 ) ) ;
#6143 = COLOUR_RGB ( '',0.0000000000000000000, 0.0000000000000000000, 1.000000000000000000 ) ;
#6144 =( NAMED_UNIT ( * ) PLANE_ANGLE_UNIT ( ) SI_UNIT ( $, .RADIAN. ) );
#6145 = FILL_AREA_STYLE ('',( #6195 ) ) ;
#6146 = CARTESIAN_POINT ( 'NONE',  ( 1.000000000527495600, 26.86229349947144100, -13.14000000000000200 ) ) ;
#6147 = CARTESIAN_POINT ( 'NONE',  ( 4.347431891449655700, 31.03910183136096300, -12.16303311024063100 ) ) ;
#6148 = EDGE_CURVE ( 'NONE', #8357, #1190, #4914, .T. ) ;
#6149 = ORIENTED_EDGE ( 'NONE', *, *, #7528, .F. ) ;
#6150 = PLANE ( 'NONE',  #6613 ) ;
#6151 = EDGE_CURVE ( 'NONE', #6715, #3390, #4676, .T. ) ;
#6152 = ORIENTED_EDGE ( 'NONE', *, *, #8851, .T. ) ;
#6153 = AXIS2_PLACEMENT_3D ( 'NONE', #6975, #2323, #3096 ) ;
#6154 = MECHANICAL_DESIGN_GEOMETRIC_PRESENTATION_REPRESENTATION (  '', ( #5072 ), #6684 ) ;
#6155 = MECHANICAL_DESIGN_GEOMETRIC_PRESENTATION_REPRESENTATION (  '', ( #5076 ), #6689 ) ;
#6156 =( NAMED_UNIT ( * ) SI_UNIT ( $, .STERADIAN. ) SOLID_ANGLE_UNIT ( ) );
#6157 = EDGE_CURVE ( 'NONE', #90, #5801, #8873, .T. ) ;
#6158 = ORIENTED_EDGE ( 'NONE', *, *, #7759, .T. ) ;
#6159 = VECTOR ( 'NONE', #8108, 1000.000000000000000 ) ;
#6160 = CARTESIAN_POINT ( 'NONE',  ( 2.950000000527496000, 20.81229349947144100, -11.84000000000000200 ) ) ;
#6161 = VERTEX_POINT ( 'NONE', #3947 ) ;
#6162 = COLOUR_RGB ( '',1.000000000000000000, 0.0000000000000000000, 1.000000000000000000 ) ;
#6163 = FACE_OUTER_BOUND ( 'NONE', #578, .T. ) ;
#6164 = CARTESIAN_POINT ( 'NONE',  ( 0.5500000005274957600, 21.96229349947143600, -12.44000000000000100 ) ) ;
#6165 = PLANE ( 'NONE',  #1547 ) ;
#6166 = ORIENTED_EDGE ( 'NONE', *, *, #4013, .T. ) ;
#6167 = UNCERTAINTY_MEASURE_WITH_UNIT (LENGTH_MEASURE( 1.000000000000000100E-005 ), #6356, 'distance_accuracy_value', 'NONE');
#6168 = ORIENTED_EDGE ( 'NONE', *, *, #4608, .F. ) ;
#6169 =( GEOMETRIC_REPRESENTATION_CONTEXT ( 3 ) GLOBAL_UNCERTAINTY_ASSIGNED_CONTEXT ( ( #1733 ) ) GLOBAL_UNIT_ASSIGNED_CONTEXT ( ( #2106, #7545, #2886 ) ) REPRESENTATION_CONTEXT ( 'NONE', 'WORKASPACE' ) );
#6170 = ADVANCED_FACE ( 'NONE', ( #4402 ), #9721, .T. ) ;
#6171 = FILL_AREA_STYLE ('',( #4583 ) ) ;
#6172 = CARTESIAN_POINT ( 'NONE',  ( -0.7719870434936139100, 31.64082935356903900, -12.16507722591732100 ) ) ;
#6173 = DIRECTION ( 'NONE',  ( -0.0000000000000000000, -0.0000000000000000000, 1.000000000000000000 ) ) ;
#6174 = ORIENTED_EDGE ( 'NONE', *, *, #8323, .T. ) ;
#6175 = FILL_AREA_STYLE_COLOUR ( '', #8489 ) ;
#6176 = UNCERTAINTY_MEASURE_WITH_UNIT (LENGTH_MEASURE( 1.000000000000000100E-005 ), #5805, 'distance_accuracy_value', 'NONE');
#6177 = DIRECTION ( 'NONE',  ( 0.3173046564050759900, 0.9483236552062046500, 0.0000000000000000000 ) ) ;
#6178 = CARTESIAN_POINT ( 'NONE',  ( 2.590217405403266500, 31.84248187391380800, -10.01917644532853100 ) ) ;
#6179 = AXIS2_PLACEMENT_3D ( 'NONE', #1091, #9995, #6867 ) ;
#6180 = DIRECTION ( 'NONE',  ( -1.000000000000000000, 8.340016711426963900E-017, 0.0000000000000000000 ) ) ;
#6181 = VECTOR ( 'NONE', #1062, 1000.000000000000000 ) ;
#6182 = ORIENTED_EDGE ( 'NONE', *, *, #7251, .T. ) ;
#6183 = DIRECTION ( 'NONE',  ( 0.0000000000000000000, 0.0000000000000000000, -1.000000000000000000 ) ) ;
#6184 = CARTESIAN_POINT ( 'NONE',  ( 6.602453769200100600, 26.71229338220534900, -12.44000000000000100 ) ) ;
#6185 = VERTEX_POINT ( 'NONE', #4743 ) ;
#6186 = CARTESIAN_POINT ( 'NONE',  ( -5.161767161128453000, 28.59582732125874900, -12.05480302380071400 ) ) ;
#6187 = CARTESIAN_POINT ( 'NONE',  ( 4.605282909236904300, 31.04000768192587500, -12.03882119621218800 ) ) ;
#6188 = LINE ( 'NONE', #3166, #4123 ) ;
#6189 = FACE_OUTER_BOUND ( 'NONE', #4982, .T. ) ;
#6190 =( GEOMETRIC_REPRESENTATION_CONTEXT ( 3 ) GLOBAL_UNCERTAINTY_ASSIGNED_CONTEXT ( ( #2474 ) ) GLOBAL_UNIT_ASSIGNED_CONTEXT ( ( #9444, #4707, #143 ) ) REPRESENTATION_CONTEXT ( 'NONE', 'WORKASPACE' ) );
#6191 = VERTEX_POINT ( 'NONE', #177 ) ;
#6192 = CARTESIAN_POINT ( 'NONE',  ( 1.000000000527495600, 24.86229299947142100, -9.540000000000000900 ) ) ;
#6193 = EDGE_CURVE ( 'NONE', #5587, #6185, #7635, .T. ) ;
#6194 = COLOUR_RGB ( '',1.000000000000000000, 1.000000000000000000, 1.000000000000000000 ) ;
#6195 = FILL_AREA_STYLE_COLOUR ( '', #1653 ) ;
#6196 = VECTOR ( 'NONE', #4621, 1000.000000000000000 ) ;
#6197 = CARTESIAN_POINT ( 'NONE',  ( 5.602453769200100600, 26.46229349947144300, -12.54000000000000300 ) ) ;
#6198 = CARTESIAN_POINT ( 'NONE',  ( 5.055188641592648600, 30.64376268649228100, -12.13862161201711100 ) ) ;
#6199 = ORIENTED_EDGE ( 'NONE', *, *, #7825, .T. ) ;
#6200 = CARTESIAN_POINT ( 'NONE',  ( 7.997852192734078400, 25.86229349947143800, -9.765000000000000600 ) ) ;
#6201 = CARTESIAN_POINT ( 'NONE',  ( 6.602453769200100600, 26.71229338220534900, -12.49000000000000200 ) ) ;
#6202 = CARTESIAN_POINT ( 'NONE',  ( -3.801147254458476300, 30.29337060985794800, -10.06500000000000100 ) ) ;
#6203 =( GEOMETRIC_REPRESENTATION_CONTEXT ( 3 ) GLOBAL_UNCERTAINTY_ASSIGNED_CONTEXT ( ( #6046 ) ) GLOBAL_UNIT_ASSIGNED_CONTEXT ( ( #2736, #8202, #3493 ) ) REPRESENTATION_CONTEXT ( 'NONE', 'WORKASPACE' ) );
#6204 = VECTOR ( 'NONE', #4307, 1000.000000000000000 ) ;
#6205 = EDGE_CURVE ( 'NONE', #9335, #5773, #7914, .T. ) ;
#6206 = CARTESIAN_POINT ( 'NONE',  ( -2.627768043022918200, 31.06044565962459800, -10.02006751392410100 ) ) ;
#6207 =( NAMED_UNIT ( * ) PLANE_ANGLE_UNIT ( ) SI_UNIT ( $, .RADIAN. ) );
#6208 = PLANE ( 'NONE',  #4566 ) ;
#6209 = EDGE_LOOP ( 'NONE', ( #1910, #5777, #637, #2807 ) ) ;
#6210 = SURFACE_STYLE_USAGE ( .BOTH. , #840 ) ;
#6211 = CARTESIAN_POINT ( 'NONE',  ( 6.899985530787216900, 25.61229242923305800, -9.540000000000000900 ) ) ;
#6212 =( NAMED_UNIT ( * ) SI_UNIT ( $, .STERADIAN. ) SOLID_ANGLE_UNIT ( ) );
#6213 = ADVANCED_FACE ( 'NONE', ( #1423 ), #7146, .F. ) ;
#6214 = STYLED_ITEM ( 'NONE', ( #2468 ), #8823 ) ;
#6215 = EDGE_CURVE ( 'NONE', #9066, #1809, #723, .T. ) ;
#6216 =( NAMED_UNIT ( * ) SI_UNIT ( $, .STERADIAN. ) SOLID_ANGLE_UNIT ( ) );
#6217 =( NAMED_UNIT ( * ) SI_UNIT ( $, .STERADIAN. ) SOLID_ANGLE_UNIT ( ) );
#6218 = CARTESIAN_POINT ( 'NONE',  ( 2.745134311184171900, 31.64554574398913200, -9.862953020076162100 ) ) ;
#6219 = CARTESIAN_POINT ( 'NONE',  ( -2.408530435521053700, 31.00453894440548200, -9.865078408521688000 ) ) ;
#6220 = VERTEX_POINT ( 'NONE', #2507 ) ;
#6221 = VECTOR ( 'NONE', #8784, 1000.000000000000000 ) ;
#6222 =( NAMED_UNIT ( * ) SI_UNIT ( $, .STERADIAN. ) SOLID_ANGLE_UNIT ( ) );
#6223 =( LENGTH_UNIT ( ) NAMED_UNIT ( * ) SI_UNIT ( .MILLI., .METRE. ) );
#6224 = DIRECTION ( 'NONE',  ( 1.000000000000000000, 0.0000000000000000000, 0.0000000000000000000 ) ) ;
#6225 = ADVANCED_FACE ( 'NONE', ( #6891 ), #7984, .F. ) ;
#6226 =( GEOMETRIC_REPRESENTATION_CONTEXT ( 3 ) GLOBAL_UNCERTAINTY_ASSIGNED_CONTEXT ( ( #3710 ) ) GLOBAL_UNIT_ASSIGNED_CONTEXT ( ( #904, #938, #4190 ) ) REPRESENTATION_CONTEXT ( 'NONE', 'WORKASPACE' ) );
#6227 = EDGE_CURVE ( 'NONE', #6509, #5701, #5869, .T. ) ;
#6228 = EDGE_LOOP ( 'NONE', ( #9236, #5272 ) ) ;
#6229 = ORIENTED_EDGE ( 'NONE', *, *, #3601, .T. ) ;
#6230 = STYLED_ITEM ( 'NONE', ( #5 ), #6479 ) ;
#6231 = VERTEX_POINT ( 'NONE', #9567 ) ;
#6232 =( LENGTH_UNIT ( ) NAMED_UNIT ( * ) SI_UNIT ( .MILLI., .METRE. ) );
#6233 = AXIS2_PLACEMENT_3D ( 'NONE', #9968, #4440, #2979 ) ;
#6234 = CARTESIAN_POINT ( 'NONE',  ( -1.641547977824006500, 31.36898012664261200, -12.15689802343872300 ) ) ;
#6235 = CARTESIAN_POINT ( 'NONE',  ( 2.950000000527496400, 20.66229349947143800, -12.54000000000000300 ) ) ;
#6236 = MECHANICAL_DESIGN_GEOMETRIC_PRESENTATION_REPRESENTATION (  '', ( #4653 ), #6770 ) ;
#6237 = CARTESIAN_POINT ( 'NONE',  ( 4.649389494403681800, 31.09983360287335700, -10.06500000000000100 ) ) ;
#6238 = LINE ( 'NONE', #2683, #341 ) ;
#6239 = B_SPLINE_CURVE_WITH_KNOTS ( 'NONE', 3,
 ( #8403, #9194, #5219, #670, #6037, #1420, #6852, #2207, #7653, #1543, #545, #5910 ),
 .UNSPECIFIED., .F., .F.,
 ( 4, 2, 2, 2, 2, 4 ),
 ( 4.336808689942017300E-019, 0.0001718827819573201200, 0.0003437655639146398100, 0.0004297069548932996000, 0.0005156483458719595000, 0.0006875311278292680200 ),
 .UNSPECIFIED. ) ;
#6240 = CARTESIAN_POINT ( 'NONE',  ( -2.513759998929610000, 28.36077100000000000, -12.49000000000000200 ) ) ;
#6241 = VERTEX_POINT ( 'NONE', #5611 ) ;
#6242 = CARTESIAN_POINT ( 'NONE',  ( 2.050000000527497000, 20.66229349947143800, -11.84000000000000200 ) ) ;
#6243 = CARTESIAN_POINT ( 'NONE',  ( 5.050000000527496100, 20.96229349947143900, -11.84000000000000200 ) ) ;
#6244 = DIRECTION ( 'NONE',  ( 0.0000000000000000000, 0.0000000000000000000, 1.000000000000000000 ) ) ;
#6245 = CARTESIAN_POINT ( 'NONE',  ( 5.057117206532472800, 30.80420085122575800, -10.02592814599720200 ) ) ;
#6246 = CARTESIAN_POINT ( 'NONE',  ( -4.699999622034267700, 20.96229172388681100, -9.540000000000000900 ) ) ;
#6247 = FILL_AREA_STYLE_COLOUR ( '', #8615 ) ;
#6248 = DIRECTION ( 'NONE',  ( 0.0000000000000000000, -1.000000000000000000, 0.0000000000000000000 ) ) ;
#6249 = CARTESIAN_POINT ( 'NONE',  ( -4.602453961876662400, 25.86229349947144100, -11.84000000000000200 ) ) ;
#6250 = MECHANICAL_DESIGN_GEOMETRIC_PRESENTATION_REPRESENTATION (  '', ( #4670 ), #6775 ) ;
#6251 = FILL_AREA_STYLE_COLOUR ( '', #5232 ) ;
#6252 = FACE_OUTER_BOUND ( 'NONE', #6108, .T. ) ;
#6253 = FILL_AREA_STYLE ('',( #7080 ) ) ;
#6254 =( LENGTH_UNIT ( ) NAMED_UNIT ( * ) SI_UNIT ( .MILLI., .METRE. ) );
#6255 = PRESENTATION_LAYER_ASSIGNMENT (  '', '', ( #6784 ) ) ;
#6256 = CARTESIAN_POINT ( 'NONE',  ( 2.716151629921832500, 31.65462030329062400, -9.864799089038584200 ) ) ;
#6257 = CARTESIAN_POINT ( 'NONE',  ( 5.602453769200100600, 26.46229349947144300, -12.54000000000000300 ) ) ;
#6258 = EDGE_LOOP ( 'NONE', ( #2165, #7407, #7419, #8293 ) ) ;
#6259 = CARTESIAN_POINT ( 'NONE',  ( 3.464250606637507600, 31.63993251048109200, -10.06500000000000100 ) ) ;
#6260 = CARTESIAN_POINT ( 'NONE',  ( -4.602453961876664200, 26.71229279551774700, -12.44000000000000100 ) ) ;
#6261 = ORIENTED_EDGE ( 'NONE', *, *, #2592, .T. ) ;
#6262 = ORIENTED_EDGE ( 'NONE', *, *, #1688, .T. ) ;
#6263 = CARTESIAN_POINT ( 'NONE',  ( 8.039592433000478900, 25.86229349947143800, -12.22385676538734600 ) ) ;
#6264 = VECTOR ( 'NONE', #443, 1000.000000000000000 ) ;
#6265 = VECTOR ( 'NONE', #586, 999.9999999999998900 ) ;
#6266 = STYLED_ITEM ( 'NONE', ( #8936 ), #7981 ) ;
#6267 = DIRECTION ( 'NONE',  ( -1.000000000000000000, 0.0000000000000000000, 0.0000000000000000000 ) ) ;
#6268 = DIRECTION ( 'NONE',  ( -1.000000000000000000, 0.0000000000000000000, 0.0000000000000000000 ) ) ;
#6269 = VERTEX_POINT ( 'NONE', #8774 ) ;
#6270 = CARTESIAN_POINT ( 'NONE',  ( 0.9999953779657178000, 24.66229349947143800, -11.96500000000000200 ) ) ;
#6271 = ORIENTED_EDGE ( 'NONE', *, *, #3673, .T. ) ;
#6272 = EDGE_CURVE ( 'NONE', #4227, #9181, #3977, .T. ) ;
#6273 = DIRECTION ( 'NONE',  ( 0.0000000000000000000, 0.0000000000000000000, 1.000000000000000000 ) ) ;
#6274 = ADVANCED_FACE ( 'NONE', ( #8030 ), #7272, .T. ) ;
#6275 =( NAMED_UNIT ( * ) SI_UNIT ( $, .STERADIAN. ) SOLID_ANGLE_UNIT ( ) );
#6276 = PRESENTATION_LAYER_ASSIGNMENT (  '', '', ( #4702 ) ) ;
#6277 =( LENGTH_UNIT ( ) NAMED_UNIT ( * ) SI_UNIT ( .MILLI., .METRE. ) );
#6278 = CARTESIAN_POINT ( 'NONE',  ( -3.054925711178348500, 30.65393188308379300, -12.13026079899263900 ) ) ;
#6279 = FACE_OUTER_BOUND ( 'NONE', #4259, .T. ) ;
#6280 = SURFACE_STYLE_USAGE ( .BOTH. , #915 ) ;
#6281 = DIRECTION ( 'NONE',  ( 0.0000000000000000000, 1.000000000000000000, 0.0000000000000000000 ) ) ;
#6282 = ORIENTED_EDGE ( 'NONE', *, *, #7342, .T. ) ;
#6283 = ORIENTED_EDGE ( 'NONE', *, *, #3200, .F. ) ;
#6284 = CARTESIAN_POINT ( 'NONE',  ( -0.04999999947250455300, 21.96229349947143900, -12.54000000000000300 ) ) ;
#6285 = CARTESIAN_POINT ( 'NONE',  ( 4.450000000527496400, 20.81229349947144100, -12.44000000000000100 ) ) ;
#6286 =( NAMED_UNIT ( * ) PLANE_ANGLE_UNIT ( ) SI_UNIT ( $, .RADIAN. ) );
#6287 = CARTESIAN_POINT ( 'NONE',  ( 2.667586188428793500, 31.68204717243672900, -9.880059337956636200 ) ) ;
#6288 = EDGE_CURVE ( 'NONE', #9202, #9951, #5112, .T. ) ;
#6289 = VECTOR ( 'NONE', #2829, 1000.000000000000000 ) ;
#6290 = DIRECTION ( 'NONE',  ( 0.0000000000000000000, 0.0000000000000000000, -1.000000000000000000 ) ) ;
#6291 = EDGE_CURVE ( 'NONE', #2696, #8285, #3123, .T. ) ;
#6292 = STYLED_ITEM ( 'NONE', ( #6454 ), #1628 ) ;
#6293 = EDGE_LOOP ( 'NONE', ( #8970, #6518, #8044, #5290 ) ) ;
#6294 = STYLED_ITEM ( 'NONE', ( #3604 ), #9550 ) ;
#6295 =( NAMED_UNIT ( * ) SI_UNIT ( $, .STERADIAN. ) SOLID_ANGLE_UNIT ( ) );
#6296 = ORIENTED_EDGE ( 'NONE', *, *, #3042, .F. ) ;
#6297 = VERTEX_POINT ( 'NONE', #8874 ) ;
#6298 = PRESENTATION_LAYER_ASSIGNMENT (  '', '', ( #6827 ) ) ;
#6299 =( NAMED_UNIT ( * ) PLANE_ANGLE_UNIT ( ) SI_UNIT ( $, .RADIAN. ) );
#6300 = CARTESIAN_POINT ( 'NONE',  ( -2.916127522693602100, 28.17313568983686500, -12.49000000000000200 ) ) ;
#6301 = FACE_OUTER_BOUND ( 'NONE', #8995, .T. ) ;
#6302 = VERTEX_POINT ( 'NONE', #1867 ) ;
#6303 = EDGE_CURVE ( 'NONE', #404, #2519, #855, .T. ) ;
#6304 = ORIENTED_EDGE ( 'NONE', *, *, #7231, .F. ) ;
#6305 = UNCERTAINTY_MEASURE_WITH_UNIT (LENGTH_MEASURE( 1.000000000000000100E-005 ), #669, 'distance_accuracy_value', 'NONE');
#6306 = ORIENTED_EDGE ( 'NONE', *, *, #5627, .T. ) ;
#6307 = ORIENTED_EDGE ( 'NONE', *, *, #6593, .F. ) ;
#6308 =( LENGTH_UNIT ( ) NAMED_UNIT ( * ) SI_UNIT ( .MILLI., .METRE. ) );
#6309 = CARTESIAN_POINT ( 'NONE',  ( 3.781498386895806100, 29.63542085853165600, -12.26500000000000200 ) ) ;
#6310 = FACE_OUTER_BOUND ( 'NONE', #6786, .T. ) ;
#6311 = MECHANICAL_DESIGN_GEOMETRIC_PRESENTATION_REPRESENTATION (  '', ( #5210 ), #6840 ) ;
#6312 = B_SPLINE_CURVE_WITH_KNOTS ( 'NONE', 3,
 ( #9636, #329, #1098, #6491, #1871, #7303, #2643, #8113, #3403, #8882, #4165, #9671 ),
 .UNSPECIFIED., .F., .F.,
 ( 4, 2, 2, 2, 2, 4 ),
 ( 9.857544860656088600E-005, 0.0002618899140691642900, 0.0003435471468004728600, 0.0004252043795317814300, 0.0005885188449943949900, 0.0007518333104570085500 ),
 .UNSPECIFIED. ) ;
#6313 =( NAMED_UNIT ( * ) SI_UNIT ( $, .STERADIAN. ) SOLID_ANGLE_UNIT ( ) );
#6314 = LINE ( 'NONE', #1197, #399 ) ;
#6315 = ORIENTED_EDGE ( 'NONE', *, *, #7395, .T. ) ;
#6316 = DIRECTION ( 'NONE',  ( 0.0000000000000000000, -0.0000000000000000000, 1.000000000000000000 ) ) ;
#6317 =( NAMED_UNIT ( * ) PLANE_ANGLE_UNIT ( ) SI_UNIT ( $, .RADIAN. ) );
#6318 = CARTESIAN_POINT ( 'NONE',  ( -3.380465847365801100, 30.57064165750196600, -10.02006751392409700 ) ) ;
#6319 = CARTESIAN_POINT ( 'NONE',  ( -5.681834584306876900, 27.84241116321852500, -11.96500000000000200 ) ) ;
#6320 = VERTEX_POINT ( 'NONE', #1898 ) ;
#6321 = SURFACE_SIDE_STYLE ('',( #8858 ) ) ;
#6322 = CARTESIAN_POINT ( 'NONE',  ( 6.156582860434991000, 27.48437236181266400, -12.49000000000000200 ) ) ;
#6323 = AXIS2_PLACEMENT_3D ( 'NONE', #9865, #5109, #552 ) ;
#6324 = CARTESIAN_POINT ( 'NONE',  ( -4.983871395145973400, 28.93895106837793200, -10.02002964988258400 ) ) ;
#6325 =( NAMED_UNIT ( * ) PLANE_ANGLE_UNIT ( ) SI_UNIT ( $, .RADIAN. ) );
#6326 = CARTESIAN_POINT ( 'NONE',  ( 5.050000000527496100, 20.81229349947144100, -11.84000000000000200 ) ) ;
#6327 = ORIENTED_EDGE ( 'NONE', *, *, #5658, .F. ) ;
#6328 = CARTESIAN_POINT ( 'NONE',  ( 0.5500000005274974200, 20.81229349947144100, -11.99000000000000200 ) ) ;
#6329 = PLANE ( 'NONE',  #4797 ) ;
#6330 = CARTESIAN_POINT ( 'NONE',  ( 2.647711799354516900, 31.70003144538384300, -9.893026155813627700 ) ) ;
#6331 = ORIENTED_EDGE ( 'NONE', *, *, #9312, .T. ) ;
#6332 = DIRECTION ( 'NONE',  ( 0.0000000000000000000, 0.0000000000000000000, -1.000000000000000000 ) ) ;
#6333 = CARTESIAN_POINT ( 'NONE',  ( 0.9999953779657178000, 24.66229349947143800, -12.26500000000000200 ) ) ;
#6334 = ADVANCED_FACE ( 'NONE', ( #2877 ), #7328, .F. ) ;
#6335 = PRESENTATION_LAYER_ASSIGNMENT (  '', '', ( #5228 ) ) ;
#6336 = VERTEX_POINT ( 'NONE', #5707 ) ;
#6337 = CARTESIAN_POINT ( 'NONE',  ( -3.793981378593869200, 30.03443575024614600, -12.16492159147832000 ) ) ;
#6338 = CARTESIAN_POINT ( 'NONE',  ( -2.286439998909817200, 28.36077100000000000, -9.540000000000000900 ) ) ;
#6339 = EDGE_CURVE ( 'NONE', #9742, #7400, #136, .T. ) ;
#6340 = FACE_OUTER_BOUND ( 'NONE', #8365, .T. ) ;
#6341 = EDGE_CURVE ( 'NONE', #1821, #3055, #8136, .T. ) ;
#6342 = CARTESIAN_POINT ( 'NONE',  ( 6.596892456741977100, 29.31472948377955800, -12.08693759250689200 ) ) ;
#6343 = AXIS2_PLACEMENT_3D ( 'NONE', #9107, #4373, #9891 ) ;
#6344 = EDGE_LOOP ( 'NONE', ( #8816, #5254, #1796, #9230 ) ) ;
#6345 = CARTESIAN_POINT ( 'NONE',  ( -1.896208785971575900, 29.79926116199821000, -12.26500000000000200 ) ) ;
#6346 = DIRECTION ( 'NONE',  ( -1.000000000000000000, 0.0000000000000000000, 0.0000000000000000000 ) ) ;
#6347 = ORIENTED_EDGE ( 'NONE', *, *, #2287, .T. ) ;
#6348 = ORIENTED_EDGE ( 'NONE', *, *, #3895, .F. ) ;
#6349 =( LENGTH_UNIT ( ) NAMED_UNIT ( * ) SI_UNIT ( .MILLI., .METRE. ) );
#6350 = FILL_AREA_STYLE_COLOUR ( '', #5699 ) ;
#6351 = CARTESIAN_POINT ( 'NONE',  ( -3.040476931770359900, 30.75446794129309000, -9.975196976199288900 ) ) ;
#6352 = DIRECTION ( 'NONE',  ( 0.4226335297151930200, -0.9063006673066489300, -0.0000000000000000000 ) ) ;
#6353 = CARTESIAN_POINT ( 'NONE',  ( 0.7000000005306115100, 22.86229349947144100, -13.14000000000000200 ) ) ;
#6354 = DIRECTION ( 'NONE',  ( -0.0000000000000000000, 0.0000000000000000000, -1.000000000000000000 ) ) ;
#6355 = VECTOR ( 'NONE', #6649, 1000.000000000000100 ) ;
#6356 =( LENGTH_UNIT ( ) NAMED_UNIT ( * ) SI_UNIT ( .MILLI., .METRE. ) );
#6357 = COLOUR_RGB ( '',1.000000000000000000, 0.0000000000000000000, 1.000000000000000000 ) ;
#6358 = VERTEX_POINT ( 'NONE', #599 ) ;
#6359 = FILL_AREA_STYLE_COLOUR ( '', #8328 ) ;
#6360 =( GEOMETRIC_REPRESENTATION_CONTEXT ( 3 ) GLOBAL_UNCERTAINTY_ASSIGNED_CONTEXT ( ( #426 ) ) GLOBAL_UNIT_ASSIGNED_CONTEXT ( ( #921, #5890, #1913 ) ) REPRESENTATION_CONTEXT ( 'NONE', 'WORKASPACE' ) );
#6361 = PRESENTATION_LAYER_ASSIGNMENT (  '', '', ( #5256 ) ) ;
#6362 = FILL_AREA_STYLE_COLOUR ( '', #9054 ) ;
#6363 = DIRECTION ( 'NONE',  ( 0.0000000000000000000, 0.0000000000000000000, -1.000000000000000000 ) ) ;
#6364 = CARTESIAN_POINT ( 'NONE',  ( 6.411714524516694900, 29.63064979777653100, -12.01848600317573800 ) ) ;
#6365 = COLOUR_RGB ( '',1.000000000000000000, 1.000000000000000000, 1.000000000000000000 ) ;
#6366 = CARTESIAN_POINT ( 'NONE',  ( 5.300000000527495200, 20.96229614966531000, -12.44000000000000100 ) ) ;
#6367 = UNCERTAINTY_MEASURE_WITH_UNIT (LENGTH_MEASURE( 1.000000000000000100E-005 ), #6936, 'distance_accuracy_value', 'NONE');
#6368 = CARTESIAN_POINT ( 'NONE',  ( -3.602453961876661100, 26.46229349947144300, -12.54000000000000300 ) ) ;
#6369 = UNCERTAINTY_MEASURE_WITH_UNIT (LENGTH_MEASURE( 1.000000000000000100E-005 ), #682, 'distance_accuracy_value', 'NONE');
#6370 =( NAMED_UNIT ( * ) SI_UNIT ( $, .STERADIAN. ) SOLID_ANGLE_UNIT ( ) );
#6371 = SURFACE_STYLE_FILL_AREA ( #1177 ) ;
#6372 = DIRECTION ( 'NONE',  ( 0.0000000000000000000, 0.0000000000000000000, -1.000000000000000000 ) ) ;
#6373 = VECTOR ( 'NONE', #9548, 1000.000000000000000 ) ;
#6374 = CARTESIAN_POINT ( 'NONE',  ( 8.062572811169548700, 25.86229349947143800, -12.20120212457107400 ) ) ;
#6375 = VERTEX_POINT ( 'NONE', #5158 ) ;
#6376 = MECHANICAL_DESIGN_GEOMETRIC_PRESENTATION_REPRESENTATION (  '', ( #5276 ), #6907 ) ;
#6377 = FACE_OUTER_BOUND ( 'NONE', #8046, .T. ) ;
#6378 = CARTESIAN_POINT ( 'NONE',  ( -4.098378041524672000, 30.02574280709371400, -10.06500000000000100 ) ) ;
#6379 =( GEOMETRIC_REPRESENTATION_CONTEXT ( 3 ) GLOBAL_UNCERTAINTY_ASSIGNED_CONTEXT ( ( #7269 ) ) GLOBAL_UNIT_ASSIGNED_CONTEXT ( ( #1837, #3338, #6456 ) ) REPRESENTATION_CONTEXT ( 'NONE', 'WORKASPACE' ) );
#6380 = UNCERTAINTY_MEASURE_WITH_UNIT (LENGTH_MEASURE( 1.000000000000000100E-005 ), #7379, 'distance_accuracy_value', 'NONE');
#6381 = EDGE_LOOP ( 'NONE', ( #4867, #7009, #1583, #6262 ) ) ;
#6382 =( NAMED_UNIT ( * ) PLANE_ANGLE_UNIT ( ) SI_UNIT ( $, .RADIAN. ) );
#6383 = ADVANCED_FACE ( 'NONE', ( #2139, #9949 ), #5001, .T. ) ;
#6384 =( LENGTH_UNIT ( ) NAMED_UNIT ( * ) SI_UNIT ( .MILLI., .METRE. ) );
#6385 =( NAMED_UNIT ( * ) PLANE_ANGLE_UNIT ( ) SI_UNIT ( $, .RADIAN. ) );
#6386 = VERTEX_POINT ( 'NONE', #5185 ) ;
#6387 = EDGE_LOOP ( 'NONE', ( #4422, #5035, #8368, #4199 ) ) ;
#6388 =( NAMED_UNIT ( * ) SI_UNIT ( $, .STERADIAN. ) SOLID_ANGLE_UNIT ( ) );
#6389 = CARTESIAN_POINT ( 'NONE',  ( 5.300000000527495200, 20.96229614966531000, -12.44000000000000100 ) ) ;
#6390 = PRESENTATION_LAYER_ASSIGNMENT (  '', '', ( #5293 ) ) ;
#6391 = FACE_OUTER_BOUND ( 'NONE', #3454, .T. ) ;
#6392 = FACE_OUTER_BOUND ( 'NONE', #8207, .T. ) ;
#6393 = LINE ( 'NONE', #202, #4280 ) ;
#6394 = CARTESIAN_POINT ( 'NONE',  ( -4.602453961876667800, 26.71229279551775100, -12.49000000000000200 ) ) ;
#6395 = FACE_OUTER_BOUND ( 'NONE', #7126, .T. ) ;
#6396 = FACE_OUTER_BOUND ( 'NONE', #5478, .T. ) ;
#6397 = CARTESIAN_POINT ( 'NONE',  ( 1.300000000524379700, 22.86229349947144100, -13.14000000000000200 ) ) ;
#6398 = ORIENTED_EDGE ( 'NONE', *, *, #10027, .T. ) ;
#6399 = CARTESIAN_POINT ( 'NONE',  ( 5.300000000527495200, 20.96229614966531000, -12.44000000000000100 ) ) ;
#6400 = VERTEX_POINT ( 'NONE', #6000 ) ;
#6401 = PRESENTATION_LAYER_ASSIGNMENT (  '', '', ( #5837 ) ) ;
#6402 = ORIENTED_EDGE ( 'NONE', *, *, #3417, .T. ) ;
#6403 = PRESENTATION_STYLE_ASSIGNMENT (( #6877 ) ) ;
#6404 = CARTESIAN_POINT ( 'NONE',  ( 7.393443656959644400, 28.02182319754407300, -9.887369464961095000 ) ) ;
#6405 = FACE_OUTER_BOUND ( 'NONE', #6387, .T. ) ;
#6406 = DIRECTION ( 'NONE',  ( -0.0000000000000000000, -0.0000000000000000000, 1.000000000000000000 ) ) ;
#6407 = ORIENTED_EDGE ( 'NONE', *, *, #2583, .T. ) ;
#6408 = MECHANICAL_DESIGN_GEOMETRIC_PRESENTATION_REPRESENTATION (  '', ( #5311 ), #6948 ) ;
#6409 = DIRECTION ( 'NONE',  ( -1.000000000000000000, 0.0000000000000000000, 0.0000000000000000000 ) ) ;
#6410 = EDGE_CURVE ( 'NONE', #6269, #4793, #1507, .T. ) ;
#6411 = CIRCLE ( 'NONE', #6081, 7.400000000000000400 ) ;
#6412 = SURFACE_STYLE_FILL_AREA ( #9204 ) ;
#6413 = CARTESIAN_POINT ( 'NONE',  ( 6.403171916198715500, 27.23204465226783500, -9.540000000000000900 ) ) ;
#6414 = CARTESIAN_POINT ( 'NONE',  ( 6.098368797456119600, 30.02574280709370300, -10.06500000000000100 ) ) ;
#6415 =( LENGTH_UNIT ( ) NAMED_UNIT ( * ) SI_UNIT ( .MILLI., .METRE. ) );
#6416 = VERTEX_POINT ( 'NONE', #1386 ) ;
#6417 = ORIENTED_EDGE ( 'NONE', *, *, #2333, .T. ) ;
#6418 = CARTESIAN_POINT ( 'NONE',  ( -6.241104762058360400, 25.96630134678811100, -12.00747708553691100 ) ) ;
#6419 = SURFACE_STYLE_FILL_AREA ( #4434 ) ;
#6420 = STYLED_ITEM ( 'NONE', ( #7232 ), #8668 ) ;
#6421 = EDGE_CURVE ( 'NONE', #4826, #9743, #7161, .T. ) ;
#6422 = ORIENTED_EDGE ( 'NONE', *, *, #5234, .F. ) ;
#6423 = CARTESIAN_POINT ( 'NONE',  ( -0.9721548664405818000, 31.74802860012429000, -10.02006751392409400 ) ) ;
#6424 = LINE ( 'NONE', #3645, #4316 ) ;
#6425 = VERTEX_POINT ( 'NONE', #8439 ) ;
#6426 = ORIENTED_EDGE ( 'NONE', *, *, #4631, .F. ) ;
#6427 = VERTEX_POINT ( 'NONE', #2984 ) ;
#6428 =( NAMED_UNIT ( * ) PLANE_ANGLE_UNIT ( ) SI_UNIT ( $, .RADIAN. ) );
#6429 = ORIENTED_EDGE ( 'NONE', *, *, #4608, .T. ) ;
#6430 = MECHANICAL_DESIGN_GEOMETRIC_PRESENTATION_REPRESENTATION (  '', ( #5334 ), #6973 ) ;
#6431 = DIRECTION ( 'NONE',  ( 0.0000000000000000000, -1.000000000000000000, 0.0000000000000000000 ) ) ;
#6432 = EDGE_CURVE ( 'NONE', #8733, #1734, #3239, .T. ) ;
#6433 = CIRCLE ( 'NONE', #9852, 6.500000000000000900 ) ;
#6434 =( GEOMETRIC_REPRESENTATION_CONTEXT ( 3 ) GLOBAL_UNCERTAINTY_ASSIGNED_CONTEXT ( ( #955 ) ) GLOBAL_UNIT_ASSIGNED_CONTEXT ( ( #9520, #4782, #221 ) ) REPRESENTATION_CONTEXT ( 'NONE', 'WORKASPACE' ) );
#6435 = LINE ( 'NONE', #8868, #6181 ) ;
#6436 = ORIENTED_EDGE ( 'NONE', *, *, #4476, .F. ) ;
#6437 = FILL_AREA_STYLE ('',( #2520 ) ) ;
#6438 = ADVANCED_FACE ( 'NONE', ( #976 ), #9231, .F. ) ;
#6439 = AXIS2_PLACEMENT_3D ( 'NONE', #9660, #4927, #351 ) ;
#6440 = ORIENTED_EDGE ( 'NONE', *, *, #9485, .T. ) ;
#6441 = PRESENTATION_LAYER_ASSIGNMENT (  '', '', ( #6983 ) ) ;
#6442 = DIRECTION ( 'NONE',  ( -1.000000000000000000, 0.0000000000000000000, 0.0000000000000000000 ) ) ;
#6443 = CARTESIAN_POINT ( 'NONE',  ( -0.07805437054731935400, 31.98344113519979000, -10.16003275680145300 ) ) ;
#6444 = VECTOR ( 'NONE', #2431, 1000.000000000000000 ) ;
#6445 = ORIENTED_EDGE ( 'NONE', *, *, #1140, .F. ) ;
#6446 = ORIENTED_EDGE ( 'NONE', *, *, #6868, .F. ) ;
#6447 = CARTESIAN_POINT ( 'NONE',  ( -3.049999999472504900, 20.96229349947143900, -11.84000000000000200 ) ) ;
#6448 = STYLED_ITEM ( 'NONE', ( #8637 ), #5191 ) ;
#6449 = SURFACE_STYLE_USAGE ( .BOTH. , #6476 ) ;
#6450 = VECTOR ( 'NONE', #10057, 1000.000000000000000 ) ;
#6451 = CARTESIAN_POINT ( 'NONE',  ( -5.429868050932696200, 27.90250673176140600, -9.865078408521688000 ) ) ;
#6452 = CARTESIAN_POINT ( 'NONE',  ( -0.5852417785467346500, 31.84445784440587000, -10.02002964988258200 ) ) ;
#6453 = DIRECTION ( 'NONE',  ( 0.0000000000000000000, 0.0000000000000000000, -1.000000000000000000 ) ) ;
#6454 = PRESENTATION_STYLE_ASSIGNMENT (( #9229 ) ) ;
#6455 = PRESENTATION_STYLE_ASSIGNMENT (( #1729 ) ) ;
#6456 =( NAMED_UNIT ( * ) SI_UNIT ( $, .STERADIAN. ) SOLID_ANGLE_UNIT ( ) );
#6457 = CARTESIAN_POINT ( 'NONE',  ( 0.5500000005274954300, 21.96229349947143600, -12.54000000000000300 ) ) ;
#6458 = FACE_OUTER_BOUND ( 'NONE', #5356, .T. ) ;
#6459 = CARTESIAN_POINT ( 'NONE',  ( 2.983604987828357000, 31.79147949197160700, -10.06500000000000100 ) ) ;
#6460 = LINE ( 'NONE', #8257, #317 ) ;
#6461 = ORIENTED_EDGE ( 'NONE', *, *, #7350, .F. ) ;
#6462 = CARTESIAN_POINT ( 'NONE',  ( 6.602453769200100600, 25.61229338220534800, -12.44000000000000100 ) ) ;
#6463 = COLOUR_RGB ( '',1.000000000000000000, 1.000000000000000000, 1.000000000000000000 ) ;
#6464 = ORIENTED_EDGE ( 'NONE', *, *, #5754, .F. ) ;
#6465 = FILL_AREA_STYLE_COLOUR ( '', #3105 ) ;
#6466 = STYLED_ITEM ( 'NONE', ( #7724 ), #7810 ) ;
#6467 = CARTESIAN_POINT ( 'NONE',  ( 5.870809653799518900, 27.61762785706060800, -12.49000000000000200 ) ) ;
#6468 = CARTESIAN_POINT ( 'NONE',  ( -4.852453961876661600, 25.86229349947144100, -12.54000000000000300 ) ) ;
#6469 = FACE_OUTER_BOUND ( 'NONE', #3273, .T. ) ;
#6470 = EDGE_CURVE ( 'NONE', #5264, #3404, #2272, .T. ) ;
#6471 = VECTOR ( 'NONE', #3782, 1000.000000000000000 ) ;
#6472 = EDGE_CURVE ( 'NONE', #1319, #6427, #8241, .T. ) ;
#6473 = CARTESIAN_POINT ( 'NONE',  ( -1.448711314114572200, 31.59773126908602900, -10.02002964988258800 ) ) ;
#6474 = MECHANICAL_DESIGN_GEOMETRIC_PRESENTATION_REPRESENTATION (  '', ( #4888 ), #7029 ) ;
#6475 = DIRECTION ( 'NONE',  ( 0.0000000000000000000, 0.0000000000000000000, -1.000000000000000000 ) ) ;
#6476 = SURFACE_SIDE_STYLE ('',( #6946 ) ) ;
#6477 = EDGE_LOOP ( 'NONE', ( #4187, #3714, #5477, #5551 ) ) ;
#6478 = ORIENTED_EDGE ( 'NONE', *, *, #9817, .F. ) ;
#6479 = ADVANCED_FACE ( 'NONE', ( #255 ), #8509, .F. ) ;
#6480 = DIRECTION ( 'NONE',  ( 0.0000000000000000000, 0.0000000000000000000, 1.000000000000000000 ) ) ;
#6481 = DIRECTION ( 'NONE',  ( 0.0000000000000000000, -0.0000000000000000000, 1.000000000000000000 ) ) ;
#6482 = EDGE_CURVE ( 'NONE', #2449, #1198, #9352, .T. ) ;
#6483 = CARTESIAN_POINT ( 'NONE',  ( 1.300000000524379700, 26.86229349947144100, -13.14000000000000200 ) ) ;
#6484 = FACE_OUTER_BOUND ( 'NONE', #2389, .T. ) ;
#6485 = EDGE_CURVE ( 'NONE', #8575, #7824, #1286, .T. ) ;
#6486 = DIRECTION ( 'NONE',  ( -1.000000000000000000, 0.0000000000000000000, 0.0000000000000000000 ) ) ;
#6487 =( GEOMETRIC_REPRESENTATION_CONTEXT ( 3 ) GLOBAL_UNCERTAINTY_ASSIGNED_CONTEXT ( ( #5725 ) ) GLOBAL_UNIT_ASSIGNED_CONTEXT ( ( #4882, #315, #5661 ) ) REPRESENTATION_CONTEXT ( 'NONE', 'WORKASPACE' ) );
#6488 = AXIS2_PLACEMENT_3D ( 'NONE', #2068, #7503, #2849 ) ;
#6489 = UNCERTAINTY_MEASURE_WITH_UNIT (LENGTH_MEASURE( 1.000000000000000100E-005 ), #8308, 'distance_accuracy_value', 'NONE');
#6490 = CARTESIAN_POINT ( 'NONE',  ( 6.702453769200101200, 26.46229349947144300, -11.84000000000000200 ) ) ;
#6491 = CARTESIAN_POINT ( 'NONE',  ( 3.507553023076334800, 31.43028067073286300, -9.882553629664089500 ) ) ;
#6492 = ORIENTED_EDGE ( 'NONE', *, *, #1354, .F. ) ;
#6493 = UNCERTAINTY_MEASURE_WITH_UNIT (LENGTH_MEASURE( 1.000000000000000100E-005 ), #9508, 'distance_accuracy_value', 'NONE');
#6494 =( NAMED_UNIT ( * ) PLANE_ANGLE_UNIT ( ) SI_UNIT ( $, .RADIAN. ) );
#6495 = VECTOR ( 'NONE', #1068, 1000.000000000000100 ) ;
#6496 = VERTEX_POINT ( 'NONE', #4601 ) ;
#6497 = EDGE_CURVE ( 'NONE', #2052, #9423, #5357, .T. ) ;
#6498 = CARTESIAN_POINT ( 'NONE',  ( -2.439197809894509700, 30.99706634718819500, -12.15689802343872600 ) ) ;
#6499 = CYLINDRICAL_SURFACE ( 'NONE', #1646, 0.1999999999999996500 ) ;
#6500 = ORIENTED_EDGE ( 'NONE', *, *, #3027, .F. ) ;
#6501 =( NAMED_UNIT ( * ) SI_UNIT ( $, .STERADIAN. ) SOLID_ANGLE_UNIT ( ) );
#6502 = LINE ( 'NONE', #534, #3694 ) ;
#6503 = DIRECTION ( 'NONE',  ( 1.000000000000000000, 0.0000000000000000000, 0.0000000000000000000 ) ) ;
#6504 = PRESENTATION_LAYER_ASSIGNMENT (  '', '', ( #5950 ) ) ;
#6505 = VECTOR ( 'NONE', #1557, 1000.000000000000000 ) ;
#6506 = FACE_OUTER_BOUND ( 'NONE', #6011, .T. ) ;
#6507 = ORIENTED_EDGE ( 'NONE', *, *, #8264, .T. ) ;
#6508 =( LENGTH_UNIT ( ) NAMED_UNIT ( * ) SI_UNIT ( .MILLI., .METRE. ) );
#6509 = VERTEX_POINT ( 'NONE', #2358 ) ;
#6510 = ORIENTED_EDGE ( 'NONE', *, *, #9654, .F. ) ;
#6511 =( GEOMETRIC_REPRESENTATION_CONTEXT ( 3 ) GLOBAL_UNCERTAINTY_ASSIGNED_CONTEXT ( ( #4660 ) ) GLOBAL_UNIT_ASSIGNED_CONTEXT ( ( #4413, #4349, #3708 ) ) REPRESENTATION_CONTEXT ( 'NONE', 'WORKASPACE' ) );
#6512 =( LENGTH_UNIT ( ) NAMED_UNIT ( * ) SI_UNIT ( .MILLI., .METRE. ) );
#6513 = SURFACE_STYLE_FILL_AREA ( #2120 ) ;
#6514 = DIRECTION ( 'NONE',  ( -1.000000000000000000, 0.0000000000000000000, 0.0000000000000000000 ) ) ;
#6515 = VECTOR ( 'NONE', #6248, 1000.000000000000000 ) ;
#6516 = CARTESIAN_POINT ( 'NONE',  ( 0.5500000005274954300, 21.96229349947143600, -12.44000000000000100 ) ) ;
#6517 = SURFACE_SIDE_STYLE ('',( #3444 ) ) ;
#6518 = ORIENTED_EDGE ( 'NONE', *, *, #6497, .F. ) ;
#6519 = ORIENTED_EDGE ( 'NONE', *, *, #3578, .T. ) ;
#6520 =( LENGTH_UNIT ( ) NAMED_UNIT ( * ) SI_UNIT ( .MILLI., .METRE. ) );
#6521 = VECTOR ( 'NONE', #5812, 1000.000000000000000 ) ;
#6522 = PLANE ( 'NONE',  #9956 ) ;
#6523 = PRESENTATION_LAYER_ASSIGNMENT (  '', '', ( #7094 ) ) ;
#6524 = LINE ( 'NONE', #23, #612 ) ;
#6525 = EDGE_LOOP ( 'NONE', ( #9490, #7983, #8978, #3997 ) ) ;
#6526 =( NAMED_UNIT ( * ) SI_UNIT ( $, .STERADIAN. ) SOLID_ANGLE_UNIT ( ) );
#6527 = EDGE_CURVE ( 'NONE', #2907, #4253, #7259, .T. ) ;
#6528 = ADVANCED_FACE ( 'NONE', ( #9087 ), #3886, .F. ) ;
#6529 = SURFACE_STYLE_FILL_AREA ( #4624 ) ;
#6530 = ORIENTED_EDGE ( 'NONE', *, *, #8107, .F. ) ;
#6531 = EDGE_CURVE ( 'NONE', #1015, #4, #4167, .T. ) ;
#6532 = AXIS2_PLACEMENT_3D ( 'NONE', #7278, #9613, #8052 ) ;
#6533 = DIRECTION ( 'NONE',  ( -1.000000000000000000, 0.0000000000000000000, 0.0000000000000000000 ) ) ;
#6534 = DIRECTION ( 'NONE',  ( -0.0000000000000000000, 0.0000000000000000000, -1.000000000000000000 ) ) ;
#6535 = LINE ( 'NONE', #513, #2172 ) ;
#6536 = ORIENTED_EDGE ( 'NONE', *, *, #1292, .F. ) ;
#6537 = AXIS2_PLACEMENT_3D ( 'NONE', #7602, #2940, #8388 ) ;
#6538 = ORIENTED_EDGE ( 'NONE', *, *, #2008, .F. ) ;
#6539 = ORIENTED_EDGE ( 'NONE', *, *, #793, .T. ) ;
#6540 = ORIENTED_EDGE ( 'NONE', *, *, #8040, .T. ) ;
#6541 =( NAMED_UNIT ( * ) PLANE_ANGLE_UNIT ( ) SI_UNIT ( $, .RADIAN. ) );
#6542 = EDGE_CURVE ( 'NONE', #7532, #8454, #763, .T. ) ;
#6543 = ORIENTED_EDGE ( 'NONE', *, *, #8224, .T. ) ;
#6544 = VECTOR ( 'NONE', #8273, 1000.000000000000000 ) ;
#6545 = VERTEX_POINT ( 'NONE', #2422 ) ;
#6546 = STYLED_ITEM ( 'NONE', ( #3471 ), #1077 ) ;
#6547 = ORIENTED_EDGE ( 'NONE', *, *, #160, .F. ) ;
#6548 = CARTESIAN_POINT ( 'NONE',  ( 5.770493548543621300, 30.25839739928240800, -10.01850469219371200 ) ) ;
#6549 = AXIS2_PLACEMENT_3D ( 'NONE', #9850, #5094, #533 ) ;
#6550 = VERTEX_POINT ( 'NONE', #3192 ) ;
#6551 = ORIENTED_EDGE ( 'NONE', *, *, #235, .F. ) ;
#6552 = CARTESIAN_POINT ( 'NONE',  ( -0.1000046220342811800, 32.28331705277450000, -11.76500000000000100 ) ) ;
#6553 = FILL_AREA_STYLE_COLOUR ( '', #2506 ) ;
#6554 = VERTEX_POINT ( 'NONE', #8619 ) ;
#6555 = FILL_AREA_STYLE_COLOUR ( '', #2224 ) ;
#6556 = PRESENTATION_LAYER_ASSIGNMENT (  '', '', ( #7130 ) ) ;
#6557 = ORIENTED_EDGE ( 'NONE', *, *, #1411, .T. ) ;
#6558 = SURFACE_STYLE_USAGE ( .BOTH. , #387 ) ;
#6559 =( NAMED_UNIT ( * ) SI_UNIT ( $, .STERADIAN. ) SOLID_ANGLE_UNIT ( ) );
#6560 = FILL_AREA_STYLE_COLOUR ( '', #2387 ) ;
#6561 = CARTESIAN_POINT ( 'NONE',  ( 1.899995377965719000, 32.10809768706595700, -11.76500000000000100 ) ) ;
#6562 = ORIENTED_EDGE ( 'NONE', *, *, #5113, .F. ) ;
#6563 =( GEOMETRIC_REPRESENTATION_CONTEXT ( 3 ) GLOBAL_UNCERTAINTY_ASSIGNED_CONTEXT ( ( #2467 ) ) GLOBAL_UNIT_ASSIGNED_CONTEXT ( ( #5405, #849, #6217 ) ) REPRESENTATION_CONTEXT ( 'NONE', 'WORKASPACE' ) );
#6564 = CIRCLE ( 'NONE', #7195, 0.3000000000000007700 ) ;
#6565 =( NAMED_UNIT ( * ) SI_UNIT ( $, .STERADIAN. ) SOLID_ANGLE_UNIT ( ) );
#6566 = LINE ( 'NONE', #6652, #6159 ) ;
#6567 = AXIS2_PLACEMENT_3D ( 'NONE', #525, #5956, #7465 ) ;
#6568 = FACE_OUTER_BOUND ( 'NONE', #7933, .T. ) ;
#6569 = DIRECTION ( 'NONE',  ( 6.308079902256243700E-015, -1.000000000000000000, -0.0000000000000000000 ) ) ;
#6570 = EDGE_LOOP ( 'NONE', ( #3488, #8892, #8712, #2597, #6114, #6429, #1045, #4495, #9134 ) ) ;
#6571 = STYLED_ITEM ( 'NONE', ( #7760 ), #5437 ) ;
#6572 = DIRECTION ( 'NONE',  ( -1.000000000000000000, 0.0000000000000000000, 0.0000000000000000000 ) ) ;
#6573 = CARTESIAN_POINT ( 'NONE',  ( 1.000000000527495600, 26.86229349947144100, -13.14000000000000200 ) ) ;
#6574 = DIRECTION ( 'NONE',  ( 1.000000000000000000, 0.0000000000000000000, 0.0000000000000000000 ) ) ;
#6575 = ADVANCED_FACE ( 'NONE', ( #6252 ), #7365, .T. ) ;
#6576 = SURFACE_SIDE_STYLE ('',( #5576 ) ) ;
#6577 = SURFACE_SIDE_STYLE ('',( #6371 ) ) ;
#6578 = PRESENTATION_LAYER_ASSIGNMENT (  '', '', ( #5521 ) ) ;
#6579 = EDGE_LOOP ( 'NONE', ( #5862, #5922, #5967, #5992 ) ) ;
#6580 = LINE ( 'NONE', #7781, #4464 ) ;
#6581 = FILL_AREA_STYLE_COLOUR ( '', #7451 ) ;
#6582 = ORIENTED_EDGE ( 'NONE', *, *, #5383, .F. ) ;
#6583 = CARTESIAN_POINT ( 'NONE',  ( -0.04999999947250455300, 21.96229349947143900, -12.44000000000000100 ) ) ;
#6584 = FACE_OUTER_BOUND ( 'NONE', #1096, .T. ) ;
#6585 = DIRECTION ( 'NONE',  ( 1.000000000000000000, 0.0000000000000000000, 0.0000000000000000000 ) ) ;
#6586 = FILL_AREA_STYLE ('',( #7359 ) ) ;
#6587 = FILL_AREA_STYLE ('',( #4223 ) ) ;
#6588 = CARTESIAN_POINT ( 'NONE',  ( 5.050000000527496100, 20.96229349947143900, -11.99000000000000200 ) ) ;
#6589 = ORIENTED_EDGE ( 'NONE', *, *, #2842, .F. ) ;
#6590 = PRESENTATION_LAYER_ASSIGNMENT (  '', '', ( #5533 ) ) ;
#6591 = LINE ( 'NONE', #2927, #4475 ) ;
#6592 = CARTESIAN_POINT ( 'NONE',  ( 1.000000000527495600, 22.86229349947144100, -12.49000000000000200 ) ) ;
#6593 = EDGE_CURVE ( 'NONE', #5867, #7529, #1400, .T. ) ;
#6594 = CARTESIAN_POINT ( 'NONE',  ( 0.9999953779657178000, 24.66229349947143800, -12.26500000000000200 ) ) ;
#6595 = ORIENTED_EDGE ( 'NONE', *, *, #2396, .F. ) ;
#6596 =( GEOMETRIC_REPRESENTATION_CONTEXT ( 3 ) GLOBAL_UNCERTAINTY_ASSIGNED_CONTEXT ( ( #8781 ) ) GLOBAL_UNIT_ASSIGNED_CONTEXT ( ( #9093, #8517, #8478 ) ) REPRESENTATION_CONTEXT ( 'NONE', 'WORKASPACE' ) );
#6597 = ORIENTED_EDGE ( 'NONE', *, *, #1987, .T. ) ;
#6598 = FACE_OUTER_BOUND ( 'NONE', #2031, .T. ) ;
#6599 = DIRECTION ( 'NONE',  ( 1.000000000000000000, 0.0000000000000000000, 0.0000000000000000000 ) ) ;
#6600 = LINE ( 'NONE', #8162, #4261 ) ;
#6601 = COLOUR_RGB ( '',1.000000000000000000, 0.0000000000000000000, 1.000000000000000000 ) ;
#6602 = DIRECTION ( 'NONE',  ( 0.0000000000000000000, 0.0000000000000000000, 1.000000000000000000 ) ) ;
#6603 = CARTESIAN_POINT ( 'NONE',  ( 0.9999953779657178000, 24.66229349947143800, -11.96500000000000200 ) ) ;
#6604 = UNCERTAINTY_MEASURE_WITH_UNIT (LENGTH_MEASURE( 1.000000000000000100E-005 ), #1509, 'distance_accuracy_value', 'NONE');
#6605 = VERTEX_POINT ( 'NONE', #9489 ) ;
#6606 =( NAMED_UNIT ( * ) PLANE_ANGLE_UNIT ( ) SI_UNIT ( $, .RADIAN. ) );
#6607 = PRESENTATION_LAYER_ASSIGNMENT (  '', '', ( #6077 ) ) ;
#6608 = LINE ( 'NONE', #4661, #8475 ) ;
#6609 = EDGE_CURVE ( 'NONE', #8792, #7947, #5218, .T. ) ;
#6610 =( NAMED_UNIT ( * ) SI_UNIT ( $, .STERADIAN. ) SOLID_ANGLE_UNIT ( ) );
#6611 = LINE ( 'NONE', #3985, #709 ) ;
#6612 = DIRECTION ( 'NONE',  ( 0.0000000000000000000, -0.0000000000000000000, 1.000000000000000000 ) ) ;
#6613 = AXIS2_PLACEMENT_3D ( 'NONE', #7193, #8752, #4816 ) ;
#6614 = ORIENTED_EDGE ( 'NONE', *, *, #4090, .T. ) ;
#6615 = AXIS2_PLACEMENT_3D ( 'NONE', #5537, #972, #6346 ) ;
#6616 = CARTESIAN_POINT ( 'NONE',  ( -4.714015584686597600, 29.36442904820769000, -10.06500000000000300 ) ) ;
#6617 = B_SPLINE_CURVE_WITH_KNOTS ( 'NONE', 3,
 ( #3778, #5329, #7758, #3088, #8548, #3850, #9337, #4596, #43, #5362, #810, #6186, #1565, #7004 ),
 .UNSPECIFIED., .F., .F.,
 ( 4, 2, 2, 2, 2, 2, 4 ),
 ( 8.673617379884035500E-019, 0.0001879583276142538700, 0.0002819374914213788000, 0.0003759166552285037300, 0.0004698958190356286100, 0.0005638749828427534900, 0.0007518333104570054100 ),
 .UNSPECIFIED. ) ;
#6618 = ORIENTED_EDGE ( 'NONE', *, *, #617, .F. ) ;
#6619 = MECHANICAL_DESIGN_GEOMETRIC_PRESENTATION_REPRESENTATION (  '', ( #5564 ), #7202 ) ;
#6620 = VERTEX_POINT ( 'NONE', #4756 ) ;
#6621 = STYLED_ITEM ( 'NONE', ( #1916 ), #4001 ) ;
#6622 = SURFACE_STYLE_USAGE ( .BOTH. , #1208 ) ;
#6623 = CARTESIAN_POINT ( 'NONE',  ( -0.5389322055990147800, 30.26166322722149000, -12.26500000000000200 ) ) ;
#6624 = CARTESIAN_POINT ( 'NONE',  ( -2.513759998929610000, 28.36077100000000000, -12.49000000000000200 ) ) ;
#6625 = LINE ( 'NONE', #145, #8484 ) ;
#6626 = LINE ( 'NONE', #6107, #8742 ) ;
#6627 = LINE ( 'NONE', #6876, #2528 ) ;
#6628 = ADVANCED_FACE ( 'NONE', ( #3230 ), #8470, .T. ) ;
#6629 = VERTEX_POINT ( 'NONE', #6368 ) ;
#6630 = VECTOR ( 'NONE', #270, 1000.000000000000000 ) ;
#6631 = VERTEX_POINT ( 'NONE', #1755 ) ;
#6632 = CARTESIAN_POINT ( 'NONE',  ( 0.9999953779657178000, 24.66229349947143800, -11.96500000000000200 ) ) ;
#6633 = FACE_OUTER_BOUND ( 'NONE', #3474, .T. ) ;
#6634 = DIRECTION ( 'NONE',  ( 0.0000000000000000000, -0.0000000000000000000, 1.000000000000000000 ) ) ;
#6635 = EDGE_LOOP ( 'NONE', ( #9655, #781, #3276, #2336 ) ) ;
#6636 = AXIS2_PLACEMENT_3D ( 'NONE', #3076, #3874, #2375 ) ;
#6637 = SURFACE_SIDE_STYLE ('',( #7484 ) ) ;
#6638 = FILL_AREA_STYLE_COLOUR ( '', #5421 ) ;
#6639 = SURFACE_STYLE_FILL_AREA ( #7749 ) ;
#6640 = VECTOR ( 'NONE', #4778, 1000.000000000000000 ) ;
#6641 = CARTESIAN_POINT ( 'NONE',  ( 0.09999537796571880700, 32.10809768706595700, -10.26500000000000200 ) ) ;
#6642 = ORIENTED_EDGE ( 'NONE', *, *, #9899, .T. ) ;
#6643 = DIRECTION ( 'NONE',  ( 0.0000000000000000000, 1.000000000000000000, 0.0000000000000000000 ) ) ;
#6644 = SURFACE_STYLE_FILL_AREA ( #4804 ) ;
#6645 = DIRECTION ( 'NONE',  ( -0.9062988080971907700, 0.4226375166044908400, 0.0000000000000000000 ) ) ;
#6646 =( NAMED_UNIT ( * ) PLANE_ANGLE_UNIT ( ) SI_UNIT ( $, .RADIAN. ) );
#6647 =( NAMED_UNIT ( * ) SI_UNIT ( $, .STERADIAN. ) SOLID_ANGLE_UNIT ( ) );
#6648 = CIRCLE ( 'NONE', #6615, 5.899999122561760100 ) ;
#6649 = DIRECTION ( 'NONE',  ( -1.916002574614195600E-006, 0.9999999999981643600, 0.0000000000000000000 ) ) ;
#6650 = EDGE_CURVE ( 'NONE', #8477, #1656, #5494, .T. ) ;
#6651 = FILL_AREA_STYLE ('',( #7031 ) ) ;
#6652 = CARTESIAN_POINT ( 'NONE',  ( -4.602453961876662400, 25.86229349947144100, -12.49000000000000200 ) ) ;
#6653 = DIRECTION ( 'NONE',  ( 0.0000000000000000000, -1.000000000000000000, 0.0000000000000000000 ) ) ;
#6654 = ORIENTED_EDGE ( 'NONE', *, *, #9114, .T. ) ;
#6655 = MECHANICAL_DESIGN_GEOMETRIC_PRESENTATION_REPRESENTATION (  '', ( #5050 ), #7227 ) ;
#6656 = VERTEX_POINT ( 'NONE', #7996 ) ;
#6657 = FILL_AREA_STYLE ('',( #5846 ) ) ;
#6658 = CARTESIAN_POINT ( 'NONE',  ( 5.951561865021289100, 30.16156520800413400, -9.765000000000000600 ) ) ;
#6659 = SURFACE_STYLE_FILL_AREA ( #2085 ) ;
#6660 = LINE ( 'NONE', #2214, #7406 ) ;
#6661 = EDGE_CURVE ( 'NONE', #7207, #7385, #10059, .T. ) ;
#6662 = ORIENTED_EDGE ( 'NONE', *, *, #1888, .T. ) ;
#6663 = EDGE_CURVE ( 'NONE', #1876, #6241, #4493, .T. ) ;
#6664 = ORIENTED_EDGE ( 'NONE', *, *, #7825, .F. ) ;
#6665 = VERTEX_POINT ( 'NONE', #2555 ) ;
#6666 = PRESENTATION_LAYER_ASSIGNMENT (  '', '', ( #5604 ) ) ;
#6667 = CARTESIAN_POINT ( 'NONE',  ( 0.09999537796571880700, 32.10809768706595700, -10.06500000000000100 ) ) ;
#6668 = ORIENTED_EDGE ( 'NONE', *, *, #2930, .T. ) ;
#6669 = CARTESIAN_POINT ( 'NONE',  ( -3.044739489635721200, 29.75052697001985200, -12.26500000000000200 ) ) ;
#6670 = CYLINDRICAL_SURFACE ( 'NONE', #818, 0.1999999999999996500 ) ;
#6671 =( LENGTH_UNIT ( ) NAMED_UNIT ( * ) SI_UNIT ( .MILLI., .METRE. ) );
#6672 = UNCERTAINTY_MEASURE_WITH_UNIT (LENGTH_MEASURE( 1.000000000000000100E-005 ), #2232, 'distance_accuracy_value', 'NONE');
#6673 = ORIENTED_EDGE ( 'NONE', *, *, #2395, .F. ) ;
#6674 = CARTESIAN_POINT ( 'NONE',  ( 0.9999953779657178000, 24.66229349947143800, -12.26500000000000200 ) ) ;
#6675 = VECTOR ( 'NONE', #1137, 1000.000000000000000 ) ;
#6676 = ORIENTED_EDGE ( 'NONE', *, *, #1473, .F. ) ;
#6677 = UNCERTAINTY_MEASURE_WITH_UNIT (LENGTH_MEASURE( 1.000000000000000100E-005 ), #9858, 'distance_accuracy_value', 'NONE');
#6678 = FILL_AREA_STYLE ('',( #9609 ) ) ;
#6679 = EDGE_CURVE ( 'NONE', #9634, #1299, #4263, .T. ) ;
#6680 = EDGE_CURVE ( 'NONE', #6297, #7830, #456, .T. ) ;
#6681 = STYLED_ITEM ( 'NONE', ( #2645 ), #1390 ) ;
#6682 = ADVANCED_FACE ( 'NONE', ( #2256, #8236, #4065, #2010, #10058, #8015, #5849 ), #5628, .F. ) ;
#6683 = DIRECTION ( 'NONE',  ( -1.000000000000000000, 0.0000000000000000000, 0.0000000000000000000 ) ) ;
#6684 =( GEOMETRIC_REPRESENTATION_CONTEXT ( 3 ) GLOBAL_UNCERTAINTY_ASSIGNED_CONTEXT ( ( #2038 ) ) GLOBAL_UNIT_ASSIGNED_CONTEXT ( ( #6508, #1887, #7322 ) ) REPRESENTATION_CONTEXT ( 'NONE', 'WORKASPACE' ) );
#6685 = CARTESIAN_POINT ( 'NONE',  ( -5.020813648329570900, 28.96460202732961200, -11.96500000000000000 ) ) ;
#6686 = SURFACE_SIDE_STYLE ('',( #569 ) ) ;
#6687 = VECTOR ( 'NONE', #7826, 1000.000000000000000 ) ;
#6688 =( NAMED_UNIT ( * ) PLANE_ANGLE_UNIT ( ) SI_UNIT ( $, .RADIAN. ) );
#6689 =( GEOMETRIC_REPRESENTATION_CONTEXT ( 3 ) GLOBAL_UNCERTAINTY_ASSIGNED_CONTEXT ( ( #6176 ) ) GLOBAL_UNIT_ASSIGNED_CONTEXT ( ( #5805, #1204, #6610 ) ) REPRESENTATION_CONTEXT ( 'NONE', 'WORKASPACE' ) );
#6690 = CARTESIAN_POINT ( 'NONE',  ( -2.562595966618931100, 29.82897070575523900, -12.26500000000000200 ) ) ;
#6691 = UNCERTAINTY_MEASURE_WITH_UNIT (LENGTH_MEASURE( 1.000000000000000100E-005 ), #5064, 'distance_accuracy_value', 'NONE');
#6692 = DIRECTION ( 'NONE',  ( -0.0000000000000000000, -0.0000000000000000000, 1.000000000000000000 ) ) ;
#6693 = EDGE_CURVE ( 'NONE', #416, #3852, #1070, .T. ) ;
#6694 = CARTESIAN_POINT ( 'NONE',  ( -5.244470385377654900, 28.63301727863720500, -11.01500000000000200 ) ) ;
#6695 = B_SPLINE_CURVE_WITH_KNOTS ( 'NONE', 3,
 ( #2751, #2787, #2723, #2693, #2659, #2631 ),
 .UNSPECIFIED., .F., .F.,
 ( 4, 2, 4 ),
 ( 4.336808689942017700E-019, 0.0001569198704189347000, 0.0003138397408378689700 ),
 .UNSPECIFIED. ) ;
#6696 =( NAMED_UNIT ( * ) PLANE_ANGLE_UNIT ( ) SI_UNIT ( $, .RADIAN. ) );
#6697 = PLANE ( 'NONE',  #3937 ) ;
#6698 = CARTESIAN_POINT ( 'NONE',  ( 2.950000000527496400, 21.96229349947142100, -12.54000000000000300 ) ) ;
#6699 = LINE ( 'NONE', #8778, #2587 ) ;
#6700 = ORIENTED_EDGE ( 'NONE', *, *, #6733, .T. ) ;
#6701 = DIRECTION ( 'NONE',  ( 0.0000000000000000000, 0.0000000000000000000, -1.000000000000000000 ) ) ;
#6702 = SURFACE_STYLE_USAGE ( .BOTH. , #1279 ) ;
#6703 = ORIENTED_EDGE ( 'NONE', *, *, #4409, .T. ) ;
#6704 = STYLED_ITEM ( 'NONE', ( #3442 ), #3380 ) ;
#6706 = DIRECTION ( 'NONE',  ( 0.0000000000000000000, 0.0000000000000000000, -1.000000000000000000 ) ) ;
#6705 = CARTESIAN_POINT ( 'NONE',  ( 2.590217405403266500, 31.84248187391380800, -10.01917644532853100 ) ) ;
#6707 = LINE ( 'NONE', #5133, #541 ) ;
#6708 = LINE ( 'NONE', #1248, #805 ) ;
#6709 = ORIENTED_EDGE ( 'NONE', *, *, #749, .F. ) ;
#6710 = PRESENTATION_STYLE_ASSIGNMENT (( #2118 ) ) ;
#6711 = VECTOR ( 'NONE', #8678, 1000.000000000000000 ) ;
#6712 = DIRECTION ( 'NONE',  ( 0.0000000000000000000, 1.000000000000000000, 0.0000000000000000000 ) ) ;
#6713 = CIRCLE ( 'NONE', #5558, 7.399999999999999500 ) ;
#6714 = LINE ( 'NONE', #4448, #555 ) ;
#6715 = VERTEX_POINT ( 'NONE', #5657 ) ;
#6716 = SURFACE_STYLE_USAGE ( .BOTH. , #1295 ) ;
#6717 =( LENGTH_UNIT ( ) NAMED_UNIT ( * ) SI_UNIT ( .MILLI., .METRE. ) );
#6718 = CARTESIAN_POINT ( 'NONE',  ( -1.549999999472504700, 20.96229349947143900, -11.84000000000000200 ) ) ;
#6719 =( LENGTH_UNIT ( ) NAMED_UNIT ( * ) SI_UNIT ( .MILLI., .METRE. ) );
#6720 = PRESENTATION_STYLE_ASSIGNMENT (( #9316 ) ) ;
#6721 = FILL_AREA_STYLE_COLOUR ( '', #6022 ) ;
#6722 = SURFACE_STYLE_USAGE ( .BOTH. , #8419 ) ;
#6723 = EDGE_CURVE ( 'NONE', #7304, #2841, #5505, .T. ) ;
#6724 = ORIENTED_EDGE ( 'NONE', *, *, #2070, .F. ) ;
#6725 = ORIENTED_EDGE ( 'NONE', *, *, #9857, .F. ) ;
#6726 = VECTOR ( 'NONE', #8465, 1000.000000000000000 ) ;
#6727 = COLOUR_RGB ( '',1.000000000000000000, 0.0000000000000000000, 1.000000000000000000 ) ;
#6728 = DIRECTION ( 'NONE',  ( 0.0000000000000000000, 0.0000000000000000000, 1.000000000000000000 ) ) ;
#6729 = SURFACE_SIDE_STYLE ('',( #5596 ) ) ;
#6730 = FILL_AREA_STYLE_COLOUR ( '', #8374 ) ;
#6731 = ADVANCED_FACE ( 'NONE', ( #5092 ), #4163, .F. ) ;
#6732 = ORIENTED_EDGE ( 'NONE', *, *, #6470, .F. ) ;
#6733 = EDGE_CURVE ( 'NONE', #9640, #6126, #6238, .T. ) ;
#6734 = PLANE ( 'NONE',  #3134 ) ;
#6735 = CYLINDRICAL_SURFACE ( 'NONE', #3558, 7.400000000000000400 ) ;
#6736 = DIRECTION ( 'NONE',  ( 0.0000000000000000000, 1.000000000000000000, 0.0000000000000000000 ) ) ;
#6737 = CARTESIAN_POINT ( 'NONE',  ( 7.393443656958145200, 28.02182319754644600, -12.14263053503915500 ) ) ;
#6738 = LINE ( 'NONE', #1802, #7476 ) ;
#6739 = SURFACE_STYLE_FILL_AREA ( #5888 ) ;
#6740 = FILL_AREA_STYLE_COLOUR ( '', #8683 ) ;
#6741 = ORIENTED_EDGE ( 'NONE', *, *, #4343, .T. ) ;
#6742 = DIRECTION ( 'NONE',  ( -1.000000000000000000, 0.0000000000000000000, 0.0000000000000000000 ) ) ;
#6743 = PRESENTATION_LAYER_ASSIGNMENT (  '', '', ( #6214 ) ) ;
#6744 = DIRECTION ( 'NONE',  ( 1.916002574614195600E-006, -0.9999999999981645800, -0.0000000000000000000 ) ) ;
#6745 = SURFACE_STYLE_USAGE ( .BOTH. , #1325 ) ;
#6746 = VECTOR ( 'NONE', #8360, 1000.000000000000000 ) ;
#6747 = SURFACE_STYLE_FILL_AREA ( #9370 ) ;
#6748 = LINE ( 'NONE', #9408, #852 ) ;
#6749 = EDGE_LOOP ( 'NONE', ( #5242, #1935, #5768, #7626, #6398 ) ) ;
#6750 = CARTESIAN_POINT ( 'NONE',  ( 6.602453769200100600, 26.71229338220534900, -12.49000000000000200 ) ) ;
#6751 = COLOUR_RGB ( '',0.0000000000000000000, 0.0000000000000000000, 1.000000000000000000 ) ;
#6752 = SURFACE_SIDE_STYLE ('',( #9932 ) ) ;
#6753 = VERTEX_POINT ( 'NONE', #4198 ) ;
#6754 = SURFACE_STYLE_USAGE ( .BOTH. , #7384 ) ;
#6755 = COLOUR_RGB ( '',1.000000000000000000, 0.0000000000000000000, 1.000000000000000000 ) ;
#6756 = ORIENTED_EDGE ( 'NONE', *, *, #1641, .F. ) ;
#6757 = EDGE_CURVE ( 'NONE', #8933, #7437, #8344, .T. ) ;
#6758 = FILL_AREA_STYLE_COLOUR ( '', #1203 ) ;
#6759 = DIRECTION ( 'NONE',  ( 1.000000000000000000, 0.0000000000000000000, 0.0000000000000000000 ) ) ;
#6760 = CARTESIAN_POINT ( 'NONE',  ( -4.852453961876661600, 26.46229349947144300, -11.84000000000000200 ) ) ;
#6761 = FILL_AREA_STYLE_COLOUR ( '', #928 ) ;
#6762 = AXIS2_PLACEMENT_3D ( 'NONE', #9269, #4517, #10049 ) ;
#6763 = VECTOR ( 'NONE', #5442, 1000.000000000000000 ) ;
#6764 = PRESENTATION_LAYER_ASSIGNMENT (  '', '', ( #5140 ) ) ;
#6765 = SURFACE_SIDE_STYLE ('',( #808 ) ) ;
#6766 = DIRECTION ( 'NONE',  ( 0.0000000000000000000, 0.0000000000000000000, -1.000000000000000000 ) ) ;
#6767 = COLOUR_RGB ( '',1.000000000000000000, 0.0000000000000000000, 1.000000000000000000 ) ;
#6768 = PLANE ( 'NONE',  #9510 ) ;
#6769 = ORIENTED_EDGE ( 'NONE', *, *, #3417, .F. ) ;
#6770 =( GEOMETRIC_REPRESENTATION_CONTEXT ( 3 ) GLOBAL_UNCERTAINTY_ASSIGNED_CONTEXT ( ( #8047 ) ) GLOBAL_UNIT_ASSIGNED_CONTEXT ( ( #3539, #6606, #7415 ) ) REPRESENTATION_CONTEXT ( 'NONE', 'WORKASPACE' ) );
#6771 = EDGE_LOOP ( 'NONE', ( #6902, #9559, #488, #9821 ) ) ;
#6772 = LINE ( 'NONE', #6623, #607 ) ;
#6773 = CARTESIAN_POINT ( 'NONE',  ( -1.964612814636709000, 29.61132263784102700, -12.26500000000000200 ) ) ;
#6774 = CARTESIAN_POINT ( 'NONE',  ( 2.950000000527496000, 20.96229349947143900, -11.99000000000000200 ) ) ;
#6775 =( GEOMETRIC_REPRESENTATION_CONTEXT ( 3 ) GLOBAL_UNCERTAINTY_ASSIGNED_CONTEXT ( ( #3085 ) ) GLOBAL_UNIT_ASSIGNED_CONTEXT ( ( #9334, #4591, #37 ) ) REPRESENTATION_CONTEXT ( 'NONE', 'WORKASPACE' ) );
#6776 = VECTOR ( 'NONE', #8927, 1000.000000000000000 ) ;
#6777 =( NAMED_UNIT ( * ) SI_UNIT ( $, .STERADIAN. ) SOLID_ANGLE_UNIT ( ) );
#6778 = ORIENTED_EDGE ( 'NONE', *, *, #4369, .T. ) ;
#6779 = ORIENTED_EDGE ( 'NONE', *, *, #5783, .T. ) ;
#6780 =( LENGTH_UNIT ( ) NAMED_UNIT ( * ) SI_UNIT ( .MILLI., .METRE. ) );
#6781 = ORIENTED_EDGE ( 'NONE', *, *, #7281, .F. ) ;
#6782 = FILL_AREA_STYLE ('',( #1359 ) ) ;
#6783 = CARTESIAN_POINT ( 'NONE',  ( 2.004267010728241400, 31.99392555064675700, -10.08655287594036000 ) ) ;
#6784 = STYLED_ITEM ( 'NONE', ( #9815 ), #6682 ) ;
#6785 = ADVANCED_FACE ( 'NONE', ( #8124 ), #392, .T. ) ;
#6786 = EDGE_LOOP ( 'NONE', ( #2889, #8976, #2652, #743 ) ) ;
#6787 = ORIENTED_EDGE ( 'NONE', *, *, #8659, .T. ) ;
#6788 = ORIENTED_EDGE ( 'NONE', *, *, #7559, .T. ) ;
#6789 = CARTESIAN_POINT ( 'NONE',  ( 0.5000000005306113300, 22.86229349947144100, -12.94000000000000000 ) ) ;
#6790 = ORIENTED_EDGE ( 'NONE', *, *, #401, .T. ) ;
#6791 = FACE_OUTER_BOUND ( 'NONE', #3726, .T. ) ;
#6792 = CARTESIAN_POINT ( 'NONE',  ( 1.000000000527495600, 22.86229349947144100, -13.14000000000000200 ) ) ;
#6793 = FACE_OUTER_BOUND ( 'NONE', #8413, .T. ) ;
#6794 = CARTESIAN_POINT ( 'NONE',  ( -2.649398738472236800, 31.09983360287336400, -11.01500000000000200 ) ) ;
#6795 = ORIENTED_EDGE ( 'NONE', *, *, #4884, .T. ) ;
#6796 = SURFACE_STYLE_USAGE ( .BOTH. , #1368 ) ;
#6797 = FILL_AREA_STYLE_COLOUR ( '', #203 ) ;
#6798 = LINE ( 'NONE', #3520, #4711 ) ;
#6799 = AXIS2_PLACEMENT_3D ( 'NONE', #9608, #4876, #309 ) ;
#6800 = EDGE_LOOP ( 'NONE', ( #8866, #9014, #1657, #1301 ) ) ;
#6801 = FILL_AREA_STYLE_COLOUR ( '', #9012 ) ;
#6802 = CARTESIAN_POINT ( 'NONE',  ( 8.229240949080049100, 25.94817758042290700, -10.00768162514820500 ) ) ;
#6803 =( LENGTH_UNIT ( ) NAMED_UNIT ( * ) SI_UNIT ( .MILLI., .METRE. ) );
#6804 = UNCERTAINTY_MEASURE_WITH_UNIT (LENGTH_MEASURE( 1.000000000000000100E-005 ), #5758, 'distance_accuracy_value', 'NONE');
#6805 = VERTEX_POINT ( 'NONE', #5782 ) ;
#6806 = EDGE_CURVE ( 'NONE', #6631, #9233, #1389, .T. ) ;
#6807 = VECTOR ( 'NONE', #5523, 1000.000000000000000 ) ;
#6808 = MECHANICAL_DESIGN_GEOMETRIC_PRESENTATION_REPRESENTATION (  '', ( #4702 ), #7343 ) ;
#6809 = DIRECTION ( 'NONE',  ( 0.0000000000000000000, 0.0000000000000000000, -1.000000000000000000 ) ) ;
#6810 = DIRECTION ( 'NONE',  ( 3.336006684570785100E-016, 1.000000000000000000, 0.0000000000000000000 ) ) ;
#6811 = DIRECTION ( 'NONE',  ( 0.0000000000000000000, 0.0000000000000000000, -1.000000000000000000 ) ) ;
#6812 = ORIENTED_EDGE ( 'NONE', *, *, #7609, .T. ) ;
#6813 = UNCERTAINTY_MEASURE_WITH_UNIT (LENGTH_MEASURE( 1.000000000000000100E-005 ), #5721, 'distance_accuracy_value', 'NONE');
#6814 = CARTESIAN_POINT ( 'NONE',  ( 2.590217405399972300, 31.80151212080146900, -9.979175971149830500 ) ) ;
#6815 = CARTESIAN_POINT ( 'NONE',  ( 6.596931181120492500, 29.31480089098938500, -9.943138110808984500 ) ) ;
#6816 = VECTOR ( 'NONE', #3979, 1000.000000000000000 ) ;
#6817 = CARTESIAN_POINT ( 'NONE',  ( 3.823147238480201400, 31.46029499931306400, -12.00408901423895700 ) ) ;
#6818 =( LENGTH_UNIT ( ) NAMED_UNIT ( * ) SI_UNIT ( .MILLI., .METRE. ) );
#6819 = VECTOR ( 'NONE', #10043, 1000.000000000000000 ) ;
#6820 = VECTOR ( 'NONE', #1268, 1000.000000000000000 ) ;
#6821 = EDGE_CURVE ( 'NONE', #84, #3113, #7351, .T. ) ;
#6822 = EDGE_CURVE ( 'NONE', #7118, #3827, #1168, .T. ) ;
#6823 = AXIS2_PLACEMENT_3D ( 'NONE', #2205, #7651, #2983 ) ;
#6824 = PRESENTATION_LAYER_ASSIGNMENT (  '', '', ( #6294 ) ) ;
#6825 = CIRCLE ( 'NONE', #4630, 7.400000000000000400 ) ;
#6826 = EDGE_LOOP ( 'NONE', ( #3126, #3602, #8625, #6347 ) ) ;
#6827 = STYLED_ITEM ( 'NONE', ( #9507 ), #6047 ) ;
#6828 = CARTESIAN_POINT ( 'NONE',  ( 1.500000000524379900, 22.86229349947144100, -12.49000000000000200 ) ) ;
#6829 = CIRCLE ( 'NONE', #3613, 0.4999977408371159000 ) ;
#6830 = CARTESIAN_POINT ( 'NONE',  ( 0.9999953779657178000, 24.66229349947143800, -11.76500000000000100 ) ) ;
#6831 = EDGE_CURVE ( 'NONE', #9268, #6620, #9200, .T. ) ;
#6832 =( LENGTH_UNIT ( ) NAMED_UNIT ( * ) SI_UNIT ( .MILLI., .METRE. ) );
#6833 = B_SPLINE_CURVE_WITH_KNOTS ( 'NONE', 3,
 ( #4838, #9564, #1041, #6418, #1798, #7240, #2573, #8038 ),
 .UNSPECIFIED., .F., .F.,
 ( 4, 2, 2, 4 ),
 ( 2.004589641812277100E-007, 0.0001088613189109647100, 0.0002175221788577481900, 0.0004348438987513184500 ),
 .UNSPECIFIED. ) ;
#6834 = CARTESIAN_POINT ( 'NONE',  ( 2.099995377965719000, 32.28331705277450000, -11.76500000000000100 ) ) ;
#6835 = SURFACE_SIDE_STYLE ('',( #2102 ) ) ;
#6836 = DIRECTION ( 'NONE',  ( -1.000000000000000000, 0.0000000000000000000, 0.0000000000000000000 ) ) ;
#6837 = ORIENTED_EDGE ( 'NONE', *, *, #4424, .F. ) ;
#6838 = FILL_AREA_STYLE ('',( #1407 ) ) ;
#6839 = LINE ( 'NONE', #8080, #4753 ) ;
#6840 =( GEOMETRIC_REPRESENTATION_CONTEXT ( 3 ) GLOBAL_UNCERTAINTY_ASSIGNED_CONTEXT ( ( #1006 ) ) GLOBAL_UNIT_ASSIGNED_CONTEXT ( ( #155, #5486, #929 ) ) REPRESENTATION_CONTEXT ( 'NONE', 'WORKASPACE' ) );
#6841 = CARTESIAN_POINT ( 'NONE',  ( -4.900005943002420300, 21.16229299947141800, -12.49000000000000200 ) ) ;
#6842 = CIRCLE ( 'NONE', #1661, 0.3000000000000007700 ) ;
#6843 = VERTEX_POINT ( 'NONE', #454 ) ;
#6844 = ADVANCED_FACE ( 'NONE', ( #8960 ), #2126, .T. ) ;
#6845 =( NAMED_UNIT ( * ) PLANE_ANGLE_UNIT ( ) SI_UNIT ( $, .RADIAN. ) );
#6846 =( NAMED_UNIT ( * ) PLANE_ANGLE_UNIT ( ) SI_UNIT ( $, .RADIAN. ) );
#6847 = LINE ( 'NONE', #1209, #948 ) ;
#6848 = VECTOR ( 'NONE', #5328, 1000.000000000000000 ) ;
#6849 = SURFACE_STYLE_USAGE ( .BOTH. , #1417 ) ;
#6850 = PRESENTATION_LAYER_ASSIGNMENT (  '', '', ( #5764 ) ) ;
#6851 = CARTESIAN_POINT ( 'NONE',  ( 2.790217405403266700, 31.84248187391380800, -9.765000000000000600 ) ) ;
#6852 = CARTESIAN_POINT ( 'NONE',  ( 2.716812604790195300, 31.65433676129920900, -12.16531936452167400 ) ) ;
#6853 = ORIENTED_EDGE ( 'NONE', *, *, #8822, .F. ) ;
#6854 = VECTOR ( 'NONE', #2313, 1000.000000000000000 ) ;
#6855 =( NAMED_UNIT ( * ) PLANE_ANGLE_UNIT ( ) SI_UNIT ( $, .RADIAN. ) );
#6856 = LINE ( 'NONE', #1363, #8716 ) ;
#6857 = DIRECTION ( 'NONE',  ( 1.000000000000000000, 0.0000000000000000000, 0.0000000000000000000 ) ) ;
#6858 = PRESENTATION_STYLE_ASSIGNMENT (( #2912 ) ) ;
#6859 = CARTESIAN_POINT ( 'NONE',  ( -3.299999999472504400, 21.76229614966530700, -12.49000000000000200 ) ) ;
#6860 = ORIENTED_EDGE ( 'NONE', *, *, #6339, .T. ) ;
#6861 = MECHANICAL_DESIGN_GEOMETRIC_PRESENTATION_REPRESENTATION (  '', ( #5228 ), #7387 ) ;
#6862 = ORIENTED_EDGE ( 'NONE', *, *, #3171, .F. ) ;
#6863 = LINE ( 'NONE', #7270, #699 ) ;
#6864 = CARTESIAN_POINT ( 'NONE',  ( 0.5500000005274953100, 20.66229349947143800, -12.54000000000000300 ) ) ;
#6865 = VECTOR ( 'NONE', #523, 1000.000000000000000 ) ;
#6866 = FILL_AREA_STYLE_COLOUR ( '', #9977 ) ;
#6867 = DIRECTION ( 'NONE',  ( -1.000000000000000000, 0.0000000000000000000, 0.0000000000000000000 ) ) ;
#6868 = EDGE_CURVE ( 'NONE', #516, #4481, #9467, .T. ) ;
#6869 = DIRECTION ( 'NONE',  ( 0.0000000000000000000, -0.0000000000000000000, 1.000000000000000000 ) ) ;
#6870 = EDGE_CURVE ( 'NONE', #6550, #4863, #233, .T. ) ;
#6871 = VERTEX_POINT ( 'NONE', #7610 ) ;
#6872 = PLANE ( 'NONE',  #3738 ) ;
#6873 = AXIS2_PLACEMENT_3D ( 'NONE', #5912, #1308, #6728 ) ;
#6874 = CARTESIAN_POINT ( 'NONE',  ( -4.454995100330019200, 29.36178330015141200, -9.865078408521680900 ) ) ;
#6875 = DIRECTION ( 'NONE',  ( 0.0000000000000000000, 0.0000000000000000000, -1.000000000000000000 ) ) ;
#6876 = CARTESIAN_POINT ( 'NONE',  ( 2.983604987828357000, 31.79147949197160700, -11.01500000000000200 ) ) ;
#6877 = SURFACE_STYLE_USAGE ( .BOTH. , #1449 ) ;
#6878 = VECTOR ( 'NONE', #8854, 1000.000000000000000 ) ;
#6879 = ORIENTED_EDGE ( 'NONE', *, *, #9966, .T. ) ;
#6880 = ORIENTED_EDGE ( 'NONE', *, *, #3615, .F. ) ;
#6881 = DIRECTION ( 'NONE',  ( 1.000000000000000000, 0.0000000000000000000, 0.0000000000000000000 ) ) ;
#6882 = SURFACE_STYLE_USAGE ( .BOTH. , #1453 ) ;
#6883 = PRESENTATION_STYLE_ASSIGNMENT (( #4122 ) ) ;
#6884 = CARTESIAN_POINT ( 'NONE',  ( 4.274084942578470600, 31.22871229584404800, -12.02760912176542800 ) ) ;
#6885 = CARTESIAN_POINT ( 'NONE',  ( 2.602464510833082400, 31.75793165241672300, -9.939237922506450200 ) ) ;
#6886 = CARTESIAN_POINT ( 'NONE',  ( -0.9499999994725030200, 20.66229349947143800, -11.84000000000000200 ) ) ;
#6887 = STYLED_ITEM ( 'NONE', ( #1694 ), #1252 ) ;
#6888 = ORIENTED_EDGE ( 'NONE', *, *, #6288, .F. ) ;
#6889 = MECHANICAL_DESIGN_GEOMETRIC_PRESENTATION_REPRESENTATION (  '', ( #5256 ), #7412 ) ;
#6890 = SURFACE_SIDE_STYLE ('',( #9220 ) ) ;
#6891 = FACE_OUTER_BOUND ( 'NONE', #3887, .T. ) ;
#6892 = CARTESIAN_POINT ( 'NONE',  ( -1.964612814636709000, 29.61132263784102700, -12.26500000000000200 ) ) ;
#6893 = EDGE_LOOP ( 'NONE', ( #2761, #3528, #260, #8617 ) ) ;
#6894 = LINE ( 'NONE', #4201, #2759 ) ;
#6895 = VERTEX_POINT ( 'NONE', #2161 ) ;
#6896 = ADVANCED_FACE ( 'NONE', ( #6103 ), #5214, .T. ) ;
#6897 = CARTESIAN_POINT ( 'NONE',  ( 5.300000000527495200, 20.96229614966531000, -12.44000000000000100 ) ) ;
#6898 = LINE ( 'NONE', #5061, #3723 ) ;
#6899 = DIRECTION ( 'NONE',  ( 0.0000000000000000000, -0.0000000000000000000, 1.000000000000000000 ) ) ;
#6900 = VERTEX_POINT ( 'NONE', #2980 ) ;
#6901 =( NAMED_UNIT ( * ) PLANE_ANGLE_UNIT ( ) SI_UNIT ( $, .RADIAN. ) );
#6902 = ORIENTED_EDGE ( 'NONE', *, *, #6661, .T. ) ;
#6903 = CARTESIAN_POINT ( 'NONE',  ( 2.099995377965719000, 31.98008005006171900, -11.76500000000000100 ) ) ;
#6904 = LINE ( 'NONE', #3981, #4533 ) ;
#6905 = B_SPLINE_CURVE_WITH_KNOTS ( 'NONE', 3,
 ( #3967, #4792, #4056, #3915 ),
 .UNSPECIFIED., .F., .F.,
 ( 4, 4 ),
 ( 0.0005580527560796126200, 0.0007518333104570048700 ),
 .UNSPECIFIED. ) ;
#6906 = ORIENTED_EDGE ( 'NONE', *, *, #1987, .F. ) ;
#6907 =( GEOMETRIC_REPRESENTATION_CONTEXT ( 3 ) GLOBAL_UNCERTAINTY_ASSIGNED_CONTEXT ( ( #7159 ) ) GLOBAL_UNIT_ASSIGNED_CONTEXT ( ( #1048, #6428, #1808 ) ) REPRESENTATION_CONTEXT ( 'NONE', 'WORKASPACE' ) );
#6908 = CARTESIAN_POINT ( 'NONE',  ( -0.04999999947250471200, 20.81229349947144100, -12.44000000000000100 ) ) ;
#6909 = ADVANCED_FACE ( 'NONE', ( #1267 ), #4441, .F. ) ;
#6910 = CARTESIAN_POINT ( 'NONE',  ( -6.258764761715996300, 26.10118238836032500, -10.06500000000000100 ) ) ;
#6911 = CARTESIAN_POINT ( 'NONE',  ( -1.964612814636709000, 29.61132263784102700, -12.26500000000000200 ) ) ;
#6912 = SURFACE_SIDE_STYLE ('',( #7077 ) ) ;
#6913 = VECTOR ( 'NONE', #9320, 1000.000000000000000 ) ;
#6914 = CARTESIAN_POINT ( 'NONE',  ( 5.050000000527496100, 20.66229349947143800, -12.54000000000000300 ) ) ;
#6915 = SURFACE_STYLE_USAGE ( .BOTH. , #1481 ) ;
#6916 = PRESENTATION_LAYER_ASSIGNMENT (  '', '', ( #7432 ) ) ;
#6917 = FILL_AREA_STYLE ('',( #1482 ) ) ;
#6918 = ORIENTED_EDGE ( 'NONE', *, *, #8096, .F. ) ;
#6919 = ORIENTED_EDGE ( 'NONE', *, *, #7528, .T. ) ;
#6920 = ORIENTED_EDGE ( 'NONE', *, *, #8095, .F. ) ;
#6921 = CARTESIAN_POINT ( 'NONE',  ( -2.286439998909817200, 28.36077100000000000, -12.49000000000000200 ) ) ;
#6922 = FILL_AREA_STYLE ('',( #3054 ) ) ;
#6923 = ORIENTED_EDGE ( 'NONE', *, *, #3658, .F. ) ;
#6924 = CARTESIAN_POINT ( 'NONE',  ( 0.09999537796571880700, 32.00735987085298000, -10.06500000000000100 ) ) ;
#6925 = DIRECTION ( 'NONE',  ( 1.000000000000000000, 0.0000000000000000000, 0.0000000000000000000 ) ) ;
#6926 = LINE ( 'NONE', #1385, #5548 ) ;
#6927 = MECHANICAL_DESIGN_GEOMETRIC_PRESENTATION_REPRESENTATION (  '', ( #5293 ), #7442 ) ;
#6928 = VECTOR ( 'NONE', #5393, 1000.000000000000000 ) ;
#6929 = CARTESIAN_POINT ( 'NONE',  ( 1.000000000527495600, 24.86229299947142100, -12.49000000000000200 ) ) ;
#6930 = ORIENTED_EDGE ( 'NONE', *, *, #8409, .F. ) ;
#6931 = CYLINDRICAL_SURFACE ( 'NONE', #1003, 0.2000000000000005100 ) ;
#6932 = ORIENTED_EDGE ( 'NONE', *, *, #4356, .F. ) ;
#6933 = DIRECTION ( 'NONE',  ( -0.0000000000000000000, -0.0000000000000000000, 1.000000000000000000 ) ) ;
#6934 = ORIENTED_EDGE ( 'NONE', *, *, #649, .F. ) ;
#6935 = ORIENTED_EDGE ( 'NONE', *, *, #7475, .F. ) ;
#6936 =( LENGTH_UNIT ( ) NAMED_UNIT ( * ) SI_UNIT ( .MILLI., .METRE. ) );
#6937 = MECHANICAL_DESIGN_GEOMETRIC_PRESENTATION_REPRESENTATION (  '', ( #5837 ), #7447 ) ;
#6938 = ORIENTED_EDGE ( 'NONE', *, *, #358, .F. ) ;
#6939 = CARTESIAN_POINT ( 'NONE',  ( 2.099995377965719000, 32.10809768706595700, -10.06500000000000100 ) ) ;
#6940 = FILL_AREA_STYLE_COLOUR ( '', #2610 ) ;
#6941 = CYLINDRICAL_SURFACE ( 'NONE', #7102, 0.4999999999968842100 ) ;
#6942 = DIRECTION ( 'NONE',  ( -1.000000000000000000, 0.0000000000000000000, 0.0000000000000000000 ) ) ;
#6943 = FILL_AREA_STYLE ('',( #6127 ) ) ;
#6944 = DIRECTION ( 'NONE',  ( -0.0000000000000000000, -0.0000000000000000000, 1.000000000000000000 ) ) ;
#6945 = CARTESIAN_POINT ( 'NONE',  ( -4.602453961876664200, 26.71229279551774700, -12.44000000000000100 ) ) ;
#6946 = SURFACE_STYLE_FILL_AREA ( #7946 ) ;
#6947 = UNCERTAINTY_MEASURE_WITH_UNIT (LENGTH_MEASURE( 1.000000000000000100E-005 ), #4421, 'distance_accuracy_value', 'NONE');
#6948 =( GEOMETRIC_REPRESENTATION_CONTEXT ( 3 ) GLOBAL_UNCERTAINTY_ASSIGNED_CONTEXT ( ( #1408 ) ) GLOBAL_UNIT_ASSIGNED_CONTEXT ( ( #5271, #719, #6091 ) ) REPRESENTATION_CONTEXT ( 'NONE', 'WORKASPACE' ) );
#6949 = ORIENTED_EDGE ( 'NONE', *, *, #4080, .F. ) ;
#6950 = EDGE_CURVE ( 'NONE', #5423, #6297, #6626, .T. ) ;
#6951 =( NAMED_UNIT ( * ) PLANE_ANGLE_UNIT ( ) SI_UNIT ( $, .RADIAN. ) );
#6952 = FACE_OUTER_BOUND ( 'NONE', #272, .T. ) ;
#6953 = CARTESIAN_POINT ( 'NONE',  ( 1.300000000524379700, 26.86229349947144100, -13.14000000000000200 ) ) ;
#6954 = DIRECTION ( 'NONE',  ( -1.000000000000000000, 0.0000000000000000000, 0.0000000000000000000 ) ) ;
#6955 = SURFACE_STYLE_USAGE ( .BOTH. , #1513 ) ;
#6956 = CARTESIAN_POINT ( 'NONE',  ( -5.755088727094452000, 27.15402444450745600, -9.864922774082687700 ) ) ;
#6957 = PLANE ( 'NONE',  #2996 ) ;
#6958 = DIRECTION ( 'NONE',  ( 0.0000000000000000000, 0.0000000000000000000, -1.000000000000000000 ) ) ;
#6959 = PLANE ( 'NONE',  #8370 ) ;
#6960 = FACE_OUTER_BOUND ( 'NONE', #2532, .T. ) ;
#6961 = PRESENTATION_LAYER_ASSIGNMENT (  '', '', ( #6420 ) ) ;
#6962 = FACE_OUTER_BOUND ( 'NONE', #7948, .T. ) ;
#6963 = VERTEX_POINT ( 'NONE', #5288 ) ;
#6964 = EDGE_CURVE ( 'NONE', #4218, #7207, #8488, .T. ) ;
#6965 = SURFACE_STYLE_USAGE ( .BOTH. , #1521 ) ;
#6966 = DIRECTION ( 'NONE',  ( -1.000000000000000000, 0.0000000000000000000, 0.0000000000000000000 ) ) ;
#6967 = CARTESIAN_POINT ( 'NONE',  ( 4.490841459906920200, 30.99073583802216800, -12.13775996830264100 ) ) ;
#6968 = VERTEX_POINT ( 'NONE', #1484 ) ;
#6969 = DIRECTION ( 'NONE',  ( 0.0000000000000000000, 0.0000000000000000000, 1.000000000000000000 ) ) ;
#6970 = DIRECTION ( 'NONE',  ( 0.9483236552061968800, 0.3173046564050995800, 0.0000000000000000000 ) ) ;
#6971 = ADVANCED_FACE ( 'NONE', ( #6395 ), #9604, .T. ) ;
#6972 = VERTEX_POINT ( 'NONE', #8545 ) ;
#6973 =( GEOMETRIC_REPRESENTATION_CONTEXT ( 3 ) GLOBAL_UNCERTAINTY_ASSIGNED_CONTEXT ( ( #8423 ) ) GLOBAL_UNIT_ASSIGNED_CONTEXT ( ( #6520, #8384, #9790 ) ) REPRESENTATION_CONTEXT ( 'NONE', 'WORKASPACE' ) );
#6974 = EDGE_CURVE ( 'NONE', #2219, #2198, #2527, .T. ) ;
#6975 = CARTESIAN_POINT ( 'NONE',  ( 6.602453769200100600, 26.71229338220534900, -12.44000000000000100 ) ) ;
#6976 = CYLINDRICAL_SURFACE ( 'NONE', #8431, 0.1999999999999996500 ) ;
#6977 = ORIENTED_EDGE ( 'NONE', *, *, #250, .T. ) ;
#6978 = STYLED_ITEM ( 'NONE', ( #642 ), #1926 ) ;
#6979 = DIRECTION ( 'NONE',  ( 0.0000000000000000000, 0.0000000000000000000, 1.000000000000000000 ) ) ;
#6980 = AXIS2_PLACEMENT_3D ( 'NONE', #7264, #5677, #1094 ) ;
#6981 = PRESENTATION_STYLE_ASSIGNMENT (( #7991 ) ) ;
#6982 = PLANE ( 'NONE',  #5800 ) ;
#6983 = STYLED_ITEM ( 'NONE', ( #4891 ), #4133 ) ;
#6984 = CARTESIAN_POINT ( 'NONE',  ( 5.386150660647310000, 30.57854413423303100, -12.00019317898347100 ) ) ;
#6985 = CARTESIAN_POINT ( 'NONE',  ( -0.9499999994725030200, 20.96229349947143900, -11.84000000000000200 ) ) ;
#6986 = CARTESIAN_POINT ( 'NONE',  ( 7.129650899598230400, 28.59795668090328700, -12.08063700422012100 ) ) ;
#6987 = VECTOR ( 'NONE', #5907, 1000.000000000000000 ) ;
#6988 = CARTESIAN_POINT ( 'NONE',  ( -4.027071154761388000, 29.96977616522631700, -9.975251276645561700 ) ) ;
#6989 = ORIENTED_EDGE ( 'NONE', *, *, #6485, .F. ) ;
#6990 = VECTOR ( 'NONE', #188, 1000.000000000000000 ) ;
#6991 =( LENGTH_UNIT ( ) NAMED_UNIT ( * ) SI_UNIT ( .MILLI., .METRE. ) );
#6992 = SURFACE_STYLE_USAGE ( .BOTH. , #1550 ) ;
#6993 = CARTESIAN_POINT ( 'NONE',  ( -0.8609707281867499100, 31.65319454976910100, -12.13069079785676900 ) ) ;
#6994 = UNCERTAINTY_MEASURE_WITH_UNIT (LENGTH_MEASURE( 1.000000000000000100E-005 ), #5493, 'distance_accuracy_value', 'NONE');
#6995 = DIRECTION ( 'NONE',  ( 0.0000000000000000000, -0.0000000000000000000, 1.000000000000000000 ) ) ;
#6996 = FILL_AREA_STYLE_COLOUR ( '', #9844 ) ;
#6997 = CARTESIAN_POINT ( 'NONE',  ( 4.450000000527496400, 21.96229349947143900, -12.44000000000000100 ) ) ;
#6998 = PRESENTATION_LAYER_ASSIGNMENT (  '', '', ( #6448 ) ) ;
#6999 = DIRECTION ( 'NONE',  ( 0.0000000000000000000, -0.0000000000000000000, 1.000000000000000000 ) ) ;
#7000 = ORIENTED_EDGE ( 'NONE', *, *, #3466, .T. ) ;
#7001 = CARTESIAN_POINT ( 'NONE',  ( 1.000000000527495600, 24.86229299947142100, -12.49000000000000200 ) ) ;
#7002 = VECTOR ( 'NONE', #7580, 1000.000000000000000 ) ;
#7003 = DIRECTION ( 'NONE',  ( -1.000000000000000000, 3.614004403270442900E-015, 0.0000000000000000000 ) ) ;
#7004 = CARTESIAN_POINT ( 'NONE',  ( -5.244470385377654900, 28.63301727863720500, -11.96500000000000200 ) ) ;
#7005 = CARTESIAN_POINT ( 'NONE',  ( -5.882792523486611600, 27.38023954448804900, -11.96500000000000200 ) ) ;
#7006 = PRESENTATION_STYLE_ASSIGNMENT (( #360 ) ) ;
#7007 = CARTESIAN_POINT ( 'NONE',  ( 5.602453769200100600, 25.86229349947144100, -12.54000000000000300 ) ) ;
#7008 = FILL_AREA_STYLE ('',( #8876 ) ) ;
#7009 = ORIENTED_EDGE ( 'NONE', *, *, #2133, .T. ) ;
#7010 = DIRECTION ( 'NONE',  ( 0.0000000000000000000, 0.0000000000000000000, -1.000000000000000000 ) ) ;
#7011 = DIRECTION ( 'NONE',  ( 1.000000000000000000, 0.0000000000000000000, 0.0000000000000000000 ) ) ;
#7012 = LINE ( 'NONE', #5853, #2863 ) ;
#7013 = ORIENTED_EDGE ( 'NONE', *, *, #4064, .F. ) ;
#7014 = UNCERTAINTY_MEASURE_WITH_UNIT (LENGTH_MEASURE( 1.000000000000000100E-005 ), #8601, 'distance_accuracy_value', 'NONE');
#7015 = VECTOR ( 'NONE', #7807, 1000.000000000000000 ) ;
#7016 = AXIS2_PLACEMENT_3D ( 'NONE', #4674, #117, #5446 ) ;
#7017 = ORIENTED_EDGE ( 'NONE', *, *, #6131, .F. ) ;
#7018 = CARTESIAN_POINT ( 'NONE',  ( 5.044461006962992000, 30.72401862721051600, -12.07787342305599900 ) ) ;
#7019 = DIRECTION ( 'NONE',  ( 0.0000000000000000000, 0.0000000000000000000, -1.000000000000000000 ) ) ;
#7020 = VECTOR ( 'NONE', #8299, 1000.000000000000100 ) ;
#7021 = DIRECTION ( 'NONE',  ( 1.000000000000000000, -0.0000000000000000000, 0.0000000000000000000 ) ) ;
#7022 = EDGE_CURVE ( 'NONE', #1074, #9994, #5633, .T. ) ;
#7023 = EDGE_LOOP ( 'NONE', ( #9469, #9741, #9647, #115 ) ) ;
#7024 = EDGE_CURVE ( 'NONE', #6014, #1556, #9831, .T. ) ;
#7025 = PRESENTATION_STYLE_ASSIGNMENT (( #8912 ) ) ;
#7026 = CARTESIAN_POINT ( 'NONE',  ( 6.702453769200101200, 26.46229349947144300, -11.99000000000000200 ) ) ;
#7027 = ADVANCED_FACE ( 'NONE', ( #3352 ), #589, .T. ) ;
#7028 = CARTESIAN_POINT ( 'NONE',  ( -0.1000046220342811800, 32.10809768706595700, -11.76500000000000100 ) ) ;
#7029 =( GEOMETRIC_REPRESENTATION_CONTEXT ( 3 ) GLOBAL_UNCERTAINTY_ASSIGNED_CONTEXT ( ( #9546 ) ) GLOBAL_UNIT_ASSIGNED_CONTEXT ( ( #9439, #9025, #8994 ) ) REPRESENTATION_CONTEXT ( 'NONE', 'WORKASPACE' ) );
#7030 = ORIENTED_EDGE ( 'NONE', *, *, #3190, .T. ) ;
#7031 = FILL_AREA_STYLE_COLOUR ( '', #7298 ) ;
#7032 = SURFACE_STYLE_FILL_AREA ( #5372 ) ;
#7033 =( NAMED_UNIT ( * ) PLANE_ANGLE_UNIT ( ) SI_UNIT ( $, .RADIAN. ) );
#7034 = ORIENTED_EDGE ( 'NONE', *, *, #9325, .F. ) ;
#7035 = CARTESIAN_POINT ( 'NONE',  ( 6.899985530787216900, 25.61229242923305800, -12.49000000000000200 ) ) ;
#7036 = DIRECTION ( 'NONE',  ( -1.000000000000000000, 0.0000000000000000000, 0.0000000000000000000 ) ) ;
#7037 = SURFACE_SIDE_STYLE ('',( #4182 ) ) ;
#7038 = SURFACE_STYLE_FILL_AREA ( #7473 ) ;
#7039 = PRESENTATION_STYLE_ASSIGNMENT (( #3845 ) ) ;
#7040 = DIRECTION ( 'NONE',  ( 1.000000000000000000, 0.0000000000000000000, 0.0000000000000000000 ) ) ;
#7041 = CYLINDRICAL_SURFACE ( 'NONE', #6085, 4.849999999999998800 ) ;
#7042 = CARTESIAN_POINT ( 'NONE',  ( 3.550000000527496100, 21.96229349947142100, -12.54000000000000300 ) ) ;
#7043 = DIRECTION ( 'NONE',  ( 0.0000000000000000000, -1.000000000000000000, 0.0000000000000000000 ) ) ;
#7044 = EDGE_CURVE ( 'NONE', #5761, #6425, #4656, .T. ) ;
#7045 = FACE_OUTER_BOUND ( 'NONE', #8445, .T. ) ;
#7046 = VERTEX_POINT ( 'NONE', #9297 ) ;
#7047 = CARTESIAN_POINT ( 'NONE',  ( -2.328596902076605100, 31.05587389302528200, -9.873101976561280000 ) ) ;
#7048 = EDGE_CURVE ( 'NONE', #4, #9235, #9286, .T. ) ;
#7049 = VERTEX_POINT ( 'NONE', #6142 ) ;
#7050 = AXIS2_PLACEMENT_3D ( 'NONE', #6674, #9020, #2040 ) ;
#7051 = CARTESIAN_POINT ( 'NONE',  ( 6.852453769200100600, 25.86229349947144100, -11.84000000000000200 ) ) ;
#7052 = CARTESIAN_POINT ( 'NONE',  ( 3.550000000527496500, 20.96229614966531000, -12.44000000000000100 ) ) ;
#7053 = SURFACE_SIDE_STYLE ('',( #2717 ) ) ;
#7054 = AXIS2_PLACEMENT_3D ( 'NONE', #2962, #8418, #3722 ) ;
#7055 = VECTOR ( 'NONE', #9526, 1000.000000000000000 ) ;
#7056 = ORIENTED_EDGE ( 'NONE', *, *, #10027, .F. ) ;
#7057 = EDGE_CURVE ( 'NONE', #3345, #8780, #8857, .T. ) ;
#7058 = ORIENTED_EDGE ( 'NONE', *, *, #3098, .F. ) ;
#7059 =( NAMED_UNIT ( * ) SI_UNIT ( $, .STERADIAN. ) SOLID_ANGLE_UNIT ( ) );
#7060 = CARTESIAN_POINT ( 'NONE',  ( -1.837657922581358100, 31.49659841993660000, -11.96500000000000200 ) ) ;
#7061 = LINE ( 'NONE', #1398, #9125 ) ;
#7062 = SURFACE_STYLE_FILL_AREA ( #4266 ) ;
#7063 = CARTESIAN_POINT ( 'NONE',  ( -0.9499999994725048000, 21.96229349947143600, -12.44000000000000100 ) ) ;
#7064 = MECHANICAL_DESIGN_GEOMETRIC_PRESENTATION_REPRESENTATION (  '', ( #5950 ), #7570 ) ;
#7065 = VERTEX_POINT ( 'NONE', #6178 ) ;
#7066 = ORIENTED_EDGE ( 'NONE', *, *, #3174, .T. ) ;
#7067 = ORIENTED_EDGE ( 'NONE', *, *, #2187, .F. ) ;
#7068 = VERTEX_POINT ( 'NONE', #6997 ) ;
#7069 = SURFACE_SIDE_STYLE ('',( #708 ) ) ;
#7070 = DIRECTION ( 'NONE',  ( 0.0000000000000000000, -0.0000000000000000000, 1.000000000000000000 ) ) ;
#7071 = VERTEX_POINT ( 'NONE', #5352 ) ;
#7072 = CARTESIAN_POINT ( 'NONE',  ( 4.281863370966395800, 31.25965677313013900, -10.03357241992656800 ) ) ;
#7073 = DIRECTION ( 'NONE',  ( -0.0000000000000000000, -0.0000000000000000000, 1.000000000000000000 ) ) ;
#7074 = CARTESIAN_POINT ( 'NONE',  ( 3.964603570568365800, 29.61132263784087100, -12.26500000000000200 ) ) ;
#7075 = PRESENTATION_LAYER_ASSIGNMENT (  '', '', ( #7579 ) ) ;
#7076 = SURFACE_SIDE_STYLE ('',( #3250 ) ) ;
#7077 = SURFACE_STYLE_FILL_AREA ( #1479 ) ;
#7078 = PRESENTATION_STYLE_ASSIGNMENT (( #4480 ) ) ;
#7079 = VECTOR ( 'NONE', #5845, 1000.000000000000000 ) ;
#7080 = FILL_AREA_STYLE_COLOUR ( '', #5826 ) ;
#7081 = VERTEX_POINT ( 'NONE', #3112 ) ;
#7082 = DIRECTION ( 'NONE',  ( 0.0000000000000000000, -0.0000000000000000000, 1.000000000000000000 ) ) ;
#7083 = ORIENTED_EDGE ( 'NONE', *, *, #4571, .F. ) ;
#7084 = CARTESIAN_POINT ( 'NONE',  ( 3.456162255100196000, 31.61797941710876000, -11.98839358422947200 ) ) ;
#7085 = DIRECTION ( 'NONE',  ( 0.0000000000000000000, 0.0000000000000000000, 1.000000000000000000 ) ) ;
#7086 = DIRECTION ( 'NONE',  ( 0.0000000000000000000, 0.0000000000000000000, -1.000000000000000000 ) ) ;
#7087 = COLOUR_RGB ( '',1.000000000000000000, 1.000000000000000000, 1.000000000000000000 ) ;
#7088 = PRESENTATION_STYLE_ASSIGNMENT (( #1797 ) ) ;
#7089 = ORIENTED_EDGE ( 'NONE', *, *, #4345, .F. ) ;
#7090 = FILL_AREA_STYLE_COLOUR ( '', #130 ) ;
#7091 = CARTESIAN_POINT ( 'NONE',  ( -2.449999999472504800, 20.66229349947143800, -12.54000000000000300 ) ) ;
#7092 = ADVANCED_FACE ( 'NONE', ( #8614 ), #1682, .F. ) ;
#7093 = LINE ( 'NONE', #6366, #6807 ) ;
#7094 = STYLED_ITEM ( 'NONE', ( #7361 ), #7326 ) ;
#7095 = ORIENTED_EDGE ( 'NONE', *, *, #7178, .T. ) ;
#7096 = CARTESIAN_POINT ( 'NONE',  ( 8.047252732508043800, 25.86229349947143800, -12.21630539439778800 ) ) ;
#7097 = LINE ( 'NONE', #570, #2933 ) ;
#7098 = EDGE_CURVE ( 'NONE', #7071, #322, #3699, .T. ) ;
#7099 = LINE ( 'NONE', #8667, #1143 ) ;
#7100 = EDGE_CURVE ( 'NONE', #8056, #2219, #9945, .T. ) ;
#7101 = CARTESIAN_POINT ( 'NONE',  ( -3.299999999472504400, 20.96229676927035300, -12.49000000000000200 ) ) ;
#7102 = AXIS2_PLACEMENT_3D ( 'NONE', #4146, #5654, #2647 ) ;
#7103 = ORIENTED_EDGE ( 'NONE', *, *, #1768, .T. ) ;
#7104 = FILL_AREA_STYLE ('',( #985 ) ) ;
#7105 = DIRECTION ( 'NONE',  ( 1.000000000000000000, 0.0000000000000000000, 0.0000000000000000000 ) ) ;
#7106 = FILL_AREA_STYLE_COLOUR ( '', #2075 ) ;
#7107 = AXIS2_PLACEMENT_3D ( 'NONE', #4403, #9930, #5174 ) ;
#7108 = FACE_OUTER_BOUND ( 'NONE', #8494, .T. ) ;
#7109 = EDGE_CURVE ( 'NONE', #4253, #5062, #5742, .T. ) ;
#7110 = CARTESIAN_POINT ( 'NONE',  ( -4.602453961876664200, 26.71229279551774700, -12.44000000000000100 ) ) ;
#7111 = DIRECTION ( 'NONE',  ( 1.000000000000000000, 0.0000000000000000000, 0.0000000000000000000 ) ) ;
#7112 =( NAMED_UNIT ( * ) SI_UNIT ( $, .STERADIAN. ) SOLID_ANGLE_UNIT ( ) );
#7113 = CARTESIAN_POINT ( 'NONE',  ( -5.427739761135748100, 28.14438929845712100, -12.05474872335444800 ) ) ;
#7114 = EDGE_LOOP ( 'NONE', ( #1989, #7568, #2731, #3160 ) ) ;
#7115 = CARTESIAN_POINT ( 'NONE',  ( -3.103548354034482100, 30.57863141616907000, -12.16492159147832000 ) ) ;
#7116 =( NAMED_UNIT ( * ) PLANE_ANGLE_UNIT ( ) SI_UNIT ( $, .RADIAN. ) );
#7117 = CARTESIAN_POINT ( 'NONE',  ( 6.075717389195629500, 30.00125948372612000, -11.99835140561532800 ) ) ;
#7118 = VERTEX_POINT ( 'NONE', #4669 ) ;
#7119 = PRESENTATION_LAYER_ASSIGNMENT (  '', '', ( #6546 ) ) ;
#7120 = STYLED_ITEM ( 'NONE', ( #7834 ), #8968 ) ;
#7121 = PRESENTATION_STYLE_ASSIGNMENT (( #3801 ) ) ;
#7122 = DIRECTION ( 'NONE',  ( -1.251002506714041100E-016, -1.000000000000000000, 0.0000000000000000000 ) ) ;
#7123 = FACE_OUTER_BOUND ( 'NONE', #6258, .T. ) ;
#7124 = VERTEX_POINT ( 'NONE', #6249 ) ;
#7125 = FILL_AREA_STYLE ('',( #8020 ) ) ;
#7126 = EDGE_LOOP ( 'NONE', ( #2644, #2067, #650, #2916, #4562, #1610, #1287, #1723, #1538, #1222, #5010, #1468, #9630, #774, #9822, #1027, #7540, #639, #6618, #732, #296, #391, #9010, #57, #3747, #4005, #1133, #6930, #8916, #6880, #400, #1799, #6938, #4077, #7216, #2689, #4273, #192, #466, #5562, #3701, #5286, #9443, #7309, #6673, #5225, #1339, #1425, #7670, #5004, #1460, #2210, #5791, #9267 ) ) ;
#7127 = SURFACE_STYLE_FILL_AREA ( #3373 ) ;
#7128 = DIRECTION ( 'NONE',  ( -1.000000000000000000, 0.0000000000000000000, 0.0000000000000000000 ) ) ;
#7129 = CARTESIAN_POINT ( 'NONE',  ( -0.5389322055990147800, 30.26166322722149000, -12.26500000000000200 ) ) ;
#7130 = STYLED_ITEM ( 'NONE', ( #1578 ), #997 ) ;
#7131 = DIRECTION ( 'NONE',  ( -1.000000000000000000, 0.0000000000000000000, 0.0000000000000000000 ) ) ;
#7132 = PRESENTATION_STYLE_ASSIGNMENT (( #7927 ) ) ;
#7133 = CYLINDRICAL_SURFACE ( 'NONE', #5085, 7.400000000000000400 ) ;
#7134 = VECTOR ( 'NONE', #9303, 1000.000000000000000 ) ;
#7135 =( NAMED_UNIT ( * ) SI_UNIT ( $, .STERADIAN. ) SOLID_ANGLE_UNIT ( ) );
#7136 = SURFACE_STYLE_USAGE ( .BOTH. , #7172 ) ;
#7137 = AXIS2_PLACEMENT_3D ( 'NONE', #1282, #596, #561 ) ;
#7138 = CARTESIAN_POINT ( 'NONE',  ( -1.549999999472504700, 20.66229349947143800, -12.54000000000000300 ) ) ;
#7139 = VECTOR ( 'NONE', #9765, 1000.000000000000000 ) ;
#7140 = B_SPLINE_CURVE_WITH_KNOTS ( 'NONE', 3,
 ( #3222, #920, #3992, #9479, #4749, #187, #5518, #957 ),
 .UNSPECIFIED., .F., .F.,
 ( 4, 2, 2, 4 ),
 ( 2.768587629120288700E-007, 0.0001968864871829146300, 0.0002951913013929126800, 0.0003934961156029108300 ),
 .UNSPECIFIED. ) ;
#7141 = ORIENTED_EDGE ( 'NONE', *, *, #5016, .T. ) ;
#7142 = ADVANCED_FACE ( 'NONE', ( #5503 ), #1636, .F. ) ;
#7143 = CARTESIAN_POINT ( 'NONE',  ( -0.9499999994725048000, 21.96229349947143600, -12.54000000000000300 ) ) ;
#7144 = FILL_AREA_STYLE_COLOUR ( '', #6162 ) ;
#7145 =( LENGTH_UNIT ( ) NAMED_UNIT ( * ) SI_UNIT ( .MILLI., .METRE. ) );
#7146 = PLANE ( 'NONE',  #1246 ) ;
#7147 = SURFACE_SIDE_STYLE ('',( #4502 ) ) ;
#7148 = PRESENTATION_LAYER_ASSIGNMENT (  '', '', ( #6571 ) ) ;
#7149 = DIRECTION ( 'NONE',  ( 0.0000000000000000000, 0.0000000000000000000, 1.000000000000000000 ) ) ;
#7150 = LINE ( 'NONE', #2911, #6865 ) ;
#7151 = DIRECTION ( 'NONE',  ( 1.000000000000000000, 6.308083266684436500E-015, 0.0000000000000000000 ) ) ;
#7152 = DIRECTION ( 'NONE',  ( 0.0000000000000000000, 0.0000000000000000000, -1.000000000000000000 ) ) ;
#7153 = FILL_AREA_STYLE_COLOUR ( '', #9961 ) ;
#7154 = CARTESIAN_POINT ( 'NONE',  ( 0.9999953779657178000, 24.66229349947143800, -11.96500000000000200 ) ) ;
#7155 = MECHANICAL_DESIGN_GEOMETRIC_PRESENTATION_REPRESENTATION (  '', ( #5521 ), #7657 ) ;
#7156 = CARTESIAN_POINT ( 'NONE',  ( 0.9999953779657178000, 24.66229349947143800, -11.96500000000000200 ) ) ;
#7157 = TOROIDAL_SURFACE ( 'NONE', #9798, 7.500000000000000900, 0.2000000000000000100 ) ;
#7158 = EDGE_LOOP ( 'NONE', ( #3064, #9870, #2384, #3358 ) ) ;
#7159 = UNCERTAINTY_MEASURE_WITH_UNIT (LENGTH_MEASURE( 1.000000000000000100E-005 ), #1048, 'distance_accuracy_value', 'NONE');
#7160 = DIRECTION ( 'NONE',  ( -1.000000000000000000, 0.0000000000000000000, 0.0000000000000000000 ) ) ;
#7161 = LINE ( 'NONE', #2168, #2993 ) ;
#7162 = VERTEX_POINT ( 'NONE', #7074 ) ;
#7163 = SURFACE_STYLE_FILL_AREA ( #1787 ) ;
#7164 = UNCERTAINTY_MEASURE_WITH_UNIT (LENGTH_MEASURE( 1.000000000000000100E-005 ), #8838, 'distance_accuracy_value', 'NONE');
#7165 = CARTESIAN_POINT ( 'NONE',  ( -3.840796369030710500, 29.99207957689499100, -12.16507722591731300 ) ) ;
#7166 = VECTOR ( 'NONE', #4021, 1000.000000000000000 ) ;
#7167 = EDGE_LOOP ( 'NONE', ( #8889, #6778, #6059, #7402 ) ) ;
#7168 = MECHANICAL_DESIGN_GEOMETRIC_PRESENTATION_REPRESENTATION (  '', ( #5533 ), #7675 ) ;
#7169 = CARTESIAN_POINT ( 'NONE',  ( 6.486007860804297900, 29.33888749785082000, -12.15627230482766800 ) ) ;
#7170 = VERTEX_POINT ( 'NONE', #2444 ) ;
#7171 = LINE ( 'NONE', #9262, #8988 ) ;
#7172 = SURFACE_SIDE_STYLE ('',( #2716 ) ) ;
#7173 = ORIENTED_EDGE ( 'NONE', *, *, #230, .F. ) ;
#7174 = DIRECTION ( 'NONE',  ( -1.000000000000000000, 0.0000000000000000000, 0.0000000000000000000 ) ) ;
#7175 = VERTEX_POINT ( 'NONE', #3216 ) ;
#7176 = UNCERTAINTY_MEASURE_WITH_UNIT (LENGTH_MEASURE( 1.000000000000000100E-005 ), #9291, 'distance_accuracy_value', 'NONE');
#7177 = SURFACE_STYLE_USAGE ( .BOTH. , #8008 ) ;
#7178 = EDGE_CURVE ( 'NONE', #1299, #5149, #6611, .T. ) ;
#7179 = VECTOR ( 'NONE', #4781, 1000.000000000000000 ) ;
#7180 = DIRECTION ( 'NONE',  ( 0.0000000000000000000, 0.0000000000000000000, -1.000000000000000000 ) ) ;
#7181 = CARTESIAN_POINT ( 'NONE',  ( -3.079104595221441500, 30.83650951518910300, -10.06500000000000100 ) ) ;
#7182 = FILL_AREA_STYLE_COLOUR ( '', #8746 ) ;
#7183 = FILL_AREA_STYLE_COLOUR ( '', #467 ) ;
#7184 = ORIENTED_EDGE ( 'NONE', *, *, #2486, .F. ) ;
#7185 = SURFACE_STYLE_USAGE ( .BOTH. , #7960 ) ;
#7186 = FILL_AREA_STYLE_COLOUR ( '', #9663 ) ;
#7187 = ORIENTED_EDGE ( 'NONE', *, *, #9705, .T. ) ;
#7188 = FILL_AREA_STYLE ('',( #6362 ) ) ;
#7189 = CARTESIAN_POINT ( 'NONE',  ( 0.09999537796571880700, 32.10809768706595700, -11.96500000000000200 ) ) ;
#7190 = DIRECTION ( 'NONE',  ( 0.0000000000000000000, 0.0000000000000000000, -1.000000000000000000 ) ) ;
#7191 = LINE ( 'NONE', #6130, #5032 ) ;
#7192 = MECHANICAL_DESIGN_GEOMETRIC_PRESENTATION_REPRESENTATION (  '', ( #6077 ), #7695 ) ;
#7193 = CARTESIAN_POINT ( 'NONE',  ( -3.049999999472504400, 21.96229349947143600, -12.54000000000000300 ) ) ;
#7194 = EDGE_CURVE ( 'NONE', #1840, #1251, #8731, .T. ) ;
#7195 = AXIS2_PLACEMENT_3D ( 'NONE', #1933, #7358, #8174 ) ;
#7196 = AXIS2_PLACEMENT_3D ( 'NONE', #7212, #2535, #8006 ) ;
#7197 = CARTESIAN_POINT ( 'NONE',  ( 1.899995377965719000, 32.10809768706595700, -10.06500000000000100 ) ) ;
#7198 = EDGE_LOOP ( 'NONE', ( #1941, #4714, #6027 ) ) ;
#7199 = ORIENTED_EDGE ( 'NONE', *, *, #6472, .T. ) ;
#7200 = ORIENTED_EDGE ( 'NONE', *, *, #159, .T. ) ;
#7201 = ADVANCED_FACE ( 'NONE', ( #4783 ), #952, .F. ) ;
#7202 =( GEOMETRIC_REPRESENTATION_CONTEXT ( 3 ) GLOBAL_UNCERTAINTY_ASSIGNED_CONTEXT ( ( #8336 ) ) GLOBAL_UNIT_ASSIGNED_CONTEXT ( ( #1668, #7116, #2443 ) ) REPRESENTATION_CONTEXT ( 'NONE', 'WORKASPACE' ) );
#7203 = ORIENTED_EDGE ( 'NONE', *, *, #6868, .T. ) ;
#7204 = AXIS2_PLACEMENT_3D ( 'NONE', #8707, #4017, #9506 ) ;
#7205 = CARTESIAN_POINT ( 'NONE',  ( 5.110987322403152800, 30.56784233128593800, -9.860400976579740000 ) ) ;
#7206 = LINE ( 'NONE', #9367, #1013 ) ;
#7207 = VERTEX_POINT ( 'NONE', #5513 ) ;
#7208 = VERTEX_POINT ( 'NONE', #6353 ) ;
#7209 = EDGE_LOOP ( 'NONE', ( #7479, #6076, #9833, #8859 ) ) ;
#7210 = CARTESIAN_POINT ( 'NONE',  ( 5.050000000527496100, 20.96229349947143900, -11.99000000000000200 ) ) ;
#7211 = FILL_AREA_STYLE ('',( #7221 ) ) ;
#7212 = CARTESIAN_POINT ( 'NONE',  ( 1.000000000527495600, 24.86229299947142100, -12.49000000000000200 ) ) ;
#7213 = MECHANICAL_DESIGN_GEOMETRIC_PRESENTATION_REPRESENTATION (  '', ( #6102 ), #7720 ) ;
#7214 = CARTESIAN_POINT ( 'NONE',  ( 6.899985530787216900, 25.61229242923305800, -12.49000000000000200 ) ) ;
#7215 = FACE_OUTER_BOUND ( 'NONE', #4102, .T. ) ;
#7216 = ORIENTED_EDGE ( 'NONE', *, *, #10029, .F. ) ;
#7217 =( NAMED_UNIT ( * ) SI_UNIT ( $, .STERADIAN. ) SOLID_ANGLE_UNIT ( ) );
#7218 = SURFACE_STYLE_USAGE ( .BOTH. , #1774 ) ;
#7219 = PRESENTATION_STYLE_ASSIGNMENT (( #866 ) ) ;
#7220 =( NAMED_UNIT ( * ) PLANE_ANGLE_UNIT ( ) SI_UNIT ( $, .RADIAN. ) );
#7221 = FILL_AREA_STYLE_COLOUR ( '', #676 ) ;
#7222 = VECTOR ( 'NONE', #8769, 1000.000000000000200 ) ;
#7223 = DIRECTION ( 'NONE',  ( 0.0000000000000000000, -0.0000000000000000000, 1.000000000000000000 ) ) ;
#7224 = ORIENTED_EDGE ( 'NONE', *, *, #6410, .T. ) ;
#7225 = EDGE_CURVE ( 'NONE', #6496, #591, #1794, .T. ) ;
#7226 = ORIENTED_EDGE ( 'NONE', *, *, #8808, .T. ) ;
#7227 =( GEOMETRIC_REPRESENTATION_CONTEXT ( 3 ) GLOBAL_UNCERTAINTY_ASSIGNED_CONTEXT ( ( #4509 ) ) GLOBAL_UNIT_ASSIGNED_CONTEXT ( ( #4524, #10053, #5305 ) ) REPRESENTATION_CONTEXT ( 'NONE', 'WORKASPACE' ) );
#7228 = ORIENTED_EDGE ( 'NONE', *, *, #9996, .F. ) ;
#7229 = CARTESIAN_POINT ( 'NONE',  ( 4.450000000527496400, 20.81229349947144100, -11.84000000000000200 ) ) ;
#7230 = ORIENTED_EDGE ( 'NONE', *, *, #1000, .F. ) ;
#7231 = EDGE_CURVE ( 'NONE', #4084, #7237, #9819, .T. ) ;
#7232 = PRESENTATION_STYLE_ASSIGNMENT (( #138 ) ) ;
#7233 = EDGE_CURVE ( 'NONE', #7599, #3924, #5854, .T. ) ;
#7234 = SURFACE_STYLE_FILL_AREA ( #2764 ) ;
#7235 = MECHANICAL_DESIGN_GEOMETRIC_PRESENTATION_REPRESENTATION (  '', ( #5604 ), #7745 ) ;
#7236 = VERTEX_POINT ( 'NONE', #7985 ) ;
#7237 = VERTEX_POINT ( 'NONE', #5581 ) ;
#7238 = DIRECTION ( 'NONE',  ( 0.0000000000000000000, -1.000000000000000000, 0.0000000000000000000 ) ) ;
#7239 = ADVANCED_FACE ( 'NONE', ( #7750 ), #9542, .T. ) ;
#7240 = CARTESIAN_POINT ( 'NONE',  ( -6.164803045408877600, 25.88150622691316000, -12.09727858177495600 ) ) ;
#7241 = DIRECTION ( 'NONE',  ( 0.0000000000000000000, 0.0000000000000000000, -1.000000000000000000 ) ) ;
#7242 = EDGE_CURVE ( 'NONE', #8906, #1895, #6738, .T. ) ;
#7243 = EDGE_CURVE ( 'NONE', #5270, #4084, #8847, .T. ) ;
#7244 = DIRECTION ( 'NONE',  ( -1.000000000000000000, 0.0000000000000000000, 0.0000000000000000000 ) ) ;
#7245 = VECTOR ( 'NONE', #3480, 1000.000000000000000 ) ;
#7246 = DIRECTION ( 'NONE',  ( 0.0000000000000000000, 0.0000000000000000000, -1.000000000000000000 ) ) ;
#7247 = PRESENTATION_LAYER_ASSIGNMENT (  '', '', ( #6681 ) ) ;
#7248 = PRESENTATION_LAYER_ASSIGNMENT (  '', '', ( #7768 ) ) ;
#7249 = SURFACE_SIDE_STYLE ('',( #1882 ) ) ;
#7250 = STYLED_ITEM ( 'NONE', ( #1106 ), #5735 ) ;
#7251 = EDGE_CURVE ( 'NONE', #1611, #6509, #4645, .T. ) ;
#7252 = SURFACE_STYLE_USAGE ( .BOTH. , #1814 ) ;
#7253 = UNCERTAINTY_MEASURE_WITH_UNIT (LENGTH_MEASURE( 1.000000000000000100E-005 ), #4442, 'distance_accuracy_value', 'NONE');
#7254 = FILL_AREA_STYLE_COLOUR ( '', #8410 ) ;
#7255 = AXIS2_PLACEMENT_3D ( 'NONE', #4418, #9942, #5186 ) ;
#7256 = PRESENTATION_LAYER_ASSIGNMENT (  '', '', ( #6704 ) ) ;
#7257 = ORIENTED_EDGE ( 'NONE', *, *, #8610, .F. ) ;
#7258 = PLANE ( 'NONE',  #2124 ) ;
#7259 = LINE ( 'NONE', #7007, #7015 ) ;
#7260 = CARTESIAN_POINT ( 'NONE',  ( -5.393834850494049400, 27.99040585112481200, -9.873101976561280000 ) ) ;
#7261 = VERTEX_POINT ( 'NONE', #4106 ) ;
#7262 = PRESENTATION_STYLE_ASSIGNMENT (( #1259 ) ) ;
#7263 = ORIENTED_EDGE ( 'NONE', *, *, #8421, .T. ) ;
#7264 = CARTESIAN_POINT ( 'NONE',  ( 0.9999953779657178000, 24.66229349947143800, -10.26500000000000200 ) ) ;
#7265 = DIRECTION ( 'NONE',  ( 0.0000000000000000000, 0.0000000000000000000, -1.000000000000000000 ) ) ;
#7266 = VECTOR ( 'NONE', #3592, 1000.000000000000100 ) ;
#7267 = CARTESIAN_POINT ( 'NONE',  ( -3.049999999472504400, 21.96229349947143600, -12.54000000000000300 ) ) ;
#7268 = EDGE_LOOP ( 'NONE', ( #7056, #7975, #4979, #3499, #1155, #7410 ) ) ;
#7269 = UNCERTAINTY_MEASURE_WITH_UNIT (LENGTH_MEASURE( 1.000000000000000100E-005 ), #1837, 'distance_accuracy_value', 'NONE');
#7270 = CARTESIAN_POINT ( 'NONE',  ( -4.602453961876667800, 26.71229279551775100, -11.99000000000000200 ) ) ;
#7271 = CARTESIAN_POINT ( 'NONE',  ( 6.975558355626549900, 28.92531156022064200, -10.00533309711407500 ) ) ;
#7272 = TOROIDAL_SURFACE ( 'NONE', #6980, 7.500000000000000900, 0.2000000000000000100 ) ;
#7273 = CARTESIAN_POINT ( 'NONE',  ( 1.000000000527495600, 26.86229349947144100, -12.49000000000000200 ) ) ;
#7274 = ORIENTED_EDGE ( 'NONE', *, *, #4643, .F. ) ;
#7275 = STYLED_ITEM ( 'NONE', ( #462 ), #7201 ) ;
#7276 = UNCERTAINTY_MEASURE_WITH_UNIT (LENGTH_MEASURE( 1.000000000000000100E-005 ), #3071, 'distance_accuracy_value', 'NONE');
#7277 = ORIENTED_EDGE ( 'NONE', *, *, #9322, .T. ) ;
#7278 = CARTESIAN_POINT ( 'NONE',  ( 0.9999953779657178000, 24.66229349947143800, -9.765000000000000600 ) ) ;
#7279 = LINE ( 'NONE', #479, #9373 ) ;
#7280 = CARTESIAN_POINT ( 'NONE',  ( 0.9999953779657178000, 25.66229349947143500, -12.26500000000000200 ) ) ;
#7281 = EDGE_CURVE ( 'NONE', #2077, #8195, #575, .T. ) ;
#7282 = ADVANCED_FACE ( 'NONE', ( #2394 ), #9703, .F. ) ;
#7283 = EDGE_CURVE ( 'NONE', #4462, #5929, #7892, .T. ) ;
#7284 =( LENGTH_UNIT ( ) NAMED_UNIT ( * ) SI_UNIT ( .MILLI., .METRE. ) );
#7285 = DIRECTION ( 'NONE',  ( 1.000000000000000000, 0.0000000000000000000, 0.0000000000000000000 ) ) ;
#7286 = ORIENTED_EDGE ( 'NONE', *, *, #3533, .T. ) ;
#7287 = AXIS2_PLACEMENT_3D ( 'NONE', #487, #5847, #1250 ) ;
#7288 = DIRECTION ( 'NONE',  ( 0.0000000000000000000, 0.0000000000000000000, -1.000000000000000000 ) ) ;
#7289 = EDGE_CURVE ( 'NONE', #3262, #1179, #5732, .T. ) ;
#7290 = FACE_OUTER_BOUND ( 'NONE', #1943, .T. ) ;
#7291 = CARTESIAN_POINT ( 'NONE',  ( 3.550000000527496100, 21.96229349947142100, -12.54000000000000300 ) ) ;
#7292 = ORIENTED_EDGE ( 'NONE', *, *, #1641, .T. ) ;
#7293 = ORIENTED_EDGE ( 'NONE', *, *, #1625, .T. ) ;
#7294 = ORIENTED_EDGE ( 'NONE', *, *, #9532, .T. ) ;
#7295 = PRESENTATION_STYLE_ASSIGNMENT (( #4538 ) ) ;
#7296 = MECHANICAL_DESIGN_GEOMETRIC_PRESENTATION_REPRESENTATION (  '', ( #6214 ), #7835 ) ;
#7297 = CARTESIAN_POINT ( 'NONE',  ( 7.020804404261006000, 28.96460202732961200, -11.01500000000000200 ) ) ;
#7298 = COLOUR_RGB ( '',1.000000000000000000, 1.000000000000000000, 1.000000000000000000 ) ;
#7299 = LINE ( 'NONE', #4333, #1327 ) ;
#7300 = PRESENTATION_STYLE_ASSIGNMENT (( #2859 ) ) ;
#7301 = ORIENTED_EDGE ( 'NONE', *, *, #5875, .F. ) ;
#7302 = CARTESIAN_POINT ( 'NONE',  ( 6.714006340618045200, 29.36442904820767200, -10.06500000000000100 ) ) ;
#7303 = CARTESIAN_POINT ( 'NONE',  ( 3.574140553150140700, 31.38451531230584400, -9.863177797099833600 ) ) ;
#7304 = VERTEX_POINT ( 'NONE', #1095 ) ;
#7305 = ORIENTED_EDGE ( 'NONE', *, *, #1112, .T. ) ;
#7306 = AXIS2_PLACEMENT_3D ( 'NONE', #3303, #1869, #2084 ) ;
#7307 = EDGE_CURVE ( 'NONE', #4286, #8347, #1672, .T. ) ;
#7308 = SURFACE_STYLE_FILL_AREA ( #5166 ) ;
#7309 = ORIENTED_EDGE ( 'NONE', *, *, #4942, .F. ) ;
#7310 = CARTESIAN_POINT ( 'NONE',  ( -2.523417610243457800, 31.00065157783750200, -12.11317500942379900 ) ) ;
#7311 = PRESENTATION_LAYER_ASSIGNMENT (  '', '', ( #6230 ) ) ;
#7312 = ORIENTED_EDGE ( 'NONE', *, *, #2051, .F. ) ;
#7313 = ORIENTED_EDGE ( 'NONE', *, *, #1576, .F. ) ;
#7314 = MECHANICAL_DESIGN_GEOMETRIC_PRESENTATION_REPRESENTATION (  '', ( #5140 ), #7855 ) ;
#7315 = CARTESIAN_POINT ( 'NONE',  ( 0.9999953779657178000, 24.66229349947143800, -11.76500000000000100 ) ) ;
#7316 = SURFACE_STYLE_USAGE ( .BOTH. , #9188 ) ;
#7317 = STYLED_ITEM ( 'NONE', ( #9953 ), #3029 ) ;
#7318 = LINE ( 'NONE', #199, #9151 ) ;
#7319 = CYLINDRICAL_SURFACE ( 'NONE', #5730, 0.2000000000000000900 ) ;
#7320 = ORIENTED_EDGE ( 'NONE', *, *, #5741, .T. ) ;
#7321 = ORIENTED_EDGE ( 'NONE', *, *, #1126, .T. ) ;
#7322 =( NAMED_UNIT ( * ) SI_UNIT ( $, .STERADIAN. ) SOLID_ANGLE_UNIT ( ) );
#7323 =( NAMED_UNIT ( * ) SI_UNIT ( $, .STERADIAN. ) SOLID_ANGLE_UNIT ( ) );
#7324 = DIRECTION ( 'NONE',  ( 1.000000000000000000, 0.0000000000000000000, 0.0000000000000000000 ) ) ;
#7325 = VECTOR ( 'NONE', #4937, 1000.000000000000000 ) ;
#7326 = ADVANCED_FACE ( 'NONE', ( #9477 ), #4928, .T. ) ;
#7327 = SURFACE_SIDE_STYLE ('',( #661 ) ) ;
#7328 = PLANE ( 'NONE',  #548 ) ;
#7329 =( LENGTH_UNIT ( ) NAMED_UNIT ( * ) SI_UNIT ( .MILLI., .METRE. ) );
#7330 = AXIS2_PLACEMENT_3D ( 'NONE', #224, #193, #5563 ) ;
#7331 =( LENGTH_UNIT ( ) NAMED_UNIT ( * ) SI_UNIT ( .MILLI., .METRE. ) );
#7332 = DIRECTION ( 'NONE',  ( 0.0000000000000000000, 0.0000000000000000000, -1.000000000000000000 ) ) ;
#7333 = SURFACE_SIDE_STYLE ('',( #2955 ) ) ;
#7334 = VECTOR ( 'NONE', #2087, 1000.000000000000000 ) ;
#7335 = ORIENTED_EDGE ( 'NONE', *, *, #4356, .T. ) ;
#7336 = CARTESIAN_POINT ( 'NONE',  ( 0.9999953779657178000, 24.66229349947143800, -10.06500000000000100 ) ) ;
#7337 = DIRECTION ( 'NONE',  ( -1.000000000000000000, 0.0000000000000000000, 0.0000000000000000000 ) ) ;
#7338 = PRESENTATION_LAYER_ASSIGNMENT (  '', '', ( #6266 ) ) ;
#7339 = ORIENTED_EDGE ( 'NONE', *, *, #3925, .T. ) ;
#7340 = ORIENTED_EDGE ( 'NONE', *, *, #9322, .F. ) ;
#7341 = ORIENTED_EDGE ( 'NONE', *, *, #813, .T. ) ;
#7342 = EDGE_CURVE ( 'NONE', #6554, #6605, #703, .T. ) ;
#7343 =( GEOMETRIC_REPRESENTATION_CONTEXT ( 3 ) GLOBAL_UNCERTAINTY_ASSIGNED_CONTEXT ( ( #4066 ) ) GLOBAL_UNIT_ASSIGNED_CONTEXT ( ( #1732, #1697, #1623 ) ) REPRESENTATION_CONTEXT ( 'NONE', 'WORKASPACE' ) );
#7344 = CARTESIAN_POINT ( 'NONE',  ( 4.562586722550570100, 29.82897070575507600, -9.765000000000000600 ) ) ;
#7345 = LINE ( 'NONE', #7364, #1160 ) ;
#7346 = VERTEX_POINT ( 'NONE', #4960 ) ;
#7347 = UNCERTAINTY_MEASURE_WITH_UNIT (LENGTH_MEASURE( 1.000000000000000100E-005 ), #1367, 'distance_accuracy_value', 'NONE');
#7348 = CARTESIAN_POINT ( 'NONE',  ( 6.602453769200100600, 26.71229338220534900, -11.99000000000000200 ) ) ;
#7349 = EDGE_CURVE ( 'NONE', #8651, #8623, #8724, .T. ) ;
#7350 = EDGE_CURVE ( 'NONE', #4103, #256, #4487, .T. ) ;
#7351 = LINE ( 'NONE', #2739, #5212 ) ;
#7352 = CARTESIAN_POINT ( 'NONE',  ( 1.450000000527496400, 20.96229349947143900, -11.84000000000000200 ) ) ;
#7353 = AXIS2_PLACEMENT_3D ( 'NONE', #2915, #526, #8372 ) ;
#7354 = MECHANICAL_DESIGN_GEOMETRIC_PRESENTATION_REPRESENTATION (  '', ( #6294 ), #7924 ) ;
#7355 = SURFACE_SIDE_STYLE ('',( #4241 ) ) ;
#7356 = ORIENTED_EDGE ( 'NONE', *, *, #4398, .F. ) ;
#7357 = AXIS2_PLACEMENT_3D ( 'NONE', #3101, #7819, #869 ) ;
#7358 = DIRECTION ( 'NONE',  ( 0.0000000000000000000, 0.0000000000000000000, -1.000000000000000000 ) ) ;
#7359 = FILL_AREA_STYLE_COLOUR ( '', #5385 ) ;
#7360 = DIRECTION ( 'NONE',  ( -1.000000000000000000, 0.0000000000000000000, 0.0000000000000000000 ) ) ;
#7361 = PRESENTATION_STYLE_ASSIGNMENT (( #1899 ) ) ;
#7362 = EDGE_CURVE ( 'NONE', #634, #6972, #6600, .T. ) ;
#7363 = SURFACE_SIDE_STYLE ('',( #2122 ) ) ;
#7364 = CARTESIAN_POINT ( 'NONE',  ( 8.019578844573029400, 27.00439681814319900, -11.01500000000000200 ) ) ;
#7365 = CYLINDRICAL_SURFACE ( 'NONE', #3641, 0.2000000000000000100 ) ;
#7366 = ADVANCED_FACE ( 'NONE', ( #242 ), #7471, .T. ) ;
#7367 = ORIENTED_EDGE ( 'NONE', *, *, #2008, .T. ) ;
#7368 = DIRECTION ( 'NONE',  ( 1.000000000000000000, 0.0000000000000000000, 0.0000000000000000000 ) ) ;
#7369 = COLOUR_RGB ( '',0.0000000000000000000, 0.0000000000000000000, 1.000000000000000000 ) ;
#7370 = PRESENTATION_LAYER_ASSIGNMENT (  '', '', ( #7941 ) ) ;
#7371 = EDGE_LOOP ( 'NONE', ( #7187, #7200, #7230, #7277 ) ) ;
#7372 = EDGE_LOOP ( 'NONE', ( #2286, #8231, #8084, #8719 ) ) ;
#7373 = MECHANICAL_DESIGN_GEOMETRIC_PRESENTATION_REPRESENTATION (  '', ( #5764 ), #7957 ) ;
#7374 = CARTESIAN_POINT ( 'NONE',  ( 2.280201868381861000, 29.48842738658407100, -9.765000000000002300 ) ) ;
#7375 = CARTESIAN_POINT ( 'NONE',  ( 2.591981364448705100, 31.87317366383029300, -10.04952517648652800 ) ) ;
#7376 = PRESENTATION_STYLE_ASSIGNMENT (( #2411 ) ) ;
#7377 = FILL_AREA_STYLE_COLOUR ( '', #3298 ) ;
#7378 = FACE_OUTER_BOUND ( 'NONE', #7114, .T. ) ;
#7379 =( LENGTH_UNIT ( ) NAMED_UNIT ( * ) SI_UNIT ( .MILLI., .METRE. ) );
#7380 = ORIENTED_EDGE ( 'NONE', *, *, #4064, .T. ) ;
#7381 = UNCERTAINTY_MEASURE_WITH_UNIT (LENGTH_MEASURE( 1.000000000000000100E-005 ), #1099, 'distance_accuracy_value', 'NONE');
#7382 =( LENGTH_UNIT ( ) NAMED_UNIT ( * ) SI_UNIT ( .MILLI., .METRE. ) );
#7383 = VERTEX_POINT ( 'NONE', #442 ) ;
#7384 = SURFACE_SIDE_STYLE ('',( #284 ) ) ;
#7385 = VERTEX_POINT ( 'NONE', #5802 ) ;
#7386 = SURFACE_STYLE_USAGE ( .BOTH. , #3618 ) ;
#7387 =( GEOMETRIC_REPRESENTATION_CONTEXT ( 3 ) GLOBAL_UNCERTAINTY_ASSIGNED_CONTEXT ( ( #10023 ) ) GLOBAL_UNIT_ASSIGNED_CONTEXT ( ( #7472, #2825, #8287 ) ) REPRESENTATION_CONTEXT ( 'NONE', 'WORKASPACE' ) );
#7388 = CARTESIAN_POINT ( 'NONE',  ( -3.049999999472504900, 20.96229349947143900, -11.99000000000000200 ) ) ;
#7389 = SURFACE_STYLE_USAGE ( .BOTH. , #1967 ) ;
#7390 = SURFACE_STYLE_USAGE ( .BOTH. , #1968 ) ;
#7391 = VERTEX_POINT ( 'NONE', #1200 ) ;
#7392 = DIRECTION ( 'NONE',  ( 1.000000000000000000, -0.0000000000000000000, 0.0000000000000000000 ) ) ;
#7393 = EDGE_CURVE ( 'NONE', #9987, #385, #3551, .T. ) ;
#7394 = VERTEX_POINT ( 'NONE', #5770 ) ;
#7395 = EDGE_CURVE ( 'NONE', #291, #924, #1525, .T. ) ;
#7396 = AXIS2_PLACEMENT_3D ( 'NONE', #2939, #8387, #9178 ) ;
#7397 = CARTESIAN_POINT ( 'NONE',  ( 0.09999537796571880700, 32.10809768706595700, -11.76500000000000100 ) ) ;
#7398 =( NAMED_UNIT ( * ) SI_UNIT ( $, .STERADIAN. ) SOLID_ANGLE_UNIT ( ) );
#7399 = VECTOR ( 'NONE', #2895, 1000.000000000000000 ) ;
#7400 = VERTEX_POINT ( 'NONE', #2755 ) ;
#7401 = ORIENTED_EDGE ( 'NONE', *, *, #2469, .F. ) ;
#7402 = ORIENTED_EDGE ( 'NONE', *, *, #3408, .T. ) ;
#7403 = DIRECTION ( 'NONE',  ( -1.000000000000000000, 0.0000000000000000000, 0.0000000000000000000 ) ) ;
#7404 = CARTESIAN_POINT ( 'NONE',  ( -0.04999999947250471200, 20.81229349947144100, -11.84000000000000200 ) ) ;
#7405 = LINE ( 'NONE', #2342, #6928 ) ;
#7406 = VECTOR ( 'NONE', #609, 1000.000000000000000 ) ;
#7407 = ORIENTED_EDGE ( 'NONE', *, *, #4285, .F. ) ;
#7408 = AXIS2_PLACEMENT_3D ( 'NONE', #3848, #6736, #3777 ) ;
#7409 = ADVANCED_FACE ( 'NONE', ( #9340 ), #9000, .T. ) ;
#7410 = ORIENTED_EDGE ( 'NONE', *, *, #6470, .T. ) ;
#7411 = DIRECTION ( 'NONE',  ( 1.000000000000000000, 0.0000000000000000000, 0.0000000000000000000 ) ) ;
#7412 =( GEOMETRIC_REPRESENTATION_CONTEXT ( 3 ) GLOBAL_UNCERTAINTY_ASSIGNED_CONTEXT ( ( #7452 ) ) GLOBAL_UNIT_ASSIGNED_CONTEXT ( ( #6232, #1615, #7059 ) ) REPRESENTATION_CONTEXT ( 'NONE', 'WORKASPACE' ) );
#7413 = ORIENTED_EDGE ( 'NONE', *, *, #9186, .T. ) ;
#7414 = CARTESIAN_POINT ( 'NONE',  ( 4.513760000000032400, 28.36077100000000000, -12.49000000000000200 ) ) ;
#7415 =( NAMED_UNIT ( * ) SI_UNIT ( $, .STERADIAN. ) SOLID_ANGLE_UNIT ( ) );
#7416 = DIRECTION ( 'NONE',  ( 1.000000000000000000, 0.0000000000000000000, 0.0000000000000000000 ) ) ;
#7417 = PLANE ( 'NONE',  #4850 ) ;
#7418 = LINE ( 'NONE', #3508, #1467 ) ;
#7419 = ORIENTED_EDGE ( 'NONE', *, *, #5741, .F. ) ;
#7420 = PLANE ( 'NONE',  #6058 ) ;
#7421 = B_SPLINE_CURVE_WITH_KNOTS ( 'NONE', 3,
 ( #9873, #9841, #9117, #9083, #9047, #8309, #8269, #7537, #7500, #6737 ),
 .UNSPECIFIED., .F., .F.,
 ( 4, 2, 2, 2, 4 ),
 ( 0.0000000000000000000, 0.0001181621256567499800, 0.0002363242513134999500, 0.0003544863769702499300, 0.0004726485026269999100 ),
 .UNSPECIFIED. ) ;
#7422 = ORIENTED_EDGE ( 'NONE', *, *, #7974, .T. ) ;
#7423 =( NAMED_UNIT ( * ) PLANE_ANGLE_UNIT ( ) SI_UNIT ( $, .RADIAN. ) );
#7424 = DIRECTION ( 'NONE',  ( -0.3173046564050995300, 0.9483236552061967700, 0.0000000000000000000 ) ) ;
#7425 = CARTESIAN_POINT ( 'NONE',  ( -1.964612814636709000, 29.61132263784102700, -12.26500000000000200 ) ) ;
#7426 = VECTOR ( 'NONE', #1539, 1000.000000000000000 ) ;
#7427 = LINE ( 'NONE', #8188, #3061 ) ;
#7428 = ORIENTED_EDGE ( 'NONE', *, *, #9325, .T. ) ;
#7429 = STYLED_ITEM ( 'NONE', ( #8948 ), #4565 ) ;
#7430 = DIRECTION ( 'NONE',  ( 1.000000000000000000, 0.0000000000000000000, 0.0000000000000000000 ) ) ;
#7431 = ORIENTED_EDGE ( 'NONE', *, *, #5928, .F. ) ;
#7432 = STYLED_ITEM ( 'NONE', ( #249 ), #3241 ) ;
#7433 = FILL_AREA_STYLE ('',( #9018 ) ) ;
#7434 = UNCERTAINTY_MEASURE_WITH_UNIT (LENGTH_MEASURE( 1.000000000000000100E-005 ), #10063, 'distance_accuracy_value', 'NONE');
#7435 = LINE ( 'NONE', #688, #1483 ) ;
#7436 = CARTESIAN_POINT ( 'NONE',  ( 0.5500000005274974200, 20.96229349947143900, -11.99000000000000200 ) ) ;
#7437 = VERTEX_POINT ( 'NONE', #9782 ) ;
#7438 = UNCERTAINTY_MEASURE_WITH_UNIT (LENGTH_MEASURE( 1.000000000000000100E-005 ), #9448, 'distance_accuracy_value', 'NONE');
#7439 = DIRECTION ( 'NONE',  ( 0.0000000000000000000, 0.0000000000000000000, 1.000000000000000000 ) ) ;
#7440 = CARTESIAN_POINT ( 'NONE',  ( -1.448724405643815300, 31.59776680159689400, -12.00993248607590400 ) ) ;
#7441 = COLOUR_RGB ( '',1.000000000000000000, 0.0000000000000000000, 1.000000000000000000 ) ;
#7442 =( GEOMETRIC_REPRESENTATION_CONTEXT ( 3 ) GLOBAL_UNCERTAINTY_ASSIGNED_CONTEXT ( ( #544 ) ) GLOBAL_UNIT_ASSIGNED_CONTEXT ( ( #7714, #3047, #8495 ) ) REPRESENTATION_CONTEXT ( 'NONE', 'WORKASPACE' ) );
#7443 = VERTEX_POINT ( 'NONE', #9816 ) ;
#7444 = CIRCLE ( 'NONE', #5860, 7.399999999999999500 ) ;
#7445 = DIRECTION ( 'NONE',  ( -1.000000000000000000, 0.0000000000000000000, 0.0000000000000000000 ) ) ;
#7446 = COLOUR_RGB ( '',1.000000000000000000, 1.000000000000000000, 1.000000000000000000 ) ;
#7447 =( GEOMETRIC_REPRESENTATION_CONTEXT ( 3 ) GLOBAL_UNCERTAINTY_ASSIGNED_CONTEXT ( ( #7930 ) ) GLOBAL_UNIT_ASSIGNED_CONTEXT ( ( #776, #6144, #1520 ) ) REPRESENTATION_CONTEXT ( 'NONE', 'WORKASPACE' ) );
#7448 = VERTEX_POINT ( 'NONE', #4265 ) ;
#7449 = FILL_AREA_STYLE ('',( #8194 ) ) ;
#7450 = SURFACE_STYLE_USAGE ( .BOTH. , #2019 ) ;
#7451 = COLOUR_RGB ( '',1.000000000000000000, 0.0000000000000000000, 1.000000000000000000 ) ;
#7452 = UNCERTAINTY_MEASURE_WITH_UNIT (LENGTH_MEASURE( 1.000000000000000100E-005 ), #6232, 'distance_accuracy_value', 'NONE');
#7453 = ORIENTED_EDGE ( 'NONE', *, *, #9654, .T. ) ;
#7454 = FILL_AREA_STYLE_COLOUR ( '', #5936 ) ;
#7455 = SURFACE_STYLE_USAGE ( .BOTH. , #2029 ) ;
#7456 = CARTESIAN_POINT ( 'NONE',  ( 4.274084942581324300, 31.19610568662749000, -12.05676052840673800 ) ) ;
#7457 = VECTOR ( 'NONE', #5679, 1000.000000000000000 ) ;
#7458 = CYLINDRICAL_SURFACE ( 'NONE', #1313, 0.2000000000000000900 ) ;
#7459 = VERTEX_POINT ( 'NONE', #9029 ) ;
#7460 = ADVANCED_FACE ( 'NONE', ( #6484 ), #4299, .T. ) ;
#7461 = EDGE_CURVE ( 'NONE', #1299, #9294, #7886, .T. ) ;
#7462 = CARTESIAN_POINT ( 'NONE',  ( -1.964612814636709000, 29.61132263784102700, -9.765000000000000600 ) ) ;
#7463 = VECTOR ( 'NONE', #2250, 1000.000000000000000 ) ;
#7464 =( NAMED_UNIT ( * ) PLANE_ANGLE_UNIT ( ) SI_UNIT ( $, .RADIAN. ) );
#7465 = DIRECTION ( 'NONE',  ( -1.000000000000000000, 0.0000000000000000000, 0.0000000000000000000 ) ) ;
#7466 = CARTESIAN_POINT ( 'NONE',  ( 5.050000000527496100, 21.96229349947143600, -12.44000000000000100 ) ) ;
#7467 = ORIENTED_EDGE ( 'NONE', *, *, #1888, .F. ) ;
#7468 = MECHANICAL_DESIGN_GEOMETRIC_PRESENTATION_REPRESENTATION (  '', ( #6420 ), #8039 ) ;
#7469 = EDGE_CURVE ( 'NONE', #7830, #181, #1900, .T. ) ;
#7470 = SURFACE_STYLE_USAGE ( .BOTH. , #2041 ) ;
#7471 = CYLINDRICAL_SURFACE ( 'NONE', #3228, 0.2000000000000005100 ) ;
#7472 =( LENGTH_UNIT ( ) NAMED_UNIT ( * ) SI_UNIT ( .MILLI., .METRE. ) );
#7473 = FILL_AREA_STYLE ('',( #2079 ) ) ;
#7474 = STYLED_ITEM ( 'NONE', ( #8579 ), #659 ) ;
#7475 = EDGE_CURVE ( 'NONE', #7824, #8155, #5726, .T. ) ;
#7476 = VECTOR ( 'NONE', #7241, 1000.000000000000000 ) ;
#7477 = DIRECTION ( 'NONE',  ( 1.000000000000000000, 0.0000000000000000000, 0.0000000000000000000 ) ) ;
#7478 = AXIS2_PLACEMENT_3D ( 'NONE', #3318, #6332, #8685 ) ;
#7479 = ORIENTED_EDGE ( 'NONE', *, *, #1907, .F. ) ;
#7480 = DIRECTION ( 'NONE',  ( 0.0000000000000000000, 0.0000000000000000000, -1.000000000000000000 ) ) ;
#7481 = B_SPLINE_CURVE_WITH_KNOTS ( 'NONE', 3,
 ( #2117, #583, #2871, #7562 ),
 .UNSPECIFIED., .F., .F.,
 ( 4, 4 ),
 ( 0.0003934961156029108300, 0.0004322645935263398000 ),
 .UNSPECIFIED. ) ;
#7482 = ORIENTED_EDGE ( 'NONE', *, *, #5029, .T. ) ;
#7483 = STYLED_ITEM ( 'NONE', ( #7025 ), #6334 ) ;
#7484 = SURFACE_STYLE_FILL_AREA ( #3594 ) ;
#7485 = AXIS2_PLACEMENT_3D ( 'NONE', #1219, #8987, #491 ) ;
#7486 = FILL_AREA_STYLE ('',( #9039 ) ) ;
#7487 = CARTESIAN_POINT ( 'NONE',  ( 3.451918204600273200, 31.57078865555121200, -9.995704663901641100 ) ) ;
#7488 = LINE ( 'NONE', #8337, #1541 ) ;
#7489 = SURFACE_SIDE_STYLE ('',( #9617 ) ) ;
#7490 = CONICAL_SURFACE ( 'NONE', #6033, 0.2999999999968841500, 0.7853981633974460600 ) ;
#7491 = MECHANICAL_DESIGN_GEOMETRIC_PRESENTATION_REPRESENTATION (  '', ( #4291 ), #8062 ) ;
#7492 = VECTOR ( 'NONE', #10036, 1000.000000000000000 ) ;
#7493 = SURFACE_STYLE_FILL_AREA ( #5394 ) ;
#7494 = ORIENTED_EDGE ( 'NONE', *, *, #7530, .T. ) ;
#7495 = VERTEX_POINT ( 'NONE', #4364 ) ;
#7496 =( NAMED_UNIT ( * ) PLANE_ANGLE_UNIT ( ) SI_UNIT ( $, .RADIAN. ) );
#7497 =( LENGTH_UNIT ( ) NAMED_UNIT ( * ) SI_UNIT ( .MILLI., .METRE. ) );
#7498 = ORIENTED_EDGE ( 'NONE', *, *, #9704, .T. ) ;
#7500 = CARTESIAN_POINT ( 'NONE',  ( 7.393443656959267900, 27.98563970480204700, -12.15946150983728200 ) ) ;
#7499 = DIRECTION ( 'NONE',  ( 0.0000000000000000000, 0.0000000000000000000, -1.000000000000000000 ) ) ;
#7501 = MECHANICAL_DESIGN_GEOMETRIC_PRESENTATION_REPRESENTATION (  '', ( #6448 ), #8070 ) ;
#7502 = CARTESIAN_POINT ( 'NONE',  ( 2.050000000527497000, 20.96229349947143900, -11.99000000000000200 ) ) ;
#7503 = DIRECTION ( 'NONE',  ( 0.0000000000000000000, 0.0000000000000000000, -1.000000000000000000 ) ) ;
#7504 = VECTOR ( 'NONE', #5885, 1000.000000000000000 ) ;
#7505 = FILL_AREA_STYLE_COLOUR ( '', #9193 ) ;
#7506 = ORIENTED_EDGE ( 'NONE', *, *, #4520, .T. ) ;
#7507 = ORIENTED_EDGE ( 'NONE', *, *, #7242, .T. ) ;
#7508 = ADVANCED_FACE ( 'NONE', ( #1658 ), #4764, .F. ) ;
#7509 =( NAMED_UNIT ( * ) PLANE_ANGLE_UNIT ( ) SI_UNIT ( $, .RADIAN. ) );
#7510 = VECTOR ( 'NONE', #8953, 1000.000000000000000 ) ;
#7511 = SURFACE_STYLE_USAGE ( .BOTH. , #8284 ) ;
#7512 = DIRECTION ( 'NONE',  ( 0.0000000000000000000, 1.000000000000000000, 0.0000000000000000000 ) ) ;
#7513 = LINE ( 'NONE', #4526, #1314 ) ;
#7514 = FILL_AREA_STYLE ('',( #6721 ) ) ;
#7515 = DIRECTION ( 'NONE',  ( 0.0000000000000000000, 0.0000000000000000000, 1.000000000000000000 ) ) ;
#7516 = SURFACE_SIDE_STYLE ('',( #6659 ) ) ;
#7517 = ORIENTED_EDGE ( 'NONE', *, *, #4760, .F. ) ;
#7518 = CARTESIAN_POINT ( 'NONE',  ( -1.781507630964159300, 29.63542085853180600, -12.26500000000000200 ) ) ;
#7519 = ORIENTED_EDGE ( 'NONE', *, *, #1439, .F. ) ;
#7520 = ORIENTED_EDGE ( 'NONE', *, *, #4136, .T. ) ;
#7521 = VECTOR ( 'NONE', #5241, 1000.000000000000000 ) ;
#7522 = AXIS2_PLACEMENT_3D ( 'NONE', #7001, #3880, #7040 ) ;
#7523 = ORIENTED_EDGE ( 'NONE', *, *, #6421, .T. ) ;
#7524 = CARTESIAN_POINT ( 'NONE',  ( -4.098378041524672000, 30.02574280709371400, -11.01500000000000200 ) ) ;
#7525 =( LENGTH_UNIT ( ) NAMED_UNIT ( * ) SI_UNIT ( .MILLI., .METRE. ) );
#7526 = SURFACE_SIDE_STYLE ('',( #9602 ) ) ;
#7527 = DIRECTION ( 'NONE',  ( -1.000000000000000000, 0.0000000000000000000, 0.0000000000000000000 ) ) ;
#7528 = EDGE_CURVE ( 'NONE', #924, #200, #8957, .T. ) ;
#7529 = VERTEX_POINT ( 'NONE', #4393 ) ;
#7530 = EDGE_CURVE ( 'NONE', #9531, #8255, #6856, .T. ) ;
#7531 = ORIENTED_EDGE ( 'NONE', *, *, #1942, .F. ) ;
#7532 = VERTEX_POINT ( 'NONE', #2140 ) ;
#7533 = AXIS2_PLACEMENT_3D ( 'NONE', #6641, #6602, #6574 ) ;
#7534 = ORIENTED_EDGE ( 'NONE', *, *, #3057, .T. ) ;
#7535 = SURFACE_STYLE_USAGE ( .BOTH. , #7612 ) ;
#7537 = CARTESIAN_POINT ( 'NONE',  ( 7.404607878483692400, 27.94501258067992600, -12.16821135108339500 ) ) ;
#7536 = CARTESIAN_POINT ( 'NONE',  ( 0.5500000005274974200, 20.81229349947144100, -11.84000000000000200 ) ) ;
#7538 = CYLINDRICAL_SURFACE ( 'NONE', #4361, 7.400000000000000400 ) ;
#7539 = CARTESIAN_POINT ( 'NONE',  ( 6.602453769200102400, 26.46229349947144300, -12.49000000000000200 ) ) ;
#7540 = ORIENTED_EDGE ( 'NONE', *, *, #9919, .F. ) ;
#7541 = CARTESIAN_POINT ( 'NONE',  ( 5.602453769200100600, 26.46229349947144300, -12.44000000000000100 ) ) ;
#7542 = DIRECTION ( 'NONE',  ( 0.0000000000000000000, -0.0000000000000000000, 1.000000000000000000 ) ) ;
#7543 = VERTEX_POINT ( 'NONE', #5968 ) ;
#7544 = ORIENTED_EDGE ( 'NONE', *, *, #9053, .F. ) ;
#7545 =( NAMED_UNIT ( * ) PLANE_ANGLE_UNIT ( ) SI_UNIT ( $, .RADIAN. ) );
#7546 = EDGE_CURVE ( 'NONE', #940, #1451, #2971, .T. ) ;
#7547 = EDGE_CURVE ( 'NONE', #7437, #8347, #6591, .T. ) ;
#7548 = AXIS2_PLACEMENT_3D ( 'NONE', #4288, #9807, #5063 ) ;
#7549 = DIRECTION ( 'NONE',  ( 0.0000000000000000000, 0.0000000000000000000, -1.000000000000000000 ) ) ;
#7550 = PRESENTATION_LAYER_ASSIGNMENT (  '', '', ( #5934 ) ) ;
#7551 = VERTEX_POINT ( 'NONE', #6789 ) ;
#7552 = VERTEX_POINT ( 'NONE', #1393 ) ;
#7553 =( LENGTH_UNIT ( ) NAMED_UNIT ( * ) SI_UNIT ( .MILLI., .METRE. ) );
#7554 = PLANE ( 'NONE',  #2096 ) ;
#7555 = AXIS2_PLACEMENT_3D ( 'NONE', #6792, #2145, #7593 ) ;
#7556 = ORIENTED_EDGE ( 'NONE', *, *, #1781, .T. ) ;
#7557 = CARTESIAN_POINT ( 'NONE',  ( 5.050000000527496100, 20.96229349947143900, -11.84000000000000200 ) ) ;
#7558 = DIRECTION ( 'NONE',  ( -5.782411586589357200E-015, -1.000000000000000000, 0.0000000000000000000 ) ) ;
#7559 = EDGE_CURVE ( 'NONE', #4009, #8177, #444, .T. ) ;
#7560 = FILL_AREA_STYLE ('',( #6761 ) ) ;
#7561 = B_SPLINE_CURVE_WITH_KNOTS ( 'NONE', 3,
 ( #110, #6245, #2407, #7869 ),
 .UNSPECIFIED., .F., .F.,
 ( 4, 4 ),
 ( 0.0000000000000000000, 0.0001634425551870904400 ),
 .UNSPECIFIED. ) ;
#7562 = CARTESIAN_POINT ( 'NONE',  ( 8.258755517647431400, 26.10118238836032500, -11.96500000000000200 ) ) ;
#7563 = LINE ( 'NONE', #2240, #5449 ) ;
#7564 =( LENGTH_UNIT ( ) NAMED_UNIT ( * ) SI_UNIT ( .MILLI., .METRE. ) );
#7565 = DIRECTION ( 'NONE',  ( 0.0000000000000000000, -0.0000000000000000000, 1.000000000000000000 ) ) ;
#7566 = CARTESIAN_POINT ( 'NONE',  ( 3.550000000527496100, 21.96229349947142100, -12.54000000000000300 ) ) ;
#7567 = SURFACE_STYLE_FILL_AREA ( #5941 ) ;
#7568 = ORIENTED_EDGE ( 'NONE', *, *, #1768, .F. ) ;
#7569 = SURFACE_SIDE_STYLE ('',( #6513 ) ) ;
#7570 =( GEOMETRIC_REPRESENTATION_CONTEXT ( 3 ) GLOBAL_UNCERTAINTY_ASSIGNED_CONTEXT ( ( #6367 ) ) GLOBAL_UNIT_ASSIGNED_CONTEXT ( ( #6936, #2282, #7728 ) ) REPRESENTATION_CONTEXT ( 'NONE', 'WORKASPACE' ) );
#7571 = ADVANCED_FACE ( 'NONE', ( #2499 ), #9203, .T. ) ;
#7572 = UNCERTAINTY_MEASURE_WITH_UNIT (LENGTH_MEASURE( 1.000000000000000100E-005 ), #8362, 'distance_accuracy_value', 'NONE');
#7573 = CIRCLE ( 'NONE', #1561, 0.2999999999968841500 ) ;
#7574 = DIRECTION ( 'NONE',  ( 0.9396926207859092100, -0.3420201433256663300, -0.0000000000000000000 ) ) ;
#7575 = SURFACE_SIDE_STYLE ('',( #4991 ) ) ;
#7576 = EDGE_LOOP ( 'NONE', ( #5015, #8290, #5379, #8068 ) ) ;
#7577 = CARTESIAN_POINT ( 'NONE',  ( 1.000000000527495600, 24.86229299947142100, -12.26500000000000200 ) ) ;
#7578 = UNCERTAINTY_MEASURE_WITH_UNIT (LENGTH_MEASURE( 1.000000000000000100E-005 ), #7692, 'distance_accuracy_value', 'NONE');
#7579 = STYLED_ITEM ( 'NONE', ( #996 ), #3552 ) ;
#7580 = DIRECTION ( 'NONE',  ( 0.0000000000000000000, 0.0000000000000000000, -1.000000000000000000 ) ) ;
#7581 = ORIENTED_EDGE ( 'NONE', *, *, #8278, .T. ) ;
#7582 =( NAMED_UNIT ( * ) SI_UNIT ( $, .STERADIAN. ) SOLID_ANGLE_UNIT ( ) );
#7583 = SURFACE_STYLE_USAGE ( .BOTH. , #2130 ) ;
#7584 = CARTESIAN_POINT ( 'NONE',  ( 1.899995377965719300, 32.00735987085298000, -10.06500000000000100 ) ) ;
#7585 = ORIENTED_EDGE ( 'NONE', *, *, #3525, .F. ) ;
#7586 = COLOUR_RGB ( '',0.0000000000000000000, 0.0000000000000000000, 1.000000000000000000 ) ;
#7587 = SURFACE_STYLE_FILL_AREA ( #3855 ) ;
#7588 = ORIENTED_EDGE ( 'NONE', *, *, #6421, .F. ) ;
#7589 = ORIENTED_EDGE ( 'NONE', *, *, #9530, .F. ) ;
#7590 = DIRECTION ( 'NONE',  ( 0.0000000000000000000, 0.0000000000000000000, -1.000000000000000000 ) ) ;
#7591 = AXIS2_PLACEMENT_3D ( 'NONE', #1044, #6453, #325 ) ;
#7592 = VECTOR ( 'NONE', #9731, 1000.000000000000000 ) ;
#7593 = DIRECTION ( 'NONE',  ( -1.000000000000000000, 0.0000000000000000000, 0.0000000000000000000 ) ) ;
#7594 = DIRECTION ( 'NONE',  ( 0.0000000000000000000, 0.0000000000000000000, -1.000000000000000000 ) ) ;
#7595 =( NAMED_UNIT ( * ) PLANE_ANGLE_UNIT ( ) SI_UNIT ( $, .RADIAN. ) );
#7596 = ORIENTED_EDGE ( 'NONE', *, *, #2516, .T. ) ;
#7597 = EDGE_CURVE ( 'NONE', #2977, #1050, #9805, .T. ) ;
#7598 = CARTESIAN_POINT ( 'NONE',  ( -3.079104595221441500, 30.83650951518910300, -10.06500000000000100 ) ) ;
#7599 = VERTEX_POINT ( 'NONE', #3758 ) ;
#7600 = EDGE_CURVE ( 'NONE', #7049, #10022, #7730, .T. ) ;
#7601 = FILL_AREA_STYLE_COLOUR ( '', #1724 ) ;
#7602 = CARTESIAN_POINT ( 'NONE',  ( 0.9999953779657178000, 25.66229349947143500, -12.26500000000000200 ) ) ;
#7603 = PRESENTATION_LAYER_ASSIGNMENT (  '', '', ( #5980 ) ) ;
#7604 = CARTESIAN_POINT ( 'NONE',  ( 8.155581381987181200, 25.87834230867256100, -9.923135187229680900 ) ) ;
#7605 =( NAMED_UNIT ( * ) SI_UNIT ( $, .STERADIAN. ) SOLID_ANGLE_UNIT ( ) );
#7606 = PRESENTATION_STYLE_ASSIGNMENT (( #2111 ) ) ;
#7607 = DIRECTION ( 'NONE',  ( 0.0000000000000000000, 1.000000000000000000, 0.0000000000000000000 ) ) ;
#7608 = STYLED_ITEM ( 'NONE', ( #3912 ), #8572 ) ;
#7609 = EDGE_CURVE ( 'NONE', #6871, #9742, #3540, .T. ) ;
#7610 = CARTESIAN_POINT ( 'NONE',  ( 0.5500000005274954300, 21.96229349947143600, -12.54000000000000300 ) ) ;
#7611 = VECTOR ( 'NONE', #4140, 1000.000000000000000 ) ;
#7612 = SURFACE_SIDE_STYLE ('',( #4689 ) ) ;
#7613 = COLOUR_RGB ( '',0.0000000000000000000, 0.0000000000000000000, 1.000000000000000000 ) ;
#7614 = CARTESIAN_POINT ( 'NONE',  ( 6.689906053949337100, 29.34404418319660800, -10.03343760801937600 ) ) ;
#7615 = DIRECTION ( 'NONE',  ( 0.0000000000000000000, 1.000000000000000000, 0.0000000000000000000 ) ) ;
#7616 = MECHANICAL_DESIGN_GEOMETRIC_PRESENTATION_REPRESENTATION (  '', ( #6546 ), #8156 ) ;
#7617 = PRESENTATION_LAYER_ASSIGNMENT (  '', '', ( #7120 ) ) ;
#7618 = CARTESIAN_POINT ( 'NONE',  ( 3.798665371252526200, 31.42851317425689900, -12.04285997452911500 ) ) ;
#7619 = ORIENTED_EDGE ( 'NONE', *, *, #3675, .T. ) ;
#7620 =( NAMED_UNIT ( * ) SI_UNIT ( $, .STERADIAN. ) SOLID_ANGLE_UNIT ( ) );
#7621 = LINE ( 'NONE', #8251, #1406 ) ;
#7622 = VECTOR ( 'NONE', #113, 1000.000000000000000 ) ;
#7623 = ADVANCED_FACE ( 'NONE', ( #5605 ), #559, .T. ) ;
#7624 = ORIENTED_EDGE ( 'NONE', *, *, #5861, .F. ) ;
#7625 = DIRECTION ( 'NONE',  ( -7.150856675050581200E-016, -1.000000000000000000, 0.0000000000000000000 ) ) ;
#7626 = ORIENTED_EDGE ( 'NONE', *, *, #4719, .T. ) ;
#7627 = AXIS2_PLACEMENT_3D ( 'NONE', #8196, #7739, #8811 ) ;
#7628 = ORIENTED_EDGE ( 'NONE', *, *, #4831, .F. ) ;
#7629 = FILL_AREA_STYLE_COLOUR ( '', #8515 ) ;
#7630 = CARTESIAN_POINT ( 'NONE',  ( 7.882783279418045000, 27.38023954448804900, -11.01500000000000200 ) ) ;
#7631 = FILL_AREA_STYLE ('',( #9954 ) ) ;
#7632 =( NAMED_UNIT ( * ) SI_UNIT ( $, .STERADIAN. ) SOLID_ANGLE_UNIT ( ) );
#7633 = COLOUR_RGB ( '',1.000000000000000000, 0.0000000000000000000, 1.000000000000000000 ) ;
#7634 = B_SPLINE_CURVE_WITH_KNOTS ( 'NONE', 3,
 ( #3242, #7982, #8736, #4047 ),
 .UNSPECIFIED., .F., .F.,
 ( 4, 4 ),
 ( 0.0005888702489319550400, 0.0007518333104570091000 ),
 .UNSPECIFIED. ) ;
#7635 = LINE ( 'NONE', #9474, #5519 ) ;
#7636 = STYLED_ITEM ( 'NONE', ( #9803 ), #4438 ) ;
#7637 = DIRECTION ( 'NONE',  ( 0.0000000000000000000, -1.000000000000000000, 0.0000000000000000000 ) ) ;
#7638 =( LENGTH_UNIT ( ) NAMED_UNIT ( * ) SI_UNIT ( .MILLI., .METRE. ) );
#7639 = CARTESIAN_POINT ( 'NONE',  ( -4.679706214344721900, 29.33540898332606500, -10.02006751392409400 ) ) ;
#7640 = VERTEX_POINT ( 'NONE', #7701 ) ;
#7641 = SURFACE_STYLE_USAGE ( .BOTH. , #2193 ) ;
#7642 = AXIS2_PLACEMENT_3D ( 'NONE', #9513, #6706, #3559 ) ;
#7643 = EDGE_LOOP ( 'NONE', ( #8169, #170, #280, #6538, #8898, #7066 ) ) ;
#7644 = CARTESIAN_POINT ( 'NONE',  ( -4.852453961876661600, 26.46229349947144300, -12.54000000000000300 ) ) ;
#7645 = VECTOR ( 'NONE', #8433, 1000.000000000000200 ) ;
#7646 = FILL_AREA_STYLE ('',( #8649 ) ) ;
#7647 = VECTOR ( 'NONE', #8632, 1000.000000000000000 ) ;
#7648 =( NAMED_UNIT ( * ) PLANE_ANGLE_UNIT ( ) SI_UNIT ( $, .RADIAN. ) );
#7649 = MECHANICAL_DESIGN_GEOMETRIC_PRESENTATION_REPRESENTATION (  '', ( #6571 ), #8186 ) ;
#7650 = COLOUR_RGB ( '',1.000000000000000000, 0.0000000000000000000, 1.000000000000000000 ) ;
#7651 = DIRECTION ( 'NONE',  ( 0.9927738916792685500, 0.1199999999999998400, 0.0000000000000000000 ) ) ;
#7652 = EDGE_LOOP ( 'NONE', ( #2686, #8910, #901, #1123, #3164, #3397, #7659, #7944 ) ) ;
#7653 = CARTESIAN_POINT ( 'NONE',  ( 2.647792198205541200, 31.69996225541810700, -12.13702278557020800 ) ) ;
#7654 = VECTOR ( 'NONE', #879, 1000.000000000000000 ) ;
#7655 = ORIENTED_EDGE ( 'NONE', *, *, #5616, .T. ) ;
#7656 = DIRECTION ( 'NONE',  ( 0.0000000000000000000, 0.0000000000000000000, -1.000000000000000000 ) ) ;
#7657 =( GEOMETRIC_REPRESENTATION_CONTEXT ( 3 ) GLOBAL_UNCERTAINTY_ASSIGNED_CONTEXT ( ( #3214 ) ) GLOBAL_UNIT_ASSIGNED_CONTEXT ( ( #8367, #3665, #9157 ) ) REPRESENTATION_CONTEXT ( 'NONE', 'WORKASPACE' ) );
#7658 = SURFACE_STYLE_USAGE ( .BOTH. , #5224 ) ;
#7659 = ORIENTED_EDGE ( 'NONE', *, *, #7022, .T. ) ;
#7660 = DIRECTION ( 'NONE',  ( 1.000000000000000000, -7.150856675050581200E-016, -0.0000000000000000000 ) ) ;
#7661 = ORIENTED_EDGE ( 'NONE', *, *, #1548, .F. ) ;
#7662 = ORIENTED_EDGE ( 'NONE', *, *, #336, .F. ) ;
#7663 = ORIENTED_EDGE ( 'NONE', *, *, #3727, .T. ) ;
#7664 = DIRECTION ( 'NONE',  ( 0.0000000000000000000, 0.0000000000000000000, -1.000000000000000000 ) ) ;
#7665 = ORIENTED_EDGE ( 'NONE', *, *, #4345, .T. ) ;
#7666 = VECTOR ( 'NONE', #9122, 1000.000000000000000 ) ;
#7667 = DIRECTION ( 'NONE',  ( 0.0000000000000000000, 0.0000000000000000000, -1.000000000000000000 ) ) ;
#7668 = CARTESIAN_POINT ( 'NONE',  ( 0.9999953779657178000, 24.66229349947143800, -11.96500000000000200 ) ) ;
#7669 = SURFACE_STYLE_FILL_AREA ( #713 ) ;
#7670 = ORIENTED_EDGE ( 'NONE', *, *, #3351, .F. ) ;
#7671 = DIRECTION ( 'NONE',  ( 0.0000000000000000000, 1.000000000000000000, 0.0000000000000000000 ) ) ;
#7672 = FILL_AREA_STYLE ('',( #6553 ) ) ;
#7673 = CARTESIAN_POINT ( 'NONE',  ( 0.9999953779657178000, 24.66229349947143800, -10.06500000000000100 ) ) ;
#7674 = ORIENTED_EDGE ( 'NONE', *, *, #285, .T. ) ;
#7675 =( GEOMETRIC_REPRESENTATION_CONTEXT ( 3 ) GLOBAL_UNCERTAINTY_ASSIGNED_CONTEXT ( ( #6677 ) ) GLOBAL_UNIT_ASSIGNED_CONTEXT ( ( #9858, #5102, #546 ) ) REPRESENTATION_CONTEXT ( 'NONE', 'WORKASPACE' ) );
#7676 = ORIENTED_EDGE ( 'NONE', *, *, #5616, .F. ) ;
#7677 = SURFACE_SIDE_STYLE ('',( #4825 ) ) ;
#7678 = CARTESIAN_POINT ( 'NONE',  ( -0.004276254796804005800, 31.99392555064675700, -11.94344712405964200 ) ) ;
#7679 = CARTESIAN_POINT ( 'NONE',  ( -4.398767518362420000, 29.43835421985850300, -9.873101976561281700 ) ) ;
#7680 = CARTESIAN_POINT ( 'NONE',  ( -0.9499999994725030200, 20.96229349947143900, -11.99000000000000200 ) ) ;
#7681 = COLOUR_RGB ( '',1.000000000000000000, 0.0000000000000000000, 1.000000000000000000 ) ;
#7682 =( NAMED_UNIT ( * ) PLANE_ANGLE_UNIT ( ) SI_UNIT ( $, .RADIAN. ) );
#7683 = ADVANCED_FACE ( 'NONE', ( #8832 ), #3067, .F. ) ;
#7684 = ORIENTED_EDGE ( 'NONE', *, *, #7233, .F. ) ;
#7685 = EDGE_CURVE ( 'NONE', #7846, #7081, #1889, .T. ) ;
#7686 = AXIS2_PLACEMENT_3D ( 'NONE', #6119, #6049, #5303 ) ;
#7687 = FILL_AREA_STYLE ('',( #698 ) ) ;
#7688 =( NAMED_UNIT ( * ) PLANE_ANGLE_UNIT ( ) SI_UNIT ( $, .RADIAN. ) );
#7689 = DIRECTION ( 'NONE',  ( 0.0000000000000000000, -0.0000000000000000000, 1.000000000000000000 ) ) ;
#7690 = CARTESIAN_POINT ( 'NONE',  ( 4.281922656793116600, 31.25977200367533000, -11.99629800453158700 ) ) ;
#7691 = CARTESIAN_POINT ( 'NONE',  ( -0.9499999994725048000, 21.96229349947143600, -12.54000000000000300 ) ) ;
#7692 =( LENGTH_UNIT ( ) NAMED_UNIT ( * ) SI_UNIT ( .MILLI., .METRE. ) );
#7693 = DIRECTION ( 'NONE',  ( 0.0000000000000000000, 0.0000000000000000000, -1.000000000000000000 ) ) ;
#7694 = COLOUR_RGB ( '',1.000000000000000000, 0.0000000000000000000, 1.000000000000000000 ) ;
#7695 =( GEOMETRIC_REPRESENTATION_CONTEXT ( 3 ) GLOBAL_UNCERTAINTY_ASSIGNED_CONTEXT ( ( #3435 ) ) GLOBAL_UNIT_ASSIGNED_CONTEXT ( ( #9725, #5169, #9695 ) ) REPRESENTATION_CONTEXT ( 'NONE', 'WORKASPACE' ) );
#7696 = EDGE_CURVE ( 'NONE', #2519, #4741, #9918, .T. ) ;
#7697 = FILL_AREA_STYLE_COLOUR ( '', #3574 ) ;
#7698 = STYLED_ITEM ( 'NONE', ( #5571 ), #1783 ) ;
#7699 = AXIS2_PLACEMENT_3D ( 'NONE', #2595, #8069, #3359 ) ;
#7700 = VECTOR ( 'NONE', #8158, 1000.000000000000000 ) ;
#7701 = CARTESIAN_POINT ( 'NONE',  ( 6.702453769200101200, 26.46229349947144300, -12.44000000000000100 ) ) ;
#7702 = EDGE_LOOP ( 'NONE', ( #8425, #205, #9522, #4519 ) ) ;
#7703 = PRESENTATION_LAYER_ASSIGNMENT (  '', '', ( #8233 ) ) ;
#7704 = PRESENTATION_LAYER_ASSIGNMENT (  '', '', ( #6621 ) ) ;
#7705 = DIRECTION ( 'NONE',  ( 0.0000000000000000000, 0.0000000000000000000, -1.000000000000000000 ) ) ;
#7706 = LINE ( 'NONE', #4900, #9553 ) ;
#7707 = ORIENTED_EDGE ( 'NONE', *, *, #7393, .F. ) ;
#7708 = CARTESIAN_POINT ( 'NONE',  ( -3.299999999472504400, 20.96229614966531000, -12.44000000000000100 ) ) ;
#7709 = DIRECTION ( 'NONE',  ( -1.000000000000000000, 0.0000000000000000000, 0.0000000000000000000 ) ) ;
#7710 = B_SPLINE_CURVE_WITH_KNOTS ( 'NONE', 3,
 ( #42, #2349, #7801, #3117 ),
 .UNSPECIFIED., .F., .F.,
 ( 4, 4 ),
 ( 0.0006875311278292680200, 0.0007518333104570036700 ),
 .UNSPECIFIED. ) ;
#7711 = UNCERTAINTY_MEASURE_WITH_UNIT (LENGTH_MEASURE( 1.000000000000000100E-005 ), #6415, 'distance_accuracy_value', 'NONE');
#7712 = DIRECTION ( 'NONE',  ( 0.7071067811865460200, 0.0000000000000000000, 0.7071067811865490200 ) ) ;
#7713 = DIRECTION ( 'NONE',  ( -0.9396926207859093200, 0.3420201433256663800, 0.0000000000000000000 ) ) ;
#7714 =( LENGTH_UNIT ( ) NAMED_UNIT ( * ) SI_UNIT ( .MILLI., .METRE. ) );
#7715 = ORIENTED_EDGE ( 'NONE', *, *, #8264, .F. ) ;
#7716 = DIRECTION ( 'NONE',  ( -1.000000000000000000, 0.0000000000000000000, 0.0000000000000000000 ) ) ;
#7717 = DIRECTION ( 'NONE',  ( 0.0000000000000000000, 0.0000000000000000000, 1.000000000000000000 ) ) ;
#7718 =( NAMED_UNIT ( * ) PLANE_ANGLE_UNIT ( ) SI_UNIT ( $, .RADIAN. ) );
#7719 = LINE ( 'NONE', #6985, #3529 ) ;
#7720 =( GEOMETRIC_REPRESENTATION_CONTEXT ( 3 ) GLOBAL_UNCERTAINTY_ASSIGNED_CONTEXT ( ( #3806 ) ) GLOBAL_UNIT_ASSIGNED_CONTEXT ( ( #6277, #1664, #7112 ) ) REPRESENTATION_CONTEXT ( 'NONE', 'WORKASPACE' ) );
#7721 = SURFACE_STYLE_USAGE ( .BOTH. , #2268 ) ;
#7722 = DIRECTION ( 'NONE',  ( -1.000000000000000000, 0.0000000000000000000, 0.0000000000000000000 ) ) ;
#7723 = CYLINDRICAL_SURFACE ( 'NONE', #1351, 0.1999999999999996500 ) ;
#7724 = PRESENTATION_STYLE_ASSIGNMENT (( #3952 ) ) ;
#7725 = DIRECTION ( 'NONE',  ( -1.000000000000000000, 0.0000000000000000000, 0.0000000000000000000 ) ) ;
#7726 = DIRECTION ( 'NONE',  ( -1.000000000000000000, 0.0000000000000000000, 0.0000000000000000000 ) ) ;
#7727 = VECTOR ( 'NONE', #4243, 1000.000000000000200 ) ;
#7728 =( NAMED_UNIT ( * ) SI_UNIT ( $, .STERADIAN. ) SOLID_ANGLE_UNIT ( ) );
#7729 = EDGE_CURVE ( 'NONE', #9294, #3823, #3922, .T. ) ;
#7730 = LINE ( 'NONE', #10020, #1514 ) ;
#7731 = ADVANCED_FACE ( 'NONE', ( #5717 ), #4984, .T. ) ;
#7732 = CARTESIAN_POINT ( 'NONE',  ( 3.550000000527496100, 21.96229349947142100, -12.54000000000000300 ) ) ;
#7733 = ORIENTED_EDGE ( 'NONE', *, *, #5059, .T. ) ;
#7734 = PRESENTATION_LAYER_ASSIGNMENT (  '', '', ( #8259 ) ) ;
#7735 = CYLINDRICAL_SURFACE ( 'NONE', #2882, 0.2000012755846080900 ) ;
#7736 = CARTESIAN_POINT ( 'NONE',  ( 5.602453769200100600, 26.46229349947144300, -12.54000000000000300 ) ) ;
#7737 = SURFACE_STYLE_USAGE ( .BOTH. , #2294 ) ;
#7738 = CYLINDRICAL_SURFACE ( 'NONE', #6233, 0.2000000000000000900 ) ;
#7739 = DIRECTION ( 'NONE',  ( 0.0000000000000000000, -0.0000000000000000000, 1.000000000000000000 ) ) ;
#7740 = EDGE_CURVE ( 'NONE', #8147, #5159, #949, .T. ) ;
#7741 = EDGE_CURVE ( 'NONE', #1594, #4530, #7710, .T. ) ;
#7742 = ORIENTED_EDGE ( 'NONE', *, *, #1340, .T. ) ;
#7743 =( NAMED_UNIT ( * ) SI_UNIT ( $, .STERADIAN. ) SOLID_ANGLE_UNIT ( ) );
#7744 = ADVANCED_FACE ( 'NONE', ( #2961 ), #10041, .T. ) ;
#7745 =( GEOMETRIC_REPRESENTATION_CONTEXT ( 3 ) GLOBAL_UNCERTAINTY_ASSIGNED_CONTEXT ( ( #4794 ) ) GLOBAL_UNIT_ASSIGNED_CONTEXT ( ( #6991, #2337, #7788 ) ) REPRESENTATION_CONTEXT ( 'NONE', 'WORKASPACE' ) );
#7746 = FILL_AREA_STYLE_COLOUR ( '', #619 ) ;
#7747 =( NAMED_UNIT ( * ) PLANE_ANGLE_UNIT ( ) SI_UNIT ( $, .RADIAN. ) );
#7748 = CARTESIAN_POINT ( 'NONE',  ( -5.758084857639068400, 27.24381318222212300, -9.899309202143234300 ) ) ;
#7749 = FILL_AREA_STYLE ('',( #4543 ) ) ;
#7750 = FACE_OUTER_BOUND ( 'NONE', #1485, .T. ) ;
#7751 = SURFACE_STYLE_FILL_AREA ( #2776 ) ;
#7752 = ORIENTED_EDGE ( 'NONE', *, *, #8984, .F. ) ;
#7753 = ORIENTED_EDGE ( 'NONE', *, *, #1761, .F. ) ;
#7754 = DIRECTION ( 'NONE',  ( -1.000000000000000000, 0.0000000000000000000, 0.0000000000000000000 ) ) ;
#7755 =( NAMED_UNIT ( * ) PLANE_ANGLE_UNIT ( ) SI_UNIT ( $, .RADIAN. ) );
#7756 = DIRECTION ( 'NONE',  ( -0.0000000000000000000, -0.0000000000000000000, 1.000000000000000000 ) ) ;
#7757 = ORIENTED_EDGE ( 'NONE', *, *, #3512, .F. ) ;
#7758 = CARTESIAN_POINT ( 'NONE',  ( -4.955467669422934500, 28.90177814538556700, -12.05474872335444100 ) ) ;
#7759 = EDGE_CURVE ( 'NONE', #4503, #6241, #4049, .T. ) ;
#7760 = PRESENTATION_STYLE_ASSIGNMENT (( #2873 ) ) ;
#7761 = CARTESIAN_POINT ( 'NONE',  ( 5.050000000527496100, 20.96229349947143900, -11.99000000000000200 ) ) ;
#7762 = EDGE_CURVE ( 'NONE', #3823, #5859, #8214, .T. ) ;
#7763 = LINE ( 'NONE', #1061, #5632 ) ;
#7764 = SURFACE_STYLE_FILL_AREA ( #6101 ) ;
#7765 = LINE ( 'NONE', #10064, #4515 ) ;
#7766 = MECHANICAL_DESIGN_GEOMETRIC_PRESENTATION_REPRESENTATION (  '', ( #6681 ), #8280 ) ;
#7767 = ORIENTED_EDGE ( 'NONE', *, *, #1958, .F. ) ;
#7768 = STYLED_ITEM ( 'NONE', ( #5560 ), #9290 ) ;
#7769 = CARTESIAN_POINT ( 'NONE',  ( -0.04999999947250471200, 20.66229349947143800, -11.84000000000000200 ) ) ;
#7770 = ORIENTED_EDGE ( 'NONE', *, *, #6151, .F. ) ;
#7771 = AXIS2_PLACEMENT_3D ( 'NONE', #481, #5839, #1238 ) ;
#7772 = SURFACE_STYLE_FILL_AREA ( #4521 ) ;
#7773 = ORIENTED_EDGE ( 'NONE', *, *, #7530, .F. ) ;
#7774 = CARTESIAN_POINT ( 'NONE',  ( 0.9999953779657178000, 24.66229349947143800, -12.26500000000000200 ) ) ;
#7775 = FACE_OUTER_BOUND ( 'NONE', #7916, .T. ) ;
#7776 = UNCERTAINTY_MEASURE_WITH_UNIT (LENGTH_MEASURE( 1.000000000000000100E-005 ), #4315, 'distance_accuracy_value', 'NONE');
#7777 = EDGE_CURVE ( 'NONE', #9759, #9006, #1993, .T. ) ;
#7778 = DIRECTION ( 'NONE',  ( -1.000000000000000000, 0.0000000000000000000, 0.0000000000000000000 ) ) ;
#7779 = SURFACE_SIDE_STYLE ('',( #4224 ) ) ;
#7780 = PRESENTATION_STYLE_ASSIGNMENT (( #1676 ) ) ;
#7781 = CARTESIAN_POINT ( 'NONE',  ( -3.502453961876664100, 26.71229279551774700, -12.44000000000000100 ) ) ;
#7782 = ORIENTED_EDGE ( 'NONE', *, *, #9666, .T. ) ;
#7783 = CARTESIAN_POINT ( 'NONE',  ( 7.028412911588922900, 28.62717102222606200, -12.14965507848535100 ) ) ;
#7784 = EDGE_LOOP ( 'NONE', ( #3452, #2182, #2534, #5817 ) ) ;
#7785 = CARTESIAN_POINT ( 'NONE',  ( -3.925918927760233800, 29.96111259544051500, -9.899739201007365700 ) ) ;
#7786 = LINE ( 'NONE', #4840, #3587 ) ;
#7787 = AXIS2_PLACEMENT_3D ( 'NONE', #3639, #9124, #4385 ) ;
#7788 =( NAMED_UNIT ( * ) SI_UNIT ( $, .STERADIAN. ) SOLID_ANGLE_UNIT ( ) );
#7789 =( NAMED_UNIT ( * ) PLANE_ANGLE_UNIT ( ) SI_UNIT ( $, .RADIAN. ) );
#7790 = CARTESIAN_POINT ( 'NONE',  ( -0.9470386974769332600, 31.70850270899638800, -12.05480302380071200 ) ) ;
#7791 = CARTESIAN_POINT ( 'NONE',  ( 0.9999953779657178000, 24.66229349947143800, -9.765000000000000600 ) ) ;
#7792 = DIRECTION ( 'NONE',  ( 0.0000000000000000000, -0.0000000000000000000, 1.000000000000000000 ) ) ;
#7793 = DIRECTION ( 'NONE',  ( 0.0000000000000000000, 0.0000000000000000000, -1.000000000000000000 ) ) ;
#7794 = MECHANICAL_DESIGN_GEOMETRIC_PRESENTATION_REPRESENTATION (  '', ( #6704 ), #8307 ) ;
#7795 = UNCERTAINTY_MEASURE_WITH_UNIT (LENGTH_MEASURE( 1.000000000000000100E-005 ), #3725, 'distance_accuracy_value', 'NONE');
#7796 = FILL_AREA_STYLE_COLOUR ( '', #2147 ) ;
#7797 = VECTOR ( 'NONE', #9102, 1000.000000000000000 ) ;
#7798 = LINE ( 'NONE', #6911, #5402 ) ;
#7799 = DIRECTION ( 'NONE',  ( 0.0000000000000000000, -0.0000000000000000000, 1.000000000000000000 ) ) ;
#7800 = EDGE_LOOP ( 'NONE', ( #2186, #764, #4925, #8181 ) ) ;
#7801 = CARTESIAN_POINT ( 'NONE',  ( 2.592001974298664200, 31.87326135738503700, -11.98038474885848400 ) ) ;
#7802 = CARTESIAN_POINT ( 'NONE',  ( 1.000000000527495600, 22.86229349947144100, -12.94000000000000000 ) ) ;
#7803 = CARTESIAN_POINT ( 'NONE',  ( -1.549999999472504700, 20.81229349947144100, -11.84000000000000200 ) ) ;
#7804 = VECTOR ( 'NONE', #9922, 1000.000000000000000 ) ;
#7805 = CARTESIAN_POINT ( 'NONE',  ( -2.649398738472236800, 31.09983360287336400, -10.06500000000000100 ) ) ;
#7806 = ORIENTED_EDGE ( 'NONE', *, *, #6870, .F. ) ;
#7807 = DIRECTION ( 'NONE',  ( 0.0000000000000000000, -0.0000000000000000000, 1.000000000000000000 ) ) ;
#7808 = VERTEX_POINT ( 'NONE', #7881 ) ;
#7809 = CARTESIAN_POINT ( 'NONE',  ( 0.09999537796571880700, 32.28331705277450000, -10.26500000000000200 ) ) ;
#7810 = ADVANCED_FACE ( 'NONE', ( #1773 ), #2415, .F. ) ;
#7811 = AXIS2_PLACEMENT_3D ( 'NONE', #916, #6281, #1669 ) ;
#7812 = ORIENTED_EDGE ( 'NONE', *, *, #2287, .F. ) ;
#7813 = CARTESIAN_POINT ( 'NONE',  ( -4.702453961876661200, 26.46229349947144300, -12.44000000000000100 ) ) ;
#7814 = ORIENTED_EDGE ( 'NONE', *, *, #7546, .T. ) ;
#7815 = EDGE_CURVE ( 'NONE', #9202, #9750, #7140, .T. ) ;
#7816 = SURFACE_STYLE_FILL_AREA ( #5025 ) ;
#7817 = EDGE_CURVE ( 'NONE', #2383, #2571, #1054, .T. ) ;
#7818 = DIRECTION ( 'NONE',  ( 0.0000000000000000000, -1.000000000000000000, 0.0000000000000000000 ) ) ;
#7819 = DIRECTION ( 'NONE',  ( 0.0000000000000000000, -0.0000000000000000000, 1.000000000000000000 ) ) ;
#7820 = DIRECTION ( 'NONE',  ( 0.0000000000000000000, 1.000000000000000000, 0.0000000000000000000 ) ) ;
#7821 = CARTESIAN_POINT ( 'NONE',  ( 4.274084942581039200, 31.19610568662605500, -9.973239471591705700 ) ) ;
#7822 = SURFACE_SIDE_STYLE ('',( #314 ) ) ;
#7823 = AXIS2_PLACEMENT_3D ( 'NONE', #4250, #9764, #5027 ) ;
#7824 = VERTEX_POINT ( 'NONE', #2450 ) ;
#7825 = EDGE_CURVE ( 'NONE', #7400, #7175, #6086, .T. ) ;
#7826 = DIRECTION ( 'NONE',  ( -1.000000000000000000, 0.0000000000000000000, 0.0000000000000000000 ) ) ;
#7827 = CIRCLE ( 'NONE', #4305, 7.400000000000000400 ) ;
#7828 = DIRECTION ( 'NONE',  ( 0.0000000000000000000, 0.0000000000000000000, -1.000000000000000000 ) ) ;
#7829 = SURFACE_SIDE_STYLE ('',( #3035 ) ) ;
#7830 = VERTEX_POINT ( 'NONE', #7963 ) ;
#7831 = DIRECTION ( 'NONE',  ( 0.0000000000000000000, 0.0000000000000000000, -1.000000000000000000 ) ) ;
#7832 = CARTESIAN_POINT ( 'NONE',  ( 6.602453769200100600, 25.86229349947144100, -12.44000000000000100 ) ) ;
#7833 =( LENGTH_UNIT ( ) NAMED_UNIT ( * ) SI_UNIT ( .MILLI., .METRE. ) );
#7834 = PRESENTATION_STYLE_ASSIGNMENT (( #6716 ) ) ;
#7835 =( GEOMETRIC_REPRESENTATION_CONTEXT ( 3 ) GLOBAL_UNCERTAINTY_ASSIGNED_CONTEXT ( ( #8225 ) ) GLOBAL_UNIT_ASSIGNED_CONTEXT ( ( #8131, #3423, #8909 ) ) REPRESENTATION_CONTEXT ( 'NONE', 'WORKASPACE' ) );
#7836 = COLOUR_RGB ( '',1.000000000000000000, 0.0000000000000000000, 1.000000000000000000 ) ;
#7837 = DIRECTION ( 'NONE',  ( -1.000000000000000000, 0.0000000000000000000, 0.0000000000000000000 ) ) ;
#7838 = DIRECTION ( 'NONE',  ( -0.0000000000000000000, 0.0000000000000000000, 1.000000000000000000 ) ) ;
#7839 = SURFACE_STYLE_FILL_AREA ( #3056 ) ;
#7840 =( NAMED_UNIT ( * ) SI_UNIT ( $, .STERADIAN. ) SOLID_ANGLE_UNIT ( ) );
#7841 = LINE ( 'NONE', #4139, #5695 ) ;
#7842 = FILL_AREA_STYLE_COLOUR ( '', #8798 ) ;
#7843 = VECTOR ( 'NONE', #7904, 1000.000000000000000 ) ;
#7844 = DIRECTION ( 'NONE',  ( -1.000000000000000000, 0.0000000000000000000, 0.0000000000000000000 ) ) ;
#7845 =( LENGTH_UNIT ( ) NAMED_UNIT ( * ) SI_UNIT ( .MILLI., .METRE. ) );
#7846 = VERTEX_POINT ( 'NONE', #3255 ) ;
#7847 = AXIS2_PLACEMENT_3D ( 'NONE', #1397, #1239, #1205 ) ;
#7848 = EDGE_CURVE ( 'NONE', #9042, #6416, #8825, .T. ) ;
#7849 = DIRECTION ( 'NONE',  ( 0.0000000000000000000, -1.000000000000000000, 0.0000000000000000000 ) ) ;
#7850 = FACE_OUTER_BOUND ( 'NONE', #7198, .T. ) ;
#7851 = MECHANICAL_DESIGN_GEOMETRIC_PRESENTATION_REPRESENTATION (  '', ( #6230 ), #8356 ) ;
#7852 = FACE_OUTER_BOUND ( 'NONE', #4647, .T. ) ;
#7853 = PRESENTATION_STYLE_ASSIGNMENT (( #2576 ) ) ;
#7854 = DIRECTION ( 'NONE',  ( 1.000000000000000000, 0.0000000000000000000, 0.0000000000000000000 ) ) ;
#7855 =( GEOMETRIC_REPRESENTATION_CONTEXT ( 3 ) GLOBAL_UNCERTAINTY_ASSIGNED_CONTEXT ( ( #7925 ) ) GLOBAL_UNIT_ASSIGNED_CONTEXT ( ( #5287, #737, #6106 ) ) REPRESENTATION_CONTEXT ( 'NONE', 'WORKASPACE' ) );
#7856 = CARTESIAN_POINT ( 'NONE',  ( -1.609248537697973000, 31.37286207131828100, -12.16507722591731200 ) ) ;
#7857 = VERTEX_POINT ( 'NONE', #9515 ) ;
#7858 = PLANE ( 'NONE',  #9989 ) ;
#7859 = AXIS2_PLACEMENT_3D ( 'NONE', #9098, #7512, #9136 ) ;
#7860 = CARTESIAN_POINT ( 'NONE',  ( 8.262572811202803200, 26.06229349944127100, -11.96871505594411300 ) ) ;
#7861 = VECTOR ( 'NONE', #2321, 1000.000000000000000 ) ;
#7862 = ORIENTED_EDGE ( 'NONE', *, *, #4128, .T. ) ;
#7863 = ORIENTED_EDGE ( 'NONE', *, *, #1563, .F. ) ;
#7864 = CARTESIAN_POINT ( 'NONE',  ( 2.950000000527496400, 20.66229349947143800, -12.54000000000000300 ) ) ;
#7865 = FACE_OUTER_BOUND ( 'NONE', #4274, .T. ) ;
#7866 = DIRECTION ( 'NONE',  ( 1.000000000000000000, 0.0000000000000000000, 0.0000000000000000000 ) ) ;
#7867 = ADVANCED_FACE ( 'NONE', ( #4610 ), #5554, .T. ) ;
#7868 = CARTESIAN_POINT ( 'NONE',  ( 0.9999953779657178000, 24.66229349947143800, -12.26500000000000200 ) ) ;
#7869 = CARTESIAN_POINT ( 'NONE',  ( 5.044461006947098100, 30.72401862723171500, -9.952126576952773400 ) ) ;
#7870 = CARTESIAN_POINT ( 'NONE',  ( 7.406764119300653700, 28.10170282847008500, -12.09341546171689100 ) ) ;
#7871 = FACE_OUTER_BOUND ( 'NONE', #1851, .T. ) ;
#7872 = VECTOR ( 'NONE', #7778, 1000.000000000000000 ) ;
#7873 = CARTESIAN_POINT ( 'NONE',  ( 4.274084942581039200, 31.19610568662605500, -9.973239471591705700 ) ) ;
#7874 = DIRECTION ( 'NONE',  ( 0.0000000000000000000, -0.0000000000000000000, 1.000000000000000000 ) ) ;
#7875 = FILL_AREA_STYLE_COLOUR ( '', #9486 ) ;
#7876 = AXIS2_PLACEMENT_3D ( 'NONE', #3877, #9372, #4629 ) ;
#7877 =( LENGTH_UNIT ( ) NAMED_UNIT ( * ) SI_UNIT ( .MILLI., .METRE. ) );
#7878 = VERTEX_POINT ( 'NONE', #215 ) ;
#7879 = ORIENTED_EDGE ( 'NONE', *, *, #6291, .T. ) ;
#7880 = FACE_OUTER_BOUND ( 'NONE', #7965, .T. ) ;
#7881 = CARTESIAN_POINT ( 'NONE',  ( -3.502453961876664100, 26.71229279551774700, -12.49000000000000200 ) ) ;
#7882 = LINE ( 'NONE', #3119, #1107 ) ;
#7883 = CARTESIAN_POINT ( 'NONE',  ( 6.930118156454693900, 25.86229349947143800, -9.765000000000000600 ) ) ;
#7884 = MECHANICAL_DESIGN_GEOMETRIC_PRESENTATION_REPRESENTATION (  '', ( #6784 ), #8377 ) ;
#7885 =( NAMED_UNIT ( * ) PLANE_ANGLE_UNIT ( ) SI_UNIT ( $, .RADIAN. ) );
#7886 = LINE ( 'NONE', #6718, #4637 ) ;
#7887 = CARTESIAN_POINT ( 'NONE',  ( -2.999999999472504600, 21.76229614966530700, -12.44000000000000100 ) ) ;
#7888 = VERTEX_POINT ( 'NONE', #1778 ) ;
#7889 = DIRECTION ( 'NONE',  ( 0.0000000000000000000, 0.0000000000000000000, -1.000000000000000000 ) ) ;
#7890 = SURFACE_STYLE_FILL_AREA ( #2671 ) ;
#7891 = CARTESIAN_POINT ( 'NONE',  ( 8.062572811169548700, 25.86229349947143800, -12.20120212457107400 ) ) ;
#7892 = LINE ( 'NONE', #7297, #3683 ) ;
#7893 = CYLINDRICAL_SURFACE ( 'NONE', #61, 0.1999999999999996500 ) ;
#7894 = MECHANICAL_DESIGN_GEOMETRIC_PRESENTATION_REPRESENTATION (  '', ( #6266 ), #8386 ) ;
#7895 = FACE_OUTER_BOUND ( 'NONE', #67, .T. ) ;
#7896 = CARTESIAN_POINT ( 'NONE',  ( 0.07599537796571886900, 32.30665246540180400, -10.26500000000000200 ) ) ;
#7897 = CIRCLE ( 'NONE', #2239, 7.399999999999999500 ) ;
#7898 = DIRECTION ( 'NONE',  ( -0.0000000000000000000, -0.0000000000000000000, 1.000000000000000000 ) ) ;
#7899 = VECTOR ( 'NONE', #3876, 1000.000000000000000 ) ;
#7900 = FACE_OUTER_BOUND ( 'NONE', #627, .T. ) ;
#7901 = ORIENTED_EDGE ( 'NONE', *, *, #784, .F. ) ;
#7902 = EDGE_CURVE ( 'NONE', #4546, #8378, #8105, .T. ) ;
#7903 = PRESENTATION_STYLE_ASSIGNMENT (( #7583 ) ) ;
#7904 = DIRECTION ( 'NONE',  ( 0.0000000000000000000, -0.0000000000000000000, 1.000000000000000000 ) ) ;
#7905 = STYLED_ITEM ( 'NONE', ( #8184 ), #2585 ) ;
#7906 = CARTESIAN_POINT ( 'NONE',  ( -3.049999999472504900, 20.81229349947144100, -11.84000000000000200 ) ) ;
#7907 = ORIENTED_EDGE ( 'NONE', *, *, #8350, .F. ) ;
#7908 = CARTESIAN_POINT ( 'NONE',  ( -5.393191272529357100, 28.04892604686917300, -12.13026079899263700 ) ) ;
#7909 = VECTOR ( 'NONE', #7849, 1000.000000000000000 ) ;
#7910 = CARTESIAN_POINT ( 'NONE',  ( -3.185577192968001900, 30.53071569534665000, -12.15689802343872500 ) ) ;
#7911 = ORIENTED_EDGE ( 'NONE', *, *, #3354, .T. ) ;
#7912 = SURFACE_SIDE_STYLE ('',( #3219 ) ) ;
#7913 = CARTESIAN_POINT ( 'NONE',  ( -5.087474080423843900, 28.60443007127551600, -9.917411740004920900 ) ) ;
#7914 = LINE ( 'NONE', #6322, #1690 ) ;
#7915 = DIRECTION ( 'NONE',  ( 0.0000000000000000000, -1.000000000000000000, 0.0000000000000000000 ) ) ;
#7916 = EDGE_LOOP ( 'NONE', ( #5300, #5630, #678, #566 ) ) ;
#7917 = EDGE_CURVE ( 'NONE', #200, #5867, #5946, .T. ) ;
#7918 = SURFACE_STYLE_FILL_AREA ( #2201 ) ;
#7919 = VERTEX_POINT ( 'NONE', #8782 ) ;
#7920 = EDGE_CURVE ( 'NONE', #7394, #2297, #2105, .T. ) ;
#7921 = ORIENTED_EDGE ( 'NONE', *, *, #9127, .F. ) ;
#7922 = PRESENTATION_LAYER_ASSIGNMENT (  '', '', ( #6292 ) ) ;
#7923 = LINE ( 'NONE', #2973, #7645 ) ;
#7924 =( GEOMETRIC_REPRESENTATION_CONTEXT ( 3 ) GLOBAL_UNCERTAINTY_ASSIGNED_CONTEXT ( ( #9615 ) ) GLOBAL_UNIT_ASSIGNED_CONTEXT ( ( #2148, #7595, #2932 ) ) REPRESENTATION_CONTEXT ( 'NONE', 'WORKASPACE' ) );
#7925 = UNCERTAINTY_MEASURE_WITH_UNIT (LENGTH_MEASURE( 1.000000000000000100E-005 ), #5287, 'distance_accuracy_value', 'NONE');
#7926 = CARTESIAN_POINT ( 'NONE',  ( 5.870809653799518900, 27.61762785706060800, -9.540000000000000900 ) ) ;
#7927 = SURFACE_STYLE_USAGE ( .BOTH. , #7912 ) ;
#7928 = ADVANCED_FACE ( 'NONE', ( #9910 ), #987, .F. ) ;
#7929 = MECHANICAL_DESIGN_GEOMETRIC_PRESENTATION_REPRESENTATION (  '', ( #6827 ), #8416 ) ;
#7930 = UNCERTAINTY_MEASURE_WITH_UNIT (LENGTH_MEASURE( 1.000000000000000100E-005 ), #776, 'distance_accuracy_value', 'NONE');
#7931 = CARTESIAN_POINT ( 'NONE',  ( 6.699991030787229500, 20.96229676927035300, -12.49000000000000200 ) ) ;
#7932 = CYLINDRICAL_SURFACE ( 'NONE', #5998, 0.4999999999968842100 ) ;
#7933 = EDGE_LOOP ( 'NONE', ( #6168, #1944, #6304, #4828 ) ) ;
#7934 = EDGE_CURVE ( 'NONE', #4462, #8534, #2222, .T. ) ;
#7935 = LINE ( 'NONE', #8600, #9975 ) ;
#7936 = ORIENTED_EDGE ( 'NONE', *, *, #9246, .F. ) ;
#7937 = CARTESIAN_POINT ( 'NONE',  ( 3.550000000527496100, 20.66229349947143800, -12.54000000000000300 ) ) ;
#7938 = SURFACE_STYLE_FILL_AREA ( #4490 ) ;
#7939 = DIRECTION ( 'NONE',  ( -0.7071067811865460200, 8.659560562354914400E-017, 0.7071067811865490200 ) ) ;
#7940 = DIRECTION ( 'NONE',  ( 0.0000000000000000000, 0.0000000000000000000, 1.000000000000000000 ) ) ;
#7941 = STYLED_ITEM ( 'NONE', ( #2310 ), #4926 ) ;
#7942 = UNCERTAINTY_MEASURE_WITH_UNIT (LENGTH_MEASURE( 1.000000000000000100E-005 ), #5753, 'distance_accuracy_value', 'NONE');
#7943 = ORIENTED_EDGE ( 'NONE', *, *, #9482, .F. ) ;
#7944 = ORIENTED_EDGE ( 'NONE', *, *, #2600, .F. ) ;
#7945 = B_SPLINE_CURVE_WITH_KNOTS ( 'NONE', 3,
 ( #9514, #9560, #9573, #9464, #9359, #9319 ),
 .UNSPECIFIED., .F., .F.,
 ( 4, 2, 4 ),
 ( 0.0000000000000000000, 0.0001529588959244880200, 0.0003059177918489760400 ),
 .UNSPECIFIED. ) ;
#7946 = FILL_AREA_STYLE ('',( #7377 ) ) ;
#7947 = VERTEX_POINT ( 'NONE', #8842 ) ;
#7948 = EDGE_LOOP ( 'NONE', ( #1352, #5709, #1188, #7257 ) ) ;
#7949 = ORIENTED_EDGE ( 'NONE', *, *, #9666, .F. ) ;
#7950 = PLANE ( 'NONE',  #5391 ) ;
#7951 = CARTESIAN_POINT ( 'NONE',  ( 4.450000000527496400, 20.66229349947143800, -12.54000000000000300 ) ) ;
#7952 = CARTESIAN_POINT ( 'NONE',  ( -3.406735493673155500, 30.60709989034279100, -10.06500000000000100 ) ) ;
#7953 = VERTEX_POINT ( 'NONE', #6459 ) ;
#7954 =( NAMED_UNIT ( * ) SI_UNIT ( $, .STERADIAN. ) SOLID_ANGLE_UNIT ( ) );
#7955 = FILL_AREA_STYLE ('',( #7182 ) ) ;
#7956 =( LENGTH_UNIT ( ) NAMED_UNIT ( * ) SI_UNIT ( .MILLI., .METRE. ) );
#7957 =( GEOMETRIC_REPRESENTATION_CONTEXT ( 3 ) GLOBAL_UNCERTAINTY_ASSIGNED_CONTEXT ( ( #7572 ) ) GLOBAL_UNIT_ASSIGNED_CONTEXT ( ( #8362, #3656, #9150 ) ) REPRESENTATION_CONTEXT ( 'NONE', 'WORKASPACE' ) );
#7958 = DIRECTION ( 'NONE',  ( 0.0000000000000000000, 0.0000000000000000000, 1.000000000000000000 ) ) ;
#7959 = VERTEX_POINT ( 'NONE', #1842 ) ;
#7960 = SURFACE_SIDE_STYLE ('',( #5118 ) ) ;
#7961 = VECTOR ( 'NONE', #8358, 1000.000000000000000 ) ;
#7962 = ORIENTED_EDGE ( 'NONE', *, *, #603, .F. ) ;
#7963 = CARTESIAN_POINT ( 'NONE',  ( 3.550000000527496500, 21.96229349947142100, -12.44000000000000100 ) ) ;
#7964 = ORIENTED_EDGE ( 'NONE', *, *, #5122, .T. ) ;
#7965 = EDGE_LOOP ( 'NONE', ( #6152, #6407, #220, #6614 ) ) ;
#7966 = DIRECTION ( 'NONE',  ( 1.000000000000000000, 0.0000000000000000000, 0.0000000000000000000 ) ) ;
#7967 = DIRECTION ( 'NONE',  ( 1.000000000000000000, 0.0000000000000000000, 0.0000000000000000000 ) ) ;
#7968 = ORIENTED_EDGE ( 'NONE', *, *, #3883, .F. ) ;
#7969 = SURFACE_SIDE_STYLE ('',( #1174 ) ) ;
#7970 = SURFACE_STYLE_FILL_AREA ( #4909 ) ;
#7971 = ORIENTED_EDGE ( 'NONE', *, *, #7044, .F. ) ;
#7972 =( NAMED_UNIT ( * ) PLANE_ANGLE_UNIT ( ) SI_UNIT ( $, .RADIAN. ) );
#7973 = EDGE_CURVE ( 'NONE', #8454, #8161, #6312, .T. ) ;
#7974 = EDGE_CURVE ( 'NONE', #9743, #6665, #9177, .T. ) ;
#7975 = ORIENTED_EDGE ( 'NONE', *, *, #8659, .F. ) ;
#7976 = CARTESIAN_POINT ( 'NONE',  ( 6.395735436519754700, 29.43819340834761900, -12.15935929497342000 ) ) ;
#7977 = CIRCLE ( 'NONE', #6080, 0.2999999999968841500 ) ;
#7978 = STYLED_ITEM ( 'NONE', ( #9751 ), #2160 ) ;
#7979 = DIRECTION ( 'NONE',  ( 1.000000000000000000, 0.0000000000000000000, 0.0000000000000000000 ) ) ;
#7980 = VECTOR ( 'NONE', #5736, 1000.000000000000000 ) ;
#7981 = ADVANCED_FACE ( 'NONE', ( #7123 ), #6522, .F. ) ;
#7982 = CARTESIAN_POINT ( 'NONE',  ( 5.044461006960672100, 30.76609954960620300, -12.04286881843190900 ) ) ;
#7983 = ORIENTED_EDGE ( 'NONE', *, *, #8613, .T. ) ;
#7984 = PLANE ( 'NONE',  #4310 ) ;
#7985 = CARTESIAN_POINT ( 'NONE',  ( 7.882783279418045000, 27.38023954448804900, -11.96500000000000200 ) ) ;
#7986 = CIRCLE ( 'NONE', #8349, 7.400000000000000400 ) ;
#7987 = FILL_AREA_STYLE ('',( #4082 ) ) ;
#7988 = CARTESIAN_POINT ( 'NONE',  ( -3.049999999472504900, 20.66229349947143800, -12.54000000000000300 ) ) ;
#7989 = PRESENTATION_LAYER_ASSIGNMENT (  '', '', ( #6887 ) ) ;
#7990 = PRESENTATION_LAYER_ASSIGNMENT (  '', '', ( #8472 ) ) ;
#7991 = SURFACE_STYLE_USAGE ( .BOTH. , #2514 ) ;
#7992 = EDGE_LOOP ( 'NONE', ( #2072, #9963, #7000, #3953 ) ) ;
#7993 = PLANE ( 'NONE',  #3412 ) ;
#7994 = CYLINDRICAL_SURFACE ( 'NONE', #5762, 0.2000000000000005100 ) ;
#7995 = ORIENTED_EDGE ( 'NONE', *, *, #4031, .T. ) ;
#7996 = CARTESIAN_POINT ( 'NONE',  ( 0.07599537796571886900, 32.30665246540180400, -11.76500000000000100 ) ) ;
#7997 = VECTOR ( 'NONE', #3913, 1000.000000000000000 ) ;
#7998 = CARTESIAN_POINT ( 'NONE',  ( 5.247978107041893400, 30.51880795276446900, -9.899800352786114000 ) ) ;
#7999 = LINE ( 'NONE', #4773, #7727 ) ;
#8000 = ORIENTED_EDGE ( 'NONE', *, *, #7729, .T. ) ;
#8001 = VECTOR ( 'NONE', #5448, 1000.000000000000000 ) ;
#8002 = FILL_AREA_STYLE ('',( #9533 ) ) ;
#8003 = AXIS2_PLACEMENT_3D ( 'NONE', #7273, #2608, #8082 ) ;
#8004 = CARTESIAN_POINT ( 'NONE',  ( -0.9836142318969182100, 31.79147949197160700, -11.96500000000000200 ) ) ;
#8005 = AXIS2_PLACEMENT_3D ( 'NONE', #1069, #4109, #7866 ) ;
#8006 = DIRECTION ( 'NONE',  ( -1.000000000000000000, 0.0000000000000000000, 0.0000000000000000000 ) ) ;
#8007 = PRESENTATION_STYLE_ASSIGNMENT (( #6030 ) ) ;
#8008 = SURFACE_SIDE_STYLE ('',( #5285 ) ) ;
#8009 = CARTESIAN_POINT ( 'NONE',  ( -2.449999999472504800, 20.66229349947143800, -12.54000000000000300 ) ) ;
#8010 = DIRECTION ( 'NONE',  ( 0.0000000000000000000, 0.0000000000000000000, -1.000000000000000000 ) ) ;
#8011 = DIRECTION ( 'NONE',  ( 0.0000000000000000000, -1.000000000000000000, 0.0000000000000000000 ) ) ;
#8012 =( NAMED_UNIT ( * ) PLANE_ANGLE_UNIT ( ) SI_UNIT ( $, .RADIAN. ) );
#8013 = PRESENTATION_LAYER_ASSIGNMENT (  '', '', ( #8504 ) ) ;
#8014 =( NAMED_UNIT ( * ) SI_UNIT ( $, .STERADIAN. ) SOLID_ANGLE_UNIT ( ) );
#8015 = FACE_BOUND ( 'NONE', #5382, .T. ) ;
#8016 =( NAMED_UNIT ( * ) PLANE_ANGLE_UNIT ( ) SI_UNIT ( $, .RADIAN. ) );
#8017 = DIRECTION ( 'NONE',  ( -1.000000000000000000, 0.0000000000000000000, 0.0000000000000000000 ) ) ;
#8018 = CARTESIAN_POINT ( 'NONE',  ( -0.7902266494718271900, 31.84248187391380800, -9.765000000000000600 ) ) ;
#8019 = AXIS2_PLACEMENT_3D ( 'NONE', #2311, #4548, #7754 ) ;
#8020 = FILL_AREA_STYLE_COLOUR ( '', #2691 ) ;
#8021 = VECTOR ( 'NONE', #8925, 1000.000000000000000 ) ;
#8022 = VERTEX_POINT ( 'NONE', #1134 ) ;
#8023 = ADVANCED_FACE ( 'NONE', ( #216 ), #5313, .T. ) ;
#8024 = ORIENTED_EDGE ( 'NONE', *, *, #5068, .F. ) ;
#8025 = ORIENTED_EDGE ( 'NONE', *, *, #7600, .T. ) ;
#8026 = SURFACE_SIDE_STYLE ('',( #7163 ) ) ;
#8027 = VECTOR ( 'NONE', #3330, 1000.000000000000000 ) ;
#8028 = ORIENTED_EDGE ( 'NONE', *, *, #1998, .F. ) ;
#8029 = STYLED_ITEM ( 'NONE', ( #79 ), #8302 ) ;
#8030 = FACE_OUTER_BOUND ( 'NONE', #1756, .T. ) ;
#8031 = EDGE_CURVE ( 'NONE', #1226, #9461, #9556, .T. ) ;
#8032 = VERTEX_POINT ( 'NONE', #1963 ) ;
#8033 = LINE ( 'NONE', #1362, #1811 ) ;
#8034 = CARTESIAN_POINT ( 'NONE',  ( 6.602453769200100600, 25.61229338220534800, -12.44000000000000100 ) ) ;
#8035 = ORIENTED_EDGE ( 'NONE', *, *, #662, .T. ) ;
#8036 = CARTESIAN_POINT ( 'NONE',  ( 6.384846271614252400, 29.51713031400116800, -9.765000000000000600 ) ) ;
#8037 = DIRECTION ( 'NONE',  ( -1.000000000000000000, 0.0000000000000000000, 0.0000000000000000000 ) ) ;
#8038 = CARTESIAN_POINT ( 'NONE',  ( -6.062582055238112700, 25.86229349947143800, -12.20120212457107400 ) ) ;
#8039 =( GEOMETRIC_REPRESENTATION_CONTEXT ( 3 ) GLOBAL_UNCERTAINTY_ASSIGNED_CONTEXT ( ( #3503 ) ) GLOBAL_UNIT_ASSIGNED_CONTEXT ( ( #5470, #911, #6275 ) ) REPRESENTATION_CONTEXT ( 'NONE', 'WORKASPACE' ) );
#8040 = EDGE_CURVE ( 'NONE', #5270, #2813, #1494, .T. ) ;
#8041 = CARTESIAN_POINT ( 'NONE',  ( -0.8860718156474538500, 31.66518402401608500, -9.917411740004922600 ) ) ;
#8042 = DIRECTION ( 'NONE',  ( -1.000000000000000000, 0.0000000000000000000, 0.0000000000000000000 ) ) ;
#8043 = LINE ( 'NONE', #3265, #9846 ) ;
#8044 = ORIENTED_EDGE ( 'NONE', *, *, #2496, .F. ) ;
#8045 = DIRECTION ( 'NONE',  ( 0.0000000000000000000, 1.000000000000000000, 0.0000000000000000000 ) ) ;
#8046 = EDGE_LOOP ( 'NONE', ( #4204, #7707, #6004, #8751, #1261, #7544, #2881, #2749, #9417 ) ) ;
#8047 = UNCERTAINTY_MEASURE_WITH_UNIT (LENGTH_MEASURE( 1.000000000000000100E-005 ), #3539, 'distance_accuracy_value', 'NONE');
#8048 =( LENGTH_UNIT ( ) NAMED_UNIT ( * ) SI_UNIT ( .MILLI., .METRE. ) );
#8049 = CARTESIAN_POINT ( 'NONE',  ( 5.044461006963478800, 30.72401862720996500, -9.765000000000000600 ) ) ;
#8050 = ORIENTED_EDGE ( 'NONE', *, *, #5199, .F. ) ;
#8051 = AXIS2_PLACEMENT_3D ( 'NONE', #9588, #7019, #4992 ) ;
#8052 = DIRECTION ( 'NONE',  ( -1.000000000000000000, 0.0000000000000000000, 0.0000000000000000000 ) ) ;
#8053 = EDGE_CURVE ( 'NONE', #4126, #6185, #3314, .T. ) ;
#8054 =( NAMED_UNIT ( * ) PLANE_ANGLE_UNIT ( ) SI_UNIT ( $, .RADIAN. ) );
#8055 = ORIENTED_EDGE ( 'NONE', *, *, #1278, .F. ) ;
#8056 = VERTEX_POINT ( 'NONE', #8197 ) ;
#8057 = PRESENTATION_LAYER_ASSIGNMENT (  '', '', ( #7483 ) ) ;
#8058 = VERTEX_POINT ( 'NONE', #6616 ) ;
#8059 = MECHANICAL_DESIGN_GEOMETRIC_PRESENTATION_REPRESENTATION (  '', ( #6983 ), #8561 ) ;
#8060 = FILL_AREA_STYLE ('',( #9458 ) ) ;
#8061 = SURFACE_STYLE_FILL_AREA ( #9757 ) ;
#8062 =( GEOMETRIC_REPRESENTATION_CONTEXT ( 3 ) GLOBAL_UNCERTAINTY_ASSIGNED_CONTEXT ( ( #3327 ) ) GLOBAL_UNIT_ASSIGNED_CONTEXT ( ( #3789, #5339, #3609 ) ) REPRESENTATION_CONTEXT ( 'NONE', 'WORKASPACE' ) );
#8063 = PRESENTATION_STYLE_ASSIGNMENT (( #6134 ) ) ;
#8064 = VERTEX_POINT ( 'NONE', #1991 ) ;
#8065 = ORIENTED_EDGE ( 'NONE', *, *, #2526, .F. ) ;
#8066 = ORIENTED_EDGE ( 'NONE', *, *, #3410, .F. ) ;
#8067 = CARTESIAN_POINT ( 'NONE',  ( -1.725451026956371400, 31.38313176947008600, -9.917411740004924400 ) ) ;
#8068 = ORIENTED_EDGE ( 'NONE', *, *, #5314, .F. ) ;
#8069 = DIRECTION ( 'NONE',  ( 0.0000000000000000000, 0.0000000000000000000, 1.000000000000000000 ) ) ;
#8070 =( GEOMETRIC_REPRESENTATION_CONTEXT ( 3 ) GLOBAL_UNCERTAINTY_ASSIGNED_CONTEXT ( ( #8516 ) ) GLOBAL_UNIT_ASSIGNED_CONTEXT ( ( #2945, #8392, #3698 ) ) REPRESENTATION_CONTEXT ( 'NONE', 'WORKASPACE' ) );
#8071 = DIRECTION ( 'NONE',  ( 0.0000000000000000000, 0.0000000000000000000, -1.000000000000000000 ) ) ;
#8072 = VECTOR ( 'NONE', #9984, 1000.000000000000000 ) ;
#8073 = ORIENTED_EDGE ( 'NONE', *, *, #6410, .F. ) ;
#8074 = ADVANCED_FACE ( 'NONE', ( #1254 ), #7420, .T. ) ;
#8075 = CARTESIAN_POINT ( 'NONE',  ( -5.398889373281127400, 28.07455025348776800, -9.916824990576206000 ) ) ;
#8076 = FILL_AREA_STYLE ('',( #1801 ) ) ;
#8077 = SURFACE_SIDE_STYLE ('',( #844 ) ) ;
#8078 = CARTESIAN_POINT ( 'NONE',  ( -3.049999999472504900, 20.66229349947143800, -11.84000000000000200 ) ) ;
#8079 = VECTOR ( 'NONE', #3970, 1000.000000000000000 ) ;
#8080 = CARTESIAN_POINT ( 'NONE',  ( 0.7000000005306115100, 22.86229349947144100, -13.14000000000000200 ) ) ;
#8081 = CARTESIAN_POINT ( 'NONE',  ( 6.934873414872256200, 28.83713335181960600, -9.921111441247209200 ) ) ;
#8082 = DIRECTION ( 'NONE',  ( 1.000000000000000000, 0.0000000000000000000, 0.0000000000000000000 ) ) ;
#8083 = VECTOR ( 'NONE', #4718, 1000.000000000000100 ) ;
#8084 = ORIENTED_EDGE ( 'NONE', *, *, #5559, .F. ) ;
#8085 = DIRECTION ( 'NONE',  ( -1.000000000000000000, 0.0000000000000000000, 0.0000000000000000000 ) ) ;
#8086 = LINE ( 'NONE', #3537, #2086 ) ;
#8087 = DIRECTION ( 'NONE',  ( -1.000000000000000000, 0.0000000000000000000, 0.0000000000000000000 ) ) ;
#8088 = LINE ( 'NONE', #6243, #9889 ) ;
#8089 = PRESENTATION_LAYER_ASSIGNMENT (  '', '', ( #6466 ) ) ;
#8090 = CARTESIAN_POINT ( 'NONE',  ( 2.950000000527496400, 20.66229349947143800, -11.84000000000000200 ) ) ;
#8091 = DIRECTION ( 'NONE',  ( 0.0000000000000000000, 0.0000000000000000000, -1.000000000000000000 ) ) ;
#8092 = CARTESIAN_POINT ( 'NONE',  ( 1.000000000527495600, 26.86229349947144100, -13.14000000000000200 ) ) ;
#8093 = ORIENTED_EDGE ( 'NONE', *, *, #9112, .T. ) ;
#8094 =( NAMED_UNIT ( * ) SI_UNIT ( $, .STERADIAN. ) SOLID_ANGLE_UNIT ( ) );
#8095 = EDGE_CURVE ( 'NONE', #3757, #1840, #8570, .T. ) ;
#8096 = EDGE_CURVE ( 'NONE', #2025, #2230, #6460, .T. ) ;
#8097 = VECTOR ( 'NONE', #7480, 1000.000000000000000 ) ;
#8098 = FILL_AREA_STYLE ('',( #8900 ) ) ;
#8099 = AXIS2_PLACEMENT_3D ( 'NONE', #8102, #8071, #8037 ) ;
#8100 = ORIENTED_EDGE ( 'NONE', *, *, #4147, .T. ) ;
#8101 =( NAMED_UNIT ( * ) PLANE_ANGLE_UNIT ( ) SI_UNIT ( $, .RADIAN. ) );
#8102 = CARTESIAN_POINT ( 'NONE',  ( 0.9999953779657178000, 24.66229349947143800, -10.06500000000000100 ) ) ;
#8103 =( LENGTH_UNIT ( ) NAMED_UNIT ( * ) SI_UNIT ( .MILLI., .METRE. ) );
#8104 = LINE ( 'NONE', #2154, #5945 ) ;
#8105 = LINE ( 'NONE', #6399, #3914 ) ;
#8106 = EDGE_CURVE ( 'NONE', #3999, #8687, #4346, .T. ) ;
#8107 = EDGE_CURVE ( 'NONE', #4234, #3740, #8317, .T. ) ;
#8108 = DIRECTION ( 'NONE',  ( 0.0000000000000000000, 0.0000000000000000000, -1.000000000000000000 ) ) ;
#8109 = AXIS2_PLACEMENT_3D ( 'NONE', #6467, #1852, #2620 ) ;
#8110 = MECHANICAL_DESIGN_GEOMETRIC_PRESENTATION_REPRESENTATION (  '', ( #5934 ), #8618 ) ;
#8111 = DIRECTION ( 'NONE',  ( 3.336006684570785100E-016, 1.000000000000000000, 0.0000000000000000000 ) ) ;
#8112 = PRESENTATION_STYLE_ASSIGNMENT (( #5621 ) ) ;
#8113 = CARTESIAN_POINT ( 'NONE',  ( 3.680727019018308800, 31.36577974788993500, -9.884443790012117100 ) ) ;
#8114 = B_SPLINE_CURVE_WITH_KNOTS ( 'NONE', 3,
 ( #8463, #4541, #9295, #5320, #768, #6139, #1515, #6956, #2303, #7748, #3079, #8535, #3841, #9331 ),
 .UNSPECIFIED., .F., .F.,
 ( 4, 2, 2, 2, 2, 2, 4 ),
 ( 8.673617379884035500E-019, 0.0001879583276142518100, 0.0002819374914213789100, 0.0003759166552285059600, 0.0004698958190356330000, 0.0005638749828427601000, 0.0007518333104570110500 ),
 .UNSPECIFIED. ) ;
#8115 = STYLED_ITEM ( 'NONE', ( #8268 ), #5887 ) ;
#8116 = EDGE_CURVE ( 'NONE', #2234, #8497, #4142, .T. ) ;
#8117 = EDGE_LOOP ( 'NONE', ( #2613, #4427, #9733, #6642, #6182, #8983, #2681, #5028, #7320, #2472, #6315, #6919, #8788, #4074, #9722, #3037, #2062, #4012, #9698, #2756, #7814, #9923, #8665, #5156, #7089, #4710, #8938, #5075, #6166, #3737 ) ) ;
#8118 = CARTESIAN_POINT ( 'NONE',  ( -2.627749815112522000, 31.06041246789747100, -12.00997035011741300 ) ) ;
#8119 = ORIENTED_EDGE ( 'NONE', *, *, #5459, .F. ) ;
#8120 = ADVANCED_FACE ( 'NONE', ( #2359 ), #1146, .T. ) ;
#8121 = ORIENTED_EDGE ( 'NONE', *, *, #7243, .F. ) ;
#8122 = DIRECTION ( 'NONE',  ( -1.000000000000000000, 0.0000000000000000000, 0.0000000000000000000 ) ) ;
#8123 =( NAMED_UNIT ( * ) PLANE_ANGLE_UNIT ( ) SI_UNIT ( $, .RADIAN. ) );
#8124 = FACE_OUTER_BOUND ( 'NONE', #9219, .T. ) ;
#8125 = DIRECTION ( 'NONE',  ( -1.000000000000000000, 0.0000000000000000000, 0.0000000000000000000 ) ) ;
#8126 = ORIENTED_EDGE ( 'NONE', *, *, #4186, .T. ) ;
#8127 = LINE ( 'NONE', #6490, #1666 ) ;
#8128 = AXIS2_PLACEMENT_3D ( 'NONE', #3259, #7499, #3186 ) ;
#8129 = DIRECTION ( 'NONE',  ( 0.0000000000000000000, 0.0000000000000000000, 1.000000000000000000 ) ) ;
#8130 = CARTESIAN_POINT ( 'NONE',  ( -3.843634395923538600, 27.63030919068990700, -9.540000000000000900 ) ) ;
#8131 =( LENGTH_UNIT ( ) NAMED_UNIT ( * ) SI_UNIT ( .MILLI., .METRE. ) );
#8132 = FILL_AREA_STYLE ('',( #2663 ) ) ;
#8133 =( NAMED_UNIT ( * ) SI_UNIT ( $, .STERADIAN. ) SOLID_ANGLE_UNIT ( ) );
#8134 = VERTEX_POINT ( 'NONE', #2868 ) ;
#8135 =( LENGTH_UNIT ( ) NAMED_UNIT ( * ) SI_UNIT ( .MILLI., .METRE. ) );
#8136 = LINE ( 'NONE', #2103, #4175 ) ;
#8137 = ORIENTED_EDGE ( 'NONE', *, *, #4409, .F. ) ;
#8138 = MECHANICAL_DESIGN_GEOMETRIC_PRESENTATION_REPRESENTATION (  '', ( #7094 ), #8653 ) ;
#8139 = FACE_OUTER_BOUND ( 'NONE', #5720, .T. ) ;
#8140 = DIRECTION ( 'NONE',  ( -1.000000000000000000, 0.0000000000000000000, 0.0000000000000000000 ) ) ;
#8141 = LINE ( 'NONE', #2048, #3966 ) ;
#8142 = LINE ( 'NONE', #2345, #5995 ) ;
#8143 = DIRECTION ( 'NONE',  ( -1.000000000000000000, 0.0000000000000000000, 0.0000000000000000000 ) ) ;
#8144 = EDGE_CURVE ( 'NONE', #7046, #1734, #5179, .T. ) ;
#8145 = EDGE_CURVE ( 'NONE', #7081, #7846, #3193, .T. ) ;
#8146 = MECHANICAL_DESIGN_GEOMETRIC_PRESENTATION_REPRESENTATION (  '', ( #5980 ), #8662 ) ;
#8147 = VERTEX_POINT ( 'NONE', #9888 ) ;
#8148 = CARTESIAN_POINT ( 'NONE',  ( 1.000000000527495600, 22.86229349947144100, -13.14000000000000200 ) ) ;
#8149 = LINE ( 'NONE', #6300, #1930 ) ;
#8150 = ORIENTED_EDGE ( 'NONE', *, *, #1109, .F. ) ;
#8151 = EDGE_LOOP ( 'NONE', ( #320, #7921, #3300, #3124 ) ) ;
#8152 = PRESENTATION_LAYER_ASSIGNMENT (  '', '', ( #7608 ) ) ;
#8153 = CARTESIAN_POINT ( 'NONE',  ( -3.602453961876661100, 25.86229349947144100, -12.44000000000000100 ) ) ;
#8154 = EDGE_CURVE ( 'NONE', #2957, #1928, #4966, .T. ) ;
#8155 = VERTEX_POINT ( 'NONE', #8324 ) ;
#8156 =( GEOMETRIC_REPRESENTATION_CONTEXT ( 3 ) GLOBAL_UNCERTAINTY_ASSIGNED_CONTEXT ( ( #6994 ) ) GLOBAL_UNIT_ASSIGNED_CONTEXT ( ( #5493, #5481, #5447 ) ) REPRESENTATION_CONTEXT ( 'NONE', 'WORKASPACE' ) );
#8157 = ADVANCED_FACE ( 'NONE', ( #7108 ), #8198, .T. ) ;
#8158 = DIRECTION ( 'NONE',  ( 6.308079902256244500E-015, -1.000000000000000000, -0.0000000000000000000 ) ) ;
#8159 = MECHANICAL_DESIGN_GEOMETRIC_PRESENTATION_REPRESENTATION (  '', ( #7120 ), #8677 ) ;
#8160 = UNCERTAINTY_MEASURE_WITH_UNIT (LENGTH_MEASURE( 1.000000000000000100E-005 ), #9306, 'distance_accuracy_value', 'NONE');
#8161 = VERTEX_POINT ( 'NONE', #2150 ) ;
#8162 = CARTESIAN_POINT ( 'NONE',  ( -3.049999999472504900, 20.81229349947144100, -11.84000000000000200 ) ) ;
#8163 = CARTESIAN_POINT ( 'NONE',  ( 6.602453769200106000, 25.86229349947144100, -11.84000000000000200 ) ) ;
#8164 = CIRCLE ( 'NONE', #4479, 7.399999999999999500 ) ;
#8165 = VECTOR ( 'NONE', #1302, 1000.000000000000000 ) ;
#8166 =( NAMED_UNIT ( * ) SI_UNIT ( $, .STERADIAN. ) SOLID_ANGLE_UNIT ( ) );
#8167 = VERTEX_POINT ( 'NONE', #7598 ) ;
#8168 = DIRECTION ( 'NONE',  ( -1.000000000000000000, 0.0000000000000000000, 0.0000000000000000000 ) ) ;
#8169 = ORIENTED_EDGE ( 'NONE', *, *, #6131, .T. ) ;
#8170 =( LENGTH_UNIT ( ) NAMED_UNIT ( * ) SI_UNIT ( .MILLI., .METRE. ) );
#8171 = ORIENTED_EDGE ( 'NONE', *, *, #6831, .T. ) ;
#8172 = B_SPLINE_CURVE_WITH_KNOTS ( 'NONE', 3,
 ( #6705, #6814, #6885, #6330, #6287, #6256, #6218, #6110, #5993, #5557, #5483, #5450 ),
 .UNSPECIFIED., .F., .F.,
 ( 4, 2, 2, 2, 2, 4 ),
 ( 6.473316305723346500E-005, 0.0002365081999071880200, 0.0003223957183321594400, 0.0004082832367571308900, 0.0005800582736070725900, 0.0007518333104570141900 ),
 .UNSPECIFIED. ) ;
#8173 = MECHANICAL_DESIGN_GEOMETRIC_PRESENTATION_REPRESENTATION (  '', ( #7130 ), #8688 ) ;
#8174 = DIRECTION ( 'NONE',  ( 1.000000000000000000, 0.0000000000000000000, 0.0000000000000000000 ) ) ;
#8175 = CARTESIAN_POINT ( 'NONE',  ( -2.449999999472502600, 20.81229349947144100, -12.44000000000000100 ) ) ;
#8176 = PRESENTATION_STYLE_ASSIGNMENT (( #6955 ) ) ;
#8177 = VERTEX_POINT ( 'NONE', #3688 ) ;
#8178 =( LENGTH_UNIT ( ) NAMED_UNIT ( * ) SI_UNIT ( .MILLI., .METRE. ) );
#8179 = LINE ( 'NONE', #5947, #7961 ) ;
#8180 = VERTEX_POINT ( 'NONE', #9174 ) ;
#8181 = ORIENTED_EDGE ( 'NONE', *, *, #6663, .T. ) ;
#8182 = AXIS2_PLACEMENT_3D ( 'NONE', #7042, #2386, #7838 ) ;
#8183 = STYLED_ITEM ( 'NONE', ( #5108 ), #3130 ) ;
#8184 = PRESENTATION_STYLE_ASSIGNMENT (( #234 ) ) ;
#8185 = ORIENTED_EDGE ( 'NONE', *, *, #101, .F. ) ;
#8186 =( GEOMETRIC_REPRESENTATION_CONTEXT ( 3 ) GLOBAL_UNCERTAINTY_ASSIGNED_CONTEXT ( ( #5893 ) ) GLOBAL_UNIT_ASSIGNED_CONTEXT ( ( #8327, #3626, #9109 ) ) REPRESENTATION_CONTEXT ( 'NONE', 'WORKASPACE' ) );
#8187 = CARTESIAN_POINT ( 'NONE',  ( 1.450000000527496400, 20.81229349947144100, -12.44000000000000100 ) ) ;
#8188 = CARTESIAN_POINT ( 'NONE',  ( 2.050000000527496100, 20.66229349947143800, -12.44000000000000100 ) ) ;
#8189 = LINE ( 'NONE', #3829, #2206 ) ;
#8190 =( NAMED_UNIT ( * ) SI_UNIT ( $, .STERADIAN. ) SOLID_ANGLE_UNIT ( ) );
#8191 = SURFACE_STYLE_FILL_AREA ( #9748 ) ;
#8192 = VERTEX_POINT ( 'NONE', #2934 ) ;
#8193 =( NAMED_UNIT ( * ) SI_UNIT ( $, .STERADIAN. ) SOLID_ANGLE_UNIT ( ) );
#8194 = FILL_AREA_STYLE_COLOUR ( '', #46 ) ;
#8195 = VERTEX_POINT ( 'NONE', #8353 ) ;
#8196 = CARTESIAN_POINT ( 'NONE',  ( 0.9999953779657178000, 24.66229349947143800, -12.26500000000000200 ) ) ;
#8197 = CARTESIAN_POINT ( 'NONE',  ( 7.681825340238310300, 27.84241116321852500, -11.96500000000000200 ) ) ;
#8198 = CYLINDRICAL_SURFACE ( 'NONE', #2257, 0.1999928650898725200 ) ;
#8199 = ORIENTED_EDGE ( 'NONE', *, *, #2988, .F. ) ;
#8200 = PLANE ( 'NONE',  #6873 ) ;
#8201 =( NAMED_UNIT ( * ) PLANE_ANGLE_UNIT ( ) SI_UNIT ( $, .RADIAN. ) );
#8202 =( NAMED_UNIT ( * ) PLANE_ANGLE_UNIT ( ) SI_UNIT ( $, .RADIAN. ) );
#8203 = ADVANCED_FACE ( 'NONE', ( #9440 ), #5201, .F. ) ;
#8204 = STYLED_ITEM ( 'NONE', ( #8930 ), #8157 ) ;
#8205 = VECTOR ( 'NONE', #5774, 1000.000000000000000 ) ;
#8206 = DIRECTION ( 'NONE',  ( 1.000000000000000000, 0.0000000000000000000, 0.0000000000000000000 ) ) ;
#8207 = EDGE_LOOP ( 'NONE', ( #3669, #5958, #8339, #4370 ) ) ;
#8208 = EDGE_LOOP ( 'NONE', ( #5051, #759, #8199, #4570, #8783, #9875 ) ) ;
#8209 = UNCERTAINTY_MEASURE_WITH_UNIT (LENGTH_MEASURE( 1.000000000000000100E-005 ), #1424, 'distance_accuracy_value', 'NONE');
#8210 = EDGE_CURVE ( 'NONE', #8243, #3597, #7435, .T. ) ;
#8211 = SURFACE_STYLE_FILL_AREA ( #6678 ) ;
#8212 = SURFACE_SIDE_STYLE ('',( #512 ) ) ;
#8213 = AXIS2_PLACEMENT_3D ( 'NONE', #8414, #7660, #7625 ) ;
#8214 = LINE ( 'NONE', #9414, #7997 ) ;
#8215 = UNCERTAINTY_MEASURE_WITH_UNIT (LENGTH_MEASURE( 1.000000000000000100E-005 ), #7553, 'distance_accuracy_value', 'NONE');
#8216 = CARTESIAN_POINT ( 'NONE',  ( 4.274084942581324300, 31.19610568662749000, -12.05676052840673800 ) ) ;
#8217 =( NAMED_UNIT ( * ) SI_UNIT ( $, .STERADIAN. ) SOLID_ANGLE_UNIT ( ) );
#8218 = VECTOR ( 'NONE', #3920, 1000.000000000000000 ) ;
#8219 = ORIENTED_EDGE ( 'NONE', *, *, #1942, .T. ) ;
#8220 = VECTOR ( 'NONE', #778, 1000.000000000000000 ) ;
#8221 = FILL_AREA_STYLE_COLOUR ( '', #5614 ) ;
#8222 = DIRECTION ( 'NONE',  ( 1.000000000000000000, -0.0000000000000000000, 0.0000000000000000000 ) ) ;
#8223 = PRESENTATION_LAYER_ASSIGNMENT (  '', '', ( #8749 ) ) ;
#8224 = EDGE_CURVE ( 'NONE', #902, #2234, #3517, .T. ) ;
#8225 = UNCERTAINTY_MEASURE_WITH_UNIT (LENGTH_MEASURE( 1.000000000000000100E-005 ), #8131, 'distance_accuracy_value', 'NONE');
#8226 = SURFACE_STYLE_FILL_AREA ( #8397 ) ;
#8227 = DIRECTION ( 'NONE',  ( 1.000000000000000000, 0.0000000000000000000, 0.0000000000000000000 ) ) ;
#8228 = PRESENTATION_LAYER_ASSIGNMENT (  '', '', ( #7698 ) ) ;
#8229 = AXIS2_PLACEMENT_3D ( 'NONE', #1088, #6475, #1863 ) ;
#8230 = SURFACE_SIDE_STYLE ('',( #7234 ) ) ;
#8231 = ORIENTED_EDGE ( 'NONE', *, *, #3319, .T. ) ;
#8232 = B_SPLINE_CURVE_WITH_KNOTS ( 'NONE', 3,
 ( #4028, #2314, #6187, #189, #6967, #1678, #1524, #6147, #3779, #3224, #9747, #8216 ),
 .UNSPECIFIED., .F., .F.,
 ( 4, 2, 2, 2, 2, 4 ),
 ( 0.0000000000000000000, 0.0001552549987875688600, 0.0003105099975751377200, 0.0003881374969689213000, 0.0004657649963627049300, 0.0006210199951502707800 ),
 .UNSPECIFIED. ) ;
#8233 = STYLED_ITEM ( 'NONE', ( #5756 ), #6213 ) ;
#8234 = MECHANICAL_DESIGN_GEOMETRIC_PRESENTATION_REPRESENTATION (  '', ( #6621 ), #8758 ) ;
#8235 = DIRECTION ( 'NONE',  ( 0.0000000000000000000, -1.000000000000000000, 0.0000000000000000000 ) ) ;
#8236 = FACE_BOUND ( 'NONE', #4295, .T. ) ;
#8237 = VERTEX_POINT ( 'NONE', #4429 ) ;
#8238 = SURFACE_SIDE_STYLE ('',( #7751 ) ) ;
#8239 = PLANE ( 'NONE',  #4191 ) ;
#8240 = ORIENTED_EDGE ( 'NONE', *, *, #5000, .T. ) ;
#8241 = LINE ( 'NONE', #5297, #4075 ) ;
#8242 = DIRECTION ( 'NONE',  ( 0.0000000000000000000, -0.0000000000000000000, 1.000000000000000000 ) ) ;
#8243 = VERTEX_POINT ( 'NONE', #5235 ) ;
#8244 = CARTESIAN_POINT ( 'NONE',  ( 7.753720771772602700, 27.19324256009383900, -9.877385863389077900 ) ) ;
#8245 =( NAMED_UNIT ( * ) SI_UNIT ( $, .STERADIAN. ) SOLID_ANGLE_UNIT ( ) );
#8246 = VECTOR ( 'NONE', #3990, 1000.000000000000000 ) ;
#8247 = DIRECTION ( 'NONE',  ( 0.0000000000000000000, -1.000000000000000000, 0.0000000000000000000 ) ) ;
#8248 = VECTOR ( 'NONE', #4765, 1000.000000000000000 ) ;
#8249 = ADVANCED_FACE ( 'NONE', ( #5304 ), #2221, .F. ) ;
#8250 = ORIENTED_EDGE ( 'NONE', *, *, #458, .T. ) ;
#8251 = CARTESIAN_POINT ( 'NONE',  ( 0.5500000005274974200, 20.66229349947143800, -11.84000000000000200 ) ) ;
#8252 = DIRECTION ( 'NONE',  ( 0.0000000000000000000, 0.0000000000000000000, 1.000000000000000000 ) ) ;
#8253 = EDGE_LOOP ( 'NONE', ( #1136, #5696, #8150, #8272 ) ) ;
#8254 = EDGE_CURVE ( 'NONE', #9947, #5264, #2584, .T. ) ;
#8255 = VERTEX_POINT ( 'NONE', #6903 ) ;
#8256 =( NAMED_UNIT ( * ) PLANE_ANGLE_UNIT ( ) SI_UNIT ( $, .RADIAN. ) );
#8257 = CARTESIAN_POINT ( 'NONE',  ( -2.449999999472502600, 20.96229349947143900, -11.99000000000000200 ) ) ;
#8258 = VECTOR ( 'NONE', #5795, 1000.000000000000000 ) ;
#8259 = STYLED_ITEM ( 'NONE', ( #6720 ), #7683 ) ;
#8260 = SURFACE_SIDE_STYLE ('',( #9769 ) ) ;
#8261 = FILL_AREA_STYLE ('',( #4277 ) ) ;
#8262 = FILL_AREA_STYLE ('',( #7183 ) ) ;
#8263 = ORIENTED_EDGE ( 'NONE', *, *, #8596, .T. ) ;
#8264 = EDGE_CURVE ( 'NONE', #5587, #8623, #3306, .T. ) ;
#8265 = EDGE_CURVE ( 'NONE', #3113, #5433, #8557, .T. ) ;
#8266 = AXIS2_PLACEMENT_3D ( 'NONE', #8571, #6273, #3871 ) ;
#8267 = VECTOR ( 'NONE', #4733, 1000.000000000000000 ) ;
#8268 = PRESENTATION_STYLE_ASSIGNMENT (( #9992 ) ) ;
#8269 = CARTESIAN_POINT ( 'NONE',  ( 7.447962693746579700, 27.87901524455030600, -12.15930487045871200 ) ) ;
#8270 = VERTEX_POINT ( 'NONE', #4532 ) ;
#8271 = ORIENTED_EDGE ( 'NONE', *, *, #3127, .F. ) ;
#8272 = ORIENTED_EDGE ( 'NONE', *, *, #8657, .T. ) ;
#8273 = DIRECTION ( 'NONE',  ( 0.0000000000000000000, -0.0000000000000000000, 1.000000000000000000 ) ) ;
#8274 = ORIENTED_EDGE ( 'NONE', *, *, #4031, .F. ) ;
#8275 =( NAMED_UNIT ( * ) PLANE_ANGLE_UNIT ( ) SI_UNIT ( $, .RADIAN. ) );
#8276 = EDGE_CURVE ( 'NONE', #9947, #9759, #4337, .T. ) ;
#8277 = LINE ( 'NONE', #2409, #44 ) ;
#8278 = EDGE_CURVE ( 'NONE', #634, #4286, #8310, .T. ) ;
#8279 = VECTOR ( 'NONE', #8972, 1000.000000000000000 ) ;
#8280 =( GEOMETRIC_REPRESENTATION_CONTEXT ( 3 ) GLOBAL_UNCERTAINTY_ASSIGNED_CONTEXT ( ( #98 ) ) GLOBAL_UNIT_ASSIGNED_CONTEXT ( ( #92, #5420, #2363 ) ) REPRESENTATION_CONTEXT ( 'NONE', 'WORKASPACE' ) );
#8281 = ORIENTED_EDGE ( 'NONE', *, *, #1290, .F. ) ;
#8282 = DIRECTION ( 'NONE',  ( 0.0000000000000000000, 0.0000000000000000000, 1.000000000000000000 ) ) ;
#8283 = AXIS2_PLACEMENT_3D ( 'NONE', #8862, #7288, #8125 ) ;
#8284 = SURFACE_SIDE_STYLE ('',( #1291 ) ) ;
#8285 = VERTEX_POINT ( 'NONE', #4578 ) ;
#8286 = ORIENTED_EDGE ( 'NONE', *, *, #736, .F. ) ;
#8287 =( NAMED_UNIT ( * ) SI_UNIT ( $, .STERADIAN. ) SOLID_ANGLE_UNIT ( ) );
#8288 = DIRECTION ( 'NONE',  ( 0.0000000000000000000, 0.0000000000000000000, -1.000000000000000000 ) ) ;
#8289 = AXIS2_PLACEMENT_3D ( 'NONE', #3245, #1665, #7416 ) ;
#8290 = ORIENTED_EDGE ( 'NONE', *, *, #8106, .F. ) ;
#8291 = DIRECTION ( 'NONE',  ( 1.000000000000000000, -0.0000000000000000000, 0.0000000000000000000 ) ) ;
#8292 = LINE ( 'NONE', #941, #2066 ) ;
#8293 = ORIENTED_EDGE ( 'NONE', *, *, #6482, .T. ) ;
#8294 = EDGE_CURVE ( 'NONE', #897, #5358, #9999, .T. ) ;
#8295 = DIRECTION ( 'NONE',  ( 0.0000000000000000000, 1.000000000000000000, 0.0000000000000000000 ) ) ;
#8296 = B_SPLINE_CURVE_WITH_KNOTS ( 'NONE', 3,
 ( #7805, #6206, #2353, #4638, #5408, #851, #6219, #1609, #7047, #4554, #5294, #1458, #705, #9085 ),
 .UNSPECIFIED., .F., .F.,
 ( 4, 2, 2, 2, 2, 2, 4 ),
 ( 0.0000000000000000000, 0.0001879583276142564200, 0.0002819374914213815700, 0.0003759166552285066600, 0.0004698958190356317600, 0.0005638749828427569600, 0.0007518333104570040000 ),
 .UNSPECIFIED. ) ;
#8297 = SURFACE_SIDE_STYLE ('',( #8907 ) ) ;
#8298 = DIRECTION ( 'NONE',  ( 0.0000000000000000000, -0.0000000000000000000, 1.000000000000000000 ) ) ;
#8299 = DIRECTION ( 'NONE',  ( -0.3173046564050759900, -0.9483236552062046500, 0.0000000000000000000 ) ) ;
#8300 =( LENGTH_UNIT ( ) NAMED_UNIT ( * ) SI_UNIT ( .MILLI., .METRE. ) );
#8301 = SURFACE_STYLE_FILL_AREA ( #161 ) ;
#8302 = ADVANCED_FACE ( 'NONE', ( #2088 ), #6165, .F. ) ;
#8303 = CIRCLE ( 'NONE', #1630, 0.2000000000000005100 ) ;
#8304 = ORIENTED_EDGE ( 'NONE', *, *, #1576, .T. ) ;
#8305 = STYLED_ITEM ( 'NONE', ( #227 ), #4672 ) ;
#8306 = ORIENTED_EDGE ( 'NONE', *, *, #8107, .T. ) ;
#8307 =( GEOMETRIC_REPRESENTATION_CONTEXT ( 3 ) GLOBAL_UNCERTAINTY_ASSIGNED_CONTEXT ( ( #86 ) ) GLOBAL_UNIT_ASSIGNED_CONTEXT ( ( #1932, #1902, #1870 ) ) REPRESENTATION_CONTEXT ( 'NONE', 'WORKASPACE' ) );
#8309 = CARTESIAN_POINT ( 'NONE',  ( 7.478497382169814900, 27.85472300322058800, -12.14267980141185700 ) ) ;
#8308 =( LENGTH_UNIT ( ) NAMED_UNIT ( * ) SI_UNIT ( .MILLI., .METRE. ) );
#8310 = LINE ( 'NONE', #9323, #4132 ) ;
#8311 = FILL_AREA_STYLE ('',( #5090 ) ) ;
#8312 = SURFACE_STYLE_FILL_AREA ( #8638 ) ;
#8313 = CARTESIAN_POINT ( 'NONE',  ( 0.9999953779657178000, 24.66229349947143800, -10.06500000000000100 ) ) ;
#8314 = CARTESIAN_POINT ( 'NONE',  ( 7.447992757448884200, 27.87889942614292600, -9.870668637536665500 ) ) ;
#8315 = VERTEX_POINT ( 'NONE', #8887 ) ;
#8316 = FILL_AREA_STYLE ('',( #9060 ) ) ;
#8317 = LINE ( 'NONE', #517, #2097 ) ;
#8318 = PRESENTATION_LAYER_ASSIGNMENT (  '', '', ( #7275 ) ) ;
#8319 = VERTEX_POINT ( 'NONE', #4166 ) ;
#8320 = SURFACE_STYLE_USAGE ( .BOTH. , #2862 ) ;
#8321 =( NAMED_UNIT ( * ) SI_UNIT ( $, .STERADIAN. ) SOLID_ANGLE_UNIT ( ) );
#8322 =( LENGTH_UNIT ( ) NAMED_UNIT ( * ) SI_UNIT ( .MILLI., .METRE. ) );
#8323 = EDGE_CURVE ( 'NONE', #924, #1752, #5445, .T. ) ;
#8324 = CARTESIAN_POINT ( 'NONE',  ( 6.699991030787229500, 20.96229676927035300, -9.540000000000000900 ) ) ;
#8325 = EDGE_CURVE ( 'NONE', #3390, #6496, #1356, .T. ) ;
#8326 =( NAMED_UNIT ( * ) SI_UNIT ( $, .STERADIAN. ) SOLID_ANGLE_UNIT ( ) );
#8327 =( LENGTH_UNIT ( ) NAMED_UNIT ( * ) SI_UNIT ( .MILLI., .METRE. ) );
#8328 = COLOUR_RGB ( '',1.000000000000000000, 0.0000000000000000000, 1.000000000000000000 ) ;
#8329 = DIRECTION ( 'NONE',  ( 0.0000000000000000000, 0.0000000000000000000, -1.000000000000000000 ) ) ;
#8330 = ORIENTED_EDGE ( 'NONE', *, *, #876, .T. ) ;
#8331 = UNCERTAINTY_MEASURE_WITH_UNIT (LENGTH_MEASURE( 1.000000000000000100E-005 ), #9971, 'distance_accuracy_value', 'NONE');
#8332 = STYLED_ITEM ( 'NONE', ( #434 ), #8444 ) ;
#8333 = CIRCLE ( 'NONE', #4255, 7.500000000000000900 ) ;
#8334 = EDGE_CURVE ( 'NONE', #5801, #8243, #9432, .T. ) ;
#8335 = DIRECTION ( 'NONE',  ( 0.0000000000000000000, -0.0000000000000000000, 1.000000000000000000 ) ) ;
#8336 = UNCERTAINTY_MEASURE_WITH_UNIT (LENGTH_MEASURE( 1.000000000000000100E-005 ), #1668, 'distance_accuracy_value', 'NONE');
#8337 = CARTESIAN_POINT ( 'NONE',  ( 2.950000000527496400, 20.66229349947143800, -12.44000000000000100 ) ) ;
#8338 = DIRECTION ( 'NONE',  ( 0.0000000000000000000, 0.0000000000000000000, -1.000000000000000000 ) ) ;
#8339 = ORIENTED_EDGE ( 'NONE', *, *, #8610, .T. ) ;
#8340 = CARTESIAN_POINT ( 'NONE',  ( 2.050000000527497000, 20.96229614966531000, -12.44000000000000100 ) ) ;
#8341 = ORIENTED_EDGE ( 'NONE', *, *, #6227, .F. ) ;
#8342 = EDGE_LOOP ( 'NONE', ( #7401, #281, #2451, #8529 ) ) ;
#8343 = DIRECTION ( 'NONE',  ( 0.0000000000000000000, -1.000000000000000000, 0.0000000000000000000 ) ) ;
#8344 = LINE ( 'NONE', #3437, #123 ) ;
#8345 = ADVANCED_FACE ( 'NONE', ( #3409 ), #9685, .F. ) ;
#8346 = FILL_AREA_STYLE_COLOUR ( '', #918 ) ;
#8347 = VERTEX_POINT ( 'NONE', #8175 ) ;
#8348 =( NAMED_UNIT ( * ) SI_UNIT ( $, .STERADIAN. ) SOLID_ANGLE_UNIT ( ) );
#8349 = AXIS2_PLACEMENT_3D ( 'NONE', #514, #686, #4800 ) ;
#8350 = EDGE_CURVE ( 'NONE', #1475, #902, #1652, .T. ) ;
#8351 =( NAMED_UNIT ( * ) PLANE_ANGLE_UNIT ( ) SI_UNIT ( $, .RADIAN. ) );
#8352 = DIRECTION ( 'NONE',  ( -0.0000000000000000000, 0.0000000000000000000, -1.000000000000000000 ) ) ;
#8353 = CARTESIAN_POINT ( 'NONE',  ( -4.900014469212784700, 25.61229242923305800, -9.540000000000000900 ) ) ;
#8354 = SURFACE_STYLE_FILL_AREA ( #9455 ) ;
#8355 = B_SPLINE_CURVE_WITH_KNOTS ( 'NONE', 3,
 ( #8533, #2262, #9329, #4584, #34, #5350, #797, #6172, #1551, #6993, #2341, #7790, #3109, #8573 ),
 .UNSPECIFIED., .F., .F.,
 ( 4, 2, 2, 2, 2, 2, 4 ),
 ( 0.0000000000000000000, 0.0001879583276142640400, 0.0002819374914213903000, 0.0003759166552285165800, 0.0004698958190356428700, 0.0005638749828427691000, 0.0007518333104570121300 ),
 .UNSPECIFIED. ) ;
#8356 =( GEOMETRIC_REPRESENTATION_CONTEXT ( 3 ) GLOBAL_UNCERTAINTY_ASSIGNED_CONTEXT ( ( #5718 ) ) GLOBAL_UNIT_ASSIGNED_CONTEXT ( ( #13, #5332, #780 ) ) REPRESENTATION_CONTEXT ( 'NONE', 'WORKASPACE' ) );
#8357 = VERTEX_POINT ( 'NONE', #3458 ) ;
#8358 = DIRECTION ( 'NONE',  ( 1.000000000000000000, 0.0000000000000000000, 0.0000000000000000000 ) ) ;
#8359 =( NAMED_UNIT ( * ) SI_UNIT ( $, .STERADIAN. ) SOLID_ANGLE_UNIT ( ) );
#8360 = DIRECTION ( 'NONE',  ( 0.0000000000000000000, -0.0000000000000000000, 1.000000000000000000 ) ) ;
#8361 = FACE_OUTER_BOUND ( 'NONE', #1640, .T. ) ;
#8362 =( LENGTH_UNIT ( ) NAMED_UNIT ( * ) SI_UNIT ( .MILLI., .METRE. ) );
#8363 = PRESENTATION_LAYER_ASSIGNMENT (  '', '', ( #7317 ) ) ;
#8364 = ORIENTED_EDGE ( 'NONE', *, *, #1465, .T. ) ;
#8365 = EDGE_LOOP ( 'NONE', ( #3650, #9210, #3554, #8587 ) ) ;
#8366 = DIRECTION ( 'NONE',  ( 0.0000000000000000000, 1.000000000000000000, 0.0000000000000000000 ) ) ;
#8367 =( LENGTH_UNIT ( ) NAMED_UNIT ( * ) SI_UNIT ( .MILLI., .METRE. ) );
#8368 = ORIENTED_EDGE ( 'NONE', *, *, #3497, .T. ) ;
#8369 = SURFACE_STYLE_USAGE ( .BOTH. , #8399 ) ;
#8370 = AXIS2_PLACEMENT_3D ( 'NONE', #804, #6180, #1558 ) ;
#8371 = LINE ( 'NONE', #2017, #6264 ) ;
#8372 = DIRECTION ( 'NONE',  ( 1.000000000000000000, 0.0000000000000000000, 0.0000000000000000000 ) ) ;
#8373 = CARTESIAN_POINT ( 'NONE',  ( 4.474084942581325400, 31.19610568662749000, -9.765000000000000600 ) ) ;
#8374 = COLOUR_RGB ( '',0.0000000000000000000, 0.0000000000000000000, 1.000000000000000000 ) ;
#8375 =( NAMED_UNIT ( * ) PLANE_ANGLE_UNIT ( ) SI_UNIT ( $, .RADIAN. ) );
#8376 = FILL_AREA_STYLE ('',( #9199 ) ) ;
#8377 =( GEOMETRIC_REPRESENTATION_CONTEXT ( 3 ) GLOBAL_UNCERTAINTY_ASSIGNED_CONTEXT ( ( #8654 ) ) GLOBAL_UNIT_ASSIGNED_CONTEXT ( ( #2581, #8054, #3343 ) ) REPRESENTATION_CONTEXT ( 'NONE', 'WORKASPACE' ) );
#8378 = VERTEX_POINT ( 'NONE', #2707 ) ;
#8379 = DIRECTION ( 'NONE',  ( 0.0000000000000000000, -0.0000000000000000000, 1.000000000000000000 ) ) ;
#8380 = ORIENTED_EDGE ( 'NONE', *, *, #8325, .T. ) ;
#8381 = DIRECTION ( 'NONE',  ( -0.9396926207859089800, -0.3420201433256674400, 0.0000000000000000000 ) ) ;
#8382 = PRESENTATION_STYLE_ASSIGNMENT (( #3898 ) ) ;
#8383 = DIRECTION ( 'NONE',  ( 0.0000000000000000000, -0.0000000000000000000, 1.000000000000000000 ) ) ;
#8384 =( NAMED_UNIT ( * ) PLANE_ANGLE_UNIT ( ) SI_UNIT ( $, .RADIAN. ) );
#8385 = EDGE_LOOP ( 'NONE', ( #1332, #636, #1829, #4317 ) ) ;
#8386 =( GEOMETRIC_REPRESENTATION_CONTEXT ( 3 ) GLOBAL_UNCERTAINTY_ASSIGNED_CONTEXT ( ( #2027 ) ) GLOBAL_UNIT_ASSIGNED_CONTEXT ( ( #8135, #3431, #8917 ) ) REPRESENTATION_CONTEXT ( 'NONE', 'WORKASPACE' ) );
#8387 = DIRECTION ( 'NONE',  ( 0.0000000000000000000, 0.0000000000000000000, -1.000000000000000000 ) ) ;
#8388 = DIRECTION ( 'NONE',  ( -1.000000000000000000, 0.0000000000000000000, 0.0000000000000000000 ) ) ;
#8389 = CARTESIAN_POINT ( 'NONE',  ( 8.062572811169548700, 25.86229349947143800, -9.828797875428927400 ) ) ;
#8390 = DIRECTION ( 'NONE',  ( 1.000000000000000000, 0.0000000000000000000, 0.0000000000000000000 ) ) ;
#8391 = SURFACE_STYLE_FILL_AREA ( #7514 ) ;
#8392 =( NAMED_UNIT ( * ) PLANE_ANGLE_UNIT ( ) SI_UNIT ( $, .RADIAN. ) );
#8393 = ADVANCED_FACE ( 'NONE', ( #7871 ), #1184, .F. ) ;
#8394 = EDGE_CURVE ( 'NONE', #6554, #2449, #4757, .T. ) ;
#8395 = VERTEX_POINT ( 'NONE', #5813 ) ;
#8396 = AXIS2_PLACEMENT_3D ( 'NONE', #406, #374, #347 ) ;
#8397 = FILL_AREA_STYLE ('',( #9969 ) ) ;
#8398 = VERTEX_POINT ( 'NONE', #7425 ) ;
#8399 = SURFACE_SIDE_STYLE ('',( #9811 ) ) ;
#8400 = SURFACE_SIDE_STYLE ('',( #4449 ) ) ;
#8401 = COLOUR_RGB ( '',1.000000000000000000, 1.000000000000000000, 1.000000000000000000 ) ;
#8402 = ORIENTED_EDGE ( 'NONE', *, *, #7741, .F. ) ;
#8403 = CARTESIAN_POINT ( 'NONE',  ( 2.983604987828357000, 31.79147949197160700, -11.96500000000000000 ) ) ;
#8404 = ORIENTED_EDGE ( 'NONE', *, *, #9312, .F. ) ;
#8405 = CARTESIAN_POINT ( 'NONE',  ( 3.681207061667245200, 31.36583935307207200, -12.14532261121621400 ) ) ;
#8406 = ORIENTED_EDGE ( 'NONE', *, *, #8053, .T. ) ;
#8407 = DIRECTION ( 'NONE',  ( -1.000000000000000000, 0.0000000000000000000, 0.0000000000000000000 ) ) ;
#8408 = EDGE_CURVE ( 'NONE', #2258, #9974, #6847, .T. ) ;
#8409 = EDGE_CURVE ( 'NONE', #7953, #7532, #683, .T. ) ;
#8410 = COLOUR_RGB ( '',1.000000000000000000, 0.0000000000000000000, 1.000000000000000000 ) ;
#8411 = MECHANICAL_DESIGN_GEOMETRIC_PRESENTATION_REPRESENTATION (  '', ( #6292 ), #8945 ) ;
#8412 = CIRCLE ( 'NONE', #8396, 7.399999999999999500 ) ;
#8413 = EDGE_LOOP ( 'NONE', ( #2949, #1148, #4967, #7224 ) ) ;
#8414 = CARTESIAN_POINT ( 'NONE',  ( 2.099995377965719000, 32.28331705277450000, -10.06500000000000100 ) ) ;
#8415 = DIRECTION ( 'NONE',  ( 1.000000000000000000, 0.0000000000000000000, 0.0000000000000000000 ) ) ;
#8416 =( GEOMETRIC_REPRESENTATION_CONTEXT ( 3 ) GLOBAL_UNCERTAINTY_ASSIGNED_CONTEXT ( ( #3614 ) ) GLOBAL_UNIT_ASSIGNED_CONTEXT ( ( #5281, #733, #6100 ) ) REPRESENTATION_CONTEXT ( 'NONE', 'WORKASPACE' ) );
#8417 = PRESENTATION_LAYER_ASSIGNMENT (  '', '', ( #1980 ) ) ;
#8418 = DIRECTION ( 'NONE',  ( -0.0000000000000000000, -0.0000000000000000000, 1.000000000000000000 ) ) ;
#8419 = SURFACE_SIDE_STYLE ('',( #1765 ) ) ;
#8420 = SURFACE_STYLE_USAGE ( .BOTH. , #2964 ) ;
#8421 = EDGE_CURVE ( 'NONE', #6629, #6400, #8706, .T. ) ;
#8422 = CARTESIAN_POINT ( 'NONE',  ( 3.550000000527496100, 21.96229349947142100, -12.54000000000000300 ) ) ;
#8423 = UNCERTAINTY_MEASURE_WITH_UNIT (LENGTH_MEASURE( 1.000000000000000100E-005 ), #6520, 'distance_accuracy_value', 'NONE');
#8424 = B_SPLINE_CURVE_WITH_KNOTS ( 'NONE', 3,
 ( #1444, #6061, #10031, #5278, #726, #6096, #1477, #6910 ),
 .UNSPECIFIED., .F., .F.,
 ( 4, 2, 2, 4 ),
 ( 2.768587629114320300E-007, 0.0002162707261446266700, 0.0003242676598354835500, 0.0004322645935263404600 ),
 .UNSPECIFIED. ) ;
#8425 = ORIENTED_EDGE ( 'NONE', *, *, #9342, .F. ) ;
#8426 = CARTESIAN_POINT ( 'NONE',  ( 3.550000000527496500, 20.81229349947144100, -12.44000000000000100 ) ) ;
#8427 =( NAMED_UNIT ( * ) SI_UNIT ( $, .STERADIAN. ) SOLID_ANGLE_UNIT ( ) );
#8428 = DIRECTION ( 'NONE',  ( -1.000000000000000000, 0.0000000000000000000, 0.0000000000000000000 ) ) ;
#8429 = PLANE ( 'NONE',  #5828 ) ;
#8430 =( NAMED_UNIT ( * ) PLANE_ANGLE_UNIT ( ) SI_UNIT ( $, .RADIAN. ) );
#8431 = AXIS2_PLACEMENT_3D ( 'NONE', #3194, #7889, #4375 ) ;
#8432 = DIRECTION ( 'NONE',  ( -8.340016711426962700E-017, -1.000000000000000000, 0.0000000000000000000 ) ) ;
#8433 = DIRECTION ( 'NONE',  ( 0.9062988080971907700, -0.4226375166044908900, -0.0000000000000000000 ) ) ;
#8434 = CARTESIAN_POINT ( 'NONE',  ( 0.5500000005274974200, 20.96229349947143900, -11.99000000000000200 ) ) ;
#8435 = ORIENTED_EDGE ( 'NONE', *, *, #6693, .T. ) ;
#8436 = FILL_AREA_STYLE ('',( #8682 ) ) ;
#8437 = FILL_AREA_STYLE ('',( #1419 ) ) ;
#8438 = LINE ( 'NONE', #6953, #2479 ) ;
#8439 = CARTESIAN_POINT ( 'NONE',  ( -2.999999999472504600, 22.06229614966531100, -12.44000000000000100 ) ) ;
#8440 = CARTESIAN_POINT ( 'NONE',  ( -5.997861436802642400, 25.86229349947143400, -9.765000000000000600 ) ) ;
#8441 = DIRECTION ( 'NONE',  ( -1.000000000000000000, 0.0000000000000000000, 0.0000000000000000000 ) ) ;
#8442 = VERTEX_POINT ( 'NONE', #7456 ) ;
#8443 =( NAMED_UNIT ( * ) SI_UNIT ( $, .STERADIAN. ) SOLID_ANGLE_UNIT ( ) );
#8444 = ADVANCED_FACE ( 'NONE', ( #6584 ), #7723, .F. ) ;
#8445 = EDGE_LOOP ( 'NONE', ( #8770, #1216, #5401 ) ) ;
#8446 = FILL_AREA_STYLE_COLOUR ( '', #5335 ) ;
#8447 = AXIS2_PLACEMENT_3D ( 'NONE', #9882, #5128, #573 ) ;
#8448 =( LENGTH_UNIT ( ) NAMED_UNIT ( * ) SI_UNIT ( .MILLI., .METRE. ) );
#8449 = CARTESIAN_POINT ( 'NONE',  ( -1.549999999472504700, 20.66229349947143800, -12.54000000000000300 ) ) ;
#8450 = LINE ( 'NONE', #538, #6355 ) ;
#8451 = EDGE_CURVE ( 'NONE', #416, #930, #5825, .T. ) ;
#8452 = DIRECTION ( 'NONE',  ( -1.000000000000000000, 0.0000000000000000000, 0.0000000000000000000 ) ) ;
#8453 = FACE_OUTER_BOUND ( 'NONE', #4159, .T. ) ;
#8454 = VERTEX_POINT ( 'NONE', #7487 ) ;
#8455 = UNCERTAINTY_MEASURE_WITH_UNIT (LENGTH_MEASURE( 1.000000000000000100E-005 ), #8457, 'distance_accuracy_value', 'NONE');
#8456 = EDGE_CURVE ( 'NONE', #8687, #7049, #3791, .T. ) ;
#8457 =( LENGTH_UNIT ( ) NAMED_UNIT ( * ) SI_UNIT ( .MILLI., .METRE. ) );
#8458 = CARTESIAN_POINT ( 'NONE',  ( 0.09999537796571880700, 32.00735987085298000, -11.96500000000000200 ) ) ;
#8459 = PRESENTATION_LAYER_ASSIGNMENT (  '', '', ( #7978 ) ) ;
#8460 = CARTESIAN_POINT ( 'NONE',  ( -4.383315526897335200, 29.52122197359533800, -9.916824990576206000 ) ) ;
#8461 = CARTESIAN_POINT ( 'NONE',  ( 6.602453769200100600, 26.71229338220534900, -11.84000000000000200 ) ) ;
#8462 = VECTOR ( 'NONE', #8415, 1000.000000000000000 ) ;
#8463 = CARTESIAN_POINT ( 'NONE',  ( -6.019588088641595100, 27.00439681814319600, -10.06500000000000300 ) ) ;
#8464 = ORIENTED_EDGE ( 'NONE', *, *, #9112, .F. ) ;
#8465 = DIRECTION ( 'NONE',  ( 0.0000000000000000000, -0.0000000000000000000, 1.000000000000000000 ) ) ;
#8466 = FILL_AREA_STYLE_COLOUR ( '', #2617 ) ;
#8467 = DIRECTION ( 'NONE',  ( 0.0000000000000000000, 0.0000000000000000000, -1.000000000000000000 ) ) ;
#8468 = PRESENTATION_STYLE_ASSIGNMENT (( #1955 ) ) ;
#8469 = DIRECTION ( 'NONE',  ( 1.000000000000000000, 0.0000000000000000000, 0.0000000000000000000 ) ) ;
#8470 = CYLINDRICAL_SURFACE ( 'NONE', #7330, 7.400000000000000400 ) ;
#8471 = MECHANICAL_DESIGN_GEOMETRIC_PRESENTATION_REPRESENTATION (  '', ( #6887 ), #8996 ) ;
#8472 = STYLED_ITEM ( 'NONE', ( #3884 ), #9166 ) ;
#8473 =( NAMED_UNIT ( * ) SI_UNIT ( $, .STERADIAN. ) SOLID_ANGLE_UNIT ( ) );
#8474 = CARTESIAN_POINT ( 'NONE',  ( 4.450000000527496400, 20.96229614966531000, -12.44000000000000100 ) ) ;
#8475 = VECTOR ( 'NONE', #5388, 1000.000000000000000 ) ;
#8476 = SURFACE_SIDE_STYLE ('',( #7772 ) ) ;
#8477 = VERTEX_POINT ( 'NONE', #4340 ) ;
#8478 =( NAMED_UNIT ( * ) SI_UNIT ( $, .STERADIAN. ) SOLID_ANGLE_UNIT ( ) );
#8479 = FILL_AREA_STYLE ('',( #8446 ) ) ;
#8480 = ORIENTED_EDGE ( 'NONE', *, *, #5602, .T. ) ;
#8481 = ORIENTED_EDGE ( 'NONE', *, *, #8982, .T. ) ;
#8482 = DIRECTION ( 'NONE',  ( 0.0000000000000000000, 0.0000000000000000000, 1.000000000000000000 ) ) ;
#8483 = SURFACE_STYLE_USAGE ( .BOTH. , #8565 ) ;
#8484 = VECTOR ( 'NONE', #917, 1000.000000000000000 ) ;
#8485 = LINE ( 'NONE', #9535, #4081 ) ;
#8486 = CARTESIAN_POINT ( 'NONE',  ( 1.450000000527496400, 20.81229349947144100, -11.84000000000000200 ) ) ;
#8487 = CARTESIAN_POINT ( 'NONE',  ( -4.602453961876660700, 25.61229242923305800, -12.49000000000000200 ) ) ;
#8488 = CIRCLE ( 'NONE', #4814, 7.399999999999999500 ) ;
#8489 = COLOUR_RGB ( '',1.000000000000000000, 0.0000000000000000000, 1.000000000000000000 ) ;
#8490 = EDGE_LOOP ( 'NONE', ( #1695, #2771, #4785, #1312, #28, #1437, #3655, #3629, #1429, #9848, #5461, #5886, #8849, #2158, #4041, #8435 ) ) ;
#8491 = AXIS2_PLACEMENT_3D ( 'NONE', #8018, #3315, #2578 ) ;
#8492 = SURFACE_SIDE_STYLE ('',( #3201 ) ) ;
#8493 = PLANE ( 'NONE',  #3502 ) ;
#8494 = EDGE_LOOP ( 'NONE', ( #2556, #2908, #4101, #4698 ) ) ;
#8495 =( NAMED_UNIT ( * ) SI_UNIT ( $, .STERADIAN. ) SOLID_ANGLE_UNIT ( ) );
#8496 = CARTESIAN_POINT ( 'NONE',  ( 2.538922961530384500, 30.26166322722151100, -12.26500000000000200 ) ) ;
#8497 = VERTEX_POINT ( 'NONE', #9862 ) ;
#8498 = MECHANICAL_DESIGN_GEOMETRIC_PRESENTATION_REPRESENTATION (  '', ( #7432 ), #9017 ) ;
#8499 =( NAMED_UNIT ( * ) PLANE_ANGLE_UNIT ( ) SI_UNIT ( $, .RADIAN. ) );
#8500 = ADVANCED_FACE ( 'NONE', ( #1501 ), #6697, .T. ) ;
#8501 = CARTESIAN_POINT ( 'NONE',  ( 0.9999953779657178000, 24.66229349947143800, -10.06500000000000100 ) ) ;
#8502 = CARTESIAN_POINT ( 'NONE',  ( 2.050000000527497900, 20.96229676927035300, -11.84000000000000200 ) ) ;
#8503 = CARTESIAN_POINT ( 'NONE',  ( -4.098378041524672000, 30.02574280709371400, -11.96500000000000200 ) ) ;
#8504 = STYLED_ITEM ( 'NONE', ( #8176 ), #5594 ) ;
#8505 = ORIENTED_EDGE ( 'NONE', *, *, #990, .T. ) ;
#8506 = SURFACE_SIDE_STYLE ('',( #7839 ) ) ;
#8507 = VERTEX_POINT ( 'NONE', #550 ) ;
#8508 = FACE_OUTER_BOUND ( 'NONE', #5135, .T. ) ;
#8509 = PLANE ( 'NONE',  #9925 ) ;
#8510 = DIRECTION ( 'NONE',  ( -0.0000000000000000000, -0.0000000000000000000, 1.000000000000000000 ) ) ;
#8511 = CARTESIAN_POINT ( 'NONE',  ( 6.852453769200100600, 25.86229349947144100, -12.44000000000000100 ) ) ;
#8512 = ADVANCED_FACE ( 'NONE', ( #2833 ), #1344, .F. ) ;
#8513 = AXIS2_PLACEMENT_3D ( 'NONE', #807, #6183, #1562 ) ;
#8514 = VECTOR ( 'NONE', #7898, 1000.000000000000000 ) ;
#8515 = COLOUR_RGB ( '',1.000000000000000000, 1.000000000000000000, 1.000000000000000000 ) ;
#8516 = UNCERTAINTY_MEASURE_WITH_UNIT (LENGTH_MEASURE( 1.000000000000000100E-005 ), #2945, 'distance_accuracy_value', 'NONE');
#8517 =( NAMED_UNIT ( * ) PLANE_ANGLE_UNIT ( ) SI_UNIT ( $, .RADIAN. ) );
#8518 = ORIENTED_EDGE ( 'NONE', *, *, #5113, .T. ) ;
#8519 = FILL_AREA_STYLE ('',( #6940 ) ) ;
#8520 = COLOUR_RGB ( '',1.000000000000000000, 0.0000000000000000000, 1.000000000000000000 ) ;
#8521 = ORIENTED_EDGE ( 'NONE', *, *, #8031, .F. ) ;
#8522 = UNCERTAINTY_MEASURE_WITH_UNIT (LENGTH_MEASURE( 1.000000000000000100E-005 ), #9004, 'distance_accuracy_value', 'NONE');
#8523 =( NAMED_UNIT ( * ) PLANE_ANGLE_UNIT ( ) SI_UNIT ( $, .RADIAN. ) );
#8524 = DIRECTION ( 'NONE',  ( -1.000000000000000000, 5.782411586589357200E-015, 0.0000000000000000000 ) ) ;
#8525 = LINE ( 'NONE', #6939, #758 ) ;
#8526 = CARTESIAN_POINT ( 'NONE',  ( -4.098378041524672000, 30.02574280709371400, -10.06500000000000100 ) ) ;
#8527 = ORIENTED_EDGE ( 'NONE', *, *, #7044, .T. ) ;
#8528 = AXIS2_PLACEMENT_3D ( 'NONE', #2255, #7709, #3039 ) ;
#8529 = ORIENTED_EDGE ( 'NONE', *, *, #7349, .F. ) ;
#8530 = ORIENTED_EDGE ( 'NONE', *, *, #9114, .F. ) ;
#8531 = EDGE_CURVE ( 'NONE', #151, #7046, #4870, .T. ) ;
#8532 = CARTESIAN_POINT ( 'NONE',  ( -4.852453961876661600, 25.86229349947144100, -12.54000000000000300 ) ) ;
#8533 = CARTESIAN_POINT ( 'NONE',  ( -0.5955313811245757100, 31.88823941409236400, -11.96500000000000000 ) ) ;
#8534 = VERTEX_POINT ( 'NONE', #3581 ) ;
#8535 = CARTESIAN_POINT ( 'NONE',  ( -5.804093480416643300, 27.33519093906128800, -9.975196976199290700 ) ) ;
#8536 = SURFACE_STYLE_USAGE ( .BOTH. , #3080 ) ;
#8537 = CARTESIAN_POINT ( 'NONE',  ( -6.036964007972797800, 25.86229349947143800, -9.803542334227691100 ) ) ;
#8538 = VECTOR ( 'NONE', #6569, 1000.000000000000000 ) ;
#8539 = UNCERTAINTY_MEASURE_WITH_UNIT (LENGTH_MEASURE( 1.000000000000000100E-005 ), #8991, 'distance_accuracy_value', 'NONE');
#8540 = SURFACE_SIDE_STYLE ('',( #2883 ) ) ;
#8541 = LINE ( 'NONE', #7214, #515 ) ;
#8542 = ORIENTED_EDGE ( 'NONE', *, *, #3302, .F. ) ;
#8543 = PRESENTATION_STYLE_ASSIGNMENT (( #6558 ) ) ;
#8544 = AXIS2_PLACEMENT_3D ( 'NONE', #7868, #6244, #7111 ) ;
#8545 = CARTESIAN_POINT ( 'NONE',  ( -3.049999999472504900, 20.81229349947144100, -12.44000000000000100 ) ) ;
#8546 = EDGE_CURVE ( 'NONE', #5859, #7237, #8104, .T. ) ;
#8547 = CARTESIAN_POINT ( 'NONE',  ( 7.997852192734078400, 25.86229349947143800, -9.765000000000000600 ) ) ;
#8548 = CARTESIAN_POINT ( 'NONE',  ( -4.932810743801974600, 28.80281606077669600, -12.13026079899263500 ) ) ;
#8549 = LINE ( 'NONE', #4693, #4328 ) ;
#8550 = CARTESIAN_POINT ( 'NONE',  ( 0.5500000005274954300, 21.96229349947143600, -12.54000000000000300 ) ) ;
#8551 = ORIENTED_EDGE ( 'NONE', *, *, #4717, .F. ) ;
#8552 = PLANE ( 'NONE',  #2159 ) ;
#8553 = AXIS2_PLACEMENT_3D ( 'NONE', #6345, #6612, #6759 ) ;
#8554 = ORIENTED_EDGE ( 'NONE', *, *, #539, .T. ) ;
#8555 = EDGE_CURVE ( 'NONE', #6972, #4546, #94, .T. ) ;
#8556 = FILL_AREA_STYLE_COLOUR ( '', #6755 ) ;
#8557 = LINE ( 'NONE', #1505, #2347 ) ;
#8558 = DIRECTION ( 'NONE',  ( 1.000000000000000000, -0.0000000000000000000, 0.0000000000000000000 ) ) ;
#8559 = MECHANICAL_DESIGN_GEOMETRIC_PRESENTATION_REPRESENTATION (  '', ( #7483 ), #9068 ) ;
#8560 =( LENGTH_UNIT ( ) NAMED_UNIT ( * ) SI_UNIT ( .MILLI., .METRE. ) );
#8561 =( GEOMETRIC_REPRESENTATION_CONTEXT ( 3 ) GLOBAL_UNCERTAINTY_ASSIGNED_CONTEXT ( ( #3207 ) ) GLOBAL_UNIT_ASSIGNED_CONTEXT ( ( #2064, #7496, #2845 ) ) REPRESENTATION_CONTEXT ( 'NONE', 'WORKASPACE' ) );
#8562 = CYLINDRICAL_SURFACE ( 'NONE', #7353, 7.400000000000000400 ) ;
#8563 = FILL_AREA_STYLE_COLOUR ( '', #5526 ) ;
#8564 = VECTOR ( 'NONE', #1587, 1000.000000000000000 ) ;
#8565 = SURFACE_SIDE_STYLE ('',( #1644 ) ) ;
#8566 = PRESENTATION_LAYER_ASSIGNMENT (  '', '', ( #9075 ) ) ;
#8567 = CARTESIAN_POINT ( 'NONE',  ( 6.946236132711047300, 28.72174012380951400, -12.16533840015612900 ) ) ;
#8568 = CARTESIAN_POINT ( 'NONE',  ( -3.841610692158713200, 29.99155012368522900, -9.865078408521688000 ) ) ;
#8569 = COLOUR_RGB ( '',1.000000000000000000, 0.0000000000000000000, 1.000000000000000000 ) ;
#8570 = LINE ( 'NONE', #2023, #535 ) ;
#8571 = CARTESIAN_POINT ( 'NONE',  ( 1.000000000527495600, 26.86229349947144100, -13.14000000000000200 ) ) ;
#8572 = ADVANCED_FACE ( 'NONE', ( #7852 ), #5206, .F. ) ;
#8573 = CARTESIAN_POINT ( 'NONE',  ( -0.9836142318969182100, 31.79147949197160700, -11.96500000000000200 ) ) ;
#8574 = DIRECTION ( 'NONE',  ( -1.000000000000000000, 0.0000000000000000000, 0.0000000000000000000 ) ) ;
#8575 = VERTEX_POINT ( 'NONE', #9179 ) ;
#8576 = PLANE ( 'NONE',  #4036 ) ;
#8577 = SURFACE_STYLE_USAGE ( .BOTH. , #3111 ) ;
#8578 = FILL_AREA_STYLE_COLOUR ( '', #2638 ) ;
#8579 = PRESENTATION_STYLE_ASSIGNMENT (( #2253 ) ) ;
#8580 = ORIENTED_EDGE ( 'NONE', *, *, #9126, .T. ) ;
#8581 = DIRECTION ( 'NONE',  ( 0.0000000000000000000, 1.000000000000000000, 0.0000000000000000000 ) ) ;
#8582 = PLANE ( 'NONE',  #8182 ) ;
#8583 =( NAMED_UNIT ( * ) SI_UNIT ( $, .STERADIAN. ) SOLID_ANGLE_UNIT ( ) );
#8584 = PLANE ( 'NONE',  #3320 ) ;
#8585 = SURFACE_STYLE_FILL_AREA ( #9667 ) ;
#8586 = SURFACE_STYLE_FILL_AREA ( #746 ) ;
#8587 = ORIENTED_EDGE ( 'NONE', *, *, #4899, .T. ) ;
#8588 = CARTESIAN_POINT ( 'NONE',  ( 3.451918204600853200, 31.57078865555080300, -12.03429533609854800 ) ) ;
#8589 = ORIENTED_EDGE ( 'NONE', *, *, #8451, .F. ) ;
#8590 = ORIENTED_EDGE ( 'NONE', *, *, #1473, .T. ) ;
#8591 = MECHANICAL_DESIGN_GEOMETRIC_PRESENTATION_REPRESENTATION (  '', ( #6466 ), #9105 ) ;
#8592 = SURFACE_SIDE_STYLE ('',( #2657 ) ) ;
#8593 = PRESENTATION_STYLE_ASSIGNMENT (( #2046 ) ) ;
#8594 = FILL_AREA_STYLE ('',( #8975 ) ) ;
#8595 = CARTESIAN_POINT ( 'NONE',  ( 4.284928460550889700, 31.11512842187537900, -9.905716314318230100 ) ) ;
#8596 = EDGE_CURVE ( 'NONE', #8623, #2977, #9208, .T. ) ;
#8597 =( LENGTH_UNIT ( ) NAMED_UNIT ( * ) SI_UNIT ( .MILLI., .METRE. ) );
#8598 = EDGE_CURVE ( 'NONE', #9235, #8319, #8424, .T. ) ;
#8599 = AXIS2_PLACEMENT_3D ( 'NONE', #9503, #9658, #8935 ) ;
#8600 = CARTESIAN_POINT ( 'NONE',  ( 5.300000000527495200, 20.96229614966531000, -12.44000000000000100 ) ) ;
#8601 =( LENGTH_UNIT ( ) NAMED_UNIT ( * ) SI_UNIT ( .MILLI., .METRE. ) );
#8602 = DIRECTION ( 'NONE',  ( -0.3420201433256674400, 0.9396926207859089800, 0.0000000000000000000 ) ) ;
#8603 = CARTESIAN_POINT ( 'NONE',  ( 3.964603570568365800, 29.61132263784087100, -9.765000000000000600 ) ) ;
#8604 =( NAMED_UNIT ( * ) SI_UNIT ( $, .STERADIAN. ) SOLID_ANGLE_UNIT ( ) );
#8605 = PRESENTATION_STYLE_ASSIGNMENT (( #3363 ) ) ;
#8606 = ADVANCED_FACE ( 'NONE', ( #1152 ), #6872, .F. ) ;
#8607 = ORIENTED_EDGE ( 'NONE', *, *, #5407, .T. ) ;
#8608 = FACE_OUTER_BOUND ( 'NONE', #8253, .T. ) ;
#8609 = DIRECTION ( 'NONE',  ( -1.000000000000000000, 0.0000000000000000000, 0.0000000000000000000 ) ) ;
#8610 = EDGE_CURVE ( 'NONE', #167, #7081, #8438, .T. ) ;
#8611 = PRESENTATION_STYLE_ASSIGNMENT (( #1375 ) ) ;
#8612 = FILL_AREA_STYLE ('',( #7842 ) ) ;
#8613 = EDGE_CURVE ( 'NONE', #5358, #8064, #425, .T. ) ;
#8614 = FACE_OUTER_BOUND ( 'NONE', #4809, .T. ) ;
#8615 = COLOUR_RGB ( '',1.000000000000000000, 1.000000000000000000, 1.000000000000000000 ) ;
#8616 = STYLED_ITEM ( 'NONE', ( #7262 ), #1559 ) ;
#8617 = ORIENTED_EDGE ( 'NONE', *, *, #2486, .T. ) ;
#8618 =( GEOMETRIC_REPRESENTATION_CONTEXT ( 3 ) GLOBAL_UNCERTAINTY_ASSIGNED_CONTEXT ( ( #4865 ) ) GLOBAL_UNIT_ASSIGNED_CONTEXT ( ( #4352, #9876, #5120 ) ) REPRESENTATION_CONTEXT ( 'NONE', 'WORKASPACE' ) );
#8619 = CARTESIAN_POINT ( 'NONE',  ( -2.916127522693602100, 28.17313568983686500, -12.49000000000000200 ) ) ;
#8620 = DIRECTION ( 'NONE',  ( 0.0000000000000000000, 0.0000000000000000000, -1.000000000000000000 ) ) ;
#8621 =( NAMED_UNIT ( * ) SI_UNIT ( $, .STERADIAN. ) SOLID_ANGLE_UNIT ( ) );
#8622 = ADVANCED_FACE ( 'NONE', ( #6340 ), #9248, .T. ) ;
#8623 = VERTEX_POINT ( 'NONE', #5390 ) ;
#8624 = PRESENTATION_LAYER_ASSIGNMENT (  '', '', ( #8115 ) ) ;
#8625 = ORIENTED_EDGE ( 'NONE', *, *, #6822, .T. ) ;
#8626 = DIRECTION ( 'NONE',  ( 1.000000000000000000, 0.0000000000000000000, 0.0000000000000000000 ) ) ;
#8627 = EDGE_CURVE ( 'NONE', #8167, #8134, #1492, .T. ) ;
#8628 = LINE ( 'NONE', #2095, #2649 ) ;
#8629 = COLOUR_RGB ( '',1.000000000000000000, 0.0000000000000000000, 1.000000000000000000 ) ;
#8630 = CARTESIAN_POINT ( 'NONE',  ( 2.538922961530384500, 30.26166322722151100, -12.26500000000000200 ) ) ;
#8631 = CARTESIAN_POINT ( 'NONE',  ( -1.550363883965045500, 31.39562797356940700, -12.16492159147832200 ) ) ;
#8632 = DIRECTION ( 'NONE',  ( 0.0000000000000000000, 0.0000000000000000000, 1.000000000000000000 ) ) ;
#8633 = ORIENTED_EDGE ( 'NONE', *, *, #9586, .T. ) ;
#8634 = CARTESIAN_POINT ( 'NONE',  ( 2.950000000527496400, 20.96229349947143900, -11.84000000000000200 ) ) ;
#8635 = ORIENTED_EDGE ( 'NONE', *, *, #4884, .F. ) ;
#8636 = STYLED_ITEM ( 'NONE', ( #3427 ), #4787 ) ;
#8637 = PRESENTATION_STYLE_ASSIGNMENT (( #7455 ) ) ;
#8638 = FILL_AREA_STYLE ('',( #1596 ) ) ;
#8639 = DIRECTION ( 'NONE',  ( 0.0000000000000000000, 0.0000000000000000000, -1.000000000000000000 ) ) ;
#8640 = CARTESIAN_POINT ( 'NONE',  ( 7.470692392144087500, 28.18321646898166200, -11.99839846314615600 ) ) ;
#8641 = LINE ( 'NONE', #2329, #371 ) ;
#8642 = SURFACE_SIDE_STYLE ('',( #9711 ) ) ;
#8643 = MECHANICAL_DESIGN_GEOMETRIC_PRESENTATION_REPRESENTATION (  '', ( #7579 ), #9158 ) ;
#8644 =( NAMED_UNIT ( * ) SI_UNIT ( $, .STERADIAN. ) SOLID_ANGLE_UNIT ( ) );
#8645 = ORIENTED_EDGE ( 'NONE', *, *, #8394, .F. ) ;
#8646 = FACE_OUTER_BOUND ( 'NONE', #4325, .T. ) ;
#8647 = ORIENTED_EDGE ( 'NONE', *, *, #3229, .T. ) ;
#8648 = SURFACE_SIDE_STYLE ('',( #9797 ) ) ;
#8649 = FILL_AREA_STYLE_COLOUR ( '', #8888 ) ;
#8650 = CARTESIAN_POINT ( 'NONE',  ( -5.593452901028213900, 28.02182319754406900, -9.765000000000000600 ) ) ;
#8651 = VERTEX_POINT ( 'NONE', #7028 ) ;
#8652 = UNCERTAINTY_MEASURE_WITH_UNIT (LENGTH_MEASURE( 1.000000000000000100E-005 ), #5694, 'distance_accuracy_value', 'NONE');
#8653 =( GEOMETRIC_REPRESENTATION_CONTEXT ( 3 ) GLOBAL_UNCERTAINTY_ASSIGNED_CONTEXT ( ( #5251 ) ) GLOBAL_UNIT_ASSIGNED_CONTEXT ( ( #7329, #2664, #8133 ) ) REPRESENTATION_CONTEXT ( 'NONE', 'WORKASPACE' ) );
#8654 = UNCERTAINTY_MEASURE_WITH_UNIT (LENGTH_MEASURE( 1.000000000000000100E-005 ), #2581, 'distance_accuracy_value', 'NONE');
#8655 = CIRCLE ( 'NONE', #6488, 0.1999999999999996500 ) ;
#8656 = VERTEX_POINT ( 'NONE', #1597 ) ;
#8657 = EDGE_CURVE ( 'NONE', #7443, #7068, #5312, .T. ) ;
#8658 = VERTEX_POINT ( 'NONE', #3905 ) ;
#8659 = EDGE_CURVE ( 'NONE', #3266, #6843, #9555, .T. ) ;
#8660 = VERTEX_POINT ( 'NONE', #108 ) ;
#8661 = FILL_AREA_STYLE_COLOUR ( '', #5915 ) ;
#8662 =( GEOMETRIC_REPRESENTATION_CONTEXT ( 3 ) GLOBAL_UNCERTAINTY_ASSIGNED_CONTEXT ( ( #5532 ) ) GLOBAL_UNIT_ASSIGNED_CONTEXT ( ( #2706, #3456, #4221 ) ) REPRESENTATION_CONTEXT ( 'NONE', 'WORKASPACE' ) );
#8663 = DIRECTION ( 'NONE',  ( 0.0000000000000000000, 0.0000000000000000000, 1.000000000000000000 ) ) ;
#8664 = MECHANICAL_DESIGN_GEOMETRIC_PRESENTATION_REPRESENTATION (  '', ( #7608 ), #9184 ) ;
#8665 = ORIENTED_EDGE ( 'NONE', *, *, #7974, .F. ) ;
#8666 = EDGE_CURVE ( 'NONE', #8319, #6545, #7444, .T. ) ;
#8667 = CARTESIAN_POINT ( 'NONE',  ( 5.050000000527496100, 21.96229349947143600, -12.54000000000000300 ) ) ;
#8668 = ADVANCED_FACE ( 'NONE', ( #9307 ), #316, .T. ) ;
#8669 = CARTESIAN_POINT ( 'NONE',  ( -2.449999999472502600, 20.66229349947143800, -11.84000000000000200 ) ) ;
#8670 = DIRECTION ( 'NONE',  ( 0.0000000000000000000, 0.0000000000000000000, 1.000000000000000000 ) ) ;
#8671 = CARTESIAN_POINT ( 'NONE',  ( -5.400771090116661500, 27.95961273273723100, -12.16492159147831800 ) ) ;
#8672 = CARTESIAN_POINT ( 'NONE',  ( -3.269606161401538800, 30.52401039046013400, -12.11317500942379900 ) ) ;
#8673 = CARTESIAN_POINT ( 'NONE',  ( -0.04999999947250471200, 20.81229349947144100, -11.99000000000000200 ) ) ;
#8674 = CARTESIAN_POINT ( 'NONE',  ( -5.011086738702483800, 28.64059041693865400, -9.873279290114107100 ) ) ;
#8675 = SURFACE_STYLE_USAGE ( .BOTH. , #8711 ) ;
#8676 = PRESENTATION_LAYER_ASSIGNMENT (  '', '', ( #9196 ) ) ;
#8677 =( GEOMETRIC_REPRESENTATION_CONTEXT ( 3 ) GLOBAL_UNCERTAINTY_ASSIGNED_CONTEXT ( ( #2778 ) ) GLOBAL_UNIT_ASSIGNED_CONTEXT ( ( #2074, #7509, #2856 ) ) REPRESENTATION_CONTEXT ( 'NONE', 'WORKASPACE' ) );
#8678 = DIRECTION ( 'NONE',  ( 1.000000000000000000, -0.0000000000000000000, 0.0000000000000000000 ) ) ;
#8679 = ORIENTED_EDGE ( 'NONE', *, *, #2366, .T. ) ;
#8680 = CARTESIAN_POINT ( 'NONE',  ( 7.020804404261006000, 28.96460202732961200, -10.06500000000000100 ) ) ;
#8681 = VECTOR ( 'NONE', #9341, 1000.000000000000000 ) ;
#8682 = FILL_AREA_STYLE_COLOUR ( '', #5610 ) ;
#8683 = COLOUR_RGB ( '',1.000000000000000000, 0.0000000000000000000, 1.000000000000000000 ) ;
#8684 = VERTEX_POINT ( 'NONE', #3210 ) ;
#8685 = DIRECTION ( 'NONE',  ( -1.000000000000000000, 0.0000000000000000000, 0.0000000000000000000 ) ) ;
#8686 = VECTOR ( 'NONE', #8871, 1000.000000000000000 ) ;
#8687 = VERTEX_POINT ( 'NONE', #8669 ) ;
#8688 =( GEOMETRIC_REPRESENTATION_CONTEXT ( 3 ) GLOBAL_UNCERTAINTY_ASSIGNED_CONTEXT ( ( #2637 ) ) GLOBAL_UNIT_ASSIGNED_CONTEXT ( ( #9449, #9416, #9376 ) ) REPRESENTATION_CONTEXT ( 'NONE', 'WORKASPACE' ) );
#8689 = DIRECTION ( 'NONE',  ( 0.0000000000000000000, -1.000000000000000000, 0.0000000000000000000 ) ) ;
#8690 = PRESENTATION_STYLE_ASSIGNMENT (( #1005 ) ) ;
#8691 = ORIENTED_EDGE ( 'NONE', *, *, #7817, .T. ) ;
#8692 = DIRECTION ( 'NONE',  ( 0.0000000000000000000, 0.0000000000000000000, 1.000000000000000000 ) ) ;
#8693 = PRESENTATION_LAYER_ASSIGNMENT (  '', '', ( #7636 ) ) ;
#8694 = ORIENTED_EDGE ( 'NONE', *, *, #5600, .T. ) ;
#8695 = CARTESIAN_POINT ( 'NONE',  ( 8.019578844573029400, 27.00439681814319900, -10.06500000000000100 ) ) ;
#8696 = PRESENTATION_LAYER_ASSIGNMENT (  '', '', ( #8183 ) ) ;
#8697 = DIRECTION ( 'NONE',  ( -0.0000000000000000000, 0.0000000000000000000, -1.000000000000000000 ) ) ;
#8698 = CONICAL_SURFACE ( 'NONE', #748, 0.2999999999968841500, 0.7853981633974460600 ) ;
#8699 = ORIENTED_EDGE ( 'NONE', *, *, #401, .F. ) ;
#8700 = ORIENTED_EDGE ( 'NONE', *, *, #302, .F. ) ;
#8701 = FILL_AREA_STYLE ('',( #294 ) ) ;
#8702 = CARTESIAN_POINT ( 'NONE',  ( 2.595522137056014900, 31.88823941409236400, -10.06500000000000100 ) ) ;
#8703 = CARTESIAN_POINT ( 'NONE',  ( -0.5389322055990147800, 30.26166322722149000, -9.765000000000000600 ) ) ;
#8704 = CARTESIAN_POINT ( 'NONE',  ( -3.243438305449101800, 30.52193394352793700, -9.899739201007363900 ) ) ;
#8705 = CARTESIAN_POINT ( 'NONE',  ( 1.000000000527495600, 22.86229349947144100, -12.49000000000000200 ) ) ;
#8706 = LINE ( 'NONE', #421, #4470 ) ;
#8707 = CARTESIAN_POINT ( 'NONE',  ( 1.450000000527496400, 20.81229349947144100, -11.84000000000000200 ) ) ;
#8708 = SURFACE_SIDE_STYLE ('',( #3463 ) ) ;
#8709 =( NAMED_UNIT ( * ) SI_UNIT ( $, .STERADIAN. ) SOLID_ANGLE_UNIT ( ) );
#8710 = CARTESIAN_POINT ( 'NONE',  ( 5.980636541615547600, 29.96055861517198300, -12.09326586375799400 ) ) ;
#8711 = SURFACE_SIDE_STYLE ('',( #3000 ) ) ;
#8712 = ORIENTED_EDGE ( 'NONE', *, *, #7461, .T. ) ;
#8713 = DIRECTION ( 'NONE',  ( -8.340016711426962700E-017, -1.000000000000000000, 0.0000000000000000000 ) ) ;
#8714 = SURFACE_SIDE_STYLE ('',( #4875 ) ) ;
#8715 = STYLED_ITEM ( 'NONE', ( #8007 ), #6896 ) ;
#8716 = VECTOR ( 'NONE', #7590, 1000.000000000000000 ) ;
#8717 = SURFACE_SIDE_STYLE ('',( #9883 ) ) ;
#8718 =( LENGTH_UNIT ( ) NAMED_UNIT ( * ) SI_UNIT ( .MILLI., .METRE. ) );
#8719 = ORIENTED_EDGE ( 'NONE', *, *, #8154, .T. ) ;
#8720 = ADVANCED_FACE ( 'NONE', ( #6458 ), #1624, .T. ) ;
#8721 = ORIENTED_EDGE ( 'NONE', *, *, #5131, .F. ) ;
#8722 = SURFACE_STYLE_FILL_AREA ( #7672 ) ;
#8723 =( NAMED_UNIT ( * ) SI_UNIT ( $, .STERADIAN. ) SOLID_ANGLE_UNIT ( ) );
#8724 = LINE ( 'NONE', #6552, #452 ) ;
#8725 = VECTOR ( 'NONE', #6809, 1000.000000000000000 ) ;
#8726 = AXIS2_PLACEMENT_3D ( 'NONE', #580, #5943, #1341 ) ;
#8727 = CARTESIAN_POINT ( 'NONE',  ( 6.384846271614252400, 29.51713031400116800, -12.11475451156717000 ) ) ;
#8728 = EDGE_CURVE ( 'NONE', #3702, #84, #3644, .T. ) ;
#8729 = VECTOR ( 'NONE', #1626, 1000.000000000000000 ) ;
#8730 = CARTESIAN_POINT ( 'NONE',  ( 7.969205110297751900, 26.98682947971288500, -10.01165579001193100 ) ) ;
#8731 = LINE ( 'NONE', #8673, #2743 ) ;
#8732 = COLOUR_RGB ( '',0.0000000000000000000, 0.0000000000000000000, 1.000000000000000000 ) ;
#8733 = VERTEX_POINT ( 'NONE', #8703 ) ;
#8734 = DIRECTION ( 'NONE',  ( 0.0000000000000000000, -0.0000000000000000000, 1.000000000000000000 ) ) ;
#8735 = EDGE_CURVE ( 'NONE', #8032, #167, #7573, .T. ) ;
#8736 = CARTESIAN_POINT ( 'NONE',  ( 5.057163217740112200, 30.80426848936726400, -12.00399005713677500 ) ) ;
#8737 = STYLED_ITEM ( 'NONE', ( #7078 ), #2725 ) ;
#8738 = PLANE ( 'NONE',  #2306 ) ;
#8739 = EDGE_LOOP ( 'NONE', ( #8100, #1085, #4025, #1546 ) ) ;
#8740 = DIRECTION ( 'NONE',  ( 0.0000000000000000000, 0.0000000000000000000, -1.000000000000000000 ) ) ;
#8741 = PLANE ( 'NONE',  #905 ) ;
#8742 = VECTOR ( 'NONE', #738, 1000.000000000000000 ) ;
#8743 = SURFACE_STYLE_FILL_AREA ( #4499 ) ;
#8744 = ORIENTED_EDGE ( 'NONE', *, *, #4942, .T. ) ;
#8745 =( NAMED_UNIT ( * ) PLANE_ANGLE_UNIT ( ) SI_UNIT ( $, .RADIAN. ) );
#8746 = COLOUR_RGB ( '',1.000000000000000000, 0.0000000000000000000, 1.000000000000000000 ) ;
#8747 = CARTESIAN_POINT ( 'NONE',  ( 2.099995377965719000, 32.10809768706595700, -10.26500000000000200 ) ) ;
#8748 = VERTEX_POINT ( 'NONE', #4768 ) ;
#8749 = STYLED_ITEM ( 'NONE', ( #3657 ), #506 ) ;
#8750 = COLOUR_RGB ( '',1.000000000000000000, 0.0000000000000000000, 1.000000000000000000 ) ;
#8751 = ORIENTED_EDGE ( 'NONE', *, *, #2333, .F. ) ;
#8752 = DIRECTION ( 'NONE',  ( 1.000000000000000000, -3.336006684570785600E-016, -0.0000000000000000000 ) ) ;
#8753 = EDGE_CURVE ( 'NONE', #3158, #591, #7634, .T. ) ;
#8754 = MECHANICAL_DESIGN_GEOMETRIC_PRESENTATION_REPRESENTATION (  '', ( #7698 ), #9273 ) ;
#8755 =( GEOMETRIC_REPRESENTATION_CONTEXT ( 3 ) GLOBAL_UNCERTAINTY_ASSIGNED_CONTEXT ( ( #4130 ) ) GLOBAL_UNIT_ASSIGNED_CONTEXT ( ( #2626, #8101, #3392 ) ) REPRESENTATION_CONTEXT ( 'NONE', 'WORKASPACE' ) );
#8756 = AXIS2_PLACEMENT_3D ( 'NONE', #142, #7874, #3215 ) ;
#8757 = LINE ( 'NONE', #9296, #2538 ) ;
#8758 =( GEOMETRIC_REPRESENTATION_CONTEXT ( 3 ) GLOBAL_UNCERTAINTY_ASSIGNED_CONTEXT ( ( #8652 ) ) GLOBAL_UNIT_ASSIGNED_CONTEXT ( ( #5694, #1104, #6501 ) ) REPRESENTATION_CONTEXT ( 'NONE', 'WORKASPACE' ) );
#8759 = CARTESIAN_POINT ( 'NONE',  ( 5.358323520549018500, 30.55542880358453700, -9.994646472766044500 ) ) ;
#8760 = LINE ( 'NONE', #5216, #6640 ) ;
#8761 = ORIENTED_EDGE ( 'NONE', *, *, #5613, .T. ) ;
#8762 = EDGE_LOOP ( 'NONE', ( #7292, #3151, #1100, #4924, #2898, #884 ) ) ;
#8763 = LINE ( 'NONE', #7143, #2547 ) ;
#8764 = SURFACE_STYLE_USAGE ( .BOTH. , #3301 ) ;
#8765 = VECTOR ( 'NONE', #7021, 1000.000000000000000 ) ;
#8766 = CARTESIAN_POINT ( 'NONE',  ( 7.911555570632798700, 26.98812071484026000, -9.957257598643744600 ) ) ;
#8767 = CARTESIAN_POINT ( 'NONE',  ( 5.762305016428875600, 30.08211716746947700, -9.879710835239883700 ) ) ;
#8768 = STYLED_ITEM ( 'NONE', ( #2773 ), #5093 ) ;
#8769 = DIRECTION ( 'NONE',  ( 0.9063006673066497100, 0.4226335297151911900, 0.0000000000000000000 ) ) ;
#8770 = ORIENTED_EDGE ( 'NONE', *, *, #1625, .F. ) ;
#8771 = ADVANCED_FACE ( 'NONE', ( #9670 ), #9539, .F. ) ;
#8772 = DIRECTION ( 'NONE',  ( 0.0000000000000000000, 0.0000000000000000000, -1.000000000000000000 ) ) ;
#8773 = DIRECTION ( 'NONE',  ( 0.0000000000000000000, -0.0000000000000000000, 1.000000000000000000 ) ) ;
#8774 = CARTESIAN_POINT ( 'NONE',  ( 3.837648678512799900, 31.49659841993659300, -11.96500000000000200 ) ) ;
#8775 = COLOUR_RGB ( '',1.000000000000000000, 1.000000000000000000, 1.000000000000000000 ) ;
#8776 = LINE ( 'NONE', #4392, #505 ) ;
#8777 = CARTESIAN_POINT ( 'NONE',  ( 5.044730245567377500, 29.75052697001967800, -12.26500000000000200 ) ) ;
#8778 = CARTESIAN_POINT ( 'NONE',  ( -6.062582055238112700, 25.86229349947143800, -9.765000000000000600 ) ) ;
#8779 = PRESENTATION_STYLE_ASSIGNMENT (( #3007 ) ) ;
#8780 = VERTEX_POINT ( 'NONE', #5543 ) ;
#8781 = UNCERTAINTY_MEASURE_WITH_UNIT (LENGTH_MEASURE( 1.000000000000000100E-005 ), #9093, 'distance_accuracy_value', 'NONE');
#8782 = CARTESIAN_POINT ( 'NONE',  ( -0.2802103289565529000, 29.48842504496756300, -12.26500000000000200 ) ) ;
#8783 = ORIENTED_EDGE ( 'NONE', *, *, #1822, .F. ) ;
#8784 = DIRECTION ( 'NONE',  ( 1.000000000000000000, 0.0000000000000000000, 0.0000000000000000000 ) ) ;
#8785 = EDGE_CURVE ( 'NONE', #7346, #6753, #6833, .T. ) ;
#8786 =( LENGTH_UNIT ( ) NAMED_UNIT ( * ) SI_UNIT ( .MILLI., .METRE. ) );
#8787 = LINE ( 'NONE', #8931, #2798 ) ;
#8788 = ORIENTED_EDGE ( 'NONE', *, *, #3116, .T. ) ;
#8789 = CARTESIAN_POINT ( 'NONE',  ( -0.9499999994725030200, 20.96229349947143900, -11.84000000000000200 ) ) ;
#8790 = FACE_BOUND ( 'NONE', #6228, .T. ) ;
#8791 = AXIS2_PLACEMENT_3D ( 'NONE', #5265, #3032, #6121 ) ;
#8792 = VERTEX_POINT ( 'NONE', #3275 ) ;
#8793 =( LENGTH_UNIT ( ) NAMED_UNIT ( * ) SI_UNIT ( .MILLI., .METRE. ) );
#8794 = EDGE_CURVE ( 'NONE', #7071, #902, #6013, .T. ) ;
#8795 = EDGE_CURVE ( 'NONE', #5985, #9350, #6825, .T. ) ;
#8796 = ORIENTED_EDGE ( 'NONE', *, *, #7243, .T. ) ;
#8797 = CARTESIAN_POINT ( 'NONE',  ( -1.837657922581358100, 31.49659841993660000, -10.06500000000000300 ) ) ;
#8798 = COLOUR_RGB ( '',1.000000000000000000, 1.000000000000000000, 1.000000000000000000 ) ;
#8799 = AXIS2_PLACEMENT_3D ( 'NONE', #107, #5436, #877 ) ;
#8800 = ORIENTED_EDGE ( 'NONE', *, *, #9890, .T. ) ;
#8801 = CARTESIAN_POINT ( 'NONE',  ( 6.899983895877102000, 21.16228799945011100, -12.49000000000000200 ) ) ;
#8802 = CARTESIAN_POINT ( 'NONE',  ( 6.899983895877102000, 21.16228799945011100, -12.49000000000000200 ) ) ;
#8803 = CARTESIAN_POINT ( 'NONE',  ( 6.852453769200100600, 26.46229349947144300, -12.44000000000000100 ) ) ;
#8804 = PRESENTATION_STYLE_ASSIGNMENT (( #4264 ) ) ;
#8805 = CARTESIAN_POINT ( 'NONE',  ( -5.681834584306876900, 27.84241116321852500, -10.06500000000000100 ) ) ;
#8806 = CARTESIAN_POINT ( 'NONE',  ( -0.8051089638955402100, 31.64094328949894200, -9.873279290114101800 ) ) ;
#8807 = LINE ( 'NONE', #7708, #8564 ) ;
#8808 = EDGE_CURVE ( 'NONE', #9362, #1251, #4736, .T. ) ;
#8809 = VERTEX_POINT ( 'NONE', #4104 ) ;
#8810 = EDGE_CURVE ( 'NONE', #2571, #1211, #926, .T. ) ;
#8811 = DIRECTION ( 'NONE',  ( 1.000000000000000000, 0.0000000000000000000, 0.0000000000000000000 ) ) ;
#8812 = PRESENTATION_LAYER_ASSIGNMENT (  '', '', ( #9343 ) ) ;
#8813 = MECHANICAL_DESIGN_GEOMETRIC_PRESENTATION_REPRESENTATION (  '', ( #7768 ), #9344 ) ;
#8814 =( NAMED_UNIT ( * ) SI_UNIT ( $, .STERADIAN. ) SOLID_ANGLE_UNIT ( ) );
#8815 = FILL_AREA_STYLE_COLOUR ( '', #943 ) ;
#8816 = ORIENTED_EDGE ( 'NONE', *, *, #1014, .T. ) ;
#8817 = PRESENTATION_LAYER_ASSIGNMENT (  '', '', ( #7250 ) ) ;
#8818 = FILL_AREA_STYLE_COLOUR ( '', #9761 ) ;
#8819 = FACE_OUTER_BOUND ( 'NONE', #3041, .T. ) ;
#8820 = VECTOR ( 'NONE', #5142, 1000.000000000000000 ) ;
#8821 = ORIENTED_EDGE ( 'NONE', *, *, #8555, .T. ) ;
#8822 = EDGE_CURVE ( 'NONE', #5666, #2077, #8928, .T. ) ;
#8823 = ADVANCED_FACE ( 'NONE', ( #6568 ), #324, .T. ) ;
#8824 = COLOUR_RGB ( '',0.0000000000000000000, 0.0000000000000000000, 1.000000000000000000 ) ;
#8825 = LINE ( 'NONE', #4024, #6711 ) ;
#8826 = SURFACE_SIDE_STYLE ('',( #4078 ) ) ;
#8827 = CIRCLE ( 'NONE', #5013, 7.399999999999999500 ) ;
#8828 = LINE ( 'NONE', #9232, #2840 ) ;
#8829 = ORIENTED_EDGE ( 'NONE', *, *, #1563, .T. ) ;
#8830 = CARTESIAN_POINT ( 'NONE',  ( -1.642137457624842200, 31.36893861129534100, -9.873279290114105300 ) ) ;
#8831 = PRESENTATION_LAYER_ASSIGNMENT (  '', '', ( #8305 ) ) ;
#8832 = FACE_OUTER_BOUND ( 'NONE', #3396, .T. ) ;
#8833 = UNCERTAINTY_MEASURE_WITH_UNIT (LENGTH_MEASURE( 1.000000000000000100E-005 ), #2301, 'distance_accuracy_value', 'NONE');
#8834 = CARTESIAN_POINT ( 'NONE',  ( -5.460462009511958000, 28.17782359671431200, -10.02002964988258800 ) ) ;
#8835 = FACE_OUTER_BOUND ( 'NONE', #3387, .T. ) ;
#8836 = VECTOR ( 'NONE', #5292, 1000.000000000000000 ) ;
#8837 = SURFACE_STYLE_USAGE ( .BOTH. , #3362 ) ;
#8838 =( LENGTH_UNIT ( ) NAMED_UNIT ( * ) SI_UNIT ( .MILLI., .METRE. ) );
#8839 = SURFACE_SIDE_STYLE ('',( #9483 ) ) ;
#8840 = CARTESIAN_POINT ( 'NONE',  ( -5.997861436802642400, 25.86229349947143800, -12.26500000000000200 ) ) ;
#8841 = DIRECTION ( 'NONE',  ( -6.308083266684436500E-015, 1.000000000000000000, 0.0000000000000000000 ) ) ;
#8842 = CARTESIAN_POINT ( 'NONE',  ( -5.388275123508057300, 25.86229349947143800, -12.26500000000000200 ) ) ;
#8843 = SURFACE_SIDE_STYLE ('',( #7127 ) ) ;
#8844 = MECHANICAL_DESIGN_GEOMETRIC_PRESENTATION_REPRESENTATION (  '', ( #7275 ), #9383 ) ;
#8845 = LINE ( 'NONE', #1228, #4642 ) ;
#8846 = DIRECTION ( 'NONE',  ( -1.000000000000000000, 0.0000000000000000000, 0.0000000000000000000 ) ) ;
#8847 = LINE ( 'NONE', #6389, #2628 ) ;
#8848 = CYLINDRICAL_SURFACE ( 'NONE', #7485, 0.2000000000000005100 ) ;
#8849 = ORIENTED_EDGE ( 'NONE', *, *, #4080, .T. ) ;
#8850 = DIRECTION ( 'NONE',  ( 0.0000000000000000000, 0.0000000000000000000, -1.000000000000000000 ) ) ;
#8851 = EDGE_CURVE ( 'NONE', #2280, #3376, #5807, .T. ) ;
#8852 = EDGE_CURVE ( 'NONE', #7394, #4009, #3774, .T. ) ;
#8853 = SURFACE_STYLE_USAGE ( .BOTH. , #6637 ) ;
#8854 = DIRECTION ( 'NONE',  ( 0.0000000000000000000, 0.0000000000000000000, -1.000000000000000000 ) ) ;
#8855 = SURFACE_STYLE_FILL_AREA ( #623 ) ;
#8856 =( LENGTH_UNIT ( ) NAMED_UNIT ( * ) SI_UNIT ( .MILLI., .METRE. ) );
#8857 = LINE ( 'NONE', #5321, #6505 ) ;
#8858 = SURFACE_STYLE_FILL_AREA ( #950 ) ;
#8859 = ORIENTED_EDGE ( 'NONE', *, *, #455, .F. ) ;
#8860 = PRESENTATION_LAYER_ASSIGNMENT (  '', '', ( #8332 ) ) ;
#8861 = VECTOR ( 'NONE', #4160, 1000.000000000000000 ) ;
#8862 = CARTESIAN_POINT ( 'NONE',  ( 0.9999953779657178000, 24.66229349947143800, -10.06500000000000100 ) ) ;
#8863 = EDGE_CURVE ( 'NONE', #8906, #6070, #5204, .T. ) ;
#8864 = ORIENTED_EDGE ( 'NONE', *, *, #2121, .F. ) ;
#8865 = VECTOR ( 'NONE', #55, 1000.000000000000000 ) ;
#8866 = ORIENTED_EDGE ( 'NONE', *, *, #3408, .F. ) ;
#8867 = FACE_OUTER_BOUND ( 'NONE', #16, .T. ) ;
#8868 = CARTESIAN_POINT ( 'NONE',  ( -4.852453961876661600, 25.86229349947144100, -12.44000000000000100 ) ) ;
#8869 = SURFACE_STYLE_USAGE ( .BOTH. , #405 ) ;
#8870 = ADVANCED_FACE ( 'NONE', ( #1754 ), #787, .F. ) ;
#8871 = DIRECTION ( 'NONE',  ( -1.000000000000000000, 0.0000000000000000000, 0.0000000000000000000 ) ) ;
#8872 = STYLED_ITEM ( 'NONE', ( #3515 ), #8870 ) ;
#8873 = LINE ( 'NONE', #1635, #6515 ) ;
#8874 = CARTESIAN_POINT ( 'NONE',  ( 2.950000000527496400, 21.96229349947142100, -12.44000000000000100 ) ) ;
#8875 = CARTESIAN_POINT ( 'NONE',  ( -2.449999999472502600, 20.81229349947144100, -11.84000000000000200 ) ) ;
#8876 = FILL_AREA_STYLE_COLOUR ( '', #3436 ) ;
#8877 = CYLINDRICAL_SURFACE ( 'NONE', #5255, 7.400000000000000400 ) ;
#8878 = ORIENTED_EDGE ( 'NONE', *, *, #5930, .T. ) ;
#8879 = ORIENTED_EDGE ( 'NONE', *, *, #7815, .T. ) ;
#8880 = CARTESIAN_POINT ( 'NONE',  ( 7.830010576322045800, 27.03305827110215600, -9.894737498711283100 ) ) ;
#8881 = LINE ( 'NONE', #9007, #6521 ) ;
#8882 = CARTESIAN_POINT ( 'NONE',  ( 3.798541978689377700, 31.42837498583427100, -9.986964976148769300 ) ) ;
#8883 = B_SPLINE_CURVE_WITH_KNOTS ( 'NONE', 3,
 ( #1634, #7072, #2410, #7873 ),
 .UNSPECIFIED., .F., .F.,
 ( 4, 4 ),
 ( 0.0000000000000000000, 0.0001314655810850603800 ),
 .UNSPECIFIED. ) ;
#8884 = STYLED_ITEM ( 'NONE', ( #1487 ), #836 ) ;
#8885 = CARTESIAN_POINT ( 'NONE',  ( 6.852453769200100600, 25.86229349947144100, -12.54000000000000300 ) ) ;
#8886 = EDGE_CURVE ( 'NONE', #7599, #6320, #4856, .T. ) ;
#8887 = CARTESIAN_POINT ( 'NONE',  ( -1.464259850706064900, 31.63993251048109200, -11.96500000000000000 ) ) ;
#8888 = COLOUR_RGB ( '',0.0000000000000000000, 0.0000000000000000000, 1.000000000000000000 ) ;
#8889 = ORIENTED_EDGE ( 'NONE', *, *, #5987, .T. ) ;
#8890 = CARTESIAN_POINT ( 'NONE',  ( -3.244470251032031300, 30.72401862720997200, -9.765000000000000600 ) ) ;
#8891 = EDGE_LOOP ( 'NONE', ( #6790, #6402, #7263, #5498 ) ) ;
#8892 = ORIENTED_EDGE ( 'NONE', *, *, #7178, .F. ) ;
#8893 = STYLED_ITEM ( 'NONE', ( #567 ), #4296 ) ;
#8894 = DIRECTION ( 'NONE',  ( 0.0000000000000000000, 0.0000000000000000000, 1.000000000000000000 ) ) ;
#8895 = PRESENTATION_STYLE_ASSIGNMENT (( #8420 ) ) ;
#8896 = MECHANICAL_DESIGN_GEOMETRIC_PRESENTATION_REPRESENTATION (  '', ( #7317 ), #9437 ) ;
#8897 = VERTEX_POINT ( 'NONE', #5009 ) ;
#8898 = ORIENTED_EDGE ( 'NONE', *, *, #1970, .F. ) ;
#8899 = ORIENTED_EDGE ( 'NONE', *, *, #54, .F. ) ;
#8900 = FILL_AREA_STYLE_COLOUR ( '', #7681 ) ;
#8901 = ORIENTED_EDGE ( 'NONE', *, *, #2405, .T. ) ;
#8902 = PRODUCT_CONTEXT ( 'NONE', #4922, 'mechanical' ) ;
#8903 = STYLED_ITEM ( 'NONE', ( #1924 ), #5370 ) ;
#8904 = COLOUR_RGB ( '',1.000000000000000000, 0.0000000000000000000, 1.000000000000000000 ) ;
#8905 =( NAMED_UNIT ( * ) PLANE_ANGLE_UNIT ( ) SI_UNIT ( $, .RADIAN. ) );
#8906 = VERTEX_POINT ( 'NONE', #5799 ) ;
#8907 = SURFACE_STYLE_FILL_AREA ( #7486 ) ;
#8908 = ORIENTED_EDGE ( 'NONE', *, *, #4534, .T. ) ;
#8909 =( NAMED_UNIT ( * ) SI_UNIT ( $, .STERADIAN. ) SOLID_ANGLE_UNIT ( ) );
#8910 = ORIENTED_EDGE ( 'NONE', *, *, #7109, .T. ) ;
#8911 = ORIENTED_EDGE ( 'NONE', *, *, #539, .F. ) ;
#8912 = SURFACE_STYLE_USAGE ( .BOTH. , #3425 ) ;
#8913 = CARTESIAN_POINT ( 'NONE',  ( 1.000000000527495600, 26.86229349947144100, -13.14000000000000200 ) ) ;
#8914 = CARTESIAN_POINT ( 'NONE',  ( 7.803166648458804900, 27.05655790287061200, -9.877097610536671000 ) ) ;
#8915 = DIRECTION ( 'NONE',  ( 0.0000000000000000000, 0.0000000000000000000, -1.000000000000000000 ) ) ;
#8916 = ORIENTED_EDGE ( 'NONE', *, *, #3479, .F. ) ;
#8917 =( NAMED_UNIT ( * ) SI_UNIT ( $, .STERADIAN. ) SOLID_ANGLE_UNIT ( ) );
#8918 = FACE_OUTER_BOUND ( 'NONE', #7992, .T. ) ;
#8919 = ORIENTED_EDGE ( 'NONE', *, *, #5383, .T. ) ;
#8920 = FILL_AREA_STYLE_COLOUR ( '', #4573 ) ;
#8921 = DIRECTION ( 'NONE',  ( 0.0000000000000000000, 0.0000000000000000000, -1.000000000000000000 ) ) ;
#8922 = PRESENTATION_STYLE_ASSIGNMENT (( #10055 ) ) ;
#8923 = ADVANCED_FACE ( 'NONE', ( #6960 ), #4238, .F. ) ;
#8924 = PRESENTATION_STYLE_ASSIGNMENT (( #1720 ) ) ;
#8925 = DIRECTION ( 'NONE',  ( 0.0000000000000000000, -0.0000000000000000000, 1.000000000000000000 ) ) ;
#8926 = FACE_OUTER_BOUND ( 'NONE', #6036, .T. ) ;
#8927 = DIRECTION ( 'NONE',  ( 1.000000000000000000, 0.0000000000000000000, 0.0000000000000000000 ) ) ;
#8928 = CIRCLE ( 'NONE', #5675, 0.2000012755846080900 ) ;
#8929 = EDGE_CURVE ( 'NONE', #1451, #6665, #8086, .T. ) ;
#8930 = PRESENTATION_STYLE_ASSIGNMENT (( #9145 ) ) ;
#8931 = CARTESIAN_POINT ( 'NONE',  ( 5.502453769200100100, 26.71229338220534900, -12.44000000000000100 ) ) ;
#8932 = AXIS2_PLACEMENT_3D ( 'NONE', #2501, #5609, #1229 ) ;
#8933 = VERTEX_POINT ( 'NONE', #2791 ) ;
#8934 = VECTOR ( 'NONE', #3339, 1000.000000000000000 ) ;
#8935 = DIRECTION ( 'NONE',  ( 1.000000000000000000, 0.0000000000000000000, 0.0000000000000000000 ) ) ;
#8936 = PRESENTATION_STYLE_ASSIGNMENT (( #2673 ) ) ;
#8937 = DIRECTION ( 'NONE',  ( -0.9396926207859093200, 0.3420201433256663800, 0.0000000000000000000 ) ) ;
#8938 = ORIENTED_EDGE ( 'NONE', *, *, #4186, .F. ) ;
#8939 = CARTESIAN_POINT ( 'NONE',  ( 0.09999537796571880700, 32.00735987085298000, -11.96500000000000200 ) ) ;
#8940 = EDGE_CURVE ( 'NONE', #7551, #2788, #78, .T. ) ;
#8941 = EDGE_CURVE ( 'NONE', #4351, #1319, #3894, .T. ) ;
#8942 = FACE_OUTER_BOUND ( 'NONE', #9242, .T. ) ;
#8943 = COLOUR_RGB ( '',1.000000000000000000, 0.0000000000000000000, 1.000000000000000000 ) ;
#8944 = CARTESIAN_POINT ( 'NONE',  ( 7.764423179501323900, 27.11897506299672900, -9.861629652942737000 ) ) ;
#8945 =( GEOMETRIC_REPRESENTATION_CONTEXT ( 3 ) GLOBAL_UNCERTAINTY_ASSIGNED_CONTEXT ( ( #9955 ) ) GLOBAL_UNIT_ASSIGNED_CONTEXT ( ( #4472, #2127, #4381 ) ) REPRESENTATION_CONTEXT ( 'NONE', 'WORKASPACE' ) );
#8946 = ORIENTED_EDGE ( 'NONE', *, *, #3675, .F. ) ;
#8947 = STYLED_ITEM ( 'NONE', ( #8895 ), #9594 ) ;
#8948 = PRESENTATION_STYLE_ASSIGNMENT (( #4143 ) ) ;
#8949 =( NAMED_UNIT ( * ) SI_UNIT ( $, .STERADIAN. ) SOLID_ANGLE_UNIT ( ) );
#8950 = VECTOR ( 'NONE', #1995, 1000.000000000000100 ) ;
#8951 = COLOUR_RGB ( '',0.0000000000000000000, 0.0000000000000000000, 1.000000000000000000 ) ;
#8952 = MECHANICAL_DESIGN_GEOMETRIC_PRESENTATION_REPRESENTATION (  '', ( #1980 ), #9492 ) ;
#8953 = DIRECTION ( 'NONE',  ( 1.000000000000000000, -0.0000000000000000000, 0.0000000000000000000 ) ) ;
#8954 = EDGE_CURVE ( 'NONE', #322, #1715, #5924, .T. ) ;
#8955 =( NAMED_UNIT ( * ) SI_UNIT ( $, .STERADIAN. ) SOLID_ANGLE_UNIT ( ) );
#8956 = LINE ( 'NONE', #4551, #6854 ) ;
#8957 = LINE ( 'NONE', #610, #959 ) ;
#8958 = CARTESIAN_POINT ( 'NONE',  ( 6.602453769200100600, 26.71229338220534900, -12.44000000000000100 ) ) ;
#8959 = MECHANICAL_DESIGN_GEOMETRIC_PRESENTATION_REPRESENTATION (  '', ( #7941 ), #9502 ) ;
#8960 = FACE_OUTER_BOUND ( 'NONE', #8490, .T. ) ;
#8961 = UNCERTAINTY_MEASURE_WITH_UNIT (LENGTH_MEASURE( 1.000000000000000100E-005 ), #9517, 'distance_accuracy_value', 'NONE');
#8962 = ORIENTED_EDGE ( 'NONE', *, *, #250, .F. ) ;
#8963 = LINE ( 'NONE', #382, #2733 ) ;
#8964 = UNCERTAINTY_MEASURE_WITH_UNIT (LENGTH_MEASURE( 1.000000000000000100E-005 ), #2540, 'distance_accuracy_value', 'NONE');
#8965 = STYLED_ITEM ( 'NONE', ( #9496 ), #3773 ) ;
#8966 = FILL_AREA_STYLE_COLOUR ( '', #2625 ) ;
#8967 = SURFACE_STYLE_FILL_AREA ( #5213 ) ;
#8968 = ADVANCED_FACE ( 'NONE', ( #4131 ), #2044, .F. ) ;
#8969 = DIRECTION ( 'NONE',  ( -1.000000000000000000, 0.0000000000000000000, 0.0000000000000000000 ) ) ;
#8970 = ORIENTED_EDGE ( 'NONE', *, *, #9817, .T. ) ;
#8971 = DIRECTION ( 'NONE',  ( 1.000000000000000000, 0.0000000000000000000, 0.0000000000000000000 ) ) ;
#8972 = DIRECTION ( 'NONE',  ( 0.0000000000000000000, 0.0000000000000000000, -1.000000000000000000 ) ) ;
#8973 = UNCERTAINTY_MEASURE_WITH_UNIT (LENGTH_MEASURE( 1.000000000000000100E-005 ), #7638, 'distance_accuracy_value', 'NONE');
#8974 = FACE_OUTER_BOUND ( 'NONE', #9501, .T. ) ;
#8975 = FILL_AREA_STYLE_COLOUR ( '', #7586 ) ;
#8976 = ORIENTED_EDGE ( 'NONE', *, *, #5975, .T. ) ;
#8977 = PRESENTATION_STYLE_ASSIGNMENT (( #2244 ) ) ;
#8978 = ORIENTED_EDGE ( 'NONE', *, *, #4303, .T. ) ;
#8979 = AXIS2_PLACEMENT_3D ( 'NONE', #4332, #9853, #5097 ) ;
#8980 = FACE_OUTER_BOUND ( 'NONE', #8891, .T. ) ;
#8981 = CARTESIAN_POINT ( 'NONE',  ( -0.04999999947250455300, 21.96229349947143900, -12.54000000000000300 ) ) ;
#8982 = EDGE_CURVE ( 'NONE', #1008, #785, #1139, .T. ) ;
#8983 = ORIENTED_EDGE ( 'NONE', *, *, #4172, .T. ) ;
#8984 = EDGE_CURVE ( 'NONE', #2790, #4530, #7097, .T. ) ;
#8985 = MECHANICAL_DESIGN_GEOMETRIC_PRESENTATION_REPRESENTATION (  '', ( #7978 ), #9534 ) ;
#8986 = ORIENTED_EDGE ( 'NONE', *, *, #9919, .T. ) ;
#8987 = DIRECTION ( 'NONE',  ( 0.0000000000000000000, 0.0000000000000000000, -1.000000000000000000 ) ) ;
#8988 = VECTOR ( 'NONE', #2002, 1000.000000000000000 ) ;
#8989 = ORIENTED_EDGE ( 'NONE', *, *, #3658, .T. ) ;
#8990 = ORIENTED_EDGE ( 'NONE', *, *, #6432, .T. ) ;
#8991 =( LENGTH_UNIT ( ) NAMED_UNIT ( * ) SI_UNIT ( .MILLI., .METRE. ) );
#8992 = PRESENTATION_STYLE_ASSIGNMENT (( #4471 ) ) ;
#8993 = ORIENTED_EDGE ( 'NONE', *, *, #6527, .F. ) ;
#8994 =( NAMED_UNIT ( * ) SI_UNIT ( $, .STERADIAN. ) SOLID_ANGLE_UNIT ( ) );
#8995 = EDGE_LOOP ( 'NONE', ( #9138, #4528, #2144, #9540 ) ) ;
#8996 =( GEOMETRIC_REPRESENTATION_CONTEXT ( 3 ) GLOBAL_UNCERTAINTY_ASSIGNED_CONTEXT ( ( #4786 ) ) GLOBAL_UNIT_ASSIGNED_CONTEXT ( ( #6254, #933, #6071 ) ) REPRESENTATION_CONTEXT ( 'NONE', 'WORKASPACE' ) );
#8997 = SURFACE_SIDE_STYLE ('',( #9035 ) ) ;
#8998 = AXIS2_PLACEMENT_3D ( 'NONE', #3133, #3897, #7854 ) ;
#8999 = VERTEX_POINT ( 'NONE', #5933 ) ;
#9000 = PLANE ( 'NONE',  #5776 ) ;
#9001 = CARTESIAN_POINT ( 'NONE',  ( 1.450000000527496400, 20.66229349947143800, -11.84000000000000200 ) ) ;
#9002 = LINE ( 'NONE', #5381, #2777 ) ;
#9003 = DIRECTION ( 'NONE',  ( -6.308079902256244500E-015, 1.000000000000000000, 0.0000000000000000000 ) ) ;
#9004 =( LENGTH_UNIT ( ) NAMED_UNIT ( * ) SI_UNIT ( .MILLI., .METRE. ) );
#9005 = ORIENTED_EDGE ( 'NONE', *, *, #2469, .T. ) ;
#9006 = VERTEX_POINT ( 'NONE', #2109 ) ;
#9007 = CARTESIAN_POINT ( 'NONE',  ( -0.9499999994725048000, 21.96229349947143600, -12.44000000000000100 ) ) ;
#9008 = LINE ( 'NONE', #9939, #4552 ) ;
#9009 = COLOUR_RGB ( '',1.000000000000000000, 0.0000000000000000000, 1.000000000000000000 ) ;
#9010 = ORIENTED_EDGE ( 'NONE', *, *, #9714, .F. ) ;
#9011 = ADVANCED_FACE ( 'NONE', ( #9161 ), #6055, .F. ) ;
#9012 = COLOUR_RGB ( '',1.000000000000000000, 0.0000000000000000000, 1.000000000000000000 ) ;
#9013 = ORIENTED_EDGE ( 'NONE', *, *, #2853, .F. ) ;
#9014 = ORIENTED_EDGE ( 'NONE', *, *, #7393, .T. ) ;
#9015 = PRESENTATION_LAYER_ASSIGNMENT (  '', '', ( #7429 ) ) ;
#9016 =( LENGTH_UNIT ( ) NAMED_UNIT ( * ) SI_UNIT ( .MILLI., .METRE. ) );
#9017 =( GEOMETRIC_REPRESENTATION_CONTEXT ( 3 ) GLOBAL_UNCERTAINTY_ASSIGNED_CONTEXT ( ( #5386 ) ) GLOBAL_UNIT_ASSIGNED_CONTEXT ( ( #8856, #8123, #8094 ) ) REPRESENTATION_CONTEXT ( 'NONE', 'WORKASPACE' ) );
#9018 = FILL_AREA_STYLE_COLOUR ( '', #1288 ) ;
#9019 = ORIENTED_EDGE ( 'NONE', *, *, #5000, .F. ) ;
#9020 = DIRECTION ( 'NONE',  ( 0.0000000000000000000, -0.0000000000000000000, 1.000000000000000000 ) ) ;
#9021 = LINE ( 'NONE', #3406, #3052 ) ;
#9022 = CARTESIAN_POINT ( 'NONE',  ( 0.9999953779657178000, 24.66229349947143800, -12.26500000000000200 ) ) ;
#9023 =( NAMED_UNIT ( * ) PLANE_ANGLE_UNIT ( ) SI_UNIT ( $, .RADIAN. ) );
#9024 = AXIS2_PLACEMENT_3D ( 'NONE', #9250, #5279, #9293 ) ;
#9025 =( NAMED_UNIT ( * ) PLANE_ANGLE_UNIT ( ) SI_UNIT ( $, .RADIAN. ) );
#9026 = DIRECTION ( 'NONE',  ( -1.000000000000000000, 0.0000000000000000000, 0.0000000000000000000 ) ) ;
#9027 = FACE_OUTER_BOUND ( 'NONE', #5060, .T. ) ;
#9028 = FILL_AREA_STYLE ('',( #4298 ) ) ;
#9029 = CARTESIAN_POINT ( 'NONE',  ( 2.538922961530384500, 30.26166322722151100, -9.765000000000000600 ) ) ;
#9030 = LINE ( 'NONE', #5238, #783 ) ;
#9031 = STYLED_ITEM ( 'NONE', ( #1544 ), #7027 ) ;
#9032 = CARTESIAN_POINT ( 'NONE',  ( 4.274084942581324300, 31.19610568662749000, -9.765000000000000600 ) ) ;
#9033 = ORIENTED_EDGE ( 'NONE', *, *, #4534, .F. ) ;
#9034 = CARTESIAN_POINT ( 'NONE',  ( -5.500254966267450000, 28.19878122916831500, -10.06500000000000100 ) ) ;
#9035 = SURFACE_STYLE_FILL_AREA ( #3510 ) ;
#9036 = DIRECTION ( 'NONE',  ( 1.000000000000000000, -0.0000000000000000000, 0.0000000000000000000 ) ) ;
#9037 = COLOUR_RGB ( '',0.0000000000000000000, 0.0000000000000000000, 1.000000000000000000 ) ;
#9038 = ORIENTED_EDGE ( 'NONE', *, *, #2592, .F. ) ;
#9039 = FILL_AREA_STYLE_COLOUR ( '', #898 ) ;
#9040 = SURFACE_STYLE_USAGE ( .BOTH. , #3549 ) ;
#9041 = SURFACE_STYLE_USAGE ( .BOTH. , #3550 ) ;
#9042 = VERTEX_POINT ( 'NONE', #7736 ) ;
#9043 = PRESENTATION_LAYER_ASSIGNMENT (  '', '', ( #8029 ) ) ;
#9044 = EDGE_CURVE ( 'NONE', #3924, #10054, #3689, .T. ) ;
#9045 = ORIENTED_EDGE ( 'NONE', *, *, #2187, .T. ) ;
#9046 = DIRECTION ( 'NONE',  ( -1.000000000000000000, 5.782411586589359600E-015, 0.0000000000000000000 ) ) ;
#9047 = CARTESIAN_POINT ( 'NONE',  ( 7.539586352163451200, 27.82628672587933800, -12.10026201830973300 ) ) ;
#9048 = LINE ( 'NONE', #7091, #2830 ) ;
#9049 = ORIENTED_EDGE ( 'NONE', *, *, #4719, .F. ) ;
#9050 = CARTESIAN_POINT ( 'NONE',  ( -0.1000046220342811800, 32.28331705277450000, -10.06500000000000100 ) ) ;
#9051 = CARTESIAN_POINT ( 'NONE',  ( -0.9499999994725048000, 21.96229349947143600, -12.54000000000000300 ) ) ;
#9052 = STYLED_ITEM ( 'NONE', ( #2357 ), #8720 ) ;
#9053 = EDGE_CURVE ( 'NONE', #6400, #1725, #8189, .T. ) ;
#9054 = COLOUR_RGB ( '',1.000000000000000000, 1.000000000000000000, 1.000000000000000000 ) ;
#9055 = VECTOR ( 'NONE', #5711, 1000.000000000000000 ) ;
#9056 = ORIENTED_EDGE ( 'NONE', *, *, #7817, .F. ) ;
#9057 = ADVANCED_FACE ( 'NONE', ( #197 ), #6982, .F. ) ;
#9058 = CARTESIAN_POINT ( 'NONE',  ( 2.050000000527497000, 20.96229349947143900, -11.84000000000000200 ) ) ;
#9059 = COLOUR_RGB ( '',1.000000000000000000, 1.000000000000000000, 1.000000000000000000 ) ;
#9060 = FILL_AREA_STYLE_COLOUR ( '', #3120 ) ;
#9061 = CARTESIAN_POINT ( 'NONE',  ( -6.062582055238112700, 25.86229349947143800, -12.26500000000000200 ) ) ;
#9062 = PRESENTATION_LAYER_ASSIGNMENT (  '', '', ( #7474 ) ) ;
#9063 = EDGE_CURVE ( 'NONE', #8022, #7448, #1230, .T. ) ;
#9064 = CARTESIAN_POINT ( 'NONE',  ( 7.753720771779590000, 27.15784053322927200, -9.864962689104533700 ) ) ;
#9065 = SURFACE_SIDE_STYLE ('',( #88 ) ) ;
#9066 = VERTEX_POINT ( 'NONE', #1584 ) ;
#9067 = B_SPLINE_CURVE_WITH_KNOTS ( 'NONE', 3,
 ( #9938, #9160, #3668, #633, #5996, #1383, #6815, #2164, #7614, #2953 ),
 .UNSPECIFIED., .F., .F.,
 ( 4, 2, 2, 2, 4 ),
 ( 0.0002241599081695832400, 0.0003560782587414376900, 0.0004879966093132921300, 0.0006199149598851465700, 0.0007518333104570009600 ),
 .UNSPECIFIED. ) ;
#9068 =( GEOMETRIC_REPRESENTATION_CONTEXT ( 3 ) GLOBAL_UNCERTAINTY_ASSIGNED_CONTEXT ( ( #1116 ) ) GLOBAL_UNIT_ASSIGNED_CONTEXT ( ( #4184, #9692, #4959 ) ) REPRESENTATION_CONTEXT ( 'NONE', 'WORKASPACE' ) );
#9069 = ORIENTED_EDGE ( 'NONE', *, *, #6806, .F. ) ;
#9070 = LINE ( 'NONE', #5406, #8836 ) ;
#9071 = STYLED_ITEM ( 'NONE', ( #1673 ), #4168 ) ;
#9072 =( LENGTH_UNIT ( ) NAMED_UNIT ( * ) SI_UNIT ( .MILLI., .METRE. ) );
#9073 = CARTESIAN_POINT ( 'NONE',  ( -6.058536424811384400, 25.86229349947143800, -12.20519056847115300 ) ) ;
#9074 =( NAMED_UNIT ( * ) SI_UNIT ( $, .STERADIAN. ) SOLID_ANGLE_UNIT ( ) );
#9075 = STYLED_ITEM ( 'NONE', ( #2561 ), #2875 ) ;
#9076 = SURFACE_STYLE_FILL_AREA ( #9678 ) ;
#9077 = UNCERTAINTY_MEASURE_WITH_UNIT (LENGTH_MEASURE( 1.000000000000000100E-005 ), #2045, 'distance_accuracy_value', 'NONE');
#9078 = ORIENTED_EDGE ( 'NONE', *, *, #1689, .F. ) ;
#9079 = FILL_AREA_STYLE_COLOUR ( '', #5733 ) ;
#9080 = DIRECTION ( 'NONE',  ( -5.782411586589359600E-015, -1.000000000000000000, 0.0000000000000000000 ) ) ;
#9081 = UNCERTAINTY_MEASURE_WITH_UNIT (LENGTH_MEASURE( 1.000000000000000100E-005 ), #5229, 'distance_accuracy_value', 'NONE');
#9083 = CARTESIAN_POINT ( 'NONE',  ( 7.570616859723030800, 27.82097510236154400, -12.07458185001566200 ) ) ;
#9082 =( NAMED_UNIT ( * ) PLANE_ANGLE_UNIT ( ) SI_UNIT ( $, .RADIAN. ) );
#9084 = STYLED_ITEM ( 'NONE', ( #6403 ), #5247 ) ;
#9085 = CARTESIAN_POINT ( 'NONE',  ( -2.296251950704357300, 31.28760508069050100, -10.06500000000000100 ) ) ;
#9086 = EDGE_LOOP ( 'NONE', ( #4948, #4208, #6949, #8679 ) ) ;
#9087 = FACE_OUTER_BOUND ( 'NONE', #7372, .T. ) ;
#9088 = SURFACE_STYLE_USAGE ( .BOTH. , #3598 ) ;
#9089 = CARTESIAN_POINT ( 'NONE',  ( 7.569684570869164000, 27.81222672794311300, -9.950614494301872200 ) ) ;
#9090 = PRESENTATION_STYLE_ASSIGNMENT (( #1117 ) ) ;
#9091 = DIRECTION ( 'NONE',  ( 1.000000000000000000, 0.0000000000000000000, 0.0000000000000000000 ) ) ;
#9092 = ORIENTED_EDGE ( 'NONE', *, *, #8116, .F. ) ;
#9093 =( LENGTH_UNIT ( ) NAMED_UNIT ( * ) SI_UNIT ( .MILLI., .METRE. ) );
#9094 = PLANE ( 'NONE',  #1191 ) ;
#9095 = VECTOR ( 'NONE', #6481, 1000.000000000000000 ) ;
#9096 = CARTESIAN_POINT ( 'NONE',  ( 5.951561865021289100, 30.16156520800413400, -9.765000000000000600 ) ) ;
#9097 = EDGE_LOOP ( 'NONE', ( #4052, #501, #3634, #3496 ) ) ;
#9098 = CARTESIAN_POINT ( 'NONE',  ( 0.09999537796571880700, 32.10809768706595700, -11.76500000000000100 ) ) ;
#9099 = ORIENTED_EDGE ( 'NONE', *, *, #2335, .T. ) ;
#9100 =( NAMED_UNIT ( * ) PLANE_ANGLE_UNIT ( ) SI_UNIT ( $, .RADIAN. ) );
#9101 = COLOUR_RGB ( '',1.000000000000000000, 0.0000000000000000000, 1.000000000000000000 ) ;
#9102 = DIRECTION ( 'NONE',  ( 3.942553354492742500E-016, -1.000000000000000000, -0.0000000000000000000 ) ) ;
#9103 = VECTOR ( 'NONE', #5284, 1000.000000000000000 ) ;
#9104 =( NAMED_UNIT ( * ) SI_UNIT ( $, .STERADIAN. ) SOLID_ANGLE_UNIT ( ) );
#9105 =( GEOMETRIC_REPRESENTATION_CONTEXT ( 3 ) GLOBAL_UNCERTAINTY_ASSIGNED_CONTEXT ( ( #7438 ) ) GLOBAL_UNIT_ASSIGNED_CONTEXT ( ( #9448, #4713, #148 ) ) REPRESENTATION_CONTEXT ( 'NONE', 'WORKASPACE' ) );
#9106 = VECTOR ( 'NONE', #882, 1000.000000000000000 ) ;
#9107 = CARTESIAN_POINT ( 'NONE',  ( 0.9999953779657178000, 24.66229349947143800, -11.96500000000000200 ) ) ;
#9108 = CARTESIAN_POINT ( 'NONE',  ( 6.602453769200100600, 25.61229338220534800, -12.44000000000000100 ) ) ;
#9109 =( NAMED_UNIT ( * ) SI_UNIT ( $, .STERADIAN. ) SOLID_ANGLE_UNIT ( ) );
#9110 = ORIENTED_EDGE ( 'NONE', *, *, #8546, .F. ) ;
#9111 = ORIENTED_EDGE ( 'NONE', *, *, #9255, .T. ) ;
#9112 = EDGE_CURVE ( 'NONE', #9042, #9428, #3297, .T. ) ;
#9113 = ADVANCED_FACE ( 'NONE', ( #3058 ), #304, .T. ) ;
#9114 = EDGE_CURVE ( 'NONE', #7261, #1226, #8549, .T. ) ;
#9115 = STYLED_ITEM ( 'NONE', ( #4845 ), #2439 ) ;
#9116 = FILL_AREA_STYLE ('',( #9079 ) ) ;
#9117 = CARTESIAN_POINT ( 'NONE',  ( 7.629272134774090800, 27.82288265318965900, -12.02085302478123700 ) ) ;
#9118 = FILL_AREA_STYLE ('',( #6740 ) ) ;
#9119 = EDGE_LOOP ( 'NONE', ( #5425, #4931, #2173, #6025 ) ) ;
#9120 = ORIENTED_EDGE ( 'NONE', *, *, #172, .F. ) ;
#9121 = VERTEX_POINT ( 'NONE', #9434 ) ;
#9122 = DIRECTION ( 'NONE',  ( 0.0000000000000000000, -1.000000000000000000, 0.0000000000000000000 ) ) ;
#9123 = CARTESIAN_POINT ( 'NONE',  ( 7.953720771781445500, 27.19324256008136900, -9.765000000000000600 ) ) ;
#9124 = DIRECTION ( 'NONE',  ( 0.0000000000000000000, -1.000000000000000000, 0.0000000000000000000 ) ) ;
#9125 = VECTOR ( 'NONE', #6010, 1000.000000000000000 ) ;
#9126 = EDGE_CURVE ( 'NONE', #6220, #3879, #6188, .T. ) ;
#9127 = EDGE_CURVE ( 'NONE', #3852, #7459, #2332, .T. ) ;
#9128 = FACE_OUTER_BOUND ( 'NONE', #2995, .T. ) ;
#9129 = PRESENTATION_LAYER_ASSIGNMENT (  '', '', ( #8616 ) ) ;
#9130 = ORIENTED_EDGE ( 'NONE', *, *, #2976, .T. ) ;
#9131 = FILL_AREA_STYLE ('',( #8346 ) ) ;
#9132 = SURFACE_STYLE_USAGE ( .BOTH. , #9201 ) ;
#9133 = VERTEX_POINT ( 'NONE', #7101 ) ;
#9134 = ORIENTED_EDGE ( 'NONE', *, *, #6733, .F. ) ;
#9135 = DIRECTION ( 'NONE',  ( -1.000000000000000000, 0.0000000000000000000, 0.0000000000000000000 ) ) ;
#9136 = DIRECTION ( 'NONE',  ( -1.000000000000000000, 0.0000000000000000000, 0.0000000000000000000 ) ) ;
#9137 = MECHANICAL_DESIGN_GEOMETRIC_PRESENTATION_REPRESENTATION (  '', ( #8115 ), #9673 ) ;
#9138 = ORIENTED_EDGE ( 'NONE', *, *, #6078, .T. ) ;
#9139 = FILL_AREA_STYLE ('',( #6758 ) ) ;
#9140 = LINE ( 'NONE', #8461, #1118 ) ;
#9141 =( NAMED_UNIT ( * ) SI_UNIT ( $, .STERADIAN. ) SOLID_ANGLE_UNIT ( ) );
#9142 = FACE_OUTER_BOUND ( 'NONE', #9512, .T. ) ;
#9143 = FILL_AREA_STYLE_COLOUR ( '', #5662 ) ;
#9144 = EDGE_CURVE ( 'NONE', #6631, #8507, #2073, .T. ) ;
#9145 = SURFACE_STYLE_USAGE ( .BOTH. , #3652 ) ;
#9146 = B_SPLINE_CURVE_WITH_KNOTS ( 'NONE', 3,
 ( #10003, #7639, #9214, #693, #6062, #1445, #6874, #2228, #7679, #3009, #8460, #3768, #9249, #4496 ),
 .UNSPECIFIED., .F., .F.,
 ( 4, 2, 2, 2, 2, 2, 4 ),
 ( 8.673617379884035500E-019, 0.0001879583276142487200, 0.0002819374914213736500, 0.0003759166552284985800, 0.0004698958190356235200, 0.0005638749828427483900, 0.0007518333104570016100 ),
 .UNSPECIFIED. ) ;
#9147 = ORIENTED_EDGE ( 'NONE', *, *, #5056, .F. ) ;
#9148 = CARTESIAN_POINT ( 'NONE',  ( 3.550000000527496500, 20.96229349947143900, -11.99000000000000200 ) ) ;
#9149 = CARTESIAN_POINT ( 'NONE',  ( -3.945277990912571500, 27.03121911854659500, -12.49000000000000200 ) ) ;
#9150 =( NAMED_UNIT ( * ) SI_UNIT ( $, .STERADIAN. ) SOLID_ANGLE_UNIT ( ) );
#9151 = VECTOR ( 'NONE', #229, 1000.000000000000000 ) ;
#9152 = AXIS2_PLACEMENT_3D ( 'NONE', #8511, #3817, #9310 ) ;
#9153 = SURFACE_STYLE_FILL_AREA ( #1891 ) ;
#9154 = EDGE_LOOP ( 'NONE', ( #3570, #5530, #5524, #153 ) ) ;
#9155 = LINE ( 'NONE', #3289, #4951 ) ;
#9156 = CARTESIAN_POINT ( 'NONE',  ( -3.843634395923538600, 27.63030919068990700, -12.49000000000000200 ) ) ;
#9157 =( NAMED_UNIT ( * ) SI_UNIT ( $, .STERADIAN. ) SOLID_ANGLE_UNIT ( ) );
#9158 =( GEOMETRIC_REPRESENTATION_CONTEXT ( 3 ) GLOBAL_UNCERTAINTY_ASSIGNED_CONTEXT ( ( #2890 ) ) GLOBAL_UNIT_ASSIGNED_CONTEXT ( ( #9159, #9082, #8583 ) ) REPRESENTATION_CONTEXT ( 'NONE', 'WORKASPACE' ) );
#9159 =( LENGTH_UNIT ( ) NAMED_UNIT ( * ) SI_UNIT ( .MILLI., .METRE. ) );
#9160 = CARTESIAN_POINT ( 'NONE',  ( 6.384846271614250700, 29.47998615211148300, -9.890373386533024600 ) ) ;
#9161 = FACE_OUTER_BOUND ( 'NONE', #1985, .T. ) ;
#9162 = PRESENTATION_STYLE_ASSIGNMENT (( #388 ) ) ;
#9163 = DIRECTION ( 'NONE',  ( -1.000000000000000000, 0.0000000000000000000, 0.0000000000000000000 ) ) ;
#9164 = LINE ( 'NONE', #1627, #6816 ) ;
#9165 = FILL_AREA_STYLE_COLOUR ( '', #6357 ) ;
#9166 = ADVANCED_FACE ( 'NONE', ( #64 ), #4729, .F. ) ;
#9167 = DIRECTION ( 'NONE',  ( 1.000000000000000000, 0.0000000000000000000, 0.0000000000000000000 ) ) ;
#9168 = SURFACE_STYLE_FILL_AREA ( #7560 ) ;
#9169 = DIRECTION ( 'NONE',  ( 0.0000000000000000000, -1.000000000000000000, 0.0000000000000000000 ) ) ;
#9170 = VERTEX_POINT ( 'NONE', #7896 ) ;
#9171 = CARTESIAN_POINT ( 'NONE',  ( 8.019578844573029400, 27.00439681814319900, -10.06500000000000100 ) ) ;
#9172 = DIRECTION ( 'NONE',  ( 1.000000000000000000, 3.942553354492743000E-016, 0.0000000000000000000 ) ) ;
#9173 = EDGE_CURVE ( 'NONE', #2280, #9775, #1662, .T. ) ;
#9174 = CARTESIAN_POINT ( 'NONE',  ( -2.562595966618931100, 29.82897070575523900, -12.26500000000000200 ) ) ;
#9175 = COLOUR_RGB ( '',1.000000000000000000, 1.000000000000000000, 1.000000000000000000 ) ;
#9176 = EDGE_CURVE ( 'NONE', #8660, #6620, #9420, .T. ) ;
#9177 = LINE ( 'NONE', #5683, #4976 ) ;
#9178 = DIRECTION ( 'NONE',  ( -1.000000000000000000, 0.0000000000000000000, 0.0000000000000000000 ) ) ;
#9179 = CARTESIAN_POINT ( 'NONE',  ( 6.899985530787216900, 25.61229242923305800, -9.540000000000000900 ) ) ;
#9180 = DIRECTION ( 'NONE',  ( -6.308079902256244500E-015, 1.000000000000000000, 0.0000000000000000000 ) ) ;
#9181 = VERTEX_POINT ( 'NONE', #5535 ) ;
#9182 = CARTESIAN_POINT ( 'NONE',  ( 7.848637989280437200, 27.36728649465683800, -12.00151628113705700 ) ) ;
#9183 = ORIENTED_EDGE ( 'NONE', *, *, #6609, .F. ) ;
#9184 =( GEOMETRIC_REPRESENTATION_CONTEXT ( 3 ) GLOBAL_UNCERTAINTY_ASSIGNED_CONTEXT ( ( #8973 ) ) GLOBAL_UNIT_ASSIGNED_CONTEXT ( ( #7638, #2969, #8427 ) ) REPRESENTATION_CONTEXT ( 'NONE', 'WORKASPACE' ) );
#9185 = FACE_OUTER_BOUND ( 'NONE', #3281, .T. ) ;
#9186 = EDGE_CURVE ( 'NONE', #728, #9487, #7318, .T. ) ;
#9187 = DIRECTION ( 'NONE',  ( 1.000000000000000000, 0.0000000000000000000, 0.0000000000000000000 ) ) ;
#9188 = SURFACE_SIDE_STYLE ('',( #7918 ) ) ;
#9189 = FILL_AREA_STYLE ('',( #4443 ) ) ;
#9190 = CARTESIAN_POINT ( 'NONE',  ( 1.450000000527496400, 20.81229349947144100, -11.84000000000000200 ) ) ;
#9191 = DIRECTION ( 'NONE',  ( 0.0000000000000000000, 1.000000000000000000, 0.0000000000000000000 ) ) ;
#9192 = FACE_OUTER_BOUND ( 'NONE', #9982, .T. ) ;
#9193 = COLOUR_RGB ( '',0.0000000000000000000, 0.0000000000000000000, 1.000000000000000000 ) ;
#9194 = CARTESIAN_POINT ( 'NONE',  ( 2.973125709580345600, 31.75174483235827000, -12.00608953726613000 ) ) ;
#9195 = ORIENTED_EDGE ( 'NONE', *, *, #2655, .F. ) ;
#9196 = STYLED_ITEM ( 'NONE', ( #8992 ), #1121 ) ;
#9197 = CIRCLE ( 'NONE', #4432, 0.2999999999968841500 ) ;
#9198 = CARTESIAN_POINT ( 'NONE',  ( 3.574222042681868100, 31.38450355539936600, -12.16680350095402700 ) ) ;
#9199 = FILL_AREA_STYLE_COLOUR ( '', #5601 ) ;
#9200 = LINE ( 'NONE', #5030, #2974 ) ;
#9201 = SURFACE_SIDE_STYLE ('',( #56 ) ) ;
#9202 = VERTEX_POINT ( 'NONE', #6374 ) ;
#9203 = PLANE ( 'NONE',  #5595 ) ;
#9204 = FILL_AREA_STYLE ('',( #7629 ) ) ;
#9205 =( NAMED_UNIT ( * ) PLANE_ANGLE_UNIT ( ) SI_UNIT ( $, .RADIAN. ) );
#9206 = DIRECTION ( 'NONE',  ( 1.000000000000000000, 0.0000000000000000000, 0.0000000000000000000 ) ) ;
#9207 = PRESENTATION_STYLE_ASSIGNMENT (( #3263 ) ) ;
#9208 = B_SPLINE_CURVE_WITH_KNOTS ( 'NONE', 3,
 ( #5239, #6017, #2227, #7678, #3008, #8458 ),
 .UNSPECIFIED., .F., .F.,
 ( 4, 2, 4 ),
 ( 1.355252715606880500E-020, 0.0001569193979371636800, 0.0003138387958743273700 ),
 .UNSPECIFIED. ) ;
#9209 = UNCERTAINTY_MEASURE_WITH_UNIT (LENGTH_MEASURE( 1.000000000000000100E-005 ), #8786, 'distance_accuracy_value', 'NONE');
#9210 = ORIENTED_EDGE ( 'NONE', *, *, #120, .F. ) ;
#9211 = MECHANICAL_DESIGN_GEOMETRIC_PRESENTATION_REPRESENTATION (  '', ( #7636 ), #9737 ) ;
#9212 = CARTESIAN_POINT ( 'NONE',  ( -0.04999999947250471200, 20.81229349947144100, -11.99000000000000200 ) ) ;
#9213 = CARTESIAN_POINT ( 'NONE',  ( 4.450000000527496400, 20.66229349947143800, -12.54000000000000300 ) ) ;
#9214 = CARTESIAN_POINT ( 'NONE',  ( -4.636419590747205900, 29.31756969667201300, -9.975251276645556300 ) ) ;
#9215 = SURFACE_SIDE_STYLE ('',( #9944 ) ) ;
#9216 = MECHANICAL_DESIGN_GEOMETRIC_PRESENTATION_REPRESENTATION (  '', ( #8183 ), #9739 ) ;
#9217 = FILL_AREA_STYLE_COLOUR ( '', #5525 ) ;
#9218 = ADVANCED_FACE ( 'NONE', ( #1127 ), #1760, .T. ) ;
#9219 = EDGE_LOOP ( 'NONE', ( #6307, #6422, #6464, #6492, #6500, #6551, #6589, #6595, #6709, #6724, #6732, #6756, #6781, #6853, #6906, #6935, #6989, #7017, #7034, #7058, #7083, #7173 ) ) ;
#9220 = SURFACE_STYLE_FILL_AREA ( #1462 ) ;
#9221 = EDGE_LOOP ( 'NONE', ( #5139, #4973, #9599, #9390 ) ) ;
#9222 = CARTESIAN_POINT ( 'NONE',  ( 7.244461141309089100, 28.63301727863720800, -10.06500000000000100 ) ) ;
#9223 = DIRECTION ( 'NONE',  ( -1.000000000000000000, 0.0000000000000000000, 0.0000000000000000000 ) ) ;
#9224 = VECTOR ( 'NONE', #8689, 1000.000000000000000 ) ;
#9225 = CARTESIAN_POINT ( 'NONE',  ( -0.9499999994725048000, 21.96229349947143600, -12.54000000000000300 ) ) ;
#9226 = DIRECTION ( 'NONE',  ( 1.000000000000000000, 0.0000000000000000000, 0.0000000000000000000 ) ) ;
#9227 = STYLED_ITEM ( 'NONE', ( #8611 ), #5487 ) ;
#9228 = LINE ( 'NONE', #3282, #7166 ) ;
#9229 = SURFACE_STYLE_USAGE ( .BOTH. , #3746 ) ;
#9230 = ORIENTED_EDGE ( 'NONE', *, *, #2775, .F. ) ;
#9231 = PLANE ( 'NONE',  #6762 ) ;
#9232 = CARTESIAN_POINT ( 'NONE',  ( 1.450000000527496400, 20.66229349947143800, -12.44000000000000100 ) ) ;
#9233 = VERTEX_POINT ( 'NONE', #7210 ) ;
#9234 = AXIS2_PLACEMENT_3D ( 'NONE', #5182, #629, #5989 ) ;
#9235 = VERTEX_POINT ( 'NONE', #2563 ) ;
#9236 = ORIENTED_EDGE ( 'NONE', *, *, #1060, .F. ) ;
#9237 = DIRECTION ( 'NONE',  ( -1.000000000000000000, 0.0000000000000000000, 0.0000000000000000000 ) ) ;
#9238 = LINE ( 'NONE', #2913, #7179 ) ;
#9239 = DIRECTION ( 'NONE',  ( 0.0000000000000000000, 1.000000000000000000, 0.0000000000000000000 ) ) ;
#9240 = CARTESIAN_POINT ( 'NONE',  ( 2.950000000527496400, 20.96229676927035300, -12.44000000000000100 ) ) ;
#9241 = PLANE ( 'NONE',  #5020 ) ;
#9242 = EDGE_LOOP ( 'NONE', ( #5918, #1975, #7428, #1746, #3630, #6562 ) ) ;
#9243 = FILL_AREA_STYLE ('',( #3763 ) ) ;
#9244 = AXIS2_PLACEMENT_3D ( 'NONE', #3544, #8295, #1305 ) ;
#9245 = ORIENTED_EDGE ( 'NONE', *, *, #6950, .F. ) ;
#9246 = EDGE_CURVE ( 'NONE', #6320, #9783, #907, .T. ) ;
#9247 =( NAMED_UNIT ( * ) SI_UNIT ( $, .STERADIAN. ) SOLID_ANGLE_UNIT ( ) );
#9248 = PLANE ( 'NONE',  #5325 ) ;
#9249 = CARTESIAN_POINT ( 'NONE',  ( -4.418075109729380200, 29.63632342604032000, -10.02002964988259000 ) ) ;
#9250 = CARTESIAN_POINT ( 'NONE',  ( 3.651918204600951500, 31.57078865555072900, -9.765000000000000600 ) ) ;
#9251 = LINE ( 'NONE', #760, #1004 ) ;
#9252 = DIRECTION ( 'NONE',  ( 0.0000000000000000000, 0.0000000000000000000, -1.000000000000000000 ) ) ;
#9253 = PRESENTATION_STYLE_ASSIGNMENT (( #9920 ) ) ;
#9254 = CARTESIAN_POINT ( 'NONE',  ( -2.286439998909817200, 28.36077100000000000, -12.49000000000000200 ) ) ;
#9255 = EDGE_CURVE ( 'NONE', #5236, #7543, #9438, .T. ) ;
#9256 = ORIENTED_EDGE ( 'NONE', *, *, #159, .F. ) ;
#9257 = ORIENTED_EDGE ( 'NONE', *, *, #4491, .T. ) ;
#9258 = ORIENTED_EDGE ( 'NONE', *, *, #603, .T. ) ;
#9259 = PRESENTATION_LAYER_ASSIGNMENT (  '', '', ( #8737 ) ) ;
#9260 = PLANE ( 'NONE',  #9435 ) ;
#9261 = DIRECTION ( 'NONE',  ( 0.0000000000000000000, -1.000000000000000000, 0.0000000000000000000 ) ) ;
#9262 = CARTESIAN_POINT ( 'NONE',  ( -2.449999999472504800, 21.96229349947143600, -12.54000000000000300 ) ) ;
#9263 = FILL_AREA_STYLE ('',( #8466 ) ) ;
#9264 = DIRECTION ( 'NONE',  ( 0.0000000000000000000, 0.0000000000000000000, -1.000000000000000000 ) ) ;
#9265 = LINE ( 'NONE', #4585, #5036 ) ;
#9266 = CARTESIAN_POINT ( 'NONE',  ( 6.451606691366010600, 29.66628531477309100, -10.06500000000000100 ) ) ;
#9267 = ORIENTED_EDGE ( 'NONE', *, *, #6531, .F. ) ;
#9268 = VERTEX_POINT ( 'NONE', #1825 ) ;
#9269 = CARTESIAN_POINT ( 'NONE',  ( 5.050000000527496100, 20.66229349947143800, -12.54000000000000300 ) ) ;
#9270 = ORIENTED_EDGE ( 'NONE', *, *, #2710, .F. ) ;
#9271 = AXIS2_PLACEMENT_3D ( 'NONE', #10026, #10056, #9606 ) ;
#9272 = EDGE_CURVE ( 'NONE', #2977, #3139, #4214, .T. ) ;
#9273 =( GEOMETRIC_REPRESENTATION_CONTEXT ( 3 ) GLOBAL_UNCERTAINTY_ASSIGNED_CONTEXT ( ( #4445 ) ) GLOBAL_UNIT_ASSIGNED_CONTEXT ( ( #519, #6696, #2053 ) ) REPRESENTATION_CONTEXT ( 'NONE', 'WORKASPACE' ) );
#9274 = ADVANCED_FACE ( 'NONE', ( #6310 ), #9536, .T. ) ;
#9275 = VECTOR ( 'NONE', #7979, 1000.000000000000000 ) ;
#9276 = UNCERTAINTY_MEASURE_WITH_UNIT (LENGTH_MEASURE( 1.000000000000000100E-005 ), #655, 'distance_accuracy_value', 'NONE');
#9277 = ORIENTED_EDGE ( 'NONE', *, *, #1266, .F. ) ;
#9278 = FILL_AREA_STYLE ('',( #9916 ) ) ;
#9279 = SURFACE_STYLE_USAGE ( .BOTH. , #3790 ) ;
#9280 = MECHANICAL_DESIGN_GEOMETRIC_PRESENTATION_REPRESENTATION (  '', ( #8233 ), #9795 ) ;
#9281 = UNCERTAINTY_MEASURE_WITH_UNIT (LENGTH_MEASURE( 1.000000000000000100E-005 ), #5403, 'distance_accuracy_value', 'NONE');
#9282 = AXIS2_PLACEMENT_3D ( 'NONE', #5724, #1144, #6533 ) ;
#9283 = CARTESIAN_POINT ( 'NONE',  ( 7.753720771772602700, 27.19324256009383900, -9.877385863389077900 ) ) ;
#9284 = DIRECTION ( 'NONE',  ( 0.0000000000000000000, 0.0000000000000000000, 1.000000000000000000 ) ) ;
#9285 = SURFACE_STYLE_FILL_AREA ( #96 ) ;
#9286 = B_SPLINE_CURVE_WITH_KNOTS ( 'NONE', 3,
 ( #770, #3081, #8537, #3843, #9333, #4589, #36 ),
 .UNSPECIFIED., .F., .F.,
 ( 4, 3, 4 ),
 ( 0.001752843146712569000, 0.001835200052271880800, 0.001843721680057376900 ),
 .UNSPECIFIED. ) ;
#9287 = CYLINDRICAL_SURFACE ( 'NONE', #8599, 4.849999999999997900 ) ;
#9288 = ORIENTED_EDGE ( 'NONE', *, *, #6205, .T. ) ;
#9289 = FILL_AREA_STYLE_COLOUR ( '', #1839 ) ;
#9290 = ADVANCED_FACE ( 'NONE', ( #3501 ), #6670, .T. ) ;
#9291 =( LENGTH_UNIT ( ) NAMED_UNIT ( * ) SI_UNIT ( .MILLI., .METRE. ) );
#9292 = SURFACE_SIDE_STYLE ('',( #1322 ) ) ;
#9293 = DIRECTION ( 'NONE',  ( -1.000000000000000000, 0.0000000000000000000, 0.0000000000000000000 ) ) ;
#9294 = VERTEX_POINT ( 'NONE', #3441 ) ;
#9295 = CARTESIAN_POINT ( 'NONE',  ( -5.930353097798322500, 26.98845776199213700, -9.975251276645559900 ) ) ;
#9296 = CARTESIAN_POINT ( 'NONE',  ( -0.9499999994725048000, 20.66229349947143800, -12.54000000000000300 ) ) ;
#9297 = CARTESIAN_POINT ( 'NONE',  ( -1.781507630964159300, 29.63542085853180600, -12.26500000000000200 ) ) ;
#9298 = AXIS2_PLACEMENT_3D ( 'NONE', #7906, #3211, #8670 ) ;
#9299 = UNCERTAINTY_MEASURE_WITH_UNIT (LENGTH_MEASURE( 1.000000000000000100E-005 ), #8560, 'distance_accuracy_value', 'NONE');
#9300 = PRESENTATION_STYLE_ASSIGNMENT (( #10028 ) ) ;
#9301 = DIRECTION ( 'NONE',  ( -1.000000000000000000, 0.0000000000000000000, 0.0000000000000000000 ) ) ;
#9302 = EDGE_LOOP ( 'NONE', ( #26, #8119, #263, #2419 ) ) ;
#9303 = DIRECTION ( 'NONE',  ( 1.000000000000000000, -0.0000000000000000000, 0.0000000000000000000 ) ) ;
#9304 = PRESENTATION_STYLE_ASSIGNMENT (( #597 ) ) ;
#9305 = ORIENTED_EDGE ( 'NONE', *, *, #3127, .T. ) ;
#9306 =( LENGTH_UNIT ( ) NAMED_UNIT ( * ) SI_UNIT ( .MILLI., .METRE. ) );
#9307 = FACE_OUTER_BOUND ( 'NONE', #679, .T. ) ;
#9308 = SURFACE_SIDE_STYLE ('',( #6120 ) ) ;
#9309 = VECTOR ( 'NONE', #3485, 1000.000000000000000 ) ;
#9310 = DIRECTION ( 'NONE',  ( -1.000000000000000000, 0.0000000000000000000, 0.0000000000000000000 ) ) ;
#9311 = EDGE_LOOP ( 'NONE', ( #8590, #3788, #9683, #2900 ) ) ;
#9312 = EDGE_CURVE ( 'NONE', #6375, #1496, #771, .T. ) ;
#9313 = SURFACE_STYLE_USAGE ( .BOTH. , #8476 ) ;
#9314 = ORIENTED_EDGE ( 'NONE', *, *, #3882, .F. ) ;
#9315 = CARTESIAN_POINT ( 'NONE',  ( 7.134873414873032600, 28.80032098515495100, -9.765000000000000600 ) ) ;
#9316 = SURFACE_STYLE_USAGE ( .BOTH. , #3826 ) ;
#9317 = MECHANICAL_DESIGN_GEOMETRIC_PRESENTATION_REPRESENTATION (  '', ( #8259 ), #9823 ) ;
#9318 = CARTESIAN_POINT ( 'NONE',  ( 8.261340198706101000, 26.08814345256248800, -10.06500000000000300 ) ) ;
#9319 = CARTESIAN_POINT ( 'NONE',  ( 7.753720771772602700, 27.19324256009383900, -9.877385863389077900 ) ) ;
#9320 = DIRECTION ( 'NONE',  ( 0.0000000000000000000, 0.0000000000000000000, -1.000000000000000000 ) ) ;
#9321 = CIRCLE ( 'NONE', #4474, 7.099999999999998800 ) ;
#9322 = EDGE_CURVE ( 'NONE', #9689, #1693, #8787, .T. ) ;
#9323 = CARTESIAN_POINT ( 'NONE',  ( -3.049999999472504900, 20.81229349947144100, -11.99000000000000200 ) ) ;
#9324 = ORIENTED_EDGE ( 'NONE', *, *, #7469, .T. ) ;
#9325 = EDGE_CURVE ( 'NONE', #5909, #8999, #4834, .T. ) ;
#9326 = DIRECTION ( 'NONE',  ( 0.0000000000000000000, 0.0000000000000000000, -1.000000000000000000 ) ) ;
#9327 = CARTESIAN_POINT ( 'NONE',  ( 4.450000000527496400, 21.96229349947143900, -12.54000000000000300 ) ) ;
#9328 = STYLED_ITEM ( 'NONE', ( #5691 ), #2338 ) ;
#9329 = CARTESIAN_POINT ( 'NONE',  ( -0.5890072372533850000, 31.79782717682033800, -12.05474872335443900 ) ) ;
#9330 = DIRECTION ( 'NONE',  ( 2.891205793294662500E-015, -1.000000000000000000, 0.0000000000000000000 ) ) ;
#9331 = CARTESIAN_POINT ( 'NONE',  ( -5.882792523486611600, 27.38023954448804900, -10.06500000000000100 ) ) ;
#9332 =( NAMED_UNIT ( * ) PLANE_ANGLE_UNIT ( ) SI_UNIT ( $, .RADIAN. ) );
#9333 = CARTESIAN_POINT ( 'NONE',  ( -6.058536424811384400, 25.86229349947143800, -9.824809431528851900 ) ) ;
#9334 =( LENGTH_UNIT ( ) NAMED_UNIT ( * ) SI_UNIT ( .MILLI., .METRE. ) );
#9335 = VERTEX_POINT ( 'NONE', #1171 ) ;
#9336 = DIRECTION ( 'NONE',  ( -1.000000000000000000, 0.0000000000000000000, 0.0000000000000000000 ) ) ;
#9337 = CARTESIAN_POINT ( 'NONE',  ( -4.951218617528995800, 28.71509222193719800, -12.16492159147831700 ) ) ;
#9338 = CARTESIAN_POINT ( 'NONE',  ( -4.714015584686597600, 29.36442904820769000, -11.96500000000000200 ) ) ;
#9339 = EDGE_CURVE ( 'NONE', #930, #7459, #4321, .T. ) ;
#9340 = FACE_OUTER_BOUND ( 'NONE', #4690, .T. ) ;
#9341 = DIRECTION ( 'NONE',  ( 0.0000000000000000000, -1.000000000000000000, 0.0000000000000000000 ) ) ;
#9342 = EDGE_CURVE ( 'NONE', #8780, #3072, #6433, .T. ) ;
#9343 = STYLED_ITEM ( 'NONE', ( #9952 ), #1450 ) ;
#9344 =( GEOMETRIC_REPRESENTATION_CONTEXT ( 3 ) GLOBAL_UNCERTAINTY_ASSIGNED_CONTEXT ( ( #278 ) ) GLOBAL_UNIT_ASSIGNED_CONTEXT ( ( #1147, #6541, #1919 ) ) REPRESENTATION_CONTEXT ( 'NONE', 'WORKASPACE' ) );
#9345 = DIRECTION ( 'NONE',  ( 0.0000000000000000000, -0.0000000000000000000, 1.000000000000000000 ) ) ;
#9346 = ORIENTED_EDGE ( 'NONE', *, *, #6157, .T. ) ;
#9347 = SURFACE_SIDE_STYLE ('',( #7587 ) ) ;
#9348 = ADVANCED_FACE ( 'NONE', ( #2569 ), #7538, .T. ) ;
#9349 = MECHANICAL_DESIGN_GEOMETRIC_PRESENTATION_REPRESENTATION (  '', ( #7250 ), #9854 ) ;
#9350 = VERTEX_POINT ( 'NONE', #1224 ) ;
#9351 = EDGE_CURVE ( 'NONE', #291, #3274, #5670, .T. ) ;
#9352 = LINE ( 'NONE', #3854, #3344 ) ;
#9353 = CARTESIAN_POINT ( 'NONE',  ( 1.000000000527495600, 26.86229349947144100, -12.94000000000000000 ) ) ;
#9354 = ORIENTED_EDGE ( 'NONE', *, *, #522, .F. ) ;
#9355 = FACE_OUTER_BOUND ( 'NONE', #386, .T. ) ;
#9356 =( NAMED_UNIT ( * ) SI_UNIT ( $, .STERADIAN. ) SOLID_ANGLE_UNIT ( ) );
#9357 = CARTESIAN_POINT ( 'NONE',  ( 5.358776448026849200, 30.55568654478272700, -12.03487713795004800 ) ) ;
#9358 = LINE ( 'NONE', #2037, #7266 ) ;
#9359 = CARTESIAN_POINT ( 'NONE',  ( 7.753720771783950900, 27.24181727630059100, -9.894431558774748200 ) ) ;
#9360 = CARTESIAN_POINT ( 'NONE',  ( 6.934873414873007600, 28.80032098515499000, -12.12994306966164600 ) ) ;
#9361 = CARTESIAN_POINT ( 'NONE',  ( -3.776470574352044400, 30.06069787687248500, -9.873101976561283500 ) ) ;
#9362 = VERTEX_POINT ( 'NONE', #7436 ) ;
#9363 = MECHANICAL_DESIGN_GEOMETRIC_PRESENTATION_REPRESENTATION (  '', ( #8305 ), #9869 ) ;
#9364 = DIRECTION ( 'NONE',  ( -0.0000000000000000000, -0.0000000000000000000, 1.000000000000000000 ) ) ;
#9365 = DIRECTION ( 'NONE',  ( 0.0000000000000000000, 0.0000000000000000000, -1.000000000000000000 ) ) ;
#9366 = EDGE_LOOP ( 'NONE', ( #5960, #9314, #8000, #344 ) ) ;
#9367 = CARTESIAN_POINT ( 'NONE',  ( 5.000000000527495400, 22.06229614966531100, -12.44000000000000100 ) ) ;
#9368 = CARTESIAN_POINT ( 'NONE',  ( 0.9999953779657178000, 24.66229349947143800, -11.96500000000000200 ) ) ;
#9369 =( NAMED_UNIT ( * ) PLANE_ANGLE_UNIT ( ) SI_UNIT ( $, .RADIAN. ) );
#9370 = FILL_AREA_STYLE ('',( #8578 ) ) ;
#9371 = STYLED_ITEM ( 'NONE', ( #450 ), #3422 ) ;
#9372 = DIRECTION ( 'NONE',  ( 0.0000000000000000000, 0.0000000000000000000, 1.000000000000000000 ) ) ;
#9373 = VECTOR ( 'NONE', #4396, 1000.000000000000000 ) ;
#9374 = FACE_OUTER_BOUND ( 'NONE', #4391, .T. ) ;
#9375 = FILL_AREA_STYLE ('',( #1564 ) ) ;
#9376 =( NAMED_UNIT ( * ) SI_UNIT ( $, .STERADIAN. ) SOLID_ANGLE_UNIT ( ) );
#9377 = FILL_AREA_STYLE ('',( #2350 ) ) ;
#9378 = DIRECTION ( 'NONE',  ( 1.000000000000000000, 0.0000000000000000000, 0.0000000000000000000 ) ) ;
#9379 = DIRECTION ( 'NONE',  ( -1.000000000000000000, 0.0000000000000000000, 0.0000000000000000000 ) ) ;
#9380 = EDGE_LOOP ( 'NONE', ( #6725, #5961, #335, #9580, #6597, #2505, #2732, #3099, #3335, #3926, #4632, #6862, #8121, #9810, #9926, #7943, #3736, #5889, #35, #1827 ) ) ;
#9381 = FILL_AREA_STYLE ('',( #3092 ) ) ;
#9382 = FILL_AREA_STYLE_COLOUR ( '', #10039 ) ;
#9383 =( GEOMETRIC_REPRESENTATION_CONTEXT ( 3 ) GLOBAL_UNCERTAINTY_ASSIGNED_CONTEXT ( ( #684 ) ) GLOBAL_UNIT_ASSIGNED_CONTEXT ( ( #7956, #3247, #8709 ) ) REPRESENTATION_CONTEXT ( 'NONE', 'WORKASPACE' ) );
#9384 = COLOUR_RGB ( '',1.000000000000000000, 0.0000000000000000000, 1.000000000000000000 ) ;
#9385 = SURFACE_SIDE_STYLE ('',( #7032 ) ) ;
#9386 = ADVANCED_FACE ( 'NONE', ( #3393 ), #632, .T. ) ;
#9387 = ORIENTED_EDGE ( 'NONE', *, *, #5199, .T. ) ;
#9388 = EDGE_CURVE ( 'NONE', #7068, #404, #2680, .T. ) ;
#9389 = ORIENTED_EDGE ( 'NONE', *, *, #5975, .F. ) ;
#9390 = ORIENTED_EDGE ( 'NONE', *, *, #1689, .T. ) ;
#9391 = COLOUR_RGB ( '',1.000000000000000000, 0.0000000000000000000, 1.000000000000000000 ) ;
#9392 = ORIENTED_EDGE ( 'NONE', *, *, #6650, .T. ) ;
#9393 = EDGE_CURVE ( 'NONE', #1684, #9753, #4708, .T. ) ;
#9394 = FILL_AREA_STYLE_COLOUR ( '', #5055 ) ;
#9395 =( LENGTH_UNIT ( ) NAMED_UNIT ( * ) SI_UNIT ( .MILLI., .METRE. ) );
#9396 = SURFACE_STYLE_FILL_AREA ( #6651 ) ;
#9397 = FILL_AREA_STYLE_COLOUR ( '', #5655 ) ;
#9398 = LINE ( 'NONE', #5099, #5146 ) ;
#9399 = CARTESIAN_POINT ( 'NONE',  ( 4.392072443353012700, 31.00692900757980700, -9.859327142162683800 ) ) ;
#9400 =( NAMED_UNIT ( * ) SI_UNIT ( $, .STERADIAN. ) SOLID_ANGLE_UNIT ( ) );
#9401 = MECHANICAL_DESIGN_GEOMETRIC_PRESENTATION_REPRESENTATION (  '', ( #8332 ), #9897 ) ;
#9402 = ORIENTED_EDGE ( 'NONE', *, *, #3687, .T. ) ;
#9403 = EDGE_CURVE ( 'NONE', #6132, #930, #8655, .T. ) ;
#9404 = CARTESIAN_POINT ( 'NONE',  ( -4.852453961876661600, 25.86229349947144100, -11.84000000000000200 ) ) ;
#9405 = ADVANCED_FACE ( 'NONE', ( #6791 ), #528, .F. ) ;
#9406 = CARTESIAN_POINT ( 'NONE',  ( -4.900005943002420300, 21.16229299947141800, -12.49000000000000200 ) ) ;
#9407 =( NAMED_UNIT ( * ) SI_UNIT ( $, .STERADIAN. ) SOLID_ANGLE_UNIT ( ) );
#9408 = CARTESIAN_POINT ( 'NONE',  ( 0.5500000005274974200, 20.96229349947143900, -11.84000000000000200 ) ) ;
#9409 = CARTESIAN_POINT ( 'NONE',  ( 7.681825340238310300, 27.84241116321852500, -11.01500000000000200 ) ) ;
#9410 = CARTESIAN_POINT ( 'NONE',  ( -6.062582055238112700, 25.86229349947143800, -12.26500000000000200 ) ) ;
#9411 = COLOUR_RGB ( '',0.0000000000000000000, 0.0000000000000000000, 1.000000000000000000 ) ;
#9412 = ORIENTED_EDGE ( 'NONE', *, *, #3939, .F. ) ;
#9413 = AXIS2_PLACEMENT_3D ( 'NONE', #9691, #4956, #376 ) ;
#9414 = CARTESIAN_POINT ( 'NONE',  ( -0.9499999994725030200, 20.96229349947143900, -11.99000000000000200 ) ) ;
#9415 = ORIENTED_EDGE ( 'NONE', *, *, #3964, .F. ) ;
#9416 =( NAMED_UNIT ( * ) PLANE_ANGLE_UNIT ( ) SI_UNIT ( $, .RADIAN. ) );
#9417 = ORIENTED_EDGE ( 'NONE', *, *, #7777, .T. ) ;
#9418 = SURFACE_STYLE_USAGE ( .BOTH. , #1281 ) ;
#9419 = SURFACE_STYLE_USAGE ( .BOTH. , #3917 ) ;
#9420 = LINE ( 'NONE', #4040, #5163 ) ;
#9421 = CIRCLE ( 'NONE', #5180, 0.4999999999999995600 ) ;
#9422 = UNCERTAINTY_MEASURE_WITH_UNIT (LENGTH_MEASURE( 1.000000000000000100E-005 ), #8300, 'distance_accuracy_value', 'NONE');
#9423 = VERTEX_POINT ( 'NONE', #4326 ) ;
#9424 = CARTESIAN_POINT ( 'NONE',  ( 3.456102984312112300, 31.61781854659434600, -10.04143498945665100 ) ) ;
#9425 = ORIENTED_EDGE ( 'NONE', *, *, #3098, .T. ) ;
#9426 = DIRECTION ( 'NONE',  ( 0.0000000000000000000, 0.0000000000000000000, 1.000000000000000000 ) ) ;
#9427 = PRESENTATION_LAYER_ASSIGNMENT (  '', '', ( #8884 ) ) ;
#9428 = VERTEX_POINT ( 'NONE', #7541 ) ;
#9429 = UNCERTAINTY_MEASURE_WITH_UNIT (LENGTH_MEASURE( 1.000000000000000100E-005 ), #2920, 'distance_accuracy_value', 'NONE');
#9430 = EDGE_CURVE ( 'NONE', #2437, #8656, #9745, .T. ) ;
#9431 = CARTESIAN_POINT ( 'NONE',  ( 2.790217405403266700, 31.84248187391380800, -9.765000000000000600 ) ) ;
#9432 = LINE ( 'NONE', #1908, #3184 ) ;
#9433 = STYLED_ITEM ( 'NONE', ( #2869 ), #6528 ) ;
#9434 = CARTESIAN_POINT ( 'NONE',  ( 6.702453769200101200, 25.86229349947144100, -12.44000000000000100 ) ) ;
#9435 = AXIS2_PLACEMENT_3D ( 'NONE', #2275, #7722, #3053 ) ;
#9436 = ORIENTED_EDGE ( 'NONE', *, *, #1292, .T. ) ;
#9437 =( GEOMETRIC_REPRESENTATION_CONTEXT ( 3 ) GLOBAL_UNCERTAINTY_ASSIGNED_CONTEXT ( ( #6167 ) ) GLOBAL_UNIT_ASSIGNED_CONTEXT ( ( #6356, #6325, #5583 ) ) REPRESENTATION_CONTEXT ( 'NONE', 'WORKASPACE' ) );
#9438 = B_SPLINE_CURVE_WITH_KNOTS ( 'NONE', 3,
 ( #8797, #1790, #2591, #8067, #3355, #8830, #4127, #9624, #4886, #318, #5667, #1086, #6473, #1857 ),
 .UNSPECIFIED., .F., .F.,
 ( 4, 2, 2, 2, 2, 2, 4 ),
 ( 4.336808689942017700E-019, 0.0001879583276142451700, 0.0002819374914213693700, 0.0003759166552284936000, 0.0004698958190356178200, 0.0005638749828427420000, 0.0007518333104570056300 ),
 .UNSPECIFIED. ) ;
#9439 =( LENGTH_UNIT ( ) NAMED_UNIT ( * ) SI_UNIT ( .MILLI., .METRE. ) );
#9440 = FACE_OUTER_BOUND ( 'NONE', #1605, .T. ) ;
#9441 = SURFACE_STYLE_USAGE ( .BOTH. , #3940 ) ;
#9442 = FILL_AREA_STYLE ('',( #5438 ) ) ;
#9443 = ORIENTED_EDGE ( 'NONE', *, *, #3190, .F. ) ;
#9444 =( LENGTH_UNIT ( ) NAMED_UNIT ( * ) SI_UNIT ( .MILLI., .METRE. ) );
#9445 = PRESENTATION_LAYER_ASSIGNMENT (  '', '', ( #8903 ) ) ;
#9446 = CARTESIAN_POINT ( 'NONE',  ( 6.098368797456119600, 30.02574280709370300, -11.96500000000000200 ) ) ;
#9447 = VERTEX_POINT ( 'NONE', #9906 ) ;
#9448 =( LENGTH_UNIT ( ) NAMED_UNIT ( * ) SI_UNIT ( .MILLI., .METRE. ) );
#9449 =( LENGTH_UNIT ( ) NAMED_UNIT ( * ) SI_UNIT ( .MILLI., .METRE. ) );
#9450 = AXIS2_PLACEMENT_3D ( 'NONE', #7280, #2614, #8087 ) ;
#9451 = DIRECTION ( 'NONE',  ( 0.0000000000000000000, -0.0000000000000000000, 1.000000000000000000 ) ) ;
#9452 = ORIENTED_EDGE ( 'NONE', *, *, #9614, .T. ) ;
#9453 = SURFACE_SIDE_STYLE ('',( #4724 ) ) ;
#9454 = VERTEX_POINT ( 'NONE', #8340 ) ;
#9455 = FILL_AREA_STYLE ('',( #7090 ) ) ;
#9456 = SURFACE_SIDE_STYLE ('',( #5821 ) ) ;
#9457 = ADVANCED_FACE ( 'NONE', ( #5780 ), #2785, .F. ) ;
#9458 = FILL_AREA_STYLE_COLOUR ( '', #2026 ) ;
#9459 = SURFACE_STYLE_USAGE ( .BOTH. , #9480 ) ;
#9460 = VECTOR ( 'NONE', #8432, 1000.000000000000000 ) ;
#9461 = VERTEX_POINT ( 'NONE', #4415 ) ;
#9462 = STYLED_ITEM ( 'NONE', ( #6075 ), #8023 ) ;
#9463 = CARTESIAN_POINT ( 'NONE',  ( 6.689898531339615300, 29.34403782031737500, -11.99657224379024700 ) ) ;
#9464 = CARTESIAN_POINT ( 'NONE',  ( 7.770959689795137800, 27.28338734106937100, -9.925556229542557700 ) ) ;
#9465 = UNCERTAINTY_MEASURE_WITH_UNIT (LENGTH_MEASURE( 1.000000000000000100E-005 ), #7331, 'distance_accuracy_value', 'NONE');
#9466 = DIRECTION ( 'NONE',  ( 0.0000000000000000000, -0.0000000000000000000, 1.000000000000000000 ) ) ;
#9467 = LINE ( 'NONE', #9934, #2248 ) ;
#9468 = EDGE_CURVE ( 'NONE', #964, #5775, #4821, .T. ) ;
#9469 = ORIENTED_EDGE ( 'NONE', *, *, #2396, .T. ) ;
#9470 = PRESENTATION_LAYER_ASSIGNMENT (  '', '', ( #7905 ) ) ;
#9471 = CARTESIAN_POINT ( 'NONE',  ( 6.602453769200100600, 25.86229349947144100, -12.44000000000000100 ) ) ;
#9472 = CARTESIAN_POINT ( 'NONE',  ( -5.450703187661509300, 27.87879545516934200, -12.15689802343872500 ) ) ;
#9473 = CARTESIAN_POINT ( 'NONE',  ( -3.380443710269496600, 30.57061093460442100, -12.00997035011741700 ) ) ;
#9474 = CARTESIAN_POINT ( 'NONE',  ( -0.1000046220342811800, 32.08118829586800300, -10.26500000000000200 ) ) ;
#9475 = DIRECTION ( 'NONE',  ( 0.0000000000000000000, -1.000000000000000000, 0.0000000000000000000 ) ) ;
#9476 = CARTESIAN_POINT ( 'NONE',  ( -4.951629586261611300, 28.71421213810088000, -9.864922774082685900 ) ) ;
#9477 = FACE_OUTER_BOUND ( 'NONE', #5988, .T. ) ;
#9478 = COLOUR_RGB ( '',1.000000000000000000, 0.0000000000000000000, 1.000000000000000000 ) ;
#9479 = CARTESIAN_POINT ( 'NONE',  ( 8.212136593912042300, 25.92718770255984500, -12.04278902671000600 ) ) ;
#9480 = SURFACE_SIDE_STYLE ('',( #3593 ) ) ;
#9481 = CARTESIAN_POINT ( 'NONE',  ( 6.899985530787216900, 25.61229242923305800, -12.49000000000000200 ) ) ;
#9482 = EDGE_CURVE ( 'NONE', #9454, #9268, #6926, .T. ) ;
#9483 = SURFACE_STYLE_FILL_AREA ( #9603 ) ;
#9484 = CARTESIAN_POINT ( 'NONE',  ( 0.9999953779657178000, 24.66229349947143800, -11.96500000000000200 ) ) ;
#9485 = EDGE_CURVE ( 'NONE', #9740, #6968, #9008, .T. ) ;
#9486 = COLOUR_RGB ( '',1.000000000000000000, 0.0000000000000000000, 1.000000000000000000 ) ;
#9487 = VERTEX_POINT ( 'NONE', #2166 ) ;
#9488 = AXIS2_PLACEMENT_3D ( 'NONE', #3686, #9172, #4428 ) ;
#9489 = CARTESIAN_POINT ( 'NONE',  ( -2.916127522693602100, 28.17313568983686500, -9.540000000000000900 ) ) ;
#9490 = ORIENTED_EDGE ( 'NONE', *, *, #9785, .T. ) ;
#9491 = STYLED_ITEM ( 'NONE', ( #4525 ), #6104 ) ;
#9492 =( GEOMETRIC_REPRESENTATION_CONTEXT ( 3 ) GLOBAL_UNCERTAINTY_ASSIGNED_CONTEXT ( ( #3936 ) ) GLOBAL_UNIT_ASSIGNED_CONTEXT ( ( #731, #6099, #1480 ) ) REPRESENTATION_CONTEXT ( 'NONE', 'WORKASPACE' ) );
#9493 = CARTESIAN_POINT ( 'NONE',  ( -3.801147254458476300, 30.29337060985794800, -11.96500000000000000 ) ) ;
#9494 = FILL_AREA_STYLE ('',( #9397 ) ) ;
#9495 = EDGE_CURVE ( 'NONE', #6963, #1594, #6239, .T. ) ;
#9496 = PRESENTATION_STYLE_ASSIGNMENT (( #7641 ) ) ;
#9497 = ORIENTED_EDGE ( 'NONE', *, *, #9272, .T. ) ;
#9498 = CARTESIAN_POINT ( 'NONE',  ( 6.714006340618045200, 29.36442904820767200, -11.96500000000000200 ) ) ;
#9499 = ORIENTED_EDGE ( 'NONE', *, *, #8794, .T. ) ;
#9500 = CARTESIAN_POINT ( 'NONE',  ( -5.388275123508057300, 25.86229349947143800, -12.26500000000000200 ) ) ;
#9501 = EDGE_LOOP ( 'NONE', ( #9354, #7753, #4505, #4788 ) ) ;
#9502 =( GEOMETRIC_REPRESENTATION_CONTEXT ( 3 ) GLOBAL_UNCERTAINTY_ASSIGNED_CONTEXT ( ( #9276 ) ) GLOBAL_UNIT_ASSIGNED_CONTEXT ( ( #655, #6018, #1404 ) ) REPRESENTATION_CONTEXT ( 'NONE', 'WORKASPACE' ) );
#9503 = CARTESIAN_POINT ( 'NONE',  ( 0.9999953779657178000, 25.66229349947143500, -12.26500000000000200 ) ) ;
#9504 = ADVANCED_FACE ( 'NONE', ( #2560 ), #1303, .F. ) ;
#9505 = CARTESIAN_POINT ( 'NONE',  ( -3.156049089069085300, 30.54187000573630000, -9.865078408521686300 ) ) ;
#9506 = DIRECTION ( 'NONE',  ( -1.000000000000000000, 0.0000000000000000000, 0.0000000000000000000 ) ) ;
#9507 = PRESENTATION_STYLE_ASSIGNMENT (( #10035 ) ) ;
#9508 =( LENGTH_UNIT ( ) NAMED_UNIT ( * ) SI_UNIT ( .MILLI., .METRE. ) );
#9509 = CARTESIAN_POINT ( 'NONE',  ( -1.549999999472504700, 20.81229349947144100, -11.84000000000000200 ) ) ;
#9510 = AXIS2_PLACEMENT_3D ( 'NONE', #9933, #5177, #624 ) ;
#9511 = CARTESIAN_POINT ( 'NONE',  ( 5.859278311785679700, 29.97905837894841600, -12.16227859769699300 ) ) ;
#9512 = EDGE_LOOP ( 'NONE', ( #6536, #626, #4696, #888, #1328, #7806, #3867, #2060, #286, #8527, #507, #4558, #6662, #762, #5040, #1461, #3498, #7674, #9752, #3750, #7962, #7141, #9998, #6039, #185, #393, #4430, #4712, #10015, #8796 ) ) ;
#9513 = CARTESIAN_POINT ( 'NONE',  ( -2.474094186649880900, 31.19610568662749700, -9.765000000000000600 ) ) ;
#9514 = CARTESIAN_POINT ( 'NONE',  ( 7.882783279418045000, 27.38023954448804900, -10.06500000000000100 ) ) ;
#9515 = CARTESIAN_POINT ( 'NONE',  ( 6.403171916198715500, 27.23204465226783500, -12.49000000000000200 ) ) ;
#9516 = PLANE ( 'NONE',  #2413 ) ;
#9517 =( LENGTH_UNIT ( ) NAMED_UNIT ( * ) SI_UNIT ( .MILLI., .METRE. ) );
#9518 =( NAMED_UNIT ( * ) SI_UNIT ( $, .STERADIAN. ) SOLID_ANGLE_UNIT ( ) );
#9519 = SURFACE_STYLE_FILL_AREA ( #9139 ) ;
#9520 =( LENGTH_UNIT ( ) NAMED_UNIT ( * ) SI_UNIT ( .MILLI., .METRE. ) );
#9521 =( NAMED_UNIT ( * ) SI_UNIT ( $, .STERADIAN. ) SOLID_ANGLE_UNIT ( ) );
#9522 = ORIENTED_EDGE ( 'NONE', *, *, #1998, .T. ) ;
#9523 = STYLED_ITEM ( 'NONE', ( #7606 ), #7508 ) ;
#9524 = EDGE_LOOP ( 'NONE', ( #2705, #9837, #7770, #5871 ) ) ;
#9525 = CARTESIAN_POINT ( 'NONE',  ( -3.952144787706769200, 29.95998450542891300, -12.11317500942379900 ) ) ;
#9526 = DIRECTION ( 'NONE',  ( 1.000000000000000000, -0.0000000000000000000, 0.0000000000000000000 ) ) ;
#9527 = LINE ( 'NONE', #798, #5268 ) ;
#9528 = VECTOR ( 'NONE', #8381, 999.9999999999998900 ) ;
#9529 = ORIENTED_EDGE ( 'NONE', *, *, #6723, .F. ) ;
#9530 = EDGE_CURVE ( 'NONE', #4144, #7888, #3860, .T. ) ;
#9531 = VERTEX_POINT ( 'NONE', #2113 ) ;
#9532 = EDGE_CURVE ( 'NONE', #4189, #5509, #1834, .T. ) ;
#9533 = FILL_AREA_STYLE_COLOUR ( '', #7087 ) ;
#9534 =( GEOMETRIC_REPRESENTATION_CONTEXT ( 3 ) GLOBAL_UNCERTAINTY_ASSIGNED_CONTEXT ( ( #213 ) ) GLOBAL_UNIT_ASSIGNED_CONTEXT ( ( #4581, #6951, #5315 ) ) REPRESENTATION_CONTEXT ( 'NONE', 'WORKASPACE' ) );
#9535 = CARTESIAN_POINT ( 'NONE',  ( 2.950000000527496000, 20.81229349947144100, -11.99000000000000200 ) ) ;
#9536 = CYLINDRICAL_SURFACE ( 'NONE', #8283, 7.700000000000000200 ) ;
#9537 = LINE ( 'NONE', #4262, #9275 ) ;
#9538 = ORIENTED_EDGE ( 'NONE', *, *, #3523, .F. ) ;
#9539 = PLANE ( 'NONE',  #5121 ) ;
#9540 = ORIENTED_EDGE ( 'NONE', *, *, #3662, .F. ) ;
#9541 = CARTESIAN_POINT ( 'NONE',  ( 8.062572811169548700, 25.86229349947143800, -12.26500000000000200 ) ) ;
#9542 = PLANE ( 'NONE',  #3921 ) ;
#9543 = SURFACE_SIDE_STYLE ('',( #3521 ) ) ;
#9544 = STYLED_ITEM ( 'NONE', ( #3011 ), #1294 ) ;
#9545 = MECHANICAL_DESIGN_GEOMETRIC_PRESENTATION_REPRESENTATION (  '', ( #8472 ), #10047 ) ;
#9546 = UNCERTAINTY_MEASURE_WITH_UNIT (LENGTH_MEASURE( 1.000000000000000100E-005 ), #9439, 'distance_accuracy_value', 'NONE');
#9547 = CARTESIAN_POINT ( 'NONE',  ( 0.9999953779657178000, 24.66229349947143800, -11.96500000000000200 ) ) ;
#9548 = DIRECTION ( 'NONE',  ( 7.150856675050581200E-016, 1.000000000000000000, -0.0000000000000000000 ) ) ;
#9549 = COLOUR_RGB ( '',1.000000000000000000, 1.000000000000000000, 1.000000000000000000 ) ;
#9550 = ADVANCED_FACE ( 'NONE', ( #5896 ), #5170, .F. ) ;
#9551 = VERTEX_POINT ( 'NONE', #5198 ) ;
#9552 = CARTESIAN_POINT ( 'NONE',  ( 5.406726249604603600, 30.60709989034278400, -10.06500000000000100 ) ) ;
#9553 = VECTOR ( 'NONE', #4651, 1000.000000000000000 ) ;
#9554 = ORIENTED_EDGE ( 'NONE', *, *, #5336, .T. ) ;
#9555 = LINE ( 'NONE', #4663, #5585 ) ;
#9556 = LINE ( 'NONE', #1180, #8205 ) ;
#9557 =( NAMED_UNIT ( * ) PLANE_ANGLE_UNIT ( ) SI_UNIT ( $, .RADIAN. ) );
#9558 = MECHANICAL_DESIGN_GEOMETRIC_PRESENTATION_REPRESENTATION (  '', ( #7429 ), #10060 ) ;
#9559 = ORIENTED_EDGE ( 'NONE', *, *, #3964, .T. ) ;
#9560 = CARTESIAN_POINT ( 'NONE',  ( 7.848591800854855200, 27.36726897302580900, -10.02843432318988400 ) ) ;
#9561 = CARTESIAN_POINT ( 'NONE',  ( 5.859045010213207200, 29.97919577161469800, -9.867665625852618300 ) ) ;
#9562 = VECTOR ( 'NONE', #7820, 1000.000000000000000 ) ;
#9563 = ORIENTED_EDGE ( 'NONE', *, *, #792, .T. ) ;
#9564 = CARTESIAN_POINT ( 'NONE',  ( -6.265927972641972800, 26.06504615133528100, -11.96500000000000000 ) ) ;
#9565 = DIRECTION ( 'NONE',  ( 0.0000000000000000000, -1.000000000000000000, 0.0000000000000000000 ) ) ;
#9566 = PRESENTATION_STYLE_ASSIGNMENT (( #2093 ) ) ;
#9567 = CARTESIAN_POINT ( 'NONE',  ( 6.602453769200100600, 26.71229338220534900, -12.49000000000000200 ) ) ;
#9568 = CARTESIAN_POINT ( 'NONE',  ( 0.9999953779657178000, 24.66229349947143800, -11.96500000000000200 ) ) ;
#9569 = MECHANICAL_DESIGN_GEOMETRIC_PRESENTATION_REPRESENTATION (  '', ( #8504 ), #9 ) ;
#9570 = LINE ( 'NONE', #2423, #7457 ) ;
#9571 = SURFACE_STYLE_FILL_AREA ( #8376 ) ;
#9572 = ORIENTED_EDGE ( 'NONE', *, *, #120, .T. ) ;
#9573 = CARTESIAN_POINT ( 'NONE',  ( 7.818343881196598800, 27.34556062245008300, -9.992304066884894800 ) ) ;
#9574 = CARTESIAN_POINT ( 'NONE',  ( 6.552453769200100800, 26.46229349947144300, -11.99000000000000200 ) ) ;
#9575 = PRESENTATION_LAYER_ASSIGNMENT (  '', '', ( #9031 ) ) ;
#9576 = SURFACE_STYLE_FILL_AREA ( #8479 ) ;
#9577 =( NAMED_UNIT ( * ) PLANE_ANGLE_UNIT ( ) SI_UNIT ( $, .RADIAN. ) );
#9578 = CARTESIAN_POINT ( 'NONE',  ( 3.550000000527496100, 21.96229349947142100, -12.44000000000000100 ) ) ;
#9579 = DIRECTION ( 'NONE',  ( -1.000000000000000000, 0.0000000000000000000, 0.0000000000000000000 ) ) ;
#9580 = ORIENTED_EDGE ( 'NONE', *, *, #894, .T. ) ;
#9581 =( NAMED_UNIT ( * ) SI_UNIT ( $, .STERADIAN. ) SOLID_ANGLE_UNIT ( ) );
#9582 = SURFACE_STYLE_FILL_AREA ( #5044 ) ;
#9583 = PRESENTATION_STYLE_ASSIGNMENT (( #10040 ) ) ;
#9584 = MECHANICAL_DESIGN_GEOMETRIC_PRESENTATION_REPRESENTATION (  '', ( #8029 ), #30 ) ;
#9585 = CARTESIAN_POINT ( 'NONE',  ( 7.829870886920173400, 27.03309294360972000, -12.13538390669301000 ) ) ;
#9586 = EDGE_CURVE ( 'NONE', #4253, #9428, #7061, .T. ) ;
#9587 = SURFACE_STYLE_FILL_AREA ( #5698 ) ;
#9588 = CARTESIAN_POINT ( 'NONE',  ( 0.9999953779657178000, 24.66229349947143800, -10.06500000000000100 ) ) ;
#9589 = CARTESIAN_POINT ( 'NONE',  ( -4.602453961876664200, 25.86229349947144100, -11.99000000000000200 ) ) ;
#9590 = COLOUR_RGB ( '',1.000000000000000000, 0.0000000000000000000, 1.000000000000000000 ) ;
#9591 = ORIENTED_EDGE ( 'NONE', *, *, #2516, .F. ) ;
#9592 = FILL_AREA_STYLE_COLOUR ( '', #1973 ) ;
#9593 = UNCERTAINTY_MEASURE_WITH_UNIT (LENGTH_MEASURE( 1.000000000000000100E-005 ), #7877, 'distance_accuracy_value', 'NONE');
#9594 = ADVANCED_FACE ( 'NONE', ( #2905 ), #6020, .F. ) ;
#9595 = CARTESIAN_POINT ( 'NONE',  ( -5.641523759786345200, 27.82255330619757700, -10.02006751392409700 ) ) ;
#9596 = EDGE_LOOP ( 'NONE', ( #1716, #3430, #3585, #2456 ) ) ;
#9597 = PRESENTATION_LAYER_ASSIGNMENT (  '', '', ( #9052 ) ) ;
#9598 = EDGE_CURVE ( 'NONE', #1211, #4741, #4200, .T. ) ;
#9599 = ORIENTED_EDGE ( 'NONE', *, *, #6806, .T. ) ;
#9600 = CARTESIAN_POINT ( 'NONE',  ( -0.7116611417990096300, 31.65587029015826900, -9.864922774082685900 ) ) ;
#9601 = CIRCLE ( 'NONE', #6567, 0.2000000000000000900 ) ;
#9602 = SURFACE_STYLE_FILL_AREA ( #2094 ) ;
#9603 = FILL_AREA_STYLE ('',( #5648 ) ) ;
#9604 = CONICAL_SURFACE ( 'NONE', #8019, 7.399999999999999500, 0.7853981633974497200 ) ;
#9605 = VECTOR ( 'NONE', #2344, 1000.000000000000000 ) ;
#9606 = DIRECTION ( 'NONE',  ( -1.000000000000000000, 0.0000000000000000000, 0.0000000000000000000 ) ) ;
#9607 = EDGE_LOOP ( 'NONE', ( #616, #2429, #8645, #6282 ) ) ;
#9608 = CARTESIAN_POINT ( 'NONE',  ( -1.549999999472504700, 20.66229349947143800, -12.54000000000000300 ) ) ;
#9609 = FILL_AREA_STYLE_COLOUR ( '', #223 ) ;
#9610 = EDGE_LOOP ( 'NONE', ( #9110, #3267, #448, #3530, #1442, #3428, #2646, #9436, #630 ) ) ;
#9611 = MECHANICAL_DESIGN_GEOMETRIC_PRESENTATION_REPRESENTATION (  '', ( #7474 ), #53 ) ;
#9612 = ORIENTED_EDGE ( 'NONE', *, *, #1881, .T. ) ;
#9613 = DIRECTION ( 'NONE',  ( 0.0000000000000000000, -0.0000000000000000000, 1.000000000000000000 ) ) ;
#9614 = EDGE_CURVE ( 'NONE', #3139, #9181, #2171, .T. ) ;
#9615 = UNCERTAINTY_MEASURE_WITH_UNIT (LENGTH_MEASURE( 1.000000000000000100E-005 ), #2148, 'distance_accuracy_value', 'NONE');
#9616 = DIRECTION ( 'NONE',  ( 0.0000000000000000000, 1.000000000000000000, 0.0000000000000000000 ) ) ;
#9617 = SURFACE_STYLE_FILL_AREA ( #2055 ) ;
#9618 = AXIS2_PLACEMENT_3D ( 'NONE', #2879, #8335, #3632 ) ;
#9619 =( NAMED_UNIT ( * ) PLANE_ANGLE_UNIT ( ) SI_UNIT ( $, .RADIAN. ) );
#9620 = ORIENTED_EDGE ( 'NONE', *, *, #5540, .T. ) ;
#9621 = AXIS2_PLACEMENT_3D ( 'NONE', #9315, #6083, #9237 ) ;
#9622 = EDGE_LOOP ( 'NONE', ( #8946, #8962, #8721, #5843 ) ) ;
#9623 = SURFACE_STYLE_FILL_AREA ( #6586 ) ;
#9624 = CARTESIAN_POINT ( 'NONE',  ( -1.551205325193030200, 31.39514277307685900, -9.864922774082685900 ) ) ;
#9625 = CIRCLE ( 'NONE', #611, 7.400000000000000400 ) ;
#9626 = CARTESIAN_POINT ( 'NONE',  ( 8.262572811170464600, 26.06229349947067300, -10.06128494403050800 ) ) ;
#9627 = AXIS2_PLACEMENT_3D ( 'NONE', #4437, #9965, #5211 ) ;
#9628 = DIRECTION ( 'NONE',  ( 0.0000000000000000000, -0.0000000000000000000, 1.000000000000000000 ) ) ;
#9629 = ORIENTED_EDGE ( 'NONE', *, *, #7281, .T. ) ;
#9630 = ORIENTED_EDGE ( 'NONE', *, *, #2583, .F. ) ;
#9631 = CYLINDRICAL_SURFACE ( 'NONE', #973, 7.400000000000000400 ) ;
#9632 =( NAMED_UNIT ( * ) PLANE_ANGLE_UNIT ( ) SI_UNIT ( $, .RADIAN. ) );
#9633 =( NAMED_UNIT ( * ) SI_UNIT ( $, .STERADIAN. ) SOLID_ANGLE_UNIT ( ) );
#9634 = VERTEX_POINT ( 'NONE', #3762 ) ;
#9635 = CARTESIAN_POINT ( 'NONE',  ( 0.9999953779657178000, 24.66229349947143800, -10.06500000000000100 ) ) ;
#9636 = CARTESIAN_POINT ( 'NONE',  ( 3.451918204600273200, 31.57078865555121200, -9.995704663901641100 ) ) ;
#9637 = ORIENTED_EDGE ( 'NONE', *, *, #3065, .T. ) ;
#9638 = ORIENTED_EDGE ( 'NONE', *, *, #1002, .T. ) ;
#9639 =( LENGTH_UNIT ( ) NAMED_UNIT ( * ) SI_UNIT ( .MILLI., .METRE. ) );
#9640 = VERTEX_POINT ( 'NONE', #8449 ) ;
#9641 = DIRECTION ( 'NONE',  ( -1.000000000000000000, 0.0000000000000000000, 0.0000000000000000000 ) ) ;
#9642 = SURFACE_STYLE_FILL_AREA ( #5824 ) ;
#9643 = VERTEX_POINT ( 'NONE', #3002 ) ;
#9644 = CARTESIAN_POINT ( 'NONE',  ( -2.284231929551255200, 31.12848064106738700, -12.11258825999507700 ) ) ;
#9645 = ADVANCED_FACE ( 'NONE', ( #3995 ), #9241, .F. ) ;
#9646 = COLOUR_RGB ( '',0.0000000000000000000, 0.0000000000000000000, 1.000000000000000000 ) ;
#9647 = ORIENTED_EDGE ( 'NONE', *, *, #4172, .F. ) ;
#9648 = ORIENTED_EDGE ( 'NONE', *, *, #3365, .F. ) ;
#9649 = CARTESIAN_POINT ( 'NONE',  ( 6.934873414873033300, 28.80032098515495100, -9.900056930338355000 ) ) ;
#9650 = FILL_AREA_STYLE ('',( #3383 ) ) ;
#9651 = SURFACE_STYLE_USAGE ( .BOTH. , #7069 ) ;
#9652 = EDGE_CURVE ( 'NONE', #4530, #9487, #8164, .T. ) ;
#9653 = ORIENTED_EDGE ( 'NONE', *, *, #1465, .F. ) ;
#9654 = EDGE_CURVE ( 'NONE', #8660, #8147, #7191, .T. ) ;
#9655 = ORIENTED_EDGE ( 'NONE', *, *, #4853, .F. ) ;
#9656 = DIRECTION ( 'NONE',  ( -0.0000000000000000000, -0.0000000000000000000, 1.000000000000000000 ) ) ;
#9657 = PRESENTATION_LAYER_ASSIGNMENT (  '', '', ( #9115 ) ) ;
#9658 = DIRECTION ( 'NONE',  ( 0.0000000000000000000, -0.0000000000000000000, 1.000000000000000000 ) ) ;
#9659 = FILL_AREA_STYLE_COLOUR ( '', #4452 ) ;
#9660 = CARTESIAN_POINT ( 'NONE',  ( -2.999999999472504600, 21.76229614966530700, -12.49000000000000200 ) ) ;
#9661 = DIRECTION ( 'NONE',  ( 0.0000000000000000000, -0.0000000000000000000, 1.000000000000000000 ) ) ;
#9662 = COLOUR_RGB ( '',1.000000000000000000, 1.000000000000000000, 1.000000000000000000 ) ;
#9663 = COLOUR_RGB ( '',1.000000000000000000, 0.0000000000000000000, 1.000000000000000000 ) ;
#9664 = EDGE_CURVE ( 'NONE', #7846, #4144, #9251, .T. ) ;
#9665 = ORIENTED_EDGE ( 'NONE', *, *, #4761, .T. ) ;
#9666 = EDGE_CURVE ( 'NONE', #6425, #8285, #1202, .T. ) ;
#9667 = FILL_AREA_STYLE ('',( #6359 ) ) ;
#9668 = MECHANICAL_DESIGN_GEOMETRIC_PRESENTATION_REPRESENTATION (  '', ( #8616 ), #124 ) ;
#9669 = STYLED_ITEM ( 'NONE', ( #3494 ), #9457 ) ;
#9670 = FACE_OUTER_BOUND ( 'NONE', #7576, .T. ) ;
#9671 = CARTESIAN_POINT ( 'NONE',  ( 3.837648678512799900, 31.49659841993659300, -10.06500000000000100 ) ) ;
#9672 = ORIENTED_EDGE ( 'NONE', *, *, #649, .T. ) ;
#9673 =( GEOMETRIC_REPRESENTATION_CONTEXT ( 3 ) GLOBAL_UNCERTAINTY_ASSIGNED_CONTEXT ( ( #9081 ) ) GLOBAL_UNIT_ASSIGNED_CONTEXT ( ( #5229, #685, #6053 ) ) REPRESENTATION_CONTEXT ( 'NONE', 'WORKASPACE' ) );
#9674 = DIRECTION ( 'NONE',  ( 0.0000000000000000000, 0.0000000000000000000, -1.000000000000000000 ) ) ;
#9675 = DIRECTION ( 'NONE',  ( 0.0000000000000000000, 0.0000000000000000000, -1.000000000000000000 ) ) ;
#9676 = PRESENTATION_STYLE_ASSIGNMENT (( #3036 ) ) ;
#9677 = EDGE_CURVE ( 'NONE', #6302, #5415, #5431, .T. ) ;
#9678 = FILL_AREA_STYLE ('',( #6465 ) ) ;
#9679 = ORIENTED_EDGE ( 'NONE', *, *, #7098, .F. ) ;
#9680 = FACE_OUTER_BOUND ( 'NONE', #7209, .T. ) ;
#9681 = PRESENTATION_LAYER_ASSIGNMENT (  '', '', ( #8636 ) ) ;
#9682 = VECTOR ( 'NONE', #10050, 1000.000000000000000 ) ;
#9683 = ORIENTED_EDGE ( 'NONE', *, *, #3187, .T. ) ;
#9684 = ORIENTED_EDGE ( 'NONE', *, *, #6679, .F. ) ;
#9685 = CYLINDRICAL_SURFACE ( 'NONE', #5111, 0.2000000000000000900 ) ;
#9686 = PRESENTATION_STYLE_ASSIGNMENT (( #6965 ) ) ;
#9687 = APPLICATION_PROTOCOL_DEFINITION ( 'draft international standard', 'automotive_design', 1998, #4180 ) ;
#9688 = SURFACE_STYLE_USAGE ( .BOTH. , #9717 ) ;
#9689 = VERTEX_POINT ( 'NONE', #4613 ) ;
#9690 = ORIENTED_EDGE ( 'NONE', *, *, #5613, .F. ) ;
#9691 = CARTESIAN_POINT ( 'NONE',  ( -0.9499999994725048000, 20.66229349947143800, -12.44000000000000100 ) ) ;
#9692 =( NAMED_UNIT ( * ) PLANE_ANGLE_UNIT ( ) SI_UNIT ( $, .RADIAN. ) );
#9693 = DIRECTION ( 'NONE',  ( -1.000000000000000000, 0.0000000000000000000, 0.0000000000000000000 ) ) ;
#9694 = COLOUR_RGB ( '',1.000000000000000000, 0.0000000000000000000, 1.000000000000000000 ) ;
#9695 =( NAMED_UNIT ( * ) SI_UNIT ( $, .STERADIAN. ) SOLID_ANGLE_UNIT ( ) );
#9696 = DIRECTION ( 'NONE',  ( 0.0000000000000000000, -0.0000000000000000000, 1.000000000000000000 ) ) ;
#9697 = CARTESIAN_POINT ( 'NONE',  ( -2.513759998929610000, 28.36077100000000000, -12.49000000000000200 ) ) ;
#9698 = ORIENTED_EDGE ( 'NONE', *, *, #6133, .T. ) ;
#9699 = STYLED_ITEM ( 'NONE', ( #8468 ), #7366 ) ;
#9700 = FACE_OUTER_BOUND ( 'NONE', #2604, .T. ) ;
#9701 = FILL_AREA_STYLE ('',( #8920 ) ) ;
#9702 = FILL_AREA_STYLE ('',( #1138 ) ) ;
#9703 = CYLINDRICAL_SURFACE ( 'NONE', #7591, 0.1999999999999996500 ) ;
#9704 = EDGE_CURVE ( 'NONE', #6269, #8161, #9002, .T. ) ;
#9705 = EDGE_CURVE ( 'NONE', #1693, #6231, #3026, .T. ) ;
#9706 = ORIENTED_EDGE ( 'NONE', *, *, #9063, .T. ) ;
#9707 = STYLED_ITEM ( 'NONE', ( #5673 ), #2058 ) ;
#9708 = FILL_AREA_STYLE ('',( #2687 ) ) ;
#9709 = LINE ( 'NONE', #9880, #5500 ) ;
#9710 = PRESENTATION_STYLE_ASSIGNMENT (( #4461 ) ) ;
#9711 = SURFACE_STYLE_FILL_AREA ( #3181 ) ;
#9712 = ORIENTED_EDGE ( 'NONE', *, *, #5588, .F. ) ;
#9713 = UNCERTAINTY_MEASURE_WITH_UNIT (LENGTH_MEASURE( 1.000000000000000100E-005 ), #1414, 'distance_accuracy_value', 'NONE');
#9714 = EDGE_CURVE ( 'NONE', #8748, #3390, #4659, .T. ) ;
#9715 = EDGE_LOOP ( 'NONE', ( #282, #103, #4148, #5640 ) ) ;
#9716 = UNCERTAINTY_MEASURE_WITH_UNIT (LENGTH_MEASURE( 1.000000000000000100E-005 ), #2237, 'distance_accuracy_value', 'NONE');
#9717 = SURFACE_SIDE_STYLE ('',( #8191 ) ) ;
#9718 = AXIS2_PLACEMENT_3D ( 'NONE', #5289, #7082, #5250 ) ;
#9719 = CARTESIAN_POINT ( 'NONE',  ( 5.751561865019371400, 30.21361934687337600, -9.972081806393047600 ) ) ;
#9720 = STYLED_ITEM ( 'NONE', ( #8922 ), #9011 ) ;
#9721 = CYLINDRICAL_SURFACE ( 'NONE', #8756, 7.400000000000000400 ) ;
#9722 = ORIENTED_EDGE ( 'NONE', *, *, #4717, .T. ) ;
#9723 = ORIENTED_EDGE ( 'NONE', *, *, #4476, .T. ) ;
#9724 = UNCERTAINTY_MEASURE_WITH_UNIT (LENGTH_MEASURE( 1.000000000000000100E-005 ), #8597, 'distance_accuracy_value', 'NONE');
#9725 =( LENGTH_UNIT ( ) NAMED_UNIT ( * ) SI_UNIT ( .MILLI., .METRE. ) );
#9726 = SURFACE_STYLE_FILL_AREA ( #6065 ) ;
#9727 = CARTESIAN_POINT ( 'NONE',  ( 0.9999953779657178000, 24.66229349947143800, -12.26500000000000200 ) ) ;
#9728 = AXIS2_PLACEMENT_3D ( 'NONE', #7802, #7756, #7725 ) ;
#9729 = SURFACE_STYLE_FILL_AREA ( #4694 ) ;
#9730 = DIRECTION ( 'NONE',  ( 0.9927738916792685500, 0.1199999999999998400, 0.0000000000000000000 ) ) ;
#9731 = DIRECTION ( 'NONE',  ( -0.0000000000000000000, -0.0000000000000000000, 1.000000000000000000 ) ) ;
#9732 = FACE_OUTER_BOUND ( 'NONE', #5183, .T. ) ;
#9733 = ORIENTED_EDGE ( 'NONE', *, *, #3229, .F. ) ;
#9734 = CARTESIAN_POINT ( 'NONE',  ( 1.000000000527495600, 24.86229299947142100, -9.540000000000000900 ) ) ;
#9735 = VECTOR ( 'NONE', #5439, 1000.000000000000000 ) ;
#9736 = EDGE_LOOP ( 'NONE', ( #4451, #478, #6795, #5371 ) ) ;
#9737 =( GEOMETRIC_REPRESENTATION_CONTEXT ( 3 ) GLOBAL_UNCERTAINTY_ASSIGNED_CONTEXT ( ( #680 ) ) GLOBAL_UNIT_ASSIGNED_CONTEXT ( ( #922, #6286, #1677 ) ) REPRESENTATION_CONTEXT ( 'NONE', 'WORKASPACE' ) );
#9738 = CARTESIAN_POINT ( 'NONE',  ( -0.5389322055990147800, 30.26166322722149000, -12.26500000000000200 ) ) ;
#9739 =( GEOMETRIC_REPRESENTATION_CONTEXT ( 3 ) GLOBAL_UNCERTAINTY_ASSIGNED_CONTEXT ( ( #819 ) ) GLOBAL_UNIT_ASSIGNED_CONTEXT ( ( #6717, #5868, #5835 ) ) REPRESENTATION_CONTEXT ( 'NONE', 'WORKASPACE' ) );
#9740 = VERTEX_POINT ( 'NONE', #1621 ) ;
#9741 = ORIENTED_EDGE ( 'NONE', *, *, #6341, .F. ) ;
#9742 = VERTEX_POINT ( 'NONE', #6164 ) ;
#9743 = VERTEX_POINT ( 'NONE', #3138 ) ;
#9744 = CARTESIAN_POINT ( 'NONE',  ( 0.9999953779657178000, 25.66229349947143500, -9.765000000000000600 ) ) ;
#9745 = LINE ( 'NONE', #2884, #7666 ) ;
#9746 = AXIS2_PLACEMENT_3D ( 'NONE', #9894, #5143, #585 ) ;
#9747 = CARTESIAN_POINT ( 'NONE',  ( 4.274084942578158900, 31.15740672802176900, -12.09135870056089100 ) ) ;
#9748 = FILL_AREA_STYLE ('',( #9592 ) ) ;
#9749 = VECTOR ( 'NONE', #1432, 1000.000000000000000 ) ;
#9750 = VERTEX_POINT ( 'NONE', #7860 ) ;
#9751 = PRESENTATION_STYLE_ASSIGNMENT (( #794 ) ) ;
#9752 = ORIENTED_EDGE ( 'NONE', *, *, #7469, .F. ) ;
#9753 = VERTEX_POINT ( 'NONE', #7063 ) ;
#9754 = CARTESIAN_POINT ( 'NONE',  ( -4.552453961876661700, 25.86229349947144100, -11.99000000000000200 ) ) ;
#9755 = PRESENTATION_LAYER_ASSIGNMENT (  '', '', ( #8715 ) ) ;
#9756 = CARTESIAN_POINT ( 'NONE',  ( 6.702453769200101200, 25.86229349947144100, -11.84000000000000200 ) ) ;
#9757 = FILL_AREA_STYLE ('',( #7144 ) ) ;
#9758 = DIRECTION ( 'NONE',  ( 0.7071067811865460200, 0.0000000000000000000, 0.7071067811865490200 ) ) ;
#9759 = VERTEX_POINT ( 'NONE', #5346 ) ;
#9760 = CARTESIAN_POINT ( 'NONE',  ( -3.049999999472504900, 20.66229349947143800, -11.84000000000000200 ) ) ;
#9761 = COLOUR_RGB ( '',0.0000000000000000000, 0.0000000000000000000, 1.000000000000000000 ) ;
#9762 = VERTEX_POINT ( 'NONE', #8634 ) ;
#9763 = DIRECTION ( 'NONE',  ( 0.0000000000000000000, 0.0000000000000000000, -1.000000000000000000 ) ) ;
#9764 = DIRECTION ( 'NONE',  ( -1.000000000000000000, 0.0000000000000000000, 0.0000000000000000000 ) ) ;
#9765 = DIRECTION ( 'NONE',  ( 1.251002506714041100E-016, 1.000000000000000000, 0.0000000000000000000 ) ) ;
#9766 = PRESENTATION_LAYER_ASSIGNMENT (  '', '', ( #8204 ) ) ;
#9767 = VERTEX_POINT ( 'NONE', #2401 ) ;
#9768 = EDGE_CURVE ( 'NONE', #591, #6715, #4815, .T. ) ;
#9769 = SURFACE_STYLE_FILL_AREA ( #4994 ) ;
#9770 = DIRECTION ( 'NONE',  ( 0.0000000000000000000, -0.0000000000000000000, 1.000000000000000000 ) ) ;
#9771 = COLOUR_RGB ( '',1.000000000000000000, 0.0000000000000000000, 1.000000000000000000 ) ;
#9772 = EDGE_CURVE ( 'NONE', #7495, #6631, #2551, .T. ) ;
#9773 =( NAMED_UNIT ( * ) SI_UNIT ( $, .STERADIAN. ) SOLID_ANGLE_UNIT ( ) );
#9774 = MECHANICAL_DESIGN_GEOMETRIC_PRESENTATION_REPRESENTATION (  '', ( #8737 ), #237 ) ;
#9775 = VERTEX_POINT ( 'NONE', #4695 ) ;
#9776 = CARTESIAN_POINT ( 'NONE',  ( 0.9999953779657178000, 24.66229349947143800, -11.96500000000000200 ) ) ;
#9777 = LINE ( 'NONE', #2050, #5582 ) ;
#9778 = ORIENTED_EDGE ( 'NONE', *, *, #8265, .F. ) ;
#9779 = DIRECTION ( 'NONE',  ( 0.0000000000000000000, -1.000000000000000000, 0.0000000000000000000 ) ) ;
#9780 =( LENGTH_UNIT ( ) NAMED_UNIT ( * ) SI_UNIT ( .MILLI., .METRE. ) );
#9781 = CARTESIAN_POINT ( 'NONE',  ( -0.5955313811245757100, 31.88823941409236400, -11.96500000000000000 ) ) ;
#9782 = CARTESIAN_POINT ( 'NONE',  ( -2.449999999472502600, 20.96229614966531000, -12.44000000000000100 ) ) ;
#9783 = VERTEX_POINT ( 'NONE', #2436 ) ;
#9784 = MECHANICAL_DESIGN_GEOMETRIC_PRESENTATION_REPRESENTATION (  '', ( #8749 ), #248 ) ;
#9785 = EDGE_CURVE ( 'NONE', #9447, #5358, #747, .T. ) ;
#9786 = PLANE ( 'NONE',  #1300 ) ;
#9787 = CIRCLE ( 'NONE', #4301, 7.700000000000000200 ) ;
#9788 = PRESENTATION_STYLE_ASSIGNMENT (( #4723 ) ) ;
#9789 = ORIENTED_EDGE ( 'NONE', *, *, #2496, .T. ) ;
#9790 =( NAMED_UNIT ( * ) SI_UNIT ( $, .STERADIAN. ) SOLID_ANGLE_UNIT ( ) );
#9791 = PRESENTATION_LAYER_ASSIGNMENT (  '', '', ( #251 ) ) ;
#9792 = STYLED_ITEM ( 'NONE', ( #9090 ), #2364 ) ;
#9793 =( NAMED_UNIT ( * ) SI_UNIT ( $, .STERADIAN. ) SOLID_ANGLE_UNIT ( ) );
#9794 = B_SPLINE_CURVE_WITH_KNOTS ( 'NONE', 3,
 ( #8702, #7375, #3993, #9814 ),
 .UNSPECIFIED., .F., .F.,
 ( 4, 4 ),
 ( 0.0000000000000000000, 6.473316305723346500E-005 ),
 .UNSPECIFIED. ) ;
#9795 =( GEOMETRIC_REPRESENTATION_CONTEXT ( 3 ) GLOBAL_UNCERTAINTY_ASSIGNED_CONTEXT ( ( #6493 ) ) GLOBAL_UNIT_ASSIGNED_CONTEXT ( ( #9508, #4771, #207 ) ) REPRESENTATION_CONTEXT ( 'NONE', 'WORKASPACE' ) );
#9796 = COLOUR_RGB ( '',0.0000000000000000000, 0.0000000000000000000, 1.000000000000000000 ) ;
#9797 = SURFACE_STYLE_FILL_AREA ( #6253 ) ;
#9798 = AXIS2_PLACEMENT_3D ( 'NONE', #7315, #2651, #8122 ) ;
#9799 = DIRECTION ( 'NONE',  ( 0.5051068786466111900, -0.8630568006474879100, -0.0000000000000000000 ) ) ;
#9800 = DIRECTION ( 'NONE',  ( 0.9927738916792686600, -0.1200000000000004700, 0.0000000000000000000 ) ) ;
#9801 = VECTOR ( 'NONE', #543, 1000.000000000000000 ) ;
#9802 = ORIENTED_EDGE ( 'NONE', *, *, #4058, .T. ) ;
#9803 = PRESENTATION_STYLE_ASSIGNMENT (( #5482 ) ) ;
#9804 =( NAMED_UNIT ( * ) SI_UNIT ( $, .STERADIAN. ) SOLID_ANGLE_UNIT ( ) );
#9805 = LINE ( 'NONE', #4482, #1780 ) ;
#9806 = PRESENTATION_LAYER_ASSIGNMENT (  '', '', ( #8768 ) ) ;
#9807 = DIRECTION ( 'NONE',  ( 0.0000000000000000000, 0.0000000000000000000, -1.000000000000000000 ) ) ;
#9808 = SURFACE_STYLE_USAGE ( .BOTH. , #4289 ) ;
#9809 = ORIENTED_EDGE ( 'NONE', *, *, #5540, .F. ) ;
#9810 = ORIENTED_EDGE ( 'NONE', *, *, #5627, .F. ) ;
#9811 = SURFACE_STYLE_FILL_AREA ( #8436 ) ;
#9812 =( LENGTH_UNIT ( ) NAMED_UNIT ( * ) SI_UNIT ( .MILLI., .METRE. ) );
#9813 = CIRCLE ( 'NONE', #5692, 7.400000000000000400 ) ;
#9814 = CARTESIAN_POINT ( 'NONE',  ( 2.590217405403266500, 31.84248187391380800, -10.01917644532853100 ) ) ;
#9815 = PRESENTATION_STYLE_ASSIGNMENT (( #7252 ) ) ;
#9816 = CARTESIAN_POINT ( 'NONE',  ( 4.450000000527496400, 21.96229349947143900, -12.54000000000000300 ) ) ;
#9817 = EDGE_CURVE ( 'NONE', #6900, #9423, #492, .T. ) ;
#9818 = DIRECTION ( 'NONE',  ( 0.0000000000000000000, 0.0000000000000000000, -1.000000000000000000 ) ) ;
#9819 = LINE ( 'NONE', #5547, #5624 ) ;
#9820 = CIRCLE ( 'NONE', #3830, 7.400000000000000400 ) ;
#9821 = ORIENTED_EDGE ( 'NONE', *, *, #4188, .F. ) ;
#9822 = ORIENTED_EDGE ( 'NONE', *, *, #5916, .F. ) ;
#9823 =( GEOMETRIC_REPRESENTATION_CONTEXT ( 3 ) GLOBAL_UNCERTAINTY_ASSIGNED_CONTEXT ( ( #2766 ) ) GLOBAL_UNIT_ASSIGNED_CONTEXT ( ( #4572, #21, #5340 ) ) REPRESENTATION_CONTEXT ( 'NONE', 'WORKASPACE' ) );
#9824 = ORIENTED_EDGE ( 'NONE', *, *, #2352, .T. ) ;
#9825 = DIRECTION ( 'NONE',  ( 0.0000000000000000000, 0.0000000000000000000, -1.000000000000000000 ) ) ;
#9826 =( NAMED_UNIT ( * ) PLANE_ANGLE_UNIT ( ) SI_UNIT ( $, .RADIAN. ) );
#9827 =( NAMED_UNIT ( * ) PLANE_ANGLE_UNIT ( ) SI_UNIT ( $, .RADIAN. ) );
#9828 = COLOUR_RGB ( '',1.000000000000000000, 1.000000000000000000, 1.000000000000000000 ) ;
#9829 = CIRCLE ( 'NONE', #7699, 7.400000000000000400 ) ;
#9830 = EDGE_CURVE ( 'NONE', #4094, #6302, #6411, .T. ) ;
#9831 = LINE ( 'NONE', #2348, #7492 ) ;
#9832 = CIRCLE ( 'NONE', #418, 7.400000000000000400 ) ;
#9833 = ORIENTED_EDGE ( 'NONE', *, *, #1014, .F. ) ;
#9834 = UNCERTAINTY_MEASURE_WITH_UNIT (LENGTH_MEASURE( 1.000000000000000100E-005 ), #2827, 'distance_accuracy_value', 'NONE');
#9835 = EDGE_CURVE ( 'NONE', #9640, #5149, #2302, .T. ) ;
#9836 = PRESENTATION_LAYER_ASSIGNMENT (  '', '', ( #9328 ) ) ;
#9837 = ORIENTED_EDGE ( 'NONE', *, *, #9714, .T. ) ;
#9838 = DIRECTION ( 'NONE',  ( -1.000000000000000000, 0.0000000000000000000, 0.0000000000000000000 ) ) ;
#9839 = FACE_OUTER_BOUND ( 'NONE', #7371, .T. ) ;
#9840 = ORIENTED_EDGE ( 'NONE', *, *, #1218, .T. ) ;
#9841 = CARTESIAN_POINT ( 'NONE',  ( 7.656483485089984800, 27.82992729710646200, -11.99324731488709600 ) ) ;
#9842 = PRESENTATION_STYLE_ASSIGNMENT (( #7721 ) ) ;
#9843 = DIRECTION ( 'NONE',  ( -1.000000000000000000, 0.0000000000000000000, 0.0000000000000000000 ) ) ;
#9844 = COLOUR_RGB ( '',1.000000000000000000, 0.0000000000000000000, 1.000000000000000000 ) ;
#9845 = EDGE_CURVE ( 'NONE', #7857, #6231, #6648, .T. ) ;
#9846 = VECTOR ( 'NONE', #3325, 1000.000000000000000 ) ;
#9847 = EDGE_CURVE ( 'NONE', #1951, #7947, #2525, .T. ) ;
#9848 = ORIENTED_EDGE ( 'NONE', *, *, #301, .T. ) ;
#9849 = AXIS2_PLACEMENT_3D ( 'NONE', #7774, #3893, #4568 ) ;
#9850 = CARTESIAN_POINT ( 'NONE',  ( 0.9999953779657178000, 24.66229349947143800, -11.96500000000000200 ) ) ;
#9851 = FACE_OUTER_BOUND ( 'NONE', #7800, .T. ) ;
#9852 = AXIS2_PLACEMENT_3D ( 'NONE', #6594, #1978, #7403 ) ;
#9853 = DIRECTION ( 'NONE',  ( 0.0000000000000000000, 0.0000000000000000000, -1.000000000000000000 ) ) ;
#9854 =( GEOMETRIC_REPRESENTATION_CONTEXT ( 3 ) GLOBAL_UNCERTAINTY_ASSIGNED_CONTEXT ( ( #4334 ) ) GLOBAL_UNIT_ASSIGNED_CONTEXT ( ( #2799, #8256, #3541 ) ) REPRESENTATION_CONTEXT ( 'NONE', 'WORKASPACE' ) );
#9855 = CARTESIAN_POINT ( 'NONE',  ( -3.299999999472504400, 21.76229614966530700, -12.44000000000000100 ) ) ;
#9856 = DIRECTION ( 'NONE',  ( 1.000000000000000000, -0.0000000000000000000, 0.0000000000000000000 ) ) ;
#9857 = EDGE_CURVE ( 'NONE', #239, #2519, #6393, .T. ) ;
#9858 =( LENGTH_UNIT ( ) NAMED_UNIT ( * ) SI_UNIT ( .MILLI., .METRE. ) );
#9859 = ORIENTED_EDGE ( 'NONE', *, *, #1536, .T. ) ;
#9860 = B_SPLINE_CURVE_WITH_KNOTS ( 'NONE', 3,
 ( #9649, #1817, #3382, #5034, #463, #5823, #1220, #2004 ),
 .UNSPECIFIED., .F., .F.,
 ( 4, 2, 2, 4 ),
 ( 0.0002526332989707503300, 0.0003774333018423151800, 0.0005022333047138800400, 0.0007518333104570118100 ),
 .UNSPECIFIED. ) ;
#9861 =( NAMED_UNIT ( * ) PLANE_ANGLE_UNIT ( ) SI_UNIT ( $, .RADIAN. ) );
#9862 = CARTESIAN_POINT ( 'NONE',  ( -5.244470385377654900, 28.63301727863720500, -11.96500000000000200 ) ) ;
#9863 = CARTESIAN_POINT ( 'NONE',  ( -6.036964007972798600, 25.86229349947143800, -12.22645766577231200 ) ) ;
#9864 = SURFACE_STYLE_FILL_AREA ( #5974 ) ;
#9865 = CARTESIAN_POINT ( 'NONE',  ( 6.930118156454693900, 25.86229349947143800, -12.26500000000000200 ) ) ;
#9866 = ORIENTED_EDGE ( 'NONE', *, *, #8116, .T. ) ;
#9867 = ORIENTED_EDGE ( 'NONE', *, *, #468, .T. ) ;
#9868 = ORIENTED_EDGE ( 'NONE', *, *, #8657, .F. ) ;
#9869 =( GEOMETRIC_REPRESENTATION_CONTEXT ( 3 ) GLOBAL_UNCERTAINTY_ASSIGNED_CONTEXT ( ( #10018 ) ) GLOBAL_UNIT_ASSIGNED_CONTEXT ( ( #6818, #2170, #7620 ) ) REPRESENTATION_CONTEXT ( 'NONE', 'WORKASPACE' ) );
#9870 = ORIENTED_EDGE ( 'NONE', *, *, #6821, .F. ) ;
#9871 = AXIS2_PLACEMENT_3D ( 'NONE', #1132, #328, #7332 ) ;
#9873 = CARTESIAN_POINT ( 'NONE',  ( 7.681825340238310300, 27.84241116321852500, -11.96500000000000200 ) ) ;
#9872 =( NAMED_UNIT ( * ) PLANE_ANGLE_UNIT ( ) SI_UNIT ( $, .RADIAN. ) );
#9874 = CARTESIAN_POINT ( 'NONE',  ( 5.050000000527496100, 21.96229349947143600, -12.54000000000000300 ) ) ;
#9875 = ORIENTED_EDGE ( 'NONE', *, *, #9847, .F. ) ;
#9876 =( NAMED_UNIT ( * ) PLANE_ANGLE_UNIT ( ) SI_UNIT ( $, .RADIAN. ) );
#9877 = LINE ( 'NONE', #2028, #7079 ) ;
#9878 = CARTESIAN_POINT ( 'NONE',  ( 7.681825340238310300, 27.84241116321852500, -10.06500000000000100 ) ) ;
#9879 = DIRECTION ( 'NONE',  ( 0.0000000000000000000, -0.0000000000000000000, 1.000000000000000000 ) ) ;
#9880 = CARTESIAN_POINT ( 'NONE',  ( 6.602453769200107700, 25.61229242923305800, -12.49000000000000200 ) ) ;
#9881 = ORIENTED_EDGE ( 'NONE', *, *, #2712, .F. ) ;
#9882 = CARTESIAN_POINT ( 'NONE',  ( 6.699991030787229500, 21.16228799945011100, -9.540000000000000900 ) ) ;
#9883 = SURFACE_STYLE_FILL_AREA ( #3261 ) ;
#9884 =( NAMED_UNIT ( * ) SI_UNIT ( $, .STERADIAN. ) SOLID_ANGLE_UNIT ( ) );
#9885 = CARTESIAN_POINT ( 'NONE',  ( 6.852453769200100600, 26.46229349947144300, -12.54000000000000300 ) ) ;
#9886 = COLOUR_RGB ( '',1.000000000000000000, 0.0000000000000000000, 1.000000000000000000 ) ;
#9887 = EDGE_CURVE ( 'NONE', #9268, #7400, #259, .T. ) ;
#9888 = CARTESIAN_POINT ( 'NONE',  ( 2.050000000527496100, 21.96229349947142100, -12.54000000000000300 ) ) ;
#9889 = VECTOR ( 'NONE', #7070, 1000.000000000000000 ) ;
#9890 = EDGE_CURVE ( 'NONE', #8477, #9066, #8485, .T. ) ;
#9891 = DIRECTION ( 'NONE',  ( 1.000000000000000000, 0.0000000000000000000, 0.0000000000000000000 ) ) ;
#9892 = VECTOR ( 'NONE', #8469, 1000.000000000000000 ) ;
#9893 = DIRECTION ( 'NONE',  ( -1.000000000000000000, 0.0000000000000000000, 0.0000000000000000000 ) ) ;
#9894 = CARTESIAN_POINT ( 'NONE',  ( 1.450000000527496400, 20.66229349947143800, -12.54000000000000300 ) ) ;
#9895 = ORIENTED_EDGE ( 'NONE', *, *, #7024, .F. ) ;
#9896 = CARTESIAN_POINT ( 'NONE',  ( 3.964603570568365800, 29.61132263784087100, -9.765000000000000600 ) ) ;
#9897 =( GEOMETRIC_REPRESENTATION_CONTEXT ( 3 ) GLOBAL_UNCERTAINTY_ASSIGNED_CONTEXT ( ( #4230 ) ) GLOBAL_UNIT_ASSIGNED_CONTEXT ( ( #4314, #9826, #5081 ) ) REPRESENTATION_CONTEXT ( 'NONE', 'WORKASPACE' ) );
#9898 = SURFACE_STYLE_FILL_AREA ( #236 ) ;
#9899 = EDGE_CURVE ( 'NONE', #6358, #1611, #2279, .T. ) ;
#9900 = SURFACE_STYLE_USAGE ( .BOTH. , #4376 ) ;
#9901 = ORIENTED_EDGE ( 'NONE', *, *, #1907, .T. ) ;
#9902 = PLANE ( 'NONE',  #631 ) ;
#9903 = VECTOR ( 'NONE', #2762, 1000.000000000000000 ) ;
#9904 = ORIENTED_EDGE ( 'NONE', *, *, #662, .F. ) ;
#9905 = PLANE ( 'NONE',  #414 ) ;
#9906 = CARTESIAN_POINT ( 'NONE',  ( -3.801147254458476300, 30.29337060985794800, -11.96500000000000000 ) ) ;
#9907 = PRESENTATION_LAYER_ASSIGNMENT (  '', '', ( #8872 ) ) ;
#9908 = COLOUR_RGB ( '',1.000000000000000000, 1.000000000000000000, 1.000000000000000000 ) ;
#9909 = DIRECTION ( 'NONE',  ( 0.0000000000000000000, -0.0000000000000000000, 1.000000000000000000 ) ) ;
#9910 = FACE_OUTER_BOUND ( 'NONE', #6570, .T. ) ;
#9911 = CARTESIAN_POINT ( 'NONE',  ( 2.099995377965719000, 31.98008005006171900, -10.21193647922733100 ) ) ;
#9912 = EDGE_LOOP ( 'NONE', ( #8990, #594, #3152, #7380 ) ) ;
#9913 = ORIENTED_EDGE ( 'NONE', *, *, #7609, .F. ) ;
#9914 = ORIENTED_EDGE ( 'NONE', *, *, #422, .F. ) ;
#9915 = COLOUR_RGB ( '',1.000000000000000000, 0.0000000000000000000, 1.000000000000000000 ) ;
#9916 = FILL_AREA_STYLE_COLOUR ( '', #5908 ) ;
#9917 = MECHANICAL_DESIGN_GEOMETRIC_PRESENTATION_REPRESENTATION (  '', ( #8884 ), #357 ) ;
#9918 = LINE ( 'NONE', #2290, #7872 ) ;
#9919 = EDGE_CURVE ( 'NONE', #6070, #1962, #3902, .T. ) ;
#9920 = SURFACE_STYLE_USAGE ( .BOTH. , #4397 ) ;
#9921 = CARTESIAN_POINT ( 'NONE',  ( -0.9499999994725030200, 20.66229349947143800, -11.84000000000000200 ) ) ;
#9922 = DIRECTION ( 'NONE',  ( 0.0000000000000000000, -1.000000000000000000, 0.0000000000000000000 ) ) ;
#9923 = ORIENTED_EDGE ( 'NONE', *, *, #8929, .T. ) ;
#9924 =( NAMED_UNIT ( * ) PLANE_ANGLE_UNIT ( ) SI_UNIT ( $, .RADIAN. ) );
#9925 = AXIS2_PLACEMENT_3D ( 'NONE', #1529, #6970, #2318 ) ;
#9926 = ORIENTED_EDGE ( 'NONE', *, *, #9887, .F. ) ;
#9927 = CYLINDRICAL_SURFACE ( 'NONE', #2432, 0.2000000000000000900 ) ;
#9928 = CYLINDRICAL_SURFACE ( 'NONE', #8128, 0.3000000000000007700 ) ;
#9929 = PRESENTATION_LAYER_ASSIGNMENT (  '', '', ( #8893 ) ) ;
#9930 = DIRECTION ( 'NONE',  ( -0.5029302120051526400, -0.8643270225166238600, 0.0000000000000000000 ) ) ;
#9931 = DIRECTION ( 'NONE',  ( 0.0000000000000000000, -1.000000000000000000, 0.0000000000000000000 ) ) ;
#9932 = SURFACE_STYLE_FILL_AREA ( #1334 ) ;
#9933 = CARTESIAN_POINT ( 'NONE',  ( -3.843634395923538600, 27.63030919068990700, -12.49000000000000200 ) ) ;
#9934 = CARTESIAN_POINT ( 'NONE',  ( -3.049999999472504400, 21.96229349947143600, -12.54000000000000300 ) ) ;
#9935 = VECTOR ( 'NONE', #8111, 1000.000000000000000 ) ;
#9936 = MECHANICAL_DESIGN_GEOMETRIC_PRESENTATION_REPRESENTATION (  '', ( #8903 ), #373 ) ;
#9937 = FACE_OUTER_BOUND ( 'NONE', #9596, .T. ) ;
#9938 = CARTESIAN_POINT ( 'NONE',  ( 6.384846271614252400, 29.51713031400116800, -9.915245488432832500 ) ) ;
#9939 = CARTESIAN_POINT ( 'NONE',  ( 3.550000000527496500, 20.66229349947143800, -11.84000000000000200 ) ) ;
#9940 = CARTESIAN_POINT ( 'NONE',  ( 3.837648678512799900, 31.49659841993659300, -11.96500000000000200 ) ) ;
#9941 = ORIENTED_EDGE ( 'NONE', *, *, #1411, .F. ) ;
#9942 = DIRECTION ( 'NONE',  ( 0.0000000000000000000, 0.0000000000000000000, 1.000000000000000000 ) ) ;
#9943 = AXIS2_PLACEMENT_3D ( 'NONE', #4120, #9616, #4878 ) ;
#9944 = SURFACE_STYLE_FILL_AREA ( #3734 ) ;
#9945 = LINE ( 'NONE', #9409, #7622 ) ;
#9946 = LINE ( 'NONE', #206, #3700 ) ;
#9947 = VERTEX_POINT ( 'NONE', #1792 ) ;
#9948 = PLANE ( 'NONE',  #8213 ) ;
#9949 = FACE_OUTER_BOUND ( 'NONE', #6579, .T. ) ;
#9950 = CARTESIAN_POINT ( 'NONE',  ( 6.552453769200100800, 25.86229349947144100, -11.99000000000000200 ) ) ;
#9951 = VERTEX_POINT ( 'NONE', #2568 ) ;
#9952 = PRESENTATION_STYLE_ASSIGNMENT (( #5491 ) ) ;
#9953 = PRESENTATION_STYLE_ASSIGNMENT (( #7185 ) ) ;
#9954 = FILL_AREA_STYLE_COLOUR ( '', #887 ) ;
#9955 = UNCERTAINTY_MEASURE_WITH_UNIT (LENGTH_MEASURE( 1.000000000000000100E-005 ), #4472, 'distance_accuracy_value', 'NONE');
#9956 = AXIS2_PLACEMENT_3D ( 'NONE', #9697, #4965, #384 ) ;
#9957 = SURFACE_STYLE_USAGE ( .BOTH. , #8260 ) ;
#9958 = SURFACE_SIDE_STYLE ('',( #6419 ) ) ;
#9959 = EDGE_LOOP ( 'NONE', ( #3765, #4447, #4579, #4847 ) ) ;
#9960 = DIRECTION ( 'NONE',  ( 0.0000000000000000000, -1.000000000000000000, 0.0000000000000000000 ) ) ;
#9961 = COLOUR_RGB ( '',1.000000000000000000, 0.0000000000000000000, 1.000000000000000000 ) ;
#9962 = CARTESIAN_POINT ( 'NONE',  ( 1.450000000527496400, 20.66229349947143800, -12.54000000000000300 ) ) ;
#9963 = ORIENTED_EDGE ( 'NONE', *, *, #7194, .T. ) ;
#9964 = ORIENTED_EDGE ( 'NONE', *, *, #6066, .T. ) ;
#9965 = DIRECTION ( 'NONE',  ( 0.0000000000000000000, 0.0000000000000000000, 1.000000000000000000 ) ) ;
#9966 = EDGE_CURVE ( 'NONE', #8192, #9775, #11, .T. ) ;
#9967 = MECHANICAL_DESIGN_GEOMETRIC_PRESENTATION_REPRESENTATION (  '', ( #7905 ), #403 ) ;
#9968 = CARTESIAN_POINT ( 'NONE',  ( 3.651918204600951500, 31.57078865555072900, -9.765000000000000600 ) ) ;
#9969 = FILL_AREA_STYLE_COLOUR ( '', #10051 ) ;
#9970 = CARTESIAN_POINT ( 'NONE',  ( -2.449999999472502600, 20.81229349947144100, -11.99000000000000200 ) ) ;
#9971 =( LENGTH_UNIT ( ) NAMED_UNIT ( * ) SI_UNIT ( .MILLI., .METRE. ) );
#9972 = LINE ( 'NONE', #6669, #1706 ) ;
#9973 = SURFACE_STYLE_USAGE ( .BOTH. , #8400 ) ;
#9974 = VERTEX_POINT ( 'NONE', #5574 ) ;
#9975 = VECTOR ( 'NONE', #3144, 1000.000000000000000 ) ;
#9976 = CARTESIAN_POINT ( 'NONE',  ( 3.507755720389355700, 31.43001842689747200, -12.14762260831731500 ) ) ;
#9977 = COLOUR_RGB ( '',1.000000000000000000, 0.0000000000000000000, 1.000000000000000000 ) ;
#9978 = AXIS2_PLACEMENT_3D ( 'NONE', #8313, #8620, #9579 ) ;
#9979 = EDGE_CURVE ( 'NONE', #940, #7824, #6129, .T. ) ;
#9980 = STYLED_ITEM ( 'NONE', ( #1361 ), #1685 ) ;
#9981 = EDGE_LOOP ( 'NONE', ( #7312, #3482, #8518, #3486 ) ) ;
#9982 = EDGE_LOOP ( 'NONE', ( #8250, #1762, #3078, #12 ) ) ;
#9983 = PRESENTATION_LAYER_ASSIGNMENT (  '', '', ( #8947 ) ) ;
#9984 = DIRECTION ( 'NONE',  ( 1.251002506714041100E-016, 1.000000000000000000, 0.0000000000000000000 ) ) ;
#9985 = EDGE_LOOP ( 'NONE', ( #140, #3564, #6002, #5757 ) ) ;
#9986 = ORIENTED_EDGE ( 'NONE', *, *, #2682, .F. ) ;
#9987 = VERTEX_POINT ( 'NONE', #9589 ) ;
#9988 = SURFACE_SIDE_STYLE ('',( #695 ) ) ;
#9989 = AXIS2_PLACEMENT_3D ( 'NONE', #6914, #2266, #7717 ) ;
#9990 = ORIENTED_EDGE ( 'NONE', *, *, #31, .F. ) ;
#9991 = STYLED_ITEM ( 'NONE', ( #5366 ), #3889 ) ;
#9992 = SURFACE_STYLE_USAGE ( .BOTH. , #4456 ) ;
#9993 = SURFACE_SIDE_STYLE ('',( #8585 ) ) ;
#9994 = VERTEX_POINT ( 'NONE', #3304 ) ;
#9995 = DIRECTION ( 'NONE',  ( 0.0000000000000000000, 0.0000000000000000000, -1.000000000000000000 ) ) ;
#9996 = EDGE_CURVE ( 'NONE', #2966, #7304, #9829, .T. ) ;
#9997 = VECTOR ( 'NONE', #2092, 1000.000000000000000 ) ;
#9998 = ORIENTED_EDGE ( 'NONE', *, *, #2405, .F. ) ;
#9999 = B_SPLINE_CURVE_WITH_KNOTS ( 'NONE', 3,
 ( #8526, #5347, #6988, #2334, #7785, #3104, #8568, #3865, #9361, #4615, #65, #5384, #833, #6202 ),
 .UNSPECIFIED., .F., .F.,
 ( 4, 2, 2, 2, 2, 2, 4 ),
 ( 0.0000000000000000000, 0.0001879583276142491300, 0.0002819374914213752800, 0.0003759166552285014000, 0.0004698958190356275800, 0.0005638749828427537000, 0.0007518333104570092000 ),
 .UNSPECIFIED. ) ;
#10000 = ORIENTED_EDGE ( 'NONE', *, *, #8785, .F. ) ;
#10001 = ORIENTED_EDGE ( 'NONE', *, *, #302, .T. ) ;
#10002 = DIRECTION ( 'NONE',  ( 0.0000000000000000000, 0.0000000000000000000, -1.000000000000000000 ) ) ;
#10003 = CARTESIAN_POINT ( 'NONE',  ( -4.714015584686597600, 29.36442904820769000, -10.06500000000000300 ) ) ;
#10004 =( LENGTH_UNIT ( ) NAMED_UNIT ( * ) SI_UNIT ( .MILLI., .METRE. ) );
#10005 = DIRECTION ( 'NONE',  ( 0.0000000000000000000, -1.000000000000000000, 0.0000000000000000000 ) ) ;
#10006 = PRESENTATION_LAYER_ASSIGNMENT (  '', '', ( #430 ) ) ;
#10007 = DIRECTION ( 'NONE',  ( -0.0000000000000000000, -0.0000000000000000000, 1.000000000000000000 ) ) ;
#10008 = ORIENTED_EDGE ( 'NONE', *, *, #7057, .F. ) ;
#10009 = CIRCLE ( 'NONE', #2903, 0.1999999999999996500 ) ;
#10010 = FILL_AREA_STYLE_COLOUR ( '', #3332 ) ;
#10011 = PRESENTATION_LAYER_ASSIGNMENT (  '', '', ( #8965 ) ) ;
#10012 = SURFACE_STYLE_USAGE ( .BOTH. , #3220 ) ;
#10013 =( NAMED_UNIT ( * ) SI_UNIT ( $, .STERADIAN. ) SOLID_ANGLE_UNIT ( ) );
#10014 = FILL_AREA_STYLE_COLOUR ( '', #1181 ) ;
#10015 = ORIENTED_EDGE ( 'NONE', *, *, #8040, .F. ) ;
#10016 = DIRECTION ( 'NONE',  ( 0.0000000000000000000, 0.0000000000000000000, -1.000000000000000000 ) ) ;
#10017 = UNCERTAINTY_MEASURE_WITH_UNIT (LENGTH_MEASURE( 1.000000000000000100E-005 ), #6223, 'distance_accuracy_value', 'NONE');
#10018 = UNCERTAINTY_MEASURE_WITH_UNIT (LENGTH_MEASURE( 1.000000000000000100E-005 ), #6818, 'distance_accuracy_value', 'NONE');
#10019 = FILL_AREA_STYLE_COLOUR ( '', #1722 ) ;
#10020 = CARTESIAN_POINT ( 'NONE',  ( -2.449999999472502600, 20.96229349947143900, -11.84000000000000200 ) ) ;
#10021 = PRESENTATION_LAYER_ASSIGNMENT (  '', '', ( #9523 ) ) ;
#10022 = VERTEX_POINT ( 'NONE', #6447 ) ;
#10023 = UNCERTAINTY_MEASURE_WITH_UNIT (LENGTH_MEASURE( 1.000000000000000100E-005 ), #7472, 'distance_accuracy_value', 'NONE');
#10024 = CARTESIAN_POINT ( 'NONE',  ( 7.020804404261006000, 28.96460202732961200, -11.96500000000000200 ) ) ;
#10025 = CIRCLE ( 'NONE', #7306, 0.5000000000000004400 ) ;
#10026 = CARTESIAN_POINT ( 'NONE',  ( 7.593443656959645500, 28.02182319754406900, -9.765000000000000600 ) ) ;
#10027 = EDGE_CURVE ( 'NONE', #6843, #3404, #7763, .T. ) ;
#10028 = SURFACE_STYLE_USAGE ( .BOTH. , #4492 ) ;
#10029 = EDGE_CURVE ( 'NONE', #7543, #4227, #5865, .T. ) ;
#10030 = DIRECTION ( 'NONE',  ( -1.000000000000000000, 0.0000000000000000000, 0.0000000000000000000 ) ) ;
#10031 = CARTESIAN_POINT ( 'NONE',  ( -6.164532372031683100, 25.88130209672960900, -9.932420081067274300 ) ) ;
#10032 = PRESENTATION_LAYER_ASSIGNMENT (  '', '', ( #459 ) ) ;
#10033 = ORIENTED_EDGE ( 'NONE', *, *, #2797, .F. ) ;
#10034 = SURFACE_SIDE_STYLE ('',( #8743 ) ) ;
#10035 = SURFACE_STYLE_USAGE ( .BOTH. , #4500 ) ;
#10036 = DIRECTION ( 'NONE',  ( 0.0000000000000000000, -0.0000000000000000000, 1.000000000000000000 ) ) ;
#10037 = UNCERTAINTY_MEASURE_WITH_UNIT (LENGTH_MEASURE( 1.000000000000000100E-005 ), #6384, 'distance_accuracy_value', 'NONE');
#10038 = PLANE ( 'NONE',  #5153 ) ;
#10039 = COLOUR_RGB ( '',1.000000000000000000, 0.0000000000000000000, 1.000000000000000000 ) ;
#10040 = SURFACE_STYLE_USAGE ( .BOTH. , #4506 ) ;
#10041 = CYLINDRICAL_SURFACE ( 'NONE', #7522, 5.899999122561760100 ) ;
#10042 = SURFACE_STYLE_USAGE ( .BOTH. , #4511 ) ;
#10043 = DIRECTION ( 'NONE',  ( -1.000000000000000000, 0.0000000000000000000, 0.0000000000000000000 ) ) ;
#10044 = LINE ( 'NONE', #3753, #5830 ) ;
#10045 = ORIENTED_EDGE ( 'NONE', *, *, #2901, .T. ) ;
#10046 = AXIS2_PLACEMENT_3D ( 'NONE', #7577, #4861, #7003 ) ;
#10047 =( GEOMETRIC_REPRESENTATION_CONTEXT ( 3 ) GLOBAL_UNCERTAINTY_ASSIGNED_CONTEXT ( ( #5608 ) ) GLOBAL_UNIT_ASSIGNED_CONTEXT ( ( #6308, #1691, #7135 ) ) REPRESENTATION_CONTEXT ( 'NONE', 'WORKASPACE' ) );
#10048 = SURFACE_STYLE_FILL_AREA ( #4715 ) ;
#10049 = DIRECTION ( 'NONE',  ( 0.0000000000000000000, 0.0000000000000000000, -1.000000000000000000 ) ) ;
#10050 = DIRECTION ( 'NONE',  ( 0.0000000000000000000, -0.0000000000000000000, 1.000000000000000000 ) ) ;
#10051 = COLOUR_RGB ( '',1.000000000000000000, 1.000000000000000000, 1.000000000000000000 ) ;
#10052 = CARTESIAN_POINT ( 'NONE',  ( 3.964603570568365800, 29.61132263784087100, -12.26500000000000200 ) ) ;
#10053 =( NAMED_UNIT ( * ) PLANE_ANGLE_UNIT ( ) SI_UNIT ( $, .RADIAN. ) );
#10054 = VERTEX_POINT ( 'NONE', #9626 ) ;
#10055 = SURFACE_STYLE_USAGE ( .BOTH. , #4390 ) ;
#10056 = DIRECTION ( 'NONE',  ( 0.0000000000000000000, 0.0000000000000000000, -1.000000000000000000 ) ) ;
#10057 = DIRECTION ( 'NONE',  ( 0.0000000000000000000, 0.0000000000000000000, -1.000000000000000000 ) ) ;
#10058 = FACE_BOUND ( 'NONE', #9622, .T. ) ;
#10059 = B_SPLINE_CURVE_WITH_KNOTS ( 'NONE', 3,
 ( #4061, #4817, #254, #5593, #1028, #6404 ),
 .UNSPECIFIED., .F., .F.,
 ( 4, 2, 4 ),
 ( 8.673617379884035500E-019, 0.0001399573231939752900, 0.0002799146463879497100 ),
 .UNSPECIFIED. ) ;
#10060 =( GEOMETRIC_REPRESENTATION_CONTEXT ( 3 ) GLOBAL_UNCERTAINTY_ASSIGNED_CONTEXT ( ( #5248 ) ) GLOBAL_UNIT_ASSIGNED_CONTEXT ( ( #9639, #5827, #1227 ) ) REPRESENTATION_CONTEXT ( 'NONE', 'WORKASPACE' ) );
#10061 = FILL_AREA_STYLE ('',( #9289 ) ) ;
#10062 =( NAMED_UNIT ( * ) SI_UNIT ( $, .STERADIAN. ) SOLID_ANGLE_UNIT ( ) );
#10063 =( LENGTH_UNIT ( ) NAMED_UNIT ( * ) SI_UNIT ( .MILLI., .METRE. ) );
#10064 = CARTESIAN_POINT ( 'NONE',  ( 5.870809653799518900, 27.61762785706060800, -12.49000000000000200 ) ) ;
#10065 = DIRECTION ( 'NONE',  ( -7.150856675050581200E-016, -1.000000000000000000, 0.0000000000000000000 ) ) ;
ENDSEC;
END-ISO-10303-21;
