ISO-10303-21;
HEADER;
/* Generated by software containing ST-Developer
 * from STEP Tools, Inc. (www.steptools.com) 
 */
/* OPTION: using custom renumber hook */

FILE_DESCRIPTION(
/* description */ ('STEP AP214'),
/* implementation_level */ '2;1');

FILE_NAME(
/* name */ 'FTS-105-01-L-D',
/* time_stamp */ '2023-11-24T11:38:51+01:00',
/* author */ ('License CC BY-ND 4.0'),
/* organization */ ('CADENAS'),
/* preprocessor_version */ 'ST-DEVELOPER v19.3',
/* originating_system */ 'PARTsolutions',
/* authorisation */ '  ');

FILE_SCHEMA (('AUTOMOTIVE_DESIGN {1 0 10303 214 3 1 1}'));
ENDSEC;

DATA;
#10=PROPERTY_DEFINITION_REPRESENTATION(#14,#12);
#11=PROPERTY_DEFINITION_REPRESENTATION(#15,#13);
#12=REPRESENTATION('',(#16),#3871);
#13=REPRESENTATION('',(#17),#3871);
#14=PROPERTY_DEFINITION('pmi validation property','',#3885);
#15=PROPERTY_DEFINITION('pmi validation property','',#3885);
#16=VALUE_REPRESENTATION_ITEM('number of annotations',COUNT_MEASURE(0.));
#17=VALUE_REPRESENTATION_ITEM('number of views',COUNT_MEASURE(0.));
#18=DRAUGHTING_PRE_DEFINED_COLOUR('yellow');
#19=CONTEXT_DEPENDENT_SHAPE_REPRESENTATION(#25,#3887);
#20=CONTEXT_DEPENDENT_SHAPE_REPRESENTATION(#26,#3889);
#21=CONTEXT_DEPENDENT_SHAPE_REPRESENTATION(#27,#3891);
#22=NEXT_ASSEMBLY_USAGE_OCCURRENCE('NAUO1','FTS-105-01-L-D_pins2',
'FTS-105-01-L-D_pins2',#3892,#3893,'');
#23=NEXT_ASSEMBLY_USAGE_OCCURRENCE('NAUO2','FTS-105-01-L-D_pins1',
'FTS-105-01-L-D_pins1',#3892,#3894,'');
#24=NEXT_ASSEMBLY_USAGE_OCCURRENCE('NAUO3','FTS-105-01-L-D_body',
'FTS-105-01-L-D_body',#3892,#3895,'');
#25=(
REPRESENTATION_RELATIONSHIP(' ',' ',#2459,#2458)
REPRESENTATION_RELATIONSHIP_WITH_TRANSFORMATION(#28)
SHAPE_REPRESENTATION_RELATIONSHIP()
);
#26=(
REPRESENTATION_RELATIONSHIP(' ',' ',#2460,#2458)
REPRESENTATION_RELATIONSHIP_WITH_TRANSFORMATION(#29)
SHAPE_REPRESENTATION_RELATIONSHIP()
);
#27=(
REPRESENTATION_RELATIONSHIP(' ',' ',#2461,#2458)
REPRESENTATION_RELATIONSHIP_WITH_TRANSFORMATION(#30)
SHAPE_REPRESENTATION_RELATIONSHIP()
);
#28=ITEM_DEFINED_TRANSFORMATION(' ',' ',#2462,#2505);
#29=ITEM_DEFINED_TRANSFORMATION(' ',' ',#2462,#2588);
#30=ITEM_DEFINED_TRANSFORMATION(' ',' ',#2462,#2595);
#31=SHAPE_REPRESENTATION_RELATIONSHIP('','',#2459,#34);
#32=SHAPE_REPRESENTATION_RELATIONSHIP('','',#2460,#35);
#33=SHAPE_REPRESENTATION_RELATIONSHIP('','',#2461,#36);
#34=ADVANCED_BREP_SHAPE_REPRESENTATION('',(#2451),#3872);
#35=ADVANCED_BREP_SHAPE_REPRESENTATION('',(#2452),#3873);
#36=ADVANCED_BREP_SHAPE_REPRESENTATION('',(#2453),#3874);
#37=ORIENTED_EDGE('',*,*,#701,.T.);
#38=ORIENTED_EDGE('',*,*,#702,.T.);
#39=ORIENTED_EDGE('',*,*,#703,.F.);
#40=ORIENTED_EDGE('',*,*,#704,.F.);
#41=ORIENTED_EDGE('',*,*,#705,.F.);
#42=ORIENTED_EDGE('',*,*,#706,.F.);
#43=ORIENTED_EDGE('',*,*,#707,.T.);
#44=ORIENTED_EDGE('',*,*,#708,.T.);
#45=ORIENTED_EDGE('',*,*,#709,.F.);
#46=ORIENTED_EDGE('',*,*,#710,.F.);
#47=ORIENTED_EDGE('',*,*,#711,.T.);
#48=ORIENTED_EDGE('',*,*,#712,.T.);
#49=ORIENTED_EDGE('',*,*,#713,.F.);
#50=ORIENTED_EDGE('',*,*,#714,.F.);
#51=ORIENTED_EDGE('',*,*,#715,.T.);
#52=ORIENTED_EDGE('',*,*,#716,.T.);
#53=ORIENTED_EDGE('',*,*,#717,.F.);
#54=ORIENTED_EDGE('',*,*,#718,.T.);
#55=ORIENTED_EDGE('',*,*,#719,.F.);
#56=ORIENTED_EDGE('',*,*,#702,.F.);
#57=ORIENTED_EDGE('',*,*,#720,.F.);
#58=ORIENTED_EDGE('',*,*,#708,.F.);
#59=ORIENTED_EDGE('',*,*,#721,.F.);
#60=ORIENTED_EDGE('',*,*,#722,.T.);
#61=ORIENTED_EDGE('',*,*,#723,.F.);
#62=ORIENTED_EDGE('',*,*,#712,.F.);
#63=ORIENTED_EDGE('',*,*,#724,.F.);
#64=ORIENTED_EDGE('',*,*,#725,.T.);
#65=ORIENTED_EDGE('',*,*,#726,.F.);
#66=ORIENTED_EDGE('',*,*,#716,.F.);
#67=ORIENTED_EDGE('',*,*,#727,.F.);
#68=ORIENTED_EDGE('',*,*,#728,.T.);
#69=ORIENTED_EDGE('',*,*,#729,.F.);
#70=ORIENTED_EDGE('',*,*,#730,.T.);
#71=ORIENTED_EDGE('',*,*,#731,.F.);
#72=ORIENTED_EDGE('',*,*,#718,.F.);
#73=ORIENTED_EDGE('',*,*,#732,.F.);
#74=ORIENTED_EDGE('',*,*,#722,.F.);
#75=ORIENTED_EDGE('',*,*,#733,.F.);
#76=ORIENTED_EDGE('',*,*,#734,.T.);
#77=ORIENTED_EDGE('',*,*,#735,.F.);
#78=ORIENTED_EDGE('',*,*,#725,.F.);
#79=ORIENTED_EDGE('',*,*,#736,.F.);
#80=ORIENTED_EDGE('',*,*,#737,.T.);
#81=ORIENTED_EDGE('',*,*,#738,.F.);
#82=ORIENTED_EDGE('',*,*,#728,.F.);
#83=ORIENTED_EDGE('',*,*,#739,.F.);
#84=ORIENTED_EDGE('',*,*,#740,.T.);
#85=ORIENTED_EDGE('',*,*,#741,.F.);
#86=ORIENTED_EDGE('',*,*,#742,.T.);
#87=ORIENTED_EDGE('',*,*,#743,.F.);
#88=ORIENTED_EDGE('',*,*,#730,.F.);
#89=ORIENTED_EDGE('',*,*,#744,.F.);
#90=ORIENTED_EDGE('',*,*,#734,.F.);
#91=ORIENTED_EDGE('',*,*,#745,.F.);
#92=ORIENTED_EDGE('',*,*,#746,.T.);
#93=ORIENTED_EDGE('',*,*,#747,.F.);
#94=ORIENTED_EDGE('',*,*,#737,.F.);
#95=ORIENTED_EDGE('',*,*,#748,.F.);
#96=ORIENTED_EDGE('',*,*,#749,.T.);
#97=ORIENTED_EDGE('',*,*,#750,.F.);
#98=ORIENTED_EDGE('',*,*,#740,.F.);
#99=ORIENTED_EDGE('',*,*,#751,.F.);
#100=ORIENTED_EDGE('',*,*,#752,.T.);
#101=ORIENTED_EDGE('',*,*,#753,.T.);
#102=ORIENTED_EDGE('',*,*,#754,.T.);
#103=ORIENTED_EDGE('',*,*,#755,.F.);
#104=ORIENTED_EDGE('',*,*,#742,.F.);
#105=ORIENTED_EDGE('',*,*,#756,.F.);
#106=ORIENTED_EDGE('',*,*,#746,.F.);
#107=ORIENTED_EDGE('',*,*,#757,.T.);
#108=ORIENTED_EDGE('',*,*,#758,.T.);
#109=ORIENTED_EDGE('',*,*,#759,.F.);
#110=ORIENTED_EDGE('',*,*,#749,.F.);
#111=ORIENTED_EDGE('',*,*,#760,.T.);
#112=ORIENTED_EDGE('',*,*,#761,.T.);
#113=ORIENTED_EDGE('',*,*,#762,.F.);
#114=ORIENTED_EDGE('',*,*,#752,.F.);
#115=ORIENTED_EDGE('',*,*,#763,.T.);
#116=ORIENTED_EDGE('',*,*,#764,.T.);
#117=ORIENTED_EDGE('',*,*,#765,.F.);
#118=ORIENTED_EDGE('',*,*,#704,.T.);
#119=ORIENTED_EDGE('',*,*,#766,.F.);
#120=ORIENTED_EDGE('',*,*,#767,.F.);
#121=ORIENTED_EDGE('',*,*,#768,.T.);
#122=ORIENTED_EDGE('',*,*,#769,.T.);
#123=ORIENTED_EDGE('',*,*,#770,.F.);
#124=ORIENTED_EDGE('',*,*,#771,.F.);
#125=ORIENTED_EDGE('',*,*,#772,.F.);
#126=ORIENTED_EDGE('',*,*,#714,.T.);
#127=ORIENTED_EDGE('',*,*,#773,.F.);
#128=ORIENTED_EDGE('',*,*,#774,.F.);
#129=ORIENTED_EDGE('',*,*,#775,.F.);
#130=ORIENTED_EDGE('',*,*,#710,.T.);
#131=ORIENTED_EDGE('',*,*,#776,.F.);
#132=ORIENTED_EDGE('',*,*,#777,.F.);
#133=ORIENTED_EDGE('',*,*,#778,.F.);
#134=ORIENTED_EDGE('',*,*,#706,.T.);
#135=ORIENTED_EDGE('',*,*,#779,.F.);
#136=ORIENTED_EDGE('',*,*,#780,.F.);
#137=ORIENTED_EDGE('',*,*,#781,.F.);
#138=ORIENTED_EDGE('',*,*,#769,.F.);
#139=ORIENTED_EDGE('',*,*,#782,.T.);
#140=ORIENTED_EDGE('',*,*,#783,.T.);
#141=ORIENTED_EDGE('',*,*,#784,.F.);
#142=ORIENTED_EDGE('',*,*,#783,.F.);
#143=ORIENTED_EDGE('',*,*,#785,.T.);
#144=ORIENTED_EDGE('',*,*,#786,.T.);
#145=ORIENTED_EDGE('',*,*,#787,.F.);
#146=ORIENTED_EDGE('',*,*,#786,.F.);
#147=ORIENTED_EDGE('',*,*,#788,.T.);
#148=ORIENTED_EDGE('',*,*,#789,.T.);
#149=ORIENTED_EDGE('',*,*,#790,.F.);
#150=ORIENTED_EDGE('',*,*,#789,.F.);
#151=ORIENTED_EDGE('',*,*,#791,.T.);
#152=ORIENTED_EDGE('',*,*,#792,.T.);
#153=ORIENTED_EDGE('',*,*,#793,.F.);
#154=ORIENTED_EDGE('',*,*,#792,.F.);
#155=ORIENTED_EDGE('',*,*,#794,.T.);
#156=ORIENTED_EDGE('',*,*,#795,.T.);
#157=ORIENTED_EDGE('',*,*,#796,.F.);
#158=ORIENTED_EDGE('',*,*,#797,.F.);
#159=ORIENTED_EDGE('',*,*,#798,.F.);
#160=ORIENTED_EDGE('',*,*,#758,.F.);
#161=ORIENTED_EDGE('',*,*,#799,.F.);
#162=ORIENTED_EDGE('',*,*,#800,.F.);
#163=ORIENTED_EDGE('',*,*,#801,.F.);
#164=ORIENTED_EDGE('',*,*,#761,.F.);
#165=ORIENTED_EDGE('',*,*,#802,.F.);
#166=ORIENTED_EDGE('',*,*,#803,.F.);
#167=ORIENTED_EDGE('',*,*,#804,.F.);
#168=ORIENTED_EDGE('',*,*,#764,.F.);
#169=ORIENTED_EDGE('',*,*,#805,.F.);
#170=ORIENTED_EDGE('',*,*,#806,.F.);
#171=ORIENTED_EDGE('',*,*,#807,.F.);
#172=ORIENTED_EDGE('',*,*,#795,.F.);
#173=ORIENTED_EDGE('',*,*,#808,.T.);
#174=ORIENTED_EDGE('',*,*,#809,.T.);
#175=ORIENTED_EDGE('',*,*,#810,.F.);
#176=ORIENTED_EDGE('',*,*,#754,.F.);
#177=ORIENTED_EDGE('',*,*,#811,.F.);
#178=ORIENTED_EDGE('',*,*,#809,.F.);
#179=ORIENTED_EDGE('',*,*,#812,.T.);
#180=ORIENTED_EDGE('',*,*,#767,.T.);
#181=ORIENTED_EDGE('',*,*,#812,.F.);
#182=ORIENTED_EDGE('',*,*,#808,.F.);
#183=ORIENTED_EDGE('',*,*,#794,.F.);
#184=ORIENTED_EDGE('',*,*,#791,.F.);
#185=ORIENTED_EDGE('',*,*,#788,.F.);
#186=ORIENTED_EDGE('',*,*,#785,.F.);
#187=ORIENTED_EDGE('',*,*,#782,.F.);
#188=ORIENTED_EDGE('',*,*,#768,.F.);
#189=ORIENTED_EDGE('',*,*,#766,.T.);
#190=ORIENTED_EDGE('',*,*,#703,.T.);
#191=ORIENTED_EDGE('',*,*,#719,.T.);
#192=ORIENTED_EDGE('',*,*,#731,.T.);
#193=ORIENTED_EDGE('',*,*,#743,.T.);
#194=ORIENTED_EDGE('',*,*,#755,.T.);
#195=ORIENTED_EDGE('',*,*,#810,.T.);
#196=ORIENTED_EDGE('',*,*,#811,.T.);
#197=ORIENTED_EDGE('',*,*,#770,.T.);
#198=ORIENTED_EDGE('',*,*,#781,.T.);
#199=ORIENTED_EDGE('',*,*,#784,.T.);
#200=ORIENTED_EDGE('',*,*,#787,.T.);
#201=ORIENTED_EDGE('',*,*,#790,.T.);
#202=ORIENTED_EDGE('',*,*,#793,.T.);
#203=ORIENTED_EDGE('',*,*,#807,.T.);
#204=ORIENTED_EDGE('',*,*,#813,.F.);
#205=ORIENTED_EDGE('',*,*,#771,.T.);
#206=ORIENTED_EDGE('',*,*,#813,.T.);
#207=ORIENTED_EDGE('',*,*,#806,.T.);
#208=ORIENTED_EDGE('',*,*,#814,.F.);
#209=ORIENTED_EDGE('',*,*,#772,.T.);
#210=ORIENTED_EDGE('',*,*,#814,.T.);
#211=ORIENTED_EDGE('',*,*,#805,.T.);
#212=ORIENTED_EDGE('',*,*,#763,.F.);
#213=ORIENTED_EDGE('',*,*,#751,.T.);
#214=ORIENTED_EDGE('',*,*,#739,.T.);
#215=ORIENTED_EDGE('',*,*,#727,.T.);
#216=ORIENTED_EDGE('',*,*,#715,.F.);
#217=ORIENTED_EDGE('',*,*,#773,.T.);
#218=ORIENTED_EDGE('',*,*,#713,.T.);
#219=ORIENTED_EDGE('',*,*,#726,.T.);
#220=ORIENTED_EDGE('',*,*,#738,.T.);
#221=ORIENTED_EDGE('',*,*,#750,.T.);
#222=ORIENTED_EDGE('',*,*,#762,.T.);
#223=ORIENTED_EDGE('',*,*,#804,.T.);
#224=ORIENTED_EDGE('',*,*,#815,.F.);
#225=ORIENTED_EDGE('',*,*,#774,.T.);
#226=ORIENTED_EDGE('',*,*,#815,.T.);
#227=ORIENTED_EDGE('',*,*,#803,.T.);
#228=ORIENTED_EDGE('',*,*,#816,.F.);
#229=ORIENTED_EDGE('',*,*,#775,.T.);
#230=ORIENTED_EDGE('',*,*,#816,.T.);
#231=ORIENTED_EDGE('',*,*,#802,.T.);
#232=ORIENTED_EDGE('',*,*,#760,.F.);
#233=ORIENTED_EDGE('',*,*,#748,.T.);
#234=ORIENTED_EDGE('',*,*,#736,.T.);
#235=ORIENTED_EDGE('',*,*,#724,.T.);
#236=ORIENTED_EDGE('',*,*,#711,.F.);
#237=ORIENTED_EDGE('',*,*,#776,.T.);
#238=ORIENTED_EDGE('',*,*,#709,.T.);
#239=ORIENTED_EDGE('',*,*,#723,.T.);
#240=ORIENTED_EDGE('',*,*,#735,.T.);
#241=ORIENTED_EDGE('',*,*,#747,.T.);
#242=ORIENTED_EDGE('',*,*,#759,.T.);
#243=ORIENTED_EDGE('',*,*,#801,.T.);
#244=ORIENTED_EDGE('',*,*,#817,.F.);
#245=ORIENTED_EDGE('',*,*,#777,.T.);
#246=ORIENTED_EDGE('',*,*,#817,.T.);
#247=ORIENTED_EDGE('',*,*,#800,.T.);
#248=ORIENTED_EDGE('',*,*,#818,.F.);
#249=ORIENTED_EDGE('',*,*,#778,.T.);
#250=ORIENTED_EDGE('',*,*,#818,.T.);
#251=ORIENTED_EDGE('',*,*,#799,.T.);
#252=ORIENTED_EDGE('',*,*,#757,.F.);
#253=ORIENTED_EDGE('',*,*,#745,.T.);
#254=ORIENTED_EDGE('',*,*,#733,.T.);
#255=ORIENTED_EDGE('',*,*,#721,.T.);
#256=ORIENTED_EDGE('',*,*,#707,.F.);
#257=ORIENTED_EDGE('',*,*,#765,.T.);
#258=ORIENTED_EDGE('',*,*,#819,.T.);
#259=ORIENTED_EDGE('',*,*,#796,.T.);
#260=ORIENTED_EDGE('',*,*,#753,.F.);
#261=ORIENTED_EDGE('',*,*,#741,.T.);
#262=ORIENTED_EDGE('',*,*,#729,.T.);
#263=ORIENTED_EDGE('',*,*,#717,.T.);
#264=ORIENTED_EDGE('',*,*,#701,.F.);
#265=ORIENTED_EDGE('',*,*,#780,.T.);
#266=ORIENTED_EDGE('',*,*,#820,.T.);
#267=ORIENTED_EDGE('',*,*,#797,.T.);
#268=ORIENTED_EDGE('',*,*,#819,.F.);
#269=ORIENTED_EDGE('',*,*,#779,.T.);
#270=ORIENTED_EDGE('',*,*,#705,.T.);
#271=ORIENTED_EDGE('',*,*,#720,.T.);
#272=ORIENTED_EDGE('',*,*,#732,.T.);
#273=ORIENTED_EDGE('',*,*,#744,.T.);
#274=ORIENTED_EDGE('',*,*,#756,.T.);
#275=ORIENTED_EDGE('',*,*,#798,.T.);
#276=ORIENTED_EDGE('',*,*,#820,.F.);
#277=ORIENTED_EDGE('',*,*,#821,.F.);
#278=ORIENTED_EDGE('',*,*,#822,.T.);
#279=ORIENTED_EDGE('',*,*,#823,.F.);
#280=ORIENTED_EDGE('',*,*,#824,.F.);
#281=ORIENTED_EDGE('',*,*,#825,.F.);
#282=ORIENTED_EDGE('',*,*,#826,.T.);
#283=ORIENTED_EDGE('',*,*,#827,.F.);
#284=ORIENTED_EDGE('',*,*,#828,.F.);
#285=ORIENTED_EDGE('',*,*,#829,.F.);
#286=ORIENTED_EDGE('',*,*,#830,.T.);
#287=ORIENTED_EDGE('',*,*,#831,.F.);
#288=ORIENTED_EDGE('',*,*,#832,.F.);
#289=ORIENTED_EDGE('',*,*,#833,.F.);
#290=ORIENTED_EDGE('',*,*,#834,.T.);
#291=ORIENTED_EDGE('',*,*,#835,.F.);
#292=ORIENTED_EDGE('',*,*,#836,.F.);
#293=ORIENTED_EDGE('',*,*,#837,.F.);
#294=ORIENTED_EDGE('',*,*,#838,.T.);
#295=ORIENTED_EDGE('',*,*,#839,.F.);
#296=ORIENTED_EDGE('',*,*,#840,.F.);
#297=ORIENTED_EDGE('',*,*,#841,.F.);
#298=ORIENTED_EDGE('',*,*,#842,.T.);
#299=ORIENTED_EDGE('',*,*,#843,.F.);
#300=ORIENTED_EDGE('',*,*,#844,.F.);
#301=ORIENTED_EDGE('',*,*,#845,.F.);
#302=ORIENTED_EDGE('',*,*,#846,.T.);
#303=ORIENTED_EDGE('',*,*,#847,.F.);
#304=ORIENTED_EDGE('',*,*,#848,.F.);
#305=ORIENTED_EDGE('',*,*,#849,.F.);
#306=ORIENTED_EDGE('',*,*,#850,.T.);
#307=ORIENTED_EDGE('',*,*,#851,.F.);
#308=ORIENTED_EDGE('',*,*,#852,.F.);
#309=ORIENTED_EDGE('',*,*,#853,.F.);
#310=ORIENTED_EDGE('',*,*,#854,.T.);
#311=ORIENTED_EDGE('',*,*,#855,.T.);
#312=ORIENTED_EDGE('',*,*,#838,.F.);
#313=ORIENTED_EDGE('',*,*,#856,.F.);
#314=ORIENTED_EDGE('',*,*,#857,.T.);
#315=ORIENTED_EDGE('',*,*,#858,.T.);
#316=ORIENTED_EDGE('',*,*,#842,.F.);
#317=ORIENTED_EDGE('',*,*,#859,.F.);
#318=ORIENTED_EDGE('',*,*,#860,.T.);
#319=ORIENTED_EDGE('',*,*,#861,.T.);
#320=ORIENTED_EDGE('',*,*,#846,.F.);
#321=ORIENTED_EDGE('',*,*,#862,.F.);
#322=ORIENTED_EDGE('',*,*,#863,.T.);
#323=ORIENTED_EDGE('',*,*,#864,.T.);
#324=ORIENTED_EDGE('',*,*,#850,.F.);
#325=ORIENTED_EDGE('',*,*,#865,.F.);
#326=ORIENTED_EDGE('',*,*,#866,.T.);
#327=ORIENTED_EDGE('',*,*,#867,.F.);
#328=ORIENTED_EDGE('',*,*,#854,.F.);
#329=ORIENTED_EDGE('',*,*,#868,.F.);
#330=ORIENTED_EDGE('',*,*,#869,.T.);
#331=ORIENTED_EDGE('',*,*,#870,.F.);
#332=ORIENTED_EDGE('',*,*,#857,.F.);
#333=ORIENTED_EDGE('',*,*,#871,.F.);
#334=ORIENTED_EDGE('',*,*,#872,.T.);
#335=ORIENTED_EDGE('',*,*,#873,.F.);
#336=ORIENTED_EDGE('',*,*,#860,.F.);
#337=ORIENTED_EDGE('',*,*,#874,.F.);
#338=ORIENTED_EDGE('',*,*,#875,.T.);
#339=ORIENTED_EDGE('',*,*,#876,.F.);
#340=ORIENTED_EDGE('',*,*,#863,.F.);
#341=ORIENTED_EDGE('',*,*,#877,.F.);
#342=ORIENTED_EDGE('',*,*,#878,.T.);
#343=ORIENTED_EDGE('',*,*,#879,.F.);
#344=ORIENTED_EDGE('',*,*,#880,.F.);
#345=ORIENTED_EDGE('',*,*,#881,.F.);
#346=ORIENTED_EDGE('',*,*,#882,.T.);
#347=ORIENTED_EDGE('',*,*,#883,.F.);
#348=ORIENTED_EDGE('',*,*,#884,.F.);
#349=ORIENTED_EDGE('',*,*,#885,.F.);
#350=ORIENTED_EDGE('',*,*,#886,.T.);
#351=ORIENTED_EDGE('',*,*,#887,.F.);
#352=ORIENTED_EDGE('',*,*,#888,.F.);
#353=ORIENTED_EDGE('',*,*,#889,.F.);
#354=ORIENTED_EDGE('',*,*,#890,.T.);
#355=ORIENTED_EDGE('',*,*,#891,.F.);
#356=ORIENTED_EDGE('',*,*,#892,.F.);
#357=ORIENTED_EDGE('',*,*,#893,.F.);
#358=ORIENTED_EDGE('',*,*,#824,.T.);
#359=ORIENTED_EDGE('',*,*,#894,.F.);
#360=ORIENTED_EDGE('',*,*,#878,.F.);
#361=ORIENTED_EDGE('',*,*,#895,.F.);
#362=ORIENTED_EDGE('',*,*,#828,.T.);
#363=ORIENTED_EDGE('',*,*,#896,.F.);
#364=ORIENTED_EDGE('',*,*,#882,.F.);
#365=ORIENTED_EDGE('',*,*,#897,.F.);
#366=ORIENTED_EDGE('',*,*,#832,.T.);
#367=ORIENTED_EDGE('',*,*,#898,.F.);
#368=ORIENTED_EDGE('',*,*,#886,.F.);
#369=ORIENTED_EDGE('',*,*,#899,.F.);
#370=ORIENTED_EDGE('',*,*,#836,.T.);
#371=ORIENTED_EDGE('',*,*,#900,.F.);
#372=ORIENTED_EDGE('',*,*,#890,.F.);
#373=ORIENTED_EDGE('',*,*,#901,.F.);
#374=ORIENTED_EDGE('',*,*,#902,.T.);
#375=ORIENTED_EDGE('',*,*,#903,.F.);
#376=ORIENTED_EDGE('',*,*,#904,.F.);
#377=ORIENTED_EDGE('',*,*,#905,.F.);
#378=ORIENTED_EDGE('',*,*,#822,.F.);
#379=ORIENTED_EDGE('',*,*,#906,.T.);
#380=ORIENTED_EDGE('',*,*,#907,.T.);
#381=ORIENTED_EDGE('',*,*,#908,.F.);
#382=ORIENTED_EDGE('',*,*,#902,.F.);
#383=ORIENTED_EDGE('',*,*,#909,.F.);
#384=ORIENTED_EDGE('',*,*,#910,.F.);
#385=ORIENTED_EDGE('',*,*,#911,.F.);
#386=ORIENTED_EDGE('',*,*,#834,.F.);
#387=ORIENTED_EDGE('',*,*,#912,.F.);
#388=ORIENTED_EDGE('',*,*,#913,.F.);
#389=ORIENTED_EDGE('',*,*,#914,.F.);
#390=ORIENTED_EDGE('',*,*,#830,.F.);
#391=ORIENTED_EDGE('',*,*,#915,.F.);
#392=ORIENTED_EDGE('',*,*,#916,.F.);
#393=ORIENTED_EDGE('',*,*,#917,.F.);
#394=ORIENTED_EDGE('',*,*,#826,.F.);
#395=ORIENTED_EDGE('',*,*,#918,.F.);
#396=ORIENTED_EDGE('',*,*,#919,.F.);
#397=ORIENTED_EDGE('',*,*,#920,.F.);
#398=ORIENTED_EDGE('',*,*,#907,.F.);
#399=ORIENTED_EDGE('',*,*,#921,.T.);
#400=ORIENTED_EDGE('',*,*,#922,.T.);
#401=ORIENTED_EDGE('',*,*,#923,.F.);
#402=ORIENTED_EDGE('',*,*,#924,.F.);
#403=ORIENTED_EDGE('',*,*,#925,.F.);
#404=ORIENTED_EDGE('',*,*,#844,.T.);
#405=ORIENTED_EDGE('',*,*,#926,.F.);
#406=ORIENTED_EDGE('',*,*,#927,.F.);
#407=ORIENTED_EDGE('',*,*,#928,.F.);
#408=ORIENTED_EDGE('',*,*,#848,.T.);
#409=ORIENTED_EDGE('',*,*,#929,.F.);
#410=ORIENTED_EDGE('',*,*,#930,.F.);
#411=ORIENTED_EDGE('',*,*,#931,.F.);
#412=ORIENTED_EDGE('',*,*,#852,.T.);
#413=ORIENTED_EDGE('',*,*,#932,.F.);
#414=ORIENTED_EDGE('',*,*,#933,.F.);
#415=ORIENTED_EDGE('',*,*,#934,.F.);
#416=ORIENTED_EDGE('',*,*,#935,.T.);
#417=ORIENTED_EDGE('',*,*,#936,.F.);
#418=ORIENTED_EDGE('',*,*,#922,.F.);
#419=ORIENTED_EDGE('',*,*,#937,.T.);
#420=ORIENTED_EDGE('',*,*,#840,.T.);
#421=ORIENTED_EDGE('',*,*,#938,.F.);
#422=ORIENTED_EDGE('',*,*,#939,.T.);
#423=ORIENTED_EDGE('',*,*,#940,.F.);
#424=ORIENTED_EDGE('',*,*,#935,.F.);
#425=ORIENTED_EDGE('',*,*,#941,.F.);
#426=ORIENTED_EDGE('',*,*,#942,.T.);
#427=ORIENTED_EDGE('',*,*,#943,.T.);
#428=ORIENTED_EDGE('',*,*,#939,.F.);
#429=ORIENTED_EDGE('',*,*,#944,.F.);
#430=ORIENTED_EDGE('',*,*,#945,.T.);
#431=ORIENTED_EDGE('',*,*,#946,.F.);
#432=ORIENTED_EDGE('',*,*,#942,.F.);
#433=ORIENTED_EDGE('',*,*,#947,.F.);
#434=ORIENTED_EDGE('',*,*,#866,.F.);
#435=ORIENTED_EDGE('',*,*,#948,.T.);
#436=ORIENTED_EDGE('',*,*,#949,.T.);
#437=ORIENTED_EDGE('',*,*,#950,.F.);
#438=ORIENTED_EDGE('',*,*,#945,.F.);
#439=ORIENTED_EDGE('',*,*,#951,.F.);
#440=ORIENTED_EDGE('',*,*,#952,.F.);
#441=ORIENTED_EDGE('',*,*,#953,.F.);
#442=ORIENTED_EDGE('',*,*,#875,.F.);
#443=ORIENTED_EDGE('',*,*,#954,.F.);
#444=ORIENTED_EDGE('',*,*,#955,.F.);
#445=ORIENTED_EDGE('',*,*,#956,.F.);
#446=ORIENTED_EDGE('',*,*,#872,.F.);
#447=ORIENTED_EDGE('',*,*,#957,.F.);
#448=ORIENTED_EDGE('',*,*,#958,.F.);
#449=ORIENTED_EDGE('',*,*,#959,.F.);
#450=ORIENTED_EDGE('',*,*,#869,.F.);
#451=ORIENTED_EDGE('',*,*,#960,.F.);
#452=ORIENTED_EDGE('',*,*,#961,.F.);
#453=ORIENTED_EDGE('',*,*,#962,.F.);
#454=ORIENTED_EDGE('',*,*,#949,.F.);
#455=ORIENTED_EDGE('',*,*,#963,.T.);
#456=ORIENTED_EDGE('',*,*,#964,.T.);
#457=ORIENTED_EDGE('',*,*,#965,.F.);
#458=ORIENTED_EDGE('',*,*,#966,.F.);
#459=ORIENTED_EDGE('',*,*,#967,.F.);
#460=ORIENTED_EDGE('',*,*,#884,.T.);
#461=ORIENTED_EDGE('',*,*,#968,.F.);
#462=ORIENTED_EDGE('',*,*,#969,.F.);
#463=ORIENTED_EDGE('',*,*,#970,.F.);
#464=ORIENTED_EDGE('',*,*,#888,.T.);
#465=ORIENTED_EDGE('',*,*,#971,.F.);
#466=ORIENTED_EDGE('',*,*,#972,.F.);
#467=ORIENTED_EDGE('',*,*,#973,.F.);
#468=ORIENTED_EDGE('',*,*,#892,.T.);
#469=ORIENTED_EDGE('',*,*,#974,.F.);
#470=ORIENTED_EDGE('',*,*,#975,.F.);
#471=ORIENTED_EDGE('',*,*,#976,.F.);
#472=ORIENTED_EDGE('',*,*,#977,.T.);
#473=ORIENTED_EDGE('',*,*,#978,.F.);
#474=ORIENTED_EDGE('',*,*,#964,.F.);
#475=ORIENTED_EDGE('',*,*,#979,.T.);
#476=ORIENTED_EDGE('',*,*,#880,.T.);
#477=ORIENTED_EDGE('',*,*,#980,.F.);
#478=ORIENTED_EDGE('',*,*,#981,.T.);
#479=ORIENTED_EDGE('',*,*,#982,.F.);
#480=ORIENTED_EDGE('',*,*,#977,.F.);
#481=ORIENTED_EDGE('',*,*,#983,.F.);
#482=ORIENTED_EDGE('',*,*,#904,.T.);
#483=ORIENTED_EDGE('',*,*,#984,.T.);
#484=ORIENTED_EDGE('',*,*,#981,.F.);
#485=ORIENTED_EDGE('',*,*,#921,.F.);
#486=ORIENTED_EDGE('',*,*,#906,.F.);
#487=ORIENTED_EDGE('',*,*,#985,.T.);
#488=ORIENTED_EDGE('',*,*,#979,.F.);
#489=ORIENTED_EDGE('',*,*,#963,.F.);
#490=ORIENTED_EDGE('',*,*,#948,.F.);
#491=ORIENTED_EDGE('',*,*,#986,.T.);
#492=ORIENTED_EDGE('',*,*,#937,.F.);
#493=ORIENTED_EDGE('',*,*,#978,.T.);
#494=ORIENTED_EDGE('',*,*,#987,.F.);
#495=ORIENTED_EDGE('',*,*,#908,.T.);
#496=ORIENTED_EDGE('',*,*,#920,.T.);
#497=ORIENTED_EDGE('',*,*,#936,.T.);
#498=ORIENTED_EDGE('',*,*,#988,.F.);
#499=ORIENTED_EDGE('',*,*,#950,.T.);
#500=ORIENTED_EDGE('',*,*,#962,.T.);
#501=ORIENTED_EDGE('',*,*,#940,.T.);
#502=ORIENTED_EDGE('',*,*,#943,.F.);
#503=ORIENTED_EDGE('',*,*,#946,.T.);
#504=ORIENTED_EDGE('',*,*,#988,.T.);
#505=ORIENTED_EDGE('',*,*,#903,.T.);
#506=ORIENTED_EDGE('',*,*,#987,.T.);
#507=ORIENTED_EDGE('',*,*,#982,.T.);
#508=ORIENTED_EDGE('',*,*,#984,.F.);
#509=ORIENTED_EDGE('',*,*,#837,.T.);
#510=ORIENTED_EDGE('',*,*,#986,.F.);
#511=ORIENTED_EDGE('',*,*,#865,.T.);
#512=ORIENTED_EDGE('',*,*,#853,.T.);
#513=ORIENTED_EDGE('',*,*,#821,.T.);
#514=ORIENTED_EDGE('',*,*,#893,.T.);
#515=ORIENTED_EDGE('',*,*,#877,.T.);
#516=ORIENTED_EDGE('',*,*,#985,.F.);
#517=ORIENTED_EDGE('',*,*,#901,.T.);
#518=ORIENTED_EDGE('',*,*,#983,.T.);
#519=ORIENTED_EDGE('',*,*,#980,.T.);
#520=ORIENTED_EDGE('',*,*,#989,.F.);
#521=ORIENTED_EDGE('',*,*,#909,.T.);
#522=ORIENTED_EDGE('',*,*,#989,.T.);
#523=ORIENTED_EDGE('',*,*,#976,.T.);
#524=ORIENTED_EDGE('',*,*,#990,.F.);
#525=ORIENTED_EDGE('',*,*,#910,.T.);
#526=ORIENTED_EDGE('',*,*,#990,.T.);
#527=ORIENTED_EDGE('',*,*,#975,.T.);
#528=ORIENTED_EDGE('',*,*,#991,.F.);
#529=ORIENTED_EDGE('',*,*,#835,.T.);
#530=ORIENTED_EDGE('',*,*,#992,.T.);
#531=ORIENTED_EDGE('',*,*,#891,.T.);
#532=ORIENTED_EDGE('',*,*,#900,.T.);
#533=ORIENTED_EDGE('',*,*,#911,.T.);
#534=ORIENTED_EDGE('',*,*,#991,.T.);
#535=ORIENTED_EDGE('',*,*,#974,.T.);
#536=ORIENTED_EDGE('',*,*,#992,.F.);
#537=ORIENTED_EDGE('',*,*,#833,.T.);
#538=ORIENTED_EDGE('',*,*,#899,.T.);
#539=ORIENTED_EDGE('',*,*,#889,.T.);
#540=ORIENTED_EDGE('',*,*,#993,.F.);
#541=ORIENTED_EDGE('',*,*,#912,.T.);
#542=ORIENTED_EDGE('',*,*,#993,.T.);
#543=ORIENTED_EDGE('',*,*,#973,.T.);
#544=ORIENTED_EDGE('',*,*,#994,.F.);
#545=ORIENTED_EDGE('',*,*,#913,.T.);
#546=ORIENTED_EDGE('',*,*,#994,.T.);
#547=ORIENTED_EDGE('',*,*,#972,.T.);
#548=ORIENTED_EDGE('',*,*,#995,.F.);
#549=ORIENTED_EDGE('',*,*,#831,.T.);
#550=ORIENTED_EDGE('',*,*,#996,.T.);
#551=ORIENTED_EDGE('',*,*,#887,.T.);
#552=ORIENTED_EDGE('',*,*,#898,.T.);
#553=ORIENTED_EDGE('',*,*,#914,.T.);
#554=ORIENTED_EDGE('',*,*,#995,.T.);
#555=ORIENTED_EDGE('',*,*,#971,.T.);
#556=ORIENTED_EDGE('',*,*,#996,.F.);
#557=ORIENTED_EDGE('',*,*,#829,.T.);
#558=ORIENTED_EDGE('',*,*,#897,.T.);
#559=ORIENTED_EDGE('',*,*,#885,.T.);
#560=ORIENTED_EDGE('',*,*,#997,.F.);
#561=ORIENTED_EDGE('',*,*,#915,.T.);
#562=ORIENTED_EDGE('',*,*,#997,.T.);
#563=ORIENTED_EDGE('',*,*,#970,.T.);
#564=ORIENTED_EDGE('',*,*,#998,.F.);
#565=ORIENTED_EDGE('',*,*,#916,.T.);
#566=ORIENTED_EDGE('',*,*,#998,.T.);
#567=ORIENTED_EDGE('',*,*,#969,.T.);
#568=ORIENTED_EDGE('',*,*,#999,.F.);
#569=ORIENTED_EDGE('',*,*,#827,.T.);
#570=ORIENTED_EDGE('',*,*,#1000,.T.);
#571=ORIENTED_EDGE('',*,*,#883,.T.);
#572=ORIENTED_EDGE('',*,*,#896,.T.);
#573=ORIENTED_EDGE('',*,*,#917,.T.);
#574=ORIENTED_EDGE('',*,*,#999,.T.);
#575=ORIENTED_EDGE('',*,*,#968,.T.);
#576=ORIENTED_EDGE('',*,*,#1000,.F.);
#577=ORIENTED_EDGE('',*,*,#825,.T.);
#578=ORIENTED_EDGE('',*,*,#895,.T.);
#579=ORIENTED_EDGE('',*,*,#881,.T.);
#580=ORIENTED_EDGE('',*,*,#1001,.F.);
#581=ORIENTED_EDGE('',*,*,#918,.T.);
#582=ORIENTED_EDGE('',*,*,#1001,.T.);
#583=ORIENTED_EDGE('',*,*,#967,.T.);
#584=ORIENTED_EDGE('',*,*,#1002,.F.);
#585=ORIENTED_EDGE('',*,*,#919,.T.);
#586=ORIENTED_EDGE('',*,*,#1002,.T.);
#587=ORIENTED_EDGE('',*,*,#966,.T.);
#588=ORIENTED_EDGE('',*,*,#1003,.F.);
#589=ORIENTED_EDGE('',*,*,#823,.T.);
#590=ORIENTED_EDGE('',*,*,#1004,.T.);
#591=ORIENTED_EDGE('',*,*,#879,.T.);
#592=ORIENTED_EDGE('',*,*,#894,.T.);
#593=ORIENTED_EDGE('',*,*,#905,.T.);
#594=ORIENTED_EDGE('',*,*,#1003,.T.);
#595=ORIENTED_EDGE('',*,*,#965,.T.);
#596=ORIENTED_EDGE('',*,*,#1004,.F.);
#597=ORIENTED_EDGE('',*,*,#934,.T.);
#598=ORIENTED_EDGE('',*,*,#1005,.F.);
#599=ORIENTED_EDGE('',*,*,#951,.T.);
#600=ORIENTED_EDGE('',*,*,#1006,.T.);
#601=ORIENTED_EDGE('',*,*,#933,.T.);
#602=ORIENTED_EDGE('',*,*,#1007,.F.);
#603=ORIENTED_EDGE('',*,*,#952,.T.);
#604=ORIENTED_EDGE('',*,*,#1005,.T.);
#605=ORIENTED_EDGE('',*,*,#932,.T.);
#606=ORIENTED_EDGE('',*,*,#1008,.F.);
#607=ORIENTED_EDGE('',*,*,#953,.T.);
#608=ORIENTED_EDGE('',*,*,#1007,.T.);
#609=ORIENTED_EDGE('',*,*,#938,.T.);
#610=ORIENTED_EDGE('',*,*,#1006,.F.);
#611=ORIENTED_EDGE('',*,*,#944,.T.);
#612=ORIENTED_EDGE('',*,*,#941,.T.);
#613=ORIENTED_EDGE('',*,*,#851,.T.);
#614=ORIENTED_EDGE('',*,*,#864,.F.);
#615=ORIENTED_EDGE('',*,*,#876,.T.);
#616=ORIENTED_EDGE('',*,*,#1008,.T.);
#617=ORIENTED_EDGE('',*,*,#931,.T.);
#618=ORIENTED_EDGE('',*,*,#1009,.F.);
#619=ORIENTED_EDGE('',*,*,#954,.T.);
#620=ORIENTED_EDGE('',*,*,#1010,.T.);
#621=ORIENTED_EDGE('',*,*,#930,.T.);
#622=ORIENTED_EDGE('',*,*,#1011,.F.);
#623=ORIENTED_EDGE('',*,*,#955,.T.);
#624=ORIENTED_EDGE('',*,*,#1009,.T.);
#625=ORIENTED_EDGE('',*,*,#929,.T.);
#626=ORIENTED_EDGE('',*,*,#1012,.F.);
#627=ORIENTED_EDGE('',*,*,#956,.T.);
#628=ORIENTED_EDGE('',*,*,#1011,.T.);
#629=ORIENTED_EDGE('',*,*,#849,.T.);
#630=ORIENTED_EDGE('',*,*,#1010,.F.);
#631=ORIENTED_EDGE('',*,*,#874,.T.);
#632=ORIENTED_EDGE('',*,*,#862,.T.);
#633=ORIENTED_EDGE('',*,*,#847,.T.);
#634=ORIENTED_EDGE('',*,*,#861,.F.);
#635=ORIENTED_EDGE('',*,*,#873,.T.);
#636=ORIENTED_EDGE('',*,*,#1012,.T.);
#637=ORIENTED_EDGE('',*,*,#928,.T.);
#638=ORIENTED_EDGE('',*,*,#1013,.F.);
#639=ORIENTED_EDGE('',*,*,#957,.T.);
#640=ORIENTED_EDGE('',*,*,#1014,.T.);
#641=ORIENTED_EDGE('',*,*,#927,.T.);
#642=ORIENTED_EDGE('',*,*,#1015,.F.);
#643=ORIENTED_EDGE('',*,*,#958,.T.);
#644=ORIENTED_EDGE('',*,*,#1013,.T.);
#645=ORIENTED_EDGE('',*,*,#926,.T.);
#646=ORIENTED_EDGE('',*,*,#1016,.F.);
#647=ORIENTED_EDGE('',*,*,#959,.T.);
#648=ORIENTED_EDGE('',*,*,#1015,.T.);
#649=ORIENTED_EDGE('',*,*,#845,.T.);
#650=ORIENTED_EDGE('',*,*,#1014,.F.);
#651=ORIENTED_EDGE('',*,*,#871,.T.);
#652=ORIENTED_EDGE('',*,*,#859,.T.);
#653=ORIENTED_EDGE('',*,*,#843,.T.);
#654=ORIENTED_EDGE('',*,*,#858,.F.);
#655=ORIENTED_EDGE('',*,*,#870,.T.);
#656=ORIENTED_EDGE('',*,*,#1016,.T.);
#657=ORIENTED_EDGE('',*,*,#923,.T.);
#658=ORIENTED_EDGE('',*,*,#1017,.F.);
#659=ORIENTED_EDGE('',*,*,#947,.T.);
#660=ORIENTED_EDGE('',*,*,#1018,.T.);
#661=ORIENTED_EDGE('',*,*,#924,.T.);
#662=ORIENTED_EDGE('',*,*,#1018,.F.);
#663=ORIENTED_EDGE('',*,*,#961,.T.);
#664=ORIENTED_EDGE('',*,*,#1019,.T.);
#665=ORIENTED_EDGE('',*,*,#925,.T.);
#666=ORIENTED_EDGE('',*,*,#1019,.F.);
#667=ORIENTED_EDGE('',*,*,#960,.T.);
#668=ORIENTED_EDGE('',*,*,#1020,.T.);
#669=ORIENTED_EDGE('',*,*,#839,.T.);
#670=ORIENTED_EDGE('',*,*,#855,.F.);
#671=ORIENTED_EDGE('',*,*,#867,.T.);
#672=ORIENTED_EDGE('',*,*,#1017,.T.);
#673=ORIENTED_EDGE('',*,*,#841,.T.);
#674=ORIENTED_EDGE('',*,*,#1020,.F.);
#675=ORIENTED_EDGE('',*,*,#868,.T.);
#676=ORIENTED_EDGE('',*,*,#856,.T.);
#677=ORIENTED_EDGE('',*,*,#1021,.T.);
#678=ORIENTED_EDGE('',*,*,#1022,.F.);
#679=ORIENTED_EDGE('',*,*,#1023,.F.);
#680=ORIENTED_EDGE('',*,*,#1024,.T.);
#681=ORIENTED_EDGE('',*,*,#1025,.T.);
#682=ORIENTED_EDGE('',*,*,#1026,.F.);
#683=ORIENTED_EDGE('',*,*,#1027,.F.);
#684=ORIENTED_EDGE('',*,*,#1022,.T.);
#685=ORIENTED_EDGE('',*,*,#1028,.T.);
#686=ORIENTED_EDGE('',*,*,#1029,.F.);
#687=ORIENTED_EDGE('',*,*,#1030,.F.);
#688=ORIENTED_EDGE('',*,*,#1026,.T.);
#689=ORIENTED_EDGE('',*,*,#1031,.T.);
#690=ORIENTED_EDGE('',*,*,#1024,.F.);
#691=ORIENTED_EDGE('',*,*,#1032,.F.);
#692=ORIENTED_EDGE('',*,*,#1029,.T.);
#693=ORIENTED_EDGE('',*,*,#1023,.T.);
#694=ORIENTED_EDGE('',*,*,#1027,.T.);
#695=ORIENTED_EDGE('',*,*,#1030,.T.);
#696=ORIENTED_EDGE('',*,*,#1032,.T.);
#697=ORIENTED_EDGE('',*,*,#1021,.F.);
#698=ORIENTED_EDGE('',*,*,#1031,.F.);
#699=ORIENTED_EDGE('',*,*,#1028,.F.);
#700=ORIENTED_EDGE('',*,*,#1025,.F.);
#701=EDGE_CURVE('',#1033,#1034,#1241,.T.);
#702=EDGE_CURVE('',#1034,#1035,#1242,.T.);
#703=EDGE_CURVE('',#1036,#1035,#1243,.T.);
#704=EDGE_CURVE('',#1033,#1036,#1244,.T.);
#705=EDGE_CURVE('',#1037,#1038,#1245,.T.);
#706=EDGE_CURVE('',#1039,#1037,#1246,.T.);
#707=EDGE_CURVE('',#1039,#1040,#1247,.T.);
#708=EDGE_CURVE('',#1040,#1038,#1248,.T.);
#709=EDGE_CURVE('',#1041,#1042,#1249,.T.);
#710=EDGE_CURVE('',#1043,#1041,#1250,.T.);
#711=EDGE_CURVE('',#1043,#1044,#1251,.T.);
#712=EDGE_CURVE('',#1044,#1042,#1252,.T.);
#713=EDGE_CURVE('',#1045,#1046,#1253,.T.);
#714=EDGE_CURVE('',#1047,#1045,#1254,.T.);
#715=EDGE_CURVE('',#1047,#1048,#1255,.T.);
#716=EDGE_CURVE('',#1048,#1046,#1256,.T.);
#717=EDGE_CURVE('',#1049,#1034,#1257,.T.);
#718=EDGE_CURVE('',#1049,#1050,#1258,.T.);
#719=EDGE_CURVE('',#1035,#1050,#1259,.T.);
#720=EDGE_CURVE('',#1038,#1051,#1260,.T.);
#721=EDGE_CURVE('',#1052,#1040,#1261,.T.);
#722=EDGE_CURVE('',#1052,#1051,#1262,.T.);
#723=EDGE_CURVE('',#1042,#1053,#1263,.T.);
#724=EDGE_CURVE('',#1054,#1044,#1264,.T.);
#725=EDGE_CURVE('',#1054,#1053,#1265,.T.);
#726=EDGE_CURVE('',#1046,#1055,#1266,.T.);
#727=EDGE_CURVE('',#1056,#1048,#1267,.T.);
#728=EDGE_CURVE('',#1056,#1055,#1268,.T.);
#729=EDGE_CURVE('',#1057,#1049,#1269,.T.);
#730=EDGE_CURVE('',#1057,#1058,#1270,.T.);
#731=EDGE_CURVE('',#1050,#1058,#1271,.T.);
#732=EDGE_CURVE('',#1051,#1059,#1272,.T.);
#733=EDGE_CURVE('',#1060,#1052,#1273,.T.);
#734=EDGE_CURVE('',#1060,#1059,#1274,.T.);
#735=EDGE_CURVE('',#1053,#1061,#1275,.T.);
#736=EDGE_CURVE('',#1062,#1054,#1276,.T.);
#737=EDGE_CURVE('',#1062,#1061,#1277,.T.);
#738=EDGE_CURVE('',#1055,#1063,#1278,.T.);
#739=EDGE_CURVE('',#1064,#1056,#1279,.T.);
#740=EDGE_CURVE('',#1064,#1063,#1280,.T.);
#741=EDGE_CURVE('',#1065,#1057,#1281,.T.);
#742=EDGE_CURVE('',#1065,#1066,#1282,.T.);
#743=EDGE_CURVE('',#1058,#1066,#1283,.T.);
#744=EDGE_CURVE('',#1059,#1067,#1284,.T.);
#745=EDGE_CURVE('',#1068,#1060,#1285,.T.);
#746=EDGE_CURVE('',#1068,#1067,#1286,.T.);
#747=EDGE_CURVE('',#1061,#1069,#1287,.T.);
#748=EDGE_CURVE('',#1070,#1062,#1288,.T.);
#749=EDGE_CURVE('',#1070,#1069,#1289,.T.);
#750=EDGE_CURVE('',#1063,#1071,#1290,.T.);
#751=EDGE_CURVE('',#1072,#1064,#1291,.T.);
#752=EDGE_CURVE('',#1072,#1071,#1292,.T.);
#753=EDGE_CURVE('',#1065,#1073,#1293,.T.);
#754=EDGE_CURVE('',#1073,#1074,#1294,.T.);
#755=EDGE_CURVE('',#1066,#1074,#1295,.T.);
#756=EDGE_CURVE('',#1067,#1075,#1296,.T.);
#757=EDGE_CURVE('',#1068,#1076,#1297,.T.);
#758=EDGE_CURVE('',#1076,#1075,#1298,.T.);
#759=EDGE_CURVE('',#1069,#1077,#1299,.T.);
#760=EDGE_CURVE('',#1070,#1078,#1300,.T.);
#761=EDGE_CURVE('',#1078,#1077,#1301,.T.);
#762=EDGE_CURVE('',#1071,#1079,#1302,.T.);
#763=EDGE_CURVE('',#1072,#1080,#1303,.T.);
#764=EDGE_CURVE('',#1080,#1079,#1304,.T.);
#765=EDGE_CURVE('',#1033,#1081,#1305,.T.);
#766=EDGE_CURVE('',#1082,#1036,#1306,.T.);
#767=EDGE_CURVE('',#1083,#1082,#1307,.T.);
#768=EDGE_CURVE('',#1083,#1084,#1308,.T.);
#769=EDGE_CURVE('',#1084,#1085,#1309,.T.);
#770=EDGE_CURVE('',#1086,#1085,#1310,.T.);
#771=EDGE_CURVE('',#1087,#1086,#1311,.T.);
#772=EDGE_CURVE('',#1047,#1087,#1312,.T.);
#773=EDGE_CURVE('',#1088,#1045,#1313,.T.);
#774=EDGE_CURVE('',#1089,#1088,#1314,.T.);
#775=EDGE_CURVE('',#1043,#1089,#1315,.T.);
#776=EDGE_CURVE('',#1090,#1041,#1316,.T.);
#777=EDGE_CURVE('',#1091,#1090,#1317,.T.);
#778=EDGE_CURVE('',#1039,#1091,#1318,.T.);
#779=EDGE_CURVE('',#1092,#1037,#1319,.T.);
#780=EDGE_CURVE('',#1081,#1092,#1320,.T.);
#781=EDGE_CURVE('',#1085,#1093,#1321,.T.);
#782=EDGE_CURVE('',#1084,#1094,#1322,.T.);
#783=EDGE_CURVE('',#1094,#1093,#1323,.T.);
#784=EDGE_CURVE('',#1093,#1095,#1324,.T.);
#785=EDGE_CURVE('',#1094,#1096,#1325,.T.);
#786=EDGE_CURVE('',#1096,#1095,#1326,.T.);
#787=EDGE_CURVE('',#1095,#1097,#1327,.T.);
#788=EDGE_CURVE('',#1096,#1098,#1328,.T.);
#789=EDGE_CURVE('',#1098,#1097,#1329,.T.);
#790=EDGE_CURVE('',#1097,#1099,#1330,.T.);
#791=EDGE_CURVE('',#1098,#1100,#1331,.T.);
#792=EDGE_CURVE('',#1100,#1099,#1332,.T.);
#793=EDGE_CURVE('',#1099,#1101,#1333,.T.);
#794=EDGE_CURVE('',#1100,#1102,#1334,.T.);
#795=EDGE_CURVE('',#1102,#1101,#1335,.T.);
#796=EDGE_CURVE('',#1103,#1073,#1336,.T.);
#797=EDGE_CURVE('',#1104,#1103,#1337,.T.);
#798=EDGE_CURVE('',#1075,#1104,#1338,.T.);
#799=EDGE_CURVE('',#1105,#1076,#1339,.T.);
#800=EDGE_CURVE('',#1106,#1105,#1340,.T.);
#801=EDGE_CURVE('',#1077,#1106,#1341,.T.);
#802=EDGE_CURVE('',#1107,#1078,#1342,.T.);
#803=EDGE_CURVE('',#1108,#1107,#1343,.T.);
#804=EDGE_CURVE('',#1079,#1108,#1344,.T.);
#805=EDGE_CURVE('',#1109,#1080,#1345,.T.);
#806=EDGE_CURVE('',#1110,#1109,#1346,.T.);
#807=EDGE_CURVE('',#1101,#1110,#1347,.T.);
#808=EDGE_CURVE('',#1102,#1111,#1348,.T.);
#809=EDGE_CURVE('',#1111,#1112,#1349,.T.);
#810=EDGE_CURVE('',#1074,#1112,#1350,.T.);
#811=EDGE_CURVE('',#1112,#1082,#1351,.T.);
#812=EDGE_CURVE('',#1111,#1083,#1352,.T.);
#813=EDGE_CURVE('',#1086,#1110,#1353,.T.);
#814=EDGE_CURVE('',#1087,#1109,#1354,.T.);
#815=EDGE_CURVE('',#1088,#1108,#1355,.T.);
#816=EDGE_CURVE('',#1089,#1107,#1356,.T.);
#817=EDGE_CURVE('',#1090,#1106,#1357,.T.);
#818=EDGE_CURVE('',#1091,#1105,#1358,.T.);
#819=EDGE_CURVE('',#1081,#1103,#1359,.T.);
#820=EDGE_CURVE('',#1092,#1104,#1360,.T.);
#821=EDGE_CURVE('',#1113,#1114,#1361,.T.);
#822=EDGE_CURVE('',#1113,#1115,#1362,.T.);
#823=EDGE_CURVE('',#1116,#1115,#1363,.T.);
#824=EDGE_CURVE('',#1114,#1116,#1364,.T.);
#825=EDGE_CURVE('',#1117,#1118,#1365,.T.);
#826=EDGE_CURVE('',#1117,#1119,#1366,.T.);
#827=EDGE_CURVE('',#1120,#1119,#1367,.T.);
#828=EDGE_CURVE('',#1118,#1120,#1368,.T.);
#829=EDGE_CURVE('',#1121,#1122,#1369,.T.);
#830=EDGE_CURVE('',#1121,#1123,#1370,.T.);
#831=EDGE_CURVE('',#1124,#1123,#1371,.T.);
#832=EDGE_CURVE('',#1122,#1124,#1372,.T.);
#833=EDGE_CURVE('',#1125,#1126,#1373,.T.);
#834=EDGE_CURVE('',#1125,#1127,#1374,.T.);
#835=EDGE_CURVE('',#1128,#1127,#1375,.T.);
#836=EDGE_CURVE('',#1126,#1128,#1376,.T.);
#837=EDGE_CURVE('',#1129,#1130,#1377,.T.);
#838=EDGE_CURVE('',#1129,#1131,#1378,.T.);
#839=EDGE_CURVE('',#1132,#1131,#1379,.T.);
#840=EDGE_CURVE('',#1130,#1132,#1380,.T.);
#841=EDGE_CURVE('',#1133,#1134,#1381,.T.);
#842=EDGE_CURVE('',#1133,#1135,#1382,.T.);
#843=EDGE_CURVE('',#1136,#1135,#1383,.T.);
#844=EDGE_CURVE('',#1134,#1136,#1384,.T.);
#845=EDGE_CURVE('',#1137,#1138,#1385,.T.);
#846=EDGE_CURVE('',#1137,#1139,#1386,.T.);
#847=EDGE_CURVE('',#1140,#1139,#1387,.T.);
#848=EDGE_CURVE('',#1138,#1140,#1388,.T.);
#849=EDGE_CURVE('',#1141,#1142,#1389,.T.);
#850=EDGE_CURVE('',#1141,#1143,#1390,.T.);
#851=EDGE_CURVE('',#1144,#1143,#1391,.T.);
#852=EDGE_CURVE('',#1142,#1144,#1392,.T.);
#853=EDGE_CURVE('',#1145,#1129,#1393,.T.);
#854=EDGE_CURVE('',#1145,#1146,#1394,.T.);
#855=EDGE_CURVE('',#1146,#1131,#1395,.T.);
#856=EDGE_CURVE('',#1147,#1133,#1396,.T.);
#857=EDGE_CURVE('',#1147,#1148,#1397,.T.);
#858=EDGE_CURVE('',#1148,#1135,#1398,.T.);
#859=EDGE_CURVE('',#1149,#1137,#1399,.T.);
#860=EDGE_CURVE('',#1149,#1150,#1400,.T.);
#861=EDGE_CURVE('',#1150,#1139,#1401,.T.);
#862=EDGE_CURVE('',#1151,#1141,#1402,.T.);
#863=EDGE_CURVE('',#1151,#1152,#1403,.T.);
#864=EDGE_CURVE('',#1152,#1143,#1404,.T.);
#865=EDGE_CURVE('',#1153,#1145,#1405,.T.);
#866=EDGE_CURVE('',#1153,#1154,#1406,.T.);
#867=EDGE_CURVE('',#1146,#1154,#1407,.T.);
#868=EDGE_CURVE('',#1155,#1147,#1408,.T.);
#869=EDGE_CURVE('',#1155,#1156,#1409,.T.);
#870=EDGE_CURVE('',#1148,#1156,#1410,.T.);
#871=EDGE_CURVE('',#1157,#1149,#1411,.T.);
#872=EDGE_CURVE('',#1157,#1158,#1412,.T.);
#873=EDGE_CURVE('',#1150,#1158,#1413,.T.);
#874=EDGE_CURVE('',#1159,#1151,#1414,.T.);
#875=EDGE_CURVE('',#1159,#1160,#1415,.T.);
#876=EDGE_CURVE('',#1152,#1160,#1416,.T.);
#877=EDGE_CURVE('',#1161,#1162,#1417,.T.);
#878=EDGE_CURVE('',#1161,#1163,#1418,.T.);
#879=EDGE_CURVE('',#1164,#1163,#1419,.T.);
#880=EDGE_CURVE('',#1162,#1164,#1420,.T.);
#881=EDGE_CURVE('',#1165,#1166,#1421,.T.);
#882=EDGE_CURVE('',#1165,#1167,#1422,.T.);
#883=EDGE_CURVE('',#1168,#1167,#1423,.T.);
#884=EDGE_CURVE('',#1166,#1168,#1424,.T.);
#885=EDGE_CURVE('',#1169,#1170,#1425,.T.);
#886=EDGE_CURVE('',#1169,#1171,#1426,.T.);
#887=EDGE_CURVE('',#1172,#1171,#1427,.T.);
#888=EDGE_CURVE('',#1170,#1172,#1428,.T.);
#889=EDGE_CURVE('',#1173,#1174,#1429,.T.);
#890=EDGE_CURVE('',#1173,#1175,#1430,.T.);
#891=EDGE_CURVE('',#1176,#1175,#1431,.T.);
#892=EDGE_CURVE('',#1174,#1176,#1432,.T.);
#893=EDGE_CURVE('',#1114,#1161,#1433,.T.);
#894=EDGE_CURVE('',#1163,#1116,#1434,.T.);
#895=EDGE_CURVE('',#1118,#1165,#1435,.T.);
#896=EDGE_CURVE('',#1167,#1120,#1436,.T.);
#897=EDGE_CURVE('',#1122,#1169,#1437,.T.);
#898=EDGE_CURVE('',#1171,#1124,#1438,.T.);
#899=EDGE_CURVE('',#1126,#1173,#1439,.T.);
#900=EDGE_CURVE('',#1175,#1128,#1440,.T.);
#901=EDGE_CURVE('',#1177,#1178,#1441,.T.);
#902=EDGE_CURVE('',#1177,#1179,#1442,.T.);
#903=EDGE_CURVE('',#1180,#1179,#1443,.T.);
#904=EDGE_CURVE('',#1178,#1180,#1444,.T.);
#905=EDGE_CURVE('',#1115,#1181,#1445,.T.);
#906=EDGE_CURVE('',#1113,#1182,#1446,.T.);
#907=EDGE_CURVE('',#1182,#1183,#1447,.T.);
#908=EDGE_CURVE('',#1179,#1183,#1448,.T.);
#909=EDGE_CURVE('',#1184,#1177,#1449,.T.);
#910=EDGE_CURVE('',#1185,#1184,#1450,.T.);
#911=EDGE_CURVE('',#1127,#1185,#1451,.T.);
#912=EDGE_CURVE('',#1186,#1125,#1452,.T.);
#913=EDGE_CURVE('',#1187,#1186,#1453,.T.);
#914=EDGE_CURVE('',#1123,#1187,#1454,.T.);
#915=EDGE_CURVE('',#1188,#1121,#1455,.T.);
#916=EDGE_CURVE('',#1189,#1188,#1456,.T.);
#917=EDGE_CURVE('',#1119,#1189,#1457,.T.);
#918=EDGE_CURVE('',#1190,#1117,#1458,.T.);
#919=EDGE_CURVE('',#1181,#1190,#1459,.T.);
#920=EDGE_CURVE('',#1183,#1191,#1460,.T.);
#921=EDGE_CURVE('',#1182,#1192,#1461,.T.);
#922=EDGE_CURVE('',#1192,#1191,#1462,.T.);
#923=EDGE_CURVE('',#1193,#1132,#1463,.T.);
#924=EDGE_CURVE('',#1194,#1193,#1464,.T.);
#925=EDGE_CURVE('',#1134,#1194,#1465,.T.);
#926=EDGE_CURVE('',#1195,#1136,#1466,.T.);
#927=EDGE_CURVE('',#1196,#1195,#1467,.T.);
#928=EDGE_CURVE('',#1138,#1196,#1468,.T.);
#929=EDGE_CURVE('',#1197,#1140,#1469,.T.);
#930=EDGE_CURVE('',#1198,#1197,#1470,.T.);
#931=EDGE_CURVE('',#1142,#1198,#1471,.T.);
#932=EDGE_CURVE('',#1199,#1144,#1472,.T.);
#933=EDGE_CURVE('',#1200,#1199,#1473,.T.);
#934=EDGE_CURVE('',#1201,#1200,#1474,.T.);
#935=EDGE_CURVE('',#1201,#1202,#1475,.T.);
#936=EDGE_CURVE('',#1191,#1202,#1476,.T.);
#937=EDGE_CURVE('',#1192,#1130,#1477,.T.);
#938=EDGE_CURVE('',#1203,#1201,#1478,.T.);
#939=EDGE_CURVE('',#1203,#1204,#1479,.T.);
#940=EDGE_CURVE('',#1202,#1204,#1480,.T.);
#941=EDGE_CURVE('',#1205,#1203,#1481,.T.);
#942=EDGE_CURVE('',#1205,#1206,#1482,.T.);
#943=EDGE_CURVE('',#1206,#1204,#1483,.T.);
#944=EDGE_CURVE('',#1207,#1205,#1484,.T.);
#945=EDGE_CURVE('',#1207,#1208,#1485,.T.);
#946=EDGE_CURVE('',#1206,#1208,#1486,.T.);
#947=EDGE_CURVE('',#1154,#1209,#1487,.T.);
#948=EDGE_CURVE('',#1153,#1210,#1488,.T.);
#949=EDGE_CURVE('',#1210,#1211,#1489,.T.);
#950=EDGE_CURVE('',#1208,#1211,#1490,.T.);
#951=EDGE_CURVE('',#1212,#1207,#1491,.T.);
#952=EDGE_CURVE('',#1213,#1212,#1492,.T.);
#953=EDGE_CURVE('',#1160,#1213,#1493,.T.);
#954=EDGE_CURVE('',#1214,#1159,#1494,.T.);
#955=EDGE_CURVE('',#1215,#1214,#1495,.T.);
#956=EDGE_CURVE('',#1158,#1215,#1496,.T.);
#957=EDGE_CURVE('',#1216,#1157,#1497,.T.);
#958=EDGE_CURVE('',#1217,#1216,#1498,.T.);
#959=EDGE_CURVE('',#1156,#1217,#1499,.T.);
#960=EDGE_CURVE('',#1218,#1155,#1500,.T.);
#961=EDGE_CURVE('',#1209,#1218,#1501,.T.);
#962=EDGE_CURVE('',#1211,#1219,#1502,.T.);
#963=EDGE_CURVE('',#1210,#1220,#1503,.T.);
#964=EDGE_CURVE('',#1220,#1219,#1504,.T.);
#965=EDGE_CURVE('',#1221,#1164,#1505,.T.);
#966=EDGE_CURVE('',#1222,#1221,#1506,.T.);
#967=EDGE_CURVE('',#1166,#1222,#1507,.T.);
#968=EDGE_CURVE('',#1223,#1168,#1508,.T.);
#969=EDGE_CURVE('',#1224,#1223,#1509,.T.);
#970=EDGE_CURVE('',#1170,#1224,#1510,.T.);
#971=EDGE_CURVE('',#1225,#1172,#1511,.T.);
#972=EDGE_CURVE('',#1226,#1225,#1512,.T.);
#973=EDGE_CURVE('',#1174,#1226,#1513,.T.);
#974=EDGE_CURVE('',#1227,#1176,#1514,.T.);
#975=EDGE_CURVE('',#1228,#1227,#1515,.T.);
#976=EDGE_CURVE('',#1229,#1228,#1516,.T.);
#977=EDGE_CURVE('',#1229,#1230,#1517,.T.);
#978=EDGE_CURVE('',#1219,#1230,#1518,.T.);
#979=EDGE_CURVE('',#1220,#1162,#1519,.T.);
#980=EDGE_CURVE('',#1231,#1229,#1520,.T.);
#981=EDGE_CURVE('',#1231,#1232,#1521,.T.);
#982=EDGE_CURVE('',#1230,#1232,#1522,.T.);
#983=EDGE_CURVE('',#1178,#1231,#1523,.T.);
#984=EDGE_CURVE('',#1180,#1232,#1524,.T.);
#985=EDGE_CURVE('',#1113,#1162,#1525,.T.);
#986=EDGE_CURVE('',#1153,#1130,#1526,.T.);
#987=EDGE_CURVE('',#1179,#1230,#1527,.T.);
#988=EDGE_CURVE('',#1208,#1202,#1528,.T.);
#989=EDGE_CURVE('',#1177,#1229,#1529,.T.);
#990=EDGE_CURVE('',#1184,#1228,#1530,.T.);
#991=EDGE_CURVE('',#1185,#1227,#1531,.T.);
#992=EDGE_CURVE('',#1127,#1176,#1532,.T.);
#993=EDGE_CURVE('',#1125,#1174,#1533,.T.);
#994=EDGE_CURVE('',#1186,#1226,#1534,.T.);
#995=EDGE_CURVE('',#1187,#1225,#1535,.T.);
#996=EDGE_CURVE('',#1123,#1172,#1536,.T.);
#997=EDGE_CURVE('',#1121,#1170,#1537,.T.);
#998=EDGE_CURVE('',#1188,#1224,#1538,.T.);
#999=EDGE_CURVE('',#1189,#1223,#1539,.T.);
#1000=EDGE_CURVE('',#1119,#1168,#1540,.T.);
#1001=EDGE_CURVE('',#1117,#1166,#1541,.T.);
#1002=EDGE_CURVE('',#1190,#1222,#1542,.T.);
#1003=EDGE_CURVE('',#1181,#1221,#1543,.T.);
#1004=EDGE_CURVE('',#1115,#1164,#1544,.T.);
#1005=EDGE_CURVE('',#1212,#1200,#1545,.T.);
#1006=EDGE_CURVE('',#1207,#1201,#1546,.T.);
#1007=EDGE_CURVE('',#1213,#1199,#1547,.T.);
#1008=EDGE_CURVE('',#1160,#1144,#1548,.T.);
#1009=EDGE_CURVE('',#1214,#1198,#1549,.T.);
#1010=EDGE_CURVE('',#1159,#1142,#1550,.T.);
#1011=EDGE_CURVE('',#1215,#1197,#1551,.T.);
#1012=EDGE_CURVE('',#1158,#1140,#1552,.T.);
#1013=EDGE_CURVE('',#1216,#1196,#1553,.T.);
#1014=EDGE_CURVE('',#1157,#1138,#1554,.T.);
#1015=EDGE_CURVE('',#1217,#1195,#1555,.T.);
#1016=EDGE_CURVE('',#1156,#1136,#1556,.T.);
#1017=EDGE_CURVE('',#1154,#1132,#1557,.T.);
#1018=EDGE_CURVE('',#1209,#1193,#1558,.T.);
#1019=EDGE_CURVE('',#1218,#1194,#1559,.T.);
#1020=EDGE_CURVE('',#1155,#1134,#1560,.T.);
#1021=EDGE_CURVE('',#1233,#1234,#1561,.T.);
#1022=EDGE_CURVE('',#1235,#1234,#1562,.T.);
#1023=EDGE_CURVE('',#1236,#1235,#1563,.T.);
#1024=EDGE_CURVE('',#1236,#1233,#1564,.T.);
#1025=EDGE_CURVE('',#1234,#1237,#1565,.T.);
#1026=EDGE_CURVE('',#1238,#1237,#1566,.T.);
#1027=EDGE_CURVE('',#1235,#1238,#1567,.T.);
#1028=EDGE_CURVE('',#1237,#1239,#1568,.T.);
#1029=EDGE_CURVE('',#1240,#1239,#1569,.T.);
#1030=EDGE_CURVE('',#1238,#1240,#1570,.T.);
#1031=EDGE_CURVE('',#1239,#1233,#1571,.T.);
#1032=EDGE_CURVE('',#1240,#1236,#1572,.T.);
#1033=VERTEX_POINT('',#3199);
#1034=VERTEX_POINT('',#3200);
#1035=VERTEX_POINT('',#3202);
#1036=VERTEX_POINT('',#3204);
#1037=VERTEX_POINT('',#3208);
#1038=VERTEX_POINT('',#3209);
#1039=VERTEX_POINT('',#3211);
#1040=VERTEX_POINT('',#3213);
#1041=VERTEX_POINT('',#3217);
#1042=VERTEX_POINT('',#3218);
#1043=VERTEX_POINT('',#3220);
#1044=VERTEX_POINT('',#3222);
#1045=VERTEX_POINT('',#3226);
#1046=VERTEX_POINT('',#3227);
#1047=VERTEX_POINT('',#3229);
#1048=VERTEX_POINT('',#3231);
#1049=VERTEX_POINT('',#3235);
#1050=VERTEX_POINT('',#3237);
#1051=VERTEX_POINT('',#3241);
#1052=VERTEX_POINT('',#3243);
#1053=VERTEX_POINT('',#3247);
#1054=VERTEX_POINT('',#3249);
#1055=VERTEX_POINT('',#3253);
#1056=VERTEX_POINT('',#3255);
#1057=VERTEX_POINT('',#3259);
#1058=VERTEX_POINT('',#3261);
#1059=VERTEX_POINT('',#3265);
#1060=VERTEX_POINT('',#3267);
#1061=VERTEX_POINT('',#3271);
#1062=VERTEX_POINT('',#3273);
#1063=VERTEX_POINT('',#3277);
#1064=VERTEX_POINT('',#3279);
#1065=VERTEX_POINT('',#3283);
#1066=VERTEX_POINT('',#3285);
#1067=VERTEX_POINT('',#3289);
#1068=VERTEX_POINT('',#3291);
#1069=VERTEX_POINT('',#3295);
#1070=VERTEX_POINT('',#3297);
#1071=VERTEX_POINT('',#3301);
#1072=VERTEX_POINT('',#3303);
#1073=VERTEX_POINT('',#3307);
#1074=VERTEX_POINT('',#3309);
#1075=VERTEX_POINT('',#3313);
#1076=VERTEX_POINT('',#3315);
#1077=VERTEX_POINT('',#3319);
#1078=VERTEX_POINT('',#3321);
#1079=VERTEX_POINT('',#3325);
#1080=VERTEX_POINT('',#3327);
#1081=VERTEX_POINT('',#3331);
#1082=VERTEX_POINT('',#3333);
#1083=VERTEX_POINT('',#3335);
#1084=VERTEX_POINT('',#3337);
#1085=VERTEX_POINT('',#3339);
#1086=VERTEX_POINT('',#3341);
#1087=VERTEX_POINT('',#3343);
#1088=VERTEX_POINT('',#3346);
#1089=VERTEX_POINT('',#3348);
#1090=VERTEX_POINT('',#3351);
#1091=VERTEX_POINT('',#3353);
#1092=VERTEX_POINT('',#3356);
#1093=VERTEX_POINT('',#3360);
#1094=VERTEX_POINT('',#3362);
#1095=VERTEX_POINT('',#3366);
#1096=VERTEX_POINT('',#3368);
#1097=VERTEX_POINT('',#3372);
#1098=VERTEX_POINT('',#3374);
#1099=VERTEX_POINT('',#3378);
#1100=VERTEX_POINT('',#3380);
#1101=VERTEX_POINT('',#3384);
#1102=VERTEX_POINT('',#3386);
#1103=VERTEX_POINT('',#3390);
#1104=VERTEX_POINT('',#3392);
#1105=VERTEX_POINT('',#3395);
#1106=VERTEX_POINT('',#3397);
#1107=VERTEX_POINT('',#3400);
#1108=VERTEX_POINT('',#3402);
#1109=VERTEX_POINT('',#3405);
#1110=VERTEX_POINT('',#3407);
#1111=VERTEX_POINT('',#3410);
#1112=VERTEX_POINT('',#3412);
#1113=VERTEX_POINT('',#3442);
#1114=VERTEX_POINT('',#3443);
#1115=VERTEX_POINT('',#3445);
#1116=VERTEX_POINT('',#3447);
#1117=VERTEX_POINT('',#3451);
#1118=VERTEX_POINT('',#3452);
#1119=VERTEX_POINT('',#3454);
#1120=VERTEX_POINT('',#3456);
#1121=VERTEX_POINT('',#3460);
#1122=VERTEX_POINT('',#3461);
#1123=VERTEX_POINT('',#3463);
#1124=VERTEX_POINT('',#3465);
#1125=VERTEX_POINT('',#3469);
#1126=VERTEX_POINT('',#3470);
#1127=VERTEX_POINT('',#3472);
#1128=VERTEX_POINT('',#3474);
#1129=VERTEX_POINT('',#3478);
#1130=VERTEX_POINT('',#3479);
#1131=VERTEX_POINT('',#3481);
#1132=VERTEX_POINT('',#3483);
#1133=VERTEX_POINT('',#3487);
#1134=VERTEX_POINT('',#3488);
#1135=VERTEX_POINT('',#3490);
#1136=VERTEX_POINT('',#3492);
#1137=VERTEX_POINT('',#3496);
#1138=VERTEX_POINT('',#3497);
#1139=VERTEX_POINT('',#3499);
#1140=VERTEX_POINT('',#3501);
#1141=VERTEX_POINT('',#3505);
#1142=VERTEX_POINT('',#3506);
#1143=VERTEX_POINT('',#3508);
#1144=VERTEX_POINT('',#3510);
#1145=VERTEX_POINT('',#3514);
#1146=VERTEX_POINT('',#3516);
#1147=VERTEX_POINT('',#3520);
#1148=VERTEX_POINT('',#3522);
#1149=VERTEX_POINT('',#3526);
#1150=VERTEX_POINT('',#3528);
#1151=VERTEX_POINT('',#3532);
#1152=VERTEX_POINT('',#3534);
#1153=VERTEX_POINT('',#3538);
#1154=VERTEX_POINT('',#3540);
#1155=VERTEX_POINT('',#3544);
#1156=VERTEX_POINT('',#3546);
#1157=VERTEX_POINT('',#3550);
#1158=VERTEX_POINT('',#3552);
#1159=VERTEX_POINT('',#3556);
#1160=VERTEX_POINT('',#3558);
#1161=VERTEX_POINT('',#3562);
#1162=VERTEX_POINT('',#3563);
#1163=VERTEX_POINT('',#3565);
#1164=VERTEX_POINT('',#3567);
#1165=VERTEX_POINT('',#3571);
#1166=VERTEX_POINT('',#3572);
#1167=VERTEX_POINT('',#3574);
#1168=VERTEX_POINT('',#3576);
#1169=VERTEX_POINT('',#3580);
#1170=VERTEX_POINT('',#3581);
#1171=VERTEX_POINT('',#3583);
#1172=VERTEX_POINT('',#3585);
#1173=VERTEX_POINT('',#3589);
#1174=VERTEX_POINT('',#3590);
#1175=VERTEX_POINT('',#3592);
#1176=VERTEX_POINT('',#3594);
#1177=VERTEX_POINT('',#3610);
#1178=VERTEX_POINT('',#3611);
#1179=VERTEX_POINT('',#3613);
#1180=VERTEX_POINT('',#3615);
#1181=VERTEX_POINT('',#3619);
#1182=VERTEX_POINT('',#3621);
#1183=VERTEX_POINT('',#3623);
#1184=VERTEX_POINT('',#3626);
#1185=VERTEX_POINT('',#3628);
#1186=VERTEX_POINT('',#3631);
#1187=VERTEX_POINT('',#3633);
#1188=VERTEX_POINT('',#3636);
#1189=VERTEX_POINT('',#3638);
#1190=VERTEX_POINT('',#3641);
#1191=VERTEX_POINT('',#3645);
#1192=VERTEX_POINT('',#3647);
#1193=VERTEX_POINT('',#3651);
#1194=VERTEX_POINT('',#3653);
#1195=VERTEX_POINT('',#3656);
#1196=VERTEX_POINT('',#3658);
#1197=VERTEX_POINT('',#3661);
#1198=VERTEX_POINT('',#3663);
#1199=VERTEX_POINT('',#3666);
#1200=VERTEX_POINT('',#3668);
#1201=VERTEX_POINT('',#3670);
#1202=VERTEX_POINT('',#3672);
#1203=VERTEX_POINT('',#3677);
#1204=VERTEX_POINT('',#3679);
#1205=VERTEX_POINT('',#3683);
#1206=VERTEX_POINT('',#3685);
#1207=VERTEX_POINT('',#3689);
#1208=VERTEX_POINT('',#3691);
#1209=VERTEX_POINT('',#3695);
#1210=VERTEX_POINT('',#3697);
#1211=VERTEX_POINT('',#3699);
#1212=VERTEX_POINT('',#3702);
#1213=VERTEX_POINT('',#3704);
#1214=VERTEX_POINT('',#3707);
#1215=VERTEX_POINT('',#3709);
#1216=VERTEX_POINT('',#3712);
#1217=VERTEX_POINT('',#3714);
#1218=VERTEX_POINT('',#3717);
#1219=VERTEX_POINT('',#3721);
#1220=VERTEX_POINT('',#3723);
#1221=VERTEX_POINT('',#3727);
#1222=VERTEX_POINT('',#3729);
#1223=VERTEX_POINT('',#3732);
#1224=VERTEX_POINT('',#3734);
#1225=VERTEX_POINT('',#3737);
#1226=VERTEX_POINT('',#3739);
#1227=VERTEX_POINT('',#3742);
#1228=VERTEX_POINT('',#3744);
#1229=VERTEX_POINT('',#3746);
#1230=VERTEX_POINT('',#3748);
#1231=VERTEX_POINT('',#3753);
#1232=VERTEX_POINT('',#3755);
#1233=VERTEX_POINT('',#3845);
#1234=VERTEX_POINT('',#3846);
#1235=VERTEX_POINT('',#3848);
#1236=VERTEX_POINT('',#3850);
#1237=VERTEX_POINT('',#3854);
#1238=VERTEX_POINT('',#3856);
#1239=VERTEX_POINT('',#3860);
#1240=VERTEX_POINT('',#3862);
#1241=LINE('',#3198,#1573);
#1242=LINE('',#3201,#1574);
#1243=LINE('',#3203,#1575);
#1244=LINE('',#3205,#1576);
#1245=LINE('',#3207,#1577);
#1246=LINE('',#3210,#1578);
#1247=LINE('',#3212,#1579);
#1248=LINE('',#3214,#1580);
#1249=LINE('',#3216,#1581);
#1250=LINE('',#3219,#1582);
#1251=LINE('',#3221,#1583);
#1252=LINE('',#3223,#1584);
#1253=LINE('',#3225,#1585);
#1254=LINE('',#3228,#1586);
#1255=LINE('',#3230,#1587);
#1256=LINE('',#3232,#1588);
#1257=LINE('',#3234,#1589);
#1258=LINE('',#3236,#1590);
#1259=LINE('',#3238,#1591);
#1260=LINE('',#3240,#1592);
#1261=LINE('',#3242,#1593);
#1262=LINE('',#3244,#1594);
#1263=LINE('',#3246,#1595);
#1264=LINE('',#3248,#1596);
#1265=LINE('',#3250,#1597);
#1266=LINE('',#3252,#1598);
#1267=LINE('',#3254,#1599);
#1268=LINE('',#3256,#1600);
#1269=LINE('',#3258,#1601);
#1270=LINE('',#3260,#1602);
#1271=LINE('',#3262,#1603);
#1272=LINE('',#3264,#1604);
#1273=LINE('',#3266,#1605);
#1274=LINE('',#3268,#1606);
#1275=LINE('',#3270,#1607);
#1276=LINE('',#3272,#1608);
#1277=LINE('',#3274,#1609);
#1278=LINE('',#3276,#1610);
#1279=LINE('',#3278,#1611);
#1280=LINE('',#3280,#1612);
#1281=LINE('',#3282,#1613);
#1282=LINE('',#3284,#1614);
#1283=LINE('',#3286,#1615);
#1284=LINE('',#3288,#1616);
#1285=LINE('',#3290,#1617);
#1286=LINE('',#3292,#1618);
#1287=LINE('',#3294,#1619);
#1288=LINE('',#3296,#1620);
#1289=LINE('',#3298,#1621);
#1290=LINE('',#3300,#1622);
#1291=LINE('',#3302,#1623);
#1292=LINE('',#3304,#1624);
#1293=LINE('',#3306,#1625);
#1294=LINE('',#3308,#1626);
#1295=LINE('',#3310,#1627);
#1296=LINE('',#3312,#1628);
#1297=LINE('',#3314,#1629);
#1298=LINE('',#3316,#1630);
#1299=LINE('',#3318,#1631);
#1300=LINE('',#3320,#1632);
#1301=LINE('',#3322,#1633);
#1302=LINE('',#3324,#1634);
#1303=LINE('',#3326,#1635);
#1304=LINE('',#3328,#1636);
#1305=LINE('',#3330,#1637);
#1306=LINE('',#3332,#1638);
#1307=LINE('',#3334,#1639);
#1308=LINE('',#3336,#1640);
#1309=LINE('',#3338,#1641);
#1310=LINE('',#3340,#1642);
#1311=LINE('',#3342,#1643);
#1312=LINE('',#3344,#1644);
#1313=LINE('',#3345,#1645);
#1314=LINE('',#3347,#1646);
#1315=LINE('',#3349,#1647);
#1316=LINE('',#3350,#1648);
#1317=LINE('',#3352,#1649);
#1318=LINE('',#3354,#1650);
#1319=LINE('',#3355,#1651);
#1320=LINE('',#3357,#1652);
#1321=LINE('',#3359,#1653);
#1322=LINE('',#3361,#1654);
#1323=LINE('',#3363,#1655);
#1324=LINE('',#3365,#1656);
#1325=LINE('',#3367,#1657);
#1326=LINE('',#3369,#1658);
#1327=LINE('',#3371,#1659);
#1328=LINE('',#3373,#1660);
#1329=LINE('',#3375,#1661);
#1330=LINE('',#3377,#1662);
#1331=LINE('',#3379,#1663);
#1332=LINE('',#3381,#1664);
#1333=LINE('',#3383,#1665);
#1334=LINE('',#3385,#1666);
#1335=LINE('',#3387,#1667);
#1336=LINE('',#3389,#1668);
#1337=LINE('',#3391,#1669);
#1338=LINE('',#3393,#1670);
#1339=LINE('',#3394,#1671);
#1340=LINE('',#3396,#1672);
#1341=LINE('',#3398,#1673);
#1342=LINE('',#3399,#1674);
#1343=LINE('',#3401,#1675);
#1344=LINE('',#3403,#1676);
#1345=LINE('',#3404,#1677);
#1346=LINE('',#3406,#1678);
#1347=LINE('',#3408,#1679);
#1348=LINE('',#3409,#1680);
#1349=LINE('',#3411,#1681);
#1350=LINE('',#3413,#1682);
#1351=LINE('',#3415,#1683);
#1352=LINE('',#3416,#1684);
#1353=LINE('',#3420,#1685);
#1354=LINE('',#3422,#1686);
#1355=LINE('',#3425,#1687);
#1356=LINE('',#3427,#1688);
#1357=LINE('',#3430,#1689);
#1358=LINE('',#3432,#1690);
#1359=LINE('',#3435,#1691);
#1360=LINE('',#3437,#1692);
#1361=LINE('',#3441,#1693);
#1362=LINE('',#3444,#1694);
#1363=LINE('',#3446,#1695);
#1364=LINE('',#3448,#1696);
#1365=LINE('',#3450,#1697);
#1366=LINE('',#3453,#1698);
#1367=LINE('',#3455,#1699);
#1368=LINE('',#3457,#1700);
#1369=LINE('',#3459,#1701);
#1370=LINE('',#3462,#1702);
#1371=LINE('',#3464,#1703);
#1372=LINE('',#3466,#1704);
#1373=LINE('',#3468,#1705);
#1374=LINE('',#3471,#1706);
#1375=LINE('',#3473,#1707);
#1376=LINE('',#3475,#1708);
#1377=LINE('',#3477,#1709);
#1378=LINE('',#3480,#1710);
#1379=LINE('',#3482,#1711);
#1380=LINE('',#3484,#1712);
#1381=LINE('',#3486,#1713);
#1382=LINE('',#3489,#1714);
#1383=LINE('',#3491,#1715);
#1384=LINE('',#3493,#1716);
#1385=LINE('',#3495,#1717);
#1386=LINE('',#3498,#1718);
#1387=LINE('',#3500,#1719);
#1388=LINE('',#3502,#1720);
#1389=LINE('',#3504,#1721);
#1390=LINE('',#3507,#1722);
#1391=LINE('',#3509,#1723);
#1392=LINE('',#3511,#1724);
#1393=LINE('',#3513,#1725);
#1394=LINE('',#3515,#1726);
#1395=LINE('',#3517,#1727);
#1396=LINE('',#3519,#1728);
#1397=LINE('',#3521,#1729);
#1398=LINE('',#3523,#1730);
#1399=LINE('',#3525,#1731);
#1400=LINE('',#3527,#1732);
#1401=LINE('',#3529,#1733);
#1402=LINE('',#3531,#1734);
#1403=LINE('',#3533,#1735);
#1404=LINE('',#3535,#1736);
#1405=LINE('',#3537,#1737);
#1406=LINE('',#3539,#1738);
#1407=LINE('',#3541,#1739);
#1408=LINE('',#3543,#1740);
#1409=LINE('',#3545,#1741);
#1410=LINE('',#3547,#1742);
#1411=LINE('',#3549,#1743);
#1412=LINE('',#3551,#1744);
#1413=LINE('',#3553,#1745);
#1414=LINE('',#3555,#1746);
#1415=LINE('',#3557,#1747);
#1416=LINE('',#3559,#1748);
#1417=LINE('',#3561,#1749);
#1418=LINE('',#3564,#1750);
#1419=LINE('',#3566,#1751);
#1420=LINE('',#3568,#1752);
#1421=LINE('',#3570,#1753);
#1422=LINE('',#3573,#1754);
#1423=LINE('',#3575,#1755);
#1424=LINE('',#3577,#1756);
#1425=LINE('',#3579,#1757);
#1426=LINE('',#3582,#1758);
#1427=LINE('',#3584,#1759);
#1428=LINE('',#3586,#1760);
#1429=LINE('',#3588,#1761);
#1430=LINE('',#3591,#1762);
#1431=LINE('',#3593,#1763);
#1432=LINE('',#3595,#1764);
#1433=LINE('',#3597,#1765);
#1434=LINE('',#3598,#1766);
#1435=LINE('',#3600,#1767);
#1436=LINE('',#3601,#1768);
#1437=LINE('',#3603,#1769);
#1438=LINE('',#3604,#1770);
#1439=LINE('',#3606,#1771);
#1440=LINE('',#3607,#1772);
#1441=LINE('',#3609,#1773);
#1442=LINE('',#3612,#1774);
#1443=LINE('',#3614,#1775);
#1444=LINE('',#3616,#1776);
#1445=LINE('',#3618,#1777);
#1446=LINE('',#3620,#1778);
#1447=LINE('',#3622,#1779);
#1448=LINE('',#3624,#1780);
#1449=LINE('',#3625,#1781);
#1450=LINE('',#3627,#1782);
#1451=LINE('',#3629,#1783);
#1452=LINE('',#3630,#1784);
#1453=LINE('',#3632,#1785);
#1454=LINE('',#3634,#1786);
#1455=LINE('',#3635,#1787);
#1456=LINE('',#3637,#1788);
#1457=LINE('',#3639,#1789);
#1458=LINE('',#3640,#1790);
#1459=LINE('',#3642,#1791);
#1460=LINE('',#3644,#1792);
#1461=LINE('',#3646,#1793);
#1462=LINE('',#3648,#1794);
#1463=LINE('',#3650,#1795);
#1464=LINE('',#3652,#1796);
#1465=LINE('',#3654,#1797);
#1466=LINE('',#3655,#1798);
#1467=LINE('',#3657,#1799);
#1468=LINE('',#3659,#1800);
#1469=LINE('',#3660,#1801);
#1470=LINE('',#3662,#1802);
#1471=LINE('',#3664,#1803);
#1472=LINE('',#3665,#1804);
#1473=LINE('',#3667,#1805);
#1474=LINE('',#3669,#1806);
#1475=LINE('',#3671,#1807);
#1476=LINE('',#3673,#1808);
#1477=LINE('',#3674,#1809);
#1478=LINE('',#3676,#1810);
#1479=LINE('',#3678,#1811);
#1480=LINE('',#3680,#1812);
#1481=LINE('',#3682,#1813);
#1482=LINE('',#3684,#1814);
#1483=LINE('',#3686,#1815);
#1484=LINE('',#3688,#1816);
#1485=LINE('',#3690,#1817);
#1486=LINE('',#3692,#1818);
#1487=LINE('',#3694,#1819);
#1488=LINE('',#3696,#1820);
#1489=LINE('',#3698,#1821);
#1490=LINE('',#3700,#1822);
#1491=LINE('',#3701,#1823);
#1492=LINE('',#3703,#1824);
#1493=LINE('',#3705,#1825);
#1494=LINE('',#3706,#1826);
#1495=LINE('',#3708,#1827);
#1496=LINE('',#3710,#1828);
#1497=LINE('',#3711,#1829);
#1498=LINE('',#3713,#1830);
#1499=LINE('',#3715,#1831);
#1500=LINE('',#3716,#1832);
#1501=LINE('',#3718,#1833);
#1502=LINE('',#3720,#1834);
#1503=LINE('',#3722,#1835);
#1504=LINE('',#3724,#1836);
#1505=LINE('',#3726,#1837);
#1506=LINE('',#3728,#1838);
#1507=LINE('',#3730,#1839);
#1508=LINE('',#3731,#1840);
#1509=LINE('',#3733,#1841);
#1510=LINE('',#3735,#1842);
#1511=LINE('',#3736,#1843);
#1512=LINE('',#3738,#1844);
#1513=LINE('',#3740,#1845);
#1514=LINE('',#3741,#1846);
#1515=LINE('',#3743,#1847);
#1516=LINE('',#3745,#1848);
#1517=LINE('',#3747,#1849);
#1518=LINE('',#3749,#1850);
#1519=LINE('',#3750,#1851);
#1520=LINE('',#3752,#1852);
#1521=LINE('',#3754,#1853);
#1522=LINE('',#3756,#1854);
#1523=LINE('',#3758,#1855);
#1524=LINE('',#3759,#1856);
#1525=LINE('',#3761,#1857);
#1526=LINE('',#3762,#1858);
#1527=LINE('',#3764,#1859);
#1528=LINE('',#3765,#1860);
#1529=LINE('',#3771,#1861);
#1530=LINE('',#3773,#1862);
#1531=LINE('',#3775,#1863);
#1532=LINE('',#3777,#1864);
#1533=LINE('',#3780,#1865);
#1534=LINE('',#3782,#1866);
#1535=LINE('',#3784,#1867);
#1536=LINE('',#3786,#1868);
#1537=LINE('',#3789,#1869);
#1538=LINE('',#3791,#1870);
#1539=LINE('',#3793,#1871);
#1540=LINE('',#3795,#1872);
#1541=LINE('',#3798,#1873);
#1542=LINE('',#3800,#1874);
#1543=LINE('',#3802,#1875);
#1544=LINE('',#3804,#1876);
#1545=LINE('',#3807,#1877);
#1546=LINE('',#3808,#1878);
#1547=LINE('',#3810,#1879);
#1548=LINE('',#3812,#1880);
#1549=LINE('',#3816,#1881);
#1550=LINE('',#3817,#1882);
#1551=LINE('',#3819,#1883);
#1552=LINE('',#3821,#1884);
#1553=LINE('',#3825,#1885);
#1554=LINE('',#3826,#1886);
#1555=LINE('',#3828,#1887);
#1556=LINE('',#3830,#1888);
#1557=LINE('',#3834,#1889);
#1558=LINE('',#3835,#1890);
#1559=LINE('',#3837,#1891);
#1560=LINE('',#3839,#1892);
#1561=LINE('',#3844,#1893);
#1562=LINE('',#3847,#1894);
#1563=LINE('',#3849,#1895);
#1564=LINE('',#3851,#1896);
#1565=LINE('',#3853,#1897);
#1566=LINE('',#3855,#1898);
#1567=LINE('',#3857,#1899);
#1568=LINE('',#3859,#1900);
#1569=LINE('',#3861,#1901);
#1570=LINE('',#3863,#1902);
#1571=LINE('',#3865,#1903);
#1572=LINE('',#3866,#1904);
#1573=VECTOR('',#2600,39.3700787401575);
#1574=VECTOR('',#2601,39.3700787401575);
#1575=VECTOR('',#2602,39.3700787401575);
#1576=VECTOR('',#2603,39.3700787401575);
#1577=VECTOR('',#2606,39.3700787401575);
#1578=VECTOR('',#2607,39.3700787401575);
#1579=VECTOR('',#2608,39.3700787401575);
#1580=VECTOR('',#2609,39.3700787401575);
#1581=VECTOR('',#2612,39.3700787401575);
#1582=VECTOR('',#2613,39.3700787401575);
#1583=VECTOR('',#2614,39.3700787401575);
#1584=VECTOR('',#2615,39.3700787401575);
#1585=VECTOR('',#2618,39.3700787401575);
#1586=VECTOR('',#2619,39.3700787401575);
#1587=VECTOR('',#2620,39.3700787401575);
#1588=VECTOR('',#2621,39.3700787401575);
#1589=VECTOR('',#2624,39.3700787401575);
#1590=VECTOR('',#2625,39.3700787401575);
#1591=VECTOR('',#2626,39.3700787401575);
#1592=VECTOR('',#2629,39.3700787401575);
#1593=VECTOR('',#2630,39.3700787401575);
#1594=VECTOR('',#2631,39.3700787401575);
#1595=VECTOR('',#2634,39.3700787401575);
#1596=VECTOR('',#2635,39.3700787401575);
#1597=VECTOR('',#2636,39.3700787401575);
#1598=VECTOR('',#2639,39.3700787401575);
#1599=VECTOR('',#2640,39.3700787401575);
#1600=VECTOR('',#2641,39.3700787401575);
#1601=VECTOR('',#2644,39.3700787401575);
#1602=VECTOR('',#2645,39.3700787401575);
#1603=VECTOR('',#2646,39.3700787401575);
#1604=VECTOR('',#2649,39.3700787401575);
#1605=VECTOR('',#2650,39.3700787401575);
#1606=VECTOR('',#2651,39.3700787401575);
#1607=VECTOR('',#2654,39.3700787401575);
#1608=VECTOR('',#2655,39.3700787401575);
#1609=VECTOR('',#2656,39.3700787401575);
#1610=VECTOR('',#2659,39.3700787401575);
#1611=VECTOR('',#2660,39.3700787401575);
#1612=VECTOR('',#2661,39.3700787401575);
#1613=VECTOR('',#2664,39.3700787401575);
#1614=VECTOR('',#2665,39.3700787401575);
#1615=VECTOR('',#2666,39.3700787401575);
#1616=VECTOR('',#2669,39.3700787401575);
#1617=VECTOR('',#2670,39.3700787401575);
#1618=VECTOR('',#2671,39.3700787401575);
#1619=VECTOR('',#2674,39.3700787401575);
#1620=VECTOR('',#2675,39.3700787401575);
#1621=VECTOR('',#2676,39.3700787401575);
#1622=VECTOR('',#2679,39.3700787401575);
#1623=VECTOR('',#2680,39.3700787401575);
#1624=VECTOR('',#2681,39.3700787401575);
#1625=VECTOR('',#2684,39.3700787401575);
#1626=VECTOR('',#2685,39.3700787401575);
#1627=VECTOR('',#2686,39.3700787401575);
#1628=VECTOR('',#2689,39.3700787401575);
#1629=VECTOR('',#2690,39.3700787401575);
#1630=VECTOR('',#2691,39.3700787401575);
#1631=VECTOR('',#2694,39.3700787401575);
#1632=VECTOR('',#2695,39.3700787401575);
#1633=VECTOR('',#2696,39.3700787401575);
#1634=VECTOR('',#2699,39.3700787401575);
#1635=VECTOR('',#2700,39.3700787401575);
#1636=VECTOR('',#2701,39.3700787401575);
#1637=VECTOR('',#2704,39.3700787401575);
#1638=VECTOR('',#2705,39.3700787401575);
#1639=VECTOR('',#2706,39.3700787401575);
#1640=VECTOR('',#2707,39.3700787401575);
#1641=VECTOR('',#2708,39.3700787401575);
#1642=VECTOR('',#2709,39.3700787401575);
#1643=VECTOR('',#2710,39.3700787401575);
#1644=VECTOR('',#2711,39.3700787401575);
#1645=VECTOR('',#2712,39.3700787401575);
#1646=VECTOR('',#2713,39.3700787401575);
#1647=VECTOR('',#2714,39.3700787401575);
#1648=VECTOR('',#2715,39.3700787401575);
#1649=VECTOR('',#2716,39.3700787401575);
#1650=VECTOR('',#2717,39.3700787401575);
#1651=VECTOR('',#2718,39.3700787401575);
#1652=VECTOR('',#2719,39.3700787401575);
#1653=VECTOR('',#2722,39.3700787401575);
#1654=VECTOR('',#2723,39.3700787401575);
#1655=VECTOR('',#2724,39.3700787401575);
#1656=VECTOR('',#2727,39.3700787401575);
#1657=VECTOR('',#2728,39.3700787401575);
#1658=VECTOR('',#2729,39.3700787401575);
#1659=VECTOR('',#2732,39.3700787401575);
#1660=VECTOR('',#2733,39.3700787401575);
#1661=VECTOR('',#2734,39.3700787401575);
#1662=VECTOR('',#2737,39.3700787401575);
#1663=VECTOR('',#2738,39.3700787401575);
#1664=VECTOR('',#2739,39.3700787401575);
#1665=VECTOR('',#2742,39.3700787401575);
#1666=VECTOR('',#2743,39.3700787401575);
#1667=VECTOR('',#2744,39.3700787401575);
#1668=VECTOR('',#2747,39.3700787401575);
#1669=VECTOR('',#2748,39.3700787401575);
#1670=VECTOR('',#2749,39.3700787401575);
#1671=VECTOR('',#2750,39.3700787401575);
#1672=VECTOR('',#2751,39.3700787401575);
#1673=VECTOR('',#2752,39.3700787401575);
#1674=VECTOR('',#2753,39.3700787401575);
#1675=VECTOR('',#2754,39.3700787401575);
#1676=VECTOR('',#2755,39.3700787401575);
#1677=VECTOR('',#2756,39.3700787401575);
#1678=VECTOR('',#2757,39.3700787401575);
#1679=VECTOR('',#2758,39.3700787401575);
#1680=VECTOR('',#2759,39.3700787401575);
#1681=VECTOR('',#2760,39.3700787401575);
#1682=VECTOR('',#2761,39.3700787401575);
#1683=VECTOR('',#2764,39.3700787401575);
#1684=VECTOR('',#2765,39.3700787401575);
#1685=VECTOR('',#2772,39.3700787401575);
#1686=VECTOR('',#2775,39.3700787401575);
#1687=VECTOR('',#2780,39.3700787401575);
#1688=VECTOR('',#2783,39.3700787401575);
#1689=VECTOR('',#2788,39.3700787401575);
#1690=VECTOR('',#2791,39.3700787401575);
#1691=VECTOR('',#2796,39.3700787401575);
#1692=VECTOR('',#2799,39.3700787401575);
#1693=VECTOR('',#2806,39.3700787401575);
#1694=VECTOR('',#2807,39.3700787401575);
#1695=VECTOR('',#2808,39.3700787401575);
#1696=VECTOR('',#2809,39.3700787401575);
#1697=VECTOR('',#2812,39.3700787401575);
#1698=VECTOR('',#2813,39.3700787401575);
#1699=VECTOR('',#2814,39.3700787401575);
#1700=VECTOR('',#2815,39.3700787401575);
#1701=VECTOR('',#2818,39.3700787401575);
#1702=VECTOR('',#2819,39.3700787401575);
#1703=VECTOR('',#2820,39.3700787401575);
#1704=VECTOR('',#2821,39.3700787401575);
#1705=VECTOR('',#2824,39.3700787401575);
#1706=VECTOR('',#2825,39.3700787401575);
#1707=VECTOR('',#2826,39.3700787401575);
#1708=VECTOR('',#2827,39.3700787401575);
#1709=VECTOR('',#2830,39.3700787401575);
#1710=VECTOR('',#2831,39.3700787401575);
#1711=VECTOR('',#2832,39.3700787401575);
#1712=VECTOR('',#2833,39.3700787401575);
#1713=VECTOR('',#2836,39.3700787401575);
#1714=VECTOR('',#2837,39.3700787401575);
#1715=VECTOR('',#2838,39.3700787401575);
#1716=VECTOR('',#2839,39.3700787401575);
#1717=VECTOR('',#2842,39.3700787401575);
#1718=VECTOR('',#2843,39.3700787401575);
#1719=VECTOR('',#2844,39.3700787401575);
#1720=VECTOR('',#2845,39.3700787401575);
#1721=VECTOR('',#2848,39.3700787401575);
#1722=VECTOR('',#2849,39.3700787401575);
#1723=VECTOR('',#2850,39.3700787401575);
#1724=VECTOR('',#2851,39.3700787401575);
#1725=VECTOR('',#2854,39.3700787401575);
#1726=VECTOR('',#2855,39.3700787401575);
#1727=VECTOR('',#2856,39.3700787401575);
#1728=VECTOR('',#2859,39.3700787401575);
#1729=VECTOR('',#2860,39.3700787401575);
#1730=VECTOR('',#2861,39.3700787401575);
#1731=VECTOR('',#2864,39.3700787401575);
#1732=VECTOR('',#2865,39.3700787401575);
#1733=VECTOR('',#2866,39.3700787401575);
#1734=VECTOR('',#2869,39.3700787401575);
#1735=VECTOR('',#2870,39.3700787401575);
#1736=VECTOR('',#2871,39.3700787401575);
#1737=VECTOR('',#2874,39.3700787401575);
#1738=VECTOR('',#2875,39.3700787401575);
#1739=VECTOR('',#2876,39.3700787401575);
#1740=VECTOR('',#2879,39.3700787401575);
#1741=VECTOR('',#2880,39.3700787401575);
#1742=VECTOR('',#2881,39.3700787401575);
#1743=VECTOR('',#2884,39.3700787401575);
#1744=VECTOR('',#2885,39.3700787401575);
#1745=VECTOR('',#2886,39.3700787401575);
#1746=VECTOR('',#2889,39.3700787401575);
#1747=VECTOR('',#2890,39.3700787401575);
#1748=VECTOR('',#2891,39.3700787401575);
#1749=VECTOR('',#2894,39.3700787401575);
#1750=VECTOR('',#2895,39.3700787401575);
#1751=VECTOR('',#2896,39.3700787401575);
#1752=VECTOR('',#2897,39.3700787401575);
#1753=VECTOR('',#2900,39.3700787401575);
#1754=VECTOR('',#2901,39.3700787401575);
#1755=VECTOR('',#2902,39.3700787401575);
#1756=VECTOR('',#2903,39.3700787401575);
#1757=VECTOR('',#2906,39.3700787401575);
#1758=VECTOR('',#2907,39.3700787401575);
#1759=VECTOR('',#2908,39.3700787401575);
#1760=VECTOR('',#2909,39.3700787401575);
#1761=VECTOR('',#2912,39.3700787401575);
#1762=VECTOR('',#2913,39.3700787401575);
#1763=VECTOR('',#2914,39.3700787401575);
#1764=VECTOR('',#2915,39.3700787401575);
#1765=VECTOR('',#2918,39.3700787401575);
#1766=VECTOR('',#2919,39.3700787401575);
#1767=VECTOR('',#2922,39.3700787401575);
#1768=VECTOR('',#2923,39.3700787401575);
#1769=VECTOR('',#2926,39.3700787401575);
#1770=VECTOR('',#2927,39.3700787401575);
#1771=VECTOR('',#2930,39.3700787401575);
#1772=VECTOR('',#2931,39.3700787401575);
#1773=VECTOR('',#2934,39.3700787401575);
#1774=VECTOR('',#2935,39.3700787401575);
#1775=VECTOR('',#2936,39.3700787401575);
#1776=VECTOR('',#2937,39.3700787401575);
#1777=VECTOR('',#2940,39.3700787401575);
#1778=VECTOR('',#2941,39.3700787401575);
#1779=VECTOR('',#2942,39.3700787401575);
#1780=VECTOR('',#2943,39.3700787401575);
#1781=VECTOR('',#2944,39.3700787401575);
#1782=VECTOR('',#2945,39.3700787401575);
#1783=VECTOR('',#2946,39.3700787401575);
#1784=VECTOR('',#2947,39.3700787401575);
#1785=VECTOR('',#2948,39.3700787401575);
#1786=VECTOR('',#2949,39.3700787401575);
#1787=VECTOR('',#2950,39.3700787401575);
#1788=VECTOR('',#2951,39.3700787401575);
#1789=VECTOR('',#2952,39.3700787401575);
#1790=VECTOR('',#2953,39.3700787401575);
#1791=VECTOR('',#2954,39.3700787401575);
#1792=VECTOR('',#2957,39.3700787401575);
#1793=VECTOR('',#2958,39.3700787401575);
#1794=VECTOR('',#2959,39.3700787401575);
#1795=VECTOR('',#2962,39.3700787401575);
#1796=VECTOR('',#2963,39.3700787401575);
#1797=VECTOR('',#2964,39.3700787401575);
#1798=VECTOR('',#2965,39.3700787401575);
#1799=VECTOR('',#2966,39.3700787401575);
#1800=VECTOR('',#2967,39.3700787401575);
#1801=VECTOR('',#2968,39.3700787401575);
#1802=VECTOR('',#2969,39.3700787401575);
#1803=VECTOR('',#2970,39.3700787401575);
#1804=VECTOR('',#2971,39.3700787401575);
#1805=VECTOR('',#2972,39.3700787401575);
#1806=VECTOR('',#2973,39.3700787401575);
#1807=VECTOR('',#2974,39.3700787401575);
#1808=VECTOR('',#2975,39.3700787401575);
#1809=VECTOR('',#2976,39.3700787401575);
#1810=VECTOR('',#2979,39.3700787401575);
#1811=VECTOR('',#2980,39.3700787401575);
#1812=VECTOR('',#2981,39.3700787401575);
#1813=VECTOR('',#2984,39.3700787401575);
#1814=VECTOR('',#2985,39.3700787401575);
#1815=VECTOR('',#2986,39.3700787401575);
#1816=VECTOR('',#2989,39.3700787401575);
#1817=VECTOR('',#2990,39.3700787401575);
#1818=VECTOR('',#2991,39.3700787401575);
#1819=VECTOR('',#2994,39.3700787401575);
#1820=VECTOR('',#2995,39.3700787401575);
#1821=VECTOR('',#2996,39.3700787401575);
#1822=VECTOR('',#2997,39.3700787401575);
#1823=VECTOR('',#2998,39.3700787401575);
#1824=VECTOR('',#2999,39.3700787401575);
#1825=VECTOR('',#3000,39.3700787401575);
#1826=VECTOR('',#3001,39.3700787401575);
#1827=VECTOR('',#3002,39.3700787401575);
#1828=VECTOR('',#3003,39.3700787401575);
#1829=VECTOR('',#3004,39.3700787401575);
#1830=VECTOR('',#3005,39.3700787401575);
#1831=VECTOR('',#3006,39.3700787401575);
#1832=VECTOR('',#3007,39.3700787401575);
#1833=VECTOR('',#3008,39.3700787401575);
#1834=VECTOR('',#3011,39.3700787401575);
#1835=VECTOR('',#3012,39.3700787401575);
#1836=VECTOR('',#3013,39.3700787401575);
#1837=VECTOR('',#3016,39.3700787401575);
#1838=VECTOR('',#3017,39.3700787401575);
#1839=VECTOR('',#3018,39.3700787401575);
#1840=VECTOR('',#3019,39.3700787401575);
#1841=VECTOR('',#3020,39.3700787401575);
#1842=VECTOR('',#3021,39.3700787401575);
#1843=VECTOR('',#3022,39.3700787401575);
#1844=VECTOR('',#3023,39.3700787401575);
#1845=VECTOR('',#3024,39.3700787401575);
#1846=VECTOR('',#3025,39.3700787401575);
#1847=VECTOR('',#3026,39.3700787401575);
#1848=VECTOR('',#3027,39.3700787401575);
#1849=VECTOR('',#3028,39.3700787401575);
#1850=VECTOR('',#3029,39.3700787401575);
#1851=VECTOR('',#3030,39.3700787401575);
#1852=VECTOR('',#3033,39.3700787401575);
#1853=VECTOR('',#3034,39.3700787401575);
#1854=VECTOR('',#3035,39.3700787401575);
#1855=VECTOR('',#3038,39.3700787401575);
#1856=VECTOR('',#3039,39.3700787401575);
#1857=VECTOR('',#3042,39.3700787401575);
#1858=VECTOR('',#3043,39.3700787401575);
#1859=VECTOR('',#3046,39.3700787401575);
#1860=VECTOR('',#3047,39.3700787401575);
#1861=VECTOR('',#3058,39.3700787401575);
#1862=VECTOR('',#3061,39.3700787401575);
#1863=VECTOR('',#3064,39.3700787401575);
#1864=VECTOR('',#3067,39.3700787401575);
#1865=VECTOR('',#3072,39.3700787401575);
#1866=VECTOR('',#3075,39.3700787401575);
#1867=VECTOR('',#3078,39.3700787401575);
#1868=VECTOR('',#3081,39.3700787401575);
#1869=VECTOR('',#3086,39.3700787401575);
#1870=VECTOR('',#3089,39.3700787401575);
#1871=VECTOR('',#3092,39.3700787401575);
#1872=VECTOR('',#3095,39.3700787401575);
#1873=VECTOR('',#3100,39.3700787401575);
#1874=VECTOR('',#3103,39.3700787401575);
#1875=VECTOR('',#3106,39.3700787401575);
#1876=VECTOR('',#3109,39.3700787401575);
#1877=VECTOR('',#3114,39.3700787401575);
#1878=VECTOR('',#3115,39.3700787401575);
#1879=VECTOR('',#3118,39.3700787401575);
#1880=VECTOR('',#3121,39.3700787401575);
#1881=VECTOR('',#3128,39.3700787401575);
#1882=VECTOR('',#3129,39.3700787401575);
#1883=VECTOR('',#3132,39.3700787401575);
#1884=VECTOR('',#3135,39.3700787401575);
#1885=VECTOR('',#3142,39.3700787401575);
#1886=VECTOR('',#3143,39.3700787401575);
#1887=VECTOR('',#3146,39.3700787401575);
#1888=VECTOR('',#3149,39.3700787401575);
#1889=VECTOR('',#3156,39.3700787401575);
#1890=VECTOR('',#3157,39.3700787401575);
#1891=VECTOR('',#3160,39.3700787401575);
#1892=VECTOR('',#3163,39.3700787401575);
#1893=VECTOR('',#3172,39.3700787401575);
#1894=VECTOR('',#3173,39.3700787401575);
#1895=VECTOR('',#3174,39.3700787401575);
#1896=VECTOR('',#3175,39.3700787401575);
#1897=VECTOR('',#3178,39.3700787401575);
#1898=VECTOR('',#3179,39.3700787401575);
#1899=VECTOR('',#3180,39.3700787401575);
#1900=VECTOR('',#3183,39.3700787401575);
#1901=VECTOR('',#3184,39.3700787401575);
#1902=VECTOR('',#3185,39.3700787401575);
#1903=VECTOR('',#3188,39.3700787401575);
#1904=VECTOR('',#3189,39.3700787401575);
#1905=EDGE_LOOP('',(#37,#38,#39,#40));
#1906=EDGE_LOOP('',(#41,#42,#43,#44));
#1907=EDGE_LOOP('',(#45,#46,#47,#48));
#1908=EDGE_LOOP('',(#49,#50,#51,#52));
#1909=EDGE_LOOP('',(#53,#54,#55,#56));
#1910=EDGE_LOOP('',(#57,#58,#59,#60));
#1911=EDGE_LOOP('',(#61,#62,#63,#64));
#1912=EDGE_LOOP('',(#65,#66,#67,#68));
#1913=EDGE_LOOP('',(#69,#70,#71,#72));
#1914=EDGE_LOOP('',(#73,#74,#75,#76));
#1915=EDGE_LOOP('',(#77,#78,#79,#80));
#1916=EDGE_LOOP('',(#81,#82,#83,#84));
#1917=EDGE_LOOP('',(#85,#86,#87,#88));
#1918=EDGE_LOOP('',(#89,#90,#91,#92));
#1919=EDGE_LOOP('',(#93,#94,#95,#96));
#1920=EDGE_LOOP('',(#97,#98,#99,#100));
#1921=EDGE_LOOP('',(#101,#102,#103,#104));
#1922=EDGE_LOOP('',(#105,#106,#107,#108));
#1923=EDGE_LOOP('',(#109,#110,#111,#112));
#1924=EDGE_LOOP('',(#113,#114,#115,#116));
#1925=EDGE_LOOP('',(#117,#118,#119,#120,#121,#122,#123,#124,#125,#126,#127,
#128,#129,#130,#131,#132,#133,#134,#135,#136));
#1926=EDGE_LOOP('',(#137,#138,#139,#140));
#1927=EDGE_LOOP('',(#141,#142,#143,#144));
#1928=EDGE_LOOP('',(#145,#146,#147,#148));
#1929=EDGE_LOOP('',(#149,#150,#151,#152));
#1930=EDGE_LOOP('',(#153,#154,#155,#156));
#1931=EDGE_LOOP('',(#157,#158,#159,#160,#161,#162,#163,#164,#165,#166,#167,
#168,#169,#170,#171,#172,#173,#174,#175,#176));
#1932=EDGE_LOOP('',(#177,#178,#179,#180));
#1933=EDGE_LOOP('',(#181,#182,#183,#184,#185,#186,#187,#188));
#1934=EDGE_LOOP('',(#189,#190,#191,#192,#193,#194,#195,#196));
#1935=EDGE_LOOP('',(#197,#198,#199,#200,#201,#202,#203,#204));
#1936=EDGE_LOOP('',(#205,#206,#207,#208));
#1937=EDGE_LOOP('',(#209,#210,#211,#212,#213,#214,#215,#216));
#1938=EDGE_LOOP('',(#217,#218,#219,#220,#221,#222,#223,#224));
#1939=EDGE_LOOP('',(#225,#226,#227,#228));
#1940=EDGE_LOOP('',(#229,#230,#231,#232,#233,#234,#235,#236));
#1941=EDGE_LOOP('',(#237,#238,#239,#240,#241,#242,#243,#244));
#1942=EDGE_LOOP('',(#245,#246,#247,#248));
#1943=EDGE_LOOP('',(#249,#250,#251,#252,#253,#254,#255,#256));
#1944=EDGE_LOOP('',(#257,#258,#259,#260,#261,#262,#263,#264));
#1945=EDGE_LOOP('',(#265,#266,#267,#268));
#1946=EDGE_LOOP('',(#269,#270,#271,#272,#273,#274,#275,#276));
#1947=EDGE_LOOP('',(#277,#278,#279,#280));
#1948=EDGE_LOOP('',(#281,#282,#283,#284));
#1949=EDGE_LOOP('',(#285,#286,#287,#288));
#1950=EDGE_LOOP('',(#289,#290,#291,#292));
#1951=EDGE_LOOP('',(#293,#294,#295,#296));
#1952=EDGE_LOOP('',(#297,#298,#299,#300));
#1953=EDGE_LOOP('',(#301,#302,#303,#304));
#1954=EDGE_LOOP('',(#305,#306,#307,#308));
#1955=EDGE_LOOP('',(#309,#310,#311,#312));
#1956=EDGE_LOOP('',(#313,#314,#315,#316));
#1957=EDGE_LOOP('',(#317,#318,#319,#320));
#1958=EDGE_LOOP('',(#321,#322,#323,#324));
#1959=EDGE_LOOP('',(#325,#326,#327,#328));
#1960=EDGE_LOOP('',(#329,#330,#331,#332));
#1961=EDGE_LOOP('',(#333,#334,#335,#336));
#1962=EDGE_LOOP('',(#337,#338,#339,#340));
#1963=EDGE_LOOP('',(#341,#342,#343,#344));
#1964=EDGE_LOOP('',(#345,#346,#347,#348));
#1965=EDGE_LOOP('',(#349,#350,#351,#352));
#1966=EDGE_LOOP('',(#353,#354,#355,#356));
#1967=EDGE_LOOP('',(#357,#358,#359,#360));
#1968=EDGE_LOOP('',(#361,#362,#363,#364));
#1969=EDGE_LOOP('',(#365,#366,#367,#368));
#1970=EDGE_LOOP('',(#369,#370,#371,#372));
#1971=EDGE_LOOP('',(#373,#374,#375,#376));
#1972=EDGE_LOOP('',(#377,#378,#379,#380,#381,#382,#383,#384,#385,#386,#387,
#388,#389,#390,#391,#392,#393,#394,#395,#396));
#1973=EDGE_LOOP('',(#397,#398,#399,#400));
#1974=EDGE_LOOP('',(#401,#402,#403,#404,#405,#406,#407,#408,#409,#410,#411,
#412,#413,#414,#415,#416,#417,#418,#419,#420));
#1975=EDGE_LOOP('',(#421,#422,#423,#424));
#1976=EDGE_LOOP('',(#425,#426,#427,#428));
#1977=EDGE_LOOP('',(#429,#430,#431,#432));
#1978=EDGE_LOOP('',(#433,#434,#435,#436,#437,#438,#439,#440,#441,#442,#443,
#444,#445,#446,#447,#448,#449,#450,#451,#452));
#1979=EDGE_LOOP('',(#453,#454,#455,#456));
#1980=EDGE_LOOP('',(#457,#458,#459,#460,#461,#462,#463,#464,#465,#466,#467,
#468,#469,#470,#471,#472,#473,#474,#475,#476));
#1981=EDGE_LOOP('',(#477,#478,#479,#480));
#1982=EDGE_LOOP('',(#481,#482,#483,#484));
#1983=EDGE_LOOP('',(#485,#486,#487,#488,#489,#490,#491,#492));
#1984=EDGE_LOOP('',(#493,#494,#495,#496,#497,#498,#499,#500));
#1985=EDGE_LOOP('',(#501,#502,#503,#504));
#1986=EDGE_LOOP('',(#505,#506,#507,#508));
#1987=EDGE_LOOP('',(#509,#510,#511,#512));
#1988=EDGE_LOOP('',(#513,#514,#515,#516));
#1989=EDGE_LOOP('',(#517,#518,#519,#520));
#1990=EDGE_LOOP('',(#521,#522,#523,#524));
#1991=EDGE_LOOP('',(#525,#526,#527,#528));
#1992=EDGE_LOOP('',(#529,#530,#531,#532));
#1993=EDGE_LOOP('',(#533,#534,#535,#536));
#1994=EDGE_LOOP('',(#537,#538,#539,#540));
#1995=EDGE_LOOP('',(#541,#542,#543,#544));
#1996=EDGE_LOOP('',(#545,#546,#547,#548));
#1997=EDGE_LOOP('',(#549,#550,#551,#552));
#1998=EDGE_LOOP('',(#553,#554,#555,#556));
#1999=EDGE_LOOP('',(#557,#558,#559,#560));
#2000=EDGE_LOOP('',(#561,#562,#563,#564));
#2001=EDGE_LOOP('',(#565,#566,#567,#568));
#2002=EDGE_LOOP('',(#569,#570,#571,#572));
#2003=EDGE_LOOP('',(#573,#574,#575,#576));
#2004=EDGE_LOOP('',(#577,#578,#579,#580));
#2005=EDGE_LOOP('',(#581,#582,#583,#584));
#2006=EDGE_LOOP('',(#585,#586,#587,#588));
#2007=EDGE_LOOP('',(#589,#590,#591,#592));
#2008=EDGE_LOOP('',(#593,#594,#595,#596));
#2009=EDGE_LOOP('',(#597,#598,#599,#600));
#2010=EDGE_LOOP('',(#601,#602,#603,#604));
#2011=EDGE_LOOP('',(#605,#606,#607,#608));
#2012=EDGE_LOOP('',(#609,#610,#611,#612));
#2013=EDGE_LOOP('',(#613,#614,#615,#616));
#2014=EDGE_LOOP('',(#617,#618,#619,#620));
#2015=EDGE_LOOP('',(#621,#622,#623,#624));
#2016=EDGE_LOOP('',(#625,#626,#627,#628));
#2017=EDGE_LOOP('',(#629,#630,#631,#632));
#2018=EDGE_LOOP('',(#633,#634,#635,#636));
#2019=EDGE_LOOP('',(#637,#638,#639,#640));
#2020=EDGE_LOOP('',(#641,#642,#643,#644));
#2021=EDGE_LOOP('',(#645,#646,#647,#648));
#2022=EDGE_LOOP('',(#649,#650,#651,#652));
#2023=EDGE_LOOP('',(#653,#654,#655,#656));
#2024=EDGE_LOOP('',(#657,#658,#659,#660));
#2025=EDGE_LOOP('',(#661,#662,#663,#664));
#2026=EDGE_LOOP('',(#665,#666,#667,#668));
#2027=EDGE_LOOP('',(#669,#670,#671,#672));
#2028=EDGE_LOOP('',(#673,#674,#675,#676));
#2029=EDGE_LOOP('',(#677,#678,#679,#680));
#2030=EDGE_LOOP('',(#681,#682,#683,#684));
#2031=EDGE_LOOP('',(#685,#686,#687,#688));
#2032=EDGE_LOOP('',(#689,#690,#691,#692));
#2033=EDGE_LOOP('',(#693,#694,#695,#696));
#2034=EDGE_LOOP('',(#697,#698,#699,#700));
#2035=FACE_BOUND('',#1905,.T.);
#2036=FACE_BOUND('',#1906,.T.);
#2037=FACE_BOUND('',#1907,.T.);
#2038=FACE_BOUND('',#1908,.T.);
#2039=FACE_BOUND('',#1909,.T.);
#2040=FACE_BOUND('',#1910,.T.);
#2041=FACE_BOUND('',#1911,.T.);
#2042=FACE_BOUND('',#1912,.T.);
#2043=FACE_BOUND('',#1913,.T.);
#2044=FACE_BOUND('',#1914,.T.);
#2045=FACE_BOUND('',#1915,.T.);
#2046=FACE_BOUND('',#1916,.T.);
#2047=FACE_BOUND('',#1917,.T.);
#2048=FACE_BOUND('',#1918,.T.);
#2049=FACE_BOUND('',#1919,.T.);
#2050=FACE_BOUND('',#1920,.T.);
#2051=FACE_BOUND('',#1921,.T.);
#2052=FACE_BOUND('',#1922,.T.);
#2053=FACE_BOUND('',#1923,.T.);
#2054=FACE_BOUND('',#1924,.T.);
#2055=FACE_BOUND('',#1925,.T.);
#2056=FACE_BOUND('',#1926,.T.);
#2057=FACE_BOUND('',#1927,.T.);
#2058=FACE_BOUND('',#1928,.T.);
#2059=FACE_BOUND('',#1929,.T.);
#2060=FACE_BOUND('',#1930,.T.);
#2061=FACE_BOUND('',#1931,.T.);
#2062=FACE_BOUND('',#1932,.T.);
#2063=FACE_BOUND('',#1933,.T.);
#2064=FACE_BOUND('',#1934,.T.);
#2065=FACE_BOUND('',#1935,.T.);
#2066=FACE_BOUND('',#1936,.T.);
#2067=FACE_BOUND('',#1937,.T.);
#2068=FACE_BOUND('',#1938,.T.);
#2069=FACE_BOUND('',#1939,.T.);
#2070=FACE_BOUND('',#1940,.T.);
#2071=FACE_BOUND('',#1941,.T.);
#2072=FACE_BOUND('',#1942,.T.);
#2073=FACE_BOUND('',#1943,.T.);
#2074=FACE_BOUND('',#1944,.T.);
#2075=FACE_BOUND('',#1945,.T.);
#2076=FACE_BOUND('',#1946,.T.);
#2077=FACE_BOUND('',#1947,.T.);
#2078=FACE_BOUND('',#1948,.T.);
#2079=FACE_BOUND('',#1949,.T.);
#2080=FACE_BOUND('',#1950,.T.);
#2081=FACE_BOUND('',#1951,.T.);
#2082=FACE_BOUND('',#1952,.T.);
#2083=FACE_BOUND('',#1953,.T.);
#2084=FACE_BOUND('',#1954,.T.);
#2085=FACE_BOUND('',#1955,.T.);
#2086=FACE_BOUND('',#1956,.T.);
#2087=FACE_BOUND('',#1957,.T.);
#2088=FACE_BOUND('',#1958,.T.);
#2089=FACE_BOUND('',#1959,.T.);
#2090=FACE_BOUND('',#1960,.T.);
#2091=FACE_BOUND('',#1961,.T.);
#2092=FACE_BOUND('',#1962,.T.);
#2093=FACE_BOUND('',#1963,.T.);
#2094=FACE_BOUND('',#1964,.T.);
#2095=FACE_BOUND('',#1965,.T.);
#2096=FACE_BOUND('',#1966,.T.);
#2097=FACE_BOUND('',#1967,.T.);
#2098=FACE_BOUND('',#1968,.T.);
#2099=FACE_BOUND('',#1969,.T.);
#2100=FACE_BOUND('',#1970,.T.);
#2101=FACE_BOUND('',#1971,.T.);
#2102=FACE_BOUND('',#1972,.T.);
#2103=FACE_BOUND('',#1973,.T.);
#2104=FACE_BOUND('',#1974,.T.);
#2105=FACE_BOUND('',#1975,.T.);
#2106=FACE_BOUND('',#1976,.T.);
#2107=FACE_BOUND('',#1977,.T.);
#2108=FACE_BOUND('',#1978,.T.);
#2109=FACE_BOUND('',#1979,.T.);
#2110=FACE_BOUND('',#1980,.T.);
#2111=FACE_BOUND('',#1981,.T.);
#2112=FACE_BOUND('',#1982,.T.);
#2113=FACE_BOUND('',#1983,.T.);
#2114=FACE_BOUND('',#1984,.T.);
#2115=FACE_BOUND('',#1985,.T.);
#2116=FACE_BOUND('',#1986,.T.);
#2117=FACE_BOUND('',#1987,.T.);
#2118=FACE_BOUND('',#1988,.T.);
#2119=FACE_BOUND('',#1989,.T.);
#2120=FACE_BOUND('',#1990,.T.);
#2121=FACE_BOUND('',#1991,.T.);
#2122=FACE_BOUND('',#1992,.T.);
#2123=FACE_BOUND('',#1993,.T.);
#2124=FACE_BOUND('',#1994,.T.);
#2125=FACE_BOUND('',#1995,.T.);
#2126=FACE_BOUND('',#1996,.T.);
#2127=FACE_BOUND('',#1997,.T.);
#2128=FACE_BOUND('',#1998,.T.);
#2129=FACE_BOUND('',#1999,.T.);
#2130=FACE_BOUND('',#2000,.T.);
#2131=FACE_BOUND('',#2001,.T.);
#2132=FACE_BOUND('',#2002,.T.);
#2133=FACE_BOUND('',#2003,.T.);
#2134=FACE_BOUND('',#2004,.T.);
#2135=FACE_BOUND('',#2005,.T.);
#2136=FACE_BOUND('',#2006,.T.);
#2137=FACE_BOUND('',#2007,.T.);
#2138=FACE_BOUND('',#2008,.T.);
#2139=FACE_BOUND('',#2009,.T.);
#2140=FACE_BOUND('',#2010,.T.);
#2141=FACE_BOUND('',#2011,.T.);
#2142=FACE_BOUND('',#2012,.T.);
#2143=FACE_BOUND('',#2013,.T.);
#2144=FACE_BOUND('',#2014,.T.);
#2145=FACE_BOUND('',#2015,.T.);
#2146=FACE_BOUND('',#2016,.T.);
#2147=FACE_BOUND('',#2017,.T.);
#2148=FACE_BOUND('',#2018,.T.);
#2149=FACE_BOUND('',#2019,.T.);
#2150=FACE_BOUND('',#2020,.T.);
#2151=FACE_BOUND('',#2021,.T.);
#2152=FACE_BOUND('',#2022,.T.);
#2153=FACE_BOUND('',#2023,.T.);
#2154=FACE_BOUND('',#2024,.T.);
#2155=FACE_BOUND('',#2025,.T.);
#2156=FACE_BOUND('',#2026,.T.);
#2157=FACE_BOUND('',#2027,.T.);
#2158=FACE_BOUND('',#2028,.T.);
#2159=FACE_BOUND('',#2029,.T.);
#2160=FACE_BOUND('',#2030,.T.);
#2161=FACE_BOUND('',#2031,.T.);
#2162=FACE_BOUND('',#2032,.T.);
#2163=FACE_BOUND('',#2033,.T.);
#2164=FACE_BOUND('',#2034,.T.);
#2165=PLANE('',#2463);
#2166=PLANE('',#2464);
#2167=PLANE('',#2465);
#2168=PLANE('',#2466);
#2169=PLANE('',#2467);
#2170=PLANE('',#2468);
#2171=PLANE('',#2469);
#2172=PLANE('',#2470);
#2173=PLANE('',#2471);
#2174=PLANE('',#2472);
#2175=PLANE('',#2473);
#2176=PLANE('',#2474);
#2177=PLANE('',#2475);
#2178=PLANE('',#2476);
#2179=PLANE('',#2477);
#2180=PLANE('',#2478);
#2181=PLANE('',#2479);
#2182=PLANE('',#2480);
#2183=PLANE('',#2481);
#2184=PLANE('',#2482);
#2185=PLANE('',#2483);
#2186=PLANE('',#2484);
#2187=PLANE('',#2485);
#2188=PLANE('',#2486);
#2189=PLANE('',#2487);
#2190=PLANE('',#2488);
#2191=PLANE('',#2489);
#2192=PLANE('',#2490);
#2193=PLANE('',#2491);
#2194=PLANE('',#2492);
#2195=PLANE('',#2493);
#2196=PLANE('',#2494);
#2197=PLANE('',#2495);
#2198=PLANE('',#2496);
#2199=PLANE('',#2497);
#2200=PLANE('',#2498);
#2201=PLANE('',#2499);
#2202=PLANE('',#2500);
#2203=PLANE('',#2501);
#2204=PLANE('',#2502);
#2205=PLANE('',#2503);
#2206=PLANE('',#2504);
#2207=PLANE('',#2506);
#2208=PLANE('',#2507);
#2209=PLANE('',#2508);
#2210=PLANE('',#2509);
#2211=PLANE('',#2510);
#2212=PLANE('',#2511);
#2213=PLANE('',#2512);
#2214=PLANE('',#2513);
#2215=PLANE('',#2514);
#2216=PLANE('',#2515);
#2217=PLANE('',#2516);
#2218=PLANE('',#2517);
#2219=PLANE('',#2518);
#2220=PLANE('',#2519);
#2221=PLANE('',#2520);
#2222=PLANE('',#2521);
#2223=PLANE('',#2522);
#2224=PLANE('',#2523);
#2225=PLANE('',#2524);
#2226=PLANE('',#2525);
#2227=PLANE('',#2526);
#2228=PLANE('',#2527);
#2229=PLANE('',#2528);
#2230=PLANE('',#2529);
#2231=PLANE('',#2530);
#2232=PLANE('',#2531);
#2233=PLANE('',#2532);
#2234=PLANE('',#2533);
#2235=PLANE('',#2534);
#2236=PLANE('',#2535);
#2237=PLANE('',#2536);
#2238=PLANE('',#2537);
#2239=PLANE('',#2538);
#2240=PLANE('',#2539);
#2241=PLANE('',#2540);
#2242=PLANE('',#2541);
#2243=PLANE('',#2542);
#2244=PLANE('',#2543);
#2245=PLANE('',#2544);
#2246=PLANE('',#2545);
#2247=PLANE('',#2546);
#2248=PLANE('',#2547);
#2249=PLANE('',#2548);
#2250=PLANE('',#2549);
#2251=PLANE('',#2550);
#2252=PLANE('',#2551);
#2253=PLANE('',#2552);
#2254=PLANE('',#2553);
#2255=PLANE('',#2554);
#2256=PLANE('',#2555);
#2257=PLANE('',#2556);
#2258=PLANE('',#2557);
#2259=PLANE('',#2558);
#2260=PLANE('',#2559);
#2261=PLANE('',#2560);
#2262=PLANE('',#2561);
#2263=PLANE('',#2562);
#2264=PLANE('',#2563);
#2265=PLANE('',#2564);
#2266=PLANE('',#2565);
#2267=PLANE('',#2566);
#2268=PLANE('',#2567);
#2269=PLANE('',#2568);
#2270=PLANE('',#2569);
#2271=PLANE('',#2570);
#2272=PLANE('',#2571);
#2273=PLANE('',#2572);
#2274=PLANE('',#2573);
#2275=PLANE('',#2574);
#2276=PLANE('',#2575);
#2277=PLANE('',#2576);
#2278=PLANE('',#2577);
#2279=PLANE('',#2578);
#2280=PLANE('',#2579);
#2281=PLANE('',#2580);
#2282=PLANE('',#2581);
#2283=PLANE('',#2582);
#2284=PLANE('',#2583);
#2285=PLANE('',#2584);
#2286=PLANE('',#2585);
#2287=PLANE('',#2586);
#2288=PLANE('',#2587);
#2289=PLANE('',#2589);
#2290=PLANE('',#2590);
#2291=PLANE('',#2591);
#2292=PLANE('',#2592);
#2293=PLANE('',#2593);
#2294=PLANE('',#2594);
#2295=ADVANCED_FACE('',(#2035),#2165,.T.);
#2296=ADVANCED_FACE('',(#2036),#2166,.T.);
#2297=ADVANCED_FACE('',(#2037),#2167,.T.);
#2298=ADVANCED_FACE('',(#2038),#2168,.T.);
#2299=ADVANCED_FACE('',(#2039),#2169,.T.);
#2300=ADVANCED_FACE('',(#2040),#2170,.T.);
#2301=ADVANCED_FACE('',(#2041),#2171,.T.);
#2302=ADVANCED_FACE('',(#2042),#2172,.T.);
#2303=ADVANCED_FACE('',(#2043),#2173,.T.);
#2304=ADVANCED_FACE('',(#2044),#2174,.T.);
#2305=ADVANCED_FACE('',(#2045),#2175,.T.);
#2306=ADVANCED_FACE('',(#2046),#2176,.T.);
#2307=ADVANCED_FACE('',(#2047),#2177,.T.);
#2308=ADVANCED_FACE('',(#2048),#2178,.T.);
#2309=ADVANCED_FACE('',(#2049),#2179,.T.);
#2310=ADVANCED_FACE('',(#2050),#2180,.T.);
#2311=ADVANCED_FACE('',(#2051),#2181,.T.);
#2312=ADVANCED_FACE('',(#2052),#2182,.T.);
#2313=ADVANCED_FACE('',(#2053),#2183,.T.);
#2314=ADVANCED_FACE('',(#2054),#2184,.T.);
#2315=ADVANCED_FACE('',(#2055),#2185,.T.);
#2316=ADVANCED_FACE('',(#2056),#2186,.T.);
#2317=ADVANCED_FACE('',(#2057),#2187,.T.);
#2318=ADVANCED_FACE('',(#2058),#2188,.T.);
#2319=ADVANCED_FACE('',(#2059),#2189,.T.);
#2320=ADVANCED_FACE('',(#2060),#2190,.T.);
#2321=ADVANCED_FACE('',(#2061),#2191,.T.);
#2322=ADVANCED_FACE('',(#2062),#2192,.T.);
#2323=ADVANCED_FACE('',(#2063),#2193,.F.);
#2324=ADVANCED_FACE('',(#2064),#2194,.T.);
#2325=ADVANCED_FACE('',(#2065),#2195,.F.);
#2326=ADVANCED_FACE('',(#2066),#2196,.F.);
#2327=ADVANCED_FACE('',(#2067),#2197,.F.);
#2328=ADVANCED_FACE('',(#2068),#2198,.F.);
#2329=ADVANCED_FACE('',(#2069),#2199,.F.);
#2330=ADVANCED_FACE('',(#2070),#2200,.F.);
#2331=ADVANCED_FACE('',(#2071),#2201,.F.);
#2332=ADVANCED_FACE('',(#2072),#2202,.F.);
#2333=ADVANCED_FACE('',(#2073),#2203,.F.);
#2334=ADVANCED_FACE('',(#2074),#2204,.F.);
#2335=ADVANCED_FACE('',(#2075),#2205,.F.);
#2336=ADVANCED_FACE('',(#2076),#2206,.F.);
#2337=ADVANCED_FACE('',(#2077),#2207,.T.);
#2338=ADVANCED_FACE('',(#2078),#2208,.T.);
#2339=ADVANCED_FACE('',(#2079),#2209,.T.);
#2340=ADVANCED_FACE('',(#2080),#2210,.T.);
#2341=ADVANCED_FACE('',(#2081),#2211,.T.);
#2342=ADVANCED_FACE('',(#2082),#2212,.T.);
#2343=ADVANCED_FACE('',(#2083),#2213,.T.);
#2344=ADVANCED_FACE('',(#2084),#2214,.T.);
#2345=ADVANCED_FACE('',(#2085),#2215,.T.);
#2346=ADVANCED_FACE('',(#2086),#2216,.T.);
#2347=ADVANCED_FACE('',(#2087),#2217,.T.);
#2348=ADVANCED_FACE('',(#2088),#2218,.T.);
#2349=ADVANCED_FACE('',(#2089),#2219,.T.);
#2350=ADVANCED_FACE('',(#2090),#2220,.T.);
#2351=ADVANCED_FACE('',(#2091),#2221,.T.);
#2352=ADVANCED_FACE('',(#2092),#2222,.T.);
#2353=ADVANCED_FACE('',(#2093),#2223,.T.);
#2354=ADVANCED_FACE('',(#2094),#2224,.T.);
#2355=ADVANCED_FACE('',(#2095),#2225,.T.);
#2356=ADVANCED_FACE('',(#2096),#2226,.T.);
#2357=ADVANCED_FACE('',(#2097),#2227,.T.);
#2358=ADVANCED_FACE('',(#2098),#2228,.T.);
#2359=ADVANCED_FACE('',(#2099),#2229,.T.);
#2360=ADVANCED_FACE('',(#2100),#2230,.T.);
#2361=ADVANCED_FACE('',(#2101),#2231,.T.);
#2362=ADVANCED_FACE('',(#2102),#2232,.T.);
#2363=ADVANCED_FACE('',(#2103),#2233,.T.);
#2364=ADVANCED_FACE('',(#2104),#2234,.T.);
#2365=ADVANCED_FACE('',(#2105),#2235,.T.);
#2366=ADVANCED_FACE('',(#2106),#2236,.T.);
#2367=ADVANCED_FACE('',(#2107),#2237,.T.);
#2368=ADVANCED_FACE('',(#2108),#2238,.T.);
#2369=ADVANCED_FACE('',(#2109),#2239,.T.);
#2370=ADVANCED_FACE('',(#2110),#2240,.T.);
#2371=ADVANCED_FACE('',(#2111),#2241,.T.);
#2372=ADVANCED_FACE('',(#2112),#2242,.T.);
#2373=ADVANCED_FACE('',(#2113),#2243,.F.);
#2374=ADVANCED_FACE('',(#2114),#2244,.T.);
#2375=ADVANCED_FACE('',(#2115),#2245,.F.);
#2376=ADVANCED_FACE('',(#2116),#2246,.F.);
#2377=ADVANCED_FACE('',(#2117),#2247,.F.);
#2378=ADVANCED_FACE('',(#2118),#2248,.F.);
#2379=ADVANCED_FACE('',(#2119),#2249,.F.);
#2380=ADVANCED_FACE('',(#2120),#2250,.F.);
#2381=ADVANCED_FACE('',(#2121),#2251,.F.);
#2382=ADVANCED_FACE('',(#2122),#2252,.F.);
#2383=ADVANCED_FACE('',(#2123),#2253,.F.);
#2384=ADVANCED_FACE('',(#2124),#2254,.F.);
#2385=ADVANCED_FACE('',(#2125),#2255,.F.);
#2386=ADVANCED_FACE('',(#2126),#2256,.F.);
#2387=ADVANCED_FACE('',(#2127),#2257,.F.);
#2388=ADVANCED_FACE('',(#2128),#2258,.F.);
#2389=ADVANCED_FACE('',(#2129),#2259,.F.);
#2390=ADVANCED_FACE('',(#2130),#2260,.F.);
#2391=ADVANCED_FACE('',(#2131),#2261,.F.);
#2392=ADVANCED_FACE('',(#2132),#2262,.F.);
#2393=ADVANCED_FACE('',(#2133),#2263,.F.);
#2394=ADVANCED_FACE('',(#2134),#2264,.F.);
#2395=ADVANCED_FACE('',(#2135),#2265,.F.);
#2396=ADVANCED_FACE('',(#2136),#2266,.F.);
#2397=ADVANCED_FACE('',(#2137),#2267,.F.);
#2398=ADVANCED_FACE('',(#2138),#2268,.F.);
#2399=ADVANCED_FACE('',(#2139),#2269,.F.);
#2400=ADVANCED_FACE('',(#2140),#2270,.F.);
#2401=ADVANCED_FACE('',(#2141),#2271,.F.);
#2402=ADVANCED_FACE('',(#2142),#2272,.F.);
#2403=ADVANCED_FACE('',(#2143),#2273,.F.);
#2404=ADVANCED_FACE('',(#2144),#2274,.F.);
#2405=ADVANCED_FACE('',(#2145),#2275,.F.);
#2406=ADVANCED_FACE('',(#2146),#2276,.F.);
#2407=ADVANCED_FACE('',(#2147),#2277,.F.);
#2408=ADVANCED_FACE('',(#2148),#2278,.F.);
#2409=ADVANCED_FACE('',(#2149),#2279,.F.);
#2410=ADVANCED_FACE('',(#2150),#2280,.F.);
#2411=ADVANCED_FACE('',(#2151),#2281,.F.);
#2412=ADVANCED_FACE('',(#2152),#2282,.F.);
#2413=ADVANCED_FACE('',(#2153),#2283,.F.);
#2414=ADVANCED_FACE('',(#2154),#2284,.F.);
#2415=ADVANCED_FACE('',(#2155),#2285,.F.);
#2416=ADVANCED_FACE('',(#2156),#2286,.F.);
#2417=ADVANCED_FACE('',(#2157),#2287,.F.);
#2418=ADVANCED_FACE('',(#2158),#2288,.F.);
#2419=ADVANCED_FACE('',(#2159),#2289,.F.);
#2420=ADVANCED_FACE('',(#2160),#2290,.F.);
#2421=ADVANCED_FACE('',(#2161),#2291,.F.);
#2422=ADVANCED_FACE('',(#2162),#2292,.F.);
#2423=ADVANCED_FACE('',(#2163),#2293,.T.);
#2424=ADVANCED_FACE('',(#2164),#2294,.F.);
#2425=CLOSED_SHELL('',(#2295,#2296,#2297,#2298,#2299,#2300,#2301,#2302,
#2303,#2304,#2305,#2306,#2307,#2308,#2309,#2310,#2311,#2312,#2313,#2314,
#2315,#2316,#2317,#2318,#2319,#2320,#2321,#2322,#2323,#2324,#2325,#2326,
#2327,#2328,#2329,#2330,#2331,#2332,#2333,#2334,#2335,#2336));
#2426=CLOSED_SHELL('',(#2337,#2338,#2339,#2340,#2341,#2342,#2343,#2344,
#2345,#2346,#2347,#2348,#2349,#2350,#2351,#2352,#2353,#2354,#2355,#2356,
#2357,#2358,#2359,#2360,#2361,#2362,#2363,#2364,#2365,#2366,#2367,#2368,
#2369,#2370,#2371,#2372,#2373,#2374,#2375,#2376,#2377,#2378,#2379,#2380,
#2381,#2382,#2383,#2384,#2385,#2386,#2387,#2388,#2389,#2390,#2391,#2392,
#2393,#2394,#2395,#2396,#2397,#2398,#2399,#2400,#2401,#2402,#2403,#2404,
#2405,#2406,#2407,#2408,#2409,#2410,#2411,#2412,#2413,#2414,#2415,#2416,
#2417,#2418));
#2427=CLOSED_SHELL('',(#2419,#2420,#2421,#2422,#2423,#2424));
#2428=STYLED_ITEM('',(#2431),#2451);
#2429=STYLED_ITEM('',(#2432),#2452);
#2430=STYLED_ITEM('',(#2433),#2453);
#2431=PRESENTATION_STYLE_ASSIGNMENT((#2434));
#2432=PRESENTATION_STYLE_ASSIGNMENT((#2435));
#2433=PRESENTATION_STYLE_ASSIGNMENT((#2436));
#2434=SURFACE_STYLE_USAGE(.BOTH.,#2437);
#2435=SURFACE_STYLE_USAGE(.BOTH.,#2438);
#2436=SURFACE_STYLE_USAGE(.BOTH.,#2439);
#2437=SURFACE_SIDE_STYLE('',(#2440));
#2438=SURFACE_SIDE_STYLE('',(#2441));
#2439=SURFACE_SIDE_STYLE('',(#2442));
#2440=SURFACE_STYLE_FILL_AREA(#2443);
#2441=SURFACE_STYLE_FILL_AREA(#2444);
#2442=SURFACE_STYLE_FILL_AREA(#2445);
#2443=FILL_AREA_STYLE('',(#2446));
#2444=FILL_AREA_STYLE('',(#2447));
#2445=FILL_AREA_STYLE('',(#2448));
#2446=FILL_AREA_STYLE_COLOUR('',#2449);
#2447=FILL_AREA_STYLE_COLOUR('',#18);
#2448=FILL_AREA_STYLE_COLOUR('',#2450);
#2449=COLOUR_RGB('',0.75,0.75,0.75);
#2450=COLOUR_RGB('',0.5,0.5,0.5);
#2451=MANIFOLD_SOLID_BREP('FTS-105-01-L-D_pins2',#2425);
#2452=MANIFOLD_SOLID_BREP('FTS-105-01-L-D_pins1',#2426);
#2453=MANIFOLD_SOLID_BREP('FTS-105-01-L-D_body',#2427);
#2454=SHAPE_DEFINITION_REPRESENTATION(#3885,#2458);
#2455=SHAPE_DEFINITION_REPRESENTATION(#3886,#2459);
#2456=SHAPE_DEFINITION_REPRESENTATION(#3888,#2460);
#2457=SHAPE_DEFINITION_REPRESENTATION(#3890,#2461);
#2458=SHAPE_REPRESENTATION('FTS-105-01-L-D',(#2462,#2505,#2588,#2595),#3871);
#2459=SHAPE_REPRESENTATION('FTS-105-01-L-D_pins2',(#2462),#3872);
#2460=SHAPE_REPRESENTATION('FTS-105-01-L-D_pins1',(#2462),#3873);
#2461=SHAPE_REPRESENTATION('FTS-105-01-L-D_body',(#2462),#3874);
#2462=AXIS2_PLACEMENT_3D('',#3196,#2596,#2597);
#2463=AXIS2_PLACEMENT_3D('',#3197,#2598,#2599);
#2464=AXIS2_PLACEMENT_3D('',#3206,#2604,#2605);
#2465=AXIS2_PLACEMENT_3D('',#3215,#2610,#2611);
#2466=AXIS2_PLACEMENT_3D('',#3224,#2616,#2617);
#2467=AXIS2_PLACEMENT_3D('',#3233,#2622,#2623);
#2468=AXIS2_PLACEMENT_3D('',#3239,#2627,#2628);
#2469=AXIS2_PLACEMENT_3D('',#3245,#2632,#2633);
#2470=AXIS2_PLACEMENT_3D('',#3251,#2637,#2638);
#2471=AXIS2_PLACEMENT_3D('',#3257,#2642,#2643);
#2472=AXIS2_PLACEMENT_3D('',#3263,#2647,#2648);
#2473=AXIS2_PLACEMENT_3D('',#3269,#2652,#2653);
#2474=AXIS2_PLACEMENT_3D('',#3275,#2657,#2658);
#2475=AXIS2_PLACEMENT_3D('',#3281,#2662,#2663);
#2476=AXIS2_PLACEMENT_3D('',#3287,#2667,#2668);
#2477=AXIS2_PLACEMENT_3D('',#3293,#2672,#2673);
#2478=AXIS2_PLACEMENT_3D('',#3299,#2677,#2678);
#2479=AXIS2_PLACEMENT_3D('',#3305,#2682,#2683);
#2480=AXIS2_PLACEMENT_3D('',#3311,#2687,#2688);
#2481=AXIS2_PLACEMENT_3D('',#3317,#2692,#2693);
#2482=AXIS2_PLACEMENT_3D('',#3323,#2697,#2698);
#2483=AXIS2_PLACEMENT_3D('',#3329,#2702,#2703);
#2484=AXIS2_PLACEMENT_3D('',#3358,#2720,#2721);
#2485=AXIS2_PLACEMENT_3D('',#3364,#2725,#2726);
#2486=AXIS2_PLACEMENT_3D('',#3370,#2730,#2731);
#2487=AXIS2_PLACEMENT_3D('',#3376,#2735,#2736);
#2488=AXIS2_PLACEMENT_3D('',#3382,#2740,#2741);
#2489=AXIS2_PLACEMENT_3D('',#3388,#2745,#2746);
#2490=AXIS2_PLACEMENT_3D('',#3414,#2762,#2763);
#2491=AXIS2_PLACEMENT_3D('',#3417,#2766,#2767);
#2492=AXIS2_PLACEMENT_3D('',#3418,#2768,#2769);
#2493=AXIS2_PLACEMENT_3D('',#3419,#2770,#2771);
#2494=AXIS2_PLACEMENT_3D('',#3421,#2773,#2774);
#2495=AXIS2_PLACEMENT_3D('',#3423,#2776,#2777);
#2496=AXIS2_PLACEMENT_3D('',#3424,#2778,#2779);
#2497=AXIS2_PLACEMENT_3D('',#3426,#2781,#2782);
#2498=AXIS2_PLACEMENT_3D('',#3428,#2784,#2785);
#2499=AXIS2_PLACEMENT_3D('',#3429,#2786,#2787);
#2500=AXIS2_PLACEMENT_3D('',#3431,#2789,#2790);
#2501=AXIS2_PLACEMENT_3D('',#3433,#2792,#2793);
#2502=AXIS2_PLACEMENT_3D('',#3434,#2794,#2795);
#2503=AXIS2_PLACEMENT_3D('',#3436,#2797,#2798);
#2504=AXIS2_PLACEMENT_3D('',#3438,#2800,#2801);
#2505=AXIS2_PLACEMENT_3D('',#3439,#2802,#2803);
#2506=AXIS2_PLACEMENT_3D('',#3440,#2804,#2805);
#2507=AXIS2_PLACEMENT_3D('',#3449,#2810,#2811);
#2508=AXIS2_PLACEMENT_3D('',#3458,#2816,#2817);
#2509=AXIS2_PLACEMENT_3D('',#3467,#2822,#2823);
#2510=AXIS2_PLACEMENT_3D('',#3476,#2828,#2829);
#2511=AXIS2_PLACEMENT_3D('',#3485,#2834,#2835);
#2512=AXIS2_PLACEMENT_3D('',#3494,#2840,#2841);
#2513=AXIS2_PLACEMENT_3D('',#3503,#2846,#2847);
#2514=AXIS2_PLACEMENT_3D('',#3512,#2852,#2853);
#2515=AXIS2_PLACEMENT_3D('',#3518,#2857,#2858);
#2516=AXIS2_PLACEMENT_3D('',#3524,#2862,#2863);
#2517=AXIS2_PLACEMENT_3D('',#3530,#2867,#2868);
#2518=AXIS2_PLACEMENT_3D('',#3536,#2872,#2873);
#2519=AXIS2_PLACEMENT_3D('',#3542,#2877,#2878);
#2520=AXIS2_PLACEMENT_3D('',#3548,#2882,#2883);
#2521=AXIS2_PLACEMENT_3D('',#3554,#2887,#2888);
#2522=AXIS2_PLACEMENT_3D('',#3560,#2892,#2893);
#2523=AXIS2_PLACEMENT_3D('',#3569,#2898,#2899);
#2524=AXIS2_PLACEMENT_3D('',#3578,#2904,#2905);
#2525=AXIS2_PLACEMENT_3D('',#3587,#2910,#2911);
#2526=AXIS2_PLACEMENT_3D('',#3596,#2916,#2917);
#2527=AXIS2_PLACEMENT_3D('',#3599,#2920,#2921);
#2528=AXIS2_PLACEMENT_3D('',#3602,#2924,#2925);
#2529=AXIS2_PLACEMENT_3D('',#3605,#2928,#2929);
#2530=AXIS2_PLACEMENT_3D('',#3608,#2932,#2933);
#2531=AXIS2_PLACEMENT_3D('',#3617,#2938,#2939);
#2532=AXIS2_PLACEMENT_3D('',#3643,#2955,#2956);
#2533=AXIS2_PLACEMENT_3D('',#3649,#2960,#2961);
#2534=AXIS2_PLACEMENT_3D('',#3675,#2977,#2978);
#2535=AXIS2_PLACEMENT_3D('',#3681,#2982,#2983);
#2536=AXIS2_PLACEMENT_3D('',#3687,#2987,#2988);
#2537=AXIS2_PLACEMENT_3D('',#3693,#2992,#2993);
#2538=AXIS2_PLACEMENT_3D('',#3719,#3009,#3010);
#2539=AXIS2_PLACEMENT_3D('',#3725,#3014,#3015);
#2540=AXIS2_PLACEMENT_3D('',#3751,#3031,#3032);
#2541=AXIS2_PLACEMENT_3D('',#3757,#3036,#3037);
#2542=AXIS2_PLACEMENT_3D('',#3760,#3040,#3041);
#2543=AXIS2_PLACEMENT_3D('',#3763,#3044,#3045);
#2544=AXIS2_PLACEMENT_3D('',#3766,#3048,#3049);
#2545=AXIS2_PLACEMENT_3D('',#3767,#3050,#3051);
#2546=AXIS2_PLACEMENT_3D('',#3768,#3052,#3053);
#2547=AXIS2_PLACEMENT_3D('',#3769,#3054,#3055);
#2548=AXIS2_PLACEMENT_3D('',#3770,#3056,#3057);
#2549=AXIS2_PLACEMENT_3D('',#3772,#3059,#3060);
#2550=AXIS2_PLACEMENT_3D('',#3774,#3062,#3063);
#2551=AXIS2_PLACEMENT_3D('',#3776,#3065,#3066);
#2552=AXIS2_PLACEMENT_3D('',#3778,#3068,#3069);
#2553=AXIS2_PLACEMENT_3D('',#3779,#3070,#3071);
#2554=AXIS2_PLACEMENT_3D('',#3781,#3073,#3074);
#2555=AXIS2_PLACEMENT_3D('',#3783,#3076,#3077);
#2556=AXIS2_PLACEMENT_3D('',#3785,#3079,#3080);
#2557=AXIS2_PLACEMENT_3D('',#3787,#3082,#3083);
#2558=AXIS2_PLACEMENT_3D('',#3788,#3084,#3085);
#2559=AXIS2_PLACEMENT_3D('',#3790,#3087,#3088);
#2560=AXIS2_PLACEMENT_3D('',#3792,#3090,#3091);
#2561=AXIS2_PLACEMENT_3D('',#3794,#3093,#3094);
#2562=AXIS2_PLACEMENT_3D('',#3796,#3096,#3097);
#2563=AXIS2_PLACEMENT_3D('',#3797,#3098,#3099);
#2564=AXIS2_PLACEMENT_3D('',#3799,#3101,#3102);
#2565=AXIS2_PLACEMENT_3D('',#3801,#3104,#3105);
#2566=AXIS2_PLACEMENT_3D('',#3803,#3107,#3108);
#2567=AXIS2_PLACEMENT_3D('',#3805,#3110,#3111);
#2568=AXIS2_PLACEMENT_3D('',#3806,#3112,#3113);
#2569=AXIS2_PLACEMENT_3D('',#3809,#3116,#3117);
#2570=AXIS2_PLACEMENT_3D('',#3811,#3119,#3120);
#2571=AXIS2_PLACEMENT_3D('',#3813,#3122,#3123);
#2572=AXIS2_PLACEMENT_3D('',#3814,#3124,#3125);
#2573=AXIS2_PLACEMENT_3D('',#3815,#3126,#3127);
#2574=AXIS2_PLACEMENT_3D('',#3818,#3130,#3131);
#2575=AXIS2_PLACEMENT_3D('',#3820,#3133,#3134);
#2576=AXIS2_PLACEMENT_3D('',#3822,#3136,#3137);
#2577=AXIS2_PLACEMENT_3D('',#3823,#3138,#3139);
#2578=AXIS2_PLACEMENT_3D('',#3824,#3140,#3141);
#2579=AXIS2_PLACEMENT_3D('',#3827,#3144,#3145);
#2580=AXIS2_PLACEMENT_3D('',#3829,#3147,#3148);
#2581=AXIS2_PLACEMENT_3D('',#3831,#3150,#3151);
#2582=AXIS2_PLACEMENT_3D('',#3832,#3152,#3153);
#2583=AXIS2_PLACEMENT_3D('',#3833,#3154,#3155);
#2584=AXIS2_PLACEMENT_3D('',#3836,#3158,#3159);
#2585=AXIS2_PLACEMENT_3D('',#3838,#3161,#3162);
#2586=AXIS2_PLACEMENT_3D('',#3840,#3164,#3165);
#2587=AXIS2_PLACEMENT_3D('',#3841,#3166,#3167);
#2588=AXIS2_PLACEMENT_3D('',#3842,#3168,#3169);
#2589=AXIS2_PLACEMENT_3D('',#3843,#3170,#3171);
#2590=AXIS2_PLACEMENT_3D('',#3852,#3176,#3177);
#2591=AXIS2_PLACEMENT_3D('',#3858,#3181,#3182);
#2592=AXIS2_PLACEMENT_3D('',#3864,#3186,#3187);
#2593=AXIS2_PLACEMENT_3D('',#3867,#3190,#3191);
#2594=AXIS2_PLACEMENT_3D('',#3868,#3192,#3193);
#2595=AXIS2_PLACEMENT_3D('',#3869,#3194,#3195);
#2596=DIRECTION('',(0.,0.,1.));
#2597=DIRECTION('',(1.,0.,0.));
#2598=DIRECTION('',(0.,-1.,0.));
#2599=DIRECTION('',(0.,0.,-1.));
#2600=DIRECTION('',(0.,0.,-1.));
#2601=DIRECTION('',(1.,0.,0.));
#2602=DIRECTION('',(0.,0.,-1.));
#2603=DIRECTION('',(1.,0.,0.));
#2604=DIRECTION('',(0.,-1.,0.));
#2605=DIRECTION('',(0.,0.,-1.));
#2606=DIRECTION('',(0.,0.,-1.));
#2607=DIRECTION('',(1.,0.,0.));
#2608=DIRECTION('',(0.,0.,-1.));
#2609=DIRECTION('',(1.,0.,0.));
#2610=DIRECTION('',(0.,-1.,0.));
#2611=DIRECTION('',(0.,0.,-1.));
#2612=DIRECTION('',(0.,0.,-1.));
#2613=DIRECTION('',(1.,0.,0.));
#2614=DIRECTION('',(0.,0.,-1.));
#2615=DIRECTION('',(1.,0.,0.));
#2616=DIRECTION('',(0.,-1.,0.));
#2617=DIRECTION('',(0.,0.,-1.));
#2618=DIRECTION('',(0.,0.,-1.));
#2619=DIRECTION('',(1.,0.,0.));
#2620=DIRECTION('',(0.,0.,-1.));
#2621=DIRECTION('',(1.,0.,0.));
#2622=DIRECTION('',(0.,0.,-1.));
#2623=DIRECTION('',(-1.,0.,0.));
#2624=DIRECTION('',(9.98831922683546E-14,-1.,0.));
#2625=DIRECTION('',(1.,0.,0.));
#2626=DIRECTION('',(0.,1.,0.));
#2627=DIRECTION('',(0.,0.,-1.));
#2628=DIRECTION('',(-1.,0.,0.));
#2629=DIRECTION('',(1.00139303017772E-13,1.,0.));
#2630=DIRECTION('',(9.99685625181566E-14,-1.,0.));
#2631=DIRECTION('',(1.,0.,0.));
#2632=DIRECTION('',(0.,0.,-1.));
#2633=DIRECTION('',(-1.,0.,0.));
#2634=DIRECTION('',(1.00192659423898E-13,1.,0.));
#2635=DIRECTION('',(9.99152061120304E-14,-1.,0.));
#2636=DIRECTION('',(1.,0.,0.));
#2637=DIRECTION('',(0.,0.,-1.));
#2638=DIRECTION('',(-1.,0.,0.));
#2639=DIRECTION('',(1.00224673267574E-13,1.,0.));
#2640=DIRECTION('',(9.98831922683546E-14,-1.,0.));
#2641=DIRECTION('',(1.,0.,0.));
#2642=DIRECTION('',(0.,-1.,0.));
#2643=DIRECTION('',(0.,0.,-1.));
#2644=DIRECTION('',(0.,0.,1.));
#2645=DIRECTION('',(1.,0.,0.));
#2646=DIRECTION('',(0.,0.,-1.));
#2647=DIRECTION('',(0.,-1.,0.));
#2648=DIRECTION('',(0.,0.,-1.));
#2649=DIRECTION('',(0.,0.,-1.));
#2650=DIRECTION('',(0.,0.,1.));
#2651=DIRECTION('',(1.,0.,0.));
#2652=DIRECTION('',(0.,-1.,0.));
#2653=DIRECTION('',(0.,0.,-1.));
#2654=DIRECTION('',(0.,0.,-1.));
#2655=DIRECTION('',(0.,0.,1.));
#2656=DIRECTION('',(1.,0.,0.));
#2657=DIRECTION('',(0.,-1.,0.));
#2658=DIRECTION('',(0.,0.,-1.));
#2659=DIRECTION('',(0.,0.,-1.));
#2660=DIRECTION('',(0.,0.,1.));
#2661=DIRECTION('',(1.,0.,0.));
#2662=DIRECTION('',(0.,0.,1.));
#2663=DIRECTION('',(1.,0.,0.));
#2664=DIRECTION('',(-9.98831922683546E-14,1.,0.));
#2665=DIRECTION('',(1.,0.,0.));
#2666=DIRECTION('',(0.,-1.,0.));
#2667=DIRECTION('',(0.,0.,1.));
#2668=DIRECTION('',(1.,0.,0.));
#2669=DIRECTION('',(-1.00139303017772E-13,-1.,0.));
#2670=DIRECTION('',(-9.99685625181566E-14,1.,0.));
#2671=DIRECTION('',(1.,0.,0.));
#2672=DIRECTION('',(0.,0.,1.));
#2673=DIRECTION('',(1.,0.,0.));
#2674=DIRECTION('',(-1.00192659423898E-13,-1.,0.));
#2675=DIRECTION('',(-9.99152061120304E-14,1.,0.));
#2676=DIRECTION('',(1.,0.,0.));
#2677=DIRECTION('',(0.,0.,1.));
#2678=DIRECTION('',(1.,0.,0.));
#2679=DIRECTION('',(-1.00224673267574E-13,-1.,0.));
#2680=DIRECTION('',(-9.98831922683546E-14,1.,0.));
#2681=DIRECTION('',(1.,0.,0.));
#2682=DIRECTION('',(0.,-1.,0.));
#2683=DIRECTION('',(0.,0.,-1.));
#2684=DIRECTION('',(0.,0.,-1.));
#2685=DIRECTION('',(1.,0.,0.));
#2686=DIRECTION('',(0.,0.,-1.));
#2687=DIRECTION('',(0.,-1.,0.));
#2688=DIRECTION('',(0.,0.,-1.));
#2689=DIRECTION('',(0.,0.,-1.));
#2690=DIRECTION('',(0.,0.,-1.));
#2691=DIRECTION('',(1.,0.,0.));
#2692=DIRECTION('',(0.,-1.,0.));
#2693=DIRECTION('',(0.,0.,-1.));
#2694=DIRECTION('',(0.,0.,-1.));
#2695=DIRECTION('',(0.,0.,-1.));
#2696=DIRECTION('',(1.,0.,0.));
#2697=DIRECTION('',(0.,-1.,0.));
#2698=DIRECTION('',(0.,0.,-1.));
#2699=DIRECTION('',(0.,0.,-1.));
#2700=DIRECTION('',(0.,0.,-1.));
#2701=DIRECTION('',(1.,0.,0.));
#2702=DIRECTION('',(0.,0.,1.));
#2703=DIRECTION('',(1.,0.,0.));
#2704=DIRECTION('',(-9.98831922683546E-14,1.,0.));
#2705=DIRECTION('',(0.,-1.,0.));
#2706=DIRECTION('',(1.,0.,0.));
#2707=DIRECTION('',(0.,-1.,0.));
#2708=DIRECTION('',(1.,0.,0.));
#2709=DIRECTION('',(0.,-1.,0.));
#2710=DIRECTION('',(-1.,-1.25544485002879E-16,0.));
#2711=DIRECTION('',(-9.98831922683546E-14,1.,0.));
#2712=DIRECTION('',(-1.00224673267574E-13,-1.,0.));
#2713=DIRECTION('',(-1.,-1.88316727504319E-16,0.));
#2714=DIRECTION('',(-9.99152061120304E-14,1.,0.));
#2715=DIRECTION('',(-1.00192659423898E-13,-1.,0.));
#2716=DIRECTION('',(-1.,-1.25544485002879E-16,0.));
#2717=DIRECTION('',(-9.99685625181566E-14,1.,0.));
#2718=DIRECTION('',(-1.00139303017772E-13,-1.,0.));
#2719=DIRECTION('',(-1.,-1.25544485002879E-16,0.));
#2720=DIRECTION('',(0.,-1.,0.));
#2721=DIRECTION('',(0.,0.,-1.));
#2722=DIRECTION('',(0.,0.,-1.));
#2723=DIRECTION('',(0.,0.,-1.));
#2724=DIRECTION('',(1.,0.,0.));
#2725=DIRECTION('',(0.,0.,-1.));
#2726=DIRECTION('',(-1.,0.,0.));
#2727=DIRECTION('',(0.,1.,0.));
#2728=DIRECTION('',(0.,1.,0.));
#2729=DIRECTION('',(1.,0.,0.));
#2730=DIRECTION('',(0.,-1.,0.));
#2731=DIRECTION('',(0.,0.,-1.));
#2732=DIRECTION('',(0.,0.,-1.));
#2733=DIRECTION('',(0.,0.,-1.));
#2734=DIRECTION('',(1.,0.,0.));
#2735=DIRECTION('',(0.,0.,1.));
#2736=DIRECTION('',(1.,0.,0.));
#2737=DIRECTION('',(0.,-1.,0.));
#2738=DIRECTION('',(0.,-1.,0.));
#2739=DIRECTION('',(1.,0.,0.));
#2740=DIRECTION('',(0.,-1.,0.));
#2741=DIRECTION('',(0.,0.,-1.));
#2742=DIRECTION('',(0.,0.,-1.));
#2743=DIRECTION('',(0.,0.,-1.));
#2744=DIRECTION('',(1.,0.,0.));
#2745=DIRECTION('',(0.,0.,-1.));
#2746=DIRECTION('',(-1.,0.,0.));
#2747=DIRECTION('',(9.98831922683546E-14,-1.,0.));
#2748=DIRECTION('',(1.,1.25544485002879E-16,0.));
#2749=DIRECTION('',(1.00139303017772E-13,1.,0.));
#2750=DIRECTION('',(9.99685625181566E-14,-1.,0.));
#2751=DIRECTION('',(1.,1.25544485002879E-16,0.));
#2752=DIRECTION('',(1.00192659423898E-13,1.,0.));
#2753=DIRECTION('',(9.99152061120304E-14,-1.,0.));
#2754=DIRECTION('',(1.,1.88316727504319E-16,0.));
#2755=DIRECTION('',(1.00224673267574E-13,1.,0.));
#2756=DIRECTION('',(9.98831922683546E-14,-1.,0.));
#2757=DIRECTION('',(1.,1.25544485002879E-16,0.));
#2758=DIRECTION('',(0.,1.,0.));
#2759=DIRECTION('',(0.,1.,0.));
#2760=DIRECTION('',(1.,0.,0.));
#2761=DIRECTION('',(0.,1.,0.));
#2762=DIRECTION('',(0.,1.,-3.2337215834094E-17));
#2763=DIRECTION('',(0.,3.2337215834094E-17,1.));
#2764=DIRECTION('',(0.,3.2337215834094E-17,1.));
#2765=DIRECTION('',(0.,3.2337215834094E-17,1.));
#2766=DIRECTION('',(1.,0.,0.));
#2767=DIRECTION('',(0.,0.,-1.));
#2768=DIRECTION('',(1.,0.,0.));
#2769=DIRECTION('',(0.,0.,-1.));
#2770=DIRECTION('',(-1.,0.,0.));
#2771=DIRECTION('',(0.,0.,1.));
#2772=DIRECTION('',(0.,0.,-1.));
#2773=DIRECTION('',(-1.25544485002879E-16,1.,0.));
#2774=DIRECTION('',(-1.,-1.25544485002879E-16,0.));
#2775=DIRECTION('',(0.,0.,-1.));
#2776=DIRECTION('',(1.,9.98831922683546E-14,0.));
#2777=DIRECTION('',(-9.98831922683546E-14,1.,0.));
#2778=DIRECTION('',(-1.,1.00224673267574E-13,0.));
#2779=DIRECTION('',(-1.00224673267574E-13,-1.,0.));
#2780=DIRECTION('',(0.,0.,-1.));
#2781=DIRECTION('',(-1.88316727504319E-16,1.,0.));
#2782=DIRECTION('',(-1.,-1.88316727504319E-16,0.));
#2783=DIRECTION('',(0.,0.,-1.));
#2784=DIRECTION('',(1.,9.99152061120304E-14,0.));
#2785=DIRECTION('',(-9.99152061120304E-14,1.,0.));
#2786=DIRECTION('',(-1.,1.00192659423898E-13,0.));
#2787=DIRECTION('',(-1.00192659423898E-13,-1.,0.));
#2788=DIRECTION('',(0.,0.,-1.));
#2789=DIRECTION('',(-1.25544485002879E-16,1.,0.));
#2790=DIRECTION('',(-1.,-1.25544485002879E-16,0.));
#2791=DIRECTION('',(0.,0.,-1.));
#2792=DIRECTION('',(1.,9.99685625181566E-14,0.));
#2793=DIRECTION('',(-9.99685625181566E-14,1.,0.));
#2794=DIRECTION('',(1.,9.98831922683546E-14,0.));
#2795=DIRECTION('',(-9.98831922683546E-14,1.,0.));
#2796=DIRECTION('',(0.,0.,-1.));
#2797=DIRECTION('',(-1.25544485002879E-16,1.,0.));
#2798=DIRECTION('',(-1.,-1.25544485002879E-16,0.));
#2799=DIRECTION('',(0.,0.,-1.));
#2800=DIRECTION('',(-1.,1.00139303017772E-13,0.));
#2801=DIRECTION('',(-1.00139303017772E-13,-1.,0.));
#2802=DIRECTION('',(0.,0.,1.));
#2803=DIRECTION('',(1.,0.,0.));
#2804=DIRECTION('',(0.,0.499999999999997,0.86602540378444));
#2805=DIRECTION('',(0.,-0.86602540378444,0.499999999999997));
#2806=DIRECTION('',(0.447213595500191,0.774596669241384,-0.447213595499897));
#2807=DIRECTION('',(1.,0.,0.));
#2808=DIRECTION('',(0.447213595499105,-0.774596669241854,0.447213595500169));
#2809=DIRECTION('',(1.,0.,0.));
#2810=DIRECTION('',(0.,0.499999999999997,0.86602540378444));
#2811=DIRECTION('',(0.,-0.86602540378444,0.499999999999997));
#2812=DIRECTION('',(0.4472135954999,0.77459666924151,-0.44721359549997));
#2813=DIRECTION('',(1.,0.,0.));
#2814=DIRECTION('',(0.44721359550059,-0.774596669241211,0.447213595499797));
#2815=DIRECTION('',(1.,0.,0.));
#2816=DIRECTION('',(0.,0.499999999999997,0.86602540378444));
#2817=DIRECTION('',(0.,-0.86602540378444,0.499999999999997));
#2818=DIRECTION('',(0.4472135954999,0.77459666924151,-0.44721359549997));
#2819=DIRECTION('',(1.,0.,0.));
#2820=DIRECTION('',(0.44721359550059,-0.774596669241211,0.447213595499797));
#2821=DIRECTION('',(1.,0.,0.));
#2822=DIRECTION('',(0.,0.499999999999997,0.86602540378444));
#2823=DIRECTION('',(0.,-0.86602540378444,0.499999999999997));
#2824=DIRECTION('',(0.4472135954999,0.77459666924151,-0.44721359549997));
#2825=DIRECTION('',(1.,0.,0.));
#2826=DIRECTION('',(0.44721359550059,-0.774596669241211,0.447213595499797));
#2827=DIRECTION('',(1.,0.,0.));
#2828=DIRECTION('',(0.,0.500000000000035,-0.866025403784419));
#2829=DIRECTION('',(0.,0.866025403784419,0.500000000000035));
#2830=DIRECTION('',(-0.447213595500182,-0.774596669241368,-0.447213595499933));
#2831=DIRECTION('',(1.,0.,0.));
#2832=DIRECTION('',(-0.447213595499096,0.774596669241839,0.447213595500205));
#2833=DIRECTION('',(1.,0.,0.));
#2834=DIRECTION('',(0.,0.500000000000035,-0.866025403784419));
#2835=DIRECTION('',(0.,0.866025403784419,0.500000000000035));
#2836=DIRECTION('',(-0.447213595499891,-0.774596669241495,-0.447213595500006));
#2837=DIRECTION('',(1.,0.,0.));
#2838=DIRECTION('',(-0.447213595500581,0.774596669241196,0.447213595499833));
#2839=DIRECTION('',(1.,0.,0.));
#2840=DIRECTION('',(0.,0.500000000000035,-0.866025403784419));
#2841=DIRECTION('',(0.,0.866025403784419,0.500000000000035));
#2842=DIRECTION('',(-0.447213595499891,-0.774596669241494,-0.447213595500006));
#2843=DIRECTION('',(1.,0.,0.));
#2844=DIRECTION('',(-0.447213595500581,0.774596669241196,0.447213595499833));
#2845=DIRECTION('',(1.,0.,0.));
#2846=DIRECTION('',(0.,0.500000000000035,-0.866025403784419));
#2847=DIRECTION('',(0.,0.866025403784419,0.500000000000035));
#2848=DIRECTION('',(-0.447213595499891,-0.774596669241494,-0.447213595500006));
#2849=DIRECTION('',(1.,0.,0.));
#2850=DIRECTION('',(-0.447213595500581,0.774596669241196,0.447213595499833));
#2851=DIRECTION('',(1.,0.,0.));
#2852=DIRECTION('',(0.,1.,0.));
#2853=DIRECTION('',(0.,0.,1.));
#2854=DIRECTION('',(0.,0.,-1.));
#2855=DIRECTION('',(1.,0.,0.));
#2856=DIRECTION('',(0.,0.,-1.));
#2857=DIRECTION('',(0.,1.,0.));
#2858=DIRECTION('',(0.,0.,1.));
#2859=DIRECTION('',(0.,0.,-1.));
#2860=DIRECTION('',(1.,0.,0.));
#2861=DIRECTION('',(0.,0.,-1.));
#2862=DIRECTION('',(0.,1.,0.));
#2863=DIRECTION('',(0.,0.,1.));
#2864=DIRECTION('',(0.,0.,-1.));
#2865=DIRECTION('',(1.,0.,0.));
#2866=DIRECTION('',(0.,0.,-1.));
#2867=DIRECTION('',(0.,1.,0.));
#2868=DIRECTION('',(0.,0.,1.));
#2869=DIRECTION('',(0.,0.,-1.));
#2870=DIRECTION('',(1.,0.,0.));
#2871=DIRECTION('',(0.,0.,-1.));
#2872=DIRECTION('',(0.,0.499999999999997,0.86602540378444));
#2873=DIRECTION('',(0.,-0.866025403784441,0.499999999999997));
#2874=DIRECTION('',(0.447213595500192,0.774596669241384,-0.447213595499897));
#2875=DIRECTION('',(1.,0.,0.));
#2876=DIRECTION('',(0.447213595499105,-0.774596669241854,0.447213595500168));
#2877=DIRECTION('',(0.,0.499999999999997,0.86602540378444));
#2878=DIRECTION('',(0.,-0.866025403784441,0.499999999999997));
#2879=DIRECTION('',(0.4472135954999,0.77459666924151,-0.44721359549997));
#2880=DIRECTION('',(1.,0.,0.));
#2881=DIRECTION('',(0.44721359550059,-0.774596669241211,0.447213595499797));
#2882=DIRECTION('',(0.,0.499999999999997,0.86602540378444));
#2883=DIRECTION('',(0.,-0.866025403784441,0.499999999999997));
#2884=DIRECTION('',(0.4472135954999,0.77459666924151,-0.44721359549997));
#2885=DIRECTION('',(1.,0.,0.));
#2886=DIRECTION('',(0.44721359550059,-0.774596669241211,0.447213595499797));
#2887=DIRECTION('',(0.,0.499999999999997,0.86602540378444));
#2888=DIRECTION('',(0.,-0.866025403784441,0.499999999999997));
#2889=DIRECTION('',(0.4472135954999,0.77459666924151,-0.44721359549997));
#2890=DIRECTION('',(1.,0.,0.));
#2891=DIRECTION('',(0.44721359550059,-0.774596669241211,0.447213595499797));
#2892=DIRECTION('',(0.,0.500000000000035,-0.866025403784419));
#2893=DIRECTION('',(0.,0.866025403784419,0.500000000000035));
#2894=DIRECTION('',(-0.447213595500183,-0.774596669241368,-0.447213595499933));
#2895=DIRECTION('',(1.,0.,0.));
#2896=DIRECTION('',(-0.447213595499096,0.774596669241839,0.447213595500205));
#2897=DIRECTION('',(1.,0.,0.));
#2898=DIRECTION('',(0.,0.500000000000035,-0.866025403784419));
#2899=DIRECTION('',(0.,0.866025403784419,0.500000000000035));
#2900=DIRECTION('',(-0.447213595499891,-0.774596669241495,-0.447213595500006));
#2901=DIRECTION('',(1.,0.,0.));
#2902=DIRECTION('',(-0.447213595500581,0.774596669241196,0.447213595499833));
#2903=DIRECTION('',(1.,0.,0.));
#2904=DIRECTION('',(0.,0.500000000000035,-0.866025403784419));
#2905=DIRECTION('',(0.,0.866025403784419,0.500000000000035));
#2906=DIRECTION('',(-0.447213595499891,-0.774596669241494,-0.447213595500006));
#2907=DIRECTION('',(1.,0.,0.));
#2908=DIRECTION('',(-0.447213595500581,0.774596669241196,0.447213595499833));
#2909=DIRECTION('',(1.,0.,0.));
#2910=DIRECTION('',(0.,0.500000000000035,-0.866025403784419));
#2911=DIRECTION('',(0.,0.866025403784419,0.500000000000035));
#2912=DIRECTION('',(-0.447213595499891,-0.774596669241494,-0.447213595500006));
#2913=DIRECTION('',(1.,0.,0.));
#2914=DIRECTION('',(-0.447213595500581,0.774596669241196,0.447213595499833));
#2915=DIRECTION('',(1.,0.,0.));
#2916=DIRECTION('',(0.,1.,0.));
#2917=DIRECTION('',(0.,0.,1.));
#2918=DIRECTION('',(0.,0.,-1.));
#2919=DIRECTION('',(0.,0.,1.));
#2920=DIRECTION('',(0.,1.,0.));
#2921=DIRECTION('',(0.,0.,1.));
#2922=DIRECTION('',(0.,0.,-1.));
#2923=DIRECTION('',(0.,0.,1.));
#2924=DIRECTION('',(0.,1.,0.));
#2925=DIRECTION('',(0.,0.,1.));
#2926=DIRECTION('',(0.,0.,-1.));
#2927=DIRECTION('',(0.,0.,1.));
#2928=DIRECTION('',(0.,1.,0.));
#2929=DIRECTION('',(0.,0.,1.));
#2930=DIRECTION('',(0.,0.,-1.));
#2931=DIRECTION('',(0.,0.,1.));
#2932=DIRECTION('',(0.,0.499999999999997,0.86602540378444));
#2933=DIRECTION('',(0.,-0.86602540378444,0.499999999999997));
#2934=DIRECTION('',(0.447213595499899,0.77459666924151,-0.44721359549997));
#2935=DIRECTION('',(1.,0.,0.));
#2936=DIRECTION('',(0.44721359550059,-0.774596669241211,0.447213595499797));
#2937=DIRECTION('',(1.,0.,0.));
#2938=DIRECTION('',(0.,0.,1.));
#2939=DIRECTION('',(1.,0.,0.));
#2940=DIRECTION('',(-8.70034197982244E-14,-1.,0.));
#2941=DIRECTION('',(0.,-1.,0.));
#2942=DIRECTION('',(1.,0.,0.));
#2943=DIRECTION('',(0.,-1.,0.));
#2944=DIRECTION('',(0.,1.,0.));
#2945=DIRECTION('',(1.,0.,0.));
#2946=DIRECTION('',(0.,-1.,0.));
#2947=DIRECTION('',(0.,1.,0.));
#2948=DIRECTION('',(1.,0.,0.));
#2949=DIRECTION('',(0.,-1.,0.));
#2950=DIRECTION('',(0.,1.,0.));
#2951=DIRECTION('',(1.,0.,0.));
#2952=DIRECTION('',(0.,-1.,0.));
#2953=DIRECTION('',(0.,1.,0.));
#2954=DIRECTION('',(1.,0.,0.));
#2955=DIRECTION('',(0.,-1.,-1.94023295004564E-16));
#2956=DIRECTION('',(0.,1.94023295004564E-16,-1.));
#2957=DIRECTION('',(0.,1.94023295004564E-16,-1.));
#2958=DIRECTION('',(0.,1.94023295004564E-16,-1.));
#2959=DIRECTION('',(1.,0.,0.));
#2960=DIRECTION('',(0.,0.,-1.));
#2961=DIRECTION('',(-1.,0.,0.));
#2962=DIRECTION('',(8.70034197982244E-14,1.,0.));
#2963=DIRECTION('',(-1.,0.,0.));
#2964=DIRECTION('',(0.,-1.,0.));
#2965=DIRECTION('',(0.,1.,0.));
#2966=DIRECTION('',(-1.,0.,0.));
#2967=DIRECTION('',(0.,-1.,0.));
#2968=DIRECTION('',(0.,1.,0.));
#2969=DIRECTION('',(-1.,0.,0.));
#2970=DIRECTION('',(0.,-1.,0.));
#2971=DIRECTION('',(0.,1.,0.));
#2972=DIRECTION('',(-1.,0.,0.));
#2973=DIRECTION('',(0.,-1.,0.));
#2974=DIRECTION('',(1.,0.,0.));
#2975=DIRECTION('',(0.,1.,0.));
#2976=DIRECTION('',(0.,1.,0.));
#2977=DIRECTION('',(0.,0.500000000000035,-0.866025403784419));
#2978=DIRECTION('',(0.,0.866025403784419,0.500000000000035));
#2979=DIRECTION('',(-0.44721359549989,-0.774596669241495,-0.447213595500006));
#2980=DIRECTION('',(1.,0.,0.));
#2981=DIRECTION('',(-0.447213595500581,0.774596669241195,0.447213595499833));
#2982=DIRECTION('',(0.,1.,0.));
#2983=DIRECTION('',(0.,0.,1.));
#2984=DIRECTION('',(0.,0.,-1.));
#2985=DIRECTION('',(1.,0.,0.));
#2986=DIRECTION('',(0.,0.,-1.));
#2987=DIRECTION('',(0.,0.499999999999997,0.86602540378444));
#2988=DIRECTION('',(0.,-0.866025403784441,0.499999999999997));
#2989=DIRECTION('',(0.447213595499899,0.77459666924151,-0.44721359549997));
#2990=DIRECTION('',(1.,0.,0.));
#2991=DIRECTION('',(0.44721359550059,-0.774596669241211,0.447213595499797));
#2992=DIRECTION('',(0.,0.,1.));
#2993=DIRECTION('',(1.,0.,0.));
#2994=DIRECTION('',(-8.70034197982244E-14,-1.,0.));
#2995=DIRECTION('',(0.,-1.,0.));
#2996=DIRECTION('',(1.,0.,0.));
#2997=DIRECTION('',(0.,-1.,0.));
#2998=DIRECTION('',(0.,1.,0.));
#2999=DIRECTION('',(1.,0.,0.));
#3000=DIRECTION('',(0.,-1.,0.));
#3001=DIRECTION('',(0.,1.,0.));
#3002=DIRECTION('',(1.,0.,0.));
#3003=DIRECTION('',(0.,-1.,0.));
#3004=DIRECTION('',(0.,1.,0.));
#3005=DIRECTION('',(1.,0.,0.));
#3006=DIRECTION('',(0.,-1.,0.));
#3007=DIRECTION('',(0.,1.,0.));
#3008=DIRECTION('',(1.,0.,0.));
#3009=DIRECTION('',(0.,1.,0.));
#3010=DIRECTION('',(0.,0.,1.));
#3011=DIRECTION('',(0.,0.,1.));
#3012=DIRECTION('',(0.,0.,1.));
#3013=DIRECTION('',(1.,0.,0.));
#3014=DIRECTION('',(0.,0.,-1.));
#3015=DIRECTION('',(-1.,0.,0.));
#3016=DIRECTION('',(8.70034197982244E-14,1.,0.));
#3017=DIRECTION('',(-1.,0.,0.));
#3018=DIRECTION('',(0.,-1.,0.));
#3019=DIRECTION('',(0.,1.,0.));
#3020=DIRECTION('',(-1.,0.,0.));
#3021=DIRECTION('',(0.,-1.,0.));
#3022=DIRECTION('',(0.,1.,0.));
#3023=DIRECTION('',(-1.,0.,0.));
#3024=DIRECTION('',(0.,-1.,0.));
#3025=DIRECTION('',(0.,1.,0.));
#3026=DIRECTION('',(-1.,0.,0.));
#3027=DIRECTION('',(0.,-1.,0.));
#3028=DIRECTION('',(1.,0.,0.));
#3029=DIRECTION('',(0.,1.,0.));
#3030=DIRECTION('',(0.,1.,0.));
#3031=DIRECTION('',(0.,0.500000000000035,-0.866025403784419));
#3032=DIRECTION('',(0.,0.866025403784419,0.500000000000035));
#3033=DIRECTION('',(-0.44721359549989,-0.774596669241495,-0.447213595500006));
#3034=DIRECTION('',(1.,0.,0.));
#3035=DIRECTION('',(-0.447213595500581,0.774596669241196,0.447213595499833));
#3036=DIRECTION('',(0.,1.,0.));
#3037=DIRECTION('',(0.,0.,1.));
#3038=DIRECTION('',(0.,0.,-1.));
#3039=DIRECTION('',(0.,0.,-1.));
#3040=DIRECTION('',(1.,0.,0.));
#3041=DIRECTION('',(0.,0.,-1.));
#3042=DIRECTION('',(0.,0.,-1.));
#3043=DIRECTION('',(0.,0.,-1.));
#3044=DIRECTION('',(1.,0.,0.));
#3045=DIRECTION('',(0.,0.,-1.));
#3046=DIRECTION('',(0.,0.,-1.));
#3047=DIRECTION('',(0.,0.,-1.));
#3048=DIRECTION('',(-0.866025403784056,-0.500000000000662,0.));
#3049=DIRECTION('',(0.500000000000662,-0.866025403784056,0.));
#3050=DIRECTION('',(-0.866025403784056,-0.500000000000662,0.));
#3051=DIRECTION('',(0.500000000000662,-0.866025403784056,0.));
#3052=DIRECTION('',(0.866025403784298,-0.500000000000244,0.));
#3053=DIRECTION('',(0.500000000000244,0.866025403784298,0.));
#3054=DIRECTION('',(0.866025403784298,-0.500000000000244,0.));
#3055=DIRECTION('',(0.500000000000244,0.866025403784298,0.));
#3056=DIRECTION('',(0.866025403784475,-0.499999999999938,0.));
#3057=DIRECTION('',(0.499999999999938,0.866025403784475,0.));
#3058=DIRECTION('',(0.,0.,-1.));
#3059=DIRECTION('',(1.,0.,0.));
#3060=DIRECTION('',(0.,0.,-1.));
#3061=DIRECTION('',(0.,0.,-1.));
#3062=DIRECTION('',(0.,-1.,0.));
#3063=DIRECTION('',(0.,0.,-1.));
#3064=DIRECTION('',(0.,0.,-1.));
#3065=DIRECTION('',(-0.866025403784057,-0.500000000000662,0.));
#3066=DIRECTION('',(0.500000000000662,-0.866025403784057,0.));
#3067=DIRECTION('',(0.,0.,-1.));
#3068=DIRECTION('',(-1.,0.,0.));
#3069=DIRECTION('',(0.,0.,1.));
#3070=DIRECTION('',(0.866025403784474,-0.499999999999939,0.));
#3071=DIRECTION('',(0.499999999999939,0.866025403784474,0.));
#3072=DIRECTION('',(0.,0.,-1.));
#3073=DIRECTION('',(1.,0.,0.));
#3074=DIRECTION('',(0.,0.,-1.));
#3075=DIRECTION('',(0.,0.,-1.));
#3076=DIRECTION('',(0.,-1.,0.));
#3077=DIRECTION('',(0.,0.,-1.));
#3078=DIRECTION('',(0.,0.,-1.));
#3079=DIRECTION('',(-0.866025403784056,-0.500000000000662,0.));
#3080=DIRECTION('',(0.500000000000662,-0.866025403784057,0.));
#3081=DIRECTION('',(0.,0.,-1.));
#3082=DIRECTION('',(-1.,0.,0.));
#3083=DIRECTION('',(0.,0.,1.));
#3084=DIRECTION('',(0.866025403784474,-0.499999999999938,0.));
#3085=DIRECTION('',(0.499999999999938,0.866025403784474,0.));
#3086=DIRECTION('',(0.,0.,-1.));
#3087=DIRECTION('',(1.,0.,0.));
#3088=DIRECTION('',(0.,0.,-1.));
#3089=DIRECTION('',(0.,0.,-1.));
#3090=DIRECTION('',(0.,-1.,0.));
#3091=DIRECTION('',(0.,0.,-1.));
#3092=DIRECTION('',(0.,0.,-1.));
#3093=DIRECTION('',(-0.866025403784057,-0.500000000000662,0.));
#3094=DIRECTION('',(0.500000000000662,-0.866025403784057,0.));
#3095=DIRECTION('',(0.,0.,-1.));
#3096=DIRECTION('',(-1.,0.,0.));
#3097=DIRECTION('',(0.,0.,1.));
#3098=DIRECTION('',(0.866025403784474,-0.499999999999938,0.));
#3099=DIRECTION('',(0.499999999999938,0.866025403784474,0.));
#3100=DIRECTION('',(0.,0.,-1.));
#3101=DIRECTION('',(1.,0.,0.));
#3102=DIRECTION('',(0.,0.,-1.));
#3103=DIRECTION('',(0.,0.,-1.));
#3104=DIRECTION('',(0.,-1.,0.));
#3105=DIRECTION('',(0.,0.,-1.));
#3106=DIRECTION('',(0.,0.,-1.));
#3107=DIRECTION('',(-0.866025403784955,-0.499999999999105,0.));
#3108=DIRECTION('',(0.499999999999105,-0.866025403784955,0.));
#3109=DIRECTION('',(0.,0.,-1.));
#3110=DIRECTION('',(-1.,8.70034197982244E-14,0.));
#3111=DIRECTION('',(-8.70034197982244E-14,-1.,0.));
#3112=DIRECTION('',(1.,0.,0.));
#3113=DIRECTION('',(0.,0.,-1.));
#3114=DIRECTION('',(0.,0.,-1.));
#3115=DIRECTION('',(0.,0.,-1.));
#3116=DIRECTION('',(0.,-1.,0.));
#3117=DIRECTION('',(0.,0.,-1.));
#3118=DIRECTION('',(0.,0.,-1.));
#3119=DIRECTION('',(-1.,0.,0.));
#3120=DIRECTION('',(0.,0.,1.));
#3121=DIRECTION('',(0.,0.,-1.));
#3122=DIRECTION('',(0.866025403784475,-0.499999999999938,0.));
#3123=DIRECTION('',(0.499999999999938,0.866025403784475,0.));
#3124=DIRECTION('',(-0.866025403784057,-0.500000000000662,0.));
#3125=DIRECTION('',(0.500000000000662,-0.866025403784057,0.));
#3126=DIRECTION('',(1.,0.,0.));
#3127=DIRECTION('',(0.,0.,-1.));
#3128=DIRECTION('',(0.,0.,-1.));
#3129=DIRECTION('',(0.,0.,-1.));
#3130=DIRECTION('',(0.,-1.,0.));
#3131=DIRECTION('',(0.,0.,-1.));
#3132=DIRECTION('',(0.,0.,-1.));
#3133=DIRECTION('',(-1.,0.,0.));
#3134=DIRECTION('',(0.,0.,1.));
#3135=DIRECTION('',(0.,0.,-1.));
#3136=DIRECTION('',(0.866025403784474,-0.499999999999939,0.));
#3137=DIRECTION('',(0.499999999999939,0.866025403784474,0.));
#3138=DIRECTION('',(-0.866025403784056,-0.500000000000662,0.));
#3139=DIRECTION('',(0.500000000000662,-0.866025403784057,0.));
#3140=DIRECTION('',(1.,0.,0.));
#3141=DIRECTION('',(0.,0.,-1.));
#3142=DIRECTION('',(0.,0.,-1.));
#3143=DIRECTION('',(0.,0.,-1.));
#3144=DIRECTION('',(0.,-1.,0.));
#3145=DIRECTION('',(0.,0.,-1.));
#3146=DIRECTION('',(0.,0.,-1.));
#3147=DIRECTION('',(-1.,0.,0.));
#3148=DIRECTION('',(0.,0.,1.));
#3149=DIRECTION('',(0.,0.,-1.));
#3150=DIRECTION('',(0.866025403784474,-0.499999999999938,0.));
#3151=DIRECTION('',(0.499999999999938,0.866025403784474,0.));
#3152=DIRECTION('',(-0.866025403784057,-0.500000000000662,0.));
#3153=DIRECTION('',(0.500000000000662,-0.866025403784057,0.));
#3154=DIRECTION('',(-1.,8.70034197982244E-14,0.));
#3155=DIRECTION('',(-8.70034197982244E-14,-1.,0.));
#3156=DIRECTION('',(0.,0.,-1.));
#3157=DIRECTION('',(0.,0.,-1.));
#3158=DIRECTION('',(0.,-1.,0.));
#3159=DIRECTION('',(0.,0.,-1.));
#3160=DIRECTION('',(0.,0.,-1.));
#3161=DIRECTION('',(1.,0.,0.));
#3162=DIRECTION('',(0.,0.,-1.));
#3163=DIRECTION('',(0.,0.,-1.));
#3164=DIRECTION('',(-0.866025403784955,-0.499999999999105,0.));
#3165=DIRECTION('',(0.499999999999105,-0.866025403784955,0.));
#3166=DIRECTION('',(0.866025403784474,-0.499999999999938,0.));
#3167=DIRECTION('',(0.499999999999938,0.866025403784474,0.));
#3168=DIRECTION('',(0.,0.,1.));
#3169=DIRECTION('',(1.,0.,0.));
#3170=DIRECTION('',(1.,0.,0.));
#3171=DIRECTION('',(0.,0.,-1.));
#3172=DIRECTION('',(0.,0.,1.));
#3173=DIRECTION('',(0.,-1.,0.));
#3174=DIRECTION('',(0.,0.,1.));
#3175=DIRECTION('',(0.,-1.,0.));
#3176=DIRECTION('',(0.,0.,-1.));
#3177=DIRECTION('',(-1.,0.,0.));
#3178=DIRECTION('',(1.,0.,0.));
#3179=DIRECTION('',(0.,-1.,0.));
#3180=DIRECTION('',(1.,0.,0.));
#3181=DIRECTION('',(-1.,0.,0.));
#3182=DIRECTION('',(0.,0.,1.));
#3183=DIRECTION('',(0.,0.,-1.));
#3184=DIRECTION('',(0.,-1.,0.));
#3185=DIRECTION('',(0.,0.,-1.));
#3186=DIRECTION('',(0.,0.,1.));
#3187=DIRECTION('',(1.,0.,0.));
#3188=DIRECTION('',(-1.,0.,0.));
#3189=DIRECTION('',(-1.,0.,0.));
#3190=DIRECTION('',(0.,1.,0.));
#3191=DIRECTION('',(0.,0.,1.));
#3192=DIRECTION('',(0.,1.,0.));
#3193=DIRECTION('',(0.,0.,1.));
#3194=DIRECTION('',(0.,0.,1.));
#3195=DIRECTION('',(1.,0.,0.));
#3196=CARTESIAN_POINT('',(0.,0.,0.));
#3197=CARTESIAN_POINT('',(-0.108,-0.09,0.033));
#3198=CARTESIAN_POINT('',(0.09200000000005,-0.090000000000001,0.5));
#3199=CARTESIAN_POINT('',(0.09200000000005,-0.090000000000001,0.033));
#3200=CARTESIAN_POINT('',(0.09200000000005,-0.090000000000001,0.017));
#3201=CARTESIAN_POINT('',(-0.108,-0.09,0.017));
#3202=CARTESIAN_POINT('',(0.108,-0.09,0.017));
#3203=CARTESIAN_POINT('',(0.108,-0.09,0.033));
#3204=CARTESIAN_POINT('',(0.108,-0.09,0.033));
#3205=CARTESIAN_POINT('',(-0.108,-0.09,0.033));
#3206=CARTESIAN_POINT('',(-0.108,-0.09,0.033));
#3207=CARTESIAN_POINT('',(0.05800000000001,-0.08999999999999,0.5));
#3208=CARTESIAN_POINT('',(0.05800000000001,-0.08999999999999,0.033));
#3209=CARTESIAN_POINT('',(0.05800000000001,-0.08999999999999,0.017));
#3210=CARTESIAN_POINT('',(-0.108,-0.09,0.033));
#3211=CARTESIAN_POINT('',(0.04200000000003,-0.089999999999999,0.033));
#3212=CARTESIAN_POINT('',(0.04200000000003,-0.089999999999999,0.5));
#3213=CARTESIAN_POINT('',(0.04200000000003,-0.089999999999999,0.017));
#3214=CARTESIAN_POINT('',(-0.108,-0.09,0.017));
#3215=CARTESIAN_POINT('',(-0.108,-0.09,0.033));
#3216=CARTESIAN_POINT('',(0.00799999999999002,-0.089999999999988,0.5));
#3217=CARTESIAN_POINT('',(0.00799999999999002,-0.089999999999988,0.033));
#3218=CARTESIAN_POINT('',(0.00799999999999002,-0.089999999999988,0.017));
#3219=CARTESIAN_POINT('',(-0.108,-0.09,0.033));
#3220=CARTESIAN_POINT('',(-0.00799999999998999,-0.089999999999997,0.033));
#3221=CARTESIAN_POINT('',(-0.00799999999998999,-0.089999999999997,0.5));
#3222=CARTESIAN_POINT('',(-0.00799999999998999,-0.089999999999997,0.017));
#3223=CARTESIAN_POINT('',(-0.108,-0.09,0.017));
#3224=CARTESIAN_POINT('',(-0.108,-0.09,0.033));
#3225=CARTESIAN_POINT('',(-0.04200000000003,-0.089999999999986,0.5));
#3226=CARTESIAN_POINT('',(-0.04200000000003,-0.089999999999986,0.033));
#3227=CARTESIAN_POINT('',(-0.04200000000003,-0.089999999999986,0.017));
#3228=CARTESIAN_POINT('',(-0.108,-0.09,0.033));
#3229=CARTESIAN_POINT('',(-0.05800000000001,-0.089999999999995,0.033));
#3230=CARTESIAN_POINT('',(-0.05800000000001,-0.089999999999995,0.5));
#3231=CARTESIAN_POINT('',(-0.05800000000001,-0.089999999999995,0.017));
#3232=CARTESIAN_POINT('',(-0.108,-0.09,0.017));
#3233=CARTESIAN_POINT('',(-0.108,-0.09,0.017));
#3234=CARTESIAN_POINT('',(0.09200000000005,-0.08999999999998,0.017));
#3235=CARTESIAN_POINT('',(0.0920000000000408,0.002,0.017));
#3236=CARTESIAN_POINT('',(-0.108,0.00200000000000001,0.017));
#3237=CARTESIAN_POINT('',(0.108,0.00200000000000001,0.017));
#3238=CARTESIAN_POINT('',(0.108,-0.09,0.017));
#3239=CARTESIAN_POINT('',(-0.108,-0.09,0.017));
#3240=CARTESIAN_POINT('',(0.05800000000001,-0.0900000000000166,0.017));
#3241=CARTESIAN_POINT('',(0.0580000000000192,0.002,0.017));
#3242=CARTESIAN_POINT('',(0.04200000000003,-0.089999999999985,0.017));
#3243=CARTESIAN_POINT('',(0.0420000000000208,0.002,0.017));
#3244=CARTESIAN_POINT('',(-0.108,0.00200000000000001,0.017));
#3245=CARTESIAN_POINT('',(-0.108,-0.09,0.017));
#3246=CARTESIAN_POINT('',(0.00799999999999002,-0.0900000000000116,0.017));
#3247=CARTESIAN_POINT('',(0.00799999999999924,0.002,0.017));
#3248=CARTESIAN_POINT('',(-0.00799999999998998,-0.08999999999999,0.017));
#3249=CARTESIAN_POINT('',(-0.00799999999999917,0.002,0.017));
#3250=CARTESIAN_POINT('',(-0.108,0.00200000000000001,0.017));
#3251=CARTESIAN_POINT('',(-0.108,-0.09,0.017));
#3252=CARTESIAN_POINT('',(-0.04200000000003,-0.0900000000000066,0.017));
#3253=CARTESIAN_POINT('',(-0.0420000000000208,0.002,0.017));
#3254=CARTESIAN_POINT('',(-0.05800000000001,-0.089999999999995,0.017));
#3255=CARTESIAN_POINT('',(-0.0580000000000192,0.002,0.017));
#3256=CARTESIAN_POINT('',(-0.108,0.00200000000000001,0.017));
#3257=CARTESIAN_POINT('',(-0.108,0.002,0.017));
#3258=CARTESIAN_POINT('',(0.0920000000000408,0.002,0.017));
#3259=CARTESIAN_POINT('',(0.0920000000000408,0.002,-0.017));
#3260=CARTESIAN_POINT('',(-0.108,0.002,-0.017));
#3261=CARTESIAN_POINT('',(0.108,0.002,-0.017));
#3262=CARTESIAN_POINT('',(0.108,0.002,0.017));
#3263=CARTESIAN_POINT('',(-0.108,0.002,0.017));
#3264=CARTESIAN_POINT('',(0.0580000000000192,0.002,0.017));
#3265=CARTESIAN_POINT('',(0.0580000000000192,0.002,-0.017));
#3266=CARTESIAN_POINT('',(0.0420000000000208,0.002,0.017));
#3267=CARTESIAN_POINT('',(0.0420000000000208,0.002,-0.017));
#3268=CARTESIAN_POINT('',(-0.108,0.002,-0.017));
#3269=CARTESIAN_POINT('',(-0.108,0.002,0.017));
#3270=CARTESIAN_POINT('',(0.00799999999999924,0.002,0.017));
#3271=CARTESIAN_POINT('',(0.00799999999999924,0.002,-0.017));
#3272=CARTESIAN_POINT('',(-0.00799999999999917,0.002,0.017));
#3273=CARTESIAN_POINT('',(-0.00799999999999917,0.002,-0.017));
#3274=CARTESIAN_POINT('',(-0.108,0.002,-0.017));
#3275=CARTESIAN_POINT('',(-0.108,0.002,0.017));
#3276=CARTESIAN_POINT('',(-0.0420000000000208,0.002,0.017));
#3277=CARTESIAN_POINT('',(-0.0420000000000208,0.002,-0.017));
#3278=CARTESIAN_POINT('',(-0.0580000000000192,0.002,0.017));
#3279=CARTESIAN_POINT('',(-0.0580000000000192,0.002,-0.017));
#3280=CARTESIAN_POINT('',(-0.108,0.002,-0.017));
#3281=CARTESIAN_POINT('',(-0.108,0.002,-0.017));
#3282=CARTESIAN_POINT('',(0.0920000000000408,0.00200000000001998,-0.017));
#3283=CARTESIAN_POINT('',(0.09200000000005,-0.090000000000001,-0.017));
#3284=CARTESIAN_POINT('',(-0.108,-0.09,-0.017));
#3285=CARTESIAN_POINT('',(0.108,-0.09,-0.017));
#3286=CARTESIAN_POINT('',(0.108,0.002,-0.017));
#3287=CARTESIAN_POINT('',(-0.108,0.002,-0.017));
#3288=CARTESIAN_POINT('',(0.0580000000000192,0.00199999999998338,-0.017));
#3289=CARTESIAN_POINT('',(0.05800000000001,-0.08999999999999,-0.017));
#3290=CARTESIAN_POINT('',(0.0420000000000208,0.002000000000015,-0.017));
#3291=CARTESIAN_POINT('',(0.04200000000003,-0.089999999999999,-0.017));
#3292=CARTESIAN_POINT('',(-0.108,-0.09,-0.017));
#3293=CARTESIAN_POINT('',(-0.108,0.002,-0.017));
#3294=CARTESIAN_POINT('',(0.00799999999999924,0.00199999999998838,-0.017));
#3295=CARTESIAN_POINT('',(0.00799999999999002,-0.089999999999988,-0.017));
#3296=CARTESIAN_POINT('',(-0.00799999999999917,0.00200000000000999,-0.017));
#3297=CARTESIAN_POINT('',(-0.00799999999998999,-0.089999999999997,-0.017));
#3298=CARTESIAN_POINT('',(-0.108,-0.09,-0.017));
#3299=CARTESIAN_POINT('',(-0.108,0.002,-0.017));
#3300=CARTESIAN_POINT('',(-0.0420000000000208,0.00199999999999339,-0.017));
#3301=CARTESIAN_POINT('',(-0.04200000000003,-0.089999999999986,-0.017));
#3302=CARTESIAN_POINT('',(-0.0580000000000192,0.002000000000005,-0.017));
#3303=CARTESIAN_POINT('',(-0.05800000000001,-0.089999999999995,-0.017));
#3304=CARTESIAN_POINT('',(-0.108,-0.09,-0.017));
#3305=CARTESIAN_POINT('',(-0.108,-0.09,-0.017));
#3306=CARTESIAN_POINT('',(0.09200000000005,-0.090000000000001,0.5));
#3307=CARTESIAN_POINT('',(0.09200000000005,-0.090000000000001,-0.033));
#3308=CARTESIAN_POINT('',(-0.108,-0.09,-0.033));
#3309=CARTESIAN_POINT('',(0.108,-0.09,-0.033));
#3310=CARTESIAN_POINT('',(0.108,-0.09,-0.017));
#3311=CARTESIAN_POINT('',(-0.108,-0.09,-0.017));
#3312=CARTESIAN_POINT('',(0.05800000000001,-0.08999999999999,0.5));
#3313=CARTESIAN_POINT('',(0.05800000000001,-0.09,-0.033));
#3314=CARTESIAN_POINT('',(0.04200000000003,-0.089999999999999,0.5));
#3315=CARTESIAN_POINT('',(0.04200000000003,-0.089999999999999,-0.033));
#3316=CARTESIAN_POINT('',(-0.108,-0.09,-0.033));
#3317=CARTESIAN_POINT('',(-0.108,-0.09,-0.017));
#3318=CARTESIAN_POINT('',(0.00799999999999002,-0.089999999999988,0.5));
#3319=CARTESIAN_POINT('',(0.00799999999999002,-0.09,-0.033));
#3320=CARTESIAN_POINT('',(-0.00799999999998999,-0.089999999999997,0.5));
#3321=CARTESIAN_POINT('',(-0.00799999999998999,-0.089999999999997,-0.033));
#3322=CARTESIAN_POINT('',(-0.108,-0.09,-0.033));
#3323=CARTESIAN_POINT('',(-0.108,-0.09,-0.017));
#3324=CARTESIAN_POINT('',(-0.04200000000003,-0.089999999999986,0.5));
#3325=CARTESIAN_POINT('',(-0.04200000000003,-0.09,-0.033));
#3326=CARTESIAN_POINT('',(-0.05800000000001,-0.089999999999995,0.5));
#3327=CARTESIAN_POINT('',(-0.05800000000001,-0.089999999999995,-0.033));
#3328=CARTESIAN_POINT('',(-0.108,-0.09,-0.033));
#3329=CARTESIAN_POINT('',(-0.108,0.012,0.033));
#3330=CARTESIAN_POINT('',(0.0920000000000398,0.01200000000002,0.033));
#3331=CARTESIAN_POINT('',(0.09200000000004,0.00999999999999401,0.033));
#3332=CARTESIAN_POINT('',(0.108,0.012,0.033));
#3333=CARTESIAN_POINT('',(0.108,0.012,0.033));
#3334=CARTESIAN_POINT('',(-0.108,0.012,0.033));
#3335=CARTESIAN_POINT('',(-0.108,0.012,0.033));
#3336=CARTESIAN_POINT('',(-0.108,0.012,0.033));
#3337=CARTESIAN_POINT('',(-0.108,-0.09,0.033));
#3338=CARTESIAN_POINT('',(-0.108,-0.09,0.033));
#3339=CARTESIAN_POINT('',(-0.09200000000004,-0.089999999999999,0.033));
#3340=CARTESIAN_POINT('',(-0.09200000000004,0.012,0.033));
#3341=CARTESIAN_POINT('',(-0.09200000000004,0.01,0.033));
#3342=CARTESIAN_POINT('',(-0.108,0.00999999999999999,0.033));
#3343=CARTESIAN_POINT('',(-0.05800000000002,0.01,0.033));
#3344=CARTESIAN_POINT('',(-0.0580000000000202,0.012000000000005,0.033));
#3345=CARTESIAN_POINT('',(-0.0420000000000198,0.0119999999999934,0.033));
#3346=CARTESIAN_POINT('',(-0.04200000000002,0.009999999999998,0.033));
#3347=CARTESIAN_POINT('',(-0.108,0.00999999999999798,0.033));
#3348=CARTESIAN_POINT('',(-0.00799999999999998,0.009999999999998,0.033));
#3349=CARTESIAN_POINT('',(-0.00800000000000018,0.01200000000001,0.033));
#3350=CARTESIAN_POINT('',(0.00800000000000025,0.0119999999999884,0.033));
#3351=CARTESIAN_POINT('',(0.00800000000000003,0.009999999999996,0.033));
#3352=CARTESIAN_POINT('',(-0.108,0.00999999999999598,0.033));
#3353=CARTESIAN_POINT('',(0.04200000000002,0.009999999999996,0.033));
#3354=CARTESIAN_POINT('',(0.0420000000000198,0.012000000000015,0.033));
#3355=CARTESIAN_POINT('',(0.0580000000000202,0.0119999999999834,0.033));
#3356=CARTESIAN_POINT('',(0.05800000000002,0.009999999999994,0.033));
#3357=CARTESIAN_POINT('',(-0.108,0.00999999999999398,0.033));
#3358=CARTESIAN_POINT('',(-0.108,-0.09,0.033));
#3359=CARTESIAN_POINT('',(-0.09200000000004,-0.089999999999999,0.5));
#3360=CARTESIAN_POINT('',(-0.09200000000004,-0.089999999999999,0.017));
#3361=CARTESIAN_POINT('',(-0.108,-0.09,0.033));
#3362=CARTESIAN_POINT('',(-0.108,-0.09,0.017));
#3363=CARTESIAN_POINT('',(-0.108,-0.09,0.017));
#3364=CARTESIAN_POINT('',(-0.108,-0.09,0.017));
#3365=CARTESIAN_POINT('',(-0.09200000000004,-0.09,0.017));
#3366=CARTESIAN_POINT('',(-0.09200000000004,0.002,0.017));
#3367=CARTESIAN_POINT('',(-0.108,-0.09,0.017));
#3368=CARTESIAN_POINT('',(-0.108,0.00200000000000001,0.017));
#3369=CARTESIAN_POINT('',(-0.108,0.00200000000000001,0.017));
#3370=CARTESIAN_POINT('',(-0.108,0.002,0.017));
#3371=CARTESIAN_POINT('',(-0.09200000000004,0.002,0.017));
#3372=CARTESIAN_POINT('',(-0.09200000000004,0.002,-0.017));
#3373=CARTESIAN_POINT('',(-0.108,0.002,0.017));
#3374=CARTESIAN_POINT('',(-0.108,0.002,-0.017));
#3375=CARTESIAN_POINT('',(-0.108,0.002,-0.017));
#3376=CARTESIAN_POINT('',(-0.108,0.002,-0.017));
#3377=CARTESIAN_POINT('',(-0.09200000000004,0.002,-0.017));
#3378=CARTESIAN_POINT('',(-0.09200000000004,-0.089999999999999,-0.017));
#3379=CARTESIAN_POINT('',(-0.108,0.002,-0.017));
#3380=CARTESIAN_POINT('',(-0.108,-0.09,-0.017));
#3381=CARTESIAN_POINT('',(-0.108,-0.09,-0.017));
#3382=CARTESIAN_POINT('',(-0.108,-0.09,-0.017));
#3383=CARTESIAN_POINT('',(-0.09200000000004,-0.089999999999999,0.5));
#3384=CARTESIAN_POINT('',(-0.09200000000004,-0.09,-0.033));
#3385=CARTESIAN_POINT('',(-0.108,-0.09,-0.017));
#3386=CARTESIAN_POINT('',(-0.108,-0.09,-0.033));
#3387=CARTESIAN_POINT('',(-0.108,-0.09,-0.033));
#3388=CARTESIAN_POINT('',(-0.108,-0.09,-0.033));
#3389=CARTESIAN_POINT('',(0.09200000000005,-0.08999999999998,-0.033));
#3390=CARTESIAN_POINT('',(0.09200000000004,0.00999999999999401,-0.033));
#3391=CARTESIAN_POINT('',(-0.108,0.00999999999999399,-0.033));
#3392=CARTESIAN_POINT('',(0.05800000000002,0.009999999999994,-0.033));
#3393=CARTESIAN_POINT('',(0.05800000000001,-0.0900000000000166,-0.033));
#3394=CARTESIAN_POINT('',(0.04200000000003,-0.089999999999985,-0.033));
#3395=CARTESIAN_POINT('',(0.04200000000002,0.009999999999996,-0.033));
#3396=CARTESIAN_POINT('',(-0.108,0.00999999999999598,-0.033));
#3397=CARTESIAN_POINT('',(0.00800000000000003,0.009999999999996,-0.033));
#3398=CARTESIAN_POINT('',(0.00799999999999002,-0.0900000000000116,-0.033));
#3399=CARTESIAN_POINT('',(-0.00799999999998998,-0.08999999999999,-0.033));
#3400=CARTESIAN_POINT('',(-0.00799999999999998,0.009999999999998,-0.033));
#3401=CARTESIAN_POINT('',(-0.108,0.00999999999999798,-0.033));
#3402=CARTESIAN_POINT('',(-0.04200000000002,0.009999999999998,-0.033));
#3403=CARTESIAN_POINT('',(-0.04200000000003,-0.0900000000000066,-0.033));
#3404=CARTESIAN_POINT('',(-0.05800000000001,-0.089999999999995,-0.033));
#3405=CARTESIAN_POINT('',(-0.05800000000002,0.01,-0.033));
#3406=CARTESIAN_POINT('',(-0.108,0.01,-0.033));
#3407=CARTESIAN_POINT('',(-0.09200000000004,0.01,-0.033));
#3408=CARTESIAN_POINT('',(-0.09200000000004,-0.09,-0.033));
#3409=CARTESIAN_POINT('',(-0.108,-0.09,-0.033));
#3410=CARTESIAN_POINT('',(-0.108,0.012,-0.033));
#3411=CARTESIAN_POINT('',(-0.108,0.012,-0.033));
#3412=CARTESIAN_POINT('',(0.108,0.012,-0.033));
#3413=CARTESIAN_POINT('',(0.108,-0.09,-0.033));
#3414=CARTESIAN_POINT('',(-0.108,0.012,-0.033));
#3415=CARTESIAN_POINT('',(0.108,0.012,-0.033));
#3416=CARTESIAN_POINT('',(-0.108,0.012,-0.033));
#3417=CARTESIAN_POINT('',(-0.108,0.,0.));
#3418=CARTESIAN_POINT('',(0.108,0.,0.));
#3419=CARTESIAN_POINT('',(-0.09200000000004,-0.089999999999999,0.5));
#3420=CARTESIAN_POINT('',(-0.09200000000004,0.01,0.5));
#3421=CARTESIAN_POINT('',(-0.09200000000004,0.01,0.5));
#3422=CARTESIAN_POINT('',(-0.05800000000002,0.01,0.5));
#3423=CARTESIAN_POINT('',(-0.05800000000002,0.01,0.5));
#3424=CARTESIAN_POINT('',(-0.04200000000003,-0.089999999999986,0.5));
#3425=CARTESIAN_POINT('',(-0.04200000000002,0.009999999999998,0.5));
#3426=CARTESIAN_POINT('',(-0.04200000000002,0.009999999999998,0.5));
#3427=CARTESIAN_POINT('',(-0.00799999999999998,0.009999999999998,0.5));
#3428=CARTESIAN_POINT('',(-0.00799999999999998,0.009999999999998,0.5));
#3429=CARTESIAN_POINT('',(0.00799999999999002,-0.089999999999988,0.5));
#3430=CARTESIAN_POINT('',(0.00800000000000003,0.009999999999996,0.5));
#3431=CARTESIAN_POINT('',(0.00800000000000003,0.009999999999996,0.5));
#3432=CARTESIAN_POINT('',(0.04200000000002,0.009999999999996,0.5));
#3433=CARTESIAN_POINT('',(0.04200000000002,0.009999999999996,0.5));
#3434=CARTESIAN_POINT('',(0.09200000000004,0.00999999999999401,0.5));
#3435=CARTESIAN_POINT('',(0.09200000000004,0.00999999999999401,0.5));
#3436=CARTESIAN_POINT('',(0.05800000000002,0.009999999999994,0.5));
#3437=CARTESIAN_POINT('',(0.05800000000002,0.009999999999994,0.5));
#3438=CARTESIAN_POINT('',(0.05800000000001,-0.08999999999999,0.5));
#3439=CARTESIAN_POINT('',(0.,0.,0.));
#3440=CARTESIAN_POINT('',(-0.108,0.154,0.0278038475772924));
#3441=CARTESIAN_POINT('',(-0.103843078061855,0.152200000000007,0.0288430780618294));
#3442=CARTESIAN_POINT('',(-0.10800000000003,0.144999999999995,0.033));
#3443=CARTESIAN_POINT('',(-0.10280384757732,0.153999999999995,0.0278038475772924));
#3444=CARTESIAN_POINT('',(-0.108,0.144999999999998,0.033));
#3445=CARTESIAN_POINT('',(-0.09200000000003,0.144999999999995,0.033));
#3446=CARTESIAN_POINT('',(-0.0993569219381734,0.157742562584208,0.0256430780618409));
#3447=CARTESIAN_POINT('',(-0.09719615242273,0.154000000000005,0.0278038475772924));
#3448=CARTESIAN_POINT('',(-0.108,0.154,0.0278038475772924));
#3449=CARTESIAN_POINT('',(-0.108,0.154,0.0278038475772924));
#3450=CARTESIAN_POINT('',(-0.0638430780618554,0.134879491924323,0.0388430780618267));
#3451=CARTESIAN_POINT('',(-0.05800000000002,0.145000000000015,0.033));
#3452=CARTESIAN_POINT('',(-0.0528038475773229,0.154,0.0278038475772924));
#3453=CARTESIAN_POINT('',(-0.108,0.144999999999998,0.033));
#3454=CARTESIAN_POINT('',(-0.04200000000002,0.145000000000015,0.033));
#3455=CARTESIAN_POINT('',(-0.0593569219382161,0.175063070659924,0.015643078061825));
#3456=CARTESIAN_POINT('',(-0.04719615242273,0.154000000000005,0.0278038475772924));
#3457=CARTESIAN_POINT('',(-0.108,0.154,0.0278038475772924));
#3458=CARTESIAN_POINT('',(-0.108,0.154,0.0278038475772924));
#3459=CARTESIAN_POINT('',(-0.0238430780618369,0.117558983848629,0.0488430780618296));
#3460=CARTESIAN_POINT('',(-0.00799999999999998,0.145000000000015,0.033));
#3461=CARTESIAN_POINT('',(-0.00280384757730292,0.154,0.0278038475772924));
#3462=CARTESIAN_POINT('',(-0.108,0.144999999999998,0.033));
#3463=CARTESIAN_POINT('',(0.00800000000000003,0.145000000000015,0.033));
#3464=CARTESIAN_POINT('',(-0.0193569219382283,0.192383578735639,0.00564307806181045));
#3465=CARTESIAN_POINT('',(0.00280384757728999,0.154000000000005,0.0278038475772924));
#3466=CARTESIAN_POINT('',(-0.108,0.154,0.0278038475772924));
#3467=CARTESIAN_POINT('',(-0.108,0.154,0.0278038475772924));
#3468=CARTESIAN_POINT('',(0.0161569219381817,0.100238475772935,0.0588430780618326));
#3469=CARTESIAN_POINT('',(0.04200000000002,0.145000000000015,0.033));
#3470=CARTESIAN_POINT('',(0.0471961524227171,0.154,0.0278038475772924));
#3471=CARTESIAN_POINT('',(-0.108,0.144999999999998,0.033));
#3472=CARTESIAN_POINT('',(0.05800000000002,0.145000000000015,0.033));
#3473=CARTESIAN_POINT('',(0.0206430780617594,0.209704086811353,-0.00435692193820408));
#3474=CARTESIAN_POINT('',(0.05280384757731,0.154000000000005,0.0278038475772924));
#3475=CARTESIAN_POINT('',(-0.108,0.154,0.0278038475772924));
#3476=CARTESIAN_POINT('',(-0.108,0.144999999999999,-0.033));
#3477=CARTESIAN_POINT('',(-0.108000000000022,0.145000000000009,-0.0329999999999945));
#3478=CARTESIAN_POINT('',(-0.10280384757732,0.153999999999995,-0.0278038475772924));
#3479=CARTESIAN_POINT('',(-0.108,0.144999999999999,-0.033));
#3480=CARTESIAN_POINT('',(-0.108,0.154,-0.0278038475772924));
#3481=CARTESIAN_POINT('',(-0.09719615242273,0.154000000000005,-0.0278038475772924));
#3482=CARTESIAN_POINT('',(-0.0952000000000136,0.1505425625842,-0.0298000000000109));
#3483=CARTESIAN_POINT('',(-0.09200000000003,0.144999999999995,-0.0330000000000024));
#3484=CARTESIAN_POINT('',(-0.108,0.144999999999999,-0.033));
#3485=CARTESIAN_POINT('',(-0.108,0.144999999999999,-0.033));
#3486=CARTESIAN_POINT('',(-0.0680000000000203,0.127679491924323,-0.0429999999999937));
#3487=CARTESIAN_POINT('',(-0.05280384757732,0.154000000000005,-0.0278038475772924));
#3488=CARTESIAN_POINT('',(-0.05800000000002,0.145000000000015,-0.0329999999999908));
#3489=CARTESIAN_POINT('',(-0.108,0.154,-0.0278038475772924));
#3490=CARTESIAN_POINT('',(-0.04719615242273,0.154000000000005,-0.0278038475772924));
#3491=CARTESIAN_POINT('',(-0.0552000000000454,0.167863070659928,-0.0197999999999875));
#3492=CARTESIAN_POINT('',(-0.04200000000002,0.145000000000015,-0.0329999999999908));
#3493=CARTESIAN_POINT('',(-0.108,0.144999999999999,-0.033));
#3494=CARTESIAN_POINT('',(-0.108,0.144999999999999,-0.033));
#3495=CARTESIAN_POINT('',(-0.0280000000000013,0.110358983848629,-0.0529999999999973));
#3496=CARTESIAN_POINT('',(-0.00280384757730001,0.154000000000005,-0.0278038475772924));
#3497=CARTESIAN_POINT('',(-0.00799999999999999,0.145000000000015,-0.0329999999999908));
#3498=CARTESIAN_POINT('',(-0.108,0.154,-0.0278038475772924));
#3499=CARTESIAN_POINT('',(0.00280384757728999,0.154000000000005,-0.0278038475772924));
#3500=CARTESIAN_POINT('',(-0.0152000000000573,0.185183578735641,-0.0097999999999723));
#3501=CARTESIAN_POINT('',(0.00800000000000006,0.145000000000015,-0.0329999999999909));
#3502=CARTESIAN_POINT('',(-0.108,0.144999999999999,-0.033));
#3503=CARTESIAN_POINT('',(-0.108,0.144999999999999,-0.033));
#3504=CARTESIAN_POINT('',(0.0120000000000176,0.0930384757729361,-0.0630000000000009));
#3505=CARTESIAN_POINT('',(0.04719615242272,0.154000000000005,-0.0278038475772924));
#3506=CARTESIAN_POINT('',(0.04200000000002,0.145000000000015,-0.0329999999999909));
#3507=CARTESIAN_POINT('',(-0.108,0.154,-0.0278038475772924));
#3508=CARTESIAN_POINT('',(0.05280384757731,0.154000000000005,-0.0278038475772924));
#3509=CARTESIAN_POINT('',(0.0247999999999309,0.202504086811355,0.000200000000042838));
#3510=CARTESIAN_POINT('',(0.05800000000002,0.145000000000015,-0.0329999999999908));
#3511=CARTESIAN_POINT('',(-0.108,0.144999999999999,-0.033));
#3512=CARTESIAN_POINT('',(-0.108,0.154,-0.0278038475772924));
#3513=CARTESIAN_POINT('',(-0.10280384757732,0.153999999999995,0.5));
#3514=CARTESIAN_POINT('',(-0.10280384757732,0.153999999999995,-0.0221961524227066));
#3515=CARTESIAN_POINT('',(-0.108,0.154,-0.0221961524227066));
#3516=CARTESIAN_POINT('',(-0.09719615242273,0.154000000000005,-0.0221961524227095));
#3517=CARTESIAN_POINT('',(-0.09719615242273,0.154000000000005,0.5));
#3518=CARTESIAN_POINT('',(-0.108,0.154,-0.0278038475772924));
#3519=CARTESIAN_POINT('',(-0.05280384757732,0.154000000000005,0.5));
#3520=CARTESIAN_POINT('',(-0.05280384757732,0.154000000000005,-0.0221961524227095));
#3521=CARTESIAN_POINT('',(-0.108,0.154,-0.0221961524227066));
#3522=CARTESIAN_POINT('',(-0.04719615242273,0.154000000000005,-0.0221961524227096));
#3523=CARTESIAN_POINT('',(-0.04719615242273,0.154000000000005,0.5));
#3524=CARTESIAN_POINT('',(-0.108,0.154,-0.0278038475772924));
#3525=CARTESIAN_POINT('',(-0.00280384757730001,0.154000000000005,0.5));
#3526=CARTESIAN_POINT('',(-0.00280384757730001,0.154000000000005,-0.0221961524227095));
#3527=CARTESIAN_POINT('',(-0.108,0.154,-0.0221961524227066));
#3528=CARTESIAN_POINT('',(0.00280384757728998,0.154000000000005,-0.0221961524227095));
#3529=CARTESIAN_POINT('',(0.00280384757728999,0.154000000000005,0.5));
#3530=CARTESIAN_POINT('',(-0.108,0.154,-0.0278038475772924));
#3531=CARTESIAN_POINT('',(0.04719615242272,0.154000000000005,0.5));
#3532=CARTESIAN_POINT('',(0.04719615242272,0.154000000000005,-0.0221961524227095));
#3533=CARTESIAN_POINT('',(-0.108,0.154,-0.0221961524227066));
#3534=CARTESIAN_POINT('',(0.05280384757731,0.154000000000005,-0.0221961524227096));
#3535=CARTESIAN_POINT('',(0.05280384757731,0.154000000000005,0.5));
#3536=CARTESIAN_POINT('',(-0.108,0.154,-0.0221961524227066));
#3537=CARTESIAN_POINT('',(-0.103843078061855,0.152200000000007,-0.0211569219381696));
#3538=CARTESIAN_POINT('',(-0.10800000000003,0.144999999999995,-0.016999999999999));
#3539=CARTESIAN_POINT('',(-0.108,0.144999999999998,-0.016999999999999));
#3540=CARTESIAN_POINT('',(-0.09200000000003,0.144999999999995,-0.016999999999999));
#3541=CARTESIAN_POINT('',(-0.0993569219381734,0.157742562584208,-0.0243569219381581));
#3542=CARTESIAN_POINT('',(-0.108,0.154,-0.0221961524227066));
#3543=CARTESIAN_POINT('',(-0.0638430780618554,0.134879491924323,-0.0111569219381723));
#3544=CARTESIAN_POINT('',(-0.05800000000002,0.145000000000015,-0.016999999999999));
#3545=CARTESIAN_POINT('',(-0.108,0.144999999999998,-0.016999999999999));
#3546=CARTESIAN_POINT('',(-0.04200000000002,0.145000000000015,-0.016999999999999));
#3547=CARTESIAN_POINT('',(-0.0593569219382161,0.175063070659924,-0.034356921938174));
#3548=CARTESIAN_POINT('',(-0.108,0.154,-0.0221961524227066));
#3549=CARTESIAN_POINT('',(-0.0238430780618369,0.117558983848629,-0.00115692193816936));
#3550=CARTESIAN_POINT('',(-0.00799999999999998,0.145000000000015,-0.016999999999999));
#3551=CARTESIAN_POINT('',(-0.108,0.144999999999998,-0.016999999999999));
#3552=CARTESIAN_POINT('',(0.00800000000000003,0.145000000000015,-0.016999999999999));
#3553=CARTESIAN_POINT('',(-0.0193569219382284,0.192383578735639,-0.0443569219381885));
#3554=CARTESIAN_POINT('',(-0.108,0.154,-0.0221961524227066));
#3555=CARTESIAN_POINT('',(0.0161569219381817,0.100238475772935,0.00884307806183364));
#3556=CARTESIAN_POINT('',(0.04200000000002,0.145000000000015,-0.016999999999999));
#3557=CARTESIAN_POINT('',(-0.108,0.144999999999998,-0.016999999999999));
#3558=CARTESIAN_POINT('',(0.05800000000002,0.145000000000015,-0.016999999999999));
#3559=CARTESIAN_POINT('',(0.0206430780617594,0.209704086811353,-0.0543569219382031));
#3560=CARTESIAN_POINT('',(-0.108,0.144999999999999,0.016999999999999));
#3561=CARTESIAN_POINT('',(-0.108000000000022,0.145000000000009,0.0170000000000045));
#3562=CARTESIAN_POINT('',(-0.10280384757732,0.153999999999995,0.0221961524227066));
#3563=CARTESIAN_POINT('',(-0.108,0.144999999999999,0.016999999999999));
#3564=CARTESIAN_POINT('',(-0.108,0.154,0.0221961524227066));
#3565=CARTESIAN_POINT('',(-0.09719615242273,0.154000000000005,0.0221961524227066));
#3566=CARTESIAN_POINT('',(-0.0952000000000136,0.1505425625842,0.0201999999999881));
#3567=CARTESIAN_POINT('',(-0.09200000000003,0.144999999999995,0.0169999999999966));
#3568=CARTESIAN_POINT('',(-0.108,0.144999999999999,0.016999999999999));
#3569=CARTESIAN_POINT('',(-0.108,0.144999999999999,0.016999999999999));
#3570=CARTESIAN_POINT('',(-0.0680000000000203,0.127679491924323,0.00700000000000527));
#3571=CARTESIAN_POINT('',(-0.05280384757732,0.154000000000005,0.0221961524227066));
#3572=CARTESIAN_POINT('',(-0.05800000000002,0.145000000000015,0.0170000000000081));
#3573=CARTESIAN_POINT('',(-0.108,0.154,0.0221961524227066));
#3574=CARTESIAN_POINT('',(-0.04719615242273,0.154000000000005,0.0221961524227066));
#3575=CARTESIAN_POINT('',(-0.0552000000000454,0.167863070659928,0.0302000000000115));
#3576=CARTESIAN_POINT('',(-0.04200000000002,0.145000000000015,0.0170000000000082));
#3577=CARTESIAN_POINT('',(-0.108,0.144999999999999,0.016999999999999));
#3578=CARTESIAN_POINT('',(-0.108,0.144999999999999,0.016999999999999));
#3579=CARTESIAN_POINT('',(-0.0280000000000013,0.110358983848629,-0.00299999999999831));
#3580=CARTESIAN_POINT('',(-0.00280384757730001,0.154000000000005,0.0221961524227066));
#3581=CARTESIAN_POINT('',(-0.008,0.145000000000015,0.0170000000000081));
#3582=CARTESIAN_POINT('',(-0.108,0.154,0.0221961524227066));
#3583=CARTESIAN_POINT('',(0.00280384757728999,0.154000000000005,0.0221961524227066));
#3584=CARTESIAN_POINT('',(-0.0152000000000573,0.185183578735641,0.0402000000000267));
#3585=CARTESIAN_POINT('',(0.00800000000000004,0.145000000000015,0.0170000000000082));
#3586=CARTESIAN_POINT('',(-0.108,0.144999999999999,0.016999999999999));
#3587=CARTESIAN_POINT('',(-0.108,0.144999999999999,0.016999999999999));
#3588=CARTESIAN_POINT('',(0.0120000000000176,0.0930384757729361,-0.0130000000000019));
#3589=CARTESIAN_POINT('',(0.04719615242272,0.154000000000005,0.0221961524227066));
#3590=CARTESIAN_POINT('',(0.04200000000002,0.145000000000015,0.0170000000000081));
#3591=CARTESIAN_POINT('',(-0.108,0.154,0.0221961524227066));
#3592=CARTESIAN_POINT('',(0.05280384757731,0.154000000000005,0.0221961524227066));
#3593=CARTESIAN_POINT('',(0.0247999999999308,0.202504086811355,0.0502000000000418));
#3594=CARTESIAN_POINT('',(0.05800000000002,0.145000000000015,0.0170000000000082));
#3595=CARTESIAN_POINT('',(-0.108,0.144999999999999,0.016999999999999));
#3596=CARTESIAN_POINT('',(-0.108,0.154,0.0221961524227066));
#3597=CARTESIAN_POINT('',(-0.10280384757732,0.153999999999995,0.5));
#3598=CARTESIAN_POINT('',(-0.0971961524227271,0.154,0.0221961524227066));
#3599=CARTESIAN_POINT('',(-0.108,0.154,0.0221961524227066));
#3600=CARTESIAN_POINT('',(-0.0528038475773229,0.154,0.0221961524227066));
#3601=CARTESIAN_POINT('',(-0.0471961524227271,0.154,0.0221961524227066));
#3602=CARTESIAN_POINT('',(-0.108,0.154,0.0221961524227066));
#3603=CARTESIAN_POINT('',(-0.00280384757730292,0.154,0.0221961524227066));
#3604=CARTESIAN_POINT('',(0.0028038475772929,0.154,0.0221961524227066));
#3605=CARTESIAN_POINT('',(-0.108,0.154,0.0221961524227066));
#3606=CARTESIAN_POINT('',(0.0471961524227171,0.154,0.0221961524227066));
#3607=CARTESIAN_POINT('',(0.0528038475773129,0.154,0.0221961524227066));
#3608=CARTESIAN_POINT('',(-0.108,0.154,0.0278038475772924));
#3609=CARTESIAN_POINT('',(0.0561569219382004,0.0829179676972412,0.0688430780618355));
#3610=CARTESIAN_POINT('',(0.09200000000004,0.145000000000015,0.033));
#3611=CARTESIAN_POINT('',(0.0971961524227371,0.154,0.0278038475772924));
#3612=CARTESIAN_POINT('',(-0.108,0.144999999999998,0.033));
#3613=CARTESIAN_POINT('',(0.108,0.144999999999998,0.033));
#3614=CARTESIAN_POINT('',(0.060643078061747,0.227024594887067,-0.0143569219382187));
#3615=CARTESIAN_POINT('',(0.10280384757733,0.154000000000005,0.0278038475772924));
#3616=CARTESIAN_POINT('',(-0.108,0.154,0.0278038475772924));
#3617=CARTESIAN_POINT('',(-0.108,0.144999999999998,0.033));
#3618=CARTESIAN_POINT('',(-0.09200000000003,0.144999999999997,0.033));
#3619=CARTESIAN_POINT('',(-0.09200000000004,0.03,0.033));
#3620=CARTESIAN_POINT('',(-0.108,0.144999999999998,0.033));
#3621=CARTESIAN_POINT('',(-0.108,0.011837190050017,0.033));
#3622=CARTESIAN_POINT('',(-0.108,0.011837190050017,0.033));
#3623=CARTESIAN_POINT('',(0.108,0.011837190050017,0.033));
#3624=CARTESIAN_POINT('',(0.108,0.144999999999998,0.033));
#3625=CARTESIAN_POINT('',(0.09200000000004,0.144999999999998,0.033));
#3626=CARTESIAN_POINT('',(0.09200000000004,0.03,0.033));
#3627=CARTESIAN_POINT('',(-0.108,0.03,0.033));
#3628=CARTESIAN_POINT('',(0.05800000000002,0.03,0.033));
#3629=CARTESIAN_POINT('',(0.05800000000002,0.144999999999998,0.033));
#3630=CARTESIAN_POINT('',(0.04200000000002,0.144999999999998,0.033));
#3631=CARTESIAN_POINT('',(0.04200000000002,0.03,0.033));
#3632=CARTESIAN_POINT('',(-0.108,0.03,0.033));
#3633=CARTESIAN_POINT('',(0.00800000000000003,0.03,0.033));
#3634=CARTESIAN_POINT('',(0.00800000000000004,0.144999999999998,0.033));
#3635=CARTESIAN_POINT('',(-0.00799999999999997,0.144999999999998,0.033));
#3636=CARTESIAN_POINT('',(-0.00799999999999998,0.03,0.033));
#3637=CARTESIAN_POINT('',(-0.108,0.03,0.033));
#3638=CARTESIAN_POINT('',(-0.04200000000002,0.03,0.033));
#3639=CARTESIAN_POINT('',(-0.04200000000002,0.144999999999998,0.033));
#3640=CARTESIAN_POINT('',(-0.05800000000002,0.144999999999998,0.033));
#3641=CARTESIAN_POINT('',(-0.05800000000002,0.03,0.033));
#3642=CARTESIAN_POINT('',(-0.108,0.03,0.033));
#3643=CARTESIAN_POINT('',(-0.108,0.011837190050017,0.033));
#3644=CARTESIAN_POINT('',(0.108,0.011837190050017,0.033));
#3645=CARTESIAN_POINT('',(0.108,0.011837190050017,-0.033));
#3646=CARTESIAN_POINT('',(-0.108,0.011837190050017,0.033));
#3647=CARTESIAN_POINT('',(-0.108,0.011837190050017,-0.033));
#3648=CARTESIAN_POINT('',(-0.108,0.011837190050017,-0.033));
#3649=CARTESIAN_POINT('',(-0.108,0.011837190050017,-0.033));
#3650=CARTESIAN_POINT('',(-0.0920000000000416,0.0118371900500156,-0.033));
#3651=CARTESIAN_POINT('',(-0.09200000000004,0.03,-0.033));
#3652=CARTESIAN_POINT('',(-0.108,0.03,-0.033));
#3653=CARTESIAN_POINT('',(-0.05800000000002,0.03,-0.033));
#3654=CARTESIAN_POINT('',(-0.05800000000002,0.011837190050017,-0.033));
#3655=CARTESIAN_POINT('',(-0.04200000000002,0.011837190050017,-0.033));
#3656=CARTESIAN_POINT('',(-0.04200000000002,0.03,-0.033));
#3657=CARTESIAN_POINT('',(-0.108,0.03,-0.033));
#3658=CARTESIAN_POINT('',(-0.00799999999999998,0.03,-0.033));
#3659=CARTESIAN_POINT('',(-0.00799999999999997,0.011837190050017,-0.033));
#3660=CARTESIAN_POINT('',(0.00800000000000004,0.011837190050017,-0.033));
#3661=CARTESIAN_POINT('',(0.00800000000000003,0.03,-0.033));
#3662=CARTESIAN_POINT('',(-0.108,0.03,-0.033));
#3663=CARTESIAN_POINT('',(0.04200000000002,0.03,-0.033));
#3664=CARTESIAN_POINT('',(0.04200000000002,0.011837190050017,-0.033));
#3665=CARTESIAN_POINT('',(0.05800000000002,0.011837190050017,-0.033));
#3666=CARTESIAN_POINT('',(0.05800000000002,0.03,-0.033));
#3667=CARTESIAN_POINT('',(-0.108,0.03,-0.033));
#3668=CARTESIAN_POINT('',(0.09200000000004,0.03,-0.033));
#3669=CARTESIAN_POINT('',(0.09200000000004,0.011837190050017,-0.033));
#3670=CARTESIAN_POINT('',(0.09200000000004,0.145000000000015,-0.0329999999999908));
#3671=CARTESIAN_POINT('',(-0.108,0.144999999999999,-0.033));
#3672=CARTESIAN_POINT('',(0.10800000000004,0.145000000000015,-0.033));
#3673=CARTESIAN_POINT('',(0.108,0.011837190050017,-0.033));
#3674=CARTESIAN_POINT('',(-0.108,0.011837190050017,-0.033));
#3675=CARTESIAN_POINT('',(-0.108,0.144999999999999,-0.033));
#3676=CARTESIAN_POINT('',(0.0520000000000368,0.0757179676972429,-0.0730000000000044));
#3677=CARTESIAN_POINT('',(0.09719615242274,0.154000000000005,-0.0278038475772924));
#3678=CARTESIAN_POINT('',(-0.108,0.154,-0.0278038475772924));
#3679=CARTESIAN_POINT('',(0.10280384757733,0.154000000000005,-0.0278038475772924));
#3680=CARTESIAN_POINT('',(0.0647999999999189,0.219824594887068,0.010200000000058));
#3681=CARTESIAN_POINT('',(-0.108,0.154,-0.0278038475772924));
#3682=CARTESIAN_POINT('',(0.09719615242274,0.154000000000005,0.5));
#3683=CARTESIAN_POINT('',(0.09719615242274,0.154000000000005,-0.0221961524227095));
#3684=CARTESIAN_POINT('',(-0.108,0.154,-0.0221961524227066));
#3685=CARTESIAN_POINT('',(0.10280384757733,0.154000000000005,-0.0221961524227095));
#3686=CARTESIAN_POINT('',(0.10280384757733,0.154000000000005,0.5));
#3687=CARTESIAN_POINT('',(-0.108,0.154,-0.0221961524227066));
#3688=CARTESIAN_POINT('',(0.0561569219382004,0.0829179676972412,0.0188430780618365));
#3689=CARTESIAN_POINT('',(0.09200000000004,0.145000000000015,-0.016999999999999));
#3690=CARTESIAN_POINT('',(-0.108,0.144999999999998,-0.016999999999999));
#3691=CARTESIAN_POINT('',(0.108,0.144999999999998,-0.016999999999999));
#3692=CARTESIAN_POINT('',(0.060643078061747,0.227024594887067,-0.0643569219382176));
#3693=CARTESIAN_POINT('',(-0.108,0.144999999999998,-0.016999999999999));
#3694=CARTESIAN_POINT('',(-0.09200000000003,0.144999999999997,-0.016999999999999));
#3695=CARTESIAN_POINT('',(-0.09200000000004,0.03,-0.016999999999999));
#3696=CARTESIAN_POINT('',(-0.108,0.144999999999998,-0.016999999999999));
#3697=CARTESIAN_POINT('',(-0.108,0.021837190050017,-0.016999999999999));
#3698=CARTESIAN_POINT('',(-0.108,0.021837190050017,-0.016999999999999));
#3699=CARTESIAN_POINT('',(0.108,0.021837190050017,-0.016999999999999));
#3700=CARTESIAN_POINT('',(0.108,0.144999999999998,-0.016999999999999));
#3701=CARTESIAN_POINT('',(0.09200000000004,0.144999999999998,-0.016999999999999));
#3702=CARTESIAN_POINT('',(0.09200000000004,0.03,-0.016999999999999));
#3703=CARTESIAN_POINT('',(-0.108,0.03,-0.016999999999999));
#3704=CARTESIAN_POINT('',(0.05800000000002,0.03,-0.016999999999999));
#3705=CARTESIAN_POINT('',(0.05800000000002,0.144999999999998,-0.016999999999999));
#3706=CARTESIAN_POINT('',(0.04200000000002,0.144999999999998,-0.016999999999999));
#3707=CARTESIAN_POINT('',(0.04200000000002,0.03,-0.016999999999999));
#3708=CARTESIAN_POINT('',(-0.108,0.03,-0.016999999999999));
#3709=CARTESIAN_POINT('',(0.00800000000000003,0.03,-0.016999999999999));
#3710=CARTESIAN_POINT('',(0.00800000000000004,0.144999999999998,-0.016999999999999));
#3711=CARTESIAN_POINT('',(-0.00799999999999997,0.144999999999998,-0.016999999999999));
#3712=CARTESIAN_POINT('',(-0.00799999999999997,0.03,-0.016999999999999));
#3713=CARTESIAN_POINT('',(-0.108,0.03,-0.016999999999999));
#3714=CARTESIAN_POINT('',(-0.04200000000002,0.03,-0.016999999999999));
#3715=CARTESIAN_POINT('',(-0.04200000000002,0.144999999999998,-0.016999999999999));
#3716=CARTESIAN_POINT('',(-0.05800000000002,0.144999999999998,-0.016999999999999));
#3717=CARTESIAN_POINT('',(-0.05800000000002,0.03,-0.016999999999999));
#3718=CARTESIAN_POINT('',(-0.108,0.03,-0.016999999999999));
#3719=CARTESIAN_POINT('',(-0.108,0.021837190050017,-0.016999999999999));
#3720=CARTESIAN_POINT('',(0.108,0.021837190050017,-0.016999999999999));
#3721=CARTESIAN_POINT('',(0.108,0.021837190050017,0.016999999999999));
#3722=CARTESIAN_POINT('',(-0.108,0.021837190050017,-0.016999999999999));
#3723=CARTESIAN_POINT('',(-0.108,0.021837190050017,0.016999999999999));
#3724=CARTESIAN_POINT('',(-0.108,0.021837190050017,0.016999999999999));
#3725=CARTESIAN_POINT('',(-0.108,0.021837190050017,0.016999999999999));
#3726=CARTESIAN_POINT('',(-0.0920000000000407,0.0218371900500156,0.016999999999999));
#3727=CARTESIAN_POINT('',(-0.09200000000004,0.03,0.016999999999999));
#3728=CARTESIAN_POINT('',(-0.108,0.03,0.016999999999999));
#3729=CARTESIAN_POINT('',(-0.05800000000002,0.03,0.016999999999999));
#3730=CARTESIAN_POINT('',(-0.05800000000002,0.021837190050017,0.016999999999999));
#3731=CARTESIAN_POINT('',(-0.04200000000002,0.021837190050017,0.016999999999999));
#3732=CARTESIAN_POINT('',(-0.04200000000002,0.03,0.016999999999999));
#3733=CARTESIAN_POINT('',(-0.108,0.03,0.016999999999999));
#3734=CARTESIAN_POINT('',(-0.00799999999999998,0.03,0.016999999999999));
#3735=CARTESIAN_POINT('',(-0.00799999999999997,0.021837190050017,0.016999999999999));
#3736=CARTESIAN_POINT('',(0.00800000000000004,0.021837190050017,0.016999999999999));
#3737=CARTESIAN_POINT('',(0.00800000000000003,0.03,0.016999999999999));
#3738=CARTESIAN_POINT('',(-0.108,0.03,0.016999999999999));
#3739=CARTESIAN_POINT('',(0.04200000000002,0.03,0.016999999999999));
#3740=CARTESIAN_POINT('',(0.04200000000002,0.021837190050017,0.016999999999999));
#3741=CARTESIAN_POINT('',(0.05800000000002,0.021837190050017,0.016999999999999));
#3742=CARTESIAN_POINT('',(0.05800000000002,0.03,0.016999999999999));
#3743=CARTESIAN_POINT('',(-0.108,0.03,0.016999999999999));
#3744=CARTESIAN_POINT('',(0.09200000000004,0.03,0.016999999999999));
#3745=CARTESIAN_POINT('',(0.09200000000004,0.021837190050017,0.016999999999999));
#3746=CARTESIAN_POINT('',(0.09200000000004,0.145000000000015,0.0170000000000083));
#3747=CARTESIAN_POINT('',(-0.108,0.144999999999999,0.016999999999999));
#3748=CARTESIAN_POINT('',(0.10800000000004,0.145000000000015,0.0170000000000482));
#3749=CARTESIAN_POINT('',(0.108,0.021837190050017,0.016999999999999));
#3750=CARTESIAN_POINT('',(-0.108,0.021837190050017,0.016999999999999));
#3751=CARTESIAN_POINT('',(-0.108,0.144999999999999,0.016999999999999));
#3752=CARTESIAN_POINT('',(0.0520000000000368,0.0757179676972429,-0.0230000000000054));
#3753=CARTESIAN_POINT('',(0.09719615242274,0.154000000000005,0.0221961524227066));
#3754=CARTESIAN_POINT('',(-0.108,0.154,0.0221961524227066));
#3755=CARTESIAN_POINT('',(0.10280384757733,0.154000000000005,0.0221961524227066));
#3756=CARTESIAN_POINT('',(0.0647999999999189,0.219824594887068,0.060200000000057));
#3757=CARTESIAN_POINT('',(-0.108,0.154,0.0221961524227066));
#3758=CARTESIAN_POINT('',(0.0971961524227371,0.154,0.0221961524227066));
#3759=CARTESIAN_POINT('',(0.10280384757733,0.154000000000005,0.5));
#3760=CARTESIAN_POINT('',(-0.108,0.,0.));
#3761=CARTESIAN_POINT('',(-0.108,0.145000000000047,0.));
#3762=CARTESIAN_POINT('',(-0.108,0.145000000000047,0.));
#3763=CARTESIAN_POINT('',(0.108,0.,0.));
#3764=CARTESIAN_POINT('',(0.108,0.145000000000084,0.));
#3765=CARTESIAN_POINT('',(0.108,0.145000000000084,0.));
#3766=CARTESIAN_POINT('',(0.10800000000004,0.145000000000015,0.5));
#3767=CARTESIAN_POINT('',(0.10800000000004,0.145000000000015,0.5));
#3768=CARTESIAN_POINT('',(-0.10280384757732,0.153999999999995,0.5));
#3769=CARTESIAN_POINT('',(-0.10280384757732,0.153999999999995,0.5));
#3770=CARTESIAN_POINT('',(0.09719615242274,0.154000000000005,0.5));
#3771=CARTESIAN_POINT('',(0.09200000000004,0.145000000000015,0.5));
#3772=CARTESIAN_POINT('',(0.09200000000004,0.145000000000015,0.5));
#3773=CARTESIAN_POINT('',(0.09200000000004,0.03,0.5));
#3774=CARTESIAN_POINT('',(0.09200000000004,0.03,0.5));
#3775=CARTESIAN_POINT('',(0.05800000000002,0.03,0.5));
#3776=CARTESIAN_POINT('',(0.05800000000002,0.145000000000015,0.5));
#3777=CARTESIAN_POINT('',(0.05800000000002,0.145000000000015,0.5));
#3778=CARTESIAN_POINT('',(0.05800000000002,0.03,0.5));
#3779=CARTESIAN_POINT('',(0.04719615242272,0.154000000000005,0.5));
#3780=CARTESIAN_POINT('',(0.04200000000002,0.145000000000015,0.5));
#3781=CARTESIAN_POINT('',(0.04200000000002,0.145000000000015,0.5));
#3782=CARTESIAN_POINT('',(0.04200000000002,0.03,0.5));
#3783=CARTESIAN_POINT('',(0.04200000000002,0.03,0.5));
#3784=CARTESIAN_POINT('',(0.00800000000000003,0.03,0.5));
#3785=CARTESIAN_POINT('',(0.00800000000000003,0.145000000000015,0.5));
#3786=CARTESIAN_POINT('',(0.00800000000000003,0.145000000000015,0.5));
#3787=CARTESIAN_POINT('',(0.00800000000000003,0.03,0.5));
#3788=CARTESIAN_POINT('',(-0.00280384757730001,0.154000000000005,0.5));
#3789=CARTESIAN_POINT('',(-0.00799999999999998,0.145000000000015,0.5));
#3790=CARTESIAN_POINT('',(-0.00799999999999998,0.145000000000015,0.5));
#3791=CARTESIAN_POINT('',(-0.00799999999999998,0.03,0.5));
#3792=CARTESIAN_POINT('',(-0.00799999999999998,0.03,0.5));
#3793=CARTESIAN_POINT('',(-0.04200000000002,0.03,0.5));
#3794=CARTESIAN_POINT('',(-0.04200000000002,0.145000000000015,0.5));
#3795=CARTESIAN_POINT('',(-0.04200000000002,0.145000000000015,0.5));
#3796=CARTESIAN_POINT('',(-0.04200000000002,0.03,0.5));
#3797=CARTESIAN_POINT('',(-0.05280384757732,0.154000000000005,0.5));
#3798=CARTESIAN_POINT('',(-0.05800000000002,0.145000000000015,0.5));
#3799=CARTESIAN_POINT('',(-0.05800000000002,0.145000000000015,0.5));
#3800=CARTESIAN_POINT('',(-0.05800000000002,0.03,0.5));
#3801=CARTESIAN_POINT('',(-0.05800000000002,0.03,0.5));
#3802=CARTESIAN_POINT('',(-0.09200000000004,0.03,0.5));
#3803=CARTESIAN_POINT('',(-0.09200000000003,0.144999999999995,0.5));
#3804=CARTESIAN_POINT('',(-0.09200000000003,0.144999999999995,0.5));
#3805=CARTESIAN_POINT('',(-0.09200000000004,0.03,0.5));
#3806=CARTESIAN_POINT('',(0.09200000000004,0.145000000000015,0.5));
#3807=CARTESIAN_POINT('',(0.09200000000004,0.03,0.5));
#3808=CARTESIAN_POINT('',(0.09200000000004,0.145000000000015,0.5));
#3809=CARTESIAN_POINT('',(0.09200000000004,0.03,0.5));
#3810=CARTESIAN_POINT('',(0.05800000000002,0.03,0.5));
#3811=CARTESIAN_POINT('',(0.05800000000002,0.03,0.5));
#3812=CARTESIAN_POINT('',(0.05800000000002,0.145000000000015,0.5));
#3813=CARTESIAN_POINT('',(0.09719615242274,0.154000000000005,0.5));
#3814=CARTESIAN_POINT('',(0.05800000000002,0.145000000000015,0.5));
#3815=CARTESIAN_POINT('',(0.04200000000002,0.145000000000015,0.5));
#3816=CARTESIAN_POINT('',(0.04200000000002,0.03,0.5));
#3817=CARTESIAN_POINT('',(0.04200000000002,0.145000000000015,0.5));
#3818=CARTESIAN_POINT('',(0.04200000000002,0.03,0.5));
#3819=CARTESIAN_POINT('',(0.00800000000000003,0.03,0.5));
#3820=CARTESIAN_POINT('',(0.00800000000000003,0.03,0.5));
#3821=CARTESIAN_POINT('',(0.00800000000000003,0.145000000000015,0.5));
#3822=CARTESIAN_POINT('',(0.04719615242272,0.154000000000005,0.5));
#3823=CARTESIAN_POINT('',(0.00800000000000003,0.145000000000015,0.5));
#3824=CARTESIAN_POINT('',(-0.00799999999999998,0.145000000000015,0.5));
#3825=CARTESIAN_POINT('',(-0.00799999999999998,0.03,0.5));
#3826=CARTESIAN_POINT('',(-0.00799999999999998,0.145000000000015,0.5));
#3827=CARTESIAN_POINT('',(-0.00799999999999998,0.03,0.5));
#3828=CARTESIAN_POINT('',(-0.04200000000002,0.03,0.5));
#3829=CARTESIAN_POINT('',(-0.04200000000002,0.03,0.5));
#3830=CARTESIAN_POINT('',(-0.04200000000002,0.145000000000015,0.5));
#3831=CARTESIAN_POINT('',(-0.00280384757730001,0.154000000000005,0.5));
#3832=CARTESIAN_POINT('',(-0.04200000000002,0.145000000000015,0.5));
#3833=CARTESIAN_POINT('',(-0.09200000000004,0.03,0.5));
#3834=CARTESIAN_POINT('',(-0.09200000000003,0.144999999999995,0.5));
#3835=CARTESIAN_POINT('',(-0.09200000000004,0.03,0.5));
#3836=CARTESIAN_POINT('',(-0.05800000000002,0.03,0.5));
#3837=CARTESIAN_POINT('',(-0.05800000000002,0.03,0.5));
#3838=CARTESIAN_POINT('',(-0.05800000000002,0.145000000000015,0.5));
#3839=CARTESIAN_POINT('',(-0.05800000000002,0.145000000000015,0.5));
#3840=CARTESIAN_POINT('',(-0.09200000000003,0.144999999999995,0.5));
#3841=CARTESIAN_POINT('',(-0.05280384757732,0.154000000000005,0.5));
#3842=CARTESIAN_POINT('',(0.,0.,0.));
#3843=CARTESIAN_POINT('',(-0.125,0.034,-0.0675));
#3844=CARTESIAN_POINT('',(-0.125,0.,-0.0675));
#3845=CARTESIAN_POINT('',(-0.125,0.,-0.0675));
#3846=CARTESIAN_POINT('',(-0.125,0.,0.0675));
#3847=CARTESIAN_POINT('',(-0.125,0.034,0.0675));
#3848=CARTESIAN_POINT('',(-0.125,0.034,0.0675));
#3849=CARTESIAN_POINT('',(-0.125,0.034,-0.0675));
#3850=CARTESIAN_POINT('',(-0.125,0.034,-0.0675));
#3851=CARTESIAN_POINT('',(-0.125,0.034,-0.0675));
#3852=CARTESIAN_POINT('',(-0.125,0.034,0.0675));
#3853=CARTESIAN_POINT('',(-0.125,0.,0.0675));
#3854=CARTESIAN_POINT('',(0.125,0.,0.0675));
#3855=CARTESIAN_POINT('',(0.125,0.034,0.0675));
#3856=CARTESIAN_POINT('',(0.125,0.034,0.0675));
#3857=CARTESIAN_POINT('',(-0.125,0.034,0.0675));
#3858=CARTESIAN_POINT('',(0.125,0.034,0.0675));
#3859=CARTESIAN_POINT('',(0.125,0.,0.0675));
#3860=CARTESIAN_POINT('',(0.125,0.,-0.0675));
#3861=CARTESIAN_POINT('',(0.125,0.034,-0.0675));
#3862=CARTESIAN_POINT('',(0.125,0.034,-0.0675));
#3863=CARTESIAN_POINT('',(0.125,0.034,0.0675));
#3864=CARTESIAN_POINT('',(0.125,0.034,-0.0675));
#3865=CARTESIAN_POINT('',(0.125,0.,-0.0675));
#3866=CARTESIAN_POINT('',(0.125,0.034,-0.0675));
#3867=CARTESIAN_POINT('',(0.,0.034,0.));
#3868=CARTESIAN_POINT('',(0.,0.,0.));
#3869=CARTESIAN_POINT('',(0.,0.,0.));
#3870=MECHANICAL_DESIGN_GEOMETRIC_PRESENTATION_REPRESENTATION('',(#2428,
#2429,#2430),#3871);
#3871=(
GEOMETRIC_REPRESENTATION_CONTEXT(3)
GLOBAL_UNCERTAINTY_ASSIGNED_CONTEXT((#3875))
GLOBAL_UNIT_ASSIGNED_CONTEXT((#3881,#3880,#3879))
REPRESENTATION_CONTEXT('FTS-105-01-L-D','TOP_LEVEL_ASSEMBLY_PART')
);
#3872=(
GEOMETRIC_REPRESENTATION_CONTEXT(3)
GLOBAL_UNCERTAINTY_ASSIGNED_CONTEXT((#3876))
GLOBAL_UNIT_ASSIGNED_CONTEXT((#3881,#3880,#3879))
REPRESENTATION_CONTEXT('FTS-105-01-L-D_pins2','COMPONENT_PART')
);
#3873=(
GEOMETRIC_REPRESENTATION_CONTEXT(3)
GLOBAL_UNCERTAINTY_ASSIGNED_CONTEXT((#3877))
GLOBAL_UNIT_ASSIGNED_CONTEXT((#3881,#3880,#3879))
REPRESENTATION_CONTEXT('FTS-105-01-L-D_pins1','COMPONENT_PART')
);
#3874=(
GEOMETRIC_REPRESENTATION_CONTEXT(3)
GLOBAL_UNCERTAINTY_ASSIGNED_CONTEXT((#3878))
GLOBAL_UNIT_ASSIGNED_CONTEXT((#3881,#3880,#3879))
REPRESENTATION_CONTEXT('FTS-105-01-L-D_body','COMPONENT_PART')
);
#3875=UNCERTAINTY_MEASURE_WITH_UNIT(LENGTH_MEASURE(0.000196850393700787),
#3881,'DISTANCE_ACCURACY_VALUE','Maximum Tolerance applied to model');
#3876=UNCERTAINTY_MEASURE_WITH_UNIT(LENGTH_MEASURE(0.000196850393700787),
#3881,'DISTANCE_ACCURACY_VALUE','Maximum Tolerance applied to model');
#3877=UNCERTAINTY_MEASURE_WITH_UNIT(LENGTH_MEASURE(0.000196850393700787),
#3881,'DISTANCE_ACCURACY_VALUE','Maximum Tolerance applied to model');
#3878=UNCERTAINTY_MEASURE_WITH_UNIT(LENGTH_MEASURE(0.000196850393700787),
#3881,'DISTANCE_ACCURACY_VALUE','Maximum Tolerance applied to model');
#3879=(
NAMED_UNIT(*)
SI_UNIT($,.STERADIAN.)
SOLID_ANGLE_UNIT()
);
#3880=(
NAMED_UNIT(*)
PLANE_ANGLE_UNIT()
SI_UNIT($,.RADIAN.)
);
#3881=(
CONVERSION_BASED_UNIT('INCH',#3883)
LENGTH_UNIT()
NAMED_UNIT(#3882)
);
#3882=DIMENSIONAL_EXPONENTS(1.,0.,0.,0.,0.,0.,0.);
#3883=LENGTH_MEASURE_WITH_UNIT(LENGTH_MEASURE(25.4),#3884);
#3884=(
LENGTH_UNIT()
NAMED_UNIT(*)
SI_UNIT(.MILLI.,.METRE.)
);
#3885=PRODUCT_DEFINITION_SHAPE('','',#3892);
#3886=PRODUCT_DEFINITION_SHAPE('','',#3893);
#3887=PRODUCT_DEFINITION_SHAPE(' ','NAUO PRDDFN',#22);
#3888=PRODUCT_DEFINITION_SHAPE('','',#3894);
#3889=PRODUCT_DEFINITION_SHAPE(' ','NAUO PRDDFN',#23);
#3890=PRODUCT_DEFINITION_SHAPE('','',#3895);
#3891=PRODUCT_DEFINITION_SHAPE(' ','NAUO PRDDFN',#24);
#3892=PRODUCT_DEFINITION('','',#3900,#3896);
#3893=PRODUCT_DEFINITION('','',#3901,#3897);
#3894=PRODUCT_DEFINITION('','',#3902,#3898);
#3895=PRODUCT_DEFINITION('','',#3903,#3899);
#3896=PRODUCT_DEFINITION_CONTEXT('',#3921,'design');
#3897=PRODUCT_DEFINITION_CONTEXT('',#3921,'design');
#3898=PRODUCT_DEFINITION_CONTEXT('',#3921,'design');
#3899=PRODUCT_DEFINITION_CONTEXT('',#3921,'design');
#3900=PRODUCT_DEFINITION_FORMATION_WITH_SPECIFIED_SOURCE('','',#3908,
 .NOT_KNOWN.);
#3901=PRODUCT_DEFINITION_FORMATION_WITH_SPECIFIED_SOURCE('','',#3909,
 .NOT_KNOWN.);
#3902=PRODUCT_DEFINITION_FORMATION_WITH_SPECIFIED_SOURCE('','',#3910,
 .NOT_KNOWN.);
#3903=PRODUCT_DEFINITION_FORMATION_WITH_SPECIFIED_SOURCE('','',#3911,
 .NOT_KNOWN.);
#3904=PRODUCT_RELATED_PRODUCT_CATEGORY('','',(#3908));
#3905=PRODUCT_RELATED_PRODUCT_CATEGORY('','',(#3909));
#3906=PRODUCT_RELATED_PRODUCT_CATEGORY('','',(#3910));
#3907=PRODUCT_RELATED_PRODUCT_CATEGORY('','',(#3911));
#3908=PRODUCT('FTS-105-01-L-D','FTS-105-01-L-D','FTS-105-01-L-D',(#3916));
#3909=PRODUCT('FTS-105-01-L-D_pins2','FTS-105-01-L-D_pins2',
'FTS-105-01-L-D_pins2',(#3917));
#3910=PRODUCT('FTS-105-01-L-D_pins1','FTS-105-01-L-D_pins1',
'FTS-105-01-L-D_pins1',(#3918));
#3911=PRODUCT('FTS-105-01-L-D_body','FTS-105-01-L-D_body',
'FTS-105-01-L-D_body',(#3919));
#3912=PRODUCT_CATEGORY('','');
#3913=PRODUCT_CATEGORY('','');
#3914=PRODUCT_CATEGORY('','');
#3915=PRODUCT_CATEGORY('','');
#3916=PRODUCT_CONTEXT('',#3921,'mechanical');
#3917=PRODUCT_CONTEXT('',#3921,'mechanical');
#3918=PRODUCT_CONTEXT('',#3921,'mechanical');
#3919=PRODUCT_CONTEXT('',#3921,'mechanical');
#3920=APPLICATION_PROTOCOL_DEFINITION('international standard',
'automotive_design',2010,#3921);
#3921=APPLICATION_CONTEXT(
'core data for automotive mechanical design processes');
ENDSEC;
END-ISO-10303-21;
