ISO-10303-21;
HEADER;
FILE_DESCRIPTION (( 'STEP AP203' ),
    '1' );
FILE_NAME ('D2F_01_D.step',
    '2013-07-18T11:08:27',
    ( 'OSMC1.0   TAKUMI' ),
    ( 'TAKUMI-Engniaring' ),
    'SwSTEP 2.0',
    'SolidWorks 2002025',
    '' );
FILE_SCHEMA (( 'CONFIG_CONTROL_DESIGN' ));
ENDSEC;

DATA;
#1 = ORIENTED_EDGE ( 'NONE', *, *, #1926, .F. ) ;
#2 = EDGE_CURVE ( 'NONE', #1887, #1701, #190, .T. ) ;
#3 = EDGE_LOOP ( 'NONE', ( #1688, #1711, #1897, #293, #331, #1457, #1910, #790, #146, #132, #590, #140 ) ) ;
#4 = EDGE_CURVE ( 'NONE', #1730, #167, #211, .T. ) ;
#5 = VERTEX_POINT ( 'NONE', #215 ) ;
#6 = CLOSED_SHELL ( 'NONE', ( #1804, #1694, #179, #1881, #1737, #134, #188, #1878, #1916, #1848, #60, #142, #440, #75, #9, #48, #943, #1839, #1719, #1890, #81, #421, #591, #1800, #333, #883, #551, #189, #1696, #1824, #1751, #1700, #171, #69, #792, #644, #1818, #1728, #58, #1774, #1868, #1740, #1875, #1636, #42, #70, #1885 ) ) ;
#7 = ORIENTED_EDGE ( 'NONE', *, *, #82, .F. ) ;
#8 = EDGE_CURVE ( 'NONE', #1544, #102, #216, .T. ) ;
#9 = ADVANCED_FACE ( 'NONE', ( #226, #227 ), #228, .F. ) ;
#10 = ORIENTED_EDGE ( 'NONE', *, *, #20, .T. ) ;
#11 = VERTEX_POINT ( 'NONE', #233 ) ;
#12 = VERTEX_POINT ( 'NONE', #234 ) ;
#13 = ORIENTED_EDGE ( 'NONE', *, *, #1333, .F. ) ;
#14 = EDGE_CURVE ( 'NONE', #572, #102, #242, .T. ) ;
#15 = ORIENTED_EDGE ( 'NONE', *, *, #478, .T. ) ;
#16 = ORIENTED_EDGE ( 'NONE', *, *, #164, .F. ) ;
#17 = ORIENTED_EDGE ( 'NONE', *, *, #646, .F. ) ;
#18 = ORIENTED_EDGE ( 'NONE', *, *, #1567, .F. ) ;
#19 = VERTEX_POINT ( 'NONE', #273 ) ;
#20 = EDGE_CURVE ( 'NONE', #1857, #125, #274, .T. ) ;
#21 = ORIENTED_EDGE ( 'NONE', *, *, #1492, .T. ) ;
#22 = EDGE_CURVE ( 'NONE', #5, #169, #285, .T. ) ;
#23 = ORIENTED_EDGE ( 'NONE', *, *, #1827, .T. ) ;
#24 = ORIENTED_EDGE ( 'NONE', *, *, #1786, .T. ) ;
#25 = ORIENTED_EDGE ( 'NONE', *, *, #150, .F. ) ;
#26 = ORIENTED_EDGE ( 'NONE', *, *, #1826, .F. ) ;
#27 = EDGE_CURVE ( 'NONE', #1351, #38, #314, .T. ) ;
#28 = VERTEX_POINT ( 'NONE', #322 ) ;
#29 = ORIENTED_EDGE ( 'NONE', *, *, #1783, .F. ) ;
#30 = ORIENTED_EDGE ( 'NONE', *, *, #275, .F. ) ;
#31 = EDGE_LOOP ( 'NONE', ( #77, #1793, #1806, #1908 ) ) ;
#32 = ORIENTED_EDGE ( 'NONE', *, *, #1843, .F. ) ;
#33 = EDGE_CURVE ( 'NONE', #1439, #1857, #346, .T. ) ;
#34 = EDGE_LOOP ( 'NONE', ( #133, #1765, #1547, #174 ) ) ;
#35 = ORIENTED_EDGE ( 'NONE', *, *, #444, .F. ) ;
#36 = ORIENTED_EDGE ( 'NONE', *, *, #161, .T. ) ;
#37 = EDGE_LOOP ( 'NONE', ( #698, #64, #942, #1006, #1584 ) ) ;
#38 = VERTEX_POINT ( 'NONE', #370 ) ;
#39 = VERTEX_POINT ( 'NONE', #371 ) ;
#40 = VERTEX_POINT ( 'NONE', #377 ) ;
#41 = ORIENTED_EDGE ( 'NONE', *, *, #80, .F. ) ;
#42 = ADVANCED_FACE ( 'NONE', ( #382 ), #383, .F. ) ;
#43 = EDGE_LOOP ( 'NONE', ( #1076, #1791, #1546, #1870 ) ) ;
#44 = ORIENTED_EDGE ( 'NONE', *, *, #1698, .F. ) ;
#45 = ORIENTED_EDGE ( 'NONE', *, *, #1782, .F. ) ;
#46 = EDGE_CURVE ( 'NONE', #1746, #160, #395, .T. ) ;
#47 = EDGE_LOOP ( 'NONE', ( #86, #223, #497, #944 ) ) ;
#48 = ADVANCED_FACE ( 'NONE', ( #408, #409 ), #410, .F. ) ;
#49 = ORIENTED_EDGE ( 'NONE', *, *, #95, .T. ) ;
#50 = ORIENTED_EDGE ( 'NONE', *, *, #1333, .T. ) ;
#51 = ORIENTED_EDGE ( 'NONE', *, *, #1814, .F. ) ;
#52 = EDGE_CURVE ( 'NONE', #1701, #332, #450, .T. ) ;
#53 = ORIENTED_EDGE ( 'NONE', *, *, #1716, .F. ) ;
#54 = ORIENTED_EDGE ( 'NONE', *, *, #1296, .T. ) ;
#55 = EDGE_CURVE ( 'NONE', #1755, #160, #456, .T. ) ;
#56 = ORIENTED_EDGE ( 'NONE', *, *, #1224, .T. ) ;
#57 = ORIENTED_EDGE ( 'NONE', *, *, #1736, .F. ) ;
#58 = ADVANCED_FACE ( 'NONE', ( #460 ), #462, .F. ) ;
#59 = ORIENTED_EDGE ( 'NONE', *, *, #94, .F. ) ;
#60 = ADVANCED_FACE ( 'NONE', ( #471 ), #472, .F. ) ;
#61 = VERTEX_POINT ( 'NONE', #477 ) ;
#62 = ORIENTED_EDGE ( 'NONE', *, *, #2, .F. ) ;
#63 = ORIENTED_EDGE ( 'NONE', *, *, #55, .T. ) ;
#64 = ORIENTED_EDGE ( 'NONE', *, *, #74, .T. ) ;
#65 = EDGE_CURVE ( 'NONE', #811, #1762, #480, .T. ) ;
#66 = EDGE_CURVE ( 'NONE', #173, #1673, #485, .T. ) ;
#67 = ORIENTED_EDGE ( 'NONE', *, *, #118, .T. ) ;
#68 = ORIENTED_EDGE ( 'NONE', *, *, #1405, .F. ) ;
#69 = ADVANCED_FACE ( 'NONE', ( #489, #490 ), #491, .F. ) ;
#70 = ADVANCED_FACE ( 'NONE', ( #499 ), #500, .F. ) ;
#71 = EDGE_LOOP ( 'NONE', ( #120, #1738, #1548, #1829 ) ) ;
#72 = VERTEX_POINT ( 'NONE', #505 ) ;
#73 = VERTEX_POINT ( 'NONE', #506 ) ;
#74 = EDGE_CURVE ( 'NONE', #1823, #1730, #507, .T. ) ;
#75 = ADVANCED_FACE ( 'NONE', ( #517 ), #518, .F. ) ;
#76 = ORIENTED_EDGE ( 'NONE', *, *, #152, .F. ) ;
#77 = ORIENTED_EDGE ( 'NONE', *, *, #570, .T. ) ;
#78 = EDGE_LOOP ( 'NONE', ( #178, #79, #1928, #1812, #680, #941, #1929, #922, #24, #1776, #1259, #1882 ) ) ;
#79 = ORIENTED_EDGE ( 'NONE', *, *, #1814, .T. ) ;
#80 = EDGE_CURVE ( 'NONE', #1602, #753, #540, .T. ) ;
#81 = ADVANCED_FACE ( 'NONE', ( #581, #582 ), #583, .F. ) ;
#82 = EDGE_CURVE ( 'NONE', #1709, #1825, #588, .T. ) ;
#83 = ORIENTED_EDGE ( 'NONE', *, *, #1874, .F. ) ;
#84 = EDGE_CURVE ( 'NONE', #170, #332, #611, .T. ) ;
#85 = EDGE_CURVE ( 'NONE', #116, #1907, #616, .T. ) ;
#86 = ORIENTED_EDGE ( 'NONE', *, *, #1835, .T. ) ;
#87 = ORIENTED_EDGE ( 'NONE', *, *, #1795, .F. ) ;
#88 = CLOSED_SHELL ( 'NONE', ( #1203, #141, #1863, #1277, #945, #1817 ) ) ;
#89 = ORIENTED_EDGE ( 'NONE', *, *, #969, .T. ) ;
#90 = EDGE_LOOP ( 'NONE', ( #1837, #1931 ) ) ;
#91 = EDGE_LOOP ( 'NONE', ( #121, #111, #1566, #442 ) ) ;
#92 = EDGE_LOOP ( 'NONE', ( #126, #1, #76, #948 ) ) ;
#93 = EDGE_CURVE ( 'NONE', #1655, #1907, #641, .T. ) ;
#94 = EDGE_CURVE ( 'NONE', #1527, #1709, #651, .T. ) ;
#95 = EDGE_CURVE ( 'NONE', #1746, #156, #656, .T. ) ;
#96 = ORIENTED_EDGE ( 'NONE', *, *, #103, .F. ) ;
#97 = ORIENTED_EDGE ( 'NONE', *, *, #84, .T. ) ;
#98 = ORIENTED_EDGE ( 'NONE', *, *, #735, .T. ) ;
#99 = EDGE_CURVE ( 'NONE', #1730, #127, #671, .T. ) ;
#100 = ORIENTED_EDGE ( 'NONE', *, *, #1904, .F. ) ;
#101 = ORIENTED_EDGE ( 'NONE', *, *, #1803, .F. ) ;
#102 = VERTEX_POINT ( 'NONE', #732 ) ;
#103 = EDGE_CURVE ( 'NONE', #1811, #369, #733, .T. ) ;
#104 = EDGE_LOOP ( 'NONE', ( #18, #1742, #1710, #13 ) ) ;
#105 = EDGE_LOOP ( 'NONE', ( #83, #1884 ) ) ;
#106 = ORIENTED_EDGE ( 'NONE', *, *, #1893, .F. ) ;
#107 = EDGE_CURVE ( 'NONE', #1491, #73, #769, .T. ) ;
#108 = VERTEX_POINT ( 'NONE', #773 ) ;
#109 = ORIENTED_EDGE ( 'NONE', *, *, #117, .T. ) ;
#110 = EDGE_CURVE ( 'NONE', #987, #1899, #774, .T. ) ;
#111 = ORIENTED_EDGE ( 'NONE', *, *, #495, .F. ) ;
#112 = EDGE_LOOP ( 'NONE', ( #172, #1766, #1865, #902 ) ) ;
#113 = ORIENTED_EDGE ( 'NONE', *, *, #119, .F. ) ;
#114 = EDGE_LOOP ( 'NONE', ( #1723, #1260, #1129, #1856 ) ) ;
#115 = ORIENTED_EDGE ( 'NONE', *, *, #158, .T. ) ;
#116 = VERTEX_POINT ( 'NONE', #796 ) ;
#117 = EDGE_CURVE ( 'NONE', #73, #1527, #797, .T. ) ;
#118 = EDGE_CURVE ( 'NONE', #1816, #645, #801, .T. ) ;
#119 = EDGE_CURVE ( 'NONE', #125, #39, #818, .T. ) ;
#120 = ORIENTED_EDGE ( 'NONE', *, *, #1732, .F. ) ;
#121 = ORIENTED_EDGE ( 'NONE', *, *, #118, .F. ) ;
#122 = ORIENTED_EDGE ( 'NONE', *, *, #27, .T. ) ;
#123 = ORIENTED_EDGE ( 'NONE', *, *, #1760, .F. ) ;
#124 = EDGE_CURVE ( 'NONE', #404, #987, #858, .T. ) ;
#125 = VERTEX_POINT ( 'NONE', #863 ) ;
#126 = ORIENTED_EDGE ( 'NONE', *, *, #1872, .T. ) ;
#127 = VERTEX_POINT ( 'NONE', #891 ) ;
#128 = ORIENTED_EDGE ( 'NONE', *, *, #1752, .F. ) ;
#129 = ORIENTED_EDGE ( 'NONE', *, *, #135, .T. ) ;
#130 = ORIENTED_EDGE ( 'NONE', *, *, #757, .F. ) ;
#131 = EDGE_CURVE ( 'NONE', #28, #1920, #892, .T. ) ;
#132 = ORIENTED_EDGE ( 'NONE', *, *, #1024, .F. ) ;
#133 = ORIENTED_EDGE ( 'NONE', *, *, #275, .T. ) ;
#134 = ADVANCED_FACE ( 'NONE', ( #897, #898 ), #899, .F. ) ;
#135 = EDGE_CURVE ( 'NONE', #19, #1491, #909, .T. ) ;
#136 = ORIENTED_EDGE ( 'NONE', *, *, #258, .T. ) ;
#137 = ORIENTED_EDGE ( 'NONE', *, *, #663, .T. ) ;
#138 = VERTEX_POINT ( 'NONE', #938 ) ;
#139 = EDGE_LOOP ( 'NONE', ( #106, #1832, #1731, #1809 ) ) ;
#140 = ORIENTED_EDGE ( 'NONE', *, *, #85, .T. ) ;
#141 = ADVANCED_FACE ( 'NONE', ( #981 ), #982, .F. ) ;
#142 = ADVANCED_FACE ( 'NONE', ( #995, #996, #997 ), #998, .T. ) ;
#143 = EDGE_CURVE ( 'NONE', #39, #1840, #1003, .T. ) ;
#144 = ORIENTED_EDGE ( 'NONE', *, *, #119, .T. ) ;
#145 = VERTEX_POINT ( 'NONE', #1008 ) ;
#146 = ORIENTED_EDGE ( 'NONE', *, *, #1904, .T. ) ;
#147 = EDGE_CURVE ( 'NONE', #989, #1691, #1036, .T. ) ;
#148 = EDGE_CURVE ( 'NONE', #296, #173, #1041, .T. ) ;
#149 = ORIENTED_EDGE ( 'NONE', *, *, #1874, .T. ) ;
#150 = EDGE_CURVE ( 'NONE', #753, #167, #1048, .T. ) ;
#151 = ORIENTED_EDGE ( 'NONE', *, *, #1201, .F. ) ;
#152 = EDGE_CURVE ( 'NONE', #369, #138, #1063, .T. ) ;
#153 = EDGE_CURVE ( 'NONE', #160, #177, #1069, .T. ) ;
#154 = ORIENTED_EDGE ( 'NONE', *, *, #1722, .F. ) ;
#155 = ORIENTED_EDGE ( 'NONE', *, *, #131, .T. ) ;
#156 = VERTEX_POINT ( 'NONE', #1098 ) ;
#157 = EDGE_CURVE ( 'NONE', #61, #1796, #1099, .T. ) ;
#158 = EDGE_CURVE ( 'NONE', #1857, #1351, #1103, .T. ) ;
#159 = EDGE_CURVE ( 'NONE', #1880, #645, #1108, .T. ) ;
#160 = VERTEX_POINT ( 'NONE', #1114 ) ;
#161 = EDGE_CURVE ( 'NONE', #1691, #989, #1115, .T. ) ;
#162 = ORIENTED_EDGE ( 'NONE', *, *, #1770, .T. ) ;
#163 = ORIENTED_EDGE ( 'NONE', *, *, #495, .T. ) ;
#164 = EDGE_CURVE ( 'NONE', #1898, #12, #1151, .T. ) ;
#165 = EDGE_LOOP ( 'NONE', ( #122, #1911, #496, #115 ) ) ;
#166 = ORIENTED_EDGE ( 'NONE', *, *, #1926, .T. ) ;
#167 = VERTEX_POINT ( 'NONE', #1156 ) ;
#168 = ORIENTED_EDGE ( 'NONE', *, *, #107, .F. ) ;
#169 = VERTEX_POINT ( 'NONE', #1168 ) ;
#170 = VERTEX_POINT ( 'NONE', #1169 ) ;
#171 = ADVANCED_FACE ( 'NONE', ( #1170 ), #1171, .F. ) ;
#172 = ORIENTED_EDGE ( 'NONE', *, *, #1223, .F. ) ;
#173 = VERTEX_POINT ( 'NONE', #1194 ) ;
#174 = ORIENTED_EDGE ( 'NONE', *, *, #699, .T. ) ;
#175 = ORIENTED_EDGE ( 'NONE', *, *, #1405, .T. ) ;
#176 = EDGE_CURVE ( 'NONE', #1825, #73, #1196, .T. ) ;
#177 = VERTEX_POINT ( 'NONE', #1200 ) ;
#178 = ORIENTED_EDGE ( 'NONE', *, *, #66, .T. ) ;
#179 = ADVANCED_FACE ( 'NONE', ( #1216, #1217 ), #1218, .F. ) ;
#180 = CARTESIAN_POINT ( 'NONE',  ( -1.149999999999999900, -1.500000000000000000, 2.899999999999999900 ) ) ;
#181 = FACE_OUTER_BOUND ( 'NONE', #1801, .T. ) ;
#182 = CYLINDRICAL_SURFACE ( 'NONE', #183, 1.100000000000000300 ) ;
#183 = AXIS2_PLACEMENT_3D ( 'NONE', #184, #185, #186 ) ;
#184 = CARTESIAN_POINT ( 'NONE',  ( -6.500000000000000000, 0.0000000000000000000, 2.899999999999999900 ) ) ;
#185 = DIRECTION ( 'NONE',  ( 0.0000000000000000000, 0.0000000000000000000, -1.000000000000000000 ) ) ;
#186 = DIRECTION ( 'NONE',  ( -1.000000000000000000, 0.0000000000000000000, 0.0000000000000000000 ) ) ;
#187 = VERTEX_POINT ( 'NONE', #1226 ) ;
#188 = ADVANCED_FACE ( 'NONE', ( #1227 ), #1228, .F. ) ;
#189 = ADVANCED_FACE ( 'NONE', ( #1233 ), #1234, .F. ) ;
#190 = LINE ( 'NONE', #191, #192 ) ;
#191 = CARTESIAN_POINT ( 'NONE',  ( 3.150000000000105200, -1.100000000000000100, -2.899999999999999900 ) ) ;
#192 = VECTOR ( 'NONE', #193, 1000.000000000000000 ) ;
#193 = DIRECTION ( 'NONE',  ( 0.0000000000000000000, 0.0000000000000000000, 1.000000000000000000 ) ) ;
#194 = FACE_OUTER_BOUND ( 'NONE', #900, .T. ) ;
#195 = PLANE ( 'NONE',  #196 ) ;
#196 = AXIS2_PLACEMENT_3D ( 'NONE', #197, #198, #199 ) ;
#197 = CARTESIAN_POINT ( 'NONE',  ( -1.350000000000000100, -1.100000000000000100, -2.899999999999999900 ) ) ;
#198 = DIRECTION ( 'NONE',  ( 0.8944271909999158600, 0.4472135954999579300, 0.0000000000000000000 ) ) ;
#199 = DIRECTION ( 'NONE',  ( -0.4472135954999579300, 0.8944271909999158600, 0.0000000000000000000 ) ) ;
#200 = CIRCLE ( 'NONE', #201, 0.4000000000000001900 ) ;
#201 = AXIS2_PLACEMENT_3D ( 'NONE', #202, #203, #204 ) ;
#202 = CARTESIAN_POINT ( 'NONE',  ( 1.830000000000000100, -1.700000000000000000, -0.2000000000000000100 ) ) ;
#203 = DIRECTION ( 'NONE',  ( 0.0000000000000000000, 0.0000000000000000000, 1.000000000000000000 ) ) ;
#204 = DIRECTION ( 'NONE',  ( 1.000000000000000000, 0.0000000000000000000, 0.0000000000000000000 ) ) ;
#205 = CIRCLE ( 'NONE', #207, 0.5999999999999999800 ) ;
#206 = EDGE_LOOP ( 'NONE', ( #1833, #68, #335, #1930 ) ) ;
#207 = AXIS2_PLACEMENT_3D ( 'NONE', #208, #209, #210 ) ;
#208 = CARTESIAN_POINT ( 'NONE',  ( -1.734723475976804900E-015, -0.5999999999999999800, 1.450000000000000000 ) ) ;
#209 = DIRECTION ( 'NONE',  ( 0.0000000000000000000, 0.0000000000000000000, 1.000000000000000000 ) ) ;
#210 = DIRECTION ( 'NONE',  ( -1.000000000000000000, 0.0000000000000000000, 0.0000000000000000000 ) ) ;
#211 = LINE ( 'NONE', #212, #213 ) ;
#212 = CARTESIAN_POINT ( 'NONE',  ( -6.958257569495580200, -1.000000000000000000, 2.899999999999999900 ) ) ;
#213 = VECTOR ( 'NONE', #214, 1000.000000000000000 ) ;
#214 = DIRECTION ( 'NONE',  ( 0.0000000000000000000, 0.0000000000000000000, -1.000000000000000000 ) ) ;
#215 = CARTESIAN_POINT ( 'NONE',  ( -9.650000000000000400, 5.000000000000000000, -2.899999999999999900 ) ) ;
#216 = LINE ( 'NONE', #217, #218 ) ;
#217 = CARTESIAN_POINT ( 'NONE',  ( -2.449999999999999700, -1.100000000000000100, 0.2000000000000000100 ) ) ;
#218 = VECTOR ( 'NONE', #219, 1000.000000000000000 ) ;
#219 = DIRECTION ( 'NONE',  ( 0.0000000000000000000, 0.0000000000000000000, -1.000000000000000000 ) ) ;
#220 = CIRCLE ( 'NONE', #221, 1.000000000000000000 ) ;
#221 = AXIS2_PLACEMENT_3D ( 'NONE', #222, #224, #225 ) ;
#222 = CARTESIAN_POINT ( 'NONE',  ( 0.0000000000000000000, 0.0000000000000000000, -2.899999999999999900 ) ) ;
#223 = ORIENTED_EDGE ( 'NONE', *, *, #1619, .F. ) ;
#224 = DIRECTION ( 'NONE',  ( 0.0000000000000000000, 0.0000000000000000000, -1.000000000000000000 ) ) ;
#225 = DIRECTION ( 'NONE',  ( -1.000000000000000000, 0.0000000000000000000, 0.0000000000000000000 ) ) ;
#226 = FACE_BOUND ( 'NONE', #1922, .T. ) ;
#227 = FACE_OUTER_BOUND ( 'NONE', #830, .T. ) ;
#228 = PLANE ( 'NONE',  #229 ) ;
#229 = AXIS2_PLACEMENT_3D ( 'NONE', #230, #231, #232 ) ;
#230 = CARTESIAN_POINT ( 'NONE',  ( -5.150000000000000400, -1.100000000000000100, -2.899999999999999900 ) ) ;
#231 = DIRECTION ( 'NONE',  ( 0.0000000000000000000, 1.000000000000000000, 0.0000000000000000000 ) ) ;
#232 = DIRECTION ( 'NONE',  ( 0.0000000000000000000, 0.0000000000000000000, 1.000000000000000000 ) ) ;
#233 = CARTESIAN_POINT ( 'NONE',  ( -4.599999999999999600, 2.000000000000000000, 1.450000000000000000 ) ) ;
#234 = CARTESIAN_POINT ( 'NONE',  ( -8.730000000000000400, -1.700000000000000000, 0.2000000000000000100 ) ) ;
#235 = CIRCLE ( 'NONE', #236, 1.000000000000000000 ) ;
#236 = AXIS2_PLACEMENT_3D ( 'NONE', #237, #238, #239 ) ;
#237 = CARTESIAN_POINT ( 'NONE',  ( 0.0000000000000000000, 0.0000000000000000000, 2.899999999999999900 ) ) ;
#238 = DIRECTION ( 'NONE',  ( 0.0000000000000000000, 0.0000000000000000000, -1.000000000000000000 ) ) ;
#239 = DIRECTION ( 'NONE',  ( -1.000000000000000000, 0.0000000000000000000, 0.0000000000000000000 ) ) ;
#240 = MANIFOLD_SOLID_BREP ( 'NONE', #88 ) ;
#241 = EDGE_LOOP ( 'NONE', ( #901, #1852, #1734, #461 ) ) ;
#242 = LINE ( 'NONE', #243, #244 ) ;
#243 = CARTESIAN_POINT ( 'NONE',  ( -2.449999999999999700, -1.100000000000000100, -0.2000000000000000100 ) ) ;
#244 = VECTOR ( 'NONE', #245, 1000.000000000000000 ) ;
#245 = DIRECTION ( 'NONE',  ( -6.672013369141570100E-016, 1.000000000000000000, 0.0000000000000000000 ) ) ;
#246 = LINE ( 'NONE', #247, #248 ) ;
#247 = CARTESIAN_POINT ( 'NONE',  ( -9.650000000000000400, -1.100000000000000100, -2.899999999999999900 ) ) ;
#248 = VECTOR ( 'NONE', #249, 1000.000000000000000 ) ;
#249 = DIRECTION ( 'NONE',  ( 0.0000000000000000000, 0.0000000000000000000, 1.000000000000000000 ) ) ;
#250 = CIRCLE ( 'NONE', #251, 0.4000000000000001900 ) ;
#251 = AXIS2_PLACEMENT_3D ( 'NONE', #252, #253, #254 ) ;
#252 = CARTESIAN_POINT ( 'NONE',  ( 1.830000000000000100, -1.700000000000000000, -0.2000000000000000100 ) ) ;
#253 = DIRECTION ( 'NONE',  ( 0.0000000000000000000, 0.0000000000000000000, 1.000000000000000000 ) ) ;
#254 = DIRECTION ( 'NONE',  ( 1.000000000000000000, 0.0000000000000000000, 0.0000000000000000000 ) ) ;
#255 = FACE_OUTER_BOUND ( 'NONE', #241, .T. ) ;
#256 = CYLINDRICAL_SURFACE ( 'NONE', #257, 1.100000000000000300 ) ;
#257 = AXIS2_PLACEMENT_3D ( 'NONE', #259, #260, #261 ) ;
#258 = EDGE_CURVE ( 'NONE', #1855, #1699, #1265, .T. ) ;
#259 = CARTESIAN_POINT ( 'NONE',  ( -6.500000000000000000, 0.0000000000000000000, 2.899999999999999900 ) ) ;
#260 = DIRECTION ( 'NONE',  ( 0.0000000000000000000, 0.0000000000000000000, -1.000000000000000000 ) ) ;
#261 = DIRECTION ( 'NONE',  ( -1.000000000000000000, 0.0000000000000000000, 0.0000000000000000000 ) ) ;
#262 = LINE ( 'NONE', #263, #264 ) ;
#263 = CARTESIAN_POINT ( 'NONE',  ( -7.450000000000000200, -1.100000000000000100, 2.899999999999999900 ) ) ;
#264 = VECTOR ( 'NONE', #265, 1000.000000000000000 ) ;
#265 = DIRECTION ( 'NONE',  ( -0.4472135954999575400, 0.8944271909999160800, 0.0000000000000000000 ) ) ;
#266 = CARTESIAN_POINT ( 'NONE',  ( -2.449999999999999700, -2.399999999999999900, -0.2000000000000000100 ) ) ;
#267 = FACE_OUTER_BOUND ( 'NONE', #91, .T. ) ;
#268 = CYLINDRICAL_SURFACE ( 'NONE', #269, 1.000000000000000000 ) ;
#269 = AXIS2_PLACEMENT_3D ( 'NONE', #270, #271, #272 ) ;
#270 = CARTESIAN_POINT ( 'NONE',  ( 0.0000000000000000000, 0.0000000000000000000, 2.899999999999999900 ) ) ;
#271 = DIRECTION ( 'NONE',  ( 0.0000000000000000000, 0.0000000000000000000, -1.000000000000000000 ) ) ;
#272 = DIRECTION ( 'NONE',  ( -1.000000000000000000, 0.0000000000000000000, 0.0000000000000000000 ) ) ;
#273 = CARTESIAN_POINT ( 'NONE',  ( -0.5999999999999999800, -0.5999999999999999800, 1.450000000000000000 ) ) ;
#274 = LINE ( 'NONE', #277, #278 ) ;
#275 = EDGE_CURVE ( 'NONE', #108, #1802, #1278, .T. ) ;
#276 = EDGE_CURVE ( 'NONE', #127, #811, #1283, .T. ) ;
#277 = CARTESIAN_POINT ( 'NONE',  ( -7.530000000000000200, -1.100000000000000100, 0.2000000000000000100 ) ) ;
#278 = VECTOR ( 'NONE', #279, 1000.000000000000000 ) ;
#279 = DIRECTION ( 'NONE',  ( 0.0000000000000000000, 0.0000000000000000000, -1.000000000000000000 ) ) ;
#280 = CARTESIAN_POINT ( 'NONE',  ( 1.030000000000000000, -2.399999999999999900, 0.2000000000000000100 ) ) ;
#281 = LINE ( 'NONE', #282, #283 ) ;
#282 = CARTESIAN_POINT ( 'NONE',  ( -6.041742430504420700, 1.000000000000000000, -2.899999999999999900 ) ) ;
#283 = VECTOR ( 'NONE', #284, 1000.000000000000000 ) ;
#284 = DIRECTION ( 'NONE',  ( 1.000000000000000000, 0.0000000000000000000, 0.0000000000000000000 ) ) ;
#285 = LINE ( 'NONE', #286, #287 ) ;
#286 = CARTESIAN_POINT ( 'NONE',  ( -9.650000000000000400, 5.000000000000000000, -2.899999999999999900 ) ) ;
#287 = VECTOR ( 'NONE', #288, 1000.000000000000000 ) ;
#288 = DIRECTION ( 'NONE',  ( 0.0000000000000000000, -1.000000000000000000, 0.0000000000000000000 ) ) ;
#289 = FACE_BOUND ( 'NONE', #1706, .T. ) ;
#290 = FACE_OUTER_BOUND ( 'NONE', #1849, .T. ) ;
#291 = PLANE ( 'NONE',  #292 ) ;
#292 = AXIS2_PLACEMENT_3D ( 'NONE', #297, #298, #299 ) ;
#293 = ORIENTED_EDGE ( 'NONE', *, *, #1732, .T. ) ;
#294 = ORIENTED_EDGE ( 'NONE', *, *, #148, .F. ) ;
#295 = EDGE_CURVE ( 'NONE', #1673, #1899, #1291, .T. ) ;
#296 = VERTEX_POINT ( 'NONE', #1306 ) ;
#297 = CARTESIAN_POINT ( 'NONE',  ( 1.030000000000000000, -2.399999999999999900, 0.2000000000000000100 ) ) ;
#298 = DIRECTION ( 'NONE',  ( 0.0000000000000000000, 0.0000000000000000000, 1.000000000000000000 ) ) ;
#299 = DIRECTION ( 'NONE',  ( 1.000000000000000000, 0.0000000000000000000, 0.0000000000000000000 ) ) ;
#300 = CARTESIAN_POINT ( 'NONE',  ( 1.000000000000000000, 1.224606353822377300E-016, -2.899999999999999900 ) ) ;
#301 = LINE ( 'NONE', #302, #303 ) ;
#302 = CARTESIAN_POINT ( 'NONE',  ( -9.129999999999999000, -2.399999999999999900, 0.2000000000000000100 ) ) ;
#303 = VECTOR ( 'NONE', #304, 1000.000000000000000 ) ;
#304 = DIRECTION ( 'NONE',  ( 0.0000000000000000000, 0.0000000000000000000, -1.000000000000000000 ) ) ;
#305 = LINE ( 'NONE', #306, #307 ) ;
#306 = CARTESIAN_POINT ( 'NONE',  ( -2.849999999999999600, -1.700000000000000000, -2.899999999999999900 ) ) ;
#307 = VECTOR ( 'NONE', #308, 1000.000000000000000 ) ;
#308 = DIRECTION ( 'NONE',  ( 0.0000000000000000000, 0.0000000000000000000, 1.000000000000000000 ) ) ;
#309 = LINE ( 'NONE', #310, #311 ) ;
#310 = CARTESIAN_POINT ( 'NONE',  ( -4.049999999999999800, -1.100000000000000100, 0.2000000000000000100 ) ) ;
#311 = VECTOR ( 'NONE', #312, 1000.000000000000000 ) ;
#312 = DIRECTION ( 'NONE',  ( 0.0000000000000000000, 0.0000000000000000000, -1.000000000000000000 ) ) ;
#313 = EDGE_CURVE ( 'NONE', #145, #1860, #1313, .T. ) ;
#314 = LINE ( 'NONE', #315, #316 ) ;
#315 = CARTESIAN_POINT ( 'NONE',  ( -9.129999999999999000, -1.100000000000000100, 0.2000000000000000100 ) ) ;
#316 = VECTOR ( 'NONE', #317, 1000.000000000000000 ) ;
#317 = DIRECTION ( 'NONE',  ( 0.0000000000000000000, -1.000000000000000000, 0.0000000000000000000 ) ) ;
#318 = LINE ( 'NONE', #319, #320 ) ;
#319 = CARTESIAN_POINT ( 'NONE',  ( 3.149999999999999900, 5.000000000000000000, 2.899999999999999900 ) ) ;
#320 = VECTOR ( 'NONE', #321, 1000.000000000000000 ) ;
#321 = DIRECTION ( 'NONE',  ( 0.0000000000000000000, 0.0000000000000000000, -1.000000000000000000 ) ) ;
#322 = CARTESIAN_POINT ( 'NONE',  ( 2.230000000000000400, -1.700000000000000000, 0.2000000000000000100 ) ) ;
#323 = LINE ( 'NONE', #324, #325 ) ;
#324 = CARTESIAN_POINT ( 'NONE',  ( -9.650000000000000400, -1.500000000000000000, -2.899999999999999900 ) ) ;
#325 = VECTOR ( 'NONE', #326, 1000.000000000000000 ) ;
#326 = DIRECTION ( 'NONE',  ( 1.000000000000000000, -1.694065894508599800E-017, 0.0000000000000000000 ) ) ;
#327 = LINE ( 'NONE', #328, #329 ) ;
#328 = CARTESIAN_POINT ( 'NONE',  ( -9.650000000000000400, -1.500000000000000000, -2.899999999999999900 ) ) ;
#329 = VECTOR ( 'NONE', #336, 1000.000000000000000 ) ;
#330 = VERTEX_POINT ( 'NONE', #686 ) ;
#331 = ORIENTED_EDGE ( 'NONE', *, *, #1224, .F. ) ;
#332 = VERTEX_POINT ( 'NONE', #687 ) ;
#333 = ADVANCED_FACE ( 'NONE', ( #688 ), #689, .F. ) ;
#334 = EDGE_LOOP ( 'NONE', ( #1222, #1758, #51, #717 ) ) ;
#335 = ORIENTED_EDGE ( 'NONE', *, *, #1685, .F. ) ;
#336 = DIRECTION ( 'NONE',  ( 1.000000000000000000, -1.694065894508599800E-017, 0.0000000000000000000 ) ) ;
#337 = CARTESIAN_POINT ( 'NONE',  ( -6.041742430504420700, -1.000000000000000000, -2.899999999999999900 ) ) ;
#338 = LINE ( 'NONE', #339, #340 ) ;
#339 = CARTESIAN_POINT ( 'NONE',  ( -9.129999999999999000, -2.399999999999999900, 0.2000000000000000100 ) ) ;
#340 = VECTOR ( 'NONE', #341, 1000.000000000000000 ) ;
#341 = DIRECTION ( 'NONE',  ( 1.000000000000000000, 0.0000000000000000000, 0.0000000000000000000 ) ) ;
#342 = LINE ( 'NONE', #343, #344 ) ;
#343 = CARTESIAN_POINT ( 'NONE',  ( -7.930000000000001500, -1.700000000000000000, -2.899999999999999900 ) ) ;
#344 = VECTOR ( 'NONE', #345, 1000.000000000000000 ) ;
#345 = DIRECTION ( 'NONE',  ( 0.0000000000000000000, 0.0000000000000000000, 1.000000000000000000 ) ) ;
#346 = LINE ( 'NONE', #347, #348 ) ;
#347 = CARTESIAN_POINT ( 'NONE',  ( -7.530000000000000200, -1.100000000000000100, 0.2000000000000000100 ) ) ;
#348 = VECTOR ( 'NONE', #349, 1000.000000000000000 ) ;
#349 = DIRECTION ( 'NONE',  ( -6.672013369141570100E-016, 1.000000000000000000, 0.0000000000000000000 ) ) ;
#350 = FACE_OUTER_BOUND ( 'NONE', #71, .T. ) ;
#351 = PLANE ( 'NONE',  #352 ) ;
#352 = AXIS2_PLACEMENT_3D ( 'NONE', #353, #354, #355 ) ;
#353 = CARTESIAN_POINT ( 'NONE',  ( -9.650000000000000400, -1.500000000000000000, 2.899999999999999900 ) ) ;
#354 = DIRECTION ( 'NONE',  ( 1.694065894508599800E-017, 1.000000000000000000, 0.0000000000000000000 ) ) ;
#355 = DIRECTION ( 'NONE',  ( -1.000000000000000000, 1.694065894508599800E-017, 0.0000000000000000000 ) ) ;
#356 = LINE ( 'NONE', #357, #358 ) ;
#357 = CARTESIAN_POINT ( 'NONE',  ( 0.5999999999999999800, -3.500000000000000000, 1.450000000000000000 ) ) ;
#358 = VECTOR ( 'NONE', #359, 1000.000000000000000 ) ;
#359 = DIRECTION ( 'NONE',  ( 0.0000000000000000000, 0.0000000000000000000, -1.000000000000000000 ) ) ;
#360 = FACE_OUTER_BOUND ( 'NONE', #1637, .T. ) ;
#361 = PLANE ( 'NONE',  #362 ) ;
#362 = AXIS2_PLACEMENT_3D ( 'NONE', #363, #364, #365 ) ;
#363 = CARTESIAN_POINT ( 'NONE',  ( 2.629999999999999900, -1.100000000000000100, 0.2000000000000000100 ) ) ;
#364 = DIRECTION ( 'NONE',  ( -1.000000000000000000, -6.672013369141570100E-016, 0.0000000000000000000 ) ) ;
#365 = DIRECTION ( 'NONE',  ( 6.672013369141570100E-016, -1.000000000000000000, 0.0000000000000000000 ) ) ;
#366 = CARTESIAN_POINT ( 'NONE',  ( -9.129999999999999000, -2.399999999999999900, -0.2000000000000000100 ) ) ;
#367 = CARTESIAN_POINT ( 'NONE',  ( -7.599999999999999600, 0.0000000000000000000, -2.899999999999999900 ) ) ;
#368 = VERTEX_POINT ( 'NONE', #709 ) ;
#369 = VERTEX_POINT ( 'NONE', #722 ) ;
#370 = CARTESIAN_POINT ( 'NONE',  ( -9.129999999999999000, -2.399999999999999900, 0.2000000000000000100 ) ) ;
#371 = CARTESIAN_POINT ( 'NONE',  ( -9.129999999999999000, -1.100000000000000100, -0.2000000000000000100 ) ) ;
#372 = CIRCLE ( 'NONE', #373, 0.4000000000000001900 ) ;
#373 = AXIS2_PLACEMENT_3D ( 'NONE', #374, #375, #376 ) ;
#374 = CARTESIAN_POINT ( 'NONE',  ( 1.830000000000000100, -1.700000000000000000, 0.2000000000000000100 ) ) ;
#375 = DIRECTION ( 'NONE',  ( 0.0000000000000000000, 0.0000000000000000000, 1.000000000000000000 ) ) ;
#376 = DIRECTION ( 'NONE',  ( 1.000000000000000000, 0.0000000000000000000, 0.0000000000000000000 ) ) ;
#377 = CARTESIAN_POINT ( 'NONE',  ( 2.230000000000000400, -1.700000000000000000, -0.2000000000000000100 ) ) ;
#378 = LINE ( 'NONE', #379, #380 ) ;
#379 = CARTESIAN_POINT ( 'NONE',  ( 3.149999999999999900, 5.000000000000000000, 2.899999999999999900 ) ) ;
#380 = VECTOR ( 'NONE', #381, 1000.000000000000000 ) ;
#381 = DIRECTION ( 'NONE',  ( 0.0000000000000000000, 1.000000000000000000, 0.0000000000000000000 ) ) ;
#382 = FACE_OUTER_BOUND ( 'NONE', #514, .T. ) ;
#383 = CYLINDRICAL_SURFACE ( 'NONE', #384, 0.4000000000000001900 ) ;
#384 = AXIS2_PLACEMENT_3D ( 'NONE', #385, #387, #388 ) ;
#385 = CARTESIAN_POINT ( 'NONE',  ( 1.830000000000000100, -1.700000000000000000, -2.899999999999999900 ) ) ;
#386 = EDGE_LOOP ( 'NONE', ( #1759, #1821, #35, #1820 ) ) ;
#387 = DIRECTION ( 'NONE',  ( 0.0000000000000000000, 0.0000000000000000000, 1.000000000000000000 ) ) ;
#388 = DIRECTION ( 'NONE',  ( 1.000000000000000000, 0.0000000000000000000, 0.0000000000000000000 ) ) ;
#389 = FACE_OUTER_BOUND ( 'NONE', #1702, .T. ) ;
#390 = PLANE ( 'NONE',  #391 ) ;
#391 = AXIS2_PLACEMENT_3D ( 'NONE', #392, #393, #394 ) ;
#392 = CARTESIAN_POINT ( 'NONE',  ( -9.650000000000000400, -1.500000000000000000, 2.899999999999999900 ) ) ;
#393 = DIRECTION ( 'NONE',  ( 1.694065894508599800E-017, 1.000000000000000000, 0.0000000000000000000 ) ) ;
#394 = DIRECTION ( 'NONE',  ( -1.000000000000000000, 1.694065894508599800E-017, 0.0000000000000000000 ) ) ;
#395 = LINE ( 'NONE', #396, #397 ) ;
#396 = CARTESIAN_POINT ( 'NONE',  ( 2.629999999999999900, -1.100000000000000100, 0.2000000000000000100 ) ) ;
#397 = VECTOR ( 'NONE', #398, 1000.000000000000000 ) ;
#398 = DIRECTION ( 'NONE',  ( 0.0000000000000000000, 0.0000000000000000000, -1.000000000000000000 ) ) ;
#399 = CARTESIAN_POINT ( 'NONE',  ( -4.599999999999999600, 5.000000000000000000, -1.450000000000000000 ) ) ;
#400 = FACE_OUTER_BOUND ( 'NONE', #1744, .T. ) ;
#401 = PLANE ( 'NONE',  #402 ) ;
#402 = AXIS2_PLACEMENT_3D ( 'NONE', #405, #406, #407 ) ;
#403 = EDGE_LOOP ( 'NONE', ( #36, #1846 ) ) ;
#404 = VERTEX_POINT ( 'NONE', #180 ) ;
#405 = CARTESIAN_POINT ( 'NONE',  ( 0.9499999999999999600, -1.100000000000000100, -2.899999999999999900 ) ) ;
#406 = DIRECTION ( 'NONE',  ( -0.8944271909999158600, 0.4472135954999579300, 0.0000000000000000000 ) ) ;
#407 = DIRECTION ( 'NONE',  ( -0.4472135954999579300, -0.8944271909999158600, 0.0000000000000000000 ) ) ;
#408 = FACE_BOUND ( 'NONE', #112, .T. ) ;
#409 = FACE_OUTER_BOUND ( 'NONE', #43, .T. ) ;
#410 = PLANE ( 'NONE',  #411 ) ;
#411 = AXIS2_PLACEMENT_3D ( 'NONE', #412, #413, #414 ) ;
#412 = CARTESIAN_POINT ( 'NONE',  ( 0.9499999999999999600, -1.100000000000000100, -2.899999999999999900 ) ) ;
#413 = DIRECTION ( 'NONE',  ( -2.365532012695535400E-015, 1.000000000000000000, 0.0000000000000000000 ) ) ;
#414 = DIRECTION ( 'NONE',  ( -1.000000000000000000, -2.365532012695535400E-015, 0.0000000000000000000 ) ) ;
#415 = FACE_OUTER_BOUND ( 'NONE', #532, .T. ) ;
#416 = PLANE ( 'NONE',  #417 ) ;
#417 = AXIS2_PLACEMENT_3D ( 'NONE', #418, #419, #420 ) ;
#418 = CARTESIAN_POINT ( 'NONE',  ( -1.734723475976804900E-015, -0.5999999999999999800, 1.450000000000000000 ) ) ;
#419 = DIRECTION ( 'NONE',  ( 0.0000000000000000000, 0.0000000000000000000, -1.000000000000000000 ) ) ;
#420 = DIRECTION ( 'NONE',  ( -1.000000000000000000, 0.0000000000000000000, 0.0000000000000000000 ) ) ;
#421 = ADVANCED_FACE ( 'NONE', ( #181 ), #182, .F. ) ;
#422 = LINE ( 'NONE', #423, #424 ) ;
#423 = CARTESIAN_POINT ( 'NONE',  ( 1.030000000000000000, -1.100000000000000100, 0.2000000000000000100 ) ) ;
#424 = VECTOR ( 'NONE', #425, 1000.000000000000000 ) ;
#425 = DIRECTION ( 'NONE',  ( 0.0000000000000000000, -1.000000000000000000, 0.0000000000000000000 ) ) ;
#426 = LINE ( 'NONE', #427, #428 ) ;
#427 = CARTESIAN_POINT ( 'NONE',  ( -5.799999999999999800, 2.000000000000000000, -1.450000000000000000 ) ) ;
#428 = VECTOR ( 'NONE', #429, 1000.000000000000000 ) ;
#429 = DIRECTION ( 'NONE',  ( 0.0000000000000000000, 1.000000000000000000, 0.0000000000000000000 ) ) ;
#430 = CIRCLE ( 'NONE', #431, 0.4000000000000001900 ) ;
#431 = AXIS2_PLACEMENT_3D ( 'NONE', #432, #433, #434 ) ;
#432 = CARTESIAN_POINT ( 'NONE',  ( -3.250000000000000000, -1.700000000000000000, 0.2000000000000000100 ) ) ;
#433 = DIRECTION ( 'NONE',  ( 0.0000000000000000000, 0.0000000000000000000, 1.000000000000000000 ) ) ;
#434 = DIRECTION ( 'NONE',  ( 1.000000000000000000, 0.0000000000000000000, 0.0000000000000000000 ) ) ;
#435 = LINE ( 'NONE', #436, #437 ) ;
#436 = CARTESIAN_POINT ( 'NONE',  ( 2.230000000000000400, -1.700000000000000000, -2.899999999999999900 ) ) ;
#437 = VECTOR ( 'NONE', #445, 1000.000000000000000 ) ;
#438 = ORIENTED_EDGE ( 'NONE', *, *, #176, .T. ) ;
#439 = EDGE_LOOP ( 'NONE', ( #1745, #1741, #100, #1111 ) ) ;
#440 = ADVANCED_FACE ( 'NONE', ( #194 ), #195, .F. ) ;
#441 = EDGE_CURVE ( 'NONE', #40, #1656, #200, .T. ) ;
#442 = ORIENTED_EDGE ( 'NONE', *, *, #159, .T. ) ;
#443 = ORIENTED_EDGE ( 'NONE', *, *, #1202, .T. ) ;
#444 = EDGE_CURVE ( 'NONE', #1699, #19, #205, .T. ) ;
#445 = DIRECTION ( 'NONE',  ( 0.0000000000000000000, 0.0000000000000000000, 1.000000000000000000 ) ) ;
#446 = LINE ( 'NONE', #447, #448 ) ;
#447 = CARTESIAN_POINT ( 'NONE',  ( 2.629999999999999900, -1.100000000000000100, 0.2000000000000000100 ) ) ;
#448 = VECTOR ( 'NONE', #449, 1000.000000000000000 ) ;
#449 = DIRECTION ( 'NONE',  ( -6.672013369141570100E-016, 1.000000000000000000, 0.0000000000000000000 ) ) ;
#450 = LINE ( 'NONE', #451, #452 ) ;
#451 = CARTESIAN_POINT ( 'NONE',  ( 0.9499999999999999600, -1.100000000000000100, 2.899999999999999900 ) ) ;
#452 = VECTOR ( 'NONE', #453, 1000.000000000000000 ) ;
#453 = DIRECTION ( 'NONE',  ( -1.000000000000000000, -2.365532012695535400E-015, 0.0000000000000000000 ) ) ;
#454 = CARTESIAN_POINT ( 'NONE',  ( -1.350000000000000100, -1.100000000000000100, 2.899999999999999900 ) ) ;
#455 = CARTESIAN_POINT ( 'NONE',  ( -8.730000000000000400, -1.700000000000000000, -0.2000000000000000100 ) ) ;
#456 = LINE ( 'NONE', #457, #458 ) ;
#457 = CARTESIAN_POINT ( 'NONE',  ( 2.629999999999999900, -1.100000000000000100, -0.2000000000000000100 ) ) ;
#458 = VECTOR ( 'NONE', #459, 1000.000000000000000 ) ;
#459 = DIRECTION ( 'NONE',  ( -6.672013369141570100E-016, 1.000000000000000000, 0.0000000000000000000 ) ) ;
#460 = FACE_OUTER_BOUND ( 'NONE', #92, .T. ) ;
#461 = ORIENTED_EDGE ( 'NONE', *, *, #1775, .F. ) ;
#462 = PLANE ( 'NONE',  #463 ) ;
#463 = AXIS2_PLACEMENT_3D ( 'NONE', #464, #465, #466 ) ;
#464 = CARTESIAN_POINT ( 'NONE',  ( -5.799999999999999800, 2.000000000000000000, -1.450000000000000000 ) ) ;
#465 = DIRECTION ( 'NONE',  ( -1.000000000000000000, 0.0000000000000000000, 0.0000000000000000000 ) ) ;
#466 = DIRECTION ( 'NONE',  ( 0.0000000000000000000, 0.0000000000000000000, 1.000000000000000000 ) ) ;
#467 = LINE ( 'NONE', #468, #469 ) ;
#468 = CARTESIAN_POINT ( 'NONE',  ( -9.650000000000000400, -1.100000000000000100, 2.899999999999999900 ) ) ;
#469 = VECTOR ( 'NONE', #470, 1000.000000000000000 ) ;
#470 = DIRECTION ( 'NONE',  ( -1.000000000000000000, 0.0000000000000000000, 0.0000000000000000000 ) ) ;
#471 = FACE_OUTER_BOUND ( 'NONE', #439, .T. ) ;
#472 = PLANE ( 'NONE',  #473 ) ;
#473 = AXIS2_PLACEMENT_3D ( 'NONE', #474, #475, #476 ) ;
#474 = CARTESIAN_POINT ( 'NONE',  ( -9.650000000000000400, 5.000000000000000000, 2.899999999999999900 ) ) ;
#475 = DIRECTION ( 'NONE',  ( 1.000000000000000000, 0.0000000000000000000, 0.0000000000000000000 ) ) ;
#476 = DIRECTION ( 'NONE',  ( 0.0000000000000000000, 0.0000000000000000000, -1.000000000000000000 ) ) ;
#477 = CARTESIAN_POINT ( 'NONE',  ( -7.450000000000000200, -1.100000000000000100, -2.899999999999999900 ) ) ;
#478 = EDGE_CURVE ( 'NONE', #645, #1880, #220, .T. ) ;
#479 = CARTESIAN_POINT ( 'NONE',  ( -2.849999999999999600, -1.700000000000000000, -0.2000000000000000100 ) ) ;
#480 = CIRCLE ( 'NONE', #481, 1.100000000000000300 ) ;
#481 = AXIS2_PLACEMENT_3D ( 'NONE', #482, #483, #484 ) ;
#482 = CARTESIAN_POINT ( 'NONE',  ( -6.500000000000000000, 0.0000000000000000000, -2.899999999999999900 ) ) ;
#483 = DIRECTION ( 'NONE',  ( 0.0000000000000000000, 0.0000000000000000000, -1.000000000000000000 ) ) ;
#484 = DIRECTION ( 'NONE',  ( -1.000000000000000000, 0.0000000000000000000, 0.0000000000000000000 ) ) ;
#485 = LINE ( 'NONE', #486, #487 ) ;
#486 = CARTESIAN_POINT ( 'NONE',  ( -5.150000000000000400, -1.100000000000000100, -2.899999999999999900 ) ) ;
#487 = VECTOR ( 'NONE', #488, 1000.000000000000000 ) ;
#488 = DIRECTION ( 'NONE',  ( -1.000000000000000000, 0.0000000000000000000, 0.0000000000000000000 ) ) ;
#489 = FACE_BOUND ( 'NONE', #90, .T. ) ;
#490 = FACE_OUTER_BOUND ( 'NONE', #104, .T. ) ;
#491 = PLANE ( 'NONE',  #492 ) ;
#492 = AXIS2_PLACEMENT_3D ( 'NONE', #493, #494, #498 ) ;
#493 = CARTESIAN_POINT ( 'NONE',  ( 1.030000000000000000, -2.399999999999999900, -0.2000000000000000100 ) ) ;
#494 = DIRECTION ( 'NONE',  ( 0.0000000000000000000, 0.0000000000000000000, 1.000000000000000000 ) ) ;
#495 = EDGE_CURVE ( 'NONE', #1847, #1816, #235, .T. ) ;
#496 = ORIENTED_EDGE ( 'NONE', *, *, #33, .T. ) ;
#497 = ORIENTED_EDGE ( 'NONE', *, *, #1889, .F. ) ;
#498 = DIRECTION ( 'NONE',  ( 1.000000000000000000, 0.0000000000000000000, 0.0000000000000000000 ) ) ;
#499 = FACE_OUTER_BOUND ( 'NONE', #697, .T. ) ;
#500 = CYLINDRICAL_SURFACE ( 'NONE', #501, 0.4000000000000001900 ) ;
#501 = AXIS2_PLACEMENT_3D ( 'NONE', #502, #503, #504 ) ;
#502 = CARTESIAN_POINT ( 'NONE',  ( 1.830000000000000100, -1.700000000000000000, -2.899999999999999900 ) ) ;
#503 = DIRECTION ( 'NONE',  ( 0.0000000000000000000, 0.0000000000000000000, 1.000000000000000000 ) ) ;
#504 = DIRECTION ( 'NONE',  ( 1.000000000000000000, 0.0000000000000000000, 0.0000000000000000000 ) ) ;
#505 = CARTESIAN_POINT ( 'NONE',  ( -2.849999999999999600, -1.700000000000000000, 0.2000000000000000100 ) ) ;
#506 = CARTESIAN_POINT ( 'NONE',  ( -0.5999999999999999800, -3.500000000000000000, -1.450000000000000000 ) ) ;
#507 = LINE ( 'NONE', #508, #509 ) ;
#508 = CARTESIAN_POINT ( 'NONE',  ( -6.041742430504420700, -1.000000000000000000, 2.899999999999999900 ) ) ;
#509 = VECTOR ( 'NONE', #510, 1000.000000000000000 ) ;
#510 = DIRECTION ( 'NONE',  ( -1.000000000000000000, -2.365923106690660100E-016, 0.0000000000000000000 ) ) ;
#511 = CARTESIAN_POINT ( 'NONE',  ( 1.030000000000000000, -2.399999999999999900, -0.2000000000000000100 ) ) ;
#512 = LINE ( 'NONE', #513, #515 ) ;
#513 = CARTESIAN_POINT ( 'NONE',  ( 1.030000000000000000, -2.399999999999999900, 0.2000000000000000100 ) ) ;
#514 = EDGE_LOOP ( 'NONE', ( #1892, #1813, #1739, #1025 ) ) ;
#515 = VECTOR ( 'NONE', #516, 1000.000000000000000 ) ;
#516 = DIRECTION ( 'NONE',  ( 1.000000000000000000, 0.0000000000000000000, 0.0000000000000000000 ) ) ;
#517 = FACE_OUTER_BOUND ( 'NONE', #1790, .T. ) ;
#518 = CYLINDRICAL_SURFACE ( 'NONE', #519, 1.000000000000000000 ) ;
#519 = AXIS2_PLACEMENT_3D ( 'NONE', #520, #521, #522 ) ;
#520 = CARTESIAN_POINT ( 'NONE',  ( 0.0000000000000000000, 0.0000000000000000000, 2.899999999999999900 ) ) ;
#521 = DIRECTION ( 'NONE',  ( 0.0000000000000000000, 0.0000000000000000000, -1.000000000000000000 ) ) ;
#522 = DIRECTION ( 'NONE',  ( -1.000000000000000000, 0.0000000000000000000, 0.0000000000000000000 ) ) ;
#523 = CARTESIAN_POINT ( 'NONE',  ( -1.000000000000000000, 0.0000000000000000000, 2.899999999999999900 ) ) ;
#524 = CARTESIAN_POINT ( 'NONE',  ( -9.650000000000000400, -1.100000000000000100, 2.899999999999999900 ) ) ;
#525 = FACE_OUTER_BOUND ( 'NONE', #31, .T. ) ;
#526 = PLANE ( 'NONE',  #527 ) ;
#527 = AXIS2_PLACEMENT_3D ( 'NONE', #528, #529, #530 ) ;
#528 = CARTESIAN_POINT ( 'NONE',  ( -7.450000000000000200, -1.100000000000000100, -2.899999999999999900 ) ) ;
#529 = DIRECTION ( 'NONE',  ( 0.8944271909999160800, 0.4472135954999575400, 0.0000000000000000000 ) ) ;
#530 = DIRECTION ( 'NONE',  ( -0.4472135954999575400, 0.8944271909999160800, 0.0000000000000000000 ) ) ;
#531 = EDGE_CURVE ( 'NONE', #169, #1148, #246, .T. ) ;
#532 = EDGE_LOOP ( 'NONE', ( #1877, #129, #1059, #136 ) ) ;
#533 = ORIENTED_EDGE ( 'NONE', *, *, #1803, .T. ) ;
#534 = EDGE_CURVE ( 'NONE', #1656, #40, #250, .T. ) ;
#535 = CIRCLE ( 'NONE', #536, 0.4000000000000001900 ) ;
#536 = AXIS2_PLACEMENT_3D ( 'NONE', #537, #538, #539 ) ;
#537 = CARTESIAN_POINT ( 'NONE',  ( -3.250000000000000000, -1.700000000000000000, -0.2000000000000000100 ) ) ;
#538 = DIRECTION ( 'NONE',  ( 0.0000000000000000000, 0.0000000000000000000, 1.000000000000000000 ) ) ;
#539 = DIRECTION ( 'NONE',  ( 1.000000000000000000, 0.0000000000000000000, 0.0000000000000000000 ) ) ;
#540 = CIRCLE ( 'NONE', #541, 1.100000000000000300 ) ;
#541 = AXIS2_PLACEMENT_3D ( 'NONE', #542, #543, #544 ) ;
#542 = CARTESIAN_POINT ( 'NONE',  ( -6.500000000000000000, 0.0000000000000000000, -2.899999999999999900 ) ) ;
#543 = DIRECTION ( 'NONE',  ( 0.0000000000000000000, 0.0000000000000000000, -1.000000000000000000 ) ) ;
#544 = DIRECTION ( 'NONE',  ( -1.000000000000000000, 0.0000000000000000000, 0.0000000000000000000 ) ) ;
#545 = CIRCLE ( 'NONE', #546, 1.100000000000000300 ) ;
#546 = AXIS2_PLACEMENT_3D ( 'NONE', #547, #548, #549 ) ;
#547 = CARTESIAN_POINT ( 'NONE',  ( -6.500000000000000000, 0.0000000000000000000, -2.899999999999999900 ) ) ;
#548 = DIRECTION ( 'NONE',  ( 0.0000000000000000000, 0.0000000000000000000, -1.000000000000000000 ) ) ;
#549 = DIRECTION ( 'NONE',  ( -1.000000000000000000, 0.0000000000000000000, 0.0000000000000000000 ) ) ;
#550 = LINE ( 'NONE', #554, #555 ) ;
#551 = ADVANCED_FACE ( 'NONE', ( #255 ), #256, .F. ) ;
#552 = ORIENTED_EDGE ( 'NONE', *, *, #1903, .F. ) ;
#553 = ORIENTED_EDGE ( 'NONE', *, *, #1509, .T. ) ;
#554 = CARTESIAN_POINT ( 'NONE',  ( 2.629999999999999900, -2.399999999999999900, 0.2000000000000000100 ) ) ;
#555 = VECTOR ( 'NONE', #556, 1000.000000000000000 ) ;
#556 = DIRECTION ( 'NONE',  ( 0.0000000000000000000, 0.0000000000000000000, -1.000000000000000000 ) ) ;
#557 = FACE_OUTER_BOUND ( 'NONE', #1919, .T. ) ;
#558 = PLANE ( 'NONE',  #559 ) ;
#559 = AXIS2_PLACEMENT_3D ( 'NONE', #560, #561, #562 ) ;
#560 = CARTESIAN_POINT ( 'NONE',  ( -0.5999999999999999800, -3.500000000000000000, 1.450000000000000000 ) ) ;
#561 = DIRECTION ( 'NONE',  ( 0.0000000000000000000, 1.000000000000000000, 0.0000000000000000000 ) ) ;
#562 = DIRECTION ( 'NONE',  ( 0.0000000000000000000, 0.0000000000000000000, 1.000000000000000000 ) ) ;
#563 = CIRCLE ( 'NONE', #564, 0.3999999999999993000 ) ;
#564 = AXIS2_PLACEMENT_3D ( 'NONE', #565, #566, #567 ) ;
#565 = CARTESIAN_POINT ( 'NONE',  ( -8.330000000000000100, -1.700000000000000000, 0.2000000000000000100 ) ) ;
#566 = DIRECTION ( 'NONE',  ( 0.0000000000000000000, 0.0000000000000000000, 1.000000000000000000 ) ) ;
#567 = DIRECTION ( 'NONE',  ( 1.000000000000000000, 0.0000000000000000000, 0.0000000000000000000 ) ) ;
#568 = CARTESIAN_POINT ( 'NONE',  ( -4.599999999999999600, 5.000000000000000000, 1.450000000000000000 ) ) ;
#569 = LINE ( 'NONE', #574, #575 ) ;
#570 = EDGE_CURVE ( 'NONE', #116, #1796, #262, .T. ) ;
#571 = ORIENTED_EDGE ( 'NONE', *, *, #1894, .F. ) ;
#572 = VERTEX_POINT ( 'NONE', #266 ) ;
#573 = ORIENTED_EDGE ( 'NONE', *, *, #124, .T. ) ;
#574 = CARTESIAN_POINT ( 'NONE',  ( 1.030000000000000000, -1.100000000000000100, 0.2000000000000000100 ) ) ;
#575 = VECTOR ( 'NONE', #576, 1000.000000000000000 ) ;
#576 = DIRECTION ( 'NONE',  ( 0.0000000000000000000, 0.0000000000000000000, -1.000000000000000000 ) ) ;
#577 = LINE ( 'NONE', #578, #579 ) ;
#578 = CARTESIAN_POINT ( 'NONE',  ( 0.9499999999999999600, -1.100000000000000100, 2.899999999999999900 ) ) ;
#579 = VECTOR ( 'NONE', #580, 1000.000000000000000 ) ;
#580 = DIRECTION ( 'NONE',  ( -0.4472135954999579300, -0.8944271909999158600, 0.0000000000000000000 ) ) ;
#581 = FACE_BOUND ( 'NONE', #1727, .T. ) ;
#582 = FACE_OUTER_BOUND ( 'NONE', #625, .T. ) ;
#583 = PLANE ( 'NONE',  #584 ) ;
#584 = AXIS2_PLACEMENT_3D ( 'NONE', #585, #586, #587 ) ;
#585 = CARTESIAN_POINT ( 'NONE',  ( -9.650000000000000400, 5.000000000000000000, 2.899999999999999900 ) ) ;
#586 = DIRECTION ( 'NONE',  ( 0.0000000000000000000, -1.000000000000000000, 0.0000000000000000000 ) ) ;
#587 = DIRECTION ( 'NONE',  ( 0.0000000000000000000, 0.0000000000000000000, -1.000000000000000000 ) ) ;
#588 = CIRCLE ( 'NONE', #589, 0.5999999999999999800 ) ;
#589 = AXIS2_PLACEMENT_3D ( 'NONE', #592, #593, #594 ) ;
#590 = ORIENTED_EDGE ( 'NONE', *, *, #570, .F. ) ;
#591 = ADVANCED_FACE ( 'NONE', ( #267 ), #268, .F. ) ;
#592 = CARTESIAN_POINT ( 'NONE',  ( -1.734723475976804900E-015, -0.5999999999999999800, -1.450000000000000000 ) ) ;
#593 = DIRECTION ( 'NONE',  ( 0.0000000000000000000, 0.0000000000000000000, 1.000000000000000000 ) ) ;
#594 = DIRECTION ( 'NONE',  ( -1.000000000000000000, 0.0000000000000000000, 0.0000000000000000000 ) ) ;
#595 = FACE_OUTER_BOUND ( 'NONE', #756, .T. ) ;
#596 = PLANE ( 'NONE',  #597 ) ;
#597 = AXIS2_PLACEMENT_3D ( 'NONE', #598, #599, #600 ) ;
#598 = CARTESIAN_POINT ( 'NONE',  ( 0.5999999999999999800, -0.5999999999999999800, 1.450000000000000000 ) ) ;
#599 = DIRECTION ( 'NONE',  ( -1.000000000000000000, 1.121588454295350000E-016, 0.0000000000000000000 ) ) ;
#600 = DIRECTION ( 'NONE',  ( -1.121588454295350000E-016, -1.000000000000000000, 0.0000000000000000000 ) ) ;
#601 = CARTESIAN_POINT ( 'NONE',  ( -3.649999999999999900, -1.700000000000000000, -0.2000000000000000100 ) ) ;
#602 = LINE ( 'NONE', #603, #604 ) ;
#603 = CARTESIAN_POINT ( 'NONE',  ( -4.049999999999999800, -2.399999999999999900, -0.2000000000000000100 ) ) ;
#604 = VECTOR ( 'NONE', #605, 1000.000000000000000 ) ;
#605 = DIRECTION ( 'NONE',  ( 1.000000000000000000, 0.0000000000000000000, 0.0000000000000000000 ) ) ;
#606 = LINE ( 'NONE', #607, #609 ) ;
#607 = CARTESIAN_POINT ( 'NONE',  ( 3.149999999999999900, 5.000000000000000000, -2.899999999999999900 ) ) ;
#608 = ORIENTED_EDGE ( 'NONE', *, *, #1859, .F. ) ;
#609 = VECTOR ( 'NONE', #610, 1000.000000000000000 ) ;
#610 = DIRECTION ( 'NONE',  ( 0.0000000000000000000, 1.000000000000000000, 0.0000000000000000000 ) ) ;
#611 = LINE ( 'NONE', #612, #613 ) ;
#612 = CARTESIAN_POINT ( 'NONE',  ( 0.9499999999999999600, -1.100000000000000100, -2.899999999999999900 ) ) ;
#613 = VECTOR ( 'NONE', #614, 1000.000000000000000 ) ;
#614 = DIRECTION ( 'NONE',  ( 0.0000000000000000000, 0.0000000000000000000, 1.000000000000000000 ) ) ;
#615 = CARTESIAN_POINT ( 'NONE',  ( -5.799999999999999800, 5.000000000000000000, 1.450000000000000000 ) ) ;
#616 = LINE ( 'NONE', #617, #618 ) ;
#617 = CARTESIAN_POINT ( 'NONE',  ( -9.650000000000000400, -1.500000000000000000, 2.899999999999999900 ) ) ;
#618 = VECTOR ( 'NONE', #619, 1000.000000000000000 ) ;
#619 = DIRECTION ( 'NONE',  ( 1.000000000000000000, -1.694065894508599800E-017, 0.0000000000000000000 ) ) ;
#620 = CARTESIAN_POINT ( 'NONE',  ( 0.5999999999999999800, -3.500000000000000000, 1.450000000000000000 ) ) ;
#621 = LINE ( 'NONE', #622, #623 ) ;
#622 = CARTESIAN_POINT ( 'NONE',  ( 1.030000000000000000, -2.399999999999999900, -0.2000000000000000100 ) ) ;
#623 = VECTOR ( 'NONE', #624, 1000.000000000000000 ) ;
#624 = DIRECTION ( 'NONE',  ( 1.000000000000000000, 0.0000000000000000000, 0.0000000000000000000 ) ) ;
#625 = EDGE_LOOP ( 'NONE', ( #1876, #1695, #154, #1369 ) ) ;
#626 = CARTESIAN_POINT ( 'NONE',  ( -9.129999999999999000, -1.100000000000000100, 0.2000000000000000100 ) ) ;
#627 = CARTESIAN_POINT ( 'NONE',  ( -7.530000000000000200, -1.100000000000000100, 0.2000000000000000100 ) ) ;
#628 = LINE ( 'NONE', #629, #630 ) ;
#629 = CARTESIAN_POINT ( 'NONE',  ( -3.649999999999999900, -1.700000000000000000, -2.899999999999999900 ) ) ;
#630 = VECTOR ( 'NONE', #631, 1000.000000000000000 ) ;
#631 = DIRECTION ( 'NONE',  ( 0.0000000000000000000, 0.0000000000000000000, 1.000000000000000000 ) ) ;
#632 = CARTESIAN_POINT ( 'NONE',  ( 0.7500000000000000000, -1.500000000000000000, 2.899999999999999900 ) ) ;
#633 = LINE ( 'NONE', #634, #635 ) ;
#634 = CARTESIAN_POINT ( 'NONE',  ( -4.599999999999999600, 2.000000000000000000, -1.450000000000000000 ) ) ;
#635 = VECTOR ( 'NONE', #636, 1000.000000000000000 ) ;
#636 = DIRECTION ( 'NONE',  ( 0.0000000000000000000, 1.000000000000000000, 0.0000000000000000000 ) ) ;
#637 = LINE ( 'NONE', #638, #639 ) ;
#638 = CARTESIAN_POINT ( 'NONE',  ( -4.049999999999999800, -1.100000000000000100, 0.2000000000000000100 ) ) ;
#639 = VECTOR ( 'NONE', #640, 1000.000000000000000 ) ;
#640 = DIRECTION ( 'NONE',  ( 0.0000000000000000000, -1.000000000000000000, 0.0000000000000000000 ) ) ;
#641 = LINE ( 'NONE', #647, #648 ) ;
#642 = EDGE_LOOP ( 'NONE', ( #1717, #1735, #1925, #533 ) ) ;
#643 = ORIENTED_EDGE ( 'NONE', *, *, #107, .T. ) ;
#644 = ADVANCED_FACE ( 'NONE', ( #289, #290 ), #291, .T. ) ;
#645 = VERTEX_POINT ( 'NONE', #300 ) ;
#646 = EDGE_CURVE ( 'NONE', #38, #1840, #301, .T. ) ;
#647 = CARTESIAN_POINT ( 'NONE',  ( -5.349999999999999600, -1.500000000000000000, -2.899999999999999900 ) ) ;
#648 = VECTOR ( 'NONE', #649, 1000.000000000000000 ) ;
#649 = DIRECTION ( 'NONE',  ( 0.0000000000000000000, 0.0000000000000000000, 1.000000000000000000 ) ) ;
#650 = CARTESIAN_POINT ( 'NONE',  ( -7.530000000000000200, -2.399999999999999900, 0.2000000000000000100 ) ) ;
#651 = LINE ( 'NONE', #652, #653 ) ;
#652 = CARTESIAN_POINT ( 'NONE',  ( 0.5999999999999999800, -0.5999999999999999800, -1.450000000000000000 ) ) ;
#653 = VECTOR ( 'NONE', #654, 1000.000000000000000 ) ;
#654 = DIRECTION ( 'NONE',  ( 1.121588454295350000E-016, 1.000000000000000000, 0.0000000000000000000 ) ) ;
#655 = CARTESIAN_POINT ( 'NONE',  ( -3.649999999999999900, -1.700000000000000000, 0.2000000000000000100 ) ) ;
#656 = LINE ( 'NONE', #657, #658 ) ;
#657 = CARTESIAN_POINT ( 'NONE',  ( 1.030000000000000000, -1.100000000000000100, 0.2000000000000000100 ) ) ;
#658 = VECTOR ( 'NONE', #659, 1000.000000000000000 ) ;
#659 = DIRECTION ( 'NONE',  ( -1.000000000000000000, -1.355252715606880000E-016, 0.0000000000000000000 ) ) ;
#660 = FACE_OUTER_BOUND ( 'NONE', #1077, .T. ) ;
#661 = PLANE ( 'NONE',  #662 ) ;
#662 = AXIS2_PLACEMENT_3D ( 'NONE', #664, #665, #666 ) ;
#663 = EDGE_CURVE ( 'NONE', #1844, #72, #305, .T. ) ;
#664 = CARTESIAN_POINT ( 'NONE',  ( -1.734723475976804900E-015, -0.5999999999999999800, -1.450000000000000000 ) ) ;
#665 = DIRECTION ( 'NONE',  ( 0.0000000000000000000, 0.0000000000000000000, -1.000000000000000000 ) ) ;
#666 = DIRECTION ( 'NONE',  ( -1.000000000000000000, 0.0000000000000000000, 0.0000000000000000000 ) ) ;
#667 = LINE ( 'NONE', #668, #669 ) ;
#668 = CARTESIAN_POINT ( 'NONE',  ( -9.650000000000000400, -1.100000000000000100, -2.899999999999999900 ) ) ;
#669 = VECTOR ( 'NONE', #670, 1000.000000000000000 ) ;
#670 = DIRECTION ( 'NONE',  ( -1.000000000000000000, 0.0000000000000000000, 0.0000000000000000000 ) ) ;
#671 = CIRCLE ( 'NONE', #672, 1.100000000000000300 ) ;
#672 = AXIS2_PLACEMENT_3D ( 'NONE', #673, #674, #675 ) ;
#673 = CARTESIAN_POINT ( 'NONE',  ( -6.500000000000000000, 0.0000000000000000000, 2.899999999999999900 ) ) ;
#674 = DIRECTION ( 'NONE',  ( 0.0000000000000000000, 0.0000000000000000000, -1.000000000000000000 ) ) ;
#675 = DIRECTION ( 'NONE',  ( -1.000000000000000000, 0.0000000000000000000, 0.0000000000000000000 ) ) ;
#676 = CARTESIAN_POINT ( 'NONE',  ( -0.5999999999999999800, -3.500000000000000000, 1.450000000000000000 ) ) ;
#677 = LINE ( 'NONE', #678, #679 ) ;
#678 = CARTESIAN_POINT ( 'NONE',  ( 1.030000000000000000, -2.399999999999999900, 0.2000000000000000100 ) ) ;
#679 = VECTOR ( 'NONE', #681, 1000.000000000000000 ) ;
#680 = ORIENTED_EDGE ( 'NONE', *, *, #1474, .T. ) ;
#681 = DIRECTION ( 'NONE',  ( 0.0000000000000000000, 0.0000000000000000000, -1.000000000000000000 ) ) ;
#682 = LINE ( 'NONE', #683, #684 ) ;
#683 = CARTESIAN_POINT ( 'NONE',  ( -9.129999999999999000, -2.399999999999999900, -0.2000000000000000100 ) ) ;
#684 = VECTOR ( 'NONE', #685, 1000.000000000000000 ) ;
#685 = DIRECTION ( 'NONE',  ( 1.000000000000000000, 0.0000000000000000000, 0.0000000000000000000 ) ) ;
#686 = CARTESIAN_POINT ( 'NONE',  ( -4.049999999999999800, -2.399999999999999900, 0.2000000000000000100 ) ) ;
#687 = CARTESIAN_POINT ( 'NONE',  ( 0.9499999999999999600, -1.100000000000000100, 2.899999999999999900 ) ) ;
#688 = FACE_OUTER_BOUND ( 'NONE', #1912, .T. ) ;
#689 = PLANE ( 'NONE',  #690 ) ;
#690 = AXIS2_PLACEMENT_3D ( 'NONE', #691, #692, #693 ) ;
#691 = CARTESIAN_POINT ( 'NONE',  ( 3.149999999999999900, 5.000000000000000000, 2.899999999999999900 ) ) ;
#692 = DIRECTION ( 'NONE',  ( -1.000000000000000000, 0.0000000000000000000, 0.0000000000000000000 ) ) ;
#693 = DIRECTION ( 'NONE',  ( 0.0000000000000000000, 0.0000000000000000000, 1.000000000000000000 ) ) ;
#694 = CARTESIAN_POINT ( 'NONE',  ( -6.041742430504420700, 1.000000000000000000, 2.899999999999999900 ) ) ;
#695 = CARTESIAN_POINT ( 'NONE',  ( -6.041742430504420700, -1.000000000000000000, 2.899999999999999900 ) ) ;
#696 = FACE_BOUND ( 'NONE', #1526, .T. ) ;
#697 = EDGE_LOOP ( 'NONE', ( #571, #1842, #1784, #155 ) ) ;
#698 = ORIENTED_EDGE ( 'NONE', *, *, #1826, .T. ) ;
#699 = EDGE_CURVE ( 'NONE', #1693, #108, #309, .T. ) ;
#700 = FACE_OUTER_BOUND ( 'NONE', #1352, .T. ) ;
#701 = PLANE ( 'NONE',  #702 ) ;
#702 = AXIS2_PLACEMENT_3D ( 'NONE', #703, #704, #705 ) ;
#703 = CARTESIAN_POINT ( 'NONE',  ( -4.049999999999999800, -2.399999999999999900, -0.2000000000000000100 ) ) ;
#704 = DIRECTION ( 'NONE',  ( 0.0000000000000000000, 0.0000000000000000000, 1.000000000000000000 ) ) ;
#705 = DIRECTION ( 'NONE',  ( 1.000000000000000000, 0.0000000000000000000, 0.0000000000000000000 ) ) ;
#706 = CARTESIAN_POINT ( 'NONE',  ( -0.5999999999999999800, -0.5999999999999999800, -1.450000000000000000 ) ) ;
#707 = CARTESIAN_POINT ( 'NONE',  ( 0.5999999999999999800, -3.500000000000000000, -1.450000000000000000 ) ) ;
#708 = CARTESIAN_POINT ( 'NONE',  ( -2.449999999999999700, -1.100000000000000100, 0.2000000000000000100 ) ) ;
#709 = CARTESIAN_POINT ( 'NONE',  ( -2.449999999999999700, -2.399999999999999900, 0.2000000000000000100 ) ) ;
#710 = CIRCLE ( 'NONE', #711, 1.100000000000000300 ) ;
#711 = AXIS2_PLACEMENT_3D ( 'NONE', #712, #713, #714 ) ;
#712 = CARTESIAN_POINT ( 'NONE',  ( -6.500000000000000000, 0.0000000000000000000, 2.899999999999999900 ) ) ;
#713 = DIRECTION ( 'NONE',  ( 0.0000000000000000000, 0.0000000000000000000, -1.000000000000000000 ) ) ;
#714 = DIRECTION ( 'NONE',  ( -1.000000000000000000, 0.0000000000000000000, 0.0000000000000000000 ) ) ;
#715 = CIRCLE ( 'NONE', #718, 1.100000000000000300 ) ;
#716 = EDGE_CURVE ( 'NONE', #187, #1789, #318, .T. ) ;
#717 = ORIENTED_EDGE ( 'NONE', *, *, #295, .T. ) ;
#718 = AXIS2_PLACEMENT_3D ( 'NONE', #719, #720, #721 ) ;
#719 = CARTESIAN_POINT ( 'NONE',  ( -6.500000000000000000, 0.0000000000000000000, 2.899999999999999900 ) ) ;
#720 = DIRECTION ( 'NONE',  ( 0.0000000000000000000, 0.0000000000000000000, -1.000000000000000000 ) ) ;
#721 = DIRECTION ( 'NONE',  ( -1.000000000000000000, 0.0000000000000000000, 0.0000000000000000000 ) ) ;
#722 = CARTESIAN_POINT ( 'NONE',  ( -5.799999999999999800, 2.000000000000000000, -1.450000000000000000 ) ) ;
#723 = LINE ( 'NONE', #724, #725 ) ;
#724 = CARTESIAN_POINT ( 'NONE',  ( -1.149999999999999900, -1.500000000000000000, -2.899999999999999900 ) ) ;
#725 = VECTOR ( 'NONE', #726, 1000.000000000000000 ) ;
#726 = DIRECTION ( 'NONE',  ( 0.0000000000000000000, 0.0000000000000000000, 1.000000000000000000 ) ) ;
#727 = LINE ( 'NONE', #728, #729 ) ;
#728 = CARTESIAN_POINT ( 'NONE',  ( 1.030000000000000000, -1.100000000000000100, -0.2000000000000000100 ) ) ;
#729 = VECTOR ( 'NONE', #730, 1000.000000000000000 ) ;
#730 = DIRECTION ( 'NONE',  ( 0.0000000000000000000, -1.000000000000000000, 0.0000000000000000000 ) ) ;
#731 = CARTESIAN_POINT ( 'NONE',  ( -6.958257569495580200, 1.000000000000000000, 2.899999999999999900 ) ) ;
#732 = CARTESIAN_POINT ( 'NONE',  ( -2.449999999999999700, -1.100000000000000100, -0.2000000000000000100 ) ) ;
#733 = LINE ( 'NONE', #736, #737 ) ;
#734 = EDGE_CURVE ( 'NONE', #296, #145, #323, .T. ) ;
#735 = EDGE_CURVE ( 'NONE', #1764, #1655, #327, .T. ) ;
#736 = CARTESIAN_POINT ( 'NONE',  ( -5.799999999999999800, 2.000000000000000000, -1.450000000000000000 ) ) ;
#737 = VECTOR ( 'NONE', #738, 1000.000000000000000 ) ;
#738 = DIRECTION ( 'NONE',  ( -1.000000000000000000, 0.0000000000000000000, 1.807003620809174900E-016 ) ) ;
#739 = CARTESIAN_POINT ( 'NONE',  ( -6.041742430504420700, 1.000000000000000000, -2.899999999999999900 ) ) ;
#740 = LINE ( 'NONE', #741, #742 ) ;
#741 = CARTESIAN_POINT ( 'NONE',  ( -6.041742430504420700, 1.000000000000000000, 2.899999999999999900 ) ) ;
#742 = VECTOR ( 'NONE', #743, 1000.000000000000000 ) ;
#743 = DIRECTION ( 'NONE',  ( 0.0000000000000000000, 0.0000000000000000000, -1.000000000000000000 ) ) ;
#744 = FACE_OUTER_BOUND ( 'NONE', #1687, .T. ) ;
#745 = PLANE ( 'NONE',  #746 ) ;
#746 = AXIS2_PLACEMENT_3D ( 'NONE', #747, #748, #749 ) ;
#747 = CARTESIAN_POINT ( 'NONE',  ( -4.049999999999999800, -2.399999999999999900, 0.2000000000000000100 ) ) ;
#748 = DIRECTION ( 'NONE',  ( 0.0000000000000000000, 1.000000000000000000, 0.0000000000000000000 ) ) ;
#749 = DIRECTION ( 'NONE',  ( 0.0000000000000000000, 0.0000000000000000000, 1.000000000000000000 ) ) ;
#750 = FACE_OUTER_BOUND ( 'NONE', #1720, .T. ) ;
#751 = PLANE ( 'NONE',  #758 ) ;
#752 = ORIENTED_EDGE ( 'NONE', *, *, #110, .T. ) ;
#753 = VERTEX_POINT ( 'NONE', #337 ) ;
#754 = ORIENTED_EDGE ( 'NONE', *, *, #1201, .T. ) ;
#755 = EDGE_CURVE ( 'NONE', #38, #1439, #338, .T. ) ;
#756 = EDGE_LOOP ( 'NONE', ( #1819, #1763, #1315, #1836 ) ) ;
#757 = EDGE_CURVE ( 'NONE', #1691, #1898, #342, .T. ) ;
#758 = AXIS2_PLACEMENT_3D ( 'NONE', #759, #760, #761 ) ;
#759 = CARTESIAN_POINT ( 'NONE',  ( 1.030000000000000000, -2.399999999999999900, 0.2000000000000000100 ) ) ;
#760 = DIRECTION ( 'NONE',  ( 0.0000000000000000000, 1.000000000000000000, 0.0000000000000000000 ) ) ;
#761 = DIRECTION ( 'NONE',  ( 0.0000000000000000000, 0.0000000000000000000, 1.000000000000000000 ) ) ;
#762 = CARTESIAN_POINT ( 'NONE',  ( -7.530000000000000200, -2.399999999999999900, -0.2000000000000000100 ) ) ;
#763 = LINE ( 'NONE', #764, #765 ) ;
#764 = CARTESIAN_POINT ( 'NONE',  ( -9.650000000000000400, 5.000000000000000000, -2.899999999999999900 ) ) ;
#765 = VECTOR ( 'NONE', #766, 1000.000000000000000 ) ;
#766 = DIRECTION ( 'NONE',  ( -1.000000000000000000, 0.0000000000000000000, 0.0000000000000000000 ) ) ;
#767 = CARTESIAN_POINT ( 'NONE',  ( -5.349999999999999600, -1.500000000000000000, -2.899999999999999900 ) ) ;
#768 = CARTESIAN_POINT ( 'NONE',  ( 1.430000000000000200, -1.700000000000000000, -0.2000000000000000100 ) ) ;
#769 = LINE ( 'NONE', #770, #771 ) ;
#770 = CARTESIAN_POINT ( 'NONE',  ( -0.5999999999999999800, -3.500000000000000000, 1.450000000000000000 ) ) ;
#771 = VECTOR ( 'NONE', #772, 1000.000000000000000 ) ;
#772 = DIRECTION ( 'NONE',  ( 0.0000000000000000000, 0.0000000000000000000, -1.000000000000000000 ) ) ;
#773 = CARTESIAN_POINT ( 'NONE',  ( -4.049999999999999800, -1.100000000000000100, -0.2000000000000000100 ) ) ;
#774 = LINE ( 'NONE', #775, #776 ) ;
#775 = CARTESIAN_POINT ( 'NONE',  ( -5.150000000000000400, -1.100000000000000100, 2.899999999999999900 ) ) ;
#776 = VECTOR ( 'NONE', #777, 1000.000000000000000 ) ;
#777 = DIRECTION ( 'NONE',  ( -1.000000000000000000, 0.0000000000000000000, 0.0000000000000000000 ) ) ;
#778 = CARTESIAN_POINT ( 'NONE',  ( -5.150000000000000400, -1.100000000000000100, -2.899999999999999900 ) ) ;
#779 = LINE ( 'NONE', #780, #781 ) ;
#780 = CARTESIAN_POINT ( 'NONE',  ( -5.349999999999999600, -1.500000000000000000, 2.899999999999999900 ) ) ;
#781 = VECTOR ( 'NONE', #782, 1000.000000000000000 ) ;
#782 = DIRECTION ( 'NONE',  ( -0.4472135954999575400, -0.8944271909999160800, 0.0000000000000000000 ) ) ;
#783 = LINE ( 'NONE', #784, #785 ) ;
#784 = CARTESIAN_POINT ( 'NONE',  ( -5.799999999999999800, 5.000000000000000000, -1.450000000000000000 ) ) ;
#785 = VECTOR ( 'NONE', #786, 1000.000000000000000 ) ;
#786 = DIRECTION ( 'NONE',  ( 0.0000000000000000000, 0.0000000000000000000, 1.000000000000000000 ) ) ;
#787 = LINE ( 'NONE', #788, #789 ) ;
#788 = CARTESIAN_POINT ( 'NONE',  ( -4.599999999999999600, 2.000000000000000000, -1.450000000000000000 ) ) ;
#789 = VECTOR ( 'NONE', #795, 1000.000000000000000 ) ;
#790 = ORIENTED_EDGE ( 'NONE', *, *, #1722, .T. ) ;
#791 = EDGE_CURVE ( 'NONE', #1855, #1527, #356, .T. ) ;
#792 = ADVANCED_FACE ( 'NONE', ( #360 ), #361, .F. ) ;
#793 = EDGE_LOOP ( 'NONE', ( #162, #1371, #1808, #1921 ) ) ;
#794 = ORIENTED_EDGE ( 'NONE', *, *, #716, .F. ) ;
#795 = DIRECTION ( 'NONE',  ( 0.0000000000000000000, 0.0000000000000000000, -1.000000000000000000 ) ) ;
#796 = CARTESIAN_POINT ( 'NONE',  ( -7.250000000000000000, -1.500000000000000000, 2.899999999999999900 ) ) ;
#797 = LINE ( 'NONE', #798, #799 ) ;
#798 = CARTESIAN_POINT ( 'NONE',  ( -0.5999999999999999800, -3.500000000000000000, -1.450000000000000000 ) ) ;
#799 = VECTOR ( 'NONE', #800, 1000.000000000000000 ) ;
#800 = DIRECTION ( 'NONE',  ( 1.000000000000000000, 0.0000000000000000000, 0.0000000000000000000 ) ) ;
#801 = LINE ( 'NONE', #802, #803 ) ;
#802 = CARTESIAN_POINT ( 'NONE',  ( 1.000000000000000000, 1.224606353822377300E-016, 2.899999999999999900 ) ) ;
#803 = VECTOR ( 'NONE', #804, 1000.000000000000000 ) ;
#804 = DIRECTION ( 'NONE',  ( 0.0000000000000000000, 0.0000000000000000000, -1.000000000000000000 ) ) ;
#805 = CIRCLE ( 'NONE', #806, 0.4000000000000001900 ) ;
#806 = AXIS2_PLACEMENT_3D ( 'NONE', #807, #808, #809 ) ;
#807 = CARTESIAN_POINT ( 'NONE',  ( -3.250000000000000000, -1.700000000000000000, 0.2000000000000000100 ) ) ;
#808 = DIRECTION ( 'NONE',  ( 0.0000000000000000000, 0.0000000000000000000, 1.000000000000000000 ) ) ;
#809 = DIRECTION ( 'NONE',  ( 1.000000000000000000, 0.0000000000000000000, 0.0000000000000000000 ) ) ;
#810 = FACE_OUTER_BOUND ( 'NONE', #114, .T. ) ;
#811 = VERTEX_POINT ( 'NONE', #367 ) ;
#812 = ORIENTED_EDGE ( 'NONE', *, *, #1205, .F. ) ;
#813 = CYLINDRICAL_SURFACE ( 'NONE', #814, 0.4000000000000001900 ) ;
#814 = AXIS2_PLACEMENT_3D ( 'NONE', #815, #816, #817 ) ;
#815 = CARTESIAN_POINT ( 'NONE',  ( -3.250000000000000000, -1.700000000000000000, -2.899999999999999900 ) ) ;
#816 = DIRECTION ( 'NONE',  ( 0.0000000000000000000, 0.0000000000000000000, 1.000000000000000000 ) ) ;
#817 = DIRECTION ( 'NONE',  ( 1.000000000000000000, 0.0000000000000000000, 0.0000000000000000000 ) ) ;
#818 = LINE ( 'NONE', #819, #820 ) ;
#819 = CARTESIAN_POINT ( 'NONE',  ( -9.129999999999999000, -1.100000000000000100, -0.2000000000000000100 ) ) ;
#820 = VECTOR ( 'NONE', #821, 1000.000000000000000 ) ;
#821 = DIRECTION ( 'NONE',  ( -1.000000000000000000, -1.355252715606880000E-016, 0.0000000000000000000 ) ) ;
#822 = CIRCLE ( 'NONE', #823, 1.000000000000000000 ) ;
#823 = AXIS2_PLACEMENT_3D ( 'NONE', #824, #825, #826 ) ;
#824 = CARTESIAN_POINT ( 'NONE',  ( 0.0000000000000000000, 0.0000000000000000000, 2.899999999999999900 ) ) ;
#825 = DIRECTION ( 'NONE',  ( 0.0000000000000000000, 0.0000000000000000000, -1.000000000000000000 ) ) ;
#826 = DIRECTION ( 'NONE',  ( -1.000000000000000000, 0.0000000000000000000, 0.0000000000000000000 ) ) ;
#827 = CARTESIAN_POINT ( 'NONE',  ( -7.930000000000001500, -1.700000000000000000, -0.2000000000000000100 ) ) ;
#828 = CARTESIAN_POINT ( 'NONE',  ( -4.049999999999999800, -1.100000000000000100, 0.2000000000000000100 ) ) ;
#829 = ORIENTED_EDGE ( 'NONE', *, *, #1690, .T. ) ;
#830 = EDGE_LOOP ( 'NONE', ( #752, #1767, #1712, #1914 ) ) ;
#831 = FACE_OUTER_BOUND ( 'NONE', #1828, .T. ) ;
#832 = CYLINDRICAL_SURFACE ( 'NONE', #833, 0.3999999999999993000 ) ;
#833 = AXIS2_PLACEMENT_3D ( 'NONE', #834, #835, #836 ) ;
#834 = CARTESIAN_POINT ( 'NONE',  ( -8.330000000000000100, -1.700000000000000000, -2.899999999999999900 ) ) ;
#835 = DIRECTION ( 'NONE',  ( 0.0000000000000000000, 0.0000000000000000000, 1.000000000000000000 ) ) ;
#836 = DIRECTION ( 'NONE',  ( 1.000000000000000000, 0.0000000000000000000, 0.0000000000000000000 ) ) ;
#837 = FACE_BOUND ( 'NONE', #105, .T. ) ;
#838 = FACE_OUTER_BOUND ( 'NONE', #968, .T. ) ;
#839 = PLANE ( 'NONE',  #840 ) ;
#840 = AXIS2_PLACEMENT_3D ( 'NONE', #841, #842, #843 ) ;
#841 = CARTESIAN_POINT ( 'NONE',  ( -4.049999999999999800, -2.399999999999999900, 0.2000000000000000100 ) ) ;
#842 = DIRECTION ( 'NONE',  ( 0.0000000000000000000, 0.0000000000000000000, 1.000000000000000000 ) ) ;
#843 = DIRECTION ( 'NONE',  ( 1.000000000000000000, 0.0000000000000000000, 0.0000000000000000000 ) ) ;
#844 = LINE ( 'NONE', #845, #846 ) ;
#845 = CARTESIAN_POINT ( 'NONE',  ( 0.9499999999999999600, -1.100000000000000100, -2.899999999999999900 ) ) ;
#846 = VECTOR ( 'NONE', #849, 1000.000000000000000 ) ;
#847 = EDGE_CURVE ( 'NONE', #1920, #28, #372, .T. ) ;
#848 = ORIENTED_EDGE ( 'NONE', *, *, #1205, .T. ) ;
#849 = DIRECTION ( 'NONE',  ( -0.4472135954999579300, -0.8944271909999158600, 0.0000000000000000000 ) ) ;
#850 = CARTESIAN_POINT ( 'NONE',  ( 0.5999999999999999800, -0.5999999999999999800, 1.450000000000000000 ) ) ;
#851 = FACE_OUTER_BOUND ( 'NONE', #1853, .T. ) ;
#852 = PLANE ( 'NONE',  #853 ) ;
#853 = AXIS2_PLACEMENT_3D ( 'NONE', #854, #855, #856 ) ;
#854 = CARTESIAN_POINT ( 'NONE',  ( -2.449999999999999700, -1.100000000000000100, 0.2000000000000000100 ) ) ;
#855 = DIRECTION ( 'NONE',  ( -1.000000000000000000, -6.672013369141570100E-016, 0.0000000000000000000 ) ) ;
#856 = DIRECTION ( 'NONE',  ( 6.672013369141570100E-016, -1.000000000000000000, 0.0000000000000000000 ) ) ;
#857 = CARTESIAN_POINT ( 'NONE',  ( 3.150000000000105200, -1.100000000000000100, 2.899999999999999900 ) ) ;
#858 = LINE ( 'NONE', #859, #860 ) ;
#859 = CARTESIAN_POINT ( 'NONE',  ( -1.350000000000000100, -1.100000000000000100, 2.899999999999999900 ) ) ;
#860 = VECTOR ( 'NONE', #861, 1000.000000000000000 ) ;
#861 = DIRECTION ( 'NONE',  ( -0.4472135954999579300, 0.8944271909999158600, 0.0000000000000000000 ) ) ;
#862 = CARTESIAN_POINT ( 'NONE',  ( -9.650000000000000400, 5.000000000000000000, 2.899999999999999900 ) ) ;
#863 = CARTESIAN_POINT ( 'NONE',  ( -7.530000000000000200, -1.100000000000000100, -0.2000000000000000100 ) ) ;
#864 = CIRCLE ( 'NONE', #867, 0.4000000000000001900 ) ;
#865 = EDGE_CURVE ( 'NONE', #1701, #187, #378, .T. ) ;
#866 = ORIENTED_EDGE ( 'NONE', *, *, #65, .F. ) ;
#867 = AXIS2_PLACEMENT_3D ( 'NONE', #868, #869, #870 ) ;
#868 = CARTESIAN_POINT ( 'NONE',  ( -3.250000000000000000, -1.700000000000000000, -0.2000000000000000100 ) ) ;
#869 = DIRECTION ( 'NONE',  ( 0.0000000000000000000, 0.0000000000000000000, 1.000000000000000000 ) ) ;
#870 = DIRECTION ( 'NONE',  ( 1.000000000000000000, 0.0000000000000000000, 0.0000000000000000000 ) ) ;
#871 = LINE ( 'NONE', #872, #873 ) ;
#872 = CARTESIAN_POINT ( 'NONE',  ( -2.449999999999999700, -2.399999999999999900, 0.2000000000000000100 ) ) ;
#873 = VECTOR ( 'NONE', #874, 1000.000000000000000 ) ;
#874 = DIRECTION ( 'NONE',  ( 0.0000000000000000000, 0.0000000000000000000, -1.000000000000000000 ) ) ;
#875 = FACE_OUTER_BOUND ( 'NONE', #904, .T. ) ;
#876 = PLANE ( 'NONE',  #877 ) ;
#877 = AXIS2_PLACEMENT_3D ( 'NONE', #878, #879, #880 ) ;
#878 = CARTESIAN_POINT ( 'NONE',  ( -9.129999999999999000, -1.100000000000000100, 0.2000000000000000100 ) ) ;
#879 = DIRECTION ( 'NONE',  ( 1.000000000000000000, 0.0000000000000000000, 0.0000000000000000000 ) ) ;
#880 = DIRECTION ( 'NONE',  ( 0.0000000000000000000, 0.0000000000000000000, -1.000000000000000000 ) ) ;
#881 = CARTESIAN_POINT ( 'NONE',  ( -1.000000000000000000, 0.0000000000000000000, -2.899999999999999900 ) ) ;
#882 = CARTESIAN_POINT ( 'NONE',  ( 0.5999999999999999800, -0.5999999999999999800, -1.450000000000000000 ) ) ;
#883 = ADVANCED_FACE ( 'NONE', ( #389 ), #390, .F. ) ;
#884 = FACE_BOUND ( 'NONE', #988, .T. ) ;
#885 = FACE_OUTER_BOUND ( 'NONE', #165, .T. ) ;
#886 = PLANE ( 'NONE',  #887 ) ;
#887 = AXIS2_PLACEMENT_3D ( 'NONE', #888, #889, #890 ) ;
#888 = CARTESIAN_POINT ( 'NONE',  ( -9.129999999999999000, -2.399999999999999900, 0.2000000000000000100 ) ) ;
#889 = DIRECTION ( 'NONE',  ( 0.0000000000000000000, 0.0000000000000000000, 1.000000000000000000 ) ) ;
#890 = DIRECTION ( 'NONE',  ( 1.000000000000000000, 0.0000000000000000000, 0.0000000000000000000 ) ) ;
#891 = CARTESIAN_POINT ( 'NONE',  ( -7.599999999999999600, 0.0000000000000000000, 2.899999999999999900 ) ) ;
#892 = CIRCLE ( 'NONE', #893, 0.4000000000000001900 ) ;
#893 = AXIS2_PLACEMENT_3D ( 'NONE', #894, #895, #896 ) ;
#894 = CARTESIAN_POINT ( 'NONE',  ( 1.830000000000000100, -1.700000000000000000, 0.2000000000000000100 ) ) ;
#895 = DIRECTION ( 'NONE',  ( 0.0000000000000000000, 0.0000000000000000000, 1.000000000000000000 ) ) ;
#896 = DIRECTION ( 'NONE',  ( 1.000000000000000000, 0.0000000000000000000, 0.0000000000000000000 ) ) ;
#897 = FACE_BOUND ( 'NONE', #1886, .T. ) ;
#898 = FACE_OUTER_BOUND ( 'NONE', #1692, .T. ) ;
#899 = PLANE ( 'NONE',  #905 ) ;
#900 = EDGE_LOOP ( 'NONE', ( #573, #45, #294, #23 ) ) ;
#901 = ORIENTED_EDGE ( 'NONE', *, *, #1545, .F. ) ;
#902 = ORIENTED_EDGE ( 'NONE', *, *, #153, .T. ) ;
#903 = ORIENTED_EDGE ( 'NONE', *, *, #103, .T. ) ;
#904 = EDGE_LOOP ( 'NONE', ( #1923, #17, #1831, #1915 ) ) ;
#905 = AXIS2_PLACEMENT_3D ( 'NONE', #906, #907, #908 ) ;
#906 = CARTESIAN_POINT ( 'NONE',  ( -9.650000000000000400, -1.100000000000000100, -2.899999999999999900 ) ) ;
#907 = DIRECTION ( 'NONE',  ( 0.0000000000000000000, 1.000000000000000000, 0.0000000000000000000 ) ) ;
#908 = DIRECTION ( 'NONE',  ( 0.0000000000000000000, 0.0000000000000000000, 1.000000000000000000 ) ) ;
#909 = LINE ( 'NONE', #910, #911 ) ;
#910 = CARTESIAN_POINT ( 'NONE',  ( -0.5999999999999999800, -0.5999999999999999800, 1.450000000000000000 ) ) ;
#911 = VECTOR ( 'NONE', #912, 1000.000000000000000 ) ;
#912 = DIRECTION ( 'NONE',  ( 1.458064990583954000E-015, -1.000000000000000000, 0.0000000000000000000 ) ) ;
#913 = FACE_OUTER_BOUND ( 'NONE', #1845, .T. ) ;
#914 = PLANE ( 'NONE',  #915 ) ;
#915 = AXIS2_PLACEMENT_3D ( 'NONE', #916, #917, #918 ) ;
#916 = CARTESIAN_POINT ( 'NONE',  ( -5.799999999999999800, 2.000000000000000000, 1.450000000000000000 ) ) ;
#917 = DIRECTION ( 'NONE',  ( 0.0000000000000000000, 1.000000000000000000, 0.0000000000000000000 ) ) ;
#918 = DIRECTION ( 'NONE',  ( 0.0000000000000000000, 0.0000000000000000000, 1.000000000000000000 ) ) ;
#919 = LINE ( 'NONE', #920, #925 ) ;
#920 = CARTESIAN_POINT ( 'NONE',  ( -4.049999999999999800, -1.100000000000000100, -0.2000000000000000100 ) ) ;
#921 = ORIENTED_EDGE ( 'NONE', *, *, #276, .F. ) ;
#922 = ORIENTED_EDGE ( 'NONE', *, *, #1296, .F. ) ;
#923 = VERTEX_POINT ( 'NONE', #399 ) ;
#924 = ORIENTED_EDGE ( 'NONE', *, *, #14, .F. ) ;
#925 = VECTOR ( 'NONE', #926, 1000.000000000000000 ) ;
#926 = DIRECTION ( 'NONE',  ( -1.000000000000000000, -1.355252715606880000E-016, 0.0000000000000000000 ) ) ;
#927 = FACE_OUTER_BOUND ( 'NONE', #334, .T. ) ;
#928 = PLANE ( 'NONE',  #929 ) ;
#929 = AXIS2_PLACEMENT_3D ( 'NONE', #930, #931, #932 ) ;
#930 = CARTESIAN_POINT ( 'NONE',  ( -5.349999999999999600, -1.500000000000000000, -2.899999999999999900 ) ) ;
#931 = DIRECTION ( 'NONE',  ( -0.8944271909999160800, 0.4472135954999575400, 0.0000000000000000000 ) ) ;
#932 = DIRECTION ( 'NONE',  ( -0.4472135954999575400, -0.8944271909999160800, 0.0000000000000000000 ) ) ;
#933 = CARTESIAN_POINT ( 'NONE',  ( 3.150000000000105200, -1.100000000000000100, -2.899999999999999900 ) ) ;
#934 = LINE ( 'NONE', #935, #936 ) ;
#935 = CARTESIAN_POINT ( 'NONE',  ( -9.650000000000000400, 5.000000000000000000, 2.899999999999999900 ) ) ;
#936 = VECTOR ( 'NONE', #937, 1000.000000000000000 ) ;
#937 = DIRECTION ( 'NONE',  ( -1.000000000000000000, 0.0000000000000000000, 0.0000000000000000000 ) ) ;
#938 = CARTESIAN_POINT ( 'NONE',  ( -5.799999999999999800, 2.000000000000000000, 1.450000000000000000 ) ) ;
#939 = LINE ( 'NONE', #940, #949 ) ;
#940 = CARTESIAN_POINT ( 'NONE',  ( -0.5999999999999999800, -0.5999999999999999800, 1.450000000000000000 ) ) ;
#941 = ORIENTED_EDGE ( 'NONE', *, *, #22, .F. ) ;
#942 = ORIENTED_EDGE ( 'NONE', *, *, #99, .T. ) ;
#943 = ADVANCED_FACE ( 'NONE', ( #400 ), #401, .F. ) ;
#944 = ORIENTED_EDGE ( 'NONE', *, *, #1775, .T. ) ;
#945 = ADVANCED_FACE ( 'NONE', ( #415 ), #416, .F. ) ;
#946 = ORIENTED_EDGE ( 'NONE', *, *, #865, .F. ) ;
#947 = EDGE_CURVE ( 'NONE', #156, #1834, #422, .T. ) ;
#948 = ORIENTED_EDGE ( 'NONE', *, *, #1843, .T. ) ;
#949 = VECTOR ( 'NONE', #950, 1000.000000000000000 ) ;
#950 = DIRECTION ( 'NONE',  ( 0.0000000000000000000, 0.0000000000000000000, -1.000000000000000000 ) ) ;
#951 = LINE ( 'NONE', #952, #953 ) ;
#952 = CARTESIAN_POINT ( 'NONE',  ( -4.049999999999999800, -2.399999999999999900, 0.2000000000000000100 ) ) ;
#953 = VECTOR ( 'NONE', #954, 1000.000000000000000 ) ;
#954 = DIRECTION ( 'NONE',  ( 0.0000000000000000000, 0.0000000000000000000, -1.000000000000000000 ) ) ;
#955 = FACE_OUTER_BOUND ( 'NONE', #1815, .T. ) ;
#956 = PLANE ( 'NONE',  #957 ) ;
#957 = AXIS2_PLACEMENT_3D ( 'NONE', #958, #959, #960 ) ;
#958 = CARTESIAN_POINT ( 'NONE',  ( -5.799999999999999800, 2.000000000000000000, -1.450000000000000000 ) ) ;
#959 = DIRECTION ( 'NONE',  ( -1.807003620809174900E-016, 0.0000000000000000000, -1.000000000000000000 ) ) ;
#960 = DIRECTION ( 'NONE',  ( -1.000000000000000000, 0.0000000000000000000, 1.807003620809174900E-016 ) ) ;
#961 = CARTESIAN_POINT ( 'NONE',  ( -6.958257569495580200, -1.000000000000000000, 2.899999999999999900 ) ) ;
#962 = LINE ( 'NONE', #963, #964 ) ;
#963 = CARTESIAN_POINT ( 'NONE',  ( -6.041742430504420700, 1.000000000000000000, 2.899999999999999900 ) ) ;
#964 = VECTOR ( 'NONE', #970, 1000.000000000000000 ) ;
#965 = EDGE_CURVE ( 'NONE', #1862, #72, #430, .T. ) ;
#966 = EDGE_CURVE ( 'NONE', #40, #28, #435, .T. ) ;
#967 = ORIENTED_EDGE ( 'NONE', *, *, #1725, .T. ) ;
#968 = EDGE_LOOP ( 'NONE', ( #1721, #1713, #1715, #1241 ) ) ;
#969 = EDGE_CURVE ( 'NONE', #1805, #1746, #446, .T. ) ;
#970 = DIRECTION ( 'NONE',  ( 1.000000000000000000, 0.0000000000000000000, 0.0000000000000000000 ) ) ;
#971 = FACE_OUTER_BOUND ( 'NONE', #47, .T. ) ;
#972 = PLANE ( 'NONE',  #973 ) ;
#973 = AXIS2_PLACEMENT_3D ( 'NONE', #974, #975, #976 ) ;
#974 = CARTESIAN_POINT ( 'NONE',  ( -6.041742430504420700, 1.000000000000000000, 2.899999999999999900 ) ) ;
#975 = DIRECTION ( 'NONE',  ( 0.0000000000000000000, 1.000000000000000000, 0.0000000000000000000 ) ) ;
#976 = DIRECTION ( 'NONE',  ( 0.0000000000000000000, 0.0000000000000000000, 1.000000000000000000 ) ) ;
#977 = LINE ( 'NONE', #978, #979 ) ;
#978 = CARTESIAN_POINT ( 'NONE',  ( -7.450000000000000200, -1.100000000000000100, -2.899999999999999900 ) ) ;
#979 = VECTOR ( 'NONE', #980, 1000.000000000000000 ) ;
#980 = DIRECTION ( 'NONE',  ( -0.4472135954999575400, 0.8944271909999160800, 0.0000000000000000000 ) ) ;
#981 = FACE_OUTER_BOUND ( 'NONE', #1768, .T. ) ;
#982 = PLANE ( 'NONE',  #983 ) ;
#983 = AXIS2_PLACEMENT_3D ( 'NONE', #984, #985, #990 ) ;
#984 = CARTESIAN_POINT ( 'NONE',  ( -0.5999999999999999800, -0.5999999999999999800, 1.450000000000000000 ) ) ;
#985 = DIRECTION ( 'NONE',  ( 1.000000000000000000, 1.458064990583954000E-015, 0.0000000000000000000 ) ) ;
#986 = ORIENTED_EDGE ( 'NONE', *, *, #8, .T. ) ;
#987 = VERTEX_POINT ( 'NONE', #454 ) ;
#988 = EDGE_LOOP ( 'NONE', ( #16, #812 ) ) ;
#989 = VERTEX_POINT ( 'NONE', #455 ) ;
#990 = DIRECTION ( 'NONE',  ( -1.458064990583954000E-015, 1.000000000000000000, 0.0000000000000000000 ) ) ;
#991 = LINE ( 'NONE', #992, #993 ) ;
#992 = CARTESIAN_POINT ( 'NONE',  ( -9.650000000000000400, -1.500000000000000000, 2.899999999999999900 ) ) ;
#993 = VECTOR ( 'NONE', #994, 1000.000000000000000 ) ;
#994 = DIRECTION ( 'NONE',  ( 1.000000000000000000, -1.694065894508599800E-017, 0.0000000000000000000 ) ) ;
#995 = FACE_OUTER_BOUND ( 'NONE', #3, .T. ) ;
#996 = FACE_BOUND ( 'NONE', #37, .T. ) ;
#997 = FACE_BOUND ( 'NONE', #1316, .T. ) ;
#998 = PLANE ( 'NONE',  #999 ) ;
#999 = AXIS2_PLACEMENT_3D ( 'NONE', #1000, #1001, #1002 ) ;
#1000 = CARTESIAN_POINT ( 'NONE',  ( -9.650000000000000400, 5.000000000000000000, 2.899999999999999900 ) ) ;
#1001 = DIRECTION ( 'NONE',  ( 0.0000000000000000000, 0.0000000000000000000, 1.000000000000000000 ) ) ;
#1002 = DIRECTION ( 'NONE',  ( 1.000000000000000000, 0.0000000000000000000, 0.0000000000000000000 ) ) ;
#1003 = LINE ( 'NONE', #1004, #1005 ) ;
#1004 = CARTESIAN_POINT ( 'NONE',  ( -9.129999999999999000, -1.100000000000000100, -0.2000000000000000100 ) ) ;
#1005 = VECTOR ( 'NONE', #1007, 1000.000000000000000 ) ;
#1006 = ORIENTED_EDGE ( 'NONE', *, *, #1545, .T. ) ;
#1007 = DIRECTION ( 'NONE',  ( 0.0000000000000000000, -1.000000000000000000, 0.0000000000000000000 ) ) ;
#1008 = CARTESIAN_POINT ( 'NONE',  ( 0.7500000000000000000, -1.500000000000000000, -2.899999999999999900 ) ) ;
#1009 = LINE ( 'NONE', #1010, #1011 ) ;
#1010 = CARTESIAN_POINT ( 'NONE',  ( -4.599999999999999600, 5.000000000000000000, -1.450000000000000000 ) ) ;
#1011 = VECTOR ( 'NONE', #1012, 1000.000000000000000 ) ;
#1012 = DIRECTION ( 'NONE',  ( 0.0000000000000000000, 0.0000000000000000000, -1.000000000000000000 ) ) ;
#1013 = FACE_OUTER_BOUND ( 'NONE', #793, .T. ) ;
#1014 = PLANE ( 'NONE',  #1015 ) ;
#1015 = AXIS2_PLACEMENT_3D ( 'NONE', #1016, #1017, #1018 ) ;
#1016 = CARTESIAN_POINT ( 'NONE',  ( -7.530000000000000200, -1.100000000000000100, 0.2000000000000000100 ) ) ;
#1017 = DIRECTION ( 'NONE',  ( -1.000000000000000000, -6.672013369141570100E-016, 0.0000000000000000000 ) ) ;
#1018 = DIRECTION ( 'NONE',  ( 6.672013369141570100E-016, -1.000000000000000000, 0.0000000000000000000 ) ) ;
#1019 = LINE ( 'NONE', #1020, #1021 ) ;
#1020 = CARTESIAN_POINT ( 'NONE',  ( -8.730000000000000400, -1.700000000000000000, -2.899999999999999900 ) ) ;
#1021 = VECTOR ( 'NONE', #1022, 1000.000000000000000 ) ;
#1022 = DIRECTION ( 'NONE',  ( 0.0000000000000000000, 0.0000000000000000000, 1.000000000000000000 ) ) ;
#1023 = ORIENTED_EDGE ( 'NONE', *, *, #46, .F. ) ;
#1024 = EDGE_CURVE ( 'NONE', #1796, #1148, #467, .T. ) ;
#1025 = ORIENTED_EDGE ( 'NONE', *, *, #966, .F. ) ;
#1026 = FACE_OUTER_BOUND ( 'NONE', #1314, .T. ) ;
#1027 = CYLINDRICAL_SURFACE ( 'NONE', #1028, 0.4000000000000001900 ) ;
#1028 = AXIS2_PLACEMENT_3D ( 'NONE', #1029, #1030, #1031 ) ;
#1029 = CARTESIAN_POINT ( 'NONE',  ( -3.250000000000000000, -1.700000000000000000, -2.899999999999999900 ) ) ;
#1030 = DIRECTION ( 'NONE',  ( 0.0000000000000000000, 0.0000000000000000000, 1.000000000000000000 ) ) ;
#1031 = DIRECTION ( 'NONE',  ( 1.000000000000000000, 0.0000000000000000000, 0.0000000000000000000 ) ) ;
#1032 = LINE ( 'NONE', #1033, #1034 ) ;
#1033 = CARTESIAN_POINT ( 'NONE',  ( 1.430000000000000200, -1.700000000000000000, -2.899999999999999900 ) ) ;
#1034 = VECTOR ( 'NONE', #1035, 1000.000000000000000 ) ;
#1035 = DIRECTION ( 'NONE',  ( 0.0000000000000000000, 0.0000000000000000000, 1.000000000000000000 ) ) ;
#1036 = CIRCLE ( 'NONE', #1037, 0.3999999999999993000 ) ;
#1037 = AXIS2_PLACEMENT_3D ( 'NONE', #1038, #1039, #1040 ) ;
#1038 = CARTESIAN_POINT ( 'NONE',  ( -8.330000000000000100, -1.700000000000000000, -0.2000000000000000100 ) ) ;
#1039 = DIRECTION ( 'NONE',  ( 0.0000000000000000000, 0.0000000000000000000, 1.000000000000000000 ) ) ;
#1040 = DIRECTION ( 'NONE',  ( 1.000000000000000000, 0.0000000000000000000, 0.0000000000000000000 ) ) ;
#1041 = LINE ( 'NONE', #1043, #1044 ) ;
#1042 = EDGE_LOOP ( 'NONE', ( #1797, #1743, #87, #166 ) ) ;
#1043 = CARTESIAN_POINT ( 'NONE',  ( -1.350000000000000100, -1.100000000000000100, -2.899999999999999900 ) ) ;
#1044 = VECTOR ( 'NONE', #1045, 1000.000000000000000 ) ;
#1045 = DIRECTION ( 'NONE',  ( -0.4472135954999579300, 0.8944271909999158600, 0.0000000000000000000 ) ) ;
#1046 = CARTESIAN_POINT ( 'NONE',  ( 2.629999999999999900, -1.100000000000000100, 0.2000000000000000100 ) ) ;
#1047 = CARTESIAN_POINT ( 'NONE',  ( -7.930000000000001500, -1.700000000000000000, 0.2000000000000000100 ) ) ;
#1048 = LINE ( 'NONE', #1049, #1050 ) ;
#1049 = CARTESIAN_POINT ( 'NONE',  ( -6.041742430504420700, -1.000000000000000000, -2.899999999999999900 ) ) ;
#1050 = VECTOR ( 'NONE', #1051, 1000.000000000000000 ) ;
#1051 = DIRECTION ( 'NONE',  ( -1.000000000000000000, -2.365923106690660100E-016, 0.0000000000000000000 ) ) ;
#1052 = FACE_OUTER_BOUND ( 'NONE', #34, .T. ) ;
#1053 = PLANE ( 'NONE',  #1054 ) ;
#1054 = AXIS2_PLACEMENT_3D ( 'NONE', #1055, #1056, #1057 ) ;
#1055 = CARTESIAN_POINT ( 'NONE',  ( -4.049999999999999800, -1.100000000000000100, 0.2000000000000000100 ) ) ;
#1056 = DIRECTION ( 'NONE',  ( 1.000000000000000000, 0.0000000000000000000, 0.0000000000000000000 ) ) ;
#1057 = DIRECTION ( 'NONE',  ( 0.0000000000000000000, 0.0000000000000000000, -1.000000000000000000 ) ) ;
#1058 = LINE ( 'NONE', #1060, #1061 ) ;
#1059 = ORIENTED_EDGE ( 'NONE', *, *, #1757, .T. ) ;
#1060 = CARTESIAN_POINT ( 'NONE',  ( -1.000000000000000000, 0.0000000000000000000, 2.899999999999999900 ) ) ;
#1061 = VECTOR ( 'NONE', #1062, 1000.000000000000000 ) ;
#1062 = DIRECTION ( 'NONE',  ( 0.0000000000000000000, 0.0000000000000000000, -1.000000000000000000 ) ) ;
#1063 = LINE ( 'NONE', #1064, #1065 ) ;
#1064 = CARTESIAN_POINT ( 'NONE',  ( -5.799999999999999800, 2.000000000000000000, -1.450000000000000000 ) ) ;
#1065 = VECTOR ( 'NONE', #1066, 1000.000000000000000 ) ;
#1066 = DIRECTION ( 'NONE',  ( 0.0000000000000000000, 0.0000000000000000000, 1.000000000000000000 ) ) ;
#1067 = CARTESIAN_POINT ( 'NONE',  ( -5.150000000000000400, -1.100000000000000100, 2.899999999999999900 ) ) ;
#1068 = CARTESIAN_POINT ( 'NONE',  ( 2.629999999999999900, -2.399999999999999900, -0.2000000000000000100 ) ) ;
#1069 = LINE ( 'NONE', #1070, #1071 ) ;
#1070 = CARTESIAN_POINT ( 'NONE',  ( 1.030000000000000000, -1.100000000000000100, -0.2000000000000000100 ) ) ;
#1071 = VECTOR ( 'NONE', #1072, 1000.000000000000000 ) ;
#1072 = DIRECTION ( 'NONE',  ( -1.000000000000000000, -1.355252715606880000E-016, 0.0000000000000000000 ) ) ;
#1073 = LINE ( 'NONE', #1074, #1075 ) ;
#1074 = CARTESIAN_POINT ( 'NONE',  ( -0.5999999999999999800, -3.500000000000000000, 1.450000000000000000 ) ) ;
#1075 = VECTOR ( 'NONE', #1078, 1000.000000000000000 ) ;
#1076 = ORIENTED_EDGE ( 'NONE', *, *, #52, .T. ) ;
#1077 = EDGE_LOOP ( 'NONE', ( #7, #59, #1167, #1873 ) ) ;
#1078 = DIRECTION ( 'NONE',  ( 1.000000000000000000, 0.0000000000000000000, 0.0000000000000000000 ) ) ;
#1079 = LINE ( 'NONE', #1080, #1081 ) ;
#1080 = CARTESIAN_POINT ( 'NONE',  ( 0.5999999999999999800, -0.5999999999999999800, 1.450000000000000000 ) ) ;
#1081 = VECTOR ( 'NONE', #1082, 1000.000000000000000 ) ;
#1082 = DIRECTION ( 'NONE',  ( 0.0000000000000000000, 0.0000000000000000000, -1.000000000000000000 ) ) ;
#1083 = LINE ( 'NONE', #1084, #1085 ) ;
#1084 = CARTESIAN_POINT ( 'NONE',  ( -9.129999999999999000, -1.100000000000000100, 0.2000000000000000100 ) ) ;
#1085 = VECTOR ( 'NONE', #1086, 1000.000000000000000 ) ;
#1086 = DIRECTION ( 'NONE',  ( 0.0000000000000000000, 0.0000000000000000000, -1.000000000000000000 ) ) ;
#1087 = LINE ( 'NONE', #1088, #1089 ) ;
#1088 = CARTESIAN_POINT ( 'NONE',  ( -2.449999999999999700, -1.100000000000000100, 0.2000000000000000100 ) ) ;
#1089 = VECTOR ( 'NONE', #1090, 1000.000000000000000 ) ;
#1090 = DIRECTION ( 'NONE',  ( -6.672013369141570100E-016, 1.000000000000000000, 0.0000000000000000000 ) ) ;
#1091 = LINE ( 'NONE', #1092, #1093 ) ;
#1092 = CARTESIAN_POINT ( 'NONE',  ( -9.650000000000000400, 5.000000000000000000, 2.899999999999999900 ) ) ;
#1093 = VECTOR ( 'NONE', #1095, 1000.000000000000000 ) ;
#1094 = ORIENTED_EDGE ( 'NONE', *, *, #313, .F. ) ;
#1095 = DIRECTION ( 'NONE',  ( 0.0000000000000000000, -1.000000000000000000, 0.0000000000000000000 ) ) ;
#1096 = CARTESIAN_POINT ( 'NONE',  ( -6.958257569495580200, 1.000000000000000000, -2.899999999999999900 ) ) ;
#1097 = CARTESIAN_POINT ( 'NONE',  ( -5.349999999999999600, -1.500000000000000000, 2.899999999999999900 ) ) ;
#1098 = CARTESIAN_POINT ( 'NONE',  ( 1.030000000000000000, -1.100000000000000100, 0.2000000000000000100 ) ) ;
#1099 = LINE ( 'NONE', #1100, #1101 ) ;
#1100 = CARTESIAN_POINT ( 'NONE',  ( -7.450000000000000200, -1.100000000000000100, -2.899999999999999900 ) ) ;
#1101 = VECTOR ( 'NONE', #1102, 1000.000000000000000 ) ;
#1102 = DIRECTION ( 'NONE',  ( 0.0000000000000000000, 0.0000000000000000000, 1.000000000000000000 ) ) ;
#1103 = LINE ( 'NONE', #1104, #1105 ) ;
#1104 = CARTESIAN_POINT ( 'NONE',  ( -9.129999999999999000, -1.100000000000000100, 0.2000000000000000100 ) ) ;
#1105 = VECTOR ( 'NONE', #1106, 1000.000000000000000 ) ;
#1106 = DIRECTION ( 'NONE',  ( -1.000000000000000000, -1.355252715606880000E-016, 0.0000000000000000000 ) ) ;
#1107 = CARTESIAN_POINT ( 'NONE',  ( -7.250000000000000000, -1.500000000000000000, -2.899999999999999900 ) ) ;
#1108 = CIRCLE ( 'NONE', #1109, 1.000000000000000000 ) ;
#1109 = AXIS2_PLACEMENT_3D ( 'NONE', #1110, #1112, #1113 ) ;
#1110 = CARTESIAN_POINT ( 'NONE',  ( 0.0000000000000000000, 0.0000000000000000000, -2.899999999999999900 ) ) ;
#1111 = ORIENTED_EDGE ( 'NONE', *, *, #1810, .T. ) ;
#1112 = DIRECTION ( 'NONE',  ( 0.0000000000000000000, 0.0000000000000000000, -1.000000000000000000 ) ) ;
#1113 = DIRECTION ( 'NONE',  ( -1.000000000000000000, 0.0000000000000000000, 0.0000000000000000000 ) ) ;
#1114 = CARTESIAN_POINT ( 'NONE',  ( 2.629999999999999900, -1.100000000000000100, -0.2000000000000000100 ) ) ;
#1115 = CIRCLE ( 'NONE', #1116, 0.3999999999999993000 ) ;
#1116 = AXIS2_PLACEMENT_3D ( 'NONE', #1117, #1118, #1119 ) ;
#1117 = CARTESIAN_POINT ( 'NONE',  ( -8.330000000000000100, -1.700000000000000000, -0.2000000000000000100 ) ) ;
#1118 = DIRECTION ( 'NONE',  ( 0.0000000000000000000, 0.0000000000000000000, 1.000000000000000000 ) ) ;
#1119 = DIRECTION ( 'NONE',  ( 1.000000000000000000, 0.0000000000000000000, 0.0000000000000000000 ) ) ;
#1120 = LINE ( 'NONE', #1121, #1122 ) ;
#1121 = CARTESIAN_POINT ( 'NONE',  ( -5.799999999999999800, 5.000000000000000000, -1.450000000000000000 ) ) ;
#1122 = VECTOR ( 'NONE', #1123, 1000.000000000000000 ) ;
#1123 = DIRECTION ( 'NONE',  ( -1.000000000000000000, 0.0000000000000000000, 1.807003620809174900E-016 ) ) ;
#1124 = LINE ( 'NONE', #1125, #1126 ) ;
#1125 = CARTESIAN_POINT ( 'NONE',  ( -7.530000000000000200, -1.100000000000000100, -0.2000000000000000100 ) ) ;
#1126 = VECTOR ( 'NONE', #1127, 1000.000000000000000 ) ;
#1127 = DIRECTION ( 'NONE',  ( -6.672013369141570100E-016, 1.000000000000000000, 0.0000000000000000000 ) ) ;
#1128 = VERTEX_POINT ( 'NONE', #511 ) ;
#1129 = ORIENTED_EDGE ( 'NONE', *, *, #965, .T. ) ;
#1130 = EDGE_CURVE ( 'NONE', #1834, #1805, #512, .T. ) ;
#1131 = LINE ( 'NONE', #1132, #1133 ) ;
#1132 = CARTESIAN_POINT ( 'NONE',  ( -4.049999999999999800, -1.100000000000000100, 0.2000000000000000100 ) ) ;
#1133 = VECTOR ( 'NONE', #1134, 1000.000000000000000 ) ;
#1134 = DIRECTION ( 'NONE',  ( -1.000000000000000000, -1.355252715606880000E-016, 0.0000000000000000000 ) ) ;
#1135 = LINE ( 'NONE', #1136, #1137 ) ;
#1136 = CARTESIAN_POINT ( 'NONE',  ( -4.049999999999999800, -2.399999999999999900, 0.2000000000000000100 ) ) ;
#1137 = VECTOR ( 'NONE', #1138, 1000.000000000000000 ) ;
#1138 = DIRECTION ( 'NONE',  ( 1.000000000000000000, 0.0000000000000000000, 0.0000000000000000000 ) ) ;
#1139 = FACE_OUTER_BOUND ( 'NONE', #1042, .T. ) ;
#1140 = PLANE ( 'NONE',  #1141 ) ;
#1141 = AXIS2_PLACEMENT_3D ( 'NONE', #1142, #1143, #1144 ) ;
#1142 = CARTESIAN_POINT ( 'NONE',  ( -5.799999999999999800, 2.000000000000000000, 1.450000000000000000 ) ) ;
#1143 = DIRECTION ( 'NONE',  ( 1.807003620809174900E-016, 0.0000000000000000000, 1.000000000000000000 ) ) ;
#1144 = DIRECTION ( 'NONE',  ( 1.000000000000000000, 0.0000000000000000000, -1.807003620809174900E-016 ) ) ;
#1145 = LINE ( 'NONE', #1146, #1149 ) ;
#1146 = CARTESIAN_POINT ( 'NONE',  ( -6.958257569495580200, 1.000000000000000000, 2.899999999999999900 ) ) ;
#1147 = ORIENTED_EDGE ( 'NONE', *, *, #791, .F. ) ;
#1148 = VERTEX_POINT ( 'NONE', #524 ) ;
#1149 = VECTOR ( 'NONE', #1150, 1000.000000000000000 ) ;
#1150 = DIRECTION ( 'NONE',  ( 0.0000000000000000000, 0.0000000000000000000, -1.000000000000000000 ) ) ;
#1151 = CIRCLE ( 'NONE', #1152, 0.3999999999999993000 ) ;
#1152 = AXIS2_PLACEMENT_3D ( 'NONE', #1153, #1154, #1155 ) ;
#1153 = CARTESIAN_POINT ( 'NONE',  ( -8.330000000000000100, -1.700000000000000000, 0.2000000000000000100 ) ) ;
#1154 = DIRECTION ( 'NONE',  ( 0.0000000000000000000, 0.0000000000000000000, 1.000000000000000000 ) ) ;
#1155 = DIRECTION ( 'NONE',  ( 1.000000000000000000, 0.0000000000000000000, 0.0000000000000000000 ) ) ;
#1156 = CARTESIAN_POINT ( 'NONE',  ( -6.958257569495580200, -1.000000000000000000, -2.899999999999999900 ) ) ;
#1157 = FACE_BOUND ( 'NONE', #1748, .T. ) ;
#1158 = FACE_BOUND ( 'NONE', #1242, .T. ) ;
#1159 = FACE_OUTER_BOUND ( 'NONE', #78, .T. ) ;
#1160 = PLANE ( 'NONE',  #1161 ) ;
#1161 = AXIS2_PLACEMENT_3D ( 'NONE', #1162, #1163, #1164 ) ;
#1162 = CARTESIAN_POINT ( 'NONE',  ( -9.650000000000000400, 5.000000000000000000, -2.899999999999999900 ) ) ;
#1163 = DIRECTION ( 'NONE',  ( 0.0000000000000000000, 0.0000000000000000000, 1.000000000000000000 ) ) ;
#1164 = DIRECTION ( 'NONE',  ( 1.000000000000000000, 0.0000000000000000000, 0.0000000000000000000 ) ) ;
#1165 = ORIENTED_EDGE ( 'NONE', *, *, #131, .F. ) ;
#1166 = ORIENTED_EDGE ( 'NONE', *, *, #99, .F. ) ;
#1167 = ORIENTED_EDGE ( 'NONE', *, *, #117, .F. ) ;
#1168 = CARTESIAN_POINT ( 'NONE',  ( -9.650000000000000400, -1.100000000000000100, -2.899999999999999900 ) ) ;
#1169 = CARTESIAN_POINT ( 'NONE',  ( 0.9499999999999999600, -1.100000000000000100, -2.899999999999999900 ) ) ;
#1170 = FACE_OUTER_BOUND ( 'NONE', #1749, .T. ) ;
#1171 = PLANE ( 'NONE',  #1172 ) ;
#1172 = AXIS2_PLACEMENT_3D ( 'NONE', #1173, #1174, #1175 ) ;
#1173 = CARTESIAN_POINT ( 'NONE',  ( 1.030000000000000000, -1.100000000000000100, 0.2000000000000000100 ) ) ;
#1174 = DIRECTION ( 'NONE',  ( 1.000000000000000000, 0.0000000000000000000, 0.0000000000000000000 ) ) ;
#1175 = DIRECTION ( 'NONE',  ( 0.0000000000000000000, 0.0000000000000000000, -1.000000000000000000 ) ) ;
#1176 = LINE ( 'NONE', #1177, #1178 ) ;
#1177 = CARTESIAN_POINT ( 'NONE',  ( -1.350000000000000100, -1.100000000000000100, -2.899999999999999900 ) ) ;
#1178 = VECTOR ( 'NONE', #1179, 1000.000000000000000 ) ;
#1179 = DIRECTION ( 'NONE',  ( 0.0000000000000000000, 0.0000000000000000000, 1.000000000000000000 ) ) ;
#1180 = LINE ( 'NONE', #1181, #1182 ) ;
#1181 = CARTESIAN_POINT ( 'NONE',  ( -7.530000000000000200, -2.399999999999999900, 0.2000000000000000100 ) ) ;
#1182 = VECTOR ( 'NONE', #1183, 1000.000000000000000 ) ;
#1183 = DIRECTION ( 'NONE',  ( 0.0000000000000000000, 0.0000000000000000000, -1.000000000000000000 ) ) ;
#1184 = ORIENTED_EDGE ( 'NONE', *, *, #1130, .F. ) ;
#1185 = LINE ( 'NONE', #1186, #1187 ) ;
#1186 = CARTESIAN_POINT ( 'NONE',  ( -7.250000000000000000, -1.500000000000000000, -2.899999999999999900 ) ) ;
#1187 = VECTOR ( 'NONE', #1188, 1000.000000000000000 ) ;
#1188 = DIRECTION ( 'NONE',  ( 0.0000000000000000000, 0.0000000000000000000, 1.000000000000000000 ) ) ;
#1189 = LINE ( 'NONE', #1190, #1191 ) ;
#1190 = CARTESIAN_POINT ( 'NONE',  ( 0.9499999999999999600, -1.100000000000000100, -2.899999999999999900 ) ) ;
#1191 = VECTOR ( 'NONE', #1192, 1000.000000000000000 ) ;
#1192 = DIRECTION ( 'NONE',  ( -1.000000000000000000, -2.365532012695535400E-015, 0.0000000000000000000 ) ) ;
#1193 = CARTESIAN_POINT ( 'NONE',  ( -5.799999999999999800, 5.000000000000000000, -1.450000000000000000 ) ) ;
#1194 = CARTESIAN_POINT ( 'NONE',  ( -1.350000000000000100, -1.100000000000000100, -2.899999999999999900 ) ) ;
#1195 = CARTESIAN_POINT ( 'NONE',  ( 3.149999999999999900, 5.000000000000000000, -2.899999999999999900 ) ) ;
#1196 = LINE ( 'NONE', #1197, #1198 ) ;
#1197 = CARTESIAN_POINT ( 'NONE',  ( -0.5999999999999999800, -0.5999999999999999800, -1.450000000000000000 ) ) ;
#1198 = VECTOR ( 'NONE', #1199, 1000.000000000000000 ) ;
#1199 = DIRECTION ( 'NONE',  ( 1.458064990583954000E-015, -1.000000000000000000, 0.0000000000000000000 ) ) ;
#1200 = CARTESIAN_POINT ( 'NONE',  ( 1.030000000000000000, -1.100000000000000100, -0.2000000000000000100 ) ) ;
#1201 = EDGE_CURVE ( 'NONE', #167, #811, #545, .T. ) ;
#1202 = EDGE_CURVE ( 'NONE', #1805, #1755, #550, .T. ) ;
#1203 = ADVANCED_FACE ( 'NONE', ( #557 ), #558, .F. ) ;
#1204 = ORIENTED_EDGE ( 'NONE', *, *, #947, .F. ) ;
#1205 = EDGE_CURVE ( 'NONE', #12, #1898, #563, .T. ) ;
#1206 = CARTESIAN_POINT ( 'NONE',  ( 1.430000000000000200, -1.700000000000000000, 0.2000000000000000100 ) ) ;
#1207 = LINE ( 'NONE', #1208, #1209 ) ;
#1208 = CARTESIAN_POINT ( 'NONE',  ( -5.799999999999999800, 5.000000000000000000, 1.450000000000000000 ) ) ;
#1209 = VECTOR ( 'NONE', #1210, 1000.000000000000000 ) ;
#1210 = DIRECTION ( 'NONE',  ( 1.000000000000000000, 0.0000000000000000000, -1.807003620809174900E-016 ) ) ;
#1211 = LINE ( 'NONE', #1212, #1213 ) ;
#1212 = CARTESIAN_POINT ( 'NONE',  ( -5.799999999999999800, 2.000000000000000000, 1.450000000000000000 ) ) ;
#1213 = VECTOR ( 'NONE', #1214, 1000.000000000000000 ) ;
#1214 = DIRECTION ( 'NONE',  ( 1.000000000000000000, 0.0000000000000000000, -1.807003620809174900E-016 ) ) ;
#1215 = CARTESIAN_POINT ( 'NONE',  ( -7.450000000000000200, -1.100000000000000100, 2.899999999999999900 ) ) ;
#1216 = FACE_BOUND ( 'NONE', #403, .T. ) ;
#1217 = FACE_OUTER_BOUND ( 'NONE', #1718, .T. ) ;
#1218 = PLANE ( 'NONE',  #1219 ) ;
#1219 = AXIS2_PLACEMENT_3D ( 'NONE', #1220, #1221, #1225 ) ;
#1220 = CARTESIAN_POINT ( 'NONE',  ( -9.129999999999999000, -2.399999999999999900, -0.2000000000000000100 ) ) ;
#1221 = DIRECTION ( 'NONE',  ( 0.0000000000000000000, 0.0000000000000000000, 1.000000000000000000 ) ) ;
#1222 = ORIENTED_EDGE ( 'NONE', *, *, #1871, .T. ) ;
#1223 = EDGE_CURVE ( 'NONE', #156, #177, #569, .T. ) ;
#1224 = EDGE_CURVE ( 'NONE', #332, #1860, #577, .T. ) ;
#1225 = DIRECTION ( 'NONE',  ( 1.000000000000000000, 0.0000000000000000000, 0.0000000000000000000 ) ) ;
#1226 = CARTESIAN_POINT ( 'NONE',  ( 3.149999999999999900, 5.000000000000000000, 2.899999999999999900 ) ) ;
#1227 = FACE_OUTER_BOUND ( 'NONE', #1707, .T. ) ;
#1228 = PLANE ( 'NONE',  #1229 ) ;
#1229 = AXIS2_PLACEMENT_3D ( 'NONE', #1230, #1231, #1232 ) ;
#1230 = CARTESIAN_POINT ( 'NONE',  ( -9.129999999999999000, -2.399999999999999900, 0.2000000000000000100 ) ) ;
#1231 = DIRECTION ( 'NONE',  ( 0.0000000000000000000, 1.000000000000000000, 0.0000000000000000000 ) ) ;
#1232 = DIRECTION ( 'NONE',  ( 0.0000000000000000000, 0.0000000000000000000, 1.000000000000000000 ) ) ;
#1233 = FACE_OUTER_BOUND ( 'NONE', #1756, .T. ) ;
#1234 = CYLINDRICAL_SURFACE ( 'NONE', #1235, 1.100000000000000300 ) ;
#1235 = AXIS2_PLACEMENT_3D ( 'NONE', #1236, #1237, #1238 ) ;
#1236 = CARTESIAN_POINT ( 'NONE',  ( -6.500000000000000000, 0.0000000000000000000, 2.899999999999999900 ) ) ;
#1237 = DIRECTION ( 'NONE',  ( 0.0000000000000000000, 0.0000000000000000000, -1.000000000000000000 ) ) ;
#1238 = DIRECTION ( 'NONE',  ( -1.000000000000000000, 0.0000000000000000000, 0.0000000000000000000 ) ) ;
#1239 = FACE_OUTER_BOUND ( 'NONE', #642, .T. ) ;
#1240 = PLANE ( 'NONE',  #1243 ) ;
#1241 = ORIENTED_EDGE ( 'NONE', *, *, #1771, .T. ) ;
#1242 = EDGE_LOOP ( 'NONE', ( #1753, #1674 ) ) ;
#1243 = AXIS2_PLACEMENT_3D ( 'NONE', #1244, #1245, #1246 ) ;
#1244 = CARTESIAN_POINT ( 'NONE',  ( -6.041742430504420700, -1.000000000000000000, 2.899999999999999900 ) ) ;
#1245 = DIRECTION ( 'NONE',  ( 2.365923106690660100E-016, -1.000000000000000000, 0.0000000000000000000 ) ) ;
#1246 = DIRECTION ( 'NONE',  ( 1.000000000000000000, 2.365923106690660100E-016, 0.0000000000000000000 ) ) ;
#1247 = CARTESIAN_POINT ( 'NONE',  ( -4.049999999999999800, -2.399999999999999900, -0.2000000000000000100 ) ) ;
#1248 = LINE ( 'NONE', #1249, #1250 ) ;
#1249 = CARTESIAN_POINT ( 'NONE',  ( -5.799999999999999800, 2.000000000000000000, 1.450000000000000000 ) ) ;
#1250 = VECTOR ( 'NONE', #1251, 1000.000000000000000 ) ;
#1251 = DIRECTION ( 'NONE',  ( 0.0000000000000000000, 1.000000000000000000, 0.0000000000000000000 ) ) ;
#1252 = LINE ( 'NONE', #1253, #1254 ) ;
#1253 = CARTESIAN_POINT ( 'NONE',  ( -6.041742430504420700, -1.000000000000000000, 2.899999999999999900 ) ) ;
#1254 = VECTOR ( 'NONE', #1255, 1000.000000000000000 ) ;
#1255 = DIRECTION ( 'NONE',  ( 0.0000000000000000000, 0.0000000000000000000, -1.000000000000000000 ) ) ;
#1256 = FACE_OUTER_BOUND ( 'NONE', #139, .T. ) ;
#1257 = CYLINDRICAL_SURFACE ( 'NONE', #1258, 0.3999999999999993000 ) ;
#1258 = AXIS2_PLACEMENT_3D ( 'NONE', #1261, #1262, #1263 ) ;
#1259 = ORIENTED_EDGE ( 'NONE', *, *, #734, .F. ) ;
#1260 = ORIENTED_EDGE ( 'NONE', *, *, #1859, .T. ) ;
#1261 = CARTESIAN_POINT ( 'NONE',  ( -8.330000000000000100, -1.700000000000000000, -2.899999999999999900 ) ) ;
#1262 = DIRECTION ( 'NONE',  ( 0.0000000000000000000, 0.0000000000000000000, 1.000000000000000000 ) ) ;
#1263 = DIRECTION ( 'NONE',  ( 1.000000000000000000, 0.0000000000000000000, 0.0000000000000000000 ) ) ;
#1264 = CARTESIAN_POINT ( 'NONE',  ( 2.629999999999999900, -2.399999999999999900, 0.2000000000000000100 ) ) ;
#1265 = LINE ( 'NONE', #1266, #1267 ) ;
#1266 = CARTESIAN_POINT ( 'NONE',  ( 0.5999999999999999800, -0.5999999999999999800, 1.450000000000000000 ) ) ;
#1267 = VECTOR ( 'NONE', #1268, 1000.000000000000000 ) ;
#1268 = DIRECTION ( 'NONE',  ( 1.121588454295350000E-016, 1.000000000000000000, 0.0000000000000000000 ) ) ;
#1269 = LINE ( 'NONE', #1270, #1271 ) ;
#1270 = CARTESIAN_POINT ( 'NONE',  ( -4.599999999999999600, 2.000000000000000000, 1.450000000000000000 ) ) ;
#1271 = VECTOR ( 'NONE', #1272, 1000.000000000000000 ) ;
#1272 = DIRECTION ( 'NONE',  ( 0.0000000000000000000, 1.000000000000000000, 0.0000000000000000000 ) ) ;
#1273 = LINE ( 'NONE', #1274, #1275 ) ;
#1274 = CARTESIAN_POINT ( 'NONE',  ( -9.650000000000000400, 5.000000000000000000, 2.899999999999999900 ) ) ;
#1275 = VECTOR ( 'NONE', #1276, 1000.000000000000000 ) ;
#1276 = DIRECTION ( 'NONE',  ( 0.0000000000000000000, 0.0000000000000000000, -1.000000000000000000 ) ) ;
#1277 = ADVANCED_FACE ( 'NONE', ( #595 ), #596, .F. ) ;
#1278 = LINE ( 'NONE', #1279, #1280 ) ;
#1279 = CARTESIAN_POINT ( 'NONE',  ( -4.049999999999999800, -1.100000000000000100, -0.2000000000000000100 ) ) ;
#1280 = VECTOR ( 'NONE', #1281, 1000.000000000000000 ) ;
#1281 = DIRECTION ( 'NONE',  ( 0.0000000000000000000, -1.000000000000000000, 0.0000000000000000000 ) ) ;
#1282 = CARTESIAN_POINT ( 'NONE',  ( -4.599999999999999600, 2.000000000000000000, -1.450000000000000000 ) ) ;
#1283 = LINE ( 'NONE', #1284, #1285 ) ;
#1284 = CARTESIAN_POINT ( 'NONE',  ( -7.599999999999999600, 0.0000000000000000000, 2.899999999999999900 ) ) ;
#1285 = VECTOR ( 'NONE', #1286, 1000.000000000000000 ) ;
#1286 = DIRECTION ( 'NONE',  ( 0.0000000000000000000, 0.0000000000000000000, -1.000000000000000000 ) ) ;
#1287 = LINE ( 'NONE', #1288, #1289 ) ;
#1288 = CARTESIAN_POINT ( 'NONE',  ( -5.349999999999999600, -1.500000000000000000, -2.899999999999999900 ) ) ;
#1289 = VECTOR ( 'NONE', #1290, 1000.000000000000000 ) ;
#1290 = DIRECTION ( 'NONE',  ( -0.4472135954999575400, -0.8944271909999160800, 0.0000000000000000000 ) ) ;
#1291 = LINE ( 'NONE', #1292, #1293 ) ;
#1292 = CARTESIAN_POINT ( 'NONE',  ( -5.150000000000000400, -1.100000000000000100, -2.899999999999999900 ) ) ;
#1293 = VECTOR ( 'NONE', #1298, 1000.000000000000000 ) ;
#1294 = VERTEX_POINT ( 'NONE', #601 ) ;
#1295 = EDGE_CURVE ( 'NONE', #1802, #572, #602, .T. ) ;
#1296 = EDGE_CURVE ( 'NONE', #1887, #1789, #606, .T. ) ;
#1297 = VERTEX_POINT ( 'NONE', #615 ) ;
#1298 = DIRECTION ( 'NONE',  ( 0.0000000000000000000, 0.0000000000000000000, 1.000000000000000000 ) ) ;
#1299 = CARTESIAN_POINT ( 'NONE',  ( 1.000000000000000000, 1.224606353822377300E-016, 2.899999999999999900 ) ) ;
#1300 = FACE_OUTER_BOUND ( 'NONE', #386, .T. ) ;
#1301 = CYLINDRICAL_SURFACE ( 'NONE', #1302, 0.5999999999999999800 ) ;
#1302 = AXIS2_PLACEMENT_3D ( 'NONE', #1303, #1304, #1305 ) ;
#1303 = CARTESIAN_POINT ( 'NONE',  ( -1.734723475976804900E-015, -0.5999999999999999800, 1.450000000000000000 ) ) ;
#1304 = DIRECTION ( 'NONE',  ( 0.0000000000000000000, 0.0000000000000000000, -1.000000000000000000 ) ) ;
#1305 = DIRECTION ( 'NONE',  ( -1.000000000000000000, 0.0000000000000000000, 0.0000000000000000000 ) ) ;
#1306 = CARTESIAN_POINT ( 'NONE',  ( -1.149999999999999900, -1.500000000000000000, -2.899999999999999900 ) ) ;
#1307 = FACE_OUTER_BOUND ( 'NONE', #206, .T. ) ;
#1308 = PLANE ( 'NONE',  #1309 ) ;
#1309 = AXIS2_PLACEMENT_3D ( 'NONE', #1310, #1311, #1312 ) ;
#1310 = CARTESIAN_POINT ( 'NONE',  ( -4.599999999999999600, 2.000000000000000000, -1.450000000000000000 ) ) ;
#1311 = DIRECTION ( 'NONE',  ( 1.000000000000000000, 0.0000000000000000000, 0.0000000000000000000 ) ) ;
#1312 = DIRECTION ( 'NONE',  ( 0.0000000000000000000, 0.0000000000000000000, -1.000000000000000000 ) ) ;
#1313 = LINE ( 'NONE', #1317, #1318 ) ;
#1314 = EDGE_LOOP ( 'NONE', ( #608, #1830, #137, #149 ) ) ;
#1315 = ORIENTED_EDGE ( 'NONE', *, *, #258, .F. ) ;
#1316 = EDGE_LOOP ( 'NONE', ( #163, #829 ) ) ;
#1317 = CARTESIAN_POINT ( 'NONE',  ( 0.7500000000000000000, -1.500000000000000000, -2.899999999999999900 ) ) ;
#1318 = VECTOR ( 'NONE', #1319, 1000.000000000000000 ) ;
#1319 = DIRECTION ( 'NONE',  ( 0.0000000000000000000, 0.0000000000000000000, 1.000000000000000000 ) ) ;
#1320 =( LENGTH_UNIT ( ) NAMED_UNIT ( * ) SI_UNIT ( .MILLI., .METRE. ) );
#1321 =( NAMED_UNIT ( * ) PLANE_ANGLE_UNIT ( ) SI_UNIT ( $, .RADIAN. ) );
#1322 =( NAMED_UNIT ( * ) SI_UNIT ( $, .STERADIAN. ) SOLID_ANGLE_UNIT ( ) );
#1323 = UNCERTAINTY_MEASURE_WITH_UNIT (LENGTH_MEASURE( 1.000000000000000100E-005 ), #1320, 'distance_accuracy_value', 'NONE');
#1324 =( GEOMETRIC_REPRESENTATION_CONTEXT ( 3 ) GLOBAL_UNCERTAINTY_ASSIGNED_CONTEXT ( ( #1323 ) ) GLOBAL_UNIT_ASSIGNED_CONTEXT ( ( #1320, #1321, #1322 ) ) REPRESENTATION_CONTEXT ( 'NONE', 'WORKASPACE' ) );
#1325 = ADVANCED_BREP_SHAPE_REPRESENTATION ( '', ( #1750, #1326 ), #1324 ) ;
#1326 = AXIS2_PLACEMENT_3D ( 'NONE', #1327, #1328, #1329 ) ;
#1327 = CARTESIAN_POINT ( 'NONE',  ( 0.0000000000000000000, 0.0000000000000000000, 0.0000000000000000000 ) ) ;
#1328 = DIRECTION ( 'NONE',  ( 0.0000000000000000000, 0.0000000000000000000, 1.000000000000000000 ) ) ;
#1329 = DIRECTION ( 'NONE',  ( 1.000000000000000000, 0.0000000000000000000, 0.0000000000000000000 ) ) ;
#1330 = SHAPE_REPRESENTATION ( 'D2F_01_D_BASE', ( #1326 ), #1324 ) ;
#1331 = SHAPE_REPRESENTATION_RELATIONSHIP ( 'NONE' , 'NONE' ,  #1330, #1325 ) ;
#1332 =( LENGTH_UNIT ( ) NAMED_UNIT ( * ) SI_UNIT ( .MILLI., .METRE. ) );
#1333 = EDGE_CURVE ( 'NONE', #1128, #1755, #621, .T. ) ;
#1334 = ORIENTED_EDGE ( 'NONE', *, *, #1769, .T. ) ;
#1335 =( NAMED_UNIT ( * ) PLANE_ANGLE_UNIT ( ) SI_UNIT ( $, .RADIAN. ) );
#1336 =( NAMED_UNIT ( * ) SI_UNIT ( $, .STERADIAN. ) SOLID_ANGLE_UNIT ( ) );
#1337 = UNCERTAINTY_MEASURE_WITH_UNIT (LENGTH_MEASURE( 1.000000000000000100E-005 ), #1332, 'distance_accuracy_value', 'NONE');
#1338 =( GEOMETRIC_REPRESENTATION_CONTEXT ( 3 ) GLOBAL_UNCERTAINTY_ASSIGNED_CONTEXT ( ( #1337 ) ) GLOBAL_UNIT_ASSIGNED_CONTEXT ( ( #1332, #1335, #1336 ) ) REPRESENTATION_CONTEXT ( 'NONE', 'WORKASPACE' ) );
#1339 = ADVANCED_BREP_SHAPE_REPRESENTATION ( '', ( #240, #1326 ), #1338 ) ;
#1340 = SHAPE_REPRESENTATION ( 'D2F_01_D_ACTUATOR', ( #1326 ), #1338 ) ;
#1341 = SHAPE_REPRESENTATION_RELATIONSHIP ( 'NONE' , 'NONE' ,  #1340, #1339 ) ;
#1342 = SHAPE_REPRESENTATION ( 'D2F_01_D', ( #1362, #1347, #1353 ), #1361 ) ;
#1343 = AXIS2_PLACEMENT_3D ( 'NONE', #1344, #1345, #1346 ) ;
#1344 = CARTESIAN_POINT ( 'NONE',  ( 0.0000000000000000000, 0.0000000000000000000, 0.0000000000000000000 ) ) ;
#1345 = DIRECTION ( 'NONE',  ( 0.0000000000000000000, 0.0000000000000000000, 1.000000000000000000 ) ) ;
#1346 = DIRECTION ( 'NONE',  ( 1.000000000000000000, 0.0000000000000000000, 0.0000000000000000000 ) ) ;
#1347 = AXIS2_PLACEMENT_3D ( 'NONE', #1348, #1349, #1350 ) ;
#1348 = CARTESIAN_POINT ( 'NONE',  ( 0.0000000000000000000, 0.0000000000000000000, 0.0000000000000000000 ) ) ;
#1349 = DIRECTION ( 'NONE',  ( 0.0000000000000000000, 0.0000000000000000000, 1.000000000000000000 ) ) ;
#1350 = DIRECTION ( 'NONE',  ( 1.000000000000000000, 0.0000000000000000000, 0.0000000000000000000 ) ) ;
#1351 = VERTEX_POINT ( 'NONE', #626 ) ;
#1352 = EDGE_LOOP ( 'NONE', ( #30, #53, #924, #1686 ) ) ;
#1353 = AXIS2_PLACEMENT_3D ( 'NONE', #1354, #1355, #1356 ) ;
#1354 = CARTESIAN_POINT ( 'NONE',  ( -5.200000000000006400, 6.000000000000000000, 0.0000000000000000000 ) ) ;
#1355 = DIRECTION ( 'NONE',  ( 0.0000000000000000000, 0.0000000000000000000, 1.000000000000000000 ) ) ;
#1356 = DIRECTION ( 'NONE',  ( 1.000000000000000000, 0.0000000000000000000, 0.0000000000000000000 ) ) ;
#1357 =( LENGTH_UNIT ( ) NAMED_UNIT ( * ) SI_UNIT ( .MILLI., .METRE. ) );
#1358 =( NAMED_UNIT ( * ) PLANE_ANGLE_UNIT ( ) SI_UNIT ( $, .RADIAN. ) );
#1359 =( NAMED_UNIT ( * ) SI_UNIT ( $, .STERADIAN. ) SOLID_ANGLE_UNIT ( ) );
#1360 = UNCERTAINTY_MEASURE_WITH_UNIT (LENGTH_MEASURE( 1.000000000000000100E-005 ), #1357, 'distance_accuracy_value', 'NONE');
#1361 =( GEOMETRIC_REPRESENTATION_CONTEXT ( 3 ) GLOBAL_UNCERTAINTY_ASSIGNED_CONTEXT ( ( #1360 ) ) GLOBAL_UNIT_ASSIGNED_CONTEXT ( ( #1357, #1358, #1359 ) ) REPRESENTATION_CONTEXT ( 'NONE', 'WORKASPACE' ) );
#1362 = AXIS2_PLACEMENT_3D ( 'NONE', #1363, #1364, #1365 ) ;
#1363 = CARTESIAN_POINT ( 'NONE',  ( 0.0000000000000000000, 0.0000000000000000000, 0.0000000000000000000 ) ) ;
#1364 = DIRECTION ( 'NONE',  ( 0.0000000000000000000, 0.0000000000000000000, 1.000000000000000000 ) ) ;
#1365 = DIRECTION ( 'NONE',  ( 1.000000000000000000, 0.0000000000000000000, 0.0000000000000000000 ) ) ;
#1366 = APPLICATION_CONTEXT ( 'configuration controlled 3d designs of mechanical parts and assemblies' ) ;
#1367 = APPLICATION_PROTOCOL_DEFINITION ( 'international standard', 'config_control_design', 1994, #1366 ) ;
#1368 = MECHANICAL_CONTEXT ( 'NONE', #1366, 'mechanical' ) ;
#1369 = ORIENTED_EDGE ( 'NONE', *, *, #716, .T. ) ;
#1370 = ORIENTED_EDGE ( 'NONE', *, *, #1724, .T. ) ;
#1371 = ORIENTED_EDGE ( 'NONE', *, *, #20, .F. ) ;
#1372 = PRODUCT ( 'D2F_01_D', 'D2F_01_D', '', ( #1368 ) ) ;
#1373 = PERSON ( 'UNSPECIFIED', 'UNSPECIFIED', 'UNSPECIFIED', ('UNSPECIFIED'), ('UNSPECIFIED'), ('UNSPECIFIED') ) ;
#1374 = ORGANIZATION ( 'UNSPECIFIED', 'UNSPECIFIED', '' ) ;
#1375 = PERSON_AND_ORGANIZATION ( #1373, #1374 ) ;
#1376 = PERSON_AND_ORGANIZATION_ROLE ( 'design_owner' ) ;
#1377 = CC_DESIGN_PERSON_AND_ORGANIZATION_ASSIGNMENT ( #1375, #1376, ( #1372 ) ) ;
#1378 = APPLICATION_CONTEXT ( 'configuration controlled 3d designs of mechanical parts and assemblies' ) ;
#1379 = APPLICATION_PROTOCOL_DEFINITION ( 'international standard', 'config_control_design', 1994, #1378 ) ;
#1380 = DESIGN_CONTEXT ( 'detailed design', #1378, 'design' ) ;
#1381 = PRODUCT_DEFINITION ( 'UNKNOWN', '', #1402, #1380 ) ;
#1382 = PERSON_AND_ORGANIZATION ( #1373, #1374 ) ;
#1383 = APPROVAL_STATUS ( 'not_yet_approved' ) ;
#1384 = APPROVAL ( #1383, 'UNSPECIFIED' ) ;
#1385 = APPROVAL_ROLE ( '' ) ;
#1386 = APPROVAL_PERSON_ORGANIZATION ( #1382, #1384, #1385 ) ;
#1387 = COORDINATED_UNIVERSAL_TIME_OFFSET ( 9, 0, .AHEAD. ) ;
#1388 = LOCAL_TIME ( 20, 8, 27.00000000000000000, #1387 ) ;
#1389 = CALENDAR_DATE ( 2013, 18, 7 ) ;
#1390 = DATE_AND_TIME ( #1389, #1388 ) ;
#1391 = APPROVAL_DATE_TIME ( #1390, #1384 ) ;
#1392 = CC_DESIGN_APPROVAL ( #1384, ( #1381 ) ) ;
#1393 = PERSON_AND_ORGANIZATION ( #1373, #1374 ) ;
#1394 = PERSON_AND_ORGANIZATION_ROLE ( 'creator' ) ;
#1395 = CC_DESIGN_PERSON_AND_ORGANIZATION_ASSIGNMENT ( #1393, #1394, ( #1381 ) ) ;
#1396 = COORDINATED_UNIVERSAL_TIME_OFFSET ( 9, 0, .AHEAD. ) ;
#1397 = LOCAL_TIME ( 20, 8, 27.00000000000000000, #1396 ) ;
#1398 = CALENDAR_DATE ( 2013, 18, 7 ) ;
#1399 = DATE_AND_TIME ( #1398, #1397 ) ;
#1400 = DATE_TIME_ROLE ( 'creation_date' ) ;
#1401 = CC_DESIGN_DATE_AND_TIME_ASSIGNMENT ( #1399, #1400, ( #1381 ) ) ;
#1402 = PRODUCT_DEFINITION_FORMATION_WITH_SPECIFIED_SOURCE ( 'ANY', '', #1372, .NOT_KNOWN. ) ;
#1403 = PERSON_AND_ORGANIZATION ( #1373, #1374 ) ;
#1404 = ORIENTED_EDGE ( 'NONE', *, *, #1492, .F. ) ;
#1405 = EDGE_CURVE ( 'NONE', #1811, #923, #633, .T. ) ;
#1406 = APPROVAL_STATUS ( 'not_yet_approved' ) ;
#1407 = APPROVAL ( #1406, 'UNSPECIFIED' ) ;
#1408 = APPROVAL_ROLE ( '' ) ;
#1409 = APPROVAL_PERSON_ORGANIZATION ( #1403, #1407, #1408 ) ;
#1410 = COORDINATED_UNIVERSAL_TIME_OFFSET ( 9, 0, .AHEAD. ) ;
#1411 = LOCAL_TIME ( 20, 8, 27.00000000000000000, #1410 ) ;
#1412 = CALENDAR_DATE ( 2013, 18, 7 ) ;
#1413 = DATE_AND_TIME ( #1412, #1411 ) ;
#1414 = APPROVAL_DATE_TIME ( #1413, #1407 ) ;
#1415 = CC_DESIGN_APPROVAL ( #1407, ( #1402 ) ) ;
#1416 = PERSON_AND_ORGANIZATION ( #1373, #1374 ) ;
#1417 = PERSON_AND_ORGANIZATION_ROLE ( 'creator' ) ;
#1418 = CC_DESIGN_PERSON_AND_ORGANIZATION_ASSIGNMENT ( #1416, #1417, ( #1402 ) ) ;
#1419 = PERSON_AND_ORGANIZATION ( #1373, #1374 ) ;
#1420 = PERSON_AND_ORGANIZATION_ROLE ( 'design_supplier' ) ;
#1421 = CC_DESIGN_PERSON_AND_ORGANIZATION_ASSIGNMENT ( #1419, #1420, ( #1402 ) ) ;
#1422 = EDGE_CURVE ( 'NONE', #1693, #330, #637, .T. ) ;
#1423 = SECURITY_CLASSIFICATION_LEVEL ( 'unclassified' ) ;
#1424 = SECURITY_CLASSIFICATION ( '', '', #1423 ) ;
#1425 = PERSON_AND_ORGANIZATION ( #1373, #1374 ) ;
#1426 = PERSON_AND_ORGANIZATION_ROLE ( 'classification_officer' ) ;
#1427 = CC_DESIGN_PERSON_AND_ORGANIZATION_ASSIGNMENT ( #1425, #1426, ( #1424 ) ) ;
#1428 = COORDINATED_UNIVERSAL_TIME_OFFSET ( 9, 0, .AHEAD. ) ;
#1429 = LOCAL_TIME ( 20, 8, 27.00000000000000000, #1428 ) ;
#1430 = CALENDAR_DATE ( 2013, 18, 7 ) ;
#1431 = DATE_AND_TIME ( #1430, #1429 ) ;
#1432 = DATE_TIME_ROLE ( 'classification_date' ) ;
#1433 = CC_DESIGN_DATE_AND_TIME_ASSIGNMENT ( #1431, #1432, ( #1424 ) ) ;
#1434 = PERSON_AND_ORGANIZATION ( #1373, #1374 ) ;
#1435 = APPROVAL_STATUS ( 'not_yet_approved' ) ;
#1436 = APPROVAL ( #1435, 'UNSPECIFIED' ) ;
#1437 = APPROVAL_ROLE ( '' ) ;
#1438 = APPROVAL_PERSON_ORGANIZATION ( #1434, #1436, #1437 ) ;
#1439 = VERTEX_POINT ( 'NONE', #650 ) ;
#1440 = COORDINATED_UNIVERSAL_TIME_OFFSET ( 9, 0, .AHEAD. ) ;
#1441 = LOCAL_TIME ( 20, 8, 27.00000000000000000, #1440 ) ;
#1442 = CALENDAR_DATE ( 2013, 18, 7 ) ;
#1443 = DATE_AND_TIME ( #1442, #1441 ) ;
#1444 = APPROVAL_DATE_TIME ( #1443, #1436 ) ;
#1445 = CC_DESIGN_APPROVAL ( #1436, ( #1424 ) ) ;
#1446 = CC_DESIGN_SECURITY_CLASSIFICATION ( #1424, ( #1402 ) ) ;
#1447 = PRODUCT_RELATED_PRODUCT_CATEGORY ( 'detail', '', ( #1372 ) ) ;
#1448 = PRODUCT_DEFINITION_SHAPE ( 'NONE', 'NONE',  #1381 ) ;
#1449 = SHAPE_DEFINITION_REPRESENTATION ( #1448, #1342 ) ;
#1450 = APPLICATION_CONTEXT ( 'configuration controlled 3d designs of mechanical parts and assemblies' ) ;
#1451 = APPLICATION_PROTOCOL_DEFINITION ( 'international standard', 'config_control_design', 1994, #1450 ) ;
#1452 = MECHANICAL_CONTEXT ( 'NONE', #1450, 'mechanical' ) ;
#1453 = PRODUCT ( 'D2F_01_D_ACTUATOR', 'D2F_01_D_ACTUATOR', '', ( #1452 ) ) ;
#1454 = PERSON_AND_ORGANIZATION ( #1373, #1374 ) ;
#1455 = PERSON_AND_ORGANIZATION_ROLE ( 'design_owner' ) ;
#1456 = ORIENTED_EDGE ( 'NONE', *, *, #699, .F. ) ;
#1457 = ORIENTED_EDGE ( 'NONE', *, *, #52, .F. ) ;
#1458 = CC_DESIGN_PERSON_AND_ORGANIZATION_ASSIGNMENT ( #1454, #1455, ( #1453 ) ) ;
#1459 = APPLICATION_CONTEXT ( 'configuration controlled 3d designs of mechanical parts and assemblies' ) ;
#1460 = APPLICATION_PROTOCOL_DEFINITION ( 'international standard', 'config_control_design', 1994, #1459 ) ;
#1461 = DESIGN_CONTEXT ( 'detailed design', #1459, 'design' ) ;
#1462 = PRODUCT_DEFINITION ( 'UNKNOWN', '', #1484, #1461 ) ;
#1463 = PERSON_AND_ORGANIZATION ( #1373, #1374 ) ;
#1464 = APPROVAL_STATUS ( 'not_yet_approved' ) ;
#1465 = APPROVAL ( #1464, 'UNSPECIFIED' ) ;
#1466 = APPROVAL_ROLE ( '' ) ;
#1467 = APPROVAL_PERSON_ORGANIZATION ( #1463, #1465, #1466 ) ;
#1468 = COORDINATED_UNIVERSAL_TIME_OFFSET ( 9, 0, .AHEAD. ) ;
#1469 = LOCAL_TIME ( 20, 8, 27.00000000000000000, #1468 ) ;
#1470 = CALENDAR_DATE ( 2013, 18, 7 ) ;
#1471 = DATE_AND_TIME ( #1470, #1469 ) ;
#1472 = APPROVAL_DATE_TIME ( #1471, #1465 ) ;
#1473 = CC_DESIGN_APPROVAL ( #1465, ( #1462 ) ) ;
#1474 = EDGE_CURVE ( 'NONE', #61, #169, #667, .T. ) ;
#1475 = PERSON_AND_ORGANIZATION ( #1373, #1374 ) ;
#1476 = PERSON_AND_ORGANIZATION_ROLE ( 'creator' ) ;
#1477 = CC_DESIGN_PERSON_AND_ORGANIZATION_ASSIGNMENT ( #1475, #1476, ( #1462 ) ) ;
#1478 = COORDINATED_UNIVERSAL_TIME_OFFSET ( 9, 0, .AHEAD. ) ;
#1479 = LOCAL_TIME ( 20, 8, 27.00000000000000000, #1478 ) ;
#1480 = CALENDAR_DATE ( 2013, 18, 7 ) ;
#1481 = DATE_AND_TIME ( #1480, #1479 ) ;
#1482 = DATE_TIME_ROLE ( 'creation_date' ) ;
#1483 = CC_DESIGN_DATE_AND_TIME_ASSIGNMENT ( #1481, #1482, ( #1462 ) ) ;
#1484 = PRODUCT_DEFINITION_FORMATION_WITH_SPECIFIED_SOURCE ( 'ANY', '', #1453, .NOT_KNOWN. ) ;
#1485 = PERSON_AND_ORGANIZATION ( #1373, #1374 ) ;
#1486 = APPROVAL_STATUS ( 'not_yet_approved' ) ;
#1487 = APPROVAL ( #1486, 'UNSPECIFIED' ) ;
#1488 = APPROVAL_ROLE ( '' ) ;
#1489 = APPROVAL_PERSON_ORGANIZATION ( #1485, #1487, #1488 ) ;
#1490 = COORDINATED_UNIVERSAL_TIME_OFFSET ( 9, 0, .AHEAD. ) ;
#1491 = VERTEX_POINT ( 'NONE', #676 ) ;
#1492 = EDGE_CURVE ( 'NONE', #1834, #1128, #677, .T. ) ;
#1493 = LOCAL_TIME ( 20, 8, 27.00000000000000000, #1490 ) ;
#1494 = CALENDAR_DATE ( 2013, 18, 7 ) ;
#1495 = DATE_AND_TIME ( #1494, #1493 ) ;
#1496 = APPROVAL_DATE_TIME ( #1495, #1487 ) ;
#1497 = CC_DESIGN_APPROVAL ( #1487, ( #1484 ) ) ;
#1498 = PERSON_AND_ORGANIZATION ( #1373, #1374 ) ;
#1499 = PERSON_AND_ORGANIZATION_ROLE ( 'creator' ) ;
#1500 = CC_DESIGN_PERSON_AND_ORGANIZATION_ASSIGNMENT ( #1498, #1499, ( #1484 ) ) ;
#1501 = PERSON_AND_ORGANIZATION ( #1373, #1374 ) ;
#1502 = PERSON_AND_ORGANIZATION_ROLE ( 'design_supplier' ) ;
#1503 = CC_DESIGN_PERSON_AND_ORGANIZATION_ASSIGNMENT ( #1501, #1502, ( #1484 ) ) ;
#1504 = SECURITY_CLASSIFICATION_LEVEL ( 'unclassified' ) ;
#1505 = SECURITY_CLASSIFICATION ( '', '', #1504 ) ;
#1506 = PERSON_AND_ORGANIZATION ( #1373, #1374 ) ;
#1507 = PERSON_AND_ORGANIZATION_ROLE ( 'classification_officer' ) ;
#1508 = CC_DESIGN_PERSON_AND_ORGANIZATION_ASSIGNMENT ( #1506, #1507, ( #1505 ) ) ;
#1509 = EDGE_CURVE ( 'NONE', #1840, #1869, #682, .T. ) ;
#1510 = COORDINATED_UNIVERSAL_TIME_OFFSET ( 9, 0, .AHEAD. ) ;
#1511 = LOCAL_TIME ( 20, 8, 27.00000000000000000, #1510 ) ;
#1512 = CALENDAR_DATE ( 2013, 18, 7 ) ;
#1513 = DATE_AND_TIME ( #1512, #1511 ) ;
#1514 = DATE_TIME_ROLE ( 'classification_date' ) ;
#1515 = CC_DESIGN_DATE_AND_TIME_ASSIGNMENT ( #1513, #1514, ( #1505 ) ) ;
#1516 = PERSON_AND_ORGANIZATION ( #1373, #1374 ) ;
#1517 = APPROVAL_STATUS ( 'not_yet_approved' ) ;
#1518 = APPROVAL ( #1517, 'UNSPECIFIED' ) ;
#1519 = APPROVAL_ROLE ( '' ) ;
#1520 = APPROVAL_PERSON_ORGANIZATION ( #1516, #1518, #1519 ) ;
#1521 = COORDINATED_UNIVERSAL_TIME_OFFSET ( 9, 0, .AHEAD. ) ;
#1522 = LOCAL_TIME ( 20, 8, 27.00000000000000000, #1521 ) ;
#1523 = CALENDAR_DATE ( 2013, 18, 7 ) ;
#1524 = DATE_AND_TIME ( #1523, #1522 ) ;
#1525 = APPROVAL_DATE_TIME ( #1524, #1518 ) ;
#1526 = EDGE_LOOP ( 'NONE', ( #1883, #1697 ) ) ;
#1527 = VERTEX_POINT ( 'NONE', #707 ) ;
#1528 = CC_DESIGN_APPROVAL ( #1518, ( #1505 ) ) ;
#1529 = CC_DESIGN_SECURITY_CLASSIFICATION ( #1505, ( #1484 ) ) ;
#1530 = PRODUCT_RELATED_PRODUCT_CATEGORY ( 'detail', '', ( #1453 ) ) ;
#1531 = PRODUCT_DEFINITION_SHAPE ( 'NONE', 'NONE',  #1462 ) ;
#1532 = SHAPE_DEFINITION_REPRESENTATION ( #1531, #1340 ) ;
#1533 = APPLICATION_CONTEXT ( 'configuration controlled 3d designs of mechanical parts and assemblies' ) ;
#1534 = APPLICATION_PROTOCOL_DEFINITION ( 'international standard', 'config_control_design', 1994, #1533 ) ;
#1535 = MECHANICAL_CONTEXT ( 'NONE', #1533, 'mechanical' ) ;
#1536 = PRODUCT ( 'D2F_01_D_BASE', 'D2F_01_D_BASE', '', ( #1535 ) ) ;
#1537 = PERSON_AND_ORGANIZATION ( #1373, #1374 ) ;
#1538 = PERSON_AND_ORGANIZATION_ROLE ( 'design_owner' ) ;
#1539 = CC_DESIGN_PERSON_AND_ORGANIZATION_ASSIGNMENT ( #1537, #1538, ( #1536 ) ) ;
#1540 = APPLICATION_CONTEXT ( 'configuration controlled 3d designs of mechanical parts and assemblies' ) ;
#1541 = APPLICATION_PROTOCOL_DEFINITION ( 'international standard', 'config_control_design', 1994, #1540 ) ;
#1542 = DESIGN_CONTEXT ( 'detailed design', #1540, 'design' ) ;
#1543 = PRODUCT_DEFINITION ( 'UNKNOWN', '', #1572, #1542 ) ;
#1544 = VERTEX_POINT ( 'NONE', #708 ) ;
#1545 = EDGE_CURVE ( 'NONE', #127, #1866, #710, .T. ) ;
#1546 = ORIENTED_EDGE ( 'NONE', *, *, #1786, .F. ) ;
#1547 = ORIENTED_EDGE ( 'NONE', *, *, #1422, .F. ) ;
#1548 = ORIENTED_EDGE ( 'NONE', *, *, #734, .T. ) ;
#1549 = PERSON_AND_ORGANIZATION ( #1373, #1374 ) ;
#1550 = APPROVAL_STATUS ( 'not_yet_approved' ) ;
#1551 = APPROVAL ( #1550, 'UNSPECIFIED' ) ;
#1552 = APPROVAL_ROLE ( '' ) ;
#1553 = APPROVAL_PERSON_ORGANIZATION ( #1549, #1551, #1552 ) ;
#1554 = COORDINATED_UNIVERSAL_TIME_OFFSET ( 9, 0, .AHEAD. ) ;
#1555 = LOCAL_TIME ( 20, 8, 27.00000000000000000, #1554 ) ;
#1556 = CALENDAR_DATE ( 2013, 18, 7 ) ;
#1557 = DATE_AND_TIME ( #1556, #1555 ) ;
#1558 = APPROVAL_DATE_TIME ( #1557, #1551 ) ;
#1559 = CC_DESIGN_APPROVAL ( #1551, ( #1543 ) ) ;
#1560 = PERSON_AND_ORGANIZATION ( #1373, #1374 ) ;
#1561 = PERSON_AND_ORGANIZATION_ROLE ( 'creator' ) ;
#1562 = CC_DESIGN_PERSON_AND_ORGANIZATION_ASSIGNMENT ( #1560, #1561, ( #1543 ) ) ;
#1563 = COORDINATED_UNIVERSAL_TIME_OFFSET ( 9, 0, .AHEAD. ) ;
#1564 = LOCAL_TIME ( 20, 8, 27.00000000000000000, #1563 ) ;
#1565 = ORIENTED_EDGE ( 'NONE', *, *, #1619, .T. ) ;
#1566 = ORIENTED_EDGE ( 'NONE', *, *, #1752, .T. ) ;
#1567 = EDGE_CURVE ( 'NONE', #177, #1128, #727, .T. ) ;
#1568 = CALENDAR_DATE ( 2013, 18, 7 ) ;
#1569 = DATE_AND_TIME ( #1568, #1564 ) ;
#1570 = DATE_TIME_ROLE ( 'creation_date' ) ;
#1571 = CC_DESIGN_DATE_AND_TIME_ASSIGNMENT ( #1569, #1570, ( #1543 ) ) ;
#1572 = PRODUCT_DEFINITION_FORMATION_WITH_SPECIFIED_SOURCE ( 'ANY', '', #1536, .NOT_KNOWN. ) ;
#1573 = PERSON_AND_ORGANIZATION ( #1373, #1374 ) ;
#1574 = APPROVAL_STATUS ( 'not_yet_approved' ) ;
#1575 = APPROVAL ( #1574, 'UNSPECIFIED' ) ;
#1576 = APPROVAL_ROLE ( '' ) ;
#1577 = APPROVAL_PERSON_ORGANIZATION ( #1573, #1575, #1576 ) ;
#1578 = COORDINATED_UNIVERSAL_TIME_OFFSET ( 9, 0, .AHEAD. ) ;
#1579 = LOCAL_TIME ( 20, 8, 27.00000000000000000, #1578 ) ;
#1580 = CALENDAR_DATE ( 2013, 18, 7 ) ;
#1581 = DATE_AND_TIME ( #1580, #1579 ) ;
#1582 = APPROVAL_DATE_TIME ( #1581, #1575 ) ;
#1583 = CC_DESIGN_APPROVAL ( #1575, ( #1572 ) ) ;
#1584 = ORIENTED_EDGE ( 'NONE', *, *, #1889, .T. ) ;
#1585 = PERSON_AND_ORGANIZATION ( #1373, #1374 ) ;
#1586 = PERSON_AND_ORGANIZATION_ROLE ( 'creator' ) ;
#1587 = CC_DESIGN_PERSON_AND_ORGANIZATION_ASSIGNMENT ( #1585, #1586, ( #1572 ) ) ;
#1588 = PERSON_AND_ORGANIZATION ( #1373, #1374 ) ;
#1589 = PERSON_AND_ORGANIZATION_ROLE ( 'design_supplier' ) ;
#1590 = CC_DESIGN_PERSON_AND_ORGANIZATION_ASSIGNMENT ( #1588, #1589, ( #1572 ) ) ;
#1591 = SECURITY_CLASSIFICATION_LEVEL ( 'unclassified' ) ;
#1592 = SECURITY_CLASSIFICATION ( '', '', #1591 ) ;
#1593 = PERSON_AND_ORGANIZATION ( #1373, #1374 ) ;
#1594 = PERSON_AND_ORGANIZATION_ROLE ( 'classification_officer' ) ;
#1595 = CC_DESIGN_PERSON_AND_ORGANIZATION_ASSIGNMENT ( #1593, #1594, ( #1592 ) ) ;
#1596 = COORDINATED_UNIVERSAL_TIME_OFFSET ( 9, 0, .AHEAD. ) ;
#1597 = LOCAL_TIME ( 20, 8, 27.00000000000000000, #1596 ) ;
#1598 = CALENDAR_DATE ( 2013, 18, 7 ) ;
#1599 = DATE_AND_TIME ( #1598, #1597 ) ;
#1600 = DATE_TIME_ROLE ( 'classification_date' ) ;
#1601 = ORIENTED_EDGE ( 'NONE', *, *, #1917, .F. ) ;
#1602 = VERTEX_POINT ( 'NONE', #739 ) ;
#1603 = CC_DESIGN_DATE_AND_TIME_ASSIGNMENT ( #1599, #1600, ( #1592 ) ) ;
#1604 = PERSON_AND_ORGANIZATION ( #1373, #1374 ) ;
#1605 = APPROVAL_STATUS ( 'not_yet_approved' ) ;
#1606 = APPROVAL ( #1605, 'UNSPECIFIED' ) ;
#1607 = APPROVAL_ROLE ( '' ) ;
#1608 = APPROVAL_PERSON_ORGANIZATION ( #1604, #1606, #1607 ) ;
#1609 = COORDINATED_UNIVERSAL_TIME_OFFSET ( 9, 0, .AHEAD. ) ;
#1610 = LOCAL_TIME ( 20, 8, 27.00000000000000000, #1609 ) ;
#1611 = CALENDAR_DATE ( 2013, 18, 7 ) ;
#1612 = DATE_AND_TIME ( #1611, #1610 ) ;
#1613 = APPROVAL_DATE_TIME ( #1612, #1606 ) ;
#1614 = CC_DESIGN_APPROVAL ( #1606, ( #1592 ) ) ;
#1615 = CC_DESIGN_SECURITY_CLASSIFICATION ( #1592, ( #1572 ) ) ;
#1616 = PRODUCT_RELATED_PRODUCT_CATEGORY ( 'detail', '', ( #1536 ) ) ;
#1617 = PRODUCT_DEFINITION_SHAPE ( 'NONE', 'NONE',  #1543 ) ;
#1618 = SHAPE_DEFINITION_REPRESENTATION ( #1617, #1330 ) ;
#1619 = EDGE_CURVE ( 'NONE', #1822, #1602, #740, .T. ) ;
#1620 = ITEM_DEFINED_TRANSFORMATION ( 'NONE', 'NONE', #1347,  #1326 ) ;
#1621 =( REPRESENTATION_RELATIONSHIP ('NONE','NONE', #1342, #1330 ) REPRESENTATION_RELATIONSHIP_WITH_TRANSFORMATION ( #1620 )SHAPE_REPRESENTATION_RELATIONSHIP( ) );
#1622 = PRODUCT_DEFINITION_SHAPE ( 'NONE', 'NONE',  #1623 ) ;
#1623 = NEXT_ASSEMBLY_USAGE_OCCURRENCE ( 'NAUO1', ' ', ' ', #1381, #1543, $ ) ;
#1624 = SECURITY_CLASSIFICATION_LEVEL ( 'unclassified' ) ;
#1625 = SECURITY_CLASSIFICATION ( '', '', #1624 ) ;
#1626 = CC_DESIGN_SECURITY_CLASSIFICATION ( #1625, ( #1623 ) ) ;
#1627 = APPROVAL_STATUS ( 'not_yet_approved' ) ;
#1628 = APPROVAL ( #1627, 'UNKNOWN' ) ;
#1629 = CC_DESIGN_APPROVAL ( #1628, ( #1625 ) ) ;
#1630 = COORDINATED_UNIVERSAL_TIME_OFFSET ( 9, 0, .AHEAD. ) ;
#1631 = LOCAL_TIME ( 20, 8, 27.00000000000000000, #1630 ) ;
#1632 = CALENDAR_DATE ( 2013, 18, 7 ) ;
#1633 = DATE_AND_TIME ( #1632, #1631 ) ;
#1634 = COORDINATED_UNIVERSAL_TIME_OFFSET ( 9, 0, .AHEAD. ) ;
#1635 = LOCAL_TIME ( 20, 8, 27.00000000000000000, #1634 ) ;
#1636 = ADVANCED_FACE ( 'NONE', ( #750 ), #751, .F. ) ;
#1637 = EDGE_LOOP ( 'NONE', ( #63, #1023, #1932, #443 ) ) ;
#1638 = EDGE_CURVE ( 'NONE', #1789, #5, #763, .T. ) ;
#1639 = CALENDAR_DATE ( 2013, 18, 7 ) ;
#1640 = DATE_AND_TIME ( #1639, #1635 ) ;
#1641 = APPROVAL_DATE_TIME ( #1640, #1628 ) ;
#1642 = APPROVAL_ROLE ( '' ) ;
#1643 = PERSON ( 'NAUO-PER1', 'UNSPECIFIED', 'UNSPECIFIED', ('UNSPECIFIED'), ('UNSPECIFIED'), ('UNSPECIFIED') ) ;
#1644 = ORGANIZATION ( 'NAUO-ORG1', 'UNSPECIFIED', 'UNSPECIFIED' ) ;
#1645 = PERSON_AND_ORGANIZATION ( #1643, #1644 ) ;
#1646 = APPROVAL_PERSON_ORGANIZATION ( #1645, #1628, #1642 ) ;
#1647 = DATE_TIME_ROLE ( 'classification_date' ) ;
#1648 = PERSON_AND_ORGANIZATION_ROLE ( 'classification_officer' ) ;
#1649 = CC_DESIGN_DATE_AND_TIME_ASSIGNMENT ( #1633, #1647, ( #1625 ) ) ;
#1650 = CC_DESIGN_PERSON_AND_ORGANIZATION_ASSIGNMENT ( #1645, #1648, ( #1625 ) ) ;
#1651 = CONTEXT_DEPENDENT_SHAPE_REPRESENTATION ( #1621, #1622 ) ;
#1652 = ITEM_DEFINED_TRANSFORMATION ( 'NONE', 'NONE', #1353,  #1326 ) ;
#1653 =( REPRESENTATION_RELATIONSHIP ('NONE','NONE', #1342, #1340 ) REPRESENTATION_RELATIONSHIP_WITH_TRANSFORMATION ( #1652 )SHAPE_REPRESENTATION_RELATIONSHIP( ) );
#1654 = PRODUCT_DEFINITION_SHAPE ( 'NONE', 'NONE',  #1657 ) ;
#1655 = VERTEX_POINT ( 'NONE', #767 ) ;
#1656 = VERTEX_POINT ( 'NONE', #768 ) ;
#1657 = NEXT_ASSEMBLY_USAGE_OCCURRENCE ( 'NAUO2', ' ', ' ', #1381, #1462, $ ) ;
#1658 = SECURITY_CLASSIFICATION_LEVEL ( 'unclassified' ) ;
#1659 = SECURITY_CLASSIFICATION ( '', '', #1658 ) ;
#1660 = CC_DESIGN_SECURITY_CLASSIFICATION ( #1659, ( #1657 ) ) ;
#1661 = APPROVAL_STATUS ( 'not_yet_approved' ) ;
#1662 = APPROVAL ( #1661, 'UNKNOWN' ) ;
#1663 = CC_DESIGN_APPROVAL ( #1662, ( #1659 ) ) ;
#1664 = COORDINATED_UNIVERSAL_TIME_OFFSET ( 9, 0, .AHEAD. ) ;
#1665 = LOCAL_TIME ( 20, 8, 27.00000000000000000, #1664 ) ;
#1666 = CALENDAR_DATE ( 2013, 18, 7 ) ;
#1667 = DATE_AND_TIME ( #1666, #1665 ) ;
#1668 = COORDINATED_UNIVERSAL_TIME_OFFSET ( 9, 0, .AHEAD. ) ;
#1669 = LOCAL_TIME ( 20, 8, 27.00000000000000000, #1668 ) ;
#1670 = CALENDAR_DATE ( 2013, 18, 7 ) ;
#1671 = DATE_AND_TIME ( #1670, #1669 ) ;
#1672 = APPROVAL_DATE_TIME ( #1671, #1662 ) ;
#1673 = VERTEX_POINT ( 'NONE', #778 ) ;
#1674 = ORIENTED_EDGE ( 'NONE', *, *, #478, .F. ) ;
#1675 = APPROVAL_ROLE ( '' ) ;
#1676 = PERSON ( 'NAUO-PER2', 'UNSPECIFIED', 'UNSPECIFIED', ('UNSPECIFIED'), ('UNSPECIFIED'), ('UNSPECIFIED') ) ;
#1677 = ORGANIZATION ( 'NAUO-ORG2', 'UNSPECIFIED', 'UNSPECIFIED' ) ;
#1678 = PERSON_AND_ORGANIZATION ( #1676, #1677 ) ;
#1679 = APPROVAL_PERSON_ORGANIZATION ( #1678, #1662, #1675 ) ;
#1680 = DATE_TIME_ROLE ( 'classification_date' ) ;
#1681 = PERSON_AND_ORGANIZATION_ROLE ( 'classification_officer' ) ;
#1682 = CC_DESIGN_DATE_AND_TIME_ASSIGNMENT ( #1667, #1680, ( #1659 ) ) ;
#1683 = CC_DESIGN_PERSON_AND_ORGANIZATION_ASSIGNMENT ( #1678, #1681, ( #1659 ) ) ;
#1684 = CONTEXT_DEPENDENT_SHAPE_REPRESENTATION ( #1653, #1654 ) ;
#1685 = EDGE_CURVE ( 'NONE', #11, #1811, #787, .T. ) ;
#1686 = ORIENTED_EDGE ( 'NONE', *, *, #1295, .F. ) ;
#1687 = EDGE_LOOP ( 'NONE', ( #1729, #1781, #1913, #967 ) ) ;
#1688 = ORIENTED_EDGE ( 'NONE', *, *, #1871, .F. ) ;
#1689 = ORIENTED_EDGE ( 'NONE', *, *, #8, .F. ) ;
#1690 = EDGE_CURVE ( 'NONE', #1816, #1847, #822, .T. ) ;
#1691 = VERTEX_POINT ( 'NONE', #827 ) ;
#1692 = EDGE_LOOP ( 'NONE', ( #1726, #1854, #1905, #1888 ) ) ;
#1693 = VERTEX_POINT ( 'NONE', #828 ) ;
#1694 = ADVANCED_FACE ( 'NONE', ( #831 ), #832, .F. ) ;
#1695 = ORIENTED_EDGE ( 'NONE', *, *, #1810, .F. ) ;
#1696 = ADVANCED_FACE ( 'NONE', ( #837, #838 ), #839, .T. ) ;
#1697 = ORIENTED_EDGE ( 'NONE', *, *, #1704, .T. ) ;
#1698 = EDGE_CURVE ( 'NONE', #170, #145, #844, .T. ) ;
#1699 = VERTEX_POINT ( 'NONE', #850 ) ;
#1700 = ADVANCED_FACE ( 'NONE', ( #851 ), #852, .F. ) ;
#1701 = VERTEX_POINT ( 'NONE', #857 ) ;
#1702 = EDGE_LOOP ( 'NONE', ( #98, #1858, #1918, #29 ) ) ;
#1703 = VERTEX_POINT ( 'NONE', #862 ) ;
#1704 = EDGE_CURVE ( 'NONE', #1294, #1844, #864, .T. ) ;
#1705 = EDGE_CURVE ( 'NONE', #368, #572, #871, .T. ) ;
#1706 = EDGE_LOOP ( 'NONE', ( #1165, #1896 ) ) ;
#1707 = EDGE_LOOP ( 'NONE', ( #553, #1601, #1779, #1895 ) ) ;
#1708 = ORIENTED_EDGE ( 'NONE', *, *, #4, .T. ) ;
#1709 = VERTEX_POINT ( 'NONE', #882 ) ;
#1710 = ORIENTED_EDGE ( 'NONE', *, *, #55, .F. ) ;
#1711 = ORIENTED_EDGE ( 'NONE', *, *, #110, .F. ) ;
#1712 = ORIENTED_EDGE ( 'NONE', *, *, #66, .F. ) ;
#1713 = ORIENTED_EDGE ( 'NONE', *, *, #1772, .T. ) ;
#1714 = ORIENTED_EDGE ( 'NONE', *, *, #1771, .F. ) ;
#1715 = ORIENTED_EDGE ( 'NONE', *, *, #1760, .T. ) ;
#1716 = EDGE_CURVE ( 'NONE', #102, #108, #919, .T. ) ;
#1717 = ORIENTED_EDGE ( 'NONE', *, *, #150, .T. ) ;
#1718 = EDGE_LOOP ( 'NONE', ( #1798, #113, #1733, #1901 ) ) ;
#1719 = ADVANCED_FACE ( 'NONE', ( #927 ), #928, .F. ) ;
#1720 = EDGE_LOOP ( 'NONE', ( #50, #1864, #1184, #21 ) ) ;
#1721 = ORIENTED_EDGE ( 'NONE', *, *, #1422, .T. ) ;
#1722 = EDGE_CURVE ( 'NONE', #187, #1703, #934, .T. ) ;
#1723 = ORIENTED_EDGE ( 'NONE', *, *, #1704, .F. ) ;
#1724 = EDGE_CURVE ( 'NONE', #19, #1825, #939, .T. ) ;
#1725 = EDGE_CURVE ( 'NONE', #330, #1802, #951, .T. ) ;
#1726 = ORIENTED_EDGE ( 'NONE', *, *, #1024, .T. ) ;
#1727 = EDGE_LOOP ( 'NONE', ( #1799, #1927, #1906, #57 ) ) ;
#1728 = ADVANCED_FACE ( 'NONE', ( #955 ), #956, .F. ) ;
#1729 = ORIENTED_EDGE ( 'NONE', *, *, #1295, .T. ) ;
#1730 = VERTEX_POINT ( 'NONE', #961 ) ;
#1731 = ORIENTED_EDGE ( 'NONE', *, *, #757, .T. ) ;
#1732 = EDGE_CURVE ( 'NONE', #404, #1860, #991, .T. ) ;
#1733 = ORIENTED_EDGE ( 'NONE', *, *, #1770, .F. ) ;
#1734 = ORIENTED_EDGE ( 'NONE', *, *, #65, .T. ) ;
#1735 = ORIENTED_EDGE ( 'NONE', *, *, #4, .F. ) ;
#1736 = EDGE_CURVE ( 'NONE', #1851, #923, #1009, .T. ) ;
#1737 = ADVANCED_FACE ( 'NONE', ( #1013 ), #1014, .F. ) ;
#1738 = ORIENTED_EDGE ( 'NONE', *, *, #1827, .F. ) ;
#1739 = ORIENTED_EDGE ( 'NONE', *, *, #847, .T. ) ;
#1740 = ADVANCED_FACE ( 'NONE', ( #1026 ), #1027, .F. ) ;
#1741 = ORIENTED_EDGE ( 'NONE', *, *, #531, .T. ) ;
#1742 = ORIENTED_EDGE ( 'NONE', *, *, #153, .F. ) ;
#1743 = ORIENTED_EDGE ( 'NONE', *, *, #1807, .F. ) ;
#1744 = EDGE_LOOP ( 'NONE', ( #56, #1094, #44, #97 ) ) ;
#1745 = ORIENTED_EDGE ( 'NONE', *, *, #22, .T. ) ;
#1746 = VERTEX_POINT ( 'NONE', #1046 ) ;
#1747 = ORIENTED_EDGE ( 'NONE', *, *, #135, .F. ) ;
#1748 = EDGE_LOOP ( 'NONE', ( #25, #41, #1780, #866, #151 ) ) ;
#1749 = EDGE_LOOP ( 'NONE', ( #1867, #1404, #1204, #1861 ) ) ;
#1750 = MANIFOLD_SOLID_BREP ( 'NONE', #6 ) ;
#1751 = ADVANCED_FACE ( 'NONE', ( #1052 ), #1053, .F. ) ;
#1752 = EDGE_CURVE ( 'NONE', #1847, #1880, #1058, .T. ) ;
#1753 = ORIENTED_EDGE ( 'NONE', *, *, #159, .F. ) ;
#1754 = ORIENTED_EDGE ( 'NONE', *, *, #1757, .F. ) ;
#1755 = VERTEX_POINT ( 'NONE', #1068 ) ;
#1756 = EDGE_LOOP ( 'NONE', ( #1792, #101, #26, #1565 ) ) ;
#1757 = EDGE_CURVE ( 'NONE', #1491, #1855, #1073, .T. ) ;
#1758 = ORIENTED_EDGE ( 'NONE', *, *, #93, .F. ) ;
#1759 = ORIENTED_EDGE ( 'NONE', *, *, #82, .T. ) ;
#1760 = EDGE_CURVE ( 'NONE', #368, #1544, #1087, .T. ) ;
#1761 = ORIENTED_EDGE ( 'NONE', *, *, #158, .F. ) ;
#1762 = VERTEX_POINT ( 'NONE', #1096 ) ;
#1763 = ORIENTED_EDGE ( 'NONE', *, *, #1902, .F. ) ;
#1764 = VERTEX_POINT ( 'NONE', #1107 ) ;
#1765 = ORIENTED_EDGE ( 'NONE', *, *, #1725, .F. ) ;
#1766 = ORIENTED_EDGE ( 'NONE', *, *, #95, .F. ) ;
#1767 = ORIENTED_EDGE ( 'NONE', *, *, #295, .F. ) ;
#1768 = EDGE_LOOP ( 'NONE', ( #438, #168, #1747, #1370 ) ) ;
#1769 = EDGE_CURVE ( 'NONE', #923, #1787, #1120, .T. ) ;
#1770 = EDGE_CURVE ( 'NONE', #1869, #125, #1124, .T. ) ;
#1771 = EDGE_CURVE ( 'NONE', #1544, #1693, #1131, .T. ) ;
#1772 = EDGE_CURVE ( 'NONE', #330, #368, #1135, .T. ) ;
#1773 = ORIENTED_EDGE ( 'NONE', *, *, #1685, .T. ) ;
#1774 = ADVANCED_FACE ( 'NONE', ( #1139 ), #1140, .F. ) ;
#1775 = EDGE_CURVE ( 'NONE', #1866, #1762, #1145, .T. ) ;
#1776 = ORIENTED_EDGE ( 'NONE', *, *, #1698, .T. ) ;
#1777 = ORIENTED_EDGE ( 'NONE', *, *, #1690, .F. ) ;
#1778 = ORIENTED_EDGE ( 'NONE', *, *, #1716, .T. ) ;
#1779 = ORIENTED_EDGE ( 'NONE', *, *, #755, .F. ) ;
#1780 = ORIENTED_EDGE ( 'NONE', *, *, #1835, .F. ) ;
#1781 = ORIENTED_EDGE ( 'NONE', *, *, #1705, .F. ) ;
#1782 = EDGE_CURVE ( 'NONE', #173, #987, #1176, .T. ) ;
#1783 = EDGE_CURVE ( 'NONE', #1764, #116, #1185, .T. ) ;
#1784 = ORIENTED_EDGE ( 'NONE', *, *, #966, .T. ) ;
#1785 = ORIENTED_EDGE ( 'NONE', *, *, #1795, .T. ) ;
#1786 = EDGE_CURVE ( 'NONE', #1887, #170, #1189, .T. ) ;
#1787 = VERTEX_POINT ( 'NONE', #1193 ) ;
#1788 = ORIENTED_EDGE ( 'NONE', *, *, #152, .T. ) ;
#1789 = VERTEX_POINT ( 'NONE', #1195 ) ;
#1790 = EDGE_LOOP ( 'NONE', ( #1777, #67, #15, #128 ) ) ;
#1791 = ORIENTED_EDGE ( 'NONE', *, *, #84, .F. ) ;
#1792 = ORIENTED_EDGE ( 'NONE', *, *, #80, .T. ) ;
#1793 = ORIENTED_EDGE ( 'NONE', *, *, #157, .F. ) ;
#1794 = EDGE_CURVE ( 'NONE', #1297, #1851, #1207, .T. ) ;
#1795 = EDGE_CURVE ( 'NONE', #138, #11, #1211, .T. ) ;
#1796 = VERTEX_POINT ( 'NONE', #1215 ) ;
#1797 = ORIENTED_EDGE ( 'NONE', *, *, #1794, .T. ) ;
#1798 = ORIENTED_EDGE ( 'NONE', *, *, #143, .F. ) ;
#1799 = ORIENTED_EDGE ( 'NONE', *, *, #1794, .F. ) ;
#1800 = ADVANCED_FACE ( 'NONE', ( #1239 ), #1240, .F. ) ;
#1801 = EDGE_LOOP ( 'NONE', ( #921, #1166, #1708, #754 ) ) ;
#1802 = VERTEX_POINT ( 'NONE', #1247 ) ;
#1803 = EDGE_CURVE ( 'NONE', #1823, #753, #1252, .T. ) ;
#1804 = ADVANCED_FACE ( 'NONE', ( #1256 ), #1257, .F. ) ;
#1805 = VERTEX_POINT ( 'NONE', #1264 ) ;
#1806 = ORIENTED_EDGE ( 'NONE', *, *, #1891, .F. ) ;
#1807 = EDGE_CURVE ( 'NONE', #11, #1851, #1269, .T. ) ;
#1808 = ORIENTED_EDGE ( 'NONE', *, *, #33, .F. ) ;
#1809 = ORIENTED_EDGE ( 'NONE', *, *, #164, .T. ) ;
#1810 = EDGE_CURVE ( 'NONE', #1703, #5, #1273, .T. ) ;
#1811 = VERTEX_POINT ( 'NONE', #1282 ) ;
#1812 = ORIENTED_EDGE ( 'NONE', *, *, #1891, .T. ) ;
#1813 = ORIENTED_EDGE ( 'NONE', *, *, #1894, .T. ) ;
#1814 = EDGE_CURVE ( 'NONE', #1673, #1655, #1287, .T. ) ;
#1815 = EDGE_LOOP ( 'NONE', ( #1334, #32, #96, #175 ) ) ;
#1816 = VERTEX_POINT ( 'NONE', #1299 ) ;
#1817 = ADVANCED_FACE ( 'NONE', ( #1300 ), #1301, .T. ) ;
#1818 = ADVANCED_FACE ( 'NONE', ( #1307 ), #1308, .F. ) ;
#1819 = ORIENTED_EDGE ( 'NONE', *, *, #94, .T. ) ;
#1820 = ORIENTED_EDGE ( 'NONE', *, *, #1902, .T. ) ;
#1821 = ORIENTED_EDGE ( 'NONE', *, *, #1724, .F. ) ;
#1822 = VERTEX_POINT ( 'NONE', #694 ) ;
#1823 = VERTEX_POINT ( 'NONE', #695 ) ;
#1824 = ADVANCED_FACE ( 'NONE', ( #696, #700 ), #701, .F. ) ;
#1825 = VERTEX_POINT ( 'NONE', #706 ) ;
#1826 = EDGE_CURVE ( 'NONE', #1822, #1823, #715, .T. ) ;
#1827 = EDGE_CURVE ( 'NONE', #296, #404, #723, .T. ) ;
#1828 = EDGE_LOOP ( 'NONE', ( #1838, #1924, #848, #130 ) ) ;
#1829 = ORIENTED_EDGE ( 'NONE', *, *, #313, .T. ) ;
#1830 = ORIENTED_EDGE ( 'NONE', *, *, #1850, .F. ) ;
#1831 = ORIENTED_EDGE ( 'NONE', *, *, #27, .F. ) ;
#1832 = ORIENTED_EDGE ( 'NONE', *, *, #161, .F. ) ;
#1833 = ORIENTED_EDGE ( 'NONE', *, *, #1736, .T. ) ;
#1834 = VERTEX_POINT ( 'NONE', #280 ) ;
#1835 = EDGE_CURVE ( 'NONE', #1762, #1602, #281, .T. ) ;
#1836 = ORIENTED_EDGE ( 'NONE', *, *, #791, .T. ) ;
#1837 = ORIENTED_EDGE ( 'NONE', *, *, #441, .T. ) ;
#1838 = ORIENTED_EDGE ( 'NONE', *, *, #147, .F. ) ;
#1839 = ADVANCED_FACE ( 'NONE', ( #350 ), #351, .F. ) ;
#1840 = VERTEX_POINT ( 'NONE', #366 ) ;
#1841 = ORIENTED_EDGE ( 'NONE', *, *, #1130, .T. ) ;
#1842 = ORIENTED_EDGE ( 'NONE', *, *, #441, .F. ) ;
#1843 = EDGE_CURVE ( 'NONE', #369, #1787, #426, .T. ) ;
#1844 = VERTEX_POINT ( 'NONE', #479 ) ;
#1845 = EDGE_LOOP ( 'NONE', ( #1788, #1785, #1773, #903 ) ) ;
#1846 = ORIENTED_EDGE ( 'NONE', *, *, #147, .T. ) ;
#1847 = VERTEX_POINT ( 'NONE', #523 ) ;
#1848 = ADVANCED_FACE ( 'NONE', ( #525 ), #526, .F. ) ;
#1849 = EDGE_LOOP ( 'NONE', ( #1879, #1841, #89, #49 ) ) ;
#1850 = EDGE_CURVE ( 'NONE', #1844, #1294, #535, .T. ) ;
#1851 = VERTEX_POINT ( 'NONE', #568 ) ;
#1852 = ORIENTED_EDGE ( 'NONE', *, *, #276, .T. ) ;
#1853 = EDGE_LOOP ( 'NONE', ( #1909, #1689, #123, #1900 ) ) ;
#1854 = ORIENTED_EDGE ( 'NONE', *, *, #531, .F. ) ;
#1855 = VERTEX_POINT ( 'NONE', #620 ) ;
#1856 = ORIENTED_EDGE ( 'NONE', *, *, #663, .F. ) ;
#1857 = VERTEX_POINT ( 'NONE', #627 ) ;
#1858 = ORIENTED_EDGE ( 'NONE', *, *, #93, .T. ) ;
#1859 = EDGE_CURVE ( 'NONE', #1294, #1862, #628, .T. ) ;
#1860 = VERTEX_POINT ( 'NONE', #632 ) ;
#1861 = ORIENTED_EDGE ( 'NONE', *, *, #1223, .T. ) ;
#1862 = VERTEX_POINT ( 'NONE', #655 ) ;
#1863 = ADVANCED_FACE ( 'NONE', ( #660 ), #661, .T. ) ;
#1864 = ORIENTED_EDGE ( 'NONE', *, *, #1202, .F. ) ;
#1865 = ORIENTED_EDGE ( 'NONE', *, *, #46, .T. ) ;
#1866 = VERTEX_POINT ( 'NONE', #731 ) ;
#1867 = ORIENTED_EDGE ( 'NONE', *, *, #1567, .T. ) ;
#1868 = ADVANCED_FACE ( 'NONE', ( #744 ), #745, .F. ) ;
#1869 = VERTEX_POINT ( 'NONE', #762 ) ;
#1870 = ORIENTED_EDGE ( 'NONE', *, *, #2, .T. ) ;
#1871 = EDGE_CURVE ( 'NONE', #1899, #1907, #779, .T. ) ;
#1872 = EDGE_CURVE ( 'NONE', #1787, #1297, #783, .T. ) ;
#1873 = ORIENTED_EDGE ( 'NONE', *, *, #176, .F. ) ;
#1874 = EDGE_CURVE ( 'NONE', #72, #1862, #805, .T. ) ;
#1875 = ADVANCED_FACE ( 'NONE', ( #810 ), #813, .F. ) ;
#1876 = ORIENTED_EDGE ( 'NONE', *, *, #1638, .T. ) ;
#1877 = ORIENTED_EDGE ( 'NONE', *, *, #444, .T. ) ;
#1878 = ADVANCED_FACE ( 'NONE', ( #875 ), #876, .F. ) ;
#1879 = ORIENTED_EDGE ( 'NONE', *, *, #947, .T. ) ;
#1880 = VERTEX_POINT ( 'NONE', #881 ) ;
#1881 = ADVANCED_FACE ( 'NONE', ( #884, #885 ), #886, .T. ) ;
#1882 = ORIENTED_EDGE ( 'NONE', *, *, #148, .T. ) ;
#1883 = ORIENTED_EDGE ( 'NONE', *, *, #1850, .T. ) ;
#1884 = ORIENTED_EDGE ( 'NONE', *, *, #965, .F. ) ;
#1885 = ADVANCED_FACE ( 'NONE', ( #913 ), #914, .T. ) ;
#1886 = EDGE_LOOP ( 'NONE', ( #552, #1761, #10, #144 ) ) ;
#1887 = VERTEX_POINT ( 'NONE', #933 ) ;
#1888 = ORIENTED_EDGE ( 'NONE', *, *, #157, .T. ) ;
#1889 = EDGE_CURVE ( 'NONE', #1866, #1822, #962, .T. ) ;
#1890 = ADVANCED_FACE ( 'NONE', ( #971 ), #972, .F. ) ;
#1891 = EDGE_CURVE ( 'NONE', #1764, #61, #977, .T. ) ;
#1892 = ORIENTED_EDGE ( 'NONE', *, *, #534, .F. ) ;
#1893 = EDGE_CURVE ( 'NONE', #989, #12, #1019, .T. ) ;
#1894 = EDGE_CURVE ( 'NONE', #1656, #1920, #1032, .T. ) ;
#1895 = ORIENTED_EDGE ( 'NONE', *, *, #646, .T. ) ;
#1896 = ORIENTED_EDGE ( 'NONE', *, *, #847, .F. ) ;
#1897 = ORIENTED_EDGE ( 'NONE', *, *, #124, .F. ) ;
#1898 = VERTEX_POINT ( 'NONE', #1047 ) ;
#1899 = VERTEX_POINT ( 'NONE', #1067 ) ;
#1900 = ORIENTED_EDGE ( 'NONE', *, *, #1705, .T. ) ;
#1901 = ORIENTED_EDGE ( 'NONE', *, *, #1509, .F. ) ;
#1902 = EDGE_CURVE ( 'NONE', #1699, #1709, #1079, .T. ) ;
#1903 = EDGE_CURVE ( 'NONE', #1351, #39, #1083, .T. ) ;
#1904 = EDGE_CURVE ( 'NONE', #1703, #1148, #1091, .T. ) ;
#1905 = ORIENTED_EDGE ( 'NONE', *, *, #1474, .F. ) ;
#1906 = ORIENTED_EDGE ( 'NONE', *, *, #1769, .F. ) ;
#1907 = VERTEX_POINT ( 'NONE', #1097 ) ;
#1908 = ORIENTED_EDGE ( 'NONE', *, *, #1783, .T. ) ;
#1909 = ORIENTED_EDGE ( 'NONE', *, *, #14, .T. ) ;
#1910 = ORIENTED_EDGE ( 'NONE', *, *, #865, .T. ) ;
#1911 = ORIENTED_EDGE ( 'NONE', *, *, #755, .T. ) ;
#1912 = EDGE_LOOP ( 'NONE', ( #946, #62, #54, #794 ) ) ;
#1913 = ORIENTED_EDGE ( 'NONE', *, *, #1772, .F. ) ;
#1914 = ORIENTED_EDGE ( 'NONE', *, *, #1782, .T. ) ;
#1915 = ORIENTED_EDGE ( 'NONE', *, *, #1903, .T. ) ;
#1916 = ADVANCED_FACE ( 'NONE', ( #1157, #1158, #1159 ), #1160, .F. ) ;
#1917 = EDGE_CURVE ( 'NONE', #1439, #1869, #1180, .T. ) ;
#1918 = ORIENTED_EDGE ( 'NONE', *, *, #85, .F. ) ;
#1919 = EDGE_LOOP ( 'NONE', ( #109, #1147, #1754, #643 ) ) ;
#1920 = VERTEX_POINT ( 'NONE', #1206 ) ;
#1921 = ORIENTED_EDGE ( 'NONE', *, *, #1917, .T. ) ;
#1922 = EDGE_LOOP ( 'NONE', ( #1456, #1714, #986, #1778 ) ) ;
#1923 = ORIENTED_EDGE ( 'NONE', *, *, #143, .T. ) ;
#1924 = ORIENTED_EDGE ( 'NONE', *, *, #1893, .T. ) ;
#1925 = ORIENTED_EDGE ( 'NONE', *, *, #74, .F. ) ;
#1926 = EDGE_CURVE ( 'NONE', #138, #1297, #1248, .T. ) ;
#1927 = ORIENTED_EDGE ( 'NONE', *, *, #1872, .F. ) ;
#1928 = ORIENTED_EDGE ( 'NONE', *, *, #735, .F. ) ;
#1929 = ORIENTED_EDGE ( 'NONE', *, *, #1638, .F. ) ;
#1930 = ORIENTED_EDGE ( 'NONE', *, *, #1807, .T. ) ;
#1931 = ORIENTED_EDGE ( 'NONE', *, *, #534, .T. ) ;
#1932 = ORIENTED_EDGE ( 'NONE', *, *, #969, .F. ) ;
ENDSEC;
END-ISO-10303-21;
