ISO-10303-21;
HEADER;
FILE_DESCRIPTION (( 'STEP AP214' ),
    '1' );
FILE_NAME ('1746142-1.STEP',
    '2023-01-27T07:34:08',
    ( '' ),
    ( '' ),
    'SwSTEP 2.0',
    'SolidWorks 2021',
    '' );
FILE_SCHEMA (( 'AUTOMOTIVE_DESIGN' ));
ENDSEC;

DATA;
#1 = DIRECTION ( 'NONE',  ( 1.000000000000000000, 0.000000000000000000, 0.000000000000000000 ) ) ;
#2 = DIRECTION ( 'NONE',  ( 1.000000000000000000, 0.000000000000000000, 0.000000000000000000 ) ) ;
#3 = ORIENTED_EDGE ( 'NONE', *, *, #3288, .F. ) ;
#4 = ORIENTED_EDGE ( 'NONE', *, *, #2494, .T. ) ;
#5 = EDGE_CURVE ( 'NONE', #3568, #1362, #922, .T. ) ;
#6 = LINE ( 'NONE', #290, #211 ) ;
#7 = CARTESIAN_POINT ( 'NONE',  ( 3.700000000000000178, 0.1499999999999999944, -4.500000000000000000 ) ) ;
#8 = EDGE_LOOP ( 'NONE', ( #3765, #3780, #818, #1524 ) ) ;
#9 = VERTEX_POINT ( 'NONE', #1824 ) ;
#10 = DIRECTION ( 'NONE',  ( -1.000000000000000000, -2.211772431870427152E-14, 0.000000000000000000 ) ) ;
#11 = CYLINDRICAL_SURFACE ( 'NONE', #2331, 1.149999999999999911 ) ;
#12 = DIRECTION ( 'NONE',  ( -1.000000000000000000, 0.000000000000000000, 0.000000000000000000 ) ) ;
#13 = ORIENTED_EDGE ( 'NONE', *, *, #2241, .F. ) ;
#14 = EDGE_CURVE ( 'NONE', #1987, #2006, #3343, .T. ) ;
#15 = VECTOR ( 'NONE', #3600, 1000.000000000000000 ) ;
#16 = CARTESIAN_POINT ( 'NONE',  ( 6.200000000000000178, 0.05000000000000000278, -3.500000000000000000 ) ) ;
#17 =( GEOMETRIC_REPRESENTATION_CONTEXT ( 3 ) GLOBAL_UNCERTAINTY_ASSIGNED_CONTEXT ( ( #2625 ) ) GLOBAL_UNIT_ASSIGNED_CONTEXT ( ( #3067, #1015, #1327 ) ) REPRESENTATION_CONTEXT ( 'NONE', 'WORKASPACE' ) );
#18 = DIRECTION ( 'NONE',  ( 0.000000000000000000, -1.000000000000000000, 0.000000000000000000 ) ) ;
#19 = PLANE ( 'NONE',  #2344 ) ;
#20 = VECTOR ( 'NONE', #2490, 1000.000000000000000 ) ;
#21 = CARTESIAN_POINT ( 'NONE',  ( -3.600000000000000089, 5.181170417968000486, 0.2201083268449000041 ) ) ;
#22 = DIRECTION ( 'NONE',  ( 0.000000000000000000, 0.000000000000000000, -1.000000000000000000 ) ) ;
#23 = LINE ( 'NONE', #2934, #986 ) ;
#24 = VECTOR ( 'NONE', #1214, 1000.000000000000000 ) ;
#25 = ORIENTED_EDGE ( 'NONE', *, *, #2992, .T. ) ;
#26 = ORIENTED_EDGE ( 'NONE', *, *, #3082, .T. ) ;
#27 = AXIS2_PLACEMENT_3D ( 'NONE', #1088, #2261, #2326 ) ;
#28 = DIRECTION ( 'NONE',  ( -1.000000000000000000, 0.000000000000000000, 0.000000000000000000 ) ) ;
#29 = ORIENTED_EDGE ( 'NONE', *, *, #2701, .F. ) ;
#30 = EDGE_CURVE ( 'NONE', #2184, #2029, #2072, .T. ) ;
#31 = ORIENTED_EDGE ( 'NONE', *, *, #2377, .T. ) ;
#32 = LINE ( 'NONE', #348, #3779 ) ;
#33 = DIRECTION ( 'NONE',  ( 0.000000000000000000, 0.9886859966642603803, -0.1499999999999939715 ) ) ;
#34 = CARTESIAN_POINT ( 'NONE',  ( 3.000000000000000000, -0.5000000000000000000, -1.500000000000000000 ) ) ;
#35 = ORIENTED_EDGE ( 'NONE', *, *, #1678, .T. ) ;
#36 = VERTEX_POINT ( 'NONE', #2959 ) ;
#37 = VECTOR ( 'NONE', #2782, 1000.000000000000000 ) ;
#38 = EDGE_CURVE ( 'NONE', #3158, #3522, #1491, .T. ) ;
#39 = FACE_OUTER_BOUND ( 'NONE', #1757, .T. ) ;
#40 = LINE ( 'NONE', #1220, #2461 ) ;
#41 = CARTESIAN_POINT ( 'NONE',  ( 3.600000000000000089, 2.799999999999999822, 0.000000000000000000 ) ) ;
#42 = LINE ( 'NONE', #3535, #3766 ) ;
#43 = ORIENTED_EDGE ( 'NONE', *, *, #1740, .T. ) ;
#44 = ORIENTED_EDGE ( 'NONE', *, *, #3409, .F. ) ;
#45 = VERTEX_POINT ( 'NONE', #1767 ) ;
#46 = ORIENTED_EDGE ( 'NONE', *, *, #2148, .F. ) ;
#47 = DIRECTION ( 'NONE',  ( 1.000000000000000000, 0.000000000000000000, 0.000000000000000000 ) ) ;
#48 = CARTESIAN_POINT ( 'NONE',  ( 5.349999999999999645, 0.4500000000000000111, -0.5000000000000000000 ) ) ;
#49 = CARTESIAN_POINT ( 'NONE',  ( 2.700000000000000178, 0.2364864864865000027, -3.668918918919000127 ) ) ;
#50 = ORIENTED_EDGE ( 'NONE', *, *, #1311, .T. ) ;
#51 = ADVANCED_FACE ( 'NONE', ( #1219 ), #19, .T. ) ;
#52 = VECTOR ( 'NONE', #3225, 1000.000000000000000 ) ;
#53 = DIRECTION ( 'NONE',  ( -1.000000000000000000, 0.000000000000000000, 0.000000000000000000 ) ) ;
#54 = ADVANCED_FACE ( 'NONE', ( #3265 ), #2422, .T. ) ;
#55 = EDGE_CURVE ( 'NONE', #3688, #3568, #1201, .T. ) ;
#56 = CARTESIAN_POINT ( 'NONE',  ( 4.890000000000000568, 0.5500000000000000444, -2.100000000000000089 ) ) ;
#57 = DIRECTION ( 'NONE',  ( -1.000000000000000000, 0.000000000000000000, 0.000000000000000000 ) ) ;
#58 = LINE ( 'NONE', #1203, #386 ) ;
#59 = CARTESIAN_POINT ( 'NONE',  ( -3.700000000000000178, 0.1499999999999999944, -4.000000000000000000 ) ) ;
#60 = ADVANCED_FACE ( 'NONE', ( #3572 ), #3491, .T. ) ;
#61 = ORIENTED_EDGE ( 'NONE', *, *, #3176, .T. ) ;
#62 = VECTOR ( 'NONE', #778, 1000.000000000000000 ) ;
#63 = ORIENTED_EDGE ( 'NONE', *, *, #3400, .T. ) ;
#64 = CARTESIAN_POINT ( 'NONE',  ( 2.700000000000000178, 0.2851351351350999708, -3.810810810811000149 ) ) ;
#65 = ORIENTED_EDGE ( 'NONE', *, *, #2696, .T. ) ;
#66 = EDGE_CURVE ( 'NONE', #3634, #800, #927, .T. ) ;
#67 = VERTEX_POINT ( 'NONE', #302 ) ;
#68 = CARTESIAN_POINT ( 'NONE',  ( 4.890000000000000568, 0.05000000000000000278, -2.100000000000000089 ) ) ;
#69 = CARTESIAN_POINT ( 'NONE',  ( -2.799999999999999822, 3.500000000000000000, 1.300000000000000044 ) ) ;
#70 = DIRECTION ( 'NONE',  ( -0.000000000000000000, 1.000000000000000000, 0.000000000000000000 ) ) ;
#71 = VERTEX_POINT ( 'NONE', #1805 ) ;
#72 = DIRECTION ( 'NONE',  ( 1.000000000000000000, 0.000000000000000000, 0.000000000000000000 ) ) ;
#73 = EDGE_CURVE ( 'NONE', #1587, #3580, #244, .T. ) ;
#74 = PLANE ( 'NONE',  #1122 ) ;
#75 = VECTOR ( 'NONE', #2488, 1000.000000000000000 ) ;
#76 = LINE ( 'NONE', #3607, #1333 ) ;
#77 = EDGE_CURVE ( 'NONE', #242, #2497, #615, .T. ) ;
#78 = CARTESIAN_POINT ( 'NONE',  ( -5.100000000000000533, 0.4500000000000000111, -1.800000000000000044 ) ) ;
#79 = FACE_OUTER_BOUND ( 'NONE', #345, .T. ) ;
#80 = DIRECTION ( 'NONE',  ( 0.000000000000000000, -1.000000000000000000, 0.000000000000000000 ) ) ;
#81 = EDGE_LOOP ( 'NONE', ( #3157, #443, #1366, #1261, #2707, #2988, #3049, #662 ) ) ;
#82 = AXIS2_PLACEMENT_3D ( 'NONE', #69, #388, #3601 ) ;
#83 = ORIENTED_EDGE ( 'NONE', *, *, #3288, .T. ) ;
#84 = ORIENTED_EDGE ( 'NONE', *, *, #1863, .T. ) ;
#85 = DIRECTION ( 'NONE',  ( -1.000000000000000000, 0.000000000000000000, 0.000000000000000000 ) ) ;
#86 = DIRECTION ( 'NONE',  ( 0.000000000000000000, 0.000000000000000000, -1.000000000000000000 ) ) ;
#87 = ORIENTED_EDGE ( 'NONE', *, *, #2148, .T. ) ;
#88 = DIRECTION ( 'NONE',  ( 0.000000000000000000, 0.7511704179678837523, 0.6601083268448860730 ) ) ;
#89 = EDGE_CURVE ( 'NONE', #3711, #3516, #867, .T. ) ;
#90 = FACE_OUTER_BOUND ( 'NONE', #3824, .T. ) ;
#91 = VECTOR ( 'NONE', #341, 1000.000000000000000 ) ;
#92 = VECTOR ( 'NONE', #2287, 1000.000000000000000 ) ;
#93 = CARTESIAN_POINT ( 'NONE',  ( -3.600000000000000089, 3.500000000000000000, 1.300000000000000044 ) ) ;
#94 = CARTESIAN_POINT ( 'NONE',  ( -2.700000000000000178, 0.3977371993329000266, -3.500000000000000000 ) ) ;
#95 = CARTESIAN_POINT ( 'NONE',  ( 6.200000000000000178, 1.199999999999999956, -2.100000000000000089 ) ) ;
#96 = DIRECTION ( 'NONE',  ( 0.000000000000000000, 1.000000000000000000, 0.000000000000000000 ) ) ;
#97 = ORIENTED_EDGE ( 'NONE', *, *, #2301, .F. ) ;
#98 = DIRECTION ( 'NONE',  ( 0.000000000000000000, 0.000000000000000000, 1.000000000000000000 ) ) ;
#99 = EDGE_LOOP ( 'NONE', ( #2518, #1872, #3030, #2832 ) ) ;
#100 = VECTOR ( 'NONE', #248, 1000.000000000000000 ) ;
#101 = ORIENTED_EDGE ( 'NONE', *, *, #3101, .T. ) ;
#102 = FILL_AREA_STYLE_COLOUR ( '', #1814 ) ;
#103 = CARTESIAN_POINT ( 'NONE',  ( 0.000000000000000000, -0.5000000000000000000, 0.000000000000000000 ) ) ;
#104 = CARTESIAN_POINT ( 'NONE',  ( 3.600000000000000089, 3.500000000000000000, 2.000000000000000000 ) ) ;
#105 = ORIENTED_EDGE ( 'NONE', *, *, #2086, .F. ) ;
#106 = FACE_OUTER_BOUND ( 'NONE', #162, .T. ) ;
#107 = CARTESIAN_POINT ( 'NONE',  ( -4.890000000000000568, 0.05000000000000000278, -2.100000000000000089 ) ) ;
#108 = CARTESIAN_POINT ( 'NONE',  ( -0.4000000000000000222, 0.000000000000000000, 0.000000000000000000 ) ) ;
#109 = VECTOR ( 'NONE', #1317, 1000.000000000000000 ) ;
#110 = LINE ( 'NONE', #1882, #3381 ) ;
#111 = FACE_OUTER_BOUND ( 'NONE', #3362, .T. ) ;
#112 = AXIS2_PLACEMENT_3D ( 'NONE', #432, #1369, #3391 ) ;
#113 = ORIENTED_EDGE ( 'NONE', *, *, #1842, .F. ) ;
#114 = PLANE ( 'NONE',  #2970 ) ;
#115 = EDGE_LOOP ( 'NONE', ( #13, #2416, #190, #3518 ) ) ;
#116 = VECTOR ( 'NONE', #1107, 1000.000000000000000 ) ;
#117 = ADVANCED_FACE ( 'NONE', ( #1432 ), #3788, .T. ) ;
#118 = ORIENTED_EDGE ( 'NONE', *, *, #1691, .T. ) ;
#119 = CARTESIAN_POINT ( 'NONE',  ( 0.000000000000000000, 0.000000000000000000, 0.000000000000000000 ) ) ;
#120 = DIRECTION ( 'NONE',  ( -1.000000000000000000, 0.000000000000000000, 0.000000000000000000 ) ) ;
#121 = CARTESIAN_POINT ( 'NONE',  ( -3.700000000000000178, 0.000000000000000000, -4.000000000000000000 ) ) ;
#122 = VERTEX_POINT ( 'NONE', #3531 ) ;
#123 = CARTESIAN_POINT ( 'NONE',  ( 5.349999999999999645, 0.2000000000000000111, -0.5000000000000000000 ) ) ;
#124 = FACE_OUTER_BOUND ( 'NONE', #483, .T. ) ;
#125 = CARTESIAN_POINT ( 'NONE',  ( -5.349999999999999645, 0.4500000000000000111, -1.800000000000000044 ) ) ;
#126 = LINE ( 'NONE', #1315, #3532 ) ;
#127 = LINE ( 'NONE', #1278, #887 ) ;
#128 = CARTESIAN_POINT ( 'NONE',  ( -4.700000000000000178, 2.000000000000000000, -3.500000000000000000 ) ) ;
#129 = STYLED_ITEM ( 'NONE', ( #2187 ), #1808 ) ;
#130 = ORIENTED_EDGE ( 'NONE', *, *, #903, .F. ) ;
#131 = CARTESIAN_POINT ( 'NONE',  ( -6.200000000000000178, 2.000000000000000000, -3.700000000000000178 ) ) ;
#132 = ORIENTED_EDGE ( 'NONE', *, *, #1531, .T. ) ;
#133 = ORIENTED_EDGE ( 'NONE', *, *, #2439, .F. ) ;
#134 = AXIS2_PLACEMENT_3D ( 'NONE', #1906, #3378, #735 ) ;
#135 = CARTESIAN_POINT ( 'NONE',  ( -4.899999999999999467, 0.5500000000000000444, -0.5000000000000000000 ) ) ;
#136 = EDGE_CURVE ( 'NONE', #3222, #1892, #886, .T. ) ;
#137 = FACE_OUTER_BOUND ( 'NONE', #1764, .T. ) ;
#138 = ORIENTED_EDGE ( 'NONE', *, *, #2918, .T. ) ;
#139 = VECTOR ( 'NONE', #1745, 1000.000000000000000 ) ;
#140 = EDGE_CURVE ( 'NONE', #1365, #3711, #595, .T. ) ;
#141 = FACE_OUTER_BOUND ( 'NONE', #2568, .T. ) ;
#142 = PLANE ( 'NONE',  #3799 ) ;
#143 = DIRECTION ( 'NONE',  ( 0.000000000000000000, 0.000000000000000000, -1.000000000000000000 ) ) ;
#144 = EDGE_LOOP ( 'NONE', ( #2606, #3102, #3161, #3402 ) ) ;
#145 = EDGE_CURVE ( 'NONE', #999, #3516, #2507, .T. ) ;
#146 = EDGE_CURVE ( 'NONE', #2816, #2374, #3420, .T. ) ;
#147 = DIRECTION ( 'NONE',  ( 0.000000000000000000, -1.000000000000000000, 0.000000000000000000 ) ) ;
#148 = FACE_BOUND ( 'NONE', #364, .T. ) ;
#149 = DIRECTION ( 'NONE',  ( 0.000000000000000000, -1.000000000000000000, 0.000000000000000000 ) ) ;
#150 = VERTEX_POINT ( 'NONE', #1552 ) ;
#151 = CIRCLE ( 'NONE', #1959, 0.2000000000000000111 ) ;
#152 = CARTESIAN_POINT ( 'NONE',  ( -0.5000000000000000000, 0.2851351351350999708, -3.810810810811000149 ) ) ;
#153 = ORIENTED_EDGE ( 'NONE', *, *, #1121, .F. ) ;
#154 = ORIENTED_EDGE ( 'NONE', *, *, #73, .F. ) ;
#155 = EDGE_CURVE ( 'NONE', #2114, #1252, #1847, .T. ) ;
#156 = DIRECTION ( 'NONE',  ( 0.000000000000000000, 0.000000000000000000, -1.000000000000000000 ) ) ;
#157 = LINE ( 'NONE', #1682, #464 ) ;
#158 = ORIENTED_EDGE ( 'NONE', *, *, #2499, .F. ) ;
#159 = CARTESIAN_POINT ( 'NONE',  ( 2.700000000000000178, 0.2648648648648999626, -3.659189189188999602 ) ) ;
#160 = DIRECTION ( 'NONE',  ( 0.000000000000000000, 0.000000000000000000, 1.000000000000000000 ) ) ;
#161 = LINE ( 'NONE', #180, #3022 ) ;
#162 = EDGE_LOOP ( 'NONE', ( #1359, #271, #585, #471 ) ) ;
#163 = ORIENTED_EDGE ( 'NONE', *, *, #1996, .F. ) ;
#164 = EDGE_CURVE ( 'NONE', #448, #699, #1828, .T. ) ;
#165 = DIRECTION ( 'NONE',  ( 0.000000000000000000, 0.9886859966642603803, -0.1499999999999939715 ) ) ;
#166 = LINE ( 'NONE', #1357, #2295 ) ;
#167 = EDGE_CURVE ( 'NONE', #2448, #1649, #1591, .T. ) ;
#168 = VECTOR ( 'NONE', #1850, 1000.000000000000000 ) ;
#169 = DIRECTION ( 'NONE',  ( 0.000000000000000000, -1.000000000000000000, 0.000000000000000000 ) ) ;
#170 = VERTEX_POINT ( 'NONE', #3073 ) ;
#171 = VECTOR ( 'NONE', #3132, 1000.000000000000000 ) ;
#172 = PLANE ( 'NONE',  #3089 ) ;
#173 = EDGE_LOOP ( 'NONE', ( #2285, #1009, #2190, #724, #1822, #1717, #87, #2975 ) ) ;
#174 = ORIENTED_EDGE ( 'NONE', *, *, #3645, .F. ) ;
#175 = CARTESIAN_POINT ( 'NONE',  ( 2.799999999999999822, 5.293845980662999828, 0.3191245758715999803 ) ) ;
#176 = ORIENTED_EDGE ( 'NONE', *, *, #66, .F. ) ;
#177 = ORIENTED_EDGE ( 'NONE', *, *, #1840, .F. ) ;
#178 = CARTESIAN_POINT ( 'NONE',  ( 5.100000000000000533, 0.5500000000000000444, -0.5000000000000000000 ) ) ;
#179 = CARTESIAN_POINT ( 'NONE',  ( 0.5000000000000000000, 0.000000000000000000, -4.500000000000000000 ) ) ;
#180 = CARTESIAN_POINT ( 'NONE',  ( -3.600000000000000089, 2.799999999999999822, 1.300000000000000044 ) ) ;
#181 = ORIENTED_EDGE ( 'NONE', *, *, #645, .T. ) ;
#182 = DIRECTION ( 'NONE',  ( 1.000000000000000000, 0.000000000000000000, 0.000000000000000000 ) ) ;
#183 = PLANE ( 'NONE',  #1915 ) ;
#184 = EDGE_CURVE ( 'NONE', #3060, #346, #703, .T. ) ;
#185 = CARTESIAN_POINT ( 'NONE',  ( 3.700000000000000178, 0.1499999999999999944, -4.500000000000000000 ) ) ;
#186 = EDGE_LOOP ( 'NONE', ( #1374, #620, #2596, #2835 ) ) ;
#187 = EDGE_CURVE ( 'NONE', #2127, #567, #299, .T. ) ;
#188 = DIRECTION ( 'NONE',  ( 1.000000000000000000, 0.000000000000000000, 0.000000000000000000 ) ) ;
#189 = CARTESIAN_POINT ( 'NONE',  ( 6.400000000000000355, 0.2000000000000000111, -0.5000000000000000000 ) ) ;
#190 = ORIENTED_EDGE ( 'NONE', *, *, #1782, .T. ) ;
#191 = ORIENTED_EDGE ( 'NONE', *, *, #2726, .T. ) ;
#192 = AXIS2_PLACEMENT_3D ( 'NONE', #1929, #1055, #3385 ) ;
#193 = CARTESIAN_POINT ( 'NONE',  ( 2.799999999999999822, 0.000000000000000000, 0.000000000000000000 ) ) ;
#194 = VERTEX_POINT ( 'NONE', #2788 ) ;
#195 = VECTOR ( 'NONE', #1997, 1000.000000000000000 ) ;
#196 = ORIENTED_EDGE ( 'NONE', *, *, #1889, .T. ) ;
#197 = CARTESIAN_POINT ( 'NONE',  ( 6.200000000000000178, 0.05000000000000000278, -2.100000000000000089 ) ) ;
#198 = FACE_OUTER_BOUND ( 'NONE', #1681, .T. ) ;
#199 = CARTESIAN_POINT ( 'NONE',  ( -2.700000000000000178, 0.3977371993329000266, -3.500000000000000000 ) ) ;
#200 = VECTOR ( 'NONE', #2188, 1000.000000000000000 ) ;
#201 = CARTESIAN_POINT ( 'NONE',  ( -0.5000000000000000000, 0.000000000000000000, -4.500000000000000000 ) ) ;
#202 = VECTOR ( 'NONE', #1769, 999.9999999999998863 ) ;
#203 = DIRECTION ( 'NONE',  ( -1.000000000000000000, 0.000000000000000000, 0.000000000000000000 ) ) ;
#204 = AXIS2_PLACEMENT_3D ( 'NONE', #3305, #1294, #635 ) ;
#205 =( LENGTH_UNIT ( ) NAMED_UNIT ( * ) SI_UNIT ( .MILLI., .METRE. ) );
#206 = ORIENTED_EDGE ( 'NONE', *, *, #2849, .T. ) ;
#207 = DIRECTION ( 'NONE',  ( 0.000000000000000000, 0.7511704179678837523, 0.6601083268448860730 ) ) ;
#208 = ORIENTED_EDGE ( 'NONE', *, *, #1000, .T. ) ;
#209 = ORIENTED_EDGE ( 'NONE', *, *, #1973, .F. ) ;
#210 = VECTOR ( 'NONE', #2886, 1000.000000000000000 ) ;
#211 = VECTOR ( 'NONE', #1482, 1000.000000000000000 ) ;
#212 = EDGE_CURVE ( 'NONE', #1013, #2012, #2632, .T. ) ;
#213 = DIRECTION ( 'NONE',  ( -1.000000000000000000, 0.000000000000000000, 0.000000000000000000 ) ) ;
#214 = EDGE_CURVE ( 'NONE', #2284, #2271, #3665, .T. ) ;
#215 = VERTEX_POINT ( 'NONE', #2717 ) ;
#216 = CARTESIAN_POINT ( 'NONE',  ( -3.700000000000000178, 0.000000000000000000, -4.000000000000000000 ) ) ;
#217 = VERTEX_POINT ( 'NONE', #56 ) ;
#218 = DIRECTION ( 'NONE',  ( 0.000000000000000000, -1.000000000000000000, 0.000000000000000000 ) ) ;
#219 = DIRECTION ( 'NONE',  ( 1.000000000000000000, 0.000000000000000000, 0.000000000000000000 ) ) ;
#220 = CARTESIAN_POINT ( 'NONE',  ( -0.4000000000000000222, 4.429999999999999716, -0.4400000000000000022 ) ) ;
#221 = ORIENTED_EDGE ( 'NONE', *, *, #1464, .T. ) ;
#222 = ADVANCED_FACE ( 'NONE', ( #1235 ), #2137, .F. ) ;
#223 = DIRECTION ( 'NONE',  ( 0.000000000000000000, 1.000000000000000000, 0.000000000000000000 ) ) ;
#224 = LINE ( 'NONE', #534, #2426 ) ;
#225 = DIRECTION ( 'NONE',  ( 1.000000000000000000, 0.000000000000000000, 0.000000000000000000 ) ) ;
#226 = VERTEX_POINT ( 'NONE', #654 ) ;
#227 = CARTESIAN_POINT ( 'NONE',  ( 0.5000000000000000000, 0.2000000000000000111, -3.470000000000000195 ) ) ;
#228 = CARTESIAN_POINT ( 'NONE',  ( -3.700000000000000178, 0.5487119154833001167, -3.500000000000000000 ) ) ;
#229 = ORIENTED_EDGE ( 'NONE', *, *, #899, .F. ) ;
#230 = APPLICATION_PROTOCOL_DEFINITION ( 'draft international standard', 'automotive_design', 1998, #3551 ) ;
#231 = CIRCLE ( 'NONE', #2228, 0.2000000000000000111 ) ;
#232 = DIRECTION ( 'NONE',  ( 0.000000000000000000, -1.000000000000000000, 0.000000000000000000 ) ) ;
#233 = ORIENTED_EDGE ( 'NONE', *, *, #3319, .F. ) ;
#234 = ADVANCED_FACE ( 'NONE', ( #3016 ), #74, .T. ) ;
#235 = AXIS2_PLACEMENT_3D ( 'NONE', #1434, #225, #2867 ) ;
#236 = VERTEX_POINT ( 'NONE', #543 ) ;
#237 = LINE ( 'NONE', #1424, #3041 ) ;
#238 = CARTESIAN_POINT ( 'NONE',  ( 3.520000000000000018, 0.05000000000000000278, -1.500000000000000000 ) ) ;
#239 = DIRECTION ( 'NONE',  ( 1.000000000000000000, 0.000000000000000000, 0.000000000000000000 ) ) ;
#240 = VERTEX_POINT ( 'NONE', #2915 ) ;
#241 = VECTOR ( 'NONE', #2853, 1000.000000000000000 ) ;
#242 = VERTEX_POINT ( 'NONE', #3374 ) ;
#243 = CARTESIAN_POINT ( 'NONE',  ( 5.500000000000000000, 0.5500000000000000444, -2.100000000000000089 ) ) ;
#244 = LINE ( 'NONE', #2117, #400 ) ;
#245 = LINE ( 'NONE', #2888, #1705 ) ;
#246 = CARTESIAN_POINT ( 'NONE',  ( -2.799999999999999822, 3.500000000000000000, 1.850000000000000089 ) ) ;
#247 = VERTEX_POINT ( 'NONE', #731 ) ;
#248 = DIRECTION ( 'NONE',  ( 1.000000000000000000, 0.000000000000000000, 0.000000000000000000 ) ) ;
#249 = ORIENTED_EDGE ( 'NONE', *, *, #1525, .T. ) ;
#250 = VECTOR ( 'NONE', #2375, 1000.000000000000000 ) ;
#251 = AXIS2_PLACEMENT_3D ( 'NONE', #2673, #2087, #10 ) ;
#252 = ORIENTED_EDGE ( 'NONE', *, *, #2237, .F. ) ;
#253 = DIRECTION ( 'NONE',  ( -1.000000000000000000, -2.211772431870427152E-14, 0.000000000000000000 ) ) ;
#254 = CARTESIAN_POINT ( 'NONE',  ( 3.700000000000000178, 0.5487119154833001167, -3.500000000000000000 ) ) ;
#255 = CARTESIAN_POINT ( 'NONE',  ( 2.700000000000000178, 0.000000000000000000, -4.000000000000000000 ) ) ;
#256 = VERTEX_POINT ( 'NONE', #3398 ) ;
#257 = ORIENTED_EDGE ( 'NONE', *, *, #3063, .T. ) ;
#258 = CIRCLE ( 'NONE', #636, 0.1999999999999999001 ) ;
#259 = AXIS2_PLACEMENT_3D ( 'NONE', #3457, #3774, #2909 ) ;
#260 = CARTESIAN_POINT ( 'NONE',  ( -5.500000000000000000, 1.199999999999999956, -1.000000000000000000 ) ) ;
#261 = EDGE_CURVE ( 'NONE', #3501, #3311, #2771, .T. ) ;
#262 = EDGE_CURVE ( 'NONE', #3106, #3198, #419, .T. ) ;
#263 = VECTOR ( 'NONE', #3289, 1000.000000000000000 ) ;
#264 = CARTESIAN_POINT ( 'NONE',  ( -3.700000000000000178, 0.2364864864865000027, -3.668918918919000127 ) ) ;
#265 = CARTESIAN_POINT ( 'NONE',  ( -0.4000000000000000222, 5.327997772825999512, 0.000000000000000000 ) ) ;
#266 = DIRECTION ( 'NONE',  ( 0.000000000000000000, -1.000000000000000000, 0.000000000000000000 ) ) ;
#267 = ORIENTED_EDGE ( 'NONE', *, *, #2621, .T. ) ;
#268 = EDGE_LOOP ( 'NONE', ( #1343, #2954, #630, #1100, #65, #2669, #2921, #385, #529, #2554, #3235, #118 ) ) ;
#269 = DIRECTION ( 'NONE',  ( 0.000000000000000000, 0.000000000000000000, -1.000000000000000000 ) ) ;
#270 = DIRECTION ( 'NONE',  ( 0.000000000000000000, 0.000000000000000000, -1.000000000000000000 ) ) ;
#271 = ORIENTED_EDGE ( 'NONE', *, *, #2630, .F. ) ;
#272 = AXIS2_PLACEMENT_3D ( 'NONE', #482, #169, #1065 ) ;
#273 = VECTOR ( 'NONE', #893, 1000.000000000000000 ) ;
#274 = EDGE_LOOP ( 'NONE', ( #1796, #3017, #601, #2452 ) ) ;
#275 = DIRECTION ( 'NONE',  ( 0.000000000000000000, 1.000000000000000000, 0.000000000000000000 ) ) ;
#276 = AXIS2_PLACEMENT_3D ( 'NONE', #1843, #3280, #2132 ) ;
#277 = CARTESIAN_POINT ( 'NONE',  ( 0.5000000000000000000, 0.2000000000000000111, -3.470000000000000195 ) ) ;
#278 = FACE_OUTER_BOUND ( 'NONE', #3707, .T. ) ;
#279 = ORIENTED_EDGE ( 'NONE', *, *, #3566, .T. ) ;
#280 = VERTEX_POINT ( 'NONE', #2530 ) ;
#281 = DIRECTION ( 'NONE',  ( 0.000000000000000000, 0.7511704179678406756, 0.6601083268449350339 ) ) ;
#282 = AXIS2_PLACEMENT_3D ( 'NONE', #2524, #3147, #3091 ) ;
#283 = EDGE_CURVE ( 'NONE', #3581, #3480, #2181, .T. ) ;
#284 = DIRECTION ( 'NONE',  ( 0.000000000000000000, 0.3243243243243169038, -0.9459459459459486075 ) ) ;
#285 = CARTESIAN_POINT ( 'NONE',  ( 2.700000000000000178, 0.3135135135134999862, -3.801081081081000068 ) ) ;
#286 = CARTESIAN_POINT ( 'NONE',  ( -0.5000000000000000000, 0.3977371993329000266, -3.500000000000000000 ) ) ;
#287 = CARTESIAN_POINT ( 'NONE',  ( -3.700000000000000178, 0.2648648648648999626, -3.659189189188999602 ) ) ;
#288 = ORIENTED_EDGE ( 'NONE', *, *, #3473, .T. ) ;
#289 = ORIENTED_EDGE ( 'NONE', *, *, #2113, .T. ) ;
#290 = CARTESIAN_POINT ( 'NONE',  ( -0.4000000000000000222, 2.799999999999999822, 1.300000000000000044 ) ) ;
#291 = VERTEX_POINT ( 'NONE', #1631 ) ;
#292 = ORIENTED_EDGE ( 'NONE', *, *, #826, .F. ) ;
#293 = AXIS2_PLACEMENT_3D ( 'NONE', #1182, #3787, #2035 ) ;
#294 = DIRECTION ( 'NONE',  ( -0.000000000000000000, 1.000000000000000000, 0.000000000000000000 ) ) ;
#295 = CARTESIAN_POINT ( 'NONE',  ( 2.799999999999999822, 4.429999999999999716, -0.4400000000000000022 ) ) ;
#296 = CARTESIAN_POINT ( 'NONE',  ( -0.5000000000000000000, 0.2648648648648999626, -3.659189189188999602 ) ) ;
#297 = ORIENTED_EDGE ( 'NONE', *, *, #3808, .F. ) ;
#298 = AXIS2_PLACEMENT_3D ( 'NONE', #220, #2824, #143 ) ;
#299 = LINE ( 'NONE', #712, #2140 ) ;
#300 = DIRECTION ( 'NONE',  ( 0.000000000000000000, -0.9459459459459483854, -0.3243243243243171259 ) ) ;
#301 = VECTOR ( 'NONE', #1324, 1000.000000000000000 ) ;
#302 = CARTESIAN_POINT ( 'NONE',  ( -2.799999999999999822, 2.949999999999999734, 0.000000000000000000 ) ) ;
#303 = CARTESIAN_POINT ( 'NONE',  ( 5.100000000000000533, 0.5500000000000000444, -0.5000000000000000000 ) ) ;
#304 = EDGE_CURVE ( 'NONE', #961, #1754, #676, .T. ) ;
#305 = DIRECTION ( 'NONE',  ( 0.000000000000000000, 0.000000000000000000, 1.000000000000000000 ) ) ;
#306 = CARTESIAN_POINT ( 'NONE',  ( -4.899999999999999467, 0.5500000000000000444, -1.800000000000000044 ) ) ;
#307 = VERTEX_POINT ( 'NONE', #3633 ) ;
#308 = EDGE_CURVE ( 'NONE', #579, #1855, #1613, .T. ) ;
#309 = ORIENTED_EDGE ( 'NONE', *, *, #1272, .F. ) ;
#310 = LINE ( 'NONE', #3233, #2763 ) ;
#311 = ORIENTED_EDGE ( 'NONE', *, *, #729, .T. ) ;
#312 = EDGE_CURVE ( 'NONE', #951, #240, #2116, .T. ) ;
#313 = EDGE_LOOP ( 'NONE', ( #549, #525, #362, #855 ) ) ;
#314 = FACE_OUTER_BOUND ( 'NONE', #3693, .T. ) ;
#315 = CARTESIAN_POINT ( 'NONE',  ( 5.349999999999999645, 0.2000000000000000111, -0.5000000000000000000 ) ) ;
#316 = CARTESIAN_POINT ( 'NONE',  ( -0.5000000000000000000, 0.3135135135134999862, -3.801081081081000068 ) ) ;
#317 = ORIENTED_EDGE ( 'NONE', *, *, #1927, .F. ) ;
#318 = CARTESIAN_POINT ( 'NONE',  ( 3.000000000000000000, 0.05000000000000000278, -1.500000000000000000 ) ) ;
#319 = AXIS2_PLACEMENT_3D ( 'NONE', #1318, #1851, #2239 ) ;
#320 = CARTESIAN_POINT ( 'NONE',  ( 2.799999999999999822, 3.500000000000000000, 2.000000000000000000 ) ) ;
#321 = DIRECTION ( 'NONE',  ( 0.000000000000000000, -1.000000000000000000, 0.000000000000000000 ) ) ;
#322 = DIRECTION ( 'NONE',  ( 0.000000000000000000, 1.000000000000000000, 0.000000000000000000 ) ) ;
#323 = CIRCLE ( 'NONE', #82, 0.5500000000000001554 ) ;
#324 = ORIENTED_EDGE ( 'NONE', *, *, #1125, .F. ) ;
#325 = ORIENTED_EDGE ( 'NONE', *, *, #3718, .F. ) ;
#326 = CARTESIAN_POINT ( 'NONE',  ( -4.890000000000000568, 0.05000000000000000278, -2.100000000000000089 ) ) ;
#327 = ORIENTED_EDGE ( 'NONE', *, *, #3267, .F. ) ;
#328 = ADVANCED_FACE ( 'NONE', ( #2513 ), #3671, .T. ) ;
#329 = VECTOR ( 'NONE', #1674, 999.9999999999998863 ) ;
#330 = VERTEX_POINT ( 'NONE', #3771 ) ;
#331 = FACE_OUTER_BOUND ( 'NONE', #1351, .T. ) ;
#332 = CARTESIAN_POINT ( 'NONE',  ( -0.4000000000000000222, 3.500000000000000000, 1.300000000000000044 ) ) ;
#333 = EDGE_CURVE ( 'NONE', #1855, #644, #536, .T. ) ;
#334 = FACE_OUTER_BOUND ( 'NONE', #2028, .T. ) ;
#335 = AXIS2_PLACEMENT_3D ( 'NONE', #3339, #1253, #147 ) ;
#336 = ORIENTED_EDGE ( 'NONE', *, *, #261, .T. ) ;
#337 = CIRCLE ( 'NONE', #652, 0.5200000000000000178 ) ;
#338 = ADVANCED_FACE ( 'NONE', ( #2302 ), #795, .F. ) ;
#339 = CARTESIAN_POINT ( 'NONE',  ( 0.5000000000000000000, 0.1499999999999999944, -4.500000000000000000 ) ) ;
#340 = DIRECTION ( 'NONE',  ( 0.000000000000000000, 0.000000000000000000, 1.000000000000000000 ) ) ;
#341 = DIRECTION ( 'NONE',  ( 1.000000000000000000, 0.000000000000000000, 0.000000000000000000 ) ) ;
#342 = FACE_OUTER_BOUND ( 'NONE', #1231, .T. ) ;
#343 = DIRECTION ( 'NONE',  ( 0.000000000000000000, 0.000000000000000000, -1.000000000000000000 ) ) ;
#344 = ORIENTED_EDGE ( 'NONE', *, *, #3407, .T. ) ;
#345 = EDGE_LOOP ( 'NONE', ( #1075, #2887, #1781, #3438 ) ) ;
#346 = VERTEX_POINT ( 'NONE', #1146 ) ;
#347 = EDGE_LOOP ( 'NONE', ( #1557, #655, #1967, #1888 ) ) ;
#348 = CARTESIAN_POINT ( 'NONE',  ( -6.200000000000000178, 0.05000000000000000278, -3.500000000000000000 ) ) ;
#349 = EDGE_CURVE ( 'NONE', #3311, #1395, #774, .T. ) ;
#350 = CARTESIAN_POINT ( 'NONE',  ( -0.5000000000000000000, 0.2648648648648999626, -3.659189189188999602 ) ) ;
#351 = CARTESIAN_POINT ( 'NONE',  ( 6.200000000000000178, 1.199999999999999956, -1.000000000000000000 ) ) ;
#352 = EDGE_LOOP ( 'NONE', ( #176, #2369, #2539, #1816 ) ) ;
#353 = CIRCLE ( 'NONE', #667, 0.6999999999999998446 ) ;
#354 = EDGE_CURVE ( 'NONE', #3636, #961, #2602, .T. ) ;
#355 = VECTOR ( 'NONE', #1335, 1000.000000000000000 ) ;
#356 = CARTESIAN_POINT ( 'NONE',  ( -3.600000000000000089, 5.293845980662999828, 0.3191245758715999803 ) ) ;
#357 = CARTESIAN_POINT ( 'NONE',  ( 4.700000000000000178, 2.000000000000000000, -3.700000000000000178 ) ) ;
#358 = ADVANCED_FACE ( 'NONE', ( #3728 ), #2279, .F. ) ;
#359 = LINE ( 'NONE', #3056, #1834 ) ;
#360 = CYLINDRICAL_SURFACE ( 'NONE', #3726, 0.5500000000000000444 ) ;
#361 = CARTESIAN_POINT ( 'NONE',  ( -0.4000000000000000222, 3.500000000000000000, 1.300000000000000044 ) ) ;
#362 = ORIENTED_EDGE ( 'NONE', *, *, #2773, .T. ) ;
#363 = ORIENTED_EDGE ( 'NONE', *, *, #3498, .F. ) ;
#364 = EDGE_LOOP ( 'NONE', ( #26, #2653, #3759, #317 ) ) ;
#365 = EDGE_CURVE ( 'NONE', #2896, #3273, #2430, .T. ) ;
#366 = FACE_OUTER_BOUND ( 'NONE', #1832, .T. ) ;
#367 = DIRECTION ( 'NONE',  ( 0.000000000000000000, 0.000000000000000000, -1.000000000000000000 ) ) ;
#368 = DIRECTION ( 'NONE',  ( 0.000000000000000000, 0.7511704179678406756, 0.6601083268449350339 ) ) ;
#369 = EDGE_LOOP ( 'NONE', ( #177, #2469, #3613, #1336 ) ) ;
#370 = EDGE_CURVE ( 'NONE', #1244, #486, #1358, .T. ) ;
#371 = PRODUCT_DEFINITION_SHAPE ( 'NONE', 'NONE',  #995 ) ;
#372 = DIRECTION ( 'NONE',  ( 0.000000000000000000, 1.000000000000000000, 0.000000000000000000 ) ) ;
#373 = CARTESIAN_POINT ( 'NONE',  ( 2.799999999999999822, 5.293845980662999828, 0.3191245758715999803 ) ) ;
#374 = VECTOR ( 'NONE', #980, 1000.000000000000000 ) ;
#375 = DIRECTION ( 'NONE',  ( -1.000000000000000000, 0.000000000000000000, 0.000000000000000000 ) ) ;
#376 = FACE_OUTER_BOUND ( 'NONE', #115, .T. ) ;
#377 = ADVANCED_FACE ( 'NONE', ( #3749 ), #2345, .T. ) ;
#378 = CARTESIAN_POINT ( 'NONE',  ( 2.799999999999999822, 4.025819292578000308, 1.762075828791000109 ) ) ;
#379 = VECTOR ( 'NONE', #3059, 1000.000000000000000 ) ;
#380 = MANIFOLD_SOLID_BREP ( 'Imported1', #1435 ) ;
#381 = EDGE_LOOP ( 'NONE', ( #2577, #1521, #625, #842 ) ) ;
#382 = VECTOR ( 'NONE', #628, 1000.000000000000000 ) ;
#383 = CARTESIAN_POINT ( 'NONE',  ( 0.000000000000000000, 0.05000000000000000278, -0.5000000000000000000 ) ) ;
#384 = ORIENTED_EDGE ( 'NONE', *, *, #3013, .T. ) ;
#385 = ORIENTED_EDGE ( 'NONE', *, *, #3359, .T. ) ;
#386 = VECTOR ( 'NONE', #22, 1000.000000000000000 ) ;
#387 = DIRECTION ( 'NONE',  ( 0.000000000000000000, 0.9459459459459178543, 0.3243243243244059437 ) ) ;
#388 = DIRECTION ( 'NONE',  ( -1.000000000000000000, 0.000000000000000000, 0.000000000000000000 ) ) ;
#389 = DIRECTION ( 'NONE',  ( 0.000000000000000000, -1.000000000000000000, 0.000000000000000000 ) ) ;
#390 = ORIENTED_EDGE ( 'NONE', *, *, #3395, .T. ) ;
#391 = EDGE_CURVE ( 'NONE', #346, #2700, #519, .T. ) ;
#392 = CARTESIAN_POINT ( 'NONE',  ( -0.5000000000000000000, 0.2000000000000000111, -3.470000000000000195 ) ) ;
#393 = DIRECTION ( 'NONE',  ( 0.000000000000000000, 0.000000000000000000, -1.000000000000000000 ) ) ;
#394 = AXIS2_PLACEMENT_3D ( 'NONE', #93, #3094, #3321 ) ;
#395 = CIRCLE ( 'NONE', #896, 1.000000000000000000 ) ;
#396 = CARTESIAN_POINT ( 'NONE',  ( 2.799999999999999822, 3.500000000000000000, 2.000000000000000000 ) ) ;
#397 = DIRECTION ( 'NONE',  ( 0.000000000000000000, 0.000000000000000000, 1.000000000000000000 ) ) ;
#398 = EDGE_CURVE ( 'NONE', #3516, #67, #3706, .T. ) ;
#399 = DIRECTION ( 'NONE',  ( 1.000000000000000000, 0.000000000000000000, 0.000000000000000000 ) ) ;
#400 = VECTOR ( 'NONE', #2036, 1000.000000000000227 ) ;
#401 = ORIENTED_EDGE ( 'NONE', *, *, #3079, .T. ) ;
#402 = EDGE_CURVE ( 'NONE', #3565, #1802, #2579, .T. ) ;
#403 = LINE ( 'NONE', #2242, #3452 ) ;
#404 = VERTEX_POINT ( 'NONE', #2605 ) ;
#405 = VERTEX_POINT ( 'NONE', #185 ) ;
#406 = EDGE_CURVE ( 'NONE', #894, #624, #1267, .T. ) ;
#407 = FACE_OUTER_BOUND ( 'NONE', #420, .T. ) ;
#408 = CARTESIAN_POINT ( 'NONE',  ( -6.200000000000000178, 1.199999999999999956, -1.000000000000000000 ) ) ;
#409 = CARTESIAN_POINT ( 'NONE',  ( 3.700000000000000178, 0.000000000000000000, -4.000000000000000000 ) ) ;
#410 = VERTEX_POINT ( 'NONE', #303 ) ;
#411 = LINE ( 'NONE', #2543, #3123 ) ;
#412 = DIRECTION ( 'NONE',  ( -1.000000000000000000, 0.000000000000000000, 0.000000000000000000 ) ) ;
#413 = DIRECTION ( 'NONE',  ( 0.000000000000000000, 0.000000000000000000, -1.000000000000000000 ) ) ;
#414 = CARTESIAN_POINT ( 'NONE',  ( 2.799999999999999822, 2.949999999999999734, 0.000000000000000000 ) ) ;
#415 = EDGE_CURVE ( 'NONE', #3043, #2012, #2662, .T. ) ;
#416 = VECTOR ( 'NONE', #3705, 1000.000000000000000 ) ;
#417 = DIRECTION ( 'NONE',  ( -1.000000000000000000, 0.000000000000000000, 0.000000000000000000 ) ) ;
#418 = DIRECTION ( 'NONE',  ( 1.000000000000000000, 0.000000000000000000, 0.000000000000000000 ) ) ;
#419 = LINE ( 'NONE', #695, #1242 ) ;
#420 = EDGE_LOOP ( 'NONE', ( #1081, #2349, #3203, #914 ) ) ;
#421 = ADVANCED_FACE ( 'NONE', ( #1184 ), #2075, .F. ) ;
#422 = FACE_OUTER_BOUND ( 'NONE', #3652, .T. ) ;
#423 = ORIENTED_EDGE ( 'NONE', *, *, #2377, .F. ) ;
#424 = VECTOR ( 'NONE', #2968, 1000.000000000000000 ) ;
#425 = EDGE_CURVE ( 'NONE', #2916, #3370, #2405, .T. ) ;
#426 = ORIENTED_EDGE ( 'NONE', *, *, #1663, .F. ) ;
#427 = DIRECTION ( 'NONE',  ( 1.000000000000000000, 0.000000000000000000, 0.000000000000000000 ) ) ;
#428 = ADVANCED_FACE ( 'NONE', ( #2038 ), #2682, .F. ) ;
#429 = VERTEX_POINT ( 'NONE', #3266 ) ;
#430 = CARTESIAN_POINT ( 'NONE',  ( -2.700000000000000178, 0.1499999999999999944, -4.500000000000000000 ) ) ;
#431 = CARTESIAN_POINT ( 'NONE',  ( -3.600000000000000089, 3.500000000000000000, 1.300000000000000044 ) ) ;
#432 = CARTESIAN_POINT ( 'NONE',  ( -3.600000000000000089, 4.429999999999999716, -0.4400000000000000022 ) ) ;
#433 = ORIENTED_EDGE ( 'NONE', *, *, #3742, .T. ) ;
#434 = CYLINDRICAL_SURFACE ( 'NONE', #335, 0.2000000000000000111 ) ;
#435 = PLANE ( 'NONE',  #573 ) ;
#436 = DIRECTION ( 'NONE',  ( 0.000000000000000000, 0.000000000000000000, 1.000000000000000000 ) ) ;
#437 = EDGE_CURVE ( 'NONE', #45, #256, #637, .T. ) ;
#438 = AXIS2_PLACEMENT_3D ( 'NONE', #1993, #218, #1387 ) ;
#439 = DIRECTION ( 'NONE',  ( 0.000000000000000000, 1.000000000000000000, 0.000000000000000000 ) ) ;
#440 = ORIENTED_EDGE ( 'NONE', *, *, #140, .F. ) ;
#441 = PRODUCT_DEFINITION_FORMATION_WITH_SPECIFIED_SOURCE ( 'ANY', '', #1560, .NOT_KNOWN. ) ;
#442 = DIRECTION ( 'NONE',  ( -0.000000000000000000, 0.7511704179678838633, 0.6601083268448859620 ) ) ;
#443 = ORIENTED_EDGE ( 'NONE', *, *, #716, .T. ) ;
#444 = VERTEX_POINT ( 'NONE', #264 ) ;
#445 = AXIS2_PLACEMENT_3D ( 'NONE', #1923, #418, #2811 ) ;
#446 = CYLINDRICAL_SURFACE ( 'NONE', #1250, 0.3499999999999999778 ) ;
#447 = CARTESIAN_POINT ( 'NONE',  ( -2.700000000000000178, 0.2851351351350999708, -3.810810810811000149 ) ) ;
#448 = VERTEX_POINT ( 'NONE', #888 ) ;
#449 = ADVANCED_FACE ( 'NONE', ( #3209 ), #3513, .T. ) ;
#450 = CIRCLE ( 'NONE', #697, 0.5500000000000001554 ) ;
#451 = CARTESIAN_POINT ( 'NONE',  ( -5.349999999999999645, 0.000000000000000000, -0.5000000000000000000 ) ) ;
#452 = DIRECTION ( 'NONE',  ( 0.000000000000000000, 0.000000000000000000, -1.000000000000000000 ) ) ;
#453 = CARTESIAN_POINT ( 'NONE',  ( -0.5000000000000000000, 0.1499999999999999944, -4.500000000000000000 ) ) ;
#454 = ORIENTED_EDGE ( 'NONE', *, *, #2480, .F. ) ;
#455 = ORIENTED_EDGE ( 'NONE', *, *, #3054, .F. ) ;
#456 = CARTESIAN_POINT ( 'NONE',  ( -0.5000000000000000000, 0.000000000000000000, -4.500000000000000000 ) ) ;
#457 = SHAPE_REPRESENTATION ( '1746142-1', ( #2502, #1504 ), #1132 ) ;
#458 = EDGE_CURVE ( 'NONE', #2626, #1150, #3573, .T. ) ;
#459 = FACE_BOUND ( 'NONE', #824, .T. ) ;
#460 = CIRCLE ( 'NONE', #3605, 0.1999999999999999001 ) ;
#461 = VECTOR ( 'NONE', #1309, 1000.000000000000000 ) ;
#462 = FILL_AREA_STYLE_COLOUR ( '', #2515 ) ;
#463 = EDGE_LOOP ( 'NONE', ( #1485, #2357 ) ) ;
#464 = VECTOR ( 'NONE', #1036, 1000.000000000000000 ) ;
#465 = VECTOR ( 'NONE', #2402, 1000.000000000000000 ) ;
#466 = LINE ( 'NONE', #1909, #3699 ) ;
#467 = ORIENTED_EDGE ( 'NONE', *, *, #1589, .F. ) ;
#468 = ORIENTED_EDGE ( 'NONE', *, *, #3093, .T. ) ;
#469 = AXIS2_PLACEMENT_3D ( 'NONE', #2368, #3500, #2027 ) ;
#470 = DIRECTION ( 'NONE',  ( -1.000000000000000000, 0.000000000000000000, 0.000000000000000000 ) ) ;
#471 = ORIENTED_EDGE ( 'NONE', *, *, #1479, .T. ) ;
#472 = ORIENTED_EDGE ( 'NONE', *, *, #1673, .T. ) ;
#473 = CARTESIAN_POINT ( 'NONE',  ( 4.700000000000000178, 6.500000000000000000, -3.500000000000000000 ) ) ;
#474 = ADVANCED_FACE ( 'NONE', ( #575 ), #3246, .F. ) ;
#475 = LINE ( 'NONE', #1368, #2281 ) ;
#476 = LINE ( 'NONE', #199, #2780 ) ;
#477 = ORIENTED_EDGE ( 'NONE', *, *, #3400, .F. ) ;
#478 = ADVANCED_FACE ( 'NONE', ( #2703 ), #2056, .F. ) ;
#479 = LINE ( 'NONE', #3168, #2386 ) ;
#480 = DIRECTION ( 'NONE',  ( -1.000000000000000000, 0.000000000000000000, 0.000000000000000000 ) ) ;
#481 = VECTOR ( 'NONE', #885, 1000.000000000000000 ) ;
#482 = CARTESIAN_POINT ( 'NONE',  ( 3.000000000000000000, 0.05000000000000000278, -1.500000000000000000 ) ) ;
#483 = EDGE_LOOP ( 'NONE', ( #1216, #2201, #2294, #2033 ) ) ;
#484 = PLANE ( 'NONE',  #2871 ) ;
#485 = CARTESIAN_POINT ( 'NONE',  ( 6.200000000000000178, 0.05000000000000000278, -2.100000000000000089 ) ) ;
#486 = VERTEX_POINT ( 'NONE', #21 ) ;
#487 = ORIENTED_EDGE ( 'NONE', *, *, #1607, .F. ) ;
#488 = VECTOR ( 'NONE', #2706, 1000.000000000000000 ) ;
#489 = FACE_OUTER_BOUND ( 'NONE', #3251, .T. ) ;
#490 = ORIENTED_EDGE ( 'NONE', *, *, #2869, .F. ) ;
#491 = ORIENTED_EDGE ( 'NONE', *, *, #1573, .T. ) ;
#492 = PLANE ( 'NONE',  #438 ) ;
#493 = CARTESIAN_POINT ( 'NONE',  ( -0.5000000000000000000, 0.2851351351350999708, -3.810810810811000149 ) ) ;
#494 = LINE ( 'NONE', #1040, #3825 ) ;
#495 = EDGE_CURVE ( 'NONE', #2896, #624, #1202, .T. ) ;
#496 = DIRECTION ( 'NONE',  ( -0.000000000000000000, 1.000000000000000000, 0.000000000000000000 ) ) ;
#497 = DIRECTION ( 'NONE',  ( 1.000000000000000000, 0.000000000000000000, 0.000000000000000000 ) ) ;
#498 = EDGE_CURVE ( 'NONE', #1077, #1852, #3553, .T. ) ;
#499 = DIRECTION ( 'NONE',  ( 0.000000000000000000, 1.000000000000000000, 0.000000000000000000 ) ) ;
#500 = ORIENTED_EDGE ( 'NONE', *, *, #3453, .T. ) ;
#501 = EDGE_CURVE ( 'NONE', #1636, #215, #2145, .T. ) ;
#502 = EDGE_CURVE ( 'NONE', #1049, #2445, #460, .T. ) ;
#503 = CARTESIAN_POINT ( 'NONE',  ( -0.4000000000000000222, 3.500000000000000000, 1.300000000000000044 ) ) ;
#504 = VECTOR ( 'NONE', #3543, 1000.000000000000000 ) ;
#505 = LINE ( 'NONE', #3178, #2785 ) ;
#506 = ORIENTED_EDGE ( 'NONE', *, *, #2890, .F. ) ;
#507 = ORIENTED_EDGE ( 'NONE', *, *, #1433, .F. ) ;
#508 = SHAPE_DEFINITION_REPRESENTATION ( #3008, #3793 ) ;
#509 = DIRECTION ( 'NONE',  ( 0.000000000000000000, 1.000000000000000000, 0.000000000000000000 ) ) ;
#510 = ORIENTED_EDGE ( 'NONE', *, *, #391, .F. ) ;
#511 = AXIS2_PLACEMENT_3D ( 'NONE', #1082, #1650, #2018 ) ;
#512 = ORIENTED_EDGE ( 'NONE', *, *, #2690, .F. ) ;
#513 = CARTESIAN_POINT ( 'NONE',  ( 2.799999999999999822, 5.327997772825999512, 0.000000000000000000 ) ) ;
#514 = CARTESIAN_POINT ( 'NONE',  ( -3.600000000000000089, 4.429999999999999716, -0.4400000000000000022 ) ) ;
#515 = CARTESIAN_POINT ( 'NONE',  ( 5.500000000000000000, 0.05000000000000000278, -1.000000000000000000 ) ) ;
#516 = CARTESIAN_POINT ( 'NONE',  ( 2.700000000000000178, 0.5487119154833001167, -3.500000000000000000 ) ) ;
#517 = AXIS2_PLACEMENT_3D ( 'NONE', #3211, #1494, #1237 ) ;
#518 = DIRECTION ( 'NONE',  ( 0.000000000000000000, 0.000000000000000000, 1.000000000000000000 ) ) ;
#519 = LINE ( 'NONE', #3790, #1084 ) ;
#520 = ORIENTED_EDGE ( 'NONE', *, *, #2394, .F. ) ;
#521 = EDGE_CURVE ( 'NONE', #1754, #1415, #2946, .T. ) ;
#522 = DIRECTION ( 'NONE',  ( 0.000000000000000000, 0.9886859966642603803, -0.1499999999999939715 ) ) ;
#523 = CARTESIAN_POINT ( 'NONE',  ( -6.200000000000000178, 0.05000000000000000278, -3.500000000000000000 ) ) ;
#524 = EDGE_CURVE ( 'NONE', #2025, #3729, #3828, .T. ) ;
#525 = ORIENTED_EDGE ( 'NONE', *, *, #903, .T. ) ;
#526 = CIRCLE ( 'NONE', #1022, 1.149999999999999245 ) ;
#527 = DIRECTION ( 'NONE',  ( 0.000000000000000000, -1.000000000000000000, 0.000000000000000000 ) ) ;
#528 = EDGE_LOOP ( 'NONE', ( #1386, #1910, #3800, #1087 ) ) ;
#529 = ORIENTED_EDGE ( 'NONE', *, *, #2216, .T. ) ;
#530 = CARTESIAN_POINT ( 'NONE',  ( 2.799999999999999822, 3.500000000000000000, 1.300000000000000044 ) ) ;
#531 = CARTESIAN_POINT ( 'NONE',  ( 3.700000000000000178, 0.2851351351350999708, -3.810810810811000149 ) ) ;
#532 = CARTESIAN_POINT ( 'NONE',  ( -5.500000000000000000, 1.199999999999999956, 0.000000000000000000 ) ) ;
#533 = CARTESIAN_POINT ( 'NONE',  ( 2.799999999999999822, 2.799999999999999822, 0.000000000000000000 ) ) ;
#534 = CARTESIAN_POINT ( 'NONE',  ( -4.890000000000000568, 0.05000000000000000278, 0.000000000000000000 ) ) ;
#535 = EDGE_CURVE ( 'NONE', #944, #256, #40, .T. ) ;
#536 = LINE ( 'NONE', #2567, #3264 ) ;
#537 = DIRECTION ( 'NONE',  ( 1.000000000000000000, 0.000000000000000000, 0.000000000000000000 ) ) ;
#538 = EDGE_LOOP ( 'NONE', ( #785, #1530, #1992, #2797 ) ) ;
#539 = APPLICATION_PROTOCOL_DEFINITION ( 'draft international standard', 'automotive_design', 1998, #3162 ) ;
#540 = VECTOR ( 'NONE', #2548, 1000.000000000000000 ) ;
#541 = FACE_OUTER_BOUND ( 'NONE', #935, .T. ) ;
#542 = EDGE_LOOP ( 'NONE', ( #3345, #2385, #3335, #132 ) ) ;
#543 = CARTESIAN_POINT ( 'NONE',  ( -2.799999999999999822, 2.949999999999999734, 1.300000000000000044 ) ) ;
#544 = ORIENTED_EDGE ( 'NONE', *, *, #498, .F. ) ;
#545 = LINE ( 'NONE', #2633, #3286 ) ;
#546 = EDGE_CURVE ( 'NONE', #1300, #1636, #1806, .T. ) ;
#547 = LINE ( 'NONE', #3466, #139 ) ;
#548 = DIRECTION ( 'NONE',  ( -1.000000000000000000, 0.000000000000000000, 0.000000000000000000 ) ) ;
#549 = ORIENTED_EDGE ( 'NONE', *, *, #283, .T. ) ;
#550 = VECTOR ( 'NONE', #1068, 1000.000000000000000 ) ;
#551 = ORIENTED_EDGE ( 'NONE', *, *, #1671, .T. ) ;
#552 = DIRECTION ( 'NONE',  ( -1.000000000000000000, 0.000000000000000000, 0.000000000000000000 ) ) ;
#553 = CARTESIAN_POINT ( 'NONE',  ( 5.349999999999999645, 0.4500000000000000111, -0.5000000000000000000 ) ) ;
#554 = DIRECTION ( 'NONE',  ( 0.000000000000000000, 1.000000000000000000, 0.000000000000000000 ) ) ;
#555 = DIRECTION ( 'NONE',  ( 0.000000000000000000, -1.000000000000000000, 0.000000000000000000 ) ) ;
#556 = UNCERTAINTY_MEASURE_WITH_UNIT (LENGTH_MEASURE( 1.000000000000000082E-05 ), #2267, 'distance_accuracy_value', 'NONE');
#557 = ORIENTED_EDGE ( 'NONE', *, *, #1464, .F. ) ;
#558 = ORIENTED_EDGE ( 'NONE', *, *, #1452, .T. ) ;
#559 = LINE ( 'NONE', #2651, #100 ) ;
#560 = ORIENTED_EDGE ( 'NONE', *, *, #2532, .T. ) ;
#561 = AXIS2_PLACEMENT_3D ( 'NONE', #530, #2898, #1445 ) ;
#562 = ORIENTED_EDGE ( 'NONE', *, *, #3336, .F. ) ;
#563 = DIRECTION ( 'NONE',  ( -1.000000000000000000, 0.000000000000000000, 0.000000000000000000 ) ) ;
#564 = EDGE_CURVE ( 'NONE', #699, #2448, #2509, .T. ) ;
#565 = DIRECTION ( 'NONE',  ( 0.000000000000000000, 0.000000000000000000, -1.000000000000000000 ) ) ;
#566 = DIRECTION ( 'NONE',  ( 1.000000000000000000, 0.000000000000000000, 0.000000000000000000 ) ) ;
#567 = VERTEX_POINT ( 'NONE', #656 ) ;
#568 = ADVANCED_FACE ( 'NONE', ( #1024 ), #3627, .T. ) ;
#569 = ORIENTED_EDGE ( 'NONE', *, *, #1283, .F. ) ;
#570 = CIRCLE ( 'NONE', #1702, 0.1999999999999999001 ) ;
#571 = FACE_OUTER_BOUND ( 'NONE', #1662, .T. ) ;
#572 = DIRECTION ( 'NONE',  ( 0.000000000000000000, 0.000000000000000000, -1.000000000000000000 ) ) ;
#573 = AXIS2_PLACEMENT_3D ( 'NONE', #1339, #1006, #734 ) ;
#574 = ADVANCED_FACE ( 'NONE', ( #3357 ), #1553, .T. ) ;
#575 = FACE_OUTER_BOUND ( 'NONE', #751, .T. ) ;
#576 = LINE ( 'NONE', #908, #3417 ) ;
#577 = PLANE ( 'NONE',  #2908 ) ;
#578 = ORIENTED_EDGE ( 'NONE', *, *, #2851, .T. ) ;
#579 = VERTEX_POINT ( 'NONE', #690 ) ;
#580 = CARTESIAN_POINT ( 'NONE',  ( 5.500000000000000000, 1.199999999999999956, -1.000000000000000000 ) ) ;
#581 = LINE ( 'NONE', #1112, #1052 ) ;
#582 = ORIENTED_EDGE ( 'NONE', *, *, #1095, .T. ) ;
#583 = VECTOR ( 'NONE', #672, 1000.000000000000000 ) ;
#584 = CIRCLE ( 'NONE', #2649, 0.3500000000000000333 ) ;
#585 = ORIENTED_EDGE ( 'NONE', *, *, #2850, .T. ) ;
#586 = FACE_OUTER_BOUND ( 'NONE', #1748, .T. ) ;
#587 = CARTESIAN_POINT ( 'NONE',  ( 3.700000000000000178, 0.3135135135134999862, -3.801081081081000068 ) ) ;
#588 = CARTESIAN_POINT ( 'NONE',  ( 4.899999999999999467, 0.4500000000000000111, -1.800000000000000044 ) ) ;
#589 = ORIENTED_EDGE ( 'NONE', *, *, #741, .T. ) ;
#590 = EDGE_CURVE ( 'NONE', #1049, #1477, #76, .T. ) ;
#591 = ORIENTED_EDGE ( 'NONE', *, *, #1074, .T. ) ;
#592 = CARTESIAN_POINT ( 'NONE',  ( -2.700000000000000178, 0.2648648648648999626, -3.659189189188999602 ) ) ;
#593 = VECTOR ( 'NONE', #2207, 1000.000000000000000 ) ;
#594 = EDGE_CURVE ( 'NONE', #2779, #2496, #1571, .T. ) ;
#595 = LINE ( 'NONE', #2195, #2945 ) ;
#596 = DIRECTION ( 'NONE',  ( -1.000000000000000000, 0.000000000000000000, 0.000000000000000000 ) ) ;
#597 = CYLINDRICAL_SURFACE ( 'NONE', #3353, 0.2000000000000000111 ) ;
#598 = EDGE_CURVE ( 'NONE', #1043, #1244, #2077, .T. ) ;
#599 = CARTESIAN_POINT ( 'NONE',  ( -2.799999999999999822, 0.000000000000000000, 0.000000000000000000 ) ) ;
#600 = ORIENTED_EDGE ( 'NONE', *, *, #1659, .F. ) ;
#601 = ORIENTED_EDGE ( 'NONE', *, *, #3618, .F. ) ;
#602 = CARTESIAN_POINT ( 'NONE',  ( -5.349999999999999645, 0.2000000000000000111, -0.5000000000000000000 ) ) ;
#603 = ORIENTED_EDGE ( 'NONE', *, *, #838, .T. ) ;
#604 = ORIENTED_EDGE ( 'NONE', *, *, #1322, .F. ) ;
#605 = AXIS2_PLACEMENT_3D ( 'NONE', #1431, #3136, #203 ) ;
#606 = DIRECTION ( 'NONE',  ( 0.000000000000000000, -0.7511704179678838633, -0.6601083268448859620 ) ) ;
#607 = FACE_OUTER_BOUND ( 'NONE', #1291, .T. ) ;
#608 = CARTESIAN_POINT ( 'NONE',  ( -2.700000000000000178, 0.1499999999999999944, -4.500000000000000000 ) ) ;
#609 = ORIENTED_EDGE ( 'NONE', *, *, #1503, .T. ) ;
#610 = ADVANCED_FACE ( 'NONE', ( #1903 ), #434, .F. ) ;
#611 = VECTOR ( 'NONE', #1293, 1000.000000000000000 ) ;
#612 = DIRECTION ( 'NONE',  ( 1.000000000000000000, 0.000000000000000000, 0.000000000000000000 ) ) ;
#613 = AXIS2_PLACEMENT_3D ( 'NONE', #1417, #2609, #2872 ) ;
#614 = EDGE_CURVE ( 'NONE', #3311, #3688, #2455, .T. ) ;
#615 = LINE ( 'NONE', #3552, #2585 ) ;
#616 = CARTESIAN_POINT ( 'NONE',  ( 2.700000000000000178, 0.000000000000000000, -4.500000000000000000 ) ) ;
#617 = DIRECTION ( 'NONE',  ( 0.000000000000000000, 0.000000000000000000, 1.000000000000000000 ) ) ;
#618 = EDGE_CURVE ( 'NONE', #2816, #2534, #1866, .T. ) ;
#619 = CARTESIAN_POINT ( 'NONE',  ( 2.799999999999999822, 5.181170417968000486, 0.2201083268449000041 ) ) ;
#620 = ORIENTED_EDGE ( 'NONE', *, *, #2962, .F. ) ;
#621 = ORIENTED_EDGE ( 'NONE', *, *, #790, .T. ) ;
#622 = EDGE_CURVE ( 'NONE', #256, #2059, #359, .T. ) ;
#623 = CARTESIAN_POINT ( 'NONE',  ( -3.000000000000000000, -0.5000000000000000000, -1.500000000000000000 ) ) ;
#624 = VERTEX_POINT ( 'NONE', #396 ) ;
#625 = ORIENTED_EDGE ( 'NONE', *, *, #1981, .F. ) ;
#626 = ADVANCED_FACE ( 'NONE', ( #3035 ), #1592, .F. ) ;
#627 = DIRECTION ( 'NONE',  ( 0.000000000000000000, 0.6601083268448858510, -0.7511704179678837523 ) ) ;
#628 = DIRECTION ( 'NONE',  ( 1.000000000000000000, 0.000000000000000000, 0.000000000000000000 ) ) ;
#629 = FACE_OUTER_BOUND ( 'NONE', #2858, .T. ) ;
#630 = ORIENTED_EDGE ( 'NONE', *, *, #2427, .T. ) ;
#631 = VECTOR ( 'NONE', #1271, 1000.000000000000000 ) ;
#632 = AXIS2_PLACEMENT_3D ( 'NONE', #2893, #2912, #781 ) ;
#633 = CARTESIAN_POINT ( 'NONE',  ( -2.799999999999999822, 4.429999999999999716, -0.4400000000000000022 ) ) ;
#634 = DIRECTION ( 'NONE',  ( 1.000000000000000000, 0.000000000000000000, 0.000000000000000000 ) ) ;
#635 = DIRECTION ( 'NONE',  ( 0.000000000000000000, -0.3243243243243169593, 0.9459459459459483854 ) ) ;
#636 = AXIS2_PLACEMENT_3D ( 'NONE', #827, #1940, #165 ) ;
#637 = LINE ( 'NONE', #2096, #1393 ) ;
#638 = FACE_OUTER_BOUND ( 'NONE', #81, .T. ) ;
#639 = PLANE ( 'NONE',  #1233 ) ;
#640 = AXIS2_PLACEMENT_3D ( 'NONE', #3220, #565, #1179 ) ;
#641 = ORIENTED_EDGE ( 'NONE', *, *, #3180, .F. ) ;
#642 = ORIENTED_EDGE ( 'NONE', *, *, #3744, .F. ) ;
#643 = ADVANCED_FACE ( 'NONE', ( #2789 ), #2749, .F. ) ;
#644 = VERTEX_POINT ( 'NONE', #3018 ) ;
#645 = EDGE_CURVE ( 'NONE', #2029, #1160, #3589, .T. ) ;
#646 = ORIENTED_EDGE ( 'NONE', *, *, #2394, .T. ) ;
#647 = DIRECTION ( 'NONE',  ( -0.000000000000000000, 0.7511704179678838633, 0.6601083268448859620 ) ) ;
#648 = CARTESIAN_POINT ( 'NONE',  ( 5.500000000000000000, 1.199999999999999956, -2.100000000000000089 ) ) ;
#649 = CARTESIAN_POINT ( 'NONE',  ( -6.200000000000000178, 6.500000000000000000, -1.000000000000000000 ) ) ;
#650 = AXIS2_PLACEMENT_3D ( 'NONE', #2768, #375, #985 ) ;
#651 = ORIENTED_EDGE ( 'NONE', *, *, #1977, .F. ) ;
#652 = AXIS2_PLACEMENT_3D ( 'NONE', #2996, #389, #2761 ) ;
#653 = CYLINDRICAL_SURFACE ( 'NONE', #1481, 0.5200000000000000178 ) ;
#654 = CARTESIAN_POINT ( 'NONE',  ( -2.700000000000000178, 0.000000000000000000, -4.000000000000000000 ) ) ;
#655 = ORIENTED_EDGE ( 'NONE', *, *, #1183, .F. ) ;
#656 = CARTESIAN_POINT ( 'NONE',  ( -6.400000000000000355, 0.2000000000000000111, -1.800000000000000044 ) ) ;
#657 = CIRCLE ( 'NONE', #2462, 0.2000000000000000111 ) ;
#658 = CARTESIAN_POINT ( 'NONE',  ( -2.799999999999999822, 5.293845980662999828, 0.3191245758715999803 ) ) ;
#659 = CARTESIAN_POINT ( 'NONE',  ( -5.500000000000000000, 6.500000000000000000, -1.000000000000000000 ) ) ;
#660 = VERTEX_POINT ( 'NONE', #3648 ) ;
#661 = ORIENTED_EDGE ( 'NONE', *, *, #2643, .T. ) ;
#662 = ORIENTED_EDGE ( 'NONE', *, *, #594, .T. ) ;
#663 =( NAMED_UNIT ( * ) PLANE_ANGLE_UNIT ( ) SI_UNIT ( $, .RADIAN. ) );
#664 = CARTESIAN_POINT ( 'NONE',  ( -6.400000000000000355, 0.000000000000000000, -0.5000000000000000000 ) ) ;
#665 = DIRECTION ( 'NONE',  ( 0.000000000000000000, 0.3243243243243170149, -0.9459459459459483854 ) ) ;
#666 = ORIENTED_EDGE ( 'NONE', *, *, #1303, .T. ) ;
#667 = AXIS2_PLACEMENT_3D ( 'NONE', #2641, #1804, #923 ) ;
#668 = EDGE_CURVE ( 'NONE', #3537, #932, #1005, .T. ) ;
#669 = CIRCLE ( 'NONE', #2661, 0.5200000000000000178 ) ;
#670 = CARTESIAN_POINT ( 'NONE',  ( 3.600000000000000089, 2.949999999999999734, 0.000000000000000000 ) ) ;
#671 = DIRECTION ( 'NONE',  ( 1.000000000000000000, 0.000000000000000000, 0.000000000000000000 ) ) ;
#672 = DIRECTION ( 'NONE',  ( 1.000000000000000000, 0.000000000000000000, 0.000000000000000000 ) ) ;
#673 = DIRECTION ( 'NONE',  ( 0.000000000000000000, 0.000000000000000000, -1.000000000000000000 ) ) ;
#674 = DIRECTION ( 'NONE',  ( -1.000000000000000000, 0.000000000000000000, 0.000000000000000000 ) ) ;
#675 = DIRECTION ( 'NONE',  ( -1.000000000000000000, 0.000000000000000000, 0.000000000000000000 ) ) ;
#676 = LINE ( 'NONE', #2161, #1618 ) ;
#677 = ORIENTED_EDGE ( 'NONE', *, *, #184, .F. ) ;
#678 = LINE ( 'NONE', #2183, #1984 ) ;
#679 = ORIENTED_EDGE ( 'NONE', *, *, #3135, .F. ) ;
#680 = VERTEX_POINT ( 'NONE', #3307 ) ;
#681 = FACE_OUTER_BOUND ( 'NONE', #1680, .T. ) ;
#682 = DIRECTION ( 'NONE',  ( 1.000000000000000000, 0.000000000000000000, 0.000000000000000000 ) ) ;
#683 = ORIENTED_EDGE ( 'NONE', *, *, #1399, .T. ) ;
#684 = CARTESIAN_POINT ( 'NONE',  ( 2.799999999999999822, 4.025819292578000308, 1.762075828791000109 ) ) ;
#685 = EDGE_CURVE ( 'NONE', #3776, #1300, #126, .T. ) ;
#686 = VECTOR ( 'NONE', #2711, 1000.000000000000000 ) ;
#687 = CARTESIAN_POINT ( 'NONE',  ( -6.400000000000000355, 0.2000000000000000111, -0.5000000000000000000 ) ) ;
#688 = EDGE_CURVE ( 'NONE', #2012, #1379, #1412, .T. ) ;
#689 = AXIS2_PLACEMENT_3D ( 'NONE', #1078, #563, #2290 ) ;
#690 = CARTESIAN_POINT ( 'NONE',  ( -4.700000000000000178, 2.000000000000000000, -3.700000000000000178 ) ) ;
#691 = CARTESIAN_POINT ( 'NONE',  ( 0.5000000000000000000, 0.2648648648648999626, -3.659189189188999602 ) ) ;
#692 = PLANE ( 'NONE',  #1198 ) ;
#693 = CIRCLE ( 'NONE', #3471, 0.6999999999999998446 ) ;
#694 = ADVANCED_FACE ( 'NONE', ( #3747, #1044, #3115 ), #2563, .F. ) ;
#695 = CARTESIAN_POINT ( 'NONE',  ( 2.799999999999999822, 3.913143729881999544, 1.663059579765000073 ) ) ;
#696 = ORIENTED_EDGE ( 'NONE', *, *, #2778, .T. ) ;
#697 = AXIS2_PLACEMENT_3D ( 'NONE', #2337, #862, #3257 ) ;
#698 = PLANE ( 'NONE',  #1110 ) ;
#699 = VERTEX_POINT ( 'NONE', #201 ) ;
#700 = ORIENTED_EDGE ( 'NONE', *, *, #1303, .F. ) ;
#701 = VECTOR ( 'NONE', #2363, 1000.000000000000000 ) ;
#702 = DIRECTION ( 'NONE',  ( 1.000000000000000000, 0.000000000000000000, 0.000000000000000000 ) ) ;
#703 = CIRCLE ( 'NONE', #3794, 1.149999999999999245 ) ;
#704 = DIRECTION ( 'NONE',  ( 0.000000000000000000, 0.000000000000000000, -1.000000000000000000 ) ) ;
#705 = CARTESIAN_POINT ( 'NONE',  ( 5.100000000000000533, 0.5500000000000000444, -1.800000000000000044 ) ) ;
#706 = EDGE_LOOP ( 'NONE', ( #1596, #3127, #1848, #520 ) ) ;
#707 = EDGE_CURVE ( 'NONE', #1150, #429, #1123, .T. ) ;
#708 = CARTESIAN_POINT ( 'NONE',  ( 5.349999999999999645, 0.2000000000000000111, -0.5000000000000000000 ) ) ;
#709 = CARTESIAN_POINT ( 'NONE',  ( -0.5000000000000000000, 0.2851351351350999708, -3.810810810811000149 ) ) ;
#710 = EDGE_CURVE ( 'NONE', #1988, #1855, #479, .T. ) ;
#711 = ADVANCED_FACE ( 'NONE', ( #3769 ), #809, .F. ) ;
#712 = CARTESIAN_POINT ( 'NONE',  ( -6.400000000000000355, 0.2000000000000000111, -0.5000000000000000000 ) ) ;
#713 = AXIS2_PLACEMENT_3D ( 'NONE', #3540, #2611, #1134 ) ;
#714 = ORIENTED_EDGE ( 'NONE', *, *, #2258, .T. ) ;
#715 = DIRECTION ( 'NONE',  ( 0.000000000000000000, 0.000000000000000000, -1.000000000000000000 ) ) ;
#716 = EDGE_CURVE ( 'NONE', #122, #2874, #1689, .T. ) ;
#717 = CARTESIAN_POINT ( 'NONE',  ( 2.700000000000000178, 0.3977371993329000266, -3.500000000000000000 ) ) ;
#718 = CARTESIAN_POINT ( 'NONE',  ( -5.100000000000000533, 0.4500000000000000111, -0.5000000000000000000 ) ) ;
#719 =( REPRESENTATION_RELATIONSHIP ('NONE','NONE', #457, #3793 ) REPRESENTATION_RELATIONSHIP_WITH_TRANSFORMATION ( #1419 )SHAPE_REPRESENTATION_RELATIONSHIP( ) );
#720 = VERTEX_POINT ( 'NONE', #1338 ) ;
#721 = EDGE_CURVE ( 'NONE', #2017, #1175, #258, .T. ) ;
#722 = CARTESIAN_POINT ( 'NONE',  ( -3.600000000000000089, 3.500000000000000000, 1.850000000000000089 ) ) ;
#723 = VERTEX_POINT ( 'NONE', #1978 ) ;
#724 = ORIENTED_EDGE ( 'NONE', *, *, #55, .F. ) ;
#725 = DIRECTION ( 'NONE',  ( 0.000000000000000000, 0.000000000000000000, -1.000000000000000000 ) ) ;
#726 = ORIENTED_EDGE ( 'NONE', *, *, #2098, .T. ) ;
#727 = CARTESIAN_POINT ( 'NONE',  ( -5.500000000000000000, 0.5500000000000000444, 0.000000000000000000 ) ) ;
#728 = DIRECTION ( 'NONE',  ( 0.000000000000000000, -1.000000000000000000, 0.000000000000000000 ) ) ;
#729 = EDGE_CURVE ( 'NONE', #2133, #2583, #1008, .T. ) ;
#730 = CARTESIAN_POINT ( 'NONE',  ( -6.200000000000000178, 0.05000000000000000278, -3.500000000000000000 ) ) ;
#731 = CARTESIAN_POINT ( 'NONE',  ( 0.5000000000000000000, 0.2364864864865000027, -3.668918918919000127 ) ) ;
#732 = DIRECTION ( 'NONE',  ( -1.000000000000000000, 0.000000000000000000, 0.000000000000000000 ) ) ;
#733 = VECTOR ( 'NONE', #2961, 1000.000000000000000 ) ;
#734 = DIRECTION ( 'NONE',  ( 0.000000000000000000, -1.000000000000000000, 0.000000000000000000 ) ) ;
#735 = DIRECTION ( 'NONE',  ( 0.000000000000000000, 0.000000000000000000, -1.000000000000000000 ) ) ;
#736 = ORIENTED_EDGE ( 'NONE', *, *, #1531, .F. ) ;
#737 = ADVANCED_FACE ( 'NONE', ( #1391 ), #1960, .F. ) ;
#738 = CARTESIAN_POINT ( 'NONE',  ( -0.5000000000000000000, 0.5487119154833001167, -3.500000000000000000 ) ) ;
#739 = ORIENTED_EDGE ( 'NONE', *, *, #1673, .F. ) ;
#740 = VECTOR ( 'NONE', #1239, 1000.000000000000000 ) ;
#741 = EDGE_CURVE ( 'NONE', #1077, #307, #3189, .T. ) ;
#742 = ORIENTED_EDGE ( 'NONE', *, *, #1121, .T. ) ;
#743 = CARTESIAN_POINT ( 'NONE',  ( 4.899999999999999467, 0.4500000000000000111, -1.800000000000000044 ) ) ;
#744 = PLANE ( 'NONE',  #1586 ) ;
#745 = ORIENTED_EDGE ( 'NONE', *, *, #1785, .F. ) ;
#746 = EDGE_CURVE ( 'NONE', #932, #2114, #2061, .T. ) ;
#747 = CARTESIAN_POINT ( 'NONE',  ( -5.500000000000000000, 1.199999999999999956, -1.000000000000000000 ) ) ;
#748 = AXIS2_PLACEMENT_3D ( 'NONE', #3587, #2733, #964 ) ;
#749 = PLANE ( 'NONE',  #282 ) ;
#750 = DIRECTION ( 'NONE',  ( 1.000000000000000000, 0.000000000000000000, 0.000000000000000000 ) ) ;
#751 = EDGE_LOOP ( 'NONE', ( #3678, #2738, #3122, #1405 ) ) ;
#752 = ORIENTED_EDGE ( 'NONE', *, *, #2113, .F. ) ;
#753 = DIRECTION ( 'NONE',  ( 1.000000000000000000, 0.000000000000000000, 0.000000000000000000 ) ) ;
#754 = DIRECTION ( 'NONE',  ( 0.000000000000000000, 0.000000000000000000, -1.000000000000000000 ) ) ;
#755 = VECTOR ( 'NONE', #2272, 1000.000000000000000 ) ;
#756 = ORIENTED_EDGE ( 'NONE', *, *, #2216, .F. ) ;
#757 = LINE ( 'NONE', #2814, #2623 ) ;
#758 = ORIENTED_EDGE ( 'NONE', *, *, #262, .T. ) ;
#759 = ADVANCED_FACE ( 'NONE', ( #2905 ), #2527, .T. ) ;
#760 = ORIENTED_EDGE ( 'NONE', *, *, #501, .T. ) ;
#761 = VECTOR ( 'NONE', #1118, 1000.000000000000227 ) ;
#762 = CARTESIAN_POINT ( 'NONE',  ( 4.700000000000000178, 6.500000000000000000, -3.700000000000000178 ) ) ;
#763 = ORIENTED_EDGE ( 'NONE', *, *, #988, .T. ) ;
#764 = VECTOR ( 'NONE', #2003, 1000.000000000000000 ) ;
#765 = EDGE_LOOP ( 'NONE', ( #2976, #3249, #3713, #3144 ) ) ;
#766 = DIRECTION ( 'NONE',  ( 0.000000000000000000, 0.000000000000000000, -1.000000000000000000 ) ) ;
#767 = CARTESIAN_POINT ( 'NONE',  ( -3.700000000000000178, 0.000000000000000000, -4.500000000000000000 ) ) ;
#768 = CARTESIAN_POINT ( 'NONE',  ( -0.5000000000000000000, 0.3977371993329000266, -3.500000000000000000 ) ) ;
#769 = ORIENTED_EDGE ( 'NONE', *, *, #2210, .F. ) ;
#770 = CARTESIAN_POINT ( 'NONE',  ( -4.890000000000000568, 0.5500000000000000444, 0.000000000000000000 ) ) ;
#771 = CARTESIAN_POINT ( 'NONE',  ( -6.400000000000000355, 0.2000000000000000111, -0.5000000000000000000 ) ) ;
#772 = VECTOR ( 'NONE', #1473, 1000.000000000000000 ) ;
#773 = VECTOR ( 'NONE', #3181, 1000.000000000000000 ) ;
#774 = LINE ( 'NONE', #811, #3571 ) ;
#775 = VERTEX_POINT ( 'NONE', #2298 ) ;
#776 = CARTESIAN_POINT ( 'NONE',  ( -0.5000000000000000000, 0.1499999999999999944, -4.500000000000000000 ) ) ;
#777 = AXIS2_PLACEMENT_3D ( 'NONE', #3528, #1430, #883 ) ;
#778 = DIRECTION ( 'NONE',  ( 1.000000000000000000, 0.000000000000000000, 0.000000000000000000 ) ) ;
#779 = ORIENTED_EDGE ( 'NONE', *, *, #2317, .T. ) ;
#780 = ORIENTED_EDGE ( 'NONE', *, *, #333, .F. ) ;
#781 = DIRECTION ( 'NONE',  ( 1.000000000000000000, 0.000000000000000000, 0.000000000000000000 ) ) ;
#782 = AXIS2_PLACEMENT_3D ( 'NONE', #431, #3721, #3166 ) ;
#783 = EDGE_CURVE ( 'NONE', #1635, #3585, #693, .T. ) ;
#784 = DIRECTION ( 'NONE',  ( -0.000000000000000000, 1.000000000000000000, 0.000000000000000000 ) ) ;
#785 = ORIENTED_EDGE ( 'NONE', *, *, #1032, .T. ) ;
#786 = ORIENTED_EDGE ( 'NONE', *, *, #1931, .T. ) ;
#787 = CARTESIAN_POINT ( 'NONE',  ( 6.200000000000000178, 2.000000000000000000, -3.500000000000000000 ) ) ;
#788 = PLANE ( 'NONE',  #3134 ) ;
#789 = CARTESIAN_POINT ( 'NONE',  ( 0.4000000000000000222, 2.799999999999999822, 1.300000000000000044 ) ) ;
#790 = EDGE_CURVE ( 'NONE', #2874, #1248, #2255, .T. ) ;
#791 = EDGE_CURVE ( 'NONE', #699, #3234, #1710, .T. ) ;
#792 = DIRECTION ( 'NONE',  ( 1.000000000000000000, 0.000000000000000000, 0.000000000000000000 ) ) ;
#793 = CARTESIAN_POINT ( 'NONE',  ( 2.799999999999999822, 5.327997772825999512, 0.000000000000000000 ) ) ;
#794 = AXIS2_PLACEMENT_3D ( 'NONE', #2213, #1532, #393 ) ;
#795 = PLANE ( 'NONE',  #2104 ) ;
#796 = VERTEX_POINT ( 'NONE', #770 ) ;
#797 = CARTESIAN_POINT ( 'NONE',  ( -3.600000000000000089, 2.949999999999999734, 1.300000000000000044 ) ) ;
#798 = CIRCLE ( 'NONE', #112, 1.149999999999999245 ) ;
#799 = DIRECTION ( 'NONE',  ( 1.000000000000000000, 0.000000000000000000, 0.000000000000000000 ) ) ;
#800 = VERTEX_POINT ( 'NONE', #3151 ) ;
#801 = ORIENTED_EDGE ( 'NONE', *, *, #3057, .T. ) ;
#802 = DIRECTION ( 'NONE',  ( 1.000000000000000000, 0.000000000000000000, 0.000000000000000000 ) ) ;
#803 = VERTEX_POINT ( 'NONE', #516 ) ;
#804 = VERTEX_POINT ( 'NONE', #2459 ) ;
#805 = CARTESIAN_POINT ( 'NONE',  ( -0.5000000000000000000, 0.2364864864865000027, -3.668918918919000127 ) ) ;
#806 = CARTESIAN_POINT ( 'NONE',  ( 3.600000000000000089, 2.799999999999999822, 1.300000000000000044 ) ) ;
#807 = FACE_OUTER_BOUND ( 'NONE', #2172, .T. ) ;
#808 = EDGE_CURVE ( 'NONE', #1137, #291, #1443, .T. ) ;
#809 = PLANE ( 'NONE',  #3717 ) ;
#810 = CARTESIAN_POINT ( 'NONE',  ( 2.700000000000000178, 0.000000000000000000, -4.500000000000000000 ) ) ;
#811 = CARTESIAN_POINT ( 'NONE',  ( 4.890000000000000568, 0.05000000000000000278, 0.000000000000000000 ) ) ;
#812 = ORIENTED_EDGE ( 'NONE', *, *, #2098, .F. ) ;
#813 = DIRECTION ( 'NONE',  ( 0.000000000000000000, 1.000000000000000000, 0.000000000000000000 ) ) ;
#814 = EDGE_CURVE ( 'NONE', #3440, #9, #3360, .T. ) ;
#815 = CARTESIAN_POINT ( 'NONE',  ( -0.5000000000000000000, 0.1499999999999999944, -4.000000000000000000 ) ) ;
#816 = ORIENTED_EDGE ( 'NONE', *, *, #1597, .F. ) ;
#817 = DIRECTION ( 'NONE',  ( -1.000000000000000000, 0.000000000000000000, 0.000000000000000000 ) ) ;
#818 = ORIENTED_EDGE ( 'NONE', *, *, #2091, .F. ) ;
#819 = VECTOR ( 'NONE', #1555, 1000.000000000000000 ) ;
#820 = EDGE_LOOP ( 'NONE', ( #3638, #3175, #1224, #3597 ) ) ;
#821 = CARTESIAN_POINT ( 'NONE',  ( -0.4000000000000000222, 2.949999999999999734, 0.000000000000000000 ) ) ;
#822 = DIRECTION ( 'NONE',  ( -1.000000000000000000, 0.000000000000000000, 0.000000000000000000 ) ) ;
#823 = CARTESIAN_POINT ( 'NONE',  ( -6.200000000000000178, 1.199999999999999956, -2.100000000000000089 ) ) ;
#824 = EDGE_LOOP ( 'NONE', ( #1450, #3291, #1537, #847 ) ) ;
#825 = VECTOR ( 'NONE', #1147, 1000.000000000000000 ) ;
#826 = EDGE_CURVE ( 'NONE', #2025, #3819, #3341, .T. ) ;
#827 = CARTESIAN_POINT ( 'NONE',  ( -2.700000000000000178, 0.2000000000000000111, -3.470000000000000195 ) ) ;
#828 = CARTESIAN_POINT ( 'NONE',  ( 5.500000000000000000, 6.500000000000000000, -1.000000000000000000 ) ) ;
#829 = STYLED_ITEM ( 'NONE', ( #3191 ), #380 ) ;
#830 = EDGE_CURVE ( 'NONE', #3619, #1108, #2806, .T. ) ;
#831 = CARTESIAN_POINT ( 'NONE',  ( 3.600000000000000089, 3.500000000000000000, 1.300000000000000044 ) ) ;
#832 = ORIENTED_EDGE ( 'NONE', *, *, #688, .F. ) ;
#833 = ADVANCED_FACE ( 'NONE', ( #1048 ), #692, .T. ) ;
#834 = CARTESIAN_POINT ( 'NONE',  ( -0.4000000000000000222, 4.429999999999999716, -0.4400000000000000022 ) ) ;
#835 = VECTOR ( 'NONE', #965, 1000.000000000000000 ) ;
#836 = ORIENTED_EDGE ( 'NONE', *, *, #3646, .T. ) ;
#837 = VECTOR ( 'NONE', #470, 1000.000000000000000 ) ;
#838 = EDGE_CURVE ( 'NONE', #800, #1988, #2218, .T. ) ;
#839 = ADVANCED_FACE ( 'NONE', ( #111 ), #1280, .T. ) ;
#840 = PRODUCT_CONTEXT ( 'NONE', #3162, 'mechanical' ) ;
#841 = DIRECTION ( 'NONE',  ( 0.000000000000000000, -0.9459459459459483854, -0.3243243243243171259 ) ) ;
#842 = ORIENTED_EDGE ( 'NONE', *, *, #3448, .T. ) ;
#843 = ORIENTED_EDGE ( 'NONE', *, *, #66, .T. ) ;
#844 = CARTESIAN_POINT ( 'NONE',  ( 0.4000000000000000222, 3.500000000000000000, 2.000000000000000000 ) ) ;
#845 = CARTESIAN_POINT ( 'NONE',  ( 4.890000000000000568, 0.5500000000000000444, 0.000000000000000000 ) ) ;
#846 = FACE_OUTER_BOUND ( 'NONE', #765, .T. ) ;
#847 = ORIENTED_EDGE ( 'NONE', *, *, #3808, .T. ) ;
#848 = CARTESIAN_POINT ( 'NONE',  ( 4.700000000000000178, 2.000000000000000000, -3.700000000000000178 ) ) ;
#849 = CARTESIAN_POINT ( 'NONE',  ( 2.700000000000000178, 0.2851351351350999708, -3.810810810811000149 ) ) ;
#850 = DIRECTION ( 'NONE',  ( 0.000000000000000000, 0.000000000000000000, -1.000000000000000000 ) ) ;
#851 = DIRECTION ( 'NONE',  ( 0.000000000000000000, -1.000000000000000000, 0.000000000000000000 ) ) ;
#852 = CARTESIAN_POINT ( 'NONE',  ( 5.349999999999999645, 0.2000000000000000111, -1.800000000000000044 ) ) ;
#853 = AXIS2_PLACEMENT_3D ( 'NONE', #865, #2419, #18 ) ;
#854 = ORIENTED_EDGE ( 'NONE', *, *, #1249, .F. ) ;
#855 = ORIENTED_EDGE ( 'NONE', *, *, #2944, .F. ) ;
#856 = EDGE_CURVE ( 'NONE', #71, #226, #3347, .T. ) ;
#857 = AXIS2_PLACEMENT_3D ( 'NONE', #1645, #3111, #3413 ) ;
#858 = DIRECTION ( 'NONE',  ( 0.000000000000000000, 0.000000000000000000, -1.000000000000000000 ) ) ;
#859 = ORIENTED_EDGE ( 'NONE', *, *, #55, .T. ) ;
#860 = VERTEX_POINT ( 'NONE', #3669 ) ;
#861 = DIRECTION ( 'NONE',  ( 0.000000000000000000, 0.000000000000000000, 1.000000000000000000 ) ) ;
#862 = DIRECTION ( 'NONE',  ( -1.000000000000000000, 0.000000000000000000, 0.000000000000000000 ) ) ;
#863 = CARTESIAN_POINT ( 'NONE',  ( 0.4000000000000000222, 4.025819292578000308, 1.762075828791000109 ) ) ;
#864 = EDGE_LOOP ( 'NONE', ( #582, #3384, #990, #1363 ) ) ;
#865 = CARTESIAN_POINT ( 'NONE',  ( 3.700000000000000178, 0.3499999999999999778, -4.000000000000000000 ) ) ;
#866 = EDGE_CURVE ( 'NONE', #680, #944, #2160, .T. ) ;
#867 = LINE ( 'NONE', #1731, #1461 ) ;
#868 = CARTESIAN_POINT ( 'NONE',  ( -3.600000000000000089, 3.500000000000000000, 1.300000000000000044 ) ) ;
#869 = CARTESIAN_POINT ( 'NONE',  ( -6.200000000000000178, 0.05000000000000000278, -3.700000000000000178 ) ) ;
#870 = DIRECTION ( 'NONE',  ( -1.000000000000000000, 0.000000000000000000, 0.000000000000000000 ) ) ;
#871 = ORIENTED_EDGE ( 'NONE', *, *, #2317, .F. ) ;
#872 = ORIENTED_EDGE ( 'NONE', *, *, #2924, .T. ) ;
#873 = LINE ( 'NONE', #3796, #3549 ) ;
#874 = ORIENTED_EDGE ( 'NONE', *, *, #2891, .F. ) ;
#875 = ADVANCED_FACE ( 'NONE', ( #2792 ), #3037, .T. ) ;
#876 = CIRCLE ( 'NONE', #3224, 0.5200000000000000178 ) ;
#877 = ORIENTED_EDGE ( 'NONE', *, *, #1782, .F. ) ;
#878 = PLANE ( 'NONE',  #2798 ) ;
#879 = EDGE_CURVE ( 'NONE', #2389, #1411, #1823, .T. ) ;
#880 = PLANE ( 'NONE',  #3474 ) ;
#881 = LINE ( 'NONE', #255, #3486 ) ;
#882 = VECTOR ( 'NONE', #1007, 1000.000000000000000 ) ;
#883 = DIRECTION ( 'NONE',  ( 0.000000000000000000, -1.000000000000000000, 0.000000000000000000 ) ) ;
#884 = AXIS2_PLACEMENT_3D ( 'NONE', #48, #1507, #1562 ) ;
#885 = DIRECTION ( 'NONE',  ( 0.000000000000000000, 0.000000000000000000, -1.000000000000000000 ) ) ;
#886 = LINE ( 'NONE', #3245, #3429 ) ;
#887 = VECTOR ( 'NONE', #2197, 1000.000000000000000 ) ;
#888 = CARTESIAN_POINT ( 'NONE',  ( -0.5000000000000000000, 0.000000000000000000, -4.000000000000000000 ) ) ;
#889 = LINE ( 'NONE', #1535, #3539 ) ;
#890 = FACE_OUTER_BOUND ( 'NONE', #1189, .T. ) ;
#891 = ORIENTED_EDGE ( 'NONE', *, *, #2221, .T. ) ;
#892 = ORIENTED_EDGE ( 'NONE', *, *, #370, .T. ) ;
#893 = DIRECTION ( 'NONE',  ( 0.000000000000000000, 0.000000000000000000, 1.000000000000000000 ) ) ;
#894 = VERTEX_POINT ( 'NONE', #378 ) ;
#895 = AXIS2_PLACEMENT_3D ( 'NONE', #928, #2118, #1515 ) ;
#896 = AXIS2_PLACEMENT_3D ( 'NONE', #3460, #1774, #1174 ) ;
#897 = ORIENTED_EDGE ( 'NONE', *, *, #3524, .T. ) ;
#898 = CARTESIAN_POINT ( 'NONE',  ( -3.600000000000000089, 3.913143729881999544, 1.663059579765000073 ) ) ;
#899 = EDGE_CURVE ( 'NONE', #9, #2496, #1576, .T. ) ;
#900 = LINE ( 'NONE', #2088, #2392 ) ;
#901 = DIRECTION ( 'NONE',  ( -1.000000000000000000, 0.000000000000000000, 0.000000000000000000 ) ) ;
#902 = VERTEX_POINT ( 'NONE', #3021 ) ;
#903 = EDGE_CURVE ( 'NONE', #3480, #2325, #3657, .T. ) ;
#904 = DIRECTION ( 'NONE',  ( 0.000000000000000000, 0.000000000000000000, -1.000000000000000000 ) ) ;
#905 = LINE ( 'NONE', #2126, #3294 ) ;
#906 = EDGE_CURVE ( 'NONE', #194, #2725, #1028, .T. ) ;
#907 = CARTESIAN_POINT ( 'NONE',  ( 3.700000000000000178, 0.2000000000000000111, -3.470000000000000195 ) ) ;
#908 = CARTESIAN_POINT ( 'NONE',  ( -0.5000000000000000000, 0.2364864864865000027, -3.668918918919000127 ) ) ;
#909 = CARTESIAN_POINT ( 'NONE',  ( 6.200000000000000178, 1.199999999999999956, -1.000000000000000000 ) ) ;
#910 = ADVANCED_FACE ( 'NONE', ( #2737 ), #1257, .F. ) ;
#911 = ORIENTED_EDGE ( 'NONE', *, *, #214, .F. ) ;
#912 = ORIENTED_EDGE ( 'NONE', *, *, #564, .F. ) ;
#913 = FACE_OUTER_BOUND ( 'NONE', #2657, .T. ) ;
#914 = ORIENTED_EDGE ( 'NONE', *, *, #1047, .T. ) ;
#915 = ADVANCED_FACE ( 'NONE', ( #3630 ), #989, .T. ) ;
#916 = EDGE_LOOP ( 'NONE', ( #2270, #510, #3026, #897 ) ) ;
#917 = VECTOR ( 'NONE', #1568, 999.9999999999998863 ) ;
#918 = DIRECTION ( 'NONE',  ( 0.000000000000000000, 1.000000000000000000, 0.000000000000000000 ) ) ;
#919 = CARTESIAN_POINT ( 'NONE',  ( 0.5000000000000000000, 0.3499999999999999778, -4.000000000000000000 ) ) ;
#920 = DIRECTION ( 'NONE',  ( 1.000000000000000000, 0.000000000000000000, 0.000000000000000000 ) ) ;
#921 = ORIENTED_EDGE ( 'NONE', *, *, #3172, .T. ) ;
#922 = LINE ( 'NONE', #3282, #250 ) ;
#923 = DIRECTION ( 'NONE',  ( 0.000000000000000000, 0.7511704179678837523, 0.6601083268448860730 ) ) ;
#924 = CIRCLE ( 'NONE', #2173, 0.5500000000000001554 ) ;
#925 = CARTESIAN_POINT ( 'NONE',  ( 2.700000000000000178, 0.1499999999999999944, -4.500000000000000000 ) ) ;
#926 = ADVANCED_FACE ( 'NONE', ( #3076 ), #1612, .T. ) ;
#927 = LINE ( 'NONE', #3511, #1961 ) ;
#928 = CARTESIAN_POINT ( 'NONE',  ( -5.349999999999999645, 0.4500000000000000111, -1.800000000000000044 ) ) ;
#929 = EDGE_CURVE ( 'NONE', #3084, #2745, #1827, .T. ) ;
#930 = LINE ( 'NONE', #286, #701 ) ;
#931 = CARTESIAN_POINT ( 'NONE',  ( 2.799999999999999822, 3.500000000000000000, 1.300000000000000044 ) ) ;
#932 = VERTEX_POINT ( 'NONE', #2074 ) ;
#933 = VERTEX_POINT ( 'NONE', #1163 ) ;
#934 = ORIENTED_EDGE ( 'NONE', *, *, #502, .F. ) ;
#935 = EDGE_LOOP ( 'NONE', ( #1683, #780, #1177, #3350 ) ) ;
#936 = LINE ( 'NONE', #2693, #3651 ) ;
#937 = DIRECTION ( 'NONE',  ( 0.000000000000000000, 0.7511704179678837523, 0.6601083268448860730 ) ) ;
#938 = CARTESIAN_POINT ( 'NONE',  ( -0.5000000000000000000, 0.2000000000000000111, -3.470000000000000195 ) ) ;
#939 = ORIENTED_EDGE ( 'NONE', *, *, #1310, .F. ) ;
#940 = VECTOR ( 'NONE', #1367, 1000.000000000000000 ) ;
#941 = PRODUCT_DEFINITION_FORMATION_WITH_SPECIFIED_SOURCE ( 'ANY', '', #3620, .NOT_KNOWN. ) ;
#942 = DIRECTION ( 'NONE',  ( 1.000000000000000000, 0.000000000000000000, 0.000000000000000000 ) ) ;
#943 = CARTESIAN_POINT ( 'NONE',  ( -0.5000000000000000000, 0.1499999999999999944, -4.500000000000000000 ) ) ;
#944 = VERTEX_POINT ( 'NONE', #2055 ) ;
#945 = VECTOR ( 'NONE', #2584, 1000.000000000000000 ) ;
#946 = DIRECTION ( 'NONE',  ( 1.000000000000000000, 0.000000000000000000, 0.000000000000000000 ) ) ;
#947 = CIRCLE ( 'NONE', #259, 0.3500000000000000333 ) ;
#948 = CYLINDRICAL_SURFACE ( 'NONE', #3199, 0.5500000000000000444 ) ;
#949 = DIRECTION ( 'NONE',  ( 0.000000000000000000, 0.000000000000000000, -1.000000000000000000 ) ) ;
#950 = CIRCLE ( 'NONE', #1943, 0.6999999999999998446 ) ;
#951 = VERTEX_POINT ( 'NONE', #2678 ) ;
#952 = AXIS2_PLACEMENT_3D ( 'NONE', #125, #340, #1314 ) ;
#953 = EDGE_LOOP ( 'NONE', ( #801, #3497, #769, #1938 ) ) ;
#954 = EDGE_CURVE ( 'NONE', #2047, #2464, #905, .T. ) ;
#955 = ORIENTED_EDGE ( 'NONE', *, *, #2390, .T. ) ;
#956 = CARTESIAN_POINT ( 'NONE',  ( 3.700000000000000178, 0.000000000000000000, -4.500000000000000000 ) ) ;
#957 = LINE ( 'NONE', #1545, #1072 ) ;
#958 = CARTESIAN_POINT ( 'NONE',  ( -0.5000000000000000000, 0.2851351351350999708, -3.810810810811000149 ) ) ;
#959 = AXIS2_PLACEMENT_3D ( 'NONE', #553, #3811, #2362 ) ;
#960 = VECTOR ( 'NONE', #1954, 1000.000000000000227 ) ;
#961 = VERTEX_POINT ( 'NONE', #64 ) ;
#962 = VECTOR ( 'NONE', #3783, 1000.000000000000000 ) ;
#963 = CARTESIAN_POINT ( 'NONE',  ( -6.400000000000000355, 0.2000000000000000111, -1.800000000000000044 ) ) ;
#964 = DIRECTION ( 'NONE',  ( 1.000000000000000000, 0.000000000000000000, 0.000000000000000000 ) ) ;
#965 = DIRECTION ( 'NONE',  ( 0.000000000000000000, 0.000000000000000000, -1.000000000000000000 ) ) ;
#966 = VECTOR ( 'NONE', #160, 1000.000000000000000 ) ;
#967 = FACE_OUTER_BOUND ( 'NONE', #1736, .T. ) ;
#968 = DIRECTION ( 'NONE',  ( 0.000000000000000000, 0.000000000000000000, 1.000000000000000000 ) ) ;
#969 = CARTESIAN_POINT ( 'NONE',  ( -5.500000000000000000, 1.199999999999999956, -1.000000000000000000 ) ) ;
#970 = ORIENTED_EDGE ( 'NONE', *, *, #1263, .T. ) ;
#971 = CARTESIAN_POINT ( 'NONE',  ( 6.200000000000000178, 2.000000000000000000, -3.700000000000000178 ) ) ;
#972 = EDGE_LOOP ( 'NONE', ( #1206, #3183, #1470, #2610, #1094, #288, #760, #872, #1428, #3703 ) ) ;
#973 = EDGE_CURVE ( 'NONE', #803, #1477, #3596, .T. ) ;
#974 = ORIENTED_EDGE ( 'NONE', *, *, #164, .T. ) ;
#975 = CARTESIAN_POINT ( 'NONE',  ( -3.600000000000000089, 4.429999999999999716, -0.4400000000000000022 ) ) ;
#976 = EDGE_CURVE ( 'NONE', #3273, #1852, #757, .T. ) ;
#977 = DIRECTION ( 'NONE',  ( 0.000000000000000000, 0.000000000000000000, -1.000000000000000000 ) ) ;
#978 = VERTEX_POINT ( 'NONE', #1870 ) ;
#979 = VECTOR ( 'NONE', #1124, 1000.000000000000000 ) ;
#980 = DIRECTION ( 'NONE',  ( 1.000000000000000000, 0.000000000000000000, 0.000000000000000000 ) ) ;
#981 = VECTOR ( 'NONE', #2599, 1000.000000000000000 ) ;
#982 = ADVANCED_FACE ( 'NONE', ( #422 ), #2516, .T. ) ;
#983 = DIRECTION ( 'NONE',  ( 1.000000000000000000, 0.000000000000000000, 0.000000000000000000 ) ) ;
#984 = DIRECTION ( 'NONE',  ( 0.000000000000000000, 0.000000000000000000, -1.000000000000000000 ) ) ;
#985 = DIRECTION ( 'NONE',  ( 0.000000000000000000, -1.000000000000000000, 0.000000000000000000 ) ) ;
#986 = VECTOR ( 'NONE', #270, 1000.000000000000000 ) ;
#987 = LINE ( 'NONE', #717, #1577 ) ;
#988 = EDGE_CURVE ( 'NONE', #2240, #860, #403, .T. ) ;
#989 = PLANE ( 'NONE',  #1319 ) ;
#990 = ORIENTED_EDGE ( 'NONE', *, *, #398, .F. ) ;
#991 = LINE ( 'NONE', #2495, #2487 ) ;
#992 = VERTEX_POINT ( 'NONE', #738 ) ;
#993 = ORIENTED_EDGE ( 'NONE', *, *, #564, .T. ) ;
#994 = SURFACE_STYLE_USAGE ( .BOTH. , #2483 ) ;
#995 = PRODUCT_DEFINITION ( 'UNKNOWN', '', #941, #2928 ) ;
#996 = LINE ( 'NONE', #3047, #200 ) ;
#997 = EDGE_CURVE ( 'NONE', #1057, #1379, #678, .T. ) ;
#998 = CARTESIAN_POINT ( 'NONE',  ( -3.600000000000000089, 2.949999999999999734, 0.000000000000000000 ) ) ;
#999 = VERTEX_POINT ( 'NONE', #3654 ) ;
#1000 = EDGE_CURVE ( 'NONE', #1542, #978, #3382, .T. ) ;
#1001 = LINE ( 'NONE', #123, #631 ) ;
#1002 = AXIS2_PLACEMENT_3D ( 'NONE', #3051, #3090, #88 ) ;
#1003 = CARTESIAN_POINT ( 'NONE',  ( 3.600000000000000089, 3.500000000000000000, 1.300000000000000044 ) ) ;
#1004 = EDGE_CURVE ( 'NONE', #2691, #644, #991, .T. ) ;
#1005 = LINE ( 'NONE', #1610, #1696 ) ;
#1006 = DIRECTION ( 'NONE',  ( 0.000000000000000000, 0.000000000000000000, -1.000000000000000000 ) ) ;
#1007 = DIRECTION ( 'NONE',  ( 0.000000000000000000, 0.000000000000000000, -1.000000000000000000 ) ) ;
#1008 = CIRCLE ( 'NONE', #1567, 0.1999999999999999001 ) ;
#1009 = ORIENTED_EDGE ( 'NONE', *, *, #1196, .T. ) ;
#1010 = AXIS2_PLACEMENT_3D ( 'NONE', #3583, #1841, #937 ) ;
#1011 = CARTESIAN_POINT ( 'NONE',  ( -0.4000000000000000222, 5.293845980662999828, 0.3191245758715999803 ) ) ;
#1012 = ORIENTED_EDGE ( 'NONE', *, *, #304, .F. ) ;
#1013 = VERTEX_POINT ( 'NONE', #2222 ) ;
#1014 = ADVANCED_FACE ( 'NONE', ( #3401 ), #114, .F. ) ;
#1015 =( NAMED_UNIT ( * ) PLANE_ANGLE_UNIT ( ) SI_UNIT ( $, .RADIAN. ) );
#1016 = CARTESIAN_POINT ( 'NONE',  ( 5.100000000000000533, 0.5500000000000000444, -0.5000000000000000000 ) ) ;
#1017 = ORIENTED_EDGE ( 'NONE', *, *, #2778, .F. ) ;
#1018 = ADVANCED_FACE ( 'NONE', ( #2833 ), #698, .T. ) ;
#1019 = DIRECTION ( 'NONE',  ( 0.000000000000000000, 0.000000000000000000, -1.000000000000000000 ) ) ;
#1020 = CYLINDRICAL_SURFACE ( 'NONE', #2274, 0.3499999999999999778 ) ;
#1021 = CARTESIAN_POINT ( 'NONE',  ( -0.4000000000000000222, 3.500000000000000000, 1.850000000000000089 ) ) ;
#1022 = AXIS2_PLACEMENT_3D ( 'NONE', #1874, #2468, #2730 ) ;
#1023 = EDGE_CURVE ( 'NONE', #3119, #1013, #1033, .T. ) ;
#1024 = FACE_OUTER_BOUND ( 'NONE', #538, .T. ) ;
#1025 = CARTESIAN_POINT ( 'NONE',  ( -3.600000000000000089, 3.500000000000000000, 1.300000000000000044 ) ) ;
#1026 = ADVANCED_FACE ( 'NONE', ( #1634 ), #2533, .T. ) ;
#1027 = ADVANCED_FACE ( 'NONE', ( #1301 ), #3099, .T. ) ;
#1028 = LINE ( 'NONE', #2475, #819 ) ;
#1029 = VECTOR ( 'NONE', #1803, 1000.000000000000000 ) ;
#1030 = CARTESIAN_POINT ( 'NONE',  ( 5.100000000000000533, 0.5500000000000000444, -0.5000000000000000000 ) ) ;
#1031 = ORIENTED_EDGE ( 'NONE', *, *, #1889, .F. ) ;
#1032 = EDGE_CURVE ( 'NONE', #307, #3024, #3692, .T. ) ;
#1033 = LINE ( 'NONE', #3064, #1799 ) ;
#1034 = ORIENTED_EDGE ( 'NONE', *, *, #929, .T. ) ;
#1035 = ORIENTED_EDGE ( 'NONE', *, *, #3544, .F. ) ;
#1036 = DIRECTION ( 'NONE',  ( -1.000000000000000000, 0.000000000000000000, 0.000000000000000000 ) ) ;
#1037 = EDGE_LOOP ( 'NONE', ( #3683, #2514, #1755, #3739 ) ) ;
#1038 = DIRECTION ( 'NONE',  ( 0.000000000000000000, 0.6601083268448858510, -0.7511704179678837523 ) ) ;
#1039 = LINE ( 'NONE', #1388, #966 ) ;
#1040 = CARTESIAN_POINT ( 'NONE',  ( 2.479999999999999982, 0.05000000000000000278, -1.500000000000000000 ) ) ;
#1041 = EDGE_LOOP ( 'NONE', ( #1912, #1325, #3556, #1924 ) ) ;
#1042 = AXIS2_PLACEMENT_3D ( 'NONE', #2810, #397, #2769 ) ;
#1043 = VERTEX_POINT ( 'NONE', #722 ) ;
#1044 = FACE_BOUND ( 'NONE', #463, .T. ) ;
#1045 = CIRCLE ( 'NONE', #1042, 0.2500000000000000000 ) ;
#1046 = CARTESIAN_POINT ( 'NONE',  ( 5.349999999999999645, 0.000000000000000000, -1.800000000000000044 ) ) ;
#1047 = EDGE_CURVE ( 'NONE', #1108, #240, #466, .T. ) ;
#1048 = FACE_OUTER_BOUND ( 'NONE', #2618, .T. ) ;
#1049 = VERTEX_POINT ( 'NONE', #3080 ) ;
#1050 = DIRECTION ( 'NONE',  ( 0.000000000000000000, 0.000000000000000000, -1.000000000000000000 ) ) ;
#1051 = VERTEX_POINT ( 'NONE', #1615 ) ;
#1052 = VECTOR ( 'NONE', #3461, 1000.000000000000000 ) ;
#1053 = ORIENTED_EDGE ( 'NONE', *, *, #1558, .T. ) ;
#1054 = EDGE_CURVE ( 'NONE', #2691, #3634, #2795, .T. ) ;
#1055 = DIRECTION ( 'NONE',  ( -1.000000000000000000, 0.000000000000000000, 0.000000000000000000 ) ) ;
#1056 = LINE ( 'NONE', #2538, #2078 ) ;
#1057 = VERTEX_POINT ( 'NONE', #1579 ) ;
#1058 = ORIENTED_EDGE ( 'NONE', *, *, #3150, .F. ) ;
#1059 = LINE ( 'NONE', #159, #960 ) ;
#1060 = LINE ( 'NONE', #767, #1157 ) ;
#1061 = DIRECTION ( 'NONE',  ( 0.000000000000000000, 1.000000000000000000, 0.000000000000000000 ) ) ;
#1062 = DIRECTION ( 'NONE',  ( 0.000000000000000000, 1.000000000000000000, 0.000000000000000000 ) ) ;
#1063 = CARTESIAN_POINT ( 'NONE',  ( 3.000000000000000000, -0.5000000000000000000, -1.500000000000000000 ) ) ;
#1064 = VECTOR ( 'NONE', #1760, 1000.000000000000000 ) ;
#1065 = DIRECTION ( 'NONE',  ( 1.000000000000000000, 0.000000000000000000, 0.000000000000000000 ) ) ;
#1066 = ORIENTED_EDGE ( 'NONE', *, *, #501, .F. ) ;
#1067 = CARTESIAN_POINT ( 'NONE',  ( 2.700000000000000178, 0.3135135135134999862, -3.801081081081000068 ) ) ;
#1068 = DIRECTION ( 'NONE',  ( 0.000000000000000000, -1.000000000000000000, 0.000000000000000000 ) ) ;
#1069 = VERTEX_POINT ( 'NONE', #2463 ) ;
#1070 = VERTEX_POINT ( 'NONE', #971 ) ;
#1071 =( NAMED_UNIT ( * ) SI_UNIT ( $, .STERADIAN. ) SOLID_ANGLE_UNIT ( ) );
#1072 = VECTOR ( 'NONE', #2484, 1000.000000000000000 ) ;
#1073 = CARTESIAN_POINT ( 'NONE',  ( 6.200000000000000178, 6.500000000000000000, -3.700000000000000178 ) ) ;
#1074 = EDGE_CURVE ( 'NONE', #3129, #2059, #2164, .T. ) ;
#1075 = ORIENTED_EDGE ( 'NONE', *, *, #187, .T. ) ;
#1076 = AXIS2_PLACEMENT_3D ( 'NONE', #2646, #1, #3554 ) ;
#1077 = VERTEX_POINT ( 'NONE', #2306 ) ;
#1078 = CARTESIAN_POINT ( 'NONE',  ( 2.700000000000000178, 0.2000000000000000111, -3.470000000000000195 ) ) ;
#1079 = CYLINDRICAL_SURFACE ( 'NONE', #1655, 1.149999999999999911 ) ;
#1080 = DIRECTION ( 'NONE',  ( 0.000000000000000000, 1.000000000000000000, 0.000000000000000000 ) ) ;
#1081 = ORIENTED_EDGE ( 'NONE', *, *, #312, .F. ) ;
#1082 = CARTESIAN_POINT ( 'NONE',  ( -3.700000000000000178, 0.2000000000000000111, -3.470000000000000195 ) ) ;
#1083 = CARTESIAN_POINT ( 'NONE',  ( -3.700000000000000178, 0.2851351351350999708, -3.810810810811000149 ) ) ;
#1084 = VECTOR ( 'NONE', #3475, 999.9999999999998863 ) ;
#1085 = AXIS2_PLACEMENT_3D ( 'NONE', #1364, #509, #2556 ) ;
#1086 = DIRECTION ( 'NONE',  ( 1.000000000000000000, 0.000000000000000000, 0.000000000000000000 ) ) ;
#1087 = ORIENTED_EDGE ( 'NONE', *, *, #458, .F. ) ;
#1088 = CARTESIAN_POINT ( 'NONE',  ( 2.799999999999999822, 3.500000000000000000, 1.300000000000000044 ) ) ;
#1089 = LINE ( 'NONE', #523, #3653 ) ;
#1090 = ORIENTED_EDGE ( 'NONE', *, *, #594, .F. ) ;
#1091 = ORIENTED_EDGE ( 'NONE', *, *, #1316, .F. ) ;
#1092 = VECTOR ( 'NONE', #2046, 1000.000000000000227 ) ;
#1093 = DIRECTION ( 'NONE',  ( 0.000000000000000000, 0.9459459459459483854, 0.3243243243243171259 ) ) ;
#1094 = ORIENTED_EDGE ( 'NONE', *, *, #3575, .T. ) ;
#1095 = EDGE_CURVE ( 'NONE', #999, #2911, #2263, .T. ) ;
#1096 = ORIENTED_EDGE ( 'NONE', *, *, #830, .F. ) ;
#1097 = CARTESIAN_POINT ( 'NONE',  ( -6.200000000000000178, 1.199999999999999956, -1.000000000000000000 ) ) ;
#1098 = CYLINDRICAL_SURFACE ( 'NONE', #2825, 0.3499999999999999778 ) ;
#1099 = DIRECTION ( 'NONE',  ( 0.000000000000000000, 1.000000000000000000, 0.000000000000000000 ) ) ;
#1100 = ORIENTED_EDGE ( 'NONE', *, *, #3088, .T. ) ;
#1101 = CARTESIAN_POINT ( 'NONE',  ( 2.799999999999999822, 4.429999999999999716, -0.4400000000000000022 ) ) ;
#1102 = CARTESIAN_POINT ( 'NONE',  ( 0.5000000000000000000, 0.3499999999999999778, -4.000000000000000000 ) ) ;
#1103 = CARTESIAN_POINT ( 'NONE',  ( -3.600000000000000089, 5.293845980662999828, 0.3191245758715999803 ) ) ;
#1104 = ORIENTED_EDGE ( 'NONE', *, *, #2992, .F. ) ;
#1105 = AXIS2_PLACEMENT_3D ( 'NONE', #1030, #3379, #439 ) ;
#1106 = DIRECTION ( 'NONE',  ( 0.000000000000000000, 0.000000000000000000, -1.000000000000000000 ) ) ;
#1107 = DIRECTION ( 'NONE',  ( 0.000000000000000000, 0.000000000000000000, -1.000000000000000000 ) ) ;
#1108 = VERTEX_POINT ( 'NONE', #228 ) ;
#1109 = ORIENTED_EDGE ( 'NONE', *, *, #997, .F. ) ;
#1110 = AXIS2_PLACEMENT_3D ( 'NONE', #152, #3674, #1890 ) ;
#1111 = CARTESIAN_POINT ( 'NONE',  ( 2.700000000000000178, 0.3977371993329000266, -3.500000000000000000 ) ) ;
#1112 = CARTESIAN_POINT ( 'NONE',  ( 5.349999999999999645, 0.2000000000000000111, -0.5000000000000000000 ) ) ;
#1113 = ORIENTED_EDGE ( 'NONE', *, *, #716, .F. ) ;
#1114 = EDGE_LOOP ( 'NONE', ( #2227, #1747, #1869, #1792 ) ) ;
#1115 = DIRECTION ( 'NONE',  ( 0.000000000000000000, 0.000000000000000000, -1.000000000000000000 ) ) ;
#1116 = EDGE_CURVE ( 'NONE', #1649, #2312, #1397, .T. ) ;
#1117 = EDGE_CURVE ( 'NONE', #3568, #3158, #1130, .T. ) ;
#1118 = DIRECTION ( 'NONE',  ( 0.000000000000000000, 0.9459459459459483854, 0.3243243243243171259 ) ) ;
#1119 = LINE ( 'NONE', #3167, #1979 ) ;
#1120 = ORIENTED_EDGE ( 'NONE', *, *, #618, .F. ) ;
#1121 = EDGE_CURVE ( 'NONE', #660, #2431, #3156, .T. ) ;
#1122 = AXIS2_PLACEMENT_3D ( 'NONE', #216, #1741, #2311 ) ;
#1123 = LINE ( 'NONE', #2883, #195 ) ;
#1124 = DIRECTION ( 'NONE',  ( 0.000000000000000000, 1.000000000000000000, 0.000000000000000000 ) ) ;
#1125 = EDGE_CURVE ( 'NONE', #1069, #720, #1679, .T. ) ;
#1126 = CARTESIAN_POINT ( 'NONE',  ( 2.700000000000000178, 0.000000000000000000, 0.000000000000000000 ) ) ;
#1127 = VERTEX_POINT ( 'NONE', #1716 ) ;
#1128 = CARTESIAN_POINT ( 'NONE',  ( 0.4000000000000000222, 2.799999999999999822, 0.000000000000000000 ) ) ;
#1129 = VECTOR ( 'NONE', #1019, 1000.000000000000000 ) ;
#1130 = LINE ( 'NONE', #485, #1487 ) ;
#1131 = ORIENTED_EDGE ( 'NONE', *, *, #546, .F. ) ;
#1132 =( GEOMETRIC_REPRESENTATION_CONTEXT ( 3 ) GLOBAL_UNCERTAINTY_ASSIGNED_CONTEXT ( ( #556 ) ) GLOBAL_UNIT_ASSIGNED_CONTEXT ( ( #2267, #1719, #1071 ) ) REPRESENTATION_CONTEXT ( 'NONE', 'WORKASPACE' ) );
#1133 = DIRECTION ( 'NONE',  ( -1.000000000000000222, -2.699696154985274131E-17, 0.000000000000000000 ) ) ;
#1134 = DIRECTION ( 'NONE',  ( 0.000000000000000000, -1.000000000000000000, 0.000000000000000000 ) ) ;
#1135 = ORIENTED_EDGE ( 'NONE', *, *, #365, .F. ) ;
#1136 = VECTOR ( 'NONE', #3809, 1000.000000000000000 ) ;
#1137 = VERTEX_POINT ( 'NONE', #246 ) ;
#1138 = DIRECTION ( 'NONE',  ( 0.000000000000000000, 0.000000000000000000, -1.000000000000000000 ) ) ;
#1139 = CARTESIAN_POINT ( 'NONE',  ( 6.400000000000000355, 0.2000000000000000111, -0.5000000000000000000 ) ) ;
#1140 = LINE ( 'NONE', #588, #2880 ) ;
#1141 = VERTEX_POINT ( 'NONE', #3479 ) ;
#1142 = AXIS2_PLACEMENT_3D ( 'NONE', #103, #2450, #1289 ) ;
#1143 = DIRECTION ( 'NONE',  ( 1.000000000000000000, 0.000000000000000000, 0.000000000000000000 ) ) ;
#1144 = ADVANCED_FACE ( 'NONE', ( #1697 ), #2005, .F. ) ;
#1145 = CARTESIAN_POINT ( 'NONE',  ( -0.4000000000000000222, 3.500000000000000000, 1.300000000000000044 ) ) ;
#1146 = CARTESIAN_POINT ( 'NONE',  ( 0.4000000000000000222, 5.293845980662999828, 0.3191245758715999803 ) ) ;
#1147 = DIRECTION ( 'NONE',  ( -1.000000000000000000, 0.000000000000000000, 0.000000000000000000 ) ) ;
#1148 =( GEOMETRIC_REPRESENTATION_CONTEXT ( 3 ) GLOBAL_UNCERTAINTY_ASSIGNED_CONTEXT ( ( #2041 ) ) GLOBAL_UNIT_ASSIGNED_CONTEXT ( ( #205, #3455, #3137 ) ) REPRESENTATION_CONTEXT ( 'NONE', 'WORKASPACE' ) );
#1149 = CYLINDRICAL_SURFACE ( 'NONE', #613, 0.6999999999999999556 ) ;
#1150 = VERTEX_POINT ( 'NONE', #1378 ) ;
#1151 = AXIS2_PLACEMENT_3D ( 'NONE', #3221, #901, #3804 ) ;
#1152 = EDGE_CURVE ( 'NONE', #45, #1395, #2553, .T. ) ;
#1153 = LINE ( 'NONE', #3817, #3735 ) ;
#1154 = ORIENTED_EDGE ( 'NONE', *, *, #1527, .F. ) ;
#1155 = ORIENTED_EDGE ( 'NONE', *, *, #2296, .T. ) ;
#1156 = LINE ( 'NONE', #1725, #2857 ) ;
#1157 = VECTOR ( 'NONE', #1686, 1000.000000000000000 ) ;
#1158 = DIRECTION ( 'NONE',  ( -1.000000000000000000, 0.000000000000000000, 0.000000000000000000 ) ) ;
#1159 = DIRECTION ( 'NONE',  ( 1.332267629550000100E-14, 0.000000000000000000, 1.000000000000000000 ) ) ;
#1160 = VERTEX_POINT ( 'NONE', #2024 ) ;
#1161 = ORIENTED_EDGE ( 'NONE', *, *, #136, .T. ) ;
#1162 = DIRECTION ( 'NONE',  ( 1.000000000000000000, 0.000000000000000000, 0.000000000000000000 ) ) ;
#1163 = CARTESIAN_POINT ( 'NONE',  ( 2.700000000000000178, 0.3977371993329000266, -3.500000000000000000 ) ) ;
#1164 = DIRECTION ( 'NONE',  ( 0.000000000000000000, -1.000000000000000000, 0.000000000000000000 ) ) ;
#1165 = CARTESIAN_POINT ( 'NONE',  ( -0.4000000000000000222, 3.500000000000000000, 1.300000000000000044 ) ) ;
#1166 = EDGE_CURVE ( 'NONE', #2333, #720, #505, .T. ) ;
#1167 = CARTESIAN_POINT ( 'NONE',  ( -3.600000000000000089, 2.949999999999999734, 0.000000000000000000 ) ) ;
#1168 = DIRECTION ( 'NONE',  ( 0.000000000000000000, 1.000000000000000000, 0.000000000000000000 ) ) ;
#1169 = VECTOR ( 'NONE', #904, 1000.000000000000000 ) ;
#1170 = ORIENTED_EDGE ( 'NONE', *, *, #791, .F. ) ;
#1171 = ADVANCED_FACE ( 'NONE', ( #2283 ), #1149, .T. ) ;
#1172 = EDGE_LOOP ( 'NONE', ( #3468, #3154, #3188, #974 ) ) ;
#1173 = VECTOR ( 'NONE', #1099, 1000.000000000000000 ) ;
#1174 = DIRECTION ( 'NONE',  ( 0.000000000000000000, 0.7511704179678406756, 0.6601083268449350339 ) ) ;
#1175 = VERTEX_POINT ( 'NONE', #2624 ) ;
#1176 = ADVANCED_FACE ( 'NONE', ( #3140 ), #2571, .T. ) ;
#1177 = ORIENTED_EDGE ( 'NONE', *, *, #308, .F. ) ;
#1178 = DIRECTION ( 'NONE',  ( -1.000000000000000000, 0.000000000000000000, 0.000000000000000000 ) ) ;
#1179 = DIRECTION ( 'NONE',  ( 1.000000000000000000, 0.000000000000000000, 0.000000000000000000 ) ) ;
#1180 = FACE_OUTER_BOUND ( 'NONE', #2587, .T. ) ;
#1181 = ORIENTED_EDGE ( 'NONE', *, *, #3498, .T. ) ;
#1182 = CARTESIAN_POINT ( 'NONE',  ( 2.700000000000000178, 0.2000000000000000111, -3.470000000000000195 ) ) ;
#1183 = EDGE_CURVE ( 'NONE', #1127, #660, #2347, .T. ) ;
#1184 = FACE_OUTER_BOUND ( 'NONE', #3081, .T. ) ;
#1185 = DIRECTION ( 'NONE',  ( 1.000000000000000000, 0.000000000000000000, 0.000000000000000000 ) ) ;
#1186 = FACE_OUTER_BOUND ( 'NONE', #1728, .T. ) ;
#1187 = VERTEX_POINT ( 'NONE', #189 ) ;
#1188 = EDGE_CURVE ( 'NONE', #3129, #3331, #3731, .T. ) ;
#1189 = EDGE_LOOP ( 'NONE', ( #2479, #2987, #854, #1914 ) ) ;
#1190 = VECTOR ( 'NONE', #156, 1000.000000000000000 ) ;
#1191 = LINE ( 'NONE', #1756, #273 ) ;
#1192 = EDGE_LOOP ( 'NONE', ( #500, #2220, #2185, #1621 ) ) ;
#1193 = ORIENTED_EDGE ( 'NONE', *, *, #1449, .F. ) ;
#1194 = FACE_OUTER_BOUND ( 'NONE', #1226, .T. ) ;
#1195 = DIRECTION ( 'NONE',  ( 0.000000000000000000, -1.000000000000000000, 0.000000000000000000 ) ) ;
#1196 = EDGE_CURVE ( 'NONE', #2409, #3158, #1089, .T. ) ;
#1197 = CARTESIAN_POINT ( 'NONE',  ( -6.200000000000000178, 2.000000000000000000, -3.700000000000000178 ) ) ;
#1198 = AXIS2_PLACEMENT_3D ( 'NONE', #2198, #399, #96 ) ;
#1199 = VECTOR ( 'NONE', #1468, 1000.000000000000000 ) ;
#1200 = CYLINDRICAL_SURFACE ( 'NONE', #1227, 0.5200000000000000178 ) ;
#1201 = LINE ( 'NONE', #2644, #465 ) ;
#1202 = LINE ( 'NONE', #320, #2273 ) ;
#1203 = CARTESIAN_POINT ( 'NONE',  ( -4.899999999999999467, 0.4500000000000000111, -0.5000000000000000000 ) ) ;
#1204 = ADVANCED_FACE ( 'NONE', ( #3212 ), #172, .F. ) ;
#1205 = DIRECTION ( 'NONE',  ( 0.000000000000000000, 1.000000000000000000, 0.000000000000000000 ) ) ;
#1206 = ORIENTED_EDGE ( 'NONE', *, *, #721, .T. ) ;
#1207 = ORIENTED_EDGE ( 'NONE', *, *, #3712, .T. ) ;
#1208 = DIRECTION ( 'NONE',  ( 1.000000000000000000, 0.000000000000000000, 0.000000000000000000 ) ) ;
#1209 = ORIENTED_EDGE ( 'NONE', *, *, #2503, .F. ) ;
#1210 = AXIS2_PLACEMENT_3D ( 'NONE', #1584, #3602, #2111 ) ;
#1211 = ORIENTED_EDGE ( 'NONE', *, *, #437, .F. ) ;
#1212 = CARTESIAN_POINT ( 'NONE',  ( -2.799999999999999822, 2.799999999999999822, 1.300000000000000044 ) ) ;
#1213 = ADVANCED_FACE ( 'NONE', ( #1186 ), #639, .T. ) ;
#1214 = DIRECTION ( 'NONE',  ( 0.000000000000000000, -1.000000000000000000, 0.000000000000000000 ) ) ;
#1215 = LINE ( 'NONE', #2415, #1460 ) ;
#1216 = ORIENTED_EDGE ( 'NONE', *, *, #1433, .T. ) ;
#1217 = EDGE_LOOP ( 'NONE', ( #1496, #1811 ) ) ;
#1218 = LINE ( 'NONE', #260, #3261 ) ;
#1219 = FACE_OUTER_BOUND ( 'NONE', #274, .T. ) ;
#1220 = CARTESIAN_POINT ( 'NONE',  ( -5.500000000000000000, 6.500000000000000000, 0.000000000000000000 ) ) ;
#1221 = LINE ( 'NONE', #3514, #1946 ) ;
#1222 = LINE ( 'NONE', #3813, #424 ) ;
#1223 = EDGE_LOOP ( 'NONE', ( #2767, #3141, #2958, #2206 ) ) ;
#1224 = ORIENTED_EDGE ( 'NONE', *, *, #2726, .F. ) ;
#1225 = ORIENTED_EDGE ( 'NONE', *, *, #502, .T. ) ;
#1226 = EDGE_LOOP ( 'NONE', ( #2629, #871, #2827, #892 ) ) ;
#1227 = AXIS2_PLACEMENT_3D ( 'NONE', #318, #2376, #552 ) ;
#1228 = FACE_BOUND ( 'NONE', #1949, .T. ) ;
#1229 = DIRECTION ( 'NONE',  ( 1.000000000000000000, 0.000000000000000000, 0.000000000000000000 ) ) ;
#1230 = LINE ( 'NONE', #351, #37 ) ;
#1231 = EDGE_LOOP ( 'NONE', ( #1926, #1928, #3464, #3675 ) ) ;
#1232 = DIRECTION ( 'NONE',  ( -1.000000000000000000, 0.000000000000000000, 0.000000000000000000 ) ) ;
#1233 = AXIS2_PLACEMENT_3D ( 'NONE', #2079, #2720, #1205 ) ;
#1234 = EDGE_CURVE ( 'NONE', #3198, #1051, #3592, .T. ) ;
#1235 = FACE_OUTER_BOUND ( 'NONE', #3446, .T. ) ;
#1236 = DIRECTION ( 'NONE',  ( -1.000000000000000000, 0.000000000000000000, 0.000000000000000000 ) ) ;
#1237 = DIRECTION ( 'NONE',  ( 0.000000000000000000, 0.000000000000000000, -1.000000000000000000 ) ) ;
#1238 = ADVANCED_FACE ( 'NONE', ( #3576 ), #2425, .T. ) ;
#1239 = DIRECTION ( 'NONE',  ( 1.000000000000000000, 0.000000000000000000, 0.000000000000000000 ) ) ;
#1240 = ORIENTED_EDGE ( 'NONE', *, *, #2526, .T. ) ;
#1241 = VERTEX_POINT ( 'NONE', #3515 ) ;
#1242 = VECTOR ( 'NONE', #3361, 999.9999999999998863 ) ;
#1243 = ORIENTED_EDGE ( 'NONE', *, *, #2977, .F. ) ;
#1244 = VERTEX_POINT ( 'NONE', #1456 ) ;
#1245 = CARTESIAN_POINT ( 'NONE',  ( -3.600000000000000089, 5.327997772825999512, 0.000000000000000000 ) ) ;
#1246 = FACE_OUTER_BOUND ( 'NONE', #381, .T. ) ;
#1247 = DIRECTION ( 'NONE',  ( 1.000000000000000000, 0.000000000000000000, 0.000000000000000000 ) ) ;
#1248 = VERTEX_POINT ( 'NONE', #659 ) ;
#1249 = EDGE_CURVE ( 'NONE', #1057, #2916, #2665, .T. ) ;
#1250 = AXIS2_PLACEMENT_3D ( 'NONE', #1858, #2799, #1637 ) ;
#1251 = LINE ( 'NONE', #963, #2037 ) ;
#1252 = VERTEX_POINT ( 'NONE', #2927 ) ;
#1253 = DIRECTION ( 'NONE',  ( -1.000000000000000000, 0.000000000000000000, 0.000000000000000000 ) ) ;
#1254 = VECTOR ( 'NONE', #2752, 1000.000000000000000 ) ;
#1255 = LINE ( 'NONE', #2750, #109 ) ;
#1256 = ADVANCED_FACE ( 'NONE', ( #1810 ), #2986, .T. ) ;
#1257 = CYLINDRICAL_SURFACE ( 'NONE', #134, 1.000000000000000000 ) ;
#1258 = AXIS2_PLACEMENT_3D ( 'NONE', #2305, #1106, #1376 ) ;
#1259 = ORIENTED_EDGE ( 'NONE', *, *, #89, .T. ) ;
#1260 = DIRECTION ( 'NONE',  ( 0.000000000000000000, 0.000000000000000000, 1.000000000000000000 ) ) ;
#1261 = ORIENTED_EDGE ( 'NONE', *, *, #1004, .F. ) ;
#1262 = VERTEX_POINT ( 'NONE', #3003 ) ;
#1263 = EDGE_CURVE ( 'NONE', #3501, #796, #42, .T. ) ;
#1264 =( LENGTH_UNIT ( ) NAMED_UNIT ( * ) SI_UNIT ( .MILLI., .METRE. ) );
#1265 = LINE ( 'NONE', #648, #24 ) ;
#1266 = LINE ( 'NONE', #705, #1523 ) ;
#1267 = CIRCLE ( 'NONE', #3304, 0.6999999999999998446 ) ;
#1268 = AXIS2_PLACEMENT_3D ( 'NONE', #3390, #3412, #2544 ) ;
#1269 = ORIENTED_EDGE ( 'NONE', *, *, #688, .T. ) ;
#1270 = DIRECTION ( 'NONE',  ( 0.000000000000000000, 0.6601083268448859620, -0.7511704179678838633 ) ) ;
#1271 = DIRECTION ( 'NONE',  ( 0.000000000000000000, 0.000000000000000000, -1.000000000000000000 ) ) ;
#1272 = EDGE_CURVE ( 'NONE', #1187, #660, #1222, .T. ) ;
#1273 = AXIS2_PLACEMENT_3D ( 'NONE', #1145, #2660, #2378 ) ;
#1274 = FACE_OUTER_BOUND ( 'NONE', #953, .T. ) ;
#1275 = DIRECTION ( 'NONE',  ( 1.000000000000000000, 0.000000000000000000, 0.000000000000000000 ) ) ;
#1276 = DIRECTION ( 'NONE',  ( 1.000000000000000000, 0.000000000000000000, 0.000000000000000000 ) ) ;
#1277 = AXIS2_PLACEMENT_3D ( 'NONE', #2309, #2933, #1501 ) ;
#1278 = CARTESIAN_POINT ( 'NONE',  ( 0.4000000000000000222, 2.949999999999999734, 0.000000000000000000 ) ) ;
#1279 = CARTESIAN_POINT ( 'NONE',  ( -3.600000000000000089, 2.799999999999999822, 1.300000000000000044 ) ) ;
#1280 = PLANE ( 'NONE',  #3045 ) ;
#1281 = DIRECTION ( 'NONE',  ( 0.000000000000000000, 0.9459459459459178543, 0.3243243243244059437 ) ) ;
#1282 = EDGE_LOOP ( 'NONE', ( #1181, #1601, #324, #1154 ) ) ;
#1283 = EDGE_CURVE ( 'NONE', #902, #3106, #924, .T. ) ;
#1284 = DIRECTION ( 'NONE',  ( 0.000000000000000000, 1.000000000000000000, 0.000000000000000000 ) ) ;
#1285 = ORIENTED_EDGE ( 'NONE', *, *, #3079, .F. ) ;
#1286 = ADVANCED_FACE ( 'NONE', ( #3290 ), #2383, .T. ) ;
#1287 = ORIENTED_EDGE ( 'NONE', *, *, #790, .F. ) ;
#1288 = FILL_AREA_STYLE ('',( #102 ) ) ;
#1289 = DIRECTION ( 'NONE',  ( 0.000000000000000000, 0.000000000000000000, -1.000000000000000000 ) ) ;
#1290 = LINE ( 'NONE', #2485, #2149 ) ;
#1291 = EDGE_LOOP ( 'NONE', ( #1875, #1556, #3121, #742, #3772, #1871, #2162, #874 ) ) ;
#1292 = LINE ( 'NONE', #3130, #75 ) ;
#1293 = DIRECTION ( 'NONE',  ( 0.000000000000000000, 1.000000000000000000, 0.000000000000000000 ) ) ;
#1294 = DIRECTION ( 'NONE',  ( 1.000000000000000000, 0.000000000000000000, 0.000000000000000000 ) ) ;
#1295 = DIRECTION ( 'NONE',  ( 0.000000000000000000, 1.000000000000000000, 0.000000000000000000 ) ) ;
#1296 = AXIS2_PLACEMENT_3D ( 'NONE', #1011, #442, #3328 ) ;
#1297 = DIRECTION ( 'NONE',  ( 0.000000000000000000, -1.000000000000000000, 0.000000000000000000 ) ) ;
#1298 = DIRECTION ( 'NONE',  ( 0.000000000000000000, 1.000000000000000000, 0.000000000000000000 ) ) ;
#1299 = ADVANCED_FACE ( 'NONE', ( #890 ), #1475, .T. ) ;
#1300 = VERTEX_POINT ( 'NONE', #59 ) ;
#1301 = FACE_OUTER_BOUND ( 'NONE', #916, .T. ) ;
#1302 = VERTEX_POINT ( 'NONE', #909 ) ;
#1303 = EDGE_CURVE ( 'NONE', #2352, #1987, #3248, .T. ) ;
#1304 = ORIENTED_EDGE ( 'NONE', *, *, #1409, .F. ) ;
#1305 = LINE ( 'NONE', #3027, #3588 ) ;
#1306 = DIRECTION ( 'NONE',  ( 1.000000000000000000, 0.000000000000000000, 0.000000000000000000 ) ) ;
#1307 = DIRECTION ( 'NONE',  ( -1.000000000000000000, 0.000000000000000000, 0.000000000000000000 ) ) ;
#1308 = ADVANCED_FACE ( 'NONE', ( #2444 ), #577, .T. ) ;
#1309 = DIRECTION ( 'NONE',  ( 1.000000000000000000, 0.000000000000000000, 0.000000000000000000 ) ) ;
#1310 = EDGE_CURVE ( 'NONE', #1398, #1077, #2364, .T. ) ;
#1311 = EDGE_CURVE ( 'NONE', #2583, #1175, #2142, .T. ) ;
#1312 = AXIS2_PLACEMENT_3D ( 'NONE', #3504, #1839, #2151 ) ;
#1313 = LINE ( 'NONE', #2438, #2601 ) ;
#1314 = DIRECTION ( 'NONE',  ( 0.000000000000000000, -1.000000000000000000, 0.000000000000000000 ) ) ;
#1315 = CARTESIAN_POINT ( 'NONE',  ( -3.700000000000000178, 0.1499999999999999944, -4.500000000000000000 ) ) ;
#1316 = EDGE_CURVE ( 'NONE', #3271, #1379, #23, .T. ) ;
#1317 = DIRECTION ( 'NONE',  ( 1.000000000000000000, 0.000000000000000000, 0.000000000000000000 ) ) ;
#1318 = CARTESIAN_POINT ( 'NONE',  ( 3.600000000000000089, 3.500000000000000000, 1.300000000000000044 ) ) ;
#1319 = AXIS2_PLACEMENT_3D ( 'NONE', #1885, #2492, #3650 ) ;
#1320 = DIRECTION ( 'NONE',  ( 0.000000000000000000, 0.3243243243243170149, -0.9459459459459483854 ) ) ;
#1321 = ORIENTED_EDGE ( 'NONE', *, *, #2696, .F. ) ;
#1322 = EDGE_CURVE ( 'NONE', #3387, #1187, #581, .T. ) ;
#1323 = AXIS2_PLACEMENT_3D ( 'NONE', #227, #2608, #522 ) ;
#1324 = DIRECTION ( 'NONE',  ( 1.000000000000000000, 0.000000000000000000, 0.000000000000000000 ) ) ;
#1325 = ORIENTED_EDGE ( 'NONE', *, *, #710, .F. ) ;
#1326 = EDGE_LOOP ( 'NONE', ( #3476, #2820, #934, #2815 ) ) ;
#1327 =( NAMED_UNIT ( * ) SI_UNIT ( $, .STERADIAN. ) SOLID_ANGLE_UNIT ( ) );
#1328 = VECTOR ( 'NONE', #984, 1000.000000000000000 ) ;
#1329 = CARTESIAN_POINT ( 'NONE',  ( -0.4000000000000000222, 2.949999999999999734, 0.000000000000000000 ) ) ;
#1330 = EDGE_LOOP ( 'NONE', ( #3733, #2353, #1704, #2143, #2854, #3414 ) ) ;
#1331 = DIRECTION ( 'NONE',  ( 0.000000000000000000, 1.000000000000000000, 0.000000000000000000 ) ) ;
#1332 = EDGE_CURVE ( 'NONE', #405, #2122, #1483, .T. ) ;
#1333 = VECTOR ( 'NONE', #2473, 1000.000000000000000 ) ;
#1334 = CARTESIAN_POINT ( 'NONE',  ( -5.349999999999999645, 0.000000000000000000, -0.5000000000000000000 ) ) ;
#1335 = DIRECTION ( 'NONE',  ( 0.000000000000000000, 1.000000000000000000, 0.000000000000000000 ) ) ;
#1336 = ORIENTED_EDGE ( 'NONE', *, *, #2214, .T. ) ;
#1337 = VECTOR ( 'NONE', #1093, 1000.000000000000227 ) ;
#1338 = CARTESIAN_POINT ( 'NONE',  ( 5.100000000000000533, 0.4500000000000000111, -1.800000000000000044 ) ) ;
#1339 = CARTESIAN_POINT ( 'NONE',  ( 4.700000000000000178, 0.05000000000000000278, -3.500000000000000000 ) ) ;
#1340 = DIRECTION ( 'NONE',  ( 0.000000000000000000, 0.3243243243243170149, -0.9459459459459483854 ) ) ;
#1341 = ORIENTED_EDGE ( 'NONE', *, *, #2944, .T. ) ;
#1342 = DIRECTION ( 'NONE',  ( 0.000000000000000000, 0.000000000000000000, -1.000000000000000000 ) ) ;
#1343 = ORIENTED_EDGE ( 'NONE', *, *, #2420, .T. ) ;
#1344 = VERTEX_POINT ( 'NONE', #2388 ) ;
#1345 = CARTESIAN_POINT ( 'NONE',  ( -3.600000000000000089, 5.492497058818999633, 0.000000000000000000 ) ) ;
#1346 = LINE ( 'NONE', #175, #2580 ) ;
#1347 = ORIENTED_EDGE ( 'NONE', *, *, #3244, .T. ) ;
#1348 = CARTESIAN_POINT ( 'NONE',  ( -6.400000000000000355, 0.000000000000000000, -0.5000000000000000000 ) ) ;
#1349 = FACE_OUTER_BOUND ( 'NONE', #1172, .T. ) ;
#1350 = DIRECTION ( 'NONE',  ( 0.000000000000000000, 0.000000000000000000, -1.000000000000000000 ) ) ;
#1351 = EDGE_LOOP ( 'NONE', ( #29, #163, #433, #763 ) ) ;
#1352 = VECTOR ( 'NONE', #1143, 1000.000000000000000 ) ;
#1353 = ADVANCED_FACE ( 'NONE', ( #79 ), #2458, .T. ) ;
#1354 = ORIENTED_EDGE ( 'NONE', *, *, #1498, .T. ) ;
#1355 = CARTESIAN_POINT ( 'NONE',  ( -4.700000000000000178, 0.05000000000000000278, -3.500000000000000000 ) ) ;
#1356 = AXIS2_PLACEMENT_3D ( 'NONE', #2545, #1995, #1687 ) ;
#1357 = CARTESIAN_POINT ( 'NONE',  ( 2.700000000000000178, 0.2851351351350999708, -3.810810810811000149 ) ) ;
#1358 = LINE ( 'NONE', #3118, #329 ) ;
#1359 = ORIENTED_EDGE ( 'NONE', *, *, #1399, .F. ) ;
#1360 = EDGE_CURVE ( 'NONE', #2310, #346, #1575, .T. ) ;
#1361 = DIRECTION ( 'NONE',  ( 0.000000000000000000, -1.000000000000000000, 0.000000000000000000 ) ) ;
#1362 = VERTEX_POINT ( 'NONE', #95 ) ;
#1363 = ORIENTED_EDGE ( 'NONE', *, *, #145, .F. ) ;
#1364 = CARTESIAN_POINT ( 'NONE',  ( 3.000000000000000000, 0.05000000000000000278, -1.500000000000000000 ) ) ;
#1365 = VERTEX_POINT ( 'NONE', #1279 ) ;
#1366 = ORIENTED_EDGE ( 'NONE', *, *, #3767, .F. ) ;
#1367 = DIRECTION ( 'NONE',  ( 0.000000000000000000, 1.000000000000000000, 0.000000000000000000 ) ) ;
#1368 = CARTESIAN_POINT ( 'NONE',  ( -6.400000000000000355, 0.2000000000000000111, -0.5000000000000000000 ) ) ;
#1369 = DIRECTION ( 'NONE',  ( 1.000000000000000000, 0.000000000000000000, 0.000000000000000000 ) ) ;
#1370 = DIRECTION ( 'NONE',  ( 0.000000000000000000, 1.000000000000000000, 0.000000000000000000 ) ) ;
#1371 = LINE ( 'NONE', #793, #2904 ) ;
#1372 = AXIS2_PLACEMENT_3D ( 'NONE', #2614, #2030, #253 ) ;
#1373 = DIRECTION ( 'NONE',  ( 1.000000000000000000, 0.000000000000000000, 0.000000000000000000 ) ) ;
#1374 = ORIENTED_EDGE ( 'NONE', *, *, #976, .F. ) ;
#1375 = EDGE_CURVE ( 'NONE', #170, #1542, #1499, .T. ) ;
#1376 = DIRECTION ( 'NONE',  ( 0.000000000000000000, -1.000000000000000000, 0.000000000000000000 ) ) ;
#1377 = VECTOR ( 'NONE', #1298, 1000.000000000000000 ) ;
#1378 = CARTESIAN_POINT ( 'NONE',  ( 0.5000000000000000000, 0.3977371993329000266, -3.500000000000000000 ) ) ;
#1379 = VERTEX_POINT ( 'NONE', #3822 ) ;
#1380 = VERTEX_POINT ( 'NONE', #3186 ) ;
#1381 = AXIS2_PLACEMENT_3D ( 'NONE', #315, #3622, #2414 ) ;
#1382 = CARTESIAN_POINT ( 'NONE',  ( 0.4000000000000000222, 3.500000000000000000, 1.300000000000000044 ) ) ;
#1383 = ORIENTED_EDGE ( 'NONE', *, *, #2783, .T. ) ;
#1384 = VECTOR ( 'NONE', #1611, 1000.000000000000000 ) ;
#1385 = EDGE_CURVE ( 'NONE', #226, #2631, #3803, .T. ) ;
#1386 = ORIENTED_EDGE ( 'NONE', *, *, #3631, .T. ) ;
#1387 = DIRECTION ( 'NONE',  ( 0.000000000000000000, 0.000000000000000000, -1.000000000000000000 ) ) ;
#1388 = CARTESIAN_POINT ( 'NONE',  ( -5.500000000000000000, 6.500000000000000000, -1.000000000000000000 ) ) ;
#1389 = CARTESIAN_POINT ( 'NONE',  ( 3.600000000000000089, 5.327997772825999512, 0.000000000000000000 ) ) ;
#1390 = ADVANCED_FACE ( 'NONE', ( #607 ), #880, .T. ) ;
#1391 = FACE_OUTER_BOUND ( 'NONE', #3444, .T. ) ;
#1392 = FACE_OUTER_BOUND ( 'NONE', #3755, .T. ) ;
#1393 = VECTOR ( 'NONE', #2423, 1000.000000000000000 ) ;
#1394 = CIRCLE ( 'NONE', #3242, 0.6999999999999998446 ) ;
#1395 = VERTEX_POINT ( 'NONE', #845 ) ;
#1396 = LINE ( 'NONE', #2282, #825 ) ;
#1397 = LINE ( 'NONE', #815, #62 ) ;
#1398 = VERTEX_POINT ( 'NONE', #2031 ) ;
#1399 = EDGE_CURVE ( 'NONE', #1892, #429, #2746, .T. ) ;
#1400 = EDGE_CURVE ( 'NONE', #2352, #170, #450, .T. ) ;
#1401 = ORIENTED_EDGE ( 'NONE', *, *, #535, .T. ) ;
#1402 = EDGE_CURVE ( 'NONE', #3565, #1797, #2068, .T. ) ;
#1403 = LINE ( 'NONE', #1016, #837 ) ;
#1404 = ORIENTED_EDGE ( 'NONE', *, *, #2265, .F. ) ;
#1405 = ORIENTED_EDGE ( 'NONE', *, *, #1723, .T. ) ;
#1406 = DIRECTION ( 'NONE',  ( -1.000000000000000000, 0.000000000000000000, 0.000000000000000000 ) ) ;
#1407 = EDGE_CURVE ( 'NONE', #3198, #3537, #1825, .T. ) ;
#1408 = CARTESIAN_POINT ( 'NONE',  ( 0.000000000000000000, 0.05000000000000000278, -1.800000000000000044 ) ) ;
#1409 = EDGE_CURVE ( 'NONE', #2150, #1415, #3237, .T. ) ;
#1410 = CARTESIAN_POINT ( 'NONE',  ( 5.349999999999999645, 0.4500000000000000111, -0.5000000000000000000 ) ) ;
#1411 = VERTEX_POINT ( 'NONE', #2634 ) ;
#1412 = LINE ( 'NONE', #2603, #1942 ) ;
#1413 = DIRECTION ( 'NONE',  ( 1.000000000000000000, 0.000000000000000000, 0.000000000000000000 ) ) ;
#1414 = VECTOR ( 'NONE', #942, 1000.000000000000000 ) ;
#1415 = VERTEX_POINT ( 'NONE', #587 ) ;
#1416 = LINE ( 'NONE', #776, #1881 ) ;
#1417 = CARTESIAN_POINT ( 'NONE',  ( 2.799999999999999822, 3.500000000000000000, 1.300000000000000044 ) ) ;
#1418 = VERTEX_POINT ( 'NONE', #2314 ) ;
#1419 = ITEM_DEFINED_TRANSFORMATION ( 'NONE', 'NONE', #1504,  #3463 ) ;
#1420 = AXIS2_PLACEMENT_3D ( 'NONE', #3555, #343, #266 ) ;
#1421 = PLANE ( 'NONE',  #713 ) ;
#1422 = ORIENTED_EDGE ( 'NONE', *, *, #155, .T. ) ;
#1423 = ORIENTED_EDGE ( 'NONE', *, *, #1558, .F. ) ;
#1424 = CARTESIAN_POINT ( 'NONE',  ( -5.500000000000000000, 0.5500000000000000444, 0.000000000000000000 ) ) ;
#1425 = EDGE_CURVE ( 'NONE', #1043, #1137, #547, .T. ) ;
#1426 = LINE ( 'NONE', #2674, #3415 ) ;
#1427 = LINE ( 'NONE', #2616, #962 ) ;
#1428 = ORIENTED_EDGE ( 'NONE', *, *, #312, .T. ) ;
#1429 = ADVANCED_FACE ( 'NONE', ( #2051 ), #11, .T. ) ;
#1430 = DIRECTION ( 'NONE',  ( -1.000000000000000000, 0.000000000000000000, 0.000000000000000000 ) ) ;
#1431 = CARTESIAN_POINT ( 'NONE',  ( -3.700000000000000178, 0.2851351351350999708, -3.810810810811000149 ) ) ;
#1432 = FACE_OUTER_BOUND ( 'NONE', #313, .T. ) ;
#1433 = EDGE_CURVE ( 'NONE', #330, #3007, #2900, .T. ) ;
#1434 = CARTESIAN_POINT ( 'NONE',  ( -3.600000000000000089, 0.000000000000000000, 0.000000000000000000 ) ) ;
#1435 = CLOSED_SHELL ( 'NONE', ( #3205, #3263, #234, #1286, #51, #421, #2120, #3768, #3364, #737, #3110, #2663, #3217, #3268, #1721, #3737, #626, #1018, #3332, #3296, #610, #711, #2322, #2002, #3207, #1308, #926, #1812, #60, #3570, #1213, #2694, #338, #1807, #377, #1600, #3752, #474, #2901, #358, #2751, #1238, #3292, #117, #1027, #2008, #3313, #428, #3033, #643, #3690, #1026, #2540, #3591, #3662, #910, #2736, #2367, #568, #3039, #3124, #2826, #1429, #1299, #982, #915, #1353, #2297, #1817, #839, #1522, #1593, #3806, #1176, #449, #3762, #875, #1390, #328, #1014, #1144, #759, #3477, #54, #1204, #222, #3171, #2804, #2802, #2668, #574, #2830, #2465, #3232, #2067, #3757, #833, #2551, #1718, #1853, #1898, #1883, #2022, #1837, #2166, #3014, #1518, #3512, #3689, #2400, #694, #2000, #1171, #478, #1569, #1905, #1256 ) ) ;
#1436 = CARTESIAN_POINT ( 'NONE',  ( -3.600000000000000089, 3.500000000000000000, 1.300000000000000044 ) ) ;
#1437 = VECTOR ( 'NONE', #3107, 1000.000000000000000 ) ;
#1438 = CARTESIAN_POINT ( 'NONE',  ( 0.000000000000000000, 0.05000000000000000278, -0.5000000000000000000 ) ) ;
#1439 = ORIENTED_EDGE ( 'NONE', *, *, #3742, .F. ) ;
#1440 = EDGE_CURVE ( 'NONE', #67, #236, #1426, .T. ) ;
#1441 = FACE_OUTER_BOUND ( 'NONE', #2501, .T. ) ;
#1442 = ORIENTED_EDGE ( 'NONE', *, *, #1503, .F. ) ;
#1443 = CIRCLE ( 'NONE', #2134, 0.5500000000000001554 ) ;
#1444 = ORIENTED_EDGE ( 'NONE', *, *, #2844, .F. ) ;
#1445 = DIRECTION ( 'NONE',  ( 0.000000000000000000, 0.000000000000000000, -1.000000000000000000 ) ) ;
#1446 = CARTESIAN_POINT ( 'NONE',  ( -2.479999999999999982, 0.05000000000000000278, -1.500000000000000000 ) ) ;
#1447 = PLANE ( 'NONE',  #1836 ) ;
#1448 = ORIENTED_EDGE ( 'NONE', *, *, #1663, .T. ) ;
#1449 = EDGE_CURVE ( 'NONE', #1187, #2047, #2615, .T. ) ;
#1450 = ORIENTED_EDGE ( 'NONE', *, *, #645, .F. ) ;
#1451 = CARTESIAN_POINT ( 'NONE',  ( 0.4000000000000000222, 4.429999999999999716, -0.4400000000000000022 ) ) ;
#1452 = EDGE_CURVE ( 'NONE', #150, #3234, #2395, .T. ) ;
#1453 = CARTESIAN_POINT ( 'NONE',  ( -3.700000000000000178, 0.3499999999999999778, -4.000000000000000000 ) ) ;
#1454 = PLANE ( 'NONE',  #2398 ) ;
#1455 = CIRCLE ( 'NONE', #2406, 0.6999999999999998446 ) ;
#1456 = CARTESIAN_POINT ( 'NONE',  ( -3.600000000000000089, 3.913143729881999544, 1.663059579765000073 ) ) ;
#1457 = PRODUCT_DEFINITION_CONTEXT ( 'detailed design', #1911, 'design' ) ;
#1458 = EDGE_LOOP ( 'NONE', ( #2648, #1772, #3408, #3253 ) ) ;
#1459 = ORIENTED_EDGE ( 'NONE', *, *, #2427, .F. ) ;
#1460 = VECTOR ( 'NONE', #920, 1000.000000000000000 ) ;
#1461 = VECTOR ( 'NONE', #3208, 1000.000000000000000 ) ;
#1462 = CARTESIAN_POINT ( 'NONE',  ( 0.4000000000000000222, 5.492497058818999633, 0.000000000000000000 ) ) ;
#1463 = ORIENTED_EDGE ( 'NONE', *, *, #212, .T. ) ;
#1464 = EDGE_CURVE ( 'NONE', #2059, #404, #2655, .T. ) ;
#1465 = ORIENTED_EDGE ( 'NONE', *, *, #521, .T. ) ;
#1466 = CARTESIAN_POINT ( 'NONE',  ( -3.700000000000000178, 0.3135135135134999862, -3.801081081081000068 ) ) ;
#1467 = VECTOR ( 'NONE', #1994, 1000.000000000000000 ) ;
#1468 = DIRECTION ( 'NONE',  ( 0.000000000000000000, 0.000000000000000000, -1.000000000000000000 ) ) ;
#1469 = DIRECTION ( 'NONE',  ( 0.000000000000000000, -0.7511704179678838633, -0.6601083268448859620 ) ) ;
#1470 = ORIENTED_EDGE ( 'NONE', *, *, #856, .T. ) ;
#1471 = ORIENTED_EDGE ( 'NONE', *, *, #3631, .F. ) ;
#1472 = PLANE ( 'NONE',  #3820 ) ;
#1473 = DIRECTION ( 'NONE',  ( 1.000000000000000000, 0.000000000000000000, 0.000000000000000000 ) ) ;
#1474 = CARTESIAN_POINT ( 'NONE',  ( 0.4000000000000000222, 3.913143729881999544, 1.663059579765000073 ) ) ;
#1475 = PLANE ( 'NONE',  #3330 ) ;
#1476 = VECTOR ( 'NONE', #3727, 1000.000000000000000 ) ;
#1477 = VERTEX_POINT ( 'NONE', #254 ) ;
#1478 = ORIENTED_EDGE ( 'NONE', *, *, #2989, .T. ) ;
#1479 = EDGE_CURVE ( 'NONE', #992, #429, #900, .T. ) ;
#1480 = CARTESIAN_POINT ( 'NONE',  ( -0.4000000000000000222, 3.913143729881999544, 1.663059579765000073 ) ) ;
#1481 = AXIS2_PLACEMENT_3D ( 'NONE', #1846, #372, #2454 ) ;
#1482 = DIRECTION ( 'NONE',  ( 0.000000000000000000, 0.000000000000000000, -1.000000000000000000 ) ) ;
#1483 = LINE ( 'NONE', #7, #3210 ) ;
#1484 = ORIENTED_EDGE ( 'NONE', *, *, #1884, .F. ) ;
#1485 = ORIENTED_EDGE ( 'NONE', *, *, #3517, .F. ) ;
#1486 = DIRECTION ( 'NONE',  ( 0.000000000000000000, 1.000000000000000000, 0.000000000000000000 ) ) ;
#1487 = VECTOR ( 'NONE', #3753, 1000.000000000000000 ) ;
#1488 = DIRECTION ( 'NONE',  ( 0.000000000000000000, 0.000000000000000000, -1.000000000000000000 ) ) ;
#1489 = DIRECTION ( 'NONE',  ( -0.000000000000000000, 1.000000000000000000, 0.000000000000000000 ) ) ;
#1490 = ORIENTED_EDGE ( 'NONE', *, *, #1283, .T. ) ;
#1491 = LINE ( 'NONE', #16, #1029 ) ;
#1492 = LINE ( 'NONE', #339, #733 ) ;
#1493 = CARTESIAN_POINT ( 'NONE',  ( -0.5000000000000000000, 0.3977371993329000266, -3.500000000000000000 ) ) ;
#1494 = DIRECTION ( 'NONE',  ( -1.000000000000000000, 0.000000000000000000, 0.000000000000000000 ) ) ;
#1495 = CARTESIAN_POINT ( 'NONE',  ( 2.700000000000000178, 0.000000000000000000, -4.500000000000000000 ) ) ;
#1496 = ORIENTED_EDGE ( 'NONE', *, *, #2086, .T. ) ;
#1497 = EDGE_LOOP ( 'NONE', ( #3818, #2070, #1758, #467 ) ) ;
#1498 = EDGE_CURVE ( 'NONE', #3007, #2497, #1759, .T. ) ;
#1499 = LINE ( 'NONE', #1480, #2196 ) ;
#1500 = AXIS2_PLACEMENT_3D ( 'NONE', #2250, #3337, #2191 ) ;
#1501 = DIRECTION ( 'NONE',  ( 0.000000000000000000, -1.000000000000000000, 0.000000000000000000 ) ) ;
#1502 = ORIENTED_EDGE ( 'NONE', *, *, #1400, .F. ) ;
#1503 = EDGE_CURVE ( 'NONE', #2725, #3231, #3229, .T. ) ;
#1504 = AXIS2_PLACEMENT_3D ( 'NONE', #3736, #2286, #1133 ) ;
#1505 = ORIENTED_EDGE ( 'NONE', *, *, #2844, .T. ) ;
#1506 = FACE_OUTER_BOUND ( 'NONE', #3218, .T. ) ;
#1507 = DIRECTION ( 'NONE',  ( 0.000000000000000000, 0.000000000000000000, 1.000000000000000000 ) ) ;
#1508 = DIRECTION ( 'NONE',  ( 0.000000000000000000, 0.6601083268448858510, -0.7511704179678837523 ) ) ;
#1509 = EDGE_LOOP ( 'NONE', ( #3698, #756, #2205, #2724 ) ) ;
#1510 = VECTOR ( 'NONE', #3686, 1000.000000000000000 ) ;
#1511 = EDGE_LOOP ( 'NONE', ( #2154, #2572, #426, #2432 ) ) ;
#1512 = AXIS2_PLACEMENT_3D ( 'NONE', #919, #2713, #2110 ) ;
#1513 = CARTESIAN_POINT ( 'NONE',  ( -3.600000000000000089, 5.327997772825999512, 0.000000000000000000 ) ) ;
#1514 = CARTESIAN_POINT ( 'NONE',  ( -3.700000000000000178, 0.1499999999999999944, -4.500000000000000000 ) ) ;
#1515 = DIRECTION ( 'NONE',  ( 1.000000000000000000, 0.000000000000000000, 0.000000000000000000 ) ) ;
#1516 = CARTESIAN_POINT ( 'NONE',  ( 2.479999999999999982, 0.05000000000000000278, -1.500000000000000000 ) ) ;
#1517 = DIRECTION ( 'NONE',  ( 0.000000000000000000, -1.000000000000000000, 0.000000000000000000 ) ) ;
#1518 = ADVANCED_FACE ( 'NONE', ( #3525 ), #3300, .T. ) ;
#1519 = EDGE_LOOP ( 'NONE', ( #2590, #3293, #677, #1963 ) ) ;
#1520 = ORIENTED_EDGE ( 'NONE', *, *, #77, .T. ) ;
#1521 = ORIENTED_EDGE ( 'NONE', *, *, #2989, .F. ) ;
#1522 = ADVANCED_FACE ( 'NONE', ( #3640 ), #2695, .F. ) ;
#1523 = VECTOR ( 'NONE', #3334, 1000.000000000000000 ) ;
#1524 = ORIENTED_EDGE ( 'NONE', *, *, #2099, .T. ) ;
#1525 = EDGE_CURVE ( 'NONE', #236, #1137, #323, .T. ) ;
#1526 = PLANE ( 'NONE',  #192 ) ;
#1527 = EDGE_CURVE ( 'NONE', #410, #1069, #957, .T. ) ;
#1528 = DIRECTION ( 'NONE',  ( 1.000000000000000000, 0.000000000000000000, 0.000000000000000000 ) ) ;
#1529 = CARTESIAN_POINT ( 'NONE',  ( -4.890000000000000568, 0.5500000000000000444, 0.000000000000000000 ) ) ;
#1530 = ORIENTED_EDGE ( 'NONE', *, *, #2210, .T. ) ;
#1531 = EDGE_CURVE ( 'NONE', #932, #2280, #2435, .T. ) ;
#1532 = DIRECTION ( 'NONE',  ( -1.000000000000000000, 0.000000000000000000, 0.000000000000000000 ) ) ;
#1533 = DIRECTION ( 'NONE',  ( 0.000000000000000000, 1.000000000000000000, 0.000000000000000000 ) ) ;
#1534 = DIRECTION ( 'NONE',  ( 0.000000000000000000, 0.000000000000000000, -1.000000000000000000 ) ) ;
#1535 = CARTESIAN_POINT ( 'NONE',  ( -3.700000000000000178, 0.3977371993329000266, -3.500000000000000000 ) ) ;
#1536 = CARTESIAN_POINT ( 'NONE',  ( -4.899999999999999467, 0.5500000000000000444, -0.5000000000000000000 ) ) ;
#1537 = ORIENTED_EDGE ( 'NONE', *, *, #3718, .T. ) ;
#1538 = ORIENTED_EDGE ( 'NONE', *, *, #333, .T. ) ;
#1539 = AXIS2_PLACEMENT_3D ( 'NONE', #3075, #417, #1297 ) ;
#1540 = DIRECTION ( 'NONE',  ( -1.000000000000000000, 0.000000000000000000, 0.000000000000000000 ) ) ;
#1541 = VERTEX_POINT ( 'NONE', #2131 ) ;
#1542 = VERTEX_POINT ( 'NONE', #1820 ) ;
#1543 = CIRCLE ( 'NONE', #3445, 0.6999999999999998446 ) ;
#1544 = LINE ( 'NONE', #2727, #1064 ) ;
#1545 = CARTESIAN_POINT ( 'NONE',  ( 5.100000000000000533, 0.5500000000000000444, -0.5000000000000000000 ) ) ;
#1546 = FACE_BOUND ( 'NONE', #3112, .T. ) ;
#1547 = ORIENTED_EDGE ( 'NONE', *, *, #349, .T. ) ;
#1548 = EDGE_CURVE ( 'NONE', #3239, #1365, #3298, .T. ) ;
#1549 = CARTESIAN_POINT ( 'NONE',  ( -3.700000000000000178, 0.000000000000000000, -4.500000000000000000 ) ) ;
#1550 = AXIS2_PLACEMENT_3D ( 'NONE', #2204, #3042, #2756 ) ;
#1551 = EDGE_CURVE ( 'NONE', #933, #1541, #570, .T. ) ;
#1552 = CARTESIAN_POINT ( 'NONE',  ( 0.5000000000000000000, 0.000000000000000000, -4.000000000000000000 ) ) ;
#1553 = PLANE ( 'NONE',  #3241 ) ;
#1554 = DIRECTION ( 'NONE',  ( -1.000000000000000000, 0.000000000000000000, 0.000000000000000000 ) ) ;
#1555 = DIRECTION ( 'NONE',  ( 0.000000000000000000, -1.000000000000000000, 0.000000000000000000 ) ) ;
#1556 = ORIENTED_EDGE ( 'NONE', *, *, #3744, .T. ) ;
#1557 = ORIENTED_EDGE ( 'NONE', *, *, #1272, .T. ) ;
#1558 = EDGE_CURVE ( 'NONE', #3331, #804, #1265, .T. ) ;
#1559 = ORIENTED_EDGE ( 'NONE', *, *, #954, .T. ) ;
#1560 = PRODUCT ( '1746142-1', '1746142-1', '', ( #840 ) ) ;
#1561 = DIRECTION ( 'NONE',  ( 0.000000000000000000, 0.000000000000000000, 1.000000000000000000 ) ) ;
#1562 = DIRECTION ( 'NONE',  ( 0.000000000000000000, -1.000000000000000000, 0.000000000000000000 ) ) ;
#1563 = DIRECTION ( 'NONE',  ( 0.000000000000000000, -1.000000000000000000, 0.000000000000000000 ) ) ;
#1564 = ORIENTED_EDGE ( 'NONE', *, *, #2861, .T. ) ;
#1565 = CIRCLE ( 'NONE', #1002, 0.6999999999999998446 ) ;
#1566 = EDGE_CURVE ( 'NONE', #170, #2006, #996, .T. ) ;
#1567 = AXIS2_PLACEMENT_3D ( 'NONE', #3704, #2863, #3725 ) ;
#1568 = DIRECTION ( 'NONE',  ( 0.000000000000000000, 0.6601083268448859620, -0.7511704179678838633 ) ) ;
#1569 = ADVANCED_FACE ( 'NONE', ( #1246 ), #3348, .T. ) ;
#1570 = CARTESIAN_POINT ( 'NONE',  ( -3.600000000000000089, 2.799999999999999822, 0.000000000000000000 ) ) ;
#1571 = LINE ( 'NONE', #1920, #1585 ) ;
#1572 = AXIS2_PLACEMENT_3D ( 'NONE', #332, #3333, #704 ) ;
#1573 = EDGE_CURVE ( 'NONE', #2107, #215, #2152, .T. ) ;
#1574 = DIRECTION ( 'NONE',  ( 0.000000000000000000, 1.000000000000000000, 0.000000000000000000 ) ) ;
#1575 = LINE ( 'NONE', #2159, #1254 ) ;
#1576 = LINE ( 'NONE', #1595, #1510 ) ;
#1577 = VECTOR ( 'NONE', #1574, 1000.000000000000000 ) ;
#1578 = ORIENTED_EDGE ( 'NONE', *, *, #2043, .T. ) ;
#1579 = CARTESIAN_POINT ( 'NONE',  ( -4.899999999999999467, 0.5500000000000000444, -1.800000000000000044 ) ) ;
#1580 = EDGE_LOOP ( 'NONE', ( #390, #642, #3006, #3760 ) ) ;
#1581 = VERTEX_POINT ( 'NONE', #664 ) ;
#1582 = DIRECTION ( 'NONE',  ( 1.000000000000000000, 0.000000000000000000, 0.000000000000000000 ) ) ;
#1583 = CARTESIAN_POINT ( 'NONE',  ( 2.700000000000000178, 0.2000000000000000111, -3.470000000000000195 ) ) ;
#1584 = CARTESIAN_POINT ( 'NONE',  ( 0.000000000000000000, 6.500000000000000000, 0.000000000000000000 ) ) ;
#1585 = VECTOR ( 'NONE', #1880, 1000.000000000000000 ) ;
#1586 = AXIS2_PLACEMENT_3D ( 'NONE', #1329, #784, #2855 ) ;
#1587 = VERTEX_POINT ( 'NONE', #350 ) ;
#1588 = LINE ( 'NONE', #2211, #461 ) ;
#1589 = EDGE_CURVE ( 'NONE', #3129, #1302, #1873, .T. ) ;
#1590 = CARTESIAN_POINT ( 'NONE',  ( 0.5000000000000000000, 0.1499999999999999944, -4.500000000000000000 ) ) ;
#1591 = LINE ( 'NONE', #943, #2813 ) ;
#1592 = CYLINDRICAL_SURFACE ( 'NONE', #650, 0.2000000000000000111 ) ;
#1593 = ADVANCED_FACE ( 'NONE', ( #1860 ), #3028, .T. ) ;
#1594 = DIRECTION ( 'NONE',  ( 1.000000000000000000, 0.000000000000000000, 0.000000000000000000 ) ) ;
#1595 = CARTESIAN_POINT ( 'NONE',  ( -5.500000000000000000, 1.199999999999999956, -2.100000000000000089 ) ) ;
#1596 = ORIENTED_EDGE ( 'NONE', *, *, #1668, .T. ) ;
#1597 = EDGE_CURVE ( 'NONE', #2672, #1344, #2995, .T. ) ;
#1598 = CARTESIAN_POINT ( 'NONE',  ( 0.4000000000000000222, 0.000000000000000000, 0.000000000000000000 ) ) ;
#1599 = EDGE_LOOP ( 'NONE', ( #3306, #2971, #560, #2260, #1090, #1991 ) ) ;
#1600 = ADVANCED_FACE ( 'NONE', ( #681 ), #2467, .F. ) ;
#1601 = ORIENTED_EDGE ( 'NONE', *, *, #1166, .T. ) ;
#1602 = SURFACE_STYLE_FILL_AREA ( #1288 ) ;
#1603 = DIRECTION ( 'NONE',  ( 0.000000000000000000, 0.000000000000000000, -1.000000000000000000 ) ) ;
#1604 = CARTESIAN_POINT ( 'NONE',  ( -3.600000000000000089, 4.429999999999999716, -0.4400000000000000022 ) ) ;
#1605 = ORIENTED_EDGE ( 'NONE', *, *, #14, .T. ) ;
#1606 = VECTOR ( 'NONE', #3262, 1000.000000000000000 ) ;
#1607 = EDGE_CURVE ( 'NONE', #247, #150, #2692, .T. ) ;
#1608 = FACE_OUTER_BOUND ( 'NONE', #972, .T. ) ;
#1609 = DIRECTION ( 'NONE',  ( 0.000000000000000000, -0.6601083268448859620, 0.7511704179678838633 ) ) ;
#1610 = CARTESIAN_POINT ( 'NONE',  ( 2.799999999999999822, 5.327997772825999512, 0.000000000000000000 ) ) ;
#1611 = DIRECTION ( 'NONE',  ( 1.000000000000000000, 0.000000000000000000, 0.000000000000000000 ) ) ;
#1612 = PLANE ( 'NONE',  #2327 ) ;
#1613 = LINE ( 'NONE', #2219, #3773 ) ;
#1614 = ORIENTED_EDGE ( 'NONE', *, *, #1597, .T. ) ;
#1615 = CARTESIAN_POINT ( 'NONE',  ( 3.600000000000000089, 5.181170417968000486, 0.2201083268449000041 ) ) ;
#1616 = ORIENTED_EDGE ( 'NONE', *, *, #622, .F. ) ;
#1617 = EDGE_CURVE ( 'NONE', #2429, #2631, #2170, .T. ) ;
#1618 = VECTOR ( 'NONE', #1281, 1000.000000000000114 ) ;
#1619 = ORIENTED_EDGE ( 'NONE', *, *, #2015, .F. ) ;
#1620 = CARTESIAN_POINT ( 'NONE',  ( -3.600000000000000089, 2.949999999999999734, 0.000000000000000000 ) ) ;
#1621 = ORIENTED_EDGE ( 'NONE', *, *, #3608, .F. ) ;
#1622 = DIRECTION ( 'NONE',  ( 0.000000000000000000, 0.000000000000000000, 1.000000000000000000 ) ) ;
#1623 = PLANE ( 'NONE',  #1643 ) ;
#1624 = AXIS2_PLACEMENT_3D ( 'NONE', #1798, #275, #1178 ) ;
#1625 = CARTESIAN_POINT ( 'NONE',  ( 6.400000000000000355, 0.000000000000000000, -1.800000000000000044 ) ) ;
#1626 = ORIENTED_EDGE ( 'NONE', *, *, #3708, .T. ) ;
#1627 = CARTESIAN_POINT ( 'NONE',  ( -3.700000000000000178, 0.1499999999999999944, -4.000000000000000000 ) ) ;
#1628 = CARTESIAN_POINT ( 'NONE',  ( -4.700000000000000178, 6.500000000000000000, -3.500000000000000000 ) ) ;
#1629 = CARTESIAN_POINT ( 'NONE',  ( 0.000000000000000000, 0.05000000000000000278, -1.800000000000000044 ) ) ;
#1630 = VECTOR ( 'NONE', #2478, 1000.000000000000000 ) ;
#1631 = CARTESIAN_POINT ( 'NONE',  ( -2.799999999999999822, 3.913143729881999544, 1.663059579765000073 ) ) ;
#1632 = ORIENTED_EDGE ( 'NONE', *, *, #3377, .F. ) ;
#1633 = AXIS2_PLACEMENT_3D ( 'NONE', #277, #3763, #1761 ) ;
#1634 = FACE_OUTER_BOUND ( 'NONE', #3346, .T. ) ;
#1635 = VERTEX_POINT ( 'NONE', #2023 ) ;
#1636 = VERTEX_POINT ( 'NONE', #3192 ) ;
#1637 = DIRECTION ( 'NONE',  ( 0.000000000000000000, -1.000000000000000000, 0.000000000000000000 ) ) ;
#1638 = EDGE_CURVE ( 'NONE', #2779, #3197, #2781, .T. ) ;
#1639 = DIRECTION ( 'NONE',  ( 0.000000000000000000, 1.000000000000000000, 0.000000000000000000 ) ) ;
#1640 = ORIENTED_EDGE ( 'NONE', *, *, #598, .F. ) ;
#1641 = DIRECTION ( 'NONE',  ( -1.000000000000000000, 0.000000000000000000, 0.000000000000000000 ) ) ;
#1642 = AXIS2_PLACEMENT_3D ( 'NONE', #868, #1768, #1534 ) ;
#1643 = AXIS2_PLACEMENT_3D ( 'NONE', #2275, #219, #2505 ) ;
#1644 = FACE_OUTER_BOUND ( 'NONE', #2001, .T. ) ;
#1645 = CARTESIAN_POINT ( 'NONE',  ( -3.000000000000000000, 0.05000000000000000278, -1.500000000000000000 ) ) ;
#1646 = EDGE_LOOP ( 'NONE', ( #2949, #2103, #3716, #696 ) ) ;
#1647 = VECTOR ( 'NONE', #86, 1000.000000000000000 ) ;
#1648 = EDGE_CURVE ( 'NONE', #2060, #3784, #3113, .T. ) ;
#1649 = VERTEX_POINT ( 'NONE', #3494 ) ;
#1650 = DIRECTION ( 'NONE',  ( -1.000000000000000000, 0.000000000000000000, 0.000000000000000000 ) ) ;
#1651 = VECTOR ( 'NONE', #3260, 1000.000000000000000 ) ;
#1652 = DIRECTION ( 'NONE',  ( 0.000000000000000000, -0.3243243243243169593, 0.9459459459459483854 ) ) ;
#1653 = SURFACE_STYLE_USAGE ( .BOTH. , #3153 ) ;
#1654 = VERTEX_POINT ( 'NONE', #797 ) ;
#1655 = AXIS2_PLACEMENT_3D ( 'NONE', #514, #3108, #452 ) ;
#1656 = DIRECTION ( 'NONE',  ( 1.000000000000000000, 0.000000000000000000, 0.000000000000000000 ) ) ;
#1657 = ORIENTED_EDGE ( 'NONE', *, *, #89, .F. ) ;
#1658 = EDGE_LOOP ( 'NONE', ( #2249, #2840, #2930, #1698 ) ) ;
#1659 = EDGE_CURVE ( 'NONE', #2936, #2352, #2007, .T. ) ;
#1660 = LINE ( 'NONE', #3696, #3606 ) ;
#1661 = ORIENTED_EDGE ( 'NONE', *, *, #402, .T. ) ;
#1662 = EDGE_LOOP ( 'NONE', ( #2245, #133, #2447, #2555 ) ) ;
#1663 = EDGE_CURVE ( 'NONE', #2448, #2334, #1416, .T. ) ;
#1664 = LINE ( 'NONE', #3661, #1129 ) ;
#1665 = PLANE ( 'NONE',  #2755 ) ;
#1666 = CARTESIAN_POINT ( 'NONE',  ( -3.700000000000000178, 0.2648648648648999626, -3.659189189188999602 ) ) ;
#1667 = CIRCLE ( 'NONE', #2658, 0.3500000000000000333 ) ;
#1668 = EDGE_CURVE ( 'NONE', #3585, #3239, #1396, .T. ) ;
#1669 = DIRECTION ( 'NONE',  ( 1.000000000000000000, 0.000000000000000000, 0.000000000000000000 ) ) ;
#1670 = VECTOR ( 'NONE', #3092, 1000.000000000000000 ) ;
#1671 = EDGE_CURVE ( 'NONE', #1150, #1983, #2135, .T. ) ;
#1672 = FACE_BOUND ( 'NONE', #3213, .T. ) ;
#1673 = EDGE_CURVE ( 'NONE', #624, #1398, #950, .T. ) ;
#1674 = DIRECTION ( 'NONE',  ( 0.000000000000000000, 0.6601083268448859620, -0.7511704179678838633 ) ) ;
#1675 = ORIENTED_EDGE ( 'NONE', *, *, #2439, .T. ) ;
#1676 = AXIS2_PLACEMENT_3D ( 'NONE', #1438, #1753, #555 ) ;
#1677 = CARTESIAN_POINT ( 'NONE',  ( 6.200000000000000178, 1.199999999999999956, 0.000000000000000000 ) ) ;
#1678 = EDGE_CURVE ( 'NONE', #122, #3440, #1985, .T. ) ;
#1679 = LINE ( 'NONE', #2589, #2304 ) ;
#1680 = EDGE_LOOP ( 'NONE', ( #3194, #174, #2897, #3164 ) ) ;
#1681 = EDGE_LOOP ( 'NONE', ( #267, #955, #2991, #297 ) ) ;
#1682 = CARTESIAN_POINT ( 'NONE',  ( -4.700000000000000178, 2.000000000000000000, -3.700000000000000178 ) ) ;
#1683 = ORIENTED_EDGE ( 'NONE', *, *, #1004, .T. ) ;
#1684 = ORIENTED_EDGE ( 'NONE', *, *, #1402, .T. ) ;
#1685 = DIRECTION ( 'NONE',  ( 1.000000000000000000, 0.000000000000000000, 0.000000000000000000 ) ) ;
#1686 = DIRECTION ( 'NONE',  ( 0.000000000000000000, 1.000000000000000000, 0.000000000000000000 ) ) ;
#1687 = DIRECTION ( 'NONE',  ( 0.000000000000000000, 1.000000000000000000, 0.000000000000000000 ) ) ;
#1688 = ORIENTED_EDGE ( 'NONE', *, *, #988, .F. ) ;
#1689 = LINE ( 'NONE', #3469, #2687 ) ;
#1690 = DIRECTION ( 'NONE',  ( 1.000000000000000000, 0.000000000000000000, 0.000000000000000000 ) ) ;
#1691 = EDGE_CURVE ( 'NONE', #1852, #3179, #1734, .T. ) ;
#1692 = CARTESIAN_POINT ( 'NONE',  ( 2.700000000000000178, 0.3499999999999999778, -4.000000000000000000 ) ) ;
#1693 = VERTEX_POINT ( 'NONE', #3730 ) ;
#1694 = EDGE_CURVE ( 'NONE', #1415, #1477, #947, .T. ) ;
#1695 = DIRECTION ( 'NONE',  ( -0.000000000000000000, 1.000000000000000000, 0.000000000000000000 ) ) ;
#1696 = VECTOR ( 'NONE', #3074, 1000.000000000000000 ) ;
#1697 = FACE_OUTER_BOUND ( 'NONE', #2715, .T. ) ;
#1698 = ORIENTED_EDGE ( 'NONE', *, *, #826, .T. ) ;
#1699 = ORIENTED_EDGE ( 'NONE', *, *, #155, .F. ) ;
#1700 = EDGE_CURVE ( 'NONE', #2583, #444, #245, .T. ) ;
#1701 = CONTEXT_DEPENDENT_SHAPE_REPRESENTATION ( #719, #3038 ) ;
#1702 = AXIS2_PLACEMENT_3D ( 'NONE', #1583, #2760, #33 ) ;
#1703 = LINE ( 'NONE', #1073, #1955 ) ;
#1704 = ORIENTED_EDGE ( 'NONE', *, *, #2203, .F. ) ;
#1705 = VECTOR ( 'NONE', #3155, 1000.000000000000227 ) ;
#1706 = ORIENTED_EDGE ( 'NONE', *, *, #415, .F. ) ;
#1707 = FACE_OUTER_BOUND ( 'NONE', #3538, .T. ) ;
#1708 = CARTESIAN_POINT ( 'NONE',  ( -0.5000000000000000000, 0.3499999999999999778, -4.000000000000000000 ) ) ;
#1709 = DIRECTION ( 'NONE',  ( 0.000000000000000000, 0.000000000000000000, 1.000000000000000000 ) ) ;
#1710 = LINE ( 'NONE', #456, #2864 ) ;
#1711 = CARTESIAN_POINT ( 'NONE',  ( 2.799999999999999822, 2.949999999999999734, 0.000000000000000000 ) ) ;
#1712 = CIRCLE ( 'NONE', #1151, 1.000000000000000000 ) ;
#1713 = DIRECTION ( 'NONE',  ( -0.000000000000000000, 0.7511704179678838633, 0.6601083268448859620 ) ) ;
#1714 = ORIENTED_EDGE ( 'NONE', *, *, #1074, .F. ) ;
#1715 = DIRECTION ( 'NONE',  ( 0.000000000000000000, 1.000000000000000000, 0.000000000000000000 ) ) ;
#1716 = CARTESIAN_POINT ( 'NONE',  ( 5.349999999999999645, 0.2000000000000000111, -1.800000000000000044 ) ) ;
#1717 = ORIENTED_EDGE ( 'NONE', *, *, #261, .F. ) ;
#1718 = ADVANCED_FACE ( 'NONE', ( #3478 ), #484, .F. ) ;
#1719 =( NAMED_UNIT ( * ) PLANE_ANGLE_UNIT ( ) SI_UNIT ( $, .RADIAN. ) );
#1720 = DIRECTION ( 'NONE',  ( 0.000000000000000000, 0.6601083268448859620, -0.7511704179678838633 ) ) ;
#1721 = ADVANCED_FACE ( 'NONE', ( #3709 ), #2852, .T. ) ;
#1722 = ORIENTED_EDGE ( 'NONE', *, *, #1527, .T. ) ;
#1723 = EDGE_CURVE ( 'NONE', #1654, #1043, #1886, .T. ) ;
#1724 = EDGE_LOOP ( 'NONE', ( #229, #3302, #3815, #279 ) ) ;
#1725 = CARTESIAN_POINT ( 'NONE',  ( -2.700000000000000178, 0.000000000000000000, -4.500000000000000000 ) ) ;
#1726 = CARTESIAN_POINT ( 'NONE',  ( 0.5000000000000000000, 0.000000000000000000, -4.000000000000000000 ) ) ;
#1727 = CARTESIAN_POINT ( 'NONE',  ( 2.700000000000000178, 0.2000000000000000111, -3.470000000000000195 ) ) ;
#1728 = EDGE_LOOP ( 'NONE', ( #1225, #2182, #1773, #1564, #1958, #2493, #891, #3489, #3642, #3459 ) ) ;
#1729 = DIRECTION ( 'NONE',  ( 0.000000000000000000, 0.9239104859299601680, 0.3826086956521832505 ) ) ;
#1730 = PLANE ( 'NONE',  #3687 ) ;
#1731 = CARTESIAN_POINT ( 'NONE',  ( -2.799999999999999822, 2.799999999999999822, 1.300000000000000044 ) ) ;
#1732 = AXIS2_PLACEMENT_3D ( 'NONE', #3472, #1690, #1652 ) ;
#1733 = DIRECTION ( 'NONE',  ( -1.000000000000000000, 0.000000000000000000, 0.000000000000000000 ) ) ;
#1734 = LINE ( 'NONE', #2588, #3116 ) ;
#1735 = DIRECTION ( 'NONE',  ( 0.000000000000000000, 1.000000000000000000, 0.000000000000000000 ) ) ;
#1736 = EDGE_LOOP ( 'NONE', ( #836, #843, #603, #477, #816, #2129, #3314, #2307 ) ) ;
#1737 = AXIS2_PLACEMENT_3D ( 'NONE', #599, #3310, #1831 ) ;
#1738 = LINE ( 'NONE', #1815, #3434 ) ;
#1739 = ORIENTED_EDGE ( 'NONE', *, *, #2192, .F. ) ;
#1740 = EDGE_CURVE ( 'NONE', #3070, #3403, #2552, .T. ) ;
#1741 = DIRECTION ( 'NONE',  ( 0.000000000000000000, -1.000000000000000000, 0.000000000000000000 ) ) ;
#1742 = ORIENTED_EDGE ( 'NONE', *, *, #2973, .T. ) ;
#1743 = LINE ( 'NONE', #178, #755 ) ;
#1744 = EDGE_CURVE ( 'NONE', #2672, #3522, #2569, .T. ) ;
#1745 = DIRECTION ( 'NONE',  ( 1.000000000000000000, 0.000000000000000000, 0.000000000000000000 ) ) ;
#1746 = CARTESIAN_POINT ( 'NONE',  ( -4.899999999999999467, 0.4500000000000000111, -0.5000000000000000000 ) ) ;
#1747 = ORIENTED_EDGE ( 'NONE', *, *, #707, .T. ) ;
#1748 = EDGE_LOOP ( 'NONE', ( #344, #3419, #1699, #384 ) ) ;
#1749 = LINE ( 'NONE', #3807, #3322 ) ;
#1750 = CARTESIAN_POINT ( 'NONE',  ( -2.700000000000000178, 0.3499999999999999778, -4.000000000000000000 ) ) ;
#1751 = LINE ( 'NONE', #2966, #2932 ) ;
#1752 = AXIS2_PLACEMENT_3D ( 'NONE', #3368, #3639, #2817 ) ;
#1753 = DIRECTION ( 'NONE',  ( 0.000000000000000000, 0.000000000000000000, -1.000000000000000000 ) ) ;
#1754 = VERTEX_POINT ( 'NONE', #1067 ) ;
#1755 = ORIENTED_EDGE ( 'NONE', *, *, #2094, .T. ) ;
#1756 = CARTESIAN_POINT ( 'NONE',  ( 2.700000000000000178, 0.1499999999999999944, -4.500000000000000000 ) ) ;
#1757 = EDGE_LOOP ( 'NONE', ( #3329, #105, #3114, #1661 ) ) ;
#1758 = ORIENTED_EDGE ( 'NONE', *, *, #2849, .F. ) ;
#1759 = CIRCLE ( 'NONE', #2866, 0.5200000000000000178 ) ;
#1760 = DIRECTION ( 'NONE',  ( 1.000000000000000000, 0.000000000000000000, 0.000000000000000000 ) ) ;
#1761 = DIRECTION ( 'NONE',  ( 0.000000000000000000, 0.3243243243243170149, -0.9459459459459483854 ) ) ;
#1762 = DIRECTION ( 'NONE',  ( 0.000000000000000000, 1.000000000000000000, 0.000000000000000000 ) ) ;
#1763 = AXIS2_PLACEMENT_3D ( 'NONE', #869, #2057, #305 ) ;
#1764 = EDGE_LOOP ( 'NONE', ( #939, #739, #3719, #3560, #3441, #2636, #2801, #3616, #569, #2412, #3383, #2288 ) ) ;
#1765 = LINE ( 'NONE', #2115, #481 ) ;
#1766 = EDGE_CURVE ( 'NONE', #3024, #902, #2747, .T. ) ;
#1767 = CARTESIAN_POINT ( 'NONE',  ( 5.500000000000000000, 0.5500000000000000444, 0.000000000000000000 ) ) ;
#1768 = DIRECTION ( 'NONE',  ( -1.000000000000000000, 0.000000000000000000, 0.000000000000000000 ) ) ;
#1769 = DIRECTION ( 'NONE',  ( 0.000000000000000000, 0.6601083268448859620, -0.7511704179678838633 ) ) ;
#1770 = AXIS2_PLACEMENT_3D ( 'NONE', #1750, #3226, #2925 ) ;
#1771 = CARTESIAN_POINT ( 'NONE',  ( 2.799999999999999822, 2.799999999999999822, 1.300000000000000044 ) ) ;
#1772 = ORIENTED_EDGE ( 'NONE', *, *, #1648, .F. ) ;
#1773 = ORIENTED_EDGE ( 'NONE', *, *, #3180, .T. ) ;
#1774 = DIRECTION ( 'NONE',  ( -1.000000000000000000, 0.000000000000000000, 0.000000000000000000 ) ) ;
#1775 = ORIENTED_EDGE ( 'NONE', *, *, #2773, .F. ) ;
#1776 = ORIENTED_EDGE ( 'NONE', *, *, #2231, .T. ) ;
#1777 = CARTESIAN_POINT ( 'NONE',  ( -0.4000000000000000222, 2.799999999999999822, 1.300000000000000044 ) ) ;
#1778 = AXIS2_PLACEMENT_3D ( 'NONE', #392, #1641, #3071 ) ;
#1779 = DIRECTION ( 'NONE',  ( 0.000000000000000000, -1.000000000000000000, 0.000000000000000000 ) ) ;
#1780 = CYLINDRICAL_SURFACE ( 'NONE', #3309, 0.2000000000000000111 ) ;
#1781 = ORIENTED_EDGE ( 'NONE', *, *, #3708, .F. ) ;
#1782 = EDGE_CURVE ( 'NONE', #1542, #2638, #2699, .T. ) ;
#1783 = ORIENTED_EDGE ( 'NONE', *, *, #707, .F. ) ;
#1784 = LINE ( 'NONE', #3569, #3628 ) ;
#1785 = EDGE_CURVE ( 'NONE', #2725, #2916, #58, .T. ) ;
#1786 = DIRECTION ( 'NONE',  ( -0.000000000000000000, 1.000000000000000000, 0.000000000000000000 ) ) ;
#1787 = DIRECTION ( 'NONE',  ( 0.000000000000000000, 0.000000000000000000, -1.000000000000000000 ) ) ;
#1788 = CYLINDRICAL_SURFACE ( 'NONE', #517, 0.6999999999999999556 ) ;
#1789 = DIRECTION ( 'NONE',  ( -0.000000000000000000, 1.000000000000000000, 0.000000000000000000 ) ) ;
#1790 = VECTOR ( 'NONE', #1594, 1000.000000000000000 ) ;
#1791 = EDGE_LOOP ( 'NONE', ( #2476, #2522, #3100, #2384 ) ) ;
#1792 = ORIENTED_EDGE ( 'NONE', *, *, #1865, .F. ) ;
#1793 = AXIS2_PLACEMENT_3D ( 'NONE', #3077, #2793, #1320 ) ;
#1794 = CIRCLE ( 'NONE', #857, 0.5200000000000000178 ) ;
#1795 = CARTESIAN_POINT ( 'NONE',  ( 6.400000000000000355, 0.000000000000000000, -0.5000000000000000000 ) ) ;
#1796 = ORIENTED_EDGE ( 'NONE', *, *, #546, .T. ) ;
#1797 = VERTEX_POINT ( 'NONE', #2381 ) ;
#1798 = CARTESIAN_POINT ( 'NONE',  ( -3.000000000000000000, 0.05000000000000000278, -1.500000000000000000 ) ) ;
#1799 = VECTOR ( 'NONE', #3635, 1000.000000000000000 ) ;
#1800 = DIRECTION ( 'NONE',  ( 0.000000000000000000, 0.000000000000000000, -1.000000000000000000 ) ) ;
#1801 = CARTESIAN_POINT ( 'NONE',  ( -3.600000000000000089, 2.799999999999999822, 1.300000000000000044 ) ) ;
#1802 = VERTEX_POINT ( 'NONE', #1516 ) ;
#1803 = DIRECTION ( 'NONE',  ( 0.000000000000000000, 1.000000000000000000, 0.000000000000000000 ) ) ;
#1804 = DIRECTION ( 'NONE',  ( 1.000000000000000000, 0.000000000000000000, 0.000000000000000000 ) ) ;
#1805 = CARTESIAN_POINT ( 'NONE',  ( -2.700000000000000178, 0.2364864864865000027, -3.668918918919000127 ) ) ;
#1806 = LINE ( 'NONE', #1627, #583 ) ;
#1807 = ADVANCED_FACE ( 'NONE', ( #2926 ), #1788, .T. ) ;
#1808 = ADVANCED_BREP_SHAPE_REPRESENTATION ( '', ( #380, #3463 ), #2983 ) ;
#1809 = LINE ( 'NONE', #1474, #202 ) ;
#1810 = FACE_OUTER_BOUND ( 'NONE', #1932, .T. ) ;
#1811 = ORIENTED_EDGE ( 'NONE', *, *, #2690, .T. ) ;
#1812 = ADVANCED_FACE ( 'NONE', ( #342 ), #597, .F. ) ;
#1813 = VERTEX_POINT ( 'NONE', #2404 ) ;
#1814 = COLOUR_RGB ( '',0.7921568627450980005, 0.8196078431372548767, 0.9333333333333333481 ) ;
#1815 = CARTESIAN_POINT ( 'NONE',  ( -3.700000000000000178, 0.2364864864865000027, -3.668918918919000127 ) ) ;
#1816 = ORIENTED_EDGE ( 'NONE', *, *, #3428, .F. ) ;
#1817 = ADVANCED_FACE ( 'NONE', ( #3227 ), #2704, .F. ) ;
#1818 = ORIENTED_EDGE ( 'NONE', *, *, #425, .T. ) ;
#1819 = CARTESIAN_POINT ( 'NONE',  ( -0.5000000000000000000, 0.1499999999999999944, -4.500000000000000000 ) ) ;
#1820 = CARTESIAN_POINT ( 'NONE',  ( -0.4000000000000000222, 5.181170417968000486, 0.2201083268449000041 ) ) ;
#1821 = LINE ( 'NONE', #958, #2521 ) ;
#1822 = ORIENTED_EDGE ( 'NONE', *, *, #614, .F. ) ;
#1823 = CIRCLE ( 'NONE', #319, 0.5500000000000001554 ) ;
#1824 = CARTESIAN_POINT ( 'NONE',  ( -5.500000000000000000, 1.199999999999999956, -2.100000000000000089 ) ) ;
#1825 = CIRCLE ( 'NONE', #3789, 1.000000000000000000 ) ;
#1826 = CARTESIAN_POINT ( 'NONE',  ( 0.4000000000000000222, 2.799999999999999822, 1.300000000000000044 ) ) ;
#1827 = LINE ( 'NONE', #2999, #1136 ) ;
#1828 = LINE ( 'NONE', #3034, #1328 ) ;
#1829 = DIRECTION ( 'NONE',  ( 1.000000000000000000, 0.000000000000000000, 0.000000000000000000 ) ) ;
#1830 = DIRECTION ( 'NONE',  ( 0.000000000000000000, -1.000000000000000000, 0.000000000000000000 ) ) ;
#1831 = DIRECTION ( 'NONE',  ( 0.000000000000000000, 1.000000000000000000, 0.000000000000000000 ) ) ;
#1832 = EDGE_LOOP ( 'NONE', ( #468, #153, #309, #3577 ) ) ;
#1833 = ORIENTED_EDGE ( 'NONE', *, *, #1551, .F. ) ;
#1834 = VECTOR ( 'NONE', #715, 1000.000000000000000 ) ;
#1835 = ORIENTED_EDGE ( 'NONE', *, *, #2595, .F. ) ;
#1836 = AXIS2_PLACEMENT_3D ( 'NONE', #2635, #1469, #1508 ) ;
#1837 = ADVANCED_FACE ( 'NONE', ( #3534 ), #1454, .T. ) ;
#1838 = ORIENTED_EDGE ( 'NONE', *, *, #2241, .T. ) ;
#1839 = DIRECTION ( 'NONE',  ( -1.000000000000000000, 0.000000000000000000, 0.000000000000000000 ) ) ;
#1840 = EDGE_CURVE ( 'NONE', #3541, #3060, #1751, .T. ) ;
#1841 = DIRECTION ( 'NONE',  ( 1.000000000000000000, 0.000000000000000000, 0.000000000000000000 ) ) ;
#1842 = EDGE_CURVE ( 'NONE', #2133, #1108, #889, .T. ) ;
#1843 = CARTESIAN_POINT ( 'NONE',  ( 3.600000000000000089, 0.000000000000000000, 0.000000000000000000 ) ) ;
#1844 = ORIENTED_EDGE ( 'NONE', *, *, #1152, .F. ) ;
#1845 = EDGE_CURVE ( 'NONE', #2638, #1380, #3590, .T. ) ;
#1846 = CARTESIAN_POINT ( 'NONE',  ( -3.000000000000000000, 0.05000000000000000278, -1.500000000000000000 ) ) ;
#1847 = LINE ( 'NONE', #373, #2399 ) ;
#1848 = ORIENTED_EDGE ( 'NONE', *, *, #140, .T. ) ;
#1849 = DIRECTION ( 'NONE',  ( 0.000000000000000000, 0.000000000000000000, 1.000000000000000000 ) ) ;
#1850 = DIRECTION ( 'NONE',  ( 1.000000000000000000, 0.000000000000000000, 0.000000000000000000 ) ) ;
#1851 = DIRECTION ( 'NONE',  ( -1.000000000000000000, 0.000000000000000000, 0.000000000000000000 ) ) ;
#1852 = VERTEX_POINT ( 'NONE', #41 ) ;
#1853 = ADVANCED_FACE ( 'NONE', ( #3269 ), #2424, .T. ) ;
#1854 = VECTOR ( 'NONE', #2256, 1000.000000000000000 ) ;
#1855 = VERTEX_POINT ( 'NONE', #3574 ) ;
#1856 = ORIENTED_EDGE ( 'NONE', *, *, #3093, .F. ) ;
#1857 = VECTOR ( 'NONE', #1159, 1000.000000000000000 ) ;
#1858 = CARTESIAN_POINT ( 'NONE',  ( -3.700000000000000178, 0.2000000000000000111, -3.470000000000000195 ) ) ;
#1859 = EDGE_CURVE ( 'NONE', #2409, #2779, #1221, .T. ) ;
#1860 = FACE_OUTER_BOUND ( 'NONE', #347, .T. ) ;
#1861 = CARTESIAN_POINT ( 'NONE',  ( -6.200000000000000178, 0.05000000000000000278, -1.000000000000000000 ) ) ;
#1862 = ORIENTED_EDGE ( 'NONE', *, *, #2910, .T. ) ;
#1863 = EDGE_CURVE ( 'NONE', #2911, #1654, #3812, .T. ) ;
#1864 = LINE ( 'NONE', #3626, #2960 ) ;
#1865 = EDGE_CURVE ( 'NONE', #2626, #992, #930, .T. ) ;
#1866 = LINE ( 'NONE', #2441, #3483 ) ;
#1867 = LINE ( 'NONE', #2179, #2071 ) ;
#1868 = DIRECTION ( 'NONE',  ( 1.000000000000000000, 0.000000000000000000, 0.000000000000000000 ) ) ;
#1869 = ORIENTED_EDGE ( 'NONE', *, *, #1479, .F. ) ;
#1870 = CARTESIAN_POINT ( 'NONE',  ( 0.4000000000000000222, 5.181170417968000486, 0.2201083268449000041 ) ) ;
#1871 = ORIENTED_EDGE ( 'NONE', *, *, #1648, .T. ) ;
#1872 = ORIENTED_EDGE ( 'NONE', *, *, #2265, .T. ) ;
#1873 = LINE ( 'NONE', #3010, #2257 ) ;
#1874 = CARTESIAN_POINT ( 'NONE',  ( -0.4000000000000000222, 4.429999999999999716, -0.4400000000000000022 ) ) ;
#1875 = ORIENTED_EDGE ( 'NONE', *, *, #1125, .T. ) ;
#1876 = VECTOR ( 'NONE', #1877, 1000.000000000000000 ) ;
#1877 = DIRECTION ( 'NONE',  ( 1.000000000000000000, 0.000000000000000000, 0.000000000000000000 ) ) ;
#1878 = VECTOR ( 'NONE', #3435, 1000.000000000000000 ) ;
#1879 = LINE ( 'NONE', #2194, #917 ) ;
#1880 = DIRECTION ( 'NONE',  ( 0.000000000000000000, 1.000000000000000000, 0.000000000000000000 ) ) ;
#1881 = VECTOR ( 'NONE', #537, 1000.000000000000000 ) ;
#1882 = CARTESIAN_POINT ( 'NONE',  ( 4.899999999999999467, 0.4500000000000000111, -0.5000000000000000000 ) ) ;
#1883 = ADVANCED_FACE ( 'NONE', ( #638 ), #2076, .T. ) ;
#1884 = EDGE_CURVE ( 'NONE', #3580, #247, #576, .T. ) ;
#1885 = CARTESIAN_POINT ( 'NONE',  ( -5.349999999999999645, 0.000000000000000000, -0.5000000000000000000 ) ) ;
#1886 = CIRCLE ( 'NONE', #2262, 0.5500000000000001554 ) ;
#1887 = DIRECTION ( 'NONE',  ( 0.000000000000000000, 1.000000000000000000, 0.000000000000000000 ) ) ;
#1888 = ORIENTED_EDGE ( 'NONE', *, *, #1322, .T. ) ;
#1889 = EDGE_CURVE ( 'NONE', #2006, #978, #1809, .T. ) ;
#1890 = DIRECTION ( 'NONE',  ( -1.000000000000000000, 0.000000000000000000, 0.000000000000000000 ) ) ;
#1891 = ORIENTED_EDGE ( 'NONE', *, *, #2091, .T. ) ;
#1892 = VERTEX_POINT ( 'NONE', #2664 ) ;
#1893 = CARTESIAN_POINT ( 'NONE',  ( -3.700000000000000178, 0.2851351351350999708, -3.810810810811000149 ) ) ;
#1894 = LINE ( 'NONE', #409, #1647 ) ;
#1895 = AXIS2_PLACEMENT_3D ( 'NONE', #414, #2157, #2808 ) ;
#1896 = VECTOR ( 'NONE', #2593, 1000.000000000000000 ) ;
#1897 = EDGE_LOOP ( 'NONE', ( #714, #3778, #2081, #289 ) ) ;
#1898 = ADVANCED_FACE ( 'NONE', ( #3247, #2158, #148, #967 ), #435, .T. ) ;
#1899 = CARTESIAN_POINT ( 'NONE',  ( 0.4000000000000000222, 2.949999999999999734, 0.000000000000000000 ) ) ;
#1900 = CARTESIAN_POINT ( 'NONE',  ( 2.700000000000000178, 0.000000000000000000, -4.000000000000000000 ) ) ;
#1901 = DIRECTION ( 'NONE',  ( 1.000000000000000000, 0.000000000000000000, 0.000000000000000000 ) ) ;
#1902 = ORIENTED_EDGE ( 'NONE', *, *, #2973, .F. ) ;
#1903 = FACE_OUTER_BOUND ( 'NONE', #528, .T. ) ;
#1904 = CARTESIAN_POINT ( 'NONE',  ( 2.799999999999999822, 3.500000000000000000, 1.300000000000000044 ) ) ;
#1905 = ADVANCED_FACE ( 'NONE', ( #2457 ), #360, .F. ) ;
#1906 = CARTESIAN_POINT ( 'NONE',  ( 2.799999999999999822, 4.429999999999999716, -0.4400000000000000022 ) ) ;
#1907 = CARTESIAN_POINT ( 'NONE',  ( -0.4000000000000000222, 3.500000000000000000, 2.000000000000000000 ) ) ;
#1908 = VERTEX_POINT ( 'NONE', #2474 ) ;
#1909 = CARTESIAN_POINT ( 'NONE',  ( -3.700000000000000178, 0.5487119154833001167, -3.500000000000000000 ) ) ;
#1910 = ORIENTED_EDGE ( 'NONE', *, *, #2972, .T. ) ;
#1911 = APPLICATION_CONTEXT ( 'automotive_design' ) ;
#1912 = ORIENTED_EDGE ( 'NONE', *, *, #308, .T. ) ;
#1913 = DIRECTION ( 'NONE',  ( 0.000000000000000000, -0.6601083268448859620, 0.7511704179678838633 ) ) ;
#1914 = ORIENTED_EDGE ( 'NONE', *, *, #3816, .F. ) ;
#1915 = AXIS2_PLACEMENT_3D ( 'NONE', #1941, #518, #1980 ) ;
#1916 = LINE ( 'NONE', #3625, #374 ) ;
#1917 = AXIS2_PLACEMENT_3D ( 'NONE', #1692, #2549, #2259 ) ;
#1918 = CARTESIAN_POINT ( 'NONE',  ( -0.4000000000000000222, 3.913143729881999544, 1.663059579765000073 ) ) ;
#1919 = DIRECTION ( 'NONE',  ( 0.000000000000000000, 0.9239104859299601680, 0.3826086956521832505 ) ) ;
#1920 = CARTESIAN_POINT ( 'NONE',  ( -6.200000000000000178, 0.05000000000000000278, -2.100000000000000089 ) ) ;
#1921 = EDGE_CURVE ( 'NONE', #1362, #3331, #1867, .T. ) ;
#1922 = DIRECTION ( 'NONE',  ( 0.000000000000000000, 0.000000000000000000, -1.000000000000000000 ) ) ;
#1923 = CARTESIAN_POINT ( 'NONE',  ( -2.700000000000000178, 0.3499999999999999778, -4.000000000000000000 ) ) ;
#1924 = ORIENTED_EDGE ( 'NONE', *, *, #3428, .T. ) ;
#1925 = DIRECTION ( 'NONE',  ( 0.000000000000000000, 1.000000000000000000, 0.000000000000000000 ) ) ;
#1926 = ORIENTED_EDGE ( 'NONE', *, *, #2082, .T. ) ;
#1927 = EDGE_CURVE ( 'NONE', #933, #803, #987, .T. ) ;
#1928 = ORIENTED_EDGE ( 'NONE', *, *, #2221, .F. ) ;
#1929 = CARTESIAN_POINT ( 'NONE',  ( 4.899999999999999467, 0.4500000000000000111, -0.5000000000000000000 ) ) ;
#1930 = PLANE ( 'NONE',  #3617 ) ;
#1931 = EDGE_CURVE ( 'NONE', #2698, #1635, #2511, .T. ) ;
#1932 = EDGE_LOOP ( 'NONE', ( #2248, #2993, #2557, #83 ) ) ;
#1933 = EDGE_CURVE ( 'NONE', #3403, #3005, #127, .T. ) ;
#1934 = CARTESIAN_POINT ( 'NONE',  ( 3.700000000000000178, 0.000000000000000000, -4.000000000000000000 ) ) ;
#1935 = DIRECTION ( 'NONE',  ( 0.000000000000000000, -1.000000000000000000, 0.000000000000000000 ) ) ;
#1936 = VECTOR ( 'NONE', #1622, 1000.000000000000000 ) ;
#1937 = PLANE ( 'NONE',  #1356 ) ;
#1938 = ORIENTED_EDGE ( 'NONE', *, *, #1766, .T. ) ;
#1939 = ORIENTED_EDGE ( 'NONE', *, *, #2575, .F. ) ;
#1940 = DIRECTION ( 'NONE',  ( -1.000000000000000000, 0.000000000000000000, 0.000000000000000000 ) ) ;
#1941 = CARTESIAN_POINT ( 'NONE',  ( 5.500000000000000000, 0.05000000000000000278, -2.100000000000000089 ) ) ;
#1942 = VECTOR ( 'NONE', #2318, 1000.000000000000000 ) ;
#1943 = AXIS2_PLACEMENT_3D ( 'NONE', #1965, #1306, #207 ) ;
#1944 = DIRECTION ( 'NONE',  ( 0.000000000000000000, 0.7511704179678837523, 0.6601083268448860730 ) ) ;
#1945 = EDGE_LOOP ( 'NONE', ( #970, #1776, #2777, #46 ) ) ;
#1946 = VECTOR ( 'NONE', #2683, 1000.000000000000000 ) ;
#1947 = DIRECTION ( 'NONE',  ( 0.000000000000000000, -1.000000000000000000, 0.000000000000000000 ) ) ;
#1948 = ORIENTED_EDGE ( 'NONE', *, *, #1188, .F. ) ;
#1949 = EDGE_LOOP ( 'NONE', ( #1722, #2428, #1688, #2758 ) ) ;
#1950 = CARTESIAN_POINT ( 'NONE',  ( -0.5000000000000000000, 0.2648648648648999626, -3.659189189188999602 ) ) ;
#1951 = EDGE_LOOP ( 'NONE', ( #2709, #2090, #1053, #2666, #401, #859 ) ) ;
#1952 = EDGE_CURVE ( 'NONE', #1693, #1635, #3629, .T. ) ;
#1953 = ORIENTED_EDGE ( 'NONE', *, *, #618, .T. ) ;
#1954 = DIRECTION ( 'NONE',  ( 0.000000000000000000, -0.9459459459459483854, -0.3243243243243171259 ) ) ;
#1955 = VECTOR ( 'NONE', #213, 1000.000000000000000 ) ;
#1956 = DIRECTION ( 'NONE',  ( -1.000000000000000000, 0.000000000000000000, 0.000000000000000000 ) ) ;
#1957 = CARTESIAN_POINT ( 'NONE',  ( -3.520000000000000018, -0.5000000000000000000, -1.500000000000000000 ) ) ;
#1958 = ORIENTED_EDGE ( 'NONE', *, *, #2680, .T. ) ;
#1959 = AXIS2_PLACEMENT_3D ( 'NONE', #2500, #1307, #1563 ) ;
#1960 = CYLINDRICAL_SURFACE ( 'NONE', #511, 0.2000000000000000111 ) ;
#1961 = VECTOR ( 'NONE', #2963, 1000.000000000000000 ) ;
#1962 = CARTESIAN_POINT ( 'NONE',  ( 6.200000000000000178, 2.000000000000000000, -3.700000000000000178 ) ) ;
#1963 = ORIENTED_EDGE ( 'NONE', *, *, #2214, .F. ) ;
#1964 = AXIS2_PLACEMENT_3D ( 'NONE', #623, #2105, #28 ) ;
#1965 = CARTESIAN_POINT ( 'NONE',  ( 2.799999999999999822, 3.500000000000000000, 1.300000000000000044 ) ) ;
#1966 = DIRECTION ( 'NONE',  ( 0.000000000000000000, 0.000000000000000000, -1.000000000000000000 ) ) ;
#1967 = ORIENTED_EDGE ( 'NONE', *, *, #3395, .F. ) ;
#1968 = ORIENTED_EDGE ( 'NONE', *, *, #1863, .F. ) ;
#1969 = LINE ( 'NONE', #447, #1337 ) ;
#1970 = EDGE_LOOP ( 'NONE', ( #3697, #3797 ) ) ;
#1971 = ORIENTED_EDGE ( 'NONE', *, *, #136, .F. ) ;
#1972 = DIRECTION ( 'NONE',  ( 1.000000000000000000, 0.000000000000000000, 0.000000000000000000 ) ) ;
#1973 = EDGE_CURVE ( 'NONE', #3119, #3043, #1045, .T. ) ;
#1974 = DIRECTION ( 'NONE',  ( -1.000000000000000000, 0.000000000000000000, 0.000000000000000000 ) ) ;
#1975 = CARTESIAN_POINT ( 'NONE',  ( -0.4000000000000000222, 5.327997772825999512, 0.000000000000000000 ) ) ;
#1976 = CIRCLE ( 'NONE', #2721, 0.5200000000000000178 ) ;
#1977 = EDGE_CURVE ( 'NONE', #3106, #1241, #3376, .T. ) ;
#1978 = CARTESIAN_POINT ( 'NONE',  ( -5.500000000000000000, 0.5500000000000000444, -2.100000000000000089 ) ) ;
#1979 = VECTOR ( 'NONE', #3148, 1000.000000000000000 ) ;
#1980 = DIRECTION ( 'NONE',  ( 1.000000000000000000, 0.000000000000000000, 0.000000000000000000 ) ) ;
#1981 = EDGE_CURVE ( 'NONE', #775, #2700, #3036, .T. ) ;
#1982 = FILL_AREA_STYLE ('',( #462 ) ) ;
#1983 = VERTEX_POINT ( 'NONE', #691 ) ;
#1984 = VECTOR ( 'NONE', #3615, 1000.000000000000000 ) ;
#1985 = LINE ( 'NONE', #408, #2809 ) ;
#1986 = CARTESIAN_POINT ( 'NONE',  ( 5.500000000000000000, 1.199999999999999956, -1.000000000000000000 ) ) ;
#1987 = VERTEX_POINT ( 'NONE', #3609 ) ;
#1988 = VERTEX_POINT ( 'NONE', #1628 ) ;
#1989 = SHAPE_DEFINITION_REPRESENTATION ( #371, #457 ) ;
#1990 = DIRECTION ( 'NONE',  ( 1.000000000000000000, 0.000000000000000000, 0.000000000000000000 ) ) ;
#1991 = ORIENTED_EDGE ( 'NONE', *, *, #1638, .T. ) ;
#1992 = ORIENTED_EDGE ( 'NONE', *, *, #2420, .F. ) ;
#1993 = CARTESIAN_POINT ( 'NONE',  ( 0.000000000000000000, -0.5000000000000000000, 0.000000000000000000 ) ) ;
#1994 = DIRECTION ( 'NONE',  ( 1.000000000000000000, 0.000000000000000000, 0.000000000000000000 ) ) ;
#1995 = DIRECTION ( 'NONE',  ( 1.000000000000000000, 0.000000000000000000, 0.000000000000000000 ) ) ;
#1996 = EDGE_CURVE ( 'NONE', #3814, #3784, #110, .T. ) ;
#1997 = DIRECTION ( 'NONE',  ( 0.000000000000000000, 1.000000000000000000, 0.000000000000000000 ) ) ;
#1998 = VECTOR ( 'NONE', #1561, 1000.000000000000000 ) ;
#1999 = CARTESIAN_POINT ( 'NONE',  ( 3.700000000000000178, 0.1499999999999999944, -4.000000000000000000 ) ) ;
#2000 = ADVANCED_FACE ( 'NONE', ( #3095 ), #948, .F. ) ;
#2001 = EDGE_LOOP ( 'NONE', ( #551, #921, #2594, #558, #1240, #2812, #1578, #1161, #683, #1783 ) ) ;
#2002 = ADVANCED_FACE ( 'NONE', ( #3308 ), #3340, .T. ) ;
#2003 = DIRECTION ( 'NONE',  ( 1.000000000000000000, 0.000000000000000000, 0.000000000000000000 ) ) ;
#2004 = AXIS2_PLACEMENT_3D ( 'NONE', #361, #2753, #2512 ) ;
#2005 = PLANE ( 'NONE',  #1676 ) ;
#2006 = VERTEX_POINT ( 'NONE', #3020 ) ;
#2007 = CIRCLE ( 'NONE', #3536, 0.5500000000000001554 ) ;
#2008 = ADVANCED_FACE ( 'NONE', ( #376 ), #2491, .F. ) ;
#2009 = FACE_OUTER_BOUND ( 'NONE', #186, .T. ) ;
#2010 = DIRECTION ( 'NONE',  ( 0.000000000000000000, 0.000000000000000000, 1.000000000000000000 ) ) ;
#2011 = ORIENTED_EDGE ( 'NONE', *, *, #2254, .T. ) ;
#2012 = VERTEX_POINT ( 'NONE', #78 ) ;
#2013 = FACE_OUTER_BOUND ( 'NONE', #1791, .T. ) ;
#2014 = DIRECTION ( 'NONE',  ( 0.000000000000000000, -1.000000000000000000, 0.000000000000000000 ) ) ;
#2015 = EDGE_CURVE ( 'NONE', #2133, #2017, #1255, .T. ) ;
#2016 = DIRECTION ( 'NONE',  ( 0.000000000000000000, -1.000000000000000000, 0.000000000000000000 ) ) ;
#2017 = VERTEX_POINT ( 'NONE', #94 ) ;
#2018 = DIRECTION ( 'NONE',  ( 0.000000000000000000, -1.000000000000000000, 0.000000000000000000 ) ) ;
#2019 = LINE ( 'NONE', #243, #416 ) ;
#2020 = CIRCLE ( 'NONE', #2642, 0.3500000000000000333 ) ;
#2021 = DIRECTION ( 'NONE',  ( 1.000000000000000000, 0.000000000000000000, 0.000000000000000000 ) ) ;
#2022 = ADVANCED_FACE ( 'NONE', ( #3436 ), #183, .T. ) ;
#2023 = CARTESIAN_POINT ( 'NONE',  ( -2.799999999999999822, 4.025819292578000308, 1.762075828791000109 ) ) ;
#2024 = CARTESIAN_POINT ( 'NONE',  ( -2.799999999999999822, 5.492497058818999633, 0.000000000000000000 ) ) ;
#2025 = VERTEX_POINT ( 'NONE', #810 ) ;
#2026 = APPLICATION_PROTOCOL_DEFINITION ( 'draft international standard', 'automotive_design', 1998, #1911 ) ;
#2027 = DIRECTION ( 'NONE',  ( 0.000000000000000000, 1.000000000000000000, 0.000000000000000000 ) ) ;
#2028 = EDGE_LOOP ( 'NONE', ( #84, #2550, #2741, #455 ) ) ;
#2029 = VERTEX_POINT ( 'NONE', #2278 ) ;
#2030 = DIRECTION ( 'NONE',  ( 0.000000000000000000, 0.000000000000000000, 1.000000000000000000 ) ) ;
#2031 = CARTESIAN_POINT ( 'NONE',  ( 2.799999999999999822, 2.799999999999999822, 1.300000000000000044 ) ) ;
#2032 = FACE_OUTER_BOUND ( 'NONE', #1326, .T. ) ;
#2033 = ORIENTED_EDGE ( 'NONE', *, *, #2508, .T. ) ;
#2034 = VECTOR ( 'NONE', #3550, 1000.000000000000000 ) ;
#2035 = DIRECTION ( 'NONE',  ( 0.000000000000000000, 0.3243243243243170149, -0.9459459459459483854 ) ) ;
#2036 = DIRECTION ( 'NONE',  ( 0.000000000000000000, -0.9459459459459483854, -0.3243243243243171259 ) ) ;
#2037 = VECTOR ( 'NONE', #2156, 1000.000000000000000 ) ;
#2038 = FACE_OUTER_BOUND ( 'NONE', #3087, .T. ) ;
#2039 = CARTESIAN_POINT ( 'NONE',  ( -5.349999999999999645, 0.4500000000000000111, -0.5000000000000000000 ) ) ;
#2040 = DIRECTION ( 'NONE',  ( 1.000000000000000000, 0.000000000000000000, 0.000000000000000000 ) ) ;
#2041 = UNCERTAINTY_MEASURE_WITH_UNIT (LENGTH_MEASURE( 1.000000000000000082E-05 ), #205, 'distance_accuracy_value', 'NONE');
#2042 = EDGE_LOOP ( 'NONE', ( #1058, #130, #2481, #2289, #506, #3482, #877, #2892, #1502, #600, #3795, #2877 ) ) ;
#2043 = EDGE_CURVE ( 'NONE', #2312, #3222, #231, .T. ) ;
#2044 = ORIENTED_EDGE ( 'NONE', *, *, #425, .F. ) ;
#2045 = AXIS2_PLACEMENT_3D ( 'NONE', #2647, #870, #2100 ) ;
#2046 = DIRECTION ( 'NONE',  ( 0.000000000000000000, -0.9459459459459483854, -0.3243243243243171259 ) ) ;
#2047 = VERTEX_POINT ( 'NONE', #3190 ) ;
#2048 = ORIENTED_EDGE ( 'NONE', *, *, #2967, .T. ) ;
#2049 = CARTESIAN_POINT ( 'NONE',  ( -0.4000000000000000222, 3.500000000000000000, 2.000000000000000000 ) ) ;
#2050 = EDGE_CURVE ( 'NONE', #3537, #3527, #1371, .T. ) ;
#2051 = FACE_OUTER_BOUND ( 'NONE', #2517, .T. ) ;
#2052 = CARTESIAN_POINT ( 'NONE',  ( 3.700000000000000178, 0.000000000000000000, -4.500000000000000000 ) ) ;
#2053 = ORIENTED_EDGE ( 'NONE', *, *, #1700, .T. ) ;
#2054 = LINE ( 'NONE', #3283, #1352 ) ;
#2055 = CARTESIAN_POINT ( 'NONE',  ( -5.500000000000000000, 6.500000000000000000, 0.000000000000000000 ) ) ;
#2056 = CYLINDRICAL_SURFACE ( 'NONE', #2519, 0.5500000000000000444 ) ;
#2057 = DIRECTION ( 'NONE',  ( -1.000000000000000000, 0.000000000000000000, 0.000000000000000000 ) ) ;
#2058 = DIRECTION ( 'NONE',  ( -1.000000000000000000, 0.000000000000000000, 0.000000000000000000 ) ) ;
#2059 = VERTEX_POINT ( 'NONE', #828 ) ;
#2060 = VERTEX_POINT ( 'NONE', #1046 ) ;
#2061 = CIRCLE ( 'NONE', #3109, 1.149999999999999245 ) ;
#2062 = DIRECTION ( 'NONE',  ( 0.000000000000000000, -1.000000000000000000, 0.000000000000000000 ) ) ;
#2063 = ORIENTED_EDGE ( 'NONE', *, *, #729, .F. ) ;
#2064 = ORIENTED_EDGE ( 'NONE', *, *, #535, .F. ) ;
#2065 = AXIS2_PLACEMENT_3D ( 'NONE', #975, #85, #367 ) ;
#2066 = DIRECTION ( 'NONE',  ( 0.000000000000000000, -1.000000000000000000, 0.000000000000000000 ) ) ;
#2067 = ADVANCED_FACE ( 'NONE', ( #2238, #459, #3117, #3454, #1672, #3770, #1392 ), #1730, .T. ) ;
#2068 = LINE ( 'NONE', #238, #2510 ) ;
#2069 = PLANE ( 'NONE',  #3673 ) ;
#2070 = ORIENTED_EDGE ( 'NONE', *, *, #1921, .F. ) ;
#2071 = VECTOR ( 'NONE', #2528, 1000.000000000000000 ) ;
#2072 = LINE ( 'NONE', #3240, #1651 ) ;
#2073 = LINE ( 'NONE', #2702, #2034 ) ;
#2074 = CARTESIAN_POINT ( 'NONE',  ( 2.799999999999999822, 5.492497058818999633, 0.000000000000000000 ) ) ;
#2075 = CYLINDRICAL_SURFACE ( 'NONE', #2639, 0.2000000000000000111 ) ;
#2076 = PLANE ( 'NONE',  #1763 ) ;
#2077 = CIRCLE ( 'NONE', #394, 0.5500000000000001554 ) ;
#2078 = VECTOR ( 'NONE', #427, 1000.000000000000000 ) ;
#2079 = CARTESIAN_POINT ( 'NONE',  ( 3.700000000000000178, 0.000000000000000000, 0.000000000000000000 ) ) ;
#2080 = ORIENTED_EDGE ( 'NONE', *, *, #1548, .F. ) ;
#2081 = ORIENTED_EDGE ( 'NONE', *, *, #3176, .F. ) ;
#2082 = EDGE_CURVE ( 'NONE', #961, #2150, #166, .T. ) ;
#2083 = CARTESIAN_POINT ( 'NONE',  ( 2.479999999999999982, -0.5000000000000000000, -1.500000000000000000 ) ) ;
#2084 = ORIENTED_EDGE ( 'NONE', *, *, #146, .F. ) ;
#2085 = EDGE_LOOP ( 'NONE', ( #1835, #2080, #3, #3216, #2138, #325, #490, #3065, #1640, #2112, #1968, #2903 ) ) ;
#2086 = EDGE_CURVE ( 'NONE', #1797, #3044, #1976, .T. ) ;
#2087 = DIRECTION ( 'NONE',  ( 0.000000000000000000, 0.000000000000000000, 1.000000000000000000 ) ) ;
#2088 = CARTESIAN_POINT ( 'NONE',  ( -0.5000000000000000000, 0.5487119154833001167, -3.500000000000000000 ) ) ;
#2089 = FACE_OUTER_BOUND ( 'NONE', #1724, .T. ) ;
#2090 = ORIENTED_EDGE ( 'NONE', *, *, #1921, .T. ) ;
#2091 = EDGE_CURVE ( 'NONE', #1070, #280, #2586, .T. ) ;
#2092 = ORIENTED_EDGE ( 'NONE', *, *, #3409, .T. ) ;
#2093 = LINE ( 'NONE', #2998, #1606 ) ;
#2094 = EDGE_CURVE ( 'NONE', #1244, #291, #2321, .T. ) ;
#2095 = DIRECTION ( 'NONE',  ( 1.000000000000000000, 0.000000000000000000, 0.000000000000000000 ) ) ;
#2096 = CARTESIAN_POINT ( 'NONE',  ( 5.500000000000000000, 0.5500000000000000444, 0.000000000000000000 ) ) ;
#2097 = DIRECTION ( 'NONE',  ( 0.000000000000000000, 1.000000000000000000, 0.000000000000000000 ) ) ;
#2098 = EDGE_CURVE ( 'NONE', #804, #45, #2019, .T. ) ;
#2099 = EDGE_CURVE ( 'NONE', #1070, #2284, #3748, .T. ) ;
#2100 = DIRECTION ( 'NONE',  ( 0.000000000000000000, 0.000000000000000000, -1.000000000000000000 ) ) ;
#2101 = AXIS2_PLACEMENT_3D ( 'NONE', #3649, #1554, #2790 ) ;
#2102 = ORIENTED_EDGE ( 'NONE', *, *, #164, .F. ) ;
#2103 = ORIENTED_EDGE ( 'NONE', *, *, #1385, .F. ) ;
#2104 = AXIS2_PLACEMENT_3D ( 'NONE', #1126, #1373, #499 ) ;
#2105 = DIRECTION ( 'NONE',  ( 0.000000000000000000, -1.000000000000000000, 0.000000000000000000 ) ) ;
#2106 = ORIENTED_EDGE ( 'NONE', *, *, #14, .F. ) ;
#2107 = VERTEX_POINT ( 'NONE', #1083 ) ;
#2108 = CARTESIAN_POINT ( 'NONE',  ( 2.799999999999999822, 5.293845980662999828, 0.3191245758715999803 ) ) ;
#2109 = VECTOR ( 'NONE', #3792, 1000.000000000000000 ) ;
#2110 = DIRECTION ( 'NONE',  ( 0.000000000000000000, -0.3243243243243169593, 0.9459459459459483854 ) ) ;
#2111 = DIRECTION ( 'NONE',  ( 1.000000000000000000, 0.000000000000000000, 0.000000000000000000 ) ) ;
#2112 = ORIENTED_EDGE ( 'NONE', *, *, #1723, .F. ) ;
#2113 = EDGE_CURVE ( 'NONE', #444, #1141, #3204, .T. ) ;
#2114 = VERTEX_POINT ( 'NONE', #3418 ) ;
#2115 = CARTESIAN_POINT ( 'NONE',  ( -4.890000000000000568, 0.5500000000000000444, 0.000000000000000000 ) ) ;
#2116 = CIRCLE ( 'NONE', #1793, 0.3500000000000000333 ) ;
#2117 = CARTESIAN_POINT ( 'NONE',  ( -0.5000000000000000000, 0.2648648648648999626, -3.659189189188999602 ) ) ;
#2118 = DIRECTION ( 'NONE',  ( 0.000000000000000000, 0.000000000000000000, -1.000000000000000000 ) ) ;
#2119 = CARTESIAN_POINT ( 'NONE',  ( 5.500000000000000000, 0.05000000000000000278, -2.100000000000000089 ) ) ;
#2120 = ADVANCED_FACE ( 'NONE', ( #2885 ), #3396, .T. ) ;
#2121 = DIRECTION ( 'NONE',  ( 0.000000000000000000, -1.000000000000000000, 0.000000000000000000 ) ) ;
#2122 = VERTEX_POINT ( 'NONE', #1999 ) ;
#2123 = ORIENTED_EDGE ( 'NONE', *, *, #3785, .T. ) ;
#2124 = EDGE_CURVE ( 'NONE', #307, #3179, #3170, .T. ) ;
#2125 = VECTOR ( 'NONE', #1138, 1000.000000000000000 ) ;
#2126 = CARTESIAN_POINT ( 'NONE',  ( 6.400000000000000355, 0.000000000000000000, -0.5000000000000000000 ) ) ;
#2127 = VERTEX_POINT ( 'NONE', #771 ) ;
#2128 = MECHANICAL_DESIGN_GEOMETRIC_PRESENTATION_REPRESENTATION (  '', ( #129 ), #17 ) ;
#2129 = ORIENTED_EDGE ( 'NONE', *, *, #1744, .T. ) ;
#2130 = CARTESIAN_POINT ( 'NONE',  ( 4.899999999999999467, 0.4500000000000000111, -0.5000000000000000000 ) ) ;
#2131 = CARTESIAN_POINT ( 'NONE',  ( 2.700000000000000178, 0.2648648648648999626, -3.659189189188999602 ) ) ;
#2132 = DIRECTION ( 'NONE',  ( 0.000000000000000000, 1.000000000000000000, 0.000000000000000000 ) ) ;
#2133 = VERTEX_POINT ( 'NONE', #3685 ) ;
#2134 = AXIS2_PLACEMENT_3D ( 'NONE', #2770, #3324, #149 ) ;
#2135 = CIRCLE ( 'NONE', #1323, 0.1999999999999999001 ) ;
#2136 = CARTESIAN_POINT ( 'NONE',  ( -2.799999999999999822, 3.500000000000000000, 1.300000000000000044 ) ) ;
#2137 = PLANE ( 'NONE',  #748 ) ;
#2138 = ORIENTED_EDGE ( 'NONE', *, *, #2621, .F. ) ;
#2139 = CARTESIAN_POINT ( 'NONE',  ( -2.799999999999999822, 5.327997772825999512, 0.000000000000000000 ) ) ;
#2140 = VECTOR ( 'NONE', #413, 1000.000000000000000 ) ;
#2141 = DIRECTION ( 'NONE',  ( -1.000000000000000000, 0.000000000000000000, 0.000000000000000000 ) ) ;
#2142 = LINE ( 'NONE', #287, #2236 ) ;
#2143 = ORIENTED_EDGE ( 'NONE', *, *, #814, .T. ) ;
#2144 = PRODUCT_RELATED_PRODUCT_CATEGORY ( 'part', '', ( #1560 ) ) ;
#2145 = CIRCLE ( 'NONE', #1770, 0.2000000000000000111 ) ;
#2146 = VECTOR ( 'NONE', #3443, 1000.000000000000000 ) ;
#2147 = ORIENTED_EDGE ( 'NONE', *, *, #2595, .T. ) ;
#2148 = EDGE_CURVE ( 'NONE', #3501, #3197, #224, .T. ) ;
#2149 = VECTOR ( 'NONE', #3641, 1000.000000000000000 ) ;
#2150 = VERTEX_POINT ( 'NONE', #2982 ) ;
#2151 = DIRECTION ( 'NONE',  ( 0.000000000000000000, 0.9886859966642603803, -0.1499999999999939715 ) ) ;
#2152 = LINE ( 'NONE', #1893, #3595 ) ;
#2153 = DIRECTION ( 'NONE',  ( 1.000000000000000000, 0.000000000000000000, 0.000000000000000000 ) ) ;
#2154 = ORIENTED_EDGE ( 'NONE', *, *, #1116, .T. ) ;
#2155 = EDGE_CURVE ( 'NONE', #2745, #3403, #1784, .T. ) ;
#2156 = DIRECTION ( 'NONE',  ( 1.000000000000000000, 0.000000000000000000, 0.000000000000000000 ) ) ;
#2157 = DIRECTION ( 'NONE',  ( -0.000000000000000000, 1.000000000000000000, 0.000000000000000000 ) ) ;
#2158 = FACE_BOUND ( 'NONE', #1114, .T. ) ;
#2159 = CARTESIAN_POINT ( 'NONE',  ( -0.4000000000000000222, 5.293845980662999828, 0.3191245758715999803 ) ) ;
#2160 = LINE ( 'NONE', #3397, #1377 ) ;
#2161 = CARTESIAN_POINT ( 'NONE',  ( 2.700000000000000178, 0.2851351351350999708, -3.810810810811000149 ) ) ;
#2162 = ORIENTED_EDGE ( 'NONE', *, *, #2701, .T. ) ;
#2163 = CIRCLE ( 'NONE', #3442, 1.149999999999999245 ) ;
#2164 = LINE ( 'NONE', #1986, #2109 ) ;
#2165 = ORIENTED_EDGE ( 'NONE', *, *, #167, .F. ) ;
#2166 = ADVANCED_FACE ( 'NONE', ( #39 ), #1200, .T. ) ;
#2167 = ORIENTED_EDGE ( 'NONE', *, *, #3356, .F. ) ;
#2168 = VECTOR ( 'NONE', #1080, 1000.000000000000000 ) ;
#2169 =( NAMED_UNIT ( * ) SI_UNIT ( $, .STERADIAN. ) SOLID_ANGLE_UNIT ( ) );
#2170 = LINE ( 'NONE', #3279, #382 ) ;
#2171 = LINE ( 'NONE', #3301, #2208 ) ;
#2172 = EDGE_LOOP ( 'NONE', ( #578, #557, #1714, #2652 ) ) ;
#2173 = AXIS2_PLACEMENT_3D ( 'NONE', #931, #2058, #2121 ) ;
#2174 = LINE ( 'NONE', #430, #1936 ) ;
#2175 = EDGE_CURVE ( 'NONE', #2334, #2312, #1492, .T. ) ;
#2176 = DIRECTION ( 'NONE',  ( -0.000000000000000000, 1.000000000000000000, 0.000000000000000000 ) ) ;
#2177 = DIRECTION ( 'NONE',  ( 0.000000000000000000, 0.000000000000000000, 1.000000000000000000 ) ) ;
#2178 = CARTESIAN_POINT ( 'NONE',  ( 4.890000000000000568, 0.05000000000000000278, 0.000000000000000000 ) ) ;
#2179 = CARTESIAN_POINT ( 'NONE',  ( 6.200000000000000178, 1.199999999999999956, -2.100000000000000089 ) ) ;
#2180 = CARTESIAN_POINT ( 'NONE',  ( -3.700000000000000178, 0.2000000000000000111, -3.470000000000000195 ) ) ;
#2181 = LINE ( 'NONE', #1907, #2244 ) ;
#2182 = ORIENTED_EDGE ( 'NONE', *, *, #3135, .T. ) ;
#2183 = CARTESIAN_POINT ( 'NONE',  ( -4.899999999999999467, 0.5500000000000000444, -1.800000000000000044 ) ) ;
#2184 = VERTEX_POINT ( 'NONE', #1513 ) ;
#2185 = ORIENTED_EDGE ( 'NONE', *, *, #2231, .F. ) ;
#2186 = VECTOR ( 'NONE', #1115, 1000.000000000000000 ) ;
#2187 = PRESENTATION_STYLE_ASSIGNMENT (( #994 ) ) ;
#2188 = DIRECTION ( 'NONE',  ( 1.000000000000000000, 0.000000000000000000, 0.000000000000000000 ) ) ;
#2189 = DIRECTION ( 'NONE',  ( -0.000000000000000000, 1.000000000000000000, 0.000000000000000000 ) ) ;
#2190 = ORIENTED_EDGE ( 'NONE', *, *, #1117, .F. ) ;
#2191 = DIRECTION ( 'NONE',  ( 0.000000000000000000, 1.000000000000000000, 0.000000000000000000 ) ) ;
#2192 = EDGE_CURVE ( 'NONE', #1175, #71, #3243, .T. ) ;
#2193 = AXIS2_PLACEMENT_3D ( 'NONE', #1629, #2529, #80 ) ;
#2194 = CARTESIAN_POINT ( 'NONE',  ( -2.799999999999999822, 3.913143729881999544, 1.663059579765000073 ) ) ;
#2195 = CARTESIAN_POINT ( 'NONE',  ( -3.600000000000000089, 2.799999999999999822, 1.300000000000000044 ) ) ;
#2196 = VECTOR ( 'NONE', #1270, 999.9999999999998863 ) ;
#2197 = DIRECTION ( 'NONE',  ( 0.000000000000000000, 0.000000000000000000, 1.000000000000000000 ) ) ;
#2198 = CARTESIAN_POINT ( 'NONE',  ( 5.500000000000000000, 0.05000000000000000278, 0.000000000000000000 ) ) ;
#2199 = AXIS2_PLACEMENT_3D ( 'NONE', #2039, #2443, #1830 ) ;
#2200 = DIRECTION ( 'NONE',  ( 1.000000000000000000, 0.000000000000000000, 0.000000000000000000 ) ) ;
#2201 = ORIENTED_EDGE ( 'NONE', *, *, #3195, .F. ) ;
#2202 = VECTOR ( 'NONE', #1275, 1000.000000000000000 ) ;
#2203 = EDGE_CURVE ( 'NONE', #3440, #1248, #1218, .T. ) ;
#2204 = CARTESIAN_POINT ( 'NONE',  ( -5.349999999999999645, 0.4500000000000000111, -0.5000000000000000000 ) ) ;
#2205 = ORIENTED_EDGE ( 'NONE', *, *, #3407, .F. ) ;
#2206 = ORIENTED_EDGE ( 'NONE', *, *, #2418, .T. ) ;
#2207 = DIRECTION ( 'NONE',  ( 1.000000000000000000, 0.000000000000000000, 0.000000000000000000 ) ) ;
#2208 = VECTOR ( 'NONE', #3048, 1000.000000000000000 ) ;
#2209 = ORIENTED_EDGE ( 'NONE', *, *, #2924, .F. ) ;
#2210 = EDGE_CURVE ( 'NONE', #3024, #2389, #3827, .T. ) ;
#2211 = CARTESIAN_POINT ( 'NONE',  ( 2.700000000000000178, 0.1499999999999999944, -4.500000000000000000 ) ) ;
#2212 = CARTESIAN_POINT ( 'NONE',  ( 4.890000000000000568, 0.05000000000000000278, 0.000000000000000000 ) ) ;
#2213 = CARTESIAN_POINT ( 'NONE',  ( 2.799999999999999822, 3.500000000000000000, 1.300000000000000044 ) ) ;
#2214 = EDGE_CURVE ( 'NONE', #1380, #3060, #2073, .T. ) ;
#2215 = CARTESIAN_POINT ( 'NONE',  ( -5.500000000000000000, 0.05000000000000000278, -1.000000000000000000 ) ) ;
#2216 = EDGE_CURVE ( 'NONE', #3392, #2896, #353, .T. ) ;
#2217 = CARTESIAN_POINT ( 'NONE',  ( 2.799999999999999822, 3.913143729881999544, 1.663059579765000073 ) ) ;
#2218 = LINE ( 'NONE', #128, #2564 ) ;
#2219 = CARTESIAN_POINT ( 'NONE',  ( -4.700000000000000178, 2.000000000000000000, -3.700000000000000178 ) ) ;
#2220 = ORIENTED_EDGE ( 'NONE', *, *, #2291, .F. ) ;
#2221 = EDGE_CURVE ( 'NONE', #2122, #2150, #2358, .T. ) ;
#2222 = CARTESIAN_POINT ( 'NONE',  ( -5.349999999999999645, 0.2000000000000000111, -1.800000000000000044 ) ) ;
#2223 = EDGE_LOOP ( 'NONE', ( #1035, #209, #3281, #2167, #2542, #1442, #3430, #2397 ) ) ;
#2224 = EDGE_LOOP ( 'NONE', ( #2329, #249, #2686, #779, #101, #181, #2339, #786, #3521, #646, #1259, #2740 ) ) ;
#2225 = CARTESIAN_POINT ( 'NONE',  ( -6.200000000000000178, 6.500000000000000000, -3.700000000000000178 ) ) ;
#2226 = LINE ( 'NONE', #1950, #593 ) ;
#2227 = ORIENTED_EDGE ( 'NONE', *, *, #458, .T. ) ;
#2228 = AXIS2_PLACEMENT_3D ( 'NONE', #1102, #480, #2829 ) ;
#2229 = CYLINDRICAL_SURFACE ( 'NONE', #1778, 0.3499999999999999778 ) ;
#2230 = CARTESIAN_POINT ( 'NONE',  ( -3.700000000000000178, 0.3499999999999999778, -4.000000000000000000 ) ) ;
#2231 = EDGE_CURVE ( 'NONE', #796, #1418, #1765, .T. ) ;
#2232 = PLANE ( 'NONE',  #2482 ) ;
#2233 = ORIENTED_EDGE ( 'NONE', *, *, #2774, .F. ) ;
#2234 = ORIENTED_EDGE ( 'NONE', *, *, #954, .F. ) ;
#2235 = DIRECTION ( 'NONE',  ( 1.000000000000000000, 0.000000000000000000, 0.000000000000000000 ) ) ;
#2236 = VECTOR ( 'NONE', #2684, 1000.000000000000000 ) ;
#2237 = EDGE_CURVE ( 'NONE', #1754, #803, #2836, .T. ) ;
#2238 = FACE_BOUND ( 'NONE', #864, .T. ) ;
#2239 = DIRECTION ( 'NONE',  ( 0.000000000000000000, -1.000000000000000000, 0.000000000000000000 ) ) ;
#2240 = VERTEX_POINT ( 'NONE', #3206 ) ;
#2241 = EDGE_CURVE ( 'NONE', #978, #3541, #3019, .T. ) ;
#2242 = CARTESIAN_POINT ( 'NONE',  ( 4.899999999999999467, 0.5500000000000000444, -0.5000000000000000000 ) ) ;
#2243 = EDGE_LOOP ( 'NONE', ( #1354, #2612 ) ) ;
#2244 = VECTOR ( 'NONE', #3326, 1000.000000000000000 ) ;
#2245 = ORIENTED_EDGE ( 'NONE', *, *, #1023, .T. ) ;
#2246 = PLANE ( 'NONE',  #1752 ) ;
#2247 = DIRECTION ( 'NONE',  ( 1.000000000000000000, 0.000000000000000000, 0.000000000000000000 ) ) ;
#2248 = ORIENTED_EDGE ( 'NONE', *, *, #1668, .F. ) ;
#2249 = ORIENTED_EDGE ( 'NONE', *, *, #3319, .T. ) ;
#2250 = CARTESIAN_POINT ( 'NONE',  ( -2.700000000000000178, 0.000000000000000000, 0.000000000000000000 ) ) ;
#2251 = CARTESIAN_POINT ( 'NONE',  ( -3.700000000000000178, 0.2648648648648999626, -3.659189189188999602 ) ) ;
#2252 = LINE ( 'NONE', #2562, #355 ) ;
#2253 = ORIENTED_EDGE ( 'NONE', *, *, #437, .T. ) ;
#2254 = EDGE_CURVE ( 'NONE', #2637, #3070, #3530, .T. ) ;
#2255 = LINE ( 'NONE', #3416, #1878 ) ;
#2256 = DIRECTION ( 'NONE',  ( 1.000000000000000000, 0.000000000000000000, 0.000000000000000000 ) ) ;
#2257 = VECTOR ( 'NONE', #1528, 1000.000000000000000 ) ;
#2258 = EDGE_CURVE ( 'NONE', #1141, #226, #2054, .T. ) ;
#2259 = DIRECTION ( 'NONE',  ( 0.000000000000000000, -1.000000000000000000, 0.000000000000000000 ) ) ;
#2260 = ORIENTED_EDGE ( 'NONE', *, *, #899, .T. ) ;
#2261 = DIRECTION ( 'NONE',  ( -1.000000000000000000, 0.000000000000000000, 0.000000000000000000 ) ) ;
#2262 = AXIS2_PLACEMENT_3D ( 'NONE', #1436, #2622, #851 ) ;
#2263 = LINE ( 'NONE', #3775, #3578 ) ;
#2264 = ORIENTED_EDGE ( 'NONE', *, *, #3254, .T. ) ;
#2265 = EDGE_CURVE ( 'NONE', #2936, #3005, #2093, .T. ) ;
#2266 = ORIENTED_EDGE ( 'NONE', *, *, #1375, .T. ) ;
#2267 =( LENGTH_UNIT ( ) NAMED_UNIT ( * ) SI_UNIT ( .MILLI., .METRE. ) );
#2268 = EDGE_CURVE ( 'NONE', #1160, #2698, #3756, .T. ) ;
#2269 = LINE ( 'NONE', #2800, #2146 ) ;
#2270 = ORIENTED_EDGE ( 'NONE', *, *, #1981, .T. ) ;
#2271 = VERTEX_POINT ( 'NONE', #2342 ) ;
#2272 = DIRECTION ( 'NONE',  ( 0.000000000000000000, -1.000000000000000000, 0.000000000000000000 ) ) ;
#2273 = VECTOR ( 'NONE', #596, 1000.000000000000000 ) ;
#2274 = AXIS2_PLACEMENT_3D ( 'NONE', #2230, #2842, #728 ) ;
#2275 = CARTESIAN_POINT ( 'NONE',  ( 0.5000000000000000000, 0.000000000000000000, 0.000000000000000000 ) ) ;
#2276 = CARTESIAN_POINT ( 'NONE',  ( -0.5000000000000000000, 0.3135135135134999862, -3.801081081081000068 ) ) ;
#2277 = DIRECTION ( 'NONE',  ( 1.000000000000000000, 0.000000000000000000, 0.000000000000000000 ) ) ;
#2278 = CARTESIAN_POINT ( 'NONE',  ( -2.799999999999999822, 5.327997772825999512, 0.000000000000000000 ) ) ;
#2279 = PLANE ( 'NONE',  #235 ) ;
#2280 = VERTEX_POINT ( 'NONE', #3490 ) ;
#2281 = VECTOR ( 'NONE', #2560, 1000.000000000000000 ) ;
#2282 = CARTESIAN_POINT ( 'NONE',  ( -3.600000000000000089, 3.500000000000000000, 2.000000000000000000 ) ) ;
#2283 = FACE_OUTER_BOUND ( 'NONE', #1509, .T. ) ;
#2284 = VERTEX_POINT ( 'NONE', #848 ) ;
#2285 = ORIENTED_EDGE ( 'NONE', *, *, #1859, .F. ) ;
#2286 = DIRECTION ( 'NONE',  ( -5.551115123125782702E-17, -5.471015011904472665E-18, -1.000000000000000000 ) ) ;
#2287 = DIRECTION ( 'NONE',  ( 0.000000000000000000, 0.000000000000000000, -1.000000000000000000 ) ) ;
#2288 = ORIENTED_EDGE ( 'NONE', *, *, #741, .F. ) ;
#2289 = ORIENTED_EDGE ( 'NONE', *, *, #3524, .F. ) ;
#2290 = DIRECTION ( 'NONE',  ( 0.000000000000000000, -1.000000000000000000, 0.000000000000000000 ) ) ;
#2291 = EDGE_CURVE ( 'NONE', #1418, #723, #1749, .T. ) ;
#2292 = LINE ( 'NONE', #493, #1467 ) ;
#2293 = CARTESIAN_POINT ( 'NONE',  ( 3.700000000000000178, 0.2364864864865000027, -3.668918918919000127 ) ) ;
#2294 = ORIENTED_EDGE ( 'NONE', *, *, #77, .F. ) ;
#2295 = VECTOR ( 'NONE', #497, 1000.000000000000000 ) ;
#2296 = EDGE_CURVE ( 'NONE', #3580, #448, #1667, .T. ) ;
#2297 = ADVANCED_FACE ( 'NONE', ( #571 ), #1472, .T. ) ;
#2298 = CARTESIAN_POINT ( 'NONE',  ( -0.4000000000000000222, 4.025819292578000308, 1.762075828791000109 ) ) ;
#2299 = AXIS2_PLACEMENT_3D ( 'NONE', #296, #2697, #548 ) ;
#2300 = CARTESIAN_POINT ( 'NONE',  ( -5.500000000000000000, 0.05000000000000000278, 0.000000000000000000 ) ) ;
#2301 = EDGE_CURVE ( 'NONE', #804, #217, #1313, .T. ) ;
#2302 = FACE_OUTER_BOUND ( 'NONE', #3427, .T. ) ;
#2303 = ORIENTED_EDGE ( 'NONE', *, *, #2967, .F. ) ;
#2304 = VECTOR ( 'NONE', #1361, 1000.000000000000000 ) ;
#2305 = CARTESIAN_POINT ( 'NONE',  ( -0.5000000000000000000, 0.000000000000000000, -4.500000000000000000 ) ) ;
#2306 = CARTESIAN_POINT ( 'NONE',  ( 2.799999999999999822, 2.799999999999999822, 0.000000000000000000 ) ) ;
#2307 = ORIENTED_EDGE ( 'NONE', *, *, #1196, .F. ) ;
#2308 = PRODUCT_CONTEXT ( 'NONE', #2319, 'mechanical' ) ;
#2309 = CARTESIAN_POINT ( 'NONE',  ( 0.4000000000000000222, 3.500000000000000000, 1.300000000000000044 ) ) ;
#2310 = VERTEX_POINT ( 'NONE', #2787 ) ;
#2311 = DIRECTION ( 'NONE',  ( 0.000000000000000000, 0.000000000000000000, -1.000000000000000000 ) ) ;
#2312 = VERTEX_POINT ( 'NONE', #3015 ) ;
#2313 = FACE_OUTER_BOUND ( 'NONE', #2243, .T. ) ;
#2314 = CARTESIAN_POINT ( 'NONE',  ( -4.890000000000000568, 0.5500000000000000444, -2.100000000000000089 ) ) ;
#2315 = CARTESIAN_POINT ( 'NONE',  ( 5.349999999999999645, 0.000000000000000000, -0.5000000000000000000 ) ) ;
#2316 = ORIENTED_EDGE ( 'NONE', *, *, #3104, .T. ) ;
#2317 = EDGE_CURVE ( 'NONE', #291, #1908, #1879, .T. ) ;
#2318 = DIRECTION ( 'NONE',  ( 0.000000000000000000, 1.000000000000000000, 0.000000000000000000 ) ) ;
#2319 = APPLICATION_CONTEXT ( 'automotive_design' ) ;
#2320 = VECTOR ( 'NONE', #3700, 1000.000000000000000 ) ;
#2321 = LINE ( 'NONE', #2846, #1854 ) ;
#2322 = ADVANCED_FACE ( 'NONE', ( #90 ), #2716, .T. ) ;
#2323 = PRESENTATION_LAYER_ASSIGNMENT (  '', '', ( #129 ) ) ;
#2324 = CARTESIAN_POINT ( 'NONE',  ( 2.799999999999999822, 3.500000000000000000, 1.300000000000000044 ) ) ;
#2325 = VERTEX_POINT ( 'NONE', #3354 ) ;
#2326 = DIRECTION ( 'NONE',  ( 0.000000000000000000, -1.000000000000000000, 0.000000000000000000 ) ) ;
#2327 = AXIS2_PLACEMENT_3D ( 'NONE', #925, #3284, #634 ) ;
#2328 = CARTESIAN_POINT ( 'NONE',  ( 5.500000000000000000, 0.5500000000000000444, 0.000000000000000000 ) ) ;
#2329 = ORIENTED_EDGE ( 'NONE', *, *, #1440, .T. ) ;
#2330 = DIRECTION ( 'NONE',  ( 0.000000000000000000, 0.000000000000000000, 1.000000000000000000 ) ) ;
#2331 = AXIS2_PLACEMENT_3D ( 'NONE', #295, #822, #1488 ) ;
#2332 = LINE ( 'NONE', #3481, #2942 ) ;
#2333 = VERTEX_POINT ( 'NONE', #3053 ) ;
#2334 = VERTEX_POINT ( 'NONE', #1590 ) ;
#2335 = CARTESIAN_POINT ( 'NONE',  ( -3.000000000000000000, 0.05000000000000000278, -1.500000000000000000 ) ) ;
#2336 = MECHANICAL_DESIGN_GEOMETRIC_PRESENTATION_REPRESENTATION (  '', ( #829 ), #1148 ) ;
#2337 = CARTESIAN_POINT ( 'NONE',  ( -0.4000000000000000222, 3.500000000000000000, 1.300000000000000044 ) ) ;
#2338 = LINE ( 'NONE', #121, #3610 ) ;
#2339 = ORIENTED_EDGE ( 'NONE', *, *, #2268, .T. ) ;
#2340 = EDGE_LOOP ( 'NONE', ( #208, #1031, #3723, #2266 ) ) ;
#2341 = AXIS2_PLACEMENT_3D ( 'NONE', #108, #1276, #1295 ) ;
#2342 = CARTESIAN_POINT ( 'NONE',  ( 4.700000000000000178, 6.500000000000000000, -3.700000000000000178 ) ) ;
#2343 = AXIS2_PLACEMENT_3D ( 'NONE', #1861, #3069, #2153 ) ;
#2344 = AXIS2_PLACEMENT_3D ( 'NONE', #1514, #1786, #2095 ) ;
#2345 = PLANE ( 'NONE',  #2875 ) ;
#2346 = DIRECTION ( 'NONE',  ( -1.000000000000000000, 0.000000000000000000, 0.000000000000000000 ) ) ;
#2347 = LINE ( 'NONE', #852, #2434 ) ;
#2348 = CIRCLE ( 'NONE', #1964, 0.5200000000000000178 ) ;
#2349 = ORIENTED_EDGE ( 'NONE', *, *, #3712, .F. ) ;
#2350 = EDGE_CURVE ( 'NONE', #2280, #1252, #2163, .T. ) ;
#2351 = CARTESIAN_POINT ( 'NONE',  ( -0.4000000000000000222, 2.799999999999999822, 0.000000000000000000 ) ) ;
#2352 = VERTEX_POINT ( 'NONE', #1021 ) ;
#2353 = ORIENTED_EDGE ( 'NONE', *, *, #3244, .F. ) ;
#2354 = DIRECTION ( 'NONE',  ( 1.000000000000000000, 0.000000000000000000, 0.000000000000000000 ) ) ;
#2355 = CARTESIAN_POINT ( 'NONE',  ( -3.000000000000000000, -0.5000000000000000000, -1.500000000000000000 ) ) ;
#2356 = CARTESIAN_POINT ( 'NONE',  ( 4.700000000000000178, 2.000000000000000000, -3.700000000000000178 ) ) ;
#2357 = ORIENTED_EDGE ( 'NONE', *, *, #2508, .F. ) ;
#2358 = CIRCLE ( 'NONE', #853, 0.2000000000000000111 ) ;
#2359 = DIRECTION ( 'NONE',  ( -1.000000000000000000, 0.000000000000000000, 0.000000000000000000 ) ) ;
#2360 = DIRECTION ( 'NONE',  ( -1.000000000000000000, 0.000000000000000000, 0.000000000000000000 ) ) ;
#2361 = VECTOR ( 'NONE', #3488, 1000.000000000000000 ) ;
#2362 = DIRECTION ( 'NONE',  ( 0.000000000000000000, -1.000000000000000000, 0.000000000000000000 ) ) ;
#2363 = DIRECTION ( 'NONE',  ( 0.000000000000000000, 1.000000000000000000, 0.000000000000000000 ) ) ;
#2364 = LINE ( 'NONE', #1771, #488 ) ;
#2365 = ORIENTED_EDGE ( 'NONE', *, *, #2254, .F. ) ;
#2366 = ORIENTED_EDGE ( 'NONE', *, *, #1744, .F. ) ;
#2367 = ADVANCED_FACE ( 'NONE', ( #1274 ), #2472, .F. ) ;
#2368 = CARTESIAN_POINT ( 'NONE',  ( -3.700000000000000178, 0.000000000000000000, 0.000000000000000000 ) ) ;
#2369 = ORIENTED_EDGE ( 'NONE', *, *, #1054, .F. ) ;
#2370 = ORIENTED_EDGE ( 'NONE', *, *, #1400, .T. ) ;
#2371 = LINE ( 'NONE', #2654, #504 ) ;
#2372 = DIRECTION ( 'NONE',  ( 0.000000000000000000, 0.000000000000000000, -1.000000000000000000 ) ) ;
#2373 = DIRECTION ( 'NONE',  ( 0.000000000000000000, 0.000000000000000000, -1.000000000000000000 ) ) ;
#2374 = VERTEX_POINT ( 'NONE', #1900 ) ;
#2375 = DIRECTION ( 'NONE',  ( 0.000000000000000000, 1.000000000000000000, 0.000000000000000000 ) ) ;
#2376 = DIRECTION ( 'NONE',  ( 0.000000000000000000, 1.000000000000000000, 0.000000000000000000 ) ) ;
#2377 = EDGE_CURVE ( 'NONE', #3084, #3070, #1864, .T. ) ;
#2378 = DIRECTION ( 'NONE',  ( 0.000000000000000000, 0.000000000000000000, -1.000000000000000000 ) ) ;
#2379 = AXIS2_PLACEMENT_3D ( 'NONE', #1777, #2066, #3256 ) ;
#2380 = DIRECTION ( 'NONE',  ( 1.000000000000000000, 0.000000000000000000, 0.000000000000000000 ) ) ;
#2381 = CARTESIAN_POINT ( 'NONE',  ( 3.520000000000000018, -0.5000000000000000000, -1.500000000000000000 ) ) ;
#2382 = AXIS2_PLACEMENT_3D ( 'NONE', #3679, #1406, #861 ) ;
#2383 = PLANE ( 'NONE',  #1420 ) ;
#2384 = ORIENTED_EDGE ( 'NONE', *, *, #973, .T. ) ;
#2385 = ORIENTED_EDGE ( 'NONE', *, *, #2050, .F. ) ;
#2386 = VECTOR ( 'NONE', #2828, 1000.000000000000000 ) ;
#2387 = CARTESIAN_POINT ( 'NONE',  ( 0.4000000000000000222, 2.799999999999999822, 0.000000000000000000 ) ) ;
#2388 = CARTESIAN_POINT ( 'NONE',  ( 4.700000000000000178, 6.500000000000000000, -3.500000000000000000 ) ) ;
#2389 = VERTEX_POINT ( 'NONE', #3373 ) ;
#2390 = EDGE_CURVE ( 'NONE', #1813, #2698, #3320, .T. ) ;
#2391 = EDGE_LOOP ( 'NONE', ( #1207, #2209, #3507, #2123 ) ) ;
#2392 = VECTOR ( 'NONE', #2979, 1000.000000000000000 ) ;
#2393 = PLANE ( 'NONE',  #2446 ) ;
#2394 = EDGE_CURVE ( 'NONE', #3585, #3711, #1543, .T. ) ;
#2395 = LINE ( 'NONE', #1726, #1199 ) ;
#2396 = DIRECTION ( 'NONE',  ( -1.000000000000000000, 0.000000000000000000, 0.000000000000000000 ) ) ;
#2397 = ORIENTED_EDGE ( 'NONE', *, *, #2774, .T. ) ;
#2398 = AXIS2_PLACEMENT_3D ( 'NONE', #2119, #617, #3001 ) ;
#2399 = VECTOR ( 'NONE', #1901, 1000.000000000000000 ) ;
#2400 = ADVANCED_FACE ( 'NONE', ( #124 ), #653, .T. ) ;
#2401 = CARTESIAN_POINT ( 'NONE',  ( 2.799999999999999822, 2.949999999999999734, 1.300000000000000044 ) ) ;
#2402 = DIRECTION ( 'NONE',  ( 1.000000000000000000, 0.000000000000000000, 0.000000000000000000 ) ) ;
#2403 = DIRECTION ( 'NONE',  ( 0.000000000000000000, -1.000000000000000000, 0.000000000000000000 ) ) ;
#2404 = CARTESIAN_POINT ( 'NONE',  ( -3.600000000000000089, 5.293845980662999828, 0.3191245758715999803 ) ) ;
#2405 = CIRCLE ( 'NONE', #895, 0.4499999999999999001 ) ;
#2406 = AXIS2_PLACEMENT_3D ( 'NONE', #3143, #1990, #3160 ) ;
#2407 = DIRECTION ( 'NONE',  ( 1.000000000000000000, 0.000000000000000000, 0.000000000000000000 ) ) ;
#2408 = ORIENTED_EDGE ( 'NONE', *, *, #3544, .T. ) ;
#2409 = VERTEX_POINT ( 'NONE', #730 ) ;
#2410 = CARTESIAN_POINT ( 'NONE',  ( 3.600000000000000089, 2.949999999999999734, 0.000000000000000000 ) ) ;
#2411 = EDGE_LOOP ( 'NONE', ( #2935, #3423, #1856, #1559 ) ) ;
#2412 = ORIENTED_EDGE ( 'NONE', *, *, #1766, .F. ) ;
#2413 = FACE_OUTER_BOUND ( 'NONE', #3410, .T. ) ;
#2414 = DIRECTION ( 'NONE',  ( 1.000000000000000000, 0.000000000000000000, 0.000000000000000000 ) ) ;
#2415 = CARTESIAN_POINT ( 'NONE',  ( -3.600000000000000089, 2.949999999999999734, 1.300000000000000044 ) ) ;
#2416 = ORIENTED_EDGE ( 'NONE', *, *, #1000, .F. ) ;
#2417 = VERTEX_POINT ( 'NONE', #709 ) ;
#2418 = EDGE_CURVE ( 'NONE', #1813, #1693, #3647, .T. ) ;
#2419 = DIRECTION ( 'NONE',  ( -1.000000000000000000, 0.000000000000000000, 0.000000000000000000 ) ) ;
#2420 = EDGE_CURVE ( 'NONE', #3179, #2389, #2765, .T. ) ;
#2421 = EDGE_CURVE ( 'NONE', #3197, #1418, #3604, .T. ) ;
#2422 = PLANE ( 'NONE',  #2884 ) ;
#2423 = DIRECTION ( 'NONE',  ( 0.000000000000000000, 1.000000000000000000, 0.000000000000000000 ) ) ;
#2424 = PLANE ( 'NONE',  #1076 ) ;
#2425 = PLANE ( 'NONE',  #1737 ) ;
#2426 = VECTOR ( 'NONE', #754, 1000.000000000000000 ) ;
#2427 = EDGE_CURVE ( 'NONE', #1411, #1241, #3691, .T. ) ;
#2428 = ORIENTED_EDGE ( 'NONE', *, *, #2891, .T. ) ;
#2429 = VERTEX_POINT ( 'NONE', #1549 ) ;
#2430 = CIRCLE ( 'NONE', #3666, 0.6999999999999998446 ) ;
#2431 = VERTEX_POINT ( 'NONE', #2732 ) ;
#2432 = ORIENTED_EDGE ( 'NONE', *, *, #167, .T. ) ;
#2433 = PLANE ( 'NONE',  #2922 ) ;
#2434 = VECTOR ( 'NONE', #799, 1000.000000000000000 ) ;
#2435 = LINE ( 'NONE', #2743, #3351 ) ;
#2436 = PLANE ( 'NONE',  #3126 ) ;
#2437 = ORIENTED_EDGE ( 'NONE', *, *, #3063, .F. ) ;
#2438 = CARTESIAN_POINT ( 'NONE',  ( 5.500000000000000000, 0.5500000000000000444, -2.100000000000000089 ) ) ;
#2439 = EDGE_CURVE ( 'NONE', #567, #1013, #1251, .T. ) ;
#2440 = DIRECTION ( 'NONE',  ( 1.000000000000000000, 0.000000000000000000, 0.000000000000000000 ) ) ;
#2441 = CARTESIAN_POINT ( 'NONE',  ( 2.700000000000000178, 0.2364864864865000027, -3.668918918919000127 ) ) ;
#2442 = EDGE_CURVE ( 'NONE', #3527, #2280, #3032, .T. ) ;
#2443 = DIRECTION ( 'NONE',  ( 0.000000000000000000, 0.000000000000000000, 1.000000000000000000 ) ) ;
#2444 = FACE_OUTER_BOUND ( 'NONE', #1658, .T. ) ;
#2445 = VERTEX_POINT ( 'NONE', #3450 ) ;
#2446 = AXIS2_PLACEMENT_3D ( 'NONE', #898, #606, #627 ) ;
#2447 = ORIENTED_EDGE ( 'NONE', *, *, #187, .F. ) ;
#2448 = VERTEX_POINT ( 'NONE', #453 ) ;
#2449 = CARTESIAN_POINT ( 'NONE',  ( 2.700000000000000178, 0.1499999999999999944, -4.000000000000000000 ) ) ;
#2450 = DIRECTION ( 'NONE',  ( 0.000000000000000000, -1.000000000000000000, 0.000000000000000000 ) ) ;
#2451 = PLANE ( 'NONE',  #276 ) ;
#2452 = ORIENTED_EDGE ( 'NONE', *, *, #685, .T. ) ;
#2453 = VECTOR ( 'NONE', #813, 1000.000000000000000 ) ;
#2454 = DIRECTION ( 'NONE',  ( -1.000000000000000000, 0.000000000000000000, 0.000000000000000000 ) ) ;
#2455 = LINE ( 'NONE', #2178, #835 ) ;
#2456 = EDGE_CURVE ( 'NONE', #2431, #2060, #3702, .T. ) ;
#2457 = FACE_OUTER_BOUND ( 'NONE', #1037, .T. ) ;
#2458 = PLANE ( 'NONE',  #3149 ) ;
#2459 = CARTESIAN_POINT ( 'NONE',  ( 5.500000000000000000, 0.5500000000000000444, -2.100000000000000089 ) ) ;
#2460 = ORIENTED_EDGE ( 'NONE', *, *, #1234, .T. ) ;
#2461 = VECTOR ( 'NONE', #2965, 1000.000000000000000 ) ;
#2462 = AXIS2_PLACEMENT_3D ( 'NONE', #3777, #817, #232 ) ;
#2463 = CARTESIAN_POINT ( 'NONE',  ( 5.100000000000000533, 0.5500000000000000444, -1.800000000000000044 ) ) ;
#2464 = VERTEX_POINT ( 'NONE', #2315 ) ;
#2465 = ADVANCED_FACE ( 'NONE', ( #3764 ), #1937, .F. ) ;
#2466 = ORIENTED_EDGE ( 'NONE', *, *, #1311, .F. ) ;
#2467 = CYLINDRICAL_SURFACE ( 'NONE', #2065, 1.000000000000000000 ) ;
#2468 = DIRECTION ( 'NONE',  ( 1.000000000000000000, 0.000000000000000000, 0.000000000000000000 ) ) ;
#2469 = ORIENTED_EDGE ( 'NONE', *, *, #3470, .F. ) ;
#2470 = CIRCLE ( 'NONE', #782, 0.6999999999999998446 ) ;
#2471 = LINE ( 'NONE', #727, #1437 ) ;
#2472 = CYLINDRICAL_SURFACE ( 'NONE', #794, 0.5500000000000000444 ) ;
#2473 = DIRECTION ( 'NONE',  ( 0.000000000000000000, 1.000000000000000000, 0.000000000000000000 ) ) ;
#2474 = CARTESIAN_POINT ( 'NONE',  ( -2.799999999999999822, 5.181170417968000486, 0.2201083268449000041 ) ) ;
#2475 = CARTESIAN_POINT ( 'NONE',  ( -4.899999999999999467, 0.5500000000000000444, -0.5000000000000000000 ) ) ;
#2476 = ORIENTED_EDGE ( 'NONE', *, *, #1694, .F. ) ;
#2477 = AXIS2_PLACEMENT_3D ( 'NONE', #2489, #2748, #1232 ) ;
#2478 = DIRECTION ( 'NONE',  ( 1.000000000000000000, 0.000000000000000000, 0.000000000000000000 ) ) ;
#2479 = ORIENTED_EDGE ( 'NONE', *, *, #906, .T. ) ;
#2480 = EDGE_CURVE ( 'NONE', #1541, #2445, #1119, .T. ) ;
#2481 = ORIENTED_EDGE ( 'NONE', *, *, #3448, .F. ) ;
#2482 = AXIS2_PLACEMENT_3D ( 'NONE', #515, #1709, #2882 ) ;
#2483 = SURFACE_SIDE_STYLE ('',( #1602 ) ) ;
#2484 = DIRECTION ( 'NONE',  ( 0.000000000000000000, 0.000000000000000000, -1.000000000000000000 ) ) ;
#2485 = CARTESIAN_POINT ( 'NONE',  ( -6.400000000000000355, 0.000000000000000000, -1.800000000000000044 ) ) ;
#2486 = ORIENTED_EDGE ( 'NONE', *, *, #2296, .F. ) ;
#2487 = VECTOR ( 'NONE', #1284, 1000.000000000000000 ) ;
#2488 = DIRECTION ( 'NONE',  ( 0.000000000000000000, 0.000000000000000000, 1.000000000000000000 ) ) ;
#2489 = CARTESIAN_POINT ( 'NONE',  ( 2.700000000000000178, 0.2648648648648999626, -3.659189189188999602 ) ) ;
#2490 = DIRECTION ( 'NONE',  ( 0.000000000000000000, 1.000000000000000000, 0.000000000000000000 ) ) ;
#2491 = CYLINDRICAL_SURFACE ( 'NONE', #2101, 1.000000000000000000 ) ;
#2492 = DIRECTION ( 'NONE',  ( 0.000000000000000000, -1.000000000000000000, 0.000000000000000000 ) ) ;
#2493 = ORIENTED_EDGE ( 'NONE', *, *, #1332, .T. ) ;
#2494 = EDGE_CURVE ( 'NONE', #2017, #240, #476, .T. ) ;
#2495 = CARTESIAN_POINT ( 'NONE',  ( -6.200000000000000178, 2.000000000000000000, -3.700000000000000178 ) ) ;
#2496 = VERTEX_POINT ( 'NONE', #823 ) ;
#2497 = VERTEX_POINT ( 'NONE', #1957 ) ;
#2498 = VECTOR ( 'NONE', #1582, 1000.000000000000000 ) ;
#2499 = EDGE_CURVE ( 'NONE', #1802, #3044, #494, .T. ) ;
#2500 = CARTESIAN_POINT ( 'NONE',  ( -3.700000000000000178, 0.3499999999999999778, -4.000000000000000000 ) ) ;
#2501 = EDGE_LOOP ( 'NONE', ( #1096, #3456, #3656, #3484, #327, #1017, #752, #2762, #2063, #2856 ) ) ;
#2502 = AXIS2_PLACEMENT_3D ( 'NONE', #2592, #2330, #3405 ) ;
#2503 = EDGE_CURVE ( 'NONE', #3370, #1262, #2862, .T. ) ;
#2504 = PLANE ( 'NONE',  #1500 ) ;
#2505 = DIRECTION ( 'NONE',  ( 0.000000000000000000, 1.000000000000000000, 0.000000000000000000 ) ) ;
#2506 = DIRECTION ( 'NONE',  ( 0.000000000000000000, -1.000000000000000000, 0.000000000000000000 ) ) ;
#2507 = LINE ( 'NONE', #1570, #2202 ) ;
#2508 = EDGE_CURVE ( 'NONE', #242, #330, #1794, .T. ) ;
#2509 = LINE ( 'NONE', #3667, #3670 ) ;
#2510 = VECTOR ( 'NONE', #1779, 1000.000000000000000 ) ;
#2511 = LINE ( 'NONE', #658, #2570 ) ;
#2512 = DIRECTION ( 'NONE',  ( 0.000000000000000000, 0.7511704179678837523, 0.6601083268448860730 ) ) ;
#2513 = FACE_OUTER_BOUND ( 'NONE', #1282, .T. ) ;
#2514 = ORIENTED_EDGE ( 'NONE', *, *, #598, .T. ) ;
#2515 = COLOUR_RGB ( '',0.7921568627450980005, 0.8196078431372548767, 0.9333333333333333481 ) ;
#2516 = CYLINDRICAL_SURFACE ( 'NONE', #1550, 0.4500000000000000111 ) ;
#2517 = EDGE_LOOP ( 'NONE', ( #3138, #1422, #3297, #736 ) ) ;
#2518 = ORIENTED_EDGE ( 'NONE', *, *, #3561, .T. ) ;
#2519 = AXIS2_PLACEMENT_3D ( 'NONE', #2984, #3492, #2718 ) ;
#2520 = LINE ( 'NONE', #3406, #3002 ) ;
#2521 = VECTOR ( 'NONE', #3317, 1000.000000000000114 ) ;
#2522 = ORIENTED_EDGE ( 'NONE', *, *, #521, .F. ) ;
#2523 = PLANE ( 'NONE',  #2382 ) ;
#2524 = CARTESIAN_POINT ( 'NONE',  ( 4.890000000000000568, 0.5500000000000000444, 0.000000000000000000 ) ) ;
#2525 = DIRECTION ( 'NONE',  ( 0.000000000000000000, 0.000000000000000000, -1.000000000000000000 ) ) ;
#2526 = EDGE_CURVE ( 'NONE', #3234, #2334, #3467, .T. ) ;
#2527 = PLANE ( 'NONE',  #3786 ) ;
#2528 = DIRECTION ( 'NONE',  ( -1.000000000000000000, 0.000000000000000000, 0.000000000000000000 ) ) ;
#2529 = DIRECTION ( 'NONE',  ( 0.000000000000000000, 0.000000000000000000, -1.000000000000000000 ) ) ;
#2530 = CARTESIAN_POINT ( 'NONE',  ( 6.200000000000000178, 6.500000000000000000, -3.700000000000000178 ) ) ;
#2531 = ORIENTED_EDGE ( 'NONE', *, *, #2082, .F. ) ;
#2532 = EDGE_CURVE ( 'NONE', #723, #9, #2252, .T. ) ;
#2533 = PLANE ( 'NONE',  #2667 ) ;
#2534 = VERTEX_POINT ( 'NONE', #2293 ) ;
#2535 = ORIENTED_EDGE ( 'NONE', *, *, #1152, .T. ) ;
#2536 = CARTESIAN_POINT ( 'NONE',  ( 2.700000000000000178, 0.1499999999999999944, -4.500000000000000000 ) ) ;
#2537 = AXIS2_PLACEMENT_3D ( 'NONE', #1451, #2923, #281 ) ;
#2538 = CARTESIAN_POINT ( 'NONE',  ( 2.799999999999999822, 2.799999999999999822, 1.300000000000000044 ) ) ;
#2539 = ORIENTED_EDGE ( 'NONE', *, *, #2940, .F. ) ;
#2540 = ADVANCED_FACE ( 'NONE', ( #2843 ), #3722, .T. ) ;
#2541 = CIRCLE ( 'NONE', #2964, 0.4500000000000000111 ) ;
#2542 = ORIENTED_EDGE ( 'NONE', *, *, #3643, .F. ) ;
#2543 = CARTESIAN_POINT ( 'NONE',  ( 3.600000000000000089, 5.293845980662999828, 0.3191245758715999803 ) ) ;
#2544 = DIRECTION ( 'NONE',  ( 0.000000000000000000, 0.000000000000000000, -1.000000000000000000 ) ) ;
#2545 = CARTESIAN_POINT ( 'NONE',  ( -4.890000000000000568, 0.05000000000000000278, 0.000000000000000000 ) ) ;
#2546 = ORIENTED_EDGE ( 'NONE', *, *, #2050, .T. ) ;
#2547 = CARTESIAN_POINT ( 'NONE',  ( 0.000000000000000000, 0.05000000000000000278, 0.000000000000000000 ) ) ;
#2548 = DIRECTION ( 'NONE',  ( 1.000000000000000000, 0.000000000000000000, 0.000000000000000000 ) ) ;
#2549 = DIRECTION ( 'NONE',  ( -1.000000000000000000, 0.000000000000000000, 0.000000000000000000 ) ) ;
#2550 = ORIENTED_EDGE ( 'NONE', *, *, #2759, .T. ) ;
#2551 = ADVANCED_FACE ( 'NONE', ( #807 ), #2232, .T. ) ;
#2552 = LINE ( 'NONE', #1128, #2453 ) ;
#2553 = LINE ( 'NONE', #2328, #241 ) ;
#2554 = ORIENTED_EDGE ( 'NONE', *, *, #365, .T. ) ;
#2555 = ORIENTED_EDGE ( 'NONE', *, *, #3274, .T. ) ;
#2556 = DIRECTION ( 'NONE',  ( -1.000000000000000000, 0.000000000000000000, 0.000000000000000000 ) ) ;
#2557 = ORIENTED_EDGE ( 'NONE', *, *, #1952, .F. ) ;
#2558 = ORIENTED_EDGE ( 'NONE', *, *, #1659, .T. ) ;
#2559 = CYLINDRICAL_SURFACE ( 'NONE', #689, 0.3499999999999999778 ) ;
#2560 = DIRECTION ( 'NONE',  ( 1.000000000000000000, 0.000000000000000000, 0.000000000000000000 ) ) ;
#2561 = VECTOR ( 'NONE', #766, 1000.000000000000000 ) ;
#2562 = CARTESIAN_POINT ( 'NONE',  ( -5.500000000000000000, 0.5500000000000000444, -2.100000000000000089 ) ) ;
#2563 = PLANE ( 'NONE',  #3594 ) ;
#2564 = VECTOR ( 'NONE', #3097, 1000.000000000000000 ) ;
#2565 = DIRECTION ( 'NONE',  ( 1.000000000000000000, 0.000000000000000000, 0.000000000000000000 ) ) ;
#2566 = VECTOR ( 'NONE', #3177, 1000.000000000000000 ) ;
#2567 = CARTESIAN_POINT ( 'NONE',  ( -4.700000000000000178, 6.500000000000000000, -3.700000000000000178 ) ) ;
#2568 = EDGE_LOOP ( 'NONE', ( #1614, #2303, #911, #661 ) ) ;
#2569 = LINE ( 'NONE', #3791, #764 ) ;
#2570 = VECTOR ( 'NONE', #2735, 999.9999999999998863 ) ;
#2571 = PLANE ( 'NONE',  #2728 ) ;
#2572 = ORIENTED_EDGE ( 'NONE', *, *, #2175, .F. ) ;
#2573 = ORIENTED_EDGE ( 'NONE', *, *, #1566, .T. ) ;
#2574 = CYLINDRICAL_SURFACE ( 'NONE', #1085, 0.5200000000000000178 ) ;
#2575 = EDGE_CURVE ( 'NONE', #2464, #3814, #2541, .T. ) ;
#2576 = ORIENTED_EDGE ( 'NONE', *, *, #349, .F. ) ;
#2577 = ORIENTED_EDGE ( 'NONE', *, *, #283, .F. ) ;
#2578 = LINE ( 'NONE', #3761, #2186 ) ;
#2579 = CIRCLE ( 'NONE', #272, 0.5200000000000000178 ) ;
#2580 = VECTOR ( 'NONE', #1913, 999.9999999999998863 ) ;
#2581 = DIRECTION ( 'NONE',  ( 0.000000000000000000, -0.3243243243243169038, 0.9459459459459486075 ) ) ;
#2582 = DIRECTION ( 'NONE',  ( 0.000000000000000000, -1.000000000000000000, 0.000000000000000000 ) ) ;
#2583 = VERTEX_POINT ( 'NONE', #1666 ) ;
#2584 = DIRECTION ( 'NONE',  ( 0.000000000000000000, 1.000000000000000000, 0.000000000000000000 ) ) ;
#2585 = VECTOR ( 'NONE', #3285, 1000.000000000000000 ) ;
#2586 = LINE ( 'NONE', #2906, #979 ) ;
#2587 = EDGE_LOOP ( 'NONE', ( #1657, #440, #2147, #2914 ) ) ;
#2588 = CARTESIAN_POINT ( 'NONE',  ( 3.600000000000000089, 2.799999999999999822, 0.000000000000000000 ) ) ;
#2589 = CARTESIAN_POINT ( 'NONE',  ( 5.100000000000000533, 0.5500000000000000444, -1.800000000000000044 ) ) ;
#2590 = ORIENTED_EDGE ( 'NONE', *, *, #2890, .T. ) ;
#2591 = ORIENTED_EDGE ( 'NONE', *, *, #1740, .F. ) ;
#2592 = CARTESIAN_POINT ( 'NONE',  ( 0.000000000000000000, 0.000000000000000000, 0.000000000000000000 ) ) ;
#2593 = DIRECTION ( 'NONE',  ( 1.332267629550000100E-14, 0.000000000000000000, 1.000000000000000000 ) ) ;
#2594 = ORIENTED_EDGE ( 'NONE', *, *, #1607, .T. ) ;
#2595 = EDGE_CURVE ( 'NONE', #1365, #999, #161, .T. ) ;
#2596 = ORIENTED_EDGE ( 'NONE', *, *, #1310, .T. ) ;
#2597 = DIRECTION ( 'NONE',  ( 0.000000000000000000, -0.6601083268448859620, 0.7511704179678838633 ) ) ;
#2598 = DIRECTION ( 'NONE',  ( 0.000000000000000000, 0.7511704179678406756, 0.6601083268449350339 ) ) ;
#2599 = DIRECTION ( 'NONE',  ( -1.000000000000000000, 0.000000000000000000, 0.000000000000000000 ) ) ;
#2600 = ORIENTED_EDGE ( 'NONE', *, *, #495, .T. ) ;
#2601 = VECTOR ( 'NONE', #53, 1000.000000000000000 ) ;
#2602 = CIRCLE ( 'NONE', #1917, 0.2000000000000000111 ) ;
#2603 = CARTESIAN_POINT ( 'NONE',  ( -5.100000000000000533, 0.4500000000000000111, -1.800000000000000044 ) ) ;
#2604 = DIRECTION ( 'NONE',  ( 0.000000000000000000, 0.000000000000000000, 1.000000000000000000 ) ) ;
#2605 = CARTESIAN_POINT ( 'NONE',  ( 6.200000000000000178, 6.500000000000000000, -1.000000000000000000 ) ) ;
#2606 = ORIENTED_EDGE ( 'NONE', *, *, #3618, .T. ) ;
#2607 = VECTOR ( 'NONE', #1260, 1000.000000000000000 ) ;
#2608 = DIRECTION ( 'NONE',  ( -1.000000000000000000, 0.000000000000000000, 0.000000000000000000 ) ) ;
#2609 = DIRECTION ( 'NONE',  ( -1.000000000000000000, 0.000000000000000000, 0.000000000000000000 ) ) ;
#2610 = ORIENTED_EDGE ( 'NONE', *, *, #1385, .T. ) ;
#2611 = DIRECTION ( 'NONE',  ( 0.000000000000000000, 0.000000000000000000, -1.000000000000000000 ) ) ;
#2612 = ORIENTED_EDGE ( 'NONE', *, *, #3195, .T. ) ;
#2613 = ORIENTED_EDGE ( 'NONE', *, *, #3031, .T. ) ;
#2614 = CARTESIAN_POINT ( 'NONE',  ( 5.349999999999999645, 0.4500000000000000111, -0.5000000000000000000 ) ) ;
#2615 = LINE ( 'NONE', #1139, #2627 ) ;
#2616 = CARTESIAN_POINT ( 'NONE',  ( -4.899999999999999467, 0.5500000000000000444, -0.5000000000000000000 ) ) ;
#2617 = EDGE_LOOP ( 'NONE', ( #1448, #2953, #1170, #993 ) ) ;
#2618 = EDGE_LOOP ( 'NONE', ( #1616, #1211, #812, #1423, #1948, #591 ) ) ;
#2619 = CIRCLE ( 'NONE', #251, 0.2500000000000002220 ) ;
#2620 = DIRECTION ( 'NONE',  ( 0.000000000000000000, 0.9239104859299601680, 0.3826086956521832505 ) ) ;
#2621 = EDGE_CURVE ( 'NONE', #36, #1813, #798, .T. ) ;
#2622 = DIRECTION ( 'NONE',  ( -1.000000000000000000, 0.000000000000000000, 0.000000000000000000 ) ) ;
#2623 = VECTOR ( 'NONE', #1050, 1000.000000000000000 ) ;
#2624 = CARTESIAN_POINT ( 'NONE',  ( -2.700000000000000178, 0.2648648648648999626, -3.659189189188999602 ) ) ;
#2625 = UNCERTAINTY_MEASURE_WITH_UNIT (LENGTH_MEASURE( 1.000000000000000082E-05 ), #3067, 'distance_accuracy_value', 'NONE');
#2626 = VERTEX_POINT ( 'NONE', #768 ) ;
#2627 = VECTOR ( 'NONE', #3782, 1000.000000000000000 ) ;
#2628 = PLANE ( 'NONE',  #469 ) ;
#2629 = ORIENTED_EDGE ( 'NONE', *, *, #3645, .T. ) ;
#2630 = EDGE_CURVE ( 'NONE', #2710, #1892, #3681, .T. ) ;
#2631 = VERTEX_POINT ( 'NONE', #3433 ) ;
#2632 = CIRCLE ( 'NONE', #952, 0.2500000000000000000 ) ;
#2633 = CARTESIAN_POINT ( 'NONE',  ( -3.700000000000000178, 0.1499999999999999944, -4.500000000000000000 ) ) ;
#2634 = CARTESIAN_POINT ( 'NONE',  ( 3.600000000000000089, 3.500000000000000000, 1.850000000000000089 ) ) ;
#2635 = CARTESIAN_POINT ( 'NONE',  ( 2.799999999999999822, 3.913143729881999544, 1.663059579765000073 ) ) ;
#2636 = ORIENTED_EDGE ( 'NONE', *, *, #668, .F. ) ;
#2637 = VERTEX_POINT ( 'NONE', #789 ) ;
#2638 = VERTEX_POINT ( 'NONE', #1975 ) ;
#2639 = AXIS2_PLACEMENT_3D ( 'NONE', #1453, #57, #2403 ) ;
#2640 = VECTOR ( 'NONE', #269, 1000.000000000000000 ) ;
#2641 = CARTESIAN_POINT ( 'NONE',  ( 3.600000000000000089, 3.500000000000000000, 1.300000000000000044 ) ) ;
#2642 = AXIS2_PLACEMENT_3D ( 'NONE', #938, #1247, #665 ) ;
#2643 = EDGE_CURVE ( 'NONE', #2284, #2672, #3546, .T. ) ;
#2644 = CARTESIAN_POINT ( 'NONE',  ( 4.890000000000000568, 0.05000000000000000278, -2.100000000000000089 ) ) ;
#2645 = DIRECTION ( 'NONE',  ( 0.000000000000000000, 0.9886859966642603803, -0.1499999999999939715 ) ) ;
#2646 = CARTESIAN_POINT ( 'NONE',  ( 6.200000000000000178, 0.05000000000000000278, -1.000000000000000000 ) ) ;
#2647 = CARTESIAN_POINT ( 'NONE',  ( -3.600000000000000089, 3.500000000000000000, 1.300000000000000044 ) ) ;
#2648 = ORIENTED_EDGE ( 'NONE', *, *, #1996, .T. ) ;
#2649 = AXIS2_PLACEMENT_3D ( 'NONE', #3275, #2688, #2990 ) ;
#2650 = ORIENTED_EDGE ( 'NONE', *, *, #2962, .T. ) ;
#2651 = CARTESIAN_POINT ( 'NONE',  ( -3.600000000000000089, 2.949999999999999734, 0.000000000000000000 ) ) ;
#2652 = ORIENTED_EDGE ( 'NONE', *, *, #1589, .T. ) ;
#2653 = ORIENTED_EDGE ( 'NONE', *, *, #590, .T. ) ;
#2654 = CARTESIAN_POINT ( 'NONE',  ( -5.349999999999999645, 0.000000000000000000, -0.5000000000000000000 ) ) ;
#2655 = LINE ( 'NONE', #3545, #2929 ) ;
#2656 = DIRECTION ( 'NONE',  ( 1.000000000000000000, 0.000000000000000000, 0.000000000000000000 ) ) ;
#2657 = EDGE_LOOP ( 'NONE', ( #61, #1739, #2466, #2053 ) ) ;
#2658 = AXIS2_PLACEMENT_3D ( 'NONE', #2943, #1162, #3510 ) ;
#2659 = DIRECTION ( 'NONE',  ( 1.000000000000000000, 0.000000000000000000, 0.000000000000000000 ) ) ;
#2660 = DIRECTION ( 'NONE',  ( -1.000000000000000000, 0.000000000000000000, 0.000000000000000000 ) ) ;
#2661 = AXIS2_PLACEMENT_3D ( 'NONE', #34, #2675, #12 ) ;
#2662 = LINE ( 'NONE', #3287, #3798 ) ;
#2663 = ADVANCED_FACE ( 'NONE', ( #846 ), #2957, .T. ) ;
#2664 = CARTESIAN_POINT ( 'NONE',  ( 0.5000000000000000000, 0.3135135135134999862, -3.801081081081000068 ) ) ;
#2665 = LINE ( 'NONE', #306, #3272 ) ;
#2666 = ORIENTED_EDGE ( 'NONE', *, *, #2301, .T. ) ;
#2667 = AXIS2_PLACEMENT_3D ( 'NONE', #1598, #2776, #1925 ) ;
#2668 = ADVANCED_FACE ( 'NONE', ( #2089 ), #3238, .F. ) ;
#2669 = ORIENTED_EDGE ( 'NONE', *, *, #2442, .T. ) ;
#2670 = LINE ( 'NONE', #1111, #773 ) ;
#2671 = ORIENTED_EDGE ( 'NONE', *, *, #710, .T. ) ;
#2672 = VERTEX_POINT ( 'NONE', #2920 ) ;
#2673 = CARTESIAN_POINT ( 'NONE',  ( 5.349999999999999645, 0.4500000000000000111, -1.800000000000000044 ) ) ;
#2674 = CARTESIAN_POINT ( 'NONE',  ( -2.799999999999999822, 2.949999999999999734, 0.000000000000000000 ) ) ;
#2675 = DIRECTION ( 'NONE',  ( 0.000000000000000000, -1.000000000000000000, 0.000000000000000000 ) ) ;
#2676 = EDGE_LOOP ( 'NONE', ( #3312, #4, #3230, #113 ) ) ;
#2677 = DIRECTION ( 'NONE',  ( 0.000000000000000000, 1.000000000000000000, 0.000000000000000000 ) ) ;
#2678 = CARTESIAN_POINT ( 'NONE',  ( -2.700000000000000178, 0.3135135135134999862, -3.801081081081000068 ) ) ;
#2679 = DIRECTION ( 'NONE',  ( 0.000000000000000000, 0.9459459459459483854, 0.3243243243243171259 ) ) ;
#2680 = EDGE_CURVE ( 'NONE', #3729, #405, #3202, .T. ) ;
#2681 = AXIS2_PLACEMENT_3D ( 'NONE', #1819, #294, #47 ) ;
#2682 = CYLINDRICAL_SURFACE ( 'NONE', #3061, 0.5500000000000000444 ) ;
#2683 = DIRECTION ( 'NONE',  ( 0.000000000000000000, 0.000000000000000000, 1.000000000000000000 ) ) ;
#2684 = DIRECTION ( 'NONE',  ( 1.000000000000000000, 0.000000000000000000, 0.000000000000000000 ) ) ;
#2685 = EDGE_LOOP ( 'NONE', ( #3327, #1444, #3593, #2165, #912, #2102, #2486, #154, #1471, #2997 ) ) ;
#2686 = ORIENTED_EDGE ( 'NONE', *, *, #808, .T. ) ;
#2687 = VECTOR ( 'NONE', #1370, 1000.000000000000000 ) ;
#2688 = DIRECTION ( 'NONE',  ( 1.000000000000000000, 0.000000000000000000, 0.000000000000000000 ) ) ;
#2689 = ORIENTED_EDGE ( 'NONE', *, *, #2124, .T. ) ;
#2690 = EDGE_CURVE ( 'NONE', #3044, #1797, #669, .T. ) ;
#2691 = VERTEX_POINT ( 'NONE', #1197 ) ;
#2692 = CIRCLE ( 'NONE', #1512, 0.3500000000000000333 ) ;
#2693 = CARTESIAN_POINT ( 'NONE',  ( -6.400000000000000355, 0.000000000000000000, -0.5000000000000000000 ) ) ;
#2694 = ADVANCED_FACE ( 'NONE', ( #2032 ), #1780, .F. ) ;
#2695 = CYLINDRICAL_SURFACE ( 'NONE', #884, 0.2500000000000000000 ) ;
#2696 = EDGE_CURVE ( 'NONE', #1051, #3527, #1712, .T. ) ;
#2697 = DIRECTION ( 'NONE',  ( 0.000000000000000000, -0.3243243243243169038, 0.9459459459459486075 ) ) ;
#2698 = VERTEX_POINT ( 'NONE', #3564 ) ;
#2699 = CIRCLE ( 'NONE', #3599, 1.000000000000000000 ) ;
#2700 = VERTEX_POINT ( 'NONE', #863 ) ;
#2701 = EDGE_CURVE ( 'NONE', #3784, #860, #1140, .T. ) ;
#2702 = CARTESIAN_POINT ( 'NONE',  ( -0.4000000000000000222, 5.492497058818999633, 0.000000000000000000 ) ) ;
#2703 = FACE_OUTER_BOUND ( 'NONE', #3025, .T. ) ;
#2704 = CYLINDRICAL_SURFACE ( 'NONE', #2199, 0.2500000000000000000 ) ;
#2705 = VECTOR ( 'NONE', #239, 1000.000000000000000 ) ;
#2706 = DIRECTION ( 'NONE',  ( 0.000000000000000000, 0.000000000000000000, -1.000000000000000000 ) ) ;
#2707 = ORIENTED_EDGE ( 'NONE', *, *, #1054, .T. ) ;
#2708 = ORIENTED_EDGE ( 'NONE', *, *, #2155, .T. ) ;
#2709 = ORIENTED_EDGE ( 'NONE', *, *, #5, .T. ) ;
#2710 = VERTEX_POINT ( 'NONE', #316 ) ;
#2711 = DIRECTION ( 'NONE',  ( 1.000000000000000000, 0.000000000000000000, 0.000000000000000000 ) ) ;
#2712 = EDGE_CURVE ( 'NONE', #448, #150, #2939, .T. ) ;
#2713 = DIRECTION ( 'NONE',  ( 1.000000000000000000, 0.000000000000000000, 0.000000000000000000 ) ) ;
#2714 = FACE_OUTER_BOUND ( 'NONE', #3133, .T. ) ;
#2715 = EDGE_LOOP ( 'NONE', ( #1439, #1939, #2234, #1193, #604, #3366, #363, #1862 ) ) ;
#2716 = PLANE ( 'NONE',  #2477 ) ;
#2717 = CARTESIAN_POINT ( 'NONE',  ( -2.700000000000000178, 0.2851351351350999708, -3.810810810811000149 ) ) ;
#2718 = DIRECTION ( 'NONE',  ( 0.000000000000000000, 0.000000000000000000, -1.000000000000000000 ) ) ;
#2719 = CARTESIAN_POINT ( 'NONE',  ( 2.700000000000000178, 0.3499999999999999778, -4.000000000000000000 ) ) ;
#2720 = DIRECTION ( 'NONE',  ( 1.000000000000000000, 0.000000000000000000, 0.000000000000000000 ) ) ;
#2721 = AXIS2_PLACEMENT_3D ( 'NONE', #1063, #2865, #2565 ) ;
#2722 = EDGE_LOOP ( 'NONE', ( #191, #641, #1120, #3098 ) ) ;
#2723 = ORIENTED_EDGE ( 'NONE', *, *, #2630, .T. ) ;
#2724 = ORIENTED_EDGE ( 'NONE', *, *, #406, .T. ) ;
#2725 = VERTEX_POINT ( 'NONE', #1746 ) ;
#2726 = EDGE_CURVE ( 'NONE', #2374, #3462, #881, .T. ) ;
#2727 = CARTESIAN_POINT ( 'NONE',  ( -3.600000000000000089, 5.181170417968000486, 0.2201083268449000041 ) ) ;
#2728 = AXIS2_PLACEMENT_3D ( 'NONE', #2889, #3710, #1966 ) ;
#2729 = CARTESIAN_POINT ( 'NONE',  ( 4.700000000000000178, 2.000000000000000000, -3.500000000000000000 ) ) ;
#2730 = DIRECTION ( 'NONE',  ( 0.000000000000000000, 0.9239104859299601680, 0.3826086956521832505 ) ) ;
#2731 = VERTEX_POINT ( 'NONE', #608 ) ;
#2732 = CARTESIAN_POINT ( 'NONE',  ( 6.400000000000000355, 0.000000000000000000, -1.800000000000000044 ) ) ;
#2733 = DIRECTION ( 'NONE',  ( -0.000000000000000000, 1.000000000000000000, 0.000000000000000000 ) ) ;
#2734 = DIRECTION ( 'NONE',  ( 0.000000000000000000, 0.000000000000000000, 1.000000000000000000 ) ) ;
#2735 = DIRECTION ( 'NONE',  ( 0.000000000000000000, -0.6601083268448859620, 0.7511704179678838633 ) ) ;
#2736 = ADVANCED_FACE ( 'NONE', ( #278 ), #1447, .T. ) ;
#2737 = FACE_OUTER_BOUND ( 'NONE', #3732, .T. ) ;
#2738 = ORIENTED_EDGE ( 'NONE', *, *, #1525, .F. ) ;
#2739 = CIRCLE ( 'NONE', #1372, 0.2500000000000002220 ) ;
#2740 = ORIENTED_EDGE ( 'NONE', *, *, #398, .T. ) ;
#2741 = ORIENTED_EDGE ( 'NONE', *, *, #1440, .F. ) ;
#2742 = CARTESIAN_POINT ( 'NONE',  ( 4.899999999999999467, 0.4500000000000000111, -0.5000000000000000000 ) ) ;
#2743 = CARTESIAN_POINT ( 'NONE',  ( 2.799999999999999822, 5.492497058818999633, 0.000000000000000000 ) ) ;
#2744 = FACE_OUTER_BOUND ( 'NONE', #1192, .T. ) ;
#2745 = VERTEX_POINT ( 'NONE', #3823 ) ;
#2746 = CIRCLE ( 'NONE', #1633, 0.3500000000000000333 ) ;
#2747 = CIRCLE ( 'NONE', #27, 0.5500000000000001554 ) ;
#2748 = DIRECTION ( 'NONE',  ( 0.000000000000000000, -0.3243243243243169038, 0.9459459459459486075 ) ) ;
#2749 = PLANE ( 'NONE',  #2341 ) ;
#2750 = CARTESIAN_POINT ( 'NONE',  ( -3.700000000000000178, 0.3977371993329000266, -3.500000000000000000 ) ) ;
#2751 = ADVANCED_FACE ( 'NONE', ( #1180 ), #2069, .T. ) ;
#2752 = DIRECTION ( 'NONE',  ( 1.000000000000000000, 0.000000000000000000, 0.000000000000000000 ) ) ;
#2753 = DIRECTION ( 'NONE',  ( 1.000000000000000000, 0.000000000000000000, 0.000000000000000000 ) ) ;
#2754 = ORIENTED_EDGE ( 'NONE', *, *, #354, .F. ) ;
#2755 = AXIS2_PLACEMENT_3D ( 'NONE', #3701, #1935, #3663 ) ;
#2756 = DIRECTION ( 'NONE',  ( 0.000000000000000000, -1.000000000000000000, 0.000000000000000000 ) ) ;
#2757 = ORIENTED_EDGE ( 'NONE', *, *, #304, .T. ) ;
#2758 = ORIENTED_EDGE ( 'NONE', *, *, #2910, .F. ) ;
#2759 = EDGE_CURVE ( 'NONE', #1654, #236, #1215, .T. ) ;
#2760 = DIRECTION ( 'NONE',  ( -1.000000000000000000, 0.000000000000000000, 0.000000000000000000 ) ) ;
#2761 = DIRECTION ( 'NONE',  ( -1.000000000000000000, 0.000000000000000000, 0.000000000000000000 ) ) ;
#2762 = ORIENTED_EDGE ( 'NONE', *, *, #1700, .F. ) ;
#2763 = VECTOR ( 'NONE', #527, 1000.000000000000000 ) ;
#2764 = CARTESIAN_POINT ( 'NONE',  ( 5.500000000000000000, 1.199999999999999956, -2.100000000000000089 ) ) ;
#2765 = LINE ( 'NONE', #670, #1670 ) ;
#2766 = CARTESIAN_POINT ( 'NONE',  ( 0.4000000000000000222, 4.429999999999999716, -0.4400000000000000022 ) ) ;
#2767 = ORIENTED_EDGE ( 'NONE', *, *, #1952, .T. ) ;
#2768 = CARTESIAN_POINT ( 'NONE',  ( -0.5000000000000000000, 0.3499999999999999778, -4.000000000000000000 ) ) ;
#2769 = DIRECTION ( 'NONE',  ( 0.000000000000000000, -1.000000000000000000, 0.000000000000000000 ) ) ;
#2770 = CARTESIAN_POINT ( 'NONE',  ( -2.799999999999999822, 3.500000000000000000, 1.300000000000000044 ) ) ;
#2771 = LINE ( 'NONE', #3023, #3096 ) ;
#2772 = ORIENTED_EDGE ( 'NONE', *, *, #2851, .F. ) ;
#2773 = EDGE_CURVE ( 'NONE', #2325, #2637, #2902, .T. ) ;
#2774 = EDGE_CURVE ( 'NONE', #194, #3271, #1427, .T. ) ;
#2775 = VECTOR ( 'NONE', #300, 1000.000000000000227 ) ;
#2776 = DIRECTION ( 'NONE',  ( 1.000000000000000000, 0.000000000000000000, 0.000000000000000000 ) ) ;
#2777 = ORIENTED_EDGE ( 'NONE', *, *, #2421, .F. ) ;
#2778 = EDGE_CURVE ( 'NONE', #1141, #2429, #2338, .T. ) ;
#2779 = VERTEX_POINT ( 'NONE', #3584 ) ;
#2780 = VECTOR ( 'NONE', #1061, 1000.000000000000000 ) ;
#2781 = LINE ( 'NONE', #2870, #2566 ) ;
#2782 = DIRECTION ( 'NONE',  ( 0.000000000000000000, 1.000000000000000000, 0.000000000000000000 ) ) ;
#2783 = EDGE_CURVE ( 'NONE', #1300, #2107, #151, .T. ) ;
#2784 = ORIENTED_EDGE ( 'NONE', *, *, #3150, .T. ) ;
#2785 = VECTOR ( 'NONE', #3193, 1000.000000000000000 ) ;
#2786 = LINE ( 'NONE', #684, #1876 ) ;
#2787 = CARTESIAN_POINT ( 'NONE',  ( -0.4000000000000000222, 5.293845980662999828, 0.3191245758715999803 ) ) ;
#2788 = CARTESIAN_POINT ( 'NONE',  ( -4.899999999999999467, 0.5500000000000000444, -0.5000000000000000000 ) ) ;
#2789 = FACE_OUTER_BOUND ( 'NONE', #2042, .T. ) ;
#2790 = DIRECTION ( 'NONE',  ( 0.000000000000000000, 0.000000000000000000, -1.000000000000000000 ) ) ;
#2791 = VECTOR ( 'NONE', #1533, 1000.000000000000000 ) ;
#2792 = FACE_OUTER_BOUND ( 'NONE', #2848, .T. ) ;
#2793 = DIRECTION ( 'NONE',  ( 1.000000000000000000, 0.000000000000000000, 0.000000000000000000 ) ) ;
#2794 = ORIENTED_EDGE ( 'NONE', *, *, #1023, .F. ) ;
#2795 = LINE ( 'NONE', #131, #2607 ) ;
#2796 = EDGE_LOOP ( 'NONE', ( #2723, #1971, #3276, #1505 ) ) ;
#2797 = ORIENTED_EDGE ( 'NONE', *, *, #2124, .F. ) ;
#2798 = AXIS2_PLACEMENT_3D ( 'NONE', #2108, #647, #2937 ) ;
#2799 = DIRECTION ( 'NONE',  ( -1.000000000000000000, 0.000000000000000000, 0.000000000000000000 ) ) ;
#2800 = CARTESIAN_POINT ( 'NONE',  ( 2.700000000000000178, 0.000000000000000000, -4.000000000000000000 ) ) ;
#2801 = ORIENTED_EDGE ( 'NONE', *, *, #1407, .F. ) ;
#2802 = ADVANCED_FACE ( 'NONE', ( #629 ), #3349, .T. ) ;
#2803 = LINE ( 'NONE', #473, #2320 ) ;
#2804 = ADVANCED_FACE ( 'NONE', ( #2714 ), #3658, .T. ) ;
#2805 = DIRECTION ( 'NONE',  ( 0.000000000000000000, -1.000000000000000000, 0.000000000000000000 ) ) ;
#2806 = CIRCLE ( 'NONE', #3169, 0.3500000000000000333 ) ;
#2807 = CARTESIAN_POINT ( 'NONE',  ( -5.349999999999999645, 0.000000000000000000, -1.800000000000000044 ) ) ;
#2808 = DIRECTION ( 'NONE',  ( 1.000000000000000000, 0.000000000000000000, 0.000000000000000000 ) ) ;
#2809 = VECTOR ( 'NONE', #188, 1000.000000000000000 ) ;
#2810 = CARTESIAN_POINT ( 'NONE',  ( -5.349999999999999645, 0.4500000000000000111, -0.5000000000000000000 ) ) ;
#2811 = DIRECTION ( 'NONE',  ( 0.000000000000000000, -0.3243243243243169593, 0.9459459459459483854 ) ) ;
#2812 = ORIENTED_EDGE ( 'NONE', *, *, #2175, .T. ) ;
#2813 = VECTOR ( 'NONE', #2177, 1000.000000000000000 ) ;
#2814 = CARTESIAN_POINT ( 'NONE',  ( 3.600000000000000089, 2.799999999999999822, 1.300000000000000044 ) ) ;
#2815 = ORIENTED_EDGE ( 'NONE', *, *, #3082, .F. ) ;
#2816 = VERTEX_POINT ( 'NONE', #49 ) ;
#2817 = DIRECTION ( 'NONE',  ( 0.000000000000000000, 1.000000000000000000, 0.000000000000000000 ) ) ;
#2818 = DIRECTION ( 'NONE',  ( 0.000000000000000000, 0.7511704179678837523, 0.6601083268448860730 ) ) ;
#2819 = CIRCLE ( 'NONE', #3802, 1.000000000000000000 ) ;
#2820 = ORIENTED_EDGE ( 'NONE', *, *, #2480, .T. ) ;
#2821 = DIRECTION ( 'NONE',  ( 0.000000000000000000, -0.7511704179678838633, -0.6601083268448859620 ) ) ;
#2822 = PRODUCT_DEFINITION ( 'UNKNOWN', '', #441, #1457 ) ;
#2823 = CARTESIAN_POINT ( 'NONE',  ( 0.5000000000000000000, 0.2851351351350999708, -3.810810810811000149 ) ) ;
#2824 = DIRECTION ( 'NONE',  ( -1.000000000000000000, 0.000000000000000000, 0.000000000000000000 ) ) ;
#2825 = AXIS2_PLACEMENT_3D ( 'NONE', #1708, #1974, #2805 ) ;
#2826 = ADVANCED_FACE ( 'NONE', ( #3011 ), #2451, .T. ) ;
#2827 = ORIENTED_EDGE ( 'NONE', *, *, #2094, .F. ) ;
#2828 = DIRECTION ( 'NONE',  ( 0.000000000000000000, 0.000000000000000000, -1.000000000000000000 ) ) ;
#2829 = DIRECTION ( 'NONE',  ( 0.000000000000000000, -1.000000000000000000, 0.000000000000000000 ) ) ;
#2830 = ADVANCED_FACE ( 'NONE', ( #1546, #2744 ), #3623, .F. ) ;
#2831 = CARTESIAN_POINT ( 'NONE',  ( -2.799999999999999822, 2.799999999999999822, 0.000000000000000000 ) ) ;
#2832 = ORIENTED_EDGE ( 'NONE', *, *, #2155, .F. ) ;
#2833 = FACE_OUTER_BOUND ( 'NONE', #2796, .T. ) ;
#2834 = ORIENTED_EDGE ( 'NONE', *, *, #1316, .T. ) ;
#2835 = ORIENTED_EDGE ( 'NONE', *, *, #498, .T. ) ;
#2836 = CIRCLE ( 'NONE', #293, 0.3500000000000000333 ) ;
#2837 = CARTESIAN_POINT ( 'NONE',  ( 0.4000000000000000222, 2.949999999999999734, 1.300000000000000044 ) ) ;
#2838 = ORIENTED_EDGE ( 'NONE', *, *, #1116, .F. ) ;
#2839 = VECTOR ( 'NONE', #1609, 999.9999999999998863 ) ;
#2840 = ORIENTED_EDGE ( 'NONE', *, *, #2680, .F. ) ;
#2841 = CARTESIAN_POINT ( 'NONE',  ( 0.4000000000000000222, 5.327997772825999512, 0.000000000000000000 ) ) ;
#2842 = DIRECTION ( 'NONE',  ( -1.000000000000000000, 0.000000000000000000, 0.000000000000000000 ) ) ;
#2843 = FACE_OUTER_BOUND ( 'NONE', #1519, .T. ) ;
#2844 = EDGE_CURVE ( 'NONE', #2417, #2710, #1821, .T. ) ;
#2845 = CARTESIAN_POINT ( 'NONE',  ( -0.5000000000000000000, 0.000000000000000000, 0.000000000000000000 ) ) ;
#2846 = CARTESIAN_POINT ( 'NONE',  ( -3.600000000000000089, 3.913143729881999544, 1.663059579765000073 ) ) ;
#2847 = SURFACE_STYLE_FILL_AREA ( #1982 ) ;
#2848 = EDGE_LOOP ( 'NONE', ( #3694, #1818, #2951, #3805, #1675, #1463, #1269, #1109 ) ) ;
#2849 = EDGE_CURVE ( 'NONE', #1302, #1362, #2171, .T. ) ;
#2850 = EDGE_CURVE ( 'NONE', #2710, #992, #2020, .T. ) ;
#2851 = EDGE_CURVE ( 'NONE', #1302, #404, #1230, .T. ) ;
#2852 = PLANE ( 'NONE',  #1258 ) ;
#2853 = DIRECTION ( 'NONE',  ( -1.000000000000000000, 0.000000000000000000, 0.000000000000000000 ) ) ;
#2854 = ORIENTED_EDGE ( 'NONE', *, *, #2532, .F. ) ;
#2855 = DIRECTION ( 'NONE',  ( 1.000000000000000000, 0.000000000000000000, 0.000000000000000000 ) ) ;
#2856 = ORIENTED_EDGE ( 'NONE', *, *, #1842, .T. ) ;
#2857 = VECTOR ( 'NONE', #3200, 1000.000000000000000 ) ;
#2858 = EDGE_LOOP ( 'NONE', ( #3603, #1287, #1113, #35 ) ) ;
#2859 = CARTESIAN_POINT ( 'NONE',  ( 3.520000000000000018, 0.05000000000000000278, -1.500000000000000000 ) ) ;
#2860 = PLANE ( 'NONE',  #1268 ) ;
#2861 = EDGE_CURVE ( 'NONE', #3462, #3729, #1894, .T. ) ;
#2862 = LINE ( 'NONE', #2807, #171 ) ;
#2863 = DIRECTION ( 'NONE',  ( -1.000000000000000000, 0.000000000000000000, 0.000000000000000000 ) ) ;
#2864 = VECTOR ( 'NONE', #792, 1000.000000000000000 ) ;
#2865 = DIRECTION ( 'NONE',  ( 0.000000000000000000, -1.000000000000000000, 0.000000000000000000 ) ) ;
#2866 = AXIS2_PLACEMENT_3D ( 'NONE', #2355, #3487, #3505 ) ;
#2867 = DIRECTION ( 'NONE',  ( 0.000000000000000000, 1.000000000000000000, 0.000000000000000000 ) ) ;
#2868 = EDGE_LOOP ( 'NONE', ( #2941, #3078, #1632, #1891, #1902, #2772, #206, #3672 ) ) ;
#2869 = EDGE_CURVE ( 'NONE', #486, #2184, #2819, .T. ) ;
#2870 = CARTESIAN_POINT ( 'NONE',  ( -6.200000000000000178, 0.05000000000000000278, -2.100000000000000089 ) ) ;
#2871 = AXIS2_PLACEMENT_3D ( 'NONE', #1677, #1695, #3751 ) ;
#2872 = DIRECTION ( 'NONE',  ( 0.000000000000000000, 0.000000000000000000, -1.000000000000000000 ) ) ;
#2873 = ORIENTED_EDGE ( 'NONE', *, *, #3057, .F. ) ;
#2874 = VERTEX_POINT ( 'NONE', #649 ) ;
#2875 = AXIS2_PLACEMENT_3D ( 'NONE', #1103, #1713, #2907 ) ;
#2876 = CARTESIAN_POINT ( 'NONE',  ( 6.200000000000000178, 6.500000000000000000, -1.000000000000000000 ) ) ;
#2877 = ORIENTED_EDGE ( 'NONE', *, *, #929, .F. ) ;
#2878 = ORIENTED_EDGE ( 'NONE', *, *, #212, .F. ) ;
#2879 = CYLINDRICAL_SURFACE ( 'NONE', #561, 0.6999999999999999556 ) ;
#2880 = VECTOR ( 'NONE', #1762, 1000.000000000000000 ) ;
#2881 = CARTESIAN_POINT ( 'NONE',  ( -3.600000000000000089, 3.500000000000000000, 2.000000000000000000 ) ) ;
#2882 = DIRECTION ( 'NONE',  ( 1.000000000000000000, 0.000000000000000000, 0.000000000000000000 ) ) ;
#2883 = CARTESIAN_POINT ( 'NONE',  ( 0.5000000000000000000, 0.3977371993329000266, -3.500000000000000000 ) ) ;
#2884 = AXIS2_PLACEMENT_3D ( 'NONE', #3810, #572, #1164 ) ;
#2885 = FACE_OUTER_BOUND ( 'NONE', #2391, .T. ) ;
#2886 = DIRECTION ( 'NONE',  ( 0.000000000000000000, 1.000000000000000000, 0.000000000000000000 ) ) ;
#2887 = ORIENTED_EDGE ( 'NONE', *, *, #2899, .F. ) ;
#2888 = CARTESIAN_POINT ( 'NONE',  ( -3.700000000000000178, 0.2648648648648999626, -3.659189189188999602 ) ) ;
#2889 = CARTESIAN_POINT ( 'NONE',  ( 6.400000000000000355, 0.000000000000000000, -0.5000000000000000000 ) ) ;
#2890 = EDGE_CURVE ( 'NONE', #1380, #2310, #526, .T. ) ;
#2891 = EDGE_CURVE ( 'NONE', #1069, #860, #1266, .T. ) ;
#2892 = ORIENTED_EDGE ( 'NONE', *, *, #1375, .F. ) ;
#2893 = CARTESIAN_POINT ( 'NONE',  ( 0.000000000000000000, 0.000000000000000000, 0.000000000000000000 ) ) ;
#2894 = EDGE_CURVE ( 'NONE', #1802, #3565, #337, .T. ) ;
#2895 = CARTESIAN_POINT ( 'NONE',  ( 2.799999999999999822, 2.799999999999999822, 1.300000000000000044 ) ) ;
#2896 = VERTEX_POINT ( 'NONE', #104 ) ;
#2897 = ORIENTED_EDGE ( 'NONE', *, *, #2869, .T. ) ;
#2898 = DIRECTION ( 'NONE',  ( -1.000000000000000000, 0.000000000000000000, 0.000000000000000000 ) ) ;
#2899 = EDGE_CURVE ( 'NONE', #1262, #567, #1290, .T. ) ;
#2900 = LINE ( 'NONE', #1446, #3050 ) ;
#2901 = ADVANCED_FACE ( 'NONE', ( #334 ), #2436, .T. ) ;
#2902 = LINE ( 'NONE', #3187, #2705 ) ;
#2903 = ORIENTED_EDGE ( 'NONE', *, *, #1095, .F. ) ;
#2904 = VECTOR ( 'NONE', #1413, 1000.000000000000000 ) ;
#2905 = FACE_OUTER_BOUND ( 'NONE', #1041, .T. ) ;
#2906 = CARTESIAN_POINT ( 'NONE',  ( 6.200000000000000178, 2.000000000000000000, -3.700000000000000178 ) ) ;
#2907 = DIRECTION ( 'NONE',  ( 1.000000000000000000, 0.000000000000000000, 0.000000000000000000 ) ) ;
#2908 = AXIS2_PLACEMENT_3D ( 'NONE', #1495, #949, #1517 ) ;
#2909 = DIRECTION ( 'NONE',  ( 0.000000000000000000, 0.3243243243243170149, -0.9459459459459483854 ) ) ;
#2910 = EDGE_CURVE ( 'NONE', #410, #2240, #1403, .T. ) ;
#2911 = VERTEX_POINT ( 'NONE', #1620 ) ;
#2912 = DIRECTION ( 'NONE',  ( 0.000000000000000000, 0.000000000000000000, 1.000000000000000000 ) ) ;
#2913 = DIRECTION ( 'NONE',  ( 1.000000000000000000, 0.000000000000000000, 0.000000000000000000 ) ) ;
#2914 = ORIENTED_EDGE ( 'NONE', *, *, #145, .T. ) ;
#2915 = CARTESIAN_POINT ( 'NONE',  ( -2.700000000000000178, 0.5487119154833001167, -3.500000000000000000 ) ) ;
#2916 = VERTEX_POINT ( 'NONE', #3369 ) ;
#2917 = LINE ( 'NONE', #821, #3714 ) ;
#2918 = EDGE_CURVE ( 'NONE', #3636, #2122, #2520, .T. ) ;
#2919 = DIRECTION ( 'NONE',  ( 0.000000000000000000, 0.000000000000000000, 1.000000000000000000 ) ) ;
#2920 = CARTESIAN_POINT ( 'NONE',  ( 4.700000000000000178, 2.000000000000000000, -3.500000000000000000 ) ) ;
#2921 = ORIENTED_EDGE ( 'NONE', *, *, #2350, .T. ) ;
#2922 = AXIS2_PLACEMENT_3D ( 'NONE', #3299, #3562, #2994 ) ;
#2923 = DIRECTION ( 'NONE',  ( -1.000000000000000000, 0.000000000000000000, 0.000000000000000000 ) ) ;
#2924 = EDGE_CURVE ( 'NONE', #215, #951, #1969, .T. ) ;
#2925 = DIRECTION ( 'NONE',  ( 0.000000000000000000, -1.000000000000000000, 0.000000000000000000 ) ) ;
#2926 = FACE_OUTER_BOUND ( 'NONE', #706, .T. ) ;
#2927 = CARTESIAN_POINT ( 'NONE',  ( 3.600000000000000089, 5.293845980662999828, 0.3191245758715999803 ) ) ;
#2928 = PRODUCT_DEFINITION_CONTEXT ( 'detailed design', #3551, 'design' ) ;
#2929 = VECTOR ( 'NONE', #2938, 1000.000000000000000 ) ;
#2930 = ORIENTED_EDGE ( 'NONE', *, *, #524, .F. ) ;
#2931 = ORIENTED_EDGE ( 'NONE', *, *, #1927, .T. ) ;
#2932 = VECTOR ( 'NONE', #2097, 1000.000000000000000 ) ;
#2933 = DIRECTION ( 'NONE',  ( -1.000000000000000000, 0.000000000000000000, 0.000000000000000000 ) ) ;
#2934 = CARTESIAN_POINT ( 'NONE',  ( -5.100000000000000533, 0.5500000000000000444, -0.5000000000000000000 ) ) ;
#2935 = ORIENTED_EDGE ( 'NONE', *, *, #3567, .T. ) ;
#2936 = VERTEX_POINT ( 'NONE', #3426 ) ;
#2937 = DIRECTION ( 'NONE',  ( 1.000000000000000000, 0.000000000000000000, 0.000000000000000000 ) ) ;
#2938 = DIRECTION ( 'NONE',  ( 1.000000000000000000, 0.000000000000000000, 0.000000000000000000 ) ) ;
#2939 = LINE ( 'NONE', #3506, #3185 ) ;
#2940 = EDGE_CURVE ( 'NONE', #579, #2691, #157, .T. ) ;
#2941 = ORIENTED_EDGE ( 'NONE', *, *, #1117, .T. ) ;
#2942 = VECTOR ( 'NONE', #841, 1000.000000000000227 ) ;
#2943 = CARTESIAN_POINT ( 'NONE',  ( -0.5000000000000000000, 0.3499999999999999778, -4.000000000000000000 ) ) ;
#2944 = EDGE_CURVE ( 'NONE', #3581, #2637, #1394, .T. ) ;
#2945 = VECTOR ( 'NONE', #671, 1000.000000000000000 ) ;
#2946 = LINE ( 'NONE', #285, #772 ) ;
#2947 = DIRECTION ( 'NONE',  ( 0.000000000000000000, 1.000000000000000000, 0.000000000000000000 ) ) ;
#2948 = DIRECTION ( 'NONE',  ( 0.000000000000000000, -1.000000000000000000, 0.000000000000000000 ) ) ;
#2949 = ORIENTED_EDGE ( 'NONE', *, *, #1617, .T. ) ;
#2950 = VECTOR ( 'NONE', #1331, 1000.000000000000000 ) ;
#2951 = ORIENTED_EDGE ( 'NONE', *, *, #2503, .T. ) ;
#2952 = LINE ( 'NONE', #3252, #1092 ) ;
#2953 = ORIENTED_EDGE ( 'NONE', *, *, #2526, .F. ) ;
#2954 = ORIENTED_EDGE ( 'NONE', *, *, #879, .T. ) ;
#2955 = LINE ( 'NONE', #1245, #15 ) ;
#2956 = CARTESIAN_POINT ( 'NONE',  ( -2.700000000000000178, 0.000000000000000000, -4.000000000000000000 ) ) ;
#2957 = PLANE ( 'NONE',  #2299 ) ;
#2958 = ORIENTED_EDGE ( 'NONE', *, *, #2390, .F. ) ;
#2959 = CARTESIAN_POINT ( 'NONE',  ( -3.600000000000000089, 5.492497058818999633, 0.000000000000000000 ) ) ;
#2960 = VECTOR ( 'NONE', #3072, 1000.000000000000000 ) ;
#2961 = DIRECTION ( 'NONE',  ( 0.000000000000000000, 0.000000000000000000, 1.000000000000000000 ) ) ;
#2962 = EDGE_CURVE ( 'NONE', #1398, #3273, #1056, .T. ) ;
#2963 = DIRECTION ( 'NONE',  ( 1.000000000000000000, 0.000000000000000000, 0.000000000000000000 ) ) ;
#2964 = AXIS2_PLACEMENT_3D ( 'NONE', #1410, #2525, #2016 ) ;
#2965 = DIRECTION ( 'NONE',  ( 1.000000000000000000, 0.000000000000000000, 0.000000000000000000 ) ) ;
#2966 = CARTESIAN_POINT ( 'NONE',  ( 0.4000000000000000222, 5.327997772825999512, 0.000000000000000000 ) ) ;
#2967 = EDGE_CURVE ( 'NONE', #2271, #1344, #3738, .T. ) ;
#2968 = DIRECTION ( 'NONE',  ( 0.000000000000000000, 0.000000000000000000, -1.000000000000000000 ) ) ;
#2969 = ORIENTED_EDGE ( 'NONE', *, *, #614, .T. ) ;
#2970 = AXIS2_PLACEMENT_3D ( 'NONE', #383, #1342, #1947 ) ;
#2971 = ORIENTED_EDGE ( 'NONE', *, *, #2291, .T. ) ;
#2972 = EDGE_CURVE ( 'NONE', #1587, #1983, #2226, .T. ) ;
#2973 = EDGE_CURVE ( 'NONE', #404, #280, #3125, .T. ) ;
#2974 = CARTESIAN_POINT ( 'NONE',  ( 2.799999999999999822, 3.913143729881999544, 1.663059579765000073 ) ) ;
#2975 = ORIENTED_EDGE ( 'NONE', *, *, #1638, .F. ) ;
#2976 = ORIENTED_EDGE ( 'NONE', *, *, #1884, .T. ) ;
#2977 = EDGE_CURVE ( 'NONE', #2374, #2025, #2269, .T. ) ;
#2978 = DIRECTION ( 'NONE',  ( 0.000000000000000000, 0.000000000000000000, -1.000000000000000000 ) ) ;
#2979 = DIRECTION ( 'NONE',  ( 1.000000000000000000, 0.000000000000000000, 0.000000000000000000 ) ) ;
#2980 = DIRECTION ( 'NONE',  ( 0.000000000000000000, -1.000000000000000000, 0.000000000000000000 ) ) ;
#2981 = ORIENTED_EDGE ( 'NONE', *, *, #2099, .F. ) ;
#2982 = CARTESIAN_POINT ( 'NONE',  ( 3.700000000000000178, 0.2851351351350999708, -3.810810810811000149 ) ) ;
#2983 =( GEOMETRIC_REPRESENTATION_CONTEXT ( 3 ) GLOBAL_UNCERTAINTY_ASSIGNED_CONTEXT ( ( #3496 ) ) GLOBAL_UNIT_ASSIGNED_CONTEXT ( ( #1264, #663, #2169 ) ) REPRESENTATION_CONTEXT ( 'NONE', 'WORKASPACE' ) );
#2984 = CARTESIAN_POINT ( 'NONE',  ( -0.4000000000000000222, 3.500000000000000000, 1.300000000000000044 ) ) ;
#2985 = DIRECTION ( 'NONE',  ( -1.000000000000000000, 0.000000000000000000, 0.000000000000000000 ) ) ;
#2986 = CYLINDRICAL_SURFACE ( 'NONE', #2045, 0.6999999999999999556 ) ;
#2987 = ORIENTED_EDGE ( 'NONE', *, *, #1785, .T. ) ;
#2988 = ORIENTED_EDGE ( 'NONE', *, *, #3646, .F. ) ;
#2989 = EDGE_CURVE ( 'NONE', #2700, #3581, #1455, .T. ) ;
#2990 = DIRECTION ( 'NONE',  ( 0.000000000000000000, -0.3243243243243169593, 0.9459459459459483854 ) ) ;
#2991 = ORIENTED_EDGE ( 'NONE', *, *, #2268, .F. ) ;
#2992 = EDGE_CURVE ( 'NONE', #1395, #217, #1660, .T. ) ;
#2993 = ORIENTED_EDGE ( 'NONE', *, *, #783, .F. ) ;
#2994 = DIRECTION ( 'NONE',  ( 1.000000000000000000, 0.000000000000000000, 0.000000000000000000 ) ) ;
#2995 = LINE ( 'NONE', #2729, #3724 ) ;
#2996 = CARTESIAN_POINT ( 'NONE',  ( 3.000000000000000000, 0.05000000000000000278, -1.500000000000000000 ) ) ;
#2997 = ORIENTED_EDGE ( 'NONE', *, *, #1865, .T. ) ;
#2998 = CARTESIAN_POINT ( 'NONE',  ( -0.4000000000000000222, 2.949999999999999734, 1.300000000000000044 ) ) ;
#2999 = CARTESIAN_POINT ( 'NONE',  ( -0.4000000000000000222, 2.799999999999999822, 0.000000000000000000 ) ) ;
#3000 = CARTESIAN_POINT ( 'NONE',  ( 2.799999999999999822, 2.799999999999999822, 0.000000000000000000 ) ) ;
#3001 = DIRECTION ( 'NONE',  ( 1.000000000000000000, 0.000000000000000000, 0.000000000000000000 ) ) ;
#3002 = VECTOR ( 'NONE', #3677, 1000.000000000000000 ) ;
#3003 = CARTESIAN_POINT ( 'NONE',  ( -6.400000000000000355, 0.000000000000000000, -1.800000000000000044 ) ) ;
#3004 = ORIENTED_EDGE ( 'NONE', *, *, #1977, .T. ) ;
#3005 = VERTEX_POINT ( 'NONE', #2837 ) ;
#3006 = ORIENTED_EDGE ( 'NONE', *, *, #1166, .F. ) ;
#3007 = VERTEX_POINT ( 'NONE', #3386 ) ;
#3008 = PRODUCT_DEFINITION_SHAPE ( 'NONE', 'NONE',  #2822 ) ;
#3009 = CARTESIAN_POINT ( 'NONE',  ( -6.200000000000000178, 2.000000000000000000, -3.500000000000000000 ) ) ;
#3010 = CARTESIAN_POINT ( 'NONE',  ( 5.500000000000000000, 1.199999999999999956, -1.000000000000000000 ) ) ;
#3011 = FACE_OUTER_BOUND ( 'NONE', #268, .T. ) ;
#3012 = ORIENTED_EDGE ( 'NONE', *, *, #1498, .F. ) ;
#3013 = EDGE_CURVE ( 'NONE', #2114, #894, #1346, .T. ) ;
#3014 = ADVANCED_FACE ( 'NONE', ( #489 ), #2574, .T. ) ;
#3015 = CARTESIAN_POINT ( 'NONE',  ( 0.5000000000000000000, 0.1499999999999999944, -4.000000000000000000 ) ) ;
#3016 = FACE_OUTER_BOUND ( 'NONE', #1646, .T. ) ;
#3017 = ORIENTED_EDGE ( 'NONE', *, *, #3473, .F. ) ;
#3018 = CARTESIAN_POINT ( 'NONE',  ( -6.200000000000000178, 6.500000000000000000, -3.700000000000000178 ) ) ;
#3019 = CIRCLE ( 'NONE', #2537, 1.000000000000000000 ) ;
#3020 = CARTESIAN_POINT ( 'NONE',  ( 0.4000000000000000222, 3.913143729881999544, 1.663059579765000073 ) ) ;
#3021 = CARTESIAN_POINT ( 'NONE',  ( 2.799999999999999822, 3.500000000000000000, 1.850000000000000089 ) ) ;
#3022 = VECTOR ( 'NONE', #1350, 1000.000000000000000 ) ;
#3023 = CARTESIAN_POINT ( 'NONE',  ( -4.890000000000000568, 0.05000000000000000278, 0.000000000000000000 ) ) ;
#3024 = VERTEX_POINT ( 'NONE', #3715 ) ;
#3025 = EDGE_LOOP ( 'NONE', ( #700, #2370, #2573, #2106 ) ) ;
#3026 = ORIENTED_EDGE ( 'NONE', *, *, #1360, .F. ) ;
#3027 = CARTESIAN_POINT ( 'NONE',  ( -3.700000000000000178, 0.2851351351350999708, -3.810810810811000149 ) ) ;
#3028 = PLANE ( 'NONE',  #1381 ) ;
#3029 = DIRECTION ( 'NONE',  ( -1.000000000000000000, 0.000000000000000000, 0.000000000000000000 ) ) ;
#3030 = ORIENTED_EDGE ( 'NONE', *, *, #1933, .F. ) ;
#3031 = EDGE_CURVE ( 'NONE', #280, #2271, #1703, .T. ) ;
#3032 = LINE ( 'NONE', #1389, #2168 ) ;
#3033 = ADVANCED_FACE ( 'NONE', ( #3086 ), #744, .T. ) ;
#3034 = CARTESIAN_POINT ( 'NONE',  ( -0.5000000000000000000, 0.000000000000000000, -4.000000000000000000 ) ) ;
#3035 = FACE_OUTER_BOUND ( 'NONE', #3399, .T. ) ;
#3036 = LINE ( 'NONE', #3323, #1790 ) ;
#3037 = PLANE ( 'NONE',  #2193 ) ;
#3038 = PRODUCT_DEFINITION_SHAPE ( 'NONE', 'NONE',  #3829 ) ;
#3039 = ADVANCED_FACE ( 'NONE', ( #137 ), #1930, .F. ) ;
#3040 = EDGE_LOOP ( 'NONE', ( #1465, #1304, #2531, #2757 ) ) ;
#3041 = VECTOR ( 'NONE', #1972, 1000.000000000000000 ) ;
#3042 = DIRECTION ( 'NONE',  ( 0.000000000000000000, 0.000000000000000000, 1.000000000000000000 ) ) ;
#3043 = VERTEX_POINT ( 'NONE', #3215 ) ;
#3044 = VERTEX_POINT ( 'NONE', #2083 ) ;
#3045 = AXIS2_PLACEMENT_3D ( 'NONE', #718, #675, #436 ) ;
#3046 = LINE ( 'NONE', #135, #1190 ) ;
#3047 = CARTESIAN_POINT ( 'NONE',  ( -0.4000000000000000222, 3.913143729881999544, 1.663059579765000073 ) ) ;
#3048 = DIRECTION ( 'NONE',  ( 0.000000000000000000, 0.000000000000000000, -1.000000000000000000 ) ) ;
#3049 = ORIENTED_EDGE ( 'NONE', *, *, #1859, .T. ) ;
#3050 = VECTOR ( 'NONE', #2014, 1000.000000000000000 ) ;
#3051 = CARTESIAN_POINT ( 'NONE',  ( -0.4000000000000000222, 3.500000000000000000, 1.300000000000000044 ) ) ;
#3052 = VECTOR ( 'NONE', #2947, 1000.000000000000000 ) ;
#3053 = CARTESIAN_POINT ( 'NONE',  ( 5.100000000000000533, 0.4500000000000000111, -0.5000000000000000000 ) ) ;
#3054 = EDGE_CURVE ( 'NONE', #2911, #67, #559, .T. ) ;
#3055 = PRESENTATION_LAYER_ASSIGNMENT (  '', '', ( #829 ) ) ;
#3056 = CARTESIAN_POINT ( 'NONE',  ( 5.500000000000000000, 6.500000000000000000, 0.000000000000000000 ) ) ;
#3057 = EDGE_CURVE ( 'NONE', #902, #1411, #1153, .T. ) ;
#3058 = DIRECTION ( 'NONE',  ( 0.000000000000000000, 0.000000000000000000, -1.000000000000000000 ) ) ;
#3059 = DIRECTION ( 'NONE',  ( 0.000000000000000000, 1.000000000000000000, 0.000000000000000000 ) ) ;
#3060 = VERTEX_POINT ( 'NONE', #1462 ) ;
#3061 = AXIS2_PLACEMENT_3D ( 'NONE', #1165, #3533, #850 ) ;
#3062 = AXIS2_PLACEMENT_3D ( 'NONE', #2895, #2062, #858 ) ;
#3063 = EDGE_CURVE ( 'NONE', #3819, #3636, #1191, .T. ) ;
#3064 = CARTESIAN_POINT ( 'NONE',  ( -5.349999999999999645, 0.2000000000000000111, -0.5000000000000000000 ) ) ;
#3065 = ORIENTED_EDGE ( 'NONE', *, *, #370, .F. ) ;
#3066 = ORIENTED_EDGE ( 'NONE', *, *, #3816, .T. ) ;
#3067 =( LENGTH_UNIT ( ) NAMED_UNIT ( * ) SI_UNIT ( .MILLI., .METRE. ) );
#3068 = DIRECTION ( 'NONE',  ( 0.000000000000000000, 0.7511704179678406756, 0.6601083268449350339 ) ) ;
#3069 = DIRECTION ( 'NONE',  ( 0.000000000000000000, 0.000000000000000000, 1.000000000000000000 ) ) ;
#3070 = VERTEX_POINT ( 'NONE', #2387 ) ;
#3071 = DIRECTION ( 'NONE',  ( 0.000000000000000000, -1.000000000000000000, 0.000000000000000000 ) ) ;
#3072 = DIRECTION ( 'NONE',  ( 1.000000000000000000, 0.000000000000000000, 0.000000000000000000 ) ) ;
#3073 = CARTESIAN_POINT ( 'NONE',  ( -0.4000000000000000222, 3.913143729881999544, 1.663059579765000073 ) ) ;
#3074 = DIRECTION ( 'NONE',  ( 0.000000000000000000, 1.000000000000000000, 0.000000000000000000 ) ) ;
#3075 = CARTESIAN_POINT ( 'NONE',  ( 2.700000000000000178, 0.3499999999999999778, -4.000000000000000000 ) ) ;
#3076 = FACE_OUTER_BOUND ( 'NONE', #3367, .T. ) ;
#3077 = CARTESIAN_POINT ( 'NONE',  ( -2.700000000000000178, 0.2000000000000000111, -3.470000000000000195 ) ) ;
#3078 = ORIENTED_EDGE ( 'NONE', *, *, #38, .T. ) ;
#3079 = EDGE_CURVE ( 'NONE', #217, #3688, #310, .T. ) ;
#3080 = CARTESIAN_POINT ( 'NONE',  ( 3.700000000000000178, 0.3977371993329000266, -3.500000000000000000 ) ) ;
#3081 = EDGE_LOOP ( 'NONE', ( #491, #1066, #1131, #1383 ) ) ;
#3082 = EDGE_CURVE ( 'NONE', #933, #1049, #2670, .T. ) ;
#3083 = EDGE_CURVE ( 'NONE', #3005, #1987, #3250, .T. ) ;
#3084 = VERTEX_POINT ( 'NONE', #2351 ) ;
#3085 = LINE ( 'NONE', #1345, #2498 ) ;
#3086 = FACE_OUTER_BOUND ( 'NONE', #99, .T. ) ;
#3087 = EDGE_LOOP ( 'NONE', ( #666, #3142, #1404, #2558 ) ) ;
#3088 = EDGE_CURVE ( 'NONE', #1241, #1051, #873, .T. ) ;
#3089 = AXIS2_PLACEMENT_3D ( 'NONE', #3422, #1789, #2 ) ;
#3090 = DIRECTION ( 'NONE',  ( 1.000000000000000000, 0.000000000000000000, 0.000000000000000000 ) ) ;
#3091 = DIRECTION ( 'NONE',  ( 0.000000000000000000, 0.000000000000000000, 1.000000000000000000 ) ) ;
#3092 = DIRECTION ( 'NONE',  ( 0.000000000000000000, 0.000000000000000000, 1.000000000000000000 ) ) ;
#3093 = EDGE_CURVE ( 'NONE', #2047, #2431, #3758, .T. ) ;
#3094 = DIRECTION ( 'NONE',  ( -1.000000000000000000, 0.000000000000000000, 0.000000000000000000 ) ) ;
#3095 = FACE_OUTER_BOUND ( 'NONE', #3342, .T. ) ;
#3096 = VECTOR ( 'NONE', #2200, 1000.000000000000000 ) ;
#3097 = DIRECTION ( 'NONE',  ( 0.000000000000000000, 1.000000000000000000, 0.000000000000000000 ) ) ;
#3098 = ORIENTED_EDGE ( 'NONE', *, *, #146, .T. ) ;
#3099 = PLANE ( 'NONE',  #1296 ) ;
#3100 = ORIENTED_EDGE ( 'NONE', *, *, #2237, .T. ) ;
#3101 = EDGE_CURVE ( 'NONE', #1908, #2029, #395, .T. ) ;
#3102 = ORIENTED_EDGE ( 'NONE', *, *, #3575, .F. ) ;
#3103 = LINE ( 'NONE', #2225, #1998 ) ;
#3104 = EDGE_CURVE ( 'NONE', #1649, #2417, #657, .T. ) ;
#3105 = DIRECTION ( 'NONE',  ( 1.000000000000000000, 0.000000000000000000, 0.000000000000000000 ) ) ;
#3106 = VERTEX_POINT ( 'NONE', #2974 ) ;
#3107 = DIRECTION ( 'NONE',  ( 0.000000000000000000, 0.000000000000000000, -1.000000000000000000 ) ) ;
#3108 = DIRECTION ( 'NONE',  ( -1.000000000000000000, 0.000000000000000000, 0.000000000000000000 ) ) ;
#3109 = AXIS2_PLACEMENT_3D ( 'NONE', #1101, #753, #1729 ) ;
#3110 = ADVANCED_FACE ( 'NONE', ( #1441 ), #2628, .F. ) ;
#3111 = DIRECTION ( 'NONE',  ( 0.000000000000000000, -1.000000000000000000, 0.000000000000000000 ) ) ;
#3112 = EDGE_LOOP ( 'NONE', ( #3066, #3826, #1091, #2233 ) ) ;
#3113 = CIRCLE ( 'NONE', #3660, 0.4500000000000000111 ) ;
#3114 = ORIENTED_EDGE ( 'NONE', *, *, #1402, .F. ) ;
#3115 = FACE_OUTER_BOUND ( 'NONE', #173, .T. ) ;
#3116 = VECTOR ( 'NONE', #1715, 1000.000000000000000 ) ;
#3117 = FACE_BOUND ( 'NONE', #3655, .T. ) ;
#3118 = CARTESIAN_POINT ( 'NONE',  ( -3.600000000000000089, 3.913143729881999544, 1.663059579765000073 ) ) ;
#3119 = VERTEX_POINT ( 'NONE', #602 ) ;
#3120 = CARTESIAN_POINT ( 'NONE',  ( 2.799999999999999822, 2.949999999999999734, 0.000000000000000000 ) ) ;
#3121 = ORIENTED_EDGE ( 'NONE', *, *, #1183, .T. ) ;
#3122 = ORIENTED_EDGE ( 'NONE', *, *, #2759, .F. ) ;
#3123 = VECTOR ( 'NONE', #3371, 999.9999999999998863 ) ;
#3124 = ADVANCED_FACE ( 'NONE', ( #2009 ), #3520, .T. ) ;
#3125 = LINE ( 'NONE', #2876, #92 ) ;
#3126 = AXIS2_PLACEMENT_3D ( 'NONE', #998, #70, #2247 ) ;
#3127 = ORIENTED_EDGE ( 'NONE', *, *, #1548, .T. ) ;
#3128 = AXIS2_PLACEMENT_3D ( 'NONE', #849, #284, #2360 ) ;
#3129 = VERTEX_POINT ( 'NONE', #580 ) ;
#3130 = CARTESIAN_POINT ( 'NONE',  ( 6.200000000000000178, 2.000000000000000000, -3.700000000000000178 ) ) ;
#3131 = CARTESIAN_POINT ( 'NONE',  ( -5.100000000000000533, 0.5500000000000000444, -0.5000000000000000000 ) ) ;
#3132 = DIRECTION ( 'NONE',  ( -1.000000000000000000, 0.000000000000000000, 0.000000000000000000 ) ) ;
#3133 = EDGE_LOOP ( 'NONE', ( #3754, #221, #1742, #2613, #2048, #63, #2671, #1538, #3451, #621, #1347, #1401 ) ) ;
#3134 = AXIS2_PLACEMENT_3D ( 'NONE', #2251, #2581, #1956 ) ;
#3135 = EDGE_CURVE ( 'NONE', #2445, #2534, #2952, .T. ) ;
#3136 = DIRECTION ( 'NONE',  ( 0.000000000000000000, 0.3243243243243169038, -0.9459459459459486075 ) ) ;
#3137 =( NAMED_UNIT ( * ) SI_UNIT ( $, .STERADIAN. ) SOLID_ANGLE_UNIT ( ) );
#3138 = ORIENTED_EDGE ( 'NONE', *, *, #746, .T. ) ;
#3139 = CARTESIAN_POINT ( 'NONE',  ( 5.349999999999999645, 0.4500000000000000111, -1.800000000000000044 ) ) ;
#3140 = FACE_OUTER_BOUND ( 'NONE', #2411, .T. ) ;
#3141 = ORIENTED_EDGE ( 'NONE', *, *, #1931, .F. ) ;
#3142 = ORIENTED_EDGE ( 'NONE', *, *, #3083, .F. ) ;
#3143 = CARTESIAN_POINT ( 'NONE',  ( 0.4000000000000000222, 3.500000000000000000, 1.300000000000000044 ) ) ;
#3144 = ORIENTED_EDGE ( 'NONE', *, *, #73, .T. ) ;
#3145 = ORIENTED_EDGE ( 'NONE', *, *, #3608, .T. ) ;
#3146 = CARTESIAN_POINT ( 'NONE',  ( -4.890000000000000568, 0.05000000000000000278, 0.000000000000000000 ) ) ;
#3147 = DIRECTION ( 'NONE',  ( -1.000000000000000000, 0.000000000000000000, 0.000000000000000000 ) ) ;
#3148 = DIRECTION ( 'NONE',  ( 1.000000000000000000, 0.000000000000000000, 0.000000000000000000 ) ) ;
#3149 = AXIS2_PLACEMENT_3D ( 'NONE', #3611, #674, #968 ) ;
#3150 = EDGE_CURVE ( 'NONE', #2325, #3084, #6, .T. ) ;
#3151 = CARTESIAN_POINT ( 'NONE',  ( -4.700000000000000178, 2.000000000000000000, -3.500000000000000000 ) ) ;
#3152 = DIRECTION ( 'NONE',  ( 1.000000000000000000, 0.000000000000000000, 0.000000000000000000 ) ) ;
#3153 = SURFACE_SIDE_STYLE ('',( #2847 ) ) ;
#3154 = ORIENTED_EDGE ( 'NONE', *, *, #1452, .F. ) ;
#3155 = DIRECTION ( 'NONE',  ( 0.000000000000000000, -0.9459459459459483854, -0.3243243243243171259 ) ) ;
#3156 = LINE ( 'NONE', #3458, #550 ) ;
#3157 = ORIENTED_EDGE ( 'NONE', *, *, #3566, .F. ) ;
#3158 = VERTEX_POINT ( 'NONE', #3196 ) ;
#3159 = SHAPE_REPRESENTATION_RELATIONSHIP ( 'NONE' , 'NONE' ,  #3793, #1808 ) ;
#3160 = DIRECTION ( 'NONE',  ( 0.000000000000000000, 0.7511704179678837523, 0.6601083268448860730 ) ) ;
#3161 = ORIENTED_EDGE ( 'NONE', *, *, #1617, .F. ) ;
#3162 = APPLICATION_CONTEXT ( 'automotive_design' ) ;
#3163 = VECTOR ( 'NONE', #2597, 999.9999999999998863 ) ;
#3164 = ORIENTED_EDGE ( 'NONE', *, *, #30, .T. ) ;
#3165 = CARTESIAN_POINT ( 'NONE',  ( -2.799999999999999822, 3.500000000000000000, 2.000000000000000000 ) ) ;
#3166 = DIRECTION ( 'NONE',  ( 0.000000000000000000, 0.7511704179678837523, 0.6601083268448860730 ) ) ;
#3167 = CARTESIAN_POINT ( 'NONE',  ( 2.700000000000000178, 0.2648648648648999626, -3.659189189188999602 ) ) ;
#3168 = CARTESIAN_POINT ( 'NONE',  ( -4.700000000000000178, 6.500000000000000000, -3.500000000000000000 ) ) ;
#3169 = AXIS2_PLACEMENT_3D ( 'NONE', #2180, #1868, #1340 ) ;
#3170 = LINE ( 'NONE', #1711, #540 ) ;
#3171 = ADVANCED_FACE ( 'NONE', ( #541 ), #1421, .T. ) ;
#3172 = EDGE_CURVE ( 'NONE', #1983, #247, #2332, .T. ) ;
#3173 = VECTOR ( 'NONE', #2372, 1000.000000000000000 ) ;
#3174 = DIRECTION ( 'NONE',  ( 0.000000000000000000, 1.000000000000000000, 0.000000000000000000 ) ) ;
#3175 = ORIENTED_EDGE ( 'NONE', *, *, #2861, .F. ) ;
#3176 = EDGE_CURVE ( 'NONE', #444, #71, #1738, .T. ) ;
#3177 = DIRECTION ( 'NONE',  ( 1.000000000000000000, 0.000000000000000000, 0.000000000000000000 ) ) ;
#3178 = CARTESIAN_POINT ( 'NONE',  ( 5.100000000000000533, 0.4500000000000000111, -0.5000000000000000000 ) ) ;
#3179 = VERTEX_POINT ( 'NONE', #2410 ) ;
#3180 = EDGE_CURVE ( 'NONE', #2534, #3462, #584, .T. ) ;
#3181 = DIRECTION ( 'NONE',  ( 1.000000000000000000, 0.000000000000000000, 0.000000000000000000 ) ) ;
#3182 = ORIENTED_EDGE ( 'NONE', *, *, #2712, .T. ) ;
#3183 = ORIENTED_EDGE ( 'NONE', *, *, #2192, .T. ) ;
#3184 = LINE ( 'NONE', #1097, #2125 ) ;
#3185 = VECTOR ( 'NONE', #2656, 1000.000000000000000 ) ;
#3186 = CARTESIAN_POINT ( 'NONE',  ( -0.4000000000000000222, 5.492497058818999633, 0.000000000000000000 ) ) ;
#3187 = CARTESIAN_POINT ( 'NONE',  ( -0.4000000000000000222, 2.799999999999999822, 1.300000000000000044 ) ) ;
#3188 = ORIENTED_EDGE ( 'NONE', *, *, #2712, .F. ) ;
#3189 = LINE ( 'NONE', #533, #945 ) ;
#3190 = CARTESIAN_POINT ( 'NONE',  ( 6.400000000000000355, 0.000000000000000000, -0.5000000000000000000 ) ) ;
#3191 = PRESENTATION_STYLE_ASSIGNMENT (( #1653 ) ) ;
#3192 = CARTESIAN_POINT ( 'NONE',  ( -2.700000000000000178, 0.1499999999999999944, -4.000000000000000000 ) ) ;
#3193 = DIRECTION ( 'NONE',  ( 0.000000000000000000, 0.000000000000000000, -1.000000000000000000 ) ) ;
#3194 = ORIENTED_EDGE ( 'NONE', *, *, #3101, .F. ) ;
#3195 = EDGE_CURVE ( 'NONE', #2497, #3007, #2348, .T. ) ;
#3196 = CARTESIAN_POINT ( 'NONE',  ( 6.200000000000000178, 0.05000000000000000278, -3.500000000000000000 ) ) ;
#3197 = VERTEX_POINT ( 'NONE', #326 ) ;
#3198 = VERTEX_POINT ( 'NONE', #3558 ) ;
#3199 = AXIS2_PLACEMENT_3D ( 'NONE', #1904, #2141, #3058 ) ;
#3200 = DIRECTION ( 'NONE',  ( 0.000000000000000000, 1.000000000000000000, 0.000000000000000000 ) ) ;
#3201 = CARTESIAN_POINT ( 'NONE',  ( 2.799999999999999822, 4.429999999999999716, -0.4400000000000000022 ) ) ;
#3202 = LINE ( 'NONE', #2052, #2361 ) ;
#3203 = ORIENTED_EDGE ( 'NONE', *, *, #830, .T. ) ;
#3204 = CIRCLE ( 'NONE', #1732, 0.3500000000000000333 ) ;
#3205 = ADVANCED_FACE ( 'NONE', ( #913 ), #788, .T. ) ;
#3206 = CARTESIAN_POINT ( 'NONE',  ( 4.899999999999999467, 0.5500000000000000444, -0.5000000000000000000 ) ) ;
#3207 = ADVANCED_FACE ( 'NONE', ( #3432 ), #2860, .T. ) ;
#3208 = DIRECTION ( 'NONE',  ( 0.000000000000000000, 0.000000000000000000, -1.000000000000000000 ) ) ;
#3209 = FACE_OUTER_BOUND ( 'NONE', #1458, .T. ) ;
#3210 = VECTOR ( 'NONE', #2010, 1000.000000000000000 ) ;
#3211 = CARTESIAN_POINT ( 'NONE',  ( -3.600000000000000089, 3.500000000000000000, 1.300000000000000044 ) ) ;
#3212 = FACE_OUTER_BOUND ( 'NONE', #352, .T. ) ;
#3213 = EDGE_LOOP ( 'NONE', ( #589, #2689, #3223, #544 ) ) ;
#3214 = ORIENTED_EDGE ( 'NONE', *, *, #2894, .T. ) ;
#3215 = CARTESIAN_POINT ( 'NONE',  ( -5.100000000000000533, 0.4500000000000000111, -0.5000000000000000000 ) ) ;
#3216 = ORIENTED_EDGE ( 'NONE', *, *, #2418, .F. ) ;
#3217 = ADVANCED_FACE ( 'NONE', ( #3680 ), #1098, .T. ) ;
#3218 = EDGE_LOOP ( 'NONE', ( #1520, #3012, #507, #3676 ) ) ;
#3219 = CARTESIAN_POINT ( 'NONE',  ( 3.600000000000000089, 5.327997772825999512, 0.000000000000000000 ) ) ;
#3220 = CARTESIAN_POINT ( 'NONE',  ( -5.349999999999999645, 0.4500000000000000111, -0.5000000000000000000 ) ) ;
#3221 = CARTESIAN_POINT ( 'NONE',  ( 3.600000000000000089, 4.429999999999999716, -0.4400000000000000022 ) ) ;
#3222 = VERTEX_POINT ( 'NONE', #2823 ) ;
#3223 = ORIENTED_EDGE ( 'NONE', *, *, #1691, .F. ) ;
#3224 = AXIS2_PLACEMENT_3D ( 'NONE', #2335, #3720, #1685 ) ;
#3225 = DIRECTION ( 'NONE',  ( 1.000000000000000000, 0.000000000000000000, 0.000000000000000000 ) ) ;
#3226 = DIRECTION ( 'NONE',  ( -1.000000000000000000, 0.000000000000000000, 0.000000000000000000 ) ) ;
#3227 = FACE_OUTER_BOUND ( 'NONE', #3277, .T. ) ;
#3228 = DIRECTION ( 'NONE',  ( 1.000000000000000000, 0.000000000000000000, 0.000000000000000000 ) ) ;
#3229 = CIRCLE ( 'NONE', #640, 0.4499999999999999001 ) ;
#3230 = ORIENTED_EDGE ( 'NONE', *, *, #1047, .F. ) ;
#3231 = VERTEX_POINT ( 'NONE', #1334 ) ;
#3232 = ADVANCED_FACE ( 'NONE', ( #3743 ), #749, .F. ) ;
#3233 = CARTESIAN_POINT ( 'NONE',  ( 4.890000000000000568, 0.5500000000000000444, -2.100000000000000089 ) ) ;
#3234 = VERTEX_POINT ( 'NONE', #179 ) ;
#3235 = ORIENTED_EDGE ( 'NONE', *, *, #976, .T. ) ;
#3236 = CYLINDRICAL_SURFACE ( 'NONE', #1624, 0.5200000000000000178 ) ;
#3237 = LINE ( 'NONE', #531, #761 ) ;
#3238 = PLANE ( 'NONE',  #3325 ) ;
#3239 = VERTEX_POINT ( 'NONE', #2881 ) ;
#3240 = CARTESIAN_POINT ( 'NONE',  ( -3.600000000000000089, 5.327997772825999512, 0.000000000000000000 ) ) ;
#3241 = AXIS2_PLACEMENT_3D ( 'NONE', #2215, #732, #1849 ) ;
#3242 = AXIS2_PLACEMENT_3D ( 'NONE', #1382, #802, #2818 ) ;
#3243 = LINE ( 'NONE', #592, #2775 ) ;
#3244 = EDGE_CURVE ( 'NONE', #1248, #944, #1039, .T. ) ;
#3245 = CARTESIAN_POINT ( 'NONE',  ( 0.5000000000000000000, 0.2851351351350999708, -3.810810810811000149 ) ) ;
#3246 = CYLINDRICAL_SURFACE ( 'NONE', #1642, 0.5500000000000000444 ) ;
#3247 = FACE_BOUND ( 'NONE', #2676, .T. ) ;
#3248 = LINE ( 'NONE', #3270, #740 ) ;
#3249 = ORIENTED_EDGE ( 'NONE', *, *, #3172, .F. ) ;
#3250 = CIRCLE ( 'NONE', #1277, 0.5500000000000001554 ) ;
#3251 = EDGE_LOOP ( 'NONE', ( #1684, #512, #158, #3214 ) ) ;
#3252 = CARTESIAN_POINT ( 'NONE',  ( 3.700000000000000178, 0.2648648648648999626, -3.659189189188999602 ) ) ;
#3253 = ORIENTED_EDGE ( 'NONE', *, *, #2575, .T. ) ;
#3254 = EDGE_CURVE ( 'NONE', #2417, #3222, #2292, .T. ) ;
#3255 = ORIENTED_EDGE ( 'NONE', *, *, #2043, .F. ) ;
#3256 = DIRECTION ( 'NONE',  ( 0.000000000000000000, 0.000000000000000000, -1.000000000000000000 ) ) ;
#3257 = DIRECTION ( 'NONE',  ( 0.000000000000000000, -1.000000000000000000, 0.000000000000000000 ) ) ;
#3258 = DIRECTION ( 'NONE',  ( 1.000000000000000000, 0.000000000000000000, 0.000000000000000000 ) ) ;
#3259 = ORIENTED_EDGE ( 'NONE', *, *, #415, .T. ) ;
#3260 = DIRECTION ( 'NONE',  ( 1.000000000000000000, 0.000000000000000000, 0.000000000000000000 ) ) ;
#3261 = VECTOR ( 'NONE', #2677, 1000.000000000000000 ) ;
#3262 = DIRECTION ( 'NONE',  ( 1.000000000000000000, 0.000000000000000000, 0.000000000000000000 ) ) ;
#3263 = ADVANCED_FACE ( 'NONE', ( #3449 ), #1020, .T. ) ;
#3264 = VECTOR ( 'NONE', #1733, 1000.000000000000000 ) ;
#3265 = FACE_OUTER_BOUND ( 'NONE', #8, .T. ) ;
#3266 = CARTESIAN_POINT ( 'NONE',  ( 0.5000000000000000000, 0.5487119154833001167, -3.500000000000000000 ) ) ;
#3267 = EDGE_CURVE ( 'NONE', #2429, #3776, #1060, .T. ) ;
#3268 = ADVANCED_FACE ( 'NONE', ( #1349 ), #1665, .T. ) ;
#3269 = FACE_OUTER_BOUND ( 'NONE', #2868, .T. ) ;
#3270 = CARTESIAN_POINT ( 'NONE',  ( -0.4000000000000000222, 3.500000000000000000, 1.850000000000000089 ) ) ;
#3271 = VERTEX_POINT ( 'NONE', #3131 ) ;
#3272 = VECTOR ( 'NONE', #2948, 1000.000000000000000 ) ;
#3273 = VERTEX_POINT ( 'NONE', #806 ) ;
#3274 = EDGE_CURVE ( 'NONE', #2127, #3119, #475, .T. ) ;
#3275 = CARTESIAN_POINT ( 'NONE',  ( 3.700000000000000178, 0.3499999999999999778, -4.000000000000000000 ) ) ;
#3276 = ORIENTED_EDGE ( 'NONE', *, *, #3254, .F. ) ;
#3277 = EDGE_LOOP ( 'NONE', ( #3259, #2878, #2794, #3547 ) ) ;
#3278 = LINE ( 'NONE', #2130, #3529 ) ;
#3279 = CARTESIAN_POINT ( 'NONE',  ( -3.700000000000000178, 0.000000000000000000, -4.500000000000000000 ) ) ;
#3280 = DIRECTION ( 'NONE',  ( 1.000000000000000000, 0.000000000000000000, 0.000000000000000000 ) ) ;
#3281 = ORIENTED_EDGE ( 'NONE', *, *, #3274, .F. ) ;
#3282 = CARTESIAN_POINT ( 'NONE',  ( 6.200000000000000178, 0.05000000000000000278, -2.100000000000000089 ) ) ;
#3283 = CARTESIAN_POINT ( 'NONE',  ( -3.700000000000000178, 0.000000000000000000, -4.000000000000000000 ) ) ;
#3284 = DIRECTION ( 'NONE',  ( -0.000000000000000000, 1.000000000000000000, 0.000000000000000000 ) ) ;
#3285 = DIRECTION ( 'NONE',  ( 0.000000000000000000, -1.000000000000000000, 0.000000000000000000 ) ) ;
#3286 = VECTOR ( 'NONE', #2354, 1000.000000000000000 ) ;
#3287 = CARTESIAN_POINT ( 'NONE',  ( -5.100000000000000533, 0.4500000000000000111, -0.5000000000000000000 ) ) ;
#3288 = EDGE_CURVE ( 'NONE', #1693, #3239, #2470, .T. ) ;
#3289 = DIRECTION ( 'NONE',  ( 0.000000000000000000, 0.000000000000000000, 1.000000000000000000 ) ) ;
#3290 = FACE_OUTER_BOUND ( 'NONE', #144, .T. ) ;
#3291 = ORIENTED_EDGE ( 'NONE', *, *, #30, .F. ) ;
#3292 = ADVANCED_FACE ( 'NONE', ( #198 ), #1079, .T. ) ;
#3293 = ORIENTED_EDGE ( 'NONE', *, *, #1360, .T. ) ;
#3294 = VECTOR ( 'NONE', #1540, 1000.000000000000000 ) ;
#3295 = EDGE_LOOP ( 'NONE', ( #1626, #1209, #44, #3579 ) ) ;
#3296 = ADVANCED_FACE ( 'NONE', ( #1644 ), #1623, .T. ) ;
#3297 = ORIENTED_EDGE ( 'NONE', *, *, #2350, .F. ) ;
#3298 = CIRCLE ( 'NONE', #1010, 0.6999999999999998446 ) ;
#3299 = CARTESIAN_POINT ( 'NONE',  ( 5.500000000000000000, 0.5500000000000000444, 0.000000000000000000 ) ) ;
#3300 = PLANE ( 'NONE',  #1142 ) ;
#3301 = CARTESIAN_POINT ( 'NONE',  ( 6.200000000000000178, 1.199999999999999956, -1.000000000000000000 ) ) ;
#3302 = ORIENTED_EDGE ( 'NONE', *, *, #814, .F. ) ;
#3303 = DIRECTION ( 'NONE',  ( 0.000000000000000000, 0.7511704179678837523, 0.6601083268448860730 ) ) ;
#3304 = AXIS2_PLACEMENT_3D ( 'NONE', #2324, #1086, #3437 ) ;
#3305 = CARTESIAN_POINT ( 'NONE',  ( 2.700000000000000178, 0.3499999999999999778, -4.000000000000000000 ) ) ;
#3306 = ORIENTED_EDGE ( 'NONE', *, *, #2421, .T. ) ;
#3307 = CARTESIAN_POINT ( 'NONE',  ( -5.500000000000000000, 0.5500000000000000444, 0.000000000000000000 ) ) ;
#3308 = FACE_OUTER_BOUND ( 'NONE', #2722, .T. ) ;
#3309 = AXIS2_PLACEMENT_3D ( 'NONE', #1727, #2396, #3526 ) ;
#3310 = DIRECTION ( 'NONE',  ( 1.000000000000000000, 0.000000000000000000, 0.000000000000000000 ) ) ;
#3311 = VERTEX_POINT ( 'NONE', #2212 ) ;
#3312 = ORIENTED_EDGE ( 'NONE', *, *, #2015, .T. ) ;
#3313 = ADVANCED_FACE ( 'NONE', ( #3372 ), #142, .T. ) ;
#3314 = ORIENTED_EDGE ( 'NONE', *, *, #38, .F. ) ;
#3315 = LINE ( 'NONE', #1466, #686 ) ;
#3316 = DIRECTION ( 'NONE',  ( 1.000000000000000000, 0.000000000000000000, 0.000000000000000000 ) ) ;
#3317 = DIRECTION ( 'NONE',  ( 0.000000000000000000, 0.9459459459459178543, 0.3243243243244059437 ) ) ;
#3318 = ORIENTED_EDGE ( 'NONE', *, *, #3083, .T. ) ;
#3319 = EDGE_CURVE ( 'NONE', #3819, #405, #1588, .T. ) ;
#3320 = LINE ( 'NONE', #3338, #1414 ) ;
#3321 = DIRECTION ( 'NONE',  ( 0.000000000000000000, -1.000000000000000000, 0.000000000000000000 ) ) ;
#3322 = VECTOR ( 'NONE', #2359, 1000.000000000000000 ) ;
#3323 = CARTESIAN_POINT ( 'NONE',  ( -0.4000000000000000222, 4.025819292578000308, 1.762075828791000109 ) ) ;
#3324 = DIRECTION ( 'NONE',  ( -1.000000000000000000, 0.000000000000000000, 0.000000000000000000 ) ) ;
#3325 = AXIS2_PLACEMENT_3D ( 'NONE', #532, #1489, #566 ) ;
#3326 = DIRECTION ( 'NONE',  ( -1.000000000000000000, 0.000000000000000000, 0.000000000000000000 ) ) ;
#3327 = ORIENTED_EDGE ( 'NONE', *, *, #2850, .F. ) ;
#3328 = DIRECTION ( 'NONE',  ( 1.000000000000000000, 0.000000000000000000, 0.000000000000000000 ) ) ;
#3329 = ORIENTED_EDGE ( 'NONE', *, *, #2499, .T. ) ;
#3330 = AXIS2_PLACEMENT_3D ( 'NONE', #1536, #3228, #1168 ) ;
#3331 = VERTEX_POINT ( 'NONE', #2764 ) ;
#3332 = ADVANCED_FACE ( 'NONE', ( #106 ), #2229, .T. ) ;
#3333 = DIRECTION ( 'NONE',  ( -1.000000000000000000, 0.000000000000000000, 0.000000000000000000 ) ) ;
#3334 = DIRECTION ( 'NONE',  ( -1.000000000000000000, 0.000000000000000000, 0.000000000000000000 ) ) ;
#3335 = ORIENTED_EDGE ( 'NONE', *, *, #668, .T. ) ;
#3336 = EDGE_CURVE ( 'NONE', #1541, #2816, #1059, .T. ) ;
#3337 = DIRECTION ( 'NONE',  ( 1.000000000000000000, 0.000000000000000000, 0.000000000000000000 ) ) ;
#3338 = CARTESIAN_POINT ( 'NONE',  ( -3.600000000000000089, 5.293845980662999828, 0.3191245758715999803 ) ) ;
#3339 = CARTESIAN_POINT ( 'NONE',  ( -0.5000000000000000000, 0.2000000000000000111, -3.470000000000000195 ) ) ;
#3340 = CYLINDRICAL_SURFACE ( 'NONE', #1539, 0.3499999999999999778 ) ;
#3341 = LINE ( 'NONE', #3612, #379 ) ;
#3342 = EDGE_LOOP ( 'NONE', ( #2873, #1490, #3004, #1459 ) ) ;
#3343 = CIRCLE ( 'NONE', #777, 0.5500000000000001554 ) ;
#3344 = CARTESIAN_POINT ( 'NONE',  ( -0.4000000000000000222, 5.181170417968000486, 0.2201083268449000041 ) ) ;
#3345 = ORIENTED_EDGE ( 'NONE', *, *, #2442, .F. ) ;
#3346 = EDGE_LOOP ( 'NONE', ( #3559, #3318, #1605, #196, #1838, #3424, #3746, #3393, #1478, #1341, #2011, #43 ) ) ;
#3347 = CIRCLE ( 'NONE', #445, 0.3500000000000000333 ) ;
#3348 = CYLINDRICAL_SURFACE ( 'NONE', #1572, 0.6999999999999999556 ) ;
#3349 = PLANE ( 'NONE',  #2343 ) ;
#3350 = ORIENTED_EDGE ( 'NONE', *, *, #2940, .T. ) ;
#3351 = VECTOR ( 'NONE', #1229, 1000.000000000000000 ) ;
#3352 = CARTESIAN_POINT ( 'NONE',  ( -5.349999999999999645, 0.000000000000000000, -1.800000000000000044 ) ) ;
#3353 = AXIS2_PLACEMENT_3D ( 'NONE', #2719, #2985, #321 ) ;
#3354 = CARTESIAN_POINT ( 'NONE',  ( -0.4000000000000000222, 2.799999999999999822, 1.300000000000000044 ) ) ;
#3355 = DIRECTION ( 'NONE',  ( 0.000000000000000000, 0.9239104859299601680, 0.3826086956521832505 ) ) ;
#3356 = EDGE_CURVE ( 'NONE', #1581, #2127, #3644, .T. ) ;
#3357 = FACE_OUTER_BOUND ( 'NONE', #1330, .T. ) ;
#3358 = DIRECTION ( 'NONE',  ( -1.000000000000000000, 0.000000000000000000, 0.000000000000000000 ) ) ;
#3359 = EDGE_CURVE ( 'NONE', #1252, #3392, #411, .T. ) ;
#3360 = LINE ( 'NONE', #969, #882 ) ;
#3361 = DIRECTION ( 'NONE',  ( 0.000000000000000000, 0.6601083268448859620, -0.7511704179678838633 ) ) ;
#3362 = EDGE_LOOP ( 'NONE', ( #832, #1706, #2408, #2834 ) ) ;
#3363 = AXIS2_PLACEMENT_3D ( 'NONE', #1529, #2189, #682 ) ;
#3364 = ADVANCED_FACE ( 'NONE', ( #1608 ), #2504, .T. ) ;
#3365 = DIRECTION ( 'NONE',  ( 0.000000000000000000, 0.000000000000000000, -1.000000000000000000 ) ) ;
#3366 = ORIENTED_EDGE ( 'NONE', *, *, #3614, .F. ) ;
#3367 = EDGE_LOOP ( 'NONE', ( #138, #3682, #233, #257 ) ) ;
#3368 = CARTESIAN_POINT ( 'NONE',  ( 6.400000000000000355, 0.2000000000000000111, -0.5000000000000000000 ) ) ;
#3369 = CARTESIAN_POINT ( 'NONE',  ( -4.899999999999999467, 0.4500000000000000111, -1.800000000000000044 ) ) ;
#3370 = VERTEX_POINT ( 'NONE', #3352 ) ;
#3371 = DIRECTION ( 'NONE',  ( 0.000000000000000000, -0.6601083268448859620, 0.7511704179678838633 ) ) ;
#3372 = FACE_OUTER_BOUND ( 'NONE', #2340, .T. ) ;
#3373 = CARTESIAN_POINT ( 'NONE',  ( 3.600000000000000089, 2.949999999999999734, 1.300000000000000044 ) ) ;
#3374 = CARTESIAN_POINT ( 'NONE',  ( -3.520000000000000018, 0.05000000000000000278, -1.500000000000000000 ) ) ;
#3375 = DIRECTION ( 'NONE',  ( 0.000000000000000000, 1.000000000000000000, 0.000000000000000000 ) ) ;
#3376 = LINE ( 'NONE', #2217, #168 ) ;
#3377 = EDGE_CURVE ( 'NONE', #1070, #3522, #1292, .T. ) ;
#3378 = DIRECTION ( 'NONE',  ( -1.000000000000000000, 0.000000000000000000, 0.000000000000000000 ) ) ;
#3379 = DIRECTION ( 'NONE',  ( 1.000000000000000000, 0.000000000000000000, 0.000000000000000000 ) ) ;
#3380 = ORIENTED_EDGE ( 'NONE', *, *, #866, .F. ) ;
#3381 = VECTOR ( 'NONE', #673, 1000.000000000000000 ) ;
#3382 = LINE ( 'NONE', #3344, #301 ) ;
#3383 = ORIENTED_EDGE ( 'NONE', *, *, #1032, .F. ) ;
#3384 = ORIENTED_EDGE ( 'NONE', *, *, #3054, .T. ) ;
#3385 = DIRECTION ( 'NONE',  ( 0.000000000000000000, 0.000000000000000000, 1.000000000000000000 ) ) ;
#3386 = CARTESIAN_POINT ( 'NONE',  ( -2.479999999999999982, -0.5000000000000000000, -1.500000000000000000 ) ) ;
#3387 = VERTEX_POINT ( 'NONE', #708 ) ;
#3388 = VECTOR ( 'NONE', #98, 1000.000000000000000 ) ;
#3389 = CARTESIAN_POINT ( 'NONE',  ( 3.600000000000000089, 4.025819292578000308, 1.762075828791000109 ) ) ;
#3390 = CARTESIAN_POINT ( 'NONE',  ( 2.700000000000000178, 0.000000000000000000, -4.000000000000000000 ) ) ;
#3391 = DIRECTION ( 'NONE',  ( 0.000000000000000000, 0.9239104859299601680, 0.3826086956521832505 ) ) ;
#3392 = VERTEX_POINT ( 'NONE', #3389 ) ;
#3393 = ORIENTED_EDGE ( 'NONE', *, *, #391, .T. ) ;
#3394 = DIRECTION ( 'NONE',  ( 0.000000000000000000, 0.7511704179678837523, 0.6601083268448860730 ) ) ;
#3395 = EDGE_CURVE ( 'NONE', #3387, #1127, #1001, .T. ) ;
#3396 = PLANE ( 'NONE',  #605 ) ;
#3397 = CARTESIAN_POINT ( 'NONE',  ( -5.500000000000000000, 0.5500000000000000444, 0.000000000000000000 ) ) ;
#3398 = CARTESIAN_POINT ( 'NONE',  ( 5.500000000000000000, 6.500000000000000000, 0.000000000000000000 ) ) ;
#3399 = EDGE_LOOP ( 'NONE', ( #2264, #3255, #2838, #2316 ) ) ;
#3400 = EDGE_CURVE ( 'NONE', #1344, #1988, #2803, .T. ) ;
#3401 = FACE_OUTER_BOUND ( 'NONE', #2223, .T. ) ;
#3402 = ORIENTED_EDGE ( 'NONE', *, *, #3267, .T. ) ;
#3403 = VERTEX_POINT ( 'NONE', #1899 ) ;
#3404 = CIRCLE ( 'NONE', #1312, 0.1999999999999999001 ) ;
#3405 = DIRECTION ( 'NONE',  ( 1.000000000000000000, 0.000000000000000000, 0.000000000000000000 ) ) ;
#3406 = CARTESIAN_POINT ( 'NONE',  ( 2.700000000000000178, 0.1499999999999999944, -4.000000000000000000 ) ) ;
#3407 = EDGE_CURVE ( 'NONE', #894, #3392, #2786, .T. ) ;
#3408 = ORIENTED_EDGE ( 'NONE', *, *, #3567, .F. ) ;
#3409 = EDGE_CURVE ( 'NONE', #3231, #3370, #3411, .T. ) ;
#3410 = EDGE_LOOP ( 'NONE', ( #2365, #1775, #2784, #31 ) ) ;
#3411 = LINE ( 'NONE', #451, #2561 ) ;
#3412 = DIRECTION ( 'NONE',  ( 0.000000000000000000, -1.000000000000000000, 0.000000000000000000 ) ) ;
#3413 = DIRECTION ( 'NONE',  ( -1.000000000000000000, 0.000000000000000000, 0.000000000000000000 ) ) ;
#3414 = ORIENTED_EDGE ( 'NONE', *, *, #3453, .F. ) ;
#3415 = VECTOR ( 'NONE', #2919, 1000.000000000000000 ) ;
#3416 = CARTESIAN_POINT ( 'NONE',  ( -6.200000000000000178, 6.500000000000000000, -1.000000000000000000 ) ) ;
#3417 = VECTOR ( 'NONE', #1185, 1000.000000000000000 ) ;
#3418 = CARTESIAN_POINT ( 'NONE',  ( 2.799999999999999822, 5.293845980662999828, 0.3191245758715999803 ) ) ;
#3419 = ORIENTED_EDGE ( 'NONE', *, *, #3359, .F. ) ;
#3420 = CIRCLE ( 'NONE', #204, 0.3500000000000000333 ) ;
#3421 = DIRECTION ( 'NONE',  ( 0.000000000000000000, -1.000000000000000000, 0.000000000000000000 ) ) ;
#3422 = CARTESIAN_POINT ( 'NONE',  ( -6.200000000000000178, 2.000000000000000000, -3.700000000000000178 ) ) ;
#3423 = ORIENTED_EDGE ( 'NONE', *, *, #2456, .F. ) ;
#3424 = ORIENTED_EDGE ( 'NONE', *, *, #1840, .T. ) ;
#3425 = APPLICATION_PROTOCOL_DEFINITION ( 'draft international standard', 'automotive_design', 1998, #2319 ) ;
#3426 = CARTESIAN_POINT ( 'NONE',  ( -0.4000000000000000222, 2.949999999999999734, 1.300000000000000044 ) ) ;
#3427 = EDGE_LOOP ( 'NONE', ( #252, #1012, #2754, #2437, #292, #1243, #2084, #562, #1833, #2931 ) ) ;
#3428 = EDGE_CURVE ( 'NONE', #800, #579, #1664, .T. ) ;
#3429 = VECTOR ( 'NONE', #2679, 1000.000000000000227 ) ;
#3430 = ORIENTED_EDGE ( 'NONE', *, *, #906, .F. ) ;
#3431 = CARTESIAN_POINT ( 'NONE',  ( -2.799999999999999822, 2.799999999999999822, 0.000000000000000000 ) ) ;
#3432 = FACE_OUTER_BOUND ( 'NONE', #820, .T. ) ;
#3433 = CARTESIAN_POINT ( 'NONE',  ( -2.700000000000000178, 0.000000000000000000, -4.500000000000000000 ) ) ;
#3434 = VECTOR ( 'NONE', #1208, 1000.000000000000000 ) ;
#3435 = DIRECTION ( 'NONE',  ( 1.000000000000000000, 0.000000000000000000, 0.000000000000000000 ) ) ;
#3436 = FACE_OUTER_BOUND ( 'NONE', #1951, .T. ) ;
#3437 = DIRECTION ( 'NONE',  ( 0.000000000000000000, 0.7511704179678837523, 0.6601083268448860730 ) ) ;
#3438 = ORIENTED_EDGE ( 'NONE', *, *, #3356, .T. ) ;
#3439 = DIRECTION ( 'NONE',  ( 0.000000000000000000, -1.000000000000000000, 0.000000000000000000 ) ) ;
#3440 = VERTEX_POINT ( 'NONE', #747 ) ;
#3441 = ORIENTED_EDGE ( 'NONE', *, *, #746, .F. ) ;
#3442 = AXIS2_PLACEMENT_3D ( 'NONE', #3664, #3586, #1919 ) ;
#3443 = DIRECTION ( 'NONE',  ( 0.000000000000000000, 0.000000000000000000, -1.000000000000000000 ) ) ;
#3444 = EDGE_LOOP ( 'NONE', ( #311, #50, #3557, #1619 ) ) ;
#3445 = AXIS2_PLACEMENT_3D ( 'NONE', #2136, #72, #3303 ) ;
#3446 = EDGE_LOOP ( 'NONE', ( #2366, #3499, #2981, #3659 ) ) ;
#3447 = CARTESIAN_POINT ( 'NONE',  ( -0.4000000000000000222, 5.293845980662999828, 0.3191245758715999803 ) ) ;
#3448 = EDGE_CURVE ( 'NONE', #775, #3480, #1565, .T. ) ;
#3449 = FACE_OUTER_BOUND ( 'NONE', #1897, .T. ) ;
#3450 = CARTESIAN_POINT ( 'NONE',  ( 3.700000000000000178, 0.2648648648648999626, -3.659189189188999602 ) ) ;
#3451 = ORIENTED_EDGE ( 'NONE', *, *, #3767, .T. ) ;
#3452 = VECTOR ( 'NONE', #3365, 1000.000000000000000 ) ;
#3453 = EDGE_CURVE ( 'NONE', #680, #723, #2471, .T. ) ;
#3454 = FACE_BOUND ( 'NONE', #369, .T. ) ;
#3455 =( NAMED_UNIT ( * ) PLANE_ANGLE_UNIT ( ) SI_UNIT ( $, .RADIAN. ) );
#3456 = ORIENTED_EDGE ( 'NONE', *, *, #3785, .F. ) ;
#3457 = CARTESIAN_POINT ( 'NONE',  ( 3.700000000000000178, 0.2000000000000000111, -3.470000000000000195 ) ) ;
#3458 = CARTESIAN_POINT ( 'NONE',  ( 6.400000000000000355, 0.2000000000000000111, -1.800000000000000044 ) ) ;
#3459 = ORIENTED_EDGE ( 'NONE', *, *, #590, .F. ) ;
#3460 = CARTESIAN_POINT ( 'NONE',  ( -2.799999999999999822, 4.429999999999999716, -0.4400000000000000022 ) ) ;
#3461 = DIRECTION ( 'NONE',  ( 1.000000000000000000, 0.000000000000000000, 0.000000000000000000 ) ) ;
#3462 = VERTEX_POINT ( 'NONE', #1934 ) ;
#3463 = AXIS2_PLACEMENT_3D ( 'NONE', #119, #3695, #702 ) ;
#3464 = ORIENTED_EDGE ( 'NONE', *, *, #2918, .F. ) ;
#3465 = LINE ( 'NONE', #3447, #3163 ) ;
#3466 = CARTESIAN_POINT ( 'NONE',  ( -3.600000000000000089, 3.500000000000000000, 1.850000000000000089 ) ) ;
#3467 = LINE ( 'NONE', #3745, #1173 ) ;
#3468 = ORIENTED_EDGE ( 'NONE', *, *, #791, .T. ) ;
#3469 = CARTESIAN_POINT ( 'NONE',  ( -6.200000000000000178, 1.199999999999999956, -1.000000000000000000 ) ) ;
#3470 = EDGE_CURVE ( 'NONE', #2638, #3541, #1916, .T. ) ;
#3471 = AXIS2_PLACEMENT_3D ( 'NONE', #3684, #2235, #3394 ) ;
#3472 = CARTESIAN_POINT ( 'NONE',  ( -3.700000000000000178, 0.3499999999999999778, -4.000000000000000000 ) ) ;
#3473 = EDGE_CURVE ( 'NONE', #2731, #1636, #2174, .T. ) ;
#3474 = AXIS2_PLACEMENT_3D ( 'NONE', #1408, #1800, #1195 ) ;
#3475 = DIRECTION ( 'NONE',  ( 0.000000000000000000, -0.6601083268448859620, 0.7511704179678838633 ) ) ;
#3476 = ORIENTED_EDGE ( 'NONE', *, *, #1551, .T. ) ;
#3477 = ADVANCED_FACE ( 'NONE', ( #141 ), #2523, .T. ) ;
#3478 = FACE_OUTER_BOUND ( 'NONE', #1497, .T. ) ;
#3479 = CARTESIAN_POINT ( 'NONE',  ( -3.700000000000000178, 0.000000000000000000, -4.000000000000000000 ) ) ;
#3480 = VERTEX_POINT ( 'NONE', #2049 ) ;
#3481 = CARTESIAN_POINT ( 'NONE',  ( 0.5000000000000000000, 0.2648648648648999626, -3.659189189188999602 ) ) ;
#3482 = ORIENTED_EDGE ( 'NONE', *, *, #1845, .F. ) ;
#3483 = VECTOR ( 'NONE', #946, 1000.000000000000000 ) ;
#3484 = ORIENTED_EDGE ( 'NONE', *, *, #685, .F. ) ;
#3485 = DIRECTION ( 'NONE',  ( 0.000000000000000000, 0.000000000000000000, 1.000000000000000000 ) ) ;
#3486 = VECTOR ( 'NONE', #3258, 1000.000000000000000 ) ;
#3487 = DIRECTION ( 'NONE',  ( 0.000000000000000000, -1.000000000000000000, 0.000000000000000000 ) ) ;
#3488 = DIRECTION ( 'NONE',  ( 0.000000000000000000, 1.000000000000000000, 0.000000000000000000 ) ) ;
#3489 = ORIENTED_EDGE ( 'NONE', *, *, #1409, .T. ) ;
#3490 = CARTESIAN_POINT ( 'NONE',  ( 3.600000000000000089, 5.492497058818999633, 0.000000000000000000 ) ) ;
#3491 = PLANE ( 'NONE',  #3128 ) ;
#3492 = DIRECTION ( 'NONE',  ( -1.000000000000000000, 0.000000000000000000, 0.000000000000000000 ) ) ;
#3493 = PRODUCT_RELATED_PRODUCT_CATEGORY ( 'part', '', ( #3620 ) ) ;
#3494 = CARTESIAN_POINT ( 'NONE',  ( -0.5000000000000000000, 0.1499999999999999944, -4.000000000000000000 ) ) ;
#3495 = CARTESIAN_POINT ( 'NONE',  ( 5.500000000000000000, 1.199999999999999956, -1.000000000000000000 ) ) ;
#3496 = UNCERTAINTY_MEASURE_WITH_UNIT (LENGTH_MEASURE( 1.000000000000000082E-05 ), #1264, 'distance_accuracy_value', 'NONE');
#3497 = ORIENTED_EDGE ( 'NONE', *, *, #879, .F. ) ;
#3498 = EDGE_CURVE ( 'NONE', #410, #2333, #1743, .T. ) ;
#3499 = ORIENTED_EDGE ( 'NONE', *, *, #2643, .F. ) ;
#3500 = DIRECTION ( 'NONE',  ( 1.000000000000000000, 0.000000000000000000, 0.000000000000000000 ) ) ;
#3501 = VERTEX_POINT ( 'NONE', #3146 ) ;
#3502 = ORIENTED_EDGE ( 'NONE', *, *, #3336, .T. ) ;
#3503 = AXIS2_PLACEMENT_3D ( 'NONE', #633, #612, #2620 ) ;
#3504 = CARTESIAN_POINT ( 'NONE',  ( -0.5000000000000000000, 0.2000000000000000111, -3.470000000000000195 ) ) ;
#3505 = DIRECTION ( 'NONE',  ( 1.000000000000000000, 0.000000000000000000, 0.000000000000000000 ) ) ;
#3506 = CARTESIAN_POINT ( 'NONE',  ( -0.5000000000000000000, 0.000000000000000000, -4.000000000000000000 ) ) ;
#3507 = ORIENTED_EDGE ( 'NONE', *, *, #1573, .F. ) ;
#3508 = VECTOR ( 'NONE', #750, 1000.000000000000000 ) ;
#3509 = ORIENTED_EDGE ( 'NONE', *, *, #1234, .F. ) ;
#3510 = DIRECTION ( 'NONE',  ( 0.000000000000000000, -0.3243243243243169593, 0.9459459459459483854 ) ) ;
#3511 = CARTESIAN_POINT ( 'NONE',  ( -6.200000000000000178, 2.000000000000000000, -3.500000000000000000 ) ) ;
#3512 = ADVANCED_FACE ( 'NONE', ( #2313 ), #492, .T. ) ;
#3513 = CYLINDRICAL_SURFACE ( 'NONE', #959, 0.4500000000000000111 ) ;
#3514 = CARTESIAN_POINT ( 'NONE',  ( -6.200000000000000178, 0.05000000000000000278, -3.500000000000000000 ) ) ;
#3515 = CARTESIAN_POINT ( 'NONE',  ( 3.600000000000000089, 3.913143729881999544, 1.663059579765000073 ) ) ;
#3516 = VERTEX_POINT ( 'NONE', #3431 ) ;
#3517 = EDGE_CURVE ( 'NONE', #330, #242, #876, .T. ) ;
#3518 = ORIENTED_EDGE ( 'NONE', *, *, #3470, .T. ) ;
#3519 = CARTESIAN_POINT ( 'NONE',  ( 2.700000000000000178, 0.5487119154833001167, -3.500000000000000000 ) ) ;
#3520 = PLANE ( 'NONE',  #3062 ) ;
#3521 = ORIENTED_EDGE ( 'NONE', *, *, #783, .T. ) ;
#3522 = VERTEX_POINT ( 'NONE', #787 ) ;
#3523 = PLANE ( 'NONE',  #2379 ) ;
#3524 = EDGE_CURVE ( 'NONE', #2310, #775, #3465, .T. ) ;
#3525 = FACE_OUTER_BOUND ( 'NONE', #1217, .T. ) ;
#3526 = DIRECTION ( 'NONE',  ( 0.000000000000000000, -1.000000000000000000, 0.000000000000000000 ) ) ;
#3527 = VERTEX_POINT ( 'NONE', #3219 ) ;
#3528 = CARTESIAN_POINT ( 'NONE',  ( 0.4000000000000000222, 3.500000000000000000, 1.300000000000000044 ) ) ;
#3529 = VECTOR ( 'NONE', #1486, 1000.000000000000000 ) ;
#3530 = LINE ( 'NONE', #1826, #1169 ) ;
#3531 = CARTESIAN_POINT ( 'NONE',  ( -6.200000000000000178, 1.199999999999999956, -1.000000000000000000 ) ) ;
#3532 = VECTOR ( 'NONE', #2734, 1000.000000000000000 ) ;
#3533 = DIRECTION ( 'NONE',  ( -1.000000000000000000, 0.000000000000000000, 0.000000000000000000 ) ) ;
#3534 = FACE_OUTER_BOUND ( 'NONE', #1599, .T. ) ;
#3535 = CARTESIAN_POINT ( 'NONE',  ( -4.890000000000000568, 0.05000000000000000278, 0.000000000000000000 ) ) ;
#3536 = AXIS2_PLACEMENT_3D ( 'NONE', #503, #120, #3439 ) ;
#3537 = VERTEX_POINT ( 'NONE', #513 ) ;
#3538 = EDGE_LOOP ( 'NONE', ( #2600, #472, #2650, #1135 ) ) ;
#3539 = VECTOR ( 'NONE', #554, 1000.000000000000000 ) ;
#3540 = CARTESIAN_POINT ( 'NONE',  ( -4.700000000000000178, 0.05000000000000000278, -3.700000000000000178 ) ) ;
#3541 = VERTEX_POINT ( 'NONE', #2841 ) ;
#3542 = EDGE_LOOP ( 'NONE', ( #1285, #1104, #2576, #2969 ) ) ;
#3543 = DIRECTION ( 'NONE',  ( -1.000000000000000000, 0.000000000000000000, 0.000000000000000000 ) ) ;
#3544 = EDGE_CURVE ( 'NONE', #3043, #3271, #3781, .T. ) ;
#3545 = CARTESIAN_POINT ( 'NONE',  ( 5.500000000000000000, 6.500000000000000000, -1.000000000000000000 ) ) ;
#3546 = LINE ( 'NONE', #2356, #1857 ) ;
#3547 = ORIENTED_EDGE ( 'NONE', *, *, #1973, .T. ) ;
#3548 = VECTOR ( 'NONE', #1829, 1000.000000000000000 ) ;
#3549 = VECTOR ( 'NONE', #1720, 999.9999999999998863 ) ;
#3550 = DIRECTION ( 'NONE',  ( 1.000000000000000000, 0.000000000000000000, 0.000000000000000000 ) ) ;
#3551 = APPLICATION_CONTEXT ( 'automotive_design' ) ;
#3552 = CARTESIAN_POINT ( 'NONE',  ( -3.520000000000000018, 0.05000000000000000278, -1.500000000000000000 ) ) ;
#3553 = LINE ( 'NONE', #3000, #91 ) ;
#3554 = DIRECTION ( 'NONE',  ( 0.000000000000000000, 1.000000000000000000, 0.000000000000000000 ) ) ;
#3555 = CARTESIAN_POINT ( 'NONE',  ( -3.700000000000000178, 0.000000000000000000, -4.500000000000000000 ) ) ;
#3556 = ORIENTED_EDGE ( 'NONE', *, *, #838, .F. ) ;
#3557 = ORIENTED_EDGE ( 'NONE', *, *, #721, .F. ) ;
#3558 = CARTESIAN_POINT ( 'NONE',  ( 2.799999999999999822, 5.181170417968000486, 0.2201083268449000041 ) ) ;
#3559 = ORIENTED_EDGE ( 'NONE', *, *, #1933, .T. ) ;
#3560 = ORIENTED_EDGE ( 'NONE', *, *, #3013, .F. ) ;
#3561 = EDGE_CURVE ( 'NONE', #2745, #2936, #2917, .T. ) ;
#3562 = DIRECTION ( 'NONE',  ( -0.000000000000000000, 1.000000000000000000, 0.000000000000000000 ) ) ;
#3563 = DIRECTION ( 'NONE',  ( 0.000000000000000000, 1.000000000000000000, 0.000000000000000000 ) ) ;
#3564 = CARTESIAN_POINT ( 'NONE',  ( -2.799999999999999822, 5.293845980662999828, 0.3191245758715999803 ) ) ;
#3565 = VERTEX_POINT ( 'NONE', #2859 ) ;
#3566 = EDGE_CURVE ( 'NONE', #122, #2496, #3184, .T. ) ;
#3567 = EDGE_CURVE ( 'NONE', #2464, #2060, #2578, .T. ) ;
#3568 = VERTEX_POINT ( 'NONE', #197 ) ;
#3569 = CARTESIAN_POINT ( 'NONE',  ( -0.4000000000000000222, 2.949999999999999734, 0.000000000000000000 ) ) ;
#3570 = ADVANCED_FACE ( 'NONE', ( #2013 ), #2559, .T. ) ;
#3571 = VECTOR ( 'NONE', #3174, 1000.000000000000000 ) ;
#3572 = FACE_OUTER_BOUND ( 'NONE', #3040, .T. ) ;
#3573 = LINE ( 'NONE', #1493, #3548 ) ;
#3574 = CARTESIAN_POINT ( 'NONE',  ( -4.700000000000000178, 6.500000000000000000, -3.700000000000000178 ) ) ;
#3575 = EDGE_CURVE ( 'NONE', #2631, #2731, #1156, .T. ) ;
#3576 = FACE_OUTER_BOUND ( 'NONE', #2224, .T. ) ;
#3577 = ORIENTED_EDGE ( 'NONE', *, *, #1449, .T. ) ;
#3578 = VECTOR ( 'NONE', #1735, 1000.000000000000000 ) ;
#3579 = ORIENTED_EDGE ( 'NONE', *, *, #3643, .T. ) ;
#3580 = VERTEX_POINT ( 'NONE', #805 ) ;
#3581 = VERTEX_POINT ( 'NONE', #844 ) ;
#3582 = PLANE ( 'NONE',  #2681 ) ;
#3583 = CARTESIAN_POINT ( 'NONE',  ( -3.600000000000000089, 3.500000000000000000, 1.300000000000000044 ) ) ;
#3584 = CARTESIAN_POINT ( 'NONE',  ( -6.200000000000000178, 0.05000000000000000278, -2.100000000000000089 ) ) ;
#3585 = VERTEX_POINT ( 'NONE', #3165 ) ;
#3586 = DIRECTION ( 'NONE',  ( 1.000000000000000000, 0.000000000000000000, 0.000000000000000000 ) ) ;
#3587 = CARTESIAN_POINT ( 'NONE',  ( -6.200000000000000178, 2.000000000000000000, -3.700000000000000178 ) ) ;
#3588 = VECTOR ( 'NONE', #387, 1000.000000000000114 ) ;
#3589 = LINE ( 'NONE', #2139, #20 ) ;
#3590 = LINE ( 'NONE', #265, #3052 ) ;
#3591 = ADVANCED_FACE ( 'NONE', ( #1707 ), #2879, .T. ) ;
#3592 = LINE ( 'NONE', #619, #3637 ) ;
#3593 = ORIENTED_EDGE ( 'NONE', *, *, #3104, .F. ) ;
#3594 = AXIS2_PLACEMENT_3D ( 'NONE', #2547, #496, #1669 ) ;
#3595 = VECTOR ( 'NONE', #3316, 1000.000000000000000 ) ;
#3596 = LINE ( 'NONE', #3519, #1630 ) ;
#3597 = ORIENTED_EDGE ( 'NONE', *, *, #2977, .T. ) ;
#3598 = ORIENTED_EDGE ( 'NONE', *, *, #3088, .F. ) ;
#3599 = AXIS2_PLACEMENT_3D ( 'NONE', #834, #2346, #3068 ) ;
#3600 = DIRECTION ( 'NONE',  ( 0.000000000000000000, 1.000000000000000000, 0.000000000000000000 ) ) ;
#3601 = DIRECTION ( 'NONE',  ( 0.000000000000000000, -1.000000000000000000, 0.000000000000000000 ) ) ;
#3602 = DIRECTION ( 'NONE',  ( -0.000000000000000000, 1.000000000000000000, 0.000000000000000000 ) ) ;
#3603 = ORIENTED_EDGE ( 'NONE', *, *, #2203, .T. ) ;
#3604 = LINE ( 'NONE', #107, #611 ) ;
#3605 = AXIS2_PLACEMENT_3D ( 'NONE', #907, #1236, #2645 ) ;
#3606 = VECTOR ( 'NONE', #725, 1000.000000000000000 ) ;
#3607 = CARTESIAN_POINT ( 'NONE',  ( 3.700000000000000178, 0.3977371993329000266, -3.500000000000000000 ) ) ;
#3608 = EDGE_CURVE ( 'NONE', #680, #796, #237, .T. ) ;
#3609 = CARTESIAN_POINT ( 'NONE',  ( 0.4000000000000000222, 3.500000000000000000, 1.850000000000000089 ) ) ;
#3610 = VECTOR ( 'NONE', #977, 1000.000000000000000 ) ;
#3611 = CARTESIAN_POINT ( 'NONE',  ( -6.400000000000000355, 0.000000000000000000, -0.5000000000000000000 ) ) ;
#3612 = CARTESIAN_POINT ( 'NONE',  ( 2.700000000000000178, 0.000000000000000000, -4.500000000000000000 ) ) ;
#3613 = ORIENTED_EDGE ( 'NONE', *, *, #1845, .T. ) ;
#3614 = EDGE_CURVE ( 'NONE', #2333, #3387, #2739, .T. ) ;
#3615 = DIRECTION ( 'NONE',  ( -1.000000000000000000, 0.000000000000000000, 0.000000000000000000 ) ) ;
#3616 = ORIENTED_EDGE ( 'NONE', *, *, #262, .F. ) ;
#3617 = AXIS2_PLACEMENT_3D ( 'NONE', #193, #3105, #1639 ) ;
#3618 = EDGE_CURVE ( 'NONE', #3776, #2731, #545, .T. ) ;
#3619 = VERTEX_POINT ( 'NONE', #3801 ) ;
#3620 = PRODUCT ( '1746142-1', '1746142-1', '', ( #2308 ) ) ;
#3621 = CARTESIAN_POINT ( 'NONE',  ( -3.700000000000000178, 0.1499999999999999944, -4.500000000000000000 ) ) ;
#3622 = DIRECTION ( 'NONE',  ( -0.000000000000000000, 1.000000000000000000, 0.000000000000000000 ) ) ;
#3623 = PLANE ( 'NONE',  #3363 ) ;
#3624 = ORIENTED_EDGE ( 'NONE', *, *, #1407, .T. ) ;
#3625 = CARTESIAN_POINT ( 'NONE',  ( -0.4000000000000000222, 5.327997772825999512, 0.000000000000000000 ) ) ;
#3626 = CARTESIAN_POINT ( 'NONE',  ( -0.4000000000000000222, 2.799999999999999822, 0.000000000000000000 ) ) ;
#3627 = PLANE ( 'NONE',  #1895 ) ;
#3628 = VECTOR ( 'NONE', #2659, 1000.000000000000000 ) ;
#3629 = LINE ( 'NONE', #3668, #1384 ) ;
#3630 = FACE_OUTER_BOUND ( 'NONE', #3295, .T. ) ;
#3631 = EDGE_CURVE ( 'NONE', #2626, #1587, #3404, .T. ) ;
#3632 = AXIS2_PLACEMENT_3D ( 'NONE', #1003, #412, #2506 ) ;
#3633 = CARTESIAN_POINT ( 'NONE',  ( 2.799999999999999822, 2.949999999999999734, 0.000000000000000000 ) ) ;
#3634 = VERTEX_POINT ( 'NONE', #3009 ) ;
#3635 = DIRECTION ( 'NONE',  ( 0.000000000000000000, 0.000000000000000000, -1.000000000000000000 ) ) ;
#3636 = VERTEX_POINT ( 'NONE', #2449 ) ;
#3637 = VECTOR ( 'NONE', #2407, 1000.000000000000000 ) ;
#3638 = ORIENTED_EDGE ( 'NONE', *, *, #524, .T. ) ;
#3639 = DIRECTION ( 'NONE',  ( 1.000000000000000000, 0.000000000000000000, 0.000000000000000000 ) ) ;
#3640 = FACE_OUTER_BOUND ( 'NONE', #1580, .T. ) ;
#3641 = DIRECTION ( 'NONE',  ( 0.000000000000000000, 1.000000000000000000, 0.000000000000000000 ) ) ;
#3642 = ORIENTED_EDGE ( 'NONE', *, *, #1694, .T. ) ;
#3643 = EDGE_CURVE ( 'NONE', #3231, #1581, #2371, .T. ) ;
#3644 = LINE ( 'NONE', #1348, #2950 ) ;
#3645 = EDGE_CURVE ( 'NONE', #486, #1908, #1544, .T. ) ;
#3646 = EDGE_CURVE ( 'NONE', #2409, #3634, #32, .T. ) ;
#3647 = LINE ( 'NONE', #356, #2839 ) ;
#3648 = CARTESIAN_POINT ( 'NONE',  ( 6.400000000000000355, 0.2000000000000000111, -1.800000000000000044 ) ) ;
#3649 = CARTESIAN_POINT ( 'NONE',  ( -0.4000000000000000222, 4.429999999999999716, -0.4400000000000000022 ) ) ;
#3650 = DIRECTION ( 'NONE',  ( 0.000000000000000000, 0.000000000000000000, -1.000000000000000000 ) ) ;
#3651 = VECTOR ( 'NONE', #2978, 1000.000000000000000 ) ;
#3652 = EDGE_LOOP ( 'NONE', ( #2092, #2044, #745, #609 ) ) ;
#3653 = VECTOR ( 'NONE', #2040, 1000.000000000000000 ) ;
#3654 = CARTESIAN_POINT ( 'NONE',  ( -3.600000000000000089, 2.799999999999999822, 0.000000000000000000 ) ) ;
#3655 = EDGE_LOOP ( 'NONE', ( #1034, #2708, #2591, #423 ) ) ;
#3656 = ORIENTED_EDGE ( 'NONE', *, *, #2783, .F. ) ;
#3657 = CIRCLE ( 'NONE', #2004, 0.6999999999999998446 ) ;
#3658 = PLANE ( 'NONE',  #1210 ) ;
#3659 = ORIENTED_EDGE ( 'NONE', *, *, #3377, .T. ) ;
#3660 = AXIS2_PLACEMENT_3D ( 'NONE', #3139, #1603, #3421 ) ;
#3661 = CARTESIAN_POINT ( 'NONE',  ( -4.700000000000000178, 2.000000000000000000, -3.500000000000000000 ) ) ;
#3662 = ADVANCED_FACE ( 'NONE', ( #586 ), #878, .T. ) ;
#3663 = DIRECTION ( 'NONE',  ( 0.000000000000000000, 0.000000000000000000, -1.000000000000000000 ) ) ;
#3664 = CARTESIAN_POINT ( 'NONE',  ( 3.600000000000000089, 4.429999999999999716, -0.4400000000000000022 ) ) ;
#3665 = LINE ( 'NONE', #357, #2791 ) ;
#3666 = AXIS2_PLACEMENT_3D ( 'NONE', #831, #2021, #1944 ) ;
#3667 = CARTESIAN_POINT ( 'NONE',  ( -0.5000000000000000000, 0.000000000000000000, -4.500000000000000000 ) ) ;
#3668 = CARTESIAN_POINT ( 'NONE',  ( -3.600000000000000089, 4.025819292578000308, 1.762075828791000109 ) ) ;
#3669 = CARTESIAN_POINT ( 'NONE',  ( 4.899999999999999467, 0.5500000000000000444, -1.800000000000000044 ) ) ;
#3670 = VECTOR ( 'NONE', #3375, 1000.000000000000000 ) ;
#3671 = PLANE ( 'NONE',  #1105 ) ;
#3672 = ORIENTED_EDGE ( 'NONE', *, *, #5, .F. ) ;
#3673 = AXIS2_PLACEMENT_3D ( 'NONE', #1801, #2980, #2373 ) ;
#3674 = DIRECTION ( 'NONE',  ( 0.000000000000000000, 0.3243243243243169038, -0.9459459459459486075 ) ) ;
#3675 = ORIENTED_EDGE ( 'NONE', *, *, #354, .T. ) ;
#3676 = ORIENTED_EDGE ( 'NONE', *, *, #3517, .T. ) ;
#3677 = DIRECTION ( 'NONE',  ( 1.000000000000000000, 0.000000000000000000, 0.000000000000000000 ) ) ;
#3678 = ORIENTED_EDGE ( 'NONE', *, *, #1425, .T. ) ;
#3679 = CARTESIAN_POINT ( 'NONE',  ( 4.700000000000000178, 0.05000000000000000278, -3.700000000000000178 ) ) ;
#3680 = FACE_OUTER_BOUND ( 'NONE', #3750, .T. ) ;
#3681 = LINE ( 'NONE', #2276, #3508 ) ;
#3682 = ORIENTED_EDGE ( 'NONE', *, *, #1332, .F. ) ;
#3683 = ORIENTED_EDGE ( 'NONE', *, *, #1425, .F. ) ;
#3684 = CARTESIAN_POINT ( 'NONE',  ( -2.799999999999999822, 3.500000000000000000, 1.300000000000000044 ) ) ;
#3685 = CARTESIAN_POINT ( 'NONE',  ( -3.700000000000000178, 0.3977371993329000266, -3.500000000000000000 ) ) ;
#3686 = DIRECTION ( 'NONE',  ( -1.000000000000000000, 0.000000000000000000, 0.000000000000000000 ) ) ;
#3687 = AXIS2_PLACEMENT_3D ( 'NONE', #2300, #2604, #3152 ) ;
#3688 = VERTEX_POINT ( 'NONE', #68 ) ;
#3689 = ADVANCED_FACE ( 'NONE', ( #1506 ), #3236, .T. ) ;
#3690 = ADVANCED_FACE ( 'NONE', ( #2413 ), #3523, .T. ) ;
#3691 = CIRCLE ( 'NONE', #3632, 0.5500000000000001554 ) ;
#3692 = LINE ( 'NONE', #3120, #3388 ) ;
#3693 = EDGE_LOOP ( 'NONE', ( #25, #97, #726, #2535 ) ) ;
#3694 = ORIENTED_EDGE ( 'NONE', *, *, #1249, .T. ) ;
#3695 = DIRECTION ( 'NONE',  ( 0.000000000000000000, 0.000000000000000000, 1.000000000000000000 ) ) ;
#3696 = CARTESIAN_POINT ( 'NONE',  ( 4.890000000000000568, 0.5500000000000000444, 0.000000000000000000 ) ) ;
#3697 = ORIENTED_EDGE ( 'NONE', *, *, #402, .F. ) ;
#3698 = ORIENTED_EDGE ( 'NONE', *, *, #495, .F. ) ;
#3699 = VECTOR ( 'NONE', #1656, 1000.000000000000000 ) ;
#3700 = DIRECTION ( 'NONE',  ( -1.000000000000000000, 0.000000000000000000, 0.000000000000000000 ) ) ;
#3701 = CARTESIAN_POINT ( 'NONE',  ( -0.5000000000000000000, 0.000000000000000000, -4.000000000000000000 ) ) ;
#3702 = LINE ( 'NONE', #1625, #981 ) ;
#3703 = ORIENTED_EDGE ( 'NONE', *, *, #2494, .F. ) ;
#3704 = CARTESIAN_POINT ( 'NONE',  ( -3.700000000000000178, 0.2000000000000000111, -3.470000000000000195 ) ) ;
#3705 = DIRECTION ( 'NONE',  ( 0.000000000000000000, 0.000000000000000000, 1.000000000000000000 ) ) ;
#3706 = LINE ( 'NONE', #2831, #210 ) ;
#3707 = EDGE_LOOP ( 'NONE', ( #2460, #3598, #651, #758 ) ) ;
#3708 = EDGE_CURVE ( 'NONE', #1581, #1262, #936, .T. ) ;
#3709 = FACE_OUTER_BOUND ( 'NONE', #2617, .T. ) ;
#3710 = DIRECTION ( 'NONE',  ( 0.000000000000000000, -1.000000000000000000, 0.000000000000000000 ) ) ;
#3711 = VERTEX_POINT ( 'NONE', #1212 ) ;
#3712 = EDGE_CURVE ( 'NONE', #3619, #951, #3315, .T. ) ;
#3713 = ORIENTED_EDGE ( 'NONE', *, *, #2972, .F. ) ;
#3714 = VECTOR ( 'NONE', #3485, 1000.000000000000000 ) ;
#3715 = CARTESIAN_POINT ( 'NONE',  ( 2.799999999999999822, 2.949999999999999734, 1.300000000000000044 ) ) ;
#3716 = ORIENTED_EDGE ( 'NONE', *, *, #2258, .F. ) ;
#3717 = AXIS2_PLACEMENT_3D ( 'NONE', #2845, #182, #223 ) ;
#3718 = EDGE_CURVE ( 'NONE', #2184, #36, #2955, .T. ) ;
#3719 = ORIENTED_EDGE ( 'NONE', *, *, #406, .F. ) ;
#3720 = DIRECTION ( 'NONE',  ( 0.000000000000000000, -1.000000000000000000, 0.000000000000000000 ) ) ;
#3721 = DIRECTION ( 'NONE',  ( 1.000000000000000000, 0.000000000000000000, 0.000000000000000000 ) ) ;
#3722 = CYLINDRICAL_SURFACE ( 'NONE', #298, 1.149999999999999911 ) ;
#3723 = ORIENTED_EDGE ( 'NONE', *, *, #1566, .F. ) ;
#3724 = VECTOR ( 'NONE', #3563, 1000.000000000000000 ) ;
#3725 = DIRECTION ( 'NONE',  ( 0.000000000000000000, 0.9886859966642603803, -0.1499999999999939715 ) ) ;
#3726 = AXIS2_PLACEMENT_3D ( 'NONE', #1025, #3358, #1922 ) ;
#3727 = DIRECTION ( 'NONE',  ( -1.000000000000000000, 0.000000000000000000, 0.000000000000000000 ) ) ;
#3728 = FACE_OUTER_BOUND ( 'NONE', #2085, .T. ) ;
#3729 = VERTEX_POINT ( 'NONE', #956 ) ;
#3730 = CARTESIAN_POINT ( 'NONE',  ( -3.600000000000000089, 4.025819292578000308, 1.762075828791000109 ) ) ;
#3731 = LINE ( 'NONE', #3495, #116 ) ;
#3732 = EDGE_LOOP ( 'NONE', ( #1321, #3509, #3624, #2546 ) ) ;
#3733 = ORIENTED_EDGE ( 'NONE', *, *, #866, .T. ) ;
#3734 = VECTOR ( 'NONE', #2380, 1000.000000000000000 ) ;
#3735 = VECTOR ( 'NONE', #2913, 1000.000000000000000 ) ;
#3736 = CARTESIAN_POINT ( 'NONE',  ( 1.084202172485504434E-16, 2.411274599576597268E-17, -1.500000000000000000 ) ) ;
#3737 = ADVANCED_FACE ( 'NONE', ( #3821 ), #3582, .T. ) ;
#3738 = LINE ( 'NONE', #762, #1896 ) ;
#3739 = ORIENTED_EDGE ( 'NONE', *, *, #808, .F. ) ;
#3740 = ORIENTED_EDGE ( 'NONE', *, *, #1263, .F. ) ;
#3741 = CARTESIAN_POINT ( 'NONE',  ( -5.100000000000000533, 0.4500000000000000111, -0.5000000000000000000 ) ) ;
#3742 = EDGE_CURVE ( 'NONE', #3814, #2240, #3278, .T. ) ;
#3743 = FACE_OUTER_BOUND ( 'NONE', #3542, .T. ) ;
#3744 = EDGE_CURVE ( 'NONE', #720, #1127, #2619, .T. ) ;
#3745 = CARTESIAN_POINT ( 'NONE',  ( 0.5000000000000000000, 0.000000000000000000, -4.500000000000000000 ) ) ;
#3746 = ORIENTED_EDGE ( 'NONE', *, *, #184, .T. ) ;
#3747 = FACE_BOUND ( 'NONE', #1970, .T. ) ;
#3748 = LINE ( 'NONE', #1962, #1476 ) ;
#3749 = FACE_OUTER_BOUND ( 'NONE', #1223, .T. ) ;
#3750 = EDGE_LOOP ( 'NONE', ( #3182, #487, #1484, #1155 ) ) ;
#3751 = DIRECTION ( 'NONE',  ( 1.000000000000000000, 0.000000000000000000, 0.000000000000000000 ) ) ;
#3752 = ADVANCED_FACE ( 'NONE', ( #1194 ), #2393, .T. ) ;
#3753 = DIRECTION ( 'NONE',  ( 0.000000000000000000, 0.000000000000000000, -1.000000000000000000 ) ) ;
#3754 = ORIENTED_EDGE ( 'NONE', *, *, #622, .T. ) ;
#3755 = EDGE_LOOP ( 'NONE', ( #2253, #2064, #3380, #3145, #3740, #336, #1547, #1844 ) ) ;
#3756 = CIRCLE ( 'NONE', #3503, 1.149999999999999245 ) ;
#3757 = ADVANCED_FACE ( 'NONE', ( #1228, #314 ), #2433, .F. ) ;
#3758 = LINE ( 'NONE', #1795, #2640 ) ;
#3759 = ORIENTED_EDGE ( 'NONE', *, *, #973, .F. ) ;
#3760 = ORIENTED_EDGE ( 'NONE', *, *, #3614, .T. ) ;
#3761 = CARTESIAN_POINT ( 'NONE',  ( 5.349999999999999645, 0.000000000000000000, -0.5000000000000000000 ) ) ;
#3762 = ADVANCED_FACE ( 'NONE', ( #331 ), #1526, .T. ) ;
#3763 = DIRECTION ( 'NONE',  ( 1.000000000000000000, 0.000000000000000000, 0.000000000000000000 ) ) ;
#3764 = FACE_OUTER_BOUND ( 'NONE', #1945, .T. ) ;
#3765 = ORIENTED_EDGE ( 'NONE', *, *, #214, .T. ) ;
#3766 = VECTOR ( 'NONE', #322, 1000.000000000000000 ) ;
#3767 = EDGE_CURVE ( 'NONE', #644, #2874, #3103, .T. ) ;
#3768 = ADVANCED_FACE ( 'NONE', ( #407 ), #446, .T. ) ;
#3769 = FACE_OUTER_BOUND ( 'NONE', #2685, .T. ) ;
#3770 = FACE_BOUND ( 'NONE', #542, .T. ) ;
#3771 = CARTESIAN_POINT ( 'NONE',  ( -2.479999999999999982, 0.05000000000000000278, -1.500000000000000000 ) ) ;
#3772 = ORIENTED_EDGE ( 'NONE', *, *, #2456, .T. ) ;
#3773 = VECTOR ( 'NONE', #1887, 1000.000000000000000 ) ;
#3774 = DIRECTION ( 'NONE',  ( 1.000000000000000000, 0.000000000000000000, 0.000000000000000000 ) ) ;
#3775 = CARTESIAN_POINT ( 'NONE',  ( -3.600000000000000089, 2.799999999999999822, 0.000000000000000000 ) ) ;
#3776 = VERTEX_POINT ( 'NONE', #3621 ) ;
#3777 = CARTESIAN_POINT ( 'NONE',  ( -0.5000000000000000000, 0.3499999999999999778, -4.000000000000000000 ) ) ;
#3778 = ORIENTED_EDGE ( 'NONE', *, *, #856, .F. ) ;
#3779 = VECTOR ( 'NONE', #918, 1000.000000000000000 ) ;
#3780 = ORIENTED_EDGE ( 'NONE', *, *, #3031, .F. ) ;
#3781 = LINE ( 'NONE', #3741, #940 ) ;
#3782 = DIRECTION ( 'NONE',  ( 0.000000000000000000, -1.000000000000000000, 0.000000000000000000 ) ) ;
#3783 = DIRECTION ( 'NONE',  ( -1.000000000000000000, 0.000000000000000000, 0.000000000000000000 ) ) ;
#3784 = VERTEX_POINT ( 'NONE', #743 ) ;
#3785 = EDGE_CURVE ( 'NONE', #2107, #3619, #1305, .T. ) ;
#3786 = AXIS2_PLACEMENT_3D ( 'NONE', #1355, #2277, #1062 ) ;
#3787 = DIRECTION ( 'NONE',  ( 1.000000000000000000, 0.000000000000000000, 0.000000000000000000 ) ) ;
#3788 = CYLINDRICAL_SURFACE ( 'NONE', #1273, 0.6999999999999999556 ) ;
#3789 = AXIS2_PLACEMENT_3D ( 'NONE', #3201, #1158, #2598 ) ;
#3790 = CARTESIAN_POINT ( 'NONE',  ( 0.4000000000000000222, 5.293845980662999828, 0.3191245758715999803 ) ) ;
#3791 = CARTESIAN_POINT ( 'NONE',  ( 4.700000000000000178, 2.000000000000000000, -3.500000000000000000 ) ) ;
#3792 = DIRECTION ( 'NONE',  ( 0.000000000000000000, 1.000000000000000000, 0.000000000000000000 ) ) ;
#3793 = SHAPE_REPRESENTATION ( '1746142-1', ( #3463 ), #2983 ) ;
#3794 = AXIS2_PLACEMENT_3D ( 'NONE', #2766, #2440, #3355 ) ;
#3795 = ORIENTED_EDGE ( 'NONE', *, *, #3561, .F. ) ;
#3796 = CARTESIAN_POINT ( 'NONE',  ( 3.600000000000000089, 3.913143729881999544, 1.663059579765000073 ) ) ;
#3797 = ORIENTED_EDGE ( 'NONE', *, *, #2894, .F. ) ;
#3798 = VECTOR ( 'NONE', #1787, 1000.000000000000000 ) ;
#3799 = AXIS2_PLACEMENT_3D ( 'NONE', #1918, #2821, #1038 ) ;
#3800 = ORIENTED_EDGE ( 'NONE', *, *, #1671, .F. ) ;
#3801 = CARTESIAN_POINT ( 'NONE',  ( -3.700000000000000178, 0.3135135135134999862, -3.801081081081000068 ) ) ;
#3802 = AXIS2_PLACEMENT_3D ( 'NONE', #1604, #3029, #368 ) ;
#3803 = LINE ( 'NONE', #2956, #3173 ) ;
#3804 = DIRECTION ( 'NONE',  ( 0.000000000000000000, 0.7511704179678406756, 0.6601083268449350339 ) ) ;
#3805 = ORIENTED_EDGE ( 'NONE', *, *, #2899, .T. ) ;
#3806 = ADVANCED_FACE ( 'NONE', ( #366 ), #2246, .T. ) ;
#3807 = CARTESIAN_POINT ( 'NONE',  ( -4.890000000000000568, 0.5500000000000000444, -2.100000000000000089 ) ) ;
#3808 = EDGE_CURVE ( 'NONE', #36, #1160, #3085, .T. ) ;
#3809 = DIRECTION ( 'NONE',  ( 0.000000000000000000, 1.000000000000000000, 0.000000000000000000 ) ) ;
#3810 = CARTESIAN_POINT ( 'NONE',  ( 6.200000000000000178, 0.05000000000000000278, -3.700000000000000178 ) ) ;
#3811 = DIRECTION ( 'NONE',  ( 0.000000000000000000, 0.000000000000000000, 1.000000000000000000 ) ) ;
#3812 = LINE ( 'NONE', #1167, #263 ) ;
#3813 = CARTESIAN_POINT ( 'NONE',  ( 6.400000000000000355, 0.2000000000000000111, -0.5000000000000000000 ) ) ;
#3814 = VERTEX_POINT ( 'NONE', #2742 ) ;
#3815 = ORIENTED_EDGE ( 'NONE', *, *, #1678, .F. ) ;
#3816 = EDGE_CURVE ( 'NONE', #194, #1057, #3046, .T. ) ;
#3817 = CARTESIAN_POINT ( 'NONE',  ( 2.799999999999999822, 3.500000000000000000, 1.850000000000000089 ) ) ;
#3818 = ORIENTED_EDGE ( 'NONE', *, *, #1188, .T. ) ;
#3819 = VERTEX_POINT ( 'NONE', #2536 ) ;
#3820 = AXIS2_PLACEMENT_3D ( 'NONE', #687, #2176, #983 ) ;
#3821 = FACE_OUTER_BOUND ( 'NONE', #1511, .T. ) ;
#3822 = CARTESIAN_POINT ( 'NONE',  ( -5.100000000000000533, 0.5500000000000000444, -1.800000000000000044 ) ) ;
#3823 = CARTESIAN_POINT ( 'NONE',  ( -0.4000000000000000222, 2.949999999999999734, 0.000000000000000000 ) ) ;
#3824 = EDGE_LOOP ( 'NONE', ( #1953, #679, #454, #3502 ) ) ;
#3825 = VECTOR ( 'NONE', #2582, 1000.000000000000000 ) ;
#3826 = ORIENTED_EDGE ( 'NONE', *, *, #997, .T. ) ;
#3827 = LINE ( 'NONE', #2401, #52 ) ;
#3828 = LINE ( 'NONE', #616, #3734 ) ;
#3829 = NEXT_ASSEMBLY_USAGE_OCCURRENCE ( 'NAUO1', ' ', ' ', #995, #2822, $ ) ;
ENDSEC;
END-ISO-10303-21;
