ISO-10303-21;
HEADER;
FILE_DESCRIPTION(('STEP AP242'),'1');
FILE_NAME('1977066-1.stp','2022-08-27T17:02:37',('TraceParts'),('TraceParts S.A.'),'Spatial InterOp 3D',' ',' ');
FILE_SCHEMA(('AP242_MANAGED_MODEL_BASED_3D_ENGINEERING_MIM_LF  {1 0 10303 442 1 1 4}'));
ENDSEC;
DATA;
#1=PRODUCT_DEFINITION_CONTEXT('',#9,'design');
#2=APPLICATION_PROTOCOL_DEFINITION('INTERNATIONAL STANDARD','ap242_managed_model_based_3d_engineering',2014,#9);
#3=PRODUCT_CATEGORY_RELATIONSHIP('NONE','NONE',#10,#11);
#4=SHAPE_DEFINITION_REPRESENTATION(#12,#13);
#5= (GEOMETRIC_REPRESENTATION_CONTEXT(3)GLOBAL_UNCERTAINTY_ASSIGNED_CONTEXT((#16))GLOBAL_UNIT_ASSIGNED_CONTEXT((#18,#19,#20))REPRESENTATION_CONTEXT('NONE','WORKSPACE'));
#9=APPLICATION_CONTEXT('managed model based 3d engineering');
#10=PRODUCT_CATEGORY('part','NONE');
#11=PRODUCT_RELATED_PRODUCT_CATEGORY('detail',' ',(#22));
#12=PRODUCT_DEFINITION_SHAPE('NONE','NONE',#23);
#13=ADVANCED_BREP_SHAPE_REPRESENTATION('1977066-1',(#24,#25),#5);
#16=UNCERTAINTY_MEASURE_WITH_UNIT(LENGTH_MEASURE(1.0E-06),#18,'','');
#18= (CONVERSION_BASED_UNIT('MILLIMETRE',#28)LENGTH_UNIT()NAMED_UNIT(#31));
#19= (NAMED_UNIT(#33)PLANE_ANGLE_UNIT()SI_UNIT($,.RADIAN.));
#20= (NAMED_UNIT(#33)SOLID_ANGLE_UNIT()SI_UNIT($,.STERADIAN.));
#22=PRODUCT('1977066-1','1977066-1','PART-1977066-1-DESC',(#39));
#23=PRODUCT_DEFINITION('','NONE',#40,#1);
#24=MANIFOLD_SOLID_BREP('1977066-1',#41);
#25=AXIS2_PLACEMENT_3D('',#42,#43,#44);
#28=LENGTH_MEASURE_WITH_UNIT(LENGTH_MEASURE(1.0),#45);
#31=DIMENSIONAL_EXPONENTS(1.0,0.0,0.0,0.0,0.0,0.0,0.0);
#33=DIMENSIONAL_EXPONENTS(0.0,0.0,0.0,0.0,0.0,0.0,0.0);
#39=PRODUCT_CONTEXT('',#9,'mechanical');
#40=PRODUCT_DEFINITION_FORMATION_WITH_SPECIFIED_SOURCE(' ','NONE',#22,.NOT_KNOWN.);
#41=CLOSED_SHELL('',(#46,#47,#48,#49,#50,#51,#52,#53,#54,#55,#56,#57,#58,#59,#60,#61,#62,#63,#64,#65,#66,#67,#68,#69,#70,#71,#72,#73,#74,#75,#76,#77,#78,#79,#80,#81,#82,#83,#84,#85,#86,#87,#88,#89,#90,#91,#92,#93,#94,#95,#96,#97,#98,#99,#100,#101,#102,#103,#104,#105,#106,#107,#108,#109,#110,#111,#112,#113,#114,#115,#116,#117,#118,#119,#120,#121,#122,#123,#124,#125,#126,#127,#128,#129,#130,#131,#132,#133,#134,#135,#136,#137,#138,#139,#140,#141,#142,#143,#144,#145,#146,#147,#148,#149,#150,#151,#152,#153,#154,#155,#156,#157,#158,#159,#160,#161,#162,#163,#164,#165,#166,#167,#168,#169,#170,#171,#172,#173,#174,#175,#176,#177,#178,#179,#180,#181,#182,#183,#184,#185,#186,#187,#188,#189,#190,#191,#192,#193,#194,#195,#196,#197,#198,#199,#200,#201,#202,#203,#204,#205,#206,#207,#208,#209,#210,#211,#212,#213,#214,#215,#216,#217,#218,#219,#220));
#42=CARTESIAN_POINT('',(0.0,0.0,0.0));
#43=DIRECTION('',(0.0,0.0,1.0));
#44=DIRECTION('',(1.0,0.0,0.0));
#45= (NAMED_UNIT(#31)LENGTH_UNIT()SI_UNIT(.MILLI.,.METRE.));
#46=ADVANCED_FACE('',(#222),#223,.F.);
#47=ADVANCED_FACE('',(#224),#225,.F.);
#48=ADVANCED_FACE('',(#226),#227,.F.);
#49=ADVANCED_FACE('',(#228),#229,.F.);
#50=ADVANCED_FACE('',(#230),#231,.T.);
#51=ADVANCED_FACE('',(#232),#233,.T.);
#52=ADVANCED_FACE('',(#234),#235,.T.);
#53=ADVANCED_FACE('',(#236),#237,.T.);
#54=ADVANCED_FACE('',(#238),#239,.T.);
#55=ADVANCED_FACE('',(#240),#241,.T.);
#56=ADVANCED_FACE('',(#242,#243,#244,#245),#246,.T.);
#57=ADVANCED_FACE('',(#247),#248,.T.);
#58=ADVANCED_FACE('',(#249),#250,.T.);
#59=ADVANCED_FACE('',(#251),#252,.T.);
#60=ADVANCED_FACE('',(#253),#254,.T.);
#61=ADVANCED_FACE('',(#255),#256,.T.);
#62=ADVANCED_FACE('',(#257),#258,.T.);
#63=ADVANCED_FACE('',(#259),#260,.T.);
#64=ADVANCED_FACE('',(#261),#262,.T.);
#65=ADVANCED_FACE('',(#263),#264,.T.);
#66=ADVANCED_FACE('',(#265),#266,.T.);
#67=ADVANCED_FACE('',(#267),#268,.F.);
#68=ADVANCED_FACE('',(#269),#270,.F.);
#69=ADVANCED_FACE('',(#271,#272),#273,.T.);
#70=ADVANCED_FACE('',(#274),#275,.T.);
#71=ADVANCED_FACE('',(#276),#277,.T.);
#72=ADVANCED_FACE('',(#278),#279,.T.);
#73=ADVANCED_FACE('',(#280),#281,.T.);
#74=ADVANCED_FACE('',(#282),#283,.T.);
#75=ADVANCED_FACE('',(#284),#285,.T.);
#76=ADVANCED_FACE('',(#286),#287,.F.);
#77=ADVANCED_FACE('',(#288),#289,.T.);
#78=ADVANCED_FACE('',(#290),#291,.T.);
#79=ADVANCED_FACE('',(#292),#293,.T.);
#80=ADVANCED_FACE('',(#294),#295,.F.);
#81=ADVANCED_FACE('',(#296),#297,.F.);
#82=ADVANCED_FACE('',(#298),#299,.F.);
#83=ADVANCED_FACE('',(#300),#301,.F.);
#84=ADVANCED_FACE('',(#302),#303,.T.);
#85=ADVANCED_FACE('',(#304),#305,.T.);
#86=ADVANCED_FACE('',(#306),#307,.F.);
#87=ADVANCED_FACE('',(#308),#309,.T.);
#88=ADVANCED_FACE('',(#310),#311,.T.);
#89=ADVANCED_FACE('',(#312),#313,.T.);
#90=ADVANCED_FACE('',(#314),#315,.T.);
#91=ADVANCED_FACE('',(#316),#317,.F.);
#92=ADVANCED_FACE('',(#318),#319,.T.);
#93=ADVANCED_FACE('',(#320),#321,.F.);
#94=ADVANCED_FACE('',(#322),#323,.F.);
#95=ADVANCED_FACE('',(#324),#325,.T.);
#96=ADVANCED_FACE('',(#326),#327,.T.);
#97=ADVANCED_FACE('',(#328),#329,.T.);
#98=ADVANCED_FACE('',(#330),#331,.F.);
#99=ADVANCED_FACE('',(#332),#333,.F.);
#100=ADVANCED_FACE('',(#334),#335,.T.);
#101=ADVANCED_FACE('',(#336),#337,.T.);
#102=ADVANCED_FACE('',(#338),#339,.F.);
#103=ADVANCED_FACE('',(#340),#341,.T.);
#104=ADVANCED_FACE('',(#342),#343,.T.);
#105=ADVANCED_FACE('',(#344),#345,.T.);
#106=ADVANCED_FACE('',(#346),#347,.T.);
#107=ADVANCED_FACE('',(#348),#349,.T.);
#108=ADVANCED_FACE('',(#350),#351,.T.);
#109=ADVANCED_FACE('',(#352),#353,.F.);
#110=ADVANCED_FACE('',(#354),#355,.T.);
#111=ADVANCED_FACE('',(#356),#357,.T.);
#112=ADVANCED_FACE('',(#358),#359,.T.);
#113=ADVANCED_FACE('',(#360),#361,.T.);
#114=ADVANCED_FACE('',(#362),#363,.T.);
#115=ADVANCED_FACE('',(#364),#365,.T.);
#116=ADVANCED_FACE('',(#366),#367,.T.);
#117=ADVANCED_FACE('',(#368),#369,.T.);
#118=ADVANCED_FACE('',(#370),#371,.T.);
#119=ADVANCED_FACE('',(#372),#373,.F.);
#120=ADVANCED_FACE('',(#374),#375,.T.);
#121=ADVANCED_FACE('',(#376),#377,.T.);
#122=ADVANCED_FACE('',(#378),#379,.T.);
#123=ADVANCED_FACE('',(#380),#381,.T.);
#124=ADVANCED_FACE('',(#382),#383,.F.);
#125=ADVANCED_FACE('',(#384),#385,.F.);
#126=ADVANCED_FACE('',(#386),#387,.T.);
#127=ADVANCED_FACE('',(#388),#389,.T.);
#128=ADVANCED_FACE('',(#390),#391,.T.);
#129=ADVANCED_FACE('',(#392),#393,.T.);
#130=ADVANCED_FACE('',(#394),#395,.T.);
#131=ADVANCED_FACE('',(#396),#397,.T.);
#132=ADVANCED_FACE('',(#398),#399,.T.);
#133=ADVANCED_FACE('',(#400),#401,.F.);
#134=ADVANCED_FACE('',(#402),#403,.T.);
#135=ADVANCED_FACE('',(#404),#405,.T.);
#136=ADVANCED_FACE('',(#406),#407,.T.);
#137=ADVANCED_FACE('',(#408),#409,.T.);
#138=ADVANCED_FACE('',(#410),#411,.T.);
#139=ADVANCED_FACE('',(#412),#413,.T.);
#140=ADVANCED_FACE('',(#414),#415,.T.);
#141=ADVANCED_FACE('',(#416),#417,.F.);
#142=ADVANCED_FACE('',(#418),#419,.T.);
#143=ADVANCED_FACE('',(#420),#421,.T.);
#144=ADVANCED_FACE('',(#422),#423,.T.);
#145=ADVANCED_FACE('',(#424),#425,.T.);
#146=ADVANCED_FACE('',(#426),#427,.F.);
#147=ADVANCED_FACE('',(#428),#429,.F.);
#148=ADVANCED_FACE('',(#430),#431,.T.);
#149=ADVANCED_FACE('',(#432),#433,.T.);
#150=ADVANCED_FACE('',(#434),#435,.T.);
#151=ADVANCED_FACE('',(#436),#437,.T.);
#152=ADVANCED_FACE('',(#438),#439,.F.);
#153=ADVANCED_FACE('',(#440),#441,.T.);
#154=ADVANCED_FACE('',(#442),#443,.T.);
#155=ADVANCED_FACE('',(#444),#445,.T.);
#156=ADVANCED_FACE('',(#446),#447,.T.);
#157=ADVANCED_FACE('',(#448),#449,.F.);
#158=ADVANCED_FACE('',(#450),#451,.T.);
#159=ADVANCED_FACE('',(#452),#453,.F.);
#160=ADVANCED_FACE('',(#454),#455,.F.);
#161=ADVANCED_FACE('',(#456),#457,.T.);
#162=ADVANCED_FACE('',(#458),#459,.F.);
#163=ADVANCED_FACE('',(#460),#461,.F.);
#164=ADVANCED_FACE('',(#462),#463,.T.);
#165=ADVANCED_FACE('',(#464),#465,.T.);
#166=ADVANCED_FACE('',(#466),#467,.F.);
#167=ADVANCED_FACE('',(#468),#469,.T.);
#168=ADVANCED_FACE('',(#470),#471,.T.);
#169=ADVANCED_FACE('',(#472),#473,.T.);
#170=ADVANCED_FACE('',(#474),#475,.T.);
#171=ADVANCED_FACE('',(#476),#477,.T.);
#172=ADVANCED_FACE('',(#478),#479,.F.);
#173=ADVANCED_FACE('',(#480),#481,.T.);
#174=ADVANCED_FACE('',(#482),#483,.T.);
#175=ADVANCED_FACE('',(#484),#485,.T.);
#176=ADVANCED_FACE('',(#486),#487,.F.);
#177=ADVANCED_FACE('',(#488),#489,.T.);
#178=ADVANCED_FACE('',(#490),#491,.T.);
#179=ADVANCED_FACE('',(#492),#493,.T.);
#180=ADVANCED_FACE('',(#494),#495,.F.);
#181=ADVANCED_FACE('',(#496),#497,.F.);
#182=ADVANCED_FACE('',(#498),#499,.T.);
#183=ADVANCED_FACE('',(#500),#501,.T.);
#184=ADVANCED_FACE('',(#502),#503,.F.);
#185=ADVANCED_FACE('',(#504),#505,.F.);
#186=ADVANCED_FACE('',(#506),#507,.F.);
#187=ADVANCED_FACE('',(#508),#509,.T.);
#188=ADVANCED_FACE('',(#510),#511,.T.);
#189=ADVANCED_FACE('',(#512),#513,.F.);
#190=ADVANCED_FACE('',(#514),#515,.F.);
#191=ADVANCED_FACE('',(#516),#517,.T.);
#192=ADVANCED_FACE('',(#518),#519,.F.);
#193=ADVANCED_FACE('',(#520),#521,.F.);
#194=ADVANCED_FACE('',(#522),#523,.F.);
#195=ADVANCED_FACE('',(#524),#525,.F.);
#196=ADVANCED_FACE('',(#526),#527,.F.);
#197=ADVANCED_FACE('',(#528),#529,.T.);
#198=ADVANCED_FACE('',(#530),#531,.T.);
#199=ADVANCED_FACE('',(#532),#533,.F.);
#200=ADVANCED_FACE('',(#534),#535,.F.);
#201=ADVANCED_FACE('',(#536),#537,.F.);
#202=ADVANCED_FACE('',(#538),#539,.F.);
#203=ADVANCED_FACE('',(#540),#541,.T.);
#204=ADVANCED_FACE('',(#542),#543,.T.);
#205=ADVANCED_FACE('',(#544),#545,.T.);
#206=ADVANCED_FACE('',(#546),#547,.T.);
#207=ADVANCED_FACE('',(#548),#549,.T.);
#208=ADVANCED_FACE('',(#550),#551,.T.);
#209=ADVANCED_FACE('',(#552),#553,.F.);
#210=ADVANCED_FACE('',(#554),#555,.T.);
#211=ADVANCED_FACE('',(#556),#557,.F.);
#212=ADVANCED_FACE('',(#558),#559,.T.);
#213=ADVANCED_FACE('',(#560),#561,.T.);
#214=ADVANCED_FACE('',(#562),#563,.T.);
#215=ADVANCED_FACE('',(#564),#565,.T.);
#216=ADVANCED_FACE('',(#566),#567,.T.);
#217=ADVANCED_FACE('',(#568),#569,.T.);
#218=ADVANCED_FACE('',(#570),#571,.T.);
#219=ADVANCED_FACE('',(#572),#573,.T.);
#220=ADVANCED_FACE('',(#574),#575,.F.);
#222=FACE_OUTER_BOUND('',#576,.T.);
#223=CYLINDRICAL_SURFACE('',#577,0.15);
#224=FACE_OUTER_BOUND('',#578,.T.);
#225=CYLINDRICAL_SURFACE('',#579,0.15);
#226=FACE_OUTER_BOUND('',#580,.T.);
#227=CYLINDRICAL_SURFACE('',#581,0.15);
#228=FACE_OUTER_BOUND('',#582,.T.);
#229=CYLINDRICAL_SURFACE('',#583,0.15);
#230=FACE_OUTER_BOUND('',#584,.T.);
#231=TOROIDAL_SURFACE('',#585,0.9,0.1);
#232=FACE_OUTER_BOUND('',#586,.T.);
#233=TOROIDAL_SURFACE('',#587,0.9,0.1);
#234=FACE_OUTER_BOUND('',#588,.T.);
#235=TOROIDAL_SURFACE('',#589,0.2,0.05);
#236=FACE_OUTER_BOUND('',#590,.T.);
#237=TOROIDAL_SURFACE('',#591,0.2,0.05);
#238=FACE_OUTER_BOUND('',#592,.T.);
#239=TOROIDAL_SURFACE('',#593,0.2,0.05);
#240=FACE_OUTER_BOUND('',#594,.T.);
#241=TOROIDAL_SURFACE('',#595,0.2,0.05);
#242=FACE_OUTER_BOUND('',#596,.T.);
#243=FACE_BOUND('',#597,.T.);
#244=FACE_BOUND('',#598,.T.);
#245=FACE_BOUND('',#599,.T.);
#246=PLANE('',#600);
#247=FACE_OUTER_BOUND('',#601,.T.);
#248=CYLINDRICAL_SURFACE('',#602,0.25);
#249=FACE_OUTER_BOUND('',#603,.T.);
#250=TOROIDAL_SURFACE('',#604,0.2,0.05);
#251=FACE_OUTER_BOUND('',#605,.T.);
#252=PLANE('',#606);
#253=FACE_OUTER_BOUND('',#607,.T.);
#254=PLANE('',#608);
#255=FACE_OUTER_BOUND('',#609,.T.);
#256=TOROIDAL_SURFACE('',#610,0.2,0.05);
#257=FACE_OUTER_BOUND('',#611,.T.);
#258=CYLINDRICAL_SURFACE('',#612,0.25);
#259=FACE_OUTER_BOUND('',#613,.T.);
#260=TOROIDAL_SURFACE('',#614,0.2,0.05);
#261=FACE_OUTER_BOUND('',#615,.T.);
#262=TOROIDAL_SURFACE('',#616,0.2,0.05);
#263=FACE_OUTER_BOUND('',#617,.T.);
#264=CYLINDRICAL_SURFACE('',#618,0.25);
#265=FACE_OUTER_BOUND('',#619,.T.);
#266=CYLINDRICAL_SURFACE('',#620,0.25);
#267=FACE_OUTER_BOUND('',#621,.T.);
#268=CYLINDRICAL_SURFACE('',#622,1.05);
#269=FACE_OUTER_BOUND('',#623,.T.);
#270=CYLINDRICAL_SURFACE('',#624,1.05);
#271=FACE_OUTER_BOUND('',#625,.T.);
#272=FACE_BOUND('',#626,.T.);
#273=PLANE('',#627);
#274=FACE_OUTER_BOUND('',#628,.T.);
#275=CYLINDRICAL_SURFACE('',#629,1.0);
#276=FACE_OUTER_BOUND('',#630,.T.);
#277=TOROIDAL_SURFACE('',#631,0.9,0.1);
#278=FACE_OUTER_BOUND('',#632,.T.);
#279=PLANE('',#633);
#280=FACE_OUTER_BOUND('',#634,.T.);
#281=TOROIDAL_SURFACE('',#635,0.9,0.1);
#282=FACE_OUTER_BOUND('',#636,.T.);
#283=CYLINDRICAL_SURFACE('',#637,1.0);
#284=FACE_OUTER_BOUND('',#638,.T.);
#285=CYLINDRICAL_SURFACE('',#639,0.2);
#286=FACE_OUTER_BOUND('',#640,.T.);
#287=CYLINDRICAL_SURFACE('',#641,0.15);
#288=FACE_OUTER_BOUND('',#642,.T.);
#289=PLANE('',#643);
#290=FACE_OUTER_BOUND('',#644,.T.);
#291=PLANE('',#645);
#292=FACE_OUTER_BOUND('',#646,.T.);
#293=PLANE('',#647);
#294=FACE_OUTER_BOUND('',#648,.T.);
#295=PLANE('',#649);
#296=FACE_OUTER_BOUND('',#650,.T.);
#297=PLANE('',#651);
#298=FACE_OUTER_BOUND('',#652,.T.);
#299=PLANE('',#653);
#300=FACE_OUTER_BOUND('',#654,.T.);
#301=PLANE('',#655);
#302=FACE_OUTER_BOUND('',#656,.T.);
#303=PLANE('',#657);
#304=FACE_OUTER_BOUND('',#658,.T.);
#305=CYLINDRICAL_SURFACE('',#659,0.2);
#306=FACE_OUTER_BOUND('',#660,.T.);
#307=CYLINDRICAL_SURFACE('',#661,0.15);
#308=FACE_OUTER_BOUND('',#662,.T.);
#309=PLANE('',#663);
#310=FACE_OUTER_BOUND('',#664,.T.);
#311=PLANE('',#665);
#312=FACE_OUTER_BOUND('',#666,.T.);
#313=PLANE('',#667);
#314=FACE_OUTER_BOUND('',#668,.T.);
#315=PLANE('',#669);
#316=FACE_OUTER_BOUND('',#670,.T.);
#317=PLANE('',#671);
#318=FACE_OUTER_BOUND('',#672,.T.);
#319=PLANE('',#673);
#320=FACE_OUTER_BOUND('',#674,.T.);
#321=PLANE('',#675);
#322=FACE_OUTER_BOUND('',#676,.T.);
#323=CYLINDRICAL_SURFACE('',#677,0.13);
#324=FACE_OUTER_BOUND('',#678,.T.);
#325=PLANE('',#679);
#326=FACE_OUTER_BOUND('',#680,.T.);
#327=PLANE('',#681);
#328=FACE_OUTER_BOUND('',#682,.T.);
#329=CYLINDRICAL_SURFACE('',#683,0.35);
#330=FACE_OUTER_BOUND('',#684,.T.);
#331=PLANE('',#685);
#332=FACE_OUTER_BOUND('',#686,.T.);
#333=PLANE('',#687);
#334=FACE_OUTER_BOUND('',#688,.T.);
#335=CYLINDRICAL_SURFACE('',#689,0.2);
#336=FACE_OUTER_BOUND('',#690,.T.);
#337=PLANE('',#691);
#338=FACE_OUTER_BOUND('',#692,.T.);
#339=CYLINDRICAL_SURFACE('',#693,0.1);
#340=FACE_OUTER_BOUND('',#694,.T.);
#341=PLANE('',#695);
#342=FACE_OUTER_BOUND('',#696,.T.);
#343=PLANE('',#697);
#344=FACE_OUTER_BOUND('',#698,.T.);
#345=PLANE('',#699);
#346=FACE_OUTER_BOUND('',#700,.T.);
#347=PLANE('',#701);
#348=FACE_OUTER_BOUND('',#702,.T.);
#349=CYLINDRICAL_SURFACE('',#703,0.2);
#350=FACE_OUTER_BOUND('',#704,.T.);
#351=PLANE('',#705);
#352=FACE_OUTER_BOUND('',#706,.T.);
#353=CYLINDRICAL_SURFACE('',#707,0.1);
#354=FACE_OUTER_BOUND('',#708,.T.);
#355=PLANE('',#709);
#356=FACE_OUTER_BOUND('',#710,.T.);
#357=PLANE('',#711);
#358=FACE_OUTER_BOUND('',#712,.T.);
#359=PLANE('',#713);
#360=FACE_OUTER_BOUND('',#714,.T.);
#361=PLANE('',#715);
#362=FACE_OUTER_BOUND('',#716,.T.);
#363=PLANE('',#717);
#364=FACE_OUTER_BOUND('',#718,.T.);
#365=CYLINDRICAL_SURFACE('',#719,0.2);
#366=FACE_OUTER_BOUND('',#720,.T.);
#367=PLANE('',#721);
#368=FACE_OUTER_BOUND('',#722,.T.);
#369=PLANE('',#723);
#370=FACE_OUTER_BOUND('',#724,.T.);
#371=CYLINDRICAL_SURFACE('',#725,0.2);
#372=FACE_OUTER_BOUND('',#726,.T.);
#373=CYLINDRICAL_SURFACE('',#727,0.1);
#374=FACE_OUTER_BOUND('',#728,.T.);
#375=PLANE('',#729);
#376=FACE_OUTER_BOUND('',#730,.T.);
#377=PLANE('',#731);
#378=FACE_OUTER_BOUND('',#732,.T.);
#379=CYLINDRICAL_SURFACE('',#733,0.2);
#380=FACE_OUTER_BOUND('',#734,.T.);
#381=PLANE('',#735);
#382=FACE_OUTER_BOUND('',#736,.T.);
#383=CYLINDRICAL_SURFACE('',#737,0.1);
#384=FACE_OUTER_BOUND('',#738,.T.);
#385=PLANE('',#739);
#386=FACE_OUTER_BOUND('',#740,.T.);
#387=PLANE('',#741);
#388=FACE_OUTER_BOUND('',#742,.T.);
#389=PLANE('',#743);
#390=FACE_OUTER_BOUND('',#744,.T.);
#391=PLANE('',#745);
#392=FACE_OUTER_BOUND('',#746,.T.);
#393=CYLINDRICAL_SURFACE('',#747,0.2);
#394=FACE_OUTER_BOUND('',#748,.T.);
#395=PLANE('',#749);
#396=FACE_OUTER_BOUND('',#750,.T.);
#397=CYLINDRICAL_SURFACE('',#751,0.2);
#398=FACE_OUTER_BOUND('',#752,.T.);
#399=PLANE('',#753);
#400=FACE_OUTER_BOUND('',#754,.T.);
#401=CYLINDRICAL_SURFACE('',#755,0.1);
#402=FACE_OUTER_BOUND('',#756,.T.);
#403=CYLINDRICAL_SURFACE('',#757,0.2);
#404=FACE_OUTER_BOUND('',#758,.T.);
#405=PLANE('',#759);
#406=FACE_OUTER_BOUND('',#760,.T.);
#407=CYLINDRICAL_SURFACE('',#761,0.2);
#408=FACE_OUTER_BOUND('',#762,.T.);
#409=PLANE('',#763);
#410=FACE_OUTER_BOUND('',#764,.T.);
#411=PLANE('',#765);
#412=FACE_OUTER_BOUND('',#766,.T.);
#413=CYLINDRICAL_SURFACE('',#767,0.2);
#414=FACE_OUTER_BOUND('',#768,.T.);
#415=PLANE('',#769);
#416=FACE_OUTER_BOUND('',#770,.T.);
#417=CYLINDRICAL_SURFACE('',#771,0.1);
#418=FACE_OUTER_BOUND('',#772,.T.);
#419=PLANE('',#773);
#420=FACE_OUTER_BOUND('',#774,.T.);
#421=PLANE('',#775);
#422=FACE_OUTER_BOUND('',#776,.T.);
#423=CYLINDRICAL_SURFACE('',#777,0.35);
#424=FACE_OUTER_BOUND('',#778,.T.);
#425=PLANE('',#779);
#426=FACE_OUTER_BOUND('',#780,.T.);
#427=CYLINDRICAL_SURFACE('',#781,0.13);
#428=FACE_OUTER_BOUND('',#782,.T.);
#429=CYLINDRICAL_SURFACE('',#783,0.15);
#430=FACE_OUTER_BOUND('',#784,.T.);
#431=PLANE('',#785);
#432=FACE_OUTER_BOUND('',#786,.T.);
#433=PLANE('',#787);
#434=FACE_OUTER_BOUND('',#788,.T.);
#435=PLANE('',#789);
#436=FACE_OUTER_BOUND('',#790,.T.);
#437=PLANE('',#791);
#438=FACE_OUTER_BOUND('',#792,.T.);
#439=CYLINDRICAL_SURFACE('',#793,0.15);
#440=FACE_OUTER_BOUND('',#794,.T.);
#441=PLANE('',#795);
#442=FACE_OUTER_BOUND('',#796,.T.);
#443=PLANE('',#797);
#444=FACE_OUTER_BOUND('',#798,.T.);
#445=PLANE('',#799);
#446=FACE_OUTER_BOUND('',#800,.T.);
#447=PLANE('',#801);
#448=FACE_OUTER_BOUND('',#802,.T.);
#449=CYLINDRICAL_SURFACE('',#803,0.15);
#450=FACE_OUTER_BOUND('',#804,.T.);
#451=CYLINDRICAL_SURFACE('',#805,0.15);
#452=FACE_OUTER_BOUND('',#806,.T.);
#453=PLANE('',#807);
#454=FACE_OUTER_BOUND('',#808,.T.);
#455=PLANE('',#809);
#456=FACE_OUTER_BOUND('',#810,.T.);
#457=PLANE('',#811);
#458=FACE_OUTER_BOUND('',#812,.T.);
#459=PLANE('',#813);
#460=FACE_OUTER_BOUND('',#814,.T.);
#461=PLANE('',#815);
#462=FACE_OUTER_BOUND('',#816,.T.);
#463=PLANE('',#817);
#464=FACE_OUTER_BOUND('',#818,.T.);
#465=PLANE('',#819);
#466=FACE_OUTER_BOUND('',#820,.T.);
#467=PLANE('',#821);
#468=FACE_OUTER_BOUND('',#822,.T.);
#469=CYLINDRICAL_SURFACE('',#823,0.15);
#470=FACE_OUTER_BOUND('',#824,.T.);
#471=PLANE('',#825);
#472=FACE_OUTER_BOUND('',#826,.T.);
#473=PLANE('',#827);
#474=FACE_OUTER_BOUND('',#828,.T.);
#475=PLANE('',#829);
#476=FACE_OUTER_BOUND('',#830,.T.);
#477=PLANE('',#831);
#478=FACE_OUTER_BOUND('',#832,.T.);
#479=PLANE('',#833);
#480=FACE_OUTER_BOUND('',#834,.T.);
#481=PLANE('',#835);
#482=FACE_OUTER_BOUND('',#836,.T.);
#483=PLANE('',#837);
#484=FACE_OUTER_BOUND('',#838,.T.);
#485=CYLINDRICAL_SURFACE('',#839,0.15);
#486=FACE_OUTER_BOUND('',#840,.T.);
#487=PLANE('',#841);
#488=FACE_OUTER_BOUND('',#842,.T.);
#489=PLANE('',#843);
#490=FACE_OUTER_BOUND('',#844,.T.);
#491=PLANE('',#845);
#492=FACE_OUTER_BOUND('',#846,.T.);
#493=PLANE('',#847);
#494=FACE_OUTER_BOUND('',#848,.T.);
#495=PLANE('',#849);
#496=FACE_OUTER_BOUND('',#850,.T.);
#497=PLANE('',#851);
#498=FACE_OUTER_BOUND('',#852,.T.);
#499=PLANE('',#853);
#500=FACE_OUTER_BOUND('',#854,.T.);
#501=PLANE('',#855);
#502=FACE_OUTER_BOUND('',#856,.T.);
#503=PLANE('',#857);
#504=FACE_OUTER_BOUND('',#858,.T.);
#505=PLANE('',#859);
#506=FACE_OUTER_BOUND('',#860,.T.);
#507=PLANE('',#861);
#508=FACE_OUTER_BOUND('',#862,.T.);
#509=PLANE('',#863);
#510=FACE_OUTER_BOUND('',#864,.T.);
#511=PLANE('',#865);
#512=FACE_OUTER_BOUND('',#866,.T.);
#513=PLANE('',#867);
#514=FACE_OUTER_BOUND('',#868,.T.);
#515=PLANE('',#869);
#516=FACE_OUTER_BOUND('',#870,.T.);
#517=PLANE('',#871);
#518=FACE_OUTER_BOUND('',#872,.T.);
#519=PLANE('',#873);
#520=FACE_OUTER_BOUND('',#874,.T.);
#521=PLANE('',#875);
#522=FACE_OUTER_BOUND('',#876,.T.);
#523=PLANE('',#877);
#524=FACE_OUTER_BOUND('',#878,.T.);
#525=PLANE('',#879);
#526=FACE_OUTER_BOUND('',#880,.T.);
#527=PLANE('',#881);
#528=FACE_OUTER_BOUND('',#882,.T.);
#529=PLANE('',#883);
#530=FACE_OUTER_BOUND('',#884,.T.);
#531=PLANE('',#885);
#532=FACE_OUTER_BOUND('',#886,.T.);
#533=PLANE('',#887);
#534=FACE_OUTER_BOUND('',#888,.T.);
#535=PLANE('',#889);
#536=FACE_OUTER_BOUND('',#890,.T.);
#537=PLANE('',#891);
#538=FACE_OUTER_BOUND('',#892,.T.);
#539=PLANE('',#893);
#540=FACE_OUTER_BOUND('',#894,.T.);
#541=CYLINDRICAL_SURFACE('',#895,0.2);
#542=FACE_OUTER_BOUND('',#896,.T.);
#543=PLANE('',#897);
#544=FACE_OUTER_BOUND('',#898,.T.);
#545=CYLINDRICAL_SURFACE('',#899,0.2);
#546=FACE_OUTER_BOUND('',#900,.T.);
#547=PLANE('',#901);
#548=FACE_OUTER_BOUND('',#902,.T.);
#549=CYLINDRICAL_SURFACE('',#903,0.2);
#550=FACE_OUTER_BOUND('',#904,.T.);
#551=PLANE('',#905);
#552=FACE_OUTER_BOUND('',#906,.T.);
#553=CYLINDRICAL_SURFACE('',#907,0.1);
#554=FACE_OUTER_BOUND('',#908,.T.);
#555=PLANE('',#909);
#556=FACE_OUTER_BOUND('',#910,.T.);
#557=CYLINDRICAL_SURFACE('',#911,0.1);
#558=FACE_OUTER_BOUND('',#912,.T.);
#559=PLANE('',#913);
#560=FACE_OUTER_BOUND('',#914,.T.);
#561=CYLINDRICAL_SURFACE('',#915,0.2);
#562=FACE_OUTER_BOUND('',#916,.T.);
#563=PLANE('',#917);
#564=FACE_OUTER_BOUND('',#918,.T.);
#565=PLANE('',#919);
#566=FACE_OUTER_BOUND('',#920,.T.);
#567=CYLINDRICAL_SURFACE('',#921,0.2);
#568=FACE_OUTER_BOUND('',#922,.T.);
#569=PLANE('',#923);
#570=FACE_OUTER_BOUND('',#924,.T.);
#571=CYLINDRICAL_SURFACE('',#925,0.2);
#572=FACE_OUTER_BOUND('',#926,.T.);
#573=PLANE('',#927);
#574=FACE_OUTER_BOUND('',#928,.T.);
#575=CYLINDRICAL_SURFACE('',#929,0.15);
#576=EDGE_LOOP('',(#930,#931,#932,#933));
#577=AXIS2_PLACEMENT_3D('',#934,#935,#936);
#578=EDGE_LOOP('',(#937,#938,#939,#940));
#579=AXIS2_PLACEMENT_3D('',#941,#942,#943);
#580=EDGE_LOOP('',(#944,#945,#946,#947,#948));
#581=AXIS2_PLACEMENT_3D('',#949,#950,#951);
#582=EDGE_LOOP('',(#952,#953,#954,#955,#956));
#583=AXIS2_PLACEMENT_3D('',#957,#958,#959);
#584=EDGE_LOOP('',(#960,#961,#962,#963));
#585=AXIS2_PLACEMENT_3D('',#964,#965,#966);
#586=EDGE_LOOP('',(#967,#968,#969,#970));
#587=AXIS2_PLACEMENT_3D('',#971,#972,#973);
#588=EDGE_LOOP('',(#974,#975,#976,#977));
#589=AXIS2_PLACEMENT_3D('',#978,#979,#980);
#590=EDGE_LOOP('',(#981,#982,#983,#984));
#591=AXIS2_PLACEMENT_3D('',#985,#986,#987);
#592=EDGE_LOOP('',(#988,#989,#990,#991));
#593=AXIS2_PLACEMENT_3D('',#992,#993,#994);
#594=EDGE_LOOP('',(#995,#996,#997,#998));
#595=AXIS2_PLACEMENT_3D('',#999,#1000,#1001);
#596=EDGE_LOOP('',(#1002,#1003,#1004,#1005,#1006,#1007,#1008,#1009,#1010,#1011,#1012,#1013,#1014,#1015,#1016,#1017,#1018,#1019,#1020,#1021,#1022,#1023,#1024,#1025,#1026,#1027));
#597=EDGE_LOOP('',(#1028,#1029));
#598=EDGE_LOOP('',(#1030,#1031));
#599=EDGE_LOOP('',(#1032,#1033));
#600=AXIS2_PLACEMENT_3D('',#1034,#1035,#1036);
#601=EDGE_LOOP('',(#1037,#1038,#1039,#1040,#1041));
#602=AXIS2_PLACEMENT_3D('',#1042,#1043,#1044);
#603=EDGE_LOOP('',(#1045,#1046,#1047,#1048));
#604=AXIS2_PLACEMENT_3D('',#1049,#1050,#1051);
#605=EDGE_LOOP('',(#1052,#1053,#1054,#1055));
#606=AXIS2_PLACEMENT_3D('',#1056,#1057,#1058);
#607=EDGE_LOOP('',(#1059,#1060,#1061,#1062));
#608=AXIS2_PLACEMENT_3D('',#1063,#1064,#1065);
#609=EDGE_LOOP('',(#1066,#1067,#1068,#1069));
#610=AXIS2_PLACEMENT_3D('',#1070,#1071,#1072);
#611=EDGE_LOOP('',(#1073,#1074,#1075,#1076,#1077));
#612=AXIS2_PLACEMENT_3D('',#1078,#1079,#1080);
#613=EDGE_LOOP('',(#1081,#1082,#1083,#1084));
#614=AXIS2_PLACEMENT_3D('',#1085,#1086,#1087);
#615=EDGE_LOOP('',(#1088,#1089,#1090,#1091));
#616=AXIS2_PLACEMENT_3D('',#1092,#1093,#1094);
#617=EDGE_LOOP('',(#1095,#1096,#1097,#1098,#1099));
#618=AXIS2_PLACEMENT_3D('',#1100,#1101,#1102);
#619=EDGE_LOOP('',(#1103,#1104,#1105,#1106,#1107));
#620=AXIS2_PLACEMENT_3D('',#1108,#1109,#1110);
#621=EDGE_LOOP('',(#1111,#1112,#1113,#1114));
#622=AXIS2_PLACEMENT_3D('',#1115,#1116,#1117);
#623=EDGE_LOOP('',(#1118,#1119,#1120,#1121));
#624=AXIS2_PLACEMENT_3D('',#1122,#1123,#1124);
#625=EDGE_LOOP('',(#1125,#1126));
#626=EDGE_LOOP('',(#1127,#1128));
#627=AXIS2_PLACEMENT_3D('',#1129,#1130,#1131);
#628=EDGE_LOOP('',(#1132,#1133,#1134,#1135,#1136));
#629=AXIS2_PLACEMENT_3D('',#1137,#1138,#1139);
#630=EDGE_LOOP('',(#1140,#1141,#1142,#1143));
#631=AXIS2_PLACEMENT_3D('',#1144,#1145,#1146);
#632=EDGE_LOOP('',(#1147,#1148,#1149,#1150));
#633=AXIS2_PLACEMENT_3D('',#1151,#1152,#1153);
#634=EDGE_LOOP('',(#1154,#1155,#1156,#1157));
#635=AXIS2_PLACEMENT_3D('',#1158,#1159,#1160);
#636=EDGE_LOOP('',(#1161,#1162,#1163,#1164,#1165));
#637=AXIS2_PLACEMENT_3D('',#1166,#1167,#1168);
#638=EDGE_LOOP('',(#1169,#1170,#1171,#1172,#1173,#1174));
#639=AXIS2_PLACEMENT_3D('',#1175,#1176,#1177);
#640=EDGE_LOOP('',(#1178,#1179,#1180,#1181,#1182));
#641=AXIS2_PLACEMENT_3D('',#1183,#1184,#1185);
#642=EDGE_LOOP('',(#1186,#1187,#1188,#1189));
#643=AXIS2_PLACEMENT_3D('',#1190,#1191,#1192);
#644=EDGE_LOOP('',(#1193,#1194,#1195,#1196,#1197,#1198,#1199,#1200,#1201,#1202,#1203,#1204,#1205,#1206,#1207,#1208));
#645=AXIS2_PLACEMENT_3D('',#1209,#1210,#1211);
#646=EDGE_LOOP('',(#1212,#1213,#1214,#1215,#1216,#1217));
#647=AXIS2_PLACEMENT_3D('',#1218,#1219,#1220);
#648=EDGE_LOOP('',(#1221,#1222,#1223,#1224,#1225,#1226,#1227,#1228,#1229));
#649=AXIS2_PLACEMENT_3D('',#1230,#1231,#1232);
#650=EDGE_LOOP('',(#1233,#1234,#1235,#1236,#1237,#1238,#1239,#1240,#1241));
#651=AXIS2_PLACEMENT_3D('',#1242,#1243,#1244);
#652=EDGE_LOOP('',(#1245,#1246,#1247,#1248,#1249,#1250,#1251,#1252,#1253));
#653=AXIS2_PLACEMENT_3D('',#1254,#1255,#1256);
#654=EDGE_LOOP('',(#1257,#1258,#1259,#1260,#1261,#1262,#1263,#1264,#1265));
#655=AXIS2_PLACEMENT_3D('',#1266,#1267,#1268);
#656=EDGE_LOOP('',(#1269,#1270,#1271,#1272,#1273,#1274));
#657=AXIS2_PLACEMENT_3D('',#1275,#1276,#1277);
#658=EDGE_LOOP('',(#1278,#1279,#1280,#1281,#1282,#1283));
#659=AXIS2_PLACEMENT_3D('',#1284,#1285,#1286);
#660=EDGE_LOOP('',(#1287,#1288,#1289,#1290));
#661=AXIS2_PLACEMENT_3D('',#1291,#1292,#1293);
#662=EDGE_LOOP('',(#1294,#1295,#1296,#1297));
#663=AXIS2_PLACEMENT_3D('',#1298,#1299,#1300);
#664=EDGE_LOOP('',(#1301,#1302,#1303,#1304));
#665=AXIS2_PLACEMENT_3D('',#1305,#1306,#1307);
#666=EDGE_LOOP('',(#1308,#1309,#1310,#1311));
#667=AXIS2_PLACEMENT_3D('',#1312,#1313,#1314);
#668=EDGE_LOOP('',(#1315,#1316,#1317,#1318));
#669=AXIS2_PLACEMENT_3D('',#1319,#1320,#1321);
#670=EDGE_LOOP('',(#1322,#1323,#1324,#1325,#1326,#1327,#1328,#1329,#1330,#1331,#1332,#1333,#1334,#1335,#1336,#1337,#1338,#1339,#1340,#1341,#1342,#1343,#1344,#1345,#1346,#1347,#1348,#1349,#1350,#1351,#1352,#1353,#1354,#1355,#1356,#1357,#1358,#1359));
#671=AXIS2_PLACEMENT_3D('',#1360,#1361,#1362);
#672=EDGE_LOOP('',(#1363,#1364,#1365,#1366,#1367,#1368,#1369,#1370,#1371,#1372,#1373,#1374,#1375));
#673=AXIS2_PLACEMENT_3D('',#1376,#1377,#1378);
#674=EDGE_LOOP('',(#1379,#1380,#1381,#1382));
#675=AXIS2_PLACEMENT_3D('',#1383,#1384,#1385);
#676=EDGE_LOOP('',(#1386,#1387,#1388,#1389));
#677=AXIS2_PLACEMENT_3D('',#1390,#1391,#1392);
#678=EDGE_LOOP('',(#1393,#1394,#1395,#1396,#1397,#1398,#1399,#1400,#1401,#1402,#1403,#1404,#1405));
#679=AXIS2_PLACEMENT_3D('',#1406,#1407,#1408);
#680=EDGE_LOOP('',(#1409,#1410,#1411,#1412,#1413,#1414));
#681=AXIS2_PLACEMENT_3D('',#1415,#1416,#1417);
#682=EDGE_LOOP('',(#1418,#1419,#1420,#1421));
#683=AXIS2_PLACEMENT_3D('',#1422,#1423,#1424);
#684=EDGE_LOOP('',(#1425,#1426,#1427,#1428));
#685=AXIS2_PLACEMENT_3D('',#1429,#1430,#1431);
#686=EDGE_LOOP('',(#1432,#1433,#1434,#1435));
#687=AXIS2_PLACEMENT_3D('',#1436,#1437,#1438);
#688=EDGE_LOOP('',(#1439,#1440,#1441,#1442));
#689=AXIS2_PLACEMENT_3D('',#1443,#1444,#1445);
#690=EDGE_LOOP('',(#1446,#1447,#1448,#1449));
#691=AXIS2_PLACEMENT_3D('',#1450,#1451,#1452);
#692=EDGE_LOOP('',(#1453,#1454,#1455,#1456,#1457,#1458,#1459));
#693=AXIS2_PLACEMENT_3D('',#1460,#1461,#1462);
#694=EDGE_LOOP('',(#1463,#1464,#1465));
#695=AXIS2_PLACEMENT_3D('',#1466,#1467,#1468);
#696=EDGE_LOOP('',(#1469,#1470,#1471));
#697=AXIS2_PLACEMENT_3D('',#1472,#1473,#1474);
#698=EDGE_LOOP('',(#1475,#1476,#1477));
#699=AXIS2_PLACEMENT_3D('',#1478,#1479,#1480);
#700=EDGE_LOOP('',(#1481,#1482,#1483));
#701=AXIS2_PLACEMENT_3D('',#1484,#1485,#1486);
#702=EDGE_LOOP('',(#1487,#1488,#1489,#1490,#1491));
#703=AXIS2_PLACEMENT_3D('',#1492,#1493,#1494);
#704=EDGE_LOOP('',(#1495,#1496,#1497,#1498));
#705=AXIS2_PLACEMENT_3D('',#1499,#1500,#1501);
#706=EDGE_LOOP('',(#1502,#1503,#1504,#1505,#1506,#1507,#1508));
#707=AXIS2_PLACEMENT_3D('',#1509,#1510,#1511);
#708=EDGE_LOOP('',(#1512,#1513,#1514,#1515,#1516,#1517,#1518,#1519,#1520,#1521));
#709=AXIS2_PLACEMENT_3D('',#1522,#1523,#1524);
#710=EDGE_LOOP('',(#1525,#1526,#1527,#1528,#1529,#1530,#1531,#1532,#1533,#1534,#1535));
#711=AXIS2_PLACEMENT_3D('',#1536,#1537,#1538);
#712=EDGE_LOOP('',(#1539,#1540,#1541,#1542,#1543,#1544,#1545,#1546,#1547,#1548,#1549,#1550,#1551,#1552,#1553,#1554));
#713=AXIS2_PLACEMENT_3D('',#1555,#1556,#1557);
#714=EDGE_LOOP('',(#1558,#1559,#1560,#1561,#1562,#1563,#1564,#1565,#1566,#1567,#1568,#1569,#1570,#1571,#1572,#1573,#1574));
#715=AXIS2_PLACEMENT_3D('',#1575,#1576,#1577);
#716=EDGE_LOOP('',(#1578,#1579,#1580,#1581,#1582,#1583));
#717=AXIS2_PLACEMENT_3D('',#1584,#1585,#1586);
#718=EDGE_LOOP('',(#1587,#1588,#1589,#1590,#1591));
#719=AXIS2_PLACEMENT_3D('',#1592,#1593,#1594);
#720=EDGE_LOOP('',(#1595,#1596,#1597,#1598));
#721=AXIS2_PLACEMENT_3D('',#1599,#1600,#1601);
#722=EDGE_LOOP('',(#1602,#1603,#1604,#1605));
#723=AXIS2_PLACEMENT_3D('',#1606,#1607,#1608);
#724=EDGE_LOOP('',(#1609,#1610,#1611,#1612,#1613));
#725=AXIS2_PLACEMENT_3D('',#1614,#1615,#1616);
#726=EDGE_LOOP('',(#1617,#1618,#1619,#1620,#1621,#1622,#1623));
#727=AXIS2_PLACEMENT_3D('',#1624,#1625,#1626);
#728=EDGE_LOOP('',(#1627,#1628,#1629,#1630,#1631,#1632,#1633,#1634,#1635,#1636,#1637,#1638,#1639,#1640,#1641,#1642,#1643,#1644));
#729=AXIS2_PLACEMENT_3D('',#1645,#1646,#1647);
#730=EDGE_LOOP('',(#1648,#1649,#1650,#1651,#1652,#1653,#1654,#1655,#1656,#1657,#1658,#1659,#1660,#1661,#1662,#1663,#1664,#1665,#1666,#1667));
#731=AXIS2_PLACEMENT_3D('',#1668,#1669,#1670);
#732=EDGE_LOOP('',(#1671,#1672,#1673,#1674));
#733=AXIS2_PLACEMENT_3D('',#1675,#1676,#1677);
#734=EDGE_LOOP('',(#1678,#1679,#1680,#1681,#1682));
#735=AXIS2_PLACEMENT_3D('',#1683,#1684,#1685);
#736=EDGE_LOOP('',(#1686,#1687,#1688,#1689));
#737=AXIS2_PLACEMENT_3D('',#1690,#1691,#1692);
#738=EDGE_LOOP('',(#1693,#1694,#1695,#1696,#1697,#1698,#1699,#1700,#1701,#1702,#1703,#1704,#1705));
#739=AXIS2_PLACEMENT_3D('',#1706,#1707,#1708);
#740=EDGE_LOOP('',(#1709,#1710,#1711,#1712,#1713,#1714));
#741=AXIS2_PLACEMENT_3D('',#1715,#1716,#1717);
#742=EDGE_LOOP('',(#1718,#1719,#1720,#1721,#1722,#1723,#1724,#1725,#1726,#1727,#1728,#1729,#1730));
#743=AXIS2_PLACEMENT_3D('',#1731,#1732,#1733);
#744=EDGE_LOOP('',(#1734,#1735,#1736,#1737,#1738,#1739));
#745=AXIS2_PLACEMENT_3D('',#1740,#1741,#1742);
#746=EDGE_LOOP('',(#1743,#1744,#1745,#1746));
#747=AXIS2_PLACEMENT_3D('',#1747,#1748,#1749);
#748=EDGE_LOOP('',(#1750,#1751,#1752,#1753));
#749=AXIS2_PLACEMENT_3D('',#1754,#1755,#1756);
#750=EDGE_LOOP('',(#1757,#1758,#1759,#1760));
#751=AXIS2_PLACEMENT_3D('',#1761,#1762,#1763);
#752=EDGE_LOOP('',(#1764,#1765,#1766,#1767));
#753=AXIS2_PLACEMENT_3D('',#1768,#1769,#1770);
#754=EDGE_LOOP('',(#1771,#1772,#1773,#1774,#1775,#1776,#1777));
#755=AXIS2_PLACEMENT_3D('',#1778,#1779,#1780);
#756=EDGE_LOOP('',(#1781,#1782,#1783,#1784,#1785));
#757=AXIS2_PLACEMENT_3D('',#1786,#1787,#1788);
#758=EDGE_LOOP('',(#1789,#1790,#1791,#1792));
#759=AXIS2_PLACEMENT_3D('',#1793,#1794,#1795);
#760=EDGE_LOOP('',(#1796,#1797,#1798,#1799,#1800));
#761=AXIS2_PLACEMENT_3D('',#1801,#1802,#1803);
#762=EDGE_LOOP('',(#1804,#1805,#1806,#1807));
#763=AXIS2_PLACEMENT_3D('',#1808,#1809,#1810);
#764=EDGE_LOOP('',(#1811,#1812,#1813,#1814,#1815,#1816));
#765=AXIS2_PLACEMENT_3D('',#1817,#1818,#1819);
#766=EDGE_LOOP('',(#1820,#1821,#1822,#1823));
#767=AXIS2_PLACEMENT_3D('',#1824,#1825,#1826);
#768=EDGE_LOOP('',(#1827,#1828,#1829,#1830,#1831));
#769=AXIS2_PLACEMENT_3D('',#1832,#1833,#1834);
#770=EDGE_LOOP('',(#1835,#1836,#1837,#1838));
#771=AXIS2_PLACEMENT_3D('',#1839,#1840,#1841);
#772=EDGE_LOOP('',(#1842,#1843,#1844,#1845));
#773=AXIS2_PLACEMENT_3D('',#1846,#1847,#1848);
#774=EDGE_LOOP('',(#1849,#1850,#1851,#1852));
#775=AXIS2_PLACEMENT_3D('',#1853,#1854,#1855);
#776=EDGE_LOOP('',(#1856,#1857,#1858,#1859));
#777=AXIS2_PLACEMENT_3D('',#1860,#1861,#1862);
#778=EDGE_LOOP('',(#1863,#1864,#1865,#1866));
#779=AXIS2_PLACEMENT_3D('',#1867,#1868,#1869);
#780=EDGE_LOOP('',(#1870,#1871,#1872,#1873));
#781=AXIS2_PLACEMENT_3D('',#1874,#1875,#1876);
#782=EDGE_LOOP('',(#1877,#1878,#1879,#1880));
#783=AXIS2_PLACEMENT_3D('',#1881,#1882,#1883);
#784=EDGE_LOOP('',(#1884,#1885,#1886,#1887));
#785=AXIS2_PLACEMENT_3D('',#1888,#1889,#1890);
#786=EDGE_LOOP('',(#1891,#1892,#1893,#1894));
#787=AXIS2_PLACEMENT_3D('',#1895,#1896,#1897);
#788=EDGE_LOOP('',(#1898,#1899,#1900,#1901));
#789=AXIS2_PLACEMENT_3D('',#1902,#1903,#1904);
#790=EDGE_LOOP('',(#1905,#1906,#1907,#1908));
#791=AXIS2_PLACEMENT_3D('',#1909,#1910,#1911);
#792=EDGE_LOOP('',(#1912,#1913,#1914,#1915));
#793=AXIS2_PLACEMENT_3D('',#1916,#1917,#1918);
#794=EDGE_LOOP('',(#1919,#1920,#1921,#1922));
#795=AXIS2_PLACEMENT_3D('',#1923,#1924,#1925);
#796=EDGE_LOOP('',(#1926,#1927,#1928,#1929));
#797=AXIS2_PLACEMENT_3D('',#1930,#1931,#1932);
#798=EDGE_LOOP('',(#1933,#1934,#1935,#1936,#1937,#1938,#1939,#1940,#1941,#1942,#1943,#1944,#1945,#1946,#1947,#1948,#1949,#1950,#1951,#1952));
#799=AXIS2_PLACEMENT_3D('',#1953,#1954,#1955);
#800=EDGE_LOOP('',(#1956,#1957,#1958,#1959));
#801=AXIS2_PLACEMENT_3D('',#1960,#1961,#1962);
#802=EDGE_LOOP('',(#1963,#1964,#1965,#1966));
#803=AXIS2_PLACEMENT_3D('',#1967,#1968,#1969);
#804=EDGE_LOOP('',(#1970,#1971,#1972,#1973));
#805=AXIS2_PLACEMENT_3D('',#1974,#1975,#1976);
#806=EDGE_LOOP('',(#1977,#1978,#1979,#1980,#1981,#1982,#1983,#1984));
#807=AXIS2_PLACEMENT_3D('',#1985,#1986,#1987);
#808=EDGE_LOOP('',(#1988,#1989,#1990,#1991));
#809=AXIS2_PLACEMENT_3D('',#1992,#1993,#1994);
#810=EDGE_LOOP('',(#1995,#1996,#1997,#1998,#1999,#2000,#2001,#2002));
#811=AXIS2_PLACEMENT_3D('',#2003,#2004,#2005);
#812=EDGE_LOOP('',(#2006,#2007,#2008,#2009));
#813=AXIS2_PLACEMENT_3D('',#2010,#2011,#2012);
#814=EDGE_LOOP('',(#2013,#2014,#2015,#2016));
#815=AXIS2_PLACEMENT_3D('',#2017,#2018,#2019);
#816=EDGE_LOOP('',(#2020,#2021,#2022,#2023,#2024,#2025));
#817=AXIS2_PLACEMENT_3D('',#2026,#2027,#2028);
#818=EDGE_LOOP('',(#2029,#2030,#2031,#2032,#2033,#2034,#2035,#2036,#2037,#2038,#2039,#2040,#2041,#2042,#2043,#2044,#2045,#2046,#2047,#2048,#2049,#2050,#2051,#2052,#2053,#2054,#2055,#2056));
#819=AXIS2_PLACEMENT_3D('',#2057,#2058,#2059);
#820=EDGE_LOOP('',(#2060,#2061,#2062,#2063));
#821=AXIS2_PLACEMENT_3D('',#2064,#2065,#2066);
#822=EDGE_LOOP('',(#2067,#2068,#2069,#2070));
#823=AXIS2_PLACEMENT_3D('',#2071,#2072,#2073);
#824=EDGE_LOOP('',(#2074,#2075,#2076,#2077));
#825=AXIS2_PLACEMENT_3D('',#2078,#2079,#2080);
#826=EDGE_LOOP('',(#2081,#2082,#2083,#2084));
#827=AXIS2_PLACEMENT_3D('',#2085,#2086,#2087);
#828=EDGE_LOOP('',(#2088,#2089,#2090,#2091));
#829=AXIS2_PLACEMENT_3D('',#2092,#2093,#2094);
#830=EDGE_LOOP('',(#2095,#2096,#2097,#2098));
#831=AXIS2_PLACEMENT_3D('',#2099,#2100,#2101);
#832=EDGE_LOOP('',(#2102,#2103,#2104,#2105,#2106,#2107));
#833=AXIS2_PLACEMENT_3D('',#2108,#2109,#2110);
#834=EDGE_LOOP('',(#2111,#2112,#2113,#2114));
#835=AXIS2_PLACEMENT_3D('',#2115,#2116,#2117);
#836=EDGE_LOOP('',(#2118,#2119,#2120,#2121,#2122,#2123,#2124,#2125));
#837=AXIS2_PLACEMENT_3D('',#2126,#2127,#2128);
#838=EDGE_LOOP('',(#2129,#2130,#2131,#2132));
#839=AXIS2_PLACEMENT_3D('',#2133,#2134,#2135);
#840=EDGE_LOOP('',(#2136,#2137,#2138,#2139,#2140,#2141,#2142,#2143));
#841=AXIS2_PLACEMENT_3D('',#2144,#2145,#2146);
#842=EDGE_LOOP('',(#2147,#2148,#2149,#2150));
#843=AXIS2_PLACEMENT_3D('',#2151,#2152,#2153);
#844=EDGE_LOOP('',(#2154,#2155,#2156,#2157));
#845=AXIS2_PLACEMENT_3D('',#2158,#2159,#2160);
#846=EDGE_LOOP('',(#2161,#2162,#2163,#2164));
#847=AXIS2_PLACEMENT_3D('',#2165,#2166,#2167);
#848=EDGE_LOOP('',(#2168,#2169,#2170,#2171));
#849=AXIS2_PLACEMENT_3D('',#2172,#2173,#2174);
#850=EDGE_LOOP('',(#2175,#2176,#2177,#2178,#2179));
#851=AXIS2_PLACEMENT_3D('',#2180,#2181,#2182);
#852=EDGE_LOOP('',(#2183,#2184,#2185,#2186,#2187,#2188));
#853=AXIS2_PLACEMENT_3D('',#2189,#2190,#2191);
#854=EDGE_LOOP('',(#2192,#2193,#2194,#2195,#2196,#2197,#2198,#2199,#2200,#2201));
#855=AXIS2_PLACEMENT_3D('',#2202,#2203,#2204);
#856=EDGE_LOOP('',(#2205,#2206,#2207,#2208,#2209));
#857=AXIS2_PLACEMENT_3D('',#2210,#2211,#2212);
#858=EDGE_LOOP('',(#2213,#2214,#2215,#2216));
#859=AXIS2_PLACEMENT_3D('',#2217,#2218,#2219);
#860=EDGE_LOOP('',(#2220,#2221,#2222,#2223,#2224,#2225,#2226,#2227));
#861=AXIS2_PLACEMENT_3D('',#2228,#2229,#2230);
#862=EDGE_LOOP('',(#2231,#2232,#2233,#2234,#2235,#2236,#2237,#2238,#2239,#2240));
#863=AXIS2_PLACEMENT_3D('',#2241,#2242,#2243);
#864=EDGE_LOOP('',(#2244,#2245,#2246,#2247,#2248,#2249));
#865=AXIS2_PLACEMENT_3D('',#2250,#2251,#2252);
#866=EDGE_LOOP('',(#2253,#2254,#2255,#2256,#2257));
#867=AXIS2_PLACEMENT_3D('',#2258,#2259,#2260);
#868=EDGE_LOOP('',(#2261,#2262,#2263,#2264));
#869=AXIS2_PLACEMENT_3D('',#2265,#2266,#2267);
#870=EDGE_LOOP('',(#2268,#2269,#2270,#2271));
#871=AXIS2_PLACEMENT_3D('',#2272,#2273,#2274);
#872=EDGE_LOOP('',(#2275,#2276,#2277,#2278,#2279));
#873=AXIS2_PLACEMENT_3D('',#2280,#2281,#2282);
#874=EDGE_LOOP('',(#2283,#2284,#2285,#2286));
#875=AXIS2_PLACEMENT_3D('',#2287,#2288,#2289);
#876=EDGE_LOOP('',(#2290,#2291,#2292,#2293));
#877=AXIS2_PLACEMENT_3D('',#2294,#2295,#2296);
#878=EDGE_LOOP('',(#2297,#2298,#2299,#2300));
#879=AXIS2_PLACEMENT_3D('',#2301,#2302,#2303);
#880=EDGE_LOOP('',(#2304,#2305,#2306,#2307,#2308));
#881=AXIS2_PLACEMENT_3D('',#2309,#2310,#2311);
#882=EDGE_LOOP('',(#2312,#2313,#2314,#2315));
#883=AXIS2_PLACEMENT_3D('',#2316,#2317,#2318);
#884=EDGE_LOOP('',(#2319,#2320,#2321,#2322,#2323,#2324));
#885=AXIS2_PLACEMENT_3D('',#2325,#2326,#2327);
#886=EDGE_LOOP('',(#2328,#2329,#2330,#2331,#2332));
#887=AXIS2_PLACEMENT_3D('',#2333,#2334,#2335);
#888=EDGE_LOOP('',(#2336,#2337,#2338,#2339));
#889=AXIS2_PLACEMENT_3D('',#2340,#2341,#2342);
#890=EDGE_LOOP('',(#2343,#2344,#2345,#2346));
#891=AXIS2_PLACEMENT_3D('',#2347,#2348,#2349);
#892=EDGE_LOOP('',(#2350,#2351,#2352,#2353));
#893=AXIS2_PLACEMENT_3D('',#2354,#2355,#2356);
#894=EDGE_LOOP('',(#2357,#2358,#2359,#2360,#2361));
#895=AXIS2_PLACEMENT_3D('',#2362,#2363,#2364);
#896=EDGE_LOOP('',(#2365,#2366,#2367,#2368));
#897=AXIS2_PLACEMENT_3D('',#2369,#2370,#2371);
#898=EDGE_LOOP('',(#2372,#2373,#2374,#2375,#2376));
#899=AXIS2_PLACEMENT_3D('',#2377,#2378,#2379);
#900=EDGE_LOOP('',(#2380,#2381,#2382,#2383,#2384,#2385));
#901=AXIS2_PLACEMENT_3D('',#2386,#2387,#2388);
#902=EDGE_LOOP('',(#2389,#2390,#2391,#2392));
#903=AXIS2_PLACEMENT_3D('',#2393,#2394,#2395);
#904=EDGE_LOOP('',(#2396,#2397,#2398,#2399,#2400));
#905=AXIS2_PLACEMENT_3D('',#2401,#2402,#2403);
#906=EDGE_LOOP('',(#2404,#2405,#2406,#2407));
#907=AXIS2_PLACEMENT_3D('',#2408,#2409,#2410);
#908=EDGE_LOOP('',(#2411,#2412,#2413,#2414));
#909=AXIS2_PLACEMENT_3D('',#2415,#2416,#2417);
#910=EDGE_LOOP('',(#2418,#2419,#2420,#2421));
#911=AXIS2_PLACEMENT_3D('',#2422,#2423,#2424);
#912=EDGE_LOOP('',(#2425,#2426,#2427,#2428,#2429));
#913=AXIS2_PLACEMENT_3D('',#2430,#2431,#2432);
#914=EDGE_LOOP('',(#2433,#2434,#2435,#2436));
#915=AXIS2_PLACEMENT_3D('',#2437,#2438,#2439);
#916=EDGE_LOOP('',(#2440,#2441,#2442,#2443,#2444,#2445));
#917=AXIS2_PLACEMENT_3D('',#2446,#2447,#2448);
#918=EDGE_LOOP('',(#2449,#2450,#2451,#2452));
#919=AXIS2_PLACEMENT_3D('',#2453,#2454,#2455);
#920=EDGE_LOOP('',(#2456,#2457,#2458,#2459,#2460));
#921=AXIS2_PLACEMENT_3D('',#2461,#2462,#2463);
#922=EDGE_LOOP('',(#2464,#2465,#2466,#2467));
#923=AXIS2_PLACEMENT_3D('',#2468,#2469,#2470);
#924=EDGE_LOOP('',(#2471,#2472,#2473,#2474));
#925=AXIS2_PLACEMENT_3D('',#2475,#2476,#2477);
#926=EDGE_LOOP('',(#2478,#2479,#2480,#2481));
#927=AXIS2_PLACEMENT_3D('',#2482,#2483,#2484);
#928=EDGE_LOOP('',(#2485,#2486,#2487,#2488,#2489));
#929=AXIS2_PLACEMENT_3D('',#2490,#2491,#2492);
#930=ORIENTED_EDGE('',*,*,#2493,.F.);
#931=ORIENTED_EDGE('',*,*,#2494,.F.);
#932=ORIENTED_EDGE('',*,*,#2495,.F.);
#933=ORIENTED_EDGE('',*,*,#2496,.F.);
#934=CARTESIAN_POINT('',(-1.401435428647,-1.1505,0.0));
#935=DIRECTION('',(0.0,0.0,-1.0));
#936=DIRECTION('',(1.0,0.0,0.0));
#937=ORIENTED_EDGE('',*,*,#2497,.F.);
#938=ORIENTED_EDGE('',*,*,#2498,.F.);
#939=ORIENTED_EDGE('',*,*,#2499,.T.);
#940=ORIENTED_EDGE('',*,*,#2500,.F.);
#941=CARTESIAN_POINT('',(1.401435428647,-1.1505,0.0));
#942=DIRECTION('',(0.0,0.0,-1.0));
#943=DIRECTION('',(1.0,0.0,0.0));
#944=ORIENTED_EDGE('',*,*,#2501,.F.);
#945=ORIENTED_EDGE('',*,*,#2502,.T.);
#946=ORIENTED_EDGE('',*,*,#2503,.F.);
#947=ORIENTED_EDGE('',*,*,#2504,.T.);
#948=ORIENTED_EDGE('',*,*,#2505,.F.);
#949=CARTESIAN_POINT('',(2.148231264839,-0.9005,0.0));
#950=DIRECTION('',(0.0,0.0,-1.0));
#951=DIRECTION('',(1.0,0.0,0.0));
#952=ORIENTED_EDGE('',*,*,#2506,.F.);
#953=ORIENTED_EDGE('',*,*,#2507,.F.);
#954=ORIENTED_EDGE('',*,*,#2508,.T.);
#955=ORIENTED_EDGE('',*,*,#2509,.T.);
#956=ORIENTED_EDGE('',*,*,#2510,.T.);
#957=CARTESIAN_POINT('',(-2.148231264839,-0.9005,0.0));
#958=DIRECTION('',(0.0,0.0,-1.0));
#959=DIRECTION('',(1.0,0.0,0.0));
#960=ORIENTED_EDGE('',*,*,#2511,.F.);
#961=ORIENTED_EDGE('',*,*,#2512,.F.);
#962=ORIENTED_EDGE('',*,*,#2513,.T.);
#963=ORIENTED_EDGE('',*,*,#2514,.T.);
#964=CARTESIAN_POINT('',(0.0,0.0,0.75));
#965=DIRECTION('',(0.0,0.0,1.0));
#966=DIRECTION('',(0.999941292779366,-0.0108356354096496,0.0));
#967=ORIENTED_EDGE('',*,*,#2515,.F.);
#968=ORIENTED_EDGE('',*,*,#2516,.F.);
#969=ORIENTED_EDGE('',*,*,#2517,.T.);
#970=ORIENTED_EDGE('',*,*,#2518,.T.);
#971=CARTESIAN_POINT('',(0.0,0.0,0.75));
#972=DIRECTION('',(0.0,0.0,1.0));
#973=DIRECTION('',(-0.999941292779366,0.0108356354096496,0.0));
#974=ORIENTED_EDGE('',*,*,#2519,.F.);
#975=ORIENTED_EDGE('',*,*,#2520,.F.);
#976=ORIENTED_EDGE('',*,*,#2521,.T.);
#977=ORIENTED_EDGE('',*,*,#2522,.T.);
#978=CARTESIAN_POINT('',(1.5,1.1,0.05));
#979=DIRECTION('',(0.0,0.0,1.0));
#980=DIRECTION('',(0.999060822324886,-0.0433298199341094,0.0));
#981=ORIENTED_EDGE('',*,*,#2523,.F.);
#982=ORIENTED_EDGE('',*,*,#2524,.F.);
#983=ORIENTED_EDGE('',*,*,#2525,.T.);
#984=ORIENTED_EDGE('',*,*,#2526,.T.);
#985=CARTESIAN_POINT('',(1.5,1.1,0.05));
#986=DIRECTION('',(0.0,0.0,1.0));
#987=DIRECTION('',(-0.999060822324886,0.0433298199341094,0.0));
#988=ORIENTED_EDGE('',*,*,#2527,.F.);
#989=ORIENTED_EDGE('',*,*,#2528,.F.);
#990=ORIENTED_EDGE('',*,*,#2529,.T.);
#991=ORIENTED_EDGE('',*,*,#2530,.T.);
#992=CARTESIAN_POINT('',(-1.5,1.1,0.05));
#993=DIRECTION('',(0.0,0.0,1.0));
#994=DIRECTION('',(-0.999060822324886,0.0433298199341094,0.0));
#995=ORIENTED_EDGE('',*,*,#2531,.F.);
#996=ORIENTED_EDGE('',*,*,#2532,.F.);
#997=ORIENTED_EDGE('',*,*,#2533,.T.);
#998=ORIENTED_EDGE('',*,*,#2534,.T.);
#999=CARTESIAN_POINT('',(-1.5,1.1,0.05));
#1000=DIRECTION('',(0.0,0.0,1.0));
#1001=DIRECTION('',(0.999060822324886,-0.0433298199341094,0.0));
#1002=ORIENTED_EDGE('',*,*,#2535,.T.);
#1003=ORIENTED_EDGE('',*,*,#2536,.T.);
#1004=ORIENTED_EDGE('',*,*,#2537,.F.);
#1005=ORIENTED_EDGE('',*,*,#2538,.F.);
#1006=ORIENTED_EDGE('',*,*,#2539,.T.);
#1007=ORIENTED_EDGE('',*,*,#2540,.T.);
#1008=ORIENTED_EDGE('',*,*,#2507,.T.);
#1009=ORIENTED_EDGE('',*,*,#2541,.T.);
#1010=ORIENTED_EDGE('',*,*,#2542,.T.);
#1011=ORIENTED_EDGE('',*,*,#2543,.T.);
#1012=ORIENTED_EDGE('',*,*,#2544,.F.);
#1013=ORIENTED_EDGE('',*,*,#2545,.F.);
#1014=ORIENTED_EDGE('',*,*,#2546,.T.);
#1015=ORIENTED_EDGE('',*,*,#2496,.T.);
#1016=ORIENTED_EDGE('',*,*,#2547,.T.);
#1017=ORIENTED_EDGE('',*,*,#2548,.T.);
#1018=ORIENTED_EDGE('',*,*,#2549,.T.);
#1019=ORIENTED_EDGE('',*,*,#2498,.T.);
#1020=ORIENTED_EDGE('',*,*,#2550,.T.);
#1021=ORIENTED_EDGE('',*,*,#2551,.T.);
#1022=ORIENTED_EDGE('',*,*,#2552,.T.);
#1023=ORIENTED_EDGE('',*,*,#2553,.T.);
#1024=ORIENTED_EDGE('',*,*,#2554,.T.);
#1025=ORIENTED_EDGE('',*,*,#2555,.T.);
#1026=ORIENTED_EDGE('',*,*,#2505,.T.);
#1027=ORIENTED_EDGE('',*,*,#2556,.T.);
#1028=ORIENTED_EDGE('',*,*,#2557,.F.);
#1029=ORIENTED_EDGE('',*,*,#2558,.F.);
#1030=ORIENTED_EDGE('',*,*,#2559,.F.);
#1031=ORIENTED_EDGE('',*,*,#2560,.F.);
#1032=ORIENTED_EDGE('',*,*,#2561,.F.);
#1033=ORIENTED_EDGE('',*,*,#2562,.F.);
#1034=CARTESIAN_POINT('',(0.0,0.0,0.0));
#1035=DIRECTION('',(0.0,0.0,1.0));
#1036=DIRECTION('',(1.0,0.0,0.0));
#1037=ORIENTED_EDGE('',*,*,#2563,.F.);
#1038=ORIENTED_EDGE('',*,*,#2558,.T.);
#1039=ORIENTED_EDGE('',*,*,#2564,.T.);
#1040=ORIENTED_EDGE('',*,*,#2565,.F.);
#1041=ORIENTED_EDGE('',*,*,#2534,.F.);
#1042=CARTESIAN_POINT('',(-1.5,1.1,0.0));
#1043=DIRECTION('',(0.0,0.0,-1.0));
#1044=DIRECTION('',(1.0,0.0,0.0));
#1045=ORIENTED_EDGE('',*,*,#2531,.T.);
#1046=ORIENTED_EDGE('',*,*,#2565,.T.);
#1047=ORIENTED_EDGE('',*,*,#2529,.F.);
#1048=ORIENTED_EDGE('',*,*,#2566,.F.);
#1049=CARTESIAN_POINT('',(-1.5,1.1,0.05));
#1050=DIRECTION('',(0.0,0.0,1.0));
#1051=DIRECTION('',(0.999060822324886,-0.0433298199341094,0.0));
#1052=ORIENTED_EDGE('',*,*,#2532,.T.);
#1053=ORIENTED_EDGE('',*,*,#2566,.T.);
#1054=ORIENTED_EDGE('',*,*,#2528,.T.);
#1055=ORIENTED_EDGE('',*,*,#2567,.T.);
#1056=CARTESIAN_POINT('',(0.0,0.0,0.1));
#1057=DIRECTION('',(0.0,0.0,1.0));
#1058=DIRECTION('',(1.0,0.0,0.0));
#1059=ORIENTED_EDGE('',*,*,#2520,.T.);
#1060=ORIENTED_EDGE('',*,*,#2568,.T.);
#1061=ORIENTED_EDGE('',*,*,#2524,.T.);
#1062=ORIENTED_EDGE('',*,*,#2569,.T.);
#1063=CARTESIAN_POINT('',(0.0,0.0,0.1));
#1064=DIRECTION('',(0.0,0.0,1.0));
#1065=DIRECTION('',(1.0,0.0,0.0));
#1066=ORIENTED_EDGE('',*,*,#2527,.T.);
#1067=ORIENTED_EDGE('',*,*,#2570,.T.);
#1068=ORIENTED_EDGE('',*,*,#2533,.F.);
#1069=ORIENTED_EDGE('',*,*,#2567,.F.);
#1070=CARTESIAN_POINT('',(-1.5,1.1,0.05));
#1071=DIRECTION('',(0.0,0.0,1.0));
#1072=DIRECTION('',(-0.999060822324886,0.0433298199341094,0.0));
#1073=ORIENTED_EDGE('',*,*,#2564,.F.);
#1074=ORIENTED_EDGE('',*,*,#2557,.T.);
#1075=ORIENTED_EDGE('',*,*,#2563,.T.);
#1076=ORIENTED_EDGE('',*,*,#2570,.F.);
#1077=ORIENTED_EDGE('',*,*,#2530,.F.);
#1078=CARTESIAN_POINT('',(-1.5,1.1,0.0));
#1079=DIRECTION('',(0.0,0.0,-1.0));
#1080=DIRECTION('',(1.0,0.0,0.0));
#1081=ORIENTED_EDGE('',*,*,#2523,.T.);
#1082=ORIENTED_EDGE('',*,*,#2571,.T.);
#1083=ORIENTED_EDGE('',*,*,#2521,.F.);
#1084=ORIENTED_EDGE('',*,*,#2569,.F.);
#1085=CARTESIAN_POINT('',(1.5,1.1,0.05));
#1086=DIRECTION('',(0.0,0.0,1.0));
#1087=DIRECTION('',(-0.999060822324886,0.0433298199341094,0.0));
#1088=ORIENTED_EDGE('',*,*,#2519,.T.);
#1089=ORIENTED_EDGE('',*,*,#2572,.T.);
#1090=ORIENTED_EDGE('',*,*,#2525,.F.);
#1091=ORIENTED_EDGE('',*,*,#2568,.F.);
#1092=CARTESIAN_POINT('',(1.5,1.1,0.05));
#1093=DIRECTION('',(0.0,0.0,1.0));
#1094=DIRECTION('',(0.999060822324886,-0.0433298199341094,0.0));
#1095=ORIENTED_EDGE('',*,*,#2573,.F.);
#1096=ORIENTED_EDGE('',*,*,#2560,.T.);
#1097=ORIENTED_EDGE('',*,*,#2574,.T.);
#1098=ORIENTED_EDGE('',*,*,#2572,.F.);
#1099=ORIENTED_EDGE('',*,*,#2522,.F.);
#1100=CARTESIAN_POINT('',(1.5,1.1,0.0));
#1101=DIRECTION('',(0.0,0.0,-1.0));
#1102=DIRECTION('',(1.0,0.0,0.0));
#1103=ORIENTED_EDGE('',*,*,#2574,.F.);
#1104=ORIENTED_EDGE('',*,*,#2559,.T.);
#1105=ORIENTED_EDGE('',*,*,#2573,.T.);
#1106=ORIENTED_EDGE('',*,*,#2571,.F.);
#1107=ORIENTED_EDGE('',*,*,#2526,.F.);
#1108=CARTESIAN_POINT('',(1.5,1.1,0.0));
#1109=DIRECTION('',(0.0,0.0,-1.0));
#1110=DIRECTION('',(1.0,0.0,0.0));
#1111=ORIENTED_EDGE('',*,*,#2575,.T.);
#1112=ORIENTED_EDGE('',*,*,#2576,.F.);
#1113=ORIENTED_EDGE('',*,*,#2577,.F.);
#1114=ORIENTED_EDGE('',*,*,#2562,.T.);
#1115=CARTESIAN_POINT('',(0.0,0.0,0.0));
#1116=DIRECTION('',(0.0,0.0,-1.0));
#1117=DIRECTION('',(1.0,0.0,0.0));
#1118=ORIENTED_EDGE('',*,*,#2577,.T.);
#1119=ORIENTED_EDGE('',*,*,#2578,.F.);
#1120=ORIENTED_EDGE('',*,*,#2575,.F.);
#1121=ORIENTED_EDGE('',*,*,#2561,.T.);
#1122=CARTESIAN_POINT('',(0.0,0.0,0.0));
#1123=DIRECTION('',(0.0,0.0,-1.0));
#1124=DIRECTION('',(1.0,0.0,0.0));
#1125=ORIENTED_EDGE('',*,*,#2578,.T.);
#1126=ORIENTED_EDGE('',*,*,#2576,.T.);
#1127=ORIENTED_EDGE('',*,*,#2579,.T.);
#1128=ORIENTED_EDGE('',*,*,#2580,.T.);
#1129=CARTESIAN_POINT('',(0.0,0.0,-0.2));
#1130=DIRECTION('',(0.0,0.0,1.0));
#1131=DIRECTION('',(1.0,0.0,0.0));
#1132=ORIENTED_EDGE('',*,*,#2581,.T.);
#1133=ORIENTED_EDGE('',*,*,#2580,.F.);
#1134=ORIENTED_EDGE('',*,*,#2582,.T.);
#1135=ORIENTED_EDGE('',*,*,#2583,.F.);
#1136=ORIENTED_EDGE('',*,*,#2518,.F.);
#1137=CARTESIAN_POINT('',(0.0,0.0,0.0));
#1138=DIRECTION('',(0.0,0.0,-1.0));
#1139=DIRECTION('',(1.0,0.0,0.0));
#1140=ORIENTED_EDGE('',*,*,#2515,.T.);
#1141=ORIENTED_EDGE('',*,*,#2583,.T.);
#1142=ORIENTED_EDGE('',*,*,#2513,.F.);
#1143=ORIENTED_EDGE('',*,*,#2584,.F.);
#1144=CARTESIAN_POINT('',(0.0,0.0,0.75));
#1145=DIRECTION('',(0.0,0.0,1.0));
#1146=DIRECTION('',(-0.999941292779366,0.0108356354096496,0.0));
#1147=ORIENTED_EDGE('',*,*,#2512,.T.);
#1148=ORIENTED_EDGE('',*,*,#2585,.T.);
#1149=ORIENTED_EDGE('',*,*,#2516,.T.);
#1150=ORIENTED_EDGE('',*,*,#2584,.T.);
#1151=CARTESIAN_POINT('',(0.0,0.0,0.85));
#1152=DIRECTION('',(0.0,0.0,1.0));
#1153=DIRECTION('',(1.0,0.0,0.0));
#1154=ORIENTED_EDGE('',*,*,#2511,.T.);
#1155=ORIENTED_EDGE('',*,*,#2586,.T.);
#1156=ORIENTED_EDGE('',*,*,#2517,.F.);
#1157=ORIENTED_EDGE('',*,*,#2585,.F.);
#1158=CARTESIAN_POINT('',(0.0,0.0,0.75));
#1159=DIRECTION('',(0.0,0.0,1.0));
#1160=DIRECTION('',(0.999941292779366,-0.0108356354096496,0.0));
#1161=ORIENTED_EDGE('',*,*,#2582,.F.);
#1162=ORIENTED_EDGE('',*,*,#2579,.F.);
#1163=ORIENTED_EDGE('',*,*,#2581,.F.);
#1164=ORIENTED_EDGE('',*,*,#2586,.F.);
#1165=ORIENTED_EDGE('',*,*,#2514,.F.);
#1166=CARTESIAN_POINT('',(0.0,0.0,0.0));
#1167=DIRECTION('',(0.0,0.0,-1.0));
#1168=DIRECTION('',(1.0,0.0,0.0));
#1169=ORIENTED_EDGE('',*,*,#2556,.F.);
#1170=ORIENTED_EDGE('',*,*,#2504,.F.);
#1171=ORIENTED_EDGE('',*,*,#2587,.F.);
#1172=ORIENTED_EDGE('',*,*,#2588,.T.);
#1173=ORIENTED_EDGE('',*,*,#2589,.F.);
#1174=ORIENTED_EDGE('',*,*,#2590,.F.);
#1175=CARTESIAN_POINT('',(2.05,-7.84526,-0.2));
#1176=DIRECTION('',(0.0,-1.0,0.0));
#1177=DIRECTION('',(0.0,0.0,1.0));
#1178=ORIENTED_EDGE('',*,*,#2591,.T.);
#1179=ORIENTED_EDGE('',*,*,#2592,.T.);
#1180=ORIENTED_EDGE('',*,*,#2593,.F.);
#1181=ORIENTED_EDGE('',*,*,#2535,.F.);
#1182=ORIENTED_EDGE('',*,*,#2590,.T.);
#1183=CARTESIAN_POINT('',(2.15,0.8995,0.0));
#1184=DIRECTION('',(0.0,0.0,-1.0));
#1185=DIRECTION('',(1.0,0.0,0.0));
#1186=ORIENTED_EDGE('',*,*,#2593,.T.);
#1187=ORIENTED_EDGE('',*,*,#2594,.T.);
#1188=ORIENTED_EDGE('',*,*,#2595,.F.);
#1189=ORIENTED_EDGE('',*,*,#2536,.F.);
#1190=CARTESIAN_POINT('',(2.0,0.8995,0.0));
#1191=DIRECTION('',(1.0,0.0,0.0));
#1192=DIRECTION('',(0.0,1.0,0.0));
#1193=ORIENTED_EDGE('',*,*,#2596,.T.);
#1194=ORIENTED_EDGE('',*,*,#2597,.F.);
#1195=ORIENTED_EDGE('',*,*,#2598,.T.);
#1196=ORIENTED_EDGE('',*,*,#2599,.T.);
#1197=ORIENTED_EDGE('',*,*,#2600,.T.);
#1198=ORIENTED_EDGE('',*,*,#2601,.T.);
#1199=ORIENTED_EDGE('',*,*,#2602,.T.);
#1200=ORIENTED_EDGE('',*,*,#2603,.T.);
#1201=ORIENTED_EDGE('',*,*,#2604,.F.);
#1202=ORIENTED_EDGE('',*,*,#2605,.T.);
#1203=ORIENTED_EDGE('',*,*,#2537,.T.);
#1204=ORIENTED_EDGE('',*,*,#2595,.T.);
#1205=ORIENTED_EDGE('',*,*,#2606,.F.);
#1206=ORIENTED_EDGE('',*,*,#2607,.T.);
#1207=ORIENTED_EDGE('',*,*,#2608,.T.);
#1208=ORIENTED_EDGE('',*,*,#2609,.T.);
#1209=CARTESIAN_POINT('',(2.0,1.5995,0.0));
#1210=DIRECTION('',(-0.0,1.0,0.0));
#1211=DIRECTION('',(1.0,0.0,0.0));
#1212=ORIENTED_EDGE('',*,*,#2610,.T.);
#1213=ORIENTED_EDGE('',*,*,#2609,.F.);
#1214=ORIENTED_EDGE('',*,*,#2611,.F.);
#1215=ORIENTED_EDGE('',*,*,#2612,.F.);
#1216=ORIENTED_EDGE('',*,*,#2613,.T.);
#1217=ORIENTED_EDGE('',*,*,#2614,.T.);
#1218=CARTESIAN_POINT('',(1.95,1.1495,-1.75));
#1219=DIRECTION('',(0.707106781186548,0.0,-0.707106781186548));
#1220=DIRECTION('',(0.0,-1.0,0.0));
#1221=ORIENTED_EDGE('',*,*,#2615,.T.);
#1222=ORIENTED_EDGE('',*,*,#2616,.F.);
#1223=ORIENTED_EDGE('',*,*,#2617,.F.);
#1224=ORIENTED_EDGE('',*,*,#2618,.T.);
#1225=ORIENTED_EDGE('',*,*,#2619,.F.);
#1226=ORIENTED_EDGE('',*,*,#2620,.F.);
#1227=ORIENTED_EDGE('',*,*,#2621,.F.);
#1228=ORIENTED_EDGE('',*,*,#2622,.F.);
#1229=ORIENTED_EDGE('',*,*,#2623,.F.);
#1230=CARTESIAN_POINT('',(2.05,0.0,-1.8));
#1231=DIRECTION('',(0.0,0.0,-1.0));
#1232=DIRECTION('',(0.0,-1.0,0.0));
#1233=ORIENTED_EDGE('',*,*,#2624,.F.);
#1234=ORIENTED_EDGE('',*,*,#2625,.F.);
#1235=ORIENTED_EDGE('',*,*,#2626,.F.);
#1236=ORIENTED_EDGE('',*,*,#2627,.F.);
#1237=ORIENTED_EDGE('',*,*,#2614,.F.);
#1238=ORIENTED_EDGE('',*,*,#2628,.F.);
#1239=ORIENTED_EDGE('',*,*,#2629,.F.);
#1240=ORIENTED_EDGE('',*,*,#2630,.F.);
#1241=ORIENTED_EDGE('',*,*,#2631,.F.);
#1242=CARTESIAN_POINT('',(2.05,0.0,-1.8));
#1243=DIRECTION('',(0.0,0.0,-1.0));
#1244=DIRECTION('',(0.0,-1.0,0.0));
#1245=ORIENTED_EDGE('',*,*,#2632,.F.);
#1246=ORIENTED_EDGE('',*,*,#2633,.F.);
#1247=ORIENTED_EDGE('',*,*,#2634,.T.);
#1248=ORIENTED_EDGE('',*,*,#2635,.F.);
#1249=ORIENTED_EDGE('',*,*,#2636,.F.);
#1250=ORIENTED_EDGE('',*,*,#2637,.F.);
#1251=ORIENTED_EDGE('',*,*,#2638,.F.);
#1252=ORIENTED_EDGE('',*,*,#2639,.F.);
#1253=ORIENTED_EDGE('',*,*,#2640,.F.);
#1254=CARTESIAN_POINT('',(2.05,0.0,-1.8));
#1255=DIRECTION('',(0.0,0.0,-1.0));
#1256=DIRECTION('',(0.0,-1.0,0.0));
#1257=ORIENTED_EDGE('',*,*,#2641,.F.);
#1258=ORIENTED_EDGE('',*,*,#2642,.F.);
#1259=ORIENTED_EDGE('',*,*,#2643,.T.);
#1260=ORIENTED_EDGE('',*,*,#2644,.T.);
#1261=ORIENTED_EDGE('',*,*,#2645,.F.);
#1262=ORIENTED_EDGE('',*,*,#2646,.F.);
#1263=ORIENTED_EDGE('',*,*,#2647,.F.);
#1264=ORIENTED_EDGE('',*,*,#2648,.F.);
#1265=ORIENTED_EDGE('',*,*,#2649,.F.);
#1266=CARTESIAN_POINT('',(2.05,0.0,-1.8));
#1267=DIRECTION('',(0.0,0.0,-1.0));
#1268=DIRECTION('',(0.0,-1.0,0.0));
#1269=ORIENTED_EDGE('',*,*,#2650,.T.);
#1270=ORIENTED_EDGE('',*,*,#2651,.T.);
#1271=ORIENTED_EDGE('',*,*,#2652,.F.);
#1272=ORIENTED_EDGE('',*,*,#2623,.T.);
#1273=ORIENTED_EDGE('',*,*,#2653,.F.);
#1274=ORIENTED_EDGE('',*,*,#2654,.T.);
#1275=CARTESIAN_POINT('',(-2.15,0.7495,0.0));
#1276=DIRECTION('',(-0.0,1.0,0.0));
#1277=DIRECTION('',(1.0,0.0,0.0));
#1278=ORIENTED_EDGE('',*,*,#2540,.F.);
#1279=ORIENTED_EDGE('',*,*,#2655,.F.);
#1280=ORIENTED_EDGE('',*,*,#2654,.F.);
#1281=ORIENTED_EDGE('',*,*,#2656,.T.);
#1282=ORIENTED_EDGE('',*,*,#2657,.F.);
#1283=ORIENTED_EDGE('',*,*,#2508,.F.);
#1284=CARTESIAN_POINT('',(-2.05,6.94426,-0.2));
#1285=DIRECTION('',(0.0,1.0,-0.0));
#1286=DIRECTION('',(0.0,0.0,1.0));
#1287=ORIENTED_EDGE('',*,*,#2506,.T.);
#1288=ORIENTED_EDGE('',*,*,#2658,.T.);
#1289=ORIENTED_EDGE('',*,*,#2659,.F.);
#1290=ORIENTED_EDGE('',*,*,#2541,.F.);
#1291=CARTESIAN_POINT('',(-2.148231264839,-0.9005,0.0));
#1292=DIRECTION('',(0.0,0.0,-1.0));
#1293=DIRECTION('',(1.0,0.0,0.0));
#1294=ORIENTED_EDGE('',*,*,#2659,.T.);
#1295=ORIENTED_EDGE('',*,*,#2660,.T.);
#1296=ORIENTED_EDGE('',*,*,#2661,.F.);
#1297=ORIENTED_EDGE('',*,*,#2542,.F.);
#1298=CARTESIAN_POINT('',(-2.045931510829,-1.010203055243,0.0));
#1299=DIRECTION('',(-0.681998360062485,0.731353701619183,0.0));
#1300=DIRECTION('',(0.0,0.0,1.0));
#1301=ORIENTED_EDGE('',*,*,#2661,.T.);
#1302=ORIENTED_EDGE('',*,*,#2662,.T.);
#1303=ORIENTED_EDGE('',*,*,#2663,.F.);
#1304=ORIENTED_EDGE('',*,*,#2543,.F.);
#1305=CARTESIAN_POINT('',(-2.25,-1.2005,0.0));
#1306=DIRECTION('',(-1.0,0.0,0.0));
#1307=DIRECTION('',(0.0,0.0,1.0));
#1308=ORIENTED_EDGE('',*,*,#2663,.T.);
#1309=ORIENTED_EDGE('',*,*,#2664,.F.);
#1310=ORIENTED_EDGE('',*,*,#2665,.T.);
#1311=ORIENTED_EDGE('',*,*,#2544,.T.);
#1312=CARTESIAN_POINT('',(-2.25,-1.7005,0.0));
#1313=DIRECTION('',(0.0,-1.0,0.0));
#1314=DIRECTION('',(0.0,0.0,-1.0));
#1315=ORIENTED_EDGE('',*,*,#2666,.F.);
#1316=ORIENTED_EDGE('',*,*,#2545,.T.);
#1317=ORIENTED_EDGE('',*,*,#2665,.F.);
#1318=ORIENTED_EDGE('',*,*,#2667,.T.);
#1319=CARTESIAN_POINT('',(-1.45,-1.7005,0.0));
#1320=DIRECTION('',(1.0,0.0,0.0));
#1321=DIRECTION('',(0.0,1.0,0.0));
#1322=ORIENTED_EDGE('',*,*,#2651,.F.);
#1323=ORIENTED_EDGE('',*,*,#2668,.F.);
#1324=ORIENTED_EDGE('',*,*,#2669,.T.);
#1325=ORIENTED_EDGE('',*,*,#2604,.T.);
#1326=ORIENTED_EDGE('',*,*,#2670,.T.);
#1327=ORIENTED_EDGE('',*,*,#2671,.T.);
#1328=ORIENTED_EDGE('',*,*,#2672,.T.);
#1329=ORIENTED_EDGE('',*,*,#2673,.T.);
#1330=ORIENTED_EDGE('',*,*,#2674,.T.);
#1331=ORIENTED_EDGE('',*,*,#2675,.T.);
#1332=ORIENTED_EDGE('',*,*,#2676,.F.);
#1333=ORIENTED_EDGE('',*,*,#2606,.T.);
#1334=ORIENTED_EDGE('',*,*,#2594,.F.);
#1335=ORIENTED_EDGE('',*,*,#2592,.F.);
#1336=ORIENTED_EDGE('',*,*,#2677,.T.);
#1337=ORIENTED_EDGE('',*,*,#2678,.F.);
#1338=ORIENTED_EDGE('',*,*,#2679,.F.);
#1339=ORIENTED_EDGE('',*,*,#2502,.F.);
#1340=ORIENTED_EDGE('',*,*,#2680,.F.);
#1341=ORIENTED_EDGE('',*,*,#2681,.F.);
#1342=ORIENTED_EDGE('',*,*,#2682,.F.);
#1343=ORIENTED_EDGE('',*,*,#2683,.F.);
#1344=ORIENTED_EDGE('',*,*,#2684,.F.);
#1345=ORIENTED_EDGE('',*,*,#2685,.T.);
#1346=ORIENTED_EDGE('',*,*,#2500,.T.);
#1347=ORIENTED_EDGE('',*,*,#2686,.T.);
#1348=ORIENTED_EDGE('',*,*,#2687,.F.);
#1349=ORIENTED_EDGE('',*,*,#2688,.F.);
#1350=ORIENTED_EDGE('',*,*,#2494,.T.);
#1351=ORIENTED_EDGE('',*,*,#2689,.T.);
#1352=ORIENTED_EDGE('',*,*,#2667,.F.);
#1353=ORIENTED_EDGE('',*,*,#2664,.T.);
#1354=ORIENTED_EDGE('',*,*,#2662,.F.);
#1355=ORIENTED_EDGE('',*,*,#2660,.F.);
#1356=ORIENTED_EDGE('',*,*,#2658,.F.);
#1357=ORIENTED_EDGE('',*,*,#2510,.F.);
#1358=ORIENTED_EDGE('',*,*,#2690,.T.);
#1359=ORIENTED_EDGE('',*,*,#2691,.T.);
#1360=CARTESIAN_POINT('',(0.0,0.0,-0.2));
#1361=DIRECTION('',(0.0,0.0,1.0));
#1362=DIRECTION('',(1.0,0.0,0.0));
#1363=ORIENTED_EDGE('',*,*,#2692,.T.);
#1364=ORIENTED_EDGE('',*,*,#2693,.T.);
#1365=ORIENTED_EDGE('',*,*,#2694,.T.);
#1366=ORIENTED_EDGE('',*,*,#2643,.F.);
#1367=ORIENTED_EDGE('',*,*,#2695,.T.);
#1368=ORIENTED_EDGE('',*,*,#2696,.F.);
#1369=ORIENTED_EDGE('',*,*,#2697,.F.);
#1370=ORIENTED_EDGE('',*,*,#2615,.F.);
#1371=ORIENTED_EDGE('',*,*,#2652,.T.);
#1372=ORIENTED_EDGE('',*,*,#2691,.F.);
#1373=ORIENTED_EDGE('',*,*,#2698,.T.);
#1374=ORIENTED_EDGE('',*,*,#2699,.T.);
#1375=ORIENTED_EDGE('',*,*,#2700,.T.);
#1376=CARTESIAN_POINT('',(-2.05,0.0,0.0));
#1377=DIRECTION('',(1.0,0.0,0.0));
#1378=DIRECTION('',(0.0,1.0,0.0));
#1379=ORIENTED_EDGE('',*,*,#2701,.T.);
#1380=ORIENTED_EDGE('',*,*,#2702,.T.);
#1381=ORIENTED_EDGE('',*,*,#2700,.F.);
#1382=ORIENTED_EDGE('',*,*,#2703,.F.);
#1383=CARTESIAN_POINT('',(-2.25,-0.7505,-0.85));
#1384=DIRECTION('',(0.0,0.0,-1.0));
#1385=DIRECTION('',(0.0,-1.0,0.0));
#1386=ORIENTED_EDGE('',*,*,#2699,.F.);
#1387=ORIENTED_EDGE('',*,*,#2704,.F.);
#1388=ORIENTED_EDGE('',*,*,#2705,.F.);
#1389=ORIENTED_EDGE('',*,*,#2703,.T.);
#1390=CARTESIAN_POINT('',(-8.1162,-0.8805,-0.72));
#1391=DIRECTION('',(-1.0,0.0,-0.0));
#1392=DIRECTION('',(0.0,0.0,-1.0));
#1393=ORIENTED_EDGE('',*,*,#2653,.T.);
#1394=ORIENTED_EDGE('',*,*,#2622,.T.);
#1395=ORIENTED_EDGE('',*,*,#2706,.T.);
#1396=ORIENTED_EDGE('',*,*,#2707,.F.);
#1397=ORIENTED_EDGE('',*,*,#2708,.F.);
#1398=ORIENTED_EDGE('',*,*,#2645,.T.);
#1399=ORIENTED_EDGE('',*,*,#2709,.F.);
#1400=ORIENTED_EDGE('',*,*,#2710,.F.);
#1401=ORIENTED_EDGE('',*,*,#2711,.F.);
#1402=ORIENTED_EDGE('',*,*,#2701,.F.);
#1403=ORIENTED_EDGE('',*,*,#2705,.T.);
#1404=ORIENTED_EDGE('',*,*,#2712,.T.);
#1405=ORIENTED_EDGE('',*,*,#2656,.F.);
#1406=CARTESIAN_POINT('',(-2.25,0.7495,0.0));
#1407=DIRECTION('',(-1.0,0.0,0.0));
#1408=DIRECTION('',(0.0,0.0,1.0));
#1409=ORIENTED_EDGE('',*,*,#2712,.F.);
#1410=ORIENTED_EDGE('',*,*,#2704,.T.);
#1411=ORIENTED_EDGE('',*,*,#2698,.F.);
#1412=ORIENTED_EDGE('',*,*,#2690,.F.);
#1413=ORIENTED_EDGE('',*,*,#2509,.F.);
#1414=ORIENTED_EDGE('',*,*,#2657,.T.);
#1415=CARTESIAN_POINT('',(-2.25,-0.7505,0.0));
#1416=DIRECTION('',(0.0,-1.0,0.0));
#1417=DIRECTION('',(0.0,0.0,-1.0));
#1418=ORIENTED_EDGE('',*,*,#2713,.T.);
#1419=ORIENTED_EDGE('',*,*,#2692,.F.);
#1420=ORIENTED_EDGE('',*,*,#2702,.F.);
#1421=ORIENTED_EDGE('',*,*,#2711,.T.);
#1422=CARTESIAN_POINT('',(-2.25,-2.1505,-1.2));
#1423=DIRECTION('',(-1.0,0.0,-0.0));
#1424=DIRECTION('',(0.0,0.0,-1.0));
#1425=ORIENTED_EDGE('',*,*,#2714,.T.);
#1426=ORIENTED_EDGE('',*,*,#2693,.F.);
#1427=ORIENTED_EDGE('',*,*,#2713,.F.);
#1428=ORIENTED_EDGE('',*,*,#2710,.T.);
#1429=CARTESIAN_POINT('',(-2.25,-2.1505,-1.55));
#1430=DIRECTION('',(0.0,0.0,1.0));
#1431=DIRECTION('',(1.0,0.0,0.0));
#1432=ORIENTED_EDGE('',*,*,#2694,.F.);
#1433=ORIENTED_EDGE('',*,*,#2714,.F.);
#1434=ORIENTED_EDGE('',*,*,#2709,.T.);
#1435=ORIENTED_EDGE('',*,*,#2644,.F.);
#1436=CARTESIAN_POINT('',(-2.25,-0.7505,-1.55));
#1437=DIRECTION('',(-0.0,1.0,0.0));
#1438=DIRECTION('',(1.0,0.0,0.0));
#1439=ORIENTED_EDGE('',*,*,#2708,.T.);
#1440=ORIENTED_EDGE('',*,*,#2715,.F.);
#1441=ORIENTED_EDGE('',*,*,#2716,.F.);
#1442=ORIENTED_EDGE('',*,*,#2646,.T.);
#1443=CARTESIAN_POINT('',(-2.05,-0.77,-1.8));
#1444=DIRECTION('',(0.0,0.0,1.0));
#1445=DIRECTION('',(-1.0,0.0,0.0));
#1446=ORIENTED_EDGE('',*,*,#2716,.T.);
#1447=ORIENTED_EDGE('',*,*,#2717,.F.);
#1448=ORIENTED_EDGE('',*,*,#2718,.F.);
#1449=ORIENTED_EDGE('',*,*,#2647,.T.);
#1450=CARTESIAN_POINT('',(-1.903727333781,-1.071955959867,-1.8));
#1451=DIRECTION('',(-0.462726662189401,-0.886501007387502,0.0));
#1452=DIRECTION('',(-0.886501007387502,0.462726662189401,0.0));
#1453=ORIENTED_EDGE('',*,*,#2719,.F.);
#1454=ORIENTED_EDGE('',*,*,#2648,.T.);
#1455=ORIENTED_EDGE('',*,*,#2718,.T.);
#1456=ORIENTED_EDGE('',*,*,#2720,.F.);
#1457=ORIENTED_EDGE('',*,*,#2721,.F.);
#1458=ORIENTED_EDGE('',*,*,#2722,.F.);
#1459=ORIENTED_EDGE('',*,*,#2723,.F.);
#1460=CARTESIAN_POINT('',(-1.95,-1.160606060606,-1.8));
#1461=DIRECTION('',(0.0,0.0,1.0));
#1462=DIRECTION('',(-1.0,0.0,0.0));
#1463=ORIENTED_EDGE('',*,*,#2724,.F.);
#1464=ORIENTED_EDGE('',*,*,#2725,.T.);
#1465=ORIENTED_EDGE('',*,*,#2726,.T.);
#1466=CARTESIAN_POINT('',(-1.85,0.0,-1.8));
#1467=DIRECTION('',(1.0,0.0,0.0));
#1468=DIRECTION('',(0.0,1.0,0.0));
#1469=ORIENTED_EDGE('',*,*,#2727,.T.);
#1470=ORIENTED_EDGE('',*,*,#2728,.F.);
#1471=ORIENTED_EDGE('',*,*,#2729,.T.);
#1472=CARTESIAN_POINT('',(-1.85,0.0,-1.8));
#1473=DIRECTION('',(1.0,0.0,0.0));
#1474=DIRECTION('',(0.0,1.0,0.0));
#1475=ORIENTED_EDGE('',*,*,#2723,.T.);
#1476=ORIENTED_EDGE('',*,*,#2730,.T.);
#1477=ORIENTED_EDGE('',*,*,#2731,.T.);
#1478=CARTESIAN_POINT('',(-1.85,0.0,-1.8));
#1479=DIRECTION('',(1.0,0.0,0.0));
#1480=DIRECTION('',(0.0,1.0,0.0));
#1481=ORIENTED_EDGE('',*,*,#2721,.T.);
#1482=ORIENTED_EDGE('',*,*,#2732,.T.);
#1483=ORIENTED_EDGE('',*,*,#2733,.T.);
#1484=CARTESIAN_POINT('',(-1.85,0.0,-1.8));
#1485=DIRECTION('',(1.0,0.0,0.0));
#1486=DIRECTION('',(0.0,1.0,0.0));
#1487=ORIENTED_EDGE('',*,*,#2734,.T.);
#1488=ORIENTED_EDGE('',*,*,#2735,.F.);
#1489=ORIENTED_EDGE('',*,*,#2736,.F.);
#1490=ORIENTED_EDGE('',*,*,#2737,.T.);
#1491=ORIENTED_EDGE('',*,*,#2726,.F.);
#1492=CARTESIAN_POINT('',(-1.85,1.105,-2.0));
#1493=DIRECTION('',(-1.0,0.0,-0.0));
#1494=DIRECTION('',(0.0,0.0,-1.0));
#1495=ORIENTED_EDGE('',*,*,#2738,.T.);
#1496=ORIENTED_EDGE('',*,*,#2739,.F.);
#1497=ORIENTED_EDGE('',*,*,#2740,.F.);
#1498=ORIENTED_EDGE('',*,*,#2737,.F.);
#1499=CARTESIAN_POINT('',(-1.85,1.160606060606,-1.8));
#1500=DIRECTION('',(-1.0,0.0,0.0));
#1501=DIRECTION('',(0.0,0.0,1.0));
#1502=ORIENTED_EDGE('',*,*,#2740,.T.);
#1503=ORIENTED_EDGE('',*,*,#2728,.T.);
#1504=ORIENTED_EDGE('',*,*,#2741,.F.);
#1505=ORIENTED_EDGE('',*,*,#2742,.F.);
#1506=ORIENTED_EDGE('',*,*,#2619,.T.);
#1507=ORIENTED_EDGE('',*,*,#2743,.F.);
#1508=ORIENTED_EDGE('',*,*,#2724,.T.);
#1509=CARTESIAN_POINT('',(-1.95,1.160606060606,-1.8));
#1510=DIRECTION('',(0.0,0.0,1.0));
#1511=DIRECTION('',(-1.0,0.0,0.0));
#1512=ORIENTED_EDGE('',*,*,#2744,.F.);
#1513=ORIENTED_EDGE('',*,*,#2745,.F.);
#1514=ORIENTED_EDGE('',*,*,#2613,.F.);
#1515=ORIENTED_EDGE('',*,*,#2746,.T.);
#1516=ORIENTED_EDGE('',*,*,#2747,.T.);
#1517=ORIENTED_EDGE('',*,*,#2596,.F.);
#1518=ORIENTED_EDGE('',*,*,#2610,.F.);
#1519=ORIENTED_EDGE('',*,*,#2748,.T.);
#1520=ORIENTED_EDGE('',*,*,#2749,.T.);
#1521=ORIENTED_EDGE('',*,*,#2750,.F.);
#1522=CARTESIAN_POINT('',(0.0,-1.5995,-1.8));
#1523=DIRECTION('',(0.0,0.0,-1.0));
#1524=DIRECTION('',(0.0,-1.0,0.0));
#1525=ORIENTED_EDGE('',*,*,#2751,.F.);
#1526=ORIENTED_EDGE('',*,*,#2600,.F.);
#1527=ORIENTED_EDGE('',*,*,#2752,.T.);
#1528=ORIENTED_EDGE('',*,*,#2753,.T.);
#1529=ORIENTED_EDGE('',*,*,#2754,.F.);
#1530=ORIENTED_EDGE('',*,*,#2755,.T.);
#1531=ORIENTED_EDGE('',*,*,#2756,.F.);
#1532=ORIENTED_EDGE('',*,*,#2757,.F.);
#1533=ORIENTED_EDGE('',*,*,#2734,.F.);
#1534=ORIENTED_EDGE('',*,*,#2725,.F.);
#1535=ORIENTED_EDGE('',*,*,#2743,.T.);
#1536=CARTESIAN_POINT('',(0.0,-1.5995,-1.8));
#1537=DIRECTION('',(0.0,0.0,-1.0));
#1538=DIRECTION('',(0.0,-1.0,0.0));
#1539=ORIENTED_EDGE('',*,*,#2758,.F.);
#1540=ORIENTED_EDGE('',*,*,#2759,.F.);
#1541=ORIENTED_EDGE('',*,*,#2760,.F.);
#1542=ORIENTED_EDGE('',*,*,#2761,.F.);
#1543=ORIENTED_EDGE('',*,*,#2762,.F.);
#1544=ORIENTED_EDGE('',*,*,#2763,.T.);
#1545=ORIENTED_EDGE('',*,*,#2764,.T.);
#1546=ORIENTED_EDGE('',*,*,#2765,.F.);
#1547=ORIENTED_EDGE('',*,*,#2766,.T.);
#1548=ORIENTED_EDGE('',*,*,#2767,.F.);
#1549=ORIENTED_EDGE('',*,*,#2768,.F.);
#1550=ORIENTED_EDGE('',*,*,#2769,.F.);
#1551=ORIENTED_EDGE('',*,*,#2770,.T.);
#1552=ORIENTED_EDGE('',*,*,#2771,.F.);
#1553=ORIENTED_EDGE('',*,*,#2772,.F.);
#1554=ORIENTED_EDGE('',*,*,#2773,.T.);
#1555=CARTESIAN_POINT('',(0.0,-1.5995,-1.8));
#1556=DIRECTION('',(0.0,0.0,-1.0));
#1557=DIRECTION('',(0.0,-1.0,0.0));
#1558=ORIENTED_EDGE('',*,*,#2774,.F.);
#1559=ORIENTED_EDGE('',*,*,#2775,.F.);
#1560=ORIENTED_EDGE('',*,*,#2719,.T.);
#1561=ORIENTED_EDGE('',*,*,#2731,.F.);
#1562=ORIENTED_EDGE('',*,*,#2776,.T.);
#1563=ORIENTED_EDGE('',*,*,#2777,.F.);
#1564=ORIENTED_EDGE('',*,*,#2778,.F.);
#1565=ORIENTED_EDGE('',*,*,#2779,.F.);
#1566=ORIENTED_EDGE('',*,*,#2780,.F.);
#1567=ORIENTED_EDGE('',*,*,#2781,.T.);
#1568=ORIENTED_EDGE('',*,*,#2782,.T.);
#1569=ORIENTED_EDGE('',*,*,#2783,.T.);
#1570=ORIENTED_EDGE('',*,*,#2784,.T.);
#1571=ORIENTED_EDGE('',*,*,#2785,.F.);
#1572=ORIENTED_EDGE('',*,*,#2786,.T.);
#1573=ORIENTED_EDGE('',*,*,#2787,.T.);
#1574=ORIENTED_EDGE('',*,*,#2788,.F.);
#1575=CARTESIAN_POINT('',(0.0,-1.5995,-1.8));
#1576=DIRECTION('',(0.0,0.0,-1.0));
#1577=DIRECTION('',(0.0,-1.0,0.0));
#1578=ORIENTED_EDGE('',*,*,#2789,.T.);
#1579=ORIENTED_EDGE('',*,*,#2790,.F.);
#1580=ORIENTED_EDGE('',*,*,#2791,.F.);
#1581=ORIENTED_EDGE('',*,*,#2792,.F.);
#1582=ORIENTED_EDGE('',*,*,#2750,.T.);
#1583=ORIENTED_EDGE('',*,*,#2793,.F.);
#1584=CARTESIAN_POINT('',(1.65,1.1,-1.8));
#1585=DIRECTION('',(-1.0,0.0,0.0));
#1586=DIRECTION('',(0.0,0.0,1.0));
#1587=ORIENTED_EDGE('',*,*,#2794,.F.);
#1588=ORIENTED_EDGE('',*,*,#2793,.T.);
#1589=ORIENTED_EDGE('',*,*,#2749,.F.);
#1590=ORIENTED_EDGE('',*,*,#2795,.F.);
#1591=ORIENTED_EDGE('',*,*,#2796,.F.);
#1592=CARTESIAN_POINT('',(1.65,1.105,-2.0));
#1593=DIRECTION('',(-1.0,0.0,-0.0));
#1594=DIRECTION('',(0.0,0.0,-1.0));
#1595=ORIENTED_EDGE('',*,*,#2797,.T.);
#1596=ORIENTED_EDGE('',*,*,#2798,.T.);
#1597=ORIENTED_EDGE('',*,*,#2799,.F.);
#1598=ORIENTED_EDGE('',*,*,#2796,.T.);
#1599=CARTESIAN_POINT('',(1.85,1.305,-1.8));
#1600=DIRECTION('',(1.0,0.0,0.0));
#1601=DIRECTION('',(0.0,1.0,0.0));
#1602=ORIENTED_EDGE('',*,*,#2799,.T.);
#1603=ORIENTED_EDGE('',*,*,#2800,.F.);
#1604=ORIENTED_EDGE('',*,*,#2789,.F.);
#1605=ORIENTED_EDGE('',*,*,#2794,.T.);
#1606=CARTESIAN_POINT('',(1.65,1.305,-1.8));
#1607=DIRECTION('',(-0.0,1.0,0.0));
#1608=DIRECTION('',(1.0,0.0,0.0));
#1609=ORIENTED_EDGE('',*,*,#2801,.F.);
#1610=ORIENTED_EDGE('',*,*,#2790,.T.);
#1611=ORIENTED_EDGE('',*,*,#2800,.T.);
#1612=ORIENTED_EDGE('',*,*,#2798,.F.);
#1613=ORIENTED_EDGE('',*,*,#2802,.F.);
#1614=CARTESIAN_POINT('',(1.65,1.105,-2.3));
#1615=DIRECTION('',(-1.0,0.0,-0.0));
#1616=DIRECTION('',(0.0,0.0,-1.0));
#1617=ORIENTED_EDGE('',*,*,#2802,.T.);
#1618=ORIENTED_EDGE('',*,*,#2797,.F.);
#1619=ORIENTED_EDGE('',*,*,#2795,.T.);
#1620=ORIENTED_EDGE('',*,*,#2748,.F.);
#1621=ORIENTED_EDGE('',*,*,#2627,.T.);
#1622=ORIENTED_EDGE('',*,*,#2803,.T.);
#1623=ORIENTED_EDGE('',*,*,#2804,.F.);
#1624=CARTESIAN_POINT('',(1.95,1.160606060606,-1.8));
#1625=DIRECTION('',(0.0,0.0,1.0));
#1626=DIRECTION('',(-1.0,0.0,0.0));
#1627=ORIENTED_EDGE('',*,*,#2804,.T.);
#1628=ORIENTED_EDGE('',*,*,#2805,.T.);
#1629=ORIENTED_EDGE('',*,*,#2806,.T.);
#1630=ORIENTED_EDGE('',*,*,#2807,.T.);
#1631=ORIENTED_EDGE('',*,*,#2808,.T.);
#1632=ORIENTED_EDGE('',*,*,#2809,.T.);
#1633=ORIENTED_EDGE('',*,*,#2810,.T.);
#1634=ORIENTED_EDGE('',*,*,#2811,.F.);
#1635=ORIENTED_EDGE('',*,*,#2812,.T.);
#1636=ORIENTED_EDGE('',*,*,#2813,.T.);
#1637=ORIENTED_EDGE('',*,*,#2814,.T.);
#1638=ORIENTED_EDGE('',*,*,#2815,.T.);
#1639=ORIENTED_EDGE('',*,*,#2816,.T.);
#1640=ORIENTED_EDGE('',*,*,#2817,.T.);
#1641=ORIENTED_EDGE('',*,*,#2818,.T.);
#1642=ORIENTED_EDGE('',*,*,#2819,.T.);
#1643=ORIENTED_EDGE('',*,*,#2791,.T.);
#1644=ORIENTED_EDGE('',*,*,#2801,.T.);
#1645=CARTESIAN_POINT('',(2.05,0.0,-2.5));
#1646=DIRECTION('',(0.0,0.0,-1.0));
#1647=DIRECTION('',(0.0,-1.0,0.0));
#1648=ORIENTED_EDGE('',*,*,#2720,.T.);
#1649=ORIENTED_EDGE('',*,*,#2717,.T.);
#1650=ORIENTED_EDGE('',*,*,#2715,.T.);
#1651=ORIENTED_EDGE('',*,*,#2707,.T.);
#1652=ORIENTED_EDGE('',*,*,#2820,.T.);
#1653=ORIENTED_EDGE('',*,*,#2821,.T.);
#1654=ORIENTED_EDGE('',*,*,#2741,.T.);
#1655=ORIENTED_EDGE('',*,*,#2727,.F.);
#1656=ORIENTED_EDGE('',*,*,#2822,.T.);
#1657=ORIENTED_EDGE('',*,*,#2823,.T.);
#1658=ORIENTED_EDGE('',*,*,#2824,.T.);
#1659=ORIENTED_EDGE('',*,*,#2825,.T.);
#1660=ORIENTED_EDGE('',*,*,#2826,.T.);
#1661=ORIENTED_EDGE('',*,*,#2696,.T.);
#1662=ORIENTED_EDGE('',*,*,#2827,.T.);
#1663=ORIENTED_EDGE('',*,*,#2828,.T.);
#1664=ORIENTED_EDGE('',*,*,#2829,.T.);
#1665=ORIENTED_EDGE('',*,*,#2830,.T.);
#1666=ORIENTED_EDGE('',*,*,#2831,.F.);
#1667=ORIENTED_EDGE('',*,*,#2732,.F.);
#1668=CARTESIAN_POINT('',(2.05,0.0,-2.5));
#1669=DIRECTION('',(0.0,0.0,-1.0));
#1670=DIRECTION('',(0.0,-1.0,0.0));
#1671=ORIENTED_EDGE('',*,*,#2792,.T.);
#1672=ORIENTED_EDGE('',*,*,#2819,.F.);
#1673=ORIENTED_EDGE('',*,*,#2832,.F.);
#1674=ORIENTED_EDGE('',*,*,#2744,.T.);
#1675=CARTESIAN_POINT('',(1.85,1.1,-1.8));
#1676=DIRECTION('',(0.0,0.0,1.0));
#1677=DIRECTION('',(-1.0,0.0,0.0));
#1678=ORIENTED_EDGE('',*,*,#2832,.T.);
#1679=ORIENTED_EDGE('',*,*,#2818,.F.);
#1680=ORIENTED_EDGE('',*,*,#2833,.F.);
#1681=ORIENTED_EDGE('',*,*,#2628,.T.);
#1682=ORIENTED_EDGE('',*,*,#2745,.T.);
#1683=CARTESIAN_POINT('',(1.996272666219,0.7980440401327,-1.8));
#1684=DIRECTION('',(-0.462726662189401,-0.886501007387502,0.0));
#1685=DIRECTION('',(-0.886501007387502,0.462726662189401,0.0));
#1686=ORIENTED_EDGE('',*,*,#2833,.T.);
#1687=ORIENTED_EDGE('',*,*,#2817,.F.);
#1688=ORIENTED_EDGE('',*,*,#2834,.F.);
#1689=ORIENTED_EDGE('',*,*,#2629,.T.);
#1690=CARTESIAN_POINT('',(1.95,0.7093939393939,-1.8));
#1691=DIRECTION('',(0.0,0.0,1.0));
#1692=DIRECTION('',(-1.0,0.0,0.0));
#1693=ORIENTED_EDGE('',*,*,#2678,.T.);
#1694=ORIENTED_EDGE('',*,*,#2835,.F.);
#1695=ORIENTED_EDGE('',*,*,#2630,.T.);
#1696=ORIENTED_EDGE('',*,*,#2834,.T.);
#1697=ORIENTED_EDGE('',*,*,#2816,.F.);
#1698=ORIENTED_EDGE('',*,*,#2836,.F.);
#1699=ORIENTED_EDGE('',*,*,#2640,.T.);
#1700=ORIENTED_EDGE('',*,*,#2837,.F.);
#1701=ORIENTED_EDGE('',*,*,#2838,.F.);
#1702=ORIENTED_EDGE('',*,*,#2839,.F.);
#1703=ORIENTED_EDGE('',*,*,#2840,.F.);
#1704=ORIENTED_EDGE('',*,*,#2841,.T.);
#1705=ORIENTED_EDGE('',*,*,#2842,.F.);
#1706=CARTESIAN_POINT('',(2.05,0.0,0.0));
#1707=DIRECTION('',(1.0,0.0,0.0));
#1708=DIRECTION('',(0.0,1.0,0.0));
#1709=ORIENTED_EDGE('',*,*,#2503,.T.);
#1710=ORIENTED_EDGE('',*,*,#2679,.T.);
#1711=ORIENTED_EDGE('',*,*,#2842,.T.);
#1712=ORIENTED_EDGE('',*,*,#2843,.T.);
#1713=ORIENTED_EDGE('',*,*,#2844,.F.);
#1714=ORIENTED_EDGE('',*,*,#2587,.T.);
#1715=CARTESIAN_POINT('',(2.148231264839,-0.7505,0.0));
#1716=DIRECTION('',(0.0,-1.0,0.0));
#1717=DIRECTION('',(0.0,0.0,-1.0));
#1718=ORIENTED_EDGE('',*,*,#2844,.T.);
#1719=ORIENTED_EDGE('',*,*,#2845,.T.);
#1720=ORIENTED_EDGE('',*,*,#2846,.T.);
#1721=ORIENTED_EDGE('',*,*,#2847,.T.);
#1722=ORIENTED_EDGE('',*,*,#2848,.T.);
#1723=ORIENTED_EDGE('',*,*,#2849,.T.);
#1724=ORIENTED_EDGE('',*,*,#2638,.T.);
#1725=ORIENTED_EDGE('',*,*,#2850,.T.);
#1726=ORIENTED_EDGE('',*,*,#2807,.F.);
#1727=ORIENTED_EDGE('',*,*,#2851,.F.);
#1728=ORIENTED_EDGE('',*,*,#2624,.T.);
#1729=ORIENTED_EDGE('',*,*,#2852,.T.);
#1730=ORIENTED_EDGE('',*,*,#2588,.F.);
#1731=CARTESIAN_POINT('',(2.25,-0.7505,0.0));
#1732=DIRECTION('',(1.0,0.0,0.0));
#1733=DIRECTION('',(0.0,1.0,0.0));
#1734=ORIENTED_EDGE('',*,*,#2852,.F.);
#1735=ORIENTED_EDGE('',*,*,#2631,.T.);
#1736=ORIENTED_EDGE('',*,*,#2835,.T.);
#1737=ORIENTED_EDGE('',*,*,#2677,.F.);
#1738=ORIENTED_EDGE('',*,*,#2591,.F.);
#1739=ORIENTED_EDGE('',*,*,#2589,.T.);
#1740=CARTESIAN_POINT('',(2.25,0.7495,0.0));
#1741=DIRECTION('',(-0.0,1.0,0.0));
#1742=DIRECTION('',(1.0,0.0,0.0));
#1743=ORIENTED_EDGE('',*,*,#2851,.T.);
#1744=ORIENTED_EDGE('',*,*,#2806,.F.);
#1745=ORIENTED_EDGE('',*,*,#2853,.F.);
#1746=ORIENTED_EDGE('',*,*,#2625,.T.);
#1747=CARTESIAN_POINT('',(2.05,0.77,-1.8));
#1748=DIRECTION('',(0.0,0.0,1.0));
#1749=DIRECTION('',(-1.0,0.0,0.0));
#1750=ORIENTED_EDGE('',*,*,#2853,.T.);
#1751=ORIENTED_EDGE('',*,*,#2805,.F.);
#1752=ORIENTED_EDGE('',*,*,#2803,.F.);
#1753=ORIENTED_EDGE('',*,*,#2626,.T.);
#1754=CARTESIAN_POINT('',(1.903727333781,1.071955959867,-1.8));
#1755=DIRECTION('',(0.462726662189401,0.886501007387502,0.0));
#1756=DIRECTION('',(0.0,0.0,-1.0));
#1757=ORIENTED_EDGE('',*,*,#2854,.T.);
#1758=ORIENTED_EDGE('',*,*,#2808,.F.);
#1759=ORIENTED_EDGE('',*,*,#2850,.F.);
#1760=ORIENTED_EDGE('',*,*,#2637,.T.);
#1761=CARTESIAN_POINT('',(2.05,-0.77,-1.8));
#1762=DIRECTION('',(0.0,0.0,1.0));
#1763=DIRECTION('',(-1.0,0.0,0.0));
#1764=ORIENTED_EDGE('',*,*,#2855,.T.);
#1765=ORIENTED_EDGE('',*,*,#2809,.F.);
#1766=ORIENTED_EDGE('',*,*,#2854,.F.);
#1767=ORIENTED_EDGE('',*,*,#2636,.T.);
#1768=CARTESIAN_POINT('',(2.142545332438,-0.9473002014775,-1.8));
#1769=DIRECTION('',(0.462726662189401,-0.886501007387502,0.0));
#1770=DIRECTION('',(0.0,0.0,-1.0));
#1771=ORIENTED_EDGE('',*,*,#2855,.F.);
#1772=ORIENTED_EDGE('',*,*,#2635,.T.);
#1773=ORIENTED_EDGE('',*,*,#2770,.F.);
#1774=ORIENTED_EDGE('',*,*,#2856,.T.);
#1775=ORIENTED_EDGE('',*,*,#2857,.T.);
#1776=ORIENTED_EDGE('',*,*,#2858,.T.);
#1777=ORIENTED_EDGE('',*,*,#2810,.F.);
#1778=CARTESIAN_POINT('',(1.95,-1.160606060606,-1.8));
#1779=DIRECTION('',(0.0,0.0,1.0));
#1780=DIRECTION('',(-1.0,0.0,0.0));
#1781=ORIENTED_EDGE('',*,*,#2859,.F.);
#1782=ORIENTED_EDGE('',*,*,#2860,.T.);
#1783=ORIENTED_EDGE('',*,*,#2811,.T.);
#1784=ORIENTED_EDGE('',*,*,#2858,.F.);
#1785=ORIENTED_EDGE('',*,*,#2861,.F.);
#1786=CARTESIAN_POINT('',(1.65,-1.105,-2.3));
#1787=DIRECTION('',(-1.0,0.0,-0.0));
#1788=DIRECTION('',(0.0,0.0,-1.0));
#1789=ORIENTED_EDGE('',*,*,#2862,.T.);
#1790=ORIENTED_EDGE('',*,*,#2861,.T.);
#1791=ORIENTED_EDGE('',*,*,#2857,.F.);
#1792=ORIENTED_EDGE('',*,*,#2863,.T.);
#1793=CARTESIAN_POINT('',(1.85,-1.160606060606,-1.8));
#1794=DIRECTION('',(1.0,0.0,0.0));
#1795=DIRECTION('',(0.0,1.0,0.0));
#1796=ORIENTED_EDGE('',*,*,#2856,.F.);
#1797=ORIENTED_EDGE('',*,*,#2769,.T.);
#1798=ORIENTED_EDGE('',*,*,#2864,.T.);
#1799=ORIENTED_EDGE('',*,*,#2865,.T.);
#1800=ORIENTED_EDGE('',*,*,#2863,.F.);
#1801=CARTESIAN_POINT('',(1.65,-1.105,-2.0));
#1802=DIRECTION('',(-1.0,0.0,-0.0));
#1803=DIRECTION('',(0.0,0.0,-1.0));
#1804=ORIENTED_EDGE('',*,*,#2866,.T.);
#1805=ORIENTED_EDGE('',*,*,#2859,.T.);
#1806=ORIENTED_EDGE('',*,*,#2862,.F.);
#1807=ORIENTED_EDGE('',*,*,#2865,.F.);
#1808=CARTESIAN_POINT('',(1.85,-1.305,-1.8));
#1809=DIRECTION('',(0.0,-1.0,0.0));
#1810=DIRECTION('',(0.0,0.0,-1.0));
#1811=ORIENTED_EDGE('',*,*,#2768,.T.);
#1812=ORIENTED_EDGE('',*,*,#2867,.T.);
#1813=ORIENTED_EDGE('',*,*,#2812,.F.);
#1814=ORIENTED_EDGE('',*,*,#2860,.F.);
#1815=ORIENTED_EDGE('',*,*,#2866,.F.);
#1816=ORIENTED_EDGE('',*,*,#2864,.F.);
#1817=CARTESIAN_POINT('',(1.65,-1.305,-1.8));
#1818=DIRECTION('',(-1.0,0.0,0.0));
#1819=DIRECTION('',(0.0,0.0,1.0));
#1820=ORIENTED_EDGE('',*,*,#2868,.T.);
#1821=ORIENTED_EDGE('',*,*,#2813,.F.);
#1822=ORIENTED_EDGE('',*,*,#2867,.F.);
#1823=ORIENTED_EDGE('',*,*,#2767,.T.);
#1824=CARTESIAN_POINT('',(1.85,-1.1,-1.8));
#1825=DIRECTION('',(0.0,0.0,1.0));
#1826=DIRECTION('',(-1.0,0.0,0.0));
#1827=ORIENTED_EDGE('',*,*,#2633,.T.);
#1828=ORIENTED_EDGE('',*,*,#2869,.T.);
#1829=ORIENTED_EDGE('',*,*,#2814,.F.);
#1830=ORIENTED_EDGE('',*,*,#2868,.F.);
#1831=ORIENTED_EDGE('',*,*,#2766,.F.);
#1832=CARTESIAN_POINT('',(1.757454667562,-0.9226997985225,-1.8));
#1833=DIRECTION('',(-0.462726662189401,0.886501007387502,0.0));
#1834=DIRECTION('',(0.0,0.0,1.0));
#1835=ORIENTED_EDGE('',*,*,#2836,.T.);
#1836=ORIENTED_EDGE('',*,*,#2815,.F.);
#1837=ORIENTED_EDGE('',*,*,#2869,.F.);
#1838=ORIENTED_EDGE('',*,*,#2632,.T.);
#1839=CARTESIAN_POINT('',(1.95,-0.7093939393939,-1.8));
#1840=DIRECTION('',(0.0,0.0,1.0));
#1841=DIRECTION('',(-1.0,0.0,0.0));
#1842=ORIENTED_EDGE('',*,*,#2849,.F.);
#1843=ORIENTED_EDGE('',*,*,#2870,.T.);
#1844=ORIENTED_EDGE('',*,*,#2837,.T.);
#1845=ORIENTED_EDGE('',*,*,#2639,.T.);
#1846=CARTESIAN_POINT('',(2.25,-0.7505,-1.55));
#1847=DIRECTION('',(0.0,-1.0,0.0));
#1848=DIRECTION('',(0.0,0.0,-1.0));
#1849=ORIENTED_EDGE('',*,*,#2871,.T.);
#1850=ORIENTED_EDGE('',*,*,#2838,.T.);
#1851=ORIENTED_EDGE('',*,*,#2870,.F.);
#1852=ORIENTED_EDGE('',*,*,#2848,.F.);
#1853=CARTESIAN_POINT('',(2.25,-2.1505,-1.55));
#1854=DIRECTION('',(0.0,0.0,-1.0));
#1855=DIRECTION('',(0.0,-1.0,0.0));
#1856=ORIENTED_EDGE('',*,*,#2872,.T.);
#1857=ORIENTED_EDGE('',*,*,#2839,.T.);
#1858=ORIENTED_EDGE('',*,*,#2871,.F.);
#1859=ORIENTED_EDGE('',*,*,#2847,.F.);
#1860=CARTESIAN_POINT('',(2.25,-2.1505,-1.2));
#1861=DIRECTION('',(-1.0,0.0,-0.0));
#1862=DIRECTION('',(0.0,0.0,-1.0));
#1863=ORIENTED_EDGE('',*,*,#2840,.T.);
#1864=ORIENTED_EDGE('',*,*,#2872,.F.);
#1865=ORIENTED_EDGE('',*,*,#2846,.F.);
#1866=ORIENTED_EDGE('',*,*,#2873,.F.);
#1867=CARTESIAN_POINT('',(2.25,-0.7505,-0.85));
#1868=DIRECTION('',(0.0,0.0,1.0));
#1869=DIRECTION('',(1.0,0.0,0.0));
#1870=ORIENTED_EDGE('',*,*,#2845,.F.);
#1871=ORIENTED_EDGE('',*,*,#2843,.F.);
#1872=ORIENTED_EDGE('',*,*,#2841,.F.);
#1873=ORIENTED_EDGE('',*,*,#2873,.T.);
#1874=CARTESIAN_POINT('',(-8.1162,-0.8805,-0.72));
#1875=DIRECTION('',(-1.0,0.0,-0.0));
#1876=DIRECTION('',(0.0,0.0,-1.0));
#1877=ORIENTED_EDGE('',*,*,#2501,.T.);
#1878=ORIENTED_EDGE('',*,*,#2555,.F.);
#1879=ORIENTED_EDGE('',*,*,#2874,.T.);
#1880=ORIENTED_EDGE('',*,*,#2680,.T.);
#1881=CARTESIAN_POINT('',(2.148231264839,-0.9005,0.0));
#1882=DIRECTION('',(0.0,0.0,-1.0));
#1883=DIRECTION('',(1.0,0.0,0.0));
#1884=ORIENTED_EDGE('',*,*,#2875,.T.);
#1885=ORIENTED_EDGE('',*,*,#2681,.T.);
#1886=ORIENTED_EDGE('',*,*,#2874,.F.);
#1887=ORIENTED_EDGE('',*,*,#2554,.F.);
#1888=CARTESIAN_POINT('',(2.25,-1.2005,0.0));
#1889=DIRECTION('',(0.681998360062485,0.731353701619183,0.0));
#1890=DIRECTION('',(0.0,0.0,-1.0));
#1891=ORIENTED_EDGE('',*,*,#2876,.T.);
#1892=ORIENTED_EDGE('',*,*,#2682,.T.);
#1893=ORIENTED_EDGE('',*,*,#2875,.F.);
#1894=ORIENTED_EDGE('',*,*,#2553,.F.);
#1895=CARTESIAN_POINT('',(2.25,-1.7005,0.0));
#1896=DIRECTION('',(1.0,0.0,0.0));
#1897=DIRECTION('',(0.0,1.0,0.0));
#1898=ORIENTED_EDGE('',*,*,#2877,.T.);
#1899=ORIENTED_EDGE('',*,*,#2683,.T.);
#1900=ORIENTED_EDGE('',*,*,#2876,.F.);
#1901=ORIENTED_EDGE('',*,*,#2552,.F.);
#1902=CARTESIAN_POINT('',(1.45,-1.7005,0.0));
#1903=DIRECTION('',(0.0,-1.0,0.0));
#1904=DIRECTION('',(0.0,0.0,-1.0));
#1905=ORIENTED_EDGE('',*,*,#2877,.F.);
#1906=ORIENTED_EDGE('',*,*,#2551,.F.);
#1907=ORIENTED_EDGE('',*,*,#2878,.T.);
#1908=ORIENTED_EDGE('',*,*,#2684,.T.);
#1909=CARTESIAN_POINT('',(1.45,-1.292420690561,0.0));
#1910=DIRECTION('',(-1.0,0.0,0.0));
#1911=DIRECTION('',(0.0,0.0,1.0));
#1912=ORIENTED_EDGE('',*,*,#2497,.T.);
#1913=ORIENTED_EDGE('',*,*,#2685,.F.);
#1914=ORIENTED_EDGE('',*,*,#2878,.F.);
#1915=ORIENTED_EDGE('',*,*,#2550,.F.);
#1916=CARTESIAN_POINT('',(1.401435428647,-1.1505,0.0));
#1917=DIRECTION('',(0.0,0.0,-1.0));
#1918=DIRECTION('',(1.0,0.0,0.0));
#1919=ORIENTED_EDGE('',*,*,#2499,.F.);
#1920=ORIENTED_EDGE('',*,*,#2549,.F.);
#1921=ORIENTED_EDGE('',*,*,#2879,.T.);
#1922=ORIENTED_EDGE('',*,*,#2686,.F.);
#1923=CARTESIAN_POINT('',(0.7,-1.5995,0.0));
#1924=DIRECTION('',(0.681998360062485,-0.731353701619183,0.0));
#1925=DIRECTION('',(0.0,0.0,-1.0));
#1926=ORIENTED_EDGE('',*,*,#2879,.F.);
#1927=ORIENTED_EDGE('',*,*,#2548,.F.);
#1928=ORIENTED_EDGE('',*,*,#2880,.T.);
#1929=ORIENTED_EDGE('',*,*,#2687,.T.);
#1930=CARTESIAN_POINT('',(-0.7,-1.5995,0.0));
#1931=DIRECTION('',(0.0,-1.0,0.0));
#1932=DIRECTION('',(0.0,0.0,-1.0));
#1933=ORIENTED_EDGE('',*,*,#2881,.F.);
#1934=ORIENTED_EDGE('',*,*,#2785,.T.);
#1935=ORIENTED_EDGE('',*,*,#2882,.F.);
#1936=ORIENTED_EDGE('',*,*,#2883,.F.);
#1937=ORIENTED_EDGE('',*,*,#2884,.F.);
#1938=ORIENTED_EDGE('',*,*,#2885,.F.);
#1939=ORIENTED_EDGE('',*,*,#2886,.T.);
#1940=ORIENTED_EDGE('',*,*,#2760,.T.);
#1941=ORIENTED_EDGE('',*,*,#2887,.T.);
#1942=ORIENTED_EDGE('',*,*,#2888,.F.);
#1943=ORIENTED_EDGE('',*,*,#2889,.F.);
#1944=ORIENTED_EDGE('',*,*,#2772,.T.);
#1945=ORIENTED_EDGE('',*,*,#2890,.T.);
#1946=ORIENTED_EDGE('',*,*,#2891,.F.);
#1947=ORIENTED_EDGE('',*,*,#2892,.F.);
#1948=ORIENTED_EDGE('',*,*,#2893,.F.);
#1949=ORIENTED_EDGE('',*,*,#2894,.T.);
#1950=ORIENTED_EDGE('',*,*,#2774,.T.);
#1951=ORIENTED_EDGE('',*,*,#2895,.T.);
#1952=ORIENTED_EDGE('',*,*,#2896,.F.);
#1953=CARTESIAN_POINT('',(-0.7,-1.5995,0.0));
#1954=DIRECTION('',(0.0,-1.0,0.0));
#1955=DIRECTION('',(0.0,0.0,-1.0));
#1956=ORIENTED_EDGE('',*,*,#2880,.F.);
#1957=ORIENTED_EDGE('',*,*,#2547,.F.);
#1958=ORIENTED_EDGE('',*,*,#2495,.T.);
#1959=ORIENTED_EDGE('',*,*,#2688,.T.);
#1960=CARTESIAN_POINT('',(-1.299135674638,-1.040796944757,0.0));
#1961=DIRECTION('',(-0.681998360062485,-0.731353701619183,0.0));
#1962=DIRECTION('',(-0.731353701619183,0.681998360062485,0.0));
#1963=ORIENTED_EDGE('',*,*,#2493,.T.);
#1964=ORIENTED_EDGE('',*,*,#2546,.F.);
#1965=ORIENTED_EDGE('',*,*,#2666,.T.);
#1966=ORIENTED_EDGE('',*,*,#2689,.F.);
#1967=CARTESIAN_POINT('',(-1.401435428647,-1.1505,0.0));
#1968=DIRECTION('',(0.0,0.0,-1.0));
#1969=DIRECTION('',(1.0,0.0,0.0));
#1970=ORIENTED_EDGE('',*,*,#2897,.F.);
#1971=ORIENTED_EDGE('',*,*,#2898,.F.);
#1972=ORIENTED_EDGE('',*,*,#2896,.T.);
#1973=ORIENTED_EDGE('',*,*,#2899,.F.);
#1974=CARTESIAN_POINT('',(8.1162,-1.4495,-2.55));
#1975=DIRECTION('',(1.0,-0.0,0.0));
#1976=DIRECTION('',(0.0,0.0,-1.0));
#1977=ORIENTED_EDGE('',*,*,#2895,.F.);
#1978=ORIENTED_EDGE('',*,*,#2788,.T.);
#1979=ORIENTED_EDGE('',*,*,#2900,.F.);
#1980=ORIENTED_EDGE('',*,*,#2901,.F.);
#1981=ORIENTED_EDGE('',*,*,#2902,.T.);
#1982=ORIENTED_EDGE('',*,*,#2903,.F.);
#1983=ORIENTED_EDGE('',*,*,#2904,.F.);
#1984=ORIENTED_EDGE('',*,*,#2899,.T.);
#1985=CARTESIAN_POINT('',(-1.5,0.0,0.0));
#1986=DIRECTION('',(1.0,0.0,0.0));
#1987=DIRECTION('',(0.0,1.0,0.0));
#1988=ORIENTED_EDGE('',*,*,#2904,.T.);
#1989=ORIENTED_EDGE('',*,*,#2905,.T.);
#1990=ORIENTED_EDGE('',*,*,#2906,.F.);
#1991=ORIENTED_EDGE('',*,*,#2897,.T.);
#1992=CARTESIAN_POINT('',(-1.5,-1.5995,-2.7));
#1993=DIRECTION('',(0.0,0.0,1.0));
#1994=DIRECTION('',(1.0,0.0,0.0));
#1995=ORIENTED_EDGE('',*,*,#2906,.T.);
#1996=ORIENTED_EDGE('',*,*,#2907,.T.);
#1997=ORIENTED_EDGE('',*,*,#2908,.F.);
#1998=ORIENTED_EDGE('',*,*,#2909,.T.);
#1999=ORIENTED_EDGE('',*,*,#2910,.T.);
#2000=ORIENTED_EDGE('',*,*,#2786,.F.);
#2001=ORIENTED_EDGE('',*,*,#2881,.T.);
#2002=ORIENTED_EDGE('',*,*,#2898,.T.);
#2003=CARTESIAN_POINT('',(-0.85,0.0,0.0));
#2004=DIRECTION('',(1.0,0.0,0.0));
#2005=DIRECTION('',(0.0,1.0,0.0));
#2006=ORIENTED_EDGE('',*,*,#2787,.F.);
#2007=ORIENTED_EDGE('',*,*,#2910,.F.);
#2008=ORIENTED_EDGE('',*,*,#2911,.F.);
#2009=ORIENTED_EDGE('',*,*,#2900,.T.);
#2010=CARTESIAN_POINT('',(-1.5,-1.4495,-2.55));
#2011=DIRECTION('',(0.0,-1.0,0.0));
#2012=DIRECTION('',(0.0,0.0,-1.0));
#2013=ORIENTED_EDGE('',*,*,#2911,.T.);
#2014=ORIENTED_EDGE('',*,*,#2909,.F.);
#2015=ORIENTED_EDGE('',*,*,#2912,.T.);
#2016=ORIENTED_EDGE('',*,*,#2901,.T.);
#2017=CARTESIAN_POINT('',(-1.5,-0.9995,-2.55));
#2018=DIRECTION('',(0.0,0.0,-1.0));
#2019=DIRECTION('',(0.0,-1.0,0.0));
#2020=ORIENTED_EDGE('',*,*,#2913,.F.);
#2021=ORIENTED_EDGE('',*,*,#2914,.T.);
#2022=ORIENTED_EDGE('',*,*,#2783,.F.);
#2023=ORIENTED_EDGE('',*,*,#2915,.F.);
#2024=ORIENTED_EDGE('',*,*,#2916,.F.);
#2025=ORIENTED_EDGE('',*,*,#2912,.F.);
#2026=CARTESIAN_POINT('',(-1.6,-1.3895,-2.55));
#2027=DIRECTION('',(0.0,-0.998580804677827,-0.0532576429161514));
#2028=DIRECTION('',(0.0,0.0532576429161514,-0.998580804677827));
#2029=ORIENTED_EDGE('',*,*,#2883,.T.);
#2030=ORIENTED_EDGE('',*,*,#2917,.T.);
#2031=ORIENTED_EDGE('',*,*,#2913,.T.);
#2032=ORIENTED_EDGE('',*,*,#2908,.T.);
#2033=ORIENTED_EDGE('',*,*,#2918,.T.);
#2034=ORIENTED_EDGE('',*,*,#2902,.F.);
#2035=ORIENTED_EDGE('',*,*,#2916,.T.);
#2036=ORIENTED_EDGE('',*,*,#2919,.T.);
#2037=ORIENTED_EDGE('',*,*,#2920,.F.);
#2038=ORIENTED_EDGE('',*,*,#2921,.F.);
#2039=ORIENTED_EDGE('',*,*,#2922,.F.);
#2040=ORIENTED_EDGE('',*,*,#2923,.F.);
#2041=ORIENTED_EDGE('',*,*,#2598,.F.);
#2042=ORIENTED_EDGE('',*,*,#2924,.T.);
#2043=ORIENTED_EDGE('',*,*,#2925,.F.);
#2044=ORIENTED_EDGE('',*,*,#2926,.T.);
#2045=ORIENTED_EDGE('',*,*,#2927,.F.);
#2046=ORIENTED_EDGE('',*,*,#2928,.F.);
#2047=ORIENTED_EDGE('',*,*,#2929,.F.);
#2048=ORIENTED_EDGE('',*,*,#2930,.T.);
#2049=ORIENTED_EDGE('',*,*,#2931,.F.);
#2050=ORIENTED_EDGE('',*,*,#2932,.F.);
#2051=ORIENTED_EDGE('',*,*,#2933,.F.);
#2052=ORIENTED_EDGE('',*,*,#2934,.F.);
#2053=ORIENTED_EDGE('',*,*,#2885,.T.);
#2054=ORIENTED_EDGE('',*,*,#2935,.T.);
#2055=ORIENTED_EDGE('',*,*,#2936,.F.);
#2056=ORIENTED_EDGE('',*,*,#2937,.F.);
#2057=CARTESIAN_POINT('',(2.0,1.5995,-2.55));
#2058=DIRECTION('',(0.0,0.0,-1.0));
#2059=DIRECTION('',(0.0,-1.0,0.0));
#2060=ORIENTED_EDGE('',*,*,#2937,.T.);
#2061=ORIENTED_EDGE('',*,*,#2938,.F.);
#2062=ORIENTED_EDGE('',*,*,#2939,.F.);
#2063=ORIENTED_EDGE('',*,*,#2940,.T.);
#2064=CARTESIAN_POINT('',(-0.25,0.0,0.0));
#2065=DIRECTION('',(1.0,0.0,0.0));
#2066=DIRECTION('',(0.0,1.0,0.0));
#2067=ORIENTED_EDGE('',*,*,#2941,.F.);
#2068=ORIENTED_EDGE('',*,*,#2942,.F.);
#2069=ORIENTED_EDGE('',*,*,#2884,.T.);
#2070=ORIENTED_EDGE('',*,*,#2940,.F.);
#2071=CARTESIAN_POINT('',(8.1162,-1.4495,-2.55));
#2072=DIRECTION('',(1.0,-0.0,0.0));
#2073=DIRECTION('',(0.0,0.0,-1.0));
#2074=ORIENTED_EDGE('',*,*,#2943,.T.);
#2075=ORIENTED_EDGE('',*,*,#2944,.T.);
#2076=ORIENTED_EDGE('',*,*,#2935,.F.);
#2077=ORIENTED_EDGE('',*,*,#2942,.T.);
#2078=CARTESIAN_POINT('',(0.25,0.0,0.0));
#2079=DIRECTION('',(1.0,0.0,0.0));
#2080=DIRECTION('',(0.0,1.0,0.0));
#2081=ORIENTED_EDGE('',*,*,#2944,.F.);
#2082=ORIENTED_EDGE('',*,*,#2945,.F.);
#2083=ORIENTED_EDGE('',*,*,#2938,.T.);
#2084=ORIENTED_EDGE('',*,*,#2936,.T.);
#2085=CARTESIAN_POINT('',(-0.25,-0.9995,-2.7));
#2086=DIRECTION('',(-0.0,1.0,0.0));
#2087=DIRECTION('',(1.0,0.0,0.0));
#2088=ORIENTED_EDGE('',*,*,#2939,.T.);
#2089=ORIENTED_EDGE('',*,*,#2945,.T.);
#2090=ORIENTED_EDGE('',*,*,#2943,.F.);
#2091=ORIENTED_EDGE('',*,*,#2941,.T.);
#2092=CARTESIAN_POINT('',(-0.25,-1.5995,-2.7));
#2093=DIRECTION('',(0.0,0.0,-1.0));
#2094=DIRECTION('',(0.0,-1.0,0.0));
#2095=ORIENTED_EDGE('',*,*,#2946,.T.);
#2096=ORIENTED_EDGE('',*,*,#2761,.T.);
#2097=ORIENTED_EDGE('',*,*,#2886,.F.);
#2098=ORIENTED_EDGE('',*,*,#2934,.T.);
#2099=CARTESIAN_POINT('',(0.6,-1.5995,-1.8));
#2100=DIRECTION('',(1.0,0.0,0.0));
#2101=DIRECTION('',(0.0,1.0,0.0));
#2102=ORIENTED_EDGE('',*,*,#2929,.T.);
#2103=ORIENTED_EDGE('',*,*,#2947,.F.);
#2104=ORIENTED_EDGE('',*,*,#2762,.T.);
#2105=ORIENTED_EDGE('',*,*,#2946,.F.);
#2106=ORIENTED_EDGE('',*,*,#2933,.T.);
#2107=ORIENTED_EDGE('',*,*,#2948,.T.);
#2108=CARTESIAN_POINT('',(1.6,-1.3895,-2.55));
#2109=DIRECTION('',(0.0,0.998580804677827,0.0532576429161514));
#2110=DIRECTION('',(1.0,0.0,-0.0));
#2111=ORIENTED_EDGE('',*,*,#2949,.T.);
#2112=ORIENTED_EDGE('',*,*,#2950,.F.);
#2113=ORIENTED_EDGE('',*,*,#2951,.F.);
#2114=ORIENTED_EDGE('',*,*,#2948,.F.);
#2115=CARTESIAN_POINT('',(1.5,-0.9995,-2.55));
#2116=DIRECTION('',(0.0,0.0,1.0));
#2117=DIRECTION('',(1.0,0.0,0.0));
#2118=ORIENTED_EDGE('',*,*,#2952,.T.);
#2119=ORIENTED_EDGE('',*,*,#2953,.T.);
#2120=ORIENTED_EDGE('',*,*,#2930,.F.);
#2121=ORIENTED_EDGE('',*,*,#2951,.T.);
#2122=ORIENTED_EDGE('',*,*,#2954,.T.);
#2123=ORIENTED_EDGE('',*,*,#2773,.F.);
#2124=ORIENTED_EDGE('',*,*,#2889,.T.);
#2125=ORIENTED_EDGE('',*,*,#2955,.T.);
#2126=CARTESIAN_POINT('',(1.5,0.0,0.0));
#2127=DIRECTION('',(1.0,0.0,0.0));
#2128=DIRECTION('',(0.0,1.0,0.0));
#2129=ORIENTED_EDGE('',*,*,#2956,.F.);
#2130=ORIENTED_EDGE('',*,*,#2955,.F.);
#2131=ORIENTED_EDGE('',*,*,#2888,.T.);
#2132=ORIENTED_EDGE('',*,*,#2957,.F.);
#2133=CARTESIAN_POINT('',(8.1162,-1.4495,-2.55));
#2134=DIRECTION('',(1.0,-0.0,0.0));
#2135=DIRECTION('',(0.0,0.0,-1.0));
#2136=ORIENTED_EDGE('',*,*,#2887,.F.);
#2137=ORIENTED_EDGE('',*,*,#2759,.T.);
#2138=ORIENTED_EDGE('',*,*,#2958,.F.);
#2139=ORIENTED_EDGE('',*,*,#2949,.F.);
#2140=ORIENTED_EDGE('',*,*,#2932,.T.);
#2141=ORIENTED_EDGE('',*,*,#2959,.F.);
#2142=ORIENTED_EDGE('',*,*,#2960,.F.);
#2143=ORIENTED_EDGE('',*,*,#2957,.T.);
#2144=CARTESIAN_POINT('',(0.85,0.0,0.0));
#2145=DIRECTION('',(1.0,0.0,0.0));
#2146=DIRECTION('',(0.0,1.0,0.0));
#2147=ORIENTED_EDGE('',*,*,#2960,.T.);
#2148=ORIENTED_EDGE('',*,*,#2961,.F.);
#2149=ORIENTED_EDGE('',*,*,#2952,.F.);
#2150=ORIENTED_EDGE('',*,*,#2956,.T.);
#2151=CARTESIAN_POINT('',(1.5,-1.5995,-2.7));
#2152=DIRECTION('',(0.0,0.0,-1.0));
#2153=DIRECTION('',(0.0,-1.0,0.0));
#2154=ORIENTED_EDGE('',*,*,#2953,.F.);
#2155=ORIENTED_EDGE('',*,*,#2961,.T.);
#2156=ORIENTED_EDGE('',*,*,#2959,.T.);
#2157=ORIENTED_EDGE('',*,*,#2931,.T.);
#2158=CARTESIAN_POINT('',(1.5,-0.9995,-2.7));
#2159=DIRECTION('',(-0.0,1.0,0.0));
#2160=DIRECTION('',(1.0,0.0,0.0));
#2161=ORIENTED_EDGE('',*,*,#2954,.F.);
#2162=ORIENTED_EDGE('',*,*,#2950,.T.);
#2163=ORIENTED_EDGE('',*,*,#2958,.T.);
#2164=ORIENTED_EDGE('',*,*,#2758,.T.);
#2165=CARTESIAN_POINT('',(1.5,-1.4495,-2.55));
#2166=DIRECTION('',(-0.0,1.0,0.0));
#2167=DIRECTION('',(1.0,0.0,0.0));
#2168=ORIENTED_EDGE('',*,*,#2928,.T.);
#2169=ORIENTED_EDGE('',*,*,#2962,.T.);
#2170=ORIENTED_EDGE('',*,*,#2763,.F.);
#2171=ORIENTED_EDGE('',*,*,#2947,.T.);
#2172=CARTESIAN_POINT('',(1.6,-1.5995,-2.55));
#2173=DIRECTION('',(-1.0,0.0,0.0));
#2174=DIRECTION('',(0.0,0.0,1.0));
#2175=ORIENTED_EDGE('',*,*,#2962,.F.);
#2176=ORIENTED_EDGE('',*,*,#2927,.T.);
#2177=ORIENTED_EDGE('',*,*,#2963,.F.);
#2178=ORIENTED_EDGE('',*,*,#2964,.T.);
#2179=ORIENTED_EDGE('',*,*,#2764,.F.);
#2180=CARTESIAN_POINT('',(1.6,-0.9995,-2.55));
#2181=DIRECTION('',(-0.707106781186548,0.707106781186548,0.0));
#2182=DIRECTION('',(0.0,0.0,1.0));
#2183=ORIENTED_EDGE('',*,*,#2765,.T.);
#2184=ORIENTED_EDGE('',*,*,#2964,.F.);
#2185=ORIENTED_EDGE('',*,*,#2965,.F.);
#2186=ORIENTED_EDGE('',*,*,#2890,.F.);
#2187=ORIENTED_EDGE('',*,*,#2771,.T.);
#2188=ORIENTED_EDGE('',*,*,#2634,.F.);
#2189=CARTESIAN_POINT('',(1.95,-1.1495,-1.75));
#2190=DIRECTION('',(0.707106781186548,0.0,-0.707106781186548));
#2191=DIRECTION('',(0.0,-1.0,0.0));
#2192=ORIENTED_EDGE('',*,*,#2608,.F.);
#2193=ORIENTED_EDGE('',*,*,#2966,.T.);
#2194=ORIENTED_EDGE('',*,*,#2967,.T.);
#2195=ORIENTED_EDGE('',*,*,#2968,.F.);
#2196=ORIENTED_EDGE('',*,*,#2891,.T.);
#2197=ORIENTED_EDGE('',*,*,#2965,.T.);
#2198=ORIENTED_EDGE('',*,*,#2963,.T.);
#2199=ORIENTED_EDGE('',*,*,#2926,.F.);
#2200=ORIENTED_EDGE('',*,*,#2969,.T.);
#2201=ORIENTED_EDGE('',*,*,#2611,.T.);
#2202=CARTESIAN_POINT('',(2.0,1.5995,-0.3));
#2203=DIRECTION('',(1.0,0.0,0.0));
#2204=DIRECTION('',(0.0,1.0,0.0));
#2205=ORIENTED_EDGE('',*,*,#2925,.T.);
#2206=ORIENTED_EDGE('',*,*,#2970,.T.);
#2207=ORIENTED_EDGE('',*,*,#2746,.F.);
#2208=ORIENTED_EDGE('',*,*,#2612,.T.);
#2209=ORIENTED_EDGE('',*,*,#2969,.F.);
#2210=CARTESIAN_POINT('',(2.0,0.5995,-2.55));
#2211=DIRECTION('',(-0.707106781186548,-0.707106781186548,0.0));
#2212=DIRECTION('',(-0.707106781186548,0.707106781186548,0.0));
#2213=ORIENTED_EDGE('',*,*,#2747,.F.);
#2214=ORIENTED_EDGE('',*,*,#2970,.F.);
#2215=ORIENTED_EDGE('',*,*,#2924,.F.);
#2216=ORIENTED_EDGE('',*,*,#2597,.T.);
#2217=CARTESIAN_POINT('',(1.6,0.9995,-2.55));
#2218=DIRECTION('',(-1.0,0.0,0.0));
#2219=DIRECTION('',(0.0,0.0,1.0));
#2220=ORIENTED_EDGE('',*,*,#2971,.F.);
#2221=ORIENTED_EDGE('',*,*,#2972,.F.);
#2222=ORIENTED_EDGE('',*,*,#2973,.F.);
#2223=ORIENTED_EDGE('',*,*,#2974,.F.);
#2224=ORIENTED_EDGE('',*,*,#2975,.F.);
#2225=ORIENTED_EDGE('',*,*,#2976,.F.);
#2226=ORIENTED_EDGE('',*,*,#2892,.T.);
#2227=ORIENTED_EDGE('',*,*,#2968,.T.);
#2228=CARTESIAN_POINT('',(0.0,0.0,-0.9));
#2229=DIRECTION('',(0.0,0.0,-1.0));
#2230=DIRECTION('',(0.0,-1.0,0.0));
#2231=ORIENTED_EDGE('',*,*,#2977,.T.);
#2232=ORIENTED_EDGE('',*,*,#2921,.T.);
#2233=ORIENTED_EDGE('',*,*,#2978,.T.);
#2234=ORIENTED_EDGE('',*,*,#2979,.T.);
#2235=ORIENTED_EDGE('',*,*,#2893,.T.);
#2236=ORIENTED_EDGE('',*,*,#2976,.T.);
#2237=ORIENTED_EDGE('',*,*,#2980,.F.);
#2238=ORIENTED_EDGE('',*,*,#2981,.F.);
#2239=ORIENTED_EDGE('',*,*,#2602,.F.);
#2240=ORIENTED_EDGE('',*,*,#2982,.T.);
#2241=CARTESIAN_POINT('',(-2.0,1.5995,-2.55));
#2242=DIRECTION('',(-1.0,0.0,0.0));
#2243=DIRECTION('',(0.0,0.0,1.0));
#2244=ORIENTED_EDGE('',*,*,#2754,.T.);
#2245=ORIENTED_EDGE('',*,*,#2983,.F.);
#2246=ORIENTED_EDGE('',*,*,#2982,.F.);
#2247=ORIENTED_EDGE('',*,*,#2601,.F.);
#2248=ORIENTED_EDGE('',*,*,#2751,.T.);
#2249=ORIENTED_EDGE('',*,*,#2618,.F.);
#2250=CARTESIAN_POINT('',(-1.95,1.1495,-1.75));
#2251=DIRECTION('',(-0.707106781186548,0.0,-0.707106781186548));
#2252=DIRECTION('',(-0.707106781186548,0.0,0.707106781186548));
#2253=ORIENTED_EDGE('',*,*,#2984,.F.);
#2254=ORIENTED_EDGE('',*,*,#2922,.T.);
#2255=ORIENTED_EDGE('',*,*,#2977,.F.);
#2256=ORIENTED_EDGE('',*,*,#2983,.T.);
#2257=ORIENTED_EDGE('',*,*,#2753,.F.);
#2258=CARTESIAN_POINT('',(-1.6,0.9995,-2.55));
#2259=DIRECTION('',(0.707106781186548,-0.707106781186548,0.0));
#2260=DIRECTION('',(0.0,0.0,-1.0));
#2261=ORIENTED_EDGE('',*,*,#2923,.T.);
#2262=ORIENTED_EDGE('',*,*,#2984,.T.);
#2263=ORIENTED_EDGE('',*,*,#2752,.F.);
#2264=ORIENTED_EDGE('',*,*,#2599,.F.);
#2265=CARTESIAN_POINT('',(-1.6,1.5995,-2.55));
#2266=DIRECTION('',(1.0,0.0,0.0));
#2267=DIRECTION('',(0.0,1.0,0.0));
#2268=ORIENTED_EDGE('',*,*,#2985,.T.);
#2269=ORIENTED_EDGE('',*,*,#2670,.F.);
#2270=ORIENTED_EDGE('',*,*,#2603,.F.);
#2271=ORIENTED_EDGE('',*,*,#2981,.T.);
#2272=CARTESIAN_POINT('',(-2.0,1.5995,-0.3));
#2273=DIRECTION('',(-0.707106781186598,0.0,0.707106781186498));
#2274=DIRECTION('',(0.0,1.0,0.0));
#2275=ORIENTED_EDGE('',*,*,#2975,.T.);
#2276=ORIENTED_EDGE('',*,*,#2986,.F.);
#2277=ORIENTED_EDGE('',*,*,#2671,.F.);
#2278=ORIENTED_EDGE('',*,*,#2985,.F.);
#2279=ORIENTED_EDGE('',*,*,#2980,.T.);
#2280=CARTESIAN_POINT('',(-2.0,-0.8005,-0.2));
#2281=DIRECTION('',(-0.0,1.0,0.0));
#2282=DIRECTION('',(1.0,0.0,0.0));
#2283=ORIENTED_EDGE('',*,*,#2986,.T.);
#2284=ORIENTED_EDGE('',*,*,#2974,.T.);
#2285=ORIENTED_EDGE('',*,*,#2987,.F.);
#2286=ORIENTED_EDGE('',*,*,#2672,.F.);
#2287=CARTESIAN_POINT('',(-1.25,-0.8005,-0.2));
#2288=DIRECTION('',(0.732793491626289,0.680451099367289,0.0));
#2289=DIRECTION('',(0.0,0.0,-1.0));
#2290=ORIENTED_EDGE('',*,*,#2987,.T.);
#2291=ORIENTED_EDGE('',*,*,#2973,.T.);
#2292=ORIENTED_EDGE('',*,*,#2988,.F.);
#2293=ORIENTED_EDGE('',*,*,#2673,.F.);
#2294=CARTESIAN_POINT('',(-0.6,-1.5005,-0.2));
#2295=DIRECTION('',(-0.0,1.0,0.0));
#2296=DIRECTION('',(1.0,0.0,0.0));
#2297=ORIENTED_EDGE('',*,*,#2988,.T.);
#2298=ORIENTED_EDGE('',*,*,#2972,.T.);
#2299=ORIENTED_EDGE('',*,*,#2989,.F.);
#2300=ORIENTED_EDGE('',*,*,#2674,.F.);
#2301=CARTESIAN_POINT('',(0.6,-1.5005,-0.2));
#2302=DIRECTION('',(-0.732793491626289,0.680451099367289,0.0));
#2303=DIRECTION('',(0.0,0.0,1.0));
#2304=ORIENTED_EDGE('',*,*,#2675,.F.);
#2305=ORIENTED_EDGE('',*,*,#2989,.T.);
#2306=ORIENTED_EDGE('',*,*,#2971,.T.);
#2307=ORIENTED_EDGE('',*,*,#2967,.F.);
#2308=ORIENTED_EDGE('',*,*,#2990,.F.);
#2309=CARTESIAN_POINT('',(1.25,-0.8005,-0.2));
#2310=DIRECTION('',(-0.0,1.0,0.0));
#2311=DIRECTION('',(1.0,0.0,0.0));
#2312=ORIENTED_EDGE('',*,*,#2966,.F.);
#2313=ORIENTED_EDGE('',*,*,#2607,.F.);
#2314=ORIENTED_EDGE('',*,*,#2676,.T.);
#2315=ORIENTED_EDGE('',*,*,#2990,.T.);
#2316=CARTESIAN_POINT('',(1.9,1.5995,-0.2));
#2317=DIRECTION('',(0.707106781186548,0.0,0.707106781186548));
#2318=DIRECTION('',(0.0,-1.0,0.0));
#2319=ORIENTED_EDGE('',*,*,#2775,.T.);
#2320=ORIENTED_EDGE('',*,*,#2894,.F.);
#2321=ORIENTED_EDGE('',*,*,#2979,.F.);
#2322=ORIENTED_EDGE('',*,*,#2991,.F.);
#2323=ORIENTED_EDGE('',*,*,#2780,.T.);
#2324=ORIENTED_EDGE('',*,*,#2649,.T.);
#2325=CARTESIAN_POINT('',(-1.95,-1.1495,-1.75));
#2326=DIRECTION('',(-0.707106781186548,0.0,-0.707106781186548));
#2327=DIRECTION('',(-0.707106781186548,0.0,0.707106781186548));
#2328=ORIENTED_EDGE('',*,*,#2920,.T.);
#2329=ORIENTED_EDGE('',*,*,#2992,.T.);
#2330=ORIENTED_EDGE('',*,*,#2781,.F.);
#2331=ORIENTED_EDGE('',*,*,#2991,.T.);
#2332=ORIENTED_EDGE('',*,*,#2978,.F.);
#2333=CARTESIAN_POINT('',(-2.0,-0.5995,-2.55));
#2334=DIRECTION('',(0.707106781186548,0.707106781186548,0.0));
#2335=DIRECTION('',(0.0,0.0,-1.0));
#2336=ORIENTED_EDGE('',*,*,#2782,.F.);
#2337=ORIENTED_EDGE('',*,*,#2992,.F.);
#2338=ORIENTED_EDGE('',*,*,#2919,.F.);
#2339=ORIENTED_EDGE('',*,*,#2915,.T.);
#2340=CARTESIAN_POINT('',(-1.6,-0.9995,-2.55));
#2341=DIRECTION('',(1.0,0.0,0.0));
#2342=DIRECTION('',(0.0,1.0,0.0));
#2343=ORIENTED_EDGE('',*,*,#2918,.F.);
#2344=ORIENTED_EDGE('',*,*,#2907,.F.);
#2345=ORIENTED_EDGE('',*,*,#2905,.F.);
#2346=ORIENTED_EDGE('',*,*,#2903,.T.);
#2347=CARTESIAN_POINT('',(-1.5,-0.9995,-2.7));
#2348=DIRECTION('',(0.0,-1.0,0.0));
#2349=DIRECTION('',(0.0,0.0,-1.0));
#2350=ORIENTED_EDGE('',*,*,#2917,.F.);
#2351=ORIENTED_EDGE('',*,*,#2882,.T.);
#2352=ORIENTED_EDGE('',*,*,#2784,.F.);
#2353=ORIENTED_EDGE('',*,*,#2914,.F.);
#2354=CARTESIAN_POINT('',(-0.6,-1.5995,-1.8));
#2355=DIRECTION('',(1.0,0.0,0.0));
#2356=DIRECTION('',(0.0,1.0,0.0));
#2357=ORIENTED_EDGE('',*,*,#2831,.T.);
#2358=ORIENTED_EDGE('',*,*,#2993,.F.);
#2359=ORIENTED_EDGE('',*,*,#2994,.F.);
#2360=ORIENTED_EDGE('',*,*,#2995,.T.);
#2361=ORIENTED_EDGE('',*,*,#2733,.F.);
#2362=CARTESIAN_POINT('',(-1.85,-1.105,-2.3));
#2363=DIRECTION('',(-1.0,0.0,-0.0));
#2364=DIRECTION('',(0.0,0.0,-1.0));
#2365=ORIENTED_EDGE('',*,*,#2722,.T.);
#2366=ORIENTED_EDGE('',*,*,#2995,.F.);
#2367=ORIENTED_EDGE('',*,*,#2996,.F.);
#2368=ORIENTED_EDGE('',*,*,#2997,.F.);
#2369=CARTESIAN_POINT('',(-1.85,-1.305,-1.8));
#2370=DIRECTION('',(-1.0,0.0,0.0));
#2371=DIRECTION('',(0.0,0.0,1.0));
#2372=ORIENTED_EDGE('',*,*,#2997,.T.);
#2373=ORIENTED_EDGE('',*,*,#2998,.T.);
#2374=ORIENTED_EDGE('',*,*,#2999,.F.);
#2375=ORIENTED_EDGE('',*,*,#2776,.F.);
#2376=ORIENTED_EDGE('',*,*,#2730,.F.);
#2377=CARTESIAN_POINT('',(-1.85,-1.105,-2.0));
#2378=DIRECTION('',(-1.0,0.0,-0.0));
#2379=DIRECTION('',(0.0,0.0,-1.0));
#2380=ORIENTED_EDGE('',*,*,#3000,.T.);
#2381=ORIENTED_EDGE('',*,*,#2993,.T.);
#2382=ORIENTED_EDGE('',*,*,#2830,.F.);
#2383=ORIENTED_EDGE('',*,*,#3001,.F.);
#2384=ORIENTED_EDGE('',*,*,#2777,.T.);
#2385=ORIENTED_EDGE('',*,*,#2999,.T.);
#2386=CARTESIAN_POINT('',(-1.65,-1.1,-1.8));
#2387=DIRECTION('',(1.0,0.0,0.0));
#2388=DIRECTION('',(0.0,1.0,0.0));
#2389=ORIENTED_EDGE('',*,*,#3001,.T.);
#2390=ORIENTED_EDGE('',*,*,#2829,.F.);
#2391=ORIENTED_EDGE('',*,*,#3002,.F.);
#2392=ORIENTED_EDGE('',*,*,#2778,.T.);
#2393=CARTESIAN_POINT('',(-1.85,-1.1,-1.8));
#2394=DIRECTION('',(0.0,0.0,1.0));
#2395=DIRECTION('',(-1.0,0.0,0.0));
#2396=ORIENTED_EDGE('',*,*,#3002,.T.);
#2397=ORIENTED_EDGE('',*,*,#2828,.F.);
#2398=ORIENTED_EDGE('',*,*,#3003,.F.);
#2399=ORIENTED_EDGE('',*,*,#2641,.T.);
#2400=ORIENTED_EDGE('',*,*,#2779,.T.);
#2401=CARTESIAN_POINT('',(-1.996272666219,-0.7980440401327,-1.8));
#2402=DIRECTION('',(0.462726662189401,0.886501007387502,0.0));
#2403=DIRECTION('',(0.0,0.0,-1.0));
#2404=ORIENTED_EDGE('',*,*,#3003,.T.);
#2405=ORIENTED_EDGE('',*,*,#2827,.F.);
#2406=ORIENTED_EDGE('',*,*,#2695,.F.);
#2407=ORIENTED_EDGE('',*,*,#2642,.T.);
#2408=CARTESIAN_POINT('',(-1.95,-0.7093939393939,-1.8));
#2409=DIRECTION('',(0.0,0.0,1.0));
#2410=DIRECTION('',(-1.0,0.0,0.0));
#2411=ORIENTED_EDGE('',*,*,#2996,.T.);
#2412=ORIENTED_EDGE('',*,*,#2994,.T.);
#2413=ORIENTED_EDGE('',*,*,#3000,.F.);
#2414=ORIENTED_EDGE('',*,*,#2998,.F.);
#2415=CARTESIAN_POINT('',(-1.65,-1.305,-1.8));
#2416=DIRECTION('',(0.0,-1.0,0.0));
#2417=DIRECTION('',(0.0,0.0,-1.0));
#2418=ORIENTED_EDGE('',*,*,#2697,.T.);
#2419=ORIENTED_EDGE('',*,*,#2826,.F.);
#2420=ORIENTED_EDGE('',*,*,#3004,.F.);
#2421=ORIENTED_EDGE('',*,*,#2616,.T.);
#2422=CARTESIAN_POINT('',(-1.95,0.7093939393939,-1.8));
#2423=DIRECTION('',(0.0,0.0,1.0));
#2424=DIRECTION('',(-1.0,0.0,0.0));
#2425=ORIENTED_EDGE('',*,*,#2617,.T.);
#2426=ORIENTED_EDGE('',*,*,#3004,.T.);
#2427=ORIENTED_EDGE('',*,*,#2825,.F.);
#2428=ORIENTED_EDGE('',*,*,#3005,.F.);
#2429=ORIENTED_EDGE('',*,*,#2755,.F.);
#2430=CARTESIAN_POINT('',(-1.757454667562,0.9226997985225,-1.8));
#2431=DIRECTION('',(0.462726662189401,-0.886501007387502,0.0));
#2432=DIRECTION('',(0.0,0.0,-1.0));
#2433=ORIENTED_EDGE('',*,*,#3005,.T.);
#2434=ORIENTED_EDGE('',*,*,#2824,.F.);
#2435=ORIENTED_EDGE('',*,*,#3006,.F.);
#2436=ORIENTED_EDGE('',*,*,#2756,.T.);
#2437=CARTESIAN_POINT('',(-1.85,1.1,-1.8));
#2438=DIRECTION('',(0.0,0.0,1.0));
#2439=DIRECTION('',(-1.0,0.0,0.0));
#2440=ORIENTED_EDGE('',*,*,#2757,.T.);
#2441=ORIENTED_EDGE('',*,*,#3006,.T.);
#2442=ORIENTED_EDGE('',*,*,#2823,.F.);
#2443=ORIENTED_EDGE('',*,*,#3007,.T.);
#2444=ORIENTED_EDGE('',*,*,#3008,.F.);
#2445=ORIENTED_EDGE('',*,*,#2735,.T.);
#2446=CARTESIAN_POINT('',(-1.65,1.305,-1.8));
#2447=DIRECTION('',(1.0,0.0,0.0));
#2448=DIRECTION('',(0.0,1.0,0.0));
#2449=ORIENTED_EDGE('',*,*,#3008,.T.);
#2450=ORIENTED_EDGE('',*,*,#3009,.F.);
#2451=ORIENTED_EDGE('',*,*,#2738,.F.);
#2452=ORIENTED_EDGE('',*,*,#2736,.T.);
#2453=CARTESIAN_POINT('',(-1.85,1.305,-1.8));
#2454=DIRECTION('',(-0.0,1.0,0.0));
#2455=DIRECTION('',(1.0,0.0,0.0));
#2456=ORIENTED_EDGE('',*,*,#2739,.T.);
#2457=ORIENTED_EDGE('',*,*,#3009,.T.);
#2458=ORIENTED_EDGE('',*,*,#3007,.F.);
#2459=ORIENTED_EDGE('',*,*,#2822,.F.);
#2460=ORIENTED_EDGE('',*,*,#2729,.F.);
#2461=CARTESIAN_POINT('',(-1.85,1.105,-2.3));
#2462=DIRECTION('',(-1.0,0.0,-0.0));
#2463=DIRECTION('',(0.0,0.0,-1.0));
#2464=ORIENTED_EDGE('',*,*,#2742,.T.);
#2465=ORIENTED_EDGE('',*,*,#2821,.F.);
#2466=ORIENTED_EDGE('',*,*,#3010,.F.);
#2467=ORIENTED_EDGE('',*,*,#2620,.T.);
#2468=CARTESIAN_POINT('',(-2.142545332438,0.9473002014775,-1.8));
#2469=DIRECTION('',(-0.462726662189401,0.886501007387502,0.0));
#2470=DIRECTION('',(0.0,0.0,1.0));
#2471=ORIENTED_EDGE('',*,*,#3010,.T.);
#2472=ORIENTED_EDGE('',*,*,#2820,.F.);
#2473=ORIENTED_EDGE('',*,*,#2706,.F.);
#2474=ORIENTED_EDGE('',*,*,#2621,.T.);
#2475=CARTESIAN_POINT('',(-2.05,0.77,-1.8));
#2476=DIRECTION('',(0.0,0.0,1.0));
#2477=DIRECTION('',(-1.0,0.0,0.0));
#2478=ORIENTED_EDGE('',*,*,#2605,.F.);
#2479=ORIENTED_EDGE('',*,*,#2669,.F.);
#2480=ORIENTED_EDGE('',*,*,#3011,.F.);
#2481=ORIENTED_EDGE('',*,*,#2538,.T.);
#2482=CARTESIAN_POINT('',(-2.0,1.5995,0.0));
#2483=DIRECTION('',(-1.0,0.0,0.0));
#2484=DIRECTION('',(0.0,0.0,1.0));
#2485=ORIENTED_EDGE('',*,*,#2539,.F.);
#2486=ORIENTED_EDGE('',*,*,#3011,.T.);
#2487=ORIENTED_EDGE('',*,*,#2668,.T.);
#2488=ORIENTED_EDGE('',*,*,#2650,.F.);
#2489=ORIENTED_EDGE('',*,*,#2655,.T.);
#2490=CARTESIAN_POINT('',(-2.15,0.8995,0.0));
#2491=DIRECTION('',(0.0,0.0,-1.0));
#2492=DIRECTION('',(1.0,0.0,0.0));
#2493=EDGE_CURVE('',#3012,#3013,#3014,.T.);
#2494=EDGE_CURVE('',#3015,#3012,#3016,.T.);
#2495=EDGE_CURVE('',#3017,#3015,#3018,.T.);
#2496=EDGE_CURVE('',#3013,#3017,#3019,.T.);
#2497=EDGE_CURVE('',#3020,#3021,#3022,.T.);
#2498=EDGE_CURVE('',#3023,#3020,#3024,.T.);
#2499=EDGE_CURVE('',#3023,#3025,#3026,.T.);
#2500=EDGE_CURVE('',#3021,#3025,#3027,.T.);
#2501=EDGE_CURVE('',#3028,#3029,#3030,.T.);
#2502=EDGE_CURVE('',#3028,#3031,#3032,.T.);
#2503=EDGE_CURVE('',#3033,#3031,#3034,.T.);
#2504=EDGE_CURVE('',#3033,#3035,#3036,.T.);
#2505=EDGE_CURVE('',#3029,#3035,#3037,.T.);
#2506=EDGE_CURVE('',#3038,#3039,#3040,.T.);
#2507=EDGE_CURVE('',#3041,#3038,#3042,.T.);
#2508=EDGE_CURVE('',#3041,#3043,#3044,.T.);
#2509=EDGE_CURVE('',#3043,#3045,#3046,.T.);
#2510=EDGE_CURVE('',#3045,#3039,#3047,.T.);
#2511=EDGE_CURVE('',#3048,#3049,#3050,.T.);
#2512=EDGE_CURVE('',#3051,#3048,#3052,.T.);
#2513=EDGE_CURVE('',#3051,#3053,#3054,.T.);
#2514=EDGE_CURVE('',#3053,#3049,#3055,.T.);
#2515=EDGE_CURVE('',#3056,#3057,#3058,.T.);
#2516=EDGE_CURVE('',#3059,#3056,#3060,.T.);
#2517=EDGE_CURVE('',#3059,#3061,#3062,.T.);
#2518=EDGE_CURVE('',#3061,#3057,#3063,.T.);
#2519=EDGE_CURVE('',#3064,#3065,#3066,.T.);
#2520=EDGE_CURVE('',#3067,#3064,#3068,.T.);
#2521=EDGE_CURVE('',#3067,#3069,#3070,.T.);
#2522=EDGE_CURVE('',#3069,#3065,#3071,.T.);
#2523=EDGE_CURVE('',#3072,#3073,#3074,.T.);
#2524=EDGE_CURVE('',#3075,#3072,#3076,.T.);
#2525=EDGE_CURVE('',#3075,#3077,#3078,.T.);
#2526=EDGE_CURVE('',#3077,#3073,#3079,.T.);
#2527=EDGE_CURVE('',#3080,#3081,#3082,.T.);
#2528=EDGE_CURVE('',#3083,#3080,#3084,.T.);
#2529=EDGE_CURVE('',#3083,#3085,#3086,.T.);
#2530=EDGE_CURVE('',#3085,#3081,#3087,.T.);
#2531=EDGE_CURVE('',#3088,#3089,#3090,.T.);
#2532=EDGE_CURVE('',#3091,#3088,#3092,.T.);
#2533=EDGE_CURVE('',#3091,#3093,#3094,.T.);
#2534=EDGE_CURVE('',#3093,#3089,#3095,.T.);
#2535=EDGE_CURVE('',#3096,#3097,#3098,.T.);
#2536=EDGE_CURVE('',#3097,#3099,#3100,.T.);
#2537=EDGE_CURVE('',#3101,#3099,#3102,.T.);
#2538=EDGE_CURVE('',#3103,#3101,#3104,.T.);
#2539=EDGE_CURVE('',#3103,#3105,#3106,.T.);
#2540=EDGE_CURVE('',#3105,#3041,#3107,.T.);
#2541=EDGE_CURVE('',#3038,#3108,#3109,.T.);
#2542=EDGE_CURVE('',#3108,#3110,#3111,.T.);
#2543=EDGE_CURVE('',#3110,#3112,#3113,.T.);
#2544=EDGE_CURVE('',#3114,#3112,#3115,.T.);
#2545=EDGE_CURVE('',#3116,#3114,#3117,.T.);
#2546=EDGE_CURVE('',#3116,#3013,#3118,.T.);
#2547=EDGE_CURVE('',#3017,#3119,#3120,.T.);
#2548=EDGE_CURVE('',#3119,#3121,#3122,.T.);
#2549=EDGE_CURVE('',#3121,#3023,#3123,.T.);
#2550=EDGE_CURVE('',#3020,#3124,#3125,.T.);
#2551=EDGE_CURVE('',#3124,#3126,#3127,.T.);
#2552=EDGE_CURVE('',#3126,#3128,#3129,.T.);
#2553=EDGE_CURVE('',#3128,#3130,#3131,.T.);
#2554=EDGE_CURVE('',#3130,#3132,#3133,.T.);
#2555=EDGE_CURVE('',#3132,#3029,#3134,.T.);
#2556=EDGE_CURVE('',#3035,#3096,#3135,.T.);
#2557=EDGE_CURVE('',#3136,#3137,#3138,.T.);
#2558=EDGE_CURVE('',#3137,#3136,#3139,.T.);
#2559=EDGE_CURVE('',#3140,#3141,#3142,.T.);
#2560=EDGE_CURVE('',#3141,#3140,#3143,.T.);
#2561=EDGE_CURVE('',#3144,#3145,#3146,.T.);
#2562=EDGE_CURVE('',#3145,#3144,#3147,.T.);
#2563=EDGE_CURVE('',#3137,#3093,#3148,.T.);
#2564=EDGE_CURVE('',#3136,#3085,#3149,.T.);
#2565=EDGE_CURVE('',#3089,#3085,#3150,.T.);
#2566=EDGE_CURVE('',#3088,#3083,#3151,.T.);
#2567=EDGE_CURVE('',#3080,#3091,#3152,.T.);
#2568=EDGE_CURVE('',#3064,#3075,#3153,.T.);
#2569=EDGE_CURVE('',#3072,#3067,#3154,.T.);
#2570=EDGE_CURVE('',#3081,#3093,#3155,.T.);
#2571=EDGE_CURVE('',#3073,#3069,#3156,.T.);
#2572=EDGE_CURVE('',#3065,#3077,#3157,.T.);
#2573=EDGE_CURVE('',#3141,#3069,#3158,.T.);
#2574=EDGE_CURVE('',#3140,#3077,#3159,.T.);
#2575=EDGE_CURVE('',#3144,#3160,#3161,.T.);
#2576=EDGE_CURVE('',#3162,#3160,#3163,.T.);
#2577=EDGE_CURVE('',#3145,#3162,#3164,.T.);
#2578=EDGE_CURVE('',#3160,#3162,#3165,.T.);
#2579=EDGE_CURVE('',#3166,#3167,#3168,.T.);
#2580=EDGE_CURVE('',#3167,#3166,#3169,.T.);
#2581=EDGE_CURVE('',#3061,#3166,#3170,.T.);
#2582=EDGE_CURVE('',#3167,#3053,#3171,.T.);
#2583=EDGE_CURVE('',#3057,#3053,#3172,.T.);
#2584=EDGE_CURVE('',#3056,#3051,#3173,.T.);
#2585=EDGE_CURVE('',#3048,#3059,#3174,.T.);
#2586=EDGE_CURVE('',#3049,#3061,#3175,.T.);
#2587=EDGE_CURVE('',#3176,#3033,#3177,.T.);
#2588=EDGE_CURVE('',#3176,#3178,#3179,.T.);
#2589=EDGE_CURVE('',#3180,#3178,#3181,.T.);
#2590=EDGE_CURVE('',#3096,#3180,#3182,.T.);
#2591=EDGE_CURVE('',#3180,#3183,#3184,.T.);
#2592=EDGE_CURVE('',#3183,#3185,#3186,.T.);
#2593=EDGE_CURVE('',#3097,#3185,#3187,.T.);
#2594=EDGE_CURVE('',#3185,#3188,#3189,.T.);
#2595=EDGE_CURVE('',#3099,#3188,#3190,.T.);
#2596=EDGE_CURVE('',#3191,#3192,#3193,.T.);
#2597=EDGE_CURVE('',#3194,#3192,#3195,.T.);
#2598=EDGE_CURVE('',#3194,#3196,#3197,.T.);
#2599=EDGE_CURVE('',#3196,#3198,#3199,.T.);
#2600=EDGE_CURVE('',#3198,#3200,#3201,.T.);
#2601=EDGE_CURVE('',#3200,#3202,#3203,.T.);
#2602=EDGE_CURVE('',#3202,#3204,#3205,.T.);
#2603=EDGE_CURVE('',#3204,#3206,#3207,.T.);
#2604=EDGE_CURVE('',#3208,#3206,#3209,.T.);
#2605=EDGE_CURVE('',#3208,#3101,#3210,.T.);
#2606=EDGE_CURVE('',#3211,#3188,#3212,.T.);
#2607=EDGE_CURVE('',#3211,#3213,#3214,.T.);
#2608=EDGE_CURVE('',#3213,#3215,#3216,.T.);
#2609=EDGE_CURVE('',#3215,#3191,#3217,.T.);
#2610=EDGE_CURVE('',#3218,#3191,#3219,.T.);
#2611=EDGE_CURVE('',#3220,#3215,#3221,.T.);
#2612=EDGE_CURVE('',#3222,#3220,#3223,.T.);
#2613=EDGE_CURVE('',#3222,#3224,#3225,.T.);
#2614=EDGE_CURVE('',#3224,#3218,#3226,.T.);
#2615=EDGE_CURVE('',#3227,#3228,#3229,.T.);
#2616=EDGE_CURVE('',#3230,#3228,#3231,.T.);
#2617=EDGE_CURVE('',#3232,#3230,#3233,.T.);
#2618=EDGE_CURVE('',#3232,#3234,#3235,.T.);
#2619=EDGE_CURVE('',#3236,#3234,#3237,.T.);
#2620=EDGE_CURVE('',#3238,#3236,#3239,.T.);
#2621=EDGE_CURVE('',#3240,#3238,#3241,.T.);
#2622=EDGE_CURVE('',#3242,#3240,#3243,.T.);
#2623=EDGE_CURVE('',#3227,#3242,#3244,.T.);
#2624=EDGE_CURVE('',#3245,#3246,#3247,.T.);
#2625=EDGE_CURVE('',#3248,#3245,#3249,.T.);
#2626=EDGE_CURVE('',#3250,#3248,#3251,.T.);
#2627=EDGE_CURVE('',#3218,#3250,#3252,.T.);
#2628=EDGE_CURVE('',#3253,#3224,#3254,.T.);
#2629=EDGE_CURVE('',#3255,#3253,#3256,.T.);
#2630=EDGE_CURVE('',#3257,#3255,#3258,.T.);
#2631=EDGE_CURVE('',#3246,#3257,#3259,.T.);
#2632=EDGE_CURVE('',#3260,#3261,#3262,.T.);
#2633=EDGE_CURVE('',#3263,#3260,#3264,.T.);
#2634=EDGE_CURVE('',#3263,#3265,#3266,.T.);
#2635=EDGE_CURVE('',#3267,#3265,#3268,.T.);
#2636=EDGE_CURVE('',#3269,#3267,#3270,.T.);
#2637=EDGE_CURVE('',#3271,#3269,#3272,.T.);
#2638=EDGE_CURVE('',#3273,#3271,#3274,.T.);
#2639=EDGE_CURVE('',#3275,#3273,#3276,.T.);
#2640=EDGE_CURVE('',#3261,#3275,#3277,.T.);
#2641=EDGE_CURVE('',#3278,#3279,#3280,.T.);
#2642=EDGE_CURVE('',#3281,#3278,#3282,.T.);
#2643=EDGE_CURVE('',#3281,#3283,#3284,.T.);
#2644=EDGE_CURVE('',#3283,#3285,#3286,.T.);
#2645=EDGE_CURVE('',#3287,#3285,#3288,.T.);
#2646=EDGE_CURVE('',#3289,#3287,#3290,.T.);
#2647=EDGE_CURVE('',#3291,#3289,#3292,.T.);
#2648=EDGE_CURVE('',#3293,#3291,#3294,.T.);
#2649=EDGE_CURVE('',#3279,#3293,#3295,.T.);
#2650=EDGE_CURVE('',#3296,#3297,#3298,.T.);
#2651=EDGE_CURVE('',#3297,#3299,#3300,.T.);
#2652=EDGE_CURVE('',#3227,#3299,#3301,.T.);
#2653=EDGE_CURVE('',#3302,#3242,#3303,.T.);
#2654=EDGE_CURVE('',#3302,#3296,#3304,.T.);
#2655=EDGE_CURVE('',#3296,#3105,#3305,.T.);
#2656=EDGE_CURVE('',#3302,#3306,#3307,.T.);
#2657=EDGE_CURVE('',#3043,#3306,#3308,.T.);
#2658=EDGE_CURVE('',#3039,#3309,#3310,.T.);
#2659=EDGE_CURVE('',#3108,#3309,#3311,.T.);
#2660=EDGE_CURVE('',#3309,#3312,#3313,.T.);
#2661=EDGE_CURVE('',#3110,#3312,#3314,.T.);
#2662=EDGE_CURVE('',#3312,#3315,#3316,.T.);
#2663=EDGE_CURVE('',#3112,#3315,#3317,.T.);
#2664=EDGE_CURVE('',#3318,#3315,#3319,.T.);
#2665=EDGE_CURVE('',#3318,#3114,#3320,.T.);
#2666=EDGE_CURVE('',#3116,#3321,#3322,.T.);
#2667=EDGE_CURVE('',#3318,#3321,#3323,.T.);
#2668=EDGE_CURVE('',#3324,#3297,#3325,.T.);
#2669=EDGE_CURVE('',#3324,#3208,#3326,.T.);
#2670=EDGE_CURVE('',#3206,#3327,#3328,.T.);
#2671=EDGE_CURVE('',#3327,#3329,#3330,.T.);
#2672=EDGE_CURVE('',#3329,#3331,#3332,.T.);
#2673=EDGE_CURVE('',#3331,#3333,#3334,.T.);
#2674=EDGE_CURVE('',#3333,#3335,#3336,.T.);
#2675=EDGE_CURVE('',#3335,#3337,#3338,.T.);
#2676=EDGE_CURVE('',#3211,#3337,#3339,.T.);
#2677=EDGE_CURVE('',#3183,#3340,#3341,.T.);
#2678=EDGE_CURVE('',#3342,#3340,#3343,.T.);
#2679=EDGE_CURVE('',#3031,#3342,#3344,.T.);
#2680=EDGE_CURVE('',#3345,#3028,#3346,.T.);
#2681=EDGE_CURVE('',#3347,#3345,#3348,.T.);
#2682=EDGE_CURVE('',#3349,#3347,#3350,.T.);
#2683=EDGE_CURVE('',#3351,#3349,#3352,.T.);
#2684=EDGE_CURVE('',#3353,#3351,#3354,.T.);
#2685=EDGE_CURVE('',#3353,#3021,#3355,.T.);
#2686=EDGE_CURVE('',#3025,#3356,#3357,.T.);
#2687=EDGE_CURVE('',#3358,#3356,#3359,.T.);
#2688=EDGE_CURVE('',#3015,#3358,#3360,.T.);
#2689=EDGE_CURVE('',#3012,#3321,#3361,.T.);
#2690=EDGE_CURVE('',#3045,#3362,#3363,.T.);
#2691=EDGE_CURVE('',#3362,#3299,#3364,.T.);
#2692=EDGE_CURVE('',#3365,#3366,#3367,.T.);
#2693=EDGE_CURVE('',#3366,#3368,#3369,.T.);
#2694=EDGE_CURVE('',#3368,#3283,#3370,.T.);
#2695=EDGE_CURVE('',#3281,#3371,#3372,.T.);
#2696=EDGE_CURVE('',#3373,#3371,#3374,.T.);
#2697=EDGE_CURVE('',#3228,#3373,#3375,.T.);
#2698=EDGE_CURVE('',#3362,#3376,#3377,.T.);
#2699=EDGE_CURVE('',#3376,#3378,#3379,.T.);
#2700=EDGE_CURVE('',#3378,#3365,#3380,.T.);
#2701=EDGE_CURVE('',#3381,#3382,#3383,.T.);
#2702=EDGE_CURVE('',#3382,#3365,#3384,.T.);
#2703=EDGE_CURVE('',#3381,#3378,#3385,.T.);
#2704=EDGE_CURVE('',#3386,#3376,#3387,.T.);
#2705=EDGE_CURVE('',#3381,#3386,#3388,.T.);
#2706=EDGE_CURVE('',#3240,#3389,#3390,.T.);
#2707=EDGE_CURVE('',#3391,#3389,#3392,.T.);
#2708=EDGE_CURVE('',#3287,#3391,#3393,.T.);
#2709=EDGE_CURVE('',#3394,#3285,#3395,.T.);
#2710=EDGE_CURVE('',#3396,#3394,#3397,.T.);
#2711=EDGE_CURVE('',#3382,#3396,#3398,.T.);
#2712=EDGE_CURVE('',#3386,#3306,#3399,.T.);
#2713=EDGE_CURVE('',#3396,#3366,#3400,.T.);
#2714=EDGE_CURVE('',#3394,#3368,#3401,.T.);
#2715=EDGE_CURVE('',#3402,#3391,#3403,.T.);
#2716=EDGE_CURVE('',#3289,#3402,#3404,.T.);
#2717=EDGE_CURVE('',#3405,#3402,#3406,.T.);
#2718=EDGE_CURVE('',#3291,#3405,#3407,.T.);
#2719=EDGE_CURVE('',#3293,#3408,#3409,.T.);
#2720=EDGE_CURVE('',#3410,#3405,#3411,.T.);
#2721=EDGE_CURVE('',#3412,#3410,#3413,.T.);
#2722=EDGE_CURVE('',#3414,#3412,#3415,.T.);
#2723=EDGE_CURVE('',#3408,#3414,#3416,.T.);
#2724=EDGE_CURVE('',#3417,#3418,#3419,.T.);
#2725=EDGE_CURVE('',#3417,#3420,#3421,.T.);
#2726=EDGE_CURVE('',#3420,#3418,#3422,.T.);
#2727=EDGE_CURVE('',#3423,#3424,#3425,.T.);
#2728=EDGE_CURVE('',#3426,#3424,#3427,.T.);
#2729=EDGE_CURVE('',#3426,#3423,#3428,.T.);
#2730=EDGE_CURVE('',#3414,#3429,#3430,.T.);
#2731=EDGE_CURVE('',#3429,#3408,#3431,.T.);
#2732=EDGE_CURVE('',#3410,#3432,#3433,.T.);
#2733=EDGE_CURVE('',#3432,#3412,#3434,.T.);
#2734=EDGE_CURVE('',#3420,#3435,#3436,.T.);
#2735=EDGE_CURVE('',#3437,#3435,#3438,.T.);
#2736=EDGE_CURVE('',#3439,#3437,#3440,.T.);
#2737=EDGE_CURVE('',#3439,#3418,#3441,.T.);
#2738=EDGE_CURVE('',#3439,#3442,#3443,.T.);
#2739=EDGE_CURVE('',#3426,#3442,#3444,.T.);
#2740=EDGE_CURVE('',#3418,#3426,#3445,.T.);
#2741=EDGE_CURVE('',#3446,#3424,#3447,.T.);
#2742=EDGE_CURVE('',#3236,#3446,#3448,.T.);
#2743=EDGE_CURVE('',#3417,#3234,#3449,.T.);
#2744=EDGE_CURVE('',#3450,#3451,#3452,.T.);
#2745=EDGE_CURVE('',#3224,#3450,#3453,.T.);
#2746=EDGE_CURVE('',#3222,#3454,#3455,.T.);
#2747=EDGE_CURVE('',#3454,#3192,#3456,.T.);
#2748=EDGE_CURVE('',#3218,#3457,#3458,.T.);
#2749=EDGE_CURVE('',#3457,#3459,#3460,.T.);
#2750=EDGE_CURVE('',#3451,#3459,#3461,.T.);
#2751=EDGE_CURVE('',#3200,#3234,#3462,.T.);
#2752=EDGE_CURVE('',#3198,#3463,#3464,.T.);
#2753=EDGE_CURVE('',#3463,#3465,#3466,.T.);
#2754=EDGE_CURVE('',#3232,#3465,#3467,.T.);
#2755=EDGE_CURVE('',#3232,#3468,#3469,.T.);
#2756=EDGE_CURVE('',#3470,#3468,#3471,.T.);
#2757=EDGE_CURVE('',#3435,#3470,#3472,.T.);
#2758=EDGE_CURVE('',#3473,#3474,#3475,.T.);
#2759=EDGE_CURVE('',#3476,#3473,#3477,.T.);
#2760=EDGE_CURVE('',#3478,#3476,#3479,.T.);
#2761=EDGE_CURVE('',#3480,#3478,#3481,.T.);
#2762=EDGE_CURVE('',#3482,#3480,#3483,.T.);
#2763=EDGE_CURVE('',#3482,#3484,#3485,.T.);
#2764=EDGE_CURVE('',#3484,#3486,#3487,.T.);
#2765=EDGE_CURVE('',#3263,#3486,#3488,.T.);
#2766=EDGE_CURVE('',#3263,#3489,#3490,.T.);
#2767=EDGE_CURVE('',#3491,#3489,#3492,.T.);
#2768=EDGE_CURVE('',#3493,#3491,#3494,.T.);
#2769=EDGE_CURVE('',#3495,#3493,#3496,.T.);
#2770=EDGE_CURVE('',#3495,#3265,#3497,.T.);
#2771=EDGE_CURVE('',#3498,#3265,#3499,.T.);
#2772=EDGE_CURVE('',#3500,#3498,#3501,.T.);
#2773=EDGE_CURVE('',#3500,#3474,#3502,.T.);
#2774=EDGE_CURVE('',#3503,#3504,#3505,.T.);
#2775=EDGE_CURVE('',#3293,#3503,#3506,.T.);
#2776=EDGE_CURVE('',#3429,#3507,#3508,.T.);
#2777=EDGE_CURVE('',#3509,#3507,#3510,.T.);
#2778=EDGE_CURVE('',#3511,#3509,#3512,.T.);
#2779=EDGE_CURVE('',#3279,#3511,#3513,.T.);
#2780=EDGE_CURVE('',#3514,#3279,#3515,.T.);
#2781=EDGE_CURVE('',#3514,#3516,#3517,.T.);
#2782=EDGE_CURVE('',#3516,#3518,#3519,.T.);
#2783=EDGE_CURVE('',#3518,#3520,#3521,.T.);
#2784=EDGE_CURVE('',#3520,#3522,#3523,.T.);
#2785=EDGE_CURVE('',#3524,#3522,#3525,.T.);
#2786=EDGE_CURVE('',#3524,#3526,#3527,.T.);
#2787=EDGE_CURVE('',#3526,#3528,#3529,.T.);
#2788=EDGE_CURVE('',#3504,#3528,#3530,.T.);
#2789=EDGE_CURVE('',#3531,#3532,#3533,.T.);
#2790=EDGE_CURVE('',#3534,#3532,#3535,.T.);
#2791=EDGE_CURVE('',#3536,#3534,#3537,.T.);
#2792=EDGE_CURVE('',#3451,#3536,#3538,.T.);
#2793=EDGE_CURVE('',#3531,#3459,#3539,.T.);
#2794=EDGE_CURVE('',#3531,#3540,#3541,.T.);
#2795=EDGE_CURVE('',#3542,#3457,#3543,.T.);
#2796=EDGE_CURVE('',#3540,#3542,#3544,.T.);
#2797=EDGE_CURVE('',#3542,#3545,#3546,.T.);
#2798=EDGE_CURVE('',#3545,#3547,#3548,.T.);
#2799=EDGE_CURVE('',#3540,#3547,#3549,.T.);
#2800=EDGE_CURVE('',#3532,#3547,#3550,.T.);
#2801=EDGE_CURVE('',#3534,#3551,#3552,.T.);
#2802=EDGE_CURVE('',#3551,#3545,#3553,.T.);
#2803=EDGE_CURVE('',#3250,#3554,#3555,.T.);
#2804=EDGE_CURVE('',#3551,#3554,#3556,.T.);
#2805=EDGE_CURVE('',#3554,#3557,#3558,.T.);
#2806=EDGE_CURVE('',#3557,#3559,#3560,.T.);
#2807=EDGE_CURVE('',#3559,#3561,#3562,.T.);
#2808=EDGE_CURVE('',#3561,#3563,#3564,.T.);
#2809=EDGE_CURVE('',#3563,#3565,#3566,.T.);
#2810=EDGE_CURVE('',#3565,#3567,#3568,.T.);
#2811=EDGE_CURVE('',#3569,#3567,#3570,.T.);
#2812=EDGE_CURVE('',#3569,#3571,#3572,.T.);
#2813=EDGE_CURVE('',#3571,#3573,#3574,.T.);
#2814=EDGE_CURVE('',#3573,#3575,#3576,.T.);
#2815=EDGE_CURVE('',#3575,#3577,#3578,.T.);
#2816=EDGE_CURVE('',#3577,#3579,#3580,.T.);
#2817=EDGE_CURVE('',#3579,#3581,#3582,.T.);
#2818=EDGE_CURVE('',#3581,#3583,#3584,.T.);
#2819=EDGE_CURVE('',#3583,#3536,#3585,.T.);
#2820=EDGE_CURVE('',#3389,#3586,#3587,.T.);
#2821=EDGE_CURVE('',#3586,#3446,#3588,.T.);
#2822=EDGE_CURVE('',#3423,#3589,#3590,.T.);
#2823=EDGE_CURVE('',#3589,#3591,#3592,.T.);
#2824=EDGE_CURVE('',#3591,#3593,#3594,.T.);
#2825=EDGE_CURVE('',#3593,#3595,#3596,.T.);
#2826=EDGE_CURVE('',#3595,#3373,#3597,.T.);
#2827=EDGE_CURVE('',#3371,#3598,#3599,.T.);
#2828=EDGE_CURVE('',#3598,#3600,#3601,.T.);
#2829=EDGE_CURVE('',#3600,#3602,#3603,.T.);
#2830=EDGE_CURVE('',#3602,#3604,#3605,.T.);
#2831=EDGE_CURVE('',#3432,#3604,#3606,.T.);
#2832=EDGE_CURVE('',#3450,#3583,#3607,.T.);
#2833=EDGE_CURVE('',#3253,#3581,#3608,.T.);
#2834=EDGE_CURVE('',#3255,#3579,#3609,.T.);
#2835=EDGE_CURVE('',#3257,#3340,#3610,.T.);
#2836=EDGE_CURVE('',#3261,#3577,#3611,.T.);
#2837=EDGE_CURVE('',#3612,#3275,#3613,.T.);
#2838=EDGE_CURVE('',#3614,#3612,#3615,.T.);
#2839=EDGE_CURVE('',#3616,#3614,#3617,.T.);
#2840=EDGE_CURVE('',#3618,#3616,#3619,.T.);
#2841=EDGE_CURVE('',#3618,#3620,#3621,.T.);
#2842=EDGE_CURVE('',#3342,#3620,#3622,.T.);
#2843=EDGE_CURVE('',#3620,#3623,#3624,.T.);
#2844=EDGE_CURVE('',#3176,#3623,#3625,.T.);
#2845=EDGE_CURVE('',#3623,#3626,#3627,.T.);
#2846=EDGE_CURVE('',#3626,#3628,#3629,.T.);
#2847=EDGE_CURVE('',#3628,#3630,#3631,.T.);
#2848=EDGE_CURVE('',#3630,#3632,#3633,.T.);
#2849=EDGE_CURVE('',#3632,#3273,#3634,.T.);
#2850=EDGE_CURVE('',#3271,#3561,#3635,.T.);
#2851=EDGE_CURVE('',#3245,#3559,#3636,.T.);
#2852=EDGE_CURVE('',#3246,#3178,#3637,.T.);
#2853=EDGE_CURVE('',#3248,#3557,#3638,.T.);
#2854=EDGE_CURVE('',#3269,#3563,#3639,.T.);
#2855=EDGE_CURVE('',#3267,#3565,#3640,.T.);
#2856=EDGE_CURVE('',#3495,#3641,#3642,.T.);
#2857=EDGE_CURVE('',#3641,#3643,#3644,.T.);
#2858=EDGE_CURVE('',#3643,#3567,#3645,.T.);
#2859=EDGE_CURVE('',#3646,#3647,#3648,.T.);
#2860=EDGE_CURVE('',#3646,#3569,#3649,.T.);
#2861=EDGE_CURVE('',#3647,#3643,#3650,.T.);
#2862=EDGE_CURVE('',#3651,#3647,#3652,.T.);
#2863=EDGE_CURVE('',#3641,#3651,#3653,.T.);
#2864=EDGE_CURVE('',#3493,#3654,#3655,.T.);
#2865=EDGE_CURVE('',#3654,#3651,#3656,.T.);
#2866=EDGE_CURVE('',#3654,#3646,#3657,.T.);
#2867=EDGE_CURVE('',#3491,#3571,#3658,.T.);
#2868=EDGE_CURVE('',#3489,#3573,#3659,.T.);
#2869=EDGE_CURVE('',#3260,#3575,#3660,.T.);
#2870=EDGE_CURVE('',#3632,#3612,#3661,.T.);
#2871=EDGE_CURVE('',#3630,#3614,#3662,.T.);
#2872=EDGE_CURVE('',#3628,#3616,#3663,.T.);
#2873=EDGE_CURVE('',#3618,#3626,#3664,.T.);
#2874=EDGE_CURVE('',#3132,#3345,#3665,.T.);
#2875=EDGE_CURVE('',#3130,#3347,#3666,.T.);
#2876=EDGE_CURVE('',#3128,#3349,#3667,.T.);
#2877=EDGE_CURVE('',#3126,#3351,#3668,.T.);
#2878=EDGE_CURVE('',#3124,#3353,#3669,.T.);
#2879=EDGE_CURVE('',#3121,#3356,#3670,.T.);
#2880=EDGE_CURVE('',#3119,#3358,#3671,.T.);
#2881=EDGE_CURVE('',#3524,#3672,#3673,.T.);
#2882=EDGE_CURVE('',#3674,#3522,#3675,.T.);
#2883=EDGE_CURVE('',#3676,#3674,#3677,.T.);
#2884=EDGE_CURVE('',#3678,#3676,#3679,.T.);
#2885=EDGE_CURVE('',#3680,#3678,#3681,.T.);
#2886=EDGE_CURVE('',#3680,#3478,#3682,.T.);
#2887=EDGE_CURVE('',#3476,#3683,#3684,.T.);
#2888=EDGE_CURVE('',#3685,#3683,#3686,.T.);
#2889=EDGE_CURVE('',#3500,#3685,#3687,.T.);
#2890=EDGE_CURVE('',#3498,#3688,#3689,.T.);
#2891=EDGE_CURVE('',#3690,#3688,#3691,.T.);
#2892=EDGE_CURVE('',#3692,#3690,#3693,.T.);
#2893=EDGE_CURVE('',#3694,#3692,#3695,.T.);
#2894=EDGE_CURVE('',#3694,#3503,#3696,.T.);
#2895=EDGE_CURVE('',#3504,#3697,#3698,.T.);
#2896=EDGE_CURVE('',#3672,#3697,#3699,.T.);
#2897=EDGE_CURVE('',#3700,#3701,#3702,.T.);
#2898=EDGE_CURVE('',#3672,#3700,#3703,.T.);
#2899=EDGE_CURVE('',#3701,#3697,#3704,.T.);
#2900=EDGE_CURVE('',#3705,#3528,#3706,.T.);
#2901=EDGE_CURVE('',#3707,#3705,#3708,.T.);
#2902=EDGE_CURVE('',#3707,#3709,#3710,.T.);
#2903=EDGE_CURVE('',#3711,#3709,#3712,.T.);
#2904=EDGE_CURVE('',#3701,#3711,#3713,.T.);
#2905=EDGE_CURVE('',#3711,#3714,#3715,.T.);
#2906=EDGE_CURVE('',#3700,#3714,#3716,.T.);
#2907=EDGE_CURVE('',#3714,#3717,#3718,.T.);
#2908=EDGE_CURVE('',#3719,#3717,#3720,.T.);
#2909=EDGE_CURVE('',#3719,#3721,#3722,.T.);
#2910=EDGE_CURVE('',#3721,#3526,#3723,.T.);
#2911=EDGE_CURVE('',#3705,#3721,#3724,.T.);
#2912=EDGE_CURVE('',#3719,#3707,#3725,.T.);
#2913=EDGE_CURVE('',#3726,#3719,#3727,.T.);
#2914=EDGE_CURVE('',#3726,#3520,#3728,.T.);
#2915=EDGE_CURVE('',#3729,#3518,#3730,.T.);
#2916=EDGE_CURVE('',#3707,#3729,#3731,.T.);
#2917=EDGE_CURVE('',#3674,#3726,#3732,.T.);
#2918=EDGE_CURVE('',#3717,#3709,#3733,.T.);
#2919=EDGE_CURVE('',#3729,#3734,#3735,.T.);
#2920=EDGE_CURVE('',#3736,#3734,#3737,.T.);
#2921=EDGE_CURVE('',#3738,#3736,#3739,.T.);
#2922=EDGE_CURVE('',#3740,#3738,#3741,.T.);
#2923=EDGE_CURVE('',#3196,#3740,#3742,.T.);
#2924=EDGE_CURVE('',#3194,#3743,#3744,.T.);
#2925=EDGE_CURVE('',#3745,#3743,#3746,.T.);
#2926=EDGE_CURVE('',#3745,#3747,#3748,.T.);
#2927=EDGE_CURVE('',#3749,#3747,#3750,.T.);
#2928=EDGE_CURVE('',#3751,#3749,#3752,.T.);
#2929=EDGE_CURVE('',#3753,#3751,#3754,.T.);
#2930=EDGE_CURVE('',#3753,#3755,#3756,.T.);
#2931=EDGE_CURVE('',#3757,#3755,#3758,.T.);
#2932=EDGE_CURVE('',#3759,#3757,#3760,.T.);
#2933=EDGE_CURVE('',#3761,#3759,#3762,.T.);
#2934=EDGE_CURVE('',#3680,#3761,#3763,.T.);
#2935=EDGE_CURVE('',#3678,#3764,#3765,.T.);
#2936=EDGE_CURVE('',#3766,#3764,#3767,.T.);
#2937=EDGE_CURVE('',#3676,#3766,#3768,.T.);
#2938=EDGE_CURVE('',#3769,#3766,#3770,.T.);
#2939=EDGE_CURVE('',#3771,#3769,#3772,.T.);
#2940=EDGE_CURVE('',#3771,#3676,#3773,.T.);
#2941=EDGE_CURVE('',#3774,#3771,#3775,.T.);
#2942=EDGE_CURVE('',#3678,#3774,#3776,.T.);
#2943=EDGE_CURVE('',#3774,#3777,#3778,.T.);
#2944=EDGE_CURVE('',#3777,#3764,#3779,.T.);
#2945=EDGE_CURVE('',#3769,#3777,#3780,.T.);
#2946=EDGE_CURVE('',#3761,#3480,#3781,.T.);
#2947=EDGE_CURVE('',#3482,#3751,#3782,.T.);
#2948=EDGE_CURVE('',#3759,#3753,#3783,.T.);
#2949=EDGE_CURVE('',#3759,#3784,#3785,.T.);
#2950=EDGE_CURVE('',#3786,#3784,#3787,.T.);
#2951=EDGE_CURVE('',#3753,#3786,#3788,.T.);
#2952=EDGE_CURVE('',#3789,#3790,#3791,.T.);
#2953=EDGE_CURVE('',#3790,#3755,#3792,.T.);
#2954=EDGE_CURVE('',#3786,#3474,#3793,.T.);
#2955=EDGE_CURVE('',#3685,#3789,#3794,.T.);
#2956=EDGE_CURVE('',#3789,#3795,#3796,.T.);
#2957=EDGE_CURVE('',#3795,#3683,#3797,.T.);
#2958=EDGE_CURVE('',#3784,#3473,#3798,.T.);
#2959=EDGE_CURVE('',#3799,#3757,#3800,.T.);
#2960=EDGE_CURVE('',#3795,#3799,#3801,.T.);
#2961=EDGE_CURVE('',#3790,#3799,#3802,.T.);
#2962=EDGE_CURVE('',#3749,#3484,#3803,.T.);
#2963=EDGE_CURVE('',#3804,#3747,#3805,.T.);
#2964=EDGE_CURVE('',#3804,#3486,#3806,.T.);
#2965=EDGE_CURVE('',#3688,#3804,#3807,.T.);
#2966=EDGE_CURVE('',#3213,#3808,#3809,.T.);
#2967=EDGE_CURVE('',#3808,#3810,#3811,.T.);
#2968=EDGE_CURVE('',#3690,#3810,#3812,.T.);
#2969=EDGE_CURVE('',#3745,#3220,#3813,.T.);
#2970=EDGE_CURVE('',#3743,#3454,#3814,.T.);
#2971=EDGE_CURVE('',#3815,#3810,#3816,.T.);
#2972=EDGE_CURVE('',#3817,#3815,#3818,.T.);
#2973=EDGE_CURVE('',#3819,#3817,#3820,.T.);
#2974=EDGE_CURVE('',#3821,#3819,#3822,.T.);
#2975=EDGE_CURVE('',#3823,#3821,#3824,.T.);
#2976=EDGE_CURVE('',#3692,#3823,#3825,.T.);
#2977=EDGE_CURVE('',#3826,#3738,#3827,.T.);
#2978=EDGE_CURVE('',#3736,#3828,#3829,.T.);
#2979=EDGE_CURVE('',#3828,#3694,#3830,.T.);
#2980=EDGE_CURVE('',#3831,#3823,#3832,.T.);
#2981=EDGE_CURVE('',#3204,#3831,#3833,.T.);
#2982=EDGE_CURVE('',#3202,#3826,#3834,.T.);
#2983=EDGE_CURVE('',#3826,#3465,#3835,.T.);
#2984=EDGE_CURVE('',#3740,#3463,#3836,.T.);
#2985=EDGE_CURVE('',#3831,#3327,#3837,.T.);
#2986=EDGE_CURVE('',#3329,#3821,#3838,.T.);
#2987=EDGE_CURVE('',#3331,#3819,#3839,.T.);
#2988=EDGE_CURVE('',#3333,#3817,#3840,.T.);
#2989=EDGE_CURVE('',#3335,#3815,#3841,.T.);
#2990=EDGE_CURVE('',#3337,#3808,#3842,.T.);
#2991=EDGE_CURVE('',#3514,#3828,#3843,.T.);
#2992=EDGE_CURVE('',#3734,#3516,#3844,.T.);
#2993=EDGE_CURVE('',#3845,#3604,#3846,.T.);
#2994=EDGE_CURVE('',#3847,#3845,#3848,.T.);
#2995=EDGE_CURVE('',#3847,#3412,#3849,.T.);
#2996=EDGE_CURVE('',#3850,#3847,#3851,.T.);
#2997=EDGE_CURVE('',#3414,#3850,#3852,.T.);
#2998=EDGE_CURVE('',#3850,#3853,#3854,.T.);
#2999=EDGE_CURVE('',#3507,#3853,#3855,.T.);
#3000=EDGE_CURVE('',#3853,#3845,#3856,.T.);
#3001=EDGE_CURVE('',#3509,#3602,#3857,.T.);
#3002=EDGE_CURVE('',#3511,#3600,#3858,.T.);
#3003=EDGE_CURVE('',#3278,#3598,#3859,.T.);
#3004=EDGE_CURVE('',#3230,#3595,#3860,.T.);
#3005=EDGE_CURVE('',#3468,#3593,#3861,.T.);
#3006=EDGE_CURVE('',#3470,#3591,#3862,.T.);
#3007=EDGE_CURVE('',#3589,#3863,#3864,.T.);
#3008=EDGE_CURVE('',#3437,#3863,#3865,.T.);
#3009=EDGE_CURVE('',#3442,#3863,#3866,.T.);
#3010=EDGE_CURVE('',#3238,#3586,#3867,.T.);
#3011=EDGE_CURVE('',#3103,#3324,#3868,.T.);
#3012=VERTEX_POINT('',#3869);
#3013=VERTEX_POINT('',#3870);
#3014=LINE('',#3871,#3872);
#3015=VERTEX_POINT('',#3873);
#3016=CIRCLE('',#3874,0.15);
#3017=VERTEX_POINT('',#3875);
#3018=LINE('',#3876,#3877);
#3019=CIRCLE('',#3878,0.15);
#3020=VERTEX_POINT('',#3879);
#3021=VERTEX_POINT('',#3880);
#3022=LINE('',#3881,#3882);
#3023=VERTEX_POINT('',#3883);
#3024=CIRCLE('',#3884,0.15);
#3025=VERTEX_POINT('',#3885);
#3026=LINE('',#3886,#3887);
#3027=CIRCLE('',#3888,0.15);
#3028=VERTEX_POINT('',#3889);
#3029=VERTEX_POINT('',#3890);
#3030=LINE('',#3891,#3892);
#3031=VERTEX_POINT('',#3893);
#3032=CIRCLE('',#3894,0.15);
#3033=VERTEX_POINT('',#3895);
#3034=LINE('',#3896,#3897);
#3035=VERTEX_POINT('',#3898);
#3036=B_SPLINE_CURVE_WITH_KNOTS('',3,(#3899,#3900,#3901,#3902,#3903,#3904,#3905),.UNSPECIFIED.,.F.,.F.,(4,1,1,1,4),(0.0,0.25,0.5,0.75,1.0),.UNSPECIFIED.);
#3037=CIRCLE('',#3906,0.15);
#3038=VERTEX_POINT('',#3907);
#3039=VERTEX_POINT('',#3908);
#3040=LINE('',#3909,#3910);
#3041=VERTEX_POINT('',#3911);
#3042=CIRCLE('',#3912,0.15);
#3043=VERTEX_POINT('',#3913);
#3044=B_SPLINE_CURVE_WITH_KNOTS('',3,(#3914,#3915,#3916,#3917,#3918,#3919,#3920),.UNSPECIFIED.,.F.,.F.,(4,1,1,1,4),(0.0,0.25,0.5,0.75,1.0),.UNSPECIFIED.);
#3045=VERTEX_POINT('',#3921);
#3046=LINE('',#3922,#3923);
#3047=CIRCLE('',#3924,0.15);
#3048=VERTEX_POINT('',#3925);
#3049=VERTEX_POINT('',#3926);
#3050=CIRCLE('',#3927,0.1);
#3051=VERTEX_POINT('',#3928);
#3052=CIRCLE('',#3929,0.9);
#3053=VERTEX_POINT('',#3930);
#3054=CIRCLE('',#3931,0.1);
#3055=CIRCLE('',#3932,1.0);
#3056=VERTEX_POINT('',#3933);
#3057=VERTEX_POINT('',#3934);
#3058=CIRCLE('',#3935,0.1);
#3059=VERTEX_POINT('',#3936);
#3060=CIRCLE('',#3937,0.9);
#3061=VERTEX_POINT('',#3938);
#3062=CIRCLE('',#3939,0.1);
#3063=CIRCLE('',#3940,1.0);
#3064=VERTEX_POINT('',#3941);
#3065=VERTEX_POINT('',#3942);
#3066=CIRCLE('',#3943,0.05);
#3067=VERTEX_POINT('',#3944);
#3068=CIRCLE('',#3945,0.2);
#3069=VERTEX_POINT('',#3946);
#3070=CIRCLE('',#3947,0.05);
#3071=CIRCLE('',#3948,0.25);
#3072=VERTEX_POINT('',#3949);
#3073=VERTEX_POINT('',#3950);
#3074=CIRCLE('',#3951,0.05);
#3075=VERTEX_POINT('',#3952);
#3076=CIRCLE('',#3953,0.2);
#3077=VERTEX_POINT('',#3954);
#3078=CIRCLE('',#3955,0.05);
#3079=CIRCLE('',#3956,0.25);
#3080=VERTEX_POINT('',#3957);
#3081=VERTEX_POINT('',#3958);
#3082=CIRCLE('',#3959,0.05);
#3083=VERTEX_POINT('',#3960);
#3084=CIRCLE('',#3961,0.2);
#3085=VERTEX_POINT('',#3962);
#3086=CIRCLE('',#3963,0.05);
#3087=CIRCLE('',#3964,0.25);
#3088=VERTEX_POINT('',#3965);
#3089=VERTEX_POINT('',#3966);
#3090=CIRCLE('',#3967,0.05);
#3091=VERTEX_POINT('',#3968);
#3092=CIRCLE('',#3969,0.2);
#3093=VERTEX_POINT('',#3970);
#3094=CIRCLE('',#3971,0.05);
#3095=CIRCLE('',#3972,0.25);
#3096=VERTEX_POINT('',#3973);
#3097=VERTEX_POINT('',#3974);
#3098=CIRCLE('',#3975,0.15);
#3099=VERTEX_POINT('',#3976);
#3100=LINE('',#3977,#3978);
#3101=VERTEX_POINT('',#3979);
#3102=LINE('',#3980,#3981);
#3103=VERTEX_POINT('',#3982);
#3104=LINE('',#3983,#3984);
#3105=VERTEX_POINT('',#3985);
#3106=CIRCLE('',#3986,0.15);
#3107=LINE('',#3987,#3988);
#3108=VERTEX_POINT('',#3989);
#3109=CIRCLE('',#3990,0.15);
#3110=VERTEX_POINT('',#3991);
#3111=LINE('',#3992,#3993);
#3112=VERTEX_POINT('',#3994);
#3113=LINE('',#3995,#3996);
#3114=VERTEX_POINT('',#3997);
#3115=LINE('',#3998,#3999);
#3116=VERTEX_POINT('',#4000);
#3117=LINE('',#4001,#4002);
#3118=CIRCLE('',#4003,0.15);
#3119=VERTEX_POINT('',#4004);
#3120=LINE('',#4005,#4006);
#3121=VERTEX_POINT('',#4007);
#3122=LINE('',#4008,#4009);
#3123=LINE('',#4010,#4011);
#3124=VERTEX_POINT('',#4012);
#3125=CIRCLE('',#4013,0.15);
#3126=VERTEX_POINT('',#4014);
#3127=LINE('',#4015,#4016);
#3128=VERTEX_POINT('',#4017);
#3129=LINE('',#4018,#4019);
#3130=VERTEX_POINT('',#4020);
#3131=LINE('',#4021,#4022);
#3132=VERTEX_POINT('',#4023);
#3133=LINE('',#4024,#4025);
#3134=CIRCLE('',#4026,0.15);
#3135=LINE('',#4027,#4028);
#3136=VERTEX_POINT('',#4029);
#3137=VERTEX_POINT('',#4030);
#3138=CIRCLE('',#4031,0.25);
#3139=CIRCLE('',#4032,0.25);
#3140=VERTEX_POINT('',#4033);
#3141=VERTEX_POINT('',#4034);
#3142=CIRCLE('',#4035,0.25);
#3143=CIRCLE('',#4036,0.25);
#3144=VERTEX_POINT('',#4037);
#3145=VERTEX_POINT('',#4038);
#3146=CIRCLE('',#4039,1.05);
#3147=CIRCLE('',#4040,1.05);
#3148=LINE('',#4041,#4042);
#3149=LINE('',#4043,#4044);
#3150=CIRCLE('',#4045,0.25);
#3151=CIRCLE('',#4046,0.2);
#3152=CIRCLE('',#4047,0.2);
#3153=CIRCLE('',#4048,0.2);
#3154=CIRCLE('',#4049,0.2);
#3155=CIRCLE('',#4050,0.25);
#3156=CIRCLE('',#4051,0.25);
#3157=CIRCLE('',#4052,0.25);
#3158=LINE('',#4053,#4054);
#3159=LINE('',#4055,#4056);
#3160=VERTEX_POINT('',#4057);
#3161=LINE('',#4058,#4059);
#3162=VERTEX_POINT('',#4060);
#3163=CIRCLE('',#4061,1.05);
#3164=LINE('',#4062,#4063);
#3165=CIRCLE('',#4064,1.05);
#3166=VERTEX_POINT('',#4065);
#3167=VERTEX_POINT('',#4066);
#3168=CIRCLE('',#4067,1.0);
#3169=CIRCLE('',#4068,1.0);
#3170=LINE('',#4069,#4070);
#3171=LINE('',#4071,#4072);
#3172=CIRCLE('',#4073,1.0);
#3173=CIRCLE('',#4074,0.9);
#3174=CIRCLE('',#4075,0.9);
#3175=CIRCLE('',#4076,1.0);
#3176=VERTEX_POINT('',#4077);
#3177=CIRCLE('',#4078,0.2);
#3178=VERTEX_POINT('',#4079);
#3179=LINE('',#4080,#4081);
#3180=VERTEX_POINT('',#4082);
#3181=CIRCLE('',#4083,0.2);
#3182=B_SPLINE_CURVE_WITH_KNOTS('',3,(#4084,#4085,#4086,#4087,#4088,#4089,#4090),.UNSPECIFIED.,.F.,.F.,(4,1,1,1,4),(0.0,0.25,0.5,0.75,1.0),.UNSPECIFIED.);
#3183=VERTEX_POINT('',#4091);
#3184=LINE('',#4092,#4093);
#3185=VERTEX_POINT('',#4094);
#3186=CIRCLE('',#4095,0.15);
#3187=LINE('',#4096,#4097);
#3188=VERTEX_POINT('',#4098);
#3189=LINE('',#4099,#4100);
#3190=LINE('',#4101,#4102);
#3191=VERTEX_POINT('',#4103);
#3192=VERTEX_POINT('',#4104);
#3193=LINE('',#4105,#4106);
#3194=VERTEX_POINT('',#4107);
#3195=LINE('',#4108,#4109);
#3196=VERTEX_POINT('',#4110);
#3197=LINE('',#4111,#4112);
#3198=VERTEX_POINT('',#4113);
#3199=LINE('',#4114,#4115);
#3200=VERTEX_POINT('',#4116);
#3201=LINE('',#4117,#4118);
#3202=VERTEX_POINT('',#4119);
#3203=LINE('',#4120,#4121);
#3204=VERTEX_POINT('',#4122);
#3205=LINE('',#4123,#4124);
#3206=VERTEX_POINT('',#4125);
#3207=LINE('',#4126,#4127);
#3208=VERTEX_POINT('',#4128);
#3209=LINE('',#4129,#4130);
#3210=LINE('',#4131,#4132);
#3211=VERTEX_POINT('',#4133);
#3212=LINE('',#4134,#4135);
#3213=VERTEX_POINT('',#4136);
#3214=LINE('',#4137,#4138);
#3215=VERTEX_POINT('',#4139);
#3216=LINE('',#4140,#4141);
#3217=LINE('',#4142,#4143);
#3218=VERTEX_POINT('',#4144);
#3219=LINE('',#4145,#4146);
#3220=VERTEX_POINT('',#4147);
#3221=LINE('',#4148,#4149);
#3222=VERTEX_POINT('',#4150);
#3223=LINE('',#4151,#4152);
#3224=VERTEX_POINT('',#4153);
#3225=LINE('',#4154,#4155);
#3226=LINE('',#4156,#4157);
#3227=VERTEX_POINT('',#4158);
#3228=VERTEX_POINT('',#4159);
#3229=LINE('',#4160,#4161);
#3230=VERTEX_POINT('',#4162);
#3231=CIRCLE('',#4163,0.1);
#3232=VERTEX_POINT('',#4164);
#3233=LINE('',#4165,#4166);
#3234=VERTEX_POINT('',#4167);
#3235=LINE('',#4168,#4169);
#3236=VERTEX_POINT('',#4170);
#3237=CIRCLE('',#4171,0.1);
#3238=VERTEX_POINT('',#4172);
#3239=LINE('',#4173,#4174);
#3240=VERTEX_POINT('',#4175);
#3241=CIRCLE('',#4176,0.2);
#3242=VERTEX_POINT('',#4177);
#3243=LINE('',#4178,#4179);
#3244=LINE('',#4180,#4181);
#3245=VERTEX_POINT('',#4182);
#3246=VERTEX_POINT('',#4183);
#3247=LINE('',#4184,#4185);
#3248=VERTEX_POINT('',#4186);
#3249=CIRCLE('',#4187,0.2);
#3250=VERTEX_POINT('',#4188);
#3251=LINE('',#4189,#4190);
#3252=CIRCLE('',#4191,0.1);
#3253=VERTEX_POINT('',#4192);
#3254=LINE('',#4193,#4194);
#3255=VERTEX_POINT('',#4195);
#3256=CIRCLE('',#4196,0.1);
#3257=VERTEX_POINT('',#4197);
#3258=LINE('',#4198,#4199);
#3259=LINE('',#4200,#4201);
#3260=VERTEX_POINT('',#4202);
#3261=VERTEX_POINT('',#4203);
#3262=CIRCLE('',#4204,0.1);
#3263=VERTEX_POINT('',#4205);
#3264=LINE('',#4206,#4207);
#3265=VERTEX_POINT('',#4208);
#3266=LINE('',#4209,#4210);
#3267=VERTEX_POINT('',#4211);
#3268=CIRCLE('',#4212,0.1);
#3269=VERTEX_POINT('',#4213);
#3270=LINE('',#4214,#4215);
#3271=VERTEX_POINT('',#4216);
#3272=CIRCLE('',#4217,0.2);
#3273=VERTEX_POINT('',#4218);
#3274=LINE('',#4219,#4220);
#3275=VERTEX_POINT('',#4221);
#3276=LINE('',#4222,#4223);
#3277=LINE('',#4224,#4225);
#3278=VERTEX_POINT('',#4226);
#3279=VERTEX_POINT('',#4227);
#3280=LINE('',#4228,#4229);
#3281=VERTEX_POINT('',#4230);
#3282=CIRCLE('',#4231,0.1);
#3283=VERTEX_POINT('',#4232);
#3284=LINE('',#4233,#4234);
#3285=VERTEX_POINT('',#4235);
#3286=LINE('',#4236,#4237);
#3287=VERTEX_POINT('',#4238);
#3288=LINE('',#4239,#4240);
#3289=VERTEX_POINT('',#4241);
#3290=CIRCLE('',#4242,0.2);
#3291=VERTEX_POINT('',#4243);
#3292=LINE('',#4244,#4245);
#3293=VERTEX_POINT('',#4246);
#3294=CIRCLE('',#4247,0.1);
#3295=LINE('',#4248,#4249);
#3296=VERTEX_POINT('',#4250);
#3297=VERTEX_POINT('',#4251);
#3298=LINE('',#4252,#4253);
#3299=VERTEX_POINT('',#4254);
#3300=LINE('',#4255,#4256);
#3301=LINE('',#4257,#4258);
#3302=VERTEX_POINT('',#4259);
#3303=LINE('',#4260,#4261);
#3304=CIRCLE('',#4262,0.2);
#3305=B_SPLINE_CURVE_WITH_KNOTS('',3,(#4263,#4264,#4265,#4266,#4267,#4268,#4269),.UNSPECIFIED.,.F.,.F.,(4,1,1,1,4),(0.0,0.25,0.5,0.75,1.0),.UNSPECIFIED.);
#3306=VERTEX_POINT('',#4270);
#3307=LINE('',#4271,#4272);
#3308=CIRCLE('',#4273,0.2);
#3309=VERTEX_POINT('',#4274);
#3310=CIRCLE('',#4275,0.15);
#3311=LINE('',#4276,#4277);
#3312=VERTEX_POINT('',#4278);
#3313=LINE('',#4279,#4280);
#3314=LINE('',#4281,#4282);
#3315=VERTEX_POINT('',#4283);
#3316=LINE('',#4284,#4285);
#3317=LINE('',#4286,#4287);
#3318=VERTEX_POINT('',#4288);
#3319=LINE('',#4289,#4290);
#3320=LINE('',#4291,#4292);
#3321=VERTEX_POINT('',#4293);
#3322=LINE('',#4294,#4295);
#3323=LINE('',#4296,#4297);
#3324=VERTEX_POINT('',#4298);
#3325=CIRCLE('',#4299,0.15);
#3326=LINE('',#4300,#4301);
#3327=VERTEX_POINT('',#4302);
#3328=LINE('',#4303,#4304);
#3329=VERTEX_POINT('',#4305);
#3330=LINE('',#4306,#4307);
#3331=VERTEX_POINT('',#4308);
#3332=LINE('',#4309,#4310);
#3333=VERTEX_POINT('',#4311);
#3334=LINE('',#4312,#4313);
#3335=VERTEX_POINT('',#4314);
#3336=LINE('',#4315,#4316);
#3337=VERTEX_POINT('',#4317);
#3338=LINE('',#4318,#4319);
#3339=LINE('',#4320,#4321);
#3340=VERTEX_POINT('',#4322);
#3341=LINE('',#4323,#4324);
#3342=VERTEX_POINT('',#4325);
#3343=LINE('',#4326,#4327);
#3344=LINE('',#4328,#4329);
#3345=VERTEX_POINT('',#4330);
#3346=CIRCLE('',#4331,0.15);
#3347=VERTEX_POINT('',#4332);
#3348=LINE('',#4333,#4334);
#3349=VERTEX_POINT('',#4335);
#3350=LINE('',#4336,#4337);
#3351=VERTEX_POINT('',#4338);
#3352=LINE('',#4339,#4340);
#3353=VERTEX_POINT('',#4341);
#3354=LINE('',#4342,#4343);
#3355=CIRCLE('',#4344,0.15);
#3356=VERTEX_POINT('',#4345);
#3357=LINE('',#4346,#4347);
#3358=VERTEX_POINT('',#4348);
#3359=LINE('',#4349,#4350);
#3360=LINE('',#4351,#4352);
#3361=CIRCLE('',#4353,0.15);
#3362=VERTEX_POINT('',#4354);
#3363=LINE('',#4355,#4356);
#3364=LINE('',#4357,#4358);
#3365=VERTEX_POINT('',#4359);
#3366=VERTEX_POINT('',#4360);
#3367=CIRCLE('',#4361,0.35);
#3368=VERTEX_POINT('',#4362);
#3369=LINE('',#4363,#4364);
#3370=LINE('',#4365,#4366);
#3371=VERTEX_POINT('',#4367);
#3372=LINE('',#4368,#4369);
#3373=VERTEX_POINT('',#4370);
#3374=LINE('',#4371,#4372);
#3375=LINE('',#4373,#4374);
#3376=VERTEX_POINT('',#4375);
#3377=LINE('',#4376,#4377);
#3378=VERTEX_POINT('',#4378);
#3379=CIRCLE('',#4379,0.13);
#3380=LINE('',#4380,#4381);
#3381=VERTEX_POINT('',#4382);
#3382=VERTEX_POINT('',#4383);
#3383=LINE('',#4384,#4385);
#3384=LINE('',#4386,#4387);
#3385=LINE('',#4388,#4389);
#3386=VERTEX_POINT('',#4390);
#3387=LINE('',#4391,#4392);
#3388=CIRCLE('',#4393,0.13);
#3389=VERTEX_POINT('',#4394);
#3390=LINE('',#4395,#4396);
#3391=VERTEX_POINT('',#4397);
#3392=LINE('',#4398,#4399);
#3393=LINE('',#4400,#4401);
#3394=VERTEX_POINT('',#4402);
#3395=LINE('',#4403,#4404);
#3396=VERTEX_POINT('',#4405);
#3397=LINE('',#4406,#4407);
#3398=CIRCLE('',#4408,0.35);
#3399=LINE('',#4409,#4410);
#3400=LINE('',#4411,#4412);
#3401=LINE('',#4413,#4414);
#3402=VERTEX_POINT('',#4415);
#3403=CIRCLE('',#4416,0.2);
#3404=LINE('',#4417,#4418);
#3405=VERTEX_POINT('',#4419);
#3406=LINE('',#4420,#4421);
#3407=LINE('',#4422,#4423);
#3408=VERTEX_POINT('',#4424);
#3409=CIRCLE('',#4425,0.1);
#3410=VERTEX_POINT('',#4426);
#3411=CIRCLE('',#4427,0.1);
#3412=VERTEX_POINT('',#4428);
#3413=LINE('',#4429,#4430);
#3414=VERTEX_POINT('',#4431);
#3415=LINE('',#4432,#4433);
#3416=LINE('',#4434,#4435);
#3417=VERTEX_POINT('',#4436);
#3418=VERTEX_POINT('',#4437);
#3419=LINE('',#4438,#4439);
#3420=VERTEX_POINT('',#4440);
#3421=LINE('',#4441,#4442);
#3422=CIRCLE('',#4443,0.2);
#3423=VERTEX_POINT('',#4444);
#3424=VERTEX_POINT('',#4445);
#3425=LINE('',#4446,#4447);
#3426=VERTEX_POINT('',#4448);
#3427=LINE('',#4449,#4450);
#3428=CIRCLE('',#4451,0.2);
#3429=VERTEX_POINT('',#4452);
#3430=CIRCLE('',#4453,0.2);
#3431=LINE('',#4454,#4455);
#3432=VERTEX_POINT('',#4456);
#3433=LINE('',#4457,#4458);
#3434=CIRCLE('',#4459,0.2);
#3435=VERTEX_POINT('',#4460);
#3436=LINE('',#4461,#4462);
#3437=VERTEX_POINT('',#4463);
#3438=CIRCLE('',#4464,0.2);
#3439=VERTEX_POINT('',#4465);
#3440=LINE('',#4466,#4467);
#3441=CIRCLE('',#4468,0.2);
#3442=VERTEX_POINT('',#4469);
#3443=LINE('',#4470,#4471);
#3444=CIRCLE('',#4472,0.2);
#3445=LINE('',#4473,#4474);
#3446=VERTEX_POINT('',#4475);
#3447=CIRCLE('',#4476,0.1);
#3448=LINE('',#4477,#4478);
#3449=CIRCLE('',#4479,0.1);
#3450=VERTEX_POINT('',#4480);
#3451=VERTEX_POINT('',#4481);
#3452=CIRCLE('',#4482,0.2);
#3453=LINE('',#4483,#4484);
#3454=VERTEX_POINT('',#4485);
#3455=LINE('',#4486,#4487);
#3456=LINE('',#4488,#4489);
#3457=VERTEX_POINT('',#4490);
#3458=CIRCLE('',#4491,0.1);
#3459=VERTEX_POINT('',#4492);
#3460=LINE('',#4493,#4494);
#3461=LINE('',#4495,#4496);
#3462=LINE('',#4497,#4498);
#3463=VERTEX_POINT('',#4499);
#3464=LINE('',#4500,#4501);
#3465=VERTEX_POINT('',#4502);
#3466=LINE('',#4503,#4504);
#3467=LINE('',#4505,#4506);
#3468=VERTEX_POINT('',#4507);
#3469=LINE('',#4508,#4509);
#3470=VERTEX_POINT('',#4510);
#3471=CIRCLE('',#4511,0.2);
#3472=LINE('',#4512,#4513);
#3473=VERTEX_POINT('',#4514);
#3474=VERTEX_POINT('',#4515);
#3475=LINE('',#4516,#4517);
#3476=VERTEX_POINT('',#4518);
#3477=LINE('',#4519,#4520);
#3478=VERTEX_POINT('',#4521);
#3479=LINE('',#4522,#4523);
#3480=VERTEX_POINT('',#4524);
#3481=LINE('',#4525,#4526);
#3482=VERTEX_POINT('',#4527);
#3483=LINE('',#4528,#4529);
#3484=VERTEX_POINT('',#4530);
#3485=LINE('',#4531,#4532);
#3486=VERTEX_POINT('',#4533);
#3487=LINE('',#4534,#4535);
#3488=LINE('',#4536,#4537);
#3489=VERTEX_POINT('',#4538);
#3490=LINE('',#4539,#4540);
#3491=VERTEX_POINT('',#4541);
#3492=CIRCLE('',#4542,0.2);
#3493=VERTEX_POINT('',#4543);
#3494=LINE('',#4544,#4545);
#3495=VERTEX_POINT('',#4546);
#3496=LINE('',#4547,#4548);
#3497=CIRCLE('',#4549,0.1);
#3498=VERTEX_POINT('',#4550);
#3499=LINE('',#4551,#4552);
#3500=VERTEX_POINT('',#4553);
#3501=LINE('',#4554,#4555);
#3502=LINE('',#4556,#4557);
#3503=VERTEX_POINT('',#4558);
#3504=VERTEX_POINT('',#4559);
#3505=LINE('',#4560,#4561);
#3506=LINE('',#4562,#4563);
#3507=VERTEX_POINT('',#4564);
#3508=LINE('',#4565,#4566);
#3509=VERTEX_POINT('',#4567);
#3510=LINE('',#4568,#4569);
#3511=VERTEX_POINT('',#4570);
#3512=CIRCLE('',#4571,0.2);
#3513=LINE('',#4572,#4573);
#3514=VERTEX_POINT('',#4574);
#3515=LINE('',#4575,#4576);
#3516=VERTEX_POINT('',#4577);
#3517=LINE('',#4578,#4579);
#3518=VERTEX_POINT('',#4580);
#3519=LINE('',#4581,#4582);
#3520=VERTEX_POINT('',#4583);
#3521=LINE('',#4584,#4585);
#3522=VERTEX_POINT('',#4586);
#3523=LINE('',#4587,#4588);
#3524=VERTEX_POINT('',#4589);
#3525=LINE('',#4590,#4591);
#3526=VERTEX_POINT('',#4592);
#3527=LINE('',#4593,#4594);
#3528=VERTEX_POINT('',#4595);
#3529=LINE('',#4596,#4597);
#3530=LINE('',#4598,#4599);
#3531=VERTEX_POINT('',#4600);
#3532=VERTEX_POINT('',#4601);
#3533=LINE('',#4602,#4603);
#3534=VERTEX_POINT('',#4604);
#3535=CIRCLE('',#4605,0.2);
#3536=VERTEX_POINT('',#4606);
#3537=LINE('',#4607,#4608);
#3538=LINE('',#4609,#4610);
#3539=CIRCLE('',#4611,0.2);
#3540=VERTEX_POINT('',#4612);
#3541=LINE('',#4613,#4614);
#3542=VERTEX_POINT('',#4615);
#3543=B_SPLINE_CURVE_WITH_KNOTS('',3,(#4616,#4617,#4618,#4619,#4620,#4621,#4622),.UNSPECIFIED.,.F.,.F.,(4,1,1,1,4),(0.0,0.25,0.5,0.75,1.0),.UNSPECIFIED.);
#3544=CIRCLE('',#4623,0.2);
#3545=VERTEX_POINT('',#4624);
#3546=LINE('',#4625,#4626);
#3547=VERTEX_POINT('',#4627);
#3548=CIRCLE('',#4628,0.2);
#3549=LINE('',#4629,#4630);
#3550=LINE('',#4631,#4632);
#3551=VERTEX_POINT('',#4633);
#3552=LINE('',#4634,#4635);
#3553=B_SPLINE_CURVE_WITH_KNOTS('',3,(#4636,#4637,#4638,#4639,#4640,#4641,#4642),.UNSPECIFIED.,.F.,.F.,(4,1,1,1,4),(0.0,0.25,0.5,0.75,1.0),.UNSPECIFIED.);
#3554=VERTEX_POINT('',#4643);
#3555=LINE('',#4644,#4645);
#3556=CIRCLE('',#4646,0.1);
#3557=VERTEX_POINT('',#4647);
#3558=LINE('',#4648,#4649);
#3559=VERTEX_POINT('',#4650);
#3560=CIRCLE('',#4651,0.2);
#3561=VERTEX_POINT('',#4652);
#3562=LINE('',#4653,#4654);
#3563=VERTEX_POINT('',#4655);
#3564=CIRCLE('',#4656,0.2);
#3565=VERTEX_POINT('',#4657);
#3566=LINE('',#4658,#4659);
#3567=VERTEX_POINT('',#4660);
#3568=CIRCLE('',#4661,0.1);
#3569=VERTEX_POINT('',#4662);
#3570=LINE('',#4663,#4664);
#3571=VERTEX_POINT('',#4665);
#3572=LINE('',#4666,#4667);
#3573=VERTEX_POINT('',#4668);
#3574=CIRCLE('',#4669,0.2);
#3575=VERTEX_POINT('',#4670);
#3576=LINE('',#4671,#4672);
#3577=VERTEX_POINT('',#4673);
#3578=CIRCLE('',#4674,0.1);
#3579=VERTEX_POINT('',#4675);
#3580=LINE('',#4676,#4677);
#3581=VERTEX_POINT('',#4678);
#3582=CIRCLE('',#4679,0.1);
#3583=VERTEX_POINT('',#4680);
#3584=LINE('',#4681,#4682);
#3585=CIRCLE('',#4683,0.2);
#3586=VERTEX_POINT('',#4684);
#3587=CIRCLE('',#4685,0.2);
#3588=LINE('',#4686,#4687);
#3589=VERTEX_POINT('',#4688);
#3590=LINE('',#4689,#4690);
#3591=VERTEX_POINT('',#4691);
#3592=LINE('',#4692,#4693);
#3593=VERTEX_POINT('',#4694);
#3594=CIRCLE('',#4695,0.2);
#3595=VERTEX_POINT('',#4696);
#3596=LINE('',#4697,#4698);
#3597=CIRCLE('',#4699,0.1);
#3598=VERTEX_POINT('',#4700);
#3599=CIRCLE('',#4701,0.1);
#3600=VERTEX_POINT('',#4702);
#3601=LINE('',#4703,#4704);
#3602=VERTEX_POINT('',#4705);
#3603=CIRCLE('',#4706,0.2);
#3604=VERTEX_POINT('',#4707);
#3605=LINE('',#4708,#4709);
#3606=LINE('',#4710,#4711);
#3607=LINE('',#4712,#4713);
#3608=LINE('',#4714,#4715);
#3609=LINE('',#4716,#4717);
#3610=LINE('',#4718,#4719);
#3611=LINE('',#4720,#4721);
#3612=VERTEX_POINT('',#4722);
#3613=LINE('',#4723,#4724);
#3614=VERTEX_POINT('',#4725);
#3615=LINE('',#4726,#4727);
#3616=VERTEX_POINT('',#4728);
#3617=CIRCLE('',#4729,0.35);
#3618=VERTEX_POINT('',#4730);
#3619=LINE('',#4731,#4732);
#3620=VERTEX_POINT('',#4733);
#3621=CIRCLE('',#4734,0.13);
#3622=LINE('',#4735,#4736);
#3623=VERTEX_POINT('',#4737);
#3624=LINE('',#4738,#4739);
#3625=LINE('',#4740,#4741);
#3626=VERTEX_POINT('',#4742);
#3627=CIRCLE('',#4743,0.13);
#3628=VERTEX_POINT('',#4744);
#3629=LINE('',#4745,#4746);
#3630=VERTEX_POINT('',#4747);
#3631=CIRCLE('',#4748,0.35);
#3632=VERTEX_POINT('',#4749);
#3633=LINE('',#4750,#4751);
#3634=LINE('',#4752,#4753);
#3635=LINE('',#4754,#4755);
#3636=LINE('',#4756,#4757);
#3637=LINE('',#4758,#4759);
#3638=LINE('',#4760,#4761);
#3639=LINE('',#4762,#4763);
#3640=LINE('',#4764,#4765);
#3641=VERTEX_POINT('',#4766);
#3642=B_SPLINE_CURVE_WITH_KNOTS('',3,(#4767,#4768,#4769,#4770,#4771,#4772,#4773),.UNSPECIFIED.,.F.,.F.,(4,1,1,1,4),(0.0,0.25,0.5,0.75,1.0),.UNSPECIFIED.);
#3643=VERTEX_POINT('',#4774);
#3644=LINE('',#4775,#4776);
#3645=B_SPLINE_CURVE_WITH_KNOTS('',3,(#4777,#4778,#4779,#4780,#4781,#4782,#4783),.UNSPECIFIED.,.F.,.F.,(4,1,1,1,4),(0.0,0.25,0.5,0.75,1.0),.UNSPECIFIED.);
#3646=VERTEX_POINT('',#4784);
#3647=VERTEX_POINT('',#4785);
#3648=LINE('',#4786,#4787);
#3649=CIRCLE('',#4788,0.2);
#3650=CIRCLE('',#4789,0.2);
#3651=VERTEX_POINT('',#4790);
#3652=LINE('',#4791,#4792);
#3653=CIRCLE('',#4793,0.2);
#3654=VERTEX_POINT('',#4794);
#3655=CIRCLE('',#4795,0.2);
#3656=LINE('',#4796,#4797);
#3657=LINE('',#4798,#4799);
#3658=LINE('',#4800,#4801);
#3659=LINE('',#4802,#4803);
#3660=LINE('',#4804,#4805);
#3661=LINE('',#4806,#4807);
#3662=LINE('',#4808,#4809);
#3663=LINE('',#4810,#4811);
#3664=LINE('',#4812,#4813);
#3665=LINE('',#4814,#4815);
#3666=LINE('',#4816,#4817);
#3667=LINE('',#4818,#4819);
#3668=LINE('',#4820,#4821);
#3669=LINE('',#4822,#4823);
#3670=LINE('',#4824,#4825);
#3671=LINE('',#4826,#4827);
#3672=VERTEX_POINT('',#4828);
#3673=LINE('',#4829,#4830);
#3674=VERTEX_POINT('',#4831);
#3675=LINE('',#4832,#4833);
#3676=VERTEX_POINT('',#4834);
#3677=LINE('',#4835,#4836);
#3678=VERTEX_POINT('',#4837);
#3679=LINE('',#4838,#4839);
#3680=VERTEX_POINT('',#4840);
#3681=LINE('',#4841,#4842);
#3682=LINE('',#4843,#4844);
#3683=VERTEX_POINT('',#4845);
#3684=LINE('',#4846,#4847);
#3685=VERTEX_POINT('',#4848);
#3686=LINE('',#4849,#4850);
#3687=LINE('',#4851,#4852);
#3688=VERTEX_POINT('',#4853);
#3689=LINE('',#4854,#4855);
#3690=VERTEX_POINT('',#4856);
#3691=LINE('',#4857,#4858);
#3692=VERTEX_POINT('',#4859);
#3693=LINE('',#4860,#4861);
#3694=VERTEX_POINT('',#4862);
#3695=LINE('',#4863,#4864);
#3696=LINE('',#4865,#4866);
#3697=VERTEX_POINT('',#4867);
#3698=LINE('',#4868,#4869);
#3699=LINE('',#4870,#4871);
#3700=VERTEX_POINT('',#4872);
#3701=VERTEX_POINT('',#4873);
#3702=LINE('',#4874,#4875);
#3703=CIRCLE('',#4876,0.15);
#3704=CIRCLE('',#4877,0.15);
#3705=VERTEX_POINT('',#4878);
#3706=LINE('',#4879,#4880);
#3707=VERTEX_POINT('',#4881);
#3708=LINE('',#4882,#4883);
#3709=VERTEX_POINT('',#4884);
#3710=LINE('',#4885,#4886);
#3711=VERTEX_POINT('',#4887);
#3712=LINE('',#4888,#4889);
#3713=LINE('',#4890,#4891);
#3714=VERTEX_POINT('',#4892);
#3715=LINE('',#4893,#4894);
#3716=LINE('',#4895,#4896);
#3717=VERTEX_POINT('',#4897);
#3718=LINE('',#4898,#4899);
#3719=VERTEX_POINT('',#4900);
#3720=LINE('',#4901,#4902);
#3721=VERTEX_POINT('',#4903);
#3722=LINE('',#4904,#4905);
#3723=LINE('',#4906,#4907);
#3724=LINE('',#4908,#4909);
#3725=LINE('',#4910,#4911);
#3726=VERTEX_POINT('',#4912);
#3727=LINE('',#4913,#4914);
#3728=LINE('',#4915,#4916);
#3729=VERTEX_POINT('',#4917);
#3730=LINE('',#4918,#4919);
#3731=LINE('',#4920,#4921);
#3732=LINE('',#4922,#4923);
#3733=LINE('',#4924,#4925);
#3734=VERTEX_POINT('',#4926);
#3735=LINE('',#4927,#4928);
#3736=VERTEX_POINT('',#4929);
#3737=LINE('',#4930,#4931);
#3738=VERTEX_POINT('',#4932);
#3739=LINE('',#4933,#4934);
#3740=VERTEX_POINT('',#4935);
#3741=LINE('',#4936,#4937);
#3742=LINE('',#4938,#4939);
#3743=VERTEX_POINT('',#4940);
#3744=LINE('',#4941,#4942);
#3745=VERTEX_POINT('',#4943);
#3746=LINE('',#4944,#4945);
#3747=VERTEX_POINT('',#4946);
#3748=LINE('',#4947,#4948);
#3749=VERTEX_POINT('',#4949);
#3750=LINE('',#4950,#4951);
#3751=VERTEX_POINT('',#4952);
#3752=LINE('',#4953,#4954);
#3753=VERTEX_POINT('',#4955);
#3754=LINE('',#4956,#4957);
#3755=VERTEX_POINT('',#4958);
#3756=LINE('',#4959,#4960);
#3757=VERTEX_POINT('',#4961);
#3758=LINE('',#4962,#4963);
#3759=VERTEX_POINT('',#4964);
#3760=LINE('',#4965,#4966);
#3761=VERTEX_POINT('',#4967);
#3762=LINE('',#4968,#4969);
#3763=LINE('',#4970,#4971);
#3764=VERTEX_POINT('',#4972);
#3765=LINE('',#4973,#4974);
#3766=VERTEX_POINT('',#4975);
#3767=LINE('',#4976,#4977);
#3768=LINE('',#4978,#4979);
#3769=VERTEX_POINT('',#4980);
#3770=LINE('',#4981,#4982);
#3771=VERTEX_POINT('',#4983);
#3772=LINE('',#4984,#4985);
#3773=CIRCLE('',#4986,0.15);
#3774=VERTEX_POINT('',#4987);
#3775=LINE('',#4988,#4989);
#3776=CIRCLE('',#4990,0.15);
#3777=VERTEX_POINT('',#4991);
#3778=LINE('',#4992,#4993);
#3779=LINE('',#4994,#4995);
#3780=LINE('',#4996,#4997);
#3781=LINE('',#4998,#4999);
#3782=LINE('',#5000,#5001);
#3783=LINE('',#5002,#5003);
#3784=VERTEX_POINT('',#5004);
#3785=LINE('',#5005,#5006);
#3786=VERTEX_POINT('',#5007);
#3787=LINE('',#5008,#5009);
#3788=LINE('',#5010,#5011);
#3789=VERTEX_POINT('',#5012);
#3790=VERTEX_POINT('',#5013);
#3791=LINE('',#5014,#5015);
#3792=LINE('',#5016,#5017);
#3793=LINE('',#5018,#5019);
#3794=CIRCLE('',#5020,0.15);
#3795=VERTEX_POINT('',#5021);
#3796=LINE('',#5022,#5023);
#3797=CIRCLE('',#5024,0.15);
#3798=LINE('',#5025,#5026);
#3799=VERTEX_POINT('',#5027);
#3800=LINE('',#5028,#5029);
#3801=LINE('',#5030,#5031);
#3802=LINE('',#5032,#5033);
#3803=LINE('',#5034,#5035);
#3804=VERTEX_POINT('',#5036);
#3805=LINE('',#5037,#5038);
#3806=LINE('',#5039,#5040);
#3807=LINE('',#5041,#5042);
#3808=VERTEX_POINT('',#5043);
#3809=LINE('',#5044,#5045);
#3810=VERTEX_POINT('',#5046);
#3811=LINE('',#5047,#5048);
#3812=LINE('',#5049,#5050);
#3813=LINE('',#5051,#5052);
#3814=LINE('',#5053,#5054);
#3815=VERTEX_POINT('',#5055);
#3816=LINE('',#5056,#5057);
#3817=VERTEX_POINT('',#5058);
#3818=LINE('',#5059,#5060);
#3819=VERTEX_POINT('',#5061);
#3820=LINE('',#5062,#5063);
#3821=VERTEX_POINT('',#5064);
#3822=LINE('',#5065,#5066);
#3823=VERTEX_POINT('',#5067);
#3824=LINE('',#5068,#5069);
#3825=LINE('',#5070,#5071);
#3826=VERTEX_POINT('',#5072);
#3827=LINE('',#5073,#5074);
#3828=VERTEX_POINT('',#5075);
#3829=LINE('',#5076,#5077);
#3830=LINE('',#5078,#5079);
#3831=VERTEX_POINT('',#5080);
#3832=LINE('',#5081,#5082);
#3833=LINE('',#5083,#5084);
#3834=LINE('',#5085,#5086);
#3835=LINE('',#5087,#5088);
#3836=LINE('',#5089,#5090);
#3837=LINE('',#5091,#5092);
#3838=LINE('',#5093,#5094);
#3839=LINE('',#5095,#5096);
#3840=LINE('',#5097,#5098);
#3841=LINE('',#5099,#5100);
#3842=LINE('',#5101,#5102);
#3843=LINE('',#5103,#5104);
#3844=LINE('',#5105,#5106);
#3845=VERTEX_POINT('',#5107);
#3846=CIRCLE('',#5108,0.2);
#3847=VERTEX_POINT('',#5109);
#3848=LINE('',#5110,#5111);
#3849=CIRCLE('',#5112,0.2);
#3850=VERTEX_POINT('',#5113);
#3851=LINE('',#5114,#5115);
#3852=CIRCLE('',#5116,0.2);
#3853=VERTEX_POINT('',#5117);
#3854=LINE('',#5118,#5119);
#3855=CIRCLE('',#5120,0.2);
#3856=LINE('',#5121,#5122);
#3857=LINE('',#5123,#5124);
#3858=LINE('',#5125,#5126);
#3859=LINE('',#5127,#5128);
#3860=LINE('',#5129,#5130);
#3861=LINE('',#5131,#5132);
#3862=LINE('',#5133,#5134);
#3863=VERTEX_POINT('',#5135);
#3864=CIRCLE('',#5136,0.2);
#3865=LINE('',#5137,#5138);
#3866=LINE('',#5139,#5140);
#3867=LINE('',#5141,#5142);
#3868=LINE('',#5143,#5144);
#3869=CARTESIAN_POINT('',(-1.551435428647,-1.1505,-0.2));
#3870=CARTESIAN_POINT('',(-1.551435428647,-1.1505,0.0));
#3871=CARTESIAN_POINT('',(-1.551435428647,-1.1505,0.0));
#3872=VECTOR('',#5145,1.0);
#3873=CARTESIAN_POINT('',(-1.299135674638,-1.040796944757,-0.2));
#3874=AXIS2_PLACEMENT_3D('',#5146,#5147,#5148);
#3875=CARTESIAN_POINT('',(-1.299135674638,-1.040796944757,0.0));
#3876=CARTESIAN_POINT('',(-1.299135674638,-1.040796944757,0.0));
#3877=VECTOR('',#5149,0.2);
#3878=AXIS2_PLACEMENT_3D('',#5150,#5151,#5152);
#3879=CARTESIAN_POINT('',(1.551435428647,-1.1505,0.0));
#3880=CARTESIAN_POINT('',(1.551435428647,-1.1505,-0.2));
#3881=CARTESIAN_POINT('',(1.551435428647,-1.1505,0.0));
#3882=VECTOR('',#5153,1.0);
#3883=CARTESIAN_POINT('',(1.299135674638,-1.040796944757,0.0));
#3884=AXIS2_PLACEMENT_3D('',#5154,#5155,#5156);
#3885=CARTESIAN_POINT('',(1.299135674638,-1.040796944757,-0.2));
#3886=CARTESIAN_POINT('',(1.299135674638,-1.040796944757,0.0));
#3887=VECTOR('',#5157,0.2);
#3888=AXIS2_PLACEMENT_3D('',#5158,#5159,#5160);
#3889=CARTESIAN_POINT('',(1.998231264839,-0.9005,-0.2));
#3890=CARTESIAN_POINT('',(1.998231264839,-0.9005,0.0));
#3891=CARTESIAN_POINT('',(1.998231264839,-0.9005,0.0));
#3892=VECTOR('',#5161,1.0);
#3893=CARTESIAN_POINT('',(2.148231264839,-0.7505,-0.2));
#3894=AXIS2_PLACEMENT_3D('',#5162,#5163,#5164);
#3895=CARTESIAN_POINT('',(2.148231264839,-0.7505,-0.0257857106658));
#3896=CARTESIAN_POINT('',(2.148231264839,-0.7505,-0.0257857106658));
#3897=VECTOR('',#5165,0.1742142893342);
#3898=CARTESIAN_POINT('',(2.05,-0.7871394309814,0.0));
#3899=CARTESIAN_POINT('',(2.148231264839,-0.7505,-0.0257857106658));
#3900=CARTESIAN_POINT('',(2.140057420665,-0.7505,-0.02117686339605));
#3901=CARTESIAN_POINT('',(2.123273965382,-0.7518638215077,-0.0132533980759));
#3902=CARTESIAN_POINT('',(2.098012101572,-0.7582860194007,-0.00525050472464));
#3903=CARTESIAN_POINT('',(2.07237370411,-0.7700639017876,-0.0007420216632023));
#3904=CARTESIAN_POINT('',(2.057128736117,-0.7809621087299,0.0));
#3905=CARTESIAN_POINT('',(2.05,-0.7871394309814,0.0));
#3906=AXIS2_PLACEMENT_3D('',#5166,#5167,#5168);
#3907=CARTESIAN_POINT('',(-1.998231264839,-0.9005,0.0));
#3908=CARTESIAN_POINT('',(-1.998231264839,-0.9005,-0.2));
#3909=CARTESIAN_POINT('',(-1.998231264839,-0.9005,0.0));
#3910=VECTOR('',#5169,1.0);
#3911=CARTESIAN_POINT('',(-2.05,-0.7871394309814,0.0));
#3912=AXIS2_PLACEMENT_3D('',#5170,#5171,#5172);
#3913=CARTESIAN_POINT('',(-2.148231264839,-0.7505,-0.0257857106658));
#3914=CARTESIAN_POINT('',(-2.05,-0.7871394309814,0.0));
#3915=CARTESIAN_POINT('',(-2.05712792638,-0.7809628103974,0.0));
#3916=CARTESIAN_POINT('',(-2.072371741174,-0.7700650580213,-0.0007418294135707));
#3917=CARTESIAN_POINT('',(-2.098011362979,-0.7582860503176,-0.005250163556364));
#3918=CARTESIAN_POINT('',(-2.123276796817,-0.7518632837592,-0.01325443989695));
#3919=CARTESIAN_POINT('',(-2.140058616393,-0.7505,-0.0211775376107));
#3920=CARTESIAN_POINT('',(-2.148231264839,-0.7505,-0.0257857106658));
#3921=CARTESIAN_POINT('',(-2.148231264839,-0.7505,-0.2));
#3922=CARTESIAN_POINT('',(-2.148231264839,-0.7505,-0.0257857106658));
#3923=VECTOR('',#5173,0.1742142893342);
#3924=AXIS2_PLACEMENT_3D('',#5174,#5175,#5176);
#3925=CARTESIAN_POINT('',(-0.899947163501429,0.00975207186868466,0.85));
#3926=CARTESIAN_POINT('',(-0.999941292779366,0.0108356354096496,0.75));
#3927=AXIS2_PLACEMENT_3D('',#5177,#5178,#5179);
#3928=CARTESIAN_POINT('',(0.9,0.0,0.85));
#3929=AXIS2_PLACEMENT_3D('',#5180,#5181,#5182);
#3930=CARTESIAN_POINT('',(1.0,0.0,0.75));
#3931=AXIS2_PLACEMENT_3D('',#5183,#5184,#5185);
#3932=AXIS2_PLACEMENT_3D('',#5186,#5187,#5188);
#3933=CARTESIAN_POINT('',(0.899947163501429,-0.00975207186868466,0.85));
#3934=CARTESIAN_POINT('',(0.999941292779366,-0.0108356354096496,0.75));
#3935=AXIS2_PLACEMENT_3D('',#5189,#5190,#5191);
#3936=CARTESIAN_POINT('',(-0.9,0.0,0.85));
#3937=AXIS2_PLACEMENT_3D('',#5192,#5193,#5194);
#3938=CARTESIAN_POINT('',(-1.0,0.0,0.75));
#3939=AXIS2_PLACEMENT_3D('',#5195,#5196,#5197);
#3940=AXIS2_PLACEMENT_3D('',#5198,#5199,#5200);
#3941=CARTESIAN_POINT('',(1.30018783553502,1.10866596398682,0.1));
#3942=CARTESIAN_POINT('',(1.25023479441878,1.11083245498353,0.05));
#3943=AXIS2_PLACEMENT_3D('',#5201,#5202,#5203);
#3944=CARTESIAN_POINT('',(1.7,1.1,0.1));
#3945=AXIS2_PLACEMENT_3D('',#5204,#5205,#5206);
#3946=CARTESIAN_POINT('',(1.75,1.1,0.05));
#3947=AXIS2_PLACEMENT_3D('',#5207,#5208,#5209);
#3948=AXIS2_PLACEMENT_3D('',#5210,#5211,#5212);
#3949=CARTESIAN_POINT('',(1.69981216446498,1.09133403601318,0.1));
#3950=CARTESIAN_POINT('',(1.74976520558122,1.08916754501647,0.05));
#3951=AXIS2_PLACEMENT_3D('',#5213,#5214,#5215);
#3952=CARTESIAN_POINT('',(1.3,1.1,0.1));
#3953=AXIS2_PLACEMENT_3D('',#5216,#5217,#5218);
#3954=CARTESIAN_POINT('',(1.25,1.1,0.05));
#3955=AXIS2_PLACEMENT_3D('',#5219,#5220,#5221);
#3956=AXIS2_PLACEMENT_3D('',#5222,#5223,#5224);
#3957=CARTESIAN_POINT('',(-1.30018783553502,1.09133403601318,0.1));
#3958=CARTESIAN_POINT('',(-1.25023479441878,1.08916754501647,0.05));
#3959=AXIS2_PLACEMENT_3D('',#5225,#5226,#5227);
#3960=CARTESIAN_POINT('',(-1.7,1.1,0.1));
#3961=AXIS2_PLACEMENT_3D('',#5228,#5229,#5230);
#3962=CARTESIAN_POINT('',(-1.75,1.1,0.05));
#3963=AXIS2_PLACEMENT_3D('',#5231,#5232,#5233);
#3964=AXIS2_PLACEMENT_3D('',#5234,#5235,#5236);
#3965=CARTESIAN_POINT('',(-1.69981216446498,1.10866596398682,0.1));
#3966=CARTESIAN_POINT('',(-1.74976520558122,1.11083245498353,0.05));
#3967=AXIS2_PLACEMENT_3D('',#5237,#5238,#5239);
#3968=CARTESIAN_POINT('',(-1.3,1.1,0.1));
#3969=AXIS2_PLACEMENT_3D('',#5240,#5241,#5242);
#3970=CARTESIAN_POINT('',(-1.25,1.1,0.05));
#3971=AXIS2_PLACEMENT_3D('',#5243,#5244,#5245);
#3972=AXIS2_PLACEMENT_3D('',#5246,#5247,#5248);
#3973=CARTESIAN_POINT('',(2.05,0.787696601125,0.0));
#3974=CARTESIAN_POINT('',(2.0,0.8995,0.0));
#3975=AXIS2_PLACEMENT_3D('',#5249,#5250,#5251);
#3976=CARTESIAN_POINT('',(2.0,1.5995,0.0));
#3977=CARTESIAN_POINT('',(2.0,0.8995,0.0));
#3978=VECTOR('',#5252,0.7);
#3979=CARTESIAN_POINT('',(-2.0,1.5995,0.0));
#3980=CARTESIAN_POINT('',(-2.0,1.5995,0.0));
#3981=VECTOR('',#5253,4.0);
#3982=CARTESIAN_POINT('',(-2.0,0.8995,0.0));
#3983=CARTESIAN_POINT('',(-2.0,0.8995,0.0));
#3984=VECTOR('',#5254,0.7);
#3985=CARTESIAN_POINT('',(-2.05,0.787696601125,0.0));
#3986=AXIS2_PLACEMENT_3D('',#5255,#5256,#5257);
#3987=CARTESIAN_POINT('',(-2.05,0.787696601125,0.0));
#3988=VECTOR('',#5258,1.574836032106);
#3989=CARTESIAN_POINT('',(-2.045931510829,-1.010203055243,0.0));
#3990=AXIS2_PLACEMENT_3D('',#5259,#5260,#5261);
#3991=CARTESIAN_POINT('',(-2.25,-1.2005,0.0));
#3992=CARTESIAN_POINT('',(-2.045931510829,-1.010203055243,0.0));
#3993=VECTOR('',#5262,0.2790284491882);
#3994=CARTESIAN_POINT('',(-2.25,-1.7005,0.0));
#3995=CARTESIAN_POINT('',(-2.25,-1.2005,0.0));
#3996=VECTOR('',#5263,0.5);
#3997=CARTESIAN_POINT('',(-1.45,-1.7005,0.0));
#3998=CARTESIAN_POINT('',(-1.45,-1.7005,0.0));
#3999=VECTOR('',#5264,0.8);
#4000=CARTESIAN_POINT('',(-1.45,-1.292420690561,0.0));
#4001=CARTESIAN_POINT('',(-1.45,-1.292420690561,0.0));
#4002=VECTOR('',#5265,0.408079309439);
#4003=AXIS2_PLACEMENT_3D('',#5266,#5267,#5268);
#4004=CARTESIAN_POINT('',(-0.7,-1.5995,0.0));
#4005=CARTESIAN_POINT('',(-1.299135674638,-1.040796944757,0.0));
#4006=VECTOR('',#5269,0.8192146608559);
#4007=CARTESIAN_POINT('',(0.7,-1.5995,0.0));
#4008=CARTESIAN_POINT('',(-0.7,-1.5995,0.0));
#4009=VECTOR('',#5270,1.4);
#4010=CARTESIAN_POINT('',(0.7,-1.5995,0.0));
#4011=VECTOR('',#5271,0.8192146608559);
#4012=CARTESIAN_POINT('',(1.45,-1.292420690561,0.0));
#4013=AXIS2_PLACEMENT_3D('',#5272,#5273,#5274);
#4014=CARTESIAN_POINT('',(1.45,-1.7005,0.0));
#4015=CARTESIAN_POINT('',(1.45,-1.292420690561,0.0));
#4016=VECTOR('',#5275,0.408079309439);
#4017=CARTESIAN_POINT('',(2.25,-1.7005,0.0));
#4018=CARTESIAN_POINT('',(1.45,-1.7005,0.0));
#4019=VECTOR('',#5276,0.8);
#4020=CARTESIAN_POINT('',(2.25,-1.2005,0.0));
#4021=CARTESIAN_POINT('',(2.25,-1.7005,0.0));
#4022=VECTOR('',#5277,0.5);
#4023=CARTESIAN_POINT('',(2.045931510829,-1.010203055243,0.0));
#4024=CARTESIAN_POINT('',(2.25,-1.2005,0.0));
#4025=VECTOR('',#5278,0.2790284491882);
#4026=AXIS2_PLACEMENT_3D('',#5279,#5280,#5281);
#4027=CARTESIAN_POINT('',(2.05,-0.7871394309814,0.0));
#4028=VECTOR('',#5282,1.574836032106);
#4029=CARTESIAN_POINT('',(-1.75,1.1,0.0));
#4030=CARTESIAN_POINT('',(-1.25,1.1,0.0));
#4031=AXIS2_PLACEMENT_3D('',#5283,#5284,#5285);
#4032=AXIS2_PLACEMENT_3D('',#5286,#5287,#5288);
#4033=CARTESIAN_POINT('',(1.25,1.1,0.0));
#4034=CARTESIAN_POINT('',(1.75,1.1,0.0));
#4035=AXIS2_PLACEMENT_3D('',#5289,#5290,#5291);
#4036=AXIS2_PLACEMENT_3D('',#5292,#5293,#5294);
#4037=CARTESIAN_POINT('',(-1.05,0.0,0.0));
#4038=CARTESIAN_POINT('',(1.05,0.0,0.0));
#4039=AXIS2_PLACEMENT_3D('',#5295,#5296,#5297);
#4040=AXIS2_PLACEMENT_3D('',#5298,#5299,#5300);
#4041=CARTESIAN_POINT('',(-1.25,1.1,0.0));
#4042=VECTOR('',#5301,0.05);
#4043=CARTESIAN_POINT('',(-1.75,1.1,0.0));
#4044=VECTOR('',#5302,0.05);
#4045=AXIS2_PLACEMENT_3D('',#5303,#5304,#5305);
#4046=AXIS2_PLACEMENT_3D('',#5306,#5307,#5308);
#4047=AXIS2_PLACEMENT_3D('',#5309,#5310,#5311);
#4048=AXIS2_PLACEMENT_3D('',#5312,#5313,#5314);
#4049=AXIS2_PLACEMENT_3D('',#5315,#5316,#5317);
#4050=AXIS2_PLACEMENT_3D('',#5318,#5319,#5320);
#4051=AXIS2_PLACEMENT_3D('',#5321,#5322,#5323);
#4052=AXIS2_PLACEMENT_3D('',#5324,#5325,#5326);
#4053=CARTESIAN_POINT('',(1.75,1.1,0.0));
#4054=VECTOR('',#5327,0.05);
#4055=CARTESIAN_POINT('',(1.25,1.1,0.0));
#4056=VECTOR('',#5328,0.05);
#4057=CARTESIAN_POINT('',(-1.05,0.0,-0.2));
#4058=CARTESIAN_POINT('',(-1.05,0.0,0.0));
#4059=VECTOR('',#5329,0.2);
#4060=CARTESIAN_POINT('',(1.05,0.0,-0.2));
#4061=AXIS2_PLACEMENT_3D('',#5330,#5331,#5332);
#4062=CARTESIAN_POINT('',(1.05,0.0,0.0));
#4063=VECTOR('',#5333,0.2);
#4064=AXIS2_PLACEMENT_3D('',#5334,#5335,#5336);
#4065=CARTESIAN_POINT('',(-1.0,0.0,-0.2));
#4066=CARTESIAN_POINT('',(1.0,0.0,-0.2));
#4067=AXIS2_PLACEMENT_3D('',#5337,#5338,#5339);
#4068=AXIS2_PLACEMENT_3D('',#5340,#5341,#5342);
#4069=CARTESIAN_POINT('',(-1.0,7.138084360411E-13,0.75));
#4070=VECTOR('',#5343,0.95);
#4071=CARTESIAN_POINT('',(1.0,0.0,-0.2));
#4072=VECTOR('',#5344,0.95);
#4073=AXIS2_PLACEMENT_3D('',#5345,#5346,#5347);
#4074=AXIS2_PLACEMENT_3D('',#5348,#5349,#5350);
#4075=AXIS2_PLACEMENT_3D('',#5351,#5352,#5353);
#4076=AXIS2_PLACEMENT_3D('',#5354,#5355,#5356);
#4077=CARTESIAN_POINT('',(2.25,-0.7505,-0.2));
#4078=AXIS2_PLACEMENT_3D('',#5357,#5358,#5359);
#4079=CARTESIAN_POINT('',(2.25,0.7495,-0.2));
#4080=CARTESIAN_POINT('',(2.25,-0.7505,-0.2));
#4081=VECTOR('',#5360,1.5);
#4082=CARTESIAN_POINT('',(2.15,0.7495,-0.02679491924311));
#4083=AXIS2_PLACEMENT_3D('',#5361,#5362,#5363);
#4084=CARTESIAN_POINT('',(2.05,0.787696601125,0.0));
#4085=CARTESIAN_POINT('',(2.056803359891,0.7816114910487,0.0));
#4086=CARTESIAN_POINT('',(2.071665876558,0.7705049163082,-0.0006657156947937));
#4087=CARTESIAN_POINT('',(2.098179196095,0.75772195744,-0.005199288334419));
#4088=CARTESIAN_POINT('',(2.125518848366,0.7507173640247,-0.01408141480486));
#4089=CARTESIAN_POINT('',(2.142086093296,0.7495,-0.02222582307726));
#4090=CARTESIAN_POINT('',(2.15,0.7495,-0.02679491924311));
#4091=CARTESIAN_POINT('',(2.15,0.7495,-0.2));
#4092=CARTESIAN_POINT('',(2.15,0.7495,-0.02679491924311));
#4093=VECTOR('',#5364,0.1732050807569);
#4094=CARTESIAN_POINT('',(2.0,0.8995,-0.2));
#4095=AXIS2_PLACEMENT_3D('',#5365,#5366,#5367);
#4096=CARTESIAN_POINT('',(2.0,0.8995,0.0));
#4097=VECTOR('',#5368,0.2);
#4098=CARTESIAN_POINT('',(2.0,1.5995,-0.2));
#4099=CARTESIAN_POINT('',(2.0,0.8995,-0.2));
#4100=VECTOR('',#5369,0.7);
#4101=CARTESIAN_POINT('',(2.0,1.5995,0.0));
#4102=VECTOR('',#5370,0.2);
#4103=CARTESIAN_POINT('',(1.9,1.5995,-1.8));
#4104=CARTESIAN_POINT('',(1.6,1.5995,-1.8));
#4105=CARTESIAN_POINT('',(1.9,1.5995,-1.8));
#4106=VECTOR('',#5371,0.3);
#4107=CARTESIAN_POINT('',(1.6,1.5995,-2.55));
#4108=CARTESIAN_POINT('',(1.6,1.5995,-2.55));
#4109=VECTOR('',#5372,0.75);
#4110=CARTESIAN_POINT('',(-1.6,1.5995,-2.55));
#4111=CARTESIAN_POINT('',(1.6,1.5995,-2.55));
#4112=VECTOR('',#5373,3.2);
#4113=CARTESIAN_POINT('',(-1.6,1.5995,-1.8));
#4114=CARTESIAN_POINT('',(-1.6,1.5995,-2.55));
#4115=VECTOR('',#5374,0.75);
#4116=CARTESIAN_POINT('',(-1.9,1.5995,-1.8));
#4117=CARTESIAN_POINT('',(-1.6,1.5995,-1.8));
#4118=VECTOR('',#5375,0.3);
#4119=CARTESIAN_POINT('',(-2.0,1.5995,-1.7));
#4120=CARTESIAN_POINT('',(-1.9,1.5995,-1.8));
#4121=VECTOR('',#5376,0.1414213562373);
#4122=CARTESIAN_POINT('',(-2.0,1.5995,-0.3));
#4123=CARTESIAN_POINT('',(-2.0,1.5995,-1.7));
#4124=VECTOR('',#5377,1.4);
#4125=CARTESIAN_POINT('',(-1.9,1.5995,-0.2));
#4126=CARTESIAN_POINT('',(-2.0,1.5995,-0.3));
#4127=VECTOR('',#5378,0.1414213562373);
#4128=CARTESIAN_POINT('',(-2.0,1.5995,-0.2));
#4129=CARTESIAN_POINT('',(-2.0,1.5995,-0.2));
#4130=VECTOR('',#5379,0.09999999999999);
#4131=CARTESIAN_POINT('',(-2.0,1.5995,-0.2));
#4132=VECTOR('',#5380,0.2);
#4133=CARTESIAN_POINT('',(1.9,1.5995,-0.2));
#4134=CARTESIAN_POINT('',(1.9,1.5995,-0.2));
#4135=VECTOR('',#5381,0.09999999999999);
#4136=CARTESIAN_POINT('',(2.0,1.5995,-0.3));
#4137=CARTESIAN_POINT('',(1.9,1.5995,-0.2));
#4138=VECTOR('',#5382,0.1414213562373);
#4139=CARTESIAN_POINT('',(2.0,1.5995,-1.7));
#4140=CARTESIAN_POINT('',(2.0,1.5995,-0.3));
#4141=VECTOR('',#5383,1.4);
#4142=CARTESIAN_POINT('',(2.0,1.5995,-1.7));
#4143=VECTOR('',#5384,0.1414213562373);
#4144=CARTESIAN_POINT('',(1.9,1.074003520228,-1.8));
#4145=CARTESIAN_POINT('',(1.9,1.074003520228,-1.8));
#4146=VECTOR('',#5385,0.5254964797724);
#4147=CARTESIAN_POINT('',(2.0,0.5995,-1.7));
#4148=CARTESIAN_POINT('',(2.0,0.5995,-1.7));
#4149=VECTOR('',#5386,1.0);
#4150=CARTESIAN_POINT('',(1.9,0.6995,-1.8));
#4151=CARTESIAN_POINT('',(1.9,0.6995,-1.8));
#4152=VECTOR('',#5387,0.1732050807569);
#4153=CARTESIAN_POINT('',(1.9,0.8482954545455,-1.8));
#4154=CARTESIAN_POINT('',(1.9,0.6995,-1.8));
#4155=VECTOR('',#5388,0.1487954545455);
#4156=CARTESIAN_POINT('',(1.9,0.8482954545455,-1.8));
#4157=VECTOR('',#5389,0.2257080656822);
#4158=CARTESIAN_POINT('',(-2.05,0.7495,-1.8));
#4159=CARTESIAN_POINT('',(-2.05,0.7093939393939,-1.8));
#4160=CARTESIAN_POINT('',(-2.05,0.7495,-1.8));
#4161=VECTOR('',#5390,0.04010606060607);
#4162=CARTESIAN_POINT('',(-1.996272666219,0.7980440401327,-1.8));
#4163=AXIS2_PLACEMENT_3D('',#5391,#5392,#5393);
#4164=CARTESIAN_POINT('',(-1.9,0.8482954545455,-1.8));
#4165=CARTESIAN_POINT('',(-1.9,0.8482954545455,-1.8));
#4166=VECTOR('',#5394,0.1085984848485);
#4167=CARTESIAN_POINT('',(-1.9,1.074003520228,-1.8));
#4168=CARTESIAN_POINT('',(-1.9,0.8482954545455,-1.8));
#4169=VECTOR('',#5395,0.2257080656822);
#4170=CARTESIAN_POINT('',(-1.903727333781,1.071955959867,-1.8));
#4171=AXIS2_PLACEMENT_3D('',#5396,#5397,#5398);
#4172=CARTESIAN_POINT('',(-2.142545332438,0.9473002014775,-1.8));
#4173=CARTESIAN_POINT('',(-2.142545332438,0.9473002014775,-1.8));
#4174=VECTOR('',#5399,0.2693939393939);
#4175=CARTESIAN_POINT('',(-2.25,0.77,-1.8));
#4176=AXIS2_PLACEMENT_3D('',#5400,#5401,#5402);
#4177=CARTESIAN_POINT('',(-2.25,0.7495,-1.8));
#4178=CARTESIAN_POINT('',(-2.25,0.7495,-1.8));
#4179=VECTOR('',#5403,0.0205);
#4180=CARTESIAN_POINT('',(-2.05,0.7495,-1.8));
#4181=VECTOR('',#5404,0.2);
#4182=CARTESIAN_POINT('',(2.25,0.77,-1.8));
#4183=CARTESIAN_POINT('',(2.25,0.7495,-1.8));
#4184=CARTESIAN_POINT('',(2.25,0.77,-1.8));
#4185=VECTOR('',#5405,0.02049999999999);
#4186=CARTESIAN_POINT('',(2.142545332438,0.9473002014775,-1.8));
#4187=AXIS2_PLACEMENT_3D('',#5406,#5407,#5408);
#4188=CARTESIAN_POINT('',(1.903727333781,1.071955959867,-1.8));
#4189=CARTESIAN_POINT('',(1.903727333781,1.071955959867,-1.8));
#4190=VECTOR('',#5409,0.2693939393939);
#4191=AXIS2_PLACEMENT_3D('',#5410,#5411,#5412);
#4192=CARTESIAN_POINT('',(1.996272666219,0.7980440401327,-1.8));
#4193=CARTESIAN_POINT('',(1.996272666219,0.7980440401327,-1.8));
#4194=VECTOR('',#5413,0.1085984848485);
#4195=CARTESIAN_POINT('',(2.05,0.7093939393939,-1.8));
#4196=AXIS2_PLACEMENT_3D('',#5414,#5415,#5416);
#4197=CARTESIAN_POINT('',(2.05,0.7495,-1.8));
#4198=CARTESIAN_POINT('',(2.05,0.7495,-1.8));
#4199=VECTOR('',#5417,0.04010606060607);
#4200=CARTESIAN_POINT('',(2.25,0.7495,-1.8));
#4201=VECTOR('',#5418,0.2);
#4202=CARTESIAN_POINT('',(1.996272666219,-0.7980440401327,-1.8));
#4203=CARTESIAN_POINT('',(2.05,-0.7093939393939,-1.8));
#4204=AXIS2_PLACEMENT_3D('',#5419,#5420,#5421);
#4205=CARTESIAN_POINT('',(1.9,-0.8482954545455,-1.8));
#4206=CARTESIAN_POINT('',(1.9,-0.8482954545455,-1.8));
#4207=VECTOR('',#5422,0.1085984848485);
#4208=CARTESIAN_POINT('',(1.9,-1.074003520228,-1.8));
#4209=CARTESIAN_POINT('',(1.9,-0.8482954545455,-1.8));
#4210=VECTOR('',#5423,0.2257080656822);
#4211=CARTESIAN_POINT('',(1.903727333781,-1.071955959867,-1.8));
#4212=AXIS2_PLACEMENT_3D('',#5424,#5425,#5426);
#4213=CARTESIAN_POINT('',(2.142545332438,-0.9473002014775,-1.8));
#4214=CARTESIAN_POINT('',(2.142545332438,-0.9473002014775,-1.8));
#4215=VECTOR('',#5427,0.2693939393939);
#4216=CARTESIAN_POINT('',(2.25,-0.77,-1.8));
#4217=AXIS2_PLACEMENT_3D('',#5428,#5429,#5430);
#4218=CARTESIAN_POINT('',(2.25,-0.7505,-1.8));
#4219=CARTESIAN_POINT('',(2.25,-0.7505,-1.8));
#4220=VECTOR('',#5431,0.01950000000001);
#4221=CARTESIAN_POINT('',(2.05,-0.7505,-1.8));
#4222=CARTESIAN_POINT('',(2.05,-0.7505,-1.8));
#4223=VECTOR('',#5432,0.2);
#4224=CARTESIAN_POINT('',(2.05,-0.7093939393939,-1.8));
#4225=VECTOR('',#5433,0.04110606060605);
#4226=CARTESIAN_POINT('',(-1.996272666219,-0.7980440401327,-1.8));
#4227=CARTESIAN_POINT('',(-1.9,-0.8482954545455,-1.8));
#4228=CARTESIAN_POINT('',(-1.996272666219,-0.7980440401327,-1.8));
#4229=VECTOR('',#5434,0.1085984848485);
#4230=CARTESIAN_POINT('',(-2.05,-0.7093939393939,-1.8));
#4231=AXIS2_PLACEMENT_3D('',#5435,#5436,#5437);
#4232=CARTESIAN_POINT('',(-2.05,-0.7505,-1.8));
#4233=CARTESIAN_POINT('',(-2.05,-0.7093939393939,-1.8));
#4234=VECTOR('',#5438,0.04110606060605);
#4235=CARTESIAN_POINT('',(-2.25,-0.7505,-1.8));
#4236=CARTESIAN_POINT('',(-2.05,-0.7505,-1.8));
#4237=VECTOR('',#5439,0.2);
#4238=CARTESIAN_POINT('',(-2.25,-0.77,-1.8));
#4239=CARTESIAN_POINT('',(-2.25,-0.77,-1.8));
#4240=VECTOR('',#5440,0.01950000000002);
#4241=CARTESIAN_POINT('',(-2.142545332438,-0.9473002014775,-1.8));
#4242=AXIS2_PLACEMENT_3D('',#5441,#5442,#5443);
#4243=CARTESIAN_POINT('',(-1.903727333781,-1.071955959867,-1.8));
#4244=CARTESIAN_POINT('',(-1.903727333781,-1.071955959867,-1.8));
#4245=VECTOR('',#5444,0.2693939393939);
#4246=CARTESIAN_POINT('',(-1.9,-1.074003520228,-1.8));
#4247=AXIS2_PLACEMENT_3D('',#5445,#5446,#5447);
#4248=CARTESIAN_POINT('',(-1.9,-0.8482954545455,-1.8));
#4249=VECTOR('',#5448,0.2257080656822);
#4250=CARTESIAN_POINT('',(-2.15,0.7495,-0.02679491924311));
#4251=CARTESIAN_POINT('',(-2.15,0.7495,-0.2));
#4252=CARTESIAN_POINT('',(-2.15,0.7495,-0.02679491924311));
#4253=VECTOR('',#5449,0.1732050807569);
#4254=CARTESIAN_POINT('',(-2.05,0.7495,-0.2));
#4255=CARTESIAN_POINT('',(-2.15,0.7495,-0.2));
#4256=VECTOR('',#5450,0.1);
#4257=CARTESIAN_POINT('',(-2.05,0.7495,-1.8));
#4258=VECTOR('',#5451,1.6);
#4259=CARTESIAN_POINT('',(-2.25,0.7495,-0.2));
#4260=CARTESIAN_POINT('',(-2.25,0.7495,-0.2));
#4261=VECTOR('',#5452,1.6);
#4262=AXIS2_PLACEMENT_3D('',#5453,#5454,#5455);
#4263=CARTESIAN_POINT('',(-2.15,0.7495,-0.02679491924311));
#4264=CARTESIAN_POINT('',(-2.14208718719,0.7495,-0.02222645463741));
#4265=CARTESIAN_POINT('',(-2.125521410226,0.750716756071,-0.01408228305514));
#4266=CARTESIAN_POINT('',(-2.098176057691,0.7577228282317,-0.005198328364223));
#4267=CARTESIAN_POINT('',(-2.071663215532,0.7705066851316,-0.0006655373767818));
#4268=CARTESIAN_POINT('',(-2.05680227789,0.7816124588198,0.0));
#4269=CARTESIAN_POINT('',(-2.05,0.787696601125,0.0));
#4270=CARTESIAN_POINT('',(-2.25,-0.7505,-0.2));
#4271=CARTESIAN_POINT('',(-2.25,0.7495,-0.2));
#4272=VECTOR('',#5456,1.5);
#4273=AXIS2_PLACEMENT_3D('',#5457,#5458,#5459);
#4274=CARTESIAN_POINT('',(-2.045931510829,-1.010203055243,-0.2));
#4275=AXIS2_PLACEMENT_3D('',#5460,#5461,#5462);
#4276=CARTESIAN_POINT('',(-2.045931510829,-1.010203055243,0.0));
#4277=VECTOR('',#5463,0.2);
#4278=CARTESIAN_POINT('',(-2.25,-1.2005,-0.2));
#4279=CARTESIAN_POINT('',(-2.045931510829,-1.010203055243,-0.2));
#4280=VECTOR('',#5464,0.2790284491882);
#4281=CARTESIAN_POINT('',(-2.25,-1.2005,0.0));
#4282=VECTOR('',#5465,0.2);
#4283=CARTESIAN_POINT('',(-2.25,-1.7005,-0.2));
#4284=CARTESIAN_POINT('',(-2.25,-1.2005,-0.2));
#4285=VECTOR('',#5466,0.5);
#4286=CARTESIAN_POINT('',(-2.25,-1.7005,0.0));
#4287=VECTOR('',#5467,0.2);
#4288=CARTESIAN_POINT('',(-1.45,-1.7005,-0.2));
#4289=CARTESIAN_POINT('',(-1.45,-1.7005,-0.2));
#4290=VECTOR('',#5468,0.8);
#4291=CARTESIAN_POINT('',(-1.45,-1.7005,-0.2));
#4292=VECTOR('',#5469,0.2);
#4293=CARTESIAN_POINT('',(-1.45,-1.292420690561,-0.2));
#4294=CARTESIAN_POINT('',(-1.45,-1.292420690561,0.0));
#4295=VECTOR('',#5470,0.2);
#4296=CARTESIAN_POINT('',(-1.45,-1.7005,-0.2));
#4297=VECTOR('',#5471,0.408079309439);
#4298=CARTESIAN_POINT('',(-2.0,0.8995,-0.2));
#4299=AXIS2_PLACEMENT_3D('',#5472,#5473,#5474);
#4300=CARTESIAN_POINT('',(-2.0,0.8995,-0.2));
#4301=VECTOR('',#5475,0.7);
#4302=CARTESIAN_POINT('',(-1.9,-0.8005,-0.2));
#4303=CARTESIAN_POINT('',(-1.9,1.5995,-0.2));
#4304=VECTOR('',#5476,2.4);
#4305=CARTESIAN_POINT('',(-1.25,-0.8005,-0.2));
#4306=CARTESIAN_POINT('',(-1.9,-0.8005,-0.2));
#4307=VECTOR('',#5477,0.65);
#4308=CARTESIAN_POINT('',(-0.6,-1.5005,-0.2));
#4309=CARTESIAN_POINT('',(-1.25,-0.8005,-0.2));
#4310=VECTOR('',#5478,0.9552486587271);
#4311=CARTESIAN_POINT('',(0.6,-1.5005,-0.2));
#4312=CARTESIAN_POINT('',(-0.6,-1.5005,-0.2));
#4313=VECTOR('',#5479,1.2);
#4314=CARTESIAN_POINT('',(1.25,-0.8005,-0.2));
#4315=CARTESIAN_POINT('',(0.6,-1.5005,-0.2));
#4316=VECTOR('',#5480,0.9552486587271);
#4317=CARTESIAN_POINT('',(1.9,-0.8005,-0.2));
#4318=CARTESIAN_POINT('',(1.25,-0.8005,-0.2));
#4319=VECTOR('',#5481,0.65);
#4320=CARTESIAN_POINT('',(1.9,1.5995,-0.2));
#4321=VECTOR('',#5482,2.4);
#4322=CARTESIAN_POINT('',(2.05,0.7495,-0.2));
#4323=CARTESIAN_POINT('',(2.15,0.7495,-0.2));
#4324=VECTOR('',#5483,0.1);
#4325=CARTESIAN_POINT('',(2.05,-0.7505,-0.2));
#4326=CARTESIAN_POINT('',(2.05,-0.7505,-0.2));
#4327=VECTOR('',#5484,1.5);
#4328=CARTESIAN_POINT('',(2.148231264839,-0.7505,-0.2));
#4329=VECTOR('',#5485,0.09823126483854);
#4330=CARTESIAN_POINT('',(2.045931510829,-1.010203055243,-0.2));
#4331=AXIS2_PLACEMENT_3D('',#5486,#5487,#5488);
#4332=CARTESIAN_POINT('',(2.25,-1.2005,-0.2));
#4333=CARTESIAN_POINT('',(2.25,-1.2005,-0.2));
#4334=VECTOR('',#5489,0.2790284491882);
#4335=CARTESIAN_POINT('',(2.25,-1.7005,-0.2));
#4336=CARTESIAN_POINT('',(2.25,-1.7005,-0.2));
#4337=VECTOR('',#5490,0.5);
#4338=CARTESIAN_POINT('',(1.45,-1.7005,-0.2));
#4339=CARTESIAN_POINT('',(1.45,-1.7005,-0.2));
#4340=VECTOR('',#5491,0.8);
#4341=CARTESIAN_POINT('',(1.45,-1.292420690561,-0.2));
#4342=CARTESIAN_POINT('',(1.45,-1.292420690561,-0.2));
#4343=VECTOR('',#5492,0.408079309439);
#4344=AXIS2_PLACEMENT_3D('',#5493,#5494,#5495);
#4345=CARTESIAN_POINT('',(0.7,-1.5995,-0.2));
#4346=CARTESIAN_POINT('',(1.299135674638,-1.040796944757,-0.2));
#4347=VECTOR('',#5496,0.8192146608559);
#4348=CARTESIAN_POINT('',(-0.7,-1.5995,-0.2));
#4349=CARTESIAN_POINT('',(-0.7,-1.5995,-0.2));
#4350=VECTOR('',#5497,1.4);
#4351=CARTESIAN_POINT('',(-1.299135674638,-1.040796944757,-0.2));
#4352=VECTOR('',#5498,0.8192146608559);
#4353=AXIS2_PLACEMENT_3D('',#5499,#5500,#5501);
#4354=CARTESIAN_POINT('',(-2.05,-0.7505,-0.2));
#4355=CARTESIAN_POINT('',(-2.148231264839,-0.7505,-0.2));
#4356=VECTOR('',#5502,0.09823126483854);
#4357=CARTESIAN_POINT('',(-2.05,-0.7505,-0.2));
#4358=VECTOR('',#5503,1.5);
#4359=CARTESIAN_POINT('',(-2.05,-2.1505,-0.85));
#4360=CARTESIAN_POINT('',(-2.05,-2.1505,-1.55));
#4361=AXIS2_PLACEMENT_3D('',#5504,#5505,#5506);
#4362=CARTESIAN_POINT('',(-2.05,-0.7505,-1.55));
#4363=CARTESIAN_POINT('',(-2.05,-2.1505,-1.55));
#4364=VECTOR('',#5507,1.4);
#4365=CARTESIAN_POINT('',(-2.05,-0.7505,-1.55));
#4366=VECTOR('',#5508,0.25);
#4367=CARTESIAN_POINT('',(-2.05,-0.7093939393939,-2.5));
#4368=CARTESIAN_POINT('',(-2.05,-0.7093939393939,-1.8));
#4369=VECTOR('',#5509,0.7);
#4370=CARTESIAN_POINT('',(-2.05,0.7093939393939,-2.5));
#4371=CARTESIAN_POINT('',(-2.05,0.7093939393939,-2.5));
#4372=VECTOR('',#5510,1.418787878788);
#4373=CARTESIAN_POINT('',(-2.05,0.7093939393939,-1.8));
#4374=VECTOR('',#5511,0.7);
#4375=CARTESIAN_POINT('',(-2.05,-0.7505,-0.72));
#4376=CARTESIAN_POINT('',(-2.05,-0.7505,-0.2));
#4377=VECTOR('',#5512,0.52);
#4378=CARTESIAN_POINT('',(-2.05,-0.8805,-0.85));
#4379=AXIS2_PLACEMENT_3D('',#5513,#5514,#5515);
#4380=CARTESIAN_POINT('',(-2.05,-0.8805,-0.85));
#4381=VECTOR('',#5516,1.27);
#4382=CARTESIAN_POINT('',(-2.25,-0.8805,-0.85));
#4383=CARTESIAN_POINT('',(-2.25,-2.1505,-0.85));
#4384=CARTESIAN_POINT('',(-2.25,-0.8805,-0.85));
#4385=VECTOR('',#5517,1.27);
#4386=CARTESIAN_POINT('',(-2.25,-2.1505,-0.85));
#4387=VECTOR('',#5518,0.2);
#4388=CARTESIAN_POINT('',(-2.25,-0.8805,-0.85));
#4389=VECTOR('',#5519,0.2);
#4390=CARTESIAN_POINT('',(-2.25,-0.7505,-0.72));
#4391=CARTESIAN_POINT('',(-2.25,-0.7505,-0.72));
#4392=VECTOR('',#5520,0.2);
#4393=AXIS2_PLACEMENT_3D('',#5521,#5522,#5523);
#4394=CARTESIAN_POINT('',(-2.25,0.77,-2.5));
#4395=CARTESIAN_POINT('',(-2.25,0.77,-1.8));
#4396=VECTOR('',#5524,0.7);
#4397=CARTESIAN_POINT('',(-2.25,-0.77,-2.5));
#4398=CARTESIAN_POINT('',(-2.25,-0.77,-2.5));
#4399=VECTOR('',#5525,1.54);
#4400=CARTESIAN_POINT('',(-2.25,-0.77,-1.8));
#4401=VECTOR('',#5526,0.7);
#4402=CARTESIAN_POINT('',(-2.25,-0.7505,-1.55));
#4403=CARTESIAN_POINT('',(-2.25,-0.7505,-1.55));
#4404=VECTOR('',#5527,0.25);
#4405=CARTESIAN_POINT('',(-2.25,-2.1505,-1.55));
#4406=CARTESIAN_POINT('',(-2.25,-2.1505,-1.55));
#4407=VECTOR('',#5528,1.4);
#4408=AXIS2_PLACEMENT_3D('',#5529,#5530,#5531);
#4409=CARTESIAN_POINT('',(-2.25,-0.7505,-0.72));
#4410=VECTOR('',#5532,0.52);
#4411=CARTESIAN_POINT('',(-2.25,-2.1505,-1.55));
#4412=VECTOR('',#5533,0.2);
#4413=CARTESIAN_POINT('',(-2.25,-0.7505,-1.55));
#4414=VECTOR('',#5534,0.2);
#4415=CARTESIAN_POINT('',(-2.142545332438,-0.9473002014775,-2.5));
#4416=AXIS2_PLACEMENT_3D('',#5535,#5536,#5537);
#4417=CARTESIAN_POINT('',(-2.142545332438,-0.9473002014775,-1.8));
#4418=VECTOR('',#5538,0.7);
#4419=CARTESIAN_POINT('',(-1.903727333781,-1.071955959867,-2.5));
#4420=CARTESIAN_POINT('',(-1.903727333781,-1.071955959867,-2.5));
#4421=VECTOR('',#5539,0.269393939394);
#4422=CARTESIAN_POINT('',(-1.903727333781,-1.071955959867,-1.8));
#4423=VECTOR('',#5540,0.7);
#4424=CARTESIAN_POINT('',(-1.85,-1.160606060606,-1.8));
#4425=AXIS2_PLACEMENT_3D('',#5541,#5542,#5543);
#4426=CARTESIAN_POINT('',(-1.85,-1.160606060606,-2.5));
#4427=AXIS2_PLACEMENT_3D('',#5544,#5545,#5546);
#4428=CARTESIAN_POINT('',(-1.85,-1.160606060606,-2.492114460736));
#4429=CARTESIAN_POINT('',(-1.85,-1.160606060606,-2.492114460736));
#4430=VECTOR('',#5547,0.007885539264025);
#4431=CARTESIAN_POINT('',(-1.85,-1.160606060606,-1.807885539264));
#4432=CARTESIAN_POINT('',(-1.85,-1.160606060606,-1.807885539264));
#4433=VECTOR('',#5548,0.684228921472);
#4434=CARTESIAN_POINT('',(-1.85,-1.160606060606,-1.8));
#4435=VECTOR('',#5549,0.007885539264024);
#4436=CARTESIAN_POINT('',(-1.85,1.160606060606,-1.8));
#4437=CARTESIAN_POINT('',(-1.85,1.160606060606,-1.807885539264));
#4438=CARTESIAN_POINT('',(-1.85,1.160606060606,-1.8));
#4439=VECTOR('',#5550,0.007885539264024);
#4440=CARTESIAN_POINT('',(-1.85,1.105,-1.8));
#4441=CARTESIAN_POINT('',(-1.85,1.160606060606,-1.8));
#4442=VECTOR('',#5551,0.05560606060607);
#4443=AXIS2_PLACEMENT_3D('',#5552,#5553,#5554);
#4444=CARTESIAN_POINT('',(-1.85,1.105,-2.5));
#4445=CARTESIAN_POINT('',(-1.85,1.160606060606,-2.5));
#4446=CARTESIAN_POINT('',(-1.85,1.105,-2.5));
#4447=VECTOR('',#5555,0.05560606060606);
#4448=CARTESIAN_POINT('',(-1.85,1.160606060606,-2.492114460736));
#4449=CARTESIAN_POINT('',(-1.85,1.160606060606,-2.492114460736));
#4450=VECTOR('',#5556,0.007885539264025);
#4451=AXIS2_PLACEMENT_3D('',#5557,#5558,#5559);
#4452=CARTESIAN_POINT('',(-1.85,-1.105,-1.8));
#4453=AXIS2_PLACEMENT_3D('',#5560,#5561,#5562);
#4454=CARTESIAN_POINT('',(-1.85,-1.105,-1.8));
#4455=VECTOR('',#5563,0.05560606060607);
#4456=CARTESIAN_POINT('',(-1.85,-1.105,-2.5));
#4457=CARTESIAN_POINT('',(-1.85,-1.160606060606,-2.5));
#4458=VECTOR('',#5564,0.05560606060606);
#4459=AXIS2_PLACEMENT_3D('',#5565,#5566,#5567);
#4460=CARTESIAN_POINT('',(-1.65,1.105,-1.8));
#4461=CARTESIAN_POINT('',(-1.85,1.105,-1.8));
#4462=VECTOR('',#5568,0.2);
#4463=CARTESIAN_POINT('',(-1.65,1.305,-2.0));
#4464=AXIS2_PLACEMENT_3D('',#5569,#5570,#5571);
#4465=CARTESIAN_POINT('',(-1.85,1.305,-2.0));
#4466=CARTESIAN_POINT('',(-1.85,1.305,-2.0));
#4467=VECTOR('',#5572,0.2);
#4468=AXIS2_PLACEMENT_3D('',#5573,#5574,#5575);
#4469=CARTESIAN_POINT('',(-1.85,1.305,-2.3));
#4470=CARTESIAN_POINT('',(-1.85,1.305,-2.0));
#4471=VECTOR('',#5576,0.3);
#4472=AXIS2_PLACEMENT_3D('',#5577,#5578,#5579);
#4473=CARTESIAN_POINT('',(-1.85,1.160606060606,-1.807885539264));
#4474=VECTOR('',#5580,0.684228921472);
#4475=CARTESIAN_POINT('',(-1.903727333781,1.071955959867,-2.5));
#4476=AXIS2_PLACEMENT_3D('',#5581,#5582,#5583);
#4477=CARTESIAN_POINT('',(-1.903727333781,1.071955959867,-1.8));
#4478=VECTOR('',#5584,0.7);
#4479=AXIS2_PLACEMENT_3D('',#5585,#5586,#5587);
#4480=CARTESIAN_POINT('',(1.757454667562,0.9226997985225,-1.8));
#4481=CARTESIAN_POINT('',(1.65,1.1,-1.8));
#4482=AXIS2_PLACEMENT_3D('',#5588,#5589,#5590);
#4483=CARTESIAN_POINT('',(1.9,0.8482954545455,-1.8));
#4484=VECTOR('',#5591,0.1607954545455);
#4485=CARTESIAN_POINT('',(1.6,0.9995,-1.8));
#4486=CARTESIAN_POINT('',(1.9,0.6995,-1.8));
#4487=VECTOR('',#5592,0.4242640687119);
#4488=CARTESIAN_POINT('',(1.6,0.9995,-1.8));
#4489=VECTOR('',#5593,0.6);
#4490=CARTESIAN_POINT('',(1.866885825373,1.105,-1.8));
#4491=AXIS2_PLACEMENT_3D('',#5594,#5595,#5596);
#4492=CARTESIAN_POINT('',(1.65,1.105,-1.8));
#4493=CARTESIAN_POINT('',(1.866885825373,1.105,-1.8));
#4494=VECTOR('',#5597,0.2168858253733);
#4495=CARTESIAN_POINT('',(1.65,1.1,-1.8));
#4496=VECTOR('',#5598,0.004999999999994);
#4497=CARTESIAN_POINT('',(-1.9,1.5995,-1.8));
#4498=VECTOR('',#5599,0.5254964797724);
#4499=CARTESIAN_POINT('',(-1.6,0.9995,-1.8));
#4500=CARTESIAN_POINT('',(-1.6,1.5995,-1.8));
#4501=VECTOR('',#5600,0.6);
#4502=CARTESIAN_POINT('',(-1.9,0.6995,-1.8));
#4503=CARTESIAN_POINT('',(-1.6,0.9995,-1.8));
#4504=VECTOR('',#5601,0.4242640687119);
#4505=CARTESIAN_POINT('',(-1.9,0.8482954545455,-1.8));
#4506=VECTOR('',#5602,0.1487954545455);
#4507=CARTESIAN_POINT('',(-1.757454667562,0.9226997985225,-1.8));
#4508=CARTESIAN_POINT('',(-1.9,0.8482954545455,-1.8));
#4509=VECTOR('',#5603,0.1607954545455);
#4510=CARTESIAN_POINT('',(-1.65,1.1,-1.8));
#4511=AXIS2_PLACEMENT_3D('',#5604,#5605,#5606);
#4512=CARTESIAN_POINT('',(-1.65,1.105,-1.8));
#4513=VECTOR('',#5607,0.004999999999995);
#4514=CARTESIAN_POINT('',(0.85,-1.4495,-1.8));
#4515=CARTESIAN_POINT('',(1.5,-1.4495,-1.8));
#4516=CARTESIAN_POINT('',(0.85,-1.4495,-1.8));
#4517=VECTOR('',#5608,0.65);
#4518=CARTESIAN_POINT('',(0.85,-1.5995,-1.8));
#4519=CARTESIAN_POINT('',(0.85,-1.5995,-1.8));
#4520=VECTOR('',#5609,0.15);
#4521=CARTESIAN_POINT('',(0.6,-1.5995,-1.8));
#4522=CARTESIAN_POINT('',(0.6,-1.5995,-1.8));
#4523=VECTOR('',#5610,0.25);
#4524=CARTESIAN_POINT('',(0.6,-1.4295,-1.8));
#4525=CARTESIAN_POINT('',(0.6,-1.4295,-1.8));
#4526=VECTOR('',#5611,0.17);
#4527=CARTESIAN_POINT('',(1.6,-1.4295,-1.8));
#4528=CARTESIAN_POINT('',(1.6,-1.4295,-1.8));
#4529=VECTOR('',#5612,1.0);
#4530=CARTESIAN_POINT('',(1.6,-0.9995,-1.8));
#4531=CARTESIAN_POINT('',(1.6,-1.4295,-1.8));
#4532=VECTOR('',#5613,0.43);
#4533=CARTESIAN_POINT('',(1.9,-0.6995,-1.8));
#4534=CARTESIAN_POINT('',(1.6,-0.9995,-1.8));
#4535=VECTOR('',#5614,0.4242640687119);
#4536=CARTESIAN_POINT('',(1.9,-0.8482954545455,-1.8));
#4537=VECTOR('',#5615,0.1487954545455);
#4538=CARTESIAN_POINT('',(1.757454667562,-0.9226997985225,-1.8));
#4539=CARTESIAN_POINT('',(1.9,-0.8482954545455,-1.8));
#4540=VECTOR('',#5616,0.1607954545455);
#4541=CARTESIAN_POINT('',(1.65,-1.1,-1.8));
#4542=AXIS2_PLACEMENT_3D('',#5617,#5618,#5619);
#4543=CARTESIAN_POINT('',(1.65,-1.105,-1.8));
#4544=CARTESIAN_POINT('',(1.65,-1.105,-1.8));
#4545=VECTOR('',#5620,0.004999999999995);
#4546=CARTESIAN_POINT('',(1.866885825373,-1.105,-1.8));
#4547=CARTESIAN_POINT('',(1.866885825373,-1.105,-1.8));
#4548=VECTOR('',#5621,0.2168858253733);
#4549=AXIS2_PLACEMENT_3D('',#5622,#5623,#5624);
#4550=CARTESIAN_POINT('',(1.9,-1.5995,-1.8));
#4551=CARTESIAN_POINT('',(1.9,-1.5995,-1.8));
#4552=VECTOR('',#5625,0.5254964797724);
#4553=CARTESIAN_POINT('',(1.5,-1.5995,-1.8));
#4554=CARTESIAN_POINT('',(1.5,-1.5995,-1.8));
#4555=VECTOR('',#5626,0.4);
#4556=CARTESIAN_POINT('',(1.5,-1.5995,-1.8));
#4557=VECTOR('',#5627,0.15);
#4558=CARTESIAN_POINT('',(-1.9,-1.5995,-1.8));
#4559=CARTESIAN_POINT('',(-1.5,-1.5995,-1.8));
#4560=CARTESIAN_POINT('',(-1.9,-1.5995,-1.8));
#4561=VECTOR('',#5628,0.4);
#4562=CARTESIAN_POINT('',(-1.9,-1.074003520228,-1.8));
#4563=VECTOR('',#5629,0.5254964797724);
#4564=CARTESIAN_POINT('',(-1.65,-1.105,-1.8));
#4565=CARTESIAN_POINT('',(-1.85,-1.105,-1.8));
#4566=VECTOR('',#5630,0.2);
#4567=CARTESIAN_POINT('',(-1.65,-1.1,-1.8));
#4568=CARTESIAN_POINT('',(-1.65,-1.1,-1.8));
#4569=VECTOR('',#5631,0.004999999999995);
#4570=CARTESIAN_POINT('',(-1.757454667562,-0.9226997985225,-1.8));
#4571=AXIS2_PLACEMENT_3D('',#5632,#5633,#5634);
#4572=CARTESIAN_POINT('',(-1.9,-0.8482954545455,-1.8));
#4573=VECTOR('',#5635,0.1607954545455);
#4574=CARTESIAN_POINT('',(-1.9,-0.6995,-1.8));
#4575=CARTESIAN_POINT('',(-1.9,-0.6995,-1.8));
#4576=VECTOR('',#5636,0.1487954545455);
#4577=CARTESIAN_POINT('',(-1.6,-0.9995,-1.8));
#4578=CARTESIAN_POINT('',(-1.9,-0.6995,-1.8));
#4579=VECTOR('',#5637,0.4242640687119);
#4580=CARTESIAN_POINT('',(-1.6,-1.4295,-1.8));
#4581=CARTESIAN_POINT('',(-1.6,-0.9995,-1.8));
#4582=VECTOR('',#5638,0.43);
#4583=CARTESIAN_POINT('',(-0.6,-1.4295,-1.8));
#4584=CARTESIAN_POINT('',(-1.6,-1.4295,-1.8));
#4585=VECTOR('',#5639,1.0);
#4586=CARTESIAN_POINT('',(-0.6,-1.5995,-1.8));
#4587=CARTESIAN_POINT('',(-0.6,-1.4295,-1.8));
#4588=VECTOR('',#5640,0.17);
#4589=CARTESIAN_POINT('',(-0.85,-1.5995,-1.8));
#4590=CARTESIAN_POINT('',(-0.85,-1.5995,-1.8));
#4591=VECTOR('',#5641,0.25);
#4592=CARTESIAN_POINT('',(-0.85,-1.4495,-1.8));
#4593=CARTESIAN_POINT('',(-0.85,-1.5995,-1.8));
#4594=VECTOR('',#5642,0.15);
#4595=CARTESIAN_POINT('',(-1.5,-1.4495,-1.8));
#4596=CARTESIAN_POINT('',(-0.85,-1.4495,-1.8));
#4597=VECTOR('',#5643,0.65);
#4598=CARTESIAN_POINT('',(-1.5,-1.5995,-1.8));
#4599=VECTOR('',#5644,0.15);
#4600=CARTESIAN_POINT('',(1.65,1.305,-2.0));
#4601=CARTESIAN_POINT('',(1.65,1.305,-2.3));
#4602=CARTESIAN_POINT('',(1.65,1.305,-2.0));
#4603=VECTOR('',#5645,0.3);
#4604=CARTESIAN_POINT('',(1.65,1.105,-2.5));
#4605=AXIS2_PLACEMENT_3D('',#5646,#5647,#5648);
#4606=CARTESIAN_POINT('',(1.65,1.1,-2.5));
#4607=CARTESIAN_POINT('',(1.65,1.1,-2.5));
#4608=VECTOR('',#5649,0.004999999999995);
#4609=CARTESIAN_POINT('',(1.65,1.1,-1.8));
#4610=VECTOR('',#5650,0.7);
#4611=AXIS2_PLACEMENT_3D('',#5651,#5652,#5653);
#4612=CARTESIAN_POINT('',(1.85,1.305,-2.0));
#4613=CARTESIAN_POINT('',(1.65,1.305,-2.0));
#4614=VECTOR('',#5654,0.2);
#4615=CARTESIAN_POINT('',(1.85,1.160606060606,-1.807885539264));
#4616=CARTESIAN_POINT('',(1.85,1.160606060606,-1.807885539264));
#4617=CARTESIAN_POINT('',(1.85,1.15582531028,-1.806501787664));
#4618=CARTESIAN_POINT('',(1.850686111414,1.146172447454,-1.804096305834));
#4619=CARTESIAN_POINT('',(1.853882281807,1.131686971194,-1.801611768629));
#4620=CARTESIAN_POINT('',(1.859289456702,1.117640484525,-1.800246703729));
#4621=CARTESIAN_POINT('',(1.864162159604,1.109071053225,-1.8));
#4622=CARTESIAN_POINT('',(1.866885825373,1.105,-1.8));
#4623=AXIS2_PLACEMENT_3D('',#5655,#5656,#5657);
#4624=CARTESIAN_POINT('',(1.85,1.160606060606,-2.492114460736));
#4625=CARTESIAN_POINT('',(1.85,1.160606060606,-1.807885539264));
#4626=VECTOR('',#5658,0.684228921472);
#4627=CARTESIAN_POINT('',(1.85,1.305,-2.3));
#4628=AXIS2_PLACEMENT_3D('',#5659,#5660,#5661);
#4629=CARTESIAN_POINT('',(1.85,1.305,-2.0));
#4630=VECTOR('',#5662,0.3);
#4631=CARTESIAN_POINT('',(1.65,1.305,-2.3));
#4632=VECTOR('',#5663,0.2);
#4633=CARTESIAN_POINT('',(1.866885825373,1.105,-2.5));
#4634=CARTESIAN_POINT('',(1.65,1.105,-2.5));
#4635=VECTOR('',#5664,0.2168858253733);
#4636=CARTESIAN_POINT('',(1.866885825373,1.105,-2.5));
#4637=CARTESIAN_POINT('',(1.864199502131,1.109015237487,-2.5));
#4638=CARTESIAN_POINT('',(1.859359342116,1.117500665405,-2.499760386522));
#4639=CARTESIAN_POINT('',(1.853918023821,1.131550332141,-2.498408860317));
#4640=CARTESIAN_POINT('',(1.850682372869,1.146166212969,-2.495907395283));
#4641=CARTESIAN_POINT('',(1.85,1.155827498394,-2.493497579003));
#4642=CARTESIAN_POINT('',(1.85,1.160606060606,-2.492114460736));
#4643=CARTESIAN_POINT('',(1.903727333781,1.071955959867,-2.5));
#4644=CARTESIAN_POINT('',(1.903727333781,1.071955959867,-1.8));
#4645=VECTOR('',#5665,0.7);
#4646=AXIS2_PLACEMENT_3D('',#5666,#5667,#5668);
#4647=CARTESIAN_POINT('',(2.142545332438,0.9473002014775,-2.5));
#4648=CARTESIAN_POINT('',(1.903727333781,1.071955959867,-2.5));
#4649=VECTOR('',#5669,0.2693939393939);
#4650=CARTESIAN_POINT('',(2.25,0.77,-2.5));
#4651=AXIS2_PLACEMENT_3D('',#5670,#5671,#5672);
#4652=CARTESIAN_POINT('',(2.25,-0.77,-2.5));
#4653=CARTESIAN_POINT('',(2.25,0.77,-2.5));
#4654=VECTOR('',#5673,1.54);
#4655=CARTESIAN_POINT('',(2.142545332438,-0.9473002014775,-2.5));
#4656=AXIS2_PLACEMENT_3D('',#5674,#5675,#5676);
#4657=CARTESIAN_POINT('',(1.903727333781,-1.071955959867,-2.5));
#4658=CARTESIAN_POINT('',(2.142545332438,-0.9473002014775,-2.5));
#4659=VECTOR('',#5677,0.2693939393939);
#4660=CARTESIAN_POINT('',(1.866885825373,-1.105,-2.5));
#4661=AXIS2_PLACEMENT_3D('',#5678,#5679,#5680);
#4662=CARTESIAN_POINT('',(1.65,-1.105,-2.5));
#4663=CARTESIAN_POINT('',(1.65,-1.105,-2.5));
#4664=VECTOR('',#5681,0.2168858253733);
#4665=CARTESIAN_POINT('',(1.65,-1.1,-2.5));
#4666=CARTESIAN_POINT('',(1.65,-1.105,-2.5));
#4667=VECTOR('',#5682,0.004999999999995);
#4668=CARTESIAN_POINT('',(1.757454667562,-0.9226997985225,-2.5));
#4669=AXIS2_PLACEMENT_3D('',#5683,#5684,#5685);
#4670=CARTESIAN_POINT('',(1.996272666219,-0.7980440401327,-2.5));
#4671=CARTESIAN_POINT('',(1.757454667562,-0.9226997985225,-2.5));
#4672=VECTOR('',#5686,0.2693939393939);
#4673=CARTESIAN_POINT('',(2.05,-0.7093939393939,-2.5));
#4674=AXIS2_PLACEMENT_3D('',#5687,#5688,#5689);
#4675=CARTESIAN_POINT('',(2.05,0.7093939393939,-2.5));
#4676=CARTESIAN_POINT('',(2.05,-0.7093939393939,-2.5));
#4677=VECTOR('',#5690,1.418787878788);
#4678=CARTESIAN_POINT('',(1.996272666219,0.7980440401327,-2.5));
#4679=AXIS2_PLACEMENT_3D('',#5691,#5692,#5693);
#4680=CARTESIAN_POINT('',(1.757454667562,0.9226997985225,-2.5));
#4681=CARTESIAN_POINT('',(1.996272666219,0.7980440401327,-2.5));
#4682=VECTOR('',#5694,0.2693939393939);
#4683=AXIS2_PLACEMENT_3D('',#5695,#5696,#5697);
#4684=CARTESIAN_POINT('',(-2.142545332438,0.9473002014775,-2.5));
#4685=AXIS2_PLACEMENT_3D('',#5698,#5699,#5700);
#4686=CARTESIAN_POINT('',(-2.142545332438,0.9473002014775,-2.5));
#4687=VECTOR('',#5701,0.269393939394);
#4688=CARTESIAN_POINT('',(-1.65,1.105,-2.5));
#4689=CARTESIAN_POINT('',(-1.85,1.105,-2.5));
#4690=VECTOR('',#5702,0.2);
#4691=CARTESIAN_POINT('',(-1.65,1.1,-2.5));
#4692=CARTESIAN_POINT('',(-1.65,1.105,-2.5));
#4693=VECTOR('',#5703,0.004999999999996);
#4694=CARTESIAN_POINT('',(-1.757454667562,0.9226997985225,-2.5));
#4695=AXIS2_PLACEMENT_3D('',#5704,#5705,#5706);
#4696=CARTESIAN_POINT('',(-1.996272666219,0.7980440401327,-2.5));
#4697=CARTESIAN_POINT('',(-1.757454667562,0.9226997985225,-2.5));
#4698=VECTOR('',#5707,0.269393939394);
#4699=AXIS2_PLACEMENT_3D('',#5708,#5709,#5710);
#4700=CARTESIAN_POINT('',(-1.996272666219,-0.7980440401327,-2.5));
#4701=AXIS2_PLACEMENT_3D('',#5711,#5712,#5713);
#4702=CARTESIAN_POINT('',(-1.757454667562,-0.9226997985225,-2.5));
#4703=CARTESIAN_POINT('',(-1.996272666219,-0.7980440401327,-2.5));
#4704=VECTOR('',#5714,0.2693939393939);
#4705=CARTESIAN_POINT('',(-1.65,-1.1,-2.5));
#4706=AXIS2_PLACEMENT_3D('',#5715,#5716,#5717);
#4707=CARTESIAN_POINT('',(-1.65,-1.105,-2.5));
#4708=CARTESIAN_POINT('',(-1.65,-1.1,-2.5));
#4709=VECTOR('',#5718,0.004999999999996);
#4710=CARTESIAN_POINT('',(-1.85,-1.105,-2.5));
#4711=VECTOR('',#5719,0.2);
#4712=CARTESIAN_POINT('',(1.757454667562,0.9226997985225,-1.8));
#4713=VECTOR('',#5720,0.7);
#4714=CARTESIAN_POINT('',(1.996272666219,0.7980440401327,-1.8));
#4715=VECTOR('',#5721,0.7);
#4716=CARTESIAN_POINT('',(2.05,0.7093939393939,-1.8));
#4717=VECTOR('',#5722,0.7);
#4718=CARTESIAN_POINT('',(2.05,0.7495,-1.8));
#4719=VECTOR('',#5723,1.6);
#4720=CARTESIAN_POINT('',(2.05,-0.7093939393939,-1.8));
#4721=VECTOR('',#5724,0.7);
#4722=CARTESIAN_POINT('',(2.05,-0.7505,-1.55));
#4723=CARTESIAN_POINT('',(2.05,-0.7505,-1.55));
#4724=VECTOR('',#5725,0.25);
#4725=CARTESIAN_POINT('',(2.05,-2.1505,-1.55));
#4726=CARTESIAN_POINT('',(2.05,-2.1505,-1.55));
#4727=VECTOR('',#5726,1.4);
#4728=CARTESIAN_POINT('',(2.05,-2.1505,-0.85));
#4729=AXIS2_PLACEMENT_3D('',#5727,#5728,#5729);
#4730=CARTESIAN_POINT('',(2.05,-0.8805,-0.85));
#4731=CARTESIAN_POINT('',(2.05,-0.8805,-0.85));
#4732=VECTOR('',#5730,1.27);
#4733=CARTESIAN_POINT('',(2.05,-0.7505,-0.72));
#4734=AXIS2_PLACEMENT_3D('',#5731,#5732,#5733);
#4735=CARTESIAN_POINT('',(2.05,-0.7505,-0.2));
#4736=VECTOR('',#5734,0.52);
#4737=CARTESIAN_POINT('',(2.25,-0.7505,-0.72));
#4738=CARTESIAN_POINT('',(2.05,-0.7505,-0.72));
#4739=VECTOR('',#5735,0.2);
#4740=CARTESIAN_POINT('',(2.25,-0.7505,-0.2));
#4741=VECTOR('',#5736,0.52);
#4742=CARTESIAN_POINT('',(2.25,-0.8805,-0.85));
#4743=AXIS2_PLACEMENT_3D('',#5737,#5738,#5739);
#4744=CARTESIAN_POINT('',(2.25,-2.1505,-0.85));
#4745=CARTESIAN_POINT('',(2.25,-0.8805,-0.85));
#4746=VECTOR('',#5740,1.27);
#4747=CARTESIAN_POINT('',(2.25,-2.1505,-1.55));
#4748=AXIS2_PLACEMENT_3D('',#5741,#5742,#5743);
#4749=CARTESIAN_POINT('',(2.25,-0.7505,-1.55));
#4750=CARTESIAN_POINT('',(2.25,-2.1505,-1.55));
#4751=VECTOR('',#5744,1.4);
#4752=CARTESIAN_POINT('',(2.25,-0.7505,-1.55));
#4753=VECTOR('',#5745,0.25);
#4754=CARTESIAN_POINT('',(2.25,-0.77,-1.8));
#4755=VECTOR('',#5746,0.7);
#4756=CARTESIAN_POINT('',(2.25,0.77,-1.8));
#4757=VECTOR('',#5747,0.7);
#4758=CARTESIAN_POINT('',(2.25,0.7495,-1.8));
#4759=VECTOR('',#5748,1.6);
#4760=CARTESIAN_POINT('',(2.142545332438,0.9473002014775,-1.8));
#4761=VECTOR('',#5749,0.7);
#4762=CARTESIAN_POINT('',(2.142545332438,-0.9473002014775,-1.8));
#4763=VECTOR('',#5750,0.7);
#4764=CARTESIAN_POINT('',(1.903727333781,-1.071955959867,-1.8));
#4765=VECTOR('',#5751,0.7);
#4766=CARTESIAN_POINT('',(1.85,-1.160606060606,-1.807885539264));
#4767=CARTESIAN_POINT('',(1.866885825373,-1.105,-1.8));
#4768=CARTESIAN_POINT('',(1.864199015545,-1.109015964786,-1.8));
#4769=CARTESIAN_POINT('',(1.859359559653,-1.117501496298,-1.800239896299));
#4770=CARTESIAN_POINT('',(1.853923274318,-1.131535206841,-1.801589440745));
#4771=CARTESIAN_POINT('',(1.850684562329,-1.146148537739,-1.804088723288));
#4772=CARTESIAN_POINT('',(1.85,-1.155819945426,-1.806500234848));
#4773=CARTESIAN_POINT('',(1.85,-1.160606060606,-1.807885539264));
#4774=CARTESIAN_POINT('',(1.85,-1.160606060606,-2.492114460736));
#4775=CARTESIAN_POINT('',(1.85,-1.160606060606,-1.807885539264));
#4776=VECTOR('',#5752,0.684228921472);
#4777=CARTESIAN_POINT('',(1.85,-1.160606060606,-2.492114460736));
#4778=CARTESIAN_POINT('',(1.85,-1.155813865962,-2.493501524806));
#4779=CARTESIAN_POINT('',(1.850689400189,-1.146145111995,-2.49590975115));
#4780=CARTESIAN_POINT('',(1.853891205308,-1.131659846167,-2.498391498043));
#4781=CARTESIAN_POINT('',(1.859293132488,-1.117634785262,-2.499753273303));
#4782=CARTESIAN_POINT('',(1.864163263438,-1.109069403329,-2.5));
#4783=CARTESIAN_POINT('',(1.866885825373,-1.105,-2.5));
#4784=CARTESIAN_POINT('',(1.65,-1.305,-2.3));
#4785=CARTESIAN_POINT('',(1.85,-1.305,-2.3));
#4786=CARTESIAN_POINT('',(1.65,-1.305,-2.3));
#4787=VECTOR('',#5753,0.2);
#4788=AXIS2_PLACEMENT_3D('',#5754,#5755,#5756);
#4789=AXIS2_PLACEMENT_3D('',#5757,#5758,#5759);
#4790=CARTESIAN_POINT('',(1.85,-1.305,-2.0));
#4791=CARTESIAN_POINT('',(1.85,-1.305,-2.0));
#4792=VECTOR('',#5760,0.3);
#4793=AXIS2_PLACEMENT_3D('',#5761,#5762,#5763);
#4794=CARTESIAN_POINT('',(1.65,-1.305,-2.0));
#4795=AXIS2_PLACEMENT_3D('',#5764,#5765,#5766);
#4796=CARTESIAN_POINT('',(1.65,-1.305,-2.0));
#4797=VECTOR('',#5767,0.2);
#4798=CARTESIAN_POINT('',(1.65,-1.305,-2.0));
#4799=VECTOR('',#5768,0.3);
#4800=CARTESIAN_POINT('',(1.65,-1.1,-1.8));
#4801=VECTOR('',#5769,0.7);
#4802=CARTESIAN_POINT('',(1.757454667562,-0.9226997985225,-1.8));
#4803=VECTOR('',#5770,0.7);
#4804=CARTESIAN_POINT('',(1.996272666219,-0.7980440401327,-1.8));
#4805=VECTOR('',#5771,0.7);
#4806=CARTESIAN_POINT('',(2.25,-0.7505,-1.55));
#4807=VECTOR('',#5772,0.2);
#4808=CARTESIAN_POINT('',(2.25,-2.1505,-1.55));
#4809=VECTOR('',#5773,0.2);
#4810=CARTESIAN_POINT('',(2.25,-2.1505,-0.85));
#4811=VECTOR('',#5774,0.2);
#4812=CARTESIAN_POINT('',(2.05,-0.8805,-0.85));
#4813=VECTOR('',#5775,0.2);
#4814=CARTESIAN_POINT('',(2.045931510829,-1.010203055243,0.0));
#4815=VECTOR('',#5776,0.2);
#4816=CARTESIAN_POINT('',(2.25,-1.2005,0.0));
#4817=VECTOR('',#5777,0.2);
#4818=CARTESIAN_POINT('',(2.25,-1.7005,0.0));
#4819=VECTOR('',#5778,0.2);
#4820=CARTESIAN_POINT('',(1.45,-1.7005,0.0));
#4821=VECTOR('',#5779,0.2);
#4822=CARTESIAN_POINT('',(1.45,-1.292420690561,0.0));
#4823=VECTOR('',#5780,0.2);
#4824=CARTESIAN_POINT('',(0.7,-1.5995,0.0));
#4825=VECTOR('',#5781,0.2);
#4826=CARTESIAN_POINT('',(-0.7,-1.5995,0.0));
#4827=VECTOR('',#5782,0.2);
#4828=CARTESIAN_POINT('',(-0.85,-1.5995,-2.55));
#4829=CARTESIAN_POINT('',(-0.85,-1.5995,-1.8));
#4830=VECTOR('',#5783,0.75);
#4831=CARTESIAN_POINT('',(-0.6,-1.5995,-2.55));
#4832=CARTESIAN_POINT('',(-0.6,-1.5995,-2.55));
#4833=VECTOR('',#5784,0.75);
#4834=CARTESIAN_POINT('',(-0.25,-1.5995,-2.55));
#4835=CARTESIAN_POINT('',(-0.25,-1.5995,-2.55));
#4836=VECTOR('',#5785,0.35);
#4837=CARTESIAN_POINT('',(0.25,-1.5995,-2.55));
#4838=CARTESIAN_POINT('',(0.25,-1.5995,-2.55));
#4839=VECTOR('',#5786,0.5);
#4840=CARTESIAN_POINT('',(0.6,-1.5995,-2.55));
#4841=CARTESIAN_POINT('',(0.6,-1.5995,-2.55));
#4842=VECTOR('',#5787,0.35);
#4843=CARTESIAN_POINT('',(0.6,-1.5995,-2.55));
#4844=VECTOR('',#5788,0.75);
#4845=CARTESIAN_POINT('',(0.85,-1.5995,-2.55));
#4846=CARTESIAN_POINT('',(0.85,-1.5995,-1.8));
#4847=VECTOR('',#5789,0.75);
#4848=CARTESIAN_POINT('',(1.5,-1.5995,-2.55));
#4849=CARTESIAN_POINT('',(1.5,-1.5995,-2.55));
#4850=VECTOR('',#5790,0.65);
#4851=CARTESIAN_POINT('',(1.5,-1.5995,-1.8));
#4852=VECTOR('',#5791,0.75);
#4853=CARTESIAN_POINT('',(2.0,-1.5995,-1.7));
#4854=CARTESIAN_POINT('',(1.9,-1.5995,-1.8));
#4855=VECTOR('',#5792,0.1414213562373);
#4856=CARTESIAN_POINT('',(2.0,-1.5995,-0.9));
#4857=CARTESIAN_POINT('',(2.0,-1.5995,-0.9));
#4858=VECTOR('',#5793,0.8);
#4859=CARTESIAN_POINT('',(-2.0,-1.5995,-0.9));
#4860=CARTESIAN_POINT('',(-2.0,-1.5995,-0.9));
#4861=VECTOR('',#5794,4.0);
#4862=CARTESIAN_POINT('',(-2.0,-1.5995,-1.7));
#4863=CARTESIAN_POINT('',(-2.0,-1.5995,-1.7));
#4864=VECTOR('',#5795,0.8);
#4865=CARTESIAN_POINT('',(-2.0,-1.5995,-1.7));
#4866=VECTOR('',#5796,0.1414213562373);
#4867=CARTESIAN_POINT('',(-1.5,-1.5995,-2.55));
#4868=CARTESIAN_POINT('',(-1.5,-1.5995,-1.8));
#4869=VECTOR('',#5797,0.75);
#4870=CARTESIAN_POINT('',(-0.85,-1.5995,-2.55));
#4871=VECTOR('',#5798,0.65);
#4872=CARTESIAN_POINT('',(-0.85,-1.4495,-2.7));
#4873=CARTESIAN_POINT('',(-1.5,-1.4495,-2.7));
#4874=CARTESIAN_POINT('',(-0.85,-1.4495,-2.7));
#4875=VECTOR('',#5799,0.65);
#4876=AXIS2_PLACEMENT_3D('',#5800,#5801,#5802);
#4877=AXIS2_PLACEMENT_3D('',#5803,#5804,#5805);
#4878=CARTESIAN_POINT('',(-1.5,-1.4495,-2.55));
#4879=CARTESIAN_POINT('',(-1.5,-1.4495,-2.55));
#4880=VECTOR('',#5806,0.75);
#4881=CARTESIAN_POINT('',(-1.5,-1.3895,-2.55));
#4882=CARTESIAN_POINT('',(-1.5,-1.3895,-2.55));
#4883=VECTOR('',#5807,0.06);
#4884=CARTESIAN_POINT('',(-1.5,-0.9995,-2.55));
#4885=CARTESIAN_POINT('',(-1.5,-1.3895,-2.55));
#4886=VECTOR('',#5808,0.39);
#4887=CARTESIAN_POINT('',(-1.5,-0.9995,-2.7));
#4888=CARTESIAN_POINT('',(-1.5,-0.9995,-2.7));
#4889=VECTOR('',#5809,0.15);
#4890=CARTESIAN_POINT('',(-1.5,-1.4495,-2.7));
#4891=VECTOR('',#5810,0.45);
#4892=CARTESIAN_POINT('',(-0.85,-0.9995,-2.7));
#4893=CARTESIAN_POINT('',(-1.5,-0.9995,-2.7));
#4894=VECTOR('',#5811,0.65);
#4895=CARTESIAN_POINT('',(-0.85,-1.4495,-2.7));
#4896=VECTOR('',#5812,0.45);
#4897=CARTESIAN_POINT('',(-0.85,-0.9995,-2.55));
#4898=CARTESIAN_POINT('',(-0.85,-0.9995,-2.7));
#4899=VECTOR('',#5813,0.15);
#4900=CARTESIAN_POINT('',(-0.85,-1.3895,-2.55));
#4901=CARTESIAN_POINT('',(-0.85,-1.3895,-2.55));
#4902=VECTOR('',#5814,0.39);
#4903=CARTESIAN_POINT('',(-0.85,-1.4495,-2.55));
#4904=CARTESIAN_POINT('',(-0.85,-1.3895,-2.55));
#4905=VECTOR('',#5815,0.06);
#4906=CARTESIAN_POINT('',(-0.85,-1.4495,-2.55));
#4907=VECTOR('',#5816,0.75);
#4908=CARTESIAN_POINT('',(-1.5,-1.4495,-2.55));
#4909=VECTOR('',#5817,0.65);
#4910=CARTESIAN_POINT('',(-0.85,-1.3895,-2.55));
#4911=VECTOR('',#5818,0.65);
#4912=CARTESIAN_POINT('',(-0.6,-1.3895,-2.55));
#4913=CARTESIAN_POINT('',(-0.6,-1.3895,-2.55));
#4914=VECTOR('',#5819,0.25);
#4915=CARTESIAN_POINT('',(-0.6,-1.3895,-2.55));
#4916=VECTOR('',#5820,0.751065909225);
#4917=CARTESIAN_POINT('',(-1.6,-1.3895,-2.55));
#4918=CARTESIAN_POINT('',(-1.6,-1.3895,-2.55));
#4919=VECTOR('',#5821,0.751065909225);
#4920=CARTESIAN_POINT('',(-1.5,-1.3895,-2.55));
#4921=VECTOR('',#5822,0.1);
#4922=CARTESIAN_POINT('',(-0.6,-1.5995,-2.55));
#4923=VECTOR('',#5823,0.21);
#4924=CARTESIAN_POINT('',(-0.85,-0.9995,-2.55));
#4925=VECTOR('',#5824,0.65);
#4926=CARTESIAN_POINT('',(-1.6,-0.9995,-2.55));
#4927=CARTESIAN_POINT('',(-1.6,-1.3895,-2.55));
#4928=VECTOR('',#5825,0.39);
#4929=CARTESIAN_POINT('',(-2.0,-0.5995,-2.55));
#4930=CARTESIAN_POINT('',(-2.0,-0.5995,-2.55));
#4931=VECTOR('',#5826,0.5656854249492);
#4932=CARTESIAN_POINT('',(-2.0,0.5995,-2.55));
#4933=CARTESIAN_POINT('',(-2.0,0.5995,-2.55));
#4934=VECTOR('',#5827,1.199);
#4935=CARTESIAN_POINT('',(-1.6,0.9995,-2.55));
#4936=CARTESIAN_POINT('',(-1.6,0.9995,-2.55));
#4937=VECTOR('',#5828,0.5656854249492);
#4938=CARTESIAN_POINT('',(-1.6,1.5995,-2.55));
#4939=VECTOR('',#5829,0.6);
#4940=CARTESIAN_POINT('',(1.6,0.9995,-2.55));
#4941=CARTESIAN_POINT('',(1.6,1.5995,-2.55));
#4942=VECTOR('',#5830,0.6);
#4943=CARTESIAN_POINT('',(2.0,0.5995,-2.55));
#4944=CARTESIAN_POINT('',(2.0,0.5995,-2.55));
#4945=VECTOR('',#5831,0.5656854249492);
#4946=CARTESIAN_POINT('',(2.0,-0.5995,-2.55));
#4947=CARTESIAN_POINT('',(2.0,0.5995,-2.55));
#4948=VECTOR('',#5832,1.199);
#4949=CARTESIAN_POINT('',(1.6,-0.9995,-2.55));
#4950=CARTESIAN_POINT('',(1.6,-0.9995,-2.55));
#4951=VECTOR('',#5833,0.5656854249492);
#4952=CARTESIAN_POINT('',(1.6,-1.3895,-2.55));
#4953=CARTESIAN_POINT('',(1.6,-1.3895,-2.55));
#4954=VECTOR('',#5834,0.39);
#4955=CARTESIAN_POINT('',(1.5,-1.3895,-2.55));
#4956=CARTESIAN_POINT('',(1.5,-1.3895,-2.55));
#4957=VECTOR('',#5835,0.1);
#4958=CARTESIAN_POINT('',(1.5,-0.9995,-2.55));
#4959=CARTESIAN_POINT('',(1.5,-1.3895,-2.55));
#4960=VECTOR('',#5836,0.39);
#4961=CARTESIAN_POINT('',(0.85,-0.9995,-2.55));
#4962=CARTESIAN_POINT('',(0.85,-0.9995,-2.55));
#4963=VECTOR('',#5837,0.65);
#4964=CARTESIAN_POINT('',(0.85,-1.3895,-2.55));
#4965=CARTESIAN_POINT('',(0.85,-1.3895,-2.55));
#4966=VECTOR('',#5838,0.39);
#4967=CARTESIAN_POINT('',(0.6,-1.3895,-2.55));
#4968=CARTESIAN_POINT('',(0.6,-1.3895,-2.55));
#4969=VECTOR('',#5839,0.25);
#4970=CARTESIAN_POINT('',(0.6,-1.5995,-2.55));
#4971=VECTOR('',#5840,0.21);
#4972=CARTESIAN_POINT('',(0.25,-0.9995,-2.55));
#4973=CARTESIAN_POINT('',(0.25,-1.5995,-2.55));
#4974=VECTOR('',#5841,0.6);
#4975=CARTESIAN_POINT('',(-0.25,-0.9995,-2.55));
#4976=CARTESIAN_POINT('',(-0.25,-0.9995,-2.55));
#4977=VECTOR('',#5842,0.5);
#4978=CARTESIAN_POINT('',(-0.25,-1.5995,-2.55));
#4979=VECTOR('',#5843,0.6);
#4980=CARTESIAN_POINT('',(-0.25,-0.9995,-2.7));
#4981=CARTESIAN_POINT('',(-0.25,-0.9995,-2.7));
#4982=VECTOR('',#5844,0.15);
#4983=CARTESIAN_POINT('',(-0.25,-1.4495,-2.7));
#4984=CARTESIAN_POINT('',(-0.25,-1.4495,-2.7));
#4985=VECTOR('',#5845,0.45);
#4986=AXIS2_PLACEMENT_3D('',#5846,#5847,#5848);
#4987=CARTESIAN_POINT('',(0.25,-1.4495,-2.7));
#4988=CARTESIAN_POINT('',(0.25,-1.4495,-2.7));
#4989=VECTOR('',#5849,0.5);
#4990=AXIS2_PLACEMENT_3D('',#5850,#5851,#5852);
#4991=CARTESIAN_POINT('',(0.25,-0.9995,-2.7));
#4992=CARTESIAN_POINT('',(0.25,-1.4495,-2.7));
#4993=VECTOR('',#5853,0.45);
#4994=CARTESIAN_POINT('',(0.25,-0.9995,-2.7));
#4995=VECTOR('',#5854,0.15);
#4996=CARTESIAN_POINT('',(-0.25,-0.9995,-2.7));
#4997=VECTOR('',#5855,0.5);
#4998=CARTESIAN_POINT('',(0.6,-1.3895,-2.55));
#4999=VECTOR('',#5856,0.751065909225);
#5000=CARTESIAN_POINT('',(1.6,-1.4295,-1.8));
#5001=VECTOR('',#5857,0.751065909225);
#5002=CARTESIAN_POINT('',(0.85,-1.3895,-2.55));
#5003=VECTOR('',#5858,0.65);
#5004=CARTESIAN_POINT('',(0.85,-1.4495,-2.55));
#5005=CARTESIAN_POINT('',(0.85,-1.3895,-2.55));
#5006=VECTOR('',#5859,0.06);
#5007=CARTESIAN_POINT('',(1.5,-1.4495,-2.55));
#5008=CARTESIAN_POINT('',(1.5,-1.4495,-2.55));
#5009=VECTOR('',#5860,0.65);
#5010=CARTESIAN_POINT('',(1.5,-1.3895,-2.55));
#5011=VECTOR('',#5861,0.06);
#5012=CARTESIAN_POINT('',(1.5,-1.4495,-2.7));
#5013=CARTESIAN_POINT('',(1.5,-0.9995,-2.7));
#5014=CARTESIAN_POINT('',(1.5,-1.4495,-2.7));
#5015=VECTOR('',#5862,0.45);
#5016=CARTESIAN_POINT('',(1.5,-0.9995,-2.7));
#5017=VECTOR('',#5863,0.15);
#5018=CARTESIAN_POINT('',(1.5,-1.4495,-2.55));
#5019=VECTOR('',#5864,0.75);
#5020=AXIS2_PLACEMENT_3D('',#5865,#5866,#5867);
#5021=CARTESIAN_POINT('',(0.85,-1.4495,-2.7));
#5022=CARTESIAN_POINT('',(1.5,-1.4495,-2.7));
#5023=VECTOR('',#5868,0.65);
#5024=AXIS2_PLACEMENT_3D('',#5869,#5870,#5871);
#5025=CARTESIAN_POINT('',(0.85,-1.4495,-2.55));
#5026=VECTOR('',#5872,0.75);
#5027=CARTESIAN_POINT('',(0.85,-0.9995,-2.7));
#5028=CARTESIAN_POINT('',(0.85,-0.9995,-2.7));
#5029=VECTOR('',#5873,0.15);
#5030=CARTESIAN_POINT('',(0.85,-1.4495,-2.7));
#5031=VECTOR('',#5874,0.45);
#5032=CARTESIAN_POINT('',(1.5,-0.9995,-2.7));
#5033=VECTOR('',#5875,0.65);
#5034=CARTESIAN_POINT('',(1.6,-0.9995,-2.55));
#5035=VECTOR('',#5876,0.75);
#5036=CARTESIAN_POINT('',(2.0,-0.5995,-1.7));
#5037=CARTESIAN_POINT('',(2.0,-0.5995,-1.7));
#5038=VECTOR('',#5877,0.85);
#5039=CARTESIAN_POINT('',(2.0,-0.5995,-1.7));
#5040=VECTOR('',#5878,0.1732050807569);
#5041=CARTESIAN_POINT('',(2.0,-1.5995,-1.7));
#5042=VECTOR('',#5879,1.0);
#5043=CARTESIAN_POINT('',(2.0,-0.8005,-0.3));
#5044=CARTESIAN_POINT('',(2.0,1.5995,-0.3));
#5045=VECTOR('',#5880,2.4);
#5046=CARTESIAN_POINT('',(2.0,-0.8005,-0.9));
#5047=CARTESIAN_POINT('',(2.0,-0.8005,-0.3));
#5048=VECTOR('',#5881,0.6);
#5049=CARTESIAN_POINT('',(2.0,-1.5995,-0.9));
#5050=VECTOR('',#5882,0.799);
#5051=CARTESIAN_POINT('',(2.0,0.5995,-2.55));
#5052=VECTOR('',#5883,0.85);
#5053=CARTESIAN_POINT('',(1.6,0.9995,-2.55));
#5054=VECTOR('',#5884,0.75);
#5055=CARTESIAN_POINT('',(1.25,-0.8005,-0.9));
#5056=CARTESIAN_POINT('',(1.25,-0.8005,-0.9));
#5057=VECTOR('',#5885,0.75);
#5058=CARTESIAN_POINT('',(0.6,-1.5005,-0.9));
#5059=CARTESIAN_POINT('',(0.6,-1.5005,-0.9));
#5060=VECTOR('',#5886,0.9552486587271);
#5061=CARTESIAN_POINT('',(-0.6,-1.5005,-0.9));
#5062=CARTESIAN_POINT('',(-0.6,-1.5005,-0.9));
#5063=VECTOR('',#5887,1.2);
#5064=CARTESIAN_POINT('',(-1.25,-0.8005,-0.9));
#5065=CARTESIAN_POINT('',(-1.25,-0.8005,-0.9));
#5066=VECTOR('',#5888,0.9552486587271);
#5067=CARTESIAN_POINT('',(-2.0,-0.8005,-0.9));
#5068=CARTESIAN_POINT('',(-2.0,-0.8005,-0.9));
#5069=VECTOR('',#5889,0.75);
#5070=CARTESIAN_POINT('',(-2.0,-1.5995,-0.9));
#5071=VECTOR('',#5890,0.799);
#5072=CARTESIAN_POINT('',(-2.0,0.5995,-1.7));
#5073=CARTESIAN_POINT('',(-2.0,0.5995,-1.7));
#5074=VECTOR('',#5891,0.85);
#5075=CARTESIAN_POINT('',(-2.0,-0.5995,-1.7));
#5076=CARTESIAN_POINT('',(-2.0,-0.5995,-2.55));
#5077=VECTOR('',#5892,0.85);
#5078=CARTESIAN_POINT('',(-2.0,-0.5995,-1.7));
#5079=VECTOR('',#5893,1.0);
#5080=CARTESIAN_POINT('',(-2.0,-0.8005,-0.3));
#5081=CARTESIAN_POINT('',(-2.0,-0.8005,-0.3));
#5082=VECTOR('',#5894,0.6);
#5083=CARTESIAN_POINT('',(-2.0,1.5995,-0.3));
#5084=VECTOR('',#5895,2.4);
#5085=CARTESIAN_POINT('',(-2.0,1.5995,-1.7));
#5086=VECTOR('',#5896,1.0);
#5087=CARTESIAN_POINT('',(-2.0,0.5995,-1.7));
#5088=VECTOR('',#5897,0.1732050807569);
#5089=CARTESIAN_POINT('',(-1.6,0.9995,-2.55));
#5090=VECTOR('',#5898,0.75);
#5091=CARTESIAN_POINT('',(-2.0,-0.8005,-0.3));
#5092=VECTOR('',#5899,0.1414213562373);
#5093=CARTESIAN_POINT('',(-1.25,-0.8005,-0.2));
#5094=VECTOR('',#5900,0.7);
#5095=CARTESIAN_POINT('',(-0.6,-1.5005,-0.2));
#5096=VECTOR('',#5901,0.7);
#5097=CARTESIAN_POINT('',(0.6,-1.5005,-0.2));
#5098=VECTOR('',#5902,0.7);
#5099=CARTESIAN_POINT('',(1.25,-0.8005,-0.2));
#5100=VECTOR('',#5903,0.7);
#5101=CARTESIAN_POINT('',(1.9,-0.8005,-0.2));
#5102=VECTOR('',#5904,0.1414213562373);
#5103=CARTESIAN_POINT('',(-1.9,-0.6995,-1.8));
#5104=VECTOR('',#5905,0.1732050807569);
#5105=CARTESIAN_POINT('',(-1.6,-0.9995,-2.55));
#5106=VECTOR('',#5906,0.75);
#5107=CARTESIAN_POINT('',(-1.65,-1.305,-2.3));
#5108=AXIS2_PLACEMENT_3D('',#5907,#5908,#5909);
#5109=CARTESIAN_POINT('',(-1.85,-1.305,-2.3));
#5110=CARTESIAN_POINT('',(-1.85,-1.305,-2.3));
#5111=VECTOR('',#5910,0.2);
#5112=AXIS2_PLACEMENT_3D('',#5911,#5912,#5913);
#5113=CARTESIAN_POINT('',(-1.85,-1.305,-2.0));
#5114=CARTESIAN_POINT('',(-1.85,-1.305,-2.0));
#5115=VECTOR('',#5914,0.3);
#5116=AXIS2_PLACEMENT_3D('',#5915,#5916,#5917);
#5117=CARTESIAN_POINT('',(-1.65,-1.305,-2.0));
#5118=CARTESIAN_POINT('',(-1.85,-1.305,-2.0));
#5119=VECTOR('',#5918,0.2);
#5120=AXIS2_PLACEMENT_3D('',#5919,#5920,#5921);
#5121=CARTESIAN_POINT('',(-1.65,-1.305,-2.0));
#5122=VECTOR('',#5922,0.3);
#5123=CARTESIAN_POINT('',(-1.65,-1.1,-1.8));
#5124=VECTOR('',#5923,0.7);
#5125=CARTESIAN_POINT('',(-1.757454667562,-0.9226997985225,-1.8));
#5126=VECTOR('',#5924,0.7);
#5127=CARTESIAN_POINT('',(-1.996272666219,-0.7980440401327,-1.8));
#5128=VECTOR('',#5925,0.7);
#5129=CARTESIAN_POINT('',(-1.996272666219,0.7980440401327,-1.8));
#5130=VECTOR('',#5926,0.7);
#5131=CARTESIAN_POINT('',(-1.757454667562,0.9226997985225,-1.8));
#5132=VECTOR('',#5927,0.7);
#5133=CARTESIAN_POINT('',(-1.65,1.1,-1.8));
#5134=VECTOR('',#5928,0.7);
#5135=CARTESIAN_POINT('',(-1.65,1.305,-2.3));
#5136=AXIS2_PLACEMENT_3D('',#5929,#5930,#5931);
#5137=CARTESIAN_POINT('',(-1.65,1.305,-2.0));
#5138=VECTOR('',#5932,0.3);
#5139=CARTESIAN_POINT('',(-1.85,1.305,-2.3));
#5140=VECTOR('',#5933,0.2);
#5141=CARTESIAN_POINT('',(-2.142545332438,0.9473002014775,-1.8));
#5142=VECTOR('',#5934,0.7);
#5143=CARTESIAN_POINT('',(-2.0,0.8995,0.0));
#5144=VECTOR('',#5935,0.2);
#5145=DIRECTION('',(-0.0,0.0,1.0));
#5146=CARTESIAN_POINT('',(-1.401435428647,-1.1505,-0.2));
#5147=DIRECTION('',(0.0,-0.0,1.0));
#5148=DIRECTION('',(0.681998360062485,0.731353701619183,0.0));
#5149=DIRECTION('',(0.0,0.0,-1.0));
#5150=CARTESIAN_POINT('',(-1.401435428647,-1.1505,0.0));
#5151=DIRECTION('',(-0.0,0.0,-1.0));
#5152=DIRECTION('',(-0.323763809019688,-0.946137937073164,0.0));
#5153=DIRECTION('',(-0.0,-0.0,-1.0));
#5154=CARTESIAN_POINT('',(1.401435428647,-1.1505,0.0));
#5155=DIRECTION('',(0.0,0.0,-1.0));
#5156=DIRECTION('',(-0.681998360062485,0.731353701619183,0.0));
#5157=DIRECTION('',(0.0,0.0,-1.0));
#5158=CARTESIAN_POINT('',(1.401435428647,-1.1505,-0.2));
#5159=DIRECTION('',(0.0,0.0,1.0));
#5160=DIRECTION('',(0.323763809019688,-0.946137937073164,0.0));
#5161=DIRECTION('',(-0.0,0.0,1.0));
#5162=CARTESIAN_POINT('',(2.148231264839,-0.9005,-0.2));
#5163=DIRECTION('',(-0.0,0.0,-1.0));
#5164=DIRECTION('',(-0.681998360062485,-0.731353701619183,0.0));
#5165=DIRECTION('',(0.0,0.0,-1.0));
#5166=CARTESIAN_POINT('',(2.148231264839,-0.9005,0.0));
#5167=DIRECTION('',(-0.0,0.0,-1.0));
#5168=DIRECTION('',(-0.681998360062485,-0.731353701619183,0.0));
#5169=DIRECTION('',(-0.0,-0.0,-1.0));
#5170=CARTESIAN_POINT('',(-2.148231264839,-0.9005,0.0));
#5171=DIRECTION('',(0.0,0.0,-1.0));
#5172=DIRECTION('',(0.654875098923581,0.755737126790678,0.0));
#5173=DIRECTION('',(0.0,0.0,-1.0));
#5174=CARTESIAN_POINT('',(-2.148231264839,-0.9005,-0.2));
#5175=DIRECTION('',(0.0,0.0,-1.0));
#5176=DIRECTION('',(0.0,1.0,0.0));
#5177=CARTESIAN_POINT('',(-0.899947163501429,0.00975207186868478,0.75));
#5178=DIRECTION('',(-0.0108356354096497,-0.999941292779366,0.0));
#5179=DIRECTION('',(-0.999941292779366,0.0108356354096497,0.0));
#5180=CARTESIAN_POINT('',(0.0,0.0,0.85));
#5181=DIRECTION('',(0.0,0.0,1.0));
#5182=DIRECTION('',(1.0,0.0,0.0));
#5183=CARTESIAN_POINT('',(0.9,0.0,0.75));
#5184=DIRECTION('',(0.0,1.0,0.0));
#5185=DIRECTION('',(0.0,0.0,1.0));
#5186=CARTESIAN_POINT('',(0.0,0.0,0.75));
#5187=DIRECTION('',(0.0,0.0,1.0));
#5188=DIRECTION('',(1.0,0.0,0.0));
#5189=CARTESIAN_POINT('',(0.899947163501429,-0.00975207186868478,0.75));
#5190=DIRECTION('',(0.0108356354096497,0.999941292779366,0.0));
#5191=DIRECTION('',(0.999941292779366,-0.0108356354096497,0.0));
#5192=CARTESIAN_POINT('',(0.0,0.0,0.85));
#5193=DIRECTION('',(0.0,0.0,1.0));
#5194=DIRECTION('',(-1.0,0.0,0.0));
#5195=CARTESIAN_POINT('',(-0.9,0.0,0.75));
#5196=DIRECTION('',(0.0,-1.0,0.0));
#5197=DIRECTION('',(0.0,0.0,1.0));
#5198=CARTESIAN_POINT('',(0.0,0.0,0.75));
#5199=DIRECTION('',(0.0,0.0,1.0));
#5200=DIRECTION('',(-1.0,0.0,0.0));
#5201=CARTESIAN_POINT('',(1.30018783553502,1.10866596398682,0.05));
#5202=DIRECTION('',(-0.0433298199341099,-0.999060822324886,0.0));
#5203=DIRECTION('',(-0.999060822324886,0.0433298199341099,0.0));
#5204=CARTESIAN_POINT('',(1.5,1.1,0.1));
#5205=DIRECTION('',(0.0,0.0,1.0));
#5206=DIRECTION('',(1.0,0.0,0.0));
#5207=CARTESIAN_POINT('',(1.7,1.1,0.05));
#5208=DIRECTION('',(0.0,1.0,0.0));
#5209=DIRECTION('',(-1.33226762955E-14,0.0,1.0));
#5210=CARTESIAN_POINT('',(1.5,1.1,0.05));
#5211=DIRECTION('',(0.0,0.0,1.0));
#5212=DIRECTION('',(1.0,0.0,0.0));
#5213=CARTESIAN_POINT('',(1.69981216446498,1.09133403601318,0.05));
#5214=DIRECTION('',(0.0433298199341099,0.999060822324886,0.0));
#5215=DIRECTION('',(0.999060822324886,-0.0433298199341099,0.0));
#5216=CARTESIAN_POINT('',(1.5,1.1,0.1));
#5217=DIRECTION('',(0.0,0.0,1.0));
#5218=DIRECTION('',(-1.0,0.0,0.0));
#5219=CARTESIAN_POINT('',(1.3,1.1,0.05));
#5220=DIRECTION('',(0.0,-1.0,0.0));
#5221=DIRECTION('',(1.33226762955E-14,0.0,1.0));
#5222=CARTESIAN_POINT('',(1.5,1.1,0.05));
#5223=DIRECTION('',(0.0,0.0,1.0));
#5224=DIRECTION('',(-1.0,0.0,0.0));
#5225=CARTESIAN_POINT('',(-1.30018783553502,1.09133403601318,0.05));
#5226=DIRECTION('',(0.0433298199341099,0.999060822324886,0.0));
#5227=DIRECTION('',(0.999060822324886,-0.0433298199341099,0.0));
#5228=CARTESIAN_POINT('',(-1.5,1.1,0.1));
#5229=DIRECTION('',(0.0,0.0,1.0));
#5230=DIRECTION('',(-1.0,0.0,0.0));
#5231=CARTESIAN_POINT('',(-1.7,1.1,0.05));
#5232=DIRECTION('',(0.0,-1.0,0.0));
#5233=DIRECTION('',(1.7763568394E-14,0.0,1.0));
#5234=CARTESIAN_POINT('',(-1.5,1.1,0.05));
#5235=DIRECTION('',(0.0,0.0,1.0));
#5236=DIRECTION('',(-1.0,0.0,0.0));
#5237=CARTESIAN_POINT('',(-1.69981216446498,1.10866596398682,0.05));
#5238=DIRECTION('',(-0.0433298199341099,-0.999060822324886,0.0));
#5239=DIRECTION('',(-0.999060822324886,0.0433298199341099,0.0));
#5240=CARTESIAN_POINT('',(-1.5,1.1,0.1));
#5241=DIRECTION('',(0.0,0.0,1.0));
#5242=DIRECTION('',(1.0,0.0,0.0));
#5243=CARTESIAN_POINT('',(-1.3,1.1,0.05));
#5244=DIRECTION('',(0.0,1.0,0.0));
#5245=DIRECTION('',(-1.33226762955E-14,0.0,1.0));
#5246=CARTESIAN_POINT('',(-1.5,1.1,0.05));
#5247=DIRECTION('',(0.0,0.0,1.0));
#5248=DIRECTION('',(1.0,0.0,0.0));
#5249=CARTESIAN_POINT('',(2.15,0.8995,0.0));
#5250=DIRECTION('',(-0.0,0.0,-1.0));
#5251=DIRECTION('',(-0.6666666666667,-0.7453559924999,0.0));
#5252=DIRECTION('',(0.0,1.0,0.0));
#5253=DIRECTION('',(1.0,0.0,0.0));
#5254=DIRECTION('',(0.0,1.0,0.0));
#5255=CARTESIAN_POINT('',(-2.15,0.8995,0.0));
#5256=DIRECTION('',(0.0,0.0,-1.0));
#5257=DIRECTION('',(1.0,0.0,0.0));
#5258=DIRECTION('',(0.0,-1.0,0.0));
#5259=CARTESIAN_POINT('',(-2.148231264839,-0.9005,0.0));
#5260=DIRECTION('',(0.0,0.0,-1.0));
#5261=DIRECTION('',(0.654875098923581,0.755737126790678,0.0));
#5262=DIRECTION('',(-0.731353701619183,-0.681998360062485,0.0));
#5263=DIRECTION('',(0.0,-1.0,0.0));
#5264=DIRECTION('',(-1.0,0.0,0.0));
#5265=DIRECTION('',(0.0,-1.0,0.0));
#5266=CARTESIAN_POINT('',(-1.401435428647,-1.1505,0.0));
#5267=DIRECTION('',(-0.0,0.0,-1.0));
#5268=DIRECTION('',(-0.323763809019688,-0.946137937073164,0.0));
#5269=DIRECTION('',(0.731353701619183,-0.681998360062485,0.0));
#5270=DIRECTION('',(1.0,0.0,0.0));
#5271=DIRECTION('',(0.731353701619183,0.681998360062485,0.0));
#5272=CARTESIAN_POINT('',(1.401435428647,-1.1505,0.0));
#5273=DIRECTION('',(0.0,0.0,-1.0));
#5274=DIRECTION('',(-0.681998360062485,0.731353701619183,0.0));
#5275=DIRECTION('',(0.0,-1.0,0.0));
#5276=DIRECTION('',(1.0,0.0,0.0));
#5277=DIRECTION('',(0.0,1.0,0.0));
#5278=DIRECTION('',(-0.731353701619183,0.681998360062485,0.0));
#5279=CARTESIAN_POINT('',(2.148231264839,-0.9005,0.0));
#5280=DIRECTION('',(-0.0,0.0,-1.0));
#5281=DIRECTION('',(-0.681998360062485,-0.731353701619183,0.0));
#5282=DIRECTION('',(0.0,1.0,0.0));
#5283=CARTESIAN_POINT('',(-1.5,1.1,0.0));
#5284=DIRECTION('',(0.0,0.0,1.0));
#5285=DIRECTION('',(-1.0,0.0,0.0));
#5286=CARTESIAN_POINT('',(-1.5,1.1,0.0));
#5287=DIRECTION('',(0.0,0.0,1.0));
#5288=DIRECTION('',(1.0,0.0,0.0));
#5289=CARTESIAN_POINT('',(1.5,1.1,0.0));
#5290=DIRECTION('',(0.0,0.0,1.0));
#5291=DIRECTION('',(-1.0,0.0,0.0));
#5292=CARTESIAN_POINT('',(1.5,1.1,0.0));
#5293=DIRECTION('',(0.0,0.0,1.0));
#5294=DIRECTION('',(1.0,0.0,0.0));
#5295=CARTESIAN_POINT('',(0.0,0.0,0.0));
#5296=DIRECTION('',(0.0,0.0,1.0));
#5297=DIRECTION('',(-1.0,0.0,0.0));
#5298=CARTESIAN_POINT('',(0.0,0.0,0.0));
#5299=DIRECTION('',(0.0,0.0,1.0));
#5300=DIRECTION('',(1.0,0.0,0.0));
#5301=DIRECTION('',(0.0,-2.573781188175E-09,1.0));
#5302=DIRECTION('',(0.0,2.573781188175E-09,1.0));
#5303=CARTESIAN_POINT('',(-1.5,1.1,0.05));
#5304=DIRECTION('',(0.0,0.0,1.0));
#5305=DIRECTION('',(1.0,0.0,0.0));
#5306=CARTESIAN_POINT('',(-1.5,1.1,0.1));
#5307=DIRECTION('',(0.0,0.0,1.0));
#5308=DIRECTION('',(1.0,0.0,0.0));
#5309=CARTESIAN_POINT('',(-1.5,1.1,0.1));
#5310=DIRECTION('',(0.0,0.0,1.0));
#5311=DIRECTION('',(-1.0,0.0,0.0));
#5312=CARTESIAN_POINT('',(1.5,1.1,0.1));
#5313=DIRECTION('',(0.0,0.0,1.0));
#5314=DIRECTION('',(1.0,0.0,0.0));
#5315=CARTESIAN_POINT('',(1.5,1.1,0.1));
#5316=DIRECTION('',(0.0,0.0,1.0));
#5317=DIRECTION('',(-1.0,0.0,0.0));
#5318=CARTESIAN_POINT('',(-1.5,1.1,0.05));
#5319=DIRECTION('',(0.0,0.0,1.0));
#5320=DIRECTION('',(-1.0,0.0,0.0));
#5321=CARTESIAN_POINT('',(1.5,1.1,0.05));
#5322=DIRECTION('',(0.0,0.0,1.0));
#5323=DIRECTION('',(-1.0,0.0,0.0));
#5324=CARTESIAN_POINT('',(1.5,1.1,0.05));
#5325=DIRECTION('',(0.0,0.0,1.0));
#5326=DIRECTION('',(1.0,0.0,0.0));
#5327=DIRECTION('',(0.0,-2.573772306391E-09,1.0));
#5328=DIRECTION('',(0.0,2.573781188175E-09,1.0));
#5329=DIRECTION('',(0.0,0.0,-1.0));
#5330=CARTESIAN_POINT('',(0.0,0.0,-0.2));
#5331=DIRECTION('',(0.0,0.0,1.0));
#5332=DIRECTION('',(1.0,0.0,0.0));
#5333=DIRECTION('',(0.0,0.0,-1.0));
#5334=CARTESIAN_POINT('',(0.0,0.0,-0.2));
#5335=DIRECTION('',(0.0,0.0,1.0));
#5336=DIRECTION('',(-1.0,0.0,0.0));
#5337=CARTESIAN_POINT('',(0.0,0.0,-0.2));
#5338=DIRECTION('',(0.0,0.0,-1.0));
#5339=DIRECTION('',(-1.0,0.0,0.0));
#5340=CARTESIAN_POINT('',(0.0,0.0,-0.2));
#5341=DIRECTION('',(0.0,0.0,-1.0));
#5342=DIRECTION('',(1.0,0.0,0.0));
#5343=DIRECTION('',(0.0,-7.510066300048E-13,-1.0));
#5344=DIRECTION('',(0.0,-7.511993018717E-13,1.0));
#5345=CARTESIAN_POINT('',(0.0,0.0,0.75));
#5346=DIRECTION('',(0.0,0.0,1.0));
#5347=DIRECTION('',(-1.0,0.0,0.0));
#5348=CARTESIAN_POINT('',(0.0,0.0,0.85));
#5349=DIRECTION('',(0.0,0.0,1.0));
#5350=DIRECTION('',(-1.0,0.0,0.0));
#5351=CARTESIAN_POINT('',(0.0,0.0,0.85));
#5352=DIRECTION('',(0.0,0.0,1.0));
#5353=DIRECTION('',(1.0,0.0,0.0));
#5354=CARTESIAN_POINT('',(0.0,0.0,0.75));
#5355=DIRECTION('',(0.0,0.0,1.0));
#5356=DIRECTION('',(1.0,0.0,0.0));
#5357=CARTESIAN_POINT('',(2.05,-0.7505,-0.2));
#5358=DIRECTION('',(0.0,-1.0,0.0));
#5359=DIRECTION('',(1.0,0.0,0.0));
#5360=DIRECTION('',(0.0,1.0,0.0));
#5361=CARTESIAN_POINT('',(2.05,0.7495,-0.2));
#5362=DIRECTION('',(-0.0,1.0,0.0));
#5363=DIRECTION('',(0.500000000000017,0.0,0.866025403784429));
#5364=DIRECTION('',(0.0,0.0,-1.0));
#5365=CARTESIAN_POINT('',(2.15,0.8995,-0.2));
#5366=DIRECTION('',(0.0,0.0,-1.0));
#5367=DIRECTION('',(0.0,-1.0,0.0));
#5368=DIRECTION('',(0.0,0.0,-1.0));
#5369=DIRECTION('',(0.0,1.0,0.0));
#5370=DIRECTION('',(0.0,0.0,-1.0));
#5371=DIRECTION('',(-1.0,0.0,0.0));
#5372=DIRECTION('',(0.0,0.0,1.0));
#5373=DIRECTION('',(-1.0,0.0,0.0));
#5374=DIRECTION('',(0.0,0.0,1.0));
#5375=DIRECTION('',(-1.0,0.0,0.0));
#5376=DIRECTION('',(-0.707106781186548,0.0,0.707106781186548));
#5377=DIRECTION('',(0.0,0.0,1.0));
#5378=DIRECTION('',(0.707106781186498,0.0,0.707106781186597));
#5379=DIRECTION('',(1.0,0.0,0.0));
#5380=DIRECTION('',(0.0,0.0,1.0));
#5381=DIRECTION('',(1.0,0.0,0.0));
#5382=DIRECTION('',(0.707106781186548,0.0,-0.707106781186548));
#5383=DIRECTION('',(0.0,0.0,-1.0));
#5384=DIRECTION('',(-0.707106781186548,0.0,-0.707106781186548));
#5385=DIRECTION('',(0.0,1.0,0.0));
#5386=DIRECTION('',(0.0,1.0,0.0));
#5387=DIRECTION('',(0.577350269189626,-0.577350269189626,0.577350269189626));
#5388=DIRECTION('',(0.0,1.0,0.0));
#5389=DIRECTION('',(0.0,1.0,0.0));
#5390=DIRECTION('',(0.0,-1.0,0.0));
#5391=CARTESIAN_POINT('',(-1.95,0.7093939393939,-1.8));
#5392=DIRECTION('',(0.0,0.0,1.0));
#5393=DIRECTION('',(-0.46272666218948,0.886501007387461,0.0));
#5394=DIRECTION('',(-0.886501007387502,-0.462726662189401,0.0));
#5395=DIRECTION('',(0.0,1.0,0.0));
#5396=CARTESIAN_POINT('',(-1.95,1.160606060606,-1.8));
#5397=DIRECTION('',(0.0,0.0,1.0));
#5398=DIRECTION('',(0.462726662188608,-0.886501007387916,0.0));
#5399=DIRECTION('',(0.886501007387502,0.462726662189401,0.0));
#5400=CARTESIAN_POINT('',(-2.05,0.77,-1.8));
#5401=DIRECTION('',(0.0,0.0,-1.0));
#5402=DIRECTION('',(-1.0,1.293409823688E-13,0.0));
#5403=DIRECTION('',(0.0,1.0,0.0));
#5404=DIRECTION('',(-1.0,0.0,0.0));
#5405=DIRECTION('',(0.0,-1.0,0.0));
#5406=CARTESIAN_POINT('',(2.05,0.77,-1.8));
#5407=DIRECTION('',(0.0,0.0,-1.0));
#5408=DIRECTION('',(0.462726662189401,0.886501007387502,0.0));
#5409=DIRECTION('',(0.886501007387502,-0.462726662189401,0.0));
#5410=CARTESIAN_POINT('',(1.95,1.160606060606,-1.8));
#5411=DIRECTION('',(0.0,0.0,1.0));
#5412=DIRECTION('',(-0.500000000000017,-0.866025403784429,0.0));
#5413=DIRECTION('',(-0.886501007387502,0.462726662189401,0.0));
#5414=CARTESIAN_POINT('',(1.95,0.7093939393939,-1.8));
#5415=DIRECTION('',(0.0,0.0,1.0));
#5416=DIRECTION('',(1.0,0.0,0.0));
#5417=DIRECTION('',(1.107287036271E-14,-1.0,0.0));
#5418=DIRECTION('',(-1.0,0.0,0.0));
#5419=CARTESIAN_POINT('',(1.95,-0.7093939393939,-1.8));
#5420=DIRECTION('',(0.0,0.0,1.0));
#5421=DIRECTION('',(0.462726662189401,-0.886501007387502,0.0));
#5422=DIRECTION('',(0.886501007387502,0.462726662189401,0.0));
#5423=DIRECTION('',(0.0,-1.0,0.0));
#5424=CARTESIAN_POINT('',(1.95,-1.160606060606,-1.8));
#5425=DIRECTION('',(0.0,0.0,1.0));
#5426=DIRECTION('',(-0.462726662189401,0.886501007387502,0.0));
#5427=DIRECTION('',(-0.886501007387502,-0.462726662189401,0.0));
#5428=CARTESIAN_POINT('',(2.05,-0.77,-1.8));
#5429=DIRECTION('',(0.0,0.0,-1.0));
#5430=DIRECTION('',(1.0,0.0,0.0));
#5431=DIRECTION('',(0.0,-1.0,0.0));
#5432=DIRECTION('',(1.0,0.0,0.0));
#5433=DIRECTION('',(0.0,-1.0,0.0));
#5434=DIRECTION('',(0.886501007387502,-0.462726662189401,0.0));
#5435=CARTESIAN_POINT('',(-1.95,-0.7093939393939,-1.8));
#5436=DIRECTION('',(0.0,0.0,1.0));
#5437=DIRECTION('',(-1.0,0.0,0.0));
#5438=DIRECTION('',(1.080349718029E-14,-1.0,0.0));
#5439=DIRECTION('',(-1.0,0.0,0.0));
#5440=DIRECTION('',(0.0,1.0,0.0));
#5441=CARTESIAN_POINT('',(-2.05,-0.77,-1.8));
#5442=DIRECTION('',(-0.0,0.0,-1.0));
#5443=DIRECTION('',(-0.462726662189401,-0.886501007387502,0.0));
#5444=DIRECTION('',(-0.886501007387502,0.462726662189401,0.0));
#5445=CARTESIAN_POINT('',(-1.95,-1.160606060606,-1.8));
#5446=DIRECTION('',(0.0,-0.0,1.0));
#5447=DIRECTION('',(0.500000000000017,0.866025403784429,0.0));
#5448=DIRECTION('',(0.0,-1.0,0.0));
#5449=DIRECTION('',(0.0,0.0,-1.0));
#5450=DIRECTION('',(1.0,0.0,0.0));
#5451=DIRECTION('',(0.0,0.0,1.0));
#5452=DIRECTION('',(0.0,0.0,-1.0));
#5453=CARTESIAN_POINT('',(-2.05,0.7495,-0.2));
#5454=DIRECTION('',(0.0,1.0,0.0));
#5455=DIRECTION('',(-1.0,0.0,0.0));
#5456=DIRECTION('',(0.0,-1.0,0.0));
#5457=CARTESIAN_POINT('',(-2.05,-0.7505,-0.2));
#5458=DIRECTION('',(0.0,-1.0,0.0));
#5459=DIRECTION('',(-0.491156324192702,0.0,0.871071446671003));
#5460=CARTESIAN_POINT('',(-2.148231264839,-0.9005,-0.2));
#5461=DIRECTION('',(0.0,0.0,-1.0));
#5462=DIRECTION('',(0.0,1.0,0.0));
#5463=DIRECTION('',(0.0,0.0,-1.0));
#5464=DIRECTION('',(-0.731353701619183,-0.681998360062485,0.0));
#5465=DIRECTION('',(0.0,0.0,-1.0));
#5466=DIRECTION('',(0.0,-1.0,0.0));
#5467=DIRECTION('',(0.0,0.0,-1.0));
#5468=DIRECTION('',(-1.0,0.0,0.0));
#5469=DIRECTION('',(0.0,0.0,1.0));
#5470=DIRECTION('',(0.0,0.0,-1.0));
#5471=DIRECTION('',(0.0,1.0,0.0));
#5472=CARTESIAN_POINT('',(-2.15,0.8995,-0.2));
#5473=DIRECTION('',(0.0,0.0,-1.0));
#5474=DIRECTION('',(1.0,0.0,0.0));
#5475=DIRECTION('',(0.0,1.0,0.0));
#5476=DIRECTION('',(0.0,-1.0,0.0));
#5477=DIRECTION('',(1.0,0.0,0.0));
#5478=DIRECTION('',(0.680451099367289,-0.732793491626288,0.0));
#5479=DIRECTION('',(1.0,0.0,0.0));
#5480=DIRECTION('',(0.680451099367289,0.732793491626288,0.0));
#5481=DIRECTION('',(1.0,0.0,0.0));
#5482=DIRECTION('',(0.0,-1.0,0.0));
#5483=DIRECTION('',(-1.0,0.0,0.0));
#5484=DIRECTION('',(0.0,1.0,0.0));
#5485=DIRECTION('',(-1.0,0.0,0.0));
#5486=CARTESIAN_POINT('',(2.148231264839,-0.9005,-0.2));
#5487=DIRECTION('',(-0.0,0.0,-1.0));
#5488=DIRECTION('',(-0.681998360062485,-0.731353701619183,0.0));
#5489=DIRECTION('',(-0.731353701619183,0.681998360062485,0.0));
#5490=DIRECTION('',(0.0,1.0,0.0));
#5491=DIRECTION('',(1.0,0.0,0.0));
#5492=DIRECTION('',(0.0,-1.0,0.0));
#5493=CARTESIAN_POINT('',(1.401435428647,-1.1505,-0.2));
#5494=DIRECTION('',(0.0,0.0,1.0));
#5495=DIRECTION('',(0.323763809019688,-0.946137937073164,0.0));
#5496=DIRECTION('',(-0.731353701619183,-0.681998360062485,0.0));
#5497=DIRECTION('',(1.0,0.0,0.0));
#5498=DIRECTION('',(0.731353701619183,-0.681998360062485,0.0));
#5499=CARTESIAN_POINT('',(-1.401435428647,-1.1505,-0.2));
#5500=DIRECTION('',(0.0,-0.0,1.0));
#5501=DIRECTION('',(0.681998360062485,0.731353701619183,0.0));
#5502=DIRECTION('',(1.0,0.0,0.0));
#5503=DIRECTION('',(0.0,1.0,0.0));
#5504=CARTESIAN_POINT('',(-2.05,-2.1505,-1.2));
#5505=DIRECTION('',(1.0,0.0,-0.0));
#5506=DIRECTION('',(0.0,3.045183153258E-14,1.0));
#5507=DIRECTION('',(0.0,1.0,0.0));
#5508=DIRECTION('',(0.0,0.0,-1.0));
#5509=DIRECTION('',(0.0,0.0,-1.0));
#5510=DIRECTION('',(0.0,-1.0,0.0));
#5511=DIRECTION('',(0.0,0.0,-1.0));
#5512=DIRECTION('',(0.0,0.0,-1.0));
#5513=CARTESIAN_POINT('',(-2.05,-0.8805,-0.72));
#5514=DIRECTION('',(-1.0,0.0,0.0));
#5515=DIRECTION('',(0.0,1.0,0.0));
#5516=DIRECTION('',(0.0,-1.0,0.0));
#5517=DIRECTION('',(0.0,-1.0,0.0));
#5518=DIRECTION('',(1.0,0.0,0.0));
#5519=DIRECTION('',(1.0,0.0,0.0));
#5520=DIRECTION('',(1.0,0.0,0.0));
#5521=CARTESIAN_POINT('',(-2.25,-0.8805,-0.72));
#5522=DIRECTION('',(1.0,0.0,0.0));
#5523=DIRECTION('',(0.0,0.0,-1.0));
#5524=DIRECTION('',(0.0,0.0,-1.0));
#5525=DIRECTION('',(0.0,1.0,0.0));
#5526=DIRECTION('',(0.0,0.0,-1.0));
#5527=DIRECTION('',(0.0,0.0,-1.0));
#5528=DIRECTION('',(0.0,1.0,0.0));
#5529=CARTESIAN_POINT('',(-2.25,-2.1505,-1.2));
#5530=DIRECTION('',(1.0,0.0,-0.0));
#5531=DIRECTION('',(0.0,3.045183153258E-14,1.0));
#5532=DIRECTION('',(0.0,0.0,1.0));
#5533=DIRECTION('',(1.0,0.0,0.0));
#5534=DIRECTION('',(1.0,0.0,0.0));
#5535=CARTESIAN_POINT('',(-2.05,-0.77,-2.5));
#5536=DIRECTION('',(-0.0,0.0,-1.0));
#5537=DIRECTION('',(-0.462726662189401,-0.886501007387502,0.0));
#5538=DIRECTION('',(0.0,0.0,-1.0));
#5539=DIRECTION('',(-0.886501007387502,0.462726662189401,0.0));
#5540=DIRECTION('',(3.679596310186E-14,-1.903239470786E-14,-1.0));
#5541=CARTESIAN_POINT('',(-1.95,-1.160606060606,-1.8));
#5542=DIRECTION('',(0.0,0.0,-1.0));
#5543=DIRECTION('',(0.500000000000017,0.866025403784429,0.0));
#5544=CARTESIAN_POINT('',(-1.95,-1.160606060606,-2.5));
#5545=DIRECTION('',(0.0,0.0,1.0));
#5546=DIRECTION('',(1.0,0.0,0.0));
#5547=DIRECTION('',(-8.44753659162E-14,2.81584553054E-14,-1.0));
#5548=DIRECTION('',(0.0,0.0,-1.0));
#5549=DIRECTION('',(5.631691061081E-14,8.447536591621E-14,-1.0));
#5550=DIRECTION('',(5.631691061081E-14,-1.40792276527E-13,-1.0));
#5551=DIRECTION('',(0.0,-1.0,0.0));
#5552=CARTESIAN_POINT('',(-1.85,1.105,-2.0));
#5553=DIRECTION('',(-1.0,0.0,0.0));
#5554=DIRECTION('',(0.0,0.0,1.0));
#5555=DIRECTION('',(0.0,1.0,0.0));
#5556=DIRECTION('',(-5.63169106108E-14,-2.81584553054E-14,-1.0));
#5557=CARTESIAN_POINT('',(-1.85,1.105,-2.3));
#5558=DIRECTION('',(-1.0,0.0,0.0));
#5559=DIRECTION('',(0.0,0.278030303030296,-0.960572303679885));
#5560=CARTESIAN_POINT('',(-1.85,-1.105,-2.0));
#5561=DIRECTION('',(-1.0,0.0,0.0));
#5562=DIRECTION('',(0.0,-0.278030303030296,0.960572303679885));
#5563=DIRECTION('',(0.0,-1.0,0.0));
#5564=DIRECTION('',(0.0,1.0,0.0));
#5565=CARTESIAN_POINT('',(-1.85,-1.105,-2.3));
#5566=DIRECTION('',(-1.0,0.0,0.0));
#5567=DIRECTION('',(0.0,0.0,-1.0));
#5568=DIRECTION('',(1.0,0.0,0.0));
#5569=CARTESIAN_POINT('',(-1.65,1.105,-2.0));
#5570=DIRECTION('',(1.0,0.0,0.0));
#5571=DIRECTION('',(0.0,1.0,0.0));
#5572=DIRECTION('',(1.0,0.0,0.0));
#5573=CARTESIAN_POINT('',(-1.85,1.105,-2.0));
#5574=DIRECTION('',(1.0,0.0,0.0));
#5575=DIRECTION('',(0.0,1.0,0.0));
#5576=DIRECTION('',(0.0,0.0,-1.0));
#5577=CARTESIAN_POINT('',(-1.85,1.105,-2.3));
#5578=DIRECTION('',(1.0,0.0,0.0));
#5579=DIRECTION('',(0.0,0.278030303030296,-0.960572303679885));
#5580=DIRECTION('',(0.0,0.0,-1.0));
#5581=CARTESIAN_POINT('',(-1.95,1.160606060606,-2.5));
#5582=DIRECTION('',(0.0,0.0,1.0));
#5583=DIRECTION('',(0.462726662189401,-0.886501007387502,0.0));
#5584=DIRECTION('',(3.679596310186E-14,1.934960128632E-14,-1.0));
#5585=CARTESIAN_POINT('',(-1.95,1.160606060606,-1.8));
#5586=DIRECTION('',(0.0,0.0,-1.0));
#5587=DIRECTION('',(1.0,3.552713678801E-14,0.0));
#5588=CARTESIAN_POINT('',(1.85,1.1,-1.8));
#5589=DIRECTION('',(-0.0,0.0,-1.0));
#5590=DIRECTION('',(-0.462726662189401,-0.886501007387502,0.0));
#5591=DIRECTION('',(-0.886501007387502,0.462726662189401,0.0));
#5592=DIRECTION('',(-0.707106781186548,0.707106781186548,0.0));
#5593=DIRECTION('',(0.0,1.0,0.0));
#5594=CARTESIAN_POINT('',(1.95,1.160606060606,-1.8));
#5595=DIRECTION('',(-0.0,0.0,-1.0));
#5596=DIRECTION('',(-0.500000000000017,-0.866025403784429,0.0));
#5597=DIRECTION('',(-1.0,0.0,0.0));
#5598=DIRECTION('',(0.0,1.0,0.0));
#5599=DIRECTION('',(0.0,-1.0,0.0));
#5600=DIRECTION('',(0.0,-1.0,0.0));
#5601=DIRECTION('',(-0.707106781186548,-0.707106781186548,0.0));
#5602=DIRECTION('',(0.0,-1.0,0.0));
#5603=DIRECTION('',(0.886501007387502,0.462726662189401,0.0));
#5604=CARTESIAN_POINT('',(-1.85,1.1,-1.8));
#5605=DIRECTION('',(0.0,0.0,-1.0));
#5606=DIRECTION('',(1.0,-1.998401444325E-14,0.0));
#5607=DIRECTION('',(4.440892098505E-14,-1.0,0.0));
#5608=DIRECTION('',(1.0,0.0,0.0));
#5609=DIRECTION('',(0.0,1.0,0.0));
#5610=DIRECTION('',(1.0,0.0,0.0));
#5611=DIRECTION('',(0.0,-1.0,0.0));
#5612=DIRECTION('',(-1.0,0.0,0.0));
#5613=DIRECTION('',(0.0,1.0,0.0));
#5614=DIRECTION('',(0.707106781186548,0.707106781186548,0.0));
#5615=DIRECTION('',(0.0,1.0,0.0));
#5616=DIRECTION('',(-0.886501007387502,-0.462726662189401,0.0));
#5617=CARTESIAN_POINT('',(1.85,-1.1,-1.8));
#5618=DIRECTION('',(0.0,0.0,-1.0));
#5619=DIRECTION('',(-1.0,0.0,0.0));
#5620=DIRECTION('',(0.0,1.0,0.0));
#5621=DIRECTION('',(-1.0,0.0,0.0));
#5622=CARTESIAN_POINT('',(1.95,-1.160606060606,-1.8));
#5623=DIRECTION('',(0.0,0.0,-1.0));
#5624=DIRECTION('',(-0.831141746266839,0.556060606060626,0.0));
#5625=DIRECTION('',(0.0,1.0,0.0));
#5626=DIRECTION('',(1.0,0.0,0.0));
#5627=DIRECTION('',(0.0,1.0,0.0));
#5628=DIRECTION('',(1.0,0.0,0.0));
#5629=DIRECTION('',(0.0,-1.0,0.0));
#5630=DIRECTION('',(1.0,0.0,0.0));
#5631=DIRECTION('',(-8.881784197009E-14,-1.0,0.0));
#5632=CARTESIAN_POINT('',(-1.85,-1.1,-1.8));
#5633=DIRECTION('',(0.0,0.0,-1.0));
#5634=DIRECTION('',(0.462726662189401,0.886501007387502,0.0));
#5635=DIRECTION('',(0.886501007387502,-0.462726662189401,0.0));
#5636=DIRECTION('',(0.0,-1.0,0.0));
#5637=DIRECTION('',(0.707106781186548,-0.707106781186548,0.0));
#5638=DIRECTION('',(0.0,-1.0,0.0));
#5639=DIRECTION('',(1.0,0.0,0.0));
#5640=DIRECTION('',(0.0,-1.0,0.0));
#5641=DIRECTION('',(1.0,0.0,0.0));
#5642=DIRECTION('',(0.0,1.0,0.0));
#5643=DIRECTION('',(-1.0,0.0,0.0));
#5644=DIRECTION('',(0.0,1.0,0.0));
#5645=DIRECTION('',(0.0,0.0,-1.0));
#5646=CARTESIAN_POINT('',(1.65,1.105,-2.3));
#5647=DIRECTION('',(1.0,0.0,0.0));
#5648=DIRECTION('',(0.0,0.0,-1.0));
#5649=DIRECTION('',(0.0,1.0,0.0));
#5650=DIRECTION('',(0.0,0.0,-1.0));
#5651=CARTESIAN_POINT('',(1.65,1.105,-2.0));
#5652=DIRECTION('',(1.0,0.0,0.0));
#5653=DIRECTION('',(0.0,1.0,0.0));
#5654=DIRECTION('',(1.0,0.0,0.0));
#5655=CARTESIAN_POINT('',(1.85,1.105,-2.0));
#5656=DIRECTION('',(1.0,0.0,0.0));
#5657=DIRECTION('',(0.0,1.0,0.0));
#5658=DIRECTION('',(0.0,0.0,-1.0));
#5659=CARTESIAN_POINT('',(1.85,1.105,-2.3));
#5660=DIRECTION('',(1.0,0.0,0.0));
#5661=DIRECTION('',(0.0,0.278030303030296,-0.960572303679885));
#5662=DIRECTION('',(0.0,0.0,-1.0));
#5663=DIRECTION('',(1.0,0.0,0.0));
#5664=DIRECTION('',(1.0,0.0,0.0));
#5665=DIRECTION('',(0.0,0.0,-1.0));
#5666=CARTESIAN_POINT('',(1.95,1.160606060606,-2.5));
#5667=DIRECTION('',(0.0,0.0,1.0));
#5668=DIRECTION('',(-0.831141746266792,-0.556060606060695,0.0));
#5669=DIRECTION('',(0.886501007387502,-0.462726662189401,0.0));
#5670=CARTESIAN_POINT('',(2.05,0.77,-2.5));
#5671=DIRECTION('',(0.0,0.0,-1.0));
#5672=DIRECTION('',(0.462726662189401,0.886501007387502,0.0));
#5673=DIRECTION('',(0.0,-1.0,0.0));
#5674=CARTESIAN_POINT('',(2.05,-0.77,-2.5));
#5675=DIRECTION('',(0.0,0.0,-1.0));
#5676=DIRECTION('',(1.0,0.0,0.0));
#5677=DIRECTION('',(-0.886501007387502,-0.462726662189401,0.0));
#5678=CARTESIAN_POINT('',(1.95,-1.160606060606,-2.5));
#5679=DIRECTION('',(0.0,0.0,1.0));
#5680=DIRECTION('',(-0.462726662189401,0.886501007387502,0.0));
#5681=DIRECTION('',(1.0,0.0,0.0));
#5682=DIRECTION('',(0.0,1.0,0.0));
#5683=CARTESIAN_POINT('',(1.85,-1.1,-2.5));
#5684=DIRECTION('',(0.0,0.0,-1.0));
#5685=DIRECTION('',(-1.0,0.0,0.0));
#5686=DIRECTION('',(0.886501007387502,0.462726662189401,0.0));
#5687=CARTESIAN_POINT('',(1.95,-0.7093939393939,-2.5));
#5688=DIRECTION('',(0.0,0.0,1.0));
#5689=DIRECTION('',(0.462726662189401,-0.886501007387502,0.0));
#5690=DIRECTION('',(0.0,1.0,0.0));
#5691=CARTESIAN_POINT('',(1.95,0.7093939393939,-2.5));
#5692=DIRECTION('',(0.0,0.0,1.0));
#5693=DIRECTION('',(1.0,0.0,0.0));
#5694=DIRECTION('',(-0.886501007387502,0.462726662189401,0.0));
#5695=CARTESIAN_POINT('',(1.85,1.1,-2.5));
#5696=DIRECTION('',(-0.0,0.0,-1.0));
#5697=DIRECTION('',(-0.462726662189401,-0.886501007387502,0.0));
#5698=CARTESIAN_POINT('',(-2.05,0.77,-2.5));
#5699=DIRECTION('',(0.0,0.0,-1.0));
#5700=DIRECTION('',(-1.0,1.293409823688E-13,0.0));
#5701=DIRECTION('',(0.886501007387502,0.462726662189401,0.0));
#5702=DIRECTION('',(1.0,0.0,0.0));
#5703=DIRECTION('',(4.440892098504E-14,-1.0,0.0));
#5704=CARTESIAN_POINT('',(-1.85,1.1,-2.5));
#5705=DIRECTION('',(0.0,0.0,-1.0));
#5706=DIRECTION('',(1.0,-1.665334536938E-14,0.0));
#5707=DIRECTION('',(-0.886501007387502,-0.462726662189401,0.0));
#5708=CARTESIAN_POINT('',(-1.95,0.7093939393939,-2.5));
#5709=DIRECTION('',(0.0,0.0,1.0));
#5710=DIRECTION('',(-0.46272666218948,0.886501007387461,0.0));
#5711=CARTESIAN_POINT('',(-1.95,-0.7093939393939,-2.5));
#5712=DIRECTION('',(0.0,0.0,1.0));
#5713=DIRECTION('',(-1.0,0.0,0.0));
#5714=DIRECTION('',(0.886501007387502,-0.462726662189401,0.0));
#5715=CARTESIAN_POINT('',(-1.85,-1.1,-2.5));
#5716=DIRECTION('',(0.0,0.0,-1.0));
#5717=DIRECTION('',(0.462726662189401,0.886501007387502,0.0));
#5718=DIRECTION('',(-8.881784197009E-14,-1.0,0.0));
#5719=DIRECTION('',(1.0,0.0,0.0));
#5720=DIRECTION('',(0.0,0.0,-1.0));
#5721=DIRECTION('',(0.0,0.0,-1.0));
#5722=DIRECTION('',(0.0,0.0,-1.0));
#5723=DIRECTION('',(0.0,0.0,1.0));
#5724=DIRECTION('',(0.0,0.0,-1.0));
#5725=DIRECTION('',(0.0,0.0,-1.0));
#5726=DIRECTION('',(0.0,1.0,0.0));
#5727=CARTESIAN_POINT('',(2.05,-2.1505,-1.2));
#5728=DIRECTION('',(1.0,0.0,-0.0));
#5729=DIRECTION('',(0.0,3.045183153258E-14,1.0));
#5730=DIRECTION('',(0.0,-1.0,0.0));
#5731=CARTESIAN_POINT('',(2.05,-0.8805,-0.72));
#5732=DIRECTION('',(1.0,0.0,0.0));
#5733=DIRECTION('',(0.0,0.0,-1.0));
#5734=DIRECTION('',(0.0,0.0,-1.0));
#5735=DIRECTION('',(1.0,0.0,0.0));
#5736=DIRECTION('',(0.0,0.0,-1.0));
#5737=CARTESIAN_POINT('',(2.25,-0.8805,-0.72));
#5738=DIRECTION('',(-1.0,0.0,0.0));
#5739=DIRECTION('',(0.0,1.0,0.0));
#5740=DIRECTION('',(0.0,-1.0,0.0));
#5741=CARTESIAN_POINT('',(2.25,-2.1505,-1.2));
#5742=DIRECTION('',(1.0,0.0,-0.0));
#5743=DIRECTION('',(0.0,3.045183153258E-14,1.0));
#5744=DIRECTION('',(0.0,1.0,0.0));
#5745=DIRECTION('',(0.0,0.0,-1.0));
#5746=DIRECTION('',(0.0,0.0,-1.0));
#5747=DIRECTION('',(0.0,0.0,-1.0));
#5748=DIRECTION('',(0.0,0.0,1.0));
#5749=DIRECTION('',(0.0,0.0,-1.0));
#5750=DIRECTION('',(0.0,0.0,-1.0));
#5751=DIRECTION('',(0.0,0.0,-1.0));
#5752=DIRECTION('',(0.0,0.0,-1.0));
#5753=DIRECTION('',(1.0,0.0,0.0));
#5754=CARTESIAN_POINT('',(1.65,-1.105,-2.3));
#5755=DIRECTION('',(1.0,0.0,0.0));
#5756=DIRECTION('',(0.0,-1.0,0.0));
#5757=CARTESIAN_POINT('',(1.85,-1.105,-2.3));
#5758=DIRECTION('',(1.0,0.0,0.0));
#5759=DIRECTION('',(0.0,-1.0,0.0));
#5760=DIRECTION('',(0.0,0.0,-1.0));
#5761=CARTESIAN_POINT('',(1.85,-1.105,-2.0));
#5762=DIRECTION('',(1.0,0.0,0.0));
#5763=DIRECTION('',(0.0,-0.278030303030296,0.960572303679885));
#5764=CARTESIAN_POINT('',(1.65,-1.105,-2.0));
#5765=DIRECTION('',(1.0,0.0,-0.0));
#5766=DIRECTION('',(0.0,0.0,1.0));
#5767=DIRECTION('',(1.0,0.0,0.0));
#5768=DIRECTION('',(0.0,0.0,-1.0));
#5769=DIRECTION('',(0.0,0.0,-1.0));
#5770=DIRECTION('',(0.0,0.0,-1.0));
#5771=DIRECTION('',(0.0,0.0,-1.0));
#5772=DIRECTION('',(-1.0,0.0,0.0));
#5773=DIRECTION('',(-1.0,0.0,0.0));
#5774=DIRECTION('',(-1.0,0.0,0.0));
#5775=DIRECTION('',(1.0,0.0,0.0));
#5776=DIRECTION('',(0.0,0.0,-1.0));
#5777=DIRECTION('',(0.0,0.0,-1.0));
#5778=DIRECTION('',(0.0,0.0,-1.0));
#5779=DIRECTION('',(0.0,0.0,-1.0));
#5780=DIRECTION('',(0.0,0.0,-1.0));
#5781=DIRECTION('',(0.0,0.0,-1.0));
#5782=DIRECTION('',(0.0,0.0,-1.0));
#5783=DIRECTION('',(0.0,0.0,-1.0));
#5784=DIRECTION('',(0.0,0.0,1.0));
#5785=DIRECTION('',(-1.0,0.0,0.0));
#5786=DIRECTION('',(-1.0,0.0,0.0));
#5787=DIRECTION('',(-1.0,0.0,0.0));
#5788=DIRECTION('',(0.0,0.0,1.0));
#5789=DIRECTION('',(0.0,0.0,-1.0));
#5790=DIRECTION('',(-1.0,0.0,0.0));
#5791=DIRECTION('',(0.0,0.0,-1.0));
#5792=DIRECTION('',(0.707106781186548,0.0,0.707106781186548));
#5793=DIRECTION('',(0.0,0.0,-1.0));
#5794=DIRECTION('',(1.0,0.0,0.0));
#5795=DIRECTION('',(0.0,0.0,1.0));
#5796=DIRECTION('',(0.707106781186498,0.0,-0.707106781186597));
#5797=DIRECTION('',(0.0,0.0,-1.0));
#5798=DIRECTION('',(-1.0,0.0,0.0));
#5799=DIRECTION('',(-1.0,0.0,0.0));
#5800=CARTESIAN_POINT('',(-0.85,-1.4495,-2.55));
#5801=DIRECTION('',(1.0,0.0,0.0));
#5802=DIRECTION('',(0.0,-1.0,0.0));
#5803=CARTESIAN_POINT('',(-1.5,-1.4495,-2.55));
#5804=DIRECTION('',(-1.0,0.0,0.0));
#5805=DIRECTION('',(0.0,0.0,-1.0));
#5806=DIRECTION('',(0.0,0.0,1.0));
#5807=DIRECTION('',(0.0,-1.0,0.0));
#5808=DIRECTION('',(0.0,1.0,0.0));
#5809=DIRECTION('',(0.0,0.0,1.0));
#5810=DIRECTION('',(0.0,1.0,0.0));
#5811=DIRECTION('',(1.0,0.0,0.0));
#5812=DIRECTION('',(0.0,1.0,0.0));
#5813=DIRECTION('',(0.0,0.0,1.0));
#5814=DIRECTION('',(0.0,1.0,0.0));
#5815=DIRECTION('',(0.0,-1.0,0.0));
#5816=DIRECTION('',(0.0,0.0,1.0));
#5817=DIRECTION('',(1.0,0.0,0.0));
#5818=DIRECTION('',(-1.0,0.0,0.0));
#5819=DIRECTION('',(-1.0,0.0,0.0));
#5820=DIRECTION('',(0.0,-0.0532576429161514,0.998580804677827));
#5821=DIRECTION('',(0.0,-0.0532576429161514,0.998580804677827));
#5822=DIRECTION('',(-1.0,0.0,0.0));
#5823=DIRECTION('',(0.0,1.0,0.0));
#5824=DIRECTION('',(-1.0,0.0,0.0));
#5825=DIRECTION('',(0.0,1.0,0.0));
#5826=DIRECTION('',(0.707106781186548,-0.707106781186548,0.0));
#5827=DIRECTION('',(0.0,-1.0,0.0));
#5828=DIRECTION('',(-0.707106781186548,-0.707106781186548,0.0));
#5829=DIRECTION('',(0.0,-1.0,0.0));
#5830=DIRECTION('',(0.0,-1.0,0.0));
#5831=DIRECTION('',(-0.707106781186548,0.707106781186548,0.0));
#5832=DIRECTION('',(0.0,-1.0,0.0));
#5833=DIRECTION('',(0.707106781186548,0.707106781186548,0.0));
#5834=DIRECTION('',(0.0,1.0,0.0));
#5835=DIRECTION('',(1.0,0.0,0.0));
#5836=DIRECTION('',(0.0,1.0,0.0));
#5837=DIRECTION('',(1.0,0.0,0.0));
#5838=DIRECTION('',(0.0,1.0,0.0));
#5839=DIRECTION('',(1.0,0.0,0.0));
#5840=DIRECTION('',(0.0,1.0,0.0));
#5841=DIRECTION('',(0.0,1.0,0.0));
#5842=DIRECTION('',(1.0,0.0,0.0));
#5843=DIRECTION('',(0.0,1.0,0.0));
#5844=DIRECTION('',(0.0,0.0,1.0));
#5845=DIRECTION('',(0.0,1.0,0.0));
#5846=CARTESIAN_POINT('',(-0.25,-1.4495,-2.55));
#5847=DIRECTION('',(-1.0,0.0,0.0));
#5848=DIRECTION('',(0.0,0.0,-1.0));
#5849=DIRECTION('',(-1.0,0.0,0.0));
#5850=CARTESIAN_POINT('',(0.25,-1.4495,-2.55));
#5851=DIRECTION('',(1.0,0.0,0.0));
#5852=DIRECTION('',(0.0,-1.0,0.0));
#5853=DIRECTION('',(0.0,1.0,0.0));
#5854=DIRECTION('',(0.0,0.0,1.0));
#5855=DIRECTION('',(1.0,0.0,0.0));
#5856=DIRECTION('',(0.0,-0.0532576429161514,0.998580804677827));
#5857=DIRECTION('',(0.0,0.0532576429161514,-0.998580804677827));
#5858=DIRECTION('',(1.0,0.0,0.0));
#5859=DIRECTION('',(0.0,-1.0,0.0));
#5860=DIRECTION('',(-1.0,0.0,0.0));
#5861=DIRECTION('',(0.0,-1.0,0.0));
#5862=DIRECTION('',(0.0,1.0,0.0));
#5863=DIRECTION('',(0.0,0.0,1.0));
#5864=DIRECTION('',(0.0,0.0,1.0));
#5865=CARTESIAN_POINT('',(1.5,-1.4495,-2.55));
#5866=DIRECTION('',(1.0,0.0,0.0));
#5867=DIRECTION('',(0.0,-1.0,0.0));
#5868=DIRECTION('',(-1.0,0.0,0.0));
#5869=CARTESIAN_POINT('',(0.85,-1.4495,-2.55));
#5870=DIRECTION('',(-1.0,0.0,0.0));
#5871=DIRECTION('',(0.0,0.0,-1.0));
#5872=DIRECTION('',(0.0,0.0,1.0));
#5873=DIRECTION('',(0.0,0.0,1.0));
#5874=DIRECTION('',(0.0,1.0,0.0));
#5875=DIRECTION('',(-1.0,0.0,0.0));
#5876=DIRECTION('',(0.0,0.0,1.0));
#5877=DIRECTION('',(0.0,0.0,-1.0));
#5878=DIRECTION('',(-0.577350269189626,-0.577350269189626,-0.577350269189626));
#5879=DIRECTION('',(0.0,1.0,0.0));
#5880=DIRECTION('',(0.0,-1.0,0.0));
#5881=DIRECTION('',(0.0,0.0,-1.0));
#5882=DIRECTION('',(0.0,1.0,0.0));
#5883=DIRECTION('',(0.0,0.0,1.0));
#5884=DIRECTION('',(0.0,0.0,1.0));
#5885=DIRECTION('',(1.0,0.0,0.0));
#5886=DIRECTION('',(0.680451099367289,0.732793491626288,0.0));
#5887=DIRECTION('',(1.0,0.0,0.0));
#5888=DIRECTION('',(0.680451099367289,-0.732793491626288,0.0));
#5889=DIRECTION('',(1.0,0.0,0.0));
#5890=DIRECTION('',(0.0,1.0,0.0));
#5891=DIRECTION('',(0.0,0.0,-1.0));
#5892=DIRECTION('',(0.0,0.0,1.0));
#5893=DIRECTION('',(0.0,-1.0,0.0));
#5894=DIRECTION('',(0.0,0.0,-1.0));
#5895=DIRECTION('',(0.0,-1.0,0.0));
#5896=DIRECTION('',(0.0,-1.0,0.0));
#5897=DIRECTION('',(0.577350269189626,0.577350269189626,-0.577350269189626));
#5898=DIRECTION('',(0.0,0.0,1.0));
#5899=DIRECTION('',(0.707106781186498,0.0,0.707106781186597));
#5900=DIRECTION('',(0.0,0.0,-1.0));
#5901=DIRECTION('',(0.0,0.0,-1.0));
#5902=DIRECTION('',(0.0,0.0,-1.0));
#5903=DIRECTION('',(0.0,0.0,-1.0));
#5904=DIRECTION('',(0.707106781186548,0.0,-0.707106781186548));
#5905=DIRECTION('',(-0.577350269189626,0.577350269189626,0.577350269189626));
#5906=DIRECTION('',(0.0,0.0,1.0));
#5907=CARTESIAN_POINT('',(-1.65,-1.105,-2.3));
#5908=DIRECTION('',(1.0,0.0,0.0));
#5909=DIRECTION('',(0.0,-1.0,0.0));
#5910=DIRECTION('',(1.0,0.0,0.0));
#5911=CARTESIAN_POINT('',(-1.85,-1.105,-2.3));
#5912=DIRECTION('',(1.0,0.0,0.0));
#5913=DIRECTION('',(0.0,-1.0,0.0));
#5914=DIRECTION('',(0.0,0.0,-1.0));
#5915=CARTESIAN_POINT('',(-1.85,-1.105,-2.0));
#5916=DIRECTION('',(1.0,0.0,0.0));
#5917=DIRECTION('',(0.0,-0.278030303030296,0.960572303679885));
#5918=DIRECTION('',(1.0,0.0,0.0));
#5919=CARTESIAN_POINT('',(-1.65,-1.105,-2.0));
#5920=DIRECTION('',(1.0,0.0,-0.0));
#5921=DIRECTION('',(0.0,0.0,1.0));
#5922=DIRECTION('',(0.0,0.0,-1.0));
#5923=DIRECTION('',(0.0,0.0,-1.0));
#5924=DIRECTION('',(0.0,0.0,-1.0));
#5925=DIRECTION('',(0.0,0.0,-1.0));
#5926=DIRECTION('',(0.0,0.0,-1.0));
#5927=DIRECTION('',(0.0,0.0,-1.0));
#5928=DIRECTION('',(0.0,0.0,-1.0));
#5929=CARTESIAN_POINT('',(-1.65,1.105,-2.3));
#5930=DIRECTION('',(1.0,0.0,0.0));
#5931=DIRECTION('',(0.0,0.0,-1.0));
#5932=DIRECTION('',(0.0,0.0,-1.0));
#5933=DIRECTION('',(1.0,0.0,0.0));
#5934=DIRECTION('',(0.0,0.0,-1.0));
#5935=DIRECTION('',(0.0,0.0,-1.0));
ENDSEC;
END-ISO-10303-21;
