ISO-10303-21;
HEADER;
FILE_DESCRIPTION((''),'2;1');
FILE_NAME('C-1734261-2','2008-09-04T',('workeradm'),(
'Tyco Electronics Corporation'),
'PRO/ENGINEER BY PARAMETRIC TECHNOLOGY CORPORATION, 2005450',
'PRO/ENGINEER BY PARAMETRIC TECHNOLOGY CORPORATION, 2005450','');
FILE_SCHEMA(('CONFIG_CONTROL_DESIGN', 'GEOMETRIC_VALIDATION_PROPERTIES_MIM'));
ENDSEC;
DATA;
#1=DRAUGHTING_PRE_DEFINED_COLOUR('black');
#2=COLOUR_RGB('',0.E0,0.E0,3.6E-1);
#3=COLOUR_RGB('',0.E0,0.E0,4.8E-1);
#4=DRAUGHTING_PRE_DEFINED_COLOUR('blue');
#5=COLOUR_RGB('',0.E0,3.6E-1,9.E-2);
#6=COLOUR_RGB('',0.E0,3.6E-1,2.7E-1);
#7=COLOUR_RGB('',0.E0,5.6E-1,6.4E-1);
#8=COLOUR_RGB('',0.E0,5.8E-1,8.E-1);
#9=COLOUR_RGB('',0.E0,7.1E-1,6.6E-1);
#10=COLOUR_RGB('',0.E0,7.13E-1,0.E0);
#11=COLOUR_RGB('',0.E0,9.5E-1,8.4E-1);
#12=DRAUGHTING_PRE_DEFINED_COLOUR('green');
#13=DRAUGHTING_PRE_DEFINED_COLOUR('cyan');
#14=COLOUR_RGB('',4.E-2,0.E0,1.6E-1);
#15=COLOUR_RGB('',9.E-2,0.E0,1.2E-1);
#16=COLOUR_RGB('',1.E-1,0.E0,2.5E-1);
#17=COLOUR_RGB('',1.6E-1,3.2E-2,0.E0);
#18=COLOUR_RGB('',1.6E-1,4.6E-1,6.5E-1);
#19=COLOUR_RGB('',1.6E-1,1.E0,1.6E-1);
#20=COLOUR_RGB('',2.E-1,3.2E-2,0.E0);
#21=COLOUR_RGB('',3.1E-1,3.1E-1,5.6E-1);
#22=COLOUR_RGB('',3.2E-1,1.5E-1,0.E0);
#23=COLOUR_RGB('',4.E-1,4.E-1,4.E-1);
#24=COLOUR_RGB('',4.2E-1,4.2E-1,1.E0);
#25=COLOUR_RGB('',4.4E-1,8.5E-1,1.E0);
#26=COLOUR_RGB('',4.9E-1,4.9E-1,0.E0);
#27=COLOUR_RGB('',4.9E-1,1.E0,0.E0);
#28=COLOUR_RGB('',5.E-1,0.E0,0.E0);
#29=COLOUR_RGB('',5.E-1,0.E0,2.3E-1);
#30=COLOUR_RGB('',5.E-1,5.E-1,5.E-1);
#31=COLOUR_RGB('',5.3E-1,0.E0,0.E0);
#32=COLOUR_RGB('',5.4E-1,0.E0,4.4E-1);
#33=COLOUR_RGB('',5.5E-1,3.E-1,0.E0);
#34=COLOUR_RGB('',5.6E-1,1.E-1,5.E-2);
#35=COLOUR_RGB('',5.8E-1,2.2E-1,1.E-2);
#36=COLOUR_RGB('',6.E-1,6.E-1,6.E-1);
#37=COLOUR_RGB('',6.2E-1,0.E0,5.5E-1);
#38=COLOUR_RGB('',6.4E-1,0.E0,2.5E-1);
#39=COLOUR_RGB('',6.4E-1,1.E-2,0.E0);
#40=COLOUR_RGB('',6.8E-1,7.5E-1,1.E0);
#41=COLOUR_RGB('',7.1E-1,3.1E-1,0.E0);
#42=COLOUR_RGB('',7.2E-1,7.2E-1,7.2E-1);
#43=COLOUR_RGB('',7.4E-1,1.E0,2.6E-1);
#44=COLOUR_RGB('',7.5E-1,3.E-2,0.E0);
#45=COLOUR_RGB('',7.6E-1,0.E0,4.7E-1);
#46=COLOUR_RGB('',8.1E-1,4.E-2,0.E0);
#47=COLOUR_RGB('',8.1E-1,6.1E-1,0.E0);
#48=COLOUR_RGB('',8.2E-1,4.E-2,6.6E-1);
#49=COLOUR_RGB('',8.5E-1,8.5E-1,8.5E-1);
#50=COLOUR_RGB('',8.784E-1,9.49E-1,1.E0);
#51=COLOUR_RGB('',9.E-1,1.E0,0.E0);
#52=COLOUR_RGB('',9.37E-1,7.85E-1,0.E0);
#53=COLOUR_RGB('',9.5E-1,2.2E-1,8.1E-1);
#54=COLOUR_RGB('',9.6E-1,3.7E-1,3.E-1);
#55=COLOUR_RGB('',9.6E-1,7.1E-1,3.75E-1);
#56=DRAUGHTING_PRE_DEFINED_COLOUR('red');
#57=COLOUR_RGB('',1.E0,0.E0,6.1E-1);
#58=COLOUR_RGB('',1.E0,4.E-2,0.E0);
#59=COLOUR_RGB('',1.E0,2.3E-1,0.E0);
#60=COLOUR_RGB('',1.E0,3.5E-1,5.2E-1);
#61=COLOUR_RGB('',1.E0,3.6E-1,0.E0);
#62=COLOUR_RGB('',1.E0,4.9E-1,3.7E-1);
#63=COLOUR_RGB('',1.E0,5.E-1,0.E0);
#64=COLOUR_RGB('',1.E0,5.6E-1,7.8E-1);
#65=COLOUR_RGB('',1.E0,6.4E-1,4.9E-1);
#66=COLOUR_RGB('',1.E0,6.7E-1,0.E0);
#67=COLOUR_RGB('',1.E0,7.6E-1,6.5E-1);
#68=COLOUR_RGB('',1.E0,8.6E-1,4.E-2);
#69=COLOUR_RGB('',1.E0,9.8E-1,7.2E-1);
#70=DRAUGHTING_PRE_DEFINED_COLOUR('yellow');
#71=DRAUGHTING_PRE_DEFINED_COLOUR('white');
#73=DIRECTION('',(0.E0,1.E0,0.E0));
#74=VECTOR('',#73,2.E-1);
#75=CARTESIAN_POINT('',(-1.5E-1,-1.85E0,0.E0));
#76=LINE('',#75,#74);
#77=DRAUGHTING_PRE_DEFINED_CURVE_FONT('continuous');
#78=CURVE_STYLE('',#77,POSITIVE_LENGTH_MEASURE(2.E-2),#50);
#79=PRESENTATION_STYLE_ASSIGNMENT((#78));
#80=STYLED_ITEM('',(#79),#76);
#81=DIRECTION('',(1.E0,0.E0,0.E0));
#82=VECTOR('',#81,1.975E0);
#83=CARTESIAN_POINT('',(-2.125E0,-1.85E0,0.E0));
#84=LINE('',#83,#82);
#85=CURVE_STYLE('',#77,POSITIVE_LENGTH_MEASURE(2.E-2),#50);
#86=PRESENTATION_STYLE_ASSIGNMENT((#85));
#87=STYLED_ITEM('',(#86),#84);
#88=DIRECTION('',(0.E0,1.E0,0.E0));
#89=VECTOR('',#88,7.5E-2);
#90=CARTESIAN_POINT('',(-2.125E0,-1.85E0,0.E0));
#91=LINE('',#90,#89);
#92=CURVE_STYLE('',#77,POSITIVE_LENGTH_MEASURE(2.E-2),#50);
#93=PRESENTATION_STYLE_ASSIGNMENT((#92));
#94=STYLED_ITEM('',(#93),#91);
#95=DIRECTION('',(0.E0,1.E0,0.E0));
#96=VECTOR('',#95,2.4E0);
#97=CARTESIAN_POINT('',(-2.125E0,-1.775E0,0.E0));
#98=LINE('',#97,#96);
#99=CURVE_STYLE('',#77,POSITIVE_LENGTH_MEASURE(2.E-2),#50);
#100=PRESENTATION_STYLE_ASSIGNMENT((#99));
#101=STYLED_ITEM('',(#100),#98);
#102=DIRECTION('',(0.E0,-1.E0,0.E0));
#103=VECTOR('',#102,3.25E-1);
#104=CARTESIAN_POINT('',(-2.125E0,9.5E-1,0.E0));
#105=LINE('',#104,#103);
#106=CURVE_STYLE('',#77,POSITIVE_LENGTH_MEASURE(2.E-2),#50);
#107=PRESENTATION_STYLE_ASSIGNMENT((#106));
#108=STYLED_ITEM('',(#107),#105);
#109=DIRECTION('',(1.E0,0.E0,0.E0));
#110=VECTOR('',#109,3.E-1);
#111=CARTESIAN_POINT('',(-2.125E0,9.5E-1,0.E0));
#112=LINE('',#111,#110);
#113=CURVE_STYLE('',#77,POSITIVE_LENGTH_MEASURE(2.E-2),#50);
#114=PRESENTATION_STYLE_ASSIGNMENT((#113));
#115=STYLED_ITEM('',(#114),#112);
#116=DIRECTION('',(0.E0,1.E0,0.E0));
#117=VECTOR('',#116,8.82E-1);
#118=CARTESIAN_POINT('',(-1.825E0,6.8E-2,0.E0));
#119=LINE('',#118,#117);
#120=CURVE_STYLE('',#77,POSITIVE_LENGTH_MEASURE(2.E-2),#50);
#121=PRESENTATION_STYLE_ASSIGNMENT((#120));
#122=STYLED_ITEM('',(#121),#119);
#123=DIRECTION('',(0.E0,-1.E0,0.E0));
#124=VECTOR('',#123,1.05E0);
#125=CARTESIAN_POINT('',(-1.825E0,6.8E-2,0.E0));
#126=LINE('',#125,#124);
#127=CURVE_STYLE('',#77,POSITIVE_LENGTH_MEASURE(2.E-2),#50);
#128=PRESENTATION_STYLE_ASSIGNMENT((#127));
#129=STYLED_ITEM('',(#128),#126);
#130=DIRECTION('',(1.E0,0.E0,0.E0));
#131=VECTOR('',#130,1.E-1);
#132=CARTESIAN_POINT('',(-1.825E0,-9.82E-1,0.E0));
#133=LINE('',#132,#131);
#134=CURVE_STYLE('',#77,POSITIVE_LENGTH_MEASURE(2.E-2),#50);
#135=PRESENTATION_STYLE_ASSIGNMENT((#134));
#136=STYLED_ITEM('',(#135),#133);
#137=DIRECTION('',(0.E0,1.E0,0.E0));
#138=VECTOR('',#137,6.68E-1);
#139=CARTESIAN_POINT('',(-1.725E0,-1.65E0,0.E0));
#140=LINE('',#139,#138);
#141=CURVE_STYLE('',#77,POSITIVE_LENGTH_MEASURE(2.E-2),#50);
#142=PRESENTATION_STYLE_ASSIGNMENT((#141));
#143=STYLED_ITEM('',(#142),#140);
#144=DIRECTION('',(-1.E0,0.E0,0.E0));
#145=VECTOR('',#144,1.575E0);
#146=CARTESIAN_POINT('',(-1.5E-1,-1.65E0,0.E0));
#147=LINE('',#146,#145);
#148=CURVE_STYLE('',#77,POSITIVE_LENGTH_MEASURE(2.E-2),#50);
#149=PRESENTATION_STYLE_ASSIGNMENT((#148));
#150=STYLED_ITEM('',(#149),#147);
#151=DIRECTION('',(0.E0,1.E0,0.E0));
#152=VECTOR('',#151,2.E-1);
#153=CARTESIAN_POINT('',(1.5E-1,-1.85E0,0.E0));
#154=LINE('',#153,#152);
#155=CURVE_STYLE('',#77,POSITIVE_LENGTH_MEASURE(2.E-2),#50);
#156=PRESENTATION_STYLE_ASSIGNMENT((#155));
#157=STYLED_ITEM('',(#156),#154);
#158=DIRECTION('',(-1.E0,0.E0,0.E0));
#159=VECTOR('',#158,1.575E0);
#160=CARTESIAN_POINT('',(1.725E0,-1.65E0,0.E0));
#161=LINE('',#160,#159);
#162=CURVE_STYLE('',#77,POSITIVE_LENGTH_MEASURE(2.E-2),#50);
#163=PRESENTATION_STYLE_ASSIGNMENT((#162));
#164=STYLED_ITEM('',(#163),#161);
#165=DIRECTION('',(0.E0,-1.E0,0.E0));
#166=VECTOR('',#165,6.68E-1);
#167=CARTESIAN_POINT('',(1.725E0,-9.82E-1,0.E0));
#168=LINE('',#167,#166);
#169=CURVE_STYLE('',#77,POSITIVE_LENGTH_MEASURE(2.E-2),#50);
#170=PRESENTATION_STYLE_ASSIGNMENT((#169));
#171=STYLED_ITEM('',(#170),#168);
#172=DIRECTION('',(1.E0,0.E0,0.E0));
#173=VECTOR('',#172,1.E-1);
#174=CARTESIAN_POINT('',(1.725E0,-9.82E-1,0.E0));
#175=LINE('',#174,#173);
#176=CURVE_STYLE('',#77,POSITIVE_LENGTH_MEASURE(2.E-2),#50);
#177=PRESENTATION_STYLE_ASSIGNMENT((#176));
#178=STYLED_ITEM('',(#177),#175);
#179=DIRECTION('',(0.E0,1.E0,0.E0));
#180=VECTOR('',#179,1.05E0);
#181=CARTESIAN_POINT('',(1.825E0,-9.82E-1,0.E0));
#182=LINE('',#181,#180);
#183=CURVE_STYLE('',#77,POSITIVE_LENGTH_MEASURE(2.E-2),#50);
#184=PRESENTATION_STYLE_ASSIGNMENT((#183));
#185=STYLED_ITEM('',(#184),#182);
#186=DIRECTION('',(0.E0,-1.E0,0.E0));
#187=VECTOR('',#186,8.82E-1);
#188=CARTESIAN_POINT('',(1.825E0,9.5E-1,0.E0));
#189=LINE('',#188,#187);
#190=CURVE_STYLE('',#77,POSITIVE_LENGTH_MEASURE(2.E-2),#50);
#191=PRESENTATION_STYLE_ASSIGNMENT((#190));
#192=STYLED_ITEM('',(#191),#189);
#193=DIRECTION('',(-1.E0,0.E0,0.E0));
#194=VECTOR('',#193,3.E-1);
#195=CARTESIAN_POINT('',(2.125E0,9.5E-1,0.E0));
#196=LINE('',#195,#194);
#197=CURVE_STYLE('',#77,POSITIVE_LENGTH_MEASURE(2.E-2),#50);
#198=PRESENTATION_STYLE_ASSIGNMENT((#197));
#199=STYLED_ITEM('',(#198),#196);
#200=DIRECTION('',(0.E0,-1.E0,0.E0));
#201=VECTOR('',#200,3.25E-1);
#202=CARTESIAN_POINT('',(2.125E0,9.5E-1,0.E0));
#203=LINE('',#202,#201);
#204=CURVE_STYLE('',#77,POSITIVE_LENGTH_MEASURE(2.E-2),#50);
#205=PRESENTATION_STYLE_ASSIGNMENT((#204));
#206=STYLED_ITEM('',(#205),#203);
#207=DIRECTION('',(0.E0,1.E0,0.E0));
#208=VECTOR('',#207,2.4E0);
#209=CARTESIAN_POINT('',(2.125E0,-1.775E0,0.E0));
#210=LINE('',#209,#208);
#211=CURVE_STYLE('',#77,POSITIVE_LENGTH_MEASURE(2.E-2),#50);
#212=PRESENTATION_STYLE_ASSIGNMENT((#211));
#213=STYLED_ITEM('',(#212),#210);
#214=DIRECTION('',(0.E0,1.E0,0.E0));
#215=VECTOR('',#214,7.5E-2);
#216=CARTESIAN_POINT('',(2.125E0,-1.85E0,0.E0));
#217=LINE('',#216,#215);
#218=CURVE_STYLE('',#77,POSITIVE_LENGTH_MEASURE(2.E-2),#50);
#219=PRESENTATION_STYLE_ASSIGNMENT((#218));
#220=STYLED_ITEM('',(#219),#217);
#221=DIRECTION('',(1.E0,0.E0,0.E0));
#222=VECTOR('',#221,1.975E0);
#223=CARTESIAN_POINT('',(1.5E-1,-1.85E0,0.E0));
#224=LINE('',#223,#222);
#225=CURVE_STYLE('',#77,POSITIVE_LENGTH_MEASURE(2.E-2),#50);
#226=PRESENTATION_STYLE_ASSIGNMENT((#225));
#227=STYLED_ITEM('',(#226),#224);
#228=DIRECTION('',(0.E0,-7.071067811865E-1,7.071067811865E-1));
#229=VECTOR('',#228,2.828427124746E-1);
#230=CARTESIAN_POINT('',(-1.5E-1,-1.45E0,-2.E-1));
#231=LINE('',#230,#229);
#232=CURVE_STYLE('',#77,POSITIVE_LENGTH_MEASURE(2.E-2),#50);
#233=PRESENTATION_STYLE_ASSIGNMENT((#232));
#234=STYLED_ITEM('',(#233),#231);
#235=DIRECTION('',(-5.773502691896E-1,-5.773502691896E-1,5.773502691896E-1));
#236=VECTOR('',#235,3.464101615138E-1);
#237=CARTESIAN_POINT('',(-1.525E0,-1.45E0,-2.E-1));
#238=LINE('',#237,#236);
#239=CURVE_STYLE('',#77,POSITIVE_LENGTH_MEASURE(2.E-2),#50);
#240=PRESENTATION_STYLE_ASSIGNMENT((#239));
#241=STYLED_ITEM('',(#240),#238);
#242=DIRECTION('',(0.E0,-7.071067811865E-1,7.071067811865E-1));
#243=VECTOR('',#242,2.828427124746E-1);
#244=CARTESIAN_POINT('',(1.5E-1,-1.45E0,-2.E-1));
#245=LINE('',#244,#243);
#246=CURVE_STYLE('',#77,POSITIVE_LENGTH_MEASURE(2.E-2),#50);
#247=PRESENTATION_STYLE_ASSIGNMENT((#246));
#248=STYLED_ITEM('',(#247),#245);
#249=DIRECTION('',(7.071067811865E-1,0.E0,-7.071067811865E-1));
#250=VECTOR('',#249,2.828427124746E-1);
#251=CARTESIAN_POINT('',(-1.725E0,-9.82E-1,0.E0));
#252=LINE('',#251,#250);
#253=CURVE_STYLE('',#77,POSITIVE_LENGTH_MEASURE(2.E-2),#50);
#254=PRESENTATION_STYLE_ASSIGNMENT((#253));
#255=STYLED_ITEM('',(#254),#252);
#256=DIRECTION('',(0.E0,0.E0,-1.E0));
#257=VECTOR('',#256,2.9E0);
#258=CARTESIAN_POINT('',(-1.825E0,-9.82E-1,0.E0));
#259=LINE('',#258,#257);
#260=CURVE_STYLE('',#77,POSITIVE_LENGTH_MEASURE(2.E-2),#50);
#261=PRESENTATION_STYLE_ASSIGNMENT((#260));
#262=STYLED_ITEM('',(#261),#259);
#263=DIRECTION('',(0.E0,0.E0,-1.E0));
#264=VECTOR('',#263,2.9E0);
#265=CARTESIAN_POINT('',(-1.825E0,6.8E-2,0.E0));
#266=LINE('',#265,#264);
#267=CURVE_STYLE('',#77,POSITIVE_LENGTH_MEASURE(2.E-2),#50);
#268=PRESENTATION_STYLE_ASSIGNMENT((#267));
#269=STYLED_ITEM('',(#268),#266);
#270=DIRECTION('',(-8.320502943378E-1,0.E0,5.547001962252E-1));
#271=VECTOR('',#270,3.605551275464E-1);
#272=CARTESIAN_POINT('',(-1.525E0,6.8E-2,-2.E-1));
#273=LINE('',#272,#271);
#274=CURVE_STYLE('',#77,POSITIVE_LENGTH_MEASURE(2.E-2),#50);
#275=PRESENTATION_STYLE_ASSIGNMENT((#274));
#276=STYLED_ITEM('',(#275),#273);
#277=DIRECTION('',(0.E0,0.E0,-1.E0));
#278=VECTOR('',#277,2.7E0);
#279=CARTESIAN_POINT('',(-1.525E0,6.8E-2,-2.E-1));
#280=LINE('',#279,#278);
#281=CURVE_STYLE('',#77,POSITIVE_LENGTH_MEASURE(2.E-2),#50);
#282=PRESENTATION_STYLE_ASSIGNMENT((#281));
#283=STYLED_ITEM('',(#282),#280);
#284=DIRECTION('',(8.320502943378E-1,0.E0,-5.547001962252E-1));
#285=VECTOR('',#284,3.605551275464E-1);
#286=CARTESIAN_POINT('',(-1.825E0,9.5E-1,0.E0));
#287=LINE('',#286,#285);
#288=CURVE_STYLE('',#77,POSITIVE_LENGTH_MEASURE(2.E-2),#50);
#289=PRESENTATION_STYLE_ASSIGNMENT((#288));
#290=STYLED_ITEM('',(#289),#287);
#291=DIRECTION('',(0.E0,0.E0,1.E0));
#292=VECTOR('',#291,1.E0);
#293=CARTESIAN_POINT('',(-2.125E0,9.5E-1,-1.E0));
#294=LINE('',#293,#292);
#295=CURVE_STYLE('',#77,POSITIVE_LENGTH_MEASURE(2.E-2),#50);
#296=PRESENTATION_STYLE_ASSIGNMENT((#295));
#297=STYLED_ITEM('',(#296),#294);
#298=DIRECTION('',(0.E0,0.E0,-1.E0));
#299=VECTOR('',#298,4.7E0);
#300=CARTESIAN_POINT('',(-2.125E0,-1.85E0,0.E0));
#301=LINE('',#300,#299);
#302=CURVE_STYLE('',#77,POSITIVE_LENGTH_MEASURE(2.E-2),#50);
#303=PRESENTATION_STYLE_ASSIGNMENT((#302));
#304=STYLED_ITEM('',(#303),#301);
#305=DIRECTION('',(0.E0,0.E0,1.E0));
#306=VECTOR('',#305,3.7E0);
#307=CARTESIAN_POINT('',(-2.125E0,1.35E0,-4.7E0));
#308=LINE('',#307,#306);
#309=CURVE_STYLE('',#77,POSITIVE_LENGTH_MEASURE(2.E-2),#50);
#310=PRESENTATION_STYLE_ASSIGNMENT((#309));
#311=STYLED_ITEM('',(#310),#308);
#312=DIRECTION('',(0.E0,0.E0,-1.E0));
#313=VECTOR('',#312,4.2E0);
#314=CARTESIAN_POINT('',(-2.125E0,6.25E-1,0.E0));
#315=LINE('',#314,#313);
#316=CURVE_STYLE('',#77,POSITIVE_LENGTH_MEASURE(2.E-2),#50);
#317=PRESENTATION_STYLE_ASSIGNMENT((#316));
#318=STYLED_ITEM('',(#317),#315);
#319=DIRECTION('',(-1.E0,0.E0,0.E0));
#320=VECTOR('',#319,2.2E-1);
#321=CARTESIAN_POINT('',(-2.125E0,-1.775E0,-4.2E0));
#322=LINE('',#321,#320);
#323=CURVE_STYLE('',#77,POSITIVE_LENGTH_MEASURE(2.E-2),#50);
#324=PRESENTATION_STYLE_ASSIGNMENT((#323));
#325=STYLED_ITEM('',(#324),#322);
#326=DIRECTION('',(0.E0,1.E0,0.E0));
#327=VECTOR('',#326,2.4E0);
#328=CARTESIAN_POINT('',(-2.125E0,-1.775E0,-4.2E0));
#329=LINE('',#328,#327);
#330=CURVE_STYLE('',#77,POSITIVE_LENGTH_MEASURE(2.E-2),#50);
#331=PRESENTATION_STYLE_ASSIGNMENT((#330));
#332=STYLED_ITEM('',(#331),#329);
#333=DIRECTION('',(-1.E0,0.E0,0.E0));
#334=VECTOR('',#333,2.2E-1);
#335=CARTESIAN_POINT('',(-2.125E0,6.25E-1,-4.2E0));
#336=LINE('',#335,#334);
#337=CURVE_STYLE('',#77,POSITIVE_LENGTH_MEASURE(2.E-2),#50);
#338=PRESENTATION_STYLE_ASSIGNMENT((#337));
#339=STYLED_ITEM('',(#338),#336);
#340=DIRECTION('',(-1.E0,0.E0,0.E0));
#341=VECTOR('',#340,5.494871794872E-1);
#342=CARTESIAN_POINT('',(-2.345E0,-1.775E0,-2.6E0));
#343=LINE('',#342,#341);
#344=CURVE_STYLE('',#77,POSITIVE_LENGTH_MEASURE(2.E-2),#50);
#345=PRESENTATION_STYLE_ASSIGNMENT((#344));
#346=STYLED_ITEM('',(#345),#343);
#347=DIRECTION('',(0.E0,0.E0,-1.E0));
#348=VECTOR('',#347,4.2E0);
#349=CARTESIAN_POINT('',(-2.125E0,-1.775E0,0.E0));
#350=LINE('',#349,#348);
#351=CURVE_STYLE('',#77,POSITIVE_LENGTH_MEASURE(2.E-2),#50);
#352=PRESENTATION_STYLE_ASSIGNMENT((#351));
#353=STYLED_ITEM('',(#352),#350);
#354=DIRECTION('',(0.E0,0.E0,-1.E0));
#355=VECTOR('',#354,1.9E0);
#356=CARTESIAN_POINT('',(-2.894487179487E0,-1.775E0,-7.E-1));
#357=LINE('',#356,#355);
#358=CURVE_STYLE('',#77,POSITIVE_LENGTH_MEASURE(2.E-2),#50);
#359=PRESENTATION_STYLE_ASSIGNMENT((#358));
#360=STYLED_ITEM('',(#359),#357);
#361=DIRECTION('',(7.063804265671E-1,-7.078323904449E-1,0.E0));
#362=VECTOR('',#361,3.531909578804E-1);
#363=CARTESIAN_POINT('',(-2.894487179487E0,6.25E-1,-2.6E0));
#364=LINE('',#363,#362);
#365=CURVE_STYLE('',#77,POSITIVE_LENGTH_MEASURE(2.E-2),#50);
#366=PRESENTATION_STYLE_ASSIGNMENT((#365));
#367=STYLED_ITEM('',(#366),#364);
#368=DIRECTION('',(0.E0,1.E0,0.E0));
#369=VECTOR('',#368,2.5E-1);
#370=CARTESIAN_POINT('',(-2.345E0,3.75E-1,-2.6E0));
#371=LINE('',#370,#369);
#372=CURVE_STYLE('',#77,POSITIVE_LENGTH_MEASURE(2.E-2),#50);
#373=PRESENTATION_STYLE_ASSIGNMENT((#372));
#374=STYLED_ITEM('',(#373),#371);
#375=DIRECTION('',(1.E0,0.E0,0.E0));
#376=VECTOR('',#375,3.E-1);
#377=CARTESIAN_POINT('',(-2.645E0,3.75E-1,-2.6E0));
#378=LINE('',#377,#376);
#379=CURVE_STYLE('',#77,POSITIVE_LENGTH_MEASURE(2.E-2),#50);
#380=PRESENTATION_STYLE_ASSIGNMENT((#379));
#381=STYLED_ITEM('',(#380),#378);
#382=DIRECTION('',(-7.063804265671E-1,-7.078323904449E-1,0.E0));
#383=VECTOR('',#382,3.531909578804E-1);
#384=CARTESIAN_POINT('',(-2.645E0,-1.525E0,-2.6E0));
#385=LINE('',#384,#383);
#386=CURVE_STYLE('',#77,POSITIVE_LENGTH_MEASURE(2.E-2),#50);
#387=PRESENTATION_STYLE_ASSIGNMENT((#386));
#388=STYLED_ITEM('',(#387),#385);
#389=DIRECTION('',(-1.E0,0.E0,0.E0));
#390=VECTOR('',#389,3.E-1);
#391=CARTESIAN_POINT('',(-2.345E0,-1.525E0,-2.6E0));
#392=LINE('',#391,#390);
#393=CURVE_STYLE('',#77,POSITIVE_LENGTH_MEASURE(2.E-2),#50);
#394=PRESENTATION_STYLE_ASSIGNMENT((#393));
#395=STYLED_ITEM('',(#394),#392);
#396=DIRECTION('',(0.E0,1.E0,0.E0));
#397=VECTOR('',#396,2.5E-1);
#398=CARTESIAN_POINT('',(-2.345E0,-1.775E0,-2.6E0));
#399=LINE('',#398,#397);
#400=CURVE_STYLE('',#77,POSITIVE_LENGTH_MEASURE(2.E-2),#50);
#401=PRESENTATION_STYLE_ASSIGNMENT((#400));
#402=STYLED_ITEM('',(#401),#399);
#403=DIRECTION('',(0.E0,-1.E0,0.E0));
#404=VECTOR('',#403,2.5E-1);
#405=CARTESIAN_POINT('',(2.345E0,-1.525E0,-2.6E0));
#406=LINE('',#405,#404);
#407=CURVE_STYLE('',#77,POSITIVE_LENGTH_MEASURE(2.E-2),#50);
#408=PRESENTATION_STYLE_ASSIGNMENT((#407));
#409=STYLED_ITEM('',(#408),#406);
#410=DIRECTION('',(-1.E0,0.E0,0.E0));
#411=VECTOR('',#410,3.E-1);
#412=CARTESIAN_POINT('',(2.645E0,-1.525E0,-2.6E0));
#413=LINE('',#412,#411);
#414=CURVE_STYLE('',#77,POSITIVE_LENGTH_MEASURE(2.E-2),#50);
#415=PRESENTATION_STYLE_ASSIGNMENT((#414));
#416=STYLED_ITEM('',(#415),#413);
#417=DIRECTION('',(-7.063804265671E-1,7.078323904449E-1,0.E0));
#418=VECTOR('',#417,3.531909578804E-1);
#419=CARTESIAN_POINT('',(2.894487179487E0,-1.775E0,-2.6E0));
#420=LINE('',#419,#418);
#421=CURVE_STYLE('',#77,POSITIVE_LENGTH_MEASURE(2.E-2),#50);
#422=PRESENTATION_STYLE_ASSIGNMENT((#421));
#423=STYLED_ITEM('',(#422),#420);
#424=DIRECTION('',(7.063804265671E-1,7.078323904449E-1,0.E0));
#425=VECTOR('',#424,3.531909578804E-1);
#426=CARTESIAN_POINT('',(2.645E0,3.75E-1,-2.6E0));
#427=LINE('',#426,#425);
#428=CURVE_STYLE('',#77,POSITIVE_LENGTH_MEASURE(2.E-2),#50);
#429=PRESENTATION_STYLE_ASSIGNMENT((#428));
#430=STYLED_ITEM('',(#429),#427);
#431=DIRECTION('',(1.E0,0.E0,0.E0));
#432=VECTOR('',#431,3.E-1);
#433=CARTESIAN_POINT('',(2.345E0,3.75E-1,-2.6E0));
#434=LINE('',#433,#432);
#435=CURVE_STYLE('',#77,POSITIVE_LENGTH_MEASURE(2.E-2),#50);
#436=PRESENTATION_STYLE_ASSIGNMENT((#435));
#437=STYLED_ITEM('',(#436),#434);
#438=DIRECTION('',(0.E0,-1.E0,0.E0));
#439=VECTOR('',#438,2.5E-1);
#440=CARTESIAN_POINT('',(2.345E0,6.25E-1,-2.6E0));
#441=LINE('',#440,#439);
#442=CURVE_STYLE('',#77,POSITIVE_LENGTH_MEASURE(2.E-2),#50);
#443=PRESENTATION_STYLE_ASSIGNMENT((#442));
#444=STYLED_ITEM('',(#443),#441);
#445=DIRECTION('',(1.E0,0.E0,0.E0));
#446=VECTOR('',#445,2.25E-1);
#447=CARTESIAN_POINT('',(-2.57E0,3.75E-1,-2.2E0));
#448=LINE('',#447,#446);
#449=CURVE_STYLE('',#77,POSITIVE_LENGTH_MEASURE(2.E-2),#50);
#450=PRESENTATION_STYLE_ASSIGNMENT((#449));
#451=STYLED_ITEM('',(#450),#448);
#452=DIRECTION('',(0.E0,0.E0,-1.E0));
#453=VECTOR('',#452,1.250512820513E0);
#454=CARTESIAN_POINT('',(-2.57E0,3.75E-1,-9.494871794872E-1));
#455=LINE('',#454,#453);
#456=CURVE_STYLE('',#77,POSITIVE_LENGTH_MEASURE(2.E-2),#50);
#457=PRESENTATION_STYLE_ASSIGNMENT((#456));
#458=STYLED_ITEM('',(#457),#455);
#459=DIRECTION('',(0.E0,0.E0,-1.E0));
#460=VECTOR('',#459,1.650512820513E0);
#461=CARTESIAN_POINT('',(-2.645E0,3.75E-1,-9.494871794872E-1));
#462=LINE('',#461,#460);
#463=CURVE_STYLE('',#77,POSITIVE_LENGTH_MEASURE(2.E-2),#50);
#464=PRESENTATION_STYLE_ASSIGNMENT((#463));
#465=STYLED_ITEM('',(#464),#462);
#466=DIRECTION('',(5.233595624294E-2,9.986295347546E-1,0.E0));
#467=VECTOR('',#466,2.607691638088E-1);
#468=CARTESIAN_POINT('',(2.694497768925E0,-2.035043628782E0,-2.2E0));
#469=LINE('',#468,#467);
#470=CURVE_STYLE('',#77,POSITIVE_LENGTH_MEASURE(2.E-2),#50);
#471=PRESENTATION_STYLE_ASSIGNMENT((#470));
#472=STYLED_ITEM('',(#471),#469);
#473=CARTESIAN_POINT('',(2.82E0,-1.551050663962E0,-2.2E0));
#474=DIRECTION('',(0.E0,0.E0,-1.E0));
#475=DIRECTION('',(-4.474185101121E-1,-8.943247043491E-1,0.E0));
#476=AXIS2_PLACEMENT_3D('',#473,#474,#475);
#478=CURVE_STYLE('',#77,POSITIVE_LENGTH_MEASURE(2.E-2),#50);
#479=PRESENTATION_STYLE_ASSIGNMENT((#478));
#480=STYLED_ITEM('',(#479),#477);
#481=DIRECTION('',(0.E0,1.E0,0.E0));
#482=VECTOR('',#481,2.605066396152E-2);
#483=CARTESIAN_POINT('',(2.57E0,-1.551050663962E0,-2.2E0));
#484=LINE('',#483,#482);
#485=CURVE_STYLE('',#77,POSITIVE_LENGTH_MEASURE(2.E-2),#50);
#486=PRESENTATION_STYLE_ASSIGNMENT((#485));
#487=STYLED_ITEM('',(#486),#484);
#488=CARTESIAN_POINT('',(2.82E0,-1.551050663962E0,-2.2E0));
#489=DIRECTION('',(0.E0,0.E0,1.E0));
#490=DIRECTION('',(-9.5E-1,-3.122498999199E-1,0.E0));
#491=AXIS2_PLACEMENT_3D('',#488,#489,#490);
#493=CURVE_STYLE('',#77,POSITIVE_LENGTH_MEASURE(2.E-2),#50);
#494=PRESENTATION_STYLE_ASSIGNMENT((#493));
#495=STYLED_ITEM('',(#494),#492);
#496=DIRECTION('',(-5.233595624294E-2,9.986295347546E-1,0.E0));
#497=VECTOR('',#496,2.607691638088E-1);
#498=CARTESIAN_POINT('',(2.708145372472E0,6.246318400488E-1,-2.2E0));
#499=LINE('',#498,#497);
#500=CURVE_STYLE('',#77,POSITIVE_LENGTH_MEASURE(2.E-2),#50);
#501=PRESENTATION_STYLE_ASSIGNMENT((#500));
#502=STYLED_ITEM('',(#501),#499);
#503=CARTESIAN_POINT('',(2.82E0,4.010506639615E-1,-2.2E0));
#504=DIRECTION('',(0.E0,0.E0,1.E0));
#505=DIRECTION('',(-2.510044621493E-1,9.679859296401E-1,0.E0));
#506=AXIS2_PLACEMENT_3D('',#503,#504,#505);
#508=CURVE_STYLE('',#77,POSITIVE_LENGTH_MEASURE(2.E-2),#50);
#509=PRESENTATION_STYLE_ASSIGNMENT((#508));
#510=STYLED_ITEM('',(#509),#507);
#511=DIRECTION('',(0.E0,1.E0,0.E0));
#512=VECTOR('',#511,2.605066396151E-2);
#513=CARTESIAN_POINT('',(2.57E0,3.75E-1,-2.2E0));
#514=LINE('',#513,#512);
#515=CURVE_STYLE('',#77,POSITIVE_LENGTH_MEASURE(2.E-2),#50);
#516=PRESENTATION_STYLE_ASSIGNMENT((#515));
#517=STYLED_ITEM('',(#516),#514);
#518=CARTESIAN_POINT('',(2.82E0,4.010506639615E-1,-2.2E0));
#519=DIRECTION('',(0.E0,0.E0,-1.E0));
#520=DIRECTION('',(-1.E0,0.E0,0.E0));
#521=AXIS2_PLACEMENT_3D('',#518,#519,#520);
#523=CURVE_STYLE('',#77,POSITIVE_LENGTH_MEASURE(2.E-2),#50);
#524=PRESENTATION_STYLE_ASSIGNMENT((#523));
#525=STYLED_ITEM('',(#524),#522);
#526=DIRECTION('',(-5.233595624294E-2,-9.986295347546E-1,0.E0));
#527=VECTOR('',#526,2.607691638088E-1);
#528=CARTESIAN_POINT('',(-2.694497768925E0,8.850436287816E-1,-2.2E0));
#529=LINE('',#528,#527);
#530=CURVE_STYLE('',#77,POSITIVE_LENGTH_MEASURE(2.E-2),#50);
#531=PRESENTATION_STYLE_ASSIGNMENT((#530));
#532=STYLED_ITEM('',(#531),#529);
#533=CARTESIAN_POINT('',(-2.82E0,4.010506639615E-1,-2.2E0));
#534=DIRECTION('',(0.E0,0.E0,-1.E0));
#535=DIRECTION('',(4.474185101121E-1,8.943247043491E-1,0.E0));
#536=AXIS2_PLACEMENT_3D('',#533,#534,#535);
#538=CURVE_STYLE('',#77,POSITIVE_LENGTH_MEASURE(2.E-2),#50);
#539=PRESENTATION_STYLE_ASSIGNMENT((#538));
#540=STYLED_ITEM('',(#539),#537);
#541=DIRECTION('',(0.E0,-1.E0,0.E0));
#542=VECTOR('',#541,2.605066396151E-2);
#543=CARTESIAN_POINT('',(-2.57E0,4.010506639615E-1,-2.2E0));
#544=LINE('',#543,#542);
#545=CURVE_STYLE('',#77,POSITIVE_LENGTH_MEASURE(2.E-2),#50);
#546=PRESENTATION_STYLE_ASSIGNMENT((#545));
#547=STYLED_ITEM('',(#546),#544);
#548=CARTESIAN_POINT('',(-2.82E0,4.010506639615E-1,-2.2E0));
#549=DIRECTION('',(0.E0,0.E0,1.E0));
#550=DIRECTION('',(9.5E-1,3.122498999199E-1,0.E0));
#551=AXIS2_PLACEMENT_3D('',#548,#549,#550);
#553=CURVE_STYLE('',#77,POSITIVE_LENGTH_MEASURE(2.E-2),#50);
#554=PRESENTATION_STYLE_ASSIGNMENT((#553));
#555=STYLED_ITEM('',(#554),#552);
#556=DIRECTION('',(5.233595624294E-2,-9.986295347546E-1,0.E0));
#557=VECTOR('',#556,2.607691638088E-1);
#558=CARTESIAN_POINT('',(-2.708145372472E0,-1.774631840049E0,-2.2E0));
#559=LINE('',#558,#557);
#560=CURVE_STYLE('',#77,POSITIVE_LENGTH_MEASURE(2.E-2),#50);
#561=PRESENTATION_STYLE_ASSIGNMENT((#560));
#562=STYLED_ITEM('',(#561),#559);
#563=CARTESIAN_POINT('',(-2.82E0,-1.551050663962E0,-2.2E0));
#564=DIRECTION('',(0.E0,0.E0,1.E0));
#565=DIRECTION('',(2.510044621492E-1,-9.679859296401E-1,0.E0));
#566=AXIS2_PLACEMENT_3D('',#563,#564,#565);
#568=CURVE_STYLE('',#77,POSITIVE_LENGTH_MEASURE(2.E-2),#50);
#569=PRESENTATION_STYLE_ASSIGNMENT((#568));
#570=STYLED_ITEM('',(#569),#567);
#571=DIRECTION('',(0.E0,-1.E0,0.E0));
#572=VECTOR('',#571,2.605066396152E-2);
#573=CARTESIAN_POINT('',(-2.57E0,-1.525E0,-2.2E0));
#574=LINE('',#573,#572);
#575=CURVE_STYLE('',#77,POSITIVE_LENGTH_MEASURE(2.E-2),#50);
#576=PRESENTATION_STYLE_ASSIGNMENT((#575));
#577=STYLED_ITEM('',(#576),#574);
#578=CARTESIAN_POINT('',(-2.82E0,-1.551050663962E0,-2.2E0));
#579=DIRECTION('',(0.E0,0.E0,-1.E0));
#580=DIRECTION('',(1.E0,0.E0,0.E0));
#581=AXIS2_PLACEMENT_3D('',#578,#579,#580);
#583=CURVE_STYLE('',#77,POSITIVE_LENGTH_MEASURE(2.E-2),#50);
#584=PRESENTATION_STYLE_ASSIGNMENT((#583));
#585=STYLED_ITEM('',(#584),#582);
#586=CARTESIAN_POINT('',(2.694497768925E0,-2.035043628782E0,-2.2E0));
#587=CARTESIAN_POINT('',(2.703020852838E0,-2.037253714722E0,-2.2E0));
#588=CARTESIAN_POINT('',(2.720162886552E0,-2.041213531611E0,-2.202212983209E0));
#589=CARTESIAN_POINT('',(2.744803953465E0,-2.045544417521E0,-2.212504211727E0));
#590=CARTESIAN_POINT('',(2.765370568990E0,-2.048169393616E0,-2.228480217770E0));
#591=CARTESIAN_POINT('',(2.781310454365E0,-2.049609793998E0,-2.249140188023E0));
#592=CARTESIAN_POINT('',(2.791616734931E0,-2.050258071802E0,-2.274014780756E0));
#593=CARTESIAN_POINT('',(2.793832020927E0,-2.050365433605E0,-2.291355074323E0));
#594=CARTESIAN_POINT('',(2.793832020927E0,-2.050365433605E0,-2.299992103574E0));
#596=CURVE_STYLE('',#77,POSITIVE_LENGTH_MEASURE(2.E-2),#50);
#597=PRESENTATION_STYLE_ASSIGNMENT((#596));
#598=STYLED_ITEM('',(#597),#595);
#599=CARTESIAN_POINT('',(2.806916009871E0,-1.800708052296E0,-2.299992141284E0));
#600=CARTESIAN_POINT('',(2.806916009871E0,-1.800708052296E0,-2.291275710387E0));
#601=CARTESIAN_POINT('',(2.804658148444E0,-1.800607557234E0,-2.273821116898E0));
#602=CARTESIAN_POINT('',(2.794280273546E0,-1.799842098115E0,-2.248939219106E0));
#603=CARTESIAN_POINT('',(2.778372057873E0,-1.797786512636E0,-2.228373728517E0));
#604=CARTESIAN_POINT('',(2.757947291069E0,-1.793605232913E0,-2.212471331182E0));
#605=CARTESIAN_POINT('',(2.733439021918E0,-1.786103159211E0,-2.202188212930E0));
#606=CARTESIAN_POINT('',(2.716523362553E0,-1.778823234764E0,-2.2E0));
#607=CARTESIAN_POINT('',(2.708145372472E0,-1.774631840049E0,-2.2E0));
#609=CURVE_STYLE('',#77,POSITIVE_LENGTH_MEASURE(2.E-2),#50);
#610=PRESENTATION_STYLE_ASSIGNMENT((#609));
#611=STYLED_ITEM('',(#610),#608);
#612=DIRECTION('',(-5.015715571197E-12,-6.290389960983E-12,-1.E0));
#613=VECTOR('',#612,1.749984246134E0);
#614=CARTESIAN_POINT('',(2.793832020936E0,-2.050365433594E0,
-5.500078574395E-1));
#615=LINE('',#614,#613);
#616=CURVE_STYLE('',#77,POSITIVE_LENGTH_MEASURE(2.E-2),#50);
#617=PRESENTATION_STYLE_ASSIGNMENT((#616));
#618=STYLED_ITEM('',(#617),#615);
#619=DIRECTION('',(-5.233595624294E-2,-9.986295347546E-1,0.E0));
#620=VECTOR('',#619,2.607691638088E-1);
#621=CARTESIAN_POINT('',(2.708145372472E0,-1.774631840049E0,-6.5E-1));
#622=LINE('',#621,#620);
#623=CURVE_STYLE('',#77,POSITIVE_LENGTH_MEASURE(2.E-2),#50);
#624=PRESENTATION_STYLE_ASSIGNMENT((#623));
#625=STYLED_ITEM('',(#624),#622);
#626=CARTESIAN_POINT('',(2.82E0,-1.551050663962E0,-6.5E-1));
#627=DIRECTION('',(0.E0,0.E0,1.E0));
#628=DIRECTION('',(-1.E0,0.E0,0.E0));
#629=AXIS2_PLACEMENT_3D('',#626,#627,#628);
#631=CURVE_STYLE('',#77,POSITIVE_LENGTH_MEASURE(2.E-2),#50);
#632=PRESENTATION_STYLE_ASSIGNMENT((#631));
#633=STYLED_ITEM('',(#632),#630);
#634=CARTESIAN_POINT('',(2.82E0,4.010506639615E-1,-6.5E-1));
#635=DIRECTION('',(0.E0,0.E0,1.E0));
#636=DIRECTION('',(-2.510044621493E-1,9.679859296401E-1,0.E0));
#637=AXIS2_PLACEMENT_3D('',#634,#635,#636);
#639=CURVE_STYLE('',#77,POSITIVE_LENGTH_MEASURE(2.E-2),#50);
#640=PRESENTATION_STYLE_ASSIGNMENT((#639));
#641=STYLED_ITEM('',(#640),#638);
#642=DIRECTION('',(5.233595624294E-2,-9.986295347546E-1,0.E0));
#643=VECTOR('',#642,2.607691638088E-1);
#644=CARTESIAN_POINT('',(2.694497768925E0,8.850436287816E-1,-6.5E-1));
#645=LINE('',#644,#643);
#646=CURVE_STYLE('',#77,POSITIVE_LENGTH_MEASURE(2.E-2),#50);
#647=PRESENTATION_STYLE_ASSIGNMENT((#646));
#648=STYLED_ITEM('',(#647),#645);
#649=CARTESIAN_POINT('',(2.82E0,4.010506639615E-1,-6.5E-1));
#650=DIRECTION('',(0.E0,0.E0,-1.E0));
#651=DIRECTION('',(-1.E0,0.E0,0.E0));
#652=AXIS2_PLACEMENT_3D('',#649,#650,#651);
#654=CURVE_STYLE('',#77,POSITIVE_LENGTH_MEASURE(2.E-2),#50);
#655=PRESENTATION_STYLE_ASSIGNMENT((#654));
#656=STYLED_ITEM('',(#655),#653);
#657=DIRECTION('',(0.E0,1.E0,0.E0));
#658=VECTOR('',#657,1.952101327923E0);
#659=CARTESIAN_POINT('',(2.57E0,-1.551050663962E0,-6.5E-1));
#660=LINE('',#659,#658);
#661=CURVE_STYLE('',#77,POSITIVE_LENGTH_MEASURE(2.E-2),#50);
#662=PRESENTATION_STYLE_ASSIGNMENT((#661));
#663=STYLED_ITEM('',(#662),#660);
#664=CARTESIAN_POINT('',(2.82E0,-1.551050663962E0,-6.5E-1));
#665=DIRECTION('',(0.E0,0.E0,-1.E0));
#666=DIRECTION('',(-4.474185101121E-1,-8.943247043491E-1,0.E0));
#667=AXIS2_PLACEMENT_3D('',#664,#665,#666);
#669=CURVE_STYLE('',#77,POSITIVE_LENGTH_MEASURE(2.E-2),#50);
#670=PRESENTATION_STYLE_ASSIGNMENT((#669));
#671=STYLED_ITEM('',(#670),#668);
#672=DIRECTION('',(5.233595624294E-2,9.986295347546E-1,0.E0));
#673=VECTOR('',#672,2.607691638088E-1);
#674=CARTESIAN_POINT('',(-2.708145372472E0,6.246318400488E-1,-6.5E-1));
#675=LINE('',#674,#673);
#676=CURVE_STYLE('',#77,POSITIVE_LENGTH_MEASURE(2.E-2),#50);
#677=PRESENTATION_STYLE_ASSIGNMENT((#676));
#678=STYLED_ITEM('',(#677),#675);
#679=CARTESIAN_POINT('',(-2.82E0,4.010506639615E-1,-6.5E-1));
#680=DIRECTION('',(0.E0,0.E0,1.E0));
#681=DIRECTION('',(1.E0,0.E0,0.E0));
#682=AXIS2_PLACEMENT_3D('',#679,#680,#681);
#684=CURVE_STYLE('',#77,POSITIVE_LENGTH_MEASURE(2.E-2),#50);
#685=PRESENTATION_STYLE_ASSIGNMENT((#684));
#686=STYLED_ITEM('',(#685),#683);
#687=CARTESIAN_POINT('',(-2.82E0,-1.551050663962E0,-6.5E-1));
#688=DIRECTION('',(0.E0,0.E0,1.E0));
#689=DIRECTION('',(2.510044621492E-1,-9.679859296401E-1,0.E0));
#690=AXIS2_PLACEMENT_3D('',#687,#688,#689);
#692=CURVE_STYLE('',#77,POSITIVE_LENGTH_MEASURE(2.E-2),#50);
#693=PRESENTATION_STYLE_ASSIGNMENT((#692));
#694=STYLED_ITEM('',(#693),#691);
#695=DIRECTION('',(-5.233595624294E-2,9.986295347546E-1,0.E0));
#696=VECTOR('',#695,2.607691638088E-1);
#697=CARTESIAN_POINT('',(-2.694497768925E0,-2.035043628782E0,-6.5E-1));
#698=LINE('',#697,#696);
#699=CURVE_STYLE('',#77,POSITIVE_LENGTH_MEASURE(2.E-2),#50);
#700=PRESENTATION_STYLE_ASSIGNMENT((#699));
#701=STYLED_ITEM('',(#700),#698);
#702=CARTESIAN_POINT('',(-2.82E0,-1.551050663962E0,-6.5E-1));
#703=DIRECTION('',(0.E0,0.E0,-1.E0));
#704=DIRECTION('',(1.E0,0.E0,0.E0));
#705=AXIS2_PLACEMENT_3D('',#702,#703,#704);
#707=CURVE_STYLE('',#77,POSITIVE_LENGTH_MEASURE(2.E-2),#50);
#708=PRESENTATION_STYLE_ASSIGNMENT((#707));
#709=STYLED_ITEM('',(#708),#706);
#710=DIRECTION('',(0.E0,-1.E0,0.E0));
#711=VECTOR('',#710,1.952101327923E0);
#712=CARTESIAN_POINT('',(-2.57E0,4.010506639615E-1,-6.5E-1));
#713=LINE('',#712,#711);
#714=CURVE_STYLE('',#77,POSITIVE_LENGTH_MEASURE(2.E-2),#50);
#715=PRESENTATION_STYLE_ASSIGNMENT((#714));
#716=STYLED_ITEM('',(#715),#713);
#717=CARTESIAN_POINT('',(-2.82E0,4.010506639615E-1,-6.5E-1));
#718=DIRECTION('',(0.E0,0.E0,-1.E0));
#719=DIRECTION('',(4.474185101121E-1,8.943247043491E-1,0.E0));
#720=AXIS2_PLACEMENT_3D('',#717,#718,#719);
#722=CURVE_STYLE('',#77,POSITIVE_LENGTH_MEASURE(2.E-2),#50);
#723=PRESENTATION_STYLE_ASSIGNMENT((#722));
#724=STYLED_ITEM('',(#723),#721);
#725=CARTESIAN_POINT('',(2.708145372472E0,-1.774631840049E0,-6.5E-1));
#726=CARTESIAN_POINT('',(2.716523357905E0,-1.778823232439E0,-6.5E-1));
#727=CARTESIAN_POINT('',(2.733439007905E0,-1.786103153569E0,
-6.478117896125E-1));
#728=CARTESIAN_POINT('',(2.757947266583E0,-1.793605226378E0,
-6.375286817011E-1));
#729=CARTESIAN_POINT('',(2.778372027195E0,-1.797786507439E0,
-6.216263008032E-1));
#730=CARTESIAN_POINT('',(2.794280245058E0,-1.799842095216E0,
-6.010608270638E-1));
#731=CARTESIAN_POINT('',(2.804658123832E0,-1.800607555886E0,
-5.761789608183E-1));
#732=CARTESIAN_POINT('',(2.806916009863E0,-1.800708052315E0,
-5.587243623792E-1));
#733=CARTESIAN_POINT('',(2.806916009863E0,-1.800708052315E0,
-5.500078916937E-1));
#735=CURVE_STYLE('',#77,POSITIVE_LENGTH_MEASURE(2.E-2),#50);
#736=PRESENTATION_STYLE_ASSIGNMENT((#735));
#737=STYLED_ITEM('',(#736),#734);
#738=CARTESIAN_POINT('',(2.793832020936E0,-2.050365433594E0,
-5.500078574395E-1));
#739=CARTESIAN_POINT('',(2.793832020936E0,-2.050365433594E0,
-5.586448394816E-1));
#740=CARTESIAN_POINT('',(2.791616763907E0,-2.050258073352E0,
-5.759851269189E-1));
#741=CARTESIAN_POINT('',(2.781310488182E0,-2.049609796594E0,
-6.008597569792E-1));
#742=CARTESIAN_POINT('',(2.765370605468E0,-2.048169397640E0,
-6.215197473794E-1));
#743=CARTESIAN_POINT('',(2.744803982673E0,-2.045544422123E0,
-6.374957729722E-1));
#744=CARTESIAN_POINT('',(2.720162903281E0,-2.041213535283E0,
-6.477870137703E-1));
#745=CARTESIAN_POINT('',(2.703020858433E0,-2.037253716172E0,-6.5E-1));
#746=CARTESIAN_POINT('',(2.694497768925E0,-2.035043628782E0,-6.5E-1));
#748=CURVE_STYLE('',#77,POSITIVE_LENGTH_MEASURE(2.E-2),#50);
#749=PRESENTATION_STYLE_ASSIGNMENT((#748));
#750=STYLED_ITEM('',(#749),#747);
#751=DIRECTION('',(-4.543200389264E-12,-1.106731024837E-11,1.E0));
#752=VECTOR('',#751,1.749984249591E0);
#753=CARTESIAN_POINT('',(2.806916009871E0,-1.800708052296E0,-2.299992141284E0));
#754=LINE('',#753,#752);
#755=CURVE_STYLE('',#77,POSITIVE_LENGTH_MEASURE(2.E-2),#50);
#756=PRESENTATION_STYLE_ASSIGNMENT((#755));
#757=STYLED_ITEM('',(#756),#754);
#758=CARTESIAN_POINT('',(3.554274093049E0,-1.839875425063E0,-2.4E0));
#759=DIRECTION('',(5.233595624294E-2,9.986295347546E-1,0.E0));
#760=DIRECTION('',(9.986295347546E-1,-5.233595624294E-2,0.E0));
#761=AXIS2_PLACEMENT_3D('',#758,#759,#760);
#763=CURVE_STYLE('',#77,POSITIVE_LENGTH_MEASURE(2.E-2),#50);
#764=PRESENTATION_STYLE_ASSIGNMENT((#763));
#765=STYLED_ITEM('',(#764),#762);
#766=DIRECTION('',(0.E0,0.E0,1.E0));
#767=VECTOR('',#766,1.8E0);
#768=CARTESIAN_POINT('',(3.754E0,-1.850342616311E0,-2.4E0));
#769=LINE('',#768,#767);
#770=CURVE_STYLE('',#77,POSITIVE_LENGTH_MEASURE(2.E-2),#50);
#771=PRESENTATION_STYLE_ASSIGNMENT((#770));
#772=STYLED_ITEM('',(#771),#769);
#773=CARTESIAN_POINT('',(3.554274093049E0,-1.839875425063E0,-6.E-1));
#774=DIRECTION('',(5.233595624294E-2,9.986295347546E-1,0.E0));
#775=DIRECTION('',(0.E0,0.E0,1.E0));
#776=AXIS2_PLACEMENT_3D('',#773,#774,#775);
#778=CURVE_STYLE('',#77,POSITIVE_LENGTH_MEASURE(2.E-2),#50);
#779=PRESENTATION_STYLE_ASSIGNMENT((#778));
#780=STYLED_ITEM('',(#779),#777);
#781=CARTESIAN_POINT('',(2.906778964415E0,-1.805941643274E0,-5.E-1));
#782=DIRECTION('',(5.233595624294E-2,9.986295347546E-1,0.E0));
#783=DIRECTION('',(-9.986295347546E-1,5.233595624294E-2,0.E0));
#784=AXIS2_PLACEMENT_3D('',#781,#782,#783);
#786=CURVE_STYLE('',#77,POSITIVE_LENGTH_MEASURE(2.E-2),#50);
#787=PRESENTATION_STYLE_ASSIGNMENT((#786));
#788=STYLED_ITEM('',(#787),#785);
#789=CARTESIAN_POINT('',(2.906778964415E0,-1.805941643274E0,-2.5E0));
#790=DIRECTION('',(5.233595624294E-2,9.986295347546E-1,0.E0));
#791=DIRECTION('',(0.E0,0.E0,-1.E0));
#792=AXIS2_PLACEMENT_3D('',#789,#790,#791);
#794=CURVE_STYLE('',#77,POSITIVE_LENGTH_MEASURE(2.E-2),#50);
#795=PRESENTATION_STYLE_ASSIGNMENT((#794));
#796=STYLED_ITEM('',(#795),#793);
#797=DIRECTION('',(5.233595624294E-2,9.986295347546E-1,0.E0));
#798=VECTOR('',#797,2.5E-1);
#799=CARTESIAN_POINT('',(2.893694975354E0,-2.055599026963E0,-2.6E0));
#800=LINE('',#799,#798);
#801=CURVE_STYLE('',#77,POSITIVE_LENGTH_MEASURE(2.E-2),#50);
#802=PRESENTATION_STYLE_ASSIGNMENT((#801));
#803=STYLED_ITEM('',(#802),#800);
#804=DIRECTION('',(9.986295347546E-1,-5.233595624294E-2,0.E0));
#805=VECTOR('',#804,6.483837159828E-1);
#806=CARTESIAN_POINT('',(2.893694975354E0,-2.055599026963E0,-2.6E0));
#807=LINE('',#806,#805);
#808=CURVE_STYLE('',#77,POSITIVE_LENGTH_MEASURE(2.E-2),#50);
#809=PRESENTATION_STYLE_ASSIGNMENT((#808));
#810=STYLED_ITEM('',(#809),#807);
#811=DIRECTION('',(-5.233595624294E-2,-9.986295347546E-1,0.E0));
#812=VECTOR('',#811,2.5E-1);
#813=CARTESIAN_POINT('',(3.554274093049E0,-1.839875425063E0,-2.6E0));
#814=LINE('',#813,#812);
#815=CURVE_STYLE('',#77,POSITIVE_LENGTH_MEASURE(2.E-2),#50);
#816=PRESENTATION_STYLE_ASSIGNMENT((#815));
#817=STYLED_ITEM('',(#816),#814);
#818=DIRECTION('',(-9.986295347546E-1,5.233595624294E-2,0.E0));
#819=VECTOR('',#818,6.483837159828E-1);
#820=CARTESIAN_POINT('',(3.554274093049E0,-1.839875425063E0,-2.6E0));
#821=LINE('',#820,#819);
#822=CURVE_STYLE('',#77,POSITIVE_LENGTH_MEASURE(2.E-2),#50);
#823=PRESENTATION_STYLE_ASSIGNMENT((#822));
#824=STYLED_ITEM('',(#823),#821);
#825=DIRECTION('',(-5.233595624294E-2,9.986295347546E-1,0.E0));
#826=VECTOR('',#825,2.5E-1);
#827=CARTESIAN_POINT('',(2.906778964415E0,6.559416432745E-1,-2.6E0));
#828=LINE('',#827,#826);
#829=CURVE_STYLE('',#77,POSITIVE_LENGTH_MEASURE(2.E-2),#50);
#830=PRESENTATION_STYLE_ASSIGNMENT((#829));
#831=STYLED_ITEM('',(#830),#828);
#832=DIRECTION('',(9.986295347546E-1,5.233595624294E-2,0.E0));
#833=VECTOR('',#832,6.483837159828E-1);
#834=CARTESIAN_POINT('',(2.906778964415E0,6.559416432745E-1,-2.6E0));
#835=LINE('',#834,#833);
#836=CURVE_STYLE('',#77,POSITIVE_LENGTH_MEASURE(2.E-2),#50);
#837=PRESENTATION_STYLE_ASSIGNMENT((#836));
#838=STYLED_ITEM('',(#837),#835);
#839=DIRECTION('',(5.233595624294E-2,-9.986295347546E-1,0.E0));
#840=VECTOR('',#839,2.5E-1);
#841=CARTESIAN_POINT('',(3.541190103988E0,9.395328087514E-1,-2.6E0));
#842=LINE('',#841,#840);
#843=CURVE_STYLE('',#77,POSITIVE_LENGTH_MEASURE(2.E-2),#50);
#844=PRESENTATION_STYLE_ASSIGNMENT((#843));
#845=STYLED_ITEM('',(#844),#842);
#846=DIRECTION('',(-9.986295347546E-1,-5.233595624294E-2,0.E0));
#847=VECTOR('',#846,6.483837159828E-1);
#848=CARTESIAN_POINT('',(3.541190103988E0,9.395328087514E-1,-2.6E0));
#849=LINE('',#848,#847);
#850=CURVE_STYLE('',#77,POSITIVE_LENGTH_MEASURE(2.E-2),#50);
#851=PRESENTATION_STYLE_ASSIGNMENT((#850));
#852=STYLED_ITEM('',(#851),#849);
#853=DIRECTION('',(5.233595624294E-2,9.986295347546E-1,0.E0));
#854=VECTOR('',#853,2.5E-1);
#855=CARTESIAN_POINT('',(-3.554274093049E0,6.898754250628E-1,-2.6E0));
#856=LINE('',#855,#854);
#857=CURVE_STYLE('',#77,POSITIVE_LENGTH_MEASURE(2.E-2),#50);
#858=PRESENTATION_STYLE_ASSIGNMENT((#857));
#859=STYLED_ITEM('',(#858),#856);
#860=DIRECTION('',(9.986295347546E-1,-5.233595624294E-2,0.E0));
#861=VECTOR('',#860,6.483837159828E-1);
#862=CARTESIAN_POINT('',(-3.554274093049E0,6.898754250628E-1,-2.6E0));
#863=LINE('',#862,#861);
#864=CURVE_STYLE('',#77,POSITIVE_LENGTH_MEASURE(2.E-2),#50);
#865=PRESENTATION_STYLE_ASSIGNMENT((#864));
#866=STYLED_ITEM('',(#865),#863);
#867=DIRECTION('',(-5.233595624294E-2,-9.986295347546E-1,0.E0));
#868=VECTOR('',#867,2.5E-1);
#869=CARTESIAN_POINT('',(-2.893694975354E0,9.055990269631E-1,-2.6E0));
#870=LINE('',#869,#868);
#871=CURVE_STYLE('',#77,POSITIVE_LENGTH_MEASURE(2.E-2),#50);
#872=PRESENTATION_STYLE_ASSIGNMENT((#871));
#873=STYLED_ITEM('',(#872),#870);
#874=DIRECTION('',(-9.986295347546E-1,5.233595624294E-2,0.E0));
#875=VECTOR('',#874,6.483837159828E-1);
#876=CARTESIAN_POINT('',(-2.893694975354E0,9.055990269631E-1,-2.6E0));
#877=LINE('',#876,#875);
#878=CURVE_STYLE('',#77,POSITIVE_LENGTH_MEASURE(2.E-2),#50);
#879=PRESENTATION_STYLE_ASSIGNMENT((#878));
#880=STYLED_ITEM('',(#879),#877);
#881=DIRECTION('',(-5.233595624294E-2,9.986295347546E-1,0.E0));
#882=VECTOR('',#881,2.5E-1);
#883=CARTESIAN_POINT('',(-3.541190103988E0,-2.089532808751E0,-2.6E0));
#884=LINE('',#883,#882);
#885=CURVE_STYLE('',#77,POSITIVE_LENGTH_MEASURE(2.E-2),#50);
#886=PRESENTATION_STYLE_ASSIGNMENT((#885));
#887=STYLED_ITEM('',(#886),#884);
#888=DIRECTION('',(9.986295347546E-1,5.233595624294E-2,0.E0));
#889=VECTOR('',#888,6.483837159828E-1);
#890=CARTESIAN_POINT('',(-3.541190103988E0,-2.089532808751E0,-2.6E0));
#891=LINE('',#890,#889);
#892=CURVE_STYLE('',#77,POSITIVE_LENGTH_MEASURE(2.E-2),#50);
#893=PRESENTATION_STYLE_ASSIGNMENT((#892));
#894=STYLED_ITEM('',(#893),#891);
#895=DIRECTION('',(5.233595624294E-2,-9.986295347546E-1,0.E0));
#896=VECTOR('',#895,2.5E-1);
#897=CARTESIAN_POINT('',(-2.906778964415E0,-1.805941643274E0,-2.6E0));
#898=LINE('',#897,#896);
#899=CURVE_STYLE('',#77,POSITIVE_LENGTH_MEASURE(2.E-2),#50);
#900=PRESENTATION_STYLE_ASSIGNMENT((#899));
#901=STYLED_ITEM('',(#900),#898);
#902=DIRECTION('',(-9.986295347546E-1,-5.233595624294E-2,0.E0));
#903=VECTOR('',#902,6.483837159828E-1);
#904=CARTESIAN_POINT('',(-2.906778964415E0,-1.805941643274E0,-2.6E0));
#905=LINE('',#904,#903);
#906=CURVE_STYLE('',#77,POSITIVE_LENGTH_MEASURE(2.E-2),#50);
#907=PRESENTATION_STYLE_ASSIGNMENT((#906));
#908=STYLED_ITEM('',(#907),#905);
#909=DIRECTION('',(5.233595624294E-2,9.986295347546E-1,0.E0));
#910=VECTOR('',#909,2.5E-1);
#911=CARTESIAN_POINT('',(2.793832021879E0,-2.050365431339E0,-2.5E0));
#912=LINE('',#911,#910);
#913=CURVE_STYLE('',#77,POSITIVE_LENGTH_MEASURE(2.E-2),#50);
#914=PRESENTATION_STYLE_ASSIGNMENT((#913));
#915=STYLED_ITEM('',(#914),#912);
#916=DIRECTION('',(-5.340042855112E-9,-2.322665387848E-8,1.E0));
#917=VECTOR('',#916,2.000078587157E-1);
#918=CARTESIAN_POINT('',(2.806916010939E0,-1.800708047650E0,-2.5E0));
#919=LINE('',#918,#917);
#920=CURVE_STYLE('',#77,POSITIVE_LENGTH_MEASURE(2.E-2),#50);
#921=PRESENTATION_STYLE_ASSIGNMENT((#920));
#922=STYLED_ITEM('',(#921),#919);
#923=DIRECTION('',(5.233595627458E-2,9.986295347529E-1,-1.508413941471E-7));
#924=VECTOR('',#923,2.499999976179E-1);
#925=CARTESIAN_POINT('',(2.793832020927E0,-2.050365433605E0,-2.299992103574E0));
#926=LINE('',#925,#924);
#927=CURVE_STYLE('',#77,POSITIVE_LENGTH_MEASURE(2.E-2),#50);
#928=PRESENTATION_STYLE_ASSIGNMENT((#927));
#929=STYLED_ITEM('',(#928),#926);
#930=DIRECTION('',(-5.233595624294E-2,-9.986295347546E-1,0.E0));
#931=VECTOR('',#930,2.5E-1);
#932=CARTESIAN_POINT('',(2.806916010939E0,-1.800708047650E0,-5.E-1));
#933=LINE('',#932,#931);
#934=CURVE_STYLE('',#77,POSITIVE_LENGTH_MEASURE(2.E-2),#50);
#935=PRESENTATION_STYLE_ASSIGNMENT((#934));
#936=STYLED_ITEM('',(#935),#933);
#937=DIRECTION('',(-5.233595621420E-2,-9.986295347561E-1,1.370167756935E-7));
#938=VECTOR('',#937,2.499999975867E-1);
#939=CARTESIAN_POINT('',(2.806916009863E0,-1.800708052315E0,
-5.500078916937E-1));
#940=LINE('',#939,#938);
#941=CURVE_STYLE('',#77,POSITIVE_LENGTH_MEASURE(2.E-2),#50);
#942=PRESENTATION_STYLE_ASSIGNMENT((#941));
#943=STYLED_ITEM('',(#942),#940);
#944=DIRECTION('',(2.151661638781E-8,9.328289531904E-8,1.E0));
#945=VECTOR('',#944,5.000789169367E-2);
#946=CARTESIAN_POINT('',(2.806916009863E0,-1.800708052315E0,
-5.500078916937E-1));
#947=LINE('',#946,#945);
#948=CURVE_STYLE('',#77,POSITIVE_LENGTH_MEASURE(2.E-2),#50);
#949=PRESENTATION_STYLE_ASSIGNMENT((#948));
#950=STYLED_ITEM('',(#949),#947);
#951=CARTESIAN_POINT('',(2.893694975354E0,-2.055599026963E0,-2.5E0));
#952=DIRECTION('',(-5.233595624294E-2,-9.986295347546E-1,0.E0));
#953=DIRECTION('',(-9.986295347546E-1,5.233595624294E-2,0.E0));
#954=AXIS2_PLACEMENT_3D('',#951,#952,#953);
#956=CURVE_STYLE('',#77,POSITIVE_LENGTH_MEASURE(2.E-2),#50);
#957=PRESENTATION_STYLE_ASSIGNMENT((#956));
#958=STYLED_ITEM('',(#957),#955);
#959=DIRECTION('',(-4.756278543903E-9,-1.133108167318E-8,1.E0));
#960=VECTOR('',#959,2.000078964261E-1);
#961=CARTESIAN_POINT('',(2.793832021879E0,-2.050365431339E0,-2.5E0));
#962=LINE('',#961,#960);
#963=CURVE_STYLE('',#77,POSITIVE_LENGTH_MEASURE(2.E-2),#50);
#964=PRESENTATION_STYLE_ASSIGNMENT((#963));
#965=STYLED_ITEM('',(#964),#962);
#966=DIRECTION('',(1.884735502397E-8,4.509886729460E-8,1.E0));
#967=VECTOR('',#966,5.000785743947E-2);
#968=CARTESIAN_POINT('',(2.793832020936E0,-2.050365433594E0,
-5.500078574395E-1));
#969=LINE('',#968,#967);
#970=CURVE_STYLE('',#77,POSITIVE_LENGTH_MEASURE(2.E-2),#50);
#971=PRESENTATION_STYLE_ASSIGNMENT((#970));
#972=STYLED_ITEM('',(#971),#969);
#973=CARTESIAN_POINT('',(2.893694975354E0,-2.055599026963E0,-5.E-1));
#974=DIRECTION('',(-5.233595624294E-2,-9.986295347546E-1,0.E0));
#975=DIRECTION('',(0.E0,0.E0,1.E0));
#976=AXIS2_PLACEMENT_3D('',#973,#974,#975);
#978=CURVE_STYLE('',#77,POSITIVE_LENGTH_MEASURE(2.E-2),#50);
#979=PRESENTATION_STYLE_ASSIGNMENT((#978));
#980=STYLED_ITEM('',(#979),#977);
#981=CARTESIAN_POINT('',(3.541190103988E0,-2.089532808751E0,-6.E-1));
#982=DIRECTION('',(-5.233595624294E-2,-9.986295347546E-1,0.E0));
#983=DIRECTION('',(9.986295347546E-1,-5.233595624294E-2,0.E0));
#984=AXIS2_PLACEMENT_3D('',#981,#982,#983);
#986=CURVE_STYLE('',#77,POSITIVE_LENGTH_MEASURE(2.E-2),#50);
#987=PRESENTATION_STYLE_ASSIGNMENT((#986));
#988=STYLED_ITEM('',(#987),#985);
#989=DIRECTION('',(0.E0,0.E0,-1.E0));
#990=VECTOR('',#989,1.8E0);
#991=CARTESIAN_POINT('',(3.740916010939E0,-2.1E0,-6.E-1));
#992=LINE('',#991,#990);
#993=CURVE_STYLE('',#77,POSITIVE_LENGTH_MEASURE(2.E-2),#50);
#994=PRESENTATION_STYLE_ASSIGNMENT((#993));
#995=STYLED_ITEM('',(#994),#992);
#996=CARTESIAN_POINT('',(3.541190103988E0,-2.089532808751E0,-2.4E0));
#997=DIRECTION('',(-5.233595624294E-2,-9.986295347546E-1,0.E0));
#998=DIRECTION('',(0.E0,0.E0,-1.E0));
#999=AXIS2_PLACEMENT_3D('',#996,#997,#998);
#1001=CURVE_STYLE('',#77,POSITIVE_LENGTH_MEASURE(2.E-2),#50);
#1002=PRESENTATION_STYLE_ASSIGNMENT((#1001));
#1003=STYLED_ITEM('',(#1002),#1000);
#1004=DIRECTION('',(-5.233595624294E-2,-9.986295347546E-1,0.E0));
#1005=VECTOR('',#1004,2.5E-1);
#1006=CARTESIAN_POINT('',(2.906778964415E0,-1.805941643274E0,-4.E-1));
#1007=LINE('',#1006,#1005);
#1008=CURVE_STYLE('',#77,POSITIVE_LENGTH_MEASURE(2.E-2),#50);
#1009=PRESENTATION_STYLE_ASSIGNMENT((#1008));
#1010=STYLED_ITEM('',(#1009),#1007);
#1011=DIRECTION('',(-9.986295347546E-1,5.233595624294E-2,0.E0));
#1012=VECTOR('',#1011,6.483837159828E-1);
#1013=CARTESIAN_POINT('',(3.554274093049E0,-1.839875425063E0,-4.E-1));
#1014=LINE('',#1013,#1012);
#1015=CURVE_STYLE('',#77,POSITIVE_LENGTH_MEASURE(2.E-2),#50);
#1016=PRESENTATION_STYLE_ASSIGNMENT((#1015));
#1017=STYLED_ITEM('',(#1016),#1014);
#1018=DIRECTION('',(5.233595624294E-2,9.986295347546E-1,0.E0));
#1019=VECTOR('',#1018,2.5E-1);
#1020=CARTESIAN_POINT('',(3.541190103988E0,-2.089532808751E0,-4.E-1));
#1021=LINE('',#1020,#1019);
#1022=CURVE_STYLE('',#77,POSITIVE_LENGTH_MEASURE(2.E-2),#50);
#1023=PRESENTATION_STYLE_ASSIGNMENT((#1022));
#1024=STYLED_ITEM('',(#1023),#1021);
#1025=DIRECTION('',(9.986295347546E-1,-5.233595624294E-2,0.E0));
#1026=VECTOR('',#1025,6.483837159828E-1);
#1027=CARTESIAN_POINT('',(2.893694975354E0,-2.055599026963E0,-4.E-1));
#1028=LINE('',#1027,#1026);
#1029=CURVE_STYLE('',#77,POSITIVE_LENGTH_MEASURE(2.E-2),#50);
#1030=PRESENTATION_STYLE_ASSIGNMENT((#1029));
#1031=STYLED_ITEM('',(#1030),#1028);
#1032=DIRECTION('',(5.233595624295E-2,-9.986295347546E-1,0.E0));
#1033=VECTOR('',#1032,2.5E-1);
#1034=CARTESIAN_POINT('',(2.893694975354E0,9.055990269631E-1,-4.E-1));
#1035=LINE('',#1034,#1033);
#1036=CURVE_STYLE('',#77,POSITIVE_LENGTH_MEASURE(2.E-2),#50);
#1037=PRESENTATION_STYLE_ASSIGNMENT((#1036));
#1038=STYLED_ITEM('',(#1037),#1035);
#1039=DIRECTION('',(-9.986295347546E-1,-5.233595624294E-2,0.E0));
#1040=VECTOR('',#1039,6.483837159828E-1);
#1041=CARTESIAN_POINT('',(3.541190103988E0,9.395328087514E-1,-4.E-1));
#1042=LINE('',#1041,#1040);
#1043=CURVE_STYLE('',#77,POSITIVE_LENGTH_MEASURE(2.E-2),#50);
#1044=PRESENTATION_STYLE_ASSIGNMENT((#1043));
#1045=STYLED_ITEM('',(#1044),#1042);
#1046=DIRECTION('',(-5.233595624294E-2,9.986295347546E-1,0.E0));
#1047=VECTOR('',#1046,2.5E-1);
#1048=CARTESIAN_POINT('',(3.554274093049E0,6.898754250628E-1,-4.E-1));
#1049=LINE('',#1048,#1047);
#1050=CURVE_STYLE('',#77,POSITIVE_LENGTH_MEASURE(2.E-2),#50);
#1051=PRESENTATION_STYLE_ASSIGNMENT((#1050));
#1052=STYLED_ITEM('',(#1051),#1049);
#1053=DIRECTION('',(9.986295347546E-1,5.233595624294E-2,0.E0));
#1054=VECTOR('',#1053,6.483837159828E-1);
#1055=CARTESIAN_POINT('',(2.906778964415E0,6.559416432745E-1,-4.E-1));
#1056=LINE('',#1055,#1054);
#1057=CURVE_STYLE('',#77,POSITIVE_LENGTH_MEASURE(2.E-2),#50);
#1058=PRESENTATION_STYLE_ASSIGNMENT((#1057));
#1059=STYLED_ITEM('',(#1058),#1056);
#1060=DIRECTION('',(5.233595624294E-2,9.986295347546E-1,0.E0));
#1061=VECTOR('',#1060,2.5E-1);
#1062=CARTESIAN_POINT('',(-2.906778964415E0,6.559416432745E-1,-4.E-1));
#1063=LINE('',#1062,#1061);
#1064=CURVE_STYLE('',#77,POSITIVE_LENGTH_MEASURE(2.E-2),#50);
#1065=PRESENTATION_STYLE_ASSIGNMENT((#1064));
#1066=STYLED_ITEM('',(#1065),#1063);
#1067=DIRECTION('',(9.986295347546E-1,-5.233595624294E-2,0.E0));
#1068=VECTOR('',#1067,6.483837159828E-1);
#1069=CARTESIAN_POINT('',(-3.554274093049E0,6.898754250628E-1,-4.E-1));
#1070=LINE('',#1069,#1068);
#1071=CURVE_STYLE('',#77,POSITIVE_LENGTH_MEASURE(2.E-2),#50);
#1072=PRESENTATION_STYLE_ASSIGNMENT((#1071));
#1073=STYLED_ITEM('',(#1072),#1070);
#1074=DIRECTION('',(-5.233595624294E-2,-9.986295347546E-1,0.E0));
#1075=VECTOR('',#1074,2.5E-1);
#1076=CARTESIAN_POINT('',(-3.541190103988E0,9.395328087514E-1,-4.E-1));
#1077=LINE('',#1076,#1075);
#1078=CURVE_STYLE('',#77,POSITIVE_LENGTH_MEASURE(2.E-2),#50);
#1079=PRESENTATION_STYLE_ASSIGNMENT((#1078));
#1080=STYLED_ITEM('',(#1079),#1077);
#1081=DIRECTION('',(-9.986295347546E-1,5.233595624294E-2,0.E0));
#1082=VECTOR('',#1081,6.483837159828E-1);
#1083=CARTESIAN_POINT('',(-2.893694975354E0,9.055990269631E-1,-4.E-1));
#1084=LINE('',#1083,#1082);
#1085=CURVE_STYLE('',#77,POSITIVE_LENGTH_MEASURE(2.E-2),#50);
#1086=PRESENTATION_STYLE_ASSIGNMENT((#1085));
#1087=STYLED_ITEM('',(#1086),#1084);
#1088=DIRECTION('',(5.233595624294E-2,-9.986295347546E-1,0.E0));
#1089=VECTOR('',#1088,2.5E-1);
#1090=CARTESIAN_POINT('',(-3.554274093049E0,-1.839875425063E0,-4.E-1));
#1091=LINE('',#1090,#1089);
#1092=CURVE_STYLE('',#77,POSITIVE_LENGTH_MEASURE(2.E-2),#50);
#1093=PRESENTATION_STYLE_ASSIGNMENT((#1092));
#1094=STYLED_ITEM('',(#1093),#1091);
#1095=DIRECTION('',(-9.986295347546E-1,-5.233595624294E-2,0.E0));
#1096=VECTOR('',#1095,6.483837159828E-1);
#1097=CARTESIAN_POINT('',(-2.906778964415E0,-1.805941643274E0,-4.E-1));
#1098=LINE('',#1097,#1096);
#1099=CURVE_STYLE('',#77,POSITIVE_LENGTH_MEASURE(2.E-2),#50);
#1100=PRESENTATION_STYLE_ASSIGNMENT((#1099));
#1101=STYLED_ITEM('',(#1100),#1098);
#1102=DIRECTION('',(-5.233595624294E-2,9.986295347546E-1,0.E0));
#1103=VECTOR('',#1102,2.5E-1);
#1104=CARTESIAN_POINT('',(-2.893694975354E0,-2.055599026963E0,-4.E-1));
#1105=LINE('',#1104,#1103);
#1106=CURVE_STYLE('',#77,POSITIVE_LENGTH_MEASURE(2.E-2),#50);
#1107=PRESENTATION_STYLE_ASSIGNMENT((#1106));
#1108=STYLED_ITEM('',(#1107),#1105);
#1109=DIRECTION('',(9.986295347546E-1,5.233595624294E-2,0.E0));
#1110=VECTOR('',#1109,6.483837159828E-1);
#1111=CARTESIAN_POINT('',(-3.541190103988E0,-2.089532808751E0,-4.E-1));
#1112=LINE('',#1111,#1110);
#1113=CURVE_STYLE('',#77,POSITIVE_LENGTH_MEASURE(2.E-2),#50);
#1114=PRESENTATION_STYLE_ASSIGNMENT((#1113));
#1115=STYLED_ITEM('',(#1114),#1112);
#1116=DIRECTION('',(5.233595624294E-2,9.986295347546E-1,0.E0));
#1117=VECTOR('',#1116,2.5E-1);
#1118=CARTESIAN_POINT('',(3.740916010939E0,-2.1E0,-6.E-1));
#1119=LINE('',#1118,#1117);
#1120=CURVE_STYLE('',#77,POSITIVE_LENGTH_MEASURE(2.E-2),#50);
#1121=PRESENTATION_STYLE_ASSIGNMENT((#1120));
#1122=STYLED_ITEM('',(#1121),#1119);
#1123=DIRECTION('',(-5.233595624294E-2,-9.986295347546E-1,0.E0));
#1124=VECTOR('',#1123,2.5E-1);
#1125=CARTESIAN_POINT('',(3.754E0,-1.850342616311E0,-2.4E0));
#1126=LINE('',#1125,#1124);
#1127=CURVE_STYLE('',#77,POSITIVE_LENGTH_MEASURE(2.E-2),#50);
#1128=PRESENTATION_STYLE_ASSIGNMENT((#1127));
#1129=STYLED_ITEM('',(#1128),#1126);
#1130=CARTESIAN_POINT('',(2.906778964415E0,6.559416432745E-1,-2.5E0));
#1131=DIRECTION('',(5.233595624294E-2,-9.986295347546E-1,0.E0));
#1132=DIRECTION('',(-9.986295347546E-1,-5.233595624294E-2,0.E0));
#1133=AXIS2_PLACEMENT_3D('',#1130,#1131,#1132);
#1135=CURVE_STYLE('',#77,POSITIVE_LENGTH_MEASURE(2.E-2),#50);
#1136=PRESENTATION_STYLE_ASSIGNMENT((#1135));
#1137=STYLED_ITEM('',(#1136),#1134);
#1138=DIRECTION('',(-5.380110555833E-9,2.332426585612E-8,1.E0));
#1139=VECTOR('',#1138,2.000078919596E-1);
#1140=CARTESIAN_POINT('',(2.806916010939E0,6.507080476502E-1,-2.5E0));
#1141=LINE('',#1140,#1139);
#1142=CURVE_STYLE('',#77,POSITIVE_LENGTH_MEASURE(2.E-2),#50);
#1143=PRESENTATION_STYLE_ASSIGNMENT((#1142));
#1144=STYLED_ITEM('',(#1143),#1141);
#1145=DIRECTION('',(2.137009418141E-8,-9.292605809422E-8,1.E0));
#1146=VECTOR('',#1145,5.000786130430E-2);
#1147=CARTESIAN_POINT('',(2.806916009871E0,6.507080522972E-1,
-5.500078613043E-1));
#1148=LINE('',#1147,#1146);
#1149=CURVE_STYLE('',#77,POSITIVE_LENGTH_MEASURE(2.E-2),#50);
#1150=PRESENTATION_STYLE_ASSIGNMENT((#1149));
#1151=STYLED_ITEM('',(#1150),#1148);
#1152=CARTESIAN_POINT('',(2.906778964415E0,6.559416432745E-1,-5.E-1));
#1153=DIRECTION('',(5.233595624294E-2,-9.986295347546E-1,0.E0));
#1154=DIRECTION('',(0.E0,0.E0,1.E0));
#1155=AXIS2_PLACEMENT_3D('',#1152,#1153,#1154);
#1157=CURVE_STYLE('',#77,POSITIVE_LENGTH_MEASURE(2.E-2),#50);
#1158=PRESENTATION_STYLE_ASSIGNMENT((#1157));
#1159=STYLED_ITEM('',(#1158),#1156);
#1160=CARTESIAN_POINT('',(3.554274093049E0,6.898754250628E-1,-6.E-1));
#1161=DIRECTION('',(5.233595624295E-2,-9.986295347546E-1,0.E0));
#1162=DIRECTION('',(9.986295347546E-1,5.233595624295E-2,0.E0));
#1163=AXIS2_PLACEMENT_3D('',#1160,#1161,#1162);
#1165=CURVE_STYLE('',#77,POSITIVE_LENGTH_MEASURE(2.E-2),#50);
#1166=PRESENTATION_STYLE_ASSIGNMENT((#1165));
#1167=STYLED_ITEM('',(#1166),#1164);
#1168=DIRECTION('',(0.E0,0.E0,-1.E0));
#1169=VECTOR('',#1168,1.8E0);
#1170=CARTESIAN_POINT('',(3.754E0,7.003426163114E-1,-6.E-1));
#1171=LINE('',#1170,#1169);
#1172=CURVE_STYLE('',#77,POSITIVE_LENGTH_MEASURE(2.E-2),#50);
#1173=PRESENTATION_STYLE_ASSIGNMENT((#1172));
#1174=STYLED_ITEM('',(#1173),#1171);
#1175=CARTESIAN_POINT('',(3.554274093049E0,6.898754250628E-1,-2.4E0));
#1176=DIRECTION('',(5.233595624295E-2,-9.986295347546E-1,0.E0));
#1177=DIRECTION('',(0.E0,0.E0,-1.E0));
#1178=AXIS2_PLACEMENT_3D('',#1175,#1176,#1177);
#1180=CURVE_STYLE('',#77,POSITIVE_LENGTH_MEASURE(2.E-2),#50);
#1181=PRESENTATION_STYLE_ASSIGNMENT((#1180));
#1182=STYLED_ITEM('',(#1181),#1179);
#1183=CARTESIAN_POINT('',(3.541190103988E0,9.395328087514E-1,-2.4E0));
#1184=DIRECTION('',(-5.233595624295E-2,9.986295347546E-1,0.E0));
#1185=DIRECTION('',(9.986295347546E-1,5.233595624295E-2,0.E0));
#1186=AXIS2_PLACEMENT_3D('',#1183,#1184,#1185);
#1188=CURVE_STYLE('',#77,POSITIVE_LENGTH_MEASURE(2.E-2),#50);
#1189=PRESENTATION_STYLE_ASSIGNMENT((#1188));
#1190=STYLED_ITEM('',(#1189),#1187);
#1191=DIRECTION('',(0.E0,0.E0,1.E0));
#1192=VECTOR('',#1191,1.8E0);
#1193=CARTESIAN_POINT('',(3.740916010939E0,9.5E-1,-2.4E0));
#1194=LINE('',#1193,#1192);
#1195=CURVE_STYLE('',#77,POSITIVE_LENGTH_MEASURE(2.E-2),#50);
#1196=PRESENTATION_STYLE_ASSIGNMENT((#1195));
#1197=STYLED_ITEM('',(#1196),#1194);
#1198=CARTESIAN_POINT('',(3.541190103988E0,9.395328087514E-1,-6.E-1));
#1199=DIRECTION('',(-5.233595624295E-2,9.986295347546E-1,0.E0));
#1200=DIRECTION('',(0.E0,0.E0,1.E0));
#1201=AXIS2_PLACEMENT_3D('',#1198,#1199,#1200);
#1203=CURVE_STYLE('',#77,POSITIVE_LENGTH_MEASURE(2.E-2),#50);
#1204=PRESENTATION_STYLE_ASSIGNMENT((#1203));
#1205=STYLED_ITEM('',(#1204),#1202);
#1206=CARTESIAN_POINT('',(2.893694975354E0,9.055990269631E-1,-5.E-1));
#1207=DIRECTION('',(-5.233595624294E-2,9.986295347546E-1,0.E0));
#1208=DIRECTION('',(-9.986295347546E-1,-5.233595624294E-2,0.E0));
#1209=AXIS2_PLACEMENT_3D('',#1206,#1207,#1208);
#1211=CURVE_STYLE('',#77,POSITIVE_LENGTH_MEASURE(2.E-2),#50);
#1212=PRESENTATION_STYLE_ASSIGNMENT((#1211));
#1213=STYLED_ITEM('',(#1212),#1210);
#1214=CARTESIAN_POINT('',(2.893694975354E0,9.055990269631E-1,-2.5E0));
#1215=DIRECTION('',(-5.233595624294E-2,9.986295347546E-1,0.E0));
#1216=DIRECTION('',(0.E0,0.E0,-1.E0));
#1217=AXIS2_PLACEMENT_3D('',#1214,#1215,#1216);
#1219=CURVE_STYLE('',#77,POSITIVE_LENGTH_MEASURE(2.E-2),#50);
#1220=PRESENTATION_STYLE_ASSIGNMENT((#1219));
#1221=STYLED_ITEM('',(#1220),#1218);
#1222=DIRECTION('',(-5.233595624295E-2,9.986295347546E-1,0.E0));
#1223=VECTOR('',#1222,2.5E-1);
#1224=CARTESIAN_POINT('',(3.754E0,7.003426163114E-1,-6.E-1));
#1225=LINE('',#1224,#1223);
#1226=CURVE_STYLE('',#77,POSITIVE_LENGTH_MEASURE(2.E-2),#50);
#1227=PRESENTATION_STYLE_ASSIGNMENT((#1226));
#1228=STYLED_ITEM('',(#1227),#1225);
#1229=DIRECTION('',(5.233595624295E-2,-9.986295347546E-1,0.E0));
#1230=VECTOR('',#1229,2.5E-1);
#1231=CARTESIAN_POINT('',(3.740916010939E0,9.5E-1,-2.4E0));
#1232=LINE('',#1231,#1230);
#1233=CURVE_STYLE('',#77,POSITIVE_LENGTH_MEASURE(2.E-2),#50);
#1234=PRESENTATION_STYLE_ASSIGNMENT((#1233));
#1235=STYLED_ITEM('',(#1234),#1232);
#1236=DIRECTION('',(5.233595624294E-2,-9.986295347546E-1,0.E0));
#1237=VECTOR('',#1236,2.5E-1);
#1238=CARTESIAN_POINT('',(2.793832021879E0,9.003654313388E-1,-5.E-1));
#1239=LINE('',#1238,#1237);
#1240=CURVE_STYLE('',#77,POSITIVE_LENGTH_MEASURE(2.E-2),#50);
#1241=PRESENTATION_STYLE_ASSIGNMENT((#1240));
#1242=STYLED_ITEM('',(#1241),#1239);
#1243=DIRECTION('',(5.233595626984E-2,-9.986295347532E-1,1.282408347311E-7));
#1244=VECTOR('',#1243,2.499999976155E-1);
#1245=CARTESIAN_POINT('',(2.793832020928E0,9.003654336042E-1,
-5.500078933645E-1));
#1246=LINE('',#1245,#1244);
#1247=CURVE_STYLE('',#77,POSITIVE_LENGTH_MEASURE(2.E-2),#50);
#1248=PRESENTATION_STYLE_ASSIGNMENT((#1247));
#1249=STYLED_ITEM('',(#1248),#1246);
#1250=DIRECTION('',(1.900905324550E-8,-4.530168058807E-8,1.E0));
#1251=VECTOR('',#1250,5.000789336451E-2);
#1252=CARTESIAN_POINT('',(2.793832020928E0,9.003654336042E-1,
-5.500078933645E-1));
#1253=LINE('',#1252,#1251);
#1254=CURVE_STYLE('',#77,POSITIVE_LENGTH_MEASURE(2.E-2),#50);
#1255=PRESENTATION_STYLE_ASSIGNMENT((#1254));
#1256=STYLED_ITEM('',(#1255),#1253);
#1257=DIRECTION('',(-5.233595624294E-2,9.986295347546E-1,0.E0));
#1258=VECTOR('',#1257,2.5E-1);
#1259=CARTESIAN_POINT('',(2.806916010939E0,6.507080476502E-1,-2.5E0));
#1260=LINE('',#1259,#1258);
#1261=CURVE_STYLE('',#77,POSITIVE_LENGTH_MEASURE(2.E-2),#50);
#1262=PRESENTATION_STYLE_ASSIGNMENT((#1261));
#1263=STYLED_ITEM('',(#1262),#1260);
#1264=DIRECTION('',(-4.712043269736E-9,1.127560212864E-8,1.E0));
#1265=VECTOR('',#1264,2.000078571238E-1);
#1266=CARTESIAN_POINT('',(2.793832021879E0,9.003654313388E-1,-2.5E0));
#1267=LINE('',#1266,#1265);
#1268=CURVE_STYLE('',#77,POSITIVE_LENGTH_MEASURE(2.E-2),#50);
#1269=PRESENTATION_STYLE_ASSIGNMENT((#1268));
#1270=STYLED_ITEM('',(#1269),#1267);
#1271=DIRECTION('',(-5.233595621372E-2,9.986295347561E-1,-1.393432600546E-7));
#1272=VECTOR('',#1271,2.499999975865E-1);
#1273=CARTESIAN_POINT('',(2.806916009863E0,6.507080523152E-1,
-2.299992108040E0));
#1274=LINE('',#1273,#1272);
#1275=CURVE_STYLE('',#77,POSITIVE_LENGTH_MEASURE(2.E-2),#50);
#1276=PRESENTATION_STYLE_ASSIGNMENT((#1275));
#1277=STYLED_ITEM('',(#1276),#1274);
#1278=CARTESIAN_POINT('',(2.694497768925E0,8.850436287816E-1,-6.5E-1));
#1279=CARTESIAN_POINT('',(2.703020853277E0,8.872537148356E-1,-6.5E-1));
#1280=CARTESIAN_POINT('',(2.720162887865E0,8.912135318994E-1,
-6.477870165537E-1));
#1281=CARTESIAN_POINT('',(2.744803955758E0,8.955444178823E-1,
-6.374957870718E-1));
#1282=CARTESIAN_POINT('',(2.765370571855E0,8.981693939319E-1,
-6.215197794931E-1));
#1283=CARTESIAN_POINT('',(2.781310457021E0,8.996097942022E-1,
-6.008598076584E-1));
#1284=CARTESIAN_POINT('',(2.791616737206E0,9.002580719233E-1,
-5.759852119936E-1));
#1285=CARTESIAN_POINT('',(2.793832020928E0,9.003654336042E-1,
-5.586449189081E-1));
#1286=CARTESIAN_POINT('',(2.793832020928E0,9.003654336042E-1,
-5.500078933645E-1));
#1288=CURVE_STYLE('',#77,POSITIVE_LENGTH_MEASURE(2.E-2),#50);
#1289=PRESENTATION_STYLE_ASSIGNMENT((#1288));
#1290=STYLED_ITEM('',(#1289),#1287);
#1291=CARTESIAN_POINT('',(2.806916009871E0,6.507080522972E-1,
-5.500078613043E-1));
#1292=CARTESIAN_POINT('',(2.806916009871E0,6.507080522972E-1,
-5.587242953252E-1));
#1293=CARTESIAN_POINT('',(2.804658146512E0,6.506075571277E-1,
-5.761788892027E-1));
#1294=CARTESIAN_POINT('',(2.794280271310E0,6.498420978875E-1,
-6.010607845180E-1));
#1295=CARTESIAN_POINT('',(2.778372055465E0,6.477865122277E-1,
-6.216262737841E-1));
#1296=CARTESIAN_POINT('',(2.757947289147E0,6.436052323997E-1,
-6.375286698292E-1));
#1297=CARTESIAN_POINT('',(2.733439020818E0,6.361031587679E-1,
-6.478117872700E-1));
#1298=CARTESIAN_POINT('',(2.716523362188E0,6.288232345819E-1,-6.5E-1));
#1299=CARTESIAN_POINT('',(2.708145372472E0,6.246318400488E-1,-6.5E-1));
#1301=CURVE_STYLE('',#77,POSITIVE_LENGTH_MEASURE(2.E-2),#50);
#1302=PRESENTATION_STYLE_ASSIGNMENT((#1301));
#1303=STYLED_ITEM('',(#1302),#1300);
#1304=DIRECTION('',(-4.661202298708E-12,5.847058044671E-12,1.E0));
#1305=VECTOR('',#1304,1.749984249512E0);
#1306=CARTESIAN_POINT('',(2.793832020936E0,9.003654335940E-1,
-2.299992142876E0));
#1307=LINE('',#1306,#1305);
#1308=CURVE_STYLE('',#77,POSITIVE_LENGTH_MEASURE(2.E-2),#50);
#1309=PRESENTATION_STYLE_ASSIGNMENT((#1308));
#1310=STYLED_ITEM('',(#1309),#1307);
#1311=CARTESIAN_POINT('',(2.708145372472E0,6.246318400488E-1,-2.2E0));
#1312=CARTESIAN_POINT('',(2.716523357868E0,6.288232324204E-1,-2.2E0));
#1313=CARTESIAN_POINT('',(2.733439007792E0,6.361031535235E-1,
-2.202188210367E0));
#1314=CARTESIAN_POINT('',(2.757947266385E0,6.436052263258E-1,
-2.212471318195E0));
#1315=CARTESIAN_POINT('',(2.778372026948E0,6.477865073968E-1,
-2.228373698960E0));
#1316=CARTESIAN_POINT('',(2.794280244828E0,6.498420951930E-1,
-2.248939172564E0));
#1317=CARTESIAN_POINT('',(2.804658123634E0,6.506075558750E-1,
-2.273821038555E0));
#1318=CARTESIAN_POINT('',(2.806916009863E0,6.507080523152E-1,
-2.291275637034E0));
#1319=CARTESIAN_POINT('',(2.806916009863E0,6.507080523152E-1,
-2.299992108040E0));
#1321=CURVE_STYLE('',#77,POSITIVE_LENGTH_MEASURE(2.E-2),#50);
#1322=PRESENTATION_STYLE_ASSIGNMENT((#1321));
#1323=STYLED_ITEM('',(#1322),#1320);
#1324=CARTESIAN_POINT('',(2.793832020936E0,9.003654335940E-1,
-2.299992142876E0));
#1325=CARTESIAN_POINT('',(2.793832020936E0,9.003654335940E-1,
-2.291355161216E0));
#1326=CARTESIAN_POINT('',(2.791616764142E0,9.002580733646E-1,
-2.274014873829E0));
#1327=CARTESIAN_POINT('',(2.781310488455E0,8.996097966155E-1,
-2.249140243466E0));
#1328=CARTESIAN_POINT('',(2.765370605764E0,8.981693976723E-1,
-2.228480252903E0));
#1329=CARTESIAN_POINT('',(2.744803982910E0,8.955444221607E-1,
-2.212504227152E0));
#1330=CARTESIAN_POINT('',(2.720162903416E0,8.912135353126E-1,
-2.202212986254E0));
#1331=CARTESIAN_POINT('',(2.703020858478E0,8.872537161842E-1,-2.2E0));
#1332=CARTESIAN_POINT('',(2.694497768925E0,8.850436287816E-1,-2.2E0));
#1334=CURVE_STYLE('',#77,POSITIVE_LENGTH_MEASURE(2.E-2),#50);
#1335=PRESENTATION_STYLE_ASSIGNMENT((#1334));
#1336=STYLED_ITEM('',(#1335),#1333);
#1337=DIRECTION('',(-4.223707054809E-12,1.028786324534E-11,-1.E0));
#1338=VECTOR('',#1337,1.749984246736E0);
#1339=CARTESIAN_POINT('',(2.806916009871E0,6.507080522972E-1,
-5.500078613043E-1));
#1340=LINE('',#1339,#1338);
#1341=CURVE_STYLE('',#77,POSITIVE_LENGTH_MEASURE(2.E-2),#50);
#1342=PRESENTATION_STYLE_ASSIGNMENT((#1341));
#1343=STYLED_ITEM('',(#1342),#1340);
#1344=DIRECTION('',(0.E0,0.E0,-1.E0));
#1345=VECTOR('',#1344,1.55E0);
#1346=CARTESIAN_POINT('',(2.57E0,4.010506639615E-1,-6.5E-1));
#1347=LINE('',#1346,#1345);
#1348=CURVE_STYLE('',#77,POSITIVE_LENGTH_MEASURE(2.E-2),#50);
#1349=PRESENTATION_STYLE_ASSIGNMENT((#1348));
#1350=STYLED_ITEM('',(#1349),#1347);
#1351=DIRECTION('',(0.E0,0.E0,-1.E0));
#1352=VECTOR('',#1351,1.55E0);
#1353=CARTESIAN_POINT('',(2.57E0,-1.551050663962E0,-6.5E-1));
#1354=LINE('',#1353,#1352);
#1355=CURVE_STYLE('',#77,POSITIVE_LENGTH_MEASURE(2.E-2),#50);
#1356=PRESENTATION_STYLE_ASSIGNMENT((#1355));
#1357=STYLED_ITEM('',(#1356),#1354);
#1358=DIRECTION('',(1.E0,0.E0,0.E0));
#1359=VECTOR('',#1358,2.25E-1);
#1360=CARTESIAN_POINT('',(2.345E0,3.75E-1,-2.2E0));
#1361=LINE('',#1360,#1359);
#1362=CURVE_STYLE('',#77,POSITIVE_LENGTH_MEASURE(2.E-2),#50);
#1363=PRESENTATION_STYLE_ASSIGNMENT((#1362));
#1364=STYLED_ITEM('',(#1363),#1361);
#1365=DIRECTION('',(0.E0,0.E0,-1.E0));
#1366=VECTOR('',#1365,4.E-1);
#1367=CARTESIAN_POINT('',(2.345E0,3.75E-1,-2.2E0));
#1368=LINE('',#1367,#1366);
#1369=CURVE_STYLE('',#77,POSITIVE_LENGTH_MEASURE(2.E-2),#50);
#1370=PRESENTATION_STYLE_ASSIGNMENT((#1369));
#1371=STYLED_ITEM('',(#1370),#1368);
#1372=DIRECTION('',(0.E0,0.E0,-1.E0));
#1373=VECTOR('',#1372,1.250512820513E0);
#1374=CARTESIAN_POINT('',(2.57E0,3.75E-1,-9.494871794872E-1));
#1375=LINE('',#1374,#1373);
#1376=CURVE_STYLE('',#77,POSITIVE_LENGTH_MEASURE(2.E-2),#50);
#1377=PRESENTATION_STYLE_ASSIGNMENT((#1376));
#1378=STYLED_ITEM('',(#1377),#1375);
#1379=DIRECTION('',(0.E0,-1.E0,0.E0));
#1380=VECTOR('',#1379,1.821756139215E-1);
#1381=CARTESIAN_POINT('',(2.345E0,5.571756139215E-1,-2.2E0));
#1382=LINE('',#1381,#1380);
#1383=CURVE_STYLE('',#77,POSITIVE_LENGTH_MEASURE(2.E-2),#50);
#1384=PRESENTATION_STYLE_ASSIGNMENT((#1383));
#1385=STYLED_ITEM('',(#1384),#1382);
#1386=DIRECTION('',(0.E0,0.E0,1.E0));
#1387=VECTOR('',#1386,1.500512820513E0);
#1388=CARTESIAN_POINT('',(2.345E0,5.571756139215E-1,-2.2E0));
#1389=LINE('',#1388,#1387);
#1390=CURVE_STYLE('',#77,POSITIVE_LENGTH_MEASURE(2.E-2),#50);
#1391=PRESENTATION_STYLE_ASSIGNMENT((#1390));
#1392=STYLED_ITEM('',(#1391),#1389);
#1393=DIRECTION('',(0.E0,1.E0,0.E0));
#1394=VECTOR('',#1393,6.782438607852E-2);
#1395=CARTESIAN_POINT('',(2.345E0,5.571756139215E-1,-6.994871794872E-1));
#1396=LINE('',#1395,#1394);
#1397=CURVE_STYLE('',#77,POSITIVE_LENGTH_MEASURE(2.E-2),#50);
#1398=PRESENTATION_STYLE_ASSIGNMENT((#1397));
#1399=STYLED_ITEM('',(#1398),#1396);
#1400=DIRECTION('',(0.E0,0.E0,-1.E0));
#1401=VECTOR('',#1400,1.900512820513E0);
#1402=CARTESIAN_POINT('',(2.345E0,6.25E-1,-6.994871794872E-1));
#1403=LINE('',#1402,#1401);
#1404=CURVE_STYLE('',#77,POSITIVE_LENGTH_MEASURE(2.E-2),#50);
#1405=PRESENTATION_STYLE_ASSIGNMENT((#1404));
#1406=STYLED_ITEM('',(#1405),#1403);
#1407=DIRECTION('',(0.E0,-1.E0,0.E0));
#1408=VECTOR('',#1407,1.821756139215E-1);
#1409=CARTESIAN_POINT('',(2.345E0,-1.525E0,-2.2E0));
#1410=LINE('',#1409,#1408);
#1411=CURVE_STYLE('',#77,POSITIVE_LENGTH_MEASURE(2.E-2),#50);
#1412=PRESENTATION_STYLE_ASSIGNMENT((#1411));
#1413=STYLED_ITEM('',(#1412),#1410);
#1414=DIRECTION('',(0.E0,0.E0,-1.E0));
#1415=VECTOR('',#1414,4.E-1);
#1416=CARTESIAN_POINT('',(2.345E0,-1.525E0,-2.2E0));
#1417=LINE('',#1416,#1415);
#1418=CURVE_STYLE('',#77,POSITIVE_LENGTH_MEASURE(2.E-2),#50);
#1419=PRESENTATION_STYLE_ASSIGNMENT((#1418));
#1420=STYLED_ITEM('',(#1419),#1417);
#1421=DIRECTION('',(0.E0,0.E0,1.E0));
#1422=VECTOR('',#1421,1.900512820513E0);
#1423=CARTESIAN_POINT('',(2.345E0,-1.775E0,-2.6E0));
#1424=LINE('',#1423,#1422);
#1425=CURVE_STYLE('',#77,POSITIVE_LENGTH_MEASURE(2.E-2),#50);
#1426=PRESENTATION_STYLE_ASSIGNMENT((#1425));
#1427=STYLED_ITEM('',(#1426),#1424);
#1428=DIRECTION('',(0.E0,1.E0,0.E0));
#1429=VECTOR('',#1428,6.782438607852E-2);
#1430=CARTESIAN_POINT('',(2.345E0,-1.775E0,-6.994871794872E-1));
#1431=LINE('',#1430,#1429);
#1432=CURVE_STYLE('',#77,POSITIVE_LENGTH_MEASURE(2.E-2),#50);
#1433=PRESENTATION_STYLE_ASSIGNMENT((#1432));
#1434=STYLED_ITEM('',(#1433),#1431);
#1435=DIRECTION('',(0.E0,0.E0,1.E0));
#1436=VECTOR('',#1435,1.500512820513E0);
#1437=CARTESIAN_POINT('',(2.345E0,-1.707175613921E0,-2.2E0));
#1438=LINE('',#1437,#1436);
#1439=CURVE_STYLE('',#77,POSITIVE_LENGTH_MEASURE(2.E-2),#50);
#1440=PRESENTATION_STYLE_ASSIGNMENT((#1439));
#1441=STYLED_ITEM('',(#1440),#1438);
#1442=CARTESIAN_POINT('',(2.335725806452E0,-1.675463305856E0,-6.7E-1));
#1443=CARTESIAN_POINT('',(2.338611845768E0,-1.686697167150E0,
-6.791761250046E-1));
#1444=CARTESIAN_POINT('',(2.341722775089E0,-1.697204870405E0,
-6.890672848993E-1));
#1445=CARTESIAN_POINT('',(2.345E0,-1.707175613921E0,-6.994871794872E-1));
#1447=CURVE_STYLE('',#77,POSITIVE_LENGTH_MEASURE(2.E-2),#50);
#1448=PRESENTATION_STYLE_ASSIGNMENT((#1447));
#1449=STYLED_ITEM('',(#1448),#1446);
#1450=DIRECTION('',(3.000266307645E-1,0.E0,-9.539308260205E-1));
#1451=VECTOR('',#1450,3.091123452860E-2);
#1452=CARTESIAN_POINT('',(2.335725806452E0,-1.775E0,-6.7E-1));
#1453=LINE('',#1452,#1451);
#1454=CURVE_STYLE('',#77,POSITIVE_LENGTH_MEASURE(2.E-2),#50);
#1455=PRESENTATION_STYLE_ASSIGNMENT((#1454));
#1456=STYLED_ITEM('',(#1455),#1453);
#1457=DIRECTION('',(0.E0,1.E0,0.E0));
#1458=VECTOR('',#1457,9.953669414442E-2);
#1459=CARTESIAN_POINT('',(2.335725806452E0,-1.775E0,-6.7E-1));
#1460=LINE('',#1459,#1458);
#1461=CURVE_STYLE('',#77,POSITIVE_LENGTH_MEASURE(2.E-2),#50);
#1462=PRESENTATION_STYLE_ASSIGNMENT((#1461));
#1463=STYLED_ITEM('',(#1462),#1460);
#1464=CARTESIAN_POINT('',(2.345E0,5.571756139215E-1,-6.994871794872E-1));
#1465=CARTESIAN_POINT('',(2.341722775089E0,5.472048704050E-1,
-6.890672848993E-1));
#1466=CARTESIAN_POINT('',(2.338611845768E0,5.366971671497E-1,
-6.791761250046E-1));
#1467=CARTESIAN_POINT('',(2.335725806452E0,5.254633058556E-1,-6.7E-1));
#1469=CURVE_STYLE('',#77,POSITIVE_LENGTH_MEASURE(2.E-2),#50);
#1470=PRESENTATION_STYLE_ASSIGNMENT((#1469));
#1471=STYLED_ITEM('',(#1470),#1468);
#1472=DIRECTION('',(0.E0,1.E0,0.E0));
#1473=VECTOR('',#1472,9.953669414443E-2);
#1474=CARTESIAN_POINT('',(2.335725806452E0,5.254633058556E-1,-6.7E-1));
#1475=LINE('',#1474,#1473);
#1476=CURVE_STYLE('',#77,POSITIVE_LENGTH_MEASURE(2.E-2),#50);
#1477=PRESENTATION_STYLE_ASSIGNMENT((#1476));
#1478=STYLED_ITEM('',(#1477),#1475);
#1479=DIRECTION('',(3.000266307645E-1,0.E0,-9.539308260205E-1));
#1480=VECTOR('',#1479,3.091123452860E-2);
#1481=CARTESIAN_POINT('',(2.335725806452E0,6.25E-1,-6.7E-1));
#1482=LINE('',#1481,#1480);
#1483=CURVE_STYLE('',#77,POSITIVE_LENGTH_MEASURE(2.E-2),#50);
#1484=PRESENTATION_STYLE_ASSIGNMENT((#1483));
#1485=STYLED_ITEM('',(#1484),#1482);
#1486=DIRECTION('',(1.E0,0.E0,0.E0));
#1487=VECTOR('',#1486,5.494871794872E-1);
#1488=CARTESIAN_POINT('',(2.345E0,-1.775E0,-2.6E0));
#1489=LINE('',#1488,#1487);
#1490=CURVE_STYLE('',#77,POSITIVE_LENGTH_MEASURE(2.E-2),#50);
#1491=PRESENTATION_STYLE_ASSIGNMENT((#1490));
#1492=STYLED_ITEM('',(#1491),#1489);
#1493=DIRECTION('',(0.E0,0.E0,-1.E0));
#1494=VECTOR('',#1493,1.9E0);
#1495=CARTESIAN_POINT('',(2.894487179487E0,-1.775E0,-7.E-1));
#1496=LINE('',#1495,#1494);
#1497=CURVE_STYLE('',#77,POSITIVE_LENGTH_MEASURE(2.E-2),#50);
#1498=PRESENTATION_STYLE_ASSIGNMENT((#1497));
#1499=STYLED_ITEM('',(#1498),#1496);
#1500=DIRECTION('',(0.E0,0.E0,-1.E0));
#1501=VECTOR('',#1500,2.9E0);
#1502=CARTESIAN_POINT('',(3.195E0,-1.775E0,-7.E-1));
#1503=LINE('',#1502,#1501);
#1504=CURVE_STYLE('',#77,POSITIVE_LENGTH_MEASURE(2.E-2),#50);
#1505=PRESENTATION_STYLE_ASSIGNMENT((#1504));
#1506=STYLED_ITEM('',(#1505),#1503);
#1507=DIRECTION('',(-1.E0,0.E0,0.E0));
#1508=VECTOR('',#1507,2.25E-1);
#1509=CARTESIAN_POINT('',(2.57E0,-1.525E0,-2.2E0));
#1510=LINE('',#1509,#1508);
#1511=CURVE_STYLE('',#77,POSITIVE_LENGTH_MEASURE(2.E-2),#50);
#1512=PRESENTATION_STYLE_ASSIGNMENT((#1511));
#1513=STYLED_ITEM('',(#1512),#1510);
#1514=DIRECTION('',(0.E0,0.E0,-1.E0));
#1515=VECTOR('',#1514,1.250512820513E0);
#1516=CARTESIAN_POINT('',(2.57E0,-1.525E0,-9.494871794872E-1));
#1517=LINE('',#1516,#1515);
#1518=CURVE_STYLE('',#77,POSITIVE_LENGTH_MEASURE(2.E-2),#50);
#1519=PRESENTATION_STYLE_ASSIGNMENT((#1518));
#1520=STYLED_ITEM('',(#1519),#1517);
#1521=DIRECTION('',(0.E0,0.E0,-1.E0));
#1522=VECTOR('',#1521,1.650512820513E0);
#1523=CARTESIAN_POINT('',(2.645E0,-1.525E0,-9.494871794872E-1));
#1524=LINE('',#1523,#1522);
#1525=CURVE_STYLE('',#77,POSITIVE_LENGTH_MEASURE(2.E-2),#50);
#1526=PRESENTATION_STYLE_ASSIGNMENT((#1525));
#1527=STYLED_ITEM('',(#1526),#1524);
#1528=DIRECTION('',(0.E0,-1.E0,0.E0));
#1529=VECTOR('',#1528,1.9E0);
#1530=CARTESIAN_POINT('',(2.57E0,3.75E-1,-9.494871794872E-1));
#1531=LINE('',#1530,#1529);
#1532=CURVE_STYLE('',#77,POSITIVE_LENGTH_MEASURE(2.E-2),#50);
#1533=PRESENTATION_STYLE_ASSIGNMENT((#1532));
#1534=STYLED_ITEM('',(#1533),#1531);
#1535=DIRECTION('',(1.E0,0.E0,0.E0));
#1536=VECTOR('',#1535,7.5E-2);
#1537=CARTESIAN_POINT('',(2.57E0,3.75E-1,-9.494871794872E-1));
#1538=LINE('',#1537,#1536);
#1539=CURVE_STYLE('',#77,POSITIVE_LENGTH_MEASURE(2.E-2),#50);
#1540=PRESENTATION_STYLE_ASSIGNMENT((#1539));
#1541=STYLED_ITEM('',(#1540),#1538);
#1542=DIRECTION('',(1.E0,0.E0,0.E0));
#1543=VECTOR('',#1542,7.5E-2);
#1544=CARTESIAN_POINT('',(2.57E0,-1.525E0,-9.494871794872E-1));
#1545=LINE('',#1544,#1543);
#1546=CURVE_STYLE('',#77,POSITIVE_LENGTH_MEASURE(2.E-2),#50);
#1547=PRESENTATION_STYLE_ASSIGNMENT((#1546));
#1548=STYLED_ITEM('',(#1547),#1545);
#1549=DIRECTION('',(5.769546886978E-1,5.781406181710E-1,5.769546886978E-1));
#1550=VECTOR('',#1549,4.324207504930E-1);
#1551=CARTESIAN_POINT('',(2.645E0,3.75E-1,-9.494871794872E-1));
#1552=LINE('',#1551,#1550);
#1553=CURVE_STYLE('',#77,POSITIVE_LENGTH_MEASURE(2.E-2),#50);
#1554=PRESENTATION_STYLE_ASSIGNMENT((#1553));
#1555=STYLED_ITEM('',(#1554),#1552);
#1556=DIRECTION('',(5.769546886978E-1,-5.781406181710E-1,5.769546886978E-1));
#1557=VECTOR('',#1556,4.324207504930E-1);
#1558=CARTESIAN_POINT('',(2.645E0,-1.525E0,-9.494871794872E-1));
#1559=LINE('',#1558,#1557);
#1560=CURVE_STYLE('',#77,POSITIVE_LENGTH_MEASURE(2.E-2),#50);
#1561=PRESENTATION_STYLE_ASSIGNMENT((#1560));
#1562=STYLED_ITEM('',(#1561),#1559);
#1563=DIRECTION('',(0.E0,1.E0,0.E0));
#1564=VECTOR('',#1563,1.9E0);
#1565=CARTESIAN_POINT('',(2.645E0,-1.525E0,-9.494871794872E-1));
#1566=LINE('',#1565,#1564);
#1567=CURVE_STYLE('',#77,POSITIVE_LENGTH_MEASURE(2.E-2),#50);
#1568=PRESENTATION_STYLE_ASSIGNMENT((#1567));
#1569=STYLED_ITEM('',(#1568),#1566);
#1570=DIRECTION('',(0.E0,0.E0,-1.E0));
#1571=VECTOR('',#1570,1.650512820513E0);
#1572=CARTESIAN_POINT('',(2.645E0,3.75E-1,-9.494871794872E-1));
#1573=LINE('',#1572,#1571);
#1574=CURVE_STYLE('',#77,POSITIVE_LENGTH_MEASURE(2.E-2),#50);
#1575=PRESENTATION_STYLE_ASSIGNMENT((#1574));
#1576=STYLED_ITEM('',(#1575),#1573);
#1577=DIRECTION('',(1.E0,0.E0,0.E0));
#1578=VECTOR('',#1577,5.494871794872E-1);
#1579=CARTESIAN_POINT('',(2.345E0,6.25E-1,-2.6E0));
#1580=LINE('',#1579,#1578);
#1581=CURVE_STYLE('',#77,POSITIVE_LENGTH_MEASURE(2.E-2),#50);
#1582=PRESENTATION_STYLE_ASSIGNMENT((#1581));
#1583=STYLED_ITEM('',(#1582),#1580);
#1584=DIRECTION('',(0.E0,0.E0,-1.E0));
#1585=VECTOR('',#1584,4.2E0);
#1586=CARTESIAN_POINT('',(2.125E0,6.25E-1,0.E0));
#1587=LINE('',#1586,#1585);
#1588=CURVE_STYLE('',#77,POSITIVE_LENGTH_MEASURE(2.E-2),#50);
#1589=PRESENTATION_STYLE_ASSIGNMENT((#1588));
#1590=STYLED_ITEM('',(#1589),#1587);
#1591=DIRECTION('',(0.E0,0.E0,1.E0));
#1592=VECTOR('',#1591,1.9E0);
#1593=CARTESIAN_POINT('',(2.894487179487E0,6.25E-1,-2.6E0));
#1594=LINE('',#1593,#1592);
#1595=CURVE_STYLE('',#77,POSITIVE_LENGTH_MEASURE(2.E-2),#50);
#1596=PRESENTATION_STYLE_ASSIGNMENT((#1595));
#1597=STYLED_ITEM('',(#1596),#1594);
#1598=CARTESIAN_POINT('',(2.82E0,-1.551050663962E0,-6.7E-1));
#1599=DIRECTION('',(0.E0,0.E0,1.E0));
#1600=DIRECTION('',(-1.E0,0.E0,0.E0));
#1601=AXIS2_PLACEMENT_3D('',#1598,#1599,#1600);
#1603=CURVE_STYLE('',#77,POSITIVE_LENGTH_MEASURE(2.E-2),#50);
#1604=PRESENTATION_STYLE_ASSIGNMENT((#1603));
#1605=STYLED_ITEM('',(#1604),#1602);
#1606=DIRECTION('',(1.E0,0.E0,0.E0));
#1607=VECTOR('',#1606,1.572580645161E-2);
#1608=CARTESIAN_POINT('',(2.32E0,-1.775E0,-6.7E-1));
#1609=LINE('',#1608,#1607);
#1610=CURVE_STYLE('',#77,POSITIVE_LENGTH_MEASURE(2.E-2),#50);
#1611=PRESENTATION_STYLE_ASSIGNMENT((#1610));
#1612=STYLED_ITEM('',(#1611),#1609);
#1613=DIRECTION('',(0.E0,1.E0,0.E0));
#1614=VECTOR('',#1613,2.239493360385E-1);
#1615=CARTESIAN_POINT('',(2.32E0,-1.775E0,-6.7E-1));
#1616=LINE('',#1615,#1614);
#1617=CURVE_STYLE('',#77,POSITIVE_LENGTH_MEASURE(2.E-2),#50);
#1618=PRESENTATION_STYLE_ASSIGNMENT((#1617));
#1619=STYLED_ITEM('',(#1618),#1616);
#1620=CARTESIAN_POINT('',(2.82E0,4.010506639615E-1,-6.7E-1));
#1621=DIRECTION('',(0.E0,0.E0,1.E0));
#1622=DIRECTION('',(-9.685483870968E-1,2.488252837881E-1,0.E0));
#1623=AXIS2_PLACEMENT_3D('',#1620,#1621,#1622);
#1625=CURVE_STYLE('',#77,POSITIVE_LENGTH_MEASURE(2.E-2),#50);
#1626=PRESENTATION_STYLE_ASSIGNMENT((#1625));
#1627=STYLED_ITEM('',(#1626),#1624);
#1628=DIRECTION('',(0.E0,1.E0,0.E0));
#1629=VECTOR('',#1628,2.239493360385E-1);
#1630=CARTESIAN_POINT('',(2.32E0,4.010506639615E-1,-6.7E-1));
#1631=LINE('',#1630,#1629);
#1632=CURVE_STYLE('',#77,POSITIVE_LENGTH_MEASURE(2.E-2),#50);
#1633=PRESENTATION_STYLE_ASSIGNMENT((#1632));
#1634=STYLED_ITEM('',(#1633),#1631);
#1635=DIRECTION('',(1.E0,0.E0,0.E0));
#1636=VECTOR('',#1635,1.572580645161E-2);
#1637=CARTESIAN_POINT('',(2.32E0,6.25E-1,-6.7E-1));
#1638=LINE('',#1637,#1636);
#1639=CURVE_STYLE('',#77,POSITIVE_LENGTH_MEASURE(2.E-2),#50);
#1640=PRESENTATION_STYLE_ASSIGNMENT((#1639));
#1641=STYLED_ITEM('',(#1640),#1638);
#1642=DIRECTION('',(0.E0,-1.E0,0.E0));
#1643=VECTOR('',#1642,1.952101327923E0);
#1644=CARTESIAN_POINT('',(2.32E0,4.010506639615E-1,-6.5E-1));
#1645=LINE('',#1644,#1643);
#1646=CURVE_STYLE('',#77,POSITIVE_LENGTH_MEASURE(2.E-2),#50);
#1647=PRESENTATION_STYLE_ASSIGNMENT((#1646));
#1648=STYLED_ITEM('',(#1647),#1645);
#1649=DIRECTION('',(0.E0,-2.220446049250E-14,1.E0));
#1650=VECTOR('',#1649,2.E-2);
#1651=CARTESIAN_POINT('',(2.32E0,-1.551050663962E0,-6.7E-1));
#1652=LINE('',#1651,#1650);
#1653=CURVE_STYLE('',#77,POSITIVE_LENGTH_MEASURE(2.E-2),#50);
#1654=PRESENTATION_STYLE_ASSIGNMENT((#1653));
#1655=STYLED_ITEM('',(#1654),#1652);
#1656=DIRECTION('',(0.E0,0.E0,-1.E0));
#1657=VECTOR('',#1656,5.E-2);
#1658=CARTESIAN_POINT('',(2.32E0,-1.775E0,-6.2E-1));
#1659=LINE('',#1658,#1657);
#1660=CURVE_STYLE('',#77,POSITIVE_LENGTH_MEASURE(2.E-2),#50);
#1661=PRESENTATION_STYLE_ASSIGNMENT((#1660));
#1662=STYLED_ITEM('',(#1661),#1659);
#1663=DIRECTION('',(0.E0,1.E0,0.E0));
#1664=VECTOR('',#1663,2.4E0);
#1665=CARTESIAN_POINT('',(2.32E0,-1.775E0,-6.2E-1));
#1666=LINE('',#1665,#1664);
#1667=CURVE_STYLE('',#77,POSITIVE_LENGTH_MEASURE(2.E-2),#50);
#1668=PRESENTATION_STYLE_ASSIGNMENT((#1667));
#1669=STYLED_ITEM('',(#1668),#1666);
#1670=DIRECTION('',(0.E0,0.E0,-1.E0));
#1671=VECTOR('',#1670,5.E-2);
#1672=CARTESIAN_POINT('',(2.32E0,6.25E-1,-6.2E-1));
#1673=LINE('',#1672,#1671);
#1674=CURVE_STYLE('',#77,POSITIVE_LENGTH_MEASURE(2.E-2),#50);
#1675=PRESENTATION_STYLE_ASSIGNMENT((#1674));
#1676=STYLED_ITEM('',(#1675),#1673);
#1677=DIRECTION('',(0.E0,3.053113317719E-14,1.E0));
#1678=VECTOR('',#1677,2.E-2);
#1679=CARTESIAN_POINT('',(2.32E0,4.010506639615E-1,-6.7E-1));
#1680=LINE('',#1679,#1678);
#1681=CURVE_STYLE('',#77,POSITIVE_LENGTH_MEASURE(2.E-2),#50);
#1682=PRESENTATION_STYLE_ASSIGNMENT((#1681));
#1683=STYLED_ITEM('',(#1682),#1680);
#1684=DIRECTION('',(3.000266307645E-1,0.E0,-9.539308260205E-1));
#1685=VECTOR('',#1684,6.499423051318E-1);
#1686=CARTESIAN_POINT('',(2.125E0,-1.775E0,0.E0));
#1687=LINE('',#1686,#1685);
#1688=CURVE_STYLE('',#77,POSITIVE_LENGTH_MEASURE(2.E-2),#50);
#1689=PRESENTATION_STYLE_ASSIGNMENT((#1688));
#1690=STYLED_ITEM('',(#1689),#1687);
#1691=DIRECTION('',(3.000266307645E-1,0.E0,-9.539308260205E-1));
#1692=VECTOR('',#1691,6.499423051318E-1);
#1693=CARTESIAN_POINT('',(2.125E0,6.25E-1,0.E0));
#1694=LINE('',#1693,#1692);
#1695=CURVE_STYLE('',#77,POSITIVE_LENGTH_MEASURE(2.E-2),#50);
#1696=PRESENTATION_STYLE_ASSIGNMENT((#1695));
#1697=STYLED_ITEM('',(#1696),#1694);
#1698=DIRECTION('',(0.E0,0.E0,1.E0));
#1699=VECTOR('',#1698,4.7E0);
#1700=CARTESIAN_POINT('',(2.125E0,-1.85E0,-4.7E0));
#1701=LINE('',#1700,#1699);
#1702=CURVE_STYLE('',#77,POSITIVE_LENGTH_MEASURE(2.E-2),#50);
#1703=PRESENTATION_STYLE_ASSIGNMENT((#1702));
#1704=STYLED_ITEM('',(#1703),#1701);
#1705=DIRECTION('',(0.E0,0.E0,-1.E0));
#1706=VECTOR('',#1705,4.2E0);
#1707=CARTESIAN_POINT('',(2.125E0,-1.775E0,0.E0));
#1708=LINE('',#1707,#1706);
#1709=CURVE_STYLE('',#77,POSITIVE_LENGTH_MEASURE(2.E-2),#50);
#1710=PRESENTATION_STYLE_ASSIGNMENT((#1709));
#1711=STYLED_ITEM('',(#1710),#1708);
#1712=DIRECTION('',(0.E0,1.E0,0.E0));
#1713=VECTOR('',#1712,2.4E0);
#1714=CARTESIAN_POINT('',(2.125E0,-1.775E0,-4.2E0));
#1715=LINE('',#1714,#1713);
#1716=CURVE_STYLE('',#77,POSITIVE_LENGTH_MEASURE(2.E-2),#50);
#1717=PRESENTATION_STYLE_ASSIGNMENT((#1716));
#1718=STYLED_ITEM('',(#1717),#1715);
#1719=DIRECTION('',(0.E0,0.E0,-1.E0));
#1720=VECTOR('',#1719,3.7E0);
#1721=CARTESIAN_POINT('',(2.125E0,1.35E0,-1.E0));
#1722=LINE('',#1721,#1720);
#1723=CURVE_STYLE('',#77,POSITIVE_LENGTH_MEASURE(2.E-2),#50);
#1724=PRESENTATION_STYLE_ASSIGNMENT((#1723));
#1725=STYLED_ITEM('',(#1724),#1722);
#1726=DIRECTION('',(0.E0,0.E0,-1.E0));
#1727=VECTOR('',#1726,1.4E0);
#1728=CARTESIAN_POINT('',(-1.5E-1,-1.85E0,0.E0));
#1729=LINE('',#1728,#1727);
#1730=CURVE_STYLE('',#77,POSITIVE_LENGTH_MEASURE(2.E-2),#50);
#1731=PRESENTATION_STYLE_ASSIGNMENT((#1730));
#1732=STYLED_ITEM('',(#1731),#1729);
#1733=DIRECTION('',(-1.E0,0.E0,0.E0));
#1734=VECTOR('',#1733,4.E-1);
#1735=CARTESIAN_POINT('',(-1.5E-1,-1.85E0,-1.4E0));
#1736=LINE('',#1735,#1734);
#1737=CURVE_STYLE('',#77,POSITIVE_LENGTH_MEASURE(2.E-2),#50);
#1738=PRESENTATION_STYLE_ASSIGNMENT((#1737));
#1739=STYLED_ITEM('',(#1738),#1736);
#1740=DIRECTION('',(0.E0,0.E0,-1.E0));
#1741=VECTOR('',#1740,2.15E0);
#1742=CARTESIAN_POINT('',(-5.5E-1,-1.85E0,-1.4E0));
#1743=LINE('',#1742,#1741);
#1744=CURVE_STYLE('',#77,POSITIVE_LENGTH_MEASURE(2.E-2),#50);
#1745=PRESENTATION_STYLE_ASSIGNMENT((#1744));
#1746=STYLED_ITEM('',(#1745),#1743);
#1747=DIRECTION('',(1.E0,0.E0,0.E0));
#1748=VECTOR('',#1747,1.145E0);
#1749=CARTESIAN_POINT('',(-1.695E0,-1.85E0,-3.55E0));
#1750=LINE('',#1749,#1748);
#1751=CURVE_STYLE('',#77,POSITIVE_LENGTH_MEASURE(2.E-2),#50);
#1752=PRESENTATION_STYLE_ASSIGNMENT((#1751));
#1753=STYLED_ITEM('',(#1752),#1750);
#1754=DIRECTION('',(0.E0,0.E0,1.E0));
#1755=VECTOR('',#1754,2.15E0);
#1756=CARTESIAN_POINT('',(5.5E-1,-1.85E0,-3.55E0));
#1757=LINE('',#1756,#1755);
#1758=CURVE_STYLE('',#77,POSITIVE_LENGTH_MEASURE(2.E-2),#50);
#1759=PRESENTATION_STYLE_ASSIGNMENT((#1758));
#1760=STYLED_ITEM('',(#1759),#1757);
#1761=DIRECTION('',(-1.E0,0.E0,0.E0));
#1762=VECTOR('',#1761,4.E-1);
#1763=CARTESIAN_POINT('',(5.5E-1,-1.85E0,-1.4E0));
#1764=LINE('',#1763,#1762);
#1765=CURVE_STYLE('',#77,POSITIVE_LENGTH_MEASURE(2.E-2),#50);
#1766=PRESENTATION_STYLE_ASSIGNMENT((#1765));
#1767=STYLED_ITEM('',(#1766),#1764);
#1768=DIRECTION('',(0.E0,0.E0,-1.E0));
#1769=VECTOR('',#1768,1.4E0);
#1770=CARTESIAN_POINT('',(1.5E-1,-1.85E0,0.E0));
#1771=LINE('',#1770,#1769);
#1772=CURVE_STYLE('',#77,POSITIVE_LENGTH_MEASURE(2.E-2),#50);
#1773=PRESENTATION_STYLE_ASSIGNMENT((#1772));
#1774=STYLED_ITEM('',(#1773),#1771);
#1775=DIRECTION('',(1.E0,0.E0,0.E0));
#1776=VECTOR('',#1775,1.145E0);
#1777=CARTESIAN_POINT('',(5.5E-1,-1.85E0,-3.55E0));
#1778=LINE('',#1777,#1776);
#1779=CURVE_STYLE('',#77,POSITIVE_LENGTH_MEASURE(2.E-2),#50);
#1780=PRESENTATION_STYLE_ASSIGNMENT((#1779));
#1781=STYLED_ITEM('',(#1780),#1778);
#1782=DIRECTION('',(0.E0,1.E0,0.E0));
#1783=VECTOR('',#1782,4.E-1);
#1784=CARTESIAN_POINT('',(-1.5E-1,-1.85E0,-1.4E0));
#1785=LINE('',#1784,#1783);
#1786=CURVE_STYLE('',#77,POSITIVE_LENGTH_MEASURE(2.E-2),#50);
#1787=PRESENTATION_STYLE_ASSIGNMENT((#1786));
#1788=STYLED_ITEM('',(#1787),#1785);
#1789=DIRECTION('',(0.E0,0.E0,-1.E0));
#1790=VECTOR('',#1789,1.2E0);
#1791=CARTESIAN_POINT('',(-1.5E-1,-1.45E0,-2.E-1));
#1792=LINE('',#1791,#1790);
#1793=CURVE_STYLE('',#77,POSITIVE_LENGTH_MEASURE(2.E-2),#50);
#1794=PRESENTATION_STYLE_ASSIGNMENT((#1793));
#1795=STYLED_ITEM('',(#1794),#1792);
#1796=DIRECTION('',(-1.E0,0.E0,0.E0));
#1797=VECTOR('',#1796,1.375E0);
#1798=CARTESIAN_POINT('',(-1.5E-1,-1.45E0,-2.E-1));
#1799=LINE('',#1798,#1797);
#1800=CURVE_STYLE('',#77,POSITIVE_LENGTH_MEASURE(2.E-2),#50);
#1801=PRESENTATION_STYLE_ASSIGNMENT((#1800));
#1802=STYLED_ITEM('',(#1801),#1799);
#1803=DIRECTION('',(0.E0,0.E0,-1.E0));
#1804=VECTOR('',#1803,2.7E0);
#1805=CARTESIAN_POINT('',(-1.525E0,-1.45E0,-2.E-1));
#1806=LINE('',#1805,#1804);
#1807=CURVE_STYLE('',#77,POSITIVE_LENGTH_MEASURE(2.E-2),#50);
#1808=PRESENTATION_STYLE_ASSIGNMENT((#1807));
#1809=STYLED_ITEM('',(#1808),#1806);
#1810=DIRECTION('',(0.E0,0.E0,1.E0));
#1811=VECTOR('',#1810,1.5E0);
#1812=CARTESIAN_POINT('',(-5.5E-1,-1.45E0,-2.9E0));
#1813=LINE('',#1812,#1811);
#1814=CURVE_STYLE('',#77,POSITIVE_LENGTH_MEASURE(2.E-2),#50);
#1815=PRESENTATION_STYLE_ASSIGNMENT((#1814));
#1816=STYLED_ITEM('',(#1815),#1813);
#1817=DIRECTION('',(-1.E0,0.E0,0.E0));
#1818=VECTOR('',#1817,4.E-1);
#1819=CARTESIAN_POINT('',(-1.5E-1,-1.45E0,-1.4E0));
#1820=LINE('',#1819,#1818);
#1821=CURVE_STYLE('',#77,POSITIVE_LENGTH_MEASURE(2.E-2),#50);
#1822=PRESENTATION_STYLE_ASSIGNMENT((#1821));
#1823=STYLED_ITEM('',(#1822),#1820);
#1824=DIRECTION('',(0.E0,0.E0,1.E0));
#1825=VECTOR('',#1824,1.5E0);
#1826=CARTESIAN_POINT('',(5.5E-1,-1.45E0,-2.9E0));
#1827=LINE('',#1826,#1825);
#1828=CURVE_STYLE('',#77,POSITIVE_LENGTH_MEASURE(2.E-2),#50);
#1829=PRESENTATION_STYLE_ASSIGNMENT((#1828));
#1830=STYLED_ITEM('',(#1829),#1827);
#1831=DIRECTION('',(-1.E0,0.E0,0.E0));
#1832=VECTOR('',#1831,1.375E0);
#1833=CARTESIAN_POINT('',(1.525E0,-1.45E0,-2.E-1));
#1834=LINE('',#1833,#1832);
#1835=CURVE_STYLE('',#77,POSITIVE_LENGTH_MEASURE(2.E-2),#50);
#1836=PRESENTATION_STYLE_ASSIGNMENT((#1835));
#1837=STYLED_ITEM('',(#1836),#1834);
#1838=DIRECTION('',(0.E0,0.E0,-1.E0));
#1839=VECTOR('',#1838,1.2E0);
#1840=CARTESIAN_POINT('',(1.5E-1,-1.45E0,-2.E-1));
#1841=LINE('',#1840,#1839);
#1842=CURVE_STYLE('',#77,POSITIVE_LENGTH_MEASURE(2.E-2),#50);
#1843=PRESENTATION_STYLE_ASSIGNMENT((#1842));
#1844=STYLED_ITEM('',(#1843),#1841);
#1845=DIRECTION('',(-1.E0,0.E0,0.E0));
#1846=VECTOR('',#1845,4.E-1);
#1847=CARTESIAN_POINT('',(5.5E-1,-1.45E0,-1.4E0));
#1848=LINE('',#1847,#1846);
#1849=CURVE_STYLE('',#77,POSITIVE_LENGTH_MEASURE(2.E-2),#50);
#1850=PRESENTATION_STYLE_ASSIGNMENT((#1849));
#1851=STYLED_ITEM('',(#1850),#1848);
#1852=DIRECTION('',(0.E0,1.E0,0.E0));
#1853=VECTOR('',#1852,4.68E-1);
#1854=CARTESIAN_POINT('',(-1.525E0,-1.45E0,-2.E-1));
#1855=LINE('',#1854,#1853);
#1856=CURVE_STYLE('',#77,POSITIVE_LENGTH_MEASURE(2.E-2),#50);
#1857=PRESENTATION_STYLE_ASSIGNMENT((#1856));
#1858=STYLED_ITEM('',(#1857),#1855);
#1859=DIRECTION('',(0.E0,0.E0,-1.E0));
#1860=VECTOR('',#1859,2.7E0);
#1861=CARTESIAN_POINT('',(-1.525E0,-9.82E-1,-2.E-1));
#1862=LINE('',#1861,#1860);
#1863=CURVE_STYLE('',#77,POSITIVE_LENGTH_MEASURE(2.E-2),#50);
#1864=PRESENTATION_STYLE_ASSIGNMENT((#1863));
#1865=STYLED_ITEM('',(#1864),#1862);
#1866=DIRECTION('',(0.E0,1.E0,0.E0));
#1867=VECTOR('',#1866,7.4E-1);
#1868=CARTESIAN_POINT('',(-4.75E-1,-1.09E0,-2.9E0));
#1869=LINE('',#1868,#1867);
#1870=CURVE_STYLE('',#77,POSITIVE_LENGTH_MEASURE(2.E-2),#50);
#1871=PRESENTATION_STYLE_ASSIGNMENT((#1870));
#1872=STYLED_ITEM('',(#1871),#1869);
#1873=DIRECTION('',(-1.E0,0.E0,0.E0));
#1874=VECTOR('',#1873,3.E-1);
#1875=CARTESIAN_POINT('',(-4.75E-1,-3.5E-1,-2.9E0));
#1876=LINE('',#1875,#1874);
#1877=CURVE_STYLE('',#77,POSITIVE_LENGTH_MEASURE(2.E-2),#50);
#1878=PRESENTATION_STYLE_ASSIGNMENT((#1877));
#1879=STYLED_ITEM('',(#1878),#1876);
#1880=DIRECTION('',(0.E0,1.E0,0.E0));
#1881=VECTOR('',#1880,7.4E-1);
#1882=CARTESIAN_POINT('',(-7.75E-1,-1.09E0,-2.9E0));
#1883=LINE('',#1882,#1881);
#1884=CURVE_STYLE('',#77,POSITIVE_LENGTH_MEASURE(2.E-2),#50);
#1885=PRESENTATION_STYLE_ASSIGNMENT((#1884));
#1886=STYLED_ITEM('',(#1885),#1883);
#1887=DIRECTION('',(-1.E0,0.E0,0.E0));
#1888=VECTOR('',#1887,3.E-1);
#1889=CARTESIAN_POINT('',(-4.75E-1,-1.09E0,-2.9E0));
#1890=LINE('',#1889,#1888);
#1891=CURVE_STYLE('',#77,POSITIVE_LENGTH_MEASURE(2.E-2),#50);
#1892=PRESENTATION_STYLE_ASSIGNMENT((#1891));
#1893=STYLED_ITEM('',(#1892),#1890);
#1894=DIRECTION('',(0.E0,1.E0,0.E0));
#1895=VECTOR('',#1894,7.4E-1);
#1896=CARTESIAN_POINT('',(7.75E-1,-1.09E0,-2.9E0));
#1897=LINE('',#1896,#1895);
#1898=CURVE_STYLE('',#77,POSITIVE_LENGTH_MEASURE(2.E-2),#50);
#1899=PRESENTATION_STYLE_ASSIGNMENT((#1898));
#1900=STYLED_ITEM('',(#1899),#1897);
#1901=DIRECTION('',(-1.E0,0.E0,0.E0));
#1902=VECTOR('',#1901,3.E-1);
#1903=CARTESIAN_POINT('',(7.75E-1,-3.5E-1,-2.9E0));
#1904=LINE('',#1903,#1902);
#1905=CURVE_STYLE('',#77,POSITIVE_LENGTH_MEASURE(2.E-2),#50);
#1906=PRESENTATION_STYLE_ASSIGNMENT((#1905));
#1907=STYLED_ITEM('',(#1906),#1904);
#1908=DIRECTION('',(0.E0,1.E0,0.E0));
#1909=VECTOR('',#1908,7.4E-1);
#1910=CARTESIAN_POINT('',(4.75E-1,-1.09E0,-2.9E0));
#1911=LINE('',#1910,#1909);
#1912=CURVE_STYLE('',#77,POSITIVE_LENGTH_MEASURE(2.E-2),#50);
#1913=PRESENTATION_STYLE_ASSIGNMENT((#1912));
#1914=STYLED_ITEM('',(#1913),#1911);
#1915=DIRECTION('',(-1.E0,0.E0,0.E0));
#1916=VECTOR('',#1915,3.E-1);
#1917=CARTESIAN_POINT('',(7.75E-1,-1.09E0,-2.9E0));
#1918=LINE('',#1917,#1916);
#1919=CURVE_STYLE('',#77,POSITIVE_LENGTH_MEASURE(2.E-2),#50);
#1920=PRESENTATION_STYLE_ASSIGNMENT((#1919));
#1921=STYLED_ITEM('',(#1920),#1918);
#1922=DIRECTION('',(0.E0,1.E0,0.E0));
#1923=VECTOR('',#1922,8.82E-1);
#1924=CARTESIAN_POINT('',(1.525E0,6.8E-2,-2.9E0));
#1925=LINE('',#1924,#1923);
#1926=CURVE_STYLE('',#77,POSITIVE_LENGTH_MEASURE(2.E-2),#50);
#1927=PRESENTATION_STYLE_ASSIGNMENT((#1926));
#1928=STYLED_ITEM('',(#1927),#1925);
#1929=DIRECTION('',(-1.E0,0.E0,0.E0));
#1930=VECTOR('',#1929,3.E-1);
#1931=CARTESIAN_POINT('',(1.825E0,6.8E-2,-2.9E0));
#1932=LINE('',#1931,#1930);
#1933=CURVE_STYLE('',#77,POSITIVE_LENGTH_MEASURE(2.E-2),#50);
#1934=PRESENTATION_STYLE_ASSIGNMENT((#1933));
#1935=STYLED_ITEM('',(#1934),#1932);
#1936=DIRECTION('',(0.E0,1.E0,0.E0));
#1937=VECTOR('',#1936,1.05E0);
#1938=CARTESIAN_POINT('',(1.825E0,-9.82E-1,-2.9E0));
#1939=LINE('',#1938,#1937);
#1940=CURVE_STYLE('',#77,POSITIVE_LENGTH_MEASURE(2.E-2),#50);
#1941=PRESENTATION_STYLE_ASSIGNMENT((#1940));
#1942=STYLED_ITEM('',(#1941),#1939);
#1943=DIRECTION('',(1.E0,0.E0,0.E0));
#1944=VECTOR('',#1943,3.E-1);
#1945=CARTESIAN_POINT('',(1.525E0,-9.82E-1,-2.9E0));
#1946=LINE('',#1945,#1944);
#1947=CURVE_STYLE('',#77,POSITIVE_LENGTH_MEASURE(2.E-2),#50);
#1948=PRESENTATION_STYLE_ASSIGNMENT((#1947));
#1949=STYLED_ITEM('',(#1948),#1946);
#1950=DIRECTION('',(0.E0,1.E0,0.E0));
#1951=VECTOR('',#1950,4.68E-1);
#1952=CARTESIAN_POINT('',(1.525E0,-1.45E0,-2.9E0));
#1953=LINE('',#1952,#1951);
#1954=CURVE_STYLE('',#77,POSITIVE_LENGTH_MEASURE(2.E-2),#50);
#1955=PRESENTATION_STYLE_ASSIGNMENT((#1954));
#1956=STYLED_ITEM('',(#1955),#1953);
#1957=DIRECTION('',(1.E0,0.E0,0.E0));
#1958=VECTOR('',#1957,9.75E-1);
#1959=CARTESIAN_POINT('',(5.5E-1,-1.45E0,-2.9E0));
#1960=LINE('',#1959,#1958);
#1961=CURVE_STYLE('',#77,POSITIVE_LENGTH_MEASURE(2.E-2),#50);
#1962=PRESENTATION_STYLE_ASSIGNMENT((#1961));
#1963=STYLED_ITEM('',(#1962),#1960);
#1964=DIRECTION('',(1.E0,0.E0,0.E0));
#1965=VECTOR('',#1964,1.1E0);
#1966=CARTESIAN_POINT('',(-5.5E-1,-1.45E0,-2.9E0));
#1967=LINE('',#1966,#1965);
#1968=CURVE_STYLE('',#77,POSITIVE_LENGTH_MEASURE(2.E-2),#50);
#1969=PRESENTATION_STYLE_ASSIGNMENT((#1968));
#1970=STYLED_ITEM('',(#1969),#1967);
#1971=DIRECTION('',(1.E0,0.E0,0.E0));
#1972=VECTOR('',#1971,9.75E-1);
#1973=CARTESIAN_POINT('',(-1.525E0,-1.45E0,-2.9E0));
#1974=LINE('',#1973,#1972);
#1975=CURVE_STYLE('',#77,POSITIVE_LENGTH_MEASURE(2.E-2),#50);
#1976=PRESENTATION_STYLE_ASSIGNMENT((#1975));
#1977=STYLED_ITEM('',(#1976),#1974);
#1978=DIRECTION('',(0.E0,-1.E0,0.E0));
#1979=VECTOR('',#1978,4.68E-1);
#1980=CARTESIAN_POINT('',(-1.525E0,-9.82E-1,-2.9E0));
#1981=LINE('',#1980,#1979);
#1982=CURVE_STYLE('',#77,POSITIVE_LENGTH_MEASURE(2.E-2),#50);
#1983=PRESENTATION_STYLE_ASSIGNMENT((#1982));
#1984=STYLED_ITEM('',(#1983),#1981);
#1985=DIRECTION('',(1.E0,0.E0,0.E0));
#1986=VECTOR('',#1985,3.E-1);
#1987=CARTESIAN_POINT('',(-1.825E0,-9.82E-1,-2.9E0));
#1988=LINE('',#1987,#1986);
#1989=CURVE_STYLE('',#77,POSITIVE_LENGTH_MEASURE(2.E-2),#50);
#1990=PRESENTATION_STYLE_ASSIGNMENT((#1989));
#1991=STYLED_ITEM('',(#1990),#1988);
#1992=DIRECTION('',(0.E0,-1.E0,0.E0));
#1993=VECTOR('',#1992,1.05E0);
#1994=CARTESIAN_POINT('',(-1.825E0,6.8E-2,-2.9E0));
#1995=LINE('',#1994,#1993);
#1996=CURVE_STYLE('',#77,POSITIVE_LENGTH_MEASURE(2.E-2),#50);
#1997=PRESENTATION_STYLE_ASSIGNMENT((#1996));
#1998=STYLED_ITEM('',(#1997),#1995);
#1999=DIRECTION('',(-1.E0,0.E0,0.E0));
#2000=VECTOR('',#1999,3.E-1);
#2001=CARTESIAN_POINT('',(-1.525E0,6.8E-2,-2.9E0));
#2002=LINE('',#2001,#2000);
#2003=CURVE_STYLE('',#77,POSITIVE_LENGTH_MEASURE(2.E-2),#50);
#2004=PRESENTATION_STYLE_ASSIGNMENT((#2003));
#2005=STYLED_ITEM('',(#2004),#2002);
#2006=DIRECTION('',(0.E0,-1.E0,0.E0));
#2007=VECTOR('',#2006,8.82E-1);
#2008=CARTESIAN_POINT('',(-1.525E0,9.5E-1,-2.9E0));
#2009=LINE('',#2008,#2007);
#2010=CURVE_STYLE('',#77,POSITIVE_LENGTH_MEASURE(2.E-2),#50);
#2011=PRESENTATION_STYLE_ASSIGNMENT((#2010));
#2012=STYLED_ITEM('',(#2011),#2009);
#2013=DIRECTION('',(0.E0,0.E0,-1.E0));
#2014=VECTOR('',#2013,3.E-1);
#2015=CARTESIAN_POINT('',(-4.75E-1,6.5E-1,-4.25E0));
#2016=LINE('',#2015,#2014);
#2017=CURVE_STYLE('',#77,POSITIVE_LENGTH_MEASURE(2.E-2),#50);
#2018=PRESENTATION_STYLE_ASSIGNMENT((#2017));
#2019=STYLED_ITEM('',(#2018),#2016);
#2020=CARTESIAN_POINT('',(-4.75E-1,5.E-1,-4.55E0));
#2021=DIRECTION('',(-1.E0,0.E0,0.E0));
#2022=DIRECTION('',(0.E0,1.E0,0.E0));
#2023=AXIS2_PLACEMENT_3D('',#2020,#2021,#2022);
#2025=CURVE_STYLE('',#77,POSITIVE_LENGTH_MEASURE(2.E-2),#50);
#2026=PRESENTATION_STYLE_ASSIGNMENT((#2025));
#2027=STYLED_ITEM('',(#2026),#2024);
#2028=DIRECTION('',(0.E0,-7.071067811865E-1,7.071067811865E-1));
#2029=VECTOR('',#2028,2.828427124746E-1);
#2030=CARTESIAN_POINT('',(-4.75E-1,5.E-1,-4.7E0));
#2031=LINE('',#2030,#2029);
#2032=CURVE_STYLE('',#77,POSITIVE_LENGTH_MEASURE(2.E-2),#50);
#2033=PRESENTATION_STYLE_ASSIGNMENT((#2032));
#2034=STYLED_ITEM('',(#2033),#2031);
#2035=DIRECTION('',(0.E0,-1.E0,0.E0));
#2036=VECTOR('',#2035,6.75E-1);
#2037=CARTESIAN_POINT('',(-4.75E-1,3.E-1,-4.5E0));
#2038=LINE('',#2037,#2036);
#2039=CURVE_STYLE('',#77,POSITIVE_LENGTH_MEASURE(2.E-2),#50);
#2040=PRESENTATION_STYLE_ASSIGNMENT((#2039));
#2041=STYLED_ITEM('',(#2040),#2038);
#2042=DIRECTION('',(0.E0,-7.071067811866E-1,-7.071067811865E-1));
#2043=VECTOR('',#2042,1.414213562373E-1);
#2044=CARTESIAN_POINT('',(-4.75E-1,-3.75E-1,-4.5E0));
#2045=LINE('',#2044,#2043);
#2046=CURVE_STYLE('',#77,POSITIVE_LENGTH_MEASURE(2.E-2),#50);
#2047=PRESENTATION_STYLE_ASSIGNMENT((#2046));
#2048=STYLED_ITEM('',(#2047),#2045);
#2049=DIRECTION('',(0.E0,-1.E0,0.E0));
#2050=VECTOR('',#2049,5.E-1);
#2051=CARTESIAN_POINT('',(-4.75E-1,-4.75E-1,-4.6E0));
#2052=LINE('',#2051,#2050);
#2053=CURVE_STYLE('',#77,POSITIVE_LENGTH_MEASURE(2.E-2),#50);
#2054=PRESENTATION_STYLE_ASSIGNMENT((#2053));
#2055=STYLED_ITEM('',(#2054),#2052);
#2056=DIRECTION('',(0.E0,-7.071067811865E-1,7.071067811865E-1));
#2057=VECTOR('',#2056,1.414213562373E-1);
#2058=CARTESIAN_POINT('',(-4.75E-1,-9.75E-1,-4.6E0));
#2059=LINE('',#2058,#2057);
#2060=CURVE_STYLE('',#77,POSITIVE_LENGTH_MEASURE(2.E-2),#50);
#2061=PRESENTATION_STYLE_ASSIGNMENT((#2060));
#2062=STYLED_ITEM('',(#2061),#2059);
#2063=DIRECTION('',(0.E0,-1.E0,0.E0));
#2064=VECTOR('',#2063,6.75E-1);
#2065=CARTESIAN_POINT('',(-4.75E-1,-1.075E0,-4.5E0));
#2066=LINE('',#2065,#2064);
#2067=CURVE_STYLE('',#77,POSITIVE_LENGTH_MEASURE(2.E-2),#50);
#2068=PRESENTATION_STYLE_ASSIGNMENT((#2067));
#2069=STYLED_ITEM('',(#2068),#2066);
#2070=DIRECTION('',(0.E0,-7.071067811865E-1,-7.071067811865E-1));
#2071=VECTOR('',#2070,2.828427124746E-1);
#2072=CARTESIAN_POINT('',(-4.75E-1,-1.75E0,-4.5E0));
#2073=LINE('',#2072,#2071);
#2074=CURVE_STYLE('',#77,POSITIVE_LENGTH_MEASURE(2.E-2),#50);
#2075=PRESENTATION_STYLE_ASSIGNMENT((#2074));
#2076=STYLED_ITEM('',(#2075),#2073);
#2077=CARTESIAN_POINT('',(-4.75E-1,-1.95E0,-4.55E0));
#2078=DIRECTION('',(-1.E0,0.E0,0.E0));
#2079=DIRECTION('',(0.E0,0.E0,-1.E0));
#2080=AXIS2_PLACEMENT_3D('',#2077,#2078,#2079);
#2082=CURVE_STYLE('',#77,POSITIVE_LENGTH_MEASURE(2.E-2),#50);
#2083=PRESENTATION_STYLE_ASSIGNMENT((#2082));
#2084=STYLED_ITEM('',(#2083),#2081);
#2085=DIRECTION('',(0.E0,0.E0,1.E0));
#2086=VECTOR('',#2085,3.5E-1);
#2087=CARTESIAN_POINT('',(-4.75E-1,-2.1E0,-4.55E0));
#2088=LINE('',#2087,#2086);
#2089=CURVE_STYLE('',#77,POSITIVE_LENGTH_MEASURE(2.E-2),#50);
#2090=PRESENTATION_STYLE_ASSIGNMENT((#2089));
#2091=STYLED_ITEM('',(#2090),#2088);
#2092=CARTESIAN_POINT('',(-4.75E-1,-1.95E0,-4.2E0));
#2093=DIRECTION('',(-1.E0,0.E0,0.E0));
#2094=DIRECTION('',(0.E0,-1.E0,0.E0));
#2095=AXIS2_PLACEMENT_3D('',#2092,#2093,#2094);
#2097=CURVE_STYLE('',#77,POSITIVE_LENGTH_MEASURE(2.E-2),#50);
#2098=PRESENTATION_STYLE_ASSIGNMENT((#2097));
#2099=STYLED_ITEM('',(#2098),#2096);
#2100=DIRECTION('',(0.E0,1.E0,0.E0));
#2101=VECTOR('',#2100,5.E-1);
#2102=CARTESIAN_POINT('',(-4.75E-1,-1.95E0,-4.05E0));
#2103=LINE('',#2102,#2101);
#2104=CURVE_STYLE('',#77,POSITIVE_LENGTH_MEASURE(2.E-2),#50);
#2105=PRESENTATION_STYLE_ASSIGNMENT((#2104));
#2106=STYLED_ITEM('',(#2105),#2103);
#2107=DIRECTION('',(0.E0,0.E0,1.E0));
#2108=VECTOR('',#2107,2.25E0);
#2109=CARTESIAN_POINT('',(-4.75E-1,-1.09E0,-2.9E0));
#2110=LINE('',#2109,#2108);
#2111=CURVE_STYLE('',#77,POSITIVE_LENGTH_MEASURE(2.E-2),#50);
#2112=PRESENTATION_STYLE_ASSIGNMENT((#2111));
#2113=STYLED_ITEM('',(#2112),#2110);
#2114=DIRECTION('',(0.E0,1.E0,0.E0));
#2115=VECTOR('',#2114,7.4E-1);
#2116=CARTESIAN_POINT('',(-4.75E-1,-1.09E0,-6.5E-1));
#2117=LINE('',#2116,#2115);
#2118=CURVE_STYLE('',#77,POSITIVE_LENGTH_MEASURE(2.E-2),#50);
#2119=PRESENTATION_STYLE_ASSIGNMENT((#2118));
#2120=STYLED_ITEM('',(#2119),#2117);
#2121=DIRECTION('',(0.E0,0.E0,-1.E0));
#2122=VECTOR('',#2121,2.25E0);
#2123=CARTESIAN_POINT('',(-4.75E-1,-3.5E-1,-6.5E-1));
#2124=LINE('',#2123,#2122);
#2125=CURVE_STYLE('',#77,POSITIVE_LENGTH_MEASURE(2.E-2),#50);
#2126=PRESENTATION_STYLE_ASSIGNMENT((#2125));
#2127=STYLED_ITEM('',(#2126),#2124);
#2128=DIRECTION('',(0.E0,1.E0,0.E0));
#2129=VECTOR('',#2128,2.1E0);
#2130=CARTESIAN_POINT('',(7.75E-1,-1.45E0,-4.25E0));
#2131=LINE('',#2130,#2129);
#2132=CURVE_STYLE('',#77,POSITIVE_LENGTH_MEASURE(2.E-2),#50);
#2133=PRESENTATION_STYLE_ASSIGNMENT((#2132));
#2134=STYLED_ITEM('',(#2133),#2131);
#2135=DIRECTION('',(-1.E0,0.E0,0.E0));
#2136=VECTOR('',#2135,9.2E-1);
#2137=CARTESIAN_POINT('',(1.695E0,-1.45E0,-4.25E0));
#2138=LINE('',#2137,#2136);
#2139=CURVE_STYLE('',#77,POSITIVE_LENGTH_MEASURE(2.E-2),#50);
#2140=PRESENTATION_STYLE_ASSIGNMENT((#2139));
#2141=STYLED_ITEM('',(#2140),#2138);
#2142=DIRECTION('',(0.E0,1.E0,0.E0));
#2143=VECTOR('',#2142,2.8E0);
#2144=CARTESIAN_POINT('',(1.695E0,-1.45E0,-4.25E0));
#2145=LINE('',#2144,#2143);
#2146=CURVE_STYLE('',#77,POSITIVE_LENGTH_MEASURE(2.E-2),#50);
#2147=PRESENTATION_STYLE_ASSIGNMENT((#2146));
#2148=STYLED_ITEM('',(#2147),#2145);
#2149=DIRECTION('',(-1.E0,0.E0,0.E0));
#2150=VECTOR('',#2149,9.2E-1);
#2151=CARTESIAN_POINT('',(-7.75E-1,-1.45E0,-4.25E0));
#2152=LINE('',#2151,#2150);
#2153=CURVE_STYLE('',#77,POSITIVE_LENGTH_MEASURE(2.E-2),#50);
#2154=PRESENTATION_STYLE_ASSIGNMENT((#2153));
#2155=STYLED_ITEM('',(#2154),#2152);
#2156=DIRECTION('',(0.E0,-1.E0,0.E0));
#2157=VECTOR('',#2156,2.1E0);
#2158=CARTESIAN_POINT('',(-7.75E-1,6.5E-1,-4.25E0));
#2159=LINE('',#2158,#2157);
#2160=CURVE_STYLE('',#77,POSITIVE_LENGTH_MEASURE(2.E-2),#50);
#2161=PRESENTATION_STYLE_ASSIGNMENT((#2160));
#2162=STYLED_ITEM('',(#2161),#2159);
#2163=DIRECTION('',(-1.E0,0.E0,0.E0));
#2164=VECTOR('',#2163,3.E-1);
#2165=CARTESIAN_POINT('',(-4.75E-1,6.5E-1,-4.25E0));
#2166=LINE('',#2165,#2164);
#2167=CURVE_STYLE('',#77,POSITIVE_LENGTH_MEASURE(2.E-2),#50);
#2168=PRESENTATION_STYLE_ASSIGNMENT((#2167));
#2169=STYLED_ITEM('',(#2168),#2166);
#2170=DIRECTION('',(0.E0,-1.E0,0.E0));
#2171=VECTOR('',#2170,2.1E0);
#2172=CARTESIAN_POINT('',(-4.75E-1,6.5E-1,-4.25E0));
#2173=LINE('',#2172,#2171);
#2174=CURVE_STYLE('',#77,POSITIVE_LENGTH_MEASURE(2.E-2),#50);
#2175=PRESENTATION_STYLE_ASSIGNMENT((#2174));
#2176=STYLED_ITEM('',(#2175),#2173);
#2177=DIRECTION('',(-1.E0,0.E0,0.E0));
#2178=VECTOR('',#2177,9.5E-1);
#2179=CARTESIAN_POINT('',(4.75E-1,-1.45E0,-4.25E0));
#2180=LINE('',#2179,#2178);
#2181=CURVE_STYLE('',#77,POSITIVE_LENGTH_MEASURE(2.E-2),#50);
#2182=PRESENTATION_STYLE_ASSIGNMENT((#2181));
#2183=STYLED_ITEM('',(#2182),#2180);
#2184=DIRECTION('',(0.E0,1.E0,0.E0));
#2185=VECTOR('',#2184,2.1E0);
#2186=CARTESIAN_POINT('',(4.75E-1,-1.45E0,-4.25E0));
#2187=LINE('',#2186,#2185);
#2188=CURVE_STYLE('',#77,POSITIVE_LENGTH_MEASURE(2.E-2),#50);
#2189=PRESENTATION_STYLE_ASSIGNMENT((#2188));
#2190=STYLED_ITEM('',(#2189),#2187);
#2191=DIRECTION('',(-1.E0,0.E0,0.E0));
#2192=VECTOR('',#2191,3.E-1);
#2193=CARTESIAN_POINT('',(7.75E-1,6.5E-1,-4.25E0));
#2194=LINE('',#2193,#2192);
#2195=CURVE_STYLE('',#77,POSITIVE_LENGTH_MEASURE(2.E-2),#50);
#2196=PRESENTATION_STYLE_ASSIGNMENT((#2195));
#2197=STYLED_ITEM('',(#2196),#2194);
#2198=DIRECTION('',(0.E0,0.E0,-1.E0));
#2199=VECTOR('',#2198,3.E-1);
#2200=CARTESIAN_POINT('',(7.75E-1,6.5E-1,-4.25E0));
#2201=LINE('',#2200,#2199);
#2202=CURVE_STYLE('',#77,POSITIVE_LENGTH_MEASURE(2.E-2),#50);
#2203=PRESENTATION_STYLE_ASSIGNMENT((#2202));
#2204=STYLED_ITEM('',(#2203),#2201);
#2205=CARTESIAN_POINT('',(7.75E-1,5.E-1,-4.55E0));
#2206=DIRECTION('',(-1.E0,0.E0,0.E0));
#2207=DIRECTION('',(0.E0,1.E0,0.E0));
#2208=AXIS2_PLACEMENT_3D('',#2205,#2206,#2207);
#2210=CURVE_STYLE('',#77,POSITIVE_LENGTH_MEASURE(2.E-2),#50);
#2211=PRESENTATION_STYLE_ASSIGNMENT((#2210));
#2212=STYLED_ITEM('',(#2211),#2209);
#2213=DIRECTION('',(0.E0,-7.071067811865E-1,7.071067811865E-1));
#2214=VECTOR('',#2213,2.828427124746E-1);
#2215=CARTESIAN_POINT('',(7.75E-1,5.E-1,-4.7E0));
#2216=LINE('',#2215,#2214);
#2217=CURVE_STYLE('',#77,POSITIVE_LENGTH_MEASURE(2.E-2),#50);
#2218=PRESENTATION_STYLE_ASSIGNMENT((#2217));
#2219=STYLED_ITEM('',(#2218),#2216);
#2220=DIRECTION('',(0.E0,-1.E0,0.E0));
#2221=VECTOR('',#2220,6.75E-1);
#2222=CARTESIAN_POINT('',(7.75E-1,3.E-1,-4.5E0));
#2223=LINE('',#2222,#2221);
#2224=CURVE_STYLE('',#77,POSITIVE_LENGTH_MEASURE(2.E-2),#50);
#2225=PRESENTATION_STYLE_ASSIGNMENT((#2224));
#2226=STYLED_ITEM('',(#2225),#2223);
#2227=DIRECTION('',(0.E0,-7.071067811866E-1,-7.071067811865E-1));
#2228=VECTOR('',#2227,1.414213562373E-1);
#2229=CARTESIAN_POINT('',(7.75E-1,-3.75E-1,-4.5E0));
#2230=LINE('',#2229,#2228);
#2231=CURVE_STYLE('',#77,POSITIVE_LENGTH_MEASURE(2.E-2),#50);
#2232=PRESENTATION_STYLE_ASSIGNMENT((#2231));
#2233=STYLED_ITEM('',(#2232),#2230);
#2234=DIRECTION('',(0.E0,-1.E0,0.E0));
#2235=VECTOR('',#2234,5.E-1);
#2236=CARTESIAN_POINT('',(7.75E-1,-4.75E-1,-4.6E0));
#2237=LINE('',#2236,#2235);
#2238=CURVE_STYLE('',#77,POSITIVE_LENGTH_MEASURE(2.E-2),#50);
#2239=PRESENTATION_STYLE_ASSIGNMENT((#2238));
#2240=STYLED_ITEM('',(#2239),#2237);
#2241=DIRECTION('',(0.E0,-7.071067811865E-1,7.071067811865E-1));
#2242=VECTOR('',#2241,1.414213562373E-1);
#2243=CARTESIAN_POINT('',(7.75E-1,-9.75E-1,-4.6E0));
#2244=LINE('',#2243,#2242);
#2245=CURVE_STYLE('',#77,POSITIVE_LENGTH_MEASURE(2.E-2),#50);
#2246=PRESENTATION_STYLE_ASSIGNMENT((#2245));
#2247=STYLED_ITEM('',(#2246),#2244);
#2248=DIRECTION('',(0.E0,-1.E0,0.E0));
#2249=VECTOR('',#2248,6.75E-1);
#2250=CARTESIAN_POINT('',(7.75E-1,-1.075E0,-4.5E0));
#2251=LINE('',#2250,#2249);
#2252=CURVE_STYLE('',#77,POSITIVE_LENGTH_MEASURE(2.E-2),#50);
#2253=PRESENTATION_STYLE_ASSIGNMENT((#2252));
#2254=STYLED_ITEM('',(#2253),#2251);
#2255=DIRECTION('',(0.E0,-7.071067811865E-1,-7.071067811865E-1));
#2256=VECTOR('',#2255,2.828427124746E-1);
#2257=CARTESIAN_POINT('',(7.75E-1,-1.75E0,-4.5E0));
#2258=LINE('',#2257,#2256);
#2259=CURVE_STYLE('',#77,POSITIVE_LENGTH_MEASURE(2.E-2),#50);
#2260=PRESENTATION_STYLE_ASSIGNMENT((#2259));
#2261=STYLED_ITEM('',(#2260),#2258);
#2262=CARTESIAN_POINT('',(7.75E-1,-1.95E0,-4.55E0));
#2263=DIRECTION('',(-1.E0,0.E0,0.E0));
#2264=DIRECTION('',(0.E0,0.E0,-1.E0));
#2265=AXIS2_PLACEMENT_3D('',#2262,#2263,#2264);
#2267=CURVE_STYLE('',#77,POSITIVE_LENGTH_MEASURE(2.E-2),#50);
#2268=PRESENTATION_STYLE_ASSIGNMENT((#2267));
#2269=STYLED_ITEM('',(#2268),#2266);
#2270=DIRECTION('',(0.E0,0.E0,1.E0));
#2271=VECTOR('',#2270,3.5E-1);
#2272=CARTESIAN_POINT('',(7.75E-1,-2.1E0,-4.55E0));
#2273=LINE('',#2272,#2271);
#2274=CURVE_STYLE('',#77,POSITIVE_LENGTH_MEASURE(2.E-2),#50);
#2275=PRESENTATION_STYLE_ASSIGNMENT((#2274));
#2276=STYLED_ITEM('',(#2275),#2273);
#2277=CARTESIAN_POINT('',(7.75E-1,-1.95E0,-4.2E0));
#2278=DIRECTION('',(-1.E0,0.E0,0.E0));
#2279=DIRECTION('',(0.E0,-1.E0,0.E0));
#2280=AXIS2_PLACEMENT_3D('',#2277,#2278,#2279);
#2282=CURVE_STYLE('',#77,POSITIVE_LENGTH_MEASURE(2.E-2),#50);
#2283=PRESENTATION_STYLE_ASSIGNMENT((#2282));
#2284=STYLED_ITEM('',(#2283),#2281);
#2285=DIRECTION('',(0.E0,1.E0,0.E0));
#2286=VECTOR('',#2285,5.E-1);
#2287=CARTESIAN_POINT('',(7.75E-1,-1.95E0,-4.05E0));
#2288=LINE('',#2287,#2286);
#2289=CURVE_STYLE('',#77,POSITIVE_LENGTH_MEASURE(2.E-2),#50);
#2290=PRESENTATION_STYLE_ASSIGNMENT((#2289));
#2291=STYLED_ITEM('',(#2290),#2288);
#2292=DIRECTION('',(0.E0,0.E0,1.E0));
#2293=VECTOR('',#2292,2.25E0);
#2294=CARTESIAN_POINT('',(7.75E-1,-1.09E0,-2.9E0));
#2295=LINE('',#2294,#2293);
#2296=CURVE_STYLE('',#77,POSITIVE_LENGTH_MEASURE(2.E-2),#50);
#2297=PRESENTATION_STYLE_ASSIGNMENT((#2296));
#2298=STYLED_ITEM('',(#2297),#2295);
#2299=DIRECTION('',(0.E0,1.E0,0.E0));
#2300=VECTOR('',#2299,7.4E-1);
#2301=CARTESIAN_POINT('',(7.75E-1,-1.09E0,-6.5E-1));
#2302=LINE('',#2301,#2300);
#2303=CURVE_STYLE('',#77,POSITIVE_LENGTH_MEASURE(2.E-2),#50);
#2304=PRESENTATION_STYLE_ASSIGNMENT((#2303));
#2305=STYLED_ITEM('',(#2304),#2302);
#2306=DIRECTION('',(0.E0,0.E0,-1.E0));
#2307=VECTOR('',#2306,2.25E0);
#2308=CARTESIAN_POINT('',(7.75E-1,-3.5E-1,-6.5E-1));
#2309=LINE('',#2308,#2307);
#2310=CURVE_STYLE('',#77,POSITIVE_LENGTH_MEASURE(2.E-2),#50);
#2311=PRESENTATION_STYLE_ASSIGNMENT((#2310));
#2312=STYLED_ITEM('',(#2311),#2309);
#2313=DIRECTION('',(0.E0,1.E0,0.E0));
#2314=VECTOR('',#2313,5.E-1);
#2315=CARTESIAN_POINT('',(4.75E-1,-1.95E0,-4.05E0));
#2316=LINE('',#2315,#2314);
#2317=CURVE_STYLE('',#77,POSITIVE_LENGTH_MEASURE(2.E-2),#50);
#2318=PRESENTATION_STYLE_ASSIGNMENT((#2317));
#2319=STYLED_ITEM('',(#2318),#2316);
#2320=CARTESIAN_POINT('',(4.75E-1,-1.95E0,-4.2E0));
#2321=DIRECTION('',(-1.E0,0.E0,0.E0));
#2322=DIRECTION('',(0.E0,-1.E0,0.E0));
#2323=AXIS2_PLACEMENT_3D('',#2320,#2321,#2322);
#2325=CURVE_STYLE('',#77,POSITIVE_LENGTH_MEASURE(2.E-2),#50);
#2326=PRESENTATION_STYLE_ASSIGNMENT((#2325));
#2327=STYLED_ITEM('',(#2326),#2324);
#2328=DIRECTION('',(0.E0,0.E0,1.E0));
#2329=VECTOR('',#2328,3.5E-1);
#2330=CARTESIAN_POINT('',(4.75E-1,-2.1E0,-4.55E0));
#2331=LINE('',#2330,#2329);
#2332=CURVE_STYLE('',#77,POSITIVE_LENGTH_MEASURE(2.E-2),#50);
#2333=PRESENTATION_STYLE_ASSIGNMENT((#2332));
#2334=STYLED_ITEM('',(#2333),#2331);
#2335=CARTESIAN_POINT('',(4.75E-1,-1.95E0,-4.55E0));
#2336=DIRECTION('',(-1.E0,0.E0,0.E0));
#2337=DIRECTION('',(0.E0,0.E0,-1.E0));
#2338=AXIS2_PLACEMENT_3D('',#2335,#2336,#2337);
#2340=CURVE_STYLE('',#77,POSITIVE_LENGTH_MEASURE(2.E-2),#50);
#2341=PRESENTATION_STYLE_ASSIGNMENT((#2340));
#2342=STYLED_ITEM('',(#2341),#2339);
#2343=DIRECTION('',(0.E0,-7.071067811865E-1,-7.071067811865E-1));
#2344=VECTOR('',#2343,2.828427124746E-1);
#2345=CARTESIAN_POINT('',(4.75E-1,-1.75E0,-4.5E0));
#2346=LINE('',#2345,#2344);
#2347=CURVE_STYLE('',#77,POSITIVE_LENGTH_MEASURE(2.E-2),#50);
#2348=PRESENTATION_STYLE_ASSIGNMENT((#2347));
#2349=STYLED_ITEM('',(#2348),#2346);
#2350=DIRECTION('',(0.E0,-1.E0,0.E0));
#2351=VECTOR('',#2350,6.75E-1);
#2352=CARTESIAN_POINT('',(4.75E-1,-1.075E0,-4.5E0));
#2353=LINE('',#2352,#2351);
#2354=CURVE_STYLE('',#77,POSITIVE_LENGTH_MEASURE(2.E-2),#50);
#2355=PRESENTATION_STYLE_ASSIGNMENT((#2354));
#2356=STYLED_ITEM('',(#2355),#2353);
#2357=DIRECTION('',(0.E0,-7.071067811865E-1,7.071067811865E-1));
#2358=VECTOR('',#2357,1.414213562373E-1);
#2359=CARTESIAN_POINT('',(4.75E-1,-9.75E-1,-4.6E0));
#2360=LINE('',#2359,#2358);
#2361=CURVE_STYLE('',#77,POSITIVE_LENGTH_MEASURE(2.E-2),#50);
#2362=PRESENTATION_STYLE_ASSIGNMENT((#2361));
#2363=STYLED_ITEM('',(#2362),#2360);
#2364=DIRECTION('',(0.E0,-1.E0,0.E0));
#2365=VECTOR('',#2364,5.E-1);
#2366=CARTESIAN_POINT('',(4.75E-1,-4.75E-1,-4.6E0));
#2367=LINE('',#2366,#2365);
#2368=CURVE_STYLE('',#77,POSITIVE_LENGTH_MEASURE(2.E-2),#50);
#2369=PRESENTATION_STYLE_ASSIGNMENT((#2368));
#2370=STYLED_ITEM('',(#2369),#2367);
#2371=DIRECTION('',(0.E0,-7.071067811866E-1,-7.071067811865E-1));
#2372=VECTOR('',#2371,1.414213562373E-1);
#2373=CARTESIAN_POINT('',(4.75E-1,-3.75E-1,-4.5E0));
#2374=LINE('',#2373,#2372);
#2375=CURVE_STYLE('',#77,POSITIVE_LENGTH_MEASURE(2.E-2),#50);
#2376=PRESENTATION_STYLE_ASSIGNMENT((#2375));
#2377=STYLED_ITEM('',(#2376),#2374);
#2378=DIRECTION('',(0.E0,-1.E0,0.E0));
#2379=VECTOR('',#2378,6.75E-1);
#2380=CARTESIAN_POINT('',(4.75E-1,3.E-1,-4.5E0));
#2381=LINE('',#2380,#2379);
#2382=CURVE_STYLE('',#77,POSITIVE_LENGTH_MEASURE(2.E-2),#50);
#2383=PRESENTATION_STYLE_ASSIGNMENT((#2382));
#2384=STYLED_ITEM('',(#2383),#2381);
#2385=DIRECTION('',(0.E0,-7.071067811865E-1,7.071067811865E-1));
#2386=VECTOR('',#2385,2.828427124746E-1);
#2387=CARTESIAN_POINT('',(4.75E-1,5.E-1,-4.7E0));
#2388=LINE('',#2387,#2386);
#2389=CURVE_STYLE('',#77,POSITIVE_LENGTH_MEASURE(2.E-2),#50);
#2390=PRESENTATION_STYLE_ASSIGNMENT((#2389));
#2391=STYLED_ITEM('',(#2390),#2388);
#2392=CARTESIAN_POINT('',(4.75E-1,5.E-1,-4.55E0));
#2393=DIRECTION('',(-1.E0,0.E0,0.E0));
#2394=DIRECTION('',(0.E0,1.E0,0.E0));
#2395=AXIS2_PLACEMENT_3D('',#2392,#2393,#2394);
#2397=CURVE_STYLE('',#77,POSITIVE_LENGTH_MEASURE(2.E-2),#50);
#2398=PRESENTATION_STYLE_ASSIGNMENT((#2397));
#2399=STYLED_ITEM('',(#2398),#2396);
#2400=DIRECTION('',(0.E0,0.E0,-1.E0));
#2401=VECTOR('',#2400,3.E-1);
#2402=CARTESIAN_POINT('',(4.75E-1,6.5E-1,-4.25E0));
#2403=LINE('',#2402,#2401);
#2404=CURVE_STYLE('',#77,POSITIVE_LENGTH_MEASURE(2.E-2),#50);
#2405=PRESENTATION_STYLE_ASSIGNMENT((#2404));
#2406=STYLED_ITEM('',(#2405),#2403);
#2407=DIRECTION('',(0.E0,0.E0,-1.E0));
#2408=VECTOR('',#2407,2.25E0);
#2409=CARTESIAN_POINT('',(4.75E-1,-3.5E-1,-6.5E-1));
#2410=LINE('',#2409,#2408);
#2411=CURVE_STYLE('',#77,POSITIVE_LENGTH_MEASURE(2.E-2),#50);
#2412=PRESENTATION_STYLE_ASSIGNMENT((#2411));
#2413=STYLED_ITEM('',(#2412),#2410);
#2414=DIRECTION('',(0.E0,1.E0,0.E0));
#2415=VECTOR('',#2414,7.4E-1);
#2416=CARTESIAN_POINT('',(4.75E-1,-1.09E0,-6.5E-1));
#2417=LINE('',#2416,#2415);
#2418=CURVE_STYLE('',#77,POSITIVE_LENGTH_MEASURE(2.E-2),#50);
#2419=PRESENTATION_STYLE_ASSIGNMENT((#2418));
#2420=STYLED_ITEM('',(#2419),#2417);
#2421=DIRECTION('',(0.E0,0.E0,1.E0));
#2422=VECTOR('',#2421,2.25E0);
#2423=CARTESIAN_POINT('',(4.75E-1,-1.09E0,-2.9E0));
#2424=LINE('',#2423,#2422);
#2425=CURVE_STYLE('',#77,POSITIVE_LENGTH_MEASURE(2.E-2),#50);
#2426=PRESENTATION_STYLE_ASSIGNMENT((#2425));
#2427=STYLED_ITEM('',(#2426),#2424);
#2428=DIRECTION('',(0.E0,0.E0,1.E0));
#2429=VECTOR('',#2428,2.E-1);
#2430=CARTESIAN_POINT('',(-7.75E-1,-1.45E0,-4.25E0));
#2431=LINE('',#2430,#2429);
#2432=CURVE_STYLE('',#77,POSITIVE_LENGTH_MEASURE(2.E-2),#50);
#2433=PRESENTATION_STYLE_ASSIGNMENT((#2432));
#2434=STYLED_ITEM('',(#2433),#2431);
#2435=DIRECTION('',(0.E0,0.E0,1.E0));
#2436=VECTOR('',#2435,2.E-1);
#2437=CARTESIAN_POINT('',(7.75E-1,-1.45E0,-4.25E0));
#2438=LINE('',#2437,#2436);
#2439=CURVE_STYLE('',#77,POSITIVE_LENGTH_MEASURE(2.E-2),#50);
#2440=PRESENTATION_STYLE_ASSIGNMENT((#2439));
#2441=STYLED_ITEM('',(#2440),#2438);
#2442=DIRECTION('',(0.E0,0.E0,1.E0));
#2443=VECTOR('',#2442,2.E-1);
#2444=CARTESIAN_POINT('',(4.75E-1,-1.45E0,-4.25E0));
#2445=LINE('',#2444,#2443);
#2446=CURVE_STYLE('',#77,POSITIVE_LENGTH_MEASURE(2.E-2),#50);
#2447=PRESENTATION_STYLE_ASSIGNMENT((#2446));
#2448=STYLED_ITEM('',(#2447),#2445);
#2449=DIRECTION('',(0.E0,0.E0,1.E0));
#2450=VECTOR('',#2449,2.E-1);
#2451=CARTESIAN_POINT('',(-4.75E-1,-1.45E0,-4.25E0));
#2452=LINE('',#2451,#2450);
#2453=CURVE_STYLE('',#77,POSITIVE_LENGTH_MEASURE(2.E-2),#50);
#2454=PRESENTATION_STYLE_ASSIGNMENT((#2453));
#2455=STYLED_ITEM('',(#2454),#2452);
#2456=DIRECTION('',(-1.E0,0.E0,0.E0));
#2457=VECTOR('',#2456,7.5E-2);
#2458=CARTESIAN_POINT('',(-4.75E-1,-1.45E0,-4.05E0));
#2459=LINE('',#2458,#2457);
#2460=CURVE_STYLE('',#77,POSITIVE_LENGTH_MEASURE(2.E-2),#50);
#2461=PRESENTATION_STYLE_ASSIGNMENT((#2460));
#2462=STYLED_ITEM('',(#2461),#2459);
#2463=DIRECTION('',(0.E0,0.E0,-1.E0));
#2464=VECTOR('',#2463,1.15E0);
#2465=CARTESIAN_POINT('',(-5.5E-1,-1.45E0,-2.9E0));
#2466=LINE('',#2465,#2464);
#2467=CURVE_STYLE('',#77,POSITIVE_LENGTH_MEASURE(2.E-2),#50);
#2468=PRESENTATION_STYLE_ASSIGNMENT((#2467));
#2469=STYLED_ITEM('',(#2468),#2466);
#2470=DIRECTION('',(0.E0,0.E0,1.E0));
#2471=VECTOR('',#2470,1.15E0);
#2472=CARTESIAN_POINT('',(5.5E-1,-1.45E0,-4.05E0));
#2473=LINE('',#2472,#2471);
#2474=CURVE_STYLE('',#77,POSITIVE_LENGTH_MEASURE(2.E-2),#50);
#2475=PRESENTATION_STYLE_ASSIGNMENT((#2474));
#2476=STYLED_ITEM('',(#2475),#2473);
#2477=DIRECTION('',(-1.E0,0.E0,0.E0));
#2478=VECTOR('',#2477,7.5E-2);
#2479=CARTESIAN_POINT('',(5.5E-1,-1.45E0,-4.05E0));
#2480=LINE('',#2479,#2478);
#2481=CURVE_STYLE('',#77,POSITIVE_LENGTH_MEASURE(2.E-2),#50);
#2482=PRESENTATION_STYLE_ASSIGNMENT((#2481));
#2483=STYLED_ITEM('',(#2482),#2480);
#2484=DIRECTION('',(0.E0,1.E0,0.E0));
#2485=VECTOR('',#2484,5.E-1);
#2486=CARTESIAN_POINT('',(-7.75E-1,-1.95E0,-4.05E0));
#2487=LINE('',#2486,#2485);
#2488=CURVE_STYLE('',#77,POSITIVE_LENGTH_MEASURE(2.E-2),#50);
#2489=PRESENTATION_STYLE_ASSIGNMENT((#2488));
#2490=STYLED_ITEM('',(#2489),#2487);
#2491=CARTESIAN_POINT('',(-7.75E-1,-1.95E0,-4.2E0));
#2492=DIRECTION('',(-1.E0,0.E0,0.E0));
#2493=DIRECTION('',(0.E0,-1.E0,0.E0));
#2494=AXIS2_PLACEMENT_3D('',#2491,#2492,#2493);
#2496=CURVE_STYLE('',#77,POSITIVE_LENGTH_MEASURE(2.E-2),#50);
#2497=PRESENTATION_STYLE_ASSIGNMENT((#2496));
#2498=STYLED_ITEM('',(#2497),#2495);
#2499=DIRECTION('',(0.E0,0.E0,1.E0));
#2500=VECTOR('',#2499,3.5E-1);
#2501=CARTESIAN_POINT('',(-7.75E-1,-2.1E0,-4.55E0));
#2502=LINE('',#2501,#2500);
#2503=CURVE_STYLE('',#77,POSITIVE_LENGTH_MEASURE(2.E-2),#50);
#2504=PRESENTATION_STYLE_ASSIGNMENT((#2503));
#2505=STYLED_ITEM('',(#2504),#2502);
#2506=CARTESIAN_POINT('',(-7.75E-1,-1.95E0,-4.55E0));
#2507=DIRECTION('',(-1.E0,0.E0,0.E0));
#2508=DIRECTION('',(0.E0,0.E0,-1.E0));
#2509=AXIS2_PLACEMENT_3D('',#2506,#2507,#2508);
#2511=CURVE_STYLE('',#77,POSITIVE_LENGTH_MEASURE(2.E-2),#50);
#2512=PRESENTATION_STYLE_ASSIGNMENT((#2511));
#2513=STYLED_ITEM('',(#2512),#2510);
#2514=DIRECTION('',(0.E0,-7.071067811865E-1,-7.071067811865E-1));
#2515=VECTOR('',#2514,2.828427124746E-1);
#2516=CARTESIAN_POINT('',(-7.75E-1,-1.75E0,-4.5E0));
#2517=LINE('',#2516,#2515);
#2518=CURVE_STYLE('',#77,POSITIVE_LENGTH_MEASURE(2.E-2),#50);
#2519=PRESENTATION_STYLE_ASSIGNMENT((#2518));
#2520=STYLED_ITEM('',(#2519),#2517);
#2521=DIRECTION('',(0.E0,-1.E0,0.E0));
#2522=VECTOR('',#2521,6.75E-1);
#2523=CARTESIAN_POINT('',(-7.75E-1,-1.075E0,-4.5E0));
#2524=LINE('',#2523,#2522);
#2525=CURVE_STYLE('',#77,POSITIVE_LENGTH_MEASURE(2.E-2),#50);
#2526=PRESENTATION_STYLE_ASSIGNMENT((#2525));
#2527=STYLED_ITEM('',(#2526),#2524);
#2528=DIRECTION('',(0.E0,-7.071067811865E-1,7.071067811865E-1));
#2529=VECTOR('',#2528,1.414213562373E-1);
#2530=CARTESIAN_POINT('',(-7.75E-1,-9.75E-1,-4.6E0));
#2531=LINE('',#2530,#2529);
#2532=CURVE_STYLE('',#77,POSITIVE_LENGTH_MEASURE(2.E-2),#50);
#2533=PRESENTATION_STYLE_ASSIGNMENT((#2532));
#2534=STYLED_ITEM('',(#2533),#2531);
#2535=DIRECTION('',(0.E0,-1.E0,0.E0));
#2536=VECTOR('',#2535,5.E-1);
#2537=CARTESIAN_POINT('',(-7.75E-1,-4.75E-1,-4.6E0));
#2538=LINE('',#2537,#2536);
#2539=CURVE_STYLE('',#77,POSITIVE_LENGTH_MEASURE(2.E-2),#50);
#2540=PRESENTATION_STYLE_ASSIGNMENT((#2539));
#2541=STYLED_ITEM('',(#2540),#2538);
#2542=DIRECTION('',(0.E0,-7.071067811866E-1,-7.071067811865E-1));
#2543=VECTOR('',#2542,1.414213562373E-1);
#2544=CARTESIAN_POINT('',(-7.75E-1,-3.75E-1,-4.5E0));
#2545=LINE('',#2544,#2543);
#2546=CURVE_STYLE('',#77,POSITIVE_LENGTH_MEASURE(2.E-2),#50);
#2547=PRESENTATION_STYLE_ASSIGNMENT((#2546));
#2548=STYLED_ITEM('',(#2547),#2545);
#2549=DIRECTION('',(0.E0,-1.E0,0.E0));
#2550=VECTOR('',#2549,6.75E-1);
#2551=CARTESIAN_POINT('',(-7.75E-1,3.E-1,-4.5E0));
#2552=LINE('',#2551,#2550);
#2553=CURVE_STYLE('',#77,POSITIVE_LENGTH_MEASURE(2.E-2),#50);
#2554=PRESENTATION_STYLE_ASSIGNMENT((#2553));
#2555=STYLED_ITEM('',(#2554),#2552);
#2556=DIRECTION('',(0.E0,-7.071067811865E-1,7.071067811865E-1));
#2557=VECTOR('',#2556,2.828427124746E-1);
#2558=CARTESIAN_POINT('',(-7.75E-1,5.E-1,-4.7E0));
#2559=LINE('',#2558,#2557);
#2560=CURVE_STYLE('',#77,POSITIVE_LENGTH_MEASURE(2.E-2),#50);
#2561=PRESENTATION_STYLE_ASSIGNMENT((#2560));
#2562=STYLED_ITEM('',(#2561),#2559);
#2563=CARTESIAN_POINT('',(-7.75E-1,5.E-1,-4.55E0));
#2564=DIRECTION('',(-1.E0,0.E0,0.E0));
#2565=DIRECTION('',(0.E0,1.E0,0.E0));
#2566=AXIS2_PLACEMENT_3D('',#2563,#2564,#2565);
#2568=CURVE_STYLE('',#77,POSITIVE_LENGTH_MEASURE(2.E-2),#50);
#2569=PRESENTATION_STYLE_ASSIGNMENT((#2568));
#2570=STYLED_ITEM('',(#2569),#2567);
#2571=DIRECTION('',(0.E0,0.E0,-1.E0));
#2572=VECTOR('',#2571,3.E-1);
#2573=CARTESIAN_POINT('',(-7.75E-1,6.5E-1,-4.25E0));
#2574=LINE('',#2573,#2572);
#2575=CURVE_STYLE('',#77,POSITIVE_LENGTH_MEASURE(2.E-2),#50);
#2576=PRESENTATION_STYLE_ASSIGNMENT((#2575));
#2577=STYLED_ITEM('',(#2576),#2574);
#2578=DIRECTION('',(0.E0,0.E0,-1.E0));
#2579=VECTOR('',#2578,2.25E0);
#2580=CARTESIAN_POINT('',(-7.75E-1,-3.5E-1,-6.5E-1));
#2581=LINE('',#2580,#2579);
#2582=CURVE_STYLE('',#77,POSITIVE_LENGTH_MEASURE(2.E-2),#50);
#2583=PRESENTATION_STYLE_ASSIGNMENT((#2582));
#2584=STYLED_ITEM('',(#2583),#2581);
#2585=DIRECTION('',(0.E0,1.E0,0.E0));
#2586=VECTOR('',#2585,7.4E-1);
#2587=CARTESIAN_POINT('',(-7.75E-1,-1.09E0,-6.5E-1));
#2588=LINE('',#2587,#2586);
#2589=CURVE_STYLE('',#77,POSITIVE_LENGTH_MEASURE(2.E-2),#50);
#2590=PRESENTATION_STYLE_ASSIGNMENT((#2589));
#2591=STYLED_ITEM('',(#2590),#2588);
#2592=DIRECTION('',(0.E0,0.E0,1.E0));
#2593=VECTOR('',#2592,2.25E0);
#2594=CARTESIAN_POINT('',(-7.75E-1,-1.09E0,-2.9E0));
#2595=LINE('',#2594,#2593);
#2596=CURVE_STYLE('',#77,POSITIVE_LENGTH_MEASURE(2.E-2),#50);
#2597=PRESENTATION_STYLE_ASSIGNMENT((#2596));
#2598=STYLED_ITEM('',(#2597),#2595);
#2599=DIRECTION('',(-1.E0,0.E0,0.E0));
#2600=VECTOR('',#2599,3.E-1);
#2601=CARTESIAN_POINT('',(-4.75E-1,-1.95E0,-4.05E0));
#2602=LINE('',#2601,#2600);
#2603=CURVE_STYLE('',#77,POSITIVE_LENGTH_MEASURE(2.E-2),#50);
#2604=PRESENTATION_STYLE_ASSIGNMENT((#2603));
#2605=STYLED_ITEM('',(#2604),#2602);
#2606=DIRECTION('',(-1.E0,0.E0,0.E0));
#2607=VECTOR('',#2606,3.E-1);
#2608=CARTESIAN_POINT('',(-4.75E-1,-2.1E0,-4.2E0));
#2609=LINE('',#2608,#2607);
#2610=CURVE_STYLE('',#77,POSITIVE_LENGTH_MEASURE(2.E-2),#50);
#2611=PRESENTATION_STYLE_ASSIGNMENT((#2610));
#2612=STYLED_ITEM('',(#2611),#2609);
#2613=DIRECTION('',(-1.E0,0.E0,0.E0));
#2614=VECTOR('',#2613,3.E-1);
#2615=CARTESIAN_POINT('',(-4.75E-1,-2.1E0,-4.55E0));
#2616=LINE('',#2615,#2614);
#2617=CURVE_STYLE('',#77,POSITIVE_LENGTH_MEASURE(2.E-2),#50);
#2618=PRESENTATION_STYLE_ASSIGNMENT((#2617));
#2619=STYLED_ITEM('',(#2618),#2616);
#2620=DIRECTION('',(-1.E0,0.E0,0.E0));
#2621=VECTOR('',#2620,3.E-1);
#2622=CARTESIAN_POINT('',(-4.75E-1,-1.95E0,-4.7E0));
#2623=LINE('',#2622,#2621);
#2624=CURVE_STYLE('',#77,POSITIVE_LENGTH_MEASURE(2.E-2),#50);
#2625=PRESENTATION_STYLE_ASSIGNMENT((#2624));
#2626=STYLED_ITEM('',(#2625),#2623);
#2627=DIRECTION('',(-1.E0,0.E0,0.E0));
#2628=VECTOR('',#2627,3.E-1);
#2629=CARTESIAN_POINT('',(-4.75E-1,-1.75E0,-4.5E0));
#2630=LINE('',#2629,#2628);
#2631=CURVE_STYLE('',#77,POSITIVE_LENGTH_MEASURE(2.E-2),#50);
#2632=PRESENTATION_STYLE_ASSIGNMENT((#2631));
#2633=STYLED_ITEM('',(#2632),#2630);
#2634=DIRECTION('',(-1.E0,0.E0,0.E0));
#2635=VECTOR('',#2634,3.E-1);
#2636=CARTESIAN_POINT('',(-4.75E-1,-1.075E0,-4.5E0));
#2637=LINE('',#2636,#2635);
#2638=CURVE_STYLE('',#77,POSITIVE_LENGTH_MEASURE(2.E-2),#50);
#2639=PRESENTATION_STYLE_ASSIGNMENT((#2638));
#2640=STYLED_ITEM('',(#2639),#2637);
#2641=DIRECTION('',(-1.E0,0.E0,0.E0));
#2642=VECTOR('',#2641,3.E-1);
#2643=CARTESIAN_POINT('',(-4.75E-1,-9.75E-1,-4.6E0));
#2644=LINE('',#2643,#2642);
#2645=CURVE_STYLE('',#77,POSITIVE_LENGTH_MEASURE(2.E-2),#50);
#2646=PRESENTATION_STYLE_ASSIGNMENT((#2645));
#2647=STYLED_ITEM('',(#2646),#2644);
#2648=DIRECTION('',(-1.E0,0.E0,0.E0));
#2649=VECTOR('',#2648,3.E-1);
#2650=CARTESIAN_POINT('',(-4.75E-1,-4.75E-1,-4.6E0));
#2651=LINE('',#2650,#2649);
#2652=CURVE_STYLE('',#77,POSITIVE_LENGTH_MEASURE(2.E-2),#50);
#2653=PRESENTATION_STYLE_ASSIGNMENT((#2652));
#2654=STYLED_ITEM('',(#2653),#2651);
#2655=DIRECTION('',(-1.E0,0.E0,0.E0));
#2656=VECTOR('',#2655,3.E-1);
#2657=CARTESIAN_POINT('',(-4.75E-1,-3.75E-1,-4.5E0));
#2658=LINE('',#2657,#2656);
#2659=CURVE_STYLE('',#77,POSITIVE_LENGTH_MEASURE(2.E-2),#50);
#2660=PRESENTATION_STYLE_ASSIGNMENT((#2659));
#2661=STYLED_ITEM('',(#2660),#2658);
#2662=DIRECTION('',(-1.E0,0.E0,0.E0));
#2663=VECTOR('',#2662,3.E-1);
#2664=CARTESIAN_POINT('',(-4.75E-1,3.E-1,-4.5E0));
#2665=LINE('',#2664,#2663);
#2666=CURVE_STYLE('',#77,POSITIVE_LENGTH_MEASURE(2.E-2),#50);
#2667=PRESENTATION_STYLE_ASSIGNMENT((#2666));
#2668=STYLED_ITEM('',(#2667),#2665);
#2669=DIRECTION('',(-1.E0,0.E0,0.E0));
#2670=VECTOR('',#2669,3.E-1);
#2671=CARTESIAN_POINT('',(-4.75E-1,5.E-1,-4.7E0));
#2672=LINE('',#2671,#2670);
#2673=CURVE_STYLE('',#77,POSITIVE_LENGTH_MEASURE(2.E-2),#50);
#2674=PRESENTATION_STYLE_ASSIGNMENT((#2673));
#2675=STYLED_ITEM('',(#2674),#2672);
#2676=DIRECTION('',(-1.E0,0.E0,0.E0));
#2677=VECTOR('',#2676,3.E-1);
#2678=CARTESIAN_POINT('',(-4.75E-1,6.5E-1,-4.55E0));
#2679=LINE('',#2678,#2677);
#2680=CURVE_STYLE('',#77,POSITIVE_LENGTH_MEASURE(2.E-2),#50);
#2681=PRESENTATION_STYLE_ASSIGNMENT((#2680));
#2682=STYLED_ITEM('',(#2681),#2679);
#2683=DIRECTION('',(1.E0,0.E0,0.E0));
#2684=VECTOR('',#2683,9.2E-1);
#2685=CARTESIAN_POINT('',(-1.695E0,-1.45E0,-4.05E0));
#2686=LINE('',#2685,#2684);
#2687=CURVE_STYLE('',#77,POSITIVE_LENGTH_MEASURE(2.E-2),#50);
#2688=PRESENTATION_STYLE_ASSIGNMENT((#2687));
#2689=STYLED_ITEM('',(#2688),#2686);
#2690=DIRECTION('',(0.E0,-6.246950475544E-1,7.808688094430E-1));
#2691=VECTOR('',#2690,6.403124237433E-1);
#2692=CARTESIAN_POINT('',(-5.5E-1,-1.45E0,-4.05E0));
#2693=LINE('',#2692,#2691);
#2694=CURVE_STYLE('',#77,POSITIVE_LENGTH_MEASURE(2.E-2),#50);
#2695=PRESENTATION_STYLE_ASSIGNMENT((#2694));
#2696=STYLED_ITEM('',(#2695),#2693);
#2697=DIRECTION('',(-1.E0,0.E0,0.E0));
#2698=VECTOR('',#2697,2.25E-1);
#2699=CARTESIAN_POINT('',(-5.5E-1,-1.45E0,-4.05E0));
#2700=LINE('',#2699,#2698);
#2701=CURVE_STYLE('',#77,POSITIVE_LENGTH_MEASURE(2.E-2),#50);
#2702=PRESENTATION_STYLE_ASSIGNMENT((#2701));
#2703=STYLED_ITEM('',(#2702),#2700);
#2704=DIRECTION('',(0.E0,-6.246950475544E-1,7.808688094430E-1));
#2705=VECTOR('',#2704,6.403124237433E-1);
#2706=CARTESIAN_POINT('',(5.5E-1,-1.45E0,-4.05E0));
#2707=LINE('',#2706,#2705);
#2708=CURVE_STYLE('',#77,POSITIVE_LENGTH_MEASURE(2.E-2),#50);
#2709=PRESENTATION_STYLE_ASSIGNMENT((#2708));
#2710=STYLED_ITEM('',(#2709),#2707);
#2711=DIRECTION('',(1.E0,0.E0,0.E0));
#2712=VECTOR('',#2711,9.2E-1);
#2713=CARTESIAN_POINT('',(7.75E-1,-1.45E0,-4.05E0));
#2714=LINE('',#2713,#2712);
#2715=CURVE_STYLE('',#77,POSITIVE_LENGTH_MEASURE(2.E-2),#50);
#2716=PRESENTATION_STYLE_ASSIGNMENT((#2715));
#2717=STYLED_ITEM('',(#2716),#2714);
#2718=DIRECTION('',(-1.E0,0.E0,0.E0));
#2719=VECTOR('',#2718,2.25E-1);
#2720=CARTESIAN_POINT('',(7.75E-1,-1.45E0,-4.05E0));
#2721=LINE('',#2720,#2719);
#2722=CURVE_STYLE('',#77,POSITIVE_LENGTH_MEASURE(2.E-2),#50);
#2723=PRESENTATION_STYLE_ASSIGNMENT((#2722));
#2724=STYLED_ITEM('',(#2723),#2721);
#2725=DIRECTION('',(0.E0,0.E0,1.E0));
#2726=VECTOR('',#2725,1.15E0);
#2727=CARTESIAN_POINT('',(-1.695E0,-1.85E0,-4.7E0));
#2728=LINE('',#2727,#2726);
#2729=CURVE_STYLE('',#77,POSITIVE_LENGTH_MEASURE(2.E-2),#50);
#2730=PRESENTATION_STYLE_ASSIGNMENT((#2729));
#2731=STYLED_ITEM('',(#2730),#2728);
#2732=DIRECTION('',(0.E0,-6.246950475544E-1,7.808688094430E-1));
#2733=VECTOR('',#2732,6.403124237433E-1);
#2734=CARTESIAN_POINT('',(-1.695E0,-1.45E0,-4.05E0));
#2735=LINE('',#2734,#2733);
#2736=CURVE_STYLE('',#77,POSITIVE_LENGTH_MEASURE(2.E-2),#50);
#2737=PRESENTATION_STYLE_ASSIGNMENT((#2736));
#2738=STYLED_ITEM('',(#2737),#2735);
#2739=DIRECTION('',(0.E0,0.E0,1.E0));
#2740=VECTOR('',#2739,2.E-1);
#2741=CARTESIAN_POINT('',(-1.695E0,-1.45E0,-4.25E0));
#2742=LINE('',#2741,#2740);
#2743=CURVE_STYLE('',#77,POSITIVE_LENGTH_MEASURE(2.E-2),#50);
#2744=PRESENTATION_STYLE_ASSIGNMENT((#2743));
#2745=STYLED_ITEM('',(#2744),#2742);
#2746=DIRECTION('',(0.E0,1.E0,0.E0));
#2747=VECTOR('',#2746,2.8E0);
#2748=CARTESIAN_POINT('',(-1.695E0,-1.45E0,-4.25E0));
#2749=LINE('',#2748,#2747);
#2750=CURVE_STYLE('',#77,POSITIVE_LENGTH_MEASURE(2.E-2),#50);
#2751=PRESENTATION_STYLE_ASSIGNMENT((#2750));
#2752=STYLED_ITEM('',(#2751),#2749);
#2753=DIRECTION('',(0.E0,0.E0,-1.E0));
#2754=VECTOR('',#2753,5.E-1);
#2755=CARTESIAN_POINT('',(1.225E0,1.35E0,-1.E0));
#2756=LINE('',#2755,#2754);
#2757=CURVE_STYLE('',#77,POSITIVE_LENGTH_MEASURE(2.E-2),#50);
#2758=PRESENTATION_STYLE_ASSIGNMENT((#2757));
#2759=STYLED_ITEM('',(#2758),#2756);
#2760=DIRECTION('',(0.E0,0.E0,-1.E0));
#2761=VECTOR('',#2760,5.E-1);
#2762=CARTESIAN_POINT('',(-1.225E0,1.35E0,-1.E0));
#2763=LINE('',#2762,#2761);
#2764=CURVE_STYLE('',#77,POSITIVE_LENGTH_MEASURE(2.E-2),#50);
#2765=PRESENTATION_STYLE_ASSIGNMENT((#2764));
#2766=STYLED_ITEM('',(#2765),#2763);
#2767=DIRECTION('',(1.E0,0.E0,0.E0));
#2768=VECTOR('',#2767,9.E-1);
#2769=CARTESIAN_POINT('',(-2.125E0,1.35E0,-1.E0));
#2770=LINE('',#2769,#2768);
#2771=CURVE_STYLE('',#77,POSITIVE_LENGTH_MEASURE(2.E-2),#50);
#2772=PRESENTATION_STYLE_ASSIGNMENT((#2771));
#2773=STYLED_ITEM('',(#2772),#2770);
#2774=DIRECTION('',(0.E0,0.E0,1.E0));
#2775=VECTOR('',#2774,4.5E-1);
#2776=CARTESIAN_POINT('',(-1.695E0,1.35E0,-4.7E0));
#2777=LINE('',#2776,#2775);
#2778=CURVE_STYLE('',#77,POSITIVE_LENGTH_MEASURE(2.E-2),#50);
#2779=PRESENTATION_STYLE_ASSIGNMENT((#2778));
#2780=STYLED_ITEM('',(#2779),#2777);
#2781=DIRECTION('',(-1.E0,0.E0,0.E0));
#2782=VECTOR('',#2781,3.39E0);
#2783=CARTESIAN_POINT('',(1.695E0,1.35E0,-4.25E0));
#2784=LINE('',#2783,#2782);
#2785=CURVE_STYLE('',#77,POSITIVE_LENGTH_MEASURE(2.E-2),#50);
#2786=PRESENTATION_STYLE_ASSIGNMENT((#2785));
#2787=STYLED_ITEM('',(#2786),#2784);
#2788=DIRECTION('',(0.E0,0.E0,1.E0));
#2789=VECTOR('',#2788,4.5E-1);
#2790=CARTESIAN_POINT('',(1.695E0,1.35E0,-4.7E0));
#2791=LINE('',#2790,#2789);
#2792=CURVE_STYLE('',#77,POSITIVE_LENGTH_MEASURE(2.E-2),#50);
#2793=PRESENTATION_STYLE_ASSIGNMENT((#2792));
#2794=STYLED_ITEM('',(#2793),#2791);
#2795=DIRECTION('',(1.E0,0.E0,0.E0));
#2796=VECTOR('',#2795,9.E-1);
#2797=CARTESIAN_POINT('',(1.225E0,1.35E0,-1.E0));
#2798=LINE('',#2797,#2796);
#2799=CURVE_STYLE('',#77,POSITIVE_LENGTH_MEASURE(2.E-2),#50);
#2800=PRESENTATION_STYLE_ASSIGNMENT((#2799));
#2801=STYLED_ITEM('',(#2800),#2798);
#2802=DIRECTION('',(0.E0,1.E0,0.E0));
#2803=VECTOR('',#2802,4.E-1);
#2804=CARTESIAN_POINT('',(1.225E0,9.5E-1,-1.5E0));
#2805=LINE('',#2804,#2803);
#2806=CURVE_STYLE('',#77,POSITIVE_LENGTH_MEASURE(2.E-2),#50);
#2807=PRESENTATION_STYLE_ASSIGNMENT((#2806));
#2808=STYLED_ITEM('',(#2807),#2805);
#2809=DIRECTION('',(0.E0,1.E0,0.E0));
#2810=VECTOR('',#2809,2.E-1);
#2811=CARTESIAN_POINT('',(1.225E0,1.15E0,-1.E0));
#2812=LINE('',#2811,#2810);
#2813=CURVE_STYLE('',#77,POSITIVE_LENGTH_MEASURE(2.E-2),#50);
#2814=PRESENTATION_STYLE_ASSIGNMENT((#2813));
#2815=STYLED_ITEM('',(#2814),#2812);
#2816=DIRECTION('',(0.E0,7.071067811865E-1,7.071067811865E-1));
#2817=VECTOR('',#2816,2.828427124746E-1);
#2818=CARTESIAN_POINT('',(1.225E0,9.5E-1,-1.2E0));
#2819=LINE('',#2818,#2817);
#2820=CURVE_STYLE('',#77,POSITIVE_LENGTH_MEASURE(2.E-2),#50);
#2821=PRESENTATION_STYLE_ASSIGNMENT((#2820));
#2822=STYLED_ITEM('',(#2821),#2819);
#2823=DIRECTION('',(0.E0,0.E0,-1.E0));
#2824=VECTOR('',#2823,3.E-1);
#2825=CARTESIAN_POINT('',(1.225E0,9.5E-1,-1.2E0));
#2826=LINE('',#2825,#2824);
#2827=CURVE_STYLE('',#77,POSITIVE_LENGTH_MEASURE(2.E-2),#50);
#2828=PRESENTATION_STYLE_ASSIGNMENT((#2827));
#2829=STYLED_ITEM('',(#2828),#2826);
#2830=DIRECTION('',(-1.E0,0.E0,0.E0));
#2831=VECTOR('',#2830,2.45E0);
#2832=CARTESIAN_POINT('',(1.225E0,1.35E0,-1.5E0));
#2833=LINE('',#2832,#2831);
#2834=CURVE_STYLE('',#77,POSITIVE_LENGTH_MEASURE(2.E-2),#50);
#2835=PRESENTATION_STYLE_ASSIGNMENT((#2834));
#2836=STYLED_ITEM('',(#2835),#2833);
#2837=DIRECTION('',(1.E0,0.E0,0.E0));
#2838=VECTOR('',#2837,2.45E0);
#2839=CARTESIAN_POINT('',(-1.225E0,9.5E-1,-1.5E0));
#2840=LINE('',#2839,#2838);
#2841=CURVE_STYLE('',#77,POSITIVE_LENGTH_MEASURE(2.E-2),#50);
#2842=PRESENTATION_STYLE_ASSIGNMENT((#2841));
#2843=STYLED_ITEM('',(#2842),#2840);
#2844=DIRECTION('',(0.E0,-1.E0,0.E0));
#2845=VECTOR('',#2844,4.E-1);
#2846=CARTESIAN_POINT('',(-1.225E0,1.35E0,-1.5E0));
#2847=LINE('',#2846,#2845);
#2848=CURVE_STYLE('',#77,POSITIVE_LENGTH_MEASURE(2.E-2),#50);
#2849=PRESENTATION_STYLE_ASSIGNMENT((#2848));
#2850=STYLED_ITEM('',(#2849),#2847);
#2851=DIRECTION('',(0.E0,-7.071067811865E-1,-7.071067811865E-1));
#2852=VECTOR('',#2851,2.828427124746E-1);
#2853=CARTESIAN_POINT('',(-1.225E0,1.15E0,-1.E0));
#2854=LINE('',#2853,#2852);
#2855=CURVE_STYLE('',#77,POSITIVE_LENGTH_MEASURE(2.E-2),#50);
#2856=PRESENTATION_STYLE_ASSIGNMENT((#2855));
#2857=STYLED_ITEM('',(#2856),#2854);
#2858=DIRECTION('',(0.E0,-1.E0,0.E0));
#2859=VECTOR('',#2858,2.E-1);
#2860=CARTESIAN_POINT('',(-1.225E0,1.35E0,-1.E0));
#2861=LINE('',#2860,#2859);
#2862=CURVE_STYLE('',#77,POSITIVE_LENGTH_MEASURE(2.E-2),#50);
#2863=PRESENTATION_STYLE_ASSIGNMENT((#2862));
#2864=STYLED_ITEM('',(#2863),#2861);
#2865=DIRECTION('',(-1.E0,0.E0,0.E0));
#2866=VECTOR('',#2865,3.E-1);
#2867=CARTESIAN_POINT('',(1.525E0,9.5E-1,-1.2E0));
#2868=LINE('',#2867,#2866);
#2869=CURVE_STYLE('',#77,POSITIVE_LENGTH_MEASURE(2.E-2),#50);
#2870=PRESENTATION_STYLE_ASSIGNMENT((#2869));
#2871=STYLED_ITEM('',(#2870),#2868);
#2872=DIRECTION('',(0.E0,0.E0,-1.E0));
#2873=VECTOR('',#2872,1.7E0);
#2874=CARTESIAN_POINT('',(1.525E0,9.5E-1,-1.2E0));
#2875=LINE('',#2874,#2873);
#2876=CURVE_STYLE('',#77,POSITIVE_LENGTH_MEASURE(2.E-2),#50);
#2877=PRESENTATION_STYLE_ASSIGNMENT((#2876));
#2878=STYLED_ITEM('',(#2877),#2875);
#2879=DIRECTION('',(-1.E0,0.E0,0.E0));
#2880=VECTOR('',#2879,3.05E0);
#2881=CARTESIAN_POINT('',(1.525E0,9.5E-1,-2.9E0));
#2882=LINE('',#2881,#2880);
#2883=CURVE_STYLE('',#77,POSITIVE_LENGTH_MEASURE(2.E-2),#50);
#2884=PRESENTATION_STYLE_ASSIGNMENT((#2883));
#2885=STYLED_ITEM('',(#2884),#2882);
#2886=DIRECTION('',(-1.E0,0.E0,0.E0));
#2887=VECTOR('',#2886,3.E-1);
#2888=CARTESIAN_POINT('',(-1.225E0,9.5E-1,-1.2E0));
#2889=LINE('',#2888,#2887);
#2890=CURVE_STYLE('',#77,POSITIVE_LENGTH_MEASURE(2.E-2),#50);
#2891=PRESENTATION_STYLE_ASSIGNMENT((#2890));
#2892=STYLED_ITEM('',(#2891),#2889);
#2893=DIRECTION('',(0.E0,0.E0,-1.E0));
#2894=VECTOR('',#2893,3.E-1);
#2895=CARTESIAN_POINT('',(-1.225E0,9.5E-1,-1.2E0));
#2896=LINE('',#2895,#2894);
#2897=CURVE_STYLE('',#77,POSITIVE_LENGTH_MEASURE(2.E-2),#50);
#2898=PRESENTATION_STYLE_ASSIGNMENT((#2897));
#2899=STYLED_ITEM('',(#2898),#2896);
#2900=DIRECTION('',(0.E0,-7.071067811865E-1,-7.071067811865E-1));
#2901=VECTOR('',#2900,2.828427124746E-1);
#2902=CARTESIAN_POINT('',(1.525E0,1.15E0,-1.E0));
#2903=LINE('',#2902,#2901);
#2904=CURVE_STYLE('',#77,POSITIVE_LENGTH_MEASURE(2.E-2),#50);
#2905=PRESENTATION_STYLE_ASSIGNMENT((#2904));
#2906=STYLED_ITEM('',(#2905),#2903);
#2907=DIRECTION('',(-1.E0,0.E0,0.E0));
#2908=VECTOR('',#2907,3.E-1);
#2909=CARTESIAN_POINT('',(-1.225E0,1.15E0,-1.E0));
#2910=LINE('',#2909,#2908);
#2911=CURVE_STYLE('',#77,POSITIVE_LENGTH_MEASURE(2.E-2),#50);
#2912=PRESENTATION_STYLE_ASSIGNMENT((#2911));
#2913=STYLED_ITEM('',(#2912),#2910);
#2914=DIRECTION('',(0.E0,-1.E0,0.E0));
#2915=VECTOR('',#2914,2.E-1);
#2916=CARTESIAN_POINT('',(-1.525E0,1.15E0,-1.E0));
#2917=LINE('',#2916,#2915);
#2918=CURVE_STYLE('',#77,POSITIVE_LENGTH_MEASURE(2.E-2),#50);
#2919=PRESENTATION_STYLE_ASSIGNMENT((#2918));
#2920=STYLED_ITEM('',(#2919),#2917);
#2921=DIRECTION('',(1.E0,0.E0,0.E0));
#2922=VECTOR('',#2921,6.E-1);
#2923=CARTESIAN_POINT('',(-2.125E0,9.5E-1,-1.E0));
#2924=LINE('',#2923,#2922);
#2925=CURVE_STYLE('',#77,POSITIVE_LENGTH_MEASURE(2.E-2),#50);
#2926=PRESENTATION_STYLE_ASSIGNMENT((#2925));
#2927=STYLED_ITEM('',(#2926),#2924);
#2928=DIRECTION('',(0.E0,1.E0,0.E0));
#2929=VECTOR('',#2928,4.E-1);
#2930=CARTESIAN_POINT('',(-2.125E0,9.5E-1,-1.E0));
#2931=LINE('',#2930,#2929);
#2932=CURVE_STYLE('',#77,POSITIVE_LENGTH_MEASURE(2.E-2),#50);
#2933=PRESENTATION_STYLE_ASSIGNMENT((#2932));
#2934=STYLED_ITEM('',(#2933),#2931);
#2935=DIRECTION('',(-1.E0,0.E0,0.E0));
#2936=VECTOR('',#2935,3.E-1);
#2937=CARTESIAN_POINT('',(1.525E0,1.15E0,-1.E0));
#2938=LINE('',#2937,#2936);
#2939=CURVE_STYLE('',#77,POSITIVE_LENGTH_MEASURE(2.E-2),#50);
#2940=PRESENTATION_STYLE_ASSIGNMENT((#2939));
#2941=STYLED_ITEM('',(#2940),#2938);
#2942=DIRECTION('',(0.E0,1.E0,0.E0));
#2943=VECTOR('',#2942,4.E-1);
#2944=CARTESIAN_POINT('',(2.125E0,9.5E-1,-1.E0));
#2945=LINE('',#2944,#2943);
#2946=CURVE_STYLE('',#77,POSITIVE_LENGTH_MEASURE(2.E-2),#50);
#2947=PRESENTATION_STYLE_ASSIGNMENT((#2946));
#2948=STYLED_ITEM('',(#2947),#2945);
#2949=DIRECTION('',(1.E0,0.E0,0.E0));
#2950=VECTOR('',#2949,6.E-1);
#2951=CARTESIAN_POINT('',(1.525E0,9.5E-1,-1.E0));
#2952=LINE('',#2951,#2950);
#2953=CURVE_STYLE('',#77,POSITIVE_LENGTH_MEASURE(2.E-2),#50);
#2954=PRESENTATION_STYLE_ASSIGNMENT((#2953));
#2955=STYLED_ITEM('',(#2954),#2952);
#2956=DIRECTION('',(0.E0,-1.E0,0.E0));
#2957=VECTOR('',#2956,2.E-1);
#2958=CARTESIAN_POINT('',(1.525E0,1.15E0,-1.E0));
#2959=LINE('',#2958,#2957);
#2960=CURVE_STYLE('',#77,POSITIVE_LENGTH_MEASURE(2.E-2),#50);
#2961=PRESENTATION_STYLE_ASSIGNMENT((#2960));
#2962=STYLED_ITEM('',(#2961),#2959);
#2963=DIRECTION('',(0.E0,7.071067811865E-1,7.071067811865E-1));
#2964=VECTOR('',#2963,2.828427124746E-1);
#2965=CARTESIAN_POINT('',(-1.525E0,9.5E-1,-1.2E0));
#2966=LINE('',#2965,#2964);
#2967=CURVE_STYLE('',#77,POSITIVE_LENGTH_MEASURE(2.E-2),#50);
#2968=PRESENTATION_STYLE_ASSIGNMENT((#2967));
#2969=STYLED_ITEM('',(#2968),#2966);
#2970=DIRECTION('',(0.E0,0.E0,-1.E0));
#2971=VECTOR('',#2970,8.E-1);
#2972=CARTESIAN_POINT('',(-1.525E0,9.5E-1,-2.E-1));
#2973=LINE('',#2972,#2971);
#2974=CURVE_STYLE('',#77,POSITIVE_LENGTH_MEASURE(2.E-2),#50);
#2975=PRESENTATION_STYLE_ASSIGNMENT((#2974));
#2976=STYLED_ITEM('',(#2975),#2973);
#2977=DIRECTION('',(0.E0,0.E0,-1.E0));
#2978=VECTOR('',#2977,1.7E0);
#2979=CARTESIAN_POINT('',(-1.525E0,9.5E-1,-1.2E0));
#2980=LINE('',#2979,#2978);
#2981=CURVE_STYLE('',#77,POSITIVE_LENGTH_MEASURE(2.E-2),#50);
#2982=PRESENTATION_STYLE_ASSIGNMENT((#2981));
#2983=STYLED_ITEM('',(#2982),#2980);
#2984=DIRECTION('',(0.E0,1.E0,0.E0));
#2985=VECTOR('',#2984,8.82E-1);
#2986=CARTESIAN_POINT('',(-1.525E0,6.8E-2,-2.E-1));
#2987=LINE('',#2986,#2985);
#2988=CURVE_STYLE('',#77,POSITIVE_LENGTH_MEASURE(2.E-2),#50);
#2989=PRESENTATION_STYLE_ASSIGNMENT((#2988));
#2990=STYLED_ITEM('',(#2989),#2987);
#2991=DIRECTION('',(8.320502943378E-1,0.E0,5.547001962252E-1));
#2992=VECTOR('',#2991,3.605551275464E-1);
#2993=CARTESIAN_POINT('',(1.525E0,9.5E-1,-2.E-1));
#2994=LINE('',#2993,#2992);
#2995=CURVE_STYLE('',#77,POSITIVE_LENGTH_MEASURE(2.E-2),#50);
#2996=PRESENTATION_STYLE_ASSIGNMENT((#2995));
#2997=STYLED_ITEM('',(#2996),#2994);
#2998=DIRECTION('',(0.E0,0.E0,1.E0));
#2999=VECTOR('',#2998,1.E0);
#3000=CARTESIAN_POINT('',(2.125E0,9.5E-1,-1.E0));
#3001=LINE('',#3000,#2999);
#3002=CURVE_STYLE('',#77,POSITIVE_LENGTH_MEASURE(2.E-2),#50);
#3003=PRESENTATION_STYLE_ASSIGNMENT((#3002));
#3004=STYLED_ITEM('',(#3003),#3001);
#3005=DIRECTION('',(-8.320502943378E-1,0.E0,-5.547001962252E-1));
#3006=VECTOR('',#3005,3.605551275464E-1);
#3007=CARTESIAN_POINT('',(1.825E0,6.8E-2,0.E0));
#3008=LINE('',#3007,#3006);
#3009=CURVE_STYLE('',#77,POSITIVE_LENGTH_MEASURE(2.E-2),#50);
#3010=PRESENTATION_STYLE_ASSIGNMENT((#3009));
#3011=STYLED_ITEM('',(#3010),#3008);
#3012=DIRECTION('',(0.E0,0.E0,-1.E0));
#3013=VECTOR('',#3012,2.9E0);
#3014=CARTESIAN_POINT('',(1.825E0,6.8E-2,0.E0));
#3015=LINE('',#3014,#3013);
#3016=CURVE_STYLE('',#77,POSITIVE_LENGTH_MEASURE(2.E-2),#50);
#3017=PRESENTATION_STYLE_ASSIGNMENT((#3016));
#3018=STYLED_ITEM('',(#3017),#3015);
#3019=DIRECTION('',(0.E0,0.E0,-1.E0));
#3020=VECTOR('',#3019,2.9E0);
#3021=CARTESIAN_POINT('',(1.825E0,-9.82E-1,0.E0));
#3022=LINE('',#3021,#3020);
#3023=CURVE_STYLE('',#77,POSITIVE_LENGTH_MEASURE(2.E-2),#50);
#3024=PRESENTATION_STYLE_ASSIGNMENT((#3023));
#3025=STYLED_ITEM('',(#3024),#3022);
#3026=DIRECTION('',(7.071067811865E-1,0.E0,7.071067811865E-1));
#3027=VECTOR('',#3026,2.828427124746E-1);
#3028=CARTESIAN_POINT('',(1.525E0,-9.82E-1,-2.E-1));
#3029=LINE('',#3028,#3027);
#3030=CURVE_STYLE('',#77,POSITIVE_LENGTH_MEASURE(2.E-2),#50);
#3031=PRESENTATION_STYLE_ASSIGNMENT((#3030));
#3032=STYLED_ITEM('',(#3031),#3029);
#3033=DIRECTION('',(0.E0,0.E0,-1.E0));
#3034=VECTOR('',#3033,2.7E0);
#3035=CARTESIAN_POINT('',(1.525E0,-9.82E-1,-2.E-1));
#3036=LINE('',#3035,#3034);
#3037=CURVE_STYLE('',#77,POSITIVE_LENGTH_MEASURE(2.E-2),#50);
#3038=PRESENTATION_STYLE_ASSIGNMENT((#3037));
#3039=STYLED_ITEM('',(#3038),#3036);
#3040=DIRECTION('',(5.773502691896E-1,-5.773502691896E-1,5.773502691896E-1));
#3041=VECTOR('',#3040,3.464101615138E-1);
#3042=CARTESIAN_POINT('',(1.525E0,-1.45E0,-2.E-1));
#3043=LINE('',#3042,#3041);
#3044=CURVE_STYLE('',#77,POSITIVE_LENGTH_MEASURE(2.E-2),#50);
#3045=PRESENTATION_STYLE_ASSIGNMENT((#3044));
#3046=STYLED_ITEM('',(#3045),#3043);
#3047=DIRECTION('',(0.E0,-1.E0,0.E0));
#3048=VECTOR('',#3047,4.68E-1);
#3049=CARTESIAN_POINT('',(1.525E0,-9.82E-1,-2.E-1));
#3050=LINE('',#3049,#3048);
#3051=CURVE_STYLE('',#77,POSITIVE_LENGTH_MEASURE(2.E-2),#50);
#3052=PRESENTATION_STYLE_ASSIGNMENT((#3051));
#3053=STYLED_ITEM('',(#3052),#3050);
#3054=DIRECTION('',(0.E0,0.E0,-1.E0));
#3055=VECTOR('',#3054,2.7E0);
#3056=CARTESIAN_POINT('',(1.525E0,-1.45E0,-2.E-1));
#3057=LINE('',#3056,#3055);
#3058=CURVE_STYLE('',#77,POSITIVE_LENGTH_MEASURE(2.E-2),#50);
#3059=PRESENTATION_STYLE_ASSIGNMENT((#3058));
#3060=STYLED_ITEM('',(#3059),#3057);
#3061=DIRECTION('',(0.E0,0.E0,-1.E0));
#3062=VECTOR('',#3061,8.E-1);
#3063=CARTESIAN_POINT('',(1.525E0,9.5E-1,-2.E-1));
#3064=LINE('',#3063,#3062);
#3065=CURVE_STYLE('',#77,POSITIVE_LENGTH_MEASURE(2.E-2),#50);
#3066=PRESENTATION_STYLE_ASSIGNMENT((#3065));
#3067=STYLED_ITEM('',(#3066),#3064);
#3068=DIRECTION('',(0.E0,-1.E0,0.E0));
#3069=VECTOR('',#3068,8.82E-1);
#3070=CARTESIAN_POINT('',(1.525E0,9.5E-1,-2.E-1));
#3071=LINE('',#3070,#3069);
#3072=CURVE_STYLE('',#77,POSITIVE_LENGTH_MEASURE(2.E-2),#50);
#3073=PRESENTATION_STYLE_ASSIGNMENT((#3072));
#3074=STYLED_ITEM('',(#3073),#3071);
#3075=DIRECTION('',(0.E0,0.E0,-1.E0));
#3076=VECTOR('',#3075,2.7E0);
#3077=CARTESIAN_POINT('',(1.525E0,6.8E-2,-2.E-1));
#3078=LINE('',#3077,#3076);
#3079=CURVE_STYLE('',#77,POSITIVE_LENGTH_MEASURE(2.E-2),#50);
#3080=PRESENTATION_STYLE_ASSIGNMENT((#3079));
#3081=STYLED_ITEM('',(#3080),#3078);
#3082=DIRECTION('',(0.E0,1.E0,0.E0));
#3083=VECTOR('',#3082,3.2E0);
#3084=CARTESIAN_POINT('',(-2.125E0,-1.85E0,-4.7E0));
#3085=LINE('',#3084,#3083);
#3086=CURVE_STYLE('',#77,POSITIVE_LENGTH_MEASURE(2.E-2),#50);
#3087=PRESENTATION_STYLE_ASSIGNMENT((#3086));
#3088=STYLED_ITEM('',(#3087),#3085);
#3089=DIRECTION('',(1.E0,0.E0,0.E0));
#3090=VECTOR('',#3089,4.3E-1);
#3091=CARTESIAN_POINT('',(-2.125E0,-1.85E0,-4.7E0));
#3092=LINE('',#3091,#3090);
#3093=CURVE_STYLE('',#77,POSITIVE_LENGTH_MEASURE(2.E-2),#50);
#3094=PRESENTATION_STYLE_ASSIGNMENT((#3093));
#3095=STYLED_ITEM('',(#3094),#3092);
#3096=DIRECTION('',(0.E0,1.E0,0.E0));
#3097=VECTOR('',#3096,3.2E0);
#3098=CARTESIAN_POINT('',(-1.695E0,-1.85E0,-4.7E0));
#3099=LINE('',#3098,#3097);
#3100=CURVE_STYLE('',#77,POSITIVE_LENGTH_MEASURE(2.E-2),#50);
#3101=PRESENTATION_STYLE_ASSIGNMENT((#3100));
#3102=STYLED_ITEM('',(#3101),#3099);
#3103=DIRECTION('',(-1.E0,0.E0,0.E0));
#3104=VECTOR('',#3103,4.3E-1);
#3105=CARTESIAN_POINT('',(-1.695E0,1.35E0,-4.7E0));
#3106=LINE('',#3105,#3104);
#3107=CURVE_STYLE('',#77,POSITIVE_LENGTH_MEASURE(2.E-2),#50);
#3108=PRESENTATION_STYLE_ASSIGNMENT((#3107));
#3109=STYLED_ITEM('',(#3108),#3106);
#3110=DIRECTION('',(0.E0,1.E0,0.E0));
#3111=VECTOR('',#3110,3.2E0);
#3112=CARTESIAN_POINT('',(2.125E0,-1.85E0,-4.7E0));
#3113=LINE('',#3112,#3111);
#3114=CURVE_STYLE('',#77,POSITIVE_LENGTH_MEASURE(2.E-2),#50);
#3115=PRESENTATION_STYLE_ASSIGNMENT((#3114));
#3116=STYLED_ITEM('',(#3115),#3113);
#3117=DIRECTION('',(-1.E0,0.E0,0.E0));
#3118=VECTOR('',#3117,4.3E-1);
#3119=CARTESIAN_POINT('',(2.125E0,1.35E0,-4.7E0));
#3120=LINE('',#3119,#3118);
#3121=CURVE_STYLE('',#77,POSITIVE_LENGTH_MEASURE(2.E-2),#50);
#3122=PRESENTATION_STYLE_ASSIGNMENT((#3121));
#3123=STYLED_ITEM('',(#3122),#3120);
#3124=DIRECTION('',(0.E0,1.E0,0.E0));
#3125=VECTOR('',#3124,3.2E0);
#3126=CARTESIAN_POINT('',(1.695E0,-1.85E0,-4.7E0));
#3127=LINE('',#3126,#3125);
#3128=CURVE_STYLE('',#77,POSITIVE_LENGTH_MEASURE(2.E-2),#50);
#3129=PRESENTATION_STYLE_ASSIGNMENT((#3128));
#3130=STYLED_ITEM('',(#3129),#3127);
#3131=DIRECTION('',(1.E0,0.E0,0.E0));
#3132=VECTOR('',#3131,4.3E-1);
#3133=CARTESIAN_POINT('',(1.695E0,-1.85E0,-4.7E0));
#3134=LINE('',#3133,#3132);
#3135=CURVE_STYLE('',#77,POSITIVE_LENGTH_MEASURE(2.E-2),#50);
#3136=PRESENTATION_STYLE_ASSIGNMENT((#3135));
#3137=STYLED_ITEM('',(#3136),#3134);
#3138=DIRECTION('',(0.E0,0.E0,1.E0));
#3139=VECTOR('',#3138,2.E-1);
#3140=CARTESIAN_POINT('',(1.695E0,-1.45E0,-4.25E0));
#3141=LINE('',#3140,#3139);
#3142=CURVE_STYLE('',#77,POSITIVE_LENGTH_MEASURE(2.E-2),#50);
#3143=PRESENTATION_STYLE_ASSIGNMENT((#3142));
#3144=STYLED_ITEM('',(#3143),#3141);
#3145=DIRECTION('',(0.E0,-6.246950475544E-1,7.808688094430E-1));
#3146=VECTOR('',#3145,6.403124237433E-1);
#3147=CARTESIAN_POINT('',(1.695E0,-1.45E0,-4.05E0));
#3148=LINE('',#3147,#3146);
#3149=CURVE_STYLE('',#77,POSITIVE_LENGTH_MEASURE(2.E-2),#50);
#3150=PRESENTATION_STYLE_ASSIGNMENT((#3149));
#3151=STYLED_ITEM('',(#3150),#3148);
#3152=DIRECTION('',(0.E0,0.E0,-1.E0));
#3153=VECTOR('',#3152,1.15E0);
#3154=CARTESIAN_POINT('',(1.695E0,-1.85E0,-3.55E0));
#3155=LINE('',#3154,#3153);
#3156=CURVE_STYLE('',#77,POSITIVE_LENGTH_MEASURE(2.E-2),#50);
#3157=PRESENTATION_STYLE_ASSIGNMENT((#3156));
#3158=STYLED_ITEM('',(#3157),#3155);
#3159=DIRECTION('',(0.E0,1.E0,0.E0));
#3160=VECTOR('',#3159,4.E-1);
#3161=CARTESIAN_POINT('',(-5.5E-1,-1.85E0,-1.4E0));
#3162=LINE('',#3161,#3160);
#3163=CURVE_STYLE('',#77,POSITIVE_LENGTH_MEASURE(2.E-2),#50);
#3164=PRESENTATION_STYLE_ASSIGNMENT((#3163));
#3165=STYLED_ITEM('',(#3164),#3162);
#3166=DIRECTION('',(0.E0,1.E0,0.E0));
#3167=VECTOR('',#3166,4.E-1);
#3168=CARTESIAN_POINT('',(5.5E-1,-1.85E0,-1.4E0));
#3169=LINE('',#3168,#3167);
#3170=CURVE_STYLE('',#77,POSITIVE_LENGTH_MEASURE(2.E-2),#50);
#3171=PRESENTATION_STYLE_ASSIGNMENT((#3170));
#3172=STYLED_ITEM('',(#3171),#3169);
#3173=DIRECTION('',(0.E0,1.E0,0.E0));
#3174=VECTOR('',#3173,4.E-1);
#3175=CARTESIAN_POINT('',(1.5E-1,-1.85E0,-1.4E0));
#3176=LINE('',#3175,#3174);
#3177=CURVE_STYLE('',#77,POSITIVE_LENGTH_MEASURE(2.E-2),#50);
#3178=PRESENTATION_STYLE_ASSIGNMENT((#3177));
#3179=STYLED_ITEM('',(#3178),#3176);
#3180=DIRECTION('',(-1.E0,0.E0,0.E0));
#3181=VECTOR('',#3180,3.E-1);
#3182=CARTESIAN_POINT('',(7.75E-1,-1.95E0,-4.05E0));
#3183=LINE('',#3182,#3181);
#3184=CURVE_STYLE('',#77,POSITIVE_LENGTH_MEASURE(2.E-2),#50);
#3185=PRESENTATION_STYLE_ASSIGNMENT((#3184));
#3186=STYLED_ITEM('',(#3185),#3183);
#3187=DIRECTION('',(-1.E0,0.E0,0.E0));
#3188=VECTOR('',#3187,3.E-1);
#3189=CARTESIAN_POINT('',(7.75E-1,-2.1E0,-4.2E0));
#3190=LINE('',#3189,#3188);
#3191=CURVE_STYLE('',#77,POSITIVE_LENGTH_MEASURE(2.E-2),#50);
#3192=PRESENTATION_STYLE_ASSIGNMENT((#3191));
#3193=STYLED_ITEM('',(#3192),#3190);
#3194=DIRECTION('',(-1.E0,0.E0,0.E0));
#3195=VECTOR('',#3194,3.E-1);
#3196=CARTESIAN_POINT('',(7.75E-1,-2.1E0,-4.55E0));
#3197=LINE('',#3196,#3195);
#3198=CURVE_STYLE('',#77,POSITIVE_LENGTH_MEASURE(2.E-2),#50);
#3199=PRESENTATION_STYLE_ASSIGNMENT((#3198));
#3200=STYLED_ITEM('',(#3199),#3197);
#3201=DIRECTION('',(-1.E0,0.E0,0.E0));
#3202=VECTOR('',#3201,3.E-1);
#3203=CARTESIAN_POINT('',(7.75E-1,-1.95E0,-4.7E0));
#3204=LINE('',#3203,#3202);
#3205=CURVE_STYLE('',#77,POSITIVE_LENGTH_MEASURE(2.E-2),#50);
#3206=PRESENTATION_STYLE_ASSIGNMENT((#3205));
#3207=STYLED_ITEM('',(#3206),#3204);
#3208=DIRECTION('',(-1.E0,0.E0,0.E0));
#3209=VECTOR('',#3208,3.E-1);
#3210=CARTESIAN_POINT('',(7.75E-1,-1.75E0,-4.5E0));
#3211=LINE('',#3210,#3209);
#3212=CURVE_STYLE('',#77,POSITIVE_LENGTH_MEASURE(2.E-2),#50);
#3213=PRESENTATION_STYLE_ASSIGNMENT((#3212));
#3214=STYLED_ITEM('',(#3213),#3211);
#3215=DIRECTION('',(-1.E0,0.E0,0.E0));
#3216=VECTOR('',#3215,3.E-1);
#3217=CARTESIAN_POINT('',(7.75E-1,-1.075E0,-4.5E0));
#3218=LINE('',#3217,#3216);
#3219=CURVE_STYLE('',#77,POSITIVE_LENGTH_MEASURE(2.E-2),#50);
#3220=PRESENTATION_STYLE_ASSIGNMENT((#3219));
#3221=STYLED_ITEM('',(#3220),#3218);
#3222=DIRECTION('',(-1.E0,0.E0,0.E0));
#3223=VECTOR('',#3222,3.E-1);
#3224=CARTESIAN_POINT('',(7.75E-1,-9.75E-1,-4.6E0));
#3225=LINE('',#3224,#3223);
#3226=CURVE_STYLE('',#77,POSITIVE_LENGTH_MEASURE(2.E-2),#50);
#3227=PRESENTATION_STYLE_ASSIGNMENT((#3226));
#3228=STYLED_ITEM('',(#3227),#3225);
#3229=DIRECTION('',(-1.E0,0.E0,0.E0));
#3230=VECTOR('',#3229,3.E-1);
#3231=CARTESIAN_POINT('',(7.75E-1,-4.75E-1,-4.6E0));
#3232=LINE('',#3231,#3230);
#3233=CURVE_STYLE('',#77,POSITIVE_LENGTH_MEASURE(2.E-2),#50);
#3234=PRESENTATION_STYLE_ASSIGNMENT((#3233));
#3235=STYLED_ITEM('',(#3234),#3232);
#3236=DIRECTION('',(-1.E0,0.E0,0.E0));
#3237=VECTOR('',#3236,3.E-1);
#3238=CARTESIAN_POINT('',(7.75E-1,-3.75E-1,-4.5E0));
#3239=LINE('',#3238,#3237);
#3240=CURVE_STYLE('',#77,POSITIVE_LENGTH_MEASURE(2.E-2),#50);
#3241=PRESENTATION_STYLE_ASSIGNMENT((#3240));
#3242=STYLED_ITEM('',(#3241),#3239);
#3243=DIRECTION('',(-1.E0,0.E0,0.E0));
#3244=VECTOR('',#3243,3.E-1);
#3245=CARTESIAN_POINT('',(7.75E-1,3.E-1,-4.5E0));
#3246=LINE('',#3245,#3244);
#3247=CURVE_STYLE('',#77,POSITIVE_LENGTH_MEASURE(2.E-2),#50);
#3248=PRESENTATION_STYLE_ASSIGNMENT((#3247));
#3249=STYLED_ITEM('',(#3248),#3246);
#3250=DIRECTION('',(-1.E0,0.E0,0.E0));
#3251=VECTOR('',#3250,3.E-1);
#3252=CARTESIAN_POINT('',(7.75E-1,5.E-1,-4.7E0));
#3253=LINE('',#3252,#3251);
#3254=CURVE_STYLE('',#77,POSITIVE_LENGTH_MEASURE(2.E-2),#50);
#3255=PRESENTATION_STYLE_ASSIGNMENT((#3254));
#3256=STYLED_ITEM('',(#3255),#3253);
#3257=DIRECTION('',(-1.E0,0.E0,0.E0));
#3258=VECTOR('',#3257,3.E-1);
#3259=CARTESIAN_POINT('',(7.75E-1,6.5E-1,-4.55E0));
#3260=LINE('',#3259,#3258);
#3261=CURVE_STYLE('',#77,POSITIVE_LENGTH_MEASURE(2.E-2),#50);
#3262=PRESENTATION_STYLE_ASSIGNMENT((#3261));
#3263=STYLED_ITEM('',(#3262),#3260);
#3264=DIRECTION('',(-1.E0,0.E0,0.E0));
#3265=VECTOR('',#3264,3.E-1);
#3266=CARTESIAN_POINT('',(-4.75E-1,-3.5E-1,-6.5E-1));
#3267=LINE('',#3266,#3265);
#3268=CURVE_STYLE('',#77,POSITIVE_LENGTH_MEASURE(2.E-2),#50);
#3269=PRESENTATION_STYLE_ASSIGNMENT((#3268));
#3270=STYLED_ITEM('',(#3269),#3267);
#3271=DIRECTION('',(-1.E0,0.E0,0.E0));
#3272=VECTOR('',#3271,3.E-1);
#3273=CARTESIAN_POINT('',(-4.75E-1,-1.09E0,-6.5E-1));
#3274=LINE('',#3273,#3272);
#3275=CURVE_STYLE('',#77,POSITIVE_LENGTH_MEASURE(2.E-2),#50);
#3276=PRESENTATION_STYLE_ASSIGNMENT((#3275));
#3277=STYLED_ITEM('',(#3276),#3274);
#3278=DIRECTION('',(-1.E0,0.E0,0.E0));
#3279=VECTOR('',#3278,3.E-1);
#3280=CARTESIAN_POINT('',(7.75E-1,-3.5E-1,-6.5E-1));
#3281=LINE('',#3280,#3279);
#3282=CURVE_STYLE('',#77,POSITIVE_LENGTH_MEASURE(2.E-2),#50);
#3283=PRESENTATION_STYLE_ASSIGNMENT((#3282));
#3284=STYLED_ITEM('',(#3283),#3281);
#3285=DIRECTION('',(-1.E0,0.E0,0.E0));
#3286=VECTOR('',#3285,3.E-1);
#3287=CARTESIAN_POINT('',(7.75E-1,-1.09E0,-6.5E-1));
#3288=LINE('',#3287,#3286);
#3289=CURVE_STYLE('',#77,POSITIVE_LENGTH_MEASURE(2.E-2),#50);
#3290=PRESENTATION_STYLE_ASSIGNMENT((#3289));
#3291=STYLED_ITEM('',(#3290),#3288);
#3292=DIRECTION('',(-1.E0,0.E0,0.E0));
#3293=VECTOR('',#3292,2.2E-1);
#3294=CARTESIAN_POINT('',(2.345E0,-1.775E0,-4.2E0));
#3295=LINE('',#3294,#3293);
#3296=CURVE_STYLE('',#77,POSITIVE_LENGTH_MEASURE(2.E-2),#50);
#3297=PRESENTATION_STYLE_ASSIGNMENT((#3296));
#3298=STYLED_ITEM('',(#3297),#3295);
#3299=DIRECTION('',(0.E0,1.E0,0.E0));
#3300=VECTOR('',#3299,2.4E0);
#3301=CARTESIAN_POINT('',(2.345E0,-1.775E0,-4.2E0));
#3302=LINE('',#3301,#3300);
#3303=CURVE_STYLE('',#77,POSITIVE_LENGTH_MEASURE(2.E-2),#50);
#3304=PRESENTATION_STYLE_ASSIGNMENT((#3303));
#3305=STYLED_ITEM('',(#3304),#3302);
#3306=DIRECTION('',(-1.E0,0.E0,0.E0));
#3307=VECTOR('',#3306,2.2E-1);
#3308=CARTESIAN_POINT('',(2.345E0,6.25E-1,-4.2E0));
#3309=LINE('',#3308,#3307);
#3310=CURVE_STYLE('',#77,POSITIVE_LENGTH_MEASURE(2.E-2),#50);
#3311=PRESENTATION_STYLE_ASSIGNMENT((#3310));
#3312=STYLED_ITEM('',(#3311),#3309);
#3313=DIRECTION('',(-7.071067811865E-1,0.E0,-7.071067811865E-1));
#3314=VECTOR('',#3313,8.485281374239E-1);
#3315=CARTESIAN_POINT('',(2.945E0,-1.775E0,-3.6E0));
#3316=LINE('',#3315,#3314);
#3317=CURVE_STYLE('',#77,POSITIVE_LENGTH_MEASURE(2.E-2),#50);
#3318=PRESENTATION_STYLE_ASSIGNMENT((#3317));
#3319=STYLED_ITEM('',(#3318),#3316);
#3320=DIRECTION('',(0.E0,1.E0,0.E0));
#3321=VECTOR('',#3320,2.4E0);
#3322=CARTESIAN_POINT('',(2.945E0,-1.775E0,-3.6E0));
#3323=LINE('',#3322,#3321);
#3324=CURVE_STYLE('',#77,POSITIVE_LENGTH_MEASURE(2.E-2),#50);
#3325=PRESENTATION_STYLE_ASSIGNMENT((#3324));
#3326=STYLED_ITEM('',(#3325),#3323);
#3327=DIRECTION('',(-7.071067811865E-1,0.E0,-7.071067811865E-1));
#3328=VECTOR('',#3327,8.485281374239E-1);
#3329=CARTESIAN_POINT('',(2.945E0,6.25E-1,-3.6E0));
#3330=LINE('',#3329,#3328);
#3331=CURVE_STYLE('',#77,POSITIVE_LENGTH_MEASURE(2.E-2),#50);
#3332=PRESENTATION_STYLE_ASSIGNMENT((#3331));
#3333=STYLED_ITEM('',(#3332),#3330);
#3334=DIRECTION('',(-1.E0,0.E0,0.E0));
#3335=VECTOR('',#3334,2.5E-1);
#3336=CARTESIAN_POINT('',(3.195E0,-1.775E0,-3.6E0));
#3337=LINE('',#3336,#3335);
#3338=CURVE_STYLE('',#77,POSITIVE_LENGTH_MEASURE(2.E-2),#50);
#3339=PRESENTATION_STYLE_ASSIGNMENT((#3338));
#3340=STYLED_ITEM('',(#3339),#3337);
#3341=DIRECTION('',(-7.071067811865E-1,-7.071067811865E-1,0.E0));
#3342=VECTOR('',#3341,9.899494936612E-1);
#3343=CARTESIAN_POINT('',(3.895E0,-1.075E0,-3.6E0));
#3344=LINE('',#3343,#3342);
#3345=CURVE_STYLE('',#77,POSITIVE_LENGTH_MEASURE(2.E-2),#50);
#3346=PRESENTATION_STYLE_ASSIGNMENT((#3345));
#3347=STYLED_ITEM('',(#3346),#3344);
#3348=DIRECTION('',(-1.E0,0.E0,0.E0));
#3349=VECTOR('',#3348,9.5E-1);
#3350=CARTESIAN_POINT('',(3.895E0,6.25E-1,-3.6E0));
#3351=LINE('',#3350,#3349);
#3352=CURVE_STYLE('',#77,POSITIVE_LENGTH_MEASURE(2.E-2),#50);
#3353=PRESENTATION_STYLE_ASSIGNMENT((#3352));
#3354=STYLED_ITEM('',(#3353),#3351);
#3355=DIRECTION('',(0.E0,0.E0,1.E0));
#3356=VECTOR('',#3355,2.9E0);
#3357=CARTESIAN_POINT('',(3.895E0,6.25E-1,-3.6E0));
#3358=LINE('',#3357,#3356);
#3359=CURVE_STYLE('',#77,POSITIVE_LENGTH_MEASURE(2.E-2),#50);
#3360=PRESENTATION_STYLE_ASSIGNMENT((#3359));
#3361=STYLED_ITEM('',(#3360),#3358);
#3362=DIRECTION('',(0.E0,1.E0,0.E0));
#3363=VECTOR('',#3362,1.7E0);
#3364=CARTESIAN_POINT('',(3.895E0,-1.075E0,-3.6E0));
#3365=LINE('',#3364,#3363);
#3366=CURVE_STYLE('',#77,POSITIVE_LENGTH_MEASURE(2.E-2),#50);
#3367=PRESENTATION_STYLE_ASSIGNMENT((#3366));
#3368=STYLED_ITEM('',(#3367),#3365);
#3369=DIRECTION('',(0.E0,0.E0,1.E0));
#3370=VECTOR('',#3369,2.9E0);
#3371=CARTESIAN_POINT('',(3.895E0,-1.075E0,-3.6E0));
#3372=LINE('',#3371,#3370);
#3373=CURVE_STYLE('',#77,POSITIVE_LENGTH_MEASURE(2.E-2),#50);
#3374=PRESENTATION_STYLE_ASSIGNMENT((#3373));
#3375=STYLED_ITEM('',(#3374),#3372);
#3376=DIRECTION('',(0.E0,1.E0,0.E0));
#3377=VECTOR('',#3376,1.7E0);
#3378=CARTESIAN_POINT('',(3.895E0,-1.075E0,-7.E-1));
#3379=LINE('',#3378,#3377);
#3380=CURVE_STYLE('',#77,POSITIVE_LENGTH_MEASURE(2.E-2),#50);
#3381=PRESENTATION_STYLE_ASSIGNMENT((#3380));
#3382=STYLED_ITEM('',(#3381),#3379);
#3383=DIRECTION('',(1.E0,0.E0,0.E0));
#3384=VECTOR('',#3383,3.005128205128E-1);
#3385=CARTESIAN_POINT('',(2.894487179487E0,-1.775E0,-7.E-1));
#3386=LINE('',#3385,#3384);
#3387=CURVE_STYLE('',#77,POSITIVE_LENGTH_MEASURE(2.E-2),#50);
#3388=PRESENTATION_STYLE_ASSIGNMENT((#3387));
#3389=STYLED_ITEM('',(#3388),#3386);
#3390=DIRECTION('',(0.E0,1.E0,0.E0));
#3391=VECTOR('',#3390,2.4E0);
#3392=CARTESIAN_POINT('',(2.894487179487E0,-1.775E0,-7.E-1));
#3393=LINE('',#3392,#3391);
#3394=CURVE_STYLE('',#77,POSITIVE_LENGTH_MEASURE(2.E-2),#50);
#3395=PRESENTATION_STYLE_ASSIGNMENT((#3394));
#3396=STYLED_ITEM('',(#3395),#3393);
#3397=DIRECTION('',(1.E0,0.E0,0.E0));
#3398=VECTOR('',#3397,1.000512820513E0);
#3399=CARTESIAN_POINT('',(2.894487179487E0,6.25E-1,-7.E-1));
#3400=LINE('',#3399,#3398);
#3401=CURVE_STYLE('',#77,POSITIVE_LENGTH_MEASURE(2.E-2),#50);
#3402=PRESENTATION_STYLE_ASSIGNMENT((#3401));
#3403=STYLED_ITEM('',(#3402),#3400);
#3404=DIRECTION('',(-7.071067811865E-1,-7.071067811865E-1,0.E0));
#3405=VECTOR('',#3404,9.899494936612E-1);
#3406=CARTESIAN_POINT('',(3.895E0,-1.075E0,-7.E-1));
#3407=LINE('',#3406,#3405);
#3408=CURVE_STYLE('',#77,POSITIVE_LENGTH_MEASURE(2.E-2),#50);
#3409=PRESENTATION_STYLE_ASSIGNMENT((#3408));
#3410=STYLED_ITEM('',(#3409),#3407);
#3411=CARTESIAN_POINT('',(-2.893694975354E0,9.055990269631E-1,-5.E-1));
#3412=DIRECTION('',(5.233595624295E-2,9.986295347546E-1,0.E0));
#3413=DIRECTION('',(0.E0,0.E0,1.E0));
#3414=AXIS2_PLACEMENT_3D('',#3411,#3412,#3413);
#3416=CURVE_STYLE('',#77,POSITIVE_LENGTH_MEASURE(2.E-2),#50);
#3417=PRESENTATION_STYLE_ASSIGNMENT((#3416));
#3418=STYLED_ITEM('',(#3417),#3415);
#3419=CARTESIAN_POINT('',(-3.541190103988E0,9.395328087514E-1,-6.E-1));
#3420=DIRECTION('',(5.233595624294E-2,9.986295347546E-1,0.E0));
#3421=DIRECTION('',(-9.986295347546E-1,5.233595624294E-2,0.E0));
#3422=AXIS2_PLACEMENT_3D('',#3419,#3420,#3421);
#3424=CURVE_STYLE('',#77,POSITIVE_LENGTH_MEASURE(2.E-2),#50);
#3425=PRESENTATION_STYLE_ASSIGNMENT((#3424));
#3426=STYLED_ITEM('',(#3425),#3423);
#3427=CARTESIAN_POINT('',(-3.541190103988E0,9.395328087514E-1,-2.4E0));
#3428=DIRECTION('',(5.233595624294E-2,9.986295347546E-1,0.E0));
#3429=DIRECTION('',(0.E0,0.E0,-1.E0));
#3430=AXIS2_PLACEMENT_3D('',#3427,#3428,#3429);
#3432=CURVE_STYLE('',#77,POSITIVE_LENGTH_MEASURE(2.E-2),#50);
#3433=PRESENTATION_STYLE_ASSIGNMENT((#3432));
#3434=STYLED_ITEM('',(#3433),#3431);
#3435=CARTESIAN_POINT('',(-2.893694975354E0,9.055990269631E-1,-2.5E0));
#3436=DIRECTION('',(5.233595624295E-2,9.986295347546E-1,0.E0));
#3437=DIRECTION('',(9.986295347546E-1,-5.233595624295E-2,0.E0));
#3438=AXIS2_PLACEMENT_3D('',#3435,#3436,#3437);
#3440=CURVE_STYLE('',#77,POSITIVE_LENGTH_MEASURE(2.E-2),#50);
#3441=PRESENTATION_STYLE_ASSIGNMENT((#3440));
#3442=STYLED_ITEM('',(#3441),#3439);
#3443=DIRECTION('',(4.756396220403E-9,1.133122876598E-8,1.E0));
#3444=VECTOR('',#3443,2.000078965310E-1);
#3445=CARTESIAN_POINT('',(-2.793832021879E0,9.003654313388E-1,-2.5E0));
#3446=LINE('',#3445,#3444);
#3447=CURVE_STYLE('',#77,POSITIVE_LENGTH_MEASURE(2.E-2),#50);
#3448=PRESENTATION_STYLE_ASSIGNMENT((#3447));
#3449=STYLED_ITEM('',(#3448),#3446);
#3450=DIRECTION('',(-1.883375141086E-8,-4.508175307977E-8,1.E0));
#3451=VECTOR('',#3450,5.000785440639E-2);
#3452=CARTESIAN_POINT('',(-2.793832020937E0,9.003654335932E-1,
-5.500078544064E-1));
#3453=LINE('',#3452,#3451);
#3454=CURVE_STYLE('',#77,POSITIVE_LENGTH_MEASURE(2.E-2),#50);
#3455=PRESENTATION_STYLE_ASSIGNMENT((#3454));
#3456=STYLED_ITEM('',(#3455),#3453);
#3457=CARTESIAN_POINT('',(-2.906778964415E0,6.559416432745E-1,-5.E-1));
#3458=DIRECTION('',(-5.233595624295E-2,-9.986295347546E-1,0.E0));
#3459=DIRECTION('',(9.986295347546E-1,-5.233595624295E-2,0.E0));
#3460=AXIS2_PLACEMENT_3D('',#3457,#3458,#3459);
#3462=CURVE_STYLE('',#77,POSITIVE_LENGTH_MEASURE(2.E-2),#50);
#3463=PRESENTATION_STYLE_ASSIGNMENT((#3462));
#3464=STYLED_ITEM('',(#3463),#3461);
#3465=CARTESIAN_POINT('',(-2.906778964415E0,6.559416432745E-1,-2.5E0));
#3466=DIRECTION('',(-5.233595624295E-2,-9.986295347546E-1,0.E0));
#3467=DIRECTION('',(0.E0,0.E0,-1.E0));
#3468=AXIS2_PLACEMENT_3D('',#3465,#3466,#3467);
#3470=CURVE_STYLE('',#77,POSITIVE_LENGTH_MEASURE(2.E-2),#50);
#3471=PRESENTATION_STYLE_ASSIGNMENT((#3470));
#3472=STYLED_ITEM('',(#3471),#3469);
#3473=CARTESIAN_POINT('',(-3.554274093049E0,6.898754250628E-1,-2.4E0));
#3474=DIRECTION('',(-5.233595624294E-2,-9.986295347546E-1,0.E0));
#3475=DIRECTION('',(-9.986295347546E-1,5.233595624294E-2,0.E0));
#3476=AXIS2_PLACEMENT_3D('',#3473,#3474,#3475);
#3478=CURVE_STYLE('',#77,POSITIVE_LENGTH_MEASURE(2.E-2),#50);
#3479=PRESENTATION_STYLE_ASSIGNMENT((#3478));
#3480=STYLED_ITEM('',(#3479),#3477);
#3481=CARTESIAN_POINT('',(-3.554274093049E0,6.898754250628E-1,-6.E-1));
#3482=DIRECTION('',(-5.233595624294E-2,-9.986295347546E-1,0.E0));
#3483=DIRECTION('',(0.E0,0.E0,1.E0));
#3484=AXIS2_PLACEMENT_3D('',#3481,#3482,#3483);
#3486=CURVE_STYLE('',#77,POSITIVE_LENGTH_MEASURE(2.E-2),#50);
#3487=PRESENTATION_STYLE_ASSIGNMENT((#3486));
#3488=STYLED_ITEM('',(#3487),#3485);
#3489=DIRECTION('',(-5.233595624295E-2,-9.986295347546E-1,0.E0));
#3490=VECTOR('',#3489,2.5E-1);
#3491=CARTESIAN_POINT('',(-2.793832021879E0,9.003654313388E-1,-2.5E0));
#3492=LINE('',#3491,#3490);
#3493=CURVE_STYLE('',#77,POSITIVE_LENGTH_MEASURE(2.E-2),#50);
#3494=PRESENTATION_STYLE_ASSIGNMENT((#3493));
#3495=STYLED_ITEM('',(#3494),#3492);
#3496=DIRECTION('',(5.339931839604E-9,2.322638522565E-8,1.E0));
#3497=VECTOR('',#3496,2.000078586246E-1);
#3498=CARTESIAN_POINT('',(-2.806916010939E0,6.507080476502E-1,-2.5E0));
#3499=LINE('',#3498,#3497);
#3500=CURVE_STYLE('',#77,POSITIVE_LENGTH_MEASURE(2.E-2),#50);
#3501=PRESENTATION_STYLE_ASSIGNMENT((#3500));
#3502=STYLED_ITEM('',(#3501),#3499);
#3503=DIRECTION('',(-5.233595627475E-2,-9.986295347529E-1,-1.516254851688E-7));
#3504=VECTOR('',#3503,2.499999976180E-1);
#3505=CARTESIAN_POINT('',(-2.793832020927E0,9.003654336051E-1,
-2.299992103469E0));
#3506=LINE('',#3505,#3504);
#3507=CURVE_STYLE('',#77,POSITIVE_LENGTH_MEASURE(2.E-2),#50);
#3508=PRESENTATION_STYLE_ASSIGNMENT((#3507));
#3509=STYLED_ITEM('',(#3508),#3506);
#3510=DIRECTION('',(5.233595624295E-2,9.986295347546E-1,0.E0));
#3511=VECTOR('',#3510,2.5E-1);
#3512=CARTESIAN_POINT('',(-2.806916010939E0,6.507080476502E-1,-5.E-1));
#3513=LINE('',#3512,#3511);
#3514=CURVE_STYLE('',#77,POSITIVE_LENGTH_MEASURE(2.E-2),#50);
#3515=PRESENTATION_STYLE_ASSIGNMENT((#3514));
#3516=STYLED_ITEM('',(#3515),#3513);
#3517=DIRECTION('',(5.233595620952E-2,9.986295347563E-1,1.593982836693E-7));
#3518=VECTOR('',#3517,2.499999975843E-1);
#3519=CARTESIAN_POINT('',(-2.806916009863E0,6.507080523165E-1,
-5.500078942560E-1));
#3520=LINE('',#3519,#3518);
#3521=CURVE_STYLE('',#77,POSITIVE_LENGTH_MEASURE(2.E-2),#50);
#3522=PRESENTATION_STYLE_ASSIGNMENT((#3521));
#3523=STYLED_ITEM('',(#3522),#3520);
#3524=DIRECTION('',(-2.152898565763E-8,-9.331297727404E-8,1.E0));
#3525=VECTOR('',#3524,5.000789425596E-2);
#3526=CARTESIAN_POINT('',(-2.806916009863E0,6.507080523165E-1,
-5.500078942560E-1));
#3527=LINE('',#3526,#3525);
#3528=CURVE_STYLE('',#77,POSITIVE_LENGTH_MEASURE(2.E-2),#50);
#3529=PRESENTATION_STYLE_ASSIGNMENT((#3528));
#3530=STYLED_ITEM('',(#3529),#3527);
#3531=CARTESIAN_POINT('',(-2.694497768925E0,8.850436287816E-1,-2.2E0));
#3532=CARTESIAN_POINT('',(-2.703020852823E0,8.872537147178E-1,-2.2E0));
#3533=CARTESIAN_POINT('',(-2.720162886507E0,8.912135316012E-1,
-2.202212983201E0));
#3534=CARTESIAN_POINT('',(-2.744803953386E0,8.955444175084E-1,
-2.212504211685E0));
#3535=CARTESIAN_POINT('',(-2.765370568892E0,8.981693936051E-1,
-2.228480217676E0));
#3536=CARTESIAN_POINT('',(-2.781310454274E0,8.996097939914E-1,
-2.249140187875E0));
#3537=CARTESIAN_POINT('',(-2.791616734853E0,9.002580717974E-1,
-2.274014780508E0));
#3538=CARTESIAN_POINT('',(-2.793832020927E0,9.003654336051E-1,
-2.291355074091E0));
#3539=CARTESIAN_POINT('',(-2.793832020927E0,9.003654336051E-1,
-2.299992103469E0));
#3541=CURVE_STYLE('',#77,POSITIVE_LENGTH_MEASURE(2.E-2),#50);
#3542=PRESENTATION_STYLE_ASSIGNMENT((#3541));
#3543=STYLED_ITEM('',(#3542),#3540);
#3544=CARTESIAN_POINT('',(-2.806916009871E0,6.507080522956E-1,
-2.299992141375E0));
#3545=CARTESIAN_POINT('',(-2.806916009871E0,6.507080522956E-1,
-2.291275710588E0));
#3546=CARTESIAN_POINT('',(-2.804658148512E0,6.506075572373E-1,
-2.273821117112E0));
#3547=CARTESIAN_POINT('',(-2.794280273625E0,6.498420981230E-1,
-2.248939219234E0));
#3548=CARTESIAN_POINT('',(-2.778372057958E0,6.477865126500E-1,
-2.228373728598E0));
#3549=CARTESIAN_POINT('',(-2.757947291137E0,6.436052329307E-1,
-2.212471331218E0));
#3550=CARTESIAN_POINT('',(-2.733439021956E0,6.361031592263E-1,
-2.202188212937E0));
#3551=CARTESIAN_POINT('',(-2.716523362566E0,6.288232347709E-1,-2.2E0));
#3552=CARTESIAN_POINT('',(-2.708145372472E0,6.246318400488E-1,-2.2E0));
#3554=CURVE_STYLE('',#77,POSITIVE_LENGTH_MEASURE(2.E-2),#50);
#3555=PRESENTATION_STYLE_ASSIGNMENT((#3554));
#3556=STYLED_ITEM('',(#3555),#3553);
#3557=DIRECTION('',(5.418444659601E-12,6.796465880694E-12,-1.E0));
#3558=VECTOR('',#3557,1.749984249063E0);
#3559=CARTESIAN_POINT('',(-2.793832020937E0,9.003654335932E-1,
-5.500078544064E-1));
#3560=LINE('',#3559,#3558);
#3561=CURVE_STYLE('',#77,POSITIVE_LENGTH_MEASURE(2.E-2),#50);
#3562=PRESENTATION_STYLE_ASSIGNMENT((#3561));
#3563=STYLED_ITEM('',(#3562),#3560);
#3564=CARTESIAN_POINT('',(-2.708145372472E0,6.246318400488E-1,-6.5E-1));
#3565=CARTESIAN_POINT('',(-2.716523357544E0,6.288232322585E-1,-6.5E-1));
#3566=CARTESIAN_POINT('',(-2.733439006816E0,6.361031531307E-1,
-6.478117898100E-1));
#3567=CARTESIAN_POINT('',(-2.757947264680E0,6.436052258708E-1,
-6.375286827021E-1));
#3568=CARTESIAN_POINT('',(-2.778372024812E0,6.477865070349E-1,
-6.216263030814E-1));
#3569=CARTESIAN_POINT('',(-2.794280242844E0,6.498420949912E-1,
-6.010608306510E-1));
#3570=CARTESIAN_POINT('',(-2.804658121920E0,6.506075557812E-1,
-5.761789668566E-1));
#3571=CARTESIAN_POINT('',(-2.806916009863E0,6.507080523165E-1,
-5.587243680329E-1));
#3572=CARTESIAN_POINT('',(-2.806916009863E0,6.507080523165E-1,
-5.500078942560E-1));
#3574=CURVE_STYLE('',#77,POSITIVE_LENGTH_MEASURE(2.E-2),#50);
#3575=PRESENTATION_STYLE_ASSIGNMENT((#3574));
#3576=STYLED_ITEM('',(#3575),#3573);
#3577=CARTESIAN_POINT('',(-2.793832020937E0,9.003654335932E-1,
-5.500078544064E-1));
#3578=CARTESIAN_POINT('',(-2.793832020937E0,9.003654335932E-1,
-5.586448327757E-1));
#3579=CARTESIAN_POINT('',(-2.791616766162E0,9.002580734727E-1,
-5.759851197362E-1));
#3580=CARTESIAN_POINT('',(-2.781310490813E0,8.996097967964E-1,
-6.008597527005E-1));
#3581=CARTESIAN_POINT('',(-2.765370608306E0,8.981693979527E-1,
-6.215197446681E-1));
#3582=CARTESIAN_POINT('',(-2.744803984946E0,8.955444224816E-1,
-6.374957717818E-1));
#3583=CARTESIAN_POINT('',(-2.720162904582E0,8.912135355686E-1,
-6.477870135353E-1));
#3584=CARTESIAN_POINT('',(-2.703020858868E0,8.872537162853E-1,-6.5E-1));
#3585=CARTESIAN_POINT('',(-2.694497768925E0,8.850436287816E-1,-6.5E-1));
#3587=CURVE_STYLE('',#77,POSITIVE_LENGTH_MEASURE(2.E-2),#50);
#3588=PRESENTATION_STYLE_ASSIGNMENT((#3587));
#3589=STYLED_ITEM('',(#3588),#3586);
#3590=DIRECTION('',(4.908879431046E-12,1.195778058676E-11,1.E0));
#3591=VECTOR('',#3590,1.749984247119E0);
#3592=CARTESIAN_POINT('',(-2.806916009871E0,6.507080522956E-1,
-2.299992141375E0));
#3593=LINE('',#3592,#3591);
#3594=CURVE_STYLE('',#77,POSITIVE_LENGTH_MEASURE(2.E-2),#50);
#3595=PRESENTATION_STYLE_ASSIGNMENT((#3594));
#3596=STYLED_ITEM('',(#3595),#3593);
#3597=DIRECTION('',(0.E0,0.E0,-1.E0));
#3598=VECTOR('',#3597,1.55E0);
#3599=CARTESIAN_POINT('',(-2.57E0,4.010506639615E-1,-6.5E-1));
#3600=LINE('',#3599,#3598);
#3601=CURVE_STYLE('',#77,POSITIVE_LENGTH_MEASURE(2.E-2),#50);
#3602=PRESENTATION_STYLE_ASSIGNMENT((#3601));
#3603=STYLED_ITEM('',(#3602),#3600);
#3604=DIRECTION('',(0.E0,0.E0,1.E0));
#3605=VECTOR('',#3604,1.250512820513E0);
#3606=CARTESIAN_POINT('',(-2.57E0,-1.525E0,-2.2E0));
#3607=LINE('',#3606,#3605);
#3608=CURVE_STYLE('',#77,POSITIVE_LENGTH_MEASURE(2.E-2),#50);
#3609=PRESENTATION_STYLE_ASSIGNMENT((#3608));
#3610=STYLED_ITEM('',(#3609),#3607);
#3611=DIRECTION('',(-1.E0,0.E0,0.E0));
#3612=VECTOR('',#3611,2.25E-1);
#3613=CARTESIAN_POINT('',(-2.345E0,-1.525E0,-2.2E0));
#3614=LINE('',#3613,#3612);
#3615=CURVE_STYLE('',#77,POSITIVE_LENGTH_MEASURE(2.E-2),#50);
#3616=PRESENTATION_STYLE_ASSIGNMENT((#3615));
#3617=STYLED_ITEM('',(#3616),#3614);
#3618=DIRECTION('',(0.E0,0.E0,-1.E0));
#3619=VECTOR('',#3618,4.E-1);
#3620=CARTESIAN_POINT('',(-2.345E0,-1.525E0,-2.2E0));
#3621=LINE('',#3620,#3619);
#3622=CURVE_STYLE('',#77,POSITIVE_LENGTH_MEASURE(2.E-2),#50);
#3623=PRESENTATION_STYLE_ASSIGNMENT((#3622));
#3624=STYLED_ITEM('',(#3623),#3621);
#3625=DIRECTION('',(0.E0,-1.E0,0.E0));
#3626=VECTOR('',#3625,1.821756139215E-1);
#3627=CARTESIAN_POINT('',(-2.345E0,5.571756139215E-1,-2.2E0));
#3628=LINE('',#3627,#3626);
#3629=CURVE_STYLE('',#77,POSITIVE_LENGTH_MEASURE(2.E-2),#50);
#3630=PRESENTATION_STYLE_ASSIGNMENT((#3629));
#3631=STYLED_ITEM('',(#3630),#3628);
#3632=DIRECTION('',(0.E0,0.E0,-1.E0));
#3633=VECTOR('',#3632,4.E-1);
#3634=CARTESIAN_POINT('',(-2.345E0,3.75E-1,-2.2E0));
#3635=LINE('',#3634,#3633);
#3636=CURVE_STYLE('',#77,POSITIVE_LENGTH_MEASURE(2.E-2),#50);
#3637=PRESENTATION_STYLE_ASSIGNMENT((#3636));
#3638=STYLED_ITEM('',(#3637),#3635);
#3639=DIRECTION('',(0.E0,0.E0,1.E0));
#3640=VECTOR('',#3639,1.900512820513E0);
#3641=CARTESIAN_POINT('',(-2.345E0,6.25E-1,-2.6E0));
#3642=LINE('',#3641,#3640);
#3643=CURVE_STYLE('',#77,POSITIVE_LENGTH_MEASURE(2.E-2),#50);
#3644=PRESENTATION_STYLE_ASSIGNMENT((#3643));
#3645=STYLED_ITEM('',(#3644),#3642);
#3646=DIRECTION('',(0.E0,0.E0,1.E0));
#3647=VECTOR('',#3646,1.500512820513E0);
#3648=CARTESIAN_POINT('',(-2.345E0,5.571756139215E-1,-2.2E0));
#3649=LINE('',#3648,#3647);
#3650=CURVE_STYLE('',#77,POSITIVE_LENGTH_MEASURE(2.E-2),#50);
#3651=PRESENTATION_STYLE_ASSIGNMENT((#3650));
#3652=STYLED_ITEM('',(#3651),#3649);
#3653=DIRECTION('',(0.E0,-1.E0,0.E0));
#3654=VECTOR('',#3653,1.821756139215E-1);
#3655=CARTESIAN_POINT('',(-2.345E0,-1.525E0,-2.2E0));
#3656=LINE('',#3655,#3654);
#3657=CURVE_STYLE('',#77,POSITIVE_LENGTH_MEASURE(2.E-2),#50);
#3658=PRESENTATION_STYLE_ASSIGNMENT((#3657));
#3659=STYLED_ITEM('',(#3658),#3656);
#3660=DIRECTION('',(0.E0,0.E0,1.E0));
#3661=VECTOR('',#3660,1.500512820513E0);
#3662=CARTESIAN_POINT('',(-2.345E0,-1.707175613921E0,-2.2E0));
#3663=LINE('',#3662,#3661);
#3664=CURVE_STYLE('',#77,POSITIVE_LENGTH_MEASURE(2.E-2),#50);
#3665=PRESENTATION_STYLE_ASSIGNMENT((#3664));
#3666=STYLED_ITEM('',(#3665),#3663);
#3667=DIRECTION('',(0.E0,0.E0,-1.E0));
#3668=VECTOR('',#3667,1.900512820513E0);
#3669=CARTESIAN_POINT('',(-2.345E0,-1.775E0,-6.994871794872E-1));
#3670=LINE('',#3669,#3668);
#3671=CURVE_STYLE('',#77,POSITIVE_LENGTH_MEASURE(2.E-2),#50);
#3672=PRESENTATION_STYLE_ASSIGNMENT((#3671));
#3673=STYLED_ITEM('',(#3672),#3670);
#3674=DIRECTION('',(-1.E0,0.E0,0.E0));
#3675=VECTOR('',#3674,5.494871794872E-1);
#3676=CARTESIAN_POINT('',(-2.345E0,6.25E-1,-2.6E0));
#3677=LINE('',#3676,#3675);
#3678=CURVE_STYLE('',#77,POSITIVE_LENGTH_MEASURE(2.E-2),#50);
#3679=PRESENTATION_STYLE_ASSIGNMENT((#3678));
#3680=STYLED_ITEM('',(#3679),#3677);
#3681=DIRECTION('',(0.E0,0.E0,1.E0));
#3682=VECTOR('',#3681,1.9E0);
#3683=CARTESIAN_POINT('',(-2.894487179487E0,6.25E-1,-2.6E0));
#3684=LINE('',#3683,#3682);
#3685=CURVE_STYLE('',#77,POSITIVE_LENGTH_MEASURE(2.E-2),#50);
#3686=PRESENTATION_STYLE_ASSIGNMENT((#3685));
#3687=STYLED_ITEM('',(#3686),#3684);
#3688=DIRECTION('',(1.E0,0.E0,0.E0));
#3689=VECTOR('',#3688,3.005128205128E-1);
#3690=CARTESIAN_POINT('',(-3.195E0,-1.775E0,-7.E-1));
#3691=LINE('',#3690,#3689);
#3692=CURVE_STYLE('',#77,POSITIVE_LENGTH_MEASURE(2.E-2),#50);
#3693=PRESENTATION_STYLE_ASSIGNMENT((#3692));
#3694=STYLED_ITEM('',(#3693),#3691);
#3695=DIRECTION('',(-7.071067811865E-1,7.071067811865E-1,0.E0));
#3696=VECTOR('',#3695,9.899494936612E-1);
#3697=CARTESIAN_POINT('',(-3.195E0,-1.775E0,-7.E-1));
#3698=LINE('',#3697,#3696);
#3699=CURVE_STYLE('',#77,POSITIVE_LENGTH_MEASURE(2.E-2),#50);
#3700=PRESENTATION_STYLE_ASSIGNMENT((#3699));
#3701=STYLED_ITEM('',(#3700),#3698);
#3702=DIRECTION('',(1.E0,0.E0,0.E0));
#3703=VECTOR('',#3702,1.000512820513E0);
#3704=CARTESIAN_POINT('',(-3.895E0,6.25E-1,-7.E-1));
#3705=LINE('',#3704,#3703);
#3706=CURVE_STYLE('',#77,POSITIVE_LENGTH_MEASURE(2.E-2),#50);
#3707=PRESENTATION_STYLE_ASSIGNMENT((#3706));
#3708=STYLED_ITEM('',(#3707),#3705);
#3709=DIRECTION('',(0.E0,0.E0,-1.E0));
#3710=VECTOR('',#3709,2.9E0);
#3711=CARTESIAN_POINT('',(-3.195E0,-1.775E0,-7.E-1));
#3712=LINE('',#3711,#3710);
#3713=CURVE_STYLE('',#77,POSITIVE_LENGTH_MEASURE(2.E-2),#50);
#3714=PRESENTATION_STYLE_ASSIGNMENT((#3713));
#3715=STYLED_ITEM('',(#3714),#3712);
#3716=DIRECTION('',(0.E0,0.E0,1.E0));
#3717=VECTOR('',#3716,2.9E0);
#3718=CARTESIAN_POINT('',(-3.895E0,6.25E-1,-3.6E0));
#3719=LINE('',#3718,#3717);
#3720=CURVE_STYLE('',#77,POSITIVE_LENGTH_MEASURE(2.E-2),#50);
#3721=PRESENTATION_STYLE_ASSIGNMENT((#3720));
#3722=STYLED_ITEM('',(#3721),#3719);
#3723=DIRECTION('',(0.E0,-1.E0,0.E0));
#3724=VECTOR('',#3723,1.7E0);
#3725=CARTESIAN_POINT('',(-3.895E0,6.25E-1,-7.E-1));
#3726=LINE('',#3725,#3724);
#3727=CURVE_STYLE('',#77,POSITIVE_LENGTH_MEASURE(2.E-2),#50);
#3728=PRESENTATION_STYLE_ASSIGNMENT((#3727));
#3729=STYLED_ITEM('',(#3728),#3726);
#3730=DIRECTION('',(0.E0,0.E0,1.E0));
#3731=VECTOR('',#3730,2.9E0);
#3732=CARTESIAN_POINT('',(-3.895E0,-1.075E0,-3.6E0));
#3733=LINE('',#3732,#3731);
#3734=CURVE_STYLE('',#77,POSITIVE_LENGTH_MEASURE(2.E-2),#50);
#3735=PRESENTATION_STYLE_ASSIGNMENT((#3734));
#3736=STYLED_ITEM('',(#3735),#3733);
#3737=DIRECTION('',(0.E0,-1.E0,0.E0));
#3738=VECTOR('',#3737,1.7E0);
#3739=CARTESIAN_POINT('',(-3.895E0,6.25E-1,-3.6E0));
#3740=LINE('',#3739,#3738);
#3741=CURVE_STYLE('',#77,POSITIVE_LENGTH_MEASURE(2.E-2),#50);
#3742=PRESENTATION_STYLE_ASSIGNMENT((#3741));
#3743=STYLED_ITEM('',(#3742),#3740);
#3744=DIRECTION('',(-1.E0,0.E0,0.E0));
#3745=VECTOR('',#3744,2.5E-1);
#3746=CARTESIAN_POINT('',(-2.945E0,-1.775E0,-3.6E0));
#3747=LINE('',#3746,#3745);
#3748=CURVE_STYLE('',#77,POSITIVE_LENGTH_MEASURE(2.E-2),#50);
#3749=PRESENTATION_STYLE_ASSIGNMENT((#3748));
#3750=STYLED_ITEM('',(#3749),#3747);
#3751=DIRECTION('',(0.E0,1.E0,0.E0));
#3752=VECTOR('',#3751,2.4E0);
#3753=CARTESIAN_POINT('',(-2.945E0,-1.775E0,-3.6E0));
#3754=LINE('',#3753,#3752);
#3755=CURVE_STYLE('',#77,POSITIVE_LENGTH_MEASURE(2.E-2),#50);
#3756=PRESENTATION_STYLE_ASSIGNMENT((#3755));
#3757=STYLED_ITEM('',(#3756),#3754);
#3758=DIRECTION('',(-1.E0,0.E0,0.E0));
#3759=VECTOR('',#3758,9.5E-1);
#3760=CARTESIAN_POINT('',(-2.945E0,6.25E-1,-3.6E0));
#3761=LINE('',#3760,#3759);
#3762=CURVE_STYLE('',#77,POSITIVE_LENGTH_MEASURE(2.E-2),#50);
#3763=PRESENTATION_STYLE_ASSIGNMENT((#3762));
#3764=STYLED_ITEM('',(#3763),#3761);
#3765=DIRECTION('',(-7.071067811865E-1,7.071067811865E-1,0.E0));
#3766=VECTOR('',#3765,9.899494936612E-1);
#3767=CARTESIAN_POINT('',(-3.195E0,-1.775E0,-3.6E0));
#3768=LINE('',#3767,#3766);
#3769=CURVE_STYLE('',#77,POSITIVE_LENGTH_MEASURE(2.E-2),#50);
#3770=PRESENTATION_STYLE_ASSIGNMENT((#3769));
#3771=STYLED_ITEM('',(#3770),#3768);
#3772=DIRECTION('',(7.071067811865E-1,0.E0,-7.071067811865E-1));
#3773=VECTOR('',#3772,8.485281374239E-1);
#3774=CARTESIAN_POINT('',(-2.945E0,-1.775E0,-3.6E0));
#3775=LINE('',#3774,#3773);
#3776=CURVE_STYLE('',#77,POSITIVE_LENGTH_MEASURE(2.E-2),#50);
#3777=PRESENTATION_STYLE_ASSIGNMENT((#3776));
#3778=STYLED_ITEM('',(#3777),#3775);
#3779=DIRECTION('',(0.E0,1.E0,0.E0));
#3780=VECTOR('',#3779,2.4E0);
#3781=CARTESIAN_POINT('',(-2.345E0,-1.775E0,-4.2E0));
#3782=LINE('',#3781,#3780);
#3783=CURVE_STYLE('',#77,POSITIVE_LENGTH_MEASURE(2.E-2),#50);
#3784=PRESENTATION_STYLE_ASSIGNMENT((#3783));
#3785=STYLED_ITEM('',(#3784),#3782);
#3786=DIRECTION('',(-7.071067811865E-1,0.E0,7.071067811865E-1));
#3787=VECTOR('',#3786,8.485281374239E-1);
#3788=CARTESIAN_POINT('',(-2.345E0,6.25E-1,-4.2E0));
#3789=LINE('',#3788,#3787);
#3790=CURVE_STYLE('',#77,POSITIVE_LENGTH_MEASURE(2.E-2),#50);
#3791=PRESENTATION_STYLE_ASSIGNMENT((#3790));
#3792=STYLED_ITEM('',(#3791),#3789);
#3793=DIRECTION('',(-5.769546886978E-1,5.781406181710E-1,5.769546886978E-1));
#3794=VECTOR('',#3793,4.324207504930E-1);
#3795=CARTESIAN_POINT('',(-2.645E0,3.75E-1,-9.494871794872E-1));
#3796=LINE('',#3795,#3794);
#3797=CURVE_STYLE('',#77,POSITIVE_LENGTH_MEASURE(2.E-2),#50);
#3798=PRESENTATION_STYLE_ASSIGNMENT((#3797));
#3799=STYLED_ITEM('',(#3798),#3796);
#3800=DIRECTION('',(-5.769546886978E-1,-5.781406181710E-1,5.769546886978E-1));
#3801=VECTOR('',#3800,4.324207504930E-1);
#3802=CARTESIAN_POINT('',(-2.645E0,-1.525E0,-9.494871794872E-1));
#3803=LINE('',#3802,#3801);
#3804=CURVE_STYLE('',#77,POSITIVE_LENGTH_MEASURE(2.E-2),#50);
#3805=PRESENTATION_STYLE_ASSIGNMENT((#3804));
#3806=STYLED_ITEM('',(#3805),#3803);
#3807=DIRECTION('',(0.E0,1.E0,0.E0));
#3808=VECTOR('',#3807,2.4E0);
#3809=CARTESIAN_POINT('',(-2.894487179487E0,-1.775E0,-7.E-1));
#3810=LINE('',#3809,#3808);
#3811=CURVE_STYLE('',#77,POSITIVE_LENGTH_MEASURE(2.E-2),#50);
#3812=PRESENTATION_STYLE_ASSIGNMENT((#3811));
#3813=STYLED_ITEM('',(#3812),#3810);
#3814=DIRECTION('',(0.E0,-1.E0,0.E0));
#3815=VECTOR('',#3814,1.9E0);
#3816=CARTESIAN_POINT('',(-2.57E0,3.75E-1,-9.494871794872E-1));
#3817=LINE('',#3816,#3815);
#3818=CURVE_STYLE('',#77,POSITIVE_LENGTH_MEASURE(2.E-2),#50);
#3819=PRESENTATION_STYLE_ASSIGNMENT((#3818));
#3820=STYLED_ITEM('',(#3819),#3817);
#3821=DIRECTION('',(-1.E0,0.E0,0.E0));
#3822=VECTOR('',#3821,7.5E-2);
#3823=CARTESIAN_POINT('',(-2.57E0,-1.525E0,-9.494871794872E-1));
#3824=LINE('',#3823,#3822);
#3825=CURVE_STYLE('',#77,POSITIVE_LENGTH_MEASURE(2.E-2),#50);
#3826=PRESENTATION_STYLE_ASSIGNMENT((#3825));
#3827=STYLED_ITEM('',(#3826),#3824);
#3828=DIRECTION('',(0.E0,1.E0,0.E0));
#3829=VECTOR('',#3828,1.9E0);
#3830=CARTESIAN_POINT('',(-2.645E0,-1.525E0,-9.494871794872E-1));
#3831=LINE('',#3830,#3829);
#3832=CURVE_STYLE('',#77,POSITIVE_LENGTH_MEASURE(2.E-2),#50);
#3833=PRESENTATION_STYLE_ASSIGNMENT((#3832));
#3834=STYLED_ITEM('',(#3833),#3831);
#3835=DIRECTION('',(-1.E0,0.E0,0.E0));
#3836=VECTOR('',#3835,7.5E-2);
#3837=CARTESIAN_POINT('',(-2.57E0,3.75E-1,-9.494871794872E-1));
#3838=LINE('',#3837,#3836);
#3839=CURVE_STYLE('',#77,POSITIVE_LENGTH_MEASURE(2.E-2),#50);
#3840=PRESENTATION_STYLE_ASSIGNMENT((#3839));
#3841=STYLED_ITEM('',(#3840),#3838);
#3842=DIRECTION('',(0.E0,0.E0,-1.E0));
#3843=VECTOR('',#3842,1.650512820513E0);
#3844=CARTESIAN_POINT('',(-2.645E0,-1.525E0,-9.494871794872E-1));
#3845=LINE('',#3844,#3843);
#3846=CURVE_STYLE('',#77,POSITIVE_LENGTH_MEASURE(2.E-2),#50);
#3847=PRESENTATION_STYLE_ASSIGNMENT((#3846));
#3848=STYLED_ITEM('',(#3847),#3845);
#3849=DIRECTION('',(3.000266307645E-1,0.E0,9.539308260205E-1));
#3850=VECTOR('',#3849,6.499423051318E-1);
#3851=CARTESIAN_POINT('',(-2.32E0,6.25E-1,-6.2E-1));
#3852=LINE('',#3851,#3850);
#3853=CURVE_STYLE('',#77,POSITIVE_LENGTH_MEASURE(2.E-2),#50);
#3854=PRESENTATION_STYLE_ASSIGNMENT((#3853));
#3855=STYLED_ITEM('',(#3854),#3852);
#3856=DIRECTION('',(3.000266307645E-1,0.E0,9.539308260205E-1));
#3857=VECTOR('',#3856,6.499423051318E-1);
#3858=CARTESIAN_POINT('',(-2.32E0,-1.775E0,-6.2E-1));
#3859=LINE('',#3858,#3857);
#3860=CURVE_STYLE('',#77,POSITIVE_LENGTH_MEASURE(2.E-2),#50);
#3861=PRESENTATION_STYLE_ASSIGNMENT((#3860));
#3862=STYLED_ITEM('',(#3861),#3859);
#3863=DIRECTION('',(0.E0,1.E0,0.E0));
#3864=VECTOR('',#3863,2.4E0);
#3865=CARTESIAN_POINT('',(-2.32E0,-1.775E0,-6.2E-1));
#3866=LINE('',#3865,#3864);
#3867=CURVE_STYLE('',#77,POSITIVE_LENGTH_MEASURE(2.E-2),#50);
#3868=PRESENTATION_STYLE_ASSIGNMENT((#3867));
#3869=STYLED_ITEM('',(#3868),#3866);
#3870=DIRECTION('',(0.E0,-1.E0,0.E0));
#3871=VECTOR('',#3870,1.952101327923E0);
#3872=CARTESIAN_POINT('',(-2.32E0,4.010506639615E-1,-6.5E-1));
#3873=LINE('',#3872,#3871);
#3874=CURVE_STYLE('',#77,POSITIVE_LENGTH_MEASURE(2.E-2),#50);
#3875=PRESENTATION_STYLE_ASSIGNMENT((#3874));
#3876=STYLED_ITEM('',(#3875),#3873);
#3877=DIRECTION('',(0.E0,-6.106226635438E-14,1.E0));
#3878=VECTOR('',#3877,2.E-2);
#3879=CARTESIAN_POINT('',(-2.32E0,4.010506639615E-1,-6.7E-1));
#3880=LINE('',#3879,#3878);
#3881=CURVE_STYLE('',#77,POSITIVE_LENGTH_MEASURE(2.E-2),#50);
#3882=PRESENTATION_STYLE_ASSIGNMENT((#3881));
#3883=STYLED_ITEM('',(#3882),#3880);
#3884=DIRECTION('',(0.E0,1.E0,0.E0));
#3885=VECTOR('',#3884,2.239493360385E-1);
#3886=CARTESIAN_POINT('',(-2.32E0,4.010506639615E-1,-6.7E-1));
#3887=LINE('',#3886,#3885);
#3888=CURVE_STYLE('',#77,POSITIVE_LENGTH_MEASURE(2.E-2),#50);
#3889=PRESENTATION_STYLE_ASSIGNMENT((#3888));
#3890=STYLED_ITEM('',(#3889),#3887);
#3891=DIRECTION('',(0.E0,0.E0,1.E0));
#3892=VECTOR('',#3891,5.E-2);
#3893=CARTESIAN_POINT('',(-2.32E0,6.25E-1,-6.7E-1));
#3894=LINE('',#3893,#3892);
#3895=CURVE_STYLE('',#77,POSITIVE_LENGTH_MEASURE(2.E-2),#50);
#3896=PRESENTATION_STYLE_ASSIGNMENT((#3895));
#3897=STYLED_ITEM('',(#3896),#3894);
#3898=DIRECTION('',(0.E0,0.E0,1.E0));
#3899=VECTOR('',#3898,5.E-2);
#3900=CARTESIAN_POINT('',(-2.32E0,-1.775E0,-6.7E-1));
#3901=LINE('',#3900,#3899);
#3902=CURVE_STYLE('',#77,POSITIVE_LENGTH_MEASURE(2.E-2),#50);
#3903=PRESENTATION_STYLE_ASSIGNMENT((#3902));
#3904=STYLED_ITEM('',(#3903),#3901);
#3905=DIRECTION('',(0.E0,1.E0,0.E0));
#3906=VECTOR('',#3905,2.239493360385E-1);
#3907=CARTESIAN_POINT('',(-2.32E0,-1.775E0,-6.7E-1));
#3908=LINE('',#3907,#3906);
#3909=CURVE_STYLE('',#77,POSITIVE_LENGTH_MEASURE(2.E-2),#50);
#3910=PRESENTATION_STYLE_ASSIGNMENT((#3909));
#3911=STYLED_ITEM('',(#3910),#3908);
#3912=DIRECTION('',(0.E0,7.771561172376E-14,1.E0));
#3913=VECTOR('',#3912,2.E-2);
#3914=CARTESIAN_POINT('',(-2.32E0,-1.551050663962E0,-6.7E-1));
#3915=LINE('',#3914,#3913);
#3916=CURVE_STYLE('',#77,POSITIVE_LENGTH_MEASURE(2.E-2),#50);
#3917=PRESENTATION_STYLE_ASSIGNMENT((#3916));
#3918=STYLED_ITEM('',(#3917),#3915);
#3919=CARTESIAN_POINT('',(-2.82E0,4.010506639615E-1,-6.7E-1));
#3920=DIRECTION('',(0.E0,0.E0,1.E0));
#3921=DIRECTION('',(1.E0,0.E0,0.E0));
#3922=AXIS2_PLACEMENT_3D('',#3919,#3920,#3921);
#3924=CURVE_STYLE('',#77,POSITIVE_LENGTH_MEASURE(2.E-2),#50);
#3925=PRESENTATION_STYLE_ASSIGNMENT((#3924));
#3926=STYLED_ITEM('',(#3925),#3923);
#3927=DIRECTION('',(0.E0,1.E0,0.E0));
#3928=VECTOR('',#3927,9.953669414443E-2);
#3929=CARTESIAN_POINT('',(-2.335725806452E0,5.254633058556E-1,-6.7E-1));
#3930=LINE('',#3929,#3928);
#3931=CURVE_STYLE('',#77,POSITIVE_LENGTH_MEASURE(2.E-2),#50);
#3932=PRESENTATION_STYLE_ASSIGNMENT((#3931));
#3933=STYLED_ITEM('',(#3932),#3930);
#3934=DIRECTION('',(1.E0,0.E0,0.E0));
#3935=VECTOR('',#3934,1.572580645161E-2);
#3936=CARTESIAN_POINT('',(-2.335725806452E0,6.25E-1,-6.7E-1));
#3937=LINE('',#3936,#3935);
#3938=CURVE_STYLE('',#77,POSITIVE_LENGTH_MEASURE(2.E-2),#50);
#3939=PRESENTATION_STYLE_ASSIGNMENT((#3938));
#3940=STYLED_ITEM('',(#3939),#3937);
#3941=CARTESIAN_POINT('',(-2.82E0,-1.551050663962E0,-6.7E-1));
#3942=DIRECTION('',(0.E0,0.E0,1.E0));
#3943=DIRECTION('',(9.685483870968E-1,-2.488252837881E-1,0.E0));
#3944=AXIS2_PLACEMENT_3D('',#3941,#3942,#3943);
#3946=CURVE_STYLE('',#77,POSITIVE_LENGTH_MEASURE(2.E-2),#50);
#3947=PRESENTATION_STYLE_ASSIGNMENT((#3946));
#3948=STYLED_ITEM('',(#3947),#3945);
#3949=DIRECTION('',(1.E0,0.E0,0.E0));
#3950=VECTOR('',#3949,1.572580645161E-2);
#3951=CARTESIAN_POINT('',(-2.335725806452E0,-1.775E0,-6.7E-1));
#3952=LINE('',#3951,#3950);
#3953=CURVE_STYLE('',#77,POSITIVE_LENGTH_MEASURE(2.E-2),#50);
#3954=PRESENTATION_STYLE_ASSIGNMENT((#3953));
#3955=STYLED_ITEM('',(#3954),#3952);
#3956=DIRECTION('',(0.E0,1.E0,0.E0));
#3957=VECTOR('',#3956,9.953669414443E-2);
#3958=CARTESIAN_POINT('',(-2.335725806452E0,-1.775E0,-6.7E-1));
#3959=LINE('',#3958,#3957);
#3960=CURVE_STYLE('',#77,POSITIVE_LENGTH_MEASURE(2.E-2),#50);
#3961=PRESENTATION_STYLE_ASSIGNMENT((#3960));
#3962=STYLED_ITEM('',(#3961),#3959);
#3963=CARTESIAN_POINT('',(-2.335725806452E0,5.254633058556E-1,-6.7E-1));
#3964=CARTESIAN_POINT('',(-2.338611845768E0,5.366971671497E-1,
-6.791761250046E-1));
#3965=CARTESIAN_POINT('',(-2.341722775089E0,5.472048704050E-1,
-6.890672848993E-1));
#3966=CARTESIAN_POINT('',(-2.345E0,5.571756139215E-1,-6.994871794872E-1));
#3968=CURVE_STYLE('',#77,POSITIVE_LENGTH_MEASURE(2.E-2),#50);
#3969=PRESENTATION_STYLE_ASSIGNMENT((#3968));
#3970=STYLED_ITEM('',(#3969),#3967);
#3971=DIRECTION('',(0.E0,1.E0,0.E0));
#3972=VECTOR('',#3971,6.782438607853E-2);
#3973=CARTESIAN_POINT('',(-2.345E0,5.571756139215E-1,-6.994871794872E-1));
#3974=LINE('',#3973,#3972);
#3975=CURVE_STYLE('',#77,POSITIVE_LENGTH_MEASURE(2.E-2),#50);
#3976=PRESENTATION_STYLE_ASSIGNMENT((#3975));
#3977=STYLED_ITEM('',(#3976),#3974);
#3978=DIRECTION('',(3.000266307645E-1,0.E0,9.539308260205E-1));
#3979=VECTOR('',#3978,3.091123452860E-2);
#3980=CARTESIAN_POINT('',(-2.345E0,6.25E-1,-6.994871794872E-1));
#3981=LINE('',#3980,#3979);
#3982=CURVE_STYLE('',#77,POSITIVE_LENGTH_MEASURE(2.E-2),#50);
#3983=PRESENTATION_STYLE_ASSIGNMENT((#3982));
#3984=STYLED_ITEM('',(#3983),#3981);
#3985=CARTESIAN_POINT('',(-2.345E0,-1.707175613921E0,-6.994871794872E-1));
#3986=CARTESIAN_POINT('',(-2.341722775089E0,-1.697204870405E0,
-6.890672848993E-1));
#3987=CARTESIAN_POINT('',(-2.338611845768E0,-1.686697167150E0,
-6.791761250046E-1));
#3988=CARTESIAN_POINT('',(-2.335725806452E0,-1.675463305856E0,-6.7E-1));
#3990=CURVE_STYLE('',#77,POSITIVE_LENGTH_MEASURE(2.E-2),#50);
#3991=PRESENTATION_STYLE_ASSIGNMENT((#3990));
#3992=STYLED_ITEM('',(#3991),#3989);
#3993=DIRECTION('',(3.000266307645E-1,0.E0,9.539308260205E-1));
#3994=VECTOR('',#3993,3.091123452860E-2);
#3995=CARTESIAN_POINT('',(-2.345E0,-1.775E0,-6.994871794872E-1));
#3996=LINE('',#3995,#3994);
#3997=CURVE_STYLE('',#77,POSITIVE_LENGTH_MEASURE(2.E-2),#50);
#3998=PRESENTATION_STYLE_ASSIGNMENT((#3997));
#3999=STYLED_ITEM('',(#3998),#3996);
#4000=DIRECTION('',(0.E0,1.E0,0.E0));
#4001=VECTOR('',#4000,6.782438607852E-2);
#4002=CARTESIAN_POINT('',(-2.345E0,-1.775E0,-6.994871794872E-1));
#4003=LINE('',#4002,#4001);
#4004=CURVE_STYLE('',#77,POSITIVE_LENGTH_MEASURE(2.E-2),#50);
#4005=PRESENTATION_STYLE_ASSIGNMENT((#4004));
#4006=STYLED_ITEM('',(#4005),#4003);
#4007=DIRECTION('',(4.796227309317E-14,-4.111051979415E-14,1.E0));
#4008=VECTOR('',#4007,1.749976705621E0);
#4009=CARTESIAN_POINT('',(-2.793832019893E0,-2.050365434656E0,
-2.299988352940E0));
#4010=LINE('',#4009,#4008);
#4011=CURVE_STYLE('',#77,POSITIVE_LENGTH_MEASURE(2.E-2),#50);
#4012=PRESENTATION_STYLE_ASSIGNMENT((#4011));
#4013=STYLED_ITEM('',(#4012),#4010);
#4014=CARTESIAN_POINT('',(-3.541190103988E0,-2.089532808751E0,-6.E-1));
#4015=DIRECTION('',(5.233595624294E-2,-9.986295347546E-1,0.E0));
#4016=DIRECTION('',(0.E0,0.E0,1.E0));
#4017=AXIS2_PLACEMENT_3D('',#4014,#4015,#4016);
#4019=CURVE_STYLE('',#77,POSITIVE_LENGTH_MEASURE(2.E-2),#50);
#4020=PRESENTATION_STYLE_ASSIGNMENT((#4019));
#4021=STYLED_ITEM('',(#4020),#4018);
#4022=CARTESIAN_POINT('',(-2.893694975354E0,-2.055599026963E0,-5.E-1));
#4023=DIRECTION('',(5.233595624294E-2,-9.986295347546E-1,0.E0));
#4024=DIRECTION('',(9.986295347546E-1,5.233595624294E-2,0.E0));
#4025=AXIS2_PLACEMENT_3D('',#4022,#4023,#4024);
#4027=CURVE_STYLE('',#77,POSITIVE_LENGTH_MEASURE(2.E-2),#50);
#4028=PRESENTATION_STYLE_ASSIGNMENT((#4027));
#4029=STYLED_ITEM('',(#4028),#4026);
#4030=CARTESIAN_POINT('',(-2.893694975354E0,-2.055599026963E0,-2.5E0));
#4031=DIRECTION('',(5.233595624294E-2,-9.986295347546E-1,0.E0));
#4032=DIRECTION('',(0.E0,0.E0,-1.E0));
#4033=AXIS2_PLACEMENT_3D('',#4030,#4031,#4032);
#4035=CURVE_STYLE('',#77,POSITIVE_LENGTH_MEASURE(2.E-2),#50);
#4036=PRESENTATION_STYLE_ASSIGNMENT((#4035));
#4037=STYLED_ITEM('',(#4036),#4034);
#4038=CARTESIAN_POINT('',(-3.541190103988E0,-2.089532808751E0,-2.4E0));
#4039=DIRECTION('',(5.233595624294E-2,-9.986295347546E-1,0.E0));
#4040=DIRECTION('',(-9.986295347546E-1,-5.233595624294E-2,0.E0));
#4041=AXIS2_PLACEMENT_3D('',#4038,#4039,#4040);
#4043=CURVE_STYLE('',#77,POSITIVE_LENGTH_MEASURE(2.E-2),#50);
#4044=PRESENTATION_STYLE_ASSIGNMENT((#4043));
#4045=STYLED_ITEM('',(#4044),#4042);
#4046=DIRECTION('',(5.233595624294E-2,-9.986295347546E-1,0.E0));
#4047=VECTOR('',#4046,2.5E-1);
#4048=CARTESIAN_POINT('',(-3.754E0,-1.850342616311E0,-6.E-1));
#4049=LINE('',#4048,#4047);
#4050=CURVE_STYLE('',#77,POSITIVE_LENGTH_MEASURE(2.E-2),#50);
#4051=PRESENTATION_STYLE_ASSIGNMENT((#4050));
#4052=STYLED_ITEM('',(#4051),#4049);
#4053=DIRECTION('',(0.E0,0.E0,-1.E0));
#4054=VECTOR('',#4053,1.8E0);
#4055=CARTESIAN_POINT('',(-3.740916010939E0,-2.1E0,-6.E-1));
#4056=LINE('',#4055,#4054);
#4057=CURVE_STYLE('',#77,POSITIVE_LENGTH_MEASURE(2.E-2),#50);
#4058=PRESENTATION_STYLE_ASSIGNMENT((#4057));
#4059=STYLED_ITEM('',(#4058),#4056);
#4060=DIRECTION('',(-5.233595624294E-2,9.986295347546E-1,0.E0));
#4061=VECTOR('',#4060,2.5E-1);
#4062=CARTESIAN_POINT('',(-3.740916010939E0,-2.1E0,-2.4E0));
#4063=LINE('',#4062,#4061);
#4064=CURVE_STYLE('',#77,POSITIVE_LENGTH_MEASURE(2.E-2),#50);
#4065=PRESENTATION_STYLE_ASSIGNMENT((#4064));
#4066=STYLED_ITEM('',(#4065),#4063);
#4067=DIRECTION('',(0.E0,0.E0,1.E0));
#4068=VECTOR('',#4067,1.8E0);
#4069=CARTESIAN_POINT('',(-3.754E0,-1.850342616311E0,-2.4E0));
#4070=LINE('',#4069,#4068);
#4071=CURVE_STYLE('',#77,POSITIVE_LENGTH_MEASURE(2.E-2),#50);
#4072=PRESENTATION_STYLE_ASSIGNMENT((#4071));
#4073=STYLED_ITEM('',(#4072),#4070);
#4074=CARTESIAN_POINT('',(-3.554274093049E0,-1.839875425063E0,-6.E-1));
#4075=DIRECTION('',(-5.233595624294E-2,9.986295347546E-1,0.E0));
#4076=DIRECTION('',(-9.986295347546E-1,-5.233595624294E-2,0.E0));
#4077=AXIS2_PLACEMENT_3D('',#4074,#4075,#4076);
#4079=CURVE_STYLE('',#77,POSITIVE_LENGTH_MEASURE(2.E-2),#50);
#4080=PRESENTATION_STYLE_ASSIGNMENT((#4079));
#4081=STYLED_ITEM('',(#4080),#4078);
#4082=CARTESIAN_POINT('',(-3.554274093049E0,-1.839875425063E0,-2.4E0));
#4083=DIRECTION('',(-5.233595624294E-2,9.986295347546E-1,0.E0));
#4084=DIRECTION('',(0.E0,0.E0,-1.E0));
#4085=AXIS2_PLACEMENT_3D('',#4082,#4083,#4084);
#4087=CURVE_STYLE('',#77,POSITIVE_LENGTH_MEASURE(2.E-2),#50);
#4088=PRESENTATION_STYLE_ASSIGNMENT((#4087));
#4089=STYLED_ITEM('',(#4088),#4086);
#4090=CARTESIAN_POINT('',(-2.906778964415E0,-1.805941643274E0,-2.5E0));
#4091=DIRECTION('',(-5.233595624294E-2,9.986295347546E-1,0.E0));
#4092=DIRECTION('',(9.986295347546E-1,5.233595624294E-2,0.E0));
#4093=AXIS2_PLACEMENT_3D('',#4090,#4091,#4092);
#4095=CURVE_STYLE('',#77,POSITIVE_LENGTH_MEASURE(2.E-2),#50);
#4096=PRESENTATION_STYLE_ASSIGNMENT((#4095));
#4097=STYLED_ITEM('',(#4096),#4094);
#4098=DIRECTION('',(5.441710795566E-9,-2.445295447681E-8,1.E0));
#4099=VECTOR('',#4098,2.000082692861E-1);
#4100=CARTESIAN_POINT('',(-2.806916010939E0,-1.800708047650E0,-2.5E0));
#4101=LINE('',#4100,#4099);
#4102=CURVE_STYLE('',#77,POSITIVE_LENGTH_MEASURE(2.E-2),#50);
#4103=PRESENTATION_STYLE_ASSIGNMENT((#4102));
#4104=STYLED_ITEM('',(#4103),#4101);
#4105=DIRECTION('',(-2.175642316520E-8,9.765241808616E-8,1.E0));
#4106=VECTOR('',#4105,5.000825697785E-2);
#4107=CARTESIAN_POINT('',(-2.806916009851E0,-1.800708052534E0,
-5.500082569778E-1));
#4108=LINE('',#4107,#4106);
#4109=CURVE_STYLE('',#77,POSITIVE_LENGTH_MEASURE(2.E-2),#50);
#4110=PRESENTATION_STYLE_ASSIGNMENT((#4109));
#4111=STYLED_ITEM('',(#4110),#4108);
#4112=CARTESIAN_POINT('',(-2.906778964415E0,-1.805941643274E0,-5.E-1));
#4113=DIRECTION('',(-5.233595624294E-2,9.986295347546E-1,0.E0));
#4114=DIRECTION('',(0.E0,0.E0,1.E0));
#4115=AXIS2_PLACEMENT_3D('',#4112,#4113,#4114);
#4117=CURVE_STYLE('',#77,POSITIVE_LENGTH_MEASURE(2.E-2),#50);
#4118=PRESENTATION_STYLE_ASSIGNMENT((#4117));
#4119=STYLED_ITEM('',(#4118),#4116);
#4120=DIRECTION('',(5.233595624294E-2,-9.986295347546E-1,0.E0));
#4121=VECTOR('',#4120,2.5E-1);
#4122=CARTESIAN_POINT('',(-2.806916010939E0,-1.800708047650E0,-2.5E0));
#4123=LINE('',#4122,#4121);
#4124=CURVE_STYLE('',#77,POSITIVE_LENGTH_MEASURE(2.E-2),#50);
#4125=PRESENTATION_STYLE_ASSIGNMENT((#4124));
#4126=STYLED_ITEM('',(#4125),#4123);
#4127=DIRECTION('',(9.924578291630E-9,-1.658329489830E-8,1.E0));
#4128=VECTOR('',#4127,2.000116470599E-1);
#4129=CARTESIAN_POINT('',(-2.793832021879E0,-2.050365431339E0,-2.5E0));
#4130=LINE('',#4129,#4128);
#4131=CURVE_STYLE('',#77,POSITIVE_LENGTH_MEASURE(2.E-2),#50);
#4132=PRESENTATION_STYLE_ASSIGNMENT((#4131));
#4133=STYLED_ITEM('',(#4132),#4130);
#4134=DIRECTION('',(5.233596014396E-2,-9.986295344587E-1,1.351109534777E-5));
#4135=VECTOR('',#4134,2.499999984980E-1);
#4136=CARTESIAN_POINT('',(-2.806916009851E0,-1.800708052541E0,
-2.299991730714E0));
#4137=LINE('',#4136,#4135);
#4138=CURVE_STYLE('',#77,POSITIVE_LENGTH_MEASURE(2.E-2),#50);
#4139=PRESENTATION_STYLE_ASSIGNMENT((#4138));
#4140=STYLED_ITEM('',(#4139),#4137);
#4141=DIRECTION('',(-5.233595624294E-2,9.986295347546E-1,0.E0));
#4142=VECTOR('',#4141,2.5E-1);
#4143=CARTESIAN_POINT('',(-2.793832021879E0,-2.050365431339E0,-5.E-1));
#4144=LINE('',#4143,#4142);
#4145=CURVE_STYLE('',#77,POSITIVE_LENGTH_MEASURE(2.E-2),#50);
#4146=PRESENTATION_STYLE_ASSIGNMENT((#4145));
#4147=STYLED_ITEM('',(#4146),#4144);
#4148=DIRECTION('',(-5.233596014425E-2,9.986295344580E-1,1.356136690524E-5));
#4149=VECTOR('',#4148,2.499999985056E-1);
#4150=CARTESIAN_POINT('',(-2.793832019893E0,-2.050365434656E0,
-5.500116473196E-1));
#4151=LINE('',#4150,#4149);
#4152=CURVE_STYLE('',#77,POSITIVE_LENGTH_MEASURE(2.E-2),#50);
#4153=PRESENTATION_STYLE_ASSIGNMENT((#4152));
#4154=STYLED_ITEM('',(#4153),#4151);
#4155=DIRECTION('',(-3.969306619217E-8,6.632303166396E-8,1.E0));
#4156=VECTOR('',#4155,5.001164731955E-2);
#4157=CARTESIAN_POINT('',(-2.793832019893E0,-2.050365434656E0,
-5.500116473196E-1));
#4158=LINE('',#4157,#4156);
#4159=CURVE_STYLE('',#77,POSITIVE_LENGTH_MEASURE(2.E-2),#50);
#4160=PRESENTATION_STYLE_ASSIGNMENT((#4159));
#4161=STYLED_ITEM('',(#4160),#4158);
#4162=CARTESIAN_POINT('',(-2.708145372472E0,-1.774631840049E0,-2.2E0));
#4163=CARTESIAN_POINT('',(-2.716523304687E0,-1.778823205815E0,-2.2E0));
#4164=CARTESIAN_POINT('',(-2.733438847457E0,-1.786103088972E0,
-2.202188181281E0));
#4165=CARTESIAN_POINT('',(-2.757946986217E0,-1.793605151563E0,
-2.212471170788E0));
#4166=CARTESIAN_POINT('',(-2.778371675924E0,-1.797786447933E0,
-2.228373363472E0));
#4167=CARTESIAN_POINT('',(-2.794279918887E0,-1.799842062029E0,
-2.248938644310E0));
#4168=CARTESIAN_POINT('',(-2.804657841988E0,-1.800607540454E0,
-2.273820149360E0));
#4169=CARTESIAN_POINT('',(-2.806916009851E0,-1.800708052541E0,
-2.291274804470E0));
#4170=CARTESIAN_POINT('',(-2.806916009851E0,-1.800708052541E0,
-2.299991730714E0));
#4172=CURVE_STYLE('',#77,POSITIVE_LENGTH_MEASURE(2.E-2),#50);
#4173=PRESENTATION_STYLE_ASSIGNMENT((#4172));
#4174=STYLED_ITEM('',(#4173),#4171);
#4175=CARTESIAN_POINT('',(-2.793832019893E0,-2.050365434656E0,
-2.299988352940E0));
#4176=CARTESIAN_POINT('',(-2.793832019893E0,-2.050365434656E0,
-2.291346782065E0));
#4177=CARTESIAN_POINT('',(-2.791613946829E0,-2.050257922606E0,
-2.274005898935E0));
#4178=CARTESIAN_POINT('',(-2.781307201006E0,-2.049609544224E0,
-2.249134897140E0));
#4179=CARTESIAN_POINT('',(-2.765367059575E0,-2.048169006490E0,
-2.228476865091E0));
#4180=CARTESIAN_POINT('',(-2.744801143436E0,-2.045543974714E0,
-2.212502739735E0));
#4181=CARTESIAN_POINT('',(-2.720161277156E0,-2.041213178363E0,
-2.202212692628E0));
#4182=CARTESIAN_POINT('',(-2.703020314604E0,-2.037253575154E0,-2.2E0));
#4183=CARTESIAN_POINT('',(-2.694497768925E0,-2.035043628782E0,-2.2E0));
#4185=CURVE_STYLE('',#77,POSITIVE_LENGTH_MEASURE(2.E-2),#50);
#4186=PRESENTATION_STYLE_ASSIGNMENT((#4185));
#4187=STYLED_ITEM('',(#4186),#4184);
#4188=DIRECTION('',(2.207778635445E-13,-4.209244163922E-12,-1.E0));
#4189=VECTOR('',#4188,1.749983473736E0);
#4190=CARTESIAN_POINT('',(-2.806916009851E0,-1.800708052534E0,
-5.500082569778E-1));
#4191=LINE('',#4190,#4189);
#4192=CURVE_STYLE('',#77,POSITIVE_LENGTH_MEASURE(2.E-2),#50);
#4193=PRESENTATION_STYLE_ASSIGNMENT((#4192));
#4194=STYLED_ITEM('',(#4193),#4191);
#4195=DIRECTION('',(0.E0,0.E0,-1.E0));
#4196=VECTOR('',#4195,1.55E0);
#4197=CARTESIAN_POINT('',(-2.57E0,-1.551050663962E0,-6.5E-1));
#4198=LINE('',#4197,#4196);
#4199=CURVE_STYLE('',#77,POSITIVE_LENGTH_MEASURE(2.E-2),#50);
#4200=PRESENTATION_STYLE_ASSIGNMENT((#4199));
#4201=STYLED_ITEM('',(#4200),#4198);
#4202=CARTESIAN_POINT('',(-2.694497768925E0,-2.035043628782E0,-6.5E-1));
#4203=CARTESIAN_POINT('',(-2.703020314567E0,-2.037253575145E0,-6.5E-1));
#4204=CARTESIAN_POINT('',(-2.720161277045E0,-2.041213178338E0,
-6.477873073920E-1));
#4205=CARTESIAN_POINT('',(-2.744801143242E0,-2.045543974683E0,
-6.374972603674E-1));
#4206=CARTESIAN_POINT('',(-2.765367059332E0,-2.048169006463E0,
-6.215231351410E-1));
#4207=CARTESIAN_POINT('',(-2.781307200781E0,-2.049609544207E0,
-6.008651032261E-1));
#4208=CARTESIAN_POINT('',(-2.791613946636E0,-2.050257922595E0,
-5.759941016797E-1));
#4209=CARTESIAN_POINT('',(-2.793832019893E0,-2.050365434656E0,
-5.586532185092E-1));
#4210=CARTESIAN_POINT('',(-2.793832019893E0,-2.050365434656E0,
-5.500116473196E-1));
#4212=CURVE_STYLE('',#77,POSITIVE_LENGTH_MEASURE(2.E-2),#50);
#4213=PRESENTATION_STYLE_ASSIGNMENT((#4212));
#4214=STYLED_ITEM('',(#4213),#4211);
#4215=CARTESIAN_POINT('',(-2.806916009851E0,-1.800708052534E0,
-5.500082569778E-1));
#4216=CARTESIAN_POINT('',(-2.806916009851E0,-1.800708052534E0,
-5.587251683724E-1));
#4217=CARTESIAN_POINT('',(-2.804657851176E0,-1.800607540957E0,
-5.761798216349E-1));
#4218=CARTESIAN_POINT('',(-2.794279929519E0,-1.799842063111E0,
-6.010613384588E-1));
#4219=CARTESIAN_POINT('',(-2.778371687375E0,-1.797786449873E0,
-6.216266255840E-1));
#4220=CARTESIAN_POINT('',(-2.757946995356E0,-1.793605154001E0,
-6.375288244033E-1));
#4221=CARTESIAN_POINT('',(-2.733438852687E0,-1.786103091078E0,
-6.478118177699E-1));
#4222=CARTESIAN_POINT('',(-2.716523306422E0,-1.778823206683E0,-6.5E-1));
#4223=CARTESIAN_POINT('',(-2.708145372472E0,-1.774631840049E0,-6.5E-1));
#4225=CURVE_STYLE('',#77,POSITIVE_LENGTH_MEASURE(2.E-2),#50);
#4226=PRESENTATION_STYLE_ASSIGNMENT((#4225));
#4227=STYLED_ITEM('',(#4226),#4224);
#4228=DIRECTION('',(-5.233595624295E-2,-9.986295347546E-1,0.E0));
#4229=VECTOR('',#4228,2.5E-1);
#4230=CARTESIAN_POINT('',(-3.740916010939E0,9.5E-1,-6.E-1));
#4231=LINE('',#4230,#4229);
#4232=CURVE_STYLE('',#77,POSITIVE_LENGTH_MEASURE(2.E-2),#50);
#4233=PRESENTATION_STYLE_ASSIGNMENT((#4232));
#4234=STYLED_ITEM('',(#4233),#4231);
#4235=DIRECTION('',(0.E0,0.E0,-1.E0));
#4236=VECTOR('',#4235,1.8E0);
#4237=CARTESIAN_POINT('',(-3.754E0,7.003426163114E-1,-6.E-1));
#4238=LINE('',#4237,#4236);
#4239=CURVE_STYLE('',#77,POSITIVE_LENGTH_MEASURE(2.E-2),#50);
#4240=PRESENTATION_STYLE_ASSIGNMENT((#4239));
#4241=STYLED_ITEM('',(#4240),#4238);
#4242=DIRECTION('',(5.233595624295E-2,9.986295347546E-1,0.E0));
#4243=VECTOR('',#4242,2.5E-1);
#4244=CARTESIAN_POINT('',(-3.754E0,7.003426163114E-1,-2.4E0));
#4245=LINE('',#4244,#4243);
#4246=CURVE_STYLE('',#77,POSITIVE_LENGTH_MEASURE(2.E-2),#50);
#4247=PRESENTATION_STYLE_ASSIGNMENT((#4246));
#4248=STYLED_ITEM('',(#4247),#4245);
#4249=DIRECTION('',(0.E0,0.E0,1.E0));
#4250=VECTOR('',#4249,1.8E0);
#4251=CARTESIAN_POINT('',(-3.740916010939E0,9.5E-1,-2.4E0));
#4252=LINE('',#4251,#4250);
#4253=CURVE_STYLE('',#77,POSITIVE_LENGTH_MEASURE(2.E-2),#50);
#4254=PRESENTATION_STYLE_ASSIGNMENT((#4253));
#4255=STYLED_ITEM('',(#4254),#4252);
#4256=CARTESIAN_POINT('',(-2.125E0,-1.85E0,-4.7E0));
#4257=CARTESIAN_POINT('',(-2.125E0,1.35E0,-4.7E0));
#4258=VERTEX_POINT('',#4256);
#4259=VERTEX_POINT('',#4257);
#4260=CARTESIAN_POINT('',(2.125E0,-1.85E0,-4.7E0));
#4261=CARTESIAN_POINT('',(2.125E0,1.35E0,-4.7E0));
#4262=VERTEX_POINT('',#4260);
#4263=VERTEX_POINT('',#4261);
#4264=CARTESIAN_POINT('',(-1.695E0,-1.85E0,-4.7E0));
#4265=VERTEX_POINT('',#4264);
#4266=CARTESIAN_POINT('',(1.695E0,1.35E0,-4.7E0));
#4267=VERTEX_POINT('',#4266);
#4268=CARTESIAN_POINT('',(1.695E0,-1.85E0,-4.7E0));
#4269=VERTEX_POINT('',#4268);
#4270=CARTESIAN_POINT('',(-1.695E0,1.35E0,-4.7E0));
#4271=VERTEX_POINT('',#4270);
#4272=CARTESIAN_POINT('',(1.695E0,1.35E0,-4.25E0));
#4273=VERTEX_POINT('',#4272);
#4274=CARTESIAN_POINT('',(-1.695E0,1.35E0,-4.25E0));
#4275=VERTEX_POINT('',#4274);
#4276=CARTESIAN_POINT('',(-1.525E0,9.5E-1,-2.9E0));
#4277=CARTESIAN_POINT('',(-1.525E0,6.8E-2,-2.9E0));
#4278=VERTEX_POINT('',#4276);
#4279=VERTEX_POINT('',#4277);
#4280=CARTESIAN_POINT('',(-1.825E0,6.8E-2,-2.9E0));
#4281=VERTEX_POINT('',#4280);
#4282=CARTESIAN_POINT('',(-1.825E0,-9.82E-1,-2.9E0));
#4283=VERTEX_POINT('',#4282);
#4284=CARTESIAN_POINT('',(-1.525E0,-9.82E-1,-2.9E0));
#4285=VERTEX_POINT('',#4284);
#4286=CARTESIAN_POINT('',(-1.525E0,-1.45E0,-2.9E0));
#4287=VERTEX_POINT('',#4286);
#4288=CARTESIAN_POINT('',(1.525E0,-1.45E0,-2.9E0));
#4289=CARTESIAN_POINT('',(1.525E0,-9.82E-1,-2.9E0));
#4290=VERTEX_POINT('',#4288);
#4291=VERTEX_POINT('',#4289);
#4292=CARTESIAN_POINT('',(1.825E0,-9.82E-1,-2.9E0));
#4293=VERTEX_POINT('',#4292);
#4294=CARTESIAN_POINT('',(1.825E0,6.8E-2,-2.9E0));
#4295=VERTEX_POINT('',#4294);
#4296=CARTESIAN_POINT('',(1.525E0,6.8E-2,-2.9E0));
#4297=VERTEX_POINT('',#4296);
#4298=CARTESIAN_POINT('',(1.525E0,9.5E-1,-2.9E0));
#4299=VERTEX_POINT('',#4298);
#4300=CARTESIAN_POINT('',(-1.825E0,-9.82E-1,0.E0));
#4301=VERTEX_POINT('',#4300);
#4302=CARTESIAN_POINT('',(1.825E0,-9.82E-1,0.E0));
#4303=VERTEX_POINT('',#4302);
#4304=CARTESIAN_POINT('',(1.695E0,-1.45E0,-4.25E0));
#4305=VERTEX_POINT('',#4304);
#4306=CARTESIAN_POINT('',(-1.695E0,-1.45E0,-4.25E0));
#4307=VERTEX_POINT('',#4306);
#4308=CARTESIAN_POINT('',(-1.695E0,-1.45E0,-4.05E0));
#4309=VERTEX_POINT('',#4308);
#4310=CARTESIAN_POINT('',(-1.695E0,-1.85E0,-3.55E0));
#4311=VERTEX_POINT('',#4310);
#4312=CARTESIAN_POINT('',(1.695E0,-1.45E0,-4.05E0));
#4313=VERTEX_POINT('',#4312);
#4314=CARTESIAN_POINT('',(1.695E0,-1.85E0,-3.55E0));
#4315=VERTEX_POINT('',#4314);
#4316=CARTESIAN_POINT('',(-1.825E0,9.5E-1,0.E0));
#4317=CARTESIAN_POINT('',(-1.525E0,9.5E-1,-2.E-1));
#4318=VERTEX_POINT('',#4316);
#4319=VERTEX_POINT('',#4317);
#4320=CARTESIAN_POINT('',(-1.525E0,6.8E-2,-2.E-1));
#4321=VERTEX_POINT('',#4320);
#4322=CARTESIAN_POINT('',(-1.825E0,6.8E-2,0.E0));
#4323=VERTEX_POINT('',#4322);
#4324=CARTESIAN_POINT('',(1.825E0,6.8E-2,0.E0));
#4325=CARTESIAN_POINT('',(1.525E0,6.8E-2,-2.E-1));
#4326=VERTEX_POINT('',#4324);
#4327=VERTEX_POINT('',#4325);
#4328=CARTESIAN_POINT('',(1.525E0,9.5E-1,-2.E-1));
#4329=VERTEX_POINT('',#4328);
#4330=CARTESIAN_POINT('',(1.825E0,9.5E-1,0.E0));
#4331=VERTEX_POINT('',#4330);
#4332=CARTESIAN_POINT('',(1.525E0,-9.82E-1,-2.E-1));
#4333=CARTESIAN_POINT('',(1.725E0,-9.82E-1,0.E0));
#4334=VERTEX_POINT('',#4332);
#4335=VERTEX_POINT('',#4333);
#4336=CARTESIAN_POINT('',(1.725E0,-1.65E0,0.E0));
#4337=VERTEX_POINT('',#4336);
#4338=CARTESIAN_POINT('',(1.525E0,-1.45E0,-2.E-1));
#4339=VERTEX_POINT('',#4338);
#4340=CARTESIAN_POINT('',(-1.725E0,-9.82E-1,0.E0));
#4341=CARTESIAN_POINT('',(-1.525E0,-9.82E-1,-2.E-1));
#4342=VERTEX_POINT('',#4340);
#4343=VERTEX_POINT('',#4341);
#4344=CARTESIAN_POINT('',(-1.525E0,-1.45E0,-2.E-1));
#4345=VERTEX_POINT('',#4344);
#4346=CARTESIAN_POINT('',(-1.725E0,-1.65E0,0.E0));
#4347=VERTEX_POINT('',#4346);
#4348=CARTESIAN_POINT('',(-1.225E0,1.15E0,-1.E0));
#4349=CARTESIAN_POINT('',(-1.525E0,1.15E0,-1.E0));
#4350=VERTEX_POINT('',#4348);
#4351=VERTEX_POINT('',#4349);
#4352=CARTESIAN_POINT('',(-1.225E0,9.5E-1,-1.2E0));
#4353=VERTEX_POINT('',#4352);
#4354=CARTESIAN_POINT('',(-1.525E0,9.5E-1,-1.2E0));
#4355=VERTEX_POINT('',#4354);
#4356=CARTESIAN_POINT('',(-1.525E0,9.5E-1,-1.E0));
#4357=VERTEX_POINT('',#4356);
#4358=CARTESIAN_POINT('',(1.225E0,9.5E-1,-1.2E0));
#4359=CARTESIAN_POINT('',(1.225E0,1.15E0,-1.E0));
#4360=VERTEX_POINT('',#4358);
#4361=VERTEX_POINT('',#4359);
#4362=CARTESIAN_POINT('',(1.525E0,1.15E0,-1.E0));
#4363=VERTEX_POINT('',#4362);
#4364=CARTESIAN_POINT('',(1.525E0,9.5E-1,-1.2E0));
#4365=VERTEX_POINT('',#4364);
#4366=CARTESIAN_POINT('',(1.525E0,9.5E-1,-1.E0));
#4367=VERTEX_POINT('',#4366);
#4368=CARTESIAN_POINT('',(-1.225E0,1.35E0,-1.E0));
#4369=VERTEX_POINT('',#4368);
#4370=CARTESIAN_POINT('',(1.225E0,1.35E0,-1.E0));
#4371=VERTEX_POINT('',#4370);
#4372=CARTESIAN_POINT('',(-3.895E0,6.25E-1,-3.6E0));
#4373=CARTESIAN_POINT('',(-3.895E0,6.25E-1,-7.E-1));
#4374=VERTEX_POINT('',#4372);
#4375=VERTEX_POINT('',#4373);
#4376=CARTESIAN_POINT('',(3.895E0,6.25E-1,-3.6E0));
#4377=CARTESIAN_POINT('',(3.895E0,6.25E-1,-7.E-1));
#4378=VERTEX_POINT('',#4376);
#4379=VERTEX_POINT('',#4377);
#4380=CARTESIAN_POINT('',(-2.125E0,-1.775E0,-4.2E0));
#4381=CARTESIAN_POINT('',(-2.345E0,-1.775E0,-4.2E0));
#4382=VERTEX_POINT('',#4380);
#4383=VERTEX_POINT('',#4381);
#4384=CARTESIAN_POINT('',(-2.125E0,6.25E-1,-4.2E0));
#4385=CARTESIAN_POINT('',(-2.345E0,6.25E-1,-4.2E0));
#4386=VERTEX_POINT('',#4384);
#4387=VERTEX_POINT('',#4385);
#4388=CARTESIAN_POINT('',(2.345E0,-1.775E0,-4.2E0));
#4389=CARTESIAN_POINT('',(2.125E0,-1.775E0,-4.2E0));
#4390=VERTEX_POINT('',#4388);
#4391=VERTEX_POINT('',#4389);
#4392=CARTESIAN_POINT('',(2.345E0,6.25E-1,-4.2E0));
#4393=CARTESIAN_POINT('',(2.125E0,6.25E-1,-4.2E0));
#4394=VERTEX_POINT('',#4392);
#4395=VERTEX_POINT('',#4393);
#4396=CARTESIAN_POINT('',(-3.895E0,-1.075E0,-7.E-1));
#4397=VERTEX_POINT('',#4396);
#4398=CARTESIAN_POINT('',(-2.125E0,6.25E-1,0.E0));
#4399=VERTEX_POINT('',#4398);
#4400=CARTESIAN_POINT('',(2.125E0,6.25E-1,0.E0));
#4401=VERTEX_POINT('',#4400);
#4402=CARTESIAN_POINT('',(-1.5E-1,-1.85E0,0.E0));
#4403=CARTESIAN_POINT('',(-1.5E-1,-1.65E0,0.E0));
#4404=VERTEX_POINT('',#4402);
#4405=VERTEX_POINT('',#4403);
#4406=CARTESIAN_POINT('',(1.5E-1,-1.85E0,0.E0));
#4407=CARTESIAN_POINT('',(1.5E-1,-1.65E0,0.E0));
#4408=VERTEX_POINT('',#4406);
#4409=VERTEX_POINT('',#4407);
#4410=CARTESIAN_POINT('',(-1.5E-1,-1.85E0,-1.4E0));
#4411=VERTEX_POINT('',#4410);
#4412=CARTESIAN_POINT('',(-5.5E-1,-1.85E0,-1.4E0));
#4413=VERTEX_POINT('',#4412);
#4414=CARTESIAN_POINT('',(-5.5E-1,-1.85E0,-3.55E0));
#4415=VERTEX_POINT('',#4414);
#4416=CARTESIAN_POINT('',(5.5E-1,-1.85E0,-3.55E0));
#4417=CARTESIAN_POINT('',(5.5E-1,-1.85E0,-1.4E0));
#4418=VERTEX_POINT('',#4416);
#4419=VERTEX_POINT('',#4417);
#4420=CARTESIAN_POINT('',(1.5E-1,-1.85E0,-1.4E0));
#4421=VERTEX_POINT('',#4420);
#4422=CARTESIAN_POINT('',(-5.5E-1,-1.45E0,-2.9E0));
#4423=CARTESIAN_POINT('',(5.5E-1,-1.45E0,-2.9E0));
#4424=VERTEX_POINT('',#4422);
#4425=VERTEX_POINT('',#4423);
#4426=CARTESIAN_POINT('',(-1.5E-1,-1.45E0,-2.E-1));
#4427=CARTESIAN_POINT('',(-1.5E-1,-1.45E0,-1.4E0));
#4428=VERTEX_POINT('',#4426);
#4429=VERTEX_POINT('',#4427);
#4430=CARTESIAN_POINT('',(-5.5E-1,-1.45E0,-1.4E0));
#4431=VERTEX_POINT('',#4430);
#4432=CARTESIAN_POINT('',(5.5E-1,-1.45E0,-1.4E0));
#4433=VERTEX_POINT('',#4432);
#4434=CARTESIAN_POINT('',(1.5E-1,-1.45E0,-1.4E0));
#4435=VERTEX_POINT('',#4434);
#4436=CARTESIAN_POINT('',(1.5E-1,-1.45E0,-2.E-1));
#4437=VERTEX_POINT('',#4436);
#4438=CARTESIAN_POINT('',(-4.75E-1,-1.09E0,-6.5E-1));
#4439=CARTESIAN_POINT('',(-4.75E-1,-3.5E-1,-6.5E-1));
#4440=VERTEX_POINT('',#4438);
#4441=VERTEX_POINT('',#4439);
#4442=CARTESIAN_POINT('',(-7.75E-1,-1.09E0,-6.5E-1));
#4443=CARTESIAN_POINT('',(-7.75E-1,-3.5E-1,-6.5E-1));
#4444=VERTEX_POINT('',#4442);
#4445=VERTEX_POINT('',#4443);
#4446=CARTESIAN_POINT('',(-4.75E-1,6.5E-1,-4.25E0));
#4447=CARTESIAN_POINT('',(-4.75E-1,-1.45E0,-4.25E0));
#4448=VERTEX_POINT('',#4446);
#4449=VERTEX_POINT('',#4447);
#4450=CARTESIAN_POINT('',(-7.75E-1,6.5E-1,-4.25E0));
#4451=CARTESIAN_POINT('',(-7.75E-1,-1.45E0,-4.25E0));
#4452=VERTEX_POINT('',#4450);
#4453=VERTEX_POINT('',#4451);
#4454=CARTESIAN_POINT('',(-4.75E-1,-1.09E0,-2.9E0));
#4455=CARTESIAN_POINT('',(-4.75E-1,-3.5E-1,-2.9E0));
#4456=VERTEX_POINT('',#4454);
#4457=VERTEX_POINT('',#4455);
#4458=CARTESIAN_POINT('',(-7.75E-1,-1.09E0,-2.9E0));
#4459=CARTESIAN_POINT('',(-7.75E-1,-3.5E-1,-2.9E0));
#4460=VERTEX_POINT('',#4458);
#4461=VERTEX_POINT('',#4459);
#4462=CARTESIAN_POINT('',(-4.75E-1,-1.45E0,-4.05E0));
#4463=VERTEX_POINT('',#4462);
#4464=CARTESIAN_POINT('',(-7.75E-1,-1.45E0,-4.05E0));
#4465=VERTEX_POINT('',#4464);
#4466=CARTESIAN_POINT('',(-5.5E-1,-1.45E0,-4.05E0));
#4467=VERTEX_POINT('',#4466);
#4468=CARTESIAN_POINT('',(-2.125E0,9.5E-1,-1.E0));
#4469=CARTESIAN_POINT('',(-2.125E0,1.35E0,-1.E0));
#4470=VERTEX_POINT('',#4468);
#4471=VERTEX_POINT('',#4469);
#4472=CARTESIAN_POINT('',(2.125E0,9.5E-1,-1.E0));
#4473=CARTESIAN_POINT('',(2.125E0,1.35E0,-1.E0));
#4474=VERTEX_POINT('',#4472);
#4475=VERTEX_POINT('',#4473);
#4476=CARTESIAN_POINT('',(-2.125E0,9.5E-1,0.E0));
#4477=VERTEX_POINT('',#4476);
#4478=CARTESIAN_POINT('',(2.125E0,9.5E-1,0.E0));
#4479=VERTEX_POINT('',#4478);
#4480=CARTESIAN_POINT('',(-2.57E0,4.010506639615E-1,-6.5E-1));
#4481=CARTESIAN_POINT('',(-2.57E0,-1.551050663962E0,-6.5E-1));
#4482=VERTEX_POINT('',#4480);
#4483=VERTEX_POINT('',#4481);
#4484=CARTESIAN_POINT('',(-2.57E0,4.010506639615E-1,-2.2E0));
#4485=VERTEX_POINT('',#4484);
#4486=CARTESIAN_POINT('',(-2.57E0,-1.551050663962E0,-2.2E0));
#4487=VERTEX_POINT('',#4486);
#4488=CARTESIAN_POINT('',(-2.645E0,3.75E-1,-2.6E0));
#4489=CARTESIAN_POINT('',(-2.345E0,3.75E-1,-2.6E0));
#4490=VERTEX_POINT('',#4488);
#4491=VERTEX_POINT('',#4489);
#4492=CARTESIAN_POINT('',(-2.894487179487E0,6.25E-1,-2.6E0));
#4493=VERTEX_POINT('',#4492);
#4494=CARTESIAN_POINT('',(-2.345E0,6.25E-1,-2.6E0));
#4495=VERTEX_POINT('',#4494);
#4496=CARTESIAN_POINT('',(-2.645E0,3.75E-1,-9.494871794872E-1));
#4497=VERTEX_POINT('',#4496);
#4498=CARTESIAN_POINT('',(-2.57E0,3.75E-1,-2.2E0));
#4499=CARTESIAN_POINT('',(-2.345E0,3.75E-1,-2.2E0));
#4500=VERTEX_POINT('',#4498);
#4501=VERTEX_POINT('',#4499);
#4502=CARTESIAN_POINT('',(2.708145372472E0,-1.774631840049E0,-6.5E-1));
#4503=CARTESIAN_POINT('',(2.694497768925E0,-2.035043628782E0,-6.5E-1));
#4504=VERTEX_POINT('',#4502);
#4505=VERTEX_POINT('',#4503);
#4506=CARTESIAN_POINT('',(2.806916009863E0,-1.800708052315E0,
-5.500078916937E-1));
#4507=CARTESIAN_POINT('',(2.793832020936E0,-2.050365433594E0,
-5.500078574395E-1));
#4508=VERTEX_POINT('',#4506);
#4509=VERTEX_POINT('',#4507);
#4510=CARTESIAN_POINT('',(2.694497768925E0,-2.035043628782E0,-2.2E0));
#4511=CARTESIAN_POINT('',(2.708145372472E0,-1.774631840049E0,-2.2E0));
#4512=VERTEX_POINT('',#4510);
#4513=VERTEX_POINT('',#4511);
#4514=CARTESIAN_POINT('',(2.793832020927E0,-2.050365433605E0,
-2.299992103574E0));
#4515=CARTESIAN_POINT('',(2.806916009871E0,-1.800708052296E0,
-2.299992141284E0));
#4516=VERTEX_POINT('',#4514);
#4517=VERTEX_POINT('',#4515);
#4518=CARTESIAN_POINT('',(2.694497768925E0,8.850436287816E-1,-6.5E-1));
#4519=CARTESIAN_POINT('',(2.708145372472E0,6.246318400488E-1,-6.5E-1));
#4520=VERTEX_POINT('',#4518);
#4521=VERTEX_POINT('',#4519);
#4522=CARTESIAN_POINT('',(2.793832020928E0,9.003654336042E-1,
-5.500078933645E-1));
#4523=CARTESIAN_POINT('',(2.806916009871E0,6.507080522972E-1,
-5.500078613043E-1));
#4524=VERTEX_POINT('',#4522);
#4525=VERTEX_POINT('',#4523);
#4526=CARTESIAN_POINT('',(2.708145372472E0,6.246318400488E-1,-2.2E0));
#4527=CARTESIAN_POINT('',(2.694497768925E0,8.850436287816E-1,-2.2E0));
#4528=VERTEX_POINT('',#4526);
#4529=VERTEX_POINT('',#4527);
#4530=CARTESIAN_POINT('',(2.806916009863E0,6.507080523152E-1,
-2.299992108040E0));
#4531=CARTESIAN_POINT('',(2.793832020936E0,9.003654335940E-1,
-2.299992142876E0));
#4532=VERTEX_POINT('',#4530);
#4533=VERTEX_POINT('',#4531);
#4534=CARTESIAN_POINT('',(-2.708145372472E0,6.246318400488E-1,-6.5E-1));
#4535=CARTESIAN_POINT('',(-2.694497768925E0,8.850436287816E-1,-6.5E-1));
#4536=VERTEX_POINT('',#4534);
#4537=VERTEX_POINT('',#4535);
#4538=CARTESIAN_POINT('',(-2.806916009863E0,6.507080523165E-1,
-5.500078942560E-1));
#4539=CARTESIAN_POINT('',(-2.793832020937E0,9.003654335932E-1,
-5.500078544064E-1));
#4540=VERTEX_POINT('',#4538);
#4541=VERTEX_POINT('',#4539);
#4542=CARTESIAN_POINT('',(-2.694497768925E0,8.850436287816E-1,-2.2E0));
#4543=CARTESIAN_POINT('',(-2.708145372472E0,6.246318400488E-1,-2.2E0));
#4544=VERTEX_POINT('',#4542);
#4545=VERTEX_POINT('',#4543);
#4546=CARTESIAN_POINT('',(-2.793832020927E0,9.003654336051E-1,
-2.299992103469E0));
#4547=CARTESIAN_POINT('',(-2.806916009871E0,6.507080522956E-1,
-2.299992141375E0));
#4548=VERTEX_POINT('',#4546);
#4549=VERTEX_POINT('',#4547);
#4550=CARTESIAN_POINT('',(-2.694497768925E0,-2.035043628782E0,-6.5E-1));
#4551=CARTESIAN_POINT('',(-2.708145372472E0,-1.774631840049E0,-6.5E-1));
#4552=VERTEX_POINT('',#4550);
#4553=VERTEX_POINT('',#4551);
#4554=CARTESIAN_POINT('',(-2.793832019893E0,-2.050365434656E0,
-5.500116473196E-1));
#4555=CARTESIAN_POINT('',(-2.806916009851E0,-1.800708052534E0,
-5.500082569778E-1));
#4556=VERTEX_POINT('',#4554);
#4557=VERTEX_POINT('',#4555);
#4558=CARTESIAN_POINT('',(-2.708145372472E0,-1.774631840049E0,-2.2E0));
#4559=CARTESIAN_POINT('',(-2.694497768925E0,-2.035043628782E0,-2.2E0));
#4560=VERTEX_POINT('',#4558);
#4561=VERTEX_POINT('',#4559);
#4562=CARTESIAN_POINT('',(-2.806916009851E0,-1.800708052541E0,
-2.299991730714E0));
#4563=CARTESIAN_POINT('',(-2.793832019893E0,-2.050365434656E0,
-2.299988352940E0));
#4564=VERTEX_POINT('',#4562);
#4565=VERTEX_POINT('',#4563);
#4566=CARTESIAN_POINT('',(-2.345E0,5.571756139215E-1,-2.2E0));
#4567=VERTEX_POINT('',#4566);
#4568=CARTESIAN_POINT('',(-2.345E0,-1.707175613921E0,-2.2E0));
#4569=VERTEX_POINT('',#4568);
#4570=CARTESIAN_POINT('',(2.906778964415E0,-1.805941643274E0,-4.E-1));
#4571=CARTESIAN_POINT('',(2.893694975354E0,-2.055599026963E0,-4.E-1));
#4572=VERTEX_POINT('',#4570);
#4573=VERTEX_POINT('',#4571);
#4574=CARTESIAN_POINT('',(2.893694975354E0,-2.055599026963E0,-2.6E0));
#4575=CARTESIAN_POINT('',(2.906778964415E0,-1.805941643274E0,-2.6E0));
#4576=VERTEX_POINT('',#4574);
#4577=VERTEX_POINT('',#4575);
#4578=CARTESIAN_POINT('',(2.893694975354E0,9.055990269631E-1,-4.E-1));
#4579=CARTESIAN_POINT('',(2.906778964415E0,6.559416432745E-1,-4.E-1));
#4580=VERTEX_POINT('',#4578);
#4581=VERTEX_POINT('',#4579);
#4582=CARTESIAN_POINT('',(2.906778964415E0,6.559416432745E-1,-2.6E0));
#4583=CARTESIAN_POINT('',(2.893694975354E0,9.055990269631E-1,-2.6E0));
#4584=VERTEX_POINT('',#4582);
#4585=VERTEX_POINT('',#4583);
#4586=CARTESIAN_POINT('',(-2.893694975354E0,9.055990269631E-1,-4.E-1));
#4587=CARTESIAN_POINT('',(-2.793832021879E0,9.003654313388E-1,-5.E-1));
#4588=VERTEX_POINT('',#4586);
#4589=VERTEX_POINT('',#4587);
#4590=CARTESIAN_POINT('',(-2.806916010939E0,6.507080476502E-1,-5.E-1));
#4591=CARTESIAN_POINT('',(-2.906778964415E0,6.559416432745E-1,-4.E-1));
#4592=VERTEX_POINT('',#4590);
#4593=VERTEX_POINT('',#4591);
#4594=CARTESIAN_POINT('',(-3.554274093049E0,6.898754250628E-1,-4.E-1));
#4595=CARTESIAN_POINT('',(-3.754E0,7.003426163114E-1,-6.E-1));
#4596=VERTEX_POINT('',#4594);
#4597=VERTEX_POINT('',#4595);
#4598=CARTESIAN_POINT('',(-3.740916010939E0,9.5E-1,-6.E-1));
#4599=VERTEX_POINT('',#4598);
#4600=CARTESIAN_POINT('',(-3.541190103988E0,9.395328087514E-1,-4.E-1));
#4601=VERTEX_POINT('',#4600);
#4602=CARTESIAN_POINT('',(-3.541190103988E0,9.395328087514E-1,-2.6E0));
#4603=CARTESIAN_POINT('',(-3.740916010939E0,9.5E-1,-2.4E0));
#4604=VERTEX_POINT('',#4602);
#4605=VERTEX_POINT('',#4603);
#4606=CARTESIAN_POINT('',(-3.754E0,7.003426163114E-1,-2.4E0));
#4607=VERTEX_POINT('',#4606);
#4608=CARTESIAN_POINT('',(-3.554274093049E0,6.898754250628E-1,-2.6E0));
#4609=VERTEX_POINT('',#4608);
#4610=CARTESIAN_POINT('',(-2.906778964415E0,6.559416432745E-1,-2.6E0));
#4611=CARTESIAN_POINT('',(-2.806916010939E0,6.507080476502E-1,-2.5E0));
#4612=VERTEX_POINT('',#4610);
#4613=VERTEX_POINT('',#4611);
#4614=CARTESIAN_POINT('',(-2.793832021879E0,9.003654313388E-1,-2.5E0));
#4615=CARTESIAN_POINT('',(-2.893694975354E0,9.055990269631E-1,-2.6E0));
#4616=VERTEX_POINT('',#4614);
#4617=VERTEX_POINT('',#4615);
#4618=CARTESIAN_POINT('',(-3.541190103988E0,-2.089532808751E0,-4.E-1));
#4619=CARTESIAN_POINT('',(-3.740916010939E0,-2.1E0,-6.E-1));
#4620=VERTEX_POINT('',#4618);
#4621=VERTEX_POINT('',#4619);
#4622=CARTESIAN_POINT('',(-3.754E0,-1.850342616311E0,-6.E-1));
#4623=VERTEX_POINT('',#4622);
#4624=CARTESIAN_POINT('',(-3.554274093049E0,-1.839875425063E0,-4.E-1));
#4625=VERTEX_POINT('',#4624);
#4626=CARTESIAN_POINT('',(-3.554274093049E0,-1.839875425063E0,-2.6E0));
#4627=CARTESIAN_POINT('',(-3.754E0,-1.850342616311E0,-2.4E0));
#4628=VERTEX_POINT('',#4626);
#4629=VERTEX_POINT('',#4627);
#4630=CARTESIAN_POINT('',(-3.740916010939E0,-2.1E0,-2.4E0));
#4631=VERTEX_POINT('',#4630);
#4632=CARTESIAN_POINT('',(-3.541190103988E0,-2.089532808751E0,-2.6E0));
#4633=VERTEX_POINT('',#4632);
#4634=CARTESIAN_POINT('',(-2.906778964415E0,-1.805941643274E0,-4.E-1));
#4635=CARTESIAN_POINT('',(-2.806916010939E0,-1.800708047650E0,-5.E-1));
#4636=VERTEX_POINT('',#4634);
#4637=VERTEX_POINT('',#4635);
#4638=CARTESIAN_POINT('',(-2.793832021879E0,-2.050365431339E0,-5.E-1));
#4639=CARTESIAN_POINT('',(-2.893694975354E0,-2.055599026963E0,-4.E-1));
#4640=VERTEX_POINT('',#4638);
#4641=VERTEX_POINT('',#4639);
#4642=CARTESIAN_POINT('',(-2.893694975354E0,-2.055599026963E0,-2.6E0));
#4643=CARTESIAN_POINT('',(-2.793832021879E0,-2.050365431339E0,-2.5E0));
#4644=VERTEX_POINT('',#4642);
#4645=VERTEX_POINT('',#4643);
#4646=CARTESIAN_POINT('',(-2.806916010939E0,-1.800708047650E0,-2.5E0));
#4647=CARTESIAN_POINT('',(-2.906778964415E0,-1.805941643274E0,-2.6E0));
#4648=VERTEX_POINT('',#4646);
#4649=VERTEX_POINT('',#4647);
#4650=CARTESIAN_POINT('',(3.541190103988E0,9.395328087514E-1,-2.6E0));
#4651=VERTEX_POINT('',#4650);
#4652=CARTESIAN_POINT('',(3.554274093049E0,6.898754250628E-1,-2.6E0));
#4653=VERTEX_POINT('',#4652);
#4654=CARTESIAN_POINT('',(3.554274093049E0,-1.839875425063E0,-2.6E0));
#4655=VERTEX_POINT('',#4654);
#4656=CARTESIAN_POINT('',(3.541190103988E0,-2.089532808751E0,-2.6E0));
#4657=VERTEX_POINT('',#4656);
#4658=CARTESIAN_POINT('',(3.541190103988E0,9.395328087514E-1,-4.E-1));
#4659=VERTEX_POINT('',#4658);
#4660=CARTESIAN_POINT('',(3.554274093049E0,6.898754250628E-1,-4.E-1));
#4661=VERTEX_POINT('',#4660);
#4662=CARTESIAN_POINT('',(3.554274093049E0,-1.839875425063E0,-4.E-1));
#4663=VERTEX_POINT('',#4662);
#4664=CARTESIAN_POINT('',(3.541190103988E0,-2.089532808751E0,-4.E-1));
#4665=VERTEX_POINT('',#4664);
#4666=CARTESIAN_POINT('',(-2.945E0,-1.775E0,-3.6E0));
#4667=VERTEX_POINT('',#4666);
#4668=CARTESIAN_POINT('',(-2.945E0,6.25E-1,-3.6E0));
#4669=VERTEX_POINT('',#4668);
#4670=CARTESIAN_POINT('',(-3.195E0,-1.775E0,-3.6E0));
#4671=VERTEX_POINT('',#4670);
#4672=CARTESIAN_POINT('',(3.195E0,-1.775E0,-3.6E0));
#4673=CARTESIAN_POINT('',(2.945E0,-1.775E0,-3.6E0));
#4674=VERTEX_POINT('',#4672);
#4675=VERTEX_POINT('',#4673);
#4676=CARTESIAN_POINT('',(2.945E0,6.25E-1,-3.6E0));
#4677=VERTEX_POINT('',#4676);
#4678=CARTESIAN_POINT('',(-3.895E0,-1.075E0,-3.6E0));
#4679=VERTEX_POINT('',#4678);
#4680=CARTESIAN_POINT('',(3.895E0,-1.075E0,-3.6E0));
#4681=VERTEX_POINT('',#4680);
#4682=CARTESIAN_POINT('',(-2.32E0,6.25E-1,-6.7E-1));
#4683=CARTESIAN_POINT('',(-2.32E0,6.25E-1,-6.2E-1));
#4684=VERTEX_POINT('',#4682);
#4685=VERTEX_POINT('',#4683);
#4686=CARTESIAN_POINT('',(-2.32E0,-1.775E0,-6.2E-1));
#4687=VERTEX_POINT('',#4686);
#4688=CARTESIAN_POINT('',(-2.125E0,-1.775E0,0.E0));
#4689=VERTEX_POINT('',#4688);
#4690=CARTESIAN_POINT('',(3.895E0,-1.075E0,-7.E-1));
#4691=VERTEX_POINT('',#4690);
#4692=CARTESIAN_POINT('',(-3.195E0,-1.775E0,-7.E-1));
#4693=VERTEX_POINT('',#4692);
#4694=CARTESIAN_POINT('',(3.195E0,-1.775E0,-7.E-1));
#4695=VERTEX_POINT('',#4694);
#4696=CARTESIAN_POINT('',(-2.125E0,-1.85E0,0.E0));
#4697=VERTEX_POINT('',#4696);
#4698=CARTESIAN_POINT('',(2.125E0,-1.85E0,0.E0));
#4699=VERTEX_POINT('',#4698);
#4700=CARTESIAN_POINT('',(-4.75E-1,6.5E-1,-4.55E0));
#4701=CARTESIAN_POINT('',(-4.75E-1,5.E-1,-4.7E0));
#4702=VERTEX_POINT('',#4700);
#4703=VERTEX_POINT('',#4701);
#4704=CARTESIAN_POINT('',(-4.75E-1,3.E-1,-4.5E0));
#4705=VERTEX_POINT('',#4704);
#4706=CARTESIAN_POINT('',(-4.75E-1,-3.75E-1,-4.5E0));
#4707=VERTEX_POINT('',#4706);
#4708=CARTESIAN_POINT('',(-4.75E-1,-4.75E-1,-4.6E0));
#4709=VERTEX_POINT('',#4708);
#4710=CARTESIAN_POINT('',(-4.75E-1,-9.75E-1,-4.6E0));
#4711=VERTEX_POINT('',#4710);
#4712=CARTESIAN_POINT('',(-4.75E-1,-1.075E0,-4.5E0));
#4713=VERTEX_POINT('',#4712);
#4714=CARTESIAN_POINT('',(-4.75E-1,-1.75E0,-4.5E0));
#4715=VERTEX_POINT('',#4714);
#4716=CARTESIAN_POINT('',(-4.75E-1,-1.95E0,-4.7E0));
#4717=VERTEX_POINT('',#4716);
#4718=CARTESIAN_POINT('',(-4.75E-1,-2.1E0,-4.55E0));
#4719=VERTEX_POINT('',#4718);
#4720=CARTESIAN_POINT('',(-4.75E-1,-2.1E0,-4.2E0));
#4721=VERTEX_POINT('',#4720);
#4722=CARTESIAN_POINT('',(-4.75E-1,-1.95E0,-4.05E0));
#4723=VERTEX_POINT('',#4722);
#4724=CARTESIAN_POINT('',(-7.75E-1,6.5E-1,-4.55E0));
#4725=CARTESIAN_POINT('',(-7.75E-1,5.E-1,-4.7E0));
#4726=VERTEX_POINT('',#4724);
#4727=VERTEX_POINT('',#4725);
#4728=CARTESIAN_POINT('',(-7.75E-1,3.E-1,-4.5E0));
#4729=VERTEX_POINT('',#4728);
#4730=CARTESIAN_POINT('',(-7.75E-1,-3.75E-1,-4.5E0));
#4731=VERTEX_POINT('',#4730);
#4732=CARTESIAN_POINT('',(-7.75E-1,-4.75E-1,-4.6E0));
#4733=VERTEX_POINT('',#4732);
#4734=CARTESIAN_POINT('',(-7.75E-1,-9.75E-1,-4.6E0));
#4735=VERTEX_POINT('',#4734);
#4736=CARTESIAN_POINT('',(-7.75E-1,-1.075E0,-4.5E0));
#4737=VERTEX_POINT('',#4736);
#4738=CARTESIAN_POINT('',(-7.75E-1,-1.75E0,-4.5E0));
#4739=VERTEX_POINT('',#4738);
#4740=CARTESIAN_POINT('',(-7.75E-1,-1.95E0,-4.7E0));
#4741=VERTEX_POINT('',#4740);
#4742=CARTESIAN_POINT('',(-7.75E-1,-2.1E0,-4.55E0));
#4743=VERTEX_POINT('',#4742);
#4744=CARTESIAN_POINT('',(-7.75E-1,-2.1E0,-4.2E0));
#4745=VERTEX_POINT('',#4744);
#4746=CARTESIAN_POINT('',(-7.75E-1,-1.95E0,-4.05E0));
#4747=VERTEX_POINT('',#4746);
#4748=CARTESIAN_POINT('',(2.125E0,-1.775E0,0.E0));
#4749=VERTEX_POINT('',#4748);
#4750=CARTESIAN_POINT('',(-2.345E0,-1.525E0,-2.6E0));
#4751=CARTESIAN_POINT('',(-2.645E0,-1.525E0,-2.6E0));
#4752=VERTEX_POINT('',#4750);
#4753=VERTEX_POINT('',#4751);
#4754=CARTESIAN_POINT('',(2.345E0,3.75E-1,-2.6E0));
#4755=CARTESIAN_POINT('',(2.645E0,3.75E-1,-2.6E0));
#4756=VERTEX_POINT('',#4754);
#4757=VERTEX_POINT('',#4755);
#4758=CARTESIAN_POINT('',(2.645E0,-1.525E0,-2.6E0));
#4759=CARTESIAN_POINT('',(2.345E0,-1.525E0,-2.6E0));
#4760=VERTEX_POINT('',#4758);
#4761=VERTEX_POINT('',#4759);
#4762=CARTESIAN_POINT('',(-2.345E0,-1.775E0,-2.6E0));
#4763=CARTESIAN_POINT('',(-2.894487179487E0,-1.775E0,-2.6E0));
#4764=VERTEX_POINT('',#4762);
#4765=VERTEX_POINT('',#4763);
#4766=CARTESIAN_POINT('',(-2.894487179487E0,-1.775E0,-7.E-1));
#4767=VERTEX_POINT('',#4766);
#4768=CARTESIAN_POINT('',(-2.894487179487E0,6.25E-1,-7.E-1));
#4769=VERTEX_POINT('',#4768);
#4770=CARTESIAN_POINT('',(2.345E0,-1.775E0,-2.6E0));
#4771=CARTESIAN_POINT('',(2.894487179487E0,-1.775E0,-2.6E0));
#4772=VERTEX_POINT('',#4770);
#4773=VERTEX_POINT('',#4771);
#4774=CARTESIAN_POINT('',(2.894487179487E0,-1.775E0,-7.E-1));
#4775=VERTEX_POINT('',#4774);
#4776=CARTESIAN_POINT('',(2.345E0,6.25E-1,-2.6E0));
#4777=CARTESIAN_POINT('',(2.894487179487E0,6.25E-1,-2.6E0));
#4778=VERTEX_POINT('',#4776);
#4779=VERTEX_POINT('',#4777);
#4780=CARTESIAN_POINT('',(2.894487179487E0,6.25E-1,-7.E-1));
#4781=VERTEX_POINT('',#4780);
#4782=CARTESIAN_POINT('',(-2.645E0,-1.525E0,-9.494871794872E-1));
#4783=VERTEX_POINT('',#4782);
#4784=CARTESIAN_POINT('',(2.645E0,3.75E-1,-9.494871794872E-1));
#4785=VERTEX_POINT('',#4784);
#4786=CARTESIAN_POINT('',(2.645E0,-1.525E0,-9.494871794872E-1));
#4787=VERTEX_POINT('',#4786);
#4788=CARTESIAN_POINT('',(-2.32E0,-1.775E0,-6.7E-1));
#4789=VERTEX_POINT('',#4788);
#4790=CARTESIAN_POINT('',(-2.57E0,-1.525E0,-2.2E0));
#4791=CARTESIAN_POINT('',(-2.57E0,-1.525E0,-9.494871794872E-1));
#4792=VERTEX_POINT('',#4790);
#4793=VERTEX_POINT('',#4791);
#4794=CARTESIAN_POINT('',(-2.345E0,-1.775E0,-6.994871794872E-1));
#4795=CARTESIAN_POINT('',(-2.335725806452E0,-1.775E0,-6.7E-1));
#4796=VERTEX_POINT('',#4794);
#4797=VERTEX_POINT('',#4795);
#4798=CARTESIAN_POINT('',(-2.345E0,6.25E-1,-6.994871794872E-1));
#4799=CARTESIAN_POINT('',(-2.335725806452E0,6.25E-1,-6.7E-1));
#4800=VERTEX_POINT('',#4798);
#4801=VERTEX_POINT('',#4799);
#4802=CARTESIAN_POINT('',(2.32E0,-1.775E0,-6.2E-1));
#4803=VERTEX_POINT('',#4802);
#4804=CARTESIAN_POINT('',(2.32E0,6.25E-1,-6.2E-1));
#4805=VERTEX_POINT('',#4804);
#4806=CARTESIAN_POINT('',(2.32E0,-1.775E0,-6.7E-1));
#4807=VERTEX_POINT('',#4806);
#4808=CARTESIAN_POINT('',(2.32E0,6.25E-1,-6.7E-1));
#4809=VERTEX_POINT('',#4808);
#4810=CARTESIAN_POINT('',(2.335725806452E0,-1.775E0,-6.7E-1));
#4811=VERTEX_POINT('',#4810);
#4812=CARTESIAN_POINT('',(2.335725806452E0,6.25E-1,-6.7E-1));
#4813=VERTEX_POINT('',#4812);
#4814=CARTESIAN_POINT('',(2.345E0,-1.775E0,-6.994871794872E-1));
#4815=VERTEX_POINT('',#4814);
#4816=CARTESIAN_POINT('',(2.345E0,6.25E-1,-6.994871794872E-1));
#4817=VERTEX_POINT('',#4816);
#4818=CARTESIAN_POINT('',(2.57E0,-1.551050663962E0,-6.5E-1));
#4819=CARTESIAN_POINT('',(2.57E0,4.010506639615E-1,-6.5E-1));
#4820=VERTEX_POINT('',#4818);
#4821=VERTEX_POINT('',#4819);
#4822=CARTESIAN_POINT('',(2.57E0,-1.551050663962E0,-2.2E0));
#4823=VERTEX_POINT('',#4822);
#4824=CARTESIAN_POINT('',(2.57E0,4.010506639615E-1,-2.2E0));
#4825=VERTEX_POINT('',#4824);
#4826=CARTESIAN_POINT('',(-2.57E0,3.75E-1,-9.494871794872E-1));
#4827=VERTEX_POINT('',#4826);
#4828=CARTESIAN_POINT('',(-2.345E0,-1.525E0,-2.2E0));
#4829=VERTEX_POINT('',#4828);
#4830=CARTESIAN_POINT('',(2.345E0,3.75E-1,-2.2E0));
#4831=CARTESIAN_POINT('',(2.57E0,3.75E-1,-2.2E0));
#4832=VERTEX_POINT('',#4830);
#4833=VERTEX_POINT('',#4831);
#4834=CARTESIAN_POINT('',(2.57E0,3.75E-1,-9.494871794872E-1));
#4835=VERTEX_POINT('',#4834);
#4836=CARTESIAN_POINT('',(2.57E0,-1.525E0,-2.2E0));
#4837=CARTESIAN_POINT('',(2.345E0,-1.525E0,-2.2E0));
#4838=VERTEX_POINT('',#4836);
#4839=VERTEX_POINT('',#4837);
#4840=CARTESIAN_POINT('',(2.57E0,-1.525E0,-9.494871794872E-1));
#4841=VERTEX_POINT('',#4840);
#4842=CARTESIAN_POINT('',(3.754E0,-1.850342616311E0,-6.E-1));
#4843=VERTEX_POINT('',#4842);
#4844=CARTESIAN_POINT('',(3.740916010939E0,-2.1E0,-6.E-1));
#4845=VERTEX_POINT('',#4844);
#4846=CARTESIAN_POINT('',(2.793832021879E0,-2.050365431339E0,-5.E-1));
#4847=VERTEX_POINT('',#4846);
#4848=CARTESIAN_POINT('',(2.806916010939E0,-1.800708047650E0,-5.E-1));
#4849=VERTEX_POINT('',#4848);
#4850=CARTESIAN_POINT('',(3.740916010939E0,-2.1E0,-2.4E0));
#4851=VERTEX_POINT('',#4850);
#4852=CARTESIAN_POINT('',(3.754E0,-1.850342616311E0,-2.4E0));
#4853=VERTEX_POINT('',#4852);
#4854=CARTESIAN_POINT('',(2.806916010939E0,-1.800708047650E0,-2.5E0));
#4855=VERTEX_POINT('',#4854);
#4856=CARTESIAN_POINT('',(2.793832021879E0,-2.050365431339E0,-2.5E0));
#4857=VERTEX_POINT('',#4856);
#4858=CARTESIAN_POINT('',(2.806916010939E0,6.507080476502E-1,-5.E-1));
#4859=VERTEX_POINT('',#4858);
#4860=CARTESIAN_POINT('',(2.793832021879E0,9.003654313388E-1,-5.E-1));
#4861=VERTEX_POINT('',#4860);
#4862=CARTESIAN_POINT('',(3.740916010939E0,9.5E-1,-6.E-1));
#4863=VERTEX_POINT('',#4862);
#4864=CARTESIAN_POINT('',(3.754E0,7.003426163114E-1,-6.E-1));
#4865=VERTEX_POINT('',#4864);
#4866=CARTESIAN_POINT('',(2.793832021879E0,9.003654313388E-1,-2.5E0));
#4867=VERTEX_POINT('',#4866);
#4868=CARTESIAN_POINT('',(2.806916010939E0,6.507080476502E-1,-2.5E0));
#4869=VERTEX_POINT('',#4868);
#4870=CARTESIAN_POINT('',(3.754E0,7.003426163114E-1,-2.4E0));
#4871=VERTEX_POINT('',#4870);
#4872=CARTESIAN_POINT('',(3.740916010939E0,9.5E-1,-2.4E0));
#4873=VERTEX_POINT('',#4872);
#4874=CARTESIAN_POINT('',(-2.345E0,5.571756139215E-1,-6.994871794872E-1));
#4875=VERTEX_POINT('',#4874);
#4876=CARTESIAN_POINT('',(-2.345E0,-1.707175613921E0,-6.994871794872E-1));
#4877=VERTEX_POINT('',#4876);
#4878=CARTESIAN_POINT('',(2.345E0,5.571756139215E-1,-2.2E0));
#4879=VERTEX_POINT('',#4878);
#4880=CARTESIAN_POINT('',(2.345E0,-1.707175613921E0,-2.2E0));
#4881=VERTEX_POINT('',#4880);
#4882=CARTESIAN_POINT('',(2.345E0,-1.707175613921E0,-6.994871794872E-1));
#4883=VERTEX_POINT('',#4882);
#4884=CARTESIAN_POINT('',(2.345E0,5.571756139215E-1,-6.994871794872E-1));
#4885=VERTEX_POINT('',#4884);
#4886=CARTESIAN_POINT('',(-2.32E0,4.010506639615E-1,-6.5E-1));
#4887=VERTEX_POINT('',#4886);
#4888=CARTESIAN_POINT('',(-2.32E0,-1.551050663962E0,-6.5E-1));
#4889=VERTEX_POINT('',#4888);
#4890=CARTESIAN_POINT('',(2.32E0,-1.551050663962E0,-6.5E-1));
#4891=VERTEX_POINT('',#4890);
#4892=CARTESIAN_POINT('',(2.32E0,4.010506639615E-1,-6.5E-1));
#4893=VERTEX_POINT('',#4892);
#4894=CARTESIAN_POINT('',(7.75E-1,-1.09E0,-6.5E-1));
#4895=CARTESIAN_POINT('',(7.75E-1,-3.5E-1,-6.5E-1));
#4896=VERTEX_POINT('',#4894);
#4897=VERTEX_POINT('',#4895);
#4898=CARTESIAN_POINT('',(7.75E-1,6.5E-1,-4.55E0));
#4899=CARTESIAN_POINT('',(7.75E-1,5.E-1,-4.7E0));
#4900=VERTEX_POINT('',#4898);
#4901=VERTEX_POINT('',#4899);
#4902=CARTESIAN_POINT('',(7.75E-1,3.E-1,-4.5E0));
#4903=VERTEX_POINT('',#4902);
#4904=CARTESIAN_POINT('',(7.75E-1,-3.75E-1,-4.5E0));
#4905=VERTEX_POINT('',#4904);
#4906=CARTESIAN_POINT('',(7.75E-1,-4.75E-1,-4.6E0));
#4907=VERTEX_POINT('',#4906);
#4908=CARTESIAN_POINT('',(7.75E-1,-9.75E-1,-4.6E0));
#4909=VERTEX_POINT('',#4908);
#4910=CARTESIAN_POINT('',(7.75E-1,-1.075E0,-4.5E0));
#4911=VERTEX_POINT('',#4910);
#4912=CARTESIAN_POINT('',(7.75E-1,-1.75E0,-4.5E0));
#4913=VERTEX_POINT('',#4912);
#4914=CARTESIAN_POINT('',(7.75E-1,-1.95E0,-4.7E0));
#4915=VERTEX_POINT('',#4914);
#4916=CARTESIAN_POINT('',(7.75E-1,-2.1E0,-4.55E0));
#4917=VERTEX_POINT('',#4916);
#4918=CARTESIAN_POINT('',(7.75E-1,-2.1E0,-4.2E0));
#4919=VERTEX_POINT('',#4918);
#4920=CARTESIAN_POINT('',(7.75E-1,-1.95E0,-4.05E0));
#4921=VERTEX_POINT('',#4920);
#4922=CARTESIAN_POINT('',(4.75E-1,-1.09E0,-6.5E-1));
#4923=CARTESIAN_POINT('',(4.75E-1,-3.5E-1,-6.5E-1));
#4924=VERTEX_POINT('',#4922);
#4925=VERTEX_POINT('',#4923);
#4926=CARTESIAN_POINT('',(4.75E-1,6.5E-1,-4.55E0));
#4927=CARTESIAN_POINT('',(4.75E-1,5.E-1,-4.7E0));
#4928=VERTEX_POINT('',#4926);
#4929=VERTEX_POINT('',#4927);
#4930=CARTESIAN_POINT('',(4.75E-1,3.E-1,-4.5E0));
#4931=VERTEX_POINT('',#4930);
#4932=CARTESIAN_POINT('',(4.75E-1,-3.75E-1,-4.5E0));
#4933=VERTEX_POINT('',#4932);
#4934=CARTESIAN_POINT('',(4.75E-1,-4.75E-1,-4.6E0));
#4935=VERTEX_POINT('',#4934);
#4936=CARTESIAN_POINT('',(4.75E-1,-9.75E-1,-4.6E0));
#4937=VERTEX_POINT('',#4936);
#4938=CARTESIAN_POINT('',(4.75E-1,-1.075E0,-4.5E0));
#4939=VERTEX_POINT('',#4938);
#4940=CARTESIAN_POINT('',(4.75E-1,-1.75E0,-4.5E0));
#4941=VERTEX_POINT('',#4940);
#4942=CARTESIAN_POINT('',(4.75E-1,-1.95E0,-4.7E0));
#4943=VERTEX_POINT('',#4942);
#4944=CARTESIAN_POINT('',(4.75E-1,-2.1E0,-4.55E0));
#4945=VERTEX_POINT('',#4944);
#4946=CARTESIAN_POINT('',(4.75E-1,-2.1E0,-4.2E0));
#4947=VERTEX_POINT('',#4946);
#4948=CARTESIAN_POINT('',(4.75E-1,-1.95E0,-4.05E0));
#4949=VERTEX_POINT('',#4948);
#4950=CARTESIAN_POINT('',(7.75E-1,-1.45E0,-4.25E0));
#4951=CARTESIAN_POINT('',(7.75E-1,6.5E-1,-4.25E0));
#4952=VERTEX_POINT('',#4950);
#4953=VERTEX_POINT('',#4951);
#4954=CARTESIAN_POINT('',(4.75E-1,-1.45E0,-4.25E0));
#4955=CARTESIAN_POINT('',(4.75E-1,6.5E-1,-4.25E0));
#4956=VERTEX_POINT('',#4954);
#4957=VERTEX_POINT('',#4955);
#4958=CARTESIAN_POINT('',(7.75E-1,-1.09E0,-2.9E0));
#4959=CARTESIAN_POINT('',(7.75E-1,-3.5E-1,-2.9E0));
#4960=VERTEX_POINT('',#4958);
#4961=VERTEX_POINT('',#4959);
#4962=CARTESIAN_POINT('',(4.75E-1,-1.09E0,-2.9E0));
#4963=CARTESIAN_POINT('',(4.75E-1,-3.5E-1,-2.9E0));
#4964=VERTEX_POINT('',#4962);
#4965=VERTEX_POINT('',#4963);
#4966=CARTESIAN_POINT('',(7.75E-1,-1.45E0,-4.05E0));
#4967=VERTEX_POINT('',#4966);
#4968=CARTESIAN_POINT('',(4.75E-1,-1.45E0,-4.05E0));
#4969=VERTEX_POINT('',#4968);
#4970=CARTESIAN_POINT('',(5.5E-1,-1.45E0,-4.05E0));
#4971=VERTEX_POINT('',#4970);
#4972=CARTESIAN_POINT('',(-2.32E0,4.010506639615E-1,-6.7E-1));
#4973=VERTEX_POINT('',#4972);
#4974=CARTESIAN_POINT('',(-2.32E0,-1.551050663962E0,-6.7E-1));
#4975=VERTEX_POINT('',#4974);
#4976=VERTEX_POINT('',#3963);
#4977=VERTEX_POINT('',#3988);
#4978=CARTESIAN_POINT('',(2.32E0,-1.551050663962E0,-6.7E-1));
#4979=VERTEX_POINT('',#4978);
#4980=CARTESIAN_POINT('',(2.32E0,4.010506639615E-1,-6.7E-1));
#4981=VERTEX_POINT('',#4980);
#4982=CARTESIAN_POINT('',(2.335725806452E0,-1.675463305856E0,-6.7E-1));
#4983=VERTEX_POINT('',#4982);
#4984=CARTESIAN_POINT('',(2.335725806452E0,5.254633058556E-1,-6.7E-1));
#4985=VERTEX_POINT('',#4984);
#4986=CARTESIAN_POINT('',(-1.225E0,1.35E0,-1.5E0));
#4987=CARTESIAN_POINT('',(-1.225E0,9.5E-1,-1.5E0));
#4988=VERTEX_POINT('',#4986);
#4989=VERTEX_POINT('',#4987);
#4990=CARTESIAN_POINT('',(1.225E0,9.5E-1,-1.5E0));
#4991=CARTESIAN_POINT('',(1.225E0,1.35E0,-1.5E0));
#4992=VERTEX_POINT('',#4990);
#4993=VERTEX_POINT('',#4991);
#4994=CARTESIAN_POINT('',(0.E0,0.E0,0.E0));
#4995=DIRECTION('',(0.E0,0.E0,1.E0));
#4996=DIRECTION('',(1.E0,0.E0,0.E0));
#4997=AXIS2_PLACEMENT_3D('',#4994,#4995,#4996);
#4998=PLANE('',#4997);
#5000=ORIENTED_EDGE('',*,*,#4999,.F.);
#5002=ORIENTED_EDGE('',*,*,#5001,.F.);
#5004=ORIENTED_EDGE('',*,*,#5003,.T.);
#5006=ORIENTED_EDGE('',*,*,#5005,.T.);
#5008=ORIENTED_EDGE('',*,*,#5007,.F.);
#5010=ORIENTED_EDGE('',*,*,#5009,.T.);
#5012=ORIENTED_EDGE('',*,*,#5011,.F.);
#5014=ORIENTED_EDGE('',*,*,#5013,.T.);
#5016=ORIENTED_EDGE('',*,*,#5015,.T.);
#5018=ORIENTED_EDGE('',*,*,#5017,.F.);
#5020=ORIENTED_EDGE('',*,*,#5019,.F.);
#5021=EDGE_LOOP('',(#5000,#5002,#5004,#5006,#5008,#5010,#5012,#5014,#5016,#5018,
#5020));
#5022=FACE_OUTER_BOUND('',#5021,.F.);
#5023=ADVANCED_FACE('',(#5022),#4998,.T.);
#5024=CARTESIAN_POINT('',(0.E0,0.E0,0.E0));
#5025=DIRECTION('',(0.E0,0.E0,1.E0));
#5026=DIRECTION('',(1.E0,0.E0,0.E0));
#5027=AXIS2_PLACEMENT_3D('',#5024,#5025,#5026);
#5028=PLANE('',#5027);
#5030=ORIENTED_EDGE('',*,*,#5029,.T.);
#5032=ORIENTED_EDGE('',*,*,#5031,.F.);
#5034=ORIENTED_EDGE('',*,*,#5033,.F.);
#5036=ORIENTED_EDGE('',*,*,#5035,.T.);
#5038=ORIENTED_EDGE('',*,*,#5037,.T.);
#5040=ORIENTED_EDGE('',*,*,#5039,.F.);
#5042=ORIENTED_EDGE('',*,*,#5041,.F.);
#5044=ORIENTED_EDGE('',*,*,#5043,.T.);
#5046=ORIENTED_EDGE('',*,*,#5045,.F.);
#5048=ORIENTED_EDGE('',*,*,#5047,.F.);
#5050=ORIENTED_EDGE('',*,*,#5049,.F.);
#5051=EDGE_LOOP('',(#5030,#5032,#5034,#5036,#5038,#5040,#5042,#5044,#5046,#5048,
#5050));
#5052=FACE_OUTER_BOUND('',#5051,.F.);
#5053=ADVANCED_FACE('',(#5052),#5028,.T.);
#5054=CARTESIAN_POINT('',(-1.5E-1,-1.85E0,0.E0));
#5055=DIRECTION('',(-1.E0,0.E0,0.E0));
#5056=DIRECTION('',(0.E0,0.E0,-1.E0));
#5057=AXIS2_PLACEMENT_3D('',#5054,#5055,#5056);
#5058=PLANE('',#5057);
#5059=ORIENTED_EDGE('',*,*,#4999,.T.);
#5061=ORIENTED_EDGE('',*,*,#5060,.F.);
#5063=ORIENTED_EDGE('',*,*,#5062,.T.);
#5065=ORIENTED_EDGE('',*,*,#5064,.F.);
#5067=ORIENTED_EDGE('',*,*,#5066,.F.);
#5068=EDGE_LOOP('',(#5059,#5061,#5063,#5065,#5067));
#5069=FACE_OUTER_BOUND('',#5068,.F.);
#5070=ADVANCED_FACE('',(#5069),#5058,.F.);
#5071=CARTESIAN_POINT('',(0.E0,-1.55E0,-1.E-1));
#5072=DIRECTION('',(0.E0,7.071067811865E-1,7.071067811865E-1));
#5073=DIRECTION('',(-1.E0,0.E0,0.E0));
#5074=AXIS2_PLACEMENT_3D('',#5071,#5072,#5073);
#5075=PLANE('',#5074);
#5076=ORIENTED_EDGE('',*,*,#5060,.T.);
#5077=ORIENTED_EDGE('',*,*,#5019,.T.);
#5079=ORIENTED_EDGE('',*,*,#5078,.F.);
#5081=ORIENTED_EDGE('',*,*,#5080,.F.);
#5082=EDGE_LOOP('',(#5076,#5077,#5079,#5081));
#5083=FACE_OUTER_BOUND('',#5082,.F.);
#5084=ADVANCED_FACE('',(#5083),#5075,.T.);
#5085=CARTESIAN_POINT('',(0.E0,-1.55E0,-1.E-1));
#5086=DIRECTION('',(0.E0,7.071067811865E-1,7.071067811865E-1));
#5087=DIRECTION('',(-1.E0,0.E0,0.E0));
#5088=AXIS2_PLACEMENT_3D('',#5085,#5086,#5087);
#5089=PLANE('',#5088);
#5091=ORIENTED_EDGE('',*,*,#5090,.F.);
#5093=ORIENTED_EDGE('',*,*,#5092,.F.);
#5095=ORIENTED_EDGE('',*,*,#5094,.T.);
#5096=ORIENTED_EDGE('',*,*,#5031,.T.);
#5097=EDGE_LOOP('',(#5091,#5093,#5095,#5096));
#5098=FACE_OUTER_BOUND('',#5097,.F.);
#5099=ADVANCED_FACE('',(#5098),#5089,.T.);
#5100=CARTESIAN_POINT('',(-1.625E0,-1.216E0,-1.E-1));
#5101=DIRECTION('',(7.071067811865E-1,0.E0,7.071067811865E-1));
#5102=DIRECTION('',(0.E0,-1.E0,0.E0));
#5103=AXIS2_PLACEMENT_3D('',#5100,#5101,#5102);
#5104=PLANE('',#5103);
#5106=ORIENTED_EDGE('',*,*,#5105,.T.);
#5108=ORIENTED_EDGE('',*,*,#5107,.F.);
#5109=ORIENTED_EDGE('',*,*,#5078,.T.);
#5110=ORIENTED_EDGE('',*,*,#5017,.T.);
#5111=EDGE_LOOP('',(#5106,#5108,#5109,#5110));
#5112=FACE_OUTER_BOUND('',#5111,.F.);
#5113=ADVANCED_FACE('',(#5112),#5104,.T.);
#5114=CARTESIAN_POINT('',(-1.825E0,-9.82E-1,0.E0));
#5115=DIRECTION('',(0.E0,-1.E0,0.E0));
#5116=DIRECTION('',(1.E0,0.E0,0.E0));
#5117=AXIS2_PLACEMENT_3D('',#5114,#5115,#5116);
#5118=PLANE('',#5117);
#5119=ORIENTED_EDGE('',*,*,#5105,.F.);
#5120=ORIENTED_EDGE('',*,*,#5015,.F.);
#5122=ORIENTED_EDGE('',*,*,#5121,.T.);
#5124=ORIENTED_EDGE('',*,*,#5123,.T.);
#5126=ORIENTED_EDGE('',*,*,#5125,.F.);
#5127=EDGE_LOOP('',(#5119,#5120,#5122,#5124,#5126));
#5128=FACE_OUTER_BOUND('',#5127,.F.);
#5129=ADVANCED_FACE('',(#5128),#5118,.F.);
#5130=CARTESIAN_POINT('',(-1.825E0,6.8E-2,0.E0));
#5131=DIRECTION('',(-1.E0,0.E0,0.E0));
#5132=DIRECTION('',(0.E0,-1.E0,0.E0));
#5133=AXIS2_PLACEMENT_3D('',#5130,#5131,#5132);
#5134=PLANE('',#5133);
#5135=ORIENTED_EDGE('',*,*,#5013,.F.);
#5137=ORIENTED_EDGE('',*,*,#5136,.T.);
#5139=ORIENTED_EDGE('',*,*,#5138,.T.);
#5140=ORIENTED_EDGE('',*,*,#5121,.F.);
#5141=EDGE_LOOP('',(#5135,#5137,#5139,#5140));
#5142=FACE_OUTER_BOUND('',#5141,.F.);
#5143=ADVANCED_FACE('',(#5142),#5134,.F.);
#5144=CARTESIAN_POINT('',(-1.525E0,6.8E-2,0.E0));
#5145=DIRECTION('',(0.E0,1.E0,0.E0));
#5146=DIRECTION('',(-1.E0,0.E0,0.E0));
#5147=AXIS2_PLACEMENT_3D('',#5144,#5145,#5146);
#5148=PLANE('',#5147);
#5150=ORIENTED_EDGE('',*,*,#5149,.F.);
#5152=ORIENTED_EDGE('',*,*,#5151,.T.);
#5154=ORIENTED_EDGE('',*,*,#5153,.T.);
#5155=ORIENTED_EDGE('',*,*,#5136,.F.);
#5156=EDGE_LOOP('',(#5150,#5152,#5154,#5155));
#5157=FACE_OUTER_BOUND('',#5156,.F.);
#5158=ADVANCED_FACE('',(#5157),#5148,.F.);
#5159=CARTESIAN_POINT('',(-1.675E0,5.09E-1,-1.E-1));
#5160=DIRECTION('',(5.547001962252E-1,0.E0,8.320502943378E-1));
#5161=DIRECTION('',(0.E0,-1.E0,0.E0));
#5162=AXIS2_PLACEMENT_3D('',#5159,#5160,#5161);
#5163=PLANE('',#5162);
#5165=ORIENTED_EDGE('',*,*,#5164,.T.);
#5167=ORIENTED_EDGE('',*,*,#5166,.F.);
#5168=ORIENTED_EDGE('',*,*,#5149,.T.);
#5169=ORIENTED_EDGE('',*,*,#5011,.T.);
#5170=EDGE_LOOP('',(#5165,#5167,#5168,#5169));
#5171=FACE_OUTER_BOUND('',#5170,.F.);
#5172=ADVANCED_FACE('',(#5171),#5163,.T.);
#5173=CARTESIAN_POINT('',(-2.125E0,9.5E-1,0.E0));
#5174=DIRECTION('',(0.E0,-1.E0,0.E0));
#5175=DIRECTION('',(1.E0,0.E0,0.E0));
#5176=AXIS2_PLACEMENT_3D('',#5173,#5174,#5175);
#5177=PLANE('',#5176);
#5178=ORIENTED_EDGE('',*,*,#5164,.F.);
#5179=ORIENTED_EDGE('',*,*,#5009,.F.);
#5181=ORIENTED_EDGE('',*,*,#5180,.F.);
#5183=ORIENTED_EDGE('',*,*,#5182,.T.);
#5185=ORIENTED_EDGE('',*,*,#5184,.F.);
#5186=EDGE_LOOP('',(#5178,#5179,#5181,#5183,#5185));
#5187=FACE_OUTER_BOUND('',#5186,.F.);
#5188=ADVANCED_FACE('',(#5187),#5177,.F.);
#5189=CARTESIAN_POINT('',(-2.125E0,-1.85E0,-4.7E0));
#5190=DIRECTION('',(1.E0,0.E0,0.E0));
#5191=DIRECTION('',(0.E0,0.E0,1.E0));
#5192=AXIS2_PLACEMENT_3D('',#5189,#5190,#5191);
#5193=PLANE('',#5192);
#5195=ORIENTED_EDGE('',*,*,#5194,.F.);
#5197=ORIENTED_EDGE('',*,*,#5196,.F.);
#5198=ORIENTED_EDGE('',*,*,#5003,.F.);
#5200=ORIENTED_EDGE('',*,*,#5199,.T.);
#5202=ORIENTED_EDGE('',*,*,#5201,.T.);
#5204=ORIENTED_EDGE('',*,*,#5203,.T.);
#5206=ORIENTED_EDGE('',*,*,#5205,.F.);
#5207=ORIENTED_EDGE('',*,*,#5180,.T.);
#5208=ORIENTED_EDGE('',*,*,#5007,.T.);
#5210=ORIENTED_EDGE('',*,*,#5209,.T.);
#5211=EDGE_LOOP('',(#5195,#5197,#5198,#5200,#5202,#5204,#5206,#5207,#5208,
#5210));
#5212=FACE_OUTER_BOUND('',#5211,.F.);
#5213=ADVANCED_FACE('',(#5212),#5193,.F.);
#5214=CARTESIAN_POINT('',(-2.125E0,-1.85E0,-4.2E0));
#5215=DIRECTION('',(0.E0,0.E0,1.E0));
#5216=DIRECTION('',(-1.E0,0.E0,0.E0));
#5217=AXIS2_PLACEMENT_3D('',#5214,#5215,#5216);
#5218=PLANE('',#5217);
#5220=ORIENTED_EDGE('',*,*,#5219,.F.);
#5221=ORIENTED_EDGE('',*,*,#5194,.T.);
#5223=ORIENTED_EDGE('',*,*,#5222,.T.);
#5225=ORIENTED_EDGE('',*,*,#5224,.F.);
#5226=EDGE_LOOP('',(#5220,#5221,#5223,#5225));
#5227=FACE_OUTER_BOUND('',#5226,.F.);
#5228=ADVANCED_FACE('',(#5227),#5218,.F.);
#5229=CARTESIAN_POINT('',(-2.125E0,-1.775E0,0.E0));
#5230=DIRECTION('',(0.E0,1.E0,0.E0));
#5231=DIRECTION('',(-1.E0,0.E0,0.E0));
#5232=AXIS2_PLACEMENT_3D('',#5229,#5230,#5231);
#5233=PLANE('',#5232);
#5235=ORIENTED_EDGE('',*,*,#5234,.F.);
#5237=ORIENTED_EDGE('',*,*,#5236,.F.);
#5239=ORIENTED_EDGE('',*,*,#5238,.T.);
#5241=ORIENTED_EDGE('',*,*,#5240,.T.);
#5243=ORIENTED_EDGE('',*,*,#5242,.T.);
#5245=ORIENTED_EDGE('',*,*,#5244,.T.);
#5246=ORIENTED_EDGE('',*,*,#5196,.T.);
#5247=ORIENTED_EDGE('',*,*,#5219,.T.);
#5249=ORIENTED_EDGE('',*,*,#5248,.F.);
#5251=ORIENTED_EDGE('',*,*,#5250,.T.);
#5253=ORIENTED_EDGE('',*,*,#5252,.F.);
#5255=ORIENTED_EDGE('',*,*,#5254,.T.);
#5257=ORIENTED_EDGE('',*,*,#5256,.T.);
#5258=EDGE_LOOP('',(#5235,#5237,#5239,#5241,#5243,#5245,#5246,#5247,#5249,#5251,
#5253,#5255,#5257));
#5259=FACE_OUTER_BOUND('',#5258,.F.);
#5260=ADVANCED_FACE('',(#5259),#5233,.F.);
#5261=CARTESIAN_POINT('',(3.895E0,1.35E0,-2.6E0));
#5262=DIRECTION('',(0.E0,0.E0,1.E0));
#5263=DIRECTION('',(1.E0,0.E0,0.E0));
#5264=AXIS2_PLACEMENT_3D('',#5261,#5262,#5263);
#5265=PLANE('',#5264);
#5267=ORIENTED_EDGE('',*,*,#5266,.F.);
#5269=ORIENTED_EDGE('',*,*,#5268,.F.);
#5271=ORIENTED_EDGE('',*,*,#5270,.F.);
#5273=ORIENTED_EDGE('',*,*,#5272,.F.);
#5274=EDGE_LOOP('',(#5267,#5269,#5271,#5273));
#5275=FACE_OUTER_BOUND('',#5274,.F.);
#5276=ADVANCED_FACE('',(#5275),#5265,.T.);
#5277=CARTESIAN_POINT('',(3.895E0,1.35E0,-2.6E0));
#5278=DIRECTION('',(0.E0,0.E0,1.E0));
#5279=DIRECTION('',(1.E0,0.E0,0.E0));
#5280=AXIS2_PLACEMENT_3D('',#5277,#5278,#5279);
#5281=PLANE('',#5280);
#5282=ORIENTED_EDGE('',*,*,#5234,.T.);
#5284=ORIENTED_EDGE('',*,*,#5283,.F.);
#5286=ORIENTED_EDGE('',*,*,#5285,.F.);
#5288=ORIENTED_EDGE('',*,*,#5287,.F.);
#5289=EDGE_LOOP('',(#5282,#5284,#5286,#5288));
#5290=FACE_OUTER_BOUND('',#5289,.F.);
#5291=ADVANCED_FACE('',(#5290),#5281,.T.);
#5292=CARTESIAN_POINT('',(3.895E0,1.35E0,-2.6E0));
#5293=DIRECTION('',(0.E0,0.E0,1.E0));
#5294=DIRECTION('',(1.E0,0.E0,0.E0));
#5295=AXIS2_PLACEMENT_3D('',#5292,#5293,#5294);
#5296=PLANE('',#5295);
#5298=ORIENTED_EDGE('',*,*,#5297,.F.);
#5300=ORIENTED_EDGE('',*,*,#5299,.F.);
#5302=ORIENTED_EDGE('',*,*,#5301,.F.);
#5304=ORIENTED_EDGE('',*,*,#5303,.F.);
#5305=EDGE_LOOP('',(#5298,#5300,#5302,#5304));
#5306=FACE_OUTER_BOUND('',#5305,.F.);
#5307=ADVANCED_FACE('',(#5306),#5296,.T.);
#5308=CARTESIAN_POINT('',(3.895E0,1.35E0,-2.6E0));
#5309=DIRECTION('',(0.E0,0.E0,1.E0));
#5310=DIRECTION('',(1.E0,0.E0,0.E0));
#5311=AXIS2_PLACEMENT_3D('',#5308,#5309,#5310);
#5312=PLANE('',#5311);
#5314=ORIENTED_EDGE('',*,*,#5313,.T.);
#5316=ORIENTED_EDGE('',*,*,#5315,.F.);
#5318=ORIENTED_EDGE('',*,*,#5317,.F.);
#5320=ORIENTED_EDGE('',*,*,#5319,.F.);
#5321=EDGE_LOOP('',(#5314,#5316,#5318,#5320));
#5322=FACE_OUTER_BOUND('',#5321,.F.);
#5323=ADVANCED_FACE('',(#5322),#5312,.T.);
#5324=CARTESIAN_POINT('',(-2.894487179487E0,6.25E-1,-7.E-1));
#5325=DIRECTION('',(-7.078323904449E-1,-7.063804265671E-1,0.E0));
#5326=DIRECTION('',(7.063804265671E-1,-7.078323904449E-1,0.E0));
#5327=AXIS2_PLACEMENT_3D('',#5324,#5325,#5326);
#5328=PLANE('',#5327);
#5329=ORIENTED_EDGE('',*,*,#5266,.T.);
#5331=ORIENTED_EDGE('',*,*,#5330,.F.);
#5333=ORIENTED_EDGE('',*,*,#5332,.T.);
#5335=ORIENTED_EDGE('',*,*,#5334,.F.);
#5336=EDGE_LOOP('',(#5329,#5331,#5333,#5335));
#5337=FACE_OUTER_BOUND('',#5336,.F.);
#5338=ADVANCED_FACE('',(#5337),#5328,.F.);
#5339=CARTESIAN_POINT('',(-2.645E0,3.75E-1,-7.E-1));
#5340=DIRECTION('',(0.E0,-1.E0,0.E0));
#5341=DIRECTION('',(1.E0,0.E0,0.E0));
#5342=AXIS2_PLACEMENT_3D('',#5339,#5340,#5341);
#5343=PLANE('',#5342);
#5345=ORIENTED_EDGE('',*,*,#5344,.F.);
#5347=ORIENTED_EDGE('',*,*,#5346,.F.);
#5349=ORIENTED_EDGE('',*,*,#5348,.T.);
#5350=ORIENTED_EDGE('',*,*,#5330,.T.);
#5351=ORIENTED_EDGE('',*,*,#5272,.T.);
#5353=ORIENTED_EDGE('',*,*,#5352,.F.);
#5354=EDGE_LOOP('',(#5345,#5347,#5349,#5350,#5351,#5353));
#5355=FACE_OUTER_BOUND('',#5354,.F.);
#5356=ADVANCED_FACE('',(#5355),#5343,.F.);
#5357=CARTESIAN_POINT('',(-3.895E0,-1.85E0,-2.2E0));
#5358=DIRECTION('',(0.E0,0.E0,1.E0));
#5359=DIRECTION('',(1.E0,0.E0,0.E0));
#5360=AXIS2_PLACEMENT_3D('',#5357,#5358,#5359);
#5361=PLANE('',#5360);
#5363=ORIENTED_EDGE('',*,*,#5362,.T.);
#5365=ORIENTED_EDGE('',*,*,#5364,.T.);
#5367=ORIENTED_EDGE('',*,*,#5366,.T.);
#5369=ORIENTED_EDGE('',*,*,#5368,.T.);
#5371=ORIENTED_EDGE('',*,*,#5370,.T.);
#5373=ORIENTED_EDGE('',*,*,#5372,.T.);
#5374=EDGE_LOOP('',(#5363,#5365,#5367,#5369,#5371,#5373));
#5375=FACE_OUTER_BOUND('',#5374,.F.);
#5376=ADVANCED_FACE('',(#5375),#5361,.F.);
#5377=CARTESIAN_POINT('',(-3.895E0,-1.85E0,-2.2E0));
#5378=DIRECTION('',(0.E0,0.E0,1.E0));
#5379=DIRECTION('',(1.E0,0.E0,0.E0));
#5380=AXIS2_PLACEMENT_3D('',#5377,#5378,#5379);
#5381=PLANE('',#5380);
#5383=ORIENTED_EDGE('',*,*,#5382,.T.);
#5385=ORIENTED_EDGE('',*,*,#5384,.T.);
#5387=ORIENTED_EDGE('',*,*,#5386,.T.);
#5389=ORIENTED_EDGE('',*,*,#5388,.T.);
#5391=ORIENTED_EDGE('',*,*,#5390,.T.);
#5393=ORIENTED_EDGE('',*,*,#5392,.T.);
#5394=EDGE_LOOP('',(#5383,#5385,#5387,#5389,#5391,#5393));
#5395=FACE_OUTER_BOUND('',#5394,.F.);
#5396=ADVANCED_FACE('',(#5395),#5381,.F.);
#5397=CARTESIAN_POINT('',(-3.895E0,-1.85E0,-2.2E0));
#5398=DIRECTION('',(0.E0,0.E0,1.E0));
#5399=DIRECTION('',(1.E0,0.E0,0.E0));
#5400=AXIS2_PLACEMENT_3D('',#5397,#5398,#5399);
#5401=PLANE('',#5400);
#5403=ORIENTED_EDGE('',*,*,#5402,.T.);
#5405=ORIENTED_EDGE('',*,*,#5404,.T.);
#5407=ORIENTED_EDGE('',*,*,#5406,.T.);
#5408=ORIENTED_EDGE('',*,*,#5344,.T.);
#5410=ORIENTED_EDGE('',*,*,#5409,.F.);
#5412=ORIENTED_EDGE('',*,*,#5411,.T.);
#5413=EDGE_LOOP('',(#5403,#5405,#5407,#5408,#5410,#5412));
#5414=FACE_OUTER_BOUND('',#5413,.F.);
#5415=ADVANCED_FACE('',(#5414),#5401,.F.);
#5416=CARTESIAN_POINT('',(-3.895E0,-1.85E0,-2.2E0));
#5417=DIRECTION('',(0.E0,0.E0,1.E0));
#5418=DIRECTION('',(1.E0,0.E0,0.E0));
#5419=AXIS2_PLACEMENT_3D('',#5416,#5417,#5418);
#5420=PLANE('',#5419);
#5422=ORIENTED_EDGE('',*,*,#5421,.T.);
#5424=ORIENTED_EDGE('',*,*,#5423,.T.);
#5426=ORIENTED_EDGE('',*,*,#5425,.F.);
#5428=ORIENTED_EDGE('',*,*,#5427,.T.);
#5430=ORIENTED_EDGE('',*,*,#5429,.T.);
#5432=ORIENTED_EDGE('',*,*,#5431,.T.);
#5433=EDGE_LOOP('',(#5422,#5424,#5426,#5428,#5430,#5432));
#5434=FACE_OUTER_BOUND('',#5433,.F.);
#5435=ADVANCED_FACE('',(#5434),#5420,.F.);
#5436=CARTESIAN_POINT('',(2.692753514070E0,-2.068325994094E0,-2.3E0));
#5437=DIRECTION('',(5.233595624294E-2,9.986295347546E-1,0.E0));
#5438=DIRECTION('',(0.E0,0.E0,1.E0));
#5439=AXIS2_PLACEMENT_3D('',#5436,#5437,#5438);
#5440=CYLINDRICAL_SURFACE('',#5439,1.E-1);
#5441=ORIENTED_EDGE('',*,*,#5362,.F.);
#5443=ORIENTED_EDGE('',*,*,#5442,.T.);
#5445=ORIENTED_EDGE('',*,*,#5444,.T.);
#5447=ORIENTED_EDGE('',*,*,#5446,.T.);
#5448=EDGE_LOOP('',(#5441,#5443,#5445,#5447));
#5449=FACE_OUTER_BOUND('',#5448,.F.);
#5450=ADVANCED_FACE('',(#5449),#5440,.F.);
#5451=CARTESIAN_POINT('',(2.82E0,-1.551050663962E0,-6.5E-1));
#5452=DIRECTION('',(0.E0,0.E0,1.E0));
#5453=DIRECTION('',(1.E0,0.E0,0.E0));
#5454=AXIS2_PLACEMENT_3D('',#5451,#5452,#5453);
#5455=CYLINDRICAL_SURFACE('',#5454,5.E-1);
#5457=ORIENTED_EDGE('',*,*,#5456,.T.);
#5459=ORIENTED_EDGE('',*,*,#5458,.F.);
#5461=ORIENTED_EDGE('',*,*,#5460,.T.);
#5462=ORIENTED_EDGE('',*,*,#5442,.F.);
#5463=ORIENTED_EDGE('',*,*,#5372,.F.);
#5465=ORIENTED_EDGE('',*,*,#5464,.T.);
#5467=ORIENTED_EDGE('',*,*,#5466,.F.);
#5469=ORIENTED_EDGE('',*,*,#5468,.F.);
#5471=ORIENTED_EDGE('',*,*,#5470,.T.);
#5472=EDGE_LOOP('',(#5457,#5459,#5461,#5462,#5463,#5465,#5467,#5469,#5471));
#5473=FACE_OUTER_BOUND('',#5472,.F.);
#5474=ADVANCED_FACE('',(#5473),#5455,.T.);
#5475=CARTESIAN_POINT('',(-3.895E0,-1.85E0,-6.5E-1));
#5476=DIRECTION('',(0.E0,0.E0,1.E0));
#5477=DIRECTION('',(1.E0,0.E0,0.E0));
#5478=AXIS2_PLACEMENT_3D('',#5475,#5476,#5477);
#5479=PLANE('',#5478);
#5481=ORIENTED_EDGE('',*,*,#5480,.T.);
#5482=ORIENTED_EDGE('',*,*,#5456,.F.);
#5484=ORIENTED_EDGE('',*,*,#5483,.F.);
#5486=ORIENTED_EDGE('',*,*,#5485,.F.);
#5488=ORIENTED_EDGE('',*,*,#5487,.T.);
#5490=ORIENTED_EDGE('',*,*,#5489,.F.);
#5492=ORIENTED_EDGE('',*,*,#5491,.F.);
#5494=ORIENTED_EDGE('',*,*,#5493,.F.);
#5495=EDGE_LOOP('',(#5481,#5482,#5484,#5486,#5488,#5490,#5492,#5494));
#5496=FACE_OUTER_BOUND('',#5495,.F.);
#5497=ADVANCED_FACE('',(#5496),#5479,.T.);
#5498=CARTESIAN_POINT('',(-3.895E0,-1.85E0,-6.5E-1));
#5499=DIRECTION('',(0.E0,0.E0,1.E0));
#5500=DIRECTION('',(1.E0,0.E0,0.E0));
#5501=AXIS2_PLACEMENT_3D('',#5498,#5499,#5500);
#5502=PLANE('',#5501);
#5504=ORIENTED_EDGE('',*,*,#5503,.T.);
#5506=ORIENTED_EDGE('',*,*,#5505,.F.);
#5508=ORIENTED_EDGE('',*,*,#5507,.T.);
#5510=ORIENTED_EDGE('',*,*,#5509,.F.);
#5512=ORIENTED_EDGE('',*,*,#5511,.T.);
#5514=ORIENTED_EDGE('',*,*,#5513,.F.);
#5516=ORIENTED_EDGE('',*,*,#5515,.F.);
#5518=ORIENTED_EDGE('',*,*,#5517,.F.);
#5519=EDGE_LOOP('',(#5504,#5506,#5508,#5510,#5512,#5514,#5516,#5518));
#5520=FACE_OUTER_BOUND('',#5519,.F.);
#5521=ADVANCED_FACE('',(#5520),#5502,.T.);
#5522=CARTESIAN_POINT('',(2.826533612067E0,4.843503418759E-1,-5.5E-1));
#5523=DIRECTION('',(-5.233595624294E-2,-9.986295347546E-1,0.E0));
#5524=DIRECTION('',(0.E0,0.E0,-1.E0));
#5525=AXIS2_PLACEMENT_3D('',#5522,#5523,#5524);
#5526=CYLINDRICAL_SURFACE('',#5525,1.E-1);
#5527=ORIENTED_EDGE('',*,*,#5480,.F.);
#5529=ORIENTED_EDGE('',*,*,#5528,.T.);
#5531=ORIENTED_EDGE('',*,*,#5530,.T.);
#5532=ORIENTED_EDGE('',*,*,#5458,.T.);
#5533=EDGE_LOOP('',(#5527,#5529,#5531,#5532));
#5534=FACE_OUTER_BOUND('',#5533,.F.);
#5535=ADVANCED_FACE('',(#5534),#5526,.F.);
#5536=CARTESIAN_POINT('',(2.82E0,-1.551050663962E0,-6.5E-1));
#5537=DIRECTION('',(0.E0,0.E0,1.E0));
#5538=DIRECTION('',(1.E0,0.E0,0.E0));
#5539=AXIS2_PLACEMENT_3D('',#5536,#5537,#5538);
#5540=CYLINDRICAL_SURFACE('',#5539,2.5E-1);
#5542=ORIENTED_EDGE('',*,*,#5541,.T.);
#5543=ORIENTED_EDGE('',*,*,#5528,.F.);
#5544=ORIENTED_EDGE('',*,*,#5493,.T.);
#5546=ORIENTED_EDGE('',*,*,#5545,.T.);
#5547=ORIENTED_EDGE('',*,*,#5364,.F.);
#5548=ORIENTED_EDGE('',*,*,#5446,.F.);
#5549=EDGE_LOOP('',(#5542,#5543,#5544,#5546,#5547,#5548));
#5550=FACE_OUTER_BOUND('',#5549,.F.);
#5551=ADVANCED_FACE('',(#5550),#5540,.F.);
#5552=CARTESIAN_POINT('',(3.754E0,-1.850342616311E0,-6.5E-1));
#5553=DIRECTION('',(5.233595624294E-2,9.986295347546E-1,0.E0));
#5554=DIRECTION('',(-9.986295347546E-1,5.233595624294E-2,0.E0));
#5555=AXIS2_PLACEMENT_3D('',#5552,#5553,#5554);
#5556=PLANE('',#5555);
#5558=ORIENTED_EDGE('',*,*,#5557,.F.);
#5560=ORIENTED_EDGE('',*,*,#5559,.F.);
#5562=ORIENTED_EDGE('',*,*,#5561,.T.);
#5564=ORIENTED_EDGE('',*,*,#5563,.F.);
#5566=ORIENTED_EDGE('',*,*,#5565,.T.);
#5568=ORIENTED_EDGE('',*,*,#5567,.F.);
#5570=ORIENTED_EDGE('',*,*,#5569,.F.);
#5571=ORIENTED_EDGE('',*,*,#5541,.F.);
#5573=ORIENTED_EDGE('',*,*,#5572,.F.);
#5575=ORIENTED_EDGE('',*,*,#5574,.F.);
#5576=EDGE_LOOP('',(#5558,#5560,#5562,#5564,#5566,#5568,#5570,#5571,#5573,
#5575));
#5577=FACE_OUTER_BOUND('',#5576,.F.);
#5578=ADVANCED_FACE('',(#5577),#5556,.T.);
#5579=CARTESIAN_POINT('',(-3.895E0,-1.85E0,-2.6E0));
#5580=DIRECTION('',(0.E0,0.E0,1.E0));
#5581=DIRECTION('',(1.E0,0.E0,0.E0));
#5582=AXIS2_PLACEMENT_3D('',#5579,#5580,#5581);
#5583=PLANE('',#5582);
#5585=ORIENTED_EDGE('',*,*,#5584,.F.);
#5587=ORIENTED_EDGE('',*,*,#5586,.T.);
#5589=ORIENTED_EDGE('',*,*,#5588,.F.);
#5590=ORIENTED_EDGE('',*,*,#5557,.T.);
#5591=EDGE_LOOP('',(#5585,#5587,#5589,#5590));
#5592=FACE_OUTER_BOUND('',#5591,.F.);
#5593=ADVANCED_FACE('',(#5592),#5583,.F.);
#5594=CARTESIAN_POINT('',(-3.895E0,-1.85E0,-2.6E0));
#5595=DIRECTION('',(0.E0,0.E0,1.E0));
#5596=DIRECTION('',(1.E0,0.E0,0.E0));
#5597=AXIS2_PLACEMENT_3D('',#5594,#5595,#5596);
#5598=PLANE('',#5597);
#5600=ORIENTED_EDGE('',*,*,#5599,.F.);
#5602=ORIENTED_EDGE('',*,*,#5601,.T.);
#5604=ORIENTED_EDGE('',*,*,#5603,.F.);
#5606=ORIENTED_EDGE('',*,*,#5605,.T.);
#5607=EDGE_LOOP('',(#5600,#5602,#5604,#5606));
#5608=FACE_OUTER_BOUND('',#5607,.F.);
#5609=ADVANCED_FACE('',(#5608),#5598,.F.);
#5610=CARTESIAN_POINT('',(-3.895E0,-1.85E0,-2.6E0));
#5611=DIRECTION('',(0.E0,0.E0,1.E0));
#5612=DIRECTION('',(1.E0,0.E0,0.E0));
#5613=AXIS2_PLACEMENT_3D('',#5610,#5611,#5612);
#5614=PLANE('',#5613);
#5616=ORIENTED_EDGE('',*,*,#5615,.F.);
#5618=ORIENTED_EDGE('',*,*,#5617,.T.);
#5620=ORIENTED_EDGE('',*,*,#5619,.F.);
#5622=ORIENTED_EDGE('',*,*,#5621,.T.);
#5623=EDGE_LOOP('',(#5616,#5618,#5620,#5622));
#5624=FACE_OUTER_BOUND('',#5623,.F.);
#5625=ADVANCED_FACE('',(#5624),#5614,.F.);
#5626=CARTESIAN_POINT('',(-3.895E0,-1.85E0,-2.6E0));
#5627=DIRECTION('',(0.E0,0.E0,1.E0));
#5628=DIRECTION('',(1.E0,0.E0,0.E0));
#5629=AXIS2_PLACEMENT_3D('',#5626,#5627,#5628);
#5630=PLANE('',#5629);
#5632=ORIENTED_EDGE('',*,*,#5631,.F.);
#5634=ORIENTED_EDGE('',*,*,#5633,.T.);
#5636=ORIENTED_EDGE('',*,*,#5635,.F.);
#5638=ORIENTED_EDGE('',*,*,#5637,.T.);
#5639=EDGE_LOOP('',(#5632,#5634,#5636,#5638));
#5640=FACE_OUTER_BOUND('',#5639,.F.);
#5641=ADVANCED_FACE('',(#5640),#5630,.F.);
#5642=CARTESIAN_POINT('',(2.892582658972E0,-2.076823287880E0,-2.5E0));
#5643=DIRECTION('',(5.233595624294E-2,9.986295347546E-1,0.E0));
#5644=DIRECTION('',(0.E0,0.E0,-1.E0));
#5645=AXIS2_PLACEMENT_3D('',#5642,#5643,#5644);
#5646=CYLINDRICAL_SURFACE('',#5645,1.E-1);
#5647=ORIENTED_EDGE('',*,*,#5584,.T.);
#5648=ORIENTED_EDGE('',*,*,#5574,.T.);
#5650=ORIENTED_EDGE('',*,*,#5649,.F.);
#5652=ORIENTED_EDGE('',*,*,#5651,.T.);
#5653=EDGE_LOOP('',(#5647,#5648,#5650,#5652));
#5654=FACE_OUTER_BOUND('',#5653,.F.);
#5655=ADVANCED_FACE('',(#5654),#5646,.T.);
#5656=CARTESIAN_POINT('',(2.806916010939E0,-1.800708047650E0,-2.6E0));
#5657=DIRECTION('',(-9.986295347546E-1,5.233595624294E-2,0.E0));
#5658=DIRECTION('',(-5.233595624294E-2,-9.986295347546E-1,0.E0));
#5659=AXIS2_PLACEMENT_3D('',#5656,#5657,#5658);
#5660=PLANE('',#5659);
#5661=ORIENTED_EDGE('',*,*,#5649,.T.);
#5662=ORIENTED_EDGE('',*,*,#5572,.T.);
#5663=ORIENTED_EDGE('',*,*,#5444,.F.);
#5665=ORIENTED_EDGE('',*,*,#5664,.F.);
#5666=EDGE_LOOP('',(#5661,#5662,#5663,#5665));
#5667=FACE_OUTER_BOUND('',#5666,.F.);
#5668=ADVANCED_FACE('',(#5667),#5660,.T.);
#5669=CARTESIAN_POINT('',(2.806916010939E0,-1.800708047650E0,-2.6E0));
#5670=DIRECTION('',(-9.986295347546E-1,5.233595624294E-2,0.E0));
#5671=DIRECTION('',(-5.233595624294E-2,-9.986295347546E-1,0.E0));
#5672=AXIS2_PLACEMENT_3D('',#5669,#5670,#5671);
#5673=PLANE('',#5672);
#5675=ORIENTED_EDGE('',*,*,#5674,.T.);
#5677=ORIENTED_EDGE('',*,*,#5676,.F.);
#5678=ORIENTED_EDGE('',*,*,#5530,.F.);
#5679=ORIENTED_EDGE('',*,*,#5569,.T.);
#5680=EDGE_LOOP('',(#5675,#5677,#5678,#5679));
#5681=FACE_OUTER_BOUND('',#5680,.F.);
#5682=ADVANCED_FACE('',(#5681),#5673,.T.);
#5683=CARTESIAN_POINT('',(2.793832021879E0,-2.050365431339E0,-6.5E-1));
#5684=DIRECTION('',(-5.233595624294E-2,-9.986295347546E-1,0.E0));
#5685=DIRECTION('',(9.986295347546E-1,-5.233595624294E-2,0.E0));
#5686=AXIS2_PLACEMENT_3D('',#5683,#5684,#5685);
#5687=PLANE('',#5686);
#5688=ORIENTED_EDGE('',*,*,#5586,.F.);
#5689=ORIENTED_EDGE('',*,*,#5651,.F.);
#5690=ORIENTED_EDGE('',*,*,#5664,.T.);
#5691=ORIENTED_EDGE('',*,*,#5460,.F.);
#5692=ORIENTED_EDGE('',*,*,#5676,.T.);
#5694=ORIENTED_EDGE('',*,*,#5693,.F.);
#5696=ORIENTED_EDGE('',*,*,#5695,.T.);
#5698=ORIENTED_EDGE('',*,*,#5697,.F.);
#5700=ORIENTED_EDGE('',*,*,#5699,.T.);
#5702=ORIENTED_EDGE('',*,*,#5701,.F.);
#5703=EDGE_LOOP('',(#5688,#5689,#5690,#5691,#5692,#5694,#5696,#5698,#5700,
#5702));
#5704=FACE_OUTER_BOUND('',#5703,.F.);
#5705=ADVANCED_FACE('',(#5704),#5687,.T.);
#5706=CARTESIAN_POINT('',(2.907561979418E0,-1.791000826959E0,-5.E-1));
#5707=DIRECTION('',(-5.233595624294E-2,-9.986295347546E-1,0.E0));
#5708=DIRECTION('',(0.E0,0.E0,1.E0));
#5709=AXIS2_PLACEMENT_3D('',#5706,#5707,#5708);
#5710=CYLINDRICAL_SURFACE('',#5709,1.E-1);
#5712=ORIENTED_EDGE('',*,*,#5711,.T.);
#5713=ORIENTED_EDGE('',*,*,#5693,.T.);
#5714=ORIENTED_EDGE('',*,*,#5674,.F.);
#5715=ORIENTED_EDGE('',*,*,#5567,.T.);
#5716=EDGE_LOOP('',(#5712,#5713,#5714,#5715));
#5717=FACE_OUTER_BOUND('',#5716,.F.);
#5718=ADVANCED_FACE('',(#5717),#5710,.T.);
#5719=CARTESIAN_POINT('',(-3.895E0,-1.85E0,-4.E-1));
#5720=DIRECTION('',(0.E0,0.E0,1.E0));
#5721=DIRECTION('',(1.E0,0.E0,0.E0));
#5722=AXIS2_PLACEMENT_3D('',#5719,#5720,#5721);
#5723=PLANE('',#5722);
#5724=ORIENTED_EDGE('',*,*,#5711,.F.);
#5725=ORIENTED_EDGE('',*,*,#5565,.F.);
#5727=ORIENTED_EDGE('',*,*,#5726,.F.);
#5728=ORIENTED_EDGE('',*,*,#5695,.F.);
#5729=EDGE_LOOP('',(#5724,#5725,#5727,#5728));
#5730=FACE_OUTER_BOUND('',#5729,.F.);
#5731=ADVANCED_FACE('',(#5730),#5723,.T.);
#5732=CARTESIAN_POINT('',(-3.895E0,-1.85E0,-4.E-1));
#5733=DIRECTION('',(0.E0,0.E0,1.E0));
#5734=DIRECTION('',(1.E0,0.E0,0.E0));
#5735=AXIS2_PLACEMENT_3D('',#5732,#5733,#5734);
#5736=PLANE('',#5735);
#5738=ORIENTED_EDGE('',*,*,#5737,.F.);
#5740=ORIENTED_EDGE('',*,*,#5739,.F.);
#5742=ORIENTED_EDGE('',*,*,#5741,.F.);
#5744=ORIENTED_EDGE('',*,*,#5743,.F.);
#5745=EDGE_LOOP('',(#5738,#5740,#5742,#5744));
#5746=FACE_OUTER_BOUND('',#5745,.F.);
#5747=ADVANCED_FACE('',(#5746),#5736,.T.);
#5748=CARTESIAN_POINT('',(-3.895E0,-1.85E0,-4.E-1));
#5749=DIRECTION('',(0.E0,0.E0,1.E0));
#5750=DIRECTION('',(1.E0,0.E0,0.E0));
#5751=AXIS2_PLACEMENT_3D('',#5748,#5749,#5750);
#5752=PLANE('',#5751);
#5754=ORIENTED_EDGE('',*,*,#5753,.F.);
#5756=ORIENTED_EDGE('',*,*,#5755,.F.);
#5758=ORIENTED_EDGE('',*,*,#5757,.F.);
#5760=ORIENTED_EDGE('',*,*,#5759,.F.);
#5761=EDGE_LOOP('',(#5754,#5756,#5758,#5760));
#5762=FACE_OUTER_BOUND('',#5761,.F.);
#5763=ADVANCED_FACE('',(#5762),#5752,.T.);
#5764=CARTESIAN_POINT('',(-3.895E0,-1.85E0,-4.E-1));
#5765=DIRECTION('',(0.E0,0.E0,1.E0));
#5766=DIRECTION('',(1.E0,0.E0,0.E0));
#5767=AXIS2_PLACEMENT_3D('',#5764,#5765,#5766);
#5768=PLANE('',#5767);
#5770=ORIENTED_EDGE('',*,*,#5769,.F.);
#5772=ORIENTED_EDGE('',*,*,#5771,.F.);
#5774=ORIENTED_EDGE('',*,*,#5773,.F.);
#5776=ORIENTED_EDGE('',*,*,#5775,.F.);
#5777=EDGE_LOOP('',(#5770,#5772,#5774,#5776));
#5778=FACE_OUTER_BOUND('',#5777,.F.);
#5779=ADVANCED_FACE('',(#5778),#5768,.T.);
#5780=CARTESIAN_POINT('',(3.540407088985E0,-2.104473625067E0,-6.E-1));
#5781=DIRECTION('',(5.233595624294E-2,9.986295347546E-1,0.E0));
#5782=DIRECTION('',(0.E0,0.E0,1.E0));
#5783=AXIS2_PLACEMENT_3D('',#5780,#5781,#5782);
#5784=CYLINDRICAL_SURFACE('',#5783,2.E-1);
#5785=ORIENTED_EDGE('',*,*,#5563,.T.);
#5787=ORIENTED_EDGE('',*,*,#5786,.F.);
#5788=ORIENTED_EDGE('',*,*,#5697,.T.);
#5789=ORIENTED_EDGE('',*,*,#5726,.T.);
#5790=EDGE_LOOP('',(#5785,#5787,#5788,#5789));
#5791=FACE_OUTER_BOUND('',#5790,.F.);
#5792=ADVANCED_FACE('',(#5791),#5784,.T.);
#5793=CARTESIAN_POINT('',(3.740916010939E0,-2.1E0,-6.5E-1));
#5794=DIRECTION('',(9.986295347546E-1,-5.233595624294E-2,0.E0));
#5795=DIRECTION('',(5.233595624294E-2,9.986295347546E-1,0.E0));
#5796=AXIS2_PLACEMENT_3D('',#5793,#5794,#5795);
#5797=PLANE('',#5796);
#5798=ORIENTED_EDGE('',*,*,#5786,.T.);
#5799=ORIENTED_EDGE('',*,*,#5561,.F.);
#5801=ORIENTED_EDGE('',*,*,#5800,.T.);
#5802=ORIENTED_EDGE('',*,*,#5699,.F.);
#5803=EDGE_LOOP('',(#5798,#5799,#5801,#5802));
#5804=FACE_OUTER_BOUND('',#5803,.F.);
#5805=ADVANCED_FACE('',(#5804),#5797,.T.);
#5806=CARTESIAN_POINT('',(3.555386409431E0,-1.818651164146E0,-2.4E0));
#5807=DIRECTION('',(-5.233595624294E-2,-9.986295347546E-1,0.E0));
#5808=DIRECTION('',(0.E0,0.E0,-1.E0));
#5809=AXIS2_PLACEMENT_3D('',#5806,#5807,#5808);
#5810=CYLINDRICAL_SURFACE('',#5809,2.E-1);
#5811=ORIENTED_EDGE('',*,*,#5701,.T.);
#5812=ORIENTED_EDGE('',*,*,#5800,.F.);
#5813=ORIENTED_EDGE('',*,*,#5559,.T.);
#5814=ORIENTED_EDGE('',*,*,#5588,.T.);
#5815=EDGE_LOOP('',(#5811,#5812,#5813,#5814));
#5816=FACE_OUTER_BOUND('',#5815,.F.);
#5817=ADVANCED_FACE('',(#5816),#5810,.T.);
#5818=CARTESIAN_POINT('',(2.892911960350E0,9.205398432787E-1,-5.E-1));
#5819=DIRECTION('',(5.233595624294E-2,-9.986295347546E-1,0.E0));
#5820=DIRECTION('',(0.E0,0.E0,1.E0));
#5821=AXIS2_PLACEMENT_3D('',#5818,#5819,#5820);
#5822=CYLINDRICAL_SURFACE('',#5821,1.E-1);
#5823=ORIENTED_EDGE('',*,*,#5737,.T.);
#5825=ORIENTED_EDGE('',*,*,#5824,.T.);
#5827=ORIENTED_EDGE('',*,*,#5826,.F.);
#5829=ORIENTED_EDGE('',*,*,#5828,.T.);
#5830=EDGE_LOOP('',(#5823,#5825,#5827,#5829));
#5831=FACE_OUTER_BOUND('',#5830,.F.);
#5832=ADVANCED_FACE('',(#5831),#5822,.T.);
#5833=CARTESIAN_POINT('',(2.806916010939E0,6.507080476502E-1,-6.5E-1));
#5834=DIRECTION('',(5.233595624294E-2,-9.986295347546E-1,0.E0));
#5835=DIRECTION('',(9.986295347546E-1,5.233595624294E-2,0.E0));
#5836=AXIS2_PLACEMENT_3D('',#5833,#5834,#5835);
#5837=PLANE('',#5836);
#5838=ORIENTED_EDGE('',*,*,#5601,.F.);
#5840=ORIENTED_EDGE('',*,*,#5839,.F.);
#5842=ORIENTED_EDGE('',*,*,#5841,.T.);
#5844=ORIENTED_EDGE('',*,*,#5843,.F.);
#5846=ORIENTED_EDGE('',*,*,#5845,.T.);
#5847=ORIENTED_EDGE('',*,*,#5824,.F.);
#5848=ORIENTED_EDGE('',*,*,#5743,.T.);
#5850=ORIENTED_EDGE('',*,*,#5849,.F.);
#5852=ORIENTED_EDGE('',*,*,#5851,.T.);
#5854=ORIENTED_EDGE('',*,*,#5853,.F.);
#5855=EDGE_LOOP('',(#5838,#5840,#5842,#5844,#5846,#5847,#5848,#5850,#5852,
#5854));
#5856=FACE_OUTER_BOUND('',#5855,.F.);
#5857=ADVANCED_FACE('',(#5856),#5837,.T.);
#5858=CARTESIAN_POINT('',(2.907891280796E0,6.347173823573E-1,-2.5E0));
#5859=DIRECTION('',(-5.233595624294E-2,9.986295347546E-1,0.E0));
#5860=DIRECTION('',(0.E0,0.E0,-1.E0));
#5861=AXIS2_PLACEMENT_3D('',#5858,#5859,#5860);
#5862=CYLINDRICAL_SURFACE('',#5861,1.E-1);
#5863=ORIENTED_EDGE('',*,*,#5599,.T.);
#5865=ORIENTED_EDGE('',*,*,#5864,.T.);
#5867=ORIENTED_EDGE('',*,*,#5866,.F.);
#5868=ORIENTED_EDGE('',*,*,#5839,.T.);
#5869=EDGE_LOOP('',(#5863,#5865,#5867,#5868));
#5870=FACE_OUTER_BOUND('',#5869,.F.);
#5871=ADVANCED_FACE('',(#5870),#5862,.T.);
#5872=CARTESIAN_POINT('',(3.740916010939E0,9.5E-1,-6.5E-1));
#5873=DIRECTION('',(-5.233595624294E-2,9.986295347546E-1,0.E0));
#5874=DIRECTION('',(-9.986295347546E-1,-5.233595624294E-2,0.E0));
#5875=AXIS2_PLACEMENT_3D('',#5872,#5873,#5874);
#5876=PLANE('',#5875);
#5877=ORIENTED_EDGE('',*,*,#5605,.F.);
#5879=ORIENTED_EDGE('',*,*,#5878,.F.);
#5881=ORIENTED_EDGE('',*,*,#5880,.T.);
#5883=ORIENTED_EDGE('',*,*,#5882,.F.);
#5884=ORIENTED_EDGE('',*,*,#5739,.T.);
#5885=ORIENTED_EDGE('',*,*,#5828,.F.);
#5887=ORIENTED_EDGE('',*,*,#5886,.F.);
#5889=ORIENTED_EDGE('',*,*,#5888,.F.);
#5891=ORIENTED_EDGE('',*,*,#5890,.F.);
#5892=ORIENTED_EDGE('',*,*,#5864,.F.);
#5893=EDGE_LOOP('',(#5877,#5879,#5881,#5883,#5884,#5885,#5887,#5889,#5891,
#5892));
#5894=FACE_OUTER_BOUND('',#5893,.F.);
#5895=ADVANCED_FACE('',(#5894),#5876,.T.);
#5896=CARTESIAN_POINT('',(3.540077787607E0,9.607570696685E-1,-2.4E0));
#5897=DIRECTION('',(5.233595624295E-2,-9.986295347546E-1,0.E0));
#5898=DIRECTION('',(0.E0,0.E0,-1.E0));
#5899=AXIS2_PLACEMENT_3D('',#5896,#5897,#5898);
#5900=CYLINDRICAL_SURFACE('',#5899,2.E-1);
#5901=ORIENTED_EDGE('',*,*,#5853,.T.);
#5903=ORIENTED_EDGE('',*,*,#5902,.F.);
#5904=ORIENTED_EDGE('',*,*,#5878,.T.);
#5905=ORIENTED_EDGE('',*,*,#5603,.T.);
#5906=EDGE_LOOP('',(#5901,#5903,#5904,#5905));
#5907=FACE_OUTER_BOUND('',#5906,.F.);
#5908=ADVANCED_FACE('',(#5907),#5900,.T.);
#5909=CARTESIAN_POINT('',(3.754E0,7.003426163114E-1,-6.5E-1));
#5910=DIRECTION('',(9.986295347546E-1,5.233595624295E-2,0.E0));
#5911=DIRECTION('',(-5.233595624295E-2,9.986295347546E-1,0.E0));
#5912=AXIS2_PLACEMENT_3D('',#5909,#5910,#5911);
#5913=PLANE('',#5912);
#5915=ORIENTED_EDGE('',*,*,#5914,.T.);
#5916=ORIENTED_EDGE('',*,*,#5880,.F.);
#5917=ORIENTED_EDGE('',*,*,#5902,.T.);
#5918=ORIENTED_EDGE('',*,*,#5851,.F.);
#5919=EDGE_LOOP('',(#5915,#5916,#5917,#5918));
#5920=FACE_OUTER_BOUND('',#5919,.F.);
#5921=ADVANCED_FACE('',(#5920),#5913,.T.);
#5922=CARTESIAN_POINT('',(3.555057108053E0,6.749346087472E-1,-6.E-1));
#5923=DIRECTION('',(-5.233595624295E-2,9.986295347546E-1,0.E0));
#5924=DIRECTION('',(0.E0,0.E0,1.E0));
#5925=AXIS2_PLACEMENT_3D('',#5922,#5923,#5924);
#5926=CYLINDRICAL_SURFACE('',#5925,2.E-1);
#5927=ORIENTED_EDGE('',*,*,#5882,.T.);
#5928=ORIENTED_EDGE('',*,*,#5914,.F.);
#5929=ORIENTED_EDGE('',*,*,#5849,.T.);
#5930=ORIENTED_EDGE('',*,*,#5741,.T.);
#5931=EDGE_LOOP('',(#5927,#5928,#5929,#5930));
#5932=FACE_OUTER_BOUND('',#5931,.F.);
#5933=ADVANCED_FACE('',(#5932),#5926,.T.);
#5934=CARTESIAN_POINT('',(2.793832021879E0,9.003654313388E-1,-2.6E0));
#5935=DIRECTION('',(-9.986295347546E-1,-5.233595624294E-2,0.E0));
#5936=DIRECTION('',(5.233595624294E-2,-9.986295347546E-1,0.E0));
#5937=AXIS2_PLACEMENT_3D('',#5934,#5935,#5936);
#5938=PLANE('',#5937);
#5939=ORIENTED_EDGE('',*,*,#5826,.T.);
#5940=ORIENTED_EDGE('',*,*,#5845,.F.);
#5942=ORIENTED_EDGE('',*,*,#5941,.F.);
#5943=ORIENTED_EDGE('',*,*,#5886,.T.);
#5944=EDGE_LOOP('',(#5939,#5940,#5942,#5943));
#5945=FACE_OUTER_BOUND('',#5944,.F.);
#5946=ADVANCED_FACE('',(#5945),#5938,.T.);
#5947=CARTESIAN_POINT('',(2.793832021879E0,9.003654313388E-1,-2.6E0));
#5948=DIRECTION('',(-9.986295347546E-1,-5.233595624294E-2,0.E0));
#5949=DIRECTION('',(5.233595624294E-2,-9.986295347546E-1,0.E0));
#5950=AXIS2_PLACEMENT_3D('',#5947,#5948,#5949);
#5951=PLANE('',#5950);
#5952=ORIENTED_EDGE('',*,*,#5866,.T.);
#5953=ORIENTED_EDGE('',*,*,#5890,.T.);
#5955=ORIENTED_EDGE('',*,*,#5954,.F.);
#5956=ORIENTED_EDGE('',*,*,#5841,.F.);
#5957=EDGE_LOOP('',(#5952,#5953,#5955,#5956));
#5958=FACE_OUTER_BOUND('',#5957,.F.);
#5959=ADVANCED_FACE('',(#5958),#5951,.T.);
#5960=CARTESIAN_POINT('',(2.693186053399E0,9.100726520301E-1,-5.5E-1));
#5961=DIRECTION('',(5.233595624294E-2,-9.986295347546E-1,0.E0));
#5962=DIRECTION('',(0.E0,0.E0,-1.E0));
#5963=AXIS2_PLACEMENT_3D('',#5960,#5961,#5962);
#5964=CYLINDRICAL_SURFACE('',#5963,1.E-1);
#5965=ORIENTED_EDGE('',*,*,#5487,.F.);
#5967=ORIENTED_EDGE('',*,*,#5966,.T.);
#5968=ORIENTED_EDGE('',*,*,#5941,.T.);
#5970=ORIENTED_EDGE('',*,*,#5969,.T.);
#5971=EDGE_LOOP('',(#5965,#5967,#5968,#5970));
#5972=FACE_OUTER_BOUND('',#5971,.F.);
#5973=ADVANCED_FACE('',(#5972),#5964,.F.);
#5974=CARTESIAN_POINT('',(2.82E0,4.010506639615E-1,-6.5E-1));
#5975=DIRECTION('',(0.E0,0.E0,1.E0));
#5976=DIRECTION('',(1.E0,0.E0,0.E0));
#5977=AXIS2_PLACEMENT_3D('',#5974,#5975,#5976);
#5978=CYLINDRICAL_SURFACE('',#5977,5.E-1);
#5979=ORIENTED_EDGE('',*,*,#5384,.F.);
#5981=ORIENTED_EDGE('',*,*,#5980,.F.);
#5982=ORIENTED_EDGE('',*,*,#5888,.T.);
#5983=ORIENTED_EDGE('',*,*,#5966,.F.);
#5984=ORIENTED_EDGE('',*,*,#5485,.T.);
#5986=ORIENTED_EDGE('',*,*,#5985,.F.);
#5988=ORIENTED_EDGE('',*,*,#5987,.F.);
#5990=ORIENTED_EDGE('',*,*,#5989,.F.);
#5992=ORIENTED_EDGE('',*,*,#5991,.F.);
#5993=EDGE_LOOP('',(#5979,#5981,#5982,#5983,#5984,#5986,#5988,#5990,#5992));
#5994=FACE_OUTER_BOUND('',#5993,.F.);
#5995=ADVANCED_FACE('',(#5994),#5978,.T.);
#5996=CARTESIAN_POINT('',(2.708165373845E0,6.242501911087E-1,-2.3E0));
#5997=DIRECTION('',(-5.233595624294E-2,9.986295347546E-1,0.E0));
#5998=DIRECTION('',(0.E0,0.E0,1.E0));
#5999=AXIS2_PLACEMENT_3D('',#5996,#5997,#5998);
#6000=CYLINDRICAL_SURFACE('',#5999,1.E-1);
#6001=ORIENTED_EDGE('',*,*,#5382,.F.);
#6003=ORIENTED_EDGE('',*,*,#6002,.T.);
#6004=ORIENTED_EDGE('',*,*,#5954,.T.);
#6005=ORIENTED_EDGE('',*,*,#5980,.T.);
#6006=EDGE_LOOP('',(#6001,#6003,#6004,#6005));
#6007=FACE_OUTER_BOUND('',#6006,.F.);
#6008=ADVANCED_FACE('',(#6007),#6000,.F.);
#6009=CARTESIAN_POINT('',(2.82E0,4.010506639615E-1,-6.5E-1));
#6010=DIRECTION('',(0.E0,0.E0,1.E0));
#6011=DIRECTION('',(1.E0,0.E0,0.E0));
#6012=AXIS2_PLACEMENT_3D('',#6009,#6010,#6011);
#6013=CYLINDRICAL_SURFACE('',#6012,2.5E-1);
#6014=ORIENTED_EDGE('',*,*,#5843,.T.);
#6015=ORIENTED_EDGE('',*,*,#6002,.F.);
#6016=ORIENTED_EDGE('',*,*,#5392,.F.);
#6018=ORIENTED_EDGE('',*,*,#6017,.F.);
#6019=ORIENTED_EDGE('',*,*,#5489,.T.);
#6020=ORIENTED_EDGE('',*,*,#5969,.F.);
#6021=EDGE_LOOP('',(#6014,#6015,#6016,#6018,#6019,#6020));
#6022=FACE_OUTER_BOUND('',#6021,.F.);
#6023=ADVANCED_FACE('',(#6022),#6013,.F.);
#6024=CARTESIAN_POINT('',(2.57E0,-1.551050663962E0,-6.5E-1));
#6025=DIRECTION('',(1.E0,0.E0,0.E0));
#6026=DIRECTION('',(0.E0,1.E0,0.E0));
#6027=AXIS2_PLACEMENT_3D('',#6024,#6025,#6026);
#6028=PLANE('',#6027);
#6030=ORIENTED_EDGE('',*,*,#6029,.F.);
#6032=ORIENTED_EDGE('',*,*,#6031,.T.);
#6034=ORIENTED_EDGE('',*,*,#6033,.T.);
#6035=ORIENTED_EDGE('',*,*,#5366,.F.);
#6036=ORIENTED_EDGE('',*,*,#5545,.F.);
#6037=ORIENTED_EDGE('',*,*,#5491,.T.);
#6038=ORIENTED_EDGE('',*,*,#6017,.T.);
#6039=ORIENTED_EDGE('',*,*,#5390,.F.);
#6040=EDGE_LOOP('',(#6030,#6032,#6034,#6035,#6036,#6037,#6038,#6039));
#6041=FACE_OUTER_BOUND('',#6040,.F.);
#6042=ADVANCED_FACE('',(#6041),#6028,.T.);
#6043=CARTESIAN_POINT('',(2.345E0,3.75E-1,-7.E-1));
#6044=DIRECTION('',(0.E0,-1.E0,0.E0));
#6045=DIRECTION('',(1.E0,0.E0,0.E0));
#6046=AXIS2_PLACEMENT_3D('',#6043,#6044,#6045);
#6047=PLANE('',#6046);
#6048=ORIENTED_EDGE('',*,*,#5388,.F.);
#6050=ORIENTED_EDGE('',*,*,#6049,.T.);
#6051=ORIENTED_EDGE('',*,*,#5317,.T.);
#6053=ORIENTED_EDGE('',*,*,#6052,.F.);
#6055=ORIENTED_EDGE('',*,*,#6054,.F.);
#6056=ORIENTED_EDGE('',*,*,#6029,.T.);
#6057=EDGE_LOOP('',(#6048,#6050,#6051,#6053,#6055,#6056));
#6058=FACE_OUTER_BOUND('',#6057,.F.);
#6059=ADVANCED_FACE('',(#6058),#6047,.F.);
#6060=CARTESIAN_POINT('',(2.345E0,-1.85E0,-6.994871794872E-1));
#6061=DIRECTION('',(-1.E0,0.E0,0.E0));
#6062=DIRECTION('',(0.E0,0.E0,-1.E0));
#6063=AXIS2_PLACEMENT_3D('',#6060,#6061,#6062);
#6064=PLANE('',#6063);
#6065=ORIENTED_EDGE('',*,*,#5386,.F.);
#6066=ORIENTED_EDGE('',*,*,#5991,.T.);
#6068=ORIENTED_EDGE('',*,*,#6067,.T.);
#6070=ORIENTED_EDGE('',*,*,#6069,.T.);
#6071=ORIENTED_EDGE('',*,*,#5319,.T.);
#6072=ORIENTED_EDGE('',*,*,#6049,.F.);
#6073=EDGE_LOOP('',(#6065,#6066,#6068,#6070,#6071,#6072));
#6074=FACE_OUTER_BOUND('',#6073,.F.);
#6075=ADVANCED_FACE('',(#6074),#6064,.F.);
#6076=CARTESIAN_POINT('',(2.345E0,-1.85E0,-6.994871794872E-1));
#6077=DIRECTION('',(-1.E0,0.E0,0.E0));
#6078=DIRECTION('',(0.E0,0.E0,-1.E0));
#6079=AXIS2_PLACEMENT_3D('',#6076,#6077,#6078);
#6080=PLANE('',#6079);
#6081=ORIENTED_EDGE('',*,*,#5370,.F.);
#6083=ORIENTED_EDGE('',*,*,#6082,.T.);
#6084=ORIENTED_EDGE('',*,*,#5299,.T.);
#6086=ORIENTED_EDGE('',*,*,#6085,.T.);
#6088=ORIENTED_EDGE('',*,*,#6087,.T.);
#6089=ORIENTED_EDGE('',*,*,#5464,.F.);
#6090=EDGE_LOOP('',(#6081,#6083,#6084,#6086,#6088,#6089));
#6091=FACE_OUTER_BOUND('',#6090,.F.);
#6092=ADVANCED_FACE('',(#6091),#6080,.F.);
#6093=CARTESIAN_POINT('',(2.335725806452E0,-1.85E0,-6.7E-1));
#6094=DIRECTION('',(-9.539308260205E-1,0.E0,-3.000266307645E-1));
#6095=DIRECTION('',(3.000266307645E-1,0.E0,-9.539308260205E-1));
#6096=AXIS2_PLACEMENT_3D('',#6093,#6094,#6095);
#6097=PLANE('',#6096);
#6098=ORIENTED_EDGE('',*,*,#5466,.T.);
#6099=ORIENTED_EDGE('',*,*,#6087,.F.);
#6101=ORIENTED_EDGE('',*,*,#6100,.F.);
#6103=ORIENTED_EDGE('',*,*,#6102,.T.);
#6104=EDGE_LOOP('',(#6098,#6099,#6101,#6103));
#6105=FACE_OUTER_BOUND('',#6104,.F.);
#6106=ADVANCED_FACE('',(#6105),#6097,.F.);
#6107=CARTESIAN_POINT('',(2.335725806452E0,-1.85E0,-6.7E-1));
#6108=DIRECTION('',(-9.539308260205E-1,0.E0,-3.000266307645E-1));
#6109=DIRECTION('',(3.000266307645E-1,0.E0,-9.539308260205E-1));
#6110=AXIS2_PLACEMENT_3D('',#6107,#6108,#6109);
#6111=PLANE('',#6110);
#6112=ORIENTED_EDGE('',*,*,#5989,.T.);
#6114=ORIENTED_EDGE('',*,*,#6113,.T.);
#6116=ORIENTED_EDGE('',*,*,#6115,.T.);
#6117=ORIENTED_EDGE('',*,*,#6067,.F.);
#6118=EDGE_LOOP('',(#6112,#6114,#6116,#6117));
#6119=FACE_OUTER_BOUND('',#6118,.F.);
#6120=ADVANCED_FACE('',(#6119),#6111,.F.);
#6121=CARTESIAN_POINT('',(3.195E0,-1.775E0,0.E0));
#6122=DIRECTION('',(0.E0,1.E0,0.E0));
#6123=DIRECTION('',(-1.E0,0.E0,0.E0));
#6124=AXIS2_PLACEMENT_3D('',#6121,#6122,#6123);
#6125=PLANE('',#6124);
#6126=ORIENTED_EDGE('',*,*,#5297,.T.);
#6128=ORIENTED_EDGE('',*,*,#6127,.F.);
#6130=ORIENTED_EDGE('',*,*,#6129,.T.);
#6132=ORIENTED_EDGE('',*,*,#6131,.T.);
#6134=ORIENTED_EDGE('',*,*,#6133,.T.);
#6136=ORIENTED_EDGE('',*,*,#6135,.T.);
#6138=ORIENTED_EDGE('',*,*,#6137,.T.);
#6140=ORIENTED_EDGE('',*,*,#6139,.F.);
#6142=ORIENTED_EDGE('',*,*,#6141,.T.);
#6144=ORIENTED_EDGE('',*,*,#6143,.T.);
#6146=ORIENTED_EDGE('',*,*,#6145,.T.);
#6147=ORIENTED_EDGE('',*,*,#6100,.T.);
#6148=ORIENTED_EDGE('',*,*,#6085,.F.);
#6149=EDGE_LOOP('',(#6126,#6128,#6130,#6132,#6134,#6136,#6138,#6140,#6142,#6144,
#6146,#6147,#6148));
#6150=FACE_OUTER_BOUND('',#6149,.F.);
#6151=ADVANCED_FACE('',(#6150),#6125,.F.);
#6152=CARTESIAN_POINT('',(2.894487179487E0,-1.775E0,-7.E-1));
#6153=DIRECTION('',(7.078323904449E-1,7.063804265671E-1,0.E0));
#6154=DIRECTION('',(-7.063804265671E-1,7.078323904449E-1,0.E0));
#6155=AXIS2_PLACEMENT_3D('',#6152,#6153,#6154);
#6156=PLANE('',#6155);
#6157=ORIENTED_EDGE('',*,*,#6127,.T.);
#6158=ORIENTED_EDGE('',*,*,#5303,.T.);
#6160=ORIENTED_EDGE('',*,*,#6159,.F.);
#6162=ORIENTED_EDGE('',*,*,#6161,.T.);
#6163=EDGE_LOOP('',(#6157,#6158,#6160,#6162));
#6164=FACE_OUTER_BOUND('',#6163,.F.);
#6165=ADVANCED_FACE('',(#6164),#6156,.F.);
#6166=CARTESIAN_POINT('',(2.645E0,-1.525E0,-7.E-1));
#6167=DIRECTION('',(0.E0,1.E0,0.E0));
#6168=DIRECTION('',(-1.E0,0.E0,0.E0));
#6169=AXIS2_PLACEMENT_3D('',#6166,#6167,#6168);
#6170=PLANE('',#6169);
#6171=ORIENTED_EDGE('',*,*,#5368,.F.);
#6172=ORIENTED_EDGE('',*,*,#6033,.F.);
#6174=ORIENTED_EDGE('',*,*,#6173,.T.);
#6175=ORIENTED_EDGE('',*,*,#6159,.T.);
#6176=ORIENTED_EDGE('',*,*,#5301,.T.);
#6177=ORIENTED_EDGE('',*,*,#6082,.F.);
#6178=EDGE_LOOP('',(#6171,#6172,#6174,#6175,#6176,#6177));
#6179=FACE_OUTER_BOUND('',#6178,.F.);
#6180=ADVANCED_FACE('',(#6179),#6170,.F.);
#6181=CARTESIAN_POINT('',(2.345E0,-1.85E0,-9.494871794872E-1));
#6182=DIRECTION('',(0.E0,0.E0,-1.E0));
#6183=DIRECTION('',(1.E0,0.E0,0.E0));
#6184=AXIS2_PLACEMENT_3D('',#6181,#6182,#6183);
#6185=PLANE('',#6184);
#6186=ORIENTED_EDGE('',*,*,#6031,.F.);
#6187=ORIENTED_EDGE('',*,*,#6054,.T.);
#6189=ORIENTED_EDGE('',*,*,#6188,.F.);
#6190=ORIENTED_EDGE('',*,*,#6173,.F.);
#6191=EDGE_LOOP('',(#6186,#6187,#6189,#6190));
#6192=FACE_OUTER_BOUND('',#6191,.F.);
#6193=ADVANCED_FACE('',(#6192),#6185,.F.);
#6194=CARTESIAN_POINT('',(2.645E0,-1.85E0,-9.494871794872E-1));
#6195=DIRECTION('',(7.071067811865E-1,0.E0,-7.071067811865E-1));
#6196=DIRECTION('',(7.071067811865E-1,0.E0,7.071067811865E-1));
#6197=AXIS2_PLACEMENT_3D('',#6194,#6195,#6196);
#6198=PLANE('',#6197);
#6200=ORIENTED_EDGE('',*,*,#6199,.T.);
#6202=ORIENTED_EDGE('',*,*,#6201,.F.);
#6203=ORIENTED_EDGE('',*,*,#6161,.F.);
#6204=ORIENTED_EDGE('',*,*,#6188,.T.);
#6205=EDGE_LOOP('',(#6200,#6202,#6203,#6204));
#6206=FACE_OUTER_BOUND('',#6205,.F.);
#6207=ADVANCED_FACE('',(#6206),#6198,.F.);
#6208=CARTESIAN_POINT('',(2.645E0,3.75E-1,-7.E-1));
#6209=DIRECTION('',(7.078323904449E-1,-7.063804265671E-1,0.E0));
#6210=DIRECTION('',(7.063804265671E-1,7.078323904449E-1,0.E0));
#6211=AXIS2_PLACEMENT_3D('',#6208,#6209,#6210);
#6212=PLANE('',#6211);
#6214=ORIENTED_EDGE('',*,*,#6213,.T.);
#6215=ORIENTED_EDGE('',*,*,#6199,.F.);
#6216=ORIENTED_EDGE('',*,*,#6052,.T.);
#6217=ORIENTED_EDGE('',*,*,#5315,.T.);
#6218=EDGE_LOOP('',(#6214,#6215,#6216,#6217));
#6219=FACE_OUTER_BOUND('',#6218,.F.);
#6220=ADVANCED_FACE('',(#6219),#6212,.F.);
#6221=CARTESIAN_POINT('',(2.125E0,6.25E-1,0.E0));
#6222=DIRECTION('',(0.E0,-1.E0,0.E0));
#6223=DIRECTION('',(1.E0,0.E0,0.E0));
#6224=AXIS2_PLACEMENT_3D('',#6221,#6222,#6223);
#6225=PLANE('',#6224);
#6226=ORIENTED_EDGE('',*,*,#5313,.F.);
#6227=ORIENTED_EDGE('',*,*,#6069,.F.);
#6228=ORIENTED_EDGE('',*,*,#6115,.F.);
#6230=ORIENTED_EDGE('',*,*,#6229,.F.);
#6232=ORIENTED_EDGE('',*,*,#6231,.F.);
#6234=ORIENTED_EDGE('',*,*,#6233,.F.);
#6236=ORIENTED_EDGE('',*,*,#6235,.T.);
#6238=ORIENTED_EDGE('',*,*,#6237,.F.);
#6240=ORIENTED_EDGE('',*,*,#6239,.F.);
#6242=ORIENTED_EDGE('',*,*,#6241,.F.);
#6244=ORIENTED_EDGE('',*,*,#6243,.T.);
#6246=ORIENTED_EDGE('',*,*,#6245,.F.);
#6247=ORIENTED_EDGE('',*,*,#6213,.F.);
#6248=EDGE_LOOP('',(#6226,#6227,#6228,#6230,#6232,#6234,#6236,#6238,#6240,#6242,
#6244,#6246,#6247));
#6249=FACE_OUTER_BOUND('',#6248,.F.);
#6250=ADVANCED_FACE('',(#6249),#6225,.F.);
#6251=CARTESIAN_POINT('',(2.32E0,-1.85E0,-6.7E-1));
#6252=DIRECTION('',(0.E0,0.E0,-1.E0));
#6253=DIRECTION('',(1.E0,0.E0,0.E0));
#6254=AXIS2_PLACEMENT_3D('',#6251,#6252,#6253);
#6255=PLANE('',#6254);
#6256=ORIENTED_EDGE('',*,*,#5468,.T.);
#6257=ORIENTED_EDGE('',*,*,#6102,.F.);
#6258=ORIENTED_EDGE('',*,*,#6145,.F.);
#6260=ORIENTED_EDGE('',*,*,#6259,.T.);
#6261=EDGE_LOOP('',(#6256,#6257,#6258,#6260));
#6262=FACE_OUTER_BOUND('',#6261,.F.);
#6263=ADVANCED_FACE('',(#6262),#6255,.F.);
#6264=CARTESIAN_POINT('',(2.32E0,-1.85E0,-6.7E-1));
#6265=DIRECTION('',(0.E0,0.E0,-1.E0));
#6266=DIRECTION('',(1.E0,0.E0,0.E0));
#6267=AXIS2_PLACEMENT_3D('',#6264,#6265,#6266);
#6268=PLANE('',#6267);
#6269=ORIENTED_EDGE('',*,*,#5987,.T.);
#6271=ORIENTED_EDGE('',*,*,#6270,.T.);
#6272=ORIENTED_EDGE('',*,*,#6229,.T.);
#6273=ORIENTED_EDGE('',*,*,#6113,.F.);
#6274=EDGE_LOOP('',(#6269,#6271,#6272,#6273));
#6275=FACE_OUTER_BOUND('',#6274,.F.);
#6276=ADVANCED_FACE('',(#6275),#6268,.F.);
#6277=CARTESIAN_POINT('',(2.32E0,-1.85E0,-6.2E-1));
#6278=DIRECTION('',(-1.E0,0.E0,0.E0));
#6279=DIRECTION('',(0.E0,0.E0,-1.E0));
#6280=AXIS2_PLACEMENT_3D('',#6277,#6278,#6279);
#6281=PLANE('',#6280);
#6282=ORIENTED_EDGE('',*,*,#5483,.T.);
#6283=ORIENTED_EDGE('',*,*,#5470,.F.);
#6284=ORIENTED_EDGE('',*,*,#6259,.F.);
#6285=ORIENTED_EDGE('',*,*,#6143,.F.);
#6287=ORIENTED_EDGE('',*,*,#6286,.T.);
#6288=ORIENTED_EDGE('',*,*,#6231,.T.);
#6289=ORIENTED_EDGE('',*,*,#6270,.F.);
#6290=ORIENTED_EDGE('',*,*,#5985,.T.);
#6291=EDGE_LOOP('',(#6282,#6283,#6284,#6285,#6287,#6288,#6289,#6290));
#6292=FACE_OUTER_BOUND('',#6291,.F.);
#6293=ADVANCED_FACE('',(#6292),#6281,.F.);
#6294=CARTESIAN_POINT('',(2.125E0,-1.85E0,0.E0));
#6295=DIRECTION('',(-9.539308260205E-1,0.E0,-3.000266307645E-1));
#6296=DIRECTION('',(3.000266307645E-1,0.E0,-9.539308260205E-1));
#6297=AXIS2_PLACEMENT_3D('',#6294,#6295,#6296);
#6298=PLANE('',#6297);
#6299=ORIENTED_EDGE('',*,*,#6141,.F.);
#6300=ORIENTED_EDGE('',*,*,#5045,.T.);
#6301=ORIENTED_EDGE('',*,*,#6233,.T.);
#6302=ORIENTED_EDGE('',*,*,#6286,.F.);
#6303=EDGE_LOOP('',(#6299,#6300,#6301,#6302));
#6304=FACE_OUTER_BOUND('',#6303,.F.);
#6305=ADVANCED_FACE('',(#6304),#6298,.F.);
#6306=CARTESIAN_POINT('',(2.125E0,-1.85E0,-4.2E0));
#6307=DIRECTION('',(-1.E0,0.E0,0.E0));
#6308=DIRECTION('',(0.E0,0.E0,-1.E0));
#6309=AXIS2_PLACEMENT_3D('',#6306,#6307,#6308);
#6310=PLANE('',#6309);
#6312=ORIENTED_EDGE('',*,*,#6311,.T.);
#6313=ORIENTED_EDGE('',*,*,#5047,.T.);
#6314=ORIENTED_EDGE('',*,*,#6139,.T.);
#6316=ORIENTED_EDGE('',*,*,#6315,.T.);
#6317=ORIENTED_EDGE('',*,*,#6235,.F.);
#6318=ORIENTED_EDGE('',*,*,#5043,.F.);
#6320=ORIENTED_EDGE('',*,*,#6319,.F.);
#6322=ORIENTED_EDGE('',*,*,#6321,.T.);
#6324=ORIENTED_EDGE('',*,*,#6323,.T.);
#6326=ORIENTED_EDGE('',*,*,#6325,.F.);
#6327=EDGE_LOOP('',(#6312,#6313,#6314,#6316,#6317,#6318,#6320,#6322,#6324,
#6326));
#6328=FACE_OUTER_BOUND('',#6327,.F.);
#6329=ADVANCED_FACE('',(#6328),#6310,.F.);
#6330=CARTESIAN_POINT('',(-3.895E0,-1.85E0,0.E0));
#6331=DIRECTION('',(0.E0,-1.E0,0.E0));
#6332=DIRECTION('',(1.E0,0.E0,0.E0));
#6333=AXIS2_PLACEMENT_3D('',#6330,#6331,#6332);
#6334=PLANE('',#6333);
#6335=ORIENTED_EDGE('',*,*,#5066,.T.);
#6337=ORIENTED_EDGE('',*,*,#6336,.T.);
#6339=ORIENTED_EDGE('',*,*,#6338,.T.);
#6341=ORIENTED_EDGE('',*,*,#6340,.F.);
#6343=ORIENTED_EDGE('',*,*,#6342,.F.);
#6345=ORIENTED_EDGE('',*,*,#6344,.F.);
#6346=ORIENTED_EDGE('',*,*,#5199,.F.);
#6347=ORIENTED_EDGE('',*,*,#5001,.T.);
#6348=EDGE_LOOP('',(#6335,#6337,#6339,#6341,#6343,#6345,#6346,#6347));
#6349=FACE_OUTER_BOUND('',#6348,.F.);
#6350=ADVANCED_FACE('',(#6349),#6334,.T.);
#6351=CARTESIAN_POINT('',(-3.895E0,-1.85E0,0.E0));
#6352=DIRECTION('',(0.E0,-1.E0,0.E0));
#6353=DIRECTION('',(1.E0,0.E0,0.E0));
#6354=AXIS2_PLACEMENT_3D('',#6351,#6352,#6353);
#6355=PLANE('',#6354);
#6357=ORIENTED_EDGE('',*,*,#6356,.T.);
#6359=ORIENTED_EDGE('',*,*,#6358,.T.);
#6361=ORIENTED_EDGE('',*,*,#6360,.F.);
#6362=ORIENTED_EDGE('',*,*,#5049,.T.);
#6363=ORIENTED_EDGE('',*,*,#6311,.F.);
#6365=ORIENTED_EDGE('',*,*,#6364,.F.);
#6367=ORIENTED_EDGE('',*,*,#6366,.F.);
#6369=ORIENTED_EDGE('',*,*,#6368,.F.);
#6370=EDGE_LOOP('',(#6357,#6359,#6361,#6362,#6363,#6365,#6367,#6369));
#6371=FACE_OUTER_BOUND('',#6370,.F.);
#6372=ADVANCED_FACE('',(#6371),#6355,.T.);
#6373=CARTESIAN_POINT('',(-1.5E-1,-1.85E0,-1.4E0));
#6374=DIRECTION('',(0.E0,0.E0,1.E0));
#6375=DIRECTION('',(-1.E0,0.E0,0.E0));
#6376=AXIS2_PLACEMENT_3D('',#6373,#6374,#6375);
#6377=PLANE('',#6376);
#6378=ORIENTED_EDGE('',*,*,#6336,.F.);
#6379=ORIENTED_EDGE('',*,*,#5064,.T.);
#6381=ORIENTED_EDGE('',*,*,#6380,.T.);
#6383=ORIENTED_EDGE('',*,*,#6382,.F.);
#6384=EDGE_LOOP('',(#6378,#6379,#6381,#6383));
#6385=FACE_OUTER_BOUND('',#6384,.F.);
#6386=ADVANCED_FACE('',(#6385),#6377,.F.);
#6387=CARTESIAN_POINT('',(-1.525E0,-1.45E0,0.E0));
#6388=DIRECTION('',(0.E0,-1.E0,0.E0));
#6389=DIRECTION('',(1.E0,0.E0,0.E0));
#6390=AXIS2_PLACEMENT_3D('',#6387,#6388,#6389);
#6391=PLANE('',#6390);
#6392=ORIENTED_EDGE('',*,*,#5062,.F.);
#6393=ORIENTED_EDGE('',*,*,#5080,.T.);
#6395=ORIENTED_EDGE('',*,*,#6394,.T.);
#6397=ORIENTED_EDGE('',*,*,#6396,.T.);
#6399=ORIENTED_EDGE('',*,*,#6398,.T.);
#6400=ORIENTED_EDGE('',*,*,#6380,.F.);
#6401=EDGE_LOOP('',(#6392,#6393,#6395,#6397,#6399,#6400));
#6402=FACE_OUTER_BOUND('',#6401,.F.);
#6403=ADVANCED_FACE('',(#6402),#6391,.F.);
#6404=CARTESIAN_POINT('',(-1.525E0,-1.45E0,0.E0));
#6405=DIRECTION('',(0.E0,-1.E0,0.E0));
#6406=DIRECTION('',(1.E0,0.E0,0.E0));
#6407=AXIS2_PLACEMENT_3D('',#6404,#6405,#6406);
#6408=PLANE('',#6407);
#6410=ORIENTED_EDGE('',*,*,#6409,.F.);
#6412=ORIENTED_EDGE('',*,*,#6411,.T.);
#6414=ORIENTED_EDGE('',*,*,#6413,.F.);
#6415=ORIENTED_EDGE('',*,*,#5092,.T.);
#6417=ORIENTED_EDGE('',*,*,#6416,.T.);
#6419=ORIENTED_EDGE('',*,*,#6418,.F.);
#6420=EDGE_LOOP('',(#6410,#6412,#6414,#6415,#6417,#6419));
#6421=FACE_OUTER_BOUND('',#6420,.F.);
#6422=ADVANCED_FACE('',(#6421),#6408,.F.);
#6423=CARTESIAN_POINT('',(-1.525E0,-9.82E-1,0.E0));
#6424=DIRECTION('',(-1.E0,0.E0,0.E0));
#6425=DIRECTION('',(0.E0,-1.E0,0.E0));
#6426=AXIS2_PLACEMENT_3D('',#6423,#6424,#6425);
#6427=PLANE('',#6426);
#6428=ORIENTED_EDGE('',*,*,#5107,.T.);
#6429=ORIENTED_EDGE('',*,*,#5125,.T.);
#6431=ORIENTED_EDGE('',*,*,#6430,.T.);
#6432=ORIENTED_EDGE('',*,*,#6394,.F.);
#6433=EDGE_LOOP('',(#6428,#6429,#6431,#6432));
#6434=FACE_OUTER_BOUND('',#6433,.F.);
#6435=ADVANCED_FACE('',(#6434),#6427,.F.);
#6436=CARTESIAN_POINT('',(0.E0,0.E0,-2.9E0));
#6437=DIRECTION('',(0.E0,0.E0,1.E0));
#6438=DIRECTION('',(1.E0,0.E0,0.E0));
#6439=AXIS2_PLACEMENT_3D('',#6436,#6437,#6438);
#6440=PLANE('',#6439);
#6442=ORIENTED_EDGE('',*,*,#6441,.F.);
#6444=ORIENTED_EDGE('',*,*,#6443,.F.);
#6446=ORIENTED_EDGE('',*,*,#6445,.F.);
#6448=ORIENTED_EDGE('',*,*,#6447,.F.);
#6450=ORIENTED_EDGE('',*,*,#6449,.F.);
#6452=ORIENTED_EDGE('',*,*,#6451,.F.);
#6453=ORIENTED_EDGE('',*,*,#6411,.F.);
#6455=ORIENTED_EDGE('',*,*,#6454,.F.);
#6456=ORIENTED_EDGE('',*,*,#6396,.F.);
#6457=ORIENTED_EDGE('',*,*,#6430,.F.);
#6458=ORIENTED_EDGE('',*,*,#5123,.F.);
#6459=ORIENTED_EDGE('',*,*,#5138,.F.);
#6460=ORIENTED_EDGE('',*,*,#5153,.F.);
#6462=ORIENTED_EDGE('',*,*,#6461,.F.);
#6463=EDGE_LOOP('',(#6442,#6444,#6446,#6448,#6450,#6452,#6453,#6455,#6456,#6457,
#6458,#6459,#6460,#6462));
#6464=FACE_OUTER_BOUND('',#6463,.F.);
#6466=ORIENTED_EDGE('',*,*,#6465,.T.);
#6468=ORIENTED_EDGE('',*,*,#6467,.T.);
#6470=ORIENTED_EDGE('',*,*,#6469,.F.);
#6472=ORIENTED_EDGE('',*,*,#6471,.F.);
#6473=EDGE_LOOP('',(#6466,#6468,#6470,#6472));
#6474=FACE_BOUND('',#6473,.F.);
#6476=ORIENTED_EDGE('',*,*,#6475,.T.);
#6478=ORIENTED_EDGE('',*,*,#6477,.T.);
#6480=ORIENTED_EDGE('',*,*,#6479,.F.);
#6482=ORIENTED_EDGE('',*,*,#6481,.F.);
#6483=EDGE_LOOP('',(#6476,#6478,#6480,#6482));
#6484=FACE_BOUND('',#6483,.F.);
#6485=ADVANCED_FACE('',(#6464,#6474,#6484),#6440,.T.);
#6486=CARTESIAN_POINT('',(-4.75E-1,0.E0,0.E0));
#6487=DIRECTION('',(-1.E0,0.E0,0.E0));
#6488=DIRECTION('',(0.E0,-1.E0,0.E0));
#6489=AXIS2_PLACEMENT_3D('',#6486,#6487,#6488);
#6490=PLANE('',#6489);
#6492=ORIENTED_EDGE('',*,*,#6491,.F.);
#6494=ORIENTED_EDGE('',*,*,#6493,.T.);
#6496=ORIENTED_EDGE('',*,*,#6495,.T.);
#6498=ORIENTED_EDGE('',*,*,#6497,.T.);
#6500=ORIENTED_EDGE('',*,*,#6499,.T.);
#6502=ORIENTED_EDGE('',*,*,#6501,.T.);
#6504=ORIENTED_EDGE('',*,*,#6503,.T.);
#6506=ORIENTED_EDGE('',*,*,#6505,.T.);
#6508=ORIENTED_EDGE('',*,*,#6507,.T.);
#6510=ORIENTED_EDGE('',*,*,#6509,.T.);
#6512=ORIENTED_EDGE('',*,*,#6511,.T.);
#6514=ORIENTED_EDGE('',*,*,#6513,.T.);
#6516=ORIENTED_EDGE('',*,*,#6515,.T.);
#6518=ORIENTED_EDGE('',*,*,#6517,.T.);
#6520=ORIENTED_EDGE('',*,*,#6519,.F.);
#6521=EDGE_LOOP('',(#6492,#6494,#6496,#6498,#6500,#6502,#6504,#6506,#6508,#6510,
#6512,#6514,#6516,#6518,#6520));
#6522=FACE_OUTER_BOUND('',#6521,.F.);
#6523=ADVANCED_FACE('',(#6522),#6490,.F.);
#6524=CARTESIAN_POINT('',(-4.75E-1,0.E0,0.E0));
#6525=DIRECTION('',(-1.E0,0.E0,0.E0));
#6526=DIRECTION('',(0.E0,-1.E0,0.E0));
#6527=AXIS2_PLACEMENT_3D('',#6524,#6525,#6526);
#6528=PLANE('',#6527);
#6529=ORIENTED_EDGE('',*,*,#6465,.F.);
#6531=ORIENTED_EDGE('',*,*,#6530,.T.);
#6533=ORIENTED_EDGE('',*,*,#6532,.T.);
#6535=ORIENTED_EDGE('',*,*,#6534,.T.);
#6536=EDGE_LOOP('',(#6529,#6531,#6533,#6535));
#6537=FACE_OUTER_BOUND('',#6536,.F.);
#6538=ADVANCED_FACE('',(#6537),#6528,.F.);
#6539=CARTESIAN_POINT('',(1.695E0,-1.85E0,-4.25E0));
#6540=DIRECTION('',(0.E0,0.E0,1.E0));
#6541=DIRECTION('',(-1.E0,0.E0,0.E0));
#6542=AXIS2_PLACEMENT_3D('',#6539,#6540,#6541);
#6543=PLANE('',#6542);
#6545=ORIENTED_EDGE('',*,*,#6544,.F.);
#6547=ORIENTED_EDGE('',*,*,#6546,.F.);
#6549=ORIENTED_EDGE('',*,*,#6548,.T.);
#6551=ORIENTED_EDGE('',*,*,#6550,.T.);
#6553=ORIENTED_EDGE('',*,*,#6552,.F.);
#6555=ORIENTED_EDGE('',*,*,#6554,.F.);
#6557=ORIENTED_EDGE('',*,*,#6556,.F.);
#6559=ORIENTED_EDGE('',*,*,#6558,.F.);
#6560=ORIENTED_EDGE('',*,*,#6491,.T.);
#6562=ORIENTED_EDGE('',*,*,#6561,.F.);
#6564=ORIENTED_EDGE('',*,*,#6563,.T.);
#6566=ORIENTED_EDGE('',*,*,#6565,.F.);
#6567=EDGE_LOOP('',(#6545,#6547,#6549,#6551,#6553,#6555,#6557,#6559,#6560,#6562,
#6564,#6566));
#6568=FACE_OUTER_BOUND('',#6567,.F.);
#6569=ADVANCED_FACE('',(#6568),#6543,.F.);
#6570=CARTESIAN_POINT('',(7.75E-1,0.E0,0.E0));
#6571=DIRECTION('',(-1.E0,0.E0,0.E0));
#6572=DIRECTION('',(0.E0,-1.E0,0.E0));
#6573=AXIS2_PLACEMENT_3D('',#6570,#6571,#6572);
#6574=PLANE('',#6573);
#6575=ORIENTED_EDGE('',*,*,#6544,.T.);
#6577=ORIENTED_EDGE('',*,*,#6576,.T.);
#6579=ORIENTED_EDGE('',*,*,#6578,.T.);
#6581=ORIENTED_EDGE('',*,*,#6580,.T.);
#6583=ORIENTED_EDGE('',*,*,#6582,.T.);
#6585=ORIENTED_EDGE('',*,*,#6584,.T.);
#6587=ORIENTED_EDGE('',*,*,#6586,.T.);
#6589=ORIENTED_EDGE('',*,*,#6588,.T.);
#6591=ORIENTED_EDGE('',*,*,#6590,.T.);
#6593=ORIENTED_EDGE('',*,*,#6592,.T.);
#6595=ORIENTED_EDGE('',*,*,#6594,.T.);
#6597=ORIENTED_EDGE('',*,*,#6596,.T.);
#6599=ORIENTED_EDGE('',*,*,#6598,.T.);
#6601=ORIENTED_EDGE('',*,*,#6600,.T.);
#6603=ORIENTED_EDGE('',*,*,#6602,.F.);
#6604=EDGE_LOOP('',(#6575,#6577,#6579,#6581,#6583,#6585,#6587,#6589,#6591,#6593,
#6595,#6597,#6599,#6601,#6603));
#6605=FACE_OUTER_BOUND('',#6604,.F.);
#6606=ADVANCED_FACE('',(#6605),#6574,.F.);
#6607=CARTESIAN_POINT('',(7.75E-1,0.E0,0.E0));
#6608=DIRECTION('',(-1.E0,0.E0,0.E0));
#6609=DIRECTION('',(0.E0,-1.E0,0.E0));
#6610=AXIS2_PLACEMENT_3D('',#6607,#6608,#6609);
#6611=PLANE('',#6610);
#6612=ORIENTED_EDGE('',*,*,#6475,.F.);
#6614=ORIENTED_EDGE('',*,*,#6613,.T.);
#6616=ORIENTED_EDGE('',*,*,#6615,.T.);
#6618=ORIENTED_EDGE('',*,*,#6617,.T.);
#6619=EDGE_LOOP('',(#6612,#6614,#6616,#6618));
#6620=FACE_OUTER_BOUND('',#6619,.F.);
#6621=ADVANCED_FACE('',(#6620),#6611,.F.);
#6622=CARTESIAN_POINT('',(7.75E-1,6.5E-1,-4.25E0));
#6623=DIRECTION('',(0.E0,1.E0,0.E0));
#6624=DIRECTION('',(0.E0,0.E0,-1.E0));
#6625=AXIS2_PLACEMENT_3D('',#6622,#6623,#6624);
#6626=PLANE('',#6625);
#6627=ORIENTED_EDGE('',*,*,#6565,.T.);
#6629=ORIENTED_EDGE('',*,*,#6628,.T.);
#6631=ORIENTED_EDGE('',*,*,#6630,.F.);
#6632=ORIENTED_EDGE('',*,*,#6576,.F.);
#6633=EDGE_LOOP('',(#6627,#6629,#6631,#6632));
#6634=FACE_OUTER_BOUND('',#6633,.F.);
#6635=ADVANCED_FACE('',(#6634),#6626,.T.);
#6636=CARTESIAN_POINT('',(4.75E-1,0.E0,0.E0));
#6637=DIRECTION('',(-1.E0,0.E0,0.E0));
#6638=DIRECTION('',(0.E0,-1.E0,0.E0));
#6639=AXIS2_PLACEMENT_3D('',#6636,#6637,#6638);
#6640=PLANE('',#6639);
#6641=ORIENTED_EDGE('',*,*,#6563,.F.);
#6643=ORIENTED_EDGE('',*,*,#6642,.T.);
#6645=ORIENTED_EDGE('',*,*,#6644,.F.);
#6647=ORIENTED_EDGE('',*,*,#6646,.F.);
#6649=ORIENTED_EDGE('',*,*,#6648,.F.);
#6651=ORIENTED_EDGE('',*,*,#6650,.F.);
#6653=ORIENTED_EDGE('',*,*,#6652,.F.);
#6655=ORIENTED_EDGE('',*,*,#6654,.F.);
#6657=ORIENTED_EDGE('',*,*,#6656,.F.);
#6659=ORIENTED_EDGE('',*,*,#6658,.F.);
#6661=ORIENTED_EDGE('',*,*,#6660,.F.);
#6663=ORIENTED_EDGE('',*,*,#6662,.F.);
#6665=ORIENTED_EDGE('',*,*,#6664,.F.);
#6667=ORIENTED_EDGE('',*,*,#6666,.F.);
#6668=ORIENTED_EDGE('',*,*,#6628,.F.);
#6669=EDGE_LOOP('',(#6641,#6643,#6645,#6647,#6649,#6651,#6653,#6655,#6657,#6659,
#6661,#6663,#6665,#6667,#6668));
#6670=FACE_OUTER_BOUND('',#6669,.F.);
#6671=ADVANCED_FACE('',(#6670),#6640,.T.);
#6672=CARTESIAN_POINT('',(4.75E-1,0.E0,0.E0));
#6673=DIRECTION('',(-1.E0,0.E0,0.E0));
#6674=DIRECTION('',(0.E0,-1.E0,0.E0));
#6675=AXIS2_PLACEMENT_3D('',#6672,#6673,#6674);
#6676=PLANE('',#6675);
#6677=ORIENTED_EDGE('',*,*,#6479,.T.);
#6679=ORIENTED_EDGE('',*,*,#6678,.F.);
#6681=ORIENTED_EDGE('',*,*,#6680,.F.);
#6683=ORIENTED_EDGE('',*,*,#6682,.F.);
#6684=EDGE_LOOP('',(#6677,#6679,#6681,#6683));
#6685=FACE_OUTER_BOUND('',#6684,.F.);
#6686=ADVANCED_FACE('',(#6685),#6676,.T.);
#6687=CARTESIAN_POINT('',(-1.695E0,-1.45E0,-4.25E0));
#6688=DIRECTION('',(0.E0,1.E0,0.E0));
#6689=DIRECTION('',(0.E0,0.E0,1.E0));
#6690=AXIS2_PLACEMENT_3D('',#6687,#6688,#6689);
#6691=PLANE('',#6690);
#6693=ORIENTED_EDGE('',*,*,#6692,.F.);
#6694=ORIENTED_EDGE('',*,*,#6554,.T.);
#6696=ORIENTED_EDGE('',*,*,#6695,.T.);
#6698=ORIENTED_EDGE('',*,*,#6697,.T.);
#6699=EDGE_LOOP('',(#6693,#6694,#6696,#6698));
#6700=FACE_OUTER_BOUND('',#6699,.F.);
#6701=ADVANCED_FACE('',(#6700),#6691,.F.);
#6702=CARTESIAN_POINT('',(-1.695E0,-1.45E0,-4.25E0));
#6703=DIRECTION('',(0.E0,1.E0,0.E0));
#6704=DIRECTION('',(0.E0,0.E0,1.E0));
#6705=AXIS2_PLACEMENT_3D('',#6702,#6703,#6704);
#6706=PLANE('',#6705);
#6707=ORIENTED_EDGE('',*,*,#6602,.T.);
#6709=ORIENTED_EDGE('',*,*,#6708,.T.);
#6711=ORIENTED_EDGE('',*,*,#6710,.F.);
#6712=ORIENTED_EDGE('',*,*,#6546,.T.);
#6713=EDGE_LOOP('',(#6707,#6709,#6711,#6712));
#6714=FACE_OUTER_BOUND('',#6713,.F.);
#6715=ADVANCED_FACE('',(#6714),#6706,.F.);
#6716=CARTESIAN_POINT('',(-1.695E0,-1.45E0,-4.25E0));
#6717=DIRECTION('',(0.E0,1.E0,0.E0));
#6718=DIRECTION('',(0.E0,0.E0,1.E0));
#6719=AXIS2_PLACEMENT_3D('',#6716,#6717,#6718);
#6720=PLANE('',#6719);
#6721=ORIENTED_EDGE('',*,*,#6642,.F.);
#6722=ORIENTED_EDGE('',*,*,#6561,.T.);
#6723=ORIENTED_EDGE('',*,*,#6519,.T.);
#6725=ORIENTED_EDGE('',*,*,#6724,.T.);
#6727=ORIENTED_EDGE('',*,*,#6726,.F.);
#6728=ORIENTED_EDGE('',*,*,#6454,.T.);
#6730=ORIENTED_EDGE('',*,*,#6729,.F.);
#6732=ORIENTED_EDGE('',*,*,#6731,.T.);
#6733=EDGE_LOOP('',(#6721,#6722,#6723,#6725,#6727,#6728,#6730,#6732));
#6734=FACE_OUTER_BOUND('',#6733,.F.);
#6735=ADVANCED_FACE('',(#6734),#6720,.F.);
#6736=CARTESIAN_POINT('',(-7.75E-1,0.E0,0.E0));
#6737=DIRECTION('',(-1.E0,0.E0,0.E0));
#6738=DIRECTION('',(0.E0,-1.E0,0.E0));
#6739=AXIS2_PLACEMENT_3D('',#6736,#6737,#6738);
#6740=PLANE('',#6739);
#6741=ORIENTED_EDGE('',*,*,#6556,.T.);
#6742=ORIENTED_EDGE('',*,*,#6692,.T.);
#6744=ORIENTED_EDGE('',*,*,#6743,.F.);
#6746=ORIENTED_EDGE('',*,*,#6745,.F.);
#6748=ORIENTED_EDGE('',*,*,#6747,.F.);
#6750=ORIENTED_EDGE('',*,*,#6749,.F.);
#6752=ORIENTED_EDGE('',*,*,#6751,.F.);
#6754=ORIENTED_EDGE('',*,*,#6753,.F.);
#6756=ORIENTED_EDGE('',*,*,#6755,.F.);
#6758=ORIENTED_EDGE('',*,*,#6757,.F.);
#6760=ORIENTED_EDGE('',*,*,#6759,.F.);
#6762=ORIENTED_EDGE('',*,*,#6761,.F.);
#6764=ORIENTED_EDGE('',*,*,#6763,.F.);
#6766=ORIENTED_EDGE('',*,*,#6765,.F.);
#6768=ORIENTED_EDGE('',*,*,#6767,.F.);
#6769=EDGE_LOOP('',(#6741,#6742,#6744,#6746,#6748,#6750,#6752,#6754,#6756,#6758,
#6760,#6762,#6764,#6766,#6768));
#6770=FACE_OUTER_BOUND('',#6769,.F.);
#6771=ADVANCED_FACE('',(#6770),#6740,.T.);
#6772=CARTESIAN_POINT('',(-7.75E-1,0.E0,0.E0));
#6773=DIRECTION('',(-1.E0,0.E0,0.E0));
#6774=DIRECTION('',(0.E0,-1.E0,0.E0));
#6775=AXIS2_PLACEMENT_3D('',#6772,#6773,#6774);
#6776=PLANE('',#6775);
#6777=ORIENTED_EDGE('',*,*,#6469,.T.);
#6779=ORIENTED_EDGE('',*,*,#6778,.F.);
#6781=ORIENTED_EDGE('',*,*,#6780,.F.);
#6783=ORIENTED_EDGE('',*,*,#6782,.F.);
#6784=EDGE_LOOP('',(#6777,#6779,#6781,#6783));
#6785=FACE_OUTER_BOUND('',#6784,.F.);
#6786=ADVANCED_FACE('',(#6785),#6776,.T.);
#6787=CARTESIAN_POINT('',(-4.75E-1,-1.95E0,-4.05E0));
#6788=DIRECTION('',(0.E0,0.E0,1.E0));
#6789=DIRECTION('',(0.E0,1.E0,0.E0));
#6790=AXIS2_PLACEMENT_3D('',#6787,#6788,#6789);
#6791=PLANE('',#6790);
#6792=ORIENTED_EDGE('',*,*,#6724,.F.);
#6793=ORIENTED_EDGE('',*,*,#6517,.F.);
#6795=ORIENTED_EDGE('',*,*,#6794,.T.);
#6796=ORIENTED_EDGE('',*,*,#6743,.T.);
#6798=ORIENTED_EDGE('',*,*,#6797,.F.);
#6799=EDGE_LOOP('',(#6792,#6793,#6795,#6796,#6798));
#6800=FACE_OUTER_BOUND('',#6799,.F.);
#6801=ADVANCED_FACE('',(#6800),#6791,.T.);
#6802=CARTESIAN_POINT('',(-4.75E-1,-1.95E0,-4.2E0));
#6803=DIRECTION('',(-1.E0,0.E0,0.E0));
#6804=DIRECTION('',(0.E0,-1.E0,0.E0));
#6805=AXIS2_PLACEMENT_3D('',#6802,#6803,#6804);
#6806=CYLINDRICAL_SURFACE('',#6805,1.5E-1);
#6807=ORIENTED_EDGE('',*,*,#6515,.F.);
#6809=ORIENTED_EDGE('',*,*,#6808,.T.);
#6810=ORIENTED_EDGE('',*,*,#6745,.T.);
#6811=ORIENTED_EDGE('',*,*,#6794,.F.);
#6812=EDGE_LOOP('',(#6807,#6809,#6810,#6811));
#6813=FACE_OUTER_BOUND('',#6812,.F.);
#6814=ADVANCED_FACE('',(#6813),#6806,.T.);
#6815=CARTESIAN_POINT('',(-4.75E-1,-2.1E0,-4.55E0));
#6816=DIRECTION('',(0.E0,-1.E0,0.E0));
#6817=DIRECTION('',(0.E0,0.E0,1.E0));
#6818=AXIS2_PLACEMENT_3D('',#6815,#6816,#6817);
#6819=PLANE('',#6818);
#6820=ORIENTED_EDGE('',*,*,#6513,.F.);
#6822=ORIENTED_EDGE('',*,*,#6821,.T.);
#6823=ORIENTED_EDGE('',*,*,#6747,.T.);
#6824=ORIENTED_EDGE('',*,*,#6808,.F.);
#6825=EDGE_LOOP('',(#6820,#6822,#6823,#6824));
#6826=FACE_OUTER_BOUND('',#6825,.F.);
#6827=ADVANCED_FACE('',(#6826),#6819,.T.);
#6828=CARTESIAN_POINT('',(-4.75E-1,-1.95E0,-4.55E0));
#6829=DIRECTION('',(-1.E0,0.E0,0.E0));
#6830=DIRECTION('',(0.E0,-1.E0,0.E0));
#6831=AXIS2_PLACEMENT_3D('',#6828,#6829,#6830);
#6832=CYLINDRICAL_SURFACE('',#6831,1.5E-1);
#6833=ORIENTED_EDGE('',*,*,#6511,.F.);
#6835=ORIENTED_EDGE('',*,*,#6834,.T.);
#6836=ORIENTED_EDGE('',*,*,#6749,.T.);
#6837=ORIENTED_EDGE('',*,*,#6821,.F.);
#6838=EDGE_LOOP('',(#6833,#6835,#6836,#6837));
#6839=FACE_OUTER_BOUND('',#6838,.F.);
#6840=ADVANCED_FACE('',(#6839),#6832,.T.);
#6841=CARTESIAN_POINT('',(-4.75E-1,-1.75E0,-4.5E0));
#6842=DIRECTION('',(0.E0,7.071067811865E-1,-7.071067811865E-1));
#6843=DIRECTION('',(0.E0,-7.071067811865E-1,-7.071067811865E-1));
#6844=AXIS2_PLACEMENT_3D('',#6841,#6842,#6843);
#6845=PLANE('',#6844);
#6846=ORIENTED_EDGE('',*,*,#6509,.F.);
#6848=ORIENTED_EDGE('',*,*,#6847,.T.);
#6849=ORIENTED_EDGE('',*,*,#6751,.T.);
#6850=ORIENTED_EDGE('',*,*,#6834,.F.);
#6851=EDGE_LOOP('',(#6846,#6848,#6849,#6850));
#6852=FACE_OUTER_BOUND('',#6851,.F.);
#6853=ADVANCED_FACE('',(#6852),#6845,.T.);
#6854=CARTESIAN_POINT('',(-4.75E-1,-1.075E0,-4.5E0));
#6855=DIRECTION('',(0.E0,0.E0,-1.E0));
#6856=DIRECTION('',(0.E0,-1.E0,0.E0));
#6857=AXIS2_PLACEMENT_3D('',#6854,#6855,#6856);
#6858=PLANE('',#6857);
#6859=ORIENTED_EDGE('',*,*,#6507,.F.);
#6861=ORIENTED_EDGE('',*,*,#6860,.T.);
#6862=ORIENTED_EDGE('',*,*,#6753,.T.);
#6863=ORIENTED_EDGE('',*,*,#6847,.F.);
#6864=EDGE_LOOP('',(#6859,#6861,#6862,#6863));
#6865=FACE_OUTER_BOUND('',#6864,.F.);
#6866=ADVANCED_FACE('',(#6865),#6858,.T.);
#6867=CARTESIAN_POINT('',(-4.75E-1,-9.75E-1,-4.6E0));
#6868=DIRECTION('',(0.E0,-7.071067811866E-1,-7.071067811865E-1));
#6869=DIRECTION('',(0.E0,-7.071067811865E-1,7.071067811866E-1));
#6870=AXIS2_PLACEMENT_3D('',#6867,#6868,#6869);
#6871=PLANE('',#6870);
#6872=ORIENTED_EDGE('',*,*,#6505,.F.);
#6874=ORIENTED_EDGE('',*,*,#6873,.T.);
#6875=ORIENTED_EDGE('',*,*,#6755,.T.);
#6876=ORIENTED_EDGE('',*,*,#6860,.F.);
#6877=EDGE_LOOP('',(#6872,#6874,#6875,#6876));
#6878=FACE_OUTER_BOUND('',#6877,.F.);
#6879=ADVANCED_FACE('',(#6878),#6871,.T.);
#6880=CARTESIAN_POINT('',(-4.75E-1,-4.75E-1,-4.6E0));
#6881=DIRECTION('',(0.E0,0.E0,-1.E0));
#6882=DIRECTION('',(0.E0,-1.E0,0.E0));
#6883=AXIS2_PLACEMENT_3D('',#6880,#6881,#6882);
#6884=PLANE('',#6883);
#6885=ORIENTED_EDGE('',*,*,#6503,.F.);
#6887=ORIENTED_EDGE('',*,*,#6886,.T.);
#6888=ORIENTED_EDGE('',*,*,#6757,.T.);
#6889=ORIENTED_EDGE('',*,*,#6873,.F.);
#6890=EDGE_LOOP('',(#6885,#6887,#6888,#6889));
#6891=FACE_OUTER_BOUND('',#6890,.F.);
#6892=ADVANCED_FACE('',(#6891),#6884,.T.);
#6893=CARTESIAN_POINT('',(-4.75E-1,-3.75E-1,-4.5E0));
#6894=DIRECTION('',(0.E0,7.071067811865E-1,-7.071067811865E-1));
#6895=DIRECTION('',(0.E0,-7.071067811865E-1,-7.071067811865E-1));
#6896=AXIS2_PLACEMENT_3D('',#6893,#6894,#6895);
#6897=PLANE('',#6896);
#6898=ORIENTED_EDGE('',*,*,#6501,.F.);
#6900=ORIENTED_EDGE('',*,*,#6899,.T.);
#6901=ORIENTED_EDGE('',*,*,#6759,.T.);
#6902=ORIENTED_EDGE('',*,*,#6886,.F.);
#6903=EDGE_LOOP('',(#6898,#6900,#6901,#6902));
#6904=FACE_OUTER_BOUND('',#6903,.F.);
#6905=ADVANCED_FACE('',(#6904),#6897,.T.);
#6906=CARTESIAN_POINT('',(-4.75E-1,3.E-1,-4.5E0));
#6907=DIRECTION('',(0.E0,0.E0,-1.E0));
#6908=DIRECTION('',(0.E0,-1.E0,0.E0));
#6909=AXIS2_PLACEMENT_3D('',#6906,#6907,#6908);
#6910=PLANE('',#6909);
#6911=ORIENTED_EDGE('',*,*,#6499,.F.);
#6913=ORIENTED_EDGE('',*,*,#6912,.T.);
#6914=ORIENTED_EDGE('',*,*,#6761,.T.);
#6915=ORIENTED_EDGE('',*,*,#6899,.F.);
#6916=EDGE_LOOP('',(#6911,#6913,#6914,#6915));
#6917=FACE_OUTER_BOUND('',#6916,.F.);
#6918=ADVANCED_FACE('',(#6917),#6910,.T.);
#6919=CARTESIAN_POINT('',(-4.75E-1,5.E-1,-4.7E0));
#6920=DIRECTION('',(0.E0,-7.071067811865E-1,-7.071067811865E-1));
#6921=DIRECTION('',(0.E0,-7.071067811865E-1,7.071067811865E-1));
#6922=AXIS2_PLACEMENT_3D('',#6919,#6920,#6921);
#6923=PLANE('',#6922);
#6924=ORIENTED_EDGE('',*,*,#6497,.F.);
#6926=ORIENTED_EDGE('',*,*,#6925,.T.);
#6927=ORIENTED_EDGE('',*,*,#6763,.T.);
#6928=ORIENTED_EDGE('',*,*,#6912,.F.);
#6929=EDGE_LOOP('',(#6924,#6926,#6927,#6928));
#6930=FACE_OUTER_BOUND('',#6929,.F.);
#6931=ADVANCED_FACE('',(#6930),#6923,.T.);
#6932=CARTESIAN_POINT('',(-4.75E-1,5.E-1,-4.55E0));
#6933=DIRECTION('',(-1.E0,0.E0,0.E0));
#6934=DIRECTION('',(0.E0,-1.E0,0.E0));
#6935=AXIS2_PLACEMENT_3D('',#6932,#6933,#6934);
#6936=CYLINDRICAL_SURFACE('',#6935,1.5E-1);
#6937=ORIENTED_EDGE('',*,*,#6495,.F.);
#6939=ORIENTED_EDGE('',*,*,#6938,.T.);
#6940=ORIENTED_EDGE('',*,*,#6765,.T.);
#6941=ORIENTED_EDGE('',*,*,#6925,.F.);
#6942=EDGE_LOOP('',(#6937,#6939,#6940,#6941));
#6943=FACE_OUTER_BOUND('',#6942,.F.);
#6944=ADVANCED_FACE('',(#6943),#6936,.T.);
#6945=CARTESIAN_POINT('',(-4.75E-1,6.5E-1,-4.25E0));
#6946=DIRECTION('',(0.E0,1.E0,0.E0));
#6947=DIRECTION('',(0.E0,0.E0,-1.E0));
#6948=AXIS2_PLACEMENT_3D('',#6945,#6946,#6947);
#6949=PLANE('',#6948);
#6950=ORIENTED_EDGE('',*,*,#6558,.T.);
#6951=ORIENTED_EDGE('',*,*,#6767,.T.);
#6952=ORIENTED_EDGE('',*,*,#6938,.F.);
#6953=ORIENTED_EDGE('',*,*,#6493,.F.);
#6954=EDGE_LOOP('',(#6950,#6951,#6952,#6953));
#6955=FACE_OUTER_BOUND('',#6954,.F.);
#6956=ADVANCED_FACE('',(#6955),#6949,.T.);
#6957=CARTESIAN_POINT('',(-1.695E0,-1.45E0,-4.05E0));
#6958=DIRECTION('',(0.E0,7.808688094430E-1,6.246950475544E-1));
#6959=DIRECTION('',(0.E0,-6.246950475544E-1,7.808688094430E-1));
#6960=AXIS2_PLACEMENT_3D('',#6957,#6958,#6959);
#6961=PLANE('',#6960);
#6962=ORIENTED_EDGE('',*,*,#6697,.F.);
#6964=ORIENTED_EDGE('',*,*,#6963,.T.);
#6965=ORIENTED_EDGE('',*,*,#6340,.T.);
#6967=ORIENTED_EDGE('',*,*,#6966,.F.);
#6968=ORIENTED_EDGE('',*,*,#6797,.T.);
#6969=EDGE_LOOP('',(#6962,#6964,#6965,#6967,#6968));
#6970=FACE_OUTER_BOUND('',#6969,.F.);
#6971=ADVANCED_FACE('',(#6970),#6961,.F.);
#6972=CARTESIAN_POINT('',(-1.695E0,-1.45E0,-4.05E0));
#6973=DIRECTION('',(0.E0,7.808688094430E-1,6.246950475544E-1));
#6974=DIRECTION('',(0.E0,-6.246950475544E-1,7.808688094430E-1));
#6975=AXIS2_PLACEMENT_3D('',#6972,#6973,#6974);
#6976=PLANE('',#6975);
#6978=ORIENTED_EDGE('',*,*,#6977,.T.);
#6979=ORIENTED_EDGE('',*,*,#6368,.T.);
#6981=ORIENTED_EDGE('',*,*,#6980,.F.);
#6982=ORIENTED_EDGE('',*,*,#6708,.F.);
#6984=ORIENTED_EDGE('',*,*,#6983,.T.);
#6985=EDGE_LOOP('',(#6978,#6979,#6981,#6982,#6984));
#6986=FACE_OUTER_BOUND('',#6985,.F.);
#6987=ADVANCED_FACE('',(#6986),#6976,.F.);
#6988=CARTESIAN_POINT('',(-1.695E0,-1.85E0,-4.25E0));
#6989=DIRECTION('',(-1.E0,0.E0,0.E0));
#6990=DIRECTION('',(0.E0,0.E0,-1.E0));
#6991=AXIS2_PLACEMENT_3D('',#6988,#6989,#6990);
#6992=PLANE('',#6991);
#6993=ORIENTED_EDGE('',*,*,#6342,.T.);
#6994=ORIENTED_EDGE('',*,*,#6963,.F.);
#6995=ORIENTED_EDGE('',*,*,#6695,.F.);
#6996=ORIENTED_EDGE('',*,*,#6552,.T.);
#6998=ORIENTED_EDGE('',*,*,#6997,.F.);
#7000=ORIENTED_EDGE('',*,*,#6999,.F.);
#7001=EDGE_LOOP('',(#6993,#6994,#6995,#6996,#6998,#7000));
#7002=FACE_OUTER_BOUND('',#7001,.F.);
#7003=ADVANCED_FACE('',(#7002),#6992,.F.);
#7004=CARTESIAN_POINT('',(3.895E0,1.35E0,0.E0));
#7005=DIRECTION('',(0.E0,1.E0,0.E0));
#7006=DIRECTION('',(-1.E0,0.E0,0.E0));
#7007=AXIS2_PLACEMENT_3D('',#7004,#7005,#7006);
#7008=PLANE('',#7007);
#7010=ORIENTED_EDGE('',*,*,#7009,.T.);
#7012=ORIENTED_EDGE('',*,*,#7011,.T.);
#7014=ORIENTED_EDGE('',*,*,#7013,.F.);
#7016=ORIENTED_EDGE('',*,*,#7015,.F.);
#7017=ORIENTED_EDGE('',*,*,#5203,.F.);
#7019=ORIENTED_EDGE('',*,*,#7018,.F.);
#7020=ORIENTED_EDGE('',*,*,#6997,.T.);
#7021=ORIENTED_EDGE('',*,*,#6550,.F.);
#7023=ORIENTED_EDGE('',*,*,#7022,.F.);
#7025=ORIENTED_EDGE('',*,*,#7024,.F.);
#7026=ORIENTED_EDGE('',*,*,#6323,.F.);
#7028=ORIENTED_EDGE('',*,*,#7027,.F.);
#7029=EDGE_LOOP('',(#7010,#7012,#7014,#7016,#7017,#7019,#7020,#7021,#7023,#7025,
#7026,#7028));
#7030=FACE_OUTER_BOUND('',#7029,.F.);
#7031=ADVANCED_FACE('',(#7030),#7008,.T.);
#7032=CARTESIAN_POINT('',(1.225E0,9.5E-1,0.E0));
#7033=DIRECTION('',(1.E0,0.E0,0.E0));
#7034=DIRECTION('',(0.E0,1.E0,0.E0));
#7035=AXIS2_PLACEMENT_3D('',#7032,#7033,#7034);
#7036=PLANE('',#7035);
#7038=ORIENTED_EDGE('',*,*,#7037,.T.);
#7039=ORIENTED_EDGE('',*,*,#7009,.F.);
#7041=ORIENTED_EDGE('',*,*,#7040,.F.);
#7043=ORIENTED_EDGE('',*,*,#7042,.F.);
#7045=ORIENTED_EDGE('',*,*,#7044,.T.);
#7046=EDGE_LOOP('',(#7038,#7039,#7041,#7043,#7045));
#7047=FACE_OUTER_BOUND('',#7046,.F.);
#7048=ADVANCED_FACE('',(#7047),#7036,.F.);
#7049=CARTESIAN_POINT('',(0.E0,0.E0,-1.5E0));
#7050=DIRECTION('',(0.E0,0.E0,1.E0));
#7051=DIRECTION('',(-1.E0,0.E0,0.E0));
#7052=AXIS2_PLACEMENT_3D('',#7049,#7050,#7051);
#7053=PLANE('',#7052);
#7055=ORIENTED_EDGE('',*,*,#7054,.F.);
#7056=ORIENTED_EDGE('',*,*,#7011,.F.);
#7057=ORIENTED_EDGE('',*,*,#7037,.F.);
#7059=ORIENTED_EDGE('',*,*,#7058,.F.);
#7060=EDGE_LOOP('',(#7055,#7056,#7057,#7059));
#7061=FACE_OUTER_BOUND('',#7060,.F.);
#7062=ADVANCED_FACE('',(#7061),#7053,.T.);
#7063=CARTESIAN_POINT('',(-1.225E0,1.35E0,0.E0));
#7064=DIRECTION('',(-1.E0,0.E0,0.E0));
#7065=DIRECTION('',(0.E0,-1.E0,0.E0));
#7066=AXIS2_PLACEMENT_3D('',#7063,#7064,#7065);
#7067=PLANE('',#7066);
#7068=ORIENTED_EDGE('',*,*,#7054,.T.);
#7070=ORIENTED_EDGE('',*,*,#7069,.F.);
#7072=ORIENTED_EDGE('',*,*,#7071,.F.);
#7074=ORIENTED_EDGE('',*,*,#7073,.F.);
#7075=ORIENTED_EDGE('',*,*,#7013,.T.);
#7076=EDGE_LOOP('',(#7068,#7070,#7072,#7074,#7075));
#7077=FACE_OUTER_BOUND('',#7076,.F.);
#7078=ADVANCED_FACE('',(#7077),#7067,.F.);
#7079=CARTESIAN_POINT('',(-1.225E0,9.5E-1,0.E0));
#7080=DIRECTION('',(0.E0,1.E0,0.E0));
#7081=DIRECTION('',(-1.E0,0.E0,0.E0));
#7082=AXIS2_PLACEMENT_3D('',#7079,#7080,#7081);
#7083=PLANE('',#7082);
#7084=ORIENTED_EDGE('',*,*,#7058,.T.);
#7085=ORIENTED_EDGE('',*,*,#7044,.F.);
#7087=ORIENTED_EDGE('',*,*,#7086,.F.);
#7089=ORIENTED_EDGE('',*,*,#7088,.T.);
#7090=ORIENTED_EDGE('',*,*,#6441,.T.);
#7092=ORIENTED_EDGE('',*,*,#7091,.F.);
#7094=ORIENTED_EDGE('',*,*,#7093,.F.);
#7095=ORIENTED_EDGE('',*,*,#7069,.T.);
#7096=EDGE_LOOP('',(#7084,#7085,#7087,#7089,#7090,#7092,#7094,#7095));
#7097=FACE_OUTER_BOUND('',#7096,.F.);
#7098=ADVANCED_FACE('',(#7097),#7083,.F.);
#7099=CARTESIAN_POINT('',(1.375E0,1.05E0,-1.1E0));
#7100=DIRECTION('',(0.E0,-7.071067811865E-1,7.071067811865E-1));
#7101=DIRECTION('',(-1.E0,0.E0,0.E0));
#7102=AXIS2_PLACEMENT_3D('',#7099,#7100,#7101);
#7103=PLANE('',#7102);
#7104=ORIENTED_EDGE('',*,*,#7042,.T.);
#7106=ORIENTED_EDGE('',*,*,#7105,.F.);
#7108=ORIENTED_EDGE('',*,*,#7107,.T.);
#7109=ORIENTED_EDGE('',*,*,#7086,.T.);
#7110=EDGE_LOOP('',(#7104,#7106,#7108,#7109));
#7111=FACE_OUTER_BOUND('',#7110,.F.);
#7112=ADVANCED_FACE('',(#7111),#7103,.T.);
#7113=CARTESIAN_POINT('',(0.E0,0.E0,-1.E0));
#7114=DIRECTION('',(0.E0,0.E0,1.E0));
#7115=DIRECTION('',(1.E0,0.E0,0.E0));
#7116=AXIS2_PLACEMENT_3D('',#7113,#7114,#7115);
#7117=PLANE('',#7116);
#7119=ORIENTED_EDGE('',*,*,#7118,.T.);
#7121=ORIENTED_EDGE('',*,*,#7120,.T.);
#7122=ORIENTED_EDGE('',*,*,#5182,.F.);
#7123=ORIENTED_EDGE('',*,*,#5205,.T.);
#7124=ORIENTED_EDGE('',*,*,#7015,.T.);
#7125=ORIENTED_EDGE('',*,*,#7073,.T.);
#7126=EDGE_LOOP('',(#7119,#7121,#7122,#7123,#7124,#7125));
#7127=FACE_OUTER_BOUND('',#7126,.F.);
#7128=ADVANCED_FACE('',(#7127),#7117,.T.);
#7129=CARTESIAN_POINT('',(0.E0,0.E0,-1.E0));
#7130=DIRECTION('',(0.E0,0.E0,1.E0));
#7131=DIRECTION('',(1.E0,0.E0,0.E0));
#7132=AXIS2_PLACEMENT_3D('',#7129,#7130,#7131);
#7133=PLANE('',#7132);
#7134=ORIENTED_EDGE('',*,*,#7105,.T.);
#7135=ORIENTED_EDGE('',*,*,#7040,.T.);
#7136=ORIENTED_EDGE('',*,*,#7027,.T.);
#7137=ORIENTED_EDGE('',*,*,#6321,.F.);
#7139=ORIENTED_EDGE('',*,*,#7138,.F.);
#7141=ORIENTED_EDGE('',*,*,#7140,.F.);
#7142=EDGE_LOOP('',(#7134,#7135,#7136,#7137,#7139,#7141));
#7143=FACE_OUTER_BOUND('',#7142,.F.);
#7144=ADVANCED_FACE('',(#7143),#7133,.T.);
#7145=CARTESIAN_POINT('',(-1.375E0,1.05E0,-1.1E0));
#7146=DIRECTION('',(0.E0,-7.071067811865E-1,7.071067811865E-1));
#7147=DIRECTION('',(-1.E0,0.E0,0.E0));
#7148=AXIS2_PLACEMENT_3D('',#7145,#7146,#7147);
#7149=PLANE('',#7148);
#7150=ORIENTED_EDGE('',*,*,#7118,.F.);
#7151=ORIENTED_EDGE('',*,*,#7071,.T.);
#7152=ORIENTED_EDGE('',*,*,#7093,.T.);
#7154=ORIENTED_EDGE('',*,*,#7153,.T.);
#7155=EDGE_LOOP('',(#7150,#7151,#7152,#7154));
#7156=FACE_OUTER_BOUND('',#7155,.F.);
#7157=ADVANCED_FACE('',(#7156),#7149,.T.);
#7158=CARTESIAN_POINT('',(-1.525E0,9.5E-1,0.E0));
#7159=DIRECTION('',(-1.E0,0.E0,0.E0));
#7160=DIRECTION('',(0.E0,-1.E0,0.E0));
#7161=AXIS2_PLACEMENT_3D('',#7158,#7159,#7160);
#7162=PLANE('',#7161);
#7163=ORIENTED_EDGE('',*,*,#5184,.T.);
#7164=ORIENTED_EDGE('',*,*,#7120,.F.);
#7165=ORIENTED_EDGE('',*,*,#7153,.F.);
#7166=ORIENTED_EDGE('',*,*,#7091,.T.);
#7167=ORIENTED_EDGE('',*,*,#6461,.T.);
#7168=ORIENTED_EDGE('',*,*,#5151,.F.);
#7169=ORIENTED_EDGE('',*,*,#5166,.T.);
#7170=EDGE_LOOP('',(#7163,#7164,#7165,#7166,#7167,#7168,#7169));
#7171=FACE_OUTER_BOUND('',#7170,.F.);
#7172=ADVANCED_FACE('',(#7171),#7162,.F.);
#7173=CARTESIAN_POINT('',(1.225E0,9.5E-1,0.E0));
#7174=DIRECTION('',(0.E0,-1.E0,0.E0));
#7175=DIRECTION('',(1.E0,0.E0,0.E0));
#7176=AXIS2_PLACEMENT_3D('',#7173,#7174,#7175);
#7177=PLANE('',#7176);
#7179=ORIENTED_EDGE('',*,*,#7178,.F.);
#7181=ORIENTED_EDGE('',*,*,#7180,.T.);
#7182=ORIENTED_EDGE('',*,*,#7138,.T.);
#7183=ORIENTED_EDGE('',*,*,#6319,.T.);
#7184=ORIENTED_EDGE('',*,*,#5041,.T.);
#7185=EDGE_LOOP('',(#7179,#7181,#7182,#7183,#7184));
#7186=FACE_OUTER_BOUND('',#7185,.F.);
#7187=ADVANCED_FACE('',(#7186),#7177,.F.);
#7188=CARTESIAN_POINT('',(1.675E0,5.09E-1,-1.E-1));
#7189=DIRECTION('',(-5.547001962252E-1,0.E0,8.320502943378E-1));
#7190=DIRECTION('',(0.E0,-1.E0,0.E0));
#7191=AXIS2_PLACEMENT_3D('',#7188,#7189,#7190);
#7192=PLANE('',#7191);
#7194=ORIENTED_EDGE('',*,*,#7193,.T.);
#7196=ORIENTED_EDGE('',*,*,#7195,.F.);
#7197=ORIENTED_EDGE('',*,*,#7178,.T.);
#7198=ORIENTED_EDGE('',*,*,#5039,.T.);
#7199=EDGE_LOOP('',(#7194,#7196,#7197,#7198));
#7200=FACE_OUTER_BOUND('',#7199,.F.);
#7201=ADVANCED_FACE('',(#7200),#7192,.T.);
#7202=CARTESIAN_POINT('',(1.825E0,6.8E-2,0.E0));
#7203=DIRECTION('',(0.E0,1.E0,0.E0));
#7204=DIRECTION('',(-1.E0,0.E0,0.E0));
#7205=AXIS2_PLACEMENT_3D('',#7202,#7203,#7204);
#7206=PLANE('',#7205);
#7207=ORIENTED_EDGE('',*,*,#7193,.F.);
#7209=ORIENTED_EDGE('',*,*,#7208,.T.);
#7210=ORIENTED_EDGE('',*,*,#6445,.T.);
#7212=ORIENTED_EDGE('',*,*,#7211,.F.);
#7213=EDGE_LOOP('',(#7207,#7209,#7210,#7212));
#7214=FACE_OUTER_BOUND('',#7213,.F.);
#7215=ADVANCED_FACE('',(#7214),#7206,.F.);
#7216=CARTESIAN_POINT('',(1.825E0,-9.82E-1,0.E0));
#7217=DIRECTION('',(1.E0,0.E0,0.E0));
#7218=DIRECTION('',(0.E0,1.E0,0.E0));
#7219=AXIS2_PLACEMENT_3D('',#7216,#7217,#7218);
#7220=PLANE('',#7219);
#7221=ORIENTED_EDGE('',*,*,#5037,.F.);
#7223=ORIENTED_EDGE('',*,*,#7222,.T.);
#7224=ORIENTED_EDGE('',*,*,#6447,.T.);
#7225=ORIENTED_EDGE('',*,*,#7208,.F.);
#7226=EDGE_LOOP('',(#7221,#7223,#7224,#7225));
#7227=FACE_OUTER_BOUND('',#7226,.F.);
#7228=ADVANCED_FACE('',(#7227),#7220,.F.);
#7229=CARTESIAN_POINT('',(1.525E0,-9.82E-1,0.E0));
#7230=DIRECTION('',(0.E0,-1.E0,0.E0));
#7231=DIRECTION('',(1.E0,0.E0,0.E0));
#7232=AXIS2_PLACEMENT_3D('',#7229,#7230,#7231);
#7233=PLANE('',#7232);
#7235=ORIENTED_EDGE('',*,*,#7234,.F.);
#7237=ORIENTED_EDGE('',*,*,#7236,.T.);
#7238=ORIENTED_EDGE('',*,*,#6449,.T.);
#7239=ORIENTED_EDGE('',*,*,#7222,.F.);
#7240=ORIENTED_EDGE('',*,*,#5035,.F.);
#7241=EDGE_LOOP('',(#7235,#7237,#7238,#7239,#7240));
#7242=FACE_OUTER_BOUND('',#7241,.F.);
#7243=ADVANCED_FACE('',(#7242),#7233,.F.);
#7244=CARTESIAN_POINT('',(1.625E0,-1.216E0,-1.E-1));
#7245=DIRECTION('',(-7.071067811865E-1,0.E0,7.071067811865E-1));
#7246=DIRECTION('',(0.E0,-1.E0,0.E0));
#7247=AXIS2_PLACEMENT_3D('',#7244,#7245,#7246);
#7248=PLANE('',#7247);
#7249=ORIENTED_EDGE('',*,*,#7234,.T.);
#7250=ORIENTED_EDGE('',*,*,#5033,.T.);
#7251=ORIENTED_EDGE('',*,*,#5094,.F.);
#7253=ORIENTED_EDGE('',*,*,#7252,.F.);
#7254=EDGE_LOOP('',(#7249,#7250,#7251,#7253));
#7255=FACE_OUTER_BOUND('',#7254,.F.);
#7256=ADVANCED_FACE('',(#7255),#7248,.T.);
#7257=CARTESIAN_POINT('',(1.525E0,-1.45E0,0.E0));
#7258=DIRECTION('',(1.E0,0.E0,0.E0));
#7259=DIRECTION('',(0.E0,1.E0,0.E0));
#7260=AXIS2_PLACEMENT_3D('',#7257,#7258,#7259);
#7261=PLANE('',#7260);
#7262=ORIENTED_EDGE('',*,*,#7252,.T.);
#7263=ORIENTED_EDGE('',*,*,#6413,.T.);
#7264=ORIENTED_EDGE('',*,*,#6451,.T.);
#7265=ORIENTED_EDGE('',*,*,#7236,.F.);
#7266=EDGE_LOOP('',(#7262,#7263,#7264,#7265));
#7267=FACE_OUTER_BOUND('',#7266,.F.);
#7268=ADVANCED_FACE('',(#7267),#7261,.F.);
#7269=CARTESIAN_POINT('',(1.525E0,6.8E-2,0.E0));
#7270=DIRECTION('',(1.E0,0.E0,0.E0));
#7271=DIRECTION('',(0.E0,1.E0,0.E0));
#7272=AXIS2_PLACEMENT_3D('',#7269,#7270,#7271);
#7273=PLANE('',#7272);
#7274=ORIENTED_EDGE('',*,*,#7088,.F.);
#7275=ORIENTED_EDGE('',*,*,#7107,.F.);
#7276=ORIENTED_EDGE('',*,*,#7140,.T.);
#7277=ORIENTED_EDGE('',*,*,#7180,.F.);
#7278=ORIENTED_EDGE('',*,*,#7195,.T.);
#7279=ORIENTED_EDGE('',*,*,#7211,.T.);
#7280=ORIENTED_EDGE('',*,*,#6443,.T.);
#7281=EDGE_LOOP('',(#7274,#7275,#7276,#7277,#7278,#7279,#7280));
#7282=FACE_OUTER_BOUND('',#7281,.F.);
#7283=ADVANCED_FACE('',(#7282),#7273,.F.);
#7284=CARTESIAN_POINT('',(0.E0,0.E0,-4.7E0));
#7285=DIRECTION('',(0.E0,0.E0,1.E0));
#7286=DIRECTION('',(1.E0,0.E0,0.E0));
#7287=AXIS2_PLACEMENT_3D('',#7284,#7285,#7286);
#7288=PLANE('',#7287);
#7289=ORIENTED_EDGE('',*,*,#5201,.F.);
#7290=ORIENTED_EDGE('',*,*,#6344,.T.);
#7291=ORIENTED_EDGE('',*,*,#6999,.T.);
#7292=ORIENTED_EDGE('',*,*,#7018,.T.);
#7293=EDGE_LOOP('',(#7289,#7290,#7291,#7292));
#7294=FACE_OUTER_BOUND('',#7293,.F.);
#7295=ADVANCED_FACE('',(#7294),#7288,.F.);
#7296=CARTESIAN_POINT('',(0.E0,0.E0,-4.7E0));
#7297=DIRECTION('',(0.E0,0.E0,1.E0));
#7298=DIRECTION('',(1.E0,0.E0,0.E0));
#7299=AXIS2_PLACEMENT_3D('',#7296,#7297,#7298);
#7300=PLANE('',#7299);
#7301=ORIENTED_EDGE('',*,*,#6325,.T.);
#7302=ORIENTED_EDGE('',*,*,#7024,.T.);
#7304=ORIENTED_EDGE('',*,*,#7303,.F.);
#7305=ORIENTED_EDGE('',*,*,#6364,.T.);
#7306=EDGE_LOOP('',(#7301,#7302,#7304,#7305));
#7307=FACE_OUTER_BOUND('',#7306,.F.);
#7308=ADVANCED_FACE('',(#7307),#7300,.F.);
#7309=CARTESIAN_POINT('',(1.695E0,-1.85E0,-4.7E0));
#7310=DIRECTION('',(1.E0,0.E0,0.E0));
#7311=DIRECTION('',(0.E0,0.E0,1.E0));
#7312=AXIS2_PLACEMENT_3D('',#7309,#7310,#7311);
#7313=PLANE('',#7312);
#7314=ORIENTED_EDGE('',*,*,#6548,.F.);
#7315=ORIENTED_EDGE('',*,*,#6710,.T.);
#7316=ORIENTED_EDGE('',*,*,#6980,.T.);
#7317=ORIENTED_EDGE('',*,*,#6366,.T.);
#7318=ORIENTED_EDGE('',*,*,#7303,.T.);
#7319=ORIENTED_EDGE('',*,*,#7022,.T.);
#7320=EDGE_LOOP('',(#7314,#7315,#7316,#7317,#7318,#7319));
#7321=FACE_OUTER_BOUND('',#7320,.F.);
#7322=ADVANCED_FACE('',(#7321),#7313,.F.);
#7323=CARTESIAN_POINT('',(-5.5E-1,-1.85E0,-1.4E0));
#7324=DIRECTION('',(-1.E0,0.E0,0.E0));
#7325=DIRECTION('',(0.E0,0.E0,-1.E0));
#7326=AXIS2_PLACEMENT_3D('',#7323,#7324,#7325);
#7327=PLANE('',#7326);
#7328=ORIENTED_EDGE('',*,*,#6966,.T.);
#7329=ORIENTED_EDGE('',*,*,#6338,.F.);
#7330=ORIENTED_EDGE('',*,*,#6382,.T.);
#7331=ORIENTED_EDGE('',*,*,#6398,.F.);
#7332=ORIENTED_EDGE('',*,*,#6726,.T.);
#7333=EDGE_LOOP('',(#7328,#7329,#7330,#7331,#7332));
#7334=FACE_OUTER_BOUND('',#7333,.F.);
#7335=ADVANCED_FACE('',(#7334),#7327,.F.);
#7336=CARTESIAN_POINT('',(5.5E-1,-1.85E0,-4.25E0));
#7337=DIRECTION('',(1.E0,0.E0,0.E0));
#7338=DIRECTION('',(0.E0,0.E0,1.E0));
#7339=AXIS2_PLACEMENT_3D('',#7336,#7337,#7338);
#7340=PLANE('',#7339);
#7341=ORIENTED_EDGE('',*,*,#6977,.F.);
#7342=ORIENTED_EDGE('',*,*,#6729,.T.);
#7343=ORIENTED_EDGE('',*,*,#6409,.T.);
#7345=ORIENTED_EDGE('',*,*,#7344,.F.);
#7346=ORIENTED_EDGE('',*,*,#6356,.F.);
#7347=EDGE_LOOP('',(#7341,#7342,#7343,#7345,#7346));
#7348=FACE_OUTER_BOUND('',#7347,.F.);
#7349=ADVANCED_FACE('',(#7348),#7340,.F.);
#7350=CARTESIAN_POINT('',(5.5E-1,-1.85E0,-1.4E0));
#7351=DIRECTION('',(0.E0,0.E0,1.E0));
#7352=DIRECTION('',(-1.E0,0.E0,0.E0));
#7353=AXIS2_PLACEMENT_3D('',#7350,#7351,#7352);
#7354=PLANE('',#7353);
#7355=ORIENTED_EDGE('',*,*,#6358,.F.);
#7356=ORIENTED_EDGE('',*,*,#7344,.T.);
#7357=ORIENTED_EDGE('',*,*,#6418,.T.);
#7359=ORIENTED_EDGE('',*,*,#7358,.F.);
#7360=EDGE_LOOP('',(#7355,#7356,#7357,#7359));
#7361=FACE_OUTER_BOUND('',#7360,.F.);
#7362=ADVANCED_FACE('',(#7361),#7354,.F.);
#7363=CARTESIAN_POINT('',(1.5E-1,-1.85E0,-1.4E0));
#7364=DIRECTION('',(1.E0,0.E0,0.E0));
#7365=DIRECTION('',(0.E0,0.E0,1.E0));
#7366=AXIS2_PLACEMENT_3D('',#7363,#7364,#7365);
#7367=PLANE('',#7366);
#7368=ORIENTED_EDGE('',*,*,#5029,.F.);
#7369=ORIENTED_EDGE('',*,*,#6360,.T.);
#7370=ORIENTED_EDGE('',*,*,#7358,.T.);
#7371=ORIENTED_EDGE('',*,*,#6416,.F.);
#7372=ORIENTED_EDGE('',*,*,#5090,.T.);
#7373=EDGE_LOOP('',(#7368,#7369,#7370,#7371,#7372));
#7374=FACE_OUTER_BOUND('',#7373,.F.);
#7375=ADVANCED_FACE('',(#7374),#7367,.F.);
#7376=CARTESIAN_POINT('',(7.75E-1,-1.95E0,-4.05E0));
#7377=DIRECTION('',(0.E0,0.E0,1.E0));
#7378=DIRECTION('',(0.E0,1.E0,0.E0));
#7379=AXIS2_PLACEMENT_3D('',#7376,#7377,#7378);
#7380=PLANE('',#7379);
#7381=ORIENTED_EDGE('',*,*,#6731,.F.);
#7382=ORIENTED_EDGE('',*,*,#6983,.F.);
#7383=ORIENTED_EDGE('',*,*,#6600,.F.);
#7385=ORIENTED_EDGE('',*,*,#7384,.T.);
#7386=ORIENTED_EDGE('',*,*,#6644,.T.);
#7387=EDGE_LOOP('',(#7381,#7382,#7383,#7385,#7386));
#7388=FACE_OUTER_BOUND('',#7387,.F.);
#7389=ADVANCED_FACE('',(#7388),#7380,.T.);
#7390=CARTESIAN_POINT('',(7.75E-1,-1.95E0,-4.2E0));
#7391=DIRECTION('',(-1.E0,0.E0,0.E0));
#7392=DIRECTION('',(0.E0,-1.E0,0.E0));
#7393=AXIS2_PLACEMENT_3D('',#7390,#7391,#7392);
#7394=CYLINDRICAL_SURFACE('',#7393,1.5E-1);
#7395=ORIENTED_EDGE('',*,*,#6598,.F.);
#7397=ORIENTED_EDGE('',*,*,#7396,.T.);
#7398=ORIENTED_EDGE('',*,*,#6646,.T.);
#7399=ORIENTED_EDGE('',*,*,#7384,.F.);
#7400=EDGE_LOOP('',(#7395,#7397,#7398,#7399));
#7401=FACE_OUTER_BOUND('',#7400,.F.);
#7402=ADVANCED_FACE('',(#7401),#7394,.T.);
#7403=CARTESIAN_POINT('',(7.75E-1,-2.1E0,-4.55E0));
#7404=DIRECTION('',(0.E0,-1.E0,0.E0));
#7405=DIRECTION('',(0.E0,0.E0,1.E0));
#7406=AXIS2_PLACEMENT_3D('',#7403,#7404,#7405);
#7407=PLANE('',#7406);
#7408=ORIENTED_EDGE('',*,*,#6596,.F.);
#7410=ORIENTED_EDGE('',*,*,#7409,.T.);
#7411=ORIENTED_EDGE('',*,*,#6648,.T.);
#7412=ORIENTED_EDGE('',*,*,#7396,.F.);
#7413=EDGE_LOOP('',(#7408,#7410,#7411,#7412));
#7414=FACE_OUTER_BOUND('',#7413,.F.);
#7415=ADVANCED_FACE('',(#7414),#7407,.T.);
#7416=CARTESIAN_POINT('',(7.75E-1,-1.95E0,-4.55E0));
#7417=DIRECTION('',(-1.E0,0.E0,0.E0));
#7418=DIRECTION('',(0.E0,-1.E0,0.E0));
#7419=AXIS2_PLACEMENT_3D('',#7416,#7417,#7418);
#7420=CYLINDRICAL_SURFACE('',#7419,1.5E-1);
#7421=ORIENTED_EDGE('',*,*,#6594,.F.);
#7423=ORIENTED_EDGE('',*,*,#7422,.T.);
#7424=ORIENTED_EDGE('',*,*,#6650,.T.);
#7425=ORIENTED_EDGE('',*,*,#7409,.F.);
#7426=EDGE_LOOP('',(#7421,#7423,#7424,#7425));
#7427=FACE_OUTER_BOUND('',#7426,.F.);
#7428=ADVANCED_FACE('',(#7427),#7420,.T.);
#7429=CARTESIAN_POINT('',(7.75E-1,-1.75E0,-4.5E0));
#7430=DIRECTION('',(0.E0,7.071067811865E-1,-7.071067811865E-1));
#7431=DIRECTION('',(0.E0,-7.071067811865E-1,-7.071067811865E-1));
#7432=AXIS2_PLACEMENT_3D('',#7429,#7430,#7431);
#7433=PLANE('',#7432);
#7434=ORIENTED_EDGE('',*,*,#6592,.F.);
#7436=ORIENTED_EDGE('',*,*,#7435,.T.);
#7437=ORIENTED_EDGE('',*,*,#6652,.T.);
#7438=ORIENTED_EDGE('',*,*,#7422,.F.);
#7439=EDGE_LOOP('',(#7434,#7436,#7437,#7438));
#7440=FACE_OUTER_BOUND('',#7439,.F.);
#7441=ADVANCED_FACE('',(#7440),#7433,.T.);
#7442=CARTESIAN_POINT('',(7.75E-1,-1.075E0,-4.5E0));
#7443=DIRECTION('',(0.E0,0.E0,-1.E0));
#7444=DIRECTION('',(0.E0,-1.E0,0.E0));
#7445=AXIS2_PLACEMENT_3D('',#7442,#7443,#7444);
#7446=PLANE('',#7445);
#7447=ORIENTED_EDGE('',*,*,#6590,.F.);
#7449=ORIENTED_EDGE('',*,*,#7448,.T.);
#7450=ORIENTED_EDGE('',*,*,#6654,.T.);
#7451=ORIENTED_EDGE('',*,*,#7435,.F.);
#7452=EDGE_LOOP('',(#7447,#7449,#7450,#7451));
#7453=FACE_OUTER_BOUND('',#7452,.F.);
#7454=ADVANCED_FACE('',(#7453),#7446,.T.);
#7455=CARTESIAN_POINT('',(7.75E-1,-9.75E-1,-4.6E0));
#7456=DIRECTION('',(0.E0,-7.071067811866E-1,-7.071067811865E-1));
#7457=DIRECTION('',(0.E0,-7.071067811865E-1,7.071067811866E-1));
#7458=AXIS2_PLACEMENT_3D('',#7455,#7456,#7457);
#7459=PLANE('',#7458);
#7460=ORIENTED_EDGE('',*,*,#6588,.F.);
#7462=ORIENTED_EDGE('',*,*,#7461,.T.);
#7463=ORIENTED_EDGE('',*,*,#6656,.T.);
#7464=ORIENTED_EDGE('',*,*,#7448,.F.);
#7465=EDGE_LOOP('',(#7460,#7462,#7463,#7464));
#7466=FACE_OUTER_BOUND('',#7465,.F.);
#7467=ADVANCED_FACE('',(#7466),#7459,.T.);
#7468=CARTESIAN_POINT('',(7.75E-1,-4.75E-1,-4.6E0));
#7469=DIRECTION('',(0.E0,0.E0,-1.E0));
#7470=DIRECTION('',(0.E0,-1.E0,0.E0));
#7471=AXIS2_PLACEMENT_3D('',#7468,#7469,#7470);
#7472=PLANE('',#7471);
#7473=ORIENTED_EDGE('',*,*,#6586,.F.);
#7475=ORIENTED_EDGE('',*,*,#7474,.T.);
#7476=ORIENTED_EDGE('',*,*,#6658,.T.);
#7477=ORIENTED_EDGE('',*,*,#7461,.F.);
#7478=EDGE_LOOP('',(#7473,#7475,#7476,#7477));
#7479=FACE_OUTER_BOUND('',#7478,.F.);
#7480=ADVANCED_FACE('',(#7479),#7472,.T.);
#7481=CARTESIAN_POINT('',(7.75E-1,-3.75E-1,-4.5E0));
#7482=DIRECTION('',(0.E0,7.071067811865E-1,-7.071067811865E-1));
#7483=DIRECTION('',(0.E0,-7.071067811865E-1,-7.071067811865E-1));
#7484=AXIS2_PLACEMENT_3D('',#7481,#7482,#7483);
#7485=PLANE('',#7484);
#7486=ORIENTED_EDGE('',*,*,#6584,.F.);
#7488=ORIENTED_EDGE('',*,*,#7487,.T.);
#7489=ORIENTED_EDGE('',*,*,#6660,.T.);
#7490=ORIENTED_EDGE('',*,*,#7474,.F.);
#7491=EDGE_LOOP('',(#7486,#7488,#7489,#7490));
#7492=FACE_OUTER_BOUND('',#7491,.F.);
#7493=ADVANCED_FACE('',(#7492),#7485,.T.);
#7494=CARTESIAN_POINT('',(7.75E-1,3.E-1,-4.5E0));
#7495=DIRECTION('',(0.E0,0.E0,-1.E0));
#7496=DIRECTION('',(0.E0,-1.E0,0.E0));
#7497=AXIS2_PLACEMENT_3D('',#7494,#7495,#7496);
#7498=PLANE('',#7497);
#7499=ORIENTED_EDGE('',*,*,#6582,.F.);
#7501=ORIENTED_EDGE('',*,*,#7500,.T.);
#7502=ORIENTED_EDGE('',*,*,#6662,.T.);
#7503=ORIENTED_EDGE('',*,*,#7487,.F.);
#7504=EDGE_LOOP('',(#7499,#7501,#7502,#7503));
#7505=FACE_OUTER_BOUND('',#7504,.F.);
#7506=ADVANCED_FACE('',(#7505),#7498,.T.);
#7507=CARTESIAN_POINT('',(7.75E-1,5.E-1,-4.7E0));
#7508=DIRECTION('',(0.E0,-7.071067811865E-1,-7.071067811865E-1));
#7509=DIRECTION('',(0.E0,-7.071067811865E-1,7.071067811865E-1));
#7510=AXIS2_PLACEMENT_3D('',#7507,#7508,#7509);
#7511=PLANE('',#7510);
#7512=ORIENTED_EDGE('',*,*,#6580,.F.);
#7514=ORIENTED_EDGE('',*,*,#7513,.T.);
#7515=ORIENTED_EDGE('',*,*,#6664,.T.);
#7516=ORIENTED_EDGE('',*,*,#7500,.F.);
#7517=EDGE_LOOP('',(#7512,#7514,#7515,#7516));
#7518=FACE_OUTER_BOUND('',#7517,.F.);
#7519=ADVANCED_FACE('',(#7518),#7511,.T.);
#7520=CARTESIAN_POINT('',(7.75E-1,5.E-1,-4.55E0));
#7521=DIRECTION('',(-1.E0,0.E0,0.E0));
#7522=DIRECTION('',(0.E0,-1.E0,0.E0));
#7523=AXIS2_PLACEMENT_3D('',#7520,#7521,#7522);
#7524=CYLINDRICAL_SURFACE('',#7523,1.5E-1);
#7525=ORIENTED_EDGE('',*,*,#6578,.F.);
#7526=ORIENTED_EDGE('',*,*,#6630,.T.);
#7527=ORIENTED_EDGE('',*,*,#6666,.T.);
#7528=ORIENTED_EDGE('',*,*,#7513,.F.);
#7529=EDGE_LOOP('',(#7525,#7526,#7527,#7528));
#7530=FACE_OUTER_BOUND('',#7529,.F.);
#7531=ADVANCED_FACE('',(#7530),#7524,.T.);
#7532=CARTESIAN_POINT('',(-4.75E-1,-3.5E-1,-6.5E-1));
#7533=DIRECTION('',(0.E0,1.E0,0.E0));
#7534=DIRECTION('',(0.E0,0.E0,-1.E0));
#7535=AXIS2_PLACEMENT_3D('',#7532,#7533,#7534);
#7536=PLANE('',#7535);
#7537=ORIENTED_EDGE('',*,*,#6467,.F.);
#7538=ORIENTED_EDGE('',*,*,#6534,.F.);
#7540=ORIENTED_EDGE('',*,*,#7539,.T.);
#7541=ORIENTED_EDGE('',*,*,#6778,.T.);
#7542=EDGE_LOOP('',(#7537,#7538,#7540,#7541));
#7543=FACE_OUTER_BOUND('',#7542,.F.);
#7544=ADVANCED_FACE('',(#7543),#7536,.T.);
#7545=CARTESIAN_POINT('',(-4.75E-1,-1.09E0,-6.5E-1));
#7546=DIRECTION('',(0.E0,0.E0,1.E0));
#7547=DIRECTION('',(0.E0,1.E0,0.E0));
#7548=AXIS2_PLACEMENT_3D('',#7545,#7546,#7547);
#7549=PLANE('',#7548);
#7550=ORIENTED_EDGE('',*,*,#6532,.F.);
#7552=ORIENTED_EDGE('',*,*,#7551,.T.);
#7553=ORIENTED_EDGE('',*,*,#6780,.T.);
#7554=ORIENTED_EDGE('',*,*,#7539,.F.);
#7555=EDGE_LOOP('',(#7550,#7552,#7553,#7554));
#7556=FACE_OUTER_BOUND('',#7555,.F.);
#7557=ADVANCED_FACE('',(#7556),#7549,.T.);
#7558=CARTESIAN_POINT('',(-4.75E-1,-1.09E0,-2.9E0));
#7559=DIRECTION('',(0.E0,-1.E0,0.E0));
#7560=DIRECTION('',(0.E0,0.E0,1.E0));
#7561=AXIS2_PLACEMENT_3D('',#7558,#7559,#7560);
#7562=PLANE('',#7561);
#7563=ORIENTED_EDGE('',*,*,#6471,.T.);
#7564=ORIENTED_EDGE('',*,*,#6782,.T.);
#7565=ORIENTED_EDGE('',*,*,#7551,.F.);
#7566=ORIENTED_EDGE('',*,*,#6530,.F.);
#7567=EDGE_LOOP('',(#7563,#7564,#7565,#7566));
#7568=FACE_OUTER_BOUND('',#7567,.F.);
#7569=ADVANCED_FACE('',(#7568),#7562,.T.);
#7570=CARTESIAN_POINT('',(7.75E-1,-3.5E-1,-6.5E-1));
#7571=DIRECTION('',(0.E0,1.E0,0.E0));
#7572=DIRECTION('',(0.E0,0.E0,-1.E0));
#7573=AXIS2_PLACEMENT_3D('',#7570,#7571,#7572);
#7574=PLANE('',#7573);
#7575=ORIENTED_EDGE('',*,*,#6477,.F.);
#7576=ORIENTED_EDGE('',*,*,#6617,.F.);
#7578=ORIENTED_EDGE('',*,*,#7577,.T.);
#7579=ORIENTED_EDGE('',*,*,#6678,.T.);
#7580=EDGE_LOOP('',(#7575,#7576,#7578,#7579));
#7581=FACE_OUTER_BOUND('',#7580,.F.);
#7582=ADVANCED_FACE('',(#7581),#7574,.T.);
#7583=CARTESIAN_POINT('',(7.75E-1,-1.09E0,-6.5E-1));
#7584=DIRECTION('',(0.E0,0.E0,1.E0));
#7585=DIRECTION('',(0.E0,1.E0,0.E0));
#7586=AXIS2_PLACEMENT_3D('',#7583,#7584,#7585);
#7587=PLANE('',#7586);
#7588=ORIENTED_EDGE('',*,*,#6615,.F.);
#7590=ORIENTED_EDGE('',*,*,#7589,.T.);
#7591=ORIENTED_EDGE('',*,*,#6680,.T.);
#7592=ORIENTED_EDGE('',*,*,#7577,.F.);
#7593=EDGE_LOOP('',(#7588,#7590,#7591,#7592));
#7594=FACE_OUTER_BOUND('',#7593,.F.);
#7595=ADVANCED_FACE('',(#7594),#7587,.T.);
#7596=CARTESIAN_POINT('',(7.75E-1,-1.09E0,-2.9E0));
#7597=DIRECTION('',(0.E0,-1.E0,0.E0));
#7598=DIRECTION('',(0.E0,0.E0,1.E0));
#7599=AXIS2_PLACEMENT_3D('',#7596,#7597,#7598);
#7600=PLANE('',#7599);
#7601=ORIENTED_EDGE('',*,*,#6481,.T.);
#7602=ORIENTED_EDGE('',*,*,#6682,.T.);
#7603=ORIENTED_EDGE('',*,*,#7589,.F.);
#7604=ORIENTED_EDGE('',*,*,#6613,.F.);
#7605=EDGE_LOOP('',(#7601,#7602,#7603,#7604));
#7606=FACE_OUTER_BOUND('',#7605,.F.);
#7607=ADVANCED_FACE('',(#7606),#7600,.T.);
#7608=CARTESIAN_POINT('',(2.345E0,-1.85E0,-4.2E0));
#7609=DIRECTION('',(0.E0,0.E0,1.E0));
#7610=DIRECTION('',(-1.E0,0.E0,0.E0));
#7611=AXIS2_PLACEMENT_3D('',#7608,#7609,#7610);
#7612=PLANE('',#7611);
#7613=ORIENTED_EDGE('',*,*,#6137,.F.);
#7615=ORIENTED_EDGE('',*,*,#7614,.T.);
#7616=ORIENTED_EDGE('',*,*,#6237,.T.);
#7617=ORIENTED_EDGE('',*,*,#6315,.F.);
#7618=EDGE_LOOP('',(#7613,#7615,#7616,#7617));
#7619=FACE_OUTER_BOUND('',#7618,.F.);
#7620=ADVANCED_FACE('',(#7619),#7612,.F.);
#7621=CARTESIAN_POINT('',(2.945E0,-1.85E0,-3.6E0));
#7622=DIRECTION('',(-7.071067811865E-1,0.E0,7.071067811865E-1));
#7623=DIRECTION('',(-7.071067811865E-1,0.E0,-7.071067811865E-1));
#7624=AXIS2_PLACEMENT_3D('',#7621,#7622,#7623);
#7625=PLANE('',#7624);
#7626=ORIENTED_EDGE('',*,*,#6135,.F.);
#7628=ORIENTED_EDGE('',*,*,#7627,.T.);
#7629=ORIENTED_EDGE('',*,*,#6239,.T.);
#7630=ORIENTED_EDGE('',*,*,#7614,.F.);
#7631=EDGE_LOOP('',(#7626,#7628,#7629,#7630));
#7632=FACE_OUTER_BOUND('',#7631,.F.);
#7633=ADVANCED_FACE('',(#7632),#7625,.F.);
#7634=CARTESIAN_POINT('',(3.895E0,-1.85E0,-3.6E0));
#7635=DIRECTION('',(0.E0,0.E0,1.E0));
#7636=DIRECTION('',(-1.E0,0.E0,0.E0));
#7637=AXIS2_PLACEMENT_3D('',#7634,#7635,#7636);
#7638=PLANE('',#7637);
#7639=ORIENTED_EDGE('',*,*,#6133,.F.);
#7641=ORIENTED_EDGE('',*,*,#7640,.F.);
#7643=ORIENTED_EDGE('',*,*,#7642,.T.);
#7644=ORIENTED_EDGE('',*,*,#6241,.T.);
#7645=ORIENTED_EDGE('',*,*,#7627,.F.);
#7646=EDGE_LOOP('',(#7639,#7641,#7643,#7644,#7645));
#7647=FACE_OUTER_BOUND('',#7646,.F.);
#7648=ADVANCED_FACE('',(#7647),#7638,.F.);
#7649=CARTESIAN_POINT('',(3.895E0,-1.075E0,0.E0));
#7650=DIRECTION('',(-7.071067811865E-1,7.071067811865E-1,0.E0));
#7651=DIRECTION('',(-7.071067811865E-1,-7.071067811865E-1,0.E0));
#7652=AXIS2_PLACEMENT_3D('',#7649,#7650,#7651);
#7653=PLANE('',#7652);
#7655=ORIENTED_EDGE('',*,*,#7654,.F.);
#7656=ORIENTED_EDGE('',*,*,#7640,.T.);
#7657=ORIENTED_EDGE('',*,*,#6131,.F.);
#7659=ORIENTED_EDGE('',*,*,#7658,.F.);
#7660=EDGE_LOOP('',(#7655,#7656,#7657,#7659));
#7661=FACE_OUTER_BOUND('',#7660,.F.);
#7662=ADVANCED_FACE('',(#7661),#7653,.F.);
#7663=CARTESIAN_POINT('',(3.895E0,-1.85E0,0.E0));
#7664=DIRECTION('',(1.E0,0.E0,0.E0));
#7665=DIRECTION('',(0.E0,1.E0,0.E0));
#7666=AXIS2_PLACEMENT_3D('',#7663,#7664,#7665);
#7667=PLANE('',#7666);
#7668=ORIENTED_EDGE('',*,*,#6243,.F.);
#7669=ORIENTED_EDGE('',*,*,#7642,.F.);
#7670=ORIENTED_EDGE('',*,*,#7654,.T.);
#7672=ORIENTED_EDGE('',*,*,#7671,.T.);
#7673=EDGE_LOOP('',(#7668,#7669,#7670,#7672));
#7674=FACE_OUTER_BOUND('',#7673,.F.);
#7675=ADVANCED_FACE('',(#7674),#7667,.T.);
#7676=CARTESIAN_POINT('',(2.894487179487E0,-1.85E0,-7.E-1));
#7677=DIRECTION('',(0.E0,0.E0,-1.E0));
#7678=DIRECTION('',(1.E0,0.E0,0.E0));
#7679=AXIS2_PLACEMENT_3D('',#7676,#7677,#7678);
#7680=PLANE('',#7679);
#7681=ORIENTED_EDGE('',*,*,#6129,.F.);
#7682=ORIENTED_EDGE('',*,*,#6201,.T.);
#7683=ORIENTED_EDGE('',*,*,#6245,.T.);
#7684=ORIENTED_EDGE('',*,*,#7671,.F.);
#7685=ORIENTED_EDGE('',*,*,#7658,.T.);
#7686=EDGE_LOOP('',(#7681,#7682,#7683,#7684,#7685));
#7687=FACE_OUTER_BOUND('',#7686,.F.);
#7688=ADVANCED_FACE('',(#7687),#7680,.F.);
#7689=CARTESIAN_POINT('',(-2.907561979418E0,6.410008269589E-1,-5.E-1));
#7690=DIRECTION('',(5.233595624295E-2,9.986295347546E-1,0.E0));
#7691=DIRECTION('',(0.E0,0.E0,1.E0));
#7692=AXIS2_PLACEMENT_3D('',#7689,#7690,#7691);
#7693=CYLINDRICAL_SURFACE('',#7692,1.E-1);
#7695=ORIENTED_EDGE('',*,*,#7694,.T.);
#7697=ORIENTED_EDGE('',*,*,#7696,.F.);
#7699=ORIENTED_EDGE('',*,*,#7698,.T.);
#7700=ORIENTED_EDGE('',*,*,#5753,.T.);
#7701=EDGE_LOOP('',(#7695,#7697,#7699,#7700));
#7702=FACE_OUTER_BOUND('',#7701,.F.);
#7703=ADVANCED_FACE('',(#7702),#7693,.T.);
#7704=CARTESIAN_POINT('',(-2.793832021879E0,9.003654313388E-1,-6.5E-1));
#7705=DIRECTION('',(5.233595624294E-2,9.986295347546E-1,0.E0));
#7706=DIRECTION('',(-9.986295347546E-1,5.233595624294E-2,0.E0));
#7707=AXIS2_PLACEMENT_3D('',#7704,#7705,#7706);
#7708=PLANE('',#7707);
#7709=ORIENTED_EDGE('',*,*,#7694,.F.);
#7710=ORIENTED_EDGE('',*,*,#5759,.T.);
#7712=ORIENTED_EDGE('',*,*,#7711,.F.);
#7714=ORIENTED_EDGE('',*,*,#7713,.F.);
#7716=ORIENTED_EDGE('',*,*,#7715,.F.);
#7717=ORIENTED_EDGE('',*,*,#5621,.F.);
#7719=ORIENTED_EDGE('',*,*,#7718,.F.);
#7721=ORIENTED_EDGE('',*,*,#7720,.T.);
#7723=ORIENTED_EDGE('',*,*,#7722,.F.);
#7725=ORIENTED_EDGE('',*,*,#7724,.T.);
#7726=EDGE_LOOP('',(#7709,#7710,#7712,#7714,#7716,#7717,#7719,#7721,#7723,
#7725));
#7727=FACE_OUTER_BOUND('',#7726,.F.);
#7728=ADVANCED_FACE('',(#7727),#7708,.T.);
#7729=CARTESIAN_POINT('',(-3.540407088985E0,9.544736250670E-1,-6.E-1));
#7730=DIRECTION('',(-5.233595624294E-2,-9.986295347546E-1,0.E0));
#7731=DIRECTION('',(0.E0,0.E0,1.E0));
#7732=AXIS2_PLACEMENT_3D('',#7729,#7730,#7731);
#7733=CYLINDRICAL_SURFACE('',#7732,2.E-1);
#7735=ORIENTED_EDGE('',*,*,#7734,.T.);
#7737=ORIENTED_EDGE('',*,*,#7736,.F.);
#7738=ORIENTED_EDGE('',*,*,#7711,.T.);
#7739=ORIENTED_EDGE('',*,*,#5757,.T.);
#7740=EDGE_LOOP('',(#7735,#7737,#7738,#7739));
#7741=FACE_OUTER_BOUND('',#7740,.F.);
#7742=ADVANCED_FACE('',(#7741),#7733,.T.);
#7743=CARTESIAN_POINT('',(-3.754E0,7.003426163114E-1,-6.5E-1));
#7744=DIRECTION('',(-5.233595624294E-2,-9.986295347546E-1,0.E0));
#7745=DIRECTION('',(9.986295347546E-1,-5.233595624294E-2,0.E0));
#7746=AXIS2_PLACEMENT_3D('',#7743,#7744,#7745);
#7747=PLANE('',#7746);
#7748=ORIENTED_EDGE('',*,*,#7698,.F.);
#7750=ORIENTED_EDGE('',*,*,#7749,.F.);
#7752=ORIENTED_EDGE('',*,*,#7751,.F.);
#7754=ORIENTED_EDGE('',*,*,#7753,.F.);
#7756=ORIENTED_EDGE('',*,*,#7755,.F.);
#7757=ORIENTED_EDGE('',*,*,#5617,.F.);
#7759=ORIENTED_EDGE('',*,*,#7758,.F.);
#7761=ORIENTED_EDGE('',*,*,#7760,.F.);
#7762=ORIENTED_EDGE('',*,*,#7734,.F.);
#7763=ORIENTED_EDGE('',*,*,#5755,.T.);
#7764=EDGE_LOOP('',(#7748,#7750,#7752,#7754,#7756,#7757,#7759,#7761,#7762,
#7763));
#7765=FACE_OUTER_BOUND('',#7764,.F.);
#7766=ADVANCED_FACE('',(#7765),#7747,.T.);
#7767=CARTESIAN_POINT('',(-2.806916010939E0,6.507080476502E-1,-2.6E0));
#7768=DIRECTION('',(9.986295347546E-1,-5.233595624295E-2,0.E0));
#7769=DIRECTION('',(5.233595624295E-2,9.986295347546E-1,0.E0));
#7770=AXIS2_PLACEMENT_3D('',#7767,#7768,#7769);
#7771=PLANE('',#7770);
#7773=ORIENTED_EDGE('',*,*,#7772,.T.);
#7774=ORIENTED_EDGE('',*,*,#7753,.T.);
#7776=ORIENTED_EDGE('',*,*,#7775,.F.);
#7777=ORIENTED_EDGE('',*,*,#7720,.F.);
#7778=EDGE_LOOP('',(#7773,#7774,#7776,#7777));
#7779=FACE_OUTER_BOUND('',#7778,.F.);
#7780=ADVANCED_FACE('',(#7779),#7771,.T.);
#7781=CARTESIAN_POINT('',(-2.806916010939E0,6.507080476502E-1,-2.6E0));
#7782=DIRECTION('',(9.986295347546E-1,-5.233595624295E-2,0.E0));
#7783=DIRECTION('',(5.233595624295E-2,9.986295347546E-1,0.E0));
#7784=AXIS2_PLACEMENT_3D('',#7781,#7782,#7783);
#7785=PLANE('',#7784);
#7786=ORIENTED_EDGE('',*,*,#7696,.T.);
#7787=ORIENTED_EDGE('',*,*,#7724,.F.);
#7789=ORIENTED_EDGE('',*,*,#7788,.F.);
#7790=ORIENTED_EDGE('',*,*,#7749,.T.);
#7791=EDGE_LOOP('',(#7786,#7787,#7789,#7790));
#7792=FACE_OUTER_BOUND('',#7791,.F.);
#7793=ADVANCED_FACE('',(#7792),#7785,.T.);
#7794=CARTESIAN_POINT('',(-2.892582658972E0,9.268232878802E-1,-2.5E0));
#7795=DIRECTION('',(-5.233595624295E-2,-9.986295347546E-1,0.E0));
#7796=DIRECTION('',(0.E0,0.E0,-1.E0));
#7797=AXIS2_PLACEMENT_3D('',#7794,#7795,#7796);
#7798=CYLINDRICAL_SURFACE('',#7797,1.E-1);
#7799=ORIENTED_EDGE('',*,*,#7755,.T.);
#7800=ORIENTED_EDGE('',*,*,#7772,.F.);
#7801=ORIENTED_EDGE('',*,*,#7718,.T.);
#7802=ORIENTED_EDGE('',*,*,#5619,.T.);
#7803=EDGE_LOOP('',(#7799,#7800,#7801,#7802));
#7804=FACE_OUTER_BOUND('',#7803,.F.);
#7805=ADVANCED_FACE('',(#7804),#7798,.T.);
#7806=CARTESIAN_POINT('',(-2.692663649990E0,9.200407028982E-1,-2.3E0));
#7807=DIRECTION('',(-5.233595624295E-2,-9.986295347546E-1,0.E0));
#7808=DIRECTION('',(0.E0,0.E0,1.E0));
#7809=AXIS2_PLACEMENT_3D('',#7806,#7807,#7808);
#7810=CYLINDRICAL_SURFACE('',#7809,1.E-1);
#7811=ORIENTED_EDGE('',*,*,#5402,.F.);
#7813=ORIENTED_EDGE('',*,*,#7812,.T.);
#7814=ORIENTED_EDGE('',*,*,#7775,.T.);
#7816=ORIENTED_EDGE('',*,*,#7815,.T.);
#7817=EDGE_LOOP('',(#7811,#7813,#7814,#7816));
#7818=FACE_OUTER_BOUND('',#7817,.F.);
#7819=ADVANCED_FACE('',(#7818),#7810,.F.);
#7820=CARTESIAN_POINT('',(-2.82E0,4.010506639615E-1,-6.5E-1));
#7821=DIRECTION('',(0.E0,0.E0,1.E0));
#7822=DIRECTION('',(1.E0,0.E0,0.E0));
#7823=AXIS2_PLACEMENT_3D('',#7820,#7821,#7822);
#7824=CYLINDRICAL_SURFACE('',#7823,5.E-1);
#7825=ORIENTED_EDGE('',*,*,#5505,.T.);
#7827=ORIENTED_EDGE('',*,*,#7826,.F.);
#7828=ORIENTED_EDGE('',*,*,#7722,.T.);
#7829=ORIENTED_EDGE('',*,*,#7812,.F.);
#7830=ORIENTED_EDGE('',*,*,#5411,.F.);
#7832=ORIENTED_EDGE('',*,*,#7831,.T.);
#7834=ORIENTED_EDGE('',*,*,#7833,.F.);
#7836=ORIENTED_EDGE('',*,*,#7835,.F.);
#7838=ORIENTED_EDGE('',*,*,#7837,.T.);
#7839=EDGE_LOOP('',(#7825,#7827,#7828,#7829,#7830,#7832,#7834,#7836,#7838));
#7840=FACE_OUTER_BOUND('',#7839,.F.);
#7841=ADVANCED_FACE('',(#7840),#7824,.T.);
#7842=CARTESIAN_POINT('',(-2.828564496205E0,-1.673101919718E0,-5.5E-1));
#7843=DIRECTION('',(5.233595624295E-2,9.986295347546E-1,0.E0));
#7844=DIRECTION('',(0.E0,0.E0,-1.E0));
#7845=AXIS2_PLACEMENT_3D('',#7842,#7843,#7844);
#7846=CYLINDRICAL_SURFACE('',#7845,1.E-1);
#7847=ORIENTED_EDGE('',*,*,#5503,.F.);
#7849=ORIENTED_EDGE('',*,*,#7848,.T.);
#7850=ORIENTED_EDGE('',*,*,#7788,.T.);
#7851=ORIENTED_EDGE('',*,*,#7826,.T.);
#7852=EDGE_LOOP('',(#7847,#7849,#7850,#7851));
#7853=FACE_OUTER_BOUND('',#7852,.F.);
#7854=ADVANCED_FACE('',(#7853),#7846,.F.);
#7855=CARTESIAN_POINT('',(-2.82E0,4.010506639615E-1,-6.5E-1));
#7856=DIRECTION('',(0.E0,0.E0,1.E0));
#7857=DIRECTION('',(1.E0,0.E0,0.E0));
#7858=AXIS2_PLACEMENT_3D('',#7855,#7856,#7857);
#7859=CYLINDRICAL_SURFACE('',#7858,2.5E-1);
#7860=ORIENTED_EDGE('',*,*,#7751,.T.);
#7861=ORIENTED_EDGE('',*,*,#7848,.F.);
#7862=ORIENTED_EDGE('',*,*,#5517,.T.);
#7864=ORIENTED_EDGE('',*,*,#7863,.T.);
#7865=ORIENTED_EDGE('',*,*,#5404,.F.);
#7866=ORIENTED_EDGE('',*,*,#7815,.F.);
#7867=EDGE_LOOP('',(#7860,#7861,#7862,#7864,#7865,#7866));
#7868=FACE_OUTER_BOUND('',#7867,.F.);
#7869=ADVANCED_FACE('',(#7868),#7859,.F.);
#7870=CARTESIAN_POINT('',(-2.57E0,4.010506639615E-1,-6.5E-1));
#7871=DIRECTION('',(-1.E0,0.E0,0.E0));
#7872=DIRECTION('',(0.E0,-1.E0,0.E0));
#7873=AXIS2_PLACEMENT_3D('',#7870,#7871,#7872);
#7874=PLANE('',#7873);
#7876=ORIENTED_EDGE('',*,*,#7875,.T.);
#7878=ORIENTED_EDGE('',*,*,#7877,.F.);
#7879=ORIENTED_EDGE('',*,*,#5346,.T.);
#7880=ORIENTED_EDGE('',*,*,#5406,.F.);
#7881=ORIENTED_EDGE('',*,*,#7863,.F.);
#7882=ORIENTED_EDGE('',*,*,#5515,.T.);
#7884=ORIENTED_EDGE('',*,*,#7883,.T.);
#7885=ORIENTED_EDGE('',*,*,#5429,.F.);
#7886=EDGE_LOOP('',(#7876,#7878,#7879,#7880,#7881,#7882,#7884,#7885));
#7887=FACE_OUTER_BOUND('',#7886,.F.);
#7888=ADVANCED_FACE('',(#7887),#7874,.T.);
#7889=CARTESIAN_POINT('',(-2.345E0,-1.525E0,-7.E-1));
#7890=DIRECTION('',(0.E0,1.E0,0.E0));
#7891=DIRECTION('',(-1.E0,0.E0,0.E0));
#7892=AXIS2_PLACEMENT_3D('',#7889,#7890,#7891);
#7893=PLANE('',#7892);
#7894=ORIENTED_EDGE('',*,*,#7875,.F.);
#7895=ORIENTED_EDGE('',*,*,#5427,.F.);
#7897=ORIENTED_EDGE('',*,*,#7896,.T.);
#7898=ORIENTED_EDGE('',*,*,#5285,.T.);
#7900=ORIENTED_EDGE('',*,*,#7899,.F.);
#7902=ORIENTED_EDGE('',*,*,#7901,.F.);
#7903=EDGE_LOOP('',(#7894,#7895,#7897,#7898,#7900,#7902));
#7904=FACE_OUTER_BOUND('',#7903,.F.);
#7905=ADVANCED_FACE('',(#7904),#7893,.F.);
#7906=CARTESIAN_POINT('',(-2.345E0,-1.85E0,-9.494871794872E-1));
#7907=DIRECTION('',(1.E0,0.E0,0.E0));
#7908=DIRECTION('',(0.E0,0.E0,1.E0));
#7909=AXIS2_PLACEMENT_3D('',#7906,#7907,#7908);
#7910=PLANE('',#7909);
#7911=ORIENTED_EDGE('',*,*,#5409,.T.);
#7912=ORIENTED_EDGE('',*,*,#5352,.T.);
#7913=ORIENTED_EDGE('',*,*,#5270,.T.);
#7915=ORIENTED_EDGE('',*,*,#7914,.T.);
#7917=ORIENTED_EDGE('',*,*,#7916,.F.);
#7918=ORIENTED_EDGE('',*,*,#7831,.F.);
#7919=EDGE_LOOP('',(#7911,#7912,#7913,#7915,#7917,#7918));
#7920=FACE_OUTER_BOUND('',#7919,.F.);
#7921=ADVANCED_FACE('',(#7920),#7910,.F.);
#7922=CARTESIAN_POINT('',(-2.345E0,-1.85E0,-9.494871794872E-1));
#7923=DIRECTION('',(1.E0,0.E0,0.E0));
#7924=DIRECTION('',(0.E0,0.E0,1.E0));
#7925=AXIS2_PLACEMENT_3D('',#7922,#7923,#7924);
#7926=PLANE('',#7925);
#7927=ORIENTED_EDGE('',*,*,#5425,.T.);
#7929=ORIENTED_EDGE('',*,*,#7928,.T.);
#7931=ORIENTED_EDGE('',*,*,#7930,.F.);
#7932=ORIENTED_EDGE('',*,*,#5236,.T.);
#7933=ORIENTED_EDGE('',*,*,#5287,.T.);
#7934=ORIENTED_EDGE('',*,*,#7896,.F.);
#7935=EDGE_LOOP('',(#7927,#7929,#7931,#7932,#7933,#7934));
#7936=FACE_OUTER_BOUND('',#7935,.F.);
#7937=ADVANCED_FACE('',(#7936),#7926,.F.);
#7938=CARTESIAN_POINT('',(-3.895E0,6.25E-1,0.E0));
#7939=DIRECTION('',(0.E0,-1.E0,0.E0));
#7940=DIRECTION('',(1.E0,0.E0,0.E0));
#7941=AXIS2_PLACEMENT_3D('',#7938,#7939,#7940);
#7942=PLANE('',#7941);
#7943=ORIENTED_EDGE('',*,*,#5268,.T.);
#7944=ORIENTED_EDGE('',*,*,#5334,.T.);
#7946=ORIENTED_EDGE('',*,*,#7945,.F.);
#7948=ORIENTED_EDGE('',*,*,#7947,.F.);
#7950=ORIENTED_EDGE('',*,*,#7949,.F.);
#7952=ORIENTED_EDGE('',*,*,#7951,.F.);
#7953=ORIENTED_EDGE('',*,*,#5222,.F.);
#7954=ORIENTED_EDGE('',*,*,#5209,.F.);
#7956=ORIENTED_EDGE('',*,*,#7955,.F.);
#7958=ORIENTED_EDGE('',*,*,#7957,.F.);
#7960=ORIENTED_EDGE('',*,*,#7959,.F.);
#7962=ORIENTED_EDGE('',*,*,#7961,.F.);
#7963=ORIENTED_EDGE('',*,*,#7914,.F.);
#7964=EDGE_LOOP('',(#7943,#7944,#7946,#7948,#7950,#7952,#7953,#7954,#7956,#7958,
#7960,#7962,#7963));
#7965=FACE_OUTER_BOUND('',#7964,.F.);
#7966=ADVANCED_FACE('',(#7965),#7942,.F.);
#7967=CARTESIAN_POINT('',(-3.895E0,-1.85E0,-7.E-1));
#7968=DIRECTION('',(0.E0,0.E0,-1.E0));
#7969=DIRECTION('',(1.E0,0.E0,0.E0));
#7970=AXIS2_PLACEMENT_3D('',#7967,#7968,#7969);
#7971=PLANE('',#7970);
#7972=ORIENTED_EDGE('',*,*,#5254,.F.);
#7974=ORIENTED_EDGE('',*,*,#7973,.T.);
#7976=ORIENTED_EDGE('',*,*,#7975,.F.);
#7977=ORIENTED_EDGE('',*,*,#7945,.T.);
#7979=ORIENTED_EDGE('',*,*,#7978,.F.);
#7980=EDGE_LOOP('',(#7972,#7974,#7976,#7977,#7979));
#7981=FACE_OUTER_BOUND('',#7980,.F.);
#7982=ADVANCED_FACE('',(#7981),#7971,.F.);
#7983=CARTESIAN_POINT('',(-3.195E0,-1.775E0,0.E0));
#7984=DIRECTION('',(7.071067811865E-1,7.071067811865E-1,0.E0));
#7985=DIRECTION('',(-7.071067811865E-1,7.071067811865E-1,0.E0));
#7986=AXIS2_PLACEMENT_3D('',#7983,#7984,#7985);
#7987=PLANE('',#7986);
#7989=ORIENTED_EDGE('',*,*,#7988,.T.);
#7990=ORIENTED_EDGE('',*,*,#7973,.F.);
#7991=ORIENTED_EDGE('',*,*,#5252,.T.);
#7993=ORIENTED_EDGE('',*,*,#7992,.T.);
#7994=EDGE_LOOP('',(#7989,#7990,#7991,#7993));
#7995=FACE_OUTER_BOUND('',#7994,.F.);
#7996=ADVANCED_FACE('',(#7995),#7987,.F.);
#7997=CARTESIAN_POINT('',(-3.895E0,1.35E0,0.E0));
#7998=DIRECTION('',(-1.E0,0.E0,0.E0));
#7999=DIRECTION('',(0.E0,-1.E0,0.E0));
#8000=AXIS2_PLACEMENT_3D('',#7997,#7998,#7999);
#8001=PLANE('',#8000);
#8002=ORIENTED_EDGE('',*,*,#7947,.T.);
#8003=ORIENTED_EDGE('',*,*,#7975,.T.);
#8004=ORIENTED_EDGE('',*,*,#7988,.F.);
#8006=ORIENTED_EDGE('',*,*,#8005,.F.);
#8007=EDGE_LOOP('',(#8002,#8003,#8004,#8006));
#8008=FACE_OUTER_BOUND('',#8007,.F.);
#8009=ADVANCED_FACE('',(#8008),#8001,.T.);
#8010=CARTESIAN_POINT('',(-2.945E0,-1.85E0,-3.6E0));
#8011=DIRECTION('',(0.E0,0.E0,1.E0));
#8012=DIRECTION('',(-1.E0,0.E0,0.E0));
#8013=AXIS2_PLACEMENT_3D('',#8010,#8011,#8012);
#8014=PLANE('',#8013);
#8015=ORIENTED_EDGE('',*,*,#5250,.F.);
#8017=ORIENTED_EDGE('',*,*,#8016,.T.);
#8018=ORIENTED_EDGE('',*,*,#7949,.T.);
#8019=ORIENTED_EDGE('',*,*,#8005,.T.);
#8020=ORIENTED_EDGE('',*,*,#7992,.F.);
#8021=EDGE_LOOP('',(#8015,#8017,#8018,#8019,#8020));
#8022=FACE_OUTER_BOUND('',#8021,.F.);
#8023=ADVANCED_FACE('',(#8022),#8014,.F.);
#8024=CARTESIAN_POINT('',(-2.345E0,-1.85E0,-4.2E0));
#8025=DIRECTION('',(7.071067811865E-1,0.E0,7.071067811865E-1));
#8026=DIRECTION('',(-7.071067811865E-1,0.E0,7.071067811865E-1));
#8027=AXIS2_PLACEMENT_3D('',#8024,#8025,#8026);
#8028=PLANE('',#8027);
#8029=ORIENTED_EDGE('',*,*,#5248,.T.);
#8030=ORIENTED_EDGE('',*,*,#5224,.T.);
#8031=ORIENTED_EDGE('',*,*,#7951,.T.);
#8032=ORIENTED_EDGE('',*,*,#8016,.F.);
#8033=EDGE_LOOP('',(#8029,#8030,#8031,#8032));
#8034=FACE_OUTER_BOUND('',#8033,.F.);
#8035=ADVANCED_FACE('',(#8034),#8028,.F.);
#8036=CARTESIAN_POINT('',(-2.894487179487E0,-1.85E0,-7.E-1));
#8037=DIRECTION('',(-7.071067811865E-1,0.E0,-7.071067811865E-1));
#8038=DIRECTION('',(7.071067811865E-1,0.E0,-7.071067811865E-1));
#8039=AXIS2_PLACEMENT_3D('',#8036,#8037,#8038);
#8040=PLANE('',#8039);
#8041=ORIENTED_EDGE('',*,*,#5332,.F.);
#8043=ORIENTED_EDGE('',*,*,#8042,.F.);
#8045=ORIENTED_EDGE('',*,*,#8044,.T.);
#8046=ORIENTED_EDGE('',*,*,#7978,.T.);
#8047=EDGE_LOOP('',(#8041,#8043,#8045,#8046));
#8048=FACE_OUTER_BOUND('',#8047,.F.);
#8049=ADVANCED_FACE('',(#8048),#8040,.F.);
#8050=CARTESIAN_POINT('',(-2.645E0,-1.85E0,-9.494871794872E-1));
#8051=DIRECTION('',(0.E0,0.E0,-1.E0));
#8052=DIRECTION('',(1.E0,0.E0,0.E0));
#8053=AXIS2_PLACEMENT_3D('',#8050,#8051,#8052);
#8054=PLANE('',#8053);
#8055=ORIENTED_EDGE('',*,*,#7877,.T.);
#8056=ORIENTED_EDGE('',*,*,#7901,.T.);
#8057=ORIENTED_EDGE('',*,*,#8042,.T.);
#8058=ORIENTED_EDGE('',*,*,#5348,.F.);
#8059=EDGE_LOOP('',(#8055,#8056,#8057,#8058));
#8060=FACE_OUTER_BOUND('',#8059,.F.);
#8061=ADVANCED_FACE('',(#8060),#8054,.F.);
#8062=CARTESIAN_POINT('',(-2.645E0,-1.525E0,-7.E-1));
#8063=DIRECTION('',(-7.078323904449E-1,7.063804265671E-1,0.E0));
#8064=DIRECTION('',(-7.063804265671E-1,-7.078323904449E-1,0.E0));
#8065=AXIS2_PLACEMENT_3D('',#8062,#8063,#8064);
#8066=PLANE('',#8065);
#8067=ORIENTED_EDGE('',*,*,#5256,.F.);
#8068=ORIENTED_EDGE('',*,*,#8044,.F.);
#8069=ORIENTED_EDGE('',*,*,#7899,.T.);
#8070=ORIENTED_EDGE('',*,*,#5283,.T.);
#8071=EDGE_LOOP('',(#8067,#8068,#8069,#8070));
#8072=FACE_OUTER_BOUND('',#8071,.F.);
#8073=ADVANCED_FACE('',(#8072),#8066,.F.);
#8074=CARTESIAN_POINT('',(-2.32E0,-1.85E0,-6.2E-1));
#8075=DIRECTION('',(9.539308260205E-1,0.E0,-3.000266307645E-1));
#8076=DIRECTION('',(3.000266307645E-1,0.E0,9.539308260205E-1));
#8077=AXIS2_PLACEMENT_3D('',#8074,#8075,#8076);
#8078=PLANE('',#8077);
#8079=ORIENTED_EDGE('',*,*,#7955,.T.);
#8080=ORIENTED_EDGE('',*,*,#5005,.F.);
#8081=ORIENTED_EDGE('',*,*,#5244,.F.);
#8083=ORIENTED_EDGE('',*,*,#8082,.T.);
#8084=EDGE_LOOP('',(#8079,#8080,#8081,#8083));
#8085=FACE_OUTER_BOUND('',#8084,.F.);
#8086=ADVANCED_FACE('',(#8085),#8078,.F.);
#8087=CARTESIAN_POINT('',(-2.32E0,-1.85E0,-6.7E-1));
#8088=DIRECTION('',(1.E0,0.E0,0.E0));
#8089=DIRECTION('',(0.E0,0.E0,1.E0));
#8090=AXIS2_PLACEMENT_3D('',#8087,#8088,#8089);
#8091=PLANE('',#8090);
#8092=ORIENTED_EDGE('',*,*,#5507,.F.);
#8093=ORIENTED_EDGE('',*,*,#7837,.F.);
#8095=ORIENTED_EDGE('',*,*,#8094,.T.);
#8096=ORIENTED_EDGE('',*,*,#7957,.T.);
#8097=ORIENTED_EDGE('',*,*,#8082,.F.);
#8098=ORIENTED_EDGE('',*,*,#5242,.F.);
#8100=ORIENTED_EDGE('',*,*,#8099,.T.);
#8102=ORIENTED_EDGE('',*,*,#8101,.T.);
#8103=EDGE_LOOP('',(#8092,#8093,#8095,#8096,#8097,#8098,#8100,#8102));
#8104=FACE_OUTER_BOUND('',#8103,.F.);
#8105=ADVANCED_FACE('',(#8104),#8091,.F.);
#8106=CARTESIAN_POINT('',(-2.335725806452E0,-1.85E0,-6.7E-1));
#8107=DIRECTION('',(0.E0,0.E0,-1.E0));
#8108=DIRECTION('',(1.E0,0.E0,0.E0));
#8109=AXIS2_PLACEMENT_3D('',#8106,#8107,#8108);
#8110=PLANE('',#8109);
#8111=ORIENTED_EDGE('',*,*,#7835,.T.);
#8113=ORIENTED_EDGE('',*,*,#8112,.T.);
#8114=ORIENTED_EDGE('',*,*,#7959,.T.);
#8115=ORIENTED_EDGE('',*,*,#8094,.F.);
#8116=EDGE_LOOP('',(#8111,#8113,#8114,#8115));
#8117=FACE_OUTER_BOUND('',#8116,.F.);
#8118=ADVANCED_FACE('',(#8117),#8110,.F.);
#8119=CARTESIAN_POINT('',(-2.335725806452E0,-1.85E0,-6.7E-1));
#8120=DIRECTION('',(0.E0,0.E0,-1.E0));
#8121=DIRECTION('',(1.E0,0.E0,0.E0));
#8122=AXIS2_PLACEMENT_3D('',#8119,#8120,#8121);
#8123=PLANE('',#8122);
#8125=ORIENTED_EDGE('',*,*,#8124,.T.);
#8126=ORIENTED_EDGE('',*,*,#8099,.F.);
#8127=ORIENTED_EDGE('',*,*,#5240,.F.);
#8129=ORIENTED_EDGE('',*,*,#8128,.T.);
#8130=EDGE_LOOP('',(#8125,#8126,#8127,#8129));
#8131=FACE_OUTER_BOUND('',#8130,.F.);
#8132=ADVANCED_FACE('',(#8131),#8123,.F.);
#8133=CARTESIAN_POINT('',(-2.345E0,-1.85E0,-6.994871794872E-1));
#8134=DIRECTION('',(9.539308260205E-1,0.E0,-3.000266307645E-1));
#8135=DIRECTION('',(3.000266307645E-1,0.E0,9.539308260205E-1));
#8136=AXIS2_PLACEMENT_3D('',#8133,#8134,#8135);
#8137=PLANE('',#8136);
#8138=ORIENTED_EDGE('',*,*,#7833,.T.);
#8139=ORIENTED_EDGE('',*,*,#7916,.T.);
#8140=ORIENTED_EDGE('',*,*,#7961,.T.);
#8141=ORIENTED_EDGE('',*,*,#8112,.F.);
#8142=EDGE_LOOP('',(#8138,#8139,#8140,#8141));
#8143=FACE_OUTER_BOUND('',#8142,.F.);
#8144=ADVANCED_FACE('',(#8143),#8137,.F.);
#8145=CARTESIAN_POINT('',(-2.345E0,-1.85E0,-6.994871794872E-1));
#8146=DIRECTION('',(9.539308260205E-1,0.E0,-3.000266307645E-1));
#8147=DIRECTION('',(3.000266307645E-1,0.E0,9.539308260205E-1));
#8148=AXIS2_PLACEMENT_3D('',#8145,#8146,#8147);
#8149=PLANE('',#8148);
#8151=ORIENTED_EDGE('',*,*,#8150,.T.);
#8152=ORIENTED_EDGE('',*,*,#8128,.F.);
#8153=ORIENTED_EDGE('',*,*,#5238,.F.);
#8154=ORIENTED_EDGE('',*,*,#7930,.T.);
#8155=EDGE_LOOP('',(#8151,#8152,#8153,#8154));
#8156=FACE_OUTER_BOUND('',#8155,.F.);
#8157=ADVANCED_FACE('',(#8156),#8149,.F.);
#8158=CARTESIAN_POINT('',(-2.82E0,-1.551050663962E0,-6.5E-1));
#8159=DIRECTION('',(0.E0,0.E0,1.E0));
#8160=DIRECTION('',(1.E0,0.E0,0.E0));
#8161=AXIS2_PLACEMENT_3D('',#8158,#8159,#8160);
#8162=CYLINDRICAL_SURFACE('',#8161,5.E-1);
#8164=ORIENTED_EDGE('',*,*,#8163,.T.);
#8166=ORIENTED_EDGE('',*,*,#8165,.F.);
#8167=ORIENTED_EDGE('',*,*,#5509,.T.);
#8168=ORIENTED_EDGE('',*,*,#8101,.F.);
#8169=ORIENTED_EDGE('',*,*,#8124,.F.);
#8170=ORIENTED_EDGE('',*,*,#8150,.F.);
#8171=ORIENTED_EDGE('',*,*,#7928,.F.);
#8172=ORIENTED_EDGE('',*,*,#5423,.F.);
#8174=ORIENTED_EDGE('',*,*,#8173,.F.);
#8175=EDGE_LOOP('',(#8164,#8166,#8167,#8168,#8169,#8170,#8171,#8172,#8174));
#8176=FACE_OUTER_BOUND('',#8175,.F.);
#8177=ADVANCED_FACE('',(#8176),#8162,.T.);
#8178=CARTESIAN_POINT('',(-3.740916010939E0,-2.1E0,-6.5E-1));
#8179=DIRECTION('',(5.233595624294E-2,-9.986295347546E-1,0.E0));
#8180=DIRECTION('',(9.986295347546E-1,5.233595624294E-2,0.E0));
#8181=AXIS2_PLACEMENT_3D('',#8178,#8179,#8180);
#8182=PLANE('',#8181);
#8184=ORIENTED_EDGE('',*,*,#8183,.F.);
#8185=ORIENTED_EDGE('',*,*,#5775,.T.);
#8187=ORIENTED_EDGE('',*,*,#8186,.F.);
#8189=ORIENTED_EDGE('',*,*,#8188,.F.);
#8190=ORIENTED_EDGE('',*,*,#8163,.F.);
#8192=ORIENTED_EDGE('',*,*,#8191,.F.);
#8194=ORIENTED_EDGE('',*,*,#8193,.F.);
#8195=ORIENTED_EDGE('',*,*,#5633,.F.);
#8197=ORIENTED_EDGE('',*,*,#8196,.F.);
#8199=ORIENTED_EDGE('',*,*,#8198,.F.);
#8200=EDGE_LOOP('',(#8184,#8185,#8187,#8189,#8190,#8192,#8194,#8195,#8197,
#8199));
#8201=FACE_OUTER_BOUND('',#8200,.F.);
#8202=ADVANCED_FACE('',(#8201),#8182,.T.);
#8203=CARTESIAN_POINT('',(-3.555057108053E0,-1.824934608747E0,-6.E-1));
#8204=DIRECTION('',(5.233595624294E-2,-9.986295347546E-1,0.E0));
#8205=DIRECTION('',(0.E0,0.E0,1.E0));
#8206=AXIS2_PLACEMENT_3D('',#8203,#8204,#8205);
#8207=CYLINDRICAL_SURFACE('',#8206,2.E-1);
#8208=ORIENTED_EDGE('',*,*,#8183,.T.);
#8210=ORIENTED_EDGE('',*,*,#8209,.F.);
#8212=ORIENTED_EDGE('',*,*,#8211,.T.);
#8213=ORIENTED_EDGE('',*,*,#5769,.T.);
#8214=EDGE_LOOP('',(#8208,#8210,#8212,#8213));
#8215=FACE_OUTER_BOUND('',#8214,.F.);
#8216=ADVANCED_FACE('',(#8215),#8207,.T.);
#8217=CARTESIAN_POINT('',(-3.754E0,-1.850342616311E0,-6.5E-1));
#8218=DIRECTION('',(-9.986295347546E-1,-5.233595624294E-2,0.E0));
#8219=DIRECTION('',(5.233595624294E-2,-9.986295347546E-1,0.E0));
#8220=AXIS2_PLACEMENT_3D('',#8217,#8218,#8219);
#8221=PLANE('',#8220);
#8222=ORIENTED_EDGE('',*,*,#8209,.T.);
#8223=ORIENTED_EDGE('',*,*,#8198,.T.);
#8225=ORIENTED_EDGE('',*,*,#8224,.T.);
#8227=ORIENTED_EDGE('',*,*,#8226,.T.);
#8228=EDGE_LOOP('',(#8222,#8223,#8225,#8227));
#8229=FACE_OUTER_BOUND('',#8228,.F.);
#8230=ADVANCED_FACE('',(#8229),#8221,.T.);
#8231=CARTESIAN_POINT('',(-3.540077787607E0,-2.110757069669E0,-2.4E0));
#8232=DIRECTION('',(-5.233595624294E-2,9.986295347546E-1,0.E0));
#8233=DIRECTION('',(0.E0,0.E0,-1.E0));
#8234=AXIS2_PLACEMENT_3D('',#8231,#8232,#8233);
#8235=CYLINDRICAL_SURFACE('',#8234,2.E-1);
#8237=ORIENTED_EDGE('',*,*,#8236,.T.);
#8238=ORIENTED_EDGE('',*,*,#8224,.F.);
#8239=ORIENTED_EDGE('',*,*,#8196,.T.);
#8240=ORIENTED_EDGE('',*,*,#5631,.T.);
#8241=EDGE_LOOP('',(#8237,#8238,#8239,#8240));
#8242=FACE_OUTER_BOUND('',#8241,.F.);
#8243=ADVANCED_FACE('',(#8242),#8235,.T.);
#8244=CARTESIAN_POINT('',(-2.806916010939E0,-1.800708047650E0,-6.5E-1));
#8245=DIRECTION('',(-5.233595624294E-2,9.986295347546E-1,0.E0));
#8246=DIRECTION('',(-9.986295347546E-1,-5.233595624294E-2,0.E0));
#8247=AXIS2_PLACEMENT_3D('',#8244,#8245,#8246);
#8248=PLANE('',#8247);
#8249=ORIENTED_EDGE('',*,*,#8211,.F.);
#8250=ORIENTED_EDGE('',*,*,#8226,.F.);
#8251=ORIENTED_EDGE('',*,*,#8236,.F.);
#8252=ORIENTED_EDGE('',*,*,#5637,.F.);
#8254=ORIENTED_EDGE('',*,*,#8253,.F.);
#8256=ORIENTED_EDGE('',*,*,#8255,.T.);
#8258=ORIENTED_EDGE('',*,*,#8257,.F.);
#8260=ORIENTED_EDGE('',*,*,#8259,.T.);
#8262=ORIENTED_EDGE('',*,*,#8261,.F.);
#8263=ORIENTED_EDGE('',*,*,#5771,.T.);
#8264=EDGE_LOOP('',(#8249,#8250,#8251,#8252,#8254,#8256,#8258,#8260,#8262,
#8263));
#8265=FACE_OUTER_BOUND('',#8264,.F.);
#8266=ADVANCED_FACE('',(#8265),#8248,.T.);
#8267=CARTESIAN_POINT('',(-2.907891280796E0,-1.784717382357E0,-2.5E0));
#8268=DIRECTION('',(5.233595624294E-2,-9.986295347546E-1,0.E0));
#8269=DIRECTION('',(0.E0,0.E0,-1.E0));
#8270=AXIS2_PLACEMENT_3D('',#8267,#8268,#8269);
#8271=CYLINDRICAL_SURFACE('',#8270,1.E-1);
#8272=ORIENTED_EDGE('',*,*,#8193,.T.);
#8274=ORIENTED_EDGE('',*,*,#8273,.F.);
#8275=ORIENTED_EDGE('',*,*,#8253,.T.);
#8276=ORIENTED_EDGE('',*,*,#5635,.T.);
#8277=EDGE_LOOP('',(#8272,#8274,#8275,#8276));
#8278=FACE_OUTER_BOUND('',#8277,.F.);
#8279=ADVANCED_FACE('',(#8278),#8271,.T.);
#8280=CARTESIAN_POINT('',(-2.793832021879E0,-2.050365431339E0,-2.6E0));
#8281=DIRECTION('',(9.986295347546E-1,5.233595624294E-2,0.E0));
#8282=DIRECTION('',(-5.233595624294E-2,9.986295347546E-1,0.E0));
#8283=AXIS2_PLACEMENT_3D('',#8280,#8281,#8282);
#8284=PLANE('',#8283);
#8285=ORIENTED_EDGE('',*,*,#8273,.T.);
#8286=ORIENTED_EDGE('',*,*,#8191,.T.);
#8288=ORIENTED_EDGE('',*,*,#8287,.F.);
#8289=ORIENTED_EDGE('',*,*,#8255,.F.);
#8290=EDGE_LOOP('',(#8285,#8286,#8288,#8289));
#8291=FACE_OUTER_BOUND('',#8290,.F.);
#8292=ADVANCED_FACE('',(#8291),#8284,.T.);
#8293=CARTESIAN_POINT('',(-2.793832021879E0,-2.050365431339E0,-2.6E0));
#8294=DIRECTION('',(9.986295347546E-1,5.233595624294E-2,0.E0));
#8295=DIRECTION('',(-5.233595624294E-2,9.986295347546E-1,0.E0));
#8296=AXIS2_PLACEMENT_3D('',#8293,#8294,#8295);
#8297=PLANE('',#8296);
#8299=ORIENTED_EDGE('',*,*,#8298,.T.);
#8300=ORIENTED_EDGE('',*,*,#8259,.F.);
#8302=ORIENTED_EDGE('',*,*,#8301,.F.);
#8303=ORIENTED_EDGE('',*,*,#8188,.T.);
#8304=EDGE_LOOP('',(#8299,#8300,#8302,#8303));
#8305=FACE_OUTER_BOUND('',#8304,.F.);
#8306=ADVANCED_FACE('',(#8305),#8297,.T.);
#8307=CARTESIAN_POINT('',(-2.708165373845E0,-1.774250191109E0,-2.3E0));
#8308=DIRECTION('',(5.233595624294E-2,-9.986295347546E-1,0.E0));
#8309=DIRECTION('',(0.E0,0.E0,1.E0));
#8310=AXIS2_PLACEMENT_3D('',#8307,#8308,#8309);
#8311=CYLINDRICAL_SURFACE('',#8310,1.E-1);
#8312=ORIENTED_EDGE('',*,*,#5421,.F.);
#8314=ORIENTED_EDGE('',*,*,#8313,.T.);
#8315=ORIENTED_EDGE('',*,*,#8287,.T.);
#8316=ORIENTED_EDGE('',*,*,#8173,.T.);
#8317=EDGE_LOOP('',(#8312,#8314,#8315,#8316));
#8318=FACE_OUTER_BOUND('',#8317,.F.);
#8319=ADVANCED_FACE('',(#8318),#8311,.F.);
#8320=CARTESIAN_POINT('',(-2.82E0,-1.551050663962E0,-6.5E-1));
#8321=DIRECTION('',(0.E0,0.E0,1.E0));
#8322=DIRECTION('',(1.E0,0.E0,0.E0));
#8323=AXIS2_PLACEMENT_3D('',#8320,#8321,#8322);
#8324=CYLINDRICAL_SURFACE('',#8323,2.5E-1);
#8325=ORIENTED_EDGE('',*,*,#5513,.T.);
#8327=ORIENTED_EDGE('',*,*,#8326,.F.);
#8328=ORIENTED_EDGE('',*,*,#8257,.T.);
#8329=ORIENTED_EDGE('',*,*,#8313,.F.);
#8330=ORIENTED_EDGE('',*,*,#5431,.F.);
#8331=ORIENTED_EDGE('',*,*,#7883,.F.);
#8332=EDGE_LOOP('',(#8325,#8327,#8328,#8329,#8330,#8331));
#8333=FACE_OUTER_BOUND('',#8332,.F.);
#8334=ADVANCED_FACE('',(#8333),#8324,.F.);
#8335=CARTESIAN_POINT('',(-2.693186053399E0,-2.060072652030E0,-5.5E-1));
#8336=DIRECTION('',(-5.233595624294E-2,9.986295347546E-1,0.E0));
#8337=DIRECTION('',(0.E0,0.E0,-1.E0));
#8338=AXIS2_PLACEMENT_3D('',#8335,#8336,#8337);
#8339=CYLINDRICAL_SURFACE('',#8338,1.E-1);
#8340=ORIENTED_EDGE('',*,*,#5511,.F.);
#8341=ORIENTED_EDGE('',*,*,#8165,.T.);
#8342=ORIENTED_EDGE('',*,*,#8301,.T.);
#8343=ORIENTED_EDGE('',*,*,#8326,.T.);
#8344=EDGE_LOOP('',(#8340,#8341,#8342,#8343));
#8345=FACE_OUTER_BOUND('',#8344,.F.);
#8346=ADVANCED_FACE('',(#8345),#8339,.F.);
#8347=CARTESIAN_POINT('',(-2.892911960350E0,-2.070539843279E0,-5.E-1));
#8348=DIRECTION('',(-5.233595624294E-2,9.986295347546E-1,0.E0));
#8349=DIRECTION('',(0.E0,0.E0,1.E0));
#8350=AXIS2_PLACEMENT_3D('',#8347,#8348,#8349);
#8351=CYLINDRICAL_SURFACE('',#8350,1.E-1);
#8352=ORIENTED_EDGE('',*,*,#8261,.T.);
#8353=ORIENTED_EDGE('',*,*,#8298,.F.);
#8354=ORIENTED_EDGE('',*,*,#8186,.T.);
#8355=ORIENTED_EDGE('',*,*,#5773,.T.);
#8356=EDGE_LOOP('',(#8352,#8353,#8354,#8355));
#8357=FACE_OUTER_BOUND('',#8356,.F.);
#8358=ADVANCED_FACE('',(#8357),#8351,.T.);
#8359=CARTESIAN_POINT('',(-3.555386409431E0,6.686511641456E-1,-2.4E0));
#8360=DIRECTION('',(5.233595624294E-2,9.986295347546E-1,0.E0));
#8361=DIRECTION('',(0.E0,0.E0,-1.E0));
#8362=AXIS2_PLACEMENT_3D('',#8359,#8360,#8361);
#8363=CYLINDRICAL_SURFACE('',#8362,2.E-1);
#8364=ORIENTED_EDGE('',*,*,#7715,.T.);
#8366=ORIENTED_EDGE('',*,*,#8365,.F.);
#8367=ORIENTED_EDGE('',*,*,#7758,.T.);
#8368=ORIENTED_EDGE('',*,*,#5615,.T.);
#8369=EDGE_LOOP('',(#8364,#8366,#8367,#8368));
#8370=FACE_OUTER_BOUND('',#8369,.F.);
#8371=ADVANCED_FACE('',(#8370),#8363,.T.);
#8372=CARTESIAN_POINT('',(-3.740916010939E0,9.5E-1,-6.5E-1));
#8373=DIRECTION('',(-9.986295347546E-1,5.233595624295E-2,0.E0));
#8374=DIRECTION('',(-5.233595624295E-2,-9.986295347546E-1,0.E0));
#8375=AXIS2_PLACEMENT_3D('',#8372,#8373,#8374);
#8376=PLANE('',#8375);
#8377=ORIENTED_EDGE('',*,*,#7736,.T.);
#8378=ORIENTED_EDGE('',*,*,#7760,.T.);
#8379=ORIENTED_EDGE('',*,*,#8365,.T.);
#8380=ORIENTED_EDGE('',*,*,#7713,.T.);
#8381=EDGE_LOOP('',(#8377,#8378,#8379,#8380));
#8382=FACE_OUTER_BOUND('',#8381,.F.);
#8383=ADVANCED_FACE('',(#8382),#8376,.T.);
#8384=CLOSED_SHELL('',(#5023,#5053,#5070,#5084,#5099,#5113,#5129,#5143,#5158,
#5172,#5188,#5213,#5228,#5260,#5276,#5291,#5307,#5323,#5338,#5356,#5376,#5396,
#5415,#5435,#5450,#5474,#5497,#5521,#5535,#5551,#5578,#5593,#5609,#5625,#5641,
#5655,#5668,#5682,#5705,#5718,#5731,#5747,#5763,#5779,#5792,#5805,#5817,#5832,
#5857,#5871,#5895,#5908,#5921,#5933,#5946,#5959,#5973,#5995,#6008,#6023,#6042,
#6059,#6075,#6092,#6106,#6120,#6151,#6165,#6180,#6193,#6207,#6220,#6250,#6263,
#6276,#6293,#6305,#6329,#6350,#6372,#6386,#6403,#6422,#6435,#6485,#6523,#6538,
#6569,#6606,#6621,#6635,#6671,#6686,#6701,#6715,#6735,#6771,#6786,#6801,#6814,
#6827,#6840,#6853,#6866,#6879,#6892,#6905,#6918,#6931,#6944,#6956,#6971,#6987,
#7003,#7031,#7048,#7062,#7078,#7098,#7112,#7128,#7144,#7157,#7172,#7187,#7201,
#7215,#7228,#7243,#7256,#7268,#7283,#7295,#7308,#7322,#7335,#7349,#7362,#7375,
#7389,#7402,#7415,#7428,#7441,#7454,#7467,#7480,#7493,#7506,#7519,#7531,#7544,
#7557,#7569,#7582,#7595,#7607,#7620,#7633,#7648,#7662,#7675,#7688,#7703,#7728,
#7742,#7766,#7780,#7793,#7805,#7819,#7841,#7854,#7869,#7888,#7905,#7921,#7937,
#7966,#7982,#7996,#8009,#8023,#8035,#8049,#8061,#8073,#8086,#8105,#8118,#8132,
#8144,#8157,#8177,#8202,#8216,#8230,#8243,#8266,#8279,#8292,#8306,#8319,#8334,
#8346,#8358,#8371,#8383));
#8385=MANIFOLD_SOLID_BREP('',#8384);
#8386=FILL_AREA_STYLE_COLOUR('',#50);
#8387=FILL_AREA_STYLE('',(#8386));
#8388=SURFACE_STYLE_FILL_AREA(#8387);
#8389=SURFACE_SIDE_STYLE('',(#8388));
#8390=SURFACE_STYLE_USAGE(.BOTH.,#8389);
#8391=PRESENTATION_STYLE_ASSIGNMENT((#8390));
#72=STYLED_ITEM('',(#8391),#8385);
#8392=(LENGTH_UNIT()NAMED_UNIT(*)SI_UNIT(.MILLI.,.METRE.));
#8393=DIMENSIONAL_EXPONENTS(0.E0,0.E0,0.E0,0.E0,0.E0,0.E0,0.E0);
#8394=(NAMED_UNIT(*)PLANE_ANGLE_UNIT()SI_UNIT($,.RADIAN.));
#8395=PLANE_ANGLE_MEASURE_WITH_UNIT(PLANE_ANGLE_MEASURE(1.745329251994E-2),
#8394);
#8396=(CONVERSION_BASED_UNIT('DEGREE',#8395)NAMED_UNIT(#8393)PLANE_ANGLE_UNIT(
));
#8397=(NAMED_UNIT(*)SI_UNIT($,.STERADIAN.)SOLID_ANGLE_UNIT());
#8398=UNCERTAINTY_MEASURE_WITH_UNIT(LENGTH_MEASURE(9.729800924144E-4),#8392,
'closure',
'Maximum model space distance between geometric entities at asserted connectivities');
#8399=(GEOMETRIC_REPRESENTATION_CONTEXT(3)GLOBAL_UNCERTAINTY_ASSIGNED_CONTEXT((
#8398))GLOBAL_UNIT_ASSIGNED_CONTEXT((#8392,#8396,#8397))REPRESENTATION_CONTEXT(
'ID1','3'));
#8401=MECHANICAL_DESIGN_GEOMETRIC_PRESENTATION_REPRESENTATION('',(#80,#87,#94,
#101,#108,#115,#122,#129,#136,#143,#150,#157,#164,#171,#178,#185,#192,#199,#206,
#213,#220,#227,#234,#241,#248,#255,#262,#269,#276,#283,#290,#297,#304,#311,#318,
#325,#332,#339,#346,#353,#360,#367,#374,#381,#388,#395,#402,#409,#416,#423,#430,
#437,#444,#451,#458,#465,#472,#480,#487,#495,#502,#510,#517,#525,#532,#540,#547,
#555,#562,#570,#577,#585,#598,#611,#618,#625,#633,#641,#648,#656,#663,#671,#678,
#686,#694,#701,#709,#716,#724,#737,#750,#757,#765,#772,#780,#788,#796,#803,#810,
#817,#824,#831,#838,#845,#852,#859,#866,#873,#880,#887,#894,#901,#908,#915,#922,
#929,#936,#943,#950,#958,#965,#972,#980,#988,#995,#1003,#1010,#1017,#1024,#1031,
#1038,#1045,#1052,#1059,#1066,#1073,#1080,#1087,#1094,#1101,#1108,#1115,#1122,
#1129,#1137,#1144,#1151,#1159,#1167,#1174,#1182,#1190,#1197,#1205,#1213,#1221,
#1228,#1235,#1242,#1249,#1256,#1263,#1270,#1277,#1290,#1303,#1310,#1323,#1336,
#1343,#1350,#1357,#1364,#1371,#1378,#1385,#1392,#1399,#1406,#1413,#1420,#1427,
#1434,#1441,#1449,#1456,#1463,#1471,#1478,#1485,#1492,#1499,#1506,#1513,#1520,
#1527,#1534,#1541,#1548,#1555,#1562,#1569,#1576,#1583,#1590,#1597,#1605,#1612,
#1619,#1627,#1634,#1641,#1648,#1655,#1662,#1669,#1676,#1683,#1690,#1697,#1704,
#1711,#1718,#1725,#1732,#1739,#1746,#1753,#1760,#1767,#1774,#1781,#1788,#1795,
#1802,#1809,#1816,#1823,#1830,#1837,#1844,#1851,#1858,#1865,#1872,#1879,#1886,
#1893,#1900,#1907,#1914,#1921,#1928,#1935,#1942,#1949,#1956,#1963,#1970,#1977,
#1984,#1991,#1998,#2005,#2012,#2019,#2027,#2034,#2041,#2048,#2055,#2062,#2069,
#2076,#2084,#2091,#2099,#2106,#2113,#2120,#2127,#2134,#2141,#2148,#2155,#2162,
#2169,#2176,#2183,#2190,#2197,#2204,#2212,#2219,#2226,#2233,#2240,#2247,#2254,
#2261,#2269,#2276,#2284,#2291,#2298,#2305,#2312,#2319,#2327,#2334,#2342,#2349,
#2356,#2363,#2370,#2377,#2384,#2391,#2399,#2406,#2413,#2420,#2427,#2434,#2441,
#2448,#2455,#2462,#2469,#2476,#2483,#2490,#2498,#2505,#2513,#2520,#2527,#2534,
#2541,#2548,#2555,#2562,#2570,#2577,#2584,#2591,#2598,#2605,#2612,#2619,#2626,
#2633,#2640,#2647,#2654,#2661,#2668,#2675,#2682,#2689,#2696,#2703,#2710,#2717,
#2724,#2731,#2738,#2745,#2752,#2759,#2766,#2773,#2780,#2787,#2794,#2801,#2808,
#2815,#2822,#2829,#2836,#2843,#2850,#2857,#2864,#2871,#2878,#2885,#2892,#2899,
#2906,#2913,#2920,#2927,#2934,#2941,#2948,#2955,#2962,#2969,#2976,#2983,#2990,
#2997,#3004,#3011,#3018,#3025,#3032,#3039,#3046,#3053,#3060,#3067,#3074,#3081,
#3088,#3095,#3102,#3109,#3116,#3123,#3130,#3137,#3144,#3151,#3158,#3165,#3172,
#3179,#3186,#3193,#3200,#3207,#3214,#3221,#3228,#3235,#3242,#3249,#3256,#3263,
#3270,#3277,#3284,#3291,#3298,#3305,#3312,#3319,#3326,#3333,#3340,#3347,#3354,
#3361,#3368,#3375,#3382,#3389,#3396,#3403,#3410,#3418,#3426,#3434,#3442,#3449,
#3456,#3464,#3472,#3480,#3488,#3495,#3502,#3509,#3516,#3523,#3530,#3543,#3556,
#3563,#3576,#3589,#3596,#3603,#3610,#3617,#3624,#3631,#3638,#3645,#3652,#3659,
#3666,#3673,#3680,#3687,#3694,#3701,#3708,#3715,#3722,#3729,#3736,#3743,#3750,
#3757,#3764,#3771,#3778,#3785,#3792,#3799,#3806,#3813,#3820,#3827,#3834,#3841,
#3848,#3855,#3862,#3869,#3876,#3883,#3890,#3897,#3904,#3911,#3918,#3926,#3933,
#3940,#3948,#3955,#3962,#3970,#3977,#3984,#3992,#3999,#4006,#4013,#4021,#4029,
#4037,#4045,#4052,#4059,#4066,#4073,#4081,#4089,#4097,#4104,#4111,#4119,#4126,
#4133,#4140,#4147,#4154,#4161,#4174,#4187,#4194,#4201,#4214,#4227,#4234,#4241,
#4248,#4255,#72),#8399);
#8402=APPLICATION_CONTEXT(
'CONFIGURATION CONTROLLED 3D DESIGNS OF MECHANICAL PARTS AND ASSEMBLIES');
#8403=APPLICATION_PROTOCOL_DEFINITION('international standard',
'ccd_cla_gvp_ast_asd',1995,#8402);
#8404=DESIGN_CONTEXT('',#8402,'design');
#8405=MECHANICAL_CONTEXT('',#8402,'mechanical');
#8406=PRODUCT('C-1734261-2','C-1734261-2','NOT SPECIFIED',(#8405));
#8407=PRODUCT_DEFINITION_FORMATION_WITH_SPECIFIED_SOURCE('2','LAST_VERSION',
#8406,.MADE.);
#8414=(LENGTH_UNIT()NAMED_UNIT(*)SI_UNIT(.MILLI.,.METRE.));
#8415=DERIVED_UNIT_ELEMENT(#8414,2.E0);
#8416=DERIVED_UNIT((#8415));
#8417=MEASURE_REPRESENTATION_ITEM('surface area measure',AREA_MEASURE(
1.982524574352E2),#8416);
#8421=(LENGTH_UNIT()NAMED_UNIT(*)SI_UNIT(.MILLI.,.METRE.));
#8422=DERIVED_UNIT_ELEMENT(#8421,3.E0);
#8423=DERIVED_UNIT((#8422));
#8424=MEASURE_REPRESENTATION_ITEM('volume measure',VOLUME_MEASURE(
6.048580042024E1),#8423);
#8428=CARTESIAN_POINT('centre point',(2.937344419980E-10,-3.875417585103E-1,
-2.500057533917E0));
#8433=PRODUCT_CATEGORY('part','');
#8434=PRODUCT_RELATED_PRODUCT_CATEGORY('detail','',(#8406));
#8435=PRODUCT_CATEGORY_RELATIONSHIP('','',#8433,#8434);
#8436=SECURITY_CLASSIFICATION_LEVEL('unclassified');
#8437=SECURITY_CLASSIFICATION('','',#8436);
#8438=CC_DESIGN_SECURITY_CLASSIFICATION(#8437,(#8407));
#8439=APPROVAL_STATUS('approved');
#8440=APPROVAL(#8439,'');
#8441=CC_DESIGN_APPROVAL(#8440,(#8437,#8407,#8408));
#8442=CALENDAR_DATE(108,4,9);
#8443=COORDINATED_UNIVERSAL_TIME_OFFSET(3,0,.BEHIND.);
#8444=LOCAL_TIME(16,15,4.6E1,#8443);
#8445=DATE_AND_TIME(#8442,#8444);
#8446=APPROVAL_DATE_TIME(#8445,#8440);
#8447=DATE_TIME_ROLE('creation_date');
#8448=CC_DESIGN_DATE_AND_TIME_ASSIGNMENT(#8445,#8447,(#8408));
#8449=DATE_TIME_ROLE('classification_date');
#8450=CC_DESIGN_DATE_AND_TIME_ASSIGNMENT(#8445,#8449,(#8437));
#8451=PERSON('UNSPECIFIED','UNSPECIFIED',$,$,$,$);
#8452=ORGANIZATION('UNSPECIFIED','UNSPECIFIED','UNSPECIFIED');
#8453=PERSON_AND_ORGANIZATION(#8451,#8452);
#8454=APPROVAL_ROLE('approver');
#8455=APPROVAL_PERSON_ORGANIZATION(#8453,#8440,#8454);
#8456=PERSON_AND_ORGANIZATION_ROLE('creator');
#8457=CC_DESIGN_PERSON_AND_ORGANIZATION_ASSIGNMENT(#8453,#8456,(#8407,#8408));
#8458=PERSON_AND_ORGANIZATION_ROLE('design_supplier');
#8459=CC_DESIGN_PERSON_AND_ORGANIZATION_ASSIGNMENT(#8453,#8458,(#8407));
#8460=PERSON_AND_ORGANIZATION_ROLE('classification_officer');
#8461=CC_DESIGN_PERSON_AND_ORGANIZATION_ASSIGNMENT(#8453,#8460,(#8437));
#8462=PERSON_AND_ORGANIZATION_ROLE('design_owner');
#8463=CC_DESIGN_PERSON_AND_ORGANIZATION_ASSIGNMENT(#8453,#8462,(#8406));
#477=CIRCLE('',#476,2.5E-1);
#492=CIRCLE('',#491,5.E-1);
#507=CIRCLE('',#506,5.E-1);
#522=CIRCLE('',#521,2.5E-1);
#537=CIRCLE('',#536,2.5E-1);
#552=CIRCLE('',#551,5.E-1);
#567=CIRCLE('',#566,5.E-1);
#582=CIRCLE('',#581,2.5E-1);
#595=B_SPLINE_CURVE_WITH_KNOTS('',3,(#586,#587,#588,#589,#590,#591,#592,#593,
#594),.UNSPECIFIED.,.F.,.F.,(4,1,1,1,1,1,4),(0.E0,1.666666666667E-1,
3.333333333333E-1,5.E-1,6.666666666667E-1,8.333333333333E-1,1.E0),
.UNSPECIFIED.);
#608=B_SPLINE_CURVE_WITH_KNOTS('',3,(#599,#600,#601,#602,#603,#604,#605,#606,
#607),.UNSPECIFIED.,.F.,.F.,(4,1,1,1,1,1,4),(0.E0,1.666666666667E-1,
3.333333333333E-1,5.E-1,6.666666666667E-1,8.333333333333E-1,1.E0),
.UNSPECIFIED.);
#630=CIRCLE('',#629,5.E-1);
#638=CIRCLE('',#637,5.E-1);
#653=CIRCLE('',#652,2.5E-1);
#668=CIRCLE('',#667,2.5E-1);
#683=CIRCLE('',#682,5.E-1);
#691=CIRCLE('',#690,5.E-1);
#706=CIRCLE('',#705,2.5E-1);
#721=CIRCLE('',#720,2.5E-1);
#734=B_SPLINE_CURVE_WITH_KNOTS('',3,(#725,#726,#727,#728,#729,#730,#731,#732,
#733),.UNSPECIFIED.,.F.,.F.,(4,1,1,1,1,1,4),(0.E0,1.666666666667E-1,
3.333333333333E-1,5.E-1,6.666666666667E-1,8.333333333333E-1,1.E0),
.UNSPECIFIED.);
#747=B_SPLINE_CURVE_WITH_KNOTS('',3,(#738,#739,#740,#741,#742,#743,#744,#745,
#746),.UNSPECIFIED.,.F.,.F.,(4,1,1,1,1,1,4),(0.E0,1.666666666667E-1,
3.333333333333E-1,5.E-1,6.666666666667E-1,8.333333333333E-1,1.E0),
.UNSPECIFIED.);
#762=CIRCLE('',#761,2.E-1);
#777=CIRCLE('',#776,2.E-1);
#785=CIRCLE('',#784,1.E-1);
#793=CIRCLE('',#792,1.E-1);
#955=CIRCLE('',#954,1.E-1);
#977=CIRCLE('',#976,1.E-1);
#985=CIRCLE('',#984,2.E-1);
#1000=CIRCLE('',#999,2.E-1);
#1134=CIRCLE('',#1133,1.E-1);
#1156=CIRCLE('',#1155,1.E-1);
#1164=CIRCLE('',#1163,2.E-1);
#1179=CIRCLE('',#1178,2.E-1);
#1187=CIRCLE('',#1186,2.E-1);
#1202=CIRCLE('',#1201,2.E-1);
#1210=CIRCLE('',#1209,1.E-1);
#1218=CIRCLE('',#1217,1.E-1);
#1287=B_SPLINE_CURVE_WITH_KNOTS('',3,(#1278,#1279,#1280,#1281,#1282,#1283,#1284,
#1285,#1286),.UNSPECIFIED.,.F.,.F.,(4,1,1,1,1,1,4),(0.E0,1.666666666667E-1,
3.333333333333E-1,5.E-1,6.666666666667E-1,8.333333333333E-1,1.E0),
.UNSPECIFIED.);
#1300=B_SPLINE_CURVE_WITH_KNOTS('',3,(#1291,#1292,#1293,#1294,#1295,#1296,#1297,
#1298,#1299),.UNSPECIFIED.,.F.,.F.,(4,1,1,1,1,1,4),(0.E0,1.666666666667E-1,
3.333333333333E-1,5.E-1,6.666666666667E-1,8.333333333333E-1,1.E0),
.UNSPECIFIED.);
#1320=B_SPLINE_CURVE_WITH_KNOTS('',3,(#1311,#1312,#1313,#1314,#1315,#1316,#1317,
#1318,#1319),.UNSPECIFIED.,.F.,.F.,(4,1,1,1,1,1,4),(0.E0,1.666666666667E-1,
3.333333333333E-1,5.E-1,6.666666666667E-1,8.333333333333E-1,1.E0),
.UNSPECIFIED.);
#1333=B_SPLINE_CURVE_WITH_KNOTS('',3,(#1324,#1325,#1326,#1327,#1328,#1329,#1330,
#1331,#1332),.UNSPECIFIED.,.F.,.F.,(4,1,1,1,1,1,4),(0.E0,1.666666666667E-1,
3.333333333333E-1,5.E-1,6.666666666667E-1,8.333333333333E-1,1.E0),
.UNSPECIFIED.);
#1446=B_SPLINE_CURVE_WITH_KNOTS('',3,(#1442,#1443,#1444,#1445),.UNSPECIFIED.,
.F.,.F.,(4,4),(0.E0,1.E0),.UNSPECIFIED.);
#1468=B_SPLINE_CURVE_WITH_KNOTS('',3,(#1464,#1465,#1466,#1467),.UNSPECIFIED.,
.F.,.F.,(4,4),(0.E0,1.E0),.UNSPECIFIED.);
#1602=CIRCLE('',#1601,5.E-1);
#1624=CIRCLE('',#1623,5.E-1);
#2024=CIRCLE('',#2023,1.5E-1);
#2081=CIRCLE('',#2080,1.5E-1);
#2096=CIRCLE('',#2095,1.5E-1);
#2209=CIRCLE('',#2208,1.5E-1);
#2266=CIRCLE('',#2265,1.5E-1);
#2281=CIRCLE('',#2280,1.5E-1);
#2324=CIRCLE('',#2323,1.5E-1);
#2339=CIRCLE('',#2338,1.5E-1);
#2396=CIRCLE('',#2395,1.5E-1);
#2495=CIRCLE('',#2494,1.5E-1);
#2510=CIRCLE('',#2509,1.5E-1);
#2567=CIRCLE('',#2566,1.5E-1);
#3415=CIRCLE('',#3414,1.E-1);
#3423=CIRCLE('',#3422,2.E-1);
#3431=CIRCLE('',#3430,2.E-1);
#3439=CIRCLE('',#3438,1.E-1);
#3461=CIRCLE('',#3460,1.E-1);
#3469=CIRCLE('',#3468,1.E-1);
#3477=CIRCLE('',#3476,2.E-1);
#3485=CIRCLE('',#3484,2.E-1);
#3540=B_SPLINE_CURVE_WITH_KNOTS('',3,(#3531,#3532,#3533,#3534,#3535,#3536,#3537,
#3538,#3539),.UNSPECIFIED.,.F.,.F.,(4,1,1,1,1,1,4),(0.E0,1.666666666667E-1,
3.333333333333E-1,5.E-1,6.666666666667E-1,8.333333333333E-1,1.E0),
.UNSPECIFIED.);
#3553=B_SPLINE_CURVE_WITH_KNOTS('',3,(#3544,#3545,#3546,#3547,#3548,#3549,#3550,
#3551,#3552),.UNSPECIFIED.,.F.,.F.,(4,1,1,1,1,1,4),(0.E0,1.666666666667E-1,
3.333333333333E-1,5.E-1,6.666666666667E-1,8.333333333333E-1,1.E0),
.UNSPECIFIED.);
#3573=B_SPLINE_CURVE_WITH_KNOTS('',3,(#3564,#3565,#3566,#3567,#3568,#3569,#3570,
#3571,#3572),.UNSPECIFIED.,.F.,.F.,(4,1,1,1,1,1,4),(0.E0,1.666666666667E-1,
3.333333333333E-1,5.E-1,6.666666666667E-1,8.333333333333E-1,1.E0),
.UNSPECIFIED.);
#3586=B_SPLINE_CURVE_WITH_KNOTS('',3,(#3577,#3578,#3579,#3580,#3581,#3582,#3583,
#3584,#3585),.UNSPECIFIED.,.F.,.F.,(4,1,1,1,1,1,4),(0.E0,1.666666666667E-1,
3.333333333333E-1,5.E-1,6.666666666667E-1,8.333333333333E-1,1.E0),
.UNSPECIFIED.);
#3923=CIRCLE('',#3922,5.E-1);
#3945=CIRCLE('',#3944,5.E-1);
#3967=B_SPLINE_CURVE_WITH_KNOTS('',3,(#3963,#3964,#3965,#3966),.UNSPECIFIED.,
.F.,.F.,(4,4),(0.E0,1.E0),.UNSPECIFIED.);
#3989=B_SPLINE_CURVE_WITH_KNOTS('',3,(#3985,#3986,#3987,#3988),.UNSPECIFIED.,
.F.,.F.,(4,4),(0.E0,1.E0),.UNSPECIFIED.);
#4018=CIRCLE('',#4017,2.E-1);
#4026=CIRCLE('',#4025,1.E-1);
#4034=CIRCLE('',#4033,1.E-1);
#4042=CIRCLE('',#4041,2.E-1);
#4078=CIRCLE('',#4077,2.E-1);
#4086=CIRCLE('',#4085,2.E-1);
#4094=CIRCLE('',#4093,1.E-1);
#4116=CIRCLE('',#4115,1.E-1);
#4171=B_SPLINE_CURVE_WITH_KNOTS('',3,(#4162,#4163,#4164,#4165,#4166,#4167,#4168,
#4169,#4170),.UNSPECIFIED.,.F.,.F.,(4,1,1,1,1,1,4),(0.E0,1.666666666667E-1,
3.333333333333E-1,5.E-1,6.666666666667E-1,8.333333333333E-1,1.E0),
.UNSPECIFIED.);
#4184=B_SPLINE_CURVE_WITH_KNOTS('',3,(#4175,#4176,#4177,#4178,#4179,#4180,#4181,
#4182,#4183),.UNSPECIFIED.,.F.,.F.,(4,1,1,1,1,1,4),(0.E0,1.666666666667E-1,
3.333333333333E-1,5.E-1,6.666666666667E-1,8.333333333333E-1,1.E0),
.UNSPECIFIED.);
#4211=B_SPLINE_CURVE_WITH_KNOTS('',3,(#4202,#4203,#4204,#4205,#4206,#4207,#4208,
#4209,#4210),.UNSPECIFIED.,.F.,.F.,(4,1,1,1,1,1,4),(0.E0,1.666666666667E-1,
3.333333333333E-1,5.E-1,6.666666666667E-1,8.333333333333E-1,1.E0),
.UNSPECIFIED.);
#4224=B_SPLINE_CURVE_WITH_KNOTS('',3,(#4215,#4216,#4217,#4218,#4219,#4220,#4221,
#4222,#4223),.UNSPECIFIED.,.F.,.F.,(4,1,1,1,1,1,4),(0.E0,1.666666666667E-1,
3.333333333333E-1,5.E-1,6.666666666667E-1,8.333333333333E-1,1.E0),
.UNSPECIFIED.);
#4999=EDGE_CURVE('',#4404,#4405,#76,.T.);
#5001=EDGE_CURVE('',#4697,#4404,#84,.T.);
#5003=EDGE_CURVE('',#4697,#4689,#91,.T.);
#5005=EDGE_CURVE('',#4689,#4399,#98,.T.);
#5007=EDGE_CURVE('',#4477,#4399,#105,.T.);
#5009=EDGE_CURVE('',#4477,#4318,#112,.T.);
#5011=EDGE_CURVE('',#4323,#4318,#119,.T.);
#5013=EDGE_CURVE('',#4323,#4301,#126,.T.);
#5015=EDGE_CURVE('',#4301,#4342,#133,.T.);
#5017=EDGE_CURVE('',#4347,#4342,#140,.T.);
#5019=EDGE_CURVE('',#4405,#4347,#147,.T.);
#5029=EDGE_CURVE('',#4408,#4409,#154,.T.);
#5031=EDGE_CURVE('',#4337,#4409,#161,.T.);
#5033=EDGE_CURVE('',#4335,#4337,#168,.T.);
#5035=EDGE_CURVE('',#4335,#4303,#175,.T.);
#5037=EDGE_CURVE('',#4303,#4326,#182,.T.);
#5039=EDGE_CURVE('',#4331,#4326,#189,.T.);
#5041=EDGE_CURVE('',#4479,#4331,#196,.T.);
#5043=EDGE_CURVE('',#4479,#4401,#203,.T.);
#5045=EDGE_CURVE('',#4749,#4401,#210,.T.);
#5047=EDGE_CURVE('',#4699,#4749,#217,.T.);
#5049=EDGE_CURVE('',#4408,#4699,#224,.T.);
#5060=EDGE_CURVE('',#4428,#4405,#231,.T.);
#5062=EDGE_CURVE('',#4428,#4429,#1792,.T.);
#5064=EDGE_CURVE('',#4411,#4429,#1785,.T.);
#5066=EDGE_CURVE('',#4404,#4411,#1729,.T.);
#5078=EDGE_CURVE('',#4345,#4347,#238,.T.);
#5080=EDGE_CURVE('',#4428,#4345,#1799,.T.);
#5090=EDGE_CURVE('',#4437,#4409,#245,.T.);
#5092=EDGE_CURVE('',#4339,#4437,#1834,.T.);
#5094=EDGE_CURVE('',#4339,#4337,#3043,.T.);
#5105=EDGE_CURVE('',#4342,#4343,#252,.T.);
#5107=EDGE_CURVE('',#4345,#4343,#1855,.T.);
#5121=EDGE_CURVE('',#4301,#4283,#259,.T.);
#5123=EDGE_CURVE('',#4283,#4285,#1988,.T.);
#5125=EDGE_CURVE('',#4343,#4285,#1862,.T.);
#5136=EDGE_CURVE('',#4323,#4281,#266,.T.);
#5138=EDGE_CURVE('',#4281,#4283,#1995,.T.);
#5149=EDGE_CURVE('',#4321,#4323,#273,.T.);
#5151=EDGE_CURVE('',#4321,#4279,#280,.T.);
#5153=EDGE_CURVE('',#4279,#4281,#2002,.T.);
#5164=EDGE_CURVE('',#4318,#4319,#287,.T.);
#5166=EDGE_CURVE('',#4321,#4319,#2987,.T.);
#5180=EDGE_CURVE('',#4470,#4477,#294,.T.);
#5182=EDGE_CURVE('',#4470,#4357,#2924,.T.);
#5184=EDGE_CURVE('',#4319,#4357,#2973,.T.);
#5194=EDGE_CURVE('',#4382,#4386,#329,.T.);
#5196=EDGE_CURVE('',#4689,#4382,#350,.T.);
#5199=EDGE_CURVE('',#4697,#4258,#301,.T.);
#5201=EDGE_CURVE('',#4258,#4259,#3085,.T.);
#5203=EDGE_CURVE('',#4259,#4471,#308,.T.);
#5205=EDGE_CURVE('',#4470,#4471,#2931,.T.);
#5209=EDGE_CURVE('',#4399,#4386,#315,.T.);
#5219=EDGE_CURVE('',#4382,#4383,#322,.T.);
#5222=EDGE_CURVE('',#4386,#4387,#336,.T.);
#5224=EDGE_CURVE('',#4383,#4387,#3782,.T.);
#5234=EDGE_CURVE('',#4764,#4765,#343,.T.);
#5236=EDGE_CURVE('',#4796,#4764,#3670,.T.);
#5238=EDGE_CURVE('',#4796,#4797,#3996,.T.);
#5240=EDGE_CURVE('',#4797,#4789,#3952,.T.);
#5242=EDGE_CURVE('',#4789,#4687,#3901,.T.);
#5244=EDGE_CURVE('',#4687,#4689,#3859,.T.);
#5248=EDGE_CURVE('',#4667,#4383,#3775,.T.);
#5250=EDGE_CURVE('',#4667,#4671,#3747,.T.);
#5252=EDGE_CURVE('',#4693,#4671,#3712,.T.);
#5254=EDGE_CURVE('',#4693,#4767,#3691,.T.);
#5256=EDGE_CURVE('',#4767,#4765,#357,.T.);
#5266=EDGE_CURVE('',#4493,#4490,#364,.T.);
#5268=EDGE_CURVE('',#4495,#4493,#3677,.T.);
#5270=EDGE_CURVE('',#4491,#4495,#371,.T.);
#5272=EDGE_CURVE('',#4490,#4491,#378,.T.);
#5283=EDGE_CURVE('',#4753,#4765,#385,.T.);
#5285=EDGE_CURVE('',#4752,#4753,#392,.T.);
#5287=EDGE_CURVE('',#4764,#4752,#399,.T.);
#5297=EDGE_CURVE('',#4772,#4773,#1489,.T.);
#5299=EDGE_CURVE('',#4761,#4772,#406,.T.);
#5301=EDGE_CURVE('',#4760,#4761,#413,.T.);
#5303=EDGE_CURVE('',#4773,#4760,#420,.T.);
#5313=EDGE_CURVE('',#4778,#4779,#1580,.T.);
#5315=EDGE_CURVE('',#4757,#4779,#427,.T.);
#5317=EDGE_CURVE('',#4756,#4757,#434,.T.);
#5319=EDGE_CURVE('',#4778,#4756,#441,.T.);
#5330=EDGE_CURVE('',#4497,#4490,#462,.T.);
#5332=EDGE_CURVE('',#4497,#4769,#3796,.T.);
#5334=EDGE_CURVE('',#4493,#4769,#3684,.T.);
#5344=EDGE_CURVE('',#4500,#4501,#448,.T.);
#5346=EDGE_CURVE('',#4827,#4500,#455,.T.);
#5348=EDGE_CURVE('',#4827,#4497,#3838,.T.);
#5352=EDGE_CURVE('',#4501,#4491,#3635,.T.);
#5362=EDGE_CURVE('',#4512,#4513,#469,.T.);
#5364=EDGE_CURVE('',#4513,#4823,#477,.T.);
#5366=EDGE_CURVE('',#4823,#4838,#484,.T.);
#5368=EDGE_CURVE('',#4838,#4839,#1510,.T.);
#5370=EDGE_CURVE('',#4839,#4881,#1410,.T.);
#5372=EDGE_CURVE('',#4881,#4512,#492,.T.);
#5382=EDGE_CURVE('',#4528,#4529,#499,.T.);
#5384=EDGE_CURVE('',#4529,#4879,#507,.T.);
#5386=EDGE_CURVE('',#4879,#4832,#1382,.T.);
#5388=EDGE_CURVE('',#4832,#4833,#1361,.T.);
#5390=EDGE_CURVE('',#4833,#4825,#514,.T.);
#5392=EDGE_CURVE('',#4825,#4528,#522,.T.);
#5402=EDGE_CURVE('',#4544,#4545,#529,.T.);
#5404=EDGE_CURVE('',#4545,#4485,#537,.T.);
#5406=EDGE_CURVE('',#4485,#4500,#544,.T.);
#5409=EDGE_CURVE('',#4567,#4501,#3628,.T.);
#5411=EDGE_CURVE('',#4567,#4544,#552,.T.);
#5421=EDGE_CURVE('',#4560,#4561,#559,.T.);
#5423=EDGE_CURVE('',#4561,#4569,#567,.T.);
#5425=EDGE_CURVE('',#4829,#4569,#3656,.T.);
#5427=EDGE_CURVE('',#4829,#4792,#3614,.T.);
#5429=EDGE_CURVE('',#4792,#4487,#574,.T.);
#5431=EDGE_CURVE('',#4487,#4560,#582,.T.);
#5442=EDGE_CURVE('',#4512,#4516,#595,.T.);
#5444=EDGE_CURVE('',#4516,#4517,#926,.T.);
#5446=EDGE_CURVE('',#4517,#4513,#608,.T.);
#5456=EDGE_CURVE('',#4891,#4505,#630,.T.);
#5458=EDGE_CURVE('',#4509,#4505,#747,.T.);
#5460=EDGE_CURVE('',#4509,#4516,#615,.T.);
#5464=EDGE_CURVE('',#4881,#4883,#1438,.T.);
#5466=EDGE_CURVE('',#4983,#4883,#1446,.T.);
#5468=EDGE_CURVE('',#4979,#4983,#1602,.T.);
#5470=EDGE_CURVE('',#4979,#4891,#1652,.T.);
#5480=EDGE_CURVE('',#4504,#4505,#622,.T.);
#5483=EDGE_CURVE('',#4893,#4891,#1645,.T.);
#5485=EDGE_CURVE('',#4520,#4893,#638,.T.);
#5487=EDGE_CURVE('',#4520,#4521,#645,.T.);
#5489=EDGE_CURVE('',#4821,#4521,#653,.T.);
#5491=EDGE_CURVE('',#4820,#4821,#660,.T.);
#5493=EDGE_CURVE('',#4504,#4820,#668,.T.);
#5503=EDGE_CURVE('',#4536,#4537,#675,.T.);
#5505=EDGE_CURVE('',#4887,#4537,#683,.T.);
#5507=EDGE_CURVE('',#4887,#4889,#3873,.T.);
#5509=EDGE_CURVE('',#4552,#4889,#691,.T.);
#5511=EDGE_CURVE('',#4552,#4553,#698,.T.);
#5513=EDGE_CURVE('',#4483,#4553,#706,.T.);
#5515=EDGE_CURVE('',#4482,#4483,#713,.T.);
#5517=EDGE_CURVE('',#4536,#4482,#721,.T.);
#5528=EDGE_CURVE('',#4504,#4508,#734,.T.);
#5530=EDGE_CURVE('',#4508,#4509,#940,.T.);
#5541=EDGE_CURVE('',#4517,#4508,#754,.T.);
#5545=EDGE_CURVE('',#4820,#4823,#1354,.T.);
#5557=EDGE_CURVE('',#4655,#4577,#821,.T.);
#5559=EDGE_CURVE('',#4853,#4655,#762,.T.);
#5561=EDGE_CURVE('',#4853,#4843,#769,.T.);
#5563=EDGE_CURVE('',#4663,#4843,#777,.T.);
#5565=EDGE_CURVE('',#4663,#4572,#1014,.T.);
#5567=EDGE_CURVE('',#4849,#4572,#785,.T.);
#5569=EDGE_CURVE('',#4508,#4849,#947,.T.);
#5572=EDGE_CURVE('',#4855,#4517,#919,.T.);
#5574=EDGE_CURVE('',#4577,#4855,#793,.T.);
#5584=EDGE_CURVE('',#4576,#4577,#800,.T.);
#5586=EDGE_CURVE('',#4576,#4657,#807,.T.);
#5588=EDGE_CURVE('',#4655,#4657,#814,.T.);
#5599=EDGE_CURVE('',#4584,#4585,#828,.T.);
#5601=EDGE_CURVE('',#4584,#4653,#835,.T.);
#5603=EDGE_CURVE('',#4651,#4653,#842,.T.);
#5605=EDGE_CURVE('',#4651,#4585,#849,.T.);
#5615=EDGE_CURVE('',#4609,#4604,#856,.T.);
#5617=EDGE_CURVE('',#4609,#4612,#863,.T.);
#5619=EDGE_CURVE('',#4617,#4612,#870,.T.);
#5621=EDGE_CURVE('',#4617,#4604,#877,.T.);
#5631=EDGE_CURVE('',#4633,#4628,#884,.T.);
#5633=EDGE_CURVE('',#4633,#4644,#891,.T.);
#5635=EDGE_CURVE('',#4649,#4644,#898,.T.);
#5637=EDGE_CURVE('',#4649,#4628,#905,.T.);
#5649=EDGE_CURVE('',#4857,#4855,#912,.T.);
#5651=EDGE_CURVE('',#4857,#4576,#955,.T.);
#5664=EDGE_CURVE('',#4857,#4516,#962,.T.);
#5674=EDGE_CURVE('',#4849,#4847,#933,.T.);
#5676=EDGE_CURVE('',#4509,#4847,#969,.T.);
#5693=EDGE_CURVE('',#4573,#4847,#977,.T.);
#5695=EDGE_CURVE('',#4573,#4665,#1028,.T.);
#5697=EDGE_CURVE('',#4845,#4665,#985,.T.);
#5699=EDGE_CURVE('',#4845,#4851,#992,.T.);
#5701=EDGE_CURVE('',#4657,#4851,#1000,.T.);
#5711=EDGE_CURVE('',#4572,#4573,#1007,.T.);
#5726=EDGE_CURVE('',#4665,#4663,#1021,.T.);
#5737=EDGE_CURVE('',#4580,#4581,#1035,.T.);
#5739=EDGE_CURVE('',#4659,#4580,#1042,.T.);
#5741=EDGE_CURVE('',#4661,#4659,#1049,.T.);
#5743=EDGE_CURVE('',#4581,#4661,#1056,.T.);
#5753=EDGE_CURVE('',#4593,#4588,#1063,.T.);
#5755=EDGE_CURVE('',#4596,#4593,#1070,.T.);
#5757=EDGE_CURVE('',#4601,#4596,#1077,.T.);
#5759=EDGE_CURVE('',#4588,#4601,#1084,.T.);
#5769=EDGE_CURVE('',#4625,#4620,#1091,.T.);
#5771=EDGE_CURVE('',#4636,#4625,#1098,.T.);
#5773=EDGE_CURVE('',#4641,#4636,#1105,.T.);
#5775=EDGE_CURVE('',#4620,#4641,#1112,.T.);
#5786=EDGE_CURVE('',#4845,#4843,#1119,.T.);
#5800=EDGE_CURVE('',#4853,#4851,#1126,.T.);
#5824=EDGE_CURVE('',#4581,#4859,#1156,.T.);
#5826=EDGE_CURVE('',#4861,#4859,#1239,.T.);
#5828=EDGE_CURVE('',#4861,#4580,#1210,.T.);
#5839=EDGE_CURVE('',#4869,#4584,#1134,.T.);
#5841=EDGE_CURVE('',#4869,#4532,#1141,.T.);
#5843=EDGE_CURVE('',#4525,#4532,#1340,.T.);
#5845=EDGE_CURVE('',#4525,#4859,#1148,.T.);
#5849=EDGE_CURVE('',#4865,#4661,#1164,.T.);
#5851=EDGE_CURVE('',#4865,#4871,#1171,.T.);
#5853=EDGE_CURVE('',#4653,#4871,#1179,.T.);
#5864=EDGE_CURVE('',#4585,#4867,#1218,.T.);
#5866=EDGE_CURVE('',#4869,#4867,#1260,.T.);
#5878=EDGE_CURVE('',#4873,#4651,#1187,.T.);
#5880=EDGE_CURVE('',#4873,#4863,#1194,.T.);
#5882=EDGE_CURVE('',#4659,#4863,#1202,.T.);
#5886=EDGE_CURVE('',#4524,#4861,#1253,.T.);
#5888=EDGE_CURVE('',#4533,#4524,#1307,.T.);
#5890=EDGE_CURVE('',#4867,#4533,#1267,.T.);
#5902=EDGE_CURVE('',#4873,#4871,#1232,.T.);
#5914=EDGE_CURVE('',#4865,#4863,#1225,.T.);
#5941=EDGE_CURVE('',#4524,#4525,#1246,.T.);
#5954=EDGE_CURVE('',#4532,#4533,#1274,.T.);
#5966=EDGE_CURVE('',#4520,#4524,#1287,.T.);
#5969=EDGE_CURVE('',#4525,#4521,#1300,.T.);
#5980=EDGE_CURVE('',#4533,#4529,#1333,.T.);
#5985=EDGE_CURVE('',#4981,#4893,#1680,.T.);
#5987=EDGE_CURVE('',#4985,#4981,#1624,.T.);
#5989=EDGE_CURVE('',#4885,#4985,#1468,.T.);
#5991=EDGE_CURVE('',#4879,#4885,#1389,.T.);
#6002=EDGE_CURVE('',#4528,#4532,#1320,.T.);
#6017=EDGE_CURVE('',#4821,#4825,#1347,.T.);
#6029=EDGE_CURVE('',#4835,#4833,#1375,.T.);
#6031=EDGE_CURVE('',#4835,#4841,#1531,.T.);
#6033=EDGE_CURVE('',#4841,#4838,#1517,.T.);
#6049=EDGE_CURVE('',#4832,#4756,#1368,.T.);
#6052=EDGE_CURVE('',#4785,#4757,#1573,.T.);
#6054=EDGE_CURVE('',#4835,#4785,#1538,.T.);
#6067=EDGE_CURVE('',#4885,#4817,#1396,.T.);
#6069=EDGE_CURVE('',#4817,#4778,#1403,.T.);
#6082=EDGE_CURVE('',#4839,#4761,#1417,.T.);
#6085=EDGE_CURVE('',#4772,#4815,#1424,.T.);
#6087=EDGE_CURVE('',#4815,#4883,#1431,.T.);
#6100=EDGE_CURVE('',#4811,#4815,#1453,.T.);
#6102=EDGE_CURVE('',#4811,#4983,#1460,.T.);
#6113=EDGE_CURVE('',#4985,#4813,#1475,.T.);
#6115=EDGE_CURVE('',#4813,#4817,#1482,.T.);
#6127=EDGE_CURVE('',#4775,#4773,#1496,.T.);
#6129=EDGE_CURVE('',#4775,#4695,#3386,.T.);
#6131=EDGE_CURVE('',#4695,#4674,#1503,.T.);
#6133=EDGE_CURVE('',#4674,#4675,#3337,.T.);
#6135=EDGE_CURVE('',#4675,#4390,#3316,.T.);
#6137=EDGE_CURVE('',#4390,#4391,#3295,.T.);
#6139=EDGE_CURVE('',#4749,#4391,#1708,.T.);
#6141=EDGE_CURVE('',#4749,#4803,#1687,.T.);
#6143=EDGE_CURVE('',#4803,#4807,#1659,.T.);
#6145=EDGE_CURVE('',#4807,#4811,#1609,.T.);
#6159=EDGE_CURVE('',#4787,#4760,#1524,.T.);
#6161=EDGE_CURVE('',#4787,#4775,#1559,.T.);
#6173=EDGE_CURVE('',#4841,#4787,#1545,.T.);
#6188=EDGE_CURVE('',#4787,#4785,#1566,.T.);
#6199=EDGE_CURVE('',#4785,#4781,#1552,.T.);
#6201=EDGE_CURVE('',#4775,#4781,#3393,.T.);
#6213=EDGE_CURVE('',#4779,#4781,#1594,.T.);
#6229=EDGE_CURVE('',#4809,#4813,#1638,.T.);
#6231=EDGE_CURVE('',#4805,#4809,#1673,.T.);
#6233=EDGE_CURVE('',#4401,#4805,#1694,.T.);
#6235=EDGE_CURVE('',#4401,#4395,#1587,.T.);
#6237=EDGE_CURVE('',#4394,#4395,#3309,.T.);
#6239=EDGE_CURVE('',#4677,#4394,#3330,.T.);
#6241=EDGE_CURVE('',#4378,#4677,#3351,.T.);
#6243=EDGE_CURVE('',#4378,#4379,#3358,.T.);
#6245=EDGE_CURVE('',#4781,#4379,#3400,.T.);
#6259=EDGE_CURVE('',#4807,#4979,#1616,.T.);
#6270=EDGE_CURVE('',#4981,#4809,#1631,.T.);
#6286=EDGE_CURVE('',#4803,#4805,#1666,.T.);
#6311=EDGE_CURVE('',#4262,#4699,#1701,.T.);
#6315=EDGE_CURVE('',#4391,#4395,#1715,.T.);
#6319=EDGE_CURVE('',#4474,#4479,#3001,.T.);
#6321=EDGE_CURVE('',#4474,#4475,#2945,.T.);
#6323=EDGE_CURVE('',#4475,#4263,#1722,.T.);
#6325=EDGE_CURVE('',#4262,#4263,#3113,.T.);
#6336=EDGE_CURVE('',#4411,#4413,#1736,.T.);
#6338=EDGE_CURVE('',#4413,#4415,#1743,.T.);
#6340=EDGE_CURVE('',#4311,#4415,#1750,.T.);
#6342=EDGE_CURVE('',#4265,#4311,#2728,.T.);
#6344=EDGE_CURVE('',#4258,#4265,#3092,.T.);
#6356=EDGE_CURVE('',#4418,#4419,#1757,.T.);
#6358=EDGE_CURVE('',#4419,#4421,#1764,.T.);
#6360=EDGE_CURVE('',#4408,#4421,#1771,.T.);
#6364=EDGE_CURVE('',#4269,#4262,#3134,.T.);
#6366=EDGE_CURVE('',#4315,#4269,#3155,.T.);
#6368=EDGE_CURVE('',#4418,#4315,#1778,.T.);
#6380=EDGE_CURVE('',#4429,#4431,#1820,.T.);
#6382=EDGE_CURVE('',#4413,#4431,#3162,.T.);
#6394=EDGE_CURVE('',#4345,#4287,#1806,.T.);
#6396=EDGE_CURVE('',#4287,#4424,#1974,.T.);
#6398=EDGE_CURVE('',#4424,#4431,#1813,.T.);
#6409=EDGE_CURVE('',#4425,#4433,#1827,.T.);
#6411=EDGE_CURVE('',#4425,#4290,#1960,.T.);
#6413=EDGE_CURVE('',#4339,#4290,#3057,.T.);
#6416=EDGE_CURVE('',#4437,#4435,#1841,.T.);
#6418=EDGE_CURVE('',#4433,#4435,#1848,.T.);
#6430=EDGE_CURVE('',#4285,#4287,#1981,.T.);
#6441=EDGE_CURVE('',#4299,#4278,#2882,.T.);
#6443=EDGE_CURVE('',#4297,#4299,#1925,.T.);
#6445=EDGE_CURVE('',#4295,#4297,#1932,.T.);
#6447=EDGE_CURVE('',#4293,#4295,#1939,.T.);
#6449=EDGE_CURVE('',#4291,#4293,#1946,.T.);
#6451=EDGE_CURVE('',#4290,#4291,#1953,.T.);
#6454=EDGE_CURVE('',#4424,#4425,#1967,.T.);
#6461=EDGE_CURVE('',#4278,#4279,#2009,.T.);
#6465=EDGE_CURVE('',#4456,#4457,#1869,.T.);
#6467=EDGE_CURVE('',#4457,#4461,#1876,.T.);
#6469=EDGE_CURVE('',#4460,#4461,#1883,.T.);
#6471=EDGE_CURVE('',#4456,#4460,#1890,.T.);
#6475=EDGE_CURVE('',#4960,#4961,#1897,.T.);
#6477=EDGE_CURVE('',#4961,#4965,#1904,.T.);
#6479=EDGE_CURVE('',#4964,#4965,#1911,.T.);
#6481=EDGE_CURVE('',#4960,#4964,#1918,.T.);
#6491=EDGE_CURVE('',#4448,#4449,#2173,.T.);
#6493=EDGE_CURVE('',#4448,#4702,#2016,.T.);
#6495=EDGE_CURVE('',#4702,#4703,#2024,.T.);
#6497=EDGE_CURVE('',#4703,#4705,#2031,.T.);
#6499=EDGE_CURVE('',#4705,#4707,#2038,.T.);
#6501=EDGE_CURVE('',#4707,#4709,#2045,.T.);
#6503=EDGE_CURVE('',#4709,#4711,#2052,.T.);
#6505=EDGE_CURVE('',#4711,#4713,#2059,.T.);
#6507=EDGE_CURVE('',#4713,#4715,#2066,.T.);
#6509=EDGE_CURVE('',#4715,#4717,#2073,.T.);
#6511=EDGE_CURVE('',#4717,#4719,#2081,.T.);
#6513=EDGE_CURVE('',#4719,#4721,#2088,.T.);
#6515=EDGE_CURVE('',#4721,#4723,#2096,.T.);
#6517=EDGE_CURVE('',#4723,#4463,#2103,.T.);
#6519=EDGE_CURVE('',#4449,#4463,#2452,.T.);
#6530=EDGE_CURVE('',#4456,#4440,#2110,.T.);
#6532=EDGE_CURVE('',#4440,#4441,#2117,.T.);
#6534=EDGE_CURVE('',#4441,#4457,#2124,.T.);
#6544=EDGE_CURVE('',#4952,#4953,#2131,.T.);
#6546=EDGE_CURVE('',#4305,#4952,#2138,.T.);
#6548=EDGE_CURVE('',#4305,#4273,#2145,.T.);
#6550=EDGE_CURVE('',#4273,#4275,#2784,.T.);
#6552=EDGE_CURVE('',#4307,#4275,#2749,.T.);
#6554=EDGE_CURVE('',#4453,#4307,#2152,.T.);
#6556=EDGE_CURVE('',#4452,#4453,#2159,.T.);
#6558=EDGE_CURVE('',#4448,#4452,#2166,.T.);
#6561=EDGE_CURVE('',#4956,#4449,#2180,.T.);
#6563=EDGE_CURVE('',#4956,#4957,#2187,.T.);
#6565=EDGE_CURVE('',#4953,#4957,#2194,.T.);
#6576=EDGE_CURVE('',#4953,#4900,#2201,.T.);
#6578=EDGE_CURVE('',#4900,#4901,#2209,.T.);
#6580=EDGE_CURVE('',#4901,#4903,#2216,.T.);
#6582=EDGE_CURVE('',#4903,#4905,#2223,.T.);
#6584=EDGE_CURVE('',#4905,#4907,#2230,.T.);
#6586=EDGE_CURVE('',#4907,#4909,#2237,.T.);
#6588=EDGE_CURVE('',#4909,#4911,#2244,.T.);
#6590=EDGE_CURVE('',#4911,#4913,#2251,.T.);
#6592=EDGE_CURVE('',#4913,#4915,#2258,.T.);
#6594=EDGE_CURVE('',#4915,#4917,#2266,.T.);
#6596=EDGE_CURVE('',#4917,#4919,#2273,.T.);
#6598=EDGE_CURVE('',#4919,#4921,#2281,.T.);
#6600=EDGE_CURVE('',#4921,#4967,#2288,.T.);
#6602=EDGE_CURVE('',#4952,#4967,#2438,.T.);
#6613=EDGE_CURVE('',#4960,#4896,#2295,.T.);
#6615=EDGE_CURVE('',#4896,#4897,#2302,.T.);
#6617=EDGE_CURVE('',#4897,#4961,#2309,.T.);
#6628=EDGE_CURVE('',#4957,#4928,#2403,.T.);
#6630=EDGE_CURVE('',#4900,#4928,#3260,.T.);
#6642=EDGE_CURVE('',#4956,#4969,#2445,.T.);
#6644=EDGE_CURVE('',#4949,#4969,#2316,.T.);
#6646=EDGE_CURVE('',#4947,#4949,#2324,.T.);
#6648=EDGE_CURVE('',#4945,#4947,#2331,.T.);
#6650=EDGE_CURVE('',#4943,#4945,#2339,.T.);
#6652=EDGE_CURVE('',#4941,#4943,#2346,.T.);
#6654=EDGE_CURVE('',#4939,#4941,#2353,.T.);
#6656=EDGE_CURVE('',#4937,#4939,#2360,.T.);
#6658=EDGE_CURVE('',#4935,#4937,#2367,.T.);
#6660=EDGE_CURVE('',#4933,#4935,#2374,.T.);
#6662=EDGE_CURVE('',#4931,#4933,#2381,.T.);
#6664=EDGE_CURVE('',#4929,#4931,#2388,.T.);
#6666=EDGE_CURVE('',#4928,#4929,#2396,.T.);
#6678=EDGE_CURVE('',#4925,#4965,#2410,.T.);
#6680=EDGE_CURVE('',#4924,#4925,#2417,.T.);
#6682=EDGE_CURVE('',#4964,#4924,#2424,.T.);
#6692=EDGE_CURVE('',#4453,#4465,#2431,.T.);
#6695=EDGE_CURVE('',#4307,#4309,#2742,.T.);
#6697=EDGE_CURVE('',#4309,#4465,#2686,.T.);
#6708=EDGE_CURVE('',#4967,#4313,#2714,.T.);
#6710=EDGE_CURVE('',#4305,#4313,#3141,.T.);
#6724=EDGE_CURVE('',#4463,#4467,#2459,.T.);
#6726=EDGE_CURVE('',#4424,#4467,#2466,.T.);
#6729=EDGE_CURVE('',#4971,#4425,#2473,.T.);
#6731=EDGE_CURVE('',#4971,#4969,#2480,.T.);
#6743=EDGE_CURVE('',#4747,#4465,#2487,.T.);
#6745=EDGE_CURVE('',#4745,#4747,#2495,.T.);
#6747=EDGE_CURVE('',#4743,#4745,#2502,.T.);
#6749=EDGE_CURVE('',#4741,#4743,#2510,.T.);
#6751=EDGE_CURVE('',#4739,#4741,#2517,.T.);
#6753=EDGE_CURVE('',#4737,#4739,#2524,.T.);
#6755=EDGE_CURVE('',#4735,#4737,#2531,.T.);
#6757=EDGE_CURVE('',#4733,#4735,#2538,.T.);
#6759=EDGE_CURVE('',#4731,#4733,#2545,.T.);
#6761=EDGE_CURVE('',#4729,#4731,#2552,.T.);
#6763=EDGE_CURVE('',#4727,#4729,#2559,.T.);
#6765=EDGE_CURVE('',#4726,#4727,#2567,.T.);
#6767=EDGE_CURVE('',#4452,#4726,#2574,.T.);
#6778=EDGE_CURVE('',#4445,#4461,#2581,.T.);
#6780=EDGE_CURVE('',#4444,#4445,#2588,.T.);
#6782=EDGE_CURVE('',#4460,#4444,#2595,.T.);
#6794=EDGE_CURVE('',#4723,#4747,#2602,.T.);
#6797=EDGE_CURVE('',#4467,#4465,#2700,.T.);
#6808=EDGE_CURVE('',#4721,#4745,#2609,.T.);
#6821=EDGE_CURVE('',#4719,#4743,#2616,.T.);
#6834=EDGE_CURVE('',#4717,#4741,#2623,.T.);
#6847=EDGE_CURVE('',#4715,#4739,#2630,.T.);
#6860=EDGE_CURVE('',#4713,#4737,#2637,.T.);
#6873=EDGE_CURVE('',#4711,#4735,#2644,.T.);
#6886=EDGE_CURVE('',#4709,#4733,#2651,.T.);
#6899=EDGE_CURVE('',#4707,#4731,#2658,.T.);
#6912=EDGE_CURVE('',#4705,#4729,#2665,.T.);
#6925=EDGE_CURVE('',#4703,#4727,#2672,.T.);
#6938=EDGE_CURVE('',#4702,#4726,#2679,.T.);
#6963=EDGE_CURVE('',#4309,#4311,#2735,.T.);
#6966=EDGE_CURVE('',#4467,#4415,#2693,.T.);
#6977=EDGE_CURVE('',#4971,#4418,#2707,.T.);
#6980=EDGE_CURVE('',#4313,#4315,#3148,.T.);
#6983=EDGE_CURVE('',#4967,#4971,#2721,.T.);
#6997=EDGE_CURVE('',#4271,#4275,#2777,.T.);
#6999=EDGE_CURVE('',#4265,#4271,#3099,.T.);
#7009=EDGE_CURVE('',#4371,#4993,#2756,.T.);
#7011=EDGE_CURVE('',#4993,#4988,#2833,.T.);
#7013=EDGE_CURVE('',#4369,#4988,#2763,.T.);
#7015=EDGE_CURVE('',#4471,#4369,#2770,.T.);
#7018=EDGE_CURVE('',#4271,#4259,#3106,.T.);
#7022=EDGE_CURVE('',#4267,#4273,#2791,.T.);
#7024=EDGE_CURVE('',#4263,#4267,#3120,.T.);
#7027=EDGE_CURVE('',#4371,#4475,#2798,.T.);
#7037=EDGE_CURVE('',#4992,#4993,#2805,.T.);
#7040=EDGE_CURVE('',#4361,#4371,#2812,.T.);
#7042=EDGE_CURVE('',#4360,#4361,#2819,.T.);
#7044=EDGE_CURVE('',#4360,#4992,#2826,.T.);
#7054=EDGE_CURVE('',#4988,#4989,#2847,.T.);
#7058=EDGE_CURVE('',#4989,#4992,#2840,.T.);
#7069=EDGE_CURVE('',#4353,#4989,#2896,.T.);
#7071=EDGE_CURVE('',#4350,#4353,#2854,.T.);
#7073=EDGE_CURVE('',#4369,#4350,#2861,.T.);
#7086=EDGE_CURVE('',#4365,#4360,#2868,.T.);
#7088=EDGE_CURVE('',#4365,#4299,#2875,.T.);
#7091=EDGE_CURVE('',#4355,#4278,#2980,.T.);
#7093=EDGE_CURVE('',#4353,#4355,#2889,.T.);
#7105=EDGE_CURVE('',#4363,#4361,#2938,.T.);
#7107=EDGE_CURVE('',#4363,#4365,#2903,.T.);
#7118=EDGE_CURVE('',#4350,#4351,#2910,.T.);
#7120=EDGE_CURVE('',#4351,#4357,#2917,.T.);
#7138=EDGE_CURVE('',#4367,#4474,#2952,.T.);
#7140=EDGE_CURVE('',#4363,#4367,#2959,.T.);
#7153=EDGE_CURVE('',#4355,#4351,#2966,.T.);
#7178=EDGE_CURVE('',#4329,#4331,#2994,.T.);
#7180=EDGE_CURVE('',#4329,#4367,#3064,.T.);
#7193=EDGE_CURVE('',#4326,#4327,#3008,.T.);
#7195=EDGE_CURVE('',#4329,#4327,#3071,.T.);
#7208=EDGE_CURVE('',#4326,#4295,#3015,.T.);
#7211=EDGE_CURVE('',#4327,#4297,#3078,.T.);
#7222=EDGE_CURVE('',#4303,#4293,#3022,.T.);
#7234=EDGE_CURVE('',#4334,#4335,#3029,.T.);
#7236=EDGE_CURVE('',#4334,#4291,#3036,.T.);
#7252=EDGE_CURVE('',#4334,#4339,#3050,.T.);
#7303=EDGE_CURVE('',#4269,#4267,#3127,.T.);
#7344=EDGE_CURVE('',#4419,#4433,#3169,.T.);
#7358=EDGE_CURVE('',#4421,#4435,#3176,.T.);
#7384=EDGE_CURVE('',#4921,#4949,#3183,.T.);
#7396=EDGE_CURVE('',#4919,#4947,#3190,.T.);
#7409=EDGE_CURVE('',#4917,#4945,#3197,.T.);
#7422=EDGE_CURVE('',#4915,#4943,#3204,.T.);
#7435=EDGE_CURVE('',#4913,#4941,#3211,.T.);
#7448=EDGE_CURVE('',#4911,#4939,#3218,.T.);
#7461=EDGE_CURVE('',#4909,#4937,#3225,.T.);
#7474=EDGE_CURVE('',#4907,#4935,#3232,.T.);
#7487=EDGE_CURVE('',#4905,#4933,#3239,.T.);
#7500=EDGE_CURVE('',#4903,#4931,#3246,.T.);
#7513=EDGE_CURVE('',#4901,#4929,#3253,.T.);
#7539=EDGE_CURVE('',#4441,#4445,#3267,.T.);
#7551=EDGE_CURVE('',#4440,#4444,#3274,.T.);
#7577=EDGE_CURVE('',#4897,#4925,#3281,.T.);
#7589=EDGE_CURVE('',#4896,#4924,#3288,.T.);
#7614=EDGE_CURVE('',#4390,#4394,#3302,.T.);
#7627=EDGE_CURVE('',#4675,#4677,#3323,.T.);
#7640=EDGE_CURVE('',#4681,#4674,#3344,.T.);
#7642=EDGE_CURVE('',#4681,#4378,#3365,.T.);
#7654=EDGE_CURVE('',#4681,#4691,#3372,.T.);
#7658=EDGE_CURVE('',#4691,#4695,#3407,.T.);
#7671=EDGE_CURVE('',#4691,#4379,#3379,.T.);
#7694=EDGE_CURVE('',#4588,#4589,#3415,.T.);
#7696=EDGE_CURVE('',#4592,#4589,#3513,.T.);
#7698=EDGE_CURVE('',#4592,#4593,#3461,.T.);
#7711=EDGE_CURVE('',#4599,#4601,#3423,.T.);
#7713=EDGE_CURVE('',#4605,#4599,#4252,.T.);
#7715=EDGE_CURVE('',#4604,#4605,#3431,.T.);
#7718=EDGE_CURVE('',#4616,#4617,#3439,.T.);
#7720=EDGE_CURVE('',#4616,#4548,#3446,.T.);
#7722=EDGE_CURVE('',#4541,#4548,#3560,.T.);
#7724=EDGE_CURVE('',#4541,#4589,#3453,.T.);
#7734=EDGE_CURVE('',#4596,#4597,#3485,.T.);
#7736=EDGE_CURVE('',#4599,#4597,#4231,.T.);
#7749=EDGE_CURVE('',#4540,#4592,#3527,.T.);
#7751=EDGE_CURVE('',#4549,#4540,#3593,.T.);
#7753=EDGE_CURVE('',#4613,#4549,#3499,.T.);
#7755=EDGE_CURVE('',#4612,#4613,#3469,.T.);
#7758=EDGE_CURVE('',#4607,#4609,#3477,.T.);
#7760=EDGE_CURVE('',#4597,#4607,#4238,.T.);
#7772=EDGE_CURVE('',#4616,#4613,#3492,.T.);
#7775=EDGE_CURVE('',#4548,#4549,#3506,.T.);
#7788=EDGE_CURVE('',#4540,#4541,#3520,.T.);
#7812=EDGE_CURVE('',#4544,#4548,#3540,.T.);
#7815=EDGE_CURVE('',#4549,#4545,#3553,.T.);
#7826=EDGE_CURVE('',#4541,#4537,#3586,.T.);
#7831=EDGE_CURVE('',#4567,#4875,#3649,.T.);
#7833=EDGE_CURVE('',#4976,#4875,#3967,.T.);
#7835=EDGE_CURVE('',#4973,#4976,#3923,.T.);
#7837=EDGE_CURVE('',#4973,#4887,#3880,.T.);
#7848=EDGE_CURVE('',#4536,#4540,#3573,.T.);
#7863=EDGE_CURVE('',#4482,#4485,#3600,.T.);
#7875=EDGE_CURVE('',#4792,#4793,#3607,.T.);
#7877=EDGE_CURVE('',#4827,#4793,#3817,.T.);
#7883=EDGE_CURVE('',#4483,#4487,#4198,.T.);
#7896=EDGE_CURVE('',#4829,#4752,#3621,.T.);
#7899=EDGE_CURVE('',#4783,#4753,#3845,.T.);
#7901=EDGE_CURVE('',#4793,#4783,#3824,.T.);
#7914=EDGE_CURVE('',#4495,#4800,#3642,.T.);
#7916=EDGE_CURVE('',#4875,#4800,#3974,.T.);
#7928=EDGE_CURVE('',#4569,#4877,#3663,.T.);
#7930=EDGE_CURVE('',#4796,#4877,#4003,.T.);
#7945=EDGE_CURVE('',#4375,#4769,#3705,.T.);
#7947=EDGE_CURVE('',#4374,#4375,#3719,.T.);
#7949=EDGE_CURVE('',#4669,#4374,#3761,.T.);
#7951=EDGE_CURVE('',#4387,#4669,#3789,.T.);
#7955=EDGE_CURVE('',#4685,#4399,#3852,.T.);
#7957=EDGE_CURVE('',#4684,#4685,#3894,.T.);
#7959=EDGE_CURVE('',#4801,#4684,#3937,.T.);
#7961=EDGE_CURVE('',#4800,#4801,#3981,.T.);
#7973=EDGE_CURVE('',#4693,#4397,#3698,.T.);
#7975=EDGE_CURVE('',#4375,#4397,#3726,.T.);
#7978=EDGE_CURVE('',#4767,#4769,#3810,.T.);
#7988=EDGE_CURVE('',#4679,#4397,#3733,.T.);
#7992=EDGE_CURVE('',#4671,#4679,#3768,.T.);
#8005=EDGE_CURVE('',#4374,#4679,#3740,.T.);
#8016=EDGE_CURVE('',#4667,#4669,#3754,.T.);
#8042=EDGE_CURVE('',#4783,#4497,#3831,.T.);
#8044=EDGE_CURVE('',#4783,#4767,#3803,.T.);
#8082=EDGE_CURVE('',#4687,#4685,#3866,.T.);
#8094=EDGE_CURVE('',#4973,#4684,#3887,.T.);
#8099=EDGE_CURVE('',#4789,#4975,#3908,.T.);
#8101=EDGE_CURVE('',#4975,#4889,#3915,.T.);
#8112=EDGE_CURVE('',#4976,#4801,#3930,.T.);
#8124=EDGE_CURVE('',#4977,#4975,#3945,.T.);
#8128=EDGE_CURVE('',#4797,#4977,#3959,.T.);
#8150=EDGE_CURVE('',#4877,#4977,#3989,.T.);
#8163=EDGE_CURVE('',#4565,#4556,#4010,.T.);
#8165=EDGE_CURVE('',#4552,#4556,#4211,.T.);
#8173=EDGE_CURVE('',#4565,#4561,#4184,.T.);
#8183=EDGE_CURVE('',#4620,#4621,#4018,.T.);
#8186=EDGE_CURVE('',#4640,#4641,#4026,.T.);
#8188=EDGE_CURVE('',#4556,#4640,#4158,.T.);
#8191=EDGE_CURVE('',#4645,#4565,#4130,.T.);
#8193=EDGE_CURVE('',#4644,#4645,#4034,.T.);
#8196=EDGE_CURVE('',#4631,#4633,#4042,.T.);
#8198=EDGE_CURVE('',#4621,#4631,#4056,.T.);
#8209=EDGE_CURVE('',#4623,#4621,#4049,.T.);
#8211=EDGE_CURVE('',#4623,#4625,#4078,.T.);
#8224=EDGE_CURVE('',#4631,#4629,#4063,.T.);
#8226=EDGE_CURVE('',#4629,#4623,#4070,.T.);
#8236=EDGE_CURVE('',#4628,#4629,#4086,.T.);
#8253=EDGE_CURVE('',#4648,#4649,#4094,.T.);
#8255=EDGE_CURVE('',#4648,#4564,#4101,.T.);
#8257=EDGE_CURVE('',#4557,#4564,#4191,.T.);
#8259=EDGE_CURVE('',#4557,#4637,#4108,.T.);
#8261=EDGE_CURVE('',#4636,#4637,#4116,.T.);
#8273=EDGE_CURVE('',#4648,#4645,#4123,.T.);
#8287=EDGE_CURVE('',#4564,#4565,#4137,.T.);
#8298=EDGE_CURVE('',#4640,#4637,#4144,.T.);
#8301=EDGE_CURVE('',#4556,#4557,#4151,.T.);
#8313=EDGE_CURVE('',#4560,#4564,#4171,.T.);
#8326=EDGE_CURVE('',#4557,#4553,#4224,.T.);
#8365=EDGE_CURVE('',#4607,#4605,#4245,.T.);
#8400=ADVANCED_BREP_SHAPE_REPRESENTATION('',(#8385),#8399);
#8408=PRODUCT_DEFINITION('design','',#8407,#8404);
#8409=PRODUCT_DEFINITION_SHAPE('','SHAPE FOR C-1734261-2.',#8408);
#8410=SHAPE_REPRESENTATION('',(#8385),#8399);
#8411=SHAPE_ASPECT('','solid data associated with C-1734261-2',#8409,.F.);
#8412=PROPERTY_DEFINITION('',
'shape for solid data with which properties are associated',#8411);
#8413=SHAPE_DEFINITION_REPRESENTATION(#8412,#8410);
#8418=PROPERTY_DEFINITION('geometric_validation_property','area of C-1734261-2',
#8411);
#8419=REPRESENTATION('surface area',(#8417),#8399);
#8420=PROPERTY_DEFINITION_REPRESENTATION(#8418,#8419);
#8425=PROPERTY_DEFINITION('geometric_validation_property',
'volume of C-1734261-2',#8411);
#8426=REPRESENTATION('volume',(#8424),#8399);
#8427=PROPERTY_DEFINITION_REPRESENTATION(#8425,#8426);
#8429=PROPERTY_DEFINITION('geometric_validation_property',
'centroid of C-1734261-2',#8411);
#8430=REPRESENTATION('centroid',(#8428),#8399);
#8431=PROPERTY_DEFINITION_REPRESENTATION(#8429,#8430);
#8432=SHAPE_DEFINITION_REPRESENTATION(#8409,#8400);
ENDSEC;
END-ISO-10303-21;
