ISO-10303-21;
HEADER;
FILE_DESCRIPTION((''),'2;1');
FILE_NAME('C-2337238-1','2022-07-22T13:08:59',('workeradm'),(
'TE Connectivity Ltd.'),'CREO PARAMETRIC BY PTC INC, 2021072',
'CREO PARAMETRIC BY PTC INC, 2021072','');
FILE_SCHEMA(('AUTOMOTIVE_DESIGN { 1 0 10303 214 1 1 1 1 }'));
ENDSEC;
DATA;
#134=DIRECTION('',(1.E0,0.E0,0.E0));
#135=VECTOR('',#134,2.5E-1);
#136=CARTESIAN_POINT('',(-2.45E0,1.8E0,-6.2E-1));
#137=LINE('',#136,#135);
#138=CARTESIAN_POINT('',(-2.2E0,2.2E0,-6.2E-1));
#139=DIRECTION('',(0.E0,0.E0,1.E0));
#140=DIRECTION('',(0.E0,-1.E0,0.E0));
#141=AXIS2_PLACEMENT_3D('',#138,#139,#140);
#143=DIRECTION('',(0.E0,-1.E0,0.E0));
#144=VECTOR('',#143,2.5E-1);
#145=CARTESIAN_POINT('',(-1.8E0,2.45E0,-6.2E-1));
#146=LINE('',#145,#144);
#147=DIRECTION('',(-1.E0,0.E0,0.E0));
#148=VECTOR('',#147,7.14466094E-1);
#149=CARTESIAN_POINT('',(-1.085533906E0,2.45E0,-6.2E-1));
#150=LINE('',#149,#148);
#151=DIRECTION('',(-7.071067811865E-1,-7.071067811865E-1,0.E0));
#152=VECTOR('',#151,1.929646455533E0);
#153=CARTESIAN_POINT('',(-1.085533906E0,2.45E0,-6.2E-1));
#154=LINE('',#153,#152);
#155=DIRECTION('',(0.E0,1.E0,0.E0));
#156=VECTOR('',#155,7.14466094E-1);
#157=CARTESIAN_POINT('',(-2.45E0,1.085533906E0,-6.2E-1));
#158=LINE('',#157,#156);
#159=DIRECTION('',(0.E0,-1.E0,0.E0));
#160=VECTOR('',#159,2.5E-1);
#161=CARTESIAN_POINT('',(1.8E0,2.45E0,-6.2E-1));
#162=LINE('',#161,#160);
#163=CARTESIAN_POINT('',(2.2E0,2.2E0,-6.2E-1));
#164=DIRECTION('',(0.E0,0.E0,1.E0));
#165=DIRECTION('',(-1.E0,0.E0,0.E0));
#166=AXIS2_PLACEMENT_3D('',#163,#164,#165);
#168=DIRECTION('',(-1.E0,0.E0,0.E0));
#169=VECTOR('',#168,2.5E-1);
#170=CARTESIAN_POINT('',(2.45E0,1.8E0,-6.2E-1));
#171=LINE('',#170,#169);
#172=DIRECTION('',(0.E0,-1.E0,0.E0));
#173=VECTOR('',#172,7.14466094E-1);
#174=CARTESIAN_POINT('',(2.45E0,1.8E0,-6.2E-1));
#175=LINE('',#174,#173);
#176=DIRECTION('',(-7.071067811865E-1,7.071067811865E-1,0.E0));
#177=VECTOR('',#176,1.929646455533E0);
#178=CARTESIAN_POINT('',(2.45E0,1.085533906E0,-6.2E-1));
#179=LINE('',#178,#177);
#180=DIRECTION('',(-1.E0,0.E0,0.E0));
#181=VECTOR('',#180,7.14466094E-1);
#182=CARTESIAN_POINT('',(1.8E0,2.45E0,-6.2E-1));
#183=LINE('',#182,#181);
#184=DIRECTION('',(0.E0,1.E0,0.E0));
#185=VECTOR('',#184,2.5E-1);
#186=CARTESIAN_POINT('',(-1.8E0,-2.45E0,-6.2E-1));
#187=LINE('',#186,#185);
#188=CARTESIAN_POINT('',(-2.2E0,-2.2E0,-6.2E-1));
#189=DIRECTION('',(0.E0,0.E0,1.E0));
#190=DIRECTION('',(1.E0,0.E0,0.E0));
#191=AXIS2_PLACEMENT_3D('',#188,#189,#190);
#193=DIRECTION('',(1.E0,0.E0,0.E0));
#194=VECTOR('',#193,2.5E-1);
#195=CARTESIAN_POINT('',(-2.45E0,-1.8E0,-6.2E-1));
#196=LINE('',#195,#194);
#197=DIRECTION('',(0.E0,1.E0,0.E0));
#198=VECTOR('',#197,7.14466094E-1);
#199=CARTESIAN_POINT('',(-2.45E0,-1.8E0,-6.2E-1));
#200=LINE('',#199,#198);
#201=DIRECTION('',(7.071067811865E-1,-7.071067811865E-1,0.E0));
#202=VECTOR('',#201,1.929646455533E0);
#203=CARTESIAN_POINT('',(-2.45E0,-1.085533906E0,-6.2E-1));
#204=LINE('',#203,#202);
#205=DIRECTION('',(1.E0,0.E0,0.E0));
#206=VECTOR('',#205,7.14466094E-1);
#207=CARTESIAN_POINT('',(-1.8E0,-2.45E0,-6.2E-1));
#208=LINE('',#207,#206);
#209=DIRECTION('',(-1.E0,0.E0,0.E0));
#210=VECTOR('',#209,2.5E-1);
#211=CARTESIAN_POINT('',(2.45E0,-1.8E0,-6.2E-1));
#212=LINE('',#211,#210);
#213=CARTESIAN_POINT('',(2.2E0,-2.2E0,-6.2E-1));
#214=DIRECTION('',(0.E0,0.E0,1.E0));
#215=DIRECTION('',(0.E0,1.E0,0.E0));
#216=AXIS2_PLACEMENT_3D('',#213,#214,#215);
#218=DIRECTION('',(0.E0,1.E0,0.E0));
#219=VECTOR('',#218,2.5E-1);
#220=CARTESIAN_POINT('',(1.8E0,-2.45E0,-6.2E-1));
#221=LINE('',#220,#219);
#222=DIRECTION('',(1.E0,0.E0,0.E0));
#223=VECTOR('',#222,7.14466094E-1);
#224=CARTESIAN_POINT('',(1.085533906E0,-2.45E0,-6.2E-1));
#225=LINE('',#224,#223);
#226=DIRECTION('',(7.071067811865E-1,7.071067811865E-1,0.E0));
#227=VECTOR('',#226,1.929646455533E0);
#228=CARTESIAN_POINT('',(1.085533906E0,-2.45E0,-6.2E-1));
#229=LINE('',#228,#227);
#230=DIRECTION('',(0.E0,-1.E0,0.E0));
#231=VECTOR('',#230,7.14466094E-1);
#232=CARTESIAN_POINT('',(2.45E0,-1.085533906E0,-6.2E-1));
#233=LINE('',#232,#231);
#234=DIRECTION('',(0.E0,1.E0,0.E0));
#235=VECTOR('',#234,2.171067812E0);
#236=CARTESIAN_POINT('',(-2.45E0,-1.085533906E0,-5.E-1));
#237=LINE('',#236,#235);
#238=DIRECTION('',(0.E0,0.E0,1.E0));
#239=VECTOR('',#238,1.E-2);
#240=CARTESIAN_POINT('',(-2.45E0,-1.8E0,-6.3E-1));
#241=LINE('',#240,#239);
#242=DIRECTION('',(0.E0,-1.E0,0.E0));
#243=VECTOR('',#242,6.5E-1);
#244=CARTESIAN_POINT('',(-2.45E0,-1.8E0,-6.3E-1));
#245=LINE('',#244,#243);
#246=DIRECTION('',(0.E0,1.E0,0.E0));
#247=VECTOR('',#246,6.5E-1);
#248=CARTESIAN_POINT('',(-2.45E0,-2.45E0,-1.05E0));
#249=LINE('',#248,#247);
#250=DIRECTION('',(0.E0,0.E0,1.E0));
#251=VECTOR('',#250,1.5E-1);
#252=CARTESIAN_POINT('',(-2.45E0,-1.8E0,-1.2E0));
#253=LINE('',#252,#251);
#254=DIRECTION('',(0.E0,0.E0,1.E0));
#255=VECTOR('',#254,1.5E-1);
#256=CARTESIAN_POINT('',(-2.45E0,1.8E0,-1.2E0));
#257=LINE('',#256,#255);
#258=DIRECTION('',(0.E0,-1.E0,0.E0));
#259=VECTOR('',#258,6.5E-1);
#260=CARTESIAN_POINT('',(-2.45E0,2.45E0,-1.05E0));
#261=LINE('',#260,#259);
#262=DIRECTION('',(0.E0,0.E0,-1.E0));
#263=VECTOR('',#262,4.2E-1);
#264=CARTESIAN_POINT('',(-2.45E0,2.45E0,-6.3E-1));
#265=LINE('',#264,#263);
#266=DIRECTION('',(0.E0,-1.E0,0.E0));
#267=VECTOR('',#266,6.5E-1);
#268=CARTESIAN_POINT('',(-2.45E0,2.45E0,-6.3E-1));
#269=LINE('',#268,#267);
#270=DIRECTION('',(0.E0,0.E0,1.E0));
#271=VECTOR('',#270,1.E-2);
#272=CARTESIAN_POINT('',(-2.45E0,1.8E0,-6.3E-1));
#273=LINE('',#272,#271);
#274=DIRECTION('',(0.E0,0.E0,1.E0));
#275=VECTOR('',#274,1.2E-1);
#276=CARTESIAN_POINT('',(-2.45E0,1.085533906E0,-6.2E-1));
#277=LINE('',#276,#275);
#278=DIRECTION('',(0.E0,1.E0,0.E0));
#279=VECTOR('',#278,1.64466094E-1);
#280=CARTESIAN_POINT('',(-2.45E0,1.085533906E0,-5.E-1));
#281=LINE('',#280,#279);
#282=DIRECTION('',(0.E0,1.E0,0.E0));
#283=VECTOR('',#282,1.64466094E-1);
#284=CARTESIAN_POINT('',(-2.45E0,-1.25E0,-5.E-1));
#285=LINE('',#284,#283);
#286=DIRECTION('',(0.E0,-1.E0,0.E0));
#287=VECTOR('',#286,6.5E-1);
#288=CARTESIAN_POINT('',(-2.4E0,1.9E0,-5.E-1));
#289=LINE('',#288,#287);
#290=DIRECTION('',(7.071067811865E-1,7.071067811865E-1,0.E0));
#291=VECTOR('',#290,1.858935777414E0);
#292=CARTESIAN_POINT('',(-2.45E0,1.085533906E0,-5.E-1));
#293=LINE('',#292,#291);
#294=DIRECTION('',(-1.E0,0.E0,0.E0));
#295=VECTOR('',#294,7.64466094E-1);
#296=CARTESIAN_POINT('',(-1.135533906E0,2.4E0,-5.E-1));
#297=LINE('',#296,#295);
#298=CARTESIAN_POINT('',(-1.9E0,1.9E0,-5.E-1));
#299=DIRECTION('',(0.E0,0.E0,1.E0));
#300=DIRECTION('',(0.E0,1.E0,0.E0));
#301=AXIS2_PLACEMENT_3D('',#298,#299,#300);
#303=DIRECTION('',(-7.071067811865E-1,7.071067811865E-1,0.E0));
#304=VECTOR('',#303,1.858935777414E0);
#305=CARTESIAN_POINT('',(-1.135533906E0,-2.4E0,-5.E-1));
#306=LINE('',#305,#304);
#307=DIRECTION('',(0.E0,-1.E0,0.E0));
#308=VECTOR('',#307,6.5E-1);
#309=CARTESIAN_POINT('',(-2.4E0,-1.25E0,-5.E-1));
#310=LINE('',#309,#308);
#311=CARTESIAN_POINT('',(-1.9E0,-1.9E0,-5.E-1));
#312=DIRECTION('',(0.E0,0.E0,1.E0));
#313=DIRECTION('',(-1.E0,0.E0,0.E0));
#314=AXIS2_PLACEMENT_3D('',#311,#312,#313);
#316=DIRECTION('',(1.E0,0.E0,0.E0));
#317=VECTOR('',#316,7.64466094E-1);
#318=CARTESIAN_POINT('',(-1.9E0,-2.4E0,-5.E-1));
#319=LINE('',#318,#317);
#320=DIRECTION('',(0.E0,1.E0,0.E0));
#321=VECTOR('',#320,6.5E-1);
#322=CARTESIAN_POINT('',(2.4E0,-1.9E0,-5.E-1));
#323=LINE('',#322,#321);
#324=DIRECTION('',(0.E0,1.E0,0.E0));
#325=VECTOR('',#324,1.64466094E-1);
#326=CARTESIAN_POINT('',(2.45E0,-1.25E0,-5.E-1));
#327=LINE('',#326,#325);
#328=DIRECTION('',(-7.071067811865E-1,-7.071067811865E-1,0.E0));
#329=VECTOR('',#328,1.858935777414E0);
#330=CARTESIAN_POINT('',(2.45E0,-1.085533906E0,-5.E-1));
#331=LINE('',#330,#329);
#332=DIRECTION('',(1.E0,0.E0,0.E0));
#333=VECTOR('',#332,7.64466094E-1);
#334=CARTESIAN_POINT('',(1.135533906E0,-2.4E0,-5.E-1));
#335=LINE('',#334,#333);
#336=CARTESIAN_POINT('',(1.9E0,-1.9E0,-5.E-1));
#337=DIRECTION('',(0.E0,0.E0,1.E0));
#338=DIRECTION('',(0.E0,-1.E0,0.E0));
#339=AXIS2_PLACEMENT_3D('',#336,#337,#338);
#341=DIRECTION('',(7.071067811865E-1,-7.071067811865E-1,0.E0));
#342=VECTOR('',#341,1.858935777414E0);
#343=CARTESIAN_POINT('',(1.135533906E0,2.4E0,-5.E-1));
#344=LINE('',#343,#342);
#345=DIRECTION('',(0.E0,1.E0,0.E0));
#346=VECTOR('',#345,1.64466094E-1);
#347=CARTESIAN_POINT('',(2.45E0,1.085533906E0,-5.E-1));
#348=LINE('',#347,#346);
#349=DIRECTION('',(0.E0,1.E0,0.E0));
#350=VECTOR('',#349,6.5E-1);
#351=CARTESIAN_POINT('',(2.4E0,1.25E0,-5.E-1));
#352=LINE('',#351,#350);
#353=CARTESIAN_POINT('',(1.9E0,1.9E0,-5.E-1));
#354=DIRECTION('',(0.E0,0.E0,1.E0));
#355=DIRECTION('',(1.E0,0.E0,0.E0));
#356=AXIS2_PLACEMENT_3D('',#353,#354,#355);
#358=DIRECTION('',(-1.E0,0.E0,0.E0));
#359=VECTOR('',#358,7.64466094E-1);
#360=CARTESIAN_POINT('',(1.9E0,2.4E0,-5.E-1));
#361=LINE('',#360,#359);
#362=DIRECTION('',(0.E0,0.E0,1.E0));
#363=VECTOR('',#362,1.E-1);
#364=CARTESIAN_POINT('',(-2.4E0,-1.25E0,-5.E-1));
#365=LINE('',#364,#363);
#366=DIRECTION('',(0.E0,0.E0,1.E0));
#367=VECTOR('',#366,1.E-1);
#368=CARTESIAN_POINT('',(-2.4E0,1.25E0,-5.E-1));
#369=LINE('',#368,#367);
#370=DIRECTION('',(0.E0,0.E0,1.E0));
#371=VECTOR('',#370,1.E-1);
#372=CARTESIAN_POINT('',(-2.4E0,1.9E0,-5.E-1));
#373=LINE('',#372,#371);
#374=DIRECTION('',(-1.E0,0.E0,0.E0));
#375=VECTOR('',#374,5.E-2);
#376=CARTESIAN_POINT('',(-2.4E0,-1.25E0,-5.E-1));
#377=LINE('',#376,#375);
#378=CARTESIAN_POINT('',(-2.45E0,-1.25E0,-5.5E-1));
#379=DIRECTION('',(0.E0,-1.E0,0.E0));
#380=DIRECTION('',(0.E0,0.E0,1.E0));
#381=AXIS2_PLACEMENT_3D('',#378,#379,#380);
#383=DIRECTION('',(0.E0,0.E0,-1.E0));
#384=VECTOR('',#383,2.5E-1);
#385=CARTESIAN_POINT('',(-2.5E0,-1.25E0,-5.5E-1));
#386=LINE('',#385,#384);
#387=DIRECTION('',(-1.E0,0.E0,0.E0));
#388=VECTOR('',#387,1.E-1);
#389=CARTESIAN_POINT('',(-2.5E0,-1.25E0,-8.E-1));
#390=LINE('',#389,#388);
#391=DIRECTION('',(0.E0,0.E0,1.E0));
#392=VECTOR('',#391,2.5E-1);
#393=CARTESIAN_POINT('',(-2.6E0,-1.25E0,-8.E-1));
#394=LINE('',#393,#392);
#395=CARTESIAN_POINT('',(-2.45E0,-1.25E0,-5.5E-1));
#396=DIRECTION('',(0.E0,1.E0,0.E0));
#397=DIRECTION('',(-1.E0,0.E0,0.E0));
#398=AXIS2_PLACEMENT_3D('',#395,#396,#397);
#400=DIRECTION('',(1.E0,0.E0,0.E0));
#401=VECTOR('',#400,5.E-2);
#402=CARTESIAN_POINT('',(-2.45E0,-1.25E0,-4.E-1));
#403=LINE('',#402,#401);
#404=DIRECTION('',(1.E0,0.E0,0.E0));
#405=VECTOR('',#404,5.E-2);
#406=CARTESIAN_POINT('',(2.4E0,-1.25E0,-4.E-1));
#407=LINE('',#406,#405);
#408=CARTESIAN_POINT('',(2.45E0,-1.25E0,-5.5E-1));
#409=DIRECTION('',(0.E0,1.E0,0.E0));
#410=DIRECTION('',(0.E0,0.E0,1.E0));
#411=AXIS2_PLACEMENT_3D('',#408,#409,#410);
#413=DIRECTION('',(0.E0,0.E0,-1.E0));
#414=VECTOR('',#413,2.5E-1);
#415=CARTESIAN_POINT('',(2.6E0,-1.25E0,-5.5E-1));
#416=LINE('',#415,#414);
#417=DIRECTION('',(-1.E0,0.E0,0.E0));
#418=VECTOR('',#417,1.E-1);
#419=CARTESIAN_POINT('',(2.6E0,-1.25E0,-8.E-1));
#420=LINE('',#419,#418);
#421=DIRECTION('',(0.E0,0.E0,1.E0));
#422=VECTOR('',#421,2.5E-1);
#423=CARTESIAN_POINT('',(2.5E0,-1.25E0,-8.E-1));
#424=LINE('',#423,#422);
#425=CARTESIAN_POINT('',(2.45E0,-1.25E0,-5.5E-1));
#426=DIRECTION('',(0.E0,-1.E0,0.E0));
#427=DIRECTION('',(1.E0,0.E0,-3.330669073875E-14));
#428=AXIS2_PLACEMENT_3D('',#425,#426,#427);
#430=DIRECTION('',(-1.E0,0.E0,0.E0));
#431=VECTOR('',#430,5.E-2);
#432=CARTESIAN_POINT('',(2.45E0,-1.25E0,-5.E-1));
#433=LINE('',#432,#431);
#434=DIRECTION('',(0.E0,1.E0,0.E0));
#435=VECTOR('',#434,2.5E0);
#436=CARTESIAN_POINT('',(-2.5E0,-1.25E0,-5.5E-1));
#437=LINE('',#436,#435);
#438=DIRECTION('',(-1.E0,0.E0,0.E0));
#439=VECTOR('',#438,1.E-1);
#440=CARTESIAN_POINT('',(-2.5E0,-2.5E-1,-8.E-1));
#441=LINE('',#440,#439);
#442=DIRECTION('',(0.E0,1.E0,0.E0));
#443=VECTOR('',#442,1.E0);
#444=CARTESIAN_POINT('',(-2.5E0,-1.25E0,-8.E-1));
#445=LINE('',#444,#443);
#446=DIRECTION('',(-1.E0,0.E0,0.E0));
#447=VECTOR('',#446,1.E-1);
#448=CARTESIAN_POINT('',(-2.5E0,2.5E-1,-8.E-1));
#449=LINE('',#448,#447);
#450=DIRECTION('',(0.E0,1.E0,0.E0));
#451=VECTOR('',#450,1.E0);
#452=CARTESIAN_POINT('',(-2.5E0,2.5E-1,-8.E-1));
#453=LINE('',#452,#451);
#454=DIRECTION('',(0.E0,0.E0,-1.E0));
#455=VECTOR('',#454,4.E-1);
#456=CARTESIAN_POINT('',(-2.5E0,-2.5E-1,-8.E-1));
#457=LINE('',#456,#455);
#458=DIRECTION('',(-1.E0,0.E0,0.E0));
#459=VECTOR('',#458,1.E-1);
#460=CARTESIAN_POINT('',(-2.5E0,-2.5E-1,-1.2E0));
#461=LINE('',#460,#459);
#462=DIRECTION('',(0.E0,0.E0,1.E0));
#463=VECTOR('',#462,4.E-1);
#464=CARTESIAN_POINT('',(-2.6E0,-2.5E-1,-1.2E0));
#465=LINE('',#464,#463);
#466=DIRECTION('',(0.E0,0.E0,-1.E0));
#467=VECTOR('',#466,4.E-1);
#468=CARTESIAN_POINT('',(2.6E0,-2.5E-1,-8.E-1));
#469=LINE('',#468,#467);
#470=DIRECTION('',(-1.E0,0.E0,0.E0));
#471=VECTOR('',#470,1.E-1);
#472=CARTESIAN_POINT('',(2.6E0,-2.5E-1,-1.2E0));
#473=LINE('',#472,#471);
#474=DIRECTION('',(0.E0,0.E0,1.E0));
#475=VECTOR('',#474,4.E-1);
#476=CARTESIAN_POINT('',(2.5E0,-2.5E-1,-1.2E0));
#477=LINE('',#476,#475);
#478=DIRECTION('',(0.E0,1.E0,0.E0));
#479=VECTOR('',#478,5.E-1);
#480=CARTESIAN_POINT('',(-2.5E0,-2.5E-1,-1.2E0));
#481=LINE('',#480,#479);
#482=DIRECTION('',(0.E0,0.E0,1.E0));
#483=VECTOR('',#482,4.E-1);
#484=CARTESIAN_POINT('',(-2.6E0,2.5E-1,-1.2E0));
#485=LINE('',#484,#483);
#486=DIRECTION('',(-1.E0,0.E0,0.E0));
#487=VECTOR('',#486,1.E-1);
#488=CARTESIAN_POINT('',(-2.5E0,2.5E-1,-1.2E0));
#489=LINE('',#488,#487);
#490=DIRECTION('',(0.E0,0.E0,-1.E0));
#491=VECTOR('',#490,4.E-1);
#492=CARTESIAN_POINT('',(-2.5E0,2.5E-1,-8.E-1));
#493=LINE('',#492,#491);
#494=DIRECTION('',(0.E0,0.E0,1.E0));
#495=VECTOR('',#494,4.E-1);
#496=CARTESIAN_POINT('',(2.5E0,2.5E-1,-1.2E0));
#497=LINE('',#496,#495);
#498=DIRECTION('',(-1.E0,0.E0,0.E0));
#499=VECTOR('',#498,1.E-1);
#500=CARTESIAN_POINT('',(2.6E0,2.5E-1,-1.2E0));
#501=LINE('',#500,#499);
#502=DIRECTION('',(0.E0,0.E0,-1.E0));
#503=VECTOR('',#502,4.E-1);
#504=CARTESIAN_POINT('',(2.6E0,2.5E-1,-8.E-1));
#505=LINE('',#504,#503);
#506=DIRECTION('',(0.E0,1.E0,0.E0));
#507=VECTOR('',#506,1.E0);
#508=CARTESIAN_POINT('',(-2.6E0,-1.25E0,-8.E-1));
#509=LINE('',#508,#507);
#510=DIRECTION('',(0.E0,1.E0,0.E0));
#511=VECTOR('',#510,5.E-1);
#512=CARTESIAN_POINT('',(-2.6E0,-2.5E-1,-1.2E0));
#513=LINE('',#512,#511);
#514=DIRECTION('',(0.E0,1.E0,0.E0));
#515=VECTOR('',#514,1.E0);
#516=CARTESIAN_POINT('',(-2.6E0,2.5E-1,-8.E-1));
#517=LINE('',#516,#515);
#518=DIRECTION('',(1.E0,0.E0,0.E0));
#519=VECTOR('',#518,5.E-2);
#520=CARTESIAN_POINT('',(-2.45E0,1.25E0,-4.E-1));
#521=LINE('',#520,#519);
#522=CARTESIAN_POINT('',(-2.45E0,1.25E0,-5.5E-1));
#523=DIRECTION('',(0.E0,1.E0,0.E0));
#524=DIRECTION('',(-1.E0,0.E0,0.E0));
#525=AXIS2_PLACEMENT_3D('',#522,#523,#524);
#527=DIRECTION('',(0.E0,0.E0,1.E0));
#528=VECTOR('',#527,2.5E-1);
#529=CARTESIAN_POINT('',(-2.6E0,1.25E0,-8.E-1));
#530=LINE('',#529,#528);
#531=DIRECTION('',(-1.E0,0.E0,0.E0));
#532=VECTOR('',#531,1.E-1);
#533=CARTESIAN_POINT('',(-2.5E0,1.25E0,-8.E-1));
#534=LINE('',#533,#532);
#535=DIRECTION('',(0.E0,0.E0,-1.E0));
#536=VECTOR('',#535,2.5E-1);
#537=CARTESIAN_POINT('',(-2.5E0,1.25E0,-5.5E-1));
#538=LINE('',#537,#536);
#539=CARTESIAN_POINT('',(-2.45E0,1.25E0,-5.5E-1));
#540=DIRECTION('',(0.E0,-1.E0,0.E0));
#541=DIRECTION('',(0.E0,0.E0,1.E0));
#542=AXIS2_PLACEMENT_3D('',#539,#540,#541);
#544=DIRECTION('',(-1.E0,0.E0,0.E0));
#545=VECTOR('',#544,5.E-2);
#546=CARTESIAN_POINT('',(-2.4E0,1.25E0,-5.E-1));
#547=LINE('',#546,#545);
#548=DIRECTION('',(-1.E0,0.E0,0.E0));
#549=VECTOR('',#548,5.E-2);
#550=CARTESIAN_POINT('',(2.45E0,1.25E0,-5.E-1));
#551=LINE('',#550,#549);
#552=CARTESIAN_POINT('',(2.45E0,1.25E0,-5.5E-1));
#553=DIRECTION('',(0.E0,-1.E0,0.E0));
#554=DIRECTION('',(1.E0,0.E0,-3.330669073875E-14));
#555=AXIS2_PLACEMENT_3D('',#552,#553,#554);
#557=DIRECTION('',(0.E0,0.E0,1.E0));
#558=VECTOR('',#557,2.5E-1);
#559=CARTESIAN_POINT('',(2.5E0,1.25E0,-8.E-1));
#560=LINE('',#559,#558);
#561=DIRECTION('',(-1.E0,0.E0,0.E0));
#562=VECTOR('',#561,1.E-1);
#563=CARTESIAN_POINT('',(2.6E0,1.25E0,-8.E-1));
#564=LINE('',#563,#562);
#565=DIRECTION('',(0.E0,0.E0,-1.E0));
#566=VECTOR('',#565,2.5E-1);
#567=CARTESIAN_POINT('',(2.6E0,1.25E0,-5.5E-1));
#568=LINE('',#567,#566);
#569=CARTESIAN_POINT('',(2.45E0,1.25E0,-5.5E-1));
#570=DIRECTION('',(0.E0,1.E0,0.E0));
#571=DIRECTION('',(0.E0,0.E0,1.E0));
#572=AXIS2_PLACEMENT_3D('',#569,#570,#571);
#574=DIRECTION('',(1.E0,0.E0,0.E0));
#575=VECTOR('',#574,5.E-2);
#576=CARTESIAN_POINT('',(2.4E0,1.25E0,-4.E-1));
#577=LINE('',#576,#575);
#578=DIRECTION('',(0.E0,1.E0,0.E0));
#579=VECTOR('',#578,6.5E-1);
#580=CARTESIAN_POINT('',(2.4E0,1.25E0,-4.E-1));
#581=LINE('',#580,#579);
#582=DIRECTION('',(0.E0,1.E0,0.E0));
#583=VECTOR('',#582,6.5E-1);
#584=CARTESIAN_POINT('',(2.4E0,-1.9E0,-4.E-1));
#585=LINE('',#584,#583);
#586=CARTESIAN_POINT('',(1.9E0,-1.9E0,-4.E-1));
#587=DIRECTION('',(0.E0,0.E0,1.E0));
#588=DIRECTION('',(0.E0,-1.E0,0.E0));
#589=AXIS2_PLACEMENT_3D('',#586,#587,#588);
#591=DIRECTION('',(1.E0,0.E0,0.E0));
#592=VECTOR('',#591,1.3E0);
#593=CARTESIAN_POINT('',(6.E-1,-2.4E0,-4.E-1));
#594=LINE('',#593,#592);
#595=DIRECTION('',(1.E0,0.E0,0.E0));
#596=VECTOR('',#595,1.3E0);
#597=CARTESIAN_POINT('',(-1.9E0,-2.4E0,-4.E-1));
#598=LINE('',#597,#596);
#599=CARTESIAN_POINT('',(-1.9E0,-1.9E0,-4.E-1));
#600=DIRECTION('',(0.E0,0.E0,1.E0));
#601=DIRECTION('',(-1.E0,0.E0,0.E0));
#602=AXIS2_PLACEMENT_3D('',#599,#600,#601);
#604=DIRECTION('',(0.E0,-1.E0,0.E0));
#605=VECTOR('',#604,6.5E-1);
#606=CARTESIAN_POINT('',(-2.4E0,-1.25E0,-4.E-1));
#607=LINE('',#606,#605);
#608=DIRECTION('',(0.E0,1.E0,0.E0));
#609=VECTOR('',#608,2.5E0);
#610=CARTESIAN_POINT('',(-2.45E0,-1.25E0,-4.E-1));
#611=LINE('',#610,#609);
#612=DIRECTION('',(0.E0,-1.E0,0.E0));
#613=VECTOR('',#612,6.5E-1);
#614=CARTESIAN_POINT('',(-2.4E0,1.9E0,-4.E-1));
#615=LINE('',#614,#613);
#616=CARTESIAN_POINT('',(-1.9E0,1.9E0,-4.E-1));
#617=DIRECTION('',(0.E0,0.E0,1.E0));
#618=DIRECTION('',(0.E0,1.E0,0.E0));
#619=AXIS2_PLACEMENT_3D('',#616,#617,#618);
#621=DIRECTION('',(-1.E0,0.E0,0.E0));
#622=VECTOR('',#621,1.3E0);
#623=CARTESIAN_POINT('',(-6.E-1,2.4E0,-4.E-1));
#624=LINE('',#623,#622);
#625=DIRECTION('',(-1.E0,0.E0,0.E0));
#626=VECTOR('',#625,1.3E0);
#627=CARTESIAN_POINT('',(1.9E0,2.4E0,-4.E-1));
#628=LINE('',#627,#626);
#629=CARTESIAN_POINT('',(1.9E0,1.9E0,-4.E-1));
#630=DIRECTION('',(0.E0,0.E0,1.E0));
#631=DIRECTION('',(1.E0,0.E0,0.E0));
#632=AXIS2_PLACEMENT_3D('',#629,#630,#631);
#634=CARTESIAN_POINT('',(-4.976263370487E-7,-3.539189259920E-7,-4.E-1));
#635=DIRECTION('',(0.E0,0.E0,1.E0));
#636=DIRECTION('',(5.176727704589E-1,-8.555786946420E-1,0.E0));
#637=AXIS2_PLACEMENT_3D('',#634,#635,#636);
#639=DIRECTION('',(0.E0,1.E0,0.E0));
#640=VECTOR('',#639,2.186523448353E0);
#641=CARTESIAN_POINT('',(1.899597E0,-1.093261724177E0,-4.E-1));
#642=LINE('',#641,#640);
#643=CARTESIAN_POINT('',(-4.976263370487E-7,3.539189259920E-7,-4.E-1));
#644=DIRECTION('',(0.E0,0.E0,1.E0));
#645=DIRECTION('',(8.555789321835E-1,5.176723778643E-1,0.E0));
#646=AXIS2_PLACEMENT_3D('',#643,#644,#645);
#648=DIRECTION('',(-1.E0,0.E0,0.E0));
#649=VECTOR('',#648,2.186523403112E0);
#650=CARTESIAN_POINT('',(1.093261701556E0,1.89959735E0,-4.E-1));
#651=LINE('',#650,#649);
#652=CARTESIAN_POINT('',(4.976263370487E-7,3.539189259920E-7,-4.E-1));
#653=DIRECTION('',(0.E0,0.E0,1.E0));
#654=DIRECTION('',(-5.176727704589E-1,8.555786946420E-1,0.E0));
#655=AXIS2_PLACEMENT_3D('',#652,#653,#654);
#657=DIRECTION('',(0.E0,-1.E0,0.E0));
#658=VECTOR('',#657,2.186523448353E0);
#659=CARTESIAN_POINT('',(-1.899597E0,1.093261724177E0,-4.E-1));
#660=LINE('',#659,#658);
#661=CARTESIAN_POINT('',(4.976263370487E-7,-3.539189259920E-7,-4.E-1));
#662=DIRECTION('',(0.E0,0.E0,1.E0));
#663=DIRECTION('',(-8.555789321835E-1,-5.176723778643E-1,0.E0));
#664=AXIS2_PLACEMENT_3D('',#661,#662,#663);
#666=DIRECTION('',(1.E0,0.E0,0.E0));
#667=VECTOR('',#666,2.186523403112E0);
#668=CARTESIAN_POINT('',(-1.093261701556E0,-1.89959735E0,-4.E-1));
#669=LINE('',#668,#667);
#670=DIRECTION('',(0.E0,0.E0,1.E0));
#671=VECTOR('',#670,1.E-1);
#672=CARTESIAN_POINT('',(2.4E0,-1.25E0,-5.E-1));
#673=LINE('',#672,#671);
#674=DIRECTION('',(0.E0,0.E0,1.E0));
#675=VECTOR('',#674,1.E-1);
#676=CARTESIAN_POINT('',(2.4E0,-1.9E0,-5.E-1));
#677=LINE('',#676,#675);
#678=DIRECTION('',(0.E0,0.E0,1.E0));
#679=VECTOR('',#678,1.E-1);
#680=CARTESIAN_POINT('',(2.4E0,1.25E0,-5.E-1));
#681=LINE('',#680,#679);
#682=DIRECTION('',(0.E0,0.E0,1.E0));
#683=VECTOR('',#682,1.E-1);
#684=CARTESIAN_POINT('',(1.9E0,-2.4E0,-5.E-1));
#685=LINE('',#684,#683);
#686=DIRECTION('',(0.E0,0.E0,1.E0));
#687=VECTOR('',#686,1.E-1);
#688=CARTESIAN_POINT('',(-6.E-1,-2.4E0,-5.E-1));
#689=LINE('',#688,#687);
#690=DIRECTION('',(0.E0,0.E0,1.E0));
#691=VECTOR('',#690,1.E-1);
#692=CARTESIAN_POINT('',(-1.9E0,-2.4E0,-5.E-1));
#693=LINE('',#692,#691);
#694=DIRECTION('',(0.E0,0.E0,1.E0));
#695=VECTOR('',#694,1.E-1);
#696=CARTESIAN_POINT('',(6.E-1,-2.4E0,-5.E-1));
#697=LINE('',#696,#695);
#698=CARTESIAN_POINT('',(-6.E-1,-2.45E0,-5.5E-1));
#699=DIRECTION('',(1.E0,0.E0,0.E0));
#700=DIRECTION('',(0.E0,-7.105427357601E-14,1.E0));
#701=AXIS2_PLACEMENT_3D('',#698,#699,#700);
#703=DIRECTION('',(0.E0,1.E0,0.E0));
#704=VECTOR('',#703,5.E-2);
#705=CARTESIAN_POINT('',(-6.E-1,-2.45E0,-4.E-1));
#706=LINE('',#705,#704);
#707=CARTESIAN_POINT('',(-6.E-1,-2.45E0,-5.5E-1));
#708=DIRECTION('',(-1.E0,0.E0,0.E0));
#709=DIRECTION('',(0.E0,-1.E0,0.E0));
#710=AXIS2_PLACEMENT_3D('',#707,#708,#709);
#712=DIRECTION('',(0.E0,0.E0,1.E0));
#713=VECTOR('',#712,4.9E-1);
#714=CARTESIAN_POINT('',(-6.E-1,-2.6E0,-1.04E0));
#715=LINE('',#714,#713);
#716=CARTESIAN_POINT('',(-6.E-1,-2.49E0,-1.04E0));
#717=DIRECTION('',(-1.E0,0.E0,0.E0));
#718=DIRECTION('',(0.E0,-1.211152390500E-14,-1.E0));
#719=AXIS2_PLACEMENT_3D('',#716,#717,#718);
#721=DIRECTION('',(0.E0,-1.E0,0.E0));
#722=VECTOR('',#721,6.E-1);
#723=CARTESIAN_POINT('',(-6.E-1,-1.89E0,-1.15E0));
#724=LINE('',#723,#722);
#725=DIRECTION('',(0.E0,0.E0,-1.E0));
#726=VECTOR('',#725,1.E-1);
#727=CARTESIAN_POINT('',(-6.E-1,-1.89E0,-1.05E0));
#728=LINE('',#727,#726);
#729=DIRECTION('',(0.E0,1.E0,-1.110223024625E-14));
#730=VECTOR('',#729,4.E-2);
#731=CARTESIAN_POINT('',(-6.E-1,-2.49E0,-1.05E0));
#732=LINE('',#731,#730);
#733=CARTESIAN_POINT('',(-6.E-1,-2.49E0,-1.04E0));
#734=DIRECTION('',(1.E0,0.E0,0.E0));
#735=DIRECTION('',(0.E0,-1.E0,-1.554312234475E-13));
#736=AXIS2_PLACEMENT_3D('',#733,#734,#735);
#738=DIRECTION('',(0.E0,0.E0,-1.E0));
#739=VECTOR('',#738,4.9E-1);
#740=CARTESIAN_POINT('',(-6.E-1,-2.5E0,-5.5E-1));
#741=LINE('',#740,#739);
#742=CARTESIAN_POINT('',(6.E-1,-2.499823949685E0,-5.4580786E-1));
#743=CARTESIAN_POINT('',(6.E-1,-2.499882228251E0,-5.465005058389E-1));
#744=CARTESIAN_POINT('',(5.999951998785E-1,-2.499970264957E0,
-5.478926343230E-1));
#745=CARTESIAN_POINT('',(5.999805460255E-1,-2.5E0,-5.492960713673E-1));
#746=CARTESIAN_POINT('',(5.999707085070E-1,-2.5E0,-5.5E-1));
#748=DIRECTION('',(-1.E0,0.E0,0.E0));
#749=VECTOR('',#748,1.2E0);
#750=CARTESIAN_POINT('',(6.E-1,-2.45E0,-5.E-1));
#751=LINE('',#750,#749);
#752=DIRECTION('',(1.E0,0.E0,0.E0));
#753=VECTOR('',#752,1.199970708507E0);
#754=CARTESIAN_POINT('',(-6.E-1,-2.5E0,-5.5E-1));
#755=LINE('',#754,#753);
#756=DIRECTION('',(0.E0,1.E0,0.E0));
#757=VECTOR('',#756,1.001174587458E-1);
#758=CARTESIAN_POINT('',(6.E-1,-2.599941408431E0,-5.4580786E-1));
#759=LINE('',#758,#757);
#760=CARTESIAN_POINT('',(6.E-1,-2.45E0,-5.5E-1));
#761=DIRECTION('',(1.E0,0.E0,0.E0));
#762=DIRECTION('',(0.E0,0.E0,1.E0));
#763=AXIS2_PLACEMENT_3D('',#760,#761,#762);
#765=DIRECTION('',(0.E0,-1.E0,0.E0));
#766=VECTOR('',#765,5.E-2);
#767=CARTESIAN_POINT('',(6.E-1,-2.4E0,-4.E-1));
#768=LINE('',#767,#766);
#769=CARTESIAN_POINT('',(6.E-1,-2.45E0,-5.5E-1));
#770=DIRECTION('',(-1.E0,0.E0,0.E0));
#771=DIRECTION('',(0.E0,-9.964789937014E-1,8.384280000002E-2));
#772=AXIS2_PLACEMENT_3D('',#769,#770,#771);
#774=CARTESIAN_POINT('',(5.999707085070E-1,-2.6E0,-5.5E-1));
#775=CARTESIAN_POINT('',(5.999804465269E-1,-2.6E0,-5.493031910384E-1));
#776=CARTESIAN_POINT('',(5.999950930259E-1,-2.599990289012E0,
-5.479076013592E-1));
#777=CARTESIAN_POINT('',(6.E-1,-2.599960992801E0,-5.465083394731E-1));
#778=CARTESIAN_POINT('',(6.E-1,-2.599941408431E0,-5.4580786E-1));
#780=DIRECTION('',(1.E0,0.E0,0.E0));
#781=VECTOR('',#780,1.2E0);
#782=CARTESIAN_POINT('',(-6.E-1,-2.45E0,-4.E-1));
#783=LINE('',#782,#781);
#784=CARTESIAN_POINT('',(3.E-1,-2.6E0,-5.4580786E-1));
#785=DIRECTION('',(0.E0,-1.E0,0.E0));
#786=DIRECTION('',(0.E0,0.E0,-1.E0));
#787=AXIS2_PLACEMENT_3D('',#784,#785,#786);
#789=DIRECTION('',(-1.E0,0.E0,0.E0));
#790=VECTOR('',#789,6.E-1);
#791=CARTESIAN_POINT('',(0.E0,-2.6E0,-1.04E0));
#792=LINE('',#791,#790);
#793=DIRECTION('',(1.E0,0.E0,0.E0));
#794=VECTOR('',#793,1.199970708507E0);
#795=CARTESIAN_POINT('',(-6.E-1,-2.6E0,-5.5E-1));
#796=LINE('',#795,#794);
#797=DIRECTION('',(0.E0,1.E0,0.E0));
#798=VECTOR('',#797,1.E-1);
#799=CARTESIAN_POINT('',(3.E-1,-2.6E0,-8.4580786E-1));
#800=LINE('',#799,#798);
#801=DIRECTION('',(0.E0,1.E0,0.E0));
#802=VECTOR('',#801,1.E-1);
#803=CARTESIAN_POINT('',(1.5E-1,-2.6E0,-8.4580786E-1));
#804=LINE('',#803,#802);
#805=DIRECTION('',(1.E0,0.E0,0.E0));
#806=VECTOR('',#805,1.5E-1);
#807=CARTESIAN_POINT('',(1.5E-1,-2.6E0,-8.4580786E-1));
#808=LINE('',#807,#806);
#809=CARTESIAN_POINT('',(3.E-1,-2.5E0,-5.4580786E-1));
#810=DIRECTION('',(0.E0,1.E0,0.E0));
#811=DIRECTION('',(9.999023616902E-1,0.E0,-1.39738E-2));
#812=AXIS2_PLACEMENT_3D('',#809,#810,#811);
#814=DIRECTION('',(1.E0,0.E0,0.E0));
#815=VECTOR('',#814,1.5E-1);
#816=CARTESIAN_POINT('',(1.5E-1,-2.5E0,-8.4580786E-1));
#817=LINE('',#816,#815);
#818=DIRECTION('',(-1.E0,0.E0,0.E0));
#819=VECTOR('',#818,6.E-1);
#820=CARTESIAN_POINT('',(0.E0,-2.5E0,-1.04E0));
#821=LINE('',#820,#819);
#822=DIRECTION('',(0.E0,1.E0,0.E0));
#823=VECTOR('',#822,1.E-1);
#824=CARTESIAN_POINT('',(0.E0,-2.6E0,-9.9580786E-1));
#825=LINE('',#824,#823);
#826=DIRECTION('',(0.E0,-2.009810838987E-14,-1.E0));
#827=VECTOR('',#826,4.419214E-2);
#828=CARTESIAN_POINT('',(0.E0,-2.5E0,-9.9580786E-1));
#829=LINE('',#828,#827);
#830=CARTESIAN_POINT('',(0.E0,-2.49E0,-1.04E0));
#831=DIRECTION('',(1.E0,0.E0,0.E0));
#832=DIRECTION('',(0.E0,-1.E0,-1.554312234475E-13));
#833=AXIS2_PLACEMENT_3D('',#830,#831,#832);
#835=DIRECTION('',(0.E0,1.E0,-1.110223024625E-14));
#836=VECTOR('',#835,4.E-2);
#837=CARTESIAN_POINT('',(0.E0,-2.49E0,-1.05E0));
#838=LINE('',#837,#836);
#839=DIRECTION('',(0.E0,0.E0,-1.E0));
#840=VECTOR('',#839,1.E-1);
#841=CARTESIAN_POINT('',(0.E0,-1.89E0,-1.05E0));
#842=LINE('',#841,#840);
#843=DIRECTION('',(0.E0,-1.E0,0.E0));
#844=VECTOR('',#843,6.E-1);
#845=CARTESIAN_POINT('',(0.E0,-1.89E0,-1.15E0));
#846=LINE('',#845,#844);
#847=CARTESIAN_POINT('',(0.E0,-2.49E0,-1.04E0));
#848=DIRECTION('',(-1.E0,0.E0,0.E0));
#849=DIRECTION('',(0.E0,-1.211152390500E-14,-1.E0));
#850=AXIS2_PLACEMENT_3D('',#847,#848,#849);
#852=DIRECTION('',(0.E0,0.E0,1.E0));
#853=VECTOR('',#852,4.419214E-2);
#854=CARTESIAN_POINT('',(0.E0,-2.6E0,-1.04E0));
#855=LINE('',#854,#853);
#856=CARTESIAN_POINT('',(1.5E-1,-2.6E0,-9.9580786E-1));
#857=DIRECTION('',(0.E0,1.E0,0.E0));
#858=DIRECTION('',(-1.E0,0.E0,0.E0));
#859=AXIS2_PLACEMENT_3D('',#856,#857,#858);
#861=CARTESIAN_POINT('',(1.5E-1,-2.5E0,-9.9580786E-1));
#862=DIRECTION('',(0.E0,-1.E0,0.E0));
#863=DIRECTION('',(0.E0,0.E0,1.E0));
#864=AXIS2_PLACEMENT_3D('',#861,#862,#863);
#866=DIRECTION('',(-1.E0,0.E0,0.E0));
#867=VECTOR('',#866,6.E-1);
#868=CARTESIAN_POINT('',(0.E0,-2.49E0,-1.05E0));
#869=LINE('',#868,#867);
#870=DIRECTION('',(0.E0,0.E0,1.E0));
#871=VECTOR('',#870,1.E-2);
#872=CARTESIAN_POINT('',(1.8E0,-2.45E0,-6.3E-1));
#873=LINE('',#872,#871);
#874=DIRECTION('',(1.E0,0.E0,0.E0));
#875=VECTOR('',#874,6.5E-1);
#876=CARTESIAN_POINT('',(1.8E0,-2.45E0,-6.3E-1));
#877=LINE('',#876,#875);
#878=DIRECTION('',(-1.E0,0.E0,0.E0));
#879=VECTOR('',#878,6.E-1);
#880=CARTESIAN_POINT('',(0.E0,-2.45E0,-1.05E0));
#881=LINE('',#880,#879);
#882=DIRECTION('',(0.E0,0.E0,-1.E0));
#883=VECTOR('',#882,4.2E-1);
#884=CARTESIAN_POINT('',(-2.45E0,-2.45E0,-6.3E-1));
#885=LINE('',#884,#883);
#886=DIRECTION('',(1.E0,0.E0,0.E0));
#887=VECTOR('',#886,6.5E-1);
#888=CARTESIAN_POINT('',(-2.45E0,-2.45E0,-6.3E-1));
#889=LINE('',#888,#887);
#890=DIRECTION('',(0.E0,0.E0,1.E0));
#891=VECTOR('',#890,1.E-2);
#892=CARTESIAN_POINT('',(-1.8E0,-2.45E0,-6.3E-1));
#893=LINE('',#892,#891);
#894=DIRECTION('',(0.E0,0.E0,1.E0));
#895=VECTOR('',#894,1.2E-1);
#896=CARTESIAN_POINT('',(-1.085533906E0,-2.45E0,-6.2E-1));
#897=LINE('',#896,#895);
#898=DIRECTION('',(0.E0,0.E0,1.E0));
#899=VECTOR('',#898,1.E-1);
#900=CARTESIAN_POINT('',(1.6E0,-2.45E0,-1.E0));
#901=LINE('',#900,#899);
#902=DIRECTION('',(1.E0,0.E0,0.E0));
#903=VECTOR('',#902,5.E-1);
#904=CARTESIAN_POINT('',(1.6E0,-2.45E0,-1.E0));
#905=LINE('',#904,#903);
#906=DIRECTION('',(0.E0,0.E0,1.E0));
#907=VECTOR('',#906,1.E-1);
#908=CARTESIAN_POINT('',(2.1E0,-2.45E0,-1.E0));
#909=LINE('',#908,#907);
#910=DIRECTION('',(1.E0,0.E0,0.E0));
#911=VECTOR('',#910,5.E-1);
#912=CARTESIAN_POINT('',(1.6E0,-2.45E0,-9.E-1));
#913=LINE('',#912,#911);
#914=DIRECTION('',(0.E0,0.E0,1.E0));
#915=VECTOR('',#914,1.E-1);
#916=CARTESIAN_POINT('',(-2.1E0,-2.45E0,-1.E0));
#917=LINE('',#916,#915);
#918=DIRECTION('',(1.E0,0.E0,0.E0));
#919=VECTOR('',#918,5.E-1);
#920=CARTESIAN_POINT('',(-2.1E0,-2.45E0,-1.E0));
#921=LINE('',#920,#919);
#922=DIRECTION('',(0.E0,0.E0,1.E0));
#923=VECTOR('',#922,1.E-1);
#924=CARTESIAN_POINT('',(-1.6E0,-2.45E0,-1.E0));
#925=LINE('',#924,#923);
#926=DIRECTION('',(1.E0,0.E0,0.E0));
#927=VECTOR('',#926,5.E-1);
#928=CARTESIAN_POINT('',(-2.1E0,-2.45E0,-9.E-1));
#929=LINE('',#928,#927);
#930=DIRECTION('',(0.E0,-1.E0,0.E0));
#931=VECTOR('',#930,5.E-2);
#932=CARTESIAN_POINT('',(6.E-1,2.45E0,-5.E-1));
#933=LINE('',#932,#931);
#934=DIRECTION('',(-1.E0,0.E0,0.E0));
#935=VECTOR('',#934,4.85533906E-1);
#936=CARTESIAN_POINT('',(1.085533906E0,2.45E0,-5.E-1));
#937=LINE('',#936,#935);
#938=DIRECTION('',(-7.071067811866E-1,7.071067811865E-1,0.E0));
#939=VECTOR('',#938,7.071067811865E-2);
#940=CARTESIAN_POINT('',(1.135533906E0,2.4E0,-5.E-1));
#941=LINE('',#940,#939);
#942=DIRECTION('',(-1.E0,0.E0,0.E0));
#943=VECTOR('',#942,5.35533906E-1);
#944=CARTESIAN_POINT('',(1.135533906E0,2.4E0,-5.E-1));
#945=LINE('',#944,#943);
#946=DIRECTION('',(0.E0,-1.E0,0.E0));
#947=VECTOR('',#946,5.E-2);
#948=CARTESIAN_POINT('',(-6.E-1,2.45E0,-5.E-1));
#949=LINE('',#948,#947);
#950=DIRECTION('',(-1.E0,0.E0,0.E0));
#951=VECTOR('',#950,5.35533906E-1);
#952=CARTESIAN_POINT('',(-6.E-1,2.4E0,-5.E-1));
#953=LINE('',#952,#951);
#954=DIRECTION('',(-7.071067811865E-1,-7.071067811865E-1,0.E0));
#955=VECTOR('',#954,7.071067811865E-2);
#956=CARTESIAN_POINT('',(-1.085533906E0,2.45E0,-5.E-1));
#957=LINE('',#956,#955);
#958=DIRECTION('',(-1.E0,0.E0,0.E0));
#959=VECTOR('',#958,4.85533906E-1);
#960=CARTESIAN_POINT('',(-6.E-1,2.45E0,-5.E-1));
#961=LINE('',#960,#959);
#962=DIRECTION('',(0.E0,1.E0,0.E0));
#963=VECTOR('',#962,5.E-2);
#964=CARTESIAN_POINT('',(-6.E-1,-2.45E0,-5.E-1));
#965=LINE('',#964,#963);
#966=DIRECTION('',(1.E0,0.E0,0.E0));
#967=VECTOR('',#966,4.85533906E-1);
#968=CARTESIAN_POINT('',(-1.085533906E0,-2.45E0,-5.E-1));
#969=LINE('',#968,#967);
#970=DIRECTION('',(7.071067811865E-1,-7.071067811865E-1,0.E0));
#971=VECTOR('',#970,7.071067811865E-2);
#972=CARTESIAN_POINT('',(-1.135533906E0,-2.4E0,-5.E-1));
#973=LINE('',#972,#971);
#974=DIRECTION('',(1.E0,0.E0,0.E0));
#975=VECTOR('',#974,5.35533906E-1);
#976=CARTESIAN_POINT('',(-1.135533906E0,-2.4E0,-5.E-1));
#977=LINE('',#976,#975);
#978=DIRECTION('',(0.E0,1.E0,0.E0));
#979=VECTOR('',#978,5.E-2);
#980=CARTESIAN_POINT('',(6.E-1,-2.45E0,-5.E-1));
#981=LINE('',#980,#979);
#982=DIRECTION('',(1.E0,0.E0,0.E0));
#983=VECTOR('',#982,5.35533906E-1);
#984=CARTESIAN_POINT('',(6.E-1,-2.4E0,-5.E-1));
#985=LINE('',#984,#983);
#986=DIRECTION('',(7.071067811866E-1,7.071067811865E-1,0.E0));
#987=VECTOR('',#986,7.071067811865E-2);
#988=CARTESIAN_POINT('',(1.085533906E0,-2.45E0,-5.E-1));
#989=LINE('',#988,#987);
#990=DIRECTION('',(1.E0,0.E0,0.E0));
#991=VECTOR('',#990,4.85533906E-1);
#992=CARTESIAN_POINT('',(6.E-1,-2.45E0,-5.E-1));
#993=LINE('',#992,#991);
#994=DIRECTION('',(0.E0,-1.E0,0.E0));
#995=VECTOR('',#994,5.E-2);
#996=CARTESIAN_POINT('',(6.E-1,2.45E0,-4.E-1));
#997=LINE('',#996,#995);
#998=CARTESIAN_POINT('',(6.E-1,2.45E0,-5.5E-1));
#999=DIRECTION('',(1.E0,0.E0,0.E0));
#1000=DIRECTION('',(0.E0,1.E0,0.E0));
#1001=AXIS2_PLACEMENT_3D('',#998,#999,#1000);
#1003=DIRECTION('',(0.E0,0.E0,1.E0));
#1004=VECTOR('',#1003,4.9E-1);
#1005=CARTESIAN_POINT('',(6.E-1,2.6E0,-1.04E0));
#1006=LINE('',#1005,#1004);
#1007=CARTESIAN_POINT('',(6.E-1,2.49E0,-1.04E0));
#1008=DIRECTION('',(1.E0,0.E0,0.E0));
#1009=DIRECTION('',(0.E0,1.211152390500E-14,-1.E0));
#1010=AXIS2_PLACEMENT_3D('',#1007,#1008,#1009);
#1012=DIRECTION('',(0.E0,1.E0,0.E0));
#1013=VECTOR('',#1012,6.E-1);
#1014=CARTESIAN_POINT('',(6.E-1,1.89E0,-1.15E0));
#1015=LINE('',#1014,#1013);
#1016=DIRECTION('',(0.E0,0.E0,-1.E0));
#1017=VECTOR('',#1016,1.E-1);
#1018=CARTESIAN_POINT('',(6.E-1,1.89E0,-1.05E0));
#1019=LINE('',#1018,#1017);
#1020=DIRECTION('',(0.E0,-1.E0,0.E0));
#1021=VECTOR('',#1020,4.E-2);
#1022=CARTESIAN_POINT('',(6.E-1,2.49E0,-1.05E0));
#1023=LINE('',#1022,#1021);
#1024=CARTESIAN_POINT('',(6.E-1,2.49E0,-1.04E0));
#1025=DIRECTION('',(-1.E0,0.E0,0.E0));
#1026=DIRECTION('',(0.E0,1.E0,-1.554312234475E-13));
#1027=AXIS2_PLACEMENT_3D('',#1024,#1025,#1026);
#1029=DIRECTION('',(0.E0,0.E0,-1.E0));
#1030=VECTOR('',#1029,4.9E-1);
#1031=CARTESIAN_POINT('',(6.E-1,2.5E0,-5.5E-1));
#1032=LINE('',#1031,#1030);
#1033=CARTESIAN_POINT('',(6.E-1,2.45E0,-5.5E-1));
#1034=DIRECTION('',(-1.E0,0.E0,0.E0));
#1035=DIRECTION('',(0.E0,0.E0,1.E0));
#1036=AXIS2_PLACEMENT_3D('',#1033,#1034,#1035);
#1038=DIRECTION('',(0.E0,0.E0,1.E0));
#1039=VECTOR('',#1038,1.E-1);
#1040=CARTESIAN_POINT('',(6.E-1,2.4E0,-5.E-1));
#1041=LINE('',#1040,#1039);
#1042=DIRECTION('',(0.E0,0.E0,1.E0));
#1043=VECTOR('',#1042,1.E-1);
#1044=CARTESIAN_POINT('',(1.9E0,2.4E0,-5.E-1));
#1045=LINE('',#1044,#1043);
#1046=DIRECTION('',(0.E0,0.E0,1.E0));
#1047=VECTOR('',#1046,1.E-1);
#1048=CARTESIAN_POINT('',(-6.E-1,2.4E0,-5.E-1));
#1049=LINE('',#1048,#1047);
#1050=DIRECTION('',(0.E0,0.E0,1.E0));
#1051=VECTOR('',#1050,1.E-1);
#1052=CARTESIAN_POINT('',(2.4E0,1.9E0,-5.E-1));
#1053=LINE('',#1052,#1051);
#1054=DIRECTION('',(0.E0,-1.E0,0.E0));
#1055=VECTOR('',#1054,1.001174587458E-1);
#1056=CARTESIAN_POINT('',(-6.E-1,2.599941408431E0,-5.4580786E-1));
#1057=LINE('',#1056,#1055);
#1058=CARTESIAN_POINT('',(-6.E-1,2.45E0,-5.5E-1));
#1059=DIRECTION('',(-1.E0,0.E0,0.E0));
#1060=DIRECTION('',(0.E0,0.E0,1.E0));
#1061=AXIS2_PLACEMENT_3D('',#1058,#1059,#1060);
#1063=DIRECTION('',(0.E0,1.E0,0.E0));
#1064=VECTOR('',#1063,5.E-2);
#1065=CARTESIAN_POINT('',(-6.E-1,2.4E0,-4.E-1));
#1066=LINE('',#1065,#1064);
#1067=CARTESIAN_POINT('',(-6.E-1,2.45E0,-5.5E-1));
#1068=DIRECTION('',(1.E0,0.E0,0.E0));
#1069=DIRECTION('',(0.E0,9.964789937014E-1,8.38428E-2));
#1070=AXIS2_PLACEMENT_3D('',#1067,#1068,#1069);
#1072=CARTESIAN_POINT('',(-6.E-1,2.499823949685E0,-5.4580786E-1));
#1073=CARTESIAN_POINT('',(-6.E-1,2.499882228251E0,-5.465005058389E-1));
#1074=CARTESIAN_POINT('',(-5.999951998785E-1,2.499970264957E0,
-5.478926343230E-1));
#1075=CARTESIAN_POINT('',(-5.999805460255E-1,2.5E0,-5.492960713673E-1));
#1076=CARTESIAN_POINT('',(-5.999707085070E-1,2.5E0,-5.5E-1));
#1078=DIRECTION('',(1.E0,0.E0,0.E0));
#1079=VECTOR('',#1078,1.2E0);
#1080=CARTESIAN_POINT('',(-6.E-1,2.45E0,-5.E-1));
#1081=LINE('',#1080,#1079);
#1082=DIRECTION('',(-1.E0,0.E0,0.E0));
#1083=VECTOR('',#1082,1.199970708507E0);
#1084=CARTESIAN_POINT('',(6.E-1,2.5E0,-5.5E-1));
#1085=LINE('',#1084,#1083);
#1086=DIRECTION('',(0.E0,0.E0,1.E0));
#1087=VECTOR('',#1086,1.E-2);
#1088=CARTESIAN_POINT('',(-1.8E0,2.45E0,-6.3E-1));
#1089=LINE('',#1088,#1087);
#1090=DIRECTION('',(-1.E0,0.E0,0.E0));
#1091=VECTOR('',#1090,6.5E-1);
#1092=CARTESIAN_POINT('',(-1.8E0,2.45E0,-6.3E-1));
#1093=LINE('',#1092,#1091);
#1094=DIRECTION('',(1.E0,0.E0,0.E0));
#1095=VECTOR('',#1094,6.E-1);
#1096=CARTESIAN_POINT('',(0.E0,2.45E0,-1.05E0));
#1097=LINE('',#1096,#1095);
#1098=DIRECTION('',(0.E0,0.E0,-1.E0));
#1099=VECTOR('',#1098,4.2E-1);
#1100=CARTESIAN_POINT('',(2.45E0,2.45E0,-6.3E-1));
#1101=LINE('',#1100,#1099);
#1102=DIRECTION('',(1.E0,0.E0,0.E0));
#1103=VECTOR('',#1102,6.5E-1);
#1104=CARTESIAN_POINT('',(1.8E0,2.45E0,-6.3E-1));
#1105=LINE('',#1104,#1103);
#1106=DIRECTION('',(0.E0,0.E0,1.E0));
#1107=VECTOR('',#1106,1.E-2);
#1108=CARTESIAN_POINT('',(1.8E0,2.45E0,-6.3E-1));
#1109=LINE('',#1108,#1107);
#1110=DIRECTION('',(0.E0,0.E0,1.E0));
#1111=VECTOR('',#1110,1.2E-1);
#1112=CARTESIAN_POINT('',(1.085533906E0,2.45E0,-6.2E-1));
#1113=LINE('',#1112,#1111);
#1114=DIRECTION('',(0.E0,0.E0,1.E0));
#1115=VECTOR('',#1114,1.E-1);
#1116=CARTESIAN_POINT('',(1.6E0,2.45E0,-1.E0));
#1117=LINE('',#1116,#1115);
#1118=DIRECTION('',(1.E0,0.E0,0.E0));
#1119=VECTOR('',#1118,5.E-1);
#1120=CARTESIAN_POINT('',(1.6E0,2.45E0,-9.E-1));
#1121=LINE('',#1120,#1119);
#1122=DIRECTION('',(0.E0,0.E0,1.E0));
#1123=VECTOR('',#1122,1.E-1);
#1124=CARTESIAN_POINT('',(2.1E0,2.45E0,-1.E0));
#1125=LINE('',#1124,#1123);
#1126=DIRECTION('',(1.E0,0.E0,0.E0));
#1127=VECTOR('',#1126,5.E-1);
#1128=CARTESIAN_POINT('',(1.6E0,2.45E0,-1.E0));
#1129=LINE('',#1128,#1127);
#1130=DIRECTION('',(0.E0,0.E0,1.E0));
#1131=VECTOR('',#1130,1.E-1);
#1132=CARTESIAN_POINT('',(-2.1E0,2.45E0,-1.E0));
#1133=LINE('',#1132,#1131);
#1134=DIRECTION('',(1.E0,0.E0,0.E0));
#1135=VECTOR('',#1134,5.E-1);
#1136=CARTESIAN_POINT('',(-2.1E0,2.45E0,-9.E-1));
#1137=LINE('',#1136,#1135);
#1138=DIRECTION('',(0.E0,0.E0,1.E0));
#1139=VECTOR('',#1138,1.E-1);
#1140=CARTESIAN_POINT('',(-1.6E0,2.45E0,-1.E0));
#1141=LINE('',#1140,#1139);
#1142=DIRECTION('',(1.E0,0.E0,0.E0));
#1143=VECTOR('',#1142,5.E-1);
#1144=CARTESIAN_POINT('',(-2.1E0,2.45E0,-1.E0));
#1145=LINE('',#1144,#1143);
#1146=DIRECTION('',(0.E0,0.E0,1.E0));
#1147=VECTOR('',#1146,1.2E-1);
#1148=CARTESIAN_POINT('',(-1.085533906E0,2.45E0,-6.2E-1));
#1149=LINE('',#1148,#1147);
#1150=DIRECTION('',(0.E0,0.E0,-1.E0));
#1151=VECTOR('',#1150,1.E-2);
#1152=CARTESIAN_POINT('',(-1.8E0,2.2E0,-6.2E-1));
#1153=LINE('',#1152,#1151);
#1154=DIRECTION('',(0.E0,0.E0,-1.E0));
#1155=VECTOR('',#1154,1.E-2);
#1156=CARTESIAN_POINT('',(-2.2E0,1.8E0,-6.2E-1));
#1157=LINE('',#1156,#1155);
#1158=DIRECTION('',(0.E0,1.E0,0.E0));
#1159=VECTOR('',#1158,2.5E-1);
#1160=CARTESIAN_POINT('',(-1.8E0,2.2E0,-6.3E-1));
#1161=LINE('',#1160,#1159);
#1162=CARTESIAN_POINT('',(-2.2E0,2.2E0,-6.3E-1));
#1163=DIRECTION('',(0.E0,0.E0,1.E0));
#1164=DIRECTION('',(0.E0,-1.E0,0.E0));
#1165=AXIS2_PLACEMENT_3D('',#1162,#1163,#1164);
#1167=DIRECTION('',(1.E0,0.E0,0.E0));
#1168=VECTOR('',#1167,2.5E-1);
#1169=CARTESIAN_POINT('',(-2.45E0,1.8E0,-6.3E-1));
#1170=LINE('',#1169,#1168);
#1171=DIRECTION('',(1.E0,0.E0,0.E0));
#1172=VECTOR('',#1171,2.5E-1);
#1173=CARTESIAN_POINT('',(2.2E0,1.8E0,-6.3E-1));
#1174=LINE('',#1173,#1172);
#1175=CARTESIAN_POINT('',(2.2E0,2.2E0,-6.3E-1));
#1176=DIRECTION('',(0.E0,0.E0,1.E0));
#1177=DIRECTION('',(-1.E0,0.E0,0.E0));
#1178=AXIS2_PLACEMENT_3D('',#1175,#1176,#1177);
#1180=DIRECTION('',(0.E0,-1.E0,0.E0));
#1181=VECTOR('',#1180,2.5E-1);
#1182=CARTESIAN_POINT('',(1.8E0,2.45E0,-6.3E-1));
#1183=LINE('',#1182,#1181);
#1184=DIRECTION('',(-1.E0,0.E0,0.E0));
#1185=VECTOR('',#1184,2.5E-1);
#1186=CARTESIAN_POINT('',(-2.2E0,-1.8E0,-6.3E-1));
#1187=LINE('',#1186,#1185);
#1188=CARTESIAN_POINT('',(-2.2E0,-2.2E0,-6.3E-1));
#1189=DIRECTION('',(0.E0,0.E0,1.E0));
#1190=DIRECTION('',(1.E0,0.E0,0.E0));
#1191=AXIS2_PLACEMENT_3D('',#1188,#1189,#1190);
#1193=DIRECTION('',(0.E0,1.E0,0.E0));
#1194=VECTOR('',#1193,2.5E-1);
#1195=CARTESIAN_POINT('',(-1.8E0,-2.45E0,-6.3E-1));
#1196=LINE('',#1195,#1194);
#1197=DIRECTION('',(0.E0,-1.E0,0.E0));
#1198=VECTOR('',#1197,2.5E-1);
#1199=CARTESIAN_POINT('',(1.8E0,-2.2E0,-6.3E-1));
#1200=LINE('',#1199,#1198);
#1201=CARTESIAN_POINT('',(2.2E0,-2.2E0,-6.3E-1));
#1202=DIRECTION('',(0.E0,0.E0,1.E0));
#1203=DIRECTION('',(0.E0,1.E0,0.E0));
#1204=AXIS2_PLACEMENT_3D('',#1201,#1202,#1203);
#1206=DIRECTION('',(-1.E0,0.E0,0.E0));
#1207=VECTOR('',#1206,2.5E-1);
#1208=CARTESIAN_POINT('',(2.45E0,-1.8E0,-6.3E-1));
#1209=LINE('',#1208,#1207);
#1210=DIRECTION('',(0.E0,1.E0,0.E0));
#1211=VECTOR('',#1210,2.171067812E0);
#1212=CARTESIAN_POINT('',(2.45E0,-1.085533906E0,-5.E-1));
#1213=LINE('',#1212,#1211);
#1214=DIRECTION('',(0.E0,0.E0,1.E0));
#1215=VECTOR('',#1214,1.E-2);
#1216=CARTESIAN_POINT('',(2.45E0,1.8E0,-6.3E-1));
#1217=LINE('',#1216,#1215);
#1218=DIRECTION('',(0.E0,1.E0,0.E0));
#1219=VECTOR('',#1218,6.5E-1);
#1220=CARTESIAN_POINT('',(2.45E0,1.8E0,-6.3E-1));
#1221=LINE('',#1220,#1219);
#1222=DIRECTION('',(0.E0,-1.E0,0.E0));
#1223=VECTOR('',#1222,6.5E-1);
#1224=CARTESIAN_POINT('',(2.45E0,2.45E0,-1.05E0));
#1225=LINE('',#1224,#1223);
#1226=DIRECTION('',(0.E0,0.E0,1.E0));
#1227=VECTOR('',#1226,1.5E-1);
#1228=CARTESIAN_POINT('',(2.45E0,1.8E0,-1.2E0));
#1229=LINE('',#1228,#1227);
#1230=DIRECTION('',(0.E0,0.E0,1.E0));
#1231=VECTOR('',#1230,1.5E-1);
#1232=CARTESIAN_POINT('',(2.45E0,-1.8E0,-1.2E0));
#1233=LINE('',#1232,#1231);
#1234=DIRECTION('',(0.E0,1.E0,0.E0));
#1235=VECTOR('',#1234,6.5E-1);
#1236=CARTESIAN_POINT('',(2.45E0,-2.45E0,-1.05E0));
#1237=LINE('',#1236,#1235);
#1238=DIRECTION('',(0.E0,0.E0,-1.E0));
#1239=VECTOR('',#1238,4.2E-1);
#1240=CARTESIAN_POINT('',(2.45E0,-2.45E0,-6.3E-1));
#1241=LINE('',#1240,#1239);
#1242=DIRECTION('',(0.E0,1.E0,0.E0));
#1243=VECTOR('',#1242,6.5E-1);
#1244=CARTESIAN_POINT('',(2.45E0,-2.45E0,-6.3E-1));
#1245=LINE('',#1244,#1243);
#1246=DIRECTION('',(0.E0,0.E0,1.E0));
#1247=VECTOR('',#1246,1.E-2);
#1248=CARTESIAN_POINT('',(2.45E0,-1.8E0,-6.3E-1));
#1249=LINE('',#1248,#1247);
#1250=DIRECTION('',(0.E0,0.E0,1.E0));
#1251=VECTOR('',#1250,1.2E-1);
#1252=CARTESIAN_POINT('',(2.45E0,-1.085533906E0,-6.2E-1));
#1253=LINE('',#1252,#1251);
#1254=DIRECTION('',(0.E0,1.E0,0.E0));
#1255=VECTOR('',#1254,2.5E0);
#1256=CARTESIAN_POINT('',(2.5E0,-1.25E0,-5.5E-1));
#1257=LINE('',#1256,#1255);
#1258=DIRECTION('',(0.E0,1.E0,0.E0));
#1259=VECTOR('',#1258,1.E0);
#1260=CARTESIAN_POINT('',(2.5E0,-1.25E0,-8.E-1));
#1261=LINE('',#1260,#1259);
#1262=DIRECTION('',(0.E0,1.E0,0.E0));
#1263=VECTOR('',#1262,5.E-1);
#1264=CARTESIAN_POINT('',(2.5E0,-2.5E-1,-1.2E0));
#1265=LINE('',#1264,#1263);
#1266=DIRECTION('',(0.E0,1.E0,0.E0));
#1267=VECTOR('',#1266,1.E0);
#1268=CARTESIAN_POINT('',(2.5E0,2.5E-1,-8.E-1));
#1269=LINE('',#1268,#1267);
#1270=DIRECTION('',(-1.E0,0.E0,0.E0));
#1271=VECTOR('',#1270,1.E-1);
#1272=CARTESIAN_POINT('',(2.6E0,-2.5E-1,-8.E-1));
#1273=LINE('',#1272,#1271);
#1274=DIRECTION('',(0.E0,1.E0,0.E0));
#1275=VECTOR('',#1274,1.E0);
#1276=CARTESIAN_POINT('',(2.6E0,-1.25E0,-8.E-1));
#1277=LINE('',#1276,#1275);
#1278=DIRECTION('',(-1.E0,0.E0,0.E0));
#1279=VECTOR('',#1278,1.E-1);
#1280=CARTESIAN_POINT('',(2.6E0,2.5E-1,-8.E-1));
#1281=LINE('',#1280,#1279);
#1282=DIRECTION('',(0.E0,1.E0,0.E0));
#1283=VECTOR('',#1282,1.E0);
#1284=CARTESIAN_POINT('',(2.6E0,2.5E-1,-8.E-1));
#1285=LINE('',#1284,#1283);
#1286=DIRECTION('',(0.E0,1.E0,0.E0));
#1287=VECTOR('',#1286,2.5E0);
#1288=CARTESIAN_POINT('',(2.6E0,-1.25E0,-5.5E-1));
#1289=LINE('',#1288,#1287);
#1290=DIRECTION('',(0.E0,1.E0,0.E0));
#1291=VECTOR('',#1290,5.E-1);
#1292=CARTESIAN_POINT('',(2.6E0,-2.5E-1,-1.2E0));
#1293=LINE('',#1292,#1291);
#1294=DIRECTION('',(0.E0,1.E0,0.E0));
#1295=VECTOR('',#1294,2.5E0);
#1296=CARTESIAN_POINT('',(2.45E0,-1.25E0,-4.E-1));
#1297=LINE('',#1296,#1295);
#1298=DIRECTION('',(0.E0,0.E0,1.E0));
#1299=VECTOR('',#1298,1.2E-1);
#1300=CARTESIAN_POINT('',(2.45E0,1.085533906E0,-6.2E-1));
#1301=LINE('',#1300,#1299);
#1302=DIRECTION('',(0.E0,0.E0,-1.E0));
#1303=VECTOR('',#1302,1.E-2);
#1304=CARTESIAN_POINT('',(2.2E0,1.8E0,-6.2E-1));
#1305=LINE('',#1304,#1303);
#1306=DIRECTION('',(0.E0,0.E0,-1.E0));
#1307=VECTOR('',#1306,1.E-2);
#1308=CARTESIAN_POINT('',(1.8E0,2.2E0,-6.2E-1));
#1309=LINE('',#1308,#1307);
#1310=DIRECTION('',(0.E0,-1.E0,0.E0));
#1311=VECTOR('',#1310,5.6E-1);
#1312=CARTESIAN_POINT('',(0.E0,2.45E0,-1.05E0));
#1313=LINE('',#1312,#1311);
#1314=DIRECTION('',(-1.E0,0.E0,0.E0));
#1315=VECTOR('',#1314,2.45E0);
#1316=CARTESIAN_POINT('',(0.E0,2.45E0,-1.05E0));
#1317=LINE('',#1316,#1315);
#1318=DIRECTION('',(-1.E0,0.E0,0.E0));
#1319=VECTOR('',#1318,1.85E0);
#1320=CARTESIAN_POINT('',(2.45E0,2.45E0,-1.05E0));
#1321=LINE('',#1320,#1319);
#1322=DIRECTION('',(0.E0,-1.E0,0.E0));
#1323=VECTOR('',#1322,5.6E-1);
#1324=CARTESIAN_POINT('',(6.E-1,2.45E0,-1.05E0));
#1325=LINE('',#1324,#1323);
#1326=DIRECTION('',(1.E0,0.E0,0.E0));
#1327=VECTOR('',#1326,6.E-1);
#1328=CARTESIAN_POINT('',(0.E0,1.89E0,-1.05E0));
#1329=LINE('',#1328,#1327);
#1330=DIRECTION('',(0.E0,-1.E0,0.E0));
#1331=VECTOR('',#1330,1.E-1);
#1332=CARTESIAN_POINT('',(0.E0,2.6E0,-9.9580786E-1));
#1333=LINE('',#1332,#1331);
#1334=DIRECTION('',(0.E0,0.E0,-1.E0));
#1335=VECTOR('',#1334,4.419214E-2);
#1336=CARTESIAN_POINT('',(0.E0,2.5E0,-9.9580786E-1));
#1337=LINE('',#1336,#1335);
#1338=CARTESIAN_POINT('',(0.E0,2.49E0,-1.04E0));
#1339=DIRECTION('',(-1.E0,0.E0,0.E0));
#1340=DIRECTION('',(0.E0,1.E0,-1.554312234475E-13));
#1341=AXIS2_PLACEMENT_3D('',#1338,#1339,#1340);
#1343=DIRECTION('',(0.E0,-1.E0,0.E0));
#1344=VECTOR('',#1343,4.E-2);
#1345=CARTESIAN_POINT('',(0.E0,2.49E0,-1.05E0));
#1346=LINE('',#1345,#1344);
#1347=DIRECTION('',(0.E0,0.E0,-1.E0));
#1348=VECTOR('',#1347,1.E-1);
#1349=CARTESIAN_POINT('',(0.E0,1.89E0,-1.05E0));
#1350=LINE('',#1349,#1348);
#1351=DIRECTION('',(0.E0,1.E0,0.E0));
#1352=VECTOR('',#1351,6.E-1);
#1353=CARTESIAN_POINT('',(0.E0,1.89E0,-1.15E0));
#1354=LINE('',#1353,#1352);
#1355=CARTESIAN_POINT('',(0.E0,2.49E0,-1.04E0));
#1356=DIRECTION('',(1.E0,0.E0,0.E0));
#1357=DIRECTION('',(0.E0,1.211152390500E-14,-1.E0));
#1358=AXIS2_PLACEMENT_3D('',#1355,#1356,#1357);
#1360=DIRECTION('',(0.E0,0.E0,1.E0));
#1361=VECTOR('',#1360,4.419214E-2);
#1362=CARTESIAN_POINT('',(0.E0,2.6E0,-1.04E0));
#1363=LINE('',#1362,#1361);
#1364=CARTESIAN_POINT('',(-1.5E-1,2.6E0,-9.9580786E-1));
#1365=DIRECTION('',(0.E0,-1.E0,0.E0));
#1366=DIRECTION('',(1.E0,0.E0,0.E0));
#1367=AXIS2_PLACEMENT_3D('',#1364,#1365,#1366);
#1369=CARTESIAN_POINT('',(-1.5E-1,2.5E0,-9.9580786E-1));
#1370=DIRECTION('',(0.E0,1.E0,0.E0));
#1371=DIRECTION('',(0.E0,0.E0,1.E0));
#1372=AXIS2_PLACEMENT_3D('',#1369,#1370,#1371);
#1374=CARTESIAN_POINT('',(-3.E-1,2.6E0,-5.4580786E-1));
#1375=DIRECTION('',(0.E0,1.E0,0.E0));
#1376=DIRECTION('',(0.E0,0.E0,-1.E0));
#1377=AXIS2_PLACEMENT_3D('',#1374,#1375,#1376);
#1379=DIRECTION('',(1.E0,0.E0,0.E0));
#1380=VECTOR('',#1379,6.E-1);
#1381=CARTESIAN_POINT('',(0.E0,2.6E0,-1.04E0));
#1382=LINE('',#1381,#1380);
#1383=DIRECTION('',(-1.E0,0.E0,0.E0));
#1384=VECTOR('',#1383,1.199970708507E0);
#1385=CARTESIAN_POINT('',(6.E-1,2.6E0,-5.5E-1));
#1386=LINE('',#1385,#1384);
#1387=DIRECTION('',(0.E0,-1.E0,0.E0));
#1388=VECTOR('',#1387,1.E-1);
#1389=CARTESIAN_POINT('',(-3.E-1,2.6E0,-8.4580786E-1));
#1390=LINE('',#1389,#1388);
#1391=DIRECTION('',(0.E0,-1.E0,0.E0));
#1392=VECTOR('',#1391,1.E-1);
#1393=CARTESIAN_POINT('',(-1.5E-1,2.6E0,-8.4580786E-1));
#1394=LINE('',#1393,#1392);
#1395=DIRECTION('',(-1.E0,0.E0,0.E0));
#1396=VECTOR('',#1395,1.5E-1);
#1397=CARTESIAN_POINT('',(-1.5E-1,2.6E0,-8.4580786E-1));
#1398=LINE('',#1397,#1396);
#1399=CARTESIAN_POINT('',(-3.E-1,2.5E0,-5.4580786E-1));
#1400=DIRECTION('',(0.E0,-1.E0,0.E0));
#1401=DIRECTION('',(-9.999023616902E-1,0.E0,-1.39738E-2));
#1402=AXIS2_PLACEMENT_3D('',#1399,#1400,#1401);
#1404=DIRECTION('',(-1.E0,0.E0,0.E0));
#1405=VECTOR('',#1404,1.5E-1);
#1406=CARTESIAN_POINT('',(-1.5E-1,2.5E0,-8.4580786E-1));
#1407=LINE('',#1406,#1405);
#1408=DIRECTION('',(1.E0,0.E0,0.E0));
#1409=VECTOR('',#1408,6.E-1);
#1410=CARTESIAN_POINT('',(0.E0,2.5E0,-1.04E0));
#1411=LINE('',#1410,#1409);
#1412=DIRECTION('',(1.E0,0.E0,0.E0));
#1413=VECTOR('',#1412,6.E-1);
#1414=CARTESIAN_POINT('',(0.E0,2.49E0,-1.05E0));
#1415=LINE('',#1414,#1413);
#1416=DIRECTION('',(1.E0,0.E0,0.E0));
#1417=VECTOR('',#1416,6.E-1);
#1418=CARTESIAN_POINT('',(0.E0,2.49E0,-1.15E0));
#1419=LINE('',#1418,#1417);
#1420=DIRECTION('',(1.E0,0.E0,0.E0));
#1421=VECTOR('',#1420,6.E-1);
#1422=CARTESIAN_POINT('',(0.E0,1.89E0,-1.15E0));
#1423=LINE('',#1422,#1421);
#1424=CARTESIAN_POINT('',(-5.999707085070E-1,2.6E0,-5.5E-1));
#1425=CARTESIAN_POINT('',(-5.999804455686E-1,2.6E0,-5.493032596121E-1));
#1426=CARTESIAN_POINT('',(-5.999950920658E-1,2.599990290925E0,
-5.479077385168E-1));
#1427=CARTESIAN_POINT('',(-6.E-1,2.599960994717E0,-5.465084080268E-1));
#1428=CARTESIAN_POINT('',(-6.E-1,2.599941408431E0,-5.4580786E-1));
#1430=DIRECTION('',(-1.E0,0.E0,0.E0));
#1431=VECTOR('',#1430,1.2E0);
#1432=CARTESIAN_POINT('',(6.E-1,2.45E0,-4.E-1));
#1433=LINE('',#1432,#1431);
#1434=DIRECTION('',(-1.E0,0.E0,0.E0));
#1435=VECTOR('',#1434,1.65E0);
#1436=CARTESIAN_POINT('',(-8.E-1,1.8E0,-1.05E0));
#1437=LINE('',#1436,#1435);
#1438=DIRECTION('',(-1.E0,0.E0,0.E0));
#1439=VECTOR('',#1438,1.65E0);
#1440=CARTESIAN_POINT('',(2.45E0,1.8E0,-1.05E0));
#1441=LINE('',#1440,#1439);
#1442=DIRECTION('',(1.E0,0.E0,0.E0));
#1443=VECTOR('',#1442,1.65E0);
#1444=CARTESIAN_POINT('',(-2.45E0,1.8E0,-1.2E0));
#1445=LINE('',#1444,#1443);
#1446=DIRECTION('',(0.E0,1.E0,0.E0));
#1447=VECTOR('',#1446,3.6E0);
#1448=CARTESIAN_POINT('',(-2.45E0,-1.8E0,-1.2E0));
#1449=LINE('',#1448,#1447);
#1450=DIRECTION('',(1.E0,0.E0,0.E0));
#1451=VECTOR('',#1450,1.65E0);
#1452=CARTESIAN_POINT('',(-2.45E0,-1.8E0,-1.2E0));
#1453=LINE('',#1452,#1451);
#1454=DIRECTION('',(0.E0,1.E0,0.E0));
#1455=VECTOR('',#1454,3.6E0);
#1456=CARTESIAN_POINT('',(-8.E-1,-1.8E0,-1.2E0));
#1457=LINE('',#1456,#1455);
#1458=DIRECTION('',(1.E0,0.E0,0.E0));
#1459=VECTOR('',#1458,1.65E0);
#1460=CARTESIAN_POINT('',(8.E-1,1.8E0,-1.2E0));
#1461=LINE('',#1460,#1459);
#1462=DIRECTION('',(0.E0,1.E0,0.E0));
#1463=VECTOR('',#1462,3.6E0);
#1464=CARTESIAN_POINT('',(8.E-1,-1.8E0,-1.2E0));
#1465=LINE('',#1464,#1463);
#1466=DIRECTION('',(1.E0,0.E0,0.E0));
#1467=VECTOR('',#1466,1.65E0);
#1468=CARTESIAN_POINT('',(8.E-1,-1.8E0,-1.2E0));
#1469=LINE('',#1468,#1467);
#1470=DIRECTION('',(0.E0,-1.E0,0.E0));
#1471=VECTOR('',#1470,3.6E0);
#1472=CARTESIAN_POINT('',(2.45E0,1.8E0,-1.2E0));
#1473=LINE('',#1472,#1471);
#1474=DIRECTION('',(0.E0,1.E0,0.E0));
#1475=VECTOR('',#1474,5.6E-1);
#1476=CARTESIAN_POINT('',(0.E0,-2.45E0,-1.05E0));
#1477=LINE('',#1476,#1475);
#1478=DIRECTION('',(1.E0,0.E0,0.E0));
#1479=VECTOR('',#1478,2.45E0);
#1480=CARTESIAN_POINT('',(0.E0,-2.45E0,-1.05E0));
#1481=LINE('',#1480,#1479);
#1482=DIRECTION('',(-1.E0,0.E0,0.E0));
#1483=VECTOR('',#1482,1.65E0);
#1484=CARTESIAN_POINT('',(2.45E0,-1.8E0,-1.05E0));
#1485=LINE('',#1484,#1483);
#1486=DIRECTION('',(1.E0,0.E0,0.E0));
#1487=VECTOR('',#1486,1.6E0);
#1488=CARTESIAN_POINT('',(-8.E-1,-7.5E-1,-1.05E0));
#1489=LINE('',#1488,#1487);
#1490=DIRECTION('',(-1.E0,0.E0,0.E0));
#1491=VECTOR('',#1490,1.65E0);
#1492=CARTESIAN_POINT('',(-8.E-1,-1.8E0,-1.05E0));
#1493=LINE('',#1492,#1491);
#1494=DIRECTION('',(1.E0,0.E0,0.E0));
#1495=VECTOR('',#1494,1.85E0);
#1496=CARTESIAN_POINT('',(-2.45E0,-2.45E0,-1.05E0));
#1497=LINE('',#1496,#1495);
#1498=DIRECTION('',(0.E0,1.E0,0.E0));
#1499=VECTOR('',#1498,5.6E-1);
#1500=CARTESIAN_POINT('',(-6.E-1,-2.45E0,-1.05E0));
#1501=LINE('',#1500,#1499);
#1502=DIRECTION('',(-1.E0,0.E0,0.E0));
#1503=VECTOR('',#1502,6.E-1);
#1504=CARTESIAN_POINT('',(0.E0,-1.89E0,-1.05E0));
#1505=LINE('',#1504,#1503);
#1506=DIRECTION('',(0.E0,0.E0,-1.E0));
#1507=VECTOR('',#1506,1.5E-1);
#1508=CARTESIAN_POINT('',(8.E-1,1.8E0,-1.05E0));
#1509=LINE('',#1508,#1507);
#1510=DIRECTION('',(0.E0,-1.E0,0.E0));
#1511=VECTOR('',#1510,1.05E0);
#1512=CARTESIAN_POINT('',(8.E-1,1.8E0,-1.05E0));
#1513=LINE('',#1512,#1511);
#1514=DIRECTION('',(0.E0,0.E0,-1.E0));
#1515=VECTOR('',#1514,1.E-1);
#1516=CARTESIAN_POINT('',(8.E-1,7.5E-1,-1.05E0));
#1517=LINE('',#1516,#1515);
#1518=DIRECTION('',(0.E0,-1.E0,0.E0));
#1519=VECTOR('',#1518,1.5E0);
#1520=CARTESIAN_POINT('',(8.E-1,7.5E-1,-1.15E0));
#1521=LINE('',#1520,#1519);
#1522=DIRECTION('',(0.E0,0.E0,1.E0));
#1523=VECTOR('',#1522,1.E-1);
#1524=CARTESIAN_POINT('',(8.E-1,-7.5E-1,-1.15E0));
#1525=LINE('',#1524,#1523);
#1526=DIRECTION('',(0.E0,-1.E0,0.E0));
#1527=VECTOR('',#1526,1.05E0);
#1528=CARTESIAN_POINT('',(8.E-1,-7.5E-1,-1.05E0));
#1529=LINE('',#1528,#1527);
#1530=DIRECTION('',(0.E0,0.E0,-1.E0));
#1531=VECTOR('',#1530,1.5E-1);
#1532=CARTESIAN_POINT('',(8.E-1,-1.8E0,-1.05E0));
#1533=LINE('',#1532,#1531);
#1534=DIRECTION('',(1.E0,0.E0,0.E0));
#1535=VECTOR('',#1534,1.6E0);
#1536=CARTESIAN_POINT('',(-8.E-1,7.5E-1,-1.05E0));
#1537=LINE('',#1536,#1535);
#1538=DIRECTION('',(0.E0,0.E0,-1.E0));
#1539=VECTOR('',#1538,1.5E-1);
#1540=CARTESIAN_POINT('',(-8.E-1,1.8E0,-1.05E0));
#1541=LINE('',#1540,#1539);
#1542=DIRECTION('',(0.E0,0.E0,-1.E0));
#1543=VECTOR('',#1542,1.5E-1);
#1544=CARTESIAN_POINT('',(-8.E-1,-1.8E0,-1.05E0));
#1545=LINE('',#1544,#1543);
#1546=DIRECTION('',(0.E0,-1.E0,0.E0));
#1547=VECTOR('',#1546,1.05E0);
#1548=CARTESIAN_POINT('',(-8.E-1,-7.5E-1,-1.05E0));
#1549=LINE('',#1548,#1547);
#1550=DIRECTION('',(0.E0,0.E0,1.E0));
#1551=VECTOR('',#1550,1.E-1);
#1552=CARTESIAN_POINT('',(-8.E-1,-7.5E-1,-1.15E0));
#1553=LINE('',#1552,#1551);
#1554=DIRECTION('',(0.E0,-1.E0,0.E0));
#1555=VECTOR('',#1554,1.5E0);
#1556=CARTESIAN_POINT('',(-8.E-1,7.5E-1,-1.15E0));
#1557=LINE('',#1556,#1555);
#1558=DIRECTION('',(0.E0,0.E0,-1.E0));
#1559=VECTOR('',#1558,1.E-1);
#1560=CARTESIAN_POINT('',(-8.E-1,7.5E-1,-1.05E0));
#1561=LINE('',#1560,#1559);
#1562=DIRECTION('',(0.E0,-1.E0,0.E0));
#1563=VECTOR('',#1562,1.05E0);
#1564=CARTESIAN_POINT('',(-8.E-1,1.8E0,-1.05E0));
#1565=LINE('',#1564,#1563);
#1566=DIRECTION('',(1.E0,0.E0,0.E0));
#1567=VECTOR('',#1566,1.6E0);
#1568=CARTESIAN_POINT('',(-8.E-1,-7.5E-1,-1.15E0));
#1569=LINE('',#1568,#1567);
#1570=DIRECTION('',(1.E0,0.E0,0.E0));
#1571=VECTOR('',#1570,1.6E0);
#1572=CARTESIAN_POINT('',(-8.E-1,7.5E-1,-1.15E0));
#1573=LINE('',#1572,#1571);
#1574=DIRECTION('',(-1.E0,0.E0,0.E0));
#1575=VECTOR('',#1574,6.E-1);
#1576=CARTESIAN_POINT('',(0.E0,-1.89E0,-1.15E0));
#1577=LINE('',#1576,#1575);
#1578=DIRECTION('',(-1.E0,0.E0,0.E0));
#1579=VECTOR('',#1578,6.E-1);
#1580=CARTESIAN_POINT('',(0.E0,-2.49E0,-1.15E0));
#1581=LINE('',#1580,#1579);
#1582=DIRECTION('',(0.E0,0.E0,-1.E0));
#1583=VECTOR('',#1582,1.E-2);
#1584=CARTESIAN_POINT('',(2.2E0,-1.8E0,-6.2E-1));
#1585=LINE('',#1584,#1583);
#1586=DIRECTION('',(0.E0,0.E0,-1.E0));
#1587=VECTOR('',#1586,1.E-2);
#1588=CARTESIAN_POINT('',(1.8E0,-2.2E0,-6.2E-1));
#1589=LINE('',#1588,#1587);
#1590=DIRECTION('',(0.E0,0.E0,1.E0));
#1591=VECTOR('',#1590,1.2E-1);
#1592=CARTESIAN_POINT('',(1.085533906E0,-2.45E0,-6.2E-1));
#1593=LINE('',#1592,#1591);
#1594=DIRECTION('',(0.E0,0.E0,-1.E0));
#1595=VECTOR('',#1594,1.E-2);
#1596=CARTESIAN_POINT('',(-2.2E0,-1.8E0,-6.2E-1));
#1597=LINE('',#1596,#1595);
#1598=DIRECTION('',(0.E0,0.E0,-1.E0));
#1599=VECTOR('',#1598,1.E-2);
#1600=CARTESIAN_POINT('',(-1.8E0,-2.2E0,-6.2E-1));
#1601=LINE('',#1600,#1599);
#1602=DIRECTION('',(0.E0,1.E0,0.E0));
#1603=VECTOR('',#1602,5.E-2);
#1604=CARTESIAN_POINT('',(1.6E0,2.45E0,-1.E0));
#1605=LINE('',#1604,#1603);
#1606=CARTESIAN_POINT('',(1.6E0,2.5E0,-1.01E0));
#1607=DIRECTION('',(-1.E0,0.E0,0.E0));
#1608=DIRECTION('',(0.E0,4.440892098501E-14,1.E0));
#1609=AXIS2_PLACEMENT_3D('',#1606,#1607,#1608);
#1611=DIRECTION('',(0.E0,2.588190451025E-1,-9.659258262891E-1));
#1612=VECTOR('',#1611,1.149759975245E-1);
#1613=CARTESIAN_POINT('',(1.6E0,2.509659258263E0,-1.007411809549E0));
#1614=LINE('',#1613,#1612);
#1615=CARTESIAN_POINT('',(1.6E0,2.645669077044E0,-1.09E0));
#1616=DIRECTION('',(1.E0,0.E0,0.E0));
#1617=DIRECTION('',(0.E0,-9.659258262891E-1,-2.588190451025E-1));
#1618=AXIS2_PLACEMENT_3D('',#1615,#1616,#1617);
#1620=DIRECTION('',(0.E0,1.E0,0.E0));
#1621=VECTOR('',#1620,5.043309229563E-1);
#1622=CARTESIAN_POINT('',(1.6E0,2.645669077044E0,-1.2E0));
#1623=LINE('',#1622,#1621);
#1624=DIRECTION('',(0.E0,0.E0,1.E0));
#1625=VECTOR('',#1624,1.E-1);
#1626=CARTESIAN_POINT('',(1.6E0,3.15E0,-1.2E0));
#1627=LINE('',#1626,#1625);
#1628=DIRECTION('',(0.E0,-1.E0,0.E0));
#1629=VECTOR('',#1628,5.043309229563E-1);
#1630=CARTESIAN_POINT('',(1.6E0,3.15E0,-1.1E0));
#1631=LINE('',#1630,#1629);
#1632=CARTESIAN_POINT('',(1.6E0,2.645669077044E0,-1.09E0));
#1633=DIRECTION('',(-1.E0,0.E0,0.E0));
#1634=DIRECTION('',(0.E0,-8.881784197001E-14,-1.E0));
#1635=AXIS2_PLACEMENT_3D('',#1632,#1633,#1634);
#1637=DIRECTION('',(0.E0,-2.588190451025E-1,9.659258262891E-1));
#1638=VECTOR('',#1637,1.149759975245E-1);
#1639=CARTESIAN_POINT('',(1.6E0,2.636009818781E0,-1.092588190451E0));
#1640=LINE('',#1639,#1638);
#1641=CARTESIAN_POINT('',(1.6E0,2.5E0,-1.01E0));
#1642=DIRECTION('',(1.E0,0.E0,0.E0));
#1643=DIRECTION('',(0.E0,9.659258262891E-1,2.588190451025E-1));
#1644=AXIS2_PLACEMENT_3D('',#1641,#1642,#1643);
#1646=DIRECTION('',(0.E0,-1.E0,0.E0));
#1647=VECTOR('',#1646,5.E-2);
#1648=CARTESIAN_POINT('',(1.6E0,2.5E0,-9.E-1));
#1649=LINE('',#1648,#1647);
#1650=DIRECTION('',(0.E0,-1.E0,0.E0));
#1651=VECTOR('',#1650,5.E-2);
#1652=CARTESIAN_POINT('',(1.6E0,-2.45E0,-9.E-1));
#1653=LINE('',#1652,#1651);
#1654=CARTESIAN_POINT('',(1.6E0,-2.5E0,-1.01E0));
#1655=DIRECTION('',(1.E0,0.E0,0.E0));
#1656=DIRECTION('',(0.E0,0.E0,1.E0));
#1657=AXIS2_PLACEMENT_3D('',#1654,#1655,#1656);
#1659=DIRECTION('',(0.E0,-2.588190451025E-1,-9.659258262891E-1));
#1660=VECTOR('',#1659,1.149759975245E-1);
#1661=CARTESIAN_POINT('',(1.6E0,-2.606251840892E0,-9.815299050387E-1));
#1662=LINE('',#1661,#1660);
#1663=CARTESIAN_POINT('',(1.6E0,-2.645669077044E0,-1.09E0));
#1664=DIRECTION('',(-1.E0,0.E0,0.E0));
#1665=DIRECTION('',(0.E0,9.659258262891E-1,-2.588190451025E-1));
#1666=AXIS2_PLACEMENT_3D('',#1663,#1664,#1665);
#1668=DIRECTION('',(0.E0,-1.E0,0.E0));
#1669=VECTOR('',#1668,5.043309229563E-1);
#1670=CARTESIAN_POINT('',(1.6E0,-2.645669077044E0,-1.1E0));
#1671=LINE('',#1670,#1669);
#1672=DIRECTION('',(0.E0,0.E0,-1.E0));
#1673=VECTOR('',#1672,1.E-1);
#1674=CARTESIAN_POINT('',(1.6E0,-3.15E0,-1.1E0));
#1675=LINE('',#1674,#1673);
#1676=DIRECTION('',(0.E0,1.E0,0.E0));
#1677=VECTOR('',#1676,5.043309229563E-1);
#1678=CARTESIAN_POINT('',(1.6E0,-3.15E0,-1.2E0));
#1679=LINE('',#1678,#1677);
#1680=CARTESIAN_POINT('',(1.6E0,-2.645669077044E0,-1.09E0));
#1681=DIRECTION('',(1.E0,0.E0,0.E0));
#1682=DIRECTION('',(0.E0,0.E0,-1.E0));
#1683=AXIS2_PLACEMENT_3D('',#1680,#1681,#1682);
#1685=DIRECTION('',(0.E0,2.588190451025E-1,9.659258262891E-1));
#1686=VECTOR('',#1685,1.149759975245E-1);
#1687=CARTESIAN_POINT('',(1.6E0,-2.539417236152E0,-1.118470094961E0));
#1688=LINE('',#1687,#1686);
#1689=CARTESIAN_POINT('',(1.6E0,-2.5E0,-1.01E0));
#1690=DIRECTION('',(-1.E0,0.E0,0.E0));
#1691=DIRECTION('',(0.E0,-9.659258262891E-1,2.588190451025E-1));
#1692=AXIS2_PLACEMENT_3D('',#1689,#1690,#1691);
#1694=DIRECTION('',(0.E0,1.E0,0.E0));
#1695=VECTOR('',#1694,5.E-2);
#1696=CARTESIAN_POINT('',(1.6E0,-2.5E0,-1.E0));
#1697=LINE('',#1696,#1695);
#1698=DIRECTION('',(0.E0,-1.E0,0.E0));
#1699=VECTOR('',#1698,5.E-2);
#1700=CARTESIAN_POINT('',(2.1E0,2.5E0,-9.E-1));
#1701=LINE('',#1700,#1699);
#1702=CARTESIAN_POINT('',(2.1E0,2.5E0,-1.01E0));
#1703=DIRECTION('',(1.E0,0.E0,0.E0));
#1704=DIRECTION('',(0.E0,9.659258262891E-1,2.588190451025E-1));
#1705=AXIS2_PLACEMENT_3D('',#1702,#1703,#1704);
#1707=DIRECTION('',(0.E0,-2.588190451025E-1,9.659258262891E-1));
#1708=VECTOR('',#1707,1.149759975245E-1);
#1709=CARTESIAN_POINT('',(2.1E0,2.636009818781E0,-1.092588190451E0));
#1710=LINE('',#1709,#1708);
#1711=CARTESIAN_POINT('',(2.1E0,2.645669077044E0,-1.09E0));
#1712=DIRECTION('',(-1.E0,0.E0,0.E0));
#1713=DIRECTION('',(0.E0,-8.881784197001E-14,-1.E0));
#1714=AXIS2_PLACEMENT_3D('',#1711,#1712,#1713);
#1716=DIRECTION('',(0.E0,-1.E0,0.E0));
#1717=VECTOR('',#1716,5.043309229563E-1);
#1718=CARTESIAN_POINT('',(2.1E0,3.15E0,-1.1E0));
#1719=LINE('',#1718,#1717);
#1720=DIRECTION('',(0.E0,0.E0,1.E0));
#1721=VECTOR('',#1720,1.E-1);
#1722=CARTESIAN_POINT('',(2.1E0,3.15E0,-1.2E0));
#1723=LINE('',#1722,#1721);
#1724=DIRECTION('',(0.E0,1.E0,0.E0));
#1725=VECTOR('',#1724,5.043309229563E-1);
#1726=CARTESIAN_POINT('',(2.1E0,2.645669077044E0,-1.2E0));
#1727=LINE('',#1726,#1725);
#1728=CARTESIAN_POINT('',(2.1E0,2.645669077044E0,-1.09E0));
#1729=DIRECTION('',(1.E0,0.E0,0.E0));
#1730=DIRECTION('',(0.E0,-9.659258262891E-1,-2.588190451025E-1));
#1731=AXIS2_PLACEMENT_3D('',#1728,#1729,#1730);
#1733=DIRECTION('',(0.E0,2.588190451025E-1,-9.659258262891E-1));
#1734=VECTOR('',#1733,1.149759975245E-1);
#1735=CARTESIAN_POINT('',(2.1E0,2.509659258263E0,-1.007411809549E0));
#1736=LINE('',#1735,#1734);
#1737=CARTESIAN_POINT('',(2.1E0,2.5E0,-1.01E0));
#1738=DIRECTION('',(-1.E0,0.E0,0.E0));
#1739=DIRECTION('',(0.E0,4.440892098501E-14,1.E0));
#1740=AXIS2_PLACEMENT_3D('',#1737,#1738,#1739);
#1742=DIRECTION('',(0.E0,1.E0,0.E0));
#1743=VECTOR('',#1742,5.E-2);
#1744=CARTESIAN_POINT('',(2.1E0,2.45E0,-1.E0));
#1745=LINE('',#1744,#1743);
#1746=DIRECTION('',(0.E0,1.E0,0.E0));
#1747=VECTOR('',#1746,5.E-2);
#1748=CARTESIAN_POINT('',(2.1E0,-2.5E0,-1.E0));
#1749=LINE('',#1748,#1747);
#1750=CARTESIAN_POINT('',(2.1E0,-2.5E0,-1.01E0));
#1751=DIRECTION('',(-1.E0,0.E0,0.E0));
#1752=DIRECTION('',(0.E0,-9.659258262891E-1,2.588190451025E-1));
#1753=AXIS2_PLACEMENT_3D('',#1750,#1751,#1752);
#1755=DIRECTION('',(0.E0,2.588190451025E-1,9.659258262891E-1));
#1756=VECTOR('',#1755,1.149759975245E-1);
#1757=CARTESIAN_POINT('',(2.1E0,-2.539417236152E0,-1.118470094961E0));
#1758=LINE('',#1757,#1756);
#1759=CARTESIAN_POINT('',(2.1E0,-2.645669077044E0,-1.09E0));
#1760=DIRECTION('',(1.E0,0.E0,0.E0));
#1761=DIRECTION('',(0.E0,0.E0,-1.E0));
#1762=AXIS2_PLACEMENT_3D('',#1759,#1760,#1761);
#1764=DIRECTION('',(0.E0,1.E0,0.E0));
#1765=VECTOR('',#1764,5.043309229563E-1);
#1766=CARTESIAN_POINT('',(2.1E0,-3.15E0,-1.2E0));
#1767=LINE('',#1766,#1765);
#1768=DIRECTION('',(0.E0,0.E0,-1.E0));
#1769=VECTOR('',#1768,1.E-1);
#1770=CARTESIAN_POINT('',(2.1E0,-3.15E0,-1.1E0));
#1771=LINE('',#1770,#1769);
#1772=DIRECTION('',(0.E0,-1.E0,0.E0));
#1773=VECTOR('',#1772,5.043309229563E-1);
#1774=CARTESIAN_POINT('',(2.1E0,-2.645669077044E0,-1.1E0));
#1775=LINE('',#1774,#1773);
#1776=CARTESIAN_POINT('',(2.1E0,-2.645669077044E0,-1.09E0));
#1777=DIRECTION('',(-1.E0,0.E0,0.E0));
#1778=DIRECTION('',(0.E0,9.659258262891E-1,-2.588190451025E-1));
#1779=AXIS2_PLACEMENT_3D('',#1776,#1777,#1778);
#1781=DIRECTION('',(0.E0,-2.588190451025E-1,-9.659258262891E-1));
#1782=VECTOR('',#1781,1.149759975245E-1);
#1783=CARTESIAN_POINT('',(2.1E0,-2.606251840892E0,-9.815299050387E-1));
#1784=LINE('',#1783,#1782);
#1785=CARTESIAN_POINT('',(2.1E0,-2.5E0,-1.01E0));
#1786=DIRECTION('',(1.E0,0.E0,0.E0));
#1787=DIRECTION('',(0.E0,0.E0,1.E0));
#1788=AXIS2_PLACEMENT_3D('',#1785,#1786,#1787);
#1790=DIRECTION('',(0.E0,-1.E0,0.E0));
#1791=VECTOR('',#1790,5.E-2);
#1792=CARTESIAN_POINT('',(2.1E0,-2.45E0,-9.E-1));
#1793=LINE('',#1792,#1791);
#1794=DIRECTION('',(1.E0,0.E0,0.E0));
#1795=VECTOR('',#1794,5.E-1);
#1796=CARTESIAN_POINT('',(1.6E0,2.5E0,-9.E-1));
#1797=LINE('',#1796,#1795);
#1798=DIRECTION('',(1.E0,0.E0,0.E0));
#1799=VECTOR('',#1798,5.E-1);
#1800=CARTESIAN_POINT('',(1.6E0,2.606251840892E0,-9.815299050387E-1));
#1801=LINE('',#1800,#1799);
#1802=DIRECTION('',(1.E0,0.E0,0.E0));
#1803=VECTOR('',#1802,5.E-1);
#1804=CARTESIAN_POINT('',(1.6E0,2.636009818781E0,-1.092588190451E0));
#1805=LINE('',#1804,#1803);
#1806=DIRECTION('',(1.E0,0.E0,0.E0));
#1807=VECTOR('',#1806,5.E-1);
#1808=CARTESIAN_POINT('',(1.6E0,2.645669077044E0,-1.1E0));
#1809=LINE('',#1808,#1807);
#1810=DIRECTION('',(1.E0,0.E0,0.E0));
#1811=VECTOR('',#1810,5.E-1);
#1812=CARTESIAN_POINT('',(1.6E0,3.15E0,-1.1E0));
#1813=LINE('',#1812,#1811);
#1814=DIRECTION('',(1.E0,0.E0,0.E0));
#1815=VECTOR('',#1814,5.E-1);
#1816=CARTESIAN_POINT('',(1.6E0,3.15E0,-1.2E0));
#1817=LINE('',#1816,#1815);
#1818=DIRECTION('',(1.E0,0.E0,0.E0));
#1819=VECTOR('',#1818,5.E-1);
#1820=CARTESIAN_POINT('',(1.6E0,2.645669077044E0,-1.2E0));
#1821=LINE('',#1820,#1819);
#1822=DIRECTION('',(1.E0,0.E0,0.E0));
#1823=VECTOR('',#1822,5.E-1);
#1824=CARTESIAN_POINT('',(1.6E0,2.539417236152E0,-1.118470094961E0));
#1825=LINE('',#1824,#1823);
#1826=DIRECTION('',(1.E0,0.E0,0.E0));
#1827=VECTOR('',#1826,5.E-1);
#1828=CARTESIAN_POINT('',(1.6E0,2.509659258263E0,-1.007411809549E0));
#1829=LINE('',#1828,#1827);
#1830=DIRECTION('',(1.E0,0.E0,0.E0));
#1831=VECTOR('',#1830,5.E-1);
#1832=CARTESIAN_POINT('',(1.6E0,2.5E0,-1.E0));
#1833=LINE('',#1832,#1831);
#1834=DIRECTION('',(1.E0,0.E0,0.E0));
#1835=VECTOR('',#1834,5.E-1);
#1836=CARTESIAN_POINT('',(1.6E0,-2.5E0,-1.E0));
#1837=LINE('',#1836,#1835);
#1838=DIRECTION('',(1.E0,0.E0,0.E0));
#1839=VECTOR('',#1838,5.E-1);
#1840=CARTESIAN_POINT('',(1.6E0,-2.509659258263E0,-1.007411809549E0));
#1841=LINE('',#1840,#1839);
#1842=DIRECTION('',(1.E0,0.E0,0.E0));
#1843=VECTOR('',#1842,5.E-1);
#1844=CARTESIAN_POINT('',(1.6E0,-2.539417236152E0,-1.118470094961E0));
#1845=LINE('',#1844,#1843);
#1846=DIRECTION('',(1.E0,0.E0,0.E0));
#1847=VECTOR('',#1846,5.E-1);
#1848=CARTESIAN_POINT('',(1.6E0,-2.645669077044E0,-1.2E0));
#1849=LINE('',#1848,#1847);
#1850=DIRECTION('',(1.E0,0.E0,0.E0));
#1851=VECTOR('',#1850,5.E-1);
#1852=CARTESIAN_POINT('',(1.6E0,-3.15E0,-1.2E0));
#1853=LINE('',#1852,#1851);
#1854=DIRECTION('',(1.E0,0.E0,0.E0));
#1855=VECTOR('',#1854,5.E-1);
#1856=CARTESIAN_POINT('',(1.6E0,-3.15E0,-1.1E0));
#1857=LINE('',#1856,#1855);
#1858=DIRECTION('',(1.E0,0.E0,0.E0));
#1859=VECTOR('',#1858,5.E-1);
#1860=CARTESIAN_POINT('',(1.6E0,-2.645669077044E0,-1.1E0));
#1861=LINE('',#1860,#1859);
#1862=DIRECTION('',(1.E0,0.E0,0.E0));
#1863=VECTOR('',#1862,5.E-1);
#1864=CARTESIAN_POINT('',(1.6E0,-2.636009818781E0,-1.092588190451E0));
#1865=LINE('',#1864,#1863);
#1866=DIRECTION('',(1.E0,0.E0,0.E0));
#1867=VECTOR('',#1866,5.E-1);
#1868=CARTESIAN_POINT('',(1.6E0,-2.606251840892E0,-9.815299050387E-1));
#1869=LINE('',#1868,#1867);
#1870=DIRECTION('',(1.E0,0.E0,0.E0));
#1871=VECTOR('',#1870,5.E-1);
#1872=CARTESIAN_POINT('',(1.6E0,-2.5E0,-9.E-1));
#1873=LINE('',#1872,#1871);
#1874=DIRECTION('',(0.E0,1.E0,0.E0));
#1875=VECTOR('',#1874,5.E-2);
#1876=CARTESIAN_POINT('',(-2.1E0,2.45E0,-1.E0));
#1877=LINE('',#1876,#1875);
#1878=CARTESIAN_POINT('',(-2.1E0,2.5E0,-1.01E0));
#1879=DIRECTION('',(-1.E0,0.E0,0.E0));
#1880=DIRECTION('',(0.E0,4.440892098501E-14,1.E0));
#1881=AXIS2_PLACEMENT_3D('',#1878,#1879,#1880);
#1883=DIRECTION('',(0.E0,2.588190451025E-1,-9.659258262891E-1));
#1884=VECTOR('',#1883,1.149759975245E-1);
#1885=CARTESIAN_POINT('',(-2.1E0,2.509659258263E0,-1.007411809549E0));
#1886=LINE('',#1885,#1884);
#1887=CARTESIAN_POINT('',(-2.1E0,2.645669077044E0,-1.09E0));
#1888=DIRECTION('',(1.E0,0.E0,0.E0));
#1889=DIRECTION('',(0.E0,-9.659258262891E-1,-2.588190451025E-1));
#1890=AXIS2_PLACEMENT_3D('',#1887,#1888,#1889);
#1892=DIRECTION('',(0.E0,1.E0,0.E0));
#1893=VECTOR('',#1892,5.043309229563E-1);
#1894=CARTESIAN_POINT('',(-2.1E0,2.645669077044E0,-1.2E0));
#1895=LINE('',#1894,#1893);
#1896=DIRECTION('',(0.E0,0.E0,1.E0));
#1897=VECTOR('',#1896,1.E-1);
#1898=CARTESIAN_POINT('',(-2.1E0,3.15E0,-1.2E0));
#1899=LINE('',#1898,#1897);
#1900=DIRECTION('',(0.E0,-1.E0,0.E0));
#1901=VECTOR('',#1900,5.043309229563E-1);
#1902=CARTESIAN_POINT('',(-2.1E0,3.15E0,-1.1E0));
#1903=LINE('',#1902,#1901);
#1904=CARTESIAN_POINT('',(-2.1E0,2.645669077044E0,-1.09E0));
#1905=DIRECTION('',(-1.E0,0.E0,0.E0));
#1906=DIRECTION('',(0.E0,-8.881784197001E-14,-1.E0));
#1907=AXIS2_PLACEMENT_3D('',#1904,#1905,#1906);
#1909=DIRECTION('',(0.E0,-2.588190451025E-1,9.659258262891E-1));
#1910=VECTOR('',#1909,1.149759975245E-1);
#1911=CARTESIAN_POINT('',(-2.1E0,2.636009818781E0,-1.092588190451E0));
#1912=LINE('',#1911,#1910);
#1913=CARTESIAN_POINT('',(-2.1E0,2.5E0,-1.01E0));
#1914=DIRECTION('',(1.E0,0.E0,0.E0));
#1915=DIRECTION('',(0.E0,9.659258262891E-1,2.588190451025E-1));
#1916=AXIS2_PLACEMENT_3D('',#1913,#1914,#1915);
#1918=DIRECTION('',(0.E0,-1.E0,0.E0));
#1919=VECTOR('',#1918,5.E-2);
#1920=CARTESIAN_POINT('',(-2.1E0,2.5E0,-9.E-1));
#1921=LINE('',#1920,#1919);
#1922=DIRECTION('',(0.E0,-1.E0,0.E0));
#1923=VECTOR('',#1922,5.E-2);
#1924=CARTESIAN_POINT('',(-2.1E0,-2.45E0,-9.E-1));
#1925=LINE('',#1924,#1923);
#1926=CARTESIAN_POINT('',(-2.1E0,-2.5E0,-1.01E0));
#1927=DIRECTION('',(1.E0,0.E0,0.E0));
#1928=DIRECTION('',(0.E0,0.E0,1.E0));
#1929=AXIS2_PLACEMENT_3D('',#1926,#1927,#1928);
#1931=DIRECTION('',(0.E0,-2.588190451025E-1,-9.659258262891E-1));
#1932=VECTOR('',#1931,1.149759975245E-1);
#1933=CARTESIAN_POINT('',(-2.1E0,-2.606251840892E0,-9.815299050387E-1));
#1934=LINE('',#1933,#1932);
#1935=CARTESIAN_POINT('',(-2.1E0,-2.645669077044E0,-1.09E0));
#1936=DIRECTION('',(-1.E0,0.E0,0.E0));
#1937=DIRECTION('',(0.E0,9.659258262891E-1,-2.588190451025E-1));
#1938=AXIS2_PLACEMENT_3D('',#1935,#1936,#1937);
#1940=DIRECTION('',(0.E0,-1.E0,0.E0));
#1941=VECTOR('',#1940,5.043309229563E-1);
#1942=CARTESIAN_POINT('',(-2.1E0,-2.645669077044E0,-1.1E0));
#1943=LINE('',#1942,#1941);
#1944=DIRECTION('',(0.E0,0.E0,-1.E0));
#1945=VECTOR('',#1944,1.E-1);
#1946=CARTESIAN_POINT('',(-2.1E0,-3.15E0,-1.1E0));
#1947=LINE('',#1946,#1945);
#1948=DIRECTION('',(0.E0,1.E0,0.E0));
#1949=VECTOR('',#1948,5.043309229563E-1);
#1950=CARTESIAN_POINT('',(-2.1E0,-3.15E0,-1.2E0));
#1951=LINE('',#1950,#1949);
#1952=CARTESIAN_POINT('',(-2.1E0,-2.645669077044E0,-1.09E0));
#1953=DIRECTION('',(1.E0,0.E0,0.E0));
#1954=DIRECTION('',(0.E0,0.E0,-1.E0));
#1955=AXIS2_PLACEMENT_3D('',#1952,#1953,#1954);
#1957=DIRECTION('',(0.E0,2.588190451025E-1,9.659258262891E-1));
#1958=VECTOR('',#1957,1.149759975245E-1);
#1959=CARTESIAN_POINT('',(-2.1E0,-2.539417236152E0,-1.118470094961E0));
#1960=LINE('',#1959,#1958);
#1961=CARTESIAN_POINT('',(-2.1E0,-2.5E0,-1.01E0));
#1962=DIRECTION('',(-1.E0,0.E0,0.E0));
#1963=DIRECTION('',(0.E0,-9.659258262891E-1,2.588190451025E-1));
#1964=AXIS2_PLACEMENT_3D('',#1961,#1962,#1963);
#1966=DIRECTION('',(0.E0,1.E0,0.E0));
#1967=VECTOR('',#1966,5.E-2);
#1968=CARTESIAN_POINT('',(-2.1E0,-2.5E0,-1.E0));
#1969=LINE('',#1968,#1967);
#1970=DIRECTION('',(0.E0,-1.E0,0.E0));
#1971=VECTOR('',#1970,5.E-2);
#1972=CARTESIAN_POINT('',(-1.6E0,2.5E0,-9.E-1));
#1973=LINE('',#1972,#1971);
#1974=CARTESIAN_POINT('',(-1.6E0,2.5E0,-1.01E0));
#1975=DIRECTION('',(1.E0,0.E0,0.E0));
#1976=DIRECTION('',(0.E0,9.659258262891E-1,2.588190451025E-1));
#1977=AXIS2_PLACEMENT_3D('',#1974,#1975,#1976);
#1979=DIRECTION('',(0.E0,-2.588190451025E-1,9.659258262891E-1));
#1980=VECTOR('',#1979,1.149759975245E-1);
#1981=CARTESIAN_POINT('',(-1.6E0,2.636009818781E0,-1.092588190451E0));
#1982=LINE('',#1981,#1980);
#1983=CARTESIAN_POINT('',(-1.6E0,2.645669077044E0,-1.09E0));
#1984=DIRECTION('',(-1.E0,0.E0,0.E0));
#1985=DIRECTION('',(0.E0,-8.881784197001E-14,-1.E0));
#1986=AXIS2_PLACEMENT_3D('',#1983,#1984,#1985);
#1988=DIRECTION('',(0.E0,-1.E0,0.E0));
#1989=VECTOR('',#1988,5.043309229563E-1);
#1990=CARTESIAN_POINT('',(-1.6E0,3.15E0,-1.1E0));
#1991=LINE('',#1990,#1989);
#1992=DIRECTION('',(0.E0,0.E0,1.E0));
#1993=VECTOR('',#1992,1.E-1);
#1994=CARTESIAN_POINT('',(-1.6E0,3.15E0,-1.2E0));
#1995=LINE('',#1994,#1993);
#1996=DIRECTION('',(0.E0,1.E0,0.E0));
#1997=VECTOR('',#1996,5.043309229563E-1);
#1998=CARTESIAN_POINT('',(-1.6E0,2.645669077044E0,-1.2E0));
#1999=LINE('',#1998,#1997);
#2000=CARTESIAN_POINT('',(-1.6E0,2.645669077044E0,-1.09E0));
#2001=DIRECTION('',(1.E0,0.E0,0.E0));
#2002=DIRECTION('',(0.E0,-9.659258262891E-1,-2.588190451025E-1));
#2003=AXIS2_PLACEMENT_3D('',#2000,#2001,#2002);
#2005=DIRECTION('',(0.E0,2.588190451025E-1,-9.659258262891E-1));
#2006=VECTOR('',#2005,1.149759975245E-1);
#2007=CARTESIAN_POINT('',(-1.6E0,2.509659258263E0,-1.007411809549E0));
#2008=LINE('',#2007,#2006);
#2009=CARTESIAN_POINT('',(-1.6E0,2.5E0,-1.01E0));
#2010=DIRECTION('',(-1.E0,0.E0,0.E0));
#2011=DIRECTION('',(0.E0,4.440892098501E-14,1.E0));
#2012=AXIS2_PLACEMENT_3D('',#2009,#2010,#2011);
#2014=DIRECTION('',(0.E0,1.E0,0.E0));
#2015=VECTOR('',#2014,5.E-2);
#2016=CARTESIAN_POINT('',(-1.6E0,2.45E0,-1.E0));
#2017=LINE('',#2016,#2015);
#2018=DIRECTION('',(0.E0,1.E0,0.E0));
#2019=VECTOR('',#2018,5.E-2);
#2020=CARTESIAN_POINT('',(-1.6E0,-2.5E0,-1.E0));
#2021=LINE('',#2020,#2019);
#2022=CARTESIAN_POINT('',(-1.6E0,-2.5E0,-1.01E0));
#2023=DIRECTION('',(-1.E0,0.E0,0.E0));
#2024=DIRECTION('',(0.E0,-9.659258262891E-1,2.588190451025E-1));
#2025=AXIS2_PLACEMENT_3D('',#2022,#2023,#2024);
#2027=DIRECTION('',(0.E0,2.588190451025E-1,9.659258262891E-1));
#2028=VECTOR('',#2027,1.149759975245E-1);
#2029=CARTESIAN_POINT('',(-1.6E0,-2.539417236152E0,-1.118470094961E0));
#2030=LINE('',#2029,#2028);
#2031=CARTESIAN_POINT('',(-1.6E0,-2.645669077044E0,-1.09E0));
#2032=DIRECTION('',(1.E0,0.E0,0.E0));
#2033=DIRECTION('',(0.E0,0.E0,-1.E0));
#2034=AXIS2_PLACEMENT_3D('',#2031,#2032,#2033);
#2036=DIRECTION('',(0.E0,1.E0,0.E0));
#2037=VECTOR('',#2036,5.043309229563E-1);
#2038=CARTESIAN_POINT('',(-1.6E0,-3.15E0,-1.2E0));
#2039=LINE('',#2038,#2037);
#2040=DIRECTION('',(0.E0,0.E0,-1.E0));
#2041=VECTOR('',#2040,1.E-1);
#2042=CARTESIAN_POINT('',(-1.6E0,-3.15E0,-1.1E0));
#2043=LINE('',#2042,#2041);
#2044=DIRECTION('',(0.E0,-1.E0,0.E0));
#2045=VECTOR('',#2044,5.043309229563E-1);
#2046=CARTESIAN_POINT('',(-1.6E0,-2.645669077044E0,-1.1E0));
#2047=LINE('',#2046,#2045);
#2048=CARTESIAN_POINT('',(-1.6E0,-2.645669077044E0,-1.09E0));
#2049=DIRECTION('',(-1.E0,0.E0,0.E0));
#2050=DIRECTION('',(0.E0,9.659258262891E-1,-2.588190451025E-1));
#2051=AXIS2_PLACEMENT_3D('',#2048,#2049,#2050);
#2053=DIRECTION('',(0.E0,-2.588190451025E-1,-9.659258262891E-1));
#2054=VECTOR('',#2053,1.149759975245E-1);
#2055=CARTESIAN_POINT('',(-1.6E0,-2.606251840892E0,-9.815299050387E-1));
#2056=LINE('',#2055,#2054);
#2057=CARTESIAN_POINT('',(-1.6E0,-2.5E0,-1.01E0));
#2058=DIRECTION('',(1.E0,0.E0,0.E0));
#2059=DIRECTION('',(0.E0,0.E0,1.E0));
#2060=AXIS2_PLACEMENT_3D('',#2057,#2058,#2059);
#2062=DIRECTION('',(0.E0,-1.E0,0.E0));
#2063=VECTOR('',#2062,5.E-2);
#2064=CARTESIAN_POINT('',(-1.6E0,-2.45E0,-9.E-1));
#2065=LINE('',#2064,#2063);
#2066=DIRECTION('',(1.E0,0.E0,0.E0));
#2067=VECTOR('',#2066,5.E-1);
#2068=CARTESIAN_POINT('',(-2.1E0,2.5E0,-9.E-1));
#2069=LINE('',#2068,#2067);
#2070=DIRECTION('',(1.E0,0.E0,0.E0));
#2071=VECTOR('',#2070,5.E-1);
#2072=CARTESIAN_POINT('',(-2.1E0,2.606251840892E0,-9.815299050387E-1));
#2073=LINE('',#2072,#2071);
#2074=DIRECTION('',(1.E0,0.E0,0.E0));
#2075=VECTOR('',#2074,5.E-1);
#2076=CARTESIAN_POINT('',(-2.1E0,2.636009818781E0,-1.092588190451E0));
#2077=LINE('',#2076,#2075);
#2078=DIRECTION('',(1.E0,0.E0,0.E0));
#2079=VECTOR('',#2078,5.E-1);
#2080=CARTESIAN_POINT('',(-2.1E0,2.645669077044E0,-1.1E0));
#2081=LINE('',#2080,#2079);
#2082=DIRECTION('',(1.E0,0.E0,0.E0));
#2083=VECTOR('',#2082,5.E-1);
#2084=CARTESIAN_POINT('',(-2.1E0,3.15E0,-1.1E0));
#2085=LINE('',#2084,#2083);
#2086=DIRECTION('',(1.E0,0.E0,0.E0));
#2087=VECTOR('',#2086,5.E-1);
#2088=CARTESIAN_POINT('',(-2.1E0,3.15E0,-1.2E0));
#2089=LINE('',#2088,#2087);
#2090=DIRECTION('',(1.E0,0.E0,0.E0));
#2091=VECTOR('',#2090,5.E-1);
#2092=CARTESIAN_POINT('',(-2.1E0,2.645669077044E0,-1.2E0));
#2093=LINE('',#2092,#2091);
#2094=DIRECTION('',(1.E0,0.E0,0.E0));
#2095=VECTOR('',#2094,5.E-1);
#2096=CARTESIAN_POINT('',(-2.1E0,2.539417236152E0,-1.118470094961E0));
#2097=LINE('',#2096,#2095);
#2098=DIRECTION('',(1.E0,0.E0,0.E0));
#2099=VECTOR('',#2098,5.E-1);
#2100=CARTESIAN_POINT('',(-2.1E0,2.509659258263E0,-1.007411809549E0));
#2101=LINE('',#2100,#2099);
#2102=DIRECTION('',(1.E0,0.E0,0.E0));
#2103=VECTOR('',#2102,5.E-1);
#2104=CARTESIAN_POINT('',(-2.1E0,2.5E0,-1.E0));
#2105=LINE('',#2104,#2103);
#2106=DIRECTION('',(1.E0,0.E0,0.E0));
#2107=VECTOR('',#2106,5.E-1);
#2108=CARTESIAN_POINT('',(-2.1E0,-2.5E0,-1.E0));
#2109=LINE('',#2108,#2107);
#2110=DIRECTION('',(1.E0,0.E0,0.E0));
#2111=VECTOR('',#2110,5.E-1);
#2112=CARTESIAN_POINT('',(-2.1E0,-2.509659258263E0,-1.007411809549E0));
#2113=LINE('',#2112,#2111);
#2114=DIRECTION('',(1.E0,0.E0,0.E0));
#2115=VECTOR('',#2114,5.E-1);
#2116=CARTESIAN_POINT('',(-2.1E0,-2.539417236152E0,-1.118470094961E0));
#2117=LINE('',#2116,#2115);
#2118=DIRECTION('',(1.E0,0.E0,0.E0));
#2119=VECTOR('',#2118,5.E-1);
#2120=CARTESIAN_POINT('',(-2.1E0,-2.645669077044E0,-1.2E0));
#2121=LINE('',#2120,#2119);
#2122=DIRECTION('',(1.E0,0.E0,0.E0));
#2123=VECTOR('',#2122,5.E-1);
#2124=CARTESIAN_POINT('',(-2.1E0,-3.15E0,-1.2E0));
#2125=LINE('',#2124,#2123);
#2126=DIRECTION('',(1.E0,0.E0,0.E0));
#2127=VECTOR('',#2126,5.E-1);
#2128=CARTESIAN_POINT('',(-2.1E0,-3.15E0,-1.1E0));
#2129=LINE('',#2128,#2127);
#2130=DIRECTION('',(1.E0,0.E0,0.E0));
#2131=VECTOR('',#2130,5.E-1);
#2132=CARTESIAN_POINT('',(-2.1E0,-2.645669077044E0,-1.1E0));
#2133=LINE('',#2132,#2131);
#2134=DIRECTION('',(1.E0,0.E0,0.E0));
#2135=VECTOR('',#2134,5.E-1);
#2136=CARTESIAN_POINT('',(-2.1E0,-2.636009818781E0,-1.092588190451E0));
#2137=LINE('',#2136,#2135);
#2138=DIRECTION('',(1.E0,0.E0,0.E0));
#2139=VECTOR('',#2138,5.E-1);
#2140=CARTESIAN_POINT('',(-2.1E0,-2.606251840892E0,-9.815299050387E-1));
#2141=LINE('',#2140,#2139);
#2142=DIRECTION('',(1.E0,0.E0,0.E0));
#2143=VECTOR('',#2142,5.E-1);
#2144=CARTESIAN_POINT('',(-2.1E0,-2.5E0,-9.E-1));
#2145=LINE('',#2144,#2143);
#2146=DIRECTION('',(0.E0,0.E0,1.E0));
#2147=VECTOR('',#2146,1.E-1);
#2148=CARTESIAN_POINT('',(-1.9E0,2.4E0,-5.E-1));
#2149=LINE('',#2148,#2147);
#2150=DIRECTION('',(0.E0,0.E0,1.E0));
#2151=VECTOR('',#2150,1.2E-1);
#2152=CARTESIAN_POINT('',(-2.45E0,-1.085533906E0,-6.2E-1));
#2153=LINE('',#2152,#2151);
#2154=DIRECTION('',(0.E0,0.E0,1.E0));
#2155=VECTOR('',#2154,1.E-1);
#2156=CARTESIAN_POINT('',(-2.4E0,-1.9E0,-5.E-1));
#2157=LINE('',#2156,#2155);
#2158=DIRECTION('',(0.E0,1.E0,0.E0));
#2159=VECTOR('',#2158,2.5E0);
#2160=CARTESIAN_POINT('',(-2.6E0,-1.25E0,-5.5E-1));
#2161=LINE('',#2160,#2159);
#2162=CARTESIAN_POINT('',(1.096990754794E0,-1.723486734773E0,
2.978266545421E-10));
#2163=CARTESIAN_POINT('',(1.104109814428E0,-1.749140260690E0,
-6.302612200639E-2));
#2164=CARTESIAN_POINT('',(1.118617008519E0,-1.801913421967E0,
-1.927167666464E-1));
#2165=CARTESIAN_POINT('',(1.133632210216E0,-1.857619928170E0,
-3.296907172055E-1));
#2166=CARTESIAN_POINT('',(1.141259489973E0,-1.886206841634E0,
-3.999999993169E-1));
#2168=CARTESIAN_POINT('',(1.723486408611E0,-1.096990777841E0,
5.956595402109E-11));
#2169=CARTESIAN_POINT('',(1.739892748786E0,-1.101543651097E0,
-4.030743315282E-2));
#2170=CARTESIAN_POINT('',(1.773810382939E0,-1.110898962807E0,
-1.236520905564E-1));
#2171=CARTESIAN_POINT('',(1.827152799771E0,-1.125427029053E0,
-2.547758257758E-1));
#2172=CARTESIAN_POINT('',(1.866058767218E0,-1.135883837352E0,
-3.504467743064E-1));
#2173=CARTESIAN_POINT('',(1.886206512217E0,-1.141259471523E0,
-3.999999999137E-1));
#2175=CARTESIAN_POINT('',(1.141259489973E0,-1.886206841634E0,
-3.999999993169E-1));
#2176=CARTESIAN_POINT('',(1.133865412889E0,-1.890680667820E0,
-3.999999993169E-1));
#2177=CARTESIAN_POINT('',(1.118414892487E0,-1.897278100629E0,
-4.000000003415E-1));
#2178=CARTESIAN_POINT('',(1.101844214116E0,-1.899597352081E0,-4.E-1));
#2179=CARTESIAN_POINT('',(1.093261701556E0,-1.89959735E0,-4.E-1));
#2181=CARTESIAN_POINT('',(1.047205183615E0,-1.737986859666E0,0.E0));
#2182=CARTESIAN_POINT('',(1.054621622885E0,-1.763450822183E0,
-6.302551886109E-2));
#2183=CARTESIAN_POINT('',(1.069725118992E0,-1.815849413257E0,
-1.927165827659E-1));
#2184=CARTESIAN_POINT('',(1.085336784419E0,-1.871190716066E0,-3.296911138E-1));
#2185=CARTESIAN_POINT('',(1.093261701556E0,-1.89959735E0,-4.E-1));
#2187=CARTESIAN_POINT('',(-1.047205183615E0,-1.737986859666E0,0.E0));
#2188=CARTESIAN_POINT('',(-1.051947917673E0,-1.754270842660E0,
-4.030427223043E-2));
#2189=CARTESIAN_POINT('',(-1.061689750866E0,-1.787943266665E0,
-1.236464462067E-1));
#2190=CARTESIAN_POINT('',(-1.076808395611E0,-1.840931011466E0,
-2.547957167559E-1));
#2191=CARTESIAN_POINT('',(-1.087677350353E0,-1.879580461894E0,
-3.504564634021E-1));
#2192=CARTESIAN_POINT('',(-1.093261701556E0,-1.89959735E0,-4.E-1));
#2194=CARTESIAN_POINT('',(-1.093261701556E0,-1.89959735E0,-4.E-1));
#2195=CARTESIAN_POINT('',(-1.101867390449E0,-1.899597350284E0,-4.E-1));
#2196=CARTESIAN_POINT('',(-1.118462843612E0,-1.897264738038E0,
-4.000000000464E-1));
#2197=CARTESIAN_POINT('',(-1.133885245803E0,-1.890668665605E0,
-3.999999999072E-1));
#2198=CARTESIAN_POINT('',(-1.141259485346E0,-1.886206840213E0,
-3.999999999072E-1));
#2200=CARTESIAN_POINT('',(-1.723486408617E0,-1.096990780837E0,
2.930602728083E-10));
#2201=CARTESIAN_POINT('',(-1.749144506155E0,-1.104111102590E0,
-6.303735430828E-2));
#2202=CARTESIAN_POINT('',(-1.801922240559E0,-1.118619503859E0,
-1.927392483905E-1));
#2203=CARTESIAN_POINT('',(-1.857624174249E0,-1.133633423675E0,
-3.297019665366E-1));
#2204=CARTESIAN_POINT('',(-1.886206513621E0,-1.141259476094E0,
-3.999999993306E-1));
#2206=CARTESIAN_POINT('',(-1.096990751691E0,-1.723486734767E0,
5.591705339499E-11));
#2207=CARTESIAN_POINT('',(-1.101543330486E0,-1.739892000032E0,
-4.030479165922E-2));
#2208=CARTESIAN_POINT('',(-1.110898304296E0,-1.773808325278E0,
-1.236462281635E-1));
#2209=CARTESIAN_POINT('',(-1.125429279382E0,-1.827161426788E0,
-2.547962301976E-1));
#2210=CARTESIAN_POINT('',(-1.135884810038E0,-1.866062706199E0,
-3.504556561147E-1));
#2211=CARTESIAN_POINT('',(-1.141259485346E0,-1.886206840213E0,
-3.999999999072E-1));
#2213=CARTESIAN_POINT('',(-1.886206513621E0,-1.141259476094E0,
-3.999999993306E-1));
#2214=CARTESIAN_POINT('',(-1.890680332423E0,-1.133865403624E0,
-3.999999993306E-1));
#2215=CARTESIAN_POINT('',(-1.897277754429E0,-1.118414893870E0,
-4.000000003347E-1));
#2216=CARTESIAN_POINT('',(-1.899597002040E0,-1.101844229185E0,-4.E-1));
#2217=CARTESIAN_POINT('',(-1.899597E0,-1.093261724177E0,-4.E-1));
#2219=CARTESIAN_POINT('',(-1.737986509666E0,1.047205247180E0,0.E0));
#2220=CARTESIAN_POINT('',(-1.754271564020E0,1.051948289280E0,
-4.030692393992E-2));
#2221=CARTESIAN_POINT('',(-1.787945293218E0,1.061690474614E0,
-1.236523283825E-1));
#2222=CARTESIAN_POINT('',(-1.840922425574E0,1.076806093900E0,
-2.547753322091E-1));
#2223=CARTESIAN_POINT('',(-1.879576528344E0,1.087676377996E0,
-3.504475938045E-1));
#2224=CARTESIAN_POINT('',(-1.899597E0,1.093261724177E0,-4.E-1));
#2226=CARTESIAN_POINT('',(-1.737986509666E0,-1.047205247180E0,0.E0));
#2227=CARTESIAN_POINT('',(-1.763455026631E0,-1.054623006137E0,
-6.303679151708E-2));
#2228=CARTESIAN_POINT('',(-1.815858174449E0,-1.069727759588E0,
-1.927391337574E-1));
#2229=CARTESIAN_POINT('',(-1.871194922715E0,-1.085338085445E0,
-3.297023919013E-1));
#2230=CARTESIAN_POINT('',(-1.899597E0,-1.093261724177E0,-4.E-1));
#2232=CARTESIAN_POINT('',(-1.899597E0,1.093261724177E0,-4.E-1));
#2233=CARTESIAN_POINT('',(-1.899597000264E0,1.101867405502E0,-4.E-1));
#2234=CARTESIAN_POINT('',(-1.897264391952E0,1.118462845019E0,
-4.000000000431E-1));
#2235=CARTESIAN_POINT('',(-1.890668330261E0,1.133885236521E0,
-3.999999999137E-1));
#2236=CARTESIAN_POINT('',(-1.886206512217E0,1.141259471523E0,
-3.999999999137E-1));
#2238=CARTESIAN_POINT('',(-1.096990754794E0,1.723486734773E0,
2.978267123662E-10));
#2239=CARTESIAN_POINT('',(-1.104109814428E0,1.749140260690E0,
-6.302612200654E-2));
#2240=CARTESIAN_POINT('',(-1.118617008519E0,1.801913421967E0,
-1.927167666467E-1));
#2241=CARTESIAN_POINT('',(-1.133632210216E0,1.857619928170E0,
-3.296907172056E-1));
#2242=CARTESIAN_POINT('',(-1.141259489973E0,1.886206841634E0,
-3.999999993169E-1));
#2244=CARTESIAN_POINT('',(-1.723486408611E0,1.096990777841E0,
5.956565102272E-11));
#2245=CARTESIAN_POINT('',(-1.739892748788E0,1.101543651098E0,
-4.030743315611E-2));
#2246=CARTESIAN_POINT('',(-1.773810382942E0,1.110898962808E0,
-1.236520905640E-1));
#2247=CARTESIAN_POINT('',(-1.827152799772E0,1.125427029053E0,
-2.547758257792E-1));
#2248=CARTESIAN_POINT('',(-1.866058767219E0,1.135883837352E0,
-3.504467743079E-1));
#2249=CARTESIAN_POINT('',(-1.886206512217E0,1.141259471523E0,
-3.999999999137E-1));
#2251=CARTESIAN_POINT('',(-1.141259489973E0,1.886206841634E0,
-3.999999993169E-1));
#2252=CARTESIAN_POINT('',(-1.133865412889E0,1.890680667820E0,
-3.999999993169E-1));
#2253=CARTESIAN_POINT('',(-1.118414892487E0,1.897278100629E0,
-4.000000003415E-1));
#2254=CARTESIAN_POINT('',(-1.101844214116E0,1.899597352081E0,-4.E-1));
#2255=CARTESIAN_POINT('',(-1.093261701556E0,1.89959735E0,-4.E-1));
#2257=CARTESIAN_POINT('',(1.047205183615E0,1.737986859666E0,0.E0));
#2258=CARTESIAN_POINT('',(1.051947917673E0,1.754270842660E0,
-4.030427222983E-2));
#2259=CARTESIAN_POINT('',(1.061689750866E0,1.787943266664E0,
-1.236464462053E-1));
#2260=CARTESIAN_POINT('',(1.076808395611E0,1.840931011466E0,
-2.547957167552E-1));
#2261=CARTESIAN_POINT('',(1.087677350353E0,1.879580461894E0,
-3.504564634018E-1));
#2262=CARTESIAN_POINT('',(1.093261701556E0,1.89959735E0,-4.E-1));
#2264=CARTESIAN_POINT('',(-1.047205183615E0,1.737986859666E0,0.E0));
#2265=CARTESIAN_POINT('',(-1.054621622885E0,1.763450822183E0,
-6.302551886124E-2));
#2266=CARTESIAN_POINT('',(-1.069725118992E0,1.815849413257E0,
-1.927165827662E-1));
#2267=CARTESIAN_POINT('',(-1.085336784419E0,1.871190716066E0,
-3.296911138002E-1));
#2268=CARTESIAN_POINT('',(-1.093261701556E0,1.89959735E0,-4.E-1));
#2270=CARTESIAN_POINT('',(1.093261701556E0,1.89959735E0,-4.E-1));
#2271=CARTESIAN_POINT('',(1.101867390449E0,1.899597350284E0,-4.E-1));
#2272=CARTESIAN_POINT('',(1.118462843612E0,1.897264738038E0,
-4.000000000464E-1));
#2273=CARTESIAN_POINT('',(1.133885245803E0,1.890668665605E0,
-3.999999999072E-1));
#2274=CARTESIAN_POINT('',(1.141259485346E0,1.886206840213E0,
-3.999999999072E-1));
#2276=CARTESIAN_POINT('',(1.723486408617E0,1.096990780837E0,
2.930602404268E-10));
#2277=CARTESIAN_POINT('',(1.749144506155E0,1.104111102590E0,
-6.303735430797E-2));
#2278=CARTESIAN_POINT('',(1.801922240559E0,1.118619503859E0,
-1.927392483899E-1));
#2279=CARTESIAN_POINT('',(1.857624174249E0,1.133633423675E0,
-3.297019665363E-1));
#2280=CARTESIAN_POINT('',(1.886206513621E0,1.141259476094E0,
-3.999999993306E-1));
#2282=CARTESIAN_POINT('',(1.096990751691E0,1.723486734767E0,
5.591692386897E-11));
#2283=CARTESIAN_POINT('',(1.101543330486E0,1.739892000032E0,
-4.030479165862E-2));
#2284=CARTESIAN_POINT('',(1.110898304296E0,1.773808325277E0,
-1.236462281621E-1));
#2285=CARTESIAN_POINT('',(1.125429279382E0,1.827161426788E0,
-2.547962301970E-1));
#2286=CARTESIAN_POINT('',(1.135884810038E0,1.866062706199E0,
-3.504556561144E-1));
#2287=CARTESIAN_POINT('',(1.141259485346E0,1.886206840213E0,
-3.999999999072E-1));
#2289=CARTESIAN_POINT('',(1.886206513621E0,1.141259476094E0,
-3.999999993306E-1));
#2290=CARTESIAN_POINT('',(1.890680332423E0,1.133865403624E0,
-3.999999993306E-1));
#2291=CARTESIAN_POINT('',(1.897277754429E0,1.118414893870E0,
-4.000000003347E-1));
#2292=CARTESIAN_POINT('',(1.899597002040E0,1.101844229185E0,-4.E-1));
#2293=CARTESIAN_POINT('',(1.899597E0,1.093261724177E0,-4.E-1));
#2295=CARTESIAN_POINT('',(1.737986509666E0,-1.047205247180E0,0.E0));
#2296=CARTESIAN_POINT('',(1.754271564019E0,-1.051948289280E0,
-4.030692393663E-2));
#2297=CARTESIAN_POINT('',(1.787945293215E0,-1.061690474613E0,
-1.236523283749E-1));
#2298=CARTESIAN_POINT('',(1.840922425573E0,-1.076806093900E0,
-2.547753322057E-1));
#2299=CARTESIAN_POINT('',(1.879576528343E0,-1.087676377996E0,
-3.504475938030E-1));
#2300=CARTESIAN_POINT('',(1.899597E0,-1.093261724177E0,-4.E-1));
#2302=CARTESIAN_POINT('',(1.737986509666E0,1.047205247180E0,0.E0));
#2303=CARTESIAN_POINT('',(1.763455026631E0,1.054623006137E0,
-6.303679151677E-2));
#2304=CARTESIAN_POINT('',(1.815858174448E0,1.069727759588E0,
-1.927391337568E-1));
#2305=CARTESIAN_POINT('',(1.871194922715E0,1.085338085445E0,
-3.297023919010E-1));
#2306=CARTESIAN_POINT('',(1.899597E0,1.093261724177E0,-4.E-1));
#2308=CARTESIAN_POINT('',(1.899597E0,-1.093261724177E0,-4.E-1));
#2309=CARTESIAN_POINT('',(1.899597000264E0,-1.101867405502E0,-4.E-1));
#2310=CARTESIAN_POINT('',(1.897264391952E0,-1.118462845019E0,
-4.000000000431E-1));
#2311=CARTESIAN_POINT('',(1.890668330261E0,-1.133885236521E0,
-3.999999999137E-1));
#2312=CARTESIAN_POINT('',(1.886206512217E0,-1.141259471523E0,
-3.999999999137E-1));
#2314=CARTESIAN_POINT('',(0.E0,0.E0,0.E0));
#2315=DIRECTION('',(0.E0,0.E0,-1.E0));
#2316=DIRECTION('',(0.E0,-1.E0,0.E0));
#2317=AXIS2_PLACEMENT_3D('',#2314,#2315,#2316);
#2319=CARTESIAN_POINT('',(0.E0,0.E0,0.E0));
#2320=DIRECTION('',(0.E0,0.E0,-1.E0));
#2321=DIRECTION('',(0.E0,1.E0,0.E0));
#2322=AXIS2_PLACEMENT_3D('',#2319,#2320,#2321);
#2324=CARTESIAN_POINT('',(1.047205183615E0,-1.737986859666E0,0.E0));
#2325=CARTESIAN_POINT('',(1.056182770567E0,-1.737986860580E0,0.E0));
#2326=CARTESIAN_POINT('',(1.073445594414E0,-1.735454394474E0,
-1.489133908776E-10));
#2327=CARTESIAN_POINT('',(1.089397374469E0,-1.728319886077E0,
2.978266545421E-10));
#2328=CARTESIAN_POINT('',(1.096990754794E0,-1.723486734773E0,
2.978266545421E-10));
#2330=DIRECTION('',(1.E0,0.E0,0.E0));
#2331=VECTOR('',#2330,2.094410367230E0);
#2332=CARTESIAN_POINT('',(-1.047205183615E0,-1.737986859666E0,0.E0));
#2333=LINE('',#2332,#2331);
#2334=CARTESIAN_POINT('',(-1.096990751691E0,-1.723486734767E0,
5.591705339499E-11));
#2335=CARTESIAN_POINT('',(-1.089417260464E0,-1.728307227312E0,
5.591705339499E-11));
#2336=CARTESIAN_POINT('',(-1.073494482935E0,-1.735440151836E0,
-2.795865969296E-11));
#2337=CARTESIAN_POINT('',(-1.056206342826E0,-1.737986859838E0,0.E0));
#2338=CARTESIAN_POINT('',(-1.047205183615E0,-1.737986859666E0,0.E0));
#2340=CARTESIAN_POINT('',(4.976263370487E-7,-3.539189259920E-7,0.E0));
#2341=DIRECTION('',(0.E0,0.E0,1.E0));
#2342=DIRECTION('',(-8.436113698464E-1,-5.369542407560E-1,0.E0));
#2343=AXIS2_PLACEMENT_3D('',#2340,#2341,#2342);
#2345=CARTESIAN_POINT('',(-1.737986509666E0,-1.047205247180E0,0.E0));
#2346=CARTESIAN_POINT('',(-1.737986510565E0,-1.056182826170E0,0.E0));
#2347=CARTESIAN_POINT('',(-1.735454048789E0,-1.073445635787E0,
-1.465301757246E-10));
#2348=CARTESIAN_POINT('',(-1.728319551964E0,-1.089397405005E0,
2.930602728083E-10));
#2349=CARTESIAN_POINT('',(-1.723486408617E0,-1.096990780837E0,
2.930602728083E-10));
#2351=DIRECTION('',(0.E0,-1.E0,0.E0));
#2352=VECTOR('',#2351,2.094410494361E0);
#2353=CARTESIAN_POINT('',(-1.737986509666E0,1.047205247180E0,0.E0));
#2354=LINE('',#2353,#2352);
#2355=CARTESIAN_POINT('',(-1.723486408611E0,1.096990777841E0,
5.956565102272E-11));
#2356=CARTESIAN_POINT('',(-1.728306893276E0,1.089417290976E0,
5.956565102272E-11));
#2357=CARTESIAN_POINT('',(-1.735439806269E0,1.073494524379E0,
-2.978293537718E-11));
#2358=CARTESIAN_POINT('',(-1.737986509849E0,1.056206398401E0,0.E0));
#2359=CARTESIAN_POINT('',(-1.737986509666E0,1.047205247180E0,0.E0));
#2361=CARTESIAN_POINT('',(4.976263370487E-7,3.539189259920E-7,0.E0));
#2362=DIRECTION('',(0.E0,0.E0,1.E0));
#2363=DIRECTION('',(-5.369546448569E-1,8.436111126382E-1,0.E0));
#2364=AXIS2_PLACEMENT_3D('',#2361,#2362,#2363);
#2366=CARTESIAN_POINT('',(-1.047205183615E0,1.737986859666E0,0.E0));
#2367=CARTESIAN_POINT('',(-1.056182770567E0,1.737986860580E0,0.E0));
#2368=CARTESIAN_POINT('',(-1.073445594414E0,1.735454394474E0,
-1.489134197896E-10));
#2369=CARTESIAN_POINT('',(-1.089397374469E0,1.728319886077E0,
2.978267123662E-10));
#2370=CARTESIAN_POINT('',(-1.096990754794E0,1.723486734773E0,
2.978267123662E-10));
#2372=DIRECTION('',(-1.E0,0.E0,0.E0));
#2373=VECTOR('',#2372,2.094410367230E0);
#2374=CARTESIAN_POINT('',(1.047205183615E0,1.737986859666E0,0.E0));
#2375=LINE('',#2374,#2373);
#2376=CARTESIAN_POINT('',(1.096990751691E0,1.723486734767E0,
5.591692386897E-11));
#2377=CARTESIAN_POINT('',(1.089417260464E0,1.728307227312E0,
5.591692386897E-11));
#2378=CARTESIAN_POINT('',(1.073494482935E0,1.735440151836E0,
-2.795854057528E-11));
#2379=CARTESIAN_POINT('',(1.056206342826E0,1.737986859838E0,0.E0));
#2380=CARTESIAN_POINT('',(1.047205183615E0,1.737986859666E0,0.E0));
#2382=CARTESIAN_POINT('',(-4.976263370487E-7,3.539189259920E-7,0.E0));
#2383=DIRECTION('',(0.E0,0.E0,1.E0));
#2384=DIRECTION('',(8.436113698464E-1,5.369542407560E-1,0.E0));
#2385=AXIS2_PLACEMENT_3D('',#2382,#2383,#2384);
#2387=CARTESIAN_POINT('',(1.737986509666E0,1.047205247180E0,0.E0));
#2388=CARTESIAN_POINT('',(1.737986510565E0,1.056182826170E0,0.E0));
#2389=CARTESIAN_POINT('',(1.735454048789E0,1.073445635787E0,
-1.465301687857E-10));
#2390=CARTESIAN_POINT('',(1.728319551964E0,1.089397405005E0,
2.930602404268E-10));
#2391=CARTESIAN_POINT('',(1.723486408617E0,1.096990780837E0,
2.930602404268E-10));
#2393=DIRECTION('',(0.E0,1.E0,0.E0));
#2394=VECTOR('',#2393,2.094410494361E0);
#2395=CARTESIAN_POINT('',(1.737986509666E0,-1.047205247180E0,0.E0));
#2396=LINE('',#2395,#2394);
#2397=CARTESIAN_POINT('',(1.723486408611E0,-1.096990777841E0,
5.956595402109E-11));
#2398=CARTESIAN_POINT('',(1.728306893276E0,-1.089417290976E0,
5.956595402109E-11));
#2399=CARTESIAN_POINT('',(1.735439806269E0,-1.073494524379E0,
-2.978305565134E-11));
#2400=CARTESIAN_POINT('',(1.737986509849E0,-1.056206398401E0,0.E0));
#2401=CARTESIAN_POINT('',(1.737986509666E0,-1.047205247180E0,0.E0));
#2403=CARTESIAN_POINT('',(-4.976263370487E-7,-3.539189259920E-7,0.E0));
#2404=DIRECTION('',(0.E0,0.E0,1.E0));
#2405=DIRECTION('',(5.369546448569E-1,-8.436111126382E-1,0.E0));
#2406=AXIS2_PLACEMENT_3D('',#2403,#2404,#2405);
#2408=CARTESIAN_POINT('',(0.E0,0.E0,7.5E-1));
#2409=DIRECTION('',(0.E0,0.E0,-1.E0));
#2410=DIRECTION('',(0.E0,-1.E0,0.E0));
#2411=AXIS2_PLACEMENT_3D('',#2408,#2409,#2410);
#2413=DIRECTION('',(0.E0,0.E0,-1.E0));
#2414=VECTOR('',#2413,7.5E-1);
#2415=CARTESIAN_POINT('',(0.E0,-1.E0,7.5E-1));
#2416=LINE('',#2415,#2414);
#2417=CARTESIAN_POINT('',(0.E0,0.E0,7.5E-1));
#2418=DIRECTION('',(0.E0,0.E0,1.E0));
#2419=DIRECTION('',(0.E0,-1.E0,0.E0));
#2420=AXIS2_PLACEMENT_3D('',#2417,#2418,#2419);
#2422=DIRECTION('',(0.E0,0.E0,-1.E0));
#2423=VECTOR('',#2422,7.5E-1);
#2424=CARTESIAN_POINT('',(0.E0,1.E0,7.5E-1));
#2425=LINE('',#2424,#2423);
#2426=CARTESIAN_POINT('',(0.E0,-9.5E-1,7.5E-1));
#2427=DIRECTION('',(1.E0,0.E0,0.E0));
#2428=DIRECTION('',(0.E0,0.E0,1.E0));
#2429=AXIS2_PLACEMENT_3D('',#2426,#2427,#2428);
#2431=CARTESIAN_POINT('',(0.E0,0.E0,8.E-1));
#2432=DIRECTION('',(0.E0,0.E0,1.E0));
#2433=DIRECTION('',(0.E0,-1.E0,0.E0));
#2434=AXIS2_PLACEMENT_3D('',#2431,#2432,#2433);
#2436=CARTESIAN_POINT('',(0.E0,9.5E-1,7.5E-1));
#2437=DIRECTION('',(-1.E0,0.E0,0.E0));
#2438=DIRECTION('',(0.E0,0.E0,1.E0));
#2439=AXIS2_PLACEMENT_3D('',#2436,#2437,#2438);
#2441=CARTESIAN_POINT('',(0.E0,0.E0,8.E-1));
#2442=DIRECTION('',(0.E0,0.E0,-1.E0));
#2443=DIRECTION('',(0.E0,-1.E0,0.E0));
#2444=AXIS2_PLACEMENT_3D('',#2441,#2442,#2443);
#2446=CARTESIAN_POINT('',(-2.45E0,-1.085533906E0,-6.2E-1));
#2447=CARTESIAN_POINT('',(-1.085533906E0,-2.45E0,-6.2E-1));
#2448=VERTEX_POINT('',#2446);
#2449=VERTEX_POINT('',#2447);
#2450=CARTESIAN_POINT('',(1.085533906E0,-2.45E0,-6.2E-1));
#2451=CARTESIAN_POINT('',(2.45E0,-1.085533906E0,-6.2E-1));
#2452=VERTEX_POINT('',#2450);
#2453=VERTEX_POINT('',#2451);
#2454=CARTESIAN_POINT('',(2.45E0,1.085533906E0,-6.2E-1));
#2455=CARTESIAN_POINT('',(1.085533906E0,2.45E0,-6.2E-1));
#2456=VERTEX_POINT('',#2454);
#2457=VERTEX_POINT('',#2455);
#2458=CARTESIAN_POINT('',(-1.085533906E0,2.45E0,-6.2E-1));
#2459=CARTESIAN_POINT('',(-2.45E0,1.085533906E0,-6.2E-1));
#2460=VERTEX_POINT('',#2458);
#2461=VERTEX_POINT('',#2459);
#2462=CARTESIAN_POINT('',(-1.085533906E0,-2.45E0,-5.E-1));
#2463=VERTEX_POINT('',#2462);
#2464=CARTESIAN_POINT('',(1.085533906E0,-2.45E0,-5.E-1));
#2465=VERTEX_POINT('',#2464);
#2466=CARTESIAN_POINT('',(1.085533906E0,2.45E0,-5.E-1));
#2467=VERTEX_POINT('',#2466);
#2468=CARTESIAN_POINT('',(-1.085533906E0,2.45E0,-5.E-1));
#2469=VERTEX_POINT('',#2468);
#2470=CARTESIAN_POINT('',(-1.135533906E0,2.4E0,-5.E-1));
#2471=VERTEX_POINT('',#2470);
#2472=CARTESIAN_POINT('',(-2.4E0,-1.9E0,-5.E-1));
#2473=CARTESIAN_POINT('',(-1.9E0,-2.4E0,-5.E-1));
#2474=VERTEX_POINT('',#2472);
#2475=VERTEX_POINT('',#2473);
#2476=CARTESIAN_POINT('',(1.9E0,-2.4E0,-5.E-1));
#2477=CARTESIAN_POINT('',(2.4E0,-1.9E0,-5.E-1));
#2478=VERTEX_POINT('',#2476);
#2479=VERTEX_POINT('',#2477);
#2480=CARTESIAN_POINT('',(2.4E0,1.9E0,-5.E-1));
#2481=CARTESIAN_POINT('',(1.9E0,2.4E0,-5.E-1));
#2482=VERTEX_POINT('',#2480);
#2483=VERTEX_POINT('',#2481);
#2484=CARTESIAN_POINT('',(-1.9E0,2.4E0,-5.E-1));
#2485=CARTESIAN_POINT('',(-2.4E0,1.9E0,-5.E-1));
#2486=VERTEX_POINT('',#2484);
#2487=VERTEX_POINT('',#2485);
#2488=CARTESIAN_POINT('',(-2.4E0,-1.9E0,-4.E-1));
#2489=CARTESIAN_POINT('',(-1.9E0,-2.4E0,-4.E-1));
#2490=VERTEX_POINT('',#2488);
#2491=VERTEX_POINT('',#2489);
#2492=CARTESIAN_POINT('',(1.9E0,-2.4E0,-4.E-1));
#2493=CARTESIAN_POINT('',(2.4E0,-1.9E0,-4.E-1));
#2494=VERTEX_POINT('',#2492);
#2495=VERTEX_POINT('',#2493);
#2496=CARTESIAN_POINT('',(2.4E0,1.9E0,-4.E-1));
#2497=CARTESIAN_POINT('',(1.9E0,2.4E0,-4.E-1));
#2498=VERTEX_POINT('',#2496);
#2499=VERTEX_POINT('',#2497);
#2500=CARTESIAN_POINT('',(-1.9E0,2.4E0,-4.E-1));
#2501=CARTESIAN_POINT('',(-2.4E0,1.9E0,-4.E-1));
#2502=VERTEX_POINT('',#2500);
#2503=VERTEX_POINT('',#2501);
#2504=CARTESIAN_POINT('',(-1.135533906E0,-2.4E0,-5.E-1));
#2505=VERTEX_POINT('',#2504);
#2506=CARTESIAN_POINT('',(1.135533906E0,-2.4E0,-5.E-1));
#2507=VERTEX_POINT('',#2506);
#2508=CARTESIAN_POINT('',(1.135533906E0,2.4E0,-5.E-1));
#2509=VERTEX_POINT('',#2508);
#2510=CARTESIAN_POINT('',(6.E-1,2.45E0,-5.E-1));
#2511=CARTESIAN_POINT('',(6.E-1,2.4E0,-5.E-1));
#2512=VERTEX_POINT('',#2510);
#2513=VERTEX_POINT('',#2511);
#2514=CARTESIAN_POINT('',(6.E-1,2.4E0,-4.E-1));
#2515=VERTEX_POINT('',#2514);
#2516=CARTESIAN_POINT('',(-8.E-1,7.5E-1,-1.05E0));
#2517=CARTESIAN_POINT('',(-8.E-1,7.5E-1,-1.15E0));
#2518=VERTEX_POINT('',#2516);
#2519=VERTEX_POINT('',#2517);
#2520=CARTESIAN_POINT('',(-8.E-1,-7.5E-1,-1.15E0));
#2521=VERTEX_POINT('',#2520);
#2522=CARTESIAN_POINT('',(-8.E-1,-7.5E-1,-1.05E0));
#2523=VERTEX_POINT('',#2522);
#2524=CARTESIAN_POINT('',(8.E-1,7.5E-1,-1.05E0));
#2525=CARTESIAN_POINT('',(8.E-1,7.5E-1,-1.15E0));
#2526=VERTEX_POINT('',#2524);
#2527=VERTEX_POINT('',#2525);
#2528=CARTESIAN_POINT('',(8.E-1,-7.5E-1,-1.15E0));
#2529=VERTEX_POINT('',#2528);
#2530=CARTESIAN_POINT('',(8.E-1,-7.5E-1,-1.05E0));
#2531=VERTEX_POINT('',#2530);
#2532=CARTESIAN_POINT('',(0.E0,2.45E0,-1.05E0));
#2533=CARTESIAN_POINT('',(0.E0,1.89E0,-1.05E0));
#2534=VERTEX_POINT('',#2532);
#2535=VERTEX_POINT('',#2533);
#2536=CARTESIAN_POINT('',(6.E-1,2.45E0,-1.05E0));
#2537=CARTESIAN_POINT('',(6.E-1,1.89E0,-1.05E0));
#2538=VERTEX_POINT('',#2536);
#2539=VERTEX_POINT('',#2537);
#2540=CARTESIAN_POINT('',(0.E0,2.5E0,-1.04E0));
#2541=CARTESIAN_POINT('',(0.E0,2.49E0,-1.05E0));
#2542=VERTEX_POINT('',#2540);
#2543=VERTEX_POINT('',#2541);
#2544=CARTESIAN_POINT('',(0.E0,1.89E0,-1.15E0));
#2545=CARTESIAN_POINT('',(0.E0,2.49E0,-1.15E0));
#2546=VERTEX_POINT('',#2544);
#2547=VERTEX_POINT('',#2545);
#2548=CARTESIAN_POINT('',(0.E0,2.6E0,-1.04E0));
#2549=VERTEX_POINT('',#2548);
#2550=CARTESIAN_POINT('',(6.E-1,2.5E0,-5.5E-1));
#2551=CARTESIAN_POINT('',(6.E-1,2.5E0,-1.04E0));
#2552=VERTEX_POINT('',#2550);
#2553=VERTEX_POINT('',#2551);
#2554=CARTESIAN_POINT('',(6.E-1,2.49E0,-1.05E0));
#2555=VERTEX_POINT('',#2554);
#2556=CARTESIAN_POINT('',(6.E-1,1.89E0,-1.15E0));
#2557=CARTESIAN_POINT('',(6.E-1,2.49E0,-1.15E0));
#2558=VERTEX_POINT('',#2556);
#2559=VERTEX_POINT('',#2557);
#2560=CARTESIAN_POINT('',(6.E-1,2.6E0,-1.04E0));
#2561=VERTEX_POINT('',#2560);
#2562=CARTESIAN_POINT('',(6.E-1,2.6E0,-5.5E-1));
#2563=VERTEX_POINT('',#2562);
#2564=CARTESIAN_POINT('',(6.E-1,2.45E0,-4.E-1));
#2565=VERTEX_POINT('',#2564);
#2566=VERTEX_POINT('',#2181);
#2567=VERTEX_POINT('',#2185);
#2568=VERTEX_POINT('',#2328);
#2569=VERTEX_POINT('',#2166);
#2570=VERTEX_POINT('',#2168);
#2571=VERTEX_POINT('',#2173);
#2572=VERTEX_POINT('',#2401);
#2573=VERTEX_POINT('',#2300);
#2574=VERTEX_POINT('',#2302);
#2575=VERTEX_POINT('',#2306);
#2576=VERTEX_POINT('',#2391);
#2577=VERTEX_POINT('',#2280);
#2578=VERTEX_POINT('',#2282);
#2579=VERTEX_POINT('',#2287);
#2580=VERTEX_POINT('',#2380);
#2581=VERTEX_POINT('',#2262);
#2582=VERTEX_POINT('',#2264);
#2583=VERTEX_POINT('',#2268);
#2584=VERTEX_POINT('',#2370);
#2585=VERTEX_POINT('',#2242);
#2586=VERTEX_POINT('',#2244);
#2587=VERTEX_POINT('',#2249);
#2588=VERTEX_POINT('',#2359);
#2589=VERTEX_POINT('',#2224);
#2590=VERTEX_POINT('',#2226);
#2591=VERTEX_POINT('',#2230);
#2592=VERTEX_POINT('',#2349);
#2593=VERTEX_POINT('',#2204);
#2594=VERTEX_POINT('',#2206);
#2595=VERTEX_POINT('',#2211);
#2596=VERTEX_POINT('',#2338);
#2597=VERTEX_POINT('',#2192);
#2598=CARTESIAN_POINT('',(0.E0,-9.5E-1,8.E-1));
#2599=CARTESIAN_POINT('',(0.E0,-1.E0,7.5E-1));
#2600=VERTEX_POINT('',#2598);
#2601=VERTEX_POINT('',#2599);
#2602=CARTESIAN_POINT('',(0.E0,9.5E-1,8.E-1));
#2603=CARTESIAN_POINT('',(0.E0,1.E0,7.5E-1));
#2604=VERTEX_POINT('',#2602);
#2605=VERTEX_POINT('',#2603);
#2606=CARTESIAN_POINT('',(0.E0,-1.E0,0.E0));
#2607=CARTESIAN_POINT('',(0.E0,1.E0,0.E0));
#2608=VERTEX_POINT('',#2606);
#2609=VERTEX_POINT('',#2607);
#2610=CARTESIAN_POINT('',(-6.E-1,2.45E0,-5.E-1));
#2611=CARTESIAN_POINT('',(-6.E-1,2.4E0,-5.E-1));
#2612=VERTEX_POINT('',#2610);
#2613=VERTEX_POINT('',#2611);
#2614=CARTESIAN_POINT('',(-6.E-1,2.4E0,-4.E-1));
#2615=VERTEX_POINT('',#2614);
#2616=CARTESIAN_POINT('',(-6.E-1,2.45E0,-4.E-1));
#2617=VERTEX_POINT('',#2616);
#2618=CARTESIAN_POINT('',(0.E0,2.6E0,-9.9580786E-1));
#2619=CARTESIAN_POINT('',(0.E0,2.5E0,-9.9580786E-1));
#2620=VERTEX_POINT('',#2618);
#2621=VERTEX_POINT('',#2619);
#2622=CARTESIAN_POINT('',(-1.5E-1,2.6E0,-8.4580786E-1));
#2623=CARTESIAN_POINT('',(-1.5E-1,2.5E0,-8.4580786E-1));
#2624=VERTEX_POINT('',#2622);
#2625=VERTEX_POINT('',#2623);
#2626=CARTESIAN_POINT('',(-6.E-1,2.599941408431E0,-5.4580786E-1));
#2627=CARTESIAN_POINT('',(-6.E-1,2.499823949685E0,-5.4580786E-1));
#2628=VERTEX_POINT('',#2626);
#2629=VERTEX_POINT('',#2627);
#2630=VERTEX_POINT('',#1076);
#2631=CARTESIAN_POINT('',(-3.E-1,2.5E0,-8.4580786E-1));
#2632=VERTEX_POINT('',#2631);
#2633=CARTESIAN_POINT('',(-3.E-1,2.6E0,-8.4580786E-1));
#2634=VERTEX_POINT('',#2633);
#2635=CARTESIAN_POINT('',(-5.999707085070E-1,2.6E0,-5.5E-1));
#2636=VERTEX_POINT('',#2635);
#2637=CARTESIAN_POINT('',(-2.4E0,-1.25E0,-5.E-1));
#2638=CARTESIAN_POINT('',(-2.4E0,-1.25E0,-4.E-1));
#2639=VERTEX_POINT('',#2637);
#2640=VERTEX_POINT('',#2638);
#2641=CARTESIAN_POINT('',(-2.4E0,1.25E0,-5.E-1));
#2642=CARTESIAN_POINT('',(-2.4E0,1.25E0,-4.E-1));
#2643=VERTEX_POINT('',#2641);
#2644=VERTEX_POINT('',#2642);
#2645=CARTESIAN_POINT('',(-2.45E0,-1.25E0,-5.E-1));
#2646=CARTESIAN_POINT('',(-2.5E0,-1.25E0,-5.5E-1));
#2647=VERTEX_POINT('',#2645);
#2648=VERTEX_POINT('',#2646);
#2649=CARTESIAN_POINT('',(-2.5E0,-1.25E0,-8.E-1));
#2650=VERTEX_POINT('',#2649);
#2651=CARTESIAN_POINT('',(-2.6E0,-1.25E0,-8.E-1));
#2652=VERTEX_POINT('',#2651);
#2653=CARTESIAN_POINT('',(-2.6E0,-1.25E0,-5.5E-1));
#2654=VERTEX_POINT('',#2653);
#2655=CARTESIAN_POINT('',(-2.45E0,-1.25E0,-4.E-1));
#2656=VERTEX_POINT('',#2655);
#2657=CARTESIAN_POINT('',(-2.45E0,1.25E0,-5.E-1));
#2658=CARTESIAN_POINT('',(-2.5E0,1.25E0,-5.5E-1));
#2659=VERTEX_POINT('',#2657);
#2660=VERTEX_POINT('',#2658);
#2661=CARTESIAN_POINT('',(-2.5E0,1.25E0,-8.E-1));
#2662=VERTEX_POINT('',#2661);
#2663=CARTESIAN_POINT('',(-2.6E0,1.25E0,-8.E-1));
#2664=VERTEX_POINT('',#2663);
#2665=CARTESIAN_POINT('',(-2.6E0,1.25E0,-5.5E-1));
#2666=VERTEX_POINT('',#2665);
#2667=CARTESIAN_POINT('',(-2.45E0,1.25E0,-4.E-1));
#2668=VERTEX_POINT('',#2667);
#2669=CARTESIAN_POINT('',(-2.45E0,-1.085533906E0,-5.E-1));
#2670=CARTESIAN_POINT('',(-2.45E0,1.085533906E0,-5.E-1));
#2671=VERTEX_POINT('',#2669);
#2672=VERTEX_POINT('',#2670);
#2673=CARTESIAN_POINT('',(2.45E0,-1.25E0,-4.E-1));
#2674=CARTESIAN_POINT('',(2.6E0,-1.25E0,-5.5E-1));
#2675=VERTEX_POINT('',#2673);
#2676=VERTEX_POINT('',#2674);
#2677=CARTESIAN_POINT('',(2.6E0,-1.25E0,-8.E-1));
#2678=VERTEX_POINT('',#2677);
#2679=CARTESIAN_POINT('',(2.5E0,-1.25E0,-8.E-1));
#2680=VERTEX_POINT('',#2679);
#2681=CARTESIAN_POINT('',(2.5E0,-1.25E0,-5.5E-1));
#2682=VERTEX_POINT('',#2681);
#2683=CARTESIAN_POINT('',(2.45E0,-1.25E0,-5.E-1));
#2684=VERTEX_POINT('',#2683);
#2685=CARTESIAN_POINT('',(2.45E0,1.25E0,-4.E-1));
#2686=CARTESIAN_POINT('',(2.6E0,1.25E0,-5.5E-1));
#2687=VERTEX_POINT('',#2685);
#2688=VERTEX_POINT('',#2686);
#2689=CARTESIAN_POINT('',(2.6E0,1.25E0,-8.E-1));
#2690=VERTEX_POINT('',#2689);
#2691=CARTESIAN_POINT('',(2.5E0,1.25E0,-8.E-1));
#2692=VERTEX_POINT('',#2691);
#2693=CARTESIAN_POINT('',(2.5E0,1.25E0,-5.5E-1));
#2694=VERTEX_POINT('',#2693);
#2695=CARTESIAN_POINT('',(2.45E0,1.25E0,-5.E-1));
#2696=VERTEX_POINT('',#2695);
#2697=CARTESIAN_POINT('',(2.45E0,-1.085533906E0,-5.E-1));
#2698=CARTESIAN_POINT('',(2.45E0,1.085533906E0,-5.E-1));
#2699=VERTEX_POINT('',#2697);
#2700=VERTEX_POINT('',#2698);
#2701=CARTESIAN_POINT('',(2.4E0,-1.25E0,-5.E-1));
#2702=CARTESIAN_POINT('',(2.4E0,-1.25E0,-4.E-1));
#2703=VERTEX_POINT('',#2701);
#2704=VERTEX_POINT('',#2702);
#2705=CARTESIAN_POINT('',(2.4E0,1.25E0,-5.E-1));
#2706=CARTESIAN_POINT('',(2.4E0,1.25E0,-4.E-1));
#2707=VERTEX_POINT('',#2705);
#2708=VERTEX_POINT('',#2706);
#2709=CARTESIAN_POINT('',(-2.5E0,-2.5E-1,-1.2E0));
#2710=CARTESIAN_POINT('',(-2.6E0,-2.5E-1,-1.2E0));
#2711=VERTEX_POINT('',#2709);
#2712=VERTEX_POINT('',#2710);
#2713=CARTESIAN_POINT('',(-2.5E0,2.5E-1,-1.2E0));
#2714=CARTESIAN_POINT('',(-2.6E0,2.5E-1,-1.2E0));
#2715=VERTEX_POINT('',#2713);
#2716=VERTEX_POINT('',#2714);
#2717=CARTESIAN_POINT('',(-2.5E0,-2.5E-1,-8.E-1));
#2718=CARTESIAN_POINT('',(-2.6E0,-2.5E-1,-8.E-1));
#2719=VERTEX_POINT('',#2717);
#2720=VERTEX_POINT('',#2718);
#2721=CARTESIAN_POINT('',(-2.5E0,2.5E-1,-8.E-1));
#2722=CARTESIAN_POINT('',(-2.6E0,2.5E-1,-8.E-1));
#2723=VERTEX_POINT('',#2721);
#2724=VERTEX_POINT('',#2722);
#2725=CARTESIAN_POINT('',(2.6E0,-2.5E-1,-1.2E0));
#2726=CARTESIAN_POINT('',(2.5E0,-2.5E-1,-1.2E0));
#2727=VERTEX_POINT('',#2725);
#2728=VERTEX_POINT('',#2726);
#2729=CARTESIAN_POINT('',(2.6E0,2.5E-1,-1.2E0));
#2730=CARTESIAN_POINT('',(2.5E0,2.5E-1,-1.2E0));
#2731=VERTEX_POINT('',#2729);
#2732=VERTEX_POINT('',#2730);
#2733=CARTESIAN_POINT('',(2.6E0,-2.5E-1,-8.E-1));
#2734=CARTESIAN_POINT('',(2.5E0,-2.5E-1,-8.E-1));
#2735=VERTEX_POINT('',#2733);
#2736=VERTEX_POINT('',#2734);
#2737=CARTESIAN_POINT('',(2.6E0,2.5E-1,-8.E-1));
#2738=CARTESIAN_POINT('',(2.5E0,2.5E-1,-8.E-1));
#2739=VERTEX_POINT('',#2737);
#2740=VERTEX_POINT('',#2738);
#2741=CARTESIAN_POINT('',(0.E0,-2.5E0,-1.04E0));
#2742=CARTESIAN_POINT('',(0.E0,-2.49E0,-1.05E0));
#2743=VERTEX_POINT('',#2741);
#2744=VERTEX_POINT('',#2742);
#2745=CARTESIAN_POINT('',(0.E0,-1.89E0,-1.15E0));
#2746=CARTESIAN_POINT('',(0.E0,-2.49E0,-1.15E0));
#2747=VERTEX_POINT('',#2745);
#2748=VERTEX_POINT('',#2746);
#2749=CARTESIAN_POINT('',(0.E0,-2.6E0,-1.04E0));
#2750=VERTEX_POINT('',#2749);
#2751=CARTESIAN_POINT('',(-6.E-1,-2.5E0,-5.5E-1));
#2752=CARTESIAN_POINT('',(-6.E-1,-2.5E0,-1.04E0));
#2753=VERTEX_POINT('',#2751);
#2754=VERTEX_POINT('',#2752);
#2755=CARTESIAN_POINT('',(-6.E-1,-2.49E0,-1.05E0));
#2756=VERTEX_POINT('',#2755);
#2757=CARTESIAN_POINT('',(-6.E-1,-1.89E0,-1.15E0));
#2758=CARTESIAN_POINT('',(-6.E-1,-2.49E0,-1.15E0));
#2759=VERTEX_POINT('',#2757);
#2760=VERTEX_POINT('',#2758);
#2761=CARTESIAN_POINT('',(-6.E-1,-2.6E0,-1.04E0));
#2762=VERTEX_POINT('',#2761);
#2763=CARTESIAN_POINT('',(-6.E-1,-2.6E0,-5.5E-1));
#2764=VERTEX_POINT('',#2763);
#2765=CARTESIAN_POINT('',(-6.E-1,-2.45E0,-4.E-1));
#2766=VERTEX_POINT('',#2765);
#2767=CARTESIAN_POINT('',(-6.E-1,-2.45E0,-5.E-1));
#2768=VERTEX_POINT('',#2767);
#2769=CARTESIAN_POINT('',(-6.E-1,-2.4E0,-4.E-1));
#2770=VERTEX_POINT('',#2769);
#2771=CARTESIAN_POINT('',(6.E-1,-2.4E0,-4.E-1));
#2772=CARTESIAN_POINT('',(6.E-1,-2.45E0,-4.E-1));
#2773=VERTEX_POINT('',#2771);
#2774=VERTEX_POINT('',#2772);
#2775=CARTESIAN_POINT('',(-6.E-1,-2.4E0,-5.E-1));
#2776=VERTEX_POINT('',#2775);
#2777=CARTESIAN_POINT('',(6.E-1,-2.45E0,-5.E-1));
#2778=CARTESIAN_POINT('',(6.E-1,-2.4E0,-5.E-1));
#2779=VERTEX_POINT('',#2777);
#2780=VERTEX_POINT('',#2778);
#2781=CARTESIAN_POINT('',(0.E0,-2.6E0,-9.9580786E-1));
#2782=CARTESIAN_POINT('',(0.E0,-2.5E0,-9.9580786E-1));
#2783=VERTEX_POINT('',#2781);
#2784=VERTEX_POINT('',#2782);
#2785=CARTESIAN_POINT('',(1.5E-1,-2.6E0,-8.4580786E-1));
#2786=CARTESIAN_POINT('',(1.5E-1,-2.5E0,-8.4580786E-1));
#2787=VERTEX_POINT('',#2785);
#2788=VERTEX_POINT('',#2786);
#2789=CARTESIAN_POINT('',(6.E-1,-2.599941408431E0,-5.4580786E-1));
#2790=CARTESIAN_POINT('',(6.E-1,-2.499823949685E0,-5.4580786E-1));
#2791=VERTEX_POINT('',#2789);
#2792=VERTEX_POINT('',#2790);
#2793=VERTEX_POINT('',#746);
#2794=CARTESIAN_POINT('',(3.E-1,-2.5E0,-8.4580786E-1));
#2795=VERTEX_POINT('',#2794);
#2796=CARTESIAN_POINT('',(3.E-1,-2.6E0,-8.4580786E-1));
#2797=VERTEX_POINT('',#2796);
#2798=CARTESIAN_POINT('',(5.999707085070E-1,-2.6E0,-5.5E-1));
#2799=VERTEX_POINT('',#2798);
#2800=CARTESIAN_POINT('',(0.E0,-2.45E0,-1.05E0));
#2801=CARTESIAN_POINT('',(-6.E-1,-2.45E0,-1.05E0));
#2802=VERTEX_POINT('',#2800);
#2803=VERTEX_POINT('',#2801);
#2804=CARTESIAN_POINT('',(0.E0,-1.89E0,-1.05E0));
#2805=VERTEX_POINT('',#2804);
#2806=CARTESIAN_POINT('',(-6.E-1,-1.89E0,-1.05E0));
#2807=VERTEX_POINT('',#2806);
#2808=CARTESIAN_POINT('',(1.6E0,3.15E0,-1.2E0));
#2809=CARTESIAN_POINT('',(1.6E0,3.15E0,-1.1E0));
#2810=VERTEX_POINT('',#2808);
#2811=VERTEX_POINT('',#2809);
#2812=CARTESIAN_POINT('',(1.6E0,2.645669077044E0,-1.1E0));
#2813=VERTEX_POINT('',#2812);
#2814=CARTESIAN_POINT('',(1.6E0,2.636009818781E0,-1.092588190451E0));
#2815=VERTEX_POINT('',#2814);
#2816=CARTESIAN_POINT('',(1.6E0,2.606251840892E0,-9.815299050387E-1));
#2817=VERTEX_POINT('',#2816);
#2818=CARTESIAN_POINT('',(1.6E0,2.5E0,-9.E-1));
#2819=VERTEX_POINT('',#2818);
#2820=CARTESIAN_POINT('',(1.6E0,2.5E0,-1.E0));
#2821=CARTESIAN_POINT('',(1.6E0,2.509659258263E0,-1.007411809549E0));
#2822=VERTEX_POINT('',#2820);
#2823=VERTEX_POINT('',#2821);
#2824=CARTESIAN_POINT('',(1.6E0,2.539417236152E0,-1.118470094961E0));
#2825=VERTEX_POINT('',#2824);
#2826=CARTESIAN_POINT('',(1.6E0,2.645669077044E0,-1.2E0));
#2827=VERTEX_POINT('',#2826);
#2828=CARTESIAN_POINT('',(2.1E0,3.15E0,-1.2E0));
#2829=CARTESIAN_POINT('',(2.1E0,3.15E0,-1.1E0));
#2830=VERTEX_POINT('',#2828);
#2831=VERTEX_POINT('',#2829);
#2832=CARTESIAN_POINT('',(2.1E0,2.645669077044E0,-1.1E0));
#2833=VERTEX_POINT('',#2832);
#2834=CARTESIAN_POINT('',(2.1E0,2.636009818781E0,-1.092588190451E0));
#2835=VERTEX_POINT('',#2834);
#2836=CARTESIAN_POINT('',(2.1E0,2.606251840892E0,-9.815299050387E-1));
#2837=VERTEX_POINT('',#2836);
#2838=CARTESIAN_POINT('',(2.1E0,2.5E0,-9.E-1));
#2839=VERTEX_POINT('',#2838);
#2840=CARTESIAN_POINT('',(2.1E0,2.5E0,-1.E0));
#2841=CARTESIAN_POINT('',(2.1E0,2.509659258263E0,-1.007411809549E0));
#2842=VERTEX_POINT('',#2840);
#2843=VERTEX_POINT('',#2841);
#2844=CARTESIAN_POINT('',(2.1E0,2.539417236152E0,-1.118470094961E0));
#2845=VERTEX_POINT('',#2844);
#2846=CARTESIAN_POINT('',(2.1E0,2.645669077044E0,-1.2E0));
#2847=VERTEX_POINT('',#2846);
#2848=CARTESIAN_POINT('',(1.6E0,2.45E0,-1.E0));
#2849=CARTESIAN_POINT('',(1.6E0,2.45E0,-9.E-1));
#2850=VERTEX_POINT('',#2848);
#2851=VERTEX_POINT('',#2849);
#2852=CARTESIAN_POINT('',(2.1E0,2.45E0,-1.E0));
#2853=CARTESIAN_POINT('',(2.1E0,2.45E0,-9.E-1));
#2854=VERTEX_POINT('',#2852);
#2855=VERTEX_POINT('',#2853);
#2856=CARTESIAN_POINT('',(-2.1E0,3.15E0,-1.2E0));
#2857=CARTESIAN_POINT('',(-2.1E0,3.15E0,-1.1E0));
#2858=VERTEX_POINT('',#2856);
#2859=VERTEX_POINT('',#2857);
#2860=CARTESIAN_POINT('',(-2.1E0,2.645669077044E0,-1.1E0));
#2861=VERTEX_POINT('',#2860);
#2862=CARTESIAN_POINT('',(-2.1E0,2.636009818781E0,-1.092588190451E0));
#2863=VERTEX_POINT('',#2862);
#2864=CARTESIAN_POINT('',(-2.1E0,2.606251840892E0,-9.815299050387E-1));
#2865=VERTEX_POINT('',#2864);
#2866=CARTESIAN_POINT('',(-2.1E0,2.5E0,-9.E-1));
#2867=VERTEX_POINT('',#2866);
#2868=CARTESIAN_POINT('',(-2.1E0,2.5E0,-1.E0));
#2869=CARTESIAN_POINT('',(-2.1E0,2.509659258263E0,-1.007411809549E0));
#2870=VERTEX_POINT('',#2868);
#2871=VERTEX_POINT('',#2869);
#2872=CARTESIAN_POINT('',(-2.1E0,2.539417236152E0,-1.118470094961E0));
#2873=VERTEX_POINT('',#2872);
#2874=CARTESIAN_POINT('',(-2.1E0,2.645669077044E0,-1.2E0));
#2875=VERTEX_POINT('',#2874);
#2876=CARTESIAN_POINT('',(-1.6E0,3.15E0,-1.2E0));
#2877=CARTESIAN_POINT('',(-1.6E0,3.15E0,-1.1E0));
#2878=VERTEX_POINT('',#2876);
#2879=VERTEX_POINT('',#2877);
#2880=CARTESIAN_POINT('',(-1.6E0,2.645669077044E0,-1.1E0));
#2881=VERTEX_POINT('',#2880);
#2882=CARTESIAN_POINT('',(-1.6E0,2.636009818781E0,-1.092588190451E0));
#2883=VERTEX_POINT('',#2882);
#2884=CARTESIAN_POINT('',(-1.6E0,2.606251840892E0,-9.815299050387E-1));
#2885=VERTEX_POINT('',#2884);
#2886=CARTESIAN_POINT('',(-1.6E0,2.5E0,-9.E-1));
#2887=VERTEX_POINT('',#2886);
#2888=CARTESIAN_POINT('',(-1.6E0,2.5E0,-1.E0));
#2889=CARTESIAN_POINT('',(-1.6E0,2.509659258263E0,-1.007411809549E0));
#2890=VERTEX_POINT('',#2888);
#2891=VERTEX_POINT('',#2889);
#2892=CARTESIAN_POINT('',(-1.6E0,2.539417236152E0,-1.118470094961E0));
#2893=VERTEX_POINT('',#2892);
#2894=CARTESIAN_POINT('',(-1.6E0,2.645669077044E0,-1.2E0));
#2895=VERTEX_POINT('',#2894);
#2896=CARTESIAN_POINT('',(-2.1E0,2.45E0,-1.E0));
#2897=CARTESIAN_POINT('',(-2.1E0,2.45E0,-9.E-1));
#2898=VERTEX_POINT('',#2896);
#2899=VERTEX_POINT('',#2897);
#2900=CARTESIAN_POINT('',(-1.6E0,2.45E0,-1.E0));
#2901=CARTESIAN_POINT('',(-1.6E0,2.45E0,-9.E-1));
#2902=VERTEX_POINT('',#2900);
#2903=VERTEX_POINT('',#2901);
#2904=CARTESIAN_POINT('',(1.6E0,-3.15E0,-1.2E0));
#2905=CARTESIAN_POINT('',(1.6E0,-2.645669077044E0,-1.2E0));
#2906=VERTEX_POINT('',#2904);
#2907=VERTEX_POINT('',#2905);
#2908=CARTESIAN_POINT('',(1.6E0,-2.539417236152E0,-1.118470094961E0));
#2909=VERTEX_POINT('',#2908);
#2910=CARTESIAN_POINT('',(1.6E0,-2.509659258263E0,-1.007411809549E0));
#2911=VERTEX_POINT('',#2910);
#2912=CARTESIAN_POINT('',(1.6E0,-2.5E0,-1.E0));
#2913=VERTEX_POINT('',#2912);
#2914=CARTESIAN_POINT('',(1.6E0,-2.5E0,-9.E-1));
#2915=CARTESIAN_POINT('',(1.6E0,-2.606251840892E0,-9.815299050387E-1));
#2916=VERTEX_POINT('',#2914);
#2917=VERTEX_POINT('',#2915);
#2918=CARTESIAN_POINT('',(1.6E0,-2.636009818781E0,-1.092588190451E0));
#2919=VERTEX_POINT('',#2918);
#2920=CARTESIAN_POINT('',(1.6E0,-2.645669077044E0,-1.1E0));
#2921=VERTEX_POINT('',#2920);
#2922=CARTESIAN_POINT('',(1.6E0,-3.15E0,-1.1E0));
#2923=VERTEX_POINT('',#2922);
#2924=CARTESIAN_POINT('',(2.1E0,-3.15E0,-1.2E0));
#2925=CARTESIAN_POINT('',(2.1E0,-2.645669077044E0,-1.2E0));
#2926=VERTEX_POINT('',#2924);
#2927=VERTEX_POINT('',#2925);
#2928=CARTESIAN_POINT('',(2.1E0,-2.539417236152E0,-1.118470094961E0));
#2929=VERTEX_POINT('',#2928);
#2930=CARTESIAN_POINT('',(2.1E0,-2.509659258263E0,-1.007411809549E0));
#2931=VERTEX_POINT('',#2930);
#2932=CARTESIAN_POINT('',(2.1E0,-2.5E0,-1.E0));
#2933=VERTEX_POINT('',#2932);
#2934=CARTESIAN_POINT('',(2.1E0,-2.5E0,-9.E-1));
#2935=CARTESIAN_POINT('',(2.1E0,-2.606251840892E0,-9.815299050387E-1));
#2936=VERTEX_POINT('',#2934);
#2937=VERTEX_POINT('',#2935);
#2938=CARTESIAN_POINT('',(2.1E0,-2.636009818781E0,-1.092588190451E0));
#2939=VERTEX_POINT('',#2938);
#2940=CARTESIAN_POINT('',(2.1E0,-2.645669077044E0,-1.1E0));
#2941=VERTEX_POINT('',#2940);
#2942=CARTESIAN_POINT('',(2.1E0,-3.15E0,-1.1E0));
#2943=VERTEX_POINT('',#2942);
#2944=CARTESIAN_POINT('',(1.6E0,-2.45E0,-1.E0));
#2945=CARTESIAN_POINT('',(1.6E0,-2.45E0,-9.E-1));
#2946=VERTEX_POINT('',#2944);
#2947=VERTEX_POINT('',#2945);
#2948=CARTESIAN_POINT('',(2.1E0,-2.45E0,-1.E0));
#2949=CARTESIAN_POINT('',(2.1E0,-2.45E0,-9.E-1));
#2950=VERTEX_POINT('',#2948);
#2951=VERTEX_POINT('',#2949);
#2952=CARTESIAN_POINT('',(-2.1E0,-3.15E0,-1.2E0));
#2953=CARTESIAN_POINT('',(-2.1E0,-2.645669077044E0,-1.2E0));
#2954=VERTEX_POINT('',#2952);
#2955=VERTEX_POINT('',#2953);
#2956=CARTESIAN_POINT('',(-2.1E0,-2.539417236152E0,-1.118470094961E0));
#2957=VERTEX_POINT('',#2956);
#2958=CARTESIAN_POINT('',(-2.1E0,-2.509659258263E0,-1.007411809549E0));
#2959=VERTEX_POINT('',#2958);
#2960=CARTESIAN_POINT('',(-2.1E0,-2.5E0,-1.E0));
#2961=VERTEX_POINT('',#2960);
#2962=CARTESIAN_POINT('',(-2.1E0,-2.5E0,-9.E-1));
#2963=CARTESIAN_POINT('',(-2.1E0,-2.606251840892E0,-9.815299050387E-1));
#2964=VERTEX_POINT('',#2962);
#2965=VERTEX_POINT('',#2963);
#2966=CARTESIAN_POINT('',(-2.1E0,-2.636009818781E0,-1.092588190451E0));
#2967=VERTEX_POINT('',#2966);
#2968=CARTESIAN_POINT('',(-2.1E0,-2.645669077044E0,-1.1E0));
#2969=VERTEX_POINT('',#2968);
#2970=CARTESIAN_POINT('',(-2.1E0,-3.15E0,-1.1E0));
#2971=VERTEX_POINT('',#2970);
#2972=CARTESIAN_POINT('',(-1.6E0,-3.15E0,-1.2E0));
#2973=CARTESIAN_POINT('',(-1.6E0,-2.645669077044E0,-1.2E0));
#2974=VERTEX_POINT('',#2972);
#2975=VERTEX_POINT('',#2973);
#2976=CARTESIAN_POINT('',(-1.6E0,-2.539417236152E0,-1.118470094961E0));
#2977=VERTEX_POINT('',#2976);
#2978=CARTESIAN_POINT('',(-1.6E0,-2.509659258263E0,-1.007411809549E0));
#2979=VERTEX_POINT('',#2978);
#2980=CARTESIAN_POINT('',(-1.6E0,-2.5E0,-1.E0));
#2981=VERTEX_POINT('',#2980);
#2982=CARTESIAN_POINT('',(-1.6E0,-2.5E0,-9.E-1));
#2983=CARTESIAN_POINT('',(-1.6E0,-2.606251840892E0,-9.815299050387E-1));
#2984=VERTEX_POINT('',#2982);
#2985=VERTEX_POINT('',#2983);
#2986=CARTESIAN_POINT('',(-1.6E0,-2.636009818781E0,-1.092588190451E0));
#2987=VERTEX_POINT('',#2986);
#2988=CARTESIAN_POINT('',(-1.6E0,-2.645669077044E0,-1.1E0));
#2989=VERTEX_POINT('',#2988);
#2990=CARTESIAN_POINT('',(-1.6E0,-3.15E0,-1.1E0));
#2991=VERTEX_POINT('',#2990);
#2992=CARTESIAN_POINT('',(-2.1E0,-2.45E0,-1.E0));
#2993=CARTESIAN_POINT('',(-2.1E0,-2.45E0,-9.E-1));
#2994=VERTEX_POINT('',#2992);
#2995=VERTEX_POINT('',#2993);
#2996=CARTESIAN_POINT('',(-1.6E0,-2.45E0,-1.E0));
#2997=CARTESIAN_POINT('',(-1.6E0,-2.45E0,-9.E-1));
#2998=VERTEX_POINT('',#2996);
#2999=VERTEX_POINT('',#2997);
#3000=CARTESIAN_POINT('',(-2.45E0,1.8E0,-1.2E0));
#3001=CARTESIAN_POINT('',(-8.E-1,1.8E0,-1.2E0));
#3002=VERTEX_POINT('',#3000);
#3003=VERTEX_POINT('',#3001);
#3004=CARTESIAN_POINT('',(8.E-1,1.8E0,-1.2E0));
#3005=CARTESIAN_POINT('',(2.45E0,1.8E0,-1.2E0));
#3006=VERTEX_POINT('',#3004);
#3007=VERTEX_POINT('',#3005);
#3008=CARTESIAN_POINT('',(-2.45E0,-1.8E0,-1.2E0));
#3009=CARTESIAN_POINT('',(-8.E-1,-1.8E0,-1.2E0));
#3010=VERTEX_POINT('',#3008);
#3011=VERTEX_POINT('',#3009);
#3012=CARTESIAN_POINT('',(8.E-1,-1.8E0,-1.2E0));
#3013=CARTESIAN_POINT('',(2.45E0,-1.8E0,-1.2E0));
#3014=VERTEX_POINT('',#3012);
#3015=VERTEX_POINT('',#3013);
#3016=CARTESIAN_POINT('',(-2.45E0,2.45E0,-1.05E0));
#3017=CARTESIAN_POINT('',(-2.45E0,1.8E0,-1.05E0));
#3018=VERTEX_POINT('',#3016);
#3019=VERTEX_POINT('',#3017);
#3020=CARTESIAN_POINT('',(-2.45E0,-1.8E0,-1.05E0));
#3021=VERTEX_POINT('',#3020);
#3022=CARTESIAN_POINT('',(-2.45E0,-2.45E0,-1.05E0));
#3023=VERTEX_POINT('',#3022);
#3024=CARTESIAN_POINT('',(2.45E0,2.45E0,-1.05E0));
#3025=CARTESIAN_POINT('',(2.45E0,1.8E0,-1.05E0));
#3026=VERTEX_POINT('',#3024);
#3027=VERTEX_POINT('',#3025);
#3028=CARTESIAN_POINT('',(2.45E0,-1.8E0,-1.05E0));
#3029=VERTEX_POINT('',#3028);
#3030=CARTESIAN_POINT('',(2.45E0,-2.45E0,-1.05E0));
#3031=VERTEX_POINT('',#3030);
#3032=CARTESIAN_POINT('',(-8.E-1,1.8E0,-1.05E0));
#3033=VERTEX_POINT('',#3032);
#3034=CARTESIAN_POINT('',(-8.E-1,-1.8E0,-1.05E0));
#3035=VERTEX_POINT('',#3034);
#3036=CARTESIAN_POINT('',(8.E-1,1.8E0,-1.05E0));
#3037=VERTEX_POINT('',#3036);
#3038=CARTESIAN_POINT('',(8.E-1,-1.8E0,-1.05E0));
#3039=VERTEX_POINT('',#3038);
#3040=CARTESIAN_POINT('',(-2.2E0,1.8E0,-6.3E-1));
#3041=CARTESIAN_POINT('',(-1.8E0,2.2E0,-6.3E-1));
#3042=VERTEX_POINT('',#3040);
#3043=VERTEX_POINT('',#3041);
#3044=CARTESIAN_POINT('',(-2.45E0,1.8E0,-6.2E-1));
#3045=CARTESIAN_POINT('',(-2.2E0,1.8E0,-6.2E-1));
#3046=VERTEX_POINT('',#3044);
#3047=VERTEX_POINT('',#3045);
#3048=CARTESIAN_POINT('',(-1.8E0,2.2E0,-6.2E-1));
#3049=VERTEX_POINT('',#3048);
#3050=CARTESIAN_POINT('',(-1.8E0,2.45E0,-6.2E-1));
#3051=VERTEX_POINT('',#3050);
#3052=CARTESIAN_POINT('',(-2.45E0,2.45E0,-6.3E-1));
#3053=CARTESIAN_POINT('',(-2.45E0,1.8E0,-6.3E-1));
#3054=VERTEX_POINT('',#3052);
#3055=VERTEX_POINT('',#3053);
#3056=CARTESIAN_POINT('',(1.8E0,2.45E0,-6.3E-1));
#3057=CARTESIAN_POINT('',(2.45E0,2.45E0,-6.3E-1));
#3058=VERTEX_POINT('',#3056);
#3059=VERTEX_POINT('',#3057);
#3060=CARTESIAN_POINT('',(-1.8E0,2.45E0,-6.3E-1));
#3061=VERTEX_POINT('',#3060);
#3062=CARTESIAN_POINT('',(1.8E0,2.2E0,-6.3E-1));
#3063=CARTESIAN_POINT('',(2.2E0,1.8E0,-6.3E-1));
#3064=VERTEX_POINT('',#3062);
#3065=VERTEX_POINT('',#3063);
#3066=CARTESIAN_POINT('',(-1.8E0,-2.2E0,-6.3E-1));
#3067=CARTESIAN_POINT('',(-2.2E0,-1.8E0,-6.3E-1));
#3068=VERTEX_POINT('',#3066);
#3069=VERTEX_POINT('',#3067);
#3070=CARTESIAN_POINT('',(2.2E0,-1.8E0,-6.3E-1));
#3071=CARTESIAN_POINT('',(1.8E0,-2.2E0,-6.3E-1));
#3072=VERTEX_POINT('',#3070);
#3073=VERTEX_POINT('',#3071);
#3074=CARTESIAN_POINT('',(1.8E0,2.45E0,-6.2E-1));
#3075=CARTESIAN_POINT('',(1.8E0,2.2E0,-6.2E-1));
#3076=VERTEX_POINT('',#3074);
#3077=VERTEX_POINT('',#3075);
#3078=CARTESIAN_POINT('',(2.2E0,1.8E0,-6.2E-1));
#3079=VERTEX_POINT('',#3078);
#3080=CARTESIAN_POINT('',(2.45E0,1.8E0,-6.2E-1));
#3081=VERTEX_POINT('',#3080);
#3082=CARTESIAN_POINT('',(-1.8E0,-2.45E0,-6.2E-1));
#3083=CARTESIAN_POINT('',(-1.8E0,-2.2E0,-6.2E-1));
#3084=VERTEX_POINT('',#3082);
#3085=VERTEX_POINT('',#3083);
#3086=CARTESIAN_POINT('',(-2.2E0,-1.8E0,-6.2E-1));
#3087=VERTEX_POINT('',#3086);
#3088=CARTESIAN_POINT('',(-2.45E0,-1.8E0,-6.2E-1));
#3089=VERTEX_POINT('',#3088);
#3090=CARTESIAN_POINT('',(2.45E0,-1.8E0,-6.2E-1));
#3091=CARTESIAN_POINT('',(2.2E0,-1.8E0,-6.2E-1));
#3092=VERTEX_POINT('',#3090);
#3093=VERTEX_POINT('',#3091);
#3094=CARTESIAN_POINT('',(1.8E0,-2.2E0,-6.2E-1));
#3095=VERTEX_POINT('',#3094);
#3096=CARTESIAN_POINT('',(1.8E0,-2.45E0,-6.2E-1));
#3097=VERTEX_POINT('',#3096);
#3098=CARTESIAN_POINT('',(-2.45E0,-1.8E0,-6.3E-1));
#3099=CARTESIAN_POINT('',(-2.45E0,-2.45E0,-6.3E-1));
#3100=VERTEX_POINT('',#3098);
#3101=VERTEX_POINT('',#3099);
#3102=CARTESIAN_POINT('',(2.45E0,-2.45E0,-6.3E-1));
#3103=CARTESIAN_POINT('',(2.45E0,-1.8E0,-6.3E-1));
#3104=VERTEX_POINT('',#3102);
#3105=VERTEX_POINT('',#3103);
#3106=CARTESIAN_POINT('',(2.45E0,1.8E0,-6.3E-1));
#3107=VERTEX_POINT('',#3106);
#3108=CARTESIAN_POINT('',(-1.8E0,-2.45E0,-6.3E-1));
#3109=VERTEX_POINT('',#3108);
#3110=CARTESIAN_POINT('',(1.8E0,-2.45E0,-6.3E-1));
#3111=VERTEX_POINT('',#3110);
#3112=CARTESIAN_POINT('',(0.E0,0.E0,-6.2E-1));
#3113=DIRECTION('',(0.E0,0.E0,1.E0));
#3114=DIRECTION('',(1.E0,0.E0,0.E0));
#3115=AXIS2_PLACEMENT_3D('',#3112,#3113,#3114);
#3116=PLANE('',#3115);
#3118=ORIENTED_EDGE('',*,*,#3117,.T.);
#3120=ORIENTED_EDGE('',*,*,#3119,.T.);
#3122=ORIENTED_EDGE('',*,*,#3121,.F.);
#3124=ORIENTED_EDGE('',*,*,#3123,.F.);
#3126=ORIENTED_EDGE('',*,*,#3125,.T.);
#3128=ORIENTED_EDGE('',*,*,#3127,.T.);
#3129=EDGE_LOOP('',(#3118,#3120,#3122,#3124,#3126,#3128));
#3130=FACE_OUTER_BOUND('',#3129,.F.);
#3132=CARTESIAN_POINT('',(0.E0,0.E0,-6.2E-1));
#3133=DIRECTION('',(0.E0,0.E0,1.E0));
#3134=DIRECTION('',(1.E0,0.E0,0.E0));
#3135=AXIS2_PLACEMENT_3D('',#3132,#3133,#3134);
#3136=PLANE('',#3135);
#3138=ORIENTED_EDGE('',*,*,#3137,.T.);
#3140=ORIENTED_EDGE('',*,*,#3139,.T.);
#3142=ORIENTED_EDGE('',*,*,#3141,.F.);
#3144=ORIENTED_EDGE('',*,*,#3143,.T.);
#3146=ORIENTED_EDGE('',*,*,#3145,.T.);
#3148=ORIENTED_EDGE('',*,*,#3147,.F.);
#3149=EDGE_LOOP('',(#3138,#3140,#3142,#3144,#3146,#3148));
#3150=FACE_OUTER_BOUND('',#3149,.F.);
#3152=CARTESIAN_POINT('',(0.E0,0.E0,-6.2E-1));
#3153=DIRECTION('',(0.E0,0.E0,1.E0));
#3154=DIRECTION('',(1.E0,0.E0,0.E0));
#3155=AXIS2_PLACEMENT_3D('',#3152,#3153,#3154);
#3156=PLANE('',#3155);
#3158=ORIENTED_EDGE('',*,*,#3157,.T.);
#3160=ORIENTED_EDGE('',*,*,#3159,.T.);
#3162=ORIENTED_EDGE('',*,*,#3161,.F.);
#3164=ORIENTED_EDGE('',*,*,#3163,.T.);
#3166=ORIENTED_EDGE('',*,*,#3165,.T.);
#3168=ORIENTED_EDGE('',*,*,#3167,.F.);
#3169=EDGE_LOOP('',(#3158,#3160,#3162,#3164,#3166,#3168));
#3170=FACE_OUTER_BOUND('',#3169,.F.);
#3172=CARTESIAN_POINT('',(0.E0,0.E0,-6.2E-1));
#3173=DIRECTION('',(0.E0,0.E0,1.E0));
#3174=DIRECTION('',(1.E0,0.E0,0.E0));
#3175=AXIS2_PLACEMENT_3D('',#3172,#3173,#3174);
#3176=PLANE('',#3175);
#3178=ORIENTED_EDGE('',*,*,#3177,.T.);
#3180=ORIENTED_EDGE('',*,*,#3179,.T.);
#3182=ORIENTED_EDGE('',*,*,#3181,.F.);
#3184=ORIENTED_EDGE('',*,*,#3183,.F.);
#3186=ORIENTED_EDGE('',*,*,#3185,.T.);
#3188=ORIENTED_EDGE('',*,*,#3187,.T.);
#3189=EDGE_LOOP('',(#3178,#3180,#3182,#3184,#3186,#3188));
#3190=FACE_OUTER_BOUND('',#3189,.F.);
#3192=CARTESIAN_POINT('',(-2.45E0,1.8E0,-6.2E-1));
#3193=DIRECTION('',(0.E0,-1.E0,0.E0));
#3194=DIRECTION('',(1.E0,0.E0,0.E0));
#3195=AXIS2_PLACEMENT_3D('',#3192,#3193,#3194);
#3196=PLANE('',#3195);
#3197=ORIENTED_EDGE('',*,*,#3117,.F.);
#3199=ORIENTED_EDGE('',*,*,#3198,.F.);
#3201=ORIENTED_EDGE('',*,*,#3200,.T.);
#3203=ORIENTED_EDGE('',*,*,#3202,.F.);
#3204=EDGE_LOOP('',(#3197,#3199,#3201,#3203));
#3205=FACE_OUTER_BOUND('',#3204,.F.);
#3207=CARTESIAN_POINT('',(-2.45E0,2.45E0,-6.2E-1));
#3208=DIRECTION('',(-1.E0,0.E0,0.E0));
#3209=DIRECTION('',(0.E0,-1.E0,0.E0));
#3210=AXIS2_PLACEMENT_3D('',#3207,#3208,#3209);
#3211=PLANE('',#3210);
#3213=ORIENTED_EDGE('',*,*,#3212,.F.);
#3215=ORIENTED_EDGE('',*,*,#3214,.F.);
#3216=ORIENTED_EDGE('',*,*,#3163,.F.);
#3218=ORIENTED_EDGE('',*,*,#3217,.F.);
#3220=ORIENTED_EDGE('',*,*,#3219,.T.);
#3222=ORIENTED_EDGE('',*,*,#3221,.T.);
#3224=ORIENTED_EDGE('',*,*,#3223,.T.);
#3226=ORIENTED_EDGE('',*,*,#3225,.F.);
#3228=ORIENTED_EDGE('',*,*,#3227,.T.);
#3230=ORIENTED_EDGE('',*,*,#3229,.T.);
#3232=ORIENTED_EDGE('',*,*,#3231,.F.);
#3234=ORIENTED_EDGE('',*,*,#3233,.F.);
#3236=ORIENTED_EDGE('',*,*,#3235,.T.);
#3237=ORIENTED_EDGE('',*,*,#3198,.T.);
#3238=ORIENTED_EDGE('',*,*,#3127,.F.);
#3240=ORIENTED_EDGE('',*,*,#3239,.T.);
#3241=EDGE_LOOP('',(#3213,#3215,#3216,#3218,#3220,#3222,#3224,#3226,#3228,#3230,
#3232,#3234,#3236,#3237,#3238,#3240));
#3242=FACE_OUTER_BOUND('',#3241,.F.);
#3244=CARTESIAN_POINT('',(-2.45E0,-1.25E0,-5.5E-1));
#3245=DIRECTION('',(0.E0,1.E0,0.E0));
#3246=DIRECTION('',(-1.E0,0.E0,0.E0));
#3247=AXIS2_PLACEMENT_3D('',#3244,#3245,#3246);
#3248=CYLINDRICAL_SURFACE('',#3247,5.E-2);
#3249=ORIENTED_EDGE('',*,*,#3212,.T.);
#3251=ORIENTED_EDGE('',*,*,#3250,.T.);
#3253=ORIENTED_EDGE('',*,*,#3252,.T.);
#3255=ORIENTED_EDGE('',*,*,#3254,.F.);
#3257=ORIENTED_EDGE('',*,*,#3256,.F.);
#3259=ORIENTED_EDGE('',*,*,#3258,.T.);
#3260=EDGE_LOOP('',(#3249,#3251,#3253,#3255,#3257,#3259));
#3261=FACE_OUTER_BOUND('',#3260,.F.);
#3263=CARTESIAN_POINT('',(0.E0,0.E0,-5.E-1));
#3264=DIRECTION('',(0.E0,0.E0,1.E0));
#3265=DIRECTION('',(1.E0,0.E0,0.E0));
#3266=AXIS2_PLACEMENT_3D('',#3263,#3264,#3265);
#3267=PLANE('',#3266);
#3269=ORIENTED_EDGE('',*,*,#3268,.T.);
#3271=ORIENTED_EDGE('',*,*,#3270,.T.);
#3272=ORIENTED_EDGE('',*,*,#3250,.F.);
#3274=ORIENTED_EDGE('',*,*,#3273,.T.);
#3276=ORIENTED_EDGE('',*,*,#3275,.T.);
#3278=ORIENTED_EDGE('',*,*,#3277,.T.);
#3279=EDGE_LOOP('',(#3269,#3271,#3272,#3274,#3276,#3278));
#3280=FACE_OUTER_BOUND('',#3279,.F.);
#3282=CARTESIAN_POINT('',(0.E0,0.E0,-5.E-1));
#3283=DIRECTION('',(0.E0,0.E0,1.E0));
#3284=DIRECTION('',(1.E0,0.E0,0.E0));
#3285=AXIS2_PLACEMENT_3D('',#3282,#3283,#3284);
#3286=PLANE('',#3285);
#3288=ORIENTED_EDGE('',*,*,#3287,.T.);
#3289=ORIENTED_EDGE('',*,*,#3258,.F.);
#3291=ORIENTED_EDGE('',*,*,#3290,.F.);
#3293=ORIENTED_EDGE('',*,*,#3292,.T.);
#3295=ORIENTED_EDGE('',*,*,#3294,.T.);
#3297=ORIENTED_EDGE('',*,*,#3296,.T.);
#3298=EDGE_LOOP('',(#3288,#3289,#3291,#3293,#3295,#3297));
#3299=FACE_OUTER_BOUND('',#3298,.F.);
#3301=CARTESIAN_POINT('',(0.E0,0.E0,-5.E-1));
#3302=DIRECTION('',(0.E0,0.E0,1.E0));
#3303=DIRECTION('',(1.E0,0.E0,0.E0));
#3304=AXIS2_PLACEMENT_3D('',#3301,#3302,#3303);
#3305=PLANE('',#3304);
#3307=ORIENTED_EDGE('',*,*,#3306,.T.);
#3309=ORIENTED_EDGE('',*,*,#3308,.F.);
#3311=ORIENTED_EDGE('',*,*,#3310,.T.);
#3313=ORIENTED_EDGE('',*,*,#3312,.T.);
#3315=ORIENTED_EDGE('',*,*,#3314,.T.);
#3317=ORIENTED_EDGE('',*,*,#3316,.T.);
#3318=EDGE_LOOP('',(#3307,#3309,#3311,#3313,#3315,#3317));
#3319=FACE_OUTER_BOUND('',#3318,.F.);
#3321=CARTESIAN_POINT('',(0.E0,0.E0,-5.E-1));
#3322=DIRECTION('',(0.E0,0.E0,1.E0));
#3323=DIRECTION('',(1.E0,0.E0,0.E0));
#3324=AXIS2_PLACEMENT_3D('',#3321,#3322,#3323);
#3325=PLANE('',#3324);
#3327=ORIENTED_EDGE('',*,*,#3326,.T.);
#3329=ORIENTED_EDGE('',*,*,#3328,.T.);
#3331=ORIENTED_EDGE('',*,*,#3330,.T.);
#3333=ORIENTED_EDGE('',*,*,#3332,.T.);
#3335=ORIENTED_EDGE('',*,*,#3334,.T.);
#3337=ORIENTED_EDGE('',*,*,#3336,.T.);
#3338=EDGE_LOOP('',(#3327,#3329,#3331,#3333,#3335,#3337));
#3339=FACE_OUTER_BOUND('',#3338,.F.);
#3341=CARTESIAN_POINT('',(-2.4E0,1.9E0,-5.E-1));
#3342=DIRECTION('',(-1.E0,0.E0,0.E0));
#3343=DIRECTION('',(0.E0,-1.E0,0.E0));
#3344=AXIS2_PLACEMENT_3D('',#3341,#3342,#3343);
#3345=PLANE('',#3344);
#3347=ORIENTED_EDGE('',*,*,#3346,.T.);
#3349=ORIENTED_EDGE('',*,*,#3348,.T.);
#3351=ORIENTED_EDGE('',*,*,#3350,.F.);
#3352=ORIENTED_EDGE('',*,*,#3292,.F.);
#3353=EDGE_LOOP('',(#3347,#3349,#3351,#3352));
#3354=FACE_OUTER_BOUND('',#3353,.F.);
#3356=CARTESIAN_POINT('',(-2.4E0,1.9E0,-5.E-1));
#3357=DIRECTION('',(-1.E0,0.E0,0.E0));
#3358=DIRECTION('',(0.E0,-1.E0,0.E0));
#3359=AXIS2_PLACEMENT_3D('',#3356,#3357,#3358);
#3360=PLANE('',#3359);
#3362=ORIENTED_EDGE('',*,*,#3361,.F.);
#3363=ORIENTED_EDGE('',*,*,#3268,.F.);
#3365=ORIENTED_EDGE('',*,*,#3364,.T.);
#3367=ORIENTED_EDGE('',*,*,#3366,.T.);
#3368=EDGE_LOOP('',(#3362,#3363,#3365,#3367));
#3369=FACE_OUTER_BOUND('',#3368,.F.);
#3371=CARTESIAN_POINT('',(0.E0,-1.25E0,0.E0));
#3372=DIRECTION('',(0.E0,1.E0,0.E0));
#3373=DIRECTION('',(-1.E0,0.E0,0.E0));
#3374=AXIS2_PLACEMENT_3D('',#3371,#3372,#3373);
#3375=PLANE('',#3374);
#3376=ORIENTED_EDGE('',*,*,#3346,.F.);
#3377=ORIENTED_EDGE('',*,*,#3290,.T.);
#3378=ORIENTED_EDGE('',*,*,#3256,.T.);
#3380=ORIENTED_EDGE('',*,*,#3379,.T.);
#3382=ORIENTED_EDGE('',*,*,#3381,.T.);
#3384=ORIENTED_EDGE('',*,*,#3383,.T.);
#3386=ORIENTED_EDGE('',*,*,#3385,.T.);
#3388=ORIENTED_EDGE('',*,*,#3387,.T.);
#3389=EDGE_LOOP('',(#3376,#3377,#3378,#3380,#3382,#3384,#3386,#3388));
#3390=FACE_OUTER_BOUND('',#3389,.F.);
#3392=CARTESIAN_POINT('',(0.E0,-1.25E0,0.E0));
#3393=DIRECTION('',(0.E0,1.E0,0.E0));
#3394=DIRECTION('',(-1.E0,0.E0,0.E0));
#3395=AXIS2_PLACEMENT_3D('',#3392,#3393,#3394);
#3396=PLANE('',#3395);
#3398=ORIENTED_EDGE('',*,*,#3397,.T.);
#3400=ORIENTED_EDGE('',*,*,#3399,.T.);
#3402=ORIENTED_EDGE('',*,*,#3401,.T.);
#3404=ORIENTED_EDGE('',*,*,#3403,.T.);
#3406=ORIENTED_EDGE('',*,*,#3405,.T.);
#3408=ORIENTED_EDGE('',*,*,#3407,.T.);
#3410=ORIENTED_EDGE('',*,*,#3409,.T.);
#3411=ORIENTED_EDGE('',*,*,#3308,.T.);
#3412=EDGE_LOOP('',(#3398,#3400,#3402,#3404,#3406,#3408,#3410,#3411));
#3413=FACE_OUTER_BOUND('',#3412,.F.);
#3415=CARTESIAN_POINT('',(-2.5E0,-1.25E0,-5.5E-1));
#3416=DIRECTION('',(1.E0,0.E0,0.E0));
#3417=DIRECTION('',(0.E0,0.E0,-1.E0));
#3418=AXIS2_PLACEMENT_3D('',#3415,#3416,#3417);
#3419=PLANE('',#3418);
#3421=ORIENTED_EDGE('',*,*,#3420,.F.);
#3423=ORIENTED_EDGE('',*,*,#3422,.T.);
#3425=ORIENTED_EDGE('',*,*,#3424,.F.);
#3427=ORIENTED_EDGE('',*,*,#3426,.F.);
#3429=ORIENTED_EDGE('',*,*,#3428,.F.);
#3430=ORIENTED_EDGE('',*,*,#3379,.F.);
#3431=ORIENTED_EDGE('',*,*,#3254,.T.);
#3433=ORIENTED_EDGE('',*,*,#3432,.T.);
#3434=EDGE_LOOP('',(#3421,#3423,#3425,#3427,#3429,#3430,#3431,#3433));
#3435=FACE_OUTER_BOUND('',#3434,.F.);
#3437=CARTESIAN_POINT('',(-2.5E0,-1.25E0,-8.E-1));
#3438=DIRECTION('',(0.E0,0.E0,-1.E0));
#3439=DIRECTION('',(-1.E0,0.E0,0.E0));
#3440=AXIS2_PLACEMENT_3D('',#3437,#3438,#3439);
#3441=PLANE('',#3440);
#3443=ORIENTED_EDGE('',*,*,#3442,.T.);
#3445=ORIENTED_EDGE('',*,*,#3444,.F.);
#3446=ORIENTED_EDGE('',*,*,#3381,.F.);
#3447=ORIENTED_EDGE('',*,*,#3428,.T.);
#3448=EDGE_LOOP('',(#3443,#3445,#3446,#3447));
#3449=FACE_OUTER_BOUND('',#3448,.F.);
#3451=CARTESIAN_POINT('',(-2.5E0,-1.25E0,-8.E-1));
#3452=DIRECTION('',(0.E0,0.E0,-1.E0));
#3453=DIRECTION('',(-1.E0,0.E0,0.E0));
#3454=AXIS2_PLACEMENT_3D('',#3451,#3452,#3453);
#3455=PLANE('',#3454);
#3457=ORIENTED_EDGE('',*,*,#3456,.F.);
#3458=ORIENTED_EDGE('',*,*,#3420,.T.);
#3460=ORIENTED_EDGE('',*,*,#3459,.T.);
#3462=ORIENTED_EDGE('',*,*,#3461,.F.);
#3463=EDGE_LOOP('',(#3457,#3458,#3460,#3462));
#3464=FACE_OUTER_BOUND('',#3463,.F.);
#3466=CARTESIAN_POINT('',(0.E0,-2.5E-1,0.E0));
#3467=DIRECTION('',(0.E0,1.E0,0.E0));
#3468=DIRECTION('',(-1.E0,0.E0,0.E0));
#3469=AXIS2_PLACEMENT_3D('',#3466,#3467,#3468);
#3470=PLANE('',#3469);
#3471=ORIENTED_EDGE('',*,*,#3442,.F.);
#3472=ORIENTED_EDGE('',*,*,#3426,.T.);
#3474=ORIENTED_EDGE('',*,*,#3473,.T.);
#3476=ORIENTED_EDGE('',*,*,#3475,.T.);
#3477=EDGE_LOOP('',(#3471,#3472,#3474,#3476));
#3478=FACE_OUTER_BOUND('',#3477,.F.);
#3480=CARTESIAN_POINT('',(0.E0,-2.5E-1,0.E0));
#3481=DIRECTION('',(0.E0,1.E0,0.E0));
#3482=DIRECTION('',(-1.E0,0.E0,0.E0));
#3483=AXIS2_PLACEMENT_3D('',#3480,#3481,#3482);
#3484=PLANE('',#3483);
#3486=ORIENTED_EDGE('',*,*,#3485,.F.);
#3488=ORIENTED_EDGE('',*,*,#3487,.T.);
#3490=ORIENTED_EDGE('',*,*,#3489,.T.);
#3492=ORIENTED_EDGE('',*,*,#3491,.T.);
#3493=EDGE_LOOP('',(#3486,#3488,#3490,#3492));
#3494=FACE_OUTER_BOUND('',#3493,.F.);
#3496=CARTESIAN_POINT('',(-2.5E0,-2.5E-1,-1.2E0));
#3497=DIRECTION('',(0.E0,0.E0,-1.E0));
#3498=DIRECTION('',(-1.E0,0.E0,0.E0));
#3499=AXIS2_PLACEMENT_3D('',#3496,#3497,#3498);
#3500=PLANE('',#3499);
#3501=ORIENTED_EDGE('',*,*,#3473,.F.);
#3502=ORIENTED_EDGE('',*,*,#3424,.T.);
#3504=ORIENTED_EDGE('',*,*,#3503,.T.);
#3506=ORIENTED_EDGE('',*,*,#3505,.F.);
#3507=EDGE_LOOP('',(#3501,#3502,#3504,#3506));
#3508=FACE_OUTER_BOUND('',#3507,.F.);
#3510=CARTESIAN_POINT('',(0.E0,2.5E-1,0.E0));
#3511=DIRECTION('',(0.E0,1.E0,0.E0));
#3512=DIRECTION('',(-1.E0,0.E0,0.E0));
#3513=AXIS2_PLACEMENT_3D('',#3510,#3511,#3512);
#3514=PLANE('',#3513);
#3515=ORIENTED_EDGE('',*,*,#3456,.T.);
#3517=ORIENTED_EDGE('',*,*,#3516,.F.);
#3518=ORIENTED_EDGE('',*,*,#3503,.F.);
#3519=ORIENTED_EDGE('',*,*,#3422,.F.);
#3520=EDGE_LOOP('',(#3515,#3517,#3518,#3519));
#3521=FACE_OUTER_BOUND('',#3520,.F.);
#3523=CARTESIAN_POINT('',(0.E0,2.5E-1,0.E0));
#3524=DIRECTION('',(0.E0,1.E0,0.E0));
#3525=DIRECTION('',(-1.E0,0.E0,0.E0));
#3526=AXIS2_PLACEMENT_3D('',#3523,#3524,#3525);
#3527=PLANE('',#3526);
#3529=ORIENTED_EDGE('',*,*,#3528,.T.);
#3531=ORIENTED_EDGE('',*,*,#3530,.F.);
#3533=ORIENTED_EDGE('',*,*,#3532,.F.);
#3535=ORIENTED_EDGE('',*,*,#3534,.F.);
#3536=EDGE_LOOP('',(#3529,#3531,#3533,#3535));
#3537=FACE_OUTER_BOUND('',#3536,.F.);
#3539=CARTESIAN_POINT('',(-2.6E0,-1.25E0,-8.E-1));
#3540=DIRECTION('',(-1.E0,0.E0,0.E0));
#3541=DIRECTION('',(0.E0,0.E0,1.E0));
#3542=AXIS2_PLACEMENT_3D('',#3539,#3540,#3541);
#3543=PLANE('',#3542);
#3544=ORIENTED_EDGE('',*,*,#3444,.T.);
#3545=ORIENTED_EDGE('',*,*,#3475,.F.);
#3546=ORIENTED_EDGE('',*,*,#3505,.T.);
#3547=ORIENTED_EDGE('',*,*,#3516,.T.);
#3548=ORIENTED_EDGE('',*,*,#3461,.T.);
#3550=ORIENTED_EDGE('',*,*,#3549,.T.);
#3552=ORIENTED_EDGE('',*,*,#3551,.F.);
#3553=ORIENTED_EDGE('',*,*,#3383,.F.);
#3554=EDGE_LOOP('',(#3544,#3545,#3546,#3547,#3548,#3550,#3552,#3553));
#3555=FACE_OUTER_BOUND('',#3554,.F.);
#3557=CARTESIAN_POINT('',(0.E0,1.25E0,0.E0));
#3558=DIRECTION('',(0.E0,1.E0,0.E0));
#3559=DIRECTION('',(-1.E0,0.E0,0.E0));
#3560=AXIS2_PLACEMENT_3D('',#3557,#3558,#3559);
#3561=PLANE('',#3560);
#3562=ORIENTED_EDGE('',*,*,#3361,.T.);
#3564=ORIENTED_EDGE('',*,*,#3563,.F.);
#3566=ORIENTED_EDGE('',*,*,#3565,.F.);
#3567=ORIENTED_EDGE('',*,*,#3549,.F.);
#3568=ORIENTED_EDGE('',*,*,#3459,.F.);
#3569=ORIENTED_EDGE('',*,*,#3432,.F.);
#3570=ORIENTED_EDGE('',*,*,#3252,.F.);
#3571=ORIENTED_EDGE('',*,*,#3270,.F.);
#3572=EDGE_LOOP('',(#3562,#3564,#3566,#3567,#3568,#3569,#3570,#3571));
#3573=FACE_OUTER_BOUND('',#3572,.F.);
#3575=CARTESIAN_POINT('',(0.E0,1.25E0,0.E0));
#3576=DIRECTION('',(0.E0,1.E0,0.E0));
#3577=DIRECTION('',(-1.E0,0.E0,0.E0));
#3578=AXIS2_PLACEMENT_3D('',#3575,#3576,#3577);
#3579=PLANE('',#3578);
#3581=ORIENTED_EDGE('',*,*,#3580,.F.);
#3582=ORIENTED_EDGE('',*,*,#3330,.F.);
#3584=ORIENTED_EDGE('',*,*,#3583,.F.);
#3586=ORIENTED_EDGE('',*,*,#3585,.F.);
#3588=ORIENTED_EDGE('',*,*,#3587,.F.);
#3590=ORIENTED_EDGE('',*,*,#3589,.F.);
#3592=ORIENTED_EDGE('',*,*,#3591,.F.);
#3594=ORIENTED_EDGE('',*,*,#3593,.F.);
#3595=EDGE_LOOP('',(#3581,#3582,#3584,#3586,#3588,#3590,#3592,#3594));
#3596=FACE_OUTER_BOUND('',#3595,.F.);
#3598=CARTESIAN_POINT('',(0.E0,0.E0,-4.E-1));
#3599=DIRECTION('',(0.E0,0.E0,1.E0));
#3600=DIRECTION('',(1.E0,0.E0,0.E0));
#3601=AXIS2_PLACEMENT_3D('',#3598,#3599,#3600);
#3602=PLANE('',#3601);
#3604=ORIENTED_EDGE('',*,*,#3603,.F.);
#3605=ORIENTED_EDGE('',*,*,#3593,.T.);
#3607=ORIENTED_EDGE('',*,*,#3606,.F.);
#3608=ORIENTED_EDGE('',*,*,#3399,.F.);
#3610=ORIENTED_EDGE('',*,*,#3609,.F.);
#3612=ORIENTED_EDGE('',*,*,#3611,.F.);
#3614=ORIENTED_EDGE('',*,*,#3613,.F.);
#3616=ORIENTED_EDGE('',*,*,#3615,.T.);
#3618=ORIENTED_EDGE('',*,*,#3617,.F.);
#3620=ORIENTED_EDGE('',*,*,#3619,.T.);
#3622=ORIENTED_EDGE('',*,*,#3621,.F.);
#3624=ORIENTED_EDGE('',*,*,#3623,.F.);
#3625=ORIENTED_EDGE('',*,*,#3348,.F.);
#3626=ORIENTED_EDGE('',*,*,#3387,.F.);
#3628=ORIENTED_EDGE('',*,*,#3627,.T.);
#3629=ORIENTED_EDGE('',*,*,#3563,.T.);
#3630=ORIENTED_EDGE('',*,*,#3366,.F.);
#3632=ORIENTED_EDGE('',*,*,#3631,.F.);
#3634=ORIENTED_EDGE('',*,*,#3633,.F.);
#3636=ORIENTED_EDGE('',*,*,#3635,.T.);
#3638=ORIENTED_EDGE('',*,*,#3637,.F.);
#3640=ORIENTED_EDGE('',*,*,#3639,.T.);
#3642=ORIENTED_EDGE('',*,*,#3641,.F.);
#3644=ORIENTED_EDGE('',*,*,#3643,.F.);
#3645=EDGE_LOOP('',(#3604,#3605,#3607,#3608,#3610,#3612,#3614,#3616,#3618,#3620,
#3622,#3624,#3625,#3626,#3628,#3629,#3630,#3632,#3634,#3636,#3638,#3640,#3642,
#3644));
#3646=FACE_OUTER_BOUND('',#3645,.F.);
#3648=ORIENTED_EDGE('',*,*,#3647,.T.);
#3650=ORIENTED_EDGE('',*,*,#3649,.F.);
#3652=ORIENTED_EDGE('',*,*,#3651,.T.);
#3654=ORIENTED_EDGE('',*,*,#3653,.F.);
#3656=ORIENTED_EDGE('',*,*,#3655,.T.);
#3658=ORIENTED_EDGE('',*,*,#3657,.F.);
#3660=ORIENTED_EDGE('',*,*,#3659,.T.);
#3662=ORIENTED_EDGE('',*,*,#3661,.F.);
#3664=ORIENTED_EDGE('',*,*,#3663,.T.);
#3666=ORIENTED_EDGE('',*,*,#3665,.F.);
#3668=ORIENTED_EDGE('',*,*,#3667,.T.);
#3670=ORIENTED_EDGE('',*,*,#3669,.F.);
#3672=ORIENTED_EDGE('',*,*,#3671,.T.);
#3674=ORIENTED_EDGE('',*,*,#3673,.F.);
#3676=ORIENTED_EDGE('',*,*,#3675,.T.);
#3678=ORIENTED_EDGE('',*,*,#3677,.F.);
#3679=EDGE_LOOP('',(#3648,#3650,#3652,#3654,#3656,#3658,#3660,#3662,#3664,#3666,
#3668,#3670,#3672,#3674,#3676,#3678));
#3680=FACE_BOUND('',#3679,.F.);
#3682=CARTESIAN_POINT('',(2.4E0,-1.9E0,-5.E-1));
#3683=DIRECTION('',(1.E0,0.E0,0.E0));
#3684=DIRECTION('',(0.E0,1.E0,0.E0));
#3685=AXIS2_PLACEMENT_3D('',#3682,#3683,#3684);
#3686=PLANE('',#3685);
#3687=ORIENTED_EDGE('',*,*,#3397,.F.);
#3688=ORIENTED_EDGE('',*,*,#3306,.F.);
#3690=ORIENTED_EDGE('',*,*,#3689,.T.);
#3691=ORIENTED_EDGE('',*,*,#3609,.T.);
#3692=EDGE_LOOP('',(#3687,#3688,#3690,#3691));
#3693=FACE_OUTER_BOUND('',#3692,.F.);
#3695=CARTESIAN_POINT('',(2.4E0,-1.9E0,-5.E-1));
#3696=DIRECTION('',(1.E0,0.E0,0.E0));
#3697=DIRECTION('',(0.E0,1.E0,0.E0));
#3698=AXIS2_PLACEMENT_3D('',#3695,#3696,#3697);
#3699=PLANE('',#3698);
#3700=ORIENTED_EDGE('',*,*,#3580,.T.);
#3701=ORIENTED_EDGE('',*,*,#3603,.T.);
#3703=ORIENTED_EDGE('',*,*,#3702,.F.);
#3704=ORIENTED_EDGE('',*,*,#3332,.F.);
#3705=EDGE_LOOP('',(#3700,#3701,#3703,#3704));
#3706=FACE_OUTER_BOUND('',#3705,.F.);
#3708=CARTESIAN_POINT('',(1.9E0,-1.9E0,-5.E-1));
#3709=DIRECTION('',(0.E0,0.E0,1.E0));
#3710=DIRECTION('',(1.E0,0.E0,0.E0));
#3711=AXIS2_PLACEMENT_3D('',#3708,#3709,#3710);
#3712=CYLINDRICAL_SURFACE('',#3711,5.E-1);
#3713=ORIENTED_EDGE('',*,*,#3316,.F.);
#3715=ORIENTED_EDGE('',*,*,#3714,.T.);
#3716=ORIENTED_EDGE('',*,*,#3611,.T.);
#3717=ORIENTED_EDGE('',*,*,#3689,.F.);
#3718=EDGE_LOOP('',(#3713,#3715,#3716,#3717));
#3719=FACE_OUTER_BOUND('',#3718,.F.);
#3721=CARTESIAN_POINT('',(-1.9E0,-2.4E0,-5.E-1));
#3722=DIRECTION('',(0.E0,-1.E0,0.E0));
#3723=DIRECTION('',(1.E0,0.E0,0.E0));
#3724=AXIS2_PLACEMENT_3D('',#3721,#3722,#3723);
#3725=PLANE('',#3724);
#3727=ORIENTED_EDGE('',*,*,#3726,.F.);
#3729=ORIENTED_EDGE('',*,*,#3728,.F.);
#3730=ORIENTED_EDGE('',*,*,#3296,.F.);
#3732=ORIENTED_EDGE('',*,*,#3731,.T.);
#3733=ORIENTED_EDGE('',*,*,#3621,.T.);
#3734=EDGE_LOOP('',(#3727,#3729,#3730,#3732,#3733));
#3735=FACE_OUTER_BOUND('',#3734,.F.);
#3737=CARTESIAN_POINT('',(-1.9E0,-2.4E0,-5.E-1));
#3738=DIRECTION('',(0.E0,-1.E0,0.E0));
#3739=DIRECTION('',(1.E0,0.E0,0.E0));
#3740=AXIS2_PLACEMENT_3D('',#3737,#3738,#3739);
#3741=PLANE('',#3740);
#3743=ORIENTED_EDGE('',*,*,#3742,.T.);
#3744=ORIENTED_EDGE('',*,*,#3613,.T.);
#3745=ORIENTED_EDGE('',*,*,#3714,.F.);
#3746=ORIENTED_EDGE('',*,*,#3314,.F.);
#3748=ORIENTED_EDGE('',*,*,#3747,.F.);
#3749=EDGE_LOOP('',(#3743,#3744,#3745,#3746,#3748));
#3750=FACE_OUTER_BOUND('',#3749,.F.);
#3752=CARTESIAN_POINT('',(-6.E-1,0.E0,0.E0));
#3753=DIRECTION('',(-1.E0,0.E0,0.E0));
#3754=DIRECTION('',(0.E0,0.E0,-1.E0));
#3755=AXIS2_PLACEMENT_3D('',#3752,#3753,#3754);
#3756=PLANE('',#3755);
#3758=ORIENTED_EDGE('',*,*,#3757,.F.);
#3760=ORIENTED_EDGE('',*,*,#3759,.T.);
#3761=ORIENTED_EDGE('',*,*,#3726,.T.);
#3762=ORIENTED_EDGE('',*,*,#3619,.F.);
#3764=ORIENTED_EDGE('',*,*,#3763,.F.);
#3766=ORIENTED_EDGE('',*,*,#3765,.F.);
#3768=ORIENTED_EDGE('',*,*,#3767,.F.);
#3770=ORIENTED_EDGE('',*,*,#3769,.F.);
#3772=ORIENTED_EDGE('',*,*,#3771,.F.);
#3774=ORIENTED_EDGE('',*,*,#3773,.F.);
#3776=ORIENTED_EDGE('',*,*,#3775,.F.);
#3778=ORIENTED_EDGE('',*,*,#3777,.F.);
#3780=ORIENTED_EDGE('',*,*,#3779,.F.);
#3781=EDGE_LOOP('',(#3758,#3760,#3761,#3762,#3764,#3766,#3768,#3770,#3772,#3774,
#3776,#3778,#3780));
#3782=FACE_OUTER_BOUND('',#3781,.F.);
#3784=CARTESIAN_POINT('',(0.E0,-2.45E0,-5.5E-1));
#3785=DIRECTION('',(-1.E0,0.E0,0.E0));
#3786=DIRECTION('',(0.E0,0.E0,-1.E0));
#3787=AXIS2_PLACEMENT_3D('',#3784,#3785,#3786);
#3788=CYLINDRICAL_SURFACE('',#3787,5.E-2);
#3790=ORIENTED_EDGE('',*,*,#3789,.F.);
#3792=ORIENTED_EDGE('',*,*,#3791,.T.);
#3794=ORIENTED_EDGE('',*,*,#3793,.T.);
#3795=ORIENTED_EDGE('',*,*,#3757,.T.);
#3797=ORIENTED_EDGE('',*,*,#3796,.T.);
#3798=EDGE_LOOP('',(#3790,#3792,#3794,#3795,#3797));
#3799=FACE_OUTER_BOUND('',#3798,.F.);
#3801=CARTESIAN_POINT('',(3.E-1,-9.37872E0,-5.4580786E-1));
#3802=DIRECTION('',(0.E0,1.E0,0.E0));
#3803=DIRECTION('',(1.E0,0.E0,0.E0));
#3804=AXIS2_PLACEMENT_3D('',#3801,#3802,#3803);
#3805=CYLINDRICAL_SURFACE('',#3804,3.E-1);
#3807=ORIENTED_EDGE('',*,*,#3806,.T.);
#3808=ORIENTED_EDGE('',*,*,#3789,.T.);
#3810=ORIENTED_EDGE('',*,*,#3809,.T.);
#3812=ORIENTED_EDGE('',*,*,#3811,.F.);
#3814=ORIENTED_EDGE('',*,*,#3813,.T.);
#3816=ORIENTED_EDGE('',*,*,#3815,.T.);
#3817=EDGE_LOOP('',(#3807,#3808,#3810,#3812,#3814,#3816));
#3818=FACE_OUTER_BOUND('',#3817,.F.);
#3820=CARTESIAN_POINT('',(6.E-1,0.E0,0.E0));
#3821=DIRECTION('',(1.E0,0.E0,0.E0));
#3822=DIRECTION('',(0.E0,1.E0,0.E0));
#3823=AXIS2_PLACEMENT_3D('',#3820,#3821,#3822);
#3824=PLANE('',#3823);
#3825=ORIENTED_EDGE('',*,*,#3806,.F.);
#3827=ORIENTED_EDGE('',*,*,#3826,.F.);
#3828=ORIENTED_EDGE('',*,*,#3615,.F.);
#3829=ORIENTED_EDGE('',*,*,#3742,.F.);
#3831=ORIENTED_EDGE('',*,*,#3830,.F.);
#3832=ORIENTED_EDGE('',*,*,#3791,.F.);
#3833=EDGE_LOOP('',(#3825,#3827,#3828,#3829,#3831,#3832));
#3834=FACE_OUTER_BOUND('',#3833,.F.);
#3836=CARTESIAN_POINT('',(0.E0,-2.45E0,-5.5E-1));
#3837=DIRECTION('',(-1.E0,0.E0,0.E0));
#3838=DIRECTION('',(0.E0,0.E0,-1.E0));
#3839=AXIS2_PLACEMENT_3D('',#3836,#3837,#3838);
#3840=CYLINDRICAL_SURFACE('',#3839,1.5E-1);
#3841=ORIENTED_EDGE('',*,*,#3815,.F.);
#3843=ORIENTED_EDGE('',*,*,#3842,.F.);
#3844=ORIENTED_EDGE('',*,*,#3763,.T.);
#3845=ORIENTED_EDGE('',*,*,#3617,.T.);
#3846=ORIENTED_EDGE('',*,*,#3826,.T.);
#3847=EDGE_LOOP('',(#3841,#3843,#3844,#3845,#3846));
#3848=FACE_OUTER_BOUND('',#3847,.F.);
#3850=CARTESIAN_POINT('',(0.E0,-2.6E0,-1.04E0));
#3851=DIRECTION('',(0.E0,-1.E0,0.E0));
#3852=DIRECTION('',(0.E0,0.E0,1.E0));
#3853=AXIS2_PLACEMENT_3D('',#3850,#3851,#3852);
#3854=PLANE('',#3853);
#3855=ORIENTED_EDGE('',*,*,#3813,.F.);
#3857=ORIENTED_EDGE('',*,*,#3856,.F.);
#3859=ORIENTED_EDGE('',*,*,#3858,.F.);
#3861=ORIENTED_EDGE('',*,*,#3860,.F.);
#3863=ORIENTED_EDGE('',*,*,#3862,.T.);
#3864=ORIENTED_EDGE('',*,*,#3765,.T.);
#3865=ORIENTED_EDGE('',*,*,#3842,.T.);
#3866=EDGE_LOOP('',(#3855,#3857,#3859,#3861,#3863,#3864,#3865));
#3867=FACE_OUTER_BOUND('',#3866,.F.);
#3869=CARTESIAN_POINT('',(0.E0,-2.6E0,-8.4580786E-1));
#3870=DIRECTION('',(0.E0,0.E0,-1.E0));
#3871=DIRECTION('',(0.E0,1.E0,0.E0));
#3872=AXIS2_PLACEMENT_3D('',#3869,#3870,#3871);
#3873=PLANE('',#3872);
#3874=ORIENTED_EDGE('',*,*,#3811,.T.);
#3876=ORIENTED_EDGE('',*,*,#3875,.F.);
#3878=ORIENTED_EDGE('',*,*,#3877,.F.);
#3879=ORIENTED_EDGE('',*,*,#3856,.T.);
#3880=EDGE_LOOP('',(#3874,#3876,#3878,#3879));
#3881=FACE_OUTER_BOUND('',#3880,.F.);
#3883=CARTESIAN_POINT('',(0.E0,-2.5E0,-5.5E-1));
#3884=DIRECTION('',(0.E0,1.E0,0.E0));
#3885=DIRECTION('',(0.E0,0.E0,-1.E0));
#3886=AXIS2_PLACEMENT_3D('',#3883,#3884,#3885);
#3887=PLANE('',#3886);
#3888=ORIENTED_EDGE('',*,*,#3809,.F.);
#3889=ORIENTED_EDGE('',*,*,#3796,.F.);
#3890=ORIENTED_EDGE('',*,*,#3779,.T.);
#3892=ORIENTED_EDGE('',*,*,#3891,.F.);
#3894=ORIENTED_EDGE('',*,*,#3893,.F.);
#3896=ORIENTED_EDGE('',*,*,#3895,.F.);
#3897=ORIENTED_EDGE('',*,*,#3875,.T.);
#3898=EDGE_LOOP('',(#3888,#3889,#3890,#3892,#3894,#3896,#3897));
#3899=FACE_OUTER_BOUND('',#3898,.F.);
#3901=CARTESIAN_POINT('',(0.E0,-2.49E0,-1.04E0));
#3902=DIRECTION('',(-1.E0,0.E0,0.E0));
#3903=DIRECTION('',(0.E0,0.E0,-1.E0));
#3904=AXIS2_PLACEMENT_3D('',#3901,#3902,#3903);
#3905=CYLINDRICAL_SURFACE('',#3904,1.E-2);
#3907=ORIENTED_EDGE('',*,*,#3906,.F.);
#3908=ORIENTED_EDGE('',*,*,#3891,.T.);
#3909=ORIENTED_EDGE('',*,*,#3777,.T.);
#3911=ORIENTED_EDGE('',*,*,#3910,.F.);
#3912=EDGE_LOOP('',(#3907,#3908,#3909,#3911));
#3913=FACE_OUTER_BOUND('',#3912,.F.);
#3915=CARTESIAN_POINT('',(0.E0,0.E0,0.E0));
#3916=DIRECTION('',(-1.E0,0.E0,0.E0));
#3917=DIRECTION('',(0.E0,0.E0,-1.E0));
#3918=AXIS2_PLACEMENT_3D('',#3915,#3916,#3917);
#3919=PLANE('',#3918);
#3921=ORIENTED_EDGE('',*,*,#3920,.T.);
#3922=ORIENTED_EDGE('',*,*,#3893,.T.);
#3923=ORIENTED_EDGE('',*,*,#3906,.T.);
#3925=ORIENTED_EDGE('',*,*,#3924,.T.);
#3927=ORIENTED_EDGE('',*,*,#3926,.T.);
#3929=ORIENTED_EDGE('',*,*,#3928,.T.);
#3931=ORIENTED_EDGE('',*,*,#3930,.T.);
#3933=ORIENTED_EDGE('',*,*,#3932,.T.);
#3934=ORIENTED_EDGE('',*,*,#3860,.T.);
#3935=EDGE_LOOP('',(#3921,#3922,#3923,#3925,#3927,#3929,#3931,#3933,#3934));
#3936=FACE_OUTER_BOUND('',#3935,.F.);
#3938=CARTESIAN_POINT('',(1.5E-1,-9.37872E0,-9.9580786E-1));
#3939=DIRECTION('',(0.E0,1.E0,0.E0));
#3940=DIRECTION('',(-1.E0,0.E0,0.E0));
#3941=AXIS2_PLACEMENT_3D('',#3938,#3939,#3940);
#3942=CYLINDRICAL_SURFACE('',#3941,1.5E-1);
#3943=ORIENTED_EDGE('',*,*,#3920,.F.);
#3944=ORIENTED_EDGE('',*,*,#3858,.T.);
#3945=ORIENTED_EDGE('',*,*,#3877,.T.);
#3946=ORIENTED_EDGE('',*,*,#3895,.T.);
#3947=EDGE_LOOP('',(#3943,#3944,#3945,#3946));
#3948=FACE_OUTER_BOUND('',#3947,.F.);
#3950=CARTESIAN_POINT('',(0.E0,-2.49E0,-1.05E0));
#3951=DIRECTION('',(0.E0,0.E0,1.E0));
#3952=DIRECTION('',(0.E0,1.E0,0.E0));
#3953=AXIS2_PLACEMENT_3D('',#3950,#3951,#3952);
#3954=PLANE('',#3953);
#3956=ORIENTED_EDGE('',*,*,#3955,.F.);
#3957=ORIENTED_EDGE('',*,*,#3924,.F.);
#3958=ORIENTED_EDGE('',*,*,#3910,.T.);
#3959=ORIENTED_EDGE('',*,*,#3775,.T.);
#3960=EDGE_LOOP('',(#3956,#3957,#3958,#3959));
#3961=FACE_OUTER_BOUND('',#3960,.F.);
#3963=CARTESIAN_POINT('',(-2.45E0,-2.45E0,-6.2E-1));
#3964=DIRECTION('',(0.E0,-1.E0,0.E0));
#3965=DIRECTION('',(1.E0,0.E0,0.E0));
#3966=AXIS2_PLACEMENT_3D('',#3963,#3964,#3965);
#3967=PLANE('',#3966);
#3968=ORIENTED_EDGE('',*,*,#3793,.F.);
#3970=ORIENTED_EDGE('',*,*,#3969,.T.);
#3972=ORIENTED_EDGE('',*,*,#3971,.F.);
#3973=ORIENTED_EDGE('',*,*,#3183,.T.);
#3975=ORIENTED_EDGE('',*,*,#3974,.F.);
#3977=ORIENTED_EDGE('',*,*,#3976,.T.);
#3979=ORIENTED_EDGE('',*,*,#3978,.T.);
#3981=ORIENTED_EDGE('',*,*,#3980,.F.);
#3982=ORIENTED_EDGE('',*,*,#3955,.T.);
#3984=ORIENTED_EDGE('',*,*,#3983,.F.);
#3985=ORIENTED_EDGE('',*,*,#3221,.F.);
#3987=ORIENTED_EDGE('',*,*,#3986,.T.);
#3989=ORIENTED_EDGE('',*,*,#3988,.T.);
#3990=ORIENTED_EDGE('',*,*,#3167,.T.);
#3992=ORIENTED_EDGE('',*,*,#3991,.T.);
#3994=ORIENTED_EDGE('',*,*,#3993,.T.);
#3995=EDGE_LOOP('',(#3968,#3970,#3972,#3973,#3975,#3977,#3979,#3981,#3982,#3984,
#3985,#3987,#3989,#3990,#3992,#3994));
#3996=FACE_OUTER_BOUND('',#3995,.F.);
#3998=ORIENTED_EDGE('',*,*,#3997,.F.);
#4000=ORIENTED_EDGE('',*,*,#3999,.T.);
#4002=ORIENTED_EDGE('',*,*,#4001,.T.);
#4004=ORIENTED_EDGE('',*,*,#4003,.F.);
#4005=EDGE_LOOP('',(#3998,#4000,#4002,#4004));
#4006=FACE_BOUND('',#4005,.F.);
#4008=ORIENTED_EDGE('',*,*,#4007,.F.);
#4010=ORIENTED_EDGE('',*,*,#4009,.T.);
#4012=ORIENTED_EDGE('',*,*,#4011,.T.);
#4014=ORIENTED_EDGE('',*,*,#4013,.F.);
#4015=EDGE_LOOP('',(#4008,#4010,#4012,#4014));
#4016=FACE_BOUND('',#4015,.F.);
#4018=CARTESIAN_POINT('',(0.E0,0.E0,-5.E-1));
#4019=DIRECTION('',(0.E0,0.E0,1.E0));
#4020=DIRECTION('',(1.E0,0.E0,0.E0));
#4021=AXIS2_PLACEMENT_3D('',#4018,#4019,#4020);
#4022=PLANE('',#4021);
#4024=ORIENTED_EDGE('',*,*,#4023,.F.);
#4026=ORIENTED_EDGE('',*,*,#4025,.F.);
#4028=ORIENTED_EDGE('',*,*,#4027,.F.);
#4030=ORIENTED_EDGE('',*,*,#4029,.T.);
#4031=EDGE_LOOP('',(#4024,#4026,#4028,#4030));
#4032=FACE_OUTER_BOUND('',#4031,.F.);
#4034=CARTESIAN_POINT('',(0.E0,0.E0,-5.E-1));
#4035=DIRECTION('',(0.E0,0.E0,1.E0));
#4036=DIRECTION('',(1.E0,0.E0,0.E0));
#4037=AXIS2_PLACEMENT_3D('',#4034,#4035,#4036);
#4038=PLANE('',#4037);
#4040=ORIENTED_EDGE('',*,*,#4039,.T.);
#4042=ORIENTED_EDGE('',*,*,#4041,.T.);
#4044=ORIENTED_EDGE('',*,*,#4043,.F.);
#4046=ORIENTED_EDGE('',*,*,#4045,.F.);
#4047=EDGE_LOOP('',(#4040,#4042,#4044,#4046));
#4048=FACE_OUTER_BOUND('',#4047,.F.);
#4050=CARTESIAN_POINT('',(0.E0,0.E0,-5.E-1));
#4051=DIRECTION('',(0.E0,0.E0,1.E0));
#4052=DIRECTION('',(1.E0,0.E0,0.E0));
#4053=AXIS2_PLACEMENT_3D('',#4050,#4051,#4052);
#4054=PLANE('',#4053);
#4055=ORIENTED_EDGE('',*,*,#3759,.F.);
#4056=ORIENTED_EDGE('',*,*,#3993,.F.);
#4058=ORIENTED_EDGE('',*,*,#4057,.F.);
#4059=ORIENTED_EDGE('',*,*,#3728,.T.);
#4060=EDGE_LOOP('',(#4055,#4056,#4058,#4059));
#4061=FACE_OUTER_BOUND('',#4060,.F.);
#4063=CARTESIAN_POINT('',(0.E0,0.E0,-5.E-1));
#4064=DIRECTION('',(0.E0,0.E0,1.E0));
#4065=DIRECTION('',(1.E0,0.E0,0.E0));
#4066=AXIS2_PLACEMENT_3D('',#4063,#4064,#4065);
#4067=PLANE('',#4066);
#4068=ORIENTED_EDGE('',*,*,#3830,.T.);
#4069=ORIENTED_EDGE('',*,*,#3747,.T.);
#4071=ORIENTED_EDGE('',*,*,#4070,.F.);
#4072=ORIENTED_EDGE('',*,*,#3969,.F.);
#4073=EDGE_LOOP('',(#4068,#4069,#4071,#4072));
#4074=FACE_OUTER_BOUND('',#4073,.F.);
#4076=CARTESIAN_POINT('',(6.E-1,0.E0,0.E0));
#4077=DIRECTION('',(1.E0,0.E0,0.E0));
#4078=DIRECTION('',(0.E0,0.E0,-1.E0));
#4079=AXIS2_PLACEMENT_3D('',#4076,#4077,#4078);
#4080=PLANE('',#4079);
#4081=ORIENTED_EDGE('',*,*,#4023,.T.);
#4083=ORIENTED_EDGE('',*,*,#4082,.T.);
#4084=ORIENTED_EDGE('',*,*,#3639,.F.);
#4086=ORIENTED_EDGE('',*,*,#4085,.F.);
#4088=ORIENTED_EDGE('',*,*,#4087,.F.);
#4090=ORIENTED_EDGE('',*,*,#4089,.F.);
#4092=ORIENTED_EDGE('',*,*,#4091,.F.);
#4094=ORIENTED_EDGE('',*,*,#4093,.F.);
#4096=ORIENTED_EDGE('',*,*,#4095,.F.);
#4098=ORIENTED_EDGE('',*,*,#4097,.F.);
#4100=ORIENTED_EDGE('',*,*,#4099,.F.);
#4102=ORIENTED_EDGE('',*,*,#4101,.F.);
#4104=ORIENTED_EDGE('',*,*,#4103,.F.);
#4105=EDGE_LOOP('',(#4081,#4083,#4084,#4086,#4088,#4090,#4092,#4094,#4096,#4098,
#4100,#4102,#4104));
#4106=FACE_OUTER_BOUND('',#4105,.F.);
#4108=CARTESIAN_POINT('',(1.9E0,2.4E0,-5.E-1));
#4109=DIRECTION('',(0.E0,1.E0,0.E0));
#4110=DIRECTION('',(-1.E0,0.E0,0.E0));
#4111=AXIS2_PLACEMENT_3D('',#4108,#4109,#4110);
#4112=PLANE('',#4111);
#4113=ORIENTED_EDGE('',*,*,#4082,.F.);
#4114=ORIENTED_EDGE('',*,*,#4029,.F.);
#4115=ORIENTED_EDGE('',*,*,#3336,.F.);
#4117=ORIENTED_EDGE('',*,*,#4116,.T.);
#4118=ORIENTED_EDGE('',*,*,#3641,.T.);
#4119=EDGE_LOOP('',(#4113,#4114,#4115,#4117,#4118));
#4120=FACE_OUTER_BOUND('',#4119,.F.);
#4122=CARTESIAN_POINT('',(1.9E0,2.4E0,-5.E-1));
#4123=DIRECTION('',(0.E0,1.E0,0.E0));
#4124=DIRECTION('',(-1.E0,0.E0,0.E0));
#4125=AXIS2_PLACEMENT_3D('',#4122,#4123,#4124);
#4126=PLANE('',#4125);
#4128=ORIENTED_EDGE('',*,*,#4127,.T.);
#4129=ORIENTED_EDGE('',*,*,#3633,.T.);
#4131=ORIENTED_EDGE('',*,*,#4130,.F.);
#4132=ORIENTED_EDGE('',*,*,#3275,.F.);
#4133=ORIENTED_EDGE('',*,*,#4041,.F.);
#4134=EDGE_LOOP('',(#4128,#4129,#4131,#4132,#4133));
#4135=FACE_OUTER_BOUND('',#4134,.F.);
#4137=CARTESIAN_POINT('',(1.9E0,1.9E0,-5.E-1));
#4138=DIRECTION('',(0.E0,0.E0,1.E0));
#4139=DIRECTION('',(1.E0,0.E0,0.E0));
#4140=AXIS2_PLACEMENT_3D('',#4137,#4138,#4139);
#4141=CYLINDRICAL_SURFACE('',#4140,5.E-1);
#4142=ORIENTED_EDGE('',*,*,#3334,.F.);
#4143=ORIENTED_EDGE('',*,*,#3702,.T.);
#4144=ORIENTED_EDGE('',*,*,#3643,.T.);
#4145=ORIENTED_EDGE('',*,*,#4116,.F.);
#4146=EDGE_LOOP('',(#4142,#4143,#4144,#4145));
#4147=FACE_OUTER_BOUND('',#4146,.F.);
#4149=CARTESIAN_POINT('',(-6.E-1,0.E0,0.E0));
#4150=DIRECTION('',(-1.E0,0.E0,0.E0));
#4151=DIRECTION('',(0.E0,-1.E0,0.E0));
#4152=AXIS2_PLACEMENT_3D('',#4149,#4150,#4151);
#4153=PLANE('',#4152);
#4155=ORIENTED_EDGE('',*,*,#4154,.F.);
#4157=ORIENTED_EDGE('',*,*,#4156,.F.);
#4158=ORIENTED_EDGE('',*,*,#3635,.F.);
#4159=ORIENTED_EDGE('',*,*,#4127,.F.);
#4160=ORIENTED_EDGE('',*,*,#4039,.F.);
#4162=ORIENTED_EDGE('',*,*,#4161,.F.);
#4163=EDGE_LOOP('',(#4155,#4157,#4158,#4159,#4160,#4162));
#4164=FACE_OUTER_BOUND('',#4163,.F.);
#4166=CARTESIAN_POINT('',(-3.E-1,9.18318E0,-5.4580786E-1));
#4167=DIRECTION('',(0.E0,-1.E0,0.E0));
#4168=DIRECTION('',(-1.E0,0.E0,0.E0));
#4169=AXIS2_PLACEMENT_3D('',#4166,#4167,#4168);
#4170=CYLINDRICAL_SURFACE('',#4169,3.E-1);
#4171=ORIENTED_EDGE('',*,*,#4154,.T.);
#4173=ORIENTED_EDGE('',*,*,#4172,.T.);
#4175=ORIENTED_EDGE('',*,*,#4174,.T.);
#4177=ORIENTED_EDGE('',*,*,#4176,.F.);
#4179=ORIENTED_EDGE('',*,*,#4178,.T.);
#4181=ORIENTED_EDGE('',*,*,#4180,.T.);
#4182=EDGE_LOOP('',(#4171,#4173,#4175,#4177,#4179,#4181));
#4183=FACE_OUTER_BOUND('',#4182,.F.);
#4185=CARTESIAN_POINT('',(0.E0,2.45E0,-5.5E-1));
#4186=DIRECTION('',(1.E0,0.E0,0.E0));
#4187=DIRECTION('',(0.E0,0.E0,-1.E0));
#4188=AXIS2_PLACEMENT_3D('',#4185,#4186,#4187);
#4189=CYLINDRICAL_SURFACE('',#4188,5.E-2);
#4190=ORIENTED_EDGE('',*,*,#4172,.F.);
#4191=ORIENTED_EDGE('',*,*,#4161,.T.);
#4193=ORIENTED_EDGE('',*,*,#4192,.T.);
#4194=ORIENTED_EDGE('',*,*,#4103,.T.);
#4196=ORIENTED_EDGE('',*,*,#4195,.T.);
#4197=EDGE_LOOP('',(#4190,#4191,#4193,#4194,#4196));
#4198=FACE_OUTER_BOUND('',#4197,.F.);
#4200=CARTESIAN_POINT('',(2.45E0,2.45E0,-6.2E-1));
#4201=DIRECTION('',(0.E0,1.E0,0.E0));
#4202=DIRECTION('',(-1.E0,0.E0,0.E0));
#4203=AXIS2_PLACEMENT_3D('',#4200,#4201,#4202);
#4204=PLANE('',#4203);
#4205=ORIENTED_EDGE('',*,*,#4192,.F.);
#4206=ORIENTED_EDGE('',*,*,#4045,.T.);
#4208=ORIENTED_EDGE('',*,*,#4207,.F.);
#4209=ORIENTED_EDGE('',*,*,#3123,.T.);
#4211=ORIENTED_EDGE('',*,*,#4210,.F.);
#4213=ORIENTED_EDGE('',*,*,#4212,.T.);
#4214=ORIENTED_EDGE('',*,*,#3233,.T.);
#4216=ORIENTED_EDGE('',*,*,#4215,.F.);
#4218=ORIENTED_EDGE('',*,*,#4217,.T.);
#4220=ORIENTED_EDGE('',*,*,#4219,.F.);
#4222=ORIENTED_EDGE('',*,*,#4221,.F.);
#4224=ORIENTED_EDGE('',*,*,#4223,.F.);
#4226=ORIENTED_EDGE('',*,*,#4225,.T.);
#4227=ORIENTED_EDGE('',*,*,#3147,.T.);
#4229=ORIENTED_EDGE('',*,*,#4228,.T.);
#4230=ORIENTED_EDGE('',*,*,#4025,.T.);
#4231=EDGE_LOOP('',(#4205,#4206,#4208,#4209,#4211,#4213,#4214,#4216,#4218,#4220,
#4222,#4224,#4226,#4227,#4229,#4230));
#4232=FACE_OUTER_BOUND('',#4231,.F.);
#4234=ORIENTED_EDGE('',*,*,#4233,.T.);
#4236=ORIENTED_EDGE('',*,*,#4235,.T.);
#4238=ORIENTED_EDGE('',*,*,#4237,.F.);
#4240=ORIENTED_EDGE('',*,*,#4239,.F.);
#4241=EDGE_LOOP('',(#4234,#4236,#4238,#4240));
#4242=FACE_BOUND('',#4241,.F.);
#4244=ORIENTED_EDGE('',*,*,#4243,.T.);
#4246=ORIENTED_EDGE('',*,*,#4245,.T.);
#4248=ORIENTED_EDGE('',*,*,#4247,.F.);
#4250=ORIENTED_EDGE('',*,*,#4249,.F.);
#4251=EDGE_LOOP('',(#4244,#4246,#4248,#4250));
#4252=FACE_BOUND('',#4251,.F.);
#4254=CARTESIAN_POINT('',(-1.085533906E0,2.45E0,-6.2E-1));
#4255=DIRECTION('',(-7.071067811865E-1,7.071067811865E-1,0.E0));
#4256=DIRECTION('',(-7.071067811865E-1,-7.071067811865E-1,0.E0));
#4257=AXIS2_PLACEMENT_3D('',#4254,#4255,#4256);
#4258=PLANE('',#4257);
#4259=ORIENTED_EDGE('',*,*,#3273,.F.);
#4260=ORIENTED_EDGE('',*,*,#3239,.F.);
#4261=ORIENTED_EDGE('',*,*,#3125,.F.);
#4262=ORIENTED_EDGE('',*,*,#4207,.T.);
#4263=ORIENTED_EDGE('',*,*,#4043,.T.);
#4264=EDGE_LOOP('',(#4259,#4260,#4261,#4262,#4263));
#4265=FACE_OUTER_BOUND('',#4264,.F.);
#4267=CARTESIAN_POINT('',(-1.8E0,2.2E0,-6.2E-1));
#4268=DIRECTION('',(1.E0,0.E0,0.E0));
#4269=DIRECTION('',(0.E0,1.E0,0.E0));
#4270=AXIS2_PLACEMENT_3D('',#4267,#4268,#4269);
#4271=PLANE('',#4270);
#4272=ORIENTED_EDGE('',*,*,#3121,.T.);
#4274=ORIENTED_EDGE('',*,*,#4273,.T.);
#4276=ORIENTED_EDGE('',*,*,#4275,.T.);
#4277=ORIENTED_EDGE('',*,*,#4210,.T.);
#4278=EDGE_LOOP('',(#4272,#4274,#4276,#4277));
#4279=FACE_OUTER_BOUND('',#4278,.F.);
#4281=CARTESIAN_POINT('',(-2.2E0,2.2E0,-6.2E-1));
#4282=DIRECTION('',(0.E0,0.E0,1.E0));
#4283=DIRECTION('',(1.E0,0.E0,0.E0));
#4284=AXIS2_PLACEMENT_3D('',#4281,#4282,#4283);
#4285=CYLINDRICAL_SURFACE('',#4284,4.E-1);
#4286=ORIENTED_EDGE('',*,*,#3119,.F.);
#4287=ORIENTED_EDGE('',*,*,#3202,.T.);
#4289=ORIENTED_EDGE('',*,*,#4288,.T.);
#4290=ORIENTED_EDGE('',*,*,#4273,.F.);
#4291=EDGE_LOOP('',(#4286,#4287,#4289,#4290));
#4292=FACE_OUTER_BOUND('',#4291,.F.);
#4294=CARTESIAN_POINT('',(0.E0,0.E0,-6.3E-1));
#4295=DIRECTION('',(0.E0,0.E0,1.E0));
#4296=DIRECTION('',(1.E0,0.E0,0.E0));
#4297=AXIS2_PLACEMENT_3D('',#4294,#4295,#4296);
#4298=PLANE('',#4297);
#4299=ORIENTED_EDGE('',*,*,#3235,.F.);
#4300=ORIENTED_EDGE('',*,*,#4212,.F.);
#4301=ORIENTED_EDGE('',*,*,#4275,.F.);
#4302=ORIENTED_EDGE('',*,*,#4288,.F.);
#4303=ORIENTED_EDGE('',*,*,#3200,.F.);
#4304=EDGE_LOOP('',(#4299,#4300,#4301,#4302,#4303));
#4305=FACE_OUTER_BOUND('',#4304,.F.);
#4307=CARTESIAN_POINT('',(0.E0,0.E0,-6.3E-1));
#4308=DIRECTION('',(0.E0,0.E0,1.E0));
#4309=DIRECTION('',(1.E0,0.E0,0.E0));
#4310=AXIS2_PLACEMENT_3D('',#4307,#4308,#4309);
#4311=PLANE('',#4310);
#4312=ORIENTED_EDGE('',*,*,#4223,.T.);
#4314=ORIENTED_EDGE('',*,*,#4313,.F.);
#4316=ORIENTED_EDGE('',*,*,#4315,.F.);
#4318=ORIENTED_EDGE('',*,*,#4317,.F.);
#4320=ORIENTED_EDGE('',*,*,#4319,.F.);
#4321=EDGE_LOOP('',(#4312,#4314,#4316,#4318,#4320));
#4322=FACE_OUTER_BOUND('',#4321,.F.);
#4324=CARTESIAN_POINT('',(0.E0,0.E0,-6.3E-1));
#4325=DIRECTION('',(0.E0,0.E0,1.E0));
#4326=DIRECTION('',(1.E0,0.E0,0.E0));
#4327=AXIS2_PLACEMENT_3D('',#4324,#4325,#4326);
#4328=PLANE('',#4327);
#4329=ORIENTED_EDGE('',*,*,#3219,.F.);
#4331=ORIENTED_EDGE('',*,*,#4330,.F.);
#4333=ORIENTED_EDGE('',*,*,#4332,.F.);
#4335=ORIENTED_EDGE('',*,*,#4334,.F.);
#4336=ORIENTED_EDGE('',*,*,#3986,.F.);
#4337=EDGE_LOOP('',(#4329,#4331,#4333,#4335,#4336));
#4338=FACE_OUTER_BOUND('',#4337,.F.);
#4340=CARTESIAN_POINT('',(0.E0,0.E0,-6.3E-1));
#4341=DIRECTION('',(0.E0,0.E0,1.E0));
#4342=DIRECTION('',(1.E0,0.E0,0.E0));
#4343=AXIS2_PLACEMENT_3D('',#4340,#4341,#4342);
#4344=PLANE('',#4343);
#4346=ORIENTED_EDGE('',*,*,#4345,.F.);
#4347=ORIENTED_EDGE('',*,*,#3976,.F.);
#4349=ORIENTED_EDGE('',*,*,#4348,.F.);
#4351=ORIENTED_EDGE('',*,*,#4350,.F.);
#4353=ORIENTED_EDGE('',*,*,#4352,.F.);
#4354=EDGE_LOOP('',(#4346,#4347,#4349,#4351,#4353));
#4355=FACE_OUTER_BOUND('',#4354,.F.);
#4357=CARTESIAN_POINT('',(2.45E0,-2.45E0,-6.2E-1));
#4358=DIRECTION('',(1.E0,0.E0,0.E0));
#4359=DIRECTION('',(0.E0,1.E0,0.E0));
#4360=AXIS2_PLACEMENT_3D('',#4357,#4358,#4359);
#4361=PLANE('',#4360);
#4363=ORIENTED_EDGE('',*,*,#4362,.T.);
#4365=ORIENTED_EDGE('',*,*,#4364,.F.);
#4366=ORIENTED_EDGE('',*,*,#3143,.F.);
#4368=ORIENTED_EDGE('',*,*,#4367,.F.);
#4369=ORIENTED_EDGE('',*,*,#4313,.T.);
#4370=ORIENTED_EDGE('',*,*,#4221,.T.);
#4372=ORIENTED_EDGE('',*,*,#4371,.T.);
#4374=ORIENTED_EDGE('',*,*,#4373,.F.);
#4376=ORIENTED_EDGE('',*,*,#4375,.T.);
#4378=ORIENTED_EDGE('',*,*,#4377,.T.);
#4380=ORIENTED_EDGE('',*,*,#4379,.F.);
#4381=ORIENTED_EDGE('',*,*,#3978,.F.);
#4382=ORIENTED_EDGE('',*,*,#4345,.T.);
#4384=ORIENTED_EDGE('',*,*,#4383,.T.);
#4385=ORIENTED_EDGE('',*,*,#3187,.F.);
#4387=ORIENTED_EDGE('',*,*,#4386,.T.);
#4388=EDGE_LOOP('',(#4363,#4365,#4366,#4368,#4369,#4370,#4372,#4374,#4376,#4378,
#4380,#4381,#4382,#4384,#4385,#4387));
#4389=FACE_OUTER_BOUND('',#4388,.F.);
#4391=CARTESIAN_POINT('',(2.45E0,-1.25E0,-5.5E-1));
#4392=DIRECTION('',(0.E0,1.E0,0.E0));
#4393=DIRECTION('',(-1.E0,0.E0,0.E0));
#4394=AXIS2_PLACEMENT_3D('',#4391,#4392,#4393);
#4395=CYLINDRICAL_SURFACE('',#4394,5.E-2);
#4396=ORIENTED_EDGE('',*,*,#4362,.F.);
#4397=ORIENTED_EDGE('',*,*,#3310,.F.);
#4398=ORIENTED_EDGE('',*,*,#3409,.F.);
#4400=ORIENTED_EDGE('',*,*,#4399,.T.);
#4401=ORIENTED_EDGE('',*,*,#3583,.T.);
#4402=ORIENTED_EDGE('',*,*,#3328,.F.);
#4403=EDGE_LOOP('',(#4396,#4397,#4398,#4400,#4401,#4402));
#4404=FACE_OUTER_BOUND('',#4403,.F.);
#4406=CARTESIAN_POINT('',(2.5E0,-1.25E0,-8.E-1));
#4407=DIRECTION('',(-1.E0,0.E0,0.E0));
#4408=DIRECTION('',(0.E0,0.E0,1.E0));
#4409=AXIS2_PLACEMENT_3D('',#4406,#4407,#4408);
#4410=PLANE('',#4409);
#4412=ORIENTED_EDGE('',*,*,#4411,.T.);
#4413=ORIENTED_EDGE('',*,*,#3491,.F.);
#4415=ORIENTED_EDGE('',*,*,#4414,.T.);
#4416=ORIENTED_EDGE('',*,*,#3530,.T.);
#4418=ORIENTED_EDGE('',*,*,#4417,.T.);
#4419=ORIENTED_EDGE('',*,*,#3585,.T.);
#4420=ORIENTED_EDGE('',*,*,#4399,.F.);
#4421=ORIENTED_EDGE('',*,*,#3407,.F.);
#4422=EDGE_LOOP('',(#4412,#4413,#4415,#4416,#4418,#4419,#4420,#4421));
#4423=FACE_OUTER_BOUND('',#4422,.F.);
#4425=CARTESIAN_POINT('',(2.6E0,-1.25E0,-8.E-1));
#4426=DIRECTION('',(0.E0,0.E0,-1.E0));
#4427=DIRECTION('',(-1.E0,0.E0,0.E0));
#4428=AXIS2_PLACEMENT_3D('',#4425,#4426,#4427);
#4429=PLANE('',#4428);
#4430=ORIENTED_EDGE('',*,*,#3485,.T.);
#4431=ORIENTED_EDGE('',*,*,#4411,.F.);
#4432=ORIENTED_EDGE('',*,*,#3405,.F.);
#4434=ORIENTED_EDGE('',*,*,#4433,.T.);
#4435=EDGE_LOOP('',(#4430,#4431,#4432,#4434));
#4436=FACE_OUTER_BOUND('',#4435,.F.);
#4438=CARTESIAN_POINT('',(2.6E0,-1.25E0,-8.E-1));
#4439=DIRECTION('',(0.E0,0.E0,-1.E0));
#4440=DIRECTION('',(-1.E0,0.E0,0.E0));
#4441=AXIS2_PLACEMENT_3D('',#4438,#4439,#4440);
#4442=PLANE('',#4441);
#4443=ORIENTED_EDGE('',*,*,#3528,.F.);
#4445=ORIENTED_EDGE('',*,*,#4444,.T.);
#4446=ORIENTED_EDGE('',*,*,#3587,.T.);
#4447=ORIENTED_EDGE('',*,*,#4417,.F.);
#4448=EDGE_LOOP('',(#4443,#4445,#4446,#4447));
#4449=FACE_OUTER_BOUND('',#4448,.F.);
#4451=CARTESIAN_POINT('',(2.6E0,-1.25E0,-5.5E-1));
#4452=DIRECTION('',(1.E0,0.E0,0.E0));
#4453=DIRECTION('',(0.E0,0.E0,-1.E0));
#4454=AXIS2_PLACEMENT_3D('',#4451,#4452,#4453);
#4455=PLANE('',#4454);
#4456=ORIENTED_EDGE('',*,*,#4444,.F.);
#4457=ORIENTED_EDGE('',*,*,#3534,.T.);
#4459=ORIENTED_EDGE('',*,*,#4458,.F.);
#4460=ORIENTED_EDGE('',*,*,#3487,.F.);
#4461=ORIENTED_EDGE('',*,*,#4433,.F.);
#4462=ORIENTED_EDGE('',*,*,#3403,.F.);
#4464=ORIENTED_EDGE('',*,*,#4463,.T.);
#4465=ORIENTED_EDGE('',*,*,#3589,.T.);
#4466=EDGE_LOOP('',(#4456,#4457,#4459,#4460,#4461,#4462,#4464,#4465));
#4467=FACE_OUTER_BOUND('',#4466,.F.);
#4469=CARTESIAN_POINT('',(2.6E0,-2.5E-1,-1.2E0));
#4470=DIRECTION('',(0.E0,0.E0,-1.E0));
#4471=DIRECTION('',(-1.E0,0.E0,0.E0));
#4472=AXIS2_PLACEMENT_3D('',#4469,#4470,#4471);
#4473=PLANE('',#4472);
#4474=ORIENTED_EDGE('',*,*,#3489,.F.);
#4475=ORIENTED_EDGE('',*,*,#4458,.T.);
#4476=ORIENTED_EDGE('',*,*,#3532,.T.);
#4477=ORIENTED_EDGE('',*,*,#4414,.F.);
#4478=EDGE_LOOP('',(#4474,#4475,#4476,#4477));
#4479=FACE_OUTER_BOUND('',#4478,.F.);
#4481=CARTESIAN_POINT('',(2.45E0,-1.25E0,-5.5E-1));
#4482=DIRECTION('',(0.E0,1.E0,0.E0));
#4483=DIRECTION('',(-1.E0,0.E0,0.E0));
#4484=AXIS2_PLACEMENT_3D('',#4481,#4482,#4483);
#4485=CYLINDRICAL_SURFACE('',#4484,1.5E-1);
#4486=ORIENTED_EDGE('',*,*,#3401,.F.);
#4487=ORIENTED_EDGE('',*,*,#3606,.T.);
#4488=ORIENTED_EDGE('',*,*,#3591,.T.);
#4489=ORIENTED_EDGE('',*,*,#4463,.F.);
#4490=EDGE_LOOP('',(#4486,#4487,#4488,#4489));
#4491=FACE_OUTER_BOUND('',#4490,.F.);
#4493=CARTESIAN_POINT('',(2.45E0,1.085533906E0,-6.2E-1));
#4494=DIRECTION('',(7.071067811865E-1,7.071067811865E-1,0.E0));
#4495=DIRECTION('',(-7.071067811865E-1,7.071067811865E-1,0.E0));
#4496=AXIS2_PLACEMENT_3D('',#4493,#4494,#4495);
#4497=PLANE('',#4496);
#4498=ORIENTED_EDGE('',*,*,#3326,.F.);
#4499=ORIENTED_EDGE('',*,*,#4027,.T.);
#4500=ORIENTED_EDGE('',*,*,#4228,.F.);
#4501=ORIENTED_EDGE('',*,*,#3145,.F.);
#4502=ORIENTED_EDGE('',*,*,#4364,.T.);
#4503=EDGE_LOOP('',(#4498,#4499,#4500,#4501,#4502));
#4504=FACE_OUTER_BOUND('',#4503,.F.);
#4506=CARTESIAN_POINT('',(2.2E0,1.8E0,-6.2E-1));
#4507=DIRECTION('',(0.E0,-1.E0,0.E0));
#4508=DIRECTION('',(1.E0,0.E0,0.E0));
#4509=AXIS2_PLACEMENT_3D('',#4506,#4507,#4508);
#4510=PLANE('',#4509);
#4511=ORIENTED_EDGE('',*,*,#3141,.T.);
#4513=ORIENTED_EDGE('',*,*,#4512,.T.);
#4514=ORIENTED_EDGE('',*,*,#4315,.T.);
#4515=ORIENTED_EDGE('',*,*,#4367,.T.);
#4516=EDGE_LOOP('',(#4511,#4513,#4514,#4515));
#4517=FACE_OUTER_BOUND('',#4516,.F.);
#4519=CARTESIAN_POINT('',(2.2E0,2.2E0,-6.2E-1));
#4520=DIRECTION('',(0.E0,0.E0,1.E0));
#4521=DIRECTION('',(1.E0,0.E0,0.E0));
#4522=AXIS2_PLACEMENT_3D('',#4519,#4520,#4521);
#4523=CYLINDRICAL_SURFACE('',#4522,4.E-1);
#4524=ORIENTED_EDGE('',*,*,#3139,.F.);
#4526=ORIENTED_EDGE('',*,*,#4525,.T.);
#4527=ORIENTED_EDGE('',*,*,#4317,.T.);
#4528=ORIENTED_EDGE('',*,*,#4512,.F.);
#4529=EDGE_LOOP('',(#4524,#4526,#4527,#4528));
#4530=FACE_OUTER_BOUND('',#4529,.F.);
#4532=CARTESIAN_POINT('',(1.8E0,2.45E0,-6.2E-1));
#4533=DIRECTION('',(-1.E0,0.E0,0.E0));
#4534=DIRECTION('',(0.E0,-1.E0,0.E0));
#4535=AXIS2_PLACEMENT_3D('',#4532,#4533,#4534);
#4536=PLANE('',#4535);
#4537=ORIENTED_EDGE('',*,*,#3137,.F.);
#4538=ORIENTED_EDGE('',*,*,#4225,.F.);
#4539=ORIENTED_EDGE('',*,*,#4319,.T.);
#4540=ORIENTED_EDGE('',*,*,#4525,.F.);
#4541=EDGE_LOOP('',(#4537,#4538,#4539,#4540));
#4542=FACE_OUTER_BOUND('',#4541,.F.);
#4544=CARTESIAN_POINT('',(-8.E-1,2.45E0,-1.05E0));
#4545=DIRECTION('',(0.E0,0.E0,1.E0));
#4546=DIRECTION('',(0.E0,-1.E0,0.E0));
#4547=AXIS2_PLACEMENT_3D('',#4544,#4545,#4546);
#4548=PLANE('',#4547);
#4550=ORIENTED_EDGE('',*,*,#4549,.F.);
#4551=ORIENTED_EDGE('',*,*,#4215,.T.);
#4552=ORIENTED_EDGE('',*,*,#3231,.T.);
#4554=ORIENTED_EDGE('',*,*,#4553,.F.);
#4556=ORIENTED_EDGE('',*,*,#4555,.T.);
#4558=ORIENTED_EDGE('',*,*,#4557,.T.);
#4560=ORIENTED_EDGE('',*,*,#4559,.F.);
#4562=ORIENTED_EDGE('',*,*,#4561,.F.);
#4563=ORIENTED_EDGE('',*,*,#4371,.F.);
#4564=ORIENTED_EDGE('',*,*,#4219,.T.);
#4565=ORIENTED_EDGE('',*,*,#4095,.T.);
#4567=ORIENTED_EDGE('',*,*,#4566,.F.);
#4568=EDGE_LOOP('',(#4550,#4551,#4552,#4554,#4556,#4558,#4560,#4562,#4563,#4564,
#4565,#4567));
#4569=FACE_OUTER_BOUND('',#4568,.F.);
#4571=CARTESIAN_POINT('',(0.E0,0.E0,0.E0));
#4572=DIRECTION('',(1.E0,0.E0,0.E0));
#4573=DIRECTION('',(0.E0,0.E0,-1.E0));
#4574=AXIS2_PLACEMENT_3D('',#4571,#4572,#4573);
#4575=PLANE('',#4574);
#4577=ORIENTED_EDGE('',*,*,#4576,.T.);
#4579=ORIENTED_EDGE('',*,*,#4578,.T.);
#4581=ORIENTED_EDGE('',*,*,#4580,.T.);
#4583=ORIENTED_EDGE('',*,*,#4582,.T.);
#4584=ORIENTED_EDGE('',*,*,#4549,.T.);
#4586=ORIENTED_EDGE('',*,*,#4585,.T.);
#4588=ORIENTED_EDGE('',*,*,#4587,.T.);
#4590=ORIENTED_EDGE('',*,*,#4589,.T.);
#4592=ORIENTED_EDGE('',*,*,#4591,.T.);
#4593=EDGE_LOOP('',(#4577,#4579,#4581,#4583,#4584,#4586,#4588,#4590,#4592));
#4594=FACE_OUTER_BOUND('',#4593,.F.);
#4596=CARTESIAN_POINT('',(-1.5E-1,9.18318E0,-9.9580786E-1));
#4597=DIRECTION('',(0.E0,-1.E0,0.E0));
#4598=DIRECTION('',(1.E0,0.E0,0.E0));
#4599=AXIS2_PLACEMENT_3D('',#4596,#4597,#4598);
#4600=CYLINDRICAL_SURFACE('',#4599,1.5E-1);
#4601=ORIENTED_EDGE('',*,*,#4576,.F.);
#4603=ORIENTED_EDGE('',*,*,#4602,.T.);
#4605=ORIENTED_EDGE('',*,*,#4604,.T.);
#4607=ORIENTED_EDGE('',*,*,#4606,.T.);
#4608=EDGE_LOOP('',(#4601,#4603,#4605,#4607));
#4609=FACE_OUTER_BOUND('',#4608,.F.);
#4611=CARTESIAN_POINT('',(0.E0,2.6E0,-1.04E0));
#4612=DIRECTION('',(0.E0,1.E0,0.E0));
#4613=DIRECTION('',(0.E0,0.E0,1.E0));
#4614=AXIS2_PLACEMENT_3D('',#4611,#4612,#4613);
#4615=PLANE('',#4614);
#4616=ORIENTED_EDGE('',*,*,#4178,.F.);
#4618=ORIENTED_EDGE('',*,*,#4617,.F.);
#4619=ORIENTED_EDGE('',*,*,#4602,.F.);
#4620=ORIENTED_EDGE('',*,*,#4591,.F.);
#4622=ORIENTED_EDGE('',*,*,#4621,.T.);
#4623=ORIENTED_EDGE('',*,*,#4087,.T.);
#4625=ORIENTED_EDGE('',*,*,#4624,.T.);
#4626=EDGE_LOOP('',(#4616,#4618,#4619,#4620,#4622,#4623,#4625));
#4627=FACE_OUTER_BOUND('',#4626,.F.);
#4629=CARTESIAN_POINT('',(0.E0,2.6E0,-8.4580786E-1));
#4630=DIRECTION('',(0.E0,0.E0,-1.E0));
#4631=DIRECTION('',(0.E0,-1.E0,0.E0));
#4632=AXIS2_PLACEMENT_3D('',#4629,#4630,#4631);
#4633=PLANE('',#4632);
#4634=ORIENTED_EDGE('',*,*,#4176,.T.);
#4636=ORIENTED_EDGE('',*,*,#4635,.F.);
#4637=ORIENTED_EDGE('',*,*,#4604,.F.);
#4638=ORIENTED_EDGE('',*,*,#4617,.T.);
#4639=EDGE_LOOP('',(#4634,#4636,#4637,#4638));
#4640=FACE_OUTER_BOUND('',#4639,.F.);
#4642=CARTESIAN_POINT('',(0.E0,2.5E0,-5.5E-1));
#4643=DIRECTION('',(0.E0,-1.E0,0.E0));
#4644=DIRECTION('',(0.E0,0.E0,-1.E0));
#4645=AXIS2_PLACEMENT_3D('',#4642,#4643,#4644);
#4646=PLANE('',#4645);
#4647=ORIENTED_EDGE('',*,*,#4174,.F.);
#4648=ORIENTED_EDGE('',*,*,#4195,.F.);
#4649=ORIENTED_EDGE('',*,*,#4101,.T.);
#4651=ORIENTED_EDGE('',*,*,#4650,.F.);
#4652=ORIENTED_EDGE('',*,*,#4578,.F.);
#4653=ORIENTED_EDGE('',*,*,#4606,.F.);
#4654=ORIENTED_EDGE('',*,*,#4635,.T.);
#4655=EDGE_LOOP('',(#4647,#4648,#4649,#4651,#4652,#4653,#4654));
#4656=FACE_OUTER_BOUND('',#4655,.F.);
#4658=CARTESIAN_POINT('',(0.E0,2.49E0,-1.04E0));
#4659=DIRECTION('',(1.E0,0.E0,0.E0));
#4660=DIRECTION('',(0.E0,0.E0,-1.E0));
#4661=AXIS2_PLACEMENT_3D('',#4658,#4659,#4660);
#4662=CYLINDRICAL_SURFACE('',#4661,1.E-2);
#4663=ORIENTED_EDGE('',*,*,#4580,.F.);
#4664=ORIENTED_EDGE('',*,*,#4650,.T.);
#4665=ORIENTED_EDGE('',*,*,#4099,.T.);
#4667=ORIENTED_EDGE('',*,*,#4666,.F.);
#4668=EDGE_LOOP('',(#4663,#4664,#4665,#4667));
#4669=FACE_OUTER_BOUND('',#4668,.F.);
#4671=CARTESIAN_POINT('',(0.E0,2.49E0,-1.05E0));
#4672=DIRECTION('',(0.E0,0.E0,1.E0));
#4673=DIRECTION('',(0.E0,-1.E0,0.E0));
#4674=AXIS2_PLACEMENT_3D('',#4671,#4672,#4673);
#4675=PLANE('',#4674);
#4676=ORIENTED_EDGE('',*,*,#4217,.F.);
#4677=ORIENTED_EDGE('',*,*,#4582,.F.);
#4678=ORIENTED_EDGE('',*,*,#4666,.T.);
#4679=ORIENTED_EDGE('',*,*,#4097,.T.);
#4680=EDGE_LOOP('',(#4676,#4677,#4678,#4679));
#4681=FACE_OUTER_BOUND('',#4680,.F.);
#4683=CARTESIAN_POINT('',(0.E0,2.49E0,-1.04E0));
#4684=DIRECTION('',(1.E0,0.E0,0.E0));
#4685=DIRECTION('',(0.E0,0.E0,-1.E0));
#4686=AXIS2_PLACEMENT_3D('',#4683,#4684,#4685);
#4687=CYLINDRICAL_SURFACE('',#4686,1.1E-1);
#4688=ORIENTED_EDGE('',*,*,#4589,.F.);
#4690=ORIENTED_EDGE('',*,*,#4689,.T.);
#4691=ORIENTED_EDGE('',*,*,#4089,.T.);
#4692=ORIENTED_EDGE('',*,*,#4621,.F.);
#4693=EDGE_LOOP('',(#4688,#4690,#4691,#4692));
#4694=FACE_OUTER_BOUND('',#4693,.F.);
#4696=CARTESIAN_POINT('',(0.E0,1.89E0,-1.15E0));
#4697=DIRECTION('',(0.E0,0.E0,-1.E0));
#4698=DIRECTION('',(0.E0,1.E0,0.E0));
#4699=AXIS2_PLACEMENT_3D('',#4696,#4697,#4698);
#4700=PLANE('',#4699);
#4701=ORIENTED_EDGE('',*,*,#4587,.F.);
#4703=ORIENTED_EDGE('',*,*,#4702,.T.);
#4704=ORIENTED_EDGE('',*,*,#4091,.T.);
#4705=ORIENTED_EDGE('',*,*,#4689,.F.);
#4706=EDGE_LOOP('',(#4701,#4703,#4704,#4705));
#4707=FACE_OUTER_BOUND('',#4706,.F.);
#4709=CARTESIAN_POINT('',(0.E0,1.89E0,-1.05E0));
#4710=DIRECTION('',(0.E0,-1.E0,0.E0));
#4711=DIRECTION('',(0.E0,0.E0,-1.E0));
#4712=AXIS2_PLACEMENT_3D('',#4709,#4710,#4711);
#4713=PLANE('',#4712);
#4714=ORIENTED_EDGE('',*,*,#4566,.T.);
#4715=ORIENTED_EDGE('',*,*,#4093,.T.);
#4716=ORIENTED_EDGE('',*,*,#4702,.F.);
#4717=ORIENTED_EDGE('',*,*,#4585,.F.);
#4718=EDGE_LOOP('',(#4714,#4715,#4716,#4717));
#4719=FACE_OUTER_BOUND('',#4718,.F.);
#4721=CARTESIAN_POINT('',(0.E0,2.45E0,-5.5E-1));
#4722=DIRECTION('',(1.E0,0.E0,0.E0));
#4723=DIRECTION('',(0.E0,0.E0,-1.E0));
#4724=AXIS2_PLACEMENT_3D('',#4721,#4722,#4723);
#4725=CYLINDRICAL_SURFACE('',#4724,1.5E-1);
#4726=ORIENTED_EDGE('',*,*,#4180,.F.);
#4727=ORIENTED_EDGE('',*,*,#4624,.F.);
#4728=ORIENTED_EDGE('',*,*,#4085,.T.);
#4729=ORIENTED_EDGE('',*,*,#3637,.T.);
#4730=ORIENTED_EDGE('',*,*,#4156,.T.);
#4731=EDGE_LOOP('',(#4726,#4727,#4728,#4729,#4730));
#4732=FACE_OUTER_BOUND('',#4731,.F.);
#4734=CARTESIAN_POINT('',(2.45E0,1.8E0,-1.05E0));
#4735=DIRECTION('',(0.E0,-1.E0,0.E0));
#4736=DIRECTION('',(0.E0,0.E0,-1.E0));
#4737=AXIS2_PLACEMENT_3D('',#4734,#4735,#4736);
#4738=PLANE('',#4737);
#4740=ORIENTED_EDGE('',*,*,#4739,.T.);
#4742=ORIENTED_EDGE('',*,*,#4741,.F.);
#4743=ORIENTED_EDGE('',*,*,#4553,.T.);
#4744=ORIENTED_EDGE('',*,*,#3229,.F.);
#4745=EDGE_LOOP('',(#4740,#4742,#4743,#4744));
#4746=FACE_OUTER_BOUND('',#4745,.F.);
#4748=CARTESIAN_POINT('',(2.45E0,1.8E0,-1.05E0));
#4749=DIRECTION('',(0.E0,-1.E0,0.E0));
#4750=DIRECTION('',(0.E0,0.E0,-1.E0));
#4751=AXIS2_PLACEMENT_3D('',#4748,#4749,#4750);
#4752=PLANE('',#4751);
#4754=ORIENTED_EDGE('',*,*,#4753,.T.);
#4755=ORIENTED_EDGE('',*,*,#4373,.T.);
#4756=ORIENTED_EDGE('',*,*,#4561,.T.);
#4758=ORIENTED_EDGE('',*,*,#4757,.T.);
#4759=EDGE_LOOP('',(#4754,#4755,#4756,#4758));
#4760=FACE_OUTER_BOUND('',#4759,.F.);
#4762=CARTESIAN_POINT('',(0.E0,0.E0,-1.2E0));
#4763=DIRECTION('',(0.E0,0.E0,1.E0));
#4764=DIRECTION('',(1.E0,0.E0,0.E0));
#4765=AXIS2_PLACEMENT_3D('',#4762,#4763,#4764);
#4766=PLANE('',#4765);
#4767=ORIENTED_EDGE('',*,*,#4739,.F.);
#4768=ORIENTED_EDGE('',*,*,#3227,.F.);
#4770=ORIENTED_EDGE('',*,*,#4769,.T.);
#4772=ORIENTED_EDGE('',*,*,#4771,.T.);
#4773=EDGE_LOOP('',(#4767,#4768,#4770,#4772));
#4774=FACE_OUTER_BOUND('',#4773,.F.);
#4776=CARTESIAN_POINT('',(0.E0,0.E0,-1.2E0));
#4777=DIRECTION('',(0.E0,0.E0,1.E0));
#4778=DIRECTION('',(1.E0,0.E0,0.E0));
#4779=AXIS2_PLACEMENT_3D('',#4776,#4777,#4778);
#4780=PLANE('',#4779);
#4781=ORIENTED_EDGE('',*,*,#4753,.F.);
#4783=ORIENTED_EDGE('',*,*,#4782,.F.);
#4785=ORIENTED_EDGE('',*,*,#4784,.T.);
#4786=ORIENTED_EDGE('',*,*,#4375,.F.);
#4787=EDGE_LOOP('',(#4781,#4783,#4785,#4786));
#4788=FACE_OUTER_BOUND('',#4787,.F.);
#4790=CARTESIAN_POINT('',(2.45E0,-1.8E0,-1.2E0));
#4791=DIRECTION('',(0.E0,1.E0,0.E0));
#4792=DIRECTION('',(0.E0,0.E0,1.E0));
#4793=AXIS2_PLACEMENT_3D('',#4790,#4791,#4792);
#4794=PLANE('',#4793);
#4795=ORIENTED_EDGE('',*,*,#4769,.F.);
#4796=ORIENTED_EDGE('',*,*,#3225,.T.);
#4798=ORIENTED_EDGE('',*,*,#4797,.F.);
#4800=ORIENTED_EDGE('',*,*,#4799,.T.);
#4801=EDGE_LOOP('',(#4795,#4796,#4798,#4800));
#4802=FACE_OUTER_BOUND('',#4801,.F.);
#4804=CARTESIAN_POINT('',(2.45E0,-1.8E0,-1.2E0));
#4805=DIRECTION('',(0.E0,1.E0,0.E0));
#4806=DIRECTION('',(0.E0,0.E0,1.E0));
#4807=AXIS2_PLACEMENT_3D('',#4804,#4805,#4806);
#4808=PLANE('',#4807);
#4809=ORIENTED_EDGE('',*,*,#4784,.F.);
#4811=ORIENTED_EDGE('',*,*,#4810,.F.);
#4813=ORIENTED_EDGE('',*,*,#4812,.F.);
#4814=ORIENTED_EDGE('',*,*,#4377,.F.);
#4815=EDGE_LOOP('',(#4809,#4811,#4813,#4814));
#4816=FACE_OUTER_BOUND('',#4815,.F.);
#4818=CARTESIAN_POINT('',(-8.E-1,-7.5E-1,-1.05E0));
#4819=DIRECTION('',(0.E0,0.E0,1.E0));
#4820=DIRECTION('',(0.E0,-1.E0,0.E0));
#4821=AXIS2_PLACEMENT_3D('',#4818,#4819,#4820);
#4822=PLANE('',#4821);
#4823=ORIENTED_EDGE('',*,*,#3926,.F.);
#4824=ORIENTED_EDGE('',*,*,#3980,.T.);
#4825=ORIENTED_EDGE('',*,*,#4379,.T.);
#4826=ORIENTED_EDGE('',*,*,#4812,.T.);
#4828=ORIENTED_EDGE('',*,*,#4827,.F.);
#4830=ORIENTED_EDGE('',*,*,#4829,.F.);
#4832=ORIENTED_EDGE('',*,*,#4831,.T.);
#4833=ORIENTED_EDGE('',*,*,#4797,.T.);
#4834=ORIENTED_EDGE('',*,*,#3223,.F.);
#4835=ORIENTED_EDGE('',*,*,#3983,.T.);
#4836=ORIENTED_EDGE('',*,*,#3773,.T.);
#4838=ORIENTED_EDGE('',*,*,#4837,.F.);
#4839=EDGE_LOOP('',(#4823,#4824,#4825,#4826,#4828,#4830,#4832,#4833,#4834,#4835,
#4836,#4838));
#4840=FACE_OUTER_BOUND('',#4839,.F.);
#4842=CARTESIAN_POINT('',(8.E-1,0.E0,0.E0));
#4843=DIRECTION('',(1.E0,0.E0,0.E0));
#4844=DIRECTION('',(0.E0,-1.E0,0.E0));
#4845=AXIS2_PLACEMENT_3D('',#4842,#4843,#4844);
#4846=PLANE('',#4845);
#4847=ORIENTED_EDGE('',*,*,#4757,.F.);
#4848=ORIENTED_EDGE('',*,*,#4559,.T.);
#4850=ORIENTED_EDGE('',*,*,#4849,.T.);
#4852=ORIENTED_EDGE('',*,*,#4851,.T.);
#4854=ORIENTED_EDGE('',*,*,#4853,.T.);
#4855=ORIENTED_EDGE('',*,*,#4827,.T.);
#4856=ORIENTED_EDGE('',*,*,#4810,.T.);
#4857=ORIENTED_EDGE('',*,*,#4782,.T.);
#4858=EDGE_LOOP('',(#4847,#4848,#4850,#4852,#4854,#4855,#4856,#4857));
#4859=FACE_OUTER_BOUND('',#4858,.F.);
#4861=CARTESIAN_POINT('',(-8.E-1,7.5E-1,-1.05E0));
#4862=DIRECTION('',(0.E0,-1.E0,0.E0));
#4863=DIRECTION('',(0.E0,0.E0,-1.E0));
#4864=AXIS2_PLACEMENT_3D('',#4861,#4862,#4863);
#4865=PLANE('',#4864);
#4867=ORIENTED_EDGE('',*,*,#4866,.T.);
#4869=ORIENTED_EDGE('',*,*,#4868,.T.);
#4870=ORIENTED_EDGE('',*,*,#4849,.F.);
#4871=ORIENTED_EDGE('',*,*,#4557,.F.);
#4872=EDGE_LOOP('',(#4867,#4869,#4870,#4871));
#4873=FACE_OUTER_BOUND('',#4872,.F.);
#4875=CARTESIAN_POINT('',(-8.E-1,0.E0,0.E0));
#4876=DIRECTION('',(1.E0,0.E0,0.E0));
#4877=DIRECTION('',(0.E0,-1.E0,0.E0));
#4878=AXIS2_PLACEMENT_3D('',#4875,#4876,#4877);
#4879=PLANE('',#4878);
#4880=ORIENTED_EDGE('',*,*,#4741,.T.);
#4881=ORIENTED_EDGE('',*,*,#4771,.F.);
#4882=ORIENTED_EDGE('',*,*,#4799,.F.);
#4883=ORIENTED_EDGE('',*,*,#4831,.F.);
#4885=ORIENTED_EDGE('',*,*,#4884,.F.);
#4887=ORIENTED_EDGE('',*,*,#4886,.F.);
#4888=ORIENTED_EDGE('',*,*,#4866,.F.);
#4889=ORIENTED_EDGE('',*,*,#4555,.F.);
#4890=EDGE_LOOP('',(#4880,#4881,#4882,#4883,#4885,#4887,#4888,#4889));
#4891=FACE_OUTER_BOUND('',#4890,.F.);
#4893=CARTESIAN_POINT('',(-8.E-1,-7.5E-1,-1.15E0));
#4894=DIRECTION('',(0.E0,1.E0,0.E0));
#4895=DIRECTION('',(0.E0,0.E0,1.E0));
#4896=AXIS2_PLACEMENT_3D('',#4893,#4894,#4895);
#4897=PLANE('',#4896);
#4898=ORIENTED_EDGE('',*,*,#4884,.T.);
#4899=ORIENTED_EDGE('',*,*,#4829,.T.);
#4900=ORIENTED_EDGE('',*,*,#4853,.F.);
#4902=ORIENTED_EDGE('',*,*,#4901,.F.);
#4903=EDGE_LOOP('',(#4898,#4899,#4900,#4902));
#4904=FACE_OUTER_BOUND('',#4903,.F.);
#4906=CARTESIAN_POINT('',(-8.E-1,7.5E-1,-1.15E0));
#4907=DIRECTION('',(0.E0,0.E0,1.E0));
#4908=DIRECTION('',(0.E0,-1.E0,0.E0));
#4909=AXIS2_PLACEMENT_3D('',#4906,#4907,#4908);
#4910=PLANE('',#4909);
#4911=ORIENTED_EDGE('',*,*,#4886,.T.);
#4912=ORIENTED_EDGE('',*,*,#4901,.T.);
#4913=ORIENTED_EDGE('',*,*,#4851,.F.);
#4914=ORIENTED_EDGE('',*,*,#4868,.F.);
#4915=EDGE_LOOP('',(#4911,#4912,#4913,#4914));
#4916=FACE_OUTER_BOUND('',#4915,.F.);
#4918=CARTESIAN_POINT('',(0.E0,-1.89E0,-1.05E0));
#4919=DIRECTION('',(0.E0,1.E0,0.E0));
#4920=DIRECTION('',(0.E0,0.E0,-1.E0));
#4921=AXIS2_PLACEMENT_3D('',#4918,#4919,#4920);
#4922=PLANE('',#4921);
#4923=ORIENTED_EDGE('',*,*,#4837,.T.);
#4924=ORIENTED_EDGE('',*,*,#3771,.T.);
#4926=ORIENTED_EDGE('',*,*,#4925,.F.);
#4927=ORIENTED_EDGE('',*,*,#3928,.F.);
#4928=EDGE_LOOP('',(#4923,#4924,#4926,#4927));
#4929=FACE_OUTER_BOUND('',#4928,.F.);
#4931=CARTESIAN_POINT('',(0.E0,-1.89E0,-1.15E0));
#4932=DIRECTION('',(0.E0,0.E0,-1.E0));
#4933=DIRECTION('',(0.E0,-1.E0,0.E0));
#4934=AXIS2_PLACEMENT_3D('',#4931,#4932,#4933);
#4935=PLANE('',#4934);
#4936=ORIENTED_EDGE('',*,*,#3930,.F.);
#4937=ORIENTED_EDGE('',*,*,#4925,.T.);
#4938=ORIENTED_EDGE('',*,*,#3769,.T.);
#4940=ORIENTED_EDGE('',*,*,#4939,.F.);
#4941=EDGE_LOOP('',(#4936,#4937,#4938,#4940));
#4942=FACE_OUTER_BOUND('',#4941,.F.);
#4944=CARTESIAN_POINT('',(0.E0,-2.49E0,-1.04E0));
#4945=DIRECTION('',(-1.E0,0.E0,0.E0));
#4946=DIRECTION('',(0.E0,0.E0,-1.E0));
#4947=AXIS2_PLACEMENT_3D('',#4944,#4945,#4946);
#4948=CYLINDRICAL_SURFACE('',#4947,1.1E-1);
#4949=ORIENTED_EDGE('',*,*,#3932,.F.);
#4950=ORIENTED_EDGE('',*,*,#4939,.T.);
#4951=ORIENTED_EDGE('',*,*,#3767,.T.);
#4952=ORIENTED_EDGE('',*,*,#3862,.F.);
#4953=EDGE_LOOP('',(#4949,#4950,#4951,#4952));
#4954=FACE_OUTER_BOUND('',#4953,.F.);
#4956=CARTESIAN_POINT('',(2.45E0,-1.8E0,-6.2E-1));
#4957=DIRECTION('',(0.E0,1.E0,0.E0));
#4958=DIRECTION('',(-1.E0,0.E0,0.E0));
#4959=AXIS2_PLACEMENT_3D('',#4956,#4957,#4958);
#4960=PLANE('',#4959);
#4961=ORIENTED_EDGE('',*,*,#3177,.F.);
#4962=ORIENTED_EDGE('',*,*,#4383,.F.);
#4963=ORIENTED_EDGE('',*,*,#4352,.T.);
#4965=ORIENTED_EDGE('',*,*,#4964,.F.);
#4966=EDGE_LOOP('',(#4961,#4962,#4963,#4965));
#4967=FACE_OUTER_BOUND('',#4966,.F.);
#4969=CARTESIAN_POINT('',(2.2E0,-2.2E0,-6.2E-1));
#4970=DIRECTION('',(0.E0,0.E0,1.E0));
#4971=DIRECTION('',(1.E0,0.E0,0.E0));
#4972=AXIS2_PLACEMENT_3D('',#4969,#4970,#4971);
#4973=CYLINDRICAL_SURFACE('',#4972,4.E-1);
#4974=ORIENTED_EDGE('',*,*,#3179,.F.);
#4975=ORIENTED_EDGE('',*,*,#4964,.T.);
#4976=ORIENTED_EDGE('',*,*,#4350,.T.);
#4978=ORIENTED_EDGE('',*,*,#4977,.F.);
#4979=EDGE_LOOP('',(#4974,#4975,#4976,#4978));
#4980=FACE_OUTER_BOUND('',#4979,.F.);
#4982=CARTESIAN_POINT('',(1.8E0,-2.2E0,-6.2E-1));
#4983=DIRECTION('',(-1.E0,0.E0,0.E0));
#4984=DIRECTION('',(0.E0,-1.E0,0.E0));
#4985=AXIS2_PLACEMENT_3D('',#4982,#4983,#4984);
#4986=PLANE('',#4985);
#4987=ORIENTED_EDGE('',*,*,#3181,.T.);
#4988=ORIENTED_EDGE('',*,*,#4977,.T.);
#4989=ORIENTED_EDGE('',*,*,#4348,.T.);
#4990=ORIENTED_EDGE('',*,*,#3974,.T.);
#4991=EDGE_LOOP('',(#4987,#4988,#4989,#4990));
#4992=FACE_OUTER_BOUND('',#4991,.F.);
#4994=CARTESIAN_POINT('',(1.085533906E0,-2.45E0,-6.2E-1));
#4995=DIRECTION('',(7.071067811865E-1,-7.071067811865E-1,0.E0));
#4996=DIRECTION('',(7.071067811865E-1,7.071067811865E-1,0.E0));
#4997=AXIS2_PLACEMENT_3D('',#4994,#4995,#4996);
#4998=PLANE('',#4997);
#4999=ORIENTED_EDGE('',*,*,#3312,.F.);
#5000=ORIENTED_EDGE('',*,*,#4386,.F.);
#5001=ORIENTED_EDGE('',*,*,#3185,.F.);
#5002=ORIENTED_EDGE('',*,*,#3971,.T.);
#5003=ORIENTED_EDGE('',*,*,#4070,.T.);
#5004=EDGE_LOOP('',(#4999,#5000,#5001,#5002,#5003));
#5005=FACE_OUTER_BOUND('',#5004,.F.);
#5007=CARTESIAN_POINT('',(-2.2E0,-1.8E0,-6.2E-1));
#5008=DIRECTION('',(0.E0,1.E0,0.E0));
#5009=DIRECTION('',(-1.E0,0.E0,0.E0));
#5010=AXIS2_PLACEMENT_3D('',#5007,#5008,#5009);
#5011=PLANE('',#5010);
#5012=ORIENTED_EDGE('',*,*,#3161,.T.);
#5014=ORIENTED_EDGE('',*,*,#5013,.T.);
#5015=ORIENTED_EDGE('',*,*,#4330,.T.);
#5016=ORIENTED_EDGE('',*,*,#3217,.T.);
#5017=EDGE_LOOP('',(#5012,#5014,#5015,#5016));
#5018=FACE_OUTER_BOUND('',#5017,.F.);
#5020=CARTESIAN_POINT('',(-2.2E0,-2.2E0,-6.2E-1));
#5021=DIRECTION('',(0.E0,0.E0,1.E0));
#5022=DIRECTION('',(1.E0,0.E0,0.E0));
#5023=AXIS2_PLACEMENT_3D('',#5020,#5021,#5022);
#5024=CYLINDRICAL_SURFACE('',#5023,4.E-1);
#5025=ORIENTED_EDGE('',*,*,#3159,.F.);
#5027=ORIENTED_EDGE('',*,*,#5026,.T.);
#5028=ORIENTED_EDGE('',*,*,#4332,.T.);
#5029=ORIENTED_EDGE('',*,*,#5013,.F.);
#5030=EDGE_LOOP('',(#5025,#5027,#5028,#5029));
#5031=FACE_OUTER_BOUND('',#5030,.F.);
#5033=CARTESIAN_POINT('',(-1.8E0,-2.45E0,-6.2E-1));
#5034=DIRECTION('',(1.E0,0.E0,0.E0));
#5035=DIRECTION('',(0.E0,1.E0,0.E0));
#5036=AXIS2_PLACEMENT_3D('',#5033,#5034,#5035);
#5037=PLANE('',#5036);
#5038=ORIENTED_EDGE('',*,*,#3157,.F.);
#5039=ORIENTED_EDGE('',*,*,#3988,.F.);
#5040=ORIENTED_EDGE('',*,*,#4334,.T.);
#5041=ORIENTED_EDGE('',*,*,#5026,.F.);
#5042=EDGE_LOOP('',(#5038,#5039,#5040,#5041));
#5043=FACE_OUTER_BOUND('',#5042,.F.);
#5045=CARTESIAN_POINT('',(1.6E0,0.E0,0.E0));
#5046=DIRECTION('',(1.E0,0.E0,0.E0));
#5047=DIRECTION('',(0.E0,1.E0,0.E0));
#5048=AXIS2_PLACEMENT_3D('',#5045,#5046,#5047);
#5049=PLANE('',#5048);
#5050=ORIENTED_EDGE('',*,*,#4233,.F.);
#5052=ORIENTED_EDGE('',*,*,#5051,.T.);
#5054=ORIENTED_EDGE('',*,*,#5053,.T.);
#5056=ORIENTED_EDGE('',*,*,#5055,.T.);
#5058=ORIENTED_EDGE('',*,*,#5057,.T.);
#5060=ORIENTED_EDGE('',*,*,#5059,.T.);
#5062=ORIENTED_EDGE('',*,*,#5061,.T.);
#5064=ORIENTED_EDGE('',*,*,#5063,.T.);
#5066=ORIENTED_EDGE('',*,*,#5065,.T.);
#5068=ORIENTED_EDGE('',*,*,#5067,.T.);
#5070=ORIENTED_EDGE('',*,*,#5069,.T.);
#5072=ORIENTED_EDGE('',*,*,#5071,.T.);
#5073=EDGE_LOOP('',(#5050,#5052,#5054,#5056,#5058,#5060,#5062,#5064,#5066,#5068,
#5070,#5072));
#5074=FACE_OUTER_BOUND('',#5073,.F.);
#5076=CARTESIAN_POINT('',(1.6E0,0.E0,0.E0));
#5077=DIRECTION('',(1.E0,0.E0,0.E0));
#5078=DIRECTION('',(0.E0,1.E0,0.E0));
#5079=AXIS2_PLACEMENT_3D('',#5076,#5077,#5078);
#5080=PLANE('',#5079);
#5081=ORIENTED_EDGE('',*,*,#3997,.T.);
#5083=ORIENTED_EDGE('',*,*,#5082,.T.);
#5085=ORIENTED_EDGE('',*,*,#5084,.T.);
#5087=ORIENTED_EDGE('',*,*,#5086,.T.);
#5089=ORIENTED_EDGE('',*,*,#5088,.T.);
#5091=ORIENTED_EDGE('',*,*,#5090,.T.);
#5093=ORIENTED_EDGE('',*,*,#5092,.T.);
#5095=ORIENTED_EDGE('',*,*,#5094,.T.);
#5097=ORIENTED_EDGE('',*,*,#5096,.T.);
#5099=ORIENTED_EDGE('',*,*,#5098,.T.);
#5101=ORIENTED_EDGE('',*,*,#5100,.T.);
#5103=ORIENTED_EDGE('',*,*,#5102,.T.);
#5104=EDGE_LOOP('',(#5081,#5083,#5085,#5087,#5089,#5091,#5093,#5095,#5097,#5099,
#5101,#5103));
#5105=FACE_OUTER_BOUND('',#5104,.F.);
#5107=CARTESIAN_POINT('',(1.6E0,2.45E0,-1.E0));
#5108=DIRECTION('',(0.E0,0.E0,-1.E0));
#5109=DIRECTION('',(0.E0,1.E0,0.E0));
#5110=AXIS2_PLACEMENT_3D('',#5107,#5108,#5109);
#5111=PLANE('',#5110);
#5112=ORIENTED_EDGE('',*,*,#4239,.T.);
#5114=ORIENTED_EDGE('',*,*,#5113,.T.);
#5116=ORIENTED_EDGE('',*,*,#5115,.F.);
#5117=ORIENTED_EDGE('',*,*,#5051,.F.);
#5118=EDGE_LOOP('',(#5112,#5114,#5116,#5117));
#5119=FACE_OUTER_BOUND('',#5118,.F.);
#5121=CARTESIAN_POINT('',(2.1E0,0.E0,0.E0));
#5122=DIRECTION('',(1.E0,0.E0,0.E0));
#5123=DIRECTION('',(0.E0,1.E0,0.E0));
#5124=AXIS2_PLACEMENT_3D('',#5121,#5122,#5123);
#5125=PLANE('',#5124);
#5126=ORIENTED_EDGE('',*,*,#4237,.T.);
#5128=ORIENTED_EDGE('',*,*,#5127,.F.);
#5130=ORIENTED_EDGE('',*,*,#5129,.F.);
#5132=ORIENTED_EDGE('',*,*,#5131,.F.);
#5134=ORIENTED_EDGE('',*,*,#5133,.F.);
#5136=ORIENTED_EDGE('',*,*,#5135,.F.);
#5138=ORIENTED_EDGE('',*,*,#5137,.F.);
#5140=ORIENTED_EDGE('',*,*,#5139,.F.);
#5142=ORIENTED_EDGE('',*,*,#5141,.F.);
#5144=ORIENTED_EDGE('',*,*,#5143,.F.);
#5146=ORIENTED_EDGE('',*,*,#5145,.F.);
#5147=ORIENTED_EDGE('',*,*,#5113,.F.);
#5148=EDGE_LOOP('',(#5126,#5128,#5130,#5132,#5134,#5136,#5138,#5140,#5142,#5144,
#5146,#5147));
#5149=FACE_OUTER_BOUND('',#5148,.F.);
#5151=CARTESIAN_POINT('',(2.1E0,0.E0,0.E0));
#5152=DIRECTION('',(1.E0,0.E0,0.E0));
#5153=DIRECTION('',(0.E0,1.E0,0.E0));
#5154=AXIS2_PLACEMENT_3D('',#5151,#5152,#5153);
#5155=PLANE('',#5154);
#5156=ORIENTED_EDGE('',*,*,#4001,.F.);
#5158=ORIENTED_EDGE('',*,*,#5157,.F.);
#5160=ORIENTED_EDGE('',*,*,#5159,.F.);
#5162=ORIENTED_EDGE('',*,*,#5161,.F.);
#5164=ORIENTED_EDGE('',*,*,#5163,.F.);
#5166=ORIENTED_EDGE('',*,*,#5165,.F.);
#5168=ORIENTED_EDGE('',*,*,#5167,.F.);
#5170=ORIENTED_EDGE('',*,*,#5169,.F.);
#5172=ORIENTED_EDGE('',*,*,#5171,.F.);
#5174=ORIENTED_EDGE('',*,*,#5173,.F.);
#5176=ORIENTED_EDGE('',*,*,#5175,.F.);
#5178=ORIENTED_EDGE('',*,*,#5177,.F.);
#5179=EDGE_LOOP('',(#5156,#5158,#5160,#5162,#5164,#5166,#5168,#5170,#5172,#5174,
#5176,#5178));
#5180=FACE_OUTER_BOUND('',#5179,.F.);
#5182=CARTESIAN_POINT('',(1.6E0,2.5E0,-9.E-1));
#5183=DIRECTION('',(0.E0,0.E0,1.E0));
#5184=DIRECTION('',(0.E0,-1.E0,0.E0));
#5185=AXIS2_PLACEMENT_3D('',#5182,#5183,#5184);
#5186=PLANE('',#5185);
#5187=ORIENTED_EDGE('',*,*,#4235,.F.);
#5188=ORIENTED_EDGE('',*,*,#5071,.F.);
#5190=ORIENTED_EDGE('',*,*,#5189,.T.);
#5191=ORIENTED_EDGE('',*,*,#5127,.T.);
#5192=EDGE_LOOP('',(#5187,#5188,#5190,#5191));
#5193=FACE_OUTER_BOUND('',#5192,.F.);
#5195=CARTESIAN_POINT('',(1.6E0,2.5E0,-1.01E0));
#5196=DIRECTION('',(1.E0,0.E0,0.E0));
#5197=DIRECTION('',(0.E0,1.E0,0.E0));
#5198=AXIS2_PLACEMENT_3D('',#5195,#5196,#5197);
#5199=CYLINDRICAL_SURFACE('',#5198,1.1E-1);
#5200=ORIENTED_EDGE('',*,*,#5069,.F.);
#5202=ORIENTED_EDGE('',*,*,#5201,.T.);
#5203=ORIENTED_EDGE('',*,*,#5129,.T.);
#5204=ORIENTED_EDGE('',*,*,#5189,.F.);
#5205=EDGE_LOOP('',(#5200,#5202,#5203,#5204));
#5206=FACE_OUTER_BOUND('',#5205,.F.);
#5208=CARTESIAN_POINT('',(1.6E0,2.636009818781E0,-1.092588190451E0));
#5209=DIRECTION('',(0.E0,9.659258262891E-1,2.588190451025E-1));
#5210=DIRECTION('',(0.E0,-2.588190451025E-1,9.659258262891E-1));
#5211=AXIS2_PLACEMENT_3D('',#5208,#5209,#5210);
#5212=PLANE('',#5211);
#5213=ORIENTED_EDGE('',*,*,#5067,.F.);
#5215=ORIENTED_EDGE('',*,*,#5214,.T.);
#5216=ORIENTED_EDGE('',*,*,#5131,.T.);
#5217=ORIENTED_EDGE('',*,*,#5201,.F.);
#5218=EDGE_LOOP('',(#5213,#5215,#5216,#5217));
#5219=FACE_OUTER_BOUND('',#5218,.F.);
#5221=CARTESIAN_POINT('',(1.6E0,2.645669077044E0,-1.09E0));
#5222=DIRECTION('',(1.E0,0.E0,0.E0));
#5223=DIRECTION('',(0.E0,1.E0,0.E0));
#5224=AXIS2_PLACEMENT_3D('',#5221,#5222,#5223);
#5225=CYLINDRICAL_SURFACE('',#5224,1.E-2);
#5226=ORIENTED_EDGE('',*,*,#5065,.F.);
#5228=ORIENTED_EDGE('',*,*,#5227,.T.);
#5229=ORIENTED_EDGE('',*,*,#5133,.T.);
#5230=ORIENTED_EDGE('',*,*,#5214,.F.);
#5231=EDGE_LOOP('',(#5226,#5228,#5229,#5230));
#5232=FACE_OUTER_BOUND('',#5231,.F.);
#5234=CARTESIAN_POINT('',(1.6E0,3.15E0,-1.1E0));
#5235=DIRECTION('',(0.E0,0.E0,1.E0));
#5236=DIRECTION('',(0.E0,-1.E0,0.E0));
#5237=AXIS2_PLACEMENT_3D('',#5234,#5235,#5236);
#5238=PLANE('',#5237);
#5239=ORIENTED_EDGE('',*,*,#5063,.F.);
#5241=ORIENTED_EDGE('',*,*,#5240,.T.);
#5242=ORIENTED_EDGE('',*,*,#5135,.T.);
#5243=ORIENTED_EDGE('',*,*,#5227,.F.);
#5244=EDGE_LOOP('',(#5239,#5241,#5242,#5243));
#5245=FACE_OUTER_BOUND('',#5244,.F.);
#5247=CARTESIAN_POINT('',(1.6E0,3.15E0,-1.2E0));
#5248=DIRECTION('',(0.E0,1.E0,0.E0));
#5249=DIRECTION('',(0.E0,0.E0,1.E0));
#5250=AXIS2_PLACEMENT_3D('',#5247,#5248,#5249);
#5251=PLANE('',#5250);
#5252=ORIENTED_EDGE('',*,*,#5061,.F.);
#5254=ORIENTED_EDGE('',*,*,#5253,.T.);
#5255=ORIENTED_EDGE('',*,*,#5137,.T.);
#5256=ORIENTED_EDGE('',*,*,#5240,.F.);
#5257=EDGE_LOOP('',(#5252,#5254,#5255,#5256));
#5258=FACE_OUTER_BOUND('',#5257,.F.);
#5260=CARTESIAN_POINT('',(1.6E0,2.645669077044E0,-1.2E0));
#5261=DIRECTION('',(0.E0,0.E0,-1.E0));
#5262=DIRECTION('',(0.E0,1.E0,0.E0));
#5263=AXIS2_PLACEMENT_3D('',#5260,#5261,#5262);
#5264=PLANE('',#5263);
#5265=ORIENTED_EDGE('',*,*,#5059,.F.);
#5267=ORIENTED_EDGE('',*,*,#5266,.T.);
#5268=ORIENTED_EDGE('',*,*,#5139,.T.);
#5269=ORIENTED_EDGE('',*,*,#5253,.F.);
#5270=EDGE_LOOP('',(#5265,#5267,#5268,#5269));
#5271=FACE_OUTER_BOUND('',#5270,.F.);
#5273=CARTESIAN_POINT('',(1.6E0,2.645669077044E0,-1.09E0));
#5274=DIRECTION('',(1.E0,0.E0,0.E0));
#5275=DIRECTION('',(0.E0,1.E0,0.E0));
#5276=AXIS2_PLACEMENT_3D('',#5273,#5274,#5275);
#5277=CYLINDRICAL_SURFACE('',#5276,1.1E-1);
#5278=ORIENTED_EDGE('',*,*,#5057,.F.);
#5280=ORIENTED_EDGE('',*,*,#5279,.T.);
#5281=ORIENTED_EDGE('',*,*,#5141,.T.);
#5282=ORIENTED_EDGE('',*,*,#5266,.F.);
#5283=EDGE_LOOP('',(#5278,#5280,#5281,#5282));
#5284=FACE_OUTER_BOUND('',#5283,.F.);
#5286=CARTESIAN_POINT('',(1.6E0,2.509659258263E0,-1.007411809549E0));
#5287=DIRECTION('',(0.E0,-9.659258262891E-1,-2.588190451025E-1));
#5288=DIRECTION('',(0.E0,2.588190451025E-1,-9.659258262891E-1));
#5289=AXIS2_PLACEMENT_3D('',#5286,#5287,#5288);
#5290=PLANE('',#5289);
#5291=ORIENTED_EDGE('',*,*,#5055,.F.);
#5293=ORIENTED_EDGE('',*,*,#5292,.T.);
#5294=ORIENTED_EDGE('',*,*,#5143,.T.);
#5295=ORIENTED_EDGE('',*,*,#5279,.F.);
#5296=EDGE_LOOP('',(#5291,#5293,#5294,#5295));
#5297=FACE_OUTER_BOUND('',#5296,.F.);
#5299=CARTESIAN_POINT('',(1.6E0,2.5E0,-1.01E0));
#5300=DIRECTION('',(1.E0,0.E0,0.E0));
#5301=DIRECTION('',(0.E0,1.E0,0.E0));
#5302=AXIS2_PLACEMENT_3D('',#5299,#5300,#5301);
#5303=CYLINDRICAL_SURFACE('',#5302,1.E-2);
#5304=ORIENTED_EDGE('',*,*,#5053,.F.);
#5305=ORIENTED_EDGE('',*,*,#5115,.T.);
#5306=ORIENTED_EDGE('',*,*,#5145,.T.);
#5307=ORIENTED_EDGE('',*,*,#5292,.F.);
#5308=EDGE_LOOP('',(#5304,#5305,#5306,#5307));
#5309=FACE_OUTER_BOUND('',#5308,.F.);
#5311=CARTESIAN_POINT('',(1.6E0,-2.5E0,-1.E0));
#5312=DIRECTION('',(0.E0,0.E0,-1.E0));
#5313=DIRECTION('',(0.E0,1.E0,0.E0));
#5314=AXIS2_PLACEMENT_3D('',#5311,#5312,#5313);
#5315=PLANE('',#5314);
#5316=ORIENTED_EDGE('',*,*,#3999,.F.);
#5317=ORIENTED_EDGE('',*,*,#5102,.F.);
#5319=ORIENTED_EDGE('',*,*,#5318,.T.);
#5320=ORIENTED_EDGE('',*,*,#5157,.T.);
#5321=EDGE_LOOP('',(#5316,#5317,#5319,#5320));
#5322=FACE_OUTER_BOUND('',#5321,.F.);
#5324=CARTESIAN_POINT('',(1.6E0,-2.5E0,-1.01E0));
#5325=DIRECTION('',(1.E0,0.E0,0.E0));
#5326=DIRECTION('',(0.E0,1.E0,0.E0));
#5327=AXIS2_PLACEMENT_3D('',#5324,#5325,#5326);
#5328=CYLINDRICAL_SURFACE('',#5327,1.E-2);
#5329=ORIENTED_EDGE('',*,*,#5100,.F.);
#5331=ORIENTED_EDGE('',*,*,#5330,.T.);
#5332=ORIENTED_EDGE('',*,*,#5159,.T.);
#5333=ORIENTED_EDGE('',*,*,#5318,.F.);
#5334=EDGE_LOOP('',(#5329,#5331,#5332,#5333));
#5335=FACE_OUTER_BOUND('',#5334,.F.);
#5337=CARTESIAN_POINT('',(1.6E0,-2.539417236152E0,-1.118470094961E0));
#5338=DIRECTION('',(0.E0,9.659258262891E-1,-2.588190451025E-1));
#5339=DIRECTION('',(0.E0,2.588190451025E-1,9.659258262891E-1));
#5340=AXIS2_PLACEMENT_3D('',#5337,#5338,#5339);
#5341=PLANE('',#5340);
#5342=ORIENTED_EDGE('',*,*,#5098,.F.);
#5344=ORIENTED_EDGE('',*,*,#5343,.T.);
#5345=ORIENTED_EDGE('',*,*,#5161,.T.);
#5346=ORIENTED_EDGE('',*,*,#5330,.F.);
#5347=EDGE_LOOP('',(#5342,#5344,#5345,#5346));
#5348=FACE_OUTER_BOUND('',#5347,.F.);
#5350=CARTESIAN_POINT('',(1.6E0,-2.645669077044E0,-1.09E0));
#5351=DIRECTION('',(1.E0,0.E0,0.E0));
#5352=DIRECTION('',(0.E0,1.E0,0.E0));
#5353=AXIS2_PLACEMENT_3D('',#5350,#5351,#5352);
#5354=CYLINDRICAL_SURFACE('',#5353,1.1E-1);
#5355=ORIENTED_EDGE('',*,*,#5096,.F.);
#5357=ORIENTED_EDGE('',*,*,#5356,.T.);
#5358=ORIENTED_EDGE('',*,*,#5163,.T.);
#5359=ORIENTED_EDGE('',*,*,#5343,.F.);
#5360=EDGE_LOOP('',(#5355,#5357,#5358,#5359));
#5361=FACE_OUTER_BOUND('',#5360,.F.);
#5363=CARTESIAN_POINT('',(1.6E0,-3.15E0,-1.2E0));
#5364=DIRECTION('',(0.E0,0.E0,-1.E0));
#5365=DIRECTION('',(0.E0,1.E0,0.E0));
#5366=AXIS2_PLACEMENT_3D('',#5363,#5364,#5365);
#5367=PLANE('',#5366);
#5368=ORIENTED_EDGE('',*,*,#5094,.F.);
#5370=ORIENTED_EDGE('',*,*,#5369,.T.);
#5371=ORIENTED_EDGE('',*,*,#5165,.T.);
#5372=ORIENTED_EDGE('',*,*,#5356,.F.);
#5373=EDGE_LOOP('',(#5368,#5370,#5371,#5372));
#5374=FACE_OUTER_BOUND('',#5373,.F.);
#5376=CARTESIAN_POINT('',(1.6E0,-3.15E0,-1.1E0));
#5377=DIRECTION('',(0.E0,-1.E0,0.E0));
#5378=DIRECTION('',(0.E0,0.E0,-1.E0));
#5379=AXIS2_PLACEMENT_3D('',#5376,#5377,#5378);
#5380=PLANE('',#5379);
#5381=ORIENTED_EDGE('',*,*,#5092,.F.);
#5383=ORIENTED_EDGE('',*,*,#5382,.T.);
#5384=ORIENTED_EDGE('',*,*,#5167,.T.);
#5385=ORIENTED_EDGE('',*,*,#5369,.F.);
#5386=EDGE_LOOP('',(#5381,#5383,#5384,#5385));
#5387=FACE_OUTER_BOUND('',#5386,.F.);
#5389=CARTESIAN_POINT('',(1.6E0,-2.645669077044E0,-1.1E0));
#5390=DIRECTION('',(0.E0,0.E0,1.E0));
#5391=DIRECTION('',(0.E0,-1.E0,0.E0));
#5392=AXIS2_PLACEMENT_3D('',#5389,#5390,#5391);
#5393=PLANE('',#5392);
#5394=ORIENTED_EDGE('',*,*,#5090,.F.);
#5396=ORIENTED_EDGE('',*,*,#5395,.T.);
#5397=ORIENTED_EDGE('',*,*,#5169,.T.);
#5398=ORIENTED_EDGE('',*,*,#5382,.F.);
#5399=EDGE_LOOP('',(#5394,#5396,#5397,#5398));
#5400=FACE_OUTER_BOUND('',#5399,.F.);
#5402=CARTESIAN_POINT('',(1.6E0,-2.645669077044E0,-1.09E0));
#5403=DIRECTION('',(1.E0,0.E0,0.E0));
#5404=DIRECTION('',(0.E0,1.E0,0.E0));
#5405=AXIS2_PLACEMENT_3D('',#5402,#5403,#5404);
#5406=CYLINDRICAL_SURFACE('',#5405,1.E-2);
#5407=ORIENTED_EDGE('',*,*,#5088,.F.);
#5409=ORIENTED_EDGE('',*,*,#5408,.T.);
#5410=ORIENTED_EDGE('',*,*,#5171,.T.);
#5411=ORIENTED_EDGE('',*,*,#5395,.F.);
#5412=EDGE_LOOP('',(#5407,#5409,#5410,#5411));
#5413=FACE_OUTER_BOUND('',#5412,.F.);
#5415=CARTESIAN_POINT('',(1.6E0,-2.606251840892E0,-9.815299050387E-1));
#5416=DIRECTION('',(0.E0,-9.659258262891E-1,2.588190451025E-1));
#5417=DIRECTION('',(0.E0,-2.588190451025E-1,-9.659258262891E-1));
#5418=AXIS2_PLACEMENT_3D('',#5415,#5416,#5417);
#5419=PLANE('',#5418);
#5420=ORIENTED_EDGE('',*,*,#5086,.F.);
#5422=ORIENTED_EDGE('',*,*,#5421,.T.);
#5423=ORIENTED_EDGE('',*,*,#5173,.T.);
#5424=ORIENTED_EDGE('',*,*,#5408,.F.);
#5425=EDGE_LOOP('',(#5420,#5422,#5423,#5424));
#5426=FACE_OUTER_BOUND('',#5425,.F.);
#5428=CARTESIAN_POINT('',(1.6E0,-2.5E0,-1.01E0));
#5429=DIRECTION('',(1.E0,0.E0,0.E0));
#5430=DIRECTION('',(0.E0,1.E0,0.E0));
#5431=AXIS2_PLACEMENT_3D('',#5428,#5429,#5430);
#5432=CYLINDRICAL_SURFACE('',#5431,1.1E-1);
#5433=ORIENTED_EDGE('',*,*,#5084,.F.);
#5435=ORIENTED_EDGE('',*,*,#5434,.T.);
#5436=ORIENTED_EDGE('',*,*,#5175,.T.);
#5437=ORIENTED_EDGE('',*,*,#5421,.F.);
#5438=EDGE_LOOP('',(#5433,#5435,#5436,#5437));
#5439=FACE_OUTER_BOUND('',#5438,.F.);
#5441=CARTESIAN_POINT('',(1.6E0,-2.45E0,-9.E-1));
#5442=DIRECTION('',(0.E0,0.E0,1.E0));
#5443=DIRECTION('',(0.E0,-1.E0,0.E0));
#5444=AXIS2_PLACEMENT_3D('',#5441,#5442,#5443);
#5445=PLANE('',#5444);
#5446=ORIENTED_EDGE('',*,*,#4003,.T.);
#5447=ORIENTED_EDGE('',*,*,#5177,.T.);
#5448=ORIENTED_EDGE('',*,*,#5434,.F.);
#5449=ORIENTED_EDGE('',*,*,#5082,.F.);
#5450=EDGE_LOOP('',(#5446,#5447,#5448,#5449));
#5451=FACE_OUTER_BOUND('',#5450,.F.);
#5453=CARTESIAN_POINT('',(-2.1E0,0.E0,0.E0));
#5454=DIRECTION('',(1.E0,0.E0,0.E0));
#5455=DIRECTION('',(0.E0,1.E0,0.E0));
#5456=AXIS2_PLACEMENT_3D('',#5453,#5454,#5455);
#5457=PLANE('',#5456);
#5458=ORIENTED_EDGE('',*,*,#4243,.F.);
#5460=ORIENTED_EDGE('',*,*,#5459,.T.);
#5462=ORIENTED_EDGE('',*,*,#5461,.T.);
#5464=ORIENTED_EDGE('',*,*,#5463,.T.);
#5466=ORIENTED_EDGE('',*,*,#5465,.T.);
#5468=ORIENTED_EDGE('',*,*,#5467,.T.);
#5470=ORIENTED_EDGE('',*,*,#5469,.T.);
#5472=ORIENTED_EDGE('',*,*,#5471,.T.);
#5474=ORIENTED_EDGE('',*,*,#5473,.T.);
#5476=ORIENTED_EDGE('',*,*,#5475,.T.);
#5478=ORIENTED_EDGE('',*,*,#5477,.T.);
#5480=ORIENTED_EDGE('',*,*,#5479,.T.);
#5481=EDGE_LOOP('',(#5458,#5460,#5462,#5464,#5466,#5468,#5470,#5472,#5474,#5476,
#5478,#5480));
#5482=FACE_OUTER_BOUND('',#5481,.F.);
#5484=CARTESIAN_POINT('',(-2.1E0,0.E0,0.E0));
#5485=DIRECTION('',(1.E0,0.E0,0.E0));
#5486=DIRECTION('',(0.E0,1.E0,0.E0));
#5487=AXIS2_PLACEMENT_3D('',#5484,#5485,#5486);
#5488=PLANE('',#5487);
#5489=ORIENTED_EDGE('',*,*,#4007,.T.);
#5491=ORIENTED_EDGE('',*,*,#5490,.T.);
#5493=ORIENTED_EDGE('',*,*,#5492,.T.);
#5495=ORIENTED_EDGE('',*,*,#5494,.T.);
#5497=ORIENTED_EDGE('',*,*,#5496,.T.);
#5499=ORIENTED_EDGE('',*,*,#5498,.T.);
#5501=ORIENTED_EDGE('',*,*,#5500,.T.);
#5503=ORIENTED_EDGE('',*,*,#5502,.T.);
#5505=ORIENTED_EDGE('',*,*,#5504,.T.);
#5507=ORIENTED_EDGE('',*,*,#5506,.T.);
#5509=ORIENTED_EDGE('',*,*,#5508,.T.);
#5511=ORIENTED_EDGE('',*,*,#5510,.T.);
#5512=EDGE_LOOP('',(#5489,#5491,#5493,#5495,#5497,#5499,#5501,#5503,#5505,#5507,
#5509,#5511));
#5513=FACE_OUTER_BOUND('',#5512,.F.);
#5515=CARTESIAN_POINT('',(-2.1E0,2.45E0,-1.E0));
#5516=DIRECTION('',(0.E0,0.E0,-1.E0));
#5517=DIRECTION('',(0.E0,1.E0,0.E0));
#5518=AXIS2_PLACEMENT_3D('',#5515,#5516,#5517);
#5519=PLANE('',#5518);
#5520=ORIENTED_EDGE('',*,*,#4249,.T.);
#5522=ORIENTED_EDGE('',*,*,#5521,.T.);
#5524=ORIENTED_EDGE('',*,*,#5523,.F.);
#5525=ORIENTED_EDGE('',*,*,#5459,.F.);
#5526=EDGE_LOOP('',(#5520,#5522,#5524,#5525));
#5527=FACE_OUTER_BOUND('',#5526,.F.);
#5529=CARTESIAN_POINT('',(-1.6E0,0.E0,0.E0));
#5530=DIRECTION('',(1.E0,0.E0,0.E0));
#5531=DIRECTION('',(0.E0,1.E0,0.E0));
#5532=AXIS2_PLACEMENT_3D('',#5529,#5530,#5531);
#5533=PLANE('',#5532);
#5534=ORIENTED_EDGE('',*,*,#4247,.T.);
#5536=ORIENTED_EDGE('',*,*,#5535,.F.);
#5538=ORIENTED_EDGE('',*,*,#5537,.F.);
#5540=ORIENTED_EDGE('',*,*,#5539,.F.);
#5542=ORIENTED_EDGE('',*,*,#5541,.F.);
#5544=ORIENTED_EDGE('',*,*,#5543,.F.);
#5546=ORIENTED_EDGE('',*,*,#5545,.F.);
#5548=ORIENTED_EDGE('',*,*,#5547,.F.);
#5550=ORIENTED_EDGE('',*,*,#5549,.F.);
#5552=ORIENTED_EDGE('',*,*,#5551,.F.);
#5554=ORIENTED_EDGE('',*,*,#5553,.F.);
#5555=ORIENTED_EDGE('',*,*,#5521,.F.);
#5556=EDGE_LOOP('',(#5534,#5536,#5538,#5540,#5542,#5544,#5546,#5548,#5550,#5552,
#5554,#5555));
#5557=FACE_OUTER_BOUND('',#5556,.F.);
#5559=CARTESIAN_POINT('',(-1.6E0,0.E0,0.E0));
#5560=DIRECTION('',(1.E0,0.E0,0.E0));
#5561=DIRECTION('',(0.E0,1.E0,0.E0));
#5562=AXIS2_PLACEMENT_3D('',#5559,#5560,#5561);
#5563=PLANE('',#5562);
#5564=ORIENTED_EDGE('',*,*,#4011,.F.);
#5566=ORIENTED_EDGE('',*,*,#5565,.F.);
#5568=ORIENTED_EDGE('',*,*,#5567,.F.);
#5570=ORIENTED_EDGE('',*,*,#5569,.F.);
#5572=ORIENTED_EDGE('',*,*,#5571,.F.);
#5574=ORIENTED_EDGE('',*,*,#5573,.F.);
#5576=ORIENTED_EDGE('',*,*,#5575,.F.);
#5578=ORIENTED_EDGE('',*,*,#5577,.F.);
#5580=ORIENTED_EDGE('',*,*,#5579,.F.);
#5582=ORIENTED_EDGE('',*,*,#5581,.F.);
#5584=ORIENTED_EDGE('',*,*,#5583,.F.);
#5586=ORIENTED_EDGE('',*,*,#5585,.F.);
#5587=EDGE_LOOP('',(#5564,#5566,#5568,#5570,#5572,#5574,#5576,#5578,#5580,#5582,
#5584,#5586));
#5588=FACE_OUTER_BOUND('',#5587,.F.);
#5590=CARTESIAN_POINT('',(-2.1E0,2.5E0,-9.E-1));
#5591=DIRECTION('',(0.E0,0.E0,1.E0));
#5592=DIRECTION('',(0.E0,-1.E0,0.E0));
#5593=AXIS2_PLACEMENT_3D('',#5590,#5591,#5592);
#5594=PLANE('',#5593);
#5595=ORIENTED_EDGE('',*,*,#4245,.F.);
#5596=ORIENTED_EDGE('',*,*,#5479,.F.);
#5598=ORIENTED_EDGE('',*,*,#5597,.T.);
#5599=ORIENTED_EDGE('',*,*,#5535,.T.);
#5600=EDGE_LOOP('',(#5595,#5596,#5598,#5599));
#5601=FACE_OUTER_BOUND('',#5600,.F.);
#5603=CARTESIAN_POINT('',(-2.1E0,2.5E0,-1.01E0));
#5604=DIRECTION('',(1.E0,0.E0,0.E0));
#5605=DIRECTION('',(0.E0,1.E0,0.E0));
#5606=AXIS2_PLACEMENT_3D('',#5603,#5604,#5605);
#5607=CYLINDRICAL_SURFACE('',#5606,1.1E-1);
#5608=ORIENTED_EDGE('',*,*,#5477,.F.);
#5610=ORIENTED_EDGE('',*,*,#5609,.T.);
#5611=ORIENTED_EDGE('',*,*,#5537,.T.);
#5612=ORIENTED_EDGE('',*,*,#5597,.F.);
#5613=EDGE_LOOP('',(#5608,#5610,#5611,#5612));
#5614=FACE_OUTER_BOUND('',#5613,.F.);
#5616=CARTESIAN_POINT('',(-2.1E0,2.636009818781E0,-1.092588190451E0));
#5617=DIRECTION('',(0.E0,9.659258262891E-1,2.588190451025E-1));
#5618=DIRECTION('',(0.E0,-2.588190451025E-1,9.659258262891E-1));
#5619=AXIS2_PLACEMENT_3D('',#5616,#5617,#5618);
#5620=PLANE('',#5619);
#5621=ORIENTED_EDGE('',*,*,#5475,.F.);
#5623=ORIENTED_EDGE('',*,*,#5622,.T.);
#5624=ORIENTED_EDGE('',*,*,#5539,.T.);
#5625=ORIENTED_EDGE('',*,*,#5609,.F.);
#5626=EDGE_LOOP('',(#5621,#5623,#5624,#5625));
#5627=FACE_OUTER_BOUND('',#5626,.F.);
#5629=CARTESIAN_POINT('',(-2.1E0,2.645669077044E0,-1.09E0));
#5630=DIRECTION('',(1.E0,0.E0,0.E0));
#5631=DIRECTION('',(0.E0,1.E0,0.E0));
#5632=AXIS2_PLACEMENT_3D('',#5629,#5630,#5631);
#5633=CYLINDRICAL_SURFACE('',#5632,1.E-2);
#5634=ORIENTED_EDGE('',*,*,#5473,.F.);
#5636=ORIENTED_EDGE('',*,*,#5635,.T.);
#5637=ORIENTED_EDGE('',*,*,#5541,.T.);
#5638=ORIENTED_EDGE('',*,*,#5622,.F.);
#5639=EDGE_LOOP('',(#5634,#5636,#5637,#5638));
#5640=FACE_OUTER_BOUND('',#5639,.F.);
#5642=CARTESIAN_POINT('',(-2.1E0,3.15E0,-1.1E0));
#5643=DIRECTION('',(0.E0,0.E0,1.E0));
#5644=DIRECTION('',(0.E0,-1.E0,0.E0));
#5645=AXIS2_PLACEMENT_3D('',#5642,#5643,#5644);
#5646=PLANE('',#5645);
#5647=ORIENTED_EDGE('',*,*,#5471,.F.);
#5649=ORIENTED_EDGE('',*,*,#5648,.T.);
#5650=ORIENTED_EDGE('',*,*,#5543,.T.);
#5651=ORIENTED_EDGE('',*,*,#5635,.F.);
#5652=EDGE_LOOP('',(#5647,#5649,#5650,#5651));
#5653=FACE_OUTER_BOUND('',#5652,.F.);
#5655=CARTESIAN_POINT('',(-2.1E0,3.15E0,-1.2E0));
#5656=DIRECTION('',(0.E0,1.E0,0.E0));
#5657=DIRECTION('',(0.E0,0.E0,1.E0));
#5658=AXIS2_PLACEMENT_3D('',#5655,#5656,#5657);
#5659=PLANE('',#5658);
#5660=ORIENTED_EDGE('',*,*,#5469,.F.);
#5662=ORIENTED_EDGE('',*,*,#5661,.T.);
#5663=ORIENTED_EDGE('',*,*,#5545,.T.);
#5664=ORIENTED_EDGE('',*,*,#5648,.F.);
#5665=EDGE_LOOP('',(#5660,#5662,#5663,#5664));
#5666=FACE_OUTER_BOUND('',#5665,.F.);
#5668=CARTESIAN_POINT('',(-2.1E0,2.645669077044E0,-1.2E0));
#5669=DIRECTION('',(0.E0,0.E0,-1.E0));
#5670=DIRECTION('',(0.E0,1.E0,0.E0));
#5671=AXIS2_PLACEMENT_3D('',#5668,#5669,#5670);
#5672=PLANE('',#5671);
#5673=ORIENTED_EDGE('',*,*,#5467,.F.);
#5675=ORIENTED_EDGE('',*,*,#5674,.T.);
#5676=ORIENTED_EDGE('',*,*,#5547,.T.);
#5677=ORIENTED_EDGE('',*,*,#5661,.F.);
#5678=EDGE_LOOP('',(#5673,#5675,#5676,#5677));
#5679=FACE_OUTER_BOUND('',#5678,.F.);
#5681=CARTESIAN_POINT('',(-2.1E0,2.645669077044E0,-1.09E0));
#5682=DIRECTION('',(1.E0,0.E0,0.E0));
#5683=DIRECTION('',(0.E0,1.E0,0.E0));
#5684=AXIS2_PLACEMENT_3D('',#5681,#5682,#5683);
#5685=CYLINDRICAL_SURFACE('',#5684,1.1E-1);
#5686=ORIENTED_EDGE('',*,*,#5465,.F.);
#5688=ORIENTED_EDGE('',*,*,#5687,.T.);
#5689=ORIENTED_EDGE('',*,*,#5549,.T.);
#5690=ORIENTED_EDGE('',*,*,#5674,.F.);
#5691=EDGE_LOOP('',(#5686,#5688,#5689,#5690));
#5692=FACE_OUTER_BOUND('',#5691,.F.);
#5694=CARTESIAN_POINT('',(-2.1E0,2.509659258263E0,-1.007411809549E0));
#5695=DIRECTION('',(0.E0,-9.659258262891E-1,-2.588190451025E-1));
#5696=DIRECTION('',(0.E0,2.588190451025E-1,-9.659258262891E-1));
#5697=AXIS2_PLACEMENT_3D('',#5694,#5695,#5696);
#5698=PLANE('',#5697);
#5699=ORIENTED_EDGE('',*,*,#5463,.F.);
#5701=ORIENTED_EDGE('',*,*,#5700,.T.);
#5702=ORIENTED_EDGE('',*,*,#5551,.T.);
#5703=ORIENTED_EDGE('',*,*,#5687,.F.);
#5704=EDGE_LOOP('',(#5699,#5701,#5702,#5703));
#5705=FACE_OUTER_BOUND('',#5704,.F.);
#5707=CARTESIAN_POINT('',(-2.1E0,2.5E0,-1.01E0));
#5708=DIRECTION('',(1.E0,0.E0,0.E0));
#5709=DIRECTION('',(0.E0,1.E0,0.E0));
#5710=AXIS2_PLACEMENT_3D('',#5707,#5708,#5709);
#5711=CYLINDRICAL_SURFACE('',#5710,1.E-2);
#5712=ORIENTED_EDGE('',*,*,#5461,.F.);
#5713=ORIENTED_EDGE('',*,*,#5523,.T.);
#5714=ORIENTED_EDGE('',*,*,#5553,.T.);
#5715=ORIENTED_EDGE('',*,*,#5700,.F.);
#5716=EDGE_LOOP('',(#5712,#5713,#5714,#5715));
#5717=FACE_OUTER_BOUND('',#5716,.F.);
#5719=CARTESIAN_POINT('',(-2.1E0,-2.5E0,-1.E0));
#5720=DIRECTION('',(0.E0,0.E0,-1.E0));
#5721=DIRECTION('',(0.E0,1.E0,0.E0));
#5722=AXIS2_PLACEMENT_3D('',#5719,#5720,#5721);
#5723=PLANE('',#5722);
#5724=ORIENTED_EDGE('',*,*,#4009,.F.);
#5725=ORIENTED_EDGE('',*,*,#5510,.F.);
#5727=ORIENTED_EDGE('',*,*,#5726,.T.);
#5728=ORIENTED_EDGE('',*,*,#5565,.T.);
#5729=EDGE_LOOP('',(#5724,#5725,#5727,#5728));
#5730=FACE_OUTER_BOUND('',#5729,.F.);
#5732=CARTESIAN_POINT('',(-2.1E0,-2.5E0,-1.01E0));
#5733=DIRECTION('',(1.E0,0.E0,0.E0));
#5734=DIRECTION('',(0.E0,1.E0,0.E0));
#5735=AXIS2_PLACEMENT_3D('',#5732,#5733,#5734);
#5736=CYLINDRICAL_SURFACE('',#5735,1.E-2);
#5737=ORIENTED_EDGE('',*,*,#5508,.F.);
#5739=ORIENTED_EDGE('',*,*,#5738,.T.);
#5740=ORIENTED_EDGE('',*,*,#5567,.T.);
#5741=ORIENTED_EDGE('',*,*,#5726,.F.);
#5742=EDGE_LOOP('',(#5737,#5739,#5740,#5741));
#5743=FACE_OUTER_BOUND('',#5742,.F.);
#5745=CARTESIAN_POINT('',(-2.1E0,-2.539417236152E0,-1.118470094961E0));
#5746=DIRECTION('',(0.E0,9.659258262891E-1,-2.588190451025E-1));
#5747=DIRECTION('',(0.E0,2.588190451025E-1,9.659258262891E-1));
#5748=AXIS2_PLACEMENT_3D('',#5745,#5746,#5747);
#5749=PLANE('',#5748);
#5750=ORIENTED_EDGE('',*,*,#5506,.F.);
#5752=ORIENTED_EDGE('',*,*,#5751,.T.);
#5753=ORIENTED_EDGE('',*,*,#5569,.T.);
#5754=ORIENTED_EDGE('',*,*,#5738,.F.);
#5755=EDGE_LOOP('',(#5750,#5752,#5753,#5754));
#5756=FACE_OUTER_BOUND('',#5755,.F.);
#5758=CARTESIAN_POINT('',(-2.1E0,-2.645669077044E0,-1.09E0));
#5759=DIRECTION('',(1.E0,0.E0,0.E0));
#5760=DIRECTION('',(0.E0,1.E0,0.E0));
#5761=AXIS2_PLACEMENT_3D('',#5758,#5759,#5760);
#5762=CYLINDRICAL_SURFACE('',#5761,1.1E-1);
#5763=ORIENTED_EDGE('',*,*,#5504,.F.);
#5765=ORIENTED_EDGE('',*,*,#5764,.T.);
#5766=ORIENTED_EDGE('',*,*,#5571,.T.);
#5767=ORIENTED_EDGE('',*,*,#5751,.F.);
#5768=EDGE_LOOP('',(#5763,#5765,#5766,#5767));
#5769=FACE_OUTER_BOUND('',#5768,.F.);
#5771=CARTESIAN_POINT('',(-2.1E0,-3.15E0,-1.2E0));
#5772=DIRECTION('',(0.E0,0.E0,-1.E0));
#5773=DIRECTION('',(0.E0,1.E0,0.E0));
#5774=AXIS2_PLACEMENT_3D('',#5771,#5772,#5773);
#5775=PLANE('',#5774);
#5776=ORIENTED_EDGE('',*,*,#5502,.F.);
#5778=ORIENTED_EDGE('',*,*,#5777,.T.);
#5779=ORIENTED_EDGE('',*,*,#5573,.T.);
#5780=ORIENTED_EDGE('',*,*,#5764,.F.);
#5781=EDGE_LOOP('',(#5776,#5778,#5779,#5780));
#5782=FACE_OUTER_BOUND('',#5781,.F.);
#5784=CARTESIAN_POINT('',(-2.1E0,-3.15E0,-1.1E0));
#5785=DIRECTION('',(0.E0,-1.E0,0.E0));
#5786=DIRECTION('',(0.E0,0.E0,-1.E0));
#5787=AXIS2_PLACEMENT_3D('',#5784,#5785,#5786);
#5788=PLANE('',#5787);
#5789=ORIENTED_EDGE('',*,*,#5500,.F.);
#5791=ORIENTED_EDGE('',*,*,#5790,.T.);
#5792=ORIENTED_EDGE('',*,*,#5575,.T.);
#5793=ORIENTED_EDGE('',*,*,#5777,.F.);
#5794=EDGE_LOOP('',(#5789,#5791,#5792,#5793));
#5795=FACE_OUTER_BOUND('',#5794,.F.);
#5797=CARTESIAN_POINT('',(-2.1E0,-2.645669077044E0,-1.1E0));
#5798=DIRECTION('',(0.E0,0.E0,1.E0));
#5799=DIRECTION('',(0.E0,-1.E0,0.E0));
#5800=AXIS2_PLACEMENT_3D('',#5797,#5798,#5799);
#5801=PLANE('',#5800);
#5802=ORIENTED_EDGE('',*,*,#5498,.F.);
#5804=ORIENTED_EDGE('',*,*,#5803,.T.);
#5805=ORIENTED_EDGE('',*,*,#5577,.T.);
#5806=ORIENTED_EDGE('',*,*,#5790,.F.);
#5807=EDGE_LOOP('',(#5802,#5804,#5805,#5806));
#5808=FACE_OUTER_BOUND('',#5807,.F.);
#5810=CARTESIAN_POINT('',(-2.1E0,-2.645669077044E0,-1.09E0));
#5811=DIRECTION('',(1.E0,0.E0,0.E0));
#5812=DIRECTION('',(0.E0,1.E0,0.E0));
#5813=AXIS2_PLACEMENT_3D('',#5810,#5811,#5812);
#5814=CYLINDRICAL_SURFACE('',#5813,1.E-2);
#5815=ORIENTED_EDGE('',*,*,#5496,.F.);
#5817=ORIENTED_EDGE('',*,*,#5816,.T.);
#5818=ORIENTED_EDGE('',*,*,#5579,.T.);
#5819=ORIENTED_EDGE('',*,*,#5803,.F.);
#5820=EDGE_LOOP('',(#5815,#5817,#5818,#5819));
#5821=FACE_OUTER_BOUND('',#5820,.F.);
#5823=CARTESIAN_POINT('',(-2.1E0,-2.606251840892E0,-9.815299050387E-1));
#5824=DIRECTION('',(0.E0,-9.659258262891E-1,2.588190451025E-1));
#5825=DIRECTION('',(0.E0,-2.588190451025E-1,-9.659258262891E-1));
#5826=AXIS2_PLACEMENT_3D('',#5823,#5824,#5825);
#5827=PLANE('',#5826);
#5828=ORIENTED_EDGE('',*,*,#5494,.F.);
#5830=ORIENTED_EDGE('',*,*,#5829,.T.);
#5831=ORIENTED_EDGE('',*,*,#5581,.T.);
#5832=ORIENTED_EDGE('',*,*,#5816,.F.);
#5833=EDGE_LOOP('',(#5828,#5830,#5831,#5832));
#5834=FACE_OUTER_BOUND('',#5833,.F.);
#5836=CARTESIAN_POINT('',(-2.1E0,-2.5E0,-1.01E0));
#5837=DIRECTION('',(1.E0,0.E0,0.E0));
#5838=DIRECTION('',(0.E0,1.E0,0.E0));
#5839=AXIS2_PLACEMENT_3D('',#5836,#5837,#5838);
#5840=CYLINDRICAL_SURFACE('',#5839,1.1E-1);
#5841=ORIENTED_EDGE('',*,*,#5492,.F.);
#5843=ORIENTED_EDGE('',*,*,#5842,.T.);
#5844=ORIENTED_EDGE('',*,*,#5583,.T.);
#5845=ORIENTED_EDGE('',*,*,#5829,.F.);
#5846=EDGE_LOOP('',(#5841,#5843,#5844,#5845));
#5847=FACE_OUTER_BOUND('',#5846,.F.);
#5849=CARTESIAN_POINT('',(-2.1E0,-2.45E0,-9.E-1));
#5850=DIRECTION('',(0.E0,0.E0,1.E0));
#5851=DIRECTION('',(0.E0,-1.E0,0.E0));
#5852=AXIS2_PLACEMENT_3D('',#5849,#5850,#5851);
#5853=PLANE('',#5852);
#5854=ORIENTED_EDGE('',*,*,#4013,.T.);
#5855=ORIENTED_EDGE('',*,*,#5585,.T.);
#5856=ORIENTED_EDGE('',*,*,#5842,.F.);
#5857=ORIENTED_EDGE('',*,*,#5490,.F.);
#5858=EDGE_LOOP('',(#5854,#5855,#5856,#5857));
#5859=FACE_OUTER_BOUND('',#5858,.F.);
#5861=CARTESIAN_POINT('',(-1.9E0,1.9E0,-5.E-1));
#5862=DIRECTION('',(0.E0,0.E0,1.E0));
#5863=DIRECTION('',(1.E0,0.E0,0.E0));
#5864=AXIS2_PLACEMENT_3D('',#5861,#5862,#5863);
#5865=CYLINDRICAL_SURFACE('',#5864,5.E-1);
#5866=ORIENTED_EDGE('',*,*,#3277,.F.);
#5867=ORIENTED_EDGE('',*,*,#4130,.T.);
#5868=ORIENTED_EDGE('',*,*,#3631,.T.);
#5869=ORIENTED_EDGE('',*,*,#3364,.F.);
#5870=EDGE_LOOP('',(#5866,#5867,#5868,#5869));
#5871=FACE_OUTER_BOUND('',#5870,.F.);
#5873=CARTESIAN_POINT('',(-2.45E0,-1.085533906E0,-6.2E-1));
#5874=DIRECTION('',(-7.071067811865E-1,-7.071067811865E-1,0.E0));
#5875=DIRECTION('',(7.071067811865E-1,-7.071067811865E-1,0.E0));
#5876=AXIS2_PLACEMENT_3D('',#5873,#5874,#5875);
#5877=PLANE('',#5876);
#5878=ORIENTED_EDGE('',*,*,#3287,.F.);
#5879=ORIENTED_EDGE('',*,*,#4057,.T.);
#5880=ORIENTED_EDGE('',*,*,#3991,.F.);
#5881=ORIENTED_EDGE('',*,*,#3165,.F.);
#5882=ORIENTED_EDGE('',*,*,#3214,.T.);
#5883=EDGE_LOOP('',(#5878,#5879,#5880,#5881,#5882));
#5884=FACE_OUTER_BOUND('',#5883,.F.);
#5886=CARTESIAN_POINT('',(-1.9E0,-1.9E0,-5.E-1));
#5887=DIRECTION('',(0.E0,0.E0,1.E0));
#5888=DIRECTION('',(1.E0,0.E0,0.E0));
#5889=AXIS2_PLACEMENT_3D('',#5886,#5887,#5888);
#5890=CYLINDRICAL_SURFACE('',#5889,5.E-1);
#5891=ORIENTED_EDGE('',*,*,#3294,.F.);
#5892=ORIENTED_EDGE('',*,*,#3350,.T.);
#5893=ORIENTED_EDGE('',*,*,#3623,.T.);
#5894=ORIENTED_EDGE('',*,*,#3731,.F.);
#5895=EDGE_LOOP('',(#5891,#5892,#5893,#5894));
#5896=FACE_OUTER_BOUND('',#5895,.F.);
#5898=CARTESIAN_POINT('',(-2.45E0,-1.25E0,-5.5E-1));
#5899=DIRECTION('',(0.E0,1.E0,0.E0));
#5900=DIRECTION('',(-1.E0,0.E0,0.E0));
#5901=AXIS2_PLACEMENT_3D('',#5898,#5899,#5900);
#5902=CYLINDRICAL_SURFACE('',#5901,1.5E-1);
#5903=ORIENTED_EDGE('',*,*,#3385,.F.);
#5904=ORIENTED_EDGE('',*,*,#3551,.T.);
#5905=ORIENTED_EDGE('',*,*,#3565,.T.);
#5906=ORIENTED_EDGE('',*,*,#3627,.F.);
#5907=EDGE_LOOP('',(#5903,#5904,#5905,#5906));
#5908=FACE_OUTER_BOUND('',#5907,.F.);
#5910=CARTESIAN_POINT('',(-4.976263370487E-7,-3.539189259920E-7,
-2.000000010246E-1));
#5911=DIRECTION('',(0.E0,0.E0,-1.E0));
#5912=DIRECTION('',(-1.E0,0.E0,0.E0));
#5913=AXIS2_PLACEMENT_3D('',#5910,#5911,#5912);
#5914=CONICAL_SURFACE('',#5913,2.123792055247E0,2.2E1);
#5916=ORIENTED_EDGE('',*,*,#5915,.F.);
#5918=ORIENTED_EDGE('',*,*,#5917,.T.);
#5920=ORIENTED_EDGE('',*,*,#5919,.T.);
#5921=ORIENTED_EDGE('',*,*,#3647,.F.);
#5922=EDGE_LOOP('',(#5916,#5918,#5920,#5921));
#5923=FACE_OUTER_BOUND('',#5922,.F.);
#5925=CARTESIAN_POINT('',(1.106280484532E0,-1.714701923889E0,
4.076514838736E-3));
#5926=CARTESIAN_POINT('',(1.114850334398E0,-1.744107721662E0,
-6.870538864240E-2));
#5927=CARTESIAN_POINT('',(1.130842451308E0,-1.799663315220E0,
-2.062103078921E-1));
#5928=CARTESIAN_POINT('',(1.146488915956E0,-1.855231236063E0,
-3.437457382435E-1));
#5929=CARTESIAN_POINT('',(1.153780406848E0,-1.881385562933E0,
-4.084799688388E-1));
#5930=CARTESIAN_POINT('',(1.085519468529E0,-1.730105155333E0,
7.855283747383E-3));
#5931=CARTESIAN_POINT('',(1.094087317313E0,-1.759504086857E0,
-6.490962517054E-2));
#5932=CARTESIAN_POINT('',(1.110075837372E0,-1.815047179653E0,
-2.023836039499E-1));
#5933=CARTESIAN_POINT('',(1.125719004789E0,-1.870603387176E0,
-3.398900428151E-1));
#5934=CARTESIAN_POINT('',(1.133009002973E0,-1.896752359690E0,
-4.046110209155E-1));
#5935=CARTESIAN_POINT('',(1.060436068441E0,-1.737411416798E0,
7.853718090252E-3));
#5936=CARTESIAN_POINT('',(1.069001499523E0,-1.766802052539E0,
-6.489065804505E-2));
#5937=CARTESIAN_POINT('',(1.084985673878E0,-1.822330041952E0,
-2.023272546368E-1));
#5938=CARTESIAN_POINT('',(1.100624857588E0,-1.877872097474E0,
-3.397986660713E-1));
#5939=CARTESIAN_POINT('',(1.107913052287E0,-1.904014600871E0,
-4.045036325454E-1));
#5940=CARTESIAN_POINT('',(1.034651350480E0,-1.735565968638E0,
4.072043887265E-3));
#5941=CARTESIAN_POINT('',(1.043214296262E0,-1.764948076651E0,
-6.865122538028E-2));
#5942=CARTESIAN_POINT('',(1.059194003409E0,-1.820460540397E0,
-2.060493945992E-1));
#5943=CARTESIAN_POINT('',(1.074829092031E0,-1.875988048237E0,
-3.434847992557E-1));
#5944=CARTESIAN_POINT('',(1.082115432820E0,-1.902123901644E0,
-4.081733064273E-1));
#5945=(BOUNDED_SURFACE()B_SPLINE_SURFACE(3,3,((#5925,#5926,#5927,#5928,#5929),(
#5930,#5931,#5932,#5933,#5934),(#5935,#5936,#5937,#5938,#5939),(#5940,#5941,
#5942,#5943,#5944)),.UNSPECIFIED.,.F.,.F.,.F.)B_SPLINE_SURFACE_WITH_KNOTS((4,4),
(4,1,4),(0.E0,1.E0),(4.745904732286E-1,5.045229024317E-1,5.311337156619E-1),
.UNSPECIFIED.)GEOMETRIC_REPRESENTATION_ITEM()RATIONAL_B_SPLINE_SURFACE(((
1.037441539961E0,1.037441539961E0,1.037441539961E0,1.037441539961E0,
1.037441539961E0),(9.875194866797E-1,9.875194866797E-1,9.875194866797E-1,
9.875194866797E-1,9.875194866797E-1),(9.875194866797E-1,9.875194866797E-1,
9.875194866797E-1,9.875194866797E-1,9.875194866797E-1),(1.037441539961E0,
1.037441539961E0,1.037441539961E0,1.037441539961E0,1.037441539961E0)))REPRESENTATION_ITEM('')SURFACE());
#5947=ORIENTED_EDGE('',*,*,#5946,.F.);
#5949=ORIENTED_EDGE('',*,*,#5948,.T.);
#5950=ORIENTED_EDGE('',*,*,#5915,.T.);
#5951=ORIENTED_EDGE('',*,*,#3677,.T.);
#5952=EDGE_LOOP('',(#5947,#5949,#5950,#5951));
#5953=FACE_OUTER_BOUND('',#5952,.F.);
#5955=CARTESIAN_POINT('',(-2.238834275192E0,-1.89959735E0,-4.E-1));
#5956=DIRECTION('',(0.E0,-9.271838545668E-1,3.746065934159E-1));
#5957=DIRECTION('',(-1.E0,0.E0,0.E0));
#5958=AXIS2_PLACEMENT_3D('',#5955,#5956,#5957);
#5959=PLANE('',#5958);
#5960=ORIENTED_EDGE('',*,*,#5946,.T.);
#5961=ORIENTED_EDGE('',*,*,#3675,.F.);
#5963=ORIENTED_EDGE('',*,*,#5962,.F.);
#5965=ORIENTED_EDGE('',*,*,#5964,.T.);
#5966=EDGE_LOOP('',(#5960,#5961,#5963,#5965));
#5967=FACE_OUTER_BOUND('',#5966,.F.);
#5969=CARTESIAN_POINT('',(-1.034651363653E0,-1.735565969026E0,
4.072049168871E-3));
#5970=CARTESIAN_POINT('',(-1.036642228353E0,-1.742397259600E0,
-1.283598832315E-2));
#5971=CARTESIAN_POINT('',(-1.044266308571E0,-1.768632783969E0,
-7.777118978115E-2));
#5972=CARTESIAN_POINT('',(-1.057862568072E0,-1.815930339813E0,
-1.948367484488E-1));
#5973=CARTESIAN_POINT('',(-1.071634411831E0,-1.864620970823E0,
-3.153502891466E-1));
#5974=CARTESIAN_POINT('',(-1.079824107319E0,-1.893905014696E0,
-3.878308411516E-1));
#5975=CARTESIAN_POINT('',(-1.082115434949E0,-1.902123904165E0,
-4.081733064263E-1));
#5976=CARTESIAN_POINT('',(-1.060436077657E0,-1.737411412102E0,
7.853720959744E-3));
#5977=CARTESIAN_POINT('',(-1.062427520165E0,-1.744244685320E0,
-9.059223747860E-3));
#5978=CARTESIAN_POINT('',(-1.070053794329E0,-1.770487759573E0,
-7.401311182332E-2));
#5979=CARTESIAN_POINT('',(-1.083653841170E0,-1.817798492939E0,
-1.911112860031E-1));
#5980=CARTESIAN_POINT('',(-1.097429341072E0,-1.866502052963E0,
-3.116568271334E-1));
#5981=CARTESIAN_POINT('',(-1.105621139770E0,-1.895793617507E0,
-3.841559934512E-1));
#5982=CARTESIAN_POINT('',(-1.107913050417E0,-1.904014598226E0,
-4.045036347519E-1));
#5983=CARTESIAN_POINT('',(-1.085519472421E0,-1.730105148858E0,
7.855285375848E-3));
#5984=CARTESIAN_POINT('',(-1.087511477021E0,-1.736940350793E0,
-9.062433075830E-3));
#5985=CARTESIAN_POINT('',(-1.095139885458E0,-1.763190769580E0,
-7.403449951086E-2));
#5986=CARTESIAN_POINT('',(-1.108743616626E0,-1.810514322052E0,
-1.911644020923E-1));
#5987=CARTESIAN_POINT('',(-1.122522673229E0,-1.859230459434E0,
-3.117410732744E-1));
#5988=CARTESIAN_POINT('',(-1.130716517931E0,-1.888529340093E0,
-3.842583476138E-1));
#5989=CARTESIAN_POINT('',(-1.133008995737E0,-1.896752355183E0,
-4.046110241576E-1));
#5990=CARTESIAN_POINT('',(-1.106280483702E0,-1.714701918845E0,
4.076516576490E-3));
#5991=CARTESIAN_POINT('',(-1.108272953534E0,-1.721538717141E0,
-1.284515300523E-2));
#5992=CARTESIAN_POINT('',(-1.115903128466E0,-1.747795214848E0,
-7.783226529556E-2));
#5993=CARTESIAN_POINT('',(-1.129509909076E0,-1.795129377431E0,
-1.949884288242E-1));
#5994=CARTESIAN_POINT('',(-1.143291909487E0,-1.843855924834E0,
-3.155908657115E-1));
#5995=CARTESIAN_POINT('',(-1.151487447624E0,-1.873160860892E0,
-3.881231276890E-1));
#5996=CARTESIAN_POINT('',(-1.153780394856E0,-1.881385559788E0,
-4.084799718001E-1));
#5997=(BOUNDED_SURFACE()B_SPLINE_SURFACE(3,3,((#5969,#5970,#5971,#5972,#5973,
#5974,#5975),(#5976,#5977,#5978,#5979,#5980,#5981,#5982),(#5983,#5984,#5985,
#5986,#5987,#5988,#5989),(#5990,#5991,#5992,#5993,#5994,#5995,#5996)),
.UNSPECIFIED.,.F.,.F.,.F.)B_SPLINE_SURFACE_WITH_KNOTS((4,4),(4,1,1,1,4),(0.E0,
1.E0),(4.745905357348E-1,4.815497752180E-1,5.013164618659E-1,5.227655321123E-1,
5.311337821143E-1),.UNSPECIFIED.)GEOMETRIC_REPRESENTATION_ITEM()RATIONAL_B_SPLINE_SURFACE(((1.037441527084E0,1.037441527084E0,1.037441527084E0,1.037441527084E0,
1.037441527084E0,1.037441527084E0,1.037441527084E0),(9.875194909721E-1,
9.875194909721E-1,9.875194909721E-1,9.875194909721E-1,9.875194909721E-1,
9.875194909721E-1,9.875194909721E-1),(9.875194909721E-1,9.875194909721E-1,
9.875194909721E-1,9.875194909721E-1,9.875194909721E-1,9.875194909721E-1,
9.875194909721E-1),(1.037441527084E0,1.037441527084E0,1.037441527084E0,
1.037441527084E0,1.037441527084E0,1.037441527084E0,1.037441527084E0)))REPRESENTATION_ITEM('')SURFACE());
#5999=ORIENTED_EDGE('',*,*,#5998,.F.);
#6001=ORIENTED_EDGE('',*,*,#6000,.T.);
#6002=ORIENTED_EDGE('',*,*,#5962,.T.);
#6003=ORIENTED_EDGE('',*,*,#3673,.T.);
#6004=EDGE_LOOP('',(#5999,#6001,#6002,#6003));
#6005=FACE_OUTER_BOUND('',#6004,.F.);
#6007=CARTESIAN_POINT('',(4.976263370487E-7,-3.539189259920E-7,
-2.000000010041E-1));
#6008=DIRECTION('',(0.E0,0.E0,-1.E0));
#6009=DIRECTION('',(-1.E0,0.E0,0.E0));
#6010=AXIS2_PLACEMENT_3D('',#6007,#6008,#6009);
#6011=CONICAL_SURFACE('',#6010,2.123792055239E0,2.2E1);
#6013=ORIENTED_EDGE('',*,*,#6012,.F.);
#6015=ORIENTED_EDGE('',*,*,#6014,.T.);
#6016=ORIENTED_EDGE('',*,*,#5998,.T.);
#6017=ORIENTED_EDGE('',*,*,#3671,.F.);
#6018=EDGE_LOOP('',(#6013,#6015,#6016,#6017));
#6019=FACE_OUTER_BOUND('',#6018,.F.);
#6021=CARTESIAN_POINT('',(-1.714701601492E0,-1.106280514051E0,
4.076517110264E-3));
#6022=CARTESIAN_POINT('',(-1.744032213499E0,-1.114828444379E0,
-6.851929507024E-2));
#6023=CARTESIAN_POINT('',(-1.799587788518E0,-1.130821049246E0,
-2.060241684339E-1));
#6024=CARTESIAN_POINT('',(-1.855155693817E0,-1.146467939171E0,
-3.435595603119E-1));
#6025=CARTESIAN_POINT('',(-1.881385239982E0,-1.153780393658E0,
-4.084799651966E-1));
#6026=CARTESIAN_POINT('',(-1.730104814535E0,-1.085519503648E0,
7.855281421931E-3));
#6027=CARTESIAN_POINT('',(-1.759428577858E0,-1.094065438016E0,
-6.472357967225E-2));
#6028=CARTESIAN_POINT('',(-1.814971650933E0,-1.110054445572E0,
-2.021975096373E-1));
#6029=CARTESIAN_POINT('',(-1.870527841968E0,-1.125698037917E0,
-3.397039076952E-1));
#6030=CARTESIAN_POINT('',(-1.896752018386E0,-1.133008995407E0,
-4.046110219893E-1));
#6031=CARTESIAN_POINT('',(-1.737411065597E0,-1.060436117158E0,
7.853715794272E-3));
#6032=CARTESIAN_POINT('',(-1.766726554363E0,-1.068979640012E0,
-6.470466505152E-2));
#6033=CARTESIAN_POINT('',(-1.822254522628E0,-1.084964301310E0,
-2.021412093012E-1));
#6034=CARTESIAN_POINT('',(-1.877796560527E0,-1.100603909527E0,
-3.396125771181E-1));
#6035=CARTESIAN_POINT('',(-1.904014249234E0,-1.107913058350E0,
-4.045036337632E-1));
#6036=CARTESIAN_POINT('',(-1.735565617745E0,-1.034651414667E0,
4.072046242695E-3));
#6037=CARTESIAN_POINT('',(-1.764872600602E0,-1.043192458584E0,
-6.846528173960E-2));
#6038=CARTESIAN_POINT('',(-1.820385041736E0,-1.059172652104E0,
-2.058633949923E-1));
#6039=CARTESIAN_POINT('',(-1.875912530787E0,-1.074808164801E0,
-3.432987531444E-1));
#6040=CARTESIAN_POINT('',(-1.902123550390E0,-1.082115454387E0,
-4.081733031785E-1));
#6041=(BOUNDED_SURFACE()B_SPLINE_SURFACE(3,3,((#6021,#6022,#6023,#6024,#6025),(
#6026,#6027,#6028,#6029,#6030),(#6031,#6032,#6033,#6034,#6035),(#6036,#6037,
#6038,#6039,#6040)),.UNSPECIFIED.,.F.,.F.,.F.)B_SPLINE_SURFACE_WITH_KNOTS((4,4),
(4,1,4),(0.E0,1.E0),(4.745904848507E-1,5.044463810402E-1,5.311337258123E-1),
.UNSPECIFIED.)GEOMETRIC_REPRESENTATION_ITEM()RATIONAL_B_SPLINE_SURFACE(((
1.037441495332E0,1.037441495332E0,1.037441495332E0,1.037441495332E0,
1.037441495332E0),(9.875195015559E-1,9.875195015559E-1,9.875195015559E-1,
9.875195015559E-1,9.875195015559E-1),(9.875195015559E-1,9.875195015559E-1,
9.875195015559E-1,9.875195015559E-1,9.875195015559E-1),(1.037441495332E0,
1.037441495332E0,1.037441495332E0,1.037441495332E0,1.037441495332E0)))REPRESENTATION_ITEM('')SURFACE());
#6043=ORIENTED_EDGE('',*,*,#6042,.F.);
#6045=ORIENTED_EDGE('',*,*,#6044,.T.);
#6046=ORIENTED_EDGE('',*,*,#6012,.T.);
#6047=ORIENTED_EDGE('',*,*,#3669,.T.);
#6048=EDGE_LOOP('',(#6043,#6045,#6046,#6047));
#6049=FACE_OUTER_BOUND('',#6048,.F.);
#6051=CARTESIAN_POINT('',(-1.899597E0,2.238834275192E0,-4.E-1));
#6052=DIRECTION('',(-9.271838545668E-1,0.E0,3.746065934159E-1));
#6053=DIRECTION('',(0.E0,1.E0,0.E0));
#6054=AXIS2_PLACEMENT_3D('',#6051,#6052,#6053);
#6055=PLANE('',#6054);
#6057=ORIENTED_EDGE('',*,*,#6056,.F.);
#6059=ORIENTED_EDGE('',*,*,#6058,.T.);
#6060=ORIENTED_EDGE('',*,*,#6042,.T.);
#6061=ORIENTED_EDGE('',*,*,#3667,.F.);
#6062=EDGE_LOOP('',(#6057,#6059,#6060,#6061));
#6063=FACE_OUTER_BOUND('',#6062,.F.);
#6065=CARTESIAN_POINT('',(-1.735565618452E0,1.034651427923E0,
4.072050657892E-3));
#6066=CARTESIAN_POINT('',(-1.742911876450E0,1.036792369430E0,
-1.411057593385E-2));
#6067=CARTESIAN_POINT('',(-1.769622058351E0,1.044552704354E0,
-8.022059600966E-2));
#6068=CARTESIAN_POINT('',(-1.817360387564E0,1.058270146579E0,
-1.983771070482E-1));
#6069=CARTESIAN_POINT('',(-1.865536067729E0,1.071891427676E0,
-3.176160996794E-1));
#6070=CARTESIAN_POINT('',(-1.894345360592E0,1.079946991836E0,
-3.889216016997E-1));
#6071=CARTESIAN_POINT('',(-1.902123552962E0,1.082115456581E0,
-4.081733033790E-1));
#6072=CARTESIAN_POINT('',(-1.737411061279E0,1.060436126451E0,
7.853717815812E-3));
#6073=CARTESIAN_POINT('',(-1.744759451377E0,1.062577689320E0,
-1.033418590880E-2));
#6074=CARTESIAN_POINT('',(-1.771477314798E0,1.070340255952E0,
-7.646321841481E-2));
#6075=CARTESIAN_POINT('',(-1.819228928494E0,1.084061514725E0,
-1.946526097016E-1));
#6076=CARTESIAN_POINT('',(-1.867417387283E0,1.097686408139E0,
-3.139232305385E-1));
#6077=CARTESIAN_POINT('',(-1.896234075213E0,1.105744040039E0,
-3.852470359931E-1));
#6078=CARTESIAN_POINT('',(-1.904014246698E0,1.107913056539E0,
-4.045036361533E-1));
#6079=CARTESIAN_POINT('',(-1.730104808493E0,1.085519507635E0,
7.855282222495E-3));
#6080=CARTESIAN_POINT('',(-1.737455272700E0,1.087661674967E0,
-1.033775510239E-2));
#6081=CARTESIAN_POINT('',(-1.764180608712E0,1.095426412607E0,-7.648528292E-2));
#6082=CARTESIAN_POINT('',(-1.811945145566E0,1.109151384121E0,
-1.947066601460E-1));
#6083=CARTESIAN_POINT('',(-1.860146035415E0,1.122779791601E0,
-3.140080489339E-1));
#6084=CARTESIAN_POINT('',(-1.888969917274E0,1.130839435001E0,
-3.853496599881E-1));
#6085=CARTESIAN_POINT('',(-1.896752014044E0,1.133008988247E0,
-4.046110253956E-1));
#6086=CARTESIAN_POINT('',(-1.714701596926E0,1.106280513354E0,
4.076518038868E-3));
#6087=CARTESIAN_POINT('',(-1.722053777831E0,1.108423180988E0,
-1.412076826281E-2));
#6088=CARTESIAN_POINT('',(-1.748785298755E0,1.116189715526E0,
-8.028360427460E-2));
#6089=CARTESIAN_POINT('',(-1.796560531845E0,1.129917760002E0,
-1.985314556136E-1));
#6090=CARTESIAN_POINT('',(-1.844771710629E0,1.143549076002E0,
-3.178583104102E-1));
#6091=CARTESIAN_POINT('',(-1.873601546758E0,1.151610384279E0,
-3.892146587981E-1));
#6092=CARTESIAN_POINT('',(-1.881385237047E0,1.153780381781E0,
-4.084799683040E-1));
#6093=(BOUNDED_SURFACE()B_SPLINE_SURFACE(3,3,((#6065,#6066,#6067,#6068,#6069,
#6070,#6071),(#6072,#6073,#6074,#6075,#6076,#6077,#6078),(#6079,#6080,#6081,
#6082,#6083,#6084,#6085),(#6086,#6087,#6088,#6089,#6090,#6091,#6092)),
.UNSPECIFIED.,.F.,.F.,.F.)B_SPLINE_SURFACE_WITH_KNOTS((4,4),(4,1,1,1,4),(0.E0,
1.E0),(4.745905261095E-1,4.820743783912E-1,5.017999070298E-1,5.232142288346E-1,
5.311337731571E-1),.UNSPECIFIED.)GEOMETRIC_REPRESENTATION_ITEM()RATIONAL_B_SPLINE_SURFACE(((1.037441482457E0,1.037441482457E0,1.037441482457E0,1.037441482457E0,
1.037441482457E0,1.037441482457E0,1.037441482457E0),(9.875195058475E-1,
9.875195058475E-1,9.875195058475E-1,9.875195058475E-1,9.875195058475E-1,
9.875195058475E-1,9.875195058475E-1),(9.875195058475E-1,9.875195058475E-1,
9.875195058475E-1,9.875195058475E-1,9.875195058475E-1,9.875195058475E-1,
9.875195058475E-1),(1.037441482457E0,1.037441482457E0,1.037441482457E0,
1.037441482457E0,1.037441482457E0,1.037441482457E0,1.037441482457E0)))REPRESENTATION_ITEM('')SURFACE());
#6095=ORIENTED_EDGE('',*,*,#6094,.F.);
#6097=ORIENTED_EDGE('',*,*,#6096,.T.);
#6098=ORIENTED_EDGE('',*,*,#6056,.T.);
#6099=ORIENTED_EDGE('',*,*,#3665,.T.);
#6100=EDGE_LOOP('',(#6095,#6097,#6098,#6099));
#6101=FACE_OUTER_BOUND('',#6100,.F.);
#6103=CARTESIAN_POINT('',(4.976263370487E-7,3.539189259920E-7,
-2.000000010246E-1));
#6104=DIRECTION('',(0.E0,0.E0,-1.E0));
#6105=DIRECTION('',(-1.E0,0.E0,0.E0));
#6106=AXIS2_PLACEMENT_3D('',#6103,#6104,#6105);
#6107=CONICAL_SURFACE('',#6106,2.123792055247E0,2.2E1);
#6109=ORIENTED_EDGE('',*,*,#6108,.F.);
#6111=ORIENTED_EDGE('',*,*,#6110,.T.);
#6112=ORIENTED_EDGE('',*,*,#6094,.T.);
#6113=ORIENTED_EDGE('',*,*,#3663,.F.);
#6114=EDGE_LOOP('',(#6109,#6111,#6112,#6113));
#6115=FACE_OUTER_BOUND('',#6114,.F.);
#6117=CARTESIAN_POINT('',(-1.106280484532E0,1.714701923889E0,
4.076514838737E-3));
#6118=CARTESIAN_POINT('',(-1.114850334397E0,1.744107721661E0,
-6.870538864092E-2));
#6119=CARTESIAN_POINT('',(-1.130842451308E0,1.799663315219E0,
-2.062103078906E-1));
#6120=CARTESIAN_POINT('',(-1.146488915956E0,1.855231236063E0,
-3.437457382420E-1));
#6121=CARTESIAN_POINT('',(-1.153780406848E0,1.881385562933E0,
-4.084799688388E-1));
#6122=CARTESIAN_POINT('',(-1.085519468529E0,1.730105155333E0,
7.855283747384E-3));
#6123=CARTESIAN_POINT('',(-1.094087317313E0,1.759504086856E0,
-6.490962516906E-2));
#6124=CARTESIAN_POINT('',(-1.110075837372E0,1.815047179653E0,
-2.023836039484E-1));
#6125=CARTESIAN_POINT('',(-1.125719004788E0,1.870603387176E0,
-3.398900428136E-1));
#6126=CARTESIAN_POINT('',(-1.133009002973E0,1.896752359690E0,
-4.046110209155E-1));
#6127=CARTESIAN_POINT('',(-1.060436068441E0,1.737411416798E0,
7.853718090253E-3));
#6128=CARTESIAN_POINT('',(-1.069001499523E0,1.766802052538E0,
-6.489065804358E-2));
#6129=CARTESIAN_POINT('',(-1.084985673878E0,1.822330041951E0,
-2.023272546353E-1));
#6130=CARTESIAN_POINT('',(-1.100624857588E0,1.877872097473E0,
-3.397986660698E-1));
#6131=CARTESIAN_POINT('',(-1.107913052287E0,1.904014600871E0,
-4.045036325454E-1));
#6132=CARTESIAN_POINT('',(-1.034651350480E0,1.735565968638E0,
4.072043887266E-3));
#6133=CARTESIAN_POINT('',(-1.043214296262E0,1.764948076650E0,
-6.865122537881E-2));
#6134=CARTESIAN_POINT('',(-1.059194003409E0,1.820460540397E0,
-2.060493945978E-1));
#6135=CARTESIAN_POINT('',(-1.074829092031E0,1.875988048236E0,
-3.434847992542E-1));
#6136=CARTESIAN_POINT('',(-1.082115432820E0,1.902123901644E0,
-4.081733064273E-1));
#6137=(BOUNDED_SURFACE()B_SPLINE_SURFACE(3,3,((#6117,#6118,#6119,#6120,#6121),(
#6122,#6123,#6124,#6125,#6126),(#6127,#6128,#6129,#6130,#6131),(#6132,#6133,
#6134,#6135,#6136)),.UNSPECIFIED.,.F.,.F.,.F.)B_SPLINE_SURFACE_WITH_KNOTS((4,4),
(4,1,4),(0.E0,1.E0),(4.745904732286E-1,5.045229024311E-1,5.311337156619E-1),
.UNSPECIFIED.)GEOMETRIC_REPRESENTATION_ITEM()RATIONAL_B_SPLINE_SURFACE(((
1.037441539961E0,1.037441539961E0,1.037441539961E0,1.037441539961E0,
1.037441539961E0),(9.875194866797E-1,9.875194866797E-1,9.875194866797E-1,
9.875194866797E-1,9.875194866797E-1),(9.875194866797E-1,9.875194866797E-1,
9.875194866797E-1,9.875194866797E-1,9.875194866797E-1),(1.037441539961E0,
1.037441539961E0,1.037441539961E0,1.037441539961E0,1.037441539961E0)))REPRESENTATION_ITEM('')SURFACE());
#6139=ORIENTED_EDGE('',*,*,#6138,.F.);
#6141=ORIENTED_EDGE('',*,*,#6140,.T.);
#6142=ORIENTED_EDGE('',*,*,#6108,.T.);
#6143=ORIENTED_EDGE('',*,*,#3661,.T.);
#6144=EDGE_LOOP('',(#6139,#6141,#6142,#6143));
#6145=FACE_OUTER_BOUND('',#6144,.F.);
#6147=CARTESIAN_POINT('',(2.238834275192E0,1.89959735E0,-4.E-1));
#6148=DIRECTION('',(0.E0,9.271838545668E-1,3.746065934159E-1));
#6149=DIRECTION('',(1.E0,0.E0,0.E0));
#6150=AXIS2_PLACEMENT_3D('',#6147,#6148,#6149);
#6151=PLANE('',#6150);
#6153=ORIENTED_EDGE('',*,*,#6152,.F.);
#6155=ORIENTED_EDGE('',*,*,#6154,.T.);
#6156=ORIENTED_EDGE('',*,*,#6138,.T.);
#6157=ORIENTED_EDGE('',*,*,#3659,.F.);
#6158=EDGE_LOOP('',(#6153,#6155,#6156,#6157));
#6159=FACE_OUTER_BOUND('',#6158,.F.);
#6161=CARTESIAN_POINT('',(1.034651363653E0,1.735565969026E0,4.072049168872E-3));
#6162=CARTESIAN_POINT('',(1.036642228353E0,1.742397259599E0,
-1.283598831933E-2));
#6163=CARTESIAN_POINT('',(1.044266308570E0,1.768632783966E0,
-7.777118977361E-2));
#6164=CARTESIAN_POINT('',(1.057862568071E0,1.815930339809E0,
-1.948367484380E-1));
#6165=CARTESIAN_POINT('',(1.071634411830E0,1.864620970820E0,
-3.153502891396E-1));
#6166=CARTESIAN_POINT('',(1.079824107319E0,1.893905014695E0,
-3.878308411483E-1));
#6167=CARTESIAN_POINT('',(1.082115434949E0,1.902123904165E0,
-4.081733064263E-1));
#6168=CARTESIAN_POINT('',(1.060436077657E0,1.737411412102E0,7.853720959746E-3));
#6169=CARTESIAN_POINT('',(1.062427520164E0,1.744244685319E0,
-9.059223744037E-3));
#6170=CARTESIAN_POINT('',(1.070053794328E0,1.770487759570E0,
-7.401311181578E-2));
#6171=CARTESIAN_POINT('',(1.083653841168E0,1.817798492934E0,
-1.911112859922E-1));
#6172=CARTESIAN_POINT('',(1.097429341071E0,1.866502052960E0,
-3.116568271263E-1));
#6173=CARTESIAN_POINT('',(1.105621139770E0,1.895793617505E0,
-3.841559934479E-1));
#6174=CARTESIAN_POINT('',(1.107913050417E0,1.904014598226E0,
-4.045036347519E-1));
#6175=CARTESIAN_POINT('',(1.085519472421E0,1.730105148858E0,7.855285375849E-3));
#6176=CARTESIAN_POINT('',(1.087511477020E0,1.736940350792E0,
-9.062433072006E-3));
#6177=CARTESIAN_POINT('',(1.095139885458E0,1.763190769577E0,
-7.403449950331E-2));
#6178=CARTESIAN_POINT('',(1.108743616625E0,1.810514322048E0,
-1.911644020814E-1));
#6179=CARTESIAN_POINT('',(1.122522673228E0,1.859230459431E0,
-3.117410732673E-1));
#6180=CARTESIAN_POINT('',(1.130716517931E0,1.888529340092E0,
-3.842583476105E-1));
#6181=CARTESIAN_POINT('',(1.133008995737E0,1.896752355183E0,
-4.046110241576E-1));
#6182=CARTESIAN_POINT('',(1.106280483702E0,1.714701918845E0,4.076516576491E-3));
#6183=CARTESIAN_POINT('',(1.108272953533E0,1.721538717140E0,
-1.284515300140E-2));
#6184=CARTESIAN_POINT('',(1.115903128465E0,1.747795214845E0,
-7.783226528801E-2));
#6185=CARTESIAN_POINT('',(1.129509909075E0,1.795129377427E0,
-1.949884288134E-1));
#6186=CARTESIAN_POINT('',(1.143291909486E0,1.843855924831E0,
-3.155908657045E-1));
#6187=CARTESIAN_POINT('',(1.151487447624E0,1.873160860890E0,
-3.881231276857E-1));
#6188=CARTESIAN_POINT('',(1.153780394856E0,1.881385559788E0,
-4.084799718001E-1));
#6189=(BOUNDED_SURFACE()B_SPLINE_SURFACE(3,3,((#6161,#6162,#6163,#6164,#6165,
#6166,#6167),(#6168,#6169,#6170,#6171,#6172,#6173,#6174),(#6175,#6176,#6177,
#6178,#6179,#6180,#6181),(#6182,#6183,#6184,#6185,#6186,#6187,#6188)),
.UNSPECIFIED.,.F.,.F.,.F.)B_SPLINE_SURFACE_WITH_KNOTS((4,4),(4,1,1,1,4),(0.E0,
1.E0),(4.745905357348E-1,4.815497752164E-1,5.013164618643E-1,5.227655321109E-1,
5.311337821143E-1),.UNSPECIFIED.)GEOMETRIC_REPRESENTATION_ITEM()RATIONAL_B_SPLINE_SURFACE(((1.037441527084E0,1.037441527084E0,1.037441527084E0,1.037441527084E0,
1.037441527084E0,1.037441527084E0,1.037441527084E0),(9.875194909721E-1,
9.875194909721E-1,9.875194909721E-1,9.875194909721E-1,9.875194909721E-1,
9.875194909721E-1,9.875194909721E-1),(9.875194909721E-1,9.875194909721E-1,
9.875194909721E-1,9.875194909721E-1,9.875194909721E-1,9.875194909721E-1,
9.875194909721E-1),(1.037441527084E0,1.037441527084E0,1.037441527084E0,
1.037441527084E0,1.037441527084E0,1.037441527084E0,1.037441527084E0)))REPRESENTATION_ITEM('')SURFACE());
#6191=ORIENTED_EDGE('',*,*,#6190,.F.);
#6193=ORIENTED_EDGE('',*,*,#6192,.T.);
#6194=ORIENTED_EDGE('',*,*,#6152,.T.);
#6195=ORIENTED_EDGE('',*,*,#3657,.T.);
#6196=EDGE_LOOP('',(#6191,#6193,#6194,#6195));
#6197=FACE_OUTER_BOUND('',#6196,.F.);
#6199=CARTESIAN_POINT('',(-4.976263370487E-7,3.539189259920E-7,
-2.000000010041E-1));
#6200=DIRECTION('',(0.E0,0.E0,-1.E0));
#6201=DIRECTION('',(-1.E0,0.E0,0.E0));
#6202=AXIS2_PLACEMENT_3D('',#6199,#6200,#6201);
#6203=CONICAL_SURFACE('',#6202,2.123792055239E0,2.2E1);
#6205=ORIENTED_EDGE('',*,*,#6204,.F.);
#6207=ORIENTED_EDGE('',*,*,#6206,.T.);
#6208=ORIENTED_EDGE('',*,*,#6190,.T.);
#6209=ORIENTED_EDGE('',*,*,#3655,.F.);
#6210=EDGE_LOOP('',(#6205,#6207,#6208,#6209));
#6211=FACE_OUTER_BOUND('',#6210,.F.);
#6213=CARTESIAN_POINT('',(1.714701601492E0,1.106280514051E0,4.076517110265E-3));
#6214=CARTESIAN_POINT('',(1.744032213499E0,1.114828444379E0,
-6.851929507016E-2));
#6215=CARTESIAN_POINT('',(1.799587788518E0,1.130821049246E0,
-2.060241684339E-1));
#6216=CARTESIAN_POINT('',(1.855155693817E0,1.146467939171E0,
-3.435595603120E-1));
#6217=CARTESIAN_POINT('',(1.881385239982E0,1.153780393658E0,
-4.084799651968E-1));
#6218=CARTESIAN_POINT('',(1.730104814535E0,1.085519503648E0,7.855281421932E-3));
#6219=CARTESIAN_POINT('',(1.759428577858E0,1.094065438016E0,
-6.472357967216E-2));
#6220=CARTESIAN_POINT('',(1.814971650933E0,1.110054445572E0,
-2.021975096373E-1));
#6221=CARTESIAN_POINT('',(1.870527841968E0,1.125698037917E0,
-3.397039076952E-1));
#6222=CARTESIAN_POINT('',(1.896752018387E0,1.133008995407E0,
-4.046110219895E-1));
#6223=CARTESIAN_POINT('',(1.737411065597E0,1.060436117158E0,7.853715794273E-3));
#6224=CARTESIAN_POINT('',(1.766726554363E0,1.068979640012E0,
-6.470466505143E-2));
#6225=CARTESIAN_POINT('',(1.822254522628E0,1.084964301310E0,
-2.021412093011E-1));
#6226=CARTESIAN_POINT('',(1.877796560527E0,1.100603909527E0,
-3.396125771181E-1));
#6227=CARTESIAN_POINT('',(1.904014249234E0,1.107913058350E0,
-4.045036337634E-1));
#6228=CARTESIAN_POINT('',(1.735565617745E0,1.034651414667E0,4.072046242696E-3));
#6229=CARTESIAN_POINT('',(1.764872600602E0,1.043192458584E0,
-6.846528173952E-2));
#6230=CARTESIAN_POINT('',(1.820385041736E0,1.059172652104E0,
-2.058633949923E-1));
#6231=CARTESIAN_POINT('',(1.875912530787E0,1.074808164801E0,
-3.432987531444E-1));
#6232=CARTESIAN_POINT('',(1.902123550390E0,1.082115454387E0,
-4.081733031787E-1));
#6233=(BOUNDED_SURFACE()B_SPLINE_SURFACE(3,3,((#6213,#6214,#6215,#6216,#6217),(
#6218,#6219,#6220,#6221,#6222),(#6223,#6224,#6225,#6226,#6227),(#6228,#6229,
#6230,#6231,#6232)),.UNSPECIFIED.,.F.,.F.,.F.)B_SPLINE_SURFACE_WITH_KNOTS((4,4),
(4,1,4),(0.E0,1.E0),(4.745904848507E-1,5.044463810402E-1,5.311337258124E-1),
.UNSPECIFIED.)GEOMETRIC_REPRESENTATION_ITEM()RATIONAL_B_SPLINE_SURFACE(((
1.037441495332E0,1.037441495332E0,1.037441495332E0,1.037441495332E0,
1.037441495332E0),(9.875195015559E-1,9.875195015559E-1,9.875195015559E-1,
9.875195015559E-1,9.875195015559E-1),(9.875195015559E-1,9.875195015559E-1,
9.875195015559E-1,9.875195015559E-1,9.875195015559E-1),(1.037441495332E0,
1.037441495332E0,1.037441495332E0,1.037441495332E0,1.037441495332E0)))REPRESENTATION_ITEM('')SURFACE());
#6235=ORIENTED_EDGE('',*,*,#6234,.F.);
#6237=ORIENTED_EDGE('',*,*,#6236,.T.);
#6238=ORIENTED_EDGE('',*,*,#6204,.T.);
#6239=ORIENTED_EDGE('',*,*,#3653,.T.);
#6240=EDGE_LOOP('',(#6235,#6237,#6238,#6239));
#6241=FACE_OUTER_BOUND('',#6240,.F.);
#6243=CARTESIAN_POINT('',(1.899597E0,-2.238834275192E0,-4.E-1));
#6244=DIRECTION('',(9.271838545668E-1,0.E0,3.746065934159E-1));
#6245=DIRECTION('',(0.E0,-1.E0,0.E0));
#6246=AXIS2_PLACEMENT_3D('',#6243,#6244,#6245);
#6247=PLANE('',#6246);
#6249=ORIENTED_EDGE('',*,*,#6248,.F.);
#6251=ORIENTED_EDGE('',*,*,#6250,.T.);
#6252=ORIENTED_EDGE('',*,*,#6234,.T.);
#6253=ORIENTED_EDGE('',*,*,#3651,.F.);
#6254=EDGE_LOOP('',(#6249,#6251,#6252,#6253));
#6255=FACE_OUTER_BOUND('',#6254,.F.);
#6257=CARTESIAN_POINT('',(1.735565618452E0,-1.034651427923E0,
4.072050657892E-3));
#6258=CARTESIAN_POINT('',(1.742911876442E0,-1.036792369427E0,
-1.411057591342E-2));
#6259=CARTESIAN_POINT('',(1.769622058335E0,-1.044552704350E0,
-8.022059596939E-2));
#6260=CARTESIAN_POINT('',(1.817360387540E0,-1.058270146572E0,
-1.983771069902E-1));
#6261=CARTESIAN_POINT('',(1.865536067714E0,-1.071891427672E0,
-3.176160996416E-1));
#6262=CARTESIAN_POINT('',(1.894345360584E0,-1.079946991834E0,
-3.889216016817E-1));
#6263=CARTESIAN_POINT('',(1.902123552962E0,-1.082115456581E0,
-4.081733033787E-1));
#6264=CARTESIAN_POINT('',(1.737411061279E0,-1.060436126451E0,
7.853717815813E-3));
#6265=CARTESIAN_POINT('',(1.744759451368E0,-1.062577689318E0,
-1.033418588836E-2));
#6266=CARTESIAN_POINT('',(1.771477314782E0,-1.070340255948E0,
-7.646321837453E-2));
#6267=CARTESIAN_POINT('',(1.819228928470E0,-1.084061514719E0,
-1.946526096435E-1));
#6268=CARTESIAN_POINT('',(1.867417387268E0,-1.097686408135E0,
-3.139232305007E-1));
#6269=CARTESIAN_POINT('',(1.896234075206E0,-1.105744040037E0,
-3.852470359751E-1));
#6270=CARTESIAN_POINT('',(1.904014246698E0,-1.107913056539E0,
-4.045036361530E-1));
#6271=CARTESIAN_POINT('',(1.730104808493E0,-1.085519507635E0,
7.855282222495E-3));
#6272=CARTESIAN_POINT('',(1.737455272692E0,-1.087661674965E0,
-1.033775508194E-2));
#6273=CARTESIAN_POINT('',(1.764180608696E0,-1.095426412602E0,
-7.648528287971E-2));
#6274=CARTESIAN_POINT('',(1.811945145543E0,-1.109151384115E0,
-1.947066600879E-1));
#6275=CARTESIAN_POINT('',(1.860146035400E0,-1.122779791597E0,
-3.140080488961E-1));
#6276=CARTESIAN_POINT('',(1.888969917267E0,-1.130839434999E0,
-3.853496599701E-1));
#6277=CARTESIAN_POINT('',(1.896752014044E0,-1.133008988247E0,
-4.046110253953E-1));
#6278=CARTESIAN_POINT('',(1.714701596926E0,-1.106280513354E0,
4.076518038868E-3));
#6279=CARTESIAN_POINT('',(1.722053777823E0,-1.108423180986E0,
-1.412076824236E-2));
#6280=CARTESIAN_POINT('',(1.748785298739E0,-1.116189715521E0,
-8.028360423431E-2));
#6281=CARTESIAN_POINT('',(1.796560531821E0,-1.129917759995E0,
-1.985314555555E-1));
#6282=CARTESIAN_POINT('',(1.844771710614E0,-1.143549075998E0,
-3.178583103725E-1));
#6283=CARTESIAN_POINT('',(1.873601546750E0,-1.151610384277E0,
-3.892146587801E-1));
#6284=CARTESIAN_POINT('',(1.881385237047E0,-1.153780381781E0,
-4.084799683037E-1));
#6285=(BOUNDED_SURFACE()B_SPLINE_SURFACE(3,3,((#6257,#6258,#6259,#6260,#6261,
#6262,#6263),(#6264,#6265,#6266,#6267,#6268,#6269,#6270),(#6271,#6272,#6273,
#6274,#6275,#6276,#6277),(#6278,#6279,#6280,#6281,#6282,#6283,#6284)),
.UNSPECIFIED.,.F.,.F.,.F.)B_SPLINE_SURFACE_WITH_KNOTS((4,4),(4,1,1,1,4),(0.E0,
1.E0),(4.745905261095E-1,4.820743783828E-1,5.017999070216E-1,5.232142288272E-1,
5.311337731571E-1),.UNSPECIFIED.)GEOMETRIC_REPRESENTATION_ITEM()RATIONAL_B_SPLINE_SURFACE(((1.037441482457E0,1.037441482457E0,1.037441482457E0,1.037441482457E0,
1.037441482457E0,1.037441482457E0,1.037441482457E0),(9.875195058475E-1,
9.875195058475E-1,9.875195058475E-1,9.875195058475E-1,9.875195058475E-1,
9.875195058475E-1,9.875195058475E-1),(9.875195058475E-1,9.875195058475E-1,
9.875195058475E-1,9.875195058475E-1,9.875195058475E-1,9.875195058475E-1,
9.875195058475E-1),(1.037441482457E0,1.037441482457E0,1.037441482457E0,
1.037441482457E0,1.037441482457E0,1.037441482457E0,1.037441482457E0)))REPRESENTATION_ITEM('')SURFACE());
#6286=ORIENTED_EDGE('',*,*,#5919,.F.);
#6288=ORIENTED_EDGE('',*,*,#6287,.T.);
#6289=ORIENTED_EDGE('',*,*,#6248,.T.);
#6290=ORIENTED_EDGE('',*,*,#3649,.T.);
#6291=EDGE_LOOP('',(#6286,#6288,#6289,#6290));
#6292=FACE_OUTER_BOUND('',#6291,.F.);
#6294=CARTESIAN_POINT('',(0.E0,0.E0,0.E0));
#6295=DIRECTION('',(0.E0,0.E0,1.E0));
#6296=DIRECTION('',(1.E0,0.E0,0.E0));
#6297=AXIS2_PLACEMENT_3D('',#6294,#6295,#6296);
#6298=PLANE('',#6297);
#6299=ORIENTED_EDGE('',*,*,#5948,.F.);
#6300=ORIENTED_EDGE('',*,*,#5964,.F.);
#6301=ORIENTED_EDGE('',*,*,#6000,.F.);
#6302=ORIENTED_EDGE('',*,*,#6014,.F.);
#6303=ORIENTED_EDGE('',*,*,#6044,.F.);
#6304=ORIENTED_EDGE('',*,*,#6058,.F.);
#6305=ORIENTED_EDGE('',*,*,#6096,.F.);
#6306=ORIENTED_EDGE('',*,*,#6110,.F.);
#6307=ORIENTED_EDGE('',*,*,#6140,.F.);
#6308=ORIENTED_EDGE('',*,*,#6154,.F.);
#6309=ORIENTED_EDGE('',*,*,#6192,.F.);
#6310=ORIENTED_EDGE('',*,*,#6206,.F.);
#6311=ORIENTED_EDGE('',*,*,#6236,.F.);
#6312=ORIENTED_EDGE('',*,*,#6250,.F.);
#6313=ORIENTED_EDGE('',*,*,#6287,.F.);
#6314=ORIENTED_EDGE('',*,*,#5917,.F.);
#6315=EDGE_LOOP('',(#6299,#6300,#6301,#6302,#6303,#6304,#6305,#6306,#6307,#6308,
#6309,#6310,#6311,#6312,#6313,#6314));
#6316=FACE_OUTER_BOUND('',#6315,.F.);
#6318=ORIENTED_EDGE('',*,*,#6317,.F.);
#6320=ORIENTED_EDGE('',*,*,#6319,.F.);
#6321=EDGE_LOOP('',(#6318,#6320));
#6322=FACE_BOUND('',#6321,.F.);
#6324=CARTESIAN_POINT('',(0.E0,0.E0,8.4E-1));
#6325=DIRECTION('',(0.E0,0.E0,-1.E0));
#6326=DIRECTION('',(0.E0,-1.E0,0.E0));
#6327=AXIS2_PLACEMENT_3D('',#6324,#6325,#6326);
#6328=CYLINDRICAL_SURFACE('',#6327,1.E0);
#6329=ORIENTED_EDGE('',*,*,#6317,.T.);
#6331=ORIENTED_EDGE('',*,*,#6330,.F.);
#6333=ORIENTED_EDGE('',*,*,#6332,.F.);
#6335=ORIENTED_EDGE('',*,*,#6334,.T.);
#6336=EDGE_LOOP('',(#6329,#6331,#6333,#6335));
#6337=FACE_OUTER_BOUND('',#6336,.F.);
#6339=CARTESIAN_POINT('',(0.E0,0.E0,8.4E-1));
#6340=DIRECTION('',(0.E0,0.E0,-1.E0));
#6341=DIRECTION('',(0.E0,-1.E0,0.E0));
#6342=AXIS2_PLACEMENT_3D('',#6339,#6340,#6341);
#6343=CYLINDRICAL_SURFACE('',#6342,1.E0);
#6344=ORIENTED_EDGE('',*,*,#6319,.T.);
#6345=ORIENTED_EDGE('',*,*,#6334,.F.);
#6347=ORIENTED_EDGE('',*,*,#6346,.T.);
#6348=ORIENTED_EDGE('',*,*,#6330,.T.);
#6349=EDGE_LOOP('',(#6344,#6345,#6347,#6348));
#6350=FACE_OUTER_BOUND('',#6349,.F.);
#6352=CARTESIAN_POINT('',(0.E0,0.E0,7.5E-1));
#6353=DIRECTION('',(0.E0,0.E0,-1.E0));
#6354=DIRECTION('',(0.E0,-1.E0,0.E0));
#6355=AXIS2_PLACEMENT_3D('',#6352,#6353,#6354);
#6356=TOROIDAL_SURFACE('',#6355,9.5E-1,5.E-2);
#6358=ORIENTED_EDGE('',*,*,#6357,.F.);
#6360=ORIENTED_EDGE('',*,*,#6359,.T.);
#6362=ORIENTED_EDGE('',*,*,#6361,.T.);
#6363=ORIENTED_EDGE('',*,*,#6346,.F.);
#6364=EDGE_LOOP('',(#6358,#6360,#6362,#6363));
#6365=FACE_OUTER_BOUND('',#6364,.F.);
#6367=CARTESIAN_POINT('',(0.E0,0.E0,7.5E-1));
#6368=DIRECTION('',(0.E0,0.E0,-1.E0));
#6369=DIRECTION('',(0.E0,-1.E0,0.E0));
#6370=AXIS2_PLACEMENT_3D('',#6367,#6368,#6369);
#6371=TOROIDAL_SURFACE('',#6370,9.5E-1,5.E-2);
#6372=ORIENTED_EDGE('',*,*,#6357,.T.);
#6373=ORIENTED_EDGE('',*,*,#6332,.T.);
#6374=ORIENTED_EDGE('',*,*,#6361,.F.);
#6376=ORIENTED_EDGE('',*,*,#6375,.F.);
#6377=EDGE_LOOP('',(#6372,#6373,#6374,#6376));
#6378=FACE_OUTER_BOUND('',#6377,.F.);
#6380=CARTESIAN_POINT('',(0.E0,0.E0,8.E-1));
#6381=DIRECTION('',(0.E0,0.E0,-1.E0));
#6382=DIRECTION('',(0.E0,-1.E0,0.E0));
#6383=AXIS2_PLACEMENT_3D('',#6380,#6381,#6382);
#6384=PLANE('',#6383);
#6385=ORIENTED_EDGE('',*,*,#6359,.F.);
#6386=ORIENTED_EDGE('',*,*,#6375,.T.);
#6387=EDGE_LOOP('',(#6385,#6386));
#6388=FACE_OUTER_BOUND('',#6387,.F.);
#6394=PLANE_ANGLE_MEASURE_WITH_UNIT(PLANE_ANGLE_MEASURE(1.745329251994E-2),
#6393);
#6395=(CONVERSION_BASED_UNIT('DEGREE',#6394)NAMED_UNIT(*)PLANE_ANGLE_UNIT());
#6397=UNCERTAINTY_MEASURE_WITH_UNIT(LENGTH_MEASURE(1.E-3),#6392,
'distance_accuracy_value',
'Maximum model space distance between geometric entities at asserted connectivities');
#6400=APPLICATION_CONTEXT('automotive_design');
#6401=APPLICATION_PROTOCOL_DEFINITION('international standard',
'automotive_design',2001,#6400);
#6402=PRODUCT_DEFINITION_CONTEXT('part definition',#6400,'design');
#6403=PRODUCT_CONTEXT('',#6400,'mechanical');
#6404=PRODUCT('C-2337238-1','C-2337238-1','NOT SPECIFIED',(#6403));
#6405=PRODUCT_DEFINITION_FORMATION('1','LAST_VERSION',#6404);
#6413=DERIVED_UNIT_ELEMENT(#6412,2.E0);
#6414=DERIVED_UNIT((#6413));
#6415=MEASURE_REPRESENTATION_ITEM('surface area measure',AREA_MEASURE(
9.040478056315E1),#6414);
#6420=DERIVED_UNIT_ELEMENT(#6419,3.E0);
#6421=DERIVED_UNIT((#6420));
#6422=MEASURE_REPRESENTATION_ITEM('volume measure',VOLUME_MEASURE(
2.516206304542E1),#6421);
#6426=CARTESIAN_POINT('centre point',(3.079939307345E-9,-1.444298619701E-9,
-5.494385174502E-1));
#6431=DERIVED_UNIT_ELEMENT(#6430,2.E0);
#6432=DERIVED_UNIT((#6431));
#6433=MEASURE_REPRESENTATION_ITEM('surface area measure',AREA_MEASURE(
9.040478056315E1),#6432);
#6438=DERIVED_UNIT_ELEMENT(#6437,3.E0);
#6439=DERIVED_UNIT((#6438));
#6440=MEASURE_REPRESENTATION_ITEM('volume measure',VOLUME_MEASURE(
2.516206304542E1),#6439);
#6444=CARTESIAN_POINT('centre point',(3.079939307345E-9,-1.444298619701E-9,
-5.494385174502E-1));
#6449=PRODUCT_RELATED_PRODUCT_CATEGORY('part','',(#6404));
#1=DRAUGHTING_PRE_DEFINED_COLOUR('black');
#2=COLOUR_RGB('',0.E0,0.E0,3.6E-1);
#3=COLOUR_RGB('',0.E0,0.E0,4.8E-1);
#4=DRAUGHTING_PRE_DEFINED_COLOUR('blue');
#5=COLOUR_RGB('',0.E0,5.8824E-2,4.58824E-1);
#6=COLOUR_RGB('',0.E0,1.80392E-1,4.78431E-1);
#7=COLOUR_RGB('',0.E0,3.6E-1,9.E-2);
#8=COLOUR_RGB('',0.E0,3.6E-1,2.7E-1);
#9=COLOUR_RGB('',0.E0,5.6E-1,6.4E-1);
#10=COLOUR_RGB('',0.E0,5.8E-1,8.E-1);
#11=COLOUR_RGB('',0.E0,7.1E-1,6.6E-1);
#12=COLOUR_RGB('',0.E0,7.13E-1,0.E0);
#13=COLOUR_RGB('',0.E0,9.5E-1,8.4E-1);
#14=DRAUGHTING_PRE_DEFINED_COLOUR('green');
#15=DRAUGHTING_PRE_DEFINED_COLOUR('cyan');
#16=COLOUR_RGB('',1.1765E-2,1.9608E-2,3.9216E-2);
#17=COLOUR_RGB('',4.E-2,0.E0,1.6E-1);
#18=COLOUR_RGB('',3.9216E-2,2.19608E-1,1.21569E-1);
#19=COLOUR_RGB('',3.9216E-2,3.60784E-1,2.E-1);
#20=COLOUR_RGB('',5.098E-2,7.0588E-2,1.01961E-1);
#21=COLOUR_RGB('',9.E-2,0.E0,1.2E-1);
#22=COLOUR_RGB('',9.0196E-2,1.60784E-1,1.09804E-1);
#23=COLOUR_RGB('',9.0196E-2,3.80392E-1,6.70588E-1);
#24=COLOUR_RGB('',1.E-1,0.E0,2.5E-1);
#25=COLOUR_RGB('',1.01961E-1,4.78431E-1,3.88235E-1);
#26=COLOUR_RGB('',1.09804E-1,1.4902E-1,9.0196E-2);
#27=COLOUR_RGB('',1.4902E-1,3.09804E-1,5.29412E-1);
#28=COLOUR_RGB('',1.4902E-1,4.E-1,1.60784E-1);
#29=COLOUR_RGB('',1.6E-1,3.2E-2,0.E0);
#30=COLOUR_RGB('',1.60784E-1,4.5098E-1,7.21569E-1);
#31=COLOUR_RGB('',1.6E-1,4.6E-1,6.5E-1);
#32=COLOUR_RGB('',1.6E-1,1.E0,1.6E-1);
#33=COLOUR_RGB('',2.E-1,3.2E-2,0.E0);
#34=COLOUR_RGB('',2.11765E-1,4.11765E-1,1.4902E-1);
#35=COLOUR_RGB('',2.39216E-1,2.39216E-1,2.31373E-1);
#36=COLOUR_RGB('',2.39216E-1,2.70588E-1,1.80392E-1);
#37=COLOUR_RGB('',2.5098E-1,2.90196E-1,3.29412E-1);
#38=COLOUR_RGB('',2.90196E-1,4.31373E-1,2.E-1);
#39=COLOUR_RGB('',3.1E-1,3.1E-1,5.6E-1);
#40=COLOUR_RGB('',3.09804E-1,6.58824E-1,2.E-1);
#41=COLOUR_RGB('',3.2E-1,1.5E-1,0.E0);
#42=COLOUR_RGB('',3.60784E-1,3.1373E-2,1.68627E-1);
#43=COLOUR_RGB('',3.68627E-1,2.E-1,1.21569E-1);
#44=COLOUR_RGB('',3.88235E-1,2.39216E-1,6.11765E-1);
#45=COLOUR_RGB('',4.E-1,4.E-1,4.E-1);
#46=COLOUR_RGB('',4.11765E-1,5.8824E-2,7.8431E-2);
#47=COLOUR_RGB('',4.11765E-1,3.29412E-1,2.19608E-1);
#48=COLOUR_RGB('',4.2E-1,4.2E-1,1.E0);
#49=COLOUR_RGB('',4.4E-1,8.5E-1,1.E0);
#50=COLOUR_RGB('',4.58824E-1,4.5098E-1,3.09804E-1);
#51=COLOUR_RGB('',4.70588E-1,5.09804E-1,5.4902E-1);
#52=COLOUR_RGB('',4.78431E-1,4.90196E-1,4.58824E-1);
#53=COLOUR_RGB('',4.90196E-1,3.60784E-1,2.19608E-1);
#54=COLOUR_RGB('',4.9E-1,4.9E-1,0.E0);
#55=COLOUR_RGB('',4.9E-1,1.E0,0.E0);
#56=COLOUR_RGB('',5.E-1,0.E0,0.E0);
#57=COLOUR_RGB('',5.E-1,0.E0,2.3E-1);
#58=COLOUR_RGB('',5.E-1,5.E-1,5.E-1);
#59=COLOUR_RGB('',5.21569E-1,2.19608E-1,1.68627E-1);
#60=COLOUR_RGB('',5.3E-1,0.E0,0.E0);
#61=COLOUR_RGB('',5.29412E-1,5.80392E-1,6.5098E-1);
#62=COLOUR_RGB('',5.4E-1,0.E0,4.4E-1);
#63=COLOUR_RGB('',5.5E-1,3.E-1,0.E0);
#64=COLOUR_RGB('',5.6E-1,1.E-1,5.E-2);
#65=COLOUR_RGB('',5.60784E-1,5.80392E-1,6.19608E-1);
#66=COLOUR_RGB('',5.68627E-1,5.8824E-2,4.E-1);
#67=COLOUR_RGB('',5.8E-1,2.2E-1,1.E-2);
#68=COLOUR_RGB('',5.88235E-1,1.21569E-1,1.09804E-1);
#69=COLOUR_RGB('',6.E-1,6.E-1,6.E-1);
#70=COLOUR_RGB('',6.11765E-1,5.60784E-1,3.80392E-1);
#71=COLOUR_RGB('',6.11765E-1,6.11765E-1,6.5098E-1);
#72=COLOUR_RGB('',6.2E-1,0.E0,5.5E-1);
#73=COLOUR_RGB('',6.19608E-1,6.39216E-1,6.90196E-1);
#74=COLOUR_RGB('',6.35294E-1,6.86275E-1,7.4902E-1);
#75=COLOUR_RGB('',6.4E-1,0.E0,2.5E-1);
#76=COLOUR_RGB('',6.4E-1,1.E-2,0.E0);
#77=COLOUR_RGB('',6.39216E-1,5.4902E-1,4.78431E-1);
#78=COLOUR_RGB('',6.5098E-1,6.70588E-1,7.09804E-1);
#79=COLOUR_RGB('',6.70588E-1,1.21569E-1,1.09804E-1);
#80=COLOUR_RGB('',6.78431E-1,4.78431E-1,3.09804E-1);
#81=COLOUR_RGB('',6.8E-1,7.5E-1,1.E0);
#82=COLOUR_RGB('',7.09804E-1,7.0588E-2,2.E-1);
#83=COLOUR_RGB('',7.1E-1,3.1E-1,0.E0);
#84=COLOUR_RGB('',7.2E-1,7.2E-1,7.2E-1);
#85=COLOUR_RGB('',7.29412E-1,7.41176E-1,7.29412E-1);
#86=COLOUR_RGB('',7.41176E-1,7.29412E-1,6.70588E-1);
#87=COLOUR_RGB('',7.4E-1,1.E0,2.6E-1);
#88=COLOUR_RGB('',7.5E-1,3.E-2,0.E0);
#89=COLOUR_RGB('',7.4902E-1,8.90196E-1,7.29412E-1);
#90=COLOUR_RGB('',7.6E-1,0.E0,4.7E-1);
#91=COLOUR_RGB('',7.80392E-1,9.0196E-2,7.0588E-2);
#92=COLOUR_RGB('',7.88235E-1,2.19608E-1,5.4902E-1);
#93=COLOUR_RGB('',8.1E-1,4.E-2,0.E0);
#94=COLOUR_RGB('',8.1E-1,6.1E-1,0.E0);
#95=COLOUR_RGB('',8.2E-1,4.E-2,6.6E-1);
#96=COLOUR_RGB('',8.31373E-1,8.5098E-1,8.58824E-1);
#97=COLOUR_RGB('',8.5098E-1,7.29412E-1,5.4902E-1);
#98=COLOUR_RGB('',8.5E-1,8.5E-1,8.5E-1);
#99=COLOUR_RGB('',8.78431E-1,3.68627E-1,1.21569E-1);
#100=COLOUR_RGB('',8.784E-1,9.49E-1,1.E0);
#101=COLOUR_RGB('',8.90196E-1,5.88235E-1,1.41176E-1);
#102=COLOUR_RGB('',9.E-1,1.E0,0.E0);
#103=COLOUR_RGB('',9.09804E-1,6.11765E-1,7.09804E-1);
#104=COLOUR_RGB('',9.37E-1,7.85E-1,0.E0);
#105=COLOUR_RGB('',9.41176E-1,9.29412E-1,9.01961E-1);
#106=COLOUR_RGB('',9.5E-1,2.2E-1,8.1E-1);
#107=COLOUR_RGB('',9.6E-1,3.7E-1,3.E-1);
#108=COLOUR_RGB('',9.6E-1,7.1E-1,3.75E-1);
#109=COLOUR_RGB('',9.80392E-1,1.E0,1.E0);
#110=COLOUR_RGB('',9.88235E-1,1.09804E-1,7.8431E-2);
#111=COLOUR_RGB('',9.88235E-1,7.21569E-1,1.29412E-1);
#112=COLOUR_RGB('',9.88235E-1,9.21569E-1,8.E-1);
#113=DRAUGHTING_PRE_DEFINED_COLOUR('red');
#114=COLOUR_RGB('',1.E0,0.E0,6.1E-1);
#115=COLOUR_RGB('',1.E0,4.E-2,0.E0);
#116=COLOUR_RGB('',1.E0,2.3E-1,0.E0);
#117=COLOUR_RGB('',1.E0,3.5E-1,5.2E-1);
#118=COLOUR_RGB('',1.E0,3.6E-1,0.E0);
#119=COLOUR_RGB('',1.E0,3.88235E-1,2.11765E-1);
#120=COLOUR_RGB('',1.E0,4.9E-1,3.7E-1);
#121=COLOUR_RGB('',1.E0,5.E-1,0.E0);
#122=COLOUR_RGB('',1.E0,5.6E-1,7.8E-1);
#123=COLOUR_RGB('',1.E0,6.4E-1,4.9E-1);
#124=COLOUR_RGB('',1.E0,6.7E-1,0.E0);
#125=COLOUR_RGB('',1.E0,7.6E-1,6.5E-1);
#126=COLOUR_RGB('',1.E0,8.39216E-1,3.01961E-1);
#127=COLOUR_RGB('',1.E0,8.6E-1,4.E-2);
#128=COLOUR_RGB('',1.E0,9.60784E-1,2.58824E-1);
#129=COLOUR_RGB('',1.E0,9.60784E-1,8.90196E-1);
#130=COLOUR_RGB('',1.E0,9.8E-1,7.2E-1);
#131=DRAUGHTING_PRE_DEFINED_COLOUR('yellow');
#132=COLOUR_RGB('',1.E0,1.E0,3.9216E-2);
#133=DRAUGHTING_PRE_DEFINED_COLOUR('white');
#142=CIRCLE('',#141,4.E-1);
#167=CIRCLE('',#166,4.E-1);
#192=CIRCLE('',#191,4.E-1);
#217=CIRCLE('',#216,4.E-1);
#302=CIRCLE('',#301,5.E-1);
#315=CIRCLE('',#314,5.E-1);
#340=CIRCLE('',#339,5.E-1);
#357=CIRCLE('',#356,5.E-1);
#382=CIRCLE('',#381,5.E-2);
#399=CIRCLE('',#398,1.5E-1);
#412=CIRCLE('',#411,1.5E-1);
#429=CIRCLE('',#428,5.E-2);
#526=CIRCLE('',#525,1.5E-1);
#543=CIRCLE('',#542,5.E-2);
#556=CIRCLE('',#555,5.E-2);
#573=CIRCLE('',#572,1.5E-1);
#590=CIRCLE('',#589,5.E-1);
#603=CIRCLE('',#602,5.E-1);
#620=CIRCLE('',#619,5.E-1);
#633=CIRCLE('',#632,5.E-1);
#638=CIRCLE('',#637,2.2045973E0);
#647=CIRCLE('',#646,2.2045973E0);
#656=CIRCLE('',#655,2.2045973E0);
#665=CIRCLE('',#664,2.2045973E0);
#702=CIRCLE('',#701,5.E-2);
#711=CIRCLE('',#710,1.5E-1);
#720=CIRCLE('',#719,1.1E-1);
#737=CIRCLE('',#736,1.E-2);
#747=B_SPLINE_CURVE_WITH_KNOTS('',3,(#742,#743,#744,#745,#746),.UNSPECIFIED.,
.F.,.F.,(4,1,4),(0.E0,5.E-1,1.E0),.UNSPECIFIED.);
#764=CIRCLE('',#763,1.5E-1);
#773=CIRCLE('',#772,5.E-2);
#779=B_SPLINE_CURVE_WITH_KNOTS('',3,(#774,#775,#776,#777,#778),.UNSPECIFIED.,
.F.,.F.,(4,1,4),(0.E0,5.E-1,1.E0),.UNSPECIFIED.);
#788=CIRCLE('',#787,3.E-1);
#813=CIRCLE('',#812,3.E-1);
#834=CIRCLE('',#833,1.E-2);
#851=CIRCLE('',#850,1.1E-1);
#860=CIRCLE('',#859,1.5E-1);
#865=CIRCLE('',#864,1.5E-1);
#1002=CIRCLE('',#1001,1.5E-1);
#1011=CIRCLE('',#1010,1.1E-1);
#1028=CIRCLE('',#1027,1.E-2);
#1037=CIRCLE('',#1036,5.E-2);
#1062=CIRCLE('',#1061,1.5E-1);
#1071=CIRCLE('',#1070,5.E-2);
#1077=B_SPLINE_CURVE_WITH_KNOTS('',3,(#1072,#1073,#1074,#1075,#1076),
.UNSPECIFIED.,.F.,.F.,(4,1,4),(0.E0,5.E-1,1.E0),.UNSPECIFIED.);
#1166=CIRCLE('',#1165,4.E-1);
#1179=CIRCLE('',#1178,4.E-1);
#1192=CIRCLE('',#1191,4.E-1);
#1205=CIRCLE('',#1204,4.E-1);
#1342=CIRCLE('',#1341,1.E-2);
#1359=CIRCLE('',#1358,1.1E-1);
#1368=CIRCLE('',#1367,1.5E-1);
#1373=CIRCLE('',#1372,1.5E-1);
#1378=CIRCLE('',#1377,3.E-1);
#1403=CIRCLE('',#1402,3.E-1);
#1429=B_SPLINE_CURVE_WITH_KNOTS('',3,(#1424,#1425,#1426,#1427,#1428),
.UNSPECIFIED.,.F.,.F.,(4,1,4),(0.E0,5.E-1,1.E0),.UNSPECIFIED.);
#1610=CIRCLE('',#1609,1.E-2);
#1619=CIRCLE('',#1618,1.1E-1);
#1636=CIRCLE('',#1635,1.E-2);
#1645=CIRCLE('',#1644,1.1E-1);
#1658=CIRCLE('',#1657,1.1E-1);
#1667=CIRCLE('',#1666,1.E-2);
#1684=CIRCLE('',#1683,1.1E-1);
#1693=CIRCLE('',#1692,1.E-2);
#1706=CIRCLE('',#1705,1.1E-1);
#1715=CIRCLE('',#1714,1.E-2);
#1732=CIRCLE('',#1731,1.1E-1);
#1741=CIRCLE('',#1740,1.E-2);
#1754=CIRCLE('',#1753,1.E-2);
#1763=CIRCLE('',#1762,1.1E-1);
#1780=CIRCLE('',#1779,1.E-2);
#1789=CIRCLE('',#1788,1.1E-1);
#1882=CIRCLE('',#1881,1.E-2);
#1891=CIRCLE('',#1890,1.1E-1);
#1908=CIRCLE('',#1907,1.E-2);
#1917=CIRCLE('',#1916,1.1E-1);
#1930=CIRCLE('',#1929,1.1E-1);
#1939=CIRCLE('',#1938,1.E-2);
#1956=CIRCLE('',#1955,1.1E-1);
#1965=CIRCLE('',#1964,1.E-2);
#1978=CIRCLE('',#1977,1.1E-1);
#1987=CIRCLE('',#1986,1.E-2);
#2004=CIRCLE('',#2003,1.1E-1);
#2013=CIRCLE('',#2012,1.E-2);
#2026=CIRCLE('',#2025,1.E-2);
#2035=CIRCLE('',#2034,1.1E-1);
#2052=CIRCLE('',#2051,1.E-2);
#2061=CIRCLE('',#2060,1.1E-1);
#2167=B_SPLINE_CURVE_WITH_KNOTS('',3,(#2162,#2163,#2164,#2165,#2166),
.UNSPECIFIED.,.F.,.F.,(4,1,4),(0.E0,5.E-1,1.E0),.UNSPECIFIED.);
#2174=B_SPLINE_CURVE_WITH_KNOTS('',3,(#2168,#2169,#2170,#2171,#2172,#2173),
.UNSPECIFIED.,.F.,.F.,(4,1,1,4),(0.E0,3.333333333333E-1,6.666666666667E-1,1.E0),
.UNSPECIFIED.);
#2180=B_SPLINE_CURVE_WITH_KNOTS('',3,(#2175,#2176,#2177,#2178,#2179),
.UNSPECIFIED.,.F.,.F.,(4,1,4),(0.E0,5.E-1,1.E0),.UNSPECIFIED.);
#2186=B_SPLINE_CURVE_WITH_KNOTS('',3,(#2181,#2182,#2183,#2184,#2185),
.UNSPECIFIED.,.F.,.F.,(4,1,4),(0.E0,5.E-1,1.E0),.UNSPECIFIED.);
#2193=B_SPLINE_CURVE_WITH_KNOTS('',3,(#2187,#2188,#2189,#2190,#2191,#2192),
.UNSPECIFIED.,.F.,.F.,(4,1,1,4),(0.E0,3.333333333333E-1,6.666666666667E-1,1.E0),
.UNSPECIFIED.);
#2199=B_SPLINE_CURVE_WITH_KNOTS('',3,(#2194,#2195,#2196,#2197,#2198),
.UNSPECIFIED.,.F.,.F.,(4,1,4),(0.E0,5.E-1,1.E0),.UNSPECIFIED.);
#2205=B_SPLINE_CURVE_WITH_KNOTS('',3,(#2200,#2201,#2202,#2203,#2204),
.UNSPECIFIED.,.F.,.F.,(4,1,4),(0.E0,5.E-1,1.E0),.UNSPECIFIED.);
#2212=B_SPLINE_CURVE_WITH_KNOTS('',3,(#2206,#2207,#2208,#2209,#2210,#2211),
.UNSPECIFIED.,.F.,.F.,(4,1,1,4),(0.E0,3.333333333333E-1,6.666666666667E-1,1.E0),
.UNSPECIFIED.);
#2218=B_SPLINE_CURVE_WITH_KNOTS('',3,(#2213,#2214,#2215,#2216,#2217),
.UNSPECIFIED.,.F.,.F.,(4,1,4),(0.E0,5.E-1,1.E0),.UNSPECIFIED.);
#2225=B_SPLINE_CURVE_WITH_KNOTS('',3,(#2219,#2220,#2221,#2222,#2223,#2224),
.UNSPECIFIED.,.F.,.F.,(4,1,1,4),(0.E0,3.333333333333E-1,6.666666666667E-1,1.E0),
.UNSPECIFIED.);
#2231=B_SPLINE_CURVE_WITH_KNOTS('',3,(#2226,#2227,#2228,#2229,#2230),
.UNSPECIFIED.,.F.,.F.,(4,1,4),(0.E0,5.E-1,1.E0),.UNSPECIFIED.);
#2237=B_SPLINE_CURVE_WITH_KNOTS('',3,(#2232,#2233,#2234,#2235,#2236),
.UNSPECIFIED.,.F.,.F.,(4,1,4),(0.E0,5.E-1,1.E0),.UNSPECIFIED.);
#2243=B_SPLINE_CURVE_WITH_KNOTS('',3,(#2238,#2239,#2240,#2241,#2242),
.UNSPECIFIED.,.F.,.F.,(4,1,4),(0.E0,5.E-1,1.E0),.UNSPECIFIED.);
#2250=B_SPLINE_CURVE_WITH_KNOTS('',3,(#2244,#2245,#2246,#2247,#2248,#2249),
.UNSPECIFIED.,.F.,.F.,(4,1,1,4),(0.E0,3.333333333333E-1,6.666666666667E-1,1.E0),
.UNSPECIFIED.);
#2256=B_SPLINE_CURVE_WITH_KNOTS('',3,(#2251,#2252,#2253,#2254,#2255),
.UNSPECIFIED.,.F.,.F.,(4,1,4),(0.E0,5.E-1,1.E0),.UNSPECIFIED.);
#2263=B_SPLINE_CURVE_WITH_KNOTS('',3,(#2257,#2258,#2259,#2260,#2261,#2262),
.UNSPECIFIED.,.F.,.F.,(4,1,1,4),(0.E0,3.333333333333E-1,6.666666666667E-1,1.E0),
.UNSPECIFIED.);
#2269=B_SPLINE_CURVE_WITH_KNOTS('',3,(#2264,#2265,#2266,#2267,#2268),
.UNSPECIFIED.,.F.,.F.,(4,1,4),(0.E0,5.E-1,1.E0),.UNSPECIFIED.);
#2275=B_SPLINE_CURVE_WITH_KNOTS('',3,(#2270,#2271,#2272,#2273,#2274),
.UNSPECIFIED.,.F.,.F.,(4,1,4),(0.E0,5.E-1,1.E0),.UNSPECIFIED.);
#2281=B_SPLINE_CURVE_WITH_KNOTS('',3,(#2276,#2277,#2278,#2279,#2280),
.UNSPECIFIED.,.F.,.F.,(4,1,4),(0.E0,5.E-1,1.E0),.UNSPECIFIED.);
#2288=B_SPLINE_CURVE_WITH_KNOTS('',3,(#2282,#2283,#2284,#2285,#2286,#2287),
.UNSPECIFIED.,.F.,.F.,(4,1,1,4),(0.E0,3.333333333333E-1,6.666666666667E-1,1.E0),
.UNSPECIFIED.);
#2294=B_SPLINE_CURVE_WITH_KNOTS('',3,(#2289,#2290,#2291,#2292,#2293),
.UNSPECIFIED.,.F.,.F.,(4,1,4),(0.E0,5.E-1,1.E0),.UNSPECIFIED.);
#2301=B_SPLINE_CURVE_WITH_KNOTS('',3,(#2295,#2296,#2297,#2298,#2299,#2300),
.UNSPECIFIED.,.F.,.F.,(4,1,1,4),(0.E0,3.333333333333E-1,6.666666666667E-1,1.E0),
.UNSPECIFIED.);
#2307=B_SPLINE_CURVE_WITH_KNOTS('',3,(#2302,#2303,#2304,#2305,#2306),
.UNSPECIFIED.,.F.,.F.,(4,1,4),(0.E0,5.E-1,1.E0),.UNSPECIFIED.);
#2313=B_SPLINE_CURVE_WITH_KNOTS('',3,(#2308,#2309,#2310,#2311,#2312),
.UNSPECIFIED.,.F.,.F.,(4,1,4),(0.E0,5.E-1,1.E0),.UNSPECIFIED.);
#2318=CIRCLE('',#2317,1.E0);
#2323=CIRCLE('',#2322,1.E0);
#2329=B_SPLINE_CURVE_WITH_KNOTS('',3,(#2324,#2325,#2326,#2327,#2328),
.UNSPECIFIED.,.F.,.F.,(4,1,4),(0.E0,5.E-1,1.E0),.UNSPECIFIED.);
#2339=B_SPLINE_CURVE_WITH_KNOTS('',3,(#2334,#2335,#2336,#2337,#2338),
.UNSPECIFIED.,.F.,.F.,(4,1,4),(0.E0,5.E-1,1.E0),.UNSPECIFIED.);
#2344=CIRCLE('',#2343,2.042986809666E0);
#2350=B_SPLINE_CURVE_WITH_KNOTS('',3,(#2345,#2346,#2347,#2348,#2349),
.UNSPECIFIED.,.F.,.F.,(4,1,4),(0.E0,5.E-1,1.E0),.UNSPECIFIED.);
#2360=B_SPLINE_CURVE_WITH_KNOTS('',3,(#2355,#2356,#2357,#2358,#2359),
.UNSPECIFIED.,.F.,.F.,(4,1,4),(0.E0,5.E-1,1.E0),.UNSPECIFIED.);
#2365=CIRCLE('',#2364,2.042986809666E0);
#2371=B_SPLINE_CURVE_WITH_KNOTS('',3,(#2366,#2367,#2368,#2369,#2370),
.UNSPECIFIED.,.F.,.F.,(4,1,4),(0.E0,5.E-1,1.E0),.UNSPECIFIED.);
#2381=B_SPLINE_CURVE_WITH_KNOTS('',3,(#2376,#2377,#2378,#2379,#2380),
.UNSPECIFIED.,.F.,.F.,(4,1,4),(0.E0,5.E-1,1.E0),.UNSPECIFIED.);
#2386=CIRCLE('',#2385,2.042986809666E0);
#2392=B_SPLINE_CURVE_WITH_KNOTS('',3,(#2387,#2388,#2389,#2390,#2391),
.UNSPECIFIED.,.F.,.F.,(4,1,4),(0.E0,5.E-1,1.E0),.UNSPECIFIED.);
#2402=B_SPLINE_CURVE_WITH_KNOTS('',3,(#2397,#2398,#2399,#2400,#2401),
.UNSPECIFIED.,.F.,.F.,(4,1,4),(0.E0,5.E-1,1.E0),.UNSPECIFIED.);
#2407=CIRCLE('',#2406,2.042986809666E0);
#2412=CIRCLE('',#2411,1.E0);
#2421=CIRCLE('',#2420,1.E0);
#2430=CIRCLE('',#2429,5.E-2);
#2435=CIRCLE('',#2434,9.5E-1);
#2440=CIRCLE('',#2439,5.E-2);
#2445=CIRCLE('',#2444,9.5E-1);
#3117=EDGE_CURVE('',#3046,#3047,#137,.T.);
#3119=EDGE_CURVE('',#3047,#3049,#142,.T.);
#3121=EDGE_CURVE('',#3051,#3049,#146,.T.);
#3123=EDGE_CURVE('',#2460,#3051,#150,.T.);
#3125=EDGE_CURVE('',#2460,#2461,#154,.T.);
#3127=EDGE_CURVE('',#2461,#3046,#158,.T.);
#3131=ADVANCED_FACE('',(#3130),#3116,.T.);
#3137=EDGE_CURVE('',#3076,#3077,#162,.T.);
#3139=EDGE_CURVE('',#3077,#3079,#167,.T.);
#3141=EDGE_CURVE('',#3081,#3079,#171,.T.);
#3143=EDGE_CURVE('',#3081,#2456,#175,.T.);
#3145=EDGE_CURVE('',#2456,#2457,#179,.T.);
#3147=EDGE_CURVE('',#3076,#2457,#183,.T.);
#3151=ADVANCED_FACE('',(#3150),#3136,.T.);
#3157=EDGE_CURVE('',#3084,#3085,#187,.T.);
#3159=EDGE_CURVE('',#3085,#3087,#192,.T.);
#3161=EDGE_CURVE('',#3089,#3087,#196,.T.);
#3163=EDGE_CURVE('',#3089,#2448,#200,.T.);
#3165=EDGE_CURVE('',#2448,#2449,#204,.T.);
#3167=EDGE_CURVE('',#3084,#2449,#208,.T.);
#3171=ADVANCED_FACE('',(#3170),#3156,.T.);
#3177=EDGE_CURVE('',#3092,#3093,#212,.T.);
#3179=EDGE_CURVE('',#3093,#3095,#217,.T.);
#3181=EDGE_CURVE('',#3097,#3095,#221,.T.);
#3183=EDGE_CURVE('',#2452,#3097,#225,.T.);
#3185=EDGE_CURVE('',#2452,#2453,#229,.T.);
#3187=EDGE_CURVE('',#2453,#3092,#233,.T.);
#3191=ADVANCED_FACE('',(#3190),#3176,.T.);
#3198=EDGE_CURVE('',#3055,#3046,#273,.T.);
#3200=EDGE_CURVE('',#3055,#3042,#1170,.T.);
#3202=EDGE_CURVE('',#3047,#3042,#1157,.T.);
#3206=ADVANCED_FACE('',(#3205),#3196,.F.);
#3212=EDGE_CURVE('',#2671,#2672,#237,.T.);
#3214=EDGE_CURVE('',#2448,#2671,#2153,.T.);
#3217=EDGE_CURVE('',#3100,#3089,#241,.T.);
#3219=EDGE_CURVE('',#3100,#3101,#245,.T.);
#3221=EDGE_CURVE('',#3101,#3023,#885,.T.);
#3223=EDGE_CURVE('',#3023,#3021,#249,.T.);
#3225=EDGE_CURVE('',#3010,#3021,#253,.T.);
#3227=EDGE_CURVE('',#3010,#3002,#1449,.T.);
#3229=EDGE_CURVE('',#3002,#3019,#257,.T.);
#3231=EDGE_CURVE('',#3018,#3019,#261,.T.);
#3233=EDGE_CURVE('',#3054,#3018,#265,.T.);
#3235=EDGE_CURVE('',#3054,#3055,#269,.T.);
#3239=EDGE_CURVE('',#2461,#2672,#277,.T.);
#3243=ADVANCED_FACE('',(#3242),#3211,.T.);
#3250=EDGE_CURVE('',#2672,#2659,#281,.T.);
#3252=EDGE_CURVE('',#2659,#2660,#543,.T.);
#3254=EDGE_CURVE('',#2648,#2660,#437,.T.);
#3256=EDGE_CURVE('',#2647,#2648,#382,.T.);
#3258=EDGE_CURVE('',#2647,#2671,#285,.T.);
#3262=ADVANCED_FACE('',(#3261),#3248,.F.);
#3268=EDGE_CURVE('',#2487,#2643,#289,.T.);
#3270=EDGE_CURVE('',#2643,#2659,#547,.T.);
#3273=EDGE_CURVE('',#2672,#2471,#293,.T.);
#3275=EDGE_CURVE('',#2471,#2486,#297,.T.);
#3277=EDGE_CURVE('',#2486,#2487,#302,.T.);
#3281=ADVANCED_FACE('',(#3280),#3267,.F.);
#3287=EDGE_CURVE('',#2505,#2671,#306,.T.);
#3290=EDGE_CURVE('',#2639,#2647,#377,.T.);
#3292=EDGE_CURVE('',#2639,#2474,#310,.T.);
#3294=EDGE_CURVE('',#2474,#2475,#315,.T.);
#3296=EDGE_CURVE('',#2475,#2505,#319,.T.);
#3300=ADVANCED_FACE('',(#3299),#3286,.F.);
#3306=EDGE_CURVE('',#2479,#2703,#323,.T.);
#3308=EDGE_CURVE('',#2684,#2703,#433,.T.);
#3310=EDGE_CURVE('',#2684,#2699,#327,.T.);
#3312=EDGE_CURVE('',#2699,#2507,#331,.T.);
#3314=EDGE_CURVE('',#2507,#2478,#335,.T.);
#3316=EDGE_CURVE('',#2478,#2479,#340,.T.);
#3320=ADVANCED_FACE('',(#3319),#3305,.F.);
#3326=EDGE_CURVE('',#2509,#2700,#344,.T.);
#3328=EDGE_CURVE('',#2700,#2696,#348,.T.);
#3330=EDGE_CURVE('',#2696,#2707,#551,.T.);
#3332=EDGE_CURVE('',#2707,#2482,#352,.T.);
#3334=EDGE_CURVE('',#2482,#2483,#357,.T.);
#3336=EDGE_CURVE('',#2483,#2509,#361,.T.);
#3340=ADVANCED_FACE('',(#3339),#3325,.F.);
#3346=EDGE_CURVE('',#2639,#2640,#365,.T.);
#3348=EDGE_CURVE('',#2640,#2490,#607,.T.);
#3350=EDGE_CURVE('',#2474,#2490,#2157,.T.);
#3355=ADVANCED_FACE('',(#3354),#3345,.T.);
#3361=EDGE_CURVE('',#2643,#2644,#369,.T.);
#3364=EDGE_CURVE('',#2487,#2503,#373,.T.);
#3366=EDGE_CURVE('',#2503,#2644,#615,.T.);
#3370=ADVANCED_FACE('',(#3369),#3360,.T.);
#3379=EDGE_CURVE('',#2648,#2650,#386,.T.);
#3381=EDGE_CURVE('',#2650,#2652,#390,.T.);
#3383=EDGE_CURVE('',#2652,#2654,#394,.T.);
#3385=EDGE_CURVE('',#2654,#2656,#399,.T.);
#3387=EDGE_CURVE('',#2656,#2640,#403,.T.);
#3391=ADVANCED_FACE('',(#3390),#3375,.F.);
#3397=EDGE_CURVE('',#2703,#2704,#673,.T.);
#3399=EDGE_CURVE('',#2704,#2675,#407,.T.);
#3401=EDGE_CURVE('',#2675,#2676,#412,.T.);
#3403=EDGE_CURVE('',#2676,#2678,#416,.T.);
#3405=EDGE_CURVE('',#2678,#2680,#420,.T.);
#3407=EDGE_CURVE('',#2680,#2682,#424,.T.);
#3409=EDGE_CURVE('',#2682,#2684,#429,.T.);
#3414=ADVANCED_FACE('',(#3413),#3396,.F.);
#3420=EDGE_CURVE('',#2723,#2662,#453,.T.);
#3422=EDGE_CURVE('',#2723,#2715,#493,.T.);
#3424=EDGE_CURVE('',#2711,#2715,#481,.T.);
#3426=EDGE_CURVE('',#2719,#2711,#457,.T.);
#3428=EDGE_CURVE('',#2650,#2719,#445,.T.);
#3432=EDGE_CURVE('',#2660,#2662,#538,.T.);
#3436=ADVANCED_FACE('',(#3435),#3419,.T.);
#3442=EDGE_CURVE('',#2719,#2720,#441,.T.);
#3444=EDGE_CURVE('',#2652,#2720,#509,.T.);
#3450=ADVANCED_FACE('',(#3449),#3441,.T.);
#3456=EDGE_CURVE('',#2723,#2724,#449,.T.);
#3459=EDGE_CURVE('',#2662,#2664,#534,.T.);
#3461=EDGE_CURVE('',#2724,#2664,#517,.T.);
#3465=ADVANCED_FACE('',(#3464),#3455,.T.);
#3473=EDGE_CURVE('',#2711,#2712,#461,.T.);
#3475=EDGE_CURVE('',#2712,#2720,#465,.T.);
#3479=ADVANCED_FACE('',(#3478),#3470,.F.);
#3485=EDGE_CURVE('',#2735,#2736,#1273,.T.);
#3487=EDGE_CURVE('',#2735,#2727,#469,.T.);
#3489=EDGE_CURVE('',#2727,#2728,#473,.T.);
#3491=EDGE_CURVE('',#2728,#2736,#477,.T.);
#3495=ADVANCED_FACE('',(#3494),#3484,.F.);
#3503=EDGE_CURVE('',#2715,#2716,#489,.T.);
#3505=EDGE_CURVE('',#2712,#2716,#513,.T.);
#3509=ADVANCED_FACE('',(#3508),#3500,.T.);
#3516=EDGE_CURVE('',#2716,#2724,#485,.T.);
#3522=ADVANCED_FACE('',(#3521),#3514,.T.);
#3528=EDGE_CURVE('',#2739,#2740,#1281,.T.);
#3530=EDGE_CURVE('',#2732,#2740,#497,.T.);
#3532=EDGE_CURVE('',#2731,#2732,#501,.T.);
#3534=EDGE_CURVE('',#2739,#2731,#505,.T.);
#3538=ADVANCED_FACE('',(#3537),#3527,.T.);
#3549=EDGE_CURVE('',#2664,#2666,#530,.T.);
#3551=EDGE_CURVE('',#2654,#2666,#2161,.T.);
#3556=ADVANCED_FACE('',(#3555),#3543,.T.);
#3563=EDGE_CURVE('',#2668,#2644,#521,.T.);
#3565=EDGE_CURVE('',#2666,#2668,#526,.T.);
#3574=ADVANCED_FACE('',(#3573),#3561,.T.);
#3580=EDGE_CURVE('',#2707,#2708,#681,.T.);
#3583=EDGE_CURVE('',#2694,#2696,#556,.T.);
#3585=EDGE_CURVE('',#2692,#2694,#560,.T.);
#3587=EDGE_CURVE('',#2690,#2692,#564,.T.);
#3589=EDGE_CURVE('',#2688,#2690,#568,.T.);
#3591=EDGE_CURVE('',#2687,#2688,#573,.T.);
#3593=EDGE_CURVE('',#2708,#2687,#577,.T.);
#3597=ADVANCED_FACE('',(#3596),#3579,.T.);
#3603=EDGE_CURVE('',#2708,#2498,#581,.T.);
#3606=EDGE_CURVE('',#2675,#2687,#1297,.T.);
#3609=EDGE_CURVE('',#2495,#2704,#585,.T.);
#3611=EDGE_CURVE('',#2494,#2495,#590,.T.);
#3613=EDGE_CURVE('',#2773,#2494,#594,.T.);
#3615=EDGE_CURVE('',#2773,#2774,#768,.T.);
#3617=EDGE_CURVE('',#2766,#2774,#783,.T.);
#3619=EDGE_CURVE('',#2766,#2770,#706,.T.);
#3621=EDGE_CURVE('',#2491,#2770,#598,.T.);
#3623=EDGE_CURVE('',#2490,#2491,#603,.T.);
#3627=EDGE_CURVE('',#2656,#2668,#611,.T.);
#3631=EDGE_CURVE('',#2502,#2503,#620,.T.);
#3633=EDGE_CURVE('',#2615,#2502,#624,.T.);
#3635=EDGE_CURVE('',#2615,#2617,#1066,.T.);
#3637=EDGE_CURVE('',#2565,#2617,#1433,.T.);
#3639=EDGE_CURVE('',#2565,#2515,#997,.T.);
#3641=EDGE_CURVE('',#2499,#2515,#628,.T.);
#3643=EDGE_CURVE('',#2498,#2499,#633,.T.);
#3647=EDGE_CURVE('',#2569,#2571,#638,.T.);
#3649=EDGE_CURVE('',#2573,#2571,#2313,.T.);
#3651=EDGE_CURVE('',#2573,#2575,#642,.T.);
#3653=EDGE_CURVE('',#2577,#2575,#2294,.T.);
#3655=EDGE_CURVE('',#2577,#2579,#647,.T.);
#3657=EDGE_CURVE('',#2581,#2579,#2275,.T.);
#3659=EDGE_CURVE('',#2581,#2583,#651,.T.);
#3661=EDGE_CURVE('',#2585,#2583,#2256,.T.);
#3663=EDGE_CURVE('',#2585,#2587,#656,.T.);
#3665=EDGE_CURVE('',#2589,#2587,#2237,.T.);
#3667=EDGE_CURVE('',#2589,#2591,#660,.T.);
#3669=EDGE_CURVE('',#2593,#2591,#2218,.T.);
#3671=EDGE_CURVE('',#2593,#2595,#665,.T.);
#3673=EDGE_CURVE('',#2597,#2595,#2199,.T.);
#3675=EDGE_CURVE('',#2597,#2567,#669,.T.);
#3677=EDGE_CURVE('',#2569,#2567,#2180,.T.);
#3681=ADVANCED_FACE('',(#3646,#3680),#3602,.T.);
#3689=EDGE_CURVE('',#2479,#2495,#677,.T.);
#3694=ADVANCED_FACE('',(#3693),#3686,.T.);
#3702=EDGE_CURVE('',#2482,#2498,#1053,.T.);
#3707=ADVANCED_FACE('',(#3706),#3699,.T.);
#3714=EDGE_CURVE('',#2478,#2494,#685,.T.);
#3720=ADVANCED_FACE('',(#3719),#3712,.T.);
#3726=EDGE_CURVE('',#2776,#2770,#689,.T.);
#3728=EDGE_CURVE('',#2505,#2776,#977,.T.);
#3731=EDGE_CURVE('',#2475,#2491,#693,.T.);
#3736=ADVANCED_FACE('',(#3735),#3725,.T.);
#3742=EDGE_CURVE('',#2780,#2773,#697,.T.);
#3747=EDGE_CURVE('',#2780,#2507,#985,.T.);
#3751=ADVANCED_FACE('',(#3750),#3741,.T.);
#3757=EDGE_CURVE('',#2768,#2753,#702,.T.);
#3759=EDGE_CURVE('',#2768,#2776,#965,.T.);
#3763=EDGE_CURVE('',#2764,#2766,#711,.T.);
#3765=EDGE_CURVE('',#2762,#2764,#715,.T.);
#3767=EDGE_CURVE('',#2760,#2762,#720,.T.);
#3769=EDGE_CURVE('',#2759,#2760,#724,.T.);
#3771=EDGE_CURVE('',#2807,#2759,#728,.T.);
#3773=EDGE_CURVE('',#2803,#2807,#1501,.T.);
#3775=EDGE_CURVE('',#2756,#2803,#732,.T.);
#3777=EDGE_CURVE('',#2754,#2756,#737,.T.);
#3779=EDGE_CURVE('',#2753,#2754,#741,.T.);
#3783=ADVANCED_FACE('',(#3782),#3756,.T.);
#3789=EDGE_CURVE('',#2792,#2793,#747,.T.);
#3791=EDGE_CURVE('',#2792,#2779,#773,.T.);
#3793=EDGE_CURVE('',#2779,#2768,#751,.T.);
#3796=EDGE_CURVE('',#2753,#2793,#755,.T.);
#3800=ADVANCED_FACE('',(#3799),#3788,.F.);
#3806=EDGE_CURVE('',#2791,#2792,#759,.T.);
#3809=EDGE_CURVE('',#2793,#2795,#813,.T.);
#3811=EDGE_CURVE('',#2797,#2795,#800,.T.);
#3813=EDGE_CURVE('',#2797,#2799,#788,.T.);
#3815=EDGE_CURVE('',#2799,#2791,#779,.T.);
#3819=ADVANCED_FACE('',(#3818),#3805,.T.);
#3826=EDGE_CURVE('',#2774,#2791,#764,.T.);
#3830=EDGE_CURVE('',#2779,#2780,#981,.T.);
#3835=ADVANCED_FACE('',(#3834),#3824,.T.);
#3842=EDGE_CURVE('',#2764,#2799,#796,.T.);
#3849=ADVANCED_FACE('',(#3848),#3840,.T.);
#3856=EDGE_CURVE('',#2787,#2797,#808,.T.);
#3858=EDGE_CURVE('',#2783,#2787,#860,.T.);
#3860=EDGE_CURVE('',#2750,#2783,#855,.T.);
#3862=EDGE_CURVE('',#2750,#2762,#792,.T.);
#3868=ADVANCED_FACE('',(#3867),#3854,.T.);
#3875=EDGE_CURVE('',#2788,#2795,#817,.T.);
#3877=EDGE_CURVE('',#2787,#2788,#804,.T.);
#3882=ADVANCED_FACE('',(#3881),#3873,.T.);
#3891=EDGE_CURVE('',#2743,#2754,#821,.T.);
#3893=EDGE_CURVE('',#2784,#2743,#829,.T.);
#3895=EDGE_CURVE('',#2788,#2784,#865,.T.);
#3900=ADVANCED_FACE('',(#3899),#3887,.T.);
#3906=EDGE_CURVE('',#2743,#2744,#834,.T.);
#3910=EDGE_CURVE('',#2744,#2756,#869,.T.);
#3914=ADVANCED_FACE('',(#3913),#3905,.F.);
#3920=EDGE_CURVE('',#2783,#2784,#825,.T.);
#3924=EDGE_CURVE('',#2744,#2802,#838,.T.);
#3926=EDGE_CURVE('',#2802,#2805,#1477,.T.);
#3928=EDGE_CURVE('',#2805,#2747,#842,.T.);
#3930=EDGE_CURVE('',#2747,#2748,#846,.T.);
#3932=EDGE_CURVE('',#2748,#2750,#851,.T.);
#3937=ADVANCED_FACE('',(#3936),#3919,.F.);
#3949=ADVANCED_FACE('',(#3948),#3942,.F.);
#3955=EDGE_CURVE('',#2802,#2803,#881,.T.);
#3962=ADVANCED_FACE('',(#3961),#3954,.T.);
#3969=EDGE_CURVE('',#2779,#2465,#993,.T.);
#3971=EDGE_CURVE('',#2452,#2465,#1593,.T.);
#3974=EDGE_CURVE('',#3111,#3097,#873,.T.);
#3976=EDGE_CURVE('',#3111,#3104,#877,.T.);
#3978=EDGE_CURVE('',#3104,#3031,#1241,.T.);
#3980=EDGE_CURVE('',#2802,#3031,#1481,.T.);
#3983=EDGE_CURVE('',#3023,#2803,#1497,.T.);
#3986=EDGE_CURVE('',#3101,#3109,#889,.T.);
#3988=EDGE_CURVE('',#3109,#3084,#893,.T.);
#3991=EDGE_CURVE('',#2449,#2463,#897,.T.);
#3993=EDGE_CURVE('',#2463,#2768,#969,.T.);
#3997=EDGE_CURVE('',#2946,#2947,#901,.T.);
#3999=EDGE_CURVE('',#2946,#2950,#905,.T.);
#4001=EDGE_CURVE('',#2950,#2951,#909,.T.);
#4003=EDGE_CURVE('',#2947,#2951,#913,.T.);
#4007=EDGE_CURVE('',#2994,#2995,#917,.T.);
#4009=EDGE_CURVE('',#2994,#2998,#921,.T.);
#4011=EDGE_CURVE('',#2998,#2999,#925,.T.);
#4013=EDGE_CURVE('',#2995,#2999,#929,.T.);
#4017=ADVANCED_FACE('',(#3996,#4006,#4016),#3967,.T.);
#4023=EDGE_CURVE('',#2512,#2513,#933,.T.);
#4025=EDGE_CURVE('',#2467,#2512,#937,.T.);
#4027=EDGE_CURVE('',#2509,#2467,#941,.T.);
#4029=EDGE_CURVE('',#2509,#2513,#945,.T.);
#4033=ADVANCED_FACE('',(#4032),#4022,.T.);
#4039=EDGE_CURVE('',#2612,#2613,#949,.T.);
#4041=EDGE_CURVE('',#2613,#2471,#953,.T.);
#4043=EDGE_CURVE('',#2469,#2471,#957,.T.);
#4045=EDGE_CURVE('',#2612,#2469,#961,.T.);
#4049=ADVANCED_FACE('',(#4048),#4038,.T.);
#4057=EDGE_CURVE('',#2505,#2463,#973,.T.);
#4062=ADVANCED_FACE('',(#4061),#4054,.T.);
#4070=EDGE_CURVE('',#2465,#2507,#989,.T.);
#4075=ADVANCED_FACE('',(#4074),#4067,.T.);
#4082=EDGE_CURVE('',#2513,#2515,#1041,.T.);
#4085=EDGE_CURVE('',#2563,#2565,#1002,.T.);
#4087=EDGE_CURVE('',#2561,#2563,#1006,.T.);
#4089=EDGE_CURVE('',#2559,#2561,#1011,.T.);
#4091=EDGE_CURVE('',#2558,#2559,#1015,.T.);
#4093=EDGE_CURVE('',#2539,#2558,#1019,.T.);
#4095=EDGE_CURVE('',#2538,#2539,#1325,.T.);
#4097=EDGE_CURVE('',#2555,#2538,#1023,.T.);
#4099=EDGE_CURVE('',#2553,#2555,#1028,.T.);
#4101=EDGE_CURVE('',#2552,#2553,#1032,.T.);
#4103=EDGE_CURVE('',#2512,#2552,#1037,.T.);
#4107=ADVANCED_FACE('',(#4106),#4080,.T.);
#4116=EDGE_CURVE('',#2483,#2499,#1045,.T.);
#4121=ADVANCED_FACE('',(#4120),#4112,.T.);
#4127=EDGE_CURVE('',#2613,#2615,#1049,.T.);
#4130=EDGE_CURVE('',#2486,#2502,#2149,.T.);
#4136=ADVANCED_FACE('',(#4135),#4126,.T.);
#4148=ADVANCED_FACE('',(#4147),#4141,.T.);
#4154=EDGE_CURVE('',#2628,#2629,#1057,.T.);
#4156=EDGE_CURVE('',#2617,#2628,#1062,.T.);
#4161=EDGE_CURVE('',#2629,#2612,#1071,.T.);
#4165=ADVANCED_FACE('',(#4164),#4153,.T.);
#4172=EDGE_CURVE('',#2629,#2630,#1077,.T.);
#4174=EDGE_CURVE('',#2630,#2632,#1403,.T.);
#4176=EDGE_CURVE('',#2634,#2632,#1390,.T.);
#4178=EDGE_CURVE('',#2634,#2636,#1378,.T.);
#4180=EDGE_CURVE('',#2636,#2628,#1429,.T.);
#4184=ADVANCED_FACE('',(#4183),#4170,.T.);
#4192=EDGE_CURVE('',#2612,#2512,#1081,.T.);
#4195=EDGE_CURVE('',#2552,#2630,#1085,.T.);
#4199=ADVANCED_FACE('',(#4198),#4189,.F.);
#4207=EDGE_CURVE('',#2460,#2469,#1149,.T.);
#4210=EDGE_CURVE('',#3061,#3051,#1089,.T.);
#4212=EDGE_CURVE('',#3061,#3054,#1093,.T.);
#4215=EDGE_CURVE('',#2534,#3018,#1317,.T.);
#4217=EDGE_CURVE('',#2534,#2538,#1097,.T.);
#4219=EDGE_CURVE('',#3026,#2538,#1321,.T.);
#4221=EDGE_CURVE('',#3059,#3026,#1101,.T.);
#4223=EDGE_CURVE('',#3058,#3059,#1105,.T.);
#4225=EDGE_CURVE('',#3058,#3076,#1109,.T.);
#4228=EDGE_CURVE('',#2457,#2467,#1113,.T.);
#4233=EDGE_CURVE('',#2850,#2851,#1117,.T.);
#4235=EDGE_CURVE('',#2851,#2855,#1121,.T.);
#4237=EDGE_CURVE('',#2854,#2855,#1125,.T.);
#4239=EDGE_CURVE('',#2850,#2854,#1129,.T.);
#4243=EDGE_CURVE('',#2898,#2899,#1133,.T.);
#4245=EDGE_CURVE('',#2899,#2903,#1137,.T.);
#4247=EDGE_CURVE('',#2902,#2903,#1141,.T.);
#4249=EDGE_CURVE('',#2898,#2902,#1145,.T.);
#4253=ADVANCED_FACE('',(#4232,#4242,#4252),#4204,.T.);
#4266=ADVANCED_FACE('',(#4265),#4258,.T.);
#4273=EDGE_CURVE('',#3049,#3043,#1153,.T.);
#4275=EDGE_CURVE('',#3043,#3061,#1161,.T.);
#4280=ADVANCED_FACE('',(#4279),#4271,.F.);
#4288=EDGE_CURVE('',#3042,#3043,#1166,.T.);
#4293=ADVANCED_FACE('',(#4292),#4285,.F.);
#4306=ADVANCED_FACE('',(#4305),#4298,.T.);
#4313=EDGE_CURVE('',#3107,#3059,#1221,.T.);
#4315=EDGE_CURVE('',#3065,#3107,#1174,.T.);
#4317=EDGE_CURVE('',#3064,#3065,#1179,.T.);
#4319=EDGE_CURVE('',#3058,#3064,#1183,.T.);
#4323=ADVANCED_FACE('',(#4322),#4311,.T.);
#4330=EDGE_CURVE('',#3069,#3100,#1187,.T.);
#4332=EDGE_CURVE('',#3068,#3069,#1192,.T.);
#4334=EDGE_CURVE('',#3109,#3068,#1196,.T.);
#4339=ADVANCED_FACE('',(#4338),#4328,.T.);
#4345=EDGE_CURVE('',#3104,#3105,#1245,.T.);
#4348=EDGE_CURVE('',#3073,#3111,#1200,.T.);
#4350=EDGE_CURVE('',#3072,#3073,#1205,.T.);
#4352=EDGE_CURVE('',#3105,#3072,#1209,.T.);
#4356=ADVANCED_FACE('',(#4355),#4344,.T.);
#4362=EDGE_CURVE('',#2699,#2700,#1213,.T.);
#4364=EDGE_CURVE('',#2456,#2700,#1301,.T.);
#4367=EDGE_CURVE('',#3107,#3081,#1217,.T.);
#4371=EDGE_CURVE('',#3026,#3027,#1225,.T.);
#4373=EDGE_CURVE('',#3007,#3027,#1229,.T.);
#4375=EDGE_CURVE('',#3007,#3015,#1473,.T.);
#4377=EDGE_CURVE('',#3015,#3029,#1233,.T.);
#4379=EDGE_CURVE('',#3031,#3029,#1237,.T.);
#4383=EDGE_CURVE('',#3105,#3092,#1249,.T.);
#4386=EDGE_CURVE('',#2453,#2699,#1253,.T.);
#4390=ADVANCED_FACE('',(#4389),#4361,.T.);
#4399=EDGE_CURVE('',#2682,#2694,#1257,.T.);
#4405=ADVANCED_FACE('',(#4404),#4395,.F.);
#4411=EDGE_CURVE('',#2680,#2736,#1261,.T.);
#4414=EDGE_CURVE('',#2728,#2732,#1265,.T.);
#4417=EDGE_CURVE('',#2740,#2692,#1269,.T.);
#4424=ADVANCED_FACE('',(#4423),#4410,.T.);
#4433=EDGE_CURVE('',#2678,#2735,#1277,.T.);
#4437=ADVANCED_FACE('',(#4436),#4429,.T.);
#4444=EDGE_CURVE('',#2739,#2690,#1285,.T.);
#4450=ADVANCED_FACE('',(#4449),#4442,.T.);
#4458=EDGE_CURVE('',#2727,#2731,#1293,.T.);
#4463=EDGE_CURVE('',#2676,#2688,#1289,.T.);
#4468=ADVANCED_FACE('',(#4467),#4455,.T.);
#4480=ADVANCED_FACE('',(#4479),#4473,.T.);
#4492=ADVANCED_FACE('',(#4491),#4485,.T.);
#4505=ADVANCED_FACE('',(#4504),#4497,.T.);
#4512=EDGE_CURVE('',#3079,#3065,#1305,.T.);
#4518=ADVANCED_FACE('',(#4517),#4510,.F.);
#4525=EDGE_CURVE('',#3077,#3064,#1309,.T.);
#4531=ADVANCED_FACE('',(#4530),#4523,.F.);
#4543=ADVANCED_FACE('',(#4542),#4536,.F.);
#4549=EDGE_CURVE('',#2534,#2535,#1313,.T.);
#4553=EDGE_CURVE('',#3033,#3019,#1437,.T.);
#4555=EDGE_CURVE('',#3033,#2518,#1565,.T.);
#4557=EDGE_CURVE('',#2518,#2526,#1537,.T.);
#4559=EDGE_CURVE('',#3037,#2526,#1513,.T.);
#4561=EDGE_CURVE('',#3027,#3037,#1441,.T.);
#4566=EDGE_CURVE('',#2535,#2539,#1329,.T.);
#4570=ADVANCED_FACE('',(#4569),#4548,.F.);
#4576=EDGE_CURVE('',#2620,#2621,#1333,.T.);
#4578=EDGE_CURVE('',#2621,#2542,#1337,.T.);
#4580=EDGE_CURVE('',#2542,#2543,#1342,.T.);
#4582=EDGE_CURVE('',#2543,#2534,#1346,.T.);
#4585=EDGE_CURVE('',#2535,#2546,#1350,.T.);
#4587=EDGE_CURVE('',#2546,#2547,#1354,.T.);
#4589=EDGE_CURVE('',#2547,#2549,#1359,.T.);
#4591=EDGE_CURVE('',#2549,#2620,#1363,.T.);
#4595=ADVANCED_FACE('',(#4594),#4575,.F.);
#4602=EDGE_CURVE('',#2620,#2624,#1368,.T.);
#4604=EDGE_CURVE('',#2624,#2625,#1394,.T.);
#4606=EDGE_CURVE('',#2625,#2621,#1373,.T.);
#4610=ADVANCED_FACE('',(#4609),#4600,.F.);
#4617=EDGE_CURVE('',#2624,#2634,#1398,.T.);
#4621=EDGE_CURVE('',#2549,#2561,#1382,.T.);
#4624=EDGE_CURVE('',#2563,#2636,#1386,.T.);
#4628=ADVANCED_FACE('',(#4627),#4615,.T.);
#4635=EDGE_CURVE('',#2625,#2632,#1407,.T.);
#4641=ADVANCED_FACE('',(#4640),#4633,.T.);
#4650=EDGE_CURVE('',#2542,#2553,#1411,.T.);
#4657=ADVANCED_FACE('',(#4656),#4646,.T.);
#4666=EDGE_CURVE('',#2543,#2555,#1415,.T.);
#4670=ADVANCED_FACE('',(#4669),#4662,.F.);
#4682=ADVANCED_FACE('',(#4681),#4675,.T.);
#4689=EDGE_CURVE('',#2547,#2559,#1419,.T.);
#4695=ADVANCED_FACE('',(#4694),#4687,.T.);
#4702=EDGE_CURVE('',#2546,#2558,#1423,.T.);
#4708=ADVANCED_FACE('',(#4707),#4700,.T.);
#4720=ADVANCED_FACE('',(#4719),#4713,.T.);
#4733=ADVANCED_FACE('',(#4732),#4725,.T.);
#4739=EDGE_CURVE('',#3002,#3003,#1445,.T.);
#4741=EDGE_CURVE('',#3033,#3003,#1541,.T.);
#4747=ADVANCED_FACE('',(#4746),#4738,.F.);
#4753=EDGE_CURVE('',#3006,#3007,#1461,.T.);
#4757=EDGE_CURVE('',#3037,#3006,#1509,.T.);
#4761=ADVANCED_FACE('',(#4760),#4752,.F.);
#4769=EDGE_CURVE('',#3010,#3011,#1453,.T.);
#4771=EDGE_CURVE('',#3011,#3003,#1457,.T.);
#4775=ADVANCED_FACE('',(#4774),#4766,.F.);
#4782=EDGE_CURVE('',#3014,#3006,#1465,.T.);
#4784=EDGE_CURVE('',#3014,#3015,#1469,.T.);
#4789=ADVANCED_FACE('',(#4788),#4780,.F.);
#4797=EDGE_CURVE('',#3035,#3021,#1493,.T.);
#4799=EDGE_CURVE('',#3035,#3011,#1545,.T.);
#4803=ADVANCED_FACE('',(#4802),#4794,.F.);
#4810=EDGE_CURVE('',#3039,#3014,#1533,.T.);
#4812=EDGE_CURVE('',#3029,#3039,#1485,.T.);
#4817=ADVANCED_FACE('',(#4816),#4808,.F.);
#4827=EDGE_CURVE('',#2531,#3039,#1529,.T.);
#4829=EDGE_CURVE('',#2523,#2531,#1489,.T.);
#4831=EDGE_CURVE('',#2523,#3035,#1549,.T.);
#4837=EDGE_CURVE('',#2805,#2807,#1505,.T.);
#4841=ADVANCED_FACE('',(#4840),#4822,.F.);
#4849=EDGE_CURVE('',#2526,#2527,#1517,.T.);
#4851=EDGE_CURVE('',#2527,#2529,#1521,.T.);
#4853=EDGE_CURVE('',#2529,#2531,#1525,.T.);
#4860=ADVANCED_FACE('',(#4859),#4846,.F.);
#4866=EDGE_CURVE('',#2518,#2519,#1561,.T.);
#4868=EDGE_CURVE('',#2519,#2527,#1573,.T.);
#4874=ADVANCED_FACE('',(#4873),#4865,.F.);
#4884=EDGE_CURVE('',#2521,#2523,#1553,.T.);
#4886=EDGE_CURVE('',#2519,#2521,#1557,.T.);
#4892=ADVANCED_FACE('',(#4891),#4879,.T.);
#4901=EDGE_CURVE('',#2521,#2529,#1569,.T.);
#4905=ADVANCED_FACE('',(#4904),#4897,.F.);
#4917=ADVANCED_FACE('',(#4916),#4910,.F.);
#4925=EDGE_CURVE('',#2747,#2759,#1577,.T.);
#4930=ADVANCED_FACE('',(#4929),#4922,.T.);
#4939=EDGE_CURVE('',#2748,#2760,#1581,.T.);
#4943=ADVANCED_FACE('',(#4942),#4935,.T.);
#4955=ADVANCED_FACE('',(#4954),#4948,.T.);
#4964=EDGE_CURVE('',#3093,#3072,#1585,.T.);
#4968=ADVANCED_FACE('',(#4967),#4960,.F.);
#4977=EDGE_CURVE('',#3095,#3073,#1589,.T.);
#4981=ADVANCED_FACE('',(#4980),#4973,.F.);
#4993=ADVANCED_FACE('',(#4992),#4986,.F.);
#5006=ADVANCED_FACE('',(#5005),#4998,.T.);
#5013=EDGE_CURVE('',#3087,#3069,#1597,.T.);
#5019=ADVANCED_FACE('',(#5018),#5011,.F.);
#5026=EDGE_CURVE('',#3085,#3068,#1601,.T.);
#5032=ADVANCED_FACE('',(#5031),#5024,.F.);
#5044=ADVANCED_FACE('',(#5043),#5037,.F.);
#5051=EDGE_CURVE('',#2850,#2822,#1605,.T.);
#5053=EDGE_CURVE('',#2822,#2823,#1610,.T.);
#5055=EDGE_CURVE('',#2823,#2825,#1614,.T.);
#5057=EDGE_CURVE('',#2825,#2827,#1619,.T.);
#5059=EDGE_CURVE('',#2827,#2810,#1623,.T.);
#5061=EDGE_CURVE('',#2810,#2811,#1627,.T.);
#5063=EDGE_CURVE('',#2811,#2813,#1631,.T.);
#5065=EDGE_CURVE('',#2813,#2815,#1636,.T.);
#5067=EDGE_CURVE('',#2815,#2817,#1640,.T.);
#5069=EDGE_CURVE('',#2817,#2819,#1645,.T.);
#5071=EDGE_CURVE('',#2819,#2851,#1649,.T.);
#5075=ADVANCED_FACE('',(#5074),#5049,.F.);
#5082=EDGE_CURVE('',#2947,#2916,#1653,.T.);
#5084=EDGE_CURVE('',#2916,#2917,#1658,.T.);
#5086=EDGE_CURVE('',#2917,#2919,#1662,.T.);
#5088=EDGE_CURVE('',#2919,#2921,#1667,.T.);
#5090=EDGE_CURVE('',#2921,#2923,#1671,.T.);
#5092=EDGE_CURVE('',#2923,#2906,#1675,.T.);
#5094=EDGE_CURVE('',#2906,#2907,#1679,.T.);
#5096=EDGE_CURVE('',#2907,#2909,#1684,.T.);
#5098=EDGE_CURVE('',#2909,#2911,#1688,.T.);
#5100=EDGE_CURVE('',#2911,#2913,#1693,.T.);
#5102=EDGE_CURVE('',#2913,#2946,#1697,.T.);
#5106=ADVANCED_FACE('',(#5105),#5080,.F.);
#5113=EDGE_CURVE('',#2854,#2842,#1745,.T.);
#5115=EDGE_CURVE('',#2822,#2842,#1833,.T.);
#5120=ADVANCED_FACE('',(#5119),#5111,.T.);
#5127=EDGE_CURVE('',#2839,#2855,#1701,.T.);
#5129=EDGE_CURVE('',#2837,#2839,#1706,.T.);
#5131=EDGE_CURVE('',#2835,#2837,#1710,.T.);
#5133=EDGE_CURVE('',#2833,#2835,#1715,.T.);
#5135=EDGE_CURVE('',#2831,#2833,#1719,.T.);
#5137=EDGE_CURVE('',#2830,#2831,#1723,.T.);
#5139=EDGE_CURVE('',#2847,#2830,#1727,.T.);
#5141=EDGE_CURVE('',#2845,#2847,#1732,.T.);
#5143=EDGE_CURVE('',#2843,#2845,#1736,.T.);
#5145=EDGE_CURVE('',#2842,#2843,#1741,.T.);
#5150=ADVANCED_FACE('',(#5149),#5125,.T.);
#5157=EDGE_CURVE('',#2933,#2950,#1749,.T.);
#5159=EDGE_CURVE('',#2931,#2933,#1754,.T.);
#5161=EDGE_CURVE('',#2929,#2931,#1758,.T.);
#5163=EDGE_CURVE('',#2927,#2929,#1763,.T.);
#5165=EDGE_CURVE('',#2926,#2927,#1767,.T.);
#5167=EDGE_CURVE('',#2943,#2926,#1771,.T.);
#5169=EDGE_CURVE('',#2941,#2943,#1775,.T.);
#5171=EDGE_CURVE('',#2939,#2941,#1780,.T.);
#5173=EDGE_CURVE('',#2937,#2939,#1784,.T.);
#5175=EDGE_CURVE('',#2936,#2937,#1789,.T.);
#5177=EDGE_CURVE('',#2951,#2936,#1793,.T.);
#5181=ADVANCED_FACE('',(#5180),#5155,.T.);
#5189=EDGE_CURVE('',#2819,#2839,#1797,.T.);
#5194=ADVANCED_FACE('',(#5193),#5186,.T.);
#5201=EDGE_CURVE('',#2817,#2837,#1801,.T.);
#5207=ADVANCED_FACE('',(#5206),#5199,.T.);
#5214=EDGE_CURVE('',#2815,#2835,#1805,.T.);
#5220=ADVANCED_FACE('',(#5219),#5212,.T.);
#5227=EDGE_CURVE('',#2813,#2833,#1809,.T.);
#5233=ADVANCED_FACE('',(#5232),#5225,.F.);
#5240=EDGE_CURVE('',#2811,#2831,#1813,.T.);
#5246=ADVANCED_FACE('',(#5245),#5238,.T.);
#5253=EDGE_CURVE('',#2810,#2830,#1817,.T.);
#5259=ADVANCED_FACE('',(#5258),#5251,.T.);
#5266=EDGE_CURVE('',#2827,#2847,#1821,.T.);
#5272=ADVANCED_FACE('',(#5271),#5264,.T.);
#5279=EDGE_CURVE('',#2825,#2845,#1825,.T.);
#5285=ADVANCED_FACE('',(#5284),#5277,.T.);
#5292=EDGE_CURVE('',#2823,#2843,#1829,.T.);
#5298=ADVANCED_FACE('',(#5297),#5290,.T.);
#5310=ADVANCED_FACE('',(#5309),#5303,.F.);
#5318=EDGE_CURVE('',#2913,#2933,#1837,.T.);
#5323=ADVANCED_FACE('',(#5322),#5315,.T.);
#5330=EDGE_CURVE('',#2911,#2931,#1841,.T.);
#5336=ADVANCED_FACE('',(#5335),#5328,.F.);
#5343=EDGE_CURVE('',#2909,#2929,#1845,.T.);
#5349=ADVANCED_FACE('',(#5348),#5341,.T.);
#5356=EDGE_CURVE('',#2907,#2927,#1849,.T.);
#5362=ADVANCED_FACE('',(#5361),#5354,.T.);
#5369=EDGE_CURVE('',#2906,#2926,#1853,.T.);
#5375=ADVANCED_FACE('',(#5374),#5367,.T.);
#5382=EDGE_CURVE('',#2923,#2943,#1857,.T.);
#5388=ADVANCED_FACE('',(#5387),#5380,.T.);
#5395=EDGE_CURVE('',#2921,#2941,#1861,.T.);
#5401=ADVANCED_FACE('',(#5400),#5393,.T.);
#5408=EDGE_CURVE('',#2919,#2939,#1865,.T.);
#5414=ADVANCED_FACE('',(#5413),#5406,.F.);
#5421=EDGE_CURVE('',#2917,#2937,#1869,.T.);
#5427=ADVANCED_FACE('',(#5426),#5419,.T.);
#5434=EDGE_CURVE('',#2916,#2936,#1873,.T.);
#5440=ADVANCED_FACE('',(#5439),#5432,.T.);
#5452=ADVANCED_FACE('',(#5451),#5445,.T.);
#5459=EDGE_CURVE('',#2898,#2870,#1877,.T.);
#5461=EDGE_CURVE('',#2870,#2871,#1882,.T.);
#5463=EDGE_CURVE('',#2871,#2873,#1886,.T.);
#5465=EDGE_CURVE('',#2873,#2875,#1891,.T.);
#5467=EDGE_CURVE('',#2875,#2858,#1895,.T.);
#5469=EDGE_CURVE('',#2858,#2859,#1899,.T.);
#5471=EDGE_CURVE('',#2859,#2861,#1903,.T.);
#5473=EDGE_CURVE('',#2861,#2863,#1908,.T.);
#5475=EDGE_CURVE('',#2863,#2865,#1912,.T.);
#5477=EDGE_CURVE('',#2865,#2867,#1917,.T.);
#5479=EDGE_CURVE('',#2867,#2899,#1921,.T.);
#5483=ADVANCED_FACE('',(#5482),#5457,.F.);
#5490=EDGE_CURVE('',#2995,#2964,#1925,.T.);
#5492=EDGE_CURVE('',#2964,#2965,#1930,.T.);
#5494=EDGE_CURVE('',#2965,#2967,#1934,.T.);
#5496=EDGE_CURVE('',#2967,#2969,#1939,.T.);
#5498=EDGE_CURVE('',#2969,#2971,#1943,.T.);
#5500=EDGE_CURVE('',#2971,#2954,#1947,.T.);
#5502=EDGE_CURVE('',#2954,#2955,#1951,.T.);
#5504=EDGE_CURVE('',#2955,#2957,#1956,.T.);
#5506=EDGE_CURVE('',#2957,#2959,#1960,.T.);
#5508=EDGE_CURVE('',#2959,#2961,#1965,.T.);
#5510=EDGE_CURVE('',#2961,#2994,#1969,.T.);
#5514=ADVANCED_FACE('',(#5513),#5488,.F.);
#5521=EDGE_CURVE('',#2902,#2890,#2017,.T.);
#5523=EDGE_CURVE('',#2870,#2890,#2105,.T.);
#5528=ADVANCED_FACE('',(#5527),#5519,.T.);
#5535=EDGE_CURVE('',#2887,#2903,#1973,.T.);
#5537=EDGE_CURVE('',#2885,#2887,#1978,.T.);
#5539=EDGE_CURVE('',#2883,#2885,#1982,.T.);
#5541=EDGE_CURVE('',#2881,#2883,#1987,.T.);
#5543=EDGE_CURVE('',#2879,#2881,#1991,.T.);
#5545=EDGE_CURVE('',#2878,#2879,#1995,.T.);
#5547=EDGE_CURVE('',#2895,#2878,#1999,.T.);
#5549=EDGE_CURVE('',#2893,#2895,#2004,.T.);
#5551=EDGE_CURVE('',#2891,#2893,#2008,.T.);
#5553=EDGE_CURVE('',#2890,#2891,#2013,.T.);
#5558=ADVANCED_FACE('',(#5557),#5533,.T.);
#5565=EDGE_CURVE('',#2981,#2998,#2021,.T.);
#5567=EDGE_CURVE('',#2979,#2981,#2026,.T.);
#5569=EDGE_CURVE('',#2977,#2979,#2030,.T.);
#5571=EDGE_CURVE('',#2975,#2977,#2035,.T.);
#5573=EDGE_CURVE('',#2974,#2975,#2039,.T.);
#5575=EDGE_CURVE('',#2991,#2974,#2043,.T.);
#5577=EDGE_CURVE('',#2989,#2991,#2047,.T.);
#5579=EDGE_CURVE('',#2987,#2989,#2052,.T.);
#5581=EDGE_CURVE('',#2985,#2987,#2056,.T.);
#5583=EDGE_CURVE('',#2984,#2985,#2061,.T.);
#5585=EDGE_CURVE('',#2999,#2984,#2065,.T.);
#5589=ADVANCED_FACE('',(#5588),#5563,.T.);
#5597=EDGE_CURVE('',#2867,#2887,#2069,.T.);
#5602=ADVANCED_FACE('',(#5601),#5594,.T.);
#5609=EDGE_CURVE('',#2865,#2885,#2073,.T.);
#5615=ADVANCED_FACE('',(#5614),#5607,.T.);
#5622=EDGE_CURVE('',#2863,#2883,#2077,.T.);
#5628=ADVANCED_FACE('',(#5627),#5620,.T.);
#5635=EDGE_CURVE('',#2861,#2881,#2081,.T.);
#5641=ADVANCED_FACE('',(#5640),#5633,.F.);
#5648=EDGE_CURVE('',#2859,#2879,#2085,.T.);
#5654=ADVANCED_FACE('',(#5653),#5646,.T.);
#5661=EDGE_CURVE('',#2858,#2878,#2089,.T.);
#5667=ADVANCED_FACE('',(#5666),#5659,.T.);
#5674=EDGE_CURVE('',#2875,#2895,#2093,.T.);
#5680=ADVANCED_FACE('',(#5679),#5672,.T.);
#5687=EDGE_CURVE('',#2873,#2893,#2097,.T.);
#5693=ADVANCED_FACE('',(#5692),#5685,.T.);
#5700=EDGE_CURVE('',#2871,#2891,#2101,.T.);
#5706=ADVANCED_FACE('',(#5705),#5698,.T.);
#5718=ADVANCED_FACE('',(#5717),#5711,.F.);
#5726=EDGE_CURVE('',#2961,#2981,#2109,.T.);
#5731=ADVANCED_FACE('',(#5730),#5723,.T.);
#5738=EDGE_CURVE('',#2959,#2979,#2113,.T.);
#5744=ADVANCED_FACE('',(#5743),#5736,.F.);
#5751=EDGE_CURVE('',#2957,#2977,#2117,.T.);
#5757=ADVANCED_FACE('',(#5756),#5749,.T.);
#5764=EDGE_CURVE('',#2955,#2975,#2121,.T.);
#5770=ADVANCED_FACE('',(#5769),#5762,.T.);
#5777=EDGE_CURVE('',#2954,#2974,#2125,.T.);
#5783=ADVANCED_FACE('',(#5782),#5775,.T.);
#5790=EDGE_CURVE('',#2971,#2991,#2129,.T.);
#5796=ADVANCED_FACE('',(#5795),#5788,.T.);
#5803=EDGE_CURVE('',#2969,#2989,#2133,.T.);
#5809=ADVANCED_FACE('',(#5808),#5801,.T.);
#5816=EDGE_CURVE('',#2967,#2987,#2137,.T.);
#5822=ADVANCED_FACE('',(#5821),#5814,.F.);
#5829=EDGE_CURVE('',#2965,#2985,#2141,.T.);
#5835=ADVANCED_FACE('',(#5834),#5827,.T.);
#5842=EDGE_CURVE('',#2964,#2984,#2145,.T.);
#5848=ADVANCED_FACE('',(#5847),#5840,.T.);
#5860=ADVANCED_FACE('',(#5859),#5853,.T.);
#5872=ADVANCED_FACE('',(#5871),#5865,.T.);
#5885=ADVANCED_FACE('',(#5884),#5877,.T.);
#5897=ADVANCED_FACE('',(#5896),#5890,.T.);
#5909=ADVANCED_FACE('',(#5908),#5902,.T.);
#5915=EDGE_CURVE('',#2568,#2569,#2167,.T.);
#5917=EDGE_CURVE('',#2568,#2570,#2407,.T.);
#5919=EDGE_CURVE('',#2570,#2571,#2174,.T.);
#5924=ADVANCED_FACE('',(#5923),#5914,.T.);
#5946=EDGE_CURVE('',#2566,#2567,#2186,.T.);
#5948=EDGE_CURVE('',#2566,#2568,#2329,.T.);
#5954=ADVANCED_FACE('',(#5953),#5945,.T.);
#5962=EDGE_CURVE('',#2596,#2597,#2193,.T.);
#5964=EDGE_CURVE('',#2596,#2566,#2333,.T.);
#5968=ADVANCED_FACE('',(#5967),#5959,.T.);
#5998=EDGE_CURVE('',#2594,#2595,#2212,.T.);
#6000=EDGE_CURVE('',#2594,#2596,#2339,.T.);
#6006=ADVANCED_FACE('',(#6005),#5997,.T.);
#6012=EDGE_CURVE('',#2592,#2593,#2205,.T.);
#6014=EDGE_CURVE('',#2592,#2594,#2344,.T.);
#6020=ADVANCED_FACE('',(#6019),#6011,.T.);
#6042=EDGE_CURVE('',#2590,#2591,#2231,.T.);
#6044=EDGE_CURVE('',#2590,#2592,#2350,.T.);
#6050=ADVANCED_FACE('',(#6049),#6041,.T.);
#6056=EDGE_CURVE('',#2588,#2589,#2225,.T.);
#6058=EDGE_CURVE('',#2588,#2590,#2354,.T.);
#6064=ADVANCED_FACE('',(#6063),#6055,.T.);
#6094=EDGE_CURVE('',#2586,#2587,#2250,.T.);
#6096=EDGE_CURVE('',#2586,#2588,#2360,.T.);
#6102=ADVANCED_FACE('',(#6101),#6093,.T.);
#6108=EDGE_CURVE('',#2584,#2585,#2243,.T.);
#6110=EDGE_CURVE('',#2584,#2586,#2365,.T.);
#6116=ADVANCED_FACE('',(#6115),#6107,.T.);
#6138=EDGE_CURVE('',#2582,#2583,#2269,.T.);
#6140=EDGE_CURVE('',#2582,#2584,#2371,.T.);
#6146=ADVANCED_FACE('',(#6145),#6137,.T.);
#6152=EDGE_CURVE('',#2580,#2581,#2263,.T.);
#6154=EDGE_CURVE('',#2580,#2582,#2375,.T.);
#6160=ADVANCED_FACE('',(#6159),#6151,.T.);
#6190=EDGE_CURVE('',#2578,#2579,#2288,.T.);
#6192=EDGE_CURVE('',#2578,#2580,#2381,.T.);
#6198=ADVANCED_FACE('',(#6197),#6189,.T.);
#6204=EDGE_CURVE('',#2576,#2577,#2281,.T.);
#6206=EDGE_CURVE('',#2576,#2578,#2386,.T.);
#6212=ADVANCED_FACE('',(#6211),#6203,.T.);
#6234=EDGE_CURVE('',#2574,#2575,#2307,.T.);
#6236=EDGE_CURVE('',#2574,#2576,#2392,.T.);
#6242=ADVANCED_FACE('',(#6241),#6233,.T.);
#6248=EDGE_CURVE('',#2572,#2573,#2301,.T.);
#6250=EDGE_CURVE('',#2572,#2574,#2396,.T.);
#6256=ADVANCED_FACE('',(#6255),#6247,.T.);
#6287=EDGE_CURVE('',#2570,#2572,#2402,.T.);
#6293=ADVANCED_FACE('',(#6292),#6285,.T.);
#6317=EDGE_CURVE('',#2608,#2609,#2318,.T.);
#6319=EDGE_CURVE('',#2609,#2608,#2323,.T.);
#6323=ADVANCED_FACE('',(#6316,#6322),#6298,.T.);
#6330=EDGE_CURVE('',#2605,#2609,#2425,.T.);
#6332=EDGE_CURVE('',#2601,#2605,#2412,.T.);
#6334=EDGE_CURVE('',#2601,#2608,#2416,.T.);
#6338=ADVANCED_FACE('',(#6337),#6328,.T.);
#6346=EDGE_CURVE('',#2601,#2605,#2421,.T.);
#6351=ADVANCED_FACE('',(#6350),#6343,.T.);
#6357=EDGE_CURVE('',#2600,#2601,#2430,.T.);
#6359=EDGE_CURVE('',#2600,#2604,#2435,.T.);
#6361=EDGE_CURVE('',#2604,#2605,#2440,.T.);
#6366=ADVANCED_FACE('',(#6365),#6356,.T.);
#6375=EDGE_CURVE('',#2600,#2604,#2445,.T.);
#6379=ADVANCED_FACE('',(#6378),#6371,.T.);
#6389=ADVANCED_FACE('',(#6388),#6384,.F.);
#6390=CLOSED_SHELL('',(#3131,#3151,#3171,#3191,#3206,#3243,#3262,#3281,#3300,
#3320,#3340,#3355,#3370,#3391,#3414,#3436,#3450,#3465,#3479,#3495,#3509,#3522,
#3538,#3556,#3574,#3597,#3681,#3694,#3707,#3720,#3736,#3751,#3783,#3800,#3819,
#3835,#3849,#3868,#3882,#3900,#3914,#3937,#3949,#3962,#4017,#4033,#4049,#4062,
#4075,#4107,#4121,#4136,#4148,#4165,#4184,#4199,#4253,#4266,#4280,#4293,#4306,
#4323,#4339,#4356,#4390,#4405,#4424,#4437,#4450,#4468,#4480,#4492,#4505,#4518,
#4531,#4543,#4570,#4595,#4610,#4628,#4641,#4657,#4670,#4682,#4695,#4708,#4720,
#4733,#4747,#4761,#4775,#4789,#4803,#4817,#4841,#4860,#4874,#4892,#4905,#4917,
#4930,#4943,#4955,#4968,#4981,#4993,#5006,#5019,#5032,#5044,#5075,#5106,#5120,
#5150,#5181,#5194,#5207,#5220,#5233,#5246,#5259,#5272,#5285,#5298,#5310,#5323,
#5336,#5349,#5362,#5375,#5388,#5401,#5414,#5427,#5440,#5452,#5483,#5514,#5528,
#5558,#5589,#5602,#5615,#5628,#5641,#5654,#5667,#5680,#5693,#5706,#5718,#5731,
#5744,#5757,#5770,#5783,#5796,#5809,#5822,#5835,#5848,#5860,#5872,#5885,#5897,
#5909,#5924,#5954,#5968,#6006,#6020,#6050,#6064,#6102,#6116,#6146,#6160,#6198,
#6212,#6242,#6256,#6293,#6323,#6338,#6351,#6366,#6379,#6389));
#6391=MANIFOLD_SOLID_BREP('',#6390);
#6392=(LENGTH_UNIT()NAMED_UNIT(*)SI_UNIT(.MILLI.,.METRE.));
#6393=(NAMED_UNIT(*)PLANE_ANGLE_UNIT()SI_UNIT($,.RADIAN.));
#6396=(NAMED_UNIT(*)SI_UNIT($,.STERADIAN.)SOLID_ANGLE_UNIT());
#6398=(GEOMETRIC_REPRESENTATION_CONTEXT(3)GLOBAL_UNCERTAINTY_ASSIGNED_CONTEXT((
#6397))GLOBAL_UNIT_ASSIGNED_CONTEXT((#6392,#6395,#6396))REPRESENTATION_CONTEXT(
'ID1','3'));
#6399=ADVANCED_BREP_SHAPE_REPRESENTATION('',(#6391),#6398);
#6406=PRODUCT_DEFINITION('part definition','',#6405,#6402);
#6407=PRODUCT_DEFINITION_SHAPE('','SHAPE FOR C-2337238-1.',#6406);
#6408=SHAPE_ASPECT('','solid data associated with C-2337238-1',#6407,.F.);
#6409=PROPERTY_DEFINITION('',
'shape for solid data with which properties are associated',#6408);
#6410=SHAPE_REPRESENTATION('',(#6391),#6398);
#6411=SHAPE_DEFINITION_REPRESENTATION(#6409,#6410);
#6412=(LENGTH_UNIT()NAMED_UNIT(*)SI_UNIT(.MILLI.,.METRE.));
#6416=PROPERTY_DEFINITION('geometric validation property','area of C-2337238-1',
#6408);
#6417=REPRESENTATION('surface area',(#6415),#6398);
#6418=PROPERTY_DEFINITION_REPRESENTATION(#6416,#6417);
#6419=(LENGTH_UNIT()NAMED_UNIT(*)SI_UNIT(.MILLI.,.METRE.));
#6423=PROPERTY_DEFINITION('geometric validation property',
'volume of C-2337238-1',#6408);
#6424=REPRESENTATION('volume',(#6422),#6398);
#6425=PROPERTY_DEFINITION_REPRESENTATION(#6423,#6424);
#6427=PROPERTY_DEFINITION('geometric validation property',
'centroid of C-2337238-1',#6408);
#6428=REPRESENTATION('centroid',(#6426),#6398);
#6429=PROPERTY_DEFINITION_REPRESENTATION(#6427,#6428);
#6430=(LENGTH_UNIT()NAMED_UNIT(*)SI_UNIT(.MILLI.,.METRE.));
#6434=PROPERTY_DEFINITION('geometric validation property','area of C-2337238-1',
#6407);
#6435=REPRESENTATION('surface area',(#6433),#6398);
#6436=PROPERTY_DEFINITION_REPRESENTATION(#6434,#6435);
#6437=(LENGTH_UNIT()NAMED_UNIT(*)SI_UNIT(.MILLI.,.METRE.));
#6441=PROPERTY_DEFINITION('geometric validation property',
'volume of C-2337238-1',#6407);
#6442=REPRESENTATION('volume',(#6440),#6398);
#6443=PROPERTY_DEFINITION_REPRESENTATION(#6441,#6442);
#6445=PROPERTY_DEFINITION('geometric validation property',
'centroid of C-2337238-1',#6407);
#6446=REPRESENTATION('centroid',(#6444),#6398);
#6447=PROPERTY_DEFINITION_REPRESENTATION(#6445,#6446);
#6448=SHAPE_DEFINITION_REPRESENTATION(#6407,#6399);
ENDSEC;
END-ISO-10303-21;
