ISO-10303-21;
HEADER;
FILE_DESCRIPTION((''),'2;1');
FILE_NAME('C-5-2213819-5','2021-12-02T01:03:07',('workeradm'),(
'TE Connectivity Ltd.'),'CREO PARAMETRIC BY PTC INC, 2021072',
'CREO PARAMETRIC BY PTC INC, 2021072','');
FILE_SCHEMA(('AUTOMOTIVE_DESIGN { 1 0 10303 214 1 1 1 1 }'));
ENDSEC;
DATA;
#134=DIRECTION('',(0.E0,1.E0,0.E0));
#135=VECTOR('',#134,5.2E-1);
#136=CARTESIAN_POINT('',(5.5E-1,-2.02E0,0.E0));
#137=LINE('',#136,#135);
#138=DIRECTION('',(1.E0,0.E0,0.E0));
#139=VECTOR('',#138,1.2E0);
#140=CARTESIAN_POINT('',(5.5E-1,-1.5E0,0.E0));
#141=LINE('',#140,#139);
#142=DIRECTION('',(0.E0,1.E0,0.E0));
#143=VECTOR('',#142,3.E0);
#144=CARTESIAN_POINT('',(1.75E0,-1.5E0,0.E0));
#145=LINE('',#144,#143);
#146=DIRECTION('',(-1.E0,0.E0,0.E0));
#147=VECTOR('',#146,1.2E0);
#148=CARTESIAN_POINT('',(1.75E0,1.5E0,0.E0));
#149=LINE('',#148,#147);
#150=DIRECTION('',(0.E0,-1.E0,0.E0));
#151=VECTOR('',#150,5.2E-1);
#152=CARTESIAN_POINT('',(5.5E-1,2.02E0,0.E0));
#153=LINE('',#152,#151);
#154=DIRECTION('',(-1.E0,0.E0,0.E0));
#155=VECTOR('',#154,1.7E0);
#156=CARTESIAN_POINT('',(2.25E0,2.02E0,0.E0));
#157=LINE('',#156,#155);
#158=DIRECTION('',(0.E0,1.E0,0.E0));
#159=VECTOR('',#158,5.7E-1);
#160=CARTESIAN_POINT('',(2.25E0,1.45E0,0.E0));
#161=LINE('',#160,#159);
#162=DIRECTION('',(-1.E0,0.E0,0.E0));
#163=VECTOR('',#162,5.767949192431E-1);
#164=CARTESIAN_POINT('',(2.826794919243E0,1.45E0,0.E0));
#165=LINE('',#164,#163);
#166=DIRECTION('',(0.E0,1.E0,0.E0));
#167=VECTOR('',#166,2.9E0);
#168=CARTESIAN_POINT('',(2.826794919243E0,-1.45E0,0.E0));
#169=LINE('',#168,#167);
#170=DIRECTION('',(1.E0,0.E0,0.E0));
#171=VECTOR('',#170,5.767949192431E-1);
#172=CARTESIAN_POINT('',(2.25E0,-1.45E0,0.E0));
#173=LINE('',#172,#171);
#174=DIRECTION('',(0.E0,1.E0,0.E0));
#175=VECTOR('',#174,5.7E-1);
#176=CARTESIAN_POINT('',(2.25E0,-2.02E0,0.E0));
#177=LINE('',#176,#175);
#178=DIRECTION('',(1.E0,0.E0,0.E0));
#179=VECTOR('',#178,1.7E0);
#180=CARTESIAN_POINT('',(5.5E-1,-2.02E0,0.E0));
#181=LINE('',#180,#179);
#182=DIRECTION('',(0.E0,1.E0,0.E0));
#183=VECTOR('',#182,5.2E-1);
#184=CARTESIAN_POINT('',(-5.5E-1,-2.02E0,0.E0));
#185=LINE('',#184,#183);
#186=DIRECTION('',(1.E0,0.E0,0.E0));
#187=VECTOR('',#186,1.7E0);
#188=CARTESIAN_POINT('',(-2.25E0,-2.02E0,0.E0));
#189=LINE('',#188,#187);
#190=DIRECTION('',(0.E0,-1.E0,0.E0));
#191=VECTOR('',#190,5.7E-1);
#192=CARTESIAN_POINT('',(-2.25E0,-1.45E0,0.E0));
#193=LINE('',#192,#191);
#194=DIRECTION('',(1.E0,0.E0,0.E0));
#195=VECTOR('',#194,5.767949192431E-1);
#196=CARTESIAN_POINT('',(-2.826794919243E0,-1.45E0,0.E0));
#197=LINE('',#196,#195);
#198=DIRECTION('',(0.E0,1.E0,0.E0));
#199=VECTOR('',#198,2.9E0);
#200=CARTESIAN_POINT('',(-2.826794919243E0,-1.45E0,0.E0));
#201=LINE('',#200,#199);
#202=DIRECTION('',(-1.E0,0.E0,0.E0));
#203=VECTOR('',#202,5.767949192431E-1);
#204=CARTESIAN_POINT('',(-2.25E0,1.45E0,0.E0));
#205=LINE('',#204,#203);
#206=DIRECTION('',(0.E0,-1.E0,0.E0));
#207=VECTOR('',#206,5.7E-1);
#208=CARTESIAN_POINT('',(-2.25E0,2.02E0,0.E0));
#209=LINE('',#208,#207);
#210=DIRECTION('',(-1.E0,0.E0,0.E0));
#211=VECTOR('',#210,1.7E0);
#212=CARTESIAN_POINT('',(-5.5E-1,2.02E0,0.E0));
#213=LINE('',#212,#211);
#214=DIRECTION('',(0.E0,-1.E0,0.E0));
#215=VECTOR('',#214,5.2E-1);
#216=CARTESIAN_POINT('',(-5.5E-1,2.02E0,0.E0));
#217=LINE('',#216,#215);
#218=DIRECTION('',(-1.E0,0.E0,0.E0));
#219=VECTOR('',#218,1.2E0);
#220=CARTESIAN_POINT('',(-5.5E-1,1.5E0,0.E0));
#221=LINE('',#220,#219);
#222=DIRECTION('',(0.E0,-1.E0,0.E0));
#223=VECTOR('',#222,3.E0);
#224=CARTESIAN_POINT('',(-1.75E0,1.5E0,0.E0));
#225=LINE('',#224,#223);
#226=DIRECTION('',(1.E0,0.E0,0.E0));
#227=VECTOR('',#226,1.2E0);
#228=CARTESIAN_POINT('',(-1.75E0,-1.5E0,0.E0));
#229=LINE('',#228,#227);
#230=DIRECTION('',(-1.E0,0.E0,0.E0));
#231=VECTOR('',#230,4.6E-1);
#232=CARTESIAN_POINT('',(-1.44E0,-2.02E0,-2.8E0));
#233=LINE('',#232,#231);
#234=DIRECTION('',(5.479559958944E-2,0.E0,9.984975925187E-1));
#235=VECTOR('',#234,8.212338278469E-1);
#236=CARTESIAN_POINT('',(-1.945E0,-2.02E0,-3.62E0));
#237=LINE('',#236,#235);
#238=DIRECTION('',(-1.E0,0.E0,0.E0));
#239=VECTOR('',#238,5.5E-1);
#240=CARTESIAN_POINT('',(-1.395E0,-2.02E0,-3.62E0));
#241=LINE('',#240,#239);
#242=DIRECTION('',(5.479559958944E-2,0.E0,-9.984975925187E-1));
#243=VECTOR('',#242,8.212338278469E-1);
#244=CARTESIAN_POINT('',(-1.44E0,-2.02E0,-2.8E0));
#245=LINE('',#244,#243);
#246=DIRECTION('',(1.E0,0.E0,0.E0));
#247=VECTOR('',#246,5.5E-1);
#248=CARTESIAN_POINT('',(1.395E0,-2.02E0,-3.62E0));
#249=LINE('',#248,#247);
#250=DIRECTION('',(5.479559958944E-2,0.E0,-9.984975925187E-1));
#251=VECTOR('',#250,8.212338278469E-1);
#252=CARTESIAN_POINT('',(1.9E0,-2.02E0,-2.8E0));
#253=LINE('',#252,#251);
#254=DIRECTION('',(1.E0,0.E0,0.E0));
#255=VECTOR('',#254,4.6E-1);
#256=CARTESIAN_POINT('',(1.44E0,-2.02E0,-2.8E0));
#257=LINE('',#256,#255);
#258=DIRECTION('',(5.479559958944E-2,0.E0,9.984975925187E-1));
#259=VECTOR('',#258,8.212338278469E-1);
#260=CARTESIAN_POINT('',(1.395E0,-2.02E0,-3.62E0));
#261=LINE('',#260,#259);
#262=DIRECTION('',(0.E0,0.E0,1.E0));
#263=VECTOR('',#262,2.7E0);
#264=CARTESIAN_POINT('',(5.5E-1,-2.02E0,-2.7E0));
#265=LINE('',#264,#263);
#266=DIRECTION('',(1.E0,0.E0,0.E0));
#267=VECTOR('',#266,4.5E0);
#268=CARTESIAN_POINT('',(-2.25E0,-2.02E0,-3.9E0));
#269=LINE('',#268,#267);
#270=DIRECTION('',(0.E0,0.E0,-1.E0));
#271=VECTOR('',#270,2.7E0);
#272=CARTESIAN_POINT('',(-5.5E-1,-2.02E0,0.E0));
#273=LINE('',#272,#271);
#274=DIRECTION('',(1.E0,0.E0,0.E0));
#275=VECTOR('',#274,4.E-1);
#276=CARTESIAN_POINT('',(-2.E-1,-2.02E0,-2.7E0));
#277=LINE('',#276,#275);
#278=DIRECTION('',(0.E0,1.E0,1.480297366167E-14));
#279=VECTOR('',#278,3.E-2);
#280=CARTESIAN_POINT('',(-1.44E0,-2.05E0,-2.8E0));
#281=LINE('',#280,#279);
#282=DIRECTION('',(0.E0,1.E0,1.480297366167E-14));
#283=VECTOR('',#282,3.E-2);
#284=CARTESIAN_POINT('',(-1.9E0,-2.05E0,-2.8E0));
#285=LINE('',#284,#283);
#286=DIRECTION('',(0.E0,-1.E0,0.E0));
#287=VECTOR('',#286,2.2E-1);
#288=CARTESIAN_POINT('',(-1.44E0,-2.05E0,-2.8E0));
#289=LINE('',#288,#287);
#290=DIRECTION('',(-4.747220185825E-2,-4.994362797321E-1,8.650490116393E-1));
#291=VECTOR('',#290,5.005643565463E-1);
#292=CARTESIAN_POINT('',(-1.395E0,-2.02E0,-3.62E0));
#293=LINE('',#292,#291);
#294=DIRECTION('',(4.747220185825E-2,-4.994362797321E-1,8.650490116393E-1));
#295=VECTOR('',#294,5.005643565463E-1);
#296=CARTESIAN_POINT('',(-1.945E0,-2.02E0,-3.62E0));
#297=LINE('',#296,#295);
#298=DIRECTION('',(-1.E0,0.E0,0.E0));
#299=VECTOR('',#298,4.6E-1);
#300=CARTESIAN_POINT('',(-1.44E0,-2.27E0,-2.8E0));
#301=LINE('',#300,#299);
#302=DIRECTION('',(0.E0,-1.E0,0.E0));
#303=VECTOR('',#302,2.2E-1);
#304=CARTESIAN_POINT('',(-1.9E0,-2.05E0,-2.8E0));
#305=LINE('',#304,#303);
#306=DIRECTION('',(-1.E0,0.E0,0.E0));
#307=VECTOR('',#306,1.7E-1);
#308=CARTESIAN_POINT('',(-1.9E0,-2.05E0,-2.8E0));
#309=LINE('',#308,#307);
#310=DIRECTION('',(0.E0,1.E0,0.E0));
#311=VECTOR('',#310,1.E0);
#312=CARTESIAN_POINT('',(-1.27E0,-3.05E0,-2.8E0));
#313=LINE('',#312,#311);
#314=DIRECTION('',(-1.E0,0.E0,0.E0));
#315=VECTOR('',#314,1.7E-1);
#316=CARTESIAN_POINT('',(-1.27E0,-2.05E0,-2.8E0));
#317=LINE('',#316,#315);
#318=DIRECTION('',(-5.479559958944E-2,0.E0,9.984975925187E-1));
#319=VECTOR('',#318,3.875695855526E-1);
#320=CARTESIAN_POINT('',(-1.418762892177E0,-2.27E0,-3.186987298108E0));
#321=LINE('',#320,#319);
#322=DIRECTION('',(-1.E0,0.E0,0.E0));
#323=VECTOR('',#322,5.024742156460E-1);
#324=CARTESIAN_POINT('',(-1.418762892177E0,-2.27E0,-3.186987298108E0));
#325=LINE('',#324,#323);
#326=DIRECTION('',(5.479559958944E-2,0.E0,9.984975925187E-1));
#327=VECTOR('',#326,3.875695855526E-1);
#328=CARTESIAN_POINT('',(-1.921237107823E0,-2.27E0,-3.186987298108E0));
#329=LINE('',#328,#327);
#330=DIRECTION('',(1.E0,0.E0,0.E0));
#331=VECTOR('',#330,2.020192378865E0);
#332=CARTESIAN_POINT('',(-2.370192378865E0,-2.05E0,-2.65E0));
#333=LINE('',#332,#331);
#334=DIRECTION('',(0.E0,0.E0,-1.E0));
#335=VECTOR('',#334,1.45E0);
#336=CARTESIAN_POINT('',(-3.05E0,-2.05E0,-2.2E0));
#337=LINE('',#336,#335);
#338=DIRECTION('',(-1.E0,0.E0,0.E0));
#339=VECTOR('',#338,6.8E-1);
#340=CARTESIAN_POINT('',(-2.37E0,-2.05E0,-3.65E0));
#341=LINE('',#340,#339);
#342=DIRECTION('',(0.E0,0.E0,1.E0));
#343=VECTOR('',#342,2.5E-1);
#344=CARTESIAN_POINT('',(-2.37E0,-2.05E0,-3.9E0));
#345=LINE('',#344,#343);
#346=DIRECTION('',(0.E0,0.E0,1.E0));
#347=VECTOR('',#346,1.1E0);
#348=CARTESIAN_POINT('',(-2.07E0,-2.05E0,-3.9E0));
#349=LINE('',#348,#347);
#350=DIRECTION('',(-1.E0,0.E0,0.E0));
#351=VECTOR('',#350,4.6E-1);
#352=CARTESIAN_POINT('',(-1.44E0,-2.05E0,-2.8E0));
#353=LINE('',#352,#351);
#354=DIRECTION('',(0.E0,0.E0,1.E0));
#355=VECTOR('',#354,1.1E0);
#356=CARTESIAN_POINT('',(-1.27E0,-2.05E0,-3.9E0));
#357=LINE('',#356,#355);
#358=DIRECTION('',(0.E0,0.E0,1.E0));
#359=VECTOR('',#358,1.1E0);
#360=CARTESIAN_POINT('',(1.27E0,-2.05E0,-3.9E0));
#361=LINE('',#360,#359);
#362=DIRECTION('',(1.E0,0.E0,0.E0));
#363=VECTOR('',#362,4.6E-1);
#364=CARTESIAN_POINT('',(1.44E0,-2.05E0,-2.8E0));
#365=LINE('',#364,#363);
#366=DIRECTION('',(0.E0,0.E0,1.E0));
#367=VECTOR('',#366,1.1E0);
#368=CARTESIAN_POINT('',(2.07E0,-2.05E0,-3.9E0));
#369=LINE('',#368,#367);
#370=DIRECTION('',(0.E0,0.E0,1.E0));
#371=VECTOR('',#370,2.5E-1);
#372=CARTESIAN_POINT('',(2.369961507206E0,-2.05E0,-3.9E0));
#373=LINE('',#372,#371);
#374=DIRECTION('',(-1.E0,0.E0,0.E0));
#375=VECTOR('',#374,6.800384927943E-1);
#376=CARTESIAN_POINT('',(3.05E0,-2.05E0,-3.65E0));
#377=LINE('',#376,#375);
#378=DIRECTION('',(0.E0,0.E0,1.E0));
#379=VECTOR('',#378,1.45E0);
#380=CARTESIAN_POINT('',(3.05E0,-2.05E0,-3.65E0));
#381=LINE('',#380,#379);
#382=DIRECTION('',(1.E0,0.E0,0.E0));
#383=VECTOR('',#382,2.020192378865E0);
#384=CARTESIAN_POINT('',(3.5E-1,-2.05E0,-2.65E0));
#385=LINE('',#384,#383);
#386=DIRECTION('',(0.E0,0.E0,-1.E0));
#387=VECTOR('',#386,1.E-1);
#388=CARTESIAN_POINT('',(3.5E-1,-2.05E0,-2.65E0));
#389=LINE('',#388,#387);
#390=DIRECTION('',(1.E0,0.E0,0.E0));
#391=VECTOR('',#390,7.E-1);
#392=CARTESIAN_POINT('',(-3.5E-1,-2.05E0,-2.75E0));
#393=LINE('',#392,#391);
#394=DIRECTION('',(0.E0,0.E0,-1.E0));
#395=VECTOR('',#394,1.E-1);
#396=CARTESIAN_POINT('',(-3.5E-1,-2.05E0,-2.65E0));
#397=LINE('',#396,#395);
#398=DIRECTION('',(-4.472135955E-1,4.472135955E-1,-7.745966692415E-1));
#399=VECTOR('',#398,5.809475019311E-1);
#400=CARTESIAN_POINT('',(2.63E0,-2.309807621135E0,-2.2E0));
#401=LINE('',#400,#399);
#402=DIRECTION('',(0.E0,-5.E-1,8.660254037844E-1));
#403=VECTOR('',#402,5.196152422707E-1);
#404=CARTESIAN_POINT('',(3.5E-1,-2.05E0,-2.65E0));
#405=LINE('',#404,#403);
#406=DIRECTION('',(4.472135955E-1,4.472135955E-1,-7.745966692415E-1));
#407=VECTOR('',#406,5.809475019311E-1);
#408=CARTESIAN_POINT('',(-2.63E0,-2.309807621135E0,-2.2E0));
#409=LINE('',#408,#407);
#410=DIRECTION('',(0.E0,-5.E-1,8.660254037844E-1));
#411=VECTOR('',#410,5.196152422707E-1);
#412=CARTESIAN_POINT('',(-3.5E-1,-2.05E0,-2.65E0));
#413=LINE('',#412,#411);
#414=DIRECTION('',(0.E0,-1.E0,0.E0));
#415=VECTOR('',#414,2.598076211353E-1);
#416=CARTESIAN_POINT('',(2.63E0,2.309807621135E0,-2.2E0));
#417=LINE('',#416,#415);
#418=DIRECTION('',(-5.E-1,0.E0,-8.660254037844E-1));
#419=VECTOR('',#418,5.196152422707E-1);
#420=CARTESIAN_POINT('',(2.63E0,2.05E0,-2.2E0));
#421=LINE('',#420,#419);
#422=DIRECTION('',(5.E-1,0.E0,8.660254037844E-1));
#423=VECTOR('',#422,5.196152422707E-1);
#424=CARTESIAN_POINT('',(2.370192378865E0,-2.05E0,-2.65E0));
#425=LINE('',#424,#423);
#426=DIRECTION('',(0.E0,-1.E0,0.E0));
#427=VECTOR('',#426,2.598076211353E-1);
#428=CARTESIAN_POINT('',(2.63E0,-2.05E0,-2.2E0));
#429=LINE('',#428,#427);
#430=DIRECTION('',(4.472135955E-1,4.472135955E-1,7.745966692415E-1));
#431=VECTOR('',#430,5.809475019311E-1);
#432=CARTESIAN_POINT('',(2.370192378865E0,2.05E0,-2.65E0));
#433=LINE('',#432,#431);
#434=DIRECTION('',(1.E0,0.E0,0.E0));
#435=VECTOR('',#434,2.020192378865E0);
#436=CARTESIAN_POINT('',(3.5E-1,2.05E0,-2.65E0));
#437=LINE('',#436,#435);
#438=DIRECTION('',(0.E0,5.E-1,8.660254037844E-1));
#439=VECTOR('',#438,5.196152422707E-1);
#440=CARTESIAN_POINT('',(3.5E-1,2.05E0,-2.65E0));
#441=LINE('',#440,#439);
#442=DIRECTION('',(-4.472135955E-1,4.472135955E-1,7.745966692415E-1));
#443=VECTOR('',#442,5.809475019311E-1);
#444=CARTESIAN_POINT('',(-2.370192378865E0,2.05E0,-2.65E0));
#445=LINE('',#444,#443);
#446=DIRECTION('',(0.E0,5.E-1,8.660254037844E-1));
#447=VECTOR('',#446,5.196152422707E-1);
#448=CARTESIAN_POINT('',(-3.5E-1,2.05E0,-2.65E0));
#449=LINE('',#448,#447);
#450=DIRECTION('',(1.E0,0.E0,0.E0));
#451=VECTOR('',#450,2.020192378865E0);
#452=CARTESIAN_POINT('',(-2.370192378865E0,2.05E0,-2.65E0));
#453=LINE('',#452,#451);
#454=DIRECTION('',(0.E0,0.E0,1.E0));
#455=VECTOR('',#454,1.45E0);
#456=CARTESIAN_POINT('',(-3.05E0,2.05E0,-3.65E0));
#457=LINE('',#456,#455);
#458=DIRECTION('',(1.E0,0.E0,0.E0));
#459=VECTOR('',#458,4.2E-1);
#460=CARTESIAN_POINT('',(-3.05E0,2.05E0,-2.2E0));
#461=LINE('',#460,#459);
#462=DIRECTION('',(0.E0,0.E0,-1.E0));
#463=VECTOR('',#462,1.E-1);
#464=CARTESIAN_POINT('',(-3.5E-1,2.05E0,-2.65E0));
#465=LINE('',#464,#463);
#466=DIRECTION('',(1.E0,0.E0,0.E0));
#467=VECTOR('',#466,7.E-1);
#468=CARTESIAN_POINT('',(-3.5E-1,2.05E0,-2.75E0));
#469=LINE('',#468,#467);
#470=DIRECTION('',(0.E0,0.E0,-1.E0));
#471=VECTOR('',#470,1.E-1);
#472=CARTESIAN_POINT('',(3.5E-1,2.05E0,-2.65E0));
#473=LINE('',#472,#471);
#474=DIRECTION('',(-1.E0,0.E0,0.E0));
#475=VECTOR('',#474,4.2E-1);
#476=CARTESIAN_POINT('',(3.05E0,2.05E0,-2.2E0));
#477=LINE('',#476,#475);
#478=DIRECTION('',(0.E0,0.E0,-1.E0));
#479=VECTOR('',#478,1.45E0);
#480=CARTESIAN_POINT('',(3.05E0,2.05E0,-2.2E0));
#481=LINE('',#480,#479);
#482=DIRECTION('',(-1.E0,0.E0,0.E0));
#483=VECTOR('',#482,6.800384927943E-1);
#484=CARTESIAN_POINT('',(3.05E0,2.05E0,-3.65E0));
#485=LINE('',#484,#483);
#486=DIRECTION('',(0.E0,0.E0,1.E0));
#487=VECTOR('',#486,2.5E-1);
#488=CARTESIAN_POINT('',(2.369961507206E0,2.05E0,-3.9E0));
#489=LINE('',#488,#487);
#490=DIRECTION('',(1.E0,0.E0,0.E0));
#491=VECTOR('',#490,2.999615072057E-1);
#492=CARTESIAN_POINT('',(2.07E0,2.05E0,-3.9E0));
#493=LINE('',#492,#491);
#494=DIRECTION('',(0.E0,0.E0,1.E0));
#495=VECTOR('',#494,1.1E0);
#496=CARTESIAN_POINT('',(2.07E0,2.05E0,-3.9E0));
#497=LINE('',#496,#495);
#498=DIRECTION('',(1.E0,0.E0,0.E0));
#499=VECTOR('',#498,4.6E-1);
#500=CARTESIAN_POINT('',(1.44E0,2.05E0,-2.8E0));
#501=LINE('',#500,#499);
#502=DIRECTION('',(0.E0,0.E0,1.E0));
#503=VECTOR('',#502,1.1E0);
#504=CARTESIAN_POINT('',(1.27E0,2.05E0,-3.9E0));
#505=LINE('',#504,#503);
#506=DIRECTION('',(1.E0,0.E0,0.E0));
#507=VECTOR('',#506,2.54E0);
#508=CARTESIAN_POINT('',(-1.27E0,2.05E0,-3.9E0));
#509=LINE('',#508,#507);
#510=DIRECTION('',(0.E0,0.E0,1.E0));
#511=VECTOR('',#510,1.1E0);
#512=CARTESIAN_POINT('',(-1.27E0,2.05E0,-3.9E0));
#513=LINE('',#512,#511);
#514=DIRECTION('',(-1.E0,0.E0,0.E0));
#515=VECTOR('',#514,4.6E-1);
#516=CARTESIAN_POINT('',(-1.44E0,2.05E0,-2.8E0));
#517=LINE('',#516,#515);
#518=DIRECTION('',(0.E0,0.E0,1.E0));
#519=VECTOR('',#518,1.1E0);
#520=CARTESIAN_POINT('',(-2.07E0,2.05E0,-3.9E0));
#521=LINE('',#520,#519);
#522=DIRECTION('',(1.E0,0.E0,0.E0));
#523=VECTOR('',#522,3.E-1);
#524=CARTESIAN_POINT('',(-2.37E0,2.05E0,-3.9E0));
#525=LINE('',#524,#523);
#526=DIRECTION('',(0.E0,0.E0,1.E0));
#527=VECTOR('',#526,2.5E-1);
#528=CARTESIAN_POINT('',(-2.37E0,2.05E0,-3.9E0));
#529=LINE('',#528,#527);
#530=DIRECTION('',(-1.E0,0.E0,0.E0));
#531=VECTOR('',#530,6.8E-1);
#532=CARTESIAN_POINT('',(-2.37E0,2.05E0,-3.65E0));
#533=LINE('',#532,#531);
#534=DIRECTION('',(0.E0,0.E0,1.E0));
#535=VECTOR('',#534,4.6E0);
#536=CARTESIAN_POINT('',(-3.05E0,-3.05E0,-6.8E0));
#537=LINE('',#536,#535);
#538=DIRECTION('',(0.E0,1.E0,0.E0));
#539=VECTOR('',#538,6.1E0);
#540=CARTESIAN_POINT('',(-3.05E0,-3.05E0,-6.8E0));
#541=LINE('',#540,#539);
#542=DIRECTION('',(0.E0,-1.E0,0.E0));
#543=VECTOR('',#542,2.E-1);
#544=CARTESIAN_POINT('',(-3.05E0,1.8E0,-3.9E0));
#545=LINE('',#544,#543);
#546=CARTESIAN_POINT('',(-3.05E0,1.6E0,-3.65E0));
#547=DIRECTION('',(-1.E0,0.E0,0.E0));
#548=DIRECTION('',(0.E0,0.E0,-1.E0));
#549=AXIS2_PLACEMENT_3D('',#546,#547,#548);
#551=DIRECTION('',(0.E0,0.E0,-1.E0));
#552=VECTOR('',#551,1.45E0);
#553=CARTESIAN_POINT('',(-3.05E0,1.35E0,-2.2E0));
#554=LINE('',#553,#552);
#555=DIRECTION('',(0.E0,0.E0,-1.E0));
#556=VECTOR('',#555,1.45E0);
#557=CARTESIAN_POINT('',(-3.05E0,-1.35E0,-2.2E0));
#558=LINE('',#557,#556);
#559=CARTESIAN_POINT('',(-3.05E0,-1.6E0,-3.65E0));
#560=DIRECTION('',(-1.E0,0.E0,0.E0));
#561=DIRECTION('',(0.E0,1.E0,0.E0));
#562=AXIS2_PLACEMENT_3D('',#559,#560,#561);
#564=DIRECTION('',(0.E0,-1.E0,0.E0));
#565=VECTOR('',#564,2.E-1);
#566=CARTESIAN_POINT('',(-3.05E0,-1.6E0,-3.9E0));
#567=LINE('',#566,#565);
#568=DIRECTION('',(0.E0,0.E0,1.E0));
#569=VECTOR('',#568,3.E-1);
#570=CARTESIAN_POINT('',(-3.05E0,-2.575E0,-6.3E0));
#571=LINE('',#570,#569);
#572=DIRECTION('',(0.E0,1.E0,0.E0));
#573=VECTOR('',#572,6.5E-1);
#574=CARTESIAN_POINT('',(-3.05E0,-2.575E0,-6.E0));
#575=LINE('',#574,#573);
#576=DIRECTION('',(0.E0,0.E0,1.E0));
#577=VECTOR('',#576,3.E-1);
#578=CARTESIAN_POINT('',(-3.05E0,-1.925E0,-6.3E0));
#579=LINE('',#578,#577);
#580=DIRECTION('',(0.E0,1.E0,0.E0));
#581=VECTOR('',#580,6.5E-1);
#582=CARTESIAN_POINT('',(-3.05E0,-2.575E0,-6.3E0));
#583=LINE('',#582,#581);
#584=DIRECTION('',(0.E0,0.E0,1.E0));
#585=VECTOR('',#584,3.E-1);
#586=CARTESIAN_POINT('',(-3.05E0,2.575E0,-6.3E0));
#587=LINE('',#586,#585);
#588=DIRECTION('',(0.E0,-1.E0,0.E0));
#589=VECTOR('',#588,6.5E-1);
#590=CARTESIAN_POINT('',(-3.05E0,2.575E0,-6.3E0));
#591=LINE('',#590,#589);
#592=DIRECTION('',(0.E0,0.E0,1.E0));
#593=VECTOR('',#592,3.E-1);
#594=CARTESIAN_POINT('',(-3.05E0,1.925E0,-6.3E0));
#595=LINE('',#594,#593);
#596=DIRECTION('',(0.E0,-1.E0,0.E0));
#597=VECTOR('',#596,6.5E-1);
#598=CARTESIAN_POINT('',(-3.05E0,2.575E0,-6.E0));
#599=LINE('',#598,#597);
#600=DIRECTION('',(1.E0,0.E0,0.E0));
#601=VECTOR('',#600,4.199632581502E-1);
#602=CARTESIAN_POINT('',(-3.05E0,1.35E0,-2.2E0));
#603=LINE('',#602,#601);
#604=DIRECTION('',(0.E0,-1.E0,0.E0));
#605=VECTOR('',#604,2.7E0);
#606=CARTESIAN_POINT('',(-2.630036741850E0,1.35E0,-2.2E0));
#607=LINE('',#606,#605);
#608=DIRECTION('',(1.E0,0.E0,0.E0));
#609=VECTOR('',#608,4.199632581502E-1);
#610=CARTESIAN_POINT('',(-3.05E0,-1.35E0,-2.2E0));
#611=LINE('',#610,#609);
#612=DIRECTION('',(0.E0,1.E0,0.E0));
#613=VECTOR('',#612,2.7E0);
#614=CARTESIAN_POINT('',(-3.05E0,-1.35E0,-2.2E0));
#615=LINE('',#614,#613);
#616=DIRECTION('',(-1.E0,0.E0,0.E0));
#617=VECTOR('',#616,4.199632581502E-1);
#618=CARTESIAN_POINT('',(3.05E0,1.35E0,-2.2E0));
#619=LINE('',#618,#617);
#620=DIRECTION('',(0.E0,-1.E0,0.E0));
#621=VECTOR('',#620,2.7E0);
#622=CARTESIAN_POINT('',(3.05E0,1.35E0,-2.2E0));
#623=LINE('',#622,#621);
#624=DIRECTION('',(-1.E0,0.E0,0.E0));
#625=VECTOR('',#624,4.199632581502E-1);
#626=CARTESIAN_POINT('',(3.05E0,-1.35E0,-2.2E0));
#627=LINE('',#626,#625);
#628=DIRECTION('',(0.E0,-1.E0,0.E0));
#629=VECTOR('',#628,2.7E0);
#630=CARTESIAN_POINT('',(2.630036741850E0,1.35E0,-2.2E0));
#631=LINE('',#630,#629);
#632=DIRECTION('',(0.E0,-1.E0,0.E0));
#633=VECTOR('',#632,1.E0);
#634=CARTESIAN_POINT('',(3.05E0,3.05E0,-2.2E0));
#635=LINE('',#634,#633);
#636=DIRECTION('',(-1.E0,0.E0,0.E0));
#637=VECTOR('',#636,2.28E0);
#638=CARTESIAN_POINT('',(2.63E0,2.309807621135E0,-2.2E0));
#639=LINE('',#638,#637);
#640=DIRECTION('',(0.E0,1.E0,1.104908996169E-14));
#641=VECTOR('',#640,4.019237886467E-2);
#642=CARTESIAN_POINT('',(3.5E-1,2.309807621135E0,-2.2E0));
#643=LINE('',#642,#641);
#644=DIRECTION('',(1.E0,0.E0,0.E0));
#645=VECTOR('',#644,2.E-1);
#646=CARTESIAN_POINT('',(3.5E-1,2.35E0,-2.2E0));
#647=LINE('',#646,#645);
#648=DIRECTION('',(0.E0,1.E0,0.E0));
#649=VECTOR('',#648,7.E-1);
#650=CARTESIAN_POINT('',(5.5E-1,2.35E0,-2.2E0));
#651=LINE('',#650,#649);
#652=DIRECTION('',(1.E0,0.E0,0.E0));
#653=VECTOR('',#652,2.5E0);
#654=CARTESIAN_POINT('',(5.5E-1,3.05E0,-2.2E0));
#655=LINE('',#654,#653);
#656=DIRECTION('',(-1.E0,0.E0,0.E0));
#657=VECTOR('',#656,2.28E0);
#658=CARTESIAN_POINT('',(2.63E0,-2.309807621135E0,-2.2E0));
#659=LINE('',#658,#657);
#660=DIRECTION('',(-1.E0,0.E0,0.E0));
#661=VECTOR('',#660,4.2E-1);
#662=CARTESIAN_POINT('',(3.05E0,-2.05E0,-2.2E0));
#663=LINE('',#662,#661);
#664=DIRECTION('',(0.E0,-1.E0,0.E0));
#665=VECTOR('',#664,1.E0);
#666=CARTESIAN_POINT('',(3.05E0,-2.05E0,-2.2E0));
#667=LINE('',#666,#665);
#668=DIRECTION('',(-1.E0,0.E0,0.E0));
#669=VECTOR('',#668,2.5E0);
#670=CARTESIAN_POINT('',(3.05E0,-3.05E0,-2.2E0));
#671=LINE('',#670,#669);
#672=DIRECTION('',(0.E0,1.E0,0.E0));
#673=VECTOR('',#672,7.E-1);
#674=CARTESIAN_POINT('',(5.5E-1,-3.05E0,-2.2E0));
#675=LINE('',#674,#673);
#676=DIRECTION('',(1.E0,0.E0,0.E0));
#677=VECTOR('',#676,2.E-1);
#678=CARTESIAN_POINT('',(3.5E-1,-2.35E0,-2.2E0));
#679=LINE('',#678,#677);
#680=DIRECTION('',(0.E0,1.E0,0.E0));
#681=VECTOR('',#680,4.019237886467E-2);
#682=CARTESIAN_POINT('',(3.5E-1,-2.35E0,-2.2E0));
#683=LINE('',#682,#681);
#684=DIRECTION('',(-1.E0,0.E0,0.E0));
#685=VECTOR('',#684,2.28E0);
#686=CARTESIAN_POINT('',(-3.5E-1,2.309807621135E0,-2.2E0));
#687=LINE('',#686,#685);
#688=DIRECTION('',(0.E0,1.E0,0.E0));
#689=VECTOR('',#688,1.E0);
#690=CARTESIAN_POINT('',(-3.05E0,2.05E0,-2.2E0));
#691=LINE('',#690,#689);
#692=DIRECTION('',(1.E0,0.E0,0.E0));
#693=VECTOR('',#692,2.5E0);
#694=CARTESIAN_POINT('',(-3.05E0,3.05E0,-2.2E0));
#695=LINE('',#694,#693);
#696=DIRECTION('',(0.E0,1.E0,0.E0));
#697=VECTOR('',#696,7.E-1);
#698=CARTESIAN_POINT('',(-5.5E-1,2.35E0,-2.2E0));
#699=LINE('',#698,#697);
#700=DIRECTION('',(1.E0,0.E0,0.E0));
#701=VECTOR('',#700,2.E-1);
#702=CARTESIAN_POINT('',(-5.5E-1,2.35E0,-2.2E0));
#703=LINE('',#702,#701);
#704=DIRECTION('',(0.E0,1.E0,1.104908996169E-14));
#705=VECTOR('',#704,4.019237886467E-2);
#706=CARTESIAN_POINT('',(-3.5E-1,2.309807621135E0,-2.2E0));
#707=LINE('',#706,#705);
#708=DIRECTION('',(0.E0,1.E0,0.E0));
#709=VECTOR('',#708,1.E0);
#710=CARTESIAN_POINT('',(-3.05E0,-3.05E0,-2.2E0));
#711=LINE('',#710,#709);
#712=DIRECTION('',(1.E0,0.E0,0.E0));
#713=VECTOR('',#712,4.2E-1);
#714=CARTESIAN_POINT('',(-3.05E0,-2.05E0,-2.2E0));
#715=LINE('',#714,#713);
#716=DIRECTION('',(-1.E0,0.E0,0.E0));
#717=VECTOR('',#716,2.28E0);
#718=CARTESIAN_POINT('',(-3.5E-1,-2.309807621135E0,-2.2E0));
#719=LINE('',#718,#717);
#720=DIRECTION('',(0.E0,1.E0,0.E0));
#721=VECTOR('',#720,4.019237886467E-2);
#722=CARTESIAN_POINT('',(-3.5E-1,-2.35E0,-2.2E0));
#723=LINE('',#722,#721);
#724=DIRECTION('',(1.E0,0.E0,0.E0));
#725=VECTOR('',#724,2.E-1);
#726=CARTESIAN_POINT('',(-5.5E-1,-2.35E0,-2.2E0));
#727=LINE('',#726,#725);
#728=DIRECTION('',(0.E0,1.E0,0.E0));
#729=VECTOR('',#728,7.E-1);
#730=CARTESIAN_POINT('',(-5.5E-1,-3.05E0,-2.2E0));
#731=LINE('',#730,#729);
#732=DIRECTION('',(-1.E0,0.E0,0.E0));
#733=VECTOR('',#732,2.5E0);
#734=CARTESIAN_POINT('',(-5.5E-1,-3.05E0,-2.2E0));
#735=LINE('',#734,#733);
#736=DIRECTION('',(1.E0,0.E0,0.E0));
#737=VECTOR('',#736,6.8E-1);
#738=CARTESIAN_POINT('',(-3.05E0,1.35E0,-3.65E0));
#739=LINE('',#738,#737);
#740=DIRECTION('',(1.E0,0.E0,0.E0));
#741=VECTOR('',#740,6.8E-1);
#742=CARTESIAN_POINT('',(-3.05E0,1.6E0,-3.9E0));
#743=LINE('',#742,#741);
#744=DIRECTION('',(0.E0,1.E0,0.E0));
#745=VECTOR('',#744,4.04E0);
#746=CARTESIAN_POINT('',(2.25E0,-2.02E0,-3.9E0));
#747=LINE('',#746,#745);
#748=DIRECTION('',(1.E0,0.E0,0.E0));
#749=VECTOR('',#748,4.5E0);
#750=CARTESIAN_POINT('',(-2.25E0,2.02E0,-3.9E0));
#751=LINE('',#750,#749);
#752=DIRECTION('',(0.E0,-1.E0,0.E0));
#753=VECTOR('',#752,1.E0);
#754=CARTESIAN_POINT('',(1.27E0,3.05E0,-3.9E0));
#755=LINE('',#754,#753);
#756=DIRECTION('',(-1.E0,0.E0,0.E0));
#757=VECTOR('',#756,6.801154783829E-1);
#758=CARTESIAN_POINT('',(3.05E0,1.8E0,-3.9E0));
#759=LINE('',#758,#757);
#760=DIRECTION('',(-1.E0,0.E0,0.E0));
#761=VECTOR('',#760,6.801154783829E-1);
#762=CARTESIAN_POINT('',(3.05E0,-1.6E0,-3.9E0));
#763=LINE('',#762,#761);
#764=DIRECTION('',(1.E0,0.E0,0.E0));
#765=VECTOR('',#764,2.999615072057E-1);
#766=CARTESIAN_POINT('',(2.07E0,-2.05E0,-3.9E0));
#767=LINE('',#766,#765);
#768=DIRECTION('',(0.E0,1.E0,0.E0));
#769=VECTOR('',#768,1.E0);
#770=CARTESIAN_POINT('',(1.27E0,-3.05E0,-3.9E0));
#771=LINE('',#770,#769);
#772=DIRECTION('',(1.E0,0.E0,0.E0));
#773=VECTOR('',#772,2.54E0);
#774=CARTESIAN_POINT('',(-1.27E0,-2.05E0,-3.9E0));
#775=LINE('',#774,#773);
#776=DIRECTION('',(0.E0,1.E0,0.E0));
#777=VECTOR('',#776,1.E0);
#778=CARTESIAN_POINT('',(-2.07E0,-3.05E0,-3.9E0));
#779=LINE('',#778,#777);
#780=DIRECTION('',(1.E0,0.E0,0.E0));
#781=VECTOR('',#780,3.E-1);
#782=CARTESIAN_POINT('',(-2.37E0,-2.05E0,-3.9E0));
#783=LINE('',#782,#781);
#784=DIRECTION('',(1.E0,0.E0,0.E0));
#785=VECTOR('',#784,6.8E-1);
#786=CARTESIAN_POINT('',(-3.05E0,-1.6E0,-3.9E0));
#787=LINE('',#786,#785);
#788=DIRECTION('',(0.E0,1.E0,0.E0));
#789=VECTOR('',#788,3.2E0);
#790=CARTESIAN_POINT('',(-2.37E0,-1.6E0,-3.9E0));
#791=LINE('',#790,#789);
#792=DIRECTION('',(1.E0,0.E0,0.E0));
#793=VECTOR('',#792,6.8E-1);
#794=CARTESIAN_POINT('',(-3.05E0,1.8E0,-3.9E0));
#795=LINE('',#794,#793);
#796=DIRECTION('',(0.E0,-1.E0,0.E0));
#797=VECTOR('',#796,1.E0);
#798=CARTESIAN_POINT('',(-2.07E0,3.05E0,-3.9E0));
#799=LINE('',#798,#797);
#800=DIRECTION('',(0.E0,0.E0,-1.E0));
#801=VECTOR('',#800,3.9E0);
#802=CARTESIAN_POINT('',(-2.25E0,-2.02E0,0.E0));
#803=LINE('',#802,#801);
#804=DIRECTION('',(0.E0,1.E0,0.E0));
#805=VECTOR('',#804,4.04E0);
#806=CARTESIAN_POINT('',(-2.25E0,-2.02E0,-3.9E0));
#807=LINE('',#806,#805);
#808=DIRECTION('',(0.E0,0.E0,1.E0));
#809=VECTOR('',#808,3.9E0);
#810=CARTESIAN_POINT('',(-2.25E0,2.02E0,-3.9E0));
#811=LINE('',#810,#809);
#812=DIRECTION('',(0.E0,1.E0,0.E0));
#813=VECTOR('',#812,2.9E0);
#814=CARTESIAN_POINT('',(-2.25E0,-1.45E0,-8.E-1));
#815=LINE('',#814,#813);
#816=DIRECTION('',(0.E0,0.E0,-1.E0));
#817=VECTOR('',#816,8.E-1);
#818=CARTESIAN_POINT('',(-2.25E0,-1.45E0,0.E0));
#819=LINE('',#818,#817);
#820=DIRECTION('',(1.E0,0.E0,0.E0));
#821=VECTOR('',#820,4.6E-1);
#822=CARTESIAN_POINT('',(1.44E0,2.02E0,-2.8E0));
#823=LINE('',#822,#821);
#824=DIRECTION('',(-5.479559958944E-2,0.E0,9.984975925187E-1));
#825=VECTOR('',#824,8.212338278469E-1);
#826=CARTESIAN_POINT('',(1.945E0,2.02E0,-3.62E0));
#827=LINE('',#826,#825);
#828=DIRECTION('',(1.E0,0.E0,0.E0));
#829=VECTOR('',#828,5.5E-1);
#830=CARTESIAN_POINT('',(1.395E0,2.02E0,-3.62E0));
#831=LINE('',#830,#829);
#832=DIRECTION('',(-5.479559958944E-2,0.E0,-9.984975925187E-1));
#833=VECTOR('',#832,8.212338278469E-1);
#834=CARTESIAN_POINT('',(1.44E0,2.02E0,-2.8E0));
#835=LINE('',#834,#833);
#836=DIRECTION('',(-1.E0,0.E0,0.E0));
#837=VECTOR('',#836,5.5E-1);
#838=CARTESIAN_POINT('',(-1.395E0,2.02E0,-3.62E0));
#839=LINE('',#838,#837);
#840=DIRECTION('',(-5.479559958944E-2,0.E0,-9.984975925187E-1));
#841=VECTOR('',#840,8.212338278469E-1);
#842=CARTESIAN_POINT('',(-1.9E0,2.02E0,-2.8E0));
#843=LINE('',#842,#841);
#844=DIRECTION('',(-1.E0,0.E0,0.E0));
#845=VECTOR('',#844,4.6E-1);
#846=CARTESIAN_POINT('',(-1.44E0,2.02E0,-2.8E0));
#847=LINE('',#846,#845);
#848=DIRECTION('',(-5.479559958944E-2,0.E0,9.984975925187E-1));
#849=VECTOR('',#848,8.212338278469E-1);
#850=CARTESIAN_POINT('',(-1.395E0,2.02E0,-3.62E0));
#851=LINE('',#850,#849);
#852=DIRECTION('',(0.E0,0.E0,1.E0));
#853=VECTOR('',#852,2.7E0);
#854=CARTESIAN_POINT('',(-5.5E-1,2.02E0,-2.7E0));
#855=LINE('',#854,#853);
#856=DIRECTION('',(0.E0,0.E0,-1.E0));
#857=VECTOR('',#856,2.7E0);
#858=CARTESIAN_POINT('',(5.5E-1,2.02E0,0.E0));
#859=LINE('',#858,#857);
#860=DIRECTION('',(1.E0,0.E0,0.E0));
#861=VECTOR('',#860,5.E-1);
#862=CARTESIAN_POINT('',(-2.5E-1,2.02E0,-2.7E0));
#863=LINE('',#862,#861);
#864=DIRECTION('',(0.E0,1.E0,-2.960594732334E-14));
#865=VECTOR('',#864,3.E-2);
#866=CARTESIAN_POINT('',(1.44E0,2.02E0,-2.8E0));
#867=LINE('',#866,#865);
#868=DIRECTION('',(0.E0,1.E0,-1.480297366167E-14));
#869=VECTOR('',#868,3.E-2);
#870=CARTESIAN_POINT('',(1.9E0,2.02E0,-2.8E0));
#871=LINE('',#870,#869);
#872=DIRECTION('',(0.E0,1.E0,0.E0));
#873=VECTOR('',#872,2.2E-1);
#874=CARTESIAN_POINT('',(1.44E0,2.05E0,-2.8E0));
#875=LINE('',#874,#873);
#876=DIRECTION('',(-4.747220185825E-2,-4.994362797321E-1,-8.650490116393E-1));
#877=VECTOR('',#876,5.005643565463E-1);
#878=CARTESIAN_POINT('',(1.418762892177E0,2.27E0,-3.186987298108E0));
#879=LINE('',#878,#877);
#880=DIRECTION('',(4.747220185825E-2,-4.994362797321E-1,-8.650490116393E-1));
#881=VECTOR('',#880,5.005643565463E-1);
#882=CARTESIAN_POINT('',(1.921237107823E0,2.27E0,-3.186987298108E0));
#883=LINE('',#882,#881);
#884=DIRECTION('',(1.E0,0.E0,0.E0));
#885=VECTOR('',#884,5.024742156460E-1);
#886=CARTESIAN_POINT('',(1.418762892177E0,2.27E0,-3.186987298108E0));
#887=LINE('',#886,#885);
#888=DIRECTION('',(1.E0,0.E0,0.E0));
#889=VECTOR('',#888,4.6E-1);
#890=CARTESIAN_POINT('',(1.44E0,2.27E0,-2.8E0));
#891=LINE('',#890,#889);
#892=DIRECTION('',(0.E0,1.E0,0.E0));
#893=VECTOR('',#892,2.2E-1);
#894=CARTESIAN_POINT('',(1.9E0,2.05E0,-2.8E0));
#895=LINE('',#894,#893);
#896=DIRECTION('',(1.E0,0.E0,0.E0));
#897=VECTOR('',#896,1.7E-1);
#898=CARTESIAN_POINT('',(1.9E0,2.05E0,-2.8E0));
#899=LINE('',#898,#897);
#900=DIRECTION('',(0.E0,-1.E0,0.E0));
#901=VECTOR('',#900,1.E0);
#902=CARTESIAN_POINT('',(2.07E0,3.05E0,-2.8E0));
#903=LINE('',#902,#901);
#904=DIRECTION('',(1.E0,0.E0,0.E0));
#905=VECTOR('',#904,1.7E-1);
#906=CARTESIAN_POINT('',(1.27E0,2.05E0,-2.8E0));
#907=LINE('',#906,#905);
#908=DIRECTION('',(5.479559958944E-2,0.E0,9.984975925187E-1));
#909=VECTOR('',#908,3.875695855526E-1);
#910=CARTESIAN_POINT('',(1.418762892177E0,2.27E0,-3.186987298108E0));
#911=LINE('',#910,#909);
#912=DIRECTION('',(-5.479559958944E-2,0.E0,9.984975925187E-1));
#913=VECTOR('',#912,3.875695855526E-1);
#914=CARTESIAN_POINT('',(1.921237107823E0,2.27E0,-3.186987298108E0));
#915=LINE('',#914,#913);
#916=DIRECTION('',(0.E0,-1.E0,0.E0));
#917=VECTOR('',#916,1.E0);
#918=CARTESIAN_POINT('',(2.07E0,3.05E0,-3.9E0));
#919=LINE('',#918,#917);
#920=DIRECTION('',(0.E0,0.E0,-1.E0));
#921=VECTOR('',#920,1.1E0);
#922=CARTESIAN_POINT('',(-2.07E0,3.05E0,-2.8E0));
#923=LINE('',#922,#921);
#924=DIRECTION('',(-1.E0,0.E0,0.E0));
#925=VECTOR('',#924,8.E-1);
#926=CARTESIAN_POINT('',(-1.27E0,3.05E0,-2.8E0));
#927=LINE('',#926,#925);
#928=DIRECTION('',(0.E0,0.E0,1.E0));
#929=VECTOR('',#928,1.1E0);
#930=CARTESIAN_POINT('',(-1.27E0,3.05E0,-3.9E0));
#931=LINE('',#930,#929);
#932=DIRECTION('',(1.E0,0.E0,0.E0));
#933=VECTOR('',#932,8.E-1);
#934=CARTESIAN_POINT('',(-2.07E0,3.05E0,-3.9E0));
#935=LINE('',#934,#933);
#936=DIRECTION('',(-1.E0,0.E0,0.E0));
#937=VECTOR('',#936,8.E-1);
#938=CARTESIAN_POINT('',(2.07E0,3.05E0,-2.8E0));
#939=LINE('',#938,#937);
#940=DIRECTION('',(0.E0,0.E0,1.E0));
#941=VECTOR('',#940,1.1E0);
#942=CARTESIAN_POINT('',(2.07E0,3.05E0,-3.9E0));
#943=LINE('',#942,#941);
#944=DIRECTION('',(1.E0,0.E0,0.E0));
#945=VECTOR('',#944,8.E-1);
#946=CARTESIAN_POINT('',(1.27E0,3.05E0,-3.9E0));
#947=LINE('',#946,#945);
#948=DIRECTION('',(0.E0,0.E0,-1.E0));
#949=VECTOR('',#948,1.1E0);
#950=CARTESIAN_POINT('',(1.27E0,3.05E0,-2.8E0));
#951=LINE('',#950,#949);
#952=DIRECTION('',(1.E0,0.E0,0.E0));
#953=VECTOR('',#952,2.8E0);
#954=CARTESIAN_POINT('',(2.5E-1,3.05E0,-6.8E0));
#955=LINE('',#954,#953);
#956=DIRECTION('',(0.E0,0.E0,-1.E0));
#957=VECTOR('',#956,3.5E0);
#958=CARTESIAN_POINT('',(5.5E-1,3.05E0,-2.2E0));
#959=LINE('',#958,#957);
#960=DIRECTION('',(1.E0,0.E0,0.E0));
#961=VECTOR('',#960,1.1E0);
#962=CARTESIAN_POINT('',(-5.5E-1,3.05E0,-5.7E0));
#963=LINE('',#962,#961);
#964=DIRECTION('',(0.E0,0.E0,-1.E0));
#965=VECTOR('',#964,3.5E0);
#966=CARTESIAN_POINT('',(-5.5E-1,3.05E0,-2.2E0));
#967=LINE('',#966,#965);
#968=DIRECTION('',(0.E0,0.E0,1.E0));
#969=VECTOR('',#968,4.6E0);
#970=CARTESIAN_POINT('',(-3.05E0,3.05E0,-6.8E0));
#971=LINE('',#970,#969);
#972=DIRECTION('',(1.E0,0.E0,0.E0));
#973=VECTOR('',#972,2.8E0);
#974=CARTESIAN_POINT('',(-3.05E0,3.05E0,-6.8E0));
#975=LINE('',#974,#973);
#976=DIRECTION('',(1.E0,0.E0,0.E0));
#977=VECTOR('',#976,5.E-1);
#978=CARTESIAN_POINT('',(-2.5E-1,3.05E0,-6.8E0));
#979=LINE('',#978,#977);
#980=DIRECTION('',(0.E0,-1.E0,0.E0));
#981=VECTOR('',#980,1.E0);
#982=CARTESIAN_POINT('',(-2.07E0,3.05E0,-2.8E0));
#983=LINE('',#982,#981);
#984=DIRECTION('',(1.E0,0.E0,0.E0));
#985=VECTOR('',#984,1.7E-1);
#986=CARTESIAN_POINT('',(-2.07E0,2.05E0,-2.8E0));
#987=LINE('',#986,#985);
#988=DIRECTION('',(-1.E0,0.E0,0.E0));
#989=VECTOR('',#988,4.6E-1);
#990=CARTESIAN_POINT('',(-1.44E0,2.27E0,-2.8E0));
#991=LINE('',#990,#989);
#992=DIRECTION('',(0.E0,1.E0,0.E0));
#993=VECTOR('',#992,2.2E-1);
#994=CARTESIAN_POINT('',(-1.44E0,2.05E0,-2.8E0));
#995=LINE('',#994,#993);
#996=DIRECTION('',(1.E0,0.E0,0.E0));
#997=VECTOR('',#996,1.7E-1);
#998=CARTESIAN_POINT('',(-1.44E0,2.05E0,-2.8E0));
#999=LINE('',#998,#997);
#1000=DIRECTION('',(0.E0,-1.E0,0.E0));
#1001=VECTOR('',#1000,1.E0);
#1002=CARTESIAN_POINT('',(-1.27E0,3.05E0,-2.8E0));
#1003=LINE('',#1002,#1001);
#1004=DIRECTION('',(0.E0,1.E0,0.E0));
#1005=VECTOR('',#1004,2.2E-1);
#1006=CARTESIAN_POINT('',(-1.9E0,2.05E0,-2.8E0));
#1007=LINE('',#1006,#1005);
#1008=DIRECTION('',(4.747220185825E-2,-4.994362797321E-1,-8.650490116393E-1));
#1009=VECTOR('',#1008,5.005643565463E-1);
#1010=CARTESIAN_POINT('',(-1.418762892177E0,2.27E0,-3.186987298108E0));
#1011=LINE('',#1010,#1009);
#1012=DIRECTION('',(-1.E0,0.E0,0.E0));
#1013=VECTOR('',#1012,5.024742156460E-1);
#1014=CARTESIAN_POINT('',(-1.418762892177E0,2.27E0,-3.186987298108E0));
#1015=LINE('',#1014,#1013);
#1016=DIRECTION('',(-4.747220185825E-2,-4.994362797321E-1,-8.650490116393E-1));
#1017=VECTOR('',#1016,5.005643565463E-1);
#1018=CARTESIAN_POINT('',(-1.921237107823E0,2.27E0,-3.186987298108E0));
#1019=LINE('',#1018,#1017);
#1020=DIRECTION('',(0.E0,1.E0,-1.480297366167E-14));
#1021=VECTOR('',#1020,3.E-2);
#1022=CARTESIAN_POINT('',(-1.44E0,2.02E0,-2.8E0));
#1023=LINE('',#1022,#1021);
#1024=DIRECTION('',(0.E0,1.E0,-1.480297366167E-14));
#1025=VECTOR('',#1024,3.E-2);
#1026=CARTESIAN_POINT('',(-1.9E0,2.02E0,-2.8E0));
#1027=LINE('',#1026,#1025);
#1028=DIRECTION('',(-5.479559958944E-2,0.E0,9.984975925187E-1));
#1029=VECTOR('',#1028,3.875695855526E-1);
#1030=CARTESIAN_POINT('',(-1.418762892177E0,2.27E0,-3.186987298108E0));
#1031=LINE('',#1030,#1029);
#1032=DIRECTION('',(5.479559958944E-2,0.E0,9.984975925187E-1));
#1033=VECTOR('',#1032,3.875695855526E-1);
#1034=CARTESIAN_POINT('',(-1.921237107823E0,2.27E0,-3.186987298108E0));
#1035=LINE('',#1034,#1033);
#1036=DIRECTION('',(0.E0,-1.E0,0.E0));
#1037=VECTOR('',#1036,1.E0);
#1038=CARTESIAN_POINT('',(-1.27E0,3.05E0,-3.9E0));
#1039=LINE('',#1038,#1037);
#1040=DIRECTION('',(0.E0,-1.E0,0.E0));
#1041=VECTOR('',#1040,1.E0);
#1042=CARTESIAN_POINT('',(1.27E0,3.05E0,-2.8E0));
#1043=LINE('',#1042,#1041);
#1044=DIRECTION('',(0.E0,-1.E0,0.E0));
#1045=VECTOR('',#1044,1.2E0);
#1046=CARTESIAN_POINT('',(-2.8E0,2.8E0,-6.8E0));
#1047=LINE('',#1046,#1045);
#1048=DIRECTION('',(-1.E0,0.E0,0.E0));
#1049=VECTOR('',#1048,2.05E0);
#1050=CARTESIAN_POINT('',(-7.5E-1,2.8E0,-6.8E0));
#1051=LINE('',#1050,#1049);
#1052=DIRECTION('',(0.E0,1.E0,0.E0));
#1053=VECTOR('',#1052,6.5E-1);
#1054=CARTESIAN_POINT('',(-7.5E-1,2.15E0,-6.8E0));
#1055=LINE('',#1054,#1053);
#1056=DIRECTION('',(-1.E0,0.E0,0.E0));
#1057=VECTOR('',#1056,1.5E0);
#1058=CARTESIAN_POINT('',(7.5E-1,2.15E0,-6.8E0));
#1059=LINE('',#1058,#1057);
#1060=DIRECTION('',(0.E0,-1.E0,0.E0));
#1061=VECTOR('',#1060,6.5E-1);
#1062=CARTESIAN_POINT('',(7.5E-1,2.8E0,-6.8E0));
#1063=LINE('',#1062,#1061);
#1064=DIRECTION('',(-1.E0,0.E0,0.E0));
#1065=VECTOR('',#1064,2.05E0);
#1066=CARTESIAN_POINT('',(2.8E0,2.8E0,-6.8E0));
#1067=LINE('',#1066,#1065);
#1068=DIRECTION('',(0.E0,1.E0,0.E0));
#1069=VECTOR('',#1068,1.2E0);
#1070=CARTESIAN_POINT('',(2.8E0,1.6E0,-6.8E0));
#1071=LINE('',#1070,#1069);
#1072=DIRECTION('',(1.E0,0.E0,0.E0));
#1073=VECTOR('',#1072,5.6E0);
#1074=CARTESIAN_POINT('',(-2.8E0,1.6E0,-6.8E0));
#1075=LINE('',#1074,#1073);
#1076=DIRECTION('',(1.E0,0.E0,0.E0));
#1077=VECTOR('',#1076,2.05E0);
#1078=CARTESIAN_POINT('',(-2.8E0,-2.8E0,-6.8E0));
#1079=LINE('',#1078,#1077);
#1080=DIRECTION('',(0.E0,-1.E0,0.E0));
#1081=VECTOR('',#1080,1.9E0);
#1082=CARTESIAN_POINT('',(-2.8E0,-9.E-1,-6.8E0));
#1083=LINE('',#1082,#1081);
#1084=DIRECTION('',(-1.E0,0.E0,0.E0));
#1085=VECTOR('',#1084,5.6E0);
#1086=CARTESIAN_POINT('',(2.8E0,-9.E-1,-6.8E0));
#1087=LINE('',#1086,#1085);
#1088=DIRECTION('',(0.E0,1.E0,0.E0));
#1089=VECTOR('',#1088,1.9E0);
#1090=CARTESIAN_POINT('',(2.8E0,-2.8E0,-6.8E0));
#1091=LINE('',#1090,#1089);
#1092=DIRECTION('',(1.E0,0.E0,0.E0));
#1093=VECTOR('',#1092,2.05E0);
#1094=CARTESIAN_POINT('',(7.5E-1,-2.8E0,-6.8E0));
#1095=LINE('',#1094,#1093);
#1096=DIRECTION('',(0.E0,-1.E0,0.E0));
#1097=VECTOR('',#1096,6.5E-1);
#1098=CARTESIAN_POINT('',(7.5E-1,-2.15E0,-6.8E0));
#1099=LINE('',#1098,#1097);
#1100=DIRECTION('',(1.E0,0.E0,0.E0));
#1101=VECTOR('',#1100,1.5E0);
#1102=CARTESIAN_POINT('',(-7.5E-1,-2.15E0,-6.8E0));
#1103=LINE('',#1102,#1101);
#1104=DIRECTION('',(0.E0,1.E0,0.E0));
#1105=VECTOR('',#1104,6.5E-1);
#1106=CARTESIAN_POINT('',(-7.5E-1,-2.8E0,-6.8E0));
#1107=LINE('',#1106,#1105);
#1108=DIRECTION('',(0.E0,1.E0,0.E0));
#1109=VECTOR('',#1108,6.325909649252E-1);
#1110=CARTESIAN_POINT('',(-2.5E-1,2.417409035075E0,-6.8E0));
#1111=LINE('',#1110,#1109);
#1112=DIRECTION('',(0.E0,1.E0,0.E0));
#1113=VECTOR('',#1112,6.325909649252E-1);
#1114=CARTESIAN_POINT('',(-2.E-1,-3.05E0,-6.8E0));
#1115=LINE('',#1114,#1113);
#1116=DIRECTION('',(1.E0,0.E0,0.E0));
#1117=VECTOR('',#1116,4.E-1);
#1118=CARTESIAN_POINT('',(-2.E-1,-2.417409035075E0,-6.8E0));
#1119=LINE('',#1118,#1117);
#1120=DIRECTION('',(0.E0,1.E0,0.E0));
#1121=VECTOR('',#1120,6.325909649252E-1);
#1122=CARTESIAN_POINT('',(2.E-1,-3.05E0,-6.8E0));
#1123=LINE('',#1122,#1121);
#1124=DIRECTION('',(0.E0,1.E0,0.E0));
#1125=VECTOR('',#1124,6.325909649252E-1);
#1126=CARTESIAN_POINT('',(2.5E-1,2.417409035075E0,-6.8E0));
#1127=LINE('',#1126,#1125);
#1128=DIRECTION('',(1.E0,0.E0,0.E0));
#1129=VECTOR('',#1128,5.E-1);
#1130=CARTESIAN_POINT('',(-2.5E-1,2.417409035075E0,-6.8E0));
#1131=LINE('',#1130,#1129);
#1132=DIRECTION('',(0.E0,0.E0,1.E0));
#1133=VECTOR('',#1132,2.E-1);
#1134=CARTESIAN_POINT('',(-2.8E0,2.8E0,-7.E0));
#1135=LINE('',#1134,#1133);
#1136=DIRECTION('',(0.E0,0.E0,-1.E0));
#1137=VECTOR('',#1136,2.E-1);
#1138=CARTESIAN_POINT('',(-2.8E0,1.6E0,-6.8E0));
#1139=LINE('',#1138,#1137);
#1140=DIRECTION('',(0.E0,-1.E0,0.E0));
#1141=VECTOR('',#1140,1.2E0);
#1142=CARTESIAN_POINT('',(-2.8E0,2.8E0,-7.E0));
#1143=LINE('',#1142,#1141);
#1144=DIRECTION('',(-1.E0,0.E0,0.E0));
#1145=VECTOR('',#1144,1.7E0);
#1146=CARTESIAN_POINT('',(-1.1E0,2.8E0,-7.E0));
#1147=LINE('',#1146,#1145);
#1148=DIRECTION('',(0.E0,0.E0,1.E0));
#1149=VECTOR('',#1148,2.E-1);
#1150=CARTESIAN_POINT('',(-7.5E-1,2.8E0,-7.E0));
#1151=LINE('',#1150,#1149);
#1152=DIRECTION('',(-1.230912142511E-1,1.230912142511E-1,9.847319970166E-1));
#1153=VECTOR('',#1152,8.124037833885E-1);
#1154=CARTESIAN_POINT('',(-2.700000231841E0,2.700000231841E0,-7.8E0));
#1155=LINE('',#1154,#1153);
#1156=DIRECTION('',(1.230912142511E-1,1.230912142511E-1,-9.847319970166E-1));
#1157=VECTOR('',#1156,8.124037833885E-1);
#1158=CARTESIAN_POINT('',(-2.8E0,1.6E0,-7.E0));
#1159=LINE('',#1158,#1157);
#1160=DIRECTION('',(-1.230912142511E-1,1.230912142511E-1,-9.847319970166E-1));
#1161=VECTOR('',#1160,8.124037833885E-1);
#1162=CARTESIAN_POINT('',(-1.1E0,1.6E0,-7.E0));
#1163=LINE('',#1162,#1161);
#1164=DIRECTION('',(1.E0,0.E0,0.E0));
#1165=VECTOR('',#1164,1.7E0);
#1166=CARTESIAN_POINT('',(1.1E0,1.6E0,-7.E0));
#1167=LINE('',#1166,#1165);
#1168=DIRECTION('',(1.E0,0.E0,0.E0));
#1169=VECTOR('',#1168,1.7E0);
#1170=CARTESIAN_POINT('',(-2.8E0,1.6E0,-7.E0));
#1171=LINE('',#1170,#1169);
#1172=DIRECTION('',(0.E0,0.E0,-1.E0));
#1173=VECTOR('',#1172,2.E-1);
#1174=CARTESIAN_POINT('',(2.8E0,2.8E0,-6.8E0));
#1175=LINE('',#1174,#1173);
#1176=DIRECTION('',(0.E0,1.E0,0.E0));
#1177=VECTOR('',#1176,1.2E0);
#1178=CARTESIAN_POINT('',(2.8E0,1.6E0,-7.E0));
#1179=LINE('',#1178,#1177);
#1180=DIRECTION('',(0.E0,0.E0,1.E0));
#1181=VECTOR('',#1180,2.E-1);
#1182=CARTESIAN_POINT('',(2.8E0,1.6E0,-7.E0));
#1183=LINE('',#1182,#1181);
#1184=DIRECTION('',(-1.E0,0.E0,0.E0));
#1185=VECTOR('',#1184,1.7E0);
#1186=CARTESIAN_POINT('',(2.8E0,2.8E0,-7.E0));
#1187=LINE('',#1186,#1185);
#1188=DIRECTION('',(1.230912142511E-1,-1.230912142511E-1,-9.847319970166E-1));
#1189=VECTOR('',#1188,8.124037833885E-1);
#1190=CARTESIAN_POINT('',(1.1E0,2.8E0,-7.E0));
#1191=LINE('',#1190,#1189);
#1192=DIRECTION('',(1.230912142511E-1,1.230912142511E-1,-9.847319970166E-1));
#1193=VECTOR('',#1192,8.124037833885E-1);
#1194=CARTESIAN_POINT('',(1.1E0,1.6E0,-7.E0));
#1195=LINE('',#1194,#1193);
#1196=DIRECTION('',(-1.E0,0.E0,0.E0));
#1197=VECTOR('',#1196,3.5E-1);
#1198=CARTESIAN_POINT('',(-7.5E-1,2.8E0,-7.E0));
#1199=LINE('',#1198,#1197);
#1200=DIRECTION('',(0.E0,-1.E0,0.E0));
#1201=VECTOR('',#1200,1.2E0);
#1202=CARTESIAN_POINT('',(-1.1E0,2.8E0,-7.E0));
#1203=LINE('',#1202,#1201);
#1204=DIRECTION('',(1.E0,0.E0,0.E0));
#1205=VECTOR('',#1204,2.2E0);
#1206=CARTESIAN_POINT('',(-1.1E0,1.6E0,-7.E0));
#1207=LINE('',#1206,#1205);
#1208=DIRECTION('',(0.E0,-1.E0,0.E0));
#1209=VECTOR('',#1208,1.2E0);
#1210=CARTESIAN_POINT('',(1.1E0,2.8E0,-7.E0));
#1211=LINE('',#1210,#1209);
#1212=DIRECTION('',(-1.E0,0.E0,0.E0));
#1213=VECTOR('',#1212,3.5E-1);
#1214=CARTESIAN_POINT('',(1.1E0,2.8E0,-7.E0));
#1215=LINE('',#1214,#1213);
#1216=DIRECTION('',(0.E0,-1.E0,0.E0));
#1217=VECTOR('',#1216,6.5E-1);
#1218=CARTESIAN_POINT('',(7.5E-1,2.8E0,-7.E0));
#1219=LINE('',#1218,#1217);
#1220=DIRECTION('',(-1.E0,0.E0,0.E0));
#1221=VECTOR('',#1220,1.5E0);
#1222=CARTESIAN_POINT('',(7.5E-1,2.15E0,-7.E0));
#1223=LINE('',#1222,#1221);
#1224=DIRECTION('',(0.E0,1.E0,0.E0));
#1225=VECTOR('',#1224,6.5E-1);
#1226=CARTESIAN_POINT('',(-7.5E-1,2.15E0,-7.E0));
#1227=LINE('',#1226,#1225);
#1228=DIRECTION('',(-1.E0,0.E0,0.E0));
#1229=VECTOR('',#1228,2.2E0);
#1230=CARTESIAN_POINT('',(1.1E0,-9.E-1,-7.E0));
#1231=LINE('',#1230,#1229);
#1232=DIRECTION('',(0.E0,1.E0,0.E0));
#1233=VECTOR('',#1232,1.9E0);
#1234=CARTESIAN_POINT('',(-1.1E0,-2.8E0,-7.E0));
#1235=LINE('',#1234,#1233);
#1236=DIRECTION('',(1.E0,0.E0,0.E0));
#1237=VECTOR('',#1236,3.5E-1);
#1238=CARTESIAN_POINT('',(-1.1E0,-2.8E0,-7.E0));
#1239=LINE('',#1238,#1237);
#1240=DIRECTION('',(0.E0,1.E0,0.E0));
#1241=VECTOR('',#1240,6.5E-1);
#1242=CARTESIAN_POINT('',(-7.5E-1,-2.8E0,-7.E0));
#1243=LINE('',#1242,#1241);
#1244=DIRECTION('',(1.E0,0.E0,0.E0));
#1245=VECTOR('',#1244,1.5E0);
#1246=CARTESIAN_POINT('',(-7.5E-1,-2.15E0,-7.E0));
#1247=LINE('',#1246,#1245);
#1248=DIRECTION('',(0.E0,-1.E0,0.E0));
#1249=VECTOR('',#1248,6.5E-1);
#1250=CARTESIAN_POINT('',(7.5E-1,-2.15E0,-7.E0));
#1251=LINE('',#1250,#1249);
#1252=DIRECTION('',(1.E0,0.E0,0.E0));
#1253=VECTOR('',#1252,3.5E-1);
#1254=CARTESIAN_POINT('',(7.5E-1,-2.8E0,-7.E0));
#1255=LINE('',#1254,#1253);
#1256=DIRECTION('',(0.E0,1.E0,0.E0));
#1257=VECTOR('',#1256,1.9E0);
#1258=CARTESIAN_POINT('',(1.1E0,-2.8E0,-7.E0));
#1259=LINE('',#1258,#1257);
#1260=DIRECTION('',(-1.230912142511E-1,-1.230912142511E-1,-9.847319970166E-1));
#1261=VECTOR('',#1260,8.124037833885E-1);
#1262=CARTESIAN_POINT('',(-1.1E0,2.8E0,-7.E0));
#1263=LINE('',#1262,#1261);
#1264=DIRECTION('',(1.E0,0.E0,0.E0));
#1265=VECTOR('',#1264,1.500000463681E0);
#1266=CARTESIAN_POINT('',(-2.700000231841E0,2.700000231841E0,-7.8E0));
#1267=LINE('',#1266,#1265);
#1268=DIRECTION('',(0.E0,1.E0,0.E0));
#1269=VECTOR('',#1268,1.000000463681E0);
#1270=CARTESIAN_POINT('',(-2.700000231841E0,1.699999768159E0,-7.8E0));
#1271=LINE('',#1270,#1269);
#1272=DIRECTION('',(-1.E0,0.E0,0.E0));
#1273=VECTOR('',#1272,1.500000463681E0);
#1274=CARTESIAN_POINT('',(-1.199999768159E0,1.699999768159E0,-7.8E0));
#1275=LINE('',#1274,#1273);
#1276=DIRECTION('',(0.E0,-1.E0,0.E0));
#1277=VECTOR('',#1276,1.000000463681E0);
#1278=CARTESIAN_POINT('',(-1.199999768159E0,2.700000231841E0,-7.8E0));
#1279=LINE('',#1278,#1277);
#1280=DIRECTION('',(0.E0,1.E0,0.E0));
#1281=VECTOR('',#1280,1.000000463681E0);
#1282=CARTESIAN_POINT('',(1.199999768159E0,1.699999768159E0,-7.8E0));
#1283=LINE('',#1282,#1281);
#1284=DIRECTION('',(-1.E0,0.E0,0.E0));
#1285=VECTOR('',#1284,1.500000463681E0);
#1286=CARTESIAN_POINT('',(2.700000231841E0,1.699999768159E0,-7.8E0));
#1287=LINE('',#1286,#1285);
#1288=DIRECTION('',(0.E0,-1.E0,0.E0));
#1289=VECTOR('',#1288,1.000000463681E0);
#1290=CARTESIAN_POINT('',(2.700000231841E0,2.700000231841E0,-7.8E0));
#1291=LINE('',#1290,#1289);
#1292=DIRECTION('',(1.E0,0.E0,0.E0));
#1293=VECTOR('',#1292,1.500000463681E0);
#1294=CARTESIAN_POINT('',(1.199999768159E0,2.700000231841E0,-7.8E0));
#1295=LINE('',#1294,#1293);
#1296=DIRECTION('',(0.E0,-1.E0,0.E0));
#1297=VECTOR('',#1296,1.700000463681E0);
#1298=CARTESIAN_POINT('',(2.700000231841E0,-9.999997681595E-1,-7.8E0));
#1299=LINE('',#1298,#1297);
#1300=DIRECTION('',(1.E0,0.E0,0.E0));
#1301=VECTOR('',#1300,1.500000463681E0);
#1302=CARTESIAN_POINT('',(1.199999768159E0,-9.999997681595E-1,-7.8E0));
#1303=LINE('',#1302,#1301);
#1304=DIRECTION('',(0.E0,1.E0,0.E0));
#1305=VECTOR('',#1304,1.700000463681E0);
#1306=CARTESIAN_POINT('',(1.199999768159E0,-2.700000231841E0,-7.8E0));
#1307=LINE('',#1306,#1305);
#1308=DIRECTION('',(-1.E0,0.E0,0.E0));
#1309=VECTOR('',#1308,1.500000463681E0);
#1310=CARTESIAN_POINT('',(2.700000231841E0,-2.700000231841E0,-7.8E0));
#1311=LINE('',#1310,#1309);
#1312=DIRECTION('',(0.E0,-1.E0,0.E0));
#1313=VECTOR('',#1312,1.700000463681E0);
#1314=CARTESIAN_POINT('',(-1.199999768159E0,-9.999997681595E-1,-7.8E0));
#1315=LINE('',#1314,#1313);
#1316=DIRECTION('',(1.E0,0.E0,0.E0));
#1317=VECTOR('',#1316,1.500000463681E0);
#1318=CARTESIAN_POINT('',(-2.700000231841E0,-9.999997681595E-1,-7.8E0));
#1319=LINE('',#1318,#1317);
#1320=DIRECTION('',(0.E0,1.E0,0.E0));
#1321=VECTOR('',#1320,1.700000463681E0);
#1322=CARTESIAN_POINT('',(-2.700000231841E0,-2.700000231841E0,-7.8E0));
#1323=LINE('',#1322,#1321);
#1324=DIRECTION('',(-1.E0,0.E0,0.E0));
#1325=VECTOR('',#1324,1.500000463681E0);
#1326=CARTESIAN_POINT('',(-1.199999768159E0,-2.700000231841E0,-7.8E0));
#1327=LINE('',#1326,#1325);
#1328=CARTESIAN_POINT('',(2.1E0,-1.85E0,-7.8E0));
#1329=DIRECTION('',(0.E0,0.E0,-1.E0));
#1330=DIRECTION('',(-1.E0,0.E0,0.E0));
#1331=AXIS2_PLACEMENT_3D('',#1328,#1329,#1330);
#1333=CARTESIAN_POINT('',(2.1E0,-1.85E0,-7.8E0));
#1334=DIRECTION('',(0.E0,0.E0,-1.E0));
#1335=DIRECTION('',(1.E0,0.E0,0.E0));
#1336=AXIS2_PLACEMENT_3D('',#1333,#1334,#1335);
#1338=CARTESIAN_POINT('',(-2.1E0,-1.85E0,-7.8E0));
#1339=DIRECTION('',(0.E0,0.E0,-1.E0));
#1340=DIRECTION('',(-1.E0,0.E0,0.E0));
#1341=AXIS2_PLACEMENT_3D('',#1338,#1339,#1340);
#1343=CARTESIAN_POINT('',(-2.1E0,-1.85E0,-7.8E0));
#1344=DIRECTION('',(0.E0,0.E0,-1.E0));
#1345=DIRECTION('',(1.E0,0.E0,0.E0));
#1346=AXIS2_PLACEMENT_3D('',#1343,#1344,#1345);
#1348=DIRECTION('',(-1.230912142511E-1,-1.230912142511E-1,-9.847319970166E-1));
#1349=VECTOR('',#1348,8.124037833885E-1);
#1350=CARTESIAN_POINT('',(2.8E0,2.8E0,-7.E0));
#1351=LINE('',#1350,#1349);
#1352=DIRECTION('',(1.230912142511E-1,-1.230912142511E-1,9.847319970166E-1));
#1353=VECTOR('',#1352,8.124037833885E-1);
#1354=CARTESIAN_POINT('',(2.700000231841E0,1.699999768159E0,-7.8E0));
#1355=LINE('',#1354,#1353);
#1356=DIRECTION('',(1.230912142511E-1,-1.230912142511E-1,-9.847319970166E-1));
#1357=VECTOR('',#1356,8.124037833885E-1);
#1358=CARTESIAN_POINT('',(1.1E0,-9.E-1,-7.E0));
#1359=LINE('',#1358,#1357);
#1360=DIRECTION('',(1.230912142511E-1,1.230912142511E-1,9.847319970166E-1));
#1361=VECTOR('',#1360,8.124037833885E-1);
#1362=CARTESIAN_POINT('',(2.700000231841E0,-9.999997681595E-1,-7.8E0));
#1363=LINE('',#1362,#1361);
#1364=DIRECTION('',(-1.E0,0.E0,0.E0));
#1365=VECTOR('',#1364,1.7E0);
#1366=CARTESIAN_POINT('',(-1.1E0,-9.E-1,-7.E0));
#1367=LINE('',#1366,#1365);
#1368=DIRECTION('',(-1.E0,0.E0,0.E0));
#1369=VECTOR('',#1368,1.7E0);
#1370=CARTESIAN_POINT('',(2.8E0,-9.E-1,-7.E0));
#1371=LINE('',#1370,#1369);
#1372=DIRECTION('',(0.E0,0.E0,1.E0));
#1373=VECTOR('',#1372,2.E-1);
#1374=CARTESIAN_POINT('',(2.8E0,-9.E-1,-7.E0));
#1375=LINE('',#1374,#1373);
#1376=DIRECTION('',(0.E0,-1.E0,0.E0));
#1377=VECTOR('',#1376,1.9E0);
#1378=CARTESIAN_POINT('',(-2.8E0,-9.E-1,-7.E0));
#1379=LINE('',#1378,#1377);
#1380=DIRECTION('',(0.E0,0.E0,1.E0));
#1381=VECTOR('',#1380,2.E-1);
#1382=CARTESIAN_POINT('',(-2.8E0,-9.E-1,-7.E0));
#1383=LINE('',#1382,#1381);
#1384=DIRECTION('',(0.E0,0.E0,-1.E0));
#1385=VECTOR('',#1384,2.E-1);
#1386=CARTESIAN_POINT('',(-2.8E0,-2.8E0,-6.8E0));
#1387=LINE('',#1386,#1385);
#1388=DIRECTION('',(1.230912142511E-1,1.230912142511E-1,-9.847319970166E-1));
#1389=VECTOR('',#1388,8.124037833885E-1);
#1390=CARTESIAN_POINT('',(-2.8E0,-2.8E0,-7.E0));
#1391=LINE('',#1390,#1389);
#1392=DIRECTION('',(-1.230912142511E-1,1.230912142511E-1,9.847319970166E-1));
#1393=VECTOR('',#1392,8.124037833885E-1);
#1394=CARTESIAN_POINT('',(-2.700000231841E0,-9.999997681595E-1,-7.8E0));
#1395=LINE('',#1394,#1393);
#1396=DIRECTION('',(-1.230912142511E-1,1.230912142511E-1,-9.847319970166E-1));
#1397=VECTOR('',#1396,8.124037833885E-1);
#1398=CARTESIAN_POINT('',(-1.1E0,-2.8E0,-7.E0));
#1399=LINE('',#1398,#1397);
#1400=DIRECTION('',(1.E0,0.E0,0.E0));
#1401=VECTOR('',#1400,1.7E0);
#1402=CARTESIAN_POINT('',(-2.8E0,-2.8E0,-7.E0));
#1403=LINE('',#1402,#1401);
#1404=DIRECTION('',(0.E0,0.E0,1.E0));
#1405=VECTOR('',#1404,2.E-1);
#1406=CARTESIAN_POINT('',(-7.5E-1,-2.8E0,-7.E0));
#1407=LINE('',#1406,#1405);
#1408=DIRECTION('',(0.E0,0.E0,1.E0));
#1409=VECTOR('',#1408,2.E-1);
#1410=CARTESIAN_POINT('',(-7.5E-1,-2.15E0,-7.E0));
#1411=LINE('',#1410,#1409);
#1412=DIRECTION('',(0.E0,0.E0,1.E0));
#1413=VECTOR('',#1412,2.E-1);
#1414=CARTESIAN_POINT('',(7.5E-1,-2.15E0,-7.E0));
#1415=LINE('',#1414,#1413);
#1416=DIRECTION('',(0.E0,0.E0,-1.E0));
#1417=VECTOR('',#1416,2.E-1);
#1418=CARTESIAN_POINT('',(2.8E0,-2.8E0,-6.8E0));
#1419=LINE('',#1418,#1417);
#1420=DIRECTION('',(1.E0,0.E0,0.E0));
#1421=VECTOR('',#1420,1.7E0);
#1422=CARTESIAN_POINT('',(1.1E0,-2.8E0,-7.E0));
#1423=LINE('',#1422,#1421);
#1424=DIRECTION('',(0.E0,0.E0,1.E0));
#1425=VECTOR('',#1424,2.E-1);
#1426=CARTESIAN_POINT('',(7.5E-1,-2.8E0,-7.E0));
#1427=LINE('',#1426,#1425);
#1428=DIRECTION('',(0.E0,1.E0,0.E0));
#1429=VECTOR('',#1428,1.9E0);
#1430=CARTESIAN_POINT('',(2.8E0,-2.8E0,-7.E0));
#1431=LINE('',#1430,#1429);
#1432=DIRECTION('',(-1.230912142511E-1,1.230912142511E-1,-9.847319970166E-1));
#1433=VECTOR('',#1432,8.124037833885E-1);
#1434=CARTESIAN_POINT('',(2.8E0,-2.8E0,-7.E0));
#1435=LINE('',#1434,#1433);
#1436=DIRECTION('',(1.230912142511E-1,1.230912142511E-1,-9.847319970166E-1));
#1437=VECTOR('',#1436,8.124037833885E-1);
#1438=CARTESIAN_POINT('',(1.1E0,-2.8E0,-7.E0));
#1439=LINE('',#1438,#1437);
#1440=DIRECTION('',(-1.230912142511E-1,-1.230912142511E-1,-9.847319970166E-1));
#1441=VECTOR('',#1440,8.124037833885E-1);
#1442=CARTESIAN_POINT('',(-1.1E0,-9.E-1,-7.E0));
#1443=LINE('',#1442,#1441);
#1444=CARTESIAN_POINT('',(2.1E0,-1.85E0,-8.2E0));
#1445=DIRECTION('',(0.E0,0.E0,-1.E0));
#1446=DIRECTION('',(-1.E0,0.E0,0.E0));
#1447=AXIS2_PLACEMENT_3D('',#1444,#1445,#1446);
#1449=DIRECTION('',(3.419342585683E-10,-1.635171442134E-9,-1.E0));
#1450=VECTOR('',#1449,4.000000001368E-1);
#1451=CARTESIAN_POINT('',(1.7E0,-1.85E0,-7.8E0));
#1452=LINE('',#1451,#1450);
#1453=DIRECTION('',(-7.071067811866E-1,0.E0,7.071067811865E-1));
#1454=VECTOR('',#1453,1.414213562373E-1);
#1455=CARTESIAN_POINT('',(1.800000000137E0,-1.850000000654E0,
-8.300000000137E0));
#1456=LINE('',#1455,#1454);
#1457=CARTESIAN_POINT('',(2.1E0,-1.85E0,-8.3E0));
#1458=DIRECTION('',(0.E0,0.E0,-1.E0));
#1459=DIRECTION('',(-1.E0,0.E0,0.E0));
#1460=AXIS2_PLACEMENT_3D('',#1457,#1458,#1459);
#1462=CARTESIAN_POINT('',(2.1E0,-1.85E0,-8.3E0));
#1463=DIRECTION('',(0.E0,0.E0,-1.E0));
#1464=DIRECTION('',(1.E0,0.E0,0.E0));
#1465=AXIS2_PLACEMENT_3D('',#1462,#1463,#1464);
#1467=CARTESIAN_POINT('',(-2.1E0,-1.85E0,-8.3E0));
#1468=DIRECTION('',(0.E0,0.E0,-1.E0));
#1469=DIRECTION('',(-1.E0,0.E0,0.E0));
#1470=AXIS2_PLACEMENT_3D('',#1467,#1468,#1469);
#1472=CARTESIAN_POINT('',(-2.1E0,-1.85E0,-8.3E0));
#1473=DIRECTION('',(0.E0,0.E0,-1.E0));
#1474=DIRECTION('',(1.E0,0.E0,0.E0));
#1475=AXIS2_PLACEMENT_3D('',#1472,#1473,#1474);
#1477=DIRECTION('',(7.071067811866E-1,0.E0,7.071067811865E-1));
#1478=VECTOR('',#1477,1.414213562373E-1);
#1479=CARTESIAN_POINT('',(2.399999999863E0,-1.849999999346E0,
-8.300000000137E0));
#1480=LINE('',#1479,#1478);
#1481=CARTESIAN_POINT('',(2.1E0,-1.85E0,-8.2E0));
#1482=DIRECTION('',(0.E0,0.E0,-1.E0));
#1483=DIRECTION('',(1.E0,0.E0,0.E0));
#1484=AXIS2_PLACEMENT_3D('',#1481,#1482,#1483);
#1486=DIRECTION('',(-3.419342585683E-10,1.635171442134E-9,-1.E0));
#1487=VECTOR('',#1486,4.000000001368E-1);
#1488=CARTESIAN_POINT('',(2.5E0,-1.85E0,-7.8E0));
#1489=LINE('',#1488,#1487);
#1490=DIRECTION('',(-7.071067811866E-1,0.E0,7.071067811865E-1));
#1491=VECTOR('',#1490,1.414213562373E-1);
#1492=CARTESIAN_POINT('',(-2.399999999863E0,-1.850000000654E0,
-8.300000000137E0));
#1493=LINE('',#1492,#1491);
#1494=DIRECTION('',(7.071067811866E-1,0.E0,7.071067811865E-1));
#1495=VECTOR('',#1494,1.414213562373E-1);
#1496=CARTESIAN_POINT('',(-1.800000000137E0,-1.849999999346E0,
-8.300000000137E0));
#1497=LINE('',#1496,#1495);
#1498=CARTESIAN_POINT('',(-2.1E0,-1.85E0,-8.2E0));
#1499=DIRECTION('',(0.E0,0.E0,-1.E0));
#1500=DIRECTION('',(1.E0,0.E0,0.E0));
#1501=AXIS2_PLACEMENT_3D('',#1498,#1499,#1500);
#1503=DIRECTION('',(-3.419348136798E-10,1.635171442134E-9,-1.E0));
#1504=VECTOR('',#1503,4.000000001368E-1);
#1505=CARTESIAN_POINT('',(-1.7E0,-1.85E0,-7.8E0));
#1506=LINE('',#1505,#1504);
#1507=CARTESIAN_POINT('',(-2.1E0,-1.85E0,-8.2E0));
#1508=DIRECTION('',(0.E0,0.E0,-1.E0));
#1509=DIRECTION('',(-1.E0,0.E0,0.E0));
#1510=AXIS2_PLACEMENT_3D('',#1507,#1508,#1509);
#1512=DIRECTION('',(3.419353687913E-10,-1.635171997246E-9,-1.E0));
#1513=VECTOR('',#1512,4.000000001368E-1);
#1514=CARTESIAN_POINT('',(-2.5E0,-1.85E0,-7.8E0));
#1515=LINE('',#1514,#1513);
#1516=DIRECTION('',(0.E0,0.E0,1.E0));
#1517=VECTOR('',#1516,2.E-1);
#1518=CARTESIAN_POINT('',(7.5E-1,2.8E0,-7.E0));
#1519=LINE('',#1518,#1517);
#1520=DIRECTION('',(0.E0,0.E0,1.E0));
#1521=VECTOR('',#1520,2.E-1);
#1522=CARTESIAN_POINT('',(7.5E-1,2.15E0,-7.E0));
#1523=LINE('',#1522,#1521);
#1524=DIRECTION('',(0.E0,0.E0,1.E0));
#1525=VECTOR('',#1524,2.E-1);
#1526=CARTESIAN_POINT('',(-7.5E-1,2.15E0,-7.E0));
#1527=LINE('',#1526,#1525);
#1528=DIRECTION('',(0.E0,1.E0,0.E0));
#1529=VECTOR('',#1528,2.8E-1);
#1530=CARTESIAN_POINT('',(-2.5E-1,2.02E0,-2.7E0));
#1531=LINE('',#1530,#1529);
#1532=CARTESIAN_POINT('',(-2.5E-1,2.3E0,-2.8E0));
#1533=DIRECTION('',(-1.E0,0.E0,0.E0));
#1534=DIRECTION('',(0.E0,0.E0,1.E0));
#1535=AXIS2_PLACEMENT_3D('',#1532,#1533,#1534);
#1537=DIRECTION('',(0.E0,0.E0,-1.E0));
#1538=VECTOR('',#1537,2.9E0);
#1539=CARTESIAN_POINT('',(-2.5E-1,2.4E0,-2.8E0));
#1540=LINE('',#1539,#1538);
#1541=DIRECTION('',(0.E0,0.E0,1.E0));
#1542=VECTOR('',#1541,2.9E0);
#1543=CARTESIAN_POINT('',(-2.5E-1,2.6E0,-5.7E0));
#1544=LINE('',#1543,#1542);
#1545=CARTESIAN_POINT('',(-2.5E-1,2.3E0,-2.8E0));
#1546=DIRECTION('',(1.E0,0.E0,0.E0));
#1547=DIRECTION('',(0.E0,1.E0,0.E0));
#1548=AXIS2_PLACEMENT_3D('',#1545,#1546,#1547);
#1550=DIRECTION('',(0.E0,-1.E0,0.E0));
#1551=VECTOR('',#1550,1.25E0);
#1552=CARTESIAN_POINT('',(-2.5E-1,2.3E0,-2.5E0));
#1553=LINE('',#1552,#1551);
#1554=DIRECTION('',(0.E0,1.E0,0.E0));
#1555=VECTOR('',#1554,4.5E-1);
#1556=CARTESIAN_POINT('',(-2.5E-1,1.05E0,-2.7E0));
#1557=LINE('',#1556,#1555);
#1558=CARTESIAN_POINT('',(-2.5E-1,3.522023347123E0,-7.1E0));
#1559=DIRECTION('',(-1.E0,0.E0,0.E0));
#1560=DIRECTION('',(0.E0,0.E0,1.E0));
#1561=AXIS2_PLACEMENT_3D('',#1558,#1559,#1560);
#1563=DIRECTION('',(0.E0,-1.E0,0.E0));
#1564=VECTOR('',#1563,4.720233471228E-1);
#1565=CARTESIAN_POINT('',(-2.5E-1,3.522023347123E0,-6.8E0));
#1566=LINE('',#1565,#1564);
#1567=CARTESIAN_POINT('',(-2.5E-1,2.7E0,-6.699290782236E0));
#1568=DIRECTION('',(1.E0,0.E0,0.E0));
#1569=DIRECTION('',(0.E0,-9.419698830841E-1,-3.356973925466E-1));
#1570=AXIS2_PLACEMENT_3D('',#1567,#1568,#1569);
#1572=DIRECTION('',(0.E0,1.E0,0.E0));
#1573=VECTOR('',#1572,8.218465192741E-1);
#1574=CARTESIAN_POINT('',(-2.5E-1,2.7E0,-6.999290782236E0));
#1575=LINE('',#1574,#1573);
#1576=DIRECTION('',(0.E0,2.419218955997E-1,-9.702957262760E-1));
#1577=VECTOR('',#1576,5.127075823710E-1);
#1578=CARTESIAN_POINT('',(-2.5E-1,3.618876091902E0,-7.075098592676E0));
#1579=LINE('',#1578,#1577);
#1580=CARTESIAN_POINT('',(-2.5E-1,4.034E0,-7.5E0));
#1581=DIRECTION('',(1.E0,0.E0,0.E0));
#1582=DIRECTION('',(0.E0,-9.702957262760E-1,-2.419218955997E-1));
#1583=AXIS2_PLACEMENT_3D('',#1580,#1581,#1582);
#1585=DIRECTION('',(0.E0,1.E0,0.E0));
#1586=VECTOR('',#1585,9.66E-1);
#1587=CARTESIAN_POINT('',(-2.5E-1,4.034E0,-7.8E0));
#1588=LINE('',#1587,#1586);
#1589=DIRECTION('',(0.E0,0.E0,1.E0));
#1590=VECTOR('',#1589,2.E-1);
#1591=CARTESIAN_POINT('',(-2.5E-1,5.E0,-7.8E0));
#1592=LINE('',#1591,#1590);
#1593=DIRECTION('',(0.E0,-1.E0,0.E0));
#1594=VECTOR('',#1593,9.66E-1);
#1595=CARTESIAN_POINT('',(-2.5E-1,5.E0,-7.6E0));
#1596=LINE('',#1595,#1594);
#1597=CARTESIAN_POINT('',(-2.5E-1,4.034E0,-7.5E0));
#1598=DIRECTION('',(-1.E0,0.E0,0.E0));
#1599=DIRECTION('',(0.E0,0.E0,-1.E0));
#1600=AXIS2_PLACEMENT_3D('',#1597,#1598,#1599);
#1602=DIRECTION('',(0.E0,-2.419218955997E-1,9.702957262760E-1));
#1603=VECTOR('',#1602,5.119766528772E-1);
#1604=CARTESIAN_POINT('',(-2.5E-1,3.936970427372E0,-7.524192189560E0));
#1605=LINE('',#1604,#1603);
#1606=DIRECTION('',(0.E0,1.E0,0.E0));
#1607=VECTOR('',#1606,5.2E-1);
#1608=CARTESIAN_POINT('',(-2.E-1,-2.02E0,-2.7E0));
#1609=LINE('',#1608,#1607);
#1610=DIRECTION('',(-1.E0,0.E0,0.E0));
#1611=VECTOR('',#1610,3.5E-1);
#1612=CARTESIAN_POINT('',(-2.E-1,-2.02E0,-2.7E0));
#1613=LINE('',#1612,#1611);
#1614=DIRECTION('',(0.E0,-1.E0,0.E0));
#1615=VECTOR('',#1614,5.2E-1);
#1616=CARTESIAN_POINT('',(-5.5E-1,-1.5E0,-2.7E0));
#1617=LINE('',#1616,#1615);
#1618=DIRECTION('',(0.E0,1.E0,0.E0));
#1619=VECTOR('',#1618,5.2E-1);
#1620=CARTESIAN_POINT('',(2.E-1,-2.02E0,-2.7E0));
#1621=LINE('',#1620,#1619);
#1622=DIRECTION('',(0.E0,1.E0,0.E0));
#1623=VECTOR('',#1622,5.2E-1);
#1624=CARTESIAN_POINT('',(5.5E-1,-2.02E0,-2.7E0));
#1625=LINE('',#1624,#1623);
#1626=DIRECTION('',(-1.E0,0.E0,0.E0));
#1627=VECTOR('',#1626,3.5E-1);
#1628=CARTESIAN_POINT('',(5.5E-1,-2.02E0,-2.7E0));
#1629=LINE('',#1628,#1627);
#1630=DIRECTION('',(0.E0,-1.E0,0.E0));
#1631=VECTOR('',#1630,5.2E-1);
#1632=CARTESIAN_POINT('',(-2.5E-1,2.02E0,-2.7E0));
#1633=LINE('',#1632,#1631);
#1634=DIRECTION('',(0.E0,-1.E0,0.E0));
#1635=VECTOR('',#1634,5.2E-1);
#1636=CARTESIAN_POINT('',(-5.5E-1,2.02E0,-2.7E0));
#1637=LINE('',#1636,#1635);
#1638=DIRECTION('',(-1.E0,0.E0,0.E0));
#1639=VECTOR('',#1638,3.E-1);
#1640=CARTESIAN_POINT('',(-2.5E-1,2.02E0,-2.7E0));
#1641=LINE('',#1640,#1639);
#1642=DIRECTION('',(0.E0,-1.E0,0.E0));
#1643=VECTOR('',#1642,5.2E-1);
#1644=CARTESIAN_POINT('',(2.5E-1,2.02E0,-2.7E0));
#1645=LINE('',#1644,#1643);
#1646=DIRECTION('',(-1.E0,0.E0,0.E0));
#1647=VECTOR('',#1646,3.E-1);
#1648=CARTESIAN_POINT('',(5.5E-1,2.02E0,-2.7E0));
#1649=LINE('',#1648,#1647);
#1650=DIRECTION('',(0.E0,1.E0,0.E0));
#1651=VECTOR('',#1650,5.2E-1);
#1652=CARTESIAN_POINT('',(5.5E-1,1.5E0,-2.7E0));
#1653=LINE('',#1652,#1651);
#1654=DIRECTION('',(0.E0,1.E0,0.E0));
#1655=VECTOR('',#1654,4.5E-1);
#1656=CARTESIAN_POINT('',(-2.E-1,-1.5E0,-2.7E0));
#1657=LINE('',#1656,#1655);
#1658=DIRECTION('',(0.E0,-1.E0,0.E0));
#1659=VECTOR('',#1658,1.25E0);
#1660=CARTESIAN_POINT('',(-2.E-1,-1.05E0,-2.5E0));
#1661=LINE('',#1660,#1659);
#1662=CARTESIAN_POINT('',(-2.E-1,-2.3E0,-2.8E0));
#1663=DIRECTION('',(1.E0,0.E0,0.E0));
#1664=DIRECTION('',(0.E0,0.E0,1.E0));
#1665=AXIS2_PLACEMENT_3D('',#1662,#1663,#1664);
#1667=DIRECTION('',(0.E0,0.E0,-1.E0));
#1668=VECTOR('',#1667,2.9E0);
#1669=CARTESIAN_POINT('',(-2.E-1,-2.6E0,-2.8E0));
#1670=LINE('',#1669,#1668);
#1671=DIRECTION('',(0.E0,0.E0,1.E0));
#1672=VECTOR('',#1671,2.9E0);
#1673=CARTESIAN_POINT('',(-2.E-1,-2.4E0,-5.7E0));
#1674=LINE('',#1673,#1672);
#1675=CARTESIAN_POINT('',(-2.E-1,-2.3E0,-2.8E0));
#1676=DIRECTION('',(-1.E0,0.E0,0.E0));
#1677=DIRECTION('',(0.E0,-1.E0,0.E0));
#1678=AXIS2_PLACEMENT_3D('',#1675,#1676,#1677);
#1680=DIRECTION('',(0.E0,1.E0,0.E0));
#1681=VECTOR('',#1680,2.8E-1);
#1682=CARTESIAN_POINT('',(-2.E-1,-2.3E0,-2.7E0));
#1683=LINE('',#1682,#1681);
#1684=CARTESIAN_POINT('',(-2.E-1,-3.522023347123E0,-7.1E0));
#1685=DIRECTION('',(-1.E0,0.E0,0.E0));
#1686=DIRECTION('',(0.E0,-9.702957262760E-1,2.419218955997E-1));
#1687=AXIS2_PLACEMENT_3D('',#1684,#1685,#1686);
#1689=DIRECTION('',(0.E0,-2.419218955997E-1,-9.702957262760E-1));
#1690=VECTOR('',#1689,5.119766528772E-1);
#1691=CARTESIAN_POINT('',(-2.E-1,-3.813112065006E0,-7.027423431320E0));
#1692=LINE('',#1691,#1690);
#1693=CARTESIAN_POINT('',(-2.E-1,-4.034E0,-7.5E0));
#1694=DIRECTION('',(-1.E0,0.E0,0.E0));
#1695=DIRECTION('',(0.E0,9.702957262760E-1,-2.419218955997E-1));
#1696=AXIS2_PLACEMENT_3D('',#1693,#1694,#1695);
#1698=DIRECTION('',(0.E0,-1.E0,0.E0));
#1699=VECTOR('',#1698,9.66E-1);
#1700=CARTESIAN_POINT('',(-2.E-1,-4.034E0,-7.6E0));
#1701=LINE('',#1700,#1699);
#1702=DIRECTION('',(0.E0,0.E0,-1.E0));
#1703=VECTOR('',#1702,2.E-1);
#1704=CARTESIAN_POINT('',(-2.E-1,-5.E0,-7.6E0));
#1705=LINE('',#1704,#1703);
#1706=DIRECTION('',(0.E0,1.E0,0.E0));
#1707=VECTOR('',#1706,9.66E-1);
#1708=CARTESIAN_POINT('',(-2.E-1,-5.E0,-7.8E0));
#1709=LINE('',#1708,#1707);
#1710=CARTESIAN_POINT('',(-2.E-1,-4.034E0,-7.5E0));
#1711=DIRECTION('',(1.E0,0.E0,0.E0));
#1712=DIRECTION('',(0.E0,0.E0,-1.E0));
#1713=AXIS2_PLACEMENT_3D('',#1710,#1711,#1712);
#1715=DIRECTION('',(0.E0,2.419218955997E-1,9.702957262760E-1));
#1716=VECTOR('',#1715,5.127075823710E-1);
#1717=CARTESIAN_POINT('',(-2.E-1,-3.742911282117E0,-7.572576568680E0));
#1718=LINE('',#1717,#1716);
#1719=DIRECTION('',(0.E0,1.E0,0.E0));
#1720=VECTOR('',#1719,8.218465192741E-1);
#1721=CARTESIAN_POINT('',(-2.E-1,-3.521846519274E0,-6.999290782236E0));
#1722=LINE('',#1721,#1720);
#1723=CARTESIAN_POINT('',(-2.E-1,-2.7E0,-6.699290782236E0));
#1724=DIRECTION('',(1.E0,0.E0,0.E0));
#1725=DIRECTION('',(0.E0,0.E0,-1.E0));
#1726=AXIS2_PLACEMENT_3D('',#1723,#1724,#1725);
#1728=DIRECTION('',(0.E0,-1.E0,0.E0));
#1729=VECTOR('',#1728,4.720233471228E-1);
#1730=CARTESIAN_POINT('',(-2.E-1,-3.05E0,-6.8E0));
#1731=LINE('',#1730,#1729);
#1732=DIRECTION('',(1.E0,0.E0,0.E0));
#1733=VECTOR('',#1732,4.E-1);
#1734=CARTESIAN_POINT('',(-2.E-1,-2.3E0,-2.7E0));
#1735=LINE('',#1734,#1733);
#1736=DIRECTION('',(1.E0,0.E0,0.E0));
#1737=VECTOR('',#1736,4.E-1);
#1738=CARTESIAN_POINT('',(-2.E-1,-2.4E0,-2.8E0));
#1739=LINE('',#1738,#1737);
#1740=DIRECTION('',(0.E0,-1.E0,0.E0));
#1741=VECTOR('',#1740,2.E-1);
#1742=CARTESIAN_POINT('',(-2.E-1,-2.4E0,-5.7E0));
#1743=LINE('',#1742,#1741);
#1744=DIRECTION('',(1.E0,0.E0,0.E0));
#1745=VECTOR('',#1744,4.E-1);
#1746=CARTESIAN_POINT('',(-2.E-1,-2.6E0,-5.7E0));
#1747=LINE('',#1746,#1745);
#1748=DIRECTION('',(0.E0,-1.E0,0.E0));
#1749=VECTOR('',#1748,2.E-1);
#1750=CARTESIAN_POINT('',(2.E-1,-2.4E0,-5.7E0));
#1751=LINE('',#1750,#1749);
#1752=DIRECTION('',(1.E0,0.E0,0.E0));
#1753=VECTOR('',#1752,4.E-1);
#1754=CARTESIAN_POINT('',(-2.E-1,-2.4E0,-5.7E0));
#1755=LINE('',#1754,#1753);
#1756=DIRECTION('',(0.E0,1.E0,0.E0));
#1757=VECTOR('',#1756,7.E-1);
#1758=CARTESIAN_POINT('',(-5.5E-1,-3.05E0,-5.7E0));
#1759=LINE('',#1758,#1757);
#1760=DIRECTION('',(0.E0,1.E0,0.E0));
#1761=VECTOR('',#1760,7.E-1);
#1762=CARTESIAN_POINT('',(-5.5E-1,2.35E0,-5.7E0));
#1763=LINE('',#1762,#1761);
#1764=DIRECTION('',(0.E0,0.E0,-1.E0));
#1765=VECTOR('',#1764,1.1E0);
#1766=CARTESIAN_POINT('',(-2.07E0,-3.05E0,-2.8E0));
#1767=LINE('',#1766,#1765);
#1768=DIRECTION('',(1.E0,0.E0,0.E0));
#1769=VECTOR('',#1768,8.E-1);
#1770=CARTESIAN_POINT('',(-2.07E0,-3.05E0,-3.9E0));
#1771=LINE('',#1770,#1769);
#1772=DIRECTION('',(0.E0,0.E0,1.E0));
#1773=VECTOR('',#1772,1.1E0);
#1774=CARTESIAN_POINT('',(-1.27E0,-3.05E0,-3.9E0));
#1775=LINE('',#1774,#1773);
#1776=DIRECTION('',(-1.E0,0.E0,0.E0));
#1777=VECTOR('',#1776,8.E-1);
#1778=CARTESIAN_POINT('',(-1.27E0,-3.05E0,-2.8E0));
#1779=LINE('',#1778,#1777);
#1780=DIRECTION('',(-1.E0,0.E0,0.E0));
#1781=VECTOR('',#1780,8.E-1);
#1782=CARTESIAN_POINT('',(2.07E0,-3.05E0,-2.8E0));
#1783=LINE('',#1782,#1781);
#1784=DIRECTION('',(0.E0,0.E0,-1.E0));
#1785=VECTOR('',#1784,1.1E0);
#1786=CARTESIAN_POINT('',(1.27E0,-3.05E0,-2.8E0));
#1787=LINE('',#1786,#1785);
#1788=DIRECTION('',(1.E0,0.E0,0.E0));
#1789=VECTOR('',#1788,8.E-1);
#1790=CARTESIAN_POINT('',(1.27E0,-3.05E0,-3.9E0));
#1791=LINE('',#1790,#1789);
#1792=DIRECTION('',(0.E0,0.E0,1.E0));
#1793=VECTOR('',#1792,1.1E0);
#1794=CARTESIAN_POINT('',(2.07E0,-3.05E0,-3.9E0));
#1795=LINE('',#1794,#1793);
#1796=DIRECTION('',(-1.E0,0.E0,0.E0));
#1797=VECTOR('',#1796,2.85E0);
#1798=CARTESIAN_POINT('',(-2.E-1,-3.05E0,-6.8E0));
#1799=LINE('',#1798,#1797);
#1800=DIRECTION('',(0.E0,0.E0,-1.E0));
#1801=VECTOR('',#1800,3.5E0);
#1802=CARTESIAN_POINT('',(-5.5E-1,-3.05E0,-2.2E0));
#1803=LINE('',#1802,#1801);
#1804=DIRECTION('',(1.E0,0.E0,0.E0));
#1805=VECTOR('',#1804,1.1E0);
#1806=CARTESIAN_POINT('',(-5.5E-1,-3.05E0,-5.7E0));
#1807=LINE('',#1806,#1805);
#1808=DIRECTION('',(0.E0,0.E0,-1.E0));
#1809=VECTOR('',#1808,3.5E0);
#1810=CARTESIAN_POINT('',(5.5E-1,-3.05E0,-2.2E0));
#1811=LINE('',#1810,#1809);
#1812=DIRECTION('',(0.E0,0.E0,1.E0));
#1813=VECTOR('',#1812,4.6E0);
#1814=CARTESIAN_POINT('',(3.05E0,-3.05E0,-6.8E0));
#1815=LINE('',#1814,#1813);
#1816=DIRECTION('',(-1.E0,0.E0,0.E0));
#1817=VECTOR('',#1816,2.85E0);
#1818=CARTESIAN_POINT('',(3.05E0,-3.05E0,-6.8E0));
#1819=LINE('',#1818,#1817);
#1820=DIRECTION('',(1.E0,0.E0,0.E0));
#1821=VECTOR('',#1820,4.E-1);
#1822=CARTESIAN_POINT('',(-2.E-1,-3.05E0,-6.8E0));
#1823=LINE('',#1822,#1821);
#1824=DIRECTION('',(0.E0,1.E0,0.E0));
#1825=VECTOR('',#1824,1.E0);
#1826=CARTESIAN_POINT('',(-2.07E0,-3.05E0,-2.8E0));
#1827=LINE('',#1826,#1825);
#1828=DIRECTION('',(0.E0,1.E0,0.E0));
#1829=VECTOR('',#1828,1.E0);
#1830=CARTESIAN_POINT('',(-1.27E0,-3.05E0,-3.9E0));
#1831=LINE('',#1830,#1829);
#1832=DIRECTION('',(-1.E0,0.E0,0.E0));
#1833=VECTOR('',#1832,1.7E-1);
#1834=CARTESIAN_POINT('',(2.07E0,-2.05E0,-2.8E0));
#1835=LINE('',#1834,#1833);
#1836=DIRECTION('',(1.E0,0.E0,0.E0));
#1837=VECTOR('',#1836,4.6E-1);
#1838=CARTESIAN_POINT('',(1.44E0,-2.27E0,-2.8E0));
#1839=LINE('',#1838,#1837);
#1840=DIRECTION('',(0.E0,-1.E0,0.E0));
#1841=VECTOR('',#1840,2.2E-1);
#1842=CARTESIAN_POINT('',(1.44E0,-2.05E0,-2.8E0));
#1843=LINE('',#1842,#1841);
#1844=DIRECTION('',(-1.E0,0.E0,0.E0));
#1845=VECTOR('',#1844,1.7E-1);
#1846=CARTESIAN_POINT('',(1.44E0,-2.05E0,-2.8E0));
#1847=LINE('',#1846,#1845);
#1848=DIRECTION('',(0.E0,1.E0,0.E0));
#1849=VECTOR('',#1848,1.E0);
#1850=CARTESIAN_POINT('',(2.07E0,-3.05E0,-2.8E0));
#1851=LINE('',#1850,#1849);
#1852=DIRECTION('',(0.E0,-1.E0,0.E0));
#1853=VECTOR('',#1852,2.2E-1);
#1854=CARTESIAN_POINT('',(1.9E0,-2.05E0,-2.8E0));
#1855=LINE('',#1854,#1853);
#1856=DIRECTION('',(4.747220185825E-2,-4.994362797321E-1,8.650490116393E-1));
#1857=VECTOR('',#1856,5.005643565463E-1);
#1858=CARTESIAN_POINT('',(1.395E0,-2.02E0,-3.62E0));
#1859=LINE('',#1858,#1857);
#1860=DIRECTION('',(-4.747220185825E-2,-4.994362797321E-1,8.650490116393E-1));
#1861=VECTOR('',#1860,5.005643565463E-1);
#1862=CARTESIAN_POINT('',(1.945E0,-2.02E0,-3.62E0));
#1863=LINE('',#1862,#1861);
#1864=DIRECTION('',(0.E0,1.E0,1.480297366167E-14));
#1865=VECTOR('',#1864,3.E-2);
#1866=CARTESIAN_POINT('',(1.44E0,-2.05E0,-2.8E0));
#1867=LINE('',#1866,#1865);
#1868=DIRECTION('',(0.E0,1.E0,1.480297366167E-14));
#1869=VECTOR('',#1868,3.E-2);
#1870=CARTESIAN_POINT('',(1.9E0,-2.05E0,-2.8E0));
#1871=LINE('',#1870,#1869);
#1872=DIRECTION('',(5.479559958944E-2,0.E0,9.984975925187E-1));
#1873=VECTOR('',#1872,3.875695855526E-1);
#1874=CARTESIAN_POINT('',(1.418762892177E0,-2.27E0,-3.186987298108E0));
#1875=LINE('',#1874,#1873);
#1876=DIRECTION('',(-5.479559958944E-2,0.E0,9.984975925187E-1));
#1877=VECTOR('',#1876,3.875695855526E-1);
#1878=CARTESIAN_POINT('',(1.921237107823E0,-2.27E0,-3.186987298108E0));
#1879=LINE('',#1878,#1877);
#1880=DIRECTION('',(1.E0,0.E0,0.E0));
#1881=VECTOR('',#1880,5.024742156460E-1);
#1882=CARTESIAN_POINT('',(1.418762892177E0,-2.27E0,-3.186987298108E0));
#1883=LINE('',#1882,#1881);
#1884=DIRECTION('',(0.E0,1.E0,0.E0));
#1885=VECTOR('',#1884,1.E0);
#1886=CARTESIAN_POINT('',(1.27E0,-3.05E0,-2.8E0));
#1887=LINE('',#1886,#1885);
#1888=DIRECTION('',(0.E0,1.E0,0.E0));
#1889=VECTOR('',#1888,1.E0);
#1890=CARTESIAN_POINT('',(2.07E0,-3.05E0,-3.9E0));
#1891=LINE('',#1890,#1889);
#1892=DIRECTION('',(0.E0,1.E0,0.E0));
#1893=VECTOR('',#1892,7.E-1);
#1894=CARTESIAN_POINT('',(5.5E-1,-3.05E0,-5.7E0));
#1895=LINE('',#1894,#1893);
#1896=DIRECTION('',(0.E0,1.E0,0.E0));
#1897=VECTOR('',#1896,7.E-1);
#1898=CARTESIAN_POINT('',(5.5E-1,2.35E0,-5.7E0));
#1899=LINE('',#1898,#1897);
#1900=DIRECTION('',(0.E0,0.E0,-1.E0));
#1901=VECTOR('',#1900,5.5E-1);
#1902=CARTESIAN_POINT('',(3.5E-1,-2.35E0,-2.2E0));
#1903=LINE('',#1902,#1901);
#1904=DIRECTION('',(0.E0,0.E0,-1.E0));
#1905=VECTOR('',#1904,3.5E0);
#1906=CARTESIAN_POINT('',(5.5E-1,-2.35E0,-2.2E0));
#1907=LINE('',#1906,#1905);
#1908=DIRECTION('',(1.E0,0.E0,0.E0));
#1909=VECTOR('',#1908,1.1E0);
#1910=CARTESIAN_POINT('',(-5.5E-1,-2.35E0,-5.7E0));
#1911=LINE('',#1910,#1909);
#1912=DIRECTION('',(0.E0,0.E0,1.E0));
#1913=VECTOR('',#1912,3.5E0);
#1914=CARTESIAN_POINT('',(-5.5E-1,-2.35E0,-5.7E0));
#1915=LINE('',#1914,#1913);
#1916=DIRECTION('',(0.E0,0.E0,-1.E0));
#1917=VECTOR('',#1916,5.5E-1);
#1918=CARTESIAN_POINT('',(-3.5E-1,-2.35E0,-2.2E0));
#1919=LINE('',#1918,#1917);
#1920=DIRECTION('',(1.E0,0.E0,0.E0));
#1921=VECTOR('',#1920,7.E-1);
#1922=CARTESIAN_POINT('',(-3.5E-1,-2.35E0,-2.75E0));
#1923=LINE('',#1922,#1921);
#1924=DIRECTION('',(0.E0,1.E0,0.E0));
#1925=VECTOR('',#1924,3.E-1);
#1926=CARTESIAN_POINT('',(3.5E-1,-2.35E0,-2.75E0));
#1927=LINE('',#1926,#1925);
#1928=DIRECTION('',(0.E0,1.E0,0.E0));
#1929=VECTOR('',#1928,3.E-1);
#1930=CARTESIAN_POINT('',(3.5E-1,2.05E0,-2.75E0));
#1931=LINE('',#1930,#1929);
#1932=DIRECTION('',(0.E0,1.E0,0.E0));
#1933=VECTOR('',#1932,3.E-1);
#1934=CARTESIAN_POINT('',(-3.5E-1,-2.35E0,-2.75E0));
#1935=LINE('',#1934,#1933);
#1936=DIRECTION('',(0.E0,1.E0,0.E0));
#1937=VECTOR('',#1936,3.E-1);
#1938=CARTESIAN_POINT('',(-3.5E-1,2.05E0,-2.75E0));
#1939=LINE('',#1938,#1937);
#1940=DIRECTION('',(0.E0,0.E0,-1.E0));
#1941=VECTOR('',#1940,5.5E-1);
#1942=CARTESIAN_POINT('',(3.5E-1,2.35E0,-2.2E0));
#1943=LINE('',#1942,#1941);
#1944=DIRECTION('',(1.E0,0.E0,0.E0));
#1945=VECTOR('',#1944,7.E-1);
#1946=CARTESIAN_POINT('',(-3.5E-1,2.35E0,-2.75E0));
#1947=LINE('',#1946,#1945);
#1948=DIRECTION('',(0.E0,0.E0,-1.E0));
#1949=VECTOR('',#1948,5.5E-1);
#1950=CARTESIAN_POINT('',(-3.5E-1,2.35E0,-2.2E0));
#1951=LINE('',#1950,#1949);
#1952=DIRECTION('',(0.E0,0.E0,-1.E0));
#1953=VECTOR('',#1952,3.5E0);
#1954=CARTESIAN_POINT('',(-5.5E-1,2.35E0,-2.2E0));
#1955=LINE('',#1954,#1953);
#1956=DIRECTION('',(0.E0,0.E0,1.E0));
#1957=VECTOR('',#1956,3.5E0);
#1958=CARTESIAN_POINT('',(5.5E-1,2.35E0,-5.7E0));
#1959=LINE('',#1958,#1957);
#1960=DIRECTION('',(1.E0,0.E0,0.E0));
#1961=VECTOR('',#1960,1.1E0);
#1962=CARTESIAN_POINT('',(-5.5E-1,2.35E0,-5.7E0));
#1963=LINE('',#1962,#1961);
#1964=DIRECTION('',(0.E0,1.E0,0.E0));
#1965=VECTOR('',#1964,2.E-1);
#1966=CARTESIAN_POINT('',(-2.5E-1,2.4E0,-5.7E0));
#1967=LINE('',#1966,#1965);
#1968=DIRECTION('',(1.E0,0.E0,0.E0));
#1969=VECTOR('',#1968,5.E-1);
#1970=CARTESIAN_POINT('',(-2.5E-1,2.4E0,-5.7E0));
#1971=LINE('',#1970,#1969);
#1972=DIRECTION('',(0.E0,1.E0,0.E0));
#1973=VECTOR('',#1972,2.E-1);
#1974=CARTESIAN_POINT('',(2.5E-1,2.4E0,-5.7E0));
#1975=LINE('',#1974,#1973);
#1976=DIRECTION('',(1.E0,0.E0,0.E0));
#1977=VECTOR('',#1976,5.E-1);
#1978=CARTESIAN_POINT('',(-2.5E-1,2.6E0,-5.7E0));
#1979=LINE('',#1978,#1977);
#1980=DIRECTION('',(1.E0,0.E0,0.E0));
#1981=VECTOR('',#1980,5.E-1);
#1982=CARTESIAN_POINT('',(-2.5E-1,2.4E0,-2.8E0));
#1983=LINE('',#1982,#1981);
#1984=DIRECTION('',(1.E0,0.E0,0.E0));
#1985=VECTOR('',#1984,5.E-1);
#1986=CARTESIAN_POINT('',(-2.5E-1,2.3E0,-2.7E0));
#1987=LINE('',#1986,#1985);
#1988=DIRECTION('',(0.E0,1.E0,0.E0));
#1989=VECTOR('',#1988,4.5E-1);
#1990=CARTESIAN_POINT('',(2.5E-1,1.05E0,-2.7E0));
#1991=LINE('',#1990,#1989);
#1992=DIRECTION('',(0.E0,-1.E0,0.E0));
#1993=VECTOR('',#1992,1.25E0);
#1994=CARTESIAN_POINT('',(2.5E-1,2.3E0,-2.5E0));
#1995=LINE('',#1994,#1993);
#1996=CARTESIAN_POINT('',(2.5E-1,2.3E0,-2.8E0));
#1997=DIRECTION('',(1.E0,0.E0,0.E0));
#1998=DIRECTION('',(0.E0,1.E0,0.E0));
#1999=AXIS2_PLACEMENT_3D('',#1996,#1997,#1998);
#2001=DIRECTION('',(0.E0,0.E0,1.E0));
#2002=VECTOR('',#2001,2.9E0);
#2003=CARTESIAN_POINT('',(2.5E-1,2.6E0,-5.7E0));
#2004=LINE('',#2003,#2002);
#2005=DIRECTION('',(0.E0,0.E0,-1.E0));
#2006=VECTOR('',#2005,2.9E0);
#2007=CARTESIAN_POINT('',(2.5E-1,2.4E0,-2.8E0));
#2008=LINE('',#2007,#2006);
#2009=CARTESIAN_POINT('',(2.5E-1,2.3E0,-2.8E0));
#2010=DIRECTION('',(-1.E0,0.E0,0.E0));
#2011=DIRECTION('',(0.E0,0.E0,1.E0));
#2012=AXIS2_PLACEMENT_3D('',#2009,#2010,#2011);
#2014=DIRECTION('',(0.E0,1.E0,0.E0));
#2015=VECTOR('',#2014,2.8E-1);
#2016=CARTESIAN_POINT('',(2.5E-1,2.02E0,-2.7E0));
#2017=LINE('',#2016,#2015);
#2018=CARTESIAN_POINT('',(2.5E-1,3.522023347123E0,-7.1E0));
#2019=DIRECTION('',(1.E0,0.E0,0.E0));
#2020=DIRECTION('',(0.E0,9.702957262760E-1,2.419218955997E-1));
#2021=AXIS2_PLACEMENT_3D('',#2018,#2019,#2020);
#2023=DIRECTION('',(0.E0,-2.419218955997E-1,9.702957262760E-1));
#2024=VECTOR('',#2023,5.119766528772E-1);
#2025=CARTESIAN_POINT('',(2.5E-1,3.936970427372E0,-7.524192189560E0));
#2026=LINE('',#2025,#2024);
#2027=CARTESIAN_POINT('',(2.5E-1,4.034E0,-7.5E0));
#2028=DIRECTION('',(-1.E0,0.E0,0.E0));
#2029=DIRECTION('',(0.E0,0.E0,-1.E0));
#2030=AXIS2_PLACEMENT_3D('',#2027,#2028,#2029);
#2032=DIRECTION('',(0.E0,-1.E0,0.E0));
#2033=VECTOR('',#2032,9.66E-1);
#2034=CARTESIAN_POINT('',(2.5E-1,5.E0,-7.6E0));
#2035=LINE('',#2034,#2033);
#2036=DIRECTION('',(0.E0,0.E0,1.E0));
#2037=VECTOR('',#2036,2.E-1);
#2038=CARTESIAN_POINT('',(2.5E-1,5.E0,-7.8E0));
#2039=LINE('',#2038,#2037);
#2040=DIRECTION('',(0.E0,1.E0,0.E0));
#2041=VECTOR('',#2040,9.66E-1);
#2042=CARTESIAN_POINT('',(2.5E-1,4.034E0,-7.8E0));
#2043=LINE('',#2042,#2041);
#2044=CARTESIAN_POINT('',(2.5E-1,4.034E0,-7.5E0));
#2045=DIRECTION('',(1.E0,0.E0,0.E0));
#2046=DIRECTION('',(0.E0,-9.702957262760E-1,-2.419218955997E-1));
#2047=AXIS2_PLACEMENT_3D('',#2044,#2045,#2046);
#2049=DIRECTION('',(0.E0,2.419218955997E-1,-9.702957262760E-1));
#2050=VECTOR('',#2049,5.127075823710E-1);
#2051=CARTESIAN_POINT('',(2.5E-1,3.618876091902E0,-7.075098592676E0));
#2052=LINE('',#2051,#2050);
#2053=DIRECTION('',(0.E0,1.E0,0.E0));
#2054=VECTOR('',#2053,8.218465192741E-1);
#2055=CARTESIAN_POINT('',(2.5E-1,2.7E0,-6.999290782236E0));
#2056=LINE('',#2055,#2054);
#2057=CARTESIAN_POINT('',(2.5E-1,2.7E0,-6.699290782236E0));
#2058=DIRECTION('',(1.E0,0.E0,0.E0));
#2059=DIRECTION('',(0.E0,-9.419698830841E-1,-3.356973925466E-1));
#2060=AXIS2_PLACEMENT_3D('',#2057,#2058,#2059);
#2062=DIRECTION('',(0.E0,-1.E0,0.E0));
#2063=VECTOR('',#2062,4.720233471228E-1);
#2064=CARTESIAN_POINT('',(2.5E-1,3.522023347123E0,-6.8E0));
#2065=LINE('',#2064,#2063);
#2066=DIRECTION('',(-1.E0,0.E0,0.E0));
#2067=VECTOR('',#2066,2.2E0);
#2068=CARTESIAN_POINT('',(1.15E0,1.05E0,-1.9E0));
#2069=LINE('',#2068,#2067);
#2070=DIRECTION('',(0.E0,0.E0,-1.E0));
#2071=VECTOR('',#2070,1.E0);
#2072=CARTESIAN_POINT('',(-1.05E0,1.05E0,-1.9E0));
#2073=LINE('',#2072,#2071);
#2074=DIRECTION('',(1.E0,0.E0,0.E0));
#2075=VECTOR('',#2074,2.2E0);
#2076=CARTESIAN_POINT('',(-1.05E0,1.05E0,-2.9E0));
#2077=LINE('',#2076,#2075);
#2078=DIRECTION('',(0.E0,0.E0,1.E0));
#2079=VECTOR('',#2078,1.E0);
#2080=CARTESIAN_POINT('',(1.15E0,1.05E0,-2.9E0));
#2081=LINE('',#2080,#2079);
#2082=DIRECTION('',(0.E0,0.E0,1.E0));
#2083=VECTOR('',#2082,2.E-1);
#2084=CARTESIAN_POINT('',(-2.5E-1,1.05E0,-2.7E0));
#2085=LINE('',#2084,#2083);
#2086=DIRECTION('',(1.E0,0.E0,0.E0));
#2087=VECTOR('',#2086,5.E-1);
#2088=CARTESIAN_POINT('',(-2.5E-1,1.05E0,-2.5E0));
#2089=LINE('',#2088,#2087);
#2090=DIRECTION('',(0.E0,0.E0,1.E0));
#2091=VECTOR('',#2090,2.E-1);
#2092=CARTESIAN_POINT('',(2.5E-1,1.05E0,-2.7E0));
#2093=LINE('',#2092,#2091);
#2094=DIRECTION('',(1.E0,0.E0,0.E0));
#2095=VECTOR('',#2094,5.E-1);
#2096=CARTESIAN_POINT('',(-2.5E-1,1.05E0,-2.7E0));
#2097=LINE('',#2096,#2095);
#2098=DIRECTION('',(0.E0,-1.E0,0.E0));
#2099=VECTOR('',#2098,2.1E0);
#2100=CARTESIAN_POINT('',(-1.05E0,1.05E0,-1.9E0));
#2101=LINE('',#2100,#2099);
#2102=DIRECTION('',(-1.E0,0.E0,0.E0));
#2103=VECTOR('',#2102,2.2E0);
#2104=CARTESIAN_POINT('',(1.15E0,-1.05E0,-1.9E0));
#2105=LINE('',#2104,#2103);
#2106=DIRECTION('',(0.E0,0.E0,1.E0));
#2107=VECTOR('',#2106,1.E0);
#2108=CARTESIAN_POINT('',(1.15E0,-1.05E0,-2.9E0));
#2109=LINE('',#2108,#2107);
#2110=DIRECTION('',(1.E0,0.E0,0.E0));
#2111=VECTOR('',#2110,2.2E0);
#2112=CARTESIAN_POINT('',(-1.05E0,-1.05E0,-2.9E0));
#2113=LINE('',#2112,#2111);
#2114=DIRECTION('',(0.E0,0.E0,-1.E0));
#2115=VECTOR('',#2114,1.E0);
#2116=CARTESIAN_POINT('',(-1.05E0,-1.05E0,-1.9E0));
#2117=LINE('',#2116,#2115);
#2118=DIRECTION('',(0.E0,0.E0,1.E0));
#2119=VECTOR('',#2118,2.E-1);
#2120=CARTESIAN_POINT('',(-2.E-1,-1.05E0,-2.7E0));
#2121=LINE('',#2120,#2119);
#2122=DIRECTION('',(1.E0,0.E0,0.E0));
#2123=VECTOR('',#2122,4.E-1);
#2124=CARTESIAN_POINT('',(-2.E-1,-1.05E0,-2.7E0));
#2125=LINE('',#2124,#2123);
#2126=DIRECTION('',(0.E0,0.E0,1.E0));
#2127=VECTOR('',#2126,2.E-1);
#2128=CARTESIAN_POINT('',(2.E-1,-1.05E0,-2.7E0));
#2129=LINE('',#2128,#2127);
#2130=DIRECTION('',(1.E0,0.E0,0.E0));
#2131=VECTOR('',#2130,4.E-1);
#2132=CARTESIAN_POINT('',(-2.E-1,-1.05E0,-2.5E0));
#2133=LINE('',#2132,#2131);
#2134=DIRECTION('',(0.E0,-1.E0,0.E0));
#2135=VECTOR('',#2134,2.1E0);
#2136=CARTESIAN_POINT('',(1.15E0,1.05E0,-1.9E0));
#2137=LINE('',#2136,#2135);
#2138=DIRECTION('',(0.E0,-1.E0,0.E0));
#2139=VECTOR('',#2138,2.1E0);
#2140=CARTESIAN_POINT('',(1.15E0,1.05E0,-2.9E0));
#2141=LINE('',#2140,#2139);
#2142=DIRECTION('',(0.E0,-1.E0,0.E0));
#2143=VECTOR('',#2142,2.1E0);
#2144=CARTESIAN_POINT('',(-1.05E0,1.05E0,-2.9E0));
#2145=LINE('',#2144,#2143);
#2146=DIRECTION('',(0.E0,1.E0,0.E0));
#2147=VECTOR('',#2146,2.8E-1);
#2148=CARTESIAN_POINT('',(2.E-1,-2.3E0,-2.7E0));
#2149=LINE('',#2148,#2147);
#2150=CARTESIAN_POINT('',(2.E-1,-2.3E0,-2.8E0));
#2151=DIRECTION('',(-1.E0,0.E0,0.E0));
#2152=DIRECTION('',(0.E0,-1.E0,0.E0));
#2153=AXIS2_PLACEMENT_3D('',#2150,#2151,#2152);
#2155=DIRECTION('',(0.E0,0.E0,1.E0));
#2156=VECTOR('',#2155,2.9E0);
#2157=CARTESIAN_POINT('',(2.E-1,-2.4E0,-5.7E0));
#2158=LINE('',#2157,#2156);
#2159=DIRECTION('',(0.E0,0.E0,-1.E0));
#2160=VECTOR('',#2159,2.9E0);
#2161=CARTESIAN_POINT('',(2.E-1,-2.6E0,-2.8E0));
#2162=LINE('',#2161,#2160);
#2163=CARTESIAN_POINT('',(2.E-1,-2.3E0,-2.8E0));
#2164=DIRECTION('',(1.E0,0.E0,0.E0));
#2165=DIRECTION('',(0.E0,0.E0,1.E0));
#2166=AXIS2_PLACEMENT_3D('',#2163,#2164,#2165);
#2168=DIRECTION('',(0.E0,-1.E0,0.E0));
#2169=VECTOR('',#2168,1.25E0);
#2170=CARTESIAN_POINT('',(2.E-1,-1.05E0,-2.5E0));
#2171=LINE('',#2170,#2169);
#2172=DIRECTION('',(0.E0,1.E0,0.E0));
#2173=VECTOR('',#2172,4.5E-1);
#2174=CARTESIAN_POINT('',(2.E-1,-1.5E0,-2.7E0));
#2175=LINE('',#2174,#2173);
#2176=CARTESIAN_POINT('',(2.E-1,-3.522023347123E0,-7.1E0));
#2177=DIRECTION('',(1.E0,0.E0,0.E0));
#2178=DIRECTION('',(0.E0,0.E0,1.E0));
#2179=AXIS2_PLACEMENT_3D('',#2176,#2177,#2178);
#2181=DIRECTION('',(0.E0,-1.E0,0.E0));
#2182=VECTOR('',#2181,4.720233471228E-1);
#2183=CARTESIAN_POINT('',(2.E-1,-3.05E0,-6.8E0));
#2184=LINE('',#2183,#2182);
#2185=CARTESIAN_POINT('',(2.E-1,-2.7E0,-6.699290782236E0));
#2186=DIRECTION('',(1.E0,0.E0,0.E0));
#2187=DIRECTION('',(0.E0,0.E0,-1.E0));
#2188=AXIS2_PLACEMENT_3D('',#2185,#2186,#2187);
#2190=DIRECTION('',(0.E0,1.E0,0.E0));
#2191=VECTOR('',#2190,8.218465192741E-1);
#2192=CARTESIAN_POINT('',(2.E-1,-3.521846519274E0,-6.999290782236E0));
#2193=LINE('',#2192,#2191);
#2194=DIRECTION('',(0.E0,2.419218955997E-1,9.702957262760E-1));
#2195=VECTOR('',#2194,5.127075823710E-1);
#2196=CARTESIAN_POINT('',(2.E-1,-3.742911282117E0,-7.572576568680E0));
#2197=LINE('',#2196,#2195);
#2198=CARTESIAN_POINT('',(2.E-1,-4.034E0,-7.5E0));
#2199=DIRECTION('',(1.E0,0.E0,0.E0));
#2200=DIRECTION('',(0.E0,0.E0,-1.E0));
#2201=AXIS2_PLACEMENT_3D('',#2198,#2199,#2200);
#2203=DIRECTION('',(0.E0,1.E0,0.E0));
#2204=VECTOR('',#2203,9.66E-1);
#2205=CARTESIAN_POINT('',(2.E-1,-5.E0,-7.8E0));
#2206=LINE('',#2205,#2204);
#2207=DIRECTION('',(0.E0,0.E0,-1.E0));
#2208=VECTOR('',#2207,2.E-1);
#2209=CARTESIAN_POINT('',(2.E-1,-5.E0,-7.6E0));
#2210=LINE('',#2209,#2208);
#2211=DIRECTION('',(0.E0,-1.E0,0.E0));
#2212=VECTOR('',#2211,9.66E-1);
#2213=CARTESIAN_POINT('',(2.E-1,-4.034E0,-7.6E0));
#2214=LINE('',#2213,#2212);
#2215=CARTESIAN_POINT('',(2.E-1,-4.034E0,-7.5E0));
#2216=DIRECTION('',(-1.E0,0.E0,0.E0));
#2217=DIRECTION('',(0.E0,9.702957262760E-1,-2.419218955997E-1));
#2218=AXIS2_PLACEMENT_3D('',#2215,#2216,#2217);
#2220=DIRECTION('',(0.E0,-2.419218955997E-1,-9.702957262760E-1));
#2221=VECTOR('',#2220,5.119766528772E-1);
#2222=CARTESIAN_POINT('',(2.E-1,-3.813112065006E0,-7.027423431320E0));
#2223=LINE('',#2222,#2221);
#2224=DIRECTION('',(1.E0,0.E0,0.E0));
#2225=VECTOR('',#2224,4.E-1);
#2226=CARTESIAN_POINT('',(-2.E-1,-2.6E0,-2.8E0));
#2227=LINE('',#2226,#2225);
#2228=DIRECTION('',(1.E0,0.E0,0.E0));
#2229=VECTOR('',#2228,4.E-1);
#2230=CARTESIAN_POINT('',(-2.E-1,-2.3E0,-2.5E0));
#2231=LINE('',#2230,#2229);
#2232=DIRECTION('',(-1.E0,0.E0,0.E0));
#2233=VECTOR('',#2232,4.E-1);
#2234=CARTESIAN_POINT('',(2.E-1,-3.522023347123E0,-6.8E0));
#2235=LINE('',#2234,#2233);
#2236=DIRECTION('',(-1.E0,0.E0,0.E0));
#2237=VECTOR('',#2236,4.E-1);
#2238=CARTESIAN_POINT('',(2.E-1,-3.813112065006E0,-7.027423431320E0));
#2239=LINE('',#2238,#2237);
#2240=DIRECTION('',(1.E0,0.E0,0.E0));
#2241=VECTOR('',#2240,4.E-1);
#2242=CARTESIAN_POINT('',(-2.E-1,-3.936970427372E0,-7.524192189560E0));
#2243=LINE('',#2242,#2241);
#2244=DIRECTION('',(1.E0,0.E0,0.E0));
#2245=VECTOR('',#2244,4.E-1);
#2246=CARTESIAN_POINT('',(-2.E-1,-4.034E0,-7.6E0));
#2247=LINE('',#2246,#2245);
#2248=DIRECTION('',(1.E0,0.E0,0.E0));
#2249=VECTOR('',#2248,4.E-1);
#2250=CARTESIAN_POINT('',(-2.E-1,-5.E0,-7.6E0));
#2251=LINE('',#2250,#2249);
#2252=DIRECTION('',(1.E0,0.E0,0.E0));
#2253=VECTOR('',#2252,4.E-1);
#2254=CARTESIAN_POINT('',(-2.E-1,-5.E0,-7.8E0));
#2255=LINE('',#2254,#2253);
#2256=DIRECTION('',(1.E0,0.E0,0.E0));
#2257=VECTOR('',#2256,4.E-1);
#2258=CARTESIAN_POINT('',(-2.E-1,-4.034E0,-7.8E0));
#2259=LINE('',#2258,#2257);
#2260=DIRECTION('',(1.E0,0.E0,0.E0));
#2261=VECTOR('',#2260,4.E-1);
#2262=CARTESIAN_POINT('',(-2.E-1,-3.618876091902E0,-7.075098592676E0));
#2263=LINE('',#2262,#2261);
#2264=DIRECTION('',(1.E0,0.E0,0.E0));
#2265=VECTOR('',#2264,4.E-1);
#2266=CARTESIAN_POINT('',(-2.E-1,-3.742911282117E0,-7.572576568680E0));
#2267=LINE('',#2266,#2265);
#2268=CARTESIAN_POINT('',(-2.E-1,-3.521846519274E0,-7.099290782236E0));
#2269=DIRECTION('',(1.E0,0.E0,0.E0));
#2270=DIRECTION('',(0.E0,0.E0,1.E0));
#2271=AXIS2_PLACEMENT_3D('',#2268,#2269,#2270);
#2273=CARTESIAN_POINT('',(2.E-1,-3.521846519274E0,-7.099290782236E0));
#2274=DIRECTION('',(-1.E0,0.E0,0.E0));
#2275=DIRECTION('',(0.E0,-9.702957262760E-1,2.419218955997E-1));
#2276=AXIS2_PLACEMENT_3D('',#2273,#2274,#2275);
#2278=DIRECTION('',(1.E0,0.E0,0.E0));
#2279=VECTOR('',#2278,4.E-1);
#2280=CARTESIAN_POINT('',(-2.E-1,-3.521846519274E0,-6.999290782236E0));
#2281=LINE('',#2280,#2279);
#2282=DIRECTION('',(1.E0,0.E0,0.E0));
#2283=VECTOR('',#2282,4.E-1);
#2284=CARTESIAN_POINT('',(-2.E-1,-2.7E0,-6.999290782236E0));
#2285=LINE('',#2284,#2283);
#2286=DIRECTION('',(1.E0,0.E0,0.E0));
#2287=VECTOR('',#2286,5.E-1);
#2288=CARTESIAN_POINT('',(-2.5E-1,2.3E0,-2.5E0));
#2289=LINE('',#2288,#2287);
#2290=DIRECTION('',(1.E0,0.E0,0.E0));
#2291=VECTOR('',#2290,5.E-1);
#2292=CARTESIAN_POINT('',(-2.5E-1,2.6E0,-2.8E0));
#2293=LINE('',#2292,#2291);
#2294=DIRECTION('',(-1.E0,0.E0,0.E0));
#2295=VECTOR('',#2294,5.E-1);
#2296=CARTESIAN_POINT('',(2.5E-1,3.813112065006E0,-7.027423431320E0));
#2297=LINE('',#2296,#2295);
#2298=DIRECTION('',(1.E0,0.E0,0.E0));
#2299=VECTOR('',#2298,5.E-1);
#2300=CARTESIAN_POINT('',(-2.5E-1,3.936970427372E0,-7.524192189560E0));
#2301=LINE('',#2300,#2299);
#2302=DIRECTION('',(1.E0,0.E0,0.E0));
#2303=VECTOR('',#2302,5.E-1);
#2304=CARTESIAN_POINT('',(-2.5E-1,4.034E0,-7.6E0));
#2305=LINE('',#2304,#2303);
#2306=DIRECTION('',(1.E0,0.E0,0.E0));
#2307=VECTOR('',#2306,5.E-1);
#2308=CARTESIAN_POINT('',(-2.5E-1,5.E0,-7.6E0));
#2309=LINE('',#2308,#2307);
#2310=DIRECTION('',(1.E0,0.E0,0.E0));
#2311=VECTOR('',#2310,5.E-1);
#2312=CARTESIAN_POINT('',(-2.5E-1,5.E0,-7.8E0));
#2313=LINE('',#2312,#2311);
#2314=DIRECTION('',(1.E0,0.E0,0.E0));
#2315=VECTOR('',#2314,5.E-1);
#2316=CARTESIAN_POINT('',(-2.5E-1,4.034E0,-7.8E0));
#2317=LINE('',#2316,#2315);
#2318=DIRECTION('',(1.E0,0.E0,0.E0));
#2319=VECTOR('',#2318,5.E-1);
#2320=CARTESIAN_POINT('',(-2.5E-1,3.742911282117E0,-7.572576568680E0));
#2321=LINE('',#2320,#2319);
#2322=DIRECTION('',(1.E0,0.E0,0.E0));
#2323=VECTOR('',#2322,5.E-1);
#2324=CARTESIAN_POINT('',(-2.5E-1,3.618876091902E0,-7.075098592676E0));
#2325=LINE('',#2324,#2323);
#2326=CARTESIAN_POINT('',(-2.5E-1,3.521846519274E0,-7.099290782236E0));
#2327=DIRECTION('',(1.E0,0.E0,0.E0));
#2328=DIRECTION('',(0.E0,9.702957262760E-1,2.419218955997E-1));
#2329=AXIS2_PLACEMENT_3D('',#2326,#2327,#2328);
#2331=CARTESIAN_POINT('',(2.5E-1,3.521846519274E0,-7.099290782236E0));
#2332=DIRECTION('',(-1.E0,0.E0,0.E0));
#2333=DIRECTION('',(0.E0,0.E0,1.E0));
#2334=AXIS2_PLACEMENT_3D('',#2331,#2332,#2333);
#2336=DIRECTION('',(1.E0,0.E0,0.E0));
#2337=VECTOR('',#2336,5.E-1);
#2338=CARTESIAN_POINT('',(-2.5E-1,3.521846519274E0,-6.999290782236E0));
#2339=LINE('',#2338,#2337);
#2340=DIRECTION('',(1.E0,0.E0,0.E0));
#2341=VECTOR('',#2340,5.E-1);
#2342=CARTESIAN_POINT('',(-2.5E-1,2.7E0,-6.999290782236E0));
#2343=LINE('',#2342,#2341);
#2344=DIRECTION('',(-1.E0,0.E0,0.E0));
#2345=VECTOR('',#2344,5.E-1);
#2346=CARTESIAN_POINT('',(2.5E-1,3.522023347123E0,-6.8E0));
#2347=LINE('',#2346,#2345);
#2348=DIRECTION('',(1.E0,0.E0,0.E0));
#2349=VECTOR('',#2348,5.E-1);
#2350=CARTESIAN_POINT('',(-2.5E-1,1.5E0,-2.7E0));
#2351=LINE('',#2350,#2349);
#2352=DIRECTION('',(-1.E0,0.E0,0.E0));
#2353=VECTOR('',#2352,3.E-1);
#2354=CARTESIAN_POINT('',(5.5E-1,1.5E0,-2.7E0));
#2355=LINE('',#2354,#2353);
#2356=DIRECTION('',(0.E0,0.E0,-1.E0));
#2357=VECTOR('',#2356,2.7E0);
#2358=CARTESIAN_POINT('',(5.5E-1,1.5E0,0.E0));
#2359=LINE('',#2358,#2357);
#2360=DIRECTION('',(0.E0,0.E0,-1.E0));
#2361=VECTOR('',#2360,3.8E0);
#2362=CARTESIAN_POINT('',(1.75E0,1.5E0,0.E0));
#2363=LINE('',#2362,#2361);
#2364=DIRECTION('',(0.E0,0.E0,-1.E0));
#2365=VECTOR('',#2364,2.7E0);
#2366=CARTESIAN_POINT('',(-5.5E-1,1.5E0,0.E0));
#2367=LINE('',#2366,#2365);
#2368=DIRECTION('',(-1.E0,0.E0,0.E0));
#2369=VECTOR('',#2368,3.E-1);
#2370=CARTESIAN_POINT('',(-2.5E-1,1.5E0,-2.7E0));
#2371=LINE('',#2370,#2369);
#2372=DIRECTION('',(0.E0,0.E0,-1.E0));
#2373=VECTOR('',#2372,3.8E0);
#2374=CARTESIAN_POINT('',(1.75E0,-1.5E0,0.E0));
#2375=LINE('',#2374,#2373);
#2376=DIRECTION('',(-1.E0,0.E0,0.E0));
#2377=VECTOR('',#2376,3.5E-1);
#2378=CARTESIAN_POINT('',(5.5E-1,-1.5E0,-2.7E0));
#2379=LINE('',#2378,#2377);
#2380=DIRECTION('',(1.E0,0.E0,0.E0));
#2381=VECTOR('',#2380,4.E-1);
#2382=CARTESIAN_POINT('',(-2.E-1,-1.5E0,-2.7E0));
#2383=LINE('',#2382,#2381);
#2384=DIRECTION('',(-1.E0,0.E0,0.E0));
#2385=VECTOR('',#2384,3.5E-1);
#2386=CARTESIAN_POINT('',(-2.E-1,-1.5E0,-2.7E0));
#2387=LINE('',#2386,#2385);
#2388=DIRECTION('',(0.E0,0.E0,-1.E0));
#2389=VECTOR('',#2388,2.7E0);
#2390=CARTESIAN_POINT('',(-5.5E-1,-1.5E0,0.E0));
#2391=LINE('',#2390,#2389);
#2392=DIRECTION('',(0.E0,0.E0,-1.E0));
#2393=VECTOR('',#2392,2.7E0);
#2394=CARTESIAN_POINT('',(5.5E-1,-1.5E0,0.E0));
#2395=LINE('',#2394,#2393);
#2396=DIRECTION('',(0.E0,0.E0,-1.E0));
#2397=VECTOR('',#2396,3.8E0);
#2398=CARTESIAN_POINT('',(-1.75E0,-1.5E0,0.E0));
#2399=LINE('',#2398,#2397);
#2400=DIRECTION('',(0.E0,0.E0,-1.E0));
#2401=VECTOR('',#2400,3.8E0);
#2402=CARTESIAN_POINT('',(-1.75E0,1.5E0,0.E0));
#2403=LINE('',#2402,#2401);
#2404=DIRECTION('',(1.E0,0.E0,0.E0));
#2405=VECTOR('',#2404,3.5E0);
#2406=CARTESIAN_POINT('',(-1.75E0,-1.5E0,-3.8E0));
#2407=LINE('',#2406,#2405);
#2408=DIRECTION('',(0.E0,-1.E0,0.E0));
#2409=VECTOR('',#2408,3.E0);
#2410=CARTESIAN_POINT('',(-1.75E0,1.5E0,-3.8E0));
#2411=LINE('',#2410,#2409);
#2412=DIRECTION('',(-1.E0,0.E0,0.E0));
#2413=VECTOR('',#2412,3.5E0);
#2414=CARTESIAN_POINT('',(1.75E0,1.5E0,-3.8E0));
#2415=LINE('',#2414,#2413);
#2416=DIRECTION('',(0.E0,1.E0,0.E0));
#2417=VECTOR('',#2416,3.E0);
#2418=CARTESIAN_POINT('',(1.75E0,-1.5E0,-3.8E0));
#2419=LINE('',#2418,#2417);
#2420=DIRECTION('',(0.E0,-1.E0,0.E0));
#2421=VECTOR('',#2420,2.E-1);
#2422=CARTESIAN_POINT('',(3.05E0,-1.6E0,-3.9E0));
#2423=LINE('',#2422,#2421);
#2424=CARTESIAN_POINT('',(3.05E0,-1.6E0,-3.65E0));
#2425=DIRECTION('',(-1.E0,0.E0,0.E0));
#2426=DIRECTION('',(0.E0,1.E0,0.E0));
#2427=AXIS2_PLACEMENT_3D('',#2424,#2425,#2426);
#2429=DIRECTION('',(0.E0,0.E0,-1.E0));
#2430=VECTOR('',#2429,1.45E0);
#2431=CARTESIAN_POINT('',(3.05E0,-1.35E0,-2.2E0));
#2432=LINE('',#2431,#2430);
#2433=DIRECTION('',(0.E0,0.E0,-1.E0));
#2434=VECTOR('',#2433,1.45E0);
#2435=CARTESIAN_POINT('',(3.05E0,1.35E0,-2.2E0));
#2436=LINE('',#2435,#2434);
#2437=CARTESIAN_POINT('',(3.05E0,1.6E0,-3.65E0));
#2438=DIRECTION('',(-1.E0,0.E0,0.E0));
#2439=DIRECTION('',(0.E0,0.E0,-1.E0));
#2440=AXIS2_PLACEMENT_3D('',#2437,#2438,#2439);
#2442=DIRECTION('',(0.E0,-1.E0,0.E0));
#2443=VECTOR('',#2442,2.E-1);
#2444=CARTESIAN_POINT('',(3.05E0,1.8E0,-3.9E0));
#2445=LINE('',#2444,#2443);
#2446=DIRECTION('',(0.E0,0.E0,1.E0));
#2447=VECTOR('',#2446,4.6E0);
#2448=CARTESIAN_POINT('',(3.05E0,3.05E0,-6.8E0));
#2449=LINE('',#2448,#2447);
#2450=DIRECTION('',(0.E0,-1.E0,0.E0));
#2451=VECTOR('',#2450,6.1E0);
#2452=CARTESIAN_POINT('',(3.05E0,3.05E0,-6.8E0));
#2453=LINE('',#2452,#2451);
#2454=DIRECTION('',(0.E0,0.E0,1.E0));
#2455=VECTOR('',#2454,3.E-1);
#2456=CARTESIAN_POINT('',(3.05E0,-2.575E0,-6.3E0));
#2457=LINE('',#2456,#2455);
#2458=DIRECTION('',(0.E0,1.E0,0.E0));
#2459=VECTOR('',#2458,6.5E-1);
#2460=CARTESIAN_POINT('',(3.05E0,-2.575E0,-6.3E0));
#2461=LINE('',#2460,#2459);
#2462=DIRECTION('',(0.E0,0.E0,1.E0));
#2463=VECTOR('',#2462,3.E-1);
#2464=CARTESIAN_POINT('',(3.05E0,-1.925E0,-6.3E0));
#2465=LINE('',#2464,#2463);
#2466=DIRECTION('',(0.E0,1.E0,0.E0));
#2467=VECTOR('',#2466,6.5E-1);
#2468=CARTESIAN_POINT('',(3.05E0,-2.575E0,-6.E0));
#2469=LINE('',#2468,#2467);
#2470=DIRECTION('',(0.E0,0.E0,1.E0));
#2471=VECTOR('',#2470,3.E-1);
#2472=CARTESIAN_POINT('',(3.05E0,2.575E0,-6.3E0));
#2473=LINE('',#2472,#2471);
#2474=DIRECTION('',(0.E0,-1.E0,0.E0));
#2475=VECTOR('',#2474,6.5E-1);
#2476=CARTESIAN_POINT('',(3.05E0,2.575E0,-6.E0));
#2477=LINE('',#2476,#2475);
#2478=DIRECTION('',(0.E0,0.E0,1.E0));
#2479=VECTOR('',#2478,3.E-1);
#2480=CARTESIAN_POINT('',(3.05E0,1.925E0,-6.3E0));
#2481=LINE('',#2480,#2479);
#2482=DIRECTION('',(0.E0,-1.E0,0.E0));
#2483=VECTOR('',#2482,6.5E-1);
#2484=CARTESIAN_POINT('',(3.05E0,2.575E0,-6.3E0));
#2485=LINE('',#2484,#2483);
#2486=CARTESIAN_POINT('',(3.05E0,-1.8E0,-3.65E0));
#2487=DIRECTION('',(-1.E0,0.E0,0.E0));
#2488=DIRECTION('',(0.E0,0.E0,-1.E0));
#2489=AXIS2_PLACEMENT_3D('',#2486,#2487,#2488);
#2491=CARTESIAN_POINT('',(2.369961507206E0,-2.05E0,-3.65E0));
#2492=CARTESIAN_POINT('',(2.369961507206E0,-2.05E0,-3.668856594698E0));
#2493=CARTESIAN_POINT('',(2.369848792476E0,-2.045860860755E0,
-3.705577342142E0));
#2494=CARTESIAN_POINT('',(2.369894095229E0,-2.027317758555E0,
-3.759046990440E0));
#2495=CARTESIAN_POINT('',(2.369881956312E0,-1.997403418939E0,
-3.806808689269E0));
#2496=CARTESIAN_POINT('',(2.369885209225E0,-1.957442436404E0,
-3.846909557515E0));
#2497=CARTESIAN_POINT('',(2.369884336492E0,-1.909627413136E0,
-3.877049848756E0));
#2498=CARTESIAN_POINT('',(2.369884574510E0,-1.856064689310E0,
-3.895770065311E0));
#2499=CARTESIAN_POINT('',(2.369884521617E0,-1.819046705116E0,-3.9E0));
#2500=CARTESIAN_POINT('',(2.369884521617E0,-1.8E0,-3.9E0));
#2502=DIRECTION('',(-1.E0,0.E0,0.E0));
#2503=VECTOR('',#2502,6.801154783829E-1);
#2504=CARTESIAN_POINT('',(3.05E0,-1.8E0,-3.9E0));
#2505=LINE('',#2504,#2503);
#2506=CARTESIAN_POINT('',(2.369884521617E0,1.6E0,-3.65E0));
#2507=DIRECTION('',(-1.E0,0.E0,0.E0));
#2508=DIRECTION('',(0.E0,0.E0,-1.E0));
#2509=AXIS2_PLACEMENT_3D('',#2506,#2507,#2508);
#2511=DIRECTION('',(0.E0,0.E0,-1.E0));
#2512=VECTOR('',#2511,9.998001329720E-1);
#2513=CARTESIAN_POINT('',(2.369884521617E0,1.35E0,-2.650199867028E0));
#2514=LINE('',#2513,#2512);
#2515=DIRECTION('',(0.E0,0.E0,-1.E0));
#2516=VECTOR('',#2515,9.998001329720E-1);
#2517=CARTESIAN_POINT('',(2.369884521617E0,-1.35E0,-2.650199867028E0));
#2518=LINE('',#2517,#2516);
#2519=CARTESIAN_POINT('',(2.369884521617E0,-1.6E0,-3.65E0));
#2520=DIRECTION('',(-1.E0,0.E0,0.E0));
#2521=DIRECTION('',(0.E0,1.E0,0.E0));
#2522=AXIS2_PLACEMENT_3D('',#2519,#2520,#2521);
#2524=DIRECTION('',(0.E0,1.E0,0.E0));
#2525=VECTOR('',#2524,3.2E0);
#2526=CARTESIAN_POINT('',(2.369884521617E0,-1.6E0,-3.9E0));
#2527=LINE('',#2526,#2525);
#2528=DIRECTION('',(-3.079423396927E-4,9.999999525858E-1,0.E0));
#2529=VECTOR('',#2528,2.500000118536E-1);
#2530=CARTESIAN_POINT('',(2.369961507206E0,-2.05E0,-3.9E0));
#2531=LINE('',#2530,#2529);
#2532=DIRECTION('',(3.079423396927E-4,9.999999525858E-1,0.E0));
#2533=VECTOR('',#2532,2.500000118536E-1);
#2534=CARTESIAN_POINT('',(2.369884521617E0,1.8E0,-3.9E0));
#2535=LINE('',#2534,#2533);
#2536=DIRECTION('',(-1.E0,0.E0,0.E0));
#2537=VECTOR('',#2536,6.801154783829E-1);
#2538=CARTESIAN_POINT('',(3.05E0,1.6E0,-3.9E0));
#2539=LINE('',#2538,#2537);
#2540=DIRECTION('',(-1.E0,0.E0,0.E0));
#2541=VECTOR('',#2540,6.801154783829E-1);
#2542=CARTESIAN_POINT('',(3.05E0,1.35E0,-3.65E0));
#2543=LINE('',#2542,#2541);
#2544=DIRECTION('',(5.003305738813E-1,0.E0,8.658344627234E-1));
#2545=VECTOR('',#2544,5.199606696318E-1);
#2546=CARTESIAN_POINT('',(2.369884521617E0,1.35E0,-2.650199867028E0));
#2547=LINE('',#2546,#2545);
#2548=DIRECTION('',(5.003305738813E-1,0.E0,8.658344627234E-1));
#2549=VECTOR('',#2548,5.199606696318E-1);
#2550=CARTESIAN_POINT('',(2.369884521617E0,-1.35E0,-2.650199867028E0));
#2551=LINE('',#2550,#2549);
#2552=DIRECTION('',(0.E0,1.E0,0.E0));
#2553=VECTOR('',#2552,2.7E0);
#2554=CARTESIAN_POINT('',(2.369884521617E0,-1.35E0,-2.650199867028E0));
#2555=LINE('',#2554,#2553);
#2556=DIRECTION('',(-1.E0,0.E0,0.E0));
#2557=VECTOR('',#2556,6.801154783829E-1);
#2558=CARTESIAN_POINT('',(3.05E0,-1.35E0,-3.65E0));
#2559=LINE('',#2558,#2557);
#2560=CARTESIAN_POINT('',(2.369884521617E0,1.8E0,-3.9E0));
#2561=CARTESIAN_POINT('',(2.369884521617E0,1.819037614808E0,-3.9E0));
#2562=CARTESIAN_POINT('',(2.369884574510E0,1.856038829277E0,-3.895773911399E0));
#2563=CARTESIAN_POINT('',(2.369884336492E0,1.909580779472E0,-3.877070863349E0));
#2564=CARTESIAN_POINT('',(2.369885209225E0,1.957378953237E0,-3.846954773840E0));
#2565=CARTESIAN_POINT('',(2.369881956312E0,1.997332869199E0,-3.806903480174E0));
#2566=CARTESIAN_POINT('',(2.369894095229E0,2.027328156446E0,-3.759044393126E0));
#2567=CARTESIAN_POINT('',(2.369848792476E0,2.045869883863E0,-3.705534511415E0));
#2568=CARTESIAN_POINT('',(2.369961507206E0,2.05E0,-3.668834864734E0));
#2569=CARTESIAN_POINT('',(2.369961507206E0,2.05E0,-3.65E0));
#2571=CARTESIAN_POINT('',(3.05E0,1.8E0,-3.65E0));
#2572=DIRECTION('',(-1.E0,0.E0,0.E0));
#2573=DIRECTION('',(0.E0,1.E0,0.E0));
#2574=AXIS2_PLACEMENT_3D('',#2571,#2572,#2573);
#2576=DIRECTION('',(-1.E0,0.E0,0.E0));
#2577=VECTOR('',#2576,4.38E-1);
#2578=CARTESIAN_POINT('',(-3.05E0,-2.575E0,-6.3E0));
#2579=LINE('',#2578,#2577);
#2580=CARTESIAN_POINT('',(-3.488E0,-2.575E0,-6.4E0));
#2581=DIRECTION('',(0.E0,-1.E0,0.E0));
#2582=DIRECTION('',(0.E0,0.E0,1.E0));
#2583=AXIS2_PLACEMENT_3D('',#2580,#2581,#2582);
#2585=DIRECTION('',(-1.196335946470E-2,0.E0,-9.999284364545E-1));
#2586=VECTOR('',#2585,1.006053676500E0);
#2587=CARTESIAN_POINT('',(-3.587992843645E0,-2.575E0,-6.398803664054E0));
#2588=LINE('',#2587,#2586);
#2589=CARTESIAN_POINT('',(-4.E0,-2.575E0,-7.4E0));
#2590=DIRECTION('',(0.E0,1.E0,0.E0));
#2591=DIRECTION('',(9.999284364545E-1,0.E0,-1.196335946470E-2));
#2592=AXIS2_PLACEMENT_3D('',#2589,#2590,#2591);
#2594=DIRECTION('',(-1.E0,0.E0,0.E0));
#2595=VECTOR('',#2594,1.E0);
#2596=CARTESIAN_POINT('',(-4.E0,-2.575E0,-7.8E0));
#2597=LINE('',#2596,#2595);
#2598=DIRECTION('',(0.E0,0.E0,1.E0));
#2599=VECTOR('',#2598,3.E-1);
#2600=CARTESIAN_POINT('',(-5.E0,-2.575E0,-7.8E0));
#2601=LINE('',#2600,#2599);
#2602=DIRECTION('',(1.E0,0.E0,0.E0));
#2603=VECTOR('',#2602,1.E0);
#2604=CARTESIAN_POINT('',(-5.E0,-2.575E0,-7.5E0));
#2605=LINE('',#2604,#2603);
#2606=CARTESIAN_POINT('',(-4.E0,-2.575E0,-7.4E0));
#2607=DIRECTION('',(0.E0,-1.E0,0.E0));
#2608=DIRECTION('',(0.E0,0.E0,-1.E0));
#2609=AXIS2_PLACEMENT_3D('',#2606,#2607,#2608);
#2611=DIRECTION('',(1.196335946470E-2,0.E0,9.999284364545E-1));
#2612=VECTOR('',#2611,1.006053676500E0);
#2613=CARTESIAN_POINT('',(-3.900007156355E0,-2.575E0,-7.401196335946E0));
#2614=LINE('',#2613,#2612);
#2615=CARTESIAN_POINT('',(-3.488E0,-2.575E0,-6.4E0));
#2616=DIRECTION('',(0.E0,1.E0,0.E0));
#2617=DIRECTION('',(-9.999284364545E-1,0.E0,1.196335946471E-2));
#2618=AXIS2_PLACEMENT_3D('',#2615,#2616,#2617);
#2620=DIRECTION('',(1.E0,0.E0,0.E0));
#2621=VECTOR('',#2620,4.38E-1);
#2622=CARTESIAN_POINT('',(-3.488E0,-2.575E0,-6.E0));
#2623=LINE('',#2622,#2621);
#2624=DIRECTION('',(1.E0,0.E0,0.E0));
#2625=VECTOR('',#2624,4.38E-1);
#2626=CARTESIAN_POINT('',(3.05E0,-2.575E0,-6.E0));
#2627=LINE('',#2626,#2625);
#2628=CARTESIAN_POINT('',(3.488E0,-2.575E0,-6.4E0));
#2629=DIRECTION('',(0.E0,1.E0,0.E0));
#2630=DIRECTION('',(0.E0,0.E0,1.E0));
#2631=AXIS2_PLACEMENT_3D('',#2628,#2629,#2630);
#2633=DIRECTION('',(1.196335946470E-2,0.E0,-9.999284364545E-1));
#2634=VECTOR('',#2633,1.006053676500E0);
#2635=CARTESIAN_POINT('',(3.887971374582E0,-2.575E0,-6.395214656214E0));
#2636=LINE('',#2635,#2634);
#2637=CARTESIAN_POINT('',(4.E0,-2.575E0,-7.4E0));
#2638=DIRECTION('',(0.E0,-1.E0,0.E0));
#2639=DIRECTION('',(-9.999284364545E-1,0.E0,-1.196335946475E-2));
#2640=AXIS2_PLACEMENT_3D('',#2637,#2638,#2639);
#2642=DIRECTION('',(1.E0,0.E0,0.E0));
#2643=VECTOR('',#2642,1.E0);
#2644=CARTESIAN_POINT('',(4.E0,-2.575E0,-7.5E0));
#2645=LINE('',#2644,#2643);
#2646=DIRECTION('',(0.E0,0.E0,-1.E0));
#2647=VECTOR('',#2646,3.E-1);
#2648=CARTESIAN_POINT('',(5.E0,-2.575E0,-7.5E0));
#2649=LINE('',#2648,#2647);
#2650=DIRECTION('',(-1.E0,0.E0,0.E0));
#2651=VECTOR('',#2650,1.E0);
#2652=CARTESIAN_POINT('',(5.E0,-2.575E0,-7.8E0));
#2653=LINE('',#2652,#2651);
#2654=CARTESIAN_POINT('',(4.E0,-2.575E0,-7.4E0));
#2655=DIRECTION('',(0.E0,1.E0,0.E0));
#2656=DIRECTION('',(0.E0,0.E0,-1.E0));
#2657=AXIS2_PLACEMENT_3D('',#2654,#2655,#2656);
#2659=DIRECTION('',(-1.196335946470E-2,0.E0,9.999284364545E-1));
#2660=VECTOR('',#2659,1.006053676500E0);
#2661=CARTESIAN_POINT('',(3.600028625418E0,-2.575E0,-7.404785343786E0));
#2662=LINE('',#2661,#2660);
#2663=CARTESIAN_POINT('',(3.488E0,-2.575E0,-6.4E0));
#2664=DIRECTION('',(0.E0,-1.E0,0.E0));
#2665=DIRECTION('',(9.999284364545E-1,0.E0,1.196335946470E-2));
#2666=AXIS2_PLACEMENT_3D('',#2663,#2664,#2665);
#2668=DIRECTION('',(-1.E0,0.E0,0.E0));
#2669=VECTOR('',#2668,4.38E-1);
#2670=CARTESIAN_POINT('',(3.488E0,-2.575E0,-6.3E0));
#2671=LINE('',#2670,#2669);
#2672=DIRECTION('',(1.E0,0.E0,0.E0));
#2673=VECTOR('',#2672,4.38E-1);
#2674=CARTESIAN_POINT('',(-3.488E0,-1.925E0,-6.E0));
#2675=LINE('',#2674,#2673);
#2676=CARTESIAN_POINT('',(-3.488E0,-1.925E0,-6.4E0));
#2677=DIRECTION('',(0.E0,1.E0,0.E0));
#2678=DIRECTION('',(-9.999284364545E-1,0.E0,1.196335946471E-2));
#2679=AXIS2_PLACEMENT_3D('',#2676,#2677,#2678);
#2681=DIRECTION('',(1.196335946470E-2,0.E0,9.999284364545E-1));
#2682=VECTOR('',#2681,1.006053676500E0);
#2683=CARTESIAN_POINT('',(-3.900007156355E0,-1.925E0,-7.401196335946E0));
#2684=LINE('',#2683,#2682);
#2685=CARTESIAN_POINT('',(-4.E0,-1.925E0,-7.4E0));
#2686=DIRECTION('',(0.E0,-1.E0,0.E0));
#2687=DIRECTION('',(0.E0,0.E0,-1.E0));
#2688=AXIS2_PLACEMENT_3D('',#2685,#2686,#2687);
#2690=DIRECTION('',(1.E0,0.E0,0.E0));
#2691=VECTOR('',#2690,1.E0);
#2692=CARTESIAN_POINT('',(-5.E0,-1.925E0,-7.5E0));
#2693=LINE('',#2692,#2691);
#2694=DIRECTION('',(0.E0,0.E0,1.E0));
#2695=VECTOR('',#2694,3.E-1);
#2696=CARTESIAN_POINT('',(-5.E0,-1.925E0,-7.8E0));
#2697=LINE('',#2696,#2695);
#2698=DIRECTION('',(-1.E0,0.E0,0.E0));
#2699=VECTOR('',#2698,1.E0);
#2700=CARTESIAN_POINT('',(-4.E0,-1.925E0,-7.8E0));
#2701=LINE('',#2700,#2699);
#2702=CARTESIAN_POINT('',(-4.E0,-1.925E0,-7.4E0));
#2703=DIRECTION('',(0.E0,1.E0,0.E0));
#2704=DIRECTION('',(9.999284364545E-1,0.E0,-1.196335946470E-2));
#2705=AXIS2_PLACEMENT_3D('',#2702,#2703,#2704);
#2707=DIRECTION('',(-1.196335946470E-2,0.E0,-9.999284364545E-1));
#2708=VECTOR('',#2707,1.006053676500E0);
#2709=CARTESIAN_POINT('',(-3.587992843645E0,-1.925E0,-6.398803664054E0));
#2710=LINE('',#2709,#2708);
#2711=CARTESIAN_POINT('',(-3.488E0,-1.925E0,-6.4E0));
#2712=DIRECTION('',(0.E0,-1.E0,0.E0));
#2713=DIRECTION('',(0.E0,0.E0,1.E0));
#2714=AXIS2_PLACEMENT_3D('',#2711,#2712,#2713);
#2716=DIRECTION('',(-1.E0,0.E0,0.E0));
#2717=VECTOR('',#2716,4.38E-1);
#2718=CARTESIAN_POINT('',(-3.05E0,-1.925E0,-6.3E0));
#2719=LINE('',#2718,#2717);
#2720=DIRECTION('',(-1.E0,0.E0,0.E0));
#2721=VECTOR('',#2720,4.38E-1);
#2722=CARTESIAN_POINT('',(3.488E0,-1.925E0,-6.3E0));
#2723=LINE('',#2722,#2721);
#2724=CARTESIAN_POINT('',(3.488E0,-1.925E0,-6.4E0));
#2725=DIRECTION('',(0.E0,-1.E0,0.E0));
#2726=DIRECTION('',(9.999284364545E-1,0.E0,1.196335946470E-2));
#2727=AXIS2_PLACEMENT_3D('',#2724,#2725,#2726);
#2729=DIRECTION('',(-1.196335946470E-2,0.E0,9.999284364545E-1));
#2730=VECTOR('',#2729,1.006053676500E0);
#2731=CARTESIAN_POINT('',(3.600028625418E0,-1.925E0,-7.404785343786E0));
#2732=LINE('',#2731,#2730);
#2733=CARTESIAN_POINT('',(4.E0,-1.925E0,-7.4E0));
#2734=DIRECTION('',(0.E0,1.E0,0.E0));
#2735=DIRECTION('',(0.E0,0.E0,-1.E0));
#2736=AXIS2_PLACEMENT_3D('',#2733,#2734,#2735);
#2738=DIRECTION('',(-1.E0,0.E0,0.E0));
#2739=VECTOR('',#2738,1.E0);
#2740=CARTESIAN_POINT('',(5.E0,-1.925E0,-7.8E0));
#2741=LINE('',#2740,#2739);
#2742=DIRECTION('',(0.E0,0.E0,-1.E0));
#2743=VECTOR('',#2742,3.E-1);
#2744=CARTESIAN_POINT('',(5.E0,-1.925E0,-7.5E0));
#2745=LINE('',#2744,#2743);
#2746=DIRECTION('',(1.E0,0.E0,0.E0));
#2747=VECTOR('',#2746,1.E0);
#2748=CARTESIAN_POINT('',(4.E0,-1.925E0,-7.5E0));
#2749=LINE('',#2748,#2747);
#2750=CARTESIAN_POINT('',(4.E0,-1.925E0,-7.4E0));
#2751=DIRECTION('',(0.E0,-1.E0,0.E0));
#2752=DIRECTION('',(-9.999284364545E-1,0.E0,-1.196335946475E-2));
#2753=AXIS2_PLACEMENT_3D('',#2750,#2751,#2752);
#2755=DIRECTION('',(1.196335946470E-2,0.E0,-9.999284364545E-1));
#2756=VECTOR('',#2755,1.006053676500E0);
#2757=CARTESIAN_POINT('',(3.887971374582E0,-1.925E0,-6.395214656214E0));
#2758=LINE('',#2757,#2756);
#2759=CARTESIAN_POINT('',(3.488E0,-1.925E0,-6.4E0));
#2760=DIRECTION('',(0.E0,1.E0,0.E0));
#2761=DIRECTION('',(0.E0,0.E0,1.E0));
#2762=AXIS2_PLACEMENT_3D('',#2759,#2760,#2761);
#2764=DIRECTION('',(1.E0,0.E0,0.E0));
#2765=VECTOR('',#2764,4.38E-1);
#2766=CARTESIAN_POINT('',(3.05E0,-1.925E0,-6.E0));
#2767=LINE('',#2766,#2765);
#2768=DIRECTION('',(0.E0,1.E0,0.E0));
#2769=VECTOR('',#2768,6.5E-1);
#2770=CARTESIAN_POINT('',(-3.488E0,-2.575E0,-6.E0));
#2771=LINE('',#2770,#2769);
#2772=DIRECTION('',(0.E0,1.E0,0.E0));
#2773=VECTOR('',#2772,6.5E-1);
#2774=CARTESIAN_POINT('',(-3.887971374582E0,-2.575E0,-6.395214656214E0));
#2775=LINE('',#2774,#2773);
#2776=DIRECTION('',(0.E0,1.E0,0.E0));
#2777=VECTOR('',#2776,6.5E-1);
#2778=CARTESIAN_POINT('',(-3.900007156355E0,-2.575E0,-7.401196335946E0));
#2779=LINE('',#2778,#2777);
#2780=DIRECTION('',(0.E0,1.E0,0.E0));
#2781=VECTOR('',#2780,6.5E-1);
#2782=CARTESIAN_POINT('',(-4.E0,-2.575E0,-7.5E0));
#2783=LINE('',#2782,#2781);
#2784=DIRECTION('',(0.E0,1.E0,0.E0));
#2785=VECTOR('',#2784,6.5E-1);
#2786=CARTESIAN_POINT('',(-5.E0,-2.575E0,-7.5E0));
#2787=LINE('',#2786,#2785);
#2788=DIRECTION('',(0.E0,1.E0,0.E0));
#2789=VECTOR('',#2788,6.5E-1);
#2790=CARTESIAN_POINT('',(-5.E0,-2.575E0,-7.8E0));
#2791=LINE('',#2790,#2789);
#2792=DIRECTION('',(0.E0,1.E0,0.E0));
#2793=VECTOR('',#2792,6.5E-1);
#2794=CARTESIAN_POINT('',(-4.E0,-2.575E0,-7.8E0));
#2795=LINE('',#2794,#2793);
#2796=DIRECTION('',(0.E0,1.E0,0.E0));
#2797=VECTOR('',#2796,6.5E-1);
#2798=CARTESIAN_POINT('',(-3.600028625418E0,-2.575E0,-7.404785343786E0));
#2799=LINE('',#2798,#2797);
#2800=DIRECTION('',(0.E0,1.E0,0.E0));
#2801=VECTOR('',#2800,6.5E-1);
#2802=CARTESIAN_POINT('',(-3.587992843645E0,-2.575E0,-6.398803664054E0));
#2803=LINE('',#2802,#2801);
#2804=DIRECTION('',(0.E0,1.E0,0.E0));
#2805=VECTOR('',#2804,6.5E-1);
#2806=CARTESIAN_POINT('',(-3.488E0,-2.575E0,-6.3E0));
#2807=LINE('',#2806,#2805);
#2808=DIRECTION('',(0.E0,1.E0,0.E0));
#2809=VECTOR('',#2808,6.5E-1);
#2810=CARTESIAN_POINT('',(3.488E0,-2.575E0,-6.3E0));
#2811=LINE('',#2810,#2809);
#2812=DIRECTION('',(0.E0,1.E0,0.E0));
#2813=VECTOR('',#2812,6.5E-1);
#2814=CARTESIAN_POINT('',(3.587992843645E0,-2.575E0,-6.398803664054E0));
#2815=LINE('',#2814,#2813);
#2816=DIRECTION('',(0.E0,1.E0,0.E0));
#2817=VECTOR('',#2816,6.5E-1);
#2818=CARTESIAN_POINT('',(3.600028625418E0,-2.575E0,-7.404785343786E0));
#2819=LINE('',#2818,#2817);
#2820=DIRECTION('',(0.E0,1.E0,0.E0));
#2821=VECTOR('',#2820,6.5E-1);
#2822=CARTESIAN_POINT('',(4.E0,-2.575E0,-7.8E0));
#2823=LINE('',#2822,#2821);
#2824=DIRECTION('',(0.E0,1.E0,0.E0));
#2825=VECTOR('',#2824,6.5E-1);
#2826=CARTESIAN_POINT('',(5.E0,-2.575E0,-7.8E0));
#2827=LINE('',#2826,#2825);
#2828=DIRECTION('',(0.E0,1.E0,0.E0));
#2829=VECTOR('',#2828,6.5E-1);
#2830=CARTESIAN_POINT('',(5.E0,-2.575E0,-7.5E0));
#2831=LINE('',#2830,#2829);
#2832=DIRECTION('',(0.E0,1.E0,0.E0));
#2833=VECTOR('',#2832,6.5E-1);
#2834=CARTESIAN_POINT('',(4.E0,-2.575E0,-7.5E0));
#2835=LINE('',#2834,#2833);
#2836=DIRECTION('',(0.E0,1.E0,0.E0));
#2837=VECTOR('',#2836,6.5E-1);
#2838=CARTESIAN_POINT('',(3.900007156355E0,-2.575E0,-7.401196335946E0));
#2839=LINE('',#2838,#2837);
#2840=DIRECTION('',(0.E0,1.E0,0.E0));
#2841=VECTOR('',#2840,6.5E-1);
#2842=CARTESIAN_POINT('',(3.887971374582E0,-2.575E0,-6.395214656214E0));
#2843=LINE('',#2842,#2841);
#2844=DIRECTION('',(0.E0,1.E0,0.E0));
#2845=VECTOR('',#2844,6.5E-1);
#2846=CARTESIAN_POINT('',(3.488E0,-2.575E0,-6.E0));
#2847=LINE('',#2846,#2845);
#2848=DIRECTION('',(1.E0,0.E0,0.E0));
#2849=VECTOR('',#2848,4.38E-1);
#2850=CARTESIAN_POINT('',(3.05E0,2.575E0,-6.E0));
#2851=LINE('',#2850,#2849);
#2852=DIRECTION('',(-1.E0,0.E0,0.E0));
#2853=VECTOR('',#2852,4.38E-1);
#2854=CARTESIAN_POINT('',(3.488E0,2.575E0,-6.3E0));
#2855=LINE('',#2854,#2853);
#2856=CARTESIAN_POINT('',(3.488E0,2.575E0,-6.4E0));
#2857=DIRECTION('',(0.E0,-1.E0,0.E0));
#2858=DIRECTION('',(9.999284364545E-1,0.E0,1.196335946470E-2));
#2859=AXIS2_PLACEMENT_3D('',#2856,#2857,#2858);
#2861=DIRECTION('',(-1.196335946470E-2,0.E0,9.999284364545E-1));
#2862=VECTOR('',#2861,1.006053676500E0);
#2863=CARTESIAN_POINT('',(3.600028625418E0,2.575E0,-7.404785343786E0));
#2864=LINE('',#2863,#2862);
#2865=CARTESIAN_POINT('',(4.E0,2.575E0,-7.4E0));
#2866=DIRECTION('',(0.E0,1.E0,0.E0));
#2867=DIRECTION('',(0.E0,0.E0,-1.E0));
#2868=AXIS2_PLACEMENT_3D('',#2865,#2866,#2867);
#2870=DIRECTION('',(-1.E0,0.E0,0.E0));
#2871=VECTOR('',#2870,1.E0);
#2872=CARTESIAN_POINT('',(5.E0,2.575E0,-7.8E0));
#2873=LINE('',#2872,#2871);
#2874=DIRECTION('',(0.E0,0.E0,-1.E0));
#2875=VECTOR('',#2874,3.E-1);
#2876=CARTESIAN_POINT('',(5.E0,2.575E0,-7.5E0));
#2877=LINE('',#2876,#2875);
#2878=DIRECTION('',(1.E0,0.E0,0.E0));
#2879=VECTOR('',#2878,1.E0);
#2880=CARTESIAN_POINT('',(4.E0,2.575E0,-7.5E0));
#2881=LINE('',#2880,#2879);
#2882=CARTESIAN_POINT('',(4.E0,2.575E0,-7.4E0));
#2883=DIRECTION('',(0.E0,-1.E0,0.E0));
#2884=DIRECTION('',(-9.999284364545E-1,0.E0,-1.196335946475E-2));
#2885=AXIS2_PLACEMENT_3D('',#2882,#2883,#2884);
#2887=DIRECTION('',(1.196335946470E-2,0.E0,-9.999284364545E-1));
#2888=VECTOR('',#2887,1.006053676500E0);
#2889=CARTESIAN_POINT('',(3.887971374582E0,2.575E0,-6.395214656214E0));
#2890=LINE('',#2889,#2888);
#2891=CARTESIAN_POINT('',(3.488E0,2.575E0,-6.4E0));
#2892=DIRECTION('',(0.E0,1.E0,0.E0));
#2893=DIRECTION('',(0.E0,0.E0,1.E0));
#2894=AXIS2_PLACEMENT_3D('',#2891,#2892,#2893);
#2896=DIRECTION('',(-1.E0,0.E0,0.E0));
#2897=VECTOR('',#2896,4.38E-1);
#2898=CARTESIAN_POINT('',(-3.05E0,2.575E0,-6.3E0));
#2899=LINE('',#2898,#2897);
#2900=DIRECTION('',(1.E0,0.E0,0.E0));
#2901=VECTOR('',#2900,4.38E-1);
#2902=CARTESIAN_POINT('',(-3.488E0,2.575E0,-6.E0));
#2903=LINE('',#2902,#2901);
#2904=CARTESIAN_POINT('',(-3.488E0,2.575E0,-6.4E0));
#2905=DIRECTION('',(0.E0,1.E0,0.E0));
#2906=DIRECTION('',(-9.999284364545E-1,0.E0,1.196335946471E-2));
#2907=AXIS2_PLACEMENT_3D('',#2904,#2905,#2906);
#2909=DIRECTION('',(1.196335946470E-2,0.E0,9.999284364545E-1));
#2910=VECTOR('',#2909,1.006053676500E0);
#2911=CARTESIAN_POINT('',(-3.900007156355E0,2.575E0,-7.401196335946E0));
#2912=LINE('',#2911,#2910);
#2913=CARTESIAN_POINT('',(-4.E0,2.575E0,-7.4E0));
#2914=DIRECTION('',(0.E0,-1.E0,0.E0));
#2915=DIRECTION('',(0.E0,0.E0,-1.E0));
#2916=AXIS2_PLACEMENT_3D('',#2913,#2914,#2915);
#2918=DIRECTION('',(1.E0,0.E0,0.E0));
#2919=VECTOR('',#2918,1.E0);
#2920=CARTESIAN_POINT('',(-5.E0,2.575E0,-7.5E0));
#2921=LINE('',#2920,#2919);
#2922=DIRECTION('',(0.E0,0.E0,1.E0));
#2923=VECTOR('',#2922,3.E-1);
#2924=CARTESIAN_POINT('',(-5.E0,2.575E0,-7.8E0));
#2925=LINE('',#2924,#2923);
#2926=DIRECTION('',(-1.E0,0.E0,0.E0));
#2927=VECTOR('',#2926,1.E0);
#2928=CARTESIAN_POINT('',(-4.E0,2.575E0,-7.8E0));
#2929=LINE('',#2928,#2927);
#2930=CARTESIAN_POINT('',(-4.E0,2.575E0,-7.4E0));
#2931=DIRECTION('',(0.E0,1.E0,0.E0));
#2932=DIRECTION('',(9.999284364545E-1,0.E0,-1.196335946470E-2));
#2933=AXIS2_PLACEMENT_3D('',#2930,#2931,#2932);
#2935=DIRECTION('',(-1.196335946470E-2,0.E0,-9.999284364545E-1));
#2936=VECTOR('',#2935,1.006053676500E0);
#2937=CARTESIAN_POINT('',(-3.587992843645E0,2.575E0,-6.398803664054E0));
#2938=LINE('',#2937,#2936);
#2939=CARTESIAN_POINT('',(-3.488E0,2.575E0,-6.4E0));
#2940=DIRECTION('',(0.E0,-1.E0,0.E0));
#2941=DIRECTION('',(0.E0,0.E0,1.E0));
#2942=AXIS2_PLACEMENT_3D('',#2939,#2940,#2941);
#2944=DIRECTION('',(0.E0,-1.E0,0.E0));
#2945=VECTOR('',#2944,6.5E-1);
#2946=CARTESIAN_POINT('',(3.488E0,2.575E0,-6.E0));
#2947=LINE('',#2946,#2945);
#2948=DIRECTION('',(0.E0,-1.E0,0.E0));
#2949=VECTOR('',#2948,6.5E-1);
#2950=CARTESIAN_POINT('',(3.887971374582E0,2.575E0,-6.395214656214E0));
#2951=LINE('',#2950,#2949);
#2952=DIRECTION('',(0.E0,-1.E0,0.E0));
#2953=VECTOR('',#2952,6.5E-1);
#2954=CARTESIAN_POINT('',(3.900007156355E0,2.575E0,-7.401196335946E0));
#2955=LINE('',#2954,#2953);
#2956=DIRECTION('',(0.E0,-1.E0,0.E0));
#2957=VECTOR('',#2956,6.5E-1);
#2958=CARTESIAN_POINT('',(4.E0,2.575E0,-7.5E0));
#2959=LINE('',#2958,#2957);
#2960=DIRECTION('',(0.E0,-1.E0,0.E0));
#2961=VECTOR('',#2960,6.5E-1);
#2962=CARTESIAN_POINT('',(5.E0,2.575E0,-7.5E0));
#2963=LINE('',#2962,#2961);
#2964=DIRECTION('',(0.E0,-1.E0,0.E0));
#2965=VECTOR('',#2964,6.5E-1);
#2966=CARTESIAN_POINT('',(5.E0,2.575E0,-7.8E0));
#2967=LINE('',#2966,#2965);
#2968=DIRECTION('',(0.E0,-1.E0,0.E0));
#2969=VECTOR('',#2968,6.5E-1);
#2970=CARTESIAN_POINT('',(4.E0,2.575E0,-7.8E0));
#2971=LINE('',#2970,#2969);
#2972=DIRECTION('',(0.E0,-1.E0,0.E0));
#2973=VECTOR('',#2972,6.5E-1);
#2974=CARTESIAN_POINT('',(3.600028625418E0,2.575E0,-7.404785343786E0));
#2975=LINE('',#2974,#2973);
#2976=DIRECTION('',(0.E0,-1.E0,0.E0));
#2977=VECTOR('',#2976,6.5E-1);
#2978=CARTESIAN_POINT('',(3.587992843645E0,2.575E0,-6.398803664054E0));
#2979=LINE('',#2978,#2977);
#2980=DIRECTION('',(0.E0,-1.E0,0.E0));
#2981=VECTOR('',#2980,6.5E-1);
#2982=CARTESIAN_POINT('',(3.488E0,2.575E0,-6.3E0));
#2983=LINE('',#2982,#2981);
#2984=DIRECTION('',(1.E0,0.E0,0.E0));
#2985=VECTOR('',#2984,4.38E-1);
#2986=CARTESIAN_POINT('',(3.05E0,1.925E0,-6.E0));
#2987=LINE('',#2986,#2985);
#2988=CARTESIAN_POINT('',(3.488E0,1.925E0,-6.4E0));
#2989=DIRECTION('',(0.E0,1.E0,0.E0));
#2990=DIRECTION('',(0.E0,0.E0,1.E0));
#2991=AXIS2_PLACEMENT_3D('',#2988,#2989,#2990);
#2993=DIRECTION('',(1.196335946470E-2,0.E0,-9.999284364545E-1));
#2994=VECTOR('',#2993,1.006053676500E0);
#2995=CARTESIAN_POINT('',(3.887971374582E0,1.925E0,-6.395214656214E0));
#2996=LINE('',#2995,#2994);
#2997=CARTESIAN_POINT('',(4.E0,1.925E0,-7.4E0));
#2998=DIRECTION('',(0.E0,-1.E0,0.E0));
#2999=DIRECTION('',(-9.999284364545E-1,0.E0,-1.196335946475E-2));
#3000=AXIS2_PLACEMENT_3D('',#2997,#2998,#2999);
#3002=DIRECTION('',(1.E0,0.E0,0.E0));
#3003=VECTOR('',#3002,1.E0);
#3004=CARTESIAN_POINT('',(4.E0,1.925E0,-7.5E0));
#3005=LINE('',#3004,#3003);
#3006=DIRECTION('',(0.E0,0.E0,-1.E0));
#3007=VECTOR('',#3006,3.E-1);
#3008=CARTESIAN_POINT('',(5.E0,1.925E0,-7.5E0));
#3009=LINE('',#3008,#3007);
#3010=DIRECTION('',(-1.E0,0.E0,0.E0));
#3011=VECTOR('',#3010,1.E0);
#3012=CARTESIAN_POINT('',(5.E0,1.925E0,-7.8E0));
#3013=LINE('',#3012,#3011);
#3014=CARTESIAN_POINT('',(4.E0,1.925E0,-7.4E0));
#3015=DIRECTION('',(0.E0,1.E0,0.E0));
#3016=DIRECTION('',(0.E0,0.E0,-1.E0));
#3017=AXIS2_PLACEMENT_3D('',#3014,#3015,#3016);
#3019=DIRECTION('',(-1.196335946470E-2,0.E0,9.999284364545E-1));
#3020=VECTOR('',#3019,1.006053676500E0);
#3021=CARTESIAN_POINT('',(3.600028625418E0,1.925E0,-7.404785343786E0));
#3022=LINE('',#3021,#3020);
#3023=CARTESIAN_POINT('',(3.488E0,1.925E0,-6.4E0));
#3024=DIRECTION('',(0.E0,-1.E0,0.E0));
#3025=DIRECTION('',(9.999284364545E-1,0.E0,1.196335946470E-2));
#3026=AXIS2_PLACEMENT_3D('',#3023,#3024,#3025);
#3028=DIRECTION('',(-1.E0,0.E0,0.E0));
#3029=VECTOR('',#3028,4.38E-1);
#3030=CARTESIAN_POINT('',(3.488E0,1.925E0,-6.3E0));
#3031=LINE('',#3030,#3029);
#3032=DIRECTION('',(-1.E0,0.E0,0.E0));
#3033=VECTOR('',#3032,4.38E-1);
#3034=CARTESIAN_POINT('',(-3.05E0,1.925E0,-6.3E0));
#3035=LINE('',#3034,#3033);
#3036=CARTESIAN_POINT('',(-3.488E0,1.925E0,-6.4E0));
#3037=DIRECTION('',(0.E0,-1.E0,0.E0));
#3038=DIRECTION('',(0.E0,0.E0,1.E0));
#3039=AXIS2_PLACEMENT_3D('',#3036,#3037,#3038);
#3041=DIRECTION('',(-1.196335946470E-2,0.E0,-9.999284364545E-1));
#3042=VECTOR('',#3041,1.006053676500E0);
#3043=CARTESIAN_POINT('',(-3.587992843645E0,1.925E0,-6.398803664054E0));
#3044=LINE('',#3043,#3042);
#3045=CARTESIAN_POINT('',(-4.E0,1.925E0,-7.4E0));
#3046=DIRECTION('',(0.E0,1.E0,0.E0));
#3047=DIRECTION('',(9.999284364545E-1,0.E0,-1.196335946470E-2));
#3048=AXIS2_PLACEMENT_3D('',#3045,#3046,#3047);
#3050=DIRECTION('',(-1.E0,0.E0,0.E0));
#3051=VECTOR('',#3050,1.E0);
#3052=CARTESIAN_POINT('',(-4.E0,1.925E0,-7.8E0));
#3053=LINE('',#3052,#3051);
#3054=DIRECTION('',(0.E0,0.E0,1.E0));
#3055=VECTOR('',#3054,3.E-1);
#3056=CARTESIAN_POINT('',(-5.E0,1.925E0,-7.8E0));
#3057=LINE('',#3056,#3055);
#3058=DIRECTION('',(1.E0,0.E0,0.E0));
#3059=VECTOR('',#3058,1.E0);
#3060=CARTESIAN_POINT('',(-5.E0,1.925E0,-7.5E0));
#3061=LINE('',#3060,#3059);
#3062=CARTESIAN_POINT('',(-4.E0,1.925E0,-7.4E0));
#3063=DIRECTION('',(0.E0,-1.E0,0.E0));
#3064=DIRECTION('',(0.E0,0.E0,-1.E0));
#3065=AXIS2_PLACEMENT_3D('',#3062,#3063,#3064);
#3067=DIRECTION('',(1.196335946470E-2,0.E0,9.999284364545E-1));
#3068=VECTOR('',#3067,1.006053676500E0);
#3069=CARTESIAN_POINT('',(-3.900007156355E0,1.925E0,-7.401196335946E0));
#3070=LINE('',#3069,#3068);
#3071=CARTESIAN_POINT('',(-3.488E0,1.925E0,-6.4E0));
#3072=DIRECTION('',(0.E0,1.E0,0.E0));
#3073=DIRECTION('',(-9.999284364545E-1,0.E0,1.196335946471E-2));
#3074=AXIS2_PLACEMENT_3D('',#3071,#3072,#3073);
#3076=DIRECTION('',(1.E0,0.E0,0.E0));
#3077=VECTOR('',#3076,4.38E-1);
#3078=CARTESIAN_POINT('',(-3.488E0,1.925E0,-6.E0));
#3079=LINE('',#3078,#3077);
#3080=DIRECTION('',(0.E0,-1.E0,0.E0));
#3081=VECTOR('',#3080,6.5E-1);
#3082=CARTESIAN_POINT('',(-3.488E0,2.575E0,-6.3E0));
#3083=LINE('',#3082,#3081);
#3084=DIRECTION('',(0.E0,-1.E0,0.E0));
#3085=VECTOR('',#3084,6.5E-1);
#3086=CARTESIAN_POINT('',(-3.587992843645E0,2.575E0,-6.398803664054E0));
#3087=LINE('',#3086,#3085);
#3088=DIRECTION('',(0.E0,-1.E0,0.E0));
#3089=VECTOR('',#3088,6.5E-1);
#3090=CARTESIAN_POINT('',(-3.600028625418E0,2.575E0,-7.404785343786E0));
#3091=LINE('',#3090,#3089);
#3092=DIRECTION('',(0.E0,-1.E0,0.E0));
#3093=VECTOR('',#3092,6.5E-1);
#3094=CARTESIAN_POINT('',(-4.E0,2.575E0,-7.8E0));
#3095=LINE('',#3094,#3093);
#3096=DIRECTION('',(0.E0,-1.E0,0.E0));
#3097=VECTOR('',#3096,6.5E-1);
#3098=CARTESIAN_POINT('',(-5.E0,2.575E0,-7.8E0));
#3099=LINE('',#3098,#3097);
#3100=DIRECTION('',(0.E0,-1.E0,0.E0));
#3101=VECTOR('',#3100,6.5E-1);
#3102=CARTESIAN_POINT('',(-5.E0,2.575E0,-7.5E0));
#3103=LINE('',#3102,#3101);
#3104=DIRECTION('',(0.E0,-1.E0,0.E0));
#3105=VECTOR('',#3104,6.5E-1);
#3106=CARTESIAN_POINT('',(-4.E0,2.575E0,-7.5E0));
#3107=LINE('',#3106,#3105);
#3108=DIRECTION('',(0.E0,-1.E0,0.E0));
#3109=VECTOR('',#3108,6.5E-1);
#3110=CARTESIAN_POINT('',(-3.900007156355E0,2.575E0,-7.401196335946E0));
#3111=LINE('',#3110,#3109);
#3112=DIRECTION('',(0.E0,-1.E0,0.E0));
#3113=VECTOR('',#3112,6.5E-1);
#3114=CARTESIAN_POINT('',(-3.887971374582E0,2.575E0,-6.395214656214E0));
#3115=LINE('',#3114,#3113);
#3116=DIRECTION('',(0.E0,-1.E0,0.E0));
#3117=VECTOR('',#3116,6.5E-1);
#3118=CARTESIAN_POINT('',(-3.488E0,2.575E0,-6.E0));
#3119=LINE('',#3118,#3117);
#3120=DIRECTION('',(0.E0,0.E0,-1.E0));
#3121=VECTOR('',#3120,3.9E0);
#3122=CARTESIAN_POINT('',(2.25E0,2.02E0,0.E0));
#3123=LINE('',#3122,#3121);
#3124=DIRECTION('',(0.E0,0.E0,1.E0));
#3125=VECTOR('',#3124,3.9E0);
#3126=CARTESIAN_POINT('',(2.25E0,-2.02E0,-3.9E0));
#3127=LINE('',#3126,#3125);
#3128=DIRECTION('',(0.E0,0.E0,-1.E0));
#3129=VECTOR('',#3128,8.E-1);
#3130=CARTESIAN_POINT('',(2.25E0,1.45E0,0.E0));
#3131=LINE('',#3130,#3129);
#3132=DIRECTION('',(-5.E-1,0.E0,8.660254037844E-1));
#3133=VECTOR('',#3132,3.464101615138E-1);
#3134=CARTESIAN_POINT('',(3.E0,-1.45E0,-3.E-1));
#3135=LINE('',#3134,#3133);
#3136=DIRECTION('',(1.E0,0.E0,0.E0));
#3137=VECTOR('',#3136,7.5E-1);
#3138=CARTESIAN_POINT('',(2.25E0,-1.45E0,-8.E-1));
#3139=LINE('',#3138,#3137);
#3140=DIRECTION('',(0.E0,0.E0,-1.E0));
#3141=VECTOR('',#3140,8.E-1);
#3142=CARTESIAN_POINT('',(2.25E0,-1.45E0,0.E0));
#3143=LINE('',#3142,#3141);
#3144=DIRECTION('',(-5.E-1,0.E0,8.660254037844E-1));
#3145=VECTOR('',#3144,3.464101615138E-1);
#3146=CARTESIAN_POINT('',(3.E0,1.45E0,-3.E-1));
#3147=LINE('',#3146,#3145);
#3148=DIRECTION('',(-1.E0,0.E0,0.E0));
#3149=VECTOR('',#3148,7.5E-1);
#3150=CARTESIAN_POINT('',(3.E0,1.45E0,-8.E-1));
#3151=LINE('',#3150,#3149);
#3152=DIRECTION('',(0.E0,0.E0,-1.E0));
#3153=VECTOR('',#3152,5.E-1);
#3154=CARTESIAN_POINT('',(3.E0,1.45E0,-3.E-1));
#3155=LINE('',#3154,#3153);
#3156=DIRECTION('',(0.E0,1.E0,0.E0));
#3157=VECTOR('',#3156,2.9E0);
#3158=CARTESIAN_POINT('',(2.25E0,-1.45E0,-8.E-1));
#3159=LINE('',#3158,#3157);
#3160=DIRECTION('',(0.E0,1.E0,0.E0));
#3161=VECTOR('',#3160,2.9E0);
#3162=CARTESIAN_POINT('',(3.E0,-1.45E0,-3.E-1));
#3163=LINE('',#3162,#3161);
#3164=DIRECTION('',(0.E0,1.E0,0.E0));
#3165=VECTOR('',#3164,2.9E0);
#3166=CARTESIAN_POINT('',(3.E0,-1.45E0,-8.E-1));
#3167=LINE('',#3166,#3165);
#3168=DIRECTION('',(0.E0,0.E0,-1.E0));
#3169=VECTOR('',#3168,5.E-1);
#3170=CARTESIAN_POINT('',(3.E0,-1.45E0,-3.E-1));
#3171=LINE('',#3170,#3169);
#3172=DIRECTION('',(-5.E-1,0.E0,-8.660254037844E-1));
#3173=VECTOR('',#3172,3.464101615138E-1);
#3174=CARTESIAN_POINT('',(-2.826794919243E0,1.45E0,0.E0));
#3175=LINE('',#3174,#3173);
#3176=DIRECTION('',(-1.E0,0.E0,0.E0));
#3177=VECTOR('',#3176,7.5E-1);
#3178=CARTESIAN_POINT('',(-2.25E0,1.45E0,-8.E-1));
#3179=LINE('',#3178,#3177);
#3180=DIRECTION('',(0.E0,0.E0,-1.E0));
#3181=VECTOR('',#3180,8.E-1);
#3182=CARTESIAN_POINT('',(-2.25E0,1.45E0,0.E0));
#3183=LINE('',#3182,#3181);
#3184=DIRECTION('',(-5.E-1,0.E0,-8.660254037844E-1));
#3185=VECTOR('',#3184,3.464101615138E-1);
#3186=CARTESIAN_POINT('',(-2.826794919243E0,-1.45E0,0.E0));
#3187=LINE('',#3186,#3185);
#3188=DIRECTION('',(1.E0,0.E0,0.E0));
#3189=VECTOR('',#3188,7.5E-1);
#3190=CARTESIAN_POINT('',(-3.E0,-1.45E0,-8.E-1));
#3191=LINE('',#3190,#3189);
#3192=DIRECTION('',(0.E0,0.E0,-1.E0));
#3193=VECTOR('',#3192,5.E-1);
#3194=CARTESIAN_POINT('',(-3.E0,-1.45E0,-3.E-1));
#3195=LINE('',#3194,#3193);
#3196=DIRECTION('',(0.E0,-1.E0,0.E0));
#3197=VECTOR('',#3196,2.9E0);
#3198=CARTESIAN_POINT('',(-3.E0,1.45E0,-3.E-1));
#3199=LINE('',#3198,#3197);
#3200=DIRECTION('',(0.E0,-1.E0,0.E0));
#3201=VECTOR('',#3200,2.9E0);
#3202=CARTESIAN_POINT('',(-3.E0,1.45E0,-8.E-1));
#3203=LINE('',#3202,#3201);
#3204=DIRECTION('',(0.E0,0.E0,-1.E0));
#3205=VECTOR('',#3204,5.E-1);
#3206=CARTESIAN_POINT('',(-3.E0,1.45E0,-3.E-1));
#3207=LINE('',#3206,#3205);
#3208=CARTESIAN_POINT('',(-2.37E0,1.6E0,-3.65E0));
#3209=DIRECTION('',(-1.E0,0.E0,0.E0));
#3210=DIRECTION('',(0.E0,0.E0,-1.E0));
#3211=AXIS2_PLACEMENT_3D('',#3208,#3209,#3210);
#3213=CARTESIAN_POINT('',(-2.37E0,-1.6E0,-3.65E0));
#3214=DIRECTION('',(-1.E0,0.E0,0.E0));
#3215=DIRECTION('',(0.E0,1.E0,0.E0));
#3216=AXIS2_PLACEMENT_3D('',#3213,#3214,#3215);
#3218=DIRECTION('',(0.E0,0.E0,-1.E0));
#3219=VECTOR('',#3218,9.998001329720E-1);
#3220=CARTESIAN_POINT('',(-2.37E0,-1.35E0,-2.650199867028E0));
#3221=LINE('',#3220,#3219);
#3222=DIRECTION('',(0.E0,1.E0,0.E0));
#3223=VECTOR('',#3222,2.7E0);
#3224=CARTESIAN_POINT('',(-2.37E0,-1.35E0,-2.650199867028E0));
#3225=LINE('',#3224,#3223);
#3226=DIRECTION('',(0.E0,0.E0,-1.E0));
#3227=VECTOR('',#3226,9.998001329720E-1);
#3228=CARTESIAN_POINT('',(-2.37E0,1.35E0,-2.650199867028E0));
#3229=LINE('',#3228,#3227);
#3230=DIRECTION('',(0.E0,-1.E0,0.E0));
#3231=VECTOR('',#3230,2.5E-1);
#3232=CARTESIAN_POINT('',(-2.37E0,-1.8E0,-3.9E0));
#3233=LINE('',#3232,#3231);
#3234=DIRECTION('',(0.E0,-1.E0,0.E0));
#3235=VECTOR('',#3234,2.5E-1);
#3236=CARTESIAN_POINT('',(-2.37E0,2.05E0,-3.9E0));
#3237=LINE('',#3236,#3235);
#3238=DIRECTION('',(1.E0,0.E0,0.E0));
#3239=VECTOR('',#3238,6.8E-1);
#3240=CARTESIAN_POINT('',(-3.05E0,-1.35E0,-3.65E0));
#3241=LINE('',#3240,#3239);
#3242=DIRECTION('',(5.001640516126E-1,0.E0,-8.659306678219E-1));
#3243=VECTOR('',#3242,5.199029018806E-1);
#3244=CARTESIAN_POINT('',(-2.630036741850E0,1.35E0,-2.2E0));
#3245=LINE('',#3244,#3243);
#3246=DIRECTION('',(5.001640516126E-1,0.E0,-8.659306678219E-1));
#3247=VECTOR('',#3246,5.199029018806E-1);
#3248=CARTESIAN_POINT('',(-2.630036741850E0,-1.35E0,-2.2E0));
#3249=LINE('',#3248,#3247);
#3250=CARTESIAN_POINT('',(-2.37E0,-1.8E0,-3.65E0));
#3251=DIRECTION('',(-1.E0,0.E0,0.E0));
#3252=DIRECTION('',(0.E0,0.E0,-1.E0));
#3253=AXIS2_PLACEMENT_3D('',#3250,#3251,#3252);
#3255=CARTESIAN_POINT('',(-3.05E0,-1.8E0,-3.65E0));
#3256=DIRECTION('',(1.E0,0.E0,0.E0));
#3257=DIRECTION('',(0.E0,-1.E0,0.E0));
#3258=AXIS2_PLACEMENT_3D('',#3255,#3256,#3257);
#3260=DIRECTION('',(1.E0,0.E0,0.E0));
#3261=VECTOR('',#3260,6.8E-1);
#3262=CARTESIAN_POINT('',(-3.05E0,-1.8E0,-3.9E0));
#3263=LINE('',#3262,#3261);
#3264=CARTESIAN_POINT('',(-3.05E0,1.8E0,-3.65E0));
#3265=DIRECTION('',(1.E0,0.E0,0.E0));
#3266=DIRECTION('',(0.E0,0.E0,-1.E0));
#3267=AXIS2_PLACEMENT_3D('',#3264,#3265,#3266);
#3269=CARTESIAN_POINT('',(-2.37E0,1.8E0,-3.65E0));
#3270=DIRECTION('',(-1.E0,0.E0,0.E0));
#3271=DIRECTION('',(0.E0,1.E0,0.E0));
#3272=AXIS2_PLACEMENT_3D('',#3269,#3270,#3271);
#3274=DIRECTION('',(0.E0,-1.E0,0.E0));
#3275=VECTOR('',#3274,2.598076211353E-1);
#3276=CARTESIAN_POINT('',(-2.63E0,2.309807621135E0,-2.2E0));
#3277=LINE('',#3276,#3275);
#3278=DIRECTION('',(5.E-1,0.E0,-8.660254037844E-1));
#3279=VECTOR('',#3278,5.196152422707E-1);
#3280=CARTESIAN_POINT('',(-2.63E0,2.05E0,-2.2E0));
#3281=LINE('',#3280,#3279);
#3282=DIRECTION('',(-5.E-1,0.E0,8.660254037844E-1));
#3283=VECTOR('',#3282,5.196152422707E-1);
#3284=CARTESIAN_POINT('',(-2.370192378865E0,-2.05E0,-2.65E0));
#3285=LINE('',#3284,#3283);
#3286=DIRECTION('',(0.E0,-1.E0,0.E0));
#3287=VECTOR('',#3286,2.598076211353E-1);
#3288=CARTESIAN_POINT('',(-2.63E0,-2.05E0,-2.2E0));
#3289=LINE('',#3288,#3287);
#3290=CARTESIAN_POINT('',(-2.25E0,2.02E0,0.E0));
#3291=CARTESIAN_POINT('',(-2.25E0,1.45E0,0.E0));
#3292=VERTEX_POINT('',#3290);
#3293=VERTEX_POINT('',#3291);
#3294=CARTESIAN_POINT('',(-2.25E0,-1.45E0,0.E0));
#3295=CARTESIAN_POINT('',(-2.25E0,-2.02E0,0.E0));
#3296=VERTEX_POINT('',#3294);
#3297=VERTEX_POINT('',#3295);
#3298=CARTESIAN_POINT('',(2.25E0,-2.02E0,0.E0));
#3299=CARTESIAN_POINT('',(2.25E0,-1.45E0,0.E0));
#3300=VERTEX_POINT('',#3298);
#3301=VERTEX_POINT('',#3299);
#3302=CARTESIAN_POINT('',(2.25E0,1.45E0,0.E0));
#3303=CARTESIAN_POINT('',(2.25E0,2.02E0,0.E0));
#3304=VERTEX_POINT('',#3302);
#3305=VERTEX_POINT('',#3303);
#3306=CARTESIAN_POINT('',(-2.25E0,-1.45E0,-8.E-1));
#3307=CARTESIAN_POINT('',(-2.25E0,1.45E0,-8.E-1));
#3308=VERTEX_POINT('',#3306);
#3309=VERTEX_POINT('',#3307);
#3310=CARTESIAN_POINT('',(2.25E0,-1.45E0,-8.E-1));
#3311=CARTESIAN_POINT('',(2.25E0,1.45E0,-8.E-1));
#3312=VERTEX_POINT('',#3310);
#3313=VERTEX_POINT('',#3311);
#3314=CARTESIAN_POINT('',(-1.75E0,-1.5E0,0.E0));
#3315=CARTESIAN_POINT('',(-1.75E0,-1.5E0,-3.8E0));
#3316=VERTEX_POINT('',#3314);
#3317=VERTEX_POINT('',#3315);
#3318=CARTESIAN_POINT('',(1.75E0,-1.5E0,0.E0));
#3319=CARTESIAN_POINT('',(1.75E0,-1.5E0,-3.8E0));
#3320=VERTEX_POINT('',#3318);
#3321=VERTEX_POINT('',#3319);
#3322=CARTESIAN_POINT('',(1.75E0,1.5E0,0.E0));
#3323=CARTESIAN_POINT('',(1.75E0,1.5E0,-3.8E0));
#3324=VERTEX_POINT('',#3322);
#3325=VERTEX_POINT('',#3323);
#3326=CARTESIAN_POINT('',(-1.75E0,1.5E0,0.E0));
#3327=CARTESIAN_POINT('',(-1.75E0,1.5E0,-3.8E0));
#3328=VERTEX_POINT('',#3326);
#3329=VERTEX_POINT('',#3327);
#3330=CARTESIAN_POINT('',(7.5E-1,2.15E0,-6.8E0));
#3331=CARTESIAN_POINT('',(-7.5E-1,2.15E0,-6.8E0));
#3332=VERTEX_POINT('',#3330);
#3333=VERTEX_POINT('',#3331);
#3334=CARTESIAN_POINT('',(-7.5E-1,-2.15E0,-6.8E0));
#3335=CARTESIAN_POINT('',(7.5E-1,-2.15E0,-6.8E0));
#3336=VERTEX_POINT('',#3334);
#3337=VERTEX_POINT('',#3335);
#3338=CARTESIAN_POINT('',(7.5E-1,2.15E0,-7.E0));
#3339=VERTEX_POINT('',#3338);
#3340=CARTESIAN_POINT('',(-7.5E-1,2.15E0,-7.E0));
#3341=VERTEX_POINT('',#3340);
#3342=CARTESIAN_POINT('',(-7.5E-1,-2.15E0,-7.E0));
#3343=VERTEX_POINT('',#3342);
#3344=CARTESIAN_POINT('',(7.5E-1,-2.15E0,-7.E0));
#3345=VERTEX_POINT('',#3344);
#3346=CARTESIAN_POINT('',(-5.5E-1,-3.05E0,-5.7E0));
#3347=CARTESIAN_POINT('',(-5.5E-1,-2.35E0,-5.7E0));
#3348=VERTEX_POINT('',#3346);
#3349=VERTEX_POINT('',#3347);
#3350=CARTESIAN_POINT('',(-5.5E-1,2.35E0,-5.7E0));
#3351=CARTESIAN_POINT('',(-5.5E-1,3.05E0,-5.7E0));
#3352=VERTEX_POINT('',#3350);
#3353=VERTEX_POINT('',#3351);
#3354=CARTESIAN_POINT('',(5.5E-1,-3.05E0,-5.7E0));
#3355=CARTESIAN_POINT('',(5.5E-1,-2.35E0,-5.7E0));
#3356=VERTEX_POINT('',#3354);
#3357=VERTEX_POINT('',#3355);
#3358=CARTESIAN_POINT('',(5.5E-1,2.35E0,-5.7E0));
#3359=CARTESIAN_POINT('',(5.5E-1,3.05E0,-5.7E0));
#3360=VERTEX_POINT('',#3358);
#3361=VERTEX_POINT('',#3359);
#3362=CARTESIAN_POINT('',(5.5E-1,-2.35E0,-2.2E0));
#3363=VERTEX_POINT('',#3362);
#3364=CARTESIAN_POINT('',(-5.5E-1,-2.35E0,-2.2E0));
#3365=VERTEX_POINT('',#3364);
#3366=CARTESIAN_POINT('',(-5.5E-1,2.35E0,-2.2E0));
#3367=VERTEX_POINT('',#3366);
#3368=CARTESIAN_POINT('',(5.5E-1,2.35E0,-2.2E0));
#3369=VERTEX_POINT('',#3368);
#3370=CARTESIAN_POINT('',(-2.25E0,-2.02E0,-3.9E0));
#3371=CARTESIAN_POINT('',(-2.25E0,2.02E0,-3.9E0));
#3372=VERTEX_POINT('',#3370);
#3373=VERTEX_POINT('',#3371);
#3374=CARTESIAN_POINT('',(2.25E0,-2.02E0,-3.9E0));
#3375=CARTESIAN_POINT('',(2.25E0,2.02E0,-3.9E0));
#3376=VERTEX_POINT('',#3374);
#3377=VERTEX_POINT('',#3375);
#3378=CARTESIAN_POINT('',(-3.05E0,1.6E0,-3.9E0));
#3379=CARTESIAN_POINT('',(-2.37E0,1.6E0,-3.9E0));
#3380=VERTEX_POINT('',#3378);
#3381=VERTEX_POINT('',#3379);
#3382=CARTESIAN_POINT('',(-3.05E0,1.35E0,-3.65E0));
#3383=CARTESIAN_POINT('',(-2.37E0,1.35E0,-3.65E0));
#3384=VERTEX_POINT('',#3382);
#3385=VERTEX_POINT('',#3383);
#3386=CARTESIAN_POINT('',(-3.05E0,1.8E0,-3.9E0));
#3387=CARTESIAN_POINT('',(-2.37E0,1.8E0,-3.9E0));
#3388=VERTEX_POINT('',#3386);
#3389=VERTEX_POINT('',#3387);
#3390=CARTESIAN_POINT('',(-3.05E0,-1.35E0,-3.65E0));
#3391=CARTESIAN_POINT('',(-2.37E0,-1.35E0,-3.65E0));
#3392=VERTEX_POINT('',#3390);
#3393=VERTEX_POINT('',#3391);
#3394=CARTESIAN_POINT('',(-3.05E0,-1.6E0,-3.9E0));
#3395=CARTESIAN_POINT('',(-2.37E0,-1.6E0,-3.9E0));
#3396=VERTEX_POINT('',#3394);
#3397=VERTEX_POINT('',#3395);
#3398=CARTESIAN_POINT('',(-3.05E0,-1.8E0,-3.9E0));
#3399=CARTESIAN_POINT('',(-2.37E0,-1.8E0,-3.9E0));
#3400=VERTEX_POINT('',#3398);
#3401=VERTEX_POINT('',#3399);
#3402=CARTESIAN_POINT('',(3.05E0,1.6E0,-3.9E0));
#3403=CARTESIAN_POINT('',(2.369884521617E0,1.6E0,-3.9E0));
#3404=VERTEX_POINT('',#3402);
#3405=VERTEX_POINT('',#3403);
#3406=CARTESIAN_POINT('',(3.05E0,1.35E0,-3.65E0));
#3407=CARTESIAN_POINT('',(2.369884521617E0,1.35E0,-3.65E0));
#3408=VERTEX_POINT('',#3406);
#3409=VERTEX_POINT('',#3407);
#3410=CARTESIAN_POINT('',(3.05E0,1.8E0,-3.9E0));
#3411=CARTESIAN_POINT('',(2.369884521617E0,1.8E0,-3.9E0));
#3412=VERTEX_POINT('',#3410);
#3413=VERTEX_POINT('',#3411);
#3414=CARTESIAN_POINT('',(3.05E0,-1.35E0,-3.65E0));
#3415=CARTESIAN_POINT('',(2.369884521617E0,-1.35E0,-3.65E0));
#3416=VERTEX_POINT('',#3414);
#3417=VERTEX_POINT('',#3415);
#3418=CARTESIAN_POINT('',(3.05E0,-1.6E0,-3.9E0));
#3419=CARTESIAN_POINT('',(2.369884521617E0,-1.6E0,-3.9E0));
#3420=VERTEX_POINT('',#3418);
#3421=VERTEX_POINT('',#3419);
#3422=CARTESIAN_POINT('',(3.05E0,-1.8E0,-3.9E0));
#3423=CARTESIAN_POINT('',(2.369884521617E0,-1.8E0,-3.9E0));
#3424=VERTEX_POINT('',#3422);
#3425=VERTEX_POINT('',#3423);
#3426=CARTESIAN_POINT('',(3.5E-1,-2.35E0,-2.75E0));
#3427=CARTESIAN_POINT('',(3.5E-1,-2.05E0,-2.75E0));
#3428=VERTEX_POINT('',#3426);
#3429=VERTEX_POINT('',#3427);
#3430=CARTESIAN_POINT('',(3.5E-1,2.05E0,-2.75E0));
#3431=CARTESIAN_POINT('',(3.5E-1,2.35E0,-2.75E0));
#3432=VERTEX_POINT('',#3430);
#3433=VERTEX_POINT('',#3431);
#3434=CARTESIAN_POINT('',(-3.5E-1,-2.35E0,-2.75E0));
#3435=CARTESIAN_POINT('',(-3.5E-1,-2.05E0,-2.75E0));
#3436=VERTEX_POINT('',#3434);
#3437=VERTEX_POINT('',#3435);
#3438=CARTESIAN_POINT('',(-3.5E-1,2.05E0,-2.75E0));
#3439=CARTESIAN_POINT('',(-3.5E-1,2.35E0,-2.75E0));
#3440=VERTEX_POINT('',#3438);
#3441=VERTEX_POINT('',#3439);
#3442=CARTESIAN_POINT('',(-2.07E0,-3.05E0,-2.8E0));
#3443=CARTESIAN_POINT('',(-2.07E0,-2.05E0,-2.8E0));
#3444=VERTEX_POINT('',#3442);
#3445=VERTEX_POINT('',#3443);
#3446=CARTESIAN_POINT('',(-2.07E0,-3.05E0,-3.9E0));
#3447=CARTESIAN_POINT('',(-2.07E0,-2.05E0,-3.9E0));
#3448=VERTEX_POINT('',#3446);
#3449=VERTEX_POINT('',#3447);
#3450=CARTESIAN_POINT('',(-1.27E0,-3.05E0,-3.9E0));
#3451=CARTESIAN_POINT('',(-1.27E0,-2.05E0,-3.9E0));
#3452=VERTEX_POINT('',#3450);
#3453=VERTEX_POINT('',#3451);
#3454=CARTESIAN_POINT('',(-1.27E0,-3.05E0,-2.8E0));
#3455=CARTESIAN_POINT('',(-1.27E0,-2.05E0,-2.8E0));
#3456=VERTEX_POINT('',#3454);
#3457=VERTEX_POINT('',#3455);
#3458=CARTESIAN_POINT('',(2.07E0,-3.05E0,-2.8E0));
#3459=CARTESIAN_POINT('',(2.07E0,-2.05E0,-2.8E0));
#3460=VERTEX_POINT('',#3458);
#3461=VERTEX_POINT('',#3459);
#3462=CARTESIAN_POINT('',(1.27E0,-3.05E0,-2.8E0));
#3463=CARTESIAN_POINT('',(1.27E0,-2.05E0,-2.8E0));
#3464=VERTEX_POINT('',#3462);
#3465=VERTEX_POINT('',#3463);
#3466=CARTESIAN_POINT('',(1.27E0,-3.05E0,-3.9E0));
#3467=CARTESIAN_POINT('',(1.27E0,-2.05E0,-3.9E0));
#3468=VERTEX_POINT('',#3466);
#3469=VERTEX_POINT('',#3467);
#3470=CARTESIAN_POINT('',(2.07E0,-3.05E0,-3.9E0));
#3471=CARTESIAN_POINT('',(2.07E0,-2.05E0,-3.9E0));
#3472=VERTEX_POINT('',#3470);
#3473=VERTEX_POINT('',#3471);
#3474=CARTESIAN_POINT('',(-2.07E0,3.05E0,-2.8E0));
#3475=CARTESIAN_POINT('',(-2.07E0,2.05E0,-2.8E0));
#3476=VERTEX_POINT('',#3474);
#3477=VERTEX_POINT('',#3475);
#3478=CARTESIAN_POINT('',(-2.07E0,3.05E0,-3.9E0));
#3479=CARTESIAN_POINT('',(-2.07E0,2.05E0,-3.9E0));
#3480=VERTEX_POINT('',#3478);
#3481=VERTEX_POINT('',#3479);
#3482=CARTESIAN_POINT('',(-1.27E0,3.05E0,-3.9E0));
#3483=CARTESIAN_POINT('',(-1.27E0,2.05E0,-3.9E0));
#3484=VERTEX_POINT('',#3482);
#3485=VERTEX_POINT('',#3483);
#3486=CARTESIAN_POINT('',(-1.27E0,3.05E0,-2.8E0));
#3487=CARTESIAN_POINT('',(-1.27E0,2.05E0,-2.8E0));
#3488=VERTEX_POINT('',#3486);
#3489=VERTEX_POINT('',#3487);
#3490=CARTESIAN_POINT('',(2.07E0,3.05E0,-2.8E0));
#3491=CARTESIAN_POINT('',(2.07E0,2.05E0,-2.8E0));
#3492=VERTEX_POINT('',#3490);
#3493=VERTEX_POINT('',#3491);
#3494=CARTESIAN_POINT('',(1.27E0,3.05E0,-2.8E0));
#3495=CARTESIAN_POINT('',(1.27E0,2.05E0,-2.8E0));
#3496=VERTEX_POINT('',#3494);
#3497=VERTEX_POINT('',#3495);
#3498=CARTESIAN_POINT('',(1.27E0,3.05E0,-3.9E0));
#3499=CARTESIAN_POINT('',(1.27E0,2.05E0,-3.9E0));
#3500=VERTEX_POINT('',#3498);
#3501=VERTEX_POINT('',#3499);
#3502=CARTESIAN_POINT('',(2.07E0,3.05E0,-3.9E0));
#3503=CARTESIAN_POINT('',(2.07E0,2.05E0,-3.9E0));
#3504=VERTEX_POINT('',#3502);
#3505=VERTEX_POINT('',#3503);
#3506=CARTESIAN_POINT('',(-1.44E0,-2.02E0,-2.8E0));
#3507=CARTESIAN_POINT('',(-1.395E0,-2.02E0,-3.62E0));
#3508=VERTEX_POINT('',#3506);
#3509=VERTEX_POINT('',#3507);
#3510=CARTESIAN_POINT('',(-1.945E0,-2.02E0,-3.62E0));
#3511=CARTESIAN_POINT('',(-1.9E0,-2.02E0,-2.8E0));
#3512=VERTEX_POINT('',#3510);
#3513=VERTEX_POINT('',#3511);
#3514=CARTESIAN_POINT('',(1.395E0,-2.02E0,-3.62E0));
#3515=CARTESIAN_POINT('',(1.44E0,-2.02E0,-2.8E0));
#3516=VERTEX_POINT('',#3514);
#3517=VERTEX_POINT('',#3515);
#3518=CARTESIAN_POINT('',(1.9E0,-2.02E0,-2.8E0));
#3519=CARTESIAN_POINT('',(1.945E0,-2.02E0,-3.62E0));
#3520=VERTEX_POINT('',#3518);
#3521=VERTEX_POINT('',#3519);
#3522=CARTESIAN_POINT('',(-1.44E0,-2.05E0,-2.8E0));
#3523=CARTESIAN_POINT('',(-1.44E0,-2.27E0,-2.8E0));
#3524=VERTEX_POINT('',#3522);
#3525=VERTEX_POINT('',#3523);
#3526=CARTESIAN_POINT('',(-1.9E0,-2.05E0,-2.8E0));
#3527=CARTESIAN_POINT('',(-1.9E0,-2.27E0,-2.8E0));
#3528=VERTEX_POINT('',#3526);
#3529=VERTEX_POINT('',#3527);
#3530=CARTESIAN_POINT('',(1.44E0,-2.05E0,-2.8E0));
#3531=CARTESIAN_POINT('',(1.44E0,-2.27E0,-2.8E0));
#3532=VERTEX_POINT('',#3530);
#3533=VERTEX_POINT('',#3531);
#3534=CARTESIAN_POINT('',(1.9E0,-2.05E0,-2.8E0));
#3535=CARTESIAN_POINT('',(1.9E0,-2.27E0,-2.8E0));
#3536=VERTEX_POINT('',#3534);
#3537=VERTEX_POINT('',#3535);
#3538=CARTESIAN_POINT('',(1.44E0,2.02E0,-2.8E0));
#3539=CARTESIAN_POINT('',(1.395E0,2.02E0,-3.62E0));
#3540=VERTEX_POINT('',#3538);
#3541=VERTEX_POINT('',#3539);
#3542=CARTESIAN_POINT('',(1.945E0,2.02E0,-3.62E0));
#3543=CARTESIAN_POINT('',(1.9E0,2.02E0,-2.8E0));
#3544=VERTEX_POINT('',#3542);
#3545=VERTEX_POINT('',#3543);
#3546=CARTESIAN_POINT('',(-1.395E0,2.02E0,-3.62E0));
#3547=CARTESIAN_POINT('',(-1.44E0,2.02E0,-2.8E0));
#3548=VERTEX_POINT('',#3546);
#3549=VERTEX_POINT('',#3547);
#3550=CARTESIAN_POINT('',(-1.9E0,2.02E0,-2.8E0));
#3551=CARTESIAN_POINT('',(-1.945E0,2.02E0,-3.62E0));
#3552=VERTEX_POINT('',#3550);
#3553=VERTEX_POINT('',#3551);
#3554=CARTESIAN_POINT('',(1.44E0,2.05E0,-2.8E0));
#3555=CARTESIAN_POINT('',(1.44E0,2.27E0,-2.8E0));
#3556=VERTEX_POINT('',#3554);
#3557=VERTEX_POINT('',#3555);
#3558=CARTESIAN_POINT('',(1.9E0,2.05E0,-2.8E0));
#3559=CARTESIAN_POINT('',(1.9E0,2.27E0,-2.8E0));
#3560=VERTEX_POINT('',#3558);
#3561=VERTEX_POINT('',#3559);
#3562=CARTESIAN_POINT('',(-1.44E0,2.05E0,-2.8E0));
#3563=CARTESIAN_POINT('',(-1.44E0,2.27E0,-2.8E0));
#3564=VERTEX_POINT('',#3562);
#3565=VERTEX_POINT('',#3563);
#3566=CARTESIAN_POINT('',(-1.9E0,2.05E0,-2.8E0));
#3567=CARTESIAN_POINT('',(-1.9E0,2.27E0,-2.8E0));
#3568=VERTEX_POINT('',#3566);
#3569=VERTEX_POINT('',#3567);
#3570=CARTESIAN_POINT('',(-1.05E0,-1.05E0,-1.9E0));
#3571=CARTESIAN_POINT('',(-1.05E0,-1.05E0,-2.9E0));
#3572=VERTEX_POINT('',#3570);
#3573=VERTEX_POINT('',#3571);
#3574=CARTESIAN_POINT('',(1.15E0,-1.05E0,-1.9E0));
#3575=VERTEX_POINT('',#3574);
#3576=CARTESIAN_POINT('',(1.15E0,-1.05E0,-2.9E0));
#3577=VERTEX_POINT('',#3576);
#3578=CARTESIAN_POINT('',(-1.05E0,1.05E0,-1.9E0));
#3579=CARTESIAN_POINT('',(-1.05E0,1.05E0,-2.9E0));
#3580=VERTEX_POINT('',#3578);
#3581=VERTEX_POINT('',#3579);
#3582=CARTESIAN_POINT('',(1.15E0,1.05E0,-1.9E0));
#3583=VERTEX_POINT('',#3582);
#3584=CARTESIAN_POINT('',(1.15E0,1.05E0,-2.9E0));
#3585=VERTEX_POINT('',#3584);
#3586=CARTESIAN_POINT('',(-2.826794919243E0,-1.45E0,0.E0));
#3587=CARTESIAN_POINT('',(-2.826794919243E0,1.45E0,0.E0));
#3588=VERTEX_POINT('',#3586);
#3589=VERTEX_POINT('',#3587);
#3590=CARTESIAN_POINT('',(2.826794919243E0,-1.45E0,0.E0));
#3591=CARTESIAN_POINT('',(2.826794919243E0,1.45E0,0.E0));
#3592=VERTEX_POINT('',#3590);
#3593=VERTEX_POINT('',#3591);
#3594=CARTESIAN_POINT('',(-3.E0,1.45E0,-3.E-1));
#3595=CARTESIAN_POINT('',(-3.E0,-1.45E0,-3.E-1));
#3596=VERTEX_POINT('',#3594);
#3597=VERTEX_POINT('',#3595);
#3598=CARTESIAN_POINT('',(-3.E0,1.45E0,-8.E-1));
#3599=CARTESIAN_POINT('',(-3.E0,-1.45E0,-8.E-1));
#3600=VERTEX_POINT('',#3598);
#3601=VERTEX_POINT('',#3599);
#3602=CARTESIAN_POINT('',(3.E0,-1.45E0,-3.E-1));
#3603=CARTESIAN_POINT('',(3.E0,1.45E0,-3.E-1));
#3604=VERTEX_POINT('',#3602);
#3605=VERTEX_POINT('',#3603);
#3606=CARTESIAN_POINT('',(3.E0,-1.45E0,-8.E-1));
#3607=CARTESIAN_POINT('',(3.E0,1.45E0,-8.E-1));
#3608=VERTEX_POINT('',#3606);
#3609=VERTEX_POINT('',#3607);
#3610=CARTESIAN_POINT('',(5.5E-1,-2.02E0,0.E0));
#3611=CARTESIAN_POINT('',(5.5E-1,-1.5E0,0.E0));
#3612=VERTEX_POINT('',#3610);
#3613=VERTEX_POINT('',#3611);
#3614=CARTESIAN_POINT('',(-5.5E-1,-2.02E0,0.E0));
#3615=CARTESIAN_POINT('',(-5.5E-1,-1.5E0,0.E0));
#3616=VERTEX_POINT('',#3614);
#3617=VERTEX_POINT('',#3615);
#3618=CARTESIAN_POINT('',(5.5E-1,2.02E0,0.E0));
#3619=CARTESIAN_POINT('',(5.5E-1,1.5E0,0.E0));
#3620=VERTEX_POINT('',#3618);
#3621=VERTEX_POINT('',#3619);
#3622=CARTESIAN_POINT('',(-5.5E-1,2.02E0,0.E0));
#3623=CARTESIAN_POINT('',(-5.5E-1,1.5E0,0.E0));
#3624=VERTEX_POINT('',#3622);
#3625=VERTEX_POINT('',#3623);
#3626=CARTESIAN_POINT('',(5.5E-1,-1.5E0,-2.7E0));
#3627=VERTEX_POINT('',#3626);
#3628=CARTESIAN_POINT('',(-5.5E-1,-1.5E0,-2.7E0));
#3629=VERTEX_POINT('',#3628);
#3630=CARTESIAN_POINT('',(5.5E-1,1.5E0,-2.7E0));
#3631=VERTEX_POINT('',#3630);
#3632=CARTESIAN_POINT('',(-5.5E-1,1.5E0,-2.7E0));
#3633=VERTEX_POINT('',#3632);
#3634=CARTESIAN_POINT('',(-3.05E0,-3.05E0,-6.8E0));
#3635=CARTESIAN_POINT('',(-3.05E0,3.05E0,-6.8E0));
#3636=VERTEX_POINT('',#3634);
#3637=VERTEX_POINT('',#3635);
#3638=CARTESIAN_POINT('',(3.05E0,3.05E0,-6.8E0));
#3639=CARTESIAN_POINT('',(3.05E0,-3.05E0,-6.8E0));
#3640=VERTEX_POINT('',#3638);
#3641=VERTEX_POINT('',#3639);
#3642=CARTESIAN_POINT('',(-3.05E0,-3.05E0,-2.2E0));
#3643=VERTEX_POINT('',#3642);
#3644=CARTESIAN_POINT('',(-3.05E0,3.05E0,-2.2E0));
#3645=VERTEX_POINT('',#3644);
#3646=CARTESIAN_POINT('',(3.05E0,3.05E0,-2.2E0));
#3647=VERTEX_POINT('',#3646);
#3648=CARTESIAN_POINT('',(3.05E0,-3.05E0,-2.2E0));
#3649=VERTEX_POINT('',#3648);
#3650=CARTESIAN_POINT('',(-5.5E-1,-3.05E0,-2.2E0));
#3651=VERTEX_POINT('',#3650);
#3652=CARTESIAN_POINT('',(-5.5E-1,3.05E0,-2.2E0));
#3653=VERTEX_POINT('',#3652);
#3654=CARTESIAN_POINT('',(5.5E-1,-3.05E0,-2.2E0));
#3655=VERTEX_POINT('',#3654);
#3656=CARTESIAN_POINT('',(5.5E-1,3.05E0,-2.2E0));
#3657=VERTEX_POINT('',#3656);
#3658=CARTESIAN_POINT('',(5.5E-1,-2.02E0,-2.7E0));
#3659=VERTEX_POINT('',#3658);
#3660=CARTESIAN_POINT('',(-5.5E-1,-2.02E0,-2.7E0));
#3661=VERTEX_POINT('',#3660);
#3662=CARTESIAN_POINT('',(5.5E-1,2.02E0,-2.7E0));
#3663=VERTEX_POINT('',#3662);
#3664=CARTESIAN_POINT('',(-5.5E-1,2.02E0,-2.7E0));
#3665=VERTEX_POINT('',#3664);
#3666=CARTESIAN_POINT('',(-3.05E0,1.35E0,-2.2E0));
#3667=CARTESIAN_POINT('',(-2.630036741850E0,1.35E0,-2.2E0));
#3668=VERTEX_POINT('',#3666);
#3669=VERTEX_POINT('',#3667);
#3670=CARTESIAN_POINT('',(-3.05E0,-1.35E0,-2.2E0));
#3671=CARTESIAN_POINT('',(-2.630036741850E0,-1.35E0,-2.2E0));
#3672=VERTEX_POINT('',#3670);
#3673=VERTEX_POINT('',#3671);
#3674=CARTESIAN_POINT('',(-2.37E0,1.35E0,-2.650199867028E0));
#3675=VERTEX_POINT('',#3674);
#3676=CARTESIAN_POINT('',(-2.37E0,-1.35E0,-2.650199867028E0));
#3677=VERTEX_POINT('',#3676);
#3678=CARTESIAN_POINT('',(-2.37E0,2.05E0,-3.9E0));
#3679=CARTESIAN_POINT('',(-2.37E0,2.05E0,-3.65E0));
#3680=VERTEX_POINT('',#3678);
#3681=VERTEX_POINT('',#3679);
#3682=CARTESIAN_POINT('',(-3.05E0,2.05E0,-3.65E0));
#3683=VERTEX_POINT('',#3682);
#3684=CARTESIAN_POINT('',(-2.37E0,-2.05E0,-3.9E0));
#3685=CARTESIAN_POINT('',(-2.37E0,-2.05E0,-3.65E0));
#3686=VERTEX_POINT('',#3684);
#3687=VERTEX_POINT('',#3685);
#3688=CARTESIAN_POINT('',(-3.05E0,-2.05E0,-3.65E0));
#3689=VERTEX_POINT('',#3688);
#3690=CARTESIAN_POINT('',(3.05E0,1.35E0,-2.2E0));
#3691=CARTESIAN_POINT('',(2.630036741850E0,1.35E0,-2.2E0));
#3692=VERTEX_POINT('',#3690);
#3693=VERTEX_POINT('',#3691);
#3694=CARTESIAN_POINT('',(3.05E0,-1.35E0,-2.2E0));
#3695=CARTESIAN_POINT('',(2.630036741850E0,-1.35E0,-2.2E0));
#3696=VERTEX_POINT('',#3694);
#3697=VERTEX_POINT('',#3695);
#3698=CARTESIAN_POINT('',(2.369884521617E0,1.35E0,-2.650199867028E0));
#3699=VERTEX_POINT('',#3698);
#3700=CARTESIAN_POINT('',(2.369884521617E0,-1.35E0,-2.650199867028E0));
#3701=VERTEX_POINT('',#3700);
#3702=CARTESIAN_POINT('',(2.369961507206E0,2.05E0,-3.9E0));
#3703=CARTESIAN_POINT('',(2.369961507206E0,2.05E0,-3.65E0));
#3704=VERTEX_POINT('',#3702);
#3705=VERTEX_POINT('',#3703);
#3706=CARTESIAN_POINT('',(3.05E0,2.05E0,-3.65E0));
#3707=VERTEX_POINT('',#3706);
#3708=CARTESIAN_POINT('',(2.369961507206E0,-2.05E0,-3.9E0));
#3709=CARTESIAN_POINT('',(2.369961507206E0,-2.05E0,-3.65E0));
#3710=VERTEX_POINT('',#3708);
#3711=VERTEX_POINT('',#3709);
#3712=CARTESIAN_POINT('',(3.05E0,-2.05E0,-3.65E0));
#3713=VERTEX_POINT('',#3712);
#3714=CARTESIAN_POINT('',(3.5E-1,-2.35E0,-2.2E0));
#3715=CARTESIAN_POINT('',(3.5E-1,-2.309807621135E0,-2.2E0));
#3716=VERTEX_POINT('',#3714);
#3717=VERTEX_POINT('',#3715);
#3718=CARTESIAN_POINT('',(-3.5E-1,-2.35E0,-2.2E0));
#3719=CARTESIAN_POINT('',(-3.5E-1,-2.309807621135E0,-2.2E0));
#3720=VERTEX_POINT('',#3718);
#3721=VERTEX_POINT('',#3719);
#3722=CARTESIAN_POINT('',(3.5E-1,2.35E0,-2.2E0));
#3723=VERTEX_POINT('',#3722);
#3724=CARTESIAN_POINT('',(-3.5E-1,2.35E0,-2.2E0));
#3725=VERTEX_POINT('',#3724);
#3726=CARTESIAN_POINT('',(3.5E-1,2.05E0,-2.65E0));
#3727=CARTESIAN_POINT('',(3.5E-1,2.309807621135E0,-2.2E0));
#3728=VERTEX_POINT('',#3726);
#3729=VERTEX_POINT('',#3727);
#3730=CARTESIAN_POINT('',(-3.5E-1,2.05E0,-2.65E0));
#3731=CARTESIAN_POINT('',(-3.5E-1,2.309807621135E0,-2.2E0));
#3732=VERTEX_POINT('',#3730);
#3733=VERTEX_POINT('',#3731);
#3734=CARTESIAN_POINT('',(3.5E-1,-2.05E0,-2.65E0));
#3735=VERTEX_POINT('',#3734);
#3736=CARTESIAN_POINT('',(-3.5E-1,-2.05E0,-2.65E0));
#3737=VERTEX_POINT('',#3736);
#3738=CARTESIAN_POINT('',(-1.418762892177E0,-2.27E0,-3.186987298108E0));
#3739=VERTEX_POINT('',#3738);
#3740=CARTESIAN_POINT('',(-1.921237107823E0,-2.27E0,-3.186987298108E0));
#3741=VERTEX_POINT('',#3740);
#3742=CARTESIAN_POINT('',(1.418762892177E0,-2.27E0,-3.186987298108E0));
#3743=VERTEX_POINT('',#3742);
#3744=CARTESIAN_POINT('',(1.921237107823E0,-2.27E0,-3.186987298108E0));
#3745=VERTEX_POINT('',#3744);
#3746=CARTESIAN_POINT('',(-1.418762892177E0,2.27E0,-3.186987298108E0));
#3747=VERTEX_POINT('',#3746);
#3748=CARTESIAN_POINT('',(-1.921237107823E0,2.27E0,-3.186987298108E0));
#3749=VERTEX_POINT('',#3748);
#3750=CARTESIAN_POINT('',(1.418762892177E0,2.27E0,-3.186987298108E0));
#3751=VERTEX_POINT('',#3750);
#3752=CARTESIAN_POINT('',(1.921237107823E0,2.27E0,-3.186987298108E0));
#3753=VERTEX_POINT('',#3752);
#3754=CARTESIAN_POINT('',(-2.E-1,-2.02E0,-2.7E0));
#3755=CARTESIAN_POINT('',(-2.E-1,-1.5E0,-2.7E0));
#3756=VERTEX_POINT('',#3754);
#3757=VERTEX_POINT('',#3755);
#3758=CARTESIAN_POINT('',(2.E-1,-2.02E0,-2.7E0));
#3759=CARTESIAN_POINT('',(2.E-1,-1.5E0,-2.7E0));
#3760=VERTEX_POINT('',#3758);
#3761=VERTEX_POINT('',#3759);
#3762=CARTESIAN_POINT('',(-2.E-1,-3.05E0,-6.8E0));
#3763=CARTESIAN_POINT('',(-2.E-1,-2.417409035075E0,-6.8E0));
#3764=VERTEX_POINT('',#3762);
#3765=VERTEX_POINT('',#3763);
#3766=CARTESIAN_POINT('',(2.E-1,-3.05E0,-6.8E0));
#3767=CARTESIAN_POINT('',(2.E-1,-2.417409035075E0,-6.8E0));
#3768=VERTEX_POINT('',#3766);
#3769=VERTEX_POINT('',#3767);
#3770=CARTESIAN_POINT('',(-2.E-1,-2.4E0,-5.7E0));
#3771=CARTESIAN_POINT('',(-2.E-1,-2.6E0,-5.7E0));
#3772=VERTEX_POINT('',#3770);
#3773=VERTEX_POINT('',#3771);
#3774=CARTESIAN_POINT('',(2.E-1,-2.4E0,-5.7E0));
#3775=CARTESIAN_POINT('',(2.E-1,-2.6E0,-5.7E0));
#3776=VERTEX_POINT('',#3774);
#3777=VERTEX_POINT('',#3775);
#3778=CARTESIAN_POINT('',(-2.E-1,-1.05E0,-2.7E0));
#3779=CARTESIAN_POINT('',(-2.E-1,-1.05E0,-2.5E0));
#3780=VERTEX_POINT('',#3778);
#3781=VERTEX_POINT('',#3779);
#3782=CARTESIAN_POINT('',(2.E-1,-1.05E0,-2.7E0));
#3783=CARTESIAN_POINT('',(2.E-1,-1.05E0,-2.5E0));
#3784=VERTEX_POINT('',#3782);
#3785=VERTEX_POINT('',#3783);
#3786=CARTESIAN_POINT('',(-2.5E-1,2.02E0,-2.7E0));
#3787=CARTESIAN_POINT('',(-2.5E-1,1.5E0,-2.7E0));
#3788=VERTEX_POINT('',#3786);
#3789=VERTEX_POINT('',#3787);
#3790=CARTESIAN_POINT('',(2.5E-1,2.02E0,-2.7E0));
#3791=CARTESIAN_POINT('',(2.5E-1,1.5E0,-2.7E0));
#3792=VERTEX_POINT('',#3790);
#3793=VERTEX_POINT('',#3791);
#3794=CARTESIAN_POINT('',(-2.5E-1,2.417409035075E0,-6.8E0));
#3795=CARTESIAN_POINT('',(-2.5E-1,3.05E0,-6.8E0));
#3796=VERTEX_POINT('',#3794);
#3797=VERTEX_POINT('',#3795);
#3798=CARTESIAN_POINT('',(2.5E-1,2.417409035075E0,-6.8E0));
#3799=CARTESIAN_POINT('',(2.5E-1,3.05E0,-6.8E0));
#3800=VERTEX_POINT('',#3798);
#3801=VERTEX_POINT('',#3799);
#3802=CARTESIAN_POINT('',(-2.5E-1,2.4E0,-5.7E0));
#3803=CARTESIAN_POINT('',(-2.5E-1,2.6E0,-5.7E0));
#3804=VERTEX_POINT('',#3802);
#3805=VERTEX_POINT('',#3803);
#3806=CARTESIAN_POINT('',(2.5E-1,2.4E0,-5.7E0));
#3807=CARTESIAN_POINT('',(2.5E-1,2.6E0,-5.7E0));
#3808=VERTEX_POINT('',#3806);
#3809=VERTEX_POINT('',#3807);
#3810=CARTESIAN_POINT('',(-2.5E-1,1.05E0,-2.7E0));
#3811=CARTESIAN_POINT('',(-2.5E-1,1.05E0,-2.5E0));
#3812=VERTEX_POINT('',#3810);
#3813=VERTEX_POINT('',#3811);
#3814=CARTESIAN_POINT('',(2.5E-1,1.05E0,-2.7E0));
#3815=CARTESIAN_POINT('',(2.5E-1,1.05E0,-2.5E0));
#3816=VERTEX_POINT('',#3814);
#3817=VERTEX_POINT('',#3815);
#3818=CARTESIAN_POINT('',(3.488E0,-2.575E0,-6.E0));
#3819=CARTESIAN_POINT('',(3.887971374582E0,-2.575E0,-6.395214656214E0));
#3820=VERTEX_POINT('',#3818);
#3821=VERTEX_POINT('',#3819);
#3822=CARTESIAN_POINT('',(3.900007156355E0,-2.575E0,-7.401196335946E0));
#3823=VERTEX_POINT('',#3822);
#3824=CARTESIAN_POINT('',(4.E0,-2.575E0,-7.5E0));
#3825=VERTEX_POINT('',#3824);
#3826=CARTESIAN_POINT('',(5.E0,-2.575E0,-7.5E0));
#3827=VERTEX_POINT('',#3826);
#3828=CARTESIAN_POINT('',(5.E0,-2.575E0,-7.8E0));
#3829=VERTEX_POINT('',#3828);
#3830=CARTESIAN_POINT('',(4.E0,-2.575E0,-7.8E0));
#3831=VERTEX_POINT('',#3830);
#3832=CARTESIAN_POINT('',(3.600028625418E0,-2.575E0,-7.404785343786E0));
#3833=VERTEX_POINT('',#3832);
#3834=CARTESIAN_POINT('',(3.587992843645E0,-2.575E0,-6.398803664054E0));
#3835=VERTEX_POINT('',#3834);
#3836=CARTESIAN_POINT('',(3.488E0,-2.575E0,-6.3E0));
#3837=VERTEX_POINT('',#3836);
#3838=CARTESIAN_POINT('',(-3.488E0,-2.575E0,-6.3E0));
#3839=CARTESIAN_POINT('',(-3.587992843645E0,-2.575E0,-6.398803664054E0));
#3840=VERTEX_POINT('',#3838);
#3841=VERTEX_POINT('',#3839);
#3842=CARTESIAN_POINT('',(-3.600028625418E0,-2.575E0,-7.404785343786E0));
#3843=VERTEX_POINT('',#3842);
#3844=CARTESIAN_POINT('',(-4.E0,-2.575E0,-7.8E0));
#3845=VERTEX_POINT('',#3844);
#3846=CARTESIAN_POINT('',(-5.E0,-2.575E0,-7.8E0));
#3847=VERTEX_POINT('',#3846);
#3848=CARTESIAN_POINT('',(-5.E0,-2.575E0,-7.5E0));
#3849=VERTEX_POINT('',#3848);
#3850=CARTESIAN_POINT('',(-4.E0,-2.575E0,-7.5E0));
#3851=VERTEX_POINT('',#3850);
#3852=CARTESIAN_POINT('',(-3.900007156355E0,-2.575E0,-7.401196335946E0));
#3853=VERTEX_POINT('',#3852);
#3854=CARTESIAN_POINT('',(-3.887971374582E0,-2.575E0,-6.395214656214E0));
#3855=VERTEX_POINT('',#3854);
#3856=CARTESIAN_POINT('',(-3.488E0,-2.575E0,-6.E0));
#3857=VERTEX_POINT('',#3856);
#3858=CARTESIAN_POINT('',(3.488E0,-1.925E0,-6.E0));
#3859=CARTESIAN_POINT('',(3.887971374582E0,-1.925E0,-6.395214656214E0));
#3860=VERTEX_POINT('',#3858);
#3861=VERTEX_POINT('',#3859);
#3862=CARTESIAN_POINT('',(3.900007156355E0,-1.925E0,-7.401196335946E0));
#3863=VERTEX_POINT('',#3862);
#3864=CARTESIAN_POINT('',(4.E0,-1.925E0,-7.5E0));
#3865=VERTEX_POINT('',#3864);
#3866=CARTESIAN_POINT('',(5.E0,-1.925E0,-7.5E0));
#3867=VERTEX_POINT('',#3866);
#3868=CARTESIAN_POINT('',(5.E0,-1.925E0,-7.8E0));
#3869=VERTEX_POINT('',#3868);
#3870=CARTESIAN_POINT('',(4.E0,-1.925E0,-7.8E0));
#3871=VERTEX_POINT('',#3870);
#3872=CARTESIAN_POINT('',(3.600028625418E0,-1.925E0,-7.404785343786E0));
#3873=VERTEX_POINT('',#3872);
#3874=CARTESIAN_POINT('',(3.587992843645E0,-1.925E0,-6.398803664054E0));
#3875=VERTEX_POINT('',#3874);
#3876=CARTESIAN_POINT('',(3.488E0,-1.925E0,-6.3E0));
#3877=VERTEX_POINT('',#3876);
#3878=CARTESIAN_POINT('',(-3.488E0,-1.925E0,-6.3E0));
#3879=CARTESIAN_POINT('',(-3.587992843645E0,-1.925E0,-6.398803664054E0));
#3880=VERTEX_POINT('',#3878);
#3881=VERTEX_POINT('',#3879);
#3882=CARTESIAN_POINT('',(-3.600028625418E0,-1.925E0,-7.404785343786E0));
#3883=VERTEX_POINT('',#3882);
#3884=CARTESIAN_POINT('',(-4.E0,-1.925E0,-7.8E0));
#3885=VERTEX_POINT('',#3884);
#3886=CARTESIAN_POINT('',(-5.E0,-1.925E0,-7.8E0));
#3887=VERTEX_POINT('',#3886);
#3888=CARTESIAN_POINT('',(-5.E0,-1.925E0,-7.5E0));
#3889=VERTEX_POINT('',#3888);
#3890=CARTESIAN_POINT('',(-4.E0,-1.925E0,-7.5E0));
#3891=VERTEX_POINT('',#3890);
#3892=CARTESIAN_POINT('',(-3.900007156355E0,-1.925E0,-7.401196335946E0));
#3893=VERTEX_POINT('',#3892);
#3894=CARTESIAN_POINT('',(-3.887971374582E0,-1.925E0,-6.395214656214E0));
#3895=VERTEX_POINT('',#3894);
#3896=CARTESIAN_POINT('',(-3.488E0,-1.925E0,-6.E0));
#3897=VERTEX_POINT('',#3896);
#3898=CARTESIAN_POINT('',(-3.05E0,-2.575E0,-6.3E0));
#3899=CARTESIAN_POINT('',(-3.05E0,-2.575E0,-6.E0));
#3900=VERTEX_POINT('',#3898);
#3901=VERTEX_POINT('',#3899);
#3902=CARTESIAN_POINT('',(-3.05E0,-1.925E0,-6.3E0));
#3903=CARTESIAN_POINT('',(-3.05E0,-1.925E0,-6.E0));
#3904=VERTEX_POINT('',#3902);
#3905=VERTEX_POINT('',#3903);
#3906=CARTESIAN_POINT('',(3.05E0,-2.575E0,-6.3E0));
#3907=CARTESIAN_POINT('',(3.05E0,-2.575E0,-6.E0));
#3908=VERTEX_POINT('',#3906);
#3909=VERTEX_POINT('',#3907);
#3910=CARTESIAN_POINT('',(3.05E0,-1.925E0,-6.3E0));
#3911=CARTESIAN_POINT('',(3.05E0,-1.925E0,-6.E0));
#3912=VERTEX_POINT('',#3910);
#3913=VERTEX_POINT('',#3911);
#3914=CARTESIAN_POINT('',(3.488E0,2.575E0,-6.E0));
#3915=CARTESIAN_POINT('',(3.887971374582E0,2.575E0,-6.395214656214E0));
#3916=VERTEX_POINT('',#3914);
#3917=VERTEX_POINT('',#3915);
#3918=CARTESIAN_POINT('',(3.900007156355E0,2.575E0,-7.401196335946E0));
#3919=VERTEX_POINT('',#3918);
#3920=CARTESIAN_POINT('',(4.E0,2.575E0,-7.5E0));
#3921=VERTEX_POINT('',#3920);
#3922=CARTESIAN_POINT('',(5.E0,2.575E0,-7.5E0));
#3923=VERTEX_POINT('',#3922);
#3924=CARTESIAN_POINT('',(5.E0,2.575E0,-7.8E0));
#3925=VERTEX_POINT('',#3924);
#3926=CARTESIAN_POINT('',(4.E0,2.575E0,-7.8E0));
#3927=VERTEX_POINT('',#3926);
#3928=CARTESIAN_POINT('',(3.600028625418E0,2.575E0,-7.404785343786E0));
#3929=VERTEX_POINT('',#3928);
#3930=CARTESIAN_POINT('',(3.587992843645E0,2.575E0,-6.398803664054E0));
#3931=VERTEX_POINT('',#3930);
#3932=CARTESIAN_POINT('',(3.488E0,2.575E0,-6.3E0));
#3933=VERTEX_POINT('',#3932);
#3934=CARTESIAN_POINT('',(-3.488E0,2.575E0,-6.3E0));
#3935=CARTESIAN_POINT('',(-3.587992843645E0,2.575E0,-6.398803664054E0));
#3936=VERTEX_POINT('',#3934);
#3937=VERTEX_POINT('',#3935);
#3938=CARTESIAN_POINT('',(-3.600028625418E0,2.575E0,-7.404785343786E0));
#3939=VERTEX_POINT('',#3938);
#3940=CARTESIAN_POINT('',(-4.E0,2.575E0,-7.8E0));
#3941=VERTEX_POINT('',#3940);
#3942=CARTESIAN_POINT('',(-5.E0,2.575E0,-7.8E0));
#3943=VERTEX_POINT('',#3942);
#3944=CARTESIAN_POINT('',(-5.E0,2.575E0,-7.5E0));
#3945=VERTEX_POINT('',#3944);
#3946=CARTESIAN_POINT('',(-4.E0,2.575E0,-7.5E0));
#3947=VERTEX_POINT('',#3946);
#3948=CARTESIAN_POINT('',(-3.900007156355E0,2.575E0,-7.401196335946E0));
#3949=VERTEX_POINT('',#3948);
#3950=CARTESIAN_POINT('',(-3.887971374582E0,2.575E0,-6.395214656214E0));
#3951=VERTEX_POINT('',#3950);
#3952=CARTESIAN_POINT('',(-3.488E0,2.575E0,-6.E0));
#3953=VERTEX_POINT('',#3952);
#3954=CARTESIAN_POINT('',(3.488E0,1.925E0,-6.E0));
#3955=CARTESIAN_POINT('',(3.887971374582E0,1.925E0,-6.395214656214E0));
#3956=VERTEX_POINT('',#3954);
#3957=VERTEX_POINT('',#3955);
#3958=CARTESIAN_POINT('',(3.900007156355E0,1.925E0,-7.401196335946E0));
#3959=VERTEX_POINT('',#3958);
#3960=CARTESIAN_POINT('',(4.E0,1.925E0,-7.5E0));
#3961=VERTEX_POINT('',#3960);
#3962=CARTESIAN_POINT('',(5.E0,1.925E0,-7.5E0));
#3963=VERTEX_POINT('',#3962);
#3964=CARTESIAN_POINT('',(5.E0,1.925E0,-7.8E0));
#3965=VERTEX_POINT('',#3964);
#3966=CARTESIAN_POINT('',(4.E0,1.925E0,-7.8E0));
#3967=VERTEX_POINT('',#3966);
#3968=CARTESIAN_POINT('',(3.600028625418E0,1.925E0,-7.404785343786E0));
#3969=VERTEX_POINT('',#3968);
#3970=CARTESIAN_POINT('',(3.587992843645E0,1.925E0,-6.398803664054E0));
#3971=VERTEX_POINT('',#3970);
#3972=CARTESIAN_POINT('',(3.488E0,1.925E0,-6.3E0));
#3973=VERTEX_POINT('',#3972);
#3974=CARTESIAN_POINT('',(-3.488E0,1.925E0,-6.3E0));
#3975=CARTESIAN_POINT('',(-3.587992843645E0,1.925E0,-6.398803664054E0));
#3976=VERTEX_POINT('',#3974);
#3977=VERTEX_POINT('',#3975);
#3978=CARTESIAN_POINT('',(-3.600028625418E0,1.925E0,-7.404785343786E0));
#3979=VERTEX_POINT('',#3978);
#3980=CARTESIAN_POINT('',(-4.E0,1.925E0,-7.8E0));
#3981=VERTEX_POINT('',#3980);
#3982=CARTESIAN_POINT('',(-5.E0,1.925E0,-7.8E0));
#3983=VERTEX_POINT('',#3982);
#3984=CARTESIAN_POINT('',(-5.E0,1.925E0,-7.5E0));
#3985=VERTEX_POINT('',#3984);
#3986=CARTESIAN_POINT('',(-4.E0,1.925E0,-7.5E0));
#3987=VERTEX_POINT('',#3986);
#3988=CARTESIAN_POINT('',(-3.900007156355E0,1.925E0,-7.401196335946E0));
#3989=VERTEX_POINT('',#3988);
#3990=CARTESIAN_POINT('',(-3.887971374582E0,1.925E0,-6.395214656214E0));
#3991=VERTEX_POINT('',#3990);
#3992=CARTESIAN_POINT('',(-3.488E0,1.925E0,-6.E0));
#3993=VERTEX_POINT('',#3992);
#3994=CARTESIAN_POINT('',(3.05E0,2.575E0,-6.E0));
#3995=VERTEX_POINT('',#3994);
#3996=CARTESIAN_POINT('',(3.05E0,2.575E0,-6.3E0));
#3997=VERTEX_POINT('',#3996);
#3998=CARTESIAN_POINT('',(-3.05E0,2.575E0,-6.3E0));
#3999=VERTEX_POINT('',#3998);
#4000=CARTESIAN_POINT('',(-3.05E0,2.575E0,-6.E0));
#4001=VERTEX_POINT('',#4000);
#4002=CARTESIAN_POINT('',(3.05E0,1.925E0,-6.E0));
#4003=VERTEX_POINT('',#4002);
#4004=CARTESIAN_POINT('',(3.05E0,1.925E0,-6.3E0));
#4005=VERTEX_POINT('',#4004);
#4006=CARTESIAN_POINT('',(-3.05E0,1.925E0,-6.3E0));
#4007=VERTEX_POINT('',#4006);
#4008=CARTESIAN_POINT('',(-3.05E0,1.925E0,-6.E0));
#4009=VERTEX_POINT('',#4008);
#4010=CARTESIAN_POINT('',(-2.E-1,-2.3E0,-2.5E0));
#4011=CARTESIAN_POINT('',(-2.E-1,-2.6E0,-2.8E0));
#4012=VERTEX_POINT('',#4010);
#4013=VERTEX_POINT('',#4011);
#4014=CARTESIAN_POINT('',(-2.E-1,-2.4E0,-2.8E0));
#4015=CARTESIAN_POINT('',(-2.E-1,-2.3E0,-2.7E0));
#4016=VERTEX_POINT('',#4014);
#4017=VERTEX_POINT('',#4015);
#4018=CARTESIAN_POINT('',(-2.E-1,-3.936970427372E0,-7.524192189560E0));
#4019=CARTESIAN_POINT('',(-2.E-1,-4.034E0,-7.6E0));
#4020=VERTEX_POINT('',#4018);
#4021=VERTEX_POINT('',#4019);
#4022=CARTESIAN_POINT('',(-2.E-1,-5.E0,-7.6E0));
#4023=VERTEX_POINT('',#4022);
#4024=CARTESIAN_POINT('',(-2.E-1,-5.E0,-7.8E0));
#4025=VERTEX_POINT('',#4024);
#4026=CARTESIAN_POINT('',(-2.E-1,-4.034E0,-7.8E0));
#4027=VERTEX_POINT('',#4026);
#4028=CARTESIAN_POINT('',(-2.E-1,-3.742911282117E0,-7.572576568680E0));
#4029=VERTEX_POINT('',#4028);
#4030=CARTESIAN_POINT('',(2.E-1,-2.3E0,-2.5E0));
#4031=CARTESIAN_POINT('',(2.E-1,-2.6E0,-2.8E0));
#4032=VERTEX_POINT('',#4030);
#4033=VERTEX_POINT('',#4031);
#4034=CARTESIAN_POINT('',(2.E-1,-2.4E0,-2.8E0));
#4035=CARTESIAN_POINT('',(2.E-1,-2.3E0,-2.7E0));
#4036=VERTEX_POINT('',#4034);
#4037=VERTEX_POINT('',#4035);
#4038=CARTESIAN_POINT('',(2.E-1,-3.936970427372E0,-7.524192189560E0));
#4039=CARTESIAN_POINT('',(2.E-1,-4.034E0,-7.6E0));
#4040=VERTEX_POINT('',#4038);
#4041=VERTEX_POINT('',#4039);
#4042=CARTESIAN_POINT('',(2.E-1,-5.E0,-7.6E0));
#4043=VERTEX_POINT('',#4042);
#4044=CARTESIAN_POINT('',(2.E-1,-5.E0,-7.8E0));
#4045=VERTEX_POINT('',#4044);
#4046=CARTESIAN_POINT('',(2.E-1,-4.034E0,-7.8E0));
#4047=VERTEX_POINT('',#4046);
#4048=CARTESIAN_POINT('',(2.E-1,-3.742911282117E0,-7.572576568680E0));
#4049=VERTEX_POINT('',#4048);
#4050=CARTESIAN_POINT('',(-2.E-1,-2.7E0,-6.999290782236E0));
#4051=CARTESIAN_POINT('',(2.E-1,-2.7E0,-6.999290782236E0));
#4052=VERTEX_POINT('',#4050);
#4053=VERTEX_POINT('',#4051);
#4054=CARTESIAN_POINT('',(-2.5E-1,5.E0,-7.8E0));
#4055=CARTESIAN_POINT('',(-2.5E-1,5.E0,-7.6E0));
#4056=VERTEX_POINT('',#4054);
#4057=VERTEX_POINT('',#4055);
#4058=CARTESIAN_POINT('',(-2.5E-1,4.034E0,-7.6E0));
#4059=VERTEX_POINT('',#4058);
#4060=CARTESIAN_POINT('',(-2.5E-1,3.936970427372E0,-7.524192189560E0));
#4061=VERTEX_POINT('',#4060);
#4062=CARTESIAN_POINT('',(-2.5E-1,3.742911282117E0,-7.572576568680E0));
#4063=CARTESIAN_POINT('',(-2.5E-1,4.034E0,-7.8E0));
#4064=VERTEX_POINT('',#4062);
#4065=VERTEX_POINT('',#4063);
#4066=CARTESIAN_POINT('',(-2.5E-1,2.6E0,-2.8E0));
#4067=CARTESIAN_POINT('',(-2.5E-1,2.3E0,-2.5E0));
#4068=VERTEX_POINT('',#4066);
#4069=VERTEX_POINT('',#4067);
#4070=CARTESIAN_POINT('',(-2.5E-1,2.3E0,-2.7E0));
#4071=CARTESIAN_POINT('',(-2.5E-1,2.4E0,-2.8E0));
#4072=VERTEX_POINT('',#4070);
#4073=VERTEX_POINT('',#4071);
#4074=CARTESIAN_POINT('',(2.5E-1,5.E0,-7.8E0));
#4075=CARTESIAN_POINT('',(2.5E-1,5.E0,-7.6E0));
#4076=VERTEX_POINT('',#4074);
#4077=VERTEX_POINT('',#4075);
#4078=CARTESIAN_POINT('',(2.5E-1,4.034E0,-7.6E0));
#4079=VERTEX_POINT('',#4078);
#4080=CARTESIAN_POINT('',(2.5E-1,3.936970427372E0,-7.524192189560E0));
#4081=VERTEX_POINT('',#4080);
#4082=CARTESIAN_POINT('',(2.5E-1,3.742911282117E0,-7.572576568680E0));
#4083=CARTESIAN_POINT('',(2.5E-1,4.034E0,-7.8E0));
#4084=VERTEX_POINT('',#4082);
#4085=VERTEX_POINT('',#4083);
#4086=CARTESIAN_POINT('',(2.5E-1,2.6E0,-2.8E0));
#4087=CARTESIAN_POINT('',(2.5E-1,2.3E0,-2.5E0));
#4088=VERTEX_POINT('',#4086);
#4089=VERTEX_POINT('',#4087);
#4090=CARTESIAN_POINT('',(2.5E-1,2.3E0,-2.7E0));
#4091=CARTESIAN_POINT('',(2.5E-1,2.4E0,-2.8E0));
#4092=VERTEX_POINT('',#4090);
#4093=VERTEX_POINT('',#4091);
#4094=CARTESIAN_POINT('',(-2.5E-1,2.7E0,-6.999290782236E0));
#4095=CARTESIAN_POINT('',(2.5E-1,2.7E0,-6.999290782236E0));
#4096=VERTEX_POINT('',#4094);
#4097=VERTEX_POINT('',#4095);
#4098=CARTESIAN_POINT('',(-2.8E0,2.8E0,-6.8E0));
#4099=CARTESIAN_POINT('',(-2.8E0,1.6E0,-6.8E0));
#4100=VERTEX_POINT('',#4098);
#4101=VERTEX_POINT('',#4099);
#4102=CARTESIAN_POINT('',(2.8E0,1.6E0,-6.8E0));
#4103=VERTEX_POINT('',#4102);
#4104=CARTESIAN_POINT('',(2.8E0,2.8E0,-6.8E0));
#4105=VERTEX_POINT('',#4104);
#4106=CARTESIAN_POINT('',(7.5E-1,2.8E0,-6.8E0));
#4107=VERTEX_POINT('',#4106);
#4108=CARTESIAN_POINT('',(-7.5E-1,2.8E0,-6.8E0));
#4109=VERTEX_POINT('',#4108);
#4110=CARTESIAN_POINT('',(-2.8E0,-2.8E0,-6.8E0));
#4111=CARTESIAN_POINT('',(-7.5E-1,-2.8E0,-6.8E0));
#4112=VERTEX_POINT('',#4110);
#4113=VERTEX_POINT('',#4111);
#4114=CARTESIAN_POINT('',(7.5E-1,-2.8E0,-6.8E0));
#4115=VERTEX_POINT('',#4114);
#4116=CARTESIAN_POINT('',(2.8E0,-2.8E0,-6.8E0));
#4117=VERTEX_POINT('',#4116);
#4118=CARTESIAN_POINT('',(2.8E0,-9.E-1,-6.8E0));
#4119=VERTEX_POINT('',#4118);
#4120=CARTESIAN_POINT('',(-2.8E0,-9.E-1,-6.8E0));
#4121=VERTEX_POINT('',#4120);
#4122=CARTESIAN_POINT('',(7.5E-1,2.8E0,-7.E0));
#4123=VERTEX_POINT('',#4122);
#4124=CARTESIAN_POINT('',(-7.5E-1,2.8E0,-7.E0));
#4125=VERTEX_POINT('',#4124);
#4126=CARTESIAN_POINT('',(-7.5E-1,-2.8E0,-7.E0));
#4127=VERTEX_POINT('',#4126);
#4128=CARTESIAN_POINT('',(7.5E-1,-2.8E0,-7.E0));
#4129=VERTEX_POINT('',#4128);
#4130=CARTESIAN_POINT('',(-2.700000231841E0,2.700000231841E0,-7.8E0));
#4131=CARTESIAN_POINT('',(-1.199999768159E0,2.700000231841E0,-7.8E0));
#4132=VERTEX_POINT('',#4130);
#4133=VERTEX_POINT('',#4131);
#4134=CARTESIAN_POINT('',(-1.199999768159E0,1.699999768159E0,-7.8E0));
#4135=VERTEX_POINT('',#4134);
#4136=CARTESIAN_POINT('',(-2.700000231841E0,1.699999768159E0,-7.8E0));
#4137=VERTEX_POINT('',#4136);
#4138=CARTESIAN_POINT('',(1.199999768159E0,1.699999768159E0,-7.8E0));
#4139=CARTESIAN_POINT('',(1.199999768159E0,2.700000231841E0,-7.8E0));
#4140=VERTEX_POINT('',#4138);
#4141=VERTEX_POINT('',#4139);
#4142=CARTESIAN_POINT('',(2.700000231841E0,2.700000231841E0,-7.8E0));
#4143=VERTEX_POINT('',#4142);
#4144=CARTESIAN_POINT('',(2.700000231841E0,1.699999768159E0,-7.8E0));
#4145=VERTEX_POINT('',#4144);
#4146=CARTESIAN_POINT('',(2.700000231841E0,-9.999997681595E-1,-7.8E0));
#4147=CARTESIAN_POINT('',(2.700000231841E0,-2.700000231841E0,-7.8E0));
#4148=VERTEX_POINT('',#4146);
#4149=VERTEX_POINT('',#4147);
#4150=CARTESIAN_POINT('',(1.199999768159E0,-2.700000231841E0,-7.8E0));
#4151=VERTEX_POINT('',#4150);
#4152=CARTESIAN_POINT('',(1.199999768159E0,-9.999997681595E-1,-7.8E0));
#4153=VERTEX_POINT('',#4152);
#4154=CARTESIAN_POINT('',(-1.199999768159E0,-9.999997681595E-1,-7.8E0));
#4155=CARTESIAN_POINT('',(-1.199999768159E0,-2.700000231841E0,-7.8E0));
#4156=VERTEX_POINT('',#4154);
#4157=VERTEX_POINT('',#4155);
#4158=CARTESIAN_POINT('',(-2.700000231841E0,-2.700000231841E0,-7.8E0));
#4159=VERTEX_POINT('',#4158);
#4160=CARTESIAN_POINT('',(-2.700000231841E0,-9.999997681595E-1,-7.8E0));
#4161=VERTEX_POINT('',#4160);
#4162=CARTESIAN_POINT('',(-1.1E0,2.8E0,-7.E0));
#4163=CARTESIAN_POINT('',(-1.1E0,1.6E0,-7.E0));
#4164=VERTEX_POINT('',#4162);
#4165=VERTEX_POINT('',#4163);
#4166=CARTESIAN_POINT('',(1.1E0,2.8E0,-7.E0));
#4167=CARTESIAN_POINT('',(1.1E0,1.6E0,-7.E0));
#4168=VERTEX_POINT('',#4166);
#4169=VERTEX_POINT('',#4167);
#4170=CARTESIAN_POINT('',(1.1E0,-2.8E0,-7.E0));
#4171=CARTESIAN_POINT('',(1.1E0,-9.E-1,-7.E0));
#4172=VERTEX_POINT('',#4170);
#4173=VERTEX_POINT('',#4171);
#4174=CARTESIAN_POINT('',(-1.1E0,-2.8E0,-7.E0));
#4175=CARTESIAN_POINT('',(-1.1E0,-9.E-1,-7.E0));
#4176=VERTEX_POINT('',#4174);
#4177=VERTEX_POINT('',#4175);
#4178=CARTESIAN_POINT('',(-2.8E0,2.8E0,-7.E0));
#4179=CARTESIAN_POINT('',(-2.8E0,1.6E0,-7.E0));
#4180=VERTEX_POINT('',#4178);
#4181=VERTEX_POINT('',#4179);
#4182=CARTESIAN_POINT('',(2.8E0,1.6E0,-7.E0));
#4183=VERTEX_POINT('',#4182);
#4184=CARTESIAN_POINT('',(2.8E0,2.8E0,-7.E0));
#4185=VERTEX_POINT('',#4184);
#4186=CARTESIAN_POINT('',(-2.8E0,-2.8E0,-7.E0));
#4187=VERTEX_POINT('',#4186);
#4188=CARTESIAN_POINT('',(2.8E0,-2.8E0,-7.E0));
#4189=VERTEX_POINT('',#4188);
#4190=CARTESIAN_POINT('',(2.8E0,-9.E-1,-7.E0));
#4191=VERTEX_POINT('',#4190);
#4192=CARTESIAN_POINT('',(-2.8E0,-9.E-1,-7.E0));
#4193=VERTEX_POINT('',#4192);
#4194=CARTESIAN_POINT('',(1.7E0,-1.85E0,-7.8E0));
#4195=CARTESIAN_POINT('',(2.5E0,-1.85E0,-7.8E0));
#4196=VERTEX_POINT('',#4194);
#4197=VERTEX_POINT('',#4195);
#4198=CARTESIAN_POINT('',(-2.5E0,-1.85E0,-7.8E0));
#4199=CARTESIAN_POINT('',(-1.7E0,-1.85E0,-7.8E0));
#4200=VERTEX_POINT('',#4198);
#4201=VERTEX_POINT('',#4199);
#4202=CARTESIAN_POINT('',(1.8E0,-1.85E0,-8.3E0));
#4203=CARTESIAN_POINT('',(2.4E0,-1.85E0,-8.3E0));
#4204=VERTEX_POINT('',#4202);
#4205=VERTEX_POINT('',#4203);
#4206=CARTESIAN_POINT('',(1.7E0,-1.85E0,-8.2E0));
#4207=CARTESIAN_POINT('',(2.5E0,-1.85E0,-8.2E0));
#4208=VERTEX_POINT('',#4206);
#4209=VERTEX_POINT('',#4207);
#4210=CARTESIAN_POINT('',(-2.4E0,-1.85E0,-8.3E0));
#4211=CARTESIAN_POINT('',(-1.8E0,-1.85E0,-8.3E0));
#4212=VERTEX_POINT('',#4210);
#4213=VERTEX_POINT('',#4211);
#4214=CARTESIAN_POINT('',(-2.5E0,-1.85E0,-8.2E0));
#4215=CARTESIAN_POINT('',(-1.7E0,-1.85E0,-8.2E0));
#4216=VERTEX_POINT('',#4214);
#4217=VERTEX_POINT('',#4215);
#4218=CARTESIAN_POINT('',(3.05E0,2.05E0,-2.2E0));
#4219=VERTEX_POINT('',#4218);
#4220=CARTESIAN_POINT('',(3.05E0,-2.05E0,-2.2E0));
#4221=VERTEX_POINT('',#4220);
#4222=CARTESIAN_POINT('',(-3.05E0,2.05E0,-2.2E0));
#4223=VERTEX_POINT('',#4222);
#4224=CARTESIAN_POINT('',(-3.05E0,-2.05E0,-2.2E0));
#4225=VERTEX_POINT('',#4224);
#4226=CARTESIAN_POINT('',(2.63E0,2.05E0,-2.2E0));
#4227=VERTEX_POINT('',#4226);
#4228=CARTESIAN_POINT('',(2.63E0,-2.05E0,-2.2E0));
#4229=VERTEX_POINT('',#4228);
#4230=CARTESIAN_POINT('',(2.370192378865E0,2.05E0,-2.65E0));
#4231=CARTESIAN_POINT('',(2.63E0,2.309807621135E0,-2.2E0));
#4232=VERTEX_POINT('',#4230);
#4233=VERTEX_POINT('',#4231);
#4234=CARTESIAN_POINT('',(2.63E0,-2.309807621135E0,-2.2E0));
#4235=CARTESIAN_POINT('',(2.370192378865E0,-2.05E0,-2.65E0));
#4236=VERTEX_POINT('',#4234);
#4237=VERTEX_POINT('',#4235);
#4238=CARTESIAN_POINT('',(-2.63E0,2.05E0,-2.2E0));
#4239=VERTEX_POINT('',#4238);
#4240=CARTESIAN_POINT('',(-2.63E0,-2.05E0,-2.2E0));
#4241=VERTEX_POINT('',#4240);
#4242=CARTESIAN_POINT('',(-2.63E0,2.309807621135E0,-2.2E0));
#4243=VERTEX_POINT('',#4242);
#4244=CARTESIAN_POINT('',(-2.370192378865E0,2.05E0,-2.65E0));
#4245=VERTEX_POINT('',#4244);
#4246=CARTESIAN_POINT('',(-2.370192378865E0,-2.05E0,-2.65E0));
#4247=VERTEX_POINT('',#4246);
#4248=CARTESIAN_POINT('',(-2.63E0,-2.309807621135E0,-2.2E0));
#4249=VERTEX_POINT('',#4248);
#4250=CARTESIAN_POINT('',(-2.E-1,-3.521846519274E0,-6.999290782236E0));
#4251=CARTESIAN_POINT('',(2.E-1,-3.521846519274E0,-6.999290782236E0));
#4252=VERTEX_POINT('',#4250);
#4253=VERTEX_POINT('',#4251);
#4254=CARTESIAN_POINT('',(-2.E-1,-3.618876091902E0,-7.075098592676E0));
#4255=CARTESIAN_POINT('',(2.E-1,-3.618876091902E0,-7.075098592676E0));
#4256=VERTEX_POINT('',#4254);
#4257=VERTEX_POINT('',#4255);
#4258=CARTESIAN_POINT('',(-2.5E-1,3.618876091902E0,-7.075098592676E0));
#4259=CARTESIAN_POINT('',(2.5E-1,3.618876091902E0,-7.075098592676E0));
#4260=VERTEX_POINT('',#4258);
#4261=VERTEX_POINT('',#4259);
#4262=CARTESIAN_POINT('',(-2.5E-1,3.521846519274E0,-6.999290782236E0));
#4263=CARTESIAN_POINT('',(2.5E-1,3.521846519274E0,-6.999290782236E0));
#4264=VERTEX_POINT('',#4262);
#4265=VERTEX_POINT('',#4263);
#4266=CARTESIAN_POINT('',(-2.E-1,-3.813112065006E0,-7.027423431320E0));
#4267=CARTESIAN_POINT('',(-2.E-1,-3.522023347123E0,-6.8E0));
#4268=VERTEX_POINT('',#4266);
#4269=VERTEX_POINT('',#4267);
#4270=CARTESIAN_POINT('',(2.E-1,-3.522023347123E0,-6.8E0));
#4271=VERTEX_POINT('',#4270);
#4272=CARTESIAN_POINT('',(2.E-1,-3.813112065006E0,-7.027423431320E0));
#4273=VERTEX_POINT('',#4272);
#4274=CARTESIAN_POINT('',(-2.5E-1,3.522023347123E0,-6.8E0));
#4275=CARTESIAN_POINT('',(-2.5E-1,3.813112065006E0,-7.027423431320E0));
#4276=VERTEX_POINT('',#4274);
#4277=VERTEX_POINT('',#4275);
#4278=CARTESIAN_POINT('',(2.5E-1,3.813112065006E0,-7.027423431320E0));
#4279=VERTEX_POINT('',#4278);
#4280=CARTESIAN_POINT('',(2.5E-1,3.522023347123E0,-6.8E0));
#4281=VERTEX_POINT('',#4280);
#4282=CARTESIAN_POINT('',(0.E0,0.E0,0.E0));
#4283=DIRECTION('',(0.E0,0.E0,1.E0));
#4284=DIRECTION('',(1.E0,0.E0,0.E0));
#4285=AXIS2_PLACEMENT_3D('',#4282,#4283,#4284);
#4286=PLANE('',#4285);
#4288=ORIENTED_EDGE('',*,*,#4287,.T.);
#4290=ORIENTED_EDGE('',*,*,#4289,.T.);
#4292=ORIENTED_EDGE('',*,*,#4291,.T.);
#4294=ORIENTED_EDGE('',*,*,#4293,.T.);
#4296=ORIENTED_EDGE('',*,*,#4295,.F.);
#4298=ORIENTED_EDGE('',*,*,#4297,.F.);
#4300=ORIENTED_EDGE('',*,*,#4299,.F.);
#4302=ORIENTED_EDGE('',*,*,#4301,.F.);
#4304=ORIENTED_EDGE('',*,*,#4303,.F.);
#4306=ORIENTED_EDGE('',*,*,#4305,.F.);
#4308=ORIENTED_EDGE('',*,*,#4307,.F.);
#4310=ORIENTED_EDGE('',*,*,#4309,.F.);
#4311=EDGE_LOOP('',(#4288,#4290,#4292,#4294,#4296,#4298,#4300,#4302,#4304,#4306,
#4308,#4310));
#4312=FACE_OUTER_BOUND('',#4311,.F.);
#4314=CARTESIAN_POINT('',(0.E0,0.E0,0.E0));
#4315=DIRECTION('',(0.E0,0.E0,1.E0));
#4316=DIRECTION('',(1.E0,0.E0,0.E0));
#4317=AXIS2_PLACEMENT_3D('',#4314,#4315,#4316);
#4318=PLANE('',#4317);
#4320=ORIENTED_EDGE('',*,*,#4319,.F.);
#4322=ORIENTED_EDGE('',*,*,#4321,.F.);
#4324=ORIENTED_EDGE('',*,*,#4323,.F.);
#4326=ORIENTED_EDGE('',*,*,#4325,.F.);
#4328=ORIENTED_EDGE('',*,*,#4327,.T.);
#4330=ORIENTED_EDGE('',*,*,#4329,.F.);
#4332=ORIENTED_EDGE('',*,*,#4331,.F.);
#4334=ORIENTED_EDGE('',*,*,#4333,.F.);
#4336=ORIENTED_EDGE('',*,*,#4335,.T.);
#4338=ORIENTED_EDGE('',*,*,#4337,.T.);
#4340=ORIENTED_EDGE('',*,*,#4339,.T.);
#4342=ORIENTED_EDGE('',*,*,#4341,.T.);
#4343=EDGE_LOOP('',(#4320,#4322,#4324,#4326,#4328,#4330,#4332,#4334,#4336,#4338,
#4340,#4342));
#4344=FACE_OUTER_BOUND('',#4343,.F.);
#4346=CARTESIAN_POINT('',(5.5E-1,-2.02E0,0.E0));
#4347=DIRECTION('',(1.E0,0.E0,0.E0));
#4348=DIRECTION('',(0.E0,1.E0,0.E0));
#4349=AXIS2_PLACEMENT_3D('',#4346,#4347,#4348);
#4350=PLANE('',#4349);
#4352=ORIENTED_EDGE('',*,*,#4351,.F.);
#4354=ORIENTED_EDGE('',*,*,#4353,.T.);
#4356=ORIENTED_EDGE('',*,*,#4355,.F.);
#4357=ORIENTED_EDGE('',*,*,#4287,.F.);
#4358=EDGE_LOOP('',(#4352,#4354,#4356,#4357));
#4359=FACE_OUTER_BOUND('',#4358,.F.);
#4361=CARTESIAN_POINT('',(-2.25E0,-2.02E0,0.E0));
#4362=DIRECTION('',(0.E0,-1.E0,0.E0));
#4363=DIRECTION('',(1.E0,0.E0,0.E0));
#4364=AXIS2_PLACEMENT_3D('',#4361,#4362,#4363);
#4365=PLANE('',#4364);
#4367=ORIENTED_EDGE('',*,*,#4366,.F.);
#4368=ORIENTED_EDGE('',*,*,#4351,.T.);
#4369=ORIENTED_EDGE('',*,*,#4309,.T.);
#4371=ORIENTED_EDGE('',*,*,#4370,.F.);
#4373=ORIENTED_EDGE('',*,*,#4372,.F.);
#4375=ORIENTED_EDGE('',*,*,#4374,.F.);
#4376=ORIENTED_EDGE('',*,*,#4321,.T.);
#4378=ORIENTED_EDGE('',*,*,#4377,.T.);
#4380=ORIENTED_EDGE('',*,*,#4379,.F.);
#4382=ORIENTED_EDGE('',*,*,#4381,.T.);
#4383=EDGE_LOOP('',(#4367,#4368,#4369,#4371,#4373,#4375,#4376,#4378,#4380,
#4382));
#4384=FACE_OUTER_BOUND('',#4383,.F.);
#4386=ORIENTED_EDGE('',*,*,#4385,.T.);
#4388=ORIENTED_EDGE('',*,*,#4387,.F.);
#4390=ORIENTED_EDGE('',*,*,#4389,.F.);
#4392=ORIENTED_EDGE('',*,*,#4391,.F.);
#4393=EDGE_LOOP('',(#4386,#4388,#4390,#4392));
#4394=FACE_BOUND('',#4393,.F.);
#4396=ORIENTED_EDGE('',*,*,#4395,.T.);
#4398=ORIENTED_EDGE('',*,*,#4397,.F.);
#4400=ORIENTED_EDGE('',*,*,#4399,.F.);
#4402=ORIENTED_EDGE('',*,*,#4401,.F.);
#4403=EDGE_LOOP('',(#4396,#4398,#4400,#4402));
#4404=FACE_BOUND('',#4403,.F.);
#4406=CARTESIAN_POINT('',(-1.395E0,-2.27E0,-2.8E0));
#4407=DIRECTION('',(0.E0,0.E0,1.E0));
#4408=DIRECTION('',(0.E0,1.E0,0.E0));
#4409=AXIS2_PLACEMENT_3D('',#4406,#4407,#4408);
#4410=PLANE('',#4409);
#4412=ORIENTED_EDGE('',*,*,#4411,.F.);
#4414=ORIENTED_EDGE('',*,*,#4413,.T.);
#4416=ORIENTED_EDGE('',*,*,#4415,.T.);
#4417=ORIENTED_EDGE('',*,*,#4395,.F.);
#4418=EDGE_LOOP('',(#4412,#4414,#4416,#4417));
#4419=FACE_OUTER_BOUND('',#4418,.F.);
#4421=CARTESIAN_POINT('',(-1.44E0,-2.02E0,-2.8E0));
#4422=DIRECTION('',(-9.984975925187E-1,0.E0,-5.479559958944E-2));
#4423=DIRECTION('',(5.479559958944E-2,0.E0,-9.984975925187E-1));
#4424=AXIS2_PLACEMENT_3D('',#4421,#4422,#4423);
#4425=PLANE('',#4424);
#4426=ORIENTED_EDGE('',*,*,#4401,.T.);
#4428=ORIENTED_EDGE('',*,*,#4427,.T.);
#4430=ORIENTED_EDGE('',*,*,#4429,.T.);
#4432=ORIENTED_EDGE('',*,*,#4431,.F.);
#4433=ORIENTED_EDGE('',*,*,#4411,.T.);
#4434=EDGE_LOOP('',(#4426,#4428,#4430,#4432,#4433));
#4435=FACE_OUTER_BOUND('',#4434,.F.);
#4437=CARTESIAN_POINT('',(-1.395E0,-2.02E0,-3.62E0));
#4438=DIRECTION('',(0.E0,-8.660254037844E-1,-5.E-1));
#4439=DIRECTION('',(0.E0,-5.E-1,8.660254037844E-1));
#4440=AXIS2_PLACEMENT_3D('',#4437,#4438,#4439);
#4441=PLANE('',#4440);
#4442=ORIENTED_EDGE('',*,*,#4427,.F.);
#4443=ORIENTED_EDGE('',*,*,#4399,.T.);
#4445=ORIENTED_EDGE('',*,*,#4444,.T.);
#4447=ORIENTED_EDGE('',*,*,#4446,.F.);
#4448=EDGE_LOOP('',(#4442,#4443,#4445,#4447));
#4449=FACE_OUTER_BOUND('',#4448,.F.);
#4451=CARTESIAN_POINT('',(-1.945E0,-2.02E0,-3.62E0));
#4452=DIRECTION('',(9.984975925187E-1,0.E0,-5.479559958944E-2));
#4453=DIRECTION('',(5.479559958944E-2,0.E0,9.984975925187E-1));
#4454=AXIS2_PLACEMENT_3D('',#4451,#4452,#4453);
#4455=PLANE('',#4454);
#4456=ORIENTED_EDGE('',*,*,#4397,.T.);
#4457=ORIENTED_EDGE('',*,*,#4415,.F.);
#4459=ORIENTED_EDGE('',*,*,#4458,.T.);
#4461=ORIENTED_EDGE('',*,*,#4460,.F.);
#4462=ORIENTED_EDGE('',*,*,#4444,.F.);
#4463=EDGE_LOOP('',(#4456,#4457,#4459,#4461,#4462));
#4464=FACE_OUTER_BOUND('',#4463,.F.);
#4466=CARTESIAN_POINT('',(-1.27E0,-3.05E0,-2.8E0));
#4467=DIRECTION('',(0.E0,0.E0,1.E0));
#4468=DIRECTION('',(-1.E0,0.E0,0.E0));
#4469=AXIS2_PLACEMENT_3D('',#4466,#4467,#4468);
#4470=PLANE('',#4469);
#4472=ORIENTED_EDGE('',*,*,#4471,.T.);
#4473=ORIENTED_EDGE('',*,*,#4458,.F.);
#4475=ORIENTED_EDGE('',*,*,#4474,.T.);
#4477=ORIENTED_EDGE('',*,*,#4476,.F.);
#4479=ORIENTED_EDGE('',*,*,#4478,.F.);
#4481=ORIENTED_EDGE('',*,*,#4480,.T.);
#4483=ORIENTED_EDGE('',*,*,#4482,.T.);
#4484=ORIENTED_EDGE('',*,*,#4431,.T.);
#4485=EDGE_LOOP('',(#4472,#4473,#4475,#4477,#4479,#4481,#4483,#4484));
#4486=FACE_OUTER_BOUND('',#4485,.F.);
#4488=CARTESIAN_POINT('',(-1.395E0,-2.27E0,-3.186987298108E0));
#4489=DIRECTION('',(0.E0,-1.E0,0.E0));
#4490=DIRECTION('',(0.E0,0.E0,1.E0));
#4491=AXIS2_PLACEMENT_3D('',#4488,#4489,#4490);
#4492=PLANE('',#4491);
#4493=ORIENTED_EDGE('',*,*,#4429,.F.);
#4494=ORIENTED_EDGE('',*,*,#4446,.T.);
#4495=ORIENTED_EDGE('',*,*,#4460,.T.);
#4496=ORIENTED_EDGE('',*,*,#4471,.F.);
#4497=EDGE_LOOP('',(#4493,#4494,#4495,#4496));
#4498=FACE_OUTER_BOUND('',#4497,.F.);
#4500=CARTESIAN_POINT('',(-3.4E0,-2.05E0,-2.65E0));
#4501=DIRECTION('',(0.E0,-1.E0,0.E0));
#4502=DIRECTION('',(0.E0,0.E0,-1.E0));
#4503=AXIS2_PLACEMENT_3D('',#4500,#4501,#4502);
#4504=PLANE('',#4503);
#4506=ORIENTED_EDGE('',*,*,#4505,.F.);
#4508=ORIENTED_EDGE('',*,*,#4507,.T.);
#4510=ORIENTED_EDGE('',*,*,#4509,.F.);
#4512=ORIENTED_EDGE('',*,*,#4511,.T.);
#4514=ORIENTED_EDGE('',*,*,#4513,.F.);
#4516=ORIENTED_EDGE('',*,*,#4515,.F.);
#4518=ORIENTED_EDGE('',*,*,#4517,.T.);
#4520=ORIENTED_EDGE('',*,*,#4519,.T.);
#4521=ORIENTED_EDGE('',*,*,#4474,.F.);
#4522=ORIENTED_EDGE('',*,*,#4413,.F.);
#4523=ORIENTED_EDGE('',*,*,#4482,.F.);
#4525=ORIENTED_EDGE('',*,*,#4524,.F.);
#4527=ORIENTED_EDGE('',*,*,#4526,.T.);
#4529=ORIENTED_EDGE('',*,*,#4528,.T.);
#4531=ORIENTED_EDGE('',*,*,#4530,.F.);
#4533=ORIENTED_EDGE('',*,*,#4532,.T.);
#4535=ORIENTED_EDGE('',*,*,#4534,.F.);
#4537=ORIENTED_EDGE('',*,*,#4536,.F.);
#4539=ORIENTED_EDGE('',*,*,#4538,.T.);
#4541=ORIENTED_EDGE('',*,*,#4540,.T.);
#4543=ORIENTED_EDGE('',*,*,#4542,.F.);
#4545=ORIENTED_EDGE('',*,*,#4544,.T.);
#4547=ORIENTED_EDGE('',*,*,#4546,.T.);
#4549=ORIENTED_EDGE('',*,*,#4548,.F.);
#4551=ORIENTED_EDGE('',*,*,#4550,.F.);
#4553=ORIENTED_EDGE('',*,*,#4552,.T.);
#4555=ORIENTED_EDGE('',*,*,#4554,.F.);
#4557=ORIENTED_EDGE('',*,*,#4556,.F.);
#4558=EDGE_LOOP('',(#4506,#4508,#4510,#4512,#4514,#4516,#4518,#4520,#4521,#4522,
#4523,#4525,#4527,#4529,#4531,#4533,#4535,#4537,#4539,#4541,#4543,#4545,#4547,
#4549,#4551,#4553,#4555,#4557));
#4559=FACE_OUTER_BOUND('',#4558,.F.);
#4561=CARTESIAN_POINT('',(-3.4E0,-2.309807621135E0,-2.2E0));
#4562=DIRECTION('',(0.E0,-8.660254037844E-1,-5.E-1));
#4563=DIRECTION('',(0.E0,5.E-1,-8.660254037844E-1));
#4564=AXIS2_PLACEMENT_3D('',#4561,#4562,#4563);
#4565=PLANE('',#4564);
#4567=ORIENTED_EDGE('',*,*,#4566,.F.);
#4569=ORIENTED_EDGE('',*,*,#4568,.T.);
#4571=ORIENTED_EDGE('',*,*,#4570,.F.);
#4572=ORIENTED_EDGE('',*,*,#4550,.T.);
#4573=EDGE_LOOP('',(#4567,#4569,#4571,#4572));
#4574=FACE_OUTER_BOUND('',#4573,.F.);
#4576=CARTESIAN_POINT('',(-3.4E0,-2.309807621135E0,-2.2E0));
#4577=DIRECTION('',(0.E0,-8.660254037844E-1,-5.E-1));
#4578=DIRECTION('',(0.E0,5.E-1,-8.660254037844E-1));
#4579=AXIS2_PLACEMENT_3D('',#4576,#4577,#4578);
#4580=PLANE('',#4579);
#4582=ORIENTED_EDGE('',*,*,#4581,.T.);
#4583=ORIENTED_EDGE('',*,*,#4505,.T.);
#4585=ORIENTED_EDGE('',*,*,#4584,.T.);
#4587=ORIENTED_EDGE('',*,*,#4586,.T.);
#4588=EDGE_LOOP('',(#4582,#4583,#4585,#4587));
#4589=FACE_OUTER_BOUND('',#4588,.F.);
#4591=CARTESIAN_POINT('',(2.63E0,-2.429812421327E0,-2.2E0));
#4592=DIRECTION('',(8.660254037844E-1,0.E0,-5.E-1));
#4593=DIRECTION('',(0.E0,-1.E0,0.E0));
#4594=AXIS2_PLACEMENT_3D('',#4591,#4592,#4593);
#4595=PLANE('',#4594);
#4597=ORIENTED_EDGE('',*,*,#4596,.T.);
#4599=ORIENTED_EDGE('',*,*,#4598,.T.);
#4601=ORIENTED_EDGE('',*,*,#4600,.T.);
#4602=EDGE_LOOP('',(#4597,#4599,#4601));
#4603=FACE_OUTER_BOUND('',#4602,.F.);
#4605=CARTESIAN_POINT('',(2.63E0,-2.429812421327E0,-2.2E0));
#4606=DIRECTION('',(8.660254037844E-1,0.E0,-5.E-1));
#4607=DIRECTION('',(0.E0,-1.E0,0.E0));
#4608=AXIS2_PLACEMENT_3D('',#4605,#4606,#4607);
#4609=PLANE('',#4608);
#4610=ORIENTED_EDGE('',*,*,#4566,.T.);
#4611=ORIENTED_EDGE('',*,*,#4548,.T.);
#4613=ORIENTED_EDGE('',*,*,#4612,.T.);
#4614=EDGE_LOOP('',(#4610,#4611,#4613));
#4615=FACE_OUTER_BOUND('',#4614,.F.);
#4617=CARTESIAN_POINT('',(-3.4E0,2.05E0,-2.65E0));
#4618=DIRECTION('',(0.E0,8.660254037844E-1,-5.E-1));
#4619=DIRECTION('',(0.E0,5.E-1,8.660254037844E-1));
#4620=AXIS2_PLACEMENT_3D('',#4617,#4618,#4619);
#4621=PLANE('',#4620);
#4622=ORIENTED_EDGE('',*,*,#4596,.F.);
#4624=ORIENTED_EDGE('',*,*,#4623,.F.);
#4626=ORIENTED_EDGE('',*,*,#4625,.T.);
#4628=ORIENTED_EDGE('',*,*,#4627,.F.);
#4629=EDGE_LOOP('',(#4622,#4624,#4626,#4628));
#4630=FACE_OUTER_BOUND('',#4629,.F.);
#4632=CARTESIAN_POINT('',(-3.4E0,2.05E0,-2.65E0));
#4633=DIRECTION('',(0.E0,8.660254037844E-1,-5.E-1));
#4634=DIRECTION('',(0.E0,5.E-1,8.660254037844E-1));
#4635=AXIS2_PLACEMENT_3D('',#4632,#4633,#4634);
#4636=PLANE('',#4635);
#4638=ORIENTED_EDGE('',*,*,#4637,.T.);
#4640=ORIENTED_EDGE('',*,*,#4639,.F.);
#4642=ORIENTED_EDGE('',*,*,#4641,.F.);
#4644=ORIENTED_EDGE('',*,*,#4643,.F.);
#4645=EDGE_LOOP('',(#4638,#4640,#4642,#4644));
#4646=FACE_OUTER_BOUND('',#4645,.F.);
#4648=CARTESIAN_POINT('',(-3.4E0,2.05E0,-3.9E0));
#4649=DIRECTION('',(0.E0,1.E0,0.E0));
#4650=DIRECTION('',(0.E0,0.E0,1.E0));
#4651=AXIS2_PLACEMENT_3D('',#4648,#4649,#4650);
#4652=PLANE('',#4651);
#4654=ORIENTED_EDGE('',*,*,#4653,.T.);
#4656=ORIENTED_EDGE('',*,*,#4655,.T.);
#4658=ORIENTED_EDGE('',*,*,#4657,.T.);
#4659=ORIENTED_EDGE('',*,*,#4643,.T.);
#4661=ORIENTED_EDGE('',*,*,#4660,.T.);
#4663=ORIENTED_EDGE('',*,*,#4662,.T.);
#4665=ORIENTED_EDGE('',*,*,#4664,.F.);
#4666=ORIENTED_EDGE('',*,*,#4623,.T.);
#4667=ORIENTED_EDGE('',*,*,#4600,.F.);
#4669=ORIENTED_EDGE('',*,*,#4668,.F.);
#4671=ORIENTED_EDGE('',*,*,#4670,.T.);
#4673=ORIENTED_EDGE('',*,*,#4672,.T.);
#4675=ORIENTED_EDGE('',*,*,#4674,.F.);
#4677=ORIENTED_EDGE('',*,*,#4676,.F.);
#4679=ORIENTED_EDGE('',*,*,#4678,.T.);
#4681=ORIENTED_EDGE('',*,*,#4680,.F.);
#4683=ORIENTED_EDGE('',*,*,#4682,.F.);
#4685=ORIENTED_EDGE('',*,*,#4684,.F.);
#4687=ORIENTED_EDGE('',*,*,#4686,.F.);
#4689=ORIENTED_EDGE('',*,*,#4688,.F.);
#4691=ORIENTED_EDGE('',*,*,#4690,.T.);
#4693=ORIENTED_EDGE('',*,*,#4692,.F.);
#4695=ORIENTED_EDGE('',*,*,#4694,.T.);
#4697=ORIENTED_EDGE('',*,*,#4696,.F.);
#4699=ORIENTED_EDGE('',*,*,#4698,.F.);
#4701=ORIENTED_EDGE('',*,*,#4700,.F.);
#4703=ORIENTED_EDGE('',*,*,#4702,.T.);
#4705=ORIENTED_EDGE('',*,*,#4704,.T.);
#4706=EDGE_LOOP('',(#4654,#4656,#4658,#4659,#4661,#4663,#4665,#4666,#4667,#4669,
#4671,#4673,#4675,#4677,#4679,#4681,#4683,#4685,#4687,#4689,#4691,#4693,#4695,
#4697,#4699,#4701,#4703,#4705));
#4707=FACE_OUTER_BOUND('',#4706,.F.);
#4709=CARTESIAN_POINT('',(-3.05E0,-3.05E0,-7.E0));
#4710=DIRECTION('',(-1.E0,0.E0,0.E0));
#4711=DIRECTION('',(0.E0,1.E0,0.E0));
#4712=AXIS2_PLACEMENT_3D('',#4709,#4710,#4711);
#4713=PLANE('',#4712);
#4714=ORIENTED_EDGE('',*,*,#4511,.F.);
#4716=ORIENTED_EDGE('',*,*,#4715,.F.);
#4718=ORIENTED_EDGE('',*,*,#4717,.F.);
#4720=ORIENTED_EDGE('',*,*,#4719,.T.);
#4722=ORIENTED_EDGE('',*,*,#4721,.T.);
#4724=ORIENTED_EDGE('',*,*,#4723,.F.);
#4725=ORIENTED_EDGE('',*,*,#4653,.F.);
#4727=ORIENTED_EDGE('',*,*,#4726,.F.);
#4729=ORIENTED_EDGE('',*,*,#4728,.T.);
#4731=ORIENTED_EDGE('',*,*,#4730,.T.);
#4733=ORIENTED_EDGE('',*,*,#4732,.F.);
#4735=ORIENTED_EDGE('',*,*,#4734,.F.);
#4737=ORIENTED_EDGE('',*,*,#4736,.T.);
#4739=ORIENTED_EDGE('',*,*,#4738,.T.);
#4741=ORIENTED_EDGE('',*,*,#4740,.T.);
#4743=ORIENTED_EDGE('',*,*,#4742,.F.);
#4744=EDGE_LOOP('',(#4714,#4716,#4718,#4720,#4722,#4724,#4725,#4727,#4729,#4731,
#4733,#4735,#4737,#4739,#4741,#4743));
#4745=FACE_OUTER_BOUND('',#4744,.F.);
#4747=ORIENTED_EDGE('',*,*,#4746,.T.);
#4749=ORIENTED_EDGE('',*,*,#4748,.T.);
#4751=ORIENTED_EDGE('',*,*,#4750,.F.);
#4753=ORIENTED_EDGE('',*,*,#4752,.F.);
#4754=EDGE_LOOP('',(#4747,#4749,#4751,#4753));
#4755=FACE_BOUND('',#4754,.F.);
#4757=ORIENTED_EDGE('',*,*,#4756,.F.);
#4759=ORIENTED_EDGE('',*,*,#4758,.T.);
#4761=ORIENTED_EDGE('',*,*,#4760,.T.);
#4763=ORIENTED_EDGE('',*,*,#4762,.F.);
#4764=EDGE_LOOP('',(#4757,#4759,#4761,#4763));
#4765=FACE_BOUND('',#4764,.F.);
#4767=CARTESIAN_POINT('',(-2.25E0,-1.5E0,-2.2E0));
#4768=DIRECTION('',(0.E0,0.E0,-1.E0));
#4769=DIRECTION('',(-1.E0,0.E0,0.E0));
#4770=AXIS2_PLACEMENT_3D('',#4767,#4768,#4769);
#4771=PLANE('',#4770);
#4773=ORIENTED_EDGE('',*,*,#4772,.T.);
#4775=ORIENTED_EDGE('',*,*,#4774,.T.);
#4777=ORIENTED_EDGE('',*,*,#4776,.F.);
#4778=ORIENTED_EDGE('',*,*,#4734,.T.);
#4779=EDGE_LOOP('',(#4773,#4775,#4777,#4778));
#4780=FACE_OUTER_BOUND('',#4779,.F.);
#4782=CARTESIAN_POINT('',(-2.25E0,-1.5E0,-2.2E0));
#4783=DIRECTION('',(0.E0,0.E0,-1.E0));
#4784=DIRECTION('',(-1.E0,0.E0,0.E0));
#4785=AXIS2_PLACEMENT_3D('',#4782,#4783,#4784);
#4786=PLANE('',#4785);
#4788=ORIENTED_EDGE('',*,*,#4787,.F.);
#4790=ORIENTED_EDGE('',*,*,#4789,.T.);
#4792=ORIENTED_EDGE('',*,*,#4791,.T.);
#4794=ORIENTED_EDGE('',*,*,#4793,.F.);
#4795=EDGE_LOOP('',(#4788,#4790,#4792,#4794));
#4796=FACE_OUTER_BOUND('',#4795,.F.);
#4798=CARTESIAN_POINT('',(-2.25E0,-1.5E0,-2.2E0));
#4799=DIRECTION('',(0.E0,0.E0,-1.E0));
#4800=DIRECTION('',(-1.E0,0.E0,0.E0));
#4801=AXIS2_PLACEMENT_3D('',#4798,#4799,#4800);
#4802=PLANE('',#4801);
#4804=ORIENTED_EDGE('',*,*,#4803,.T.);
#4805=ORIENTED_EDGE('',*,*,#4668,.T.);
#4806=ORIENTED_EDGE('',*,*,#4598,.F.);
#4807=ORIENTED_EDGE('',*,*,#4627,.T.);
#4809=ORIENTED_EDGE('',*,*,#4808,.T.);
#4811=ORIENTED_EDGE('',*,*,#4810,.T.);
#4813=ORIENTED_EDGE('',*,*,#4812,.T.);
#4815=ORIENTED_EDGE('',*,*,#4814,.T.);
#4816=EDGE_LOOP('',(#4804,#4805,#4806,#4807,#4809,#4811,#4813,#4815));
#4817=FACE_OUTER_BOUND('',#4816,.F.);
#4819=CARTESIAN_POINT('',(-2.25E0,-1.5E0,-2.2E0));
#4820=DIRECTION('',(0.E0,0.E0,-1.E0));
#4821=DIRECTION('',(-1.E0,0.E0,0.E0));
#4822=AXIS2_PLACEMENT_3D('',#4819,#4820,#4821);
#4823=PLANE('',#4822);
#4824=ORIENTED_EDGE('',*,*,#4568,.F.);
#4825=ORIENTED_EDGE('',*,*,#4612,.F.);
#4826=ORIENTED_EDGE('',*,*,#4546,.F.);
#4828=ORIENTED_EDGE('',*,*,#4827,.T.);
#4830=ORIENTED_EDGE('',*,*,#4829,.T.);
#4832=ORIENTED_EDGE('',*,*,#4831,.T.);
#4834=ORIENTED_EDGE('',*,*,#4833,.F.);
#4836=ORIENTED_EDGE('',*,*,#4835,.T.);
#4837=EDGE_LOOP('',(#4824,#4825,#4826,#4828,#4830,#4832,#4834,#4836));
#4838=FACE_OUTER_BOUND('',#4837,.F.);
#4840=CARTESIAN_POINT('',(-2.25E0,-1.5E0,-2.2E0));
#4841=DIRECTION('',(0.E0,0.E0,-1.E0));
#4842=DIRECTION('',(-1.E0,0.E0,0.E0));
#4843=AXIS2_PLACEMENT_3D('',#4840,#4841,#4842);
#4844=PLANE('',#4843);
#4845=ORIENTED_EDGE('',*,*,#4639,.T.);
#4847=ORIENTED_EDGE('',*,*,#4846,.T.);
#4848=ORIENTED_EDGE('',*,*,#4655,.F.);
#4849=ORIENTED_EDGE('',*,*,#4723,.T.);
#4851=ORIENTED_EDGE('',*,*,#4850,.T.);
#4853=ORIENTED_EDGE('',*,*,#4852,.F.);
#4855=ORIENTED_EDGE('',*,*,#4854,.T.);
#4857=ORIENTED_EDGE('',*,*,#4856,.F.);
#4858=EDGE_LOOP('',(#4845,#4847,#4848,#4849,#4851,#4853,#4855,#4857));
#4859=FACE_OUTER_BOUND('',#4858,.F.);
#4861=CARTESIAN_POINT('',(-2.25E0,-1.5E0,-2.2E0));
#4862=DIRECTION('',(0.E0,0.E0,-1.E0));
#4863=DIRECTION('',(-1.E0,0.E0,0.E0));
#4864=AXIS2_PLACEMENT_3D('',#4861,#4862,#4863);
#4865=PLANE('',#4864);
#4866=ORIENTED_EDGE('',*,*,#4715,.T.);
#4867=ORIENTED_EDGE('',*,*,#4509,.T.);
#4869=ORIENTED_EDGE('',*,*,#4868,.T.);
#4870=ORIENTED_EDGE('',*,*,#4586,.F.);
#4872=ORIENTED_EDGE('',*,*,#4871,.F.);
#4874=ORIENTED_EDGE('',*,*,#4873,.F.);
#4876=ORIENTED_EDGE('',*,*,#4875,.F.);
#4878=ORIENTED_EDGE('',*,*,#4877,.T.);
#4879=EDGE_LOOP('',(#4866,#4867,#4869,#4870,#4872,#4874,#4876,#4878));
#4880=FACE_OUTER_BOUND('',#4879,.F.);
#4882=CARTESIAN_POINT('',(-3.05E0,1.35E0,-3.65E0));
#4883=DIRECTION('',(0.E0,-1.E0,0.E0));
#4884=DIRECTION('',(0.E0,0.E0,1.E0));
#4885=AXIS2_PLACEMENT_3D('',#4882,#4883,#4884);
#4886=PLANE('',#4885);
#4888=ORIENTED_EDGE('',*,*,#4887,.T.);
#4890=ORIENTED_EDGE('',*,*,#4889,.F.);
#4892=ORIENTED_EDGE('',*,*,#4891,.F.);
#4893=ORIENTED_EDGE('',*,*,#4772,.F.);
#4894=ORIENTED_EDGE('',*,*,#4732,.T.);
#4895=EDGE_LOOP('',(#4888,#4890,#4892,#4893,#4894));
#4896=FACE_OUTER_BOUND('',#4895,.F.);
#4898=CARTESIAN_POINT('',(-3.05E0,1.6E0,-3.65E0));
#4899=DIRECTION('',(-1.E0,0.E0,0.E0));
#4900=DIRECTION('',(0.E0,-1.E0,0.E0));
#4901=AXIS2_PLACEMENT_3D('',#4898,#4899,#4900);
#4902=CYLINDRICAL_SURFACE('',#4901,2.5E-1);
#4904=ORIENTED_EDGE('',*,*,#4903,.T.);
#4906=ORIENTED_EDGE('',*,*,#4905,.T.);
#4907=ORIENTED_EDGE('',*,*,#4887,.F.);
#4908=ORIENTED_EDGE('',*,*,#4730,.F.);
#4909=EDGE_LOOP('',(#4904,#4906,#4907,#4908));
#4910=FACE_OUTER_BOUND('',#4909,.F.);
#4912=CARTESIAN_POINT('',(-3.4E0,2.02E0,-3.9E0));
#4913=DIRECTION('',(0.E0,0.E0,-1.E0));
#4914=DIRECTION('',(0.E0,1.E0,0.E0));
#4915=AXIS2_PLACEMENT_3D('',#4912,#4913,#4914);
#4916=PLANE('',#4915);
#4917=ORIENTED_EDGE('',*,*,#4688,.T.);
#4919=ORIENTED_EDGE('',*,*,#4918,.F.);
#4921=ORIENTED_EDGE('',*,*,#4920,.T.);
#4923=ORIENTED_EDGE('',*,*,#4922,.T.);
#4924=ORIENTED_EDGE('',*,*,#4676,.T.);
#4926=ORIENTED_EDGE('',*,*,#4925,.F.);
#4928=ORIENTED_EDGE('',*,*,#4927,.F.);
#4930=ORIENTED_EDGE('',*,*,#4929,.T.);
#4932=ORIENTED_EDGE('',*,*,#4931,.T.);
#4934=ORIENTED_EDGE('',*,*,#4933,.F.);
#4936=ORIENTED_EDGE('',*,*,#4935,.F.);
#4938=ORIENTED_EDGE('',*,*,#4937,.T.);
#4940=ORIENTED_EDGE('',*,*,#4939,.T.);
#4942=ORIENTED_EDGE('',*,*,#4941,.F.);
#4943=ORIENTED_EDGE('',*,*,#4538,.F.);
#4945=ORIENTED_EDGE('',*,*,#4944,.F.);
#4947=ORIENTED_EDGE('',*,*,#4946,.F.);
#4949=ORIENTED_EDGE('',*,*,#4948,.T.);
#4950=ORIENTED_EDGE('',*,*,#4526,.F.);
#4952=ORIENTED_EDGE('',*,*,#4951,.F.);
#4954=ORIENTED_EDGE('',*,*,#4953,.F.);
#4956=ORIENTED_EDGE('',*,*,#4955,.T.);
#4957=ORIENTED_EDGE('',*,*,#4517,.F.);
#4959=ORIENTED_EDGE('',*,*,#4958,.F.);
#4961=ORIENTED_EDGE('',*,*,#4960,.F.);
#4962=ORIENTED_EDGE('',*,*,#4740,.F.);
#4964=ORIENTED_EDGE('',*,*,#4963,.T.);
#4966=ORIENTED_EDGE('',*,*,#4965,.T.);
#4967=ORIENTED_EDGE('',*,*,#4903,.F.);
#4968=ORIENTED_EDGE('',*,*,#4728,.F.);
#4970=ORIENTED_EDGE('',*,*,#4969,.T.);
#4972=ORIENTED_EDGE('',*,*,#4971,.F.);
#4973=ORIENTED_EDGE('',*,*,#4700,.T.);
#4975=ORIENTED_EDGE('',*,*,#4974,.F.);
#4977=ORIENTED_EDGE('',*,*,#4976,.T.);
#4979=ORIENTED_EDGE('',*,*,#4978,.T.);
#4980=EDGE_LOOP('',(#4917,#4919,#4921,#4923,#4924,#4926,#4928,#4930,#4932,#4934,
#4936,#4938,#4940,#4942,#4943,#4945,#4947,#4949,#4950,#4952,#4954,#4956,#4957,
#4959,#4961,#4962,#4964,#4966,#4967,#4968,#4970,#4972,#4973,#4975,#4977,#4979));
#4981=FACE_OUTER_BOUND('',#4980,.F.);
#4983=ORIENTED_EDGE('',*,*,#4982,.F.);
#4984=ORIENTED_EDGE('',*,*,#4372,.T.);
#4986=ORIENTED_EDGE('',*,*,#4985,.T.);
#4988=ORIENTED_EDGE('',*,*,#4987,.F.);
#4989=EDGE_LOOP('',(#4983,#4984,#4986,#4988));
#4990=FACE_BOUND('',#4989,.F.);
#4992=CARTESIAN_POINT('',(-2.25E0,2.02E0,0.E0));
#4993=DIRECTION('',(-1.E0,0.E0,0.E0));
#4994=DIRECTION('',(0.E0,-1.E0,0.E0));
#4995=AXIS2_PLACEMENT_3D('',#4992,#4993,#4994);
#4996=PLANE('',#4995);
#4997=ORIENTED_EDGE('',*,*,#4374,.T.);
#4998=ORIENTED_EDGE('',*,*,#4982,.T.);
#5000=ORIENTED_EDGE('',*,*,#4999,.T.);
#5001=ORIENTED_EDGE('',*,*,#4331,.T.);
#5003=ORIENTED_EDGE('',*,*,#5002,.T.);
#5005=ORIENTED_EDGE('',*,*,#5004,.F.);
#5007=ORIENTED_EDGE('',*,*,#5006,.F.);
#5008=ORIENTED_EDGE('',*,*,#4323,.T.);
#5009=EDGE_LOOP('',(#4997,#4998,#5000,#5001,#5003,#5005,#5007,#5008));
#5010=FACE_OUTER_BOUND('',#5009,.F.);
#5012=CARTESIAN_POINT('',(2.25E0,2.02E0,0.E0));
#5013=DIRECTION('',(0.E0,1.E0,0.E0));
#5014=DIRECTION('',(-1.E0,0.E0,0.E0));
#5015=AXIS2_PLACEMENT_3D('',#5012,#5013,#5014);
#5016=PLANE('',#5015);
#5018=ORIENTED_EDGE('',*,*,#5017,.T.);
#5020=ORIENTED_EDGE('',*,*,#5019,.T.);
#5021=ORIENTED_EDGE('',*,*,#4333,.T.);
#5022=ORIENTED_EDGE('',*,*,#4999,.F.);
#5023=ORIENTED_EDGE('',*,*,#4987,.T.);
#5025=ORIENTED_EDGE('',*,*,#5024,.F.);
#5026=ORIENTED_EDGE('',*,*,#4297,.T.);
#5028=ORIENTED_EDGE('',*,*,#5027,.T.);
#5030=ORIENTED_EDGE('',*,*,#5029,.T.);
#5032=ORIENTED_EDGE('',*,*,#5031,.F.);
#5033=EDGE_LOOP('',(#5018,#5020,#5021,#5022,#5023,#5025,#5026,#5028,#5030,
#5032));
#5034=FACE_OUTER_BOUND('',#5033,.F.);
#5036=ORIENTED_EDGE('',*,*,#5035,.T.);
#5038=ORIENTED_EDGE('',*,*,#5037,.F.);
#5040=ORIENTED_EDGE('',*,*,#5039,.F.);
#5042=ORIENTED_EDGE('',*,*,#5041,.F.);
#5043=EDGE_LOOP('',(#5036,#5038,#5040,#5042));
#5044=FACE_BOUND('',#5043,.F.);
#5046=ORIENTED_EDGE('',*,*,#5045,.T.);
#5048=ORIENTED_EDGE('',*,*,#5047,.F.);
#5050=ORIENTED_EDGE('',*,*,#5049,.F.);
#5052=ORIENTED_EDGE('',*,*,#5051,.F.);
#5053=EDGE_LOOP('',(#5046,#5048,#5050,#5052));
#5054=FACE_BOUND('',#5053,.F.);
#5056=CARTESIAN_POINT('',(1.395E0,2.02E0,-2.8E0));
#5057=DIRECTION('',(0.E0,0.E0,-1.E0));
#5058=DIRECTION('',(0.E0,1.E0,0.E0));
#5059=AXIS2_PLACEMENT_3D('',#5056,#5057,#5058);
#5060=PLANE('',#5059);
#5062=ORIENTED_EDGE('',*,*,#5061,.T.);
#5063=ORIENTED_EDGE('',*,*,#4682,.T.);
#5065=ORIENTED_EDGE('',*,*,#5064,.F.);
#5066=ORIENTED_EDGE('',*,*,#5045,.F.);
#5067=EDGE_LOOP('',(#5062,#5063,#5065,#5066));
#5068=FACE_OUTER_BOUND('',#5067,.F.);
#5070=CARTESIAN_POINT('',(1.44E0,2.02E0,-2.8E0));
#5071=DIRECTION('',(9.984975925187E-1,0.E0,-5.479559958944E-2));
#5072=DIRECTION('',(-5.479559958944E-2,0.E0,-9.984975925187E-1));
#5073=AXIS2_PLACEMENT_3D('',#5070,#5071,#5072);
#5074=PLANE('',#5073);
#5075=ORIENTED_EDGE('',*,*,#5051,.T.);
#5077=ORIENTED_EDGE('',*,*,#5076,.F.);
#5079=ORIENTED_EDGE('',*,*,#5078,.T.);
#5081=ORIENTED_EDGE('',*,*,#5080,.F.);
#5082=ORIENTED_EDGE('',*,*,#5061,.F.);
#5083=EDGE_LOOP('',(#5075,#5077,#5079,#5081,#5082));
#5084=FACE_OUTER_BOUND('',#5083,.F.);
#5086=CARTESIAN_POINT('',(1.395E0,2.27E0,-3.186987298108E0));
#5087=DIRECTION('',(0.E0,-8.660254037844E-1,5.E-1));
#5088=DIRECTION('',(0.E0,-5.E-1,-8.660254037844E-1));
#5089=AXIS2_PLACEMENT_3D('',#5086,#5087,#5088);
#5090=PLANE('',#5089);
#5091=ORIENTED_EDGE('',*,*,#5076,.T.);
#5092=ORIENTED_EDGE('',*,*,#5049,.T.);
#5094=ORIENTED_EDGE('',*,*,#5093,.F.);
#5096=ORIENTED_EDGE('',*,*,#5095,.F.);
#5097=EDGE_LOOP('',(#5091,#5092,#5094,#5096));
#5098=FACE_OUTER_BOUND('',#5097,.F.);
#5100=CARTESIAN_POINT('',(1.945E0,2.02E0,-3.62E0));
#5101=DIRECTION('',(-9.984975925187E-1,0.E0,-5.479559958944E-2));
#5102=DIRECTION('',(-5.479559958944E-2,0.E0,9.984975925187E-1));
#5103=AXIS2_PLACEMENT_3D('',#5100,#5101,#5102);
#5104=PLANE('',#5103);
#5105=ORIENTED_EDGE('',*,*,#5047,.T.);
#5106=ORIENTED_EDGE('',*,*,#5064,.T.);
#5108=ORIENTED_EDGE('',*,*,#5107,.T.);
#5110=ORIENTED_EDGE('',*,*,#5109,.F.);
#5111=ORIENTED_EDGE('',*,*,#5093,.T.);
#5112=EDGE_LOOP('',(#5105,#5106,#5108,#5110,#5111));
#5113=FACE_OUTER_BOUND('',#5112,.F.);
#5115=CARTESIAN_POINT('',(2.07E0,3.05E0,-2.8E0));
#5116=DIRECTION('',(0.E0,0.E0,-1.E0));
#5117=DIRECTION('',(-1.E0,0.E0,0.E0));
#5118=AXIS2_PLACEMENT_3D('',#5115,#5116,#5117);
#5119=PLANE('',#5118);
#5121=ORIENTED_EDGE('',*,*,#5120,.T.);
#5122=ORIENTED_EDGE('',*,*,#5107,.F.);
#5123=ORIENTED_EDGE('',*,*,#4680,.T.);
#5125=ORIENTED_EDGE('',*,*,#5124,.F.);
#5127=ORIENTED_EDGE('',*,*,#5126,.T.);
#5129=ORIENTED_EDGE('',*,*,#5128,.T.);
#5130=ORIENTED_EDGE('',*,*,#4684,.T.);
#5131=ORIENTED_EDGE('',*,*,#5080,.T.);
#5132=EDGE_LOOP('',(#5121,#5122,#5123,#5125,#5127,#5129,#5130,#5131));
#5133=FACE_OUTER_BOUND('',#5132,.F.);
#5135=CARTESIAN_POINT('',(1.395E0,2.27E0,-2.8E0));
#5136=DIRECTION('',(0.E0,-1.E0,0.E0));
#5137=DIRECTION('',(0.E0,0.E0,-1.E0));
#5138=AXIS2_PLACEMENT_3D('',#5135,#5136,#5137);
#5139=PLANE('',#5138);
#5140=ORIENTED_EDGE('',*,*,#5078,.F.);
#5141=ORIENTED_EDGE('',*,*,#5095,.T.);
#5142=ORIENTED_EDGE('',*,*,#5109,.T.);
#5143=ORIENTED_EDGE('',*,*,#5120,.F.);
#5144=EDGE_LOOP('',(#5140,#5141,#5142,#5143));
#5145=FACE_OUTER_BOUND('',#5144,.F.);
#5147=CARTESIAN_POINT('',(2.07E0,3.05E0,-3.9E0));
#5148=DIRECTION('',(-1.E0,0.E0,0.E0));
#5149=DIRECTION('',(0.E0,0.E0,1.E0));
#5150=AXIS2_PLACEMENT_3D('',#5147,#5148,#5149);
#5151=PLANE('',#5150);
#5152=ORIENTED_EDGE('',*,*,#5124,.T.);
#5153=ORIENTED_EDGE('',*,*,#4678,.F.);
#5154=ORIENTED_EDGE('',*,*,#4922,.F.);
#5156=ORIENTED_EDGE('',*,*,#5155,.T.);
#5157=EDGE_LOOP('',(#5152,#5153,#5154,#5156));
#5158=FACE_OUTER_BOUND('',#5157,.F.);
#5160=CARTESIAN_POINT('',(-3.05E0,3.05E0,-7.E0));
#5161=DIRECTION('',(0.E0,1.E0,0.E0));
#5162=DIRECTION('',(1.E0,0.E0,0.E0));
#5163=AXIS2_PLACEMENT_3D('',#5160,#5161,#5162);
#5164=PLANE('',#5163);
#5166=ORIENTED_EDGE('',*,*,#5165,.T.);
#5168=ORIENTED_EDGE('',*,*,#5167,.T.);
#5169=ORIENTED_EDGE('',*,*,#4814,.F.);
#5171=ORIENTED_EDGE('',*,*,#5170,.T.);
#5173=ORIENTED_EDGE('',*,*,#5172,.F.);
#5175=ORIENTED_EDGE('',*,*,#5174,.F.);
#5176=ORIENTED_EDGE('',*,*,#4850,.F.);
#5177=ORIENTED_EDGE('',*,*,#4721,.F.);
#5179=ORIENTED_EDGE('',*,*,#5178,.T.);
#5181=ORIENTED_EDGE('',*,*,#5180,.T.);
#5182=EDGE_LOOP('',(#5166,#5168,#5169,#5171,#5173,#5175,#5176,#5177,#5179,
#5181));
#5183=FACE_OUTER_BOUND('',#5182,.F.);
#5184=ORIENTED_EDGE('',*,*,#5126,.F.);
#5185=ORIENTED_EDGE('',*,*,#5155,.F.);
#5186=ORIENTED_EDGE('',*,*,#4920,.F.);
#5188=ORIENTED_EDGE('',*,*,#5187,.F.);
#5189=EDGE_LOOP('',(#5184,#5185,#5186,#5188));
#5190=FACE_BOUND('',#5189,.F.);
#5192=ORIENTED_EDGE('',*,*,#5191,.F.);
#5194=ORIENTED_EDGE('',*,*,#5193,.F.);
#5196=ORIENTED_EDGE('',*,*,#5195,.F.);
#5197=ORIENTED_EDGE('',*,*,#4976,.F.);
#5198=EDGE_LOOP('',(#5192,#5194,#5196,#5197));
#5199=FACE_BOUND('',#5198,.F.);
#5201=CARTESIAN_POINT('',(-2.07E0,3.05E0,-2.8E0));
#5202=DIRECTION('',(1.E0,0.E0,0.E0));
#5203=DIRECTION('',(0.E0,0.E0,-1.E0));
#5204=AXIS2_PLACEMENT_3D('',#5201,#5202,#5203);
#5205=PLANE('',#5204);
#5207=ORIENTED_EDGE('',*,*,#5206,.F.);
#5208=ORIENTED_EDGE('',*,*,#5191,.T.);
#5209=ORIENTED_EDGE('',*,*,#4974,.T.);
#5210=ORIENTED_EDGE('',*,*,#4698,.T.);
#5211=EDGE_LOOP('',(#5207,#5208,#5209,#5210));
#5212=FACE_OUTER_BOUND('',#5211,.F.);
#5214=CARTESIAN_POINT('',(-1.27E0,3.05E0,-2.8E0));
#5215=DIRECTION('',(0.E0,0.E0,-1.E0));
#5216=DIRECTION('',(-1.E0,0.E0,0.E0));
#5217=AXIS2_PLACEMENT_3D('',#5214,#5215,#5216);
#5218=PLANE('',#5217);
#5219=ORIENTED_EDGE('',*,*,#4696,.T.);
#5221=ORIENTED_EDGE('',*,*,#5220,.T.);
#5223=ORIENTED_EDGE('',*,*,#5222,.F.);
#5225=ORIENTED_EDGE('',*,*,#5224,.F.);
#5226=ORIENTED_EDGE('',*,*,#4692,.T.);
#5228=ORIENTED_EDGE('',*,*,#5227,.F.);
#5229=ORIENTED_EDGE('',*,*,#5193,.T.);
#5230=ORIENTED_EDGE('',*,*,#5206,.T.);
#5231=EDGE_LOOP('',(#5219,#5221,#5223,#5225,#5226,#5228,#5229,#5230));
#5232=FACE_OUTER_BOUND('',#5231,.F.);
#5234=CARTESIAN_POINT('',(-1.9E0,2.02E0,-2.8E0));
#5235=DIRECTION('',(9.984975925187E-1,0.E0,-5.479559958944E-2));
#5236=DIRECTION('',(-5.479559958944E-2,0.E0,-9.984975925187E-1));
#5237=AXIS2_PLACEMENT_3D('',#5234,#5235,#5236);
#5238=PLANE('',#5237);
#5239=ORIENTED_EDGE('',*,*,#5037,.T.);
#5241=ORIENTED_EDGE('',*,*,#5240,.F.);
#5243=ORIENTED_EDGE('',*,*,#5242,.T.);
#5244=ORIENTED_EDGE('',*,*,#5220,.F.);
#5246=ORIENTED_EDGE('',*,*,#5245,.F.);
#5247=EDGE_LOOP('',(#5239,#5241,#5243,#5244,#5246));
#5248=FACE_OUTER_BOUND('',#5247,.F.);
#5250=CARTESIAN_POINT('',(-1.395E0,2.27E0,-3.186987298108E0));
#5251=DIRECTION('',(0.E0,8.660254037844E-1,-5.E-1));
#5252=DIRECTION('',(0.E0,-5.E-1,-8.660254037844E-1));
#5253=AXIS2_PLACEMENT_3D('',#5250,#5251,#5252);
#5254=PLANE('',#5253);
#5256=ORIENTED_EDGE('',*,*,#5255,.F.);
#5258=ORIENTED_EDGE('',*,*,#5257,.T.);
#5259=ORIENTED_EDGE('',*,*,#5240,.T.);
#5260=ORIENTED_EDGE('',*,*,#5035,.F.);
#5261=EDGE_LOOP('',(#5256,#5258,#5259,#5260));
#5262=FACE_OUTER_BOUND('',#5261,.F.);
#5264=CARTESIAN_POINT('',(-1.395E0,2.02E0,-3.62E0));
#5265=DIRECTION('',(-9.984975925187E-1,0.E0,-5.479559958944E-2));
#5266=DIRECTION('',(-5.479559958944E-2,0.E0,9.984975925187E-1));
#5267=AXIS2_PLACEMENT_3D('',#5264,#5265,#5266);
#5268=PLANE('',#5267);
#5269=ORIENTED_EDGE('',*,*,#5041,.T.);
#5271=ORIENTED_EDGE('',*,*,#5270,.T.);
#5272=ORIENTED_EDGE('',*,*,#5224,.T.);
#5274=ORIENTED_EDGE('',*,*,#5273,.F.);
#5275=ORIENTED_EDGE('',*,*,#5255,.T.);
#5276=EDGE_LOOP('',(#5269,#5271,#5272,#5274,#5275));
#5277=FACE_OUTER_BOUND('',#5276,.F.);
#5279=CARTESIAN_POINT('',(-1.395E0,2.02E0,-2.8E0));
#5280=DIRECTION('',(0.E0,0.E0,1.E0));
#5281=DIRECTION('',(0.E0,1.E0,0.E0));
#5282=AXIS2_PLACEMENT_3D('',#5279,#5280,#5281);
#5283=PLANE('',#5282);
#5284=ORIENTED_EDGE('',*,*,#5270,.F.);
#5285=ORIENTED_EDGE('',*,*,#5039,.T.);
#5286=ORIENTED_EDGE('',*,*,#5245,.T.);
#5287=ORIENTED_EDGE('',*,*,#4694,.F.);
#5288=EDGE_LOOP('',(#5284,#5285,#5286,#5287));
#5289=FACE_OUTER_BOUND('',#5288,.F.);
#5291=CARTESIAN_POINT('',(-1.395E0,2.27E0,-2.8E0));
#5292=DIRECTION('',(0.E0,1.E0,0.E0));
#5293=DIRECTION('',(0.E0,0.E0,-1.E0));
#5294=AXIS2_PLACEMENT_3D('',#5291,#5292,#5293);
#5295=PLANE('',#5294);
#5296=ORIENTED_EDGE('',*,*,#5273,.T.);
#5297=ORIENTED_EDGE('',*,*,#5222,.T.);
#5298=ORIENTED_EDGE('',*,*,#5242,.F.);
#5299=ORIENTED_EDGE('',*,*,#5257,.F.);
#5300=EDGE_LOOP('',(#5296,#5297,#5298,#5299));
#5301=FACE_OUTER_BOUND('',#5300,.F.);
#5303=CARTESIAN_POINT('',(-1.27E0,3.05E0,-3.9E0));
#5304=DIRECTION('',(-1.E0,0.E0,0.E0));
#5305=DIRECTION('',(0.E0,0.E0,1.E0));
#5306=AXIS2_PLACEMENT_3D('',#5303,#5304,#5305);
#5307=PLANE('',#5306);
#5308=ORIENTED_EDGE('',*,*,#4978,.F.);
#5309=ORIENTED_EDGE('',*,*,#5195,.T.);
#5310=ORIENTED_EDGE('',*,*,#5227,.T.);
#5311=ORIENTED_EDGE('',*,*,#4690,.F.);
#5312=EDGE_LOOP('',(#5308,#5309,#5310,#5311));
#5313=FACE_OUTER_BOUND('',#5312,.F.);
#5315=CARTESIAN_POINT('',(1.27E0,3.05E0,-2.8E0));
#5316=DIRECTION('',(1.E0,0.E0,0.E0));
#5317=DIRECTION('',(0.E0,0.E0,-1.E0));
#5318=AXIS2_PLACEMENT_3D('',#5315,#5316,#5317);
#5319=PLANE('',#5318);
#5320=ORIENTED_EDGE('',*,*,#5128,.F.);
#5321=ORIENTED_EDGE('',*,*,#5187,.T.);
#5322=ORIENTED_EDGE('',*,*,#4918,.T.);
#5323=ORIENTED_EDGE('',*,*,#4686,.T.);
#5324=EDGE_LOOP('',(#5320,#5321,#5322,#5323));
#5325=FACE_OUTER_BOUND('',#5324,.F.);
#5327=CARTESIAN_POINT('',(0.E0,0.E0,-6.8E0));
#5328=DIRECTION('',(0.E0,0.E0,-1.E0));
#5329=DIRECTION('',(0.E0,-1.E0,0.E0));
#5330=AXIS2_PLACEMENT_3D('',#5327,#5328,#5329);
#5331=PLANE('',#5330);
#5333=ORIENTED_EDGE('',*,*,#5332,.T.);
#5334=ORIENTED_EDGE('',*,*,#5178,.F.);
#5335=ORIENTED_EDGE('',*,*,#4719,.F.);
#5337=ORIENTED_EDGE('',*,*,#5336,.F.);
#5339=ORIENTED_EDGE('',*,*,#5338,.T.);
#5341=ORIENTED_EDGE('',*,*,#5340,.T.);
#5343=ORIENTED_EDGE('',*,*,#5342,.F.);
#5345=ORIENTED_EDGE('',*,*,#5344,.F.);
#5347=ORIENTED_EDGE('',*,*,#5346,.F.);
#5348=ORIENTED_EDGE('',*,*,#5165,.F.);
#5350=ORIENTED_EDGE('',*,*,#5349,.F.);
#5352=ORIENTED_EDGE('',*,*,#5351,.F.);
#5353=EDGE_LOOP('',(#5333,#5334,#5335,#5337,#5339,#5341,#5343,#5345,#5347,#5348,
#5350,#5352));
#5354=FACE_OUTER_BOUND('',#5353,.F.);
#5356=ORIENTED_EDGE('',*,*,#5355,.F.);
#5358=ORIENTED_EDGE('',*,*,#5357,.F.);
#5360=ORIENTED_EDGE('',*,*,#5359,.F.);
#5362=ORIENTED_EDGE('',*,*,#5361,.F.);
#5364=ORIENTED_EDGE('',*,*,#5363,.F.);
#5366=ORIENTED_EDGE('',*,*,#5365,.F.);
#5368=ORIENTED_EDGE('',*,*,#5367,.F.);
#5370=ORIENTED_EDGE('',*,*,#5369,.F.);
#5371=EDGE_LOOP('',(#5356,#5358,#5360,#5362,#5364,#5366,#5368,#5370));
#5372=FACE_BOUND('',#5371,.F.);
#5374=ORIENTED_EDGE('',*,*,#5373,.F.);
#5376=ORIENTED_EDGE('',*,*,#5375,.F.);
#5378=ORIENTED_EDGE('',*,*,#5377,.F.);
#5380=ORIENTED_EDGE('',*,*,#5379,.F.);
#5382=ORIENTED_EDGE('',*,*,#5381,.F.);
#5384=ORIENTED_EDGE('',*,*,#5383,.F.);
#5386=ORIENTED_EDGE('',*,*,#5385,.F.);
#5388=ORIENTED_EDGE('',*,*,#5387,.F.);
#5389=EDGE_LOOP('',(#5374,#5376,#5378,#5380,#5382,#5384,#5386,#5388));
#5390=FACE_BOUND('',#5389,.F.);
#5392=CARTESIAN_POINT('',(-2.8E0,2.8E0,-7.E0));
#5393=DIRECTION('',(1.E0,0.E0,0.E0));
#5394=DIRECTION('',(0.E0,-1.E0,0.E0));
#5395=AXIS2_PLACEMENT_3D('',#5392,#5393,#5394);
#5396=PLANE('',#5395);
#5398=ORIENTED_EDGE('',*,*,#5397,.T.);
#5399=ORIENTED_EDGE('',*,*,#5373,.T.);
#5401=ORIENTED_EDGE('',*,*,#5400,.T.);
#5403=ORIENTED_EDGE('',*,*,#5402,.F.);
#5404=EDGE_LOOP('',(#5398,#5399,#5401,#5403));
#5405=FACE_OUTER_BOUND('',#5404,.F.);
#5407=CARTESIAN_POINT('',(-7.5E-1,2.8E0,-7.E0));
#5408=DIRECTION('',(0.E0,-1.E0,0.E0));
#5409=DIRECTION('',(-1.E0,0.E0,0.E0));
#5410=AXIS2_PLACEMENT_3D('',#5407,#5408,#5409);
#5411=PLANE('',#5410);
#5413=ORIENTED_EDGE('',*,*,#5412,.F.);
#5415=ORIENTED_EDGE('',*,*,#5414,.F.);
#5417=ORIENTED_EDGE('',*,*,#5416,.T.);
#5418=ORIENTED_EDGE('',*,*,#5375,.T.);
#5419=ORIENTED_EDGE('',*,*,#5397,.F.);
#5420=EDGE_LOOP('',(#5413,#5415,#5417,#5418,#5419));
#5421=FACE_OUTER_BOUND('',#5420,.F.);
#5423=CARTESIAN_POINT('',(-7.5E-1,2.8E0,-7.E0));
#5424=DIRECTION('',(0.E0,-9.922779121060E-1,1.240344514505E-1));
#5425=DIRECTION('',(1.E0,0.E0,0.E0));
#5426=AXIS2_PLACEMENT_3D('',#5423,#5424,#5425);
#5427=PLANE('',#5426);
#5428=ORIENTED_EDGE('',*,*,#5412,.T.);
#5430=ORIENTED_EDGE('',*,*,#5429,.F.);
#5432=ORIENTED_EDGE('',*,*,#5431,.T.);
#5434=ORIENTED_EDGE('',*,*,#5433,.F.);
#5435=EDGE_LOOP('',(#5428,#5430,#5432,#5434));
#5436=FACE_OUTER_BOUND('',#5435,.F.);
#5438=CARTESIAN_POINT('',(-2.8E0,2.8E0,-7.E0));
#5439=DIRECTION('',(9.922779121060E-1,0.E0,1.240344514505E-1));
#5440=DIRECTION('',(0.E0,1.E0,0.E0));
#5441=AXIS2_PLACEMENT_3D('',#5438,#5439,#5440);
#5442=PLANE('',#5441);
#5443=ORIENTED_EDGE('',*,*,#5429,.T.);
#5444=ORIENTED_EDGE('',*,*,#5402,.T.);
#5446=ORIENTED_EDGE('',*,*,#5445,.T.);
#5448=ORIENTED_EDGE('',*,*,#5447,.T.);
#5449=EDGE_LOOP('',(#5443,#5444,#5446,#5448));
#5450=FACE_OUTER_BOUND('',#5449,.F.);
#5452=CARTESIAN_POINT('',(-2.8E0,1.6E0,-7.E0));
#5453=DIRECTION('',(0.E0,9.922779121060E-1,1.240344514505E-1));
#5454=DIRECTION('',(-1.E0,0.E0,0.E0));
#5455=AXIS2_PLACEMENT_3D('',#5452,#5453,#5454);
#5456=PLANE('',#5455);
#5458=ORIENTED_EDGE('',*,*,#5457,.T.);
#5460=ORIENTED_EDGE('',*,*,#5459,.T.);
#5462=ORIENTED_EDGE('',*,*,#5461,.T.);
#5463=ORIENTED_EDGE('',*,*,#5445,.F.);
#5464=EDGE_LOOP('',(#5458,#5460,#5462,#5463));
#5465=FACE_OUTER_BOUND('',#5464,.F.);
#5467=CARTESIAN_POINT('',(-2.8E0,1.6E0,-7.E0));
#5468=DIRECTION('',(0.E0,9.922779121060E-1,1.240344514505E-1));
#5469=DIRECTION('',(-1.E0,0.E0,0.E0));
#5470=AXIS2_PLACEMENT_3D('',#5467,#5468,#5469);
#5471=PLANE('',#5470);
#5473=ORIENTED_EDGE('',*,*,#5472,.F.);
#5475=ORIENTED_EDGE('',*,*,#5474,.T.);
#5477=ORIENTED_EDGE('',*,*,#5476,.F.);
#5479=ORIENTED_EDGE('',*,*,#5478,.T.);
#5480=EDGE_LOOP('',(#5473,#5475,#5477,#5479));
#5481=FACE_OUTER_BOUND('',#5480,.F.);
#5483=CARTESIAN_POINT('',(-2.8E0,1.6E0,-7.E0));
#5484=DIRECTION('',(0.E0,1.E0,0.E0));
#5485=DIRECTION('',(1.E0,0.E0,0.E0));
#5486=AXIS2_PLACEMENT_3D('',#5483,#5484,#5485);
#5487=PLANE('',#5486);
#5489=ORIENTED_EDGE('',*,*,#5488,.F.);
#5490=ORIENTED_EDGE('',*,*,#5478,.F.);
#5492=ORIENTED_EDGE('',*,*,#5491,.F.);
#5493=ORIENTED_EDGE('',*,*,#5457,.F.);
#5494=ORIENTED_EDGE('',*,*,#5400,.F.);
#5495=ORIENTED_EDGE('',*,*,#5387,.T.);
#5496=EDGE_LOOP('',(#5489,#5490,#5492,#5493,#5494,#5495));
#5497=FACE_OUTER_BOUND('',#5496,.F.);
#5499=CARTESIAN_POINT('',(2.8E0,1.6E0,-7.E0));
#5500=DIRECTION('',(-1.E0,0.E0,0.E0));
#5501=DIRECTION('',(0.E0,1.E0,0.E0));
#5502=AXIS2_PLACEMENT_3D('',#5499,#5500,#5501);
#5503=PLANE('',#5502);
#5505=ORIENTED_EDGE('',*,*,#5504,.T.);
#5507=ORIENTED_EDGE('',*,*,#5506,.F.);
#5508=ORIENTED_EDGE('',*,*,#5488,.T.);
#5509=ORIENTED_EDGE('',*,*,#5385,.T.);
#5510=EDGE_LOOP('',(#5505,#5507,#5508,#5509));
#5511=FACE_OUTER_BOUND('',#5510,.F.);
#5513=CARTESIAN_POINT('',(2.8E0,2.8E0,-7.E0));
#5514=DIRECTION('',(0.E0,-1.E0,0.E0));
#5515=DIRECTION('',(-1.E0,0.E0,0.E0));
#5516=AXIS2_PLACEMENT_3D('',#5513,#5514,#5515);
#5517=PLANE('',#5516);
#5519=ORIENTED_EDGE('',*,*,#5518,.F.);
#5520=ORIENTED_EDGE('',*,*,#5504,.F.);
#5521=ORIENTED_EDGE('',*,*,#5383,.T.);
#5523=ORIENTED_EDGE('',*,*,#5522,.F.);
#5525=ORIENTED_EDGE('',*,*,#5524,.F.);
#5526=EDGE_LOOP('',(#5519,#5520,#5521,#5523,#5525));
#5527=FACE_OUTER_BOUND('',#5526,.F.);
#5529=CARTESIAN_POINT('',(2.8E0,2.8E0,-7.E0));
#5530=DIRECTION('',(0.E0,-9.922779121060E-1,1.240344514505E-1));
#5531=DIRECTION('',(1.E0,0.E0,0.E0));
#5532=AXIS2_PLACEMENT_3D('',#5529,#5530,#5531);
#5533=PLANE('',#5532);
#5534=ORIENTED_EDGE('',*,*,#5518,.T.);
#5536=ORIENTED_EDGE('',*,*,#5535,.T.);
#5538=ORIENTED_EDGE('',*,*,#5537,.T.);
#5540=ORIENTED_EDGE('',*,*,#5539,.F.);
#5541=EDGE_LOOP('',(#5534,#5536,#5538,#5540));
#5542=FACE_OUTER_BOUND('',#5541,.F.);
#5544=CARTESIAN_POINT('',(1.1E0,1.6E0,-7.E0));
#5545=DIRECTION('',(-9.922779121060E-1,0.E0,-1.240344514505E-1));
#5546=DIRECTION('',(0.E0,1.E0,0.E0));
#5547=AXIS2_PLACEMENT_3D('',#5544,#5545,#5546);
#5548=PLANE('',#5547);
#5549=ORIENTED_EDGE('',*,*,#5535,.F.);
#5551=ORIENTED_EDGE('',*,*,#5550,.T.);
#5552=ORIENTED_EDGE('',*,*,#5476,.T.);
#5554=ORIENTED_EDGE('',*,*,#5553,.T.);
#5555=EDGE_LOOP('',(#5549,#5551,#5552,#5554));
#5556=FACE_OUTER_BOUND('',#5555,.F.);
#5558=CARTESIAN_POINT('',(0.E0,0.E0,-7.E0));
#5559=DIRECTION('',(0.E0,0.E0,1.E0));
#5560=DIRECTION('',(1.E0,0.E0,0.E0));
#5561=AXIS2_PLACEMENT_3D('',#5558,#5559,#5560);
#5562=PLANE('',#5561);
#5563=ORIENTED_EDGE('',*,*,#5414,.T.);
#5565=ORIENTED_EDGE('',*,*,#5564,.T.);
#5566=ORIENTED_EDGE('',*,*,#5491,.T.);
#5567=ORIENTED_EDGE('',*,*,#5550,.F.);
#5568=ORIENTED_EDGE('',*,*,#5524,.T.);
#5570=ORIENTED_EDGE('',*,*,#5569,.T.);
#5572=ORIENTED_EDGE('',*,*,#5571,.T.);
#5574=ORIENTED_EDGE('',*,*,#5573,.T.);
#5575=EDGE_LOOP('',(#5563,#5565,#5566,#5567,#5568,#5570,#5572,#5574));
#5576=FACE_OUTER_BOUND('',#5575,.F.);
#5578=CARTESIAN_POINT('',(0.E0,0.E0,-7.E0));
#5579=DIRECTION('',(0.E0,0.E0,1.E0));
#5580=DIRECTION('',(1.E0,0.E0,0.E0));
#5581=AXIS2_PLACEMENT_3D('',#5578,#5579,#5580);
#5582=PLANE('',#5581);
#5584=ORIENTED_EDGE('',*,*,#5583,.T.);
#5586=ORIENTED_EDGE('',*,*,#5585,.F.);
#5588=ORIENTED_EDGE('',*,*,#5587,.T.);
#5590=ORIENTED_EDGE('',*,*,#5589,.T.);
#5592=ORIENTED_EDGE('',*,*,#5591,.T.);
#5594=ORIENTED_EDGE('',*,*,#5593,.T.);
#5596=ORIENTED_EDGE('',*,*,#5595,.T.);
#5598=ORIENTED_EDGE('',*,*,#5597,.T.);
#5599=EDGE_LOOP('',(#5584,#5586,#5588,#5590,#5592,#5594,#5596,#5598));
#5600=FACE_OUTER_BOUND('',#5599,.F.);
#5602=CARTESIAN_POINT('',(-1.1E0,2.8E0,-7.E0));
#5603=DIRECTION('',(9.922779121060E-1,0.E0,-1.240344514505E-1));
#5604=DIRECTION('',(0.E0,-1.E0,0.E0));
#5605=AXIS2_PLACEMENT_3D('',#5602,#5603,#5604);
#5606=PLANE('',#5605);
#5607=ORIENTED_EDGE('',*,*,#5433,.T.);
#5609=ORIENTED_EDGE('',*,*,#5608,.T.);
#5610=ORIENTED_EDGE('',*,*,#5459,.F.);
#5611=ORIENTED_EDGE('',*,*,#5564,.F.);
#5612=EDGE_LOOP('',(#5607,#5609,#5610,#5611));
#5613=FACE_OUTER_BOUND('',#5612,.F.);
#5615=CARTESIAN_POINT('',(0.E0,0.E0,-7.8E0));
#5616=DIRECTION('',(0.E0,0.E0,-1.E0));
#5617=DIRECTION('',(0.E0,-1.E0,0.E0));
#5618=AXIS2_PLACEMENT_3D('',#5615,#5616,#5617);
#5619=PLANE('',#5618);
#5620=ORIENTED_EDGE('',*,*,#5431,.F.);
#5621=ORIENTED_EDGE('',*,*,#5447,.F.);
#5622=ORIENTED_EDGE('',*,*,#5461,.F.);
#5623=ORIENTED_EDGE('',*,*,#5608,.F.);
#5624=EDGE_LOOP('',(#5620,#5621,#5622,#5623));
#5625=FACE_OUTER_BOUND('',#5624,.F.);
#5627=CARTESIAN_POINT('',(0.E0,0.E0,-7.8E0));
#5628=DIRECTION('',(0.E0,0.E0,-1.E0));
#5629=DIRECTION('',(0.E0,-1.E0,0.E0));
#5630=AXIS2_PLACEMENT_3D('',#5627,#5628,#5629);
#5631=PLANE('',#5630);
#5632=ORIENTED_EDGE('',*,*,#5553,.F.);
#5633=ORIENTED_EDGE('',*,*,#5474,.F.);
#5635=ORIENTED_EDGE('',*,*,#5634,.F.);
#5636=ORIENTED_EDGE('',*,*,#5537,.F.);
#5637=EDGE_LOOP('',(#5632,#5633,#5635,#5636));
#5638=FACE_OUTER_BOUND('',#5637,.F.);
#5640=CARTESIAN_POINT('',(0.E0,0.E0,-7.8E0));
#5641=DIRECTION('',(0.E0,0.E0,-1.E0));
#5642=DIRECTION('',(0.E0,-1.E0,0.E0));
#5643=AXIS2_PLACEMENT_3D('',#5640,#5641,#5642);
#5644=PLANE('',#5643);
#5646=ORIENTED_EDGE('',*,*,#5645,.F.);
#5648=ORIENTED_EDGE('',*,*,#5647,.F.);
#5650=ORIENTED_EDGE('',*,*,#5649,.F.);
#5652=ORIENTED_EDGE('',*,*,#5651,.F.);
#5653=EDGE_LOOP('',(#5646,#5648,#5650,#5652));
#5654=FACE_OUTER_BOUND('',#5653,.F.);
#5656=ORIENTED_EDGE('',*,*,#5655,.T.);
#5658=ORIENTED_EDGE('',*,*,#5657,.T.);
#5659=EDGE_LOOP('',(#5656,#5658));
#5660=FACE_BOUND('',#5659,.F.);
#5662=CARTESIAN_POINT('',(0.E0,0.E0,-7.8E0));
#5663=DIRECTION('',(0.E0,0.E0,-1.E0));
#5664=DIRECTION('',(0.E0,-1.E0,0.E0));
#5665=AXIS2_PLACEMENT_3D('',#5662,#5663,#5664);
#5666=PLANE('',#5665);
#5668=ORIENTED_EDGE('',*,*,#5667,.F.);
#5670=ORIENTED_EDGE('',*,*,#5669,.F.);
#5672=ORIENTED_EDGE('',*,*,#5671,.F.);
#5674=ORIENTED_EDGE('',*,*,#5673,.F.);
#5675=EDGE_LOOP('',(#5668,#5670,#5672,#5674));
#5676=FACE_OUTER_BOUND('',#5675,.F.);
#5678=ORIENTED_EDGE('',*,*,#5677,.T.);
#5680=ORIENTED_EDGE('',*,*,#5679,.T.);
#5681=EDGE_LOOP('',(#5678,#5680));
#5682=FACE_BOUND('',#5681,.F.);
#5684=CARTESIAN_POINT('',(2.8E0,1.6E0,-7.E0));
#5685=DIRECTION('',(-9.922779121060E-1,0.E0,1.240344514505E-1));
#5686=DIRECTION('',(0.E0,-1.E0,0.E0));
#5687=AXIS2_PLACEMENT_3D('',#5684,#5685,#5686);
#5688=PLANE('',#5687);
#5689=ORIENTED_EDGE('',*,*,#5539,.T.);
#5690=ORIENTED_EDGE('',*,*,#5634,.T.);
#5691=ORIENTED_EDGE('',*,*,#5472,.T.);
#5692=ORIENTED_EDGE('',*,*,#5506,.T.);
#5693=EDGE_LOOP('',(#5689,#5690,#5691,#5692));
#5694=FACE_OUTER_BOUND('',#5693,.F.);
#5696=CARTESIAN_POINT('',(2.8E0,-2.8E0,-7.E0));
#5697=DIRECTION('',(-9.922779121060E-1,0.E0,1.240344514505E-1));
#5698=DIRECTION('',(0.E0,-1.E0,0.E0));
#5699=AXIS2_PLACEMENT_3D('',#5696,#5697,#5698);
#5700=PLANE('',#5699);
#5702=ORIENTED_EDGE('',*,*,#5701,.F.);
#5703=ORIENTED_EDGE('',*,*,#5645,.T.);
#5705=ORIENTED_EDGE('',*,*,#5704,.F.);
#5707=ORIENTED_EDGE('',*,*,#5706,.T.);
#5708=EDGE_LOOP('',(#5702,#5703,#5705,#5707));
#5709=FACE_OUTER_BOUND('',#5708,.F.);
#5711=CARTESIAN_POINT('',(2.8E0,-9.E-1,-7.E0));
#5712=DIRECTION('',(0.E0,-9.922779121060E-1,1.240344514505E-1));
#5713=DIRECTION('',(1.E0,0.E0,0.E0));
#5714=AXIS2_PLACEMENT_3D('',#5711,#5712,#5713);
#5715=PLANE('',#5714);
#5717=ORIENTED_EDGE('',*,*,#5716,.T.);
#5719=ORIENTED_EDGE('',*,*,#5718,.T.);
#5720=ORIENTED_EDGE('',*,*,#5647,.T.);
#5721=ORIENTED_EDGE('',*,*,#5701,.T.);
#5722=EDGE_LOOP('',(#5717,#5719,#5720,#5721));
#5723=FACE_OUTER_BOUND('',#5722,.F.);
#5725=CARTESIAN_POINT('',(2.8E0,-9.E-1,-7.E0));
#5726=DIRECTION('',(0.E0,-9.922779121060E-1,1.240344514505E-1));
#5727=DIRECTION('',(1.E0,0.E0,0.E0));
#5728=AXIS2_PLACEMENT_3D('',#5725,#5726,#5727);
#5729=PLANE('',#5728);
#5731=ORIENTED_EDGE('',*,*,#5730,.F.);
#5732=ORIENTED_EDGE('',*,*,#5669,.T.);
#5734=ORIENTED_EDGE('',*,*,#5733,.F.);
#5736=ORIENTED_EDGE('',*,*,#5735,.T.);
#5737=EDGE_LOOP('',(#5731,#5732,#5734,#5736));
#5738=FACE_OUTER_BOUND('',#5737,.F.);
#5740=CARTESIAN_POINT('',(2.8E0,-9.E-1,-7.E0));
#5741=DIRECTION('',(0.E0,-1.E0,0.E0));
#5742=DIRECTION('',(-1.E0,0.E0,0.E0));
#5743=AXIS2_PLACEMENT_3D('',#5740,#5741,#5742);
#5744=PLANE('',#5743);
#5746=ORIENTED_EDGE('',*,*,#5745,.F.);
#5747=ORIENTED_EDGE('',*,*,#5735,.F.);
#5748=ORIENTED_EDGE('',*,*,#5583,.F.);
#5749=ORIENTED_EDGE('',*,*,#5716,.F.);
#5751=ORIENTED_EDGE('',*,*,#5750,.T.);
#5752=ORIENTED_EDGE('',*,*,#5359,.T.);
#5753=EDGE_LOOP('',(#5746,#5747,#5748,#5749,#5751,#5752));
#5754=FACE_OUTER_BOUND('',#5753,.F.);
#5756=CARTESIAN_POINT('',(-2.8E0,-9.E-1,-7.E0));
#5757=DIRECTION('',(1.E0,0.E0,0.E0));
#5758=DIRECTION('',(0.E0,-1.E0,0.E0));
#5759=AXIS2_PLACEMENT_3D('',#5756,#5757,#5758);
#5760=PLANE('',#5759);
#5762=ORIENTED_EDGE('',*,*,#5761,.F.);
#5763=ORIENTED_EDGE('',*,*,#5745,.T.);
#5764=ORIENTED_EDGE('',*,*,#5357,.T.);
#5766=ORIENTED_EDGE('',*,*,#5765,.T.);
#5767=EDGE_LOOP('',(#5762,#5763,#5764,#5766));
#5768=FACE_OUTER_BOUND('',#5767,.F.);
#5770=CARTESIAN_POINT('',(-2.8E0,-9.E-1,-7.E0));
#5771=DIRECTION('',(9.922779121060E-1,0.E0,1.240344514505E-1));
#5772=DIRECTION('',(0.E0,1.E0,0.E0));
#5773=AXIS2_PLACEMENT_3D('',#5770,#5771,#5772);
#5774=PLANE('',#5773);
#5775=ORIENTED_EDGE('',*,*,#5761,.T.);
#5777=ORIENTED_EDGE('',*,*,#5776,.T.);
#5778=ORIENTED_EDGE('',*,*,#5671,.T.);
#5779=ORIENTED_EDGE('',*,*,#5730,.T.);
#5780=EDGE_LOOP('',(#5775,#5777,#5778,#5779));
#5781=FACE_OUTER_BOUND('',#5780,.F.);
#5783=CARTESIAN_POINT('',(-2.8E0,-2.8E0,-7.E0));
#5784=DIRECTION('',(0.E0,9.922779121060E-1,1.240344514505E-1));
#5785=DIRECTION('',(-1.E0,0.E0,0.E0));
#5786=AXIS2_PLACEMENT_3D('',#5783,#5784,#5785);
#5787=PLANE('',#5786);
#5788=ORIENTED_EDGE('',*,*,#5776,.F.);
#5790=ORIENTED_EDGE('',*,*,#5789,.T.);
#5792=ORIENTED_EDGE('',*,*,#5791,.T.);
#5793=ORIENTED_EDGE('',*,*,#5673,.T.);
#5794=EDGE_LOOP('',(#5788,#5790,#5792,#5793));
#5795=FACE_OUTER_BOUND('',#5794,.F.);
#5797=CARTESIAN_POINT('',(-2.8E0,-2.8E0,-7.E0));
#5798=DIRECTION('',(0.E0,1.E0,0.E0));
#5799=DIRECTION('',(1.E0,0.E0,0.E0));
#5800=AXIS2_PLACEMENT_3D('',#5797,#5798,#5799);
#5801=PLANE('',#5800);
#5802=ORIENTED_EDGE('',*,*,#5765,.F.);
#5803=ORIENTED_EDGE('',*,*,#5355,.T.);
#5805=ORIENTED_EDGE('',*,*,#5804,.F.);
#5806=ORIENTED_EDGE('',*,*,#5587,.F.);
#5807=ORIENTED_EDGE('',*,*,#5789,.F.);
#5808=EDGE_LOOP('',(#5802,#5803,#5805,#5806,#5807));
#5809=FACE_OUTER_BOUND('',#5808,.F.);
#5811=CARTESIAN_POINT('',(-7.5E-1,-2.8E0,-7.E0));
#5812=DIRECTION('',(-1.E0,0.E0,0.E0));
#5813=DIRECTION('',(0.E0,1.E0,0.E0));
#5814=AXIS2_PLACEMENT_3D('',#5811,#5812,#5813);
#5815=PLANE('',#5814);
#5816=ORIENTED_EDGE('',*,*,#5804,.T.);
#5817=ORIENTED_EDGE('',*,*,#5369,.T.);
#5819=ORIENTED_EDGE('',*,*,#5818,.F.);
#5820=ORIENTED_EDGE('',*,*,#5589,.F.);
#5821=EDGE_LOOP('',(#5816,#5817,#5819,#5820));
#5822=FACE_OUTER_BOUND('',#5821,.F.);
#5824=CARTESIAN_POINT('',(-7.5E-1,-2.15E0,-7.E0));
#5825=DIRECTION('',(0.E0,1.E0,0.E0));
#5826=DIRECTION('',(1.E0,0.E0,0.E0));
#5827=AXIS2_PLACEMENT_3D('',#5824,#5825,#5826);
#5828=PLANE('',#5827);
#5829=ORIENTED_EDGE('',*,*,#5818,.T.);
#5830=ORIENTED_EDGE('',*,*,#5367,.T.);
#5832=ORIENTED_EDGE('',*,*,#5831,.F.);
#5833=ORIENTED_EDGE('',*,*,#5591,.F.);
#5834=EDGE_LOOP('',(#5829,#5830,#5832,#5833));
#5835=FACE_OUTER_BOUND('',#5834,.F.);
#5837=CARTESIAN_POINT('',(7.5E-1,-2.15E0,-7.E0));
#5838=DIRECTION('',(1.E0,0.E0,0.E0));
#5839=DIRECTION('',(0.E0,-1.E0,0.E0));
#5840=AXIS2_PLACEMENT_3D('',#5837,#5838,#5839);
#5841=PLANE('',#5840);
#5842=ORIENTED_EDGE('',*,*,#5831,.T.);
#5843=ORIENTED_EDGE('',*,*,#5365,.T.);
#5845=ORIENTED_EDGE('',*,*,#5844,.F.);
#5846=ORIENTED_EDGE('',*,*,#5593,.F.);
#5847=EDGE_LOOP('',(#5842,#5843,#5845,#5846));
#5848=FACE_OUTER_BOUND('',#5847,.F.);
#5850=CARTESIAN_POINT('',(7.5E-1,-2.8E0,-7.E0));
#5851=DIRECTION('',(0.E0,1.E0,0.E0));
#5852=DIRECTION('',(1.E0,0.E0,0.E0));
#5853=AXIS2_PLACEMENT_3D('',#5850,#5851,#5852);
#5854=PLANE('',#5853);
#5856=ORIENTED_EDGE('',*,*,#5855,.T.);
#5858=ORIENTED_EDGE('',*,*,#5857,.F.);
#5859=ORIENTED_EDGE('',*,*,#5595,.F.);
#5860=ORIENTED_EDGE('',*,*,#5844,.T.);
#5861=ORIENTED_EDGE('',*,*,#5363,.T.);
#5862=EDGE_LOOP('',(#5856,#5858,#5859,#5860,#5861));
#5863=FACE_OUTER_BOUND('',#5862,.F.);
#5865=CARTESIAN_POINT('',(2.8E0,-2.8E0,-7.E0));
#5866=DIRECTION('',(-1.E0,0.E0,0.E0));
#5867=DIRECTION('',(0.E0,1.E0,0.E0));
#5868=AXIS2_PLACEMENT_3D('',#5865,#5866,#5867);
#5869=PLANE('',#5868);
#5870=ORIENTED_EDGE('',*,*,#5750,.F.);
#5871=ORIENTED_EDGE('',*,*,#5706,.F.);
#5872=ORIENTED_EDGE('',*,*,#5855,.F.);
#5873=ORIENTED_EDGE('',*,*,#5361,.T.);
#5874=EDGE_LOOP('',(#5870,#5871,#5872,#5873));
#5875=FACE_OUTER_BOUND('',#5874,.F.);
#5877=CARTESIAN_POINT('',(7.5E-1,-2.8E0,-7.E0));
#5878=DIRECTION('',(0.E0,9.922779121060E-1,1.240344514505E-1));
#5879=DIRECTION('',(-1.E0,0.E0,0.E0));
#5880=AXIS2_PLACEMENT_3D('',#5877,#5878,#5879);
#5881=PLANE('',#5880);
#5882=ORIENTED_EDGE('',*,*,#5704,.T.);
#5883=ORIENTED_EDGE('',*,*,#5651,.T.);
#5885=ORIENTED_EDGE('',*,*,#5884,.F.);
#5886=ORIENTED_EDGE('',*,*,#5857,.T.);
#5887=EDGE_LOOP('',(#5882,#5883,#5885,#5886));
#5888=FACE_OUTER_BOUND('',#5887,.F.);
#5890=CARTESIAN_POINT('',(1.1E0,-2.8E0,-7.E0));
#5891=DIRECTION('',(-9.922779121060E-1,0.E0,-1.240344514505E-1));
#5892=DIRECTION('',(0.E0,1.E0,0.E0));
#5893=AXIS2_PLACEMENT_3D('',#5890,#5891,#5892);
#5894=PLANE('',#5893);
#5895=ORIENTED_EDGE('',*,*,#5718,.F.);
#5896=ORIENTED_EDGE('',*,*,#5597,.F.);
#5897=ORIENTED_EDGE('',*,*,#5884,.T.);
#5898=ORIENTED_EDGE('',*,*,#5649,.T.);
#5899=EDGE_LOOP('',(#5895,#5896,#5897,#5898));
#5900=FACE_OUTER_BOUND('',#5899,.F.);
#5902=CARTESIAN_POINT('',(-1.1E0,-9.E-1,-7.E0));
#5903=DIRECTION('',(9.922779121060E-1,0.E0,-1.240344514505E-1));
#5904=DIRECTION('',(0.E0,-1.E0,0.E0));
#5905=AXIS2_PLACEMENT_3D('',#5902,#5903,#5904);
#5906=PLANE('',#5905);
#5907=ORIENTED_EDGE('',*,*,#5733,.T.);
#5908=ORIENTED_EDGE('',*,*,#5667,.T.);
#5909=ORIENTED_EDGE('',*,*,#5791,.F.);
#5910=ORIENTED_EDGE('',*,*,#5585,.T.);
#5911=EDGE_LOOP('',(#5907,#5908,#5909,#5910));
#5912=FACE_OUTER_BOUND('',#5911,.F.);
#5914=CARTESIAN_POINT('',(2.1E0,-1.85E0,-7.8E0));
#5915=DIRECTION('',(0.E0,0.E0,-1.E0));
#5916=DIRECTION('',(-1.E0,0.E0,0.E0));
#5917=AXIS2_PLACEMENT_3D('',#5914,#5915,#5916);
#5918=CYLINDRICAL_SURFACE('',#5917,4.E-1);
#5920=ORIENTED_EDGE('',*,*,#5919,.T.);
#5922=ORIENTED_EDGE('',*,*,#5921,.F.);
#5923=ORIENTED_EDGE('',*,*,#5655,.F.);
#5925=ORIENTED_EDGE('',*,*,#5924,.T.);
#5926=EDGE_LOOP('',(#5920,#5922,#5923,#5925));
#5927=FACE_OUTER_BOUND('',#5926,.F.);
#5929=CARTESIAN_POINT('',(2.1E0,-1.85E0,-8.250000000120E0));
#5930=DIRECTION('',(0.E0,0.E0,1.E0));
#5931=DIRECTION('',(0.E0,-1.E0,0.E0));
#5932=AXIS2_PLACEMENT_3D('',#5929,#5930,#5931);
#5933=CONICAL_SURFACE('',#5932,3.499999998801E-1,4.5E1);
#5935=ORIENTED_EDGE('',*,*,#5934,.T.);
#5937=ORIENTED_EDGE('',*,*,#5936,.T.);
#5938=ORIENTED_EDGE('',*,*,#5919,.F.);
#5940=ORIENTED_EDGE('',*,*,#5939,.F.);
#5941=EDGE_LOOP('',(#5935,#5937,#5938,#5940));
#5942=FACE_OUTER_BOUND('',#5941,.F.);
#5944=CARTESIAN_POINT('',(0.E0,0.E0,-8.3E0));
#5945=DIRECTION('',(0.E0,0.E0,-1.E0));
#5946=DIRECTION('',(-1.E0,0.E0,0.E0));
#5947=AXIS2_PLACEMENT_3D('',#5944,#5945,#5946);
#5948=PLANE('',#5947);
#5949=ORIENTED_EDGE('',*,*,#5934,.F.);
#5951=ORIENTED_EDGE('',*,*,#5950,.F.);
#5952=EDGE_LOOP('',(#5949,#5951));
#5953=FACE_OUTER_BOUND('',#5952,.F.);
#5955=CARTESIAN_POINT('',(0.E0,0.E0,-8.3E0));
#5956=DIRECTION('',(0.E0,0.E0,-1.E0));
#5957=DIRECTION('',(-1.E0,0.E0,0.E0));
#5958=AXIS2_PLACEMENT_3D('',#5955,#5956,#5957);
#5959=PLANE('',#5958);
#5961=ORIENTED_EDGE('',*,*,#5960,.F.);
#5963=ORIENTED_EDGE('',*,*,#5962,.F.);
#5964=EDGE_LOOP('',(#5961,#5963));
#5965=FACE_OUTER_BOUND('',#5964,.F.);
#5967=CARTESIAN_POINT('',(2.1E0,-1.85E0,-8.250000000120E0));
#5968=DIRECTION('',(0.E0,0.E0,1.E0));
#5969=DIRECTION('',(0.E0,-1.E0,0.E0));
#5970=AXIS2_PLACEMENT_3D('',#5967,#5968,#5969);
#5971=CONICAL_SURFACE('',#5970,3.499999998801E-1,4.5E1);
#5972=ORIENTED_EDGE('',*,*,#5950,.T.);
#5973=ORIENTED_EDGE('',*,*,#5939,.T.);
#5975=ORIENTED_EDGE('',*,*,#5974,.F.);
#5976=ORIENTED_EDGE('',*,*,#5936,.F.);
#5977=EDGE_LOOP('',(#5972,#5973,#5975,#5976));
#5978=FACE_OUTER_BOUND('',#5977,.F.);
#5980=CARTESIAN_POINT('',(2.1E0,-1.85E0,-7.8E0));
#5981=DIRECTION('',(0.E0,0.E0,-1.E0));
#5982=DIRECTION('',(-1.E0,0.E0,0.E0));
#5983=AXIS2_PLACEMENT_3D('',#5980,#5981,#5982);
#5984=CYLINDRICAL_SURFACE('',#5983,4.E-1);
#5985=ORIENTED_EDGE('',*,*,#5974,.T.);
#5986=ORIENTED_EDGE('',*,*,#5924,.F.);
#5987=ORIENTED_EDGE('',*,*,#5657,.F.);
#5988=ORIENTED_EDGE('',*,*,#5921,.T.);
#5989=EDGE_LOOP('',(#5985,#5986,#5987,#5988));
#5990=FACE_OUTER_BOUND('',#5989,.F.);
#5992=CARTESIAN_POINT('',(-2.1E0,-1.85E0,-8.250000000120E0));
#5993=DIRECTION('',(0.E0,0.E0,1.E0));
#5994=DIRECTION('',(0.E0,-1.E0,0.E0));
#5995=AXIS2_PLACEMENT_3D('',#5992,#5993,#5994);
#5996=CONICAL_SURFACE('',#5995,3.499999998801E-1,4.5E1);
#5997=ORIENTED_EDGE('',*,*,#5960,.T.);
#5999=ORIENTED_EDGE('',*,*,#5998,.T.);
#6001=ORIENTED_EDGE('',*,*,#6000,.F.);
#6003=ORIENTED_EDGE('',*,*,#6002,.F.);
#6004=EDGE_LOOP('',(#5997,#5999,#6001,#6003));
#6005=FACE_OUTER_BOUND('',#6004,.F.);
#6007=CARTESIAN_POINT('',(-2.1E0,-1.85E0,-8.250000000120E0));
#6008=DIRECTION('',(0.E0,0.E0,1.E0));
#6009=DIRECTION('',(0.E0,-1.E0,0.E0));
#6010=AXIS2_PLACEMENT_3D('',#6007,#6008,#6009);
#6011=CONICAL_SURFACE('',#6010,3.499999998801E-1,4.5E1);
#6012=ORIENTED_EDGE('',*,*,#5962,.T.);
#6013=ORIENTED_EDGE('',*,*,#6002,.T.);
#6015=ORIENTED_EDGE('',*,*,#6014,.F.);
#6016=ORIENTED_EDGE('',*,*,#5998,.F.);
#6017=EDGE_LOOP('',(#6012,#6013,#6015,#6016));
#6018=FACE_OUTER_BOUND('',#6017,.F.);
#6020=CARTESIAN_POINT('',(-2.1E0,-1.85E0,-7.8E0));
#6021=DIRECTION('',(0.E0,0.E0,-1.E0));
#6022=DIRECTION('',(-1.E0,0.E0,0.E0));
#6023=AXIS2_PLACEMENT_3D('',#6020,#6021,#6022);
#6024=CYLINDRICAL_SURFACE('',#6023,4.E-1);
#6025=ORIENTED_EDGE('',*,*,#6014,.T.);
#6027=ORIENTED_EDGE('',*,*,#6026,.F.);
#6028=ORIENTED_EDGE('',*,*,#5679,.F.);
#6030=ORIENTED_EDGE('',*,*,#6029,.T.);
#6031=EDGE_LOOP('',(#6025,#6027,#6028,#6030));
#6032=FACE_OUTER_BOUND('',#6031,.F.);
#6034=CARTESIAN_POINT('',(-2.1E0,-1.85E0,-7.8E0));
#6035=DIRECTION('',(0.E0,0.E0,-1.E0));
#6036=DIRECTION('',(-1.E0,0.E0,0.E0));
#6037=AXIS2_PLACEMENT_3D('',#6034,#6035,#6036);
#6038=CYLINDRICAL_SURFACE('',#6037,4.E-1);
#6039=ORIENTED_EDGE('',*,*,#6000,.T.);
#6040=ORIENTED_EDGE('',*,*,#6029,.F.);
#6041=ORIENTED_EDGE('',*,*,#5677,.F.);
#6042=ORIENTED_EDGE('',*,*,#6026,.T.);
#6043=EDGE_LOOP('',(#6039,#6040,#6041,#6042));
#6044=FACE_OUTER_BOUND('',#6043,.F.);
#6046=CARTESIAN_POINT('',(7.5E-1,2.8E0,-7.E0));
#6047=DIRECTION('',(1.E0,0.E0,0.E0));
#6048=DIRECTION('',(0.E0,-1.E0,0.E0));
#6049=AXIS2_PLACEMENT_3D('',#6046,#6047,#6048);
#6050=PLANE('',#6049);
#6051=ORIENTED_EDGE('',*,*,#5522,.T.);
#6052=ORIENTED_EDGE('',*,*,#5381,.T.);
#6054=ORIENTED_EDGE('',*,*,#6053,.F.);
#6055=ORIENTED_EDGE('',*,*,#5569,.F.);
#6056=EDGE_LOOP('',(#6051,#6052,#6054,#6055));
#6057=FACE_OUTER_BOUND('',#6056,.F.);
#6059=CARTESIAN_POINT('',(7.5E-1,2.15E0,-7.E0));
#6060=DIRECTION('',(0.E0,-1.E0,0.E0));
#6061=DIRECTION('',(-1.E0,0.E0,0.E0));
#6062=AXIS2_PLACEMENT_3D('',#6059,#6060,#6061);
#6063=PLANE('',#6062);
#6064=ORIENTED_EDGE('',*,*,#6053,.T.);
#6065=ORIENTED_EDGE('',*,*,#5379,.T.);
#6067=ORIENTED_EDGE('',*,*,#6066,.F.);
#6068=ORIENTED_EDGE('',*,*,#5571,.F.);
#6069=EDGE_LOOP('',(#6064,#6065,#6067,#6068));
#6070=FACE_OUTER_BOUND('',#6069,.F.);
#6072=CARTESIAN_POINT('',(-7.5E-1,2.15E0,-7.E0));
#6073=DIRECTION('',(-1.E0,0.E0,0.E0));
#6074=DIRECTION('',(0.E0,1.E0,0.E0));
#6075=AXIS2_PLACEMENT_3D('',#6072,#6073,#6074);
#6076=PLANE('',#6075);
#6077=ORIENTED_EDGE('',*,*,#6066,.T.);
#6078=ORIENTED_EDGE('',*,*,#5377,.T.);
#6079=ORIENTED_EDGE('',*,*,#5416,.F.);
#6080=ORIENTED_EDGE('',*,*,#5573,.F.);
#6081=EDGE_LOOP('',(#6077,#6078,#6079,#6080));
#6082=FACE_OUTER_BOUND('',#6081,.F.);
#6084=CARTESIAN_POINT('',(-2.5E-1,0.E0,0.E0));
#6085=DIRECTION('',(1.E0,0.E0,0.E0));
#6086=DIRECTION('',(0.E0,1.E0,0.E0));
#6087=AXIS2_PLACEMENT_3D('',#6084,#6085,#6086);
#6088=PLANE('',#6087);
#6090=ORIENTED_EDGE('',*,*,#6089,.F.);
#6092=ORIENTED_EDGE('',*,*,#6091,.T.);
#6094=ORIENTED_EDGE('',*,*,#6093,.T.);
#6096=ORIENTED_EDGE('',*,*,#6095,.T.);
#6098=ORIENTED_EDGE('',*,*,#6097,.T.);
#6100=ORIENTED_EDGE('',*,*,#6099,.T.);
#6102=ORIENTED_EDGE('',*,*,#6101,.T.);
#6104=ORIENTED_EDGE('',*,*,#6103,.T.);
#6106=ORIENTED_EDGE('',*,*,#6105,.F.);
#6108=ORIENTED_EDGE('',*,*,#6107,.T.);
#6109=EDGE_LOOP('',(#6090,#6092,#6094,#6096,#6098,#6100,#6102,#6104,#6106,
#6108));
#6110=FACE_OUTER_BOUND('',#6109,.F.);
#6112=CARTESIAN_POINT('',(-2.5E-1,0.E0,0.E0));
#6113=DIRECTION('',(1.E0,0.E0,0.E0));
#6114=DIRECTION('',(0.E0,1.E0,0.E0));
#6115=AXIS2_PLACEMENT_3D('',#6112,#6113,#6114);
#6116=PLANE('',#6115);
#6118=ORIENTED_EDGE('',*,*,#6117,.F.);
#6120=ORIENTED_EDGE('',*,*,#6119,.T.);
#6121=ORIENTED_EDGE('',*,*,#5332,.F.);
#6123=ORIENTED_EDGE('',*,*,#6122,.T.);
#6125=ORIENTED_EDGE('',*,*,#6124,.T.);
#6127=ORIENTED_EDGE('',*,*,#6126,.F.);
#6129=ORIENTED_EDGE('',*,*,#6128,.T.);
#6131=ORIENTED_EDGE('',*,*,#6130,.T.);
#6133=ORIENTED_EDGE('',*,*,#6132,.T.);
#6135=ORIENTED_EDGE('',*,*,#6134,.T.);
#6137=ORIENTED_EDGE('',*,*,#6136,.T.);
#6139=ORIENTED_EDGE('',*,*,#6138,.T.);
#6141=ORIENTED_EDGE('',*,*,#6140,.T.);
#6142=EDGE_LOOP('',(#6118,#6120,#6121,#6123,#6125,#6127,#6129,#6131,#6133,#6135,
#6137,#6139,#6141));
#6143=FACE_OUTER_BOUND('',#6142,.F.);
#6145=CARTESIAN_POINT('',(0.E0,0.E0,-2.7E0));
#6146=DIRECTION('',(0.E0,0.E0,1.E0));
#6147=DIRECTION('',(0.E0,1.E0,0.E0));
#6148=AXIS2_PLACEMENT_3D('',#6145,#6146,#6147);
#6149=PLANE('',#6148);
#6151=ORIENTED_EDGE('',*,*,#6150,.F.);
#6152=ORIENTED_EDGE('',*,*,#4379,.T.);
#6154=ORIENTED_EDGE('',*,*,#6153,.F.);
#6156=ORIENTED_EDGE('',*,*,#6155,.F.);
#6157=EDGE_LOOP('',(#6151,#6152,#6154,#6156));
#6158=FACE_OUTER_BOUND('',#6157,.F.);
#6160=CARTESIAN_POINT('',(0.E0,0.E0,-2.7E0));
#6161=DIRECTION('',(0.E0,0.E0,1.E0));
#6162=DIRECTION('',(0.E0,1.E0,0.E0));
#6163=AXIS2_PLACEMENT_3D('',#6160,#6161,#6162);
#6164=PLANE('',#6163);
#6166=ORIENTED_EDGE('',*,*,#6165,.T.);
#6168=ORIENTED_EDGE('',*,*,#6167,.F.);
#6169=ORIENTED_EDGE('',*,*,#4353,.F.);
#6170=ORIENTED_EDGE('',*,*,#4366,.T.);
#6171=EDGE_LOOP('',(#6166,#6168,#6169,#6170));
#6172=FACE_OUTER_BOUND('',#6171,.F.);
#6174=CARTESIAN_POINT('',(0.E0,0.E0,-2.7E0));
#6175=DIRECTION('',(0.E0,0.E0,1.E0));
#6176=DIRECTION('',(0.E0,1.E0,0.E0));
#6177=AXIS2_PLACEMENT_3D('',#6174,#6175,#6176);
#6178=PLANE('',#6177);
#6179=ORIENTED_EDGE('',*,*,#6089,.T.);
#6181=ORIENTED_EDGE('',*,*,#6180,.T.);
#6183=ORIENTED_EDGE('',*,*,#6182,.F.);
#6184=ORIENTED_EDGE('',*,*,#5017,.F.);
#6185=EDGE_LOOP('',(#6179,#6181,#6183,#6184));
#6186=FACE_OUTER_BOUND('',#6185,.F.);
#6188=CARTESIAN_POINT('',(0.E0,0.E0,-2.7E0));
#6189=DIRECTION('',(0.E0,0.E0,1.E0));
#6190=DIRECTION('',(0.E0,1.E0,0.E0));
#6191=AXIS2_PLACEMENT_3D('',#6188,#6189,#6190);
#6192=PLANE('',#6191);
#6194=ORIENTED_EDGE('',*,*,#6193,.F.);
#6195=ORIENTED_EDGE('',*,*,#5029,.F.);
#6197=ORIENTED_EDGE('',*,*,#6196,.F.);
#6199=ORIENTED_EDGE('',*,*,#6198,.T.);
#6200=EDGE_LOOP('',(#6194,#6195,#6197,#6199));
#6201=FACE_OUTER_BOUND('',#6200,.F.);
#6203=CARTESIAN_POINT('',(-2.E-1,0.E0,0.E0));
#6204=DIRECTION('',(1.E0,0.E0,0.E0));
#6205=DIRECTION('',(0.E0,1.E0,0.E0));
#6206=AXIS2_PLACEMENT_3D('',#6203,#6204,#6205);
#6207=PLANE('',#6206);
#6208=ORIENTED_EDGE('',*,*,#6150,.T.);
#6210=ORIENTED_EDGE('',*,*,#6209,.T.);
#6212=ORIENTED_EDGE('',*,*,#6211,.T.);
#6214=ORIENTED_EDGE('',*,*,#6213,.T.);
#6216=ORIENTED_EDGE('',*,*,#6215,.T.);
#6218=ORIENTED_EDGE('',*,*,#6217,.T.);
#6220=ORIENTED_EDGE('',*,*,#6219,.F.);
#6222=ORIENTED_EDGE('',*,*,#6221,.T.);
#6224=ORIENTED_EDGE('',*,*,#6223,.T.);
#6226=ORIENTED_EDGE('',*,*,#6225,.T.);
#6227=EDGE_LOOP('',(#6208,#6210,#6212,#6214,#6216,#6218,#6220,#6222,#6224,
#6226));
#6228=FACE_OUTER_BOUND('',#6227,.F.);
#6230=CARTESIAN_POINT('',(-2.E-1,0.E0,0.E0));
#6231=DIRECTION('',(1.E0,0.E0,0.E0));
#6232=DIRECTION('',(0.E0,1.E0,0.E0));
#6233=AXIS2_PLACEMENT_3D('',#6230,#6231,#6232);
#6234=PLANE('',#6233);
#6236=ORIENTED_EDGE('',*,*,#6235,.F.);
#6238=ORIENTED_EDGE('',*,*,#6237,.T.);
#6240=ORIENTED_EDGE('',*,*,#6239,.T.);
#6242=ORIENTED_EDGE('',*,*,#6241,.T.);
#6244=ORIENTED_EDGE('',*,*,#6243,.T.);
#6246=ORIENTED_EDGE('',*,*,#6245,.T.);
#6248=ORIENTED_EDGE('',*,*,#6247,.T.);
#6250=ORIENTED_EDGE('',*,*,#6249,.T.);
#6252=ORIENTED_EDGE('',*,*,#6251,.F.);
#6254=ORIENTED_EDGE('',*,*,#6253,.T.);
#6256=ORIENTED_EDGE('',*,*,#6255,.T.);
#6257=ORIENTED_EDGE('',*,*,#5338,.F.);
#6259=ORIENTED_EDGE('',*,*,#6258,.T.);
#6260=EDGE_LOOP('',(#6236,#6238,#6240,#6242,#6244,#6246,#6248,#6250,#6252,#6254,
#6256,#6257,#6259));
#6261=FACE_OUTER_BOUND('',#6260,.F.);
#6263=CARTESIAN_POINT('',(-2.E-1,-2.3E0,-2.7E0));
#6264=DIRECTION('',(0.E0,0.E0,-1.E0));
#6265=DIRECTION('',(0.E0,1.E0,0.E0));
#6266=AXIS2_PLACEMENT_3D('',#6263,#6264,#6265);
#6267=PLANE('',#6266);
#6268=ORIENTED_EDGE('',*,*,#4381,.F.);
#6269=ORIENTED_EDGE('',*,*,#6225,.F.);
#6271=ORIENTED_EDGE('',*,*,#6270,.T.);
#6273=ORIENTED_EDGE('',*,*,#6272,.T.);
#6274=EDGE_LOOP('',(#6268,#6269,#6271,#6273));
#6275=FACE_OUTER_BOUND('',#6274,.F.);
#6277=CARTESIAN_POINT('',(-2.E-1,-2.3E0,-2.7E0));
#6278=DIRECTION('',(0.E0,0.E0,-1.E0));
#6279=DIRECTION('',(0.E0,1.E0,0.E0));
#6280=AXIS2_PLACEMENT_3D('',#6277,#6278,#6279);
#6281=PLANE('',#6280);
#6283=ORIENTED_EDGE('',*,*,#6282,.T.);
#6285=ORIENTED_EDGE('',*,*,#6284,.T.);
#6287=ORIENTED_EDGE('',*,*,#6286,.F.);
#6288=ORIENTED_EDGE('',*,*,#6209,.F.);
#6289=EDGE_LOOP('',(#6283,#6285,#6287,#6288));
#6290=FACE_OUTER_BOUND('',#6289,.F.);
#6292=CARTESIAN_POINT('',(-2.E-1,-2.3E0,-2.8E0));
#6293=DIRECTION('',(1.E0,0.E0,0.E0));
#6294=DIRECTION('',(0.E0,1.E0,0.E0));
#6295=AXIS2_PLACEMENT_3D('',#6292,#6293,#6294);
#6296=CYLINDRICAL_SURFACE('',#6295,1.E-1);
#6297=ORIENTED_EDGE('',*,*,#6223,.F.);
#6299=ORIENTED_EDGE('',*,*,#6298,.T.);
#6301=ORIENTED_EDGE('',*,*,#6300,.T.);
#6302=ORIENTED_EDGE('',*,*,#6270,.F.);
#6303=EDGE_LOOP('',(#6297,#6299,#6301,#6302));
#6304=FACE_OUTER_BOUND('',#6303,.F.);
#6306=CARTESIAN_POINT('',(-2.E-1,-2.4E0,-5.7E0));
#6307=DIRECTION('',(0.E0,1.E0,0.E0));
#6308=DIRECTION('',(0.E0,0.E0,1.E0));
#6309=AXIS2_PLACEMENT_3D('',#6306,#6307,#6308);
#6310=PLANE('',#6309);
#6312=ORIENTED_EDGE('',*,*,#6311,.T.);
#6314=ORIENTED_EDGE('',*,*,#6313,.T.);
#6315=ORIENTED_EDGE('',*,*,#6298,.F.);
#6316=ORIENTED_EDGE('',*,*,#6221,.F.);
#6317=EDGE_LOOP('',(#6312,#6314,#6315,#6316));
#6318=FACE_OUTER_BOUND('',#6317,.F.);
#6320=CARTESIAN_POINT('',(-5.5E-1,-3.05E0,-5.7E0));
#6321=DIRECTION('',(0.E0,0.E0,-1.E0));
#6322=DIRECTION('',(0.E0,1.E0,0.E0));
#6323=AXIS2_PLACEMENT_3D('',#6320,#6321,#6322);
#6324=PLANE('',#6323);
#6326=ORIENTED_EDGE('',*,*,#6325,.T.);
#6328=ORIENTED_EDGE('',*,*,#6327,.T.);
#6330=ORIENTED_EDGE('',*,*,#6329,.F.);
#6332=ORIENTED_EDGE('',*,*,#6331,.F.);
#6333=EDGE_LOOP('',(#6326,#6328,#6330,#6332));
#6334=FACE_OUTER_BOUND('',#6333,.F.);
#6335=ORIENTED_EDGE('',*,*,#6219,.T.);
#6337=ORIENTED_EDGE('',*,*,#6336,.T.);
#6339=ORIENTED_EDGE('',*,*,#6338,.F.);
#6340=ORIENTED_EDGE('',*,*,#6311,.F.);
#6341=EDGE_LOOP('',(#6335,#6337,#6339,#6340));
#6342=FACE_BOUND('',#6341,.F.);
#6344=CARTESIAN_POINT('',(-5.5E-1,0.E0,0.E0));
#6345=DIRECTION('',(1.E0,0.E0,0.E0));
#6346=DIRECTION('',(0.E0,1.E0,0.E0));
#6347=AXIS2_PLACEMENT_3D('',#6344,#6345,#6346);
#6348=PLANE('',#6347);
#6349=ORIENTED_EDGE('',*,*,#6325,.F.);
#6351=ORIENTED_EDGE('',*,*,#6350,.F.);
#6352=ORIENTED_EDGE('',*,*,#4875,.T.);
#6354=ORIENTED_EDGE('',*,*,#6353,.F.);
#6355=EDGE_LOOP('',(#6349,#6351,#6352,#6354));
#6356=FACE_OUTER_BOUND('',#6355,.F.);
#6358=CARTESIAN_POINT('',(-5.5E-1,0.E0,0.E0));
#6359=DIRECTION('',(1.E0,0.E0,0.E0));
#6360=DIRECTION('',(0.E0,1.E0,0.E0));
#6361=AXIS2_PLACEMENT_3D('',#6358,#6359,#6360);
#6362=PLANE('',#6361);
#6364=ORIENTED_EDGE('',*,*,#6363,.F.);
#6365=ORIENTED_EDGE('',*,*,#4852,.T.);
#6366=ORIENTED_EDGE('',*,*,#5174,.T.);
#6368=ORIENTED_EDGE('',*,*,#6367,.F.);
#6369=EDGE_LOOP('',(#6364,#6365,#6366,#6368));
#6370=FACE_OUTER_BOUND('',#6369,.F.);
#6372=CARTESIAN_POINT('',(3.05E0,-3.05E0,-7.E0));
#6373=DIRECTION('',(0.E0,-1.E0,0.E0));
#6374=DIRECTION('',(-1.E0,0.E0,0.E0));
#6375=AXIS2_PLACEMENT_3D('',#6372,#6373,#6374);
#6376=PLANE('',#6375);
#6377=ORIENTED_EDGE('',*,*,#5336,.T.);
#6378=ORIENTED_EDGE('',*,*,#4717,.T.);
#6379=ORIENTED_EDGE('',*,*,#4877,.F.);
#6380=ORIENTED_EDGE('',*,*,#6350,.T.);
#6381=ORIENTED_EDGE('',*,*,#6331,.T.);
#6383=ORIENTED_EDGE('',*,*,#6382,.F.);
#6384=ORIENTED_EDGE('',*,*,#4829,.F.);
#6386=ORIENTED_EDGE('',*,*,#6385,.F.);
#6387=ORIENTED_EDGE('',*,*,#5344,.T.);
#6389=ORIENTED_EDGE('',*,*,#6388,.F.);
#6390=EDGE_LOOP('',(#6377,#6378,#6379,#6380,#6381,#6383,#6384,#6386,#6387,
#6389));
#6391=FACE_OUTER_BOUND('',#6390,.F.);
#6393=ORIENTED_EDGE('',*,*,#6392,.T.);
#6395=ORIENTED_EDGE('',*,*,#6394,.T.);
#6396=ORIENTED_EDGE('',*,*,#4946,.T.);
#6398=ORIENTED_EDGE('',*,*,#6397,.T.);
#6399=EDGE_LOOP('',(#6393,#6395,#6396,#6398));
#6400=FACE_BOUND('',#6399,.F.);
#6402=ORIENTED_EDGE('',*,*,#6401,.T.);
#6403=ORIENTED_EDGE('',*,*,#4953,.T.);
#6405=ORIENTED_EDGE('',*,*,#6404,.T.);
#6406=ORIENTED_EDGE('',*,*,#4478,.T.);
#6407=EDGE_LOOP('',(#6402,#6403,#6405,#6406));
#6408=FACE_BOUND('',#6407,.F.);
#6410=CARTESIAN_POINT('',(-2.07E0,-3.05E0,-2.8E0));
#6411=DIRECTION('',(-1.E0,0.E0,0.E0));
#6412=DIRECTION('',(0.E0,0.E0,-1.E0));
#6413=AXIS2_PLACEMENT_3D('',#6410,#6411,#6412);
#6414=PLANE('',#6413);
#6415=ORIENTED_EDGE('',*,*,#4476,.T.);
#6416=ORIENTED_EDGE('',*,*,#4519,.F.);
#6417=ORIENTED_EDGE('',*,*,#4955,.F.);
#6418=ORIENTED_EDGE('',*,*,#6401,.F.);
#6419=EDGE_LOOP('',(#6415,#6416,#6417,#6418));
#6420=FACE_OUTER_BOUND('',#6419,.F.);
#6422=CARTESIAN_POINT('',(-1.27E0,-3.05E0,-3.9E0));
#6423=DIRECTION('',(1.E0,0.E0,0.E0));
#6424=DIRECTION('',(0.E0,0.E0,1.E0));
#6425=AXIS2_PLACEMENT_3D('',#6422,#6423,#6424);
#6426=PLANE('',#6425);
#6427=ORIENTED_EDGE('',*,*,#4951,.T.);
#6428=ORIENTED_EDGE('',*,*,#4524,.T.);
#6429=ORIENTED_EDGE('',*,*,#4480,.F.);
#6430=ORIENTED_EDGE('',*,*,#6404,.F.);
#6431=EDGE_LOOP('',(#6427,#6428,#6429,#6430));
#6432=FACE_OUTER_BOUND('',#6431,.F.);
#6434=CARTESIAN_POINT('',(2.07E0,-3.05E0,-2.8E0));
#6435=DIRECTION('',(0.E0,0.E0,1.E0));
#6436=DIRECTION('',(-1.E0,0.E0,0.E0));
#6437=AXIS2_PLACEMENT_3D('',#6434,#6435,#6436);
#6438=PLANE('',#6437);
#6439=ORIENTED_EDGE('',*,*,#4534,.T.);
#6441=ORIENTED_EDGE('',*,*,#6440,.T.);
#6443=ORIENTED_EDGE('',*,*,#6442,.F.);
#6445=ORIENTED_EDGE('',*,*,#6444,.F.);
#6446=ORIENTED_EDGE('',*,*,#4530,.T.);
#6448=ORIENTED_EDGE('',*,*,#6447,.F.);
#6449=ORIENTED_EDGE('',*,*,#6392,.F.);
#6451=ORIENTED_EDGE('',*,*,#6450,.T.);
#6452=EDGE_LOOP('',(#6439,#6441,#6443,#6445,#6446,#6448,#6449,#6451));
#6453=FACE_OUTER_BOUND('',#6452,.F.);
#6455=CARTESIAN_POINT('',(1.9E0,-2.02E0,-2.8E0));
#6456=DIRECTION('',(-9.984975925187E-1,0.E0,-5.479559958944E-2));
#6457=DIRECTION('',(5.479559958944E-2,0.E0,-9.984975925187E-1));
#6458=AXIS2_PLACEMENT_3D('',#6455,#6456,#6457);
#6459=PLANE('',#6458);
#6460=ORIENTED_EDGE('',*,*,#4387,.T.);
#6462=ORIENTED_EDGE('',*,*,#6461,.T.);
#6464=ORIENTED_EDGE('',*,*,#6463,.T.);
#6465=ORIENTED_EDGE('',*,*,#6440,.F.);
#6467=ORIENTED_EDGE('',*,*,#6466,.T.);
#6468=EDGE_LOOP('',(#6460,#6462,#6464,#6465,#6467));
#6469=FACE_OUTER_BOUND('',#6468,.F.);
#6471=CARTESIAN_POINT('',(1.395E0,-2.02E0,-3.62E0));
#6472=DIRECTION('',(0.E0,8.660254037844E-1,5.E-1));
#6473=DIRECTION('',(0.E0,-5.E-1,8.660254037844E-1));
#6474=AXIS2_PLACEMENT_3D('',#6471,#6472,#6473);
#6475=PLANE('',#6474);
#6477=ORIENTED_EDGE('',*,*,#6476,.T.);
#6479=ORIENTED_EDGE('',*,*,#6478,.T.);
#6480=ORIENTED_EDGE('',*,*,#6461,.F.);
#6481=ORIENTED_EDGE('',*,*,#4385,.F.);
#6482=EDGE_LOOP('',(#6477,#6479,#6480,#6481));
#6483=FACE_OUTER_BOUND('',#6482,.F.);
#6485=CARTESIAN_POINT('',(1.395E0,-2.02E0,-3.62E0));
#6486=DIRECTION('',(9.984975925187E-1,0.E0,-5.479559958944E-2));
#6487=DIRECTION('',(5.479559958944E-2,0.E0,9.984975925187E-1));
#6488=AXIS2_PLACEMENT_3D('',#6485,#6486,#6487);
#6489=PLANE('',#6488);
#6490=ORIENTED_EDGE('',*,*,#4391,.T.);
#6492=ORIENTED_EDGE('',*,*,#6491,.F.);
#6493=ORIENTED_EDGE('',*,*,#6444,.T.);
#6495=ORIENTED_EDGE('',*,*,#6494,.F.);
#6496=ORIENTED_EDGE('',*,*,#6476,.F.);
#6497=EDGE_LOOP('',(#6490,#6492,#6493,#6495,#6496));
#6498=FACE_OUTER_BOUND('',#6497,.F.);
#6500=CARTESIAN_POINT('',(1.395E0,-2.27E0,-2.8E0));
#6501=DIRECTION('',(0.E0,0.E0,-1.E0));
#6502=DIRECTION('',(0.E0,1.E0,0.E0));
#6503=AXIS2_PLACEMENT_3D('',#6500,#6501,#6502);
#6504=PLANE('',#6503);
#6505=ORIENTED_EDGE('',*,*,#6491,.T.);
#6506=ORIENTED_EDGE('',*,*,#4389,.T.);
#6507=ORIENTED_EDGE('',*,*,#6466,.F.);
#6508=ORIENTED_EDGE('',*,*,#4532,.F.);
#6509=EDGE_LOOP('',(#6505,#6506,#6507,#6508));
#6510=FACE_OUTER_BOUND('',#6509,.F.);
#6512=CARTESIAN_POINT('',(1.395E0,-2.27E0,-3.186987298108E0));
#6513=DIRECTION('',(0.E0,1.E0,0.E0));
#6514=DIRECTION('',(0.E0,0.E0,1.E0));
#6515=AXIS2_PLACEMENT_3D('',#6512,#6513,#6514);
#6516=PLANE('',#6515);
#6517=ORIENTED_EDGE('',*,*,#6494,.T.);
#6518=ORIENTED_EDGE('',*,*,#6442,.T.);
#6519=ORIENTED_EDGE('',*,*,#6463,.F.);
#6520=ORIENTED_EDGE('',*,*,#6478,.F.);
#6521=EDGE_LOOP('',(#6517,#6518,#6519,#6520));
#6522=FACE_OUTER_BOUND('',#6521,.F.);
#6524=CARTESIAN_POINT('',(1.27E0,-3.05E0,-2.8E0));
#6525=DIRECTION('',(-1.E0,0.E0,0.E0));
#6526=DIRECTION('',(0.E0,0.E0,-1.E0));
#6527=AXIS2_PLACEMENT_3D('',#6524,#6525,#6526);
#6528=PLANE('',#6527);
#6529=ORIENTED_EDGE('',*,*,#6447,.T.);
#6530=ORIENTED_EDGE('',*,*,#4528,.F.);
#6531=ORIENTED_EDGE('',*,*,#4948,.F.);
#6532=ORIENTED_EDGE('',*,*,#6394,.F.);
#6533=EDGE_LOOP('',(#6529,#6530,#6531,#6532));
#6534=FACE_OUTER_BOUND('',#6533,.F.);
#6536=CARTESIAN_POINT('',(2.07E0,-3.05E0,-3.9E0));
#6537=DIRECTION('',(1.E0,0.E0,0.E0));
#6538=DIRECTION('',(0.E0,0.E0,1.E0));
#6539=AXIS2_PLACEMENT_3D('',#6536,#6537,#6538);
#6540=PLANE('',#6539);
#6541=ORIENTED_EDGE('',*,*,#6450,.F.);
#6542=ORIENTED_EDGE('',*,*,#6397,.F.);
#6543=ORIENTED_EDGE('',*,*,#4944,.T.);
#6544=ORIENTED_EDGE('',*,*,#4536,.T.);
#6545=EDGE_LOOP('',(#6541,#6542,#6543,#6544));
#6546=FACE_OUTER_BOUND('',#6545,.F.);
#6548=CARTESIAN_POINT('',(5.5E-1,0.E0,0.E0));
#6549=DIRECTION('',(1.E0,0.E0,0.E0));
#6550=DIRECTION('',(0.E0,1.E0,0.E0));
#6551=AXIS2_PLACEMENT_3D('',#6548,#6549,#6550);
#6552=PLANE('',#6551);
#6553=ORIENTED_EDGE('',*,*,#6329,.T.);
#6555=ORIENTED_EDGE('',*,*,#6554,.F.);
#6556=ORIENTED_EDGE('',*,*,#4831,.F.);
#6557=ORIENTED_EDGE('',*,*,#6382,.T.);
#6558=EDGE_LOOP('',(#6553,#6555,#6556,#6557));
#6559=FACE_OUTER_BOUND('',#6558,.F.);
#6561=CARTESIAN_POINT('',(5.5E-1,0.E0,0.E0));
#6562=DIRECTION('',(1.E0,0.E0,0.E0));
#6563=DIRECTION('',(0.E0,1.E0,0.E0));
#6564=AXIS2_PLACEMENT_3D('',#6561,#6562,#6563);
#6565=PLANE('',#6564);
#6567=ORIENTED_EDGE('',*,*,#6566,.F.);
#6569=ORIENTED_EDGE('',*,*,#6568,.T.);
#6570=ORIENTED_EDGE('',*,*,#5170,.F.);
#6571=ORIENTED_EDGE('',*,*,#4812,.F.);
#6572=EDGE_LOOP('',(#6567,#6569,#6570,#6571));
#6573=FACE_OUTER_BOUND('',#6572,.F.);
#6575=CARTESIAN_POINT('',(-5.5E-1,-2.35E0,-5.4E0));
#6576=DIRECTION('',(0.E0,1.E0,0.E0));
#6577=DIRECTION('',(0.E0,0.E0,1.E0));
#6578=AXIS2_PLACEMENT_3D('',#6575,#6576,#6577);
#6579=PLANE('',#6578);
#6581=ORIENTED_EDGE('',*,*,#6580,.F.);
#6582=ORIENTED_EDGE('',*,*,#4833,.T.);
#6583=ORIENTED_EDGE('',*,*,#6554,.T.);
#6584=ORIENTED_EDGE('',*,*,#6327,.F.);
#6585=ORIENTED_EDGE('',*,*,#6353,.T.);
#6586=ORIENTED_EDGE('',*,*,#4873,.T.);
#6588=ORIENTED_EDGE('',*,*,#6587,.T.);
#6590=ORIENTED_EDGE('',*,*,#6589,.T.);
#6591=EDGE_LOOP('',(#6581,#6582,#6583,#6584,#6585,#6586,#6588,#6590));
#6592=FACE_OUTER_BOUND('',#6591,.F.);
#6594=CARTESIAN_POINT('',(3.5E-1,0.E0,0.E0));
#6595=DIRECTION('',(1.E0,0.E0,0.E0));
#6596=DIRECTION('',(0.E0,1.E0,0.E0));
#6597=AXIS2_PLACEMENT_3D('',#6594,#6595,#6596);
#6598=PLANE('',#6597);
#6600=ORIENTED_EDGE('',*,*,#6599,.T.);
#6601=ORIENTED_EDGE('',*,*,#4552,.F.);
#6602=ORIENTED_EDGE('',*,*,#4570,.T.);
#6603=ORIENTED_EDGE('',*,*,#4835,.F.);
#6604=ORIENTED_EDGE('',*,*,#6580,.T.);
#6605=EDGE_LOOP('',(#6600,#6601,#6602,#6603,#6604));
#6606=FACE_OUTER_BOUND('',#6605,.F.);
#6608=CARTESIAN_POINT('',(3.5E-1,0.E0,0.E0));
#6609=DIRECTION('',(1.E0,0.E0,0.E0));
#6610=DIRECTION('',(0.E0,1.E0,0.E0));
#6611=AXIS2_PLACEMENT_3D('',#6608,#6609,#6610);
#6612=PLANE('',#6611);
#6614=ORIENTED_EDGE('',*,*,#6613,.T.);
#6616=ORIENTED_EDGE('',*,*,#6615,.F.);
#6617=ORIENTED_EDGE('',*,*,#4808,.F.);
#6618=ORIENTED_EDGE('',*,*,#4625,.F.);
#6619=ORIENTED_EDGE('',*,*,#4664,.T.);
#6620=EDGE_LOOP('',(#6614,#6616,#6617,#6618,#6619));
#6621=FACE_OUTER_BOUND('',#6620,.F.);
#6623=CARTESIAN_POINT('',(3.5E-1,-2.35E0,-2.75E0));
#6624=DIRECTION('',(0.E0,0.E0,-1.E0));
#6625=DIRECTION('',(0.E0,1.E0,0.E0));
#6626=AXIS2_PLACEMENT_3D('',#6623,#6624,#6625);
#6627=PLANE('',#6626);
#6628=ORIENTED_EDGE('',*,*,#6599,.F.);
#6629=ORIENTED_EDGE('',*,*,#6589,.F.);
#6631=ORIENTED_EDGE('',*,*,#6630,.T.);
#6632=ORIENTED_EDGE('',*,*,#4554,.T.);
#6633=EDGE_LOOP('',(#6628,#6629,#6631,#6632));
#6634=FACE_OUTER_BOUND('',#6633,.F.);
#6636=CARTESIAN_POINT('',(-3.5E-1,0.E0,0.E0));
#6637=DIRECTION('',(1.E0,0.E0,0.E0));
#6638=DIRECTION('',(0.E0,1.E0,0.E0));
#6639=AXIS2_PLACEMENT_3D('',#6636,#6637,#6638);
#6640=PLANE('',#6639);
#6641=ORIENTED_EDGE('',*,*,#6630,.F.);
#6642=ORIENTED_EDGE('',*,*,#6587,.F.);
#6643=ORIENTED_EDGE('',*,*,#4871,.T.);
#6644=ORIENTED_EDGE('',*,*,#4584,.F.);
#6645=ORIENTED_EDGE('',*,*,#4556,.T.);
#6646=EDGE_LOOP('',(#6641,#6642,#6643,#6644,#6645));
#6647=FACE_OUTER_BOUND('',#6646,.F.);
#6649=CARTESIAN_POINT('',(-3.5E-1,0.E0,0.E0));
#6650=DIRECTION('',(1.E0,0.E0,0.E0));
#6651=DIRECTION('',(0.E0,1.E0,0.E0));
#6652=AXIS2_PLACEMENT_3D('',#6649,#6650,#6651);
#6653=PLANE('',#6652);
#6655=ORIENTED_EDGE('',*,*,#6654,.F.);
#6656=ORIENTED_EDGE('',*,*,#4660,.F.);
#6657=ORIENTED_EDGE('',*,*,#4641,.T.);
#6658=ORIENTED_EDGE('',*,*,#4856,.T.);
#6660=ORIENTED_EDGE('',*,*,#6659,.T.);
#6661=EDGE_LOOP('',(#6655,#6656,#6657,#6658,#6660));
#6662=FACE_OUTER_BOUND('',#6661,.F.);
#6664=CARTESIAN_POINT('',(3.5E-1,2.05E0,-2.75E0));
#6665=DIRECTION('',(0.E0,0.E0,-1.E0));
#6666=DIRECTION('',(0.E0,1.E0,0.E0));
#6667=AXIS2_PLACEMENT_3D('',#6664,#6665,#6666);
#6668=PLANE('',#6667);
#6669=ORIENTED_EDGE('',*,*,#6613,.F.);
#6670=ORIENTED_EDGE('',*,*,#4662,.F.);
#6671=ORIENTED_EDGE('',*,*,#6654,.T.);
#6673=ORIENTED_EDGE('',*,*,#6672,.T.);
#6674=EDGE_LOOP('',(#6669,#6670,#6671,#6673));
#6675=FACE_OUTER_BOUND('',#6674,.F.);
#6677=CARTESIAN_POINT('',(-5.5E-1,2.35E0,-2.2E0));
#6678=DIRECTION('',(0.E0,-1.E0,0.E0));
#6679=DIRECTION('',(0.E0,0.E0,-1.E0));
#6680=AXIS2_PLACEMENT_3D('',#6677,#6678,#6679);
#6681=PLANE('',#6680);
#6682=ORIENTED_EDGE('',*,*,#6615,.T.);
#6683=ORIENTED_EDGE('',*,*,#6672,.F.);
#6684=ORIENTED_EDGE('',*,*,#6659,.F.);
#6685=ORIENTED_EDGE('',*,*,#4854,.F.);
#6686=ORIENTED_EDGE('',*,*,#6363,.T.);
#6688=ORIENTED_EDGE('',*,*,#6687,.T.);
#6689=ORIENTED_EDGE('',*,*,#6566,.T.);
#6690=ORIENTED_EDGE('',*,*,#4810,.F.);
#6691=EDGE_LOOP('',(#6682,#6683,#6684,#6685,#6686,#6688,#6689,#6690));
#6692=FACE_OUTER_BOUND('',#6691,.F.);
#6694=CARTESIAN_POINT('',(-5.5E-1,2.35E0,-5.7E0));
#6695=DIRECTION('',(0.E0,0.E0,-1.E0));
#6696=DIRECTION('',(0.E0,1.E0,0.E0));
#6697=AXIS2_PLACEMENT_3D('',#6694,#6695,#6696);
#6698=PLANE('',#6697);
#6699=ORIENTED_EDGE('',*,*,#6367,.T.);
#6700=ORIENTED_EDGE('',*,*,#5172,.T.);
#6701=ORIENTED_EDGE('',*,*,#6568,.F.);
#6702=ORIENTED_EDGE('',*,*,#6687,.F.);
#6703=EDGE_LOOP('',(#6699,#6700,#6701,#6702));
#6704=FACE_OUTER_BOUND('',#6703,.F.);
#6705=ORIENTED_EDGE('',*,*,#6097,.F.);
#6707=ORIENTED_EDGE('',*,*,#6706,.T.);
#6709=ORIENTED_EDGE('',*,*,#6708,.T.);
#6711=ORIENTED_EDGE('',*,*,#6710,.F.);
#6712=EDGE_LOOP('',(#6705,#6707,#6709,#6711));
#6713=FACE_BOUND('',#6712,.F.);
#6715=CARTESIAN_POINT('',(-2.5E-1,2.4E0,-2.8E0));
#6716=DIRECTION('',(0.E0,-1.E0,0.E0));
#6717=DIRECTION('',(0.E0,0.E0,-1.E0));
#6718=AXIS2_PLACEMENT_3D('',#6715,#6716,#6717);
#6719=PLANE('',#6718);
#6720=ORIENTED_EDGE('',*,*,#6706,.F.);
#6721=ORIENTED_EDGE('',*,*,#6095,.F.);
#6723=ORIENTED_EDGE('',*,*,#6722,.T.);
#6725=ORIENTED_EDGE('',*,*,#6724,.T.);
#6726=EDGE_LOOP('',(#6720,#6721,#6723,#6725));
#6727=FACE_OUTER_BOUND('',#6726,.F.);
#6729=CARTESIAN_POINT('',(-2.5E-1,2.3E0,-2.8E0));
#6730=DIRECTION('',(1.E0,0.E0,0.E0));
#6731=DIRECTION('',(0.E0,1.E0,0.E0));
#6732=AXIS2_PLACEMENT_3D('',#6729,#6730,#6731);
#6733=CYLINDRICAL_SURFACE('',#6732,1.E-1);
#6734=ORIENTED_EDGE('',*,*,#6093,.F.);
#6736=ORIENTED_EDGE('',*,*,#6735,.T.);
#6738=ORIENTED_EDGE('',*,*,#6737,.T.);
#6739=ORIENTED_EDGE('',*,*,#6722,.F.);
#6740=EDGE_LOOP('',(#6734,#6736,#6738,#6739));
#6741=FACE_OUTER_BOUND('',#6740,.F.);
#6743=CARTESIAN_POINT('',(-2.5E-1,1.05E0,-2.7E0));
#6744=DIRECTION('',(0.E0,0.E0,-1.E0));
#6745=DIRECTION('',(0.E0,1.E0,0.E0));
#6746=AXIS2_PLACEMENT_3D('',#6743,#6744,#6745);
#6747=PLANE('',#6746);
#6748=ORIENTED_EDGE('',*,*,#5031,.T.);
#6750=ORIENTED_EDGE('',*,*,#6749,.T.);
#6751=ORIENTED_EDGE('',*,*,#6735,.F.);
#6752=ORIENTED_EDGE('',*,*,#6091,.F.);
#6753=EDGE_LOOP('',(#6748,#6750,#6751,#6752));
#6754=FACE_OUTER_BOUND('',#6753,.F.);
#6756=CARTESIAN_POINT('',(-2.5E-1,1.05E0,-2.7E0));
#6757=DIRECTION('',(0.E0,0.E0,-1.E0));
#6758=DIRECTION('',(0.E0,1.E0,0.E0));
#6759=AXIS2_PLACEMENT_3D('',#6756,#6757,#6758);
#6760=PLANE('',#6759);
#6762=ORIENTED_EDGE('',*,*,#6761,.F.);
#6763=ORIENTED_EDGE('',*,*,#6107,.F.);
#6765=ORIENTED_EDGE('',*,*,#6764,.T.);
#6767=ORIENTED_EDGE('',*,*,#6766,.T.);
#6768=EDGE_LOOP('',(#6762,#6763,#6765,#6767));
#6769=FACE_OUTER_BOUND('',#6768,.F.);
#6771=CARTESIAN_POINT('',(2.5E-1,0.E0,0.E0));
#6772=DIRECTION('',(1.E0,0.E0,0.E0));
#6773=DIRECTION('',(0.E0,1.E0,0.E0));
#6774=AXIS2_PLACEMENT_3D('',#6771,#6772,#6773);
#6775=PLANE('',#6774);
#6776=ORIENTED_EDGE('',*,*,#6193,.T.);
#6777=ORIENTED_EDGE('',*,*,#6766,.F.);
#6779=ORIENTED_EDGE('',*,*,#6778,.T.);
#6781=ORIENTED_EDGE('',*,*,#6780,.F.);
#6783=ORIENTED_EDGE('',*,*,#6782,.F.);
#6785=ORIENTED_EDGE('',*,*,#6784,.F.);
#6786=ORIENTED_EDGE('',*,*,#6708,.F.);
#6787=ORIENTED_EDGE('',*,*,#6724,.F.);
#6788=ORIENTED_EDGE('',*,*,#6737,.F.);
#6789=ORIENTED_EDGE('',*,*,#6749,.F.);
#6790=EDGE_LOOP('',(#6776,#6777,#6779,#6781,#6783,#6785,#6786,#6787,#6788,
#6789));
#6791=FACE_OUTER_BOUND('',#6790,.F.);
#6793=CARTESIAN_POINT('',(2.5E-1,0.E0,0.E0));
#6794=DIRECTION('',(1.E0,0.E0,0.E0));
#6795=DIRECTION('',(0.E0,1.E0,0.E0));
#6796=AXIS2_PLACEMENT_3D('',#6793,#6794,#6795);
#6797=PLANE('',#6796);
#6799=ORIENTED_EDGE('',*,*,#6798,.F.);
#6801=ORIENTED_EDGE('',*,*,#6800,.F.);
#6803=ORIENTED_EDGE('',*,*,#6802,.F.);
#6805=ORIENTED_EDGE('',*,*,#6804,.F.);
#6807=ORIENTED_EDGE('',*,*,#6806,.F.);
#6809=ORIENTED_EDGE('',*,*,#6808,.F.);
#6811=ORIENTED_EDGE('',*,*,#6810,.F.);
#6813=ORIENTED_EDGE('',*,*,#6812,.F.);
#6815=ORIENTED_EDGE('',*,*,#6814,.F.);
#6817=ORIENTED_EDGE('',*,*,#6816,.F.);
#6819=ORIENTED_EDGE('',*,*,#6818,.F.);
#6820=ORIENTED_EDGE('',*,*,#5349,.T.);
#6822=ORIENTED_EDGE('',*,*,#6821,.F.);
#6823=EDGE_LOOP('',(#6799,#6801,#6803,#6805,#6807,#6809,#6811,#6813,#6815,#6817,
#6819,#6820,#6822));
#6824=FACE_OUTER_BOUND('',#6823,.F.);
#6826=CARTESIAN_POINT('',(0.E0,1.05E0,0.E0));
#6827=DIRECTION('',(0.E0,1.E0,0.E0));
#6828=DIRECTION('',(0.E0,0.E0,-1.E0));
#6829=AXIS2_PLACEMENT_3D('',#6826,#6827,#6828);
#6830=PLANE('',#6829);
#6832=ORIENTED_EDGE('',*,*,#6831,.T.);
#6834=ORIENTED_EDGE('',*,*,#6833,.T.);
#6836=ORIENTED_EDGE('',*,*,#6835,.T.);
#6838=ORIENTED_EDGE('',*,*,#6837,.T.);
#6839=EDGE_LOOP('',(#6832,#6834,#6836,#6838));
#6840=FACE_OUTER_BOUND('',#6839,.F.);
#6841=ORIENTED_EDGE('',*,*,#6105,.T.);
#6843=ORIENTED_EDGE('',*,*,#6842,.T.);
#6844=ORIENTED_EDGE('',*,*,#6778,.F.);
#6845=ORIENTED_EDGE('',*,*,#6764,.F.);
#6846=EDGE_LOOP('',(#6841,#6843,#6844,#6845));
#6847=FACE_BOUND('',#6846,.F.);
#6849=CARTESIAN_POINT('',(-1.05E0,-1.05E0,-1.9E0));
#6850=DIRECTION('',(0.E0,0.E0,1.E0));
#6851=DIRECTION('',(1.E0,0.E0,0.E0));
#6852=AXIS2_PLACEMENT_3D('',#6849,#6850,#6851);
#6853=PLANE('',#6852);
#6855=ORIENTED_EDGE('',*,*,#6854,.T.);
#6857=ORIENTED_EDGE('',*,*,#6856,.F.);
#6858=ORIENTED_EDGE('',*,*,#6831,.F.);
#6860=ORIENTED_EDGE('',*,*,#6859,.T.);
#6861=EDGE_LOOP('',(#6855,#6857,#6858,#6860));
#6862=FACE_OUTER_BOUND('',#6861,.F.);
#6864=CARTESIAN_POINT('',(0.E0,-1.05E0,0.E0));
#6865=DIRECTION('',(0.E0,1.E0,0.E0));
#6866=DIRECTION('',(0.E0,0.E0,-1.E0));
#6867=AXIS2_PLACEMENT_3D('',#6864,#6865,#6866);
#6868=PLANE('',#6867);
#6869=ORIENTED_EDGE('',*,*,#6854,.F.);
#6871=ORIENTED_EDGE('',*,*,#6870,.F.);
#6873=ORIENTED_EDGE('',*,*,#6872,.F.);
#6875=ORIENTED_EDGE('',*,*,#6874,.F.);
#6876=EDGE_LOOP('',(#6869,#6871,#6873,#6875));
#6877=FACE_OUTER_BOUND('',#6876,.F.);
#6878=ORIENTED_EDGE('',*,*,#6211,.F.);
#6879=ORIENTED_EDGE('',*,*,#6286,.T.);
#6881=ORIENTED_EDGE('',*,*,#6880,.T.);
#6883=ORIENTED_EDGE('',*,*,#6882,.F.);
#6884=EDGE_LOOP('',(#6878,#6879,#6881,#6883));
#6885=FACE_BOUND('',#6884,.F.);
#6887=CARTESIAN_POINT('',(1.15E0,-1.05E0,-1.9E0));
#6888=DIRECTION('',(1.E0,0.E0,0.E0));
#6889=DIRECTION('',(0.E0,0.E0,-1.E0));
#6890=AXIS2_PLACEMENT_3D('',#6887,#6888,#6889);
#6891=PLANE('',#6890);
#6892=ORIENTED_EDGE('',*,*,#6870,.T.);
#6893=ORIENTED_EDGE('',*,*,#6859,.F.);
#6894=ORIENTED_EDGE('',*,*,#6837,.F.);
#6896=ORIENTED_EDGE('',*,*,#6895,.T.);
#6897=EDGE_LOOP('',(#6892,#6893,#6894,#6896));
#6898=FACE_OUTER_BOUND('',#6897,.F.);
#6900=CARTESIAN_POINT('',(1.15E0,-1.05E0,-2.9E0));
#6901=DIRECTION('',(0.E0,0.E0,-1.E0));
#6902=DIRECTION('',(-1.E0,0.E0,0.E0));
#6903=AXIS2_PLACEMENT_3D('',#6900,#6901,#6902);
#6904=PLANE('',#6903);
#6905=ORIENTED_EDGE('',*,*,#6872,.T.);
#6906=ORIENTED_EDGE('',*,*,#6895,.F.);
#6907=ORIENTED_EDGE('',*,*,#6835,.F.);
#6909=ORIENTED_EDGE('',*,*,#6908,.T.);
#6910=EDGE_LOOP('',(#6905,#6906,#6907,#6909));
#6911=FACE_OUTER_BOUND('',#6910,.F.);
#6913=CARTESIAN_POINT('',(-1.05E0,-1.05E0,-2.9E0));
#6914=DIRECTION('',(-1.E0,0.E0,0.E0));
#6915=DIRECTION('',(0.E0,0.E0,1.E0));
#6916=AXIS2_PLACEMENT_3D('',#6913,#6914,#6915);
#6917=PLANE('',#6916);
#6918=ORIENTED_EDGE('',*,*,#6874,.T.);
#6919=ORIENTED_EDGE('',*,*,#6908,.F.);
#6920=ORIENTED_EDGE('',*,*,#6833,.F.);
#6921=ORIENTED_EDGE('',*,*,#6856,.T.);
#6922=EDGE_LOOP('',(#6918,#6919,#6920,#6921));
#6923=FACE_OUTER_BOUND('',#6922,.F.);
#6925=CARTESIAN_POINT('',(2.E-1,0.E0,0.E0));
#6926=DIRECTION('',(1.E0,0.E0,0.E0));
#6927=DIRECTION('',(0.E0,1.E0,0.E0));
#6928=AXIS2_PLACEMENT_3D('',#6925,#6926,#6927);
#6929=PLANE('',#6928);
#6930=ORIENTED_EDGE('',*,*,#6165,.F.);
#6931=ORIENTED_EDGE('',*,*,#6272,.F.);
#6932=ORIENTED_EDGE('',*,*,#6300,.F.);
#6933=ORIENTED_EDGE('',*,*,#6313,.F.);
#6934=ORIENTED_EDGE('',*,*,#6338,.T.);
#6936=ORIENTED_EDGE('',*,*,#6935,.F.);
#6938=ORIENTED_EDGE('',*,*,#6937,.F.);
#6940=ORIENTED_EDGE('',*,*,#6939,.F.);
#6941=ORIENTED_EDGE('',*,*,#6880,.F.);
#6942=ORIENTED_EDGE('',*,*,#6284,.F.);
#6943=EDGE_LOOP('',(#6930,#6931,#6932,#6933,#6934,#6936,#6938,#6940,#6941,
#6942));
#6944=FACE_OUTER_BOUND('',#6943,.F.);
#6946=CARTESIAN_POINT('',(2.E-1,0.E0,0.E0));
#6947=DIRECTION('',(1.E0,0.E0,0.E0));
#6948=DIRECTION('',(0.E0,1.E0,0.E0));
#6949=AXIS2_PLACEMENT_3D('',#6946,#6947,#6948);
#6950=PLANE('',#6949);
#6952=ORIENTED_EDGE('',*,*,#6951,.F.);
#6954=ORIENTED_EDGE('',*,*,#6953,.F.);
#6955=ORIENTED_EDGE('',*,*,#5342,.T.);
#6957=ORIENTED_EDGE('',*,*,#6956,.F.);
#6959=ORIENTED_EDGE('',*,*,#6958,.F.);
#6961=ORIENTED_EDGE('',*,*,#6960,.F.);
#6963=ORIENTED_EDGE('',*,*,#6962,.F.);
#6965=ORIENTED_EDGE('',*,*,#6964,.F.);
#6967=ORIENTED_EDGE('',*,*,#6966,.F.);
#6969=ORIENTED_EDGE('',*,*,#6968,.F.);
#6971=ORIENTED_EDGE('',*,*,#6970,.F.);
#6973=ORIENTED_EDGE('',*,*,#6972,.F.);
#6975=ORIENTED_EDGE('',*,*,#6974,.F.);
#6976=EDGE_LOOP('',(#6952,#6954,#6955,#6957,#6959,#6961,#6963,#6965,#6967,#6969,
#6971,#6973,#6975));
#6977=FACE_OUTER_BOUND('',#6976,.F.);
#6979=CARTESIAN_POINT('',(-2.E-1,-2.6E0,-2.8E0));
#6980=DIRECTION('',(0.E0,-1.E0,0.E0));
#6981=DIRECTION('',(0.E0,0.E0,-1.E0));
#6982=AXIS2_PLACEMENT_3D('',#6979,#6980,#6981);
#6983=PLANE('',#6982);
#6984=ORIENTED_EDGE('',*,*,#6336,.F.);
#6985=ORIENTED_EDGE('',*,*,#6217,.F.);
#6987=ORIENTED_EDGE('',*,*,#6986,.T.);
#6988=ORIENTED_EDGE('',*,*,#6935,.T.);
#6989=EDGE_LOOP('',(#6984,#6985,#6987,#6988));
#6990=FACE_OUTER_BOUND('',#6989,.F.);
#6992=CARTESIAN_POINT('',(-2.E-1,-2.3E0,-2.8E0));
#6993=DIRECTION('',(1.E0,0.E0,0.E0));
#6994=DIRECTION('',(0.E0,1.E0,0.E0));
#6995=AXIS2_PLACEMENT_3D('',#6992,#6993,#6994);
#6996=CYLINDRICAL_SURFACE('',#6995,3.E-1);
#6997=ORIENTED_EDGE('',*,*,#6215,.F.);
#6999=ORIENTED_EDGE('',*,*,#6998,.T.);
#7000=ORIENTED_EDGE('',*,*,#6937,.T.);
#7001=ORIENTED_EDGE('',*,*,#6986,.F.);
#7002=EDGE_LOOP('',(#6997,#6999,#7000,#7001));
#7003=FACE_OUTER_BOUND('',#7002,.F.);
#7005=CARTESIAN_POINT('',(-2.E-1,-1.05E0,-2.5E0));
#7006=DIRECTION('',(0.E0,0.E0,1.E0));
#7007=DIRECTION('',(0.E0,-1.E0,0.E0));
#7008=AXIS2_PLACEMENT_3D('',#7005,#7006,#7007);
#7009=PLANE('',#7008);
#7010=ORIENTED_EDGE('',*,*,#6882,.T.);
#7011=ORIENTED_EDGE('',*,*,#6939,.T.);
#7012=ORIENTED_EDGE('',*,*,#6998,.F.);
#7013=ORIENTED_EDGE('',*,*,#6213,.F.);
#7014=EDGE_LOOP('',(#7010,#7011,#7012,#7013));
#7015=FACE_OUTER_BOUND('',#7014,.F.);
#7017=CARTESIAN_POINT('',(1.8036E1,-3.522023347123E0,-7.1E0));
#7018=DIRECTION('',(-1.E0,0.E0,0.E0));
#7019=DIRECTION('',(0.E0,-9.702957262760E-1,2.419218955997E-1));
#7020=AXIS2_PLACEMENT_3D('',#7017,#7018,#7019);
#7021=CYLINDRICAL_SURFACE('',#7020,3.E-1);
#7022=ORIENTED_EDGE('',*,*,#6235,.T.);
#7024=ORIENTED_EDGE('',*,*,#7023,.F.);
#7025=ORIENTED_EDGE('',*,*,#6951,.T.);
#7027=ORIENTED_EDGE('',*,*,#7026,.T.);
#7028=EDGE_LOOP('',(#7022,#7024,#7025,#7027));
#7029=FACE_OUTER_BOUND('',#7028,.F.);
#7031=CARTESIAN_POINT('',(-2.E-1,-2.417409035075E0,-6.8E0));
#7032=DIRECTION('',(0.E0,0.E0,1.E0));
#7033=DIRECTION('',(0.E0,-1.E0,0.E0));
#7034=AXIS2_PLACEMENT_3D('',#7031,#7032,#7033);
#7035=PLANE('',#7034);
#7036=ORIENTED_EDGE('',*,*,#7023,.T.);
#7037=ORIENTED_EDGE('',*,*,#6258,.F.);
#7038=ORIENTED_EDGE('',*,*,#6388,.T.);
#7039=ORIENTED_EDGE('',*,*,#6953,.T.);
#7040=EDGE_LOOP('',(#7036,#7037,#7038,#7039));
#7041=FACE_OUTER_BOUND('',#7040,.F.);
#7043=CARTESIAN_POINT('',(-2.E-1,-3.756409035075E0,-6.8E0));
#7044=DIRECTION('',(0.E0,-9.702957262760E-1,2.419218955997E-1));
#7045=DIRECTION('',(0.E0,-2.419218955997E-1,-9.702957262760E-1));
#7046=AXIS2_PLACEMENT_3D('',#7043,#7044,#7045);
#7047=PLANE('',#7046);
#7048=ORIENTED_EDGE('',*,*,#7026,.F.);
#7049=ORIENTED_EDGE('',*,*,#6974,.T.);
#7051=ORIENTED_EDGE('',*,*,#7050,.F.);
#7052=ORIENTED_EDGE('',*,*,#6237,.F.);
#7053=EDGE_LOOP('',(#7048,#7049,#7051,#7052));
#7054=FACE_OUTER_BOUND('',#7053,.F.);
#7056=CARTESIAN_POINT('',(-2.E-1,-4.034E0,-7.5E0));
#7057=DIRECTION('',(1.E0,0.E0,0.E0));
#7058=DIRECTION('',(0.E0,1.E0,0.E0));
#7059=AXIS2_PLACEMENT_3D('',#7056,#7057,#7058);
#7060=CYLINDRICAL_SURFACE('',#7059,1.E-1);
#7061=ORIENTED_EDGE('',*,*,#6239,.F.);
#7062=ORIENTED_EDGE('',*,*,#7050,.T.);
#7063=ORIENTED_EDGE('',*,*,#6972,.T.);
#7065=ORIENTED_EDGE('',*,*,#7064,.F.);
#7066=EDGE_LOOP('',(#7061,#7062,#7063,#7065));
#7067=FACE_OUTER_BOUND('',#7066,.F.);
#7069=CARTESIAN_POINT('',(-2.E-1,-4.034E0,-7.6E0));
#7070=DIRECTION('',(0.E0,0.E0,1.E0));
#7071=DIRECTION('',(0.E0,-1.E0,0.E0));
#7072=AXIS2_PLACEMENT_3D('',#7069,#7070,#7071);
#7073=PLANE('',#7072);
#7074=ORIENTED_EDGE('',*,*,#6241,.F.);
#7075=ORIENTED_EDGE('',*,*,#7064,.T.);
#7076=ORIENTED_EDGE('',*,*,#6970,.T.);
#7078=ORIENTED_EDGE('',*,*,#7077,.F.);
#7079=EDGE_LOOP('',(#7074,#7075,#7076,#7078));
#7080=FACE_OUTER_BOUND('',#7079,.F.);
#7082=CARTESIAN_POINT('',(-2.E-1,-5.E0,-7.6E0));
#7083=DIRECTION('',(0.E0,-1.E0,0.E0));
#7084=DIRECTION('',(0.E0,0.E0,-1.E0));
#7085=AXIS2_PLACEMENT_3D('',#7082,#7083,#7084);
#7086=PLANE('',#7085);
#7087=ORIENTED_EDGE('',*,*,#6243,.F.);
#7088=ORIENTED_EDGE('',*,*,#7077,.T.);
#7089=ORIENTED_EDGE('',*,*,#6968,.T.);
#7091=ORIENTED_EDGE('',*,*,#7090,.F.);
#7092=EDGE_LOOP('',(#7087,#7088,#7089,#7091));
#7093=FACE_OUTER_BOUND('',#7092,.F.);
#7095=CARTESIAN_POINT('',(-2.E-1,-5.E0,-7.8E0));
#7096=DIRECTION('',(0.E0,0.E0,-1.E0));
#7097=DIRECTION('',(0.E0,1.E0,0.E0));
#7098=AXIS2_PLACEMENT_3D('',#7095,#7096,#7097);
#7099=PLANE('',#7098);
#7100=ORIENTED_EDGE('',*,*,#6245,.F.);
#7101=ORIENTED_EDGE('',*,*,#7090,.T.);
#7102=ORIENTED_EDGE('',*,*,#6966,.T.);
#7104=ORIENTED_EDGE('',*,*,#7103,.F.);
#7105=EDGE_LOOP('',(#7100,#7101,#7102,#7104));
#7106=FACE_OUTER_BOUND('',#7105,.F.);
#7108=CARTESIAN_POINT('',(-2.E-1,-4.034E0,-7.5E0));
#7109=DIRECTION('',(1.E0,0.E0,0.E0));
#7110=DIRECTION('',(0.E0,1.E0,0.E0));
#7111=AXIS2_PLACEMENT_3D('',#7108,#7109,#7110);
#7112=CYLINDRICAL_SURFACE('',#7111,3.E-1);
#7113=ORIENTED_EDGE('',*,*,#6247,.F.);
#7114=ORIENTED_EDGE('',*,*,#7103,.T.);
#7115=ORIENTED_EDGE('',*,*,#6964,.T.);
#7117=ORIENTED_EDGE('',*,*,#7116,.F.);
#7118=EDGE_LOOP('',(#7113,#7114,#7115,#7117));
#7119=FACE_OUTER_BOUND('',#7118,.F.);
#7121=CARTESIAN_POINT('',(-2.E-1,-3.742911282117E0,-7.572576568680E0));
#7122=DIRECTION('',(0.E0,9.702957262760E-1,-2.419218955997E-1));
#7123=DIRECTION('',(0.E0,2.419218955997E-1,9.702957262760E-1));
#7124=AXIS2_PLACEMENT_3D('',#7121,#7122,#7123);
#7125=PLANE('',#7124);
#7127=ORIENTED_EDGE('',*,*,#7126,.F.);
#7128=ORIENTED_EDGE('',*,*,#6249,.F.);
#7129=ORIENTED_EDGE('',*,*,#7116,.T.);
#7130=ORIENTED_EDGE('',*,*,#6962,.T.);
#7131=EDGE_LOOP('',(#7127,#7128,#7129,#7130));
#7132=FACE_OUTER_BOUND('',#7131,.F.);
#7134=CARTESIAN_POINT('',(-1.8036E1,-3.521846519274E0,-7.099290782236E0));
#7135=DIRECTION('',(1.E0,0.E0,0.E0));
#7136=DIRECTION('',(0.E0,0.E0,1.E0));
#7137=AXIS2_PLACEMENT_3D('',#7134,#7135,#7136);
#7138=CYLINDRICAL_SURFACE('',#7137,1.E-1);
#7140=ORIENTED_EDGE('',*,*,#7139,.F.);
#7141=ORIENTED_EDGE('',*,*,#6251,.T.);
#7142=ORIENTED_EDGE('',*,*,#7126,.T.);
#7143=ORIENTED_EDGE('',*,*,#6960,.T.);
#7144=EDGE_LOOP('',(#7140,#7141,#7142,#7143));
#7145=FACE_OUTER_BOUND('',#7144,.F.);
#7147=CARTESIAN_POINT('',(-2.E-1,-3.599975081925E0,-6.999290782236E0));
#7148=DIRECTION('',(0.E0,0.E0,-1.E0));
#7149=DIRECTION('',(0.E0,1.E0,0.E0));
#7150=AXIS2_PLACEMENT_3D('',#7147,#7148,#7149);
#7151=PLANE('',#7150);
#7152=ORIENTED_EDGE('',*,*,#7139,.T.);
#7153=ORIENTED_EDGE('',*,*,#6958,.T.);
#7155=ORIENTED_EDGE('',*,*,#7154,.F.);
#7156=ORIENTED_EDGE('',*,*,#6253,.F.);
#7157=EDGE_LOOP('',(#7152,#7153,#7155,#7156));
#7158=FACE_OUTER_BOUND('',#7157,.F.);
#7160=CARTESIAN_POINT('',(-2.E-1,-2.7E0,-6.699290782236E0));
#7161=DIRECTION('',(1.E0,0.E0,0.E0));
#7162=DIRECTION('',(0.E0,1.E0,0.E0));
#7163=AXIS2_PLACEMENT_3D('',#7160,#7161,#7162);
#7164=CYLINDRICAL_SURFACE('',#7163,3.E-1);
#7165=ORIENTED_EDGE('',*,*,#5340,.F.);
#7166=ORIENTED_EDGE('',*,*,#6255,.F.);
#7167=ORIENTED_EDGE('',*,*,#7154,.T.);
#7168=ORIENTED_EDGE('',*,*,#6956,.T.);
#7169=EDGE_LOOP('',(#7165,#7166,#7167,#7168));
#7170=FACE_OUTER_BOUND('',#7169,.F.);
#7172=CARTESIAN_POINT('',(-2.5E-1,2.3E0,-2.5E0));
#7173=DIRECTION('',(0.E0,0.E0,1.E0));
#7174=DIRECTION('',(0.E0,-1.E0,0.E0));
#7175=AXIS2_PLACEMENT_3D('',#7172,#7173,#7174);
#7176=PLANE('',#7175);
#7177=ORIENTED_EDGE('',*,*,#6842,.F.);
#7178=ORIENTED_EDGE('',*,*,#6103,.F.);
#7180=ORIENTED_EDGE('',*,*,#7179,.T.);
#7181=ORIENTED_EDGE('',*,*,#6780,.T.);
#7182=EDGE_LOOP('',(#7177,#7178,#7180,#7181));
#7183=FACE_OUTER_BOUND('',#7182,.F.);
#7185=CARTESIAN_POINT('',(-2.5E-1,2.3E0,-2.8E0));
#7186=DIRECTION('',(1.E0,0.E0,0.E0));
#7187=DIRECTION('',(0.E0,1.E0,0.E0));
#7188=AXIS2_PLACEMENT_3D('',#7185,#7186,#7187);
#7189=CYLINDRICAL_SURFACE('',#7188,3.E-1);
#7190=ORIENTED_EDGE('',*,*,#6101,.F.);
#7192=ORIENTED_EDGE('',*,*,#7191,.T.);
#7193=ORIENTED_EDGE('',*,*,#6782,.T.);
#7194=ORIENTED_EDGE('',*,*,#7179,.F.);
#7195=EDGE_LOOP('',(#7190,#7192,#7193,#7194));
#7196=FACE_OUTER_BOUND('',#7195,.F.);
#7198=CARTESIAN_POINT('',(-2.5E-1,2.6E0,-5.7E0));
#7199=DIRECTION('',(0.E0,1.E0,0.E0));
#7200=DIRECTION('',(0.E0,0.E0,1.E0));
#7201=AXIS2_PLACEMENT_3D('',#7198,#7199,#7200);
#7202=PLANE('',#7201);
#7203=ORIENTED_EDGE('',*,*,#6710,.T.);
#7204=ORIENTED_EDGE('',*,*,#6784,.T.);
#7205=ORIENTED_EDGE('',*,*,#7191,.F.);
#7206=ORIENTED_EDGE('',*,*,#6099,.F.);
#7207=EDGE_LOOP('',(#7203,#7204,#7205,#7206));
#7208=FACE_OUTER_BOUND('',#7207,.F.);
#7210=CARTESIAN_POINT('',(1.8036E1,3.522023347123E0,-7.1E0));
#7211=DIRECTION('',(-1.E0,0.E0,0.E0));
#7212=DIRECTION('',(0.E0,0.E0,1.E0));
#7213=AXIS2_PLACEMENT_3D('',#7210,#7211,#7212);
#7214=CYLINDRICAL_SURFACE('',#7213,3.E-1);
#7215=ORIENTED_EDGE('',*,*,#6117,.T.);
#7217=ORIENTED_EDGE('',*,*,#7216,.F.);
#7218=ORIENTED_EDGE('',*,*,#6798,.T.);
#7220=ORIENTED_EDGE('',*,*,#7219,.T.);
#7221=EDGE_LOOP('',(#7215,#7217,#7218,#7220));
#7222=FACE_OUTER_BOUND('',#7221,.F.);
#7224=CARTESIAN_POINT('',(-2.5E-1,3.936970427372E0,-7.524192189560E0));
#7225=DIRECTION('',(0.E0,9.702957262760E-1,2.419218955997E-1));
#7226=DIRECTION('',(0.E0,-2.419218955997E-1,9.702957262760E-1));
#7227=AXIS2_PLACEMENT_3D('',#7224,#7225,#7226);
#7228=PLANE('',#7227);
#7229=ORIENTED_EDGE('',*,*,#7216,.T.);
#7230=ORIENTED_EDGE('',*,*,#6140,.F.);
#7232=ORIENTED_EDGE('',*,*,#7231,.T.);
#7233=ORIENTED_EDGE('',*,*,#6800,.T.);
#7234=EDGE_LOOP('',(#7229,#7230,#7232,#7233));
#7235=FACE_OUTER_BOUND('',#7234,.F.);
#7237=CARTESIAN_POINT('',(-2.5E-1,4.034E0,-7.5E0));
#7238=DIRECTION('',(1.E0,0.E0,0.E0));
#7239=DIRECTION('',(0.E0,1.E0,0.E0));
#7240=AXIS2_PLACEMENT_3D('',#7237,#7238,#7239);
#7241=CYLINDRICAL_SURFACE('',#7240,1.E-1);
#7242=ORIENTED_EDGE('',*,*,#6138,.F.);
#7244=ORIENTED_EDGE('',*,*,#7243,.T.);
#7245=ORIENTED_EDGE('',*,*,#6802,.T.);
#7246=ORIENTED_EDGE('',*,*,#7231,.F.);
#7247=EDGE_LOOP('',(#7242,#7244,#7245,#7246));
#7248=FACE_OUTER_BOUND('',#7247,.F.);
#7250=CARTESIAN_POINT('',(-2.5E-1,5.E0,-7.6E0));
#7251=DIRECTION('',(0.E0,0.E0,1.E0));
#7252=DIRECTION('',(0.E0,-1.E0,0.E0));
#7253=AXIS2_PLACEMENT_3D('',#7250,#7251,#7252);
#7254=PLANE('',#7253);
#7255=ORIENTED_EDGE('',*,*,#6136,.F.);
#7257=ORIENTED_EDGE('',*,*,#7256,.T.);
#7258=ORIENTED_EDGE('',*,*,#6804,.T.);
#7259=ORIENTED_EDGE('',*,*,#7243,.F.);
#7260=EDGE_LOOP('',(#7255,#7257,#7258,#7259));
#7261=FACE_OUTER_BOUND('',#7260,.F.);
#7263=CARTESIAN_POINT('',(-2.5E-1,5.E0,-7.8E0));
#7264=DIRECTION('',(0.E0,1.E0,0.E0));
#7265=DIRECTION('',(0.E0,0.E0,1.E0));
#7266=AXIS2_PLACEMENT_3D('',#7263,#7264,#7265);
#7267=PLANE('',#7266);
#7268=ORIENTED_EDGE('',*,*,#6134,.F.);
#7270=ORIENTED_EDGE('',*,*,#7269,.T.);
#7271=ORIENTED_EDGE('',*,*,#6806,.T.);
#7272=ORIENTED_EDGE('',*,*,#7256,.F.);
#7273=EDGE_LOOP('',(#7268,#7270,#7271,#7272));
#7274=FACE_OUTER_BOUND('',#7273,.F.);
#7276=CARTESIAN_POINT('',(-2.5E-1,4.034E0,-7.8E0));
#7277=DIRECTION('',(0.E0,0.E0,-1.E0));
#7278=DIRECTION('',(0.E0,1.E0,0.E0));
#7279=AXIS2_PLACEMENT_3D('',#7276,#7277,#7278);
#7280=PLANE('',#7279);
#7281=ORIENTED_EDGE('',*,*,#6132,.F.);
#7283=ORIENTED_EDGE('',*,*,#7282,.T.);
#7284=ORIENTED_EDGE('',*,*,#6808,.T.);
#7285=ORIENTED_EDGE('',*,*,#7269,.F.);
#7286=EDGE_LOOP('',(#7281,#7283,#7284,#7285));
#7287=FACE_OUTER_BOUND('',#7286,.F.);
#7289=CARTESIAN_POINT('',(-2.5E-1,4.034E0,-7.5E0));
#7290=DIRECTION('',(1.E0,0.E0,0.E0));
#7291=DIRECTION('',(0.E0,1.E0,0.E0));
#7292=AXIS2_PLACEMENT_3D('',#7289,#7290,#7291);
#7293=CYLINDRICAL_SURFACE('',#7292,3.E-1);
#7294=ORIENTED_EDGE('',*,*,#6130,.F.);
#7296=ORIENTED_EDGE('',*,*,#7295,.T.);
#7297=ORIENTED_EDGE('',*,*,#6810,.T.);
#7298=ORIENTED_EDGE('',*,*,#7282,.F.);
#7299=EDGE_LOOP('',(#7294,#7296,#7297,#7298));
#7300=FACE_OUTER_BOUND('',#7299,.F.);
#7302=CARTESIAN_POINT('',(-2.5E-1,3.599975081925E0,-6.999290782236E0));
#7303=DIRECTION('',(0.E0,-9.702957262760E-1,-2.419218955997E-1));
#7304=DIRECTION('',(0.E0,2.419218955997E-1,-9.702957262760E-1));
#7305=AXIS2_PLACEMENT_3D('',#7302,#7303,#7304);
#7306=PLANE('',#7305);
#7308=ORIENTED_EDGE('',*,*,#7307,.T.);
#7309=ORIENTED_EDGE('',*,*,#6812,.T.);
#7310=ORIENTED_EDGE('',*,*,#7295,.F.);
#7311=ORIENTED_EDGE('',*,*,#6128,.F.);
#7312=EDGE_LOOP('',(#7308,#7309,#7310,#7311));
#7313=FACE_OUTER_BOUND('',#7312,.F.);
#7315=CARTESIAN_POINT('',(-1.8036E1,3.521846519274E0,-7.099290782236E0));
#7316=DIRECTION('',(1.E0,0.E0,0.E0));
#7317=DIRECTION('',(0.E0,9.702957262760E-1,2.419218955997E-1));
#7318=AXIS2_PLACEMENT_3D('',#7315,#7316,#7317);
#7319=CYLINDRICAL_SURFACE('',#7318,1.E-1);
#7320=ORIENTED_EDGE('',*,*,#7307,.F.);
#7321=ORIENTED_EDGE('',*,*,#6126,.T.);
#7323=ORIENTED_EDGE('',*,*,#7322,.T.);
#7324=ORIENTED_EDGE('',*,*,#6814,.T.);
#7325=EDGE_LOOP('',(#7320,#7321,#7323,#7324));
#7326=FACE_OUTER_BOUND('',#7325,.F.);
#7328=CARTESIAN_POINT('',(-2.5E-1,2.7E0,-6.999290782236E0));
#7329=DIRECTION('',(0.E0,0.E0,-1.E0));
#7330=DIRECTION('',(0.E0,1.E0,0.E0));
#7331=AXIS2_PLACEMENT_3D('',#7328,#7329,#7330);
#7332=PLANE('',#7331);
#7333=ORIENTED_EDGE('',*,*,#7322,.F.);
#7334=ORIENTED_EDGE('',*,*,#6124,.F.);
#7336=ORIENTED_EDGE('',*,*,#7335,.T.);
#7337=ORIENTED_EDGE('',*,*,#6816,.T.);
#7338=EDGE_LOOP('',(#7333,#7334,#7336,#7337));
#7339=FACE_OUTER_BOUND('',#7338,.F.);
#7341=CARTESIAN_POINT('',(-2.5E-1,2.7E0,-6.699290782236E0));
#7342=DIRECTION('',(1.E0,0.E0,0.E0));
#7343=DIRECTION('',(0.E0,1.E0,0.E0));
#7344=AXIS2_PLACEMENT_3D('',#7341,#7342,#7343);
#7345=CYLINDRICAL_SURFACE('',#7344,3.E-1);
#7346=ORIENTED_EDGE('',*,*,#5351,.T.);
#7347=ORIENTED_EDGE('',*,*,#6818,.T.);
#7348=ORIENTED_EDGE('',*,*,#7335,.F.);
#7349=ORIENTED_EDGE('',*,*,#6122,.F.);
#7350=EDGE_LOOP('',(#7346,#7347,#7348,#7349));
#7351=FACE_OUTER_BOUND('',#7350,.F.);
#7353=CARTESIAN_POINT('',(-2.5E-1,3.756409035075E0,-6.8E0));
#7354=DIRECTION('',(0.E0,0.E0,1.E0));
#7355=DIRECTION('',(0.E0,-1.E0,0.E0));
#7356=AXIS2_PLACEMENT_3D('',#7353,#7354,#7355);
#7357=PLANE('',#7356);
#7358=ORIENTED_EDGE('',*,*,#7219,.F.);
#7359=ORIENTED_EDGE('',*,*,#6821,.T.);
#7360=ORIENTED_EDGE('',*,*,#5180,.F.);
#7361=ORIENTED_EDGE('',*,*,#6119,.F.);
#7362=EDGE_LOOP('',(#7358,#7359,#7360,#7361));
#7363=FACE_OUTER_BOUND('',#7362,.F.);
#7365=CARTESIAN_POINT('',(1.75E0,1.5E0,0.E0));
#7366=DIRECTION('',(0.E0,1.E0,0.E0));
#7367=DIRECTION('',(0.E0,0.E0,-1.E0));
#7368=AXIS2_PLACEMENT_3D('',#7365,#7366,#7367);
#7369=PLANE('',#7368);
#7370=ORIENTED_EDGE('',*,*,#6761,.T.);
#7371=ORIENTED_EDGE('',*,*,#6198,.F.);
#7373=ORIENTED_EDGE('',*,*,#7372,.F.);
#7374=ORIENTED_EDGE('',*,*,#4293,.F.);
#7376=ORIENTED_EDGE('',*,*,#7375,.T.);
#7378=ORIENTED_EDGE('',*,*,#7377,.T.);
#7380=ORIENTED_EDGE('',*,*,#7379,.F.);
#7381=ORIENTED_EDGE('',*,*,#4337,.F.);
#7383=ORIENTED_EDGE('',*,*,#7382,.T.);
#7384=ORIENTED_EDGE('',*,*,#6180,.F.);
#7385=EDGE_LOOP('',(#7370,#7371,#7373,#7374,#7376,#7378,#7380,#7381,#7383,
#7384));
#7386=FACE_OUTER_BOUND('',#7385,.F.);
#7388=CARTESIAN_POINT('',(5.5E-1,1.5E0,0.E0));
#7389=DIRECTION('',(1.E0,0.E0,0.E0));
#7390=DIRECTION('',(0.E0,1.E0,0.E0));
#7391=AXIS2_PLACEMENT_3D('',#7388,#7389,#7390);
#7392=PLANE('',#7391);
#7393=ORIENTED_EDGE('',*,*,#5027,.F.);
#7394=ORIENTED_EDGE('',*,*,#4295,.T.);
#7395=ORIENTED_EDGE('',*,*,#7372,.T.);
#7396=ORIENTED_EDGE('',*,*,#6196,.T.);
#7397=EDGE_LOOP('',(#7393,#7394,#7395,#7396));
#7398=FACE_OUTER_BOUND('',#7397,.F.);
#7400=CARTESIAN_POINT('',(1.75E0,-1.5E0,0.E0));
#7401=DIRECTION('',(1.E0,0.E0,0.E0));
#7402=DIRECTION('',(0.E0,0.E0,-1.E0));
#7403=AXIS2_PLACEMENT_3D('',#7400,#7401,#7402);
#7404=PLANE('',#7403);
#7406=ORIENTED_EDGE('',*,*,#7405,.T.);
#7408=ORIENTED_EDGE('',*,*,#7407,.T.);
#7409=ORIENTED_EDGE('',*,*,#7375,.F.);
#7410=ORIENTED_EDGE('',*,*,#4291,.F.);
#7411=EDGE_LOOP('',(#7406,#7408,#7409,#7410));
#7412=FACE_OUTER_BOUND('',#7411,.F.);
#7414=CARTESIAN_POINT('',(-1.75E0,-1.5E0,0.E0));
#7415=DIRECTION('',(0.E0,-1.E0,0.E0));
#7416=DIRECTION('',(0.E0,0.E0,-1.E0));
#7417=AXIS2_PLACEMENT_3D('',#7414,#7415,#7416);
#7418=PLANE('',#7417);
#7419=ORIENTED_EDGE('',*,*,#6167,.T.);
#7420=ORIENTED_EDGE('',*,*,#6282,.F.);
#7421=ORIENTED_EDGE('',*,*,#6155,.T.);
#7423=ORIENTED_EDGE('',*,*,#7422,.F.);
#7424=ORIENTED_EDGE('',*,*,#4341,.F.);
#7426=ORIENTED_EDGE('',*,*,#7425,.T.);
#7428=ORIENTED_EDGE('',*,*,#7427,.T.);
#7429=ORIENTED_EDGE('',*,*,#7405,.F.);
#7430=ORIENTED_EDGE('',*,*,#4289,.F.);
#7431=ORIENTED_EDGE('',*,*,#4355,.T.);
#7432=EDGE_LOOP('',(#7419,#7420,#7421,#7423,#7424,#7426,#7428,#7429,#7430,
#7431));
#7433=FACE_OUTER_BOUND('',#7432,.F.);
#7435=CARTESIAN_POINT('',(-5.5E-1,-1.5E0,0.E0));
#7436=DIRECTION('',(-1.E0,0.E0,0.E0));
#7437=DIRECTION('',(0.E0,-1.E0,0.E0));
#7438=AXIS2_PLACEMENT_3D('',#7435,#7436,#7437);
#7439=PLANE('',#7438);
#7440=ORIENTED_EDGE('',*,*,#4377,.F.);
#7441=ORIENTED_EDGE('',*,*,#4319,.T.);
#7442=ORIENTED_EDGE('',*,*,#7422,.T.);
#7443=ORIENTED_EDGE('',*,*,#6153,.T.);
#7444=EDGE_LOOP('',(#7440,#7441,#7442,#7443));
#7445=FACE_OUTER_BOUND('',#7444,.F.);
#7447=CARTESIAN_POINT('',(-1.75E0,1.5E0,0.E0));
#7448=DIRECTION('',(-1.E0,0.E0,0.E0));
#7449=DIRECTION('',(0.E0,0.E0,-1.E0));
#7450=AXIS2_PLACEMENT_3D('',#7447,#7448,#7449);
#7451=PLANE('',#7450);
#7452=ORIENTED_EDGE('',*,*,#7425,.F.);
#7453=ORIENTED_EDGE('',*,*,#4339,.F.);
#7454=ORIENTED_EDGE('',*,*,#7379,.T.);
#7456=ORIENTED_EDGE('',*,*,#7455,.T.);
#7457=EDGE_LOOP('',(#7452,#7453,#7454,#7456));
#7458=FACE_OUTER_BOUND('',#7457,.F.);
#7460=CARTESIAN_POINT('',(-1.75E0,-1.5E0,-3.8E0));
#7461=DIRECTION('',(0.E0,0.E0,-1.E0));
#7462=DIRECTION('',(0.E0,1.E0,0.E0));
#7463=AXIS2_PLACEMENT_3D('',#7460,#7461,#7462);
#7464=PLANE('',#7463);
#7465=ORIENTED_EDGE('',*,*,#7427,.F.);
#7466=ORIENTED_EDGE('',*,*,#7455,.F.);
#7467=ORIENTED_EDGE('',*,*,#7377,.F.);
#7468=ORIENTED_EDGE('',*,*,#7407,.F.);
#7469=EDGE_LOOP('',(#7465,#7466,#7467,#7468));
#7470=FACE_OUTER_BOUND('',#7469,.F.);
#7472=CARTESIAN_POINT('',(-5.5E-1,2.02E0,0.E0));
#7473=DIRECTION('',(-1.E0,0.E0,0.E0));
#7474=DIRECTION('',(0.E0,-1.E0,0.E0));
#7475=AXIS2_PLACEMENT_3D('',#7472,#7473,#7474);
#7476=PLANE('',#7475);
#7477=ORIENTED_EDGE('',*,*,#5019,.F.);
#7478=ORIENTED_EDGE('',*,*,#6182,.T.);
#7479=ORIENTED_EDGE('',*,*,#7382,.F.);
#7480=ORIENTED_EDGE('',*,*,#4335,.F.);
#7481=EDGE_LOOP('',(#7477,#7478,#7479,#7480));
#7482=FACE_OUTER_BOUND('',#7481,.F.);
#7484=CARTESIAN_POINT('',(3.05E0,3.05E0,-7.E0));
#7485=DIRECTION('',(1.E0,0.E0,0.E0));
#7486=DIRECTION('',(0.E0,-1.E0,0.E0));
#7487=AXIS2_PLACEMENT_3D('',#7484,#7485,#7486);
#7488=PLANE('',#7487);
#7489=ORIENTED_EDGE('',*,*,#4827,.F.);
#7490=ORIENTED_EDGE('',*,*,#4544,.F.);
#7492=ORIENTED_EDGE('',*,*,#7491,.F.);
#7493=ORIENTED_EDGE('',*,*,#4937,.F.);
#7495=ORIENTED_EDGE('',*,*,#7494,.F.);
#7497=ORIENTED_EDGE('',*,*,#7496,.F.);
#7498=ORIENTED_EDGE('',*,*,#4789,.F.);
#7500=ORIENTED_EDGE('',*,*,#7499,.T.);
#7502=ORIENTED_EDGE('',*,*,#7501,.F.);
#7503=ORIENTED_EDGE('',*,*,#4929,.F.);
#7505=ORIENTED_EDGE('',*,*,#7504,.F.);
#7506=ORIENTED_EDGE('',*,*,#4670,.F.);
#7507=ORIENTED_EDGE('',*,*,#4803,.F.);
#7508=ORIENTED_EDGE('',*,*,#5167,.F.);
#7509=ORIENTED_EDGE('',*,*,#5346,.T.);
#7510=ORIENTED_EDGE('',*,*,#6385,.T.);
#7511=EDGE_LOOP('',(#7489,#7490,#7492,#7493,#7495,#7497,#7498,#7500,#7502,#7503,
#7505,#7506,#7507,#7508,#7509,#7510));
#7512=FACE_OUTER_BOUND('',#7511,.F.);
#7514=ORIENTED_EDGE('',*,*,#7513,.F.);
#7516=ORIENTED_EDGE('',*,*,#7515,.T.);
#7518=ORIENTED_EDGE('',*,*,#7517,.T.);
#7520=ORIENTED_EDGE('',*,*,#7519,.F.);
#7521=EDGE_LOOP('',(#7514,#7516,#7518,#7520));
#7522=FACE_BOUND('',#7521,.F.);
#7524=ORIENTED_EDGE('',*,*,#7523,.T.);
#7526=ORIENTED_EDGE('',*,*,#7525,.T.);
#7528=ORIENTED_EDGE('',*,*,#7527,.F.);
#7530=ORIENTED_EDGE('',*,*,#7529,.F.);
#7531=EDGE_LOOP('',(#7524,#7526,#7528,#7530));
#7532=FACE_BOUND('',#7531,.F.);
#7534=CARTESIAN_POINT('',(3.05E0,-1.8E0,-3.65E0));
#7535=DIRECTION('',(-1.E0,0.E0,0.E0));
#7536=DIRECTION('',(0.E0,-1.E0,0.E0));
#7537=AXIS2_PLACEMENT_3D('',#7534,#7535,#7536);
#7538=CYLINDRICAL_SURFACE('',#7537,2.5E-1);
#7539=ORIENTED_EDGE('',*,*,#7491,.T.);
#7540=ORIENTED_EDGE('',*,*,#4542,.T.);
#7542=ORIENTED_EDGE('',*,*,#7541,.T.);
#7543=ORIENTED_EDGE('',*,*,#4939,.F.);
#7544=EDGE_LOOP('',(#7539,#7540,#7542,#7543));
#7545=FACE_OUTER_BOUND('',#7544,.F.);
#7547=CARTESIAN_POINT('',(2.369884521617E0,-2.02E0,-3.9E0));
#7548=DIRECTION('',(1.E0,0.E0,0.E0));
#7549=DIRECTION('',(0.E0,0.E0,1.E0));
#7550=AXIS2_PLACEMENT_3D('',#7547,#7548,#7549);
#7551=PLANE('',#7550);
#7553=ORIENTED_EDGE('',*,*,#7552,.T.);
#7555=ORIENTED_EDGE('',*,*,#7554,.F.);
#7557=ORIENTED_EDGE('',*,*,#7556,.F.);
#7559=ORIENTED_EDGE('',*,*,#7558,.T.);
#7561=ORIENTED_EDGE('',*,*,#7560,.T.);
#7562=ORIENTED_EDGE('',*,*,#4933,.T.);
#7563=EDGE_LOOP('',(#7553,#7555,#7557,#7559,#7561,#7562));
#7564=FACE_OUTER_BOUND('',#7563,.F.);
#7566=CARTESIAN_POINT('',(2.369884521617E0,-2.02E0,-3.9E0));
#7567=DIRECTION('',(1.E0,0.E0,0.E0));
#7568=DIRECTION('',(0.E0,0.E0,1.E0));
#7569=AXIS2_PLACEMENT_3D('',#7566,#7567,#7568);
#7570=PLANE('',#7569);
#7571=ORIENTED_EDGE('',*,*,#7541,.F.);
#7572=ORIENTED_EDGE('',*,*,#4540,.F.);
#7573=ORIENTED_EDGE('',*,*,#4941,.T.);
#7574=EDGE_LOOP('',(#7571,#7572,#7573));
#7575=FACE_OUTER_BOUND('',#7574,.F.);
#7577=CARTESIAN_POINT('',(2.369884521617E0,-2.02E0,-3.9E0));
#7578=DIRECTION('',(1.E0,0.E0,0.E0));
#7579=DIRECTION('',(0.E0,0.E0,1.E0));
#7580=AXIS2_PLACEMENT_3D('',#7577,#7578,#7579);
#7581=PLANE('',#7580);
#7582=ORIENTED_EDGE('',*,*,#4925,.T.);
#7583=ORIENTED_EDGE('',*,*,#4674,.T.);
#7585=ORIENTED_EDGE('',*,*,#7584,.F.);
#7586=EDGE_LOOP('',(#7582,#7583,#7585));
#7587=FACE_OUTER_BOUND('',#7586,.F.);
#7589=CARTESIAN_POINT('',(3.05E0,1.6E0,-3.65E0));
#7590=DIRECTION('',(-1.E0,0.E0,0.E0));
#7591=DIRECTION('',(0.E0,-1.E0,0.E0));
#7592=AXIS2_PLACEMENT_3D('',#7589,#7590,#7591);
#7593=CYLINDRICAL_SURFACE('',#7592,2.5E-1);
#7594=ORIENTED_EDGE('',*,*,#4931,.F.);
#7595=ORIENTED_EDGE('',*,*,#7501,.T.);
#7597=ORIENTED_EDGE('',*,*,#7596,.T.);
#7598=ORIENTED_EDGE('',*,*,#7552,.F.);
#7599=EDGE_LOOP('',(#7594,#7595,#7597,#7598));
#7600=FACE_OUTER_BOUND('',#7599,.F.);
#7602=CARTESIAN_POINT('',(3.05E0,1.35E0,-3.65E0));
#7603=DIRECTION('',(0.E0,1.E0,0.E0));
#7604=DIRECTION('',(0.E0,0.E0,1.E0));
#7605=AXIS2_PLACEMENT_3D('',#7602,#7603,#7604);
#7606=PLANE('',#7605);
#7607=ORIENTED_EDGE('',*,*,#7596,.F.);
#7608=ORIENTED_EDGE('',*,*,#7499,.F.);
#7609=ORIENTED_EDGE('',*,*,#4787,.T.);
#7611=ORIENTED_EDGE('',*,*,#7610,.F.);
#7612=ORIENTED_EDGE('',*,*,#7554,.T.);
#7613=EDGE_LOOP('',(#7607,#7608,#7609,#7611,#7612));
#7614=FACE_OUTER_BOUND('',#7613,.F.);
#7616=CARTESIAN_POINT('',(2.369884521617E0,-2.02E0,-2.650199867028E0));
#7617=DIRECTION('',(8.658344627234E-1,0.E0,-5.003305738813E-1));
#7618=DIRECTION('',(5.003305738813E-1,0.E0,8.658344627234E-1));
#7619=AXIS2_PLACEMENT_3D('',#7616,#7617,#7618);
#7620=PLANE('',#7619);
#7621=ORIENTED_EDGE('',*,*,#7610,.T.);
#7622=ORIENTED_EDGE('',*,*,#4793,.T.);
#7624=ORIENTED_EDGE('',*,*,#7623,.F.);
#7625=ORIENTED_EDGE('',*,*,#7556,.T.);
#7626=EDGE_LOOP('',(#7621,#7622,#7624,#7625));
#7627=FACE_OUTER_BOUND('',#7626,.F.);
#7629=CARTESIAN_POINT('',(3.05E0,-1.35E0,-2.2E0));
#7630=DIRECTION('',(0.E0,-1.E0,0.E0));
#7631=DIRECTION('',(0.E0,0.E0,-1.E0));
#7632=AXIS2_PLACEMENT_3D('',#7629,#7630,#7631);
#7633=PLANE('',#7632);
#7635=ORIENTED_EDGE('',*,*,#7634,.T.);
#7636=ORIENTED_EDGE('',*,*,#7558,.F.);
#7637=ORIENTED_EDGE('',*,*,#7623,.T.);
#7638=ORIENTED_EDGE('',*,*,#4791,.F.);
#7639=ORIENTED_EDGE('',*,*,#7496,.T.);
#7640=EDGE_LOOP('',(#7635,#7636,#7637,#7638,#7639));
#7641=FACE_OUTER_BOUND('',#7640,.F.);
#7643=CARTESIAN_POINT('',(3.05E0,-1.6E0,-3.65E0));
#7644=DIRECTION('',(-1.E0,0.E0,0.E0));
#7645=DIRECTION('',(0.E0,-1.E0,0.E0));
#7646=AXIS2_PLACEMENT_3D('',#7643,#7644,#7645);
#7647=CYLINDRICAL_SURFACE('',#7646,2.5E-1);
#7648=ORIENTED_EDGE('',*,*,#7634,.F.);
#7649=ORIENTED_EDGE('',*,*,#7494,.T.);
#7650=ORIENTED_EDGE('',*,*,#4935,.T.);
#7651=ORIENTED_EDGE('',*,*,#7560,.F.);
#7652=EDGE_LOOP('',(#7648,#7649,#7650,#7651));
#7653=FACE_OUTER_BOUND('',#7652,.F.);
#7655=CARTESIAN_POINT('',(3.05E0,1.8E0,-3.65E0));
#7656=DIRECTION('',(-1.E0,0.E0,0.E0));
#7657=DIRECTION('',(0.E0,-1.E0,0.E0));
#7658=AXIS2_PLACEMENT_3D('',#7655,#7656,#7657);
#7659=CYLINDRICAL_SURFACE('',#7658,2.5E-1);
#7660=ORIENTED_EDGE('',*,*,#7584,.T.);
#7661=ORIENTED_EDGE('',*,*,#4672,.F.);
#7662=ORIENTED_EDGE('',*,*,#7504,.T.);
#7663=ORIENTED_EDGE('',*,*,#4927,.T.);
#7664=EDGE_LOOP('',(#7660,#7661,#7662,#7663));
#7665=FACE_OUTER_BOUND('',#7664,.F.);
#7667=CARTESIAN_POINT('',(0.E0,-2.575E0,-7.E0));
#7668=DIRECTION('',(0.E0,1.E0,0.E0));
#7669=DIRECTION('',(-1.E0,0.E0,0.E0));
#7670=AXIS2_PLACEMENT_3D('',#7667,#7668,#7669);
#7671=PLANE('',#7670);
#7672=ORIENTED_EDGE('',*,*,#4746,.F.);
#7674=ORIENTED_EDGE('',*,*,#7673,.T.);
#7676=ORIENTED_EDGE('',*,*,#7675,.T.);
#7678=ORIENTED_EDGE('',*,*,#7677,.T.);
#7680=ORIENTED_EDGE('',*,*,#7679,.T.);
#7682=ORIENTED_EDGE('',*,*,#7681,.T.);
#7684=ORIENTED_EDGE('',*,*,#7683,.T.);
#7686=ORIENTED_EDGE('',*,*,#7685,.T.);
#7688=ORIENTED_EDGE('',*,*,#7687,.T.);
#7690=ORIENTED_EDGE('',*,*,#7689,.T.);
#7692=ORIENTED_EDGE('',*,*,#7691,.T.);
#7694=ORIENTED_EDGE('',*,*,#7693,.T.);
#7695=EDGE_LOOP('',(#7672,#7674,#7676,#7678,#7680,#7682,#7684,#7686,#7688,#7690,
#7692,#7694));
#7696=FACE_OUTER_BOUND('',#7695,.F.);
#7698=CARTESIAN_POINT('',(0.E0,-2.575E0,-7.E0));
#7699=DIRECTION('',(0.E0,1.E0,0.E0));
#7700=DIRECTION('',(-1.E0,0.E0,0.E0));
#7701=AXIS2_PLACEMENT_3D('',#7698,#7699,#7700);
#7702=PLANE('',#7701);
#7703=ORIENTED_EDGE('',*,*,#7513,.T.);
#7705=ORIENTED_EDGE('',*,*,#7704,.T.);
#7707=ORIENTED_EDGE('',*,*,#7706,.T.);
#7709=ORIENTED_EDGE('',*,*,#7708,.T.);
#7711=ORIENTED_EDGE('',*,*,#7710,.T.);
#7713=ORIENTED_EDGE('',*,*,#7712,.T.);
#7715=ORIENTED_EDGE('',*,*,#7714,.T.);
#7717=ORIENTED_EDGE('',*,*,#7716,.T.);
#7719=ORIENTED_EDGE('',*,*,#7718,.T.);
#7721=ORIENTED_EDGE('',*,*,#7720,.T.);
#7723=ORIENTED_EDGE('',*,*,#7722,.T.);
#7725=ORIENTED_EDGE('',*,*,#7724,.T.);
#7726=EDGE_LOOP('',(#7703,#7705,#7707,#7709,#7711,#7713,#7715,#7717,#7719,#7721,
#7723,#7725));
#7727=FACE_OUTER_BOUND('',#7726,.F.);
#7729=CARTESIAN_POINT('',(-3.05E0,-2.575E0,-6.3E0));
#7730=DIRECTION('',(0.E0,0.E0,-1.E0));
#7731=DIRECTION('',(-1.E0,0.E0,0.E0));
#7732=AXIS2_PLACEMENT_3D('',#7729,#7730,#7731);
#7733=PLANE('',#7732);
#7734=ORIENTED_EDGE('',*,*,#4752,.T.);
#7736=ORIENTED_EDGE('',*,*,#7735,.T.);
#7738=ORIENTED_EDGE('',*,*,#7737,.F.);
#7739=ORIENTED_EDGE('',*,*,#7673,.F.);
#7740=EDGE_LOOP('',(#7734,#7736,#7738,#7739));
#7741=FACE_OUTER_BOUND('',#7740,.F.);
#7743=CARTESIAN_POINT('',(0.E0,-1.925E0,-7.E0));
#7744=DIRECTION('',(0.E0,1.E0,0.E0));
#7745=DIRECTION('',(-1.E0,0.E0,0.E0));
#7746=AXIS2_PLACEMENT_3D('',#7743,#7744,#7745);
#7747=PLANE('',#7746);
#7748=ORIENTED_EDGE('',*,*,#4750,.T.);
#7750=ORIENTED_EDGE('',*,*,#7749,.F.);
#7752=ORIENTED_EDGE('',*,*,#7751,.F.);
#7754=ORIENTED_EDGE('',*,*,#7753,.F.);
#7756=ORIENTED_EDGE('',*,*,#7755,.F.);
#7758=ORIENTED_EDGE('',*,*,#7757,.F.);
#7760=ORIENTED_EDGE('',*,*,#7759,.F.);
#7762=ORIENTED_EDGE('',*,*,#7761,.F.);
#7764=ORIENTED_EDGE('',*,*,#7763,.F.);
#7766=ORIENTED_EDGE('',*,*,#7765,.F.);
#7768=ORIENTED_EDGE('',*,*,#7767,.F.);
#7769=ORIENTED_EDGE('',*,*,#7735,.F.);
#7770=EDGE_LOOP('',(#7748,#7750,#7752,#7754,#7756,#7758,#7760,#7762,#7764,#7766,
#7768,#7769));
#7771=FACE_OUTER_BOUND('',#7770,.F.);
#7773=CARTESIAN_POINT('',(0.E0,-1.925E0,-7.E0));
#7774=DIRECTION('',(0.E0,1.E0,0.E0));
#7775=DIRECTION('',(-1.E0,0.E0,0.E0));
#7776=AXIS2_PLACEMENT_3D('',#7773,#7774,#7775);
#7777=PLANE('',#7776);
#7778=ORIENTED_EDGE('',*,*,#7517,.F.);
#7780=ORIENTED_EDGE('',*,*,#7779,.F.);
#7782=ORIENTED_EDGE('',*,*,#7781,.F.);
#7784=ORIENTED_EDGE('',*,*,#7783,.F.);
#7786=ORIENTED_EDGE('',*,*,#7785,.F.);
#7788=ORIENTED_EDGE('',*,*,#7787,.F.);
#7790=ORIENTED_EDGE('',*,*,#7789,.F.);
#7792=ORIENTED_EDGE('',*,*,#7791,.F.);
#7794=ORIENTED_EDGE('',*,*,#7793,.F.);
#7796=ORIENTED_EDGE('',*,*,#7795,.F.);
#7798=ORIENTED_EDGE('',*,*,#7797,.F.);
#7800=ORIENTED_EDGE('',*,*,#7799,.F.);
#7801=EDGE_LOOP('',(#7778,#7780,#7782,#7784,#7786,#7788,#7790,#7792,#7794,#7796,
#7798,#7800));
#7802=FACE_OUTER_BOUND('',#7801,.F.);
#7804=CARTESIAN_POINT('',(-3.488E0,-2.575E0,-6.E0));
#7805=DIRECTION('',(0.E0,0.E0,1.E0));
#7806=DIRECTION('',(1.E0,0.E0,0.E0));
#7807=AXIS2_PLACEMENT_3D('',#7804,#7805,#7806);
#7808=PLANE('',#7807);
#7809=ORIENTED_EDGE('',*,*,#4748,.F.);
#7810=ORIENTED_EDGE('',*,*,#7693,.F.);
#7812=ORIENTED_EDGE('',*,*,#7811,.T.);
#7813=ORIENTED_EDGE('',*,*,#7749,.T.);
#7814=EDGE_LOOP('',(#7809,#7810,#7812,#7813));
#7815=FACE_OUTER_BOUND('',#7814,.F.);
#7817=CARTESIAN_POINT('',(-3.488E0,-2.575E0,-6.4E0));
#7818=DIRECTION('',(0.E0,1.E0,0.E0));
#7819=DIRECTION('',(-1.E0,0.E0,0.E0));
#7820=AXIS2_PLACEMENT_3D('',#7817,#7818,#7819);
#7821=CYLINDRICAL_SURFACE('',#7820,4.E-1);
#7822=ORIENTED_EDGE('',*,*,#7691,.F.);
#7824=ORIENTED_EDGE('',*,*,#7823,.T.);
#7825=ORIENTED_EDGE('',*,*,#7751,.T.);
#7826=ORIENTED_EDGE('',*,*,#7811,.F.);
#7827=EDGE_LOOP('',(#7822,#7824,#7825,#7826));
#7828=FACE_OUTER_BOUND('',#7827,.F.);
#7830=CARTESIAN_POINT('',(-3.900007156355E0,-2.575E0,-7.401196335946E0));
#7831=DIRECTION('',(-9.999284364545E-1,0.E0,1.196335946470E-2));
#7832=DIRECTION('',(1.196335946470E-2,0.E0,9.999284364545E-1));
#7833=AXIS2_PLACEMENT_3D('',#7830,#7831,#7832);
#7834=PLANE('',#7833);
#7835=ORIENTED_EDGE('',*,*,#7689,.F.);
#7837=ORIENTED_EDGE('',*,*,#7836,.T.);
#7838=ORIENTED_EDGE('',*,*,#7753,.T.);
#7839=ORIENTED_EDGE('',*,*,#7823,.F.);
#7840=EDGE_LOOP('',(#7835,#7837,#7838,#7839));
#7841=FACE_OUTER_BOUND('',#7840,.F.);
#7843=CARTESIAN_POINT('',(-4.E0,-2.575E0,-7.4E0));
#7844=DIRECTION('',(0.E0,1.E0,0.E0));
#7845=DIRECTION('',(-1.E0,0.E0,0.E0));
#7846=AXIS2_PLACEMENT_3D('',#7843,#7844,#7845);
#7847=CYLINDRICAL_SURFACE('',#7846,1.E-1);
#7848=ORIENTED_EDGE('',*,*,#7687,.F.);
#7850=ORIENTED_EDGE('',*,*,#7849,.T.);
#7851=ORIENTED_EDGE('',*,*,#7755,.T.);
#7852=ORIENTED_EDGE('',*,*,#7836,.F.);
#7853=EDGE_LOOP('',(#7848,#7850,#7851,#7852));
#7854=FACE_OUTER_BOUND('',#7853,.F.);
#7856=CARTESIAN_POINT('',(-5.E0,-2.575E0,-7.5E0));
#7857=DIRECTION('',(0.E0,0.E0,1.E0));
#7858=DIRECTION('',(1.E0,0.E0,0.E0));
#7859=AXIS2_PLACEMENT_3D('',#7856,#7857,#7858);
#7860=PLANE('',#7859);
#7861=ORIENTED_EDGE('',*,*,#7685,.F.);
#7863=ORIENTED_EDGE('',*,*,#7862,.T.);
#7864=ORIENTED_EDGE('',*,*,#7757,.T.);
#7865=ORIENTED_EDGE('',*,*,#7849,.F.);
#7866=EDGE_LOOP('',(#7861,#7863,#7864,#7865));
#7867=FACE_OUTER_BOUND('',#7866,.F.);
#7869=CARTESIAN_POINT('',(-5.E0,-2.575E0,-7.8E0));
#7870=DIRECTION('',(-1.E0,0.E0,0.E0));
#7871=DIRECTION('',(0.E0,0.E0,1.E0));
#7872=AXIS2_PLACEMENT_3D('',#7869,#7870,#7871);
#7873=PLANE('',#7872);
#7874=ORIENTED_EDGE('',*,*,#7683,.F.);
#7876=ORIENTED_EDGE('',*,*,#7875,.T.);
#7877=ORIENTED_EDGE('',*,*,#7759,.T.);
#7878=ORIENTED_EDGE('',*,*,#7862,.F.);
#7879=EDGE_LOOP('',(#7874,#7876,#7877,#7878));
#7880=FACE_OUTER_BOUND('',#7879,.F.);
#7882=CARTESIAN_POINT('',(-4.E0,-2.575E0,-7.8E0));
#7883=DIRECTION('',(0.E0,0.E0,-1.E0));
#7884=DIRECTION('',(-1.E0,0.E0,0.E0));
#7885=AXIS2_PLACEMENT_3D('',#7882,#7883,#7884);
#7886=PLANE('',#7885);
#7887=ORIENTED_EDGE('',*,*,#7681,.F.);
#7889=ORIENTED_EDGE('',*,*,#7888,.T.);
#7890=ORIENTED_EDGE('',*,*,#7761,.T.);
#7891=ORIENTED_EDGE('',*,*,#7875,.F.);
#7892=EDGE_LOOP('',(#7887,#7889,#7890,#7891));
#7893=FACE_OUTER_BOUND('',#7892,.F.);
#7895=CARTESIAN_POINT('',(-4.E0,-2.575E0,-7.4E0));
#7896=DIRECTION('',(0.E0,1.E0,0.E0));
#7897=DIRECTION('',(-1.E0,0.E0,0.E0));
#7898=AXIS2_PLACEMENT_3D('',#7895,#7896,#7897);
#7899=CYLINDRICAL_SURFACE('',#7898,4.E-1);
#7900=ORIENTED_EDGE('',*,*,#7679,.F.);
#7902=ORIENTED_EDGE('',*,*,#7901,.T.);
#7903=ORIENTED_EDGE('',*,*,#7763,.T.);
#7904=ORIENTED_EDGE('',*,*,#7888,.F.);
#7905=EDGE_LOOP('',(#7900,#7902,#7903,#7904));
#7906=FACE_OUTER_BOUND('',#7905,.F.);
#7908=CARTESIAN_POINT('',(-3.587992843645E0,-2.575E0,-6.398803664054E0));
#7909=DIRECTION('',(9.999284364545E-1,0.E0,-1.196335946470E-2));
#7910=DIRECTION('',(-1.196335946470E-2,0.E0,-9.999284364545E-1));
#7911=AXIS2_PLACEMENT_3D('',#7908,#7909,#7910);
#7912=PLANE('',#7911);
#7913=ORIENTED_EDGE('',*,*,#7677,.F.);
#7915=ORIENTED_EDGE('',*,*,#7914,.T.);
#7916=ORIENTED_EDGE('',*,*,#7765,.T.);
#7917=ORIENTED_EDGE('',*,*,#7901,.F.);
#7918=EDGE_LOOP('',(#7913,#7915,#7916,#7917));
#7919=FACE_OUTER_BOUND('',#7918,.F.);
#7921=CARTESIAN_POINT('',(-3.488E0,-2.575E0,-6.4E0));
#7922=DIRECTION('',(0.E0,1.E0,0.E0));
#7923=DIRECTION('',(-1.E0,0.E0,0.E0));
#7924=AXIS2_PLACEMENT_3D('',#7921,#7922,#7923);
#7925=CYLINDRICAL_SURFACE('',#7924,1.E-1);
#7926=ORIENTED_EDGE('',*,*,#7675,.F.);
#7927=ORIENTED_EDGE('',*,*,#7737,.T.);
#7928=ORIENTED_EDGE('',*,*,#7767,.T.);
#7929=ORIENTED_EDGE('',*,*,#7914,.F.);
#7930=EDGE_LOOP('',(#7926,#7927,#7928,#7929));
#7931=FACE_OUTER_BOUND('',#7930,.F.);
#7933=CARTESIAN_POINT('',(3.488E0,-2.575E0,-6.3E0));
#7934=DIRECTION('',(0.E0,0.E0,-1.E0));
#7935=DIRECTION('',(-1.E0,0.E0,0.E0));
#7936=AXIS2_PLACEMENT_3D('',#7933,#7934,#7935);
#7937=PLANE('',#7936);
#7938=ORIENTED_EDGE('',*,*,#7515,.F.);
#7939=ORIENTED_EDGE('',*,*,#7724,.F.);
#7941=ORIENTED_EDGE('',*,*,#7940,.T.);
#7942=ORIENTED_EDGE('',*,*,#7779,.T.);
#7943=EDGE_LOOP('',(#7938,#7939,#7941,#7942));
#7944=FACE_OUTER_BOUND('',#7943,.F.);
#7946=CARTESIAN_POINT('',(3.488E0,-2.575E0,-6.4E0));
#7947=DIRECTION('',(0.E0,1.E0,0.E0));
#7948=DIRECTION('',(-1.E0,0.E0,0.E0));
#7949=AXIS2_PLACEMENT_3D('',#7946,#7947,#7948);
#7950=CYLINDRICAL_SURFACE('',#7949,1.E-1);
#7951=ORIENTED_EDGE('',*,*,#7722,.F.);
#7953=ORIENTED_EDGE('',*,*,#7952,.T.);
#7954=ORIENTED_EDGE('',*,*,#7781,.T.);
#7955=ORIENTED_EDGE('',*,*,#7940,.F.);
#7956=EDGE_LOOP('',(#7951,#7953,#7954,#7955));
#7957=FACE_OUTER_BOUND('',#7956,.F.);
#7959=CARTESIAN_POINT('',(3.600028625418E0,-2.575E0,-7.404785343786E0));
#7960=DIRECTION('',(-9.999284364545E-1,0.E0,-1.196335946470E-2));
#7961=DIRECTION('',(-1.196335946470E-2,0.E0,9.999284364545E-1));
#7962=AXIS2_PLACEMENT_3D('',#7959,#7960,#7961);
#7963=PLANE('',#7962);
#7964=ORIENTED_EDGE('',*,*,#7720,.F.);
#7966=ORIENTED_EDGE('',*,*,#7965,.T.);
#7967=ORIENTED_EDGE('',*,*,#7783,.T.);
#7968=ORIENTED_EDGE('',*,*,#7952,.F.);
#7969=EDGE_LOOP('',(#7964,#7966,#7967,#7968));
#7970=FACE_OUTER_BOUND('',#7969,.F.);
#7972=CARTESIAN_POINT('',(4.E0,-2.575E0,-7.4E0));
#7973=DIRECTION('',(0.E0,1.E0,0.E0));
#7974=DIRECTION('',(-1.E0,0.E0,0.E0));
#7975=AXIS2_PLACEMENT_3D('',#7972,#7973,#7974);
#7976=CYLINDRICAL_SURFACE('',#7975,4.E-1);
#7977=ORIENTED_EDGE('',*,*,#7718,.F.);
#7979=ORIENTED_EDGE('',*,*,#7978,.T.);
#7980=ORIENTED_EDGE('',*,*,#7785,.T.);
#7981=ORIENTED_EDGE('',*,*,#7965,.F.);
#7982=EDGE_LOOP('',(#7977,#7979,#7980,#7981));
#7983=FACE_OUTER_BOUND('',#7982,.F.);
#7985=CARTESIAN_POINT('',(5.E0,-2.575E0,-7.8E0));
#7986=DIRECTION('',(0.E0,0.E0,-1.E0));
#7987=DIRECTION('',(-1.E0,0.E0,0.E0));
#7988=AXIS2_PLACEMENT_3D('',#7985,#7986,#7987);
#7989=PLANE('',#7988);
#7990=ORIENTED_EDGE('',*,*,#7716,.F.);
#7992=ORIENTED_EDGE('',*,*,#7991,.T.);
#7993=ORIENTED_EDGE('',*,*,#7787,.T.);
#7994=ORIENTED_EDGE('',*,*,#7978,.F.);
#7995=EDGE_LOOP('',(#7990,#7992,#7993,#7994));
#7996=FACE_OUTER_BOUND('',#7995,.F.);
#7998=CARTESIAN_POINT('',(5.E0,-2.575E0,-7.5E0));
#7999=DIRECTION('',(1.E0,0.E0,0.E0));
#8000=DIRECTION('',(0.E0,0.E0,-1.E0));
#8001=AXIS2_PLACEMENT_3D('',#7998,#7999,#8000);
#8002=PLANE('',#8001);
#8003=ORIENTED_EDGE('',*,*,#7714,.F.);
#8005=ORIENTED_EDGE('',*,*,#8004,.T.);
#8006=ORIENTED_EDGE('',*,*,#7789,.T.);
#8007=ORIENTED_EDGE('',*,*,#7991,.F.);
#8008=EDGE_LOOP('',(#8003,#8005,#8006,#8007));
#8009=FACE_OUTER_BOUND('',#8008,.F.);
#8011=CARTESIAN_POINT('',(4.E0,-2.575E0,-7.5E0));
#8012=DIRECTION('',(0.E0,0.E0,1.E0));
#8013=DIRECTION('',(1.E0,0.E0,0.E0));
#8014=AXIS2_PLACEMENT_3D('',#8011,#8012,#8013);
#8015=PLANE('',#8014);
#8016=ORIENTED_EDGE('',*,*,#7712,.F.);
#8018=ORIENTED_EDGE('',*,*,#8017,.T.);
#8019=ORIENTED_EDGE('',*,*,#7791,.T.);
#8020=ORIENTED_EDGE('',*,*,#8004,.F.);
#8021=EDGE_LOOP('',(#8016,#8018,#8019,#8020));
#8022=FACE_OUTER_BOUND('',#8021,.F.);
#8024=CARTESIAN_POINT('',(4.E0,-2.575E0,-7.4E0));
#8025=DIRECTION('',(0.E0,1.E0,0.E0));
#8026=DIRECTION('',(-1.E0,0.E0,0.E0));
#8027=AXIS2_PLACEMENT_3D('',#8024,#8025,#8026);
#8028=CYLINDRICAL_SURFACE('',#8027,1.E-1);
#8029=ORIENTED_EDGE('',*,*,#7710,.F.);
#8031=ORIENTED_EDGE('',*,*,#8030,.T.);
#8032=ORIENTED_EDGE('',*,*,#7793,.T.);
#8033=ORIENTED_EDGE('',*,*,#8017,.F.);
#8034=EDGE_LOOP('',(#8029,#8031,#8032,#8033));
#8035=FACE_OUTER_BOUND('',#8034,.F.);
#8037=CARTESIAN_POINT('',(3.887971374582E0,-2.575E0,-6.395214656214E0));
#8038=DIRECTION('',(9.999284364545E-1,0.E0,1.196335946470E-2));
#8039=DIRECTION('',(1.196335946470E-2,0.E0,-9.999284364545E-1));
#8040=AXIS2_PLACEMENT_3D('',#8037,#8038,#8039);
#8041=PLANE('',#8040);
#8042=ORIENTED_EDGE('',*,*,#7708,.F.);
#8044=ORIENTED_EDGE('',*,*,#8043,.T.);
#8045=ORIENTED_EDGE('',*,*,#7795,.T.);
#8046=ORIENTED_EDGE('',*,*,#8030,.F.);
#8047=EDGE_LOOP('',(#8042,#8044,#8045,#8046));
#8048=FACE_OUTER_BOUND('',#8047,.F.);
#8050=CARTESIAN_POINT('',(3.488E0,-2.575E0,-6.4E0));
#8051=DIRECTION('',(0.E0,1.E0,0.E0));
#8052=DIRECTION('',(-1.E0,0.E0,0.E0));
#8053=AXIS2_PLACEMENT_3D('',#8050,#8051,#8052);
#8054=CYLINDRICAL_SURFACE('',#8053,4.E-1);
#8055=ORIENTED_EDGE('',*,*,#7706,.F.);
#8057=ORIENTED_EDGE('',*,*,#8056,.T.);
#8058=ORIENTED_EDGE('',*,*,#7797,.T.);
#8059=ORIENTED_EDGE('',*,*,#8043,.F.);
#8060=EDGE_LOOP('',(#8055,#8057,#8058,#8059));
#8061=FACE_OUTER_BOUND('',#8060,.F.);
#8063=CARTESIAN_POINT('',(3.05E0,-2.575E0,-6.E0));
#8064=DIRECTION('',(0.E0,0.E0,1.E0));
#8065=DIRECTION('',(1.E0,0.E0,0.E0));
#8066=AXIS2_PLACEMENT_3D('',#8063,#8064,#8065);
#8067=PLANE('',#8066);
#8068=ORIENTED_EDGE('',*,*,#7519,.T.);
#8069=ORIENTED_EDGE('',*,*,#7799,.T.);
#8070=ORIENTED_EDGE('',*,*,#8056,.F.);
#8071=ORIENTED_EDGE('',*,*,#7704,.F.);
#8072=EDGE_LOOP('',(#8068,#8069,#8070,#8071));
#8073=FACE_OUTER_BOUND('',#8072,.F.);
#8075=CARTESIAN_POINT('',(0.E0,2.575E0,-7.E0));
#8076=DIRECTION('',(0.E0,1.E0,0.E0));
#8077=DIRECTION('',(-1.E0,0.E0,0.E0));
#8078=AXIS2_PLACEMENT_3D('',#8075,#8076,#8077);
#8079=PLANE('',#8078);
#8081=ORIENTED_EDGE('',*,*,#8080,.F.);
#8082=ORIENTED_EDGE('',*,*,#7523,.F.);
#8084=ORIENTED_EDGE('',*,*,#8083,.F.);
#8086=ORIENTED_EDGE('',*,*,#8085,.F.);
#8088=ORIENTED_EDGE('',*,*,#8087,.F.);
#8090=ORIENTED_EDGE('',*,*,#8089,.F.);
#8092=ORIENTED_EDGE('',*,*,#8091,.F.);
#8094=ORIENTED_EDGE('',*,*,#8093,.F.);
#8096=ORIENTED_EDGE('',*,*,#8095,.F.);
#8098=ORIENTED_EDGE('',*,*,#8097,.F.);
#8100=ORIENTED_EDGE('',*,*,#8099,.F.);
#8102=ORIENTED_EDGE('',*,*,#8101,.F.);
#8103=EDGE_LOOP('',(#8081,#8082,#8084,#8086,#8088,#8090,#8092,#8094,#8096,#8098,
#8100,#8102));
#8104=FACE_OUTER_BOUND('',#8103,.F.);
#8106=CARTESIAN_POINT('',(0.E0,2.575E0,-7.E0));
#8107=DIRECTION('',(0.E0,1.E0,0.E0));
#8108=DIRECTION('',(-1.E0,0.E0,0.E0));
#8109=AXIS2_PLACEMENT_3D('',#8106,#8107,#8108);
#8110=PLANE('',#8109);
#8112=ORIENTED_EDGE('',*,*,#8111,.F.);
#8113=ORIENTED_EDGE('',*,*,#4756,.T.);
#8115=ORIENTED_EDGE('',*,*,#8114,.F.);
#8117=ORIENTED_EDGE('',*,*,#8116,.F.);
#8119=ORIENTED_EDGE('',*,*,#8118,.F.);
#8121=ORIENTED_EDGE('',*,*,#8120,.F.);
#8123=ORIENTED_EDGE('',*,*,#8122,.F.);
#8125=ORIENTED_EDGE('',*,*,#8124,.F.);
#8127=ORIENTED_EDGE('',*,*,#8126,.F.);
#8129=ORIENTED_EDGE('',*,*,#8128,.F.);
#8131=ORIENTED_EDGE('',*,*,#8130,.F.);
#8133=ORIENTED_EDGE('',*,*,#8132,.F.);
#8134=EDGE_LOOP('',(#8112,#8113,#8115,#8117,#8119,#8121,#8123,#8125,#8127,#8129,
#8131,#8133));
#8135=FACE_OUTER_BOUND('',#8134,.F.);
#8137=CARTESIAN_POINT('',(3.05E0,2.575E0,-6.E0));
#8138=DIRECTION('',(0.E0,0.E0,-1.E0));
#8139=DIRECTION('',(1.E0,0.E0,0.E0));
#8140=AXIS2_PLACEMENT_3D('',#8137,#8138,#8139);
#8141=PLANE('',#8140);
#8142=ORIENTED_EDGE('',*,*,#8080,.T.);
#8144=ORIENTED_EDGE('',*,*,#8143,.T.);
#8146=ORIENTED_EDGE('',*,*,#8145,.F.);
#8147=ORIENTED_EDGE('',*,*,#7525,.F.);
#8148=EDGE_LOOP('',(#8142,#8144,#8146,#8147));
#8149=FACE_OUTER_BOUND('',#8148,.F.);
#8151=CARTESIAN_POINT('',(3.488E0,2.575E0,-6.4E0));
#8152=DIRECTION('',(0.E0,1.E0,0.E0));
#8153=DIRECTION('',(-1.E0,0.E0,0.E0));
#8154=AXIS2_PLACEMENT_3D('',#8151,#8152,#8153);
#8155=CYLINDRICAL_SURFACE('',#8154,4.E-1);
#8156=ORIENTED_EDGE('',*,*,#8101,.T.);
#8158=ORIENTED_EDGE('',*,*,#8157,.T.);
#8160=ORIENTED_EDGE('',*,*,#8159,.F.);
#8161=ORIENTED_EDGE('',*,*,#8143,.F.);
#8162=EDGE_LOOP('',(#8156,#8158,#8160,#8161));
#8163=FACE_OUTER_BOUND('',#8162,.F.);
#8165=CARTESIAN_POINT('',(3.887971374582E0,2.575E0,-6.395214656214E0));
#8166=DIRECTION('',(-9.999284364545E-1,0.E0,-1.196335946470E-2));
#8167=DIRECTION('',(1.196335946470E-2,0.E0,-9.999284364545E-1));
#8168=AXIS2_PLACEMENT_3D('',#8165,#8166,#8167);
#8169=PLANE('',#8168);
#8170=ORIENTED_EDGE('',*,*,#8099,.T.);
#8172=ORIENTED_EDGE('',*,*,#8171,.T.);
#8174=ORIENTED_EDGE('',*,*,#8173,.F.);
#8175=ORIENTED_EDGE('',*,*,#8157,.F.);
#8176=EDGE_LOOP('',(#8170,#8172,#8174,#8175));
#8177=FACE_OUTER_BOUND('',#8176,.F.);
#8179=CARTESIAN_POINT('',(4.E0,2.575E0,-7.4E0));
#8180=DIRECTION('',(0.E0,1.E0,0.E0));
#8181=DIRECTION('',(-1.E0,0.E0,0.E0));
#8182=AXIS2_PLACEMENT_3D('',#8179,#8180,#8181);
#8183=CYLINDRICAL_SURFACE('',#8182,1.E-1);
#8184=ORIENTED_EDGE('',*,*,#8097,.T.);
#8186=ORIENTED_EDGE('',*,*,#8185,.T.);
#8188=ORIENTED_EDGE('',*,*,#8187,.F.);
#8189=ORIENTED_EDGE('',*,*,#8171,.F.);
#8190=EDGE_LOOP('',(#8184,#8186,#8188,#8189));
#8191=FACE_OUTER_BOUND('',#8190,.F.);
#8193=CARTESIAN_POINT('',(4.E0,2.575E0,-7.5E0));
#8194=DIRECTION('',(0.E0,0.E0,-1.E0));
#8195=DIRECTION('',(1.E0,0.E0,0.E0));
#8196=AXIS2_PLACEMENT_3D('',#8193,#8194,#8195);
#8197=PLANE('',#8196);
#8198=ORIENTED_EDGE('',*,*,#8095,.T.);
#8200=ORIENTED_EDGE('',*,*,#8199,.T.);
#8202=ORIENTED_EDGE('',*,*,#8201,.F.);
#8203=ORIENTED_EDGE('',*,*,#8185,.F.);
#8204=EDGE_LOOP('',(#8198,#8200,#8202,#8203));
#8205=FACE_OUTER_BOUND('',#8204,.F.);
#8207=CARTESIAN_POINT('',(5.E0,2.575E0,-7.5E0));
#8208=DIRECTION('',(-1.E0,0.E0,0.E0));
#8209=DIRECTION('',(0.E0,0.E0,-1.E0));
#8210=AXIS2_PLACEMENT_3D('',#8207,#8208,#8209);
#8211=PLANE('',#8210);
#8212=ORIENTED_EDGE('',*,*,#8093,.T.);
#8214=ORIENTED_EDGE('',*,*,#8213,.T.);
#8216=ORIENTED_EDGE('',*,*,#8215,.F.);
#8217=ORIENTED_EDGE('',*,*,#8199,.F.);
#8218=EDGE_LOOP('',(#8212,#8214,#8216,#8217));
#8219=FACE_OUTER_BOUND('',#8218,.F.);
#8221=CARTESIAN_POINT('',(5.E0,2.575E0,-7.8E0));
#8222=DIRECTION('',(0.E0,0.E0,1.E0));
#8223=DIRECTION('',(-1.E0,0.E0,0.E0));
#8224=AXIS2_PLACEMENT_3D('',#8221,#8222,#8223);
#8225=PLANE('',#8224);
#8226=ORIENTED_EDGE('',*,*,#8091,.T.);
#8228=ORIENTED_EDGE('',*,*,#8227,.T.);
#8230=ORIENTED_EDGE('',*,*,#8229,.F.);
#8231=ORIENTED_EDGE('',*,*,#8213,.F.);
#8232=EDGE_LOOP('',(#8226,#8228,#8230,#8231));
#8233=FACE_OUTER_BOUND('',#8232,.F.);
#8235=CARTESIAN_POINT('',(4.E0,2.575E0,-7.4E0));
#8236=DIRECTION('',(0.E0,1.E0,0.E0));
#8237=DIRECTION('',(-1.E0,0.E0,0.E0));
#8238=AXIS2_PLACEMENT_3D('',#8235,#8236,#8237);
#8239=CYLINDRICAL_SURFACE('',#8238,4.E-1);
#8240=ORIENTED_EDGE('',*,*,#8089,.T.);
#8242=ORIENTED_EDGE('',*,*,#8241,.T.);
#8244=ORIENTED_EDGE('',*,*,#8243,.F.);
#8245=ORIENTED_EDGE('',*,*,#8227,.F.);
#8246=EDGE_LOOP('',(#8240,#8242,#8244,#8245));
#8247=FACE_OUTER_BOUND('',#8246,.F.);
#8249=CARTESIAN_POINT('',(3.600028625418E0,2.575E0,-7.404785343786E0));
#8250=DIRECTION('',(9.999284364545E-1,0.E0,1.196335946470E-2));
#8251=DIRECTION('',(-1.196335946470E-2,0.E0,9.999284364545E-1));
#8252=AXIS2_PLACEMENT_3D('',#8249,#8250,#8251);
#8253=PLANE('',#8252);
#8254=ORIENTED_EDGE('',*,*,#8087,.T.);
#8256=ORIENTED_EDGE('',*,*,#8255,.T.);
#8258=ORIENTED_EDGE('',*,*,#8257,.F.);
#8259=ORIENTED_EDGE('',*,*,#8241,.F.);
#8260=EDGE_LOOP('',(#8254,#8256,#8258,#8259));
#8261=FACE_OUTER_BOUND('',#8260,.F.);
#8263=CARTESIAN_POINT('',(3.488E0,2.575E0,-6.4E0));
#8264=DIRECTION('',(0.E0,1.E0,0.E0));
#8265=DIRECTION('',(-1.E0,0.E0,0.E0));
#8266=AXIS2_PLACEMENT_3D('',#8263,#8264,#8265);
#8267=CYLINDRICAL_SURFACE('',#8266,1.E-1);
#8268=ORIENTED_EDGE('',*,*,#8085,.T.);
#8270=ORIENTED_EDGE('',*,*,#8269,.T.);
#8272=ORIENTED_EDGE('',*,*,#8271,.F.);
#8273=ORIENTED_EDGE('',*,*,#8255,.F.);
#8274=EDGE_LOOP('',(#8268,#8270,#8272,#8273));
#8275=FACE_OUTER_BOUND('',#8274,.F.);
#8277=CARTESIAN_POINT('',(3.488E0,2.575E0,-6.3E0));
#8278=DIRECTION('',(0.E0,0.E0,1.E0));
#8279=DIRECTION('',(-1.E0,0.E0,0.E0));
#8280=AXIS2_PLACEMENT_3D('',#8277,#8278,#8279);
#8281=PLANE('',#8280);
#8282=ORIENTED_EDGE('',*,*,#8083,.T.);
#8283=ORIENTED_EDGE('',*,*,#7529,.T.);
#8285=ORIENTED_EDGE('',*,*,#8284,.F.);
#8286=ORIENTED_EDGE('',*,*,#8269,.F.);
#8287=EDGE_LOOP('',(#8282,#8283,#8285,#8286));
#8288=FACE_OUTER_BOUND('',#8287,.F.);
#8290=CARTESIAN_POINT('',(0.E0,1.925E0,-7.E0));
#8291=DIRECTION('',(0.E0,1.E0,0.E0));
#8292=DIRECTION('',(-1.E0,0.E0,0.E0));
#8293=AXIS2_PLACEMENT_3D('',#8290,#8291,#8292);
#8294=PLANE('',#8293);
#8295=ORIENTED_EDGE('',*,*,#8145,.T.);
#8296=ORIENTED_EDGE('',*,*,#8159,.T.);
#8297=ORIENTED_EDGE('',*,*,#8173,.T.);
#8298=ORIENTED_EDGE('',*,*,#8187,.T.);
#8299=ORIENTED_EDGE('',*,*,#8201,.T.);
#8300=ORIENTED_EDGE('',*,*,#8215,.T.);
#8301=ORIENTED_EDGE('',*,*,#8229,.T.);
#8302=ORIENTED_EDGE('',*,*,#8243,.T.);
#8303=ORIENTED_EDGE('',*,*,#8257,.T.);
#8304=ORIENTED_EDGE('',*,*,#8271,.T.);
#8305=ORIENTED_EDGE('',*,*,#8284,.T.);
#8306=ORIENTED_EDGE('',*,*,#7527,.T.);
#8307=EDGE_LOOP('',(#8295,#8296,#8297,#8298,#8299,#8300,#8301,#8302,#8303,#8304,
#8305,#8306));
#8308=FACE_OUTER_BOUND('',#8307,.F.);
#8310=CARTESIAN_POINT('',(0.E0,1.925E0,-7.E0));
#8311=DIRECTION('',(0.E0,1.E0,0.E0));
#8312=DIRECTION('',(-1.E0,0.E0,0.E0));
#8313=AXIS2_PLACEMENT_3D('',#8310,#8311,#8312);
#8314=PLANE('',#8313);
#8316=ORIENTED_EDGE('',*,*,#8315,.T.);
#8318=ORIENTED_EDGE('',*,*,#8317,.T.);
#8320=ORIENTED_EDGE('',*,*,#8319,.T.);
#8322=ORIENTED_EDGE('',*,*,#8321,.T.);
#8324=ORIENTED_EDGE('',*,*,#8323,.T.);
#8326=ORIENTED_EDGE('',*,*,#8325,.T.);
#8328=ORIENTED_EDGE('',*,*,#8327,.T.);
#8330=ORIENTED_EDGE('',*,*,#8329,.T.);
#8332=ORIENTED_EDGE('',*,*,#8331,.T.);
#8334=ORIENTED_EDGE('',*,*,#8333,.T.);
#8336=ORIENTED_EDGE('',*,*,#8335,.T.);
#8337=ORIENTED_EDGE('',*,*,#4760,.F.);
#8338=EDGE_LOOP('',(#8316,#8318,#8320,#8322,#8324,#8326,#8328,#8330,#8332,#8334,
#8336,#8337));
#8339=FACE_OUTER_BOUND('',#8338,.F.);
#8341=CARTESIAN_POINT('',(-3.05E0,2.575E0,-6.3E0));
#8342=DIRECTION('',(0.E0,0.E0,1.E0));
#8343=DIRECTION('',(-1.E0,0.E0,0.E0));
#8344=AXIS2_PLACEMENT_3D('',#8341,#8342,#8343);
#8345=PLANE('',#8344);
#8346=ORIENTED_EDGE('',*,*,#8111,.T.);
#8348=ORIENTED_EDGE('',*,*,#8347,.T.);
#8349=ORIENTED_EDGE('',*,*,#8315,.F.);
#8350=ORIENTED_EDGE('',*,*,#4758,.F.);
#8351=EDGE_LOOP('',(#8346,#8348,#8349,#8350));
#8352=FACE_OUTER_BOUND('',#8351,.F.);
#8354=CARTESIAN_POINT('',(-3.488E0,2.575E0,-6.4E0));
#8355=DIRECTION('',(0.E0,1.E0,0.E0));
#8356=DIRECTION('',(-1.E0,0.E0,0.E0));
#8357=AXIS2_PLACEMENT_3D('',#8354,#8355,#8356);
#8358=CYLINDRICAL_SURFACE('',#8357,1.E-1);
#8359=ORIENTED_EDGE('',*,*,#8132,.T.);
#8361=ORIENTED_EDGE('',*,*,#8360,.T.);
#8362=ORIENTED_EDGE('',*,*,#8317,.F.);
#8363=ORIENTED_EDGE('',*,*,#8347,.F.);
#8364=EDGE_LOOP('',(#8359,#8361,#8362,#8363));
#8365=FACE_OUTER_BOUND('',#8364,.F.);
#8367=CARTESIAN_POINT('',(-3.587992843645E0,2.575E0,-6.398803664054E0));
#8368=DIRECTION('',(-9.999284364545E-1,0.E0,1.196335946470E-2));
#8369=DIRECTION('',(-1.196335946470E-2,0.E0,-9.999284364545E-1));
#8370=AXIS2_PLACEMENT_3D('',#8367,#8368,#8369);
#8371=PLANE('',#8370);
#8372=ORIENTED_EDGE('',*,*,#8130,.T.);
#8374=ORIENTED_EDGE('',*,*,#8373,.T.);
#8375=ORIENTED_EDGE('',*,*,#8319,.F.);
#8376=ORIENTED_EDGE('',*,*,#8360,.F.);
#8377=EDGE_LOOP('',(#8372,#8374,#8375,#8376));
#8378=FACE_OUTER_BOUND('',#8377,.F.);
#8380=CARTESIAN_POINT('',(-4.E0,2.575E0,-7.4E0));
#8381=DIRECTION('',(0.E0,1.E0,0.E0));
#8382=DIRECTION('',(-1.E0,0.E0,0.E0));
#8383=AXIS2_PLACEMENT_3D('',#8380,#8381,#8382);
#8384=CYLINDRICAL_SURFACE('',#8383,4.E-1);
#8385=ORIENTED_EDGE('',*,*,#8128,.T.);
#8387=ORIENTED_EDGE('',*,*,#8386,.T.);
#8388=ORIENTED_EDGE('',*,*,#8321,.F.);
#8389=ORIENTED_EDGE('',*,*,#8373,.F.);
#8390=EDGE_LOOP('',(#8385,#8387,#8388,#8389));
#8391=FACE_OUTER_BOUND('',#8390,.F.);
#8393=CARTESIAN_POINT('',(-4.E0,2.575E0,-7.8E0));
#8394=DIRECTION('',(0.E0,0.E0,1.E0));
#8395=DIRECTION('',(-1.E0,0.E0,0.E0));
#8396=AXIS2_PLACEMENT_3D('',#8393,#8394,#8395);
#8397=PLANE('',#8396);
#8398=ORIENTED_EDGE('',*,*,#8126,.T.);
#8400=ORIENTED_EDGE('',*,*,#8399,.T.);
#8401=ORIENTED_EDGE('',*,*,#8323,.F.);
#8402=ORIENTED_EDGE('',*,*,#8386,.F.);
#8403=EDGE_LOOP('',(#8398,#8400,#8401,#8402));
#8404=FACE_OUTER_BOUND('',#8403,.F.);
#8406=CARTESIAN_POINT('',(-5.E0,2.575E0,-7.8E0));
#8407=DIRECTION('',(1.E0,0.E0,0.E0));
#8408=DIRECTION('',(0.E0,0.E0,1.E0));
#8409=AXIS2_PLACEMENT_3D('',#8406,#8407,#8408);
#8410=PLANE('',#8409);
#8411=ORIENTED_EDGE('',*,*,#8124,.T.);
#8413=ORIENTED_EDGE('',*,*,#8412,.T.);
#8414=ORIENTED_EDGE('',*,*,#8325,.F.);
#8415=ORIENTED_EDGE('',*,*,#8399,.F.);
#8416=EDGE_LOOP('',(#8411,#8413,#8414,#8415));
#8417=FACE_OUTER_BOUND('',#8416,.F.);
#8419=CARTESIAN_POINT('',(-5.E0,2.575E0,-7.5E0));
#8420=DIRECTION('',(0.E0,0.E0,-1.E0));
#8421=DIRECTION('',(1.E0,0.E0,0.E0));
#8422=AXIS2_PLACEMENT_3D('',#8419,#8420,#8421);
#8423=PLANE('',#8422);
#8424=ORIENTED_EDGE('',*,*,#8122,.T.);
#8426=ORIENTED_EDGE('',*,*,#8425,.T.);
#8427=ORIENTED_EDGE('',*,*,#8327,.F.);
#8428=ORIENTED_EDGE('',*,*,#8412,.F.);
#8429=EDGE_LOOP('',(#8424,#8426,#8427,#8428));
#8430=FACE_OUTER_BOUND('',#8429,.F.);
#8432=CARTESIAN_POINT('',(-4.E0,2.575E0,-7.4E0));
#8433=DIRECTION('',(0.E0,1.E0,0.E0));
#8434=DIRECTION('',(-1.E0,0.E0,0.E0));
#8435=AXIS2_PLACEMENT_3D('',#8432,#8433,#8434);
#8436=CYLINDRICAL_SURFACE('',#8435,1.E-1);
#8437=ORIENTED_EDGE('',*,*,#8120,.T.);
#8439=ORIENTED_EDGE('',*,*,#8438,.T.);
#8440=ORIENTED_EDGE('',*,*,#8329,.F.);
#8441=ORIENTED_EDGE('',*,*,#8425,.F.);
#8442=EDGE_LOOP('',(#8437,#8439,#8440,#8441));
#8443=FACE_OUTER_BOUND('',#8442,.F.);
#8445=CARTESIAN_POINT('',(-3.900007156355E0,2.575E0,-7.401196335946E0));
#8446=DIRECTION('',(9.999284364545E-1,0.E0,-1.196335946470E-2));
#8447=DIRECTION('',(1.196335946470E-2,0.E0,9.999284364545E-1));
#8448=AXIS2_PLACEMENT_3D('',#8445,#8446,#8447);
#8449=PLANE('',#8448);
#8450=ORIENTED_EDGE('',*,*,#8118,.T.);
#8452=ORIENTED_EDGE('',*,*,#8451,.T.);
#8453=ORIENTED_EDGE('',*,*,#8331,.F.);
#8454=ORIENTED_EDGE('',*,*,#8438,.F.);
#8455=EDGE_LOOP('',(#8450,#8452,#8453,#8454));
#8456=FACE_OUTER_BOUND('',#8455,.F.);
#8458=CARTESIAN_POINT('',(-3.488E0,2.575E0,-6.4E0));
#8459=DIRECTION('',(0.E0,1.E0,0.E0));
#8460=DIRECTION('',(-1.E0,0.E0,0.E0));
#8461=AXIS2_PLACEMENT_3D('',#8458,#8459,#8460);
#8462=CYLINDRICAL_SURFACE('',#8461,4.E-1);
#8463=ORIENTED_EDGE('',*,*,#8116,.T.);
#8465=ORIENTED_EDGE('',*,*,#8464,.T.);
#8466=ORIENTED_EDGE('',*,*,#8333,.F.);
#8467=ORIENTED_EDGE('',*,*,#8451,.F.);
#8468=EDGE_LOOP('',(#8463,#8465,#8466,#8467));
#8469=FACE_OUTER_BOUND('',#8468,.F.);
#8471=CARTESIAN_POINT('',(-3.488E0,2.575E0,-6.E0));
#8472=DIRECTION('',(0.E0,0.E0,-1.E0));
#8473=DIRECTION('',(1.E0,0.E0,0.E0));
#8474=AXIS2_PLACEMENT_3D('',#8471,#8472,#8473);
#8475=PLANE('',#8474);
#8476=ORIENTED_EDGE('',*,*,#8114,.T.);
#8477=ORIENTED_EDGE('',*,*,#4762,.T.);
#8478=ORIENTED_EDGE('',*,*,#8335,.F.);
#8479=ORIENTED_EDGE('',*,*,#8464,.F.);
#8480=EDGE_LOOP('',(#8476,#8477,#8478,#8479));
#8481=FACE_OUTER_BOUND('',#8480,.F.);
#8483=CARTESIAN_POINT('',(2.25E0,-2.02E0,0.E0));
#8484=DIRECTION('',(1.E0,0.E0,0.E0));
#8485=DIRECTION('',(0.E0,1.E0,0.E0));
#8486=AXIS2_PLACEMENT_3D('',#8483,#8484,#8485);
#8487=PLANE('',#8486);
#8488=ORIENTED_EDGE('',*,*,#5024,.T.);
#8489=ORIENTED_EDGE('',*,*,#4985,.F.);
#8490=ORIENTED_EDGE('',*,*,#4370,.T.);
#8491=ORIENTED_EDGE('',*,*,#4307,.T.);
#8493=ORIENTED_EDGE('',*,*,#8492,.T.);
#8495=ORIENTED_EDGE('',*,*,#8494,.T.);
#8497=ORIENTED_EDGE('',*,*,#8496,.F.);
#8498=ORIENTED_EDGE('',*,*,#4299,.T.);
#8499=EDGE_LOOP('',(#8488,#8489,#8490,#8491,#8493,#8495,#8497,#8498));
#8500=FACE_OUTER_BOUND('',#8499,.F.);
#8502=CARTESIAN_POINT('',(2.25E0,-1.45E0,0.E0));
#8503=DIRECTION('',(0.E0,-1.E0,0.E0));
#8504=DIRECTION('',(1.E0,0.E0,0.E0));
#8505=AXIS2_PLACEMENT_3D('',#8502,#8503,#8504);
#8506=PLANE('',#8505);
#8508=ORIENTED_EDGE('',*,*,#8507,.F.);
#8510=ORIENTED_EDGE('',*,*,#8509,.T.);
#8512=ORIENTED_EDGE('',*,*,#8511,.F.);
#8513=ORIENTED_EDGE('',*,*,#8492,.F.);
#8514=ORIENTED_EDGE('',*,*,#4305,.T.);
#8515=EDGE_LOOP('',(#8508,#8510,#8512,#8513,#8514));
#8516=FACE_OUTER_BOUND('',#8515,.F.);
#8518=CARTESIAN_POINT('',(3.E0,-1.5E0,-3.E-1));
#8519=DIRECTION('',(-8.660254037844E-1,0.E0,-5.E-1));
#8520=DIRECTION('',(-5.E-1,0.E0,8.660254037844E-1));
#8521=AXIS2_PLACEMENT_3D('',#8518,#8519,#8520);
#8522=PLANE('',#8521);
#8523=ORIENTED_EDGE('',*,*,#4303,.T.);
#8525=ORIENTED_EDGE('',*,*,#8524,.F.);
#8527=ORIENTED_EDGE('',*,*,#8526,.F.);
#8528=ORIENTED_EDGE('',*,*,#8507,.T.);
#8529=EDGE_LOOP('',(#8523,#8525,#8527,#8528));
#8530=FACE_OUTER_BOUND('',#8529,.F.);
#8532=CARTESIAN_POINT('',(3.E0,1.45E0,0.E0));
#8533=DIRECTION('',(0.E0,1.E0,0.E0));
#8534=DIRECTION('',(-1.E0,0.E0,0.E0));
#8535=AXIS2_PLACEMENT_3D('',#8532,#8533,#8534);
#8536=PLANE('',#8535);
#8537=ORIENTED_EDGE('',*,*,#8524,.T.);
#8538=ORIENTED_EDGE('',*,*,#4301,.T.);
#8539=ORIENTED_EDGE('',*,*,#8496,.T.);
#8541=ORIENTED_EDGE('',*,*,#8540,.F.);
#8543=ORIENTED_EDGE('',*,*,#8542,.F.);
#8544=EDGE_LOOP('',(#8537,#8538,#8539,#8541,#8543));
#8545=FACE_OUTER_BOUND('',#8544,.F.);
#8547=CARTESIAN_POINT('',(2.25E0,-1.5E0,-8.E-1));
#8548=DIRECTION('',(0.E0,0.E0,1.E0));
#8549=DIRECTION('',(1.E0,0.E0,0.E0));
#8550=AXIS2_PLACEMENT_3D('',#8547,#8548,#8549);
#8551=PLANE('',#8550);
#8552=ORIENTED_EDGE('',*,*,#8494,.F.);
#8553=ORIENTED_EDGE('',*,*,#8511,.T.);
#8555=ORIENTED_EDGE('',*,*,#8554,.T.);
#8556=ORIENTED_EDGE('',*,*,#8540,.T.);
#8557=EDGE_LOOP('',(#8552,#8553,#8555,#8556));
#8558=FACE_OUTER_BOUND('',#8557,.F.);
#8560=CARTESIAN_POINT('',(3.E0,-1.45E0,0.E0));
#8561=DIRECTION('',(1.E0,0.E0,0.E0));
#8562=DIRECTION('',(0.E0,1.E0,0.E0));
#8563=AXIS2_PLACEMENT_3D('',#8560,#8561,#8562);
#8564=PLANE('',#8563);
#8565=ORIENTED_EDGE('',*,*,#8526,.T.);
#8566=ORIENTED_EDGE('',*,*,#8542,.T.);
#8567=ORIENTED_EDGE('',*,*,#8554,.F.);
#8568=ORIENTED_EDGE('',*,*,#8509,.F.);
#8569=EDGE_LOOP('',(#8565,#8566,#8567,#8568));
#8570=FACE_OUTER_BOUND('',#8569,.F.);
#8572=CARTESIAN_POINT('',(-2.25E0,1.45E0,0.E0));
#8573=DIRECTION('',(0.E0,1.E0,0.E0));
#8574=DIRECTION('',(-1.E0,0.E0,0.E0));
#8575=AXIS2_PLACEMENT_3D('',#8572,#8573,#8574);
#8576=PLANE('',#8575);
#8578=ORIENTED_EDGE('',*,*,#8577,.T.);
#8580=ORIENTED_EDGE('',*,*,#8579,.T.);
#8582=ORIENTED_EDGE('',*,*,#8581,.F.);
#8583=ORIENTED_EDGE('',*,*,#5002,.F.);
#8584=ORIENTED_EDGE('',*,*,#4329,.T.);
#8585=EDGE_LOOP('',(#8578,#8580,#8582,#8583,#8584));
#8586=FACE_OUTER_BOUND('',#8585,.F.);
#8588=CARTESIAN_POINT('',(-2.826794919243E0,-1.5E0,0.E0));
#8589=DIRECTION('',(8.660254037844E-1,0.E0,-5.E-1));
#8590=DIRECTION('',(-5.E-1,0.E0,-8.660254037844E-1));
#8591=AXIS2_PLACEMENT_3D('',#8588,#8589,#8590);
#8592=PLANE('',#8591);
#8593=ORIENTED_EDGE('',*,*,#4327,.F.);
#8595=ORIENTED_EDGE('',*,*,#8594,.T.);
#8597=ORIENTED_EDGE('',*,*,#8596,.F.);
#8598=ORIENTED_EDGE('',*,*,#8577,.F.);
#8599=EDGE_LOOP('',(#8593,#8595,#8597,#8598));
#8600=FACE_OUTER_BOUND('',#8599,.F.);
#8602=CARTESIAN_POINT('',(-3.E0,-1.45E0,0.E0));
#8603=DIRECTION('',(0.E0,-1.E0,0.E0));
#8604=DIRECTION('',(1.E0,0.E0,0.E0));
#8605=AXIS2_PLACEMENT_3D('',#8602,#8603,#8604);
#8606=PLANE('',#8605);
#8607=ORIENTED_EDGE('',*,*,#8594,.F.);
#8608=ORIENTED_EDGE('',*,*,#4325,.T.);
#8609=ORIENTED_EDGE('',*,*,#5006,.T.);
#8611=ORIENTED_EDGE('',*,*,#8610,.F.);
#8613=ORIENTED_EDGE('',*,*,#8612,.F.);
#8614=EDGE_LOOP('',(#8607,#8608,#8609,#8611,#8613));
#8615=FACE_OUTER_BOUND('',#8614,.F.);
#8617=CARTESIAN_POINT('',(-3.E0,-1.5E0,-8.E-1));
#8618=DIRECTION('',(0.E0,0.E0,1.E0));
#8619=DIRECTION('',(1.E0,0.E0,0.E0));
#8620=AXIS2_PLACEMENT_3D('',#8617,#8618,#8619);
#8621=PLANE('',#8620);
#8622=ORIENTED_EDGE('',*,*,#5004,.T.);
#8623=ORIENTED_EDGE('',*,*,#8581,.T.);
#8625=ORIENTED_EDGE('',*,*,#8624,.T.);
#8626=ORIENTED_EDGE('',*,*,#8610,.T.);
#8627=EDGE_LOOP('',(#8622,#8623,#8625,#8626));
#8628=FACE_OUTER_BOUND('',#8627,.F.);
#8630=CARTESIAN_POINT('',(-3.E0,1.45E0,0.E0));
#8631=DIRECTION('',(-1.E0,0.E0,0.E0));
#8632=DIRECTION('',(0.E0,-1.E0,0.E0));
#8633=AXIS2_PLACEMENT_3D('',#8630,#8631,#8632);
#8634=PLANE('',#8633);
#8635=ORIENTED_EDGE('',*,*,#8596,.T.);
#8636=ORIENTED_EDGE('',*,*,#8612,.T.);
#8637=ORIENTED_EDGE('',*,*,#8624,.F.);
#8638=ORIENTED_EDGE('',*,*,#8579,.F.);
#8639=EDGE_LOOP('',(#8635,#8636,#8637,#8638));
#8640=FACE_OUTER_BOUND('',#8639,.F.);
#8642=CARTESIAN_POINT('',(-2.37E0,-2.02E0,-2.650199867028E0));
#8643=DIRECTION('',(-1.E0,0.E0,0.E0));
#8644=DIRECTION('',(0.E0,0.E0,-1.E0));
#8645=AXIS2_PLACEMENT_3D('',#8642,#8643,#8644);
#8646=PLANE('',#8645);
#8647=ORIENTED_EDGE('',*,*,#4905,.F.);
#8648=ORIENTED_EDGE('',*,*,#4965,.F.);
#8650=ORIENTED_EDGE('',*,*,#8649,.F.);
#8652=ORIENTED_EDGE('',*,*,#8651,.F.);
#8654=ORIENTED_EDGE('',*,*,#8653,.T.);
#8655=ORIENTED_EDGE('',*,*,#4889,.T.);
#8656=EDGE_LOOP('',(#8647,#8648,#8650,#8652,#8654,#8655));
#8657=FACE_OUTER_BOUND('',#8656,.F.);
#8659=CARTESIAN_POINT('',(-2.37E0,-2.02E0,-2.650199867028E0));
#8660=DIRECTION('',(-1.E0,0.E0,0.E0));
#8661=DIRECTION('',(0.E0,0.E0,-1.E0));
#8662=AXIS2_PLACEMENT_3D('',#8659,#8660,#8661);
#8663=PLANE('',#8662);
#8664=ORIENTED_EDGE('',*,*,#4958,.T.);
#8665=ORIENTED_EDGE('',*,*,#4515,.T.);
#8667=ORIENTED_EDGE('',*,*,#8666,.F.);
#8668=EDGE_LOOP('',(#8664,#8665,#8667));
#8669=FACE_OUTER_BOUND('',#8668,.F.);
#8671=CARTESIAN_POINT('',(-2.37E0,-2.02E0,-2.650199867028E0));
#8672=DIRECTION('',(-1.E0,0.E0,0.E0));
#8673=DIRECTION('',(0.E0,0.E0,-1.E0));
#8674=AXIS2_PLACEMENT_3D('',#8671,#8672,#8673);
#8675=PLANE('',#8674);
#8677=ORIENTED_EDGE('',*,*,#8676,.F.);
#8678=ORIENTED_EDGE('',*,*,#4702,.F.);
#8679=ORIENTED_EDGE('',*,*,#4971,.T.);
#8680=EDGE_LOOP('',(#8677,#8678,#8679));
#8681=FACE_OUTER_BOUND('',#8680,.F.);
#8683=CARTESIAN_POINT('',(-3.05E0,-1.6E0,-3.65E0));
#8684=DIRECTION('',(-1.E0,0.E0,0.E0));
#8685=DIRECTION('',(0.E0,-1.E0,0.E0));
#8686=AXIS2_PLACEMENT_3D('',#8683,#8684,#8685);
#8687=CYLINDRICAL_SURFACE('',#8686,2.5E-1);
#8689=ORIENTED_EDGE('',*,*,#8688,.T.);
#8690=ORIENTED_EDGE('',*,*,#8649,.T.);
#8691=ORIENTED_EDGE('',*,*,#4963,.F.);
#8692=ORIENTED_EDGE('',*,*,#4738,.F.);
#8693=EDGE_LOOP('',(#8689,#8690,#8691,#8692));
#8694=FACE_OUTER_BOUND('',#8693,.F.);
#8696=CARTESIAN_POINT('',(-3.05E0,-1.35E0,-2.2E0));
#8697=DIRECTION('',(0.E0,1.E0,0.E0));
#8698=DIRECTION('',(0.E0,0.E0,-1.E0));
#8699=AXIS2_PLACEMENT_3D('',#8696,#8697,#8698);
#8700=PLANE('',#8699);
#8701=ORIENTED_EDGE('',*,*,#8688,.F.);
#8702=ORIENTED_EDGE('',*,*,#4736,.F.);
#8703=ORIENTED_EDGE('',*,*,#4776,.T.);
#8705=ORIENTED_EDGE('',*,*,#8704,.T.);
#8706=ORIENTED_EDGE('',*,*,#8651,.T.);
#8707=EDGE_LOOP('',(#8701,#8702,#8703,#8705,#8706));
#8708=FACE_OUTER_BOUND('',#8707,.F.);
#8710=CARTESIAN_POINT('',(-2.630036741850E0,-2.02E0,-2.2E0));
#8711=DIRECTION('',(-8.659306678219E-1,0.E0,-5.001640516126E-1));
#8712=DIRECTION('',(5.001640516126E-1,0.E0,-8.659306678219E-1));
#8713=AXIS2_PLACEMENT_3D('',#8710,#8711,#8712);
#8714=PLANE('',#8713);
#8715=ORIENTED_EDGE('',*,*,#4891,.T.);
#8716=ORIENTED_EDGE('',*,*,#8653,.F.);
#8717=ORIENTED_EDGE('',*,*,#8704,.F.);
#8718=ORIENTED_EDGE('',*,*,#4774,.F.);
#8719=EDGE_LOOP('',(#8715,#8716,#8717,#8718));
#8720=FACE_OUTER_BOUND('',#8719,.F.);
#8722=CARTESIAN_POINT('',(-3.05E0,-1.8E0,-3.65E0));
#8723=DIRECTION('',(-1.E0,0.E0,0.E0));
#8724=DIRECTION('',(0.E0,-1.E0,0.E0));
#8725=AXIS2_PLACEMENT_3D('',#8722,#8723,#8724);
#8726=CYLINDRICAL_SURFACE('',#8725,2.5E-1);
#8727=ORIENTED_EDGE('',*,*,#8666,.T.);
#8728=ORIENTED_EDGE('',*,*,#4513,.T.);
#8729=ORIENTED_EDGE('',*,*,#4742,.T.);
#8730=ORIENTED_EDGE('',*,*,#4960,.T.);
#8731=EDGE_LOOP('',(#8727,#8728,#8729,#8730));
#8732=FACE_OUTER_BOUND('',#8731,.F.);
#8734=CARTESIAN_POINT('',(-3.05E0,1.8E0,-3.65E0));
#8735=DIRECTION('',(-1.E0,0.E0,0.E0));
#8736=DIRECTION('',(0.E0,-1.E0,0.E0));
#8737=AXIS2_PLACEMENT_3D('',#8734,#8735,#8736);
#8738=CYLINDRICAL_SURFACE('',#8737,2.5E-1);
#8739=ORIENTED_EDGE('',*,*,#4726,.T.);
#8740=ORIENTED_EDGE('',*,*,#4704,.F.);
#8741=ORIENTED_EDGE('',*,*,#8676,.T.);
#8742=ORIENTED_EDGE('',*,*,#4969,.F.);
#8743=EDGE_LOOP('',(#8739,#8740,#8741,#8742));
#8744=FACE_OUTER_BOUND('',#8743,.F.);
#8746=CARTESIAN_POINT('',(-2.63E0,-2.429812421327E0,-2.2E0));
#8747=DIRECTION('',(8.660254037844E-1,0.E0,5.E-1));
#8748=DIRECTION('',(0.E0,-1.E0,0.E0));
#8749=AXIS2_PLACEMENT_3D('',#8746,#8747,#8748);
#8750=PLANE('',#8749);
#8751=ORIENTED_EDGE('',*,*,#4846,.F.);
#8752=ORIENTED_EDGE('',*,*,#4637,.F.);
#8753=ORIENTED_EDGE('',*,*,#4657,.F.);
#8754=EDGE_LOOP('',(#8751,#8752,#8753));
#8755=FACE_OUTER_BOUND('',#8754,.F.);
#8757=CARTESIAN_POINT('',(-2.63E0,-2.429812421327E0,-2.2E0));
#8758=DIRECTION('',(8.660254037844E-1,0.E0,5.E-1));
#8759=DIRECTION('',(0.E0,-1.E0,0.E0));
#8760=AXIS2_PLACEMENT_3D('',#8757,#8758,#8759);
#8761=PLANE('',#8760);
#8762=ORIENTED_EDGE('',*,*,#4507,.F.);
#8763=ORIENTED_EDGE('',*,*,#4581,.F.);
#8764=ORIENTED_EDGE('',*,*,#4868,.F.);
#8765=EDGE_LOOP('',(#8762,#8763,#8764));
#8766=FACE_OUTER_BOUND('',#8765,.F.);
#8772=PLANE_ANGLE_MEASURE_WITH_UNIT(PLANE_ANGLE_MEASURE(1.745329251994E-2),
#8771);
#8773=(CONVERSION_BASED_UNIT('DEGREE',#8772)NAMED_UNIT(*)PLANE_ANGLE_UNIT());
#8775=UNCERTAINTY_MEASURE_WITH_UNIT(LENGTH_MEASURE(1.E-3),#8770,
'distance_accuracy_value',
'Maximum model space distance between geometric entities at asserted connectivities');
#8778=APPLICATION_CONTEXT('automotive_design');
#8779=APPLICATION_PROTOCOL_DEFINITION('international standard',
'automotive_design',2001,#8778);
#8780=PRODUCT_DEFINITION_CONTEXT('part definition',#8778,'design');
#8781=PRODUCT_CONTEXT('',#8778,'mechanical');
#8782=PRODUCT('C-5-2213819-5','C-5-2213819-5','NOT SPECIFIED',(#8781));
#8783=PRODUCT_DEFINITION_FORMATION('1','LAST_VERSION',#8782);
#8791=DERIVED_UNIT_ELEMENT(#8790,2.E0);
#8792=DERIVED_UNIT((#8791));
#8793=MEASURE_REPRESENTATION_ITEM('surface area measure',AREA_MEASURE(
4.366303975414E2),#8792);
#8798=DERIVED_UNIT_ELEMENT(#8797,3.E0);
#8799=DERIVED_UNIT((#8798));
#8800=MEASURE_REPRESENTATION_ITEM('volume measure',VOLUME_MEASURE(
1.760158103678E2),#8799);
#8804=CARTESIAN_POINT('centre point',(1.318333082625E-3,-2.139140679625E-2,
-4.548376842123E0));
#8809=DERIVED_UNIT_ELEMENT(#8808,2.E0);
#8810=DERIVED_UNIT((#8809));
#8811=MEASURE_REPRESENTATION_ITEM('surface area measure',AREA_MEASURE(
4.366303975414E2),#8810);
#8816=DERIVED_UNIT_ELEMENT(#8815,3.E0);
#8817=DERIVED_UNIT((#8816));
#8818=MEASURE_REPRESENTATION_ITEM('volume measure',VOLUME_MEASURE(
1.760158103678E2),#8817);
#8822=CARTESIAN_POINT('centre point',(1.318333082625E-3,-2.139140679625E-2,
-4.548376842123E0));
#8827=PRODUCT_RELATED_PRODUCT_CATEGORY('part','',(#8782));
#1=DRAUGHTING_PRE_DEFINED_COLOUR('black');
#2=COLOUR_RGB('',0.E0,0.E0,3.6E-1);
#3=COLOUR_RGB('',0.E0,0.E0,4.8E-1);
#4=DRAUGHTING_PRE_DEFINED_COLOUR('blue');
#5=COLOUR_RGB('',0.E0,5.8824E-2,4.58824E-1);
#6=COLOUR_RGB('',0.E0,1.80392E-1,4.78431E-1);
#7=COLOUR_RGB('',0.E0,3.6E-1,9.E-2);
#8=COLOUR_RGB('',0.E0,3.6E-1,2.7E-1);
#9=COLOUR_RGB('',0.E0,5.6E-1,6.4E-1);
#10=COLOUR_RGB('',0.E0,5.8E-1,8.E-1);
#11=COLOUR_RGB('',0.E0,7.1E-1,6.6E-1);
#12=COLOUR_RGB('',0.E0,7.13E-1,0.E0);
#13=COLOUR_RGB('',0.E0,9.5E-1,8.4E-1);
#14=DRAUGHTING_PRE_DEFINED_COLOUR('green');
#15=DRAUGHTING_PRE_DEFINED_COLOUR('cyan');
#16=COLOUR_RGB('',1.1765E-2,1.9608E-2,3.9216E-2);
#17=COLOUR_RGB('',4.E-2,0.E0,1.6E-1);
#18=COLOUR_RGB('',3.9216E-2,2.19608E-1,1.21569E-1);
#19=COLOUR_RGB('',3.9216E-2,3.60784E-1,2.E-1);
#20=COLOUR_RGB('',5.098E-2,7.0588E-2,1.01961E-1);
#21=COLOUR_RGB('',9.E-2,0.E0,1.2E-1);
#22=COLOUR_RGB('',9.0196E-2,1.60784E-1,1.09804E-1);
#23=COLOUR_RGB('',9.0196E-2,3.80392E-1,6.70588E-1);
#24=COLOUR_RGB('',1.E-1,0.E0,2.5E-1);
#25=COLOUR_RGB('',1.01961E-1,4.78431E-1,3.88235E-1);
#26=COLOUR_RGB('',1.09804E-1,1.4902E-1,9.0196E-2);
#27=COLOUR_RGB('',1.4902E-1,3.09804E-1,5.29412E-1);
#28=COLOUR_RGB('',1.4902E-1,4.E-1,1.60784E-1);
#29=COLOUR_RGB('',1.6E-1,3.2E-2,0.E0);
#30=COLOUR_RGB('',1.60784E-1,4.5098E-1,7.21569E-1);
#31=COLOUR_RGB('',1.6E-1,4.6E-1,6.5E-1);
#32=COLOUR_RGB('',1.6E-1,1.E0,1.6E-1);
#33=COLOUR_RGB('',2.E-1,3.2E-2,0.E0);
#34=COLOUR_RGB('',2.11765E-1,4.11765E-1,1.4902E-1);
#35=COLOUR_RGB('',2.39216E-1,2.39216E-1,2.31373E-1);
#36=COLOUR_RGB('',2.39216E-1,2.70588E-1,1.80392E-1);
#37=COLOUR_RGB('',2.5098E-1,2.90196E-1,3.29412E-1);
#38=COLOUR_RGB('',2.90196E-1,4.31373E-1,2.E-1);
#39=COLOUR_RGB('',3.1E-1,3.1E-1,5.6E-1);
#40=COLOUR_RGB('',3.09804E-1,6.58824E-1,2.E-1);
#41=COLOUR_RGB('',3.2E-1,1.5E-1,0.E0);
#42=COLOUR_RGB('',3.60784E-1,3.1373E-2,1.68627E-1);
#43=COLOUR_RGB('',3.68627E-1,2.E-1,1.21569E-1);
#44=COLOUR_RGB('',3.88235E-1,2.39216E-1,6.11765E-1);
#45=COLOUR_RGB('',4.E-1,4.E-1,4.E-1);
#46=COLOUR_RGB('',4.11765E-1,5.8824E-2,7.8431E-2);
#47=COLOUR_RGB('',4.11765E-1,3.29412E-1,2.19608E-1);
#48=COLOUR_RGB('',4.2E-1,4.2E-1,1.E0);
#49=COLOUR_RGB('',4.4E-1,8.5E-1,1.E0);
#50=COLOUR_RGB('',4.58824E-1,4.5098E-1,3.09804E-1);
#51=COLOUR_RGB('',4.70588E-1,5.09804E-1,5.4902E-1);
#52=COLOUR_RGB('',4.78431E-1,4.90196E-1,4.58824E-1);
#53=COLOUR_RGB('',4.90196E-1,3.60784E-1,2.19608E-1);
#54=COLOUR_RGB('',4.9E-1,4.9E-1,0.E0);
#55=COLOUR_RGB('',4.9E-1,1.E0,0.E0);
#56=COLOUR_RGB('',5.E-1,0.E0,0.E0);
#57=COLOUR_RGB('',5.E-1,0.E0,2.3E-1);
#58=COLOUR_RGB('',5.E-1,5.E-1,5.E-1);
#59=COLOUR_RGB('',5.21569E-1,2.19608E-1,1.68627E-1);
#60=COLOUR_RGB('',5.3E-1,0.E0,0.E0);
#61=COLOUR_RGB('',5.29412E-1,5.80392E-1,6.5098E-1);
#62=COLOUR_RGB('',5.4E-1,0.E0,4.4E-1);
#63=COLOUR_RGB('',5.5E-1,3.E-1,0.E0);
#64=COLOUR_RGB('',5.6E-1,1.E-1,5.E-2);
#65=COLOUR_RGB('',5.60784E-1,5.80392E-1,6.19608E-1);
#66=COLOUR_RGB('',5.68627E-1,5.8824E-2,4.E-1);
#67=COLOUR_RGB('',5.8E-1,2.2E-1,1.E-2);
#68=COLOUR_RGB('',5.88235E-1,1.21569E-1,1.09804E-1);
#69=COLOUR_RGB('',6.E-1,6.E-1,6.E-1);
#70=COLOUR_RGB('',6.11765E-1,5.60784E-1,3.80392E-1);
#71=COLOUR_RGB('',6.11765E-1,6.11765E-1,6.5098E-1);
#72=COLOUR_RGB('',6.2E-1,0.E0,5.5E-1);
#73=COLOUR_RGB('',6.19608E-1,6.39216E-1,6.90196E-1);
#74=COLOUR_RGB('',6.35294E-1,6.86275E-1,7.4902E-1);
#75=COLOUR_RGB('',6.4E-1,0.E0,2.5E-1);
#76=COLOUR_RGB('',6.4E-1,1.E-2,0.E0);
#77=COLOUR_RGB('',6.39216E-1,5.4902E-1,4.78431E-1);
#78=COLOUR_RGB('',6.5098E-1,6.70588E-1,7.09804E-1);
#79=COLOUR_RGB('',6.70588E-1,1.21569E-1,1.09804E-1);
#80=COLOUR_RGB('',6.78431E-1,4.78431E-1,3.09804E-1);
#81=COLOUR_RGB('',6.8E-1,7.5E-1,1.E0);
#82=COLOUR_RGB('',7.09804E-1,7.0588E-2,2.E-1);
#83=COLOUR_RGB('',7.1E-1,3.1E-1,0.E0);
#84=COLOUR_RGB('',7.2E-1,7.2E-1,7.2E-1);
#85=COLOUR_RGB('',7.29412E-1,7.41176E-1,7.29412E-1);
#86=COLOUR_RGB('',7.41176E-1,7.29412E-1,6.70588E-1);
#87=COLOUR_RGB('',7.4E-1,1.E0,2.6E-1);
#88=COLOUR_RGB('',7.5E-1,3.E-2,0.E0);
#89=COLOUR_RGB('',7.4902E-1,8.90196E-1,7.29412E-1);
#90=COLOUR_RGB('',7.6E-1,0.E0,4.7E-1);
#91=COLOUR_RGB('',7.80392E-1,9.0196E-2,7.0588E-2);
#92=COLOUR_RGB('',7.88235E-1,2.19608E-1,5.4902E-1);
#93=COLOUR_RGB('',8.1E-1,4.E-2,0.E0);
#94=COLOUR_RGB('',8.1E-1,6.1E-1,0.E0);
#95=COLOUR_RGB('',8.2E-1,4.E-2,6.6E-1);
#96=COLOUR_RGB('',8.31373E-1,8.5098E-1,8.58824E-1);
#97=COLOUR_RGB('',8.5098E-1,7.29412E-1,5.4902E-1);
#98=COLOUR_RGB('',8.5E-1,8.5E-1,8.5E-1);
#99=COLOUR_RGB('',8.78431E-1,3.68627E-1,1.21569E-1);
#100=COLOUR_RGB('',8.784E-1,9.49E-1,1.E0);
#101=COLOUR_RGB('',8.90196E-1,5.88235E-1,1.41176E-1);
#102=COLOUR_RGB('',9.E-1,1.E0,0.E0);
#103=COLOUR_RGB('',9.09804E-1,6.11765E-1,7.09804E-1);
#104=COLOUR_RGB('',9.37E-1,7.85E-1,0.E0);
#105=COLOUR_RGB('',9.41176E-1,9.29412E-1,9.01961E-1);
#106=COLOUR_RGB('',9.5E-1,2.2E-1,8.1E-1);
#107=COLOUR_RGB('',9.6E-1,3.7E-1,3.E-1);
#108=COLOUR_RGB('',9.6E-1,7.1E-1,3.75E-1);
#109=COLOUR_RGB('',9.80392E-1,1.E0,1.E0);
#110=COLOUR_RGB('',9.88235E-1,1.09804E-1,7.8431E-2);
#111=COLOUR_RGB('',9.88235E-1,7.21569E-1,1.29412E-1);
#112=COLOUR_RGB('',9.88235E-1,9.21569E-1,8.E-1);
#113=DRAUGHTING_PRE_DEFINED_COLOUR('red');
#114=COLOUR_RGB('',1.E0,0.E0,6.1E-1);
#115=COLOUR_RGB('',1.E0,4.E-2,0.E0);
#116=COLOUR_RGB('',1.E0,2.3E-1,0.E0);
#117=COLOUR_RGB('',1.E0,3.5E-1,5.2E-1);
#118=COLOUR_RGB('',1.E0,3.6E-1,0.E0);
#119=COLOUR_RGB('',1.E0,3.88235E-1,2.11765E-1);
#120=COLOUR_RGB('',1.E0,4.9E-1,3.7E-1);
#121=COLOUR_RGB('',1.E0,5.E-1,0.E0);
#122=COLOUR_RGB('',1.E0,5.6E-1,7.8E-1);
#123=COLOUR_RGB('',1.E0,6.4E-1,4.9E-1);
#124=COLOUR_RGB('',1.E0,6.7E-1,0.E0);
#125=COLOUR_RGB('',1.E0,7.6E-1,6.5E-1);
#126=COLOUR_RGB('',1.E0,8.39216E-1,3.01961E-1);
#127=COLOUR_RGB('',1.E0,8.6E-1,4.E-2);
#128=COLOUR_RGB('',1.E0,9.60784E-1,2.58824E-1);
#129=COLOUR_RGB('',1.E0,9.60784E-1,8.90196E-1);
#130=COLOUR_RGB('',1.E0,9.8E-1,7.2E-1);
#131=DRAUGHTING_PRE_DEFINED_COLOUR('yellow');
#132=COLOUR_RGB('',1.E0,1.E0,3.9216E-2);
#133=DRAUGHTING_PRE_DEFINED_COLOUR('white');
#550=CIRCLE('',#549,2.5E-1);
#563=CIRCLE('',#562,2.5E-1);
#1332=CIRCLE('',#1331,4.E-1);
#1337=CIRCLE('',#1336,4.E-1);
#1342=CIRCLE('',#1341,4.E-1);
#1347=CIRCLE('',#1346,4.E-1);
#1448=CIRCLE('',#1447,4.E-1);
#1461=CIRCLE('',#1460,3.E-1);
#1466=CIRCLE('',#1465,3.E-1);
#1471=CIRCLE('',#1470,3.E-1);
#1476=CIRCLE('',#1475,3.E-1);
#1485=CIRCLE('',#1484,4.E-1);
#1502=CIRCLE('',#1501,4.E-1);
#1511=CIRCLE('',#1510,4.E-1);
#1536=CIRCLE('',#1535,1.E-1);
#1549=CIRCLE('',#1548,3.E-1);
#1562=CIRCLE('',#1561,3.E-1);
#1571=CIRCLE('',#1570,3.E-1);
#1584=CIRCLE('',#1583,3.E-1);
#1601=CIRCLE('',#1600,1.E-1);
#1666=CIRCLE('',#1665,3.E-1);
#1679=CIRCLE('',#1678,1.E-1);
#1688=CIRCLE('',#1687,3.E-1);
#1697=CIRCLE('',#1696,1.E-1);
#1714=CIRCLE('',#1713,3.E-1);
#1727=CIRCLE('',#1726,3.E-1);
#2000=CIRCLE('',#1999,3.E-1);
#2013=CIRCLE('',#2012,1.E-1);
#2022=CIRCLE('',#2021,3.E-1);
#2031=CIRCLE('',#2030,1.E-1);
#2048=CIRCLE('',#2047,3.E-1);
#2061=CIRCLE('',#2060,3.E-1);
#2154=CIRCLE('',#2153,1.E-1);
#2167=CIRCLE('',#2166,3.E-1);
#2180=CIRCLE('',#2179,3.E-1);
#2189=CIRCLE('',#2188,3.E-1);
#2202=CIRCLE('',#2201,3.E-1);
#2219=CIRCLE('',#2218,1.E-1);
#2272=CIRCLE('',#2271,1.E-1);
#2277=CIRCLE('',#2276,1.E-1);
#2330=CIRCLE('',#2329,1.E-1);
#2335=CIRCLE('',#2334,1.E-1);
#2428=CIRCLE('',#2427,2.5E-1);
#2441=CIRCLE('',#2440,2.5E-1);
#2490=CIRCLE('',#2489,2.5E-1);
#2501=B_SPLINE_CURVE_WITH_KNOTS('',3,(#2491,#2492,#2493,#2494,#2495,#2496,#2497,
#2498,#2499,#2500),.UNSPECIFIED.,.F.,.F.,(4,1,1,1,1,1,1,4),(0.E0,
1.428571428571E-1,2.857142857143E-1,4.285714285714E-1,5.714285714286E-1,
7.142857142857E-1,8.571428571429E-1,1.E0),.UNSPECIFIED.);
#2510=CIRCLE('',#2509,2.5E-1);
#2523=CIRCLE('',#2522,2.5E-1);
#2570=B_SPLINE_CURVE_WITH_KNOTS('',3,(#2560,#2561,#2562,#2563,#2564,#2565,#2566,
#2567,#2568,#2569),.UNSPECIFIED.,.F.,.F.,(4,1,1,1,1,1,1,4),(0.E0,
1.428571428571E-1,2.857142857143E-1,4.285714285714E-1,5.714285714286E-1,
7.142857142857E-1,8.571428571429E-1,1.E0),.UNSPECIFIED.);
#2575=CIRCLE('',#2574,2.5E-1);
#2584=CIRCLE('',#2583,1.E-1);
#2593=CIRCLE('',#2592,4.E-1);
#2610=CIRCLE('',#2609,1.E-1);
#2619=CIRCLE('',#2618,4.E-1);
#2632=CIRCLE('',#2631,4.E-1);
#2641=CIRCLE('',#2640,1.E-1);
#2658=CIRCLE('',#2657,4.E-1);
#2667=CIRCLE('',#2666,1.E-1);
#2680=CIRCLE('',#2679,4.E-1);
#2689=CIRCLE('',#2688,1.E-1);
#2706=CIRCLE('',#2705,4.E-1);
#2715=CIRCLE('',#2714,1.E-1);
#2728=CIRCLE('',#2727,1.E-1);
#2737=CIRCLE('',#2736,4.E-1);
#2754=CIRCLE('',#2753,1.E-1);
#2763=CIRCLE('',#2762,4.E-1);
#2860=CIRCLE('',#2859,1.E-1);
#2869=CIRCLE('',#2868,4.E-1);
#2886=CIRCLE('',#2885,1.E-1);
#2895=CIRCLE('',#2894,4.E-1);
#2908=CIRCLE('',#2907,4.E-1);
#2917=CIRCLE('',#2916,1.E-1);
#2934=CIRCLE('',#2933,4.E-1);
#2943=CIRCLE('',#2942,1.E-1);
#2992=CIRCLE('',#2991,4.E-1);
#3001=CIRCLE('',#3000,1.E-1);
#3018=CIRCLE('',#3017,4.E-1);
#3027=CIRCLE('',#3026,1.E-1);
#3040=CIRCLE('',#3039,1.E-1);
#3049=CIRCLE('',#3048,4.E-1);
#3066=CIRCLE('',#3065,1.E-1);
#3075=CIRCLE('',#3074,4.E-1);
#3212=CIRCLE('',#3211,2.5E-1);
#3217=CIRCLE('',#3216,2.5E-1);
#3254=CIRCLE('',#3253,2.5E-1);
#3259=CIRCLE('',#3258,2.5E-1);
#3268=CIRCLE('',#3267,2.5E-1);
#3273=CIRCLE('',#3272,2.5E-1);
#4287=EDGE_CURVE('',#3612,#3613,#137,.T.);
#4289=EDGE_CURVE('',#3613,#3320,#141,.T.);
#4291=EDGE_CURVE('',#3320,#3324,#145,.T.);
#4293=EDGE_CURVE('',#3324,#3621,#149,.T.);
#4295=EDGE_CURVE('',#3620,#3621,#153,.T.);
#4297=EDGE_CURVE('',#3305,#3620,#157,.T.);
#4299=EDGE_CURVE('',#3304,#3305,#161,.T.);
#4301=EDGE_CURVE('',#3593,#3304,#165,.T.);
#4303=EDGE_CURVE('',#3592,#3593,#169,.T.);
#4305=EDGE_CURVE('',#3301,#3592,#173,.T.);
#4307=EDGE_CURVE('',#3300,#3301,#177,.T.);
#4309=EDGE_CURVE('',#3612,#3300,#181,.T.);
#4313=ADVANCED_FACE('',(#4312),#4286,.T.);
#4319=EDGE_CURVE('',#3616,#3617,#185,.T.);
#4321=EDGE_CURVE('',#3297,#3616,#189,.T.);
#4323=EDGE_CURVE('',#3296,#3297,#193,.T.);
#4325=EDGE_CURVE('',#3588,#3296,#197,.T.);
#4327=EDGE_CURVE('',#3588,#3589,#201,.T.);
#4329=EDGE_CURVE('',#3293,#3589,#205,.T.);
#4331=EDGE_CURVE('',#3292,#3293,#209,.T.);
#4333=EDGE_CURVE('',#3624,#3292,#213,.T.);
#4335=EDGE_CURVE('',#3624,#3625,#217,.T.);
#4337=EDGE_CURVE('',#3625,#3328,#221,.T.);
#4339=EDGE_CURVE('',#3328,#3316,#225,.T.);
#4341=EDGE_CURVE('',#3316,#3617,#229,.T.);
#4345=ADVANCED_FACE('',(#4344),#4318,.T.);
#4351=EDGE_CURVE('',#3659,#3612,#265,.T.);
#4353=EDGE_CURVE('',#3659,#3627,#1625,.T.);
#4355=EDGE_CURVE('',#3613,#3627,#2395,.T.);
#4360=ADVANCED_FACE('',(#4359),#4350,.F.);
#4366=EDGE_CURVE('',#3659,#3760,#1629,.T.);
#4370=EDGE_CURVE('',#3376,#3300,#3127,.T.);
#4372=EDGE_CURVE('',#3372,#3376,#269,.T.);
#4374=EDGE_CURVE('',#3297,#3372,#803,.T.);
#4377=EDGE_CURVE('',#3616,#3661,#273,.T.);
#4379=EDGE_CURVE('',#3756,#3661,#1613,.T.);
#4381=EDGE_CURVE('',#3756,#3760,#277,.T.);
#4385=EDGE_CURVE('',#3516,#3521,#249,.T.);
#4387=EDGE_CURVE('',#3520,#3521,#253,.T.);
#4389=EDGE_CURVE('',#3517,#3520,#257,.T.);
#4391=EDGE_CURVE('',#3516,#3517,#261,.T.);
#4395=EDGE_CURVE('',#3508,#3513,#233,.T.);
#4397=EDGE_CURVE('',#3512,#3513,#237,.T.);
#4399=EDGE_CURVE('',#3509,#3512,#241,.T.);
#4401=EDGE_CURVE('',#3508,#3509,#245,.T.);
#4405=ADVANCED_FACE('',(#4384,#4394,#4404),#4365,.T.);
#4411=EDGE_CURVE('',#3524,#3508,#281,.T.);
#4413=EDGE_CURVE('',#3524,#3528,#353,.T.);
#4415=EDGE_CURVE('',#3528,#3513,#285,.T.);
#4420=ADVANCED_FACE('',(#4419),#4410,.T.);
#4427=EDGE_CURVE('',#3509,#3739,#293,.T.);
#4429=EDGE_CURVE('',#3739,#3525,#321,.T.);
#4431=EDGE_CURVE('',#3524,#3525,#289,.T.);
#4436=ADVANCED_FACE('',(#4435),#4425,.F.);
#4444=EDGE_CURVE('',#3512,#3741,#297,.T.);
#4446=EDGE_CURVE('',#3739,#3741,#325,.T.);
#4450=ADVANCED_FACE('',(#4449),#4441,.T.);
#4458=EDGE_CURVE('',#3528,#3529,#305,.T.);
#4460=EDGE_CURVE('',#3741,#3529,#329,.T.);
#4465=ADVANCED_FACE('',(#4464),#4455,.F.);
#4471=EDGE_CURVE('',#3525,#3529,#301,.T.);
#4474=EDGE_CURVE('',#3528,#3445,#309,.T.);
#4476=EDGE_CURVE('',#3444,#3445,#1827,.T.);
#4478=EDGE_CURVE('',#3456,#3444,#1779,.T.);
#4480=EDGE_CURVE('',#3456,#3457,#313,.T.);
#4482=EDGE_CURVE('',#3457,#3524,#317,.T.);
#4487=ADVANCED_FACE('',(#4486),#4470,.F.);
#4499=ADVANCED_FACE('',(#4498),#4492,.T.);
#4505=EDGE_CURVE('',#4247,#3737,#333,.T.);
#4507=EDGE_CURVE('',#4247,#4241,#3285,.T.);
#4509=EDGE_CURVE('',#4225,#4241,#715,.T.);
#4511=EDGE_CURVE('',#4225,#3689,#337,.T.);
#4513=EDGE_CURVE('',#3687,#3689,#341,.T.);
#4515=EDGE_CURVE('',#3686,#3687,#345,.T.);
#4517=EDGE_CURVE('',#3686,#3449,#783,.T.);
#4519=EDGE_CURVE('',#3449,#3445,#349,.T.);
#4524=EDGE_CURVE('',#3453,#3457,#357,.T.);
#4526=EDGE_CURVE('',#3453,#3469,#775,.T.);
#4528=EDGE_CURVE('',#3469,#3465,#361,.T.);
#4530=EDGE_CURVE('',#3532,#3465,#1847,.T.);
#4532=EDGE_CURVE('',#3532,#3536,#365,.T.);
#4534=EDGE_CURVE('',#3461,#3536,#1835,.T.);
#4536=EDGE_CURVE('',#3473,#3461,#369,.T.);
#4538=EDGE_CURVE('',#3473,#3710,#767,.T.);
#4540=EDGE_CURVE('',#3710,#3711,#373,.T.);
#4542=EDGE_CURVE('',#3713,#3711,#377,.T.);
#4544=EDGE_CURVE('',#3713,#4221,#381,.T.);
#4546=EDGE_CURVE('',#4221,#4229,#663,.T.);
#4548=EDGE_CURVE('',#4237,#4229,#425,.T.);
#4550=EDGE_CURVE('',#3735,#4237,#385,.T.);
#4552=EDGE_CURVE('',#3735,#3429,#389,.T.);
#4554=EDGE_CURVE('',#3437,#3429,#393,.T.);
#4556=EDGE_CURVE('',#3737,#3437,#397,.T.);
#4560=ADVANCED_FACE('',(#4559),#4504,.F.);
#4566=EDGE_CURVE('',#4236,#4237,#401,.T.);
#4568=EDGE_CURVE('',#4236,#3717,#659,.T.);
#4570=EDGE_CURVE('',#3735,#3717,#405,.T.);
#4575=ADVANCED_FACE('',(#4574),#4565,.F.);
#4581=EDGE_CURVE('',#4249,#4247,#409,.T.);
#4584=EDGE_CURVE('',#3737,#3721,#413,.T.);
#4586=EDGE_CURVE('',#3721,#4249,#719,.T.);
#4590=ADVANCED_FACE('',(#4589),#4580,.F.);
#4596=EDGE_CURVE('',#4232,#4233,#433,.T.);
#4598=EDGE_CURVE('',#4233,#4227,#417,.T.);
#4600=EDGE_CURVE('',#4227,#4232,#421,.T.);
#4604=ADVANCED_FACE('',(#4603),#4595,.F.);
#4612=EDGE_CURVE('',#4229,#4236,#429,.T.);
#4616=ADVANCED_FACE('',(#4615),#4609,.F.);
#4623=EDGE_CURVE('',#3728,#4232,#437,.T.);
#4625=EDGE_CURVE('',#3728,#3729,#441,.T.);
#4627=EDGE_CURVE('',#4233,#3729,#639,.T.);
#4631=ADVANCED_FACE('',(#4630),#4621,.F.);
#4637=EDGE_CURVE('',#4245,#4243,#445,.T.);
#4639=EDGE_CURVE('',#3733,#4243,#687,.T.);
#4641=EDGE_CURVE('',#3732,#3733,#449,.T.);
#4643=EDGE_CURVE('',#4245,#3732,#453,.T.);
#4647=ADVANCED_FACE('',(#4646),#4636,.F.);
#4653=EDGE_CURVE('',#3683,#4223,#457,.T.);
#4655=EDGE_CURVE('',#4223,#4239,#461,.T.);
#4657=EDGE_CURVE('',#4239,#4245,#3281,.T.);
#4660=EDGE_CURVE('',#3732,#3440,#465,.T.);
#4662=EDGE_CURVE('',#3440,#3432,#469,.T.);
#4664=EDGE_CURVE('',#3728,#3432,#473,.T.);
#4668=EDGE_CURVE('',#4219,#4227,#477,.T.);
#4670=EDGE_CURVE('',#4219,#3707,#481,.T.);
#4672=EDGE_CURVE('',#3707,#3705,#485,.T.);
#4674=EDGE_CURVE('',#3704,#3705,#489,.T.);
#4676=EDGE_CURVE('',#3505,#3704,#493,.T.);
#4678=EDGE_CURVE('',#3505,#3493,#497,.T.);
#4680=EDGE_CURVE('',#3560,#3493,#899,.T.);
#4682=EDGE_CURVE('',#3556,#3560,#501,.T.);
#4684=EDGE_CURVE('',#3497,#3556,#907,.T.);
#4686=EDGE_CURVE('',#3501,#3497,#505,.T.);
#4688=EDGE_CURVE('',#3485,#3501,#509,.T.);
#4690=EDGE_CURVE('',#3485,#3489,#513,.T.);
#4692=EDGE_CURVE('',#3564,#3489,#999,.T.);
#4694=EDGE_CURVE('',#3564,#3568,#517,.T.);
#4696=EDGE_CURVE('',#3477,#3568,#987,.T.);
#4698=EDGE_CURVE('',#3481,#3477,#521,.T.);
#4700=EDGE_CURVE('',#3680,#3481,#525,.T.);
#4702=EDGE_CURVE('',#3680,#3681,#529,.T.);
#4704=EDGE_CURVE('',#3681,#3683,#533,.T.);
#4708=ADVANCED_FACE('',(#4707),#4652,.F.);
#4715=EDGE_CURVE('',#3643,#4225,#711,.T.);
#4717=EDGE_CURVE('',#3636,#3643,#537,.T.);
#4719=EDGE_CURVE('',#3636,#3637,#541,.T.);
#4721=EDGE_CURVE('',#3637,#3645,#971,.T.);
#4723=EDGE_CURVE('',#4223,#3645,#691,.T.);
#4726=EDGE_CURVE('',#3388,#3683,#3268,.T.);
#4728=EDGE_CURVE('',#3388,#3380,#545,.T.);
#4730=EDGE_CURVE('',#3380,#3384,#550,.T.);
#4732=EDGE_CURVE('',#3668,#3384,#554,.T.);
#4734=EDGE_CURVE('',#3672,#3668,#615,.T.);
#4736=EDGE_CURVE('',#3672,#3392,#558,.T.);
#4738=EDGE_CURVE('',#3392,#3396,#563,.T.);
#4740=EDGE_CURVE('',#3396,#3400,#567,.T.);
#4742=EDGE_CURVE('',#3689,#3400,#3259,.T.);
#4746=EDGE_CURVE('',#3900,#3901,#571,.T.);
#4748=EDGE_CURVE('',#3901,#3905,#575,.T.);
#4750=EDGE_CURVE('',#3904,#3905,#579,.T.);
#4752=EDGE_CURVE('',#3900,#3904,#583,.T.);
#4756=EDGE_CURVE('',#3999,#4001,#587,.T.);
#4758=EDGE_CURVE('',#3999,#4007,#591,.T.);
#4760=EDGE_CURVE('',#4007,#4009,#595,.T.);
#4762=EDGE_CURVE('',#4001,#4009,#599,.T.);
#4766=ADVANCED_FACE('',(#4745,#4755,#4765),#4713,.T.);
#4772=EDGE_CURVE('',#3668,#3669,#603,.T.);
#4774=EDGE_CURVE('',#3669,#3673,#607,.T.);
#4776=EDGE_CURVE('',#3672,#3673,#611,.T.);
#4781=ADVANCED_FACE('',(#4780),#4771,.F.);
#4787=EDGE_CURVE('',#3692,#3693,#619,.T.);
#4789=EDGE_CURVE('',#3692,#3696,#623,.T.);
#4791=EDGE_CURVE('',#3696,#3697,#627,.T.);
#4793=EDGE_CURVE('',#3693,#3697,#631,.T.);
#4797=ADVANCED_FACE('',(#4796),#4786,.F.);
#4803=EDGE_CURVE('',#3647,#4219,#635,.T.);
#4808=EDGE_CURVE('',#3729,#3723,#643,.T.);
#4810=EDGE_CURVE('',#3723,#3369,#647,.T.);
#4812=EDGE_CURVE('',#3369,#3657,#651,.T.);
#4814=EDGE_CURVE('',#3657,#3647,#655,.T.);
#4818=ADVANCED_FACE('',(#4817),#4802,.F.);
#4827=EDGE_CURVE('',#4221,#3649,#667,.T.);
#4829=EDGE_CURVE('',#3649,#3655,#671,.T.);
#4831=EDGE_CURVE('',#3655,#3363,#675,.T.);
#4833=EDGE_CURVE('',#3716,#3363,#679,.T.);
#4835=EDGE_CURVE('',#3716,#3717,#683,.T.);
#4839=ADVANCED_FACE('',(#4838),#4823,.F.);
#4846=EDGE_CURVE('',#4243,#4239,#3277,.T.);
#4850=EDGE_CURVE('',#3645,#3653,#695,.T.);
#4852=EDGE_CURVE('',#3367,#3653,#699,.T.);
#4854=EDGE_CURVE('',#3367,#3725,#703,.T.);
#4856=EDGE_CURVE('',#3733,#3725,#707,.T.);
#4860=ADVANCED_FACE('',(#4859),#4844,.F.);
#4868=EDGE_CURVE('',#4241,#4249,#3289,.T.);
#4871=EDGE_CURVE('',#3720,#3721,#723,.T.);
#4873=EDGE_CURVE('',#3365,#3720,#727,.T.);
#4875=EDGE_CURVE('',#3651,#3365,#731,.T.);
#4877=EDGE_CURVE('',#3651,#3643,#735,.T.);
#4881=ADVANCED_FACE('',(#4880),#4865,.F.);
#4887=EDGE_CURVE('',#3384,#3385,#739,.T.);
#4889=EDGE_CURVE('',#3675,#3385,#3229,.T.);
#4891=EDGE_CURVE('',#3669,#3675,#3245,.T.);
#4897=ADVANCED_FACE('',(#4896),#4886,.F.);
#4903=EDGE_CURVE('',#3380,#3381,#743,.T.);
#4905=EDGE_CURVE('',#3381,#3385,#3212,.T.);
#4911=ADVANCED_FACE('',(#4910),#4902,.F.);
#4918=EDGE_CURVE('',#3500,#3501,#755,.T.);
#4920=EDGE_CURVE('',#3500,#3504,#947,.T.);
#4922=EDGE_CURVE('',#3504,#3505,#919,.T.);
#4925=EDGE_CURVE('',#3413,#3704,#2535,.T.);
#4927=EDGE_CURVE('',#3412,#3413,#759,.T.);
#4929=EDGE_CURVE('',#3412,#3404,#2445,.T.);
#4931=EDGE_CURVE('',#3404,#3405,#2539,.T.);
#4933=EDGE_CURVE('',#3421,#3405,#2527,.T.);
#4935=EDGE_CURVE('',#3420,#3421,#763,.T.);
#4937=EDGE_CURVE('',#3420,#3424,#2423,.T.);
#4939=EDGE_CURVE('',#3424,#3425,#2505,.T.);
#4941=EDGE_CURVE('',#3710,#3425,#2531,.T.);
#4944=EDGE_CURVE('',#3472,#3473,#1891,.T.);
#4946=EDGE_CURVE('',#3468,#3472,#1791,.T.);
#4948=EDGE_CURVE('',#3468,#3469,#771,.T.);
#4951=EDGE_CURVE('',#3452,#3453,#1831,.T.);
#4953=EDGE_CURVE('',#3448,#3452,#1771,.T.);
#4955=EDGE_CURVE('',#3448,#3449,#779,.T.);
#4958=EDGE_CURVE('',#3401,#3686,#3233,.T.);
#4960=EDGE_CURVE('',#3400,#3401,#3263,.T.);
#4963=EDGE_CURVE('',#3396,#3397,#787,.T.);
#4965=EDGE_CURVE('',#3397,#3381,#791,.T.);
#4969=EDGE_CURVE('',#3388,#3389,#795,.T.);
#4971=EDGE_CURVE('',#3680,#3389,#3237,.T.);
#4974=EDGE_CURVE('',#3480,#3481,#799,.T.);
#4976=EDGE_CURVE('',#3480,#3484,#935,.T.);
#4978=EDGE_CURVE('',#3484,#3485,#1039,.T.);
#4982=EDGE_CURVE('',#3372,#3373,#807,.T.);
#4985=EDGE_CURVE('',#3376,#3377,#747,.T.);
#4987=EDGE_CURVE('',#3373,#3377,#751,.T.);
#4991=ADVANCED_FACE('',(#4981,#4990),#4916,.F.);
#4999=EDGE_CURVE('',#3373,#3292,#811,.T.);
#5002=EDGE_CURVE('',#3293,#3309,#3183,.T.);
#5004=EDGE_CURVE('',#3308,#3309,#815,.T.);
#5006=EDGE_CURVE('',#3296,#3308,#819,.T.);
#5011=ADVANCED_FACE('',(#5010),#4996,.T.);
#5017=EDGE_CURVE('',#3788,#3665,#1641,.T.);
#5019=EDGE_CURVE('',#3665,#3624,#855,.T.);
#5024=EDGE_CURVE('',#3305,#3377,#3123,.T.);
#5027=EDGE_CURVE('',#3620,#3663,#859,.T.);
#5029=EDGE_CURVE('',#3663,#3792,#1649,.T.);
#5031=EDGE_CURVE('',#3788,#3792,#863,.T.);
#5035=EDGE_CURVE('',#3548,#3553,#839,.T.);
#5037=EDGE_CURVE('',#3552,#3553,#843,.T.);
#5039=EDGE_CURVE('',#3549,#3552,#847,.T.);
#5041=EDGE_CURVE('',#3548,#3549,#851,.T.);
#5045=EDGE_CURVE('',#3540,#3545,#823,.T.);
#5047=EDGE_CURVE('',#3544,#3545,#827,.T.);
#5049=EDGE_CURVE('',#3541,#3544,#831,.T.);
#5051=EDGE_CURVE('',#3540,#3541,#835,.T.);
#5055=ADVANCED_FACE('',(#5034,#5044,#5054),#5016,.T.);
#5061=EDGE_CURVE('',#3540,#3556,#867,.T.);
#5064=EDGE_CURVE('',#3545,#3560,#871,.T.);
#5069=ADVANCED_FACE('',(#5068),#5060,.F.);
#5076=EDGE_CURVE('',#3751,#3541,#879,.T.);
#5078=EDGE_CURVE('',#3751,#3557,#911,.T.);
#5080=EDGE_CURVE('',#3556,#3557,#875,.T.);
#5085=ADVANCED_FACE('',(#5084),#5074,.F.);
#5093=EDGE_CURVE('',#3753,#3544,#883,.T.);
#5095=EDGE_CURVE('',#3751,#3753,#887,.T.);
#5099=ADVANCED_FACE('',(#5098),#5090,.F.);
#5107=EDGE_CURVE('',#3560,#3561,#895,.T.);
#5109=EDGE_CURVE('',#3753,#3561,#915,.T.);
#5114=ADVANCED_FACE('',(#5113),#5104,.F.);
#5120=EDGE_CURVE('',#3557,#3561,#891,.T.);
#5124=EDGE_CURVE('',#3492,#3493,#903,.T.);
#5126=EDGE_CURVE('',#3492,#3496,#939,.T.);
#5128=EDGE_CURVE('',#3496,#3497,#1043,.T.);
#5134=ADVANCED_FACE('',(#5133),#5119,.T.);
#5146=ADVANCED_FACE('',(#5145),#5139,.F.);
#5155=EDGE_CURVE('',#3504,#3492,#943,.T.);
#5159=ADVANCED_FACE('',(#5158),#5151,.T.);
#5165=EDGE_CURVE('',#3801,#3640,#955,.T.);
#5167=EDGE_CURVE('',#3640,#3647,#2449,.T.);
#5170=EDGE_CURVE('',#3657,#3361,#959,.T.);
#5172=EDGE_CURVE('',#3353,#3361,#963,.T.);
#5174=EDGE_CURVE('',#3653,#3353,#967,.T.);
#5178=EDGE_CURVE('',#3637,#3797,#975,.T.);
#5180=EDGE_CURVE('',#3797,#3801,#979,.T.);
#5187=EDGE_CURVE('',#3496,#3500,#951,.T.);
#5191=EDGE_CURVE('',#3476,#3480,#923,.T.);
#5193=EDGE_CURVE('',#3488,#3476,#927,.T.);
#5195=EDGE_CURVE('',#3484,#3488,#931,.T.);
#5200=ADVANCED_FACE('',(#5183,#5190,#5199),#5164,.T.);
#5206=EDGE_CURVE('',#3476,#3477,#983,.T.);
#5213=ADVANCED_FACE('',(#5212),#5205,.T.);
#5220=EDGE_CURVE('',#3568,#3569,#1007,.T.);
#5222=EDGE_CURVE('',#3565,#3569,#991,.T.);
#5224=EDGE_CURVE('',#3564,#3565,#995,.T.);
#5227=EDGE_CURVE('',#3488,#3489,#1003,.T.);
#5233=ADVANCED_FACE('',(#5232),#5218,.T.);
#5240=EDGE_CURVE('',#3749,#3553,#1019,.T.);
#5242=EDGE_CURVE('',#3749,#3569,#1035,.T.);
#5245=EDGE_CURVE('',#3552,#3568,#1027,.T.);
#5249=ADVANCED_FACE('',(#5248),#5238,.F.);
#5255=EDGE_CURVE('',#3747,#3548,#1011,.T.);
#5257=EDGE_CURVE('',#3747,#3749,#1015,.T.);
#5263=ADVANCED_FACE('',(#5262),#5254,.T.);
#5270=EDGE_CURVE('',#3549,#3564,#1023,.T.);
#5273=EDGE_CURVE('',#3747,#3565,#1031,.T.);
#5278=ADVANCED_FACE('',(#5277),#5268,.F.);
#5290=ADVANCED_FACE('',(#5289),#5283,.T.);
#5302=ADVANCED_FACE('',(#5301),#5295,.T.);
#5314=ADVANCED_FACE('',(#5313),#5307,.T.);
#5326=ADVANCED_FACE('',(#5325),#5319,.T.);
#5332=EDGE_CURVE('',#3796,#3797,#1111,.T.);
#5336=EDGE_CURVE('',#3764,#3636,#1799,.T.);
#5338=EDGE_CURVE('',#3764,#3765,#1115,.T.);
#5340=EDGE_CURVE('',#3765,#3769,#1119,.T.);
#5342=EDGE_CURVE('',#3768,#3769,#1123,.T.);
#5344=EDGE_CURVE('',#3641,#3768,#1819,.T.);
#5346=EDGE_CURVE('',#3640,#3641,#2453,.T.);
#5349=EDGE_CURVE('',#3800,#3801,#1127,.T.);
#5351=EDGE_CURVE('',#3796,#3800,#1131,.T.);
#5355=EDGE_CURVE('',#4112,#4113,#1079,.T.);
#5357=EDGE_CURVE('',#4121,#4112,#1083,.T.);
#5359=EDGE_CURVE('',#4119,#4121,#1087,.T.);
#5361=EDGE_CURVE('',#4117,#4119,#1091,.T.);
#5363=EDGE_CURVE('',#4115,#4117,#1095,.T.);
#5365=EDGE_CURVE('',#3337,#4115,#1099,.T.);
#5367=EDGE_CURVE('',#3336,#3337,#1103,.T.);
#5369=EDGE_CURVE('',#4113,#3336,#1107,.T.);
#5373=EDGE_CURVE('',#4100,#4101,#1047,.T.);
#5375=EDGE_CURVE('',#4109,#4100,#1051,.T.);
#5377=EDGE_CURVE('',#3333,#4109,#1055,.T.);
#5379=EDGE_CURVE('',#3332,#3333,#1059,.T.);
#5381=EDGE_CURVE('',#4107,#3332,#1063,.T.);
#5383=EDGE_CURVE('',#4105,#4107,#1067,.T.);
#5385=EDGE_CURVE('',#4103,#4105,#1071,.T.);
#5387=EDGE_CURVE('',#4101,#4103,#1075,.T.);
#5391=ADVANCED_FACE('',(#5354,#5372,#5390),#5331,.T.);
#5397=EDGE_CURVE('',#4180,#4100,#1135,.T.);
#5400=EDGE_CURVE('',#4101,#4181,#1139,.T.);
#5402=EDGE_CURVE('',#4180,#4181,#1143,.T.);
#5406=ADVANCED_FACE('',(#5405),#5396,.F.);
#5412=EDGE_CURVE('',#4164,#4180,#1147,.T.);
#5414=EDGE_CURVE('',#4125,#4164,#1199,.T.);
#5416=EDGE_CURVE('',#4125,#4109,#1151,.T.);
#5422=ADVANCED_FACE('',(#5421),#5411,.F.);
#5429=EDGE_CURVE('',#4132,#4180,#1155,.T.);
#5431=EDGE_CURVE('',#4132,#4133,#1267,.T.);
#5433=EDGE_CURVE('',#4164,#4133,#1263,.T.);
#5437=ADVANCED_FACE('',(#5436),#5427,.F.);
#5445=EDGE_CURVE('',#4181,#4137,#1159,.T.);
#5447=EDGE_CURVE('',#4137,#4132,#1271,.T.);
#5451=ADVANCED_FACE('',(#5450),#5442,.F.);
#5457=EDGE_CURVE('',#4181,#4165,#1171,.T.);
#5459=EDGE_CURVE('',#4165,#4135,#1163,.T.);
#5461=EDGE_CURVE('',#4135,#4137,#1275,.T.);
#5466=ADVANCED_FACE('',(#5465),#5456,.F.);
#5472=EDGE_CURVE('',#4145,#4183,#1355,.T.);
#5474=EDGE_CURVE('',#4145,#4140,#1287,.T.);
#5476=EDGE_CURVE('',#4169,#4140,#1195,.T.);
#5478=EDGE_CURVE('',#4169,#4183,#1167,.T.);
#5482=ADVANCED_FACE('',(#5481),#5471,.F.);
#5488=EDGE_CURVE('',#4183,#4103,#1183,.T.);
#5491=EDGE_CURVE('',#4165,#4169,#1207,.T.);
#5498=ADVANCED_FACE('',(#5497),#5487,.F.);
#5504=EDGE_CURVE('',#4105,#4185,#1175,.T.);
#5506=EDGE_CURVE('',#4183,#4185,#1179,.T.);
#5512=ADVANCED_FACE('',(#5511),#5503,.F.);
#5518=EDGE_CURVE('',#4185,#4168,#1187,.T.);
#5522=EDGE_CURVE('',#4123,#4107,#1519,.T.);
#5524=EDGE_CURVE('',#4168,#4123,#1215,.T.);
#5528=ADVANCED_FACE('',(#5527),#5517,.F.);
#5535=EDGE_CURVE('',#4168,#4141,#1191,.T.);
#5537=EDGE_CURVE('',#4141,#4143,#1295,.T.);
#5539=EDGE_CURVE('',#4185,#4143,#1351,.T.);
#5543=ADVANCED_FACE('',(#5542),#5533,.F.);
#5550=EDGE_CURVE('',#4168,#4169,#1211,.T.);
#5553=EDGE_CURVE('',#4140,#4141,#1283,.T.);
#5557=ADVANCED_FACE('',(#5556),#5548,.T.);
#5564=EDGE_CURVE('',#4164,#4165,#1203,.T.);
#5569=EDGE_CURVE('',#4123,#3339,#1219,.T.);
#5571=EDGE_CURVE('',#3339,#3341,#1223,.T.);
#5573=EDGE_CURVE('',#3341,#4125,#1227,.T.);
#5577=ADVANCED_FACE('',(#5576),#5562,.F.);
#5583=EDGE_CURVE('',#4173,#4177,#1231,.T.);
#5585=EDGE_CURVE('',#4176,#4177,#1235,.T.);
#5587=EDGE_CURVE('',#4176,#4127,#1239,.T.);
#5589=EDGE_CURVE('',#4127,#3343,#1243,.T.);
#5591=EDGE_CURVE('',#3343,#3345,#1247,.T.);
#5593=EDGE_CURVE('',#3345,#4129,#1251,.T.);
#5595=EDGE_CURVE('',#4129,#4172,#1255,.T.);
#5597=EDGE_CURVE('',#4172,#4173,#1259,.T.);
#5601=ADVANCED_FACE('',(#5600),#5582,.F.);
#5608=EDGE_CURVE('',#4133,#4135,#1279,.T.);
#5614=ADVANCED_FACE('',(#5613),#5606,.T.);
#5626=ADVANCED_FACE('',(#5625),#5619,.T.);
#5634=EDGE_CURVE('',#4143,#4145,#1291,.T.);
#5639=ADVANCED_FACE('',(#5638),#5631,.T.);
#5645=EDGE_CURVE('',#4148,#4149,#1299,.T.);
#5647=EDGE_CURVE('',#4153,#4148,#1303,.T.);
#5649=EDGE_CURVE('',#4151,#4153,#1307,.T.);
#5651=EDGE_CURVE('',#4149,#4151,#1311,.T.);
#5655=EDGE_CURVE('',#4196,#4197,#1332,.T.);
#5657=EDGE_CURVE('',#4197,#4196,#1337,.T.);
#5661=ADVANCED_FACE('',(#5654,#5660),#5644,.T.);
#5667=EDGE_CURVE('',#4156,#4157,#1315,.T.);
#5669=EDGE_CURVE('',#4161,#4156,#1319,.T.);
#5671=EDGE_CURVE('',#4159,#4161,#1323,.T.);
#5673=EDGE_CURVE('',#4157,#4159,#1327,.T.);
#5677=EDGE_CURVE('',#4200,#4201,#1342,.T.);
#5679=EDGE_CURVE('',#4201,#4200,#1347,.T.);
#5683=ADVANCED_FACE('',(#5676,#5682),#5666,.T.);
#5695=ADVANCED_FACE('',(#5694),#5688,.F.);
#5701=EDGE_CURVE('',#4148,#4191,#1363,.T.);
#5704=EDGE_CURVE('',#4189,#4149,#1435,.T.);
#5706=EDGE_CURVE('',#4189,#4191,#1431,.T.);
#5710=ADVANCED_FACE('',(#5709),#5700,.F.);
#5716=EDGE_CURVE('',#4191,#4173,#1371,.T.);
#5718=EDGE_CURVE('',#4173,#4153,#1359,.T.);
#5724=ADVANCED_FACE('',(#5723),#5715,.F.);
#5730=EDGE_CURVE('',#4161,#4193,#1395,.T.);
#5733=EDGE_CURVE('',#4177,#4156,#1443,.T.);
#5735=EDGE_CURVE('',#4177,#4193,#1367,.T.);
#5739=ADVANCED_FACE('',(#5738),#5729,.F.);
#5745=EDGE_CURVE('',#4193,#4121,#1383,.T.);
#5750=EDGE_CURVE('',#4191,#4119,#1375,.T.);
#5755=ADVANCED_FACE('',(#5754),#5744,.F.);
#5761=EDGE_CURVE('',#4193,#4187,#1379,.T.);
#5765=EDGE_CURVE('',#4112,#4187,#1387,.T.);
#5769=ADVANCED_FACE('',(#5768),#5760,.F.);
#5776=EDGE_CURVE('',#4187,#4159,#1391,.T.);
#5782=ADVANCED_FACE('',(#5781),#5774,.F.);
#5789=EDGE_CURVE('',#4187,#4176,#1403,.T.);
#5791=EDGE_CURVE('',#4176,#4157,#1399,.T.);
#5796=ADVANCED_FACE('',(#5795),#5787,.F.);
#5804=EDGE_CURVE('',#4127,#4113,#1407,.T.);
#5810=ADVANCED_FACE('',(#5809),#5801,.F.);
#5818=EDGE_CURVE('',#3343,#3336,#1411,.T.);
#5823=ADVANCED_FACE('',(#5822),#5815,.F.);
#5831=EDGE_CURVE('',#3345,#3337,#1415,.T.);
#5836=ADVANCED_FACE('',(#5835),#5828,.F.);
#5844=EDGE_CURVE('',#4129,#4115,#1427,.T.);
#5849=ADVANCED_FACE('',(#5848),#5841,.F.);
#5855=EDGE_CURVE('',#4117,#4189,#1419,.T.);
#5857=EDGE_CURVE('',#4172,#4189,#1423,.T.);
#5864=ADVANCED_FACE('',(#5863),#5854,.F.);
#5876=ADVANCED_FACE('',(#5875),#5869,.F.);
#5884=EDGE_CURVE('',#4172,#4151,#1439,.T.);
#5889=ADVANCED_FACE('',(#5888),#5881,.F.);
#5901=ADVANCED_FACE('',(#5900),#5894,.T.);
#5913=ADVANCED_FACE('',(#5912),#5906,.T.);
#5919=EDGE_CURVE('',#4208,#4209,#1448,.T.);
#5921=EDGE_CURVE('',#4197,#4209,#1489,.T.);
#5924=EDGE_CURVE('',#4196,#4208,#1452,.T.);
#5928=ADVANCED_FACE('',(#5927),#5918,.T.);
#5934=EDGE_CURVE('',#4204,#4205,#1461,.T.);
#5936=EDGE_CURVE('',#4205,#4209,#1480,.T.);
#5939=EDGE_CURVE('',#4204,#4208,#1456,.T.);
#5943=ADVANCED_FACE('',(#5942),#5933,.T.);
#5950=EDGE_CURVE('',#4205,#4204,#1466,.T.);
#5954=ADVANCED_FACE('',(#5953),#5948,.T.);
#5960=EDGE_CURVE('',#4212,#4213,#1471,.T.);
#5962=EDGE_CURVE('',#4213,#4212,#1476,.T.);
#5966=ADVANCED_FACE('',(#5965),#5959,.T.);
#5974=EDGE_CURVE('',#4209,#4208,#1485,.T.);
#5979=ADVANCED_FACE('',(#5978),#5971,.T.);
#5991=ADVANCED_FACE('',(#5990),#5984,.T.);
#5998=EDGE_CURVE('',#4213,#4217,#1497,.T.);
#6000=EDGE_CURVE('',#4216,#4217,#1511,.T.);
#6002=EDGE_CURVE('',#4212,#4216,#1493,.T.);
#6006=ADVANCED_FACE('',(#6005),#5996,.T.);
#6014=EDGE_CURVE('',#4217,#4216,#1502,.T.);
#6019=ADVANCED_FACE('',(#6018),#6011,.T.);
#6026=EDGE_CURVE('',#4200,#4216,#1515,.T.);
#6029=EDGE_CURVE('',#4201,#4217,#1506,.T.);
#6033=ADVANCED_FACE('',(#6032),#6024,.T.);
#6045=ADVANCED_FACE('',(#6044),#6038,.T.);
#6053=EDGE_CURVE('',#3339,#3332,#1523,.T.);
#6058=ADVANCED_FACE('',(#6057),#6050,.F.);
#6066=EDGE_CURVE('',#3341,#3333,#1527,.T.);
#6071=ADVANCED_FACE('',(#6070),#6063,.F.);
#6083=ADVANCED_FACE('',(#6082),#6076,.F.);
#6089=EDGE_CURVE('',#3788,#3789,#1633,.T.);
#6091=EDGE_CURVE('',#3788,#4072,#1531,.T.);
#6093=EDGE_CURVE('',#4072,#4073,#1536,.T.);
#6095=EDGE_CURVE('',#4073,#3804,#1540,.T.);
#6097=EDGE_CURVE('',#3804,#3805,#1967,.T.);
#6099=EDGE_CURVE('',#3805,#4068,#1544,.T.);
#6101=EDGE_CURVE('',#4068,#4069,#1549,.T.);
#6103=EDGE_CURVE('',#4069,#3813,#1553,.T.);
#6105=EDGE_CURVE('',#3812,#3813,#2085,.T.);
#6107=EDGE_CURVE('',#3812,#3789,#1557,.T.);
#6111=ADVANCED_FACE('',(#6110),#6088,.F.);
#6117=EDGE_CURVE('',#4276,#4277,#1562,.T.);
#6119=EDGE_CURVE('',#4276,#3797,#1566,.T.);
#6122=EDGE_CURVE('',#3796,#4096,#1571,.T.);
#6124=EDGE_CURVE('',#4096,#4264,#1575,.T.);
#6126=EDGE_CURVE('',#4260,#4264,#2330,.T.);
#6128=EDGE_CURVE('',#4260,#4064,#1579,.T.);
#6130=EDGE_CURVE('',#4064,#4065,#1584,.T.);
#6132=EDGE_CURVE('',#4065,#4056,#1588,.T.);
#6134=EDGE_CURVE('',#4056,#4057,#1592,.T.);
#6136=EDGE_CURVE('',#4057,#4059,#1596,.T.);
#6138=EDGE_CURVE('',#4059,#4061,#1601,.T.);
#6140=EDGE_CURVE('',#4061,#4277,#1605,.T.);
#6144=ADVANCED_FACE('',(#6143),#6116,.F.);
#6150=EDGE_CURVE('',#3756,#3757,#1609,.T.);
#6153=EDGE_CURVE('',#3629,#3661,#1617,.T.);
#6155=EDGE_CURVE('',#3757,#3629,#2387,.T.);
#6159=ADVANCED_FACE('',(#6158),#6149,.T.);
#6165=EDGE_CURVE('',#3760,#3761,#1621,.T.);
#6167=EDGE_CURVE('',#3627,#3761,#2379,.T.);
#6173=ADVANCED_FACE('',(#6172),#6164,.T.);
#6180=EDGE_CURVE('',#3789,#3633,#2371,.T.);
#6182=EDGE_CURVE('',#3665,#3633,#1637,.T.);
#6187=ADVANCED_FACE('',(#6186),#6178,.T.);
#6193=EDGE_CURVE('',#3792,#3793,#1645,.T.);
#6196=EDGE_CURVE('',#3631,#3663,#1653,.T.);
#6198=EDGE_CURVE('',#3631,#3793,#2355,.T.);
#6202=ADVANCED_FACE('',(#6201),#6192,.T.);
#6209=EDGE_CURVE('',#3757,#3780,#1657,.T.);
#6211=EDGE_CURVE('',#3780,#3781,#2121,.T.);
#6213=EDGE_CURVE('',#3781,#4012,#1661,.T.);
#6215=EDGE_CURVE('',#4012,#4013,#1666,.T.);
#6217=EDGE_CURVE('',#4013,#3773,#1670,.T.);
#6219=EDGE_CURVE('',#3772,#3773,#1743,.T.);
#6221=EDGE_CURVE('',#3772,#4016,#1674,.T.);
#6223=EDGE_CURVE('',#4016,#4017,#1679,.T.);
#6225=EDGE_CURVE('',#4017,#3756,#1683,.T.);
#6229=ADVANCED_FACE('',(#6228),#6207,.F.);
#6235=EDGE_CURVE('',#4268,#4269,#1688,.T.);
#6237=EDGE_CURVE('',#4268,#4020,#1692,.T.);
#6239=EDGE_CURVE('',#4020,#4021,#1697,.T.);
#6241=EDGE_CURVE('',#4021,#4023,#1701,.T.);
#6243=EDGE_CURVE('',#4023,#4025,#1705,.T.);
#6245=EDGE_CURVE('',#4025,#4027,#1709,.T.);
#6247=EDGE_CURVE('',#4027,#4029,#1714,.T.);
#6249=EDGE_CURVE('',#4029,#4256,#1718,.T.);
#6251=EDGE_CURVE('',#4252,#4256,#2272,.T.);
#6253=EDGE_CURVE('',#4252,#4052,#1722,.T.);
#6255=EDGE_CURVE('',#4052,#3765,#1727,.T.);
#6258=EDGE_CURVE('',#3764,#4269,#1731,.T.);
#6262=ADVANCED_FACE('',(#6261),#6234,.F.);
#6270=EDGE_CURVE('',#4017,#4037,#1735,.T.);
#6272=EDGE_CURVE('',#4037,#3760,#2149,.T.);
#6276=ADVANCED_FACE('',(#6275),#6267,.T.);
#6282=EDGE_CURVE('',#3757,#3761,#2383,.T.);
#6284=EDGE_CURVE('',#3761,#3784,#2175,.T.);
#6286=EDGE_CURVE('',#3780,#3784,#2125,.T.);
#6291=ADVANCED_FACE('',(#6290),#6281,.T.);
#6298=EDGE_CURVE('',#4016,#4036,#1739,.T.);
#6300=EDGE_CURVE('',#4036,#4037,#2154,.T.);
#6305=ADVANCED_FACE('',(#6304),#6296,.F.);
#6311=EDGE_CURVE('',#3772,#3776,#1755,.T.);
#6313=EDGE_CURVE('',#3776,#4036,#2158,.T.);
#6319=ADVANCED_FACE('',(#6318),#6310,.T.);
#6325=EDGE_CURVE('',#3348,#3349,#1759,.T.);
#6327=EDGE_CURVE('',#3349,#3357,#1911,.T.);
#6329=EDGE_CURVE('',#3356,#3357,#1895,.T.);
#6331=EDGE_CURVE('',#3348,#3356,#1807,.T.);
#6336=EDGE_CURVE('',#3773,#3777,#1747,.T.);
#6338=EDGE_CURVE('',#3776,#3777,#1751,.T.);
#6343=ADVANCED_FACE('',(#6334,#6342),#6324,.F.);
#6350=EDGE_CURVE('',#3651,#3348,#1803,.T.);
#6353=EDGE_CURVE('',#3349,#3365,#1915,.T.);
#6357=ADVANCED_FACE('',(#6356),#6348,.T.);
#6363=EDGE_CURVE('',#3367,#3352,#1955,.T.);
#6367=EDGE_CURVE('',#3352,#3353,#1763,.T.);
#6371=ADVANCED_FACE('',(#6370),#6362,.T.);
#6382=EDGE_CURVE('',#3655,#3356,#1811,.T.);
#6385=EDGE_CURVE('',#3641,#3649,#1815,.T.);
#6388=EDGE_CURVE('',#3764,#3768,#1823,.T.);
#6392=EDGE_CURVE('',#3460,#3464,#1783,.T.);
#6394=EDGE_CURVE('',#3464,#3468,#1787,.T.);
#6397=EDGE_CURVE('',#3472,#3460,#1795,.T.);
#6401=EDGE_CURVE('',#3444,#3448,#1767,.T.);
#6404=EDGE_CURVE('',#3452,#3456,#1775,.T.);
#6409=ADVANCED_FACE('',(#6391,#6400,#6408),#6376,.T.);
#6421=ADVANCED_FACE('',(#6420),#6414,.F.);
#6433=ADVANCED_FACE('',(#6432),#6426,.F.);
#6440=EDGE_CURVE('',#3536,#3537,#1855,.T.);
#6442=EDGE_CURVE('',#3533,#3537,#1839,.T.);
#6444=EDGE_CURVE('',#3532,#3533,#1843,.T.);
#6447=EDGE_CURVE('',#3464,#3465,#1887,.T.);
#6450=EDGE_CURVE('',#3460,#3461,#1851,.T.);
#6454=ADVANCED_FACE('',(#6453),#6438,.F.);
#6461=EDGE_CURVE('',#3521,#3745,#1863,.T.);
#6463=EDGE_CURVE('',#3745,#3537,#1879,.T.);
#6466=EDGE_CURVE('',#3536,#3520,#1871,.T.);
#6470=ADVANCED_FACE('',(#6469),#6459,.F.);
#6476=EDGE_CURVE('',#3516,#3743,#1859,.T.);
#6478=EDGE_CURVE('',#3743,#3745,#1883,.T.);
#6484=ADVANCED_FACE('',(#6483),#6475,.F.);
#6491=EDGE_CURVE('',#3532,#3517,#1867,.T.);
#6494=EDGE_CURVE('',#3743,#3533,#1875,.T.);
#6499=ADVANCED_FACE('',(#6498),#6489,.F.);
#6511=ADVANCED_FACE('',(#6510),#6504,.F.);
#6523=ADVANCED_FACE('',(#6522),#6516,.F.);
#6535=ADVANCED_FACE('',(#6534),#6528,.F.);
#6547=ADVANCED_FACE('',(#6546),#6540,.F.);
#6554=EDGE_CURVE('',#3363,#3357,#1907,.T.);
#6560=ADVANCED_FACE('',(#6559),#6552,.F.);
#6566=EDGE_CURVE('',#3360,#3369,#1959,.T.);
#6568=EDGE_CURVE('',#3360,#3361,#1899,.T.);
#6574=ADVANCED_FACE('',(#6573),#6565,.F.);
#6580=EDGE_CURVE('',#3716,#3428,#1903,.T.);
#6587=EDGE_CURVE('',#3720,#3436,#1919,.T.);
#6589=EDGE_CURVE('',#3436,#3428,#1923,.T.);
#6593=ADVANCED_FACE('',(#6592),#6579,.F.);
#6599=EDGE_CURVE('',#3428,#3429,#1927,.T.);
#6607=ADVANCED_FACE('',(#6606),#6598,.F.);
#6613=EDGE_CURVE('',#3432,#3433,#1931,.T.);
#6615=EDGE_CURVE('',#3723,#3433,#1943,.T.);
#6622=ADVANCED_FACE('',(#6621),#6612,.F.);
#6630=EDGE_CURVE('',#3436,#3437,#1935,.T.);
#6635=ADVANCED_FACE('',(#6634),#6627,.F.);
#6648=ADVANCED_FACE('',(#6647),#6640,.T.);
#6654=EDGE_CURVE('',#3440,#3441,#1939,.T.);
#6659=EDGE_CURVE('',#3725,#3441,#1951,.T.);
#6663=ADVANCED_FACE('',(#6662),#6653,.T.);
#6672=EDGE_CURVE('',#3441,#3433,#1947,.T.);
#6676=ADVANCED_FACE('',(#6675),#6668,.F.);
#6687=EDGE_CURVE('',#3352,#3360,#1963,.T.);
#6693=ADVANCED_FACE('',(#6692),#6681,.F.);
#6706=EDGE_CURVE('',#3804,#3808,#1971,.T.);
#6708=EDGE_CURVE('',#3808,#3809,#1975,.T.);
#6710=EDGE_CURVE('',#3805,#3809,#1979,.T.);
#6714=ADVANCED_FACE('',(#6704,#6713),#6698,.F.);
#6722=EDGE_CURVE('',#4073,#4093,#1983,.T.);
#6724=EDGE_CURVE('',#4093,#3808,#2008,.T.);
#6728=ADVANCED_FACE('',(#6727),#6719,.T.);
#6735=EDGE_CURVE('',#4072,#4092,#1987,.T.);
#6737=EDGE_CURVE('',#4092,#4093,#2013,.T.);
#6742=ADVANCED_FACE('',(#6741),#6733,.F.);
#6749=EDGE_CURVE('',#3792,#4092,#2017,.T.);
#6755=ADVANCED_FACE('',(#6754),#6747,.T.);
#6761=EDGE_CURVE('',#3789,#3793,#2351,.T.);
#6764=EDGE_CURVE('',#3812,#3816,#2097,.T.);
#6766=EDGE_CURVE('',#3816,#3793,#1991,.T.);
#6770=ADVANCED_FACE('',(#6769),#6760,.T.);
#6778=EDGE_CURVE('',#3816,#3817,#2093,.T.);
#6780=EDGE_CURVE('',#4089,#3817,#1995,.T.);
#6782=EDGE_CURVE('',#4088,#4089,#2000,.T.);
#6784=EDGE_CURVE('',#3809,#4088,#2004,.T.);
#6792=ADVANCED_FACE('',(#6791),#6775,.T.);
#6798=EDGE_CURVE('',#4279,#4281,#2022,.T.);
#6800=EDGE_CURVE('',#4081,#4279,#2026,.T.);
#6802=EDGE_CURVE('',#4079,#4081,#2031,.T.);
#6804=EDGE_CURVE('',#4077,#4079,#2035,.T.);
#6806=EDGE_CURVE('',#4076,#4077,#2039,.T.);
#6808=EDGE_CURVE('',#4085,#4076,#2043,.T.);
#6810=EDGE_CURVE('',#4084,#4085,#2048,.T.);
#6812=EDGE_CURVE('',#4261,#4084,#2052,.T.);
#6814=EDGE_CURVE('',#4265,#4261,#2335,.T.);
#6816=EDGE_CURVE('',#4097,#4265,#2056,.T.);
#6818=EDGE_CURVE('',#3800,#4097,#2061,.T.);
#6821=EDGE_CURVE('',#4281,#3801,#2065,.T.);
#6825=ADVANCED_FACE('',(#6824),#6797,.T.);
#6831=EDGE_CURVE('',#3583,#3580,#2069,.T.);
#6833=EDGE_CURVE('',#3580,#3581,#2073,.T.);
#6835=EDGE_CURVE('',#3581,#3585,#2077,.T.);
#6837=EDGE_CURVE('',#3585,#3583,#2081,.T.);
#6842=EDGE_CURVE('',#3813,#3817,#2089,.T.);
#6848=ADVANCED_FACE('',(#6840,#6847),#6830,.T.);
#6854=EDGE_CURVE('',#3575,#3572,#2105,.T.);
#6856=EDGE_CURVE('',#3580,#3572,#2101,.T.);
#6859=EDGE_CURVE('',#3583,#3575,#2137,.T.);
#6863=ADVANCED_FACE('',(#6862),#6853,.T.);
#6870=EDGE_CURVE('',#3577,#3575,#2109,.T.);
#6872=EDGE_CURVE('',#3573,#3577,#2113,.T.);
#6874=EDGE_CURVE('',#3572,#3573,#2117,.T.);
#6880=EDGE_CURVE('',#3784,#3785,#2129,.T.);
#6882=EDGE_CURVE('',#3781,#3785,#2133,.T.);
#6886=ADVANCED_FACE('',(#6877,#6885),#6868,.F.);
#6895=EDGE_CURVE('',#3585,#3577,#2141,.T.);
#6899=ADVANCED_FACE('',(#6898),#6891,.T.);
#6908=EDGE_CURVE('',#3581,#3573,#2145,.T.);
#6912=ADVANCED_FACE('',(#6911),#6904,.T.);
#6924=ADVANCED_FACE('',(#6923),#6917,.T.);
#6935=EDGE_CURVE('',#4033,#3777,#2162,.T.);
#6937=EDGE_CURVE('',#4032,#4033,#2167,.T.);
#6939=EDGE_CURVE('',#3785,#4032,#2171,.T.);
#6945=ADVANCED_FACE('',(#6944),#6929,.T.);
#6951=EDGE_CURVE('',#4271,#4273,#2180,.T.);
#6953=EDGE_CURVE('',#3768,#4271,#2184,.T.);
#6956=EDGE_CURVE('',#4053,#3769,#2189,.T.);
#6958=EDGE_CURVE('',#4253,#4053,#2193,.T.);
#6960=EDGE_CURVE('',#4257,#4253,#2277,.T.);
#6962=EDGE_CURVE('',#4049,#4257,#2197,.T.);
#6964=EDGE_CURVE('',#4047,#4049,#2202,.T.);
#6966=EDGE_CURVE('',#4045,#4047,#2206,.T.);
#6968=EDGE_CURVE('',#4043,#4045,#2210,.T.);
#6970=EDGE_CURVE('',#4041,#4043,#2214,.T.);
#6972=EDGE_CURVE('',#4040,#4041,#2219,.T.);
#6974=EDGE_CURVE('',#4273,#4040,#2223,.T.);
#6978=ADVANCED_FACE('',(#6977),#6950,.T.);
#6986=EDGE_CURVE('',#4013,#4033,#2227,.T.);
#6991=ADVANCED_FACE('',(#6990),#6983,.T.);
#6998=EDGE_CURVE('',#4012,#4032,#2231,.T.);
#7004=ADVANCED_FACE('',(#7003),#6996,.T.);
#7016=ADVANCED_FACE('',(#7015),#7009,.T.);
#7023=EDGE_CURVE('',#4271,#4269,#2235,.T.);
#7026=EDGE_CURVE('',#4273,#4268,#2239,.T.);
#7030=ADVANCED_FACE('',(#7029),#7021,.T.);
#7042=ADVANCED_FACE('',(#7041),#7035,.T.);
#7050=EDGE_CURVE('',#4020,#4040,#2243,.T.);
#7055=ADVANCED_FACE('',(#7054),#7047,.T.);
#7064=EDGE_CURVE('',#4021,#4041,#2247,.T.);
#7068=ADVANCED_FACE('',(#7067),#7060,.F.);
#7077=EDGE_CURVE('',#4023,#4043,#2251,.T.);
#7081=ADVANCED_FACE('',(#7080),#7073,.T.);
#7090=EDGE_CURVE('',#4025,#4045,#2255,.T.);
#7094=ADVANCED_FACE('',(#7093),#7086,.T.);
#7103=EDGE_CURVE('',#4027,#4047,#2259,.T.);
#7107=ADVANCED_FACE('',(#7106),#7099,.T.);
#7116=EDGE_CURVE('',#4029,#4049,#2267,.T.);
#7120=ADVANCED_FACE('',(#7119),#7112,.T.);
#7126=EDGE_CURVE('',#4256,#4257,#2263,.T.);
#7133=ADVANCED_FACE('',(#7132),#7125,.T.);
#7139=EDGE_CURVE('',#4252,#4253,#2281,.T.);
#7146=ADVANCED_FACE('',(#7145),#7138,.F.);
#7154=EDGE_CURVE('',#4052,#4053,#2285,.T.);
#7159=ADVANCED_FACE('',(#7158),#7151,.T.);
#7171=ADVANCED_FACE('',(#7170),#7164,.T.);
#7179=EDGE_CURVE('',#4069,#4089,#2289,.T.);
#7184=ADVANCED_FACE('',(#7183),#7176,.T.);
#7191=EDGE_CURVE('',#4068,#4088,#2293,.T.);
#7197=ADVANCED_FACE('',(#7196),#7189,.T.);
#7209=ADVANCED_FACE('',(#7208),#7202,.T.);
#7216=EDGE_CURVE('',#4279,#4277,#2297,.T.);
#7219=EDGE_CURVE('',#4281,#4276,#2347,.T.);
#7223=ADVANCED_FACE('',(#7222),#7214,.T.);
#7231=EDGE_CURVE('',#4061,#4081,#2301,.T.);
#7236=ADVANCED_FACE('',(#7235),#7228,.T.);
#7243=EDGE_CURVE('',#4059,#4079,#2305,.T.);
#7249=ADVANCED_FACE('',(#7248),#7241,.F.);
#7256=EDGE_CURVE('',#4057,#4077,#2309,.T.);
#7262=ADVANCED_FACE('',(#7261),#7254,.T.);
#7269=EDGE_CURVE('',#4056,#4076,#2313,.T.);
#7275=ADVANCED_FACE('',(#7274),#7267,.T.);
#7282=EDGE_CURVE('',#4065,#4085,#2317,.T.);
#7288=ADVANCED_FACE('',(#7287),#7280,.T.);
#7295=EDGE_CURVE('',#4064,#4084,#2321,.T.);
#7301=ADVANCED_FACE('',(#7300),#7293,.T.);
#7307=EDGE_CURVE('',#4260,#4261,#2325,.T.);
#7314=ADVANCED_FACE('',(#7313),#7306,.T.);
#7322=EDGE_CURVE('',#4264,#4265,#2339,.T.);
#7327=ADVANCED_FACE('',(#7326),#7319,.F.);
#7335=EDGE_CURVE('',#4096,#4097,#2343,.T.);
#7340=ADVANCED_FACE('',(#7339),#7332,.T.);
#7352=ADVANCED_FACE('',(#7351),#7345,.T.);
#7364=ADVANCED_FACE('',(#7363),#7357,.T.);
#7372=EDGE_CURVE('',#3621,#3631,#2359,.T.);
#7375=EDGE_CURVE('',#3324,#3325,#2363,.T.);
#7377=EDGE_CURVE('',#3325,#3329,#2415,.T.);
#7379=EDGE_CURVE('',#3328,#3329,#2403,.T.);
#7382=EDGE_CURVE('',#3625,#3633,#2367,.T.);
#7387=ADVANCED_FACE('',(#7386),#7369,.F.);
#7399=ADVANCED_FACE('',(#7398),#7392,.F.);
#7405=EDGE_CURVE('',#3320,#3321,#2375,.T.);
#7407=EDGE_CURVE('',#3321,#3325,#2419,.T.);
#7413=ADVANCED_FACE('',(#7412),#7404,.F.);
#7422=EDGE_CURVE('',#3617,#3629,#2391,.T.);
#7425=EDGE_CURVE('',#3316,#3317,#2399,.T.);
#7427=EDGE_CURVE('',#3317,#3321,#2407,.T.);
#7434=ADVANCED_FACE('',(#7433),#7418,.F.);
#7446=ADVANCED_FACE('',(#7445),#7439,.F.);
#7455=EDGE_CURVE('',#3329,#3317,#2411,.T.);
#7459=ADVANCED_FACE('',(#7458),#7451,.F.);
#7471=ADVANCED_FACE('',(#7470),#7464,.F.);
#7483=ADVANCED_FACE('',(#7482),#7476,.F.);
#7491=EDGE_CURVE('',#3424,#3713,#2490,.T.);
#7494=EDGE_CURVE('',#3416,#3420,#2428,.T.);
#7496=EDGE_CURVE('',#3696,#3416,#2432,.T.);
#7499=EDGE_CURVE('',#3692,#3408,#2436,.T.);
#7501=EDGE_CURVE('',#3404,#3408,#2441,.T.);
#7504=EDGE_CURVE('',#3707,#3412,#2575,.T.);
#7513=EDGE_CURVE('',#3908,#3909,#2457,.T.);
#7515=EDGE_CURVE('',#3908,#3912,#2461,.T.);
#7517=EDGE_CURVE('',#3912,#3913,#2465,.T.);
#7519=EDGE_CURVE('',#3909,#3913,#2469,.T.);
#7523=EDGE_CURVE('',#3997,#3995,#2473,.T.);
#7525=EDGE_CURVE('',#3995,#4003,#2477,.T.);
#7527=EDGE_CURVE('',#4005,#4003,#2481,.T.);
#7529=EDGE_CURVE('',#3997,#4005,#2485,.T.);
#7533=ADVANCED_FACE('',(#7512,#7522,#7532),#7488,.T.);
#7541=EDGE_CURVE('',#3711,#3425,#2501,.T.);
#7546=ADVANCED_FACE('',(#7545),#7538,.F.);
#7552=EDGE_CURVE('',#3405,#3409,#2510,.T.);
#7554=EDGE_CURVE('',#3699,#3409,#2514,.T.);
#7556=EDGE_CURVE('',#3701,#3699,#2555,.T.);
#7558=EDGE_CURVE('',#3701,#3417,#2518,.T.);
#7560=EDGE_CURVE('',#3417,#3421,#2523,.T.);
#7565=ADVANCED_FACE('',(#7564),#7551,.F.);
#7576=ADVANCED_FACE('',(#7575),#7570,.F.);
#7584=EDGE_CURVE('',#3413,#3705,#2570,.T.);
#7588=ADVANCED_FACE('',(#7587),#7581,.F.);
#7596=EDGE_CURVE('',#3408,#3409,#2543,.T.);
#7601=ADVANCED_FACE('',(#7600),#7593,.F.);
#7610=EDGE_CURVE('',#3699,#3693,#2547,.T.);
#7615=ADVANCED_FACE('',(#7614),#7606,.T.);
#7623=EDGE_CURVE('',#3701,#3697,#2551,.T.);
#7628=ADVANCED_FACE('',(#7627),#7620,.F.);
#7634=EDGE_CURVE('',#3416,#3417,#2559,.T.);
#7642=ADVANCED_FACE('',(#7641),#7633,.T.);
#7654=ADVANCED_FACE('',(#7653),#7647,.F.);
#7666=ADVANCED_FACE('',(#7665),#7659,.F.);
#7673=EDGE_CURVE('',#3900,#3840,#2579,.T.);
#7675=EDGE_CURVE('',#3840,#3841,#2584,.T.);
#7677=EDGE_CURVE('',#3841,#3843,#2588,.T.);
#7679=EDGE_CURVE('',#3843,#3845,#2593,.T.);
#7681=EDGE_CURVE('',#3845,#3847,#2597,.T.);
#7683=EDGE_CURVE('',#3847,#3849,#2601,.T.);
#7685=EDGE_CURVE('',#3849,#3851,#2605,.T.);
#7687=EDGE_CURVE('',#3851,#3853,#2610,.T.);
#7689=EDGE_CURVE('',#3853,#3855,#2614,.T.);
#7691=EDGE_CURVE('',#3855,#3857,#2619,.T.);
#7693=EDGE_CURVE('',#3857,#3901,#2623,.T.);
#7697=ADVANCED_FACE('',(#7696),#7671,.F.);
#7704=EDGE_CURVE('',#3909,#3820,#2627,.T.);
#7706=EDGE_CURVE('',#3820,#3821,#2632,.T.);
#7708=EDGE_CURVE('',#3821,#3823,#2636,.T.);
#7710=EDGE_CURVE('',#3823,#3825,#2641,.T.);
#7712=EDGE_CURVE('',#3825,#3827,#2645,.T.);
#7714=EDGE_CURVE('',#3827,#3829,#2649,.T.);
#7716=EDGE_CURVE('',#3829,#3831,#2653,.T.);
#7718=EDGE_CURVE('',#3831,#3833,#2658,.T.);
#7720=EDGE_CURVE('',#3833,#3835,#2662,.T.);
#7722=EDGE_CURVE('',#3835,#3837,#2667,.T.);
#7724=EDGE_CURVE('',#3837,#3908,#2671,.T.);
#7728=ADVANCED_FACE('',(#7727),#7702,.F.);
#7735=EDGE_CURVE('',#3904,#3880,#2719,.T.);
#7737=EDGE_CURVE('',#3840,#3880,#2807,.T.);
#7742=ADVANCED_FACE('',(#7741),#7733,.T.);
#7749=EDGE_CURVE('',#3897,#3905,#2675,.T.);
#7751=EDGE_CURVE('',#3895,#3897,#2680,.T.);
#7753=EDGE_CURVE('',#3893,#3895,#2684,.T.);
#7755=EDGE_CURVE('',#3891,#3893,#2689,.T.);
#7757=EDGE_CURVE('',#3889,#3891,#2693,.T.);
#7759=EDGE_CURVE('',#3887,#3889,#2697,.T.);
#7761=EDGE_CURVE('',#3885,#3887,#2701,.T.);
#7763=EDGE_CURVE('',#3883,#3885,#2706,.T.);
#7765=EDGE_CURVE('',#3881,#3883,#2710,.T.);
#7767=EDGE_CURVE('',#3880,#3881,#2715,.T.);
#7772=ADVANCED_FACE('',(#7771),#7747,.T.);
#7779=EDGE_CURVE('',#3877,#3912,#2723,.T.);
#7781=EDGE_CURVE('',#3875,#3877,#2728,.T.);
#7783=EDGE_CURVE('',#3873,#3875,#2732,.T.);
#7785=EDGE_CURVE('',#3871,#3873,#2737,.T.);
#7787=EDGE_CURVE('',#3869,#3871,#2741,.T.);
#7789=EDGE_CURVE('',#3867,#3869,#2745,.T.);
#7791=EDGE_CURVE('',#3865,#3867,#2749,.T.);
#7793=EDGE_CURVE('',#3863,#3865,#2754,.T.);
#7795=EDGE_CURVE('',#3861,#3863,#2758,.T.);
#7797=EDGE_CURVE('',#3860,#3861,#2763,.T.);
#7799=EDGE_CURVE('',#3913,#3860,#2767,.T.);
#7803=ADVANCED_FACE('',(#7802),#7777,.T.);
#7811=EDGE_CURVE('',#3857,#3897,#2771,.T.);
#7816=ADVANCED_FACE('',(#7815),#7808,.T.);
#7823=EDGE_CURVE('',#3855,#3895,#2775,.T.);
#7829=ADVANCED_FACE('',(#7828),#7821,.T.);
#7836=EDGE_CURVE('',#3853,#3893,#2779,.T.);
#7842=ADVANCED_FACE('',(#7841),#7834,.T.);
#7849=EDGE_CURVE('',#3851,#3891,#2783,.T.);
#7855=ADVANCED_FACE('',(#7854),#7847,.F.);
#7862=EDGE_CURVE('',#3849,#3889,#2787,.T.);
#7868=ADVANCED_FACE('',(#7867),#7860,.T.);
#7875=EDGE_CURVE('',#3847,#3887,#2791,.T.);
#7881=ADVANCED_FACE('',(#7880),#7873,.T.);
#7888=EDGE_CURVE('',#3845,#3885,#2795,.T.);
#7894=ADVANCED_FACE('',(#7893),#7886,.T.);
#7901=EDGE_CURVE('',#3843,#3883,#2799,.T.);
#7907=ADVANCED_FACE('',(#7906),#7899,.T.);
#7914=EDGE_CURVE('',#3841,#3881,#2803,.T.);
#7920=ADVANCED_FACE('',(#7919),#7912,.T.);
#7932=ADVANCED_FACE('',(#7931),#7925,.F.);
#7940=EDGE_CURVE('',#3837,#3877,#2811,.T.);
#7945=ADVANCED_FACE('',(#7944),#7937,.T.);
#7952=EDGE_CURVE('',#3835,#3875,#2815,.T.);
#7958=ADVANCED_FACE('',(#7957),#7950,.F.);
#7965=EDGE_CURVE('',#3833,#3873,#2819,.T.);
#7971=ADVANCED_FACE('',(#7970),#7963,.T.);
#7978=EDGE_CURVE('',#3831,#3871,#2823,.T.);
#7984=ADVANCED_FACE('',(#7983),#7976,.T.);
#7991=EDGE_CURVE('',#3829,#3869,#2827,.T.);
#7997=ADVANCED_FACE('',(#7996),#7989,.T.);
#8004=EDGE_CURVE('',#3827,#3867,#2831,.T.);
#8010=ADVANCED_FACE('',(#8009),#8002,.T.);
#8017=EDGE_CURVE('',#3825,#3865,#2835,.T.);
#8023=ADVANCED_FACE('',(#8022),#8015,.T.);
#8030=EDGE_CURVE('',#3823,#3863,#2839,.T.);
#8036=ADVANCED_FACE('',(#8035),#8028,.F.);
#8043=EDGE_CURVE('',#3821,#3861,#2843,.T.);
#8049=ADVANCED_FACE('',(#8048),#8041,.T.);
#8056=EDGE_CURVE('',#3820,#3860,#2847,.T.);
#8062=ADVANCED_FACE('',(#8061),#8054,.T.);
#8074=ADVANCED_FACE('',(#8073),#8067,.T.);
#8080=EDGE_CURVE('',#3995,#3916,#2851,.T.);
#8083=EDGE_CURVE('',#3933,#3997,#2855,.T.);
#8085=EDGE_CURVE('',#3931,#3933,#2860,.T.);
#8087=EDGE_CURVE('',#3929,#3931,#2864,.T.);
#8089=EDGE_CURVE('',#3927,#3929,#2869,.T.);
#8091=EDGE_CURVE('',#3925,#3927,#2873,.T.);
#8093=EDGE_CURVE('',#3923,#3925,#2877,.T.);
#8095=EDGE_CURVE('',#3921,#3923,#2881,.T.);
#8097=EDGE_CURVE('',#3919,#3921,#2886,.T.);
#8099=EDGE_CURVE('',#3917,#3919,#2890,.T.);
#8101=EDGE_CURVE('',#3916,#3917,#2895,.T.);
#8105=ADVANCED_FACE('',(#8104),#8079,.T.);
#8111=EDGE_CURVE('',#3999,#3936,#2899,.T.);
#8114=EDGE_CURVE('',#3953,#4001,#2903,.T.);
#8116=EDGE_CURVE('',#3951,#3953,#2908,.T.);
#8118=EDGE_CURVE('',#3949,#3951,#2912,.T.);
#8120=EDGE_CURVE('',#3947,#3949,#2917,.T.);
#8122=EDGE_CURVE('',#3945,#3947,#2921,.T.);
#8124=EDGE_CURVE('',#3943,#3945,#2925,.T.);
#8126=EDGE_CURVE('',#3941,#3943,#2929,.T.);
#8128=EDGE_CURVE('',#3939,#3941,#2934,.T.);
#8130=EDGE_CURVE('',#3937,#3939,#2938,.T.);
#8132=EDGE_CURVE('',#3936,#3937,#2943,.T.);
#8136=ADVANCED_FACE('',(#8135),#8110,.T.);
#8143=EDGE_CURVE('',#3916,#3956,#2947,.T.);
#8145=EDGE_CURVE('',#4003,#3956,#2987,.T.);
#8150=ADVANCED_FACE('',(#8149),#8141,.F.);
#8157=EDGE_CURVE('',#3917,#3957,#2951,.T.);
#8159=EDGE_CURVE('',#3956,#3957,#2992,.T.);
#8164=ADVANCED_FACE('',(#8163),#8155,.T.);
#8171=EDGE_CURVE('',#3919,#3959,#2955,.T.);
#8173=EDGE_CURVE('',#3957,#3959,#2996,.T.);
#8178=ADVANCED_FACE('',(#8177),#8169,.F.);
#8185=EDGE_CURVE('',#3921,#3961,#2959,.T.);
#8187=EDGE_CURVE('',#3959,#3961,#3001,.T.);
#8192=ADVANCED_FACE('',(#8191),#8183,.F.);
#8199=EDGE_CURVE('',#3923,#3963,#2963,.T.);
#8201=EDGE_CURVE('',#3961,#3963,#3005,.T.);
#8206=ADVANCED_FACE('',(#8205),#8197,.F.);
#8213=EDGE_CURVE('',#3925,#3965,#2967,.T.);
#8215=EDGE_CURVE('',#3963,#3965,#3009,.T.);
#8220=ADVANCED_FACE('',(#8219),#8211,.F.);
#8227=EDGE_CURVE('',#3927,#3967,#2971,.T.);
#8229=EDGE_CURVE('',#3965,#3967,#3013,.T.);
#8234=ADVANCED_FACE('',(#8233),#8225,.F.);
#8241=EDGE_CURVE('',#3929,#3969,#2975,.T.);
#8243=EDGE_CURVE('',#3967,#3969,#3018,.T.);
#8248=ADVANCED_FACE('',(#8247),#8239,.T.);
#8255=EDGE_CURVE('',#3931,#3971,#2979,.T.);
#8257=EDGE_CURVE('',#3969,#3971,#3022,.T.);
#8262=ADVANCED_FACE('',(#8261),#8253,.F.);
#8269=EDGE_CURVE('',#3933,#3973,#2983,.T.);
#8271=EDGE_CURVE('',#3971,#3973,#3027,.T.);
#8276=ADVANCED_FACE('',(#8275),#8267,.F.);
#8284=EDGE_CURVE('',#3973,#4005,#3031,.T.);
#8289=ADVANCED_FACE('',(#8288),#8281,.F.);
#8309=ADVANCED_FACE('',(#8308),#8294,.F.);
#8315=EDGE_CURVE('',#4007,#3976,#3035,.T.);
#8317=EDGE_CURVE('',#3976,#3977,#3040,.T.);
#8319=EDGE_CURVE('',#3977,#3979,#3044,.T.);
#8321=EDGE_CURVE('',#3979,#3981,#3049,.T.);
#8323=EDGE_CURVE('',#3981,#3983,#3053,.T.);
#8325=EDGE_CURVE('',#3983,#3985,#3057,.T.);
#8327=EDGE_CURVE('',#3985,#3987,#3061,.T.);
#8329=EDGE_CURVE('',#3987,#3989,#3066,.T.);
#8331=EDGE_CURVE('',#3989,#3991,#3070,.T.);
#8333=EDGE_CURVE('',#3991,#3993,#3075,.T.);
#8335=EDGE_CURVE('',#3993,#4009,#3079,.T.);
#8340=ADVANCED_FACE('',(#8339),#8314,.F.);
#8347=EDGE_CURVE('',#3936,#3976,#3083,.T.);
#8353=ADVANCED_FACE('',(#8352),#8345,.F.);
#8360=EDGE_CURVE('',#3937,#3977,#3087,.T.);
#8366=ADVANCED_FACE('',(#8365),#8358,.F.);
#8373=EDGE_CURVE('',#3939,#3979,#3091,.T.);
#8379=ADVANCED_FACE('',(#8378),#8371,.F.);
#8386=EDGE_CURVE('',#3941,#3981,#3095,.T.);
#8392=ADVANCED_FACE('',(#8391),#8384,.T.);
#8399=EDGE_CURVE('',#3943,#3983,#3099,.T.);
#8405=ADVANCED_FACE('',(#8404),#8397,.F.);
#8412=EDGE_CURVE('',#3945,#3985,#3103,.T.);
#8418=ADVANCED_FACE('',(#8417),#8410,.F.);
#8425=EDGE_CURVE('',#3947,#3987,#3107,.T.);
#8431=ADVANCED_FACE('',(#8430),#8423,.F.);
#8438=EDGE_CURVE('',#3949,#3989,#3111,.T.);
#8444=ADVANCED_FACE('',(#8443),#8436,.F.);
#8451=EDGE_CURVE('',#3951,#3991,#3115,.T.);
#8457=ADVANCED_FACE('',(#8456),#8449,.F.);
#8464=EDGE_CURVE('',#3953,#3993,#3119,.T.);
#8470=ADVANCED_FACE('',(#8469),#8462,.T.);
#8482=ADVANCED_FACE('',(#8481),#8475,.F.);
#8492=EDGE_CURVE('',#3301,#3312,#3143,.T.);
#8494=EDGE_CURVE('',#3312,#3313,#3159,.T.);
#8496=EDGE_CURVE('',#3304,#3313,#3131,.T.);
#8501=ADVANCED_FACE('',(#8500),#8487,.T.);
#8507=EDGE_CURVE('',#3604,#3592,#3135,.T.);
#8509=EDGE_CURVE('',#3604,#3608,#3171,.T.);
#8511=EDGE_CURVE('',#3312,#3608,#3139,.T.);
#8517=ADVANCED_FACE('',(#8516),#8506,.T.);
#8524=EDGE_CURVE('',#3605,#3593,#3147,.T.);
#8526=EDGE_CURVE('',#3604,#3605,#3163,.T.);
#8531=ADVANCED_FACE('',(#8530),#8522,.F.);
#8540=EDGE_CURVE('',#3609,#3313,#3151,.T.);
#8542=EDGE_CURVE('',#3605,#3609,#3155,.T.);
#8546=ADVANCED_FACE('',(#8545),#8536,.T.);
#8554=EDGE_CURVE('',#3608,#3609,#3167,.T.);
#8559=ADVANCED_FACE('',(#8558),#8551,.F.);
#8571=ADVANCED_FACE('',(#8570),#8564,.T.);
#8577=EDGE_CURVE('',#3589,#3596,#3175,.T.);
#8579=EDGE_CURVE('',#3596,#3600,#3207,.T.);
#8581=EDGE_CURVE('',#3309,#3600,#3179,.T.);
#8587=ADVANCED_FACE('',(#8586),#8576,.T.);
#8594=EDGE_CURVE('',#3588,#3597,#3187,.T.);
#8596=EDGE_CURVE('',#3596,#3597,#3199,.T.);
#8601=ADVANCED_FACE('',(#8600),#8592,.F.);
#8610=EDGE_CURVE('',#3601,#3308,#3191,.T.);
#8612=EDGE_CURVE('',#3597,#3601,#3195,.T.);
#8616=ADVANCED_FACE('',(#8615),#8606,.T.);
#8624=EDGE_CURVE('',#3600,#3601,#3203,.T.);
#8629=ADVANCED_FACE('',(#8628),#8621,.F.);
#8641=ADVANCED_FACE('',(#8640),#8634,.T.);
#8649=EDGE_CURVE('',#3393,#3397,#3217,.T.);
#8651=EDGE_CURVE('',#3677,#3393,#3221,.T.);
#8653=EDGE_CURVE('',#3677,#3675,#3225,.T.);
#8658=ADVANCED_FACE('',(#8657),#8646,.F.);
#8666=EDGE_CURVE('',#3401,#3687,#3254,.T.);
#8670=ADVANCED_FACE('',(#8669),#8663,.F.);
#8676=EDGE_CURVE('',#3681,#3389,#3273,.T.);
#8682=ADVANCED_FACE('',(#8681),#8675,.F.);
#8688=EDGE_CURVE('',#3392,#3393,#3241,.T.);
#8695=ADVANCED_FACE('',(#8694),#8687,.F.);
#8704=EDGE_CURVE('',#3673,#3677,#3249,.T.);
#8709=ADVANCED_FACE('',(#8708),#8700,.F.);
#8721=ADVANCED_FACE('',(#8720),#8714,.F.);
#8733=ADVANCED_FACE('',(#8732),#8726,.F.);
#8745=ADVANCED_FACE('',(#8744),#8738,.F.);
#8756=ADVANCED_FACE('',(#8755),#8750,.T.);
#8767=ADVANCED_FACE('',(#8766),#8761,.T.);
#8768=CLOSED_SHELL('',(#4313,#4345,#4360,#4405,#4420,#4436,#4450,#4465,#4487,
#4499,#4560,#4575,#4590,#4604,#4616,#4631,#4647,#4708,#4766,#4781,#4797,#4818,
#4839,#4860,#4881,#4897,#4911,#4991,#5011,#5055,#5069,#5085,#5099,#5114,#5134,
#5146,#5159,#5200,#5213,#5233,#5249,#5263,#5278,#5290,#5302,#5314,#5326,#5391,
#5406,#5422,#5437,#5451,#5466,#5482,#5498,#5512,#5528,#5543,#5557,#5577,#5601,
#5614,#5626,#5639,#5661,#5683,#5695,#5710,#5724,#5739,#5755,#5769,#5782,#5796,
#5810,#5823,#5836,#5849,#5864,#5876,#5889,#5901,#5913,#5928,#5943,#5954,#5966,
#5979,#5991,#6006,#6019,#6033,#6045,#6058,#6071,#6083,#6111,#6144,#6159,#6173,
#6187,#6202,#6229,#6262,#6276,#6291,#6305,#6319,#6343,#6357,#6371,#6409,#6421,
#6433,#6454,#6470,#6484,#6499,#6511,#6523,#6535,#6547,#6560,#6574,#6593,#6607,
#6622,#6635,#6648,#6663,#6676,#6693,#6714,#6728,#6742,#6755,#6770,#6792,#6825,
#6848,#6863,#6886,#6899,#6912,#6924,#6945,#6978,#6991,#7004,#7016,#7030,#7042,
#7055,#7068,#7081,#7094,#7107,#7120,#7133,#7146,#7159,#7171,#7184,#7197,#7209,
#7223,#7236,#7249,#7262,#7275,#7288,#7301,#7314,#7327,#7340,#7352,#7364,#7387,
#7399,#7413,#7434,#7446,#7459,#7471,#7483,#7533,#7546,#7565,#7576,#7588,#7601,
#7615,#7628,#7642,#7654,#7666,#7697,#7728,#7742,#7772,#7803,#7816,#7829,#7842,
#7855,#7868,#7881,#7894,#7907,#7920,#7932,#7945,#7958,#7971,#7984,#7997,#8010,
#8023,#8036,#8049,#8062,#8074,#8105,#8136,#8150,#8164,#8178,#8192,#8206,#8220,
#8234,#8248,#8262,#8276,#8289,#8309,#8340,#8353,#8366,#8379,#8392,#8405,#8418,
#8431,#8444,#8457,#8470,#8482,#8501,#8517,#8531,#8546,#8559,#8571,#8587,#8601,
#8616,#8629,#8641,#8658,#8670,#8682,#8695,#8709,#8721,#8733,#8745,#8756,#8767));
#8769=MANIFOLD_SOLID_BREP('',#8768);
#8770=(LENGTH_UNIT()NAMED_UNIT(*)SI_UNIT(.MILLI.,.METRE.));
#8771=(NAMED_UNIT(*)PLANE_ANGLE_UNIT()SI_UNIT($,.RADIAN.));
#8774=(NAMED_UNIT(*)SI_UNIT($,.STERADIAN.)SOLID_ANGLE_UNIT());
#8776=(GEOMETRIC_REPRESENTATION_CONTEXT(3)GLOBAL_UNCERTAINTY_ASSIGNED_CONTEXT((
#8775))GLOBAL_UNIT_ASSIGNED_CONTEXT((#8770,#8773,#8774))REPRESENTATION_CONTEXT(
'ID1','3'));
#8777=ADVANCED_BREP_SHAPE_REPRESENTATION('',(#8769),#8776);
#8784=PRODUCT_DEFINITION('part definition','',#8783,#8780);
#8785=PRODUCT_DEFINITION_SHAPE('','SHAPE FOR C-5-2213819-5.',#8784);
#8786=SHAPE_ASPECT('','solid data associated with C-5-2213819-5',#8785,.F.);
#8787=PROPERTY_DEFINITION('',
'shape for solid data with which properties are associated',#8786);
#8788=SHAPE_REPRESENTATION('',(#8769),#8776);
#8789=SHAPE_DEFINITION_REPRESENTATION(#8787,#8788);
#8790=(LENGTH_UNIT()NAMED_UNIT(*)SI_UNIT(.MILLI.,.METRE.));
#8794=PROPERTY_DEFINITION('geometric validation property',
'area of C-5-2213819-5',#8786);
#8795=REPRESENTATION('surface area',(#8793),#8776);
#8796=PROPERTY_DEFINITION_REPRESENTATION(#8794,#8795);
#8797=(LENGTH_UNIT()NAMED_UNIT(*)SI_UNIT(.MILLI.,.METRE.));
#8801=PROPERTY_DEFINITION('geometric validation property',
'volume of C-5-2213819-5',#8786);
#8802=REPRESENTATION('volume',(#8800),#8776);
#8803=PROPERTY_DEFINITION_REPRESENTATION(#8801,#8802);
#8805=PROPERTY_DEFINITION('geometric validation property',
'centroid of C-5-2213819-5',#8786);
#8806=REPRESENTATION('centroid',(#8804),#8776);
#8807=PROPERTY_DEFINITION_REPRESENTATION(#8805,#8806);
#8808=(LENGTH_UNIT()NAMED_UNIT(*)SI_UNIT(.MILLI.,.METRE.));
#8812=PROPERTY_DEFINITION('geometric validation property',
'area of C-5-2213819-5',#8785);
#8813=REPRESENTATION('surface area',(#8811),#8776);
#8814=PROPERTY_DEFINITION_REPRESENTATION(#8812,#8813);
#8815=(LENGTH_UNIT()NAMED_UNIT(*)SI_UNIT(.MILLI.,.METRE.));
#8819=PROPERTY_DEFINITION('geometric validation property',
'volume of C-5-2213819-5',#8785);
#8820=REPRESENTATION('volume',(#8818),#8776);
#8821=PROPERTY_DEFINITION_REPRESENTATION(#8819,#8820);
#8823=PROPERTY_DEFINITION('geometric validation property',
'centroid of C-5-2213819-5',#8785);
#8824=REPRESENTATION('centroid',(#8822),#8776);
#8825=PROPERTY_DEFINITION_REPRESENTATION(#8823,#8824);
#8826=SHAPE_DEFINITION_REPRESENTATION(#8785,#8777);
ENDSEC;
END-ISO-10303-21;
